type,role,mac,rssi,rate,sig_mode,mcs,bandwidth,smoothing,not_sounding,aggregation,stbc,fec_coding,sgi,noise_floor,ampdu_cnt,channel,secondary_channel,local_timestamp,ant,sig_len,rx_state,real_time_set,real_timestamp,len,CSI_DATA
CSI_DATA,AP,68:FE:71:12:53:8C,-32,11,1,7,1,1,1,0,0,0,0,-96,0,6,1,6821882,0,84,0,0,6.8219,384,[82 -96 4 0 0 0 0 0 0 0 0 0 -16 -6 -19 -5 -16 -10 -16 -6 -14 -11 -16 -5 -16 -6 -13 -6 -12 -11 -13 -12 -13 -12 -12 -10 -18 -7 -18 -10 -14 -13 -13 -14 -17 -13 -16 -13 -12 -13 -15 -12 -11 -8 -11 -9 -9 -12 -15 -10 -11 -12 -11 -7 -1 1 -14 -6 -10 -10 -13 -5 -14 -9 -14 -9 -13 -8 -16 -9 -13 -9 -11 -5 -11 -9 -15 -9 -13 -9 -15 -5 -12 -2 -17 -6 -17 -2 -16 -3 -12 -2 -13 -5 -16 -6 -12 -4 -16 -4 -17 -5 -17 -1 -12 -1 -14 0 -3 -3 0 0 0 0 0 0 0 0 ]
CSI_DATA,AP,68:FE:71:12:53:8C,-35,11,1,6,1,1,1,0,0,0,0,-94,0,6,1,6918189,0,84,0,0,6.9182,384,[84 -64 4 0 0 0 0 0 0 0 0 0 6 21 4 16 7 21 7 19 9 15 5 16 2 15 2 21 6 14 5 20 3 20 4 21 -1 20 1 16 2 18 3 20 1 18 0 14 -2 15 2 14 2 13 2 16 2 12 1 18 -1 18 1 18 1 -1 3 14 -1 13 3 18 3 15 4 17 4 12 0 16 5 17 0 16 3 17 0 17 3 11 1 15 6 14 3 10 4 16 6 15 6 15 6 13 8 10 4 11 4 14 3 11 5 12 8 10 7 10 3 -3 0 0 0 0 0 0 0 0 ]
CSI_DATA,AP,68:FE:71:12:53:8C,-38,11,1,6,1,1,1,0,0,0,0,-94,0,6,1,7004863,0,84,0,0,7.0049,384,[84 -64 4 0 0 0 0 0 0 0 0 0 17 6 15 7 14 8 14 14 11 13 9 12 15 9 12 14 10 10 8 11 9 14 11 10 12 12 12 13 10 10 11 12 7 13 10 9 9 9 12 14 10 10 10 10 12 9 11 14 11 7 7 10 -1 -1 7 9 12 7 10 11 8 13 10 7 9 9 7 13 7 10 12 12 13 11 8 7 10 10 14 11 13 10 14 5 12 9 10 7 9 8 11 6 10 9 11 7 12 4 13 3 10 8 15 4 10 8 1 0 0 0 0 0 0 0 0 0 ]
CSI_DATA,AP,68:FE:71:12:53:8C,-37,11,1,6,1,1,1,0,0,0,0,-94,0,6,1,7129156,0,84,0,0,7.1292,384,[84 -64 4 0 0 0 0 0 0 0 0 0 13 -14 12 -15 15 -18 18 -16 15 -14 14 -15 18 -16 17 -16 18 -10 14 -9 21 -10 19 -11 21 -10 17 -8 15 -10 19 -6 16 -12 15 -9 14 -9 14 -10 15 -12 16 -7 17 -5 13 -6 18 -10 14 -8 2 2 13 -9 15 -12 16 -11 11 -12 11 -8 14 -8 16 -10 11 -8 13 -9 14 -11 15 -14 15 -12 12 -9 12 -12 15 -14 9 -13 14 -13 9 -12 9 -10 13 -14 9 -13 12 -12 11 -13 10 -13 11 -17 10 -14 0 -2 0 0 0 0 0 0 0 0 ]
CSI_DATA,AP,68:FE:71:12:53:8C,-36,11,1,5,1,1,1,0,0,0,0,-95,0,6,1,7226309,0,84,0,0,7.2263,384,[84 -64 4 0 0 0 0 0 0 0 0 0 5 -20 2 -22 4 -17 10 -19 4 -22 5 -20 8 -19 6 -20 5 -19 10 -14 12 -14 6 -18 8 -16 12 -14 10 -16 11 -13 9 -16 11 -17 11 -12 9 -11 11 -11 12 -17 6 -16 5 -16 11 -11 10 -11 -3 1 6 -11 8 -11 10 -18 7 -15 9 -13 7 -17 8 -13 5 -13 3 -17 3 -13 8 -17 6 -11 7 -15 1 -16 6 -16 3 -15 6 -17 4 -12 1 -13 0 -16 0 -13 3 -12 1 -17 6 -17 3 -16 5 -13 -2 0 0 0 0 0 0 0 0 0 ]
CSI_DATA,AP,68:FE:71:12:53:8C,-37,11,1,7,1,1,1,1,0,0,0,-93,4,6,1,7325473,0,84,0,0,7.3255,384,[84 -64 4 0 0 0 0 0 0 0 0 0 29 -8 27 -5 35 -1 30 0 30 -2 28 0 33 -1 30 -1 29 4 32 -2 32 3 29 6 30 1 25 1 27 6 29 1 25 6 25 0 26 -1 24 -1 22 0 23 -1 25 1 27 3 29 -1 27 4 2 -2 26 0 23 2 27 0 27 -5 25 -4 27 1 21 -2 20 -1 24 -4 23 -3 23 -4 19 -5 20 -3 23 -7 21 -8 22 -7 27 -6 21 -5 21 -8 24 -10 21 -6 21 -5 20 -11 24 -7 24 -6 22 -7 0 3 0 0 0 0 0 0 0 0 ]
CSI_DATA,AP,68:FE:71:12:53:8C,-37,11,1,5,1,1,1,1,0,0,0,-95,3,6,1,7445691,0,84,0,0,7.4457,384,[37 80 2 0 0 0 0 0 0 0 0 0 15 -29 16 -24 15 -31 18 -26 17 -26 19 -26 20 -26 19 -23 20 -23 20 -23 21 -24 19 -23 24 -22 17 -20 20 -20 21 -20 23 -20 18 -19 17 -18 19 -20 19 -20 21 -18 19 -16 16 -20 20 -21 19 -21 0 1 16 -22 19 -19 15 -21 14 -18 14 -22 19 -22 13 -22 14 -21 15 -23 13 -22 14 -23 10 -21 9 -23 15 -23 10 -23 9 -21 9 -22 13 -20 9 -20 14 -24 10 -22 7 -24 12 -25 12 -24 5 -23 7 -22 2 2 0 0 0 0 0 0 0 0 ]
CSI_DATA,AP,68:FE:71:12:53:8C,-42,11,1,5,1,1,1,1,0,0,0,-95,3,6,1,7530096,0,84,0,0,7.5301,384,[84 -64 4 0 0 0 0 0 0 0 0 0 0 -20 3 -17 3 -22 0 -23 6 -23 5 -22 4 -19 5 -20 3 -23 5 -17 7 -23 2 -22 5 -19 8 -21 7 -21 6 -19 6 -17 3 -17 2 -18 3 -14 8 -15 7 -20 4 -17 8 -18 3 -18 3 -16 0 0 7 -17 2 -18 3 -15 3 -13 7 -18 3 -15 4 -19 6 -18 1 -16 -1 -14 2 -18 4 -15 3 -13 -2 -18 0 -19 2 -16 0 -13 -1 -18 1 -15 -2 -18 1 -18 0 -16 -5 -19 -3 -16 -4 -16 -2 -18 3 -2 0 0 0 0 0 0 0 0 ]
CSI_DATA,AP,68:FE:71:12:53:8C,-39,11,1,6,1,1,1,1,0,0,0,-95,4,6,1,7635770,0,84,0,0,7.6358,384,[84 -64 4 0 0 0 0 0 0 0 0 0 -13 13 -14 7 -18 8 -18 10 -20 6 -16 5 -21 9 -18 4 -18 9 -16 9 -19 9 -15 4 -19 3 -16 3 -21 5 -17 7 -19 7 -18 6 -18 5 -18 5 -18 1 -13 6 -17 1 -15 3 -15 2 -18 8 -3 -1 -18 1 -15 4 -12 7 -16 2 -14 5 -16 6 -13 3 -15 9 -14 5 -10 7 -16 10 -15 9 -12 8 -14 10 -11 9 -14 10 -10 8 -10 6 -11 9 -10 8 -11 11 -12 8 -13 7 -10 13 -8 11 -14 8 -1 1 0 0 0 0 0 0 0 0 ]
CSI_DATA,AP,68:FE:71:12:53:8C,-35,11,1,7,1,1,1,0,0,0,0,-94,0,6,1,7749267,0,84,0,0,7.7493,384,[84 -64 4 0 0 0 0 0 0 0 0 0 21 3 20 2 19 6 22 6 24 5 19 3 21 10 16 8 17 6 20 8 20 10 19 8 20 10 16 7 18 8 15 11 15 7 14 6 18 6 17 7 18 12 19 12 14 5 13 4 16 9 15 5 -2 0 16 5 13 5 14 4 13 5 12 8 12 5 18 7 12 5 14 7 15 1 14 3 13 7 15 1 13 4 19 0 19 0 17 5 18 2 15 -1 18 3 15 0 14 2 16 0 20 0 16 -2 20 2 -1 1 0 0 0 0 0 0 0 0 ]
CSI_DATA,AP,68:FE:71:12:53:8C,-32,11,1,7,1,1,1,0,0,0,0,-94,0,6,1,7856219,0,84,0,0,7.8562,384,[84 -64 4 0 0 0 0 0 0 0 0 0 -18 -8 -16 -8 -17 -9 -14 -14 -18 -10 -14 -12 -18 -14 -16 -16 -14 -13 -14 -11 -16 -14 -17 -13 -14 -12 -10 -13 -14 -16 -16 -16 -11 -13 -10 -14 -9 -11 -11 -14 -11 -14 -8 -15 -12 -16 -8 -15 -10 -14 -12 -15 3 1 -13 -15 -13 -12 -9 -10 -12 -13 -14 -11 -11 -11 -9 -9 -11 -10 -12 -12 -15 -13 -16 -11 -11 -12 -12 -8 -13 -9 -17 -8 -14 -10 -17 -8 -14 -8 -14 -11 -15 -5 -17 -8 -15 -10 -12 -8 -14 -10 -14 -4 -13 -10 3 1 0 0 0 0 0 0 0 0 ]
CSI_DATA,AP,68:FE:71:12:53:8C,-37,11,1,6,1,1,1,0,0,0,0,-95,0,6,1,7972478,0,84,0,0,7.9725,384,[84 -64 4 0 0 0 0 0 0 0 0 0 0 16 -1 20 -4 21 -5 20 -1 18 -4 19 -3 19 -3 17 -8 19 -5 21 -4 17 -6 18 -5 20 -9 18 -10 16 -6 15 -5 19 -9 16 -6 18 -5 17 -8 14 -10 18 -10 17 -4 15 -8 15 -7 16 -3 0 -6 11 -4 16 -6 17 -6 12 -5 11 -3 15 -5 12 -5 16 -6 13 -4 13 -3 14 -2 14 -1 18 -5 14 -6 18 1 17 -1 13 -3 12 -3 18 -2 13 -5 12 2 18 -3 14 2 15 2 14 -1 18 -3 3 0 0 0 0 0 0 0 0 ]
CSI_DATA,AP,68:FE:71:12:53:8C,-34,11,1,6,1,1,1,1,0,0,0,-94,5,6,1,8085088,0,84,0,0,8.0851,384,[84 -64 4 0 0 0 0 0 0 0 0 0 10 -17 8 -14 10 -16 12 -17 14 -12 9 -16 12 -17 14 -14 10 -11 8 -12 10 -13 13 -14 9 -13 12 -13 11 -15 12 -10 12 -13 8 -11 12 -8 12 -8 11 -14 12 -11 12 -11 13 -9 14 -8 9 -11 -1 3 8 -9 11 -14 13 -10 12 -11 8 -11 8 -12 8 -11 7 -10 5 -15 9 -9 11 -12 4 -14 7 -14 5 -15 6 -9 9 -13 9 -15 7 -14 4 -11 7 -15 6 -13 6 -11 6 -16 4 -18 5 -12 6 -14 0 2 0 0 0 0 0 0 0 0 ]
CSI_DATA,AP,68:FE:71:12:53:8C,-33,11,1,6,1,1,1,0,0,0,0,-95,0,6,1,8173293,0,84,0,0,8.1733,384,[84 -64 4 0 0 0 0 0 0 0 0 0 15 -6 15 -5 20 -2 17 -2 18 -3 20 0 19 2 14 -1 20 -2 17 -1 16 -1 15 4 20 1 17 1 13 2 13 -1 14 3 15 -1 13 1 16 2 14 3 16 -1 15 -1 13 -1 15 1 18 1 -3 -1 18 3 17 1 14 4 11 0 15 -3 15 1 17 0 15 -5 17 -5 10 -2 16 -3 13 -3 11 -5 17 -5 13 -5 16 0 15 0 12 -1 12 -1 16 -3 16 -5 10 -4 15 -5 10 -4 11 -6 15 -7 -1 -3 0 0 0 0 0 0 0 0 ]
CSI_DATA,AP,68:FE:71:12:53:8C,-33,11,1,7,1,1,1,0,0,0,0,-95,0,6,1,8276151,0,84,0,0,8.2762,384,[84 -64 4 0 0 0 0 0 0 0 0 0 14 -10 15 -12 13 -12 13 -9 16 -9 16 -6 16 -5 14 -10 17 -10 18 -4 13 -8 18 -4 16 -10 18 -8 17 -10 16 -7 12 -7 12 -3 18 -3 18 -6 16 -8 14 -7 15 -5 11 -4 13 -5 11 -9 0 3 11 -6 15 -8 11 -6 10 -4 10 -3 12 -6 13 -9 12 -9 14 -4 9 -9 13 -9 10 -11 10 -9 10 -7 12 -10 11 -10 10 -10 10 -6 9 -9 8 -8 10 -7 11 -11 12 -13 11 -14 7 -10 8 -10 0 -2 0 0 0 0 0 0 0 0 ]
CSI_DATA,AP,68:FE:71:12:53:8C,-39,11,0,0,0,0,0,1,0,0,0,-95,1,6,1,8393106,0,37,0,0,8.3931,128,[84 -64 4 0 0 0 0 0 0 0 0 0 15 -4 21 -9 23 -4 19 -3 19 -4 16 -6 19 -5 17 -1 18 -4 16 -3 20 1 22 -3 17 -4 16 1 17 -3 18 -1 20 -3 20 2 16 -2 20 2 16 -3 18 -1 18 1 17 0 15 0 19 2 0 1 15 -2 13 -4 16 -4 18 0 15 -3 15 -5 12 0 13 -1 15 -4 11 -8 13 -2 14 -2 15 -6 11 -7 18 -5 16 -8 18 -9 12 -10 17 -5 14 -9 16 -6 14 -9 12 -7 13 -11 17 -7 12 -8 2 -2 0 0 0 0 0 0 0 0 ]
CSI_DATA,AP,68:FE:71:12:53:8C,-33,11,1,7,1,1,1,0,0,0,0,-94,0,6,1,8483672,0,84,0,0,8.4837,384,[84 -64 4 0 0 0 0 0 0 0 0 0 5 16 8 15 9 13 9 17 4 15 3 19 6 17 1 16 6 18 2 13 7 17 0 20 4 16 1 17 3 14 4 13 5 19 4 16 -1 15 -1 14 0 16 1 13 -1 12 0 13 3 16 1 16 -1 -2 0 13 0 11 3 17 3 12 4 13 1 12 2 12 5 15 7 12 2 15 2 14 7 14 4 15 3 11 5 14 5 9 9 11 9 11 4 12 4 13 8 9 10 9 5 11 5 10 5 11 9 8 -1 -3 0 0 0 0 0 0 0 0 ]
CSI_DATA,AP,68:FE:71:12:53:8C,-36,11,1,6,1,1,1,0,0,0,0,-96,0,6,1,8588089,0,84,0,0,8.5881,384,[84 -64 4 0 0 0 0 0 0 0 0 0 -4 -23 1 -20 0 -18 1 -20 4 -18 4 -18 0 -20 6 -20 5 -23 3 -22 1 -19 5 -20 4 -20 3 -18 7 -16 7 -17 8 -14 3 -15 8 -19 2 -19 6 -15 3 -18 2 -14 5 -20 2 -16 6 -20 -2 3 3 -19 2 -18 4 -17 6 -14 6 -18 4 -19 2 -15 3 -18 3 -13 3 -19 -2 -15 2 -16 -1 -19 0 -16 1 -14 3 -17 -1 -14 2 -15 -3 -15 -2 -17 1 -13 -3 -15 -1 -18 0 -18 -2 -16 -2 -19 -1 0 0 0 0 0 0 0 0 0 ]
CSI_DATA,AP,68:FE:71:12:53:8C,-37,11,1,5,1,1,1,0,0,0,0,-96,0,6,1,8678471,0,84,0,0,8.6785,384,[84 -64 4 0 0 0 0 0 0 0 0 0 19 -1 15 -2 21 2 18 5 21 2 14 2 19 6 18 1 15 5 15 8 16 5 19 2 20 6 19 5 15 5 19 7 14 2 12 6 13 5 13 8 11 5 16 7 15 5 16 4 11 4 12 6 1 -2 11 7 17 4 14 4 11 3 14 1 11 6 15 2 17 -1 13 0 12 0 11 2 14 4 17 3 16 2 14 1 14 -4 11 0 15 -4 10 1 16 1 12 -4 14 -1 13 0 14 -5 16 -1 14 -4 0 -3 0 0 0 0 0 0 0 0 ]
CSI_DATA,AP,68:FE:71:12:53:8C,-30,11,1,7,1,1,1,1,0,0,0,-93,5,6,1,8764638,0,84,0,0,8.7646,384,[84 -64 4 0 0 0 0 0 0 0 0 0 -20 -12 -20 -13 -20 -15 -19 -15 -18 -16 -16 -12 -12 -18 -16 -14 -14 -14 -15 -12 -15 -18 -12 -13 -17 -17 -15 -13 -11 -17 -15 -16 -11 -13 -9 -13 -9 -12 -13 -18 -13 -17 -13 -17 -8 -13 -12 -15 -15 -16 -12 -15 2 1 -13 -13 -13 -13 -11 -11 -16 -11 -8 -15 -14 -11 -13 -13 -14 -15 -10 -15 -14 -8 -14 -10 -14 -11 -13 -12 -13 -7 -13 -12 -15 -13 -12 -11 -13 -8 -17 -8 -15 -8 -16 -7 -15 -12 -18 -11 -14 -6 -17 -7 -12 -10 2 -1 0 0 0 0 0 0 0 0 ]
CSI_DATA,AP,68:FE:71:12:53:8C,-40,11,1,6,1,1,1,0,0,0,0,-93,0,6,1,8876015,0,84,0,0,8.876,384,[84 -64 4 0 0 0 0 0 0 0 0 0 3 -19 8 -21 5 -18 7 -15 7 -22 10 -14 7 -19 6 -20 13 -16 13 -14 11 -18 8 -15 14 -15 12 -13 13 -13 13 -13 14 -16 9 -11 8 -12 10 -12 9 -16 8 -14 13 -11 11 -10 9 -11 11 -12 2 3 10 -10 9 -13 11 -16 7 -15 10 -13 7 -12 5 -11 6 -15 11 -13 7 -17 10 -13 7 -13 5 -18 7 -18 9 -14 3 -17 9 -18 2 -17 2 -12 2 -18 8 -19 5 -19 1 -16 1 -19 5 -12 3 -16 -2 -3 0 0 0 0 0 0 0 0 ]
CSI_DATA,AP,68:FE:71:12:53:8C,-32,11,0,0,0,0,0,0,0,0,0,-95,0,6,1,8969696,0,37,0,0,8.9697,128,[84 -64 4 0 0 0 0 0 0 0 0 0 9 16 9 14 8 13 13 13 7 18 11 14 6 15 10 18 6 13 7 16 5 17 9 15 8 15 9 15 4 19 8 17 5 18 4 15 4 15 5 15 2 17 3 16 3 16 6 14 4 14 4 13 3 -2 6 13 8 10 3 11 9 15 9 10 5 16 4 10 8 13 4 11 7 9 6 9 10 15 7 9 6 11 10 14 11 10 9 10 8 10 12 10 13 11 8 9 9 11 9 9 9 9 11 7 8 10 -2 0 0 0 0 0 0 0 0 0 ]
CSI_DATA,AP,68:FE:71:12:53:8C,-34,11,1,7,1,1,1,0,0,0,0,-96,0,6,1,9071486,0,84,0,0,9.0715,384,[84 -64 4 0 0 0 0 0 0 0 0 0 11 -18 8 -16 11 -21 9 -16 8 -17 9 -15 14 -14 12 -15 14 -14 14 -15 14 -14 11 -18 11 -14 10 -15 15 -16 17 -14 11 -13 15 -14 11 -15 15 -16 12 -14 9 -12 15 -11 10 -10 10 -10 13 -16 2 2 8 -13 10 -14 13 -16 8 -17 10 -11 9 -11 11 -11 10 -14 7 -14 6 -15 6 -15 6 -14 10 -12 4 -14 5 -14 9 -15 10 -17 5 -19 4 -14 4 -16 8 -15 6 -16 8 -17 2 -18 7 -18 4 -14 3 -1 0 0 0 0 0 0 0 0 ]
CSI_DATA,AP,68:FE:71:12:53:8C,-34,11,1,7,1,1,1,0,0,0,0,-95,0,6,1,9160097,0,84,0,0,9.1601,384,[84 -64 4 0 0 0 0 0 0 0 0 0 -20 -9 -16 -6 -19 -9 -23 -14 -17 -14 -20 -11 -16 -9 -18 -9 -17 -10 -19 -12 -14 -17 -18 -10 -17 -15 -19 -16 -18 -16 -15 -15 -16 -13 -17 -12 -14 -10 -14 -9 -17 -11 -15 -10 -16 -14 -17 -14 -12 -9 -15 -9 1 1 -16 -11 -12 -14 -17 -10 -12 -10 -15 -8 -18 -10 -12 -8 -15 -9 -16 -5 -16 -10 -14 -11 -14 -6 -16 -10 -14 -6 -16 -7 -19 -7 -17 -8 -16 -3 -19 -8 -13 -6 -18 -3 -15 -5 -14 -3 -18 -5 -15 -2 -19 -3 2 -1 0 0 0 0 0 0 0 0 ]
CSI_DATA,AP,68:FE:71:12:53:8C,-35,11,1,6,1,1,1,0,0,0,0,-95,0,6,1,9266126,0,84,0,0,9.2661,384,[84 -64 4 0 0 0 0 0 0 0 0 0 2 23 5 20 3 19 -2 25 2 22 1 19 -2 20 -2 19 -1 20 0 17 0 20 -5 23 0 21 -2 20 -1 21 -4 21 -6 17 -3 17 -4 19 -4 16 -4 18 -4 16 -4 13 -5 14 -2 18 -5 20 -3 3 -6 18 -4 16 -3 19 0 15 -3 16 -4 15 -2 14 1 13 2 19 2 19 2 18 1 13 1 15 3 16 1 19 2 14 -1 16 5 13 0 14 3 14 2 15 -1 19 6 15 4 20 4 18 1 14 1 -2 0 0 0 0 0 0 0 0 ]
CSI_DATA,AP,68:FE:71:12:53:8C,-36,11,1,6,1,1,1,0,0,0,0,-95,0,6,1,9347627,0,84,0,0,9.3476,384,[84 -64 4 0 0 0 0 0 0 0 0 0 -6 21 -10 17 -4 23 -6 19 -12 23 -12 21 -8 21 -12 21 -10 22 -12 21 -11 19 -10 20 -9 15 -9 19 -14 15 -12 20 -15 16 -11 15 -11 15 -12 18 -15 15 -10 14 -11 12 -14 13 -10 16 -9 18 2 1 -12 16 -13 19 -10 14 -6 19 -11 15 -6 18 -11 19 -8 12 -10 17 -9 13 -3 14 -5 18 -4 18 -6 14 -3 18 -8 16 -6 17 -6 16 -7 16 -4 14 -8 18 -1 14 -2 19 1 20 -6 20 -2 20 -3 2 0 0 0 0 0 0 0 0 ]
CSI_DATA,AP,68:FE:71:12:53:8C,-35,11,1,5,1,1,1,0,0,0,0,-95,0,6,1,9434068,0,84,0,0,9.4341,384,[84 -64 4 0 0 0 0 0 0 0 0 0 1 18 4 23 5 25 -1 22 3 22 -2 21 0 23 -3 18 -3 23 1 21 -3 20 -6 24 -4 24 -2 22 -4 23 -3 22 -6 23 0 20 -6 18 -3 18 -5 22 -1 18 -5 18 -5 21 -2 17 0 16 -1 1 -1 20 -5 22 1 18 -1 15 0 20 -1 14 0 19 -4 18 2 17 1 15 4 16 -1 19 2 14 1 19 1 19 3 21 0 21 1 19 3 20 3 15 0 14 1 15 5 20 4 16 2 20 2 15 2 3 0 0 0 0 0 0 0 0 ]
CSI_DATA,AP,68:FE:71:12:53:8C,-35,11,1,5,1,1,1,0,0,0,0,-95,0,6,1,9534074,0,84,0,0,9.5341,384,[84 -64 4 0 0 0 0 0 0 0 0 0 19 4 19 9 22 9 18 6 20 8 14 11 21 11 15 7 14 12 18 10 20 15 17 13 19 12 19 8 16 11 20 11 14 13 17 8 16 10 18 10 12 11 14 12 15 12 14 12 13 14 15 11 1 -2 14 11 16 10 14 7 16 8 14 8 13 4 12 4 14 5 16 6 16 7 18 3 18 3 14 3 18 6 16 2 13 6 20 4 18 4 13 6 16 4 17 5 13 1 15 0 18 3 14 1 17 -2 1 2 0 0 0 0 0 0 0 0 ]
CSI_DATA,AP,68:FE:71:12:53:8C,-36,11,1,7,1,1,1,0,0,0,0,-94,0,6,1,9608319,0,84,0,0,9.6083,384,[84 -64 4 0 0 0 0 0 0 0 0 0 14 14 11 18 15 17 15 22 9 16 7 16 8 19 11 19 7 17 7 21 5 18 5 20 10 23 10 20 4 16 9 19 2 18 6 16 6 19 8 15 6 15 6 16 5 14 5 19 3 16 7 19 -3 2 5 16 7 17 6 16 4 16 6 15 6 19 5 15 4 17 7 17 7 16 12 17 11 11 8 14 10 16 5 17 9 17 9 13 7 13 7 14 10 12 6 13 8 16 12 10 14 14 12 10 8 12 -1 3 0 0 0 0 0 0 0 0 ]
CSI_DATA,AP,68:FE:71:12:53:8C,-39,11,1,6,1,1,1,0,0,0,0,-93,0,6,1,9737482,0,84,0,0,9.7375,384,[84 -64 4 0 0 0 0 0 0 0 0 0 18 -13 16 -8 16 -11 19 -10 19 -9 18 -12 20 -10 18 -8 22 -8 19 -6 20 -10 22 -9 21 -5 17 -4 19 -5 23 -6 17 -6 15 -5 21 -3 21 -2 19 -5 18 -3 18 -3 14 -7 18 -3 17 -4 0 3 14 -9 16 -6 20 -7 16 -8 17 -5 15 -6 18 -9 14 -5 14 -7 14 -8 15 -7 13 -5 11 -11 16 -8 11 -6 14 -8 14 -8 12 -12 16 -6 15 -12 16 -8 17 -12 15 -13 10 -12 10 -9 12 -13 -3 -1 0 0 0 0 0 0 0 0 ]
CSI_DATA,AP,68:FE:71:12:53:8C,-37,11,1,6,1,1,1,0,0,0,0,-95,0,6,1,9816665,0,84,0,0,9.8167,384,[84 -64 4 0 0 0 0 0 0 0 0 0 -17 -10 -17 -14 -19 -13 -20 -13 -21 -14 -19 -16 -14 -17 -15 -12 -17 -14 -18 -18 -15 -18 -16 -17 -18 -13 -19 -16 -17 -15 -14 -13 -12 -14 -15 -17 -10 -18 -14 -11 -15 -12 -16 -13 -14 -14 -10 -17 -11 -14 -14 -12 -3 3 -10 -11 -17 -11 -13 -11 -16 -10 -11 -13 -14 -14 -16 -14 -14 -14 -13 -10 -17 -8 -13 -7 -17 -12 -13 -8 -18 -6 -16 -10 -15 -7 -15 -7 -16 -6 -15 -7 -19 -9 -20 -8 -16 -4 -21 -8 -16 -9 -15 -4 -19 -6 -2 1 0 0 0 0 0 0 0 0 ]
CSI_DATA,AP,68:FE:71:12:53:8C,-35,11,1,6,1,1,1,0,0,0,1,-93,0,6,1,9918253,0,84,0,0,9.9183,384,[84 -64 4 0 0 0 0 0 0 0 0 0 17 10 18 13 14 13 18 13 13 11 15 15 18 14 14 10 12 15 14 14 12 13 13 12 11 12 14 12 15 13 12 16 10 16 13 12 8 16 13 11 8 14 14 13 9 15 8 11 10 13 11 9 -2 2 8 10 12 14 15 13 13 13 13 12 10 11 11 14 14 11 10 11 9 6 17 11 11 6 9 11 14 6 16 10 15 8 11 6 12 6 13 9 13 7 13 6 17 9 18 8 17 2 13 4 13 6 1 2 0 0 0 0 0 0 0 0 ]
CSI_DATA,AP,68:FE:71:12:53:8C,-34,11,1,5,1,1,1,1,0,0,0,-96,2,6,1,10022474,0,84,0,0,10.022,384,[84 -64 4 0 0 0 0 0 0 0 0 0 -13 17 -16 17 -16 19 -16 15 -14 18 -14 10 -19 13 -18 8 -15 14 -13 12 -18 12 -14 14 -15 10 -15 15 -13 9 -15 15 -16 11 -12 10 -15 12 -14 10 -15 11 -15 11 -14 12 -18 6 -17 13 -15 11 -3 -3 -13 10 -17 11 -11 8 -12 9 -13 11 -15 8 -14 14 -11 13 -9 12 -10 11 -12 13 -12 10 -10 11 -11 14 -10 11 -11 15 -10 15 -11 13 -13 10 -9 11 -8 12 -8 16 -9 17 -10 18 -10 17 -11 16 3 2 0 0 0 0 0 0 0 0 ]
CSI_DATA,AP,68:FE:71:12:53:8C,-36,11,1,7,1,1,1,0,0,0,0,-94,0,6,1,10118143,0,84,0,0,10.118,384,[84 -64 4 0 0 0 0 0 0 0 0 0 19 4 20 3 23 5 21 10 16 11 20 10 14 13 19 12 19 9 19 7 16 12 14 11 15 11 18 13 14 14 15 14 13 10 15 8 14 13 12 14 11 9 12 9 14 7 14 13 13 11 12 9 1 2 16 11 11 8 16 8 13 7 10 6 15 9 16 7 13 4 15 5 11 8 15 5 11 4 12 9 17 5 14 7 12 9 18 7 14 4 16 4 14 4 17 8 17 8 18 5 18 7 16 3 18 2 -3 1 0 0 0 0 0 0 0 0 ]
CSI_DATA,AP,68:FE:71:12:53:8C,-35,11,1,6,1,1,1,0,0,0,0,-95,0,6,1,10201488,0,84,0,0,10.201,384,[84 -64 4 0 0 0 0 0 0 0 0 0 5 17 2 18 1 22 2 25 1 18 -2 23 4 18 1 18 -1 19 3 19 -2 22 0 24 -2 18 -3 20 -2 19 -2 18 1 18 -4 20 1 16 1 17 -3 20 -2 17 -5 17 1 17 -4 17 0 20 -2 -3 0 19 -2 21 1 18 0 18 -2 19 1 17 4 15 0 19 1 15 4 12 1 18 1 19 4 16 4 19 2 14 5 15 4 15 4 17 9 18 8 13 3 17 8 18 6 18 5 12 5 15 4 15 1 3 0 0 0 0 0 0 0 0 ]
CSI_DATA,AP,68:FE:71:12:53:8C,-37,11,1,6,1,1,1,0,0,0,0,-94,0,6,1,10295217,0,84,0,0,10.295,384,[84 -64 4 0 0 0 0 0 0 0 0 0 -21 7 -19 5 -20 0 -25 3 -22 4 -19 2 -21 2 -18 -2 -18 1 -20 -3 -24 -1 -22 -2 -22 0 -23 -3 -17 -2 -24 1 -22 -2 -20 0 -22 -6 -18 0 -20 -2 -19 -4 -18 1 -16 -1 -21 -5 -21 -4 -1 0 -17 -5 -18 2 -18 -1 -17 2 -16 1 -15 -4 -19 1 -14 -4 -19 -1 -16 1 -17 0 -14 2 -14 1 -14 5 -16 5 -21 2 -15 4 -15 5 -14 2 -20 2 -20 1 -14 0 -17 1 -15 6 -17 5 -15 6 -3 1 0 0 0 0 0 0 0 0 ]
CSI_DATA,AP,68:FE:71:12:53:8C,-30,11,1,7,1,1,1,0,0,0,0,-93,0,6,1,10405335,0,84,0,0,10.405,384,[84 -64 4 0 0 0 0 0 0 0 0 0 19 7 20 9 20 9 19 11 16 8 14 10 13 12 17 14 19 11 16 14 18 17 12 12 15 12 15 13 10 16 13 13 15 13 10 13 9 11 16 9 10 12 12 11 9 14 12 16 12 16 9 15 -2 1 9 13 15 9 12 8 14 11 12 12 16 10 12 9 11 11 16 10 11 7 11 12 15 7 10 8 12 4 11 5 13 5 16 9 15 3 18 5 12 7 15 4 15 5 17 4 14 5 16 8 13 7 3 -2 0 0 0 0 0 0 0 0 ]
CSI_DATA,AP,68:FE:71:12:53:8C,-36,11,1,5,1,1,1,0,0,0,0,-94,0,6,1,10483065,0,84,0,0,10.483,384,[84 -64 4 0 0 0 0 0 0 0 0 0 -10 20 -13 19 -14 15 -14 18 -14 13 -16 15 -12 14 -12 16 -12 13 -14 11 -14 16 -14 15 -14 16 -14 13 -18 15 -17 12 -16 11 -12 10 -16 12 -13 14 -14 14 -14 8 -17 12 -14 13 -12 14 -15 9 2 -3 -10 13 -11 14 -12 15 -9 15 -10 13 -11 10 -10 12 -9 12 -9 14 -13 12 -13 10 -8 14 -13 13 -10 15 -12 15 -13 16 -10 12 -12 17 -12 16 -4 14 -7 14 -11 13 -11 18 -7 15 -7 13 -11 18 0 -2 0 0 0 0 0 0 0 0 ]
CSI_DATA,AP,68:FE:71:12:53:8C,-39,11,0,0,0,0,0,0,0,0,0,-96,0,6,1,10593393,0,37,0,0,10.593,128,[84 -64 4 0 0 0 0 0 0 0 0 0 -12 -22 -8 -21 -12 -22 -10 -18 -11 -17 -5 -19 -6 -23 -7 -20 -6 -17 -8 -20 -4 -18 -3 -18 -3 -19 -7 -20 -5 -21 -6 -23 -1 -16 0 -16 0 -16 -5 -22 -6 -15 -1 -22 -1 -19 -1 -20 -4 -17 -4 -17 -2 -3 -3 -14 -7 -15 -4 -19 -7 -14 -7 -20 -2 -15 -6 -20 -2 -13 -8 -18 -5 -14 -8 -15 -5 -15 -9 -16 -5 -18 -8 -14 -5 -19 -8 -13 -10 -19 -11 -18 -8 -17 -9 -17 -9 -18 -6 -13 -11 -18 -5 -14 -12 -13 2 0 0 0 0 0 0 0 0 0 ]
CSI_DATA,AP,68:FE:71:12:53:8C,-39,11,0,0,0,0,0,0,0,0,0,-93,0,6,1,10696158,0,37,0,0,10.696,128,[84 -64 4 0 0 0 0 0 0 0 0 0 9 -18 5 -20 6 -18 12 -18 12 -21 9 -18 12 -19 11 -16 9 -15 9 -14 11 -16 14 -20 15 -19 9 -16 9 -12 11 -19 12 -13 9 -17 13 -11 14 -15 12 -12 9 -16 11 -10 9 -15 11 -14 13 -15 3 -3 13 -13 12 -14 7 -14 6 -14 7 -11 9 -17 12 -18 11 -16 7 -13 6 -14 4 -17 4 -18 6 -16 5 -17 4 -18 5 -18 7 -18 8 -18 3 -14 3 -14 8 -17 6 -18 2 -16 2 -18 2 -15 3 -14 0 2 0 0 0 0 0 0 0 0 ]
CSI_DATA,AP,68:FE:71:12:53:8C,-34,11,1,6,1,1,1,1,0,0,0,-96,3,6,1,10765803,0,84,0,0,10.766,384,[84 -64 4 0 0 0 0 0 0 0 0 0 -3 -24 -2 -25 -2 -23 -1 -26 -1 -22 4 -19 5 -19 5 -24 0 -21 1 -20 6 -20 5 -23 1 -24 0 -18 1 -23 1 -24 7 -17 3 -15 3 -16 5 -19 4 -21 3 -18 7 -17 7 -20 2 -20 6 -22 1 -2 6 -22 2 -18 1 -17 0 -14 5 -21 1 -17 4 -19 3 -16 0 -17 2 -17 0 -16 -3 -19 0 -18 -1 -15 2 -16 -4 -16 -4 -17 -1 -16 1 -18 -1 -15 -1 -21 -4 -16 -3 -20 -2 -21 -4 -16 -3 -19 2 2 0 0 0 0 0 0 0 0 ]
CSI_DATA,AP,68:FE:71:12:53:8C,-36,11,1,7,1,1,1,0,0,0,0,-95,0,6,1,10875804,0,84,0,0,10.876,384,[84 -64 4 0 0 0 0 0 0 0 0 0 -17 10 -19 16 -17 11 -19 13 -15 14 -14 9 -19 9 -16 6 -17 11 -19 12 -22 11 -22 8 -17 11 -22 11 -21 8 -22 6 -15 8 -17 3 -15 8 -18 6 -14 3 -20 4 -14 7 -18 6 -21 9 -21 4 -2 3 -13 7 -16 8 -16 9 -13 5 -19 4 -19 9 -15 8 -13 11 -15 7 -14 12 -15 13 -12 8 -16 11 -16 7 -13 13 -11 12 -16 13 -14 9 -11 12 -14 11 -12 13 -10 8 -11 8 -15 14 -12 12 -11 8 0 -2 0 0 0 0 0 0 0 0 ]
CSI_DATA,AP,68:FE:71:12:53:8C,-36,11,1,6,1,1,1,0,0,0,0,-96,0,6,1,11020721,0,84,0,0,11.021,384,[84 -64 4 0 0 0 0 0 0 0 0 0 22 7 15 11 21 9 18 8 18 12 15 13 17 13 19 11 19 9 12 10 17 9 19 14 18 11 14 14 12 15 16 11 11 10 9 12 16 14 11 12 11 10 12 12 10 14 11 8 15 14 15 8 -3 -3 10 13 10 8 16 8 14 11 13 11 12 9 13 12 10 8 13 6 16 8 17 7 17 8 15 10 17 8 15 7 15 3 16 3 13 4 13 6 12 7 18 7 16 2 12 5 14 4 16 4 18 5 2 -1 0 0 0 0 0 0 0 0 ]
CSI_DATA,AP,68:FE:71:12:53:8C,-35,11,1,5,1,1,1,0,0,0,0,-94,0,6,1,11114055,0,84,0,0,11.114,384,[84 -64 4 0 0 0 0 0 0 0 0 0 -19 8 -15 9 -22 8 -22 5 -20 7 -21 0 -17 1 -17 0 -19 0 -21 0 -19 -1 -22 1 -19 -1 -16 3 -18 2 -22 -2 -20 -3 -19 3 -19 -3 -20 3 -19 -2 -19 2 -17 -4 -15 4 -19 1 -18 4 2 1 -14 2 -19 0 -13 4 -16 1 -16 0 -19 2 -13 0 -13 1 -19 0 -15 2 -14 8 -12 4 -18 7 -13 7 -17 5 -14 8 -15 2 -11 9 -17 7 -16 5 -14 3 -17 6 -13 7 -15 7 -13 5 -12 11 2 3 0 0 0 0 0 0 0 0 ]
CSI_DATA,AP,68:FE:71:12:53:8C,-40,11,1,5,1,1,1,0,0,0,0,-94,0,6,1,11224332,0,84,0,0,11.224,384,[84 -64 4 0 0 0 0 0 0 0 0 0 17 -17 14 -11 14 -15 17 -12 16 -14 14 -11 14 -10 18 -6 14 -10 16 -12 16 -10 15 -9 16 -12 13 -6 16 -8 15 -12 14 -5 18 -7 16 -8 15 -9 16 -3 17 -8 12 -3 15 -6 13 -11 18 -8 2 3 16 -4 16 -6 14 -7 10 -8 12 -10 14 -8 15 -7 10 -6 15 -9 10 -8 13 -13 12 -11 8 -8 13 -12 10 -11 8 -8 12 -8 11 -9 12 -10 13 -12 10 -11 8 -14 9 -9 7 -16 11 -10 12 -9 -3 1 0 0 0 0 0 0 0 0 ]
CSI_DATA,AP,68:FE:71:12:53:8C,-32,11,1,6,1,1,1,0,0,0,0,-95,0,6,1,11326589,0,84,0,0,11.327,384,[84 -64 4 0 0 0 0 0 0 0 0 0 -20 5 -18 7 -19 2 -20 4 -21 6 -15 4 -16 0 -15 1 -16 3 -18 -1 -19 1 -20 3 -17 0 -15 -3 -20 -1 -21 -3 -19 2 -17 1 -16 1 -19 1 -16 -4 -18 -4 -15 1 -17 -3 -19 -1 -15 -2 0 0 -14 0 -17 4 -15 1 -15 -1 -15 0 -18 3 -15 4 -18 4 -14 4 -16 0 -12 2 -13 1 -16 3 -12 2 -12 6 -15 7 -15 3 -12 3 -11 5 -12 7 -13 5 -16 9 -15 9 -17 7 -13 9 -16 8 0 2 0 0 0 0 0 0 0 0 ]
CSI_DATA,AP,68:FE:71:12:53:8C,-39,11,1,4,1,1,1,1,0,0,0,-95,6,6,1,11448592,0,84,0,0,11.449,384,[84 -64 4 0 0 0 0 0 0 0 0 0 0 14 -4 18 -2 14 -3 19 -1 13 -5 12 -5 16 -2 15 -3 15 -5 14 -7 12 -4 12 -3 12 -5 17 -6 15 -4 11 -2 15 -5 10 -7 14 -5 10 -3 10 -8 10 -5 9 -7 13 -3 12 -4 14 -2 1 -1 10 -6 16 0 15 -5 10 0 12 -1 14 -2 13 0 11 0 11 0 15 -1 15 -2 14 3 16 0 14 -1 14 2 14 -2 14 4 11 0 14 0 12 3 11 -2 13 1 12 3 17 2 14 5 12 2 0 0 0 0 0 0 0 0 0 ]
CSI_DATA,AP,68:FE:71:12:53:8C,-37,11,1,6,1,1,1,0,0,0,0,-94,0,6,1,11541120,0,84,0,0,11.541,384,[84 -64 4 0 0 0 0 0 0 0 0 0 -20 1 -21 5 -25 4 -24 3 -22 -2 -24 -2 -24 -1 -19 1 -17 -4 -22 -3 -18 -3 -23 2 -20 -3 -16 -3 -16 -2 -19 -2 -15 0 -18 -1 -15 -5 -15 -2 -19 -6 -14 -5 -17 -4 -19 -4 -16 1 -17 -4 1 -3 -16 -1 -19 -3 -12 2 -15 -3 -17 0 -16 2 -13 -2 -17 -1 -14 4 -18 4 -13 1 -17 2 -16 -1 -12 2 -11 4 -18 2 -17 5 -14 3 -13 1 -16 4 -16 5 -18 4 -16 3 -15 5 -11 4 -13 -1 -1 3 0 0 0 0 0 0 0 0 ]
CSI_DATA,AP,68:FE:71:12:53:8C,-36,11,1,6,1,1,1,0,0,0,0,-94,0,6,1,11669990,0,84,0,0,11.67,384,[84 -64 4 0 0 0 0 0 0 0 0 0 2 -13 -2 -12 2 -11 3 -12 1 -10 -2 -12 1 -9 3 -7 -2 -8 4 -9 5 -13 5 -8 5 -14 -1 -13 5 -12 1 -11 -1 -13 3 -6 1 -7 1 -9 -2 -12 3 -8 5 -8 -1 -8 -2 -6 0 -8 1 0 1 -8 1 -12 -1 -9 -1 -10 -3 -9 0 -9 2 -8 1 -7 3 -9 -1 -5 -2 -6 -4 -8 2 -8 -3 -9 1 -9 -3 -10 -2 -8 1 -7 0 -5 0 -8 -5 -10 -3 -8 1 -7 -1 -6 1 -8 -1 -8 3 3 0 0 0 0 0 0 0 0 ]
CSI_DATA,AP,68:FE:71:12:53:8C,-32,11,1,6,1,1,1,0,0,0,0,-94,0,6,1,11747501,0,84,0,0,11.748,384,[84 -64 4 0 0 0 0 0 0 0 0 0 -13 -4 -13 -6 -17 -5 -14 -4 -15 -4 -15 -6 -15 -6 -14 -9 -15 -6 -11 -4 -10 -9 -15 -8 -14 -6 -12 -6 -12 -9 -16 -6 -10 -5 -11 -7 -10 -6 -13 -10 -11 -9 -10 -4 -9 -9 -10 -10 -13 -7 -13 -9 3 -2 -11 -4 -14 -9 -10 -3 -9 -7 -9 -2 -14 -4 -7 -9 -11 -7 -9 -8 -10 -4 -10 -6 -7 -3 -10 -5 -9 -4 -15 -1 -14 -1 -13 -1 -9 1 -9 1 -8 -3 -10 -2 -11 -2 -15 0 -11 1 -12 -4 -14 -3 3 -1 0 0 0 0 0 0 0 0 ]
CSI_DATA,AP,68:FE:71:12:53:8C,-36,11,1,6,1,1,1,0,0,0,0,-94,0,6,1,11842093,0,84,0,0,11.842,384,[84 -64 4 0 0 0 0 0 0 0 0 0 -5 -15 -6 -12 -5 -18 -3 -18 0 -17 2 -17 1 -13 -2 -17 0 -19 3 -19 -3 -14 1 -14 0 -17 3 -18 3 -18 1 -16 1 -12 4 -16 1 -13 2 -17 3 -15 2 -13 2 -11 -1 -14 -2 -16 0 -14 0 1 -2 -14 0 -18 1 -14 0 -14 1 -15 -3 -12 2 -15 2 -12 1 -17 -2 -12 -4 -11 -1 -13 -2 -15 -4 -17 0 -11 -2 -14 0 -14 -5 -14 -3 -17 -7 -11 -3 -17 -6 -13 -7 -16 -8 -12 -3 -17 -3 -17 3 -2 0 0 0 0 0 0 0 0 ]
CSI_DATA,AP,68:FE:71:12:53:8C,-38,11,1,5,1,1,1,1,0,0,1,-94,3,6,1,11926261,0,84,0,0,11.926,384,[84 -64 4 0 0 0 0 0 0 0 0 0 -17 2 -19 3 -22 3 -26 7 -23 2 -18 3 -24 5 -18 2 -24 2 -23 3 -19 1 -20 -1 -24 1 -20 -1 -22 -1 -24 -1 -20 -1 -22 -1 -22 -2 -21 -4 -21 1 -18 1 -19 -3 -18 -1 -20 2 -20 1 -3 -3 -14 -1 -19 2 -18 2 -19 -2 -14 1 -19 0 -17 1 -17 0 -18 2 -16 0 -15 5 -17 2 -16 3 -17 4 -17 7 -17 7 -15 6 -14 5 -19 2 -11 8 -14 5 -17 3 -13 3 -18 9 -15 5 -16 5 -1 0 0 0 0 0 0 0 0 0 ]
CSI_DATA,AP,68:FE:71:12:53:8C,-33,11,1,7,1,1,1,0,0,0,0,-94,0,6,1,11995414,0,84,0,0,11.995,384,[84 -64 4 0 0 0 0 0 0 0 0 0 8 17 5 16 10 22 5 23 6 17 4 17 2 23 0 19 0 19 1 18 2 23 5 21 5 22 0 17 4 19 -1 23 1 18 3 15 -2 16 -1 21 0 17 3 19 -3 19 0 15 -2 17 2 20 2 0 4 17 0 17 4 16 1 18 3 14 5 15 1 14 6 11 1 13 2 17 9 16 3 17 6 15 2 13 3 13 4 16 5 18 6 13 7 16 5 11 4 15 5 16 7 16 11 10 6 16 10 15 -3 2 0 0 0 0 0 0 0 0 ]
CSI_DATA,AP,68:FE:71:12:53:8C,-34,11,1,7,1,1,1,0,0,0,1,-96,0,6,1,12089103,0,84,0,0,12.089,384,[84 -64 4 0 0 0 0 0 0 0 0 0 5 -13 0 -15 4 -10 1 -14 4 -8 5 -10 4 -9 3 -8 5 -6 6 -5 5 -8 2 -6 7 -6 3 -7 3 -5 7 -10 7 -5 4 -9 7 -8 3 -5 4 -10 2 -8 5 -7 4 -6 4 -6 0 -6 -1 -3 4 -8 1 -4 5 -8 1 -6 4 -10 -1 -7 1 -5 -1 -4 -1 -7 -1 -4 -2 -4 1 -6 -1 -7 0 -7 1 -6 1 -6 3 -9 1 -4 -4 -9 -2 -10 0 -4 -3 -5 -4 -8 0 -5 -2 -11 -5 -4 -1 -3 0 0 0 0 0 0 0 0 ]
CSI_DATA,AP,68:FE:71:12:53:8C,-34,11,1,6,1,1,1,0,0,0,0,-96,0,6,1,12196954,0,84,0,0,12.197,384,[84 -64 4 0 0 0 0 0 0 0 0 0 7 20 8 20 11 21 9 18 3 18 8 15 5 19 1 16 3 15 5 16 6 17 3 14 0 15 0 14 5 13 5 18 5 13 1 16 1 12 1 9 0 14 0 11 3 11 -1 9 1 9 6 12 2 1 6 7 2 8 7 8 5 9 5 9 7 10 8 11 8 5 6 8 4 7 6 4 4 8 5 7 8 7 6 5 11 6 8 1 5 5 5 4 11 0 11 6 9 2 7 4 9 -1 9 1 13 1 3 -3 0 0 0 0 0 0 0 0 ]
CSI_DATA,AP,68:FE:71:12:53:8C,-35,11,1,5,1,1,1,0,0,0,0,-94,0,6,1,12282171,0,84,0,0,12.282,384,[84 -64 4 0 0 0 0 0 0 0 0 0 -36 15 -38 13 -33 12 -37 8 -37 5 -34 3 -33 3 -35 0 -31 6 -31 0 -33 1 -33 -1 -28 1 -29 0 -30 0 -27 3 -27 -2 -25 1 -22 4 -22 3 -21 3 -20 3 -18 0 -17 6 -23 5 -18 4 3 1 -16 5 -16 3 -13 5 -18 10 -16 5 -18 4 -16 3 -14 7 -16 7 -11 6 -15 12 -10 11 -11 11 -11 7 -7 7 -10 10 -9 13 -11 9 -11 10 -5 12 -12 14 -6 10 -7 13 -7 14 -8 11 -2 12 3 0 0 0 0 0 0 0 0 0 ]
CSI_DATA,AP,68:FE:71:12:53:8C,-31,11,1,6,1,1,1,0,0,0,0,-95,0,6,1,12379875,0,84,0,0,12.38,384,[84 -64 4 0 0 0 0 0 0 0 0 0 -1 -12 0 -11 -3 -15 1 -10 1 -13 1 -14 -3 -9 1 -10 1 -10 3 -9 -2 -15 2 -13 -2 -12 -2 -13 0 -7 2 -9 0 -14 -3 -9 3 -8 1 -13 2 -9 -3 -11 0 -10 -1 -8 -1 -8 3 -11 3 1 -3 -11 -1 -10 -1 -9 1 -6 -4 -7 -3 -10 -1 -8 1 -11 -2 -12 -2 -8 -1 -9 -4 -7 -2 -6 -6 -5 -1 -6 -6 -6 -6 -6 -1 -8 -3 -6 -3 -7 -2 -11 -3 -7 0 -7 -5 -7 0 -7 -1 -10 -2 -2 0 0 0 0 0 0 0 0 ]
CSI_DATA,AP,68:FE:71:12:53:8C,-41,11,1,4,1,1,1,1,0,0,0,-94,1,6,1,12462551,0,84,0,0,12.463,384,[84 -64 4 0 0 0 0 0 0 0 0 0 -15 -1 -17 -3 -22 -1 -21 0 -17 -4 -17 -6 -21 -4 -19 -1 -20 -4 -15 -4 -14 -2 -15 -5 -20 -2 -16 -6 -13 -2 -20 -5 -18 -5 -12 -7 -16 -4 -17 -6 -14 -2 -16 0 -11 -5 -19 -4 -18 -6 -14 0 3 2 -18 -5 -13 0 -14 -4 -13 -2 -17 -4 -18 0 -19 0 -17 0 -15 -2 -18 -1 -19 1 -15 0 -14 -4 -20 1 -14 2 -20 -3 -21 1 -17 -1 -17 -4 -18 -3 -19 1 -19 2 -16 1 -22 4 -15 3 -18 0 1 -3 0 0 0 0 0 0 0 0 ]
CSI_DATA,AP,68:FE:71:12:53:8C,-35,11,1,6,1,1,1,0,0,0,0,-95,0,6,1,12573130,0,84,0,0,12.573,384,[84 -64 4 0 0 0 0 0 0 0 0 0 17 0 22 -3 22 0 23 -1 19 2 22 0 17 5 20 1 22 4 20 4 20 5 22 2 19 4 19 4 18 6 21 6 22 3 17 6 17 8 21 7 19 8 20 8 16 4 23 5 23 5 20 7 3 3 16 3 23 6 20 3 21 0 17 2 18 0 23 5 16 4 23 1 20 -3 21 -4 21 1 22 2 23 -3 21 3 20 -3 18 0 21 -2 18 -1 20 -5 20 1 24 -4 22 -2 22 -5 22 -1 22 -3 2 0 0 0 0 0 0 0 0 0 ]
CSI_DATA,AP,68:FE:71:12:53:8C,-36,11,1,6,1,1,1,0,0,0,0,-93,0,6,1,12650766,0,84,0,0,12.651,384,[84 -64 4 0 0 0 0 0 0 0 0 0 -13 -8 -16 -12 -14 -10 -14 -9 -10 -8 -15 -13 -12 -9 -13 -9 -10 -11 -14 -12 -15 -11 -14 -13 -13 -14 -9 -10 -8 -13 -9 -12 -14 -11 -7 -12 -6 -11 -10 -11 -12 -16 -11 -16 -10 -14 -8 -10 -13 -14 -8 -10 -1 3 -11 -13 -13 -10 -8 -14 -8 -10 -11 -10 -10 -12 -14 -10 -8 -11 -10 -13 -9 -9 -11 -10 -9 -9 -12 -5 -13 -8 -12 -8 -14 -7 -9 -11 -11 -5 -14 -7 -14 -4 -16 -8 -16 -4 -13 -9 -12 -5 -13 -3 -11 -4 0 3 0 0 0 0 0 0 0 0 ]
CSI_DATA,AP,68:FE:71:12:53:8C,-36,11,1,6,1,1,1,0,0,0,0,-95,0,6,1,12736743,0,84,0,0,12.737,384,[84 -64 4 0 0 0 0 0 0 0 0 0 11 -12 14 -11 9 -13 13 -18 16 -13 13 -9 15 -14 13 -11 17 -10 15 -12 15 -12 15 -12 20 -9 18 -8 16 -11 15 -12 18 -11 15 -6 16 -9 15 -7 15 -5 20 -6 19 -7 15 -5 16 -11 15 -10 1 -2 16 -6 19 -7 20 -10 19 -11 16 -6 19 -11 18 -10 14 -14 18 -12 16 -15 12 -12 12 -8 11 -10 16 -10 16 -11 13 -14 16 -13 14 -17 12 -17 14 -13 17 -12 15 -13 12 -15 10 -17 14 -12 13 -11 -2 -2 0 0 0 0 0 0 0 0 ]
CSI_DATA,AP,68:FE:71:12:53:8C,-39,11,1,4,1,1,1,0,0,0,1,-96,0,6,1,12850535,0,84,0,0,12.851,384,[84 -64 4 0 0 0 0 0 0 0 0 0 13 13 7 10 11 13 12 15 12 15 12 13 6 13 9 13 12 11 6 17 9 19 9 14 6 16 4 18 11 18 10 19 7 19 9 14 5 16 10 19 9 14 5 18 7 13 3 14 9 19 8 18 3 0 8 17 10 20 5 21 8 18 6 17 10 14 9 19 10 16 8 18 6 12 6 15 8 13 11 15 11 17 10 17 12 17 10 15 14 12 8 13 12 13 11 15 10 12 13 14 9 11 13 11 14 12 2 -1 0 0 0 0 0 0 0 0 ]
CSI_DATA,AP,68:FE:71:12:53:8C,-41,11,1,5,1,1,1,0,0,0,0,-96,0,6,1,12944728,0,84,0,0,12.945,384,[84 -64 4 0 0 0 0 0 0 0 0 0 2 24 3 17 2 23 -1 22 1 20 -3 17 -3 23 -1 19 -3 19 -4 18 -1 20 -3 19 -1 18 -6 20 -6 18 -3 21 -7 21 -1 19 -3 15 -3 15 -8 20 -1 17 -3 13 -3 15 -1 18 0 15 3 -3 0 19 0 16 -5 16 1 19 -3 14 -2 13 -4 18 0 14 1 18 -3 15 -1 14 0 14 3 18 2 15 -1 14 0 15 4 13 4 16 1 13 4 14 2 14 5 13 3 16 3 12 5 17 1 12 1 -2 0 0 0 0 0 0 0 0 ]
CSI_DATA,AP,68:FE:71:12:53:8C,-37,11,0,0,0,0,0,0,0,0,0,-94,0,6,1,13035931,0,37,0,0,13.036,128,[84 -64 4 0 0 0 0 0 0 0 0 0 17 9 19 3 22 11 19 6 16 5 19 6 19 10 20 11 16 10 18 11 15 11 14 12 16 12 19 13 17 14 15 14 16 13 15 8 14 13 12 9 12 11 16 13 12 12 11 7 13 9 14 8 0 3 14 11 13 9 12 9 12 4 11 10 10 5 16 5 15 10 11 5 12 3 12 4 11 3 13 6 12 7 14 5 16 7 16 2 17 4 16 4 12 0 12 3 15 3 17 5 19 0 12 5 13 4 3 -3 0 0 0 0 0 0 0 0 ]
CSI_DATA,AP,68:FE:71:12:53:8C,-32,11,1,6,1,1,1,0,0,0,0,-95,0,6,1,13120121,0,84,0,0,13.12,384,[84 -64 4 0 0 0 0 0 0 0 0 0 11 17 9 14 13 15 8 15 8 15 10 19 10 16 5 15 4 16 5 18 8 18 2 17 5 20 6 20 5 17 8 17 6 17 6 17 5 19 5 15 1 17 5 16 6 17 2 18 2 16 1 14 3 0 3 12 8 16 6 14 4 15 5 15 3 13 3 16 8 13 5 17 6 10 3 13 5 9 4 15 8 13 10 9 9 12 9 11 8 12 6 13 11 8 8 13 7 8 12 8 13 14 11 9 12 11 2 3 0 0 0 0 0 0 0 0 ]
CSI_DATA,AP,68:FE:71:12:53:8C,-32,11,0,0,0,0,0,0,0,0,0,-95,0,6,1,13229053,0,37,0,0,13.229,128,[84 -64 4 0 0 0 0 0 0 0 0 0 -12 -12 -11 -17 -11 -12 -15 -17 -13 -16 -11 -15 -10 -19 -7 -17 -7 -19 -8 -18 -12 -17 -5 -16 -10 -19 -10 -15 -8 -17 -10 -15 -6 -13 -11 -18 -6 -13 -7 -11 -10 -13 -8 -17 -8 -12 -4 -11 -5 -16 -8 -13 1 3 -9 -12 -6 -10 -5 -15 -9 -11 -12 -13 -11 -11 -6 -9 -7 -11 -10 -14 -10 -10 -8 -10 -10 -11 -11 -10 -13 -12 -10 -7 -8 -10 -14 -9 -9 -10 -9 -11 -12 -11 -13 -13 -9 -12 -9 -11 -11 -10 -9 -8 -10 -7 1 -2 0 0 0 0 0 0 0 0 ]
CSI_DATA,AP,68:FE:71:12:53:8C,-34,11,1,7,1,1,1,0,0,0,0,-95,0,6,1,13338232,0,84,0,0,13.338,384,[84 -64 4 0 0 0 0 0 0 0 0 0 -14 18 -13 11 -17 11 -14 16 -18 11 -13 13 -18 14 -17 13 -19 12 -17 13 -14 8 -15 13 -12 12 -15 9 -13 7 -15 7 -13 10 -12 10 -12 5 -17 8 -12 9 -17 6 -13 8 -12 9 -12 10 -12 9 3 3 -14 5 -11 11 -11 7 -12 8 -14 11 -10 10 -16 6 -10 10 -13 6 -14 11 -11 9 -9 8 -14 11 -12 12 -14 8 -14 12 -8 10 -12 10 -13 11 -9 10 -9 10 -11 11 -11 9 -8 15 -9 12 -7 10 -2 0 0 0 0 0 0 0 0 0 ]
CSI_DATA,AP,68:FE:71:12:53:8C,-37,11,1,6,1,1,1,0,0,0,1,-94,0,6,1,13432111,0,84,0,0,13.432,384,[84 -64 4 0 0 0 0 0 0 0 0 0 -17 7 -18 4 -20 7 -20 7 -18 6 -16 5 -20 0 -22 4 -22 3 -21 4 -16 3 -19 2 -19 4 -21 3 -16 1 -16 -2 -21 -2 -15 3 -15 -3 -15 -1 -17 -1 -18 2 -13 -3 -19 3 -14 0 -18 -1 -2 -3 -13 -1 -14 4 -12 3 -15 0 -14 0 -14 -1 -13 -1 -14 3 -12 5 -14 0 -13 4 -16 6 -17 2 -13 4 -15 3 -18 2 -13 3 -11 7 -13 6 -14 7 -14 8 -16 2 -16 4 -13 7 -18 5 -12 4 3 -3 0 0 0 0 0 0 0 0 ]
CSI_DATA,AP,68:FE:71:12:53:8C,-32,11,1,7,1,1,1,1,0,0,0,-94,1,6,1,13521284,0,84,0,0,13.521,384,[84 -64 4 0 0 0 0 0 0 0 0 0 -10 -18 -15 -12 -12 -18 -11 -18 -14 -21 -9 -19 -9 -16 -8 -17 -9 -15 -11 -17 -11 -16 -8 -20 -10 -17 -8 -18 -6 -19 -5 -16 -6 -15 -5 -16 -8 -19 -10 -18 -4 -15 -5 -17 -7 -15 -7 -14 -9 -14 -11 -15 2 1 -9 -16 -12 -13 -11 -18 -5 -14 -5 -15 -12 -13 -6 -17 -11 -12 -12 -13 -10 -15 -12 -15 -8 -15 -13 -10 -10 -9 -12 -9 -12 -10 -11 -13 -12 -13 -11 -8 -15 -12 -14 -14 -9 -13 -12 -8 -13 -11 -9 -10 -16 -12 -1 2 0 0 0 0 0 0 0 0 ]
CSI_DATA,AP,68:FE:71:12:53:8C,-35,11,1,7,1,1,1,1,0,0,0,-95,1,6,1,13619124,0,84,0,0,13.619,384,[84 -64 4 0 0 0 0 0 0 0 0 0 14 9 14 10 19 11 15 8 17 14 14 13 14 10 18 12 17 15 11 9 16 9 15 15 11 13 11 9 12 15 12 16 16 10 8 15 10 14 10 10 10 15 9 15 11 14 9 15 14 13 8 9 -3 -2 14 14 13 12 8 8 13 10 13 11 10 8 12 13 10 7 11 8 9 8 16 5 16 7 12 11 13 7 15 8 15 7 11 10 11 3 16 7 16 7 12 7 16 4 11 3 16 6 12 6 17 7 3 1 0 0 0 0 0 0 0 0 ]
CSI_DATA,AP,68:FE:71:12:53:8C,-39,11,1,4,1,1,1,0,0,0,0,-94,0,6,1,13702882,0,84,0,0,13.703,384,[84 -64 4 0 0 0 0 0 0 0 0 0 2 16 -5 18 -3 21 -2 21 -3 14 -6 19 -7 14 -3 18 -6 20 -8 14 -6 14 -3 19 -7 19 -4 13 -6 19 -10 16 -7 17 -6 16 -7 15 -8 17 -9 12 -5 13 -9 13 -4 12 -8 14 -9 11 -1 -1 -7 13 -7 11 -7 14 -2 12 -5 10 -6 17 -7 15 -4 11 -4 11 -5 10 -5 11 -4 14 -5 12 -4 12 -1 15 1 12 -5 12 0 11 0 13 -3 13 -3 16 0 13 1 14 -2 17 -3 16 2 17 -1 -1 0 0 0 0 0 0 0 0 ]
CSI_DATA,AP,68:FE:71:12:53:8C,-39,11,1,5,1,1,1,1,0,0,0,-95,4,6,1,13804451,0,84,0,0,13.804,384,[84 -64 4 0 0 0 0 0 0 0 0 0 7 18 1 17 0 18 4 23 -1 16 0 22 1 18 -1 17 1 21 0 18 0 17 -1 19 0 18 -4 19 -4 17 2 17 -4 21 -1 17 -2 16 1 15 3 18 -1 20 -4 17 -3 17 -1 14 1 18 2 1 0 15 3 19 -1 18 -2 15 2 12 2 15 3 19 1 18 5 15 4 12 1 14 6 13 2 13 7 16 3 17 6 12 6 13 2 13 4 14 8 16 4 15 5 16 4 16 7 13 9 14 4 15 -1 -2 0 0 0 0 0 0 0 0 ]
CSI_DATA,AP,68:FE:71:12:53:8C,-39,11,1,4,1,1,1,0,0,0,0,-96,0,6,1,13903801,0,84,0,0,13.904,384,[84 -64 4 0 0 0 0 0 0 0 0 0 -13 -17 -17 -12 -13 -18 -11 -16 -11 -17 -12 -18 -12 -19 -13 -21 -8 -21 -13 -20 -9 -21 -13 -19 -7 -18 -8 -15 -9 -15 -9 -15 -9 -17 -8 -14 -5 -17 -11 -16 -4 -17 -7 -17 -9 -14 -7 -18 -7 -14 -7 -14 -1 -3 -10 -18 -6 -15 -10 -19 -10 -18 -8 -18 -11 -12 -6 -16 -8 -18 -7 -15 -13 -16 -8 -10 -8 -14 -8 -14 -11 -14 -11 -12 -13 -15 -15 -12 -14 -14 -10 -11 -15 -8 -12 -11 -12 -13 -10 -15 -12 -9 -11 -12 -14 -9 0 2 0 0 0 0 0 0 0 0 ]
CSI_DATA,AP,68:FE:71:12:53:8C,-36,11,1,6,1,1,1,0,0,0,0,-95,0,6,1,14022456,0,84,0,0,14.022,384,[84 -64 4 0 0 0 0 0 0 0 0 0 -3 -18 0 -18 -5 -18 1 -22 -4 -18 -1 -21 3 -18 -2 -21 0 -21 -2 -17 0 -18 1 -18 4 -19 1 -17 1 -17 1 -15 3 -20 2 -16 2 -14 3 -15 1 -14 5 -19 3 -18 1 -16 -2 -14 2 -17 1 -3 -1 -17 1 -18 -1 -13 -3 -15 0 -17 1 -12 3 -16 3 -16 -2 -17 -1 -13 0 -14 -4 -16 -3 -13 1 -19 1 -14 -3 -15 -1 -17 -6 -15 -5 -12 -1 -14 0 -13 -6 -16 -3 -12 -7 -15 -4 -11 -4 -11 -2 -3 0 0 0 0 0 0 0 0 ]
CSI_DATA,AP,68:FE:71:12:53:8C,-35,11,1,5,1,1,1,0,0,0,0,-94,0,6,1,14108395,0,84,0,0,14.108,384,[84 -64 4 0 0 0 0 0 0 0 0 0 -2 16 2 20 -3 21 -5 16 -7 18 -5 20 -2 19 -6 21 -2 20 -9 20 -7 20 -7 21 -9 15 -7 18 -3 16 -7 20 -8 14 -6 15 -4 19 -5 19 -10 13 -6 17 -9 12 -3 15 -9 13 -6 15 -2 2 -6 17 -4 13 -3 17 -6 14 -6 14 -3 12 -6 12 -4 16 1 16 1 17 -4 15 1 12 -4 13 2 15 1 15 -3 15 2 18 -3 17 1 14 1 17 -1 16 3 16 1 15 0 15 1 12 3 15 3 -1 0 0 0 0 0 0 0 0 ]
CSI_DATA,AP,68:FE:71:12:53:8C,-33,11,1,7,1,1,1,0,0,0,0,-93,0,6,1,14211495,0,84,0,0,14.211,384,[84 -64 4 0 0 0 0 0 0 0 0 0 17 -2 19 -2 20 0 17 1 18 0 18 2 17 -3 17 -1 19 1 21 1 20 2 16 3 19 4 19 -1 19 2 21 1 20 1 15 0 17 4 15 5 19 3 15 -1 14 2 17 3 15 3 15 5 0 2 19 -1 14 0 16 0 19 3 15 1 15 1 17 1 16 2 16 1 14 -4 15 1 15 0 14 -2 15 -3 18 -4 18 0 14 -5 16 -5 16 -3 15 -2 18 -1 17 -4 16 -5 14 -2 15 -4 15 -4 -2 3 0 0 0 0 0 0 0 0 ]
CSI_DATA,AP,68:FE:71:12:53:8C,-39,11,0,0,0,0,0,0,0,0,0,-93,0,6,1,14311944,0,37,0,0,14.312,128,[84 -64 4 0 0 0 0 0 0 0 0 0 10 -19 11 -14 10 -12 12 -17 11 -13 15 -12 17 -15 12 -15 13 -10 17 -11 18 -13 17 -10 18 -13 15 -8 13 -11 15 -12 13 -7 18 -9 18 -10 15 -12 13 -7 13 -8 11 -7 12 -12 15 -11 17 -7 2 -2 14 -7 11 -10 11 -13 11 -13 14 -7 9 -8 12 -14 9 -11 14 -10 10 -14 8 -9 9 -13 8 -10 7 -15 10 -15 12 -15 11 -14 8 -11 11 -13 7 -14 10 -15 8 -16 10 -15 9 -16 11 -16 5 -12 1 -3 0 0 0 0 0 0 0 0 ]
CSI_DATA,AP,68:FE:71:12:53:8C,-36,11,1,5,1,1,1,0,0,0,0,-94,0,6,1,14408704,0,84,0,0,14.409,384,[84 -64 4 0 0 0 0 0 0 0 0 0 -35 -14 -41 -18 -36 -18 -41 -22 -37 -24 -33 -21 -35 -21 -38 -20 -36 -26 -32 -27 -29 -26 -33 -27 -32 -28 -34 -28 -31 -25 -30 -27 -31 -30 -24 -23 -27 -28 -32 -25 -26 -26 -25 -26 -25 -23 -29 -23 -29 -25 -28 -27 -1 -1 -29 -27 -26 -22 -29 -21 -30 -18 -24 -25 -26 -24 -26 -19 -27 -22 -28 -23 -29 -15 -30 -16 -27 -21 -27 -19 -34 -15 -29 -16 -31 -19 -32 -18 -30 -12 -35 -15 -34 -11 -32 -17 -31 -12 -35 -16 -33 -9 -34 -14 -35 -9 -2 -1 0 0 0 0 0 0 0 0 ]
CSI_DATA,AP,68:FE:71:12:53:8C,-39,11,1,5,1,1,1,0,0,0,0,-93,0,6,1,14514189,0,84,0,0,14.514,384,[84 -64 4 0 0 0 0 0 0 0 0 0 -15 8 -16 5 -18 10 -18 9 -16 9 -19 7 -21 9 -20 5 -21 7 -20 2 -21 2 -19 1 -21 7 -18 6 -19 1 -20 3 -18 6 -18 3 -16 2 -19 5 -21 1 -16 0 -18 2 -18 4 -17 0 -18 2 -3 -3 -17 5 -15 4 -13 1 -16 3 -16 1 -14 3 -16 2 -13 7 -17 2 -14 5 -12 10 -11 5 -17 9 -17 5 -17 8 -14 9 -13 7 -15 11 -15 10 -15 7 -15 6 -13 11 -12 7 -15 13 -15 11 -12 10 0 0 0 0 0 0 0 0 0 0 ]
CSI_DATA,AP,68:FE:71:12:53:8C,-38,11,1,6,1,1,1,0,0,0,0,-93,0,6,1,14619459,0,84,0,0,14.619,384,[84 -64 4 0 0 0 0 0 0 0 0 0 13 10 13 12 10 14 9 12 12 17 9 16 12 17 9 17 10 17 11 15 7 15 5 13 10 18 9 16 6 16 5 12 9 12 6 12 9 14 7 12 7 12 5 13 9 12 8 13 4 13 9 14 -1 1 4 11 5 10 4 14 8 15 9 9 6 15 10 10 5 12 5 13 8 10 7 12 6 11 6 12 5 9 6 11 10 9 9 12 8 8 6 11 11 11 9 12 10 9 13 9 12 8 6 8 8 8 3 2 0 0 0 0 0 0 0 0 ]
CSI_DATA,AP,68:FE:71:12:53:8C,-32,11,1,7,1,1,1,0,0,0,0,-94,0,6,1,14714334,0,84,0,0,14.714,384,[84 -64 4 0 0 0 0 0 0 0 0 0 8 -14 8 -16 15 -16 15 -13 12 -13 16 -13 16 -16 13 -11 18 -14 13 -11 17 -15 18 -15 12 -15 16 -15 12 -10 14 -14 17 -8 16 -12 10 -14 17 -9 13 -12 12 -10 13 -11 10 -8 11 -9 10 -11 0 -3 13 -7 11 -8 11 -12 12 -11 8 -11 12 -8 9 -9 10 -9 13 -12 7 -14 10 -13 8 -15 11 -10 11 -9 6 -14 7 -12 8 -15 11 -11 10 -11 10 -11 11 -11 6 -12 8 -12 5 -13 7 -13 7 -12 1 0 0 0 0 0 0 0 0 0 ]
CSI_DATA,AP,68:FE:71:12:53:8C,-36,11,1,6,1,1,1,0,0,0,0,-94,0,6,1,14783236,0,84,0,0,14.783,384,[84 -64 4 0 0 0 0 0 0 0 0 0 0 -22 3 -23 7 -19 5 -23 6 -20 4 -17 9 -16 3 -15 10 -18 9 -15 5 -20 11 -17 7 -18 9 -19 9 -19 11 -14 8 -15 10 -14 7 -18 9 -13 4 -13 6 -16 10 -17 9 -18 6 -19 8 -13 0 1 9 -13 6 -18 7 -18 8 -17 6 -14 6 -12 1 -12 2 -12 7 -18 4 -15 5 -17 4 -16 0 -16 4 -14 3 -16 4 -16 4 -17 2 -18 -1 -13 0 -17 -1 -19 3 -14 -1 -17 -2 -18 1 -18 -1 -17 2 0 0 0 0 0 0 0 0 0 ]
CSI_DATA,AP,68:FE:71:12:53:8C,-34,11,1,5,1,1,1,0,0,0,0,-94,0,6,1,14885416,0,84,0,0,14.885,384,[84 -64 4 0 0 0 0 0 0 0 0 0 2 -22 -1 -21 1 -20 3 -20 5 -19 5 -17 6 -18 4 -18 6 -17 5 -20 9 -18 4 -20 8 -22 7 -18 6 -15 8 -17 3 -16 4 -15 4 -21 5 -14 8 -17 6 -20 4 -19 5 -15 9 -14 6 -19 1 -1 4 -18 2 -18 7 -17 4 -18 7 -16 4 -17 5 -19 0 -19 4 -12 6 -17 4 -16 -1 -13 -1 -18 0 -13 1 -13 0 -17 0 -15 1 -18 -2 -15 3 -17 -1 -15 3 -15 -3 -18 2 -15 -1 -18 -2 -18 2 3 0 0 0 0 0 0 0 0 ]
CSI_DATA,AP,68:FE:71:12:53:8C,-36,11,1,7,1,1,1,1,0,0,0,-94,2,6,1,14990161,0,84,0,0,14.99,384,[84 -64 4 0 0 0 0 0 0 0 0 0 24 36 22 37 21 36 16 35 15 40 15 32 14 34 11 37 15 37 9 40 8 42 9 39 10 42 9 35 7 38 9 39 10 34 7 39 4 37 10 34 6 36 3 34 3 32 3 36 3 33 8 36 -1 0 8 34 11 36 12 30 9 34 11 34 9 32 10 30 12 31 12 30 12 33 11 27 8 30 16 29 12 29 13 31 16 30 17 33 16 30 18 24 17 27 17 30 18 27 19 32 17 26 19 28 21 27 -1 3 0 0 0 0 0 0 0 0 ]
CSI_DATA,AP,68:FE:71:12:53:8C,-35,11,1,6,1,1,1,0,0,0,0,-95,0,6,1,15068337,0,84,0,0,15.068,384,[84 -64 4 0 0 0 0 0 0 0 0 0 -35 -24 -33 -21 -30 -21 -30 -23 -28 -22 -29 -30 -28 -25 -28 -29 -25 -26 -25 -27 -24 -32 -26 -28 -23 -30 -21 -29 -25 -30 -26 -28 -22 -30 -22 -24 -24 -29 -22 -25 -17 -27 -21 -23 -21 -24 -18 -28 -23 -25 -21 -24 -1 1 -22 -26 -18 -23 -23 -26 -21 -21 -23 -26 -19 -24 -25 -25 -19 -23 -20 -20 -27 -20 -26 -20 -22 -19 -25 -22 -23 -15 -25 -17 -24 -21 -29 -17 -27 -19 -30 -17 -25 -11 -26 -12 -26 -18 -29 -15 -30 -12 -31 -12 -28 -16 0 2 0 0 0 0 0 0 0 0 ]
CSI_DATA,AP,68:FE:71:12:53:8C,-34,11,1,6,1,1,1,0,0,0,0,-94,0,6,1,15166487,0,84,0,0,15.166,384,[84 -64 4 0 0 0 0 0 0 0 0 0 11 -17 11 -15 17 -14 16 -17 13 -14 14 -11 19 -14 15 -12 18 -10 20 -12 16 -9 19 -8 19 -14 19 -9 15 -12 20 -10 14 -11 14 -10 16 -10 14 -5 14 -10 17 -8 16 -10 16 -7 15 -10 13 -12 1 0 16 -9 13 -10 15 -8 12 -10 13 -10 16 -8 17 -13 13 -7 11 -11 10 -8 15 -12 13 -8 14 -14 11 -14 11 -9 14 -13 15 -11 11 -13 15 -15 13 -14 9 -13 9 -14 10 -15 10 -17 8 -10 12 -10 2 3 0 0 0 0 0 0 0 0 ]
CSI_DATA,AP,68:FE:71:12:53:8C,-37,11,1,6,1,1,1,0,0,0,0,-96,0,6,1,15267177,0,84,0,0,15.267,384,[84 -64 4 0 0 0 0 0 0 0 0 0 -22 10 -22 7 -18 9 -22 6 -21 6 -18 1 -17 5 -21 5 -21 4 -22 1 -20 -1 -21 5 -18 -1 -19 3 -21 1 -19 -2 -16 2 -15 3 -19 -2 -18 -2 -19 2 -19 2 -14 -3 -20 1 -15 1 -21 -1 0 1 -18 2 -21 -1 -21 -1 -20 4 -13 5 -15 2 -20 2 -18 6 -19 5 -12 5 -19 3 -14 2 -18 2 -13 4 -13 3 -18 7 -18 8 -17 7 -15 9 -18 5 -14 6 -14 8 -13 4 -13 11 -12 10 -15 5 1 -1 0 0 0 0 0 0 0 0 ]
CSI_DATA,AP,68:FE:71:12:53:8C,-42,11,1,6,1,1,1,0,0,0,0,-96,0,6,1,15357356,0,84,0,0,15.357,384,[84 -64 4 0 0 0 0 0 0 0 0 0 -3 -20 -2 -18 -3 -24 2 -19 3 -23 0 -22 -1 -21 6 -17 0 -19 1 -22 4 -23 5 -24 8 -20 7 -18 2 -19 3 -21 2 -19 7 -20 5 -16 1 -18 4 -20 4 -17 5 -14 5 -21 3 -18 6 -18 3 1 3 -18 2 -17 4 -17 5 -19 2 -19 2 -20 3 -20 4 -20 3 -19 3 -15 -1 -15 -1 -14 1 -21 2 -18 2 -21 -1 -20 -3 -20 -2 -16 1 -17 -4 -13 1 -17 2 -14 -1 -17 -4 -17 0 -14 -6 -20 2 -2 0 0 0 0 0 0 0 0 ]
CSI_DATA,AP,68:FE:71:12:53:8C,-39,11,0,0,0,0,0,0,0,0,0,-94,0,6,1,15440281,0,37,0,0,15.44,128,[84 -64 4 0 0 0 0 0 0 0 0 0 17 13 15 17 17 19 18 21 11 14 14 21 10 19 13 16 10 20 7 17 14 21 8 19 6 19 12 17 6 16 6 18 8 20 9 15 8 17 5 16 11 19 8 18 6 15 6 14 8 16 6 15 -1 0 5 16 11 16 9 13 8 12 9 14 6 18 9 13 9 11 13 14 13 13 10 11 13 11 14 9 15 11 11 15 13 11 11 15 15 11 9 10 15 7 15 9 11 10 16 13 11 8 14 10 15 11 2 -2 0 0 0 0 0 0 0 0 ]
CSI_DATA,AP,68:FE:71:12:53:8C,-37,11,1,6,1,1,1,0,0,0,0,-93,0,6,1,15529927,0,84,0,0,15.53,384,[84 -64 4 0 0 0 0 0 0 0 0 0 14 10 13 9 16 12 20 15 14 15 16 17 19 16 17 14 15 11 16 17 10 18 12 19 10 19 14 17 13 18 11 17 14 16 15 16 15 16 10 14 9 18 11 12 9 14 11 13 11 16 8 17 3 0 10 15 11 10 14 15 12 9 14 12 15 14 15 14 11 13 12 11 14 13 12 12 15 9 14 8 12 10 11 7 16 8 13 12 15 10 13 8 15 4 15 5 18 7 14 4 14 4 17 10 14 4 0 1 0 0 0 0 0 0 0 0 ]
CSI_DATA,AP,68:FE:71:12:53:8C,-33,11,1,6,1,1,1,0,0,0,0,-93,0,6,1,15641865,0,84,0,0,15.642,384,[84 -64 4 0 0 0 0 0 0 0 0 0 8 -23 10 -18 8 -20 11 -19 7 -22 11 -18 14 -18 11 -18 12 -21 12 -16 12 -20 13 -20 11 -19 14 -17 13 -18 11 -18 9 -18 13 -15 9 -11 10 -17 10 -13 14 -13 10 -11 13 -15 13 -12 14 -18 0 1 12 -12 13 -16 7 -15 7 -13 9 -13 8 -17 10 -15 5 -16 6 -15 7 -14 6 -13 10 -17 5 -16 10 -19 5 -17 7 -14 7 -15 7 -13 5 -15 6 -16 8 -19 4 -14 6 -15 6 -20 4 -13 2 -14 -2 0 0 0 0 0 0 0 0 0 ]
CSI_DATA,AP,68:FE:71:12:53:8C,-32,11,0,0,0,0,0,0,0,0,0,-94,0,6,1,15743546,0,37,0,0,15.744,128,[84 -64 4 0 0 0 0 0 0 0 0 0 -5 19 -2 20 -3 23 -6 25 -3 23 -5 21 -6 22 -8 22 -7 22 -7 15 -9 19 -11 16 -11 22 -10 17 -9 16 -10 19 -6 19 -6 16 -7 15 -11 14 -6 17 -6 16 -8 13 -6 17 -11 20 -8 14 3 0 -5 15 -5 18 -5 19 -3 14 -2 12 -5 16 -3 18 -7 16 -2 17 0 16 -4 18 -3 13 -2 13 1 18 -4 18 -3 20 1 17 2 16 3 14 -1 14 -2 15 1 16 1 20 -2 20 -3 15 3 16 1 2 0 0 0 0 0 0 0 0 ]
CSI_DATA,AP,68:FE:71:12:53:8C,-38,11,1,7,1,1,1,0,0,0,0,-96,0,6,1,15832651,0,84,0,0,15.833,384,[84 -64 4 0 0 0 0 0 0 0 0 0 15 -10 18 -10 18 -13 22 -9 18 -8 16 -10 17 -6 22 -7 23 -7 22 -9 20 -9 22 -11 21 -7 19 -3 17 -6 21 -6 22 -3 18 -7 17 -8 17 -4 21 -7 18 -2 18 -6 14 -3 15 -9 16 -3 1 -3 18 -8 19 -3 15 -7 15 -6 16 -3 13 -5 18 -4 13 -10 16 -8 12 -8 16 -11 14 -11 16 -6 12 -9 17 -9 13 -9 15 -12 11 -10 14 -10 13 -12 10 -12 10 -10 12 -11 16 -15 12 -10 14 -15 0 3 0 0 0 0 0 0 0 0 ]
CSI_DATA,AP,68:FE:71:12:53:8C,-32,11,1,6,1,1,1,1,0,0,0,-95,4,6,1,15928744,0,84,0,0,15.929,384,[84 -64 4 0 0 0 0 0 0 0 0 0 14 -19 11 -14 17 -17 16 -15 16 -15 16 -16 17 -17 18 -14 19 -16 13 -10 14 -14 19 -15 16 -11 14 -10 19 -14 21 -10 19 -10 18 -14 14 -12 18 -11 19 -8 14 -12 14 -11 18 -11 16 -10 18 -8 0 1 16 -8 12 -9 11 -14 11 -14 13 -12 12 -11 11 -8 11 -14 8 -10 11 -12 12 -14 13 -11 10 -14 7 -14 12 -13 11 -17 12 -12 13 -14 12 -12 11 -16 12 -13 11 -15 9 -18 9 -15 9 -16 7 -12 0 -3 0 0 0 0 0 0 0 0 ]
CSI_DATA,AP,68:FE:71:12:53:8C,-35,11,1,7,1,1,1,0,0,0,0,-96,0,6,1,16045820,0,84,0,0,16.046,384,[84 -64 4 0 0 0 0 0 0 0 0 0 19 -4 20 -4 19 -6 23 -4 20 -7 19 -4 19 0 17 -4 21 -3 22 0 19 2 19 -3 18 1 16 3 15 -2 20 1 19 -1 16 -1 18 2 15 -1 16 0 15 -1 18 0 16 2 17 -1 16 4 -1 3 15 -2 15 1 19 0 16 -4 13 2 20 -1 16 -2 17 0 19 -2 19 -4 14 -3 17 -1 16 0 17 -1 19 -2 17 -2 14 -6 12 -5 13 -7 16 -6 16 -5 13 -4 18 -8 18 -6 15 -5 16 -9 -2 2 0 0 0 0 0 0 0 0 ]
CSI_DATA,AP,68:FE:71:12:53:8C,-33,11,1,7,1,1,1,1,0,0,0,-95,6,6,1,16143363,0,84,0,0,16.143,384,[84 -64 4 0 0 0 0 0 0 0 0 0 -22 -4 -22 -7 -22 -3 -19 -7 -18 -8 -19 -7 -19 -8 -17 -11 -15 -11 -20 -10 -18 -10 -18 -12 -20 -13 -17 -15 -16 -8 -14 -8 -16 -10 -16 -9 -16 -9 -18 -11 -13 -7 -12 -10 -13 -12 -15 -14 -16 -12 -17 -11 -2 3 -16 -10 -15 -7 -15 -11 -18 -10 -13 -9 -17 -5 -18 -9 -19 -9 -12 -9 -14 -9 -17 -10 -13 -9 -17 -8 -16 -3 -17 -4 -16 -7 -14 -7 -14 -1 -15 -5 -19 -3 -18 -1 -14 -1 -15 0 -20 -1 -18 -7 -17 0 2 0 0 0 0 0 0 0 0 0 ]
CSI_DATA,AP,68:FE:71:12:53:8C,-36,11,0,0,0,0,0,1,0,0,0,-94,2,6,1,16233565,0,37,0,0,16.234,128,[84 -64 4 0 0 0 0 0 0 0 0 0 6 19 10 18 11 20 8 19 9 20 9 20 7 17 4 15 5 18 4 22 0 20 4 22 3 18 3 21 3 20 5 20 4 20 2 19 -1 15 2 16 0 15 2 17 -1 18 3 18 -2 19 0 18 1 0 5 16 6 17 0 20 7 18 4 17 3 16 2 13 4 15 6 15 2 16 5 13 6 16 6 16 6 11 5 12 9 15 4 17 5 12 7 11 4 15 5 17 6 13 11 12 8 11 6 15 8 15 0 0 0 0 0 0 0 0 0 0 ]
CSI_DATA,AP,68:FE:71:12:53:8C,-37,11,1,5,1,1,1,0,0,0,0,-94,0,6,1,16352493,0,84,0,0,16.352,384,[84 -64 4 0 0 0 0 0 0 0 0 0 13 -12 13 -11 15 -14 21 -13 17 -13 13 -10 17 -9 16 -7 16 -12 16 -11 20 -11 21 -6 18 -6 15 -10 17 -7 22 -7 20 -6 14 -10 18 -7 19 -4 18 -6 19 -5 16 -9 17 -7 16 -6 16 -7 3 1 14 -5 18 -11 17 -9 18 -8 11 -6 15 -11 14 -11 11 -8 10 -6 11 -12 16 -9 11 -13 9 -11 9 -13 9 -12 12 -12 15 -10 7 -13 12 -10 7 -15 15 -11 9 -14 10 -16 9 -15 8 -10 9 -14 -3 -1 0 0 0 0 0 0 0 0 ]
CSI_DATA,AP,68:FE:71:12:53:8C,-35,11,1,7,1,1,1,0,0,0,0,-94,0,6,1,16448692,0,84,0,0,16.449,384,[84 -64 4 0 0 0 0 0 0 0 0 0 -16 -18 -11 -19 -16 -14 -15 -16 -12 -20 -13 -18 -8 -16 -7 -17 -10 -22 -8 -19 -8 -18 -7 -21 -7 -18 -10 -22 -8 -16 -7 -18 -9 -22 -8 -20 -6 -17 -10 -16 -10 -19 -6 -16 -6 -15 -6 -14 -5 -16 -6 -14 -3 0 -5 -18 -10 -14 -10 -14 -7 -18 -5 -14 -6 -12 -12 -14 -8 -12 -8 -17 -11 -12 -9 -15 -8 -16 -9 -17 -11 -16 -11 -12 -12 -12 -13 -17 -15 -13 -14 -9 -12 -8 -9 -14 -10 -11 -12 -13 -11 -12 -12 -11 -13 -10 1 0 0 0 0 0 0 0 0 0 ]
CSI_DATA,AP,68:FE:71:12:53:8C,-38,11,1,6,1,1,1,0,0,0,0,-96,0,6,1,16552321,0,84,0,0,16.552,384,[84 -64 4 0 0 0 0 0 0 0 0 0 10 19 5 17 9 21 10 19 8 19 8 18 6 20 5 20 3 21 7 22 2 21 1 18 3 22 0 23 -1 16 3 23 1 16 5 21 3 21 4 20 1 17 4 20 1 19 3 18 4 19 1 20 -1 0 -1 20 2 19 7 19 7 13 2 18 6 13 3 18 1 13 8 16 8 18 5 17 5 14 4 11 4 15 5 17 7 12 11 16 11 15 10 16 9 10 8 17 6 12 12 12 12 16 6 12 11 12 0 -3 0 0 0 0 0 0 0 0 ]
CSI_DATA,AP,68:FE:71:12:53:8C,-39,11,1,4,1,1,1,1,0,0,1,-96,6,6,1,16635106,0,84,0,0,16.635,384,[84 -64 4 0 0 0 0 0 0 0 0 0 -13 13 -16 18 -15 15 -15 17 -18 15 -14 10 -18 11 -19 11 -17 11 -15 10 -18 13 -18 8 -17 7 -17 11 -19 8 -19 11 -18 10 -18 11 -15 11 -17 11 -14 9 -19 7 -17 10 -17 10 -17 10 -14 8 -2 0 -18 11 -15 9 -12 10 -16 9 -12 13 -15 7 -12 12 -10 11 -12 7 -15 12 -12 12 -12 7 -12 11 -12 11 -12 14 -12 15 -14 11 -13 16 -14 10 -10 16 -9 14 -10 14 -12 15 -9 11 -9 13 -7 11 -1 3 0 0 0 0 0 0 0 0 ]
CSI_DATA,AP,68:FE:71:12:53:8C,-35,11,1,6,1,1,1,0,0,0,0,-95,0,6,1,16707575,0,84,0,0,16.708,384,[84 -64 4 0 0 0 0 0 0 0 0 0 5 -16 11 -22 8 -21 9 -19 11 -22 12 -20 11 -19 9 -18 11 -13 8 -16 12 -17 13 -17 13 -13 13 -18 10 -18 11 -14 11 -15 13 -12 9 -11 11 -15 12 -16 12 -12 8 -16 13 -14 10 -18 8 -17 0 3 8 -17 13 -16 9 -12 7 -11 8 -10 11 -17 7 -13 6 -15 5 -12 9 -16 6 -17 6 -17 6 -16 4 -13 8 -15 7 -16 3 -19 4 -18 6 -19 7 -14 7 -13 5 -14 3 -18 2 -15 7 -18 7 -16 0 -2 0 0 0 0 0 0 0 0 ]
CSI_DATA,AP,68:FE:71:12:53:8C,-35,11,1,6,1,1,1,0,0,0,0,-95,0,6,1,16818837,0,84,0,0,16.819,384,[84 -64 4 0 0 0 0 0 0 0 0 0 20 -10 15 -13 21 -10 21 -11 19 -10 15 -9 21 -8 17 -9 20 -4 20 -3 18 -7 18 -8 18 -3 22 -5 21 -1 18 -3 20 -1 17 -5 14 -2 16 -6 19 -4 18 -4 16 -6 16 -6 19 0 19 -6 3 -3 18 -5 14 -8 13 -8 17 -9 13 -6 18 -2 12 -2 11 -6 17 -6 16 -10 13 -5 12 -7 15 -8 14 -10 14 -7 17 -6 12 -8 13 -6 14 -8 15 -7 14 -8 15 -9 17 -8 10 -13 14 -6 14 -12 -1 2 0 0 0 0 0 0 0 0 ]
CSI_DATA,AP,68:FE:71:12:53:8C,-38,11,1,5,1,1,1,0,0,0,0,-95,0,6,1,16903645,0,84,0,0,16.904,384,[84 -64 4 0 0 0 0 0 0 0 0 0 16 7 21 7 21 4 24 7 16 12 15 9 19 10 18 8 14 8 14 8 16 13 17 9 15 12 17 9 15 14 17 14 16 9 13 9 12 10 15 14 11 9 11 8 10 7 11 14 18 14 13 8 0 -2 15 10 18 7 18 13 17 7 12 6 14 12 14 6 16 11 11 9 14 3 18 2 16 8 17 6 17 5 15 8 14 4 14 5 13 4 15 3 14 2 19 1 13 4 19 0 16 0 17 4 19 4 -1 3 0 0 0 0 0 0 0 0 ]
CSI_DATA,AP,68:FE:71:12:53:8C,-36,11,1,5,1,1,1,0,0,0,0,-95,0,6,1,17012718,0,84,0,0,17.013,384,[84 -64 4 0 0 0 0 0 0 0 0 0 -12 18 -9 16 -13 16 -15 19 -13 17 -14 19 -16 18 -13 14 -13 17 -9 12 -12 16 -12 20 -16 18 -12 17 -15 15 -12 15 -17 18 -10 14 -15 17 -13 12 -14 13 -12 11 -9 14 -14 15 -13 14 -14 11 1 -1 -13 14 -9 16 -14 13 -9 12 -10 17 -12 11 -9 11 -8 11 -9 12 -8 15 -6 14 -9 13 -5 18 -6 14 -6 12 -11 15 -5 18 -9 16 -6 13 -8 19 -7 15 -7 16 -9 14 -5 20 -5 17 -7 18 -3 1 0 0 0 0 0 0 0 0 ]
CSI_DATA,AP,68:FE:71:12:53:8C,-35,11,1,6,1,1,1,0,0,0,0,-93,0,6,1,17088316,0,84,0,0,17.088,384,[84 -64 4 0 0 0 0 0 0 0 0 0 -13 -15 -12 -15 -15 -15 -11 -15 -10 -16 -13 -20 -12 -18 -6 -19 -7 -15 -6 -19 -10 -21 -10 -21 -11 -23 -6 -20 -6 -15 -9 -22 -8 -18 -4 -19 -8 -18 -3 -20 -7 -16 -8 -20 -4 -19 -5 -19 -9 -21 -8 -15 3 -1 -5 -14 -5 -17 -8 -16 -7 -14 -10 -15 -4 -19 -10 -17 -11 -12 -5 -14 -8 -11 -9 -18 -9 -12 -8 -16 -8 -11 -7 -13 -11 -11 -9 -13 -9 -11 -7 -13 -13 -10 -9 -13 -9 -16 -12 -14 -11 -13 -12 -13 -11 -12 -2 -1 0 0 0 0 0 0 0 0 ]
CSI_DATA,AP,68:FE:71:12:53:8C,-36,11,1,7,1,1,1,0,0,0,0,-94,0,6,1,17184816,0,84,0,0,17.185,384,[84 -64 4 0 0 0 0 0 0 0 0 0 -23 4 -20 0 -26 0 -27 -2 -25 2 -20 2 -23 1 -21 -4 -22 -1 -22 -2 -25 -4 -25 -6 -20 -2 -24 -2 -17 -4 -19 -4 -22 -5 -18 -5 -20 -5 -19 -6 -18 -2 -16 -3 -18 -1 -17 -1 -20 -4 -21 -1 -3 0 -17 -4 -18 -3 -22 0 -18 1 -17 -3 -18 -4 -20 -2 -15 0 -15 3 -18 -1 -16 1 -14 1 -21 2 -18 -2 -17 -1 -20 4 -16 -2 -19 4 -17 1 -18 4 -18 0 -20 2 -17 0 -17 3 -15 1 -19 5 1 1 0 0 0 0 0 0 0 0 ]
CSI_DATA,AP,68:FE:71:12:53:8C,-35,11,1,5,1,1,1,0,0,0,0,-94,0,6,1,17280490,0,84,0,0,17.28,384,[84 -64 4 0 0 0 0 0 0 0 0 0 16 10 16 9 17 9 15 11 14 12 13 8 11 14 13 9 14 15 10 8 11 9 17 14 10 15 12 10 13 12 10 13 13 14 12 9 10 9 13 10 10 12 12 13 8 8 8 9 10 10 10 8 3 1 13 11 13 8 13 13 11 6 14 10 15 7 15 8 8 6 13 9 11 7 11 6 15 5 10 7 16 9 15 9 15 5 16 6 11 3 10 3 13 6 14 6 11 5 15 5 11 4 16 3 15 2 -1 -3 0 0 0 0 0 0 0 0 ]
CSI_DATA,AP,68:FE:71:12:53:8C,-30,11,1,6,1,1,1,0,0,0,0,-95,0,6,1,17371978,0,84,0,0,17.372,384,[84 -64 4 0 0 0 0 0 0 0 0 0 -14 12 -13 15 -9 12 -14 15 -13 14 -10 9 -13 11 -16 12 -13 12 -13 11 -18 10 -17 10 -15 14 -14 14 -15 9 -12 8 -12 10 -13 7 -14 12 -16 10 -15 12 -16 12 -9 11 -10 11 -15 11 -14 7 2 2 -14 7 -9 9 -14 11 -11 12 -10 10 -11 13 -10 7 -11 12 -13 11 -10 9 -9 14 -8 10 -7 12 -7 14 -12 11 -7 10 -9 15 -7 9 -7 15 -9 12 -6 14 -5 10 -9 10 -10 16 -10 12 -5 10 3 -1 0 0 0 0 0 0 0 0 ]
CSI_DATA,AP,68:FE:71:12:53:8C,-41,11,1,4,1,1,1,0,0,0,0,-94,0,6,1,17445983,0,84,0,0,17.446,384,[84 -64 4 0 0 0 0 0 0 0 0 0 0 15 -2 18 -3 14 -6 19 -2 15 -4 15 -6 15 -6 17 -8 15 -7 13 -8 15 -8 15 -9 17 -7 15 -5 13 -10 14 -8 17 -5 9 -5 13 -10 14 -11 14 -10 13 -7 13 -6 16 -10 13 -8 14 0 1 -9 10 -7 16 -6 11 -7 11 -3 14 -6 11 -3 10 -3 11 -2 16 -5 10 -4 17 -5 11 -1 12 -2 14 -6 15 -2 14 -3 18 -2 18 1 13 -2 12 -2 17 0 15 1 15 0 13 -3 18 0 14 1 0 0 0 0 0 0 0 0 0 ]
CSI_DATA,AP,68:FE:71:12:53:8C,-33,11,1,6,1,1,1,0,0,0,0,-95,0,6,1,17535839,0,84,0,0,17.536,384,[84 -64 4 0 0 0 0 0 0 0 0 0 23 -3 20 -4 26 0 26 1 19 0 21 2 20 3 23 -2 21 -2 17 3 24 -1 18 3 19 3 16 0 17 -2 21 5 15 -2 19 1 20 0 19 -1 17 0 20 -3 12 4 17 0 17 1 13 0 -3 1 15 -2 18 0 14 -3 16 -3 17 -2 15 -2 18 -4 16 -4 12 -4 13 -3 13 -3 16 -4 12 -2 12 -4 16 -7 14 -8 11 -6 17 -7 16 -6 15 -5 11 -3 13 -8 15 -4 16 -9 12 -7 15 -9 -3 3 0 0 0 0 0 0 0 0 ]
CSI_DATA,AP,68:FE:71:12:53:8C,-33,11,1,7,1,1,1,0,0,0,0,-94,0,6,1,17673409,0,84,0,0,17.673,384,[84 -64 4 0 0 0 0 0 0 0 0 0 -16 5 -15 0 -17 0 -18 3 -16 -2 -16 2 -20 -5 -18 -5 -20 -1 -16 -1 -20 -1 -20 1 -17 -1 -17 -2 -19 -1 -20 -5 -17 -6 -15 -1 -18 -2 -17 -3 -14 -7 -19 -3 -18 -6 -13 -1 -13 -3 -13 -2 2 -1 -14 0 -14 -4 -17 -3 -13 0 -14 -5 -18 1 -12 -3 -17 -3 -13 0 -12 -2 -13 2 -12 -1 -17 3 -15 -2 -14 1 -13 0 -14 5 -16 5 -16 2 -15 2 -18 3 -17 4 -12 2 -12 3 -17 6 -15 1 -1 1 0 0 0 0 0 0 0 0 ]
CSI_DATA,AP,68:FE:71:12:53:8C,-37,11,1,5,1,1,1,0,0,0,0,-93,0,6,1,17770061,0,84,0,0,17.77,384,[84 -64 4 0 0 0 0 0 0 0 0 0 -13 7 -14 6 -16 5 -14 9 -11 4 -15 9 -15 7 -14 9 -16 4 -15 4 -12 5 -12 1 -11 3 -13 8 -11 7 -16 7 -11 7 -13 2 -10 4 -11 6 -9 4 -10 3 -9 2 -12 3 -16 2 -11 3 1 -3 -14 3 -11 2 -14 3 -14 4 -11 3 -9 2 -10 6 -7 1 -9 7 -13 3 -11 7 -10 2 -12 5 -7 2 -10 7 -10 5 -10 7 -7 7 -9 6 -7 4 -11 6 -11 9 -10 5 -11 10 -12 5 -6 8 1 2 0 0 0 0 0 0 0 0 ]
CSI_DATA,AP,68:FE:71:12:53:8C,-38,11,1,6,1,1,1,0,0,0,0,-93,0,6,1,17851395,0,84,0,0,17.851,384,[84 -64 4 0 0 0 0 0 0 0 0 0 17 6 14 3 18 7 15 9 13 11 15 9 12 11 14 6 10 10 10 6 15 7 11 6 14 12 10 12 10 11 14 8 9 13 13 9 8 7 12 13 13 9 14 7 9 6 13 10 13 9 10 12 -2 0 14 7 10 13 13 12 15 5 12 8 13 7 13 8 9 11 13 7 13 3 15 8 10 4 12 7 12 7 14 6 13 4 13 4 17 7 12 7 12 4 17 9 17 8 15 2 15 1 17 5 15 0 3 -3 0 0 0 0 0 0 0 0 ]
CSI_DATA,AP,68:FE:71:12:53:8C,-36,11,1,5,1,1,1,0,0,0,0,-96,0,6,1,17954936,0,84,0,0,17.955,384,[84 -64 4 0 0 0 0 0 0 0 0 0 -11 20 -10 19 -14 16 -14 16 -17 18 -14 16 -14 17 -14 11 -16 12 -15 12 -20 12 -20 13 -16 13 -17 13 -19 13 -17 17 -19 13 -15 13 -14 10 -15 13 -16 14 -14 13 -13 10 -14 11 -16 11 -16 14 1 -2 -12 11 -16 16 -12 15 -10 12 -15 9 -11 14 -10 10 -10 10 -11 16 -10 11 -9 14 -13 14 -13 11 -10 11 -6 12 -8 15 -7 15 -9 15 -10 12 -6 15 -10 15 -8 18 -10 17 -10 19 -6 18 -9 17 -3 2 0 0 0 0 0 0 0 0 ]
CSI_DATA,AP,68:FE:71:12:53:8C,-34,11,1,6,1,1,1,0,0,0,0,-94,0,6,1,18068174,0,84,0,0,18.068,384,[84 -64 4 0 0 0 0 0 0 0 0 0 -10 20 -7 21 -8 19 -9 20 -12 17 -9 19 -12 14 -14 13 -14 11 -10 15 -14 14 -9 18 -14 12 -14 18 -13 16 -14 18 -9 13 -8 15 -10 11 -10 12 -11 13 -9 11 -10 9 -12 12 -14 15 -13 10 0 1 -14 9 -9 15 -8 12 -8 15 -11 14 -10 14 -10 14 -7 12 -9 14 -7 13 -6 16 -4 15 -10 17 -10 12 -5 13 -6 11 -5 12 -4 17 -6 11 -8 13 -4 15 -8 10 -1 13 -5 14 -4 16 -7 16 -3 -2 0 0 0 0 0 0 0 0 ]
CSI_DATA,AP,68:FE:71:12:53:8C,-36,11,0,0,0,0,0,1,0,0,0,-95,6,6,1,18183542,0,37,0,0,18.184,128,[84 -64 4 0 0 0 0 0 0 0 0 0 -20 -4 -19 -6 -24 -4 -20 -9 -21 -9 -18 -10 -15 -9 -18 -10 -15 -7 -17 -12 -12 -13 -13 -12 -12 -8 -13 -10 -11 -5 -15 -12 -10 -11 -12 -6 -14 -6 -9 -10 -14 -9 -11 -7 -14 -5 -11 -6 -12 -10 -12 -6 1 0 -12 -2 -10 -2 -14 -1 -15 -4 -11 -3 -12 -1 -10 -3 -8 -1 -11 -4 -11 -3 -13 -5 -11 -1 -11 -2 -14 -1 -14 -4 -10 0 -14 1 -12 3 -11 3 -13 3 -15 -2 -15 1 -15 3 -16 0 -16 -1 -13 4 1 -1 0 0 0 0 0 0 0 0 ]
CSI_DATA,AP,68:FE:71:12:53:8C,-39,11,1,5,1,1,1,0,0,0,0,-96,0,6,1,18235937,0,84,0,0,18.236,384,[84 -64 4 0 0 0 0 0 0 0 0 0 15 -18 21 -22 22 -21 20 -18 17 -15 20 -15 19 -15 19 -16 22 -14 15 -13 21 -11 18 -15 20 -11 17 -13 15 -10 17 -12 18 -7 14 -10 11 -13 16 -6 14 -12 14 -7 12 -10 8 -8 13 -12 13 -9 -1 -1 11 -12 7 -9 9 -13 6 -13 6 -10 4 -10 7 -14 6 -16 8 -10 1 -9 4 -14 1 -15 6 -11 4 -15 6 -17 3 -16 4 -17 -2 -12 2 -16 -2 -13 -2 -12 0 -14 0 -15 -3 -16 1 -12 -3 -12 0 1 0 0 0 0 0 0 0 0 ]
CSI_DATA,AP,68:FE:71:12:53:8C,-35,11,1,6,1,1,1,1,0,0,0,-93,1,6,1,18337187,0,82,0,0,18.337,384,[84 -64 4 0 0 0 0 0 0 0 0 0 15 -29 14 -28 11 -31 12 -32 17 -31 17 -27 19 -26 18 -21 19 -23 14 -21 13 -21 14 -20 11 -21 17 -24 11 -22 13 -17 13 -20 9 -14 8 -19 10 -15 9 -19 10 -15 6 -16 9 -16 7 -18 9 -14 -3 2 9 -16 2 -14 8 -17 -1 -14 2 -11 1 -13 0 -12 -2 -16 0 -15 0 -13 2 -12 -4 -10 -5 -14 -2 -12 -3 -11 -4 -14 -1 -13 -2 -10 -2 -13 -6 -15 -5 -10 -4 -11 -9 -9 -10 -11 -4 -11 -8 -9 -1 0 0 0 0 0 0 0 0 0 ]
CSI_DATA,AP,68:FE:71:12:53:8C,-35,11,1,5,1,1,1,0,0,0,1,-95,0,6,1,18449693,0,84,0,0,18.45,384,[84 -64 4 0 0 0 0 0 0 0 0 0 -2 21 3 19 3 20 2 19 -3 20 0 19 -2 18 -1 14 -5 17 -5 19 -6 20 0 17 -5 21 0 14 -3 16 -3 15 -3 19 -1 16 -1 13 -2 15 -1 19 -6 16 -6 12 -6 17 -3 16 -2 14 -3 1 0 16 1 13 -5 14 -1 16 -5 12 -1 12 0 13 1 13 -2 13 -2 13 4 15 -1 11 -2 14 5 11 -1 16 -2 17 1 11 2 16 3 14 1 11 5 16 2 11 5 15 7 13 3 15 2 12 3 -2 0 0 0 0 0 0 0 0 ]
CSI_DATA,AP,68:FE:71:12:53:8C,-36,11,1,7,1,1,1,0,0,0,0,-95,0,6,1,18557088,0,84,0,0,18.557,384,[84 -64 4 0 0 0 0 0 0 0 0 0 16 5 12 7 16 6 15 13 14 7 16 9 16 9 14 9 9 9 14 7 10 10 9 8 14 13 11 10 9 9 11 8 13 12 9 8 8 9 12 6 8 6 14 7 9 5 8 10 10 10 15 8 -2 -1 10 8 13 7 11 8 10 9 12 5 10 10 16 6 14 8 10 4 10 8 13 9 15 4 12 9 14 8 16 7 12 6 16 6 17 8 14 8 15 6 17 8 16 10 14 5 13 3 16 8 15 3 2 -2 0 0 0 0 0 0 0 0 ]
CSI_DATA,AP,68:FE:71:12:53:8C,-36,11,1,5,1,1,1,0,0,0,0,-94,0,6,1,18654109,0,84,0,0,18.654,384,[84 -64 4 0 0 0 0 0 0 0 0 0 12 -27 13 -26 10 -24 11 -25 10 -24 16 -23 17 -21 14 -25 18 -25 17 -22 19 -22 16 -26 17 -24 13 -27 19 -23 14 -20 14 -23 18 -22 15 -21 17 -23 14 -19 19 -20 13 -21 18 -22 15 -24 18 -22 -3 2 12 -24 17 -21 12 -25 12 -25 11 -24 13 -26 13 -21 14 -21 16 -22 12 -23 12 -22 14 -25 8 -25 13 -25 14 -26 12 -29 12 -29 14 -28 13 -24 14 -23 11 -25 13 -27 9 -28 15 -26 9 -27 14 -25 -1 -1 0 0 0 0 0 0 0 0 ]
CSI_DATA,AP,68:FE:71:12:53:8C,-34,11,1,6,1,1,1,0,0,0,0,-94,0,6,1,18747637,0,84,0,0,18.748,384,[84 -64 4 0 0 0 0 0 0 0 0 0 3 -15 2 -21 1 -19 8 -22 2 -17 6 -19 10 -19 4 -15 5 -20 12 -19 6 -21 7 -18 8 -15 8 -14 10 -18 11 -17 11 -18 9 -17 10 -14 9 -14 9 -13 10 -13 9 -16 9 -12 9 -17 11 -15 -3 -3 7 -13 6 -17 10 -18 5 -18 7 -17 10 -17 5 -16 7 -17 8 -11 4 -12 7 -18 3 -13 7 -14 5 -12 2 -16 7 -15 6 -19 1 -15 1 -16 5 -18 0 -18 3 -16 4 -18 3 -19 4 -16 1 -14 1 0 0 0 0 0 0 0 0 0 ]
CSI_DATA,AP,68:FE:71:12:53:8C,-37,11,1,5,1,1,1,0,0,0,0,-96,0,6,1,18824849,0,84,0,0,18.825,384,[84 -64 4 0 0 0 0 0 0 0 0 0 -19 6 -16 5 -18 6 -21 5 -20 9 -24 7 -20 8 -24 2 -25 6 -26 2 -23 5 -23 1 -22 7 -27 4 -22 0 -26 4 -21 2 -19 2 -26 1 -20 3 -19 2 -25 -1 -23 -1 -23 2 -21 -3 -21 0 1 2 -21 1 -20 2 -21 5 -18 2 -21 5 -19 2 -24 2 -22 2 -18 7 -24 4 -20 9 -17 3 -18 7 -22 5 -22 9 -24 8 -21 5 -20 10 -18 6 -23 9 -17 6 -22 8 -22 7 -23 9 -24 8 -21 7 1 1 0 0 0 0 0 0 0 0 ]
CSI_DATA,AP,68:FE:71:12:53:8C,-40,11,1,6,1,1,1,0,0,0,0,-95,0,6,1,18938605,0,84,0,0,18.939,384,[84 -64 4 0 0 0 0 0 0 0 0 0 -7 -14 -10 -14 -12 -14 -10 -20 -9 -17 -9 -17 -13 -20 -6 -18 -10 -19 -9 -19 -5 -23 -4 -21 -8 -25 -6 -24 -9 -19 -4 -25 -3 -21 -4 -21 -5 -19 -4 -22 -7 -24 -3 -24 -2 -18 -3 -21 0 -24 -4 -24 -2 -1 -7 -17 -7 -21 -6 -20 -7 -23 -4 -22 -2 -24 -5 -21 -6 -18 -7 -24 -3 -19 -4 -18 -8 -20 -7 -20 -7 -18 -11 -20 -10 -17 -12 -21 -10 -21 -8 -18 -8 -21 -8 -17 -8 -22 -13 -22 -11 -22 -13 -16 -12 -21 3 0 0 0 0 0 0 0 0 0 ]
CSI_DATA,AP,68:FE:71:12:53:8C,-34,11,1,5,1,1,1,0,0,0,0,-96,0,6,1,18991106,0,84,0,0,18.991,384,[84 -64 4 0 0 0 0 0 0 0 0 0 3 12 -1 16 0 17 5 11 2 14 3 14 1 13 -3 14 -4 11 -3 16 -3 13 0 13 0 10 1 14 -4 13 1 10 -2 13 -3 13 -3 10 -2 8 0 14 -2 10 -3 11 0 11 -3 15 -2 12 -2 0 -1 12 0 11 3 14 -3 8 -3 12 3 14 1 8 -1 9 0 9 2 11 2 13 2 8 4 12 0 12 -1 9 5 8 0 8 4 7 -1 10 0 9 1 9 4 9 6 12 5 8 3 6 5 12 2 3 0 0 0 0 0 0 0 0 ]
CSI_DATA,AP,68:FE:71:12:53:8C,-38,11,1,7,1,1,1,0,0,0,0,-94,0,6,1,19075845,0,84,0,0,19.076,384,[84 -64 4 0 0 0 0 0 0 0 0 0 0 10 -4 9 -2 10 -4 10 -7 7 -8 8 -6 10 -2 9 -2 7 -6 6 -3 11 -3 9 -7 6 -8 7 -7 6 -7 9 -4 10 -8 10 -6 6 -3 7 -6 10 -8 9 -4 5 -8 9 -7 11 -3 4 2 -3 -4 5 -1 9 -7 10 -5 10 -7 6 -7 10 -7 5 -3 8 -6 5 -2 10 -5 6 0 5 -4 9 -4 5 -5 5 -3 5 1 10 -2 10 -2 10 -2 5 -1 9 -5 8 -4 5 0 10 -2 9 -3 10 -1 3 0 0 0 0 0 0 0 0 ]
CSI_DATA,AP,68:FE:71:12:53:8C,-36,11,1,6,1,1,1,0,0,0,1,-96,0,6,1,19185888,0,84,0,0,19.186,384,[37 80 2 0 0 0 0 0 0 0 0 0 8 26 12 30 7 29 12 32 8 30 5 29 2 31 4 30 3 32 2 31 1 33 3 33 6 31 0 32 3 27 2 29 -1 32 1 30 3 26 1 28 -1 29 0 29 1 28 3 28 0 30 2 29 -1 -1 7 28 1 27 6 26 8 23 4 22 8 25 4 27 2 25 5 23 4 21 8 25 7 24 10 22 10 23 8 26 9 24 8 25 9 25 8 20 13 26 6 21 13 20 12 24 10 22 14 20 15 22 3 3 0 0 0 0 0 0 0 0 ]
CSI_DATA,AP,68:FE:71:12:53:8C,-39,11,1,6,1,1,1,0,0,0,0,-95,0,6,1,19284206,0,84,0,0,19.284,384,[84 -64 4 0 0 0 0 0 0 0 0 0 17 11 18 9 20 12 20 14 14 9 19 8 15 9 15 10 16 13 12 9 17 9 11 12 12 14 12 11 16 12 15 16 13 14 14 16 11 16 14 16 12 13 12 14 14 12 10 14 12 10 14 10 -1 0 15 12 12 12 11 9 10 8 12 11 11 11 11 7 14 8 11 11 15 10 11 12 9 9 12 9 12 9 13 7 12 7 14 8 13 4 13 8 15 5 15 4 12 7 13 3 13 6 16 7 17 7 0 -3 0 0 0 0 0 0 0 0 ]
CSI_DATA,AP,68:FE:71:12:53:8C,-35,11,1,5,1,1,1,1,0,0,0,-93,3,6,1,19355328,0,84,0,0,19.355,384,[84 -64 4 0 0 0 0 0 0 0 0 0 2 -29 9 -28 4 -26 5 -30 7 -25 10 -28 14 -26 13 -24 9 -27 11 -25 10 -30 9 -23 11 -25 8 -24 10 -27 15 -25 14 -25 13 -19 10 -24 13 -20 12 -18 15 -21 13 -22 8 -22 9 -23 10 -22 -2 -2 10 -22 13 -20 11 -22 9 -18 9 -24 10 -24 10 -25 6 -23 10 -18 7 -22 9 -24 5 -23 4 -20 8 -25 6 -24 4 -23 7 -20 1 -23 3 -21 6 -24 5 -24 7 -20 5 -25 3 -25 0 -20 2 -23 -2 3 0 0 0 0 0 0 0 0 ]
CSI_DATA,AP,68:FE:71:12:53:8C,-37,11,1,5,1,1,1,0,0,0,0,-96,0,6,1,19434703,0,84,0,0,19.435,384,[37 80 2 0 0 0 0 0 0 0 0 0 23 24 16 21 17 26 22 23 14 22 19 22 12 22 17 26 13 26 13 24 15 27 14 28 15 24 13 22 10 26 9 26 13 26 10 22 9 21 12 21 10 25 13 24 9 23 8 24 9 25 14 18 -2 3 10 18 13 21 13 20 13 17 16 21 14 16 11 17 15 20 16 16 14 21 14 17 12 15 18 17 13 16 14 20 18 19 19 17 19 16 16 14 16 15 15 12 17 14 17 11 16 15 15 16 18 13 2 1 0 0 0 0 0 0 0 0 ]
CSI_DATA,AP,68:FE:71:12:53:8C,-34,11,1,6,1,1,1,0,0,0,0,-94,0,6,1,19542972,0,84,0,0,19.543,384,[84 -64 4 0 0 0 0 0 0 0 0 0 -30 8 -30 7 -33 9 -28 10 -30 6 -28 8 -29 6 -26 3 -30 1 -28 3 -29 6 -28 3 -30 -1 -27 2 -26 1 -30 5 -26 4 -29 -2 -25 1 -29 1 -24 2 -24 -1 -27 4 -29 3 -25 2 -28 3 -1 -2 -26 1 -27 1 -24 3 -28 2 -24 7 -25 3 -22 7 -21 4 -27 6 -26 5 -26 10 -26 9 -22 8 -23 5 -26 7 -24 7 -21 10 -22 12 -22 11 -26 9 -26 9 -22 11 -20 7 -26 12 -22 15 -21 11 -2 0 0 0 0 0 0 0 0 0 ]
CSI_DATA,AP,68:FE:71:12:53:8C,-38,11,1,6,1,1,1,0,0,0,0,-96,0,6,1,19632352,0,84,0,0,19.632,384,[84 -64 4 0 0 0 0 0 0 0 0 0 -19 6 -17 11 -17 11 -17 7 -19 8 -21 8 -18 3 -17 5 -22 5 -17 4 -20 2 -19 4 -22 6 -21 2 -22 1 -17 3 -18 2 -17 5 -17 4 -20 5 -17 4 -20 2 -14 1 -17 2 -15 0 -19 2 -3 0 -18 3 -19 6 -17 7 -18 3 -13 7 -18 8 -17 3 -15 3 -18 2 -12 7 -14 6 -15 3 -13 5 -12 4 -13 6 -17 6 -13 6 -16 5 -16 7 -10 11 -14 5 -16 11 -15 8 -11 7 -15 9 -14 13 0 3 0 0 0 0 0 0 0 0 ]
CSI_DATA,AP,68:FE:71:12:53:8C,-38,11,1,5,1,1,1,0,0,0,0,-94,0,6,1,19724478,0,84,0,0,19.724,384,[84 -64 4 0 0 0 0 0 0 0 0 0 -4 -23 1 -23 3 -18 1 -21 1 -22 5 -19 5 -18 6 -21 4 -21 2 -23 3 -19 4 -22 2 -16 6 -17 5 -22 8 -22 4 -20 6 -17 4 -17 8 -17 5 -17 7 -20 6 -17 3 -18 6 -15 1 -17 -1 0 1 -17 1 -20 2 -19 1 -16 5 -17 0 -14 5 -15 5 -13 2 -16 0 -19 4 -18 1 -16 2 -18 1 -18 -2 -19 -3 -18 0 -19 2 -13 -3 -15 -1 -17 -4 -19 -5 -17 -2 -19 -1 -20 -3 -13 0 -15 -2 1 0 0 0 0 0 0 0 0 ]
CSI_DATA,AP,68:FE:71:12:53:8C,-33,11,1,7,1,1,1,0,0,0,0,-95,0,6,1,19805470,0,84,0,0,19.805,384,[84 -64 4 0 0 0 0 0 0 0 0 0 3 16 2 18 3 17 4 18 0 23 4 20 3 18 0 21 0 18 2 19 -2 17 -3 21 2 18 -4 19 0 15 0 16 1 17 1 14 1 20 0 18 -1 17 0 15 -2 14 1 19 -4 18 -4 14 -3 1 3 14 3 19 -2 14 1 14 1 18 2 15 -2 16 1 14 -2 18 0 16 2 13 3 17 2 13 1 18 0 17 5 15 6 16 4 15 5 13 2 14 5 17 5 11 4 11 4 17 6 11 8 17 -2 0 0 0 0 0 0 0 0 0 ]
CSI_DATA,AP,68:FE:71:12:53:8C,-38,11,1,6,1,1,1,0,0,0,0,-96,0,6,1,19895128,0,84,0,0,19.895,384,[84 -64 4 0 0 0 0 0 0 0 0 0 17 13 15 13 11 14 12 18 14 14 10 14 10 15 13 18 8 17 10 15 8 21 6 20 8 19 7 14 6 16 8 16 11 18 5 13 4 17 9 19 6 18 9 16 8 17 7 19 4 15 9 19 2 -2 9 12 10 12 8 14 11 13 6 17 11 17 9 11 8 10 6 12 8 13 10 13 11 16 11 10 11 9 12 12 14 12 9 11 14 12 13 8 10 14 9 14 14 10 12 12 14 14 12 14 9 9 -1 -1 0 0 0 0 0 0 0 0 ]
CSI_DATA,AP,68:FE:71:12:53:8C,-38,11,1,6,1,1,1,0,0,0,0,-96,0,6,1,19987532,0,84,0,0,19.988,384,[84 -64 4 0 0 0 0 0 0 0 0 0 -16 -11 -15 -7 -11 -10 -17 -14 -17 -9 -13 -12 -14 -9 -9 -10 -13 -13 -13 -14 -14 -15 -8 -13 -8 -16 -12 -15 -9 -15 -12 -15 -12 -15 -9 -15 -10 -15 -10 -9 -12 -11 -8 -12 -8 -9 -11 -14 -9 -10 -8 -13 2 1 -7 -11 -11 -8 -13 -11 -7 -13 -13 -8 -9 -11 -10 -9 -12 -8 -8 -12 -14 -11 -11 -5 -9 -10 -13 -10 -9 -5 -10 -5 -10 -7 -11 -8 -9 -7 -14 -8 -10 -7 -16 -7 -11 -9 -14 -7 -14 -6 -10 -6 -13 -3 3 1 0 0 0 0 0 0 0 0 ]
CSI_DATA,AP,68:FE:71:12:53:8C,-40,11,1,4,1,1,1,0,0,0,0,-95,0,6,1,20053609,0,84,0,0,20.054,384,[84 -64 4 0 0 0 0 0 0 0 0 0 5 14 4 16 7 14 4 16 1 17 0 21 6 18 5 17 2 16 4 14 1 18 3 16 1 16 3 17 4 15 0 20 1 14 1 13 -1 14 -2 13 0 18 4 16 -2 12 1 14 1 18 1 16 -2 2 -1 16 5 13 4 17 2 11 3 11 4 14 1 17 3 13 0 10 5 10 1 11 2 14 7 13 5 12 3 11 4 15 4 10 3 11 3 11 9 10 8 11 4 10 7 15 8 15 10 12 6 11 -3 -2 0 0 0 0 0 0 0 0 ]
CSI_DATA,AP,68:FE:71:12:53:8C,-34,11,1,7,1,1,1,0,0,0,1,-94,0,6,1,20179333,0,84,0,0,20.179,384,[84 -64 4 0 0 0 0 0 0 0 0 0 -39 13 -36 5 -43 8 -40 6 -43 7 -36 4 -39 1 -37 -1 -42 0 -38 -3 -41 -4 -36 0 -39 -1 -36 -3 -35 -7 -41 -2 -38 -5 -37 -1 -34 -6 -40 -2 -34 -2 -34 -3 -31 -5 -37 -2 -32 -4 -35 -6 0 1 -35 -5 -32 1 -33 -3 -35 0 -30 1 -32 -3 -31 0 -31 1 -31 0 -29 1 -31 1 -31 1 -30 5 -34 5 -30 6 -28 8 -32 7 -33 8 -28 8 -29 9 -33 8 -32 6 -30 4 -32 10 -33 9 -28 5 1 -1 0 0 0 0 0 0 0 0 ]
CSI_DATA,AP,68:FE:71:12:53:8C,-32,11,1,7,1,1,1,0,0,0,0,-96,0,6,1,20275243,0,84,0,0,20.275,384,[84 -64 4 0 0 0 0 0 0 0 0 0 9 -19 11 -15 10 -17 13 -15 9 -14 9 -15 13 -16 12 -16 15 -17 13 -17 13 -11 15 -16 14 -10 15 -13 17 -10 14 -14 10 -10 14 -12 10 -11 17 -8 16 -9 12 -8 12 -11 11 -12 15 -9 14 -11 3 1 8 -10 12 -8 13 -11 11 -13 10 -15 10 -12 8 -9 7 -9 10 -14 12 -13 11 -15 6 -15 6 -16 11 -15 7 -16 7 -16 11 -16 5 -11 9 -11 10 -11 6 -16 6 -15 9 -17 6 -12 5 -12 7 -17 1 -2 0 0 0 0 0 0 0 0 ]
CSI_DATA,AP,68:FE:71:12:53:8C,-37,11,1,6,1,1,1,0,0,0,0,-95,0,6,1,20374198,0,84,0,0,20.374,384,[84 -64 4 0 0 0 0 0 0 0 0 0 26 29 25 31 25 31 23 33 19 32 23 30 21 31 17 35 18 30 15 33 20 35 17 31 15 33 18 29 17 36 17 31 18 35 14 30 14 30 14 35 14 29 15 29 12 28 13 32 16 32 12 28 -2 2 10 30 13 28 16 26 12 28 15 29 13 25 11 28 13 27 14 23 18 22 20 23 18 30 16 24 19 24 19 26 16 28 20 25 19 25 17 24 24 21 22 21 16 22 19 23 24 21 21 27 20 26 -2 -2 0 0 0 0 0 0 0 0 ]
CSI_DATA,AP,68:FE:71:12:53:8C,-40,11,1,4,1,1,1,0,0,0,0,-96,0,6,1,20473945,0,84,0,0,20.474,384,[84 -64 4 0 0 0 0 0 0 0 0 0 -17 -3 -16 -4 -18 -6 -22 -9 -18 -7 -21 -11 -21 -8 -19 -8 -17 -14 -15 -9 -15 -8 -14 -14 -16 -11 -17 -8 -12 -13 -15 -14 -12 -12 -17 -8 -14 -13 -14 -8 -12 -10 -14 -8 -13 -12 -12 -13 -15 -11 -10 -10 2 2 -13 -7 -12 -7 -12 -9 -14 -8 -15 -10 -13 -10 -12 -7 -17 -8 -16 -10 -15 -9 -13 -9 -13 -9 -16 -7 -16 -7 -14 -6 -15 -3 -15 -2 -14 -2 -14 -6 -17 -3 -16 -2 -12 -7 -16 -5 -17 -3 -15 -7 -16 -6 3 -2 0 0 0 0 0 0 0 0 ]
CSI_DATA,AP,68:FE:71:12:53:8C,-44,11,1,4,1,1,1,0,0,0,0,-96,0,6,1,20580564,0,84,0,0,20.581,384,[84 -64 4 0 0 0 0 0 0 0 0 0 32 -19 34 -19 37 -24 32 -21 33 -15 31 -13 32 -20 35 -13 34 -15 33 -9 34 -11 38 -9 32 -7 35 -10 36 -11 36 -13 32 -11 35 -7 31 -11 33 -12 32 -11 31 -8 28 -8 31 -9 32 -9 34 -9 0 1 29 -7 31 -8 30 -9 28 -12 30 -13 29 -12 32 -15 26 -11 28 -10 27 -12 31 -13 26 -10 25 -10 24 -12 27 -17 29 -16 27 -14 23 -17 23 -16 21 -19 26 -21 23 -18 24 -17 29 -20 28 -19 22 -18 1 -2 0 0 0 0 0 0 0 0 ]
CSI_DATA,AP,68:FE:71:12:53:8C,-39,11,1,5,1,1,1,0,0,0,0,-95,0,6,1,20666422,0,84,0,0,20.666,384,[84 -64 4 0 0 0 0 0 0 0 0 0 -12 -12 -11 -7 -13 -7 -16 -11 -15 -14 -15 -14 -11 -11 -14 -11 -10 -9 -14 -15 -15 -13 -9 -10 -10 -11 -8 -11 -9 -15 -12 -12 -7 -15 -11 -10 -9 -13 -6 -9 -10 -13 -12 -12 -12 -9 -13 -10 -13 -13 -8 -8 0 2 -10 -7 -9 -13 -11 -9 -10 -10 -8 -12 -8 -9 -14 -10 -13 -6 -13 -12 -8 -8 -14 -10 -9 -7 -13 -10 -12 -8 -9 -8 -10 -9 -11 -9 -15 -4 -14 -5 -11 -6 -9 -4 -13 -4 -15 -7 -16 -3 -12 -6 -15 -3 3 0 0 0 0 0 0 0 0 0 ]
CSI_DATA,AP,68:FE:71:12:53:8C,-33,11,1,7,1,1,1,1,0,0,0,-95,4,6,1,20764145,0,84,0,0,20.764,384,[84 -64 4 0 0 0 0 0 0 0 0 0 -4 16 -8 19 -5 16 -8 16 -6 15 -13 20 -10 20 -6 17 -9 16 -13 19 -14 16 -9 13 -12 17 -12 14 -12 16 -12 15 -8 11 -12 16 -9 13 -13 11 -10 13 -13 11 -12 14 -11 15 -12 13 -7 14 2 -1 -13 14 -7 15 -7 15 -10 15 -11 12 -10 11 -6 15 -4 13 -6 14 -7 17 -9 13 -9 12 -8 17 -4 17 -6 12 -3 17 -3 13 -8 15 -5 11 -3 12 -7 12 -2 12 -6 16 -3 15 -2 12 -3 17 -3 -3 0 0 0 0 0 0 0 0 ]
CSI_DATA,AP,68:FE:71:12:53:8C,-34,11,1,7,1,1,1,0,0,0,0,-94,0,6,1,20866369,0,84,0,0,20.866,384,[84 -64 4 0 0 0 0 0 0 0 0 0 -14 -12 -15 -13 -15 -17 -13 -18 -17 -13 -14 -13 -12 -17 -13 -13 -12 -19 -14 -18 -11 -16 -10 -16 -12 -18 -10 -14 -8 -14 -7 -15 -8 -16 -12 -17 -9 -14 -11 -14 -10 -18 -7 -14 -10 -17 -10 -18 -12 -12 -10 -11 -1 0 -9 -12 -10 -11 -13 -16 -13 -15 -10 -11 -12 -14 -10 -12 -9 -9 -11 -9 -9 -11 -13 -10 -10 -9 -14 -9 -15 -10 -10 -11 -12 -11 -14 -12 -13 -8 -14 -7 -12 -9 -14 -8 -12 -11 -15 -9 -18 -10 -14 -8 -17 -5 0 1 0 0 0 0 0 0 0 0 ]
CSI_DATA,AP,68:FE:71:12:53:8C,-33,11,1,7,1,1,1,0,0,0,0,-94,0,6,1,20937828,0,84,0,0,20.938,384,[84 -64 4 0 0 0 0 0 0 0 0 0 -1 22 2 19 -3 21 -4 18 -4 20 -2 22 -5 20 -5 21 -2 19 -3 21 -8 21 -3 17 -7 17 -8 17 -3 19 -4 20 -3 20 -5 17 -9 16 -6 14 -8 15 -5 14 -3 13 -6 17 -8 16 -5 15 -2 3 -4 18 -3 16 -1 14 0 16 -2 18 -5 17 -3 18 -2 18 1 14 -4 14 -4 14 -2 14 -4 17 -3 16 2 16 3 17 3 15 1 14 3 18 0 17 4 18 -1 18 3 14 5 14 3 16 5 14 2 -1 0 0 0 0 0 0 0 0 ]
CSI_DATA,AP,68:FE:71:12:53:8C,-34,11,1,5,1,1,1,1,0,0,0,-95,1,6,1,21027756,0,84,0,0,21.028,384,[84 -64 4 0 0 0 0 0 0 0 0 0 16 9 19 14 16 12 15 13 18 13 11 11 13 10 12 16 13 15 12 12 10 11 10 15 15 12 9 13 14 12 10 13 11 16 11 10 14 10 8 15 8 15 7 12 7 13 11 12 8 15 10 15 0 0 7 10 9 9 7 12 9 10 10 8 13 12 10 11 8 12 10 7 9 6 11 8 14 7 11 10 13 7 11 6 13 9 9 8 9 7 12 10 12 11 13 5 15 7 11 5 11 10 11 4 13 9 0 -2 0 0 0 0 0 0 0 0 ]
CSI_DATA,AP,68:FE:71:12:53:8C,-40,11,1,6,1,1,1,0,0,0,0,-93,0,6,1,21129861,0,84,0,0,21.13,384,[84 -64 4 0 0 0 0 0 0 0 0 0 15 -7 20 -12 21 -6 19 -11 16 -7 16 -4 19 -8 16 -4 19 -3 19 -8 19 -8 21 -8 22 -8 21 -7 18 -2 20 -4 16 -4 19 -2 14 0 20 -4 15 0 15 -5 19 0 17 -3 17 -1 16 -5 1 -2 15 -5 16 -4 19 -7 17 -2 16 -7 15 -8 14 -4 13 -7 14 -3 16 -7 12 -5 17 -9 11 -9 14 -11 12 -6 17 -8 14 -6 14 -10 15 -12 14 -8 12 -10 10 -8 16 -9 13 -10 15 -12 14 -13 3 2 0 0 0 0 0 0 0 0 ]
CSI_DATA,AP,68:FE:71:12:53:8C,-38,11,1,7,1,1,1,0,0,0,0,-95,0,6,1,21228594,0,84,0,0,21.229,384,[84 -64 4 0 0 0 0 0 0 0 0 0 14 12 13 14 14 15 16 17 13 13 9 15 11 15 13 13 13 17 10 16 12 14 13 14 11 18 9 18 11 15 12 16 9 20 7 17 11 20 9 19 5 14 7 14 5 17 11 12 10 14 9 14 3 -1 10 18 9 14 10 12 6 11 6 14 10 15 9 12 7 15 9 10 13 13 14 12 9 11 12 8 11 8 10 8 15 14 13 10 10 13 10 7 12 12 13 12 11 11 11 6 16 8 12 7 15 11 -2 1 0 0 0 0 0 0 0 0 ]
CSI_DATA,AP,68:FE:71:12:53:8C,-40,11,1,4,1,1,1,0,0,0,0,-94,0,6,1,21316005,0,84,0,0,21.316,384,[84 -64 4 0 0 0 0 0 0 0 0 0 -9 -17 -6 -18 -9 -20 -4 -21 -8 -20 -4 -20 -5 -20 0 -23 -1 -23 1 -19 -1 -22 -4 -19 -1 -25 -3 -20 -1 -18 2 -22 0 -18 -2 -17 -2 -17 -3 -16 -1 -20 2 -17 -1 -15 -1 -16 -4 -22 0 -21 -3 3 -1 -16 -1 -19 0 -22 -3 -19 0 -15 1 -21 -2 -18 -5 -14 -7 -17 -2 -14 -8 -18 -6 -12 -4 -14 -4 -16 -5 -14 -5 -14 -5 -14 -4 -17 -5 -13 -9 -15 -6 -19 -4 -14 -10 -15 -10 -14 -8 -16 -9 -17 -3 -3 0 0 0 0 0 0 0 0 ]
CSI_DATA,AP,68:FE:71:12:53:8C,-40,11,1,6,1,1,1,0,0,0,0,-95,0,6,1,21427293,0,84,0,0,21.427,384,[84 -64 4 0 0 0 0 0 0 0 0 0 -11 21 -9 17 -11 19 -10 22 -9 19 -13 15 -15 21 -12 16 -13 18 -11 14 -12 15 -18 18 -15 17 -14 16 -18 15 -16 13 -11 15 -16 14 -15 15 -11 13 -14 16 -15 11 -13 11 -11 10 -11 17 -15 11 0 3 -12 14 -8 15 -13 14 -12 16 -9 12 -12 11 -13 13 -12 12 -9 13 -7 16 -8 14 -10 15 -11 13 -6 14 -6 12 -8 14 -10 18 -7 16 -9 13 -8 17 -7 15 -5 18 -8 16 -6 19 -8 13 -4 19 0 -1 0 0 0 0 0 0 0 0 ]
CSI_DATA,AP,68:FE:71:12:53:8C,-33,11,1,7,1,1,1,0,0,0,0,-95,0,6,1,21554485,0,84,0,0,21.554,384,[84 -64 4 0 0 0 0 0 0 0 0 0 17 -13 16 -10 17 -8 24 -7 22 -5 20 -5 18 -5 23 -3 18 -7 19 -2 22 -2 23 -8 20 -5 18 -1 19 -1 24 -2 16 -2 15 -1 22 -4 21 -3 19 -6 16 -1 17 -1 17 -3 17 -3 15 -7 1 0 17 -7 19 -5 16 -2 15 -5 18 -5 14 -8 19 -5 14 -8 16 -9 16 -10 19 -6 16 -6 16 -10 14 -9 13 -7 15 -7 18 -8 15 -10 13 -12 14 -7 15 -9 17 -12 18 -8 13 -15 12 -12 13 -13 1 2 0 0 0 0 0 0 0 0 ]
CSI_DATA,AP,68:FE:71:12:53:8C,-30,11,1,7,1,1,1,0,0,0,0,-95,0,6,1,21659258,0,84,0,0,21.659,384,[84 -64 4 0 0 0 0 0 0 0 0 0 -17 13 -21 13 -16 13 -18 11 -18 6 -21 11 -18 6 -16 10 -20 4 -17 5 -21 6 -22 9 -21 9 -20 8 -22 7 -21 7 -22 2 -20 1 -21 6 -18 2 -17 4 -21 0 -18 0 -16 6 -21 7 -17 1 -2 1 -20 1 -16 2 -16 5 -14 4 -16 2 -14 4 -16 7 -13 4 -15 9 -18 8 -18 7 -13 9 -13 7 -16 7 -17 6 -18 7 -18 10 -18 11 -12 7 -14 8 -13 10 -13 10 -17 12 -14 11 -12 9 -10 10 0 -3 0 0 0 0 0 0 0 0 ]
CSI_DATA,AP,68:FE:71:12:53:8C,-38,11,1,7,1,1,1,0,0,0,0,-93,0,6,1,21752161,0,84,0,0,21.752,384,[84 -64 4 0 0 0 0 0 0 0 0 0 9 19 10 21 7 19 9 21 10 23 5 16 9 21 3 16 5 22 3 19 6 18 7 19 1 18 5 20 2 19 7 19 5 21 6 17 5 17 6 16 5 19 6 15 1 15 4 16 5 20 3 16 0 0 5 14 7 15 8 14 5 20 3 16 3 16 7 18 9 14 3 11 8 13 8 18 8 11 8 17 9 12 7 11 11 12 12 14 8 13 7 12 11 10 8 17 11 12 7 13 12 12 9 11 11 12 -1 1 0 0 0 0 0 0 0 0 ]
CSI_DATA,AP,68:FE:71:12:53:8C,-40,11,1,6,1,1,1,0,0,0,0,-95,0,6,1,21837358,0,84,0,0,21.837,384,[84 -64 4 0 0 0 0 0 0 0 0 0 7 19 4 17 7 21 8 21 5 18 3 20 0 17 3 18 0 21 3 19 -2 24 4 18 0 21 1 20 -2 19 0 21 -2 19 0 20 2 20 -3 17 -1 21 -3 19 -4 14 2 15 -2 17 3 16 3 0 -1 16 4 19 2 21 6 17 1 16 -1 18 2 20 5 16 5 15 0 14 5 15 0 18 5 16 7 14 2 15 8 17 6 16 6 18 8 18 8 13 5 18 3 17 6 17 11 12 10 18 9 18 -3 -2 0 0 0 0 0 0 0 0 ]
CSI_DATA,AP,68:FE:71:12:53:8C,-38,11,1,5,1,1,1,0,0,0,0,-94,0,6,1,21934651,0,84,0,0,21.935,384,[84 -64 4 0 0 0 0 0 0 0 0 0 16 13 15 13 17 17 16 16 15 18 15 17 15 19 13 16 11 16 12 16 10 15 12 16 12 16 9 17 11 20 10 15 10 16 8 12 11 19 9 13 12 18 12 16 8 13 11 13 12 14 10 18 1 -3 10 15 12 11 14 13 12 14 7 13 9 17 11 13 13 13 9 15 14 11 13 13 12 11 13 13 16 10 14 8 11 14 11 9 13 12 17 13 15 7 16 14 16 8 14 9 13 12 18 10 14 8 -3 2 0 0 0 0 0 0 0 0 ]
CSI_DATA,AP,68:FE:71:12:53:8C,-37,11,1,5,1,1,1,0,0,0,0,-96,0,6,1,22043896,0,84,0,0,22.044,384,[84 -64 4 0 0 0 0 0 0 0 0 0 23 2 18 2 19 4 20 4 21 8 19 5 16 10 19 7 20 12 15 10 16 13 15 6 15 7 13 13 13 7 18 9 14 12 16 11 17 11 12 6 13 8 12 8 15 9 15 12 13 9 17 5 -1 0 17 9 12 9 18 5 12 9 14 7 12 6 14 5 13 6 17 6 13 1 18 3 12 7 19 0 18 4 13 6 19 2 15 3 17 1 14 6 15 0 15 5 14 1 18 0 14 1 15 -3 14 3 3 1 0 0 0 0 0 0 0 0 ]
CSI_DATA,AP,68:FE:71:12:53:8C,-37,11,1,5,1,1,1,1,0,0,0,-93,6,6,1,22137699,0,84,0,0,22.138,384,[84 -64 4 0 0 0 0 0 0 0 0 0 12 16 12 15 8 18 8 18 10 18 5 19 8 21 9 16 8 20 4 15 5 16 6 18 10 18 10 18 2 18 3 16 8 15 6 15 8 20 3 15 0 15 6 17 3 13 2 18 4 14 6 15 1 -2 5 14 3 18 8 15 8 15 4 15 3 16 4 16 3 12 8 15 9 9 12 13 9 14 11 10 8 14 9 12 13 16 9 14 12 8 13 13 12 12 8 15 9 11 8 10 13 9 12 8 9 13 -1 2 0 0 0 0 0 0 0 0 ]
CSI_DATA,AP,68:FE:71:12:53:8C,-37,11,1,7,1,1,1,0,0,0,0,-94,0,6,1,22238537,0,84,0,0,22.239,384,[84 -64 4 0 0 0 0 0 0 0 0 0 9 16 8 17 2 21 7 20 1 21 2 17 0 20 2 18 2 19 -3 22 -2 21 3 20 -2 21 0 22 1 17 -3 20 1 15 1 15 0 15 -2 18 -2 16 -5 20 0 16 -5 18 0 20 0 19 -1 1 -1 16 -1 19 0 17 1 18 1 19 3 16 1 19 -1 18 -1 13 3 14 2 14 2 12 3 13 -1 17 4 19 1 16 4 19 7 15 1 17 3 15 7 17 7 12 2 15 9 18 5 16 3 15 -1 3 0 0 0 0 0 0 0 0 ]
CSI_DATA,AP,68:FE:71:12:53:8C,-35,11,1,6,1,1,1,0,0,0,0,-94,0,6,1,22352588,0,84,0,0,22.353,384,[84 -64 4 0 0 0 0 0 0 0 0 0 -18 -13 -16 -11 -19 -12 -16 -11 -18 -12 -14 -18 -15 -14 -13 -15 -17 -18 -14 -12 -16 -16 -13 -13 -11 -16 -16 -17 -10 -17 -14 -15 -16 -18 -13 -15 -10 -13 -9 -17 -11 -15 -9 -12 -13 -13 -9 -18 -15 -12 -14 -15 3 3 -11 -10 -12 -16 -16 -15 -16 -8 -14 -10 -11 -13 -13 -10 -11 -8 -10 -10 -12 -7 -15 -12 -12 -7 -16 -11 -12 -11 -15 -12 -12 -8 -18 -12 -13 -8 -16 -8 -16 -9 -17 -8 -18 -4 -13 -10 -14 -5 -14 -9 -14 -10 1 -1 0 0 0 0 0 0 0 0 ]
CSI_DATA,AP,68:FE:71:12:53:8C,-33,11,1,6,1,1,1,0,0,0,0,-95,0,6,1,22458583,0,84,0,0,22.459,384,[84 -64 4 0 0 0 0 0 0 0 0 0 10 -19 8 -20 9 -20 9 -19 15 -16 11 -15 12 -19 12 -17 15 -12 18 -15 13 -16 17 -12 17 -14 13 -11 17 -14 13 -14 12 -13 12 -13 12 -10 11 -13 12 -14 16 -13 14 -8 16 -13 12 -15 15 -14 2 3 11 -10 12 -15 13 -15 12 -15 12 -10 14 -12 13 -10 8 -15 11 -11 9 -14 11 -11 12 -14 11 -15 5 -17 6 -18 6 -13 7 -18 4 -17 10 -13 3 -13 8 -12 4 -18 9 -16 2 -14 6 -15 8 -18 -1 3 0 0 0 0 0 0 0 0 ]
CSI_DATA,AP,68:FE:71:12:53:8C,-33,11,1,7,1,1,1,0,0,0,0,-94,0,6,1,22529948,0,84,0,0,22.53,384,[84 -64 4 0 0 0 0 0 0 0 0 0 -15 11 -21 11 -17 8 -18 10 -18 5 -23 4 -17 5 -18 5 -19 5 -19 8 -20 2 -21 4 -23 1 -20 7 -16 5 -21 2 -18 6 -20 2 -17 2 -21 5 -18 -1 -16 0 -17 1 -19 3 -16 2 -17 1 -3 3 -15 0 -16 2 -19 5 -17 3 -14 1 -18 7 -17 1 -13 2 -14 5 -17 2 -18 9 -16 7 -18 8 -19 5 -18 7 -17 4 -14 5 -18 8 -17 7 -14 9 -13 8 -13 9 -15 10 -13 9 -18 11 -15 12 -2 0 0 0 0 0 0 0 0 0 ]
CSI_DATA,AP,68:FE:71:12:53:8C,-36,11,1,6,1,1,1,0,0,0,0,-94,0,6,1,22615551,0,84,0,0,22.616,384,[84 -64 4 0 0 0 0 0 0 0 0 0 -22 6 -17 6 -22 4 -19 3 -22 8 -20 1 -21 1 -18 -1 -21 0 -17 4 -25 2 -19 2 -24 -1 -19 -1 -18 -1 -21 4 -18 0 -22 -1 -22 -3 -17 -3 -20 0 -22 3 -20 1 -17 1 -16 -4 -19 -1 0 -3 -16 3 -17 5 -16 4 -15 0 -17 3 -18 -2 -14 0 -19 4 -13 4 -17 4 -15 4 -17 6 -15 2 -14 6 -14 3 -14 5 -19 7 -18 7 -13 7 -12 8 -16 2 -14 9 -18 8 -17 9 -14 7 -15 7 -2 3 0 0 0 0 0 0 0 0 ]
CSI_DATA,AP,68:FE:71:12:53:8C,-38,11,1,6,1,1,1,0,0,0,0,-96,0,6,1,22730078,0,84,0,0,22.73,384,[84 -64 4 0 0 0 0 0 0 0 0 0 -17 -11 -18 -14 -21 -11 -16 -11 -15 -14 -18 -11 -16 -12 -13 -15 -15 -12 -17 -15 -13 -15 -17 -16 -11 -16 -11 -14 -11 -13 -15 -14 -15 -16 -15 -12 -10 -14 -11 -13 -8 -18 -11 -15 -8 -14 -13 -13 -15 -14 -12 -11 1 1 -13 -13 -12 -12 -11 -10 -13 -13 -13 -13 -15 -11 -13 -12 -11 -14 -10 -9 -14 -9 -11 -11 -15 -11 -15 -9 -17 -8 -16 -11 -14 -10 -15 -11 -12 -5 -15 -11 -12 -7 -14 -5 -17 -5 -15 -5 -19 -10 -16 -4 -15 -5 0 -2 0 0 0 0 0 0 0 0 ]
CSI_DATA,AP,68:FE:71:12:53:8C,-37,11,1,6,1,1,1,0,0,0,0,-95,0,6,1,22797983,0,84,0,0,22.798,384,[84 -64 4 0 0 0 0 0 0 0 0 0 9 -16 14 -13 14 -17 11 -19 13 -16 12 -16 15 -13 11 -10 18 -13 13 -13 17 -11 16 -15 13 -11 15 -11 13 -9 15 -14 17 -10 15 -11 11 -11 12 -9 17 -8 14 -9 13 -11 14 -10 12 -8 14 -9 0 -2 13 -8 11 -10 13 -15 10 -15 9 -8 11 -14 14 -14 10 -10 10 -11 11 -9 11 -12 12 -13 6 -13 12 -10 11 -14 10 -12 10 -15 7 -16 9 -11 8 -15 7 -11 8 -12 8 -14 5 -13 11 -18 5 -12 0 -3 0 0 0 0 0 0 0 0 ]
CSI_DATA,AP,68:FE:71:12:53:8C,-36,11,1,7,1,1,1,1,0,0,0,-94,4,6,1,22916470,0,84,0,0,22.916,384,[84 -64 4 0 0 0 0 0 0 0 0 0 5 -28 11 -29 9 -31 8 -32 8 -32 11 -27 10 -30 17 -25 12 -26 14 -22 11 -24 16 -25 15 -28 14 -22 10 -20 12 -27 11 -20 12 -23 13 -21 14 -20 15 -20 13 -20 15 -22 9 -22 14 -23 11 -20 0 2 9 -19 10 -24 11 -23 6 -20 13 -19 10 -22 7 -19 12 -20 6 -20 11 -24 6 -21 5 -25 4 -24 5 -24 5 -26 6 -21 9 -23 2 -21 4 -24 8 -20 5 -22 7 -20 6 -22 7 -28 4 -27 1 -26 -1 -2 0 0 0 0 0 0 0 0 ]
CSI_DATA,AP,68:FE:71:12:53:8C,-33,11,1,6,1,1,1,0,0,0,0,-94,0,6,1,23011451,0,84,0,0,23.011,384,[84 -64 4 0 0 0 0 0 0 0 0 0 15 -16 13 -15 16 -12 14 -17 14 -13 19 -11 18 -13 17 -14 14 -12 15 -8 17 -14 18 -15 18 -9 20 -9 19 -12 21 -12 16 -10 13 -11 14 -12 19 -6 15 -8 15 -12 14 -10 15 -7 18 -8 12 -13 1 -2 16 -8 12 -13 15 -12 11 -8 13 -12 16 -9 13 -11 15 -11 14 -13 10 -9 13 -9 11 -13 12 -9 11 -14 14 -9 14 -14 12 -14 10 -15 12 -10 12 -11 9 -17 7 -14 13 -12 11 -17 11 -12 10 -17 1 -3 0 0 0 0 0 0 0 0 ]
CSI_DATA,AP,68:FE:71:12:53:8C,-37,11,1,6,1,1,1,0,0,0,0,-96,0,6,1,23107250,0,84,0,0,23.107,384,[84 -64 4 0 0 0 0 0 0 0 0 0 22 3 19 1 20 7 24 7 18 3 18 6 21 9 20 6 15 9 19 4 19 4 16 4 20 10 18 5 14 10 20 6 18 10 16 7 15 11 19 11 14 7 16 5 12 8 19 4 16 4 17 4 3 3 17 3 17 5 14 7 14 3 17 4 17 8 14 2 16 5 17 4 14 0 14 3 13 4 16 5 14 1 14 0 18 5 19 1 16 1 19 3 12 0 17 -3 17 2 17 -1 16 1 19 -3 16 -2 -2 -2 0 0 0 0 0 0 0 0 ]
CSI_DATA,AP,68:FE:71:12:53:8C,-39,11,1,6,1,1,1,0,0,0,0,-94,0,6,1,23203970,0,84,0,0,23.204,384,[84 -64 4 0 0 0 0 0 0 0 0 0 2 -21 -2 -19 -1 -19 0 -22 6 -18 0 -19 3 -16 2 -15 6 -17 4 -21 4 -16 6 -19 4 -18 2 -17 4 -20 6 -19 7 -18 2 -14 5 -16 3 -14 4 -15 4 -20 2 -16 2 -17 4 -14 3 -15 2 3 2 -16 5 -13 2 -16 2 -16 3 -13 5 -14 5 -16 2 -12 0 -17 -1 -12 0 -16 -1 -16 -1 -13 -2 -16 1 -19 2 -15 3 -14 1 -15 -1 -18 -4 -14 3 -14 2 -13 -2 -12 -6 -18 -4 -17 -1 -14 3 0 0 0 0 0 0 0 0 0 ]
CSI_DATA,AP,68:FE:71:12:53:8C,-36,11,1,7,1,1,1,1,0,0,0,-93,3,6,1,23289257,0,84,0,0,23.289,384,[84 -64 4 0 0 0 0 0 0 0 0 0 13 -13 15 -12 14 -16 18 -15 18 -12 14 -11 15 -12 14 -11 13 -16 13 -10 21 -14 19 -14 21 -13 20 -10 18 -12 19 -13 15 -13 16 -12 12 -9 19 -8 13 -11 15 -8 16 -8 14 -8 17 -10 17 -6 0 -3 15 -10 16 -13 13 -12 13 -12 11 -11 11 -13 14 -11 14 -11 10 -12 12 -10 13 -9 12 -14 12 -13 11 -9 10 -14 13 -16 9 -16 8 -16 8 -16 10 -16 8 -12 12 -14 7 -16 9 -19 10 -17 7 -11 -2 3 0 0 0 0 0 0 0 0 ]
CSI_DATA,AP,68:FE:71:12:53:8C,-35,11,1,5,1,1,1,0,0,0,0,-94,0,6,1,23385553,0,84,0,0,23.386,384,[84 -64 4 0 0 0 0 0 0 0 0 0 -20 3 -17 -2 -21 -3 -18 2 -19 0 -16 0 -17 -3 -21 -3 -22 -1 -16 -3 -16 -5 -21 -2 -17 -7 -21 -4 -15 -6 -19 -7 -19 -4 -19 -7 -15 -6 -17 -7 -16 -5 -20 -2 -14 -3 -15 -7 -13 -4 -16 -2 -1 2 -18 -6 -15 -3 -16 -1 -13 0 -16 -7 -14 -6 -15 -3 -12 -4 -16 -2 -14 -1 -13 1 -15 0 -18 -1 -15 0 -18 1 -13 -1 -17 -3 -15 2 -14 -3 -18 1 -14 4 -12 -1 -15 1 -19 4 -18 2 -15 -1 -2 -1 0 0 0 0 0 0 0 0 ]
CSI_DATA,AP,68:FE:71:12:53:8C,-32,11,1,7,1,1,1,0,0,0,0,-94,0,6,1,23493638,0,84,0,0,23.494,384,[84 -64 4 0 0 0 0 0 0 0 0 0 16 -15 17 -13 16 -12 19 -16 16 -11 14 -9 14 -14 13 -14 14 -10 15 -10 15 -12 16 -10 19 -8 16 -11 17 -9 16 -11 16 -6 18 -8 16 -10 17 -7 19 -6 17 -7 12 -5 18 -9 16 -9 19 -4 -3 -2 14 -11 17 -10 14 -7 14 -9 12 -4 14 -8 15 -8 15 -7 13 -8 10 -10 13 -9 14 -12 16 -9 15 -12 13 -10 10 -8 14 -8 14 -12 14 -10 9 -10 12 -13 13 -12 13 -13 11 -16 13 -9 11 -13 3 -1 0 0 0 0 0 0 0 0 ]
CSI_DATA,AP,68:FE:71:12:53:8C,-34,11,1,5,1,1,1,0,0,0,0,-96,0,6,1,23588493,0,84,0,0,23.588,384,[84 -64 4 0 0 0 0 0 0 0 0 0 -1 -25 0 -28 -3 -27 0 -26 2 -24 0 -25 4 -26 5 -19 5 -27 6 -20 2 -25 1 -20 3 -22 3 -25 8 -18 7 -23 7 -17 2 -22 5 -16 2 -20 8 -22 3 -20 5 -21 6 -22 1 -20 1 -21 0 0 0 -16 0 -22 5 -21 -2 -14 4 -16 3 -18 1 -16 -3 -18 -2 -16 2 -16 0 -20 1 -18 1 -14 -2 -18 2 -20 -5 -16 0 -22 -5 -19 -1 -19 -2 -16 -3 -16 -3 -15 -5 -19 -7 -19 -5 -16 -1 -14 2 -1 0 0 0 0 0 0 0 0 ]
CSI_DATA,AP,68:FE:71:12:53:8C,-35,11,1,6,1,1,1,0,0,0,0,-93,0,6,1,23678140,0,84,0,0,23.678,384,[84 -64 4 0 0 0 0 0 0 0 0 0 2 -8 3 -7 4 -10 4 -9 7 -14 1 -9 8 -12 5 -6 5 -8 7 -11 8 -7 8 -8 6 -6 9 -7 4 -6 9 -9 6 -8 8 -6 4 -6 6 -7 6 -5 6 -6 6 -7 6 -6 7 -11 3 -5 -1 -1 8 -9 5 -6 4 -10 7 -10 2 -8 3 -9 3 -11 7 -10 5 -8 6 -11 6 -8 6 -11 6 -12 5 -11 0 -12 1 -12 1 -10 -1 -11 4 -10 2 -7 1 -6 1 -8 4 -11 3 -13 2 -11 2 -7 -2 -2 0 0 0 0 0 0 0 0 ]
CSI_DATA,AP,68:FE:71:12:53:8C,-35,11,1,6,1,1,1,0,0,0,0,-95,0,6,1,23748363,0,84,0,0,23.748,384,[84 -64 4 0 0 0 0 0 0 0 0 0 6 -12 5 -8 10 -10 8 -11 10 -7 7 -6 13 -8 9 -8 11 -6 12 -10 10 -8 15 -8 9 -7 8 -4 8 -5 8 -10 12 -7 7 -8 9 -8 10 -6 9 -5 14 -6 9 -8 13 -9 11 -9 7 -8 -3 0 9 -8 6 -4 13 -4 8 -4 9 -3 10 -4 9 -4 9 -7 9 -10 10 -6 10 -11 6 -10 8 -10 5 -6 10 -9 8 -12 6 -12 9 -9 4 -12 5 -5 8 -11 7 -11 5 -9 8 -10 7 -9 6 -12 1 3 0 0 0 0 0 0 0 0 ]
CSI_DATA,AP,68:FE:71:12:53:8C,-36,11,1,7,1,1,1,0,0,0,0,-96,0,6,1,23846674,0,84,0,0,23.847,384,[84 -64 4 0 0 0 0 0 0 0 0 0 8 -2 8 -2 7 -8 10 -4 10 -4 8 -2 9 -6 6 -6 7 -6 7 -1 4 -4 6 -6 5 -4 6 -2 8 -6 10 -1 6 1 4 1 8 -2 10 -2 8 1 5 1 5 -5 5 -5 10 -2 4 -4 2 3 9 -4 5 -2 8 1 5 1 5 1 9 1 7 -5 4 0 3 -2 2 -3 4 -6 7 -2 7 -6 5 -1 8 -2 6 -1 6 -7 8 -6 8 -5 4 -6 9 -2 5 -2 4 -7 4 -5 4 -5 6 -8 3 2 0 0 0 0 0 0 0 0 ]
CSI_DATA,AP,68:FE:71:12:53:8C,-37,11,1,7,1,1,1,0,0,0,0,-93,0,6,1,23945645,0,84,0,0,23.946,384,[84 -64 4 0 0 0 0 0 0 0 0 0 -6 14 -6 15 -10 16 -9 17 -13 13 -10 10 -11 13 -11 10 -10 8 -13 13 -10 14 -11 11 -11 9 -16 13 -13 12 -13 13 -14 7 -15 12 -15 10 -13 9 -13 12 -9 10 -14 6 -16 10 -12 10 -15 12 0 3 -12 9 -15 9 -15 13 -9 11 -10 7 -11 10 -12 9 -9 8 -14 10 -12 12 -13 13 -14 10 -7 9 -6 8 -9 14 -10 12 -10 13 -10 13 -8 14 -6 14 -12 16 -5 16 -5 12 -11 17 -7 13 -9 17 1 1 0 0 0 0 0 0 0 0 ]
CSI_DATA,AP,68:FE:71:12:53:8C,-34,11,1,6,1,1,1,1,0,0,0,-94,5,6,1,24074385,0,84,0,0,24.074,384,[84 -64 4 0 0 0 0 0 0 0 0 0 -10 -21 -9 -16 -9 -18 -12 -18 -9 -20 -4 -17 -5 -22 -8 -23 -2 -20 -3 -21 -9 -22 -6 -18 -5 -21 -8 -21 -3 -19 -5 -22 -6 -21 -4 -17 -5 -18 -6 -16 0 -17 -1 -18 1 -17 -5 -18 -5 -21 -5 -21 -3 1 -4 -17 -3 -18 -4 -19 -4 -14 -2 -16 -2 -19 -7 -14 -2 -13 -8 -14 -8 -14 -4 -14 -7 -16 -3 -14 -7 -12 -3 -17 -9 -17 -6 -15 -5 -12 -6 -12 -9 -15 -8 -13 -6 -12 -11 -13 -12 -12 -9 -14 -8 -13 3 -1 0 0 0 0 0 0 0 0 ]
CSI_DATA,AP,68:FE:71:12:53:8C,-35,11,1,5,1,1,1,0,0,0,0,-96,0,6,1,24171847,0,84,0,0,24.172,384,[84 -64 4 0 0 0 0 0 0 0 0 0 19 0 20 -4 22 2 20 -2 22 3 17 5 18 6 20 2 19 0 15 3 15 4 18 2 14 2 19 2 12 2 18 2 14 2 16 5 14 4 11 6 10 6 10 3 11 6 10 2 16 -1 12 4 2 2 14 2 14 -3 12 1 13 -2 10 -2 10 2 12 -1 14 -4 15 -4 12 -3 14 -4 13 -5 9 -4 9 -6 14 -5 10 -7 15 -2 13 -8 9 -2 11 -7 15 -9 11 -5 13 -10 10 -6 13 -6 14 -6 -1 0 0 0 0 0 0 0 0 0 ]
CSI_DATA,AP,68:FE:71:12:53:8C,-33,11,1,7,1,1,1,0,0,0,1,-94,0,6,1,24269876,0,84,0,0,24.27,384,[84 -64 4 0 0 0 0 0 0 0 0 0 18 9 16 7 16 10 18 10 16 9 13 8 13 11 10 10 14 7 11 10 11 9 10 9 11 14 10 10 5 10 13 11 11 6 11 9 5 11 7 10 8 5 9 4 5 7 6 8 10 4 6 6 -1 0 11 2 10 8 8 1 9 2 7 2 9 6 11 1 12 5 12 0 12 4 13 2 6 5 6 1 7 -1 10 0 8 0 7 2 14 -3 7 -2 13 -5 9 0 9 0 8 0 10 -2 13 0 9 1 1 3 0 0 0 0 0 0 0 0 ]
CSI_DATA,AP,68:FE:71:12:53:8C,-38,11,1,7,1,1,1,0,0,0,0,-96,0,6,1,24356217,0,82,0,0,24.356,384,[84 -64 4 0 0 0 0 0 0 0 0 0 34 9 37 9 33 5 34 10 33 9 33 13 30 12 26 10 28 12 25 13 27 13 30 13 27 9 26 15 25 14 26 11 19 10 21 12 22 6 18 7 17 8 17 11 13 8 17 8 15 9 15 6 -2 -2 19 0 19 1 20 1 14 2 15 0 13 -3 15 0 14 0 11 -3 11 -1 15 -2 10 -1 14 -5 15 -8 12 -3 12 -9 15 -5 14 -5 12 -4 13 -7 10 -7 10 -10 6 -9 7 -7 12 -11 7 -13 3 3 0 0 0 0 0 0 0 0 ]
CSI_DATA,AP,68:FE:71:12:53:8C,-42,11,1,5,1,1,1,0,0,0,0,-96,0,6,1,24459665,0,84,0,0,24.46,384,[84 -64 4 0 0 0 0 0 0 0 0 0 28 -17 29 -17 28 -18 32 -16 28 -14 24 -10 28 -15 23 -9 23 -11 23 -11 26 -6 27 -10 27 -6 24 -8 23 -8 26 -8 17 -5 16 -7 21 -10 16 -5 16 -10 15 -11 15 -3 16 -7 13 -5 15 -11 -3 -2 13 -7 10 -7 9 -6 11 -11 10 -8 9 -8 8 -10 5 -8 11 -10 3 -8 8 -10 4 -10 8 -15 3 -10 3 -9 1 -9 4 -13 4 -9 5 -13 3 -14 4 -14 3 -14 5 -16 1 -13 4 -15 -1 -14 1 0 0 0 0 0 0 0 0 0 ]
CSI_DATA,AP,68:FE:71:12:53:8C,-36,11,1,7,1,1,1,0,0,0,0,-94,0,6,1,24577190,0,84,0,0,24.577,384,[84 -64 4 0 0 0 0 0 0 0 0 0 -6 14 -8 17 -8 14 -7 13 -7 18 -11 11 -8 17 -11 13 -9 16 -11 11 -6 13 -11 10 -11 13 -8 12 -7 9 -11 15 -11 14 -10 8 -8 14 -11 11 -11 15 -7 12 -10 13 -6 14 -9 14 -11 11 1 2 -5 14 -9 11 -10 12 -6 15 -4 16 -7 14 -6 15 -4 13 -9 15 -7 15 -3 16 -6 16 -4 16 -9 12 -10 11 -3 16 -5 15 -7 16 -3 11 -8 17 -7 16 -10 13 -5 12 -6 14 -7 11 -2 15 -1 1 0 0 0 0 0 0 0 0 ]
CSI_DATA,AP,68:FE:71:12:53:8C,-34,11,1,6,1,1,1,0,0,0,1,-96,0,6,1,24693883,0,84,0,0,24.694,384,[84 -64 4 0 0 0 0 0 0 0 0 0 5 -5 2 -6 2 -6 6 -4 1 -4 7 -6 4 -2 1 -6 8 -7 4 -6 7 -5 6 -2 6 -5 6 -6 3 -1 5 -3 8 -7 7 -3 7 -6 7 -4 5 -5 4 -2 7 -6 5 -6 5 -4 6 -7 -2 -1 6 -4 8 -3 4 -7 8 -2 7 -2 6 -5 8 -7 6 -1 6 -3 3 -4 4 -4 1 -7 7 -5 7 -4 5 -5 3 -7 6 -4 8 -9 7 -2 1 -5 7 -6 1 -5 3 -3 5 -8 3 -6 8 -3 3 -3 0 0 0 0 0 0 0 0 ]
CSI_DATA,AP,68:FE:71:12:53:8C,-37,11,1,5,1,1,1,0,0,0,0,-96,0,6,1,24773522,0,84,0,0,24.774,384,[84 -64 4 0 0 0 0 0 0 0 0 0 -7 -14 -7 -16 -6 -16 -6 -21 -3 -19 -2 -16 -1 -18 -1 -18 -1 -18 -1 -15 0 -19 -3 -19 -3 -20 -2 -21 1 -15 -3 -21 0 -19 -1 -17 3 -17 -1 -16 1 -19 2 -19 4 -14 0 -14 3 -18 3 -16 1 0 -1 -19 -3 -15 -4 -15 1 -15 -2 -17 -1 -14 -3 -18 -5 -18 -5 -12 -5 -13 -3 -14 -6 -13 -1 -12 -7 -11 -5 -12 -3 -15 -2 -17 -8 -11 -3 -11 -3 -14 -2 -15 -3 -13 -8 -10 -7 -11 -8 -16 -9 -10 0 -2 0 0 0 0 0 0 0 0 ]
CSI_DATA,AP,68:FE:71:12:53:8C,-37,11,1,6,1,1,1,1,0,0,0,-94,1,6,1,24883882,0,84,0,0,24.884,384,[84 -64 4 0 0 0 0 0 0 0 0 0 2 -15 -1 -15 1 -16 2 -21 6 -21 4 -14 9 -19 4 -18 6 -17 8 -22 5 -17 7 -21 9 -18 11 -22 9 -20 13 -20 9 -16 12 -17 11 -14 8 -21 13 -18 10 -14 7 -15 7 -15 10 -18 12 -21 1 0 7 -19 7 -16 10 -19 11 -15 9 -19 8 -17 5 -20 10 -16 6 -20 3 -21 6 -22 5 -14 4 -16 2 -20 3 -22 7 -22 7 -21 7 -19 4 -22 4 -18 3 -23 2 -18 6 -17 3 -20 0 -18 5 -22 -2 -1 0 0 0 0 0 0 0 0 ]
CSI_DATA,AP,68:FE:71:12:53:8C,-38,11,1,6,1,1,1,1,0,0,0,-94,4,6,1,24970032,0,84,0,0,24.97,384,[84 -64 4 0 0 0 0 0 0 0 0 0 5 -2 12 -2 12 4 11 -1 6 3 7 -2 6 0 8 0 8 4 9 -1 8 4 12 3 11 3 11 2 9 1 10 3 13 5 10 0 11 2 10 3 11 4 8 4 11 4 9 6 8 5 12 4 0 -3 6 4 8 5 9 2 12 2 10 2 5 0 7 4 6 4 6 3 8 0 6 0 9 -2 6 2 6 2 11 1 8 3 12 0 9 1 9 0 9 -3 7 -4 8 -2 6 -1 9 0 11 1 8 -2 2 0 0 0 0 0 0 0 0 0 ]
CSI_DATA,AP,68:FE:71:12:53:8C,-34,11,1,5,1,1,1,0,0,0,0,-95,0,6,1,25056932,0,84,0,0,25.057,384,[84 -64 4 0 0 0 0 0 0 0 0 0 12 -3 14 -9 9 -8 12 -8 15 -7 16 -3 15 -5 14 -4 12 -2 13 -2 15 0 16 -2 13 -3 15 0 14 -2 18 -3 17 2 15 -2 16 -1 14 0 12 1 18 2 14 -4 12 -4 13 -1 12 -2 3 3 12 0 14 -1 11 -1 15 0 12 -2 13 -1 10 -5 11 -5 14 -4 15 -3 14 -3 13 -3 9 -1 10 -1 16 -3 16 -5 13 -6 12 -3 14 -7 13 -7 12 -3 9 -4 11 -1 10 -7 12 -7 14 -2 -3 1 0 0 0 0 0 0 0 0 ]
CSI_DATA,AP,68:FE:71:12:53:8C,-39,11,1,4,1,1,1,0,0,0,1,-94,0,6,1,25163164,0,84,0,0,25.163,384,[84 -64 4 0 0 0 0 0 0 0 0 0 14 -14 13 -17 17 -15 15 -19 14 -15 17 -13 13 -17 14 -15 13 -13 18 -15 17 -10 18 -16 17 -12 20 -11 18 -14 14 -12 16 -12 13 -14 11 -8 14 -13 15 -11 13 -13 13 -7 12 -9 13 -13 11 -9 2 -2 11 -7 16 -10 10 -15 13 -16 14 -13 14 -10 12 -15 10 -16 8 -10 8 -16 7 -12 7 -12 7 -12 10 -16 11 -11 9 -11 12 -14 7 -13 11 -16 5 -18 6 -13 7 -15 10 -16 9 -16 10 -17 5 -17 -2 3 0 0 0 0 0 0 0 0 ]
CSI_DATA,AP,68:FE:71:12:53:8C,-34,11,1,6,1,1,1,0,0,0,1,-95,0,6,1,25262726,0,84,0,0,25.263,384,[37 80 2 0 0 0 0 0 0 0 0 0 -25 -15 -27 -17 -25 -22 -24 -22 -24 -21 -22 -21 -25 -23 -25 -20 -23 -24 -21 -22 -27 -21 -25 -21 -21 -23 -24 -21 -16 -22 -23 -23 -18 -20 -15 -19 -16 -22 -20 -20 -19 -24 -15 -20 -16 -21 -20 -19 -21 -22 -18 -21 -3 1 -17 -20 -18 -22 -22 -16 -21 -18 -22 -19 -21 -20 -21 -20 -22 -15 -22 -15 -18 -14 -21 -13 -20 -16 -20 -14 -18 -12 -20 -11 -23 -14 -23 -14 -21 -13 -19 -12 -20 -16 -21 -12 -23 -14 -24 -10 -27 -13 -23 -6 -23 -8 1 -1 0 0 0 0 0 0 0 0 ]
CSI_DATA,AP,68:FE:71:12:53:8C,-37,11,1,6,1,1,1,0,0,0,0,-94,0,6,1,25352009,0,84,0,0,25.352,384,[84 -64 4 0 0 0 0 0 0 0 0 0 1 -30 0 -28 -1 -30 4 -33 1 -27 5 -31 7 -31 2 -30 6 -27 6 -29 4 -26 6 -25 4 -31 6 -25 4 -27 10 -29 4 -29 4 -28 7 -24 6 -28 6 -25 5 -24 6 -27 8 -28 7 -26 6 -23 3 1 5 -26 7 -27 0 -24 2 -27 3 -23 0 -23 -2 -21 -2 -25 -2 -21 -1 -21 0 -25 2 -25 -3 -24 -2 -23 -2 -22 0 -26 0 -24 -1 -25 0 -20 -1 -24 -6 -22 -6 -26 -3 -25 -4 -28 -7 -27 -5 -24 -1 -1 0 0 0 0 0 0 0 0 ]
CSI_DATA,AP,68:FE:71:12:53:8C,-37,11,1,7,1,1,1,0,0,0,0,-94,0,6,1,25462029,0,84,0,0,25.462,384,[84 -64 4 0 0 0 0 0 0 0 0 0 18 4 20 6 22 5 21 8 19 9 21 5 18 8 22 9 22 10 21 9 15 10 16 11 16 10 16 10 15 6 18 11 18 10 16 9 17 6 14 6 13 7 15 6 17 10 15 11 14 12 18 7 -1 2 11 8 15 9 15 5 12 7 16 4 13 10 17 6 14 5 17 7 14 5 17 5 17 8 15 2 16 4 15 6 14 2 16 1 15 3 15 2 13 4 15 2 14 4 17 0 18 0 15 4 18 2 0 1 0 0 0 0 0 0 0 0 ]
CSI_DATA,AP,68:FE:71:12:53:8C,-34,11,1,5,1,1,1,0,0,0,0,-93,0,6,1,25554108,0,84,0,0,25.554,384,[84 -64 4 0 0 0 0 0 0 0 0 0 -23 -1 -16 -3 -20 -6 -21 -4 -22 -3 -16 -7 -15 -8 -20 -3 -16 -10 -19 -9 -16 -4 -18 -4 -19 -7 -15 -10 -17 -8 -14 -11 -18 -5 -15 -9 -15 -6 -18 -9 -15 -11 -16 -4 -12 -8 -14 -8 -12 -6 -13 -7 -3 -1 -13 -9 -15 -3 -17 -3 -17 -4 -13 -5 -16 -7 -13 -4 -18 -2 -13 -5 -14 -2 -15 -3 -15 -1 -15 -1 -13 -2 -13 1 -14 -4 -17 -1 -13 1 -13 -4 -18 -1 -13 3 -17 -3 -18 -1 -16 0 -17 0 -15 -1 3 2 0 0 0 0 0 0 0 0 ]
CSI_DATA,AP,68:FE:71:12:53:8C,-31,11,1,7,1,1,1,0,0,0,0,-94,0,6,1,25625544,0,84,0,0,25.626,384,[84 -64 4 0 0 0 0 0 0 0 0 0 -2 -20 0 -21 -1 -20 -1 -24 5 -20 6 -22 1 -20 2 -16 7 -20 2 -19 4 -20 7 -16 6 -16 3 -21 4 -17 8 -19 8 -19 4 -19 3 -15 5 -13 7 -16 3 -18 7 -17 7 -17 6 -13 2 -13 0 -3 3 -17 1 -14 6 -19 4 -16 5 -18 2 -12 1 -15 2 -14 1 -17 0 -15 0 -14 -1 -12 3 -14 -2 -15 -3 -12 3 -19 -2 -16 2 -14 -1 -14 2 -16 -3 -15 -1 -13 -1 -13 0 -18 -5 -18 -2 -16 -2 -3 0 0 0 0 0 0 0 0 ]
CSI_DATA,AP,68:FE:71:12:53:8C,-36,11,1,6,1,1,1,0,0,0,0,-95,0,6,1,25722705,0,84,0,0,25.723,384,[84 -64 4 0 0 0 0 0 0 0 0 0 18 11 13 7 15 9 14 11 15 9 16 9 11 14 11 13 10 9 13 11 15 12 10 14 15 10 10 15 13 12 11 14 10 11 14 9 13 10 14 10 11 13 10 8 12 9 12 8 7 13 14 10 1 0 13 8 12 7 14 12 13 8 8 8 11 8 13 5 8 6 12 8 15 10 12 8 9 9 13 5 13 4 15 5 14 3 15 4 14 5 15 3 13 6 15 7 14 4 17 1 13 3 13 4 11 4 -3 0 0 0 0 0 0 0 0 0 ]
CSI_DATA,AP,68:FE:71:12:53:8C,-34,11,0,0,0,0,0,0,0,0,0,-95,0,6,1,25817722,0,37,0,0,25.818,128,[84 -64 4 0 0 0 0 0 0 0 0 0 -17 -8 -16 -6 -16 -11 -17 -9 -20 -8 -17 -9 -17 -13 -16 -13 -15 -16 -16 -15 -14 -10 -17 -10 -13 -11 -12 -12 -11 -11 -14 -12 -11 -12 -14 -11 -16 -13 -15 -15 -15 -12 -15 -11 -15 -10 -14 -11 -13 -12 -16 -11 3 1 -14 -11 -11 -9 -12 -10 -12 -8 -13 -12 -12 -12 -14 -6 -12 -10 -13 -8 -14 -7 -15 -10 -17 -6 -13 -7 -11 -7 -17 -7 -12 -6 -12 -10 -14 -9 -12 -8 -17 -9 -18 -4 -12 -4 -18 -5 -17 -9 -12 -3 -13 -6 2 3 0 0 0 0 0 0 0 0 ]
CSI_DATA,AP,68:FE:71:12:53:8C,-39,11,1,4,1,1,1,0,0,0,0,-95,0,6,1,25898966,0,84,0,0,25.899,384,[84 -64 4 0 0 0 0 0 0 0 0 0 -1 -21 -2 -22 -4 -24 0 -24 -1 -20 -2 -18 -3 -21 2 -19 2 -23 4 -23 1 -20 5 -17 -1 -22 3 -21 -1 -21 4 -22 4 -19 0 -19 4 -19 4 -16 3 -20 5 -18 5 -15 0 -19 2 -17 1 -16 3 2 -1 -17 -1 -17 -1 -18 1 -16 2 -19 1 -18 -4 -19 1 -18 -2 -14 0 -19 -1 -15 -2 -16 -1 -19 0 -18 -4 -14 -3 -17 -5 -19 -3 -13 -3 -13 -6 -16 -4 -13 -7 -18 -1 -19 -7 -17 -7 -15 -4 -16 3 -2 0 0 0 0 0 0 0 0 ]
CSI_DATA,AP,68:FE:71:12:53:8C,-35,11,1,6,1,1,1,0,0,0,0,-95,0,6,1,26002015,0,84,0,0,26.002,384,[84 -64 4 0 0 0 0 0 0 0 0 0 -18 1 -17 1 -22 0 -20 -2 -17 2 -18 1 -21 -4 -22 -4 -22 -5 -16 -5 -17 -6 -16 -7 -20 -7 -19 -1 -18 -5 -19 -7 -14 -5 -19 -5 -16 -5 -14 -3 -15 -6 -16 -5 -17 -7 -14 -1 -18 -6 -19 -7 0 2 -13 -4 -13 -3 -13 -5 -19 -2 -14 0 -16 -2 -14 -4 -18 -3 -15 0 -14 0 -17 -2 -12 2 -14 -1 -12 1 -13 -1 -16 6 -14 -1 -15 0 -13 2 -14 4 -12 0 -18 4 -18 5 -14 6 -13 7 -14 3 -1 1 0 0 0 0 0 0 0 0 ]
CSI_DATA,AP,68:FE:71:12:53:8C,-35,11,1,6,1,1,1,1,0,0,0,-94,6,6,1,26095177,0,84,0,0,26.095,384,[84 -64 4 0 0 0 0 0 0 0 0 0 -3 -18 -3 -21 -2 -21 -1 -19 2 -23 2 -23 4 -23 4 -23 1 -21 4 -21 1 -21 4 -24 2 -24 2 -18 2 -17 3 -21 6 -20 3 -18 5 -22 1 -20 5 -18 3 -18 3 -14 5 -18 5 -19 2 -19 -1 -2 0 -14 0 -16 -1 -15 0 -17 0 -20 -2 -19 -1 -19 -3 -18 1 -16 1 -16 1 -15 -1 -19 -4 -19 0 -19 1 -16 0 -19 -2 -16 -4 -18 -6 -15 -5 -14 -1 -19 -5 -16 -3 -20 -6 -18 -8 -16 -6 -20 -2 1 0 0 0 0 0 0 0 0 ]
CSI_DATA,AP,68:FE:71:12:53:8C,-34,11,1,7,1,1,1,1,0,0,0,-95,4,6,1,26196966,0,84,0,0,26.197,384,[84 -64 4 0 0 0 0 0 0 0 0 0 -13 -12 -13 -16 -12 -14 -11 -14 -14 -16 -14 -16 -14 -16 -10 -16 -11 -19 -11 -21 -8 -15 -7 -17 -12 -21 -6 -21 -11 -19 -10 -15 -9 -17 -9 -17 -10 -20 -11 -16 -8 -19 -11 -14 -10 -14 -10 -14 -5 -17 -6 -16 1 3 -6 -18 -10 -14 -11 -16 -12 -13 -7 -11 -11 -17 -7 -14 -10 -13 -12 -10 -10 -9 -13 -15 -8 -14 -14 -14 -9 -16 -11 -16 -15 -12 -14 -15 -14 -15 -10 -14 -10 -12 -9 -12 -15 -11 -11 -10 -15 -13 -10 -13 -13 -10 2 -3 0 0 0 0 0 0 0 0 ]
CSI_DATA,AP,68:FE:71:12:53:8C,-37,11,1,7,1,1,1,0,0,0,0,-93,0,6,1,26297861,0,84,0,0,26.298,384,[84 -64 4 0 0 0 0 0 0 0 0 0 -11 -15 -11 -16 -12 -20 -9 -20 -12 -20 -10 -16 -11 -17 -11 -19 -10 -19 -5 -20 -6 -18 -10 -19 -7 -19 -10 -21 -7 -20 -6 -20 -9 -18 -7 -17 -9 -17 -7 -14 -4 -18 -3 -17 -8 -18 -4 -17 -7 -19 -9 -16 -1 2 -5 -18 -8 -14 -5 -19 -6 -16 -10 -16 -4 -17 -10 -12 -5 -13 -5 -17 -9 -11 -6 -16 -10 -15 -11 -14 -10 -17 -10 -13 -8 -17 -9 -11 -10 -10 -9 -12 -12 -10 -12 -12 -9 -13 -13 -16 -10 -12 -11 -15 -13 -9 -2 -1 0 0 0 0 0 0 0 0 ]
CSI_DATA,AP,68:FE:71:12:53:8C,-38,11,1,5,1,1,1,0,0,0,0,-95,0,6,1,26398131,0,84,0,0,26.398,384,[84 -64 4 0 0 0 0 0 0 0 0 0 -21 -10 -16 -12 -17 -8 -17 -8 -16 -14 -14 -7 -18 -14 -19 -10 -17 -10 -15 -14 -15 -11 -18 -13 -16 -15 -16 -13 -15 -10 -16 -14 -11 -12 -13 -14 -15 -13 -14 -14 -15 -12 -14 -11 -13 -11 -9 -15 -15 -9 -11 -9 -3 0 -11 -8 -11 -13 -15 -10 -12 -12 -13 -12 -11 -13 -13 -13 -10 -13 -15 -13 -17 -12 -16 -9 -17 -6 -16 -11 -16 -11 -15 -11 -13 -8 -17 -8 -16 -10 -15 -4 -17 -5 -14 -5 -14 -7 -13 -9 -15 -7 -15 -4 -16 -3 3 2 0 0 0 0 0 0 0 0 ]
CSI_DATA,AP,68:FE:71:12:53:8C,-35,11,1,6,1,1,1,0,0,0,0,-96,0,6,1,26489150,0,84,0,0,26.489,384,[84 -64 4 0 0 0 0 0 0 0 0 0 -40 -3 -38 -4 -37 0 -41 -6 -41 -4 -40 -5 -36 -5 -36 -10 -38 -6 -38 -9 -35 -12 -36 -12 -34 -7 -35 -9 -31 -10 -38 -9 -34 -12 -37 -14 -35 -14 -32 -10 -31 -14 -33 -8 -31 -12 -33 -10 -34 -9 -32 -10 0 0 -33 -11 -34 -6 -29 -6 -33 -10 -29 -11 -31 -6 -35 -6 -33 -10 -30 -5 -31 -2 -29 -1 -31 -4 -33 -2 -34 -4 -29 -2 -30 3 -36 1 -32 2 -31 -2 -32 -1 -30 -2 -33 -1 -36 3 -34 6 -32 -1 -30 3 -3 -2 0 0 0 0 0 0 0 0 ]
CSI_DATA,AP,68:FE:71:12:53:8C,-39,11,1,6,1,1,1,0,0,0,0,-93,0,6,1,26576924,0,82,0,0,26.577,384,[84 -64 4 0 0 0 0 0 0 0 0 0 10 14 11 17 10 19 5 22 10 20 4 18 3 15 6 21 8 15 2 19 1 17 2 19 3 18 5 17 6 18 5 21 0 19 4 19 3 16 5 20 4 14 3 20 2 15 0 15 2 19 3 14 1 -3 1 15 3 13 2 15 4 19 3 14 7 14 4 15 2 13 3 12 6 13 7 17 9 11 9 15 4 14 8 15 4 15 6 14 5 14 9 10 8 14 6 16 11 13 5 16 9 13 7 12 11 12 -3 2 0 0 0 0 0 0 0 0 ]
CSI_DATA,AP,68:FE:71:12:53:8C,-32,11,1,7,1,1,1,0,0,0,0,-93,0,6,1,26677586,0,84,0,0,26.678,384,[84 -64 4 0 0 0 0 0 0 0 0 0 18 8 13 6 16 10 19 5 17 5 14 10 14 8 15 10 12 8 12 12 11 8 16 7 16 9 13 10 14 12 10 9 12 7 13 6 10 12 11 11 13 7 11 12 9 6 13 9 15 6 15 8 0 -3 11 4 11 9 12 7 9 7 10 8 10 6 10 4 10 5 12 8 11 2 15 4 9 3 13 6 16 4 11 7 13 7 11 3 12 2 13 3 11 5 16 3 14 3 12 1 16 0 15 6 12 6 -3 -1 0 0 0 0 0 0 0 0 ]
CSI_DATA,AP,68:FE:71:12:53:8C,-36,11,1,6,1,1,1,0,0,0,0,-95,0,6,1,26784857,0,84,0,0,26.785,384,[84 -64 4 0 0 0 0 0 0 0 0 0 6 18 1 21 0 21 0 19 1 17 -1 19 1 18 1 15 -4 17 -3 18 0 18 0 16 -4 16 -5 18 -3 18 -6 18 -1 13 0 13 0 14 -2 19 1 13 -2 13 -3 15 -1 13 -4 14 -3 13 1 3 0 13 2 16 2 12 -1 16 3 15 -3 14 2 12 3 12 4 15 0 14 -1 11 0 16 -1 14 5 15 1 15 1 16 0 11 2 17 6 14 6 15 5 10 2 13 8 13 2 13 3 12 5 16 -3 0 0 0 0 0 0 0 0 0 ]
CSI_DATA,AP,68:FE:71:12:53:8C,-37,11,1,6,1,1,1,0,0,0,1,-96,0,6,1,26869011,0,84,0,0,26.869,384,[84 -64 4 0 0 0 0 0 0 0 0 0 -42 -3 -42 -3 -41 -3 -46 -1 -43 -3 -41 -8 -42 -4 -42 -7 -40 -8 -38 -11 -38 -11 -43 -11 -39 -10 -39 -10 -37 -16 -40 -15 -33 -15 -33 -13 -37 -9 -35 -12 -31 -12 -34 -10 -34 -14 -35 -10 -37 -15 -34 -12 0 -2 -32 -11 -32 -6 -31 -5 -38 -6 -31 -10 -33 -8 -31 -6 -31 -3 -33 -7 -35 -4 -32 -2 -35 -2 -36 -2 -32 -3 -33 -6 -31 -2 -35 -3 -35 6 -33 1 -35 5 -30 0 -31 4 -35 2 -36 6 -38 3 -31 1 3 -3 0 0 0 0 0 0 0 0 ]
CSI_DATA,AP,68:FE:71:12:53:8C,-34,11,1,6,1,1,1,0,0,0,1,-96,0,6,1,26970861,0,84,0,0,26.971,384,[84 -64 4 0 0 0 0 0 0 0 0 0 -16 -10 -17 -14 -16 -13 -14 -17 -16 -17 -15 -12 -12 -16 -9 -17 -12 -17 -10 -17 -11 -17 -13 -15 -10 -16 -14 -18 -11 -19 -10 -18 -9 -17 -12 -13 -8 -16 -11 -18 -8 -13 -11 -15 -6 -14 -12 -16 -11 -17 -10 -14 -3 -1 -11 -14 -12 -16 -9 -12 -11 -12 -9 -16 -10 -15 -8 -16 -11 -15 -7 -9 -11 -12 -10 -11 -9 -13 -9 -11 -8 -13 -12 -13 -14 -11 -10 -11 -15 -11 -12 -13 -16 -10 -15 -12 -15 -13 -16 -12 -14 -11 -13 -10 -12 -10 -3 1 0 0 0 0 0 0 0 0 ]
CSI_DATA,AP,68:FE:71:12:53:8C,-36,11,1,6,1,1,1,0,0,0,0,-96,0,6,1,27022723,0,84,0,0,27.023,384,[84 -64 4 0 0 0 0 0 0 0 0 0 -21 11 -22 6 -18 9 -20 3 -17 8 -18 8 -22 7 -17 3 -16 3 -19 6 -20 4 -23 5 -20 1 -22 5 -18 0 -22 3 -18 2 -14 5 -14 5 -18 1 -16 0 -20 1 -15 3 -14 1 -14 3 -18 4 -2 3 -19 3 -13 2 -15 2 -15 4 -19 4 -12 7 -14 4 -14 2 -15 3 -12 7 -16 5 -17 2 -13 5 -16 9 -17 8 -13 9 -15 6 -14 5 -17 8 -12 5 -15 5 -14 5 -14 8 -13 11 -12 5 -10 11 3 0 0 0 0 0 0 0 0 0 ]
CSI_DATA,AP,68:FE:71:12:53:8C,-36,11,1,5,1,1,1,0,0,0,0,-94,0,6,1,27134893,0,84,0,0,27.135,384,[84 -64 4 0 0 0 0 0 0 0 0 0 2 -18 2 -20 4 -23 5 -21 8 -21 6 -19 5 -20 8 -15 9 -22 5 -17 8 -16 9 -21 11 -15 9 -18 9 -19 8 -15 9 -16 5 -19 8 -19 11 -13 6 -14 6 -17 6 -16 9 -15 9 -14 10 -18 2 1 3 -14 4 -17 8 -14 4 -17 6 -14 5 -12 5 -13 1 -12 7 -14 4 -18 1 -17 1 -16 1 -17 3 -16 0 -18 6 -13 2 -19 5 -13 2 -15 4 -15 4 -15 2 -19 1 -20 4 -15 -2 -15 3 -17 -1 1 0 0 0 0 0 0 0 0 ]
CSI_DATA,AP,68:FE:71:12:53:8C,-39,11,1,6,1,1,1,0,0,0,0,-96,0,6,1,27208559,0,84,0,0,27.209,384,[84 -64 4 0 0 0 0 0 0 0 0 0 -6 10 -8 12 -13 11 -14 12 -12 14 -13 11 -12 15 -14 14 -15 11 -10 9 -15 8 -15 10 -16 12 -12 7 -9 9 -15 9 -13 10 -15 12 -9 11 -14 10 -10 8 -11 11 -13 11 -9 8 -15 9 -9 9 2 2 -13 6 -11 7 -8 7 -9 11 -14 8 -10 6 -12 8 -8 10 -9 8 -9 10 -9 12 -10 8 -7 9 -10 11 -8 9 -9 11 -7 8 -10 13 -4 12 -5 12 -9 10 -4 14 -10 13 -9 15 -9 11 -4 14 2 -1 0 0 0 0 0 0 0 0 ]
CSI_DATA,AP,68:FE:71:12:53:8C,-36,11,1,6,1,1,1,0,0,0,0,-94,0,6,1,27295831,0,84,0,0,27.296,384,[84 -64 4 0 0 0 0 0 0 0 0 0 -24 5 -24 6 -23 0 -24 5 -25 -1 -21 -2 -21 2 -23 -4 -18 1 -17 -3 -19 1 -20 0 -18 -3 -23 -2 -19 -5 -18 -4 -17 -5 -18 -3 -22 -3 -20 -5 -18 -1 -18 -7 -16 -1 -20 0 -16 0 -17 -2 -2 -1 -15 1 -17 -4 -18 -1 -15 -1 -20 -1 -18 0 -15 -2 -20 0 -14 1 -16 3 -18 3 -13 3 -15 4 -17 0 -18 -1 -15 -1 -15 0 -15 3 -20 4 -15 5 -14 2 -19 1 -20 4 -15 2 -17 2 -19 5 -3 1 0 0 0 0 0 0 0 0 ]
CSI_DATA,AP,68:FE:71:12:53:8C,-34,11,1,7,1,1,1,0,0,0,1,-96,0,6,1,27389910,0,84,0,0,27.39,384,[84 -64 4 0 0 0 0 0 0 0 0 0 20 7 16 7 19 10 16 9 19 13 18 13 19 12 12 9 17 14 15 15 14 13 12 16 13 12 12 11 12 17 12 13 12 11 11 12 10 10 13 12 15 13 14 12 9 13 13 15 13 16 11 12 -2 -3 11 10 16 11 13 13 15 12 14 13 15 12 14 9 10 12 10 11 15 6 13 9 13 11 12 5 13 5 13 9 18 7 12 10 13 4 16 8 18 6 12 4 11 9 15 5 14 5 18 7 17 3 -3 2 0 0 0 0 0 0 0 0 ]
CSI_DATA,AP,68:FE:71:12:53:8C,-36,11,1,6,1,1,1,0,0,0,0,-95,0,6,1,27498260,0,84,0,0,27.498,384,[84 -64 4 0 0 0 0 0 0 0 0 0 0 20 -4 18 -1 20 -1 24 -4 21 -4 18 -7 22 -11 20 -7 21 -9 19 -10 18 -7 22 -8 18 -7 21 -8 19 -12 18 -12 21 -11 16 -11 19 -7 17 -8 17 -8 17 -6 14 -11 17 -10 18 -5 19 0 0 -10 14 -8 14 -4 16 -2 15 -5 13 -6 18 -9 16 -4 19 -3 15 -7 16 0 14 -1 17 -3 19 -5 14 -2 15 -3 15 0 15 -1 20 -5 18 -1 18 -3 18 -3 15 2 19 2 17 -3 15 -2 14 0 2 0 0 0 0 0 0 0 0 ]
CSI_DATA,AP,68:FE:71:12:53:8C,-34,11,0,0,0,0,0,1,0,0,0,-95,5,6,1,27612435,0,37,0,0,27.612,128,[84 -64 4 0 0 0 0 0 0 0 0 0 5 -19 3 -24 4 -25 6 -24 6 -22 6 -21 7 -24 4 -17 8 -23 4 -23 7 -24 5 -22 8 -24 10 -20 10 -21 10 -16 8 -19 6 -16 5 -21 6 -16 10 -17 4 -20 9 -17 4 -15 6 -17 4 -21 1 -3 6 -15 6 -19 9 -20 1 -14 7 -20 7 -20 5 -17 6 -17 6 -21 4 -15 3 -21 -1 -14 1 -16 -1 -21 3 -18 -1 -22 4 -19 -1 -17 4 -19 -3 -14 -2 -14 -3 -19 0 -19 -5 -16 1 -16 -2 -18 2 -2 0 0 0 0 0 0 0 0 ]
CSI_DATA,AP,68:FE:71:12:53:8C,-33,11,1,7,1,1,1,0,0,0,0,-94,0,6,1,27696862,0,84,0,0,27.697,384,[84 -64 4 0 0 0 0 0 0 0 0 0 15 -18 13 -14 18 -16 19 -16 14 -14 19 -14 16 -12 20 -10 18 -10 17 -6 22 -13 16 -10 18 -9 20 -9 19 -8 19 -11 14 -9 18 -8 14 -7 14 -8 18 -6 17 -5 17 -7 17 -7 21 -4 13 -6 0 -3 13 -5 13 -8 16 -12 16 -13 11 -11 17 -12 17 -7 11 -10 14 -10 11 -10 10 -10 14 -13 11 -14 15 -12 15 -9 14 -12 11 -9 15 -9 14 -15 10 -15 9 -15 9 -9 10 -11 12 -16 11 -12 12 -13 2 0 0 0 0 0 0 0 0 0 ]
CSI_DATA,AP,68:FE:71:12:53:8C,-38,11,1,6,1,1,1,0,0,0,0,-93,0,6,1,27818889,0,84,0,0,27.819,384,[84 -64 4 0 0 0 0 0 0 0 0 0 0 19 3 18 2 19 0 20 -3 25 -4 20 2 21 -3 23 -4 22 -3 23 0 18 -1 24 -3 20 -4 17 -1 19 -1 20 -5 22 -5 15 -2 16 -5 16 -1 16 -5 15 -3 15 -5 19 -1 18 -3 20 -3 1 -4 17 2 16 1 16 -2 15 -2 19 -1 16 1 17 -2 16 2 18 4 19 1 20 4 18 4 17 1 13 5 19 3 15 2 15 0 15 1 19 4 17 7 19 2 14 6 17 8 14 2 12 1 18 3 -2 0 0 0 0 0 0 0 0 ]
CSI_DATA,AP,68:FE:71:12:53:8C,-38,11,1,6,1,1,1,0,0,0,1,-96,0,6,1,27894447,0,84,0,0,27.894,384,[84 -64 4 0 0 0 0 0 0 0 0 0 21 6 22 5 23 6 20 10 17 5 15 9 18 10 18 10 16 14 17 13 17 12 15 14 16 12 20 13 14 11 17 14 17 14 13 8 16 11 15 8 13 14 14 13 12 13 11 12 17 8 15 12 1 -2 13 12 15 12 13 9 14 11 17 9 13 11 17 10 14 5 12 9 13 7 18 5 16 10 14 4 18 8 12 8 18 3 12 5 14 3 13 2 13 4 18 3 17 8 18 6 16 4 18 4 18 2 2 2 0 0 0 0 0 0 0 0 ]
CSI_DATA,AP,68:FE:71:12:53:8C,-35,11,1,7,1,1,1,1,0,0,0,-93,5,6,1,27980939,0,84,0,0,27.981,384,[84 -64 4 0 0 0 0 0 0 0 0 0 -5 22 -10 18 -8 18 -8 22 -9 21 -8 17 -8 19 -9 19 -11 16 -10 20 -13 20 -16 17 -13 20 -15 19 -14 17 -13 14 -17 15 -15 12 -12 16 -11 16 -12 12 -14 18 -12 15 -13 13 -11 12 -11 16 -3 1 -13 15 -11 14 -12 18 -9 13 -11 15 -12 15 -7 18 -9 14 -8 18 -5 16 -9 15 -4 19 -9 15 -6 18 -4 14 -10 19 -5 19 -6 16 -3 16 -2 19 -2 14 -7 18 -2 18 -3 19 -7 16 -5 15 1 3 0 0 0 0 0 0 0 0 ]
CSI_DATA,AP,68:FE:71:12:53:8C,-35,11,1,6,1,1,1,0,0,0,0,-95,0,6,1,28095908,0,84,0,0,28.096,384,[84 -64 4 0 0 0 0 0 0 0 0 0 6 -19 6 -20 7 -20 12 -18 10 -18 13 -16 9 -18 8 -19 10 -13 7 -18 12 -17 13 -20 12 -20 9 -18 15 -13 13 -16 13 -16 13 -12 13 -14 12 -14 11 -11 11 -10 9 -12 8 -14 14 -14 8 -10 -2 -1 14 -11 14 -11 8 -15 8 -14 8 -16 9 -13 6 -15 7 -16 11 -16 6 -11 6 -14 4 -15 8 -17 7 -14 4 -16 7 -15 5 -15 8 -18 6 -15 7 -15 4 -18 9 -16 2 -16 7 -16 2 -15 4 -19 -3 -2 0 0 0 0 0 0 0 0 ]
CSI_DATA,AP,68:FE:71:12:53:8C,-35,11,1,7,1,1,1,0,0,0,0,-95,0,6,1,28194121,0,84,0,0,28.194,384,[84 -64 4 0 0 0 0 0 0 0 0 0 16 -16 18 -15 18 -12 18 -12 14 -10 16 -12 17 -8 14 -11 15 -11 18 -6 19 -12 19 -6 19 -9 14 -6 16 -5 18 -7 18 -9 17 -3 18 -4 18 -6 19 -7 14 -6 13 -9 12 -9 13 -9 16 -5 0 1 16 -10 13 -9 17 -5 11 -5 11 -11 14 -5 14 -10 16 -7 13 -9 10 -8 11 -7 14 -12 14 -9 16 -9 10 -7 16 -11 11 -12 13 -12 13 -13 9 -15 14 -11 7 -14 11 -13 12 -13 10 -12 13 -14 3 2 0 0 0 0 0 0 0 0 ]
CSI_DATA,AP,68:FE:71:12:53:8C,-35,11,1,7,1,1,1,0,0,0,0,-94,0,6,1,28277804,0,84,0,0,28.278,384,[84 -64 4 0 0 0 0 0 0 0 0 0 11 18 8 15 10 18 8 17 7 20 6 21 9 21 4 20 5 20 5 15 3 20 2 21 8 19 4 18 3 18 6 18 6 14 1 13 5 18 1 19 4 18 1 14 1 16 3 17 6 20 3 18 -3 1 6 15 4 14 8 14 9 13 5 16 5 16 3 15 6 15 9 11 9 9 10 15 6 12 6 15 7 10 9 15 8 16 7 13 9 11 9 13 9 11 12 12 10 9 7 8 13 15 10 14 10 14 0 0 0 0 0 0 0 0 0 0 ]
CSI_DATA,AP,68:FE:71:12:53:8C,-36,11,1,7,1,1,1,0,0,0,0,-94,0,6,1,28390039,0,84,0,0,28.39,384,[84 -64 4 0 0 0 0 0 0 0 0 0 -17 8 -18 4 -20 3 -19 5 -25 6 -21 3 -22 4 -23 4 -23 5 -17 2 -24 -1 -18 0 -24 1 -24 -1 -21 1 -24 1 -21 0 -18 0 -19 2 -17 -2 -19 2 -18 -2 -16 -1 -16 -1 -20 0 -16 3 3 -2 -15 -1 -17 3 -14 1 -17 1 -14 3 -15 4 -14 1 -18 1 -19 2 -13 6 -16 6 -13 4 -17 6 -12 4 -14 4 -15 6 -19 4 -16 6 -18 8 -12 9 -19 6 -13 7 -14 6 -15 8 -12 4 -14 5 0 1 0 0 0 0 0 0 0 0 ]
CSI_DATA,AP,68:FE:71:12:53:8C,-39,11,1,6,1,1,1,0,0,0,0,-96,0,6,1,28512506,0,84,0,0,28.513,384,[84 -64 4 0 0 0 0 0 0 0 0 0 -12 21 -7 15 -12 16 -10 22 -15 19 -11 16 -12 18 -15 12 -16 17 -16 11 -12 14 -17 14 -13 16 -14 15 -12 16 -18 15 -18 15 -13 12 -16 14 -11 9 -11 13 -11 13 -10 11 -14 16 -12 10 -14 10 -2 -2 -16 13 -12 11 -14 10 -8 17 -13 15 -8 13 -11 13 -12 15 -11 13 -7 11 -11 14 -6 13 -8 12 -5 12 -8 11 -11 16 -6 15 -10 18 -7 13 -4 17 -4 16 -10 14 -3 15 -8 18 -5 15 -8 14 1 0 0 0 0 0 0 0 0 0 ]
CSI_DATA,AP,68:FE:71:12:53:8C,-38,11,1,5,1,1,1,0,0,0,0,-95,0,6,1,28618921,0,84,0,0,28.619,384,[84 -64 4 0 0 0 0 0 0 0 0 0 12 -13 11 -17 11 -14 13 -16 17 -16 18 -14 15 -12 14 -15 13 -13 14 -14 19 -14 13 -9 14 -8 20 -9 15 -7 19 -9 15 -9 12 -7 12 -12 17 -13 16 -12 14 -11 12 -12 12 -8 16 -8 14 -12 2 3 12 -8 13 -9 11 -8 13 -12 15 -11 14 -8 15 -9 8 -10 11 -9 8 -15 8 -16 11 -12 10 -10 11 -12 8 -14 11 -10 7 -17 10 -13 12 -14 7 -18 9 -13 5 -15 7 -15 11 -15 9 -11 10 -16 2 2 0 0 0 0 0 0 0 0 ]
CSI_DATA,AP,68:FE:71:12:53:8C,-30,11,1,7,1,1,1,0,0,0,0,-95,0,6,1,28714341,0,84,0,0,28.714,384,[84 -64 4 0 0 0 0 0 0 0 0 0 24 4 20 1 24 6 20 5 22 3 18 5 17 4 18 6 20 6 15 10 20 5 19 6 15 4 16 6 18 11 18 5 14 8 15 8 19 8 15 9 17 6 19 11 14 6 16 7 13 9 19 5 3 1 15 3 17 5 13 6 17 5 17 9 15 5 16 7 18 2 15 1 18 0 19 6 13 2 19 6 15 4 19 2 13 5 19 0 14 2 19 1 15 -1 13 -1 18 -1 15 -1 16 -1 14 -2 19 2 2 -2 0 0 0 0 0 0 0 0 ]
CSI_DATA,AP,68:FE:71:12:53:8C,-35,11,1,6,1,1,1,0,0,0,0,-93,0,6,1,28804280,0,84,0,0,28.804,384,[84 -64 4 0 0 0 0 0 0 0 0 0 10 -22 7 -19 12 -20 13 -20 10 -15 14 -15 10 -19 9 -15 11 -16 12 -15 10 -16 14 -18 13 -19 15 -16 13 -15 11 -16 14 -13 13 -13 12 -15 15 -13 13 -11 12 -11 11 -9 14 -11 10 -12 11 -11 -3 1 10 -12 11 -12 13 -13 7 -11 12 -16 11 -11 7 -15 9 -17 12 -14 11 -12 6 -18 6 -11 5 -16 5 -12 9 -16 7 -17 4 -16 8 -17 9 -13 2 -15 4 -14 2 -19 1 -18 7 -15 4 -18 6 -15 -2 1 0 0 0 0 0 0 0 0 ]
CSI_DATA,AP,68:FE:71:12:53:8C,-40,11,1,4,1,1,1,0,0,0,0,-93,0,6,1,28901859,0,84,0,0,28.902,384,[84 -64 4 0 0 0 0 0 0 0 0 0 19 -7 20 -5 21 -10 21 -10 20 -10 22 -7 21 -9 17 -5 20 -3 18 -4 19 -5 20 -7 18 -1 22 -1 18 -2 18 0 18 -4 21 -2 19 0 19 -4 20 -2 20 -2 19 1 16 1 16 -5 15 -2 0 -3 17 -4 15 -5 19 -1 16 -7 14 -7 15 -1 13 -5 17 -3 12 -7 17 -7 18 -4 16 -7 13 -7 12 -6 12 -6 17 -4 14 -11 17 -6 17 -10 13 -7 12 -5 16 -9 13 -7 14 -12 14 -6 13 -8 2 1 0 0 0 0 0 0 0 0 ]
CSI_DATA,AP,68:FE:71:12:53:8C,-33,11,1,6,1,1,1,0,0,0,0,-94,0,6,1,29009611,0,84,0,0,29.01,384,[84 -64 4 0 0 0 0 0 0 0 0 0 21 1 22 -2 24 1 22 5 19 0 21 5 22 2 17 4 21 8 21 7 16 5 20 9 21 7 21 4 20 6 16 3 14 9 16 5 18 5 19 9 19 6 19 7 14 4 15 8 16 6 15 6 -1 3 12 7 16 8 15 5 17 5 17 4 13 4 14 3 13 6 12 5 15 4 16 2 14 2 18 -1 15 2 16 5 14 1 16 -3 17 -2 18 1 15 -1 16 -2 16 -2 14 2 19 -1 19 -2 16 -1 -1 -3 0 0 0 0 0 0 0 0 ]
CSI_DATA,AP,68:FE:71:12:53:8C,-33,11,1,7,1,1,1,0,0,0,0,-95,0,6,1,29117371,0,84,0,0,29.117,384,[84 -64 4 0 0 0 0 0 0 0 0 0 5 18 6 19 5 19 4 18 5 20 6 20 1 20 4 23 1 18 1 17 -2 19 -3 22 -3 21 2 20 0 16 -1 19 -3 18 -4 20 -1 21 0 18 -4 15 -4 15 -1 13 -4 21 -4 17 2 20 2 1 1 17 1 15 0 21 -2 17 2 15 -1 18 4 18 3 19 -1 15 0 12 -1 17 5 13 1 16 5 14 0 16 6 15 2 14 7 17 3 15 3 16 3 17 8 17 6 18 9 17 6 15 5 17 0 -3 0 0 0 0 0 0 0 0 ]
CSI_DATA,AP,68:FE:71:12:53:8C,-34,11,1,7,1,1,1,0,0,0,0,-94,0,6,1,29239610,0,84,0,0,29.24,384,[84 -64 4 0 0 0 0 0 0 0 0 0 18 -6 18 -10 18 -9 24 -9 18 -10 18 -8 17 -6 21 -5 22 -7 18 -3 17 -3 23 -4 21 -6 23 -4 17 -3 20 -3 19 0 16 -6 16 -3 17 -6 20 -5 19 -4 20 -1 19 -5 15 -5 18 -1 3 0 14 -1 19 -6 16 -6 17 -3 17 -3 13 -7 15 -5 19 -4 19 -2 14 -7 18 -8 14 -6 16 -8 13 -6 13 -6 17 -5 15 -6 12 -11 16 -9 15 -8 13 -8 16 -8 15 -11 12 -12 12 -12 14 -7 0 3 0 0 0 0 0 0 0 0 ]
CSI_DATA,AP,68:FE:71:12:53:8C,-36,11,1,5,1,1,1,0,0,0,0,-95,0,6,1,29336971,0,84,0,0,29.337,384,[84 -64 4 0 0 0 0 0 0 0 0 0 -10 -19 -8 -15 -11 -16 -7 -23 -9 -18 -6 -18 -3 -20 -5 -21 -5 -23 -6 -20 -7 -22 -3 -22 -6 -18 -1 -21 -3 -19 -5 -22 -5 -15 -6 -19 -1 -16 -1 -16 -2 -17 -3 -16 0 -16 -4 -18 -3 -15 -3 -15 -1 -1 -1 -17 -2 -17 -5 -17 -8 -13 -4 -13 -4 -13 -1 -18 -6 -18 -5 -15 -9 -15 -6 -14 -9 -11 -5 -12 -5 -17 -6 -11 -6 -16 -8 -14 -8 -12 -8 -13 -10 -14 -7 -17 -7 -17 -11 -10 -14 -14 -12 -11 -9 -12 -1 3 0 0 0 0 0 0 0 0 ]
CSI_DATA,AP,68:FE:71:12:53:8C,-36,11,1,6,1,1,1,1,0,0,0,-94,1,6,1,29411203,0,84,0,0,29.411,384,[84 -64 4 0 0 0 0 0 0 0 0 0 -4 23 -3 18 -7 24 -6 24 -4 24 -5 21 -8 22 -5 17 -8 19 -8 16 -8 20 -8 23 -7 17 -7 21 -9 18 -11 18 -8 18 -6 18 -6 18 -7 19 -11 18 -11 15 -12 15 -10 19 -9 14 -8 17 1 0 -8 15 -5 15 -4 15 -6 16 -4 18 -7 14 -4 19 -7 13 -9 16 -3 16 -1 16 -3 16 -2 18 -4 19 -1 13 -1 14 -5 15 -3 19 0 13 1 17 -5 15 -1 13 -4 17 -2 14 -5 15 -1 17 -3 -1 0 0 0 0 0 0 0 0 ]
CSI_DATA,AP,68:FE:71:12:53:8C,-35,11,1,6,1,1,1,0,0,0,0,-93,0,6,1,29502693,0,84,0,0,29.503,384,[84 -64 4 0 0 0 0 0 0 0 0 0 16 4 16 5 18 8 14 5 17 10 15 7 17 9 16 10 13 13 12 7 15 12 17 10 16 9 18 10 13 7 12 10 12 9 9 8 13 8 13 11 14 13 13 10 9 7 15 9 12 11 12 7 0 2 12 8 12 9 15 4 10 4 13 7 16 9 11 9 15 3 13 9 11 4 12 6 9 7 12 4 10 4 12 5 16 2 12 5 16 1 15 3 14 3 16 1 15 3 12 4 15 -1 15 2 17 0 -2 2 0 0 0 0 0 0 0 0 ]
CSI_DATA,AP,68:FE:71:12:53:8C,-32,11,1,7,1,1,1,0,0,0,1,-95,0,6,1,29603747,0,84,0,0,29.604,384,[84 -64 4 0 0 0 0 0 0 0 0 0 16 4 19 10 19 10 14 10 19 10 16 6 17 12 12 12 16 13 14 7 13 14 14 8 12 11 16 9 15 14 14 14 11 12 9 7 9 13 10 7 12 12 13 11 11 12 9 8 13 11 15 13 3 -1 15 10 11 8 13 6 11 4 10 7 12 9 13 5 10 7 12 6 12 7 15 9 9 8 15 4 12 7 10 3 16 9 13 7 10 5 11 7 15 4 14 8 17 8 11 6 12 1 11 2 15 4 2 -3 0 0 0 0 0 0 0 0 ]
CSI_DATA,AP,68:FE:71:12:53:8C,-34,11,1,5,1,1,1,1,0,0,0,-94,4,6,1,29719637,0,84,0,0,29.72,384,[84 -64 4 0 0 0 0 0 0 0 0 0 12 -25 13 -26 11 -27 11 -31 10 -27 12 -27 11 -23 18 -19 16 -23 18 -24 18 -24 18 -24 17 -23 13 -22 15 -20 13 -21 11 -18 15 -17 15 -19 14 -21 17 -19 15 -21 11 -16 10 -20 16 -22 10 -16 -1 -2 9 -17 14 -15 12 -17 6 -22 7 -15 13 -18 7 -16 12 -18 7 -16 4 -21 9 -20 9 -15 8 -15 4 -20 8 -17 7 -17 7 -21 6 -18 5 -15 2 -20 3 -20 4 -20 6 -19 5 -19 3 -16 1 -15 -2 -2 0 0 0 0 0 0 0 0 ]
CSI_DATA,AP,68:FE:71:12:53:8C,-34,11,1,7,1,1,1,0,0,0,0,-95,0,6,1,29827096,0,84,0,0,29.827,384,[84 -64 4 0 0 0 0 0 0 0 0 0 -13 16 -9 14 -12 16 -10 13 -14 13 -12 13 -12 13 -11 8 -12 12 -16 13 -15 14 -13 12 -14 8 -17 11 -16 6 -15 7 -13 7 -14 11 -10 11 -14 7 -14 9 -15 5 -15 9 -14 9 -14 8 -16 6 -1 2 -11 7 -10 10 -12 7 -10 11 -12 6 -11 10 -12 8 -14 6 -12 7 -11 11 -12 12 -7 7 -8 7 -10 10 -10 12 -10 13 -11 11 -10 9 -11 11 -5 10 -11 10 -11 12 -6 12 -5 14 -7 14 -11 10 3 2 0 0 0 0 0 0 0 0 ]
CSI_DATA,AP,68:FE:71:12:53:8C,-37,11,1,7,1,1,1,0,0,0,0,-93,0,6,1,29927099,0,84,0,0,29.927,384,[84 -64 4 0 0 0 0 0 0 0 0 0 -9 -11 -10 -12 -14 -12 -11 -17 -12 -18 -9 -17 -10 -16 -6 -14 -6 -13 -8 -14 -6 -17 -9 -20 -11 -17 -9 -15 -6 -18 -6 -14 -7 -14 -9 -15 -7 -17 -9 -18 -4 -15 -6 -17 -7 -12 -6 -12 -6 -16 -4 -16 -1 3 -10 -17 -9 -12 -7 -17 -10 -10 -6 -15 -6 -15 -10 -10 -6 -13 -5 -13 -6 -12 -7 -10 -11 -14 -11 -11 -8 -10 -9 -11 -11 -8 -13 -8 -10 -7 -11 -9 -11 -7 -10 -7 -14 -10 -11 -8 -15 -11 -11 -9 -12 -12 -3 1 0 0 0 0 0 0 0 0 ]
CSI_DATA,AP,68:FE:71:12:53:8C,-36,11,1,7,1,1,1,0,0,0,0,-93,0,6,1,29999090,0,84,0,0,29.999,384,[84 -64 4 0 0 0 0 0 0 0 0 0 -5 5 -8 6 -5 7 -8 4 -11 6 -5 4 -7 2 -7 5 -8 4 -9 6 -12 3 -10 4 -7 2 -11 1 -11 1 -8 5 -10 2 -8 1 -8 0 -5 1 -6 4 -11 1 -7 -2 -7 -1 -7 -1 -5 0 1 -1 -11 1 -7 2 -5 0 -7 6 -5 1 -11 3 -9 4 -6 1 -4 3 -6 2 -9 1 -7 2 -9 5 -6 0 -6 1 -8 2 -7 0 -4 2 -5 7 -9 1 -8 4 -7 4 -10 2 -5 1 -7 7 -3 8 3 1 0 0 0 0 0 0 0 0 ]
CSI_DATA,AP,68:FE:71:12:53:8C,-37,11,1,6,1,1,1,0,0,0,0,-95,0,6,1,30101028,0,84,0,0,30.101,384,[84 -64 4 0 0 0 0 0 0 0 0 0 12 11 12 5 13 11 9 10 14 12 13 8 11 8 12 10 7 11 12 11 12 9 7 13 8 9 8 12 9 14 12 13 7 13 5 12 9 8 6 14 9 8 7 10 5 13 10 10 7 11 10 11 -2 2 8 10 8 11 7 13 11 12 8 7 10 13 10 12 7 12 11 9 8 11 10 7 8 11 12 9 6 11 13 11 8 8 13 5 12 4 13 9 11 7 10 7 9 11 14 9 12 6 13 8 11 4 3 2 0 0 0 0 0 0 0 0 ]
CSI_DATA,AP,68:FE:71:12:53:8C,-36,11,1,6,1,1,1,1,0,0,0,-95,3,6,1,30201146,0,84,0,0,30.201,384,[84 -64 4 0 0 0 0 0 0 0 0 0 -2 -23 -4 -24 -4 -26 2 -21 2 -19 -2 -22 1 -24 4 -18 4 -18 5 -19 6 -23 3 -21 1 -23 4 -22 5 -17 7 -19 7 -17 5 -16 2 -17 6 -17 7 -18 4 -16 7 -15 2 -19 5 -18 4 -21 -2 -1 5 -19 4 -20 4 -18 2 -14 2 -17 5 -17 0 -21 2 -17 -2 -19 -2 -17 -1 -16 -1 -16 3 -17 0 -16 0 -17 1 -18 -1 -15 -2 -15 0 -18 -5 -18 -4 -18 0 -19 0 -18 -1 -20 -4 -19 -3 -14 0 -2 0 0 0 0 0 0 0 0 ]
CSI_DATA,AP,68:FE:71:12:53:8C,-37,11,1,5,1,1,1,0,0,0,1,-93,0,6,1,30281184,0,82,0,0,30.281,384,[84 -64 4 0 0 0 0 0 0 0 0 0 -11 -12 -10 -17 -12 -19 -11 -15 -9 -15 -10 -13 -8 -18 -5 -18 -10 -17 -7 -18 -3 -12 -3 -15 -5 -15 -2 -15 -7 -10 -7 -14 -6 -15 -6 -14 -9 -12 -9 -11 -6 -11 -4 -10 -4 -10 -5 -10 -7 -14 -7 -13 0 0 -4 -7 -9 -7 -6 -11 -7 -7 -4 -9 -10 -7 -5 -11 -11 -10 -6 -10 -11 -4 -12 -5 -8 -8 -8 -6 -9 -8 -9 -9 -12 -4 -10 -3 -12 -8 -13 -4 -12 -1 -13 -6 -14 -4 -15 -7 -9 -2 -9 -6 -14 -7 -2 2 0 0 0 0 0 0 0 0 ]
CSI_DATA,AP,68:FE:71:12:53:8C,-37,11,1,7,1,1,1,0,0,0,0,-94,0,6,1,30387938,0,84,0,0,30.388,384,[84 -64 4 0 0 0 0 0 0 0 0 0 -15 9 -20 13 -17 9 -20 8 -16 10 -18 8 -19 3 -15 2 -16 3 -20 5 -19 5 -20 7 -16 6 -18 6 -15 0 -13 5 -12 5 -10 5 -12 2 -11 2 -15 3 -14 0 -8 5 -8 4 -12 1 -11 6 2 3 -12 6 -9 7 -8 5 -7 5 -7 3 -10 6 -9 4 -8 5 -5 3 -6 5 -9 5 -3 6 -4 6 -5 9 -5 10 -3 9 -3 6 -6 9 -4 5 -8 9 -4 7 -7 10 -2 12 -3 12 -8 7 -8 8 3 1 0 0 0 0 0 0 0 0 ]
CSI_DATA,AP,68:FE:71:12:53:8C,-36,11,1,7,1,1,1,1,0,0,0,-94,3,6,1,30476015,0,84,0,0,30.476,384,[84 -64 4 0 0 0 0 0 0 0 0 0 -21 21 -19 19 -20 19 -24 18 -20 16 -19 12 -20 9 -18 10 -20 11 -17 11 -18 6 -18 10 -20 6 -19 6 -20 5 -17 6 -16 5 -13 8 -12 4 -12 8 -13 6 -11 6 -15 10 -16 6 -16 7 -13 6 3 1 -14 10 -9 9 -10 9 -10 10 -8 11 -7 12 -8 10 -5 6 -9 13 -9 12 -7 13 -7 10 -5 12 -4 8 -10 11 -7 9 -3 13 -8 10 -8 10 -3 12 -7 9 -5 13 -6 14 -4 17 -6 11 -5 10 -3 2 0 0 0 0 0 0 0 0 ]
CSI_DATA,AP,68:FE:71:12:53:8C,-41,11,1,5,1,1,1,0,0,0,0,-95,0,6,1,30560663,0,84,0,0,30.561,384,[84 -64 4 0 0 0 0 0 0 0 0 0 -31 -13 -29 -18 -29 -16 -31 -19 -25 -19 -23 -16 -24 -21 -20 -20 -23 -16 -22 -20 -23 -20 -22 -19 -21 -17 -21 -14 -16 -19 -16 -19 -16 -11 -15 -10 -17 -12 -16 -17 -12 -12 -15 -9 -15 -8 -16 -9 -14 -9 -14 -10 -1 -2 -17 -7 -15 -7 -14 -6 -14 -7 -10 -5 -12 -6 -16 -6 -11 -6 -10 -4 -12 -2 -17 3 -11 -1 -13 1 -10 -1 -13 -2 -13 2 -13 4 -14 2 -14 -1 -12 4 -10 5 -15 3 -11 8 -9 4 -14 5 -8 8 2 1 0 0 0 0 0 0 0 0 ]
CSI_DATA,AP,68:FE:71:12:53:8C,-38,11,1,7,1,1,1,0,0,0,1,-93,0,6,1,30672372,0,84,0,0,30.672,384,[84 -64 4 0 0 0 0 0 0 0 0 0 -6 -19 -4 -15 -9 -22 -7 -18 -2 -23 -4 -19 -4 -17 -5 -18 -1 -17 1 -17 -4 -20 -2 -17 -1 -19 -1 -20 -3 -15 -4 -15 0 -19 -1 -15 1 -12 1 -15 -5 -13 0 -18 -2 -16 1 -18 -5 -13 -3 -18 -1 3 0 -18 -3 -18 0 -17 -3 -16 -4 -19 -6 -15 -7 -17 -6 -14 -7 -14 -6 -16 -7 -17 -5 -17 -7 -16 -3 -18 -7 -17 -8 -18 -4 -19 -3 -18 -4 -16 -7 -16 -6 -17 -3 -18 -5 -14 -3 -13 -6 -18 -5 -13 -3 2 0 0 0 0 0 0 0 0 ]
CSI_DATA,AP,68:FE:71:12:53:8C,-34,11,1,7,1,1,1,0,0,0,0,-94,0,6,1,30737443,0,84,0,0,30.737,384,[84 -64 4 0 0 0 0 0 0 0 0 0 -7 -17 -1 -20 -7 -22 -6 -22 -2 -24 -4 -24 -4 -19 1 -23 -4 -23 -3 -19 -3 -24 -3 -23 -1 -25 0 -20 4 -24 -1 -24 4 -21 0 -22 5 -20 -1 -18 1 -23 1 -19 4 -23 4 -23 2 -21 1 -22 2 3 -1 -24 0 -19 -1 -25 -4 -19 -1 -22 -2 -19 -1 -22 -1 -21 -3 -23 -4 -22 1 -23 -2 -18 1 -21 -1 -23 2 -22 1 -24 0 -22 -1 -21 -4 -21 -5 -20 2 -24 -5 -21 0 -18 -1 -24 -5 -20 -2 -23 3 2 0 0 0 0 0 0 0 0 ]
CSI_DATA,AP,68:FE:71:12:53:8C,-40,11,1,4,1,1,1,0,0,0,1,-94,0,6,1,30837369,0,84,0,0,30.837,384,[84 -64 4 0 0 0 0 0 0 0 0 0 10 -16 9 -13 13 -20 13 -17 15 -18 18 -13 14 -13 16 -16 15 -17 16 -16 15 -11 17 -16 15 -13 16 -10 18 -9 16 -12 13 -8 14 -12 18 -6 14 -8 12 -7 13 -6 15 -6 16 -7 15 -12 14 -12 2 -3 17 -6 16 -7 13 -9 11 -12 10 -8 14 -14 16 -13 11 -8 12 -13 13 -11 12 -14 12 -12 10 -9 10 -11 7 -14 12 -15 11 -14 6 -16 9 -15 11 -14 9 -13 7 -16 5 -12 6 -12 10 -17 8 -10 1 0 0 0 0 0 0 0 0 0 ]
CSI_DATA,AP,68:FE:71:12:53:8C,-38,11,1,6,1,1,1,0,0,0,0,-96,0,6,1,30936600,0,82,0,0,30.937,384,[84 -64 4 0 0 0 0 0 0 0 0 0 -2 -20 1 -19 6 -19 4 -23 6 -23 7 -24 6 -26 9 -20 10 -27 11 -27 11 -22 6 -23 10 -26 7 -21 13 -21 12 -25 9 -25 7 -25 13 -20 12 -24 8 -20 11 -23 13 -20 13 -21 7 -26 13 -22 -1 -2 8 -24 10 -25 12 -24 6 -20 5 -22 8 -22 6 -19 9 -23 5 -24 9 -20 5 -25 7 -20 3 -22 7 -20 7 -22 3 -20 3 -27 5 -22 2 -23 7 -24 7 -26 3 -21 2 -20 2 -22 3 -23 5 -25 1 3 0 0 0 0 0 0 0 0 ]
CSI_DATA,AP,68:FE:71:12:53:8C,-33,11,1,7,1,1,1,0,0,0,0,-96,0,6,1,31031993,0,84,0,0,31.032,384,[84 -64 4 0 0 0 0 0 0 0 0 0 6 -18 10 -20 6 -19 8 -21 6 -22 12 -19 11 -20 15 -17 14 -21 11 -20 18 -22 13 -18 19 -21 13 -18 14 -16 16 -21 15 -18 13 -21 17 -21 19 -21 15 -15 18 -19 17 -17 20 -17 15 -20 16 -20 3 -3 12 -19 17 -19 15 -18 13 -19 11 -21 13 -22 16 -21 13 -16 10 -20 11 -19 10 -23 13 -15 10 -20 12 -17 13 -24 7 -24 12 -20 12 -21 11 -23 9 -23 9 -21 6 -23 10 -25 7 -25 8 -20 10 -21 1 -2 0 0 0 0 0 0 0 0 ]
CSI_DATA,AP,68:FE:71:12:53:8C,-37,11,1,7,1,1,1,0,0,0,0,-95,0,6,1,31154743,0,84,0,0,31.155,384,[84 -64 4 0 0 0 0 0 0 0 0 0 -17 -15 -13 -12 -14 -11 -18 -13 -17 -17 -13 -12 -17 -14 -13 -17 -13 -12 -12 -19 -15 -16 -17 -19 -12 -19 -15 -21 -11 -20 -15 -22 -9 -18 -11 -20 -12 -19 -14 -22 -12 -17 -12 -20 -7 -19 -10 -20 -11 -22 -8 -21 -1 1 -11 -14 -16 -17 -14 -17 -12 -20 -15 -14 -16 -15 -11 -20 -12 -15 -13 -15 -13 -14 -16 -18 -14 -17 -16 -16 -13 -16 -16 -14 -16 -13 -14 -14 -17 -10 -14 -9 -17 -10 -18 -13 -19 -14 -19 -12 -19 -15 -20 -9 -16 -10 3 -3 0 0 0 0 0 0 0 0 ]
CSI_DATA,AP,68:FE:71:12:53:8C,-32,11,1,7,1,1,1,1,0,0,0,-96,1,6,1,31251015,0,84,0,0,31.251,384,[84 -64 4 0 0 0 0 0 0 0 0 0 -22 -7 -20 -9 -23 -12 -23 -8 -19 -10 -16 -13 -18 -10 -15 -10 -21 -15 -18 -15 -18 -9 -20 -9 -16 -10 -14 -12 -15 -14 -14 -15 -17 -14 -18 -10 -18 -9 -15 -10 -14 -13 -17 -11 -16 -11 -13 -13 -15 -12 -16 -8 0 3 -12 -9 -12 -8 -12 -8 -13 -10 -16 -8 -13 -12 -11 -7 -16 -9 -18 -5 -14 -8 -15 -4 -14 -5 -16 -5 -14 -7 -17 -9 -18 -7 -17 -4 -16 -3 -14 -4 -13 -5 -16 -5 -14 -5 -18 -4 -17 -2 -19 -4 -19 -3 2 2 0 0 0 0 0 0 0 0 ]
CSI_DATA,AP,68:FE:71:12:53:8C,-38,11,1,5,1,1,1,1,0,0,0,-96,2,6,1,31338871,0,84,0,0,31.339,384,[82 -96 4 0 0 0 0 0 0 0 0 0 8 17 7 13 4 15 4 17 1 16 3 14 2 17 6 18 5 14 0 15 1 14 3 15 5 14 1 17 3 13 4 15 0 18 -1 18 4 13 -1 15 2 13 3 18 -1 11 -1 15 -1 12 2 13 1 2 3 16 2 11 0 12 2 11 3 11 3 15 5 14 6 14 1 14 6 13 1 13 5 15 1 12 1 10 6 15 3 12 2 9 7 13 8 11 7 13 8 14 3 11 5 13 10 10 9 11 7 8 3 -2 0 0 0 0 0 0 0 0 ]
CSI_DATA,AP,68:FE:71:12:53:8C,-37,11,1,5,1,1,1,0,0,0,0,-94,0,6,1,31485351,0,84,0,0,31.485,384,[84 -64 4 0 0 0 0 0 0 0 0 0 -8 12 -11 11 -8 13 -7 14 -11 17 -13 16 -9 13 -14 16 -11 11 -13 9 -12 10 -10 15 -9 13 -10 14 -10 8 -11 11 -13 9 -9 9 -12 12 -14 10 -9 12 -12 13 -10 13 -9 12 -12 10 -13 12 -2 -1 -9 11 -11 8 -10 12 -10 9 -6 13 -9 11 -6 8 -6 8 -12 8 -5 13 -8 11 -7 8 -10 11 -4 13 -8 14 -4 13 -6 11 -10 15 -10 9 -3 12 -5 12 -9 11 -7 15 -2 13 -2 10 -6 9 0 -1 0 0 0 0 0 0 0 0 ]
CSI_DATA,AP,68:FE:71:12:53:8C,-34,11,1,6,1,1,1,0,0,0,0,-95,0,6,1,31589588,0,84,0,0,31.59,384,[84 -64 4 0 0 0 0 0 0 0 0 0 9 -21 10 -15 12 -16 10 -16 9 -16 10 -13 14 -16 11 -15 14 -18 15 -12 12 -11 14 -15 10 -17 13 -12 13 -15 17 -10 16 -12 13 -15 14 -15 13 -12 10 -14 9 -11 9 -9 9 -15 11 -13 8 -13 -3 3 10 -14 13 -13 9 -13 7 -14 7 -9 12 -11 10 -12 9 -13 8 -15 5 -13 10 -16 7 -13 11 -11 8 -13 8 -16 7 -13 8 -14 6 -15 7 -17 8 -12 4 -12 8 -17 3 -14 6 -14 2 -15 7 -13 3 -2 0 0 0 0 0 0 0 0 ]
CSI_DATA,AP,68:FE:71:12:53:8C,-37,11,1,7,1,1,1,0,0,0,0,-94,0,6,1,31697972,0,84,0,0,31.698,384,[84 -64 4 0 0 0 0 0 0 0 0 0 -32 -19 -30 -15 -31 -20 -31 -20 -29 -20 -30 -18 -27 -20 -29 -21 -29 -26 -25 -21 -28 -26 -27 -26 -27 -28 -25 -27 -28 -26 -27 -28 -22 -24 -24 -25 -24 -26 -21 -26 -23 -22 -19 -27 -23 -24 -22 -24 -20 -26 -25 -20 2 -1 -18 -25 -20 -25 -25 -24 -22 -22 -25 -23 -20 -23 -23 -25 -22 -22 -21 -23 -24 -16 -21 -19 -23 -17 -23 -17 -22 -20 -26 -21 -27 -15 -29 -16 -29 -15 -23 -18 -25 -13 -28 -18 -24 -17 -29 -16 -31 -17 -27 -13 -27 -13 1 -2 0 0 0 0 0 0 0 0 ]
CSI_DATA,AP,68:FE:71:12:53:8C,-37,11,0,0,0,0,0,0,0,0,0,-93,0,6,1,31811391,0,37,0,0,31.811,128,[84 -64 4 0 0 0 0 0 0 0 0 0 -2 22 -1 16 -3 16 -6 18 -4 18 -4 19 -7 17 -8 19 -6 16 -8 16 -3 15 -7 20 -5 16 -9 14 -6 20 -7 15 -4 17 -5 13 -9 13 -7 13 -5 16 -8 15 -4 17 -4 15 -9 15 -9 15 1 -2 -5 12 -7 13 -7 15 -6 16 -4 13 -7 14 -5 15 -2 15 -5 16 -1 13 -1 13 -4 12 -4 14 -3 13 1 14 -2 15 -2 17 -2 14 0 16 -2 14 -4 13 2 15 -1 15 2 17 -1 12 3 15 0 3 0 0 0 0 0 0 0 0 ]
CSI_DATA,AP,68:FE:71:12:53:8C,-33,11,1,6,1,1,1,0,0,0,0,-93,0,6,1,31917686,0,84,0,0,31.918,384,[84 -64 4 0 0 0 0 0 0 0 0 0 3 19 3 15 3 16 5 17 5 19 0 18 2 20 3 20 -2 17 -2 16 0 17 1 18 -2 20 -3 20 -1 16 2 17 1 19 0 17 -1 14 0 18 0 15 0 15 3 14 -2 17 0 13 0 11 1 -3 2 14 3 15 -1 12 3 12 -2 15 -2 13 -2 13 2 16 4 14 3 16 3 12 4 15 0 15 5 11 7 14 3 10 4 15 3 16 5 10 5 14 4 10 7 13 6 10 7 13 7 16 2 14 -1 1 0 0 0 0 0 0 0 0 ]
CSI_DATA,AP,68:FE:71:12:53:8C,-41,11,1,6,1,1,1,0,0,0,0,-94,0,6,1,32010978,0,84,0,0,32.011,384,[84 -64 4 0 0 0 0 0 0 0 0 0 20 -2 21 1 17 3 20 3 19 4 20 2 16 2 18 2 16 2 16 4 18 0 17 2 16 7 17 6 18 5 20 7 16 6 13 2 17 1 17 5 13 3 14 7 13 6 15 1 12 1 16 3 -1 2 13 1 15 5 13 1 15 4 15 2 14 0 15 3 15 1 17 3 14 -1 15 0 14 -1 18 -1 18 -2 15 -2 16 -4 15 1 12 -3 16 0 12 1 13 -4 15 -3 14 -4 16 -4 12 -4 12 -1 1 -2 0 0 0 0 0 0 0 0 ]
CSI_DATA,AP,68:FE:71:12:53:8C,-38,11,1,6,1,1,1,0,0,0,0,-94,0,6,1,32100941,0,84,0,0,32.101,384,[84 -64 4 0 0 0 0 0 0 0 0 0 17 -16 18 -12 19 -14 14 -9 17 -9 14 -10 15 -11 13 -9 13 -8 14 -7 15 -8 16 -11 16 -8 17 -8 19 -8 19 -9 18 -4 15 -6 13 -4 17 -8 18 -7 18 -4 17 -7 18 -8 19 -7 15 -6 -3 3 18 -7 14 -9 16 -5 17 -7 13 -5 12 -7 15 -4 12 -11 15 -6 14 -6 11 -6 15 -8 12 -7 11 -10 15 -8 12 -11 15 -11 15 -11 11 -13 9 -14 15 -12 13 -11 10 -12 11 -9 10 -8 10 -11 -3 0 0 0 0 0 0 0 0 0 ]
CSI_DATA,AP,68:FE:71:12:53:8C,-33,11,1,7,1,1,1,0,0,0,0,-94,0,6,1,32188039,0,84,0,0,32.188,384,[84 -64 4 0 0 0 0 0 0 0 0 0 24 4 21 3 22 6 19 8 23 11 21 5 18 12 21 10 19 12 19 8 23 9 23 12 17 8 17 15 18 15 21 12 19 13 18 13 19 12 17 13 19 9 16 13 18 11 16 9 14 11 13 12 -1 2 19 6 19 10 17 8 14 11 16 9 17 8 16 11 13 5 13 6 18 8 14 9 19 9 19 3 20 3 16 4 18 4 15 3 16 4 18 3 18 5 20 2 19 1 18 4 19 5 16 5 15 4 0 1 0 0 0 0 0 0 0 0 ]
CSI_DATA,AP,68:FE:71:12:53:8C,-38,11,1,6,1,1,1,0,0,0,0,-96,0,6,1,32287326,0,84,0,0,32.287,384,[84 -64 4 0 0 0 0 0 0 0 0 0 -20 -2 -18 -3 -22 -4 -19 -7 -21 -8 -19 -9 -21 -10 -14 -10 -19 -7 -20 -6 -15 -9 -15 -6 -17 -9 -14 -8 -14 -11 -16 -7 -18 -9 -17 -12 -12 -10 -14 -9 -17 -6 -17 -6 -11 -6 -14 -6 -16 -7 -13 -6 -3 -3 -12 -6 -16 -10 -17 -9 -12 -9 -10 -4 -13 -6 -17 -7 -16 -3 -15 -4 -12 -5 -13 -3 -17 -4 -17 -4 -16 -3 -16 -8 -14 -2 -17 -4 -15 -4 -17 -3 -13 -4 -12 -1 -13 -5 -15 0 -15 -3 -15 0 -16 -4 -3 1 0 0 0 0 0 0 0 0 ]
CSI_DATA,AP,68:FE:71:12:53:8C,-37,11,1,5,1,1,1,0,0,0,1,-94,0,6,1,32386885,0,84,0,0,32.387,384,[84 -64 4 0 0 0 0 0 0 0 0 0 -12 17 -15 14 -15 13 -16 10 -13 12 -16 15 -14 9 -14 10 -17 11 -13 12 -16 12 -16 9 -12 11 -18 6 -15 9 -15 7 -12 7 -17 5 -15 9 -12 9 -14 8 -12 8 -11 8 -15 7 -12 11 -14 5 -1 3 -14 9 -11 7 -13 7 -10 6 -11 6 -10 6 -13 11 -13 10 -14 7 -11 7 -10 9 -13 7 -12 9 -10 8 -7 12 -11 12 -13 11 -9 11 -8 15 -7 10 -8 10 -10 11 -8 14 -6 9 -5 12 -6 11 2 -1 0 0 0 0 0 0 0 0 ]
CSI_DATA,AP,68:FE:71:12:53:8C,-34,11,1,6,1,1,1,0,0,0,0,-93,0,6,1,32486368,0,84,0,0,32.486,384,[84 -64 4 0 0 0 0 0 0 0 0 0 -22 3 -22 0 -18 2 -21 0 -21 2 -19 -2 -22 -1 -19 -5 -21 -4 -17 -6 -18 -3 -19 -6 -17 -8 -17 -4 -18 -7 -21 -8 -16 -7 -18 -6 -19 -7 -20 -2 -14 -5 -14 -7 -16 -5 -16 -6 -17 -3 -14 -6 2 -2 -16 -4 -20 -2 -15 -5 -17 -3 -19 -6 -13 -1 -15 -5 -19 -2 -17 -5 -14 -1 -16 2 -13 0 -17 -4 -14 -3 -18 -4 -19 1 -14 3 -17 -1 -16 -1 -16 0 -15 -2 -19 1 -13 1 -20 3 -19 1 -15 3 1 1 0 0 0 0 0 0 0 0 ]
CSI_DATA,AP,68:FE:71:12:53:8C,-35,11,0,0,0,0,0,0,0,0,0,-94,0,6,1,32595420,0,37,0,0,32.595,128,[84 -64 4 0 0 0 0 0 0 0 0 0 6 10 6 9 5 9 1 10 5 7 4 11 3 7 4 9 0 11 0 9 -1 6 5 10 2 10 2 5 -1 10 -1 5 3 9 4 8 2 8 -1 6 -2 5 3 8 -2 7 2 5 3 7 1 9 -2 2 2 8 2 6 1 6 0 5 4 3 -1 9 1 7 0 5 0 10 1 7 2 7 0 7 0 5 0 6 0 8 7 6 4 6 7 5 1 9 6 7 7 3 7 4 4 3 5 3 2 6 6 6 3 1 0 0 0 0 0 0 0 0 ]
CSI_DATA,AP,68:FE:71:12:53:8C,-35,11,1,6,1,1,1,0,0,0,0,-96,0,6,1,32720351,0,84,0,0,32.72,384,[84 -64 4 0 0 0 0 0 0 0 0 0 12 -20 8 -16 11 -17 13 -17 12 -17 10 -15 12 -14 12 -12 16 -17 16 -12 13 -14 16 -17 11 -16 13 -14 16 -14 11 -15 13 -10 9 -11 11 -12 11 -14 9 -15 9 -13 12 -10 12 -10 11 -15 14 -14 3 2 10 -11 12 -9 14 -9 12 -11 7 -12 7 -14 8 -14 9 -12 10 -15 9 -11 5 -14 9 -12 8 -11 5 -12 7 -15 9 -16 4 -15 8 -12 9 -15 4 -17 8 -16 9 -17 6 -13 5 -14 5 -13 7 -18 0 -3 0 0 0 0 0 0 0 0 ]
CSI_DATA,AP,68:FE:71:12:53:8C,-37,11,1,6,1,1,1,0,0,0,0,-93,0,6,1,32807330,0,84,0,0,32.807,384,[84 -64 4 0 0 0 0 0 0 0 0 0 -14 16 -11 13 -14 15 -13 15 -18 16 -14 16 -16 11 -18 15 -13 14 -15 11 -13 10 -14 9 -18 15 -14 13 -18 14 -15 9 -17 10 -14 13 -13 13 -14 8 -17 12 -17 6 -12 12 -13 7 -16 9 -12 6 -1 3 -15 12 -13 12 -11 11 -12 8 -15 13 -13 10 -12 12 -13 11 -14 11 -10 10 -9 11 -8 11 -9 14 -13 12 -7 15 -7 13 -11 13 -7 13 -7 15 -10 13 -6 16 -9 16 -9 13 -5 12 -5 11 -4 15 -2 0 0 0 0 0 0 0 0 0 ]
CSI_DATA,AP,68:FE:71:12:53:8C,-37,11,1,6,1,1,1,0,0,0,0,-95,0,6,1,32930855,0,84,0,0,32.931,384,[84 -64 4 0 0 0 0 0 0 0 0 0 -16 -5 -18 -4 -23 -11 -21 -9 -18 -7 -19 -9 -20 -7 -19 -9 -17 -10 -17 -14 -16 -11 -15 -12 -20 -10 -14 -10 -15 -9 -17 -11 -18 -12 -15 -12 -12 -10 -17 -11 -14 -9 -13 -10 -12 -9 -15 -12 -15 -8 -17 -13 0 -3 -17 -7 -17 -11 -13 -10 -12 -11 -12 -10 -12 -12 -12 -8 -14 -8 -14 -7 -13 -10 -13 -8 -15 -8 -15 -4 -15 -9 -15 -4 -18 -6 -17 -9 -17 -4 -16 -7 -15 -5 -18 -2 -18 -8 -12 -3 -18 -5 -17 -3 -19 -3 3 3 0 0 0 0 0 0 0 0 ]
CSI_DATA,AP,68:FE:71:12:53:8C,-32,11,1,7,1,1,1,0,0,0,0,-94,0,6,1,33018689,0,84,0,0,33.019,384,[84 -64 4 0 0 0 0 0 0 0 0 0 3 -18 1 -18 4 -19 3 -19 -1 -19 3 -16 4 -21 3 -14 6 -17 6 -15 2 -15 5 -17 3 -21 2 -18 5 -17 7 -18 3 -17 6 -15 7 -20 5 -17 4 -14 4 -15 6 -15 3 -13 1 -17 2 -17 -3 0 3 -17 3 -13 2 -16 -1 -16 1 -15 4 -12 0 -14 1 -13 3 -18 0 -15 1 -18 2 -18 -1 -12 -3 -17 1 -13 1 -16 -3 -12 -4 -14 0 -17 -5 -17 -1 -12 1 -15 0 -13 -2 -17 1 -13 1 -12 3 2 0 0 0 0 0 0 0 0 ]
CSI_DATA,AP,68:FE:71:12:53:8C,-38,11,1,5,1,1,1,0,0,0,0,-95,0,6,1,33113189,0,84,0,0,33.113,384,[84 -64 4 0 0 0 0 0 0 0 0 0 -5 19 -10 17 -6 16 -5 19 -11 20 -9 16 -9 15 -12 13 -7 15 -8 17 -8 18 -8 12 -8 16 -9 17 -8 18 -8 11 -9 13 -10 15 -10 13 -7 11 -13 13 -7 17 -10 14 -10 10 -7 16 -7 16 -3 -2 -8 13 -11 14 -11 15 -7 12 -8 10 -9 16 -9 10 -8 12 -7 12 -6 10 -5 16 -6 17 -4 14 -3 14 -1 11 -5 12 -5 10 -5 16 -5 13 -5 15 -2 14 -4 12 -4 15 -2 12 -2 17 -2 12 -2 0 0 0 0 0 0 0 0 0 ]
CSI_DATA,AP,68:FE:71:12:53:8C,-39,11,1,6,1,1,1,1,0,0,0,-96,2,6,1,33222318,0,84,0,0,33.222,384,[84 -64 4 0 0 0 0 0 0 0 0 0 -18 6 -21 4 -19 7 -22 9 -16 5 -21 6 -23 4 -16 2 -17 5 -17 0 -20 4 -17 5 -19 5 -20 3 -19 3 -21 -1 -20 1 -17 1 -15 4 -16 4 -18 2 -15 4 -19 3 -15 2 -16 3 -14 5 0 2 -13 2 -17 6 -19 3 -16 0 -13 1 -17 2 -18 5 -15 6 -13 4 -17 2 -18 4 -12 7 -14 7 -14 4 -15 7 -14 5 -12 8 -17 8 -17 8 -13 5 -12 7 -13 5 -12 7 -13 9 -14 11 -11 5 -1 -1 0 0 0 0 0 0 0 0 ]
CSI_DATA,AP,68:FE:71:12:53:8C,-36,11,1,5,1,1,1,0,0,0,0,-94,0,6,1,33331631,0,84,0,0,33.332,384,[84 -64 4 0 0 0 0 0 0 0 0 0 -39 9 -37 11 -40 7 -38 11 -34 6 -35 9 -41 5 -38 4 -37 -1 -40 2 -39 2 -37 2 -36 0 -40 0 -37 0 -35 3 -39 -1 -35 -3 -37 -2 -37 -1 -36 -1 -35 -4 -31 -3 -36 1 -33 0 -31 3 2 3 -29 0 -31 -1 -33 3 -29 6 -29 1 -33 3 -34 4 -26 4 -32 5 -29 9 -29 6 -30 10 -30 6 -32 10 -25 8 -32 7 -31 12 -31 9 -30 12 -25 11 -31 11 -32 7 -26 16 -26 16 -25 14 -31 14 3 3 0 0 0 0 0 0 0 0 ]
CSI_DATA,AP,68:FE:71:12:53:8C,-41,11,1,5,1,1,1,0,0,0,0,-95,0,6,1,33432103,0,84,0,0,33.432,384,[84 -64 4 0 0 0 0 0 0 0 0 0 17 -9 12 -8 14 -13 20 -9 20 -7 16 -11 16 -6 15 -5 14 -5 19 -11 20 -8 21 -4 19 -5 15 -6 16 -7 20 -6 15 -4 17 -7 14 -2 16 -5 15 -4 13 -4 16 -2 12 -2 18 -6 17 -9 0 1 16 -3 14 -7 15 -7 17 -9 17 -10 16 -7 12 -7 10 -10 10 -5 13 -10 11 -7 10 -10 11 -5 12 -12 11 -10 14 -11 9 -7 15 -11 14 -11 13 -9 8 -14 9 -12 10 -8 13 -11 8 -14 10 -14 2 2 0 0 0 0 0 0 0 0 ]
CSI_DATA,AP,68:FE:71:12:53:8C,-36,11,1,6,1,1,1,1,0,0,0,-94,3,6,1,33508005,0,84,0,0,33.508,384,[84 -64 4 0 0 0 0 0 0 0 0 0 7 -19 9 -17 9 -22 7 -23 9 -19 13 -20 13 -21 8 -20 13 -15 9 -20 8 -17 10 -15 8 -16 11 -13 8 -14 10 -18 10 -14 11 -13 11 -18 11 -17 9 -15 12 -17 11 -10 12 -12 12 -16 11 -13 2 -1 10 -15 9 -13 6 -12 5 -15 5 -15 6 -13 9 -16 10 -17 9 -15 7 -14 3 -12 7 -15 5 -18 3 -17 6 -18 7 -19 4 -14 7 -18 5 -17 7 -13 3 -18 5 -13 7 -17 2 -20 1 -19 0 -14 -3 -2 0 0 0 0 0 0 0 0 ]
CSI_DATA,AP,68:FE:71:12:53:8C,-37,11,1,6,1,1,1,0,0,0,0,-93,0,6,1,33622510,0,84,0,0,33.623,384,[84 -64 4 0 0 0 0 0 0 0 0 0 4 21 4 22 5 19 1 24 0 18 2 22 0 23 0 19 2 22 -4 18 -2 22 -1 19 1 20 -5 19 -6 18 -2 22 -4 18 -6 18 -3 21 0 17 0 19 -5 17 -4 16 -2 19 -3 21 1 14 1 2 -2 18 0 15 2 17 -1 16 0 15 -2 20 0 15 -2 12 4 13 5 16 0 17 4 13 0 14 6 14 0 17 4 17 6 17 3 12 5 13 6 12 7 18 4 17 2 15 4 19 6 18 4 18 1 -2 0 0 0 0 0 0 0 0 ]
CSI_DATA,AP,68:FE:71:12:53:8C,-39,11,1,6,1,1,1,0,0,0,0,-93,0,6,1,33699046,0,84,0,0,33.699,384,[84 -64 4 0 0 0 0 0 0 0 0 0 -17 -16 -13 -11 -20 -17 -18 -12 -18 -16 -14 -13 -15 -16 -17 -14 -16 -18 -12 -18 -15 -14 -16 -16 -15 -19 -12 -14 -12 -14 -14 -15 -9 -15 -12 -16 -8 -19 -14 -16 -8 -19 -10 -15 -12 -13 -14 -16 -13 -14 -13 -18 -2 0 -10 -12 -15 -14 -9 -16 -11 -12 -10 -16 -10 -16 -14 -14 -12 -12 -8 -14 -11 -11 -16 -11 -10 -15 -11 -12 -13 -8 -11 -10 -14 -8 -14 -13 -14 -9 -14 -9 -17 -11 -15 -10 -15 -12 -12 -7 -16 -12 -14 -10 -13 -7 2 -1 0 0 0 0 0 0 0 0 ]
CSI_DATA,AP,68:FE:71:12:53:8C,-36,11,1,6,1,1,1,1,0,0,0,-95,1,6,1,33784158,0,84,0,0,33.784,384,[84 -64 4 0 0 0 0 0 0 0 0 0 -15 10 -17 10 -19 14 -22 9 -20 9 -22 8 -19 10 -22 9 -23 10 -21 8 -22 7 -19 7 -19 5 -22 6 -19 3 -23 4 -23 9 -20 8 -20 7 -16 1 -18 4 -18 7 -17 7 -19 4 -21 3 -20 4 -2 -1 -18 7 -15 4 -20 5 -18 5 -19 8 -17 7 -19 6 -14 8 -16 11 -13 7 -17 7 -11 12 -18 9 -13 9 -14 12 -18 12 -12 7 -12 7 -18 9 -14 14 -18 9 -15 7 -12 12 -13 11 -12 10 -16 12 3 3 0 0 0 0 0 0 0 0 ]
CSI_DATA,AP,68:FE:71:12:53:8C,-37,11,1,6,1,1,1,0,0,0,0,-94,0,6,1,33859623,0,84,0,0,33.86,384,[84 -64 4 0 0 0 0 0 0 0 0 0 -21 -10 -23 -9 -21 -8 -26 -10 -23 -7 -17 -8 -20 -10 -19 -12 -19 -10 -15 -11 -20 -11 -17 -15 -21 -14 -14 -16 -16 -15 -20 -13 -19 -14 -13 -11 -16 -11 -16 -10 -12 -12 -17 -11 -13 -14 -17 -15 -14 -11 -16 -12 1 1 -12 -13 -18 -13 -14 -11 -16 -11 -17 -10 -13 -10 -12 -8 -18 -7 -17 -6 -12 -8 -13 -7 -14 -6 -17 -7 -14 -4 -19 -8 -16 -9 -19 -8 -19 -6 -19 -7 -19 -5 -14 -7 -20 -8 -20 -9 -17 -2 -17 -7 -15 -7 3 1 0 0 0 0 0 0 0 0 ]
CSI_DATA,AP,68:FE:71:12:53:8C,-38,11,1,7,1,1,1,0,0,0,0,-96,0,6,1,33941341,0,84,0,0,33.941,384,[84 -64 4 0 0 0 0 0 0 0 0 0 -15 -23 -13 -19 -8 -20 -11 -25 -10 -23 -5 -20 -4 -21 -6 -23 -4 -20 -6 -20 -6 -22 -8 -19 -3 -21 -2 -23 -5 -20 -7 -20 -1 -19 -3 -23 -4 -22 -5 -19 -3 -23 -1 -23 -3 -19 -7 -22 -6 -18 -2 -16 -1 0 -5 -15 -3 -16 -5 -20 -6 -17 -1 -15 -7 -17 -7 -19 -4 -19 -6 -19 -4 -14 -11 -19 -10 -18 -5 -16 -9 -16 -7 -13 -7 -17 -11 -17 -11 -19 -11 -13 -9 -15 -8 -16 -11 -19 -9 -14 -10 -18 -7 -14 -7 -15 2 3 0 0 0 0 0 0 0 0 ]
CSI_DATA,AP,68:FE:71:12:53:8C,-37,11,1,6,1,1,1,1,0,0,0,-95,5,6,1,34053738,0,84,0,0,34.054,384,[84 -64 4 0 0 0 0 0 0 0 0 0 18 -11 21 -6 23 -11 24 -11 19 -8 20 -8 18 -8 20 -3 19 -7 21 -4 24 -6 18 -4 22 -4 16 -4 22 2 21 -3 17 -3 15 -1 20 -3 17 -5 17 1 16 1 17 2 18 0 21 -1 18 1 3 1 15 -6 19 -6 19 -3 15 -7 17 -6 19 -7 19 -5 18 -7 15 -5 14 -7 19 -7 16 -6 15 -8 16 -4 14 -7 14 -5 18 -8 14 -8 16 -6 17 -12 16 -8 17 -6 15 -11 12 -6 13 -11 16 -7 3 -3 0 0 0 0 0 0 0 0 ]
CSI_DATA,AP,68:FE:71:12:53:8C,-34,11,1,6,1,1,1,0,0,0,0,-96,0,6,1,34139143,0,84,0,0,34.139,384,[84 -64 4 0 0 0 0 0 0 0 0 0 -13 -21 -13 -14 -10 -16 -10 -17 -10 -22 -12 -16 -11 -20 -11 -22 -8 -17 -9 -17 -8 -24 -6 -19 -7 -24 -9 -19 -5 -22 -10 -18 -4 -17 -3 -15 -5 -16 -5 -18 -5 -20 -4 -16 -7 -17 -8 -17 -10 -21 -9 -17 -3 0 -4 -19 -11 -16 -10 -19 -12 -16 -7 -14 -9 -16 -11 -14 -11 -15 -9 -18 -13 -12 -8 -17 -10 -12 -13 -17 -6 -14 -12 -17 -12 -11 -14 -12 -14 -12 -15 -15 -14 -14 -13 -16 -10 -16 -14 -11 -12 -12 -9 -10 -16 -15 0 1 0 0 0 0 0 0 0 0 ]
CSI_DATA,AP,68:FE:71:12:53:8C,-37,11,1,6,1,1,1,0,0,0,0,-95,0,6,1,34223932,0,84,0,0,34.224,384,[84 -64 4 0 0 0 0 0 0 0 0 0 -13 21 -11 19 -14 22 -14 19 -10 18 -16 15 -16 16 -16 13 -12 18 -17 16 -15 15 -16 13 -15 13 -15 12 -16 14 -16 12 -17 16 -13 16 -11 13 -16 14 -16 10 -14 12 -12 12 -14 12 -13 11 -14 13 0 0 -16 14 -10 11 -10 16 -8 13 -13 11 -9 10 -12 15 -10 16 -11 10 -9 13 -8 18 -9 13 -10 14 -10 15 -10 13 -10 19 -11 17 -8 18 -10 13 -9 16 -10 17 -9 16 -7 17 -9 14 -5 19 -6 17 -3 0 0 0 0 0 0 0 0 0 ]
CSI_DATA,AP,68:FE:71:12:53:8C,-36,11,1,6,1,1,1,0,0,0,0,-94,0,6,1,34312767,0,84,0,0,34.313,384,[84 -64 4 0 0 0 0 0 0 0 0 0 -16 -17 -11 -14 -15 -20 -15 -20 -16 -19 -10 -19 -13 -18 -9 -17 -13 -21 -11 -19 -7 -17 -10 -19 -10 -18 -6 -19 -5 -15 -12 -22 -4 -21 -10 -19 -9 -14 -9 -18 -7 -20 -9 -16 -6 -19 -4 -18 -9 -19 -10 -15 -1 -3 -7 -17 -11 -18 -6 -13 -10 -13 -8 -18 -10 -17 -9 -19 -9 -12 -10 -13 -11 -14 -7 -12 -7 -11 -11 -16 -11 -17 -13 -13 -14 -12 -13 -17 -13 -12 -9 -11 -8 -16 -11 -14 -8 -17 -13 -13 -15 -16 -10 -13 -9 -14 -1 -1 0 0 0 0 0 0 0 0 ]
CSI_DATA,AP,68:FE:71:12:53:8C,-38,11,1,7,1,1,1,1,0,0,0,-96,6,6,1,34419464,0,84,0,0,34.419,384,[84 -64 4 0 0 0 0 0 0 0 0 0 2 21 4 21 3 18 3 23 3 18 4 16 4 22 3 18 3 22 1 17 -4 17 -4 19 -5 19 1 19 0 20 -3 18 0 18 0 20 -5 16 -5 18 -2 20 1 19 -3 14 -2 17 0 14 -2 15 -1 2 -1 13 -1 17 2 18 -3 14 -2 16 0 19 -3 14 0 19 -1 14 3 14 2 13 0 13 -1 17 4 12 1 15 7 13 6 16 3 14 6 17 4 12 6 12 3 11 3 16 5 13 4 11 6 15 -1 0 0 0 0 0 0 0 0 0 ]
CSI_DATA,AP,68:FE:71:12:53:8C,-34,11,1,7,1,1,1,0,0,0,0,-93,0,6,1,34507014,0,84,0,0,34.507,384,[84 -64 4 0 0 0 0 0 0 0 0 0 -13 -21 -7 -17 -7 -20 -10 -21 -11 -22 -5 -17 -9 -17 -9 -17 -7 -18 -3 -21 -3 -19 -7 -22 -2 -23 -5 -22 -2 -20 -3 -20 -4 -20 -4 -16 -6 -18 -4 -15 -4 -15 -4 -19 -1 -20 -3 -17 -8 -18 -4 -20 1 1 -2 -19 -9 -15 -7 -14 -10 -13 -6 -15 -4 -20 -8 -14 -8 -12 -10 -12 -9 -14 -9 -18 -7 -14 -7 -18 -10 -16 -9 -12 -10 -15 -12 -12 -8 -16 -9 -16 -9 -9 -10 -12 -11 -12 -8 -10 -14 -11 -10 -11 -9 -12 3 2 0 0 0 0 0 0 0 0 ]
CSI_DATA,AP,68:FE:71:12:53:8C,-35,11,1,5,1,1,1,1,0,0,0,-95,4,6,1,34585548,0,84,0,0,34.586,384,[84 -64 4 0 0 0 0 0 0 0 0 0 -20 7 -22 8 -18 4 -22 6 -21 4 -23 3 -22 3 -17 0 -24 -1 -23 0 -23 -2 -22 0 -18 0 -20 -3 -20 2 -24 -1 -20 0 -21 -2 -15 1 -19 2 -15 -2 -17 3 -18 2 -19 -3 -20 -1 -17 -3 -3 2 -18 1 -21 4 -20 0 -16 0 -16 4 -19 3 -14 3 -20 0 -19 3 -14 3 -15 2 -17 0 -17 6 -17 3 -18 8 -13 9 -16 3 -18 10 -13 3 -18 10 -18 9 -14 8 -14 4 -19 11 -15 9 -13 4 2 3 0 0 0 0 0 0 0 0 ]
CSI_DATA,AP,68:FE:71:12:53:8C,-38,11,1,5,1,1,1,1,0,0,0,-93,4,6,1,34708588,0,84,0,0,34.709,384,[84 -64 4 0 0 0 0 0 0 0 0 0 3 -22 4 -19 4 -23 3 -23 4 -21 5 -20 11 -21 7 -17 8 -20 10 -16 10 -20 12 -21 8 -19 12 -18 7 -17 7 -21 12 -14 9 -19 10 -17 11 -17 11 -17 6 -15 11 -15 8 -15 11 -14 11 -14 3 -1 9 -17 9 -16 6 -20 3 -14 8 -18 5 -20 6 -18 5 -16 4 -14 5 -14 3 -19 7 -15 5 -16 4 -14 3 -15 3 -16 6 -18 2 -17 0 -20 2 -19 1 -19 -1 -19 0 -15 3 -16 2 -16 1 -16 -3 -1 0 0 0 0 0 0 0 0 ]
CSI_DATA,AP,68:FE:71:12:53:8C,-42,11,1,5,1,1,1,0,0,0,0,-94,0,6,1,34806684,0,84,0,0,34.807,384,[84 -64 4 0 0 0 0 0 0 0 0 0 20 -6 17 -9 21 -8 18 -11 20 -7 22 -3 17 -3 22 -4 22 -2 21 -2 20 -6 17 -1 19 0 16 -5 16 -6 17 -3 19 -5 19 -4 19 -4 19 -4 19 2 20 1 19 0 20 2 21 -2 16 -2 3 3 14 0 15 -5 14 0 16 -4 17 -2 19 -1 17 -2 18 -6 15 -2 12 -8 18 -9 12 -4 17 -5 15 -10 18 -4 16 -7 13 -7 12 -7 14 -8 15 -9 17 -7 13 -6 12 -7 16 -11 11 -5 15 -7 -2 1 0 0 0 0 0 0 0 0 ]
CSI_DATA,AP,68:FE:71:12:53:8C,-34,11,1,6,1,1,1,0,0,0,0,-96,0,6,1,34907988,0,84,0,0,34.908,384,[84 -64 4 0 0 0 0 0 0 0 0 0 20 12 19 13 17 10 18 14 16 14 15 16 15 12 16 13 17 12 11 17 12 13 13 14 14 12 15 17 11 17 14 15 13 17 11 15 11 15 10 15 13 15 11 13 12 15 10 16 12 15 10 10 -2 3 14 14 12 14 13 10 15 13 12 8 15 11 15 8 12 7 11 8 9 11 10 9 10 10 14 11 14 5 13 11 11 6 14 12 12 10 14 5 11 7 14 6 14 4 14 5 18 10 16 9 15 7 -2 0 0 0 0 0 0 0 0 0 ]
CSI_DATA,AP,68:FE:71:12:53:8C,-35,11,1,5,1,1,1,0,0,0,0,-94,0,6,1,35021457,0,84,0,0,35.021,384,[84 -64 4 0 0 0 0 0 0 0 0 0 -3 18 -6 23 -6 17 -6 19 -5 22 -4 20 -8 18 -4 19 -8 20 -6 15 -6 20 -4 17 -4 20 -6 19 -4 19 -9 19 -5 17 -7 13 -9 18 -5 15 -11 13 -11 19 -7 14 -5 18 -7 19 -8 15 3 2 -9 16 -3 18 -4 15 -6 16 -4 12 -7 17 -8 13 -6 13 -7 13 -2 17 -2 16 -4 14 -1 16 -2 13 1 17 1 18 1 13 -2 13 -3 15 1 17 -3 16 2 13 -2 15 1 14 0 14 -1 18 2 0 0 0 0 0 0 0 0 0 ]
CSI_DATA,AP,68:FE:71:12:53:8C,-34,11,1,6,1,1,1,0,0,0,0,-95,0,6,1,35125045,0,84,0,0,35.125,384,[84 -64 4 0 0 0 0 0 0 0 0 0 17 6 20 10 15 12 17 9 16 14 18 11 17 13 17 10 12 11 11 13 18 12 17 13 11 16 15 16 13 14 15 17 15 12 12 16 10 14 9 10 9 14 13 12 13 10 12 16 12 11 10 10 2 0 13 11 10 8 16 8 13 8 14 14 15 10 16 14 15 9 16 6 16 11 16 11 15 11 14 8 14 9 17 11 14 5 12 8 16 9 14 5 15 8 16 5 18 4 13 5 13 2 17 7 15 8 0 1 0 0 0 0 0 0 0 0 ]
CSI_DATA,AP,68:FE:71:12:53:8C,-35,11,1,6,1,1,1,1,0,0,0,-96,3,6,1,35247730,0,84,0,0,35.248,384,[84 -64 4 0 0 0 0 0 0 0 0 0 -18 -3 -17 -9 -24 -7 -23 -7 -21 -11 -21 -9 -17 -11 -19 -14 -16 -10 -19 -9 -15 -11 -20 -13 -19 -14 -14 -11 -18 -9 -17 -12 -15 -15 -15 -13 -16 -8 -12 -12 -16 -15 -14 -14 -13 -13 -12 -9 -15 -9 -14 -8 1 3 -12 -8 -12 -8 -15 -9 -15 -10 -14 -9 -17 -9 -17 -13 -16 -6 -13 -10 -17 -5 -18 -8 -14 -5 -12 -8 -13 -7 -17 -9 -18 -3 -19 -4 -14 -7 -13 -5 -18 -6 -19 -3 -13 -4 -15 -2 -17 -6 -17 -1 -18 -4 0 2 0 0 0 0 0 0 0 0 ]
CSI_DATA,AP,68:FE:71:12:53:8C,-40,11,1,4,1,1,1,0,0,0,0,-94,0,6,1,35345097,0,84,0,0,35.345,384,[84 -64 4 0 0 0 0 0 0 0 0 0 8 -20 13 -18 10 -18 13 -22 11 -17 14 -16 14 -16 11 -16 17 -19 13 -15 17 -18 17 -14 16 -17 12 -14 16 -17 12 -18 16 -12 14 -15 11 -11 17 -14 12 -15 11 -12 12 -12 10 -17 13 -14 12 -14 -3 0 16 -16 15 -11 14 -16 9 -15 14 -14 13 -15 12 -16 13 -12 9 -15 12 -16 13 -16 7 -17 7 -15 6 -16 12 -12 6 -19 7 -16 11 -13 9 -13 10 -12 6 -19 7 -13 7 -17 8 -18 7 -16 6 -19 1 2 0 0 0 0 0 0 0 0 ]
CSI_DATA,AP,68:FE:71:12:53:8C,-36,11,1,6,1,1,1,0,0,0,0,-95,0,6,1,35457173,0,84,0,0,35.457,384,[84 -64 4 0 0 0 0 0 0 0 0 0 -21 -12 -18 -11 -22 -14 -19 -12 -18 -11 -16 -15 -13 -13 -15 -13 -17 -11 -17 -12 -13 -15 -15 -14 -11 -16 -17 -15 -11 -18 -11 -14 -11 -16 -15 -15 -11 -16 -12 -14 -10 -17 -12 -16 -13 -12 -9 -14 -13 -11 -12 -15 -3 0 -13 -12 -11 -10 -15 -10 -14 -14 -12 -12 -16 -13 -15 -15 -15 -13 -10 -14 -13 -8 -15 -11 -10 -8 -11 -13 -15 -7 -11 -13 -12 -11 -17 -9 -16 -10 -18 -12 -14 -4 -18 -7 -12 -6 -19 -5 -20 -11 -12 -10 -12 -6 0 1 0 0 0 0 0 0 0 0 ]
CSI_DATA,AP,68:FE:71:12:53:8C,-34,11,1,5,1,1,1,0,0,0,0,-94,0,6,1,35550519,0,84,0,0,35.551,384,[84 -64 4 0 0 0 0 0 0 0 0 0 -13 -14 -16 -10 -17 -12 -19 -12 -15 -15 -15 -12 -16 -12 -9 -12 -15 -12 -15 -14 -13 -16 -15 -13 -15 -14 -9 -18 -14 -14 -9 -13 -12 -13 -10 -12 -8 -16 -9 -17 -7 -11 -11 -14 -12 -15 -10 -12 -8 -17 -13 -15 -2 1 -13 -11 -12 -13 -14 -10 -9 -13 -8 -12 -8 -12 -14 -13 -15 -12 -8 -7 -12 -13 -11 -9 -14 -7 -10 -6 -10 -8 -14 -6 -12 -9 -12 -9 -11 -8 -11 -6 -16 -7 -17 -7 -16 -6 -13 -5 -12 -7 -17 -6 -12 -5 1 -2 0 0 0 0 0 0 0 0 ]
CSI_DATA,AP,68:FE:71:12:53:8C,-38,11,1,6,1,1,1,0,0,0,0,-94,0,6,1,35619416,0,84,0,0,35.619,384,[84 -64 4 0 0 0 0 0 0 0 0 0 11 9 12 15 15 14 14 13 15 13 12 14 14 15 14 14 9 11 11 17 11 14 11 13 7 14 6 15 11 15 8 14 5 14 9 12 10 13 7 17 7 16 10 17 4 13 11 11 7 11 10 12 2 -1 5 11 11 13 12 11 8 14 5 14 8 9 11 13 7 11 12 11 8 9 9 13 7 13 7 13 12 9 11 12 9 7 13 10 11 10 14 11 10 5 12 9 9 11 9 11 10 11 11 8 10 5 -1 -3 0 0 0 0 0 0 0 0 ]
CSI_DATA,AP,68:FE:71:12:53:8C,-39,11,1,4,1,1,1,0,0,0,0,-94,0,6,1,35718319,0,84,0,0,35.718,384,[84 -64 4 0 0 0 0 0 0 0 0 0 -19 5 -18 8 -22 8 -16 5 -15 6 -19 6 -21 8 -15 7 -15 4 -16 5 -18 7 -22 2 -21 7 -17 6 -20 5 -22 5 -21 4 -14 -1 -17 1 -14 3 -15 -2 -14 1 -13 3 -19 0 -19 1 -19 5 2 3 -17 0 -13 7 -13 3 -17 6 -13 2 -14 3 -18 4 -14 4 -17 2 -15 7 -15 10 -16 8 -17 6 -17 5 -13 4 -17 5 -13 5 -12 4 -12 5 -13 6 -10 8 -16 4 -16 6 -10 12 -12 7 -12 8 0 0 0 0 0 0 0 0 0 0 ]
CSI_DATA,AP,68:FE:71:12:53:8C,-35,11,1,6,1,1,1,0,0,0,0,-95,0,6,1,35831476,0,84,0,0,35.831,384,[84 -64 4 0 0 0 0 0 0 0 0 0 18 6 18 6 19 7 19 10 16 10 17 12 12 10 13 7 14 9 15 13 14 12 12 9 14 10 16 14 11 12 11 11 10 13 9 10 13 11 8 12 8 10 10 13 9 11 12 13 14 11 13 12 -3 3 12 13 13 7 15 12 9 11 10 7 10 6 12 9 13 11 12 8 12 8 10 6 10 6 10 8 13 7 16 6 17 7 14 5 14 3 12 7 12 1 16 2 13 7 13 3 14 4 17 6 13 5 -3 -3 0 0 0 0 0 0 0 0 ]
CSI_DATA,AP,68:FE:71:12:53:8C,-42,11,1,5,1,1,1,0,0,0,0,-94,0,6,1,35957718,0,84,0,0,35.958,384,[84 -64 4 0 0 0 0 0 0 0 0 0 -26 -14 -27 -19 -32 -18 -28 -18 -24 -21 -24 -19 -25 -16 -24 -22 -27 -20 -20 -19 -21 -18 -23 -23 -24 -23 -22 -20 -21 -23 -20 -23 -23 -17 -18 -20 -21 -18 -17 -22 -15 -21 -16 -23 -15 -17 -14 -18 -18 -17 -21 -18 3 -3 -17 -13 -15 -14 -21 -18 -16 -15 -15 -12 -15 -14 -17 -14 -14 -11 -17 -14 -17 -12 -22 -13 -18 -7 -19 -12 -21 -9 -17 -9 -18 -9 -19 -7 -21 -10 -19 -9 -18 -4 -19 -8 -19 -3 -20 -4 -20 -5 -20 -1 -20 -1 2 0 0 0 0 0 0 0 0 0 ]
CSI_DATA,AP,68:FE:71:12:53:8C,-35,11,1,7,1,1,1,0,0,0,0,-96,0,6,1,36050214,0,84,0,0,36.05,384,[84 -64 4 0 0 0 0 0 0 0 0 0 13 -12 13 -11 16 -15 14 -10 14 -12 11 -7 17 -13 15 -6 16 -10 11 -5 14 -8 16 -11 17 -9 14 -7 12 -6 17 -5 16 -8 13 -6 14 -7 16 -4 16 -4 13 -6 9 -7 13 -8 13 -6 13 -8 1 1 11 -8 13 -9 12 -9 13 -10 9 -6 13 -8 13 -11 10 -9 10 -10 11 -8 9 -10 12 -6 12 -8 11 -9 8 -10 8 -12 11 -9 12 -8 13 -12 9 -8 13 -12 8 -13 8 -8 12 -10 6 -13 5 -15 0 0 0 0 0 0 0 0 0 0 ]
CSI_DATA,AP,68:FE:71:12:53:8C,-34,11,0,0,0,0,0,1,0,0,0,-94,4,6,1,36150403,0,37,0,0,36.15,128,[84 -64 4 0 0 0 0 0 0 0 0 0 19 -13 16 -10 16 -11 20 -7 16 -8 17 -5 22 -6 16 -4 20 -5 21 -8 17 -6 16 -6 21 -4 18 -2 17 -3 22 -7 14 -6 14 -1 14 -6 18 -2 14 -7 19 -3 16 0 15 -2 19 -3 17 -2 0 2 12 -2 14 -7 16 -2 15 -5 15 -2 14 -2 15 -5 12 -4 12 -7 15 -6 11 -9 12 -7 14 -8 10 -8 11 -10 13 -9 12 -11 13 -5 17 -10 13 -12 13 -8 10 -8 13 -12 12 -12 14 -8 10 -12 2 -3 0 0 0 0 0 0 0 0 ]
CSI_DATA,AP,68:FE:71:12:53:8C,-39,11,1,6,1,1,1,0,0,0,0,-95,0,6,1,36248329,0,84,0,0,36.248,384,[84 -64 4 0 0 0 0 0 0 0 0 0 1 -10 1 -7 7 -10 4 -4 5 -8 3 -7 5 -7 6 -4 8 -5 7 -4 3 -7 6 -5 7 -5 8 -2 7 -7 6 -6 9 -5 4 -3 3 -3 5 -5 5 -8 3 -5 7 -3 8 -8 4 -5 4 -2 0 0 5 -5 6 -4 3 -3 6 -8 4 -5 3 -7 9 -5 5 -1 4 -2 5 -6 3 -8 4 -7 7 -5 7 -3 6 -8 3 -7 6 -8 1 -5 4 -3 2 -9 5 -9 2 -6 1 -7 6 -10 3 -5 1 -6 -2 -1 0 0 0 0 0 0 0 0 ]
CSI_DATA,AP,68:FE:71:12:53:8C,-34,11,1,6,1,1,1,0,0,0,0,-95,0,6,1,36339555,0,84,0,0,36.34,384,[84 -64 4 0 0 0 0 0 0 0 0 0 24 -7 22 -10 25 -12 22 -7 24 -12 24 -5 21 -7 25 -3 26 -8 20 -5 23 -3 26 -7 21 -6 27 -5 27 -2 24 -2 20 -4 21 -1 24 -5 24 -2 25 -2 22 2 18 1 22 -4 26 -2 21 0 -3 1 20 0 19 -2 20 -5 19 -1 22 -1 20 -6 20 -6 18 -6 21 -3 21 -5 20 -3 19 -5 22 -6 23 -4 20 -6 23 -8 19 -8 21 -10 18 -11 20 -10 24 -9 20 -9 20 -6 20 -11 20 -9 22 -12 0 -1 0 0 0 0 0 0 0 0 ]
CSI_DATA,AP,68:FE:71:12:53:8C,-34,11,1,6,1,1,1,0,0,0,0,-95,0,6,1,36450948,0,84,0,0,36.451,384,[84 -64 4 0 0 0 0 0 0 0 0 0 -6 -20 -4 -20 -3 -23 -4 -20 1 -23 0 -23 0 -23 1 -22 4 -21 2 -19 1 -23 1 -24 6 -18 1 -19 1 -16 2 -22 4 -20 2 -15 5 -20 1 -15 4 -16 4 -20 5 -19 4 -17 6 -21 0 -19 2 1 0 -15 1 -18 2 -14 0 -15 -1 -14 1 -16 4 -18 -3 -19 0 -19 1 -16 -1 -16 -4 -18 0 -19 -2 -17 -2 -18 -6 -16 -4 -20 0 -15 -1 -18 -7 -17 0 -16 -7 -13 -2 -15 -4 -15 -7 -13 -3 -12 2 2 0 0 0 0 0 0 0 0 ]
CSI_DATA,AP,68:FE:71:12:53:8C,-39,11,1,6,1,1,1,1,0,0,0,-96,2,6,1,36521071,0,84,0,0,36.521,384,[84 -64 4 0 0 0 0 0 0 0 0 0 20 -1 23 5 19 5 17 2 22 7 20 2 21 3 16 8 16 3 15 4 19 3 18 7 15 3 12 5 15 5 17 4 15 3 11 2 9 6 13 1 12 3 11 5 11 1 15 -1 10 6 15 0 3 3 14 4 9 1 14 -2 8 -2 10 -3 15 1 9 3 9 -1 10 -3 13 -1 9 -1 14 -1 9 0 13 0 15 -6 15 -5 10 -5 12 -2 15 -5 8 -6 12 -5 13 -2 10 -5 13 -4 12 -5 10 -6 3 3 0 0 0 0 0 0 0 0 ]
CSI_DATA,AP,68:FE:71:12:53:8C,-38,11,1,5,1,1,1,1,0,0,0,-96,4,6,1,36622332,0,84,0,0,36.622,384,[84 -64 4 0 0 0 0 0 0 0 0 0 17 -10 20 -14 20 -14 16 -8 20 -12 18 -9 15 -6 19 -9 20 -9 14 -8 17 -10 16 -4 16 -3 16 -2 16 -1 12 -4 15 -4 15 -7 11 -3 13 -4 9 -6 11 -8 7 -4 8 -3 8 -4 10 -8 -3 0 7 -6 11 -4 10 -10 10 -9 10 -4 6 -4 6 -7 7 -9 6 -10 7 -7 2 -6 6 -8 3 -11 4 -8 2 -9 6 -10 0 -7 4 -8 2 -9 -2 -10 2 -11 3 -9 4 -7 3 -13 -1 -10 0 -13 -3 0 0 0 0 0 0 0 0 0 ]
CSI_DATA,AP,68:FE:71:12:53:8C,-35,11,1,6,1,1,1,0,0,0,0,-96,0,6,1,36713165,0,84,0,0,36.713,384,[84 -64 4 0 0 0 0 0 0 0 0 0 21 3 23 8 25 9 20 7 22 11 20 9 20 12 15 6 14 6 11 12 13 6 14 11 14 9 16 12 10 6 10 6 10 11 14 9 11 4 13 8 10 4 12 5 5 7 12 3 8 5 8 7 0 3 9 3 12 2 13 0 12 4 9 4 10 4 9 3 10 -1 9 3 11 1 9 -3 9 -3 13 -1 7 -3 8 -1 12 -1 14 -5 10 -2 10 -4 11 -1 11 -1 9 -2 8 -6 9 -2 9 -4 9 -2 0 3 0 0 0 0 0 0 0 0 ]
CSI_DATA,AP,68:FE:71:12:53:8C,-36,11,1,6,1,1,1,0,0,0,0,-93,0,6,1,36842499,0,84,0,0,36.842,384,[84 -64 4 0 0 0 0 0 0 0 0 0 7 32 7 32 7 31 0 32 -1 31 0 29 0 28 0 28 1 26 -4 22 -2 29 2 23 1 23 -2 24 -6 19 -4 25 -2 18 0 17 -4 18 0 17 -3 21 -2 17 2 17 3 18 4 15 0 17 1 3 2 16 0 15 4 17 7 11 0 11 4 15 5 15 2 10 6 12 6 12 3 13 6 7 10 11 10 7 6 12 8 8 9 13 7 5 6 10 7 6 11 10 9 10 7 5 13 4 12 6 9 8 1 -3 0 0 0 0 0 0 0 0 ]
CSI_DATA,AP,68:FE:71:12:53:8C,-38,11,1,7,1,1,1,0,0,0,0,-96,0,6,1,36935953,0,84,0,0,36.936,384,[84 -64 4 0 0 0 0 0 0 0 0 0 -20 12 -19 11 -20 8 -16 9 -16 12 -20 10 -17 10 -17 7 -15 5 -19 9 -16 7 -17 8 -17 7 -18 7 -12 6 -18 3 -18 6 -17 4 -15 8 -12 7 -17 3 -17 7 -10 6 -11 6 -13 6 -17 4 1 1 -16 8 -12 10 -14 6 -16 10 -12 5 -15 4 -11 10 -11 8 -10 6 -10 9 -11 11 -10 10 -15 11 -11 12 -13 9 -9 9 -10 7 -12 9 -15 8 -13 11 -14 7 -15 8 -8 9 -9 10 -14 7 -14 9 0 1 0 0 0 0 0 0 0 0 ]
CSI_DATA,AP,68:FE:71:12:53:8C,-35,11,1,6,1,1,1,0,0,0,0,-95,0,6,1,37000575,0,84,0,0,37.001,384,[84 -64 4 0 0 0 0 0 0 0 0 0 16 -10 17 -13 19 -14 14 -10 20 -13 20 -10 20 -7 17 -10 18 -10 17 -8 18 -7 21 -5 23 -8 20 -11 20 -5 20 -5 21 -7 19 -6 17 -6 16 -4 22 -7 22 -3 22 -7 17 -6 18 -5 16 -7 1 0 19 -7 16 -5 17 -4 22 -10 17 -6 16 -10 18 -8 16 -10 21 -10 15 -12 16 -12 15 -7 20 -9 21 -12 22 -8 17 -7 18 -12 18 -10 22 -6 16 -7 19 -5 16 -11 22 -6 20 -10 17 -8 18 -10 0 3 0 0 0 0 0 0 0 0 ]
CSI_DATA,AP,68:FE:71:12:53:8C,-41,11,1,5,1,1,1,0,0,0,0,-94,0,6,1,37112560,0,84,0,0,37.113,384,[84 -64 4 0 0 0 0 0 0 0 0 0 -6 18 -4 20 -1 18 -7 17 -6 18 -3 15 -6 19 -5 19 -7 14 -7 15 -7 15 -9 18 -7 19 -9 19 -11 12 -9 15 -13 15 -7 12 -11 14 -10 16 -6 13 -5 12 -11 9 -9 13 -9 16 -8 14 0 -1 -7 15 -9 14 -5 12 -3 13 -8 10 -6 12 -9 15 -8 16 -4 16 -7 12 -6 14 -1 16 -2 17 0 15 -2 10 -5 15 -4 16 1 11 1 13 -4 13 1 14 -4 12 -2 15 -1 15 2 15 -2 12 -3 2 0 0 0 0 0 0 0 0 ]
CSI_DATA,AP,68:FE:71:12:53:8C,-36,11,1,5,1,1,1,1,0,0,0,-95,6,6,1,37209252,0,84,0,0,37.209,384,[84 -64 4 0 0 0 0 0 0 0 0 0 -6 -26 -7 -28 -8 -29 -1 -28 -3 -29 -1 -30 1 -24 1 -27 3 -30 0 -23 2 -29 1 -25 4 -25 0 -26 4 -20 3 -24 2 -24 4 -22 4 -23 1 -20 1 -19 3 -21 1 -19 3 -23 8 -24 3 -23 -3 -2 1 -20 5 -20 3 -21 2 -19 5 -16 1 -15 -2 -18 2 -19 -4 -14 0 -17 0 -19 0 -16 -2 -13 -3 -16 -4 -17 -5 -13 -9 -18 -11 -13 -12 -17 -12 -12 -12 -14 -16 -14 -12 -17 -17 -21 -14 -20 -19 -22 0 -3 0 0 0 0 0 0 0 0 ]
CSI_DATA,AP,68:FE:71:12:53:8C,-38,11,1,5,1,1,1,0,0,0,0,-93,0,6,1,37324619,0,84,0,0,37.325,384,[84 -64 4 0 0 0 0 0 0 0 0 0 10 17 6 20 10 20 7 22 5 21 7 16 3 18 0 18 4 22 2 23 -1 25 1 19 1 23 0 21 2 23 -2 26 -2 23 -2 19 -1 21 -1 22 -1 18 -1 21 -1 21 -1 21 -1 20 2 19 -3 0 0 23 4 20 -2 22 3 21 -2 16 1 22 2 23 3 22 -1 17 1 20 5 20 4 22 2 21 2 16 3 21 6 21 9 22 10 17 3 17 4 21 9 17 8 15 7 20 8 23 5 20 11 15 -1 2 0 0 0 0 0 0 0 0 ]
CSI_DATA,AP,68:FE:71:12:53:8C,-32,11,1,7,1,1,1,0,0,0,0,-95,0,6,1,37435063,0,84,0,0,37.435,384,[84 -64 4 0 0 0 0 0 0 0 0 0 -17 6 -17 4 -21 5 -18 4 -19 4 -21 -1 -19 -4 -17 0 -21 -5 -19 -2 -23 -2 -21 -1 -24 -5 -19 -5 -23 -3 -21 -2 -23 0 -19 -1 -20 -8 -20 -6 -23 -5 -24 -7 -16 -5 -22 -3 -22 -7 -22 -3 -3 1 -23 -5 -17 -4 -20 -5 -17 -1 -19 -6 -20 -7 -20 -1 -20 -3 -17 0 -20 -2 -24 -2 -17 2 -23 2 -23 2 -18 -4 -22 3 -23 2 -21 -2 -24 2 -20 4 -21 -1 -18 -2 -21 4 -24 2 -19 4 -18 0 -2 -2 0 0 0 0 0 0 0 0 ]
CSI_DATA,AP,68:FE:71:12:53:8C,-33,11,1,7,1,1,1,0,0,0,0,-94,0,6,1,37523071,0,84,0,0,37.523,384,[84 -64 4 0 0 0 0 0 0 0 0 0 6 21 8 20 8 23 8 24 5 19 3 20 5 17 0 20 1 20 5 17 3 20 4 19 3 22 1 18 1 19 5 18 3 15 -2 19 1 21 0 19 3 17 2 19 -2 17 1 17 5 19 3 18 -1 2 0 15 4 15 5 15 2 17 6 17 5 16 5 15 4 12 6 13 5 11 7 13 8 14 8 13 8 15 3 16 5 12 6 11 5 16 5 15 6 14 9 11 4 15 9 15 10 15 8 16 11 12 -1 3 0 0 0 0 0 0 0 0 ]
CSI_DATA,AP,68:FE:71:12:53:8C,-35,11,1,7,1,1,1,0,0,0,0,-95,0,6,1,37596169,0,84,0,0,37.596,384,[82 -96 4 0 0 0 0 0 0 0 0 0 20 -8 18 -7 21 -8 22 -6 20 -6 18 -3 17 -4 16 -4 17 -3 21 -2 15 0 19 1 20 -5 21 -4 19 -5 15 -4 15 -3 14 -4 16 -2 14 1 18 -2 13 -2 15 -4 18 -4 14 -1 14 1 1 1 18 -3 14 -4 18 1 18 0 12 -5 16 -1 13 -4 15 -5 14 -5 17 -5 13 -6 12 -2 15 -2 12 -8 17 -3 11 -3 11 -7 17 -6 14 -6 13 -6 14 -7 14 -4 11 -11 10 -6 15 -7 12 -5 0 -2 0 0 0 0 0 0 0 0 ]
CSI_DATA,AP,68:FE:71:12:53:8C,-34,11,1,7,1,1,1,0,0,0,0,-93,0,6,1,37664263,0,84,0,0,37.664,384,[84 -64 4 0 0 0 0 0 0 0 0 0 8 -15 7 -15 12 -14 10 -15 12 -18 10 -17 10 -13 9 -14 8 -13 8 -16 13 -9 9 -13 15 -9 12 -8 9 -9 8 -14 10 -10 13 -9 10 -9 7 -14 11 -10 14 -11 13 -8 13 -10 8 -8 7 -12 0 3 12 -14 8 -9 7 -11 6 -12 10 -11 10 -11 6 -13 11 -12 9 -9 7 -9 8 -10 6 -14 5 -12 4 -13 6 -13 4 -9 3 -12 6 -13 5 -10 5 -13 6 -12 1 -12 7 -16 6 -12 7 -10 5 -16 3 3 0 0 0 0 0 0 0 0 ]
CSI_DATA,AP,68:FE:71:12:53:8C,-34,11,1,6,1,1,1,0,0,0,0,-94,0,6,1,37778251,0,84,0,0,37.778,384,[84 -64 4 0 0 0 0 0 0 0 0 0 -17 -2 -18 -2 -20 1 -20 1 -17 -1 -22 -4 -18 -6 -17 -6 -20 -5 -18 -2 -16 -2 -14 -2 -20 -7 -19 -6 -19 -4 -20 -4 -19 -2 -12 -6 -19 -8 -12 -7 -18 -6 -18 -4 -12 -4 -16 -5 -12 -3 -12 -4 1 -3 -15 -6 -13 -2 -18 -4 -14 -1 -13 -3 -17 -1 -17 -2 -17 -1 -11 -2 -14 1 -15 -2 -13 0 -12 -2 -15 2 -17 1 -13 0 -14 -1 -16 3 -14 -2 -12 2 -14 -3 -12 -1 -12 -1 -13 2 -15 4 -16 -1 -2 3 0 0 0 0 0 0 0 0 ]
CSI_DATA,AP,68:FE:71:12:53:8C,-36,11,1,6,1,1,1,0,0,0,0,-93,0,6,1,37874240,0,84,0,0,37.874,384,[84 -64 4 0 0 0 0 0 0 0 0 0 -22 2 -21 2 -18 -1 -19 -1 -20 -2 -21 0 -17 -3 -20 -2 -18 -4 -22 -6 -21 -2 -17 -3 -20 -6 -20 -4 -21 -8 -17 -8 -18 -6 -17 -5 -19 -7 -18 -4 -15 -2 -20 -4 -19 -4 -19 -4 -19 -4 -14 -4 0 0 -19 -4 -16 1 -13 -6 -15 -4 -13 -5 -17 1 -19 -4 -19 -5 -16 -3 -15 2 -15 -3 -13 2 -16 0 -19 3 -13 -2 -18 1 -18 2 -16 1 -14 1 -16 1 -16 1 -19 5 -15 0 -18 0 -13 2 -18 4 0 2 0 0 0 0 0 0 0 0 ]
CSI_DATA,AP,68:FE:71:12:53:8C,-34,11,1,5,1,1,1,0,0,0,0,-95,0,6,1,37958172,0,84,0,0,37.958,384,[84 -64 4 0 0 0 0 0 0 0 0 0 2 -23 5 -20 1 -16 1 -20 5 -20 8 -16 7 -22 5 -21 5 -21 8 -15 5 -17 5 -15 10 -20 10 -18 5 -16 11 -18 10 -18 6 -16 8 -19 5 -18 5 -13 6 -16 8 -18 7 -17 6 -15 4 -14 1 -3 4 -12 9 -17 3 -15 2 -11 6 -14 7 -18 7 -15 5 -18 7 -16 6 -12 4 -18 4 -17 2 -14 -1 -16 6 -16 0 -13 5 -15 0 -13 4 -15 -2 -16 -1 -16 -1 -14 2 -19 -1 -16 3 -17 0 -17 1 -1 0 0 0 0 0 0 0 0 ]
CSI_DATA,AP,68:FE:71:12:53:8C,-40,11,1,4,1,1,1,0,0,0,0,-94,0,6,1,38042544,0,84,0,0,38.043,384,[84 -64 4 0 0 0 0 0 0 0 0 0 -16 -4 -16 1 -21 -5 -16 -4 -20 -1 -17 -5 -18 -3 -15 -6 -14 -7 -18 -3 -19 -7 -14 -7 -15 -8 -16 -6 -17 -3 -16 -10 -17 -3 -15 -4 -19 -6 -16 -3 -15 -6 -17 -3 -18 -2 -12 -3 -12 -2 -18 -6 3 -1 -17 -3 -17 -6 -12 -6 -17 -4 -14 -1 -16 -3 -17 -2 -13 -6 -13 -2 -18 -3 -13 0 -16 1 -12 -2 -14 -3 -12 -4 -12 -1 -16 -3 -13 2 -14 -2 -12 1 -14 1 -16 -2 -18 3 -17 5 -15 -1 -17 0 -3 2 0 0 0 0 0 0 0 0 ]
CSI_DATA,AP,68:FE:71:12:53:8C,-34,11,1,6,1,1,1,0,0,0,0,-94,0,6,1,38125587,0,84,0,0,38.126,384,[84 -64 4 0 0 0 0 0 0 0 0 0 -17 -6 -20 -8 -19 -9 -15 -10 -15 -7 -15 -9 -13 -6 -18 -7 -16 -8 -16 -8 -18 -8 -15 -11 -15 -11 -14 -8 -13 -8 -14 -8 -11 -10 -15 -6 -12 -13 -12 -11 -15 -8 -11 -7 -16 -10 -11 -7 -12 -7 -16 -12 3 -2 -11 -7 -16 -5 -12 -6 -15 -9 -12 -5 -15 -10 -15 -7 -13 -4 -11 -7 -14 -6 -15 -6 -13 -2 -16 -8 -16 -8 -12 -2 -17 -2 -12 -7 -17 -2 -18 -6 -17 -3 -18 -3 -17 -7 -17 -4 -18 0 -13 -2 -14 0 -1 -3 0 0 0 0 0 0 0 0 ]
CSI_DATA,AP,68:FE:71:12:53:8C,-35,11,1,6,1,1,1,0,0,0,0,-96,0,6,1,38203397,0,84,0,0,38.203,384,[84 -64 4 0 0 0 0 0 0 0 0 0 -5 29 -8 28 -10 31 -5 33 -10 29 -11 27 -10 30 -9 29 -8 28 -8 24 -11 31 -10 28 -11 25 -10 29 -13 24 -11 25 -14 27 -9 22 -11 25 -11 26 -12 23 -11 25 -8 21 -10 23 -13 27 -10 20 -3 -1 -10 25 -9 23 -5 25 -6 21 -3 23 -7 24 -5 23 -4 19 -7 24 -2 25 -7 26 -5 24 -3 24 -2 26 -6 23 -5 26 0 24 -5 25 -1 22 1 24 0 21 -4 24 -4 27 1 23 1 25 3 22 3 -1 0 0 0 0 0 0 0 0 ]
CSI_DATA,AP,68:FE:71:12:53:8C,-31,11,0,0,0,0,0,0,0,0,0,-95,0,6,1,38311169,0,37,0,0,38.311,128,[84 -64 4 0 0 0 0 0 0 0 0 0 -13 14 -15 16 -10 16 -17 17 -16 15 -13 13 -15 13 -13 12 -14 15 -17 16 -18 11 -17 15 -15 12 -15 10 -15 14 -18 9 -14 14 -14 13 -14 9 -12 13 -14 8 -14 7 -17 12 -16 10 -12 11 -13 11 3 1 -11 8 -14 10 -11 12 -11 10 -13 8 -9 13 -10 12 -14 15 -14 10 -8 11 -9 15 -9 13 -11 16 -11 13 -12 12 -12 16 -7 11 -6 17 -11 13 -6 14 -7 13 -12 14 -10 16 -8 13 -7 14 -10 17 -2 1 0 0 0 0 0 0 0 0 ]
CSI_DATA,AP,68:FE:71:12:53:8C,-35,11,1,7,1,1,1,0,0,0,0,-95,0,6,1,38426383,0,84,0,0,38.426,384,[84 -64 4 0 0 0 0 0 0 0 0 0 -2 20 -5 17 -4 18 -4 18 -10 16 -5 16 -7 13 -7 17 -11 16 -9 16 -10 13 -11 18 -8 16 -6 12 -13 14 -7 16 -12 16 -9 13 -7 11 -9 13 -13 14 -9 15 -7 13 -9 15 -9 15 -9 11 3 0 -8 9 -6 13 -7 10 -6 14 -4 12 -9 14 -3 15 -8 14 -6 10 -2 15 -8 11 -4 16 -6 12 -5 11 -7 12 -6 14 -1 16 -2 11 -5 17 -3 12 -4 11 -1 16 0 12 1 16 -5 15 -1 10 2 -3 0 0 0 0 0 0 0 0 ]
CSI_DATA,AP,68:FE:71:12:53:8C,-40,11,1,6,1,1,1,1,0,0,1,-94,5,6,1,38512044,0,84,0,0,38.512,384,[84 -64 4 0 0 0 0 0 0 0 0 0 -13 14 -11 12 -14 15 -11 12 -11 14 -15 13 -11 10 -10 9 -17 14 -11 13 -11 11 -15 13 -17 8 -11 12 -12 7 -13 7 -11 11 -17 11 -15 7 -13 7 -15 10 -10 10 -15 9 -12 6 -12 10 -10 9 -1 1 -10 7 -12 12 -12 9 -9 11 -10 11 -10 7 -7 12 -9 8 -9 13 -11 13 -12 11 -9 11 -8 13 -11 10 -10 12 -9 13 -6 14 -7 12 -6 14 -11 13 -8 13 -8 13 -5 12 -9 10 -8 10 -9 9 -2 -2 0 0 0 0 0 0 0 0 ]
CSI_DATA,AP,68:FE:71:12:53:8C,-36,11,1,6,1,1,1,0,0,0,0,-94,0,6,1,38614868,0,84,0,0,38.615,384,[84 -64 4 0 0 0 0 0 0 0 0 0 -17 10 -20 7 -20 11 -20 6 -19 9 -20 3 -17 6 -19 2 -21 7 -17 4 -21 1 -23 7 -19 6 -20 3 -22 1 -19 5 -19 5 -19 3 -15 3 -15 3 -18 -1 -19 -1 -17 0 -14 2 -21 -1 -14 3 3 3 -16 4 -15 6 -16 4 -13 6 -18 3 -15 3 -18 5 -15 3 -15 7 -12 3 -18 6 -18 3 -17 4 -13 8 -11 7 -16 6 -15 6 -14 10 -13 9 -15 7 -12 7 -11 5 -13 8 -15 8 -13 9 -11 10 -1 0 0 0 0 0 0 0 0 0 ]
CSI_DATA,AP,68:FE:71:12:53:8C,-36,11,1,6,1,1,1,0,0,0,0,-94,0,6,1,38749601,0,84,0,0,38.75,384,[84 -64 4 0 0 0 0 0 0 0 0 0 -11 14 -11 18 -10 15 -15 12 -14 16 -13 17 -11 14 -18 11 -14 15 -13 14 -18 14 -18 12 -15 8 -15 8 -18 14 -15 10 -16 8 -13 11 -17 10 -13 12 -13 10 -15 11 -15 12 -17 8 -17 8 -12 9 -1 0 -15 13 -10 7 -14 8 -13 8 -14 13 -13 8 -9 11 -10 13 -13 8 -14 13 -8 12 -11 9 -8 14 -9 11 -13 15 -11 10 -12 12 -7 10 -6 12 -8 16 -9 14 -9 10 -7 9 -6 15 -8 10 -8 12 1 2 0 0 0 0 0 0 0 0 ]
CSI_DATA,AP,68:FE:71:12:53:8C,-34,11,1,7,1,1,1,0,0,0,1,-94,0,6,1,38836318,0,84,0,0,38.836,384,[84 -64 4 0 0 0 0 0 0 0 0 0 -8 7 -4 8 -10 5 -8 5 -4 10 -8 9 -10 5 -8 9 -8 8 -8 8 -11 6 -10 4 -11 8 -10 8 -10 2 -7 7 -11 4 -5 7 -6 6 -10 6 -9 1 -11 3 -4 4 -11 4 -8 3 -10 6 0 2 -8 2 -9 8 -7 3 -6 7 -7 3 -6 8 -9 7 -5 2 -8 4 -6 8 -4 6 -8 7 -7 5 -3 2 -8 2 -8 7 -7 7 -2 6 -3 4 -5 4 -6 3 -7 9 -2 5 -7 6 -3 4 -5 9 0 0 0 0 0 0 0 0 0 0 ]
CSI_DATA,AP,68:FE:71:12:53:8C,-35,11,1,5,1,1,1,0,0,0,0,-95,0,6,1,38965964,0,84,0,0,38.966,384,[84 -64 4 0 0 0 0 0 0 0 0 0 1 -18 3 -17 3 -17 -2 -20 1 -19 1 -14 1 -17 5 -20 1 -15 1 -15 4 -18 6 -20 1 -17 5 -15 4 -17 5 -20 2 -16 7 -16 3 -14 7 -14 2 -18 1 -17 2 -14 2 -14 3 -12 3 -12 2 -1 5 -18 5 -14 5 -10 3 -13 6 -14 4 -14 4 -11 -1 -13 0 -15 2 -12 0 -15 -1 -17 -2 -14 -2 -11 1 -12 -2 -11 1 -13 -1 -13 -4 -14 -2 -16 -1 -16 -4 -18 1 -19 -2 -15 1 -13 -2 -16 2 1 0 0 0 0 0 0 0 0 ]
CSI_DATA,AP,68:FE:71:12:53:8C,-42,11,1,4,1,1,1,0,0,0,0,-94,0,6,1,39054970,0,84,0,0,39.055,384,[84 -64 4 0 0 0 0 0 0 0 0 0 15 -14 11 -16 13 -13 17 -14 16 -12 18 -11 18 -11 16 -12 13 -11 19 -12 20 -11 15 -8 19 -9 16 -8 16 -9 17 -7 13 -9 16 -13 18 -8 18 -8 16 -9 17 -7 14 -10 13 -9 11 -11 17 -11 0 -2 16 -7 12 -10 13 -12 9 -10 10 -14 14 -12 15 -10 8 -8 13 -8 8 -9 8 -13 9 -15 12 -12 10 -12 7 -13 13 -13 11 -15 10 -17 11 -11 6 -11 10 -14 5 -16 10 -13 7 -18 7 -15 6 -17 0 2 0 0 0 0 0 0 0 0 ]
CSI_DATA,AP,68:FE:71:12:53:8C,-34,11,1,5,1,1,1,1,0,0,0,-93,4,6,1,39112131,0,84,0,0,39.112,384,[84 -64 4 0 0 0 0 0 0 0 0 0 7 17 6 19 7 18 9 18 7 16 7 20 9 18 5 18 5 20 2 18 1 19 3 19 6 22 3 21 5 16 0 18 2 18 5 16 5 17 1 20 4 14 1 15 5 15 4 20 0 14 6 19 -3 1 1 14 5 14 2 16 4 17 6 13 4 15 8 14 5 12 7 15 5 15 5 15 5 15 3 12 3 17 8 14 10 12 8 14 7 16 10 15 10 14 8 16 9 15 6 14 7 14 8 14 6 10 -1 -3 0 0 0 0 0 0 0 0 ]
CSI_DATA,AP,68:FE:71:12:53:8C,-34,11,1,7,1,1,1,0,0,0,0,-96,0,6,1,39210319,0,84,0,0,39.21,384,[84 -64 4 0 0 0 0 0 0 0 0 0 21 0 18 -1 21 -1 24 1 20 4 19 3 18 7 18 3 16 8 18 7 22 6 19 3 17 5 16 7 19 6 21 5 19 6 16 8 17 9 18 6 15 4 16 4 15 9 16 8 14 4 20 6 3 2 15 1 17 2 15 1 13 0 16 5 18 1 16 2 14 0 17 0 12 1 18 -2 16 3 18 1 18 -3 13 2 19 -2 14 0 20 -3 16 0 14 -5 17 2 15 -3 18 0 17 -2 14 1 17 1 -1 -3 0 0 0 0 0 0 0 0 ]
CSI_DATA,AP,68:FE:71:12:53:8C,-36,11,1,7,1,1,1,0,0,0,0,-94,0,6,1,39309472,0,84,0,0,39.309,384,[84 -64 4 0 0 0 0 0 0 0 0 0 -4 23 -3 19 -5 23 -7 17 -9 18 -9 17 -6 18 -5 15 -7 17 -7 18 -11 16 -11 19 -12 20 -8 20 -10 16 -11 20 -6 20 -10 18 -12 13 -12 15 -13 13 -7 12 -7 16 -10 17 -10 18 -10 14 3 0 -10 18 -8 14 -6 17 -5 14 -7 13 -4 17 -6 16 -6 11 -6 12 -5 17 -2 17 -2 11 -4 12 -2 15 -8 16 -1 16 -2 13 -6 13 -3 17 -4 14 -1 17 -5 14 -4 18 -1 15 -4 13 -4 18 -2 2 0 0 0 0 0 0 0 0 ]
CSI_DATA,AP,68:FE:71:12:53:8C,-35,11,1,7,1,1,1,0,0,0,0,-95,0,6,1,39422507,0,84,0,0,39.423,384,[84 -64 4 0 0 0 0 0 0 0 0 0 18 10 16 8 16 12 18 12 20 11 12 12 19 14 13 10 12 8 16 12 16 14 13 9 10 16 15 14 10 10 12 13 13 10 14 14 11 9 10 10 11 15 10 10 14 10 9 10 13 11 15 9 1 -2 13 9 11 10 14 12 11 7 16 9 11 10 12 10 16 8 13 6 12 6 12 6 14 4 13 9 12 4 12 3 17 6 17 9 17 2 17 6 12 6 17 7 18 3 13 5 17 6 13 6 16 3 0 -2 0 0 0 0 0 0 0 0 ]
CSI_DATA,AP,68:FE:71:12:53:8C,-37,11,1,6,1,1,1,0,0,0,0,-95,0,6,1,39513739,0,84,0,0,39.514,384,[84 -64 4 0 0 0 0 0 0 0 0 0 -21 -4 -20 -8 -18 -12 -22 -7 -17 -12 -20 -8 -19 -13 -19 -9 -15 -15 -18 -14 -13 -13 -16 -10 -19 -11 -17 -13 -13 -16 -13 -12 -18 -10 -15 -13 -14 -12 -16 -10 -14 -10 -13 -15 -13 -9 -10 -14 -13 -8 -14 -13 -2 2 -15 -11 -11 -13 -13 -11 -11 -6 -12 -8 -12 -7 -15 -6 -14 -8 -12 -12 -16 -9 -14 -9 -17 -5 -15 -5 -14 -6 -15 -6 -12 -4 -19 -10 -16 -8 -13 -8 -16 -7 -13 -9 -16 -4 -19 -8 -14 -2 -17 -6 -19 -8 -3 -1 0 0 0 0 0 0 0 0 ]
CSI_DATA,AP,68:FE:71:12:53:8C,-39,11,1,4,1,1,1,0,0,0,0,-95,0,6,1,39619634,0,84,0,0,39.62,384,[84 -64 4 0 0 0 0 0 0 0 0 0 6 21 7 18 6 22 4 19 4 18 2 18 2 17 2 22 4 23 1 23 1 18 -2 19 3 21 3 22 -1 21 -2 22 -1 19 -3 19 -3 21 -4 15 -3 15 -4 18 1 19 0 21 -3 16 1 16 2 -2 2 18 0 19 0 15 3 17 4 15 1 14 -1 14 0 14 3 15 5 18 3 17 2 18 2 12 5 14 5 13 2 14 2 12 6 17 7 16 5 14 4 15 5 16 9 14 4 18 6 14 7 15 0 -2 0 0 0 0 0 0 0 0 ]
CSI_DATA,AP,68:FE:71:12:53:8C,-36,11,1,6,1,1,1,0,0,0,0,-95,0,6,1,39722027,0,84,0,0,39.722,384,[84 -64 4 0 0 0 0 0 0 0 0 0 1 16 -2 21 -5 21 -1 24 -7 17 -3 22 -7 19 -3 17 -9 16 -3 16 -10 18 -7 20 -9 20 -10 17 -11 15 -8 19 -5 16 -4 14 -9 15 -4 19 -7 18 -6 17 -10 14 -8 19 -4 15 -9 16 -2 -2 -6 18 -3 17 -6 16 -7 13 -6 14 -3 18 -8 18 -3 17 -3 13 -4 12 0 13 -3 17 -3 17 -4 15 -5 12 -1 16 -1 16 1 17 -4 17 3 17 -3 19 -4 19 0 13 -1 15 2 15 4 17 1 -2 0 0 0 0 0 0 0 0 ]
CSI_DATA,AP,68:FE:71:12:53:8C,-38,11,1,6,1,1,1,0,0,0,0,-94,0,6,1,39818960,0,84,0,0,39.819,384,[84 -64 4 0 0 0 0 0 0 0 0 0 -23 -5 -18 -7 -19 -8 -19 -7 -20 -9 -20 -4 -22 -7 -20 -4 -18 -7 -16 -5 -20 -11 -22 -6 -18 -10 -20 -11 -20 -12 -21 -12 -14 -12 -18 -7 -17 -12 -15 -7 -14 -11 -18 -12 -14 -11 -19 -10 -16 -10 -13 -8 0 -1 -19 -6 -19 -6 -16 -7 -19 -8 -15 -10 -16 -4 -19 -10 -15 -5 -18 -5 -19 -6 -15 -3 -13 -8 -14 -2 -19 -4 -17 -3 -18 -1 -20 -3 -14 -3 -17 -3 -18 -2 -16 -1 -17 -4 -14 -5 -21 -4 -14 -1 -17 2 0 -1 0 0 0 0 0 0 0 0 ]
CSI_DATA,AP,68:FE:71:12:53:8C,-33,11,1,7,1,1,1,0,0,0,0,-95,0,6,1,39903361,0,84,0,0,39.903,384,[84 -64 4 0 0 0 0 0 0 0 0 0 -23 1 -19 0 -21 3 -27 1 -23 -1 -20 -3 -23 -5 -21 -3 -21 -3 -20 -6 -21 -3 -20 -6 -20 -6 -19 -4 -18 -2 -21 0 -21 -3 -23 -7 -17 -1 -17 -1 -19 -3 -21 -2 -22 -7 -19 -5 -23 -3 -17 -6 0 2 -18 -6 -16 1 -20 0 -20 3 -19 -3 -22 -4 -21 -2 -20 0 -17 3 -21 0 -15 1 -15 3 -14 4 -17 1 -21 5 -20 0 -17 1 -17 5 -15 1 -15 2 -20 6 -19 7 -18 4 -18 2 -15 5 -17 6 1 -1 0 0 0 0 0 0 0 0 ]
CSI_DATA,AP,68:FE:71:12:53:8C,-34,11,1,5,1,1,1,0,0,0,0,-96,0,6,1,39995637,0,84,0,0,39.996,384,[-117 -80 8 0 0 0 0 0 0 0 0 0 6 13 6 6 8 6 1 12 3 8 1 12 2 10 6 7 3 8 8 5 4 12 9 7 13 12 7 7 16 9 17 9 10 10 16 4 2 17 7 15 13 1 12 8 10 7 8 9 7 -4 12 9 -2 -3 4 6 5 6 10 8 11 3 10 6 17 5 10 6 13 -1 14 6 9 9 8 7 11 6 12 4 8 3 6 -5 9 6 12 -1 16 2 5 5 5 -2 6 -6 7 -5 11 1 6 -1 11 3 6 4 -3 -3 0 0 0 0 0 0 0 0 ]
CSI_DATA,AP,68:FE:71:12:53:8C,-35,11,1,6,1,1,1,1,0,0,0,-95,1,6,1,40095678,0,84,0,0,40.096,384,[84 -64 4 0 0 0 0 0 0 0 0 0 22 -10 17 -9 20 -10 18 -13 23 -6 20 -6 18 -4 19 -9 17 -8 18 -8 23 -6 17 -8 20 -4 21 -5 21 -3 24 -4 18 -1 20 -3 16 -5 18 -5 20 -2 22 -5 17 -2 21 -6 20 -7 20 -3 3 -1 18 -4 19 -2 14 -6 17 -5 15 -9 16 -6 17 -4 12 -5 14 -7 11 -10 14 -7 17 -6 16 -7 14 -8 15 -12 14 -13 14 -10 11 -10 18 -12 14 -12 16 -7 14 -12 16 -11 14 -14 12 -12 15 -9 0 -1 0 0 0 0 0 0 0 0 ]
CSI_DATA,AP,68:FE:71:12:53:8C,-42,11,1,6,1,1,1,0,0,0,0,-94,0,6,1,40164181,0,84,0,0,40.164,384,[84 -64 4 0 0 0 0 0 0 0 0 0 -17 12 -17 11 -21 13 -23 11 -18 7 -17 5 -17 9 -17 7 -23 3 -21 8 -21 2 -19 5 -22 5 -18 8 -22 6 -22 4 -17 3 -20 3 -16 5 -19 0 -18 4 -21 1 -14 3 -20 4 -21 3 -18 3 3 1 -18 2 -14 5 -18 7 -17 8 -16 3 -13 5 -19 8 -13 2 -14 2 -12 3 -14 7 -16 9 -18 7 -15 6 -19 3 -17 9 -19 10 -17 11 -18 9 -16 11 -17 10 -17 7 -14 11 -18 11 -16 11 -14 12 2 1 0 0 0 0 0 0 0 0 ]
CSI_DATA,AP,68:FE:71:12:53:8C,-35,11,1,7,1,1,1,1,0,0,0,-94,2,6,1,40247086,0,84,0,0,40.247,384,[84 -64 4 0 0 0 0 0 0 0 0 0 -10 15 -9 17 -14 21 -11 19 -15 15 -12 13 -15 17 -12 15 -16 12 -15 12 -15 17 -16 14 -13 13 -17 16 -17 9 -14 13 -18 11 -12 12 -18 8 -19 11 -19 8 -13 8 -15 8 -16 10 -19 9 -14 15 0 -1 -17 14 -15 12 -12 15 -15 9 -13 11 -12 8 -14 9 -11 15 -13 14 -9 12 -13 13 -8 16 -9 13 -13 12 -14 10 -9 14 -11 18 -6 15 -8 14 -11 14 -13 14 -7 13 -6 18 -9 15 -12 15 -7 18 3 2 0 0 0 0 0 0 0 0 ]
CSI_DATA,AP,68:FE:71:12:53:8C,-31,11,1,6,1,1,1,0,0,0,0,-94,0,6,1,40391706,0,84,0,0,40.392,384,[84 -64 4 0 0 0 0 0 0 0 0 0 -7 -23 -7 -22 -8 -21 -8 -24 -6 -25 -5 -23 -8 -25 0 -21 -2 -24 1 -18 -5 -21 -6 -21 2 -20 -2 -19 0 -20 1 -22 -1 -17 -1 -21 1 -18 2 -19 -3 -22 -3 -18 2 -21 1 -18 -1 -17 -4 -22 -2 3 2 -18 0 -19 -5 -19 -3 -15 -5 -21 -1 -17 -6 -15 -1 -14 -5 -15 -4 -19 -9 -15 -5 -16 -2 -19 -2 -14 -7 -19 -10 -17 -9 -20 -4 -19 -6 -19 -11 -15 -5 -18 -5 -14 -4 -20 -8 -16 -9 -20 -7 -16 -2 -2 0 0 0 0 0 0 0 0 ]
CSI_DATA,AP,68:FE:71:12:53:8C,-30,11,1,7,1,1,1,0,0,0,0,-95,0,6,1,40463312,0,84,0,0,40.463,384,[84 -64 4 0 0 0 0 0 0 0 0 0 -22 0 -17 3 -22 -1 -24 0 -23 1 -19 -5 -18 -4 -23 -6 -19 -5 -16 -2 -18 -3 -18 -6 -24 -4 -21 -7 -20 -5 -19 -7 -15 -3 -15 -2 -18 -6 -18 -7 -16 -5 -14 -2 -14 -8 -15 -8 -18 -2 -14 -5 1 0 -20 -5 -17 -3 -15 -6 -14 -3 -13 -5 -19 -2 -15 -2 -17 1 -19 -3 -19 0 -16 3 -13 0 -16 -3 -15 -1 -13 0 -16 3 -18 -2 -13 -2 -19 0 -14 0 -15 2 -15 1 -14 5 -19 3 -19 5 -15 3 -3 -3 0 0 0 0 0 0 0 0 ]
CSI_DATA,AP,68:FE:71:12:53:8C,-31,11,1,6,1,1,1,0,0,0,0,-94,0,6,1,40579283,0,84,0,0,40.579,384,[84 -64 4 0 0 0 0 0 0 0 0 0 19 1 18 -2 22 4 18 1 22 3 21 0 16 3 21 7 18 2 17 7 17 4 16 4 19 8 18 2 16 9 21 9 14 4 19 3 17 9 13 7 14 5 17 6 17 9 13 3 19 7 19 7 -3 1 16 7 13 7 18 1 13 3 15 3 15 7 12 4 17 5 15 2 17 4 18 -1 11 1 15 2 16 -2 19 -2 14 -3 14 1 15 1 16 0 12 -2 16 -2 16 -1 16 -3 14 1 12 -1 15 0 -3 -3 0 0 0 0 0 0 0 0 ]
CSI_DATA,AP,68:FE:71:12:53:8C,-31,11,0,0,0,0,0,0,0,0,0,-96,0,6,1,40660136,0,37,0,0,40.66,128,[84 -64 4 0 0 0 0 0 0 0 0 0 -13 -16 -18 -11 -19 -18 -17 -18 -18 -14 -15 -15 -16 -14 -13 -17 -12 -15 -9 -13 -9 -16 -14 -16 -11 -18 -13 -20 -13 -15 -8 -20 -13 -19 -6 -14 -11 -18 -8 -17 -8 -16 -7 -16 -5 -14 -7 -15 -11 -17 -13 -13 -1 2 -13 -11 -10 -13 -12 -16 -8 -15 -12 -10 -11 -16 -12 -14 -11 -15 -13 -15 -13 -14 -10 -9 -9 -14 -13 -11 -10 -13 -11 -10 -11 -11 -17 -9 -16 -7 -13 -11 -17 -11 -15 -9 -13 -11 -17 -9 -13 -11 -17 -9 -16 -9 0 -3 0 0 0 0 0 0 0 0 ]
CSI_DATA,AP,68:FE:71:12:53:8C,-38,11,1,6,1,1,1,0,0,0,0,-95,0,6,1,40744515,0,84,0,0,40.745,384,[84 -64 4 0 0 0 0 0 0 0 0 0 17 8 16 8 19 10 16 12 16 13 17 12 17 14 16 10 12 14 17 17 16 11 11 16 13 17 11 17 10 16 10 14 15 11 10 16 14 15 15 15 11 17 15 16 11 13 14 13 10 12 14 10 -2 -3 9 13 11 14 12 12 13 8 12 13 13 9 11 9 13 8 13 11 11 7 13 6 15 9 12 6 15 12 15 5 17 8 17 8 16 7 13 11 14 3 16 6 17 5 15 8 17 7 13 9 15 4 -1 0 0 0 0 0 0 0 0 0 ]
CSI_DATA,AP,68:FE:71:12:53:8C,-35,11,1,6,1,1,1,0,0,0,0,-93,0,6,1,40822460,0,84,0,0,40.822,384,[84 -64 4 0 0 0 0 0 0 0 0 0 9 13 11 15 14 20 13 21 11 19 8 20 7 20 5 17 5 21 10 18 9 17 6 22 9 19 8 20 6 20 7 22 5 17 7 15 8 19 6 19 5 18 8 18 4 15 6 20 5 21 6 19 -2 -2 7 16 7 17 9 19 8 16 3 17 5 17 4 14 8 15 6 16 8 14 10 12 9 11 6 12 10 12 6 13 6 15 8 16 11 9 9 15 11 13 10 13 9 13 8 9 12 14 14 15 9 14 3 1 0 0 0 0 0 0 0 0 ]
CSI_DATA,AP,68:FE:71:12:53:8C,-32,11,1,7,1,1,1,1,0,0,0,-94,3,6,1,40919303,0,84,0,0,40.919,384,[84 -64 4 0 0 0 0 0 0 0 0 0 -14 -14 -14 -15 -18 -15 -15 -17 -15 -13 -13 -14 -15 -13 -12 -14 -14 -16 -17 -19 -15 -17 -14 -19 -12 -16 -14 -17 -10 -14 -12 -18 -13 -19 -11 -13 -13 -18 -10 -18 -7 -13 -7 -14 -10 -13 -11 -12 -13 -15 -14 -14 -2 -1 -9 -17 -10 -16 -11 -15 -12 -10 -13 -13 -10 -11 -14 -13 -12 -11 -10 -10 -14 -14 -17 -10 -10 -8 -10 -12 -12 -12 -10 -12 -12 -12 -17 -10 -12 -9 -11 -8 -18 -11 -18 -12 -17 -9 -14 -6 -18 -6 -18 -6 -16 -8 0 2 0 0 0 0 0 0 0 0 ]
CSI_DATA,AP,68:FE:71:12:53:8C,-37,11,1,7,1,1,1,0,0,0,0,-94,0,6,1,40994048,0,84,0,0,40.994,384,[84 -64 4 0 0 0 0 0 0 0 0 0 22 -4 17 -9 19 -7 22 -3 21 -5 20 -1 18 -3 22 1 21 -2 20 1 23 -1 21 -1 19 -1 18 2 17 -2 18 3 22 -2 18 2 16 -3 20 1 21 2 21 1 18 3 15 2 20 -4 16 2 1 -1 17 -4 15 0 16 1 18 -5 19 -4 18 -4 14 -4 14 -1 18 -4 12 -3 18 -5 12 -2 15 -2 13 -4 13 -2 15 -6 18 -10 17 -7 18 -8 15 -5 18 -7 18 -7 17 -8 16 -12 13 -6 16 -7 3 3 0 0 0 0 0 0 0 0 ]
CSI_DATA,AP,68:FE:71:12:53:8C,-37,11,1,5,1,1,1,0,0,0,0,-95,0,6,1,41078481,0,84,0,0,41.078,384,[84 -64 4 0 0 0 0 0 0 0 0 0 -19 -13 -15 -14 -15 -11 -18 -18 -14 -17 -16 -11 -14 -14 -13 -12 -11 -18 -16 -13 -16 -19 -14 -15 -17 -15 -16 -17 -15 -14 -10 -18 -10 -18 -13 -16 -8 -14 -11 -17 -12 -12 -11 -17 -11 -12 -13 -16 -15 -15 -9 -14 1 1 -14 -12 -14 -13 -8 -11 -15 -14 -14 -11 -12 -14 -13 -14 -11 -11 -11 -10 -11 -14 -11 -11 -9 -14 -11 -14 -12 -10 -15 -13 -12 -8 -15 -10 -14 -13 -16 -10 -16 -8 -17 -12 -13 -12 -12 -8 -14 -8 -17 -12 -13 -11 -1 0 0 0 0 0 0 0 0 0 ]
CSI_DATA,AP,68:FE:71:12:53:8C,-36,11,1,5,1,1,1,1,0,0,0,-95,3,6,1,41178763,0,84,0,0,41.179,384,[84 -64 4 0 0 0 0 0 0 0 0 0 -6 15 -9 18 -12 20 -14 20 -9 18 -14 14 -16 14 -10 18 -15 16 -14 17 -16 19 -11 17 -17 17 -16 12 -11 16 -13 18 -12 11 -16 12 -11 13 -15 15 -14 9 -14 9 -16 9 -15 13 -13 14 -13 11 1 3 -9 15 -8 10 -12 16 -11 13 -8 14 -12 11 -13 15 -8 13 -11 11 -9 13 -10 11 -9 10 -8 13 -11 11 -5 12 -8 16 -11 12 -6 16 -4 16 -5 14 -5 16 -8 15 -9 17 -4 13 -8 18 -6 13 -3 1 0 0 0 0 0 0 0 0 ]
CSI_DATA,AP,68:FE:71:12:53:8C,-38,11,1,6,1,1,1,0,0,0,0,-95,0,6,1,41254842,0,84,0,0,41.255,384,[84 -64 4 0 0 0 0 0 0 0 0 0 7 20 6 16 10 17 5 24 3 21 0 16 1 23 3 17 -1 16 1 15 2 20 1 21 -1 22 1 22 -3 16 3 17 0 19 0 19 2 18 2 18 1 16 3 18 2 14 1 14 -1 17 2 15 2 -1 0 15 1 19 2 18 0 14 0 18 3 17 5 18 4 12 2 15 7 15 4 18 1 17 5 15 6 13 3 15 6 13 4 18 5 13 5 17 8 13 9 13 3 16 5 15 11 14 10 13 11 14 -1 -2 0 0 0 0 0 0 0 0 ]
CSI_DATA,AP,68:FE:71:12:53:8C,-33,11,1,7,1,1,1,0,0,0,0,-95,0,6,1,41341775,0,84,0,0,41.342,384,[84 -64 4 0 0 0 0 0 0 0 0 0 -4 -25 0 -21 3 -24 3 -24 5 -20 2 -18 6 -23 5 -22 2 -19 2 -18 5 -23 3 -19 8 -18 9 -19 9 -16 6 -20 2 -22 7 -15 6 -19 3 -18 6 -18 2 -19 4 -20 7 -21 9 -17 6 -18 -2 0 2 -18 1 -20 6 -20 0 -18 1 -19 4 -15 5 -18 3 -19 0 -16 5 -19 4 -19 0 -16 -1 -16 1 -18 0 -19 3 -17 3 -17 -1 -20 2 -15 0 -18 -2 -21 -3 -15 2 -17 -4 -19 -2 -21 -3 -18 0 3 0 0 0 0 0 0 0 0 ]
CSI_DATA,AP,68:FE:71:12:53:8C,-35,11,1,7,1,1,1,0,0,0,0,-96,0,6,1,41452449,0,84,0,0,41.452,384,[84 -64 4 0 0 0 0 0 0 0 0 0 13 13 17 9 14 15 17 15 12 13 10 12 12 12 9 18 15 18 12 16 12 18 15 17 12 13 12 16 11 18 9 17 11 12 12 15 8 17 9 13 12 16 6 16 9 11 6 12 12 14 10 13 -2 0 10 12 13 12 11 12 14 15 10 13 11 15 11 15 10 12 7 12 8 13 12 14 11 12 8 14 9 10 12 13 12 13 15 11 16 7 15 11 10 11 10 11 16 11 13 11 15 9 12 9 16 7 1 2 0 0 0 0 0 0 0 0 ]
CSI_DATA,AP,68:FE:71:12:53:8C,-36,11,0,0,0,0,0,0,0,0,0,-95,0,6,1,41548505,0,37,0,0,41.549,128,[84 -64 4 0 0 0 0 0 0 0 0 0 -22 -2 -23 -2 -24 2 -23 -4 -17 -1 -21 -7 -19 -5 -16 -7 -19 -7 -18 -4 -17 -4 -21 -7 -18 -4 -20 -3 -16 -8 -21 -7 -16 -9 -13 -5 -17 -3 -14 -3 -17 -5 -19 -6 -13 -7 -20 -8 -21 -6 -16 -2 -1 0 -18 -1 -18 -2 -18 -5 -15 -4 -15 -2 -13 0 -13 -7 -16 1 -16 -3 -17 -1 -18 0 -17 1 -17 2 -17 -1 -19 -4 -18 -1 -16 1 -15 -2 -18 -1 -15 3 -19 0 -15 0 -17 -2 -17 1 -16 2 -15 1 0 2 0 0 0 0 0 0 0 0 ]
CSI_DATA,AP,68:FE:71:12:53:8C,-36,11,1,6,1,1,1,0,0,0,0,-94,0,6,1,41668528,0,84,0,0,41.669,384,[84 -64 4 0 0 0 0 0 0 0 0 0 15 -13 15 -15 17 -12 16 -11 17 -10 18 -12 19 -9 15 -9 13 -12 14 -8 16 -8 17 -5 17 -6 13 -8 16 -3 18 -6 15 -8 18 -4 13 -5 13 -5 16 -9 16 -9 11 -6 15 -8 15 -8 18 -3 -1 -2 17 -8 15 -6 16 -8 14 -8 14 -10 17 -10 13 -8 14 -5 10 -8 12 -11 11 -11 10 -9 12 -11 15 -12 12 -11 11 -7 12 -13 9 -7 10 -9 13 -13 13 -10 13 -9 11 -12 8 -11 12 -9 11 -9 1 -3 0 0 0 0 0 0 0 0 ]
CSI_DATA,AP,68:FE:71:12:53:8C,-36,11,1,6,1,1,1,0,0,0,0,-93,0,6,1,41756544,0,84,0,0,41.757,384,[84 -64 4 0 0 0 0 0 0 0 0 0 -7 -16 -9 -15 -12 -21 -9 -19 -5 -20 -3 -15 -2 -17 -3 -18 -3 -16 -7 -19 -5 -20 -2 -21 -6 -20 -1 -22 -3 -18 -5 -16 -1 -19 -6 -17 -1 -16 -2 -19 -1 -20 0 -20 -4 -18 -6 -15 -6 -19 -1 -14 1 -2 -7 -14 -5 -17 -6 -15 -2 -14 -7 -11 -5 -14 -6 -15 -2 -14 -5 -11 -8 -11 -9 -14 -9 -16 -6 -16 -4 -16 -5 -15 -10 -11 -8 -11 -6 -12 -5 -14 -12 -10 -10 -11 -8 -10 -7 -9 -9 -15 -8 -12 -8 -11 2 -1 0 0 0 0 0 0 0 0 ]
CSI_DATA,AP,68:FE:71:12:53:8C,-37,11,1,5,1,1,1,0,0,0,0,-95,0,6,1,41845925,0,84,0,0,41.846,384,[84 -64 4 0 0 0 0 0 0 0 0 0 5 22 4 21 6 18 4 19 6 19 0 23 -2 23 4 18 1 18 -1 18 -2 21 -3 23 -3 20 -4 18 -4 19 0 21 -2 21 -3 19 2 17 1 17 -1 15 2 15 -3 19 -2 19 0 17 -4 17 -3 1 0 20 0 16 2 14 3 19 2 15 3 19 -2 16 2 14 -2 16 -2 13 4 18 5 14 1 15 3 17 1 19 4 16 7 15 2 15 2 18 2 15 2 18 1 14 4 15 7 19 3 13 8 16 0 0 0 0 0 0 0 0 0 0 ]
CSI_DATA,AP,68:FE:71:12:53:8C,-39,11,1,6,1,1,1,0,0,0,0,-94,0,6,1,41948676,0,84,0,0,41.949,384,[84 -64 4 0 0 0 0 0 0 0 0 0 -17 6 -16 5 -17 2 -12 0 -17 -2 -17 0 -10 1 -13 2 -16 2 -13 -2 -16 3 -13 3 -12 -1 -14 0 -11 2 -11 -3 -14 -3 -9 1 -13 -2 -13 -3 -10 -4 -8 -3 -11 -2 -10 -1 -14 -2 -13 -1 0 -2 -12 -3 -7 3 -11 1 -12 0 -13 0 -13 -2 -8 3 -10 2 -8 -2 -12 1 -12 -1 -12 2 -7 2 -6 2 -12 4 -9 0 -12 4 -9 1 -8 2 -9 1 -8 2 -6 6 -8 1 -11 8 -5 7 -7 3 0 1 0 0 0 0 0 0 0 0 ]
CSI_DATA,AP,68:FE:71:12:53:8C,-41,11,1,6,1,1,1,0,0,0,0,-93,0,6,1,42056092,0,84,0,0,42.056,384,[84 -64 4 0 0 0 0 0 0 0 0 0 15 4 19 6 16 5 16 7 13 3 19 5 14 4 15 7 12 5 11 10 13 5 15 5 12 9 12 11 10 9 13 12 12 5 15 5 15 9 10 5 14 10 10 9 14 5 11 8 10 5 16 5 -3 3 15 9 16 3 16 8 15 5 10 3 10 6 13 6 13 6 15 7 14 3 11 6 10 4 12 2 11 0 10 2 12 4 13 4 12 -1 17 5 12 -3 17 4 12 2 12 3 17 2 12 1 17 1 -1 2 0 0 0 0 0 0 0 0 ]
CSI_DATA,AP,68:FE:71:12:53:8C,-34,11,1,6,1,1,1,0,0,0,0,-95,0,6,1,42160902,0,84,0,0,42.161,384,[84 -64 4 0 0 0 0 0 0 0 0 0 15 -7 14 -6 14 -7 15 -5 15 -7 11 -3 11 -4 15 -6 15 0 15 -2 12 -4 17 -4 14 -3 15 -2 11 -4 13 0 11 -1 12 -1 11 -3 10 2 14 -1 14 1 12 -2 9 3 10 1 9 -3 0 -2 11 -1 13 -5 14 -5 14 1 12 -4 10 -4 8 0 11 -1 11 -5 9 -4 12 -3 13 -2 8 -6 8 -3 10 -3 8 -4 13 -6 10 -5 9 -6 6 -5 10 -6 10 -8 7 -3 7 -6 11 -8 11 -6 -2 0 0 0 0 0 0 0 0 0 ]
CSI_DATA,AP,68:FE:71:12:53:8C,-37,11,1,6,1,1,1,1,0,0,0,-93,2,6,1,42260495,0,84,0,0,42.26,384,[84 -64 4 0 0 0 0 0 0 0 0 0 11 -12 10 -15 13 -14 10 -17 14 -14 10 -16 12 -16 10 -9 16 -13 11 -10 14 -12 12 -9 12 -10 11 -13 14 -8 17 -7 13 -10 11 -6 16 -7 11 -7 14 -5 16 -6 12 -6 11 -13 12 -12 10 -10 2 -3 12 -8 10 -9 12 -8 13 -11 12 -6 10 -12 11 -9 13 -12 10 -9 9 -8 8 -13 7 -13 13 -10 8 -10 12 -11 8 -15 8 -13 6 -10 10 -13 8 -12 6 -12 10 -12 8 -13 6 -10 11 -11 7 -10 3 2 0 0 0 0 0 0 0 0 ]
CSI_DATA,AP,68:FE:71:12:53:8C,-36,11,1,6,1,1,1,0,0,0,0,-95,0,6,1,42354135,0,84,0,0,42.354,384,[84 -64 4 0 0 0 0 0 0 0 0 0 -6 9 -3 5 -7 6 -3 6 -1 8 -2 7 -5 3 -4 6 -2 7 -6 5 -7 7 -5 4 -6 4 -5 6 -9 8 -3 7 -8 4 -5 6 -7 3 -7 4 -6 6 -9 5 -6 5 -3 7 -7 3 -7 8 -3 -3 -3 6 -3 2 -6 4 -4 4 -4 6 -8 8 -8 5 -3 2 -7 4 -7 2 -1 4 -3 8 -2 7 -5 3 -5 3 -2 8 -3 9 -6 6 0 8 0 4 0 7 -6 10 -4 10 -2 7 -1 5 -2 4 2 -1 0 0 0 0 0 0 0 0 ]
CSI_DATA,AP,68:FE:71:12:53:8C,-31,11,1,7,1,1,1,0,0,0,0,-95,0,6,1,42440580,0,84,0,0,42.441,384,[84 -64 4 0 0 0 0 0 0 0 0 0 -2 -18 -1 -18 1 -17 -2 -21 1 -22 0 -20 1 -16 2 -17 0 -22 5 -18 4 -19 4 -17 3 -21 6 -21 7 -17 7 -17 4 -20 7 -15 4 -16 5 -18 3 -13 6 -19 5 -13 2 -19 6 -14 1 -15 3 0 6 -17 4 -19 4 -18 1 -17 1 -13 4 -16 2 -17 5 -12 1 -17 -1 -17 0 -15 -3 -18 -1 -17 -1 -18 1 -13 -3 -14 -2 -15 -4 -17 1 -17 0 -12 -4 -16 -1 -13 -2 -14 -5 -15 -5 -12 -6 -18 -2 2 0 0 0 0 0 0 0 0 ]
CSI_DATA,AP,68:FE:71:12:53:8C,-31,11,1,7,1,1,1,1,0,0,0,-95,5,6,1,42518862,0,84,0,0,42.519,384,[84 -64 4 0 0 0 0 0 0 0 0 0 -7 -1 -6 -3 -7 -3 -9 -1 -9 -4 -8 -6 -6 -1 -8 -3 -5 -6 -7 -7 -11 -6 -9 -4 -5 -2 -9 -6 -8 -6 -9 -1 -4 -6 -7 -2 -9 -1 -4 -3 -6 -2 -5 -6 -2 -2 -6 -1 -5 -3 -5 -1 -3 3 -8 1 -6 -2 -3 -5 -3 1 -5 0 -8 -1 -9 1 -3 -4 -5 1 -5 -3 -3 0 -6 3 -6 1 -5 2 -3 3 -6 3 -3 1 -7 0 -5 2 -6 3 -9 -2 -8 1 -9 -2 -4 -2 -7 2 -9 2 -2 -1 0 0 0 0 0 0 0 0 ]
CSI_DATA,AP,68:FE:71:12:53:8C,-36,11,1,6,1,1,1,0,0,0,0,-95,0,6,1,42641934,0,84,0,0,42.642,384,[84 -64 4 0 0 0 0 0 0 0 0 0 -31 26 -31 25 -28 24 -32 21 -29 23 -33 19 -29 17 -29 14 -31 15 -30 13 -28 12 -28 16 -25 12 -25 10 -23 9 -23 13 -24 12 -23 15 -21 9 -22 14 -15 10 -15 14 -20 8 -16 11 -19 16 -18 12 2 -2 -16 11 -12 11 -14 17 -15 15 -9 16 -12 18 -12 14 -13 16 -9 13 -9 11 -11 20 -14 22 -8 21 -11 21 -11 23 -9 19 -7 20 -9 17 -6 23 -9 25 -6 25 -5 23 -4 25 -5 27 -8 20 -3 21 -1 -3 0 0 0 0 0 0 0 0 ]
CSI_DATA,AP,68:FE:71:12:53:8C,-39,11,1,5,1,1,1,0,0,0,0,-96,0,6,1,42746282,0,84,0,0,42.746,384,[84 -64 4 0 0 0 0 0 0 0 0 0 -5 29 -7 27 -4 29 -5 24 -6 27 -10 19 -10 19 -6 16 -9 22 -10 17 -8 18 -12 18 -8 20 -9 20 -8 13 -7 17 -10 13 -7 15 -6 17 -7 16 -8 15 -3 15 -8 12 -2 16 -3 15 -5 12 -2 2 -5 10 -2 12 -4 12 4 10 -2 9 -1 14 1 9 -1 13 2 14 -1 9 4 10 3 14 4 15 6 13 5 12 4 14 3 9 4 9 4 10 8 9 6 11 8 12 3 9 5 12 5 8 9 14 1 -1 0 0 0 0 0 0 0 0 ]
CSI_DATA,AP,68:FE:71:12:53:8C,-36,11,1,6,1,1,1,0,0,0,0,-93,0,6,1,42836564,0,84,0,0,42.837,384,[84 -64 4 0 0 0 0 0 0 0 0 0 34 -1 32 -2 32 2 34 3 35 1 25 4 26 7 23 4 30 8 28 5 27 8 28 10 28 3 27 3 22 5 26 2 20 7 22 2 20 2 20 2 16 3 20 3 17 0 15 2 14 2 16 4 2 3 15 -2 13 1 12 1 13 -1 10 -3 11 -3 14 -4 13 -6 9 -5 15 -6 9 -9 10 -7 8 -8 11 -5 11 -5 8 -10 13 -9 12 -7 8 -10 7 -7 10 -6 10 -7 8 -10 8 -9 10 -11 8 -11 -3 -2 0 0 0 0 0 0 0 0 ]
CSI_DATA,AP,68:FE:71:12:53:8C,-35,11,1,6,1,1,1,0,0,0,0,-95,0,6,1,42939803,0,84,0,0,42.94,384,[84 -64 4 0 0 0 0 0 0 0 0 0 9 -24 7 -20 9 -20 12 -24 7 -20 12 -17 11 -16 10 -20 13 -15 8 -14 6 -21 9 -18 13 -20 11 -15 8 -14 9 -14 9 -15 7 -10 6 -16 11 -14 7 -14 11 -16 4 -11 7 -12 5 -16 5 -11 -3 2 8 -13 5 -17 7 -15 2 -18 5 -12 4 -15 3 -18 3 -17 7 -12 3 -17 5 -14 3 -12 2 -14 1 -18 3 -12 8 -14 2 -15 5 -14 3 -13 -1 -18 1 -15 0 -16 5 -13 2 -14 4 -12 2 -12 -2 3 0 0 0 0 0 0 0 0 ]
CSI_DATA,AP,68:FE:71:12:53:8C,-34,11,1,6,1,1,1,0,0,0,0,-94,0,6,1,43010553,0,84,0,0,43.011,384,[84 -64 4 0 0 0 0 0 0 0 0 0 21 -8 19 -2 19 -3 25 -1 21 -7 19 -5 20 -2 21 -2 21 -1 20 1 26 -1 21 -1 24 1 21 -3 22 4 22 -3 23 3 22 1 20 0 21 3 22 0 25 -3 21 3 22 3 27 -2 23 -2 -1 -3 24 3 21 -2 21 -1 25 -2 20 2 23 -1 23 -4 22 -3 21 -5 24 -4 22 -2 22 -2 21 -3 20 -4 21 -5 22 -5 25 -3 25 -10 22 -3 21 -7 23 -7 19 -3 24 -4 21 -9 21 -7 22 -8 0 -1 0 0 0 0 0 0 0 0 ]
CSI_DATA,AP,68:FE:71:12:53:8C,-39,11,1,5,1,1,1,0,0,0,0,-93,0,6,1,43114548,0,84,0,0,43.115,384,[84 -64 4 0 0 0 0 0 0 0 0 0 19 -9 17 -12 16 -10 18 -8 17 -7 18 -6 21 -3 16 -5 17 -4 18 -4 17 -8 21 -7 21 -6 21 -8 19 -7 18 -9 20 -7 20 -7 18 -8 18 -5 18 -5 22 -5 17 -5 21 -8 21 -6 22 -7 0 -2 23 -5 21 -7 20 -7 17 -4 17 -2 23 -8 21 -8 17 -8 22 -5 18 -9 21 -6 16 -9 18 -8 20 -11 20 -5 20 -9 21 -8 18 -8 21 -12 16 -9 22 -8 17 -8 17 -8 16 -12 22 -8 21 -7 -3 -1 0 0 0 0 0 0 0 0 ]
CSI_DATA,AP,68:FE:71:12:53:8C,-38,11,1,5,1,1,1,1,0,0,0,-93,1,6,1,43201654,0,84,0,0,43.202,384,[84 -64 4 0 0 0 0 0 0 0 0 0 -2 -1 -1 0 4 -5 -2 -6 4 -4 6 -4 1 -7 1 -1 5 -2 5 -2 3 0 2 -2 5 -1 3 -5 5 -3 2 -5 7 -6 2 -1 7 -2 8 0 8 -4 10 0 8 -1 11 0 5 -5 5 -3 -1 2 5 -4 6 -3 8 -4 6 0 10 -1 9 -1 8 -3 8 -4 11 -4 6 0 7 -8 7 -6 12 -2 10 -4 8 -2 12 -8 9 -7 9 -2 14 -4 9 -6 14 -3 13 -8 13 -3 16 -6 17 -7 15 -5 -3 0 0 0 0 0 0 0 0 0 ]
CSI_DATA,AP,68:FE:71:12:53:8C,-36,11,1,6,1,1,1,0,0,0,0,-94,0,6,1,43332056,0,84,0,0,43.332,384,[84 -64 4 0 0 0 0 0 0 0 0 0 16 2 17 2 18 8 15 7 16 9 17 8 20 8 15 10 17 12 15 15 14 11 18 14 20 18 14 10 14 14 21 16 15 14 17 11 14 15 18 12 17 17 16 17 12 13 17 16 19 15 18 16 -3 -1 18 12 18 15 16 16 15 9 14 16 13 12 14 15 15 11 19 7 13 6 18 7 16 10 15 13 19 6 17 8 19 9 18 7 18 6 17 11 17 6 20 7 18 10 18 5 16 9 19 6 21 5 1 -3 0 0 0 0 0 0 0 0 ]
CSI_DATA,AP,68:FE:71:12:53:8C,-36,11,1,5,1,1,1,0,0,0,0,-94,0,6,1,43423063,0,84,0,0,43.423,384,[84 -64 4 0 0 0 0 0 0 0 0 0 -14 -8 -16 -4 -12 -7 -17 -10 -16 -10 -12 -8 -17 -9 -12 -6 -17 -8 -17 -14 -13 -12 -16 -10 -19 -12 -18 -13 -12 -16 -17 -11 -17 -12 -14 -13 -11 -13 -12 -12 -16 -13 -11 -13 -14 -11 -11 -11 -11 -15 -13 -16 3 3 -11 -12 -11 -16 -11 -11 -16 -10 -13 -12 -18 -9 -13 -14 -13 -10 -16 -9 -14 -9 -13 -11 -12 -11 -18 -11 -16 -12 -15 -6 -18 -6 -14 -6 -16 -9 -14 -6 -15 -9 -16 -9 -13 -9 -19 -10 -20 -10 -13 -12 -15 -10 -3 -2 0 0 0 0 0 0 0 0 ]
CSI_DATA,AP,68:FE:71:12:53:8C,-36,11,1,7,1,1,1,0,0,0,0,-94,0,6,1,43536591,0,84,0,0,43.537,384,[84 -64 4 0 0 0 0 0 0 0 0 0 -12 13 -11 18 -16 14 -17 19 -17 16 -13 13 -19 15 -17 12 -15 15 -19 11 -16 14 -19 12 -21 11 -20 10 -19 7 -16 14 -18 9 -16 8 -17 9 -14 11 -15 7 -13 9 -12 7 -16 10 -13 7 -17 11 -1 -2 -13 12 -12 8 -16 9 -15 12 -13 9 -15 11 -11 14 -12 7 -8 8 -12 12 -14 16 -14 9 -11 12 -10 14 -8 11 -8 11 -8 16 -6 14 -8 12 -6 16 -13 13 -9 13 -11 14 -6 12 -6 12 -5 12 3 -2 0 0 0 0 0 0 0 0 ]
CSI_DATA,AP,68:FE:71:12:53:8C,-36,11,1,6,1,1,1,0,0,0,0,-93,0,6,1,43653065,0,84,0,0,43.653,384,[82 -96 4 0 0 0 0 0 0 0 0 0 -19 6 -19 1 -23 1 -19 0 -23 1 -21 -2 -16 0 -18 -4 -19 -3 -22 1 -19 -4 -23 -2 -17 -2 -17 -5 -16 -3 -19 -4 -16 0 -15 -3 -21 -2 -14 0 -16 -4 -16 -2 -19 -1 -17 -5 -16 1 -15 1 0 3 -13 -2 -17 -2 -18 2 -17 1 -15 2 -16 -1 -18 -4 -16 -4 -13 0 -18 -3 -15 -1 -18 -2 -14 -1 -14 -1 -15 4 -16 6 -14 4 -18 7 -13 3 -17 6 -14 2 -19 3 -19 6 -15 2 -13 3 -12 2 -1 1 0 0 0 0 0 0 0 0 ]
CSI_DATA,AP,68:FE:71:12:53:8C,-37,11,1,7,1,1,1,0,0,0,0,-93,0,6,1,43750623,0,84,0,0,43.751,384,[84 -64 4 0 0 0 0 0 0 0 0 0 13 15 13 19 9 17 10 19 11 18 9 14 5 16 4 14 4 16 5 15 8 20 8 14 3 15 2 15 5 14 4 19 7 17 2 18 7 16 1 16 3 17 1 18 5 18 4 13 6 17 2 16 -3 2 5 16 8 16 8 17 4 16 8 11 7 10 8 12 8 15 6 12 5 13 6 14 10 14 7 11 8 10 5 14 6 11 5 15 6 9 5 11 10 14 6 11 10 14 12 15 11 13 11 13 11 14 1 0 0 0 0 0 0 0 0 0 ]
CSI_DATA,AP,68:FE:71:12:53:8C,-36,11,1,5,1,1,1,0,0,0,0,-94,0,6,1,43882800,0,84,0,0,43.883,384,[84 -64 4 0 0 0 0 0 0 0 0 0 19 6 17 7 14 7 19 6 15 7 15 7 14 11 11 10 15 14 16 13 14 10 14 10 14 8 15 11 11 14 9 14 14 10 12 9 10 12 11 12 13 12 13 8 9 10 10 7 14 7 7 13 2 1 8 6 13 9 7 7 8 7 8 9 10 6 14 9 10 6 11 11 10 5 10 8 13 7 10 4 9 5 11 10 13 7 9 7 12 5 12 9 14 9 12 5 15 3 12 9 13 7 15 4 13 2 -1 -1 0 0 0 0 0 0 0 0 ]
CSI_DATA,AP,68:FE:71:12:53:8C,-41,11,1,6,1,1,1,0,0,0,0,-95,0,6,1,43978553,0,84,0,0,43.979,384,[84 -64 4 0 0 0 0 0 0 0 0 0 1 20 -2 16 1 22 2 20 -4 21 -2 16 -1 17 -5 17 -2 19 -2 19 -2 18 -3 17 -3 16 -8 15 -7 14 -2 14 -4 18 -4 13 -5 18 -2 17 -7 18 -2 13 -3 15 -6 15 -7 13 -2 15 0 -1 -1 18 -1 16 -6 18 -3 14 -4 14 -2 15 1 14 1 12 0 12 -2 17 -3 17 -3 14 1 18 3 18 2 12 1 13 3 13 2 17 1 14 5 11 4 13 1 17 4 13 3 15 4 17 4 17 -1 1 0 0 0 0 0 0 0 0 ]
CSI_DATA,AP,68:FE:71:12:53:8C,-35,11,1,7,1,1,1,0,0,0,0,-94,0,6,1,44068847,0,84,0,0,44.069,384,[84 -64 4 0 0 0 0 0 0 0 0 0 12 17 8 17 8 15 6 18 10 14 8 13 4 20 8 16 5 17 9 17 4 14 9 15 3 18 8 20 4 19 2 20 6 17 1 14 7 16 1 12 2 19 4 15 1 12 7 16 3 14 7 14 2 -1 6 13 6 14 6 14 4 10 9 10 7 10 5 12 5 16 6 15 8 15 5 14 8 10 9 10 6 12 9 10 6 15 6 10 5 10 8 14 7 12 9 8 10 12 8 9 12 13 13 9 9 7 2 -3 0 0 0 0 0 0 0 0 ]
CSI_DATA,AP,68:FE:71:12:53:8C,-35,11,1,7,1,1,1,0,0,0,0,-93,0,6,1,44189384,0,82,0,0,44.189,384,[84 -64 4 0 0 0 0 0 0 0 0 0 1 -16 5 -20 5 -17 5 -21 1 -19 2 -20 3 -17 8 -15 6 -20 2 -18 3 -19 2 -14 4 -20 7 -15 9 -13 8 -12 7 -12 7 -13 5 -16 6 -17 8 -16 6 -13 7 -15 2 -15 7 -16 2 -14 1 3 7 -18 4 -14 2 -16 3 -13 6 -15 5 -13 0 -15 1 -16 4 -15 0 -13 2 -15 3 -15 -2 -17 1 -11 1 -13 -1 -13 2 -14 -2 -13 -3 -14 2 -13 -3 -13 2 -17 -5 -15 -2 -12 -4 -16 -2 -15 -1 1 0 0 0 0 0 0 0 0 ]
CSI_DATA,AP,68:FE:71:12:53:8C,-34,11,1,5,1,1,1,0,0,0,0,-95,0,6,1,44298771,0,84,0,0,44.299,384,[84 -64 4 0 0 0 0 0 0 0 0 0 16 4 19 7 18 7 21 6 21 9 18 9 19 12 16 13 14 12 18 8 16 13 19 11 12 8 12 10 11 8 14 15 12 12 12 14 16 9 10 12 12 9 13 13 13 13 10 13 13 10 12 13 -2 -2 9 8 12 7 11 11 14 7 15 12 14 12 12 9 13 7 16 10 12 7 11 5 14 5 15 5 12 6 11 7 17 6 13 4 17 3 11 3 15 5 13 2 15 2 11 5 13 1 14 1 14 2 2 0 0 0 0 0 0 0 0 0 ]
CSI_DATA,AP,68:FE:71:12:53:8C,-38,11,1,6,1,1,1,0,0,0,0,-95,0,6,1,44399063,0,84,0,0,44.399,384,[84 -64 4 0 0 0 0 0 0 0 0 0 15 7 15 10 20 5 21 11 16 10 17 10 13 10 16 7 15 9 13 14 13 12 16 12 11 9 13 13 15 11 14 13 14 11 15 11 11 12 15 11 15 8 9 9 13 8 15 8 9 10 11 13 -2 0 13 13 9 8 13 8 12 6 14 6 16 10 15 6 15 5 15 7 11 8 12 5 16 10 13 6 11 6 12 8 11 6 15 4 17 2 17 3 17 1 13 4 13 1 17 4 14 4 13 2 16 6 3 3 0 0 0 0 0 0 0 0 ]
CSI_DATA,AP,68:FE:71:12:53:8C,-34,11,1,7,1,1,1,0,0,0,0,-93,0,6,1,44475512,0,84,0,0,44.476,384,[84 -64 4 0 0 0 0 0 0 0 0 0 18 4 16 2 19 8 21 4 19 5 15 7 19 11 18 4 20 8 17 5 15 10 19 7 16 8 14 6 15 6 14 7 18 11 17 8 19 10 13 6 16 6 17 10 12 9 14 8 13 11 13 9 -3 -2 15 11 15 10 18 7 15 4 12 7 17 8 12 4 18 7 17 5 12 1 13 3 17 5 18 4 17 7 17 1 19 4 14 3 16 5 19 5 14 3 13 4 15 4 15 -1 15 -2 15 -2 12 0 1 1 0 0 0 0 0 0 0 0 ]
CSI_DATA,AP,68:FE:71:12:53:8C,-39,11,1,6,1,1,1,1,0,0,0,-93,1,6,1,44581242,0,84,0,0,44.581,384,[84 -64 4 0 0 0 0 0 0 0 0 0 18 -21 18 -24 20 -22 20 -21 22 -17 23 -19 27 -20 22 -18 21 -18 27 -14 25 -19 25 -19 22 -15 21 -16 22 -13 25 -14 25 -14 21 -15 25 -13 25 -16 25 -12 23 -11 22 -13 22 -16 24 -12 23 -10 -1 1 19 -13 19 -14 18 -13 19 -19 22 -17 19 -14 17 -16 16 -13 15 -16 21 -13 16 -15 18 -14 18 -15 14 -17 15 -20 17 -17 17 -16 19 -18 16 -19 18 -21 18 -18 16 -20 16 -21 14 -23 15 -19 16 -20 -3 1 0 0 0 0 0 0 0 0 ]
CSI_DATA,AP,68:FE:71:12:53:8C,-36,11,1,5,1,1,1,0,0,0,0,-96,0,6,1,44692824,0,84,0,0,44.693,384,[84 -64 4 0 0 0 0 0 0 0 0 0 5 -24 4 -18 5 -21 4 -19 4 -19 1 -16 8 -21 4 -19 8 -17 5 -17 8 -22 9 -21 5 -20 6 -20 8 -19 9 -18 8 -15 11 -17 9 -16 8 -16 5 -19 5 -17 4 -18 6 -16 8 -14 9 -13 -3 -3 5 -18 5 -17 8 -19 5 -14 7 -12 5 -13 3 -16 5 -19 1 -16 2 -18 2 -19 2 -16 3 -19 6 -19 5 -14 4 -14 0 -18 0 -19 3 -19 0 -16 1 -17 -1 -19 4 -17 -3 -14 -1 -15 3 -13 -2 0 0 0 0 0 0 0 0 0 ]
CSI_DATA,AP,68:FE:71:12:53:8C,-33,11,1,7,1,1,1,0,0,0,0,-95,0,6,1,44756461,0,84,0,0,44.756,384,[84 -64 4 0 0 0 0 0 0 0 0 0 -12 -14 -15 -16 -15 -18 -13 -15 -11 -15 -11 -14 -12 -19 -11 -20 -9 -17 -5 -18 -10 -21 -6 -17 -7 -16 -5 -18 -9 -19 -5 -18 -9 -18 -4 -15 -7 -15 -5 -17 -4 -16 -4 -17 -8 -15 -4 -16 -7 -17 -8 -15 -3 1 -9 -19 -7 -13 -8 -13 -5 -12 -8 -17 -5 -14 -4 -17 -5 -17 -6 -11 -9 -11 -12 -16 -6 -11 -8 -14 -6 -12 -7 -14 -7 -13 -11 -10 -11 -11 -13 -14 -12 -11 -8 -13 -9 -13 -10 -16 -13 -16 -10 -15 -14 -15 -3 -2 0 0 0 0 0 0 0 0 ]
CSI_DATA,AP,68:FE:71:12:53:8C,-39,11,1,4,1,1,1,0,0,0,0,-94,0,6,1,44862648,0,84,0,0,44.863,384,[84 -64 4 0 0 0 0 0 0 0 0 0 -16 13 -13 17 -12 12 -15 15 -17 11 -15 14 -18 10 -14 12 -16 8 -16 11 -14 10 -16 12 -20 7 -18 11 -14 10 -18 7 -16 9 -17 7 -18 7 -16 5 -18 6 -15 10 -16 5 -14 7 -13 8 -15 5 0 -3 -11 8 -12 11 -10 7 -12 7 -11 10 -13 8 -13 8 -12 12 -11 9 -10 11 -10 10 -10 13 -9 10 -11 10 -9 8 -8 9 -13 11 -9 10 -11 13 -12 10 -9 14 -11 12 -11 11 -13 10 -11 15 -10 12 -3 2 0 0 0 0 0 0 0 0 ]
CSI_DATA,AP,68:FE:71:12:53:8C,-36,11,1,6,1,1,1,0,0,0,0,-95,0,6,1,44943657,0,84,0,0,44.944,384,[84 -64 4 0 0 0 0 0 0 0 0 0 18 2 22 -1 18 4 20 6 21 3 19 4 16 2 16 7 19 4 21 4 18 3 17 5 17 6 14 3 15 8 15 9 19 9 15 5 16 7 19 6 18 6 18 7 16 10 16 6 12 4 15 6 0 -2 11 6 17 3 12 8 12 2 16 2 15 3 13 6 13 3 14 5 17 2 18 4 14 4 17 0 17 1 17 -1 18 0 19 2 16 -2 16 -2 14 3 16 2 12 -2 17 2 15 -3 13 -1 13 -1 2 -2 0 0 0 0 0 0 0 0 ]
CSI_DATA,AP,68:FE:71:12:53:8C,-36,11,1,7,1,1,1,0,0,0,0,-94,0,6,1,45058308,0,84,0,0,45.058,384,[84 -64 4 0 0 0 0 0 0 0 0 0 5 17 2 17 1 17 3 17 -2 21 -2 18 -3 21 0 17 0 21 -1 19 -6 18 -4 21 -4 17 -7 17 -4 15 -4 17 -2 18 -3 18 -7 19 -4 19 -3 20 0 19 -3 17 -5 18 -2 17 -4 18 -1 -2 1 13 -3 18 1 15 -4 14 1 18 1 18 -1 14 -4 17 1 18 -2 15 -3 13 -3 17 0 15 0 12 0 12 4 16 5 15 0 15 0 16 4 12 2 15 2 13 0 13 3 14 5 14 4 13 2 1 0 0 0 0 0 0 0 0 ]
CSI_DATA,AP,68:FE:71:12:53:8C,-36,11,1,5,1,1,1,0,0,0,0,-96,0,6,1,45168323,0,84,0,0,45.168,384,[84 -64 4 0 0 0 0 0 0 0 0 0 -10 20 -12 14 -12 20 -9 18 -8 19 -12 18 -15 16 -10 13 -14 12 -11 15 -12 17 -10 16 -14 12 -15 14 -10 13 -13 16 -10 16 -11 10 -14 11 -15 13 -16 14 -14 9 -12 14 -8 13 -15 12 -11 15 2 3 -11 13 -12 15 -9 14 -13 15 -7 10 -13 15 -10 11 -10 12 -8 14 -8 10 -10 15 -7 17 -9 17 -7 16 -8 15 -4 15 -9 14 -5 15 -9 13 -3 17 -7 12 -3 15 -5 15 -1 17 -4 14 -7 16 -3 3 0 0 0 0 0 0 0 0 ]
CSI_DATA,AP,68:FE:71:12:53:8C,-37,11,1,6,1,1,1,0,0,0,0,-93,0,6,1,45263212,0,84,0,0,45.263,384,[84 -64 4 0 0 0 0 0 0 0 0 0 -6 20 -5 20 -6 18 -8 23 -7 18 -9 18 -5 18 -3 18 -6 15 -4 21 -7 20 -10 14 -9 18 -5 19 -7 20 -11 15 -11 17 -6 15 -5 15 -4 14 -10 17 -8 13 -8 12 -10 17 -6 19 -4 18 2 1 -7 13 -6 17 -5 14 -2 17 -2 14 -6 16 -4 14 -2 16 -2 18 0 11 -1 16 -3 18 -3 16 -3 16 -2 13 1 18 2 12 -2 16 0 12 0 18 0 12 4 17 3 14 -1 17 0 17 3 18 -2 1 0 0 0 0 0 0 0 0 ]
CSI_DATA,AP,68:FE:71:12:53:8C,-38,11,1,6,1,1,1,0,0,0,0,-96,0,6,1,45400835,0,84,0,0,45.401,384,[84 -64 4 0 0 0 0 0 0 0 0 0 3 -20 2 -16 1 -20 3 -20 3 -19 5 -18 7 -14 4 -20 2 -20 5 -19 6 -20 6 -14 2 -20 2 -19 8 -19 7 -14 8 -15 2 -17 5 -17 2 -15 4 -13 8 -18 3 -13 3 -15 1 -13 3 -17 1 1 6 -11 3 -12 0 -16 5 -13 3 -11 0 -13 4 -13 5 -13 5 -17 3 -16 -2 -12 1 -16 1 -12 -1 -14 2 -17 -2 -16 0 -16 -4 -18 3 -15 -4 -13 0 -13 -1 -14 -5 -18 -5 -12 -2 -11 -3 -16 -1 -3 0 0 0 0 0 0 0 0 ]
CSI_DATA,AP,68:FE:71:12:53:8C,-41,11,1,5,1,1,1,0,0,0,0,-95,0,6,1,45469047,0,82,0,0,45.469,384,[84 -64 4 0 0 0 0 0 0 0 0 0 20 8 17 9 17 12 14 10 16 10 13 13 13 10 15 12 11 15 12 11 16 11 14 13 10 12 10 12 14 12 12 14 9 11 11 13 11 10 9 11 12 12 10 16 12 12 9 13 8 12 10 13 -2 -2 10 9 11 12 10 9 8 12 13 11 11 12 10 8 11 8 14 11 11 10 9 8 13 12 13 8 15 10 12 7 14 7 14 8 14 5 11 8 13 9 13 7 16 6 15 4 15 4 10 3 15 8 0 1 0 0 0 0 0 0 0 0 ]
CSI_DATA,AP,68:FE:71:12:53:8C,-37,11,1,5,1,1,1,0,0,0,0,-93,0,6,1,45565407,0,82,0,0,45.565,384,[84 -64 4 0 0 0 0 0 0 0 0 0 10 -14 15 -15 13 -15 16 -18 14 -13 16 -14 13 -10 17 -16 13 -13 17 -15 18 -15 17 -11 15 -14 12 -8 15 -8 13 -14 18 -9 11 -13 17 -8 14 -8 16 -7 15 -13 16 -9 15 -10 15 -13 17 -13 -3 0 12 -7 16 -7 11 -13 11 -12 10 -14 12 -11 13 -11 9 -12 10 -12 14 -13 7 -13 7 -10 8 -11 11 -14 7 -15 11 -14 7 -13 10 -14 13 -11 8 -14 7 -12 9 -15 9 -15 11 -12 11 -15 10 -16 -1 -2 0 0 0 0 0 0 0 0 ]
CSI_DATA,AP,68:FE:71:12:53:8C,-32,11,1,7,1,1,1,0,0,0,1,-94,0,6,1,45668037,0,84,0,0,45.668,384,[84 -64 4 0 0 0 0 0 0 0 0 0 -16 14 -14 14 -19 14 -20 8 -16 7 -18 12 -20 10 -15 11 -17 7 -16 6 -16 6 -19 6 -19 5 -18 8 -21 3 -21 7 -17 6 -19 7 -16 7 -18 3 -14 7 -14 2 -19 7 -14 8 -14 8 -17 2 -1 2 -18 3 -17 7 -17 6 -16 8 -13 4 -15 6 -13 4 -12 6 -15 5 -16 6 -15 5 -14 6 -15 11 -16 6 -15 11 -13 10 -10 12 -16 10 -16 10 -10 11 -9 7 -15 11 -11 7 -15 10 -9 9 -12 8 -3 -3 0 0 0 0 0 0 0 0 ]
CSI_DATA,AP,68:FE:71:12:53:8C,-32,11,1,7,1,1,1,1,0,0,0,-95,5,6,1,45762435,0,84,0,0,45.762,384,[84 -64 4 0 0 0 0 0 0 0 0 0 17 7 15 7 20 7 14 11 18 11 15 11 18 8 12 11 13 13 15 8 15 11 11 14 11 13 13 13 11 10 12 10 10 9 12 7 12 14 14 13 14 14 10 7 10 12 8 12 11 7 13 12 -3 2 8 8 9 8 9 12 10 11 14 9 10 6 10 10 8 6 14 6 15 4 12 6 14 6 15 10 11 10 10 3 11 3 10 8 15 2 11 9 9 8 11 5 14 5 14 5 12 5 13 7 16 1 1 -1 0 0 0 0 0 0 0 0 ]
CSI_DATA,AP,68:FE:71:12:53:8C,-38,11,1,6,1,1,1,0,0,0,0,-95,0,6,1,45837528,0,84,0,0,45.838,384,[84 -64 4 0 0 0 0 0 0 0 0 0 11 15 11 19 6 20 5 22 9 16 6 20 5 18 3 20 4 19 7 18 5 18 3 18 3 19 4 18 2 20 3 20 1 18 1 16 0 15 3 21 2 20 0 17 3 17 2 20 3 19 1 19 -3 0 3 18 7 15 8 19 4 12 3 15 4 15 5 12 8 17 7 11 7 12 7 13 8 16 9 15 10 15 5 17 5 12 11 18 10 11 10 13 8 12 11 14 9 10 9 16 8 14 11 12 7 12 2 1 0 0 0 0 0 0 0 0 ]
CSI_DATA,AP,68:FE:71:12:53:8C,-32,11,1,7,1,1,1,1,0,0,0,-94,4,6,1,45958199,0,84,0,0,45.958,384,[84 -64 4 0 0 0 0 0 0 0 0 0 18 -11 19 -12 20 -15 21 -15 22 -11 19 -11 19 -12 16 -11 21 -11 21 -8 16 -6 16 -6 17 -4 20 -4 16 -3 17 -8 19 -3 13 -8 14 -6 19 -4 14 -4 16 -3 15 -8 14 -8 16 -7 16 -7 3 2 14 -10 13 -10 13 -6 16 -10 17 -4 12 -11 18 -7 17 -7 15 -9 16 -11 13 -9 13 -10 16 -11 13 -7 12 -10 14 -12 11 -12 14 -14 9 -13 11 -14 9 -14 12 -13 13 -12 13 -12 14 -11 14 -10 -2 1 0 0 0 0 0 0 0 0 ]
CSI_DATA,AP,68:FE:71:12:53:8C,-31,11,1,6,1,1,1,0,0,0,0,-94,0,6,1,46062114,0,84,0,0,46.062,384,[84 -64 4 0 0 0 0 0 0 0 0 0 13 -19 12 -13 17 -18 16 -18 15 -17 13 -13 19 -16 15 -15 16 -11 20 -14 18 -13 15 -14 15 -10 18 -8 16 -10 15 -9 13 -11 19 -9 15 -10 19 -9 13 -8 16 -10 17 -7 19 -7 15 -9 13 -12 3 0 12 -10 15 -9 15 -8 16 -13 14 -10 14 -9 15 -10 10 -10 14 -14 10 -13 9 -12 12 -11 11 -16 8 -14 11 -14 8 -15 9 -16 10 -16 12 -16 8 -14 8 -16 8 -12 7 -18 6 -15 6 -14 6 -16 -3 2 0 0 0 0 0 0 0 0 ]
CSI_DATA,AP,68:FE:71:12:53:8C,-36,11,1,7,1,1,1,0,0,0,0,-95,0,6,1,46143096,0,84,0,0,46.143,384,[84 -64 4 0 0 0 0 0 0 0 0 0 -24 -4 -18 -9 -20 -5 -25 -11 -19 -8 -21 -8 -16 -9 -21 -11 -19 -13 -17 -11 -23 -12 -19 -10 -22 -8 -18 -13 -16 -12 -22 -10 -19 -15 -14 -8 -19 -10 -13 -10 -14 -11 -15 -15 -12 -12 -19 -13 -16 -9 -17 -11 -1 2 -19 -6 -19 -12 -16 -12 -15 -5 -19 -7 -19 -10 -14 -12 -16 -8 -15 -8 -19 -6 -21 -5 -19 -8 -16 -3 -21 -6 -18 -6 -15 -3 -16 -3 -19 -6 -20 -6 -16 -5 -19 -2 -16 -2 -17 -1 -15 -2 -18 -4 -18 -3 2 1 0 0 0 0 0 0 0 0 ]
CSI_DATA,AP,68:FE:71:12:53:8C,-34,11,1,6,1,1,1,0,0,0,0,-96,0,6,1,46237945,0,84,0,0,46.238,384,[84 -64 4 0 0 0 0 0 0 0 0 0 -2 24 -5 23 -3 23 -6 22 -2 20 -10 20 -8 17 -9 20 -5 22 -5 17 -10 22 -6 18 -6 21 -12 22 -8 16 -8 21 -9 21 -9 17 -9 15 -8 17 -11 14 -9 16 -11 15 -12 18 -7 14 -9 14 1 -3 -5 19 -10 14 -8 16 -5 14 -3 15 -5 15 -8 18 -6 17 -4 18 -7 18 -3 19 -2 14 -1 20 -7 19 -1 16 0 20 -5 18 -1 17 1 20 -4 18 1 20 -1 16 -4 16 -2 14 2 15 -3 19 2 2 0 0 0 0 0 0 0 0 ]
CSI_DATA,AP,68:FE:71:12:53:8C,-38,11,1,6,1,1,1,0,0,0,1,-94,0,6,1,46295689,0,84,0,0,46.296,384,[84 -64 4 0 0 0 0 0 0 0 0 0 5 -18 5 -18 3 -25 9 -25 10 -18 11 -17 9 -21 10 -21 8 -16 8 -17 13 -18 11 -17 9 -17 11 -19 11 -20 13 -15 12 -14 10 -16 12 -14 10 -13 9 -13 12 -16 7 -17 10 -17 11 -19 5 -13 0 -1 7 -14 8 -18 6 -20 9 -13 4 -17 9 -15 7 -14 5 -17 6 -16 5 -19 2 -21 6 -14 6 -18 4 -15 2 -18 5 -15 3 -15 1 -14 2 -20 4 -15 0 -19 5 -16 -1 -19 2 -21 2 -17 -2 -19 -1 -2 0 0 0 0 0 0 0 0 ]
CSI_DATA,AP,68:FE:71:12:53:8C,-38,11,1,6,1,1,1,0,0,0,0,-95,0,6,1,46409760,0,84,0,0,46.41,384,[84 -64 4 0 0 0 0 0 0 0 0 0 -22 -1 -23 -3 -21 -5 -20 -6 -22 -6 -22 -11 -19 -8 -16 -7 -23 -7 -22 -11 -20 -11 -18 -12 -21 -11 -18 -11 -20 -7 -22 -11 -19 -7 -14 -9 -17 -12 -20 -10 -17 -13 -15 -7 -16 -8 -20 -13 -15 -6 -18 -11 -1 1 -17 -12 -15 -8 -20 -9 -19 -10 -20 -10 -17 -7 -18 -9 -15 -4 -13 -9 -15 -4 -20 -4 -15 -4 -14 -2 -14 -2 -18 -1 -17 -5 -19 -5 -17 -1 -14 -5 -14 -1 -15 0 -19 -1 -19 -2 -16 0 -15 -4 -21 -1 2 -2 0 0 0 0 0 0 0 0 ]
CSI_DATA,AP,68:FE:71:12:53:8C,-38,11,1,7,1,1,1,0,0,0,0,-93,0,6,1,46480519,0,84,0,0,46.481,384,[84 -64 4 0 0 0 0 0 0 0 0 0 -11 17 -15 18 -12 19 -18 18 -17 14 -15 17 -14 14 -14 16 -15 12 -14 11 -15 14 -20 12 -20 15 -16 11 -14 10 -18 10 -20 10 -17 13 -14 8 -20 13 -14 13 -16 9 -15 11 -13 8 -18 8 -15 12 3 2 -15 13 -13 13 -16 10 -14 10 -15 12 -11 13 -11 14 -15 11 -16 8 -13 13 -12 15 -15 9 -9 12 -13 13 -14 13 -14 17 -12 16 -13 11 -12 17 -8 16 -13 14 -11 12 -8 11 -11 16 -10 16 -8 16 1 -3 0 0 0 0 0 0 0 0 ]
CSI_DATA,AP,68:FE:71:12:53:8C,-36,11,1,6,1,1,1,0,0,0,0,-95,0,6,1,46574971,0,84,0,0,46.575,384,[84 -64 4 0 0 0 0 0 0 0 0 0 4 -20 7 -21 4 -21 6 -20 8 -17 5 -21 10 -20 9 -15 12 -18 10 -17 13 -16 10 -16 8 -16 11 -20 11 -15 11 -18 9 -17 11 -16 11 -17 6 -14 10 -17 12 -15 6 -14 12 -13 10 -19 10 -16 -1 1 11 -15 6 -13 9 -13 4 -15 4 -13 6 -14 3 -18 8 -14 5 -17 6 -19 3 -18 7 -15 2 -19 4 -16 1 -15 6 -20 4 -18 0 -20 2 -15 -1 -19 4 -18 0 -19 -2 -20 1 -17 4 -15 -3 -18 -1 -1 0 0 0 0 0 0 0 0 ]
CSI_DATA,AP,68:FE:71:12:53:8C,-33,11,1,7,1,1,1,0,0,0,1,-95,0,6,1,46653504,0,84,0,0,46.654,384,[84 -64 4 0 0 0 0 0 0 0 0 0 -9 -19 -12 -18 -11 -20 -15 -18 -10 -19 -7 -15 -9 -18 -7 -19 -8 -18 -9 -17 -10 -19 -5 -19 -8 -22 -4 -21 -3 -15 -8 -20 -4 -21 -7 -15 -6 -15 -7 -14 -9 -19 -8 -15 -8 -19 -6 -18 -9 -17 -4 -16 2 1 -5 -15 -9 -16 -7 -15 -6 -14 -6 -19 -6 -18 -7 -13 -10 -16 -9 -12 -6 -17 -7 -14 -6 -17 -12 -12 -10 -11 -6 -13 -13 -17 -12 -14 -13 -13 -9 -15 -12 -15 -11 -16 -9 -10 -13 -17 -12 -12 -8 -11 -8 -9 0 3 0 0 0 0 0 0 0 0 ]
CSI_DATA,AP,68:FE:71:12:53:8C,-35,11,1,5,1,1,1,0,0,0,1,-94,0,6,1,46749419,0,84,0,0,46.749,384,[84 -64 4 0 0 0 0 0 0 0 0 0 -6 17 -8 21 -7 17 -8 19 -12 18 -10 16 -11 21 -11 17 -9 17 -10 14 -14 20 -14 17 -13 14 -14 14 -8 11 -11 16 -9 12 -8 12 -8 16 -13 15 -9 14 -10 17 -11 16 -9 11 -13 13 -11 14 3 0 -9 14 -7 16 -10 17 -8 16 -10 15 -6 14 -10 13 -4 17 -8 14 -5 15 -6 15 -4 16 -8 14 -5 16 -9 13 -6 15 -4 17 -7 13 -5 11 -2 16 -3 17 -4 13 -2 17 -4 17 -5 12 -3 13 -3 -3 0 0 0 0 0 0 0 0 ]
CSI_DATA,AP,68:FE:71:12:53:8C,-37,11,1,6,1,1,1,0,0,0,0,-95,0,6,1,46872213,0,84,0,0,46.872,384,[84 -64 4 0 0 0 0 0 0 0 0 0 9 -16 10 -14 13 -16 18 -15 16 -19 13 -17 12 -15 13 -16 19 -11 14 -15 14 -14 18 -14 17 -17 19 -14 14 -13 14 -15 13 -9 12 -10 14 -8 16 -10 13 -14 13 -11 10 -10 16 -10 14 -12 16 -10 -1 -1 10 -14 13 -13 12 -12 10 -10 15 -13 12 -11 9 -10 8 -13 8 -10 7 -14 7 -12 8 -12 13 -15 8 -11 10 -15 9 -14 7 -18 7 -13 11 -18 7 -14 8 -13 12 -13 10 -18 7 -17 5 -18 8 -19 -1 2 0 0 0 0 0 0 0 0 ]
CSI_DATA,AP,68:FE:71:12:53:8C,-37,11,1,5,1,1,1,1,0,0,0,-96,2,6,1,46982535,0,84,0,0,46.983,384,[84 -64 4 0 0 0 0 0 0 0 0 0 -11 14 -18 14 -17 14 -19 14 -18 12 -14 12 -19 7 -15 7 -18 11 -20 10 -20 10 -21 10 -17 7 -20 13 -21 7 -19 8 -15 5 -18 10 -18 5 -14 8 -15 4 -15 4 -16 9 -13 6 -14 6 -18 10 2 -1 -17 11 -16 10 -14 7 -17 10 -16 9 -14 7 -14 5 -10 7 -15 11 -11 12 -11 9 -15 9 -12 10 -15 14 -13 11 -14 10 -12 12 -14 15 -12 10 -12 10 -13 11 -8 9 -7 12 -10 16 -8 14 -10 14 0 -1 0 0 0 0 0 0 0 0 ]
CSI_DATA,AP,68:FE:71:12:53:8C,-38,11,1,7,1,1,1,0,0,0,0,-94,0,6,1,47087230,0,84,0,0,47.087,384,[84 -64 4 0 0 0 0 0 0 0 0 0 -21 9 -16 7 -21 11 -22 11 -19 9 -20 6 -17 10 -19 7 -21 6 -21 8 -19 6 -17 6 -20 4 -21 8 -20 2 -20 8 -21 5 -15 6 -19 5 -20 6 -19 7 -19 7 -16 5 -17 5 -22 6 -17 4 -3 3 -17 3 -19 8 -17 4 -17 10 -17 7 -15 7 -15 10 -14 9 -14 10 -15 5 -12 7 -14 8 -14 10 -12 9 -15 6 -14 12 -13 10 -12 7 -13 10 -12 13 -11 13 -10 14 -11 11 -15 15 -10 11 -9 13 2 3 0 0 0 0 0 0 0 0 ]
CSI_DATA,AP,68:FE:71:12:53:8C,-40,11,1,5,1,1,1,1,0,0,0,-96,3,6,1,47198356,0,84,0,0,47.198,384,[84 -64 4 0 0 0 0 0 0 0 0 0 -3 -18 -5 -20 -6 -23 -4 -20 -5 -22 0 -21 -3 -19 -3 -23 -2 -22 2 -23 0 -18 2 -22 3 -23 -2 -20 4 -20 2 -22 -1 -22 -2 -15 -1 -21 3 -18 1 -15 -1 -21 -1 -16 -1 -18 -2 -20 -1 -21 -1 -2 2 -16 -3 -15 -3 -20 0 -17 1 -20 0 -21 -5 -16 1 -14 -5 -20 -2 -18 -5 -20 -4 -17 -1 -19 -3 -19 -5 -14 -3 -18 -8 -16 -3 -16 -4 -16 -10 -19 -9 -16 -6 -17 -8 -13 -5 -20 -6 -14 -10 -14 -2 -3 0 0 0 0 0 0 0 0 ]
CSI_DATA,AP,68:FE:71:12:53:8C,-33,11,1,7,1,1,1,0,0,0,0,-96,0,6,1,47288746,0,84,0,0,47.289,384,[84 -64 4 0 0 0 0 0 0 0 0 0 13 14 18 15 15 12 13 13 12 14 12 11 14 19 15 16 11 15 14 16 14 17 16 15 10 16 11 18 9 14 14 17 14 19 10 18 12 14 11 17 10 17 7 13 5 16 9 18 11 13 9 14 0 3 10 11 10 17 12 12 12 13 12 12 13 15 10 11 9 11 11 14 9 9 12 12 12 8 9 12 12 12 14 8 12 11 14 9 12 5 16 8 17 10 15 5 10 8 14 10 16 11 13 4 11 8 3 3 0 0 0 0 0 0 0 0 ]
CSI_DATA,AP,68:FE:71:12:53:8C,-39,11,1,4,1,1,1,0,0,0,0,-93,0,6,1,47372878,0,84,0,0,47.373,384,[84 -64 4 0 0 0 0 0 0 0 0 0 18 -7 17 -3 19 -5 20 0 17 -2 20 -1 19 -1 17 3 21 -1 18 3 19 -1 20 2 18 1 20 0 17 4 20 -1 22 2 20 4 21 0 16 2 19 2 15 6 19 0 20 5 16 4 20 -2 -2 2 17 4 20 4 16 -1 18 -3 17 -1 13 0 16 0 19 2 15 -3 15 -3 18 0 14 -2 18 -5 17 -3 16 0 20 -2 19 -4 14 -7 17 -3 15 -5 18 -2 12 -1 14 -7 15 -5 13 -7 16 -7 -2 0 0 0 0 0 0 0 0 0 ]
CSI_DATA,AP,68:FE:71:12:53:8C,-35,11,1,5,1,1,1,0,0,0,0,-93,0,6,1,47471080,0,84,0,0,47.471,384,[84 -64 4 0 0 0 0 0 0 0 0 0 -18 15 -12 10 -20 14 -19 12 -18 10 -21 11 -16 12 -19 6 -20 8 -15 11 -17 8 -17 12 -21 8 -15 7 -17 10 -16 9 -19 6 -19 7 -16 8 -18 6 -14 2 -20 3 -19 3 -20 3 -20 5 -15 9 3 3 -13 8 -13 11 -17 8 -16 10 -14 5 -13 8 -17 11 -14 8 -13 10 -15 9 -15 8 -11 9 -14 7 -13 9 -13 8 -11 10 -11 8 -14 12 -11 13 -12 9 -15 9 -11 12 -12 9 -11 14 -14 9 -12 13 -3 -3 0 0 0 0 0 0 0 0 ]
CSI_DATA,AP,68:FE:71:12:53:8C,-41,11,1,4,1,1,1,0,0,0,1,-94,0,6,1,47565502,0,84,0,0,47.566,384,[84 -64 4 0 0 0 0 0 0 0 0 0 -10 19 -11 21 -7 19 -14 18 -11 16 -14 19 -9 19 -11 14 -13 17 -10 18 -12 15 -16 20 -12 16 -13 15 -16 14 -16 17 -14 18 -10 10 -12 13 -17 16 -15 17 -16 11 -14 11 -9 15 -9 11 -15 14 -3 -3 -8 11 -12 17 -8 13 -11 15 -10 12 -8 18 -9 18 -8 16 -11 16 -10 17 -10 13 -9 14 -5 15 -10 17 -10 18 -3 17 -5 17 -3 19 -9 14 -7 13 -6 18 -2 17 -5 14 -5 16 -1 19 -1 14 -1 1 0 0 0 0 0 0 0 0 ]
CSI_DATA,AP,68:FE:71:12:53:8C,-36,11,1,7,1,1,1,0,0,0,0,-95,0,6,1,47668084,0,84,0,0,47.668,384,[84 -64 4 0 0 0 0 0 0 0 0 0 -9 -17 -8 -22 -4 -20 -3 -19 -1 -19 -2 -21 0 -23 -4 -22 0 -21 -3 -19 2 -23 -3 -18 1 -19 -2 -20 -1 -19 3 -18 3 -18 1 -15 1 -23 3 -20 -2 -17 0 -16 3 -20 -2 -20 2 -21 2 -20 3 1 1 -20 -5 -20 -4 -15 -3 -18 -4 -14 0 -16 0 -20 0 -20 -4 -15 -6 -16 -6 -16 -5 -16 -4 -19 -2 -16 -5 -15 -9 -17 -8 -17 -6 -19 -6 -14 -10 -18 -3 -13 -5 -19 -8 -17 -7 -15 -5 -17 -6 -13 1 -2 0 0 0 0 0 0 0 0 ]
CSI_DATA,AP,68:FE:71:12:53:8C,-35,11,1,6,1,1,1,0,0,0,0,-94,0,6,1,47777356,0,84,0,0,47.777,384,[84 -64 4 0 0 0 0 0 0 0 0 0 -16 9 -17 8 -18 8 -22 8 -16 8 -21 5 -18 4 -22 4 -16 1 -20 3 -20 5 -19 4 -23 0 -19 5 -17 -1 -17 5 -15 3 -18 0 -17 1 -21 -1 -14 -2 -17 0 -14 4 -19 4 -15 1 -18 0 -2 3 -16 0 -17 0 -19 2 -19 7 -15 1 -19 0 -18 0 -13 2 -13 4 -13 4 -14 8 -15 3 -11 4 -11 4 -17 4 -13 9 -12 4 -13 8 -13 3 -12 9 -13 5 -12 7 -12 9 -11 9 -17 7 -16 6 1 -3 0 0 0 0 0 0 0 0 ]
CSI_DATA,AP,68:FE:71:12:53:8C,-33,11,1,7,1,1,1,1,0,0,0,-94,4,6,1,47900468,0,84,0,0,47.9,384,[84 -64 4 0 0 0 0 0 0 0 0 0 20 2 20 -1 21 2 20 -1 22 3 21 4 19 5 17 6 15 4 15 4 15 2 19 6 20 3 17 4 16 7 15 4 19 5 13 6 17 2 18 3 12 2 15 5 15 1 18 3 17 5 13 6 -1 1 17 1 19 7 18 1 14 -1 15 2 18 6 18 1 14 3 18 -1 15 -3 13 1 11 -1 13 -3 15 3 17 -2 16 1 18 -3 13 -1 18 -1 14 1 16 1 13 0 16 -4 15 -1 16 -3 13 -2 0 3 0 0 0 0 0 0 0 0 ]
CSI_DATA,AP,68:FE:71:12:53:8C,-32,11,1,7,1,1,1,0,0,0,0,-93,0,6,1,47993389,0,84,0,0,47.993,384,[84 -64 4 0 0 0 0 0 0 0 0 0 20 9 18 6 20 5 21 12 18 9 20 13 18 12 16 8 18 14 16 13 18 13 16 15 17 13 17 12 18 11 14 12 13 12 14 9 16 11 13 9 15 10 16 12 13 11 14 8 11 10 12 9 -2 -1 11 7 13 11 16 12 12 12 13 11 15 8 16 10 17 9 16 8 17 3 18 9 11 7 17 5 16 6 15 3 15 5 13 9 12 2 17 3 16 3 16 6 13 8 17 8 19 5 18 6 17 2 -3 1 0 0 0 0 0 0 0 0 ]
CSI_DATA,AP,68:FE:71:12:53:8C,-38,11,1,6,1,1,1,0,0,0,0,-94,0,6,1,48095665,0,84,0,0,48.096,384,[84 -64 4 0 0 0 0 0 0 0 0 0 17 -9 20 -8 21 -6 18 -7 20 -6 21 -4 21 -5 19 -3 18 -5 18 -2 21 -6 24 -3 21 -3 21 -6 19 -1 20 -2 21 -3 14 -6 18 -2 18 -4 17 -4 16 -5 19 -1 15 -5 18 -2 19 -2 0 -3 15 -4 19 -2 21 -5 17 -6 20 -6 16 -1 17 -2 19 -2 17 -8 14 -5 16 -5 12 -6 17 -5 15 -6 16 -4 18 -8 13 -10 17 -12 15 -8 13 -12 12 -5 16 -11 13 -13 13 -7 15 -12 12 -11 1 -2 0 0 0 0 0 0 0 0 ]
CSI_DATA,AP,68:FE:71:12:53:8C,-35,11,1,7,1,1,1,0,0,0,0,-93,0,6,1,48196182,0,84,0,0,48.196,384,[84 -64 4 0 0 0 0 0 0 0 0 0 9 -4 6 -3 7 -2 11 -2 11 -4 10 1 6 -2 11 -5 10 0 11 -4 6 1 7 0 8 -2 5 -3 5 -1 10 2 4 -3 9 0 8 0 9 -2 8 4 9 3 9 2 9 -4 8 -3 4 2 -2 -3 3 2 10 0 6 2 8 2 8 -1 7 -4 8 -1 5 1 7 0 8 -2 7 -4 5 -2 5 1 6 0 6 -3 6 -2 3 -2 2 -2 4 -4 4 -5 4 -3 7 -2 4 -2 5 -2 5 -3 8 -4 3 2 0 0 0 0 0 0 0 0 ]
CSI_DATA,AP,68:FE:71:12:53:8C,-34,11,1,7,1,1,1,1,0,0,0,-95,2,6,1,48308436,0,84,0,0,48.308,384,[84 -64 4 0 0 0 0 0 0 0 0 0 -20 2 -18 -1 -16 -3 -20 -1 -22 -1 -15 -1 -21 0 -15 -7 -17 -5 -14 -6 -19 -5 -21 -5 -15 -4 -15 -8 -18 -8 -16 -4 -13 -8 -12 -3 -11 -7 -17 -9 -17 -7 -15 -8 -11 -9 -16 -4 -17 -8 -13 -4 0 -3 -12 -3 -18 -3 -14 -3 -12 -6 -12 -6 -17 -5 -12 -1 -11 -3 -15 -2 -11 -5 -15 -3 -15 -4 -17 -2 -13 -1 -17 2 -16 0 -15 -4 -16 0 -12 -1 -18 2 -14 -3 -15 3 -17 1 -13 3 -15 -1 -16 2 2 2 0 0 0 0 0 0 0 0 ]
CSI_DATA,AP,68:FE:71:12:53:8C,-32,11,1,7,1,1,1,0,0,0,0,-93,0,6,1,48425050,0,84,0,0,48.425,384,[84 -64 4 0 0 0 0 0 0 0 0 0 18 7 19 4 15 9 16 9 19 7 13 7 16 11 15 9 17 12 14 14 17 9 12 13 11 12 12 14 9 10 14 15 13 9 9 11 9 14 9 8 11 11 14 8 13 12 11 8 10 14 12 11 -2 3 9 8 10 12 13 8 9 7 10 6 13 6 12 10 12 7 13 10 13 7 13 8 14 8 12 9 12 7 13 10 13 9 13 9 11 7 9 7 12 4 11 7 10 6 11 6 15 6 15 4 11 3 0 1 0 0 0 0 0 0 0 0 ]
CSI_DATA,AP,68:FE:71:12:53:8C,-37,11,1,6,1,1,1,0,0,0,0,-95,0,6,1,48516913,0,84,0,0,48.517,384,[84 -64 4 0 0 0 0 0 0 0 0 0 14 -14 12 -14 16 -15 12 -11 18 -12 15 -8 14 -13 12 -11 17 -7 12 -12 18 -7 14 -12 17 -10 16 -12 14 -10 14 -11 11 -9 11 -4 13 -6 17 -5 13 -7 15 -5 11 -4 11 -10 17 -5 15 -7 -2 -2 13 -5 14 -7 13 -10 11 -7 14 -8 13 -12 10 -6 10 -11 9 -9 12 -8 14 -10 9 -9 8 -9 10 -13 7 -11 13 -8 12 -14 11 -8 11 -9 7 -13 8 -14 10 -10 9 -11 11 -11 5 -15 6 -10 3 3 0 0 0 0 0 0 0 0 ]
CSI_DATA,AP,68:FE:71:12:53:8C,-39,11,1,5,1,1,1,1,0,0,0,-95,6,6,1,48616397,0,84,0,0,48.616,384,[84 -64 4 0 0 0 0 0 0 0 0 0 0 -12 -3 -10 2 -8 -4 -9 0 -8 -2 -11 1 -7 -1 -8 1 -7 -3 -6 1 -11 1 -8 -2 -9 2 -6 -2 -7 1 -6 -2 -8 -2 -11 -1 -9 -1 -6 1 -8 -1 -8 0 -5 3 -7 -1 -7 4 -8 -1 1 -2 -5 -2 -9 -2 -10 -1 -11 -2 -10 2 -6 2 -6 -2 -10 -2 -7 -3 -7 1 -10 -1 -5 -4 -11 -3 -6 -1 -9 -1 -9 -3 -10 1 -8 -5 -8 -4 -9 -1 -6 -3 -6 -5 -6 -3 -9 1 -9 -5 -7 -3 3 0 0 0 0 0 0 0 0 ]
CSI_DATA,AP,68:FE:71:12:53:8C,-31,11,1,6,1,1,1,1,0,0,0,-94,5,6,1,48738633,0,84,0,0,48.739,384,[84 -64 4 0 0 0 0 0 0 0 0 0 -21 -6 -22 -10 -20 -7 -24 -6 -21 -8 -18 -12 -21 -7 -19 -10 -20 -10 -21 -14 -16 -11 -21 -13 -15 -16 -13 -9 -15 -15 -17 -13 -19 -12 -13 -9 -11 -11 -14 -9 -11 -13 -17 -14 -14 -10 -14 -9 -14 -12 -17 -12 3 -3 -17 -13 -16 -8 -12 -8 -13 -9 -14 -12 -15 -7 -18 -10 -14 -9 -17 -9 -12 -4 -14 -8 -16 -10 -15 -7 -16 -3 -18 -5 -15 -8 -14 -4 -19 -6 -14 -6 -15 0 -13 -2 -15 -3 -14 -2 -19 -6 -14 -5 -14 -5 2 -2 0 0 0 0 0 0 0 0 ]
CSI_DATA,AP,68:FE:71:12:53:8C,-31,11,1,6,1,1,1,0,0,0,1,-95,0,6,1,48856662,0,84,0,0,48.857,384,[84 -64 4 0 0 0 0 0 0 0 0 0 -18 -5 -15 -7 -22 -7 -20 -8 -16 -9 -17 -9 -15 -6 -13 -9 -14 -8 -13 -7 -14 -13 -13 -14 -12 -8 -10 -12 -13 -12 -12 -7 -8 -7 -7 -6 -8 -11 -7 -11 -9 -7 -8 -4 -8 -8 -8 -9 -8 -9 -8 -7 -1 -1 -9 -5 -10 -5 -10 -3 -12 -7 -13 -7 -9 -4 -10 -1 -8 -1 -14 0 -9 -6 -12 -5 -9 -2 -13 -2 -13 0 -10 0 -12 -1 -12 -1 -14 2 -10 -4 -15 1 -15 -3 -12 -2 -16 1 -16 -2 -9 0 -13 -1 -1 3 0 0 0 0 0 0 0 0 ]
CSI_DATA,AP,68:FE:71:12:53:8C,-37,11,0,0,0,0,0,1,0,0,0,-95,4,6,1,48938924,0,37,0,0,48.939,128,[84 -64 4 0 0 0 0 0 0 0 0 0 13 -14 14 -10 13 -14 13 -15 11 -11 13 -9 13 -8 10 -6 16 -8 12 -7 9 -7 10 -10 9 -9 11 -8 11 -5 15 -8 13 -4 8 -7 8 -4 12 -4 9 -5 8 -6 10 -6 11 -3 7 -8 10 -3 -1 0 5 -6 11 -7 5 -7 9 -6 8 -8 3 -10 6 -6 3 -7 3 -10 6 -11 3 -9 5 -5 2 -9 7 -11 8 -10 6 -13 8 -9 3 -11 1 -13 3 -10 2 -15 6 -9 5 -9 5 -14 1 -10 3 -14 3 -3 0 0 0 0 0 0 0 0 ]
CSI_DATA,AP,68:FE:71:12:53:8C,-34,11,1,5,1,1,1,1,0,0,0,-94,4,6,1,49048998,0,84,0,0,49.049,384,[84 -64 4 0 0 0 0 0 0 0 0 0 -8 29 -7 21 -11 23 -9 25 -12 25 -14 21 -16 18 -15 20 -14 19 -11 18 -11 16 -11 18 -11 17 -15 19 -13 12 -10 13 -12 14 -10 9 -9 16 -7 12 -9 9 -10 15 -11 12 -7 15 -5 11 -4 13 2 -3 -3 13 -4 14 -6 10 0 15 -1 14 -3 14 -5 14 -1 9 -5 15 -4 10 -1 12 -3 15 2 13 2 10 0 11 -1 12 4 16 5 10 1 10 1 11 2 10 0 15 2 14 4 13 7 16 6 12 0 -2 0 0 0 0 0 0 0 0 ]
CSI_DATA,AP,68:FE:71:12:53:8C,-39,11,1,6,1,1,1,1,0,0,0,-95,6,6,1,49159982,0,84,0,0,49.16,384,[84 -64 4 0 0 0 0 0 0 0 0 0 -16 -19 -12 -17 -19 -17 -12 -23 -15 -21 -11 -23 -8 -22 -12 -21 -9 -20 -9 -16 -10 -19 -6 -17 -10 -15 -10 -14 -9 -19 -11 -19 -7 -13 -9 -11 -6 -11 -10 -16 -3 -12 -4 -14 -8 -14 -9 -13 -9 -10 -7 -8 -2 -2 -7 -6 -6 -7 -10 -8 -7 -6 -9 -8 -7 -4 -8 -7 -9 -4 -12 -7 -12 -5 -8 -6 -7 -7 -12 -6 -8 -6 -8 0 -9 -3 -11 0 -12 1 -8 -3 -8 1 -9 -3 -8 0 -11 -2 -13 -1 -9 -3 -9 4 -2 2 0 0 0 0 0 0 0 0 ]
CSI_DATA,AP,68:FE:71:12:53:8C,-39,11,1,5,1,1,1,0,0,0,0,-94,0,6,1,49286120,0,84,0,0,49.286,384,[84 -64 4 0 0 0 0 0 0 0 0 0 10 -15 11 -18 12 -17 15 -17 8 -14 10 -16 10 -15 11 -14 9 -16 12 -10 15 -16 12 -13 12 -15 10 -10 8 -10 14 -10 11 -11 13 -8 9 -10 12 -14 13 -11 8 -8 10 -10 11 -12 10 -12 12 -9 2 2 6 -14 11 -11 5 -11 8 -10 6 -11 5 -11 5 -10 6 -13 9 -15 8 -15 7 -12 8 -11 4 -11 8 -11 5 -11 2 -12 2 -11 5 -14 5 -15 1 -16 3 -14 1 -9 4 -15 -1 -16 5 -11 3 -11 -3 -1 0 0 0 0 0 0 0 0 ]
CSI_DATA,AP,68:FE:71:12:53:8C,-40,11,1,5,1,1,1,0,0,0,0,-93,0,6,1,49392532,0,84,0,0,49.393,384,[84 -64 4 0 0 0 0 0 0 0 0 0 15 0 16 0 18 -3 23 -1 21 4 18 2 18 2 21 6 16 1 18 3 23 5 23 7 22 3 18 5 17 7 19 5 18 8 17 5 15 8 17 5 21 3 17 2 14 4 21 8 17 9 17 2 1 -1 16 4 23 6 20 6 20 0 18 2 16 1 19 5 22 5 20 3 17 0 19 1 16 5 20 -1 23 0 23 4 22 3 23 1 22 0 18 0 17 2 24 -1 21 1 19 4 19 0 18 3 22 4 -1 -3 0 0 0 0 0 0 0 0 ]
CSI_DATA,AP,68:FE:71:12:53:8C,-36,11,1,6,1,1,1,0,0,0,0,-93,0,6,1,49486876,0,84,0,0,49.487,384,[84 -64 4 0 0 0 0 0 0 0 0 0 7 -22 8 -23 5 -26 7 -22 7 -18 11 -21 14 -17 10 -19 14 -23 13 -18 16 -18 13 -20 13 -23 12 -19 15 -19 16 -23 15 -21 12 -20 13 -21 16 -23 15 -17 12 -23 11 -21 12 -20 17 -23 13 -19 0 1 10 -20 10 -19 10 -18 13 -21 13 -20 13 -20 15 -22 8 -20 9 -18 7 -19 9 -26 9 -23 12 -25 10 -25 9 -23 7 -22 8 -21 10 -22 7 -22 9 -21 6 -24 10 -22 10 -23 5 -20 10 -23 10 -20 1 -1 0 0 0 0 0 0 0 0 ]
CSI_DATA,AP,68:FE:71:12:53:8C,-38,11,1,6,1,1,1,0,0,0,0,-95,0,6,1,49552916,0,84,0,0,49.553,384,[84 -64 4 0 0 0 0 0 0 0 0 0 1 14 1 16 7 17 5 17 1 12 3 14 -1 15 -2 11 1 15 0 14 0 17 0 15 -1 15 1 18 -1 16 -1 16 -2 13 1 14 -3 17 -3 11 0 14 -1 15 1 15 -1 16 -4 15 -2 16 3 2 -3 17 -2 15 -3 16 -1 12 -1 12 -1 16 -1 19 1 12 -2 14 3 17 5 17 -2 17 0 18 3 16 -2 14 1 14 4 16 2 20 2 19 6 16 2 17 0 15 1 20 7 16 2 20 5 15 1 1 0 0 0 0 0 0 0 0 ]
CSI_DATA,AP,68:FE:71:12:53:8C,-37,11,1,6,1,1,1,0,0,0,0,-94,0,6,1,49652293,0,84,0,0,49.652,384,[84 -64 4 0 0 0 0 0 0 0 0 0 -9 -17 -11 -19 -14 -16 -8 -21 -12 -18 -11 -19 -10 -18 -6 -23 -12 -22 -6 -21 -10 -25 -6 -24 -4 -23 -7 -24 -3 -24 -6 -24 -4 -24 -5 -24 -6 -20 -5 -21 -5 -20 -3 -27 -4 -23 -4 -22 -1 -22 -6 -23 2 -1 -4 -23 -4 -26 -4 -22 -9 -22 -6 -22 -9 -18 -3 -24 -3 -23 -8 -20 -5 -23 -11 -18 -8 -18 -4 -19 -9 -16 -9 -23 -11 -18 -11 -18 -8 -15 -10 -19 -11 -18 -12 -16 -14 -19 -12 -18 -10 -19 -13 -19 -14 -15 -3 -2 0 0 0 0 0 0 0 0 ]
CSI_DATA,AP,68:FE:71:12:53:8C,-37,11,0,0,0,0,0,0,0,0,0,-95,0,6,1,49765283,0,37,0,0,49.765,128,[84 -64 4 0 0 0 0 0 0 0 0 0 -6 -1 -5 1 -9 -3 -8 -1 -6 0 -9 -5 -5 -5 -6 0 -10 -3 -8 -2 -7 1 -9 -2 -6 -4 -9 -3 -6 -2 -11 -4 -8 -5 -7 -4 -12 0 -11 -4 -6 -5 -8 -1 -11 -1 -5 -2 -12 -6 -10 -4 -2 2 -9 -3 -9 0 -5 -1 -11 -1 -11 -1 -12 -1 -10 -5 -7 -2 -9 -2 -8 -4 -11 1 -6 -4 -6 2 -8 -3 -12 1 -11 -2 -8 -4 -7 -1 -9 -4 -9 -4 -7 -1 -7 -2 -9 -2 -12 -1 -8 1 -12 -2 0 2 0 0 0 0 0 0 0 0 ]
CSI_DATA,AP,68:FE:71:12:53:8C,-37,11,1,6,1,1,1,0,0,0,0,-95,0,6,1,49868220,0,84,0,0,49.868,384,[84 -64 4 0 0 0 0 0 0 0 0 0 2 -20 3 -21 8 -24 9 -21 8 -22 5 -22 7 -22 10 -16 10 -16 5 -20 10 -20 11 -17 7 -23 6 -17 12 -20 12 -20 6 -17 12 -19 7 -19 11 -18 11 -13 11 -19 8 -16 7 -16 11 -19 9 -15 0 -3 4 -17 5 -16 6 -16 4 -14 9 -17 10 -15 7 -18 7 -15 7 -15 2 -17 3 -19 4 -16 0 -19 5 -16 6 -15 3 -19 1 -20 2 -15 0 -16 -1 -17 4 -17 2 -14 3 -19 -2 -14 4 -15 3 -14 0 -2 0 0 0 0 0 0 0 0 ]
CSI_DATA,AP,68:FE:71:12:53:8C,-39,11,1,4,1,1,1,0,0,0,0,-94,0,6,1,49917366,0,84,0,0,49.917,384,[82 -96 4 0 0 0 0 0 0 0 0 0 -20 2 -23 -5 -18 1 -19 -2 -19 -2 -17 -1 -17 -8 -21 -2 -20 -4 -19 -4 -18 -5 -23 -5 -18 -8 -21 -8 -19 -9 -22 -4 -21 -6 -18 -6 -21 -9 -17 -5 -19 -8 -20 -8 -13 -9 -20 -8 -14 -6 -16 -10 -3 0 -16 -3 -13 -4 -17 -3 -16 -5 -17 -8 -16 -7 -15 -3 -14 -1 -19 -2 -13 -2 -18 0 -14 -4 -18 -5 -15 -3 -19 -4 -18 -4 -13 0 -13 1 -15 0 -17 0 -20 0 -19 -2 -20 -1 -17 -1 -18 0 -18 2 0 -1 0 0 0 0 0 0 0 0 ]
CSI_DATA,AP,68:FE:71:12:53:8C,-35,11,1,7,1,1,1,0,0,0,0,-96,0,6,1,50005145,0,84,0,0,50.005,384,[84 -64 4 0 0 0 0 0 0 0 0 0 -18 11 -17 8 -17 7 -17 8 -15 7 -17 4 -19 9 -15 3 -18 3 -18 3 -18 4 -15 5 -16 2 -19 3 -17 7 -16 3 -16 0 -19 6 -18 5 -16 0 -18 5 -15 0 -18 5 -19 2 -15 2 -17 2 -1 -2 -16 2 -18 5 -16 2 -14 3 -18 7 -14 6 -11 3 -13 1 -13 5 -13 4 -14 6 -13 4 -13 5 -14 7 -12 8 -13 7 -12 5 -14 10 -12 6 -16 11 -15 12 -11 11 -11 6 -10 12 -15 6 -10 10 1 0 0 0 0 0 0 0 0 0 ]
CSI_DATA,AP,68:FE:71:12:53:8C,-34,11,1,7,1,1,1,0,0,0,0,-96,0,6,1,50096998,0,84,0,0,50.097,384,[84 -64 4 0 0 0 0 0 0 0 0 0 -14 -16 -9 -14 -11 -15 -8 -18 -9 -21 -11 -16 -7 -19 -10 -21 -9 -17 -5 -20 -6 -21 -9 -20 -8 -21 -7 -20 -4 -19 -4 -19 -6 -21 -4 -20 -7 -15 -9 -15 -4 -19 -5 -18 -2 -14 -6 -16 -9 -16 -5 -14 3 -3 -6 -15 -6 -16 -6 -13 -10 -18 -10 -13 -10 -15 -11 -13 -11 -15 -7 -15 -5 -11 -11 -14 -9 -15 -8 -14 -8 -12 -8 -13 -9 -11 -9 -11 -11 -10 -11 -13 -14 -13 -8 -16 -11 -15 -11 -11 -10 -11 -12 -8 -14 -12 2 -2 0 0 0 0 0 0 0 0 ]
CSI_DATA,AP,68:FE:71:12:53:8C,-37,11,1,7,1,1,1,0,0,0,0,-93,0,6,1,50194261,0,84,0,0,50.194,384,[84 -64 4 0 0 0 0 0 0 0 0 0 19 10 15 9 13 14 18 10 11 9 16 12 14 9 10 9 15 12 13 13 14 15 11 13 14 17 12 12 14 16 10 17 13 14 7 13 8 10 13 13 11 13 12 10 8 10 12 13 7 9 10 13 3 1 13 8 12 10 9 10 12 8 9 12 9 7 8 8 10 12 11 7 9 8 10 10 11 10 10 12 15 8 15 7 14 7 15 7 13 8 15 5 12 8 10 6 12 3 13 9 17 7 13 6 12 3 2 0 0 0 0 0 0 0 0 0 ]
CSI_DATA,AP,68:FE:71:12:53:8C,-41,11,1,4,1,1,1,0,0,0,0,-94,0,6,1,50300788,0,84,0,0,50.301,384,[84 -64 4 0 0 0 0 0 0 0 0 0 3 16 7 15 2 20 4 19 4 21 3 15 -1 20 0 20 0 18 2 18 -3 15 -4 16 1 16 -3 16 0 19 -1 17 1 20 1 15 -5 15 0 18 -4 13 0 18 0 18 -3 13 -2 13 -3 14 1 -3 -3 15 1 12 1 14 4 17 -1 13 1 16 0 16 4 17 4 13 0 17 4 15 4 17 6 17 4 16 6 12 5 12 8 12 7 14 5 14 3 14 2 15 7 11 6 16 6 15 9 13 3 10 -3 -2 0 0 0 0 0 0 0 0 ]
CSI_DATA,AP,68:FE:71:12:53:8C,-36,11,1,6,1,1,1,0,0,0,0,-95,0,6,1,50393492,0,84,0,0,50.393,384,[84 -64 4 0 0 0 0 0 0 0 0 0 -13 14 -16 15 -16 12 -16 13 -14 15 -18 13 -18 13 -17 9 -14 9 -15 9 -17 14 -15 8 -16 13 -17 13 -15 11 -19 7 -13 9 -15 9 -15 7 -12 7 -18 6 -18 10 -14 7 -15 6 -12 8 -17 12 0 -1 -14 11 -14 7 -16 7 -10 12 -10 9 -14 11 -15 8 -15 7 -10 9 -12 11 -9 10 -10 8 -9 9 -11 13 -8 12 -14 15 -8 11 -14 12 -13 10 -12 11 -12 13 -9 11 -6 15 -11 10 -10 14 -9 10 2 -1 0 0 0 0 0 0 0 0 ]
CSI_DATA,AP,68:FE:71:12:53:8C,-32,11,1,7,1,1,1,0,0,0,0,-93,0,6,1,50501685,0,84,0,0,50.502,384,[84 -64 4 0 0 0 0 0 0 0 0 0 -14 38 -14 41 -12 41 -18 37 -21 34 -20 35 -15 35 -17 36 -19 36 -18 32 -21 33 -22 37 -19 34 -25 35 -23 29 -26 34 -26 27 -23 30 -25 30 -20 26 -24 28 -21 27 -19 27 -22 31 -20 31 -23 26 2 -3 -21 29 -18 25 -20 31 -19 32 -17 29 -18 29 -18 32 -15 30 -15 31 -14 30 -12 30 -17 31 -17 34 -11 32 -12 29 -12 28 -10 34 -9 33 -10 33 -6 33 -7 33 -9 32 -5 31 -4 33 -11 35 -10 31 -2 -2 0 0 0 0 0 0 0 0 ]
CSI_DATA,AP,68:FE:71:12:53:8C,-35,11,1,6,1,1,1,0,0,0,0,-94,0,6,1,50613245,0,84,0,0,50.613,384,[84 -64 4 0 0 0 0 0 0 0 0 0 -18 28 -20 27 -19 23 -25 24 -20 18 -20 20 -20 17 -25 21 -25 22 -23 21 -21 16 -22 21 -24 17 -26 15 -21 19 -22 16 -24 13 -22 12 -19 14 -21 16 -20 17 -24 13 -18 12 -21 17 -23 16 -23 16 2 0 -18 18 -22 13 -21 17 -16 20 -16 15 -16 17 -18 14 -17 14 -17 19 -14 16 -19 19 -13 16 -13 21 -19 15 -15 19 -16 17 -13 19 -14 19 -13 21 -15 21 -14 16 -17 22 -12 21 -15 23 -10 20 -9 20 2 0 0 0 0 0 0 0 0 0 ]
CSI_DATA,AP,68:FE:71:12:53:8C,-34,11,1,6,1,1,1,0,0,0,0,-96,0,6,1,50712934,0,84,0,0,50.713,384,[84 -64 4 0 0 0 0 0 0 0 0 0 -4 -21 -6 -22 0 -22 -1 -21 1 -20 3 -20 1 -20 2 -19 -1 -20 -1 -22 5 -21 1 -22 2 -20 -1 -18 2 -20 2 -16 0 -21 0 -16 0 -21 3 -20 2 -21 5 -15 1 -19 4 -19 1 -16 -1 -17 0 3 4 -18 2 -20 4 -14 3 -15 3 -16 3 -13 3 -19 3 -13 0 -13 -5 -16 -4 -18 -1 -17 -5 -18 1 -13 -3 -17 -3 -13 -1 -14 -4 -14 -2 -17 -4 -13 -2 -15 -3 -19 -7 -14 -4 -15 -3 -18 -6 -18 2 2 0 0 0 0 0 0 0 0 ]
CSI_DATA,AP,68:FE:71:12:53:8C,-32,11,1,7,1,1,1,0,0,0,0,-94,0,6,1,50844394,0,84,0,0,50.844,384,[84 -64 4 0 0 0 0 0 0 0 0 0 16 41 25 38 8 49 9 69 13 52 11 46 6 52 6 32 17 57 9 46 -7 62 -10 71 -3 67 -7 66 3 54 -20 66 -24 57 -2 35 -4 50 -3 51 1 56 -17 59 -6 40 -15 50 -21 66 -11 55 -1 0 -21 57 -3 59 -13 57 -4 61 -5 48 -5 56 -11 61 -1 48 0 53 3 48 12 58 12 49 11 48 7 50 2 57 7 52 4 53 19 53 8 56 19 47 8 49 16 57 19 56 22 49 15 47 17 41 0 2 0 0 0 0 0 0 0 0 ]
CSI_DATA,AP,68:FE:71:12:53:8C,-34,11,1,7,1,1,1,0,0,0,0,-94,0,6,1,50920657,0,84,0,0,50.921,384,[84 -64 4 0 0 0 0 0 0 0 0 0 -19 7 -16 7 -22 12 -22 10 -19 7 -19 8 -16 6 -19 10 -17 9 -18 8 -21 5 -16 3 -18 6 -19 7 -16 3 -19 3 -22 6 -19 1 -19 3 -19 4 -19 6 -15 3 -18 6 -18 5 -20 3 -18 1 -1 -3 -16 3 -16 3 -17 4 -13 2 -17 3 -18 7 -15 6 -15 7 -16 8 -16 3 -15 8 -12 7 -14 8 -18 4 -12 10 -18 5 -12 6 -13 8 -14 10 -13 8 -18 8 -15 7 -12 11 -11 11 -14 5 -16 7 -1 1 0 0 0 0 0 0 0 0 ]
CSI_DATA,AP,68:FE:71:12:53:8C,-33,11,1,7,1,1,1,0,0,0,0,-93,0,6,1,51000872,0,84,0,0,51.001,384,[84 -64 4 0 0 0 0 0 0 0 0 0 -19 10 -13 13 -15 11 -15 8 -20 12 -15 10 -16 10 -15 7 -20 6 -16 8 -15 6 -21 8 -20 4 -17 4 -18 6 -19 4 -15 5 -19 3 -15 8 -18 5 -17 8 -14 7 -17 7 -17 7 -19 8 -19 6 -2 -1 -13 5 -17 5 -11 5 -18 7 -14 4 -16 5 -17 11 -14 5 -11 11 -13 10 -17 12 -14 7 -11 11 -14 9 -15 9 -11 7 -13 9 -10 12 -12 10 -10 10 -10 8 -12 8 -12 14 -15 14 -15 11 -14 9 3 0 0 0 0 0 0 0 0 0 ]
CSI_DATA,AP,68:FE:71:12:53:8C,-34,11,1,6,1,1,1,0,0,0,0,-95,0,6,1,51076651,0,84,0,0,51.077,384,[84 -64 4 0 0 0 0 0 0 0 0 0 6 2 8 2 6 6 7 5 7 4 6 3 5 3 6 9 10 5 9 3 6 9 7 4 5 4 9 3 5 6 3 3 6 5 2 10 3 6 4 7 4 8 6 3 8 4 7 4 6 4 9 6 -3 -1 8 5 4 3 5 4 3 1 2 3 8 3 3 5 7 7 5 5 7 3 7 2 4 1 8 1 4 7 6 1 3 1 9 2 6 5 8 1 4 0 9 4 7 6 9 0 4 1 10 1 7 4 3 -3 0 0 0 0 0 0 0 0 ]
CSI_DATA,AP,68:FE:71:12:53:8C,-39,11,1,6,1,1,1,0,0,0,0,-96,0,6,1,51144811,0,84,0,0,51.145,384,[84 -64 4 0 0 0 0 0 0 0 0 0 -18 -9 -19 -6 -19 -6 -20 -13 -17 -13 -17 -10 -16 -11 -19 -12 -14 -9 -17 -12 -18 -16 -17 -10 -16 -15 -14 -15 -12 -13 -18 -12 -16 -10 -13 -13 -14 -14 -12 -9 -15 -12 -10 -15 -15 -11 -13 -13 -13 -11 -11 -14 1 -2 -13 -14 -14 -7 -10 -13 -16 -13 -10 -11 -14 -8 -17 -6 -13 -8 -12 -7 -18 -11 -13 -6 -13 -11 -11 -8 -17 -7 -15 -4 -14 -6 -16 -10 -12 -3 -16 -3 -17 -3 -19 -4 -16 -8 -14 -4 -13 -3 -17 -1 -15 -7 -1 2 0 0 0 0 0 0 0 0 ]
CSI_DATA,AP,68:FE:71:12:53:8C,-37,11,1,6,1,1,1,0,0,0,0,-96,0,6,1,51247611,0,84,0,0,51.248,384,[84 -64 4 0 0 0 0 0 0 0 0 0 14 -12 17 -7 17 -11 21 -9 16 -5 18 -11 17 -7 17 -7 18 -9 15 -6 21 -3 15 -3 17 -4 21 -5 17 -3 21 -2 17 -2 13 -7 20 -2 18 0 18 -5 16 -1 16 -4 14 -5 19 -2 17 -7 3 1 16 -3 17 -6 17 -3 15 -6 14 -4 18 -2 17 -5 11 -8 12 -4 10 -5 13 -9 11 -8 15 -5 15 -9 13 -8 15 -7 14 -6 11 -8 14 -4 12 -8 12 -5 12 -7 12 -13 12 -13 14 -10 10 -7 2 -1 0 0 0 0 0 0 0 0 ]
CSI_DATA,AP,68:FE:71:12:53:8C,-37,11,1,6,1,1,1,1,0,0,1,-95,3,6,1,51353987,0,84,0,0,51.354,384,[84 -64 4 0 0 0 0 0 0 0 0 0 13 -19 12 -18 10 -19 16 -18 16 -17 12 -13 13 -11 14 -11 12 -11 15 -13 12 -11 17 -11 14 -11 14 -8 12 -14 13 -13 13 -9 17 -7 14 -10 15 -13 18 -9 16 -8 10 -7 14 -13 13 -7 13 -9 1 0 13 -8 10 -14 11 -8 13 -12 15 -11 14 -9 11 -10 9 -11 14 -14 9 -10 9 -11 8 -15 13 -12 12 -12 9 -14 8 -12 9 -17 10 -11 7 -17 8 -16 6 -17 7 -16 5 -15 10 -14 8 -17 7 -15 -1 2 0 0 0 0 0 0 0 0 ]
CSI_DATA,AP,68:FE:71:12:53:8C,-36,11,1,6,1,1,1,0,0,0,0,-94,0,6,1,51434675,0,84,0,0,51.435,384,[84 -64 4 0 0 0 0 0 0 0 0 0 13 15 9 12 8 19 12 16 7 17 6 14 10 13 10 18 3 14 8 17 9 15 8 13 9 19 4 18 2 16 4 15 4 13 1 13 1 16 3 13 2 16 1 16 7 11 2 11 6 13 6 12 3 2 5 15 4 17 4 16 8 14 2 13 6 14 9 11 5 13 4 11 4 10 5 12 9 15 9 11 10 12 9 10 5 14 9 8 5 14 9 10 6 13 11 9 7 11 9 8 6 13 8 7 8 11 0 -2 0 0 0 0 0 0 0 0 ]
CSI_DATA,AP,68:FE:71:12:53:8C,-35,11,1,7,1,1,1,1,0,0,1,-94,4,6,1,51540266,0,84,0,0,51.54,384,[84 -64 4 0 0 0 0 0 0 0 0 0 4 14 9 13 7 19 2 18 4 18 1 20 1 18 2 20 0 15 4 14 4 16 5 15 0 18 2 18 5 16 0 16 4 19 4 17 4 14 5 15 -1 15 0 13 2 11 3 16 0 12 -1 16 2 -2 4 11 1 14 5 17 -1 12 5 15 5 13 2 14 4 15 4 11 3 11 2 12 5 10 5 15 6 13 5 10 6 11 4 11 8 10 7 13 8 9 7 12 6 9 7 14 6 11 7 13 4 12 -3 3 0 0 0 0 0 0 0 0 ]
CSI_DATA,AP,68:FE:71:12:53:8C,-35,11,1,5,1,1,1,0,0,0,0,-95,0,6,1,51650034,0,84,0,0,51.65,384,[84 -64 4 0 0 0 0 0 0 0 0 0 -5 -19 -6 -22 -1 -24 -3 -23 0 -24 0 -17 -4 -21 1 -18 -4 -19 -3 -23 -2 -18 3 -22 2 -21 -1 -17 -2 -19 2 -22 -1 -22 0 -17 -3 -19 -2 -16 -2 -19 3 -21 1 -20 -3 -16 1 -18 1 -20 2 3 -2 -15 2 -15 -2 -19 -1 -18 1 -14 -4 -17 -5 -20 -3 -20 0 -14 -5 -18 -5 -19 -4 -14 -3 -15 -3 -17 -2 -18 -4 -19 -1 -17 -3 -16 -8 -16 -7 -16 -4 -16 -7 -14 -9 -14 -10 -16 -8 -17 -5 -14 -1 -1 0 0 0 0 0 0 0 0 ]
CSI_DATA,AP,68:FE:71:12:53:8C,-35,11,1,7,1,1,1,0,0,0,0,-94,0,6,1,51746168,0,84,0,0,51.746,384,[84 -64 4 0 0 0 0 0 0 0 0 0 4 21 5 22 6 19 0 23 3 22 1 23 -2 19 -3 18 2 19 2 18 0 21 -4 22 -2 22 -3 22 -3 21 1 23 0 21 -2 22 -5 16 0 18 -5 18 -4 21 -1 15 0 17 2 17 -1 15 2 -1 2 19 -3 16 3 19 -3 17 0 16 3 14 2 17 -1 17 -1 16 5 20 4 19 3 17 1 20 4 15 4 15 3 15 1 18 6 13 1 15 7 13 1 18 2 15 2 18 8 16 6 18 7 13 1 1 0 0 0 0 0 0 0 0 ]
CSI_DATA,AP,68:FE:71:12:53:8C,-36,11,1,6,1,1,1,0,0,0,0,-94,0,6,1,51850949,0,84,0,0,51.851,384,[84 -64 4 0 0 0 0 0 0 0 0 0 21 1 18 2 17 4 21 4 18 1 19 1 21 6 20 6 20 6 17 5 17 8 19 6 17 5 14 10 14 6 15 8 19 9 19 10 17 10 15 7 18 6 16 8 16 4 17 5 18 9 16 8 0 -1 18 5 18 8 14 7 15 7 13 7 12 3 13 3 18 3 12 4 11 2 18 0 15 5 13 0 13 0 12 3 13 3 15 1 17 -2 12 2 15 0 15 -2 18 1 14 -4 17 3 16 0 13 -3 2 -1 0 0 0 0 0 0 0 0 ]
CSI_DATA,AP,68:FE:71:12:53:8C,-38,11,1,7,1,1,1,0,0,0,0,-93,0,6,1,51931609,0,84,0,0,51.932,384,[84 -64 4 0 0 0 0 0 0 0 0 0 1 -19 3 -23 2 -20 3 -23 2 -22 7 -19 5 -21 5 -21 7 -21 5 -16 7 -20 8 -22 6 -22 9 -22 9 -20 7 -21 6 -15 8 -19 9 -19 8 -17 7 -17 4 -15 10 -15 8 -18 7 -14 7 -15 1 0 5 -16 7 -13 5 -20 5 -17 5 -18 8 -14 8 -18 1 -19 7 -18 5 -14 1 -13 4 -19 6 -17 4 -17 5 -17 1 -15 -1 -20 0 -14 0 -17 3 -18 5 -14 0 -17 -2 -19 -3 -16 2 -19 2 -14 0 2 0 0 0 0 0 0 0 0 ]
CSI_DATA,AP,68:FE:71:12:53:8C,-33,11,1,7,1,1,1,0,0,0,0,-94,0,6,1,52026873,0,84,0,0,52.027,384,[84 -64 4 0 0 0 0 0 0 0 0 0 -5 22 -7 19 -4 22 -9 20 -10 21 -6 17 -10 17 -10 19 -5 21 -10 16 -8 15 -11 17 -11 19 -8 19 -10 16 -8 14 -7 13 -8 12 -6 12 -9 17 -5 13 -11 16 -7 16 -12 17 -9 16 -5 16 1 -2 -8 14 -10 14 -7 12 -4 16 -4 11 -7 13 -7 14 -2 15 -2 12 -4 18 -4 17 -5 15 -7 16 -6 12 -3 15 -5 14 0 20 -3 19 -4 16 -1 12 -3 18 0 12 -4 15 2 15 2 17 3 12 -1 -3 0 0 0 0 0 0 0 0 ]
CSI_DATA,AP,68:FE:71:12:53:8C,-39,11,1,4,1,1,1,0,0,0,0,-94,0,6,1,52123433,0,84,0,0,52.123,384,[84 -64 4 0 0 0 0 0 0 0 0 0 -17 -16 -17 -15 -19 -12 -15 -18 -14 -13 -12 -13 -13 -17 -12 -19 -12 -17 -11 -14 -11 -16 -11 -20 -13 -18 -12 -18 -11 -16 -13 -16 -12 -18 -12 -16 -13 -15 -13 -15 -10 -14 -11 -16 -12 -14 -12 -18 -7 -15 -9 -15 3 0 -13 -15 -9 -15 -14 -16 -11 -16 -9 -15 -8 -13 -10 -14 -8 -12 -15 -15 -15 -9 -16 -13 -14 -14 -13 -10 -12 -10 -14 -13 -12 -14 -17 -11 -11 -10 -15 -12 -18 -9 -16 -11 -11 -7 -17 -7 -14 -6 -15 -9 -17 -12 1 1 0 0 0 0 0 0 0 0 ]
CSI_DATA,AP,68:FE:71:12:53:8C,-31,11,1,7,1,1,1,0,0,0,0,-94,0,6,1,52197845,0,84,0,0,52.198,384,[84 -64 4 0 0 0 0 0 0 0 0 0 -9 20 -7 21 -6 24 -9 21 -8 22 -7 21 -12 19 -9 15 -9 16 -14 20 -15 22 -11 17 -10 20 -14 20 -12 18 -11 14 -15 17 -8 12 -13 13 -13 19 -8 15 -10 17 -11 11 -10 12 -8 15 -12 17 2 1 -9 14 -8 13 -9 18 -8 19 -5 12 -7 18 -5 18 -8 17 -9 14 -8 16 -5 14 -4 15 -7 18 -8 15 -2 15 -6 14 -2 19 -3 17 -6 18 -4 18 -4 19 -5 16 -6 18 -1 20 -3 17 1 19 -2 1 0 0 0 0 0 0 0 0 ]
CSI_DATA,AP,68:FE:71:12:53:8C,-32,11,1,7,1,1,1,0,0,0,0,-95,0,6,1,52334066,0,84,0,0,52.334,384,[84 -64 4 0 0 0 0 0 0 0 0 0 -16 -21 -14 -18 -12 -20 -14 -21 -9 -24 -8 -17 -12 -21 -7 -20 -7 -18 -5 -21 -8 -18 -10 -23 -6 -22 -9 -22 -3 -17 -6 -22 -4 -20 -4 -16 -5 -17 -6 -22 -3 -21 -5 -21 -7 -20 -7 -20 -6 -19 -8 -21 0 -3 -10 -15 -6 -14 -8 -20 -5 -19 -10 -18 -10 -15 -8 -19 -7 -16 -9 -17 -10 -14 -13 -13 -7 -14 -8 -18 -11 -15 -13 -19 -9 -13 -9 -14 -11 -17 -9 -11 -13 -10 -13 -16 -9 -13 -12 -13 -10 -16 -10 -12 -15 -14 2 3 0 0 0 0 0 0 0 0 ]
CSI_DATA,AP,68:FE:71:12:53:8C,-36,11,1,5,1,1,1,1,0,0,0,-94,6,6,1,52446559,0,84,0,0,52.447,384,[84 -64 4 0 0 0 0 0 0 0 0 0 -21 3 -22 2 -25 -2 -21 -5 -21 -5 -21 -1 -23 -4 -20 -2 -25 -5 -18 -8 -21 -5 -20 -3 -21 -7 -21 -8 -18 -9 -20 -8 -17 -9 -22 -7 -19 -8 -22 -8 -17 -9 -21 -8 -16 -7 -17 -7 -21 -5 -20 -8 3 -2 -17 -1 -16 -3 -19 -5 -17 0 -14 -5 -20 -5 -18 -2 -18 -3 -15 2 -18 0 -17 3 -20 0 -15 -2 -19 2 -21 1 -17 0 -19 -1 -21 -1 -20 3 -14 5 -20 -1 -15 0 -15 2 -19 7 -15 5 -14 4 -3 -1 0 0 0 0 0 0 0 0 ]
CSI_DATA,AP,68:FE:71:12:53:8C,-35,11,1,5,1,1,1,0,0,0,0,-94,0,6,1,52538748,0,84,0,0,52.539,384,[84 -64 4 0 0 0 0 0 0 0 0 0 -8 16 -8 17 -7 22 -12 18 -12 16 -15 14 -11 17 -12 18 -12 12 -13 14 -16 15 -16 17 -15 13 -15 14 -13 17 -16 11 -11 11 -16 13 -12 14 -15 15 -15 15 -13 15 -12 9 -15 16 -11 16 -15 12 1 -1 -12 15 -11 17 -13 17 -13 12 -11 14 -11 13 -10 14 -10 11 -13 11 -10 16 -7 13 -10 17 -5 16 -8 18 -5 15 -10 19 -9 12 -4 14 -4 18 -5 17 -7 12 -6 13 -7 15 -4 15 -6 15 -8 17 3 -3 0 0 0 0 0 0 0 0 ]
CSI_DATA,AP,68:FE:71:12:53:8C,-38,11,1,6,1,1,1,0,0,0,0,-93,0,6,1,52624960,0,84,0,0,52.625,384,[84 -64 4 0 0 0 0 0 0 0 0 0 20 6 19 3 21 5 24 6 24 6 18 5 20 7 18 7 18 5 20 10 19 8 21 10 21 11 18 8 14 5 20 9 19 5 15 5 20 5 14 11 20 9 16 10 12 10 19 6 15 5 18 6 3 2 18 6 16 7 18 8 13 3 14 8 13 1 14 6 15 4 19 7 17 0 14 0 14 2 15 4 14 1 18 1 18 1 18 -1 19 3 16 2 18 0 15 -1 17 -2 20 1 14 -2 20 -2 16 -5 0 0 0 0 0 0 0 0 0 0 ]
CSI_DATA,AP,68:FE:71:12:53:8C,-40,11,1,6,1,1,1,0,0,0,0,-93,0,6,1,52721867,0,84,0,0,52.722,384,[84 -64 4 0 0 0 0 0 0 0 0 0 -12 -20 -11 -16 -15 -21 -13 -24 -10 -21 -12 -20 -4 -19 -8 -19 -4 -18 -3 -23 -5 -25 -8 -23 -5 -22 -3 -19 -5 -22 -3 -23 -3 -23 -2 -20 -3 -21 -2 -18 -1 -17 -5 -18 -1 -16 -8 -21 -7 -17 -5 -22 0 1 -7 -21 -8 -15 -5 -18 -6 -19 -8 -19 -6 -15 -7 -19 -7 -18 -4 -16 -10 -15 -8 -19 -9 -15 -8 -15 -10 -16 -8 -13 -12 -14 -10 -18 -12 -18 -7 -13 -7 -15 -9 -14 -10 -17 -12 -17 -9 -16 -12 -15 -13 -17 2 -2 0 0 0 0 0 0 0 0 ]
CSI_DATA,AP,68:FE:71:12:53:8C,-42,11,1,4,1,1,1,0,0,0,0,-94,0,6,1,52840851,0,84,0,0,52.841,384,[84 -64 4 0 0 0 0 0 0 0 0 0 -8 20 -9 21 -13 20 -13 23 -8 19 -9 16 -11 21 -12 20 -10 20 -13 14 -14 19 -13 18 -10 17 -15 15 -12 19 -12 16 -12 17 -13 12 -11 15 -10 11 -12 17 -13 14 -10 15 -11 12 -15 13 -15 15 -2 3 -13 14 -14 15 -9 16 -7 16 -10 16 -8 13 -11 15 -10 18 -9 17 -10 12 -6 15 -6 13 -5 16 -6 17 -6 17 -9 20 -6 20 -9 18 -6 15 -3 19 -4 20 -6 18 -5 14 -6 20 -6 15 -5 20 0 2 0 0 0 0 0 0 0 0 ]
CSI_DATA,AP,68:FE:71:12:53:8C,-37,11,1,7,1,1,1,0,0,0,0,-94,0,6,1,52953133,0,84,0,0,52.953,384,[84 -64 4 0 0 0 0 0 0 0 0 0 -19 -12 -17 -13 -20 -9 -19 -12 -20 -12 -19 -10 -19 -15 -15 -11 -15 -12 -14 -13 -19 -17 -16 -12 -18 -15 -15 -11 -15 -17 -17 -17 -11 -12 -15 -15 -13 -16 -11 -12 -13 -11 -13 -11 -9 -9 -16 -12 -13 -13 -11 -14 3 -3 -13 -10 -16 -11 -11 -11 -13 -10 -13 -7 -11 -12 -13 -10 -14 -11 -17 -11 -15 -10 -13 -8 -16 -10 -18 -7 -13 -9 -13 -7 -18 -10 -18 -10 -15 -9 -18 -3 -18 -5 -14 -5 -18 -3 -16 -5 -15 -7 -17 -2 -17 -4 0 3 0 0 0 0 0 0 0 0 ]
CSI_DATA,AP,68:FE:71:12:53:8C,-37,11,1,6,1,1,1,0,0,0,1,-93,0,6,1,53037393,0,84,0,0,53.037,384,[84 -64 4 0 0 0 0 0 0 0 0 0 -17 15 -14 16 -12 17 -18 16 -16 16 -14 11 -16 8 -17 10 -19 8 -19 11 -17 11 -15 13 -17 12 -19 12 -14 7 -19 7 -18 9 -16 4 -15 11 -13 9 -15 6 -19 6 -12 5 -16 6 -17 11 -18 8 -3 1 -12 7 -15 9 -14 6 -14 10 -11 7 -15 6 -17 10 -11 11 -15 9 -10 10 -13 12 -14 11 -11 9 -14 9 -14 10 -10 10 -10 14 -12 13 -10 12 -10 13 -11 9 -7 11 -10 13 -7 15 -11 9 -8 16 0 1 0 0 0 0 0 0 0 0 ]
CSI_DATA,AP,68:FE:71:12:53:8C,-34,11,1,5,1,1,1,1,0,0,0,-94,2,6,1,53168106,0,84,0,0,53.168,384,[84 -64 4 0 0 0 0 0 0 0 0 0 -18 -17 -15 -15 -14 -16 -13 -15 -15 -19 -11 -15 -11 -13 -13 -18 -10 -18 -12 -17 -10 -14 -15 -18 -14 -18 -9 -19 -13 -18 -14 -18 -9 -14 -9 -14 -10 -18 -12 -18 -9 -14 -8 -13 -9 -16 -10 -15 -10 -19 -10 -17 -2 1 -13 -15 -11 -17 -13 -13 -14 -13 -7 -12 -11 -14 -9 -15 -11 -16 -10 -13 -12 -11 -16 -15 -14 -9 -16 -9 -14 -11 -16 -11 -11 -13 -13 -11 -12 -9 -11 -8 -13 -8 -14 -10 -15 -13 -15 -10 -13 -9 -14 -8 -18 -11 0 2 0 0 0 0 0 0 0 0 ]
CSI_DATA,AP,68:FE:71:12:53:8C,-34,11,1,6,1,1,1,1,0,0,0,-93,6,6,1,53262748,0,84,0,0,53.263,384,[84 -64 4 0 0 0 0 0 0 0 0 0 20 7 16 6 24 3 23 7 19 4 21 9 16 10 20 11 14 9 20 13 15 10 15 8 19 8 15 8 13 10 17 13 15 10 15 7 16 9 16 10 13 13 17 9 13 10 14 8 17 13 14 12 1 -1 12 9 16 11 17 6 17 6 14 6 16 6 13 5 16 6 13 7 13 4 16 5 15 4 16 3 18 4 15 1 19 4 18 7 19 2 14 1 17 1 15 0 17 5 14 2 19 3 18 3 19 -2 -1 0 0 0 0 0 0 0 0 0 ]
CSI_DATA,AP,68:FE:71:12:53:8C,-38,11,1,6,1,1,1,1,0,0,0,-96,6,6,1,53361136,0,84,0,0,53.361,384,[84 -64 4 0 0 0 0 0 0 0 0 0 -7 -22 -5 -18 -5 -24 0 -20 0 -20 2 -23 3 -19 2 -23 4 -20 5 -17 4 -20 5 -21 -1 -23 1 -22 6 -21 3 -17 7 -18 5 -20 3 -15 7 -20 1 -17 3 -16 3 -16 1 -16 5 -15 2 -16 0 2 2 -14 2 -21 0 -16 2 -14 3 -15 2 -15 -1 -20 1 -18 0 -14 0 -16 -4 -17 0 -14 -4 -16 2 -20 0 -19 -1 -16 1 -16 -6 -19 -2 -14 0 -19 -5 -19 -6 -17 -6 -19 -4 -17 -1 -20 -7 -17 -1 -3 0 0 0 0 0 0 0 0 ]
CSI_DATA,AP,68:FE:71:12:53:8C,-36,11,1,6,1,1,1,1,0,0,0,-94,2,6,1,53469518,0,84,0,0,53.47,384,[84 -64 4 0 0 0 0 0 0 0 0 0 11 18 13 19 11 17 10 17 11 19 9 15 6 21 5 18 5 17 9 20 9 21 5 17 8 17 7 16 7 18 4 16 8 16 2 14 5 14 3 19 3 18 4 17 8 14 4 19 3 14 6 13 0 -2 3 19 6 15 8 15 6 12 8 14 7 14 4 16 9 13 6 16 10 16 11 15 7 10 10 12 12 11 6 11 13 17 6 12 8 11 10 14 10 11 12 10 11 14 8 12 11 11 10 15 12 10 2 3 0 0 0 0 0 0 0 0 ]
CSI_DATA,AP,68:FE:71:12:53:8C,-36,11,1,5,1,1,1,1,0,0,0,-94,3,6,1,53565414,0,84,0,0,53.565,384,[84 -64 4 0 0 0 0 0 0 0 0 0 -16 14 -17 10 -18 13 -23 10 -23 11 -18 6 -17 8 -21 7 -22 5 -17 9 -23 5 -21 9 -20 5 -21 5 -20 6 -19 7 -18 3 -19 5 -16 8 -18 6 -17 1 -15 5 -14 7 -20 8 -17 7 -20 4 -1 0 -15 5 -17 7 -20 4 -17 8 -14 4 -19 6 -15 5 -16 10 -16 5 -17 10 -17 12 -12 10 -16 8 -11 9 -16 12 -17 8 -11 13 -15 11 -16 9 -15 12 -13 12 -15 11 -9 9 -13 11 -13 10 -9 13 -2 -1 0 0 0 0 0 0 0 0 ]
CSI_DATA,AP,68:FE:71:12:53:8C,-40,11,1,4,1,1,1,0,0,0,0,-94,0,6,1,53675446,0,84,0,0,53.675,384,[84 -64 4 0 0 0 0 0 0 0 0 0 20 -9 22 -7 20 -8 20 -9 19 -6 21 -5 18 -2 20 -5 19 -2 17 -1 20 -1 20 -5 17 -1 20 -3 20 -1 22 -2 19 1 19 1 15 -4 16 -4 16 -2 20 2 14 -3 17 2 16 0 17 0 3 -3 18 -3 20 -2 14 0 17 -3 14 1 16 -6 13 -6 11 -7 18 -8 16 -7 13 -5 12 -3 17 -8 12 -3 16 -3 18 -3 18 -6 18 -9 13 -7 10 -11 15 -4 16 -7 13 -10 12 -9 14 -8 10 -7 -3 0 0 0 0 0 0 0 0 0 ]
CSI_DATA,AP,68:FE:71:12:53:8C,-37,11,1,6,1,1,1,0,0,0,0,-95,0,6,1,53786906,0,84,0,0,53.787,384,[84 -64 4 0 0 0 0 0 0 0 0 0 8 14 9 15 8 19 10 19 11 15 5 19 11 19 8 20 6 15 6 15 7 16 6 17 10 21 3 17 5 16 6 17 3 16 6 17 3 14 3 15 5 18 7 18 6 11 4 14 6 14 9 15 0 3 9 16 7 14 7 19 5 16 4 15 11 12 9 18 9 12 9 15 6 11 9 14 10 14 8 9 9 14 8 12 11 11 11 11 12 12 7 9 14 13 14 11 11 10 12 7 15 14 12 12 15 9 -2 3 0 0 0 0 0 0 0 0 ]
CSI_DATA,AP,68:FE:71:12:53:8C,-34,11,1,5,1,1,1,0,0,0,0,-95,0,6,1,53852361,0,84,0,0,53.852,384,[84 -64 4 0 0 0 0 0 0 0 0 0 -18 14 -15 16 -17 12 -18 14 -18 15 -21 11 -19 12 -17 10 -18 6 -18 12 -18 7 -18 12 -17 13 -16 11 -22 7 -20 5 -18 9 -16 4 -15 7 -17 4 -15 9 -15 5 -18 8 -16 7 -15 4 -20 11 0 3 -15 6 -18 7 -14 8 -13 6 -14 6 -18 10 -17 12 -12 11 -14 13 -12 8 -12 12 -14 7 -12 8 -16 9 -13 12 -15 11 -14 14 -15 11 -14 8 -9 15 -10 14 -14 9 -10 10 -14 16 -9 13 -12 12 2 0 0 0 0 0 0 0 0 0 ]
CSI_DATA,AP,68:FE:71:12:53:8C,-36,11,1,6,1,1,1,0,0,0,0,-96,0,6,1,53942446,0,84,0,0,53.942,384,[84 -64 4 0 0 0 0 0 0 0 0 0 -12 -13 -10 -19 -15 -20 -10 -21 -16 -20 -11 -18 -7 -19 -9 -20 -8 -20 -9 -15 -9 -21 -12 -20 -10 -22 -6 -19 -9 -19 -8 -20 -8 -16 -6 -15 -10 -18 -4 -21 -7 -19 -10 -18 -4 -16 -7 -16 -5 -20 -11 -16 3 -1 -6 -16 -12 -17 -8 -18 -11 -14 -5 -15 -6 -14 -10 -13 -6 -15 -6 -14 -9 -11 -12 -15 -7 -14 -11 -15 -12 -15 -8 -11 -13 -16 -11 -16 -13 -14 -12 -14 -10 -9 -13 -13 -14 -10 -11 -16 -16 -15 -13 -13 -16 -14 -3 -2 0 0 0 0 0 0 0 0 ]
CSI_DATA,AP,68:FE:71:12:53:8C,-36,11,1,6,1,1,1,0,0,0,0,-94,0,6,1,54043594,0,84,0,0,54.044,384,[84 -64 4 0 0 0 0 0 0 0 0 0 -17 -11 -19 -10 -16 -15 -15 -15 -14 -12 -13 -18 -12 -14 -11 -13 -10 -19 -12 -19 -16 -15 -10 -16 -12 -18 -12 -15 -13 -15 -13 -20 -13 -18 -8 -18 -12 -15 -8 -18 -9 -12 -9 -19 -8 -18 -13 -14 -13 -18 -10 -14 2 3 -11 -11 -8 -15 -13 -14 -15 -10 -13 -15 -8 -13 -8 -12 -14 -12 -12 -10 -14 -14 -15 -10 -14 -12 -14 -11 -12 -9 -16 -14 -16 -9 -14 -9 -14 -11 -11 -9 -15 -10 -16 -10 -17 -11 -14 -11 -15 -11 -12 -13 -12 -10 3 3 0 0 0 0 0 0 0 0 ]
CSI_DATA,AP,68:FE:71:12:53:8C,-36,11,1,5,1,1,1,1,0,0,0,-94,1,6,1,54151223,0,84,0,0,54.151,384,[84 -64 4 0 0 0 0 0 0 0 0 0 11 11 10 13 13 13 12 15 12 17 7 17 9 14 9 15 12 17 9 14 8 19 7 15 12 13 12 19 11 17 7 13 5 15 10 13 6 13 11 16 9 16 11 16 9 12 7 14 5 14 11 16 0 1 9 10 6 14 8 16 7 11 8 11 8 11 8 12 11 13 10 13 9 10 10 9 7 9 10 9 10 10 10 10 15 13 10 10 14 11 8 8 15 9 13 12 13 8 12 6 15 7 11 9 9 8 0 2 0 0 0 0 0 0 0 0 ]
CSI_DATA,AP,68:FE:71:12:53:8C,-40,11,1,6,1,1,1,0,0,0,1,-94,0,6,1,54250184,0,84,0,0,54.25,384,[84 -64 4 0 0 0 0 0 0 0 0 0 1 -17 4 -18 0 -22 4 -20 5 -21 8 -20 6 -19 5 -16 6 -20 5 -20 6 -15 7 -20 5 -16 5 -16 7 -18 10 -15 9 -14 9 -17 4 -12 9 -15 8 -12 9 -14 5 -16 5 -12 6 -14 6 -14 -3 3 4 -13 6 -12 3 -13 6 -15 4 -15 6 -13 5 -18 0 -13 6 -16 2 -15 5 -16 -1 -15 3 -14 -1 -12 0 -13 1 -17 5 -19 3 -13 3 -16 1 -15 3 -16 -1 -17 1 -19 0 -15 0 -19 0 -17 2 -1 0 0 0 0 0 0 0 0 ]
CSI_DATA,AP,68:FE:71:12:53:8C,-36,11,1,6,1,1,1,0,0,0,0,-94,0,6,1,54356670,0,84,0,0,54.357,384,[84 -64 4 0 0 0 0 0 0 0 0 0 -12 14 -13 14 -13 12 -16 13 -16 15 -20 12 -17 13 -14 7 -16 11 -17 11 -16 14 -19 10 -19 13 -15 7 -17 11 -16 12 -17 10 -18 7 -14 8 -20 8 -16 6 -15 5 -13 10 -15 7 -14 9 -16 8 -3 -3 -13 9 -14 8 -17 9 -12 7 -14 7 -17 10 -11 11 -13 7 -12 12 -15 13 -10 14 -10 11 -11 14 -12 11 -15 13 -15 9 -13 12 -14 12 -12 13 -9 13 -14 13 -11 14 -14 17 -10 14 -14 17 -13 16 3 0 0 0 0 0 0 0 0 0 ]
CSI_DATA,AP,68:FE:71:12:53:8C,-36,11,1,6,1,1,1,0,0,0,0,-94,0,6,1,54440801,0,84,0,0,54.441,384,[84 -64 4 0 0 0 0 0 0 0 0 0 8 -1 10 0 8 3 10 0 10 2 6 -1 5 2 6 4 7 -1 9 4 9 -1 7 2 12 0 11 2 7 5 11 6 6 2 9 6 8 6 9 3 4 2 6 0 9 3 4 6 10 3 4 2 -1 0 6 0 10 1 10 5 8 0 5 0 6 2 6 1 9 0 10 1 7 2 7 -1 7 2 7 3 6 0 6 4 6 3 6 2 11 -1 11 -3 4 -4 11 1 11 4 12 0 8 -1 10 -2 8 1 -1 2 0 0 0 0 0 0 0 0 ]
CSI_DATA,AP,68:FE:71:12:53:8C,-34,11,1,5,1,1,1,0,0,0,0,-94,0,6,1,54537379,0,84,0,0,54.537,384,[84 -64 4 0 0 0 0 0 0 0 0 0 9 -11 4 -9 10 -8 6 -9 12 -5 12 -9 11 -7 8 -4 7 -2 6 -7 9 -8 13 -5 10 -2 7 -6 11 -6 11 -7 9 -5 9 -5 7 -4 9 -6 10 -1 12 -3 7 -3 9 -5 10 -3 10 -7 0 1 10 -2 5 -6 8 -5 9 -8 7 -2 10 -4 10 -7 10 -7 9 -5 4 -5 7 -7 4 -4 9 -3 5 -8 9 -7 6 -4 8 -5 7 -7 7 -5 8 -10 3 -7 6 -9 3 -6 9 -10 4 -8 7 -5 3 -2 0 0 0 0 0 0 0 0 ]
CSI_DATA,AP,68:FE:71:12:53:8C,-33,11,1,6,1,1,1,0,0,0,0,-93,0,6,1,54622237,0,84,0,0,54.622,384,[84 -64 4 0 0 0 0 0 0 0 0 0 -17 1 -15 5 -18 3 -23 4 -19 -1 -22 0 -21 -1 -19 1 -15 -2 -20 1 -17 -4 -20 -1 -16 -4 -16 -1 -18 0 -20 -1 -15 1 -19 0 -14 -2 -18 -1 -14 0 -14 -5 -14 -2 -20 -4 -16 1 -16 0 0 3 -15 -4 -17 -2 -13 -1 -13 -3 -15 -4 -15 0 -14 2 -14 3 -13 -2 -17 4 -19 2 -12 0 -13 0 -17 1 -18 2 -18 4 -18 3 -14 1 -18 3 -11 3 -18 2 -17 3 -13 1 -13 8 -17 5 -12 8 0 -1 0 0 0 0 0 0 0 0 ]
CSI_DATA,AP,68:FE:71:12:53:8C,-30,11,1,6,1,1,1,0,0,0,0,-94,0,6,1,54745924,0,84,0,0,54.746,384,[84 -64 4 0 0 0 0 0 0 0 0 0 30 -8 30 -3 34 -9 36 -4 36 -2 31 -2 32 -4 32 1 33 2 34 3 32 -1 31 1 32 4 31 -1 30 5 30 1 28 4 26 1 30 0 30 3 26 2 27 6 27 1 28 5 30 -1 29 2 2 0 28 3 30 -2 26 -2 27 -1 28 3 25 -2 27 2 27 -5 29 0 26 -3 25 -3 29 -4 29 -4 26 -5 27 -3 28 -9 24 -9 27 -9 24 -6 27 -12 24 -8 24 -6 25 -6 29 -14 26 -7 22 -11 -2 1 0 0 0 0 0 0 0 0 ]
CSI_DATA,AP,68:FE:71:12:53:8C,-38,11,1,6,1,1,1,0,0,0,0,-94,0,6,1,54845298,0,84,0,0,54.845,384,[84 -64 4 0 0 0 0 0 0 0 0 0 7 4 4 2 5 0 7 7 10 7 7 7 6 8 7 7 3 4 9 4 5 8 6 4 5 5 6 4 5 3 4 6 4 6 4 7 6 7 4 7 7 5 5 6 7 5 1 7 9 5 3 4 -1 0 2 4 8 6 8 4 2 1 2 2 7 5 6 2 7 1 6 3 8 3 6 1 2 2 6 2 6 4 4 7 6 2 5 1 4 6 6 4 4 0 9 4 8 3 4 0 7 2 7 0 8 0 0 0 0 0 0 0 0 0 0 0 ]
CSI_DATA,AP,68:FE:71:12:53:8C,-38,11,1,7,1,1,1,0,0,0,0,-95,0,6,1,54922248,0,84,0,0,54.922,384,[84 -64 4 0 0 0 0 0 0 0 0 0 11 -16 8 -22 11 -18 13 -20 10 -21 15 -14 14 -15 10 -16 14 -16 13 -18 12 -15 15 -17 14 -19 10 -13 13 -15 13 -16 17 -14 16 -16 10 -14 10 -10 11 -10 11 -14 14 -14 13 -14 16 -12 10 -12 3 3 8 -12 13 -15 13 -12 6 -13 13 -11 10 -14 8 -16 12 -12 7 -11 10 -11 7 -13 10 -15 7 -13 5 -18 7 -14 7 -15 9 -17 7 -16 4 -18 6 -13 6 -18 6 -16 3 -17 4 -14 4 -18 6 -16 1 1 0 0 0 0 0 0 0 0 ]
CSI_DATA,AP,68:FE:71:12:53:8C,-36,11,1,6,1,1,1,0,0,0,0,-95,0,6,1,55010974,0,84,0,0,55.011,384,[84 -64 4 0 0 0 0 0 0 0 0 0 21 10 17 13 14 10 18 14 12 13 17 14 14 12 15 9 12 13 13 14 11 14 9 11 12 13 8 11 12 13 13 13 11 7 13 11 9 8 6 7 12 9 10 6 12 6 11 11 10 6 12 11 -3 2 9 8 9 5 13 5 10 7 12 5 10 9 14 3 14 6 11 4 11 7 14 3 11 7 13 3 11 0 11 3 11 3 15 0 16 1 15 0 14 1 16 3 13 3 13 1 11 3 11 0 11 1 -1 -2 0 0 0 0 0 0 0 0 ]
CSI_DATA,AP,68:FE:71:12:53:8C,-41,11,1,5,1,1,1,1,0,0,1,-93,1,6,1,55102741,0,84,0,0,55.103,384,[84 -64 4 0 0 0 0 0 0 0 0 0 23 2 16 3 23 2 18 3 18 5 14 7 13 6 17 6 19 4 14 6 16 5 19 6 16 6 18 5 12 8 16 7 14 7 11 5 12 7 13 0 10 2 14 2 8 1 15 2 10 0 11 1 2 0 13 0 14 0 16 4 14 -3 9 -1 15 2 10 2 9 -4 11 -2 10 1 11 0 11 -2 13 -1 12 0 15 -3 10 -4 13 0 8 -8 14 -1 9 -8 14 -6 11 -2 11 -7 12 -6 11 -5 13 -4 2 -2 0 0 0 0 0 0 0 0 ]
CSI_DATA,AP,68:FE:71:12:53:8C,-34,11,1,6,1,1,1,0,0,0,1,-95,0,6,1,55214064,0,84,0,0,55.214,384,[84 -64 4 0 0 0 0 0 0 0 0 0 -29 11 -26 9 -30 6 -28 8 -26 6 -24 5 -29 3 -27 6 -23 0 -25 1 -27 0 -22 0 -25 5 -25 2 -19 -2 -25 1 -19 4 -21 3 -15 2 -19 0 -18 4 -14 1 -17 4 -13 0 -18 6 -14 1 0 -2 -11 1 -17 4 -12 7 -10 9 -15 3 -13 6 -13 7 -13 5 -10 8 -8 8 -10 9 -6 5 -7 12 -8 11 -7 12 -9 10 -6 11 -7 12 -4 12 -4 8 -7 13 -8 11 -8 9 -7 14 -5 11 -2 13 -3 -2 0 0 0 0 0 0 0 0 ]
CSI_DATA,AP,68:FE:71:12:53:8C,-37,11,1,6,1,1,1,0,0,0,0,-95,0,6,1,55294361,0,84,0,0,55.294,384,[84 -64 4 0 0 0 0 0 0 0 0 0 -30 8 -34 10 -34 9 -36 11 -31 3 -30 5 -27 7 -28 1 -31 4 -27 2 -29 1 -30 -1 -25 3 -24 3 -24 1 -26 3 -20 -1 -18 1 -18 5 -20 1 -22 5 -21 3 -14 1 -20 1 -18 0 -15 4 2 -1 -12 7 -16 7 -16 2 -11 4 -13 4 -15 3 -9 4 -11 9 -10 9 -10 5 -10 8 -7 9 -9 11 -9 6 -6 8 -7 9 -8 9 -8 8 -6 10 -8 13 -6 13 -4 10 -6 13 -6 9 -4 11 -5 14 0 3 0 0 0 0 0 0 0 0 ]
CSI_DATA,AP,68:FE:71:12:53:8C,-38,11,1,6,1,1,1,0,0,0,0,-94,0,6,1,55363929,0,84,0,0,55.364,384,[84 -64 4 0 0 0 0 0 0 0 0 0 19 -6 17 -3 18 -6 19 -2 21 -1 23 -1 21 1 22 -4 16 -1 21 -5 20 -5 17 -2 22 -3 20 -3 18 -3 19 -4 20 -1 17 -3 13 -2 15 -3 14 0 17 -3 12 -3 14 2 19 0 16 -1 2 2 17 -4 17 0 16 -2 17 -6 16 -2 12 -7 14 -7 16 -5 11 -4 13 -5 11 -4 14 -6 13 -3 12 -2 15 -6 13 -3 13 -8 15 -5 13 -4 9 -10 13 -5 11 -4 9 -10 9 -8 9 -8 9 -4 -2 1 0 0 0 0 0 0 0 0 ]
CSI_DATA,AP,68:FE:71:12:53:8C,-38,11,1,5,1,1,1,0,0,0,0,-94,0,6,1,55453965,0,84,0,0,55.454,384,[84 -64 4 0 0 0 0 0 0 0 0 0 -20 9 -24 3 -21 4 -23 8 -23 3 -19 2 -23 5 -25 3 -23 2 -17 0 -21 4 -19 0 -24 2 -24 -1 -23 -1 -21 0 -19 -3 -22 -3 -24 -1 -18 -3 -21 -4 -19 -1 -18 -1 -21 0 -19 3 -24 -1 1 1 -20 0 -24 0 -19 4 -17 2 -24 -1 -24 -1 -21 4 -22 1 -18 -1 -19 3 -22 1 -24 1 -24 7 -23 5 -25 0 -24 5 -23 3 -20 4 -25 2 -21 4 -22 4 -26 3 -22 2 -22 3 -26 3 -23 3 3 2 0 0 0 0 0 0 0 0 ]
CSI_DATA,AP,68:FE:71:12:53:8C,-35,11,1,7,1,1,1,0,0,0,0,-94,0,6,1,55553281,0,84,0,0,55.553,384,[84 -64 4 0 0 0 0 0 0 0 0 0 1 -22 3 -19 -1 -21 0 -22 4 -21 1 -25 0 -25 3 -23 2 -20 4 -25 6 -25 4 -27 3 -27 6 -24 8 -25 3 -26 5 -24 4 -23 6 -23 6 -25 5 -21 4 -20 9 -17 3 -23 6 -26 6 -20 3 -3 7 -24 6 -25 6 -26 1 -19 4 -22 1 -26 6 -24 4 -19 6 -23 4 -22 0 -27 1 -23 4 -23 0 -26 4 -20 3 -24 2 -26 0 -22 -1 -24 -3 -26 0 -24 0 -27 -2 -22 -4 -21 0 -26 -1 -22 2 0 0 0 0 0 0 0 0 0 ]
CSI_DATA,AP,68:FE:71:12:53:8C,-32,11,1,7,1,1,1,0,0,0,0,-95,0,6,1,55667224,0,84,0,0,55.667,384,[84 -64 4 0 0 0 0 0 0 0 0 0 -15 2 -14 2 -16 2 -16 3 -19 -2 -14 -4 -19 -1 -13 -6 -18 1 -18 -2 -20 -5 -17 -4 -18 -1 -16 -5 -15 -6 -17 -6 -13 -2 -14 -7 -17 -7 -12 -4 -16 -8 -13 -8 -11 -3 -14 -4 -17 -7 -18 -6 -1 -3 -12 -7 -17 -1 -19 -5 -19 -4 -17 0 -14 0 -15 0 -13 -4 -14 -1 -17 -2 -15 0 -12 -4 -14 -3 -16 3 -18 -1 -19 4 -18 -1 -15 1 -14 1 -14 -1 -18 3 -15 -1 -19 -1 -15 4 -19 1 -18 1 3 -1 0 0 0 0 0 0 0 0 ]
CSI_DATA,AP,68:FE:71:12:53:8C,-37,11,1,5,1,1,1,0,0,0,0,-93,0,6,1,55763659,0,84,0,0,55.764,384,[84 -64 4 0 0 0 0 0 0 0 0 0 -10 -5 -9 -3 -11 -5 -12 -3 -9 -4 -4 -1 -5 -1 -7 -2 -4 -2 -5 -3 -8 -4 -11 -7 -8 -2 -9 -8 -8 -3 -9 -3 -8 -5 -8 -3 -7 -5 -5 -6 -4 -6 -10 -8 -4 -1 -8 -7 -4 -5 -7 -5 1 1 -4 -6 -10 -6 -10 -5 -7 -3 -6 -1 -7 -5 -6 0 -6 -7 -9 -4 -6 -1 -9 -3 -8 -2 -10 -5 -5 -3 -6 -3 -5 -2 -7 -1 -5 0 -8 -1 -9 -4 -7 0 -8 -4 -10 0 -5 -1 -10 -3 -8 -3 3 1 0 0 0 0 0 0 0 0 ]
CSI_DATA,AP,68:FE:71:12:53:8C,-40,11,0,0,0,0,0,0,0,0,0,-95,0,6,1,55847363,0,37,0,0,55.847,128,[84 -64 4 0 0 0 0 0 0 0 0 0 2 -3 4 -8 8 -3 7 -4 7 -8 7 -6 8 -8 6 -4 7 -4 9 -7 5 -8 3 -9 9 -7 5 -7 7 -2 5 -5 10 -8 3 -4 8 -7 9 -7 5 -4 6 -4 4 -3 9 -5 9 -3 7 -3 -3 2 9 -5 6 -2 6 -8 3 -6 7 -5 6 -6 3 -4 2 -3 6 -9 7 -4 7 -3 6 -3 6 -8 5 -8 4 -7 6 -6 5 -5 1 -5 4 -7 6 -4 5 -9 8 -7 4 -10 4 -7 5 -7 6 -5 1 1 0 0 0 0 0 0 0 0 ]
CSI_DATA,AP,68:FE:71:12:53:8C,-37,11,1,7,1,1,1,1,0,0,0,-95,1,6,1,55952923,0,84,0,0,55.953,384,[84 -64 4 0 0 0 0 0 0 0 0 0 4 -26 1 -28 6 -29 5 -33 8 -25 5 -27 5 -24 6 -28 9 -26 8 -27 5 -24 7 -29 12 -25 10 -23 6 -21 8 -26 9 -22 10 -22 8 -23 11 -23 10 -22 6 -20 11 -21 6 -22 10 -20 8 -25 -1 -3 3 -19 4 -21 7 -23 5 -22 7 -24 8 -23 6 -24 5 -19 3 -22 1 -19 1 -18 5 -20 5 -23 3 -22 4 -19 6 -23 0 -24 2 -21 3 -19 0 -18 3 -22 2 -21 -1 -21 2 -21 0 -24 -4 -18 -1 -1 0 0 0 0 0 0 0 0 ]
CSI_DATA,AP,68:FE:71:12:53:8C,-40,11,1,6,1,1,1,0,0,0,0,-93,0,6,1,56039772,0,84,0,0,56.04,384,[82 -96 4 0 0 0 0 0 0 0 0 0 -17 -4 -16 -9 -16 -5 -14 -10 -20 -11 -19 -5 -18 -8 -15 -12 -13 -11 -18 -10 -16 -10 -15 -13 -16 -8 -14 -9 -12 -10 -13 -9 -17 -9 -10 -13 -13 -13 -14 -9 -14 -9 -15 -13 -14 -12 -14 -9 -10 -11 -12 -9 3 -2 -14 -5 -15 -9 -14 -9 -10 -6 -11 -11 -13 -8 -16 -7 -13 -5 -11 -4 -13 -8 -11 -8 -10 -7 -10 -3 -10 -2 -17 -8 -15 -8 -17 -2 -15 -8 -16 -8 -15 -5 -14 -6 -15 -5 -17 -2 -15 -3 -13 -4 -13 -3 3 3 0 0 0 0 0 0 0 0 ]
CSI_DATA,AP,68:FE:71:12:53:8C,-36,11,1,7,1,1,1,0,0,0,0,-94,0,6,1,56171329,0,84,0,0,56.171,384,[84 -64 4 0 0 0 0 0 0 0 0 0 1 17 5 20 -1 22 0 16 2 20 3 18 0 20 -1 19 -4 20 -1 17 -4 16 -1 20 -1 18 -2 17 -3 15 -2 14 -4 17 -3 16 -5 17 -2 14 -5 18 -7 17 -2 13 -3 14 -5 13 -1 16 1 -3 0 12 -4 15 -6 14 -3 13 -4 16 -5 12 -1 14 -5 11 -5 13 1 17 1 13 -1 18 2 13 -1 17 1 16 -2 12 2 15 3 13 4 11 -1 17 1 11 5 14 1 18 6 16 3 17 3 17 0 2 0 0 0 0 0 0 0 0 ]
CSI_DATA,AP,68:FE:71:12:53:8C,-34,11,1,6,1,1,1,0,0,0,0,-95,0,6,1,56245857,0,84,0,0,56.246,384,[84 -64 4 0 0 0 0 0 0 0 0 0 14 11 15 11 13 14 11 11 14 13 9 12 13 9 8 10 14 15 11 16 10 13 11 11 8 13 12 14 9 14 10 15 10 11 9 10 6 8 9 13 10 13 11 9 8 14 12 13 11 11 12 10 3 2 7 13 9 9 8 7 13 8 8 6 9 10 10 7 11 8 11 8 13 8 8 9 12 5 13 6 10 6 13 6 14 4 13 4 10 3 10 7 13 4 12 7 10 7 15 8 10 4 15 6 14 8 2 1 0 0 0 0 0 0 0 0 ]
CSI_DATA,AP,68:FE:71:12:53:8C,-39,11,1,4,1,1,1,0,0,0,0,-93,0,6,1,56315728,0,84,0,0,56.316,384,[84 -64 4 0 0 0 0 0 0 0 0 0 4 -18 5 -19 10 -21 10 -18 6 -20 12 -16 10 -21 10 -22 9 -16 9 -18 10 -21 13 -21 8 -15 10 -16 8 -16 13 -17 11 -20 12 -18 13 -17 7 -16 7 -17 10 -15 10 -15 11 -16 12 -15 7 -12 -3 -2 10 -14 6 -12 10 -14 6 -12 5 -17 6 -19 8 -16 9 -13 6 -18 4 -18 5 -19 5 -19 4 -16 3 -19 5 -15 6 -14 6 -14 6 -15 5 -16 7 -17 4 -20 1 -17 0 -19 5 -16 0 -17 2 -20 -3 -1 0 0 0 0 0 0 0 0 ]
CSI_DATA,AP,68:FE:71:12:53:8C,-31,11,1,6,1,1,1,0,0,0,0,-95,0,6,1,56407486,0,84,0,0,56.407,384,[84 -64 4 0 0 0 0 0 0 0 0 0 -23 7 -20 9 -24 9 -22 5 -25 5 -22 5 -18 2 -23 5 -21 4 -22 3 -22 0 -21 6 -20 6 -20 5 -18 1 -18 5 -17 2 -16 0 -18 5 -20 -1 -16 2 -19 2 -19 0 -17 0 -19 1 -15 -1 0 1 -20 2 -19 3 -16 0 -17 1 -21 5 -19 3 -15 1 -20 2 -17 7 -16 2 -16 8 -17 6 -16 7 -13 8 -18 9 -15 6 -18 5 -15 5 -15 11 -13 10 -16 6 -15 6 -13 11 -16 12 -18 6 -16 8 -2 -1 0 0 0 0 0 0 0 0 ]
CSI_DATA,AP,68:FE:71:12:53:8C,-36,11,1,7,1,1,1,1,0,0,0,-93,1,6,1,56510193,0,84,0,0,56.51,384,[84 -64 4 0 0 0 0 0 0 0 0 0 18 -27 21 -20 20 -25 24 -26 20 -23 21 -23 20 -24 18 -20 24 -19 24 -20 24 -22 22 -19 26 -17 26 -19 21 -15 24 -19 24 -13 24 -18 23 -16 17 -16 19 -16 22 -16 15 -17 23 -14 22 -17 18 -19 -1 -1 19 -18 19 -17 18 -14 14 -20 14 -20 13 -20 18 -15 14 -21 12 -22 17 -17 13 -20 16 -17 13 -21 14 -19 13 -20 14 -23 10 -19 10 -22 13 -22 10 -24 13 -24 12 -18 8 -20 13 -26 10 -20 7 -21 3 2 0 0 0 0 0 0 0 0 ]
CSI_DATA,AP,68:FE:71:12:53:8C,-39,11,1,6,1,1,1,0,0,0,0,-94,0,6,1,56619525,0,84,0,0,56.62,384,[37 80 2 0 0 0 0 0 0 0 0 0 3 -28 8 -28 6 -34 6 -32 5 -28 7 -27 9 -31 12 -28 12 -26 11 -31 13 -28 14 -28 8 -31 8 -25 9 -22 13 -31 9 -23 9 -22 11 -24 9 -21 10 -24 8 -27 8 -26 10 -24 12 -22 12 -21 -2 0 5 -23 10 -22 7 -25 4 -26 9 -21 6 -22 4 -27 3 -24 3 -24 6 -26 2 -23 2 -24 2 -23 6 -24 0 -24 1 -27 4 -28 5 -22 2 -27 0 -23 5 -26 4 -22 1 -23 -1 -23 0 -26 -4 -25 -3 1 0 0 0 0 0 0 0 0 ]
CSI_DATA,AP,68:FE:71:12:53:8C,-36,11,1,6,1,1,1,0,0,0,0,-95,0,6,1,56738859,0,84,0,0,56.739,384,[84 -64 4 0 0 0 0 0 0 0 0 0 -11 -14 -15 -19 -12 -20 -12 -17 -11 -19 -12 -16 -7 -16 -9 -18 -10 -15 -9 -19 -10 -19 -10 -19 -7 -17 -5 -18 -10 -19 -9 -21 -8 -16 -6 -18 -8 -16 -9 -16 -4 -17 -9 -19 -10 -16 -9 -16 -7 -18 -6 -13 1 -3 -9 -15 -7 -15 -9 -16 -5 -11 -7 -12 -9 -12 -4 -11 -10 -13 -10 -14 -8 -12 -6 -11 -7 -14 -12 -14 -11 -13 -9 -16 -7 -13 -8 -12 -8 -10 -12 -11 -14 -9 -9 -15 -11 -9 -13 -13 -9 -10 -14 -10 -12 -9 2 -3 0 0 0 0 0 0 0 0 ]
CSI_DATA,AP,68:FE:71:12:53:8C,-41,11,1,6,1,1,1,0,0,0,0,-94,0,6,1,56867399,0,84,0,0,56.867,384,[84 -64 4 0 0 0 0 0 0 0 0 0 -17 9 -18 11 -21 12 -20 12 -19 5 -18 7 -17 4 -19 7 -15 9 -21 5 -21 5 -18 8 -15 9 -15 8 -17 3 -16 5 -17 1 -15 6 -19 6 -17 1 -20 5 -16 5 -17 0 -14 4 -19 4 -13 4 0 -3 -16 3 -17 4 -13 4 -18 3 -17 7 -17 4 -17 5 -17 9 -15 7 -13 6 -12 10 -10 9 -15 6 -11 10 -11 11 -15 10 -13 11 -14 7 -15 6 -9 10 -12 6 -13 13 -11 9 -9 11 -11 10 -13 10 -2 -1 0 0 0 0 0 0 0 0 ]
CSI_DATA,AP,68:FE:71:12:53:8C,-36,11,1,6,1,1,1,0,0,0,0,-93,0,6,1,56974895,0,84,0,0,56.975,384,[84 -64 4 0 0 0 0 0 0 0 0 0 17 -2 22 -5 21 -3 19 -2 18 -4 21 -3 17 -1 17 2 22 -3 23 -1 20 -1 19 2 23 -2 19 1 18 2 21 1 18 -1 16 0 16 4 18 5 15 0 18 3 14 -1 19 4 21 1 18 0 1 -2 13 -2 19 -3 20 -2 20 1 15 0 15 1 14 -1 15 1 14 -3 13 -2 17 0 15 -1 14 -1 18 -5 13 -6 14 -4 13 -2 17 -3 15 -7 17 -3 18 -4 19 -6 15 -7 19 -6 15 -9 12 -5 3 -2 0 0 0 0 0 0 0 0 ]
CSI_DATA,AP,68:FE:71:12:53:8C,-37,11,1,7,1,1,1,0,0,0,0,-93,0,6,1,57062004,0,84,0,0,57.062,384,[84 -64 4 0 0 0 0 0 0 0 0 0 -17 -8 -20 -5 -18 -10 -17 -13 -19 -10 -17 -14 -19 -12 -16 -15 -16 -10 -20 -15 -16 -15 -14 -14 -13 -15 -18 -11 -14 -16 -18 -13 -17 -14 -11 -15 -11 -12 -16 -12 -14 -13 -15 -10 -13 -14 -16 -11 -13 -9 -15 -8 -1 -3 -14 -9 -11 -14 -13 -13 -10 -10 -15 -10 -16 -7 -10 -7 -12 -8 -16 -7 -11 -5 -17 -10 -16 -10 -14 -7 -13 -6 -16 -4 -12 -7 -14 -10 -11 -8 -17 -9 -17 -6 -14 -8 -14 -3 -17 -7 -17 -5 -12 -4 -18 -2 1 2 0 0 0 0 0 0 0 0 ]
CSI_DATA,AP,68:FE:71:12:53:8C,-35,11,1,6,1,1,1,0,0,0,0,-95,0,6,1,57165190,0,84,0,0,57.165,384,[84 -64 4 0 0 0 0 0 0 0 0 0 17 -1 18 -2 14 3 20 3 19 2 14 4 15 4 20 2 17 4 16 2 19 1 16 6 17 5 19 5 18 2 17 3 16 5 13 4 18 5 12 4 17 7 12 8 11 3 15 6 12 5 17 5 0 2 16 3 15 1 11 1 12 2 11 3 12 -1 14 0 14 -2 13 -1 13 -1 12 0 17 3 14 -3 17 -1 11 -3 14 0 12 1 14 0 15 0 11 0 12 -3 16 -2 12 -1 17 0 13 1 15 1 3 0 0 0 0 0 0 0 0 0 ]
CSI_DATA,AP,68:FE:71:12:53:8C,-38,11,1,6,1,1,1,0,0,0,0,-95,0,6,1,57271556,0,84,0,0,57.272,384,[84 -64 4 0 0 0 0 0 0 0 0 0 12 -18 7 -13 7 -20 8 -13 10 -17 13 -15 8 -17 11 -18 13 -11 12 -15 11 -16 14 -15 9 -12 13 -16 14 -11 10 -13 10 -12 8 -15 10 -12 14 -13 14 -9 10 -11 8 -12 10 -13 10 -12 12 -9 -2 2 11 -14 12 -12 7 -11 8 -11 10 -9 7 -12 10 -11 7 -13 7 -11 7 -13 5 -10 10 -9 8 -11 9 -15 8 -14 4 -15 6 -11 8 -17 3 -16 3 -16 6 -11 9 -12 4 -13 5 -13 6 -13 6 -16 0 0 0 0 0 0 0 0 0 0 ]
CSI_DATA,AP,68:FE:71:12:53:8C,-36,11,1,6,1,1,1,0,0,0,0,-96,0,6,1,57360948,0,84,0,0,57.361,384,[84 -64 4 0 0 0 0 0 0 0 0 0 10 -13 14 -16 15 -13 12 -9 17 -11 11 -11 11 -13 17 -10 18 -7 16 -9 17 -8 14 -7 17 -10 15 -7 17 -11 15 -6 14 -9 13 -6 13 -7 16 -10 16 -5 16 -8 11 -6 10 -10 13 -9 12 -7 0 3 11 -5 12 -10 10 -5 8 -11 8 -10 8 -11 9 -5 14 -8 14 -8 9 -7 10 -9 12 -13 9 -9 10 -10 10 -7 10 -13 8 -10 11 -8 6 -12 6 -8 10 -8 12 -8 10 -12 11 -9 7 -10 9 -15 3 -1 0 0 0 0 0 0 0 0 ]
CSI_DATA,AP,68:FE:71:12:53:8C,-34,11,1,6,1,1,1,0,0,0,0,-94,0,6,1,57432441,0,84,0,0,57.432,384,[84 -64 4 0 0 0 0 0 0 0 0 0 5 -17 8 -14 9 -19 8 -14 7 -17 7 -14 12 -14 10 -12 11 -17 9 -17 7 -15 10 -11 10 -14 11 -11 10 -16 10 -12 8 -13 10 -15 7 -10 12 -11 10 -9 7 -15 11 -11 11 -13 9 -10 5 -13 -3 -3 9 -11 10 -10 5 -15 10 -10 6 -9 9 -13 8 -14 3 -9 3 -13 6 -10 3 -16 8 -13 9 -10 5 -13 7 -16 3 -13 4 -17 2 -14 4 -16 5 -13 7 -14 7 -10 5 -13 3 -12 2 -13 0 -16 0 3 0 0 0 0 0 0 0 0 ]
CSI_DATA,AP,68:FE:71:12:53:8C,-37,11,1,6,1,1,1,0,0,0,0,-94,0,6,1,57545811,0,84,0,0,57.546,384,[84 -64 4 0 0 0 0 0 0 0 0 0 8 -19 11 -18 12 -15 10 -13 12 -18 15 -11 12 -13 15 -12 12 -11 15 -11 12 -16 14 -14 15 -13 15 -9 17 -8 12 -14 12 -12 14 -11 14 -13 11 -12 10 -11 14 -8 10 -7 14 -10 12 -12 15 -8 0 -2 11 -13 10 -13 9 -9 8 -11 13 -10 12 -11 9 -12 11 -15 9 -15 10 -14 8 -10 11 -14 10 -14 6 -13 10 -14 10 -15 5 -11 6 -14 7 -11 10 -16 6 -12 8 -15 5 -13 9 -12 10 -12 8 -16 1 -3 0 0 0 0 0 0 0 0 ]
CSI_DATA,AP,68:FE:71:12:53:8C,-36,11,1,6,1,1,1,1,0,0,0,-96,6,6,1,57647602,0,84,0,0,57.648,384,[84 -64 4 0 0 0 0 0 0 0 0 0 5 13 6 10 7 10 5 7 7 13 4 13 4 8 3 11 1 12 2 9 3 10 2 11 0 10 1 7 -2 12 1 7 3 12 0 7 0 8 4 6 3 6 -1 12 4 6 4 6 -2 9 2 9 2 -2 3 8 -2 7 3 8 1 6 4 6 -1 9 -2 11 5 6 5 4 4 10 2 5 1 6 2 10 -1 9 3 8 3 7 5 6 5 4 4 10 2 7 2 9 2 10 1 10 6 9 4 5 3 9 2 0 0 0 0 0 0 0 0 0 ]
CSI_DATA,AP,68:FE:71:12:53:8C,-36,11,1,5,1,1,1,0,0,0,0,-93,0,6,1,57716802,0,84,0,0,57.717,384,[84 -64 4 0 0 0 0 0 0 0 0 0 2 -18 2 -22 1 -23 -2 -19 0 -23 6 -21 4 -22 2 -18 7 -21 2 -19 7 -19 2 -22 6 -21 8 -20 3 -20 7 -16 7 -18 6 -19 8 -18 3 -15 6 -20 5 -17 4 -16 4 -14 5 -15 4 -19 -1 2 4 -18 0 -16 2 -16 0 -19 3 -14 2 -18 1 -16 5 -17 0 -17 4 -17 -2 -13 -1 -16 3 -14 -1 -13 2 -14 3 -19 1 -18 -3 -15 0 -18 -4 -16 1 -16 -2 -13 -5 -14 -5 -15 -5 -17 0 -19 -3 3 0 0 0 0 0 0 0 0 ]
CSI_DATA,AP,68:FE:71:12:53:8C,-39,11,1,6,1,1,1,0,0,0,0,-94,0,6,1,57802479,0,84,0,0,57.802,384,[84 -64 4 0 0 0 0 0 0 0 0 0 15 -10 12 -8 19 -7 14 -10 15 -8 15 -3 16 -9 18 -7 17 -7 18 -4 17 -1 19 -4 18 -5 16 -5 17 0 14 -3 12 -6 13 -6 16 -6 13 -6 11 -2 18 -6 15 -5 11 1 15 0 13 -6 2 2 16 -1 16 -5 15 -2 15 -1 11 -4 16 -7 13 -7 15 -8 9 -3 11 -4 10 -9 12 -6 14 -5 14 -5 10 -7 12 -11 9 -9 11 -9 12 -6 12 -7 10 -8 14 -12 10 -6 14 -9 11 -8 8 -9 1 -2 0 0 0 0 0 0 0 0 ]
CSI_DATA,AP,68:FE:71:12:53:8C,-38,11,1,6,1,1,1,0,0,0,0,-93,0,6,1,57915407,0,84,0,0,57.915,384,[84 -64 4 0 0 0 0 0 0 0 0 0 -24 -4 -23 0 -23 0 -20 -5 -21 -7 -22 -3 -19 -6 -21 -9 -17 -6 -17 -3 -19 -5 -18 -10 -21 -10 -18 -9 -20 -7 -18 -8 -21 -7 -15 -5 -14 -4 -16 -9 -14 -8 -15 -7 -18 -10 -20 -10 -18 -6 -15 -7 0 2 -16 -8 -18 -4 -18 -5 -18 -7 -16 -4 -16 -6 -20 -6 -19 -3 -19 -7 -17 -2 -21 1 -18 -2 -15 -1 -16 0 -15 -5 -16 -3 -21 -2 -14 -1 -18 -2 -14 -2 -19 -4 -17 2 -15 3 -21 3 -17 -2 -19 2 3 2 0 0 0 0 0 0 0 0 ]
CSI_DATA,AP,68:FE:71:12:53:8C,-34,11,1,5,1,1,1,1,0,0,0,-93,2,6,1,58061852,0,84,0,0,58.062,384,[84 -64 4 0 0 0 0 0 0 0 0 0 17 -10 19 -9 18 -10 19 -8 18 -11 14 -10 16 -13 19 -8 18 -8 21 -8 15 -8 16 -8 15 -7 16 -10 20 -6 19 -9 19 -10 14 -4 18 -5 13 -10 14 -9 18 -9 18 -7 16 -8 16 -7 18 -7 2 -2 15 -4 14 -6 16 -5 17 -5 10 -9 12 -11 11 -6 17 -9 13 -7 13 -9 11 -8 14 -11 11 -7 13 -12 13 -13 13 -12 10 -13 13 -7 8 -9 15 -14 11 -12 10 -14 9 -11 13 -9 14 -14 9 -12 3 2 0 0 0 0 0 0 0 0 ]
CSI_DATA,AP,68:FE:71:12:53:8C,-33,11,1,7,1,1,1,0,0,0,0,-95,0,6,1,58147774,0,84,0,0,58.148,384,[84 -64 4 0 0 0 0 0 0 0 0 0 4 -22 3 -19 5 -18 2 -22 2 -16 5 -17 9 -20 7 -19 7 -20 8 -20 10 -14 10 -14 10 -18 11 -16 5 -15 12 -19 8 -12 11 -12 11 -16 7 -14 8 -16 8 -17 6 -15 9 -16 7 -17 8 -14 1 -2 5 -14 8 -14 9 -15 6 -17 3 -15 5 -16 4 -18 3 -17 7 -16 7 -17 7 -15 0 -18 1 -16 4 -14 1 -15 4 -17 5 -14 2 -12 5 -14 5 -13 1 -18 0 -13 3 -15 3 -14 3 -16 2 -14 3 -3 0 0 0 0 0 0 0 0 ]
CSI_DATA,AP,68:FE:71:12:53:8C,-35,11,1,6,1,1,1,0,0,0,0,-96,0,6,1,58227530,0,84,0,0,58.228,384,[84 -64 4 0 0 0 0 0 0 0 0 0 19 -14 14 -9 16 -15 18 -14 21 -14 20 -12 19 -9 14 -6 17 -9 20 -11 18 -6 17 -6 18 -6 15 -7 17 -8 20 -6 17 -6 16 -6 14 -9 17 -9 18 -7 18 -6 14 -4 15 -9 18 -4 17 -8 3 -2 13 -7 16 -9 14 -10 13 -7 11 -4 15 -9 18 -11 15 -7 17 -6 13 -8 12 -13 15 -11 14 -11 13 -9 10 -12 15 -14 16 -12 12 -10 15 -9 8 -13 13 -12 13 -8 12 -9 12 -11 14 -8 8 -11 -3 2 0 0 0 0 0 0 0 0 ]
CSI_DATA,AP,68:FE:71:12:53:8C,-38,11,1,5,1,1,1,0,0,0,0,-94,0,6,1,58335424,0,84,0,0,58.335,384,[84 -64 4 0 0 0 0 0 0 0 0 0 -19 -3 -19 -5 -22 -3 -19 -7 -20 -7 -21 -4 -19 -6 -21 -9 -22 -6 -22 -6 -20 -8 -18 -9 -16 -9 -17 -12 -18 -9 -18 -7 -19 -12 -17 -10 -14 -10 -18 -7 -18 -12 -18 -7 -18 -11 -17 -9 -17 -10 -15 -10 -2 -3 -14 -10 -19 -10 -18 -7 -16 -7 -18 -5 -16 -8 -18 -4 -13 -9 -15 -3 -17 -3 -17 -4 -18 -7 -19 -4 -14 -4 -16 -2 -15 0 -18 -3 -14 -5 -19 -2 -19 0 -20 -5 -17 -4 -20 -2 -18 0 -19 -2 -18 0 2 1 0 0 0 0 0 0 0 0 ]
CSI_DATA,AP,68:FE:71:12:53:8C,-35,11,1,6,1,1,1,0,0,0,0,-95,0,6,1,58432869,0,84,0,0,58.433,384,[84 -64 4 0 0 0 0 0 0 0 0 0 2 21 5 19 2 23 -1 24 4 22 3 23 1 21 2 19 3 22 0 21 -4 18 0 23 1 18 -1 20 -4 16 1 17 -5 19 -4 20 -1 20 0 20 0 16 -3 16 -5 14 1 20 -4 18 -2 17 -1 3 1 18 -3 21 -2 17 2 18 1 19 1 17 1 20 3 16 -3 18 2 19 2 17 1 15 4 14 1 19 3 13 2 18 2 14 2 15 1 15 1 12 2 18 7 18 3 15 5 13 3 14 6 13 2 3 0 0 0 0 0 0 0 0 ]
CSI_DATA,AP,68:FE:71:12:53:8C,-38,11,1,6,1,1,1,0,0,0,0,-96,0,6,1,58563132,0,84,0,0,58.563,384,[84 -64 4 0 0 0 0 0 0 0 0 0 -19 13 -14 15 -17 16 -20 16 -20 12 -21 15 -21 13 -16 10 -19 13 -21 7 -20 13 -19 12 -22 11 -22 8 -20 8 -22 8 -16 7 -18 7 -18 8 -16 9 -19 8 -20 9 -17 9 -17 5 -15 8 -16 7 0 2 -20 8 -14 11 -13 11 -15 8 -12 12 -16 6 -14 11 -18 9 -12 12 -14 12 -12 14 -13 8 -13 14 -13 9 -13 9 -15 15 -15 12 -14 12 -10 9 -9 14 -15 10 -9 12 -15 11 -11 13 -11 13 -13 10 3 -3 0 0 0 0 0 0 0 0 ]
CSI_DATA,AP,68:FE:71:12:53:8C,-35,11,1,7,1,1,1,0,0,0,0,-94,0,6,1,58660186,0,84,0,0,58.66,384,[84 -64 4 0 0 0 0 0 0 0 0 0 -3 19 -2 23 -4 20 -5 20 -4 20 -5 24 -6 20 -9 20 -10 21 -7 22 -7 20 -6 20 -8 23 -7 16 -10 21 -9 22 -9 18 -11 16 -9 17 -6 17 -11 14 -10 19 -8 15 -6 17 -10 19 -8 17 -3 -2 -8 20 -5 17 -7 19 -7 15 -3 18 -4 19 -6 19 -7 18 -4 15 -6 16 -3 15 -1 15 -6 20 -5 20 0 20 -3 20 -5 15 -3 18 -5 20 -4 16 -1 14 2 18 -2 14 2 17 1 16 4 16 0 1 0 0 0 0 0 0 0 0 ]
CSI_DATA,AP,68:FE:71:12:53:8C,-37,11,1,5,1,1,1,0,0,0,0,-95,0,6,1,58778774,0,84,0,0,58.779,384,[84 -64 4 0 0 0 0 0 0 0 0 0 7 17 7 18 9 20 9 22 7 19 10 20 6 18 3 18 2 22 5 23 6 20 5 20 2 22 1 21 1 15 2 23 4 19 4 19 2 18 6 21 6 17 3 16 6 16 3 14 2 19 2 17 2 0 2 18 7 14 6 19 5 17 6 13 5 14 9 17 6 15 7 14 4 14 6 12 9 17 9 15 5 10 11 14 8 17 9 12 11 10 8 15 9 11 8 11 7 11 8 11 9 12 11 9 13 14 -1 -2 0 0 0 0 0 0 0 0 ]
CSI_DATA,AP,68:FE:71:12:53:8C,-33,11,1,7,1,1,1,0,0,0,0,-94,0,6,1,58864707,0,84,0,0,58.865,384,[84 -64 4 0 0 0 0 0 0 0 0 0 -22 -3 -22 -3 -21 -5 -25 -5 -23 -1 -22 -6 -22 -4 -19 -8 -18 -6 -17 -7 -21 -9 -20 -5 -23 -10 -21 -9 -18 -12 -23 -11 -18 -8 -21 -11 -21 -5 -16 -12 -15 -6 -15 -7 -19 -8 -17 -5 -15 -11 -16 -6 0 2 -14 -6 -19 -7 -17 -4 -17 -6 -18 -6 -15 -6 -17 -7 -19 -6 -17 -4 -16 -6 -17 -3 -17 -5 -19 -5 -18 -6 -21 -4 -18 -4 -16 -4 -21 0 -20 2 -20 -3 -15 -2 -20 -4 -21 2 -18 1 -17 2 -21 -2 2 -1 0 0 0 0 0 0 0 0 ]
CSI_DATA,AP,68:FE:71:12:53:8C,-35,11,1,5,1,1,1,1,0,0,0,-96,1,6,1,58960368,0,84,0,0,58.96,384,[84 -64 4 0 0 0 0 0 0 0 0 0 18 -9 20 -13 18 -9 20 -8 20 -8 21 -9 18 -4 22 -3 19 -7 16 -8 19 -7 21 -7 21 -2 18 -1 18 -6 22 0 16 0 17 -5 18 1 17 -4 15 -3 20 -5 15 -3 15 -4 17 -2 19 -4 2 -1 19 -2 17 -1 17 -1 13 -2 13 -4 18 -4 18 -6 17 -5 15 -1 12 -7 19 -10 12 -6 16 -4 15 -8 15 -5 18 -11 12 -9 15 -7 12 -6 16 -6 12 -6 16 -10 12 -7 11 -12 11 -8 15 -9 -1 -3 0 0 0 0 0 0 0 0 ]
CSI_DATA,AP,68:FE:71:12:53:8C,-30,11,1,7,1,1,1,0,0,0,1,-96,0,6,1,59055310,0,84,0,0,59.055,384,[84 -64 4 0 0 0 0 0 0 0 0 0 -21 -12 -21 -8 -18 -15 -18 -10 -19 -14 -20 -14 -15 -16 -16 -15 -15 -14 -18 -18 -17 -15 -15 -15 -15 -14 -18 -15 -16 -13 -19 -18 -13 -15 -13 -11 -16 -17 -11 -17 -12 -18 -15 -16 -11 -16 -10 -16 -17 -14 -11 -12 3 -1 -13 -16 -14 -11 -17 -13 -18 -11 -11 -14 -17 -11 -12 -12 -12 -13 -12 -7 -11 -9 -16 -9 -14 -7 -18 -7 -13 -12 -17 -10 -16 -7 -14 -9 -15 -8 -19 -8 -15 -8 -15 -5 -17 -10 -17 -7 -20 -7 -13 -7 -19 -9 -3 -1 0 0 0 0 0 0 0 0 ]
CSI_DATA,AP,68:FE:71:12:53:8C,-36,11,1,7,1,1,1,0,0,0,0,-93,0,6,1,59180497,0,84,0,0,59.18,384,[84 -64 4 0 0 0 0 0 0 0 0 0 19 9 16 6 21 6 16 8 16 10 16 14 17 10 12 8 18 12 14 15 14 10 16 15 14 13 15 13 12 15 16 11 12 10 14 13 13 9 13 9 9 14 13 13 10 11 15 13 13 12 15 8 2 -3 11 8 9 13 10 9 15 9 9 8 10 11 10 9 16 6 12 8 10 5 15 11 13 9 13 4 13 9 13 9 16 5 13 7 16 3 16 3 14 4 14 3 16 4 15 4 13 4 15 2 15 5 1 3 0 0 0 0 0 0 0 0 ]
CSI_DATA,AP,68:FE:71:12:53:8C,-36,11,1,7,1,1,1,1,0,0,0,-96,1,6,1,59264272,0,84,0,0,59.264,384,[84 -64 4 0 0 0 0 0 0 0 0 0 -15 15 -12 17 -17 17 -14 14 -20 15 -16 9 -17 15 -15 11 -16 13 -13 8 -19 12 -16 12 -16 13 -17 11 -14 11 -20 10 -15 10 -16 5 -18 5 -20 7 -13 10 -14 7 -12 8 -18 6 -17 7 -17 7 -2 -3 -15 9 -14 9 -16 12 -11 12 -17 6 -15 13 -16 11 -11 9 -12 12 -9 9 -12 12 -10 8 -12 14 -9 9 -13 15 -14 15 -10 13 -8 14 -11 10 -7 11 -11 10 -7 9 -7 10 -8 16 -11 10 -11 16 3 2 0 0 0 0 0 0 0 0 ]
CSI_DATA,AP,68:FE:71:12:53:8C,-34,11,1,7,1,1,1,0,0,0,0,-95,0,6,1,59337818,0,84,0,0,59.338,384,[84 -64 4 0 0 0 0 0 0 0 0 0 -6 -23 -2 -24 -6 -21 -4 -20 -3 -21 -5 -22 -3 -20 0 -23 -2 -23 -2 -16 -4 -21 2 -22 2 -19 1 -21 4 -20 0 -21 4 -21 4 -19 -1 -16 -1 -20 0 -19 -1 -20 4 -15 -1 -17 -1 -21 -2 -21 -3 1 1 -19 1 -21 1 -16 -3 -20 -1 -15 -1 -21 0 -16 0 -20 -1 -16 -4 -15 0 -15 -5 -18 -7 -20 -7 -16 -1 -15 -2 -16 -4 -17 -7 -19 -1 -16 -5 -13 -7 -14 -4 -15 -8 -19 -4 -19 -5 -19 -9 -18 -1 1 0 0 0 0 0 0 0 0 ]
CSI_DATA,AP,68:FE:71:12:53:8C,-39,11,1,4,1,1,1,0,0,0,0,-94,0,6,1,59445124,0,84,0,0,59.445,384,[84 -64 4 0 0 0 0 0 0 0 0 0 0 19 3 23 5 23 1 23 1 24 -1 21 -2 20 -2 20 -1 19 0 16 -3 23 2 23 -3 19 -1 20 0 20 0 20 1 20 -2 19 -2 15 -2 18 -1 16 -3 20 -5 13 -4 20 0 17 -4 15 -1 -1 -1 15 -3 15 -2 15 -2 15 3 13 3 18 0 16 0 14 3 16 0 18 5 14 0 14 0 15 3 16 3 15 5 19 2 16 4 18 8 15 6 13 2 16 6 17 4 14 8 13 8 17 3 16 0 -3 0 0 0 0 0 0 0 0 ]
CSI_DATA,AP,68:FE:71:12:53:8C,-36,11,1,5,1,1,1,0,0,0,0,-95,0,6,1,59535621,0,84,0,0,59.536,384,[84 -64 4 0 0 0 0 0 0 0 0 0 -16 10 -22 6 -22 10 -22 10 -20 9 -22 5 -24 7 -19 1 -19 6 -21 1 -21 6 -24 1 -22 1 -21 0 -21 5 -24 3 -20 6 -17 4 -16 1 -16 2 -16 4 -16 1 -14 0 -17 0 -16 -1 -21 1 0 -1 -20 1 -20 5 -17 7 -19 3 -18 5 -19 5 -18 3 -16 7 -17 5 -16 6 -19 6 -17 2 -15 5 -16 3 -14 4 -15 7 -19 6 -17 7 -12 4 -16 6 -12 8 -12 5 -18 11 -12 8 -13 8 -13 7 3 0 0 0 0 0 0 0 0 0 ]
CSI_DATA,AP,68:FE:71:12:53:8C,-39,11,1,4,1,1,1,0,0,0,0,-94,0,6,1,59633818,0,84,0,0,59.634,384,[84 -64 4 0 0 0 0 0 0 0 0 0 17 6 19 8 20 9 21 8 16 10 18 8 15 8 17 7 19 11 13 15 17 11 16 12 19 12 13 12 15 14 18 14 17 11 14 8 12 9 11 10 12 10 16 14 12 12 10 10 14 14 13 14 0 -3 10 7 17 12 12 7 12 6 12 8 13 6 14 6 16 6 13 7 11 6 12 8 14 6 14 7 16 8 13 4 12 3 15 9 15 3 17 3 13 2 16 4 17 7 15 5 16 7 15 8 14 2 -1 -1 0 0 0 0 0 0 0 0 ]
CSI_DATA,AP,68:FE:71:12:53:8C,-37,11,1,6,1,1,1,0,0,0,0,-95,0,6,1,59734970,0,84,0,0,59.735,384,[84 -64 4 0 0 0 0 0 0 0 0 0 -9 15 -7 19 -11 16 -14 17 -10 20 -13 15 -15 16 -10 14 -14 13 -10 15 -15 14 -11 13 -17 19 -15 15 -14 11 -17 16 -11 14 -9 10 -15 10 -15 14 -12 12 -12 13 -10 8 -11 14 -12 11 -13 16 2 -1 -14 13 -11 17 -10 15 -9 12 -12 15 -11 13 -9 14 -7 10 -9 11 -7 12 -8 13 -10 15 -6 15 -4 13 -11 13 -10 14 -9 16 -10 15 -8 18 -4 15 -5 11 -8 17 -5 14 -6 17 -9 19 -9 17 2 2 0 0 0 0 0 0 0 0 ]
CSI_DATA,AP,68:FE:71:12:53:8C,-39,11,1,4,1,1,1,0,0,0,0,-95,0,6,1,59793524,0,84,0,0,59.794,384,[84 -64 4 0 0 0 0 0 0 0 0 0 -13 -22 -7 -18 -12 -19 -12 -18 -10 -23 -5 -22 -7 -17 -5 -18 -5 -22 -8 -19 -7 -21 -2 -24 -3 -19 -3 -23 -5 -20 -7 -19 -2 -21 -4 -20 -5 -16 -2 -18 -5 -15 -2 -19 0 -15 -1 -19 -3 -21 -4 -18 -1 1 -5 -17 -7 -19 -5 -21 -3 -15 -7 -15 -7 -19 -4 -15 -7 -18 -6 -16 -5 -17 -9 -16 -7 -12 -6 -19 -7 -18 -3 -18 -4 -13 -7 -15 -8 -13 -10 -14 -11 -14 -10 -12 -7 -14 -10 -17 -8 -16 -11 -18 -11 -14 -2 -2 0 0 0 0 0 0 0 0 ]
CSI_DATA,AP,68:FE:71:12:53:8C,-36,11,1,5,1,1,1,0,0,0,0,-96,0,6,1,59889381,0,84,0,0,59.889,384,[84 -64 4 0 0 0 0 0 0 0 0 0 -6 -21 -9 -21 -8 -22 -4 -21 -6 -19 -5 -20 -3 -19 -4 -19 0 -17 -4 -17 -3 -22 0 -23 -1 -23 -3 -17 1 -19 -1 -19 0 -22 0 -18 -4 -17 -2 -16 -2 -19 -3 -21 -3 -18 -1 -17 0 -21 -4 -20 3 -3 -3 -15 -6 -19 -1 -19 -2 -17 1 -17 -2 -17 -5 -18 -2 -17 -5 -14 -2 -14 -7 -18 -3 -17 -5 -13 -3 -17 -6 -16 -5 -19 -9 -19 -5 -14 -5 -14 -10 -12 -6 -16 -5 -18 -9 -16 -8 -17 -8 -14 -4 -17 0 3 0 0 0 0 0 0 0 0 ]
CSI_DATA,AP,68:FE:71:12:53:8C,-37,11,1,6,1,1,1,1,0,0,0,-93,4,6,1,59978461,0,84,0,0,59.978,384,[84 -64 4 0 0 0 0 0 0 0 0 0 21 0 19 5 22 7 24 8 24 6 16 8 19 6 18 7 20 10 22 5 20 11 17 9 18 8 15 13 14 12 15 9 15 5 18 10 16 7 19 6 15 7 15 11 17 6 15 9 19 9 14 8 -3 1 16 6 17 8 17 3 13 5 12 6 14 8 16 9 12 7 18 3 18 6 17 5 12 3 14 2 17 1 16 3 17 4 16 1 17 4 15 -1 14 1 19 -1 14 4 17 0 17 -2 16 -2 18 1 3 3 0 0 0 0 0 0 0 0 ]
CSI_DATA,AP,68:FE:71:12:53:8C,-37,11,1,6,1,1,1,0,0,0,0,-96,0,6,1,60059752,0,84,0,0,60.06,384,[84 -64 4 0 0 0 0 0 0 0 0 0 -5 18 -8 20 -7 17 -5 21 -9 16 -11 17 -11 19 -10 20 -7 18 -13 18 -11 15 -11 16 -15 19 -15 14 -12 13 -16 16 -13 16 -14 17 -12 14 -13 11 -10 16 -15 14 -14 14 -11 15 -12 17 -10 18 -2 -1 -10 17 -12 17 -8 15 -12 16 -11 14 -7 14 -9 11 -7 13 -6 18 -5 18 -7 16 -4 16 -5 14 -8 15 -7 17 -8 19 -6 14 -9 17 -7 16 -3 16 -4 19 -8 14 -9 13 -2 17 -5 15 -6 14 -2 1 0 0 0 0 0 0 0 0 ]
CSI_DATA,AP,68:FE:71:12:53:8C,-36,11,1,6,1,1,1,1,0,0,0,-96,4,6,1,60153613,0,84,0,0,60.154,384,[84 -64 4 0 0 0 0 0 0 0 0 0 20 8 16 10 19 13 17 13 14 8 18 12 16 14 15 16 16 15 13 9 14 13 18 10 16 12 17 11 12 14 13 15 14 16 11 11 14 10 13 15 9 14 9 10 7 9 13 10 13 13 14 10 -2 -2 10 12 13 10 14 10 16 13 11 10 11 11 15 13 10 12 14 6 11 10 14 10 11 4 11 5 11 10 15 11 15 10 12 6 15 6 14 3 14 6 12 4 14 7 12 3 14 3 17 8 14 1 1 2 0 0 0 0 0 0 0 0 ]
CSI_DATA,AP,68:FE:71:12:53:8C,-36,11,1,5,1,1,1,0,0,0,0,-93,0,6,1,60241241,0,84,0,0,60.241,384,[84 -64 4 0 0 0 0 0 0 0 0 0 -11 18 -12 17 -11 15 -11 21 -12 18 -14 18 -11 11 -16 16 -14 14 -14 11 -15 16 -10 17 -12 13 -14 17 -15 15 -15 16 -13 11 -10 11 -14 9 -13 13 -11 10 -11 14 -10 11 -11 9 -14 12 -10 9 1 3 -14 9 -11 10 -14 14 -12 12 -7 10 -11 12 -12 14 -11 11 -12 14 -7 9 -8 15 -7 14 -5 17 -8 16 -10 15 -7 13 -10 12 -4 17 -8 16 -6 13 -5 15 -9 13 -8 16 -6 17 -5 14 -4 17 -3 -1 0 0 0 0 0 0 0 0 ]
CSI_DATA,AP,68:FE:71:12:53:8C,-38,11,1,7,1,1,1,0,0,0,0,-94,0,6,1,60332651,0,84,0,0,60.333,384,[84 -64 4 0 0 0 0 0 0 0 0 0 13 -15 13 -14 12 -13 13 -18 10 -12 14 -11 16 -11 11 -11 14 -12 10 -12 14 -14 13 -11 11 -15 12 -11 11 -11 17 -15 16 -11 10 -12 14 -13 14 -12 10 -11 15 -13 15 -10 12 -9 10 -10 15 -10 -1 -2 11 -7 13 -9 9 -9 10 -13 12 -11 14 -10 12 -13 9 -9 8 -11 7 -12 12 -12 6 -9 8 -14 11 -12 5 -10 6 -10 9 -15 11 -11 9 -14 7 -11 7 -14 10 -15 10 -10 8 -12 6 -16 8 -13 2 -1 0 0 0 0 0 0 0 0 ]
CSI_DATA,AP,68:FE:71:12:53:8C,-39,11,1,4,1,1,1,0,0,0,0,-96,0,6,1,60464097,0,84,0,0,60.464,384,[84 -64 4 0 0 0 0 0 0 0 0 0 13 14 16 16 16 18 13 14 12 17 9 16 12 19 12 14 10 14 10 14 8 20 13 16 12 16 11 20 8 18 8 18 9 14 10 18 11 13 6 16 11 18 7 18 5 14 11 15 7 13 7 15 -3 -3 8 14 12 16 10 14 11 16 9 13 13 17 10 13 9 11 10 15 8 9 12 12 12 10 13 14 11 11 12 8 11 11 14 12 10 12 11 11 12 6 16 9 15 12 11 6 12 7 12 6 16 7 3 -3 0 0 0 0 0 0 0 0 ]
CSI_DATA,AP,68:FE:71:12:53:8C,-39,11,1,4,1,1,1,0,0,0,0,-95,0,6,1,60555385,0,84,0,0,60.555,384,[84 -64 4 0 0 0 0 0 0 0 0 0 3 19 -3 13 -2 18 0 20 0 19 -6 17 -6 13 -6 13 -1 17 -4 15 -7 12 -5 18 -7 14 -8 15 -2 14 -5 12 -5 12 -3 12 -2 11 -4 14 -3 15 -6 13 -4 12 -7 15 -4 13 -4 10 2 1 0 12 0 13 0 13 -3 10 -6 10 -2 14 -5 16 0 16 0 13 -2 11 -3 17 2 15 1 14 3 10 -3 14 0 14 -1 16 1 11 -1 14 4 15 1 14 -1 18 3 13 0 13 4 17 2 12 0 -1 0 0 0 0 0 0 0 0 ]
CSI_DATA,AP,68:FE:71:12:53:8C,-35,11,1,6,1,1,1,0,0,0,0,-95,0,6,1,60653874,0,84,0,0,60.654,384,[84 -64 4 0 0 0 0 0 0 0 0 0 2 22 7 19 4 18 5 23 3 21 5 20 4 22 5 20 5 23 3 19 1 22 2 18 -2 24 -1 16 0 21 4 17 -1 16 -1 17 1 14 1 19 4 19 4 18 1 14 4 16 4 15 -2 17 -2 -1 4 19 1 15 1 15 5 16 4 13 -1 15 0 18 2 15 1 13 7 11 2 13 5 17 6 12 8 15 7 14 5 13 6 12 3 11 5 14 3 16 7 14 3 17 7 14 5 14 7 13 5 14 -2 1 0 0 0 0 0 0 0 0 ]
CSI_DATA,AP,68:FE:71:12:53:8C,-35,11,0,0,0,0,0,0,0,0,0,-94,0,6,1,60743331,0,37,0,0,60.743,128,[84 -64 4 0 0 0 0 0 0 0 0 0 -10 -7 -9 -4 -10 -8 -11 -9 -7 -5 -7 -10 -6 -7 -8 -6 -9 -6 -6 -12 -7 -7 -8 -13 -6 -13 -4 -11 -5 -12 -2 -10 -6 -11 -7 -8 -7 -6 -5 -10 -3 -8 -3 -9 -3 -10 -2 -5 -3 -9 -5 -7 1 -1 -9 -4 -8 -4 -5 -10 -9 -5 -4 -8 -8 -7 -5 -9 -3 -6 -6 -8 -3 -5 -8 -9 -9 -5 -8 -3 -3 -5 -6 -5 -8 -4 -6 -5 -4 -3 -6 -3 -8 -8 -6 -5 -9 -8 -10 -3 -10 -2 -10 -5 -11 -5 -1 0 0 0 0 0 0 0 0 0 ]
CSI_DATA,AP,68:FE:71:12:53:8C,-34,11,1,6,1,1,1,0,0,0,0,-95,0,6,1,60860868,0,84,0,0,60.861,384,[84 -64 4 0 0 0 0 0 0 0 0 0 -17 0 -11 -2 -15 -3 -17 0 -15 1 -17 0 -17 -5 -15 -6 -13 -1 -15 -3 -13 -6 -17 -2 -14 -6 -11 -4 -17 -5 -16 -7 -12 -1 -15 -4 -10 -6 -16 -6 -16 -4 -10 -3 -14 -4 -13 -3 -15 -1 -10 -6 -3 3 -11 1 -13 -6 -11 -3 -11 -1 -15 -1 -12 1 -13 -1 -8 -4 -13 -5 -9 -2 -9 3 -8 -3 -10 2 -11 4 -15 1 -13 -2 -13 3 -9 1 -13 2 -10 -1 -9 0 -11 5 -12 5 -11 1 -11 6 -11 5 -1 2 0 0 0 0 0 0 0 0 ]
CSI_DATA,AP,68:FE:71:12:53:8C,-34,11,1,7,1,1,1,0,0,0,0,-93,0,6,1,60954507,0,84,0,0,60.955,384,[84 -64 4 0 0 0 0 0 0 0 0 0 30 7 26 10 28 9 31 15 32 11 27 14 27 14 23 18 23 13 28 16 25 18 25 15 26 20 25 14 22 20 27 20 25 15 21 14 25 19 20 18 21 15 20 15 21 17 25 18 23 19 27 17 -1 0 24 14 21 19 23 14 23 11 21 12 27 12 24 12 23 9 22 9 22 12 23 11 26 9 26 7 24 11 26 7 24 6 29 7 27 7 26 7 23 4 27 10 28 5 27 8 29 5 28 5 24 6 2 -2 0 0 0 0 0 0 0 0 ]
CSI_DATA,AP,68:FE:71:12:53:8C,-35,11,1,7,1,1,1,0,0,0,0,-96,0,6,1,61043071,0,84,0,0,61.043,384,[84 -64 4 0 0 0 0 0 0 0 0 0 -20 12 -14 12 -18 9 -21 15 -17 12 -16 7 -18 9 -16 8 -21 6 -18 6 -18 6 -22 5 -19 5 -22 7 -16 8 -22 4 -20 9 -15 2 -21 7 -19 2 -18 3 -20 2 -16 4 -20 2 -18 6 -16 9 2 2 -18 5 -14 4 -18 5 -12 7 -12 6 -16 5 -17 6 -16 8 -15 10 -15 10 -16 11 -10 7 -14 8 -12 8 -16 6 -13 13 -14 8 -11 11 -14 7 -8 13 -14 11 -13 8 -14 12 -9 14 -8 13 -12 8 -2 2 0 0 0 0 0 0 0 0 ]
CSI_DATA,AP,68:FE:71:12:53:8C,-36,11,1,6,1,1,1,0,0,0,0,-94,0,6,1,61139424,0,84,0,0,61.139,384,[84 -64 4 0 0 0 0 0 0 0 0 0 3 19 -2 18 0 20 0 22 1 19 -2 18 -6 15 -1 15 0 13 -6 13 -5 19 -4 14 0 12 -5 15 -6 13 -6 14 -2 11 -6 9 -2 13 -2 13 -2 14 -1 9 0 10 -5 8 -4 13 1 11 -1 -2 -3 9 -4 12 1 14 1 11 0 12 2 10 2 13 2 9 4 9 3 9 4 8 1 10 2 10 4 8 4 8 1 11 0 14 3 12 2 8 5 8 1 12 2 12 6 8 3 14 3 11 3 13 2 1 0 0 0 0 0 0 0 0 ]
CSI_DATA,AP,68:FE:71:12:53:8C,-36,11,1,7,1,1,1,0,0,0,0,-96,0,6,1,61223596,0,84,0,0,61.224,384,[84 -64 4 0 0 0 0 0 0 0 0 0 -1 -9 -7 -11 -2 -11 -1 -10 -5 -13 0 -12 2 -13 -4 -9 -3 -10 -4 -9 1 -7 -2 -11 1 -7 -4 -7 1 -9 -4 -9 -2 -10 -2 -10 -2 -11 -3 -10 0 -8 -1 -8 2 -8 -4 -8 -1 -6 1 -8 -1 -2 -5 -9 -2 -9 -2 -10 -1 -6 0 -9 -1 -4 -1 -5 -5 -8 0 -8 -2 -5 -6 -4 -4 -7 -3 -5 -3 -3 -4 -6 -3 -4 -7 -6 -3 -8 -8 -5 -4 -7 -3 -5 -8 -7 -8 -8 -7 -4 -6 -6 -3 -8 2 3 0 0 0 0 0 0 0 0 ]
CSI_DATA,AP,68:FE:71:12:53:8C,-38,11,1,6,1,1,1,0,0,0,1,-94,0,6,1,61344237,0,84,0,0,61.344,384,[84 -64 4 0 0 0 0 0 0 0 0 0 10 21 8 18 9 21 5 19 4 22 4 14 5 21 -1 17 5 16 4 20 2 14 1 18 2 19 2 18 -1 14 4 15 -2 14 -2 13 -2 10 -1 10 -2 10 -1 9 2 13 1 12 -2 9 4 9 0 3 4 7 4 12 2 11 8 6 3 6 4 8 3 5 7 6 3 9 3 4 9 5 3 4 7 4 10 8 8 4 5 4 7 2 6 6 7 2 5 6 6 1 5 5 10 2 8 3 11 0 8 1 -1 2 0 0 0 0 0 0 0 0 ]
CSI_DATA,AP,68:FE:71:12:53:8C,-37,11,1,6,1,1,1,0,0,0,0,-96,0,6,1,61427124,0,84,0,0,61.427,384,[84 -64 4 0 0 0 0 0 0 0 0 0 -36 -11 -32 -17 -35 -16 -31 -14 -34 -18 -25 -19 -26 -20 -28 -16 -25 -16 -25 -18 -28 -17 -26 -20 -24 -16 -22 -16 -17 -15 -22 -17 -20 -13 -19 -12 -18 -12 -20 -15 -18 -12 -19 -16 -16 -13 -13 -10 -16 -8 -17 -7 3 -3 -17 -6 -18 -8 -18 -9 -19 -4 -15 -9 -12 -5 -16 -8 -18 -2 -13 -3 -11 1 -17 -1 -13 1 -15 0 -11 4 -13 -1 -18 -3 -13 4 -16 1 -11 2 -14 4 -16 5 -12 1 -12 6 -10 8 -13 3 -13 4 0 -3 0 0 0 0 0 0 0 0 ]
CSI_DATA,AP,68:FE:71:12:53:8C,-39,11,1,4,1,1,1,0,0,0,0,-95,0,6,1,61536385,0,84,0,0,61.536,384,[84 -64 4 0 0 0 0 0 0 0 0 0 -7 -10 -8 -8 -9 -9 -6 -8 -9 -9 -2 -11 -10 -13 -3 -11 -5 -11 -7 -13 -7 -11 -7 -14 -3 -8 -2 -13 -2 -9 -6 -14 -2 -9 -7 -7 -7 -6 -7 -10 -4 -9 -1 -12 -4 -9 -7 -7 -3 -7 -6 -9 -3 1 -4 -11 -4 -11 -6 -7 -2 -7 -8 -7 -8 -11 -4 -7 -6 -8 -9 -7 -9 -7 -7 -6 -5 -5 -8 -10 -8 -3 -9 -9 -4 -10 -6 -7 -6 -6 -4 -9 -6 -4 -8 -4 -9 -5 -4 -8 -6 -3 -8 -6 -7 -3 3 -3 0 0 0 0 0 0 0 0 ]
CSI_DATA,AP,68:FE:71:12:53:8C,-35,11,1,5,1,1,1,0,0,0,0,-96,0,6,1,61653088,0,84,0,0,61.653,384,[84 -64 4 0 0 0 0 0 0 0 0 0 -15 5 -16 6 -12 7 -18 6 -14 1 -16 2 -13 5 -14 5 -16 -1 -17 0 -12 1 -18 1 -18 1 -11 3 -11 -2 -13 2 -12 0 -13 -1 -12 -1 -14 5 -13 4 -13 0 -14 -1 -12 2 -15 5 -12 1 0 -2 -11 3 -13 5 -14 1 -11 7 -12 7 -11 4 -13 8 -9 6 -14 8 -16 3 -12 4 -15 9 -12 6 -11 6 -12 8 -14 5 -13 8 -9 8 -12 4 -11 9 -12 9 -15 8 -13 4 -15 9 -12 6 -12 10 -3 3 0 0 0 0 0 0 0 0 ]
CSI_DATA,AP,68:FE:71:12:53:8C,-38,11,1,6,1,1,1,0,0,0,0,-94,0,6,1,61734159,0,84,0,0,61.734,384,[84 -64 4 0 0 0 0 0 0 0 0 0 20 -2 20 0 17 -1 21 7 21 0 19 7 17 7 18 3 21 7 21 9 24 6 18 3 23 7 22 9 16 10 20 7 17 8 17 9 16 9 18 10 16 9 20 10 16 7 17 5 21 5 21 4 -3 2 22 7 21 2 20 5 17 2 17 5 18 8 18 6 16 5 19 7 22 3 24 5 19 1 20 2 21 1 17 5 20 2 24 5 21 -2 23 4 17 3 22 5 23 5 22 2 21 -1 19 1 22 3 -3 -1 0 0 0 0 0 0 0 0 ]
CSI_DATA,AP,68:FE:71:12:53:8C,-35,11,1,6,1,1,1,1,0,0,0,-95,4,6,1,61847996,0,84,0,0,61.848,384,[84 -64 4 0 0 0 0 0 0 0 0 0 11 4 6 7 11 5 5 6 10 8 7 7 7 3 5 9 6 4 6 4 6 4 7 8 3 9 7 7 7 6 7 5 7 7 7 9 2 6 7 7 6 8 5 6 4 6 4 5 2 4 3 5 -2 2 8 7 6 6 3 8 5 6 4 6 2 6 3 5 7 9 8 5 7 7 4 6 6 4 4 2 9 8 5 2 5 4 10 4 6 4 5 6 10 2 5 7 3 7 7 6 9 1 10 3 6 5 -2 3 0 0 0 0 0 0 0 0 ]
CSI_DATA,AP,68:FE:71:12:53:8C,-39,11,1,4,1,1,1,0,0,0,0,-94,0,6,1,61952015,0,84,0,0,61.952,384,[84 -64 4 0 0 0 0 0 0 0 0 0 11 -16 13 -17 9 -16 15 -13 12 -13 13 -14 17 -13 16 -10 12 -13 13 -14 17 -15 14 -10 18 -10 18 -11 19 -12 15 -11 20 -12 19 -10 15 -9 20 -9 15 -10 17 -9 13 -9 18 -8 20 -13 18 -13 2 -1 15 -13 19 -9 13 -11 14 -10 13 -7 15 -9 15 -10 16 -12 14 -10 13 -16 16 -10 13 -15 16 -14 16 -14 12 -17 16 -14 16 -12 11 -16 14 -18 14 -12 13 -14 13 -15 15 -17 13 -15 12 -16 15 -16 1 1 0 0 0 0 0 0 0 0 ]
CSI_DATA,AP,68:FE:71:12:53:8C,-39,11,1,5,1,1,1,0,0,0,0,-95,0,6,1,62030693,0,84,0,0,62.031,384,[84 -64 4 0 0 0 0 0 0 0 0 0 4 16 5 11 4 12 5 15 9 18 7 18 3 18 9 15 9 14 4 18 8 17 9 20 5 15 3 16 1 14 4 22 5 16 2 20 2 20 2 17 2 20 5 21 -1 18 4 15 3 16 2 17 2 0 6 19 4 22 3 18 5 13 4 20 0 17 5 17 1 17 5 19 7 12 5 19 5 17 7 17 4 15 7 16 8 20 6 16 5 16 8 14 11 12 8 17 4 18 11 14 8 19 10 16 7 18 2 0 0 0 0 0 0 0 0 0 ]
CSI_DATA,AP,68:FE:71:12:53:8C,-36,11,1,6,1,1,1,0,0,0,0,-95,0,6,1,62134757,0,84,0,0,62.135,384,[84 -64 4 0 0 0 0 0 0 0 0 0 12 5 10 2 8 6 9 5 8 3 7 9 10 7 11 8 10 5 8 8 7 8 10 10 9 5 8 11 9 8 9 7 9 8 9 3 8 8 9 3 6 8 5 4 5 8 8 4 9 4 4 3 0 -2 7 9 9 6 9 7 7 7 6 8 11 4 10 7 8 8 5 2 11 2 6 6 5 5 5 7 7 2 10 5 10 3 8 6 8 4 10 1 5 2 7 4 6 3 7 4 7 0 9 4 8 2 -1 2 0 0 0 0 0 0 0 0 ]
CSI_DATA,AP,68:FE:71:12:53:8C,-34,11,1,6,1,1,1,0,0,0,0,-96,0,6,1,62239632,0,82,0,0,62.24,384,[84 -64 4 0 0 0 0 0 0 0 0 0 6 21 8 20 8 19 9 18 10 19 2 20 8 20 1 19 6 19 5 19 1 23 0 23 2 23 5 17 3 15 5 19 -1 14 1 16 2 18 3 20 -2 18 1 16 -1 14 0 19 4 14 3 13 -1 1 2 16 7 15 5 17 6 13 6 16 1 12 4 16 2 12 4 17 6 15 9 18 6 12 7 14 4 14 7 12 6 17 4 14 8 15 8 17 6 10 11 13 9 15 5 15 13 10 5 9 11 11 2 -2 0 0 0 0 0 0 0 0 ]
CSI_DATA,AP,68:FE:71:12:53:8C,-37,11,1,7,1,1,1,0,0,0,0,-94,0,6,1,62334287,0,84,0,0,62.334,384,[84 -64 4 0 0 0 0 0 0 0 0 0 -5 18 -6 15 -6 19 -12 16 -12 19 -11 14 -7 17 -8 16 -14 18 -12 12 -14 12 -11 18 -10 18 -14 12 -14 12 -10 16 -9 17 -8 10 -11 15 -12 16 -9 11 -10 10 -10 14 -12 12 -9 11 -8 15 -2 0 -11 9 -8 15 -6 13 -6 13 -7 16 -11 10 -10 14 -7 12 -8 11 -9 16 -6 10 -5 16 -9 12 -7 12 -5 16 -4 13 -5 17 -7 14 -2 12 -6 11 -5 16 -2 18 -4 12 -6 17 -5 16 -4 14 -3 0 0 0 0 0 0 0 0 0 ]
CSI_DATA,AP,68:FE:71:12:53:8C,-38,11,1,7,1,1,1,0,0,0,0,-95,0,6,1,62429565,0,84,0,0,62.43,384,[84 -64 4 0 0 0 0 0 0 0 0 0 -2 -18 3 -15 1 -18 2 -16 3 -18 3 -15 3 -17 3 -16 7 -19 6 -19 6 -19 6 -19 3 -18 8 -15 7 -18 3 -18 5 -18 6 -13 6 -12 2 -17 8 -14 6 -16 5 -13 5 -18 4 -14 5 -15 3 -3 7 -15 4 -16 2 -15 1 -12 2 -12 4 -16 1 -11 4 -17 -1 -18 4 -18 1 -16 0 -17 2 -14 -3 -17 -2 -12 -3 -12 -2 -19 -4 -17 1 -13 -4 -15 -3 -18 -4 -12 -1 -13 -6 -16 1 -13 1 -13 -2 0 0 0 0 0 0 0 0 0 ]
CSI_DATA,AP,68:FE:71:12:53:8C,-39,11,1,4,1,1,1,1,0,0,1,-94,2,6,1,62516297,0,84,0,0,62.516,384,[84 -64 4 0 0 0 0 0 0 0 0 0 -22 0 -22 2 -22 0 -19 -3 -21 0 -18 -4 -19 -2 -18 -3 -19 -3 -18 -6 -19 -1 -15 -2 -17 -6 -16 -7 -17 -3 -17 -4 -18 -6 -14 -3 -13 -4 -13 -6 -17 -6 -18 -8 -19 -4 -15 -7 -14 -1 -16 -3 -1 1 -15 -6 -18 -4 -17 -2 -13 -6 -16 -4 -13 0 -15 -2 -17 -3 -13 -4 -18 -3 -15 1 -12 2 -14 2 -15 -4 -12 -2 -16 -3 -15 0 -13 0 -14 -1 -18 -2 -16 2 -13 0 -13 4 -13 2 -15 0 -17 2 1 2 0 0 0 0 0 0 0 0 ]
CSI_DATA,AP,68:FE:71:12:53:8C,-37,11,1,5,1,1,1,0,0,0,0,-95,0,6,1,62628101,0,84,0,0,62.628,384,[84 -64 4 0 0 0 0 0 0 0 0 0 -21 6 -22 6 -21 3 -21 7 -21 4 -17 1 -19 3 -18 2 -20 2 -22 1 -20 0 -21 0 -20 3 -21 -1 -15 0 -15 -2 -19 4 -14 3 -19 3 -16 -1 -16 0 -17 3 -19 0 -17 -1 -16 3 -17 -2 0 -1 -14 0 -17 4 -12 2 -17 5 -12 0 -15 -1 -14 5 -14 4 -14 0 -14 4 -18 4 -16 2 -17 4 -14 4 -15 3 -17 5 -14 5 -11 5 -17 8 -15 3 -16 6 -17 7 -15 9 -13 9 -16 9 -17 5 1 -3 0 0 0 0 0 0 0 0 ]
CSI_DATA,AP,68:FE:71:12:53:8C,-37,11,1,5,1,1,1,0,0,0,0,-95,0,6,1,62695355,0,84,0,0,62.695,384,[84 -64 4 0 0 0 0 0 0 0 0 0 -7 -18 -6 -18 -9 -18 -11 -17 -4 -23 -9 -16 -7 -22 -6 -22 -5 -21 -7 -17 -4 -19 -5 -19 -5 -19 -2 -21 -2 -16 -6 -19 -6 -17 -5 -16 -5 -18 -5 -17 -6 -17 -3 -21 -5 -18 -3 -17 -5 -16 -5 -14 1 2 -6 -15 -8 -17 -7 -17 -3 -13 -4 -13 -8 -13 -8 -13 -7 -16 -7 -12 -8 -13 -9 -14 -10 -15 -4 -14 -6 -12 -6 -14 -11 -17 -6 -16 -10 -17 -10 -17 -11 -14 -8 -12 -8 -15 -10 -15 -13 -13 -12 -17 -12 -14 3 -3 0 0 0 0 0 0 0 0 ]
CSI_DATA,AP,68:FE:71:12:53:8C,-36,11,1,5,1,1,1,0,0,0,0,-94,0,6,1,62791138,0,84,0,0,62.791,384,[84 -64 4 0 0 0 0 0 0 0 0 0 37 -6 36 -2 35 0 37 -2 36 2 33 -2 40 0 37 1 35 6 38 4 34 5 35 5 37 9 39 10 37 8 38 9 34 9 35 6 33 11 30 7 32 10 32 7 28 4 31 8 32 11 33 6 2 0 33 9 29 3 31 3 28 9 31 6 28 2 35 5 31 5 28 6 27 3 34 1 27 1 34 -2 34 0 27 2 28 -1 35 2 29 -4 31 -1 28 -1 32 -3 28 -2 33 -6 30 -5 33 -3 33 -2 -3 -2 0 0 0 0 0 0 0 0 ]
CSI_DATA,AP,68:FE:71:12:53:8C,-35,11,1,6,1,1,1,0,0,0,0,-94,0,6,1,62878312,0,84,0,0,62.878,384,[84 -64 4 0 0 0 0 0 0 0 0 0 -7 16 -8 12 -7 15 -8 13 -8 17 -11 15 -8 12 -14 14 -13 10 -11 15 -9 12 -12 15 -9 10 -14 11 -15 10 -10 13 -10 8 -10 9 -15 10 -9 10 -13 10 -10 7 -14 6 -10 11 -10 7 -11 8 0 -2 -13 13 -10 7 -9 8 -8 14 -12 9 -12 9 -11 8 -7 13 -11 14 -9 11 -9 11 -6 12 -9 11 -9 12 -6 10 -9 14 -6 12 -9 12 -5 12 -7 12 -9 13 -8 13 -3 11 -4 14 -7 13 -7 14 2 0 0 0 0 0 0 0 0 0 ]
CSI_DATA,AP,68:FE:71:12:53:8C,-37,11,1,6,1,1,1,0,0,0,0,-96,0,6,1,62982364,0,84,0,0,62.982,384,[84 -64 4 0 0 0 0 0 0 0 0 0 -9 18 -7 13 -11 19 -13 19 -10 17 -13 17 -14 14 -10 12 -15 13 -12 11 -16 15 -15 14 -14 14 -13 10 -13 10 -11 14 -16 9 -15 13 -17 9 -16 9 -13 12 -15 10 -15 13 -14 11 -14 10 -14 13 -1 0 -14 12 -9 12 -14 9 -8 12 -12 9 -9 15 -13 9 -7 9 -7 14 -7 11 -10 10 -9 11 -8 14 -6 11 -8 10 -9 13 -8 10 -10 10 -10 14 -6 15 -5 12 -8 17 -5 16 -4 15 -9 15 -8 14 1 -1 0 0 0 0 0 0 0 0 ]
CSI_DATA,AP,68:FE:71:12:53:8C,-39,11,1,4,1,1,1,0,0,0,0,-96,0,6,1,63073257,0,84,0,0,63.073,384,[84 -64 4 0 0 0 0 0 0 0 0 0 3 -24 -1 -17 1 -22 6 -22 3 -19 6 -21 4 -17 7 -18 8 -22 8 -21 6 -18 7 -23 9 -19 7 -18 9 -18 9 -20 4 -20 8 -18 5 -15 10 -17 10 -16 8 -20 5 -18 7 -14 8 -16 5 -15 -1 -1 4 -17 8 -15 9 -14 8 -16 8 -18 5 -18 3 -16 3 -18 4 -19 4 -18 1 -20 2 -14 2 -14 2 -14 5 -16 -1 -14 -1 -16 -1 -20 5 -16 1 -18 1 -14 0 -15 0 -19 -2 -16 2 -20 0 -15 -2 3 0 0 0 0 0 0 0 0 ]
CSI_DATA,AP,68:FE:71:12:53:8C,-33,11,1,7,1,1,1,0,0,0,1,-94,0,6,1,63174623,0,84,0,0,63.175,384,[84 -64 4 0 0 0 0 0 0 0 0 0 -4 -19 1 -17 -2 -21 2 -21 -1 -23 4 -17 6 -19 0 -22 5 -21 4 -20 3 -20 3 -18 1 -20 3 -18 7 -16 5 -21 6 -18 4 -18 5 -14 2 -18 3 -16 5 -19 5 -19 3 -15 3 -17 5 -15 -3 -2 4 -17 3 -17 5 -17 0 -14 -1 -17 0 -12 3 -13 2 -15 4 -14 0 -12 0 -17 2 -12 -2 -14 3 -18 -2 -15 1 -18 0 -18 -5 -16 -5 -16 -2 -16 -5 -16 0 -14 -4 -19 -4 -18 -2 -18 -2 -18 -3 0 0 0 0 0 0 0 0 0 ]
CSI_DATA,AP,68:FE:71:12:53:8C,-38,11,1,6,1,1,1,0,0,0,0,-95,0,6,1,63309152,0,84,0,0,63.309,384,[84 -64 4 0 0 0 0 0 0 0 0 0 4 20 -2 20 0 22 -3 19 2 22 -2 22 -1 18 -4 20 -3 22 -6 21 -1 16 -3 18 -5 21 -5 21 -1 17 -6 20 -7 14 -4 14 -6 20 -5 14 -7 15 -5 15 -7 18 -5 15 -5 19 -1 15 -1 3 0 14 -2 15 -2 15 0 13 -2 18 1 18 1 18 -5 15 -3 13 1 14 -4 13 2 15 -2 14 0 14 -1 18 -2 17 2 18 0 17 -1 12 0 12 -2 16 2 16 1 14 4 14 5 15 5 18 1 -2 0 0 0 0 0 0 0 0 ]
CSI_DATA,AP,68:FE:71:12:53:8C,-35,11,1,7,1,1,1,0,0,0,0,-94,0,6,1,63426135,0,84,0,0,63.426,384,[84 -64 4 0 0 0 0 0 0 0 0 0 17 10 19 13 15 9 17 11 19 11 14 14 18 10 14 14 13 10 13 12 14 12 12 12 11 14 12 11 16 12 11 15 15 13 13 14 14 15 14 11 12 12 9 12 8 15 10 10 14 10 9 13 0 -2 12 8 10 11 14 11 13 8 15 12 13 10 9 13 14 8 9 12 13 9 14 12 13 6 16 10 15 4 14 8 12 5 11 4 18 10 13 7 11 3 15 10 12 7 12 9 18 6 17 3 12 8 -1 -2 0 0 0 0 0 0 0 0 ]
CSI_DATA,AP,68:FE:71:12:53:8C,-38,11,1,7,1,1,1,0,0,0,0,-95,0,6,1,63521773,0,84,0,0,63.522,384,[84 -64 4 0 0 0 0 0 0 0 0 0 2 -8 5 -8 7 -9 5 -8 7 -5 10 -5 9 -9 5 -9 9 -7 9 -5 7 -3 6 -6 11 -8 4 -4 11 -7 8 -8 7 -6 10 -7 6 -5 10 -6 4 -3 7 -3 9 -2 7 -3 6 -1 7 -8 0 -3 3 -6 7 -8 8 -2 6 -5 5 -5 4 -5 8 -6 5 -7 2 -2 3 -3 2 -7 8 -8 7 -5 8 -7 2 -7 7 -7 2 -6 8 -4 2 -3 4 -3 7 -9 7 -4 7 -5 2 -6 1 -5 6 -4 -2 -2 0 0 0 0 0 0 0 0 ]
CSI_DATA,AP,68:FE:71:12:53:8C,-39,11,1,6,1,1,1,0,0,0,0,-94,0,6,1,63585981,0,84,0,0,63.586,384,[84 -64 4 0 0 0 0 0 0 0 0 0 -37 -9 -41 -13 -40 -11 -42 -18 -37 -18 -36 -16 -35 -13 -41 -13 -38 -20 -38 -18 -36 -20 -37 -20 -37 -22 -32 -19 -36 -21 -34 -19 -34 -21 -32 -22 -32 -21 -30 -18 -30 -19 -29 -23 -26 -18 -34 -22 -35 -19 -30 -19 -3 1 -29 -19 -33 -19 -32 -21 -35 -17 -33 -18 -30 -18 -30 -14 -35 -16 -28 -15 -32 -11 -33 -12 -31 -12 -32 -13 -35 -11 -31 -11 -37 -14 -32 -7 -33 -5 -31 -6 -33 -7 -35 -6 -31 -9 -34 -7 -37 -6 -34 -8 -36 -7 3 1 0 0 0 0 0 0 0 0 ]
CSI_DATA,AP,68:FE:71:12:53:8C,-41,11,1,5,1,1,1,0,0,0,0,-95,0,6,1,63667855,0,84,0,0,63.668,384,[84 -64 4 0 0 0 0 0 0 0 0 0 -19 4 -17 6 -22 4 -22 1 -21 0 -21 -2 -20 -1 -18 3 -20 3 -17 2 -20 -4 -17 -2 -22 -3 -19 0 -20 -3 -20 -4 -16 2 -21 -3 -19 -3 -19 -3 -17 -1 -20 -5 -17 -4 -17 -3 -14 2 -19 -1 -2 3 -17 -1 -18 0 -14 -3 -17 1 -19 3 -18 -1 -16 1 -19 -1 -18 4 -17 3 -15 6 -17 0 -15 3 -13 7 -18 3 -17 7 -12 7 -18 6 -15 4 -14 5 -18 7 -13 6 -14 9 -14 10 -12 7 -17 4 0 -2 0 0 0 0 0 0 0 0 ]
CSI_DATA,AP,68:FE:71:12:53:8C,-37,11,1,6,1,1,1,0,0,0,0,-96,0,6,1,63768946,0,84,0,0,63.769,384,[84 -64 4 0 0 0 0 0 0 0 0 0 10 13 3 14 5 17 7 18 9 14 8 15 5 17 3 15 3 14 6 15 1 14 -2 16 -2 19 4 17 5 19 -2 17 -1 13 1 16 -1 19 3 14 3 18 -2 18 4 12 2 14 -2 13 5 14 3 0 2 11 0 12 2 17 5 11 2 11 5 15 3 11 6 12 4 15 4 9 2 15 2 13 7 14 4 14 7 13 6 10 6 16 7 14 3 14 3 11 3 10 6 11 5 15 6 14 3 13 8 12 -3 -2 0 0 0 0 0 0 0 0 ]
CSI_DATA,AP,68:FE:71:12:53:8C,-40,11,1,5,1,1,1,0,0,0,0,-95,0,6,1,63860435,0,84,0,0,63.86,384,[84 -64 4 0 0 0 0 0 0 0 0 0 7 -18 8 -18 6 -19 13 -17 7 -15 11 -19 14 -14 11 -18 15 -14 12 -14 11 -12 10 -15 14 -16 9 -16 14 -13 13 -16 10 -14 13 -10 12 -10 12 -10 10 -13 15 -12 11 -14 12 -14 9 -15 11 -10 2 2 13 -12 8 -13 12 -15 12 -10 9 -11 12 -15 8 -14 5 -15 5 -13 5 -14 4 -13 10 -13 8 -13 9 -14 4 -14 5 -16 9 -12 6 -18 5 -13 2 -12 8 -13 7 -12 5 -19 8 -14 8 -18 4 -13 1 2 0 0 0 0 0 0 0 0 ]
CSI_DATA,AP,68:FE:71:12:53:8C,-34,11,1,6,1,1,1,0,0,0,0,-94,0,6,1,63967604,0,84,0,0,63.968,384,[84 -64 4 0 0 0 0 0 0 0 0 0 14 -9 14 -10 18 -8 19 -6 22 -10 17 -4 18 -7 17 -9 16 -4 20 -7 18 -6 22 -3 17 -7 19 -8 19 -6 15 -1 14 -5 19 -2 15 -6 19 -1 17 -3 15 -3 17 -1 17 -6 15 -6 17 -6 0 -1 13 -6 17 -2 17 -4 13 -3 15 -3 14 -5 16 -5 12 -5 15 -8 16 -9 12 -9 12 -4 11 -9 16 -10 11 -6 13 -5 14 -5 13 -9 16 -7 12 -11 14 -9 14 -6 14 -9 10 -13 15 -10 16 -9 2 -3 0 0 0 0 0 0 0 0 ]
CSI_DATA,AP,68:FE:71:12:53:8C,-38,11,1,6,1,1,1,0,0,0,0,-94,0,6,1,64073850,0,84,0,0,64.074,384,[84 -64 4 0 0 0 0 0 0 0 0 0 -16 -13 -12 -17 -15 -14 -13 -19 -14 -18 -15 -16 -10 -14 -12 -19 -9 -20 -7 -15 -7 -16 -6 -19 -10 -16 -12 -14 -8 -19 -7 -17 -6 -16 -10 -15 -6 -17 -9 -18 -5 -14 -4 -19 -6 -18 -8 -16 -6 -18 -11 -17 -1 -3 -8 -15 -6 -17 -6 -16 -7 -15 -12 -12 -9 -18 -12 -11 -13 -14 -9 -11 -12 -13 -10 -12 -13 -15 -12 -16 -8 -13 -10 -15 -13 -15 -13 -14 -11 -13 -11 -14 -10 -12 -11 -14 -13 -12 -12 -10 -12 -14 -12 -10 -14 -12 1 3 0 0 0 0 0 0 0 0 ]
CSI_DATA,AP,68:FE:71:12:53:8C,-35,11,0,0,0,0,0,1,0,0,0,-94,6,6,1,64195790,0,37,0,0,64.196,128,[84 -64 4 0 0 0 0 0 0 0 0 0 38 14 36 16 37 15 34 21 40 20 34 19 32 21 30 20 33 24 31 26 31 29 28 27 28 24 31 24 30 28 28 28 27 27 26 27 25 26 29 22 26 22 29 27 22 23 26 26 29 23 27 24 -3 -1 24 24 28 25 24 18 26 21 25 23 28 23 27 22 25 17 25 22 30 19 27 17 30 20 27 18 27 13 29 13 29 17 31 14 34 10 28 14 27 9 30 11 32 10 35 16 34 13 32 11 31 8 -3 0 0 0 0 0 0 0 0 0 ]
CSI_DATA,AP,68:FE:71:12:53:8C,-36,11,1,6,1,1,1,0,0,0,0,-96,0,6,1,64302651,0,84,0,0,64.303,384,[84 -64 4 0 0 0 0 0 0 0 0 0 -38 7 -37 8 -40 7 -39 2 -42 1 -39 -3 -40 4 -36 -3 -39 2 -35 -1 -35 -7 -36 -1 -40 -6 -35 -2 -40 -2 -36 -6 -37 -6 -37 -6 -35 -3 -32 -3 -30 -7 -31 -3 -29 -4 -33 -5 -32 -6 -33 -6 -3 -1 -32 -5 -33 -2 -29 -4 -30 0 -34 1 -33 -4 -34 -3 -30 1 -30 3 -28 7 -30 5 -33 2 -30 4 -30 5 -29 3 -29 8 -31 2 -30 4 -29 7 -29 9 -28 9 -31 5 -27 9 -32 11 -31 10 -32 12 -1 -3 0 0 0 0 0 0 0 0 ]
CSI_DATA,AP,68:FE:71:12:53:8C,-38,11,1,7,1,1,1,0,0,0,0,-93,0,6,1,64404084,0,84,0,0,64.404,384,[84 -64 4 0 0 0 0 0 0 0 0 0 6 -22 2 -20 6 -24 3 -21 2 -17 4 -19 4 -17 8 -19 6 -19 9 -18 8 -22 7 -22 10 -22 12 -17 10 -19 11 -21 9 -19 10 -16 12 -17 6 -19 8 -17 11 -17 10 -17 7 -19 11 -16 5 -18 -1 1 4 -17 7 -15 9 -19 7 -17 6 -18 4 -14 6 -18 3 -14 6 -16 2 -14 6 -17 3 -13 3 -14 4 -18 7 -17 2 -16 7 -14 1 -18 2 -15 -1 -18 4 -20 2 -20 3 -19 -1 -18 0 -19 -1 -15 -2 2 0 0 0 0 0 0 0 0 ]
CSI_DATA,AP,68:FE:71:12:53:8C,-41,11,1,4,1,1,1,0,0,0,0,-94,0,6,1,64511573,0,84,0,0,64.512,384,[84 -64 4 0 0 0 0 0 0 0 0 0 -21 -8 -22 -9 -20 -10 -19 -12 -20 -9 -22 -8 -19 -11 -14 -10 -22 -11 -15 -11 -17 -13 -19 -13 -19 -15 -21 -14 -16 -10 -18 -11 -19 -9 -14 -11 -17 -11 -13 -14 -13 -11 -13 -10 -16 -7 -12 -12 -12 -8 -12 -9 0 3 -12 -12 -19 -8 -14 -12 -18 -9 -17 -11 -18 -8 -13 -11 -18 -10 -15 -5 -13 -9 -20 -8 -14 -5 -16 -9 -19 -2 -18 -4 -17 -6 -21 -4 -14 -4 -15 -2 -16 -6 -15 -4 -15 -4 -18 -6 -20 -1 -14 -7 -19 -2 -2 -2 0 0 0 0 0 0 0 0 ]
CSI_DATA,AP,68:FE:71:12:53:8C,-34,11,1,6,1,1,1,1,0,0,0,-94,5,6,1,64575740,0,84,0,0,64.576,384,[84 -64 4 0 0 0 0 0 0 0 0 0 -9 -19 -10 -19 -8 -23 -8 -18 -10 -19 -10 -20 -10 -22 -7 -22 -9 -22 -7 -18 -7 -21 -8 -21 -3 -24 -6 -19 -3 -18 -2 -18 -6 -17 -1 -19 0 -17 -6 -20 -2 -16 0 -18 0 -14 -3 -22 -6 -22 -2 -15 -3 0 -3 -20 -3 -17 -4 -17 -4 -18 -4 -20 -3 -15 -2 -16 -5 -15 -8 -17 -4 -16 -10 -19 -3 -16 -8 -19 -9 -15 -4 -17 -5 -13 -10 -17 -5 -15 -12 -12 -9 -11 -8 -13 -10 -17 -6 -17 -12 -13 -6 -15 -11 -11 -2 2 0 0 0 0 0 0 0 0 ]
CSI_DATA,AP,68:FE:71:12:53:8C,-33,11,0,0,0,0,0,1,0,0,0,-96,6,6,1,64661878,0,37,0,0,64.662,128,[84 -64 4 0 0 0 0 0 0 0 0 0 1 25 -2 24 -1 24 -2 22 -5 24 -1 25 -2 20 -8 20 -5 18 -9 21 -6 21 -7 22 -3 22 -8 20 -8 17 -5 18 -9 21 -5 17 -8 21 -6 15 -9 14 -6 16 -3 14 -3 19 -8 21 -5 20 0 2 -9 18 -3 17 -8 22 -1 15 -4 15 -7 20 -5 16 -3 16 -3 17 -4 13 -2 16 2 18 -2 17 2 15 -4 19 -4 19 -1 21 3 18 -2 15 4 16 1 14 -3 14 3 14 3 16 0 13 5 16 -1 0 0 0 0 0 0 0 0 0 ]
CSI_DATA,AP,68:FE:71:12:53:8C,-37,11,1,7,1,1,1,1,0,0,0,-95,3,6,1,64762169,0,84,0,0,64.762,384,[84 -64 4 0 0 0 0 0 0 0 0 0 18 16 13 16 19 11 18 17 18 14 13 12 18 17 12 18 12 18 11 19 9 20 13 17 9 19 11 20 11 16 14 17 14 13 10 17 13 15 11 18 13 15 11 17 6 13 11 16 10 13 9 18 -1 3 11 16 12 12 14 15 12 10 12 10 15 9 15 14 13 9 14 9 12 8 11 9 8 8 12 8 11 10 16 13 12 10 14 10 13 9 14 5 16 4 15 11 13 8 15 5 17 9 18 10 15 7 -2 0 0 0 0 0 0 0 0 0 ]
CSI_DATA,AP,68:FE:71:12:53:8C,-36,11,1,5,1,1,1,0,0,0,0,-93,0,6,1,64877654,0,84,0,0,64.878,384,[84 -64 4 0 0 0 0 0 0 0 0 0 4 -23 3 -18 9 -23 9 -20 8 -19 7 -18 9 -16 8 -20 14 -18 11 -18 14 -19 11 -22 15 -16 10 -16 10 -17 9 -16 11 -13 10 -16 11 -13 12 -13 11 -12 10 -13 13 -11 8 -14 8 -15 9 -17 0 1 10 -13 12 -16 8 -13 5 -17 7 -14 9 -12 9 -18 10 -12 4 -12 8 -18 4 -19 7 -13 9 -18 9 -19 7 -15 4 -16 9 -15 8 -19 3 -20 5 -16 4 -18 7 -16 1 -19 1 -16 2 -15 6 -20 -1 -3 0 0 0 0 0 0 0 0 ]
CSI_DATA,AP,68:FE:71:12:53:8C,-34,11,1,6,1,1,1,1,0,0,0,-94,1,6,1,64962511,0,84,0,0,64.963,384,[84 -64 4 0 0 0 0 0 0 0 0 0 10 16 15 19 14 17 10 16 10 21 9 15 9 19 8 15 12 16 8 15 8 17 8 19 6 21 9 21 9 17 5 19 9 15 9 19 7 19 4 19 8 18 10 16 7 13 8 15 7 18 10 15 3 1 4 12 9 16 6 17 6 16 11 12 8 17 10 12 9 11 10 16 11 13 9 16 9 15 8 13 8 10 10 13 9 9 16 12 15 8 14 14 13 11 15 12 11 9 11 12 14 8 11 11 13 10 0 -3 0 0 0 0 0 0 0 0 ]
CSI_DATA,AP,68:FE:71:12:53:8C,-39,11,1,5,1,1,1,0,0,0,0,-94,0,6,1,65052007,0,84,0,0,65.052,384,[84 -64 4 0 0 0 0 0 0 0 0 0 14 -19 12 -19 12 -14 16 -19 12 -16 13 -16 15 -16 14 -15 16 -14 15 -11 16 -14 15 -17 13 -16 13 -12 18 -15 20 -9 18 -14 15 -10 14 -9 13 -14 14 -13 13 -10 12 -12 14 -9 12 -12 10 -9 2 1 12 -12 14 -14 13 -11 13 -9 9 -13 13 -16 15 -10 14 -15 14 -15 9 -13 12 -17 10 -11 11 -17 9 -13 7 -16 12 -16 10 -16 10 -16 10 -12 7 -16 11 -14 9 -14 6 -19 8 -19 7 -15 5 -18 -3 1 0 0 0 0 0 0 0 0 ]
CSI_DATA,AP,68:FE:71:12:53:8C,-37,11,1,6,1,1,1,0,0,0,0,-93,0,6,1,65144489,0,84,0,0,65.144,384,[84 -64 4 0 0 0 0 0 0 0 0 0 23 5 16 10 19 8 19 12 21 9 18 12 19 10 15 12 20 11 16 9 20 15 19 13 15 13 15 11 14 11 16 16 12 16 16 15 15 14 12 13 12 13 13 13 14 9 13 13 16 12 17 8 3 0 14 9 12 13 14 11 17 11 17 10 18 9 16 9 12 9 13 7 16 3 15 5 15 4 17 4 17 9 15 3 18 8 15 8 19 2 18 2 13 1 19 2 19 6 18 6 15 6 16 5 15 6 -2 1 0 0 0 0 0 0 0 0 ]
CSI_DATA,AP,68:FE:71:12:53:8C,-35,11,1,5,1,1,1,0,0,0,0,-95,0,6,1,65241138,0,84,0,0,65.241,384,[84 -64 4 0 0 0 0 0 0 0 0 0 17 -8 21 -10 18 -11 22 -9 17 -10 20 -4 16 -3 20 -7 19 -3 22 -5 18 -2 21 -6 17 -1 17 -6 16 -6 18 -6 16 -2 15 -6 18 1 19 -5 19 -3 17 -2 15 0 19 -2 20 -2 15 -4 0 1 14 -5 19 -1 13 -2 13 -4 12 -5 19 -2 14 -4 13 -6 12 -5 14 -5 18 -9 14 -2 17 -9 13 -9 14 -7 16 -8 14 -7 15 -6 11 -7 14 -7 17 -10 14 -9 12 -11 17 -9 12 -11 16 -10 1 0 0 0 0 0 0 0 0 0 ]
CSI_DATA,AP,68:FE:71:12:53:8C,-35,11,1,7,1,1,1,0,0,0,0,-95,0,6,1,65343702,0,84,0,0,65.344,384,[84 -64 4 0 0 0 0 0 0 0 0 0 -21 -12 -17 -7 -21 -7 -16 -11 -19 -12 -15 -15 -13 -10 -13 -14 -18 -10 -12 -15 -18 -14 -14 -13 -14 -16 -12 -13 -15 -13 -16 -16 -14 -12 -9 -11 -11 -14 -11 -14 -15 -16 -15 -14 -8 -12 -10 -15 -15 -11 -14 -10 1 3 -16 -15 -15 -12 -13 -11 -10 -9 -12 -9 -11 -8 -10 -11 -13 -9 -16 -10 -11 -8 -12 -10 -11 -10 -13 -6 -12 -9 -17 -8 -13 -6 -18 -6 -13 -5 -13 -4 -16 -5 -16 -5 -12 -8 -15 -6 -15 -6 -17 -10 -17 -9 -3 2 0 0 0 0 0 0 0 0 ]
CSI_DATA,AP,68:FE:71:12:53:8C,-38,11,1,6,1,1,1,0,0,0,0,-95,0,6,1,65428193,0,84,0,0,65.428,384,[84 -64 4 0 0 0 0 0 0 0 0 0 3 21 4 21 3 20 -3 18 3 18 0 19 -2 19 -5 22 -1 18 -7 16 -2 20 -8 22 -5 22 -7 16 -6 17 -3 19 -8 17 -2 20 -2 18 -5 18 -3 16 -5 15 -4 18 -3 14 -4 14 -1 15 -3 2 -3 17 0 14 -5 15 -3 13 -1 12 0 15 0 18 0 14 -2 16 -4 13 1 19 -2 15 -1 15 2 12 2 13 2 16 1 15 4 15 -1 16 3 15 2 12 1 16 0 19 3 17 4 18 5 13 -2 2 0 0 0 0 0 0 0 0 ]
CSI_DATA,AP,68:FE:71:12:53:8C,-36,11,1,5,1,1,1,0,0,0,0,-95,0,6,1,65518830,0,82,0,0,65.519,384,[84 -64 4 0 0 0 0 0 0 0 0 0 18 -2 17 0 22 2 20 5 24 6 18 1 18 4 19 3 20 3 17 8 23 4 19 5 18 6 17 6 19 4 23 5 19 9 17 8 16 9 17 11 17 8 20 10 15 7 17 6 16 9 18 5 3 3 16 7 16 4 14 3 20 3 14 2 14 6 15 7 13 2 16 1 15 1 14 2 17 4 15 4 18 -1 19 1 19 -1 20 0 16 -4 18 1 13 -1 19 0 16 2 16 -2 19 -3 18 0 16 -3 -1 0 0 0 0 0 0 0 0 0 ]
CSI_DATA,AP,68:FE:71:12:53:8C,-36,11,1,7,1,1,1,0,0,0,0,-95,0,6,1,65636961,0,84,0,0,65.637,384,[84 -64 4 0 0 0 0 0 0 0 0 0 -20 5 -19 -1 -20 -1 -21 -2 -20 -2 -19 -4 -20 -3 -22 -3 -22 -6 -24 0 -21 -2 -21 -6 -24 -4 -20 -3 -21 -2 -18 -2 -21 -4 -20 -3 -16 -2 -19 -8 -19 -4 -20 -3 -18 -1 -16 -5 -20 -4 -21 -5 -2 2 -18 -1 -15 -2 -15 0 -21 -5 -17 -2 -17 -3 -17 -4 -18 0 -15 -2 -16 0 -15 4 -13 3 -19 -1 -19 3 -14 -2 -15 3 -21 1 -20 3 -18 2 -16 -1 -18 -2 -20 3 -14 1 -15 4 -20 5 -19 4 1 -1 0 0 0 0 0 0 0 0 ]
CSI_DATA,AP,68:FE:71:12:53:8C,-37,11,1,6,1,1,1,0,0,0,0,-95,0,6,1,65734632,0,84,0,0,65.735,384,[84 -64 4 0 0 0 0 0 0 0 0 0 -1 17 3 20 0 24 -3 20 -5 22 1 17 -4 19 -4 22 -6 18 -6 20 -5 18 -1 17 -8 17 -2 22 -4 16 -4 17 -5 16 -8 19 -8 18 -4 20 -8 16 -6 17 -8 16 -3 14 -5 16 -6 17 -2 2 -4 16 -4 15 -5 17 1 17 -3 14 -5 13 -1 14 1 17 -4 17 -1 15 1 15 1 18 -1 18 -1 15 1 19 3 17 1 18 4 18 -1 16 1 14 -1 17 4 15 0 16 3 17 0 14 5 17 -3 -2 0 0 0 0 0 0 0 0 ]
CSI_DATA,AP,68:FE:71:12:53:8C,-33,11,0,0,0,0,0,0,0,0,0,-96,0,6,1,65852498,0,37,0,0,65.852,128,[84 -64 4 0 0 0 0 0 0 0 0 0 -1 18 -1 19 -2 20 -3 18 -4 22 -3 16 -9 22 -6 17 -9 19 -6 16 -10 21 -6 17 -12 15 -10 15 -11 14 -10 20 -7 16 -10 16 -11 18 -6 18 -11 14 -9 13 -8 17 -5 12 -12 19 -11 12 0 0 -9 13 -6 18 -6 19 -6 12 -5 18 -5 13 -6 17 -2 13 -8 17 -3 13 -2 13 -5 14 -2 14 -6 17 -6 13 -2 16 -6 16 0 14 1 15 -1 17 -2 19 -5 13 2 17 -3 19 -3 17 -2 19 -1 3 0 0 0 0 0 0 0 0 ]
CSI_DATA,AP,68:FE:71:12:53:8C,-35,11,1,6,1,1,1,0,0,0,1,-95,0,6,1,65951744,0,84,0,0,65.952,384,[84 -64 4 0 0 0 0 0 0 0 0 0 19 -10 19 -9 17 -11 21 -12 19 -9 20 -7 20 -5 17 -10 20 -6 19 -7 16 -8 16 -10 16 -5 21 -4 16 -3 21 -4 21 -8 20 -8 17 -4 17 -2 14 -2 17 -6 18 -8 18 -9 17 -9 16 -7 3 -3 14 -9 19 -10 15 -5 12 -10 12 -4 18 -9 16 -10 17 -10 18 -5 16 -7 13 -12 15 -9 13 -11 17 -12 15 -8 14 -9 14 -11 15 -11 15 -10 11 -12 15 -8 12 -10 11 -12 15 -13 10 -15 9 -10 3 3 0 0 0 0 0 0 0 0 ]
CSI_DATA,AP,68:FE:71:12:53:8C,-37,11,1,7,1,1,1,0,0,0,1,-96,0,6,1,66047862,0,84,0,0,66.048,384,[84 -64 4 0 0 0 0 0 0 0 0 0 21 7 18 8 18 5 22 6 16 8 17 9 18 9 12 12 13 9 14 14 20 10 14 8 18 13 18 14 16 9 13 11 14 12 15 12 16 12 14 12 12 13 15 11 11 13 14 9 13 15 15 11 2 1 11 9 12 8 16 6 15 5 13 5 16 7 14 11 16 5 12 7 12 7 16 9 16 10 11 7 11 9 14 6 13 8 13 8 17 6 18 3 13 5 13 8 17 5 15 8 17 2 18 2 13 5 2 2 0 0 0 0 0 0 0 0 ]
CSI_DATA,AP,68:FE:71:12:53:8C,-35,11,1,6,1,1,1,0,0,0,0,-93,0,6,1,66154449,0,84,0,0,66.154,384,[84 -64 4 0 0 0 0 0 0 0 0 0 17 0 20 1 22 3 23 6 18 5 17 7 19 7 19 3 17 7 19 3 22 6 21 5 20 5 20 5 14 11 16 10 20 10 13 8 18 10 19 5 13 6 17 4 18 9 18 6 15 7 19 8 -3 -2 16 6 16 8 18 9 13 7 17 5 19 5 19 7 16 1 15 0 12 2 14 5 16 3 17 3 17 4 13 1 15 1 15 4 15 2 20 -1 19 2 16 3 15 -1 18 -3 17 -5 17 -1 20 -4 -2 -2 0 0 0 0 0 0 0 0 ]
CSI_DATA,AP,68:FE:71:12:53:8C,-31,11,0,0,0,0,0,1,0,0,0,-95,5,6,1,66237955,0,37,0,0,66.238,128,[84 -64 4 0 0 0 0 0 0 0 0 0 -12 20 -13 18 -10 19 -9 17 -10 21 -13 14 -13 15 -17 19 -15 15 -15 16 -15 18 -16 13 -18 18 -13 15 -14 12 -12 12 -16 12 -15 12 -12 16 -14 16 -17 9 -16 11 -13 12 -17 10 -15 15 -15 13 2 -1 -15 14 -13 13 -15 18 -8 11 -9 11 -11 13 -13 14 -9 12 -10 16 -6 12 -9 12 -10 16 -5 13 -6 18 -8 13 -10 14 -9 14 -6 16 -6 18 -4 16 -11 15 -7 15 -3 14 -6 17 -7 18 -8 16 0 1 0 0 0 0 0 0 0 0 ]
CSI_DATA,AP,68:FE:71:12:53:8C,-36,11,1,5,1,1,1,0,0,0,0,-95,0,6,1,66319704,0,84,0,0,66.32,384,[84 -64 4 0 0 0 0 0 0 0 0 0 5 19 2 18 0 20 -1 19 1 22 3 16 -4 18 -3 21 -2 19 -2 18 -1 21 -3 20 1 23 -4 20 -2 21 -4 21 0 20 -1 18 -2 18 0 20 -2 14 0 16 -3 12 -1 20 -4 19 2 19 -1 -2 2 17 -4 20 2 17 -1 15 1 13 0 17 1 16 0 14 -1 13 1 14 2 19 2 15 5 17 3 16 -1 16 1 13 6 15 6 16 4 17 7 16 2 18 5 15 3 15 6 13 3 16 6 16 0 3 0 0 0 0 0 0 0 0 ]
CSI_DATA,AP,68:FE:71:12:53:8C,-39,11,1,4,1,1,1,0,0,0,0,-93,0,6,1,66393281,0,84,0,0,66.393,384,[84 -64 4 0 0 0 0 0 0 0 0 0 -16 -13 -14 -14 -15 -18 -14 -15 -18 -20 -15 -20 -16 -17 -14 -15 -12 -17 -16 -15 -14 -18 -14 -20 -12 -16 -11 -15 -10 -16 -10 -16 -13 -16 -13 -19 -11 -18 -8 -14 -10 -17 -10 -19 -7 -17 -13 -14 -10 -19 -7 -17 -2 0 -10 -17 -8 -14 -8 -13 -8 -13 -8 -13 -9 -18 -10 -14 -14 -16 -12 -16 -15 -15 -17 -12 -10 -15 -15 -13 -11 -11 -10 -14 -11 -10 -12 -13 -17 -9 -14 -10 -13 -12 -11 -10 -11 -9 -17 -11 -19 -13 -16 -7 -17 -8 -3 1 0 0 0 0 0 0 0 0 ]
CSI_DATA,AP,68:FE:71:12:53:8C,-34,11,1,5,1,1,1,0,0,0,0,-93,0,6,1,66492831,0,84,0,0,66.493,384,[84 -64 4 0 0 0 0 0 0 0 0 0 19 6 12 7 18 9 16 13 17 14 13 10 10 14 11 11 11 13 9 14 10 13 10 15 10 12 9 16 12 10 10 10 10 15 13 12 12 15 7 14 7 12 8 16 12 8 13 11 12 11 9 11 0 -3 13 10 8 9 12 11 9 12 12 8 9 13 8 12 8 10 10 11 7 10 14 10 12 10 9 8 10 11 9 7 12 8 10 6 11 6 13 6 12 7 11 4 11 9 10 6 15 7 15 4 13 5 -2 2 0 0 0 0 0 0 0 0 ]
CSI_DATA,AP,68:FE:71:12:53:8C,-35,11,1,5,1,1,1,1,0,0,0,-96,5,6,1,66574674,0,84,0,0,66.575,384,[84 -64 4 0 0 0 0 0 0 0 0 0 -3 16 1 18 -2 19 -2 19 -4 21 -3 16 -5 15 -5 15 -2 17 -6 15 -5 20 -2 20 -3 18 -6 20 -4 16 -7 17 -6 18 -5 17 -7 16 -7 15 -3 18 -2 15 -6 11 -5 16 -7 18 -7 14 3 2 -2 16 -1 19 -2 16 0 16 -7 13 -2 16 -6 14 -6 11 -2 16 -4 14 -1 16 1 13 -1 14 -3 16 -1 15 -3 14 0 14 0 17 -1 14 0 11 2 13 -3 12 -2 16 5 13 3 12 3 16 3 1 0 0 0 0 0 0 0 0 ]
CSI_DATA,AP,68:FE:71:12:53:8C,-35,11,1,6,1,1,1,0,0,0,0,-96,0,6,1,66677020,0,84,0,0,66.677,384,[84 -64 4 0 0 0 0 0 0 0 0 0 9 15 7 19 4 19 4 18 0 17 0 15 2 14 -2 14 4 13 -2 18 1 19 0 16 -1 16 2 16 0 17 0 19 1 15 -3 14 -3 16 3 18 0 15 -2 15 -3 16 -3 15 2 12 -3 15 3 -2 1 15 3 16 0 16 0 16 -1 16 4 12 5 17 4 15 0 13 4 10 3 15 6 10 2 10 7 12 5 13 3 15 2 16 8 14 4 14 7 13 6 14 6 11 7 12 8 12 6 15 9 11 -2 1 0 0 0 0 0 0 0 0 ]
