type,role,mac,rssi,rate,sig_mode,mcs,bandwidth,smoothing,not_sounding,aggregation,stbc,fec_coding,sgi,noise_floor,ampdu_cnt,channel,secondary_channel,local_timestamp,ant,sig_len,rx_state,real_time_set,real_timestamp,len,CSI_DATA
CSI_DATA,AP,68:FE:71:12:53:8C,-36,11,1,5,1,1,1,0,0,0,0,-96,0,6,1,7577087,0,84,0,0,7.5771,384,[82 -96 4 0 0 0 0 0 0 0 0 0 -18 -5 -14 -9 -18 -8 -14 -7 -14 -8 -20 -4 -12 -5 -13 -10 -13 -5 -13 -10 -17 -10 -12 -9 -12 -8 -12 -11 -10 -7 -10 -13 -13 -11 -15 -7 -14 -6 -13 -12 -11 -11 -12 -8 -10 -13 -14 -9 -12 -12 -17 -11 3 -4 -13 -6 -14 -9 -10 -9 -17 -10 -16 -11 -9 -3 -13 -3 -9 -10 -16 -3 -13 -9 -9 -4 -14 -10 -12 -3 -17 -1 -13 -4 -13 -2 -16 -8 -11 -4 -18 -4 -14 -6 -11 -2 -17 -7 -10 -7 -19 1 -12 0 -17 -1 0 0 0 0 0 0 0 0 0 0 ]
CSI_DATA,AP,68:FE:71:12:53:8C,-36,11,1,6,1,1,1,0,0,0,0,-93,0,6,1,7688850,0,84,0,0,7.6889,384,[84 -64 4 0 0 0 0 0 0 0 0 0 6 19 7 14 10 15 9 23 3 15 4 21 7 22 4 22 3 21 6 17 0 14 5 18 5 15 3 18 -1 20 3 19 -4 19 3 14 1 14 -1 12 0 20 2 20 0 18 2 18 0 20 2 17 -1 2 2 14 0 13 -3 13 0 17 -2 13 4 14 1 13 3 14 1 15 0 13 6 16 7 11 1 12 4 11 5 9 0 16 6 10 5 16 2 16 3 11 8 17 3 11 2 12 3 17 8 15 2 17 -2 1 0 0 0 0 0 0 0 0 ]
CSI_DATA,AP,68:FE:71:12:53:8C,-34,11,1,6,1,1,1,0,0,0,0,-96,0,6,1,7790947,0,84,0,0,7.7909,384,[84 -64 4 0 0 0 0 0 0 0 0 0 -17 -13 -12 -13 -14 -14 -8 -18 -7 -21 -7 -15 -6 -14 -5 -18 -11 -15 -5 -17 -8 -19 -12 -18 -11 -15 -10 -16 -3 -17 -5 -18 -7 -16 -10 -14 -7 -15 -7 -22 -7 -17 -6 -18 -7 -21 -6 -16 -8 -18 -4 -17 -2 -2 -4 -15 -7 -16 -6 -14 -12 -18 -7 -15 -7 -16 -11 -18 -8 -18 -7 -13 -8 -13 -6 -11 -13 -14 -8 -16 -6 -11 -14 -10 -9 -14 -7 -11 -8 -15 -12 -11 -10 -15 -8 -10 -7 -10 -15 -11 -12 -11 -8 -7 -14 -10 1 4 0 0 0 0 0 0 0 0 ]
CSI_DATA,AP,68:FE:71:12:53:8C,-35,11,1,6,1,1,1,0,0,0,0,-95,0,6,1,7882379,0,84,0,0,7.8824,384,[84 -64 4 0 0 0 0 0 0 0 0 0 -2 20 -1 15 -9 20 -8 21 -4 22 -7 16 -12 14 -7 17 -8 19 -9 16 -14 14 -7 16 -6 14 -9 20 -13 16 -10 12 -14 19 -10 10 -8 11 -6 16 -11 18 -11 13 -12 17 -10 9 -12 17 -6 11 -2 -3 -7 11 -6 11 -8 9 -4 16 -3 15 -5 10 -3 14 -7 12 -2 13 -1 11 -8 14 -1 10 -5 15 -8 12 -4 18 -7 13 -2 10 -1 13 -1 18 -2 17 -6 16 1 13 2 18 -3 11 -3 15 0 13 -4 1 0 0 0 0 0 0 0 0 ]
CSI_DATA,AP,68:FE:71:12:53:8C,-35,11,1,5,1,1,1,0,0,0,0,-93,0,6,1,7989014,0,84,0,0,7.989,384,[84 -64 4 0 0 0 0 0 0 0 0 0 2 20 -5 23 -4 18 1 17 -3 17 -7 20 -1 15 -5 15 -8 21 -1 18 -5 19 -9 21 -4 18 -6 17 -3 14 -5 14 -5 20 -7 13 -6 16 -9 19 -4 19 -8 14 -5 13 -8 19 -3 11 -9 16 3 -1 0 13 0 13 -7 15 -3 18 -1 10 -5 17 -1 17 -4 17 1 13 -4 13 1 17 -5 14 2 15 -5 16 -1 15 -4 17 0 14 -1 15 -2 10 5 16 2 17 -3 12 3 15 -2 18 -2 13 2 14 0 3 0 0 0 0 0 0 0 0 ]
CSI_DATA,AP,68:FE:71:12:53:8C,-36,11,1,6,1,1,1,0,0,0,0,-94,0,6,1,8131557,0,84,0,0,8.1316,384,[84 -64 4 0 0 0 0 0 0 0 0 0 -18 -11 -13 -8 -17 -16 -15 -16 -12 -13 -11 -14 -9 -15 -13 -13 -14 -10 -11 -11 -7 -11 -15 -13 -7 -17 -12 -16 -10 -17 -10 -17 -6 -12 -11 -13 -12 -15 -14 -11 -8 -12 -9 -17 -11 -15 -6 -9 -10 -10 -6 -17 -4 1 -7 -12 -7 -12 -10 -15 -12 -16 -8 -7 -13 -14 -8 -9 -12 -14 -13 -11 -7 -14 -10 -11 -7 -8 -11 -10 -10 -12 -15 -11 -15 -11 -16 -10 -15 -4 -15 -8 -17 -9 -14 -4 -14 -11 -14 -9 -12 -11 -14 -6 -11 -5 4 4 0 0 0 0 0 0 0 0 ]
CSI_DATA,AP,68:FE:71:12:53:8C,-32,11,1,7,1,1,1,0,0,0,0,-93,0,6,1,8210674,0,84,0,0,8.2107,384,[84 -64 4 0 0 0 0 0 0 0 0 0 13 15 18 17 13 14 15 14 13 10 11 12 14 16 11 13 15 15 7 19 9 12 8 13 15 14 12 19 12 15 12 15 5 19 5 10 6 11 12 17 11 10 5 14 10 15 10 11 11 11 7 9 3 -3 9 9 9 9 6 8 8 15 11 7 5 14 5 12 10 12 13 8 12 8 9 9 7 11 11 12 10 6 10 14 12 10 15 11 10 8 13 12 12 7 17 4 11 12 14 12 13 9 17 6 13 10 2 0 0 0 0 0 0 0 0 0 ]
CSI_DATA,AP,68:FE:71:12:53:8C,-35,11,1,7,1,1,1,0,0,0,0,-95,0,6,1,8309437,0,84,0,0,8.3094,384,[84 -64 4 0 0 0 0 0 0 0 0 0 21 -6 21 -4 22 -6 22 -5 16 -3 17 -1 17 0 18 -3 23 -4 15 -4 23 -1 19 -3 18 -1 19 4 21 1 16 4 15 3 15 -3 15 0 14 -1 17 -2 20 -1 17 -1 18 -1 15 1 20 -2 3 -4 20 -3 16 3 12 3 14 -2 13 -2 18 -5 11 2 19 -5 14 -4 19 -4 18 -4 18 -3 18 -1 13 -7 13 -7 19 -8 15 -8 15 -7 12 -1 12 -9 15 -3 12 -2 13 -3 19 -6 17 -5 13 -4 2 4 0 0 0 0 0 0 0 0 ]
CSI_DATA,AP,68:FE:71:12:53:8C,-33,11,1,6,1,1,1,0,0,0,0,-95,0,6,1,8398958,0,84,0,0,8.399,384,[84 -64 4 0 0 0 0 0 0 0 0 0 -14 -11 -12 -10 -20 -11 -15 -16 -14 -10 -15 -13 -11 -11 -15 -10 -15 -11 -16 -11 -16 -18 -17 -15 -16 -14 -9 -17 -15 -18 -9 -18 -8 -9 -10 -12 -11 -17 -9 -15 -8 -12 -9 -9 -12 -14 -9 -14 -11 -9 -9 -11 2 4 -11 -13 -11 -14 -13 -11 -8 -6 -15 -9 -14 -14 -8 -7 -11 -9 -16 -5 -10 -8 -9 -9 -12 -6 -13 -3 -14 -11 -16 -7 -16 -3 -15 -10 -18 -10 -16 -8 -15 -7 -15 -8 -15 -8 -18 -7 -18 -7 -18 -7 -11 -6 -4 -3 0 0 0 0 0 0 0 0 ]
CSI_DATA,AP,68:FE:71:12:53:8C,-30,11,0,0,0,0,0,0,0,0,0,-95,0,6,1,8489934,0,37,0,0,8.4899,128,[84 -64 4 0 0 0 0 0 0 0 0 0 -3 -22 1 -19 -1 -23 0 -26 0 -25 1 -25 2 -20 5 -20 3 -19 8 -24 7 -21 5 -18 9 -17 0 -22 8 -18 3 -24 3 -20 8 -23 1 -16 1 -18 5 -20 3 -15 4 -14 2 -18 8 -19 0 -16 -1 -4 6 -13 5 -19 1 -21 4 -21 6 -14 -2 -13 6 -14 -1 -18 0 -14 -3 -16 1 -15 2 -18 0 -14 -1 -18 0 -20 -3 -13 1 -13 2 -16 0 -15 -1 -13 0 -17 -1 -13 -6 -18 1 -16 -3 -18 -1 -17 4 0 0 0 0 0 0 0 0 0 ]
CSI_DATA,AP,68:FE:71:12:53:8C,-36,11,1,7,1,1,1,0,0,0,0,-94,0,6,1,8586145,0,84,0,0,8.5861,384,[84 -64 4 0 0 0 0 0 0 0 0 0 -8 14 -5 14 -4 12 -4 20 -10 20 -11 19 -11 15 -7 20 -4 12 -5 13 -8 17 -6 16 -9 12 -12 19 -8 12 -10 14 -9 17 -12 13 -10 12 -11 18 -9 12 -5 13 -6 12 -9 10 -10 10 -6 15 1 0 -7 16 -9 12 -9 10 -5 16 -8 10 -5 10 -6 11 -5 16 -3 14 -1 9 -1 9 -8 10 -1 9 1 15 -5 11 -2 16 1 13 -1 11 2 15 1 18 -1 18 -2 16 -3 13 -5 14 2 18 -5 18 3 -1 0 0 0 0 0 0 0 0 ]
CSI_DATA,AP,68:FE:71:12:53:8C,-39,11,1,4,1,1,1,0,0,0,0,-96,0,6,1,8694878,0,84,0,0,8.6949,384,[84 -64 4 0 0 0 0 0 0 0 0 0 -39 -5 -38 -10 -37 -14 -35 -11 -39 -15 -31 -14 -37 -19 -32 -18 -39 -13 -33 -16 -31 -14 -35 -18 -33 -20 -33 -15 -35 -19 -37 -16 -35 -14 -27 -22 -28 -17 -29 -21 -28 -17 -28 -19 -24 -15 -27 -21 -26 -19 -32 -20 4 2 -31 -16 -31 -17 -31 -17 -33 -13 -26 -11 -31 -15 -29 -11 -30 -11 -31 -17 -31 -13 -32 -15 -32 -7 -33 -9 -27 -8 -28 -9 -28 -6 -30 -11 -30 -9 -33 -8 -30 -4 -30 -9 -30 -10 -31 -4 -34 -6 -29 -6 -36 -6 3 3 0 0 0 0 0 0 0 0 ]
CSI_DATA,AP,68:FE:71:12:53:8C,-33,11,1,7,1,1,1,0,0,0,0,-96,0,6,1,8844591,0,84,0,0,8.8446,384,[84 -64 4 0 0 0 0 0 0 0 0 0 4 -10 5 -7 2 -11 7 -4 7 -7 7 -7 6 -5 3 -3 5 -10 3 -9 7 -3 10 -9 4 -4 3 -10 5 -8 9 -10 4 -7 2 -5 3 -7 8 -9 4 -6 9 -10 7 -2 6 -5 10 -6 7 -8 3 -1 8 -5 9 -4 6 -2 9 -10 3 -10 7 -10 7 -2 3 -8 5 -4 0 -9 7 -6 1 -3 2 -11 1 -9 5 -9 8 -5 4 -10 2 -10 2 -3 3 -6 2 -8 1 -10 1 -6 1 -6 4 -11 1 -4 0 -1 0 0 0 0 0 0 0 0 ]
CSI_DATA,AP,68:FE:71:12:53:8C,-37,11,1,6,1,1,1,0,0,0,0,-94,0,6,1,8942977,0,84,0,0,8.943,384,[84 -64 4 0 0 0 0 0 0 0 0 0 7 -17 10 -19 10 -19 11 -17 8 -16 14 -12 13 -12 14 -10 9 -15 9 -11 10 -14 10 -9 9 -12 9 -15 11 -12 16 -13 9 -13 15 -14 10 -9 8 -13 7 -14 9 -9 14 -7 12 -12 12 -12 11 -7 1 1 12 -11 13 -13 8 -15 5 -11 11 -7 13 -9 10 -14 9 -15 11 -9 7 -11 4 -9 10 -11 12 -11 7 -11 5 -10 2 -16 2 -11 6 -16 5 -14 5 -13 2 -10 6 -9 3 -13 4 -15 0 -17 4 -11 -2 0 0 0 0 0 0 0 0 0 ]
CSI_DATA,AP,68:FE:71:12:53:8C,-34,11,1,6,1,1,1,1,0,0,0,-93,4,6,1,9023712,0,84,0,0,9.0237,384,[84 -64 4 0 0 0 0 0 0 0 0 0 9 -12 13 -10 13 -14 14 -14 14 -13 14 -16 14 -14 14 -9 18 -16 12 -16 15 -12 16 -8 12 -10 18 -12 19 -12 17 -14 16 -8 14 -7 16 -7 14 -6 12 -6 18 -13 17 -5 17 -6 15 -5 17 -11 -1 0 15 -7 15 -6 14 -11 16 -8 12 -10 11 -11 10 -11 9 -8 14 -7 14 -10 14 -12 10 -6 6 -13 7 -11 12 -13 9 -15 9 -13 12 -12 13 -9 6 -11 6 -14 13 -15 9 -11 12 -17 8 -15 3 -15 0 -4 0 0 0 0 0 0 0 0 ]
CSI_DATA,AP,68:FE:71:12:53:8C,-34,11,1,6,1,1,1,1,0,0,0,-95,1,6,1,9114816,0,84,0,0,9.1148,384,[84 -64 4 0 0 0 0 0 0 0 0 0 11 9 9 9 12 9 14 8 9 13 13 13 12 15 11 14 14 10 6 14 12 14 8 10 7 10 8 11 12 15 12 13 12 14 9 10 4 11 4 12 11 10 10 10 5 10 12 10 9 12 7 15 4 -1 9 11 13 11 13 9 6 7 11 12 6 13 6 10 12 11 12 13 11 7 14 12 8 9 6 11 11 12 6 8 11 8 7 12 7 10 10 7 12 8 11 10 15 5 16 7 13 5 9 9 12 8 3 -3 0 0 0 0 0 0 0 0 ]
CSI_DATA,AP,68:FE:71:12:53:8C,-41,11,0,0,0,0,0,0,0,0,0,-95,0,6,1,9219559,0,37,0,0,9.2196,128,[84 -64 4 0 0 0 0 0 0 0 0 0 -22 -2 -14 -11 -18 -5 -17 -7 -14 -9 -15 -5 -19 -7 -19 -11 -14 -10 -19 -9 -16 -14 -14 -6 -12 -7 -11 -14 -17 -13 -17 -9 -18 -11 -12 -13 -15 -10 -16 -11 -10 -14 -16 -11 -9 -9 -11 -13 -15 -8 -17 -10 0 -1 -10 -7 -9 -10 -13 -6 -10 -10 -9 -6 -9 -7 -17 -3 -13 -6 -17 -4 -13 -6 -15 -3 -12 -4 -15 -3 -13 0 -15 -1 -11 -2 -15 -8 -18 -1 -17 -2 -11 -3 -16 -5 -19 0 -13 -7 -13 -6 -16 -5 -16 2 1 -3 0 0 0 0 0 0 0 0 ]
CSI_DATA,AP,68:FE:71:12:53:8C,-31,11,1,7,1,1,1,0,0,0,0,-94,0,6,1,9315418,0,84,0,0,9.3154,384,[84 -64 4 0 0 0 0 0 0 0 0 0 13 9 19 10 16 11 21 12 17 8 19 14 18 7 18 9 11 9 13 11 16 8 15 10 15 11 12 12 10 9 16 15 13 16 13 14 16 14 15 8 10 11 14 15 12 8 10 12 10 11 10 8 0 0 13 12 11 8 8 14 11 10 13 11 9 13 16 8 13 12 15 6 13 7 10 8 15 10 12 8 16 8 13 4 15 11 13 8 14 10 17 10 9 9 16 3 11 7 17 3 11 5 16 8 11 4 0 2 0 0 0 0 0 0 0 0 ]
CSI_DATA,AP,68:FE:71:12:53:8C,-35,11,1,7,1,1,1,0,0,0,0,-93,0,6,1,9417943,0,84,0,0,9.4179,384,[84 -64 4 0 0 0 0 0 0 0 0 0 17 -1 21 -2 20 -5 21 -3 17 -2 18 -3 21 0 19 -2 21 4 17 6 19 0 19 3 16 6 20 2 16 -1 16 -1 20 5 14 1 16 -2 18 6 19 0 15 5 14 2 17 1 15 -2 19 4 3 -2 16 2 12 -3 18 0 20 3 17 -2 18 -2 19 3 16 -3 17 -5 12 -4 12 -1 18 0 17 1 16 0 12 -7 13 -6 12 -2 10 -4 11 -3 15 -8 11 -6 11 -9 19 -9 13 -3 10 -10 17 -2 4 2 0 0 0 0 0 0 0 0 ]
CSI_DATA,AP,68:FE:71:12:53:8C,-33,11,1,7,1,1,1,0,0,0,0,-96,0,6,1,9509670,0,84,0,0,9.5097,384,[84 -64 4 0 0 0 0 0 0 0 0 0 -8 23 -3 17 -8 21 -6 17 -4 17 -6 16 -7 14 -5 20 -9 18 -10 19 -15 17 -14 16 -9 12 -13 13 -11 12 -8 15 -11 11 -14 17 -7 12 -12 11 -13 17 -10 10 -13 12 -9 18 -6 18 -10 10 2 -4 -5 11 -10 13 -7 11 -9 17 -6 16 -7 16 -4 17 -11 10 -10 12 -9 15 -7 15 -5 15 -2 12 -6 11 -5 17 -4 14 -2 19 -6 19 -1 18 -5 16 -5 18 -1 16 0 13 2 16 -5 18 0 17 -3 3 0 0 0 0 0 0 0 0 ]
CSI_DATA,AP,68:FE:71:12:53:8C,-30,11,1,7,1,1,1,1,0,0,0,-94,1,6,1,9604145,0,84,0,0,9.6041,384,[84 -64 4 0 0 0 0 0 0 0 0 0 0 -21 3 -16 2 -25 5 -21 8 -18 4 -16 4 -18 3 -18 7 -18 11 -19 4 -15 7 -19 11 -15 7 -21 10 -22 4 -16 6 -16 10 -20 9 -19 8 -20 12 -17 12 -20 11 -18 8 -13 11 -12 6 -16 2 3 11 -15 2 -20 3 -13 9 -17 3 -16 5 -20 10 -15 7 -12 7 -14 2 -16 2 -18 1 -18 -1 -16 5 -15 -2 -19 2 -18 3 -16 0 -13 0 -17 -2 -13 -3 -14 -3 -15 0 -18 1 -21 3 -17 0 -15 -4 -3 0 0 0 0 0 0 0 0 ]
CSI_DATA,AP,68:FE:71:12:53:8C,-33,11,1,6,1,1,1,0,0,0,0,-94,0,6,1,9690771,0,84,0,0,9.6908,384,[84 -64 4 0 0 0 0 0 0 0 0 0 -25 3 -24 3 -19 0 -21 -2 -21 -4 -17 -5 -20 -4 -17 2 -24 -6 -18 1 -24 0 -24 1 -24 -5 -16 -1 -21 -6 -22 -3 -23 -6 -19 -2 -16 -2 -17 0 -21 -2 -16 -6 -15 0 -21 -1 -21 -7 -15 -2 4 4 -17 -2 -20 1 -19 -2 -13 -5 -18 -7 -16 -4 -19 -2 -14 0 -16 1 -17 -2 -17 -4 -17 -3 -12 0 -16 4 -17 3 -13 0 -16 3 -13 1 -16 1 -17 6 -15 0 -16 -3 -13 1 -16 1 -13 2 -15 0 1 -3 0 0 0 0 0 0 0 0 ]
CSI_DATA,AP,68:FE:71:12:53:8C,-32,11,1,7,1,1,1,0,0,0,0,-95,0,6,1,9779463,0,84,0,0,9.7795,384,[84 -64 4 0 0 0 0 0 0 0 0 0 15 10 18 11 14 10 19 18 16 14 15 16 14 19 12 15 16 19 12 17 13 16 13 18 12 13 9 19 6 18 13 19 14 15 7 17 8 20 13 16 10 13 12 14 9 11 14 10 14 19 11 12 2 -3 7 14 9 15 9 16 13 10 7 8 13 13 10 12 14 7 13 8 9 12 11 8 14 13 10 10 11 9 13 6 16 7 17 6 10 7 9 12 18 9 10 13 15 11 13 10 15 8 13 10 15 7 -4 -1 0 0 0 0 0 0 0 0 ]
CSI_DATA,AP,68:FE:71:12:53:8C,-36,11,1,6,1,1,1,1,0,0,0,-94,6,6,1,9877431,0,84,0,0,9.8774,384,[84 -64 4 0 0 0 0 0 0 0 0 0 -17 13 -16 15 -12 20 -18 19 -13 16 -14 15 -13 16 -18 18 -12 17 -18 11 -16 10 -20 11 -18 11 -21 14 -18 13 -20 12 -17 12 -13 12 -16 15 -15 12 -19 6 -18 14 -16 6 -12 6 -16 14 -18 14 0 2 -14 13 -18 11 -12 12 -13 15 -18 9 -18 9 -17 14 -12 16 -8 9 -13 15 -11 13 -16 15 -8 14 -12 11 -13 14 -11 17 -11 14 -7 18 -10 14 -13 18 -14 13 -8 15 -7 11 -9 12 -9 11 -11 18 -4 -3 0 0 0 0 0 0 0 0 ]
CSI_DATA,AP,68:FE:71:12:53:8C,-30,11,1,7,1,1,1,0,0,0,1,-96,0,6,1,9996102,0,82,0,0,9.9961,384,[84 -64 4 0 0 0 0 0 0 0 0 0 24 7 15 12 17 10 23 14 16 7 17 15 21 8 21 9 16 7 18 13 13 10 17 12 13 14 12 18 14 10 20 9 11 9 12 12 11 16 11 9 16 10 13 11 11 11 9 13 18 10 12 14 -2 0 15 12 11 11 13 13 20 8 18 9 15 4 14 9 13 7 12 8 12 11 18 3 11 4 19 5 17 6 17 4 15 3 18 4 19 2 14 0 19 -1 21 5 15 0 18 5 17 5 21 6 18 0 2 3 0 0 0 0 0 0 0 0 ]
CSI_DATA,AP,68:FE:71:12:53:8C,-31,11,1,7,1,1,1,0,0,0,0,-95,0,6,1,10103567,0,84,0,0,10.104,384,[84 -64 4 0 0 0 0 0 0 0 0 0 12 -20 16 -13 18 -14 16 -15 15 -15 17 -13 14 -17 17 -17 19 -18 17 -11 13 -14 19 -14 13 -14 12 -16 16 -10 21 -9 13 -10 18 -13 17 -7 18 -13 14 -6 11 -6 13 -11 17 -9 13 -14 17 -7 3 2 14 -9 16 -8 11 -7 15 -15 11 -10 17 -8 9 -12 10 -8 9 -9 11 -9 9 -16 12 -13 12 -14 12 -17 10 -13 6 -13 11 -12 10 -11 11 -14 11 -15 12 -16 8 -12 7 -10 4 -15 6 -15 11 -18 3 -4 0 0 0 0 0 0 0 0 ]
CSI_DATA,AP,68:FE:71:12:53:8C,-30,11,0,0,0,0,0,0,0,0,0,-94,0,6,1,10208003,0,37,0,0,10.208,128,[84 -64 4 0 0 0 0 0 0 0 0 0 3 24 4 20 4 24 -5 22 0 20 -1 24 0 18 -2 17 -7 16 -3 18 -1 20 -4 23 -1 22 -6 18 -6 21 -9 22 -5 17 -5 18 -9 19 -9 22 -2 17 -4 17 -3 18 -5 20 -6 21 -7 16 -2 0 -5 14 -2 18 -6 18 1 21 -6 16 -2 19 -4 14 -1 17 0 12 -3 14 -3 16 3 16 -2 17 -3 14 -2 13 -1 13 4 19 1 15 2 16 2 20 -4 16 -4 19 0 19 5 14 3 17 5 14 0 -4 0 0 0 0 0 0 0 0 ]
CSI_DATA,AP,68:FE:71:12:53:8C,-36,11,1,6,1,1,1,1,0,0,0,-95,3,6,1,10295563,0,84,0,0,10.296,384,[84 -64 4 0 0 0 0 0 0 0 0 0 22 3 19 1 24 3 21 4 16 4 21 5 18 4 20 4 20 5 13 9 23 5 17 9 22 12 21 12 13 11 15 13 19 13 16 7 11 10 13 12 16 6 19 6 10 7 15 7 20 10 19 8 0 -1 14 7 11 5 18 4 20 11 18 11 16 9 11 8 15 10 16 7 18 8 14 5 18 9 12 6 18 3 15 5 14 4 19 3 18 -1 17 0 18 7 17 4 13 4 18 1 19 -2 16 -1 13 3 -3 -3 0 0 0 0 0 0 0 0 ]
CSI_DATA,AP,68:FE:71:12:53:8C,-38,11,1,5,1,1,1,0,0,0,0,-94,0,6,1,10411047,0,84,0,0,10.411,384,[84 -64 4 0 0 0 0 0 0 0 0 0 -22 10 -18 6 -22 11 -25 5 -23 7 -20 5 -26 1 -19 9 -19 0 -22 2 -20 6 -19 8 -21 2 -17 0 -25 -1 -19 6 -19 0 -16 4 -24 -1 -19 6 -23 -1 -21 3 -15 0 -17 2 -24 0 -17 3 0 3 -19 -1 -20 3 -17 7 -13 4 -21 1 -18 6 -13 8 -15 9 -12 8 -16 5 -16 5 -12 9 -16 8 -19 10 -16 9 -16 7 -18 6 -14 6 -12 9 -18 13 -20 9 -18 6 -19 14 -14 12 -14 12 -15 6 1 1 0 0 0 0 0 0 0 0 ]
CSI_DATA,AP,68:FE:71:12:53:8C,-32,11,1,7,1,1,1,0,0,0,0,-94,0,6,1,10506397,0,84,0,0,10.506,384,[84 -64 4 0 0 0 0 0 0 0 0 0 -13 -19 -13 -13 -13 -21 -16 -21 -17 -14 -14 -22 -14 -16 -6 -20 -7 -20 -8 -18 -11 -20 -7 -22 -10 -21 -10 -23 -11 -21 -11 -19 -8 -13 -3 -19 -8 -20 -8 -13 -11 -21 -6 -13 -2 -19 -8 -19 -4 -21 -5 -18 2 4 -11 -13 -9 -16 -8 -20 -6 -19 -11 -10 -13 -16 -12 -17 -10 -13 -11 -18 -10 -9 -8 -16 -7 -10 -11 -10 -8 -14 -14 -11 -13 -17 -13 -11 -13 -16 -14 -15 -10 -13 -12 -11 -15 -8 -15 -15 -10 -13 -9 -14 -15 -11 4 -1 0 0 0 0 0 0 0 0 ]
CSI_DATA,AP,68:FE:71:12:53:8C,-30,11,1,7,1,1,1,0,0,0,0,-95,0,6,1,10608032,0,84,0,0,10.608,384,[84 -64 4 0 0 0 0 0 0 0 0 0 -3 15 -3 16 -9 23 -9 20 -5 20 -5 21 -6 22 -13 19 -13 18 -11 17 -7 12 -13 13 -10 20 -11 18 -10 15 -14 13 -7 19 -10 13 -13 10 -7 13 -12 10 -9 18 -12 13 -12 11 -10 10 -13 15 -1 -3 -13 15 -13 11 -10 16 -11 17 -7 17 -11 15 -9 18 -9 15 -8 18 -8 16 -6 15 -2 18 -10 11 -4 15 -7 17 -9 15 -9 18 -5 11 -6 12 1 12 -5 17 -2 17 -3 15 -3 14 -2 16 0 19 4 -4 0 0 0 0 0 0 0 0 ]
CSI_DATA,AP,68:FE:71:12:53:8C,-39,11,1,4,1,1,1,0,0,0,0,-94,0,6,1,10707374,0,84,0,0,10.707,384,[84 -64 4 0 0 0 0 0 0 0 0 0 6 18 10 19 10 21 6 22 10 15 9 16 1 15 8 21 2 21 5 21 7 18 1 16 1 17 1 16 1 14 3 18 1 15 4 15 6 14 1 22 3 14 0 19 -2 13 3 22 6 20 5 19 -4 1 0 13 6 15 3 17 5 18 6 14 2 12 7 18 2 19 3 11 6 15 6 17 8 14 11 14 6 17 10 12 9 17 11 19 4 15 10 19 10 15 11 11 9 17 13 13 9 18 13 10 12 10 -1 1 0 0 0 0 0 0 0 0 ]
CSI_DATA,AP,68:FE:71:12:53:8C,-30,11,1,7,1,1,1,0,0,0,0,-93,0,6,1,10828623,0,84,0,0,10.829,384,[84 -64 4 0 0 0 0 0 0 0 0 0 11 21 12 19 9 15 6 23 11 23 2 22 6 17 5 20 9 20 1 15 3 23 0 23 5 21 6 17 1 18 7 18 -1 15 4 15 5 20 2 20 6 18 3 15 0 17 5 16 5 19 2 19 -2 0 3 13 6 18 7 13 2 12 4 15 6 18 1 14 3 17 6 11 6 13 2 19 8 13 9 19 10 14 4 10 10 11 12 17 6 16 11 12 12 12 11 18 7 9 7 11 14 10 7 14 8 15 -2 0 0 0 0 0 0 0 0 0 ]
CSI_DATA,AP,68:FE:71:12:53:8C,-36,11,1,7,1,1,1,0,0,0,0,-93,0,6,1,10930112,0,84,0,0,10.93,384,[84 -64 4 0 0 0 0 0 0 0 0 0 20 2 22 2 25 3 20 7 17 3 23 3 24 2 19 2 19 7 18 3 18 5 18 5 22 11 18 5 15 4 17 10 20 11 13 6 12 7 14 12 12 11 16 5 13 10 15 12 12 9 19 3 3 -4 17 4 12 9 12 4 12 7 11 6 19 9 17 2 13 6 18 0 16 7 21 4 19 0 17 4 14 3 19 5 20 6 18 3 13 -2 16 1 18 1 20 -3 13 -3 18 -3 17 3 16 2 14 -4 2 -2 0 0 0 0 0 0 0 0 ]
CSI_DATA,AP,68:FE:71:12:53:8C,-34,11,1,6,1,1,1,0,0,0,0,-95,0,6,1,11065283,0,84,0,0,11.065,384,[84 -64 4 0 0 0 0 0 0 0 0 0 24 -1 16 4 23 4 25 7 18 7 20 5 16 3 19 10 17 4 16 7 19 4 21 6 19 9 19 11 20 8 20 12 22 9 12 5 18 11 17 7 14 5 15 4 17 6 13 8 19 11 20 8 -1 -2 16 10 15 5 15 8 12 7 19 5 19 4 13 8 17 5 19 3 16 0 16 5 13 3 20 3 18 -1 19 6 13 -3 18 5 20 4 15 -1 12 3 20 -3 18 -3 12 -1 20 -1 14 3 18 0 0 4 0 0 0 0 0 0 0 0 ]
CSI_DATA,AP,68:FE:71:12:53:8C,-32,11,1,7,1,1,1,0,0,0,0,-95,0,6,1,11156946,0,84,0,0,11.157,384,[84 -64 4 0 0 0 0 0 0 0 0 0 13 -19 10 -19 8 -16 10 -14 15 -13 14 -19 10 -19 10 -10 11 -15 16 -17 14 -11 9 -16 14 -17 12 -18 15 -9 17 -11 15 -13 17 -14 14 -9 14 -10 13 -8 16 -16 14 -14 11 -15 11 -13 12 -14 0 2 8 -8 16 -14 15 -12 14 -13 7 -8 14 -12 11 -12 8 -16 13 -14 12 -9 6 -15 11 -9 3 -12 12 -18 4 -13 11 -19 4 -14 6 -18 8 -17 5 -18 10 -14 4 -17 2 -15 3 -17 2 -13 2 -18 0 4 0 0 0 0 0 0 0 0 ]
CSI_DATA,AP,68:FE:71:12:53:8C,-36,11,1,6,1,1,1,0,0,0,0,-93,0,6,1,11239607,0,84,0,0,11.24,384,[84 -64 4 0 0 0 0 0 0 0 0 0 5 -19 10 -21 7 -22 7 -19 8 -16 11 -20 12 -15 13 -14 14 -14 7 -21 14 -16 14 -15 13 -14 14 -14 9 -18 16 -12 8 -12 12 -19 8 -16 11 -13 10 -10 10 -15 14 -12 15 -15 14 -17 9 -11 -4 0 13 -13 9 -19 10 -18 7 -15 10 -10 4 -19 7 -16 8 -16 4 -11 5 -12 3 -16 2 -15 3 -15 3 -19 5 -17 7 -20 7 -13 7 -16 2 -17 1 -17 3 -18 2 -16 7 -14 4 -16 2 -13 5 -19 -1 0 0 0 0 0 0 0 0 0 ]
CSI_DATA,AP,68:FE:71:12:53:8C,-35,11,1,6,1,1,1,0,0,0,1,-95,0,6,1,11341136,0,84,0,0,11.341,384,[84 -64 4 0 0 0 0 0 0 0 0 0 18 4 21 2 21 5 20 5 21 7 21 7 16 11 14 13 14 6 13 9 20 9 22 10 21 9 16 7 14 14 16 7 13 12 14 5 15 7 17 10 18 9 16 11 15 11 18 6 19 6 15 8 -2 0 12 11 13 6 17 12 18 2 17 7 12 6 16 6 11 8 17 7 12 6 14 1 19 2 12 2 15 5 20 7 20 0 19 1 20 2 18 2 17 6 17 1 15 -1 17 1 13 4 19 4 17 -1 1 -3 0 0 0 0 0 0 0 0 ]
CSI_DATA,AP,68:FE:71:12:53:8C,-34,11,1,6,1,1,1,0,0,0,0,-93,0,6,1,11449052,0,84,0,0,11.449,384,[84 -64 4 0 0 0 0 0 0 0 0 0 -11 24 -6 21 -10 15 -10 24 -9 15 -8 20 -13 20 -9 15 -9 12 -8 14 -16 18 -10 13 -17 14 -15 14 -15 18 -11 19 -9 19 -15 15 -12 14 -17 11 -13 10 -11 16 -12 13 -10 12 -9 18 -7 16 -2 3 -11 9 -11 10 -15 19 -9 14 -13 16 -15 16 -11 12 -7 17 -11 14 -8 16 -4 13 -7 19 -5 17 -7 12 -11 11 -11 19 -8 19 -4 14 -6 20 -3 17 -4 18 -3 17 -5 15 -2 18 -9 14 -8 16 2 -1 0 0 0 0 0 0 0 0 ]
CSI_DATA,AP,68:FE:71:12:53:8C,-33,11,1,7,1,1,1,0,0,0,0,-93,0,6,1,11542916,0,84,0,0,11.543,384,[84 -64 4 0 0 0 0 0 0 0 0 0 14 7 16 11 19 13 13 13 19 9 17 10 17 15 16 12 10 17 10 11 15 16 12 13 17 12 10 14 8 13 16 14 12 13 11 10 11 10 12 17 8 11 6 14 12 14 13 10 14 18 10 14 0 2 12 10 13 14 7 13 11 13 10 11 11 15 9 8 7 8 13 11 12 11 11 8 15 7 17 9 8 11 8 9 12 7 16 12 16 6 16 13 16 11 17 5 14 11 16 6 15 10 15 8 10 11 -3 -1 0 0 0 0 0 0 0 0 ]
CSI_DATA,AP,68:FE:71:12:53:8C,-33,11,1,6,1,1,1,0,0,0,0,-95,0,6,1,11663188,0,84,0,0,11.663,384,[84 -64 4 0 0 0 0 0 0 0 0 0 -9 -22 -15 -22 -10 -18 -10 -17 -10 -19 -13 -24 -6 -16 -8 -20 -14 -16 -6 -17 -5 -21 -6 -25 -11 -17 -7 -19 -4 -19 -6 -24 -10 -17 -10 -18 -11 -15 -4 -22 -10 -17 -4 -18 -2 -14 -8 -21 -4 -22 -11 -15 3 -3 -8 -20 -9 -14 -9 -14 -9 -14 -6 -14 -12 -17 -13 -13 -11 -15 -6 -17 -9 -15 -12 -15 -7 -13 -14 -10 -11 -15 -10 -18 -14 -10 -15 -14 -16 -9 -11 -11 -14 -10 -16 -11 -10 -8 -14 -14 -10 -15 -10 -13 -11 -16 -1 1 0 0 0 0 0 0 0 0 ]
CSI_DATA,AP,68:FE:71:12:53:8C,-36,11,1,6,1,1,1,0,0,0,0,-95,0,6,1,11715869,0,84,0,0,11.716,384,[84 -64 4 0 0 0 0 0 0 0 0 0 0 -20 4 -15 3 -23 4 -18 2 -17 6 -21 2 -18 6 -18 11 -18 4 -19 10 -18 4 -15 4 -14 6 -16 4 -16 4 -19 9 -12 11 -17 10 -15 4 -13 11 -11 10 -12 10 -14 6 -13 10 -14 8 -11 -4 -3 8 -11 2 -18 8 -19 3 -16 4 -13 8 -18 3 -18 0 -15 0 -13 0 -13 4 -11 2 -11 6 -15 1 -10 6 -19 5 -20 2 -12 1 -15 1 -19 -1 -12 1 -15 -3 -15 -2 -14 -3 -17 -4 -13 -1 -17 2 -3 0 0 0 0 0 0 0 0 ]
CSI_DATA,AP,68:FE:71:12:53:8C,-39,11,1,6,1,1,1,0,0,0,0,-95,0,6,1,11791129,0,84,0,0,11.791,384,[84 -64 4 0 0 0 0 0 0 0 0 0 -11 15 -14 20 -6 15 -16 24 -12 20 -12 20 -10 13 -16 18 -11 15 -13 11 -13 16 -18 12 -10 18 -14 13 -13 14 -14 12 -11 12 -10 15 -16 17 -14 10 -11 13 -10 16 -16 8 -15 12 -14 12 -16 14 4 2 -12 12 -15 17 -9 17 -14 13 -12 12 -12 15 -11 11 -7 15 -10 18 -6 16 -12 12 -5 15 -5 15 -8 19 -7 19 -8 17 -9 20 -6 14 -6 12 -10 12 -6 16 -7 15 -8 14 -1 14 -5 15 -4 12 0 1 0 0 0 0 0 0 0 0 ]
CSI_DATA,AP,68:FE:71:12:53:8C,-35,11,1,7,1,1,1,0,0,0,0,-95,0,6,1,11874986,0,84,0,0,11.875,384,[84 -64 4 0 0 0 0 0 0 0 0 0 8 -1 8 0 5 1 9 -4 11 -1 9 -3 6 -2 10 -2 11 0 10 -4 4 -4 11 3 6 0 8 0 12 2 9 3 7 0 9 -3 8 3 5 -1 10 4 6 -2 3 4 11 -4 4 -1 2 -1 4 -4 7 0 9 -4 11 -3 9 -4 9 -1 2 -3 6 -1 9 1 6 2 4 -6 4 -2 6 -6 4 -5 6 -4 2 1 8 -7 3 -2 2 -7 7 -5 7 -4 8 -1 4 -1 10 -2 2 0 8 -2 2 -5 -4 -3 0 0 0 0 0 0 0 0 ]
CSI_DATA,AP,68:FE:71:12:53:8C,-37,11,1,7,1,1,1,1,0,0,0,-95,2,6,1,12005965,0,84,0,0,12.006,384,[84 -64 4 0 0 0 0 0 0 0 0 0 15 2 16 4 12 1 17 0 13 4 18 5 12 2 13 1 11 9 10 3 12 6 16 4 17 5 10 10 14 11 17 11 15 8 14 2 14 10 13 3 13 2 17 3 8 5 12 4 17 7 9 3 -4 -1 13 1 12 4 15 7 13 6 13 0 9 6 12 0 12 5 16 0 9 2 13 0 8 -2 15 6 12 -2 14 3 13 4 13 -1 10 -3 12 2 17 -1 15 -3 10 4 14 -3 10 -3 16 -3 10 0 -2 -1 0 0 0 0 0 0 0 0 ]
CSI_DATA,AP,68:FE:71:12:53:8C,-34,11,0,0,0,0,0,0,0,0,0,-94,0,6,1,12141068,0,37,0,0,12.141,128,[84 -64 4 0 0 0 0 0 0 0 0 0 11 -7 9 -4 8 -5 11 -9 15 -6 12 -8 9 -8 14 -3 10 -10 10 -3 15 -3 13 -7 14 -3 9 -8 8 -1 15 -5 12 -5 12 -2 11 -4 13 -3 14 -2 11 -5 14 -5 8 -6 13 -3 7 -2 1 1 13 -4 7 -7 13 -2 8 -6 11 -2 8 -8 13 -4 13 -9 12 -4 6 -3 13 -3 6 -7 6 -5 11 -8 13 -3 8 -11 8 -11 4 -5 9 -4 10 -6 8 -5 7 -6 4 -7 10 -12 4 -4 11 -8 -1 2 0 0 0 0 0 0 0 0 ]
CSI_DATA,AP,68:FE:71:12:53:8C,-30,11,1,7,1,1,1,0,0,0,0,-94,0,6,1,12254652,0,84,0,0,12.255,384,[84 -64 4 0 0 0 0 0 0 0 0 0 20 -1 20 5 14 3 15 6 20 4 17 8 16 8 15 2 15 4 15 7 13 11 15 7 15 8 13 5 10 7 11 6 13 7 16 6 12 5 17 9 15 3 11 5 12 7 14 2 13 2 14 6 4 4 12 8 17 0 18 4 15 2 15 1 13 2 14 2 9 3 13 5 16 3 12 6 14 4 11 6 12 3 17 -1 11 1 15 -2 18 1 16 -4 13 2 11 1 9 -2 10 -3 19 -2 14 -3 14 -1 2 3 0 0 0 0 0 0 0 0 ]
CSI_DATA,AP,68:FE:71:12:53:8C,-31,11,1,7,1,1,1,1,0,0,0,-96,1,6,1,12359954,0,84,0,0,12.36,384,[84 -64 4 0 0 0 0 0 0 0 0 0 1 17 1 16 5 17 3 14 1 16 4 17 -1 18 1 11 3 14 -3 11 1 13 -4 11 1 13 -1 12 -3 15 0 12 2 13 2 16 -5 14 0 13 -1 10 -6 11 -2 12 -1 14 -5 14 -2 11 4 -2 2 9 -2 16 2 11 0 16 -1 9 4 9 3 16 5 12 1 9 0 11 -1 14 -1 9 5 13 -1 10 5 16 4 10 3 14 1 9 0 17 1 9 5 13 0 16 6 14 5 14 8 10 6 12 -4 1 0 0 0 0 0 0 0 0 ]
CSI_DATA,AP,68:FE:71:12:53:8C,-37,11,1,6,1,1,1,0,0,0,0,-95,0,6,1,12445685,0,84,0,0,12.446,384,[84 -64 4 0 0 0 0 0 0 0 0 0 -10 -19 -5 -23 -12 -17 -9 -25 -8 -17 -6 -17 -5 -24 -8 -17 -2 -23 -5 -22 -3 -20 -7 -18 -1 -21 -6 -21 0 -19 -2 -18 -3 -18 0 -19 -7 -17 0 -23 -4 -21 -6 -16 1 -20 -3 -17 0 -23 -5 -20 2 -2 -6 -17 -1 -14 -2 -16 -7 -12 -2 -19 -6 -14 -7 -20 -8 -18 -9 -17 -10 -17 -9 -20 -2 -16 -5 -18 -5 -18 -4 -18 -12 -18 -11 -17 -7 -13 -5 -11 -5 -10 -6 -10 -11 -10 -6 -13 -10 -11 -13 -12 -10 -17 0 1 0 0 0 0 0 0 0 0 ]
CSI_DATA,AP,68:FE:71:12:53:8C,-36,11,1,6,1,1,1,1,0,0,0,-95,5,6,1,12552283,0,84,0,0,12.552,384,[84 -64 4 0 0 0 0 0 0 0 0 0 -13 18 -11 14 -10 14 -17 18 -13 12 -11 15 -14 7 -16 9 -12 11 -16 9 -14 9 -11 10 -14 5 -13 6 -12 9 -8 8 -14 7 -14 6 -8 11 -11 10 -13 7 -12 4 -9 2 -11 3 -12 6 -7 5 -2 -1 -10 5 -8 5 -3 4 -6 6 -3 5 -5 9 -9 7 -8 6 -3 10 -9 8 -2 12 -6 11 -4 13 -8 12 -6 9 -8 9 -5 11 -1 8 -8 13 -3 5 -3 11 -6 8 -7 12 -5 14 1 9 -6 12 0 -4 0 0 0 0 0 0 0 0 ]
CSI_DATA,AP,68:FE:71:12:53:8C,-35,11,1,6,1,1,1,0,0,0,0,-95,0,6,1,12683523,0,84,0,0,12.684,384,[84 -64 4 0 0 0 0 0 0 0 0 0 8 -23 10 -27 9 -26 11 -28 10 -19 16 -18 17 -22 12 -21 13 -18 17 -14 11 -19 10 -17 11 -14 9 -21 12 -19 9 -11 12 -18 5 -17 11 -17 13 -16 12 -11 6 -10 9 -11 2 -9 7 -15 2 -18 -4 3 9 -16 1 -12 1 -18 4 -11 3 -15 2 -16 0 -16 -3 -18 0 -11 -4 -10 0 -17 -1 -16 -2 -17 2 -9 2 -18 -1 -13 -2 -18 0 -9 -1 -12 -8 -17 -1 -14 -9 -12 -10 -11 -3 -11 -10 -15 -10 -11 0 -2 0 0 0 0 0 0 0 0 ]
CSI_DATA,AP,68:FE:71:12:53:8C,-35,11,1,6,1,1,1,0,0,0,0,-93,0,6,1,12760327,0,84,0,0,12.76,384,[84 -64 4 0 0 0 0 0 0 0 0 0 8 -32 8 -25 10 -35 10 -27 14 -24 16 -27 14 -26 10 -26 14 -27 14 -27 13 -22 11 -24 11 -22 9 -22 13 -19 15 -20 14 -21 6 -15 14 -14 10 -19 6 -17 11 -17 6 -16 11 -19 8 -14 3 -16 1 4 8 -17 1 -12 0 -15 -1 -15 2 -15 5 -11 6 -18 1 -14 3 -16 -3 -9 -1 -18 -5 -10 -4 -14 -2 -9 -7 -11 -7 -12 -4 -16 -3 -13 -1 -11 -9 -14 -5 -11 -4 -11 -9 -13 -7 -14 -5 -8 -4 -12 1 4 0 0 0 0 0 0 0 0 ]
CSI_DATA,AP,68:FE:71:12:53:8C,-36,11,1,7,1,1,1,0,0,0,0,-94,0,6,1,12873040,0,84,0,0,12.873,384,[84 -64 4 0 0 0 0 0 0 0 0 0 -1 17 2 18 0 19 -1 22 2 15 -1 19 -2 15 0 20 -9 21 -8 13 -4 17 -7 16 -8 15 -7 13 -3 14 -9 21 -6 15 -5 18 -3 13 -8 18 -4 14 -2 16 -2 17 0 15 -4 16 -7 15 2 2 0 10 -3 12 0 11 0 17 -5 12 -6 11 -1 13 -4 14 -4 13 -3 14 0 11 -1 10 2 13 2 10 2 11 2 12 1 17 2 14 1 13 3 15 0 16 3 11 6 17 3 13 6 16 6 16 -3 1 0 0 0 0 0 0 0 0 ]
CSI_DATA,AP,68:FE:71:12:53:8C,-37,11,1,7,1,1,1,0,0,0,1,-95,0,6,1,12975200,0,84,0,0,12.975,384,[84 -64 4 0 0 0 0 0 0 0 0 0 -8 10 -13 8 -11 13 -15 9 -15 8 -18 8 -17 5 -11 4 -17 7 -9 7 -13 3 -15 9 -15 7 -12 3 -12 10 -10 6 -12 2 -13 4 -16 7 -8 8 -15 4 -14 5 -7 8 -8 9 -12 4 -14 9 3 0 -8 7 -15 7 -12 5 -6 11 -8 11 -11 5 -10 7 -10 11 -6 10 -6 13 -6 6 -8 8 -11 7 -7 7 -7 7 -13 9 -6 10 -10 10 -10 7 -7 11 -9 15 -6 11 -10 8 -11 15 -13 11 -6 12 -1 2 0 0 0 0 0 0 0 0 ]
CSI_DATA,AP,68:FE:71:12:53:8C,-34,11,1,7,1,1,1,0,0,0,0,-95,0,6,1,13076809,0,84,0,0,13.077,384,[84 -64 4 0 0 0 0 0 0 0 0 0 3 -23 4 -22 11 -24 8 -23 10 -20 11 -24 7 -16 9 -19 14 -21 15 -22 8 -20 10 -17 10 -20 16 -19 17 -20 18 -20 15 -18 17 -22 16 -18 16 -19 10 -21 16 -21 9 -14 16 -16 15 -23 12 -19 -1 -2 11 -23 14 -17 11 -21 14 -23 11 -16 14 -16 16 -19 8 -20 9 -21 9 -21 10 -19 6 -21 7 -22 8 -22 7 -19 10 -20 11 -19 9 -18 13 -23 4 -18 10 -22 10 -20 7 -23 11 -27 13 -26 6 -21 0 0 0 0 0 0 0 0 0 0 ]
CSI_DATA,AP,68:FE:71:12:53:8C,-32,11,1,7,1,1,1,0,0,0,0,-95,0,6,1,13155915,0,84,0,0,13.156,384,[84 -64 4 0 0 0 0 0 0 0 0 0 -14 -3 -18 -4 -19 -9 -14 -9 -18 -11 -11 -5 -13 -10 -15 -6 -11 -10 -18 -8 -14 -9 -10 -8 -14 -10 -13 -10 -9 -6 -18 -13 -11 -11 -11 -9 -7 -10 -8 -12 -11 -12 -8 -12 -10 -9 -13 -12 -14 -10 -12 -7 -2 2 -11 -14 -14 -7 -11 -6 -11 -13 -16 -7 -14 -9 -14 -13 -17 -6 -16 -7 -14 -7 -16 -8 -11 -12 -10 -8 -9 -10 -18 -3 -14 -4 -16 -9 -18 -2 -12 -7 -11 -1 -13 -4 -17 -2 -17 -9 -17 -9 -18 -5 -16 -1 4 -2 0 0 0 0 0 0 0 0 ]
CSI_DATA,AP,68:FE:71:12:53:8C,-36,11,1,5,1,1,1,0,0,0,0,-96,0,6,1,13271809,0,84,0,0,13.272,384,[84 -64 4 0 0 0 0 0 0 0 0 0 -12 -9 -14 -14 -18 -15 -15 -16 -17 -13 -18 -15 -15 -20 -13 -14 -11 -21 -11 -22 -16 -23 -12 -22 -16 -17 -11 -17 -13 -21 -15 -25 -7 -19 -7 -23 -11 -20 -9 -18 -11 -23 -7 -23 -5 -17 -11 -19 -8 -23 -13 -25 -2 2 -7 -16 -10 -23 -9 -16 -14 -20 -9 -17 -7 -17 -14 -21 -7 -15 -15 -21 -17 -18 -10 -18 -14 -14 -10 -15 -10 -16 -14 -17 -12 -17 -15 -13 -12 -15 -16 -18 -12 -11 -15 -16 -12 -13 -18 -10 -13 -18 -11 -12 -17 -9 2 -4 0 0 0 0 0 0 0 0 ]
CSI_DATA,AP,68:FE:71:12:53:8C,-33,11,1,7,1,1,1,0,0,0,0,-95,0,6,1,13391313,0,84,0,0,13.391,384,[84 -64 4 0 0 0 0 0 0 0 0 0 -13 -1 -18 3 -19 2 -20 0 -17 -2 -15 2 -14 -1 -17 -2 -18 -1 -21 -7 -22 -6 -18 -7 -19 -7 -17 -5 -18 -1 -20 -3 -19 -6 -21 -5 -20 -1 -20 -9 -20 -8 -15 -1 -21 -1 -19 -2 -17 -1 -19 -6 -2 -3 -22 -8 -22 -2 -20 -4 -22 -5 -18 -8 -22 -5 -19 0 -15 -6 -17 -4 -23 -2 -21 -2 -19 -2 -22 3 -13 0 -19 -2 -17 2 -20 2 -20 3 -17 -1 -18 5 -22 0 -17 2 -19 2 -23 1 -16 -4 -18 4 -3 2 0 0 0 0 0 0 0 0 ]
CSI_DATA,AP,68:FE:71:12:53:8C,-34,11,1,5,1,1,1,0,0,0,0,-95,0,6,1,13489374,0,84,0,0,13.489,384,[84 -64 4 0 0 0 0 0 0 0 0 0 -11 18 -15 17 -14 22 -15 20 -18 17 -17 18 -16 14 -13 17 -13 12 -12 13 -18 14 -17 12 -21 12 -19 16 -12 12 -13 12 -17 8 -13 12 -10 12 -15 14 -16 15 -12 9 -13 7 -18 10 -19 11 -18 13 -4 2 -15 14 -9 11 -12 9 -13 13 -9 15 -13 11 -9 13 -12 16 -9 8 -11 12 -12 18 -12 14 -10 16 -9 16 -5 17 -10 12 -7 11 -4 17 -5 15 -9 15 -9 10 -7 12 -3 14 -11 19 -8 13 -2 15 4 3 0 0 0 0 0 0 0 0 ]
CSI_DATA,AP,68:FE:71:12:53:8C,-34,11,1,6,1,1,1,0,0,0,0,-95,0,6,1,13593513,0,82,0,0,13.594,384,[82 -96 4 0 0 0 0 0 0 0 0 0 -16 7 -20 5 -17 1 -19 0 -19 2 -17 -1 -19 -3 -19 1 -22 -4 -17 0 -16 -2 -21 -4 -17 -5 -22 -2 -23 -5 -15 -5 -21 -5 -21 -4 -18 1 -13 2 -20 -1 -13 -3 -17 -6 -18 2 -17 -1 -18 2 0 2 -18 -2 -21 2 -13 -4 -16 -3 -14 -1 -17 -3 -20 0 -20 -1 -17 3 -18 2 -12 1 -15 4 -12 -1 -13 3 -17 -1 -16 0 -17 3 -16 4 -18 1 -12 3 -18 6 -12 5 -13 5 -17 2 -11 6 -19 1 -1 -4 0 0 0 0 0 0 0 0 ]
CSI_DATA,AP,68:FE:71:12:53:8C,-39,11,1,5,1,1,1,0,0,0,0,-95,0,6,1,13685237,0,84,0,0,13.685,384,[84 -64 4 0 0 0 0 0 0 0 0 0 19 -7 14 -6 19 -5 15 -1 18 1 17 -2 18 -6 17 -4 20 -3 17 -3 16 -4 16 -4 17 1 13 -2 14 -3 13 3 13 -2 18 4 14 -1 15 -1 18 -4 16 0 13 4 13 -3 15 2 14 1 1 -3 15 0 12 1 13 -1 13 -5 11 0 16 -3 13 2 17 -3 11 -7 11 -8 16 0 11 -5 13 -4 13 -4 17 -5 15 -5 14 -7 18 -5 10 -5 14 -3 15 -5 14 -4 17 -3 10 -6 9 -10 11 -8 0 -2 0 0 0 0 0 0 0 0 ]
CSI_DATA,AP,68:FE:71:12:53:8C,-32,11,1,7,1,1,1,0,0,0,0,-94,0,6,1,13778767,0,84,0,0,13.779,384,[84 -64 4 0 0 0 0 0 0 0 0 0 17 -11 15 -14 15 -14 17 -15 19 -9 15 -12 15 -13 14 -8 21 -11 13 -6 19 -10 19 -13 13 -6 19 -7 14 -7 13 -8 12 -8 15 -11 12 -12 17 -11 12 -6 17 -9 18 -11 17 -5 18 -10 12 -8 -1 0 13 -12 18 -9 11 -10 16 -10 13 -13 15 -6 12 -7 9 -9 11 -13 9 -11 14 -11 12 -15 16 -13 16 -9 15 -15 13 -11 13 -13 6 -8 15 -10 10 -9 8 -13 8 -13 8 -15 6 -15 12 -12 12 -17 -3 -2 0 0 0 0 0 0 0 0 ]
CSI_DATA,AP,68:FE:71:12:53:8C,-34,11,1,6,1,1,1,1,0,0,0,-95,1,6,1,13890900,0,84,0,0,13.891,384,[84 -64 4 0 0 0 0 0 0 0 0 0 -30 -20 -31 -24 -26 -29 -30 -26 -30 -24 -29 -27 -23 -25 -27 -25 -20 -34 -26 -31 -19 -27 -21 -34 -24 -28 -22 -32 -16 -32 -15 -29 -21 -30 -15 -31 -15 -31 -12 -29 -16 -32 -19 -33 -13 -29 -18 -33 -21 -26 -16 -26 0 1 -15 -28 -20 -31 -18 -29 -22 -28 -16 -24 -18 -23 -19 -29 -18 -22 -17 -22 -23 -22 -21 -26 -22 -22 -21 -26 -18 -20 -18 -20 -20 -25 -25 -20 -23 -19 -25 -22 -22 -21 -18 -26 -19 -26 -23 -21 -21 -24 -24 -20 -26 -21 -4 -2 0 0 0 0 0 0 0 0 ]
CSI_DATA,AP,68:FE:71:12:53:8C,-33,11,1,7,1,1,1,0,0,0,0,-94,0,6,1,14022539,0,84,0,0,14.023,384,[84 -64 4 0 0 0 0 0 0 0 0 0 16 7 16 6 19 3 21 2 18 7 14 5 16 2 16 10 20 6 20 7 13 9 20 7 13 11 17 6 15 11 18 9 14 8 19 3 15 4 13 4 17 10 18 9 12 3 18 5 18 8 13 10 2 4 11 5 17 1 15 2 14 3 18 8 14 1 11 0 13 5 14 4 14 5 13 4 10 1 11 6 16 3 16 -2 19 0 15 1 13 -2 12 3 13 4 16 4 18 -1 16 1 13 3 10 0 17 -4 0 3 0 0 0 0 0 0 0 0 ]
CSI_DATA,AP,68:FE:71:12:53:8C,-35,11,1,7,1,1,1,0,0,0,0,-95,0,6,1,14122636,0,84,0,0,14.123,384,[84 -64 4 0 0 0 0 0 0 0 0 0 -17 16 -11 16 -15 15 -20 15 -15 16 -15 12 -17 10 -12 8 -16 6 -20 11 -16 11 -17 12 -19 10 -20 8 -16 13 -17 7 -14 7 -15 5 -19 9 -16 9 -12 8 -13 4 -12 10 -19 8 -16 5 -11 9 -2 4 -17 10 -18 8 -19 13 -10 8 -13 11 -11 11 -15 8 -13 13 -11 13 -13 13 -8 14 -10 14 -10 10 -8 10 -15 10 -14 16 -16 11 -15 15 -8 12 -13 12 -14 16 -13 14 -11 13 -13 13 -14 11 -13 14 0 -2 0 0 0 0 0 0 0 0 ]
CSI_DATA,AP,68:FE:71:12:53:8C,-32,11,0,0,0,0,0,0,0,0,0,-96,0,6,1,14218270,0,37,0,0,14.218,128,[84 -64 4 0 0 0 0 0 0 0 0 0 -8 -22 -12 -20 -5 -22 -6 -23 -3 -20 -9 -15 -7 -16 -5 -21 -1 -23 -7 -24 -1 -22 -7 -18 1 -23 -2 -20 -2 -16 -5 -21 -4 -21 -6 -19 -5 -16 -4 -21 -6 -19 -2 -17 -2 -19 -6 -13 -3 -15 -7 -13 -1 0 -5 -17 -8 -13 0 -16 -1 -20 -3 -17 -5 -12 -8 -19 -1 -15 -1 -15 -2 -12 -8 -19 -4 -19 -3 -17 -6 -17 -9 -18 -4 -18 -10 -13 -8 -15 -12 -17 -9 -11 -4 -12 -9 -14 -10 -12 -14 -14 -10 -13 -7 -12 -1 1 0 0 0 0 0 0 0 0 ]
CSI_DATA,AP,68:FE:71:12:53:8C,-32,11,1,7,1,1,1,0,0,0,0,-94,0,6,1,14312212,0,84,0,0,14.312,384,[84 -64 4 0 0 0 0 0 0 0 0 0 -3 19 -2 18 -3 19 2 23 -3 23 -6 24 -1 16 -1 19 -8 15 -4 20 -2 18 -3 15 -4 15 -9 20 -2 16 -9 21 -6 14 -5 15 -5 13 -1 15 -5 19 -5 19 -4 13 -4 19 -8 17 -9 19 2 2 -3 15 -5 14 0 20 -5 15 -2 11 -4 19 -4 20 -1 13 -3 18 -1 15 -4 17 -3 16 0 17 0 16 2 13 -2 17 -1 11 0 17 -2 19 -1 18 1 12 4 19 5 16 -2 20 -2 13 3 11 2 -4 0 0 0 0 0 0 0 0 ]
CSI_DATA,AP,68:FE:71:12:53:8C,-38,11,1,6,1,1,1,0,0,0,0,-93,0,6,1,14418885,0,84,0,0,14.419,384,[84 -64 4 0 0 0 0 0 0 0 0 0 18 -3 21 -5 23 -3 17 1 18 0 20 0 19 3 19 -3 20 -3 18 1 21 0 18 6 23 3 24 6 21 1 16 4 16 1 15 6 16 2 21 1 20 1 16 -1 16 6 17 2 18 6 16 2 -4 1 16 6 14 5 20 4 20 -2 13 -3 13 5 19 2 17 3 18 -1 18 2 20 -1 13 -2 17 -2 16 0 19 2 16 -2 14 -3 21 -6 14 -1 15 -8 19 0 15 -6 16 -6 13 -2 18 -4 13 -6 -4 1 0 0 0 0 0 0 0 0 ]
CSI_DATA,AP,68:FE:71:12:53:8C,-31,11,1,6,1,1,1,0,0,0,0,-96,0,6,1,14546896,0,84,0,0,14.547,384,[84 -64 4 0 0 0 0 0 0 0 0 0 -19 2 -21 -4 -21 -5 -23 -5 -21 -5 -18 -9 -23 -3 -20 -2 -17 -4 -18 -3 -22 -11 -18 -8 -15 -4 -20 -9 -21 -5 -22 -10 -13 -5 -14 -3 -14 -5 -17 -9 -13 -9 -12 -11 -14 -8 -15 -3 -14 -11 -16 -6 -4 -2 -19 -3 -18 -6 -15 -7 -17 -7 -16 -6 -17 -9 -19 -7 -11 0 -16 -1 -13 -2 -16 -1 -12 -5 -14 -4 -12 -2 -20 -2 -13 -5 -20 0 -19 -1 -18 -4 -17 2 -18 -4 -19 -1 -17 -2 -21 3 -19 -3 -12 4 -3 1 0 0 0 0 0 0 0 0 ]
CSI_DATA,AP,68:FE:71:12:53:8C,-35,11,1,6,1,1,1,0,0,0,0,-94,0,6,1,14662868,0,84,0,0,14.663,384,[84 -64 4 0 0 0 0 0 0 0 0 0 -19 12 -19 12 -14 10 -14 13 -19 4 -20 3 -15 10 -18 10 -19 5 -17 10 -22 10 -23 8 -16 9 -19 7 -16 4 -21 7 -15 0 -20 6 -20 2 -17 5 -19 0 -17 0 -16 0 -16 6 -13 3 -18 1 -4 1 -19 6 -20 7 -18 5 -20 7 -14 4 -14 8 -13 9 -15 9 -13 3 -17 5 -19 10 -11 4 -15 6 -12 5 -18 8 -11 9 -15 6 -10 11 -13 7 -12 10 -13 11 -9 8 -13 14 -9 13 -9 12 -13 10 1 -2 0 0 0 0 0 0 0 0 ]
CSI_DATA,AP,68:FE:71:12:53:8C,-35,11,1,5,1,1,1,0,0,0,0,-95,0,6,1,14777953,0,84,0,0,14.778,384,[84 -64 4 0 0 0 0 0 0 0 0 0 5 -4 6 -8 6 -8 4 -4 9 -8 4 -11 10 -5 12 -4 4 -8 9 -9 12 -5 9 -2 10 -2 11 -7 9 -2 9 -2 6 -4 9 -2 4 -4 6 -2 4 -4 4 -7 7 -8 10 -3 6 -5 10 -6 -3 1 10 -2 3 -7 3 -8 8 -2 1 -6 4 -6 6 -2 9 -4 4 -2 3 -7 4 -6 5 -5 6 -10 6 -8 6 -3 8 -3 2 -11 4 -4 5 -11 5 -5 8 -7 8 -8 3 -7 4 -6 3 -11 6 -6 1 -4 0 0 0 0 0 0 0 0 ]
CSI_DATA,AP,68:FE:71:12:53:8C,-33,11,1,6,1,1,1,0,0,0,0,-93,0,6,1,14876506,0,84,0,0,14.877,384,[84 -64 4 0 0 0 0 0 0 0 0 0 22 6 21 4 20 11 19 10 21 11 13 9 18 7 18 14 16 7 19 9 12 15 18 8 15 11 10 13 11 9 16 9 12 9 15 11 13 15 10 13 14 14 16 15 12 12 15 11 15 10 11 6 2 0 12 13 13 11 12 7 12 5 9 8 17 6 13 4 12 11 11 12 16 4 11 9 16 3 11 5 11 9 14 4 13 7 15 7 13 5 18 2 12 4 16 4 16 5 17 7 14 4 11 0 14 2 1 -2 0 0 0 0 0 0 0 0 ]
CSI_DATA,AP,68:FE:71:12:53:8C,-37,11,1,5,1,1,1,0,0,0,0,-94,0,6,1,14971309,0,84,0,0,14.971,384,[84 -64 4 0 0 0 0 0 0 0 0 0 2 -21 6 -13 11 -16 4 -13 13 -18 5 -17 5 -19 12 -11 9 -12 14 -16 10 -14 15 -15 7 -13 13 -12 15 -12 13 -17 13 -13 12 -14 13 -12 7 -12 13 -11 12 -10 14 -8 13 -9 12 -12 14 -14 -2 2 7 -14 9 -10 5 -15 8 -11 10 -7 9 -14 4 -16 4 -13 8 -8 9 -11 10 -17 11 -11 9 -15 8 -16 10 -14 4 -16 7 -14 2 -9 2 -9 3 -12 7 -13 9 -13 7 -15 5 -14 3 -13 1 -10 2 0 0 0 0 0 0 0 0 0 ]
CSI_DATA,AP,68:FE:71:12:53:8C,-34,11,0,0,0,0,0,0,0,0,0,-95,0,6,1,15041378,0,37,0,0,15.041,128,[84 -64 4 0 0 0 0 0 0 0 0 0 9 -19 5 -16 6 -14 9 -20 9 -15 10 -13 13 -21 15 -19 14 -20 7 -20 8 -14 8 -13 14 -15 12 -16 11 -19 14 -13 8 -14 10 -11 12 -10 9 -13 11 -13 14 -16 9 -10 12 -11 11 -13 14 -14 2 1 12 -12 12 -13 13 -13 5 -15 6 -18 4 -18 9 -10 8 -17 11 -11 10 -15 5 -14 2 -15 10 -12 5 -14 6 -12 7 -16 7 -20 3 -17 7 -20 4 -15 0 -13 1 -19 0 -20 3 -15 1 -17 0 -16 0 1 0 0 0 0 0 0 0 0 ]
CSI_DATA,AP,68:FE:71:12:53:8C,-34,11,1,6,1,1,1,1,0,0,0,-95,6,6,1,15153195,0,84,0,0,15.153,384,[84 -64 4 0 0 0 0 0 0 0 0 0 -4 -16 -5 -15 -5 -20 -1 -23 -6 -16 -4 -21 -4 -18 -3 -16 0 -18 0 -22 -2 -22 1 -22 -2 -17 -1 -20 0 -19 2 -20 0 -20 -2 -14 2 -15 -2 -14 -2 -13 0 -19 0 -13 1 -18 2 -15 4 -11 -1 -4 -3 -12 1 -13 -3 -20 -3 -14 -1 -18 -2 -16 1 -17 -4 -19 0 -14 -5 -16 0 -15 0 -14 -4 -10 -5 -13 -6 -17 -7 -18 -2 -11 -3 -15 -1 -16 -7 -12 -8 -12 -8 -13 -4 -16 -3 -11 -7 -12 -5 -14 -3 2 0 0 0 0 0 0 0 0 ]
CSI_DATA,AP,68:FE:71:12:53:8C,-36,11,1,6,1,1,1,1,0,0,0,-94,1,6,1,15246637,0,84,0,0,15.247,384,[84 -64 4 0 0 0 0 0 0 0 0 0 -3 15 1 21 1 21 -2 23 -8 20 -9 17 -3 18 -9 15 -6 15 -4 15 -4 14 -6 18 -4 15 -10 15 -9 15 -6 17 -7 19 -2 15 -10 17 -7 17 -7 17 -7 16 -5 11 -6 10 -6 15 -10 16 4 0 -1 12 -8 12 -2 17 -5 11 -8 15 -4 13 -7 18 -2 13 1 12 -7 12 -5 15 -5 11 -4 16 -1 16 2 16 -1 12 -3 18 -1 12 0 18 5 15 1 16 0 18 2 11 1 14 3 16 2 17 -3 -3 0 0 0 0 0 0 0 0 ]
CSI_DATA,AP,68:FE:71:12:53:8C,-36,11,1,6,1,1,1,0,0,0,0,-95,0,6,1,15340919,0,84,0,0,15.341,384,[84 -64 4 0 0 0 0 0 0 0 0 0 -12 -14 -12 -19 -10 -17 -7 -17 -11 -22 -4 -19 -8 -17 -6 -15 -6 -17 -1 -23 -2 -17 -7 -17 1 -16 -6 -23 1 -16 -7 -18 0 -22 -5 -23 -4 -21 -2 -19 0 -15 -6 -16 -3 -19 -6 -16 -3 -18 0 -19 3 4 0 -15 -1 -19 -8 -19 -4 -17 -8 -16 -6 -20 -4 -14 -6 -13 -3 -18 -7 -19 -8 -17 -4 -19 -3 -19 -2 -11 -3 -19 -6 -13 -7 -14 -3 -19 -7 -19 -10 -18 -5 -13 -6 -12 -5 -16 -5 -11 -8 -11 -9 -11 -2 -4 0 0 0 0 0 0 0 0 ]
CSI_DATA,AP,68:FE:71:12:53:8C,-34,11,0,0,0,0,0,0,0,0,0,-96,0,6,1,15430849,0,37,0,0,15.431,128,[84 -64 4 0 0 0 0 0 0 0 0 0 -18 14 -18 14 -13 11 -16 14 -19 11 -18 8 -14 15 -18 8 -19 9 -16 11 -18 13 -15 6 -17 6 -19 10 -18 12 -17 10 -15 9 -15 6 -17 10 -14 11 -17 10 -16 8 -19 5 -12 8 -11 11 -11 7 -3 -1 -11 11 -15 8 -13 6 -14 12 -15 6 -14 8 -11 13 -12 11 -13 10 -10 9 -9 13 -9 15 -9 9 -8 8 -14 7 -7 13 -14 15 -10 13 -8 15 -13 17 -8 8 -10 9 -8 16 -12 15 -7 15 -8 16 -3 3 0 0 0 0 0 0 0 0 ]
CSI_DATA,AP,68:FE:71:12:53:8C,-32,11,1,7,1,1,1,0,0,0,1,-94,0,6,1,15541259,0,84,0,0,15.541,384,[84 -64 4 0 0 0 0 0 0 0 0 0 15 11 15 15 18 10 19 9 15 9 13 15 15 11 14 15 15 15 13 17 16 18 8 12 16 10 13 14 7 18 9 17 7 15 14 11 13 16 12 16 5 14 7 15 5 13 8 11 13 10 11 12 -4 -3 7 16 8 9 10 9 12 13 12 8 13 9 10 15 9 10 7 9 10 12 8 14 9 12 13 9 12 13 14 8 12 6 12 8 11 11 14 7 10 7 12 9 15 7 12 6 17 5 12 5 15 7 -2 -1 0 0 0 0 0 0 0 0 ]
CSI_DATA,AP,68:FE:71:12:53:8C,-34,11,1,6,1,1,1,1,0,0,0,-94,5,6,1,15613534,0,84,0,0,15.614,384,[84 -64 4 0 0 0 0 0 0 0 0 0 5 -22 2 -23 7 -24 7 -26 3 -17 6 -20 8 -24 5 -22 11 -23 4 -22 11 -18 7 -22 4 -20 4 -17 10 -13 11 -16 8 -18 5 -18 9 -15 12 -17 6 -20 10 -13 9 -13 6 -17 3 -20 5 -15 4 1 7 -14 7 -14 9 -16 8 -18 9 -18 2 -19 3 -20 2 -12 1 -12 5 -20 5 -12 7 -16 -1 -18 3 -17 4 -16 5 -14 0 -21 0 -14 2 -20 3 -18 1 -13 5 -16 2 -21 -1 -21 -3 -18 -3 -16 -3 0 0 0 0 0 0 0 0 0 ]
CSI_DATA,AP,68:FE:71:12:53:8C,-36,11,1,6,1,1,1,0,0,0,0,-95,0,6,1,15717731,0,84,0,0,15.718,384,[84 -64 4 0 0 0 0 0 0 0 0 0 -22 -3 -21 -6 -23 -11 -21 -7 -24 -8 -22 -14 -16 -14 -16 -7 -14 -10 -20 -11 -19 -16 -20 -14 -20 -8 -21 -11 -18 -12 -16 -15 -13 -16 -16 -14 -15 -12 -18 -12 -14 -8 -16 -11 -10 -10 -13 -8 -15 -7 -15 -6 2 2 -18 -12 -15 -6 -13 -10 -14 -8 -14 -11 -11 -7 -13 -5 -15 -6 -14 -7 -13 -11 -16 -2 -18 -9 -13 -8 -20 -3 -16 -2 -17 -7 -16 -6 -14 -2 -14 -2 -16 -4 -14 -8 -18 -6 -14 -1 -18 1 -16 -1 -13 -3 -3 4 0 0 0 0 0 0 0 0 ]
CSI_DATA,AP,68:FE:71:12:53:8C,-33,11,1,7,1,1,1,0,0,0,0,-94,0,6,1,15853240,0,84,0,0,15.853,384,[84 -64 4 0 0 0 0 0 0 0 0 0 -8 15 -10 14 -10 18 -18 20 -18 16 -12 15 -11 14 -17 12 -10 10 -10 14 -18 16 -17 16 -13 16 -18 9 -18 13 -19 14 -17 12 -11 8 -14 7 -15 8 -12 9 -18 8 -17 7 -13 14 -15 16 -13 12 -4 -1 -15 11 -10 11 -12 9 -11 9 -8 11 -12 16 -11 14 -13 12 -9 9 -13 10 -8 15 -12 12 -9 13 -13 12 -9 11 -13 11 -8 13 -5 10 -7 15 -11 15 -5 15 -4 14 -7 17 -4 15 -6 11 -7 14 1 -4 0 0 0 0 0 0 0 0 ]
CSI_DATA,AP,68:FE:71:12:53:8C,-37,11,1,6,1,1,1,0,0,0,0,-94,0,6,1,15962234,0,84,0,0,15.962,384,[84 -64 4 0 0 0 0 0 0 0 0 0 -19 -11 -15 -17 -21 -12 -20 -11 -19 -15 -20 -12 -18 -13 -12 -14 -15 -19 -18 -18 -14 -18 -19 -20 -16 -13 -13 -13 -14 -15 -16 -20 -17 -20 -13 -17 -17 -20 -17 -12 -14 -14 -16 -16 -15 -14 -12 -18 -13 -19 -10 -18 -1 -1 -10 -14 -9 -11 -9 -16 -15 -13 -12 -9 -18 -16 -13 -12 -16 -9 -14 -14 -18 -11 -16 -11 -18 -9 -13 -7 -18 -12 -17 -15 -18 -9 -14 -7 -14 -6 -14 -10 -19 -8 -14 -5 -20 -11 -20 -10 -19 -12 -15 -6 -18 -8 1 2 0 0 0 0 0 0 0 0 ]
CSI_DATA,AP,68:FE:71:12:53:8C,-34,11,1,6,1,1,1,0,0,0,0,-96,0,6,1,16053617,0,84,0,0,16.054,384,[84 -64 4 0 0 0 0 0 0 0 0 0 -24 6 -17 5 -26 5 -19 8 -20 2 -23 4 -18 4 -19 0 -23 4 -19 2 -19 2 -26 6 -23 6 -24 4 -20 -1 -27 6 -19 3 -19 -2 -17 -3 -17 2 -18 2 -23 2 -14 2 -17 -3 -17 -2 -18 2 1 1 -22 3 -22 7 -14 3 -21 4 -15 7 -14 8 -20 0 -18 5 -15 2 -16 5 -15 10 -17 8 -21 3 -15 3 -13 8 -17 5 -21 6 -18 10 -14 10 -11 8 -13 11 -20 11 -14 8 -18 12 -16 12 -11 10 -1 0 0 0 0 0 0 0 0 0 ]
CSI_DATA,AP,68:FE:71:12:53:8C,-34,11,1,7,1,1,1,0,0,0,0,-94,0,6,1,16138124,0,84,0,0,16.138,384,[84 -64 4 0 0 0 0 0 0 0 0 0 -2 -17 6 -23 4 -20 4 -23 5 -19 3 -19 8 -19 8 -17 10 -18 10 -19 11 -20 6 -16 10 -22 8 -24 10 -15 8 -20 5 -23 5 -18 3 -16 8 -18 6 -17 9 -14 9 -14 7 -14 2 -20 4 -15 -3 0 4 -16 2 -18 2 -17 2 -16 8 -15 2 -16 9 -19 0 -16 2 -17 2 -13 4 -17 3 -12 6 -15 3 -19 -1 -21 5 -18 -1 -16 -1 -15 -4 -19 1 -20 3 -17 -5 -19 -6 -20 -4 -21 0 -20 -6 -20 -2 -1 0 0 0 0 0 0 0 0 ]
CSI_DATA,AP,68:FE:71:12:53:8C,-33,11,1,7,1,1,1,0,0,0,0,-95,0,6,1,16225830,0,82,0,0,16.226,384,[84 -64 4 0 0 0 0 0 0 0 0 0 -12 11 -18 18 -16 13 -20 12 -15 10 -21 14 -17 10 -18 8 -17 7 -21 12 -23 8 -18 14 -19 8 -21 13 -23 10 -17 6 -14 11 -14 8 -21 3 -16 5 -21 9 -18 4 -17 2 -20 11 -14 5 -21 10 4 -4 -18 10 -14 10 -16 11 -19 11 -19 4 -17 10 -20 10 -18 7 -16 12 -12 6 -13 12 -14 8 -10 12 -15 9 -14 10 -16 10 -11 11 -12 8 -11 11 -13 10 -17 13 -17 15 -15 10 -14 12 -13 13 -8 9 -1 -2 0 0 0 0 0 0 0 0 ]
CSI_DATA,AP,68:FE:71:12:53:8C,-31,11,1,7,1,1,1,0,0,0,0,-94,0,6,1,16344843,0,84,0,0,16.345,384,[84 -64 4 0 0 0 0 0 0 0 0 0 -17 -10 -21 -12 -20 -15 -23 -11 -18 -16 -15 -14 -17 -11 -17 -14 -20 -15 -12 -19 -20 -15 -17 -15 -14 -15 -18 -17 -11 -15 -19 -19 -15 -16 -16 -13 -11 -16 -14 -17 -12 -12 -13 -14 -8 -14 -11 -19 -16 -13 -14 -15 -3 4 -16 -14 -18 -13 -16 -10 -10 -14 -9 -8 -15 -10 -11 -11 -13 -13 -17 -12 -18 -14 -18 -14 -18 -11 -19 -7 -16 -10 -12 -7 -15 -8 -20 -13 -18 -10 -19 -5 -19 -7 -13 -6 -16 -10 -18 -8 -17 -10 -17 -9 -17 -6 -2 2 0 0 0 0 0 0 0 0 ]
CSI_DATA,AP,68:FE:71:12:53:8C,-34,11,1,6,1,1,1,0,0,0,0,-93,0,6,1,16443298,0,84,0,0,16.443,384,[84 -64 4 0 0 0 0 0 0 0 0 0 -15 -12 -18 -9 -19 -14 -13 -11 -13 -12 -11 -15 -16 -16 -10 -16 -12 -20 -16 -13 -18 -17 -16 -15 -16 -12 -14 -13 -9 -19 -12 -19 -12 -16 -14 -16 -8 -19 -15 -14 -7 -18 -8 -18 -8 -14 -8 -18 -11 -13 -8 -14 -2 -2 -7 -18 -14 -18 -8 -14 -11 -11 -12 -12 -14 -15 -12 -18 -8 -14 -12 -13 -10 -13 -9 -9 -14 -12 -8 -10 -8 -14 -13 -13 -11 -15 -13 -11 -13 -10 -15 -10 -9 -10 -10 -13 -15 -14 -15 -9 -12 -12 -10 -12 -10 -6 -2 -4 0 0 0 0 0 0 0 0 ]
CSI_DATA,AP,68:FE:71:12:53:8C,-42,11,1,5,1,1,1,1,0,0,0,-95,5,6,1,16540478,0,82,0,0,16.54,384,[84 -64 4 0 0 0 0 0 0 0 0 0 12 -18 17 -12 15 -10 13 -13 16 -16 13 -9 13 -12 16 -7 13 -9 15 -14 20 -6 17 -11 20 -7 13 -11 13 -6 15 -11 21 -8 17 -8 17 -5 17 -12 13 -5 12 -10 12 -8 16 -9 12 -9 15 -5 4 -3 11 -12 10 -6 16 -13 14 -9 11 -11 16 -7 10 -10 14 -10 14 -10 8 -15 9 -13 8 -8 13 -10 10 -14 11 -7 11 -9 8 -8 7 -11 8 -9 7 -8 13 -12 9 -13 10 -11 14 -13 13 -16 5 -13 -1 4 0 0 0 0 0 0 0 0 ]
CSI_DATA,AP,68:FE:71:12:53:8C,-35,11,1,5,1,1,1,0,0,0,0,-94,0,6,1,16630442,0,84,0,0,16.63,384,[84 -64 4 0 0 0 0 0 0 0 0 0 21 3 23 3 15 9 19 9 20 9 14 3 19 6 15 5 20 5 14 5 16 6 15 6 22 10 19 14 15 8 15 11 14 11 10 5 10 13 11 7 10 13 16 10 15 9 17 5 12 5 19 12 3 -1 13 3 19 8 16 10 15 6 17 4 16 2 18 4 18 5 19 7 13 6 16 3 16 2 14 4 16 -1 16 7 12 3 14 2 18 5 12 4 17 -3 12 3 14 2 15 4 12 1 13 3 13 -3 4 -2 0 0 0 0 0 0 0 0 ]
CSI_DATA,AP,68:FE:71:12:53:8C,-36,11,1,6,1,1,1,0,0,0,0,-93,0,6,1,16732800,0,84,0,0,16.733,384,[84 -64 4 0 0 0 0 0 0 0 0 0 0 18 1 23 5 17 5 24 4 24 -4 21 -5 20 -3 15 0 24 -1 24 1 20 -6 19 2 20 0 23 -2 19 -1 17 0 17 0 21 1 20 -4 15 0 14 -4 21 -4 18 1 20 -5 19 -5 17 -2 -3 -1 12 -4 21 -1 21 -6 16 2 18 -4 15 1 20 0 13 4 19 1 20 -2 18 0 18 -2 15 5 16 5 18 4 20 5 19 2 19 -2 20 0 19 0 17 6 14 5 18 5 14 0 12 1 15 3 -2 0 0 0 0 0 0 0 0 ]
CSI_DATA,AP,68:FE:71:12:53:8C,-35,11,1,5,1,1,1,0,0,0,0,-94,0,6,1,16836618,0,84,0,0,16.837,384,[84 -64 4 0 0 0 0 0 0 0 0 0 17 -12 17 -18 19 -19 19 -14 20 -19 19 -16 16 -15 20 -9 20 -17 18 -15 21 -10 19 -10 21 -9 18 -7 14 -9 16 -11 14 -10 18 -8 12 -13 13 -14 14 -9 11 -10 15 -12 18 -8 13 -13 15 -13 -2 4 12 -11 17 -12 16 -9 9 -11 11 -11 11 -13 10 -11 14 -7 7 -13 9 -9 12 -13 12 -8 15 -16 6 -15 10 -15 10 -15 13 -17 9 -19 8 -18 10 -16 11 -13 4 -15 9 -13 5 -13 6 -13 7 -19 -3 -3 0 0 0 0 0 0 0 0 ]
CSI_DATA,AP,68:FE:71:12:53:8C,-34,11,1,6,1,1,1,1,0,0,0,-93,2,6,1,16927460,0,84,0,0,16.927,384,[84 -64 4 0 0 0 0 0 0 0 0 0 6 20 1 18 0 22 -2 19 3 24 0 22 2 22 -3 16 -3 19 2 18 -3 23 -4 25 -2 17 -1 22 1 23 -1 20 -5 20 -5 21 -4 22 -1 15 -7 14 -5 21 -3 17 -2 22 -4 15 -4 20 0 3 -6 17 0 21 -3 13 3 14 3 14 1 14 3 13 -2 20 -4 13 2 15 3 15 5 17 1 20 2 18 4 13 -1 20 -1 20 4 16 2 14 3 17 2 18 4 17 5 15 8 16 0 15 9 11 3 1 0 0 0 0 0 0 0 0 ]
CSI_DATA,AP,68:FE:71:12:53:8C,-32,11,1,7,1,1,1,0,0,0,0,-95,0,6,1,17030595,0,84,0,0,17.031,384,[84 -64 4 0 0 0 0 0 0 0 0 0 -1 16 -7 22 -8 23 -8 22 -4 24 -2 19 -6 22 -4 17 -3 20 -11 13 -11 21 -8 23 -5 17 -11 17 -5 14 -11 15 -10 19 -4 11 -8 12 -13 18 -6 13 -6 17 -12 15 -5 14 -9 14 -4 16 -4 1 -5 19 -9 18 -12 19 -4 17 -8 17 -7 17 -9 16 -1 11 -7 19 0 12 -9 18 -5 18 -1 15 -3 20 -2 16 -1 13 -2 18 2 19 0 12 -2 14 -5 13 -3 12 -3 19 3 17 -1 16 -4 12 4 1 0 0 0 0 0 0 0 0 ]
CSI_DATA,AP,68:FE:71:12:53:8C,-34,11,1,5,1,1,1,0,0,0,0,-93,0,6,1,17123348,0,84,0,0,17.123,384,[84 -64 4 0 0 0 0 0 0 0 0 0 1 -18 3 -23 -1 -20 3 -19 -2 -23 -2 -24 1 -17 1 -19 6 -20 2 -20 2 -20 2 -18 8 -19 7 -24 8 -17 3 -17 0 -22 0 -18 7 -15 7 -20 5 -20 1 -21 6 -17 3 -15 0 -19 0 -16 1 -3 4 -19 7 -19 4 -16 -3 -18 6 -15 1 -14 -2 -19 -1 -15 -2 -17 -4 -13 4 -13 0 -15 -1 -13 -2 -19 -4 -21 -2 -15 -1 -16 -3 -14 -3 -20 1 -16 -4 -17 2 -21 -3 -19 -5 -20 -1 -15 1 -21 4 2 0 0 0 0 0 0 0 0 ]
CSI_DATA,AP,68:FE:71:12:53:8C,-32,11,1,7,1,1,1,0,0,0,1,-93,0,6,1,17245541,0,84,0,0,17.246,384,[84 -64 4 0 0 0 0 0 0 0 0 0 5 17 3 18 3 20 1 19 -1 22 -7 21 -6 23 -3 17 -5 15 1 18 -6 20 0 16 -1 18 -8 18 -4 19 -2 18 -1 21 -6 20 -9 13 -6 15 -6 21 -9 16 -3 14 -2 20 -3 17 0 21 2 -3 -5 14 -2 20 -5 18 0 12 -5 18 1 14 2 17 -4 19 0 19 -4 11 -3 18 2 13 -2 12 -1 16 0 15 -1 19 -1 15 7 16 2 18 6 18 1 15 3 13 8 13 5 16 2 17 8 15 1 -4 0 0 0 0 0 0 0 0 ]
CSI_DATA,AP,68:FE:71:12:53:8C,-31,11,1,7,1,1,1,0,0,0,0,-94,0,6,1,17344052,0,84,0,0,17.344,384,[84 -64 4 0 0 0 0 0 0 0 0 0 -22 1 -19 5 -26 4 -19 5 -18 3 -25 0 -22 -3 -18 -2 -24 3 -22 -3 -20 -3 -23 0 -21 1 -19 -1 -17 -1 -23 -1 -22 0 -17 3 -16 0 -15 1 -23 -5 -17 -2 -14 -1 -14 -5 -20 -5 -19 1 -2 -3 -17 3 -19 4 -19 0 -15 2 -13 2 -19 1 -18 1 -20 3 -15 3 -13 4 -16 1 -13 -1 -20 0 -14 2 -14 -1 -21 8 -14 3 -19 4 -18 0 -18 6 -18 4 -20 10 -15 8 -21 3 -15 10 -20 4 -3 0 0 0 0 0 0 0 0 0 ]
CSI_DATA,AP,68:FE:71:12:53:8C,-35,11,1,6,1,1,1,0,0,0,0,-94,0,6,1,17427085,0,84,0,0,17.427,384,[84 -64 4 0 0 0 0 0 0 0 0 0 2 23 8 19 0 23 -1 20 2 22 1 16 3 19 -2 20 -4 23 3 23 1 23 -2 17 -2 21 0 21 -1 15 1 22 1 17 2 15 1 16 -4 16 0 15 2 20 -2 18 0 14 -1 22 1 15 1 3 -5 13 3 15 -1 15 2 13 -3 14 -4 16 0 20 -4 15 2 17 5 18 -1 20 3 18 -2 14 6 14 -1 12 1 18 5 16 1 17 5 18 5 14 0 14 9 19 6 15 5 18 3 18 7 17 -4 3 0 0 0 0 0 0 0 0 ]
CSI_DATA,AP,68:FE:71:12:53:8C,-33,11,1,7,1,1,1,1,0,0,0,-93,6,6,1,17534686,0,84,0,0,17.535,384,[84 -64 4 0 0 0 0 0 0 0 0 0 -18 -16 -13 -12 -13 -15 -18 -17 -11 -11 -9 -15 -11 -13 -10 -12 -16 -13 -13 -11 -13 -17 -16 -16 -10 -13 -15 -18 -7 -12 -11 -14 -9 -13 -5 -17 -13 -14 -8 -13 -12 -15 -8 -17 -7 -17 -11 -11 -10 -12 -5 -11 2 -1 -14 -16 -9 -16 -11 -13 -10 -14 -7 -16 -8 -10 -13 -17 -9 -8 -13 -11 -10 -13 -14 -7 -10 -6 -13 -14 -16 -15 -10 -9 -13 -8 -14 -9 -10 -9 -9 -14 -10 -6 -17 -7 -11 -11 -14 -11 -12 -9 -13 -10 -9 -4 4 4 0 0 0 0 0 0 0 0 ]
CSI_DATA,AP,68:FE:71:12:53:8C,-35,11,1,6,1,1,1,0,0,0,0,-94,0,6,1,17624021,0,84,0,0,17.624,384,[84 -64 4 0 0 0 0 0 0 0 0 0 13 -13 12 -10 13 -10 18 -9 13 -9 15 -8 15 -12 14 -4 16 -4 14 -7 17 -10 22 -4 15 -3 20 -4 13 0 18 -2 21 -5 17 -5 12 -8 17 -5 13 -5 18 0 18 -8 20 -4 19 -4 20 -3 2 -4 15 -4 13 -6 18 -1 12 -4 13 -2 14 -8 17 -5 10 -4 15 -9 11 -5 15 -11 14 -9 14 -4 15 -7 10 -6 15 -10 11 -7 14 -13 10 -13 11 -9 8 -13 8 -13 9 -5 9 -8 14 -11 14 -5 -3 4 0 0 0 0 0 0 0 0 ]
CSI_DATA,AP,68:FE:71:12:53:8C,-34,11,1,6,1,1,1,0,0,0,0,-93,0,6,1,17719649,0,84,0,0,17.72,384,[84 -64 4 0 0 0 0 0 0 0 0 0 15 -2 15 0 17 2 18 7 22 6 19 6 17 6 14 5 19 2 17 2 14 5 13 2 19 8 15 10 16 3 16 11 16 10 12 9 11 5 18 7 17 3 12 7 16 3 12 10 14 5 15 2 2 -2 15 3 14 3 13 5 11 4 17 5 16 7 10 9 9 1 10 8 11 3 17 5 18 -2 18 4 10 3 14 -1 19 -2 17 0 14 4 11 -3 10 2 13 5 10 5 12 4 11 2 15 -3 10 2 1 1 0 0 0 0 0 0 0 0 ]
CSI_DATA,AP,68:FE:71:12:53:8C,-36,11,1,6,1,1,1,0,0,0,0,-95,0,6,1,17841275,0,84,0,0,17.841,384,[84 -64 4 0 0 0 0 0 0 0 0 0 15 6 13 9 21 6 15 7 17 9 18 9 19 5 14 11 18 9 14 9 14 11 19 10 12 9 18 7 14 7 14 9 9 10 15 12 14 9 15 7 14 10 12 13 13 13 15 9 17 11 10 10 1 4 9 6 15 10 18 9 15 5 11 3 17 9 17 6 10 4 16 7 9 5 14 9 16 3 9 6 10 2 12 4 17 3 16 6 16 3 16 4 14 2 11 2 12 3 15 5 12 0 14 4 13 -2 -1 -1 0 0 0 0 0 0 0 0 ]
CSI_DATA,AP,68:FE:71:12:53:8C,-32,11,1,7,1,1,1,1,0,0,0,-94,1,6,1,17965526,0,84,0,0,17.966,384,[84 -64 4 0 0 0 0 0 0 0 0 0 -9 -25 -10 -30 -10 -27 -8 -32 -2 -32 -4 -24 1 -30 -1 -30 0 -27 1 -28 -2 -24 -1 -27 -3 -23 1 -29 3 -23 2 -23 1 -23 2 -23 -1 -27 3 -26 1 -26 0 -20 -4 -18 3 -21 -3 -23 2 -24 3 -1 1 -23 -3 -21 -2 -21 -4 -22 -2 -21 -2 -17 -5 -23 -5 -20 -5 -17 -7 -15 -10 -20 -9 -22 -5 -20 -9 -16 -5 -20 -9 -17 -4 -17 -5 -20 -7 -17 -9 -12 -9 -16 -6 -14 -8 -20 -10 -15 -14 -15 -7 -11 0 -3 0 0 0 0 0 0 0 0 ]
CSI_DATA,AP,68:FE:71:12:53:8C,-32,11,1,7,1,1,1,0,0,0,0,-96,0,6,1,18072162,0,84,0,0,18.072,384,[84 -64 4 0 0 0 0 0 0 0 0 0 -16 6 -14 7 -14 8 -16 4 -19 5 -19 10 -17 9 -17 8 -15 9 -18 8 -20 1 -14 9 -17 6 -15 7 -19 3 -18 5 -12 6 -12 6 -15 5 -19 5 -14 6 -16 6 -15 -2 -19 3 -14 2 -19 6 3 1 -17 2 -17 0 -18 2 -19 5 -13 8 -17 1 -18 0 -10 1 -10 4 -14 2 -13 3 -12 9 -16 6 -17 5 -11 2 -16 6 -16 3 -14 3 -13 10 -12 7 -14 4 -13 8 -11 8 -12 12 -13 12 -13 11 3 3 0 0 0 0 0 0 0 0 ]
CSI_DATA,AP,68:FE:71:12:53:8C,-38,11,1,7,1,1,1,0,0,0,0,-95,0,6,1,18207530,0,84,0,0,18.208,384,[84 -64 4 0 0 0 0 0 0 0 0 0 -4 9 -3 15 -11 9 -11 12 -7 15 -9 13 -10 11 -10 10 -8 15 -13 10 -11 14 -14 8 -10 7 -10 13 -9 11 -6 13 -8 13 -8 9 -7 11 -5 11 -5 9 -4 10 -11 9 -10 9 -7 6 -8 11 -3 2 -10 5 -12 11 -7 9 -5 10 -10 10 -8 8 -6 8 -4 7 -5 12 -7 14 -7 9 -6 11 -2 10 -2 12 -8 6 -1 11 -4 9 -4 14 -9 11 -7 11 -6 12 -4 6 0 12 -7 12 -1 12 -7 12 4 -2 0 0 0 0 0 0 0 0 ]
CSI_DATA,AP,68:FE:71:12:53:8C,-36,11,1,7,1,1,1,0,0,0,0,-95,0,6,1,18313719,0,84,0,0,18.314,384,[84 -64 4 0 0 0 0 0 0 0 0 0 20 -4 15 -3 19 2 14 -3 15 5 20 2 15 2 14 2 12 6 18 1 18 2 15 3 21 4 15 -1 15 4 12 0 16 9 15 2 11 5 18 4 12 9 10 9 13 1 14 3 14 2 17 4 0 3 17 5 19 5 17 6 11 3 10 7 12 7 18 6 16 4 11 -2 13 4 11 -3 18 -1 17 -2 14 1 17 4 15 0 17 2 18 -3 17 3 11 0 19 1 19 -2 14 0 18 -1 19 -1 15 -4 1 -3 0 0 0 0 0 0 0 0 ]
CSI_DATA,AP,68:FE:71:12:53:8C,-36,11,0,0,0,0,0,0,0,0,0,-93,0,6,1,18422066,0,37,0,0,18.422,128,[84 -64 4 0 0 0 0 0 0 0 0 0 4 18 2 25 2 21 1 27 2 19 4 19 2 18 -4 22 -3 19 2 17 -5 26 -2 21 -6 19 1 26 -5 17 -3 21 -6 18 -3 21 -7 23 -2 22 -7 16 -2 21 -5 22 -7 16 -7 22 1 22 0 4 -1 15 1 23 -3 19 -1 21 2 19 2 16 3 21 0 18 7 14 2 16 6 13 3 19 4 18 5 13 6 20 9 14 2 16 7 19 2 13 6 14 9 20 4 12 5 19 9 12 4 15 4 16 -4 -2 0 0 0 0 0 0 0 0 ]
CSI_DATA,AP,68:FE:71:12:53:8C,-38,11,1,7,1,1,1,0,0,0,0,-95,0,6,1,18543526,0,84,0,0,18.544,384,[84 -64 4 0 0 0 0 0 0 0 0 0 7 19 9 22 8 19 4 19 -1 20 1 16 6 20 1 24 -2 16 5 22 -4 24 2 25 0 25 0 15 -2 17 3 20 -4 15 -1 15 2 15 -5 20 0 19 2 21 0 16 -2 13 -1 22 0 21 2 0 -1 15 0 19 0 21 5 13 2 19 -1 20 1 18 1 14 3 19 5 17 1 19 4 17 0 13 5 18 9 14 9 14 9 19 3 13 6 10 6 13 2 11 6 14 3 14 9 16 9 11 8 10 -1 4 0 0 0 0 0 0 0 0 ]
CSI_DATA,AP,68:FE:71:12:53:8C,-34,11,1,5,1,1,1,0,0,0,0,-95,0,6,1,18674225,0,84,0,0,18.674,384,[84 -64 4 0 0 0 0 0 0 0 0 0 17 4 18 1 19 7 22 9 18 5 17 2 18 7 18 4 16 9 15 5 12 7 13 11 14 11 14 10 10 10 10 3 9 9 13 8 9 7 10 3 14 7 12 2 14 4 15 6 12 7 8 4 -3 4 7 2 9 5 13 4 9 1 11 1 14 3 14 5 11 -2 14 -3 11 -3 13 -4 12 3 13 1 8 0 16 1 14 -4 14 0 14 -4 8 -6 13 -2 16 -4 10 -6 7 -3 14 -6 11 -6 8 -2 -3 2 0 0 0 0 0 0 0 0 ]
CSI_DATA,AP,68:FE:71:12:53:8C,-34,11,1,6,1,1,1,0,0,0,0,-95,0,6,1,18776384,0,84,0,0,18.776,384,[84 -64 4 0 0 0 0 0 0 0 0 0 -26 5 -26 1 -31 -3 -28 0 -29 2 -26 0 -27 -7 -27 -1 -25 -1 -20 -5 -25 -6 -20 -5 -24 -2 -26 -6 -23 -10 -26 -6 -24 -4 -22 -2 -20 -2 -14 -7 -13 -7 -13 -1 -16 1 -20 -2 -19 0 -15 -4 -4 0 -11 -2 -18 -2 -15 3 -14 4 -15 -1 -11 0 -16 -2 -11 6 -12 1 -13 0 -14 7 -9 8 -15 5 -12 9 -12 8 -14 6 -9 7 -11 9 -6 5 -10 7 -12 10 -9 6 -10 10 -10 10 -12 7 -13 10 3 -1 0 0 0 0 0 0 0 0 ]
CSI_DATA,AP,68:FE:71:12:53:8C,-34,11,1,6,1,1,1,1,0,0,0,-93,5,6,1,18886842,0,84,0,0,18.887,384,[84 -64 4 0 0 0 0 0 0 0 0 0 -37 -2 -29 -1 -30 -2 -33 -2 -27 -3 -26 -8 -32 -5 -27 -8 -24 -5 -25 -13 -22 -12 -22 -9 -24 -11 -22 -8 -21 -11 -23 -9 -22 -7 -21 -6 -17 -9 -15 -7 -20 -10 -16 -7 -16 -5 -18 -5 -15 -6 -17 -4 2 -2 -15 -4 -14 2 -19 0 -13 -2 -17 2 -16 3 -13 -3 -10 1 -15 5 -8 5 -16 4 -16 2 -11 2 -9 6 -9 8 -15 3 -10 5 -12 5 -12 3 -8 6 -9 6 -6 10 -5 6 -8 11 -8 9 -12 5 4 1 0 0 0 0 0 0 0 0 ]
CSI_DATA,AP,68:FE:71:12:53:8C,-37,11,1,7,1,1,1,0,0,0,0,-94,0,6,1,19007966,0,84,0,0,19.008,384,[84 -64 4 0 0 0 0 0 0 0 0 0 15 11 15 15 18 19 18 16 18 20 13 16 17 18 11 14 12 14 10 16 10 14 11 19 15 20 8 19 10 13 9 12 6 13 5 15 5 12 9 11 12 10 7 14 5 15 13 13 10 9 14 9 1 -4 8 14 9 12 10 16 7 9 10 12 12 8 12 10 14 9 13 14 14 8 14 9 13 9 11 6 9 7 16 7 15 10 10 14 11 6 14 5 9 5 16 6 15 9 10 7 13 11 14 8 15 11 -3 -1 0 0 0 0 0 0 0 0 ]
CSI_DATA,AP,68:FE:71:12:53:8C,-30,11,1,6,1,1,1,0,0,0,0,-95,0,6,1,19120295,0,84,0,0,19.12,384,[84 -64 4 0 0 0 0 0 0 0 0 0 21 -2 17 -3 20 -7 19 -1 21 -4 22 -3 21 3 23 -1 24 1 22 -2 25 5 27 3 21 4 26 3 24 5 20 2 26 5 24 1 26 6 18 7 25 4 25 0 19 1 18 7 25 2 26 0 -4 -3 19 -1 27 4 27 0 25 0 25 0 24 2 25 -2 22 0 21 -4 21 -3 26 -3 17 -2 18 2 22 1 22 -4 25 -6 25 -2 28 -4 21 -1 20 -6 25 -3 23 -6 19 -8 20 0 22 -5 25 -7 4 -2 0 0 0 0 0 0 0 0 ]
CSI_DATA,AP,68:FE:71:12:53:8C,-31,11,1,7,1,1,1,0,0,0,0,-94,0,6,1,19240411,0,84,0,0,19.24,384,[84 -64 4 0 0 0 0 0 0 0 0 0 13 -4 20 -7 18 -12 16 -4 15 -6 17 -2 21 -9 21 -2 19 -4 19 -4 19 -1 21 -2 21 -9 17 -1 24 0 19 -4 24 -4 19 1 25 0 22 -3 20 0 19 -7 15 -5 17 -8 23 -7 18 -4 3 4 17 -8 23 -3 23 -6 18 -8 16 -1 21 -6 19 -1 24 -2 22 -3 22 -4 22 -8 15 -9 15 -4 24 -10 16 -4 18 -12 19 -7 20 -11 16 -8 14 -7 21 -9 23 -6 22 -12 21 -14 19 -4 19 -6 -3 3 0 0 0 0 0 0 0 0 ]
CSI_DATA,AP,68:FE:71:12:53:8C,-38,11,1,6,1,1,1,1,0,0,0,-95,6,6,1,19326576,0,84,0,0,19.327,384,[84 -64 4 0 0 0 0 0 0 0 0 0 7 15 9 17 3 17 6 18 3 21 2 19 0 20 2 15 7 19 -2 20 2 16 6 18 4 14 3 17 3 15 5 20 0 19 -3 14 2 14 1 13 2 13 3 17 -4 14 -3 16 -3 14 -4 19 2 -3 1 17 4 19 -4 12 2 14 1 13 -2 19 3 12 -2 10 0 13 6 14 5 11 -1 15 1 15 3 10 1 16 -1 12 5 17 5 15 -1 14 1 8 0 14 1 15 8 14 5 12 2 9 5 13 1 4 0 0 0 0 0 0 0 0 ]
CSI_DATA,AP,68:FE:71:12:53:8C,-38,11,1,6,1,1,1,1,0,0,0,-93,6,6,1,19422981,0,84,0,0,19.423,384,[84 -64 4 0 0 0 0 0 0 0 0 0 8 -22 9 -15 10 -22 7 -24 8 -25 16 -19 10 -22 10 -16 13 -18 17 -22 18 -22 22 -20 21 -25 15 -18 21 -16 21 -15 19 -15 15 -18 21 -16 21 -13 15 -15 18 -14 21 -16 15 -17 23 -13 16 -20 1 -4 16 -18 21 -17 13 -16 11 -14 14 -13 21 -21 21 -13 15 -16 16 -18 17 -17 13 -22 14 -19 14 -18 10 -22 11 -20 13 -23 9 -24 15 -16 11 -22 11 -20 10 -21 14 -22 11 -24 14 -19 8 -22 11 -17 -1 2 0 0 0 0 0 0 0 0 ]
CSI_DATA,AP,68:FE:71:12:53:8C,-30,11,1,7,1,1,1,0,0,0,0,-96,0,6,1,19525398,0,84,0,0,19.525,384,[84 -64 4 0 0 0 0 0 0 0 0 0 1 -22 -6 -15 -7 -18 0 -19 -5 -17 -4 -17 -2 -17 2 -20 1 -17 1 -21 1 -26 1 -27 3 -24 5 -26 -1 -20 2 -24 5 -22 0 -21 4 -24 -3 -26 2 -22 3 -22 -1 -19 0 -18 7 -20 6 -20 0 1 4 -24 -4 -26 2 -18 0 -26 -2 -20 -1 -20 -5 -18 -6 -18 -2 -18 -5 -24 -5 -25 0 -24 -6 -17 1 -21 -1 -16 -4 -21 -7 -23 -6 -18 -3 -22 -4 -16 -7 -23 -2 -17 -7 -17 -6 -18 -9 -21 -4 -23 -2 2 0 0 0 0 0 0 0 0 ]
CSI_DATA,AP,68:FE:71:12:53:8C,-33,11,1,7,1,1,1,0,0,0,0,-95,0,6,1,19620372,0,84,0,0,19.62,384,[84 -64 4 0 0 0 0 0 0 0 0 0 1 -19 -4 -21 -1 -20 0 -21 -2 -18 2 -23 3 -23 7 -18 7 -18 5 -21 4 -22 3 -22 6 -20 9 -17 9 -22 4 -25 1 -14 3 -21 4 -15 7 -16 4 -18 8 -17 4 -20 1 -19 3 -19 8 -14 0 -2 2 -18 3 -16 5 -21 2 -15 2 -15 1 -20 3 -17 -2 -12 4 -18 -4 -20 0 -17 4 -13 0 -17 -4 -19 -2 -17 -3 -12 0 -16 -3 -19 -3 -18 -8 -16 -3 -17 -1 -12 -2 -13 -4 -14 0 -14 -4 -12 0 -1 0 0 0 0 0 0 0 0 ]
CSI_DATA,AP,68:FE:71:12:53:8C,-33,11,1,6,1,1,1,0,0,0,0,-96,0,6,1,19700957,0,84,0,0,19.701,384,[37 80 2 0 0 0 0 0 0 0 0 0 -9 30 -10 27 -5 30 -9 30 -11 30 -12 27 -14 27 -16 23 -15 24 -15 31 -15 30 -9 33 -14 24 -12 31 -12 29 -11 27 -14 26 -13 24 -10 25 -12 25 -11 27 -7 20 -11 24 -13 26 -14 21 -12 25 2 -1 -13 27 -14 22 -6 26 -5 26 -7 23 -11 27 -7 22 -7 20 -2 20 -10 25 -5 22 -6 24 -2 23 -5 26 -3 27 -7 30 -8 27 -3 21 0 26 -6 28 -7 25 1 25 -1 25 -3 23 -1 28 2 28 -3 -1 0 0 0 0 0 0 0 0 ]
CSI_DATA,AP,68:FE:71:12:53:8C,-38,11,1,7,1,1,1,0,0,0,0,-94,0,6,1,19799028,0,84,0,0,19.799,384,[84 -64 4 0 0 0 0 0 0 0 0 0 17 -5 16 0 17 -2 18 3 15 -3 22 3 16 -2 22 1 22 0 15 3 21 1 17 6 23 0 22 0 16 9 20 2 15 4 20 2 18 8 18 2 17 3 17 9 13 1 14 8 12 6 16 7 3 3 20 5 12 6 16 8 15 5 15 -1 13 5 13 5 18 1 15 -2 16 -4 14 -2 18 -3 14 -3 16 -4 19 -2 15 -4 19 -3 15 1 18 -3 18 -6 18 -2 12 -5 11 -3 16 -2 13 -7 15 -4 4 -4 0 0 0 0 0 0 0 0 ]
CSI_DATA,AP,68:FE:71:12:53:8C,-35,11,1,7,1,1,1,0,0,0,0,-95,0,6,1,19908977,0,84,0,0,19.909,384,[84 -64 4 0 0 0 0 0 0 0 0 0 -11 18 -17 10 -15 11 -17 19 -16 16 -11 9 -13 9 -15 15 -15 9 -17 15 -16 14 -15 13 -16 10 -19 14 -13 14 -16 6 -13 13 -13 6 -16 10 -16 12 -17 10 -13 12 -16 13 -18 7 -11 11 -13 13 3 -1 -11 8 -16 14 -12 11 -12 12 -9 6 -9 8 -10 9 -12 12 -13 12 -11 9 -7 8 -10 7 -12 7 -14 15 -10 7 -7 12 -12 15 -8 11 -9 15 -5 10 -6 11 -14 16 -9 9 -7 12 -11 16 -8 15 0 3 0 0 0 0 0 0 0 0 ]
CSI_DATA,AP,68:FE:71:12:53:8C,-37,11,1,7,1,1,1,0,0,0,0,-94,0,6,1,20003037,0,84,0,0,20.003,384,[84 -64 4 0 0 0 0 0 0 0 0 0 1 -16 1 -21 -3 -21 -1 -17 0 -24 0 -18 7 -20 2 -22 2 -16 2 -19 5 -17 7 -18 3 -23 8 -21 3 -19 9 -21 7 -14 2 -15 7 -15 3 -14 9 -18 2 -13 5 -15 1 -20 5 -15 5 -12 -4 0 7 -16 4 -19 0 -19 7 -12 7 -19 0 -11 4 -11 6 -15 3 -12 3 -13 -2 -14 3 -18 2 -13 -4 -14 -1 -13 2 -20 4 -15 1 -14 0 -13 -5 -11 -3 -16 -1 -16 -5 -15 -3 -17 -4 -14 -1 -14 -4 0 0 0 0 0 0 0 0 0 ]
CSI_DATA,AP,68:FE:71:12:53:8C,-38,11,1,6,1,1,1,0,0,0,0,-95,0,6,1,20092747,0,84,0,0,20.093,384,[84 -64 4 0 0 0 0 0 0 0 0 0 27 -3 27 -8 32 -4 34 -10 31 -7 26 -2 29 -3 27 -2 28 2 29 -4 27 1 32 -1 30 3 25 -1 28 -1 27 3 25 2 24 -2 30 0 22 -2 22 -3 27 0 24 0 28 3 28 -4 25 4 2 4 21 0 27 -5 22 -5 23 -8 23 -4 22 0 25 -7 26 -9 26 -9 23 -3 20 -4 19 -4 22 -11 18 -8 20 -8 27 -7 28 -8 19 -8 25 -12 24 -7 26 -10 24 -13 18 -7 25 -14 22 -10 20 -15 -2 0 0 0 0 0 0 0 0 0 ]
CSI_DATA,AP,68:FE:71:12:53:8C,-31,11,0,0,0,0,0,0,0,0,0,-93,0,6,1,20190230,0,37,0,0,20.19,128,[37 80 2 0 0 0 0 0 0 0 0 0 16 -26 17 -30 14 -32 20 -30 19 -23 21 -28 16 -28 16 -26 19 -21 20 -22 19 -26 18 -25 18 -18 21 -24 17 -20 25 -18 23 -23 20 -22 17 -21 22 -15 20 -21 17 -17 14 -16 20 -18 21 -24 20 -15 2 -2 20 -17 21 -16 16 -19 12 -21 18 -23 13 -19 16 -22 17 -17 17 -17 18 -23 14 -20 12 -21 11 -23 17 -22 10 -21 12 -19 15 -19 16 -22 14 -24 8 -21 11 -22 7 -21 7 -19 14 -27 7 -23 11 -25 -3 -2 0 0 0 0 0 0 0 0 ]
CSI_DATA,AP,68:FE:71:12:53:8C,-30,11,1,6,1,1,1,0,0,0,0,-93,0,6,1,20306452,0,84,0,0,20.306,384,[84 -64 4 0 0 0 0 0 0 0 0 0 -7 33 -12 32 -10 28 -10 31 -12 23 -11 23 -15 23 -13 28 -19 26 -18 26 -15 25 -16 27 -22 24 -21 23 -21 18 -19 22 -18 20 -18 16 -17 17 -21 17 -17 16 -13 19 -16 17 -12 16 -13 23 -15 24 -3 4 -15 20 -12 18 -17 18 -15 17 -13 23 -9 19 -8 17 -13 17 -10 18 -8 16 -11 25 -10 21 -5 23 -7 18 -13 18 -7 25 -10 25 -10 21 -5 22 -5 26 -11 25 -4 25 -3 24 -7 25 -5 23 -9 19 1 0 0 0 0 0 0 0 0 0 ]
CSI_DATA,AP,68:FE:71:12:53:8C,-31,11,1,6,1,1,1,0,0,0,1,-94,0,6,1,20413697,0,84,0,0,20.414,384,[84 -64 4 0 0 0 0 0 0 0 0 0 10 15 11 14 13 17 12 20 7 21 14 14 12 15 10 20 5 19 8 16 9 20 12 19 10 19 5 15 8 18 3 16 11 18 4 13 3 13 8 15 10 18 5 14 6 13 10 14 5 13 4 17 -2 2 4 15 9 11 6 15 5 10 4 16 7 10 11 17 8 11 5 11 9 13 13 13 8 12 9 17 11 15 12 13 8 14 7 13 8 13 13 13 11 15 9 14 15 9 12 9 16 9 9 10 10 11 -2 1 0 0 0 0 0 0 0 0 ]
CSI_DATA,AP,68:FE:71:12:53:8C,-36,11,1,5,1,1,1,0,0,0,0,-96,0,6,1,20479498,0,84,0,0,20.479,384,[84 -64 4 0 0 0 0 0 0 0 0 0 26 -25 24 -16 23 -20 28 -19 27 -19 25 -18 26 -17 22 -14 28 -17 23 -17 24 -11 29 -15 26 -11 28 -17 28 -12 30 -17 28 -10 27 -10 25 -13 20 -9 23 -13 24 -7 19 -13 23 -8 20 -8 23 -15 1 1 24 -14 19 -14 22 -15 21 -16 22 -11 19 -17 20 -17 20 -16 21 -13 17 -17 22 -13 16 -15 17 -12 21 -16 16 -17 17 -20 16 -13 15 -20 18 -13 12 -16 13 -19 11 -16 12 -14 12 -22 12 -15 16 -17 -3 4 0 0 0 0 0 0 0 0 ]
CSI_DATA,AP,68:FE:71:12:53:8C,-34,11,1,5,1,1,1,0,0,0,0,-94,0,6,1,20585231,0,84,0,0,20.585,384,[84 -64 4 0 0 0 0 0 0 0 0 0 -5 16 -3 21 -4 19 -2 17 -7 17 -9 19 -9 15 -3 17 -3 21 -2 19 -6 16 -2 15 -3 19 -4 12 -8 18 -4 14 -5 13 -11 12 -4 14 -5 16 -7 18 -9 16 -6 11 -6 17 -2 17 -3 11 -2 4 -8 16 -4 10 -2 15 -8 12 -1 15 -1 17 1 15 -2 16 -6 9 -2 15 -4 12 -1 16 -6 16 -3 13 -3 14 -2 11 2 13 -4 16 1 18 2 15 -1 10 -4 11 -1 18 4 14 -3 18 -4 14 3 -1 0 0 0 0 0 0 0 0 ]
CSI_DATA,AP,68:FE:71:12:53:8C,-35,11,1,5,1,1,1,0,0,0,0,-96,0,6,1,20658928,0,84,0,0,20.659,384,[84 -64 4 0 0 0 0 0 0 0 0 0 -17 11 -16 9 -15 12 -21 8 -18 8 -18 3 -18 4 -21 8 -20 5 -22 4 -23 6 -19 1 -16 8 -22 4 -15 7 -17 1 -15 6 -19 2 -18 5 -15 1 -21 -1 -22 -1 -19 3 -15 5 -16 6 -21 2 0 3 -15 5 -14 4 -21 2 -13 7 -14 4 -19 6 -15 4 -20 0 -17 4 -14 5 -19 5 -15 6 -16 5 -16 9 -13 9 -13 10 -13 10 -13 3 -13 11 -11 10 -12 10 -16 10 -15 7 -11 8 -18 11 -13 7 -2 4 0 0 0 0 0 0 0 0 ]
CSI_DATA,AP,68:FE:71:12:53:8C,-33,11,1,7,1,1,1,0,0,0,0,-94,0,6,1,20747912,0,84,0,0,20.748,384,[84 -64 4 0 0 0 0 0 0 0 0 0 4 3 10 2 7 8 8 7 5 5 6 3 4 10 8 5 5 10 4 9 10 6 5 8 8 9 4 5 3 10 7 6 2 9 5 5 2 7 3 7 1 8 4 3 1 8 5 5 3 5 3 4 1 -4 6 7 0 3 3 6 8 8 3 9 4 7 6 3 7 8 7 6 5 6 7 6 6 2 1 1 2 8 3 7 6 4 1 5 2 2 3 8 5 8 10 2 5 5 4 0 4 7 3 0 5 1 -4 -1 0 0 0 0 0 0 0 0 ]
CSI_DATA,AP,68:FE:71:12:53:8C,-33,11,1,7,1,1,1,0,0,0,0,-94,0,6,1,20852019,0,84,0,0,20.852,384,[84 -64 4 0 0 0 0 0 0 0 0 0 -32 -17 -36 -17 -31 -26 -33 -20 -30 -25 -24 -23 -33 -26 -24 -26 -26 -31 -25 -24 -23 -26 -29 -30 -23 -31 -22 -27 -23 -32 -30 -27 -21 -23 -21 -31 -19 -30 -20 -27 -21 -26 -20 -26 -19 -22 -21 -26 -27 -24 -24 -29 -1 -2 -26 -27 -28 -26 -20 -21 -23 -19 -22 -27 -23 -27 -23 -27 -22 -23 -26 -19 -22 -22 -23 -15 -29 -19 -21 -15 -24 -20 -28 -18 -23 -21 -31 -14 -25 -20 -31 -13 -26 -17 -26 -18 -24 -16 -26 -16 -27 -13 -31 -17 -26 -14 2 3 0 0 0 0 0 0 0 0 ]
CSI_DATA,AP,68:FE:71:12:53:8C,-39,11,1,6,1,1,1,0,0,0,0,-94,0,6,1,20968111,0,84,0,0,20.968,384,[84 -64 4 0 0 0 0 0 0 0 0 0 -16 9 -15 12 -23 12 -17 11 -18 9 -17 8 -21 3 -21 7 -18 5 -18 5 -17 4 -23 -1 -18 7 -21 7 -21 4 -18 -1 -16 4 -21 2 -17 0 -14 3 -21 5 -21 -1 -15 3 -17 4 -17 3 -12 3 -4 3 -15 4 -12 4 -13 -1 -15 8 -17 6 -12 2 -18 6 -19 2 -13 0 -10 6 -16 5 -12 3 -12 3 -14 6 -12 3 -17 9 -15 11 -10 7 -18 7 -14 7 -15 11 -14 6 -17 9 -12 6 -10 9 -15 5 -1 4 0 0 0 0 0 0 0 0 ]
CSI_DATA,AP,68:FE:71:12:53:8C,-33,11,1,7,1,1,1,0,0,0,0,-96,0,6,1,21068284,0,84,0,0,21.068,384,[84 -64 4 0 0 0 0 0 0 0 0 0 37 -20 32 -20 33 -16 38 -15 32 -21 37 -19 39 -15 39 -18 33 -10 37 -15 32 -8 37 -7 40 -11 37 -10 37 -12 38 -12 35 -9 36 -12 30 -5 33 -8 32 -9 36 -7 29 -5 33 -3 32 -4 29 -11 -2 4 30 -9 34 -11 27 -10 34 -7 32 -10 34 -11 34 -14 29 -13 25 -10 28 -16 31 -10 33 -14 28 -14 23 -12 26 -17 27 -13 33 -17 27 -14 21 -17 23 -21 30 -15 24 -15 27 -15 30 -21 23 -17 26 -19 -4 -1 0 0 0 0 0 0 0 0 ]
CSI_DATA,AP,68:FE:71:12:53:8C,-35,11,1,5,1,1,1,0,0,0,0,-94,0,6,1,21190000,0,84,0,0,21.19,384,[84 -64 4 0 0 0 0 0 0 0 0 0 -4 -18 1 -24 3 -21 0 -23 0 -24 3 -23 7 -22 7 -16 4 -16 2 -23 7 -21 9 -17 7 -21 3 -15 6 -20 5 -21 6 -14 2 -15 8 -16 7 -15 7 -14 8 -16 7 -17 5 -15 1 -18 8 -14 3 2 2 -16 8 -15 7 -12 0 -11 6 -12 5 -18 1 -12 2 -17 -1 -13 0 -17 5 -14 -1 -12 0 -20 -1 -16 5 -18 3 -13 -1 -16 3 -12 -4 -18 -5 -15 -1 -15 -3 -17 -4 -14 -1 -21 -4 -15 -3 -20 3 4 0 0 0 0 0 0 0 0 ]
CSI_DATA,AP,68:FE:71:12:53:8C,-32,11,1,7,1,1,1,1,0,0,0,-95,6,6,1,21266868,0,84,0,0,21.267,384,[84 -64 4 0 0 0 0 0 0 0 0 0 19 -7 17 -14 21 -12 14 -8 22 -6 20 -7 21 -10 20 -3 17 -11 15 -11 16 -4 17 -6 16 -2 22 -8 20 -1 20 -9 15 -4 17 -4 20 -8 14 -1 15 -6 20 -1 20 -7 19 -8 14 -6 14 -7 -3 1 13 -8 14 -8 15 -4 13 -10 17 -3 15 -2 18 -2 14 -7 11 -8 12 -11 11 -11 13 -10 17 -5 17 -7 14 -8 11 -10 14 -4 10 -5 12 -9 11 -9 9 -13 12 -7 15 -6 8 -7 8 -11 13 -6 3 0 0 0 0 0 0 0 0 0 ]
CSI_DATA,AP,68:FE:71:12:53:8C,-34,11,1,6,1,1,1,0,0,0,0,-95,0,6,1,21354668,0,84,0,0,21.355,384,[84 -64 4 0 0 0 0 0 0 0 0 0 -15 -13 -13 -11 -14 -17 -15 -10 -20 -18 -16 -17 -12 -18 -18 -19 -11 -19 -13 -14 -18 -18 -11 -14 -16 -18 -15 -18 -13 -14 -9 -16 -10 -16 -15 -12 -15 -17 -13 -15 -12 -17 -7 -18 -7 -17 -10 -11 -14 -15 -13 -17 3 1 -8 -17 -16 -11 -14 -12 -10 -10 -12 -8 -15 -16 -14 -11 -15 -8 -10 -10 -13 -15 -12 -11 -14 -13 -11 -7 -9 -11 -15 -14 -13 -14 -11 -10 -17 -6 -13 -6 -10 -10 -13 -12 -11 -6 -17 -5 -12 -8 -19 -6 -11 -5 -3 -1 0 0 0 0 0 0 0 0 ]
CSI_DATA,AP,68:FE:71:12:53:8C,-36,11,1,5,1,1,1,0,0,0,0,-94,0,6,1,21447777,0,84,0,0,21.448,384,[84 -64 4 0 0 0 0 0 0 0 0 0 23 -6 17 1 16 -2 20 -3 22 2 21 0 19 0 21 -1 15 4 17 0 20 2 16 0 23 0 18 4 15 8 21 3 19 8 20 1 21 7 21 1 13 0 18 3 20 6 14 6 13 3 13 6 1 4 16 0 16 2 14 2 12 -3 17 -2 19 -1 17 3 18 -3 17 0 16 -1 13 -2 18 -3 13 -3 13 -1 19 0 12 0 18 1 14 -4 16 -2 11 0 17 -1 11 1 14 -8 14 -7 17 0 15 -3 1 -1 0 0 0 0 0 0 0 0 ]
CSI_DATA,AP,68:FE:71:12:53:8C,-34,11,1,6,1,1,1,1,0,0,0,-94,3,6,1,21592768,0,84,0,0,21.593,384,[84 -64 4 0 0 0 0 0 0 0 0 0 4 -22 3 -21 10 -18 4 -22 7 -19 5 -16 12 -21 13 -18 11 -22 13 -14 13 -21 14 -15 12 -15 9 -20 14 -20 10 -20 9 -12 7 -12 7 -13 13 -11 14 -19 15 -18 13 -11 14 -18 14 -19 14 -18 -3 2 10 -11 12 -18 8 -17 11 -10 5 -15 8 -14 12 -12 9 -12 6 -16 9 -12 5 -16 5 -14 9 -16 8 -15 8 -16 2 -19 9 -13 6 -20 2 -19 8 -18 8 -17 2 -12 6 -20 5 -20 6 -20 0 -13 2 1 0 0 0 0 0 0 0 0 ]
CSI_DATA,AP,68:FE:71:12:53:8C,-33,11,1,7,1,1,1,0,0,0,0,-95,0,6,1,21712619,0,84,0,0,21.713,384,[84 -64 4 0 0 0 0 0 0 0 0 0 2 21 -4 22 -3 20 -7 21 -6 17 -7 16 -6 19 -8 20 -8 21 -4 22 -3 21 -2 17 -8 23 -9 16 -8 20 -8 16 -4 13 -10 12 -7 16 -9 14 -6 12 -10 20 -10 13 -5 13 -7 19 -2 17 2 3 -2 14 -5 18 -6 15 -5 20 -6 16 1 14 -1 19 -2 17 -6 13 -3 18 1 17 -5 18 -2 16 3 15 1 11 3 20 1 19 5 16 2 13 -2 11 -3 15 4 19 0 20 0 17 2 17 5 17 4 -4 0 0 0 0 0 0 0 0 ]
CSI_DATA,AP,68:FE:71:12:53:8C,-35,11,1,5,1,1,1,0,0,0,0,-94,0,6,1,21831593,0,84,0,0,21.832,384,[84 -64 4 0 0 0 0 0 0 0 0 0 -20 -5 -24 -7 -19 -6 -18 -10 -20 -10 -24 -10 -15 -9 -16 -11 -15 -5 -16 -10 -23 -7 -22 -7 -22 -10 -18 -14 -16 -8 -19 -15 -12 -10 -12 -13 -12 -8 -15 -14 -16 -9 -13 -11 -17 -5 -20 -7 -19 -13 -15 -7 -1 2 -19 -13 -14 -6 -15 -5 -15 -10 -17 -11 -12 -3 -17 -10 -15 -5 -18 -6 -19 -5 -15 -2 -19 -3 -16 -3 -16 -3 -12 -9 -19 -7 -21 -7 -17 -7 -20 -6 -17 -7 -14 -5 -16 -6 -15 -1 -20 -5 -19 -4 -17 -3 4 0 0 0 0 0 0 0 0 0 ]
CSI_DATA,AP,68:FE:71:12:53:8C,-34,11,1,5,1,1,1,1,0,0,0,-93,4,6,1,21954256,0,84,0,0,21.954,384,[84 -64 4 0 0 0 0 0 0 0 0 0 -25 -7 -23 -8 -23 -9 -23 -6 -25 -13 -19 -9 -21 -9 -16 -11 -20 -11 -21 -12 -22 -16 -18 -9 -21 -14 -22 -9 -15 -13 -19 -8 -18 -14 -17 -16 -15 -16 -18 -13 -13 -12 -20 -14 -18 -12 -12 -11 -16 -9 -15 -11 -2 -3 -16 -13 -17 -11 -16 -11 -18 -10 -13 -5 -16 -10 -16 -10 -18 -4 -13 -3 -16 -9 -18 -10 -20 -5 -20 -2 -20 -5 -17 -2 -18 -9 -22 -6 -21 -1 -22 -7 -18 -6 -15 -5 -18 -1 -18 -7 -18 -2 -18 0 -16 -5 3 -3 0 0 0 0 0 0 0 0 ]
CSI_DATA,AP,68:FE:71:12:53:8C,-33,11,1,7,1,1,1,0,0,0,0,-96,0,6,1,22064562,0,84,0,0,22.065,384,[84 -64 4 0 0 0 0 0 0 0 0 0 -13 -13 -15 -20 -16 -13 -15 -20 -11 -20 -15 -13 -10 -21 -14 -22 -15 -17 -12 -16 -9 -18 -14 -23 -11 -16 -7 -15 -12 -20 -10 -21 -5 -14 -12 -19 -12 -15 -7 -21 -5 -19 -11 -18 -6 -16 -4 -19 -12 -16 -9 -13 3 -2 -13 -12 -11 -13 -11 -19 -8 -13 -6 -16 -10 -20 -8 -13 -9 -14 -14 -14 -10 -9 -8 -17 -12 -16 -8 -14 -8 -17 -10 -13 -15 -10 -15 -15 -16 -9 -12 -11 -12 -8 -9 -13 -10 -15 -15 -9 -17 -8 -17 -8 -11 -10 1 -1 0 0 0 0 0 0 0 0 ]
CSI_DATA,AP,68:FE:71:12:53:8C,-31,11,1,7,1,1,1,0,0,0,0,-94,0,6,1,22185128,0,84,0,0,22.185,384,[84 -64 4 0 0 0 0 0 0 0 0 0 -8 -19 -6 -20 -8 -22 -5 -24 -6 -24 -6 -25 1 -21 -2 -18 3 -21 -2 -23 -2 -25 -1 -22 -3 -26 3 -21 0 -17 0 -25 5 -24 2 -20 -1 -19 3 -16 -1 -20 3 -17 2 -21 -1 -17 0 -22 3 -17 2 3 5 -21 -1 -20 2 -15 3 -22 2 -17 3 -23 -3 -18 -1 -20 -6 -19 0 -14 -1 -19 -2 -15 -1 -18 -1 -22 0 -18 -8 -22 0 -20 -9 -22 -7 -17 -4 -18 -1 -21 -4 -20 -2 -19 -8 -21 -6 -18 -7 -18 1 -3 0 0 0 0 0 0 0 0 ]
CSI_DATA,AP,68:FE:71:12:53:8C,-36,11,1,6,1,1,1,1,0,0,1,-95,3,6,1,22273567,0,84,0,0,22.274,384,[84 -64 4 0 0 0 0 0 0 0 0 0 -11 22 -10 22 -9 21 -16 22 -17 15 -13 12 -12 15 -18 18 -15 16 -12 17 -16 16 -11 11 -13 12 -16 16 -15 17 -19 14 -11 10 -18 9 -9 8 -16 12 -14 13 -11 8 -11 8 -18 8 -10 13 -11 13 3 1 -11 12 -14 15 -15 17 -7 15 -7 12 -11 13 -13 13 -7 10 -9 11 -9 15 -7 13 -8 16 -11 12 -10 14 -4 18 -5 12 -4 15 -6 11 -2 14 -4 15 -4 13 -5 16 -7 12 -3 12 -3 16 -1 14 4 -1 0 0 0 0 0 0 0 0 ]
CSI_DATA,AP,68:FE:71:12:53:8C,-38,11,1,6,1,1,1,0,0,0,0,-94,0,6,1,22372318,0,84,0,0,22.372,384,[84 -64 4 0 0 0 0 0 0 0 0 0 -18 19 -10 13 -16 16 -13 15 -20 13 -15 10 -15 15 -13 13 -16 12 -16 7 -15 12 -22 8 -18 15 -14 11 -15 8 -16 10 -19 7 -16 5 -20 9 -21 7 -17 10 -17 10 -14 5 -15 13 -13 11 -12 11 3 0 -16 6 -11 11 -15 15 -13 14 -10 13 -12 7 -14 7 -10 9 -13 7 -12 14 -13 11 -15 14 -7 9 -12 11 -16 16 -11 13 -10 14 -7 11 -14 16 -9 13 -11 9 -12 11 -8 17 -9 16 -9 18 -10 14 1 3 0 0 0 0 0 0 0 0 ]
CSI_DATA,AP,68:FE:71:12:53:8C,-33,11,1,7,1,1,1,0,0,0,0,-94,0,6,1,22486363,0,84,0,0,22.486,384,[84 -64 4 0 0 0 0 0 0 0 0 0 22 -2 19 1 20 -5 23 3 25 4 23 -3 19 2 18 -1 18 2 23 4 19 0 24 0 21 7 20 2 19 6 22 5 21 7 20 7 18 8 18 0 22 4 17 4 20 4 18 3 18 3 14 1 0 2 18 6 14 1 21 6 18 0 13 4 20 2 18 -1 15 2 20 -3 18 3 15 2 13 0 21 -2 21 0 14 0 17 2 16 -5 18 -5 15 -7 19 -5 19 -1 12 -6 16 -4 20 -4 15 -9 19 0 -2 3 0 0 0 0 0 0 0 0 ]
CSI_DATA,AP,68:FE:71:12:53:8C,-35,11,1,5,1,1,1,0,0,0,0,-94,0,6,1,22599883,0,84,0,0,22.6,384,[84 -64 4 0 0 0 0 0 0 0 0 0 18 -5 16 -6 25 -6 25 -2 18 -4 16 -2 24 -2 23 5 23 3 23 3 20 -1 21 5 24 1 18 4 15 3 19 0 19 7 16 5 17 3 20 5 21 1 17 7 19 1 13 3 16 5 17 5 2 1 15 7 14 0 15 3 18 1 13 1 17 5 18 4 14 -1 19 -2 19 1 12 -4 13 -3 12 -1 13 1 18 -2 12 -3 14 0 14 -1 17 -6 13 -3 12 -2 13 -3 16 -1 13 -2 18 -4 19 -6 3 -4 0 0 0 0 0 0 0 0 ]
CSI_DATA,AP,68:FE:71:12:53:8C,-34,11,1,5,1,1,1,0,0,0,0,-93,0,6,1,22690776,0,84,0,0,22.691,384,[84 -64 4 0 0 0 0 0 0 0 0 0 -19 -9 -15 -7 -18 -9 -16 -13 -15 -10 -20 -14 -14 -13 -11 -12 -13 -10 -17 -11 -13 -16 -16 -13 -14 -15 -13 -12 -18 -13 -13 -11 -11 -14 -11 -13 -9 -18 -10 -14 -12 -12 -15 -10 -7 -8 -10 -12 -14 -13 -12 -10 2 -1 -15 -14 -12 -14 -15 -13 -16 -14 -9 -9 -17 -9 -15 -11 -14 -9 -15 -5 -17 -6 -16 -8 -18 -8 -16 -12 -14 -7 -16 -5 -12 -12 -18 -13 -11 -3 -12 -11 -19 -8 -18 -9 -12 -12 -15 -10 -19 -9 -18 -8 -17 -8 2 0 0 0 0 0 0 0 0 0 ]
CSI_DATA,AP,68:FE:71:12:53:8C,-36,11,1,6,1,1,1,0,0,0,0,-94,0,6,1,22789247,0,84,0,0,22.789,384,[84 -64 4 0 0 0 0 0 0 0 0 0 9 14 7 15 13 21 15 14 10 17 5 16 11 19 5 14 11 22 9 14 11 23 8 21 3 18 6 22 4 16 10 18 9 16 7 15 6 21 4 19 2 21 8 14 0 18 2 15 2 13 9 13 0 -2 6 17 9 16 8 15 3 15 1 19 4 12 2 15 9 16 12 11 6 13 11 17 8 13 4 14 8 17 4 10 7 18 13 18 10 16 11 15 12 8 10 15 10 16 12 11 8 14 11 8 7 16 0 0 0 0 0 0 0 0 0 0 ]
CSI_DATA,AP,68:FE:71:12:53:8C,-39,11,1,4,1,1,1,0,0,0,0,-95,0,6,1,22901067,0,84,0,0,22.901,384,[84 -64 4 0 0 0 0 0 0 0 0 0 23 6 17 5 19 1 22 7 24 9 15 8 18 5 18 7 22 11 18 5 21 11 19 9 16 11 20 8 15 12 21 7 15 7 19 6 15 10 19 8 12 11 17 12 10 11 15 8 13 7 14 4 2 4 13 6 13 8 15 9 19 9 17 9 12 2 13 6 17 8 15 4 18 5 15 -1 14 4 17 5 13 6 13 -2 15 0 16 4 17 3 20 2 18 3 12 -2 16 2 19 2 18 0 15 -4 20 1 2 3 0 0 0 0 0 0 0 0 ]
CSI_DATA,AP,68:FE:71:12:53:8C,-37,11,1,6,1,1,1,1,0,0,0,-95,5,6,1,22985924,0,82,0,0,22.986,384,[84 -64 4 0 0 0 0 0 0 0 0 0 -11 -18 -9 -22 -10 -24 -7 -24 -4 -17 0 -23 -2 -24 -2 -21 -4 -24 -6 -21 -2 -18 -4 -19 2 -20 -5 -21 -4 -16 -4 -19 1 -17 -2 -19 3 -17 2 -20 -2 -16 0 -19 2 -14 -2 -19 -4 -20 -1 -16 3 -2 -1 -21 0 -17 -2 -20 1 -21 -5 -17 -4 -18 -2 -19 -6 -15 -1 -16 -1 -15 -2 -17 -6 -14 -7 -18 -7 -12 -6 -14 -5 -15 -8 -14 -6 -18 -2 -19 -4 -12 -7 -13 -4 -20 -9 -12 -8 -13 -7 -17 -7 -20 -1 1 0 0 0 0 0 0 0 0 ]
CSI_DATA,AP,68:FE:71:12:53:8C,-34,11,1,5,1,1,1,0,0,0,1,-93,0,6,1,23080261,0,84,0,0,23.08,384,[84 -64 4 0 0 0 0 0 0 0 0 0 -20 5 -24 1 -18 5 -25 -2 -23 0 -22 -2 -19 -5 -22 0 -23 -3 -18 -2 -18 -1 -25 -2 -18 -3 -18 -1 -22 -8 -17 -9 -18 -2 -17 -2 -20 -4 -19 -8 -15 -8 -14 -9 -19 -1 -14 -8 -20 -1 -16 -4 0 2 -18 -7 -21 -7 -22 0 -14 -3 -19 0 -20 0 -20 -5 -21 1 -16 -5 -13 2 -19 5 -16 3 -18 3 -21 1 -16 3 -21 5 -20 -1 -14 5 -22 -1 -17 2 -20 6 -13 2 -17 3 -15 3 -17 0 -21 3 3 -1 0 0 0 0 0 0 0 0 ]
CSI_DATA,AP,68:FE:71:12:53:8C,-33,11,1,7,1,1,1,1,0,0,0,-95,6,6,1,23182223,0,84,0,0,23.182,384,[84 -64 4 0 0 0 0 0 0 0 0 0 -15 -14 -18 -17 -18 -17 -16 -16 -14 -16 -17 -18 -12 -20 -8 -21 -13 -22 -8 -16 -10 -22 -10 -16 -15 -22 -11 -19 -9 -15 -13 -23 -6 -16 -8 -17 -8 -18 -10 -17 -6 -19 -12 -13 -7 -13 -11 -21 -9 -20 -7 -13 4 1 -7 -15 -9 -20 -6 -19 -13 -13 -5 -16 -13 -18 -9 -19 -8 -12 -11 -14 -7 -17 -9 -12 -14 -14 -9 -13 -8 -9 -7 -16 -15 -14 -10 -9 -15 -11 -13 -10 -17 -13 -14 -9 -8 -8 -10 -16 -16 -11 -13 -8 -9 -12 4 1 0 0 0 0 0 0 0 0 ]
CSI_DATA,AP,68:FE:71:12:53:8C,-31,11,1,7,1,1,1,0,0,0,0,-95,0,6,1,23265670,0,84,0,0,23.266,384,[84 -64 4 0 0 0 0 0 0 0 0 0 -3 17 -3 21 -3 17 -10 25 -7 18 -8 20 -6 17 -12 20 -10 13 -8 19 -14 16 -9 21 -12 17 -7 18 -11 15 -8 14 -6 14 -7 19 -7 15 -12 15 -8 18 -8 12 -11 15 -12 16 -9 16 -12 12 3 2 -4 12 -4 11 -11 12 -3 15 -7 16 -5 16 -7 11 -3 18 -6 10 -8 13 -8 14 -7 18 -2 12 -9 13 -4 20 -2 20 -3 15 0 20 -8 18 -4 18 -2 16 -6 18 0 12 3 19 -5 20 -5 15 -3 -3 0 0 0 0 0 0 0 0 ]
CSI_DATA,AP,68:FE:71:12:53:8C,-34,11,1,7,1,1,1,0,0,0,0,-94,0,6,1,23401930,0,84,0,0,23.402,384,[84 -64 4 0 0 0 0 0 0 0 0 0 2 19 2 22 0 18 1 22 2 16 2 17 -6 23 -3 18 -7 16 -1 20 -6 20 -3 18 -3 19 -8 18 -7 17 -1 21 -4 14 -5 18 -8 15 -4 20 -7 18 -2 16 -9 18 -1 18 0 17 -4 16 0 -1 1 18 1 15 -1 17 2 15 0 13 2 13 0 14 -3 12 -5 14 -3 16 -3 14 -4 15 2 12 -3 12 -4 15 0 16 0 12 6 13 5 13 0 12 2 12 -2 12 5 12 2 15 5 15 6 18 4 -3 0 0 0 0 0 0 0 0 ]
CSI_DATA,AP,68:FE:71:12:53:8C,-35,11,1,6,1,1,1,0,0,0,0,-95,0,6,1,23508509,0,84,0,0,23.509,384,[84 -64 4 0 0 0 0 0 0 0 0 0 19 13 14 16 18 14 14 13 16 19 15 12 16 12 16 14 13 18 10 13 12 16 7 18 14 17 7 14 5 15 6 18 7 13 9 16 5 12 8 19 7 12 10 13 5 10 10 12 12 18 7 18 0 -3 9 14 10 12 7 12 10 10 12 15 11 12 11 18 5 11 12 15 13 15 13 15 9 15 12 17 13 12 7 12 12 11 10 14 15 10 8 13 8 12 8 15 10 11 11 9 14 14 13 10 8 10 -2 4 0 0 0 0 0 0 0 0 ]
CSI_DATA,AP,68:FE:71:12:53:8C,-34,11,1,6,1,1,1,0,0,0,0,-96,0,6,1,23588352,0,84,0,0,23.588,384,[84 -64 4 0 0 0 0 0 0 0 0 0 16 -10 13 -12 20 -16 19 -10 22 -8 18 -6 17 -8 14 -11 17 -7 20 -9 16 -9 18 -8 22 -11 15 -9 17 -4 17 -6 18 -8 16 -5 16 -7 21 -2 21 -5 19 -4 18 -9 12 -10 13 -8 15 -11 -3 -4 14 -6 14 -6 14 -8 16 -10 18 -8 19 -9 12 -8 15 -4 11 -8 15 -13 16 -6 11 -6 12 -12 10 -13 16 -6 10 -12 13 -10 17 -9 16 -6 16 -8 11 -11 10 -10 11 -11 16 -17 8 -10 11 -11 -2 -3 0 0 0 0 0 0 0 0 ]
CSI_DATA,AP,68:FE:71:12:53:8C,-31,11,1,7,1,1,1,1,0,0,0,-93,5,6,1,23701605,0,84,0,0,23.702,384,[84 -64 4 0 0 0 0 0 0 0 0 0 -18 -15 -10 -17 -15 -15 -15 -18 -12 -20 -14 -16 -12 -15 -13 -14 -13 -18 -6 -17 -15 -17 -8 -15 -10 -20 -9 -17 -13 -20 -5 -14 -7 -16 -5 -18 -7 -13 -3 -14 -10 -16 -5 -13 -11 -16 -8 -18 -12 -11 -4 -11 -4 1 -4 -13 -13 -10 -5 -18 -7 -15 -4 -17 -11 -13 -12 -17 -8 -9 -13 -13 -12 -12 -12 -8 -8 -12 -10 -9 -13 -12 -9 -16 -13 -15 -15 -14 -16 -12 -11 -13 -12 -9 -12 -8 -10 -13 -13 -13 -18 -5 -14 -8 -16 -5 2 -3 0 0 0 0 0 0 0 0 ]
CSI_DATA,AP,68:FE:71:12:53:8C,-38,11,1,6,1,1,1,1,0,0,0,-94,1,6,1,23784609,0,84,0,0,23.785,384,[84 -64 4 0 0 0 0 0 0 0 0 0 23 -9 20 -4 24 -5 18 -1 22 -6 17 -5 25 -5 23 -3 17 2 22 1 24 2 21 -3 18 1 18 -3 22 -2 17 5 14 2 19 -3 17 4 17 0 22 5 23 1 19 -1 17 -1 18 4 13 1 -1 3 21 0 15 -3 18 -5 15 2 19 -5 21 1 17 -5 20 -1 20 -3 21 0 21 -8 11 -7 13 -5 17 -6 15 -3 20 -3 15 -3 16 -3 20 -3 18 -10 17 -2 12 -2 20 -8 12 -5 13 -2 11 -8 1 1 0 0 0 0 0 0 0 0 ]
CSI_DATA,AP,68:FE:71:12:53:8C,-31,11,1,7,1,1,1,0,0,0,0,-93,0,6,1,23899042,0,84,0,0,23.899,384,[84 -64 4 0 0 0 0 0 0 0 0 0 -13 12 -14 20 -14 14 -12 15 -14 10 -17 15 -9 18 -17 10 -12 16 -15 12 -15 10 -13 10 -16 10 -11 8 -18 6 -10 14 -16 10 -15 9 -13 9 -10 10 -12 13 -12 6 -16 11 -13 10 -12 14 -11 10 2 -2 -15 12 -15 13 -8 10 -10 10 -14 11 -12 11 -8 7 -8 13 -11 14 -12 14 -6 13 -5 11 -12 16 -12 13 -6 7 -5 11 -11 10 -7 9 -10 15 -11 13 -5 12 -5 12 -9 14 -7 11 -5 15 -7 10 4 -4 0 0 0 0 0 0 0 0 ]
CSI_DATA,AP,68:FE:71:12:53:8C,-35,11,1,7,1,1,1,1,0,0,0,-94,4,6,1,24013501,0,84,0,0,24.014,384,[84 -64 4 0 0 0 0 0 0 0 0 0 -10 19 -11 15 -10 19 -10 17 -9 19 -10 19 -7 19 -6 16 -8 17 -12 13 -7 10 -6 9 -7 11 -9 8 -13 14 -6 13 -7 16 -11 10 -9 12 -13 14 -9 6 -9 9 -7 7 -9 13 -13 8 -13 8 3 0 -6 8 -4 13 -4 13 -6 12 -9 15 -10 11 -9 15 -5 13 -3 14 -5 11 -2 14 -2 13 -1 14 -4 13 -5 16 -5 17 -2 17 -3 18 -7 11 -4 17 -2 15 -7 16 -7 17 -5 17 -8 13 -5 12 3 -3 0 0 0 0 0 0 0 0 ]
CSI_DATA,AP,68:FE:71:12:53:8C,-30,11,1,7,1,1,1,0,0,0,0,-93,0,6,1,24139866,0,84,0,0,24.14,384,[84 -64 4 0 0 0 0 0 0 0 0 0 -20 8 -22 0 -22 7 -26 7 -20 6 -17 -3 -19 -1 -21 0 -22 -1 -19 0 -23 4 -24 2 -16 -3 -23 -1 -21 -1 -21 -4 -19 1 -13 3 -15 1 -14 -5 -12 -4 -14 -3 -18 -2 -15 -2 -18 2 -17 0 1 -3 -13 -1 -18 -1 -12 -2 -17 0 -14 3 -11 6 -15 -2 -17 5 -16 1 -19 1 -11 -1 -14 2 -15 2 -10 -1 -13 6 -18 1 -11 7 -15 -1 -12 7 -17 3 -12 7 -18 7 -15 2 -13 6 -16 1 -16 0 -3 0 0 0 0 0 0 0 0 0 ]
CSI_DATA,AP,68:FE:71:12:53:8C,-32,11,1,7,1,1,1,0,0,0,0,-95,0,6,1,24258257,0,84,0,0,24.258,384,[84 -64 4 0 0 0 0 0 0 0 0 0 -20 -12 -14 -7 -13 -7 -21 -14 -21 -11 -16 -11 -14 -14 -18 -12 -14 -16 -10 -9 -14 -15 -16 -10 -10 -11 -15 -10 -13 -8 -11 -14 -10 -14 -8 -7 -14 -12 -14 -8 -11 -16 -11 -10 -14 -7 -15 -12 -13 -13 -9 -7 -4 -2 -15 -8 -8 -8 -13 -10 -12 -8 -16 -11 -9 -5 -13 -10 -15 -4 -15 -12 -11 -5 -15 -4 -12 -7 -13 -3 -9 -5 -17 -4 -15 -5 -16 -6 -17 -3 -11 -9 -14 -7 -13 -3 -13 -6 -14 -2 -18 -6 -11 -2 -18 -3 1 -4 0 0 0 0 0 0 0 0 ]
CSI_DATA,AP,68:FE:71:12:53:8C,-37,11,1,6,1,1,1,1,0,0,0,-94,4,6,1,24360089,0,84,0,0,24.36,384,[84 -64 4 0 0 0 0 0 0 0 0 0 29 10 34 8 30 13 30 12 31 14 30 14 29 9 27 13 34 14 32 11 33 12 30 20 29 13 32 15 30 13 28 16 25 18 27 15 25 12 25 15 25 13 23 17 18 12 28 14 28 14 21 17 -1 1 22 11 25 7 25 9 24 8 24 14 22 13 25 12 23 9 28 7 26 10 22 8 23 5 26 11 25 8 30 3 29 2 31 8 27 4 24 2 29 1 25 0 29 6 27 3 29 0 30 6 25 1 4 -2 0 0 0 0 0 0 0 0 ]
CSI_DATA,AP,68:FE:71:12:53:8C,-33,11,1,7,1,1,1,0,0,0,0,-94,0,6,1,24459475,0,84,0,0,24.459,384,[84 -64 4 0 0 0 0 0 0 0 0 0 6 5 4 5 6 1 6 1 11 3 2 3 10 7 10 7 7 6 4 6 4 6 3 9 5 5 2 6 7 4 6 3 8 7 1 2 1 4 1 4 1 6 7 8 6 3 9 10 5 1 7 6 4 1 5 5 8 9 6 1 6 1 8 8 3 4 5 6 9 3 5 8 9 3 10 0 7 5 6 0 6 2 2 1 4 7 4 0 3 2 10 3 4 0 6 2 6 6 9 0 2 -1 7 0 6 -1 -4 0 0 0 0 0 0 0 0 0 ]
CSI_DATA,AP,68:FE:71:12:53:8C,-33,11,1,6,1,1,1,0,0,0,0,-94,0,6,1,24574576,0,84,0,0,24.575,384,[84 -64 4 0 0 0 0 0 0 0 0 0 16 -7 23 -8 20 -4 23 -4 18 -2 19 -5 19 -2 16 -1 21 2 17 -3 23 -1 24 -3 24 -5 24 0 23 2 20 4 20 2 15 1 14 3 18 4 18 -2 13 1 13 -1 15 -3 20 3 18 0 4 -3 16 0 18 -2 13 -6 13 -7 18 -2 12 0 13 -6 12 0 18 -3 17 0 13 -3 18 -4 14 -5 15 -9 11 -9 16 -3 12 -7 17 -9 17 -9 10 -8 13 -6 18 -4 10 -6 11 -12 13 -9 12 -11 1 4 0 0 0 0 0 0 0 0 ]
CSI_DATA,AP,68:FE:71:12:53:8C,-36,11,1,6,1,1,1,0,0,0,0,-94,0,6,1,24664806,0,84,0,0,24.665,384,[84 -64 4 0 0 0 0 0 0 0 0 0 -12 2 -7 3 -8 3 -12 -1 -7 2 -9 3 -12 -3 -11 0 -10 0 -6 1 -12 4 -6 -4 -8 1 -6 3 -8 -1 -6 -3 -8 -4 -7 -2 -10 0 -7 4 -10 1 -10 -3 -3 3 -8 0 -5 2 -2 -2 4 -1 -2 3 -2 1 -10 -1 -6 -1 -7 1 -4 -2 -10 6 -9 -2 -1 -1 -4 1 -4 7 -5 3 -7 5 -9 1 -5 0 -1 -1 -8 2 -5 0 -9 5 -4 6 -7 7 -9 1 -2 6 -6 3 0 9 -3 2 0 -4 0 0 0 0 0 0 0 0 ]
CSI_DATA,AP,68:FE:71:12:53:8C,-36,11,1,6,1,1,1,0,0,0,0,-94,0,6,1,24730953,0,84,0,0,24.731,384,[84 -64 4 0 0 0 0 0 0 0 0 0 -33 23 -35 22 -34 22 -31 23 -32 20 -29 15 -31 15 -23 14 -28 9 -28 16 -25 13 -29 17 -32 8 -28 9 -24 5 -26 13 -22 9 -17 13 -24 8 -24 14 -16 11 -22 8 -14 6 -20 10 -17 11 -21 10 1 1 -16 8 -12 15 -12 13 -19 18 -17 15 -18 13 -13 15 -10 16 -10 7 -12 14 -11 14 -8 21 -15 19 -16 18 -11 17 -8 21 -9 24 -9 24 -8 18 -6 24 -13 18 -11 26 -9 18 -9 27 -5 25 -10 24 -3 -1 0 0 0 0 0 0 0 0 ]
CSI_DATA,AP,68:FE:71:12:53:8C,-36,11,1,5,1,1,1,0,0,0,0,-95,0,6,1,24834485,0,84,0,0,24.834,384,[84 -64 4 0 0 0 0 0 0 0 0 0 17 23 8 24 8 22 9 22 12 23 7 25 5 21 6 23 0 19 4 22 4 20 8 21 7 19 6 20 4 16 7 17 0 14 3 12 4 16 6 17 5 13 0 12 0 12 8 13 9 11 4 13 -2 -4 7 11 4 11 3 9 6 10 4 7 9 5 6 10 4 12 6 7 7 3 8 3 5 3 12 5 14 8 12 5 9 10 8 1 13 8 16 6 13 0 12 6 9 3 14 3 14 5 11 0 16 -1 1 1 0 0 0 0 0 0 0 0 ]
CSI_DATA,AP,68:FE:71:12:53:8C,-31,11,1,7,1,1,1,0,0,0,0,-96,0,6,1,24887911,0,84,0,0,24.888,384,[84 -64 4 0 0 0 0 0 0 0 0 0 -14 -28 -14 -24 -15 -33 -15 -29 -16 -24 -8 -28 -9 -31 -5 -27 -9 -23 -12 -22 -10 -27 -7 -28 -11 -25 -9 -21 -5 -20 -12 -23 -5 -20 -5 -15 -5 -21 -4 -23 -9 -18 -10 -19 -7 -15 -11 -20 -11 -15 -10 -12 4 4 -6 -9 -10 -17 -7 -10 -9 -14 -6 -15 -14 -9 -6 -11 -6 -14 -8 -12 -10 -5 -10 -5 -14 -6 -11 -3 -13 -4 -9 -3 -10 -4 -13 -1 -14 0 -14 -7 -9 -6 -16 -7 -10 0 -10 -2 -14 0 -11 -4 -9 4 2 -2 0 0 0 0 0 0 0 0 ]
CSI_DATA,AP,68:FE:71:12:53:8C,-31,11,1,7,1,1,1,0,0,0,0,-94,0,6,1,25000433,0,84,0,0,25,384,[84 -64 4 0 0 0 0 0 0 0 0 0 5 -17 3 -19 10 -23 7 -23 6 -21 9 -19 10 -21 11 -12 9 -14 12 -13 13 -17 9 -13 13 -17 5 -11 6 -16 13 -12 11 -11 11 -14 4 -15 11 -13 3 -18 12 -12 11 -9 10 -16 9 -16 5 -13 3 0 8 -15 9 -15 5 -18 7 -13 6 -15 3 -18 11 -16 1 -13 10 -11 8 -12 7 -18 4 -12 8 -11 5 -17 2 -12 5 -18 2 -16 2 -13 2 -20 4 -15 6 -18 8 -11 5 -19 7 -13 4 -11 0 -13 2 2 0 0 0 0 0 0 0 0 ]
CSI_DATA,AP,68:FE:71:12:53:8C,-35,11,1,6,1,1,1,1,0,0,0,-94,6,6,1,25104541,0,84,0,0,25.105,384,[84 -64 4 0 0 0 0 0 0 0 0 0 0 -7 4 -2 7 -3 5 -2 5 -7 7 -5 8 -1 8 -4 1 -1 7 -3 4 -8 8 -5 1 -3 5 -5 4 -6 3 -6 1 -7 7 -8 9 -1 6 -8 9 -8 4 -4 3 -2 8 -7 4 -1 4 -1 -2 3 9 -8 7 -2 1 -5 4 -9 7 -3 2 -1 4 -7 3 -1 4 -5 7 -9 8 0 1 -2 8 -7 2 -3 7 -4 5 -1 1 -4 8 -5 2 -3 2 -4 8 -7 2 -2 6 -7 5 -9 3 -7 1 -4 4 2 0 0 0 0 0 0 0 0 ]
CSI_DATA,AP,68:FE:71:12:53:8C,-35,11,1,6,1,1,1,0,0,0,0,-95,0,6,1,25191100,0,84,0,0,25.191,384,[84 -64 4 0 0 0 0 0 0 0 0 0 -10 -18 -6 -21 -8 -21 -1 -20 -7 -22 0 -21 -7 -21 -7 -14 -2 -15 3 -20 -2 -22 -5 -17 -4 -23 2 -15 2 -19 4 -18 -1 -18 2 -20 1 -22 -2 -15 5 -19 -2 -14 4 -12 -3 -19 1 -22 4 -20 -4 -2 0 -14 2 -14 0 -14 -1 -19 -3 -16 -1 -14 -4 -14 -5 -16 1 -14 -7 -13 0 -17 1 -16 -2 -19 0 -18 -8 -20 -2 -18 -7 -21 -7 -12 -6 -14 -5 -10 -7 -19 -4 -10 -5 -16 -11 -17 -10 -17 -4 -10 -3 2 0 0 0 0 0 0 0 0 ]
CSI_DATA,AP,68:FE:71:12:53:8C,-32,11,1,7,1,1,1,0,0,0,0,-95,0,6,1,25269222,0,84,0,0,25.269,384,[84 -64 4 0 0 0 0 0 0 0 0 0 -14 15 -11 13 -16 11 -14 16 -20 15 -23 9 -18 12 -18 8 -20 11 -19 9 -21 11 -26 7 -25 11 -24 7 -20 8 -26 5 -25 10 -23 11 -21 11 -21 8 -22 1 -21 4 -21 0 -21 5 -20 3 -19 7 -3 -1 -21 4 -24 4 -24 9 -22 9 -24 7 -17 7 -24 7 -15 8 -22 10 -19 6 -16 9 -16 6 -19 7 -22 15 -16 10 -21 8 -20 16 -21 14 -22 8 -17 13 -16 13 -21 10 -21 12 -14 19 -19 17 -13 15 -4 3 0 0 0 0 0 0 0 0 ]
CSI_DATA,AP,68:FE:71:12:53:8C,-34,11,1,6,1,1,1,0,0,0,1,-95,0,6,1,25364152,0,84,0,0,25.364,384,[84 -64 4 0 0 0 0 0 0 0 0 0 -4 -18 -8 -18 -9 -14 -13 -20 -12 -19 -10 -13 -5 -23 -3 -16 -5 -26 -7 -24 -3 -23 -2 -27 -9 -22 -6 -24 -3 -23 -1 -26 -2 -24 0 -20 -3 -21 -3 -28 1 -22 -1 -23 -3 -25 -1 -25 -1 -21 -2 -18 0 2 -1 -22 -1 -24 -5 -21 -2 -21 0 -25 -6 -24 -2 -25 -6 -18 -7 -19 -6 -24 -9 -20 -8 -23 -5 -24 -3 -17 -4 -18 -9 -19 -10 -23 -4 -18 -12 -18 -7 -21 -6 -22 -7 -17 -12 -16 -7 -21 -11 -19 -12 -17 0 3 0 0 0 0 0 0 0 0 ]
CSI_DATA,AP,68:FE:71:12:53:8C,-36,11,1,6,1,1,1,0,0,0,0,-93,0,6,1,25480358,0,84,0,0,25.48,384,[84 -64 4 0 0 0 0 0 0 0 0 0 8 7 13 1 10 8 12 8 14 1 15 7 10 4 10 6 7 5 12 5 8 3 9 5 11 2 6 10 7 3 14 2 8 4 10 2 6 1 12 4 9 3 9 6 4 5 12 3 12 8 6 7 1 0 7 3 6 5 10 6 8 1 6 4 6 2 5 6 10 7 11 6 10 0 6 0 8 6 9 3 5 2 11 3 10 5 13 -2 11 -2 12 -1 8 -1 5 -3 12 -4 11 3 7 -2 12 4 9 -4 0 -4 0 0 0 0 0 0 0 0 ]
CSI_DATA,AP,68:FE:71:12:53:8C,-35,11,1,7,1,1,1,0,0,0,0,-96,0,6,1,25587882,0,84,0,0,25.588,384,[82 -96 4 0 0 0 0 0 0 0 0 0 -17 -4 -18 -3 -21 -4 -17 -4 -14 -4 -19 -6 -18 -9 -20 -6 -15 -12 -13 -9 -13 -12 -15 -9 -11 -10 -17 -13 -18 -12 -11 -15 -18 -6 -12 -12 -12 -13 -14 -13 -15 -8 -10 -10 -14 -5 -17 -6 -13 -8 -10 -5 -1 2 -11 -5 -10 -8 -13 -12 -10 -5 -8 -7 -9 -8 -11 -8 -10 -8 -11 -9 -16 -4 -15 -9 -13 -4 -14 -6 -16 -5 -12 -2 -14 -8 -10 -4 -15 -3 -11 -1 -17 -8 -12 -5 -10 -5 -11 -3 -18 1 -16 -2 -16 -1 3 4 0 0 0 0 0 0 0 0 ]
CSI_DATA,AP,68:FE:71:12:53:8C,-37,11,1,6,1,1,1,0,0,0,0,-93,0,6,1,25696601,0,84,0,0,25.697,384,[84 -64 4 0 0 0 0 0 0 0 0 0 11 12 15 9 12 10 15 17 15 10 12 19 7 13 11 16 14 16 7 14 13 18 12 13 13 13 13 19 7 18 8 19 9 17 4 14 12 17 7 12 11 13 10 15 5 15 3 14 7 12 9 13 -1 0 4 17 4 10 11 11 12 10 8 9 4 10 10 12 7 16 6 13 11 8 8 15 10 10 8 15 7 15 11 6 8 8 7 7 11 8 13 8 14 9 6 8 11 14 14 8 13 9 9 10 10 14 1 4 0 0 0 0 0 0 0 0 ]
CSI_DATA,AP,68:FE:71:12:53:8C,-39,11,1,5,1,1,1,0,0,0,0,-96,0,6,1,25808309,0,84,0,0,25.808,384,[84 -64 4 0 0 0 0 0 0 0 0 0 -8 -22 -7 -22 -10 -18 -4 -21 -6 -17 -8 -20 -4 -23 -5 -16 -7 -19 -6 -22 -8 -21 -8 -21 -8 -18 -8 -20 0 -18 -5 -20 -3 -21 -5 -18 -5 -20 0 -18 -2 -16 -3 -14 1 -20 -4 -14 -1 -15 0 -20 4 1 -3 -14 0 -17 -9 -14 -5 -15 -2 -14 -2 -16 -4 -14 -7 -18 -6 -13 -3 -11 -5 -19 -8 -18 -9 -16 -6 -19 -10 -17 -9 -14 -5 -18 -10 -18 -12 -12 -10 -16 -12 -15 -6 -18 -11 -15 -10 -10 -10 -10 -11 -10 2 4 0 0 0 0 0 0 0 0 ]
CSI_DATA,AP,68:FE:71:12:53:8C,-38,11,1,5,1,1,1,0,0,0,0,-94,0,6,1,25909093,0,84,0,0,25.909,384,[84 -64 4 0 0 0 0 0 0 0 0 0 -1 21 0 19 -5 22 -1 23 -1 18 -5 15 -2 21 -7 16 -3 18 -5 22 -1 20 -1 22 -6 21 -9 15 -7 19 -8 14 -10 20 -7 15 -5 18 -6 20 -4 16 -5 17 -9 14 -4 16 -6 12 -4 16 3 1 -3 19 -1 15 -6 19 0 19 -4 14 0 19 0 19 -2 19 -3 16 -2 12 2 19 -3 12 -4 18 -3 14 2 12 1 15 -1 11 2 12 0 13 1 15 -1 11 1 14 4 16 1 18 4 13 6 11 -1 -3 0 0 0 0 0 0 0 0 ]
CSI_DATA,AP,68:FE:71:12:53:8C,-32,11,1,7,1,1,1,0,0,0,0,-95,0,6,1,26039377,0,84,0,0,26.039,384,[84 -64 4 0 0 0 0 0 0 0 0 0 4 18 -2 16 5 18 5 17 1 23 4 16 -1 15 -3 19 -2 16 3 17 1 21 2 21 2 17 0 19 2 21 -3 16 -5 15 -2 19 0 15 -5 20 -2 19 2 15 -2 17 2 15 2 12 1 11 2 3 -3 12 -4 13 -2 17 -4 17 -4 10 -4 10 -4 15 4 14 -1 13 1 9 -2 10 2 17 5 12 0 14 6 9 -1 17 7 14 1 12 1 12 6 17 7 10 5 11 1 11 7 11 5 10 1 9 0 0 0 0 0 0 0 0 0 0 ]
CSI_DATA,AP,68:FE:71:12:53:8C,-30,11,1,7,1,1,1,0,0,0,0,-95,0,6,1,26157370,0,84,0,0,26.157,384,[84 -64 4 0 0 0 0 0 0 0 0 0 -13 -12 -12 -12 -19 -15 -19 -14 -13 -12 -10 -9 -14 -12 -15 -13 -8 -10 -9 -13 -12 -14 -15 -15 -11 -11 -10 -12 -11 -11 -10 -19 -6 -14 -12 -17 -12 -14 -11 -13 -7 -12 -7 -10 -8 -9 -12 -16 -8 -10 -12 -9 -1 -1 -9 -8 -8 -14 -7 -12 -14 -13 -9 -10 -14 -10 -14 -14 -15 -8 -13 -10 -9 -14 -9 -10 -8 -12 -13 -5 -9 -6 -13 -10 -15 -4 -14 -4 -14 -7 -9 -10 -13 -7 -16 -12 -13 -7 -13 -3 -13 -10 -16 -3 -10 -4 -3 2 0 0 0 0 0 0 0 0 ]
CSI_DATA,AP,68:FE:71:12:53:8C,-31,11,1,7,1,1,1,0,0,0,0,-94,0,6,1,26246552,0,84,0,0,26.247,384,[84 -64 4 0 0 0 0 0 0 0 0 0 14 11 18 8 19 13 19 8 17 14 12 15 13 9 13 12 10 17 9 13 14 9 17 11 9 11 15 11 8 18 7 18 7 10 8 17 9 10 10 9 8 10 8 15 10 8 8 8 11 12 14 10 2 -4 7 12 13 8 8 13 11 9 15 8 8 6 7 12 13 7 10 8 12 11 9 11 15 9 12 8 15 8 13 6 10 11 10 8 11 8 9 6 17 6 12 10 13 6 13 5 17 9 17 9 11 4 -2 1 0 0 0 0 0 0 0 0 ]
CSI_DATA,AP,68:FE:71:12:53:8C,-35,11,1,5,1,1,1,0,0,0,0,-96,0,6,1,26348203,0,84,0,0,26.348,384,[84 -64 4 0 0 0 0 0 0 0 0 0 11 -17 15 -21 11 -18 8 -18 15 -15 14 -15 10 -15 11 -12 17 -15 12 -9 13 -12 18 -11 13 -11 11 -9 16 -12 16 -11 11 -14 15 -7 12 -9 15 -13 17 -6 17 -9 15 -8 9 -9 12 -9 16 -12 -3 0 11 -6 14 -9 9 -14 11 -14 15 -13 13 -6 11 -9 10 -7 11 -7 6 -14 9 -9 8 -9 9 -16 10 -12 10 -8 13 -9 8 -15 5 -14 8 -17 11 -12 13 -11 9 -12 5 -15 11 -16 10 -13 11 -16 1 -1 0 0 0 0 0 0 0 0 ]
CSI_DATA,AP,68:FE:71:12:53:8C,-34,11,1,6,1,1,1,0,0,0,0,-94,0,6,1,26462926,0,84,0,0,26.463,384,[84 -64 4 0 0 0 0 0 0 0 0 0 -24 -2 -19 -3 -18 3 -18 -3 -23 1 -16 -2 -21 -7 -21 -1 -15 -2 -15 0 -19 0 -19 -5 -22 -8 -16 -3 -15 -9 -14 -1 -14 -2 -19 -3 -17 -7 -15 -1 -17 -9 -19 -8 -14 -2 -17 -6 -19 -7 -14 -3 2 4 -13 -1 -16 0 -19 -7 -12 -1 -11 -4 -12 -2 -19 -1 -19 -4 -17 3 -18 -1 -13 -3 -16 2 -15 2 -19 0 -15 -3 -14 -1 -15 2 -19 0 -13 -2 -11 7 -15 2 -16 7 -17 1 -18 2 -15 8 -18 2 -2 1 0 0 0 0 0 0 0 0 ]
CSI_DATA,AP,68:FE:71:12:53:8C,-33,11,1,7,1,1,1,0,0,0,0,-94,0,6,1,26544015,0,84,0,0,26.544,384,[84 -64 4 0 0 0 0 0 0 0 0 0 -11 -15 -17 -17 -16 -18 -15 -19 -12 -14 -15 -22 -7 -17 -7 -18 -12 -19 -11 -17 -12 -18 -11 -17 -8 -18 -6 -15 -6 -18 -9 -23 -9 -14 -10 -22 -9 -19 -10 -22 -5 -22 -3 -15 -5 -14 -9 -18 -3 -14 -5 -13 -2 -3 -8 -18 -3 -11 -5 -19 -10 -16 -6 -17 -4 -16 -12 -12 -9 -11 -7 -12 -9 -13 -13 -12 -9 -11 -8 -18 -6 -13 -8 -10 -8 -11 -11 -16 -7 -14 -8 -14 -9 -16 -12 -15 -16 -17 -14 -17 -8 -10 -11 -13 -15 -12 4 1 0 0 0 0 0 0 0 0 ]
CSI_DATA,AP,68:FE:71:12:53:8C,-35,11,1,5,1,1,1,1,0,0,0,-93,6,6,1,26631500,0,84,0,0,26.631,384,[84 -64 4 0 0 0 0 0 0 0 0 0 5 15 0 16 5 18 1 21 4 21 -3 18 3 16 -1 14 -5 20 2 16 0 14 -5 14 1 20 0 21 1 19 0 14 -7 16 -4 13 1 12 -3 18 -3 15 1 14 -7 16 -3 18 1 13 -1 17 0 -4 2 17 0 12 -3 19 1 10 -4 12 5 13 4 16 0 12 -3 16 1 16 1 15 4 12 1 12 -2 13 6 12 4 16 6 13 7 16 3 15 -1 13 1 17 4 16 6 14 7 17 3 17 2 15 -3 3 0 0 0 0 0 0 0 0 ]
CSI_DATA,AP,68:FE:71:12:53:8C,-32,11,1,7,1,1,1,0,0,0,0,-96,0,6,1,26743582,0,84,0,0,26.744,384,[84 -64 4 0 0 0 0 0 0 0 0 0 15 6 17 12 20 12 16 14 13 10 13 15 16 8 15 11 16 15 19 12 12 9 10 15 17 11 10 15 11 13 15 14 9 11 9 14 16 12 12 9 13 13 9 10 8 11 15 11 9 13 13 11 2 2 10 7 10 8 16 14 10 14 10 11 13 9 16 5 17 12 16 10 17 11 12 6 9 6 16 8 15 8 17 2 18 6 15 4 12 9 17 8 12 5 14 3 12 0 17 8 13 9 12 8 17 0 -2 0 0 0 0 0 0 0 0 0 ]
CSI_DATA,AP,68:FE:71:12:53:8C,-30,11,1,7,1,1,1,0,0,0,0,-94,0,6,1,26857559,0,84,0,0,26.858,384,[84 -64 4 0 0 0 0 0 0 0 0 0 0 -8 5 -12 8 -7 3 -8 6 -12 2 -5 4 -12 9 -4 5 -11 2 -5 9 -4 6 -7 6 -10 1 -3 5 -6 6 -7 2 -5 9 -7 1 -10 2 -9 4 -3 1 -3 3 -10 7 -6 8 -5 2 -11 3 -3 7 -6 1 -10 7 -6 4 -11 5 -5 6 -7 0 -10 3 -8 6 -5 4 -8 6 -3 3 -2 7 -8 4 -4 7 -10 1 -11 6 -4 3 -4 2 -11 5 -4 -2 -6 6 -7 2 -3 4 -4 0 -6 5 -5 -2 1 0 0 0 0 0 0 0 0 ]
CSI_DATA,AP,68:FE:71:12:53:8C,-38,11,1,6,1,1,1,0,0,0,1,-94,0,6,1,26962371,0,84,0,0,26.962,384,[84 -64 4 0 0 0 0 0 0 0 0 0 13 -14 16 -9 13 -7 14 -10 17 -7 12 -8 19 -11 21 -7 21 -3 14 -10 16 -5 15 -2 13 -8 18 -5 13 -7 19 -4 12 -3 11 -2 17 -8 12 -2 14 -8 11 -5 10 -4 12 -3 12 -3 14 -6 2 -4 13 0 11 -3 10 -5 13 -7 13 -7 15 -10 12 -4 14 -5 16 -2 9 -4 11 -5 9 -3 15 -4 10 -12 9 -8 11 -11 15 -11 9 -8 13 -7 11 -13 14 -5 12 -11 8 -10 10 -13 12 -10 11 -9 -4 -3 0 0 0 0 0 0 0 0 ]
CSI_DATA,AP,68:FE:71:12:53:8C,-33,11,1,6,1,1,1,0,0,0,0,-93,0,6,1,27062441,0,84,0,0,27.062,384,[84 -64 4 0 0 0 0 0 0 0 0 0 18 -8 17 -10 23 -4 21 -7 23 -8 17 -2 20 -5 19 -3 20 -3 22 -6 19 -2 16 -2 23 2 22 4 22 2 15 -2 19 0 15 3 16 -2 21 3 16 0 17 0 17 3 13 -1 19 -2 13 1 1 -2 17 -2 15 0 13 -2 14 -6 13 -6 19 -5 11 -6 17 -2 14 -4 15 -5 17 0 13 -2 18 0 11 -3 19 -2 15 -1 11 -9 16 -3 10 -10 17 -10 18 -5 17 -11 11 -12 18 -11 15 -5 13 -5 -1 1 0 0 0 0 0 0 0 0 ]
CSI_DATA,AP,68:FE:71:12:53:8C,-32,11,1,6,1,1,1,1,0,0,0,-95,6,6,1,27169711,0,84,0,0,27.17,384,[84 -64 4 0 0 0 0 0 0 0 0 0 8 17 4 14 8 15 6 12 4 17 5 16 4 13 8 15 0 14 4 15 8 13 6 18 7 13 0 19 1 20 2 19 5 16 5 17 3 18 2 13 6 12 -2 16 -1 18 1 16 6 14 4 11 4 0 -1 18 -1 12 1 18 4 17 2 11 4 15 1 13 7 9 2 11 1 13 3 13 6 9 3 13 9 14 7 13 2 9 4 11 9 15 6 15 5 9 6 15 7 7 7 7 11 10 4 12 6 12 -3 -1 0 0 0 0 0 0 0 0 ]
CSI_DATA,AP,68:FE:71:12:53:8C,-35,11,1,6,1,1,1,0,0,0,0,-95,0,6,1,27280360,0,84,0,0,27.28,384,[84 -64 4 0 0 0 0 0 0 0 0 0 -15 -6 -19 -7 -22 -8 -20 -11 -14 -12 -17 -9 -18 -12 -18 -13 -19 -11 -18 -14 -17 -16 -15 -10 -18 -12 -12 -13 -10 -13 -14 -8 -10 -7 -11 -10 -16 -8 -16 -9 -9 -8 -10 -13 -10 -11 -17 -13 -15 -9 -9 -7 -2 4 -14 -9 -13 -8 -8 -12 -8 -8 -16 -5 -10 -7 -8 -5 -11 -12 -16 -7 -16 -2 -12 -3 -9 -7 -10 -8 -13 -9 -14 -10 -14 -5 -14 -2 -12 -9 -14 -3 -18 -6 -14 -5 -12 -6 -14 -5 -18 -8 -17 -2 -10 -3 -4 4 0 0 0 0 0 0 0 0 ]
CSI_DATA,AP,68:FE:71:12:53:8C,-35,11,1,5,1,1,1,0,0,0,0,-95,0,6,1,27390124,0,82,0,0,27.39,384,[84 -64 4 0 0 0 0 0 0 0 0 0 9 12 14 12 16 12 10 18 14 13 9 12 10 16 9 12 11 13 8 14 7 13 8 16 10 16 9 18 8 16 11 15 7 16 6 11 7 17 5 19 10 13 4 12 8 14 10 12 6 13 6 11 2 -3 4 16 10 18 5 11 10 10 6 15 7 12 5 13 11 11 12 11 5 10 8 16 10 8 12 12 8 15 9 10 14 12 9 14 9 11 8 12 10 13 10 8 10 13 11 14 14 7 11 14 9 11 -2 2 0 0 0 0 0 0 0 0 ]
CSI_DATA,AP,68:FE:71:12:53:8C,-34,11,1,6,1,1,1,0,0,0,0,-95,0,6,1,27496255,0,84,0,0,27.496,384,[84 -64 4 0 0 0 0 0 0 0 0 0 22 2 18 5 17 6 16 6 19 2 19 2 15 3 17 2 14 2 18 3 21 6 16 11 19 6 17 4 13 10 13 7 13 10 16 5 19 6 18 5 14 4 15 8 17 3 13 9 14 9 16 7 0 -2 15 3 15 7 19 1 15 5 16 4 16 6 15 4 13 7 16 1 19 6 13 -1 15 2 12 5 17 2 13 1 19 4 20 2 18 -1 14 2 14 -5 18 0 15 -6 12 -2 16 -1 12 -4 16 -1 4 4 0 0 0 0 0 0 0 0 ]
CSI_DATA,AP,68:FE:71:12:53:8C,-36,11,0,0,0,0,0,0,0,0,0,-94,0,6,1,27562258,0,37,0,0,27.562,128,[84 -64 4 0 0 0 0 0 0 0 0 0 -16 14 -18 13 -15 9 -17 10 -18 15 -17 11 -14 15 -14 12 -17 12 -18 8 -15 5 -21 8 -15 13 -19 11 -15 8 -15 6 -18 12 -20 11 -16 9 -20 4 -20 3 -20 8 -15 10 -18 10 -17 6 -15 9 -3 1 -16 8 -17 5 -17 11 -13 6 -13 9 -14 8 -14 11 -14 13 -13 9 -14 12 -12 8 -9 10 -10 10 -15 13 -11 13 -13 8 -14 14 -14 8 -8 15 -12 13 -15 10 -11 11 -8 16 -8 14 -13 15 -10 15 0 0 0 0 0 0 0 0 0 0 ]
CSI_DATA,AP,68:FE:71:12:53:8C,-37,11,1,7,1,1,1,0,0,0,0,-93,0,6,1,27650647,0,84,0,0,27.651,384,[84 -64 4 0 0 0 0 0 0 0 0 0 -2 -23 3 -19 -2 -20 1 -19 2 -23 7 -16 4 -23 3 -18 4 -21 7 -24 2 -24 2 -22 9 -21 9 -20 8 -17 3 -16 7 -21 7 -15 2 -21 4 -16 10 -20 4 -18 2 -16 5 -16 8 -14 9 -16 4 -3 3 -16 6 -12 8 -13 -1 -12 2 -18 6 -19 8 -20 5 -15 5 -13 5 -12 0 -16 -1 -16 0 -19 1 -20 5 -13 1 -15 0 -21 2 -15 -5 -19 3 -18 -3 -20 0 -15 -4 -16 0 -13 -6 -13 1 -12 -1 3 0 0 0 0 0 0 0 0 ]
CSI_DATA,AP,68:FE:71:12:53:8C,-39,11,1,4,1,1,1,0,0,0,0,-96,0,6,1,27762203,0,84,0,0,27.762,384,[84 -64 4 0 0 0 0 0 0 0 0 0 -21 5 -17 2 -19 2 -19 5 -20 0 -22 2 -18 -1 -16 -6 -20 1 -21 0 -22 -3 -24 -6 -16 -5 -21 1 -20 -6 -18 -1 -17 -3 -13 -1 -17 -5 -23 -7 -22 -1 -22 -4 -21 -4 -18 -4 -21 -7 -18 -2 2 4 -15 -3 -13 0 -14 1 -14 2 -14 0 -18 -2 -18 0 -18 2 -16 -6 -13 -4 -19 -4 -19 2 -19 2 -17 4 -14 0 -18 -4 -15 -3 -13 3 -16 0 -13 5 -21 -2 -20 1 -17 5 -22 2 -13 5 -15 -1 -1 4 0 0 0 0 0 0 0 0 ]
CSI_DATA,AP,68:FE:71:12:53:8C,-30,11,1,7,1,1,1,0,0,0,1,-95,0,6,1,27844908,0,84,0,0,27.845,384,[84 -64 4 0 0 0 0 0 0 0 0 0 10 18 9 16 3 23 10 19 3 18 1 23 6 15 0 15 1 21 0 19 2 23 1 16 2 23 0 16 4 21 2 21 -3 18 1 14 4 19 3 21 -3 18 3 20 -2 17 -1 21 4 19 3 16 -1 0 4 18 0 16 6 20 6 15 3 12 5 19 -1 15 2 15 1 17 9 15 2 13 2 17 4 12 5 11 9 12 9 19 9 11 9 15 5 14 12 14 4 18 7 11 11 15 13 13 12 15 8 9 4 -3 0 0 0 0 0 0 0 0 ]
CSI_DATA,AP,68:FE:71:12:53:8C,-34,11,1,7,1,1,1,0,0,0,0,-95,0,6,1,27928388,0,84,0,0,27.928,384,[84 -64 4 0 0 0 0 0 0 0 0 0 -19 15 -15 10 -18 12 -15 16 -21 14 -22 7 -23 15 -22 9 -19 13 -22 9 -24 13 -18 11 -19 6 -21 10 -24 10 -21 5 -17 4 -15 11 -18 7 -17 7 -19 8 -20 12 -16 3 -15 4 -14 8 -18 11 1 -4 -14 6 -19 10 -18 12 -14 9 -13 8 -14 7 -13 12 -15 12 -17 12 -10 5 -13 11 -12 12 -15 14 -11 9 -9 6 -10 15 -11 16 -9 14 -10 9 -9 16 -11 8 -9 17 -9 13 -13 11 -12 10 -12 14 -2 0 0 0 0 0 0 0 0 0 ]
CSI_DATA,AP,68:FE:71:12:53:8C,-34,11,1,7,1,1,1,0,0,0,0,-94,0,6,1,28038349,0,84,0,0,28.038,384,[84 -64 4 0 0 0 0 0 0 0 0 0 19 0 16 4 21 -3 23 6 26 5 23 7 21 4 18 1 22 5 20 9 22 8 17 6 18 10 16 4 16 10 24 2 21 11 15 2 22 6 18 6 22 3 15 7 15 4 17 7 21 5 14 10 -3 -4 21 2 19 5 19 6 18 1 20 6 16 0 13 -2 20 4 14 -1 18 2 20 3 15 4 16 1 20 -4 14 0 16 2 21 2 16 2 14 -6 13 -8 17 -6 19 2 17 -3 14 -6 21 -5 17 -2 -1 -2 0 0 0 0 0 0 0 0 ]
CSI_DATA,AP,68:FE:71:12:53:8C,-34,11,1,6,1,1,1,1,0,0,0,-96,4,6,1,28152158,0,84,0,0,28.152,384,[84 -64 4 0 0 0 0 0 0 0 0 0 12 -13 15 -13 15 -15 19 -15 20 -11 21 -14 16 -10 18 -13 17 -7 22 -13 20 -6 15 -11 18 -12 19 -14 20 -12 16 -12 16 -5 18 -7 16 -11 15 -3 15 -9 16 -5 13 -6 15 -6 19 -9 16 -11 0 0 18 -9 14 -11 20 -9 18 -12 13 -12 13 -8 12 -7 17 -5 12 -5 12 -10 9 -15 16 -10 16 -7 16 -14 12 -7 14 -8 17 -16 16 -15 9 -16 8 -13 12 -13 11 -8 13 -11 10 -13 9 -15 15 -11 2 2 0 0 0 0 0 0 0 0 ]
CSI_DATA,AP,68:FE:71:12:53:8C,-36,11,1,5,1,1,1,0,0,0,0,-93,0,6,1,28252568,0,84,0,0,28.253,384,[84 -64 4 0 0 0 0 0 0 0 0 0 9 15 6 23 7 21 7 24 3 17 6 22 4 22 8 21 7 24 4 19 5 25 2 19 3 19 6 18 5 23 -1 23 -2 18 1 18 -3 19 5 21 -3 15 -2 16 4 17 1 21 5 15 4 16 1 3 1 13 1 17 4 17 -1 20 6 14 5 19 7 16 4 17 1 18 1 13 9 19 6 16 1 14 5 19 5 16 6 16 3 20 7 16 9 14 7 14 5 13 3 17 12 16 6 19 8 11 7 18 4 -4 0 0 0 0 0 0 0 0 ]
CSI_DATA,AP,68:FE:71:12:53:8C,-36,11,1,7,1,1,1,0,0,0,0,-94,0,6,1,28368041,0,84,0,0,28.368,384,[84 -64 4 0 0 0 0 0 0 0 0 0 4 -23 9 -25 7 -19 5 -23 7 -24 13 -24 13 -21 8 -14 10 -19 12 -14 15 -16 10 -23 14 -17 10 -16 10 -14 12 -22 15 -16 16 -20 16 -12 13 -13 16 -12 14 -14 7 -16 10 -16 8 -17 9 -14 -3 -2 10 -13 14 -18 6 -17 13 -14 14 -17 9 -16 8 -20 8 -14 9 -15 8 -17 6 -13 5 -19 5 -21 5 -19 11 -15 3 -20 10 -19 1 -15 6 -17 3 -17 9 -20 7 -14 1 -14 2 -20 0 -17 2 -16 -1 -4 0 0 0 0 0 0 0 0 ]
CSI_DATA,AP,68:FE:71:12:53:8C,-32,11,1,7,1,1,1,0,0,0,0,-96,0,6,1,28450436,0,84,0,0,28.45,384,[84 -64 4 0 0 0 0 0 0 0 0 0 -15 22 -8 16 -16 20 -14 17 -11 14 -16 19 -15 18 -18 15 -18 15 -18 10 -12 13 -20 19 -18 13 -18 15 -16 12 -15 14 -17 11 -17 9 -14 13 -14 12 -17 8 -13 12 -11 8 -14 16 -14 14 -14 11 0 -1 -11 16 -16 13 -13 17 -12 9 -8 9 -14 15 -10 14 -8 11 -13 17 -8 12 -11 15 -13 12 -11 16 -12 15 -10 11 -11 14 -9 16 -12 16 -10 13 -5 15 -12 17 -10 15 -7 17 -10 20 -10 19 -5 13 1 -3 0 0 0 0 0 0 0 0 ]
CSI_DATA,AP,68:FE:71:12:53:8C,-37,11,1,7,1,1,1,0,0,0,0,-94,0,6,1,28533441,0,84,0,0,28.533,384,[84 -64 4 0 0 0 0 0 0 0 0 0 -10 -11 -13 -19 -13 -22 -11 -18 -12 -20 -9 -14 -10 -18 -14 -20 -12 -15 -5 -20 -11 -21 -6 -23 -14 -15 -13 -17 -7 -14 -8 -16 -7 -21 -3 -20 -5 -19 -4 -19 -8 -19 -6 -21 -7 -17 -6 -13 -8 -16 -6 -18 0 4 -5 -19 -12 -18 -10 -14 -11 -13 -8 -10 -7 -14 -7 -11 -5 -14 -6 -14 -11 -9 -10 -13 -6 -13 -11 -12 -14 -10 -12 -8 -11 -12 -13 -14 -17 -13 -15 -10 -15 -8 -15 -14 -17 -8 -14 -15 -15 -9 -15 -10 -15 -14 -4 4 0 0 0 0 0 0 0 0 ]
CSI_DATA,AP,68:FE:71:12:53:8C,-34,11,1,6,1,1,1,0,0,0,1,-94,0,6,1,28636791,0,82,0,0,28.637,384,[84 -64 4 0 0 0 0 0 0 0 0 0 7 23 2 21 3 19 4 20 7 24 6 18 5 22 -1 18 0 19 -1 20 4 19 5 20 4 24 1 23 0 16 3 23 -1 19 -2 16 1 17 1 17 1 14 2 13 0 13 1 17 2 17 5 21 1 4 2 20 1 15 5 20 4 19 3 19 6 18 0 13 4 13 7 16 1 15 0 12 3 15 3 15 6 11 8 15 8 13 9 20 5 18 9 15 3 17 7 16 2 16 5 10 5 13 7 18 6 12 2 1 0 0 0 0 0 0 0 0 ]
CSI_DATA,AP,68:FE:71:12:53:8C,-36,11,1,6,1,1,1,0,0,0,0,-96,0,6,1,28738373,0,84,0,0,28.738,384,[84 -64 4 0 0 0 0 0 0 0 0 0 7 19 5 22 5 24 1 24 6 21 0 17 4 19 5 22 6 21 0 15 2 22 2 24 2 19 3 16 1 19 -3 19 2 15 -4 22 0 15 -3 14 1 21 -2 22 3 15 -2 16 4 21 -2 19 -1 -2 3 13 6 14 0 13 0 16 5 13 6 14 -2 19 3 15 4 15 3 15 2 17 2 13 1 17 8 19 2 17 6 14 4 13 4 13 3 16 3 12 6 14 8 11 11 11 6 13 5 14 10 13 -1 -1 0 0 0 0 0 0 0 0 ]
CSI_DATA,AP,68:FE:71:12:53:8C,-33,11,1,7,1,1,1,0,0,0,0,-94,0,6,1,28829550,0,84,0,0,28.83,384,[84 -64 4 0 0 0 0 0 0 0 0 0 7 17 7 21 6 22 5 18 8 18 2 20 1 19 2 21 5 19 1 19 -2 17 0 19 -1 24 2 19 2 18 -3 22 0 19 0 16 0 22 0 14 -1 15 0 20 0 19 -3 16 3 21 5 20 -2 -2 0 20 6 17 6 13 3 13 3 15 2 15 3 18 2 15 7 15 5 16 4 14 2 15 4 15 2 19 3 14 7 15 4 12 9 16 4 13 11 11 4 13 3 13 9 18 6 17 10 17 10 18 1 2 0 0 0 0 0 0 0 0 ]
CSI_DATA,AP,68:FE:71:12:53:8C,-34,11,1,7,1,1,1,0,0,0,0,-95,0,6,1,28934809,0,84,0,0,28.935,384,[84 -64 4 0 0 0 0 0 0 0 0 0 21 -3 23 -4 18 -7 26 -9 24 1 21 -1 16 1 20 -4 15 0 20 3 17 4 18 1 19 2 18 2 19 -1 24 -2 23 4 18 -3 20 2 18 1 14 0 17 2 15 3 15 4 15 -1 18 -2 1 -4 12 4 13 4 18 -4 16 3 11 -4 19 2 13 2 19 2 13 -5 19 -1 13 -3 19 -3 18 -3 16 -1 19 1 12 -8 19 -4 13 -2 12 -3 11 -8 14 -4 14 -5 13 -7 20 -10 11 -8 12 -6 -2 -2 0 0 0 0 0 0 0 0 ]
CSI_DATA,AP,68:FE:71:12:53:8C,-40,11,1,4,1,1,1,0,0,0,0,-95,0,6,1,29019961,0,84,0,0,29.02,384,[84 -64 4 0 0 0 0 0 0 0 0 0 18 -3 19 1 24 0 24 2 18 3 20 0 22 1 18 3 20 5 19 0 22 3 20 4 23 8 22 8 18 2 23 7 23 9 21 0 19 4 18 4 17 5 17 3 12 4 14 8 14 7 17 0 2 -1 18 8 21 7 15 7 14 2 13 8 19 2 16 2 19 4 16 5 15 -3 17 -4 12 4 14 4 20 2 15 -2 12 -4 19 -1 18 -4 16 -5 19 0 14 1 19 -4 12 -6 21 -5 20 -4 19 0 2 -2 0 0 0 0 0 0 0 0 ]
CSI_DATA,AP,68:FE:71:12:53:8C,-34,11,1,7,1,1,1,0,0,0,0,-94,0,6,1,29138614,0,84,0,0,29.139,384,[84 -64 4 0 0 0 0 0 0 0 0 0 1 -18 3 -19 5 -23 9 -25 6 -19 7 -19 11 -18 11 -19 8 -17 9 -22 8 -20 11 -23 10 -15 7 -14 9 -16 7 -15 5 -15 4 -18 10 -18 7 -14 6 -17 9 -19 6 -11 9 -17 11 -17 11 -14 -2 2 7 -19 6 -20 9 -17 7 -13 5 -15 3 -20 8 -13 9 -19 3 -17 0 -13 1 -13 6 -15 2 -16 2 -20 5 -20 4 -16 4 -13 4 -19 1 -16 0 -19 1 -17 -1 -15 4 -18 0 -15 -1 -14 -1 -19 4 -2 0 0 0 0 0 0 0 0 ]
CSI_DATA,AP,68:FE:71:12:53:8C,-36,11,1,7,1,1,1,0,0,0,0,-96,0,6,1,29212999,0,84,0,0,29.213,384,[84 -64 4 0 0 0 0 0 0 0 0 0 11 -22 9 -14 11 -16 11 -21 12 -15 13 -14 7 -14 15 -12 15 -20 7 -16 9 -16 11 -13 10 -14 9 -15 15 -17 17 -17 16 -15 7 -13 8 -17 10 -17 13 -9 7 -10 8 -16 13 -14 12 -18 13 -18 2 2 9 -13 5 -11 6 -17 6 -11 10 -14 11 -12 11 -18 4 -15 10 -10 8 -11 10 -13 5 -15 7 -16 7 -16 4 -18 6 -17 3 -13 7 -14 3 -18 5 -18 6 -14 6 -18 0 -13 5 -20 5 -18 2 -20 2 2 0 0 0 0 0 0 0 0 ]
CSI_DATA,AP,68:FE:71:12:53:8C,-34,11,1,6,1,1,1,0,0,0,0,-95,0,6,1,29298683,0,84,0,0,29.299,384,[84 -64 4 0 0 0 0 0 0 0 0 0 17 19 12 15 16 18 13 14 12 17 12 17 14 19 11 22 8 20 7 19 11 22 12 20 5 18 7 15 5 14 10 20 6 21 4 15 9 19 5 13 9 16 8 14 9 15 9 17 3 13 9 13 2 -3 9 12 3 12 5 19 7 15 10 12 10 12 10 11 11 10 12 9 8 9 8 13 11 10 12 16 13 16 8 9 7 12 7 10 9 7 7 14 12 12 12 13 10 12 16 14 12 13 8 15 11 7 0 3 0 0 0 0 0 0 0 0 ]
CSI_DATA,AP,68:FE:71:12:53:8C,-35,11,1,6,1,1,1,0,0,0,0,-95,0,6,1,29389181,0,84,0,0,29.389,384,[84 -64 4 0 0 0 0 0 0 0 0 0 -24 10 -17 7 -18 3 -18 5 -23 10 -17 4 -18 6 -22 7 -21 5 -18 3 -18 5 -20 4 -18 4 -16 6 -22 5 -25 1 -21 -2 -23 3 -18 1 -23 4 -16 -2 -22 -3 -17 -2 -18 5 -22 5 -20 5 -3 -2 -16 -3 -17 6 -23 0 -18 2 -20 0 -20 2 -20 4 -19 3 -18 0 -16 2 -13 8 -12 8 -15 5 -14 5 -14 7 -13 3 -20 10 -15 6 -12 5 -13 9 -20 3 -20 8 -14 10 -12 13 -12 10 -12 12 -3 3 0 0 0 0 0 0 0 0 ]
CSI_DATA,AP,68:FE:71:12:53:8C,-39,11,1,5,1,1,1,0,0,0,0,-95,0,6,1,29494387,0,84,0,0,29.494,384,[84 -64 4 0 0 0 0 0 0 0 0 0 12 9 17 14 13 17 19 14 13 16 16 17 10 18 15 16 13 14 14 11 15 19 12 15 13 16 7 19 7 13 9 17 9 19 5 18 11 11 12 17 13 16 8 11 11 15 10 19 10 16 7 17 4 1 14 15 10 13 8 10 15 15 8 14 11 13 7 8 12 11 9 15 10 13 12 12 12 9 8 11 11 7 14 14 11 12 13 11 15 4 10 7 16 6 14 11 17 12 13 11 12 4 10 11 17 8 -4 3 0 0 0 0 0 0 0 0 ]
CSI_DATA,AP,68:FE:71:12:53:8C,-35,11,1,6,1,1,1,0,0,0,0,-95,0,6,1,29616014,0,84,0,0,29.616,384,[84 -64 4 0 0 0 0 0 0 0 0 0 -3 -24 -5 -21 0 -21 -3 -23 -1 -27 1 -24 6 -21 4 -17 -1 -22 3 -21 2 -19 8 -26 3 -24 9 -17 8 -17 5 -26 5 -19 3 -19 5 -23 6 -15 4 -14 6 -19 6 -20 7 -18 5 -19 3 -19 -2 1 0 -23 -1 -19 5 -19 -1 -20 0 -22 -1 -20 4 -21 3 -22 -1 -16 3 -15 1 -20 -2 -21 3 -15 1 -20 2 -21 1 -17 1 -22 -6 -14 -6 -19 -4 -14 0 -17 -5 -20 -3 -14 -4 -20 -2 -19 -2 -21 1 2 0 0 0 0 0 0 0 0 ]
CSI_DATA,AP,68:FE:71:12:53:8C,-35,11,1,5,1,1,1,0,0,0,0,-94,0,6,1,29744040,0,84,0,0,29.744,384,[84 -64 4 0 0 0 0 0 0 0 0 0 12 -13 11 -14 14 -18 9 -17 8 -16 14 -15 12 -17 15 -14 10 -11 15 -13 10 -16 13 -14 12 -8 11 -15 13 -10 15 -15 10 -15 13 -9 8 -8 10 -14 16 -8 11 -13 13 -9 16 -9 10 -16 12 -8 2 -3 9 -14 6 -15 8 -16 8 -8 8 -13 9 -14 6 -15 4 -16 4 -9 7 -15 6 -10 9 -9 7 -10 4 -14 9 -16 8 -11 6 -11 11 -16 2 -12 1 -13 5 -13 5 -14 10 -15 9 -17 2 -14 5 -15 -1 0 0 0 0 0 0 0 0 0 ]
CSI_DATA,AP,68:FE:71:12:53:8C,-35,11,1,6,1,1,1,0,0,0,0,-95,0,6,1,29849979,0,84,0,0,29.85,384,[84 -64 4 0 0 0 0 0 0 0 0 0 -13 15 -11 18 -10 16 -17 21 -15 17 -14 18 -12 16 -12 9 -15 13 -17 10 -19 13 -17 15 -16 15 -14 15 -13 10 -20 16 -13 9 -12 7 -14 14 -13 7 -17 12 -11 12 -18 7 -13 7 -17 15 -11 9 -4 0 -10 8 -17 12 -11 12 -9 14 -12 13 -11 11 -14 12 -12 12 -9 11 -7 10 -11 14 -14 14 -13 11 -10 16 -15 10 -13 14 -11 18 -8 13 -9 17 -12 18 -13 12 -10 15 -5 14 -7 20 -5 14 -10 16 2 0 0 0 0 0 0 0 0 0 ]
CSI_DATA,AP,68:FE:71:12:53:8C,-37,11,1,7,1,1,1,0,0,0,0,-93,0,6,1,29976643,0,84,0,0,29.977,384,[84 -64 4 0 0 0 0 0 0 0 0 0 6 12 5 12 6 18 13 15 11 14 5 17 8 16 7 13 4 12 2 19 6 14 1 13 8 21 5 13 5 16 5 19 0 12 2 11 6 15 -1 15 -1 13 -1 18 3 14 1 16 6 12 3 14 1 1 2 9 2 13 5 15 0 14 7 10 5 11 8 13 7 11 1 8 1 9 7 8 8 8 10 15 2 15 10 11 3 9 4 13 6 13 10 7 7 9 9 6 11 9 12 12 7 6 10 10 12 8 -1 -4 0 0 0 0 0 0 0 0 ]
CSI_DATA,AP,68:FE:71:12:53:8C,-33,11,1,6,1,1,1,0,0,0,0,-93,0,6,1,30051399,0,84,0,0,30.051,384,[84 -64 4 0 0 0 0 0 0 0 0 0 13 -2 12 1 19 -2 20 2 21 1 19 7 16 5 19 6 14 0 14 4 13 2 14 8 13 5 17 5 13 8 16 3 17 9 10 3 16 6 14 5 17 4 10 5 10 3 16 2 14 1 11 6 4 -3 16 4 16 0 10 4 17 4 16 0 16 6 14 1 11 -1 16 5 13 -3 13 1 12 2 16 -1 14 -4 15 -1 12 2 17 -4 10 -3 16 2 10 -6 17 2 10 -3 9 -3 17 -3 15 -1 13 0 0 0 0 0 0 0 0 0 0 0 ]
CSI_DATA,AP,68:FE:71:12:53:8C,-31,11,1,6,1,1,1,0,0,0,0,-96,0,6,1,30180843,0,84,0,0,30.181,384,[84 -64 4 0 0 0 0 0 0 0 0 0 5 -13 11 -10 8 -12 9 -8 15 -10 6 -12 11 -7 9 -11 12 -9 11 -9 7 -8 14 -8 14 -9 9 -3 10 -8 13 -7 13 -9 14 -10 13 -2 9 -8 12 -8 14 -11 10 -10 14 -5 10 -3 14 -9 -2 4 7 -5 5 -8 4 -7 11 -3 13 -5 4 -9 11 -6 6 -4 6 -12 5 -12 4 -8 8 -10 9 -6 5 -10 5 -12 11 -10 5 -5 6 -11 7 -10 2 -13 6 -7 3 -6 2 -10 9 -9 7 -10 7 -13 -4 3 0 0 0 0 0 0 0 0 ]
CSI_DATA,AP,68:FE:71:12:53:8C,-35,11,0,0,0,0,0,0,0,0,0,-95,0,6,1,30262077,0,37,0,0,30.262,128,[84 -64 4 0 0 0 0 0 0 0 0 0 13 -1 21 2 18 2 14 6 19 6 14 1 19 3 16 6 14 8 12 7 19 6 13 7 19 4 17 5 14 9 11 6 15 8 17 7 11 3 14 11 13 5 17 10 12 5 11 7 11 10 12 8 0 2 15 8 14 2 12 9 10 7 9 6 12 7 15 1 10 4 10 -1 14 -1 18 7 12 2 12 2 16 -1 15 0 11 -3 18 6 10 -3 16 0 13 -2 13 -2 14 1 11 -3 12 -5 12 -2 16 -2 3 2 0 0 0 0 0 0 0 0 ]
CSI_DATA,AP,68:FE:71:12:53:8C,-34,11,1,6,1,1,1,0,0,0,0,-94,0,6,1,30360636,0,84,0,0,30.361,384,[84 -64 4 0 0 0 0 0 0 0 0 0 4 12 5 17 4 17 2 18 4 18 3 12 2 14 -2 14 1 10 3 11 -2 14 -2 18 -5 13 -2 13 -2 12 -2 17 1 16 -2 10 -3 12 -7 12 -6 15 -6 9 -2 16 1 10 -2 12 -4 10 0 1 1 16 0 9 -4 14 -3 8 -1 10 -5 8 -4 12 1 15 3 13 -2 12 0 11 2 11 -4 14 2 12 2 13 -2 14 0 13 1 15 -2 10 5 8 0 11 -3 9 5 11 1 16 4 14 1 12 -2 0 0 0 0 0 0 0 0 0 ]
CSI_DATA,AP,68:FE:71:12:53:8C,-37,11,1,6,1,1,1,0,0,0,0,-96,0,6,1,30457372,0,84,0,0,30.457,384,[84 -64 4 0 0 0 0 0 0 0 0 0 -3 -20 -8 -24 -4 -23 -2 -21 -2 -26 -7 -22 0 -20 -6 -23 -5 -19 3 -23 0 -26 1 -21 0 -21 -3 -25 -1 -21 -3 -20 2 -15 4 -21 4 -15 4 -19 5 -16 -2 -15 1 -13 4 -20 4 -16 -1 -18 3 1 1 -17 3 -18 3 -16 -1 -21 -4 -18 0 -22 -5 -21 -6 -17 -2 -20 1 -20 -8 -15 -2 -13 -2 -15 1 -16 -1 -13 -6 -18 -7 -18 -6 -16 -5 -19 -9 -12 -9 -18 -4 -12 -6 -20 -9 -20 -10 -14 -6 -14 4 -2 0 0 0 0 0 0 0 0 ]
CSI_DATA,AP,68:FE:71:12:53:8C,-38,11,1,5,1,1,1,0,0,0,0,-95,0,6,1,30551293,0,84,0,0,30.551,384,[84 -64 4 0 0 0 0 0 0 0 0 0 -13 11 -10 11 -14 13 -17 15 -13 10 -16 7 -16 14 -12 6 -12 12 -9 6 -13 13 -14 10 -10 5 -13 9 -14 8 -17 9 -9 3 -8 6 -11 3 -8 2 -8 3 -13 10 -11 9 -11 5 -9 10 -8 6 0 1 -13 4 -13 6 -5 9 -5 9 -12 11 -7 10 -4 7 -7 10 -9 8 -2 5 -3 6 -5 13 -2 9 -3 11 -9 10 -6 10 -3 7 -7 9 -6 8 -8 5 -3 6 0 11 -2 7 -2 8 -3 14 1 12 -4 -1 0 0 0 0 0 0 0 0 ]
CSI_DATA,AP,68:FE:71:12:53:8C,-37,11,1,6,1,1,1,1,0,0,0,-96,6,6,1,30641155,0,84,0,0,30.641,384,[84 -64 4 0 0 0 0 0 0 0 0 0 13 -23 14 -19 17 -26 20 -17 15 -23 13 -15 18 -21 19 -11 18 -17 17 -14 17 -15 20 -17 16 -11 16 -11 18 -13 11 -13 12 -10 16 -12 12 -12 9 -13 11 -13 7 -12 11 -6 12 -15 7 -15 10 -11 -3 -3 11 -10 7 -13 7 -11 8 -16 9 -16 5 -12 9 -13 0 -12 0 -14 -2 -11 6 -13 6 -15 -2 -11 3 -15 4 -15 5 -11 3 -16 3 -11 -3 -18 2 -11 -5 -12 -1 -11 -2 -14 -6 -20 -3 -16 1 -12 4 3 0 0 0 0 0 0 0 0 ]
CSI_DATA,AP,68:FE:71:12:53:8C,-32,11,1,7,1,1,1,0,0,0,0,-94,0,6,1,30740960,0,84,0,0,30.741,384,[84 -64 4 0 0 0 0 0 0 0 0 0 11 -33 11 -26 15 -27 17 -30 13 -31 17 -30 12 -22 15 -27 18 -22 14 -24 17 -26 13 -26 10 -22 9 -25 10 -17 14 -17 16 -16 7 -15 7 -14 8 -13 6 -19 8 -13 9 -16 5 -15 5 -19 6 -19 1 2 4 -16 3 -18 8 -13 2 -14 7 -16 2 -14 6 -13 0 -13 -3 -16 2 -15 -3 -15 3 -15 -5 -16 2 -10 -2 -15 -8 -10 0 -12 -6 -8 -3 -13 -10 -8 -9 -9 -9 -11 -4 -9 -5 -14 -4 -9 -4 -8 0 1 0 0 0 0 0 0 0 0 ]
CSI_DATA,AP,68:FE:71:12:53:8C,-36,11,1,6,1,1,1,0,0,0,0,-95,0,6,1,30860166,0,84,0,0,30.86,384,[84 -64 4 0 0 0 0 0 0 0 0 0 1 15 -4 22 -3 18 -2 19 -1 15 1 16 -3 21 -2 13 1 17 -3 22 -6 21 0 21 -3 14 -4 13 -5 20 -3 15 -6 17 -8 16 -3 18 0 17 -1 18 -7 17 0 14 -1 18 -1 14 -2 17 3 -1 0 14 -5 17 -3 17 2 11 -2 13 -4 19 -2 14 0 17 1 14 3 17 -3 10 1 17 2 13 6 10 -2 10 2 17 -2 11 4 16 0 13 4 12 5 15 1 17 7 10 6 12 1 13 6 17 -4 0 0 0 0 0 0 0 0 0 ]
CSI_DATA,AP,68:FE:71:12:53:8C,-36,11,1,6,1,1,1,0,0,0,0,-93,0,6,1,30974890,0,84,0,0,30.975,384,[84 -64 4 0 0 0 0 0 0 0 0 0 -16 14 -14 14 -10 6 -16 13 -12 5 -12 9 -16 8 -11 5 -13 10 -15 4 -10 6 -14 7 -13 5 -9 5 -16 9 -9 11 -15 3 -12 5 -10 8 -7 10 -8 4 -10 10 -13 7 -10 11 -15 11 -15 4 -2 0 -11 12 -7 4 -12 9 -9 5 -14 10 -14 11 -8 10 -13 12 -7 14 -6 11 -9 8 -12 14 -11 9 -12 13 -13 9 -8 12 -9 9 -7 8 -10 14 -11 8 -11 14 -11 7 -12 11 -13 13 -6 8 -10 9 -3 0 0 0 0 0 0 0 0 0 ]
CSI_DATA,AP,68:FE:71:12:53:8C,-35,11,1,6,1,1,1,0,0,0,0,-96,0,6,1,31102150,0,84,0,0,31.102,384,[84 -64 4 0 0 0 0 0 0 0 0 0 8 -19 8 -17 6 -19 15 -22 9 -17 10 -15 10 -17 15 -22 13 -19 14 -21 10 -24 16 -18 19 -18 16 -18 13 -19 15 -21 12 -15 13 -14 10 -16 13 -20 18 -18 13 -18 15 -13 15 -14 19 -21 16 -15 4 3 10 -19 10 -20 11 -20 16 -18 15 -14 18 -18 16 -17 9 -22 10 -20 9 -16 7 -24 11 -17 10 -24 14 -18 10 -23 9 -26 10 -22 11 -24 13 -22 10 -26 10 -25 10 -22 10 -19 5 -21 11 -20 9 -19 -2 3 0 0 0 0 0 0 0 0 ]
CSI_DATA,AP,68:FE:71:12:53:8C,-35,11,1,6,1,1,1,0,0,0,0,-95,0,6,1,31198733,0,84,0,0,31.199,384,[84 -64 4 0 0 0 0 0 0 0 0 0 -14 -5 -13 2 -17 -4 -12 0 -14 1 -15 0 -20 -4 -18 -4 -14 -2 -15 -3 -14 -7 -13 -4 -20 -8 -18 -10 -10 -8 -13 -6 -14 -4 -15 -9 -15 -6 -14 -10 -16 -8 -17 -6 -10 -4 -16 -11 -12 -11 -12 -3 -4 -4 -16 -2 -19 -6 -19 -2 -20 -8 -16 -2 -14 -3 -18 -4 -14 0 -11 -2 -13 -7 -17 -6 -13 -6 -18 -2 -15 -4 -13 -6 -18 -6 -21 -1 -16 -1 -15 1 -20 -5 -13 -6 -12 1 -18 -1 -14 -4 -16 -2 -21 -2 -2 -4 0 0 0 0 0 0 0 0 ]
CSI_DATA,AP,68:FE:71:12:53:8C,-33,11,0,0,0,0,0,0,0,0,0,-94,0,6,1,31285792,0,37,0,0,31.286,128,[84 -64 4 0 0 0 0 0 0 0 0 0 -9 -17 -15 -18 -14 -15 -9 -14 -17 -19 -15 -19 -10 -23 -11 -18 -7 -23 -14 -25 -11 -24 -6 -19 -6 -24 -6 -25 -11 -24 -13 -22 -12 -20 -12 -25 -8 -22 -5 -21 -10 -26 -10 -20 -3 -16 -2 -24 -5 -19 -3 -20 1 -1 -11 -19 -7 -22 -8 -19 -13 -18 -3 -19 -9 -24 -5 -20 -6 -20 -6 -18 -8 -23 -13 -16 -9 -18 -6 -23 -14 -12 -13 -16 -15 -15 -13 -20 -10 -15 -12 -15 -15 -15 -15 -16 -13 -14 -10 -12 -12 -19 -17 -14 -10 -16 3 3 0 0 0 0 0 0 0 0 ]
CSI_DATA,AP,68:FE:71:12:53:8C,-33,11,1,7,1,1,1,0,0,0,0,-95,0,6,1,31358821,0,84,0,0,31.359,384,[84 -64 4 0 0 0 0 0 0 0 0 0 -12 -10 -13 -8 -17 -8 -16 -9 -15 -5 -12 -7 -14 -12 -14 -6 -15 -13 -15 -12 -19 -11 -13 -16 -17 -17 -10 -12 -17 -18 -12 -16 -16 -13 -8 -15 -12 -14 -16 -18 -13 -12 -9 -19 -14 -10 -10 -16 -11 -14 -11 -18 0 -3 -14 -17 -13 -18 -14 -17 -16 -16 -11 -12 -15 -11 -18 -12 -10 -14 -17 -11 -14 -10 -19 -12 -15 -9 -11 -11 -17 -12 -19 -11 -16 -7 -14 -11 -15 -14 -18 -5 -18 -11 -18 -14 -20 -10 -12 -10 -15 -7 -16 -14 -14 -8 0 0 0 0 0 0 0 0 0 0 ]
CSI_DATA,AP,68:FE:71:12:53:8C,-32,11,1,6,1,1,1,1,0,0,0,-94,1,6,1,31458364,0,84,0,0,31.458,384,[84 -64 4 0 0 0 0 0 0 0 0 0 -19 11 -19 14 -23 7 -24 8 -20 5 -19 7 -17 8 -17 9 -21 5 -21 7 -20 1 -25 0 -22 3 -17 3 -16 1 -18 3 -20 1 -17 8 -14 3 -17 7 -19 1 -17 0 -21 6 -17 0 -21 6 -17 5 2 4 -14 5 -13 1 -15 3 -14 3 -16 7 -17 9 -17 1 -17 5 -18 4 -18 2 -15 7 -13 4 -18 3 -11 3 -11 5 -12 10 -19 8 -9 10 -15 9 -8 6 -14 10 -16 9 -14 8 -15 7 -12 7 -14 10 0 -2 0 0 0 0 0 0 0 0 ]
CSI_DATA,AP,68:FE:71:12:53:8C,-36,11,1,7,1,1,1,0,0,0,0,-96,0,6,1,31573529,0,84,0,0,31.574,384,[82 -96 4 0 0 0 0 0 0 0 0 0 16 -11 13 -10 20 -8 15 -10 13 -10 20 -9 18 -5 18 -6 19 -9 17 -6 20 -9 21 -3 14 -8 16 -9 20 -8 14 -5 19 -2 19 -4 20 -7 17 -9 17 -4 13 -5 12 -2 19 -10 13 -2 12 -4 -1 3 14 -8 12 -4 18 -7 14 -10 13 -7 15 -8 13 -7 9 -10 13 -6 16 -10 8 -5 16 -12 8 -7 8 -10 11 -10 9 -12 10 -8 8 -11 9 -11 9 -7 8 -7 13 -7 14 -13 9 -9 13 -14 15 -10 3 -3 0 0 0 0 0 0 0 0 ]
CSI_DATA,AP,68:FE:71:12:53:8C,-41,11,1,5,1,1,1,0,0,0,0,-95,0,6,1,31673007,0,84,0,0,31.673,384,[84 -64 4 0 0 0 0 0 0 0 0 0 20 7 15 5 15 6 18 13 12 9 13 8 10 9 16 11 16 10 19 13 12 13 17 10 17 16 12 12 14 17 16 12 13 9 7 10 14 8 8 14 12 13 9 15 11 10 11 12 8 9 9 13 -2 -1 13 11 9 6 15 12 8 5 13 7 13 8 15 13 12 9 12 10 9 3 16 9 8 10 16 5 9 9 13 6 17 7 15 5 13 4 15 2 10 6 12 9 12 8 18 8 16 6 16 3 17 2 -1 -3 0 0 0 0 0 0 0 0 ]
CSI_DATA,AP,68:FE:71:12:53:8C,-35,11,1,7,1,1,1,1,0,0,0,-95,3,6,1,31775367,0,84,0,0,31.775,384,[84 -64 4 0 0 0 0 0 0 0 0 0 17 -9 18 -1 22 -3 22 -2 20 -7 19 -3 20 3 20 1 24 0 20 3 16 -2 20 -3 15 2 20 3 15 -3 23 4 22 0 18 1 19 0 16 6 18 1 21 1 19 -2 14 -1 13 0 16 0 -2 -3 19 3 18 2 16 0 15 3 18 -2 15 2 13 -5 15 -6 16 1 18 -8 16 -8 18 -7 13 -2 18 -3 16 -7 16 -5 11 -5 12 -4 13 -3 16 -6 11 -6 18 -3 11 -11 16 -4 15 -10 15 -11 2 -3 0 0 0 0 0 0 0 0 ]
CSI_DATA,AP,68:FE:71:12:53:8C,-34,11,1,6,1,1,1,1,0,0,0,-93,6,6,1,31849357,0,84,0,0,31.849,384,[84 -64 4 0 0 0 0 0 0 0 0 0 -35 -22 -29 -20 -35 -25 -30 -28 -30 -20 -30 -23 -25 -20 -28 -23 -26 -30 -24 -28 -29 -30 -22 -26 -28 -26 -28 -23 -20 -25 -26 -24 -18 -28 -16 -23 -23 -30 -21 -30 -17 -27 -16 -28 -19 -23 -21 -30 -20 -24 -18 -28 1 -2 -20 -24 -21 -21 -24 -25 -22 -22 -16 -27 -21 -20 -18 -23 -24 -24 -17 -26 -19 -21 -19 -21 -23 -19 -25 -21 -22 -19 -26 -21 -21 -24 -26 -24 -24 -17 -23 -17 -23 -14 -26 -18 -26 -18 -31 -22 -31 -18 -29 -16 -30 -20 1 4 0 0 0 0 0 0 0 0 ]
CSI_DATA,AP,68:FE:71:12:53:8C,-33,11,1,7,1,1,1,1,0,0,0,-95,6,6,1,31944384,0,84,0,0,31.944,384,[84 -64 4 0 0 0 0 0 0 0 0 0 15 3 21 4 23 7 23 6 16 6 17 6 14 6 18 5 21 10 21 9 13 3 20 11 17 6 20 11 17 5 13 9 17 3 19 9 19 6 16 8 15 3 15 10 14 4 11 9 15 4 11 6 0 -2 17 7 17 4 13 8 11 4 13 0 18 5 17 4 12 -1 11 6 11 5 18 5 17 3 14 -1 10 -1 16 0 15 4 12 3 14 5 12 2 14 0 15 1 15 -3 12 2 19 0 13 -3 18 -2 1 1 0 0 0 0 0 0 0 0 ]
CSI_DATA,AP,68:FE:71:12:53:8C,-30,11,1,7,1,1,1,0,0,0,0,-96,0,6,1,32071459,0,84,0,0,32.071,384,[84 -64 4 0 0 0 0 0 0 0 0 0 -19 18 -18 17 -13 12 -16 12 -20 16 -21 8 -15 7 -14 8 -16 12 -15 13 -14 5 -17 5 -21 7 -17 4 -16 6 -14 8 -21 7 -18 8 -15 12 -16 6 -18 5 -14 7 -17 6 -12 9 -14 3 -19 12 3 -2 -14 10 -12 9 -13 10 -16 10 -14 11 -16 12 -14 8 -10 7 -14 13 -8 13 -9 14 -11 7 -16 10 -12 11 -16 11 -14 14 -16 11 -10 15 -8 15 -9 13 -14 14 -13 11 -11 12 -11 15 -14 17 -14 12 3 -4 0 0 0 0 0 0 0 0 ]
CSI_DATA,AP,68:FE:71:12:53:8C,-35,11,1,5,1,1,1,1,0,0,0,-95,2,6,1,32186213,0,84,0,0,32.186,384,[84 -64 4 0 0 0 0 0 0 0 0 0 6 -23 10 -16 9 -22 9 -20 5 -20 5 -22 12 -21 10 -14 6 -18 5 -21 11 -14 6 -16 11 -18 8 -19 13 -18 14 -21 8 -17 13 -16 8 -20 10 -16 13 -12 10 -16 5 -16 5 -14 8 -17 9 -18 0 4 9 -16 6 -16 7 -12 8 -18 9 -14 8 -14 10 -11 4 -14 4 -13 4 -11 1 -14 3 -19 3 -18 0 -14 7 -19 6 -11 2 -12 1 -20 7 -19 0 -15 -1 -16 -1 -12 6 -20 5 -13 0 -15 3 -20 -1 2 0 0 0 0 0 0 0 0 ]
CSI_DATA,AP,68:FE:71:12:53:8C,-34,11,1,6,1,1,1,0,0,0,0,-94,0,6,1,32309518,0,84,0,0,32.31,384,[84 -64 4 0 0 0 0 0 0 0 0 0 -2 16 -2 17 -5 16 -2 19 -3 24 -5 22 -1 23 1 18 -2 17 -7 19 -4 18 -2 22 -2 18 -3 19 -1 22 -8 15 -7 16 -2 17 -7 19 -1 15 -1 13 -5 15 -4 12 -4 16 -3 19 -5 15 -1 1 -1 16 -6 20 -2 17 0 20 -1 11 -6 18 1 13 0 14 3 15 -1 12 -4 19 -5 12 3 19 -4 13 0 19 -1 14 2 15 1 13 -2 12 1 17 5 19 -2 13 4 12 2 15 -1 13 -1 19 1 -2 0 0 0 0 0 0 0 0 ]
CSI_DATA,AP,68:FE:71:12:53:8C,-34,11,1,5,1,1,1,0,0,0,0,-95,0,6,1,32387286,0,84,0,0,32.387,384,[84 -64 4 0 0 0 0 0 0 0 0 0 16 -6 22 -5 17 -5 19 -5 19 -4 23 -1 22 4 18 3 20 2 16 0 18 3 16 0 17 2 22 1 23 0 21 0 16 -1 19 1 22 3 20 7 20 2 17 1 16 5 18 4 21 0 16 1 2 4 17 5 13 -2 13 5 13 0 20 3 19 -2 14 -3 15 0 13 -5 17 2 16 -7 16 -6 12 -6 15 -5 14 -7 19 -6 17 -1 12 -5 15 -3 12 -5 16 0 16 -5 18 -6 15 -2 13 -6 18 -6 -1 0 0 0 0 0 0 0 0 0 ]
CSI_DATA,AP,68:FE:71:12:53:8C,-35,11,1,6,1,1,1,0,0,0,0,-95,0,6,1,32490833,0,84,0,0,32.491,384,[84 -64 4 0 0 0 0 0 0 0 0 0 -20 10 -15 5 -17 6 -24 0 -17 7 -17 4 -20 0 -19 6 -21 4 -18 0 -17 -3 -21 -2 -18 1 -17 4 -18 1 -21 0 -22 2 -22 -3 -15 1 -19 -4 -19 0 -15 -3 -17 2 -21 1 -13 3 -21 2 2 3 -17 -3 -19 -3 -17 6 -19 3 -20 -3 -18 5 -18 -3 -14 0 -15 3 -19 0 -12 0 -12 -1 -15 3 -20 5 -17 7 -14 2 -13 2 -14 8 -14 8 -15 7 -16 6 -12 4 -18 5 -16 8 -18 3 -16 9 -4 -2 0 0 0 0 0 0 0 0 ]
CSI_DATA,AP,68:FE:71:12:53:8C,-30,11,1,6,1,1,1,0,0,0,0,-93,0,6,1,32637042,0,84,0,0,32.637,384,[84 -64 4 0 0 0 0 0 0 0 0 0 -21 12 -14 7 -17 14 -17 9 -19 11 -17 12 -18 5 -18 5 -22 11 -16 7 -18 9 -15 11 -18 5 -23 5 -20 4 -21 10 -17 2 -17 1 -15 2 -16 4 -14 7 -13 3 -13 5 -21 8 -13 1 -14 1 4 -3 -16 1 -17 3 -14 4 -17 10 -12 4 -16 7 -15 6 -15 11 -10 5 -14 3 -13 7 -9 9 -13 6 -17 12 -15 11 -15 11 -13 5 -17 9 -11 12 -11 11 -15 10 -16 13 -10 14 -13 8 -13 11 -13 9 4 -2 0 0 0 0 0 0 0 0 ]
CSI_DATA,AP,68:FE:71:12:53:8C,-33,11,1,7,1,1,1,0,0,0,0,-96,0,6,1,32713099,0,84,0,0,32.713,384,[84 -64 4 0 0 0 0 0 0 0 0 0 10 -10 6 -5 8 -12 6 -4 3 -4 9 -4 4 -10 4 -6 7 -6 12 -7 10 -7 7 -7 4 -10 4 -7 5 -4 7 -4 7 -6 8 -7 3 -7 3 -9 7 -7 5 -6 5 -3 8 -7 6 -3 3 -4 2 4 8 -4 9 -2 3 -1 9 -7 7 -1 5 -7 9 -5 3 -9 1 -3 4 -10 0 -3 6 -3 2 -3 3 -3 4 -8 9 -4 5 -5 6 -11 8 -5 1 -6 3 -9 0 -6 4 -9 4 -3 0 -4 7 -8 4 -1 0 0 0 0 0 0 0 0 ]
CSI_DATA,AP,68:FE:71:12:53:8C,-34,11,1,6,1,1,1,0,0,0,0,-95,0,6,1,32797639,0,84,0,0,32.798,384,[84 -64 4 0 0 0 0 0 0 0 0 0 16 7 22 8 15 9 15 5 17 10 14 13 15 11 20 8 13 8 16 12 15 10 20 11 15 15 11 9 10 11 12 15 14 13 10 7 18 15 16 15 11 7 12 12 11 10 14 12 12 8 14 7 0 -1 16 7 11 9 13 9 16 7 14 6 17 9 16 10 13 7 15 8 15 9 18 9 13 3 17 4 17 2 10 10 15 3 16 2 18 3 13 1 13 3 17 3 18 3 13 4 16 0 13 7 16 8 -4 2 0 0 0 0 0 0 0 0 ]
CSI_DATA,AP,68:FE:71:12:53:8C,-30,11,1,7,1,1,1,0,0,0,0,-95,0,6,1,32892906,0,84,0,0,32.893,384,[84 -64 4 0 0 0 0 0 0 0 0 0 1 -18 -3 -13 -2 -24 4 -16 2 -17 6 -19 4 -22 7 -20 8 -19 4 -17 1 -13 1 -13 8 -17 9 -14 2 -16 4 -15 7 -14 4 -16 6 -11 7 -11 2 -18 9 -11 9 -18 4 -15 4 -16 7 -13 -2 -1 8 -16 4 -15 5 -12 6 -17 5 -9 0 -15 -1 -10 7 -11 5 -11 -2 -13 3 -13 6 -17 4 -16 2 -18 2 -11 -2 -17 3 -19 3 -14 4 -12 -3 -19 -1 -15 4 -15 -1 -13 0 -14 -4 -12 2 -15 3 4 0 0 0 0 0 0 0 0 ]
CSI_DATA,AP,68:FE:71:12:53:8C,-37,11,1,6,1,1,1,0,0,0,0,-93,0,6,1,32992111,0,84,0,0,32.992,384,[84 -64 4 0 0 0 0 0 0 0 0 0 1 -23 -3 -20 1 -24 0 -25 -1 -23 0 -24 4 -23 6 -21 6 -15 7 -23 6 -19 10 -14 7 -19 10 -16 9 -20 1 -19 6 -20 3 -21 1 -17 5 -13 4 -19 0 -14 3 -18 7 -13 1 -12 1 -17 -1 -3 6 -20 1 -14 1 -16 0 -14 6 -15 6 -13 6 -13 -1 -14 0 -14 2 -20 2 -19 5 -12 2 -15 -4 -18 1 -18 -3 -17 -2 -19 1 -19 -4 -14 -5 -13 -6 -15 0 -19 -3 -20 -4 -18 -6 -14 -5 -15 0 1 0 0 0 0 0 0 0 0 ]
CSI_DATA,AP,68:FE:71:12:53:8C,-33,11,1,6,1,1,1,0,0,0,0,-96,0,6,1,33092096,0,84,0,0,33.092,384,[84 -64 4 0 0 0 0 0 0 0 0 0 -4 -14 -4 -15 -9 -20 -4 -15 -3 -15 -4 -21 1 -14 -2 -15 0 -15 0 -16 2 -16 2 -22 -5 -19 2 -18 0 -15 4 -22 -1 -15 -2 -18 3 -16 -3 -15 -1 -20 3 -12 2 -19 3 -20 1 -19 -4 -13 4 4 -4 -14 -6 -14 0 -14 -1 -16 -4 -18 -4 -16 -4 -17 -7 -19 -2 -17 -8 -11 -3 -13 -8 -14 -4 -13 -3 -10 -8 -12 -6 -15 -6 -11 -7 -15 -10 -12 -3 -14 -9 -17 -8 -14 -9 -13 -3 -13 -3 -15 -6 -10 -4 -3 0 0 0 0 0 0 0 0 ]
CSI_DATA,AP,68:FE:71:12:53:8C,-33,11,1,7,1,1,1,0,0,0,0,-95,0,6,1,33216356,0,84,0,0,33.216,384,[84 -64 4 0 0 0 0 0 0 0 0 0 -36 9 -39 8 -44 8 -43 5 -44 7 -44 5 -45 6 -41 -1 -42 -1 -38 1 -38 2 -40 -1 -41 3 -38 -1 -41 -3 -44 2 -38 -7 -34 2 -37 -1 -38 -4 -33 -6 -41 -5 -37 -4 -38 -7 -42 0 -35 -1 -2 -2 -36 -5 -37 -2 -32 2 -37 7 -37 2 -35 4 -36 0 -35 0 -34 4 -33 4 -37 5 -34 6 -37 2 -30 9 -32 2 -34 7 -32 10 -31 9 -29 12 -27 8 -35 14 -30 8 -32 9 -34 17 -34 15 -31 12 -3 -4 0 0 0 0 0 0 0 0 ]
CSI_DATA,AP,68:FE:71:12:53:8C,-31,11,1,7,1,1,1,0,0,0,0,-94,0,6,1,33357819,0,84,0,0,33.358,384,[84 -64 4 0 0 0 0 0 0 0 0 0 -2 -18 -4 -16 -5 -24 -3 -16 -6 -24 2 -24 -1 -21 -2 -18 0 -21 -1 -16 1 -17 -3 -24 3 -24 -2 -24 2 -19 5 -17 4 -22 -1 -17 5 -22 5 -19 6 -14 -2 -20 0 -13 4 -18 -2 -19 2 -17 0 1 3 -15 -3 -18 -4 -20 -1 -16 -1 -12 3 -16 3 -16 3 -15 -3 -14 0 -15 -2 -13 1 -14 1 -17 -5 -14 -2 -20 0 -19 -6 -16 -1 -13 -1 -13 -6 -14 -5 -14 -4 -13 -5 -17 -4 -17 -1 -18 -1 -12 0 -1 0 0 0 0 0 0 0 0 ]
CSI_DATA,AP,68:FE:71:12:53:8C,-35,11,1,5,1,1,1,0,0,0,0,-95,0,6,1,33444965,0,84,0,0,33.445,384,[84 -64 4 0 0 0 0 0 0 0 0 0 -2 17 -6 16 -4 19 -3 17 -7 18 -5 18 0 17 -7 14 -4 20 -4 14 -8 17 -4 17 -10 20 -8 15 -11 21 -2 15 -3 16 -6 14 -10 15 -4 14 -10 13 -1 20 -10 15 -2 18 -3 14 -7 18 -4 0 -2 17 -7 20 -2 15 -7 18 -2 15 -1 16 -4 16 -3 19 -4 12 -4 13 -1 12 -1 15 0 14 3 12 0 19 4 16 -1 16 5 15 -1 20 3 14 2 17 6 16 2 11 5 17 6 15 1 16 3 -1 0 0 0 0 0 0 0 0 ]
CSI_DATA,AP,68:FE:71:12:53:8C,-36,11,1,6,1,1,1,0,0,0,0,-96,0,6,1,33556663,0,84,0,0,33.557,384,[84 -64 4 0 0 0 0 0 0 0 0 0 15 5 22 5 14 9 16 6 21 5 14 9 15 10 20 7 15 5 14 9 18 5 20 12 15 7 19 14 14 14 19 7 12 11 16 6 19 11 15 7 16 7 10 6 16 13 13 12 16 10 14 5 3 -1 17 12 13 6 13 11 17 4 16 6 16 4 15 5 11 4 13 8 17 3 14 2 9 1 14 9 13 5 11 7 13 8 17 0 13 3 13 4 16 1 15 -1 18 1 11 4 11 -2 11 5 19 2 -4 -2 0 0 0 0 0 0 0 0 ]
CSI_DATA,AP,68:FE:71:12:53:8C,-30,11,0,0,0,0,0,1,0,0,0,-96,3,6,1,33679403,0,37,0,0,33.679,128,[84 -64 4 0 0 0 0 0 0 0 0 0 11 -16 14 -13 12 -16 12 -13 13 -12 14 -12 11 -16 15 -10 18 -14 14 -16 19 -11 20 -9 16 -13 20 -7 20 -7 17 -7 13 -10 18 -12 17 -12 12 -10 12 -12 11 -14 17 -13 12 -9 18 -7 12 -7 4 -1 11 -9 17 -9 11 -6 13 -7 15 -6 12 -14 17 -6 9 -12 12 -12 7 -14 7 -15 15 -14 12 -8 9 -15 10 -14 7 -10 14 -13 10 -15 14 -10 7 -16 10 -16 11 -13 13 -13 14 -16 12 -10 10 -16 -4 0 0 0 0 0 0 0 0 0 ]
CSI_DATA,AP,68:FE:71:12:53:8C,-35,11,1,7,1,1,1,0,0,0,0,-93,0,6,1,33767121,0,84,0,0,33.767,384,[84 -64 4 0 0 0 0 0 0 0 0 0 -24 -10 -18 -10 -23 -11 -17 -14 -22 -10 -20 -12 -17 -7 -20 -9 -16 -7 -15 -14 -16 -11 -18 -8 -18 -15 -19 -14 -18 -9 -16 -11 -17 -13 -14 -14 -16 -10 -13 -10 -15 -11 -13 -10 -15 -12 -14 -8 -11 -9 -12 -7 3 1 -19 -6 -17 -12 -19 -6 -17 -9 -18 -12 -17 -5 -11 -12 -16 -7 -12 -7 -20 -7 -16 -9 -17 -3 -20 -5 -20 -7 -17 -5 -21 -1 -15 -10 -18 -5 -21 -7 -13 -7 -14 -7 -13 -1 -17 -3 -13 1 -18 -7 -20 -1 2 -3 0 0 0 0 0 0 0 0 ]
CSI_DATA,AP,68:FE:71:12:53:8C,-37,11,1,6,1,1,1,0,0,0,0,-94,0,6,1,33881582,0,84,0,0,33.882,384,[84 -64 4 0 0 0 0 0 0 0 0 0 1 16 0 17 0 21 2 23 1 22 2 24 2 17 0 24 0 23 -1 19 2 24 -1 16 0 23 0 23 -2 16 -1 18 -4 16 0 20 -5 19 -3 13 -7 18 -6 19 -4 15 -2 20 -5 19 -5 14 -2 4 -6 19 -2 20 -5 20 -2 14 -4 13 0 14 -3 18 1 14 3 19 -1 12 0 17 3 17 0 17 1 17 -1 16 4 13 4 18 1 17 4 18 1 18 7 16 2 17 8 12 5 14 3 14 2 16 4 4 0 0 0 0 0 0 0 0 ]
CSI_DATA,AP,68:FE:71:12:53:8C,-35,11,1,6,1,1,1,0,0,0,0,-95,0,6,1,34007941,0,84,0,0,34.008,384,[84 -64 4 0 0 0 0 0 0 0 0 0 -9 -26 -8 -19 -6 -21 -6 -24 -2 -20 0 -18 -1 -23 1 -19 -5 -18 -2 -18 -1 -26 1 -20 -2 -25 -2 -21 0 -21 1 -25 -2 -23 0 -15 -1 -21 -1 -20 4 -18 -3 -21 1 -17 2 -21 0 -22 -1 -21 3 -3 1 -17 2 -19 -1 -16 -5 -19 0 -18 -2 -15 2 -20 -2 -18 1 -19 -3 -14 -1 -22 -8 -13 -8 -13 -2 -16 0 -16 -4 -19 -6 -21 -6 -16 -9 -18 -5 -12 -6 -13 -7 -17 -8 -16 -7 -17 -4 -15 -4 -19 3 0 0 0 0 0 0 0 0 0 ]
CSI_DATA,AP,68:FE:71:12:53:8C,-38,11,1,7,1,1,1,0,0,0,0,-94,0,6,1,34148443,0,84,0,0,34.148,384,[84 -64 4 0 0 0 0 0 0 0 0 0 -23 9 -20 6 -24 7 -23 5 -26 6 -19 4 -19 8 -23 1 -26 3 -19 -2 -26 2 -22 -2 -20 4 -24 1 -20 -2 -23 3 -17 0 -23 0 -19 -1 -19 -1 -24 4 -21 -1 -18 1 -17 5 -24 5 -24 -1 -4 4 -22 5 -17 -1 -18 7 -23 5 -16 6 -16 0 -19 1 -20 1 -21 2 -17 2 -21 8 -19 2 -16 9 -14 10 -17 2 -19 5 -16 11 -12 7 -15 7 -17 9 -20 12 -18 7 -17 10 -15 6 -14 8 -12 12 3 -4 0 0 0 0 0 0 0 0 ]
CSI_DATA,AP,68:FE:71:12:53:8C,-34,11,1,5,1,1,1,0,0,0,0,-94,0,6,1,34245357,0,84,0,0,34.245,384,[84 -64 4 0 0 0 0 0 0 0 0 0 13 -15 11 -15 17 -18 15 -16 19 -19 18 -10 15 -13 14 -12 15 -13 12 -11 19 -10 19 -17 15 -12 21 -12 20 -14 20 -16 21 -10 15 -10 11 -15 14 -10 17 -5 16 -14 10 -8 12 -15 17 -9 14 -13 0 -4 16 -7 13 -11 13 -12 17 -16 10 -16 18 -13 9 -9 8 -9 11 -15 10 -11 8 -12 11 -16 9 -15 8 -11 8 -11 13 -17 8 -13 5 -16 11 -12 6 -10 11 -12 7 -13 6 -13 7 -20 4 -13 7 -19 1 -4 0 0 0 0 0 0 0 0 ]
CSI_DATA,AP,68:FE:71:12:53:8C,-35,11,1,6,1,1,1,0,0,0,0,-95,0,6,1,34349481,0,84,0,0,34.349,384,[84 -64 4 0 0 0 0 0 0 0 0 0 -21 11 -16 11 -22 11 -16 13 -20 12 -21 6 -16 9 -15 6 -17 5 -14 8 -24 9 -17 9 -16 4 -21 7 -16 8 -24 9 -17 4 -14 8 -22 5 -20 2 -15 6 -16 3 -16 4 -17 5 -20 7 -20 6 3 -2 -17 8 -20 8 -15 7 -18 7 -17 3 -13 6 -21 10 -20 6 -17 11 -17 10 -12 7 -16 5 -12 8 -12 12 -18 5 -13 13 -19 10 -11 11 -17 13 -14 7 -13 10 -15 6 -9 13 -15 12 -14 11 -16 12 -2 2 0 0 0 0 0 0 0 0 ]
CSI_DATA,AP,68:FE:71:12:53:8C,-38,11,1,5,1,1,1,1,0,0,0,-96,3,6,1,34442119,0,84,0,0,34.442,384,[84 -64 4 0 0 0 0 0 0 0 0 0 -16 -18 -19 -11 -22 -15 -20 -16 -15 -12 -14 -17 -12 -21 -11 -13 -16 -15 -15 -20 -14 -21 -10 -16 -13 -15 -12 -19 -13 -13 -16 -21 -14 -12 -15 -20 -9 -20 -13 -21 -7 -21 -6 -16 -12 -13 -11 -13 -13 -13 -13 -13 -2 3 -14 -18 -9 -15 -11 -14 -16 -15 -15 -10 -11 -11 -8 -16 -13 -9 -12 -11 -16 -10 -12 -13 -10 -16 -11 -12 -14 -10 -12 -15 -12 -14 -18 -8 -18 -8 -10 -13 -15 -7 -13 -11 -17 -12 -19 -11 -14 -9 -16 -11 -14 -9 -1 -1 0 0 0 0 0 0 0 0 ]
CSI_DATA,AP,68:FE:71:12:53:8C,-37,11,1,5,1,1,1,0,0,0,0,-95,0,6,1,34532493,0,84,0,0,34.532,384,[84 -64 4 0 0 0 0 0 0 0 0 0 -10 -18 -6 -21 -7 -25 -8 -20 -10 -21 -2 -18 -3 -22 0 -20 -6 -25 -1 -19 0 -18 -1 -21 -2 -18 1 -16 -5 -22 -7 -20 0 -17 -1 -18 -4 -20 -1 -17 -1 -20 -4 -18 3 -13 -1 -14 -3 -23 3 -20 3 1 -5 -13 -5 -20 2 -19 -2 -19 -3 -19 -1 -18 2 -16 -6 -17 1 -19 -8 -13 -3 -13 -6 -13 -4 -18 -3 -12 -3 -14 -6 -18 -6 -20 -3 -11 -8 -18 -7 -18 -3 -13 -9 -13 -3 -16 -9 -18 -4 -18 -4 -12 4 0 0 0 0 0 0 0 0 0 ]
CSI_DATA,AP,68:FE:71:12:53:8C,-36,11,1,6,1,1,1,0,0,0,0,-93,0,6,1,34638092,0,84,0,0,34.638,384,[84 -64 4 0 0 0 0 0 0 0 0 0 9 -17 8 -13 9 -14 13 -18 12 -16 12 -12 13 -14 17 -13 11 -10 9 -9 11 -17 13 -12 14 -11 14 -7 17 -7 12 -12 14 -6 13 -9 10 -11 12 -11 12 -7 15 -13 14 -7 10 -7 12 -10 13 -8 2 1 12 -14 11 -13 16 -16 15 -11 9 -13 14 -15 15 -9 12 -10 14 -14 8 -13 6 -11 13 -7 12 -11 11 -12 8 -12 7 -10 9 -16 7 -17 10 -11 3 -12 9 -16 11 -13 7 -10 8 -18 10 -16 4 -12 -2 -3 0 0 0 0 0 0 0 0 ]
CSI_DATA,AP,68:FE:71:12:53:8C,-32,11,1,7,1,1,1,0,0,0,0,-95,0,6,1,34710498,0,84,0,0,34.71,384,[84 -64 4 0 0 0 0 0 0 0 0 0 10 14 7 13 8 13 7 16 11 17 8 17 7 16 8 16 10 15 4 15 9 14 2 19 6 21 3 20 2 19 2 16 3 13 6 12 4 16 7 12 1 16 7 18 4 13 7 15 1 18 4 13 3 -2 9 19 8 16 5 18 8 14 8 17 4 10 5 17 7 17 4 10 8 13 9 14 6 13 11 9 12 8 9 9 11 14 10 16 14 10 10 11 13 10 6 12 10 15 11 15 10 9 7 7 16 13 3 2 0 0 0 0 0 0 0 0 ]
CSI_DATA,AP,68:FE:71:12:53:8C,-37,11,1,6,1,1,1,0,0,0,0,-94,0,6,1,34811629,0,84,0,0,34.812,384,[84 -64 4 0 0 0 0 0 0 0 0 0 1 19 -5 19 0 21 1 18 -2 24 -8 19 -3 25 -5 19 -4 22 -10 15 -7 16 -7 17 -4 17 -10 16 -6 15 -10 19 -4 16 -2 21 -2 21 -11 20 -4 15 -10 16 -9 16 -7 15 -4 18 -4 15 -3 -1 -2 12 0 20 -4 15 -7 15 -3 13 -7 17 -1 17 -3 16 0 16 -5 19 0 18 -5 14 3 20 1 12 -5 16 -3 19 2 20 1 20 -2 18 3 15 -4 17 3 16 -3 15 1 13 -3 20 1 19 3 2 0 0 0 0 0 0 0 0 ]
CSI_DATA,AP,68:FE:71:12:53:8C,-34,11,1,7,1,1,1,0,0,0,0,-94,0,6,1,34944105,0,84,0,0,34.944,384,[84 -64 4 0 0 0 0 0 0 0 0 0 -10 -23 -8 -18 -2 -20 -9 -18 -7 -20 1 -20 -3 -19 -2 -17 -1 -18 -1 -24 -3 -19 1 -22 -4 -24 2 -24 -3 -16 -2 -22 3 -23 -2 -20 -2 -15 2 -16 -2 -21 1 -21 -4 -20 4 -20 1 -22 -1 -16 -1 2 -4 -14 0 -18 -1 -17 -4 -19 -3 -21 -4 -15 2 -19 -2 -21 -8 -16 -6 -20 -3 -21 0 -21 -9 -17 -2 -15 -1 -14 -7 -14 -6 -15 -10 -13 -8 -17 -10 -19 -3 -16 -6 -13 -9 -14 -8 -20 -7 -14 -9 -19 0 -1 0 0 0 0 0 0 0 0 ]
CSI_DATA,AP,68:FE:71:12:53:8C,-40,11,1,4,1,1,1,0,0,0,0,-96,0,6,1,35043314,0,84,0,0,35.043,384,[84 -64 4 0 0 0 0 0 0 0 0 0 1 16 0 24 -1 20 -8 25 -4 16 -7 18 -3 22 -6 21 -11 22 -11 14 -6 16 -6 20 -10 16 -8 18 -6 16 -13 21 -9 19 -5 18 -8 13 -8 20 -8 15 -12 20 -12 13 -9 20 -5 13 -8 19 -2 4 -7 12 -4 12 -5 15 -7 17 -10 17 -6 12 -4 13 -4 17 -5 12 -8 19 -5 18 -7 20 -1 20 -6 13 -7 14 2 16 -6 15 -2 19 -4 14 -5 17 -4 17 -5 19 0 13 4 12 -3 16 -4 14 -3 3 0 0 0 0 0 0 0 0 ]
CSI_DATA,AP,68:FE:71:12:53:8C,-30,11,1,7,1,1,1,0,0,0,0,-95,0,6,1,35127698,0,84,0,0,35.128,384,[84 -64 4 0 0 0 0 0 0 0 0 0 -5 22 -7 22 -4 22 -7 17 -7 17 -9 15 -9 15 -5 14 -10 19 -7 18 -10 21 -13 19 -15 17 -12 15 -9 19 -9 16 -15 15 -14 17 -12 17 -12 19 -13 10 -10 18 -11 16 -12 17 -6 15 -12 16 -4 1 -5 14 -9 16 -8 13 -10 16 -11 10 -11 11 -7 11 -8 18 -9 14 -4 13 -2 13 -10 19 -2 17 -1 12 -10 13 -2 12 -8 20 -7 19 -1 18 -3 15 -3 12 -8 16 1 14 0 13 -7 17 -1 12 -1 0 0 0 0 0 0 0 0 0 ]
CSI_DATA,AP,68:FE:71:12:53:8C,-34,11,1,7,1,1,1,0,0,0,0,-95,0,6,1,35236567,0,84,0,0,35.237,384,[84 -64 4 0 0 0 0 0 0 0 0 0 -13 -14 -18 -15 -11 -18 -19 -19 -15 -18 -11 -17 -16 -15 -11 -20 -15 -18 -10 -19 -11 -20 -16 -16 -11 -16 -13 -15 -10 -19 -9 -20 -6 -13 -8 -13 -10 -21 -7 -20 -8 -14 -8 -14 -4 -17 -6 -16 -13 -16 -11 -12 1 3 -12 -16 -7 -15 -11 -13 -7 -16 -12 -10 -7 -15 -13 -16 -14 -16 -11 -12 -8 -9 -7 -16 -9 -13 -12 -17 -8 -15 -12 -10 -13 -14 -14 -10 -9 -9 -15 -13 -11 -13 -14 -10 -15 -14 -11 -8 -12 -16 -12 -10 -10 -10 -2 -4 0 0 0 0 0 0 0 0 ]
CSI_DATA,AP,68:FE:71:12:53:8C,-37,11,1,5,1,1,1,0,0,0,0,-93,0,6,1,35348058,0,84,0,0,35.348,384,[84 -64 4 0 0 0 0 0 0 0 0 0 13 9 18 13 12 10 18 15 13 16 12 14 15 19 13 19 6 15 6 13 12 16 9 14 8 18 7 19 13 14 8 14 12 20 7 17 7 20 12 18 11 11 11 15 7 16 5 11 6 20 11 18 0 1 8 17 9 16 8 11 7 14 11 9 14 16 6 13 6 10 12 10 7 9 8 12 12 12 12 11 7 14 10 9 17 14 16 14 12 9 10 6 10 8 11 9 14 10 17 9 12 7 15 8 10 7 -3 4 0 0 0 0 0 0 0 0 ]
CSI_DATA,AP,68:FE:71:12:53:8C,-30,11,1,7,1,1,1,0,0,0,0,-93,0,6,1,35484410,0,84,0,0,35.484,384,[84 -64 4 0 0 0 0 0 0 0 0 0 -19 9 -15 9 -21 9 -18 10 -20 8 -18 9 -16 7 -23 4 -20 3 -21 7 -22 5 -17 6 -18 2 -16 4 -23 3 -23 0 -16 6 -17 8 -16 4 -20 5 -15 2 -15 5 -19 5 -19 7 -21 8 -19 7 2 1 -21 0 -17 4 -15 8 -13 6 -16 7 -14 9 -21 2 -14 4 -14 4 -15 11 -16 10 -16 3 -14 10 -19 5 -15 12 -16 13 -15 10 -16 8 -17 5 -15 9 -14 9 -17 6 -18 12 -15 14 -13 9 -11 14 2 2 0 0 0 0 0 0 0 0 ]
CSI_DATA,AP,68:FE:71:12:53:8C,-33,11,1,6,1,1,1,0,0,0,0,-94,0,6,1,35602863,0,84,0,0,35.603,384,[84 -64 4 0 0 0 0 0 0 0 0 0 4 20 3 16 -1 19 -4 26 -5 18 -4 20 -7 23 -5 22 0 22 -6 15 -8 18 -1 18 -1 19 -7 17 -6 13 -1 22 -7 21 -8 15 -8 17 -2 14 -3 17 -9 16 -1 17 -3 16 -2 20 -2 18 -3 0 -8 19 0 17 -3 20 2 14 -2 11 -5 19 -5 15 0 13 3 15 1 12 2 14 -3 13 -4 15 -1 13 0 18 0 15 1 13 -1 18 4 20 -1 18 2 15 3 15 6 20 1 15 5 15 5 16 -2 -3 0 0 0 0 0 0 0 0 ]
CSI_DATA,AP,68:FE:71:12:53:8C,-32,11,1,7,1,1,1,0,0,0,0,-94,0,6,1,35727780,0,84,0,0,35.728,384,[84 -64 4 0 0 0 0 0 0 0 0 0 -18 -7 -21 -3 -22 -5 -17 -9 -18 -6 -16 -5 -21 -8 -16 -6 -15 -6 -14 -10 -18 -12 -19 -8 -14 -8 -14 -12 -15 -6 -20 -12 -14 -10 -14 -6 -11 -9 -19 -10 -11 -11 -14 -8 -18 -7 -15 -7 -12 -13 -16 -6 -4 4 -13 -9 -19 -9 -13 -5 -17 -7 -17 -9 -16 -5 -18 -11 -17 -2 -13 -3 -14 -4 -14 -6 -14 -7 -12 -1 -16 -3 -17 -1 -17 -8 -18 -5 -20 -1 -13 -4 -15 -5 -13 -1 -15 -5 -14 0 -16 2 -18 1 -12 -5 0 4 0 0 0 0 0 0 0 0 ]
CSI_DATA,AP,68:FE:71:12:53:8C,-32,11,1,7,1,1,1,0,0,0,0,-96,0,6,1,35821741,0,84,0,0,35.822,384,[84 -64 4 0 0 0 0 0 0 0 0 0 10 -15 6 -19 7 -21 5 -18 8 -14 8 -19 13 -13 12 -18 6 -19 8 -19 7 -16 15 -15 11 -13 9 -11 14 -9 11 -14 13 -17 10 -14 9 -9 11 -11 12 -14 13 -10 12 -8 13 -10 12 -10 10 -17 -3 -2 13 -16 11 -14 12 -11 8 -17 4 -8 10 -9 4 -13 4 -16 10 -13 5 -14 7 -15 3 -11 5 -14 7 -16 2 -10 8 -18 5 -19 3 -17 3 -17 5 -10 1 -12 1 -18 2 -13 2 -16 1 -12 2 -18 1 3 0 0 0 0 0 0 0 0 ]
CSI_DATA,AP,68:FE:71:12:53:8C,-37,11,1,7,1,1,1,0,0,0,0,-93,0,6,1,35918317,0,84,0,0,35.918,384,[84 -64 4 0 0 0 0 0 0 0 0 0 11 14 18 11 19 9 19 12 14 13 13 14 13 8 9 12 10 10 13 10 12 12 14 15 11 18 9 13 6 17 8 18 9 17 9 15 11 16 5 9 13 9 9 17 7 10 5 11 10 10 7 13 0 -1 11 12 13 14 10 15 10 8 7 15 14 10 12 11 7 13 8 6 14 8 13 11 10 13 8 13 10 11 13 12 9 10 7 11 8 5 15 5 7 11 13 7 15 4 15 10 15 3 16 10 8 8 -2 4 0 0 0 0 0 0 0 0 ]
CSI_DATA,AP,68:FE:71:12:53:8C,-32,11,1,7,1,1,1,0,0,0,0,-94,0,6,1,36029618,0,84,0,0,36.03,384,[84 -64 4 0 0 0 0 0 0 0 0 0 13 17 8 14 8 17 4 20 4 15 5 17 9 13 8 19 7 21 1 20 8 13 5 13 3 17 0 21 7 13 3 16 6 20 7 15 0 11 2 17 1 16 3 13 -2 17 8 12 8 18 5 16 -1 -1 4 15 3 10 7 12 4 14 6 10 5 13 2 18 3 16 6 12 6 13 5 10 2 12 3 16 6 12 6 16 8 16 10 11 11 11 4 8 6 12 12 14 9 11 5 14 11 10 7 7 12 7 0 -3 0 0 0 0 0 0 0 0 ]
CSI_DATA,AP,68:FE:71:12:53:8C,-34,11,1,5,1,1,1,1,0,0,0,-94,4,6,1,36126931,0,84,0,0,36.127,384,[84 -64 4 0 0 0 0 0 0 0 0 0 3 -25 7 -26 9 -25 3 -31 8 -31 10 -29 12 -24 9 -23 13 -27 14 -23 10 -28 14 -30 8 -22 14 -25 12 -25 12 -26 10 -19 9 -20 10 -21 14 -23 14 -22 14 -26 7 -20 9 -20 14 -24 13 -18 1 3 5 -17 10 -18 5 -22 5 -23 2 -20 7 -22 8 -16 2 -21 6 -19 1 -15 7 -20 2 -22 2 -22 3 -19 5 -20 5 -22 1 -22 -4 -22 -3 -14 -5 -15 -2 -17 -3 -19 2 -16 2 -19 2 -17 -1 -15 -4 -1 0 0 0 0 0 0 0 0 ]
CSI_DATA,AP,68:FE:71:12:53:8C,-34,11,1,6,1,1,1,1,0,0,0,-94,3,6,1,36255594,0,84,0,0,36.256,384,[84 -64 4 0 0 0 0 0 0 0 0 0 -16 11 -14 8 -19 10 -15 8 -16 8 -12 4 -20 4 -18 2 -17 6 -17 4 -22 7 -21 2 -16 6 -20 5 -21 7 -23 -1 -18 3 -12 6 -19 1 -15 5 -17 -2 -18 5 -12 -2 -15 2 -16 0 -15 1 1 -2 -17 4 -15 6 -17 6 -11 2 -15 -1 -16 3 -12 7 -10 5 -10 2 -18 8 -16 3 -12 8 -15 6 -14 3 -17 6 -9 10 -17 6 -9 9 -14 9 -8 11 -16 10 -10 2 -9 9 -12 10 -9 4 -8 3 -3 2 0 0 0 0 0 0 0 0 ]
CSI_DATA,AP,68:FE:71:12:53:8C,-32,11,1,7,1,1,1,0,0,0,0,-93,0,6,1,36350397,0,84,0,0,36.35,384,[84 -64 4 0 0 0 0 0 0 0 0 0 -9 9 -8 10 -12 10 -12 9 -12 10 -13 10 -9 3 -9 7 -11 8 -14 6 -15 8 -18 5 -18 5 -14 6 -17 1 -14 5 -12 5 -9 4 -16 1 -13 8 -8 0 -12 5 -14 5 -12 7 -16 0 -13 2 0 0 -11 6 -8 3 -12 7 -8 0 -9 3 -13 8 -11 0 -6 1 -13 8 -13 5 -7 9 -12 3 -8 8 -9 8 -7 3 -9 5 -10 3 -6 9 -6 6 -10 6 -6 6 -11 4 -13 11 -9 9 -13 7 -11 4 -4 -1 0 0 0 0 0 0 0 0 ]
CSI_DATA,AP,68:FE:71:12:53:8C,-35,11,1,6,1,1,1,0,0,0,0,-95,0,6,1,36482981,0,84,0,0,36.483,384,[84 -64 4 0 0 0 0 0 0 0 0 0 15 -7 16 -7 18 -9 17 -3 18 -1 19 0 20 1 16 3 13 1 12 2 13 3 20 -3 14 -1 18 1 12 4 16 2 18 4 17 5 15 -2 13 -1 11 -1 11 -2 17 -2 18 -4 18 -2 13 0 -2 -1 12 -4 19 -3 12 1 17 -2 18 1 12 3 13 -2 18 3 16 -1 15 -6 16 -7 17 1 15 -1 16 -7 16 -1 12 -6 11 0 18 -5 17 -3 16 -1 19 1 14 -1 14 -7 16 -2 14 -8 13 -9 -4 4 0 0 0 0 0 0 0 0 ]
CSI_DATA,AP,68:FE:71:12:53:8C,-36,11,1,6,1,1,1,0,0,0,0,-96,0,6,1,36571284,0,84,0,0,36.571,384,[84 -64 4 0 0 0 0 0 0 0 0 0 1 23 4 18 5 20 5 27 3 26 4 24 4 26 -2 24 3 22 -1 25 -3 22 0 23 -7 22 -5 24 -5 19 2 19 1 18 -3 19 -7 22 0 23 -2 19 -6 18 -8 18 -3 19 -6 21 0 16 -4 -2 -1 15 0 16 2 18 2 15 -4 17 -1 19 4 17 2 19 6 18 2 18 5 13 5 12 2 17 5 13 2 15 4 13 7 17 9 19 6 18 10 11 5 13 2 13 3 16 9 19 10 16 11 17 -3 2 0 0 0 0 0 0 0 0 ]
CSI_DATA,AP,68:FE:71:12:53:8C,-35,11,1,5,1,1,1,0,0,0,0,-93,0,6,1,36668199,0,84,0,0,36.668,384,[84 -64 4 0 0 0 0 0 0 0 0 0 1 17 -4 19 0 18 -7 20 -4 19 -2 14 -5 20 -9 13 -5 16 -7 11 -10 11 -7 15 -10 10 -8 9 -2 11 -3 11 -2 13 -6 13 -2 9 -8 11 -1 11 -8 11 -1 13 -2 12 -5 14 -1 14 -4 -1 -6 12 -4 15 -5 14 -3 9 -3 9 -2 11 -2 9 -3 11 -3 10 1 6 1 9 3 9 1 9 -4 15 -1 10 -2 14 -1 13 0 11 -3 10 6 11 4 11 1 15 -2 10 4 15 -1 12 5 14 0 -3 0 0 0 0 0 0 0 0 ]
CSI_DATA,AP,68:FE:71:12:53:8C,-39,11,1,6,1,1,1,0,0,0,0,-95,0,6,1,36764260,0,84,0,0,36.764,384,[84 -64 4 0 0 0 0 0 0 0 0 0 18 5 22 1 23 6 18 8 20 3 14 2 13 3 16 7 20 5 18 10 18 9 19 3 11 8 17 7 16 5 11 2 13 3 12 6 13 9 7 5 9 4 11 4 9 5 10 3 10 8 8 6 -2 -2 14 5 10 5 13 -2 7 0 11 0 15 2 10 5 15 1 11 2 7 2 11 -2 10 -4 13 2 16 1 16 -4 8 0 14 -2 9 -3 8 -2 10 -8 13 1 14 -5 14 -2 13 -5 14 -3 11 -2 -4 2 0 0 0 0 0 0 0 0 ]
CSI_DATA,AP,68:FE:71:12:53:8C,-32,11,1,7,1,1,1,0,0,0,0,-93,0,6,1,36892062,0,82,0,0,36.892,384,[84 -64 4 0 0 0 0 0 0 0 0 0 -27 7 -30 11 -30 9 -28 10 -30 6 -21 3 -28 4 -26 6 -21 3 -19 3 -22 3 -27 0 -26 -1 -18 -3 -24 -4 -21 3 -21 4 -23 -3 -16 -3 -15 -3 -20 -3 -21 0 -18 5 -17 -2 -15 -1 -15 1 -3 3 -11 0 -10 7 -10 5 -17 2 -12 1 -12 9 -10 8 -10 2 -12 7 -9 8 -10 9 -13 9 -11 12 -10 9 -6 7 -9 12 -9 11 -11 9 -5 14 -3 15 -11 12 -6 8 -7 11 -8 15 -10 10 -6 16 3 -1 0 0 0 0 0 0 0 0 ]
CSI_DATA,AP,68:FE:71:12:53:8C,-32,11,1,7,1,1,1,0,0,0,0,-94,0,6,1,36980130,0,84,0,0,36.98,384,[84 -64 4 0 0 0 0 0 0 0 0 0 -22 -9 -20 -10 -22 -7 -18 -13 -20 -16 -20 -14 -16 -13 -13 -12 -15 -17 -14 -16 -17 -17 -19 -13 -16 -17 -19 -13 -15 -9 -18 -11 -17 -13 -8 -12 -13 -5 -11 -10 -12 -11 -12 -9 -13 -10 -10 -4 -7 -7 -10 -9 0 -3 -7 -6 -10 -5 -12 -2 -12 -7 -13 0 -10 1 -15 -3 -10 -6 -8 0 -13 0 -11 4 -7 -2 -9 4 -13 1 -14 2 -14 -3 -11 5 -12 2 -13 -1 -10 7 -6 0 -9 5 -9 6 -11 0 -11 2 -8 9 -2 1 0 0 0 0 0 0 0 0 ]
CSI_DATA,AP,68:FE:71:12:53:8C,-36,11,1,7,1,1,1,0,0,0,0,-94,0,6,1,37072484,0,84,0,0,37.072,384,[84 -64 4 0 0 0 0 0 0 0 0 0 16 16 19 9 22 10 17 17 15 17 13 16 15 11 15 16 18 13 11 10 17 14 12 15 16 15 13 13 11 16 15 18 8 9 11 17 10 12 7 15 9 10 10 9 9 9 9 13 14 13 12 7 -3 0 15 14 11 9 15 10 10 14 14 9 12 11 10 8 13 10 10 5 15 7 12 12 8 6 11 4 11 8 16 10 10 6 17 9 14 10 11 11 11 2 14 7 15 10 16 7 11 7 9 6 13 9 1 2 0 0 0 0 0 0 0 0 ]
CSI_DATA,AP,68:FE:71:12:53:8C,-38,11,1,6,1,1,1,1,0,0,0,-94,6,6,1,37181233,0,84,0,0,37.181,384,[84 -64 4 0 0 0 0 0 0 0 0 0 25 2 17 -2 23 -1 27 -1 19 -4 23 -4 25 -3 20 -2 25 2 19 3 22 3 20 1 25 6 21 -1 23 1 25 5 25 8 24 7 22 8 23 2 25 2 20 0 17 6 18 8 19 0 26 3 -3 -4 22 0 20 -2 25 6 23 2 22 2 23 4 20 2 26 -4 19 2 25 1 26 -3 21 -5 25 0 26 -4 21 -5 21 -3 25 -6 22 -7 20 -5 26 -9 26 -5 19 -3 26 -4 21 -7 22 1 18 1 -2 3 0 0 0 0 0 0 0 0 ]
CSI_DATA,AP,68:FE:71:12:53:8C,-39,11,0,0,0,0,0,0,0,0,0,-94,0,6,1,37334576,0,37,0,0,37.335,128,[84 -64 4 0 0 0 0 0 0 0 0 0 17 -10 16 -8 21 -13 18 -15 16 -13 21 -11 17 -8 18 -7 15 -7 21 -5 19 -11 16 -13 20 -7 23 -7 16 -3 22 -7 24 -2 21 -3 19 -10 19 -8 16 -8 23 -6 20 -9 16 -4 18 -2 21 -10 -1 -3 22 -10 21 -6 16 -7 18 -12 23 -11 24 -6 22 -11 21 -11 20 -5 13 -7 17 -13 13 -8 17 -7 17 -12 17 -6 19 -14 22 -8 18 -9 20 -12 18 -8 21 -11 20 -10 15 -12 14 -17 22 -13 22 -10 -2 1 0 0 0 0 0 0 0 0 ]
CSI_DATA,AP,68:FE:71:12:53:8C,-35,11,1,6,1,1,1,0,0,0,0,-94,0,6,1,37425538,0,84,0,0,37.426,384,[84 -64 4 0 0 0 0 0 0 0 0 0 -2 20 -9 20 -1 19 -4 16 -2 14 -3 15 -3 13 -5 16 -6 13 -4 18 -7 17 -3 17 -10 15 -7 18 -8 12 -13 19 -10 11 -9 17 -5 18 -8 18 -11 11 -9 10 -8 17 -8 13 -12 13 -8 12 -1 -3 -11 13 -6 12 -6 16 -5 14 -5 12 -7 10 -9 11 -4 17 -7 16 -3 16 -10 13 -7 11 -4 16 -2 10 -1 10 -8 11 -4 8 -4 13 -3 9 -4 14 0 7 0 9 -6 16 -6 13 1 8 0 10 2 -3 0 0 0 0 0 0 0 0 ]
CSI_DATA,AP,68:FE:71:12:53:8C,-31,11,1,7,1,1,1,0,0,0,0,-95,0,6,1,37499412,0,84,0,0,37.499,384,[84 -64 4 0 0 0 0 0 0 0 0 0 4 -26 4 -19 3 -26 7 -26 11 -20 12 -25 6 -21 9 -19 11 -25 11 -18 14 -21 12 -27 14 -20 14 -18 18 -22 19 -27 17 -20 14 -23 10 -24 20 -18 11 -23 11 -23 16 -20 18 -16 14 -17 18 -20 1 1 12 -22 12 -20 10 -17 15 -22 15 -21 16 -21 15 -17 13 -24 15 -17 11 -20 6 -25 14 -17 9 -17 5 -21 10 -18 5 -25 5 -23 8 -20 6 -24 5 -21 4 -17 5 -22 7 -22 2 -27 6 -23 2 -22 2 1 0 0 0 0 0 0 0 0 ]
CSI_DATA,AP,68:FE:71:12:53:8C,-33,11,1,7,1,1,1,0,0,0,0,-95,0,6,1,37598463,0,84,0,0,37.598,384,[84 -64 4 0 0 0 0 0 0 0 0 0 -9 -15 -5 -17 -10 -21 -5 -18 -4 -25 -2 -16 -3 -17 -7 -17 -4 -24 -4 -19 -2 -23 2 -24 -1 -26 -1 -25 1 -18 2 -20 -1 -23 -3 -20 3 -18 0 -20 4 -20 -1 -26 -2 -22 1 -25 5 -19 3 -24 4 -2 0 -21 1 -24 0 -19 -6 -22 -2 -21 -3 -25 -4 -25 -2 -24 0 -19 -4 -20 -3 -25 0 -24 -4 -24 -4 -21 -9 -18 -8 -18 -2 -25 -5 -18 -10 -17 -9 -14 -7 -21 -4 -22 -5 -18 -5 -18 -5 -21 -8 -17 3 -2 0 0 0 0 0 0 0 0 ]
CSI_DATA,AP,68:FE:71:12:53:8C,-30,11,1,7,1,1,1,0,0,0,0,-93,0,6,1,37726608,0,84,0,0,37.727,384,[84 -64 4 0 0 0 0 0 0 0 0 0 -1 -21 4 -19 -2 -18 7 -26 3 -18 4 -22 7 -21 8 -16 5 -21 10 -21 12 -24 12 -16 10 -19 10 -23 7 -22 10 -21 4 -21 7 -18 5 -15 6 -20 8 -18 6 -14 2 -16 7 -15 5 -20 6 -12 -2 -4 6 -19 8 -15 4 -17 7 -17 7 -12 -1 -16 1 -13 2 -13 -1 -20 -1 -16 3 -12 5 -14 -3 -19 -2 -14 3 -13 -4 -18 4 -17 -5 -12 3 -20 0 -20 1 -15 2 -13 -6 -14 1 -16 -6 -18 -3 -19 1 0 0 0 0 0 0 0 0 0 ]
CSI_DATA,AP,68:FE:71:12:53:8C,-31,11,1,7,1,1,1,0,0,0,0,-95,0,6,1,37831661,0,84,0,0,37.832,384,[37 80 2 0 0 0 0 0 0 0 0 0 -10 31 -12 31 -10 26 -11 33 -12 30 -14 27 -15 24 -18 27 -18 25 -16 26 -16 30 -14 22 -21 27 -16 26 -22 24 -23 25 -18 26 -14 19 -17 25 -21 24 -19 22 -18 16 -11 23 -20 17 -16 23 -13 18 -3 -3 -11 21 -16 21 -18 21 -17 20 -12 19 -17 24 -13 17 -16 20 -9 18 -14 19 -13 20 -9 24 -10 19 -15 27 -8 20 -13 26 -5 25 -5 22 -6 25 -4 28 -9 20 -7 27 -11 28 -9 25 -1 27 -1 24 2 -4 0 0 0 0 0 0 0 0 ]
CSI_DATA,AP,68:FE:71:12:53:8C,-36,11,1,6,1,1,1,0,0,0,0,-95,0,6,1,37929426,0,84,0,0,37.929,384,[84 -64 4 0 0 0 0 0 0 0 0 0 19 -6 21 -5 22 -2 25 -5 18 -2 22 -3 19 -1 16 -3 16 -1 15 5 23 -1 23 3 22 6 16 5 22 6 19 5 21 6 18 5 22 8 20 4 13 3 14 6 13 2 12 0 19 0 20 2 3 4 19 -2 13 -1 14 5 11 5 20 2 17 -2 14 -2 11 3 19 3 11 1 16 3 12 -4 15 -3 14 0 16 -3 20 -4 17 0 12 -2 17 2 12 -7 14 -6 15 -3 16 -3 20 -3 16 -8 12 -7 4 -3 0 0 0 0 0 0 0 0 ]
CSI_DATA,AP,68:FE:71:12:53:8C,-37,11,1,7,1,1,1,1,0,0,0,-95,4,6,1,38054667,0,84,0,0,38.055,384,[84 -64 4 0 0 0 0 0 0 0 0 0 -17 14 -13 15 -14 8 -14 9 -18 14 -12 10 -14 8 -15 5 -17 5 -19 10 -15 10 -14 5 -15 11 -20 10 -20 11 -19 10 -17 7 -13 4 -12 3 -12 2 -19 6 -12 10 -18 9 -12 10 -19 11 -11 11 3 -3 -16 10 -11 12 -14 10 -15 3 -15 8 -15 7 -10 4 -15 7 -9 7 -12 6 -13 6 -11 10 -14 12 -8 8 -11 11 -16 12 -8 8 -11 9 -16 11 -10 13 -7 7 -16 8 -7 14 -7 13 -11 13 -12 13 -1 -4 0 0 0 0 0 0 0 0 ]
CSI_DATA,AP,68:FE:71:12:53:8C,-38,11,1,6,1,1,1,0,0,0,0,-95,0,6,1,38156427,0,84,0,0,38.156,384,[84 -64 4 0 0 0 0 0 0 0 0 0 -6 -19 -2 -23 -5 -19 4 -23 -2 -17 3 -18 -1 -18 6 -22 -1 -23 7 -15 6 -19 7 -14 6 -18 -1 -15 4 -18 3 -20 5 -16 6 -18 1 -19 3 -13 4 -15 1 -18 3 -19 4 -17 7 -16 7 -15 -4 4 0 -16 3 -15 6 -18 2 -13 6 -13 5 -13 0 -15 0 -15 -1 -13 -4 -11 -4 -16 3 -11 2 -15 -4 -15 -4 -19 0 -13 -1 -17 -2 -14 -5 -13 2 -14 -6 -17 0 -14 -6 -19 0 -20 -2 -12 -2 -13 -3 1 0 0 0 0 0 0 0 0 ]
CSI_DATA,AP,68:FE:71:12:53:8C,-38,11,1,6,1,1,1,0,0,0,0,-95,0,6,1,38253629,0,84,0,0,38.254,384,[84 -64 4 0 0 0 0 0 0 0 0 0 29 -6 33 -6 36 -2 36 -2 28 -1 34 -3 34 -3 24 6 33 -1 25 4 27 6 29 0 31 4 28 6 26 1 32 4 26 6 25 0 21 -1 27 1 24 -1 22 1 23 6 23 4 22 -1 25 7 -4 3 23 5 26 -2 24 2 28 -1 21 -5 24 -2 25 2 19 -4 28 1 25 -6 21 0 26 -3 25 -2 26 -6 25 -8 25 -2 23 -6 24 -6 23 -2 23 -4 27 -5 26 -7 20 -8 19 -6 23 -4 21 -5 1 -4 0 0 0 0 0 0 0 0 ]
CSI_DATA,AP,68:FE:71:12:53:8C,-32,11,1,6,1,1,1,0,0,0,0,-93,0,6,1,38352755,0,84,0,0,38.353,384,[84 -64 4 0 0 0 0 0 0 0 0 0 -14 35 -20 39 -20 33 -21 35 -20 32 -24 31 -19 35 -19 33 -23 28 -26 29 -25 32 -26 31 -27 31 -27 34 -28 24 -32 27 -25 29 -27 29 -27 27 -23 25 -25 23 -24 28 -23 19 -21 22 -30 23 -19 23 3 -1 -26 24 -24 25 -24 29 -22 29 -21 30 -21 27 -20 27 -21 24 -20 27 -15 23 -16 27 -20 29 -16 31 -20 28 -22 24 -19 32 -19 28 -17 26 -11 27 -15 26 -12 31 -19 33 -12 30 -9 33 -17 31 -12 32 4 2 0 0 0 0 0 0 0 0 ]
CSI_DATA,AP,68:FE:71:12:53:8C,-37,11,1,6,1,1,1,0,0,0,0,-93,0,6,1,38451615,0,84,0,0,38.452,384,[84 -64 4 0 0 0 0 0 0 0 0 0 -15 30 -18 27 -21 26 -19 26 -22 21 -17 25 -16 26 -20 18 -24 20 -24 23 -25 18 -22 23 -25 23 -20 21 -20 19 -22 23 -21 18 -23 16 -20 18 -19 13 -16 21 -22 20 -14 19 -20 15 -22 23 -23 17 0 3 -17 14 -18 22 -17 21 -13 23 -12 20 -15 14 -12 23 -12 15 -10 19 -11 18 -18 16 -10 17 -13 22 -12 18 -9 20 -11 22 -14 23 -9 26 -12 19 -14 19 -9 24 -7 23 -7 24 -8 23 -10 18 -8 24 4 -2 0 0 0 0 0 0 0 0 ]
CSI_DATA,AP,68:FE:71:12:53:8C,-30,11,1,6,1,1,1,0,0,0,0,-95,0,6,1,38575545,0,84,0,0,38.576,384,[84 -64 4 0 0 0 0 0 0 0 0 0 13 10 14 8 19 13 11 10 18 11 9 11 17 17 10 13 15 12 8 16 14 12 10 14 10 17 7 20 13 14 12 19 14 16 6 16 10 14 12 16 10 10 6 15 11 16 12 18 6 17 5 9 0 3 11 10 11 10 14 16 6 15 5 12 6 14 10 14 11 14 12 15 14 12 14 7 7 11 11 14 11 10 16 14 9 13 12 7 17 11 14 12 13 13 10 6 10 7 12 8 10 10 15 6 13 5 -1 0 0 0 0 0 0 0 0 0 ]
CSI_DATA,AP,68:FE:71:12:53:8C,-32,11,1,6,1,1,1,0,0,0,0,-93,0,6,1,38701647,0,84,0,0,38.702,384,[84 -64 4 0 0 0 0 0 0 0 0 0 8 16 3 19 4 18 7 18 5 19 5 19 5 21 4 14 1 21 2 14 3 21 -1 18 0 19 0 17 -3 15 1 21 1 15 0 15 4 20 -2 17 2 14 2 20 2 18 2 13 -2 16 -1 13 -1 -3 -2 10 4 18 -1 12 0 13 4 12 -2 15 1 13 5 13 2 18 0 16 5 14 4 16 3 12 6 13 2 14 3 13 2 13 6 13 8 15 9 12 9 10 6 12 5 12 5 10 4 10 11 15 0 2 0 0 0 0 0 0 0 0 ]
CSI_DATA,AP,68:FE:71:12:53:8C,-37,11,1,6,1,1,1,0,0,0,0,-94,0,6,1,38789328,0,84,0,0,38.789,384,[84 -64 4 0 0 0 0 0 0 0 0 0 -10 17 -16 17 -17 14 -14 11 -12 9 -11 10 -16 10 -17 10 -12 14 -15 10 -17 13 -13 9 -12 9 -14 5 -17 13 -12 5 -10 8 -17 10 -15 10 -16 7 -13 12 -14 13 -10 5 -10 12 -15 9 -13 6 -4 0 -16 7 -13 11 -14 10 -15 12 -13 13 -14 6 -6 13 -15 11 -14 13 -14 13 -9 13 -7 12 -11 11 -12 12 -7 6 -9 15 -8 9 -4 8 -7 10 -8 15 -6 13 -7 16 -8 9 -10 15 -9 15 -7 9 2 -2 0 0 0 0 0 0 0 0 ]
CSI_DATA,AP,68:FE:71:12:53:8C,-36,11,1,6,1,1,1,0,0,0,0,-94,0,6,1,38886648,0,84,0,0,38.887,384,[84 -64 4 0 0 0 0 0 0 0 0 0 -23 2 -16 -2 -17 -5 -17 -3 -17 -2 -21 -2 -20 -1 -20 -8 -17 -4 -18 -8 -23 -3 -20 -4 -18 -6 -17 -4 -15 -6 -16 -4 -16 -9 -14 -6 -16 -8 -19 -9 -15 -6 -14 -3 -18 -4 -16 -2 -15 -5 -18 -3 2 1 -14 -3 -13 -1 -13 -9 -15 -7 -15 -8 -12 -3 -18 -8 -16 0 -13 -5 -12 -4 -18 -3 -18 1 -15 -3 -14 -2 -16 -1 -17 -2 -19 -4 -14 1 -17 1 -18 0 -12 2 -12 2 -18 -4 -15 -3 -18 3 -12 0 2 0 0 0 0 0 0 0 0 0 ]
CSI_DATA,AP,68:FE:71:12:53:8C,-35,11,1,6,1,1,1,0,0,0,0,-96,0,6,1,38979653,0,84,0,0,38.98,384,[84 -64 4 0 0 0 0 0 0 0 0 0 11 3 12 2 10 5 7 1 6 2 8 2 5 8 6 6 10 2 4 8 11 3 6 2 9 6 7 8 10 9 11 8 10 9 9 5 6 8 6 0 4 8 5 7 9 4 5 6 4 8 7 5 -2 1 9 6 4 6 4 4 3 6 7 5 3 1 2 2 4 7 4 0 9 -1 9 2 9 7 9 7 10 0 4 5 9 -2 6 1 3 1 4 0 4 5 10 0 5 -1 4 -2 3 -2 3 -2 7 0 -2 2 0 0 0 0 0 0 0 0 ]
CSI_DATA,AP,68:FE:71:12:53:8C,-38,11,1,5,1,1,1,0,0,0,0,-95,0,6,1,39119993,0,84,0,0,39.12,384,[84 -64 4 0 0 0 0 0 0 0 0 0 -39 -9 -33 -15 -36 -12 -35 -9 -37 -11 -30 -15 -39 -19 -30 -15 -35 -19 -36 -15 -31 -17 -30 -21 -35 -22 -29 -16 -33 -19 -37 -20 -33 -21 -27 -21 -30 -19 -26 -16 -31 -24 -31 -19 -23 -21 -28 -19 -30 -22 -29 -16 2 -2 -24 -13 -33 -13 -30 -10 -33 -19 -30 -14 -33 -12 -25 -17 -24 -10 -33 -13 -30 -14 -28 -14 -29 -12 -31 -9 -34 -6 -34 -7 -29 -6 -32 -6 -35 -5 -30 -8 -28 -6 -29 -11 -30 -7 -29 -4 -28 -6 -31 -7 -28 -8 3 -1 0 0 0 0 0 0 0 0 ]
CSI_DATA,AP,68:FE:71:12:53:8C,-30,11,1,6,1,1,1,0,0,0,0,-94,0,6,1,39208385,0,84,0,0,39.208,384,[84 -64 4 0 0 0 0 0 0 0 0 0 -22 1 -18 1 -22 -4 -20 4 -22 2 -19 -2 -18 1 -18 -5 -18 -3 -19 1 -23 -5 -16 -7 -16 -2 -22 -7 -15 -6 -23 -8 -21 0 -19 -5 -21 -1 -18 0 -18 -4 -16 -2 -19 -1 -16 -6 -14 -8 -16 -4 3 -2 -16 -6 -18 -6 -15 -4 -16 1 -12 -4 -19 -6 -20 -6 -19 -6 -17 -3 -13 3 -12 1 -16 4 -15 3 -13 -3 -16 3 -16 3 -12 -3 -12 1 -17 -3 -16 -2 -18 -2 -12 -1 -16 4 -13 6 -13 5 -20 7 2 4 0 0 0 0 0 0 0 0 ]
CSI_DATA,AP,68:FE:71:12:53:8C,-32,11,1,6,1,1,1,0,0,0,0,-93,0,6,1,39315623,0,84,0,0,39.316,384,[84 -64 4 0 0 0 0 0 0 0 0 0 32 -15 35 -15 35 -20 37 -12 33 -17 32 -11 35 -15 34 -7 33 -6 35 -9 33 -12 41 -5 35 -10 38 -5 32 -8 40 -8 39 -5 34 -3 38 -3 38 -3 33 -2 31 -3 32 -3 34 -6 35 -1 30 -8 1 0 29 -3 28 -11 32 -8 32 -6 33 -8 35 -11 30 -13 25 -9 30 -11 31 -12 30 -15 27 -9 25 -6 29 -12 26 -15 23 -12 31 -10 26 -14 22 -13 22 -18 28 -19 29 -18 29 -20 31 -14 31 -13 23 -17 0 -3 0 0 0 0 0 0 0 0 ]
CSI_DATA,AP,68:FE:71:12:53:8C,-32,11,1,7,1,1,1,0,0,0,0,-94,0,6,1,39405879,0,84,0,0,39.406,384,[84 -64 4 0 0 0 0 0 0 0 0 0 8 -13 15 -17 16 -16 16 -12 11 -15 14 -19 15 -16 11 -12 15 -12 13 -13 17 -11 11 -15 13 -13 12 -10 16 -15 15 -14 18 -11 15 -11 17 -12 13 -13 18 -9 17 -10 16 -7 10 -11 9 -7 10 -8 2 4 9 -10 15 -14 10 -12 13 -8 14 -13 10 -12 7 -9 7 -14 8 -14 8 -15 9 -11 13 -10 6 -13 6 -13 5 -13 5 -18 9 -11 7 -15 6 -14 6 -12 12 -10 7 -12 5 -12 11 -14 3 -14 11 -14 -4 4 0 0 0 0 0 0 0 0 ]
CSI_DATA,AP,68:FE:71:12:53:8C,-37,11,1,6,1,1,1,0,0,0,0,-95,0,6,1,39483714,0,84,0,0,39.484,384,[84 -64 4 0 0 0 0 0 0 0 0 0 18 -12 10 -13 19 -12 12 -16 14 -13 15 -10 12 -9 19 -11 16 -13 17 -14 16 -8 21 -6 14 -8 20 -11 16 -6 12 -9 18 -4 14 -6 20 -5 20 -9 16 -7 12 -11 15 -4 11 -7 14 -11 13 -8 0 -3 10 -10 11 -10 16 -10 9 -8 13 -6 11 -8 11 -5 12 -9 14 -11 14 -12 8 -11 7 -10 15 -7 13 -10 8 -7 7 -11 13 -11 14 -9 8 -7 12 -10 9 -7 7 -8 9 -15 9 -15 11 -12 9 -11 -2 0 0 0 0 0 0 0 0 0 ]
CSI_DATA,AP,68:FE:71:12:53:8C,-33,11,1,7,1,1,1,0,0,0,0,-94,0,6,1,39573524,0,84,0,0,39.574,384,[84 -64 4 0 0 0 0 0 0 0 0 0 -17 -8 -19 -4 -16 -9 -17 -10 -22 -14 -17 -14 -15 -15 -19 -8 -19 -14 -17 -15 -14 -16 -18 -11 -18 -12 -12 -10 -12 -9 -13 -10 -12 -14 -12 -9 -11 -13 -16 -17 -9 -16 -10 -12 -12 -8 -12 -13 -15 -13 -14 -8 0 -2 -10 -10 -17 -12 -17 -7 -18 -11 -9 -6 -11 -10 -17 -15 -12 -7 -18 -13 -14 -5 -19 -4 -10 -8 -19 -6 -12 -3 -19 -4 -13 -11 -18 -4 -15 -9 -14 -10 -12 -9 -12 -4 -18 -8 -15 -5 -22 -4 -15 -1 -15 -6 -2 -2 0 0 0 0 0 0 0 0 ]
CSI_DATA,AP,68:FE:71:12:53:8C,-30,11,1,7,1,1,1,0,0,0,0,-94,0,6,1,39683730,0,84,0,0,39.684,384,[84 -64 4 0 0 0 0 0 0 0 0 0 18 -14 11 -17 18 -15 14 -8 15 -10 17 -13 21 -9 12 -13 13 -13 14 -10 15 -7 14 -9 15 -11 20 -6 13 -10 20 -5 17 -11 13 -6 19 -6 17 -2 19 -7 18 -7 18 -10 16 -2 13 -5 13 -4 -4 -1 18 -8 18 -8 12 -6 13 -10 16 -6 10 -12 13 -10 15 -8 12 -10 10 -13 9 -11 11 -13 14 -7 16 -8 9 -13 9 -6 8 -9 16 -8 9 -10 9 -8 9 -7 8 -8 8 -10 14 -15 10 -11 9 -12 -2 2 0 0 0 0 0 0 0 0 ]
CSI_DATA,AP,68:FE:71:12:53:8C,-30,11,1,7,1,1,1,0,0,0,0,-95,0,6,1,39767859,0,84,0,0,39.768,384,[84 -64 4 0 0 0 0 0 0 0 0 0 -5 -22 -3 -23 -1 -23 -1 -23 -3 -18 1 -16 -2 -17 -5 -16 2 -21 1 -16 0 -24 -1 -17 3 -19 -2 -24 -4 -17 1 -20 4 -22 2 -21 1 -16 3 -15 -2 -15 -1 -15 5 -20 -1 -14 4 -22 0 -16 1 3 -3 -15 3 -14 1 -21 -3 -13 1 -16 -4 -15 3 -19 1 -15 -3 -17 -6 -13 -4 -15 -2 -16 -3 -15 -4 -14 -7 -20 -7 -15 -3 -13 -7 -20 -9 -14 -3 -16 -3 -17 -3 -16 -2 -13 -2 -17 -6 -15 -9 -16 3 3 0 0 0 0 0 0 0 0 ]
CSI_DATA,AP,68:FE:71:12:53:8C,-34,11,1,5,1,1,1,0,0,0,0,-96,0,6,1,39860050,0,84,0,0,39.86,384,[84 -64 4 0 0 0 0 0 0 0 0 0 13 12 9 21 8 14 10 23 6 14 9 21 6 16 4 15 9 17 10 22 5 23 5 15 9 23 5 16 5 20 5 15 3 21 4 14 8 16 3 19 0 19 5 13 0 20 2 15 3 20 9 19 0 4 4 18 7 12 6 14 7 15 4 13 10 18 10 11 7 15 6 15 11 14 5 12 7 11 12 11 12 11 5 16 10 13 13 10 14 14 14 16 10 16 6 12 14 9 15 8 9 12 8 9 9 10 0 -2 0 0 0 0 0 0 0 0 ]
CSI_DATA,AP,68:FE:71:12:53:8C,-30,11,0,0,0,0,0,0,0,0,0,-95,0,6,1,39976715,0,37,0,0,39.977,128,[84 -64 4 0 0 0 0 0 0 0 0 0 -16 -11 -21 -14 -14 -14 -17 -13 -18 -15 -18 -15 -13 -16 -13 -17 -11 -14 -17 -15 -18 -12 -12 -20 -14 -18 -18 -14 -9 -13 -9 -13 -12 -14 -15 -18 -8 -17 -11 -12 -15 -12 -12 -18 -11 -14 -9 -13 -10 -14 -7 -19 2 4 -9 -14 -16 -16 -16 -16 -11 -16 -14 -17 -13 -17 -9 -16 -10 -14 -12 -8 -15 -9 -11 -11 -12 -13 -10 -12 -17 -13 -9 -9 -10 -12 -16 -7 -15 -14 -18 -13 -18 -13 -16 -14 -18 -11 -11 -6 -14 -4 -15 -6 -16 -12 4 -2 0 0 0 0 0 0 0 0 ]
CSI_DATA,AP,68:FE:71:12:53:8C,-36,11,1,7,1,1,1,0,0,0,0,-94,0,6,1,40091935,0,84,0,0,40.092,384,[84 -64 4 0 0 0 0 0 0 0 0 0 -24 -10 -19 -12 -21 -12 -17 -12 -18 -10 -17 -14 -14 -18 -20 -16 -14 -11 -14 -12 -20 -17 -19 -12 -17 -12 -16 -19 -10 -11 -17 -12 -10 -14 -11 -12 -17 -19 -11 -16 -9 -11 -15 -19 -10 -14 -11 -12 -17 -13 -15 -14 1 2 -14 -11 -18 -11 -14 -15 -19 -9 -16 -12 -13 -10 -10 -13 -10 -9 -14 -7 -13 -12 -11 -8 -14 -6 -13 -12 -18 -10 -18 -12 -17 -9 -16 -7 -16 -10 -18 -4 -19 -3 -20 -8 -13 -5 -15 -5 -22 -10 -17 -9 -21 -5 0 3 0 0 0 0 0 0 0 0 ]
CSI_DATA,AP,68:FE:71:12:53:8C,-31,11,1,7,1,1,1,0,0,0,0,-94,0,6,1,40217499,0,84,0,0,40.217,384,[84 -64 4 0 0 0 0 0 0 0 0 0 -24 -5 -20 -10 -23 -13 -25 -13 -21 -11 -17 -15 -15 -17 -17 -14 -18 -9 -15 -16 -16 -13 -19 -18 -17 -13 -17 -12 -14 -11 -20 -17 -15 -17 -16 -15 -11 -12 -17 -12 -15 -16 -16 -11 -10 -9 -16 -10 -11 -11 -10 -14 4 1 -17 -9 -11 -9 -17 -12 -17 -7 -13 -15 -12 -11 -12 -11 -16 -11 -15 -8 -18 -9 -20 -11 -19 -5 -14 -5 -12 -13 -18 -13 -15 -12 -14 -7 -19 -6 -17 -12 -15 -11 -20 -5 -15 -4 -21 -4 -20 -10 -14 -6 -19 -6 1 3 0 0 0 0 0 0 0 0 ]
CSI_DATA,AP,68:FE:71:12:53:8C,-30,11,1,7,1,1,1,0,0,0,0,-93,0,6,1,40329703,0,84,0,0,40.33,384,[84 -64 4 0 0 0 0 0 0 0 0 0 14 -12 14 -12 19 -16 15 -20 14 -17 16 -15 12 -13 17 -15 19 -13 21 -8 16 -12 16 -16 17 -8 15 -10 14 -13 19 -12 18 -7 17 -13 13 -12 12 -7 20 -10 19 -12 17 -4 20 -11 15 -6 14 -8 -4 4 11 -7 12 -9 17 -12 18 -10 13 -10 14 -7 11 -9 8 -10 16 -8 15 -9 9 -16 14 -14 10 -13 14 -9 11 -16 12 -17 14 -11 11 -11 13 -17 12 -16 15 -14 8 -15 8 -18 11 -13 7 -14 6 -12 0 4 0 0 0 0 0 0 0 0 ]
CSI_DATA,AP,68:FE:71:12:53:8C,-33,11,1,7,1,1,1,0,0,0,0,-94,0,6,1,40418942,0,84,0,0,40.419,384,[84 -64 4 0 0 0 0 0 0 0 0 0 8 24 3 18 6 19 3 18 -1 20 -1 20 -2 22 -3 20 -2 22 1 18 -2 22 -1 24 1 17 -6 22 1 19 -4 17 -4 21 -3 17 -2 21 -5 22 -4 22 0 15 0 15 -2 20 -2 20 -1 21 0 3 -3 19 -3 17 3 15 0 16 -3 19 3 21 2 15 5 14 5 18 2 20 5 19 2 14 6 14 -1 15 5 16 0 17 6 21 2 15 2 16 6 14 1 19 3 16 5 16 5 20 3 11 9 12 2 -3 0 0 0 0 0 0 0 0 ]
CSI_DATA,AP,68:FE:71:12:53:8C,-36,11,1,7,1,1,1,0,0,0,0,-96,0,6,1,40535254,0,84,0,0,40.535,384,[84 -64 4 0 0 0 0 0 0 0 0 0 -15 16 -14 8 -15 8 -23 8 -23 14 -16 4 -20 11 -19 8 -17 7 -15 5 -17 6 -20 9 -17 3 -18 9 -22 2 -22 10 -16 7 -16 3 -15 0 -20 6 -21 4 -19 3 -20 1 -20 5 -23 5 -21 2 3 -4 -14 3 -20 11 -14 4 -13 10 -18 7 -13 9 -16 9 -15 8 -11 7 -14 9 -12 14 -18 8 -14 13 -14 9 -15 10 -11 10 -12 10 -12 8 -12 9 -10 7 -14 13 -18 11 -10 7 -12 14 -16 13 -15 8 -4 4 0 0 0 0 0 0 0 0 ]
CSI_DATA,AP,68:FE:71:12:53:8C,-31,11,1,7,1,1,1,0,0,0,0,-95,0,6,1,40614409,0,84,0,0,40.614,384,[84 -64 4 0 0 0 0 0 0 0 0 0 23 3 21 1 25 5 20 2 23 7 18 6 19 2 17 7 23 10 20 2 24 3 17 8 24 4 22 3 21 8 21 3 16 11 14 8 20 5 17 9 13 6 13 6 12 3 20 8 18 10 14 3 -4 2 17 3 15 3 16 9 16 3 16 6 16 3 18 6 12 0 13 3 14 1 16 3 13 0 20 0 16 4 20 -2 15 2 16 -2 17 4 17 -1 20 -2 19 3 20 -1 16 3 17 0 20 1 17 -2 2 -1 0 0 0 0 0 0 0 0 ]
CSI_DATA,AP,68:FE:71:12:53:8C,-33,11,1,7,1,1,1,1,0,0,0,-94,1,6,1,40703020,0,84,0,0,40.703,384,[84 -64 4 0 0 0 0 0 0 0 0 0 11 -15 18 -15 19 -16 19 -12 19 -17 14 -11 18 -13 20 -7 21 -13 14 -5 21 -13 14 -6 15 -11 17 -9 18 -11 17 -12 13 -7 12 -3 16 -7 14 -5 17 -2 15 -5 17 -4 15 -3 17 -10 18 -7 -3 -2 15 -11 15 -6 11 -12 12 -7 17 -12 12 -12 15 -8 13 -9 17 -10 9 -13 15 -7 8 -5 15 -5 8 -9 15 -12 16 -15 16 -13 12 -10 10 -9 9 -11 10 -15 9 -9 11 -15 10 -14 9 -14 9 -10 1 1 0 0 0 0 0 0 0 0 ]
CSI_DATA,AP,68:FE:71:12:53:8C,-32,11,1,7,1,1,1,0,0,0,0,-95,0,6,1,40813732,0,84,0,0,40.814,384,[84 -64 4 0 0 0 0 0 0 0 0 0 -15 -14 -12 -17 -12 -14 -13 -23 -8 -19 -9 -18 -8 -21 -10 -16 -4 -23 -2 -15 -8 -23 -8 -24 -5 -18 -5 -23 -5 -21 -5 -15 -1 -20 -2 -19 -7 -16 -4 -18 -3 -22 0 -17 -1 -12 -2 -15 -1 -18 -1 -21 -4 -1 -7 -16 -5 -18 -2 -22 -10 -14 -9 -19 -9 -12 -7 -18 -11 -11 -7 -10 -10 -12 -8 -11 -3 -17 -5 -12 -11 -18 -7 -10 -5 -18 -8 -18 -13 -12 -11 -15 -11 -15 -13 -11 -8 -16 -10 -16 -13 -11 -9 -17 -12 -11 2 2 0 0 0 0 0 0 0 0 ]
CSI_DATA,AP,68:FE:71:12:53:8C,-36,11,0,0,0,0,0,0,0,0,0,-93,0,6,1,40886521,0,37,0,0,40.887,128,[84 -64 4 0 0 0 0 0 0 0 0 0 16 10 18 11 14 9 22 12 18 7 18 13 16 14 17 9 11 13 15 13 11 14 16 12 12 14 10 16 17 11 11 15 14 15 15 10 8 10 12 12 13 16 13 13 10 7 15 13 10 9 9 16 4 2 8 11 14 13 14 10 9 11 11 14 16 10 14 13 8 10 14 5 10 11 15 12 9 9 17 5 16 5 14 6 14 11 15 10 14 5 14 8 17 7 10 10 10 8 16 3 17 8 19 3 19 6 -4 -2 0 0 0 0 0 0 0 0 ]
CSI_DATA,AP,68:FE:71:12:53:8C,-30,11,1,7,1,1,1,0,0,0,0,-94,0,6,1,40981742,0,84,0,0,40.982,384,[84 -64 4 0 0 0 0 0 0 0 0 0 21 1 22 -2 20 -4 23 -5 24 -3 23 2 20 1 17 -3 21 -2 18 -1 23 5 18 -2 16 0 18 1 21 1 23 7 19 6 21 7 19 1 20 5 20 7 19 3 20 2 21 6 22 1 14 3 2 -1 20 -3 16 3 13 0 14 1 16 4 19 0 16 4 20 0 15 1 11 2 16 -6 16 -4 12 -6 11 -3 15 1 13 0 13 -1 19 -8 13 -3 16 -9 15 -5 17 -3 12 -5 18 -4 15 -2 19 -10 -3 2 0 0 0 0 0 0 0 0 ]
CSI_DATA,AP,68:FE:71:12:53:8C,-34,11,1,7,1,1,1,0,0,0,0,-95,0,6,1,41068005,0,84,0,0,41.068,384,[84 -64 4 0 0 0 0 0 0 0 0 0 0 -18 4 -22 9 -19 10 -24 11 -25 5 -23 13 -15 14 -15 11 -23 11 -14 13 -18 10 -21 12 -21 13 -19 11 -13 7 -16 10 -14 14 -12 7 -15 7 -14 8 -18 7 -16 8 -11 9 -19 12 -13 6 -16 3 1 13 -15 9 -19 4 -16 4 -20 11 -17 6 -13 7 -18 9 -15 6 -16 1 -17 5 -12 7 -16 2 -13 3 -20 2 -14 9 -15 9 -15 4 -14 3 -17 4 -20 2 -15 4 -21 3 -19 5 -19 1 -13 1 -16 -1 2 0 0 0 0 0 0 0 0 ]
CSI_DATA,AP,68:FE:71:12:53:8C,-34,11,1,6,1,1,1,0,0,0,0,-94,0,6,1,41179066,0,84,0,0,41.179,384,[84 -64 4 0 0 0 0 0 0 0 0 0 -20 -18 -14 -13 -15 -16 -13 -13 -14 -16 -14 -18 -12 -17 -12 -14 -9 -19 -14 -14 -14 -22 -12 -20 -10 -16 -12 -16 -15 -21 -13 -17 -7 -15 -11 -19 -12 -18 -9 -17 -8 -21 -10 -13 -12 -19 -8 -20 -14 -16 -8 -18 -4 -1 -8 -14 -10 -12 -6 -13 -10 -11 -6 -14 -14 -17 -15 -18 -8 -9 -9 -14 -14 -8 -17 -10 -8 -9 -12 -13 -14 -7 -12 -11 -14 -8 -10 -9 -11 -7 -18 -8 -9 -7 -13 -14 -15 -6 -16 -9 -12 -9 -17 -12 -12 -11 4 -3 0 0 0 0 0 0 0 0 ]
CSI_DATA,AP,68:FE:71:12:53:8C,-38,11,1,7,1,1,1,0,0,0,1,-96,0,6,1,41264831,0,84,0,0,41.265,384,[84 -64 4 0 0 0 0 0 0 0 0 0 -22 -2 -19 -2 -24 -5 -26 -5 -20 -5 -24 -9 -21 -9 -23 -11 -21 -5 -20 -3 -24 -5 -20 -12 -21 -6 -22 -9 -19 -10 -20 -7 -17 -6 -14 -8 -18 -10 -16 -4 -13 -8 -13 -9 -16 -5 -21 -7 -20 -11 -19 -11 -3 2 -13 -9 -13 -7 -20 -9 -13 -4 -19 -9 -13 -8 -17 -10 -15 -7 -19 -2 -19 -1 -14 -5 -12 -4 -14 -4 -15 -7 -13 -3 -18 -5 -19 -2 -21 -5 -16 -4 -14 3 -17 -4 -21 -1 -20 -1 -16 2 -13 -4 -19 0 3 -2 0 0 0 0 0 0 0 0 ]
CSI_DATA,AP,68:FE:71:12:53:8C,-36,11,1,5,1,1,1,0,0,0,0,-94,0,6,1,41378151,0,84,0,0,41.378,384,[84 -64 4 0 0 0 0 0 0 0 0 0 -17 16 -14 16 -19 14 -19 15 -14 10 -19 8 -16 9 -16 8 -16 12 -19 11 -17 4 -23 5 -16 5 -22 5 -15 10 -16 3 -21 5 -20 10 -17 3 -16 3 -14 8 -20 6 -20 7 -13 6 -18 2 -21 10 2 -2 -16 8 -15 10 -13 6 -13 12 -16 6 -18 9 -12 10 -13 7 -14 11 -18 6 -15 13 -17 6 -13 12 -16 5 -11 7 -16 6 -14 15 -10 10 -16 7 -9 9 -10 7 -16 6 -11 10 -15 17 -16 15 -11 13 2 -3 0 0 0 0 0 0 0 0 ]
CSI_DATA,AP,68:FE:71:12:53:8C,-33,11,1,7,1,1,1,0,0,0,0,-94,0,6,1,41464293,0,82,0,0,41.464,384,[84 -64 4 0 0 0 0 0 0 0 0 0 9 14 3 16 10 17 9 18 1 21 0 21 1 18 4 22 7 17 3 14 2 18 3 17 2 24 6 19 -2 19 6 22 5 20 2 12 3 15 -4 19 4 14 -2 15 4 12 4 20 3 15 2 17 0 -3 6 20 5 17 6 15 2 14 4 19 6 19 2 18 8 19 5 20 7 11 1 13 3 17 4 14 2 15 9 11 2 15 4 17 11 13 8 14 4 16 5 17 3 19 7 12 12 16 10 10 11 12 -2 3 0 0 0 0 0 0 0 0 ]
CSI_DATA,AP,68:FE:71:12:53:8C,-35,11,1,6,1,1,1,0,0,0,0,-95,0,6,1,41590083,0,84,0,0,41.59,384,[84 -64 4 0 0 0 0 0 0 0 0 0 18 12 20 13 18 14 20 16 14 19 12 12 17 13 16 19 13 13 13 16 16 20 16 16 10 17 11 12 8 12 9 19 14 20 12 12 13 19 9 11 13 18 10 14 10 18 13 14 8 11 13 13 -3 1 11 9 11 10 10 15 13 13 7 14 13 12 12 12 8 10 7 11 6 13 9 15 10 7 9 16 14 12 10 9 16 13 14 12 14 12 10 12 11 13 13 14 12 9 11 6 15 13 10 8 9 10 1 1 0 0 0 0 0 0 0 0 ]
CSI_DATA,AP,68:FE:71:12:53:8C,-30,11,1,7,1,1,1,0,0,0,0,-94,0,6,1,41689867,0,84,0,0,41.69,384,[84 -64 4 0 0 0 0 0 0 0 0 0 12 -14 14 -19 18 -19 15 -18 13 -15 17 -15 18 -10 13 -14 14 -12 16 -9 20 -14 19 -14 19 -6 20 -12 15 -9 16 -7 18 -12 16 -6 17 -7 18 -4 16 -4 18 -11 15 -12 12 -8 18 -8 13 -12 -1 -4 17 -12 19 -8 14 -12 15 -7 16 -12 16 -8 14 -12 13 -12 15 -11 11 -13 13 -10 14 -7 10 -7 14 -11 12 -12 8 -16 13 -10 10 -10 12 -12 11 -8 10 -10 14 -12 12 -17 9 -17 13 -16 9 -11 3 1 0 0 0 0 0 0 0 0 ]
CSI_DATA,AP,68:FE:71:12:53:8C,-34,11,1,5,1,1,1,1,0,0,0,-94,5,6,1,41777974,0,84,0,0,41.778,384,[84 -64 4 0 0 0 0 0 0 0 0 0 -19 -3 -17 -2 -24 -6 -21 -9 -23 -5 -13 -7 -18 -8 -21 -13 -13 -10 -19 -11 -15 -12 -19 -9 -21 -6 -20 -8 -18 -9 -15 -13 -17 -10 -16 -6 -14 -13 -13 -14 -17 -10 -16 -14 -16 -6 -16 -5 -17 -7 -18 -5 -1 0 -11 -5 -11 -6 -17 -5 -19 -5 -11 -7 -17 -6 -17 -5 -13 -11 -16 -7 -18 -2 -12 -4 -15 -4 -17 -7 -18 -6 -13 -1 -14 -4 -18 -7 -17 -3 -14 -2 -16 0 -15 -6 -11 -1 -16 -3 -15 -2 -19 2 -18 1 -4 -3 0 0 0 0 0 0 0 0 ]
CSI_DATA,AP,68:FE:71:12:53:8C,-32,11,1,7,1,1,1,0,0,0,0,-95,0,6,1,41896005,0,84,0,0,41.896,384,[84 -64 4 0 0 0 0 0 0 0 0 0 14 -8 13 -6 15 -11 19 -5 21 -11 19 -4 20 -3 16 -5 16 -4 15 -4 22 -8 16 -7 15 -2 17 -1 19 -2 21 -7 15 -5 12 -7 14 -2 18 -2 18 -6 15 -7 18 -2 14 -3 12 -7 17 0 2 -1 16 -7 17 -9 17 -9 16 -10 10 -9 18 -8 13 -5 9 -8 17 -9 15 -4 10 -4 14 -11 15 -3 16 -11 14 -10 15 -9 13 -6 14 -7 11 -6 12 -12 9 -12 7 -10 13 -7 7 -7 7 -11 11 -8 4 -2 0 0 0 0 0 0 0 0 ]
CSI_DATA,AP,68:FE:71:12:53:8C,-30,11,1,7,1,1,1,0,0,0,0,-93,0,6,1,42016145,0,84,0,0,42.016,384,[84 -64 4 0 0 0 0 0 0 0 0 0 -9 11 -10 12 -16 16 -16 11 -12 14 -17 15 -13 13 -15 12 -18 12 -16 12 -14 11 -10 10 -17 13 -18 13 -11 6 -15 10 -10 13 -15 8 -17 13 -14 5 -10 8 -12 7 -15 4 -12 7 -14 8 -9 12 3 1 -14 13 -10 11 -13 10 -8 12 -10 11 -13 10 -11 6 -10 6 -14 8 -8 9 -10 12 -8 13 -9 9 -9 10 -13 12 -13 10 -13 10 -11 12 -11 13 -10 8 -5 16 -12 11 -10 15 -11 13 -6 8 -9 15 0 -4 0 0 0 0 0 0 0 0 ]
CSI_DATA,AP,68:FE:71:12:53:8C,-38,11,1,6,1,1,1,0,0,0,0,-94,0,6,1,42103116,0,84,0,0,42.103,384,[84 -64 4 0 0 0 0 0 0 0 0 0 -7 15 -2 17 -8 15 -8 19 -10 15 -5 15 -5 12 -12 13 -14 17 -13 12 -12 13 -13 16 -11 15 -10 12 -11 15 -12 12 -6 16 -13 11 -9 9 -6 10 -11 13 -7 13 -8 11 -12 10 -5 13 -10 12 2 4 -9 12 -10 13 -9 14 -4 15 -7 12 -4 11 -10 11 -10 14 -6 8 -10 15 -9 16 -5 14 -4 12 -3 11 -1 13 -9 15 -2 12 -6 19 -7 10 -5 10 -6 17 -6 11 -4 16 -4 14 -2 12 1 11 2 3 0 0 0 0 0 0 0 0 ]
CSI_DATA,AP,68:FE:71:12:53:8C,-30,11,1,7,1,1,1,0,0,0,1,-94,0,6,1,42202523,0,84,0,0,42.203,384,[84 -64 4 0 0 0 0 0 0 0 0 0 -18 9 -19 9 -20 12 -22 10 -23 6 -18 4 -17 8 -23 5 -22 7 -15 9 -15 10 -18 11 -15 2 -17 2 -16 4 -15 3 -14 6 -18 5 -13 4 -13 6 -16 5 -17 3 -12 6 -11 8 -17 6 -17 8 3 -4 -12 4 -12 5 -12 8 -18 8 -10 3 -17 8 -13 8 -15 8 -10 9 -10 4 -11 12 -12 6 -16 6 -11 5 -9 9 -10 4 -12 8 -8 4 -17 9 -16 4 -12 7 -9 12 -10 6 -15 6 -11 11 -12 9 0 0 0 0 0 0 0 0 0 0 ]
CSI_DATA,AP,68:FE:71:12:53:8C,-30,11,1,7,1,1,1,1,0,0,0,-94,3,6,1,42289932,0,84,0,0,42.29,384,[84 -64 4 0 0 0 0 0 0 0 0 0 -19 1 -22 -1 -22 2 -23 2 -20 -4 -23 3 -20 0 -20 -5 -14 -1 -17 -1 -17 0 -15 0 -15 -4 -20 1 -19 0 -23 -7 -17 -2 -13 0 -19 -6 -19 -2 -13 -3 -12 -4 -11 -6 -14 -3 -12 1 -15 -1 -2 -3 -17 -2 -20 -4 -13 1 -16 -4 -17 -4 -18 3 -18 -3 -10 -5 -17 1 -18 4 -19 5 -13 4 -17 -2 -14 -1 -14 0 -12 -1 -17 2 -19 -1 -18 3 -14 3 -14 -1 -10 1 -18 7 -16 7 -11 2 -16 4 4 -4 0 0 0 0 0 0 0 0 ]
CSI_DATA,AP,68:FE:71:12:53:8C,-37,11,1,5,1,1,1,1,0,0,0,-96,2,6,1,42386618,0,84,0,0,42.387,384,[84 -64 4 0 0 0 0 0 0 0 0 0 33 -14 30 -9 29 -11 31 -12 37 -3 35 -4 36 -1 35 1 34 -7 30 2 30 0 29 3 29 1 34 0 30 -3 35 4 26 -1 29 3 31 -3 27 -2 32 5 31 1 24 -1 30 -2 25 -2 25 -1 3 3 30 -5 29 -4 31 -2 28 -9 24 0 28 -7 27 -6 27 -1 26 -7 25 -7 26 -10 22 -7 29 -9 29 -6 29 -9 30 -8 27 -8 29 -10 24 -11 25 -12 30 -11 26 -8 24 -7 28 -13 24 -7 26 -10 1 2 0 0 0 0 0 0 0 0 ]
CSI_DATA,AP,68:FE:71:12:53:8C,-34,11,1,6,1,1,1,0,0,0,0,-95,0,6,1,42486811,0,84,0,0,42.487,384,[84 -64 4 0 0 0 0 0 0 0 0 0 5 -1 9 -1 9 -1 10 1 4 1 11 5 6 -1 6 6 3 5 6 5 12 -1 9 -1 4 4 8 0 10 4 10 2 2 5 7 7 2 4 4 1 8 7 5 4 9 -1 9 2 4 0 6 3 -1 -4 10 2 2 1 4 -1 4 2 7 5 10 5 9 -1 9 -2 5 6 3 4 8 5 3 4 9 4 3 -1 2 5 8 -1 3 4 8 -3 5 1 7 -1 3 -3 4 5 7 0 8 -1 5 2 3 4 -2 -2 0 0 0 0 0 0 0 0 ]
CSI_DATA,AP,68:FE:71:12:53:8C,-34,11,1,5,1,1,1,0,0,0,0,-95,0,6,1,42595758,0,84,0,0,42.596,384,[84 -64 4 0 0 0 0 0 0 0 0 0 17 0 17 -4 22 -4 19 -3 25 -5 24 -4 19 0 24 -2 24 3 23 4 24 1 18 6 24 1 18 7 19 7 19 4 15 0 16 1 17 2 18 0 21 6 17 4 14 2 16 0 19 4 13 4 -2 2 15 2 15 4 19 3 16 -1 18 0 17 -3 18 4 17 -4 14 2 17 1 16 -2 15 2 12 1 11 0 15 -2 15 2 20 -3 11 0 18 -5 12 0 16 -6 11 -5 10 -5 14 -9 12 -8 17 -3 -1 -3 0 0 0 0 0 0 0 0 ]
CSI_DATA,AP,68:FE:71:12:53:8C,-33,11,1,7,1,1,1,0,0,0,1,-96,0,6,1,42718982,0,84,0,0,42.719,384,[84 -64 4 0 0 0 0 0 0 0 0 0 -9 6 -12 3 -7 2 -11 3 -13 3 -6 4 -13 1 -5 -1 -8 2 -4 2 -6 -1 -12 -2 -7 -3 -5 3 -7 -2 -8 2 -5 2 -7 -1 -3 0 -9 3 -3 -2 -7 -1 -3 4 -3 3 -8 -4 -2 -2 3 -4 -8 3 -2 5 -8 -2 -6 -2 -6 0 -8 -3 -3 2 -8 -3 -1 0 -9 -2 -3 5 -3 0 -3 -1 -2 4 -6 -1 -4 0 -3 6 -5 6 -7 4 -3 6 -9 1 -9 2 -7 3 -1 6 -3 9 -1 1 -3 3 0 0 0 0 0 0 0 0 ]
CSI_DATA,AP,68:FE:71:12:53:8C,-35,11,1,7,1,1,1,1,0,0,0,-95,6,6,1,42823014,0,84,0,0,42.823,384,[84 -64 4 0 0 0 0 0 0 0 0 0 -12 40 -13 37 -15 34 -22 33 -16 28 -16 28 -19 28 -13 26 -22 29 -20 21 -22 27 -14 27 -19 29 -14 19 -18 15 -20 27 -21 20 -15 18 -13 17 -12 23 -6 20 -9 16 -7 17 -7 22 -12 18 -10 17 -4 -1 -10 17 -3 23 -6 18 -7 21 -2 22 -5 23 -5 23 1 22 -2 16 -2 18 0 23 -1 21 -4 23 0 16 -4 26 -1 25 0 22 4 20 3 24 5 23 5 26 4 26 3 25 6 29 3 27 3 28 2 2 0 0 0 0 0 0 0 0 ]
CSI_DATA,AP,68:FE:71:12:53:8C,-36,11,1,6,1,1,1,0,0,0,0,-95,0,6,1,42918066,0,82,0,0,42.918,384,[84 -64 4 0 0 0 0 0 0 0 0 0 15 20 11 17 10 20 16 24 9 18 7 22 10 23 6 22 4 16 5 19 11 16 10 16 4 18 3 20 2 16 10 15 7 13 2 13 7 16 1 17 8 10 1 11 9 12 4 13 3 10 7 8 4 -2 5 7 12 7 5 9 13 4 7 10 11 10 9 5 12 9 7 6 13 4 14 8 13 6 15 2 13 3 16 9 14 3 10 3 13 4 14 7 11 6 16 1 15 6 14 4 16 -2 16 -2 11 2 4 2 0 0 0 0 0 0 0 0 ]
CSI_DATA,AP,68:FE:71:12:53:8C,-34,11,1,6,1,1,1,0,0,0,0,-95,0,6,1,43030261,0,84,0,0,43.03,384,[84 -64 4 0 0 0 0 0 0 0 0 0 -22 -27 -23 -21 -19 -23 -20 -23 -21 -27 -14 -27 -13 -21 -16 -19 -15 -21 -15 -20 -11 -27 -11 -20 -10 -25 -16 -25 -15 -23 -17 -23 -13 -18 -10 -20 -8 -17 -13 -16 -12 -13 -8 -17 -14 -16 -14 -12 -14 -16 -7 -16 -1 -1 -12 -7 -16 -10 -9 -9 -16 -10 -13 -12 -11 -6 -12 -7 -10 -9 -10 -8 -13 -1 -10 -7 -12 -6 -9 -6 -12 -2 -9 -4 -17 -3 -14 -1 -16 0 -15 -4 -14 0 -16 -3 -16 3 -13 2 -9 2 -13 0 -16 0 2 4 0 0 0 0 0 0 0 0 ]
CSI_DATA,AP,68:FE:71:12:53:8C,-33,11,1,7,1,1,1,0,0,0,0,-95,0,6,1,43140440,0,84,0,0,43.14,384,[84 -64 4 0 0 0 0 0 0 0 0 0 2 -18 0 -20 3 -23 -3 -23 0 -24 6 -22 1 -16 -1 -17 -1 -19 5 -15 -1 -15 0 -20 4 -16 0 -19 3 -17 2 -21 3 -13 -1 -13 0 -15 4 -20 -1 -17 4 -13 2 -17 1 -12 1 -15 -2 -13 -3 -2 3 -15 -2 -13 5 -16 -4 -12 5 -14 -3 -21 4 -21 -5 -12 -3 -17 -3 -20 2 -16 1 -13 2 -12 0 -15 4 -21 3 -19 -4 -17 -4 -13 1 -21 -2 -18 -2 -12 0 -16 2 -13 2 -13 -1 -20 1 -15 4 -1 0 0 0 0 0 0 0 0 ]
CSI_DATA,AP,68:FE:71:12:53:8C,-36,11,1,5,1,1,1,0,0,0,0,-93,0,6,1,43276417,0,84,0,0,43.276,384,[84 -64 4 0 0 0 0 0 0 0 0 0 0 -6 7 -2 8 -4 3 -3 2 0 3 0 1 -4 6 -4 10 -6 1 -5 1 -2 7 -6 4 -4 6 -2 2 0 4 -5 2 -2 8 -5 2 -5 10 -2 2 -1 7 -1 6 0 10 1 5 1 7 -5 2 3 9 -2 5 -7 2 -5 6 -4 5 -5 6 -5 7 -4 5 -1 2 -8 0 -2 3 -1 3 -1 2 -8 3 0 7 -3 2 0 2 -8 6 -5 5 -7 2 -1 2 -5 5 -6 9 -9 7 -2 9 -5 1 -1 4 3 0 0 0 0 0 0 0 0 ]
CSI_DATA,AP,68:FE:71:12:53:8C,-31,11,1,7,1,1,1,1,0,0,0,-93,4,6,1,43375611,0,84,0,0,43.376,384,[84 -64 4 0 0 0 0 0 0 0 0 0 -10 -12 -11 -20 -7 -20 -12 -21 -5 -22 -5 -14 -4 -20 -8 -15 -9 -16 -2 -17 -5 -16 -9 -21 -8 -23 -1 -22 -7 -16 -8 -20 -6 -19 -1 -20 -8 -21 -1 -14 1 -16 -1 -21 -3 -12 -4 -16 -3 -14 -6 -21 3 4 -2 -18 -3 -19 -1 -12 -8 -16 -3 -13 -1 -15 -2 -15 -4 -18 -7 -13 -2 -13 -11 -15 -3 -14 -10 -13 -7 -17 -4 -14 -8 -11 -12 -11 -10 -9 -9 -17 -10 -16 -13 -13 -8 -10 -9 -14 -10 -13 -11 -17 -8 -11 0 1 0 0 0 0 0 0 0 0 ]
CSI_DATA,AP,68:FE:71:12:53:8C,-35,11,1,6,1,1,1,0,0,0,0,-94,0,6,1,43444642,0,84,0,0,43.445,384,[84 -64 4 0 0 0 0 0 0 0 0 0 -19 6 -21 7 -21 1 -21 7 -19 4 -23 4 -26 -3 -22 -3 -24 -3 -24 -4 -28 -3 -27 1 -26 -5 -22 0 -27 -2 -25 -4 -25 -2 -19 -1 -23 -5 -19 -2 -22 0 -20 -8 -16 -6 -25 -5 -19 -2 -21 -3 0 4 -18 -6 -25 -4 -19 -3 -23 2 -24 -2 -22 -2 -17 1 -20 2 -22 2 -23 -3 -22 -1 -23 -1 -22 0 -21 0 -21 5 -19 4 -26 1 -20 2 -22 0 -19 8 -20 -1 -25 6 -19 6 -26 7 -21 6 -25 4 -3 -3 0 0 0 0 0 0 0 0 ]
CSI_DATA,AP,68:FE:71:12:53:8C,-31,11,1,7,1,1,1,0,0,0,1,-94,0,6,1,43567633,0,84,0,0,43.568,384,[84 -64 4 0 0 0 0 0 0 0 0 0 5 15 7 16 6 13 11 11 4 13 7 13 5 12 10 14 3 19 10 12 9 21 7 22 3 19 0 18 9 14 4 23 4 22 0 21 3 19 3 13 3 18 2 22 4 12 5 21 7 22 -1 15 0 1 4 19 5 20 5 19 5 14 8 18 5 20 7 13 6 17 8 13 5 14 10 13 4 12 7 21 8 15 8 19 7 12 4 13 8 14 12 11 11 14 6 18 6 15 5 16 10 15 4 17 5 15 3 4 0 0 0 0 0 0 0 0 ]
CSI_DATA,AP,68:FE:71:12:53:8C,-36,11,1,6,1,1,1,1,0,0,0,-94,1,6,1,43653810,0,84,0,0,43.654,384,[84 -64 4 0 0 0 0 0 0 0 0 0 16 1 10 2 8 3 15 1 12 2 12 3 6 8 6 1 13 3 8 6 14 5 8 7 8 8 8 6 6 7 9 9 13 6 6 8 9 7 13 2 12 6 12 5 12 2 11 5 7 6 8 6 -2 -3 10 7 8 7 7 8 9 1 9 8 10 4 13 5 5 -1 6 4 11 -1 8 -2 6 2 11 4 13 0 5 -3 10 -3 9 4 5 -4 8 5 6 -2 13 3 9 -3 10 3 11 -3 12 -2 13 1 4 0 0 0 0 0 0 0 0 0 ]
CSI_DATA,AP,68:FE:71:12:53:8C,-34,11,1,6,1,1,1,0,0,0,0,-94,0,6,1,43780577,0,84,0,0,43.781,384,[82 -96 4 0 0 0 0 0 0 0 0 0 -13 -16 -11 -10 -13 -12 -13 -9 -11 -14 -11 -16 -15 -13 -16 -15 -8 -15 -8 -17 -12 -15 -9 -14 -8 -13 -13 -15 -12 -12 -10 -16 -11 -12 -9 -12 -12 -17 -4 -15 -7 -17 -5 -18 -4 -16 -13 -10 -5 -16 -5 -16 0 2 -6 -9 -12 -8 -8 -9 -8 -15 -12 -9 -7 -12 -14 -10 -7 -9 -14 -7 -14 -7 -9 -13 -7 -6 -12 -9 -11 -5 -12 -10 -11 -6 -15 -7 -11 -8 -14 -7 -12 -11 -11 -11 -16 -6 -10 -8 -10 -9 -13 -5 -15 -7 0 -2 0 0 0 0 0 0 0 0 ]
CSI_DATA,AP,68:FE:71:12:53:8C,-30,11,1,6,1,1,1,0,0,0,0,-93,0,6,1,43876052,0,84,0,0,43.876,384,[84 -64 4 0 0 0 0 0 0 0 0 0 12 14 10 15 10 9 16 15 15 9 8 11 15 13 11 18 7 13 15 11 13 12 6 11 6 17 13 17 11 16 8 12 12 17 12 12 9 14 11 17 8 11 4 17 12 16 10 17 5 18 12 18 -2 2 8 13 13 9 12 9 9 12 9 13 12 11 7 12 12 10 7 13 13 7 8 10 11 14 14 7 13 10 12 10 9 14 15 6 14 6 12 6 11 11 14 7 8 8 13 10 10 7 10 12 10 9 3 -2 0 0 0 0 0 0 0 0 ]
CSI_DATA,AP,68:FE:71:12:53:8C,-32,11,1,7,1,1,1,0,0,0,0,-93,0,6,1,44022679,0,84,0,0,44.023,384,[84 -64 4 0 0 0 0 0 0 0 0 0 -15 -10 -16 -14 -22 -14 -20 -15 -16 -17 -20 -17 -14 -18 -11 -18 -16 -10 -13 -18 -11 -19 -17 -14 -13 -14 -17 -14 -9 -15 -12 -16 -13 -12 -13 -13 -11 -18 -16 -15 -9 -16 -13 -18 -9 -13 -13 -12 -14 -12 -8 -12 0 0 -16 -13 -8 -8 -9 -13 -10 -13 -10 -11 -13 -10 -9 -8 -16 -13 -13 -6 -16 -9 -15 -10 -9 -8 -14 -8 -11 -12 -15 -8 -18 -10 -14 -7 -16 -11 -17 -7 -16 -11 -14 -5 -14 -12 -17 -7 -13 -8 -19 -5 -12 -11 0 -1 0 0 0 0 0 0 0 0 ]
CSI_DATA,AP,68:FE:71:12:53:8C,-31,11,1,7,1,1,1,0,0,0,0,-96,0,6,1,44121399,0,84,0,0,44.121,384,[84 -64 4 0 0 0 0 0 0 0 0 0 -7 14 -10 18 -5 16 -8 16 -9 21 -5 21 -12 20 -6 20 -6 18 -14 20 -11 14 -10 14 -6 17 -7 13 -7 13 -9 18 -12 11 -5 18 -10 10 -7 15 -12 13 -7 17 -6 14 -8 16 -5 16 -6 13 0 -3 -6 15 -6 11 -6 14 -7 16 -3 10 -11 12 -6 15 -8 12 -6 15 -8 17 -4 17 -4 13 -3 11 -6 12 -4 12 0 11 -3 16 -4 12 -6 17 -1 17 -7 18 0 13 0 18 -6 14 0 13 -5 19 3 -3 0 0 0 0 0 0 0 0 ]
CSI_DATA,AP,68:FE:71:12:53:8C,-32,11,1,7,1,1,1,0,0,0,0,-95,0,6,1,44211157,0,84,0,0,44.211,384,[84 -64 4 0 0 0 0 0 0 0 0 0 11 15 7 18 11 19 8 14 4 18 11 19 3 14 7 21 10 18 9 21 5 20 8 19 5 16 1 21 1 19 6 19 2 13 2 14 5 12 4 12 8 20 5 17 6 13 4 13 2 14 6 14 -1 2 7 15 4 18 8 11 8 15 9 11 9 16 9 9 5 8 4 16 3 8 8 8 11 13 5 12 9 11 5 13 7 13 8 8 13 9 10 9 10 11 9 15 12 13 14 13 14 7 13 13 10 13 -4 2 0 0 0 0 0 0 0 0 ]
CSI_DATA,AP,68:FE:71:12:53:8C,-35,11,1,5,1,1,1,0,0,0,0,-95,0,6,1,44324929,0,84,0,0,44.325,384,[84 -64 4 0 0 0 0 0 0 0 0 0 -20 -11 -20 -12 -16 -8 -14 -13 -17 -10 -13 -14 -10 -16 -14 -12 -9 -9 -12 -12 -9 -12 -13 -13 -16 -18 -12 -11 -9 -17 -11 -12 -9 -12 -12 -14 -12 -11 -8 -10 -7 -11 -7 -17 -7 -11 -13 -9 -11 -12 -13 -15 4 -4 -10 -16 -15 -12 -7 -15 -11 -9 -9 -8 -12 -14 -10 -10 -16 -9 -13 -5 -8 -7 -12 -5 -16 -11 -13 -11 -10 -5 -9 -12 -11 -6 -9 -10 -12 -6 -10 -11 -15 -3 -15 -3 -11 -2 -13 -6 -12 -5 -16 -9 -17 -6 1 1 0 0 0 0 0 0 0 0 ]
CSI_DATA,AP,68:FE:71:12:53:8C,-33,11,1,6,1,1,1,1,0,0,0,-96,5,6,1,44435231,0,84,0,0,44.435,384,[84 -64 4 0 0 0 0 0 0 0 0 0 16 7 18 8 14 9 21 10 13 11 14 14 13 15 11 12 15 14 19 14 18 7 16 8 14 9 11 14 13 11 15 16 9 13 16 7 9 12 12 10 10 13 9 11 9 8 9 8 15 10 9 12 3 2 16 13 12 8 15 9 14 11 16 7 11 11 8 7 9 12 11 4 16 8 14 11 11 5 11 7 11 8 11 7 14 6 12 1 11 9 15 5 16 6 17 5 16 6 14 4 11 2 15 6 16 1 0 4 0 0 0 0 0 0 0 0 ]
CSI_DATA,AP,68:FE:71:12:53:8C,-37,11,1,6,1,1,1,0,0,0,0,-93,0,6,1,44527742,0,84,0,0,44.528,384,[84 -64 4 0 0 0 0 0 0 0 0 0 21 -9 16 -6 19 -9 18 -8 22 0 22 -5 22 -5 16 0 17 2 18 -3 22 4 15 1 23 3 21 4 14 -1 15 5 17 -2 19 -2 19 1 13 5 18 -2 17 0 15 1 20 -3 17 -3 17 0 3 0 18 4 16 -2 12 0 16 -3 16 -4 19 -4 11 -2 15 1 19 -1 13 0 15 -6 19 -5 19 2 16 -2 14 0 11 1 15 1 15 -4 11 -1 15 -3 12 -2 12 -5 12 -2 19 -1 15 -7 15 -1 1 3 0 0 0 0 0 0 0 0 ]
CSI_DATA,AP,68:FE:71:12:53:8C,-32,11,1,7,1,1,1,0,0,0,0,-93,0,6,1,44661528,0,84,0,0,44.662,384,[84 -64 4 0 0 0 0 0 0 0 0 0 -17 5 -22 -2 -17 0 -17 1 -20 -1 -18 4 -17 -3 -18 -1 -19 -3 -18 -4 -15 0 -18 -5 -22 -6 -15 -1 -19 1 -22 -3 -20 -2 -21 -3 -15 -7 -19 0 -15 -3 -21 -2 -12 -1 -18 -1 -14 -6 -18 0 1 -1 -15 -3 -20 -4 -16 -4 -16 -3 -19 -1 -18 -1 -17 4 -17 1 -13 5 -16 3 -12 1 -17 -2 -11 3 -14 5 -12 5 -20 8 -19 5 -17 3 -14 6 -14 5 -18 8 -10 3 -16 4 -11 5 -12 5 -12 4 -4 0 0 0 0 0 0 0 0 0 ]
CSI_DATA,AP,68:FE:71:12:53:8C,-31,11,1,7,1,1,1,0,0,0,0,-93,0,6,1,44775642,0,84,0,0,44.776,384,[84 -64 4 0 0 0 0 0 0 0 0 0 -9 -23 -4 -23 -6 -17 -6 -26 -2 -22 -7 -22 -3 -24 -2 -19 -2 -20 0 -22 -1 -21 3 -25 -1 -23 -2 -23 2 -23 -4 -23 1 -22 -4 -15 2 -22 -1 -20 -1 -19 3 -21 1 -14 -2 -17 4 -20 1 -17 3 2 1 -16 -5 -13 -2 -22 1 -15 -2 -19 -2 -20 -5 -13 -2 -14 -6 -18 -8 -12 -7 -21 -2 -15 -6 -20 -3 -18 -1 -13 -8 -21 -7 -19 -3 -17 -7 -20 -3 -14 -5 -19 -6 -19 -8 -21 -3 -20 -11 -14 -11 -19 2 -2 0 0 0 0 0 0 0 0 ]
CSI_DATA,AP,68:FE:71:12:53:8C,-36,11,1,6,1,1,1,0,0,0,0,-95,0,6,1,44884652,0,84,0,0,44.885,384,[84 -64 4 0 0 0 0 0 0 0 0 0 1 19 3 12 6 21 2 16 6 20 1 23 4 19 4 19 5 15 0 13 0 19 -4 16 0 17 -4 17 3 19 -5 13 3 21 4 14 -1 16 3 18 -3 17 0 13 -3 10 -4 16 1 18 -4 16 3 3 4 15 4 12 -2 12 -2 15 2 10 4 15 -1 17 0 12 0 14 0 11 5 11 2 11 2 13 7 12 1 15 7 13 1 16 7 16 3 15 6 17 8 9 5 13 2 13 5 12 6 11 5 14 -1 -1 0 0 0 0 0 0 0 0 ]
CSI_DATA,AP,68:FE:71:12:53:8C,-39,11,1,6,1,1,1,0,0,0,0,-93,0,6,1,44982654,0,84,0,0,44.983,384,[84 -64 4 0 0 0 0 0 0 0 0 0 21 2 22 2 24 0 18 8 22 6 23 7 15 9 19 11 16 3 18 11 15 4 17 11 19 4 15 11 15 7 21 5 15 8 18 12 17 8 15 4 17 6 15 7 17 8 17 11 17 11 12 6 -3 3 17 5 17 10 19 4 11 7 14 3 14 7 18 2 19 6 13 0 17 2 19 0 16 2 16 5 19 3 14 3 16 -2 12 4 16 2 15 2 14 -2 15 -1 12 3 15 0 20 -4 13 0 13 -3 0 4 0 0 0 0 0 0 0 0 ]
CSI_DATA,AP,68:FE:71:12:53:8C,-36,11,1,6,1,1,1,0,0,0,0,-95,0,6,1,45097135,0,84,0,0,45.097,384,[84 -64 4 0 0 0 0 0 0 0 0 0 11 -5 8 -8 5 -7 8 -4 11 -2 5 -1 9 -4 7 -4 13 -2 6 -2 8 -2 9 -5 11 1 6 -4 7 -1 4 -1 9 -4 7 2 6 -1 8 -2 12 -4 12 0 3 -6 5 -2 7 3 9 -6 -3 2 6 -6 5 -1 9 0 9 -3 6 -3 7 0 6 -7 10 0 9 -1 8 -5 9 -2 10 -3 9 -6 4 -1 5 -7 8 -2 9 -8 3 -8 2 -3 5 -6 3 -4 9 -6 5 0 9 -9 5 -5 6 -4 4 -3 0 0 0 0 0 0 0 0 ]
CSI_DATA,AP,68:FE:71:12:53:8C,-31,11,1,6,1,1,1,0,0,0,0,-96,0,6,1,45221898,0,84,0,0,45.222,384,[84 -64 4 0 0 0 0 0 0 0 0 0 15 -12 16 -12 11 -7 12 -9 14 -5 12 -10 16 -11 18 -7 14 -5 13 -3 16 -11 19 -7 17 -8 20 -8 14 -5 20 -5 17 -3 13 -5 13 -9 15 -3 11 -7 15 -1 15 0 17 -7 14 -4 13 -2 3 2 9 0 15 -5 11 -2 9 -5 12 -6 16 -5 15 -3 13 -10 16 -3 12 -11 8 -4 7 -7 11 -10 13 -5 8 -6 10 -8 9 -6 13 -11 13 -11 9 -8 10 -12 11 -12 7 -8 10 -12 12 -10 11 -7 -4 -3 0 0 0 0 0 0 0 0 ]
CSI_DATA,AP,68:FE:71:12:53:8C,-33,11,1,7,1,1,1,0,0,0,0,-95,0,6,1,45336873,0,84,0,0,45.337,384,[84 -64 4 0 0 0 0 0 0 0 0 0 6 -19 0 -16 2 -18 10 -24 3 -21 5 -14 6 -22 5 -15 7 -20 10 -13 13 -17 9 -21 12 -14 12 -14 11 -20 11 -13 8 -12 10 -16 9 -13 12 -15 7 -11 7 -17 11 -11 6 -16 11 -12 9 -16 -4 0 11 -13 11 -19 6 -15 9 -16 7 -18 3 -13 9 -14 3 -17 4 -17 5 -19 2 -15 3 -15 2 -15 1 -16 1 -14 4 -14 4 -17 -1 -21 -2 -20 0 -19 6 -13 2 -18 4 -16 2 -20 -3 -20 -3 -16 2 2 0 0 0 0 0 0 0 0 ]
CSI_DATA,AP,68:FE:71:12:53:8C,-39,11,1,4,1,1,1,0,0,0,1,-95,0,6,1,45426432,0,84,0,0,45.426,384,[84 -64 4 0 0 0 0 0 0 0 0 0 10 12 15 10 10 17 12 17 12 10 8 16 9 19 13 19 13 11 12 17 11 18 5 18 5 13 11 15 7 13 6 14 6 11 4 16 7 11 2 10 6 15 8 15 2 9 9 11 9 15 6 9 -3 -4 11 12 7 17 5 16 7 13 7 8 5 10 8 15 8 15 9 15 6 9 9 8 8 15 9 14 6 10 10 6 8 6 7 6 14 14 12 9 7 11 10 14 15 8 15 8 9 9 7 11 13 7 -1 2 0 0 0 0 0 0 0 0 ]
CSI_DATA,AP,68:FE:71:12:53:8C,-32,11,1,6,1,1,1,0,0,0,0,-94,0,6,1,45519396,0,84,0,0,45.519,384,[84 -64 4 0 0 0 0 0 0 0 0 0 -6 -12 -10 -17 -13 -16 -4 -17 -10 -18 -4 -18 -10 -19 -4 -16 -9 -20 -2 -21 -7 -18 -4 -17 -3 -18 -6 -15 -7 -15 -3 -20 -1 -18 -4 -14 -2 -15 -6 -16 -6 -19 -5 -17 -7 -17 -7 -14 -1 -16 -8 -16 -2 0 -1 -15 -5 -18 -7 -13 -5 -12 -7 -15 -8 -11 -3 -12 -6 -18 -9 -16 -3 -13 -9 -18 -9 -13 -10 -10 -4 -12 -5 -9 -7 -16 -10 -10 -6 -9 -13 -11 -7 -16 -11 -10 -6 -8 -11 -14 -14 -10 -12 -16 -5 -8 2 4 0 0 0 0 0 0 0 0 ]
CSI_DATA,AP,68:FE:71:12:53:8C,-36,11,1,7,1,1,1,1,0,0,0,-94,4,6,1,45621924,0,84,0,0,45.622,384,[84 -64 4 0 0 0 0 0 0 0 0 0 12 17 13 18 9 17 9 14 10 14 5 20 3 14 7 13 7 19 3 14 6 21 9 15 5 17 6 15 5 20 8 18 5 14 5 14 0 17 0 14 4 19 -1 20 5 15 3 17 2 13 2 12 3 -4 3 12 6 17 1 12 5 12 1 13 5 12 10 13 10 14 6 11 2 10 9 15 10 14 8 12 6 14 10 17 5 18 6 16 6 9 12 11 6 8 11 12 9 10 12 14 12 15 7 13 8 11 -4 2 0 0 0 0 0 0 0 0 ]
CSI_DATA,AP,68:FE:71:12:53:8C,-31,11,1,6,1,1,1,1,0,0,0,-95,3,6,1,45757419,0,84,0,0,45.757,384,[84 -64 4 0 0 0 0 0 0 0 0 0 16 9 18 9 20 11 16 14 17 15 10 11 16 13 11 13 14 11 10 14 10 11 11 9 8 12 17 15 15 10 12 11 15 16 12 14 13 12 16 11 13 17 10 11 14 8 11 14 7 9 9 11 2 -4 12 12 14 12 14 6 16 8 12 9 11 12 12 11 13 8 10 10 11 8 16 5 14 11 11 11 12 8 15 3 13 4 17 3 15 4 10 8 10 2 17 8 15 3 11 3 18 3 10 6 12 8 1 -3 0 0 0 0 0 0 0 0 ]
CSI_DATA,AP,68:FE:71:12:53:8C,-31,11,1,6,1,1,1,0,0,0,0,-96,0,6,1,45853144,0,84,0,0,45.853,384,[84 -64 4 0 0 0 0 0 0 0 0 0 -16 10 -18 9 -21 7 -17 14 -13 14 -17 13 -19 11 -21 7 -20 5 -19 3 -17 6 -16 7 -14 8 -20 5 -15 7 -19 8 -22 7 -15 4 -17 8 -19 4 -15 6 -17 5 -19 8 -15 6 -15 5 -16 4 -3 1 -11 5 -17 5 -11 10 -14 6 -10 10 -19 8 -13 9 -14 9 -13 4 -13 10 -14 10 -14 7 -14 7 -12 5 -9 5 -13 8 -11 13 -10 13 -17 7 -16 6 -12 12 -14 10 -14 9 -15 14 -7 9 -12 11 4 -1 0 0 0 0 0 0 0 0 ]
CSI_DATA,AP,68:FE:71:12:53:8C,-37,11,1,6,1,1,1,0,0,0,0,-95,0,6,1,45964255,0,84,0,0,45.964,384,[84 -64 4 0 0 0 0 0 0 0 0 0 3 -25 -4 -20 3 -19 2 -21 1 -21 6 -18 5 -22 -1 -24 4 -24 8 -19 3 -16 8 -20 8 -23 4 -15 6 -16 6 -15 2 -18 4 -21 8 -14 8 -15 9 -20 7 -21 4 -12 0 -20 4 -13 3 -20 4 0 4 -16 3 -14 6 -20 1 -16 4 -19 7 -18 6 -16 2 -13 2 -21 -3 -21 1 -20 4 -15 4 -13 0 -18 2 -14 -1 -18 -4 -13 0 -18 -6 -20 -4 -20 -1 -17 -4 -16 -4 -15 -8 -21 1 -20 -4 -15 -2 0 0 0 0 0 0 0 0 0 ]
CSI_DATA,AP,68:FE:71:12:53:8C,-36,11,1,5,1,1,1,0,0,0,0,-94,0,6,1,46087939,0,84,0,0,46.088,384,[84 -64 4 0 0 0 0 0 0 0 0 0 -23 2 -23 5 -25 1 -20 7 -19 0 -17 0 -23 -2 -23 -3 -24 -4 -18 -3 -24 1 -25 1 -23 3 -21 3 -23 -3 -23 -6 -24 0 -16 0 -15 -4 -15 1 -14 -1 -17 -3 -21 1 -15 -3 -18 -5 -23 -2 0 -3 -14 0 -21 3 -14 2 -17 1 -20 -3 -17 3 -14 -1 -14 -1 -19 -1 -15 1 -15 3 -12 0 -20 0 -14 6 -17 4 -14 -1 -18 5 -15 1 -20 7 -16 8 -16 3 -21 1 -21 1 -20 7 -20 5 -17 2 1 2 0 0 0 0 0 0 0 0 ]
CSI_DATA,AP,68:FE:71:12:53:8C,-34,11,1,5,1,1,1,0,0,0,0,-94,0,6,1,46198878,0,84,0,0,46.199,384,[84 -64 4 0 0 0 0 0 0 0 0 0 20 10 14 6 23 9 16 13 19 9 15 16 12 9 16 16 16 10 12 11 11 12 11 16 12 11 17 14 14 11 14 15 16 15 10 10 11 17 11 15 8 16 15 12 8 13 9 12 10 10 10 11 3 3 16 12 14 12 16 10 11 7 17 8 10 7 11 9 9 6 10 13 14 12 13 4 9 5 14 9 17 7 15 10 13 10 19 9 15 8 10 8 17 9 14 7 13 9 13 9 19 1 15 8 15 6 4 -3 0 0 0 0 0 0 0 0 ]
CSI_DATA,AP,68:FE:71:12:53:8C,-31,11,1,7,1,1,1,0,0,0,0,-93,0,6,1,46301167,0,84,0,0,46.301,384,[84 -64 4 0 0 0 0 0 0 0 0 0 -12 13 -20 11 -20 15 -14 19 -18 13 -20 15 -14 9 -14 14 -18 7 -20 8 -22 7 -24 14 -22 9 -18 8 -16 6 -19 11 -22 8 -16 4 -21 12 -18 11 -17 11 -21 10 -15 10 -16 9 -18 7 -14 3 -4 -1 -17 5 -13 14 -18 10 -11 13 -14 10 -11 9 -18 10 -13 11 -12 9 -14 13 -11 12 -16 9 -10 11 -15 11 -16 14 -12 16 -9 14 -9 12 -9 16 -8 8 -9 16 -7 9 -13 11 -14 11 -9 14 -15 17 -4 0 0 0 0 0 0 0 0 0 ]
CSI_DATA,AP,68:FE:71:12:53:8C,-37,11,1,6,1,1,1,0,0,0,0,-94,0,6,1,46427214,0,84,0,0,46.427,384,[84 -64 4 0 0 0 0 0 0 0 0 0 13 16 16 15 14 16 18 16 19 20 16 16 12 19 16 20 14 20 15 13 15 18 10 18 7 16 8 17 14 15 9 19 7 14 9 16 14 14 9 12 14 16 6 14 6 19 9 18 11 17 10 11 -1 -1 10 12 11 18 13 10 15 13 12 12 8 15 11 13 7 14 16 15 13 8 13 14 15 15 8 7 16 12 14 8 14 12 18 8 14 10 10 11 19 6 15 13 10 9 15 5 15 8 13 12 17 11 -2 3 0 0 0 0 0 0 0 0 ]
CSI_DATA,AP,68:FE:71:12:53:8C,-36,11,1,5,1,1,1,0,0,0,0,-95,0,6,1,46513404,0,84,0,0,46.513,384,[84 -64 4 0 0 0 0 0 0 0 0 0 -3 -18 5 -24 -1 -26 3 -25 1 -20 0 -19 2 -17 5 -18 2 -18 4 -17 6 -21 8 -23 5 -17 10 -20 9 -21 4 -22 5 -21 5 -22 2 -20 9 -16 5 -18 4 -20 3 -14 7 -21 5 -16 5 -18 -1 -4 5 -12 6 -21 4 -14 1 -13 2 -17 5 -15 5 -19 3 -18 -1 -16 7 -15 1 -20 4 -19 4 -14 5 -20 5 -13 1 -18 -3 -20 -2 -13 4 -13 3 -20 2 -15 1 -19 -2 -13 1 -21 -5 -20 -4 -20 4 -2 0 0 0 0 0 0 0 0 ]
CSI_DATA,AP,68:FE:71:12:53:8C,-39,11,1,4,1,1,1,0,0,0,0,-93,0,6,1,46615201,0,84,0,0,46.615,384,[84 -64 4 0 0 0 0 0 0 0 0 0 -2 20 1 22 2 26 0 20 -3 25 0 25 -3 25 0 20 -8 19 -1 19 -3 19 0 19 -8 24 -7 16 -8 19 -7 17 -6 19 -4 14 -11 19 -6 17 -6 21 -2 17 -2 15 -9 19 -2 15 -7 20 -2 4 -4 17 -2 20 -7 14 -3 14 0 16 0 19 -3 20 -3 16 -4 20 -2 13 -4 13 0 20 -2 19 -2 16 3 18 -4 21 -3 20 3 21 4 14 -1 20 4 20 -4 19 0 21 4 19 -2 12 3 17 -1 -4 0 0 0 0 0 0 0 0 ]
CSI_DATA,AP,68:FE:71:12:53:8C,-37,11,1,6,1,1,1,0,0,0,0,-94,0,6,1,46715803,0,84,0,0,46.716,384,[84 -64 4 0 0 0 0 0 0 0 0 0 -3 -24 -1 -22 -7 -23 1 -25 -1 -25 -4 -22 4 -18 1 -25 -2 -18 3 -21 -3 -22 -3 -20 5 -25 5 -18 5 -22 2 -23 4 -18 1 -18 7 -15 3 -17 -1 -18 5 -23 7 -18 2 -17 5 -16 1 -23 -2 3 2 -15 -2 -21 -2 -23 -3 -20 3 -22 4 -20 -3 -17 -1 -17 -2 -21 1 -19 0 -15 2 -14 1 -15 -2 -21 -2 -21 -1 -21 -3 -22 -7 -14 -4 -17 0 -17 -3 -17 -5 -18 -8 -14 -4 -15 -4 -14 -8 -22 0 -4 0 0 0 0 0 0 0 0 ]
CSI_DATA,AP,68:FE:71:12:53:8C,-33,11,1,7,1,1,1,0,0,0,0,-94,0,6,1,46783997,0,84,0,0,46.784,384,[84 -64 4 0 0 0 0 0 0 0 0 0 -17 16 -16 13 -18 10 -21 17 -21 11 -17 11 -16 11 -18 13 -17 10 -19 10 -20 9 -19 13 -17 10 -19 6 -18 10 -20 7 -17 8 -19 9 -18 3 -22 10 -18 3 -15 3 -19 5 -22 5 -20 4 -18 6 -1 -2 -18 11 -21 6 -13 7 -16 13 -13 6 -14 10 -18 5 -16 7 -11 12 -18 8 -11 8 -18 12 -14 8 -10 14 -18 8 -13 10 -14 8 -12 16 -15 8 -16 10 -15 15 -12 13 -13 12 -9 10 -15 17 -10 13 1 -3 0 0 0 0 0 0 0 0 ]
CSI_DATA,AP,68:FE:71:12:53:8C,-32,11,1,7,1,1,1,0,0,0,0,-93,0,6,1,46895428,0,84,0,0,46.895,384,[84 -64 4 0 0 0 0 0 0 0 0 0 -17 -6 -22 -7 -25 -5 -22 -11 -20 -12 -15 -11 -17 -12 -19 -9 -21 -6 -16 -9 -15 -14 -14 -7 -22 -10 -20 -12 -16 -16 -17 -7 -12 -9 -11 -13 -17 -12 -14 -14 -11 -13 -11 -10 -16 -6 -13 -9 -13 -10 -12 -14 -1 1 -19 -12 -20 -8 -14 -12 -16 -4 -17 -9 -14 -7 -16 -5 -18 -6 -19 -11 -19 -3 -14 -5 -17 -4 -20 -8 -18 -8 -13 -5 -21 0 -21 -4 -19 -3 -19 1 -13 -1 -16 -5 -21 -6 -15 -4 -15 -2 -16 -3 -19 1 2 4 0 0 0 0 0 0 0 0 ]
CSI_DATA,AP,68:FE:71:12:53:8C,-31,11,1,6,1,1,1,0,0,0,0,-96,0,6,1,46991991,0,84,0,0,46.992,384,[84 -64 4 0 0 0 0 0 0 0 0 0 -7 -19 -13 -16 -6 -18 -12 -22 -11 -17 -7 -17 -7 -20 -7 -15 -2 -23 -5 -22 -6 -23 -9 -20 -7 -16 -2 -24 -2 -15 -5 -19 0 -15 0 -18 -3 -18 -6 -16 2 -17 -5 -19 -6 -21 -5 -22 -3 -18 0 -19 -2 -2 -5 -17 -1 -20 -6 -19 -1 -13 0 -16 -3 -16 -9 -16 -5 -13 -10 -12 -9 -11 -8 -15 -4 -11 -9 -11 -3 -19 -11 -16 -10 -18 -13 -14 -8 -15 -11 -18 -7 -10 -5 -14 -7 -14 -7 -16 -6 -13 -8 -11 -9 -17 -4 1 0 0 0 0 0 0 0 0 ]
CSI_DATA,AP,68:FE:71:12:53:8C,-33,11,1,6,1,1,1,0,0,0,0,-94,0,6,1,47087988,0,84,0,0,47.088,384,[84 -64 4 0 0 0 0 0 0 0 0 0 3 19 5 17 9 22 7 17 1 21 3 23 5 24 -1 18 -2 24 1 18 -4 20 4 19 3 20 -2 22 -5 17 0 23 2 17 2 21 0 19 -3 19 -6 17 -3 20 -2 15 -3 18 3 14 -4 15 0 1 1 15 -1 20 4 12 -3 19 5 15 -1 15 3 20 1 11 2 15 4 16 6 17 2 19 2 12 4 18 6 17 7 16 1 14 3 14 5 12 7 15 1 13 3 15 5 19 11 18 8 12 10 11 -2 4 0 0 0 0 0 0 0 0 ]
CSI_DATA,AP,68:FE:71:12:53:8C,-30,11,1,6,1,1,1,0,0,0,0,-95,0,6,1,47192521,0,84,0,0,47.193,384,[84 -64 4 0 0 0 0 0 0 0 0 0 18 18 17 14 17 12 17 15 15 15 10 12 8 18 8 12 8 17 9 13 9 17 7 20 6 15 6 22 10 22 9 22 4 13 10 18 12 16 6 15 6 19 9 13 9 18 3 20 12 17 10 20 2 -1 9 15 8 11 12 13 9 16 8 16 8 13 11 10 14 15 8 9 14 16 8 14 11 9 15 9 11 9 10 12 13 14 13 12 10 10 8 9 11 6 11 6 16 10 11 9 11 14 17 14 11 5 0 -2 0 0 0 0 0 0 0 0 ]
CSI_DATA,AP,68:FE:71:12:53:8C,-33,11,1,6,1,1,1,0,0,0,0,-93,0,6,1,47289018,0,84,0,0,47.289,384,[84 -64 4 0 0 0 0 0 0 0 0 0 15 7 19 8 22 12 20 8 18 11 19 12 17 10 17 10 15 8 16 12 12 15 17 11 18 11 15 15 14 9 11 11 16 10 12 11 11 7 13 10 8 11 18 14 15 10 16 11 10 10 18 7 3 2 10 7 14 9 15 14 17 9 9 8 10 12 11 7 11 11 16 11 16 5 18 7 15 7 13 6 18 7 14 7 16 8 20 7 16 4 11 2 17 0 17 9 15 1 17 7 21 7 20 8 17 3 3 -3 0 0 0 0 0 0 0 0 ]
CSI_DATA,AP,68:FE:71:12:53:8C,-36,11,1,6,1,1,1,0,0,0,0,-96,0,6,1,47428615,0,84,0,0,47.429,384,[84 -64 4 0 0 0 0 0 0 0 0 0 17 16 11 11 17 16 15 17 15 12 11 16 15 19 15 17 14 19 8 19 13 15 12 13 12 19 16 19 14 18 13 21 8 16 12 18 7 19 13 16 6 18 10 11 11 14 8 15 7 14 13 18 0 3 14 9 11 14 12 11 15 15 14 13 11 16 14 15 15 14 8 7 9 14 13 13 14 13 9 14 14 7 12 13 10 14 16 9 12 12 12 12 17 7 13 7 10 12 17 4 13 10 16 10 17 4 2 1 0 0 0 0 0 0 0 0 ]
CSI_DATA,AP,68:FE:71:12:53:8C,-31,11,1,7,1,1,1,0,0,0,0,-95,0,6,1,47538226,0,84,0,0,47.538,384,[84 -64 4 0 0 0 0 0 0 0 0 0 15 -19 12 -15 14 -19 13 -14 13 -13 17 -13 15 -15 12 -13 15 -12 16 -13 19 -14 13 -17 19 -15 11 -15 15 -15 18 -11 18 -9 10 -10 10 -12 11 -9 17 -11 12 -10 16 -6 18 -12 18 -15 18 -16 -4 3 14 -11 11 -15 14 -11 11 -15 10 -15 13 -13 12 -12 11 -13 9 -15 11 -12 7 -16 9 -12 6 -15 13 -16 9 -17 5 -15 6 -17 11 -19 5 -12 3 -12 11 -15 12 -16 6 -13 7 -20 3 -19 5 -18 -4 0 0 0 0 0 0 0 0 0 ]
CSI_DATA,AP,68:FE:71:12:53:8C,-34,11,1,7,1,1,1,0,0,0,0,-95,0,6,1,47612416,0,84,0,0,47.612,384,[84 -64 4 0 0 0 0 0 0 0 0 0 9 -15 7 -18 8 -22 7 -18 13 -21 11 -16 11 -21 11 -13 12 -14 9 -13 10 -19 16 -14 14 -19 14 -19 12 -10 17 -15 13 -10 9 -14 13 -17 16 -16 12 -9 15 -11 10 -9 14 -13 10 -13 7 -14 -3 1 12 -13 11 -10 9 -16 8 -11 9 -13 12 -11 6 -12 10 -17 13 -10 4 -17 7 -14 2 -11 2 -17 3 -11 4 -17 11 -19 10 -19 4 -13 10 -14 8 -11 8 -12 7 -18 7 -20 3 -19 3 -13 0 -19 4 1 0 0 0 0 0 0 0 0 ]
CSI_DATA,AP,68:FE:71:12:53:8C,-33,11,1,7,1,1,1,0,0,0,0,-94,0,6,1,47698499,0,84,0,0,47.698,384,[84 -64 4 0 0 0 0 0 0 0 0 0 16 12 18 11 15 13 12 14 8 15 9 16 15 22 10 17 10 19 13 21 13 16 14 16 5 18 4 19 9 21 10 22 6 15 8 18 11 19 5 12 8 20 4 20 6 18 5 19 5 16 4 12 0 2 9 16 5 19 11 17 5 14 4 18 5 18 9 16 8 10 13 14 6 15 15 11 6 11 14 14 11 15 14 13 10 9 9 12 11 9 8 10 9 14 9 16 9 14 8 10 10 8 11 10 16 7 -2 3 0 0 0 0 0 0 0 0 ]
CSI_DATA,AP,68:FE:71:12:53:8C,-31,11,1,7,1,1,1,0,0,0,0,-94,0,6,1,47780533,0,84,0,0,47.781,384,[84 -64 4 0 0 0 0 0 0 0 0 0 -18 8 -20 5 -22 8 -24 8 -16 7 -17 7 -21 5 -17 7 -18 3 -15 3 -22 4 -22 6 -21 0 -21 9 -17 6 -23 6 -18 8 -15 6 -21 2 -19 7 -15 0 -20 7 -13 -1 -23 7 -21 7 -14 3 -4 3 -17 3 -14 8 -19 6 -13 9 -20 6 -18 2 -13 6 -13 1 -16 3 -10 5 -18 10 -17 6 -18 7 -14 10 -12 7 -15 11 -18 10 -18 13 -14 8 -15 10 -18 6 -12 10 -12 13 -14 11 -18 11 -14 11 -4 -4 0 0 0 0 0 0 0 0 ]
CSI_DATA,AP,68:FE:71:12:53:8C,-35,11,1,6,1,1,1,1,0,0,0,-94,3,6,1,47880536,0,84,0,0,47.881,384,[84 -64 4 0 0 0 0 0 0 0 0 0 15 16 8 14 13 20 10 16 15 16 9 21 10 14 5 17 9 19 6 18 7 16 5 20 11 21 9 22 7 20 9 16 3 15 9 18 10 15 8 20 9 16 9 18 4 15 3 19 8 16 8 11 -2 1 10 12 9 16 6 15 10 17 7 17 11 13 10 15 11 15 11 11 12 9 14 11 11 9 8 17 11 12 13 16 10 12 11 9 9 12 11 8 11 14 15 14 7 9 8 10 10 9 12 14 10 7 -3 -3 0 0 0 0 0 0 0 0 ]
CSI_DATA,AP,68:FE:71:12:53:8C,-34,11,1,7,1,1,1,0,0,0,0,-94,0,6,1,47990352,0,84,0,0,47.99,384,[84 -64 4 0 0 0 0 0 0 0 0 0 2 -21 1 -25 1 -19 3 -28 2 -23 6 -24 5 -21 -1 -23 5 -18 2 -25 9 -24 3 -20 7 -20 5 -25 6 -19 4 -24 5 -23 6 -17 9 -23 8 -23 8 -16 3 -15 9 -18 6 -14 7 -16 7 -18 4 0 3 -18 5 -21 2 -15 3 -22 4 -16 2 -17 2 -20 -3 -19 -1 -20 -1 -18 3 -21 -2 -17 -2 -14 2 -15 -1 -20 -2 -21 1 -16 -6 -17 -3 -20 -3 -16 1 -19 0 -15 -2 -15 -1 -23 -4 -19 -2 -20 -4 3 0 0 0 0 0 0 0 0 ]
CSI_DATA,AP,68:FE:71:12:53:8C,-34,11,1,7,1,1,1,1,0,0,0,-94,3,6,1,48064303,0,84,0,0,48.064,384,[84 -64 4 0 0 0 0 0 0 0 0 0 16 -13 16 -15 14 -11 20 -13 20 -13 19 -12 17 -8 17 -13 15 -7 16 -8 13 -12 14 -9 14 -5 13 -8 11 -7 12 -4 11 -11 18 -7 19 -5 12 -10 17 -3 10 -8 10 -3 13 -8 15 -8 15 -4 0 3 16 -5 10 -5 16 -12 11 -5 16 -13 9 -10 14 -7 8 -11 10 -6 10 -12 10 -6 6 -10 11 -10 10 -12 15 -7 7 -11 12 -12 11 -13 7 -12 9 -17 8 -14 6 -10 8 -15 6 -11 7 -12 9 -14 2 0 0 0 0 0 0 0 0 0 ]
CSI_DATA,AP,68:FE:71:12:53:8C,-34,11,1,5,1,1,1,0,0,0,0,-95,0,6,1,48146448,0,84,0,0,48.146,384,[84 -64 4 0 0 0 0 0 0 0 0 0 -19 18 -14 15 -16 16 -20 16 -16 11 -15 10 -19 15 -19 6 -19 12 -13 14 -16 12 -22 8 -22 12 -22 11 -17 10 -18 11 -17 7 -15 9 -14 4 -19 6 -19 6 -21 4 -12 4 -16 12 -18 5 -17 9 2 -2 -15 11 -14 11 -17 5 -12 9 -16 8 -11 13 -16 6 -17 8 -10 7 -9 14 -13 16 -16 7 -15 13 -15 13 -11 8 -16 11 -10 15 -8 8 -12 11 -8 13 -14 9 -14 10 -12 9 -12 11 -15 16 -14 16 -2 1 0 0 0 0 0 0 0 0 ]
CSI_DATA,AP,68:FE:71:12:53:8C,-40,11,1,5,1,1,1,0,0,0,0,-95,0,6,1,48267245,0,84,0,0,48.267,384,[84 -64 4 0 0 0 0 0 0 0 0 0 9 17 15 17 9 14 7 14 7 19 10 18 11 19 10 17 8 19 4 19 9 19 7 16 8 12 2 13 7 14 8 18 7 13 4 12 7 13 6 15 6 13 1 15 6 16 6 16 4 15 7 15 2 -4 5 12 9 17 4 12 4 7 3 15 2 13 4 11 7 7 2 10 9 13 6 7 3 9 6 13 7 8 7 10 6 14 11 5 6 11 9 5 7 8 10 11 11 11 7 6 10 12 12 12 11 4 3 0 0 0 0 0 0 0 0 0 ]
CSI_DATA,AP,68:FE:71:12:53:8C,-37,11,1,6,1,1,1,0,0,0,0,-96,0,6,1,48374126,0,84,0,0,48.374,384,[84 -64 4 0 0 0 0 0 0 0 0 0 15 3 17 -4 14 -3 17 5 14 -2 17 6 15 1 17 5 14 5 14 6 20 7 19 1 17 0 12 6 16 6 13 10 16 8 10 5 17 3 18 2 17 5 12 7 11 0 11 7 17 7 10 6 2 -2 16 -1 15 1 12 2 15 1 14 0 10 0 10 3 11 5 10 5 11 4 16 0 13 0 11 -3 16 -5 17 2 14 -2 14 1 17 -1 14 -1 16 0 14 -4 13 -6 15 -2 16 -1 11 -4 16 -3 -4 -2 0 0 0 0 0 0 0 0 ]
CSI_DATA,AP,68:FE:71:12:53:8C,-36,11,1,6,1,1,1,0,0,0,0,-94,0,6,1,48501091,0,84,0,0,48.501,384,[84 -64 4 0 0 0 0 0 0 0 0 0 4 -9 4 -11 11 -13 9 -9 7 -9 11 -10 12 -10 11 -7 10 -7 6 -12 6 -10 11 -8 8 -10 9 -6 6 -8 12 -12 14 -4 5 -4 13 -11 10 -9 6 -11 10 -9 8 -7 5 -11 13 -10 10 -11 1 0 6 -3 11 -13 8 -12 10 -9 6 -7 3 -8 3 -7 3 -4 10 -5 8 -13 5 -7 6 -9 2 -11 6 -12 2 -9 9 -13 6 -11 3 -13 1 -7 6 -10 5 -9 6 -8 6 -14 2 -6 9 -8 1 -6 -1 0 0 0 0 0 0 0 0 0 ]
CSI_DATA,AP,68:FE:71:12:53:8C,-31,11,0,0,0,0,0,1,0,0,0,-93,2,6,1,48627940,0,37,0,0,48.628,128,[84 -64 4 0 0 0 0 0 0 0 0 0 5 -8 5 -4 4 -9 7 -4 5 -6 3 -4 8 -8 7 -1 5 -2 2 -8 5 -8 3 -10 10 -10 6 -7 7 -5 9 -2 9 -1 3 -8 9 -1 9 -2 5 0 3 -1 1 -1 4 -3 4 -2 6 -1 1 3 10 -7 6 -5 2 0 3 -1 5 0 10 -5 7 -1 7 -2 4 -5 4 -1 3 -5 4 -9 5 -6 5 -3 5 -2 7 -3 3 -6 2 -2 8 -6 8 -9 1 -2 5 -7 3 -2 4 -10 1 -10 3 -4 -1 -2 0 0 0 0 0 0 0 0 ]
CSI_DATA,AP,68:FE:71:12:53:8C,-36,11,1,6,1,1,1,0,0,0,0,-94,0,6,1,48717507,0,84,0,0,48.718,384,[84 -64 4 0 0 0 0 0 0 0 0 0 4 17 7 10 8 18 8 13 7 14 -1 17 1 15 6 11 -1 15 2 13 5 17 1 11 0 12 -1 18 1 11 -3 17 0 14 0 17 4 14 -3 10 -2 16 -3 13 -2 16 2 14 -4 18 3 10 -4 -2 3 10 -3 16 5 16 3 11 4 13 2 8 4 14 3 15 3 17 3 8 0 14 7 16 5 13 -1 9 4 11 3 14 4 13 5 16 5 17 0 15 1 10 0 17 1 16 4 13 7 12 4 9 -2 2 0 0 0 0 0 0 0 0 ]
CSI_DATA,AP,68:FE:71:12:53:8C,-33,11,1,7,1,1,1,0,0,0,0,-95,0,6,1,48831639,0,84,0,0,48.832,384,[84 -64 4 0 0 0 0 0 0 0 0 0 -4 -19 -5 -21 -11 -23 -6 -18 -7 -24 -7 -25 -3 -18 -4 -20 -7 -21 1 -23 -6 -26 -2 -26 1 -20 -3 -21 0 -21 -2 -22 3 -15 -3 -18 1 -21 2 -21 1 -17 1 -17 -4 -17 2 -18 2 -16 2 -15 3 4 0 -19 -4 -19 1 -16 -5 -18 1 -18 -6 -19 -2 -19 -2 -18 -3 -12 -1 -12 -5 -15 -1 -15 -6 -17 -6 -12 -2 -14 -5 -14 -8 -15 -8 -14 -8 -14 -9 -11 -10 -12 -6 -15 -5 -19 -12 -18 -11 -11 -8 -16 1 -4 0 0 0 0 0 0 0 0 ]
CSI_DATA,AP,68:FE:71:12:53:8C,-32,11,1,7,1,1,1,0,0,0,0,-93,0,6,1,48936479,0,84,0,0,48.936,384,[84 -64 4 0 0 0 0 0 0 0 0 0 -10 12 -9 14 -13 13 -9 16 -15 12 -14 11 -11 11 -10 8 -14 11 -10 8 -14 13 -12 8 -8 14 -15 6 -13 8 -13 9 -10 5 -11 7 -14 7 -14 5 -8 10 -6 3 -8 9 -10 12 -9 7 -8 10 -2 -2 -12 11 -11 12 -5 6 -5 7 -9 5 -5 7 -5 12 -10 7 -9 13 -7 11 -3 6 -8 9 -5 6 0 5 -4 9 -4 8 -2 7 -1 14 -3 8 -2 8 -2 15 -3 13 1 12 -5 15 -2 9 1 13 3 -1 0 0 0 0 0 0 0 0 ]
CSI_DATA,AP,68:FE:71:12:53:8C,-30,11,1,6,1,1,1,0,0,0,0,-95,0,6,1,49059118,0,84,0,0,49.059,384,[84 -64 4 0 0 0 0 0 0 0 0 0 7 -27 12 -22 14 -21 17 -20 17 -20 12 -19 19 -22 13 -18 13 -20 16 -20 13 -17 14 -16 15 -13 12 -17 10 -10 11 -11 8 -12 10 -17 14 -11 6 -14 5 -13 6 -13 5 -9 11 -9 11 -10 3 -13 -1 -3 9 -8 8 -12 9 -17 -1 -15 -1 -13 3 -11 3 -15 0 -18 -2 -17 -3 -15 3 -14 -1 -10 0 -17 2 -17 -1 -13 -5 -13 1 -10 -4 -12 -4 -10 -2 -14 -5 -10 -7 -12 -2 -15 -2 -13 -9 -13 -2 -13 4 1 0 0 0 0 0 0 0 0 ]
CSI_DATA,AP,68:FE:71:12:53:8C,-35,11,1,7,1,1,1,0,0,0,0,-95,0,6,1,49163495,0,84,0,0,49.163,384,[84 -64 4 0 0 0 0 0 0 0 0 0 -12 -34 -8 -31 -11 -28 -3 -38 -5 -30 -2 -31 -1 -25 -2 -31 -2 -29 1 -29 3 -24 2 -31 -4 -23 0 -29 3 -22 2 -20 -4 -19 -1 -16 0 -24 -2 -20 -1 -16 -5 -22 -2 -20 -3 -21 -2 -14 -4 -17 0 -4 -8 -18 -8 -19 -5 -14 -5 -16 -4 -12 -5 -15 -6 -15 -6 -15 -8 -8 -9 -7 -10 -7 -7 -14 -6 -13 -5 -10 -12 -8 -7 -4 -8 -12 -11 -4 -14 -6 -10 -5 -7 -4 -8 -10 -11 -2 -16 -4 -14 -1 -10 -6 4 -2 0 0 0 0 0 0 0 0 ]
CSI_DATA,AP,68:FE:71:12:53:8C,-38,11,0,0,0,0,0,0,0,0,0,-93,0,6,1,49258832,0,37,0,0,49.259,128,[84 -64 4 0 0 0 0 0 0 0 0 0 9 15 9 16 7 15 14 15 12 17 6 13 7 20 8 16 3 19 4 13 9 22 4 17 7 18 3 12 6 17 10 15 8 17 1 17 4 10 5 16 9 14 3 19 4 12 4 18 9 14 8 17 3 -4 9 12 6 17 2 15 11 10 9 15 3 15 3 12 9 15 4 13 9 10 6 11 6 12 10 10 13 7 10 14 12 9 9 15 9 11 14 9 9 9 12 12 9 14 7 10 9 14 14 7 9 8 3 -4 0 0 0 0 0 0 0 0 ]
CSI_DATA,AP,68:FE:71:12:53:8C,-37,11,1,6,1,1,1,0,0,0,0,-95,0,6,1,49359556,0,84,0,0,49.36,384,[84 -64 4 0 0 0 0 0 0 0 0 0 -5 12 -5 10 -12 16 -7 12 -12 13 -11 10 -7 9 -6 7 -12 10 -12 12 -11 11 -9 11 -10 12 -10 15 -10 6 -14 14 -8 12 -7 7 -8 12 -5 11 -10 6 -7 6 -6 7 -9 6 -12 13 -5 14 -1 3 -9 7 -7 11 -4 13 -10 14 -9 11 -6 8 -11 14 -10 13 -5 12 -3 11 -8 12 -3 8 -10 9 -10 10 -3 10 -8 17 -10 10 -4 15 -4 10 -2 14 -9 14 -3 9 -8 10 -4 15 -2 16 -4 14 4 1 0 0 0 0 0 0 0 0 ]
CSI_DATA,AP,68:FE:71:12:53:8C,-33,11,1,7,1,1,1,0,0,0,0,-93,0,6,1,49464049,0,84,0,0,49.464,384,[84 -64 4 0 0 0 0 0 0 0 0 0 0 -20 -1 -18 -5 -23 -5 -25 -1 -23 -1 -23 -1 -25 -3 -21 1 -20 2 -19 -1 -20 -2 -29 4 -21 3 -29 1 -28 -1 -24 4 -23 7 -18 1 -20 5 -24 0 -24 3 -23 5 -24 0 -20 -1 -21 -2 -21 4 1 -1 -24 -1 -26 2 -22 -2 -18 2 -22 3 -24 2 -20 -3 -20 -3 -20 3 -18 -1 -26 2 -18 -5 -19 -4 -22 -4 -22 2 -27 -2 -24 -3 -24 -4 -27 -2 -19 -6 -27 -1 -25 -5 -28 -5 -27 -7 -20 -3 -19 1 -3 0 0 0 0 0 0 0 0 ]
CSI_DATA,AP,68:FE:71:12:53:8C,-37,11,1,5,1,1,1,0,0,0,0,-95,0,6,1,49557147,0,84,0,0,49.557,384,[84 -64 4 0 0 0 0 0 0 0 0 0 -10 -7 -8 -7 -13 -9 -14 -6 -16 -13 -13 -9 -12 -9 -11 -13 -8 -8 -10 -16 -10 -13 -9 -15 -7 -16 -9 -16 -5 -14 -12 -10 -7 -17 -13 -10 -5 -8 -12 -9 -4 -16 -7 -15 -12 -15 -10 -12 -8 -17 -8 -15 1 2 -7 -10 -13 -9 -9 -12 -13 -12 -10 -8 -6 -12 -9 -9 -15 -7 -10 -11 -8 -14 -12 -10 -14 -13 -13 -8 -11 -10 -16 -8 -10 -10 -11 -13 -14 -11 -12 -10 -11 -11 -15 -7 -11 -13 -12 -14 -15 -12 -13 -10 -10 -11 0 1 0 0 0 0 0 0 0 0 ]
CSI_DATA,AP,68:FE:71:12:53:8C,-31,11,1,7,1,1,1,0,0,0,0,-95,0,6,1,49671678,0,84,0,0,49.672,384,[84 -64 4 0 0 0 0 0 0 0 0 0 -17 -8 -22 -14 -18 -14 -22 -9 -15 -14 -18 -11 -18 -15 -21 -12 -20 -17 -20 -15 -14 -20 -17 -19 -16 -19 -19 -19 -15 -19 -13 -22 -19 -15 -17 -21 -15 -15 -11 -20 -15 -14 -12 -20 -12 -14 -17 -15 -11 -23 -14 -19 -1 -3 -15 -15 -14 -19 -14 -14 -13 -15 -15 -18 -12 -14 -12 -20 -17 -17 -12 -18 -21 -16 -21 -12 -15 -12 -14 -18 -20 -14 -14 -16 -18 -14 -19 -17 -15 -10 -15 -15 -21 -10 -21 -10 -22 -11 -19 -9 -17 -12 -14 -12 -16 -13 1 3 0 0 0 0 0 0 0 0 ]
CSI_DATA,AP,68:FE:71:12:53:8C,-34,11,1,7,1,1,1,0,0,0,1,-96,0,6,1,49772557,0,84,0,0,49.773,384,[84 -64 4 0 0 0 0 0 0 0 0 0 -13 -7 -14 -8 -12 -3 -19 -7 -18 -6 -13 -8 -11 -11 -11 -11 -14 -12 -19 -13 -14 -11 -14 -11 -18 -8 -16 -16 -17 -9 -13 -14 -16 -11 -14 -8 -12 -13 -14 -15 -15 -18 -15 -15 -15 -14 -11 -10 -17 -15 -16 -9 1 -2 -15 -12 -18 -16 -19 -17 -16 -7 -12 -11 -12 -11 -12 -10 -17 -11 -11 -11 -20 -7 -17 -8 -17 -10 -17 -11 -18 -9 -20 -10 -19 -8 -17 -9 -15 -10 -15 -7 -14 -8 -17 -8 -19 -7 -15 -10 -20 -9 -15 -9 -13 -7 -3 -3 0 0 0 0 0 0 0 0 ]
CSI_DATA,AP,68:FE:71:12:53:8C,-36,11,1,6,1,1,1,0,0,0,0,-95,0,6,1,49869461,0,84,0,0,49.869,384,[84 -64 4 0 0 0 0 0 0 0 0 0 -23 6 -16 6 -17 8 -20 9 -22 11 -20 9 -15 10 -17 3 -17 4 -19 9 -24 6 -20 9 -25 1 -24 4 -20 0 -17 2 -19 2 -17 6 -15 4 -14 6 -17 2 -21 2 -17 5 -18 4 -17 4 -22 0 2 -2 -13 0 -16 1 -16 1 -20 7 -16 2 -11 7 -15 5 -11 10 -17 11 -11 4 -16 9 -16 7 -16 11 -17 7 -12 12 -16 4 -12 9 -16 7 -15 7 -12 9 -10 9 -14 5 -14 8 -15 7 -11 8 -16 8 3 4 0 0 0 0 0 0 0 0 ]
CSI_DATA,AP,68:FE:71:12:53:8C,-38,11,1,5,1,1,1,0,0,0,0,-95,0,6,1,50019677,0,84,0,0,50.02,384,[82 -96 4 0 0 0 0 0 0 0 0 0 19 -9 20 -10 20 -9 17 -10 15 -9 14 -11 18 -8 21 -6 22 -8 15 -4 17 -2 21 -9 19 -9 16 -3 14 -6 14 -2 19 -4 14 -9 18 -2 21 0 19 -1 17 -1 14 -4 16 -4 16 -5 15 -8 -2 -4 13 -2 18 -7 13 -1 11 -6 11 -4 9 -9 11 -3 9 -6 13 -8 14 -8 14 -5 11 -10 14 -6 9 -10 12 -8 13 -12 13 -5 14 -10 15 -12 9 -13 8 -5 12 -9 14 -12 10 -11 9 -10 11 -14 1 3 0 0 0 0 0 0 0 0 ]
CSI_DATA,AP,68:FE:71:12:53:8C,-31,11,1,7,1,1,1,0,0,0,0,-95,0,6,1,50118728,0,84,0,0,50.119,384,[84 -64 4 0 0 0 0 0 0 0 0 0 15 7 19 6 14 10 12 8 11 13 19 8 12 8 14 8 12 11 12 14 11 8 16 8 14 13 8 15 15 10 14 10 10 15 9 14 10 8 8 11 8 8 15 8 14 10 11 14 11 10 8 10 3 0 13 13 14 6 8 6 13 13 10 13 11 13 11 7 10 6 10 5 16 4 16 5 12 5 14 8 9 7 13 5 12 8 13 10 16 10 15 7 12 10 16 10 18 9 16 2 13 8 15 9 13 6 -1 -2 0 0 0 0 0 0 0 0 ]
CSI_DATA,AP,68:FE:71:12:53:8C,-30,11,1,6,1,1,1,0,0,0,0,-96,0,6,1,50208341,0,84,0,0,50.208,384,[84 -64 4 0 0 0 0 0 0 0 0 0 19 -5 22 -9 17 -5 18 0 20 -5 17 -5 23 -3 17 1 23 1 18 -4 23 -2 15 -3 19 2 20 1 22 4 18 -1 20 -1 20 4 18 -2 16 1 16 -3 21 1 14 0 21 2 14 1 20 -2 2 -4 13 1 14 1 13 1 14 -5 15 -5 12 -3 19 -2 11 1 12 -3 11 0 12 -8 12 -1 18 -7 15 -7 14 -3 15 -6 15 -1 17 -8 13 -6 14 -7 15 -7 13 -5 18 -5 14 -8 14 -12 10 -9 -1 1 0 0 0 0 0 0 0 0 ]
CSI_DATA,AP,68:FE:71:12:53:8C,-36,11,1,5,1,1,1,0,0,0,0,-95,0,6,1,50324081,0,82,0,0,50.324,384,[84 -64 4 0 0 0 0 0 0 0 0 0 -20 -4 -21 -4 -16 -2 -21 2 -21 -3 -16 -6 -18 -4 -23 -8 -15 -7 -19 -5 -16 -9 -18 -2 -23 -9 -21 -3 -20 -5 -14 -4 -21 -9 -18 -8 -19 -7 -14 -8 -13 -9 -16 -4 -13 -4 -12 -1 -16 -2 -17 -1 0 2 -12 0 -20 0 -19 -4 -12 -4 -13 -4 -18 -1 -12 -6 -12 2 -19 -4 -16 -1 -19 3 -17 0 -13 2 -17 2 -11 0 -12 -3 -15 0 -17 4 -14 -1 -12 0 -15 -1 -15 1 -18 5 -18 -1 -14 5 -13 7 1 -1 0 0 0 0 0 0 0 0 ]
CSI_DATA,AP,68:FE:71:12:53:8C,-36,11,1,5,1,1,1,0,0,0,0,-96,0,6,1,50435392,0,84,0,0,50.435,384,[84 -64 4 0 0 0 0 0 0 0 0 0 18 8 12 6 16 13 14 14 13 10 10 12 13 11 9 16 13 13 16 13 12 17 14 16 10 15 13 13 15 13 15 18 13 10 14 15 14 9 10 9 13 12 7 13 12 15 13 9 12 14 9 10 4 0 9 12 9 12 8 9 9 15 14 7 13 7 14 7 7 11 12 9 7 11 14 10 11 8 15 9 7 12 12 5 15 11 9 7 10 6 10 6 15 4 11 10 14 5 14 4 12 5 10 9 12 2 2 1 0 0 0 0 0 0 0 0 ]
CSI_DATA,AP,68:FE:71:12:53:8C,-33,11,1,7,1,1,1,1,0,0,0,-95,5,6,1,50512631,0,84,0,0,50.513,384,[84 -64 4 0 0 0 0 0 0 0 0 0 -11 17 -15 11 -14 11 -14 10 -19 10 -15 13 -17 14 -18 13 -17 10 -19 13 -16 5 -16 10 -14 6 -19 6 -17 10 -17 8 -20 4 -13 7 -15 4 -17 8 -20 7 -20 11 -17 11 -16 5 -18 7 -18 7 -3 4 -19 4 -10 5 -16 11 -10 7 -18 10 -15 6 -18 13 -9 9 -15 5 -14 7 -15 7 -9 8 -14 9 -8 12 -13 14 -15 9 -10 13 -9 12 -10 12 -6 10 -11 11 -12 13 -14 11 -14 11 -14 8 -7 9 1 4 0 0 0 0 0 0 0 0 ]
CSI_DATA,AP,68:FE:71:12:53:8C,-35,11,0,0,0,0,0,0,0,0,0,-96,0,6,1,50654362,0,37,0,0,50.654,128,[84 -64 4 0 0 0 0 0 0 0 0 0 -11 12 -9 17 -11 15 -8 18 -5 18 -7 19 -12 15 -7 18 -12 12 -15 12 -15 17 -14 11 -16 17 -14 16 -9 11 -15 10 -12 13 -9 10 -10 12 -13 10 -14 6 -11 9 -14 6 -14 10 -10 13 -10 14 3 0 -9 9 -10 8 -13 13 -10 14 -13 10 -8 8 -5 15 -8 9 -12 12 -7 12 -3 8 -7 15 -5 15 -9 12 -8 11 -3 10 -11 12 -7 14 -9 16 -3 12 -5 8 -6 16 -8 11 -7 12 -10 12 -2 16 -2 2 0 0 0 0 0 0 0 0 ]
CSI_DATA,AP,68:FE:71:12:53:8C,-31,11,1,7,1,1,1,0,0,0,0,-95,0,6,1,50740393,0,84,0,0,50.74,384,[84 -64 4 0 0 0 0 0 0 0 0 0 0 17 0 15 -2 21 4 23 1 23 2 24 -2 21 3 23 3 15 3 17 -5 22 -2 19 -6 22 0 17 0 18 1 16 -6 18 -6 12 -7 17 0 17 -3 17 -3 13 -4 16 -2 18 -2 15 0 15 0 -1 -1 17 -2 13 -5 16 0 12 -1 16 5 12 2 18 2 18 0 17 -3 16 5 16 3 17 4 16 6 13 3 19 1 17 5 17 7 15 7 12 8 11 2 12 6 13 4 14 3 15 4 17 7 12 -3 3 0 0 0 0 0 0 0 0 ]
CSI_DATA,AP,68:FE:71:12:53:8C,-31,11,1,7,1,1,1,0,0,0,0,-93,0,6,1,50844065,0,84,0,0,50.844,384,[84 -64 4 0 0 0 0 0 0 0 0 0 15 -14 15 -13 19 -12 15 -10 17 -8 15 -9 15 -5 19 -10 19 -5 20 -9 23 -5 16 -5 16 -2 16 -4 17 -2 19 -1 13 -4 14 -7 14 -5 13 -5 16 -2 15 -3 20 -4 20 -9 18 -8 18 -3 -1 -4 13 -7 18 -9 17 -4 13 -6 17 -6 15 -5 13 -4 17 -4 13 -7 12 -11 13 -12 10 -11 13 -10 10 -12 18 -12 13 -9 16 -6 18 -11 15 -9 9 -6 11 -10 13 -14 11 -7 16 -10 12 -11 8 -8 3 4 0 0 0 0 0 0 0 0 ]
CSI_DATA,AP,68:FE:71:12:53:8C,-40,11,1,6,1,1,1,0,0,0,0,-96,0,6,1,50920409,0,84,0,0,50.92,384,[84 -64 4 0 0 0 0 0 0 0 0 0 -22 2 -16 6 -19 3 -18 8 -22 4 -18 1 -20 1 -16 2 -20 1 -22 -2 -21 0 -20 -3 -16 -2 -20 2 -23 -3 -15 -4 -22 -3 -14 2 -20 2 -18 -3 -21 -3 -16 -1 -17 -3 -13 -2 -13 -1 -13 3 1 -4 -15 -3 -13 4 -20 1 -20 5 -16 0 -14 3 -12 1 -16 6 -17 6 -13 1 -14 -1 -12 3 -20 3 -13 4 -16 0 -14 2 -16 7 -12 7 -11 6 -17 1 -11 3 -18 8 -19 9 -20 5 -13 10 -17 3 -2 4 0 0 0 0 0 0 0 0 ]
CSI_DATA,AP,68:FE:71:12:53:8C,-30,11,0,0,0,0,0,0,0,0,0,-96,0,6,1,51039315,0,37,0,0,51.039,128,[84 -64 4 0 0 0 0 0 0 0 0 0 -16 15 -16 19 -10 15 -13 17 -15 13 -19 15 -20 13 -12 8 -20 9 -16 9 -12 8 -19 7 -19 11 -20 13 -17 7 -16 7 -14 12 -14 14 -18 11 -19 11 -13 10 -13 12 -18 11 -15 9 -12 10 -11 10 2 4 -11 5 -16 12 -14 14 -15 13 -16 9 -9 12 -15 8 -9 15 -13 12 -16 15 -8 16 -13 11 -15 13 -11 10 -13 14 -6 16 -7 13 -12 12 -10 15 -10 13 -12 12 -10 14 -9 10 -7 12 -6 16 -11 11 -3 2 0 0 0 0 0 0 0 0 ]
CSI_DATA,AP,68:FE:71:12:53:8C,-33,11,1,7,1,1,1,0,0,0,0,-96,0,6,1,51099492,0,84,0,0,51.099,384,[84 -64 4 0 0 0 0 0 0 0 0 0 -1 -5 0 -13 0 -10 -2 -6 4 -7 -2 -12 2 -6 6 -8 4 -8 5 -8 3 -5 0 -13 6 -6 1 -6 1 -7 0 -11 2 -6 1 -6 -1 -9 7 -4 7 -12 5 -4 1 -7 1 -10 -1 -12 1 -10 4 -4 -2 -7 4 -7 6 -5 5 -3 2 -7 -3 -3 5 -4 5 -11 5 -5 3 -7 3 -7 1 -5 -3 -7 -4 -9 0 -11 -1 -9 1 -11 -1 -10 4 -6 3 -7 1 -6 2 -11 1 -7 0 -12 1 -7 -2 -12 2 3 0 0 0 0 0 0 0 0 ]
CSI_DATA,AP,68:FE:71:12:53:8C,-32,11,1,7,1,1,1,0,0,0,0,-94,0,6,1,51198799,0,84,0,0,51.199,384,[84 -64 4 0 0 0 0 0 0 0 0 0 17 -4 17 1 24 -4 20 3 19 -4 23 0 18 -3 20 0 21 -3 23 6 23 3 19 1 18 0 17 -1 13 -1 15 5 20 8 16 3 13 6 14 -1 19 6 19 2 20 6 16 4 16 5 13 0 -3 0 19 -1 19 1 14 -1 14 -2 18 0 16 -1 13 1 13 -3 17 -4 16 1 18 0 16 3 18 -2 11 -3 17 1 13 0 17 -3 12 -3 13 -3 12 -5 15 -7 12 -5 15 -7 19 -5 11 -7 18 -4 3 3 0 0 0 0 0 0 0 0 ]
CSI_DATA,AP,68:FE:71:12:53:8C,-39,11,1,5,1,1,1,0,0,0,0,-94,0,6,1,51299093,0,84,0,0,51.299,384,[84 -64 4 0 0 0 0 0 0 0 0 0 8 -15 12 -16 16 -11 9 -9 13 -16 13 -15 9 -15 14 -15 18 -15 15 -9 13 -8 11 -14 13 -9 14 -10 10 -6 13 -14 12 -7 13 -8 9 -10 16 -12 16 -5 16 -10 14 -12 17 -12 11 -7 10 -9 -2 -1 9 -7 13 -5 14 -7 8 -5 10 -11 15 -8 13 -6 14 -5 12 -8 9 -9 9 -6 10 -9 13 -13 13 -9 8 -13 6 -10 8 -14 8 -15 11 -7 8 -8 12 -8 10 -14 10 -13 5 -10 12 -12 4 -11 -4 -3 0 0 0 0 0 0 0 0 ]
CSI_DATA,AP,68:FE:71:12:53:8C,-30,11,1,7,1,1,1,1,0,0,0,-95,2,6,1,51400234,0,84,0,0,51.4,384,[84 -64 4 0 0 0 0 0 0 0 0 0 9 -16 16 -12 10 -17 11 -11 15 -15 18 -12 16 -17 15 -10 15 -11 15 -16 16 -14 14 -10 17 -14 15 -7 18 -8 17 -12 11 -9 16 -11 12 -13 19 -12 12 -14 18 -9 14 -6 12 -5 12 -6 11 -7 -2 2 14 -14 12 -13 12 -11 9 -10 10 -14 14 -8 12 -11 11 -16 7 -12 7 -9 9 -8 10 -8 11 -12 10 -14 8 -15 12 -17 14 -12 12 -13 11 -12 7 -11 9 -12 11 -13 10 -15 10 -11 6 -14 7 -17 0 1 0 0 0 0 0 0 0 0 ]
CSI_DATA,AP,68:FE:71:12:53:8C,-37,11,1,5,1,1,1,0,0,0,0,-94,0,6,1,51526610,0,84,0,0,51.527,384,[84 -64 4 0 0 0 0 0 0 0 0 0 0 -15 1 -17 -4 -20 -4 -17 4 -18 -3 -20 2 -16 3 -21 -1 -19 2 -18 -1 -18 6 -17 7 -20 4 -20 8 -15 5 -20 5 -17 1 -20 5 -15 7 -17 -1 -17 7 -17 -1 -19 2 -13 2 -17 0 -19 -3 -3 3 -11 -2 -16 1 -16 -2 -15 6 -13 3 -17 5 -19 3 -19 0 -14 1 -18 4 -16 -2 -16 -2 -18 -1 -13 -1 -16 0 -18 0 -12 -2 -14 -1 -14 0 -13 1 -14 -2 -17 -7 -16 -2 -19 -2 -12 -1 -12 4 0 0 0 0 0 0 0 0 0 ]
CSI_DATA,AP,68:FE:71:12:53:8C,-34,11,1,5,1,1,1,0,0,0,0,-95,0,6,1,51644727,0,84,0,0,51.645,384,[84 -64 4 0 0 0 0 0 0 0 0 0 -43 9 -42 4 -40 7 -40 0 -43 -3 -41 0 -38 3 -41 -4 -36 -2 -42 0 -39 -3 -46 -4 -39 -7 -36 -9 -35 -5 -46 -11 -39 -10 -37 -2 -39 -6 -39 -8 -34 -8 -37 -4 -35 -9 -38 -10 -40 -9 -38 -5 -2 0 -32 -6 -35 -5 -33 -3 -36 -2 -36 -8 -31 -1 -34 -3 -29 1 -33 2 -28 4 -32 4 -33 3 -32 -2 -36 5 -36 2 -31 9 -33 7 -33 4 -29 5 -32 5 -33 9 -35 7 -33 9 -37 11 -38 6 -29 8 4 4 0 0 0 0 0 0 0 0 ]
CSI_DATA,AP,68:FE:71:12:53:8C,-39,11,1,5,1,1,1,0,0,0,0,-93,0,6,1,51757962,0,84,0,0,51.758,384,[84 -64 4 0 0 0 0 0 0 0 0 0 -9 -15 -8 -16 -9 -16 -10 -21 -4 -19 -7 -16 -4 -16 -7 -18 -3 -19 -9 -21 -7 -16 -6 -18 -1 -20 -8 -24 1 -21 -5 -17 -1 -15 -2 -20 -7 -17 1 -18 1 -13 -3 -18 -4 -14 -1 -14 -5 -19 -4 -16 3 4 -1 -19 -7 -18 -5 -14 -6 -15 -2 -17 -8 -16 -1 -18 -2 -15 -1 -16 -4 -15 -6 -18 -8 -15 -9 -11 -3 -16 -3 -17 -6 -18 -9 -14 -11 -13 -3 -19 -9 -12 -4 -13 -4 -13 -7 -12 -5 -11 -12 -17 -7 -10 -1 1 0 0 0 0 0 0 0 0 ]
CSI_DATA,AP,68:FE:71:12:53:8C,-35,11,1,6,1,1,1,0,0,0,0,-94,0,6,1,51834758,0,84,0,0,51.835,384,[84 -64 4 0 0 0 0 0 0 0 0 0 -13 14 -10 17 -15 16 -13 12 -17 9 -13 11 -15 16 -12 10 -17 9 -17 10 -20 12 -15 12 -15 13 -19 14 -16 7 -16 8 -16 13 -11 13 -15 7 -18 12 -18 13 -14 5 -14 10 -11 12 -17 10 -16 11 -2 2 -17 9 -9 11 -11 8 -11 8 -14 12 -8 11 -16 7 -13 9 -15 11 -6 12 -10 13 -7 7 -15 7 -10 14 -13 12 -12 13 -8 10 -10 13 -11 10 -4 13 -11 11 -8 15 -7 12 -9 18 -7 11 -7 11 -4 2 0 0 0 0 0 0 0 0 ]
CSI_DATA,AP,68:FE:71:12:53:8C,-30,11,1,7,1,1,1,0,0,0,0,-95,0,6,1,51935565,0,84,0,0,51.936,384,[84 -64 4 0 0 0 0 0 0 0 0 0 -38 1 -42 3 -38 4 -44 0 -36 3 -36 3 -42 -3 -36 -6 -39 -3 -34 -1 -34 -9 -41 -8 -39 -5 -33 -5 -33 -4 -34 -9 -38 -10 -30 -5 -38 -5 -38 -4 -30 -2 -29 -3 -29 -10 -30 -4 -35 -4 -34 -1 0 -4 -31 -7 -32 -3 -35 0 -35 3 -30 1 -29 0 -29 -3 -33 3 -27 2 -33 3 -29 2 -28 0 -34 2 -35 1 -27 0 -28 5 -31 0 -33 10 -28 8 -32 4 -28 6 -33 5 -30 6 -27 10 -32 9 -30 13 -1 -2 0 0 0 0 0 0 0 0 ]
CSI_DATA,AP,68:FE:71:12:53:8C,-34,11,1,5,1,1,1,0,0,0,0,-95,0,6,1,52015736,0,84,0,0,52.016,384,[84 -64 4 0 0 0 0 0 0 0 0 0 12 -19 14 -13 19 -17 13 -14 12 -16 14 -12 19 -14 15 -14 13 -12 12 -15 17 -13 16 -7 19 -11 15 -9 21 -7 14 -14 20 -13 19 -13 19 -14 13 -10 12 -6 16 -10 15 -7 11 -8 12 -6 18 -6 -3 -3 18 -7 17 -11 16 -10 17 -7 11 -14 17 -12 12 -13 11 -13 14 -6 14 -12 16 -14 11 -8 9 -15 11 -8 13 -7 8 -13 10 -11 13 -14 7 -15 9 -14 13 -9 14 -9 14 -15 15 -15 6 -13 7 -16 -1 2 0 0 0 0 0 0 0 0 ]
CSI_DATA,AP,68:FE:71:12:53:8C,-33,11,1,6,1,1,1,0,0,0,0,-95,0,6,1,52129166,0,84,0,0,52.129,384,[84 -64 4 0 0 0 0 0 0 0 0 0 -14 -14 -15 -15 -17 -14 -19 -14 -13 -18 -17 -19 -11 -20 -13 -14 -16 -17 -16 -15 -8 -21 -12 -18 -9 -15 -15 -19 -15 -14 -8 -14 -8 -16 -8 -16 -10 -20 -7 -12 -10 -14 -12 -14 -8 -15 -6 -15 -9 -19 -7 -13 3 4 -11 -10 -12 -17 -14 -19 -11 -17 -6 -13 -12 -12 -10 -13 -15 -10 -12 -9 -16 -9 -14 -10 -12 -13 -13 -9 -11 -10 -9 -8 -11 -8 -10 -15 -15 -9 -18 -12 -17 -11 -15 -6 -11 -6 -18 -14 -19 -10 -15 -7 -12 -11 -1 0 0 0 0 0 0 0 0 0 ]
CSI_DATA,AP,68:FE:71:12:53:8C,-31,11,1,7,1,1,1,0,0,0,1,-94,0,6,1,52246249,0,84,0,0,52.246,384,[84 -64 4 0 0 0 0 0 0 0 0 0 4 17 2 23 2 20 1 26 8 26 -1 19 3 24 -2 20 -1 20 3 18 -1 19 0 21 -1 24 -2 22 -1 23 -2 25 -5 16 -4 17 0 22 1 17 -4 22 -4 18 -4 19 -1 21 3 20 1 19 -4 0 4 17 3 20 3 19 1 22 -3 15 5 15 3 20 6 14 2 20 1 19 0 18 3 13 6 16 2 18 5 13 5 14 6 20 7 16 6 21 6 14 2 17 9 12 7 19 6 20 3 16 4 19 -2 1 0 0 0 0 0 0 0 0 ]
CSI_DATA,AP,68:FE:71:12:53:8C,-35,11,1,7,1,1,1,1,0,0,1,-96,2,6,1,52346405,0,84,0,0,52.346,384,[84 -64 4 0 0 0 0 0 0 0 0 0 -22 -12 -23 -10 -19 -8 -18 -10 -19 -18 -21 -12 -13 -11 -16 -14 -20 -17 -16 -14 -15 -16 -14 -20 -18 -14 -17 -15 -11 -12 -20 -17 -13 -12 -12 -11 -11 -13 -16 -14 -12 -18 -14 -18 -11 -10 -10 -17 -15 -16 -11 -13 0 3 -15 -11 -13 -10 -16 -17 -12 -15 -15 -16 -17 -9 -15 -9 -12 -9 -15 -7 -13 -11 -15 -7 -13 -6 -19 -8 -19 -12 -15 -9 -16 -11 -18 -5 -18 -8 -20 -9 -21 -9 -16 -7 -12 -11 -19 -10 -19 -5 -14 -4 -17 -5 -2 -4 0 0 0 0 0 0 0 0 ]
CSI_DATA,AP,68:FE:71:12:53:8C,-30,11,1,7,1,1,1,0,0,0,0,-96,0,6,1,52425610,0,84,0,0,52.426,384,[84 -64 4 0 0 0 0 0 0 0 0 0 -26 8 -23 5 -19 1 -25 8 -24 1 -25 1 -23 -2 -24 -1 -25 0 -21 1 -25 -2 -20 -4 -27 0 -18 -1 -18 -1 -25 0 -21 0 -21 2 -21 -1 -21 -2 -22 1 -24 -3 -20 -3 -22 -4 -17 -4 -20 -2 1 -3 -15 -3 -18 5 -21 0 -20 4 -14 -1 -21 4 -22 -2 -17 4 -16 0 -15 -1 -21 4 -19 -1 -15 0 -19 3 -18 5 -18 1 -17 4 -17 9 -17 8 -18 9 -18 6 -17 9 -21 11 -17 10 -20 11 -11 12 3 -2 0 0 0 0 0 0 0 0 ]
CSI_DATA,AP,68:FE:71:12:53:8C,-33,11,1,7,1,1,1,0,0,0,0,-96,0,6,1,52492553,0,84,0,0,52.493,384,[84 -64 4 0 0 0 0 0 0 0 0 0 5 -20 4 -24 2 -22 4 -27 2 -23 5 -19 8 -21 5 -23 10 -20 2 -18 5 -17 2 -24 6 -24 11 -23 4 -21 8 -18 10 -16 5 -13 9 -19 6 -15 9 -13 10 -20 5 -13 10 -17 6 -18 8 -13 -3 0 10 -18 2 -15 4 -22 2 -15 8 -20 1 -19 9 -13 2 -14 5 -15 0 -18 1 -21 2 -13 -2 -16 -2 -13 0 -20 4 -15 5 -16 -4 -18 3 -15 2 -19 1 -20 4 -16 -2 -16 -2 -21 -2 -16 -2 -13 2 -2 0 0 0 0 0 0 0 0 ]
CSI_DATA,AP,68:FE:71:12:53:8C,-30,11,1,6,1,1,1,0,0,0,1,-94,0,6,1,52603189,0,84,0,0,52.603,384,[84 -64 4 0 0 0 0 0 0 0 0 0 -17 12 -17 10 -17 9 -17 9 -21 5 -21 7 -25 8 -24 4 -24 3 -24 2 -24 5 -19 2 -19 0 -23 0 -17 6 -21 6 -21 1 -21 -3 -16 0 -18 -1 -19 2 -20 -1 -17 4 -18 4 -22 2 -19 3 0 4 -21 3 -22 4 -21 -1 -17 5 -15 5 -22 5 -19 4 -17 1 -18 6 -19 5 -16 6 -16 8 -14 7 -16 10 -13 3 -17 4 -15 6 -11 9 -13 5 -18 10 -17 4 -12 7 -16 12 -19 11 -15 5 -19 6 2 0 0 0 0 0 0 0 0 0 ]
CSI_DATA,AP,68:FE:71:12:53:8C,-35,11,1,7,1,1,1,1,0,0,0,-94,3,6,1,52715352,0,84,0,0,52.715,384,[84 -64 4 0 0 0 0 0 0 0 0 0 -18 -14 -22 -15 -24 -12 -23 -17 -19 -17 -16 -10 -19 -18 -19 -16 -15 -13 -18 -12 -13 -18 -19 -18 -12 -18 -14 -15 -12 -16 -14 -18 -10 -14 -15 -16 -15 -13 -10 -19 -17 -15 -14 -15 -8 -15 -12 -14 -13 -15 -8 -19 1 -2 -8 -11 -14 -15 -14 -13 -18 -14 -10 -11 -16 -13 -12 -15 -12 -15 -12 -12 -16 -13 -20 -7 -13 -9 -15 -8 -13 -11 -14 -11 -12 -7 -19 -10 -18 -7 -11 -8 -12 -4 -19 -9 -18 -13 -17 -7 -18 -9 -13 -12 -13 -4 -1 0 0 0 0 0 0 0 0 0 ]
CSI_DATA,AP,68:FE:71:12:53:8C,-32,11,1,6,1,1,1,0,0,0,1,-93,0,6,1,52791156,0,84,0,0,52.791,384,[84 -64 4 0 0 0 0 0 0 0 0 0 -7 -16 -4 -18 -11 -22 -5 -16 -7 -23 -9 -16 -7 -20 -7 -22 -6 -16 -4 -22 -6 -20 -6 -19 -8 -17 -6 -19 -2 -22 -3 -20 -4 -15 -4 -21 -2 -21 -4 -21 -1 -16 -1 -16 -2 -13 2 -16 -4 -22 -4 -19 2 -2 0 -18 -1 -16 -5 -21 -6 -17 -7 -16 -4 -17 -5 -17 -1 -15 0 -16 -5 -16 -6 -18 -6 -18 -5 -15 -3 -19 -3 -20 -10 -18 -3 -19 -4 -19 -9 -20 -7 -14 -4 -18 -9 -14 -6 -20 -9 -20 -12 -11 -7 -17 -3 2 0 0 0 0 0 0 0 0 ]
CSI_DATA,AP,68:FE:71:12:53:8C,-32,11,1,6,1,1,1,0,0,0,0,-94,0,6,1,52915427,0,84,0,0,52.915,384,[84 -64 4 0 0 0 0 0 0 0 0 0 9 -20 11 -14 9 -17 11 -19 17 -15 15 -12 10 -13 10 -17 18 -14 9 -14 17 -15 18 -14 18 -9 15 -13 11 -9 14 -15 12 -11 15 -8 11 -8 18 -14 18 -6 18 -6 15 -7 17 -14 16 -7 12 -13 3 -1 15 -13 13 -7 12 -12 14 -11 13 -7 14 -9 10 -15 12 -9 14 -13 13 -15 9 -16 9 -11 13 -13 9 -14 13 -12 10 -10 5 -11 6 -17 5 -9 6 -11 9 -11 7 -11 5 -10 6 -11 3 -16 10 -12 1 3 0 0 0 0 0 0 0 0 ]
CSI_DATA,AP,68:FE:71:12:53:8C,-35,11,1,6,1,1,1,0,0,0,0,-94,0,6,1,53018720,0,84,0,0,53.019,384,[84 -64 4 0 0 0 0 0 0 0 0 0 13 10 20 8 19 8 21 17 16 10 13 13 10 10 13 14 13 10 16 10 9 16 15 17 16 18 9 14 15 17 14 14 11 11 7 13 12 14 9 11 13 17 12 14 7 15 14 13 10 15 15 13 4 -1 13 11 11 16 12 14 14 14 10 8 9 8 9 11 15 13 9 14 15 12 17 10 8 12 10 12 17 6 13 5 18 5 10 8 14 9 17 7 13 5 13 9 15 11 14 6 19 9 18 2 19 2 -4 3 0 0 0 0 0 0 0 0 ]
CSI_DATA,AP,68:FE:71:12:53:8C,-37,11,1,7,1,1,1,0,0,0,0,-95,0,6,1,53149531,0,84,0,0,53.15,384,[84 -64 4 0 0 0 0 0 0 0 0 0 -5 17 -2 17 -2 23 -7 18 -5 24 -8 19 -5 23 -10 14 -8 16 -8 16 -6 18 -7 20 -5 14 -12 13 -14 17 -7 13 -12 14 -10 19 -8 19 -12 16 -11 12 -13 17 -9 9 -6 14 -14 12 -11 16 4 1 -8 17 -12 13 -9 14 -4 14 -4 18 -10 11 -9 16 -5 11 -10 18 -10 19 -7 16 -7 12 -1 14 -6 14 -3 20 -1 13 -7 18 -3 16 -6 13 -1 18 -2 15 1 17 -3 19 1 14 1 15 -6 15 -2 -4 0 0 0 0 0 0 0 0 ]
CSI_DATA,AP,68:FE:71:12:53:8C,-36,11,1,6,1,1,1,0,0,0,0,-95,0,6,1,53265751,0,84,0,0,53.266,384,[84 -64 4 0 0 0 0 0 0 0 0 0 -19 -13 -17 -16 -15 -18 -17 -21 -17 -14 -8 -18 -14 -22 -12 -16 -14 -15 -7 -15 -14 -14 -11 -22 -12 -21 -10 -18 -13 -15 -11 -17 -11 -16 -13 -16 -9 -16 -8 -21 -8 -13 -11 -13 -4 -14 -13 -13 -12 -14 -13 -16 -4 -4 -10 -11 -14 -13 -10 -20 -11 -13 -10 -15 -8 -15 -8 -12 -11 -11 -15 -10 -10 -9 -12 -11 -14 -10 -15 -14 -12 -14 -16 -12 -13 -11 -12 -11 -15 -9 -12 -14 -13 -11 -8 -12 -17 -10 -10 -7 -11 -12 -12 -13 -16 -6 2 2 0 0 0 0 0 0 0 0 ]
CSI_DATA,AP,68:FE:71:12:53:8C,-31,11,1,7,1,1,1,0,0,0,0,-95,0,6,1,53377806,0,84,0,0,53.378,384,[84 -64 4 0 0 0 0 0 0 0 0 0 2 20 0 19 -2 17 -1 24 -3 21 -3 17 -9 17 -7 18 -3 17 -11 17 -9 20 -3 21 -9 19 -8 21 -4 21 -5 18 -10 13 -5 18 -8 20 -4 15 -5 20 -7 15 -9 10 -7 16 -3 12 -4 21 -2 -2 -7 20 -9 14 -6 19 -4 13 -1 19 -5 16 -8 14 -8 19 -5 17 -1 16 -2 17 -3 12 -2 17 -3 13 -3 17 0 15 -4 13 1 19 -1 17 -2 17 -3 12 -2 15 -2 14 -1 12 -3 15 0 14 -1 -3 0 0 0 0 0 0 0 0 ]
CSI_DATA,AP,68:FE:71:12:53:8C,-34,11,1,6,1,1,1,0,0,0,0,-94,0,6,1,53472661,0,84,0,0,53.473,384,[84 -64 4 0 0 0 0 0 0 0 0 0 6 19 5 21 3 17 5 26 -1 19 4 24 2 17 -5 22 -4 24 1 16 2 23 1 19 -7 17 -4 22 -3 21 0 16 -5 16 -6 21 1 16 -3 17 -6 15 -5 21 -1 18 -5 14 -3 14 -3 20 -4 2 -1 19 -5 14 -3 16 3 14 -2 18 -1 16 -2 14 -3 17 -2 15 4 13 -1 18 4 13 5 15 5 19 -3 18 5 19 2 19 0 19 0 16 7 12 2 20 3 13 5 14 4 18 6 19 5 13 0 1 0 0 0 0 0 0 0 0 ]
CSI_DATA,AP,68:FE:71:12:53:8C,-34,11,1,6,1,1,1,0,0,0,0,-95,0,6,1,53598684,0,84,0,0,53.599,384,[84 -64 4 0 0 0 0 0 0 0 0 0 0 -18 -1 -20 6 -25 0 -25 6 -24 10 -19 7 -20 9 -22 9 -22 10 -20 6 -16 8 -17 12 -19 10 -19 5 -17 12 -20 11 -16 6 -17 8 -15 8 -13 5 -12 12 -20 5 -11 10 -19 4 -15 11 -18 -3 -3 12 -20 3 -20 7 -15 3 -17 4 -16 4 -18 3 -13 9 -15 4 -14 8 -19 6 -18 1 -13 7 -16 0 -18 6 -17 2 -19 2 -21 5 -18 2 -20 -1 -20 6 -16 0 -19 6 -20 3 -19 4 -18 2 -17 -2 3 0 0 0 0 0 0 0 0 ]
CSI_DATA,AP,68:FE:71:12:53:8C,-35,11,1,5,1,1,1,0,0,0,0,-95,0,6,1,53695498,0,84,0,0,53.695,384,[84 -64 4 0 0 0 0 0 0 0 0 0 11 9 10 14 10 14 16 14 15 17 15 12 11 18 8 18 14 18 8 11 12 14 7 18 7 14 9 14 8 15 9 13 7 16 10 13 9 15 9 12 13 11 5 19 4 15 5 16 12 13 10 11 2 -3 9 17 14 12 14 18 14 10 9 9 11 17 12 9 8 13 15 8 10 11 11 11 11 11 15 8 14 12 9 8 10 8 9 8 14 11 11 12 15 11 13 8 13 5 14 7 14 5 11 10 16 7 3 1 0 0 0 0 0 0 0 0 ]
CSI_DATA,AP,68:FE:71:12:53:8C,-32,11,1,6,1,1,1,0,0,0,0,-95,0,6,1,53824283,0,84,0,0,53.824,384,[84 -64 4 0 0 0 0 0 0 0 0 0 -11 15 -13 13 -12 19 -18 14 -19 19 -20 10 -15 17 -13 10 -17 9 -17 9 -19 10 -18 13 -16 16 -15 8 -21 13 -16 9 -17 9 -11 9 -16 11 -15 14 -13 7 -15 8 -17 13 -17 11 -19 11 -19 13 1 4 -16 7 -18 10 -17 9 -16 9 -9 7 -11 13 -14 15 -15 12 -12 15 -12 13 -13 12 -12 8 -7 14 -13 12 -14 12 -12 17 -13 12 -11 15 -15 13 -13 15 -13 10 -7 17 -13 16 -9 13 -10 10 -9 19 1 2 0 0 0 0 0 0 0 0 ]
CSI_DATA,AP,68:FE:71:12:53:8C,-33,11,1,6,1,1,1,0,0,0,0,-95,0,6,1,53923376,0,84,0,0,53.923,384,[84 -64 4 0 0 0 0 0 0 0 0 0 -20 -16 -19 -15 -19 -17 -19 -16 -16 -14 -17 -16 -16 -16 -10 -13 -10 -12 -10 -16 -10 -21 -10 -20 -10 -16 -14 -18 -13 -14 -8 -16 -12 -18 -6 -15 -15 -21 -15 -14 -11 -17 -12 -12 -13 -17 -15 -16 -7 -19 -9 -17 -3 2 -10 -19 -13 -13 -15 -10 -7 -15 -10 -10 -16 -17 -15 -15 -14 -13 -13 -11 -13 -9 -15 -9 -14 -10 -11 -13 -16 -10 -9 -12 -14 -12 -15 -10 -12 -13 -15 -14 -12 -12 -18 -14 -13 -11 -18 -9 -18 -8 -19 -11 -16 -7 -1 4 0 0 0 0 0 0 0 0 ]
CSI_DATA,AP,68:FE:71:12:53:8C,-36,11,1,6,1,1,1,0,0,0,0,-95,0,6,1,54010325,0,84,0,0,54.01,384,[84 -64 4 0 0 0 0 0 0 0 0 0 -20 -6 -17 -6 -20 -7 -17 -8 -14 -13 -16 -12 -16 -13 -15 -7 -17 -9 -13 -7 -13 -9 -20 -12 -15 -10 -13 -11 -11 -10 -14 -9 -18 -15 -16 -12 -15 -14 -15 -8 -12 -12 -17 -11 -11 -9 -12 -14 -16 -15 -13 -10 2 -3 -11 -13 -15 -6 -17 -14 -10 -8 -15 -8 -10 -12 -10 -11 -13 -10 -13 -5 -13 -4 -17 -5 -15 -4 -14 -6 -17 -5 -18 -3 -19 -5 -12 -7 -13 -9 -15 -8 -19 -2 -19 -7 -14 -7 -16 -8 -12 -1 -20 -8 -19 -3 3 1 0 0 0 0 0 0 0 0 ]
CSI_DATA,AP,68:FE:71:12:53:8C,-36,11,1,6,1,1,1,0,0,0,0,-95,0,6,1,54097291,0,84,0,0,54.097,384,[84 -64 4 0 0 0 0 0 0 0 0 0 4 -19 3 -15 5 -16 8 -15 5 -17 4 -17 5 -17 9 -17 11 -20 6 -18 10 -15 14 -14 9 -11 11 -11 10 -13 11 -14 11 -11 6 -17 9 -10 10 -15 11 -14 5 -9 8 -15 7 -9 10 -15 8 -13 4 -3 8 -12 5 -17 12 -10 3 -10 8 -11 9 -15 6 -17 10 -13 9 -15 1 -10 5 -12 2 -13 5 -16 1 -13 2 -18 2 -19 7 -17 7 -11 2 -16 3 -18 7 -13 2 -18 1 -13 4 -19 6 -13 1 -18 0 -2 0 0 0 0 0 0 0 0 ]
CSI_DATA,AP,68:FE:71:12:53:8C,-38,11,1,6,1,1,1,0,0,0,0,-95,0,6,1,54200903,0,84,0,0,54.201,384,[84 -64 4 0 0 0 0 0 0 0 0 0 13 -2 14 0 21 2 16 1 15 0 18 4 15 6 20 1 14 7 16 4 14 2 13 6 19 3 20 10 15 5 18 3 18 4 16 10 15 9 11 8 14 8 11 10 9 8 12 2 15 6 13 4 -3 2 13 8 15 9 17 8 17 4 10 2 13 6 12 8 10 4 17 0 13 5 16 -3 16 0 11 -2 13 3 12 2 16 4 13 0 12 0 17 3 11 2 13 4 11 -2 12 -4 14 0 11 1 12 -1 -3 -4 0 0 0 0 0 0 0 0 ]
CSI_DATA,AP,68:FE:71:12:53:8C,-32,11,1,7,1,1,1,1,0,0,0,-94,5,6,1,54301406,0,84,0,0,54.301,384,[84 -64 4 0 0 0 0 0 0 0 0 0 9 15 9 15 12 9 12 18 13 18 9 14 11 16 6 17 13 19 12 10 14 16 10 19 11 14 6 15 12 11 10 15 7 15 4 11 4 16 3 11 10 17 9 12 7 15 10 11 9 15 4 12 0 -4 9 16 9 17 11 15 12 7 10 9 11 8 11 12 8 8 7 13 8 13 9 11 12 11 10 7 10 11 9 14 13 13 11 11 8 12 13 9 8 7 13 7 7 10 15 6 16 10 9 9 11 8 0 -3 0 0 0 0 0 0 0 0 ]
CSI_DATA,AP,68:FE:71:12:53:8C,-34,11,1,7,1,1,1,0,0,0,0,-94,0,6,1,54385514,0,84,0,0,54.386,384,[84 -64 4 0 0 0 0 0 0 0 0 0 11 -27 7 -29 10 -24 11 -27 10 -26 16 -23 12 -21 13 -21 12 -25 11 -21 11 -25 12 -20 12 -19 11 -25 14 -20 14 -21 18 -19 11 -18 12 -20 17 -15 16 -17 10 -19 16 -19 9 -20 18 -15 17 -22 2 -1 16 -14 11 -15 11 -20 11 -22 7 -17 14 -22 7 -15 9 -20 12 -15 8 -14 10 -18 11 -16 5 -17 8 -15 6 -22 1 -22 9 -22 4 -16 1 -16 6 -22 6 -15 4 -20 -1 -17 2 -22 1 -22 4 -22 -1 -1 0 0 0 0 0 0 0 0 ]
CSI_DATA,AP,68:FE:71:12:53:8C,-40,11,1,4,1,1,1,0,0,0,0,-93,0,6,1,54520834,0,84,0,0,54.521,384,[84 -64 4 0 0 0 0 0 0 0 0 0 -15 14 -12 15 -16 8 -11 10 -13 11 -13 8 -13 11 -13 10 -17 11 -15 10 -12 10 -12 8 -12 7 -11 6 -12 10 -20 6 -12 10 -17 8 -19 8 -18 3 -14 9 -13 3 -16 3 -13 3 -13 5 -15 5 -2 3 -17 8 -12 7 -14 7 -9 4 -12 4 -13 8 -10 8 -13 11 -8 6 -8 8 -10 5 -14 3 -15 7 -8 6 -8 10 -13 5 -16 12 -11 10 -9 10 -8 6 -8 9 -15 10 -12 8 -11 9 -13 9 -11 12 0 3 0 0 0 0 0 0 0 0 ]
CSI_DATA,AP,68:FE:71:12:53:8C,-31,11,1,6,1,1,1,0,0,0,0,-96,0,6,1,54613284,0,84,0,0,54.613,384,[84 -64 4 0 0 0 0 0 0 0 0 0 -10 9 -15 8 -10 8 -18 7 -15 7 -10 0 -18 4 -17 6 -14 2 -14 6 -18 -2 -13 -1 -16 4 -17 2 -15 -3 -18 2 -14 -1 -15 -2 -14 -3 -10 -2 -8 -3 -10 -1 -9 4 -13 1 -14 4 -10 4 -2 4 -9 4 -13 0 -10 4 -9 -2 -14 0 -9 4 -8 3 -10 2 -15 6 -9 5 -15 0 -10 -1 -8 5 -6 2 -10 4 -13 8 -11 5 -9 6 -9 3 -6 6 -12 3 -14 8 -9 10 -14 4 -8 10 -12 3 1 3 0 0 0 0 0 0 0 0 ]
CSI_DATA,AP,68:FE:71:12:53:8C,-31,11,1,7,1,1,1,0,0,0,0,-94,0,6,1,54695792,0,84,0,0,54.696,384,[84 -64 4 0 0 0 0 0 0 0 0 0 13 2 11 4 19 -4 21 -2 20 5 20 5 21 0 12 7 12 0 20 6 20 6 18 1 13 1 12 4 11 9 12 1 16 8 13 5 12 1 19 6 14 9 18 7 11 6 18 7 19 7 15 6 1 4 15 5 13 5 19 6 12 7 15 3 13 6 19 8 10 4 12 6 10 5 16 -1 14 6 14 2 12 -1 15 -3 17 -3 16 -2 18 -2 11 0 16 -3 13 0 17 3 19 -2 12 -1 18 2 12 0 4 2 0 0 0 0 0 0 0 0 ]
CSI_DATA,AP,68:FE:71:12:53:8C,-35,11,1,6,1,1,1,0,0,0,0,-94,0,6,1,54793135,0,82,0,0,54.793,384,[84 -64 4 0 0 0 0 0 0 0 0 0 5 26 -1 26 3 26 2 28 0 26 -5 23 0 22 -7 24 -2 20 -6 22 -2 20 -7 23 -5 18 -9 25 -8 19 -2 18 -8 22 -4 19 -8 19 -1 24 -1 17 -4 19 -5 14 -5 22 -5 22 -7 15 4 4 -5 21 1 17 -5 20 2 22 -6 16 1 14 -4 19 -5 13 3 21 4 18 -2 14 0 12 1 21 2 13 2 17 -1 17 3 19 6 20 5 21 4 14 0 17 8 14 4 19 6 20 1 17 8 11 3 -4 0 0 0 0 0 0 0 0 ]
CSI_DATA,AP,68:FE:71:12:53:8C,-31,11,1,6,1,1,1,0,0,0,0,-94,0,6,1,54893968,0,84,0,0,54.894,384,[84 -64 4 0 0 0 0 0 0 0 0 0 1 15 4 22 3 18 -4 20 -4 14 -2 17 0 20 -5 19 -7 12 -4 11 -1 14 -6 12 -3 11 -2 14 -2 15 -6 17 -3 8 -5 11 -3 13 -1 7 -6 11 -8 7 -2 13 -7 9 1 13 -6 11 -1 -3 2 10 0 10 2 15 -3 9 -1 6 0 7 4 11 -3 6 0 8 -2 9 -1 7 5 9 5 11 -2 9 1 12 0 10 7 12 -1 7 3 14 3 11 0 12 4 12 5 12 5 13 5 7 8 9 -1 0 0 0 0 0 0 0 0 0 ]
CSI_DATA,AP,68:FE:71:12:53:8C,-38,11,1,6,1,1,1,0,0,0,0,-94,0,6,1,54989210,0,84,0,0,54.989,384,[84 -64 4 0 0 0 0 0 0 0 0 0 17 6 20 1 21 6 19 6 21 8 13 4 20 5 15 4 12 10 15 5 19 11 18 6 17 4 17 10 15 6 10 5 9 5 14 8 10 6 13 7 7 8 13 1 11 3 10 0 16 1 11 7 -1 -4 12 7 11 3 10 -1 9 3 9 1 15 6 15 4 9 1 9 -4 15 2 8 -2 7 -4 15 -5 12 1 16 -5 9 -2 9 -6 9 -4 15 0 9 -6 15 -5 15 1 9 -3 10 -4 7 -7 10 0 -3 -2 0 0 0 0 0 0 0 0 ]
CSI_DATA,AP,68:FE:71:12:53:8C,-30,11,1,7,1,1,1,0,0,0,0,-95,0,6,1,55139463,0,84,0,0,55.139,384,[84 -64 4 0 0 0 0 0 0 0 0 0 -22 -13 -21 -12 -29 -9 -25 -16 -21 -15 -21 -12 -21 -18 -20 -18 -18 -19 -15 -10 -16 -18 -17 -11 -21 -13 -16 -12 -17 -14 -16 -18 -13 -9 -15 -15 -15 -10 -14 -10 -17 -15 -16 -14 -10 -10 -16 -11 -16 -11 -17 -8 4 -1 -15 -4 -13 -5 -9 -3 -9 -8 -13 -5 -8 -8 -9 -8 -10 -5 -9 -5 -10 0 -16 1 -9 -2 -17 -2 -14 4 -9 -3 -13 1 -10 5 -16 2 -10 5 -14 0 -10 6 -16 6 -16 8 -17 3 -11 9 -10 9 -3 -1 0 0 0 0 0 0 0 0 ]
CSI_DATA,AP,68:FE:71:12:53:8C,-33,11,1,7,1,1,1,0,0,0,0,-94,0,6,1,55257548,0,84,0,0,55.258,384,[84 -64 4 0 0 0 0 0 0 0 0 0 -20 -17 -19 -14 -21 -15 -17 -15 -18 -14 -15 -16 -11 -15 -14 -16 -12 -13 -11 -18 -18 -13 -15 -14 -13 -19 -15 -15 -12 -14 -16 -11 -13 -16 -10 -13 -9 -13 -7 -7 -10 -11 -11 -12 -8 -13 -13 -11 -10 -13 -12 -9 1 4 -6 -3 -10 -3 -6 -9 -11 -6 -11 -2 -11 -7 -13 -7 -11 -3 -7 -7 -11 -5 -8 0 -11 0 -11 -3 -11 -1 -12 0 -11 1 -10 1 -7 -3 -13 -2 -12 0 -14 5 -8 1 -9 6 -11 1 -6 5 -13 5 0 0 0 0 0 0 0 0 0 0 ]
CSI_DATA,AP,68:FE:71:12:53:8C,-32,11,1,6,1,1,1,0,0,0,0,-95,0,6,1,55364252,0,84,0,0,55.364,384,[84 -64 4 0 0 0 0 0 0 0 0 0 20 13 17 7 20 15 15 16 15 10 18 9 19 18 12 10 18 15 16 15 17 12 18 14 17 10 18 14 16 12 18 11 14 15 12 15 12 13 16 8 10 8 10 14 9 10 12 14 11 10 16 10 -3 1 12 9 17 12 12 12 8 9 13 11 13 13 12 5 14 5 14 7 15 5 16 5 15 7 12 6 13 9 18 9 11 2 16 4 16 4 13 5 16 3 10 4 10 5 11 8 13 1 10 5 11 6 1 2 0 0 0 0 0 0 0 0 ]
CSI_DATA,AP,68:FE:71:12:53:8C,-38,11,1,6,1,1,1,0,0,0,0,-94,0,6,1,55469655,0,84,0,0,55.47,384,[84 -64 4 0 0 0 0 0 0 0 0 0 15 -16 15 -12 17 -17 16 -19 15 -13 17 -17 18 -17 21 -13 18 -17 17 -10 18 -15 17 -13 22 -12 21 -15 16 -9 19 -10 23 -12 15 -7 18 -13 19 -9 23 -14 17 -8 23 -10 16 -15 22 -13 19 -8 4 4 19 -13 19 -15 19 -11 21 -12 15 -10 21 -12 19 -18 19 -16 16 -16 13 -19 18 -14 16 -16 12 -12 13 -14 16 -14 14 -15 15 -14 14 -16 15 -17 10 -19 20 -15 16 -16 16 -20 16 -23 15 -20 14 -15 -2 -2 0 0 0 0 0 0 0 0 ]
CSI_DATA,AP,68:FE:71:12:53:8C,-35,11,1,6,1,1,1,0,0,0,1,-95,0,6,1,55574030,0,84,0,0,55.574,384,[84 -64 4 0 0 0 0 0 0 0 0 0 6 19 7 15 13 15 9 14 10 16 5 20 6 17 4 15 1 22 5 16 4 18 8 14 3 19 3 14 0 14 6 20 4 20 -1 14 5 18 4 12 5 20 6 20 -2 11 1 20 7 18 2 12 4 4 0 18 1 15 4 14 1 11 2 13 7 12 6 17 3 13 2 16 4 10 2 10 8 13 6 12 3 14 2 13 6 13 8 13 6 15 8 9 6 10 7 9 11 7 6 14 11 6 5 6 10 10 4 -4 0 0 0 0 0 0 0 0 ]
CSI_DATA,AP,68:FE:71:12:53:8C,-33,11,1,7,1,1,1,0,0,0,0,-96,0,6,1,55636907,0,84,0,0,55.637,384,[84 -64 4 0 0 0 0 0 0 0 0 0 2 19 -7 22 -5 16 -7 15 -5 14 -9 18 -2 15 -9 19 -8 18 -9 13 -2 19 -8 15 -6 19 -5 16 -7 15 -11 14 -5 19 -5 11 -11 13 -8 10 -9 16 -10 17 -9 11 -3 17 -10 20 -10 14 1 -4 -7 10 -6 15 -5 15 -3 18 -10 10 -3 10 -8 11 -4 13 -1 11 -3 16 -7 9 -8 12 -6 10 -9 10 0 14 -3 16 0 14 -6 9 1 13 0 9 -2 13 -2 11 -1 10 -5 9 -4 11 -1 12 -1 -4 0 0 0 0 0 0 0 0 ]
CSI_DATA,AP,68:FE:71:12:53:8C,-33,11,1,7,1,1,1,0,0,0,0,-94,0,6,1,55749592,0,84,0,0,55.75,384,[84 -64 4 0 0 0 0 0 0 0 0 0 -2 -20 -2 -21 -6 -23 -5 -27 2 -25 1 -27 -1 -25 1 -20 -4 -25 -1 -25 6 -23 3 -30 7 -26 4 -30 5 -26 8 -31 8 -22 10 -20 5 -20 7 -21 6 -27 10 -25 11 -20 6 -20 9 -28 7 -20 3 -2 3 -20 1 -25 8 -19 4 -26 0 -18 1 -20 2 -28 5 -27 3 -25 3 -23 -3 -27 3 -22 5 -22 -2 -24 0 -22 -4 -19 -3 -24 2 -24 -2 -24 0 -18 -2 -25 -3 -25 -1 -20 -2 -23 -5 -19 -3 -25 2 -4 0 0 0 0 0 0 0 0 ]
CSI_DATA,AP,68:FE:71:12:53:8C,-36,11,1,6,1,1,1,0,0,0,0,-94,0,6,1,55843790,0,84,0,0,55.844,384,[84 -64 4 0 0 0 0 0 0 0 0 0 -9 -12 -12 -15 -14 -14 -10 -17 -13 -23 -8 -14 -9 -19 -12 -16 -7 -22 -9 -21 -5 -24 -5 -25 -5 -26 -7 -27 -7 -26 -8 -22 -7 -25 -2 -23 -2 -18 -5 -20 -6 -20 -5 -23 -4 -17 -8 -19 -3 -21 -4 -22 -3 3 -4 -20 -8 -17 -7 -21 -7 -16 -6 -22 -7 -19 -7 -18 -9 -23 -5 -15 -9 -18 -9 -22 -8 -16 -8 -19 -9 -15 -10 -17 -11 -21 -13 -17 -12 -18 -15 -19 -13 -19 -9 -15 -15 -14 -9 -21 -15 -19 -12 -19 -15 -14 1 -2 0 0 0 0 0 0 0 0 ]
CSI_DATA,AP,68:FE:71:12:53:8C,-33,11,1,7,1,1,1,0,0,0,0,-96,0,6,1,55935266,0,84,0,0,55.935,384,[84 -64 4 0 0 0 0 0 0 0 0 0 -5 -25 -1 -17 0 -20 -3 -22 2 -24 0 -22 -1 -20 3 -16 2 -21 -2 -21 6 -21 2 -21 0 -18 1 -19 6 -23 1 -19 7 -20 1 -19 5 -16 0 -18 -2 -15 0 -23 5 -16 0 -19 -1 -15 -2 -18 -3 0 -1 -20 0 -21 3 -20 -5 -21 -2 -15 -2 -14 3 -20 -2 -19 2 -19 0 -19 -3 -12 -6 -14 -5 -15 0 -19 -8 -13 -1 -19 -1 -15 -5 -17 -8 -19 -10 -11 -7 -18 -5 -12 -5 -12 -8 -12 -2 -14 -10 -12 -4 -1 0 0 0 0 0 0 0 0 ]
CSI_DATA,AP,68:FE:71:12:53:8C,-37,11,1,6,1,1,1,1,0,0,0,-95,2,6,1,56070902,0,84,0,0,56.071,384,[37 80 2 0 0 0 0 0 0 0 0 0 -3 27 -3 33 -3 35 -10 34 -5 28 -11 30 -8 26 -6 32 -10 29 -10 27 -13 31 -9 32 -12 33 -14 25 -7 25 -15 27 -14 29 -13 24 -14 25 -11 22 -14 23 -14 23 -10 23 -9 23 -5 29 -7 22 0 3 -11 27 -8 27 -11 25 -2 20 -9 25 -3 21 -7 27 -3 19 -4 28 -6 26 0 28 -6 27 -6 26 -7 21 -6 29 -3 26 -2 26 1 27 -2 22 3 26 -4 27 3 25 -1 21 1 23 2 22 0 26 0 3 0 0 0 0 0 0 0 0 ]
CSI_DATA,AP,68:FE:71:12:53:8C,-32,11,1,7,1,1,1,1,0,0,0,-94,1,6,1,56170171,0,84,0,0,56.17,384,[84 -64 4 0 0 0 0 0 0 0 0 0 20 12 16 13 12 16 17 13 10 11 13 15 10 17 12 16 10 10 17 16 17 11 13 13 13 12 12 14 8 17 11 11 7 11 7 14 8 13 9 11 7 13 8 14 11 14 11 14 12 14 10 16 2 -1 10 9 5 10 8 11 12 9 10 12 11 8 10 9 15 14 8 11 12 7 14 14 10 11 9 5 13 13 10 8 15 8 14 5 13 6 15 12 9 5 17 10 10 8 16 6 13 7 13 4 12 8 -3 -3 0 0 0 0 0 0 0 0 ]
CSI_DATA,AP,68:FE:71:12:53:8C,-35,11,1,5,1,1,1,0,0,0,0,-96,0,6,1,56279662,0,84,0,0,56.28,384,[84 -64 4 0 0 0 0 0 0 0 0 0 -14 10 -17 12 -13 14 -18 15 -13 11 -15 9 -17 13 -21 14 -20 5 -19 11 -17 7 -18 11 -20 5 -18 13 -17 8 -12 10 -16 11 -18 6 -12 3 -19 4 -20 7 -16 10 -14 10 -17 4 -13 8 -18 6 0 4 -15 10 -13 8 -9 10 -17 12 -10 5 -9 6 -14 8 -8 10 -13 7 -12 9 -9 7 -13 13 -11 12 -8 9 -16 14 -12 7 -12 12 -11 14 -9 11 -14 6 -6 9 -10 15 -12 15 -9 12 -8 14 -11 13 1 -2 0 0 0 0 0 0 0 0 ]
CSI_DATA,AP,68:FE:71:12:53:8C,-31,11,1,7,1,1,1,0,0,0,1,-94,0,6,1,56376757,0,84,0,0,56.377,384,[84 -64 4 0 0 0 0 0 0 0 0 0 6 -19 9 -22 6 -21 11 -19 5 -23 7 -22 7 -17 11 -21 13 -17 6 -15 12 -19 12 -14 6 -17 6 -14 7 -18 13 -15 14 -18 9 -9 8 -14 6 -12 6 -12 11 -12 9 -17 6 -14 11 -18 5 -11 0 3 9 -12 4 -14 5 -16 12 -11 9 -9 12 -12 8 -17 7 -9 4 -9 8 -15 6 -18 2 -14 9 -12 2 -16 4 -17 4 -17 2 -17 4 -15 3 -17 1 -14 3 -17 2 -14 7 -12 2 -13 2 -19 3 -15 1 2 0 0 0 0 0 0 0 0 ]
CSI_DATA,AP,68:FE:71:12:53:8C,-35,11,1,6,1,1,1,0,0,0,0,-95,0,6,1,56471127,0,84,0,0,56.471,384,[84 -64 4 0 0 0 0 0 0 0 0 0 16 -23 22 -26 21 -26 18 -19 19 -24 21 -21 20 -21 20 -15 19 -18 24 -19 25 -21 21 -14 27 -13 26 -18 22 -13 26 -16 18 -12 23 -12 24 -12 25 -19 16 -12 17 -16 23 -16 21 -19 16 -17 16 -11 0 -1 19 -18 17 -15 14 -20 15 -15 20 -15 15 -14 20 -19 18 -13 14 -14 17 -13 18 -20 12 -22 13 -22 18 -14 15 -18 10 -16 12 -25 13 -24 9 -16 9 -17 16 -22 15 -20 11 -21 8 -25 11 -21 14 -22 -2 4 0 0 0 0 0 0 0 0 ]
CSI_DATA,AP,68:FE:71:12:53:8C,-31,11,1,7,1,1,1,0,0,0,0,-95,0,6,1,56571858,0,84,0,0,56.572,384,[84 -64 4 0 0 0 0 0 0 0 0 0 -8 36 -15 43 -12 37 -13 41 -17 41 -17 35 -18 34 -20 35 -16 36 -13 32 -21 37 -16 38 -17 34 -21 33 -20 30 -20 33 -18 29 -18 29 -21 29 -18 32 -23 28 -17 26 -16 28 -16 29 -17 31 -13 26 3 4 -21 30 -16 30 -19 27 -11 30 -13 31 -14 29 -21 31 -13 28 -14 29 -15 26 -11 31 -10 29 -16 32 -12 29 -12 31 -10 32 -14 36 -6 33 -4 28 -2 30 -5 30 -6 31 -9 34 -8 37 -3 30 -1 35 2 1 0 0 0 0 0 0 0 0 ]
CSI_DATA,AP,68:FE:71:12:53:8C,-37,11,1,6,1,1,1,0,0,0,0,-95,0,6,1,56687913,0,82,0,0,56.688,384,[84 -64 4 0 0 0 0 0 0 0 0 0 -15 24 -22 25 -19 28 -19 29 -17 21 -18 26 -19 17 -26 21 -20 21 -18 21 -27 17 -25 24 -23 20 -23 20 -20 17 -23 20 -25 14 -23 17 -19 15 -19 18 -16 14 -24 13 -16 12 -18 18 -19 16 -17 20 -3 -4 -19 20 -23 17 -19 17 -20 21 -20 18 -16 16 -20 21 -17 14 -16 14 -16 18 -18 15 -11 14 -11 18 -16 20 -13 17 -12 17 -10 19 -11 19 -16 18 -13 23 -10 16 -17 24 -12 21 -8 24 -15 21 -15 21 -1 0 0 0 0 0 0 0 0 0 ]
CSI_DATA,AP,68:FE:71:12:53:8C,-32,11,1,7,1,1,1,0,0,0,0,-94,0,6,1,56751341,0,84,0,0,56.751,384,[84 -64 4 0 0 0 0 0 0 0 0 0 15 6 19 5 18 8 18 3 23 6 16 10 21 7 14 10 14 13 18 14 16 8 17 12 18 8 17 12 16 11 19 14 11 9 10 14 12 13 10 11 14 6 16 15 17 10 11 8 12 6 15 12 -1 3 18 10 17 13 19 12 12 10 12 11 12 10 12 6 18 5 13 7 12 6 13 3 13 9 16 1 16 3 14 8 14 5 15 3 11 5 20 3 16 4 13 5 15 6 16 2 18 4 12 -2 17 5 4 1 0 0 0 0 0 0 0 0 ]
CSI_DATA,AP,68:FE:71:12:53:8C,-35,11,1,6,1,1,1,0,0,0,0,-94,0,6,1,56866182,0,84,0,0,56.866,384,[84 -64 4 0 0 0 0 0 0 0 0 0 -5 19 -5 13 -7 17 -3 17 -10 18 -3 18 -12 20 -9 20 -5 16 -10 13 -10 15 -9 14 -10 18 -8 18 -11 12 -12 19 -7 14 -7 15 -10 15 -10 16 -6 14 -8 11 -11 12 -8 17 -10 12 -12 14 3 2 -3 10 -5 17 -4 12 -11 11 -2 15 -10 14 -6 14 -4 12 -5 11 -1 9 -6 9 -3 11 -4 16 -6 14 0 10 -4 18 0 12 1 11 -3 12 -5 15 -5 17 1 12 -5 15 3 18 -1 15 -1 10 -2 -3 0 0 0 0 0 0 0 0 ]
CSI_DATA,AP,68:FE:71:12:53:8C,-35,11,1,6,1,1,1,0,0,0,0,-95,0,6,1,56981592,0,84,0,0,56.982,384,[84 -64 4 0 0 0 0 0 0 0 0 0 -1 17 1 20 0 18 -3 18 -7 19 -3 18 -1 17 -1 19 -7 14 -7 13 -2 19 -10 21 -6 20 -9 15 -4 12 -7 19 -4 20 -11 12 -5 15 -9 11 -6 17 -8 14 -3 15 -3 12 -2 13 -8 16 -1 0 -2 10 -3 15 -8 14 -6 15 -4 10 -5 14 1 11 -8 18 -4 13 0 14 -2 15 0 10 -3 18 2 13 -2 15 -1 15 4 10 3 12 2 11 1 17 1 12 3 18 -4 12 5 11 0 12 3 15 3 -2 0 0 0 0 0 0 0 0 ]
CSI_DATA,AP,68:FE:71:12:53:8C,-33,11,1,6,1,1,1,1,0,0,0,-96,4,6,1,57109704,0,84,0,0,57.11,384,[84 -64 4 0 0 0 0 0 0 0 0 0 -16 3 -20 2 -22 3 -17 -4 -17 -1 -21 -2 -19 -5 -23 -6 -23 -3 -21 -3 -21 0 -24 -3 -20 -4 -21 -7 -20 -7 -21 -2 -14 -10 -16 -7 -17 -8 -14 -6 -19 -9 -14 -7 -17 -2 -12 -8 -12 -1 -12 -3 2 -1 -16 -1 -13 -3 -17 -2 -18 -1 -18 -3 -14 -2 -19 1 -14 -3 -14 -3 -16 2 -13 -4 -16 -6 -16 2 -16 0 -18 2 -15 -1 -13 -2 -14 -1 -21 -3 -13 1 -13 -4 -17 -3 -14 0 -18 6 -13 -3 -18 5 -1 2 0 0 0 0 0 0 0 0 ]
CSI_DATA,AP,68:FE:71:12:53:8C,-37,11,1,5,1,1,1,1,0,0,0,-96,5,6,1,57220500,0,84,0,0,57.221,384,[84 -64 4 0 0 0 0 0 0 0 0 0 -23 5 -24 -2 -19 -4 -20 3 -24 -1 -20 1 -22 -5 -21 1 -22 -6 -16 -1 -18 -6 -19 0 -16 -4 -23 -6 -14 -3 -20 -8 -20 -2 -16 -7 -18 -8 -14 -1 -15 -4 -18 -7 -19 -8 -20 -6 -18 -1 -20 -5 2 1 -12 -6 -18 -3 -15 0 -17 -1 -19 1 -18 -5 -20 1 -16 -5 -13 -7 -17 -2 -12 -6 -14 -6 -18 -4 -14 1 -14 3 -13 3 -20 -1 -13 2 -14 3 -12 3 -14 0 -12 -3 -14 2 -16 3 -14 5 -15 -3 2 0 0 0 0 0 0 0 0 0 ]
CSI_DATA,AP,68:FE:71:12:53:8C,-35,11,1,7,1,1,1,0,0,0,0,-96,0,6,1,57332879,0,84,0,0,57.333,384,[84 -64 4 0 0 0 0 0 0 0 0 0 -30 -28 -26 -32 -27 -32 -25 -33 -28 -32 -20 -31 -25 -31 -17 -36 -22 -36 -18 -29 -18 -34 -21 -30 -19 -29 -14 -33 -17 -32 -15 -32 -19 -35 -17 -29 -12 -30 -15 -35 -17 -30 -17 -35 -12 -32 -16 -35 -15 -29 -16 -30 4 -4 -19 -32 -18 -33 -18 -25 -19 -31 -21 -26 -18 -25 -21 -27 -20 -26 -21 -29 -24 -21 -19 -27 -20 -24 -22 -20 -23 -22 -23 -27 -25 -19 -23 -28 -28 -22 -24 -22 -26 -23 -27 -18 -25 -23 -22 -24 -23 -17 -28 -18 -28 -18 -1 1 0 0 0 0 0 0 0 0 ]
CSI_DATA,AP,68:FE:71:12:53:8C,-34,11,1,5,1,1,1,1,0,0,0,-95,5,6,1,57438419,0,84,0,0,57.438,384,[84 -64 4 0 0 0 0 0 0 0 0 0 -22 5 -21 6 -24 6 -21 7 -23 1 -24 8 -23 5 -18 6 -24 1 -15 4 -18 6 -18 2 -23 5 -20 4 -14 -2 -15 5 -19 4 -16 -2 -13 3 -20 -4 -15 4 -17 1 -20 -3 -15 2 -20 -3 -13 -3 3 0 -19 5 -18 3 -15 -1 -13 1 -20 3 -20 -2 -18 5 -14 -1 -16 6 -17 7 -19 5 -13 6 -13 1 -11 3 -20 8 -11 5 -12 4 -11 7 -17 8 -14 7 -19 4 -17 4 -14 7 -14 8 -13 7 -17 9 1 3 0 0 0 0 0 0 0 0 ]
CSI_DATA,AP,68:FE:71:12:53:8C,-37,11,0,0,0,0,0,1,0,0,0,-95,5,6,1,57555578,0,37,0,0,57.556,128,[84 -64 4 0 0 0 0 0 0 0 0 0 35 -16 36 -15 33 -17 39 -13 35 -19 31 -15 38 -12 38 -13 36 -12 34 -11 40 -5 39 -5 38 -4 39 -5 39 -3 36 -10 34 -6 37 -6 35 -4 31 -5 33 -4 34 -8 32 -7 37 0 30 -2 30 -7 2 -1 29 -2 34 -10 28 -6 30 -5 31 -9 28 -11 30 -9 30 -13 32 -7 31 -14 33 -9 30 -9 29 -6 32 -14 25 -9 24 -16 32 -16 26 -16 25 -17 23 -15 27 -13 25 -17 26 -16 31 -21 29 -18 24 -15 1 1 0 0 0 0 0 0 0 0 ]
CSI_DATA,AP,68:FE:71:12:53:8C,-37,11,1,7,1,1,1,0,0,0,0,-96,0,6,1,57679848,0,84,0,0,57.68,384,[84 -64 4 0 0 0 0 0 0 0 0 0 12 -13 6 -19 7 -17 13 -15 8 -17 13 -14 11 -15 15 -18 17 -16 12 -13 17 -17 18 -10 14 -13 13 -15 11 -16 16 -10 16 -9 15 -15 9 -14 16 -12 17 -7 10 -10 12 -9 15 -12 9 -11 10 -12 -3 3 9 -10 8 -15 15 -8 11 -15 8 -16 9 -10 12 -8 11 -8 9 -10 10 -13 8 -9 8 -14 12 -10 8 -15 5 -13 6 -12 13 -18 8 -18 5 -15 6 -12 12 -13 6 -18 8 -18 3 -15 8 -13 10 -16 -2 0 0 0 0 0 0 0 0 0 ]
CSI_DATA,AP,68:FE:71:12:53:8C,-37,11,1,5,1,1,1,1,0,0,0,-95,1,6,1,57796118,0,84,0,0,57.796,384,[84 -64 4 0 0 0 0 0 0 0 0 0 10 -16 11 -19 8 -18 14 -15 11 -16 12 -11 9 -15 10 -14 16 -18 12 -16 18 -14 15 -10 18 -18 12 -15 17 -10 13 -13 16 -13 15 -13 17 -10 12 -9 15 -15 16 -14 10 -13 8 -12 9 -9 10 -8 0 -4 15 -7 9 -12 9 -9 13 -12 8 -9 14 -15 14 -10 7 -12 9 -10 12 -16 5 -15 8 -10 9 -12 10 -9 11 -12 7 -10 13 -13 8 -11 12 -10 6 -18 7 -16 6 -17 11 -12 4 -12 10 -13 10 -15 1 -4 0 0 0 0 0 0 0 0 ]
CSI_DATA,AP,68:FE:71:12:53:8C,-34,11,1,5,1,1,1,1,0,0,0,-94,4,6,1,57880693,0,84,0,0,57.881,384,[84 -64 4 0 0 0 0 0 0 0 0 0 -20 -5 -19 -2 -18 -4 -20 -5 -24 -7 -22 -3 -20 -9 -21 -7 -22 -9 -20 -10 -22 -9 -21 -9 -17 -12 -20 -7 -17 -6 -18 -7 -19 -8 -20 -6 -18 -3 -14 -6 -14 -12 -20 -11 -14 -12 -16 -6 -16 -11 -17 -3 2 3 -14 -6 -16 -5 -21 -10 -20 -8 -15 -9 -21 -9 -20 -4 -15 -5 -19 -7 -18 -3 -17 -4 -17 -2 -14 -4 -18 -3 -15 0 -15 2 -20 -7 -16 2 -14 0 -17 -5 -21 -5 -16 2 -19 -1 -22 1 -13 2 -14 0 3 4 0 0 0 0 0 0 0 0 ]
CSI_DATA,AP,68:FE:71:12:53:8C,-36,11,1,7,1,1,1,0,0,0,0,-96,0,6,1,57973453,0,84,0,0,57.973,384,[84 -64 4 0 0 0 0 0 0 0 0 0 19 1 24 -2 22 -4 21 1 15 0 21 6 22 3 15 0 19 0 21 3 14 2 22 1 21 5 21 7 16 6 16 1 17 2 20 6 19 3 14 9 18 4 13 3 19 7 15 3 15 7 16 6 1 1 12 0 15 6 20 2 14 0 11 1 15 5 13 3 17 1 19 4 14 -2 12 4 17 3 20 -2 19 1 15 1 12 4 18 2 20 -4 19 2 15 2 17 1 19 -2 11 -3 19 0 19 -6 12 -6 -3 1 0 0 0 0 0 0 0 0 ]
CSI_DATA,AP,68:FE:71:12:53:8C,-35,11,1,5,1,1,1,0,0,0,0,-96,0,6,1,58089400,0,84,0,0,58.089,384,[84 -64 4 0 0 0 0 0 0 0 0 0 11 -19 9 -24 12 -16 6 -17 5 -17 6 -20 14 -21 11 -16 14 -19 14 -14 15 -13 12 -20 8 -20 10 -16 16 -18 14 -15 15 -14 14 -18 14 -16 10 -10 9 -12 11 -17 14 -11 15 -18 10 -17 10 -13 0 2 11 -12 14 -12 8 -11 12 -11 6 -15 10 -10 6 -14 12 -17 5 -17 10 -17 6 -16 8 -11 7 -14 3 -20 8 -11 3 -13 6 -15 9 -19 4 -14 2 -20 6 -12 9 -14 2 -15 8 -14 6 -13 5 -14 2 0 0 0 0 0 0 0 0 0 ]
CSI_DATA,AP,68:FE:71:12:53:8C,-33,11,1,7,1,1,1,0,0,0,0,-95,0,6,1,58177443,0,84,0,0,58.177,384,[84 -64 4 0 0 0 0 0 0 0 0 0 4 17 8 23 6 23 4 24 7 19 1 19 3 22 3 17 2 16 -1 17 -3 23 -5 21 -1 17 -5 21 -1 19 1 22 -4 18 -1 15 1 17 -2 15 2 13 -4 17 -4 13 0 14 -1 20 -2 13 4 2 -1 13 3 18 -1 14 3 13 3 18 2 17 -3 12 -2 20 3 19 2 12 5 16 0 11 5 11 6 14 4 19 3 15 0 16 7 11 6 16 6 11 4 17 7 18 7 19 7 16 8 13 8 12 1 1 0 0 0 0 0 0 0 0 ]
CSI_DATA,AP,68:FE:71:12:53:8C,-34,11,1,6,1,1,1,0,0,0,0,-95,0,6,1,58282645,0,84,0,0,58.283,384,[84 -64 4 0 0 0 0 0 0 0 0 0 -21 -9 -16 -11 -20 -10 -21 -14 -18 -9 -18 -8 -14 -10 -15 -11 -15 -9 -14 -14 -13 -17 -20 -10 -19 -14 -14 -16 -17 -11 -16 -16 -10 -11 -14 -10 -17 -12 -14 -12 -18 -13 -12 -14 -15 -9 -16 -10 -17 -10 -14 -10 0 1 -12 -13 -12 -11 -14 -7 -13 -6 -10 -7 -16 -13 -13 -10 -13 -12 -11 -12 -12 -12 -19 -12 -15 -11 -11 -4 -14 -5 -14 -8 -14 -7 -15 -4 -18 -10 -12 -8 -14 -6 -18 -6 -15 -6 -20 -2 -15 -2 -13 -9 -13 -6 -4 -4 0 0 0 0 0 0 0 0 ]
CSI_DATA,AP,68:FE:71:12:53:8C,-36,11,1,7,1,1,1,0,0,0,0,-95,0,6,1,58363763,0,84,0,0,58.364,384,[84 -64 4 0 0 0 0 0 0 0 0 0 -25 -9 -23 -3 -23 -8 -26 -8 -25 -7 -21 -14 -21 -7 -22 -10 -18 -11 -20 -13 -15 -9 -22 -11 -23 -14 -14 -12 -15 -13 -21 -9 -20 -8 -18 -10 -14 -12 -16 -12 -14 -13 -13 -13 -14 -10 -13 -8 -20 -11 -12 -14 3 3 -16 -11 -18 -11 -14 -11 -15 -9 -19 -6 -16 -9 -18 -7 -20 -4 -17 -5 -15 -5 -17 -6 -12 -11 -19 -7 -15 -4 -18 -7 -20 -4 -14 -5 -21 -1 -21 -8 -20 -2 -17 -3 -16 -3 -18 -3 -17 -3 -15 -4 -22 -6 -2 -1 0 0 0 0 0 0 0 0 ]
CSI_DATA,AP,68:FE:71:12:53:8C,-32,11,1,7,1,1,1,0,0,0,0,-96,0,6,1,58466855,0,84,0,0,58.467,384,[84 -64 4 0 0 0 0 0 0 0 0 0 -16 -9 -19 -6 -17 -13 -22 -14 -21 -12 -18 -10 -22 -10 -14 -10 -14 -10 -20 -15 -14 -14 -19 -11 -21 -12 -13 -18 -14 -13 -19 -18 -12 -16 -17 -14 -13 -13 -16 -12 -17 -17 -17 -14 -15 -9 -14 -13 -14 -16 -10 -14 -1 2 -15 -15 -19 -14 -14 -8 -13 -7 -15 -13 -16 -9 -17 -12 -17 -14 -15 -10 -12 -11 -18 -13 -14 -7 -12 -8 -19 -11 -14 -5 -12 -7 -20 -5 -15 -4 -18 -12 -15 -6 -14 -8 -12 -10 -16 -4 -16 -10 -16 -8 -13 -8 3 -1 0 0 0 0 0 0 0 0 ]
CSI_DATA,AP,68:FE:71:12:53:8C,-35,11,1,7,1,1,1,0,0,0,0,-95,0,6,1,58586306,0,84,0,0,58.586,384,[84 -64 4 0 0 0 0 0 0 0 0 0 24 0 17 1 25 -1 21 3 25 2 19 1 22 1 22 0 17 1 20 4 25 8 21 -1 16 5 23 6 20 2 20 7 19 0 16 8 19 1 15 1 18 3 22 2 16 6 21 7 17 2 16 8 2 4 21 4 15 1 21 7 22 1 17 -2 16 -2 21 6 20 5 21 0 16 2 19 0 18 1 18 0 14 3 15 -5 19 -4 20 2 20 2 19 1 17 -2 21 1 15 -4 17 -1 21 -1 12 0 13 -7 2 3 0 0 0 0 0 0 0 0 ]
CSI_DATA,AP,68:FE:71:12:53:8C,-37,11,1,7,1,1,1,0,0,0,0,-94,0,6,1,58693050,0,84,0,0,58.693,384,[84 -64 4 0 0 0 0 0 0 0 0 0 1 16 6 17 6 19 3 18 2 22 2 23 0 22 0 15 -6 20 -2 22 0 23 -7 24 -3 21 -7 23 -3 15 -1 22 -4 18 -5 16 -1 22 -1 15 -2 14 -5 19 -7 17 -3 15 0 20 1 15 2 -2 -7 19 -2 21 -4 14 -2 16 -1 15 1 17 3 15 -2 14 -2 12 -2 19 6 20 -1 18 2 19 1 12 -1 21 6 17 4 17 3 20 5 16 2 19 3 14 5 17 6 19 4 12 4 17 7 12 -3 0 0 0 0 0 0 0 0 0 ]
CSI_DATA,AP,68:FE:71:12:53:8C,-37,11,1,6,1,1,1,0,0,0,0,-95,0,6,1,58780646,0,84,0,0,58.781,384,[84 -64 4 0 0 0 0 0 0 0 0 0 -10 20 -13 19 -10 22 -15 21 -9 20 -13 15 -12 13 -10 12 -12 13 -16 12 -16 21 -16 15 -12 14 -14 15 -12 14 -13 17 -13 13 -12 10 -17 14 -18 15 -15 10 -11 17 -11 12 -9 14 -10 10 -11 16 4 -1 -12 16 -10 10 -11 18 -7 16 -14 10 -11 16 -9 11 -12 11 -8 13 -9 11 -9 12 -10 10 -5 12 -9 12 -6 19 -5 15 -9 17 -4 14 -5 19 -5 12 -7 16 -3 19 -8 13 -2 19 -8 17 -1 14 -4 -2 0 0 0 0 0 0 0 0 ]
CSI_DATA,AP,68:FE:71:12:53:8C,-35,11,1,6,1,1,1,0,0,0,0,-96,0,6,1,58882609,0,84,0,0,58.883,384,[84 -64 4 0 0 0 0 0 0 0 0 0 18 -11 17 -10 22 -10 17 -11 18 -14 21 -9 19 -10 15 -7 21 -7 21 -12 18 -11 21 -8 19 -10 15 -4 14 -5 20 -5 18 -11 16 -9 21 -5 17 -6 16 -2 19 -3 20 -8 18 -2 20 -11 17 -3 3 0 19 -4 13 -8 19 -12 16 -13 13 -7 17 -7 14 -11 13 -12 18 -6 12 -7 15 -8 11 -7 9 -9 16 -11 13 -10 15 -11 11 -10 14 -14 9 -13 9 -10 11 -10 14 -8 15 -15 10 -12 11 -11 14 -15 1 1 0 0 0 0 0 0 0 0 ]
CSI_DATA,AP,68:FE:71:12:53:8C,-32,11,1,7,1,1,1,0,0,0,0,-96,0,6,1,58966967,0,84,0,0,58.967,384,[84 -64 4 0 0 0 0 0 0 0 0 0 19 -8 17 -8 23 -5 23 -10 20 -7 21 -1 17 -3 17 -3 15 -3 16 -3 20 -1 18 -7 24 -5 15 2 17 0 19 -6 17 1 13 -6 13 -1 20 -3 14 1 19 -6 13 -2 14 1 15 2 14 -4 -1 1 16 -6 17 -6 12 -7 20 -6 18 -5 16 -3 13 0 16 -9 12 -5 12 -5 14 -9 12 -3 14 -6 15 -7 11 -3 15 -4 19 -6 16 -8 17 -10 11 -6 16 -11 13 -4 12 -8 13 -12 15 -10 9 -11 3 -2 0 0 0 0 0 0 0 0 ]
CSI_DATA,AP,68:FE:71:12:53:8C,-30,11,1,7,1,1,1,0,0,0,0,-94,0,6,1,59051105,0,84,0,0,59.051,384,[84 -64 4 0 0 0 0 0 0 0 0 0 -11 -14 -9 -21 -14 -22 -6 -22 -6 -22 -5 -16 -6 -19 -4 -19 -8 -21 -5 -17 -4 -23 -4 -17 -8 -23 -6 -20 -3 -18 -2 -23 -3 -16 0 -15 -2 -22 -5 -20 -3 -16 -4 -16 -2 -19 -2 -13 -3 -18 -6 -19 2 4 -3 -18 -9 -17 0 -14 -8 -14 -1 -13 -7 -15 -4 -19 -10 -18 -7 -16 -4 -12 -5 -17 -5 -19 -4 -12 -4 -18 -4 -12 -9 -20 -11 -14 -11 -12 -5 -16 -9 -11 -13 -17 -7 -10 -13 -10 -14 -12 -5 -18 -7 -12 4 -1 0 0 0 0 0 0 0 0 ]
CSI_DATA,AP,68:FE:71:12:53:8C,-39,11,1,6,1,1,1,0,0,0,0,-93,0,6,1,59129057,0,84,0,0,59.129,384,[84 -64 4 0 0 0 0 0 0 0 0 0 11 16 14 11 13 20 15 14 7 16 7 18 12 17 7 14 7 14 4 18 4 15 6 21 3 16 8 17 5 18 5 21 3 16 7 20 9 18 5 18 8 20 5 20 7 13 2 15 5 14 9 17 3 0 6 15 4 12 8 19 6 12 6 15 5 12 10 12 6 13 6 14 9 11 8 16 3 10 12 11 4 17 8 9 7 14 10 14 9 14 12 12 13 11 11 12 8 9 10 16 13 16 13 13 6 9 2 0 0 0 0 0 0 0 0 0 ]
CSI_DATA,AP,68:FE:71:12:53:8C,-33,11,1,7,1,1,1,0,0,0,0,-94,0,6,1,59270099,0,84,0,0,59.27,384,[84 -64 4 0 0 0 0 0 0 0 0 0 18 2 17 -6 18 2 25 2 22 1 20 0 20 3 18 -2 17 6 21 2 22 0 24 4 24 3 19 6 14 0 19 8 21 2 19 8 17 2 17 5 16 6 19 2 15 7 20 5 15 4 19 6 -3 -1 20 2 21 2 20 -2 21 1 17 -3 14 -2 14 2 17 0 16 0 12 1 18 1 12 -1 12 -1 18 2 20 -2 19 -3 20 -1 20 0 19 -3 20 -2 14 -4 17 -4 19 0 19 -5 15 -5 12 -1 -2 -1 0 0 0 0 0 0 0 0 ]
CSI_DATA,AP,68:FE:71:12:53:8C,-33,11,1,7,1,1,1,0,0,0,0,-95,0,6,1,59347699,0,84,0,0,59.348,384,[84 -64 4 0 0 0 0 0 0 0 0 0 5 -21 4 -24 3 -21 3 -18 7 -24 9 -18 9 -24 9 -16 6 -19 11 -18 7 -22 9 -15 12 -17 8 -16 12 -21 6 -15 9 -20 11 -14 12 -17 13 -15 7 -17 6 -17 9 -16 13 -15 5 -13 11 -12 1 -4 11 -12 5 -16 5 -17 2 -14 8 -13 6 -13 5 -12 10 -20 6 -20 5 -12 3 -20 8 -13 2 -20 3 -16 3 -18 5 -15 1 -16 -2 -14 1 -17 0 -17 -1 -14 6 -15 5 -16 4 -18 0 -16 1 -19 0 3 0 0 0 0 0 0 0 0 ]
CSI_DATA,AP,68:FE:71:12:53:8C,-35,11,1,5,1,1,1,1,0,0,0,-95,4,6,1,59443683,0,84,0,0,59.444,384,[84 -64 4 0 0 0 0 0 0 0 0 0 -21 -17 -12 -14 -19 -17 -14 -14 -14 -17 -12 -12 -9 -18 -12 -18 -16 -16 -12 -21 -10 -20 -17 -18 -11 -17 -8 -21 -8 -20 -10 -22 -7 -18 -6 -15 -5 -19 -13 -20 -8 -19 -12 -21 -8 -13 -14 -19 -15 -18 -14 -14 -3 -4 -12 -11 -11 -11 -6 -12 -15 -13 -11 -18 -10 -11 -14 -11 -15 -16 -13 -13 -15 -10 -11 -13 -9 -15 -17 -10 -15 -8 -14 -11 -17 -10 -14 -9 -15 -13 -14 -11 -10 -13 -17 -11 -15 -8 -15 -6 -16 -6 -11 -6 -14 -6 4 4 0 0 0 0 0 0 0 0 ]
CSI_DATA,AP,68:FE:71:12:53:8C,-33,11,1,7,1,1,1,0,0,0,0,-94,0,6,1,59553277,0,84,0,0,59.553,384,[84 -64 4 0 0 0 0 0 0 0 0 0 -18 -9 -14 -10 -20 -17 -22 -13 -14 -18 -12 -14 -17 -12 -16 -13 -15 -19 -16 -12 -14 -16 -17 -16 -12 -14 -12 -22 -13 -19 -14 -17 -9 -17 -6 -13 -8 -20 -9 -19 -6 -14 -7 -15 -11 -19 -9 -15 -15 -13 -7 -11 4 -3 -14 -16 -12 -19 -12 -14 -12 -12 -15 -10 -7 -18 -15 -13 -15 -11 -9 -17 -8 -13 -13 -14 -9 -9 -10 -9 -17 -14 -16 -9 -18 -11 -16 -14 -13 -12 -16 -12 -14 -9 -14 -11 -14 -14 -14 -10 -18 -8 -13 -9 -15 -13 -1 -4 0 0 0 0 0 0 0 0 ]
CSI_DATA,AP,68:FE:71:12:53:8C,-33,11,1,7,1,1,1,0,0,0,0,-95,0,6,1,59647783,0,84,0,0,59.648,384,[84 -64 4 0 0 0 0 0 0 0 0 0 -16 11 -13 15 -21 17 -23 9 -17 13 -18 8 -21 8 -19 8 -17 12 -20 11 -18 8 -17 12 -21 8 -20 6 -16 7 -18 10 -15 5 -21 6 -19 5 -19 8 -21 3 -16 6 -19 5 -16 9 -20 4 -19 9 1 -2 -12 4 -16 9 -20 10 -17 12 -18 5 -15 5 -18 5 -10 7 -18 5 -17 9 -9 12 -13 10 -11 6 -17 5 -14 13 -14 10 -14 7 -13 14 -16 6 -13 13 -10 13 -11 8 -15 13 -8 11 -11 8 -12 11 2 -1 0 0 0 0 0 0 0 0 ]
CSI_DATA,AP,68:FE:71:12:53:8C,-33,11,1,6,1,1,1,0,0,0,0,-95,0,6,1,59768150,0,84,0,0,59.768,384,[84 -64 4 0 0 0 0 0 0 0 0 0 -8 16 -9 21 -7 22 -10 23 -9 16 -6 14 -10 17 -13 17 -12 13 -14 17 -7 19 -15 15 -7 19 -10 12 -16 16 -15 17 -7 18 -12 12 -14 14 -7 18 -10 11 -7 13 -9 10 -11 12 -8 14 -11 10 -3 -1 -13 16 -6 15 -10 19 -4 14 -4 15 -12 18 -11 15 -5 15 -5 16 -8 14 -9 17 -2 14 -5 15 -6 16 -6 16 -9 13 -2 14 -4 14 -8 20 -4 12 -5 17 -6 16 -7 12 -6 13 -2 19 -4 19 0 -1 0 0 0 0 0 0 0 0 ]
CSI_DATA,AP,68:FE:71:12:53:8C,-34,11,1,6,1,1,1,1,0,0,0,-94,3,6,1,59909084,0,84,0,0,59.909,384,[84 -64 4 0 0 0 0 0 0 0 0 0 10 22 11 16 12 22 12 24 11 18 11 22 6 21 6 20 2 18 5 14 5 19 3 17 8 17 5 19 3 15 5 19 -1 18 0 19 6 20 2 22 1 20 4 15 3 18 1 21 1 19 4 13 -2 -2 6 14 3 13 3 19 1 11 7 19 1 14 8 14 7 16 6 15 2 17 7 13 2 13 10 18 4 12 9 18 10 16 4 13 5 10 8 11 11 15 12 11 8 17 4 18 9 10 7 17 4 11 -4 1 0 0 0 0 0 0 0 0 ]
CSI_DATA,AP,68:FE:71:12:53:8C,-32,11,1,7,1,1,1,0,0,0,0,-96,0,6,1,59994372,0,84,0,0,59.994,384,[84 -64 4 0 0 0 0 0 0 0 0 0 2 -21 2 -24 6 -22 8 -18 12 -22 12 -20 8 -16 5 -19 14 -14 6 -14 14 -17 12 -17 10 -18 9 -15 8 -18 12 -17 7 -11 7 -19 14 -12 12 -15 12 -14 7 -16 9 -18 5 -12 9 -15 9 -15 -4 -1 6 -16 10 -15 6 -20 10 -16 12 -14 4 -16 4 -13 4 -15 3 -13 2 -12 3 -14 5 -12 10 -19 9 -12 2 -18 3 -15 8 -17 4 -19 7 -16 1 -18 5 -14 1 -14 0 -13 3 -20 1 -14 -2 -14 -2 -3 0 0 0 0 0 0 0 0 ]
CSI_DATA,AP,68:FE:71:12:53:8C,-35,11,1,7,1,1,1,0,0,0,0,-94,0,6,1,60098025,0,82,0,0,60.098,384,[84 -64 4 0 0 0 0 0 0 0 0 0 -10 -15 -8 -16 -8 -22 -9 -18 -12 -23 -6 -20 -8 -15 -3 -17 -9 -16 -3 -17 -9 -20 -3 -24 -7 -17 -5 -19 -3 -16 -2 -17 -7 -17 -8 -21 -6 -15 -5 -18 -3 -14 0 -15 -2 -16 -8 -15 -2 -19 -3 -21 3 0 -1 -13 -2 -12 -2 -20 -6 -13 -6 -12 -2 -17 -2 -20 -5 -13 -7 -10 -7 -17 -10 -11 -6 -12 -6 -14 -12 -13 -12 -13 -9 -14 -7 -15 -8 -11 -5 -13 -13 -12 -12 -17 -8 -17 -6 -10 -10 -14 -6 -10 -7 -15 4 -2 0 0 0 0 0 0 0 0 ]
CSI_DATA,AP,68:FE:71:12:53:8C,-32,11,1,6,1,1,1,0,0,0,0,-94,0,6,1,60194551,0,84,0,0,60.195,384,[84 -64 4 0 0 0 0 0 0 0 0 0 14 -9 14 -11 14 -10 16 -5 21 -8 17 -10 16 -7 13 -5 14 -11 20 -8 14 -3 20 -9 19 -2 20 -8 12 -8 15 -3 19 -1 17 -3 14 -7 12 -2 13 -6 15 -2 16 -6 13 -8 14 -3 12 -8 2 -3 12 -3 15 -5 15 -8 17 -7 16 -8 17 -5 16 -8 15 -8 13 -8 12 -5 16 -7 14 -11 10 -11 10 -4 13 -5 15 -7 10 -9 7 -12 12 -12 6 -12 9 -7 7 -7 12 -6 14 -14 6 -11 11 -7 -1 1 0 0 0 0 0 0 0 0 ]
CSI_DATA,AP,68:FE:71:12:53:8C,-34,11,1,6,1,1,1,0,0,0,0,-93,0,6,1,60281474,0,84,0,0,60.281,384,[84 -64 4 0 0 0 0 0 0 0 0 0 -12 20 -8 13 -11 16 -12 20 -6 14 -10 11 -12 18 -11 12 -11 17 -9 10 -11 16 -8 17 -12 17 -15 11 -11 10 -10 17 -12 12 -14 15 -10 7 -16 14 -12 10 -15 11 -12 13 -10 13 -12 16 -7 9 -1 2 -8 13 -14 16 -15 8 -7 14 -13 8 -12 14 -6 12 -10 16 -9 12 -10 10 -5 15 -7 15 -9 14 -5 11 -9 11 -10 10 -5 10 -3 10 -4 10 -4 14 -9 13 -10 16 -6 17 -3 13 -8 17 -9 10 0 -1 0 0 0 0 0 0 0 0 ]
CSI_DATA,AP,68:FE:71:12:53:8C,-31,11,1,7,1,1,1,0,0,0,0,-93,0,6,1,60377063,0,84,0,0,60.377,384,[84 -64 4 0 0 0 0 0 0 0 0 0 1 18 -1 14 -2 21 -8 17 -2 18 -6 14 -6 15 -6 11 -5 15 -7 18 -8 12 -6 17 -5 17 -8 11 -4 10 -4 10 -3 11 -3 13 -4 16 -8 13 -11 15 -5 12 -2 11 -5 16 -8 14 -5 11 1 2 -1 13 -7 11 0 16 -3 16 -8 16 -1 18 -8 14 -7 17 -5 9 -3 10 -5 15 -1 14 -5 16 -2 13 0 12 -2 15 -3 19 -4 18 -4 14 -3 11 -5 14 3 16 1 12 1 18 -3 16 4 12 -2 2 0 0 0 0 0 0 0 0 ]
CSI_DATA,AP,68:FE:71:12:53:8C,-31,11,1,6,1,1,1,0,0,0,0,-94,0,6,1,60480485,0,84,0,0,60.48,384,[84 -64 4 0 0 0 0 0 0 0 0 0 16 12 13 8 15 14 20 11 18 8 19 12 13 14 19 11 14 10 10 10 19 18 16 12 15 11 14 9 13 15 18 13 9 15 11 9 16 12 11 15 16 7 13 8 10 12 17 10 15 12 15 10 -2 1 17 5 12 6 16 13 12 4 10 5 15 10 14 9 16 4 13 11 8 5 10 10 10 5 17 9 10 6 12 8 16 6 10 3 15 7 15 2 14 5 12 8 16 5 18 3 18 8 15 8 16 5 -3 -2 0 0 0 0 0 0 0 0 ]
CSI_DATA,AP,68:FE:71:12:53:8C,-32,11,1,7,1,1,1,1,0,0,0,-95,3,6,1,60584550,0,84,0,0,60.585,384,[84 -64 4 0 0 0 0 0 0 0 0 0 -21 5 -23 -1 -18 5 -23 4 -16 -4 -16 -1 -17 -3 -20 -2 -21 -1 -18 -5 -19 -4 -22 -6 -19 -7 -18 0 -18 -5 -21 -8 -20 0 -13 -2 -19 -1 -16 -4 -20 -5 -19 -2 -16 -4 -14 -4 -12 -2 -19 0 -1 4 -14 1 -12 -6 -16 1 -15 0 -16 1 -13 2 -18 -1 -18 -2 -13 -1 -13 2 -18 5 -13 2 -12 -2 -14 -1 -12 -1 -15 5 -18 5 -12 0 -16 3 -14 4 -15 0 -14 0 -12 7 -16 3 -11 3 -15 1 3 -3 0 0 0 0 0 0 0 0 ]
CSI_DATA,AP,68:FE:71:12:53:8C,-32,11,1,7,1,1,1,0,0,0,0,-93,0,6,1,60668786,0,84,0,0,60.669,384,[84 -64 4 0 0 0 0 0 0 0 0 0 25 -20 33 -15 34 -16 36 -14 28 -15 29 -8 30 -8 34 -9 34 -14 33 -11 34 -6 33 -11 30 -4 30 -8 30 -8 36 -9 32 -4 30 -7 31 -4 27 -4 32 -5 29 -2 30 -6 29 -6 30 -5 31 -6 -3 -4 30 -6 28 -9 24 -12 26 -11 23 -5 21 -8 30 -11 24 -12 24 -9 22 -10 24 -15 26 -8 25 -13 19 -16 21 -15 24 -13 24 -15 20 -15 24 -13 24 -16 24 -17 25 -18 22 -20 24 -15 22 -20 19 -13 -1 2 0 0 0 0 0 0 0 0 ]
CSI_DATA,AP,68:FE:71:12:53:8C,-32,11,1,7,1,1,1,0,0,0,0,-95,0,6,1,60746944,0,84,0,0,60.747,384,[84 -64 4 0 0 0 0 0 0 0 0 0 3 5 4 7 6 7 6 5 9 4 10 3 10 7 4 9 9 7 2 7 9 1 8 4 6 3 10 8 3 2 7 4 6 4 2 3 5 5 1 2 6 8 9 2 9 2 7 9 2 9 2 6 4 -3 5 2 7 1 2 0 2 7 8 2 2 8 5 8 9 6 3 7 9 0 7 4 9 -1 2 3 3 7 7 5 5 0 3 7 3 4 11 2 8 2 3 -1 9 5 3 7 4 4 6 0 10 5 4 0 0 0 0 0 0 0 0 0 ]
CSI_DATA,AP,68:FE:71:12:53:8C,-38,11,1,6,1,1,1,0,0,0,0,-94,0,6,1,60862270,0,84,0,0,60.862,384,[84 -64 4 0 0 0 0 0 0 0 0 0 16 -8 17 -2 20 -1 23 -3 25 -5 23 1 19 3 21 3 23 -3 21 3 25 6 17 4 22 1 19 5 22 0 19 7 17 0 19 5 22 6 14 -2 14 2 17 1 18 -1 20 -1 19 -1 20 4 0 -1 16 -1 20 -3 16 0 20 3 16 -2 15 -3 15 -4 16 3 15 1 12 1 20 2 14 0 14 -1 15 -7 17 -6 14 0 20 -6 12 -3 14 -5 13 -9 19 -2 13 -4 10 -1 18 -5 18 -7 16 -10 -3 -3 0 0 0 0 0 0 0 0 ]
CSI_DATA,AP,68:FE:71:12:53:8C,-36,11,1,6,1,1,1,1,0,0,0,-93,5,6,1,60943886,0,84,0,0,60.944,384,[84 -64 4 0 0 0 0 0 0 0 0 0 -12 1 -8 1 -5 1 -13 3 -12 4 -9 2 -11 4 -6 7 -10 1 -8 5 -12 5 -11 6 -6 6 -6 4 -3 4 -10 -1 -9 2 -9 5 -8 0 -9 6 -10 4 -8 6 -8 3 -3 0 -8 1 -9 5 0 -4 -1 3 -3 7 -2 0 -1 1 -8 4 -5 4 -5 5 -1 1 -5 7 0 2 -5 2 -5 3 -5 8 -4 9 -2 2 -8 9 -1 7 -4 9 -7 8 -6 7 -1 2 -3 3 -5 9 -1 6 1 5 1 1 -2 -4 0 0 0 0 0 0 0 0 ]
CSI_DATA,AP,68:FE:71:12:53:8C,-34,11,1,6,1,1,1,1,0,0,0,-93,3,6,1,61064714,0,84,0,0,61.065,384,[84 -64 4 0 0 0 0 0 0 0 0 0 -21 32 -23 32 -23 38 -24 37 -20 28 -18 24 -22 29 -16 21 -20 23 -24 26 -17 25 -24 26 -25 23 -21 19 -16 15 -19 17 -18 19 -13 21 -20 17 -19 22 -8 12 -17 19 -17 16 -9 13 -16 19 -9 18 -4 -1 -8 20 -6 14 -9 19 -7 19 -7 17 -12 24 -8 18 -7 21 -8 13 -8 11 -7 18 -1 24 -1 22 -6 20 -2 25 -6 18 1 27 0 25 -5 26 2 26 2 19 3 26 5 27 5 23 4 27 0 26 0 -4 0 0 0 0 0 0 0 0 ]
CSI_DATA,AP,68:FE:71:12:53:8C,-38,11,1,6,1,1,1,0,0,0,0,-96,0,6,1,61185815,0,84,0,0,61.186,384,[84 -64 4 0 0 0 0 0 0 0 0 0 27 9 25 11 20 10 20 15 22 15 17 12 15 19 14 15 16 19 13 15 14 19 12 15 19 17 9 17 15 9 13 15 16 16 10 14 12 15 7 10 10 10 10 10 6 11 14 4 13 11 15 11 -4 -2 9 8 15 5 8 7 9 3 10 3 14 1 9 8 10 7 12 4 7 -3 13 4 11 4 14 4 9 -4 12 -5 11 0 11 0 14 -4 9 2 8 -2 15 -1 12 -7 12 -6 10 -4 14 -4 16 -1 2 3 0 0 0 0 0 0 0 0 ]
CSI_DATA,AP,68:FE:71:12:53:8C,-32,11,1,7,1,1,1,0,0,0,0,-94,0,6,1,61285401,0,84,0,0,61.285,384,[84 -64 4 0 0 0 0 0 0 0 0 0 -30 -14 -27 -20 -26 -20 -32 -19 -23 -17 -18 -16 -21 -21 -17 -16 -18 -17 -22 -14 -24 -15 -21 -20 -18 -22 -17 -21 -16 -14 -14 -17 -17 -16 -13 -16 -11 -13 -16 -13 -14 -16 -16 -14 -14 -13 -16 -11 -14 -6 -13 -12 4 2 -15 -12 -16 -8 -10 -8 -11 -9 -13 -8 -17 -5 -13 -1 -10 -6 -16 1 -13 -6 -15 4 -9 2 -14 -2 -10 -2 -9 2 -12 1 -18 -2 -12 1 -16 0 -9 4 -16 4 -11 7 -9 6 -9 9 -9 4 -12 2 -4 -1 0 0 0 0 0 0 0 0 ]
CSI_DATA,AP,68:FE:71:12:53:8C,-35,11,0,0,0,0,0,0,0,0,0,-93,0,6,1,61390246,0,37,0,0,61.39,128,[84 -64 4 0 0 0 0 0 0 0 0 0 -2 -24 -4 -20 1 -17 0 -21 -2 -22 0 -17 -4 -21 -2 -20 -3 -21 4 -21 2 -23 -1 -21 5 -18 -2 -21 2 -18 1 -22 -3 -13 2 -17 3 -18 2 -19 4 -11 5 -19 -3 -18 3 -19 3 -12 3 -19 2 3 1 -13 1 -18 2 -13 -3 -20 2 -20 -1 -16 4 -20 1 -16 -3 -12 -3 -15 -1 -21 -2 -15 -5 -13 1 -18 3 -21 0 -21 -3 -22 1 -12 -1 -19 -1 -15 -3 -12 2 -15 2 -21 -4 -15 2 -12 0 -13 2 1 0 0 0 0 0 0 0 0 ]
CSI_DATA,AP,68:FE:71:12:53:8C,-33,11,1,6,1,1,1,1,0,0,0,-93,4,6,1,61492914,0,84,0,0,61.493,384,[84 -64 4 0 0 0 0 0 0 0 0 0 4 -2 4 1 8 -5 9 -5 5 2 6 -2 3 2 4 -3 3 -1 9 4 8 -2 4 0 4 -5 4 -4 9 1 4 -3 9 2 4 1 3 0 3 -2 3 1 10 3 5 3 2 2 9 0 8 4 0 -2 7 -4 4 3 10 -4 3 -3 3 4 6 2 2 3 4 -5 3 2 8 1 3 -1 7 2 3 1 3 0 9 1 4 -1 6 -1 11 -5 5 1 10 -5 8 -3 8 -4 9 -4 7 -1 6 -4 8 0 3 3 0 0 0 0 0 0 0 0 ]
CSI_DATA,AP,68:FE:71:12:53:8C,-35,11,1,5,1,1,1,1,0,0,0,-94,2,6,1,61571301,0,84,0,0,61.571,384,[84 -64 4 0 0 0 0 0 0 0 0 0 -5 -17 -3 -13 -2 -20 -4 -20 -3 -22 -4 -23 -6 -17 -3 -18 -1 -20 -5 -17 -5 -23 0 -22 -1 -19 -2 -22 3 -17 0 -24 5 -19 -4 -18 0 -21 1 -21 2 -15 -1 -17 -2 -12 -1 -19 4 -22 2 -20 -4 3 3 -18 -5 -17 -4 -18 -5 -17 1 -19 2 -20 -5 -13 -1 -19 -7 -17 1 -14 0 -21 -6 -15 -5 -15 -6 -14 -7 -14 -2 -15 -2 -20 -3 -18 -6 -12 -4 -10 -7 -14 -8 -14 -5 -18 -9 -15 -6 -17 -6 -15 0 3 0 0 0 0 0 0 0 0 ]
CSI_DATA,AP,68:FE:71:12:53:8C,-35,11,1,6,1,1,1,1,0,0,0,-94,2,6,1,61716819,0,84,0,0,61.717,384,[84 -64 4 0 0 0 0 0 0 0 0 0 -13 20 -16 19 -16 14 -14 15 -14 17 -16 12 -14 17 -20 19 -14 19 -16 15 -18 18 -18 15 -16 16 -19 16 -22 10 -24 14 -22 15 -18 13 -17 10 -23 12 -22 11 -17 14 -21 12 -16 10 -23 12 -19 15 4 4 -17 10 -15 15 -15 11 -17 13 -17 9 -14 17 -16 10 -17 12 -14 11 -19 11 -17 16 -17 13 -19 11 -16 16 -13 14 -12 21 -14 20 -16 19 -14 18 -12 13 -18 15 -18 19 -12 21 -13 17 -11 14 -13 20 1 -4 0 0 0 0 0 0 0 0 ]
CSI_DATA,AP,68:FE:71:12:53:8C,-35,11,1,5,1,1,1,0,0,0,1,-93,0,6,1,61821415,0,84,0,0,61.821,384,[84 -64 4 0 0 0 0 0 0 0 0 0 13 13 8 9 7 12 5 12 5 18 6 16 12 17 9 13 9 14 7 18 9 18 11 19 8 15 4 16 7 18 3 22 8 18 9 12 2 15 8 13 8 19 8 16 7 19 2 15 10 19 1 16 4 0 5 19 7 21 4 21 8 13 2 18 6 19 10 13 7 17 8 14 6 14 6 12 5 19 4 17 8 12 4 15 11 16 7 13 6 11 5 13 12 12 8 12 11 14 8 15 8 15 9 10 12 14 -2 -2 0 0 0 0 0 0 0 0 ]
CSI_DATA,AP,68:FE:71:12:53:8C,-30,11,1,6,1,1,1,0,0,0,0,-94,0,6,1,61953208,0,84,0,0,61.953,384,[84 -64 4 0 0 0 0 0 0 0 0 0 11 0 9 3 7 5 13 5 12 9 7 3 13 2 12 4 11 6 14 9 8 5 6 3 11 9 9 9 10 5 10 9 7 6 4 6 5 10 7 8 7 7 4 3 7 9 6 8 8 2 4 8 2 -1 11 8 4 8 6 9 12 4 8 1 7 6 4 1 11 0 8 6 12 -1 11 4 9 3 13 6 11 -1 7 5 5 0 8 1 13 -3 7 2 10 1 10 -3 9 2 5 4 10 -1 9 3 12 3 -1 1 0 0 0 0 0 0 0 0 ]
CSI_DATA,AP,68:FE:71:12:53:8C,-34,11,1,7,1,1,1,0,0,0,0,-95,0,6,1,62061051,0,84,0,0,62.061,384,[82 -96 4 0 0 0 0 0 0 0 0 0 -20 -3 -18 -3 -14 -4 -15 -1 -17 -4 -16 -6 -17 -4 -18 2 -13 -2 -19 -3 -21 -5 -15 -8 -20 -3 -22 -6 -19 0 -20 -6 -18 -1 -13 -5 -16 -2 -19 0 -18 -6 -19 -1 -13 0 -15 -2 -11 -3 -18 -6 -1 -1 -13 1 -15 -7 -12 -6 -12 2 -18 0 -15 -3 -18 -6 -19 -4 -16 -4 -15 1 -10 1 -17 1 -18 -1 -17 4 -19 4 -18 4 -11 -3 -16 2 -19 -2 -13 5 -16 2 -10 3 -12 2 -12 4 -16 3 -10 5 3 3 0 0 0 0 0 0 0 0 ]
CSI_DATA,AP,68:FE:71:12:53:8C,-32,11,1,7,1,1,1,1,0,0,0,-96,4,6,1,62179079,0,84,0,0,62.179,384,[84 -64 4 0 0 0 0 0 0 0 0 0 -16 13 -14 10 -13 13 -19 12 -17 8 -21 11 -18 7 -21 11 -17 9 -20 2 -19 5 -20 10 -22 4 -21 1 -21 7 -22 6 -17 1 -13 6 -19 0 -18 1 -16 5 -20 3 -16 3 -12 7 -18 3 -19 5 -1 3 -17 0 -18 3 -12 5 -11 3 -15 7 -15 4 -14 7 -12 8 -13 9 -13 7 -12 6 -10 3 -16 10 -9 11 -10 11 -11 7 -10 6 -9 9 -9 11 -17 10 -12 10 -15 13 -14 8 -11 10 -15 8 -15 14 3 1 0 0 0 0 0 0 0 0 ]
CSI_DATA,AP,68:FE:71:12:53:8C,-36,11,1,6,1,1,1,0,0,0,0,-96,0,6,1,62277856,0,84,0,0,62.278,384,[84 -64 4 0 0 0 0 0 0 0 0 0 -16 -11 -13 -13 -16 -11 -19 -16 -12 -19 -18 -12 -15 -20 -12 -14 -12 -20 -11 -16 -15 -19 -15 -14 -14 -17 -12 -19 -8 -21 -9 -16 -14 -20 -14 -16 -8 -17 -6 -17 -12 -18 -9 -16 -11 -16 -13 -15 -8 -17 -6 -11 -1 -2 -10 -14 -10 -14 -7 -16 -14 -12 -10 -13 -6 -11 -11 -10 -7 -12 -9 -10 -13 -15 -8 -11 -15 -11 -15 -11 -16 -9 -13 -9 -12 -8 -9 -15 -16 -9 -12 -10 -15 -13 -14 -11 -11 -11 -13 -14 -16 -5 -15 -11 -12 -11 4 3 0 0 0 0 0 0 0 0 ]
CSI_DATA,AP,68:FE:71:12:53:8C,-31,11,1,7,1,1,1,0,0,0,0,-95,0,6,1,62370720,0,84,0,0,62.371,384,[84 -64 4 0 0 0 0 0 0 0 0 0 3 14 3 19 6 15 8 23 3 21 3 14 3 17 1 16 4 19 1 17 3 22 3 19 2 19 5 15 1 15 6 14 6 14 5 18 -2 16 -2 17 4 19 -2 19 -1 12 3 11 1 19 4 14 -3 -4 1 11 5 12 1 18 3 11 2 12 4 11 4 13 9 10 6 14 6 17 1 18 7 11 6 13 8 12 3 9 3 9 7 11 9 12 7 10 4 9 6 13 12 15 10 11 8 15 5 15 12 12 4 -1 0 0 0 0 0 0 0 0 ]
CSI_DATA,AP,68:FE:71:12:53:8C,-33,11,1,7,1,1,1,0,0,0,0,-96,0,6,1,62486177,0,84,0,0,62.486,384,[84 -64 4 0 0 0 0 0 0 0 0 0 2 23 1 17 -8 21 -7 16 -5 19 -7 22 -7 20 -7 17 -6 13 -2 18 -9 16 -9 20 -8 20 -5 18 -6 17 -4 19 -7 19 -7 11 -4 13 -10 14 -3 16 -3 15 -3 10 -9 19 -4 12 -7 12 1 -3 -5 13 -7 16 -5 12 -4 11 -3 12 -2 10 0 13 -2 14 -6 10 -1 10 -4 10 -4 13 -4 14 -2 13 -5 15 -4 11 0 12 -3 13 -2 18 -1 12 4 18 2 13 3 16 -1 14 -2 14 5 13 4 -2 0 0 0 0 0 0 0 0 ]
CSI_DATA,AP,68:FE:71:12:53:8C,-33,11,1,7,1,1,1,0,0,0,0,-95,0,6,1,62609737,0,84,0,0,62.61,384,[84 -64 4 0 0 0 0 0 0 0 0 0 -17 -6 -21 -4 -16 -3 -17 -3 -23 -8 -20 -8 -22 -2 -20 -2 -15 -5 -17 -2 -19 -3 -18 -4 -16 -8 -18 -5 -12 -4 -17 -8 -15 -3 -17 -4 -13 -3 -16 -8 -18 -7 -14 -9 -14 -3 -13 -9 -16 -5 -12 -5 -2 2 -12 -6 -17 -3 -18 -5 -12 -3 -15 -6 -11 -7 -15 -3 -16 0 -12 -6 -11 -5 -13 -2 -11 -4 -17 -5 -14 1 -11 2 -14 -4 -12 -5 -18 -5 -19 -1 -15 1 -14 -5 -19 3 -14 -4 -18 0 -14 -2 -19 3 -2 0 0 0 0 0 0 0 0 0 ]
CSI_DATA,AP,68:FE:71:12:53:8C,-30,11,1,6,1,1,1,0,0,0,0,-93,0,6,1,62713824,0,84,0,0,62.714,384,[84 -64 4 0 0 0 0 0 0 0 0 0 22 3 22 2 19 3 16 -2 21 1 18 5 16 7 16 1 23 2 23 -1 16 4 15 6 21 3 15 1 19 5 17 1 21 8 14 0 17 0 18 7 16 3 14 6 14 2 11 6 11 8 19 6 3 -1 19 0 19 0 18 3 14 2 17 -2 14 3 17 3 13 2 17 -2 17 4 16 3 19 -3 16 2 17 -2 19 0 13 1 17 -1 14 -5 13 1 14 0 14 -6 19 0 11 -3 14 0 11 -4 19 -5 -2 -4 0 0 0 0 0 0 0 0 ]
CSI_DATA,AP,68:FE:71:12:53:8C,-30,11,1,7,1,1,1,0,0,0,0,-96,0,6,1,62792072,0,84,0,0,62.792,384,[84 -64 4 0 0 0 0 0 0 0 0 0 14 -10 18 -6 17 -5 21 -8 18 -3 19 0 19 -7 19 0 18 -4 19 2 15 -1 16 -4 22 3 23 4 18 2 19 0 16 1 16 2 21 1 17 -1 15 4 21 -3 12 -2 19 4 14 -4 18 1 2 0 15 1 19 3 18 2 16 -1 18 -2 11 -2 14 1 17 -2 12 0 11 -1 16 -1 13 -4 13 -4 18 -1 19 0 13 -5 14 -7 11 0 13 -8 18 -9 12 -5 11 -7 16 -8 15 -6 15 -8 12 -10 -1 4 0 0 0 0 0 0 0 0 ]
CSI_DATA,AP,68:FE:71:12:53:8C,-37,11,1,5,1,1,1,0,0,0,0,-95,0,6,1,62908421,0,84,0,0,62.908,384,[84 -64 4 0 0 0 0 0 0 0 0 0 -24 0 -16 6 -17 2 -17 -4 -23 2 -22 -1 -19 0 -16 -4 -15 -5 -17 -6 -22 -5 -16 1 -20 -2 -19 -2 -19 1 -19 -6 -21 0 -21 -6 -17 -7 -13 -6 -18 1 -17 -1 -19 2 -14 -3 -21 -2 -17 -4 2 0 -20 3 -17 0 -21 -1 -18 3 -18 -4 -12 -4 -18 -3 -11 -1 -17 -1 -11 5 -11 1 -16 -2 -18 5 -16 6 -11 2 -15 5 -15 2 -16 6 -16 3 -18 6 -11 0 -16 2 -12 9 -14 4 -12 2 -16 2 -2 1 0 0 0 0 0 0 0 0 ]
CSI_DATA,AP,68:FE:71:12:53:8C,-34,11,1,6,1,1,1,0,0,0,0,-96,0,6,1,62999813,0,84,0,0,63,384,[84 -64 4 0 0 0 0 0 0 0 0 0 -12 -15 -13 -14 -12 -14 -12 -19 -15 -23 -9 -17 -11 -16 -8 -17 -12 -15 -5 -22 -5 -19 -3 -22 -8 -22 -9 -23 -10 -19 -5 -15 -5 -17 -3 -17 -4 -22 -7 -20 -4 -15 -1 -17 -5 -21 -8 -16 -3 -13 -7 -21 2 0 -5 -20 -3 -18 -10 -15 -8 -20 -5 -18 -10 -11 -5 -11 -5 -15 -11 -13 -7 -18 -6 -13 -9 -15 -8 -14 -13 -11 -6 -17 -5 -19 -9 -11 -9 -17 -11 -10 -11 -14 -14 -9 -9 -12 -9 -16 -14 -10 -11 -17 -7 -10 -2 -1 0 0 0 0 0 0 0 0 ]
CSI_DATA,AP,68:FE:71:12:53:8C,-34,11,1,5,1,1,1,1,0,0,0,-94,5,6,1,63091242,0,84,0,0,63.091,384,[84 -64 4 0 0 0 0 0 0 0 0 0 2 15 1 13 3 14 4 18 0 19 -3 23 0 17 0 21 -2 19 -3 13 -2 19 3 19 0 21 -2 21 3 19 2 16 -1 13 -5 16 1 20 3 17 -3 17 -4 14 1 18 1 13 -3 16 3 16 -3 0 0 18 1 12 2 18 1 17 -2 17 6 13 6 13 -1 15 4 11 1 13 2 17 2 18 2 14 8 11 5 9 6 14 5 11 7 15 7 11 8 9 8 12 3 9 10 11 6 15 10 9 9 11 1 4 0 0 0 0 0 0 0 0 ]
CSI_DATA,AP,68:FE:71:12:53:8C,-36,11,1,5,1,1,1,0,0,0,0,-95,0,6,1,63196683,0,84,0,0,63.197,384,[84 -64 4 0 0 0 0 0 0 0 0 0 21 -3 21 4 23 5 22 7 22 2 19 5 18 1 15 9 20 8 20 2 16 4 20 6 18 7 20 10 17 6 17 6 17 10 20 9 18 10 15 7 18 3 18 1 17 3 19 7 19 5 15 2 0 4 11 6 12 1 15 0 11 1 11 1 18 1 14 0 17 -1 17 -1 12 2 14 5 16 1 14 0 19 -1 18 -1 18 2 12 -2 16 2 17 3 13 -3 18 0 16 2 18 -1 15 -1 14 2 19 -4 1 3 0 0 0 0 0 0 0 0 ]
CSI_DATA,AP,68:FE:71:12:53:8C,-36,11,1,6,1,1,1,0,0,0,0,-95,0,6,1,63301404,0,84,0,0,63.301,384,[84 -64 4 0 0 0 0 0 0 0 0 0 4 -6 7 -7 7 -11 9 -5 3 -11 3 -9 9 -12 1 -4 6 -7 9 -9 2 -3 4 -10 9 -9 5 -4 4 -7 6 -8 7 -9 5 -4 1 -10 4 -4 2 -3 8 -10 6 -5 9 -11 5 -10 8 -3 2 2 0 -11 5 -7 5 -9 5 -7 5 -5 6 -4 8 -10 3 -7 1 -2 0 -4 1 -2 -1 -10 4 -10 -1 -5 1 -9 1 -11 1 -11 4 -9 -1 -11 6 -10 4 -4 -2 -4 2 -8 2 -12 2 -6 4 -11 3 4 0 0 0 0 0 0 0 0 ]
CSI_DATA,AP,68:FE:71:12:53:8C,-32,11,1,7,1,1,1,0,0,0,0,-94,0,6,1,63420327,0,84,0,0,63.42,384,[84 -64 4 0 0 0 0 0 0 0 0 0 3 -15 10 -16 8 -13 6 -15 11 -17 5 -18 7 -10 12 -11 8 -14 9 -15 13 -10 15 -9 7 -15 14 -17 8 -14 15 -12 7 -12 13 -10 7 -16 14 -11 7 -14 11 -7 7 -12 13 -7 8 -15 7 -14 -2 -3 9 -15 11 -14 9 -16 7 -14 12 -13 9 -12 10 -10 5 -14 3 -8 9 -10 11 -12 7 -11 8 -10 10 -10 5 -9 10 -11 2 -13 9 -13 9 -13 5 -11 7 -12 7 -12 5 -12 5 -12 7 -16 4 -11 2 1 0 0 0 0 0 0 0 0 ]
CSI_DATA,AP,68:FE:71:12:53:8C,-32,11,1,7,1,1,1,0,0,0,0,-95,0,6,1,63518986,0,84,0,0,63.519,384,[84 -64 4 0 0 0 0 0 0 0 0 0 17 -19 17 -17 13 -11 12 -12 15 -12 13 -12 14 -16 11 -14 15 -15 20 -15 17 -9 16 -12 21 -10 16 -11 15 -12 21 -14 11 -5 16 -11 17 -13 19 -12 11 -9 19 -9 12 -5 13 -8 14 -12 12 -8 3 0 16 -8 9 -10 12 -13 10 -10 12 -7 16 -12 10 -13 13 -10 16 -7 13 -14 8 -8 9 -13 7 -16 8 -13 13 -9 12 -8 12 -16 11 -14 13 -10 11 -9 10 -9 6 -16 12 -10 13 -15 9 -16 10 -18 -1 3 0 0 0 0 0 0 0 0 ]
CSI_DATA,AP,68:FE:71:12:53:8C,-37,11,1,6,1,1,1,0,0,0,0,-94,0,6,1,63643427,0,84,0,0,63.643,384,[84 -64 4 0 0 0 0 0 0 0 0 0 8 17 5 20 1 17 7 14 0 16 1 20 0 21 5 14 4 20 -2 14 -1 19 -1 19 5 20 2 14 5 19 -1 19 -4 19 -1 15 -2 16 2 14 -3 20 -4 12 -2 17 0 15 2 12 4 15 -1 0 -3 12 -1 19 1 14 5 16 0 17 -2 14 1 11 4 14 0 11 4 11 3 9 1 13 7 10 7 16 5 13 4 15 9 11 8 13 9 16 8 10 7 11 8 12 10 16 10 12 10 9 5 13 2 -3 0 0 0 0 0 0 0 0 ]
CSI_DATA,AP,68:FE:71:12:53:8C,-31,11,1,7,1,1,1,0,0,0,0,-96,0,6,1,63740408,0,84,0,0,63.74,384,[84 -64 4 0 0 0 0 0 0 0 0 0 -18 -7 -15 -13 -15 -11 -14 -13 -14 -9 -15 -9 -10 -13 -10 -12 -10 -14 -12 -11 -12 -12 -8 -18 -14 -18 -10 -10 -12 -18 -14 -17 -11 -18 -11 -14 -10 -11 -9 -13 -14 -10 -13 -11 -10 -15 -7 -17 -8 -12 -8 -8 -4 2 -7 -8 -14 -13 -7 -12 -10 -8 -11 -10 -10 -16 -13 -15 -13 -11 -14 -14 -12 -8 -11 -6 -8 -10 -11 -12 -9 -9 -13 -9 -15 -6 -12 -10 -9 -4 -16 -11 -10 -7 -15 -7 -14 -6 -12 -8 -15 -3 -11 -6 -17 -7 2 1 0 0 0 0 0 0 0 0 ]
CSI_DATA,AP,68:FE:71:12:53:8C,-34,11,1,6,1,1,1,0,0,0,0,-94,0,6,1,63851947,0,84,0,0,63.852,384,[84 -64 4 0 0 0 0 0 0 0 0 0 7 20 5 21 -2 20 3 18 -2 17 -6 16 -4 24 -4 19 -4 19 -3 19 -2 18 -2 21 -8 16 -1 23 -8 16 -4 19 -7 16 -5 13 -2 15 -9 21 -10 18 -4 17 -3 15 -6 14 -4 13 -8 12 4 -3 -6 18 -6 19 1 15 -2 21 -6 19 -1 15 -7 20 -6 20 -2 16 1 15 4 17 -3 11 4 19 1 20 1 15 -1 19 5 18 0 18 4 13 1 18 4 12 4 14 4 16 1 20 3 13 -2 17 2 -3 0 0 0 0 0 0 0 0 ]
CSI_DATA,AP,68:FE:71:12:53:8C,-37,11,1,7,1,1,1,0,0,0,0,-94,0,6,1,63944456,0,84,0,0,63.944,384,[84 -64 4 0 0 0 0 0 0 0 0 0 15 -1 19 -2 19 1 19 1 22 -1 14 -4 21 -3 15 -1 22 -1 19 4 15 3 18 5 19 6 20 -1 13 6 20 1 14 -2 18 4 13 -1 14 -1 16 7 15 6 13 4 20 -1 15 -1 19 5 -1 0 12 5 13 4 18 -2 13 4 18 1 16 -3 11 3 12 0 16 -5 18 -4 11 -6 18 -4 13 -3 18 -2 16 0 18 -2 12 -5 16 -9 15 -9 12 -2 11 -8 15 -3 12 -3 17 -2 11 -4 11 -4 -4 -3 0 0 0 0 0 0 0 0 ]
CSI_DATA,AP,68:FE:71:12:53:8C,-41,11,1,5,1,1,1,0,0,0,0,-94,0,6,1,64044219,0,82,0,0,64.044,384,[84 -64 4 0 0 0 0 0 0 0 0 0 -16 13 -20 14 -18 8 -18 15 -16 12 -20 9 -16 8 -18 12 -14 13 -22 9 -21 9 -21 9 -17 7 -19 8 -18 5 -22 7 -14 11 -15 9 -20 9 -18 10 -18 10 -14 7 -13 10 -14 4 -13 7 -12 10 2 2 -13 9 -17 9 -12 8 -16 4 -10 4 -17 7 -16 4 -12 9 -12 11 -12 11 -9 7 -11 12 -11 10 -12 10 -14 13 -13 8 -10 13 -12 15 -9 9 -7 9 -7 14 -10 10 -10 8 -15 15 -7 12 -14 13 1 0 0 0 0 0 0 0 0 0 ]
CSI_DATA,AP,68:FE:71:12:53:8C,-35,11,1,7,1,1,1,0,0,0,0,-95,0,6,1,64135388,0,84,0,0,64.135,384,[84 -64 4 0 0 0 0 0 0 0 0 0 7 -23 1 -19 3 -19 8 -24 5 -24 4 -19 10 -15 4 -15 10 -16 10 -17 6 -17 13 -22 5 -19 10 -20 7 -14 8 -15 8 -18 5 -19 10 -17 11 -16 8 -13 5 -15 12 -18 11 -14 10 -18 4 -14 1 -4 7 -13 9 -11 8 -17 8 -15 10 -18 7 -18 7 -12 4 -17 8 -17 6 -12 6 -18 5 -15 3 -14 0 -14 4 -15 3 -21 5 -21 5 -21 4 -18 3 -15 6 -19 0 -21 3 -12 0 -18 -2 -14 -2 -14 3 0 0 0 0 0 0 0 0 0 ]
CSI_DATA,AP,68:FE:71:12:53:8C,-33,11,1,7,1,1,1,0,0,0,0,-95,0,6,1,64230294,0,84,0,0,64.23,384,[84 -64 4 0 0 0 0 0 0 0 0 0 -24 -4 -19 -5 -20 -5 -22 -4 -24 -2 -21 -9 -17 -11 -20 -10 -15 -4 -19 -8 -18 -10 -23 -5 -18 -6 -22 -10 -18 -13 -23 -8 -21 -10 -14 -7 -20 -12 -21 -6 -18 -11 -15 -13 -16 -10 -12 -7 -19 -12 -21 -11 1 -2 -12 -11 -17 -3 -13 -3 -13 -2 -20 -8 -13 -8 -18 -7 -15 -3 -19 -8 -17 -6 -20 -5 -20 -2 -17 -8 -15 -7 -20 -1 -14 -3 -13 -5 -14 -2 -16 -4 -17 -5 -15 -2 -18 -6 -16 1 -22 -4 -17 2 -19 2 -2 -3 0 0 0 0 0 0 0 0 ]
CSI_DATA,AP,68:FE:71:12:53:8C,-35,11,1,6,1,1,1,0,0,0,0,-94,0,6,1,64341101,0,84,0,0,64.341,384,[84 -64 4 0 0 0 0 0 0 0 0 0 6 18 9 20 9 17 6 21 7 16 1 24 1 20 -1 19 2 19 3 20 -1 22 2 20 2 22 -1 23 3 23 -1 20 -4 21 -2 16 -2 16 -2 21 -1 14 -2 20 1 13 -4 15 -4 20 2 14 -4 4 -1 21 3 15 1 21 2 13 2 13 5 14 6 20 -1 14 0 18 7 17 3 17 1 16 8 20 1 15 1 16 5 12 9 17 2 15 3 18 9 10 9 12 3 10 11 10 8 15 4 14 6 12 -3 2 0 0 0 0 0 0 0 0 ]
CSI_DATA,AP,68:FE:71:12:53:8C,-30,11,1,6,1,1,1,0,0,0,0,-94,0,6,1,64445639,0,84,0,0,64.446,384,[84 -64 4 0 0 0 0 0 0 0 0 0 -19 11 -20 16 -20 12 -21 16 -16 13 -23 8 -23 12 -17 6 -15 8 -19 9 -22 8 -24 8 -21 10 -20 4 -18 7 -19 11 -23 3 -15 8 -21 11 -21 6 -18 5 -17 6 -18 5 -22 3 -18 2 -19 2 -2 4 -19 11 -16 8 -15 6 -13 6 -19 9 -17 4 -20 3 -12 7 -17 7 -18 6 -12 10 -10 9 -13 5 -14 14 -11 9 -15 12 -15 12 -15 11 -14 8 -15 10 -14 8 -14 9 -17 15 -13 10 -16 10 -14 10 1 -1 0 0 0 0 0 0 0 0 ]
CSI_DATA,AP,68:FE:71:12:53:8C,-30,11,1,7,1,1,1,0,0,0,0,-94,0,6,1,64570947,0,84,0,0,64.571,384,[84 -64 4 0 0 0 0 0 0 0 0 0 19 2 22 4 23 7 22 5 23 5 20 6 23 5 22 1 20 1 16 6 18 10 17 8 18 8 15 9 20 6 20 9 19 12 17 5 14 7 13 8 14 9 17 6 14 6 12 6 16 6 19 4 2 -2 16 3 18 3 14 8 15 6 18 6 16 6 16 0 17 7 18 3 13 3 17 2 14 2 13 3 20 2 18 1 19 1 20 3 14 -1 12 -3 13 -5 14 0 16 -4 15 -3 14 0 14 -4 15 -3 1 -1 0 0 0 0 0 0 0 0 ]
CSI_DATA,AP,68:FE:71:12:53:8C,-37,11,1,6,1,1,1,0,0,0,0,-94,0,6,1,64674065,0,84,0,0,64.674,384,[84 -64 4 0 0 0 0 0 0 0 0 0 8 -18 8 -21 11 -20 12 -19 8 -15 12 -13 8 -18 10 -13 16 -13 10 -13 15 -14 18 -17 11 -14 14 -13 13 -16 14 -20 16 -17 15 -17 13 -10 15 -10 14 -9 10 -16 16 -14 10 -16 14 -17 9 -18 -4 -1 9 -17 15 -14 9 -10 11 -16 7 -15 8 -13 8 -17 7 -15 8 -18 8 -10 12 -13 4 -17 5 -12 10 -19 8 -14 7 -14 5 -17 8 -13 4 -15 7 -17 8 -17 3 -15 7 -12 4 -20 4 -12 6 -17 2 1 0 0 0 0 0 0 0 0 ]
CSI_DATA,AP,68:FE:71:12:53:8C,-34,11,1,6,1,1,1,0,0,0,0,-95,0,6,1,64779647,0,84,0,0,64.78,384,[84 -64 4 0 0 0 0 0 0 0 0 0 2 17 4 24 4 25 -1 24 -1 18 -1 20 -6 17 -4 23 -5 23 0 16 -8 17 0 19 -7 22 -4 21 -3 18 -6 24 -7 17 -5 14 -7 17 -6 22 -4 17 -9 13 -2 14 -7 18 -6 18 -1 20 1 0 -4 20 0 18 -7 17 -4 18 -8 13 -6 18 -2 20 -1 13 -4 17 -2 18 -5 15 2 12 1 13 -1 14 -2 12 -2 13 2 16 -2 19 -1 17 1 16 -2 15 2 17 2 18 2 16 6 19 3 18 3 -2 0 0 0 0 0 0 0 0 ]
CSI_DATA,AP,68:FE:71:12:53:8C,-36,11,1,5,1,1,1,0,0,0,0,-96,0,6,1,64897536,0,84,0,0,64.898,384,[84 -64 4 0 0 0 0 0 0 0 0 0 -7 -23 -7 -18 -7 -24 -12 -19 -11 -24 -5 -17 -8 -24 -1 -22 -5 -26 -9 -22 -6 -22 -6 -19 -3 -26 -6 -21 -4 -18 -4 -23 -1 -21 0 -23 1 -19 -1 -21 -2 -23 -4 -19 -1 -18 -1 -21 -7 -16 -6 -23 4 -2 -5 -15 0 -20 -1 -23 -5 -19 -2 -14 -6 -17 -1 -16 -1 -19 -4 -19 -8 -14 -6 -18 -6 -19 -7 -14 -10 -17 -8 -21 -8 -12 -7 -18 -11 -16 -3 -14 -4 -15 -11 -15 -8 -13 -7 -18 -13 -12 -7 -19 -6 -16 -3 2 0 0 0 0 0 0 0 0 ]
CSI_DATA,AP,68:FE:71:12:53:8C,-36,11,1,6,1,1,1,1,0,0,0,-94,5,6,1,65019659,0,84,0,0,65.02,384,[84 -64 4 0 0 0 0 0 0 0 0 0 -10 15 -10 18 -12 16 -18 21 -11 17 -14 18 -12 18 -18 14 -13 11 -13 9 -14 14 -20 18 -19 17 -21 13 -13 15 -20 10 -15 16 -19 7 -13 14 -18 9 -12 9 -18 10 -10 11 -19 13 -12 10 -11 10 -3 4 -17 8 -18 9 -10 13 -10 14 -15 15 -15 15 -16 16 -10 15 -10 11 -13 15 -11 15 -7 12 -8 16 -11 13 -10 11 -10 11 -6 13 -10 17 -7 17 -6 15 -9 18 -7 17 -12 19 -4 15 -4 15 -10 13 -4 -1 0 0 0 0 0 0 0 0 ]
CSI_DATA,AP,68:FE:71:12:53:8C,-34,11,1,5,1,1,1,0,0,0,0,-94,0,6,1,65127869,0,84,0,0,65.128,384,[84 -64 4 0 0 0 0 0 0 0 0 0 -18 -20 -15 -18 -10 -15 -17 -15 -12 -14 -12 -18 -15 -16 -10 -21 -14 -14 -7 -18 -6 -23 -6 -18 -12 -18 -12 -15 -9 -17 -10 -21 -5 -17 -8 -13 -6 -17 -5 -21 -11 -17 -8 -18 -5 -18 -6 -13 -9 -13 -9 -17 -1 0 -7 -15 -8 -15 -8 -16 -13 -15 -4 -15 -12 -12 -8 -16 -7 -12 -10 -12 -9 -12 -11 -12 -13 -14 -9 -9 -15 -10 -14 -10 -8 -16 -8 -11 -13 -10 -9 -11 -15 -13 -9 -15 -15 -11 -12 -11 -18 -11 -12 -10 -16 -13 0 -2 0 0 0 0 0 0 0 0 ]
CSI_DATA,AP,68:FE:71:12:53:8C,-36,11,0,0,0,0,0,1,0,0,0,-95,4,6,1,65245120,0,37,0,0,65.245,128,[84 -64 4 0 0 0 0 0 0 0 0 0 -16 -16 -18 -14 -13 -14 -17 -17 -16 -15 -11 -19 -14 -16 -12 -14 -13 -20 -15 -18 -14 -14 -10 -19 -15 -19 -9 -20 -6 -20 -10 -13 -6 -12 -5 -14 -12 -18 -10 -12 -7 -19 -11 -14 -5 -15 -13 -11 -13 -14 -12 -11 1 -1 -9 -14 -8 -12 -11 -10 -15 -16 -12 -16 -15 -10 -14 -17 -12 -13 -9 -13 -13 -15 -13 -7 -12 -10 -12 -9 -13 -13 -14 -10 -16 -12 -16 -10 -9 -6 -15 -14 -14 -13 -12 -13 -13 -8 -12 -13 -14 -10 -12 -9 -14 -12 0 0 0 0 0 0 0 0 0 0 ]
CSI_DATA,AP,68:FE:71:12:53:8C,-35,11,0,0,0,0,0,0,0,0,0,-94,0,6,1,65353817,0,37,0,0,65.354,128,[84 -64 4 0 0 0 0 0 0 0 0 0 2 20 5 19 3 22 8 21 7 21 -3 15 -3 18 -3 14 5 24 0 20 3 19 -2 19 0 22 -2 23 -1 21 -1 22 -1 17 1 18 -2 15 2 16 -1 13 1 20 -6 18 -1 17 -5 21 -5 19 3 -4 2 13 1 17 -2 14 -2 14 -2 14 -2 18 0 13 4 11 -2 15 0 11 3 20 2 12 5 14 6 17 1 15 5 11 7 13 5 15 1 16 8 11 0 19 7 13 3 14 7 12 3 14 10 18 -3 0 0 0 0 0 0 0 0 0 ]
CSI_DATA,AP,68:FE:71:12:53:8C,-36,11,1,6,1,1,1,1,0,0,0,-93,4,6,1,65459138,0,84,0,0,65.459,384,[84 -64 4 0 0 0 0 0 0 0 0 0 14 18 9 15 14 16 14 17 10 13 12 17 13 13 11 19 10 15 12 15 7 22 6 18 12 16 8 15 10 22 12 19 6 21 10 12 9 19 7 20 6 14 6 12 3 19 6 15 7 21 9 16 -4 2 12 16 4 19 10 11 8 15 7 11 5 11 8 16 11 10 7 9 12 11 7 14 11 11 12 16 10 16 6 10 7 11 12 10 9 14 9 13 8 7 11 7 10 10 9 8 9 10 10 8 13 7 1 -1 0 0 0 0 0 0 0 0 ]
CSI_DATA,AP,68:FE:71:12:53:8C,-36,11,1,6,1,1,1,0,0,0,0,-95,0,6,1,65560212,0,82,0,0,65.56,384,[84 -64 4 0 0 0 0 0 0 0 0 0 5 -20 9 -23 2 -18 3 -21 4 -21 4 -23 6 -19 8 -14 9 -20 13 -20 8 -15 8 -15 7 -15 10 -18 11 -12 9 -19 12 -19 13 -11 6 -18 10 -12 8 -12 11 -17 6 -17 8 -17 13 -14 9 -14 -1 -2 6 -16 5 -14 11 -19 5 -14 9 -13 10 -12 3 -19 6 -11 3 -11 4 -13 7 -14 4 -19 3 -14 9 -14 3 -16 5 -18 4 -21 2 -21 3 -18 5 -20 -1 -14 3 -14 -1 -15 1 -22 -1 -17 0 -15 3 3 0 0 0 0 0 0 0 0 ]
CSI_DATA,AP,68:FE:71:12:53:8C,-33,11,1,7,1,1,1,0,0,0,0,-94,0,6,1,65679470,0,84,0,0,65.679,384,[84 -64 4 0 0 0 0 0 0 0 0 0 23 -3 22 -1 20 -2 22 -1 18 5 17 2 17 3 20 3 18 0 15 6 22 8 19 1 22 4 16 0 20 6 20 8 18 3 14 5 17 3 22 3 15 3 13 2 14 0 15 4 17 6 18 7 -1 -4 14 0 20 0 18 2 15 5 17 0 18 -1 18 0 16 3 19 2 11 0 20 3 13 4 12 2 13 1 12 -3 18 2 16 2 13 -1 16 0 17 1 14 -3 16 2 13 -2 16 -9 19 -5 17 -8 -4 -3 0 0 0 0 0 0 0 0 ]
CSI_DATA,AP,68:FE:71:12:53:8C,-36,11,1,6,1,1,1,1,0,0,0,-94,2,6,1,65794682,0,84,0,0,65.795,384,[84 -64 4 0 0 0 0 0 0 0 0 0 11 -16 18 -17 17 -14 16 -9 14 -10 14 -13 20 -8 16 -5 19 -10 16 -7 22 -11 18 -7 22 -14 22 -12 18 -8 22 -12 13 -4 16 -3 16 -11 17 -6 18 -11 14 -11 11 -5 15 -9 18 -10 12 -9 3 -1 19 -5 11 -11 16 -6 11 -6 10 -10 18 -10 14 -13 13 -6 10 -6 16 -14 9 -15 16 -14 16 -16 14 -10 10 -11 11 -10 11 -8 10 -17 14 -14 12 -10 12 -11 9 -15 6 -13 8 -14 10 -16 9 -18 -3 -2 0 0 0 0 0 0 0 0 ]
CSI_DATA,AP,68:FE:71:12:53:8C,-31,11,1,7,1,1,1,0,0,0,0,-95,0,6,1,65902542,0,84,0,0,65.903,384,[84 -64 4 0 0 0 0 0 0 0 0 0 2 -15 2 -20 2 -24 11 -23 10 -22 7 -21 7 -18 7 -17 12 -19 9 -17 10 -16 11 -18 8 -13 13 -21 10 -16 10 -19 7 -14 7 -12 7 -14 7 -15 7 -15 10 -13 8 -17 9 -18 10 -11 8 -12 0 -1 9 -18 12 -18 5 -16 9 -18 12 -17 6 -18 12 -13 5 -18 9 -14 2 -14 6 -13 5 -10 4 -16 9 -16 8 -18 6 -15 6 -15 3 -20 4 -19 1 -16 9 -15 8 -15 7 -12 5 -18 4 -20 7 -14 -3 -3 0 0 0 0 0 0 0 0 ]
CSI_DATA,AP,68:FE:71:12:53:8C,-33,11,1,7,1,1,1,1,0,0,0,-95,4,6,1,65960676,0,84,0,0,65.961,384,[84 -64 4 0 0 0 0 0 0 0 0 0 10 18 16 19 9 20 12 22 8 17 12 21 14 19 5 20 13 14 8 17 10 21 13 14 6 22 11 18 10 16 7 17 9 21 6 13 3 15 6 21 9 14 8 16 7 15 4 18 4 14 9 17 2 -4 10 20 8 18 5 20 7 18 11 11 10 11 4 14 12 14 8 11 8 16 13 14 11 16 13 16 12 15 14 10 13 13 13 14 15 15 13 15 8 8 15 11 12 10 12 11 17 10 12 14 16 15 3 3 0 0 0 0 0 0 0 0 ]
CSI_DATA,AP,68:FE:71:12:53:8C,-38,11,1,6,1,1,1,0,0,0,0,-94,0,6,1,66054934,0,84,0,0,66.055,384,[84 -64 4 0 0 0 0 0 0 0 0 0 -13 17 -17 14 -14 13 -16 15 -12 20 -18 16 -18 15 -12 13 -19 13 -12 11 -13 17 -20 18 -17 16 -19 14 -13 16 -21 14 -16 16 -16 12 -13 7 -17 9 -15 9 -18 14 -18 10 -11 14 -19 10 -15 8 0 3 -14 8 -11 8 -18 16 -10 14 -11 9 -16 11 -9 13 -14 7 -15 14 -10 9 -11 12 -9 16 -9 9 -13 17 -8 14 -7 12 -13 11 -12 14 -6 13 -10 18 -8 16 -7 18 -8 11 -10 15 -5 18 -6 12 4 4 0 0 0 0 0 0 0 0 ]
CSI_DATA,AP,68:FE:71:12:53:8C,-34,11,1,5,1,1,1,0,0,0,0,-93,0,6,1,66156080,0,84,0,0,66.156,384,[84 -64 4 0 0 0 0 0 0 0 0 0 8 21 9 19 6 15 13 22 12 14 9 22 8 19 4 15 8 17 2 14 9 22 10 20 5 16 8 23 1 14 3 19 3 20 5 17 7 20 7 17 1 16 6 19 -1 13 0 18 5 16 6 13 3 -2 3 16 5 15 9 16 4 17 9 11 9 14 2 16 6 13 9 12 5 12 11 16 9 11 10 16 12 9 7 16 7 18 10 14 7 11 9 17 10 13 13 11 8 11 13 11 11 8 12 10 9 13 -1 3 0 0 0 0 0 0 0 0 ]
CSI_DATA,AP,68:FE:71:12:53:8C,-33,11,1,7,1,1,1,0,0,0,0,-93,0,6,1,66270968,0,84,0,0,66.271,384,[84 -64 4 0 0 0 0 0 0 0 0 0 5 -22 -2 -19 0 -27 5 -25 5 -18 4 -23 8 -24 8 -21 8 -19 4 -20 8 -25 11 -23 10 -23 6 -17 10 -22 9 -18 8 -17 8 -16 11 -21 11 -22 7 -16 4 -19 3 -21 10 -21 5 -21 4 -16 0 2 9 -19 1 -15 2 -18 4 -19 0 -18 -1 -17 7 -19 3 -22 -1 -21 3 -19 3 -19 -2 -19 2 -19 0 -22 0 -18 -1 -19 5 -19 -1 -21 2 -15 -3 -19 3 -16 -2 -17 1 -23 -4 -22 -3 -15 2 -18 -2 3 0 0 0 0 0 0 0 0 ]
CSI_DATA,AP,68:FE:71:12:53:8C,-33,11,1,7,1,1,1,0,0,0,0,-94,0,6,1,66380101,0,84,0,0,66.38,384,[84 -64 4 0 0 0 0 0 0 0 0 0 9 -15 13 -11 17 -16 11 -16 13 -13 17 -8 12 -8 14 -10 17 -14 18 -10 19 -13 20 -6 20 -7 20 -9 13 -7 17 -10 11 -12 15 -9 11 -9 13 -11 16 -5 17 -12 9 -6 10 -8 16 -12 9 -7 -2 1 14 -5 9 -5 17 -9 13 -8 15 -6 13 -14 10 -11 14 -13 15 -14 6 -12 8 -11 8 -12 6 -11 14 -7 8 -11 11 -15 14 -15 7 -16 9 -11 7 -11 7 -14 8 -12 6 -17 6 -10 6 -11 5 -12 -4 4 0 0 0 0 0 0 0 0 ]
CSI_DATA,AP,68:FE:71:12:53:8C,-34,11,1,7,1,1,1,0,0,0,0,-94,0,6,1,66502405,0,84,0,0,66.502,384,[84 -64 4 0 0 0 0 0 0 0 0 0 -21 9 -16 6 -23 8 -18 14 -16 6 -17 6 -23 6 -20 8 -23 9 -20 3 -19 10 -25 2 -25 8 -18 2 -19 1 -17 2 -17 8 -14 1 -23 3 -17 0 -16 3 -14 6 -13 3 -19 4 -22 0 -22 5 2 -2 -15 0 -16 2 -18 6 -16 3 -18 5 -12 3 -14 7 -17 4 -17 8 -13 8 -17 13 -15 5 -11 8 -14 10 -15 5 -19 13 -12 10 -19 9 -18 8 -11 12 -16 9 -17 13 -18 13 -17 14 -15 10 -10 10 3 3 0 0 0 0 0 0 0 0 ]
CSI_DATA,AP,68:FE:71:12:53:8C,-37,11,1,7,1,1,1,0,0,0,0,-95,0,6,1,66637607,0,84,0,0,66.638,384,[84 -64 4 0 0 0 0 0 0 0 0 0 1 15 0 18 -6 21 0 17 -8 18 -7 17 -2 16 -5 17 -5 13 -4 19 -10 16 -10 16 -11 16 -10 16 -6 10 -6 18 -10 17 -6 13 -6 10 -7 13 -11 12 -3 13 -8 9 -10 13 -3 14 -7 8 4 -3 -9 9 -1 11 -3 12 -1 11 -9 12 -1 15 -7 13 -6 10 -5 15 2 7 -5 9 -5 8 -2 10 -5 15 -4 11 2 10 -3 14 0 14 -1 9 4 15 -4 9 1 11 0 16 2 10 -1 15 -2 9 -1 0 0 0 0 0 0 0 0 0 ]
CSI_DATA,AP,68:FE:71:12:53:8C,-36,11,1,7,1,1,1,0,0,0,0,-95,0,6,1,66729213,0,84,0,0,66.729,384,[84 -64 4 0 0 0 0 0 0 0 0 0 13 0 15 -2 19 -2 17 2 17 3 16 4 16 6 19 5 13 7 14 2 19 7 13 5 18 6 14 10 12 7 18 4 13 10 15 4 13 9 11 6 17 9 11 9 9 7 17 2 11 4 13 1 1 0 11 1 10 1 10 3 12 0 12 4 15 1 9 3 10 4 16 5 16 0 11 1 15 6 14 3 10 -3 13 1 18 4 14 3 10 3 14 4 16 -2 17 -3 15 1 17 2 14 -4 15 0 10 1 4 -2 0 0 0 0 0 0 0 0 ]
CSI_DATA,AP,68:FE:71:12:53:8C,-36,11,1,7,1,1,1,1,0,0,0,-95,6,6,1,66826431,0,84,0,0,66.826,384,[84 -64 4 0 0 0 0 0 0 0 0 0 3 -8 7 -8 11 -10 8 -10 12 -10 8 -10 7 -8 7 -6 10 -11 6 -11 6 -9 6 -11 10 -6 13 -11 9 -7 11 -10 9 -8 13 -10 8 -10 12 -4 9 -5 13 -8 6 -11 8 -8 11 -5 10 -9 1 3 4 -12 5 -13 7 -5 9 -7 4 -5 9 -10 6 -9 6 -9 4 -6 6 -9 7 -11 10 -5 7 -12 6 -7 9 -12 5 -9 7 -8 7 -14 1 -10 7 -6 6 -6 0 -8 4 -14 8 -14 4 -10 7 -13 -4 -3 0 0 0 0 0 0 0 0 ]
CSI_DATA,AP,68:FE:71:12:53:8C,-37,11,0,0,0,0,0,0,0,0,0,-95,0,6,1,66923259,0,37,0,0,66.923,128,[84 -64 4 0 0 0 0 0 0 0 0 0 3 -2 4 -2 8 -1 10 1 7 -4 9 3 6 3 11 1 5 0 5 -1 6 0 13 -2 10 1 9 -2 7 -1 10 1 4 -2 6 3 8 -3 3 4 9 -1 7 -1 9 -4 7 0 4 -2 3 2 2 4 11 1 8 4 5 4 11 2 10 -4 8 -3 10 -1 8 2 11 2 10 0 10 -1 5 -4 3 3 7 0 3 3 8 3 8 1 11 -5 6 -3 7 -3 9 -5 7 1 8 -5 5 -6 6 1 4 -2 3 2 0 0 0 0 0 0 0 0 ]
CSI_DATA,AP,68:FE:71:12:53:8C,-32,11,1,7,1,1,1,0,0,0,0,-95,0,6,1,67053828,0,84,0,0,67.054,384,[84 -64 4 0 0 0 0 0 0 0 0 0 7 10 11 13 7 11 11 10 10 13 8 8 9 8 9 10 9 8 11 16 9 15 6 16 5 13 5 13 3 14 9 17 8 11 8 14 7 12 9 10 4 16 1 9 8 12 5 13 7 16 3 16 -3 2 3 9 10 15 4 13 10 15 10 13 9 9 9 8 6 11 4 7 8 10 11 13 9 11 11 8 6 7 11 7 8 8 5 13 12 7 10 11 8 13 5 10 12 6 8 10 12 9 12 12 9 10 2 0 0 0 0 0 0 0 0 0 ]
CSI_DATA,AP,68:FE:71:12:53:8C,-31,11,1,7,1,1,1,0,0,0,0,-94,0,6,1,67134935,0,84,0,0,67.135,384,[84 -64 4 0 0 0 0 0 0 0 0 0 -17 -12 -19 -15 -20 -19 -20 -17 -18 -16 -12 -17 -12 -20 -12 -13 -8 -16 -12 -21 -9 -22 -16 -21 -13 -22 -8 -21 -14 -22 -13 -20 -9 -21 -12 -15 -10 -19 -10 -13 -11 -14 -13 -19 -10 -17 -11 -19 -10 -16 -7 -15 -2 -1 -12 -17 -8 -14 -12 -16 -10 -13 -13 -11 -11 -18 -6 -15 -14 -13 -10 -11 -15 -12 -16 -15 -6 -13 -8 -8 -8 -14 -14 -16 -9 -10 -14 -14 -10 -7 -13 -10 -11 -9 -10 -7 -12 -12 -10 -9 -15 -11 -17 -7 -12 -12 -3 -3 0 0 0 0 0 0 0 0 ]
CSI_DATA,AP,68:FE:71:12:53:8C,-33,11,1,7,1,1,1,0,0,0,0,-93,0,6,1,67247105,0,84,0,0,67.247,384,[84 -64 4 0 0 0 0 0 0 0 0 0 14 -15 19 -9 14 -9 14 -8 14 -14 20 -11 13 -10 17 -8 14 -10 18 -3 18 -4 15 -5 13 -5 19 -9 15 -3 18 -4 13 -7 8 -4 10 -7 8 -3 12 -3 13 -1 8 -3 11 -8 12 -7 15 -3 3 -3 10 -9 14 -5 7 -9 11 -5 11 -5 10 -3 7 -9 7 -12 10 -7 11 -8 10 -10 7 -8 4 -9 9 -9 5 -7 9 -15 9 -11 6 -11 7 -13 4 -12 4 -12 9 -9 8 -10 9 -11 8 -11 8 -12 0 2 0 0 0 0 0 0 0 0 ]
CSI_DATA,AP,68:FE:71:12:53:8C,-32,11,1,7,1,1,1,0,0,0,0,-96,0,6,1,67353933,0,84,0,0,67.354,384,[84 -64 4 0 0 0 0 0 0 0 0 0 3 -30 7 -25 0 -30 7 -31 4 -23 10 -20 3 -27 6 -20 12 -19 10 -21 7 -19 4 -20 2 -25 5 -24 4 -16 6 -16 9 -15 1 -15 7 -20 1 -14 3 -19 8 -18 0 -9 5 -12 2 -20 -3 -13 -2 2 3 -18 2 -15 0 -10 -1 -14 -1 -10 -3 -14 -1 -16 1 -16 -2 -15 0 -7 -5 -9 -9 -9 -7 -16 -4 -9 -10 -13 -5 -9 -9 -12 -4 -10 -9 -9 -12 -12 -4 -8 -12 -15 -7 -12 -7 -9 -6 -9 -8 -13 -4 2 0 0 0 0 0 0 0 0 ]
CSI_DATA,AP,68:FE:71:12:53:8C,-33,11,1,7,1,1,1,0,0,0,0,-95,0,6,1,67457723,0,84,0,0,67.458,384,[84 -64 4 0 0 0 0 0 0 0 0 0 6 -30 6 -34 11 -35 12 -32 13 -32 9 -29 13 -27 10 -22 11 -26 12 -22 16 -23 16 -20 11 -24 14 -23 12 -24 10 -21 9 -16 11 -19 13 -20 9 -21 7 -19 11 -16 5 -17 10 -13 8 -15 6 -13 -4 -4 6 -15 6 -12 7 -12 2 -16 -3 -13 -1 -15 1 -11 -3 -12 -5 -13 2 -15 -1 -18 -4 -13 0 -12 0 -17 -4 -9 -9 -13 -2 -13 -8 -12 -8 -10 -6 -11 -3 -7 -6 -6 -11 -9 -6 -10 -7 -6 -7 -12 -2 -1 0 0 0 0 0 0 0 0 ]
CSI_DATA,AP,68:FE:71:12:53:8C,-33,11,1,7,1,1,1,0,0,0,0,-93,0,6,1,67579260,0,82,0,0,67.579,384,[84 -64 4 0 0 0 0 0 0 0 0 0 -8 -9 -6 -6 -6 -12 -9 -7 -4 -9 -3 -11 -5 -14 -6 -13 -8 -13 -7 -10 -5 -8 -9 -11 -4 -9 -4 -8 -8 -7 -4 -7 -7 -8 -2 -9 -6 -11 -2 -7 -4 -8 -6 -11 -6 -10 -4 -12 -5 -11 -8 -10 1 -4 -2 -11 -10 -4 -5 -8 -6 -8 -8 -6 -8 -10 -2 -12 -9 -3 -2 -3 -7 -11 -6 -3 -2 -9 -7 -7 -10 -9 -10 -3 -4 -4 -9 -7 -6 -4 -10 -3 -6 -6 -7 -3 -10 -3 -6 -3 -11 -5 -10 -10 -6 -6 -4 4 0 0 0 0 0 0 0 0 ]
CSI_DATA,AP,68:FE:71:12:53:8C,-33,11,1,7,1,1,1,1,0,0,0,-93,2,6,1,67676147,0,84,0,0,67.676,384,[84 -64 4 0 0 0 0 0 0 0 0 0 -13 2 -11 3 -17 6 -17 2 -19 6 -12 4 -14 2 -18 2 -18 2 -10 4 -13 3 -12 1 -13 -2 -15 5 -10 2 -11 4 -12 1 -9 5 -11 5 -10 0 -14 0 -10 2 -10 -3 -15 2 -17 5 -14 2 -4 -2 -12 -1 -18 5 -15 7 -15 0 -11 2 -10 7 -13 8 -12 2 -16 9 -14 5 -16 6 -12 9 -14 9 -14 2 -11 1 -14 2 -14 6 -17 3 -10 5 -11 7 -14 9 -17 7 -15 4 -16 9 -11 8 -16 6 1 -2 0 0 0 0 0 0 0 0 ]
CSI_DATA,AP,68:FE:71:12:53:8C,-33,11,1,6,1,1,1,0,0,0,0,-94,0,6,1,67770228,0,84,0,0,67.77,384,[84 -64 4 0 0 0 0 0 0 0 0 0 1 -20 4 -22 -2 -23 0 -26 1 -26 7 -26 5 -21 7 -19 7 -25 3 -26 8 -22 5 -19 8 -22 9 -22 3 -20 9 -20 8 -19 4 -24 10 -24 6 -24 7 -25 6 -24 12 -17 6 -21 5 -19 9 -24 3 -2 8 -18 2 -22 3 -19 4 -17 5 -23 9 -21 3 -24 9 -25 8 -22 1 -23 6 -20 4 -26 7 -27 2 -26 3 -24 -1 -26 3 -24 -1 -26 4 -27 3 -25 2 -26 0 -25 3 -25 5 -20 6 -21 2 -28 -2 -2 0 0 0 0 0 0 0 0 ]
CSI_DATA,AP,68:FE:71:12:53:8C,-37,11,1,5,1,1,1,0,0,0,1,-94,0,6,1,67858278,0,84,0,0,67.858,384,[84 -64 4 0 0 0 0 0 0 0 0 0 -11 -12 -12 -10 -17 -12 -10 -13 -12 -10 -10 -14 -11 -14 -8 -17 -14 -10 -13 -12 -7 -11 -10 -15 -5 -12 -11 -17 -10 -18 -10 -12 -6 -14 -4 -15 -7 -12 -5 -13 -9 -17 -10 -11 -9 -9 -8 -13 -11 -12 -9 -18 1 4 -3 -15 -6 -16 -8 -14 -13 -18 -9 -9 -12 -10 -9 -13 -7 -9 -5 -13 -9 -14 -13 -10 -12 -13 -6 -12 -12 -9 -9 -15 -9 -8 -16 -13 -15 -9 -16 -13 -16 -11 -15 -15 -12 -13 -14 -14 -9 -13 -15 -11 -15 -8 1 -3 0 0 0 0 0 0 0 0 ]
CSI_DATA,AP,68:FE:71:12:53:8C,-39,11,1,6,1,1,1,1,0,0,0,-96,3,6,1,67979392,0,84,0,0,67.979,384,[84 -64 4 0 0 0 0 0 0 0 0 0 -17 -6 -20 -4 -21 -8 -19 -1 -21 -3 -20 -8 -23 -5 -25 -10 -21 -9 -22 -11 -24 -7 -23 -11 -19 -10 -24 -10 -19 -9 -21 -15 -17 -11 -19 -15 -22 -8 -19 -14 -16 -16 -18 -9 -19 -9 -16 -10 -19 -11 -15 -9 2 2 -22 -9 -25 -12 -18 -6 -18 -13 -19 -7 -21 -9 -23 -10 -15 -12 -19 -10 -19 -4 -20 -8 -17 -5 -19 -4 -14 -3 -23 -7 -18 -6 -26 -5 -23 -1 -17 -7 -23 -1 -23 -2 -22 -6 -22 -5 -25 -6 -20 -2 -23 -1 -3 -2 0 0 0 0 0 0 0 0 ]
CSI_DATA,AP,68:FE:71:12:53:8C,-31,11,1,7,1,1,1,0,0,0,0,-94,0,6,1,68069613,0,84,0,0,68.07,384,[84 -64 4 0 0 0 0 0 0 0 0 0 -13 -12 -10 -11 -13 -12 -13 -8 -9 -14 -15 -10 -16 -9 -16 -14 -9 -18 -15 -19 -8 -14 -14 -16 -10 -17 -7 -18 -10 -12 -8 -15 -15 -12 -13 -15 -10 -13 -7 -19 -11 -21 -6 -13 -7 -13 -10 -15 -9 -17 -8 -21 1 -4 -11 -20 -7 -18 -8 -14 -14 -12 -10 -16 -13 -14 -12 -16 -7 -19 -9 -19 -10 -17 -15 -18 -9 -15 -11 -14 -15 -17 -9 -15 -9 -13 -11 -10 -13 -13 -17 -11 -11 -8 -17 -14 -13 -8 -13 -12 -11 -15 -10 -16 -17 -10 2 -3 0 0 0 0 0 0 0 0 ]
CSI_DATA,AP,68:FE:71:12:53:8C,-36,11,1,6,1,1,1,0,0,0,0,-95,0,6,1,68148389,0,84,0,0,68.148,384,[84 -64 4 0 0 0 0 0 0 0 0 0 -8 16 -11 14 -9 23 -12 15 -12 16 -11 14 -13 13 -10 18 -10 15 -13 19 -14 19 -16 14 -15 16 -13 10 -11 9 -17 16 -12 15 -14 14 -14 11 -16 10 -10 10 -16 15 -15 13 -11 16 -10 11 -15 8 -1 4 -12 13 -14 14 -12 15 -8 13 -8 10 -8 17 -13 9 -9 15 -7 13 -11 15 -9 11 -11 14 -7 9 -9 18 -12 12 -4 15 -9 15 -10 13 -7 18 -8 11 -7 15 -4 14 -5 16 -9 12 -5 12 -4 12 -4 -3 0 0 0 0 0 0 0 0 ]
CSI_DATA,AP,68:FE:71:12:53:8C,-39,11,1,5,1,1,1,0,0,0,1,-94,0,6,1,68287640,0,84,0,0,68.288,384,[82 -96 4 0 0 0 0 0 0 0 0 0 17 -14 19 -15 16 -13 19 -13 16 -9 15 -10 19 -5 14 -6 15 -9 20 -9 14 -6 19 -6 19 -10 19 -10 16 -9 16 -7 18 -8 20 -7 17 -1 17 -6 18 -4 13 -9 18 -1 19 -2 14 -7 11 -8 -1 2 15 -9 18 -5 15 -7 13 -4 13 -2 9 -7 11 -5 14 -7 12 -6 9 -10 12 -8 16 -7 12 -4 12 -6 10 -7 14 -12 14 -5 12 -9 10 -14 9 -14 15 -12 15 -6 12 -13 6 -11 6 -14 13 -7 -2 1 0 0 0 0 0 0 0 0 ]
CSI_DATA,AP,68:FE:71:12:53:8C,-37,11,1,6,1,1,1,0,0,0,0,-96,0,6,1,68399974,0,84,0,0,68.4,384,[84 -64 4 0 0 0 0 0 0 0 0 0 17 -7 20 -5 23 -4 19 -8 18 -4 15 0 21 2 23 -1 19 3 20 1 20 -5 18 -5 19 2 13 3 15 -4 21 -2 14 4 15 1 20 2 15 3 17 -2 18 -2 19 2 20 -1 18 0 17 -2 -1 -1 16 -5 15 -3 20 -1 18 2 13 -6 14 0 14 -3 11 -7 18 0 11 -5 12 0 10 1 13 -2 18 -8 17 -2 15 -6 14 -7 14 -3 13 -4 10 -6 11 -5 10 -5 12 -10 14 -5 15 -6 10 -3 2 -1 0 0 0 0 0 0 0 0 ]
CSI_DATA,AP,68:FE:71:12:53:8C,-36,11,1,6,1,1,1,0,0,0,0,-96,0,6,1,68508765,0,84,0,0,68.509,384,[84 -64 4 0 0 0 0 0 0 0 0 0 21 -8 22 -7 16 -8 20 -7 20 -8 19 -7 19 -6 15 -6 22 -7 16 -1 20 -6 23 -3 18 -4 16 -1 22 -4 21 -5 17 -4 14 -5 18 -6 14 0 15 -1 16 -3 18 -4 17 1 20 -4 13 2 -2 4 15 -2 18 -6 19 -4 16 -1 11 -3 11 0 18 -3 12 -4 14 -5 17 -10 14 -3 12 -7 16 -10 18 -10 18 -3 13 -6 11 -3 17 -6 16 -8 16 -10 12 -11 14 -8 17 -12 12 -7 10 -9 15 -6 3 4 0 0 0 0 0 0 0 0 ]
CSI_DATA,AP,68:FE:71:12:53:8C,-30,11,1,7,1,1,1,0,0,0,0,-95,0,6,1,68607748,0,84,0,0,68.608,384,[84 -64 4 0 0 0 0 0 0 0 0 0 -19 -11 -16 -14 -13 -9 -15 -9 -19 -10 -15 -15 -13 -14 -12 -8 -17 -17 -15 -15 -17 -15 -17 -15 -12 -16 -16 -10 -17 -10 -16 -12 -16 -11 -14 -10 -11 -16 -11 -13 -12 -9 -10 -10 -15 -13 -8 -9 -15 -12 -12 -10 -4 4 -9 -10 -15 -11 -10 -14 -11 -7 -16 -10 -13 -7 -14 -5 -15 -5 -10 -13 -9 -7 -15 -5 -11 -9 -14 -3 -9 -11 -14 -2 -19 -5 -13 -3 -12 -2 -17 -4 -11 -8 -14 -7 -16 -2 -16 -9 -19 -5 -14 -8 -15 -6 2 -1 0 0 0 0 0 0 0 0 ]
CSI_DATA,AP,68:FE:71:12:53:8C,-35,11,1,5,1,1,1,1,0,0,0,-94,1,6,1,68716273,0,84,0,0,68.716,384,[84 -64 4 0 0 0 0 0 0 0 0 0 19 10 13 12 16 11 12 13 19 13 11 14 14 13 11 10 16 8 15 11 11 9 12 13 10 11 16 14 15 13 9 13 9 13 7 11 11 9 10 12 7 13 14 12 10 15 8 14 9 14 7 10 -2 -1 10 11 7 8 13 13 13 12 12 8 12 10 8 5 8 7 10 8 10 9 14 9 16 9 15 3 15 9 15 7 11 5 16 5 16 10 9 7 17 2 12 8 15 7 12 7 18 3 15 8 14 4 -4 2 0 0 0 0 0 0 0 0 ]
CSI_DATA,AP,68:FE:71:12:53:8C,-30,11,1,7,1,1,1,0,0,0,0,-96,0,6,1,68788030,0,84,0,0,68.788,384,[84 -64 4 0 0 0 0 0 0 0 0 0 -19 -1 -16 0 -23 -3 -18 0 -24 -3 -22 -3 -18 -3 -16 -3 -19 -1 -21 0 -23 -4 -20 -2 -23 -2 -22 -7 -17 -7 -19 -4 -21 -3 -14 -8 -18 -2 -15 -7 -16 -6 -14 -5 -20 -3 -20 -2 -17 -5 -13 -4 -2 0 -18 -1 -18 -7 -14 -5 -14 -1 -19 -1 -13 -1 -13 2 -11 3 -17 -1 -14 4 -14 -3 -16 2 -13 4 -20 -3 -15 4 -13 -2 -13 -4 -18 -2 -20 -1 -19 5 -19 6 -13 7 -19 5 -18 0 -20 4 -19 0 -3 2 0 0 0 0 0 0 0 0 ]
CSI_DATA,AP,68:FE:71:12:53:8C,-35,11,1,7,1,1,1,0,0,0,0,-94,0,6,1,68899948,0,84,0,0,68.9,384,[84 -64 4 0 0 0 0 0 0 0 0 0 3 14 1 17 3 16 -2 20 2 18 0 17 -1 15 -2 15 1 15 1 15 -5 18 -3 19 0 15 -6 14 -8 14 -4 20 -7 17 0 15 -2 14 -5 16 -5 13 -4 11 -2 14 -3 11 -7 11 -5 16 3 4 -2 17 -4 11 -5 14 -1 11 -7 17 -5 18 2 13 -4 13 -2 13 -1 17 4 10 0 10 4 13 0 12 -3 11 -3 10 -3 14 0 9 5 14 -3 11 3 15 5 13 1 11 6 13 6 11 3 14 1 -1 0 0 0 0 0 0 0 0 ]
CSI_DATA,AP,68:FE:71:12:53:8C,-36,11,1,7,1,1,1,0,0,0,0,-94,0,6,1,69005723,0,84,0,0,69.006,384,[84 -64 4 0 0 0 0 0 0 0 0 0 -2 18 -3 18 -7 17 -1 23 -6 21 -3 20 -6 17 -9 16 -3 17 -8 17 -10 19 -11 18 -11 13 -5 17 -8 14 -3 14 -8 19 -8 13 -5 16 -4 20 -7 19 -4 13 -2 14 -6 16 -5 12 -8 19 -4 -2 -4 14 -2 18 -4 11 -7 19 -7 18 0 14 -8 15 -7 19 1 14 -2 16 -6 15 -3 16 -6 19 1 13 1 15 0 17 1 19 2 18 -2 15 -1 13 4 19 4 11 0 15 -2 19 2 18 3 19 2 -2 0 0 0 0 0 0 0 0 ]
CSI_DATA,AP,68:FE:71:12:53:8C,-37,11,1,7,1,1,1,0,0,0,0,-95,0,6,1,69099988,0,84,0,0,69.1,384,[84 -64 4 0 0 0 0 0 0 0 0 0 15 -8 17 -9 21 -11 20 -9 16 -15 17 -8 18 -7 15 -3 20 -11 21 -10 15 -6 17 -9 19 -4 21 -7 15 -2 17 -8 17 -8 18 -2 16 -4 16 -5 21 -2 20 -9 18 -7 18 -10 13 -4 15 -8 2 -4 18 -1 13 -3 15 -4 14 -10 14 -3 18 -8 16 -7 16 -9 18 -6 14 -5 12 -9 11 -12 14 -11 13 -8 10 -11 10 -11 11 -8 17 -14 16 -13 12 -11 18 -7 15 -13 12 -13 10 -15 8 -11 9 -7 -2 3 0 0 0 0 0 0 0 0 ]
CSI_DATA,AP,68:FE:71:12:53:8C,-32,11,1,6,1,1,1,0,0,0,0,-93,0,6,1,69198134,0,84,0,0,69.198,384,[84 -64 4 0 0 0 0 0 0 0 0 0 -12 16 -16 9 -18 10 -18 15 -22 7 -16 9 -17 13 -18 5 -18 4 -18 8 -16 10 -18 6 -16 7 -21 11 -16 3 -22 5 -22 7 -15 6 -16 9 -21 3 -18 7 -22 1 -17 1 -18 2 -15 3 -17 9 -3 -2 -17 6 -17 3 -17 4 -12 5 -19 9 -18 9 -18 4 -13 3 -15 6 -12 8 -12 13 -10 11 -13 10 -10 11 -15 6 -17 9 -12 5 -11 6 -10 12 -15 12 -16 10 -13 11 -10 12 -13 15 -9 6 -12 7 -2 0 0 0 0 0 0 0 0 0 ]
CSI_DATA,AP,68:FE:71:12:53:8C,-33,11,1,6,1,1,1,1,0,0,0,-94,5,6,1,69304494,0,84,0,0,69.304,384,[84 -64 4 0 0 0 0 0 0 0 0 0 -17 -2 -23 4 -24 2 -16 -2 -22 -2 -22 -2 -18 3 -23 1 -18 1 -20 -1 -17 0 -17 -7 -22 1 -16 -3 -21 -1 -17 -1 -15 -3 -14 0 -18 0 -22 -1 -16 -6 -14 -4 -14 -6 -13 -5 -18 -5 -13 -2 3 3 -18 -3 -19 1 -15 -2 -19 3 -15 -4 -13 2 -19 -1 -16 -1 -12 -2 -12 2 -20 4 -14 5 -19 -2 -18 -3 -18 5 -16 3 -15 -1 -13 1 -15 5 -19 -1 -16 0 -12 8 -15 8 -16 4 -14 1 -12 1 1 4 0 0 0 0 0 0 0 0 ]
CSI_DATA,AP,68:FE:71:12:53:8C,-31,11,1,7,1,1,1,0,0,0,0,-95,0,6,1,69397993,0,84,0,0,69.398,384,[84 -64 4 0 0 0 0 0 0 0 0 0 1 -13 -4 -10 -4 -12 -3 -8 -3 -12 3 -9 -1 -13 2 -11 2 -6 5 -5 1 -6 4 -9 4 -7 6 -7 1 -13 5 -9 2 -7 6 -12 4 -6 5 -10 0 -4 2 -8 1 -8 1 -10 1 -8 4 -5 3 2 1 -5 5 -10 1 -6 -4 -8 1 -9 1 -10 3 -7 0 -12 4 -8 -4 -5 -3 -10 -5 -3 0 -9 -3 -3 2 -6 -1 -12 -2 -10 2 -5 -1 -11 -3 -4 -3 -7 0 -6 -6 -9 2 -5 -4 -4 0 -12 -3 -3 0 0 0 0 0 0 0 0 ]
CSI_DATA,AP,68:FE:71:12:53:8C,-32,11,1,7,1,1,1,0,0,0,0,-93,0,6,1,69515024,0,84,0,0,69.515,384,[84 -64 4 0 0 0 0 0 0 0 0 0 21 11 19 11 19 8 18 13 17 10 13 13 16 8 15 12 14 9 13 10 15 16 13 16 9 15 10 9 13 16 11 10 12 17 10 15 16 15 14 17 8 10 14 13 11 13 14 14 8 15 8 14 -4 -2 14 9 9 10 8 7 12 12 14 13 15 6 16 10 9 5 14 13 9 10 16 13 9 7 16 9 16 11 13 9 9 12 10 10 14 10 12 4 15 4 14 6 16 2 17 4 11 7 14 10 10 9 0 -4 0 0 0 0 0 0 0 0 ]
CSI_DATA,AP,68:FE:71:12:53:8C,-38,11,1,7,1,1,1,0,0,0,0,-94,0,6,1,69636693,0,84,0,0,69.637,384,[84 -64 4 0 0 0 0 0 0 0 0 0 9 -17 8 -16 9 -17 3 -16 4 -20 7 -19 8 -15 5 -15 6 -17 11 -19 13 -19 11 -14 13 -14 6 -17 11 -12 9 -19 7 -12 7 -10 11 -9 12 -16 9 -9 7 -11 11 -10 9 -9 7 -17 9 -15 -4 3 7 -15 7 -15 10 -16 10 -14 5 -13 4 -14 11 -12 10 -9 2 -11 2 -10 9 -14 10 -15 6 -13 9 -17 6 -9 5 -13 2 -12 5 -11 6 -17 5 -14 4 -15 6 -11 5 -19 2 -11 5 -17 2 -10 -4 -4 0 0 0 0 0 0 0 0 ]
CSI_DATA,AP,68:FE:71:12:53:8C,-37,11,1,5,1,1,1,0,0,0,0,-94,0,6,1,69717912,0,84,0,0,69.718,384,[84 -64 4 0 0 0 0 0 0 0 0 0 4 -19 6 -23 11 -16 9 -18 10 -17 10 -18 5 -16 8 -18 7 -13 7 -13 15 -16 13 -19 15 -18 10 -20 11 -14 10 -13 12 -17 7 -15 9 -16 9 -18 12 -15 12 -18 5 -10 10 -15 8 -14 13 -16 1 0 10 -16 6 -14 9 -14 6 -14 3 -18 8 -17 7 -18 4 -12 9 -17 4 -11 1 -18 7 -16 4 -15 3 -12 7 -18 5 -18 7 -12 -1 -16 0 -17 3 -15 3 -20 0 -17 1 -20 4 -13 -1 -17 5 -16 -2 3 0 0 0 0 0 0 0 0 ]
CSI_DATA,AP,68:FE:71:12:53:8C,-32,11,1,6,1,1,1,0,0,0,0,-94,0,6,1,69825890,0,84,0,0,69.826,384,[84 -64 4 0 0 0 0 0 0 0 0 0 -3 -20 -5 -20 0 -20 1 -21 -1 -22 -2 -17 4 -20 4 -22 1 -15 -2 -16 3 -19 3 -17 -1 -17 3 -22 6 -19 5 -16 8 -14 0 -19 3 -20 1 -12 7 -12 5 -19 0 -19 6 -19 7 -20 5 -18 -4 -2 0 -13 0 -13 2 -17 6 -11 1 -16 3 -10 -2 -13 0 -19 -2 -19 2 -12 4 -16 -3 -11 1 -13 -4 -14 0 -13 0 -18 3 -16 -1 -17 -4 -13 2 -15 -5 -12 0 -15 -4 -13 -4 -15 -1 -15 -7 -12 2 4 0 0 0 0 0 0 0 0 ]
CSI_DATA,AP,68:FE:71:12:53:8C,-34,11,1,6,1,1,1,0,0,0,0,-93,0,6,1,69947524,0,84,0,0,69.948,384,[84 -64 4 0 0 0 0 0 0 0 0 0 -44 -6 -42 -7 -40 -7 -44 -11 -45 -13 -40 -8 -41 -13 -34 -12 -42 -10 -34 -14 -41 -18 -42 -14 -42 -19 -33 -13 -37 -22 -40 -14 -35 -20 -36 -19 -34 -17 -35 -17 -30 -18 -33 -19 -29 -19 -37 -21 -33 -14 -31 -15 4 1 -30 -13 -35 -9 -32 -16 -33 -8 -32 -14 -28 -16 -36 -9 -33 -14 -30 -12 -36 -5 -34 -9 -28 -7 -32 -11 -28 -8 -30 -10 -32 -7 -37 -8 -30 2 -35 1 -32 -2 -30 -5 -37 0 -30 -2 -32 -2 -38 -4 -30 -2 -2 -4 0 0 0 0 0 0 0 0 ]
CSI_DATA,AP,68:FE:71:12:53:8C,-34,11,1,7,1,1,1,0,0,0,0,-96,0,6,1,70058619,0,84,0,0,70.059,384,[84 -64 4 0 0 0 0 0 0 0 0 0 -11 -22 -4 -21 -3 -18 -4 -20 -3 -17 -2 -21 -3 -20 -6 -17 0 -16 1 -20 0 -17 -4 -16 -4 -19 1 -17 -2 -18 0 -21 -2 -22 -4 -21 -2 -19 1 -20 2 -18 -2 -20 4 -14 2 -18 3 -14 1 -16 -2 -1 -5 -17 1 -20 -3 -19 0 -19 -4 -13 0 -20 0 -15 -2 -17 -5 -19 -7 -13 -3 -17 -2 -13 -9 -14 -5 -14 -2 -13 -8 -19 -4 -15 -2 -14 -7 -18 -9 -19 -10 -12 -10 -12 -5 -20 -12 -12 -6 -19 -5 -12 -3 4 0 0 0 0 0 0 0 0 ]
CSI_DATA,AP,68:FE:71:12:53:8C,-32,11,1,7,1,1,1,0,0,0,0,-95,0,6,1,70170948,0,84,0,0,70.171,384,[84 -64 4 0 0 0 0 0 0 0 0 0 -15 17 -17 17 -10 17 -12 11 -12 15 -19 13 -17 13 -14 13 -19 15 -14 10 -16 8 -16 14 -20 13 -16 11 -15 9 -14 7 -17 7 -15 6 -11 8 -10 8 -15 14 -15 14 -12 10 -12 9 -13 5 -17 6 2 0 -14 13 -12 6 -14 6 -10 7 -15 11 -14 10 -14 8 -12 14 -13 9 -7 8 -13 9 -6 8 -14 15 -11 14 -8 14 -6 15 -10 11 -5 8 -12 13 -11 13 -6 9 -9 18 -7 18 -11 13 -7 13 -10 15 0 -4 0 0 0 0 0 0 0 0 ]
CSI_DATA,AP,68:FE:71:12:53:8C,-32,11,1,6,1,1,1,0,0,0,0,-95,0,6,1,70251737,0,84,0,0,70.252,384,[84 -64 4 0 0 0 0 0 0 0 0 0 -33 -13 -40 -13 -36 -9 -35 -16 -33 -14 -34 -14 -39 -15 -33 -20 -36 -17 -31 -21 -37 -22 -29 -18 -30 -19 -28 -24 -28 -18 -31 -22 -34 -24 -32 -21 -33 -16 -32 -22 -32 -22 -27 -18 -28 -13 -30 -20 -28 -21 -26 -21 0 -1 -27 -18 -26 -11 -27 -14 -29 -16 -29 -12 -31 -18 -31 -17 -30 -8 -30 -11 -28 -11 -27 -6 -29 -9 -30 -9 -30 -10 -25 -5 -35 -8 -31 -8 -30 -2 -33 -2 -32 -2 -29 -8 -33 -3 -32 -2 -34 -3 -32 -5 -34 1 -1 -3 0 0 0 0 0 0 0 0 ]
CSI_DATA,AP,68:FE:71:12:53:8C,-35,11,1,6,1,1,1,0,0,0,0,-94,0,6,1,70332738,0,84,0,0,70.333,384,[84 -64 4 0 0 0 0 0 0 0 0 0 1 -19 5 -25 3 -24 8 -18 6 -22 9 -15 10 -20 7 -17 8 -17 7 -21 7 -19 9 -16 8 -20 8 -16 11 -12 14 -18 7 -17 9 -15 10 -19 8 -16 7 -16 6 -13 14 -18 7 -17 13 -12 14 -16 -3 -3 12 -19 13 -13 10 -18 8 -13 11 -18 8 -12 5 -12 8 -12 3 -16 10 -14 7 -15 10 -17 2 -12 7 -12 9 -19 10 -15 6 -14 6 -17 2 -14 1 -14 3 -15 2 -17 3 -18 0 -15 -1 -13 5 -12 4 1 0 0 0 0 0 0 0 0 ]
CSI_DATA,AP,68:FE:71:12:53:8C,-34,11,1,5,1,1,1,0,0,0,0,-94,0,6,1,70438188,0,84,0,0,70.438,384,[84 -64 4 0 0 0 0 0 0 0 0 0 -14 -10 -19 -15 -19 -16 -17 -13 -14 -16 -14 -17 -9 -18 -16 -13 -12 -20 -11 -15 -12 -22 -10 -18 -12 -21 -16 -16 -15 -19 -14 -14 -6 -16 -8 -18 -7 -12 -11 -14 -8 -16 -14 -17 -9 -14 -11 -18 -14 -15 -9 -12 -4 3 -6 -14 -7 -15 -10 -14 -15 -17 -7 -18 -11 -18 -14 -13 -15 -17 -8 -15 -11 -13 -13 -13 -9 -15 -16 -11 -15 -7 -11 -11 -12 -11 -13 -8 -10 -9 -11 -14 -11 -12 -12 -13 -13 -13 -11 -6 -13 -6 -17 -12 -11 -7 -3 0 0 0 0 0 0 0 0 0 ]
CSI_DATA,AP,68:FE:71:12:53:8C,-32,11,1,7,1,1,1,0,0,0,0,-95,0,6,1,70539628,0,84,0,0,70.54,384,[84 -64 4 0 0 0 0 0 0 0 0 0 -8 20 -7 18 -6 25 -4 24 -4 18 -12 21 -6 19 -11 17 -11 16 -8 20 -9 18 -10 22 -15 20 -9 18 -11 20 -13 17 -12 13 -9 14 -7 13 -12 18 -14 15 -7 19 -10 10 -8 11 -9 12 -6 16 4 1 -9 16 -13 19 -10 17 -10 12 -6 12 -12 17 -10 20 -11 14 -7 15 -8 19 -7 16 -3 12 -1 14 -8 18 -7 18 -1 15 -8 21 -6 20 0 16 0 20 -4 20 1 18 -2 21 -2 16 -4 18 1 17 4 3 0 0 0 0 0 0 0 0 ]
CSI_DATA,AP,68:FE:71:12:53:8C,-34,11,1,6,1,1,1,0,0,0,0,-94,0,6,1,70627688,0,84,0,0,70.628,384,[84 -64 4 0 0 0 0 0 0 0 0 0 -5 -23 -9 -23 -8 -26 -6 -26 -3 -27 -8 -17 0 -26 -3 -23 -5 -22 -4 -18 -3 -25 2 -23 -2 -19 -1 -22 1 -24 1 -23 -1 -19 -2 -18 -3 -21 0 -16 2 -19 2 -23 3 -15 -4 -17 -4 -16 1 -18 -4 -3 -5 -22 -7 -22 -6 -17 -8 -18 -5 -17 1 -23 -7 -19 -1 -20 -5 -16 -7 -14 -8 -17 -8 -12 -10 -13 -2 -17 -4 -15 -6 -17 -6 -19 -11 -19 -12 -13 -13 -14 -7 -20 -8 -16 -7 -13 -11 -16 -13 -17 -10 -17 1 -4 0 0 0 0 0 0 0 0 ]
CSI_DATA,AP,68:FE:71:12:53:8C,-31,11,1,6,1,1,1,0,0,0,0,-93,0,6,1,70709275,0,84,0,0,70.709,384,[84 -64 4 0 0 0 0 0 0 0 0 0 -20 1 -26 -1 -20 6 -24 -1 -28 -4 -20 -1 -23 2 -18 -2 -26 0 -17 -4 -24 -5 -23 -6 -24 1 -18 -6 -19 -3 -23 -7 -20 -5 -18 0 -18 -6 -18 -8 -16 -3 -23 -3 -20 -5 -22 -1 -18 -3 -18 -1 -1 4 -19 1 -23 1 -22 -2 -19 -4 -20 -2 -17 -4 -14 -5 -15 -4 -15 3 -19 0 -20 -2 -16 5 -15 -2 -17 4 -15 6 -20 2 -17 7 -17 0 -17 8 -15 1 -20 3 -20 4 -18 1 -18 4 -13 5 -12 10 -1 0 0 0 0 0 0 0 0 0 ]
CSI_DATA,AP,68:FE:71:12:53:8C,-38,11,1,7,1,1,1,0,0,0,0,-95,0,6,1,70800170,0,84,0,0,70.8,384,[84 -64 4 0 0 0 0 0 0 0 0 0 19 3 23 4 22 1 26 3 23 4 17 1 24 6 20 8 23 7 20 1 23 4 16 2 19 3 20 3 21 4 20 7 18 9 18 8 14 7 19 3 20 4 19 1 18 4 20 7 17 9 13 1 3 4 19 5 18 0 20 0 19 -2 16 3 18 -1 13 7 15 3 15 2 13 2 13 3 14 6 14 -3 17 4 20 2 17 1 18 2 17 -2 14 -4 18 0 15 3 13 -5 12 -5 19 -4 14 0 14 -1 4 -1 0 0 0 0 0 0 0 0 ]
CSI_DATA,AP,68:FE:71:12:53:8C,-32,11,1,7,1,1,1,0,0,0,0,-96,0,6,1,70910607,0,84,0,0,70.911,384,[84 -64 4 0 0 0 0 0 0 0 0 0 -20 18 -20 16 -17 10 -21 17 -15 11 -21 11 -15 12 -18 8 -23 6 -16 13 -16 14 -18 14 -18 8 -20 9 -17 6 -19 10 -21 6 -18 4 -14 4 -20 6 -17 4 -17 5 -15 7 -20 6 -20 9 -19 10 4 1 -18 5 -18 10 -20 6 -17 7 -11 6 -12 11 -19 7 -11 10 -18 5 -14 8 -19 13 -13 6 -18 8 -10 8 -15 12 -15 10 -18 11 -11 16 -13 12 -15 9 -15 9 -14 9 -16 16 -13 13 -14 9 -12 13 2 -3 0 0 0 0 0 0 0 0 ]
CSI_DATA,AP,68:FE:71:12:53:8C,-31,11,1,7,1,1,1,0,0,0,0,-96,0,6,1,71006762,0,84,0,0,71.007,384,[84 -64 4 0 0 0 0 0 0 0 0 0 -9 -20 -8 -24 -6 -21 -13 -25 -12 -24 -5 -17 -9 -22 -8 -17 -8 -18 -6 -25 -7 -24 -3 -25 -1 -21 -4 -23 -4 -17 -4 -19 0 -23 1 -22 1 -23 -5 -19 1 -22 1 -19 3 -21 0 -15 3 -19 -4 -15 0 4 0 -21 -8 -20 -1 -21 0 -19 -5 -18 -2 -15 -7 -17 -6 -20 -3 -13 -6 -13 -9 -22 -9 -20 -2 -16 -7 -14 -6 -14 -10 -18 -11 -16 -11 -20 -4 -19 -13 -18 -10 -18 -10 -17 -6 -18 -9 -21 -12 -18 -11 -20 1 0 0 0 0 0 0 0 0 0 ]
CSI_DATA,AP,68:FE:71:12:53:8C,-33,11,1,6,1,1,1,0,0,0,0,-93,0,6,1,71087598,0,84,0,0,71.088,384,[84 -64 4 0 0 0 0 0 0 0 0 0 -10 -23 -6 -15 -10 -18 -5 -18 -6 -18 -5 -21 -1 -20 1 -20 3 -18 -4 -23 -4 -25 -5 -22 4 -24 -4 -23 2 -16 0 -18 0 -23 -1 -20 3 -20 -2 -23 2 -21 4 -23 1 -15 4 -17 -3 -15 5 -17 1 -3 4 -16 -3 -17 -4 -17 2 -20 -4 -21 3 -19 1 -19 -5 -20 1 -18 -4 -13 -2 -19 -1 -17 -6 -19 0 -13 -6 -20 -5 -19 -7 -15 -6 -20 -8 -15 0 -19 1 -19 -6 -18 -9 -17 -3 -22 -4 -16 -8 -20 2 -2 0 0 0 0 0 0 0 0 ]
CSI_DATA,AP,68:FE:71:12:53:8C,-35,11,1,6,1,1,1,0,0,0,0,-95,0,6,1,71175768,0,84,0,0,71.176,384,[84 -64 4 0 0 0 0 0 0 0 0 0 17 -5 15 -11 22 -5 24 -4 22 -3 15 -4 20 -7 22 -3 22 -6 17 -6 20 -2 20 1 18 -2 17 -7 16 -7 19 -5 22 -6 15 -1 13 -5 19 1 16 1 19 -1 19 -3 16 1 18 -2 20 -4 -2 -1 13 0 20 -6 16 -2 13 -1 20 -4 13 -4 17 -6 13 -9 16 -5 13 -8 18 -10 12 -2 19 -5 11 -6 16 -10 14 -5 14 -9 16 -4 13 -8 11 -6 14 -7 11 -5 11 -6 17 -11 16 -11 13 -7 3 0 0 0 0 0 0 0 0 0 ]
CSI_DATA,AP,68:FE:71:12:53:8C,-34,11,1,7,1,1,1,0,0,0,0,-95,0,6,1,71290612,0,84,0,0,71.291,384,[84 -64 4 0 0 0 0 0 0 0 0 0 10 11 8 20 10 17 13 23 9 17 8 17 10 16 8 14 9 17 8 19 9 15 2 15 3 15 1 17 9 15 7 21 4 19 6 15 1 18 3 12 2 20 0 21 2 13 5 14 8 16 7 14 -4 0 2 17 6 16 9 20 11 12 9 10 10 10 3 11 8 15 8 12 7 11 4 17 7 16 8 9 5 10 12 15 13 11 14 9 8 8 13 16 8 12 12 16 12 10 11 7 9 10 8 9 8 13 1 2 0 0 0 0 0 0 0 0 ]
CSI_DATA,AP,68:FE:71:12:53:8C,-31,11,1,7,1,1,1,0,0,0,1,-95,0,6,1,71399584,0,84,0,0,71.4,384,[84 -64 4 0 0 0 0 0 0 0 0 0 -14 21 -16 13 -18 15 -15 17 -11 13 -13 18 -15 14 -19 10 -17 14 -19 13 -21 8 -16 12 -13 15 -16 9 -14 11 -17 9 -19 8 -11 10 -14 9 -18 13 -15 6 -13 9 -17 10 -17 14 -15 9 -16 12 0 4 -16 8 -13 16 -17 13 -17 11 -12 9 -17 7 -13 7 -10 11 -15 12 -13 16 -12 12 -12 9 -7 12 -10 15 -7 9 -13 17 -12 11 -9 15 -7 15 -8 12 -9 16 -9 10 -5 12 -6 19 -6 11 -5 13 4 4 0 0 0 0 0 0 0 0 ]
CSI_DATA,AP,68:FE:71:12:53:8C,-30,11,1,7,1,1,1,0,0,0,1,-94,0,6,1,71506629,0,84,0,0,71.507,384,[84 -64 4 0 0 0 0 0 0 0 0 0 -12 -18 -7 -14 -8 -21 -9 -18 -9 -23 -7 -16 -9 -22 -4 -16 -5 -23 -6 -17 -3 -21 -4 -20 -10 -17 -9 -17 -6 -22 -7 -17 -5 -20 -5 -19 -6 -20 0 -20 -3 -14 -3 -21 -1 -21 0 -16 -3 -23 -5 -15 -3 -4 -3 -13 -3 -14 -9 -19 -5 -18 -3 -21 -9 -13 -8 -21 -8 -19 -11 -20 -10 -12 -6 -17 -9 -18 -8 -17 -12 -15 -5 -17 -7 -15 -6 -12 -10 -18 -13 -12 -6 -14 -9 -14 -14 -18 -14 -17 -14 -15 -13 -17 -14 -11 -2 1 0 0 0 0 0 0 0 0 ]
CSI_DATA,AP,68:FE:71:12:53:8C,-36,11,1,6,1,1,1,0,0,0,0,-94,0,6,1,71587389,0,84,0,0,71.587,384,[84 -64 4 0 0 0 0 0 0 0 0 0 5 17 4 20 7 17 1 23 1 25 6 19 -2 20 0 21 1 18 5 16 0 25 2 19 -2 17 3 19 1 15 -1 17 1 16 -4 22 1 14 -1 15 0 17 -3 22 1 14 -2 17 -5 20 -2 18 -3 -2 -4 16 4 13 2 14 2 15 -1 16 2 20 4 18 6 19 6 12 5 14 0 18 7 17 1 15 6 13 5 18 5 19 4 15 8 19 7 18 9 17 2 18 7 11 4 19 6 12 4 14 11 13 -3 -3 0 0 0 0 0 0 0 0 ]
CSI_DATA,AP,68:FE:71:12:53:8C,-33,11,1,7,1,1,1,0,0,0,0,-93,0,6,1,71670593,0,84,0,0,71.671,384,[84 -64 4 0 0 0 0 0 0 0 0 0 -6 16 -9 16 -8 23 -6 17 -10 18 -12 18 -11 19 -5 15 -13 14 -10 18 -11 21 -9 21 -14 19 -14 14 -12 18 -15 14 -14 16 -7 13 -8 12 -13 15 -8 14 -10 20 -11 18 -7 16 -12 12 -8 19 -3 3 -4 14 -5 19 -7 13 -6 13 -3 18 -11 16 -9 16 -3 12 -4 17 -6 17 -7 14 -2 11 -9 12 -4 16 -9 16 -8 19 -6 12 -1 19 -4 19 -5 17 -2 14 -5 17 -7 15 -6 17 -4 20 -7 14 1 -2 0 0 0 0 0 0 0 0 ]
CSI_DATA,AP,68:FE:71:12:53:8C,-31,11,1,7,1,1,1,0,0,0,0,-94,0,6,1,71776039,0,84,0,0,71.776,384,[84 -64 4 0 0 0 0 0 0 0 0 0 9 -22 9 -16 3 -19 9 -21 4 -21 4 -20 13 -17 10 -19 7 -13 10 -21 10 -20 8 -19 11 -20 14 -13 7 -20 9 -19 8 -13 10 -12 10 -13 10 -12 14 -11 15 -15 11 -15 12 -16 9 -15 14 -13 -4 4 9 -13 14 -19 9 -19 11 -19 7 -17 7 -18 8 -17 8 -17 12 -13 5 -12 7 -20 8 -12 6 -20 3 -19 9 -13 7 -16 10 -15 9 -15 7 -15 4 -20 4 -12 5 -20 4 -17 3 -21 4 -16 2 -21 2 -4 0 0 0 0 0 0 0 0 ]
CSI_DATA,AP,68:FE:71:12:53:8C,-35,11,0,0,0,0,0,0,0,0,0,-96,0,6,1,71882735,0,37,0,0,71.883,128,[84 -64 4 0 0 0 0 0 0 0 0 0 12 14 8 16 12 14 8 20 10 22 3 17 2 23 3 17 6 21 5 17 7 15 6 21 5 17 8 22 8 20 5 15 1 16 5 20 1 19 0 14 2 19 4 18 7 13 3 20 6 19 7 15 0 -1 9 17 4 16 7 19 2 15 6 19 6 14 3 18 4 19 7 13 3 12 6 19 11 18 7 17 7 13 4 10 10 16 13 15 6 16 7 17 8 11 7 9 13 16 11 10 15 12 7 10 11 13 -4 -4 0 0 0 0 0 0 0 0 ]
CSI_DATA,AP,68:FE:71:12:53:8C,-36,11,1,6,1,1,1,0,0,0,0,-95,0,6,1,71986713,0,84,0,0,71.987,384,[84 -64 4 0 0 0 0 0 0 0 0 0 -11 17 -12 20 -15 20 -11 16 -13 15 -13 15 -13 10 -17 16 -12 11 -16 11 -15 15 -20 14 -13 10 -21 12 -17 12 -22 15 -15 15 -12 11 -20 12 -15 12 -19 10 -17 11 -11 12 -19 11 -18 9 -15 12 0 0 -15 12 -14 12 -18 17 -16 9 -9 15 -11 16 -15 12 -9 7 -14 10 -13 11 -8 17 -15 8 -14 17 -14 15 -13 10 -12 13 -9 18 -8 16 -11 11 -11 10 -12 15 -13 16 -9 16 -6 19 -7 19 -12 17 -1 -3 0 0 0 0 0 0 0 0 ]
CSI_DATA,AP,68:FE:71:12:53:8C,-34,11,1,6,1,1,1,0,0,0,0,-94,0,6,1,72094902,0,84,0,0,72.095,384,[84 -64 4 0 0 0 0 0 0 0 0 0 -10 -23 -12 -21 -11 -21 -4 -21 -9 -22 -1 -18 -8 -24 -3 -18 -7 -22 -6 -20 0 -23 -7 -18 -6 -22 -5 -24 -5 -22 -2 -18 -2 -18 -5 -19 2 -24 -5 -19 1 -15 -3 -18 3 -19 2 -23 0 -23 -1 -19 -3 3 -6 -20 -5 -17 -6 -15 -1 -15 -7 -13 -8 -13 1 -20 -5 -16 -9 -14 -1 -17 -10 -16 -7 -15 -9 -15 -4 -14 -7 -14 -3 -19 -5 -12 -6 -14 -11 -13 -11 -12 -4 -14 -4 -15 -12 -15 -7 -12 -11 -18 -10 -12 0 -2 0 0 0 0 0 0 0 0 ]
CSI_DATA,AP,68:FE:71:12:53:8C,-32,11,1,6,1,1,1,0,0,0,0,-96,0,6,1,72194298,0,84,0,0,72.194,384,[84 -64 4 0 0 0 0 0 0 0 0 0 -19 -11 -17 -10 -13 -12 -15 -12 -12 -13 -15 -15 -12 -14 -16 -12 -14 -17 -13 -14 -16 -12 -10 -18 -11 -15 -9 -16 -12 -19 -9 -18 -6 -12 -10 -12 -12 -13 -8 -19 -12 -13 -10 -19 -11 -10 -7 -17 -13 -14 -9 -17 3 -3 -11 -9 -14 -17 -11 -15 -9 -13 -8 -11 -10 -13 -13 -15 -14 -13 -13 -9 -14 -13 -14 -11 -13 -6 -13 -9 -12 -8 -9 -7 -18 -8 -9 -10 -11 -8 -15 -8 -10 -6 -12 -8 -9 -6 -9 -11 -11 -13 -16 -11 -9 -9 0 -1 0 0 0 0 0 0 0 0 ]
CSI_DATA,AP,68:FE:71:12:53:8C,-37,11,1,6,1,1,1,0,0,0,0,-95,0,6,1,72313038,0,84,0,0,72.313,384,[84 -64 4 0 0 0 0 0 0 0 0 0 1 -22 7 -21 6 -17 8 -17 6 -18 10 -16 6 -20 6 -15 9 -20 7 -18 11 -16 6 -21 11 -19 8 -13 9 -18 6 -12 13 -12 6 -18 9 -15 9 -12 11 -16 6 -13 5 -12 6 -13 13 -19 9 -17 -1 -2 5 -16 9 -16 8 -18 9 -18 6 -11 8 -11 5 -14 2 -17 8 -14 6 -11 8 -18 7 -17 8 -16 1 -18 1 -10 6 -11 -1 -15 0 -11 4 -13 -2 -17 -1 -15 -1 -19 0 -16 -3 -19 5 -11 2 -15 -2 0 0 0 0 0 0 0 0 0 ]
CSI_DATA,AP,68:FE:71:12:53:8C,-33,11,1,7,1,1,1,0,0,0,0,-93,0,6,1,72422020,0,84,0,0,72.422,384,[84 -64 4 0 0 0 0 0 0 0 0 0 -18 4 -23 5 -19 5 -16 5 -18 -1 -18 -4 -21 2 -21 -1 -14 -5 -19 -1 -21 -4 -21 3 -18 -1 -17 -3 -20 -4 -17 -4 -17 1 -19 -4 -13 2 -18 1 -16 -7 -19 -1 -18 -6 -17 -5 -14 1 -13 0 3 -2 -17 -5 -14 4 -19 0 -11 -4 -17 -1 -13 2 -14 -4 -15 2 -12 -1 -15 5 -13 4 -19 0 -13 3 -18 2 -18 -2 -16 3 -14 6 -17 -1 -14 4 -16 6 -13 7 -14 1 -16 6 -14 2 -16 2 -18 3 2 -3 0 0 0 0 0 0 0 0 ]
CSI_DATA,AP,68:FE:71:12:53:8C,-37,11,1,7,1,1,1,0,0,0,0,-94,0,6,1,72520727,0,84,0,0,72.521,384,[84 -64 4 0 0 0 0 0 0 0 0 0 18 8 15 10 20 12 18 7 15 8 19 10 17 13 15 6 12 13 13 9 18 8 12 13 17 9 13 15 14 13 11 15 12 15 10 11 14 8 13 7 12 15 13 8 7 8 9 11 12 6 15 12 -3 1 13 10 10 6 11 12 12 7 10 12 16 11 8 4 14 8 15 5 8 10 9 3 13 8 16 3 15 6 16 6 15 6 10 5 13 4 13 2 12 3 14 5 10 2 11 5 17 4 9 5 18 4 0 4 0 0 0 0 0 0 0 0 ]
CSI_DATA,AP,68:FE:71:12:53:8C,-35,11,1,6,1,1,1,0,0,0,0,-96,0,6,1,72609579,0,84,0,0,72.61,384,[84 -64 4 0 0 0 0 0 0 0 0 0 4 -29 8 -26 11 -29 6 -29 11 -28 14 -27 14 -24 14 -26 14 -28 8 -23 14 -21 15 -27 9 -24 16 -28 13 -20 8 -28 14 -23 7 -25 8 -21 8 -20 13 -24 14 -22 13 -20 10 -21 11 -23 12 -22 1 0 12 -21 8 -17 6 -21 9 -23 9 -21 10 -22 11 -22 4 -17 4 -21 1 -17 9 -23 1 -17 7 -21 6 -16 3 -23 0 -17 -1 -18 1 -15 -3 -17 -2 -18 3 -19 5 -17 2 -15 -4 -17 -2 -19 1 -19 -1 -2 0 0 0 0 0 0 0 0 ]
CSI_DATA,AP,68:FE:71:12:53:8C,-34,11,0,0,0,0,0,0,0,0,0,-94,0,6,1,72739835,0,37,0,0,72.74,128,[84 -64 4 0 0 0 0 0 0 0 0 0 -17 11 -13 9 -19 8 -18 3 -20 5 -20 4 -19 5 -13 7 -14 7 -16 2 -20 6 -17 6 -20 -2 -19 2 -21 -1 -16 3 -18 2 -12 -1 -18 -4 -12 3 -18 4 -12 3 -13 -1 -20 -2 -18 5 -13 3 -2 -3 -18 4 -18 4 -12 0 -17 6 -16 0 -15 0 -16 1 -14 7 -18 2 -11 6 -12 6 -10 -1 -11 8 -9 7 -16 1 -16 4 -11 7 -9 2 -14 6 -17 10 -18 7 -11 1 -10 5 -12 3 -12 3 -16 6 4 3 0 0 0 0 0 0 0 0 ]
CSI_DATA,AP,68:FE:71:12:53:8C,-37,11,1,7,1,1,1,1,0,0,0,-94,6,6,1,72820268,0,84,0,0,72.82,384,[84 -64 4 0 0 0 0 0 0 0 0 0 -12 12 -9 10 -13 7 -14 10 -13 8 -9 10 -12 6 -13 6 -14 8 -15 3 -14 5 -18 0 -14 6 -17 6 -11 3 -12 8 -13 6 -8 2 -10 0 -10 8 -11 6 -16 5 -14 5 -15 3 -9 2 -11 7 4 -3 -13 5 -14 4 -11 3 -11 2 -7 5 -14 2 -10 5 -13 0 -14 2 -7 5 -10 6 -9 4 -7 3 -12 6 -11 7 -9 3 -12 3 -8 9 -12 3 -7 4 -8 6 -11 7 -12 9 -7 8 -9 5 -10 10 0 -4 0 0 0 0 0 0 0 0 ]
CSI_DATA,AP,68:FE:71:12:53:8C,-32,11,1,7,1,1,1,1,0,0,0,-93,5,6,1,72919626,0,84,0,0,72.92,384,[84 -64 4 0 0 0 0 0 0 0 0 0 14 3 17 4 18 -1 21 2 20 5 14 5 14 5 15 3 19 7 19 5 20 3 21 8 16 9 13 6 13 7 20 8 14 7 18 3 12 3 12 4 10 4 15 5 17 8 14 4 13 8 14 2 -4 -1 12 6 11 2 19 2 11 0 10 5 15 7 12 7 11 3 18 6 12 6 13 -2 17 4 16 2 19 4 12 -2 16 5 12 2 13 3 15 -1 11 3 12 2 19 -3 15 2 12 -1 14 -2 18 2 -4 0 0 0 0 0 0 0 0 0 ]
CSI_DATA,AP,68:FE:71:12:53:8C,-34,11,1,7,1,1,1,0,0,0,0,-94,0,6,1,73025035,0,84,0,0,73.025,384,[84 -64 4 0 0 0 0 0 0 0 0 0 -5 19 -8 20 -10 25 -15 23 -10 24 -8 19 -12 16 -13 19 -16 16 -12 13 -12 20 -17 18 -11 14 -13 17 -13 17 -18 18 -18 16 -11 14 -9 13 -10 12 -13 19 -10 18 -12 16 -16 13 -17 17 -9 17 3 -4 -14 15 -15 17 -9 19 -13 18 -8 11 -12 17 -8 13 -9 16 -3 20 -8 17 -6 19 -11 19 -10 13 -7 18 -5 19 -5 14 -9 15 -7 16 -2 20 -1 15 -8 12 -1 20 -3 21 -1 22 -2 18 -2 14 -2 -1 0 0 0 0 0 0 0 0 ]
CSI_DATA,AP,68:FE:71:12:53:8C,-32,11,1,7,1,1,1,0,0,0,0,-95,0,6,1,73109421,0,84,0,0,73.109,384,[84 -64 4 0 0 0 0 0 0 0 0 0 4 15 -2 20 -1 14 -1 15 1 20 -2 17 -2 19 -6 14 -1 12 -6 17 -6 19 -3 16 -3 12 -7 10 -8 13 -7 9 -1 11 -2 13 -1 12 0 7 -3 15 -6 9 -3 7 -7 11 -4 15 -5 7 3 -1 -5 9 2 7 2 14 0 8 4 8 -3 8 1 7 -2 9 5 7 2 12 0 8 4 9 -2 8 1 13 0 13 2 8 3 9 -1 13 5 10 4 9 5 11 0 14 3 13 6 13 3 11 3 9 3 4 0 0 0 0 0 0 0 0 ]
CSI_DATA,AP,68:FE:71:12:53:8C,-32,11,1,6,1,1,1,0,0,0,0,-94,0,6,1,73197536,0,84,0,0,73.198,384,[84 -64 4 0 0 0 0 0 0 0 0 0 22 4 16 5 16 2 20 8 20 5 16 3 17 5 14 6 18 6 16 5 14 12 13 6 11 7 15 5 10 3 9 8 11 3 13 7 7 5 15 3 15 1 12 7 10 7 11 3 13 0 14 5 2 0 15 3 8 0 12 2 9 1 11 2 14 -1 11 4 8 5 7 4 9 4 15 -5 11 -4 10 0 16 -4 11 -4 13 2 11 2 7 -2 10 -4 8 0 9 0 11 -4 9 0 12 -5 9 -7 16 -3 4 -4 0 0 0 0 0 0 0 0 ]
CSI_DATA,AP,68:FE:71:12:53:8C,-30,11,1,7,1,1,1,0,0,0,0,-94,0,6,1,73319493,0,84,0,0,73.319,384,[84 -64 4 0 0 0 0 0 0 0 0 0 -24 -13 -29 -8 -26 -10 -26 -14 -20 -15 -18 -10 -25 -13 -24 -11 -20 -17 -20 -9 -24 -15 -19 -10 -18 -10 -19 -14 -21 -13 -18 -11 -16 -8 -13 -10 -10 -14 -18 -16 -16 -9 -13 -13 -15 -12 -17 -12 -12 -12 -14 -3 -1 3 -10 -5 -17 -5 -15 -7 -11 -6 -11 -3 -14 -4 -12 -7 -10 -6 -11 -1 -8 -5 -11 4 -15 -4 -15 1 -10 5 -15 2 -14 -1 -13 6 -13 1 -12 0 -8 1 -10 -1 -13 8 -8 8 -14 8 -13 8 -9 10 1 -2 0 0 0 0 0 0 0 0 ]
CSI_DATA,AP,68:FE:71:12:53:8C,-35,11,1,7,1,1,1,1,0,0,0,-94,2,6,1,73423492,0,84,0,0,73.423,384,[84 -64 4 0 0 0 0 0 0 0 0 0 -25 -11 -22 -11 -27 -13 -23 -13 -17 -15 -17 -10 -18 -11 -15 -14 -16 -15 -15 -8 -18 -15 -20 -15 -13 -14 -11 -9 -18 -16 -15 -8 -10 -5 -12 -9 -16 -11 -8 -12 -12 -9 -8 -10 -11 -6 -13 -7 -9 -10 -14 -9 0 4 -10 -6 -10 -2 -13 -8 -7 -5 -7 1 -9 1 -15 -7 -8 1 -8 2 -9 1 -9 -3 -8 -4 -8 2 -9 3 -6 1 -9 2 -8 0 -13 5 -11 0 -14 0 -12 3 -6 5 -9 8 -7 1 -4 2 -8 6 -2 -2 0 0 0 0 0 0 0 0 ]
CSI_DATA,AP,68:FE:71:12:53:8C,-33,11,1,7,1,1,1,0,0,0,0,-94,0,6,1,73549867,0,84,0,0,73.55,384,[84 -64 4 0 0 0 0 0 0 0 0 0 21 11 21 13 20 12 19 12 19 13 20 10 20 11 15 13 11 16 10 10 11 11 12 16 15 14 11 18 15 17 16 11 8 8 10 16 12 10 14 17 12 11 10 11 13 10 14 7 15 14 12 13 2 0 13 9 16 10 17 10 11 7 8 7 10 8 11 7 10 7 9 5 15 10 16 12 13 11 13 10 16 5 15 12 10 10 18 11 10 5 10 10 15 5 10 8 9 9 12 2 15 6 10 10 13 4 4 2 0 0 0 0 0 0 0 0 ]
CSI_DATA,AP,68:FE:71:12:53:8C,-34,11,1,6,1,1,1,0,0,0,0,-93,0,6,1,73663635,0,84,0,0,73.664,384,[84 -64 4 0 0 0 0 0 0 0 0 0 25 1 22 2 27 2 22 -5 24 2 25 -4 27 -1 19 3 24 6 24 5 28 2 25 5 25 6 21 1 22 8 23 3 19 1 24 0 20 0 18 5 24 5 21 7 17 6 18 2 20 4 27 3 4 -1 18 5 22 0 27 0 23 2 23 1 23 -3 18 1 21 4 21 3 19 -2 22 -1 25 -3 26 0 20 1 27 0 23 -7 22 -3 26 -4 25 0 22 -8 20 -4 26 1 24 -7 23 -7 24 -2 26 -5 -4 4 0 0 0 0 0 0 0 0 ]
CSI_DATA,AP,68:FE:71:12:53:8C,-31,11,0,0,0,0,0,0,0,0,0,-93,0,6,1,73773512,0,37,0,0,73.774,128,[84 -64 4 0 0 0 0 0 0 0 0 0 5 16 6 16 2 21 6 16 0 17 1 16 -1 17 -1 22 -1 20 0 20 -2 16 5 17 -1 19 -3 21 -4 15 2 17 2 20 -1 20 0 18 0 15 -2 12 -5 14 -2 13 -2 12 -5 18 3 15 2 2 -4 14 -2 13 2 12 4 17 3 13 -2 13 -2 16 1 16 0 12 6 14 6 16 0 9 6 15 6 14 2 11 5 17 0 14 4 11 6 12 8 10 7 15 6 14 9 15 7 11 2 8 3 11 2 0 0 0 0 0 0 0 0 0 ]
CSI_DATA,AP,68:FE:71:12:53:8C,-37,11,1,6,1,1,1,0,0,0,0,-95,0,6,1,73882341,0,84,0,0,73.882,384,[84 -64 4 0 0 0 0 0 0 0 0 0 8 17 1 19 1 21 6 17 7 22 3 17 5 20 -2 17 0 20 3 19 4 18 3 17 4 20 4 17 -4 17 3 15 2 18 3 15 -4 15 0 13 -1 11 0 17 -5 16 -1 13 1 19 -2 17 2 2 1 14 -3 15 -5 14 1 16 0 17 1 15 -2 16 -4 18 -1 10 0 17 3 13 -3 12 -1 17 -3 12 1 9 4 14 4 14 -3 8 3 11 -1 8 5 15 3 10 5 12 6 10 5 11 5 11 -1 2 0 0 0 0 0 0 0 0 ]
CSI_DATA,AP,68:FE:71:12:53:8C,-31,11,1,7,1,1,1,0,0,0,0,-94,0,6,1,73954056,0,84,0,0,73.954,384,[84 -64 4 0 0 0 0 0 0 0 0 0 -8 -21 -6 -21 -4 -26 -1 -19 -7 -20 -1 -20 -6 -22 0 -25 0 -25 0 -21 -2 -29 -1 -25 5 -27 1 -27 5 -28 2 -24 6 -21 8 -23 7 -23 6 -22 6 -29 5 -28 8 -26 5 -26 7 -22 3 -22 3 -1 4 -20 3 -27 4 -20 3 -21 6 -26 4 -20 1 -28 4 -20 0 -24 0 -19 -5 -23 1 -18 2 -25 2 -19 -3 -21 -2 -25 2 -25 -3 -19 -7 -25 -5 -23 -2 -22 0 -20 -9 -22 -9 -24 -6 -27 -9 -25 1 -2 0 0 0 0 0 0 0 0 ]
CSI_DATA,AP,68:FE:71:12:53:8C,-33,11,1,7,1,1,1,0,0,0,0,-95,0,6,1,74079367,0,84,0,0,74.079,384,[84 -64 4 0 0 0 0 0 0 0 0 0 2 -11 4 -8 7 -16 1 -14 2 -13 8 -10 9 -14 9 -11 8 -9 4 -9 3 -13 8 -17 7 -15 10 -13 5 -16 11 -14 12 -13 6 -14 7 -12 13 -15 10 -16 6 -13 7 -9 9 -8 10 -16 9 -16 1 2 6 -15 9 -14 12 -13 5 -8 11 -11 7 -15 9 -11 5 -10 12 -10 6 -8 7 -11 7 -12 11 -11 11 -12 6 -13 3 -16 11 -15 5 -13 9 -14 5 -10 2 -10 5 -8 8 -9 2 -15 1 -12 7 -16 -3 0 0 0 0 0 0 0 0 0 ]
CSI_DATA,AP,68:FE:71:12:53:8C,-35,11,1,7,1,1,1,0,0,0,0,-95,0,6,1,74177549,0,84,0,0,74.178,384,[84 -64 4 0 0 0 0 0 0 0 0 0 6 -20 10 -22 9 -23 10 -22 10 -24 9 -20 9 -21 11 -17 7 -19 11 -19 10 -17 12 -15 14 -17 15 -15 6 -13 10 -19 11 -12 10 -19 12 -15 13 -14 5 -11 11 -16 10 -13 12 -14 7 -18 8 -13 -4 2 5 -16 4 -18 10 -19 2 -15 5 -14 4 -20 9 -12 3 -19 9 -16 6 -12 6 -15 6 -16 0 -12 6 -15 1 -17 3 -12 6 -19 4 -17 3 -16 2 -12 6 -16 -2 -15 5 -21 2 -18 -2 -14 -4 -15 4 3 0 0 0 0 0 0 0 0 ]
CSI_DATA,AP,68:FE:71:12:53:8C,-30,11,1,7,1,1,1,0,0,0,0,-94,0,6,1,74283775,0,84,0,0,74.284,384,[37 80 2 0 0 0 0 0 0 0 0 0 7 26 5 28 3 35 2 36 6 30 6 33 5 27 -4 28 -3 27 2 27 1 28 2 28 1 28 -4 33 -3 25 -2 33 -1 27 -3 29 -1 25 2 26 2 26 -4 30 -4 27 -1 26 -1 30 1 24 -2 -2 -1 29 -2 24 -2 23 -1 29 4 24 -1 27 6 28 5 22 2 28 5 25 1 27 3 22 4 22 0 28 8 24 8 30 11 23 9 28 4 20 3 23 9 25 7 28 9 24 12 28 13 20 12 21 0 -1 0 0 0 0 0 0 0 0 ]
CSI_DATA,AP,68:FE:71:12:53:8C,-36,11,1,5,1,1,1,1,0,0,0,-93,6,6,1,74371554,0,84,0,0,74.372,384,[84 -64 4 0 0 0 0 0 0 0 0 0 17 6 16 8 13 9 16 10 13 12 19 11 18 9 20 10 12 15 13 12 17 8 14 16 17 15 11 15 17 16 12 12 14 14 15 11 13 14 11 10 12 15 15 14 11 9 9 12 8 15 13 15 1 3 11 10 13 12 14 12 11 11 10 13 12 10 8 5 14 12 15 4 12 10 15 4 16 5 17 7 18 8 14 5 18 8 14 9 14 9 14 3 14 2 17 2 14 3 18 8 14 10 19 8 18 5 4 4 0 0 0 0 0 0 0 0 ]
CSI_DATA,AP,68:FE:71:12:53:8C,-31,11,1,6,1,1,1,1,0,0,1,-95,3,6,1,74507855,0,84,0,0,74.508,384,[84 -64 4 0 0 0 0 0 0 0 0 0 -23 9 -23 6 -20 1 -16 6 -16 4 -22 -1 -17 -2 -18 -1 -19 -5 -23 -4 -16 2 -22 1 -19 2 -20 -3 -15 0 -22 1 -20 2 -15 0 -21 -7 -21 -1 -18 0 -20 -6 -12 2 -16 -1 -18 -2 -14 -4 1 3 -19 -4 -14 3 -14 -3 -16 -2 -18 3 -15 0 -19 2 -19 0 -18 4 -17 -2 -15 -1 -11 1 -15 2 -17 4 -15 1 -12 4 -16 0 -15 1 -15 6 -12 5 -12 6 -14 1 -11 0 -15 2 -11 2 -13 1 2 3 0 0 0 0 0 0 0 0 ]
CSI_DATA,AP,68:FE:71:12:53:8C,-34,11,1,5,1,1,1,0,0,0,0,-94,0,6,1,74594327,0,84,0,0,74.594,384,[84 -64 4 0 0 0 0 0 0 0 0 0 -9 -14 -8 -18 -5 -19 -5 -22 -4 -22 -6 -17 -7 -15 -3 -15 -7 -23 0 -19 -5 -14 -3 -15 -2 -23 -2 -20 -6 -23 -3 -21 -1 -17 -1 -15 -5 -22 2 -18 2 -16 -5 -21 -3 -13 -1 -12 -6 -17 1 -12 -3 -3 2 -19 -1 -14 -4 -20 -6 -13 -5 -16 -2 -11 -7 -15 -5 -19 -4 -14 -5 -13 -7 -17 -9 -12 -7 -13 -6 -15 -4 -15 -8 -12 -6 -12 -10 -12 -7 -15 -10 -11 -6 -12 -6 -17 -4 -15 -8 -17 -12 -16 -5 -17 2 -4 0 0 0 0 0 0 0 0 ]
CSI_DATA,AP,68:FE:71:12:53:8C,-30,11,1,7,1,1,1,0,0,0,0,-93,0,6,1,74684491,0,84,0,0,74.684,384,[84 -64 4 0 0 0 0 0 0 0 0 0 19 -25 22 -22 25 -24 27 -24 25 -20 22 -21 23 -17 27 -15 26 -13 23 -18 27 -17 28 -17 23 -16 29 -17 27 -10 30 -13 25 -17 27 -16 19 -13 19 -13 18 -9 21 -12 20 -16 25 -16 18 -12 22 -17 1 1 24 -15 23 -18 20 -18 19 -15 14 -13 18 -15 15 -20 15 -13 15 -20 20 -18 22 -14 12 -14 15 -21 15 -17 19 -17 19 -19 14 -23 13 -16 17 -20 14 -22 12 -16 11 -22 12 -24 15 -22 12 -25 12 -23 -4 0 0 0 0 0 0 0 0 0 ]
CSI_DATA,AP,68:FE:71:12:53:8C,-31,11,1,7,1,1,1,0,0,0,0,-94,0,6,1,74769032,0,84,0,0,74.769,384,[84 -64 4 0 0 0 0 0 0 0 0 0 9 39 11 42 8 44 7 48 6 40 -1 44 5 39 0 39 1 44 3 44 1 43 -5 43 -2 40 -7 42 -9 39 -3 40 -8 36 -6 33 -2 38 -5 39 -9 34 -4 36 -7 33 -2 39 -3 33 -5 34 -4 -4 -5 34 1 30 -1 33 3 34 -6 38 -4 34 -1 31 4 29 3 36 2 28 0 35 7 33 1 32 2 38 4 28 5 36 7 29 9 28 11 30 12 28 4 33 1 36 7 31 14 28 12 31 9 33 -3 -4 0 0 0 0 0 0 0 0 ]
CSI_DATA,AP,68:FE:71:12:53:8C,-36,11,1,6,1,1,1,0,0,0,0,-95,0,6,1,74858155,0,84,0,0,74.858,384,[84 -64 4 0 0 0 0 0 0 0 0 0 -15 30 -14 27 -14 26 -17 30 -16 21 -21 21 -21 21 -20 22 -20 25 -17 16 -26 22 -21 18 -20 16 -24 22 -21 16 -24 23 -23 14 -22 21 -25 19 -22 16 -23 13 -17 12 -19 16 -23 18 -22 19 -18 17 -1 2 -17 13 -16 16 -16 16 -18 20 -12 16 -18 14 -13 19 -16 16 -14 16 -16 15 -19 21 -10 15 -11 18 -16 21 -17 22 -11 18 -11 16 -12 23 -11 19 -12 19 -15 22 -13 24 -11 25 -8 24 -6 20 -14 19 -4 4 0 0 0 0 0 0 0 0 ]
CSI_DATA,AP,68:FE:71:12:53:8C,-34,11,1,6,1,1,1,0,0,0,0,-95,0,6,1,74973425,0,84,0,0,74.973,384,[84 -64 4 0 0 0 0 0 0 0 0 0 15 4 21 9 20 3 15 11 15 5 19 5 17 9 16 9 13 13 14 8 15 13 15 10 16 7 13 14 11 14 17 9 11 14 14 7 12 8 15 8 12 7 14 10 17 9 14 14 17 9 13 11 1 1 15 6 13 5 14 8 13 6 16 5 17 4 18 12 11 11 18 10 19 3 14 8 16 7 17 6 12 2 15 2 11 9 19 6 19 3 11 1 17 7 14 5 17 2 15 3 12 2 15 1 16 4 -2 3 0 0 0 0 0 0 0 0 ]
CSI_DATA,AP,68:FE:71:12:53:8C,-31,11,1,7,1,1,1,0,0,0,0,-93,0,6,1,75060458,0,84,0,0,75.06,384,[84 -64 4 0 0 0 0 0 0 0 0 0 3 19 -4 20 -4 18 -4 20 -5 20 -5 22 -4 20 0 19 -7 15 -2 16 -4 18 -3 19 -4 16 -2 14 -5 20 -2 20 -6 12 -6 13 -7 14 -5 14 -3 14 -6 15 -4 17 -7 11 -9 19 -4 18 -3 -4 -5 13 -5 16 -4 15 -5 16 -1 15 1 17 0 18 2 14 1 17 -2 17 3 11 0 11 -3 14 -3 11 -4 14 1 10 2 18 1 14 0 11 1 9 5 14 3 12 1 17 2 17 -1 18 -2 15 4 2 0 0 0 0 0 0 0 0 ]
CSI_DATA,AP,68:FE:71:12:53:8C,-34,11,1,6,1,1,1,0,0,0,0,-96,0,6,1,75161062,0,84,0,0,75.161,384,[84 -64 4 0 0 0 0 0 0 0 0 0 -5 17 -5 14 -7 19 -3 16 -2 18 -3 18 -5 19 -9 14 -7 15 -8 19 -5 13 -5 16 -7 13 -9 20 -5 13 -3 14 -11 15 -9 12 -7 16 -5 17 -11 17 -5 16 -4 11 -5 16 -3 13 -4 14 -4 3 -3 14 -1 11 -3 12 -4 12 -7 14 -8 11 -4 16 0 16 -6 15 -6 15 -7 17 -6 10 -5 13 -3 14 -6 13 0 19 2 10 -2 14 0 12 0 17 0 10 0 14 3 12 -2 11 0 12 -2 16 -2 3 0 0 0 0 0 0 0 0 ]
CSI_DATA,AP,68:FE:71:12:53:8C,-34,11,1,6,1,1,1,0,0,0,0,-93,0,6,1,75227170,0,84,0,0,75.227,384,[84 -64 4 0 0 0 0 0 0 0 0 0 -15 9 -21 1 -18 4 -20 8 -22 2 -24 6 -24 3 -17 5 -16 6 -18 0 -19 -1 -17 2 -20 1 -16 -2 -23 -4 -17 0 -16 -1 -16 -4 -15 3 -21 3 -21 -5 -17 0 -20 -3 -21 -5 -14 -4 -18 2 -3 3 -17 -4 -17 -4 -18 -3 -12 -3 -16 0 -13 -3 -15 2 -16 0 -14 1 -12 -2 -20 -2 -15 -1 -17 0 -16 0 -14 2 -18 6 -14 7 -19 5 -14 0 -16 3 -14 7 -18 3 -17 1 -14 7 -15 3 -18 9 -4 -1 0 0 0 0 0 0 0 0 ]
CSI_DATA,AP,68:FE:71:12:53:8C,-35,11,1,7,1,1,1,0,0,0,0,-96,0,6,1,75344486,0,84,0,0,75.344,384,[84 -64 4 0 0 0 0 0 0 0 0 0 -17 3 -18 3 -19 9 -20 3 -23 4 -19 8 -21 6 -19 -1 -17 6 -20 2 -17 3 -21 -3 -20 -2 -21 3 -20 2 -21 -3 -18 -1 -17 1 -22 -4 -19 -1 -22 -3 -14 0 -21 4 -20 1 -16 -3 -13 4 0 -2 -16 5 -18 5 -14 4 -13 -2 -18 2 -20 2 -16 6 -17 3 -20 3 -16 1 -12 4 -16 7 -19 4 -13 7 -19 6 -13 0 -16 7 -18 2 -14 2 -15 8 -12 9 -16 5 -18 2 -17 7 -13 8 -19 9 2 -4 0 0 0 0 0 0 0 0 ]
CSI_DATA,AP,68:FE:71:12:53:8C,-33,11,1,6,1,1,1,1,0,0,0,-94,5,6,1,75442057,0,84,0,0,75.442,384,[84 -64 4 0 0 0 0 0 0 0 0 0 -35 -7 -34 -5 -43 -8 -42 -6 -35 -10 -36 -15 -35 -15 -32 -16 -32 -12 -40 -13 -31 -14 -39 -15 -33 -14 -33 -13 -28 -13 -34 -18 -31 -17 -28 -18 -34 -12 -31 -21 -30 -19 -27 -14 -33 -13 -34 -18 -34 -20 -27 -11 4 -4 -31 -10 -31 -14 -29 -8 -32 -13 -33 -12 -33 -13 -28 -9 -32 -10 -32 -8 -30 -5 -31 -3 -33 -7 -32 -7 -31 -4 -28 -2 -36 -6 -30 -7 -30 -2 -34 1 -36 -4 -29 -4 -29 -5 -33 -6 -34 1 -32 -6 -33 1 -4 -3 0 0 0 0 0 0 0 0 ]
CSI_DATA,AP,68:FE:71:12:53:8C,-32,11,1,7,1,1,1,0,0,0,0,-94,0,6,1,75562272,0,84,0,0,75.562,384,[84 -64 4 0 0 0 0 0 0 0 0 0 -16 1 -21 3 -20 2 -21 3 -16 1 -17 1 -23 -3 -20 -3 -16 -5 -20 1 -21 -6 -17 -5 -23 -7 -20 -3 -15 -7 -21 -6 -19 -2 -14 1 -16 -3 -20 0 -16 -2 -13 -1 -17 -7 -19 0 -16 -3 -20 -1 4 4 -15 -4 -13 -4 -19 -2 -17 1 -13 -2 -15 -5 -14 -3 -17 0 -15 -1 -13 -1 -18 -1 -13 3 -16 4 -16 2 -17 4 -15 -1 -18 0 -18 -2 -13 -1 -20 1 -20 1 -19 -1 -17 3 -18 -1 -15 7 -19 2 4 4 0 0 0 0 0 0 0 0 ]
CSI_DATA,AP,68:FE:71:12:53:8C,-35,11,1,6,1,1,1,0,0,0,0,-96,0,6,1,75693325,0,84,0,0,75.693,384,[84 -64 4 0 0 0 0 0 0 0 0 0 7 14 7 14 10 16 11 11 14 15 6 19 6 19 9 19 4 13 9 12 6 17 1 17 2 17 7 16 6 19 4 11 3 12 2 15 5 14 6 18 4 14 2 10 2 11 4 14 4 14 5 12 2 2 2 12 9 16 1 16 4 10 8 13 9 12 10 16 6 16 8 15 7 8 2 7 6 10 11 12 5 12 4 15 4 7 4 10 4 12 12 15 4 9 5 10 12 9 8 10 12 11 4 7 12 14 -1 1 0 0 0 0 0 0 0 0 ]
CSI_DATA,AP,68:FE:71:12:53:8C,-36,11,1,5,1,1,1,0,0,0,0,-93,0,6,1,75786505,0,84,0,0,75.787,384,[84 -64 4 0 0 0 0 0 0 0 0 0 1 -16 -3 -24 -2 -23 7 -16 4 -23 5 -15 6 -18 2 -17 9 -18 9 -18 4 -16 7 -18 6 -16 6 -19 8 -16 5 -22 4 -16 10 -17 9 -19 5 -16 10 -16 9 -17 2 -15 5 -14 10 -18 2 -19 2 1 4 -17 5 -13 5 -18 2 -15 3 -11 6 -15 6 -19 -1 -11 1 -18 -2 -19 3 -12 -2 -13 4 -18 -1 -12 5 -13 0 -16 4 -18 3 -12 -1 -17 1 -12 2 -15 -1 -20 -1 -20 2 -21 -2 -17 2 -20 2 1 0 0 0 0 0 0 0 0 ]
CSI_DATA,AP,68:FE:71:12:53:8C,-36,11,1,6,1,1,1,0,0,0,0,-95,0,6,1,75889415,0,84,0,0,75.889,384,[84 -64 4 0 0 0 0 0 0 0 0 0 11 -14 11 -13 9 -20 10 -20 14 -16 14 -19 16 -13 11 -17 17 -15 13 -14 12 -12 17 -17 11 -13 12 -13 18 -13 18 -15 11 -9 14 -12 15 -13 9 -7 9 -8 10 -14 15 -11 14 -12 17 -11 8 -15 -2 4 7 -13 12 -12 14 -7 14 -11 12 -10 11 -10 11 -9 6 -9 13 -9 10 -16 9 -16 10 -17 8 -15 8 -14 7 -13 9 -17 10 -17 5 -13 7 -12 8 -12 4 -10 7 -13 10 -18 3 -14 9 -14 5 -13 4 -4 0 0 0 0 0 0 0 0 ]
CSI_DATA,AP,68:FE:71:12:53:8C,-35,11,1,5,1,1,1,0,0,0,0,-93,0,6,1,75983709,0,84,0,0,75.984,384,[84 -64 4 0 0 0 0 0 0 0 0 0 -17 -11 -10 -18 -19 -18 -14 -13 -11 -19 -11 -18 -10 -18 -13 -17 -9 -19 -9 -16 -15 -16 -15 -22 -13 -15 -11 -14 -6 -17 -10 -20 -4 -18 -7 -13 -10 -19 -6 -13 -8 -20 -3 -19 -3 -13 -10 -18 -7 -14 -5 -16 1 4 -6 -14 -12 -12 -6 -12 -6 -19 -10 -13 -10 -14 -8 -17 -12 -15 -10 -14 -8 -15 -9 -16 -11 -16 -14 -14 -13 -15 -14 -15 -11 -16 -15 -17 -13 -12 -12 -10 -8 -15 -11 -14 -14 -16 -13 -15 -17 -12 -17 -10 -16 -10 -1 -4 0 0 0 0 0 0 0 0 ]
CSI_DATA,AP,68:FE:71:12:53:8C,-35,11,1,5,1,1,1,0,0,0,0,-93,0,6,1,76103895,0,84,0,0,76.104,384,[84 -64 4 0 0 0 0 0 0 0 0 0 16 -8 21 -6 22 -9 16 -6 15 -5 18 -5 17 -1 21 -6 22 -3 16 -5 19 -5 19 -5 16 3 20 -1 20 -3 16 4 16 -3 18 -3 19 0 18 2 16 -3 21 -4 13 -4 20 -3 18 -4 14 2 -4 1 14 -5 15 -4 15 1 11 -2 19 2 14 -6 15 -6 19 1 18 -1 14 -6 14 -6 16 -8 16 -3 16 -1 14 -1 14 -2 17 -7 18 -6 10 -2 18 -5 17 -2 13 -4 15 -4 15 -9 10 -9 17 -9 -4 -3 0 0 0 0 0 0 0 0 ]
CSI_DATA,AP,68:FE:71:12:53:8C,-36,11,1,6,1,1,1,0,0,0,0,-94,0,6,1,76183277,0,84,0,0,76.183,384,[84 -64 4 0 0 0 0 0 0 0 0 0 -1 -18 -4 -17 1 -17 -3 -22 4 -19 3 -20 0 -21 5 -19 7 -23 2 -22 4 -21 5 -19 2 -18 2 -21 5 -19 1 -18 4 -17 0 -20 0 -14 5 -16 7 -20 5 -15 2 -13 4 -19 4 -16 4 -14 3 4 7 -15 4 -16 0 -18 4 -18 4 -14 2 -16 3 -15 -1 -15 1 -20 1 -12 -1 -20 -2 -17 -1 -19 1 -19 2 -15 -3 -14 -5 -15 -2 -19 -4 -20 -4 -14 -3 -17 -5 -14 -2 -19 -7 -18 2 -17 -4 -15 3 -4 0 0 0 0 0 0 0 0 ]
CSI_DATA,AP,68:FE:71:12:53:8C,-32,11,1,7,1,1,1,0,0,0,0,-96,0,6,1,76274722,0,84,0,0,76.275,384,[84 -64 4 0 0 0 0 0 0 0 0 0 -1 17 4 22 1 24 -1 22 -4 18 2 23 -5 23 -4 16 -3 19 -5 16 -3 17 -2 21 -8 15 -5 23 -5 21 -8 21 -2 14 -7 14 -2 19 -9 21 -1 14 -3 19 -7 17 -4 20 -6 16 0 13 -1 4 -5 12 -1 21 -2 21 -5 13 -7 19 1 13 2 14 -2 20 -3 17 2 15 -2 12 -3 15 -1 15 -3 13 2 20 1 20 0 13 3 13 5 18 -1 16 0 20 4 19 6 20 1 17 3 17 5 17 -1 -3 0 0 0 0 0 0 0 0 ]
CSI_DATA,AP,68:FE:71:12:53:8C,-32,11,1,7,1,1,1,0,0,0,0,-94,0,6,1,76386389,0,84,0,0,76.386,384,[84 -64 4 0 0 0 0 0 0 0 0 0 -16 -18 -10 -14 -11 -16 -7 -24 -7 -17 -5 -15 -7 -19 -8 -15 -12 -22 -5 -22 -7 -24 -11 -17 -9 -24 -7 -20 -7 -18 -8 -22 -6 -20 -6 -19 -9 -18 -6 -21 -8 -19 -7 -17 -1 -15 -2 -17 -4 -15 -7 -17 0 -4 -1 -14 -7 -20 -8 -17 -8 -20 -4 -20 -4 -14 -7 -18 -11 -13 -4 -19 -11 -19 -11 -15 -6 -13 -12 -15 -4 -11 -10 -17 -12 -19 -12 -12 -6 -15 -8 -11 -10 -15 -9 -13 -13 -14 -13 -15 -9 -14 -9 -18 -13 -14 0 -4 0 0 0 0 0 0 0 0 ]
CSI_DATA,AP,68:FE:71:12:53:8C,-36,11,1,7,1,1,1,1,0,0,0,-94,6,6,1,76501389,0,84,0,0,76.501,384,[84 -64 4 0 0 0 0 0 0 0 0 0 -23 -3 -24 3 -21 -2 -19 1 -27 -1 -22 -6 -24 -2 -21 -1 -23 -4 -24 -6 -21 -4 -25 -8 -21 -3 -25 -7 -21 -8 -21 -9 -20 -5 -22 -11 -21 -6 -19 -3 -15 -7 -17 -5 -19 -3 -21 -5 -23 -10 -22 -7 3 4 -19 -5 -19 -8 -13 -7 -15 -6 -14 -2 -15 -1 -21 -8 -21 -7 -19 -5 -18 2 -19 3 -14 -4 -18 3 -13 -1 -20 0 -16 -3 -16 0 -16 -1 -20 1 -14 3 -21 -1 -22 -3 -18 -2 -22 -1 -22 -1 -14 6 1 1 0 0 0 0 0 0 0 0 ]
CSI_DATA,AP,68:FE:71:12:53:8C,-30,11,1,6,1,1,1,0,0,0,0,-94,0,6,1,76593443,0,84,0,0,76.593,384,[84 -64 4 0 0 0 0 0 0 0 0 0 -21 -18 -19 -16 -18 -18 -21 -19 -15 -17 -11 -12 -12 -18 -14 -20 -15 -13 -16 -17 -12 -21 -10 -21 -9 -22 -13 -16 -14 -13 -12 -18 -13 -20 -7 -13 -7 -20 -11 -18 -6 -19 -13 -13 -8 -13 -7 -19 -6 -14 -6 -14 -2 4 -13 -19 -9 -13 -14 -14 -9 -18 -10 -15 -13 -15 -8 -14 -13 -18 -11 -9 -10 -8 -12 -14 -14 -16 -15 -9 -12 -14 -12 -10 -16 -13 -10 -15 -14 -16 -13 -12 -17 -12 -10 -16 -18 -13 -17 -16 -19 -11 -10 -11 -10 -14 2 -2 0 0 0 0 0 0 0 0 ]
CSI_DATA,AP,68:FE:71:12:53:8C,-37,11,1,5,1,1,1,0,0,0,0,-96,0,6,1,76688897,0,84,0,0,76.689,384,[84 -64 4 0 0 0 0 0 0 0 0 0 19 1 17 1 18 -3 20 -3 25 -1 22 -2 25 -1 17 7 23 7 20 1 17 7 25 4 21 9 21 4 21 3 23 1 17 5 16 7 21 0 18 4 14 2 19 2 12 3 17 1 15 4 19 7 -3 4 19 6 14 1 20 4 15 2 13 4 18 2 16 -1 15 -3 14 2 15 3 20 -4 16 4 17 1 13 3 15 -5 21 2 17 0 21 -6 17 -5 14 -3 13 0 17 -1 14 -5 14 -5 13 -1 16 -2 2 0 0 0 0 0 0 0 0 0 ]
CSI_DATA,AP,68:FE:71:12:53:8C,-33,11,1,7,1,1,1,0,0,0,0,-95,0,6,1,76775504,0,84,0,0,76.776,384,[84 -64 4 0 0 0 0 0 0 0 0 0 -1 23 -3 20 -3 18 -5 19 -6 23 -3 19 -5 16 -7 17 -8 16 -4 23 -11 17 -8 20 -11 23 -8 21 -10 13 -10 18 -8 14 -5 17 -4 13 -11 20 -7 12 -8 12 -8 17 -12 15 -8 18 -9 17 0 -3 -5 18 -3 14 -5 14 -9 12 -9 15 -9 14 -2 14 -5 13 -5 17 -6 18 1 15 -6 15 -4 18 -1 17 -2 18 -4 19 1 20 -2 14 -5 19 2 19 0 19 4 16 4 19 0 14 -2 15 -4 13 0 3 0 0 0 0 0 0 0 0 ]
CSI_DATA,AP,68:FE:71:12:53:8C,-33,11,1,7,1,1,1,0,0,0,0,-94,0,6,1,76869435,0,82,0,0,76.869,384,[84 -64 4 0 0 0 0 0 0 0 0 0 -15 19 -14 15 -15 13 -13 12 -13 13 -16 12 -15 12 -18 14 -18 11 -15 11 -15 16 -21 9 -14 11 -19 12 -15 12 -15 13 -17 6 -16 9 -15 8 -14 4 -19 4 -20 7 -15 4 -15 7 -15 11 -13 5 0 1 -13 6 -17 12 -14 11 -14 9 -18 11 -16 6 -18 5 -11 6 -9 9 -9 13 -13 16 -9 13 -8 9 -10 13 -9 9 -12 9 -10 17 -11 16 -14 15 -10 15 -16 16 -15 16 -14 11 -11 16 -12 16 -8 15 4 -2 0 0 0 0 0 0 0 0 ]
CSI_DATA,AP,68:FE:71:12:53:8C,-35,11,1,5,1,1,1,1,0,0,0,-96,1,6,1,76993831,0,84,0,0,76.994,384,[84 -64 4 0 0 0 0 0 0 0 0 0 21 -8 22 -8 25 -6 21 -7 26 -3 19 -2 19 -8 18 -3 20 1 20 1 25 -7 25 -2 25 0 18 -5 16 1 21 1 16 -5 20 1 15 1 21 0 21 -2 19 -6 15 2 19 -3 19 -2 14 -1 -3 1 13 -4 18 -1 18 0 16 -3 20 -4 20 -6 16 -1 18 -1 18 -6 12 -3 14 -7 17 -8 16 -5 14 -5 17 -7 16 -12 14 -8 15 -12 20 -4 13 -8 14 -4 16 -5 17 -11 16 -13 12 -12 15 -9 -2 -1 0 0 0 0 0 0 0 0 ]
CSI_DATA,AP,68:FE:71:12:53:8C,-30,11,1,7,1,1,1,0,0,0,0,-94,0,6,1,77119340,0,84,0,0,77.119,384,[84 -64 4 0 0 0 0 0 0 0 0 0 16 -4 18 -5 18 0 26 -1 18 1 23 5 20 1 22 1 20 2 21 1 16 -1 17 7 21 6 20 6 21 2 22 3 20 1 14 0 18 7 14 0 18 0 19 2 12 5 16 6 20 0 14 6 -1 3 12 1 16 -2 18 -1 16 4 18 4 19 5 18 -2 16 0 12 1 16 -1 14 -3 17 -2 11 1 11 -2 13 -3 13 1 17 -1 13 -5 14 0 19 -4 14 0 17 -2 14 -7 15 -7 19 -5 17 -5 4 0 0 0 0 0 0 0 0 0 ]
CSI_DATA,AP,68:FE:71:12:53:8C,-37,11,1,6,1,1,1,0,0,0,0,-94,0,6,1,77217130,0,84,0,0,77.217,384,[84 -64 4 0 0 0 0 0 0 0 0 0 -14 -17 -12 -19 -9 -20 -8 -23 -12 -16 -12 -16 -12 -19 -12 -20 -10 -21 -10 -17 -7 -17 -5 -22 -10 -18 -4 -16 -6 -21 -6 -16 -5 -18 -9 -12 -3 -19 -8 -20 -6 -21 -5 -15 -2 -20 -5 -15 -2 -19 -9 -13 -2 -4 -6 -14 -9 -19 -3 -22 -4 -11 -8 -14 -10 -18 -7 -18 -6 -15 -4 -15 -7 -18 -10 -11 -10 -15 -11 -14 -9 -17 -7 -12 -6 -14 -9 -15 -8 -14 -9 -17 -13 -14 -8 -14 -5 -13 -11 -14 -9 -15 -13 -13 -7 -10 -4 4 0 0 0 0 0 0 0 0 ]
CSI_DATA,AP,68:FE:71:12:53:8C,-38,11,1,6,1,1,1,0,0,0,0,-94,0,6,1,77333091,0,84,0,0,77.333,384,[84 -64 4 0 0 0 0 0 0 0 0 0 -12 -17 -10 -15 -7 -21 -8 -18 -5 -19 -4 -17 -6 -20 -4 -16 -4 -21 -4 -14 -3 -18 -5 -21 -4 -24 -4 -17 -7 -17 -8 -18 -6 -16 -7 -15 -6 -19 -1 -18 -3 -22 -3 -15 -7 -16 -2 -16 -2 -19 -9 -19 2 0 -2 -14 -7 -13 -8 -18 -2 -13 -6 -17 -10 -19 -3 -16 -8 -19 -10 -12 -9 -15 -8 -15 -6 -15 -6 -11 -9 -12 -12 -18 -7 -15 -8 -15 -14 -13 -9 -12 -13 -14 -13 -14 -9 -12 -11 -13 -14 -15 -13 -14 -14 -13 -2 1 0 0 0 0 0 0 0 0 ]
CSI_DATA,AP,68:FE:71:12:53:8C,-30,11,1,7,1,1,1,1,0,0,0,-94,4,6,1,77460109,0,84,0,0,77.46,384,[84 -64 4 0 0 0 0 0 0 0 0 0 17 -6 21 2 22 -4 22 1 21 1 23 5 19 5 16 1 19 1 16 7 23 7 19 5 21 0 22 2 17 3 19 5 16 8 16 5 19 5 13 6 13 6 21 6 17 0 13 7 22 7 19 5 -4 -4 14 4 16 4 14 5 17 -1 13 1 12 -1 15 -1 20 -2 17 1 17 -4 15 -3 18 -5 15 2 17 3 18 1 19 -4 18 -3 16 0 12 -6 13 -5 15 -3 13 -1 13 -2 16 -7 20 -2 15 -4 2 4 0 0 0 0 0 0 0 0 ]
CSI_DATA,AP,68:FE:71:12:53:8C,-36,11,1,5,1,1,1,0,0,0,0,-94,0,6,1,77555799,0,84,0,0,77.556,384,[84 -64 4 0 0 0 0 0 0 0 0 0 3 -22 -1 -21 4 -19 4 -22 9 -18 10 -23 9 -23 7 -19 4 -21 4 -19 4 -24 7 -21 7 -24 10 -22 5 -21 8 -19 8 -17 5 -18 12 -14 12 -13 8 -15 6 -13 6 -15 9 -18 7 -17 9 -16 -1 -3 8 -18 5 -14 9 -19 5 -13 4 -18 9 -18 5 -20 2 -20 8 -14 5 -20 -1 -20 3 -17 1 -14 6 -19 3 -18 0 -22 3 -14 2 -17 -1 -15 5 -19 -2 -20 2 -18 1 -14 -4 -21 -2 -14 0 -17 0 4 0 0 0 0 0 0 0 0 ]
CSI_DATA,AP,68:FE:71:12:53:8C,-36,11,1,7,1,1,1,1,0,0,0,-96,4,6,1,77672265,0,84,0,0,77.672,384,[84 -64 4 0 0 0 0 0 0 0 0 0 -18 -17 -14 -14 -12 -15 -14 -14 -16 -20 -11 -19 -9 -20 -9 -15 -16 -16 -7 -18 -17 -17 -13 -13 -16 -21 -15 -20 -7 -14 -15 -20 -9 -15 -13 -19 -10 -17 -12 -13 -8 -18 -9 -17 -8 -19 -6 -20 -11 -17 -7 -15 -2 1 -11 -18 -15 -11 -8 -12 -10 -17 -13 -14 -13 -17 -8 -14 -12 -9 -14 -16 -10 -9 -15 -10 -10 -14 -9 -11 -16 -13 -10 -13 -15 -13 -12 -14 -14 -7 -11 -9 -14 -11 -15 -9 -11 -13 -10 -13 -13 -12 -16 -12 -13 -8 -2 4 0 0 0 0 0 0 0 0 ]
CSI_DATA,AP,68:FE:71:12:53:8C,-34,11,1,5,1,1,1,0,0,0,0,-94,0,6,1,77793356,0,84,0,0,77.793,384,[84 -64 4 0 0 0 0 0 0 0 0 0 -20 -15 -16 -18 -18 -17 -20 -19 -13 -17 -11 -18 -9 -20 -14 -18 -10 -16 -11 -15 -13 -15 -11 -18 -11 -21 -7 -18 -11 -18 -12 -22 -12 -17 -12 -18 -9 -20 -10 -14 -11 -14 -7 -14 -4 -19 -5 -21 -9 -17 -12 -18 -4 -2 -11 -17 -9 -18 -12 -14 -7 -14 -10 -14 -14 -17 -13 -14 -11 -10 -11 -17 -12 -14 -10 -9 -9 -13 -13 -15 -15 -10 -11 -11 -13 -16 -9 -16 -17 -15 -14 -16 -13 -10 -15 -10 -14 -14 -15 -12 -15 -13 -16 -10 -16 -15 4 0 0 0 0 0 0 0 0 0 ]
CSI_DATA,AP,68:FE:71:12:53:8C,-33,11,1,6,1,1,1,1,0,0,0,-95,4,6,1,77883104,0,84,0,0,77.883,384,[84 -64 4 0 0 0 0 0 0 0 0 0 -2 23 -3 16 -4 19 -9 24 -5 25 -3 20 -11 20 -8 14 -11 15 -5 20 -6 16 -6 18 -9 21 -11 18 -10 13 -12 22 -4 12 -10 14 -8 12 -5 13 -9 17 -10 15 -11 18 -11 16 -7 18 -8 19 -4 3 -7 18 -6 18 -5 19 -7 12 -6 15 -6 19 -8 12 -7 18 -8 18 -7 19 -1 19 -2 16 2 20 -3 12 -7 17 -3 14 -3 13 2 19 -1 17 -4 17 -1 16 -5 17 1 17 -2 18 -1 17 4 19 -2 4 0 0 0 0 0 0 0 0 ]
CSI_DATA,AP,68:FE:71:12:53:8C,-38,11,1,6,1,1,1,0,0,0,0,-96,0,6,1,77984343,0,84,0,0,77.984,384,[84 -64 4 0 0 0 0 0 0 0 0 0 9 20 11 21 7 15 4 21 6 17 8 21 6 20 2 23 7 21 4 22 0 21 9 24 4 23 2 15 -2 17 2 20 5 16 -2 16 5 19 -1 17 3 21 0 20 3 20 0 18 5 18 7 17 -4 -2 2 18 4 19 4 20 4 17 1 20 3 12 4 12 3 16 8 11 8 10 6 11 3 15 6 12 4 15 4 10 3 15 4 15 6 16 10 16 4 15 7 11 10 18 11 10 10 14 10 10 12 16 -3 -1 0 0 0 0 0 0 0 0 ]
CSI_DATA,AP,68:FE:71:12:53:8C,-35,11,1,5,1,1,1,0,0,0,0,-94,0,6,1,78079084,0,84,0,0,78.079,384,[84 -64 4 0 0 0 0 0 0 0 0 0 20 11 22 12 14 11 22 12 14 10 18 13 11 17 13 10 14 15 13 16 12 14 11 12 13 16 17 17 16 19 13 13 10 17 10 16 14 17 13 14 12 14 11 13 9 17 9 14 9 15 12 16 -1 -1 7 11 15 11 15 13 9 14 7 12 9 14 10 16 9 10 12 9 14 6 14 9 9 14 15 8 12 13 11 11 14 15 12 14 14 12 11 4 16 11 12 12 12 6 10 4 16 8 13 4 12 7 0 -4 0 0 0 0 0 0 0 0 ]
CSI_DATA,AP,68:FE:71:12:53:8C,-33,11,1,6,1,1,1,0,0,0,0,-96,0,6,1,78175722,0,84,0,0,78.176,384,[84 -64 4 0 0 0 0 0 0 0 0 0 13 -16 17 -15 19 -15 16 -10 17 -10 19 -7 18 -9 18 -12 16 -12 19 -12 15 -10 16 -7 18 -10 19 -11 16 -4 14 -8 16 -4 20 -5 19 -7 16 -6 18 -6 19 -5 15 -5 20 -4 15 -10 18 -10 -3 -3 18 -3 12 -4 15 -5 13 -8 12 -10 12 -5 12 -6 11 -5 19 -8 12 -11 14 -13 14 -7 10 -12 18 -5 11 -4 14 -11 17 -12 12 -10 11 -8 13 -13 9 -8 9 -12 10 -12 10 -10 12 -8 8 -12 -2 0 0 0 0 0 0 0 0 0 ]
CSI_DATA,AP,68:FE:71:12:53:8C,-32,11,0,0,0,0,0,0,0,0,0,-94,0,6,1,78296515,0,37,0,0,78.297,128,[84 -64 4 0 0 0 0 0 0 0 0 0 -11 -14 -10 -13 -19 -13 -12 -15 -10 -15 -14 -18 -11 -16 -7 -14 -12 -20 -15 -18 -13 -17 -12 -19 -12 -16 -15 -20 -10 -15 -9 -13 -5 -18 -6 -10 -13 -16 -10 -12 -9 -17 -6 -12 -4 -16 -6 -16 -11 -13 -13 -15 -4 -4 -11 -13 -13 -13 -10 -12 -7 -12 -10 -11 -6 -13 -7 -16 -13 -8 -11 -7 -7 -13 -12 -14 -8 -14 -10 -13 -11 -13 -8 -12 -17 -12 -14 -8 -18 -6 -11 -11 -15 -12 -15 -10 -12 -9 -14 -9 -14 -11 -11 -8 -10 -8 -3 1 0 0 0 0 0 0 0 0 ]
CSI_DATA,AP,68:FE:71:12:53:8C,-30,11,1,7,1,1,1,0,0,0,0,-94,0,6,1,78441743,0,84,0,0,78.442,384,[84 -64 4 0 0 0 0 0 0 0 0 0 22 -1 14 5 16 1 19 4 21 6 21 7 15 10 15 6 14 10 17 4 16 6 20 6 14 7 11 4 14 8 13 12 15 9 17 6 10 5 13 8 17 5 13 9 12 9 12 6 17 6 16 6 -3 -1 12 7 16 3 13 1 14 4 11 5 16 2 15 8 13 6 16 3 16 6 17 -1 13 4 18 -1 16 -2 15 4 10 2 14 -3 13 3 13 1 12 -3 12 1 14 3 18 -2 12 2 15 -4 14 -4 -4 4 0 0 0 0 0 0 0 0 ]
CSI_DATA,AP,68:FE:71:12:53:8C,-32,11,1,7,1,1,1,0,0,0,0,-95,0,6,1,78562929,0,84,0,0,78.563,384,[84 -64 4 0 0 0 0 0 0 0 0 0 -1 23 -4 17 -2 22 -5 21 -3 17 -6 19 -2 19 -1 15 -3 13 -8 12 -10 20 -6 14 -3 15 -6 17 -3 12 -7 17 -6 14 -9 17 -7 18 -10 13 -5 12 -2 19 -5 15 -5 15 -9 18 -4 18 -1 -2 -5 16 -5 18 -8 13 0 13 -4 9 -4 14 -2 10 -3 16 -5 11 -2 17 -2 14 -4 11 -5 16 -6 16 -1 18 -6 14 2 16 -3 12 0 12 -4 15 3 16 -5 17 1 18 1 11 -3 18 3 15 4 -1 0 0 0 0 0 0 0 0 ]
