type,role,mac,rssi,rate,sig_mode,mcs,bandwidth,smoothing,not_sounding,aggregation,stbc,fec_coding,sgi,noise_floor,ampdu_cnt,channel,secondary_channel,local_timestamp,ant,sig_len,rx_state,real_time_set,real_timestamp,len,CSI_DATA
CSI_DATA,AP,68:FE:71:12:53:8C,-33,11,1,6,1,1,1,0,0,0,0,-95,0,6,1,6755831,0,84,0,0,6.7558,384,[82 -96 4 0 0 0 0 0 0 0 0 0 -15 -7 -19 -8 -17 -6 -18 -6 -17 -7 -16 -9 -16 -9 -17 -11 -17 -11 -14 -9 -13 -8 -16 -12 -14 -12 -17 -9 -13 -9 -13 -9 -15 -11 -11 -10 -15 -10 -12 -11 -11 -12 -12 -12 -10 -8 -15 -7 -14 -10 -15 -9 2 1 -14 -10 -14 -9 -14 -7 -15 -9 -11 -8 -11 -7 -15 -6 -11 -7 -15 -9 -13 -7 -15 -8 -15 -6 -11 -4 -12 -4 -15 -7 -12 -6 -12 -5 -12 -7 -13 -7 -13 -2 -12 -3 -16 -6 -13 -4 -14 -1 -12 -4 -13 -2 0 -1 0 0 0 0 0 0 0 0 ]
CSI_DATA,AP,68:FE:71:12:53:8C,-35,11,0,0,0,0,0,0,0,0,0,-94,0,6,1,6844218,0,37,0,0,6.8442,128,[84 -64 4 0 0 0 0 0 0 0 0 0 -1 17 -5 17 -5 17 -5 19 -5 19 -6 19 -6 16 -8 19 -7 16 -9 18 -8 15 -8 19 -8 16 -6 18 -10 16 -10 14 -6 16 -8 13 -10 18 -5 14 -8 14 -8 16 -9 16 -9 12 -9 15 -9 16 1 -2 -5 16 -7 16 -5 13 -6 12 -6 16 -6 15 -3 12 -4 14 -4 15 -3 15 -6 15 -2 16 -3 13 -3 14 -3 16 -4 14 -4 14 -2 16 -1 15 0 14 1 16 2 13 2 14 2 14 2 16 1 16 1 -2 0 0 0 0 0 0 0 0 ]
CSI_DATA,AP,68:FE:71:12:53:8C,-38,11,1,6,1,1,1,0,0,0,0,-94,0,6,1,6905221,0,84,0,0,6.9052,384,[84 -64 4 0 0 0 0 0 0 0 0 0 -6 -16 -5 -18 -7 -17 -8 -19 -6 -20 -7 -17 -3 -19 -5 -19 -1 -19 -4 -19 -3 -17 -3 -16 -4 -16 -4 -20 -4 -19 -2 -15 -4 -15 -2 -17 0 -16 0 -14 -2 -14 0 -15 -2 -14 -3 -17 -2 -13 -1 -16 2 -2 -4 -13 -1 -14 -3 -16 -2 -14 -4 -16 -4 -16 -4 -12 -6 -16 -6 -13 -4 -15 -3 -16 -7 -12 -5 -16 -5 -14 -4 -12 -5 -13 -7 -15 -9 -15 -7 -15 -10 -11 -6 -14 -9 -15 -10 -13 -7 -11 -10 -14 -9 -13 -1 -2 0 0 0 0 0 0 0 0 ]
CSI_DATA,AP,68:FE:71:12:53:8C,-36,11,1,6,1,1,1,0,0,0,0,-93,0,6,1,6982846,0,84,0,0,6.9828,384,[84 -64 4 0 0 0 0 0 0 0 0 0 -9 -30 -6 -31 -4 -30 -4 -30 -6 -27 -3 -32 -3 -30 -1 -28 -3 -29 0 -26 1 -30 1 -30 2 -27 2 -27 2 -27 2 -27 2 -27 0 -24 0 -26 0 -26 1 -25 2 -23 2 -24 -2 -26 -1 -26 2 -25 -2 0 -1 -23 0 -25 2 -23 -3 -22 -3 -24 -2 -21 -2 -25 0 -24 -3 -24 -2 -22 -3 -24 -4 -20 -2 -20 -2 -22 -3 -21 -6 -22 -6 -20 -4 -22 -7 -22 -5 -23 -7 -21 -8 -23 -9 -22 -7 -23 -9 -24 -7 -22 0 0 0 0 0 0 0 0 0 0 ]
CSI_DATA,AP,68:FE:71:12:53:8C,-38,11,1,7,1,1,1,0,0,0,0,-93,0,6,1,7083869,0,84,0,0,7.0839,384,[84 -64 4 0 0 0 0 0 0 0 0 0 -22 -2 -21 -2 -19 -2 -19 -4 -19 -5 -18 -4 -20 -6 -20 -5 -19 -7 -19 -5 -17 -9 -19 -6 -16 -10 -18 -6 -18 -8 -17 -7 -18 -9 -15 -7 -15 -6 -18 -8 -14 -8 -15 -8 -15 -7 -17 -6 -14 -8 -14 -7 -2 0 -17 -6 -16 -7 -15 -4 -15 -6 -15 -6 -17 -3 -13 -3 -14 -5 -17 -3 -13 -5 -13 -4 -17 -2 -17 0 -14 -1 -16 -3 -18 -3 -15 0 -17 -3 -18 -1 -17 0 -18 -1 -17 1 -16 1 -14 0 -14 3 -18 3 -1 -1 0 0 0 0 0 0 0 0 ]
CSI_DATA,AP,68:FE:71:12:53:8C,-34,11,1,6,1,1,1,0,0,0,0,-94,0,6,1,7167441,0,84,0,0,7.1674,384,[84 -64 4 0 0 0 0 0 0 0 0 0 -8 -16 -8 -20 -9 -18 -6 -18 -6 -20 -4 -18 -7 -21 -3 -19 -6 -18 -3 -19 -2 -20 -2 -18 -4 -17 -3 -20 -1 -17 -3 -19 -2 -18 -4 -18 -3 -20 -4 -18 -2 -16 -2 -17 0 -16 -3 -14 -2 -15 -1 -17 1 -2 -2 -16 -4 -14 -2 -14 -3 -15 -3 -13 -2 -16 -5 -15 -5 -16 -5 -13 -7 -16 -5 -13 -8 -15 -7 -13 -8 -16 -5 -16 -5 -17 -7 -16 -7 -13 -8 -15 -7 -12 -6 -13 -6 -15 -9 -12 -11 -14 -7 -12 -9 -15 1 2 0 0 0 0 0 0 0 0 ]
CSI_DATA,AP,68:FE:71:12:53:8C,-39,11,1,5,1,1,1,0,0,0,0,-95,0,6,1,7273106,0,84,0,0,7.2731,384,[84 -64 4 0 0 0 0 0 0 0 0 0 13 12 10 13 13 13 9 15 8 16 8 15 10 16 6 14 10 13 8 15 7 16 9 13 7 15 9 17 5 15 9 16 6 16 8 15 8 15 6 15 5 13 4 16 7 11 5 14 8 13 6 15 -1 -2 8 13 7 15 7 15 6 10 6 10 5 10 7 12 8 12 5 13 9 12 9 9 7 9 8 13 6 11 11 10 8 12 8 13 11 11 10 11 7 9 8 12 9 8 11 10 13 9 12 12 12 11 -2 2 0 0 0 0 0 0 0 0 ]
CSI_DATA,AP,68:FE:71:12:53:8C,-34,11,0,0,0,0,0,1,0,0,0,-95,4,6,1,7343143,0,37,0,0,7.3431,128,[84 -64 4 0 0 0 0 0 0 0 0 0 20 4 16 5 18 6 18 6 16 10 15 10 16 9 18 8 14 8 15 10 16 11 18 10 18 10 16 9 16 13 15 10 16 9 14 11 12 12 14 9 15 9 15 10 14 9 15 8 15 11 15 7 0 2 14 7 11 10 14 10 11 5 15 7 11 9 14 7 14 6 11 7 12 3 16 6 13 3 14 4 15 6 12 5 14 5 14 6 15 6 16 2 16 4 14 1 17 2 17 3 17 2 13 4 15 3 -1 0 0 0 0 0 0 0 0 0 ]
CSI_DATA,AP,68:FE:71:12:53:8C,-30,11,1,7,1,1,1,0,0,0,0,-96,0,6,1,7444148,0,82,0,0,7.4441,384,[84 -64 4 0 0 0 0 0 0 0 0 0 20 -1 19 -1 22 0 19 0 20 1 17 2 19 4 19 4 17 1 19 4 18 5 18 3 19 6 20 3 16 3 17 4 15 4 15 4 18 7 15 6 17 3 18 5 16 6 16 6 16 3 13 2 -1 1 14 5 16 5 15 1 15 0 13 4 17 4 13 2 16 4 14 3 17 -1 17 0 13 0 17 1 15 2 15 1 17 -1 17 -3 18 -3 13 -2 17 -2 17 -3 13 -4 17 -2 18 -1 14 -3 17 -5 2 -2 0 0 0 0 0 0 0 0 ]
CSI_DATA,AP,68:FE:71:12:53:8C,-33,11,1,7,1,1,1,0,0,0,0,-95,0,6,1,7502177,0,84,0,0,7.5022,384,[84 -64 4 0 0 0 0 0 0 0 0 0 18 10 15 11 15 13 19 10 16 12 17 13 14 13 15 14 12 12 12 15 13 13 12 14 14 12 12 12 14 14 11 13 14 12 11 11 14 13 10 15 10 14 9 12 10 11 11 12 9 12 9 13 -2 0 9 11 13 13 10 14 12 13 10 11 13 10 14 12 13 9 10 8 14 10 14 7 12 10 12 7 15 11 16 7 13 9 12 6 16 5 12 8 15 9 16 9 15 6 14 5 16 6 13 5 12 7 0 1 0 0 0 0 0 0 0 0 ]
CSI_DATA,AP,68:FE:71:12:53:8C,-36,11,1,6,1,1,1,0,0,0,0,-94,0,6,1,7588284,0,84,0,0,7.5883,384,[84 -64 4 0 0 0 0 0 0 0 0 0 6 44 13 42 -5 48 -15 66 -1 55 -3 45 -8 50 -4 33 -4 58 -5 48 -25 61 -31 65 -24 62 -28 60 -19 55 -41 61 -40 47 -15 29 -21 49 -24 48 -15 52 -37 50 -17 39 -31 45 -39 51 -26 44 0 -2 -36 49 -20 55 -27 53 -22 58 -23 47 -22 53 -28 51 -16 46 -21 51 -11 46 -8 59 -1 51 -2 48 -7 49 -19 54 -11 54 -15 52 1 55 -10 53 2 52 -6 47 -3 56 -3 56 3 56 -1 53 4 49 -2 -1 0 0 0 0 0 0 0 0 ]
CSI_DATA,AP,68:FE:71:12:53:8C,-35,11,1,5,1,1,1,1,0,0,0,-94,4,6,1,7679655,0,84,0,0,7.6797,384,[84 -64 4 0 0 0 0 0 0 0 0 0 -21 5 -20 6 -23 5 -20 2 -19 4 -21 4 -22 0 -19 4 -20 0 -20 0 -20 2 -18 -1 -18 -1 -20 -2 -18 1 -18 -3 -20 -2 -19 1 -18 0 -17 1 -18 -3 -16 -3 -17 1 -20 -2 -16 -2 -18 0 0 2 -16 -2 -19 -2 -16 2 -18 2 -16 2 -18 -1 -15 3 -14 2 -17 2 -18 1 -14 2 -16 2 -18 5 -14 1 -14 4 -18 1 -15 4 -18 2 -17 5 -16 6 -15 2 -14 2 -17 6 -14 7 -17 4 -17 4 -1 -1 0 0 0 0 0 0 0 0 ]
CSI_DATA,AP,68:FE:71:12:53:8C,-35,11,1,6,1,1,1,0,0,0,0,-95,0,6,1,7793457,0,84,0,0,7.7935,384,[84 -64 4 0 0 0 0 0 0 0 0 0 18 -10 15 -6 16 -8 17 -5 15 -8 16 -6 16 -4 18 -5 18 -2 15 -4 18 -5 19 -1 17 -2 19 -1 14 -4 16 0 14 -4 16 0 18 -4 15 0 15 -4 13 -4 16 -3 13 -4 15 -1 15 -3 -1 2 14 -1 16 -2 16 -5 15 -3 12 -3 16 -4 12 -5 15 -6 15 -3 14 -4 14 -7 15 -4 12 -8 12 -7 13 -8 12 -7 11 -6 15 -8 13 -6 13 -6 10 -6 12 -8 14 -7 11 -11 12 -9 12 -10 -2 0 0 0 0 0 0 0 0 0 ]
CSI_DATA,AP,68:FE:71:12:53:8C,-34,11,1,7,1,1,1,0,0,0,0,-94,0,6,1,7853875,0,84,0,0,7.8539,384,[84 -64 4 0 0 0 0 0 0 0 0 0 17 4 17 3 20 3 18 6 17 3 18 6 19 7 16 7 17 7 16 5 19 8 18 8 19 7 18 9 15 9 19 6 14 6 17 8 14 9 14 9 15 5 18 5 15 6 17 6 17 6 14 5 -1 -2 14 6 15 7 16 3 14 6 13 5 14 2 15 5 16 1 15 3 16 3 14 4 15 1 13 0 16 3 16 3 16 0 17 -1 15 1 15 2 13 0 16 -1 16 -2 17 -1 17 -1 16 -2 14 1 -1 1 0 0 0 0 0 0 0 0 ]
CSI_DATA,AP,68:FE:71:12:53:8C,-34,11,1,5,1,1,1,0,0,0,0,-94,0,6,1,7954884,0,84,0,0,7.9549,384,[84 -64 4 0 0 0 0 0 0 0 0 0 13 -17 13 -16 11 -16 13 -17 14 -16 12 -16 15 -16 15 -14 16 -16 14 -11 16 -15 15 -12 14 -13 15 -13 16 -12 13 -11 13 -13 16 -12 16 -9 16 -13 12 -10 13 -11 13 -10 11 -10 13 -9 11 -11 1 -2 11 -9 13 -10 10 -13 13 -11 12 -10 11 -13 11 -10 9 -12 12 -10 9 -11 8 -14 10 -11 12 -13 7 -13 8 -11 7 -15 10 -12 6 -12 10 -16 7 -14 6 -14 9 -15 6 -13 8 -14 9 -12 5 -15 2 1 0 0 0 0 0 0 0 0 ]
CSI_DATA,AP,68:FE:71:12:53:8C,-35,11,1,5,1,1,1,0,0,0,0,-95,0,6,1,8048417,0,82,0,0,8.0484,384,[84 -64 4 0 0 0 0 0 0 0 0 0 13 34 12 37 10 38 10 36 4 38 3 38 5 37 5 35 0 38 2 35 1 37 -2 36 -2 38 2 36 -2 38 0 38 1 34 -5 35 -2 38 -4 36 -5 33 -2 36 -1 31 -4 35 -2 34 0 34 2 1 0 33 0 31 1 31 -1 30 1 34 3 33 0 33 2 30 2 31 5 31 5 30 3 31 4 29 7 33 6 28 5 31 6 31 5 28 6 30 8 30 9 28 5 30 8 30 8 31 6 28 8 31 0 0 0 0 0 0 0 0 0 0 ]
CSI_DATA,AP,68:FE:71:12:53:8C,-34,11,1,6,1,1,1,0,0,0,0,-93,0,6,1,8139036,0,84,0,0,8.139,384,[84 -64 4 0 0 0 0 0 0 0 0 0 -21 -1 -22 1 -19 -3 -21 -1 -21 0 -21 -1 -20 -1 -17 -1 -20 -6 -18 -3 -19 -5 -19 -7 -18 -4 -18 -7 -19 -6 -19 -4 -18 -6 -16 -7 -17 -5 -18 -6 -19 -4 -15 -5 -17 -4 -18 -4 -18 -6 -17 -6 1 2 -14 -6 -16 -6 -16 -3 -18 -2 -17 -5 -16 -2 -14 -2 -16 -1 -13 -2 -16 -3 -15 -1 -14 0 -18 1 -15 1 -14 -1 -14 2 -18 -1 -18 -1 -17 1 -17 3 -16 3 -14 1 -16 3 -15 2 -18 0 -18 1 -1 1 0 0 0 0 0 0 0 0 ]
CSI_DATA,AP,68:FE:71:12:53:8C,-31,11,1,7,1,1,1,0,0,0,0,-94,0,6,1,8216832,0,84,0,0,8.2168,384,[84 -64 4 0 0 0 0 0 0 0 0 0 14 11 15 9 13 9 16 10 11 12 14 13 13 10 13 13 9 14 9 12 11 13 12 11 12 13 11 14 9 15 8 15 8 11 9 14 8 13 10 14 10 14 7 11 8 10 10 13 8 14 11 12 1 2 11 10 8 12 11 8 11 11 11 12 11 10 12 7 8 9 8 11 9 9 10 6 10 6 9 7 9 9 12 8 12 6 11 9 14 6 12 4 10 7 11 6 10 8 12 8 12 6 13 8 14 8 -1 -1 0 0 0 0 0 0 0 0 ]
CSI_DATA,AP,68:FE:71:12:53:8C,-36,11,1,5,1,1,1,0,0,0,0,-95,0,6,1,8314763,0,84,0,0,8.3148,384,[84 -64 4 0 0 0 0 0 0 0 0 0 -8 -15 -6 -15 -8 -20 -8 -16 -6 -18 -6 -19 -6 -15 -5 -16 -5 -18 -5 -16 -4 -17 -4 -16 -1 -17 -2 -16 -1 -17 -2 -20 0 -19 -1 -17 -4 -17 0 -14 -1 -18 -4 -15 0 -14 0 -14 -4 -15 0 -17 -2 0 -4 -13 -3 -17 -5 -13 -3 -16 -4 -14 -3 -14 -3 -15 -3 -14 -7 -16 -7 -13 -7 -14 -5 -12 -6 -13 -4 -13 -9 -13 -8 -14 -8 -15 -5 -11 -10 -14 -7 -15 -9 -12 -7 -10 -7 -15 -10 -13 -9 -14 -6 -10 2 -1 0 0 0 0 0 0 0 0 ]
CSI_DATA,AP,68:FE:71:12:53:8C,-35,11,1,6,1,1,1,0,0,0,0,-96,0,6,1,8388742,0,84,0,0,8.3887,384,[84 -64 4 0 0 0 0 0 0 0 0 0 21 -7 19 -5 19 -6 23 -7 18 -6 21 -5 19 0 20 0 21 -3 20 0 22 -4 21 -4 22 0 18 -1 18 2 18 0 17 -1 18 1 17 2 16 -1 17 3 17 3 14 3 17 1 18 -2 16 -1 -2 -2 17 1 18 -2 15 0 16 0 16 -2 18 -4 15 0 13 -2 18 -4 14 -3 17 -6 15 -4 13 -5 14 -6 16 -4 14 -7 16 -3 16 -7 14 -7 15 -9 13 -4 16 -7 14 -9 12 -10 13 -9 13 -6 1 0 0 0 0 0 0 0 0 0 ]
CSI_DATA,AP,68:FE:71:12:53:8C,-36,11,1,5,1,1,1,0,0,0,0,-95,0,6,1,8479914,0,84,0,0,8.4799,384,[84 -64 4 0 0 0 0 0 0 0 0 0 -4 21 -7 20 -9 22 -10 22 -9 19 -11 17 -10 16 -8 18 -8 15 -13 15 -10 19 -9 20 -9 16 -13 15 -9 17 -13 18 -9 16 -13 17 -11 15 -14 13 -10 13 -10 16 -12 12 -13 15 -12 15 -11 12 -1 -1 -8 16 -8 16 -9 15 -9 17 -7 13 -8 13 -6 15 -8 15 -5 13 -8 13 -6 17 -6 14 -7 15 -7 15 -8 13 -5 18 -5 16 -4 17 -7 15 -6 17 -7 16 -3 14 -5 15 -2 18 -5 17 -6 15 -2 -1 0 0 0 0 0 0 0 0 ]
CSI_DATA,AP,68:FE:71:12:53:8C,-33,11,1,7,1,1,1,0,0,0,0,-94,0,6,1,8556604,0,84,0,0,8.5566,384,[84 -64 4 0 0 0 0 0 0 0 0 0 6 -19 4 -20 7 -20 9 -20 5 -17 10 -18 11 -16 9 -18 8 -18 7 -19 12 -18 10 -20 8 -16 12 -18 10 -16 8 -14 8 -17 7 -16 11 -18 10 -13 9 -15 11 -15 11 -15 9 -17 11 -13 7 -16 0 -2 7 -15 7 -14 6 -13 7 -14 7 -14 7 -17 9 -14 7 -13 8 -14 7 -17 7 -14 3 -17 3 -13 5 -16 4 -14 6 -14 2 -14 2 -15 4 -16 5 -18 6 -17 4 -17 3 -16 4 -17 3 -16 4 -14 -1 -2 0 0 0 0 0 0 0 0 ]
CSI_DATA,AP,68:FE:71:12:53:8C,-33,11,1,7,1,1,1,0,0,0,0,-96,0,6,1,8638741,0,84,0,0,8.6387,384,[84 -64 4 0 0 0 0 0 0 0 0 0 -12 14 -15 14 -15 12 -17 11 -17 14 -17 10 -14 13 -13 13 -16 10 -16 12 -16 8 -19 7 -19 7 -17 8 -18 7 -17 11 -18 8 -15 8 -13 7 -16 7 -13 9 -15 8 -15 9 -15 7 -14 7 -15 8 0 2 -12 9 -12 12 -11 10 -12 9 -13 9 -10 11 -10 8 -14 10 -10 8 -10 11 -12 13 -13 9 -9 9 -11 10 -8 14 -12 11 -9 14 -12 14 -12 15 -11 15 -7 12 -10 12 -9 11 -11 15 -7 11 -7 14 0 1 0 0 0 0 0 0 0 0 ]
CSI_DATA,AP,68:FE:71:12:53:8C,-33,11,1,7,1,1,1,0,0,0,0,-95,0,6,1,8719915,0,84,0,0,8.7199,384,[84 -64 4 0 0 0 0 0 0 0 0 0 0 -21 1 -19 1 -21 3 -22 3 -17 7 -19 4 -18 8 -19 5 -18 8 -16 9 -16 6 -19 6 -17 6 -19 9 -15 9 -19 9 -17 8 -14 6 -15 9 -15 7 -13 7 -16 6 -15 5 -14 4 -17 4 -15 0 -1 6 -14 4 -14 4 -14 5 -17 7 -13 6 -13 5 -17 2 -14 4 -17 1 -15 4 -15 0 -15 1 -14 0 -16 2 -14 2 -15 0 -15 1 -16 3 -17 3 -17 0 -17 -1 -16 1 -17 0 -17 -2 -16 0 -15 2 -1 0 0 0 0 0 0 0 0 ]
CSI_DATA,AP,68:FE:71:12:53:8C,-34,11,1,5,1,1,1,0,0,0,0,-95,0,6,1,8824043,0,84,0,0,8.824,384,[84 -64 4 0 0 0 0 0 0 0 0 0 12 -16 13 -14 16 -17 14 -13 18 -14 14 -12 17 -11 14 -11 18 -9 15 -12 19 -13 17 -12 19 -11 18 -11 14 -11 19 -11 15 -10 14 -9 17 -9 16 -10 14 -9 17 -8 13 -5 13 -6 17 -8 17 -7 -1 2 14 -7 16 -11 12 -10 11 -8 12 -8 13 -9 15 -9 12 -9 10 -11 12 -14 9 -13 9 -13 9 -10 9 -14 10 -12 10 -11 11 -12 11 -15 10 -11 11 -14 11 -14 12 -12 12 -15 12 -13 11 -12 8 -12 0 -2 0 0 0 0 0 0 0 0 ]
CSI_DATA,AP,68:FE:71:12:53:8C,-37,11,1,7,1,1,1,0,0,0,1,-95,0,6,1,8920385,0,84,0,0,8.9204,384,[84 -64 4 0 0 0 0 0 0 0 0 0 -16 -14 -13 -16 -14 -18 -17 -17 -15 -17 -13 -18 -10 -14 -9 -15 -10 -19 -11 -16 -13 -16 -13 -20 -13 -19 -10 -19 -9 -17 -11 -20 -9 -19 -8 -14 -9 -14 -7 -14 -10 -16 -7 -16 -8 -16 -10 -16 -10 -14 -10 -13 0 0 -10 -14 -11 -14 -11 -16 -8 -12 -8 -15 -8 -16 -8 -14 -9 -13 -11 -10 -10 -11 -11 -14 -14 -12 -11 -11 -15 -14 -11 -10 -12 -10 -16 -15 -12 -9 -14 -12 -15 -11 -16 -9 -12 -11 -13 -10 -14 -11 -15 -11 -17 -9 -2 0 0 0 0 0 0 0 0 0 ]
CSI_DATA,AP,68:FE:71:12:53:8C,-36,11,1,6,1,1,1,0,0,0,1,-94,0,6,1,8985824,0,82,0,0,8.9858,384,[84 -64 4 0 0 0 0 0 0 0 0 0 -6 -20 -6 -20 -8 -21 -5 -19 -6 -23 -5 -22 -5 -19 -3 -21 -5 -22 0 -21 -4 -21 -2 -23 0 -23 0 -22 -2 -19 0 -19 -2 -20 2 -19 -2 -19 -2 -18 2 -20 1 -18 -1 -15 -1 -17 -1 -19 -1 -19 -1 1 -2 -15 1 -20 -2 -19 -1 -17 -1 -15 0 -16 -3 -19 -4 -15 -4 -18 -1 -16 -3 -19 -4 -17 -2 -15 -6 -15 -6 -19 -5 -16 -4 -17 -7 -14 -5 -17 -5 -16 -6 -15 -6 -17 -6 -17 -8 -14 -7 -16 -5 -17 -1 1 0 0 0 0 0 0 0 0 ]
CSI_DATA,AP,68:FE:71:12:53:8C,-33,11,1,7,1,1,1,0,0,0,0,-94,0,6,1,9091108,0,84,0,0,9.0911,384,[84 -64 4 0 0 0 0 0 0 0 0 0 19 11 14 13 17 14 15 16 17 13 15 17 12 17 10 16 15 17 10 15 15 19 12 15 11 16 14 18 10 14 13 18 9 18 11 12 12 17 12 17 12 13 11 15 10 16 10 17 9 17 10 13 0 1 8 11 9 15 13 16 10 13 9 11 9 12 13 10 14 11 10 11 13 10 14 10 14 9 13 13 12 9 13 9 17 13 14 11 17 11 16 12 15 10 15 10 13 10 16 7 16 9 15 8 13 7 -2 0 0 0 0 0 0 0 0 0 ]
CSI_DATA,AP,68:FE:71:12:53:8C,-34,11,1,6,1,1,1,0,0,0,0,-94,0,6,1,9168923,0,84,0,0,9.1689,384,[84 -64 4 0 0 0 0 0 0 0 0 0 13 -21 9 -21 13 -20 13 -22 12 -18 16 -16 16 -17 16 -14 17 -15 15 -13 14 -16 13 -15 16 -17 13 -13 16 -15 15 -14 13 -15 12 -11 16 -14 14 -15 17 -10 14 -15 10 -14 15 -12 15 -13 13 -12 0 2 15 -15 11 -16 13 -13 12 -15 14 -14 13 -15 12 -12 9 -12 9 -15 7 -12 10 -18 9 -16 8 -15 7 -18 7 -14 7 -17 11 -16 7 -17 8 -17 5 -14 8 -16 9 -16 6 -15 8 -17 8 -17 4 -15 -1 2 0 0 0 0 0 0 0 0 ]
CSI_DATA,AP,68:FE:71:12:53:8C,-32,11,1,7,1,1,1,0,0,0,0,-95,0,6,1,9284789,0,84,0,0,9.2848,384,[84 -64 4 0 0 0 0 0 0 0 0 0 18 -11 20 -6 22 -10 20 -8 20 -6 19 -6 22 -5 18 -4 19 -4 22 -3 19 -4 20 -3 19 -4 21 -1 17 -2 23 -5 18 -1 20 -3 19 -1 17 -3 17 -2 17 -3 17 -1 16 -2 18 -2 16 -2 1 1 16 -3 18 -2 15 -4 17 -2 17 -4 14 -2 16 -2 14 -4 16 -2 13 -4 14 -8 17 -6 13 -4 14 -7 16 -6 17 -9 15 -8 13 -7 17 -5 14 -10 16 -9 16 -8 14 -6 16 -8 15 -7 13 -8 -1 -1 0 0 0 0 0 0 0 0 ]
CSI_DATA,AP,68:FE:71:12:53:8C,-35,11,1,7,1,1,1,0,0,0,0,-93,0,6,1,9370007,0,84,0,0,9.37,384,[84 -64 4 0 0 0 0 0 0 0 0 0 22 1 23 -2 22 2 25 0 19 4 22 2 22 5 19 2 18 3 21 5 22 4 21 6 18 6 21 7 18 4 20 4 17 5 16 6 16 7 20 3 16 7 18 5 16 7 16 6 18 7 16 6 -2 0 18 3 17 3 16 4 14 0 17 3 18 1 15 1 18 1 14 2 15 -1 15 2 15 -1 17 -1 14 -2 14 -2 18 0 19 -1 16 -3 18 0 17 -2 16 -4 15 -1 16 -4 19 -5 17 -4 17 -1 1 0 0 0 0 0 0 0 0 0 ]
CSI_DATA,AP,68:FE:71:12:53:8C,-37,11,1,7,1,1,1,1,0,0,0,-94,1,6,1,9432979,0,82,0,0,9.433,384,[84 -64 4 0 0 0 0 0 0 0 0 0 -9 -23 -5 -22 -7 -22 -4 -24 -6 -23 -3 -23 -3 -21 -3 -23 -2 -19 -2 -23 1 -21 -3 -22 0 -24 2 -19 1 -18 0 -20 -2 -21 2 -17 2 -21 1 -22 -1 -20 -2 -20 0 -18 1 -21 -2 -19 -1 -18 -1 -2 0 -17 -4 -18 1 -16 -3 -18 -2 -16 -4 -19 0 -20 -3 -16 -4 -15 -2 -19 -7 -19 -6 -18 -5 -16 -6 -14 -4 -17 -4 -18 -7 -19 -4 -17 -5 -19 -6 -16 -6 -17 -7 -16 -5 -15 -8 -17 -7 -18 -6 -15 2 1 0 0 0 0 0 0 0 0 ]
CSI_DATA,AP,68:FE:71:12:53:8C,-33,11,1,7,1,1,1,0,0,0,0,-95,0,6,1,9545895,0,84,0,0,9.5459,384,[84 -64 4 0 0 0 0 0 0 0 0 0 -15 -15 -14 -14 -18 -16 -14 -20 -14 -18 -15 -19 -13 -20 -13 -19 -11 -16 -12 -16 -10 -18 -13 -17 -8 -22 -10 -17 -8 -18 -8 -21 -7 -15 -10 -17 -10 -16 -6 -20 -9 -20 -9 -20 -8 -16 -9 -16 -6 -16 -9 -15 -2 0 -7 -16 -12 -14 -12 -18 -8 -17 -7 -13 -10 -16 -9 -15 -11 -14 -11 -15 -9 -13 -12 -15 -11 -14 -12 -13 -11 -12 -11 -14 -11 -16 -13 -12 -13 -15 -13 -15 -15 -12 -11 -14 -14 -13 -15 -11 -17 -15 -15 -11 -12 -12 2 -2 0 0 0 0 0 0 0 0 ]
CSI_DATA,AP,68:FE:71:12:53:8C,-37,11,1,5,1,1,1,0,0,0,0,-95,0,6,1,9626960,0,84,0,0,9.627,384,[84 -64 4 0 0 0 0 0 0 0 0 0 3 -19 -1 -22 -1 -24 2 -23 5 -19 2 -21 5 -20 6 -17 7 -22 7 -21 5 -22 5 -22 5 -18 7 -21 6 -17 8 -19 6 -17 4 -19 4 -18 7 -18 5 -18 5 -19 4 -17 6 -15 4 -19 3 -15 0 -1 6 -15 3 -19 5 -18 3 -19 2 -18 2 -17 1 -18 4 -16 2 -16 2 -17 3 -15 2 -15 0 -17 -1 -17 0 -19 1 -19 -2 -17 -1 -17 -1 -15 -4 -14 1 -17 0 -18 0 -16 -4 -17 0 -15 -4 -16 2 1 0 0 0 0 0 0 0 0 ]
CSI_DATA,AP,68:FE:71:12:53:8C,-32,11,1,7,1,1,1,0,0,0,0,-94,0,6,1,9705275,0,84,0,0,9.7053,384,[84 -64 4 0 0 0 0 0 0 0 0 0 -19 -12 -16 -12 -20 -12 -21 -10 -17 -11 -19 -13 -16 -14 -13 -16 -17 -12 -13 -12 -17 -14 -14 -17 -13 -17 -14 -15 -11 -16 -15 -15 -14 -15 -11 -11 -13 -15 -10 -13 -12 -13 -13 -11 -11 -10 -10 -13 -11 -16 -15 -12 -2 -1 -14 -13 -16 -12 -12 -10 -16 -13 -15 -11 -14 -9 -14 -11 -16 -13 -13 -10 -15 -8 -15 -10 -12 -7 -16 -7 -13 -11 -14 -8 -15 -7 -14 -8 -16 -8 -14 -9 -16 -8 -14 -5 -14 -5 -16 -8 -15 -4 -14 -4 -17 -6 -2 -1 0 0 0 0 0 0 0 0 ]
CSI_DATA,AP,68:FE:71:12:53:8C,-36,11,1,6,1,1,1,0,0,0,0,-93,0,6,1,9794479,0,84,0,0,9.7945,384,[84 -64 4 0 0 0 0 0 0 0 0 0 -9 19 -9 16 -13 19 -12 18 -13 17 -13 18 -14 18 -16 17 -16 15 -12 14 -13 12 -14 14 -15 15 -16 14 -14 11 -16 12 -13 13 -10 13 -15 12 -12 14 -11 10 -13 11 -11 13 -12 14 -15 12 -12 10 -1 -2 -13 10 -11 15 -12 14 -10 12 -9 11 -8 12 -12 11 -11 12 -9 11 -8 13 -11 15 -7 12 -8 16 -10 14 -10 14 -9 15 -10 13 -8 17 -9 17 -7 15 -8 15 -7 12 -7 17 -7 16 -7 17 -6 13 -2 0 0 0 0 0 0 0 0 0 ]
CSI_DATA,AP,68:FE:71:12:53:8C,-38,11,1,5,1,1,1,1,0,0,0,-96,1,6,1,9901358,0,84,0,0,9.9014,384,[84 -64 4 0 0 0 0 0 0 0 0 0 -1 -23 -1 -22 -1 -23 -2 -24 1 -19 2 -23 4 -22 2 -22 2 -21 1 -19 0 -20 3 -20 4 -19 1 -21 3 -18 2 -21 3 -20 6 -16 4 -20 5 -20 2 -20 6 -20 4 -16 3 -20 5 -20 2 -18 0 1 5 -15 4 -19 2 -18 2 -16 1 -18 0 -19 0 -17 2 -16 0 -15 1 -16 -1 -16 1 -18 -2 -15 -4 -17 1 -14 -3 -18 -3 -15 -2 -15 0 -16 -1 -14 -3 -19 -4 -18 -4 -14 -6 -19 -4 -16 -3 -14 0 -2 0 0 0 0 0 0 0 0 ]
CSI_DATA,AP,68:FE:71:12:53:8C,-40,11,1,5,1,1,1,0,0,0,0,-94,0,6,1,10001717,0,84,0,0,10.002,384,[84 -64 4 0 0 0 0 0 0 0 0 0 -3 19 -3 20 -3 19 -5 24 -7 19 -6 22 -8 18 -7 19 -8 20 -6 16 -8 20 -8 18 -9 17 -6 20 -8 19 -7 18 -6 19 -6 15 -6 17 -9 18 -8 17 -9 18 -7 15 -8 18 -9 15 -7 15 -1 2 -4 14 -5 16 -6 15 -4 18 -3 14 -7 16 -5 14 -3 17 -1 15 -5 17 -2 18 -4 16 -1 16 -2 17 0 17 -1 15 -2 17 0 16 -2 17 2 18 0 15 0 15 0 17 1 16 1 14 1 17 1 -1 0 0 0 0 0 0 0 0 ]
CSI_DATA,AP,68:FE:71:12:53:8C,-33,11,1,7,1,1,1,1,0,0,0,-93,2,6,1,10094359,0,84,0,0,10.094,384,[84 -64 4 0 0 0 0 0 0 0 0 0 -8 -21 -9 -18 -7 -18 -7 -23 -6 -23 -4 -22 -3 -21 -3 -21 -5 -23 -5 -18 -2 -23 -5 -20 -2 -19 -3 -21 -3 -21 -4 -19 -3 -19 -2 -16 -4 -19 -1 -18 -1 -18 -1 -19 -2 -19 -1 -18 -4 -20 0 -19 -1 -2 -1 -16 -1 -17 -3 -17 -2 -17 -4 -19 -2 -15 -5 -18 -6 -17 -5 -18 -5 -13 -4 -17 -7 -18 -7 -15 -6 -14 -4 -14 -6 -17 -5 -16 -7 -15 -6 -14 -6 -12 -9 -15 -6 -16 -7 -14 -8 -17 -9 -13 -8 -12 2 1 0 0 0 0 0 0 0 0 ]
CSI_DATA,AP,68:FE:71:12:53:8C,-37,11,1,7,1,1,1,0,0,0,0,-94,0,6,1,10217057,0,84,0,0,10.217,384,[84 -64 4 0 0 0 0 0 0 0 0 0 -11 16 -11 17 -11 17 -13 15 -14 18 -17 14 -16 12 -14 15 -13 15 -17 12 -15 11 -16 15 -17 10 -15 13 -14 9 -15 9 -15 12 -16 8 -15 10 -17 11 -14 10 -13 9 -14 8 -16 12 -15 10 -13 11 -1 -1 -13 8 -16 12 -12 10 -14 11 -15 10 -11 9 -11 12 -11 12 -13 12 -13 11 -14 13 -12 13 -10 11 -13 12 -12 14 -12 15 -10 12 -11 11 -10 13 -7 15 -11 12 -8 14 -9 14 -7 17 -9 15 -8 12 2 -1 0 0 0 0 0 0 0 0 ]
CSI_DATA,AP,68:FE:71:12:53:8C,-36,11,1,6,1,1,1,0,0,0,0,-95,0,6,1,10315671,0,84,0,0,10.316,384,[84 -64 4 0 0 0 0 0 0 0 0 0 -21 5 -18 7 -22 9 -22 6 -22 7 -19 1 -23 2 -18 4 -22 0 -19 2 -21 3 -21 1 -23 -1 -20 -2 -22 2 -19 1 -19 0 -20 1 -18 1 -18 -2 -18 1 -20 1 -18 -1 -20 -2 -19 1 -20 1 -1 2 -19 1 -18 1 -18 2 -16 1 -19 -1 -16 0 -19 3 -15 0 -18 3 -17 2 -15 6 -14 2 -18 4 -16 4 -17 4 -16 3 -16 5 -16 7 -16 5 -15 6 -15 4 -16 6 -18 5 -15 9 -18 4 -13 8 -1 -2 0 0 0 0 0 0 0 0 ]
CSI_DATA,AP,68:FE:71:12:53:8C,-34,11,0,0,0,0,0,0,0,0,0,-94,0,6,1,10412343,0,37,0,0,10.412,128,[84 -64 4 0 0 0 0 0 0 0 0 0 12 -18 13 -18 12 -17 11 -16 12 -18 14 -17 16 -13 14 -15 15 -15 13 -16 15 -16 13 -16 12 -17 16 -16 15 -14 16 -13 16 -12 14 -11 12 -10 14 -13 14 -13 12 -12 10 -12 11 -10 11 -11 13 -12 0 -2 13 -10 12 -12 13 -14 12 -13 9 -11 13 -14 12 -12 11 -14 10 -15 8 -13 7 -16 10 -15 8 -15 10 -13 8 -16 9 -16 8 -14 8 -16 7 -16 6 -17 8 -16 7 -16 6 -16 7 -19 5 -16 5 -14 -1 -1 0 0 0 0 0 0 0 0 ]
CSI_DATA,AP,68:FE:71:12:53:8C,-35,11,1,5,1,1,1,0,0,0,0,-96,0,6,1,10514641,0,84,0,0,10.515,384,[84 -64 4 0 0 0 0 0 0 0 0 0 16 -14 17 -14 16 -12 15 -13 18 -12 18 -11 16 -12 15 -12 18 -8 19 -11 17 -10 18 -10 17 -9 19 -9 17 -8 20 -10 17 -7 18 -10 17 -8 18 -8 17 -6 15 -9 17 -5 14 -8 17 -8 16 -7 -1 -1 15 -6 16 -7 13 -7 14 -11 13 -10 12 -6 15 -7 11 -10 12 -9 10 -12 12 -10 13 -7 14 -12 14 -9 11 -10 11 -11 14 -10 10 -12 11 -9 12 -10 11 -11 10 -10 10 -11 11 -14 10 -12 11 -10 -1 -1 0 0 0 0 0 0 0 0 ]
CSI_DATA,AP,68:FE:71:12:53:8C,-35,11,1,5,1,1,1,0,0,0,0,-96,0,6,1,10593986,0,84,0,0,10.594,384,[84 -64 4 0 0 0 0 0 0 0 0 0 0 20 -2 21 0 19 -3 21 -1 18 -1 18 -2 18 -4 18 -5 17 -4 20 -7 19 -4 19 -4 22 -5 20 -3 20 -5 21 -4 20 -4 17 -4 18 -7 17 -7 15 -7 15 -4 14 -3 16 -2 18 -3 15 -1 2 -3 15 -2 15 -3 16 -3 17 -2 16 -3 14 -2 14 -3 13 1 17 2 13 0 15 -1 16 0 17 -1 16 1 15 -1 17 0 14 1 18 2 16 4 13 0 16 1 16 2 13 4 16 4 13 2 14 1 0 0 0 0 0 0 0 0 0 ]
CSI_DATA,AP,68:FE:71:12:53:8C,-37,11,1,6,1,1,1,1,0,0,0,-96,4,6,1,10693673,0,84,0,0,10.694,384,[84 -64 4 0 0 0 0 0 0 0 0 0 6 -21 9 -21 7 -23 7 -20 12 -21 10 -17 12 -17 10 -19 12 -19 10 -15 13 -20 12 -16 14 -17 11 -18 12 -15 12 -19 10 -15 12 -17 10 -16 13 -16 11 -16 11 -17 9 -13 11 -16 10 -17 13 -16 -2 2 10 -14 11 -16 9 -15 6 -16 11 -12 7 -14 7 -13 6 -15 6 -16 8 -14 9 -17 9 -14 8 -14 4 -16 5 -18 9 -15 5 -19 6 -17 8 -18 4 -15 7 -18 7 -18 6 -18 5 -17 4 -15 5 -16 0 2 0 0 0 0 0 0 0 0 ]
CSI_DATA,AP,68:FE:71:12:53:8C,-34,11,1,7,1,1,1,0,0,0,0,-94,0,6,1,10790161,0,84,0,0,10.79,384,[84 -64 4 0 0 0 0 0 0 0 0 0 -13 -15 -13 -18 -15 -17 -16 -17 -10 -19 -11 -18 -10 -17 -12 -20 -9 -20 -12 -17 -9 -21 -8 -17 -10 -20 -10 -18 -7 -17 -10 -20 -6 -20 -5 -17 -10 -16 -10 -15 -7 -16 -7 -19 -9 -18 -8 -16 -9 -15 -6 -15 -2 -2 -6 -15 -10 -14 -7 -15 -7 -13 -11 -13 -12 -14 -7 -15 -10 -15 -8 -15 -11 -11 -11 -13 -9 -11 -11 -15 -12 -13 -11 -15 -13 -11 -14 -15 -11 -12 -10 -10 -12 -11 -10 -11 -15 -14 -15 -12 -16 -10 -11 -12 -12 -9 2 1 0 0 0 0 0 0 0 0 ]
CSI_DATA,AP,68:FE:71:12:53:8C,-33,11,1,7,1,1,1,0,0,0,0,-95,0,6,1,10868862,0,84,0,0,10.869,384,[84 -64 4 0 0 0 0 0 0 0 0 0 -20 6 -17 4 -18 4 -19 3 -21 4 -18 2 -18 1 -18 -2 -21 -2 -17 -1 -22 -3 -22 1 -21 -1 -21 -1 -19 -1 -17 0 -16 -1 -17 -1 -16 -2 -17 -1 -17 0 -17 1 -16 -2 -17 -2 -20 1 -16 0 -2 1 -17 1 -19 -1 -17 -1 -18 1 -16 1 -15 3 -16 3 -17 1 -16 2 -17 5 -18 5 -15 5 -16 3 -17 5 -15 1 -17 6 -18 2 -14 5 -13 4 -16 6 -13 3 -15 7 -15 3 -17 7 -13 5 -13 8 -1 0 0 0 0 0 0 0 0 0 ]
CSI_DATA,AP,68:FE:71:12:53:8C,-32,11,1,6,1,1,1,0,0,0,0,-94,0,6,1,10943194,0,84,0,0,10.943,384,[84 -64 4 0 0 0 0 0 0 0 0 0 -4 -21 -4 -20 -6 -20 -5 -23 -2 -23 -4 -20 0 -23 -3 -20 -3 -21 1 -21 0 -25 1 -25 3 -23 -1 -21 2 -21 -2 -24 0 -19 -1 -18 0 -20 3 -18 0 -17 0 -21 3 -19 1 -20 1 -18 -1 -21 1 2 0 -19 -1 -21 -1 -20 -4 -20 -3 -16 -1 -19 -4 -17 -6 -19 -2 -19 -2 -19 -6 -19 -2 -19 -6 -18 -7 -18 -8 -16 -7 -16 -4 -18 -7 -18 -5 -16 -10 -18 -6 -16 -7 -18 -8 -17 -11 -19 -6 -17 -10 -14 2 1 0 0 0 0 0 0 0 0 ]
CSI_DATA,AP,68:FE:71:12:53:8C,-36,11,1,6,1,1,1,1,0,0,0,-93,1,6,1,11027168,0,84,0,0,11.027,384,[84 -64 4 0 0 0 0 0 0 0 0 0 9 -16 7 -18 12 -17 12 -19 10 -14 11 -16 14 -16 11 -15 11 -15 12 -12 15 -12 14 -15 15 -14 11 -14 11 -13 15 -14 14 -10 10 -13 12 -9 13 -11 13 -12 13 -9 12 -9 10 -12 12 -14 12 -12 -1 1 11 -10 12 -10 8 -12 10 -12 12 -10 12 -13 9 -10 11 -10 7 -13 9 -11 7 -15 6 -11 9 -15 6 -11 9 -11 9 -12 10 -13 7 -14 9 -12 8 -15 5 -14 7 -13 6 -14 4 -16 6 -15 4 -13 0 -2 0 0 0 0 0 0 0 0 ]
CSI_DATA,AP,68:FE:71:12:53:8C,-30,11,1,7,1,1,1,1,0,0,0,-95,5,6,1,11127151,0,84,0,0,11.127,384,[84 -64 4 0 0 0 0 0 0 0 0 0 -15 13 -15 12 -18 11 -16 11 -18 10 -14 11 -17 8 -14 6 -16 8 -17 6 -19 10 -16 8 -15 10 -15 9 -17 4 -18 8 -14 8 -13 4 -15 4 -17 8 -18 5 -14 8 -14 3 -14 6 -16 5 -17 4 2 1 -12 6 -15 7 -15 9 -12 8 -15 5 -16 8 -15 6 -11 9 -11 9 -10 11 -13 9 -11 8 -9 12 -12 11 -14 9 -13 12 -12 12 -13 8 -13 8 -12 10 -10 11 -9 10 -9 11 -11 12 -8 12 -7 14 1 -1 0 0 0 0 0 0 0 0 ]
CSI_DATA,AP,68:FE:71:12:53:8C,-35,11,1,6,1,1,1,0,0,0,0,-95,0,6,1,11243220,0,84,0,0,11.243,384,[84 -64 4 0 0 0 0 0 0 0 0 0 0 19 -2 16 0 16 -1 17 -4 18 -1 19 -1 16 -2 17 -6 15 -6 14 -6 15 -6 18 -6 18 -7 14 -6 14 -7 17 -3 15 -3 13 -4 12 -3 14 -5 11 -5 15 -2 10 -2 15 -2 13 -6 14 2 1 -5 15 -5 15 -1 15 -1 14 -3 15 -2 16 -3 13 -2 14 -3 13 1 15 2 13 1 13 1 14 3 15 -1 13 2 17 -1 17 2 17 3 16 0 14 0 17 2 13 0 14 1 15 2 17 0 12 1 -2 0 0 0 0 0 0 0 0 ]
CSI_DATA,AP,68:FE:71:12:53:8C,-34,11,1,6,1,1,1,0,0,0,1,-96,0,6,1,11330395,0,84,0,0,11.33,384,[84 -64 4 0 0 0 0 0 0 0 0 0 20 -6 19 -4 22 -7 26 -2 24 -1 21 -3 23 -1 21 -4 17 0 21 -1 19 0 18 0 19 1 18 -2 18 -3 20 2 20 2 15 -2 19 -3 15 1 15 -3 15 -2 15 -2 16 0 16 -2 18 1 -2 0 14 -2 17 -2 18 -3 16 -3 15 -4 13 -3 14 -2 12 -3 12 -5 14 -5 15 -4 11 -4 14 -4 15 -4 12 -6 15 -4 16 -8 15 -8 13 -8 11 -10 14 -5 12 -6 11 -6 16 -9 15 -5 11 -6 2 0 0 0 0 0 0 0 0 0 ]
CSI_DATA,AP,68:FE:71:12:53:8C,-35,11,1,7,1,1,1,1,0,0,0,-94,3,6,1,11432441,0,84,0,0,11.432,384,[84 -64 4 0 0 0 0 0 0 0 0 0 -12 11 -15 10 -16 11 -17 12 -17 10 -15 7 -15 7 -15 8 -15 6 -15 4 -18 9 -19 6 -15 6 -15 8 -16 4 -19 3 -15 3 -16 4 -16 3 -14 5 -15 6 -15 3 -14 6 -14 3 -18 3 -13 3 -1 1 -16 2 -14 4 -12 7 -13 7 -13 3 -15 7 -15 8 -12 5 -12 8 -13 9 -14 10 -11 7 -12 9 -13 5 -15 5 -13 6 -13 10 -9 10 -10 7 -11 9 -14 6 -10 6 -9 11 -12 10 -13 10 -9 11 1 0 0 0 0 0 0 0 0 0 ]
CSI_DATA,AP,68:FE:71:12:53:8C,-33,11,1,7,1,1,1,0,0,0,0,-95,0,6,1,11530778,0,84,0,0,11.531,384,[84 -64 4 0 0 0 0 0 0 0 0 0 -15 -12 -12 -12 -14 -16 -13 -15 -14 -13 -13 -14 -9 -14 -9 -14 -9 -14 -11 -13 -11 -16 -9 -15 -9 -14 -10 -18 -7 -15 -8 -14 -6 -13 -6 -14 -7 -15 -8 -13 -6 -15 -7 -16 -5 -15 -8 -13 -6 -14 -9 -13 2 1 -6 -12 -10 -13 -8 -14 -11 -12 -7 -11 -8 -14 -9 -13 -10 -10 -9 -11 -10 -10 -13 -12 -9 -10 -10 -8 -13 -8 -11 -8 -11 -10 -13 -10 -13 -11 -13 -8 -13 -10 -13 -7 -14 -11 -11 -11 -11 -11 -14 -8 -14 -6 1 -2 0 0 0 0 0 0 0 0 ]
CSI_DATA,AP,68:FE:71:12:53:8C,-35,11,1,6,1,1,1,0,0,0,0,-94,0,6,1,11661011,0,84,0,0,11.661,384,[84 -64 4 0 0 0 0 0 0 0 0 0 7 -7 5 -6 9 -6 5 -3 9 -2 9 -1 8 -4 7 -1 8 -3 9 -3 5 -4 7 -1 6 -4 5 -1 8 -1 7 -2 8 0 6 -1 6 -2 9 -3 9 -1 9 -4 8 -4 7 -1 8 0 9 -3 -2 0 6 -3 9 -2 7 -1 9 -2 5 -2 5 -3 8 -1 8 0 4 -2 5 -2 7 -2 8 -2 5 -5 5 -4 7 -1 6 -3 8 -3 8 -3 4 -2 6 -3 7 -6 8 -4 7 -4 5 -7 8 -4 6 -5 2 1 0 0 0 0 0 0 0 0 ]
CSI_DATA,AP,68:FE:71:12:53:8C,-34,11,1,6,1,1,1,0,0,0,0,-96,0,6,1,11774820,0,84,0,0,11.775,384,[84 -64 4 0 0 0 0 0 0 0 0 0 18 -16 14 -18 16 -20 20 -18 16 -15 19 -15 22 -15 21 -13 19 -13 21 -12 20 -16 22 -13 23 -14 20 -11 20 -11 20 -12 22 -10 20 -12 18 -12 18 -12 20 -8 18 -12 16 -7 21 -10 21 -10 22 -9 -1 -2 20 -10 19 -12 21 -11 18 -12 16 -12 20 -14 20 -10 16 -10 19 -13 18 -12 16 -12 16 -12 17 -13 17 -12 16 -12 17 -14 15 -17 18 -15 15 -15 13 -15 16 -14 15 -15 14 -16 16 -19 16 -15 15 -15 -1 1 0 0 0 0 0 0 0 0 ]
CSI_DATA,AP,68:FE:71:12:53:8C,-33,11,1,7,1,1,1,0,0,0,0,-95,0,6,1,11861957,0,84,0,0,11.862,384,[84 -64 4 0 0 0 0 0 0 0 0 0 -7 -20 -7 -18 -9 -20 -4 -19 -6 -19 -3 -17 -5 -21 -2 -16 -3 -17 -3 -20 -1 -21 -4 -19 -2 -22 -3 -18 0 -19 -1 -21 -2 -16 -2 -19 1 -15 1 -17 2 -18 1 -16 -2 -16 -1 -19 1 -17 -3 -17 1 -1 -3 -16 -4 -18 0 -15 -4 -16 -1 -16 -5 -17 -1 -17 -5 -13 -2 -16 -5 -15 -3 -13 -2 -16 -3 -16 -3 -16 -6 -14 -8 -13 -7 -14 -9 -14 -7 -12 -9 -12 -4 -14 -7 -14 -8 -13 -9 -16 -7 -11 -8 -15 -1 2 0 0 0 0 0 0 0 0 ]
CSI_DATA,AP,68:FE:71:12:53:8C,-37,11,1,6,1,1,1,0,0,0,0,-93,0,6,1,11934080,0,84,0,0,11.934,384,[84 -64 4 0 0 0 0 0 0 0 0 0 -17 -9 -15 -11 -18 -12 -17 -10 -14 -12 -16 -12 -14 -12 -14 -10 -13 -10 -13 -10 -10 -10 -10 -12 -10 -11 -10 -13 -8 -10 -9 -10 -8 -12 -10 -11 -11 -10 -9 -10 -9 -6 -10 -7 -9 -8 -10 -6 -10 -7 -8 -6 -2 0 -10 -5 -10 -5 -12 -7 -11 -3 -11 -7 -13 -7 -9 -3 -8 -6 -13 -6 -13 -2 -11 -2 -9 -2 -10 -4 -9 -5 -12 -5 -12 -3 -11 -3 -13 -1 -13 -2 -13 -2 -14 0 -10 0 -12 -1 -13 -3 -11 0 -13 -3 0 2 0 0 0 0 0 0 0 0 ]
CSI_DATA,AP,68:FE:71:12:53:8C,-35,11,1,7,1,1,1,0,0,0,0,-95,0,6,1,12036678,0,84,0,0,12.037,384,[84 -64 4 0 0 0 0 0 0 0 0 0 -21 -6 -19 -8 -22 -9 -21 -8 -18 -7 -18 -10 -15 -6 -17 -6 -15 -6 -17 -11 -14 -7 -14 -9 -12 -8 -15 -10 -14 -9 -13 -7 -14 -8 -12 -7 -11 -7 -13 -5 -12 -7 -10 -6 -10 -6 -13 -5 -13 -6 -12 -5 -2 2 -10 -5 -12 -2 -9 -5 -12 -5 -10 -2 -11 -3 -10 -5 -10 -4 -9 0 -12 0 -10 -1 -12 -1 -13 -1 -12 2 -14 -1 -11 0 -15 1 -13 2 -14 1 -11 2 -10 0 -13 4 -14 0 -12 3 -13 2 -10 4 1 -2 0 0 0 0 0 0 0 0 ]
CSI_DATA,AP,68:FE:71:12:53:8C,-34,11,1,6,1,1,1,0,0,0,1,-93,0,6,1,12100557,0,84,0,0,12.101,384,[84 -64 4 0 0 0 0 0 0 0 0 0 -28 1 -29 -2 -27 -2 -29 -2 -25 -6 -24 -4 -23 -7 -24 -7 -23 -6 -22 -6 -23 -9 -23 -6 -21 -9 -19 -6 -22 -10 -23 -8 -20 -5 -19 -5 -16 -5 -17 -8 -15 -8 -15 -4 -15 -6 -14 -3 -18 -2 -15 -4 -1 0 -13 -2 -14 -1 -16 -3 -16 -2 -14 1 -12 2 -14 2 -14 -1 -14 0 -13 1 -10 4 -13 4 -13 5 -10 3 -14 3 -11 7 -13 6 -12 9 -11 9 -12 6 -9 5 -12 10 -9 8 -10 9 -11 8 -11 11 0 -1 0 0 0 0 0 0 0 0 ]
CSI_DATA,AP,68:FE:71:12:53:8C,-38,11,1,7,1,1,1,0,0,0,0,-94,0,6,1,12180230,0,84,0,0,12.18,384,[84 -64 4 0 0 0 0 0 0 0 0 0 16 -20 15 -17 16 -18 18 -17 17 -17 15 -12 20 -14 17 -11 16 -11 15 -8 20 -13 17 -8 15 -11 15 -8 15 -7 16 -10 13 -9 15 -6 14 -9 13 -6 9 -6 12 -9 9 -8 11 -6 13 -9 11 -8 -2 2 10 -7 12 -8 3 -8 7 -6 11 -8 6 -6 6 -8 7 -10 7 -9 4 -10 3 -9 3 -10 5 -10 3 -8 2 -10 2 -9 4 -8 2 -9 2 -8 0 -10 1 -11 3 -10 -1 -9 1 -8 1 -11 -3 -11 1 0 0 0 0 0 0 0 0 0 ]
CSI_DATA,AP,68:FE:71:12:53:8C,-32,11,1,6,1,1,1,0,0,0,0,-94,0,6,1,12272703,0,84,0,0,12.273,384,[84 -64 4 0 0 0 0 0 0 0 0 0 -7 -14 -6 -13 -5 -12 -4 -13 -2 -13 -3 -13 -3 -11 0 -14 -4 -11 -2 -11 -1 -11 0 -14 -2 -10 1 -10 -1 -8 0 -13 -2 -12 -3 -11 -2 -11 0 -10 -1 -8 1 -12 -3 -11 0 -9 -1 -12 -2 -10 0 -2 -1 -10 -4 -11 -4 -10 -1 -8 -4 -10 -1 -8 -4 -7 -3 -7 -4 -11 -2 -9 -5 -7 -4 -9 -3 -11 -5 -9 -5 -10 -5 -7 -4 -9 -3 -9 -5 -7 -3 -8 -4 -7 -4 -7 -5 -9 -6 -7 -2 -9 -4 -7 0 -1 0 0 0 0 0 0 0 0 ]
CSI_DATA,AP,68:FE:71:12:53:8C,-35,11,1,7,1,1,1,0,0,0,0,-93,0,6,1,12357512,0,84,0,0,12.358,384,[84 -64 4 0 0 0 0 0 0 0 0 0 17 0 15 2 18 3 20 1 16 5 15 2 17 3 15 5 13 3 14 6 16 4 13 5 16 4 15 2 14 3 13 3 11 4 12 4 14 5 11 2 13 6 16 3 13 3 14 5 16 5 13 1 -1 1 14 2 14 4 13 2 13 1 14 2 16 0 15 3 15 4 15 0 13 1 13 2 13 0 14 2 14 2 13 0 17 1 17 2 13 2 13 0 16 -2 17 0 17 3 17 0 16 0 17 2 15 -2 2 1 0 0 0 0 0 0 0 0 ]
CSI_DATA,AP,68:FE:71:12:53:8C,-34,11,1,6,1,1,1,1,0,0,0,-95,2,6,1,12449127,0,82,0,0,12.449,384,[84 -64 4 0 0 0 0 0 0 0 0 0 3 -2 6 -3 4 -6 4 -3 5 -4 7 -2 5 -2 7 -3 7 -1 5 0 8 -1 5 -2 7 -2 6 -3 6 -4 6 -2 7 -2 4 0 7 -4 8 0 8 -4 5 -1 3 -3 4 -1 7 0 5 0 1 0 8 -2 5 -3 8 -4 6 -5 3 -1 4 -3 5 -1 7 -3 6 -1 4 -4 6 -4 4 -4 5 -4 7 -1 5 -1 6 -4 8 -1 8 -3 5 -3 7 -3 8 -2 6 -3 7 -5 5 -2 5 -2 5 -3 0 1 0 0 0 0 0 0 0 0 ]
CSI_DATA,AP,68:FE:71:12:53:8C,-35,11,1,6,1,1,1,1,0,0,0,-94,3,6,1,12536122,0,84,0,0,12.536,384,[84 -64 4 0 0 0 0 0 0 0 0 0 -5 -17 -2 -17 -2 -18 -4 -20 -4 -17 -3 -19 -1 -20 1 -19 -2 -21 -1 -18 1 -19 1 -17 2 -19 1 -18 4 -19 0 -19 2 -16 3 -15 5 -18 3 -16 1 -18 3 -16 5 -16 2 -16 2 -16 2 -18 0 -1 0 -15 2 -18 1 -15 -1 -13 0 -13 3 -14 -1 -17 -1 -13 0 -13 -2 -15 -1 -13 0 -13 -1 -16 -4 -15 0 -15 -4 -14 -3 -15 -2 -15 -3 -13 -6 -14 -1 -15 -6 -15 -4 -14 -6 -13 -5 -13 -4 -13 -1 0 0 0 0 0 0 0 0 0 ]
CSI_DATA,AP,68:FE:71:12:53:8C,-31,11,1,7,1,1,1,0,0,0,0,-95,0,6,1,12614624,0,84,0,0,12.615,384,[84 -64 4 0 0 0 0 0 0 0 0 0 12 -18 12 -20 12 -17 12 -20 15 -21 16 -20 16 -18 17 -19 15 -19 17 -20 19 -19 19 -17 18 -17 18 -15 21 -16 19 -17 21 -15 17 -17 21 -16 19 -16 21 -16 21 -13 19 -16 19 -15 19 -17 18 -13 -1 1 17 -17 17 -15 20 -15 19 -17 14 -14 16 -15 15 -14 16 -18 16 -15 13 -19 18 -16 14 -19 13 -16 13 -16 16 -16 15 -17 15 -18 13 -20 15 -17 13 -17 15 -19 13 -19 12 -17 14 -22 9 -22 14 -22 0 2 0 0 0 0 0 0 0 0 ]
CSI_DATA,AP,68:FE:71:12:53:8C,-36,11,1,7,1,1,1,0,0,0,0,-93,0,6,1,12723380,0,84,0,0,12.723,384,[84 -64 4 0 0 0 0 0 0 0 0 0 -2 -21 2 -21 4 -25 4 -21 3 -25 5 -20 5 -25 8 -23 4 -22 6 -24 7 -24 10 -23 10 -26 11 -25 12 -23 9 -25 9 -24 12 -20 9 -20 13 -25 10 -22 13 -22 12 -23 11 -23 12 -22 10 -21 0 -1 10 -22 12 -22 7 -23 8 -20 10 -22 8 -20 11 -20 10 -21 8 -20 8 -20 3 -23 8 -20 7 -24 3 -23 5 -23 3 -24 7 -23 1 -24 3 -23 3 -20 5 -23 5 -23 0 -23 -1 -24 3 -22 1 -21 1 1 0 0 0 0 0 0 0 0 ]
CSI_DATA,AP,68:FE:71:12:53:8C,-36,11,1,6,1,1,1,0,0,0,0,-95,0,6,1,12804408,0,84,0,0,12.804,384,[84 -64 4 0 0 0 0 0 0 0 0 0 15 1 20 2 18 0 19 2 18 5 19 3 18 5 19 5 17 6 18 9 22 4 18 5 19 9 19 10 20 12 21 7 20 9 19 9 19 9 17 8 17 9 16 8 15 12 15 9 21 12 17 10 0 -1 17 9 18 8 21 10 18 7 18 10 18 10 15 10 19 8 18 8 16 4 21 3 19 8 16 2 20 4 17 7 18 5 18 5 17 5 18 3 19 4 18 2 17 4 20 0 19 2 19 3 19 5 1 0 0 0 0 0 0 0 0 0 ]
CSI_DATA,AP,68:FE:71:12:53:8C,-39,11,1,6,1,1,1,0,0,0,0,-95,0,6,1,12881691,0,84,0,0,12.882,384,[84 -64 4 0 0 0 0 0 0 0 0 0 -16 11 -15 15 -18 15 -20 12 -18 13 -17 8 -18 8 -20 11 -21 8 -21 7 -18 9 -21 8 -22 9 -18 9 -20 5 -22 9 -19 7 -15 7 -15 4 -18 5 -18 4 -16 9 -14 6 -15 6 -18 7 -15 7 2 -1 -13 5 -18 9 -15 6 -16 6 -16 8 -16 8 -13 10 -13 6 -15 9 -13 8 -15 11 -15 11 -13 10 -11 10 -11 11 -12 10 -12 13 -9 9 -13 13 -12 10 -12 9 -12 11 -13 14 -9 10 -13 13 -9 9 -2 1 0 0 0 0 0 0 0 0 ]
CSI_DATA,AP,68:FE:71:12:53:8C,-35,11,1,6,1,1,1,0,0,0,0,-94,0,6,1,12958563,0,84,0,0,12.959,384,[82 -96 4 0 0 0 0 0 0 0 0 0 17 5 19 7 16 7 14 12 17 11 14 9 14 10 16 10 16 11 15 10 17 11 14 14 14 10 13 10 13 12 13 12 12 13 12 10 13 10 15 11 13 13 12 12 13 12 12 12 10 13 12 12 0 -2 11 9 13 11 14 10 14 10 10 11 14 7 11 10 14 6 15 10 14 5 11 8 15 5 12 9 11 8 13 6 13 9 14 8 16 7 12 6 16 4 15 4 14 6 17 6 14 4 15 5 13 2 2 1 0 0 0 0 0 0 0 0 ]
CSI_DATA,AP,68:FE:71:12:53:8C,-36,11,1,5,1,1,1,0,0,0,0,-94,0,6,1,13036262,0,84,0,0,13.036,384,[84 -64 4 0 0 0 0 0 0 0 0 0 -13 11 -16 10 -16 11 -15 9 -15 10 -15 7 -19 9 -16 7 -18 7 -17 9 -18 6 -19 8 -16 6 -16 6 -19 5 -17 9 -17 7 -14 4 -19 6 -16 5 -15 7 -14 8 -15 5 -17 8 -18 5 -16 5 0 2 -17 6 -13 7 -14 9 -12 6 -12 9 -14 8 -14 8 -14 7 -13 6 -11 6 -11 7 -12 10 -14 9 -11 7 -14 10 -13 11 -13 10 -12 9 -14 12 -11 12 -10 11 -11 11 -10 10 -10 10 -9 13 -13 13 1 0 0 0 0 0 0 0 0 0 ]
CSI_DATA,AP,68:FE:71:12:53:8C,-37,11,1,6,1,1,1,0,0,0,0,-95,0,6,1,13133372,0,84,0,0,13.133,384,[84 -64 4 0 0 0 0 0 0 0 0 0 -12 -18 -9 -19 -10 -18 -7 -22 -9 -20 -5 -19 -6 -21 -4 -22 -7 -19 -6 -18 -3 -18 -5 -20 -6 -21 -6 -18 -3 -18 -3 -21 -5 -20 -6 -16 -4 -21 -2 -16 -5 -18 -3 -18 -1 -15 -1 -15 -3 -17 -3 -17 2 1 -1 -17 -2 -14 -3 -16 -6 -15 -7 -18 -4 -14 -6 -14 -7 -15 -7 -16 -6 -13 -6 -15 -4 -17 -8 -17 -7 -13 -9 -14 -7 -17 -7 -13 -10 -14 -7 -13 -9 -15 -10 -17 -10 -12 -10 -13 -11 -13 -10 -15 -9 -14 0 -2 0 0 0 0 0 0 0 0 ]
CSI_DATA,AP,68:FE:71:12:53:8C,-33,11,1,6,1,1,1,0,0,0,0,-94,0,6,1,13214319,0,84,0,0,13.214,384,[84 -64 4 0 0 0 0 0 0 0 0 0 -17 13 -15 11 -21 10 -20 7 -17 9 -19 6 -17 5 -19 4 -18 6 -17 8 -19 8 -19 3 -16 3 -18 6 -18 4 -19 5 -17 6 -18 5 -17 2 -18 3 -19 1 -16 5 -17 4 -18 6 -16 5 -15 6 0 -2 -16 3 -16 3 -14 5 -16 3 -17 5 -15 2 -15 3 -12 3 -16 4 -14 3 -15 5 -15 6 -15 7 -13 4 -12 8 -15 7 -14 7 -15 9 -14 8 -12 7 -15 6 -16 6 -14 9 -11 8 -12 8 -13 7 0 1 0 0 0 0 0 0 0 0 ]
CSI_DATA,AP,68:FE:71:12:53:8C,-34,11,1,7,1,1,1,0,0,0,0,-95,0,6,1,13329550,0,84,0,0,13.33,384,[84 -64 4 0 0 0 0 0 0 0 0 0 -21 0 -22 0 -21 0 -22 -1 -18 -2 -17 -1 -17 -3 -17 -7 -19 -3 -21 -4 -18 -6 -17 -6 -17 -6 -19 -5 -19 -7 -19 -5 -16 -6 -17 -6 -18 -6 -14 -6 -15 -5 -14 -4 -14 -6 -17 -7 -15 -5 -18 -5 1 1 -13 -7 -13 -2 -17 -4 -15 -5 -13 -5 -17 -2 -13 -6 -16 -2 -15 -5 -17 -3 -16 -4 -16 -4 -14 -2 -15 -3 -16 1 -17 1 -13 -1 -17 0 -13 1 -16 1 -13 2 -17 2 -14 0 -14 1 -16 2 -17 1 0 2 0 0 0 0 0 0 0 0 ]
CSI_DATA,AP,68:FE:71:12:53:8C,-39,11,1,4,1,1,1,0,0,0,0,-94,0,6,1,13416813,0,84,0,0,13.417,384,[84 -64 4 0 0 0 0 0 0 0 0 0 -29 9 -31 7 -32 9 -34 5 -32 7 -30 4 -29 2 -31 2 -28 4 -32 1 -32 0 -29 1 -29 3 -31 0 -26 0 -29 1 -30 0 -25 0 -25 2 -25 -3 -27 0 -27 -2 -26 2 -26 1 -27 4 -28 2 -2 -2 -25 2 -28 1 -25 1 -27 4 -23 4 -26 4 -23 3 -23 3 -26 5 -22 2 -24 6 -24 5 -23 7 -23 5 -24 9 -22 7 -24 10 -21 6 -22 9 -24 9 -25 7 -24 8 -22 8 -25 9 -24 11 -24 11 1 2 0 0 0 0 0 0 0 0 ]
CSI_DATA,AP,68:FE:71:12:53:8C,-31,11,1,6,1,1,1,0,0,0,0,-96,0,6,1,13517006,0,84,0,0,13.517,384,[84 -64 4 0 0 0 0 0 0 0 0 0 -19 7 -17 7 -18 9 -22 8 -22 5 -21 6 -19 7 -17 3 -18 2 -21 5 -20 4 -18 4 -22 3 -22 4 -18 3 -18 1 -21 1 -19 0 -18 3 -16 5 -20 4 -16 0 -19 4 -15 2 -18 4 -18 2 2 2 -15 1 -18 6 -17 2 -17 6 -17 2 -17 5 -14 3 -13 3 -16 6 -16 5 -17 6 -15 4 -14 8 -16 6 -13 7 -16 6 -17 6 -16 6 -16 8 -14 7 -14 7 -14 7 -15 8 -15 7 -14 8 -12 10 0 -1 0 0 0 0 0 0 0 0 ]
CSI_DATA,AP,68:FE:71:12:53:8C,-37,11,1,6,1,1,1,0,0,0,0,-94,0,6,1,13616849,0,84,0,0,13.617,384,[84 -64 4 0 0 0 0 0 0 0 0 0 -22 -4 -18 -7 -22 -5 -22 -7 -21 -5 -17 -5 -18 -10 -16 -10 -16 -7 -19 -9 -18 -8 -16 -7 -15 -12 -16 -11 -17 -10 -17 -9 -15 -7 -17 -8 -14 -9 -16 -8 -16 -9 -16 -11 -14 -8 -13 -9 -15 -11 -13 -8 0 0 -14 -11 -17 -6 -15 -6 -14 -8 -12 -8 -15 -8 -16 -5 -13 -5 -13 -4 -14 -3 -17 -4 -14 -6 -13 -6 -17 -5 -17 -5 -16 -5 -17 -5 -15 -1 -14 -3 -17 -4 -18 -2 -14 -4 -15 -1 -15 -2 -16 -2 -15 -3 2 -1 0 0 0 0 0 0 0 0 ]
CSI_DATA,AP,68:FE:71:12:53:8C,-33,11,1,6,1,1,1,1,0,0,0,-95,1,6,1,13698263,0,84,0,0,13.698,384,[84 -64 4 0 0 0 0 0 0 0 0 0 15 -14 17 -14 17 -11 16 -11 16 -10 17 -8 17 -9 18 -11 16 -7 18 -8 18 -6 16 -7 20 -8 17 -5 16 -6 19 -6 15 -6 17 -6 15 -7 18 -4 15 -7 16 -8 16 -7 15 -4 16 -4 17 -8 0 2 15 -8 17 -5 16 -8 14 -8 16 -5 12 -7 15 -6 15 -7 16 -6 15 -9 11 -9 13 -8 15 -8 12 -7 11 -8 12 -10 11 -8 15 -9 12 -9 11 -9 12 -11 10 -9 10 -8 12 -11 11 -10 13 -8 0 -2 0 0 0 0 0 0 0 0 ]
CSI_DATA,AP,68:FE:71:12:53:8C,-39,11,1,4,1,1,1,0,0,0,1,-95,0,6,1,13777714,0,84,0,0,13.778,384,[84 -64 4 0 0 0 0 0 0 0 0 0 17 -1 16 -2 14 0 15 -3 16 -1 14 2 14 0 16 3 17 1 16 4 14 1 17 1 15 0 14 3 14 1 17 2 12 5 13 2 16 2 13 2 12 6 15 6 14 3 13 5 12 5 13 4 -1 1 12 2 14 1 13 1 11 1 10 1 14 4 12 5 13 4 12 4 12 0 11 0 13 -1 13 1 11 1 11 0 14 2 13 -2 11 0 12 -1 13 -1 11 -3 11 -3 15 -1 11 -4 14 -1 13 -1 -2 0 0 0 0 0 0 0 0 0 ]
CSI_DATA,AP,68:FE:71:12:53:8C,-35,11,1,7,1,1,1,0,0,0,0,-94,0,6,1,13870472,0,84,0,0,13.87,384,[84 -64 4 0 0 0 0 0 0 0 0 0 6 17 5 18 1 18 1 19 4 21 3 16 0 18 -2 16 0 19 -3 19 -3 20 -2 17 -2 17 1 20 -1 18 -4 17 -4 16 -3 17 0 14 -2 16 -1 18 -3 14 -2 14 -1 14 -3 15 -3 17 -2 -2 0 14 0 15 -3 13 -3 15 0 15 -1 14 -1 14 -1 13 1 13 2 15 -1 12 -1 15 2 16 0 16 0 14 5 14 2 14 1 16 1 13 4 12 5 14 5 14 3 13 4 14 2 16 5 12 -1 1 0 0 0 0 0 0 0 0 ]
CSI_DATA,AP,68:FE:71:12:53:8C,-36,11,1,7,1,1,1,1,0,0,0,-94,4,6,1,13953511,0,84,0,0,13.954,384,[84 -64 4 0 0 0 0 0 0 0 0 0 -3 -20 -2 -16 -4 -19 -5 -21 -2 -21 -4 -19 -3 -19 1 -16 -1 -17 1 -16 -2 -16 -2 -17 1 -20 2 -18 0 -17 3 -16 2 -19 2 -18 -1 -15 0 -16 0 -14 -1 -16 1 -14 0 -13 -1 -17 2 -17 1 -1 -1 -15 0 -15 2 -16 1 -17 -3 -13 -1 -15 -1 -14 -3 -13 -3 -15 -2 -13 -2 -16 -3 -12 0 -13 -2 -16 -4 -13 -1 -14 -3 -17 -4 -16 -4 -16 -5 -15 -3 -15 -3 -17 -6 -17 -3 -16 -7 -15 -4 -12 -2 0 0 0 0 0 0 0 0 0 ]
CSI_DATA,AP,68:FE:71:12:53:8C,-34,11,1,6,1,1,1,0,0,0,0,-95,0,6,1,14033574,0,84,0,0,14.034,384,[84 -64 4 0 0 0 0 0 0 0 0 0 -5 -22 -5 -22 -4 -20 -4 -22 -3 -19 -5 -19 -1 -22 -1 -20 -3 -22 -2 -20 -3 -22 -1 -21 -2 -18 0 -20 -1 -21 -1 -20 0 -18 2 -18 -1 -20 1 -16 -2 -17 1 -20 0 -15 -3 -17 -1 -16 1 -17 2 -1 -1 -17 -1 -17 0 -16 -1 -14 -4 -17 -4 -17 -1 -18 -3 -18 -5 -17 -5 -15 -3 -15 -4 -18 -4 -18 -2 -17 -4 -18 -6 -15 -7 -18 -7 -17 -6 -18 -6 -14 -4 -18 -7 -15 -7 -15 -7 -17 -6 -13 -8 -15 1 2 0 0 0 0 0 0 0 0 ]
CSI_DATA,AP,68:FE:71:12:53:8C,-33,11,1,7,1,1,1,0,0,0,0,-94,0,6,1,14120118,0,84,0,0,14.12,384,[84 -64 4 0 0 0 0 0 0 0 0 0 4 6 4 7 6 6 5 6 5 6 3 9 6 9 5 8 6 10 2 10 2 6 4 8 3 8 4 6 2 9 2 9 4 7 0 10 2 10 4 8 0 6 1 7 4 5 3 6 3 5 5 5 -1 -1 4 9 2 7 2 6 1 6 3 7 5 7 1 4 2 4 1 6 2 6 5 6 3 6 3 8 4 5 2 5 6 5 5 7 6 5 5 3 4 7 3 6 6 4 4 4 4 4 4 7 4 4 1 0 0 0 0 0 0 0 0 0 ]
CSI_DATA,AP,68:FE:71:12:53:8C,-34,11,1,7,1,1,1,0,0,0,0,-94,0,6,1,14206180,0,84,0,0,14.206,384,[84 -64 4 0 0 0 0 0 0 0 0 0 15 -12 15 -12 17 -12 19 -11 19 -8 17 -7 16 -8 15 -6 16 -7 17 -8 18 -4 19 -5 17 -7 14 -4 18 -3 15 -7 14 -6 14 -4 15 -4 13 -6 15 -2 13 -5 15 -3 13 -6 15 -3 12 -7 2 -2 12 -6 13 -3 12 -6 11 -4 15 -5 14 -6 11 -5 11 -9 11 -7 11 -7 15 -9 10 -6 13 -7 13 -9 13 -9 10 -5 13 -5 14 -9 10 -7 13 -6 13 -10 9 -6 13 -9 10 -10 13 -8 9 -7 -2 0 0 0 0 0 0 0 0 0 ]
CSI_DATA,AP,68:FE:71:12:53:8C,-41,11,1,6,1,1,1,0,0,0,0,-93,0,6,1,14289959,0,84,0,0,14.29,384,[84 -64 4 0 0 0 0 0 0 0 0 0 7 -16 10 -13 8 -12 9 -13 10 -16 13 -12 14 -14 13 -15 13 -12 11 -13 14 -11 13 -12 12 -12 11 -10 13 -13 14 -10 14 -11 15 -12 12 -11 13 -12 10 -9 13 -9 12 -9 12 -11 11 -9 12 -8 -1 0 12 -8 13 -10 12 -11 9 -8 9 -12 12 -12 10 -11 9 -10 7 -8 10 -10 9 -9 10 -13 9 -9 7 -10 10 -10 6 -12 6 -14 10 -12 10 -12 7 -12 5 -10 7 -12 6 -11 5 -13 4 -12 4 -13 0 1 0 0 0 0 0 0 0 0 ]
CSI_DATA,AP,68:FE:71:12:53:8C,-38,11,1,6,1,1,1,0,0,0,0,-95,0,6,1,14388054,0,84,0,0,14.388,384,[84 -64 4 0 0 0 0 0 0 0 0 0 -15 14 -17 11 -17 10 -20 11 -17 11 -17 10 -19 10 -19 8 -19 8 -17 9 -17 6 -17 8 -17 9 -19 6 -16 8 -18 8 -19 7 -18 6 -17 7 -17 7 -16 4 -15 6 -14 8 -16 6 -15 7 -18 9 -1 -2 -13 6 -14 10 -13 10 -14 8 -13 10 -13 8 -12 7 -15 9 -13 8 -13 6 -12 10 -12 9 -12 8 -14 9 -14 8 -13 8 -14 10 -11 10 -12 12 -13 13 -13 11 -13 12 -12 12 -10 10 -11 13 -11 13 2 2 0 0 0 0 0 0 0 0 ]
CSI_DATA,AP,68:FE:71:12:53:8C,-35,11,1,6,1,1,1,0,0,0,0,-95,0,6,1,14463832,0,84,0,0,14.464,384,[84 -64 4 0 0 0 0 0 0 0 0 0 14 9 10 12 12 15 10 11 14 11 11 14 13 12 9 14 12 12 12 16 12 17 11 15 10 17 8 15 11 12 10 13 7 15 10 13 9 16 10 15 8 14 8 12 6 15 9 11 10 12 7 11 0 0 5 14 6 10 5 11 6 10 6 9 9 9 7 12 6 11 8 12 10 12 6 11 6 11 10 9 7 9 8 8 9 10 10 11 8 7 10 9 10 6 9 10 10 11 11 8 9 11 12 7 9 6 2 -1 0 0 0 0 0 0 0 0 ]
CSI_DATA,AP,68:FE:71:12:53:8C,-34,11,1,7,1,1,1,0,0,0,0,-93,0,6,1,14545222,0,82,0,0,14.545,384,[84 -64 4 0 0 0 0 0 0 0 0 0 -16 -13 -15 -14 -14 -14 -15 -13 -15 -14 -15 -14 -12 -17 -13 -16 -15 -17 -12 -19 -10 -15 -11 -15 -12 -16 -10 -17 -10 -17 -9 -15 -9 -17 -9 -15 -10 -14 -9 -16 -9 -17 -13 -16 -11 -16 -11 -16 -11 -16 -9 -15 -1 2 -13 -12 -10 -15 -12 -15 -12 -13 -11 -14 -12 -13 -11 -13 -10 -13 -11 -14 -11 -10 -14 -13 -13 -14 -11 -10 -14 -13 -15 -13 -12 -11 -14 -11 -14 -9 -16 -7 -14 -10 -13 -9 -12 -6 -12 -6 -13 -8 -12 -7 -14 -5 0 1 0 0 0 0 0 0 0 0 ]
CSI_DATA,AP,68:FE:71:12:53:8C,-32,11,1,7,1,1,1,0,0,0,0,-93,0,6,1,14633141,0,84,0,0,14.633,384,[84 -64 4 0 0 0 0 0 0 0 0 0 -43 -2 -43 -5 -45 -8 -42 -6 -41 -7 -41 -12 -38 -9 -40 -12 -37 -11 -41 -15 -37 -16 -37 -16 -40 -18 -36 -15 -37 -16 -41 -16 -35 -14 -34 -13 -33 -13 -36 -17 -35 -14 -36 -15 -29 -14 -34 -16 -34 -16 -32 -12 -1 0 -30 -14 -31 -10 -33 -13 -32 -12 -31 -11 -33 -12 -33 -11 -31 -8 -30 -7 -31 -6 -35 -8 -34 -7 -33 -5 -31 -8 -32 -4 -33 -1 -34 -3 -32 0 -34 0 -35 0 -35 -1 -31 -2 -32 -4 -34 -1 -33 -1 -33 1 -2 -1 0 0 0 0 0 0 0 0 ]
CSI_DATA,AP,68:FE:71:12:53:8C,-37,11,1,5,1,1,1,0,0,0,0,-94,0,6,1,14719790,0,84,0,0,14.72,384,[84 -64 4 0 0 0 0 0 0 0 0 0 -19 10 -17 9 -19 11 -17 7 -19 7 -17 8 -18 6 -20 6 -21 7 -19 2 -20 2 -20 1 -20 5 -19 1 -18 5 -17 4 -16 5 -17 1 -19 2 -17 5 -17 0 -17 5 -18 4 -17 0 -17 3 -15 1 1 1 -18 2 -17 5 -16 3 -14 5 -16 5 -17 3 -14 6 -16 4 -15 7 -15 3 -18 6 -14 6 -14 7 -16 4 -17 5 -16 5 -13 7 -14 8 -13 9 -13 6 -14 8 -15 8 -15 9 -13 10 -16 9 -16 6 -2 0 0 0 0 0 0 0 0 0 ]
CSI_DATA,AP,68:FE:71:12:53:8C,-35,11,1,6,1,1,1,0,0,0,0,-93,0,6,1,14827521,0,84,0,0,14.828,384,[84 -64 4 0 0 0 0 0 0 0 0 0 -31 23 -32 19 -32 21 -32 18 -35 16 -34 17 -33 13 -34 13 -36 11 -32 16 -35 16 -33 16 -33 16 -34 13 -33 12 -33 9 -36 8 -32 11 -33 11 -32 10 -35 10 -32 9 -32 10 -30 12 -30 10 -31 13 0 -1 -32 11 -31 12 -31 11 -26 14 -27 12 -31 15 -29 13 -27 13 -26 14 -25 18 -24 16 -22 14 -27 18 -24 16 -26 16 -28 19 -22 20 -22 21 -24 17 -22 20 -22 20 -22 19 -21 20 -23 25 -23 21 -23 23 2 -2 0 0 0 0 0 0 0 0 ]
CSI_DATA,AP,68:FE:71:12:53:8C,-34,11,1,6,1,1,1,0,0,0,0,-96,0,6,1,14908640,0,84,0,0,14.909,384,[84 -64 4 0 0 0 0 0 0 0 0 0 -8 16 -11 17 -10 18 -10 16 -13 14 -14 16 -13 15 -11 15 -14 16 -12 17 -14 13 -13 13 -14 13 -15 11 -12 11 -15 15 -14 14 -14 12 -12 12 -11 14 -11 11 -13 14 -13 10 -11 10 -13 12 -13 12 -1 -1 -12 12 -11 10 -9 10 -10 11 -9 13 -12 12 -9 11 -10 14 -10 11 -8 14 -6 15 -7 12 -6 13 -6 14 -5 11 -6 14 -8 15 -9 12 -8 15 -7 15 -6 15 -5 13 -3 15 -6 15 -4 12 -5 14 -2 -2 0 0 0 0 0 0 0 0 ]
CSI_DATA,AP,68:FE:71:12:53:8C,-36,11,1,7,1,1,1,0,0,0,0,-95,0,6,1,14983147,0,84,0,0,14.983,384,[84 -64 4 0 0 0 0 0 0 0 0 0 13 14 11 14 13 16 11 17 11 15 12 14 11 14 7 14 9 15 10 15 9 14 9 14 10 15 6 18 6 13 6 14 8 16 4 13 7 15 6 16 7 15 7 15 6 14 4 14 8 16 7 15 2 1 6 11 9 11 9 13 7 13 4 14 8 14 6 11 9 14 6 12 9 11 7 9 7 12 9 9 7 12 11 13 9 13 7 11 9 10 10 12 7 10 9 12 10 10 8 9 12 12 11 12 10 9 0 0 0 0 0 0 0 0 0 0 ]
CSI_DATA,AP,68:FE:71:12:53:8C,-38,11,1,6,1,1,1,0,0,0,0,-93,0,6,1,15097550,0,84,0,0,15.098,384,[84 -64 4 0 0 0 0 0 0 0 0 0 7 18 4 19 6 20 3 19 5 20 1 21 1 18 0 18 0 22 0 17 -1 21 -1 19 -1 18 1 19 -2 18 3 20 1 17 0 17 2 18 -2 17 0 16 -1 19 1 17 -1 17 -1 16 3 15 0 0 1 15 2 15 4 18 3 15 -1 15 4 16 3 18 1 15 4 13 3 13 5 14 3 15 6 14 3 14 4 13 5 13 4 17 8 16 4 15 6 14 8 14 5 15 6 17 10 17 5 14 8 14 1 1 0 0 0 0 0 0 0 0 ]
CSI_DATA,AP,68:FE:71:12:53:8C,-39,11,1,5,1,1,1,0,0,0,0,-96,0,6,1,15200465,0,84,0,0,15.2,384,[84 -64 4 0 0 0 0 0 0 0 0 0 -17 -16 -17 -14 -17 -17 -14 -17 -17 -15 -11 -15 -12 -15 -15 -16 -12 -18 -10 -15 -14 -20 -12 -20 -13 -20 -13 -16 -9 -18 -13 -20 -11 -19 -10 -14 -9 -17 -8 -17 -11 -19 -12 -19 -9 -17 -11 -19 -12 -15 -12 -15 1 0 -9 -16 -12 -13 -12 -15 -13 -12 -11 -12 -11 -16 -9 -16 -11 -13 -10 -14 -11 -12 -10 -13 -12 -13 -14 -12 -10 -13 -14 -14 -12 -12 -14 -14 -12 -11 -12 -13 -13 -11 -15 -13 -12 -9 -13 -12 -16 -8 -15 -12 -12 -8 -2 1 0 0 0 0 0 0 0 0 ]
CSI_DATA,AP,68:FE:71:12:53:8C,-38,11,1,7,1,1,1,0,0,0,0,-96,0,6,1,15321208,0,84,0,0,15.321,384,[84 -64 4 0 0 0 0 0 0 0 0 0 2 20 2 19 1 22 2 21 1 22 -1 19 -1 24 -1 20 1 20 0 21 -1 21 0 20 0 20 -2 22 -5 18 -2 23 -2 20 -3 20 -1 17 -2 19 -3 16 -3 20 -2 18 -1 17 -2 17 -1 19 2 2 -3 19 -2 20 1 17 2 19 2 16 -2 17 2 20 2 17 1 18 3 17 3 17 4 18 3 18 4 19 2 18 3 19 2 17 6 16 3 17 7 15 5 15 4 16 7 15 4 19 5 16 8 16 2 0 0 0 0 0 0 0 0 0 ]
CSI_DATA,AP,68:FE:71:12:53:8C,-33,11,1,6,1,1,1,0,0,0,0,-96,0,6,1,15412702,0,84,0,0,15.413,384,[84 -64 4 0 0 0 0 0 0 0 0 0 -17 14 -14 15 -17 17 -19 17 -16 13 -16 14 -20 15 -19 13 -17 11 -19 11 -17 10 -18 13 -19 9 -21 9 -18 12 -21 12 -18 9 -18 11 -19 9 -16 7 -16 10 -18 8 -16 9 -16 11 -19 10 -17 8 -1 -1 -14 9 -15 13 -13 11 -14 11 -13 8 -13 9 -16 12 -15 10 -12 9 -14 9 -14 11 -10 12 -13 13 -12 14 -14 10 -11 14 -10 14 -11 14 -14 15 -13 14 -12 15 -11 12 -9 13 -9 17 -12 12 -12 14 0 -1 0 0 0 0 0 0 0 0 ]
CSI_DATA,AP,68:FE:71:12:53:8C,-34,11,1,6,1,1,1,0,0,0,0,-95,0,6,1,15498285,0,84,0,0,15.498,384,[84 -64 4 0 0 0 0 0 0 0 0 0 21 8 17 6 21 5 21 9 18 10 17 8 17 9 20 11 16 8 15 9 16 12 17 14 18 11 17 13 16 11 16 13 17 9 17 11 16 10 17 12 13 9 17 9 13 9 16 10 15 11 14 8 1 2 16 9 15 7 13 9 18 6 12 6 16 6 14 8 15 4 15 7 17 5 15 3 13 5 14 7 13 3 15 2 17 4 18 1 15 4 15 0 17 0 19 0 17 2 16 4 15 3 17 3 18 3 2 -2 0 0 0 0 0 0 0 0 ]
CSI_DATA,AP,68:FE:71:12:53:8C,-35,11,1,6,1,1,1,0,0,0,0,-96,0,6,1,15596717,0,84,0,0,15.597,384,[84 -64 4 0 0 0 0 0 0 0 0 0 -14 14 -17 14 -14 16 -17 18 -17 15 -15 14 -19 15 -16 11 -18 10 -19 12 -18 14 -19 13 -20 13 -20 9 -18 12 -16 9 -17 9 -16 8 -17 7 -17 10 -15 6 -19 11 -16 7 -14 11 -18 8 -18 8 2 2 -14 8 -13 9 -13 10 -15 13 -16 8 -15 11 -14 8 -15 10 -15 11 -12 10 -10 14 -14 9 -12 12 -12 11 -13 12 -12 11 -13 13 -10 15 -9 14 -8 14 -10 16 -10 14 -7 12 -11 15 -11 14 -7 14 1 0 0 0 0 0 0 0 0 0 ]
CSI_DATA,AP,68:FE:71:12:53:8C,-35,11,1,7,1,1,1,0,0,0,0,-93,0,6,1,15695102,0,84,0,0,15.695,384,[84 -64 4 0 0 0 0 0 0 0 0 0 15 14 17 12 17 13 17 15 14 15 11 14 17 15 14 14 12 16 14 17 13 19 13 15 13 16 14 15 9 17 10 19 11 15 11 18 11 17 11 15 8 16 10 16 10 13 9 15 11 18 12 13 2 -2 12 13 13 13 10 15 12 14 10 11 13 11 13 15 11 10 10 10 11 9 12 11 11 13 11 9 11 11 12 12 15 8 12 12 13 10 16 7 16 10 14 10 12 7 15 9 13 6 14 10 15 8 2 0 0 0 0 0 0 0 0 0 ]
CSI_DATA,AP,68:FE:71:12:53:8C,-32,11,1,6,1,1,1,0,0,0,0,-95,0,6,1,15783368,0,84,0,0,15.783,384,[84 -64 4 0 0 0 0 0 0 0 0 0 -13 18 -12 14 -13 18 -16 18 -16 14 -17 15 -16 12 -15 11 -18 12 -15 11 -17 13 -15 15 -18 11 -16 11 -16 9 -18 13 -14 9 -16 12 -18 9 -19 10 -17 10 -17 8 -13 7 -13 12 -14 12 -17 9 2 -1 -15 11 -15 13 -14 12 -13 14 -11 12 -13 13 -13 13 -12 9 -12 9 -10 13 -13 14 -9 10 -11 11 -10 12 -10 15 -11 12 -11 14 -10 12 -13 15 -11 13 -12 13 -12 16 -9 13 -7 17 -8 14 -8 14 1 -2 0 0 0 0 0 0 0 0 ]
CSI_DATA,AP,68:FE:71:12:53:8C,-31,11,1,6,1,1,1,0,0,0,0,-94,0,6,1,15869814,0,84,0,0,15.87,384,[84 -64 4 0 0 0 0 0 0 0 0 0 -16 16 -17 16 -17 14 -18 14 -18 15 -16 15 -16 12 -19 14 -21 12 -18 11 -20 14 -21 14 -18 13 -19 10 -18 12 -19 12 -21 8 -17 9 -20 8 -18 10 -18 11 -17 9 -15 9 -17 8 -18 7 -15 9 -1 2 -14 7 -14 7 -17 10 -15 10 -17 7 -17 12 -17 8 -13 9 -12 9 -12 10 -13 14 -12 9 -14 12 -13 11 -13 11 -14 12 -12 15 -14 14 -11 11 -13 13 -12 11 -10 11 -11 13 -10 13 -11 13 -10 15 2 1 0 0 0 0 0 0 0 0 ]
CSI_DATA,AP,68:FE:71:12:53:8C,-37,11,1,6,1,1,1,1,0,0,0,-94,2,6,1,15952164,0,84,0,0,15.952,384,[84 -64 4 0 0 0 0 0 0 0 0 0 -15 -15 -11 -14 -12 -18 -11 -19 -11 -16 -11 -15 -10 -21 -10 -16 -10 -20 -8 -21 -8 -20 -7 -21 -6 -18 -6 -20 -8 -17 -7 -21 -7 -20 -8 -15 -8 -16 -5 -18 -5 -17 -6 -18 -6 -14 -8 -16 -7 -20 -8 -15 -2 -2 -7 -16 -6 -19 -7 -17 -7 -18 -7 -14 -7 -16 -6 -17 -9 -17 -8 -15 -10 -16 -7 -15 -10 -13 -7 -12 -11 -16 -8 -14 -10 -12 -8 -14 -12 -13 -12 -16 -12 -12 -7 -12 -12 -13 -11 -12 -13 -14 -12 -14 -10 -13 -2 0 0 0 0 0 0 0 0 0 ]
CSI_DATA,AP,68:FE:71:12:53:8C,-31,11,1,6,1,1,1,0,0,0,0,-96,0,6,1,16081160,0,84,0,0,16.081,384,[84 -64 4 0 0 0 0 0 0 0 0 0 21 0 17 2 23 2 23 1 18 4 18 4 18 3 20 4 18 3 16 3 21 3 18 4 20 7 17 7 15 8 18 7 15 5 17 5 15 4 15 4 13 9 18 4 12 8 14 6 14 5 17 6 1 1 16 4 14 2 17 6 16 4 17 4 17 4 13 5 17 4 16 5 15 0 17 2 15 4 13 0 14 0 18 2 17 1 17 -2 14 -1 15 -2 15 -2 18 1 17 -2 14 -3 16 0 14 -3 17 -4 -2 2 0 0 0 0 0 0 0 0 ]
CSI_DATA,AP,68:FE:71:12:53:8C,-38,11,1,7,1,1,1,0,0,0,0,-94,0,6,1,16167316,0,84,0,0,16.167,384,[84 -64 4 0 0 0 0 0 0 0 0 0 -15 -14 -16 -12 -15 -13 -17 -18 -13 -15 -15 -17 -12 -16 -14 -17 -11 -19 -11 -14 -10 -18 -14 -16 -13 -16 -9 -19 -12 -15 -13 -18 -11 -16 -11 -14 -9 -16 -11 -15 -7 -14 -11 -17 -6 -16 -8 -13 -11 -14 -11 -14 1 2 -9 -13 -12 -14 -11 -15 -9 -13 -11 -11 -9 -13 -10 -15 -12 -13 -10 -13 -12 -9 -13 -12 -13 -12 -12 -13 -10 -12 -13 -12 -12 -11 -15 -11 -11 -11 -15 -12 -14 -8 -14 -8 -12 -12 -15 -9 -13 -11 -16 -9 -15 -10 -2 2 0 0 0 0 0 0 0 0 ]
CSI_DATA,AP,68:FE:71:12:53:8C,-33,11,1,6,1,1,1,1,0,0,0,-94,3,6,1,16244665,0,84,0,0,16.245,384,[84 -64 4 0 0 0 0 0 0 0 0 0 5 -22 2 -18 6 -23 4 -24 4 -22 5 -19 5 -21 9 -16 8 -18 6 -18 9 -19 8 -20 9 -17 10 -17 11 -17 9 -16 10 -19 7 -18 7 -18 9 -15 11 -18 7 -14 6 -13 10 -18 8 -16 8 -18 1 -2 7 -17 7 -17 7 -18 5 -15 7 -15 6 -18 6 -16 3 -17 4 -18 2 -13 5 -15 4 -18 4 -16 2 -15 5 -17 3 -17 4 -16 1 -15 0 -18 3 -18 2 -18 2 -18 2 -19 -1 -16 2 -16 1 -18 1 2 0 0 0 0 0 0 0 0 ]
CSI_DATA,AP,68:FE:71:12:53:8C,-34,11,1,7,1,1,1,0,0,0,0,-94,0,6,1,16315863,0,84,0,0,16.316,384,[84 -64 4 0 0 0 0 0 0 0 0 0 -14 16 -17 17 -14 13 -18 14 -18 12 -18 10 -16 10 -19 12 -19 11 -15 10 -16 13 -19 14 -18 11 -16 13 -18 9 -19 8 -17 7 -15 9 -19 10 -15 6 -19 7 -17 6 -13 7 -14 11 -18 9 -14 11 2 0 -17 7 -17 11 -15 8 -12 10 -13 7 -15 8 -16 9 -12 9 -14 12 -13 12 -12 12 -12 10 -13 14 -13 14 -13 12 -15 10 -14 12 -13 14 -10 12 -11 12 -13 11 -13 11 -12 12 -12 16 -10 12 -11 16 -2 0 0 0 0 0 0 0 0 0 ]
CSI_DATA,AP,68:FE:71:12:53:8C,-31,11,1,6,1,1,1,0,0,0,0,-95,0,6,1,16390236,0,84,0,0,16.39,384,[84 -64 4 0 0 0 0 0 0 0 0 0 -20 3 -19 -1 -23 2 -21 -2 -20 -1 -20 0 -23 -2 -18 -5 -21 -2 -21 -4 -22 -7 -23 -4 -20 -5 -21 -6 -20 -3 -19 -3 -20 -3 -19 -7 -16 -5 -20 -8 -15 -8 -18 -6 -16 -7 -19 -7 -20 -5 -16 -4 0 -1 -18 -6 -16 -5 -18 -4 -18 -4 -15 -2 -16 -6 -16 -5 -17 -2 -18 -2 -19 -1 -18 -3 -14 -1 -15 -1 -16 1 -17 1 -20 0 -19 -2 -16 0 -19 -1 -17 2 -18 2 -15 -1 -17 -1 -18 2 -16 1 -15 1 0 1 0 0 0 0 0 0 0 0 ]
CSI_DATA,AP,68:FE:71:12:53:8C,-32,11,1,7,1,1,1,0,0,0,1,-95,0,6,1,16472176,0,84,0,0,16.472,384,[84 -64 4 0 0 0 0 0 0 0 0 0 20 6 17 9 17 10 20 8 20 9 15 13 15 12 17 12 18 14 13 12 17 13 14 12 16 13 15 14 12 12 17 12 13 15 12 12 10 12 11 11 12 13 14 14 10 14 10 11 14 14 10 13 -1 -1 13 13 15 10 11 12 14 9 10 8 14 10 15 9 13 11 15 7 13 9 12 9 15 9 12 9 15 5 14 9 12 9 14 8 13 6 13 5 13 7 14 4 16 8 16 5 18 8 14 8 15 7 1 0 0 0 0 0 0 0 0 0 ]
CSI_DATA,AP,68:FE:71:12:53:8C,-34,11,1,6,1,1,1,0,0,0,0,-93,0,6,1,16568061,0,84,0,0,16.568,384,[84 -64 4 0 0 0 0 0 0 0 0 0 0 22 3 18 0 20 0 21 2 21 1 21 0 18 0 20 0 20 -5 17 -2 20 -2 20 -5 18 -2 19 -4 17 -3 19 -5 20 -6 16 -6 17 -6 16 -3 18 -5 20 -6 17 -6 15 -6 19 -3 17 0 -2 -2 17 -3 19 -3 18 -2 15 -2 17 -2 18 0 16 -1 17 -3 17 1 15 -1 17 0 14 -1 18 3 15 -1 17 -1 15 -1 16 1 14 0 18 3 13 2 17 2 16 2 15 4 18 5 14 5 17 2 1 0 0 0 0 0 0 0 0 ]
CSI_DATA,AP,68:FE:71:12:53:8C,-35,11,1,6,1,1,1,0,0,0,0,-93,0,6,1,16652977,0,84,0,0,16.653,384,[84 -64 4 0 0 0 0 0 0 0 0 0 11 -16 10 -18 13 -18 15 -19 13 -14 15 -16 13 -15 13 -14 17 -12 16 -12 14 -14 13 -12 13 -14 13 -11 13 -14 14 -13 14 -10 13 -10 14 -13 17 -13 16 -9 13 -13 14 -9 13 -13 13 -14 16 -13 1 -2 12 -12 15 -13 14 -11 10 -13 10 -13 11 -12 12 -14 9 -11 10 -10 9 -12 11 -14 11 -13 12 -14 9 -14 7 -14 10 -17 7 -16 6 -15 7 -14 7 -15 9 -12 10 -15 7 -17 5 -18 8 -16 8 -13 1 -1 0 0 0 0 0 0 0 0 ]
CSI_DATA,AP,68:FE:71:12:53:8C,-33,11,1,7,1,1,1,1,0,0,0,-93,1,6,1,16742413,0,84,0,0,16.742,384,[84 -64 4 0 0 0 0 0 0 0 0 0 10 -14 12 -15 14 -16 13 -16 16 -15 14 -12 15 -13 14 -12 17 -12 16 -12 15 -11 14 -10 18 -14 18 -14 18 -10 19 -10 17 -9 15 -11 17 -11 14 -11 14 -11 13 -9 14 -7 16 -9 13 -11 15 -11 2 1 16 -11 12 -8 14 -11 12 -10 11 -11 15 -10 15 -8 13 -10 13 -10 11 -13 13 -12 10 -10 12 -11 12 -12 13 -10 11 -14 12 -15 11 -11 13 -14 11 -15 11 -15 10 -14 10 -11 9 -16 9 -13 9 -14 -1 1 0 0 0 0 0 0 0 0 ]
CSI_DATA,AP,68:FE:71:12:53:8C,-34,11,1,6,1,1,1,0,0,0,0,-93,0,6,1,16833295,0,84,0,0,16.833,384,[84 -64 4 0 0 0 0 0 0 0 0 0 18 6 15 6 17 8 18 12 18 9 17 8 14 9 13 12 16 14 14 12 13 13 17 14 14 14 13 14 15 12 13 14 12 10 11 10 11 13 15 11 14 14 14 13 13 13 10 13 14 13 10 9 1 -2 12 11 14 9 15 11 12 7 14 12 14 12 15 10 11 9 14 9 11 10 15 9 13 6 13 6 14 7 14 7 15 7 13 7 13 5 12 6 16 3 13 4 13 5 13 8 15 6 15 5 15 3 -1 1 0 0 0 0 0 0 0 0 ]
CSI_DATA,AP,68:FE:71:12:53:8C,-34,11,1,6,1,1,1,0,0,0,0,-95,0,6,1,16937010,0,84,0,0,16.937,384,[84 -64 4 0 0 0 0 0 0 0 0 0 14 17 16 14 13 16 13 16 11 15 10 15 9 19 8 16 9 15 10 19 10 21 10 20 11 21 9 16 7 16 8 18 6 19 6 17 7 19 5 15 8 18 7 18 3 17 4 19 5 16 5 18 0 0 6 17 6 16 10 14 9 14 8 13 6 15 8 15 9 14 9 15 10 12 10 14 9 12 11 12 11 14 10 13 11 14 9 16 13 13 10 14 10 12 10 11 13 14 9 10 12 11 12 10 10 13 -1 0 0 0 0 0 0 0 0 0 ]
CSI_DATA,AP,68:FE:71:12:53:8C,-34,11,1,5,1,1,1,1,0,0,0,-94,3,6,1,17014436,0,84,0,0,17.014,384,[84 -64 4 0 0 0 0 0 0 0 0 0 -11 -16 -10 -19 -14 -20 -11 -17 -12 -19 -8 -17 -8 -20 -6 -17 -8 -20 -7 -19 -7 -22 -6 -19 -5 -18 -5 -21 -8 -17 -8 -22 -5 -17 -6 -19 -5 -19 -5 -16 -3 -17 -4 -18 -5 -18 -6 -19 -7 -19 -7 -15 1 -1 -7 -18 -5 -18 -8 -15 -6 -17 -4 -16 -8 -16 -8 -17 -6 -14 -9 -13 -6 -13 -8 -15 -9 -16 -11 -13 -11 -16 -10 -15 -9 -14 -12 -16 -9 -12 -10 -12 -10 -11 -10 -13 -12 -12 -11 -13 -11 -12 -9 -15 -13 -13 1 -2 0 0 0 0 0 0 0 0 ]
CSI_DATA,AP,68:FE:71:12:53:8C,-31,11,1,7,1,1,1,1,0,0,0,-94,4,6,1,17118447,0,84,0,0,17.118,384,[84 -64 4 0 0 0 0 0 0 0 0 0 -8 -16 -9 -19 -10 -21 -8 -21 -6 -20 -4 -19 -4 -20 -5 -20 -7 -19 -6 -16 -3 -19 -5 -18 -6 -17 -6 -21 -5 -18 -6 -19 -3 -18 -3 -17 -4 -15 -1 -20 -3 -15 -2 -18 -2 -15 -5 -15 -2 -16 -2 -17 -1 -1 -4 -14 -3 -14 -5 -17 -8 -14 -7 -16 -7 -17 -7 -16 -8 -16 -8 -14 -7 -14 -6 -17 -5 -12 -10 -15 -6 -15 -6 -13 -8 -14 -7 -14 -7 -11 -8 -15 -9 -14 -10 -16 -9 -12 -12 -11 -10 -11 -11 -13 -10 -12 0 1 0 0 0 0 0 0 0 0 ]
CSI_DATA,AP,68:FE:71:12:53:8C,-33,11,1,7,1,1,1,0,0,0,0,-95,0,6,1,17229040,0,84,0,0,17.229,384,[84 -64 4 0 0 0 0 0 0 0 0 0 11 -18 11 -17 10 -16 12 -15 13 -17 10 -14 13 -12 15 -13 13 -15 15 -10 15 -12 13 -10 14 -13 12 -9 11 -9 15 -11 16 -8 11 -10 11 -8 13 -8 12 -8 13 -9 14 -7 12 -12 13 -8 14 -9 -2 -2 11 -8 11 -13 14 -11 11 -9 12 -11 10 -12 11 -11 9 -9 9 -12 9 -10 11 -12 11 -13 7 -14 8 -12 8 -11 9 -11 11 -12 8 -14 10 -11 5 -11 6 -11 9 -14 9 -14 8 -13 8 -12 8 -13 -2 -1 0 0 0 0 0 0 0 0 ]
CSI_DATA,AP,68:FE:71:12:53:8C,-31,11,1,7,1,1,1,0,0,0,0,-94,0,6,1,17328229,0,84,0,0,17.328,384,[84 -64 4 0 0 0 0 0 0 0 0 0 18 10 20 8 17 8 21 10 16 9 18 10 16 10 15 13 18 11 16 11 18 14 18 14 15 15 17 11 13 12 15 13 13 15 14 12 14 15 15 12 12 15 13 15 11 13 14 13 14 12 11 10 -2 -2 14 12 13 9 12 11 15 9 12 8 12 11 14 11 12 7 15 11 15 9 15 7 15 10 13 9 13 6 15 5 14 9 13 8 15 5 14 7 14 4 15 6 15 6 15 6 18 3 14 3 18 4 2 0 0 0 0 0 0 0 0 0 ]
CSI_DATA,AP,68:FE:71:12:53:8C,-35,11,1,7,1,1,1,0,0,0,0,-93,0,6,1,17392442,0,84,0,0,17.392,384,[84 -64 4 0 0 0 0 0 0 0 0 0 -15 16 -17 16 -13 13 -15 14 -15 13 -15 15 -16 12 -16 13 -16 9 -17 11 -20 10 -19 10 -20 10 -17 9 -18 9 -17 11 -19 8 -14 8 -17 9 -19 10 -16 6 -18 8 -15 9 -16 7 -15 12 -18 9 -2 -1 -14 10 -17 8 -15 10 -12 12 -13 8 -12 9 -12 9 -13 9 -14 9 -10 13 -12 11 -10 12 -12 12 -11 14 -12 13 -13 13 -13 14 -10 15 -11 15 -8 15 -10 13 -9 15 -9 15 -8 14 -10 14 -10 16 -1 -2 0 0 0 0 0 0 0 0 ]
CSI_DATA,AP,68:FE:71:12:53:8C,-34,11,1,6,1,1,1,1,0,0,1,-95,5,6,1,17456999,0,84,0,0,17.457,384,[84 -64 4 0 0 0 0 0 0 0 0 0 8 3 7 3 8 4 9 6 10 4 8 7 5 6 8 5 7 6 6 4 8 8 8 4 7 4 7 8 8 5 7 8 5 4 5 4 4 7 3 4 3 4 7 6 5 6 5 4 5 7 3 7 -2 0 6 3 7 7 4 6 5 2 3 7 5 2 5 4 7 6 6 5 5 4 5 5 5 2 8 3 6 6 7 3 8 2 6 3 9 5 8 1 7 2 8 4 7 3 6 1 8 3 10 4 10 4 0 0 0 0 0 0 0 0 0 0 ]
CSI_DATA,AP,68:FE:71:12:53:8C,-33,11,1,6,1,1,1,0,0,0,0,-93,0,6,1,17578438,0,84,0,0,17.578,384,[84 -64 4 0 0 0 0 0 0 0 0 0 12 16 11 15 11 17 11 17 14 16 12 16 9 16 11 18 12 16 9 18 10 16 12 18 9 18 8 17 11 18 9 18 10 16 9 15 6 14 10 16 7 14 8 13 5 14 8 17 8 16 9 15 -2 -1 8 14 9 11 8 15 9 10 7 15 10 12 9 14 8 10 7 10 11 9 10 12 11 13 11 9 9 9 8 10 11 9 11 13 11 10 11 8 12 7 8 11 10 12 10 11 13 9 11 9 11 11 2 -2 0 0 0 0 0 0 0 0 ]
CSI_DATA,AP,68:FE:71:12:53:8C,-36,11,1,7,1,1,1,0,0,0,0,-96,0,6,1,17677217,0,84,0,0,17.677,384,[84 -64 4 0 0 0 0 0 0 0 0 0 -6 -8 -4 -8 -5 -12 -6 -9 -6 -8 -2 -8 -5 -8 -2 -11 -3 -9 -4 -12 -1 -12 -4 -11 -2 -10 -4 -10 -1 -8 0 -9 -2 -12 -4 -8 -1 -11 -3 -8 0 -7 -2 -8 1 -9 -1 -7 -2 -8 -4 -8 2 -1 -4 -7 -2 -7 -1 -10 -1 -10 -3 -7 -3 -8 -1 -9 -5 -7 -5 -8 -4 -7 -6 -10 -2 -7 -2 -9 -3 -8 -2 -6 -7 -6 -2 -10 -6 -7 -4 -7 -7 -5 -4 -7 -3 -5 -5 -5 -6 -8 -6 -7 -4 -7 -2 1 0 0 0 0 0 0 0 0 ]
CSI_DATA,AP,68:FE:71:12:53:8C,-40,11,1,5,1,1,1,0,0,0,0,-96,0,6,1,17764707,0,84,0,0,17.765,384,[84 -64 4 0 0 0 0 0 0 0 0 0 -10 10 -8 10 -13 9 -12 9 -10 11 -9 6 -13 6 -13 7 -10 9 -11 5 -12 9 -13 6 -15 7 -13 6 -14 8 -14 7 -14 6 -13 5 -11 5 -10 5 -11 3 -11 4 -13 4 -11 4 -10 6 -9 4 -2 2 -11 4 -9 9 -9 6 -11 5 -10 8 -9 4 -10 8 -11 6 -9 6 -8 6 -7 8 -9 7 -10 6 -8 5 -9 8 -10 8 -8 9 -6 7 -10 10 -6 10 -7 9 -10 8 -7 10 -6 9 -9 8 -7 10 -2 -2 0 0 0 0 0 0 0 0 ]
CSI_DATA,AP,68:FE:71:12:53:8C,-35,11,1,6,1,1,1,0,0,0,0,-93,0,6,1,17859961,0,84,0,0,17.86,384,[84 -64 4 0 0 0 0 0 0 0 0 0 8 -2 7 0 8 0 7 -2 6 0 8 -3 7 0 8 1 8 0 8 0 10 2 7 -1 6 1 8 -2 8 2 8 -1 9 3 6 0 6 -2 5 -2 9 0 5 1 8 2 9 1 9 2 9 -1 2 -1 7 2 7 0 7 1 9 -2 9 2 5 1 7 -1 9 0 6 -1 7 0 9 -3 6 -3 8 -2 8 -4 8 1 8 0 8 -3 5 -2 9 -3 7 -2 8 -2 9 0 5 -1 9 -4 8 -2 9 -1 -2 -2 0 0 0 0 0 0 0 0 ]
CSI_DATA,AP,68:FE:71:12:53:8C,-36,11,1,5,1,1,1,0,0,0,0,-96,0,6,1,17945503,0,84,0,0,17.946,384,[84 -64 4 0 0 0 0 0 0 0 0 0 -12 9 -15 8 -14 8 -16 8 -17 5 -16 5 -14 4 -18 5 -17 7 -16 3 -17 4 -15 3 -18 4 -15 5 -18 5 -15 5 -16 2 -15 2 -14 3 -15 2 -17 2 -14 1 -16 2 -16 2 -15 5 -16 1 -2 -1 -16 4 -13 2 -15 2 -17 5 -15 6 -17 3 -12 7 -15 7 -14 5 -13 4 -16 6 -13 7 -14 4 -14 4 -14 7 -16 6 -14 9 -13 9 -11 7 -11 9 -14 9 -12 6 -15 7 -12 7 -14 9 -14 11 0 1 0 0 0 0 0 0 0 0 ]
CSI_DATA,AP,68:FE:71:12:53:8C,-33,11,1,6,1,1,1,0,0,0,0,-94,0,6,1,18028333,0,84,0,0,18.028,384,[84 -64 4 0 0 0 0 0 0 0 0 0 -10 -19 -7 -21 -11 -20 -7 -22 -7 -22 -7 -20 -4 -22 -6 -22 -6 -19 -4 -19 -4 -22 -3 -23 -2 -21 -2 -20 -3 -20 -6 -20 -3 -17 -5 -18 -3 -20 -2 -20 -1 -19 -2 -19 -3 -18 -4 -19 -4 -19 -2 -17 1 -1 -6 -15 -5 -16 -4 -16 -4 -16 -5 -16 -4 -17 -7 -18 -5 -18 -6 -15 -8 -17 -9 -17 -6 -14 -8 -15 -5 -14 -8 -15 -10 -16 -10 -17 -9 -12 -11 -14 -11 -13 -8 -14 -10 -14 -12 -13 -9 -14 -8 -12 -10 -15 -2 0 0 0 0 0 0 0 0 0 ]
CSI_DATA,AP,68:FE:71:12:53:8C,-37,11,1,7,1,1,1,0,0,0,0,-96,0,6,1,18146794,0,84,0,0,18.147,384,[84 -64 4 0 0 0 0 0 0 0 0 0 -11 -16 -10 -18 -7 -18 -7 -19 -7 -17 -4 -17 -7 -17 -6 -15 -7 -16 -3 -15 -3 -14 -3 -18 -6 -17 -1 -14 -2 -13 -5 -14 -5 -14 -2 -12 -2 -13 -6 -12 -5 -13 -3 -11 -4 -11 -4 -14 -5 -13 -5 -9 1 2 -7 -10 -6 -12 -5 -8 -5 -8 -6 -10 -9 -10 -6 -9 -6 -7 -9 -7 -7 -9 -8 -6 -7 -7 -9 -9 -7 -7 -7 -6 -8 -9 -9 -9 -11 -7 -12 -7 -9 -4 -10 -6 -10 -5 -13 -8 -9 -9 -13 -7 -9 -8 1 0 0 0 0 0 0 0 0 0 ]
CSI_DATA,AP,68:FE:71:12:53:8C,-30,11,1,6,1,1,1,1,0,0,0,-95,1,6,1,18208847,0,84,0,0,18.209,384,[84 -64 4 0 0 0 0 0 0 0 0 0 -21 35 -24 29 -22 32 -23 30 -19 29 -24 23 -24 27 -21 22 -23 20 -22 23 -21 23 -24 23 -23 23 -20 19 -22 16 -22 20 -21 14 -16 17 -18 17 -18 15 -10 13 -16 14 -14 18 -14 17 -11 15 -15 17 -2 2 -13 19 -11 19 -11 16 -10 19 -9 20 -8 22 -6 17 -4 22 -6 13 -6 15 -7 23 -8 20 -6 19 -4 19 -6 24 -3 23 -6 25 -4 20 -2 24 -2 21 -4 23 -1 24 0 22 -1 27 -1 22 -1 26 -2 -1 0 0 0 0 0 0 0 0 ]
CSI_DATA,AP,68:FE:71:12:53:8C,-33,11,1,7,1,1,1,0,0,0,0,-96,0,6,1,18297800,0,84,0,0,18.298,384,[84 -64 4 0 0 0 0 0 0 0 0 0 5 27 5 27 2 25 2 28 0 23 -1 21 -3 24 -1 19 -1 23 -4 19 -1 24 -1 23 -3 18 -3 18 -2 18 -3 21 -4 17 -3 16 -2 14 -4 15 -2 13 -2 13 -1 12 1 13 1 16 0 15 -2 1 3 12 2 12 2 11 7 13 2 12 6 13 2 10 5 12 4 8 5 12 8 9 5 8 9 9 9 9 9 11 11 8 10 10 9 9 10 8 10 6 10 10 9 10 8 10 11 8 10 9 11 5 0 -1 0 0 0 0 0 0 0 0 ]
CSI_DATA,AP,68:FE:71:12:53:8C,-31,11,1,7,1,1,1,1,0,0,0,-94,5,6,1,18380407,0,84,0,0,18.38,384,[84 -64 4 0 0 0 0 0 0 0 0 0 -18 -20 -17 -17 -16 -18 -15 -19 -14 -18 -14 -19 -9 -20 -9 -19 -8 -17 -8 -17 -11 -19 -9 -15 -9 -16 -7 -15 -9 -18 -7 -14 -8 -13 -5 -13 -5 -14 -8 -14 -4 -14 -9 -12 -8 -13 -6 -11 -6 -12 -8 -11 0 1 -6 -9 -7 -7 -10 -9 -11 -8 -9 -5 -8 -7 -8 -6 -8 -8 -7 -3 -8 -7 -11 -6 -10 -5 -11 -3 -11 -3 -11 -1 -11 -4 -11 -3 -12 0 -11 1 -12 1 -9 -3 -10 -1 -7 -2 -11 0 -9 -1 -8 2 0 -1 0 0 0 0 0 0 0 0 ]
CSI_DATA,AP,68:FE:71:12:53:8C,-36,11,1,6,1,1,1,0,0,0,0,-95,0,6,1,18479676,0,84,0,0,18.48,384,[84 -64 4 0 0 0 0 0 0 0 0 0 15 -15 16 -13 18 -16 16 -15 16 -12 14 -9 15 -9 17 -10 15 -9 14 -10 15 -12 15 -9 16 -9 13 -7 16 -9 17 -11 12 -8 13 -9 11 -6 15 -7 13 -9 12 -6 10 -7 10 -9 15 -7 13 -11 1 0 10 -9 12 -12 12 -8 9 -10 11 -10 10 -12 8 -8 11 -10 9 -9 8 -9 7 -13 7 -11 7 -9 8 -9 7 -11 8 -14 9 -11 6 -14 10 -14 8 -12 8 -13 5 -11 9 -14 5 -15 5 -14 4 -11 -2 -2 0 0 0 0 0 0 0 0 ]
CSI_DATA,AP,68:FE:71:12:53:8C,-32,11,1,6,1,1,1,1,0,0,0,-94,1,6,1,18556037,0,84,0,0,18.556,384,[84 -64 4 0 0 0 0 0 0 0 0 0 -22 -4 -21 -5 -19 -6 -22 -5 -19 -9 -21 -7 -22 -8 -20 -10 -19 -7 -18 -10 -19 -11 -23 -7 -20 -9 -20 -11 -19 -10 -19 -9 -19 -11 -18 -9 -20 -11 -19 -13 -17 -10 -20 -9 -19 -8 -19 -7 -17 -8 -17 -11 0 -1 -17 -10 -21 -9 -18 -11 -18 -7 -17 -8 -18 -11 -20 -7 -19 -10 -18 -9 -21 -7 -19 -9 -22 -5 -19 -8 -23 -8 -23 -8 -24 -9 -23 -8 -24 -5 -21 -7 -23 -6 -20 -7 -22 -7 -21 -9 -25 -5 -23 -7 -23 -6 -2 1 0 0 0 0 0 0 0 0 ]
CSI_DATA,AP,68:FE:71:12:53:8C,-31,11,1,7,1,1,1,0,0,0,0,-95,0,6,1,18645575,0,84,0,0,18.646,384,[84 -64 4 0 0 0 0 0 0 0 0 0 16 6 19 10 19 9 17 11 18 10 18 9 15 14 16 11 17 12 18 10 16 12 18 11 16 14 17 12 17 14 18 14 17 15 14 11 17 16 15 14 17 15 16 16 12 14 18 15 16 12 16 12 1 1 14 13 16 14 19 12 16 10 14 14 16 12 16 13 18 9 15 12 16 11 20 9 18 9 20 8 19 10 18 10 18 8 18 8 21 8 18 7 17 7 18 10 20 10 17 10 21 8 18 6 20 8 -2 1 0 0 0 0 0 0 0 0 ]
CSI_DATA,AP,68:FE:71:12:53:8C,-34,11,0,0,0,0,0,1,0,0,0,-93,3,6,1,18712869,0,37,0,0,18.713,128,[84 -64 4 0 0 0 0 0 0 0 0 0 -9 -9 -13 -11 -11 -11 -11 -13 -10 -13 -11 -14 -11 -13 -9 -13 -8 -17 -7 -13 -9 -15 -9 -16 -8 -17 -9 -15 -8 -14 -8 -15 -6 -14 -8 -14 -8 -16 -5 -15 -5 -15 -7 -13 -5 -14 -8 -15 -5 -17 -8 -15 -1 0 -8 -16 -9 -12 -8 -16 -9 -13 -6 -12 -9 -13 -8 -14 -10 -14 -8 -13 -8 -10 -11 -12 -7 -13 -8 -12 -12 -12 -9 -9 -10 -10 -12 -11 -9 -11 -9 -11 -12 -8 -11 -8 -12 -10 -11 -9 -14 -12 -11 -9 -14 -7 -2 1 0 0 0 0 0 0 0 0 ]
CSI_DATA,AP,68:FE:71:12:53:8C,-34,11,1,6,1,1,1,0,0,0,0,-95,0,6,1,18794127,0,84,0,0,18.794,384,[84 -64 4 0 0 0 0 0 0 0 0 0 -17 8 -17 8 -16 12 -19 9 -19 11 -19 8 -22 10 -23 8 -21 6 -24 8 -24 9 -26 6 -26 9 -22 8 -21 2 -23 5 -20 3 -23 2 -23 4 -23 2 -22 4 -21 0 -22 1 -20 3 -25 1 -20 3 -1 2 -22 5 -21 3 -20 7 -20 6 -18 6 -22 4 -19 5 -18 7 -21 8 -20 5 -19 6 -21 8 -19 8 -21 8 -17 8 -17 9 -22 11 -20 10 -20 9 -20 10 -21 10 -17 12 -17 9 -20 14 -19 10 -20 13 -1 1 0 0 0 0 0 0 0 0 ]
CSI_DATA,AP,68:FE:71:12:53:8C,-33,11,1,7,1,1,1,0,0,0,0,-95,0,6,1,18884141,0,84,0,0,18.884,384,[84 -64 4 0 0 0 0 0 0 0 0 0 5 -15 7 -15 5 -18 8 -20 4 -15 5 -19 7 -19 9 -15 8 -19 9 -17 12 -20 12 -20 12 -17 13 -16 10 -18 13 -18 12 -16 11 -18 10 -16 14 -15 11 -15 13 -15 9 -15 12 -17 13 -18 13 -17 -1 -1 9 -18 12 -16 12 -20 8 -14 9 -18 10 -16 11 -17 8 -15 12 -15 8 -16 9 -20 8 -16 6 -18 7 -17 10 -16 9 -20 6 -17 5 -20 5 -16 8 -19 8 -19 4 -16 3 -18 4 -20 4 -20 2 -18 1 1 0 0 0 0 0 0 0 0 ]
CSI_DATA,AP,68:FE:71:12:53:8C,-34,11,1,5,1,1,1,0,0,0,0,-95,0,6,1,18968146,0,84,0,0,18.968,384,[84 -64 4 0 0 0 0 0 0 0 0 0 -4 -19 -6 -16 -7 -19 -5 -19 -7 -18 -7 -21 -5 -20 -4 -18 -5 -19 -3 -22 -2 -25 -3 -22 -3 -23 0 -25 0 -20 -5 -24 -1 -24 -3 -19 1 -22 0 -24 -2 -22 -1 -24 -1 -20 -2 -21 2 -23 1 -21 1 1 -1 -21 -6 -20 -4 -23 -3 -20 -2 -22 -6 -20 -6 -21 -6 -19 -5 -18 -7 -18 -4 -21 -5 -21 -7 -20 -4 -16 -9 -20 -10 -19 -8 -20 -8 -16 -8 -16 -12 -18 -9 -17 -7 -17 -11 -21 -11 -21 -7 -19 -9 -18 1 1 0 0 0 0 0 0 0 0 ]
CSI_DATA,AP,68:FE:71:12:53:8C,-35,11,1,7,1,1,1,0,0,0,1,-95,0,6,1,19040373,0,84,0,0,19.04,384,[84 -64 4 0 0 0 0 0 0 0 0 0 -21 -6 -22 -5 -20 -6 -24 -4 -22 -7 -20 -9 -20 -6 -17 -6 -18 -10 -20 -10 -21 -9 -20 -10 -20 -10 -21 -10 -19 -8 -20 -10 -18 -7 -17 -8 -17 -10 -15 -8 -16 -10 -18 -10 -13 -10 -19 -7 -15 -9 -16 -8 -2 -1 -16 -8 -16 -5 -18 -5 -15 -6 -18 -7 -16 -5 -14 -6 -17 -6 -15 -6 -14 -5 -15 -3 -13 -4 -16 -1 -16 -2 -14 -4 -17 0 -15 1 -17 1 -19 1 -18 -1 -17 0 -16 -1 -17 -2 -16 0 -15 1 -16 -1 1 1 0 0 0 0 0 0 0 0 ]
CSI_DATA,AP,68:FE:71:12:53:8C,-34,11,1,6,1,1,1,0,0,0,0,-94,0,6,1,19126435,0,82,0,0,19.126,384,[82 -96 4 0 0 0 0 0 0 0 0 0 19 -4 17 -5 21 -7 21 -2 20 -1 19 -5 17 0 20 -2 21 -2 17 -2 18 0 19 -1 16 1 16 1 20 -1 19 1 17 2 15 1 15 3 19 -1 17 3 16 2 13 1 18 2 15 1 13 1 1 1 14 -1 15 2 16 -1 17 -1 13 -2 13 -3 17 -1 14 -2 16 -3 15 -2 14 -5 16 -1 14 -4 12 -2 12 -5 16 -2 13 -2 15 -7 15 -3 12 -6 16 -7 16 -5 13 -4 12 -9 13 -8 12 -7 0 2 0 0 0 0 0 0 0 0 ]
CSI_DATA,AP,68:FE:71:12:53:8C,-35,11,1,6,1,1,1,0,0,0,0,-95,0,6,1,19228284,0,84,0,0,19.228,384,[84 -64 4 0 0 0 0 0 0 0 0 0 9 -17 10 -15 10 -17 11 -16 12 -15 12 -14 13 -13 10 -11 11 -15 13 -13 13 -14 11 -15 14 -12 12 -12 11 -10 10 -13 13 -12 11 -9 12 -9 10 -10 12 -12 10 -10 11 -10 9 -10 10 -10 9 -11 -2 -2 10 -12 9 -12 11 -11 11 -12 7 -13 7 -11 8 -10 7 -12 7 -11 7 -11 5 -12 7 -10 8 -10 6 -12 8 -14 8 -10 5 -15 8 -12 6 -12 8 -14 6 -11 7 -14 8 -12 8 -14 5 -14 5 -13 1 1 0 0 0 0 0 0 0 0 ]
CSI_DATA,AP,68:FE:71:12:53:8C,-36,11,1,7,1,1,1,0,0,0,0,-95,0,6,1,19311614,0,84,0,0,19.312,384,[84 -64 4 0 0 0 0 0 0 0 0 0 20 0 18 1 19 0 17 5 16 5 15 2 17 2 19 5 16 6 18 4 17 4 17 6 18 7 14 6 16 7 13 7 17 7 14 5 13 7 16 5 15 5 14 7 15 5 13 8 14 4 14 8 0 2 11 5 14 6 14 6 12 2 12 6 12 6 14 2 14 4 14 6 12 1 13 5 14 2 11 3 13 1 12 3 14 2 15 0 15 0 16 2 15 2 14 3 12 1 12 -1 16 0 15 -1 16 1 -1 -2 0 0 0 0 0 0 0 0 ]
CSI_DATA,AP,68:FE:71:12:53:8C,-35,11,1,6,1,1,1,0,0,0,0,-96,0,6,1,19386181,0,84,0,0,19.386,384,[84 -64 4 0 0 0 0 0 0 0 0 0 20 9 19 6 20 6 18 9 16 7 18 9 14 11 18 7 15 10 15 12 15 11 17 9 15 13 17 13 16 12 16 12 16 12 13 10 12 11 14 9 12 8 12 11 12 8 12 12 13 11 13 9 2 -1 13 7 15 8 15 8 14 8 15 8 12 8 12 9 15 9 13 5 11 4 11 5 13 6 12 5 12 7 16 5 13 4 14 7 16 6 15 6 15 2 12 2 12 2 15 1 14 2 16 4 14 4 2 2 0 0 0 0 0 0 0 0 ]
CSI_DATA,AP,68:FE:71:12:53:8C,-34,11,1,5,1,1,1,0,0,0,0,-95,0,6,1,19484957,0,84,0,0,19.485,384,[84 -64 4 0 0 0 0 0 0 0 0 0 -21 -4 -21 -1 -23 -2 -24 -5 -20 -4 -20 -7 -23 -4 -21 -7 -21 -4 -20 -7 -22 -8 -21 -7 -19 -8 -21 -8 -21 -6 -21 -7 -19 -8 -17 -10 -19 -6 -17 -8 -18 -8 -18 -6 -19 -7 -18 -10 -16 -10 -18 -7 -1 -2 -16 -6 -18 -7 -18 -6 -16 -6 -19 -4 -17 -5 -15 -5 -19 -5 -17 -4 -15 -1 -17 -5 -18 -5 -16 -4 -16 -4 -15 -2 -19 -3 -16 -3 -17 1 -18 -3 -19 -1 -17 1 -19 -3 -20 1 -17 1 -17 1 -18 2 -2 0 0 0 0 0 0 0 0 0 ]
CSI_DATA,AP,68:FE:71:12:53:8C,-35,11,0,0,0,0,0,1,0,0,0,-94,3,6,1,19596765,0,37,0,0,19.597,128,[84 -64 4 0 0 0 0 0 0 0 0 0 27 -12 27 -12 29 -15 28 -14 29 -9 30 -7 31 -11 29 -8 26 -6 26 -7 28 -5 32 -4 27 -3 30 -5 28 -5 31 -6 24 -4 25 -3 27 -7 24 -7 24 -4 24 -8 25 -3 23 -6 27 -6 24 -7 2 -1 23 -5 23 -8 23 -6 25 -9 23 -8 21 -7 21 -8 22 -10 21 -9 22 -9 23 -11 19 -12 19 -11 19 -12 21 -14 21 -10 22 -15 22 -13 22 -15 18 -13 19 -11 18 -13 19 -12 22 -15 21 -17 17 -15 -1 -1 0 0 0 0 0 0 0 0 ]
CSI_DATA,AP,68:FE:71:12:53:8C,-35,11,1,6,1,1,1,0,0,0,0,-93,0,6,1,19699184,0,84,0,0,19.699,384,[84 -64 4 0 0 0 0 0 0 0 0 0 38 5 37 6 40 5 40 8 40 9 34 12 35 13 38 14 34 14 34 11 35 17 32 18 34 17 34 15 32 17 32 19 31 17 28 17 31 17 30 14 27 15 30 15 28 14 28 17 31 18 28 12 0 1 29 15 30 12 27 14 31 14 30 15 27 12 28 11 31 10 27 10 27 7 31 10 27 8 28 7 31 10 27 9 30 9 33 6 30 3 32 6 32 2 32 7 28 3 29 2 32 2 33 6 32 4 -1 -2 0 0 0 0 0 0 0 0 ]
CSI_DATA,AP,68:FE:71:12:53:8C,-33,11,1,6,1,1,1,0,0,0,0,-95,0,6,1,19787550,0,84,0,0,19.788,384,[84 -64 4 0 0 0 0 0 0 0 0 0 -6 17 -5 16 -7 17 -7 17 -8 18 -5 18 -6 18 -7 17 -6 18 -10 15 -9 17 -9 15 -7 18 -10 16 -8 16 -12 14 -11 15 -11 12 -8 13 -8 15 -10 14 -8 11 -8 10 -6 14 -7 12 -10 13 2 2 -8 15 -10 15 -6 12 -5 12 -7 10 -8 13 -9 11 -6 11 -5 13 -5 13 -6 11 -6 13 -7 15 -5 12 -6 12 -6 15 -7 15 -6 14 -3 11 -5 14 -2 14 -4 13 -1 13 -5 12 -3 14 -3 15 0 1 0 0 0 0 0 0 0 0 ]
CSI_DATA,AP,68:FE:71:12:53:8C,-39,11,1,5,1,1,1,0,0,0,0,-95,0,6,1,19898535,0,84,0,0,19.899,384,[84 -64 4 0 0 0 0 0 0 0 0 0 6 17 5 15 5 19 6 20 4 17 3 20 2 18 4 16 2 19 3 18 3 21 2 21 2 20 3 16 2 19 -1 18 2 19 3 19 3 15 -1 15 2 19 3 17 2 17 2 18 2 18 0 14 1 2 1 17 1 15 4 13 2 13 4 13 3 16 5 16 4 14 3 13 5 15 2 16 6 12 7 15 6 12 6 14 4 16 4 14 4 15 7 13 9 14 4 11 7 15 9 14 10 13 6 13 11 14 1 -2 0 0 0 0 0 0 0 0 ]
CSI_DATA,AP,68:FE:71:12:53:8C,-35,11,1,6,1,1,1,0,0,0,0,-95,0,6,1,19958921,0,84,0,0,19.959,384,[84 -64 4 0 0 0 0 0 0 0 0 0 -21 -6 -16 -6 -21 -8 -20 -7 -20 -10 -18 -10 -16 -11 -18 -9 -19 -10 -17 -8 -16 -9 -19 -10 -19 -13 -15 -12 -16 -12 -15 -12 -17 -12 -14 -8 -13 -10 -16 -11 -14 -12 -17 -8 -16 -8 -13 -8 -16 -11 -15 -8 2 -2 -15 -7 -15 -10 -15 -9 -15 -6 -12 -7 -17 -8 -14 -6 -14 -4 -13 -4 -14 -7 -16 -6 -15 -7 -14 -5 -16 -3 -16 -5 -18 -5 -16 -2 -14 -2 -15 -3 -16 -1 -16 -5 -13 -3 -14 -2 -16 0 -17 -2 -13 0 1 -2 0 0 0 0 0 0 0 0 ]
CSI_DATA,AP,68:FE:71:12:53:8C,-37,11,1,5,1,1,1,0,0,0,0,-95,0,6,1,20042530,0,84,0,0,20.043,384,[84 -64 4 0 0 0 0 0 0 0 0 0 -2 -21 -1 -19 2 -20 0 -24 3 -22 0 -19 2 -21 5 -20 5 -20 2 -23 4 -19 6 -23 2 -20 6 -18 6 -18 3 -22 6 -18 7 -20 5 -19 3 -20 5 -20 4 -20 7 -17 4 -19 5 -17 6 -18 0 -2 6 -17 4 -16 5 -19 2 -19 1 -17 5 -16 4 -16 2 -15 -1 -19 3 -16 0 -19 -2 -17 1 -19 0 -18 0 -19 0 -17 -1 -19 -3 -18 -1 -15 0 -16 -3 -15 -1 -15 -4 -16 -3 -17 -1 -16 -5 -17 0 0 0 0 0 0 0 0 0 0 ]
CSI_DATA,AP,68:FE:71:12:53:8C,-39,11,1,6,1,1,1,1,0,0,0,-94,5,6,1,20155466,0,84,0,0,20.155,384,[84 -64 4 0 0 0 0 0 0 0 0 0 -16 12 -15 12 -14 12 -15 10 -16 9 -18 9 -14 7 -14 9 -18 5 -15 8 -18 6 -16 7 -16 6 -15 5 -15 7 -15 8 -16 8 -14 3 -13 4 -15 7 -17 6 -13 3 -16 6 -15 4 -14 4 -12 5 -1 -2 -13 7 -11 5 -14 4 -15 5 -15 6 -11 5 -12 8 -13 7 -11 7 -12 9 -11 7 -9 9 -10 9 -10 7 -9 11 -13 11 -10 9 -12 7 -10 8 -11 8 -8 8 -9 11 -11 9 -12 13 -11 11 -9 13 0 1 0 0 0 0 0 0 0 0 ]
CSI_DATA,AP,68:FE:71:12:53:8C,-35,11,1,7,1,1,1,0,0,0,0,-96,0,6,1,20248900,0,84,0,0,20.249,384,[84 -64 4 0 0 0 0 0 0 0 0 0 -18 5 -21 7 -19 6 -21 6 -21 6 -19 1 -22 3 -21 3 -19 1 -19 -1 -18 1 -18 2 -20 1 -21 0 -18 -1 -21 -1 -20 1 -17 -2 -17 1 -17 -2 -18 -3 -17 -3 -19 -3 -19 -1 -15 0 -16 -1 -1 -1 -17 1 -19 1 -15 1 -15 0 -16 -2 -16 -1 -16 3 -15 1 -17 3 -14 3 -17 0 -15 1 -15 5 -16 1 -14 5 -17 4 -14 4 -16 3 -17 4 -14 3 -13 5 -14 5 -16 3 -18 8 -17 5 -15 6 -2 -1 0 0 0 0 0 0 0 0 ]
CSI_DATA,AP,68:FE:71:12:53:8C,-36,11,1,6,1,1,1,0,0,0,0,-95,0,6,1,20331794,0,84,0,0,20.332,384,[84 -64 4 0 0 0 0 0 0 0 0 0 -12 19 -11 17 -14 16 -11 17 -12 14 -13 15 -15 17 -12 14 -16 12 -12 13 -12 14 -14 15 -13 11 -16 15 -12 11 -14 13 -14 12 -12 10 -14 14 -12 10 -15 10 -13 10 -11 10 -15 12 -15 13 -15 13 -2 0 -14 9 -12 12 -9 9 -13 13 -9 11 -11 11 -9 12 -10 14 -9 10 -10 11 -9 10 -11 13 -10 12 -11 15 -9 12 -10 11 -7 15 -8 12 -10 15 -6 14 -7 12 -8 14 -7 15 -6 15 -9 14 -6 14 -2 -1 0 0 0 0 0 0 0 0 ]
CSI_DATA,AP,68:FE:71:12:53:8C,-38,11,0,0,0,0,0,0,0,0,0,-95,0,6,1,20422706,0,37,0,0,20.423,128,[84 -64 4 0 0 0 0 0 0 0 0 0 18 4 18 3 20 6 20 2 18 6 20 5 17 6 18 5 18 5 20 7 18 5 19 7 18 7 15 8 17 6 15 8 18 9 15 5 18 5 15 6 14 9 16 7 16 9 16 8 13 5 17 8 -2 2 16 6 14 4 15 4 13 4 16 7 16 5 15 6 14 5 14 6 15 4 14 2 15 2 14 2 17 1 16 2 17 1 18 2 16 1 15 3 14 -1 16 2 14 -2 14 0 16 2 13 -1 13 2 2 1 0 0 0 0 0 0 0 0 ]
CSI_DATA,AP,68:FE:71:12:53:8C,-37,11,1,6,1,1,1,0,0,0,0,-95,0,6,1,20512176,0,84,0,0,20.512,384,[84 -64 4 0 0 0 0 0 0 0 0 0 14 -12 15 -11 17 -9 18 -10 18 -7 17 -10 19 -8 16 -5 20 -8 20 -6 17 -5 18 -8 18 -7 16 -4 16 -2 16 -5 17 -2 16 -2 19 -2 16 -3 18 -4 17 -1 15 -4 15 -4 18 -4 14 -6 -1 -1 14 -6 16 -2 13 -6 14 -5 12 -6 15 -2 14 -5 12 -6 15 -6 11 -7 11 -6 14 -8 15 -8 16 -6 15 -8 15 -5 14 -10 12 -10 14 -7 13 -9 12 -6 11 -8 14 -9 13 -8 13 -8 10 -9 1 -2 0 0 0 0 0 0 0 0 ]
CSI_DATA,AP,68:FE:71:12:53:8C,-36,11,1,7,1,1,1,1,0,0,0,-96,6,6,1,20592466,0,84,0,0,20.592,384,[84 -64 4 0 0 0 0 0 0 0 0 0 7 -18 8 -16 9 -18 11 -19 12 -19 10 -15 13 -19 11 -19 14 -16 13 -17 11 -16 14 -15 11 -14 14 -17 12 -15 13 -13 13 -15 12 -16 14 -16 10 -14 12 -14 11 -14 11 -15 11 -15 12 -13 11 -16 -2 2 7 -12 11 -13 10 -15 9 -12 7 -14 11 -14 10 -13 9 -14 7 -13 7 -14 6 -13 8 -15 5 -15 8 -13 5 -14 5 -13 8 -18 5 -15 4 -17 7 -16 7 -15 3 -15 2 -17 6 -19 6 -17 3 -15 1 -1 0 0 0 0 0 0 0 0 ]
CSI_DATA,AP,68:FE:71:12:53:8C,-36,11,1,5,1,1,1,0,0,0,0,-96,0,6,1,20676221,0,84,0,0,20.676,384,[84 -64 4 0 0 0 0 0 0 0 0 0 6 8 4 8 7 9 7 10 7 7 4 10 2 7 5 9 5 8 2 12 2 11 0 9 3 12 1 10 4 9 2 10 0 10 1 10 4 10 2 9 0 9 1 10 3 8 0 7 2 8 0 6 -2 -2 4 7 4 7 4 10 2 9 2 5 1 9 2 6 3 7 3 7 1 9 4 7 3 7 3 9 4 6 6 9 6 5 5 9 3 4 4 8 2 8 4 8 6 5 3 6 6 6 4 8 4 7 -2 0 0 0 0 0 0 0 0 0 ]
CSI_DATA,AP,68:FE:71:12:53:8C,-38,11,1,7,1,1,1,1,0,0,0,-94,1,6,1,20742113,0,84,0,0,20.742,384,[84 -64 4 0 0 0 0 0 0 0 0 0 7 -20 10 -16 8 -18 10 -19 12 -17 8 -19 10 -14 9 -18 10 -15 12 -15 12 -17 11 -16 11 -15 14 -17 10 -12 13 -15 10 -14 10 -12 13 -14 10 -12 12 -12 10 -11 11 -14 10 -12 9 -11 8 -14 2 0 12 -14 9 -11 12 -12 11 -14 11 -11 9 -15 10 -13 7 -13 9 -11 6 -13 5 -16 7 -12 5 -12 6 -14 6 -13 4 -16 7 -16 7 -15 4 -15 6 -16 7 -16 3 -16 4 -16 5 -15 6 -15 5 -14 -1 -1 0 0 0 0 0 0 0 0 ]
CSI_DATA,AP,68:FE:71:12:53:8C,-36,11,1,7,1,1,1,0,0,0,0,-94,0,6,1,20790413,0,84,0,0,20.79,384,[84 -64 4 0 0 0 0 0 0 0 0 0 -4 -19 -1 -21 -2 -22 -1 -22 -1 -18 2 -20 3 -22 3 -17 3 -18 3 -18 2 -22 3 -20 3 -21 4 -21 5 -21 4 -17 1 -20 3 -16 4 -17 1 -16 5 -15 1 -18 3 -17 5 -17 4 -18 3 -17 -1 -2 0 -18 2 -18 0 -16 1 -14 2 -16 2 -14 0 -18 -2 -14 1 -18 -2 -15 -1 -18 -3 -15 0 -16 -1 -17 -2 -18 -3 -15 -4 -16 -5 -18 -3 -14 -3 -18 -2 -16 -4 -17 -3 -16 -4 -18 -6 -15 -4 -18 0 2 0 0 0 0 0 0 0 0 ]
CSI_DATA,AP,68:FE:71:12:53:8C,-35,11,1,6,1,1,1,0,0,0,0,-96,0,6,1,20897470,0,84,0,0,20.897,384,[84 -64 4 0 0 0 0 0 0 0 0 0 -20 -7 -18 -9 -18 -12 -18 -12 -15 -13 -15 -10 -15 -12 -16 -10 -15 -11 -15 -11 -14 -14 -13 -14 -17 -11 -16 -13 -14 -14 -16 -15 -15 -13 -14 -10 -16 -11 -13 -11 -11 -15 -14 -11 -11 -10 -15 -10 -14 -14 -15 -11 2 -1 -14 -11 -14 -8 -11 -10 -14 -8 -11 -11 -14 -9 -14 -12 -12 -7 -12 -8 -13 -9 -12 -6 -13 -6 -14 -8 -17 -8 -13 -8 -14 -4 -15 -4 -16 -5 -14 -7 -14 -5 -17 -7 -17 -3 -18 -7 -15 -3 -15 -6 -14 -6 0 -2 0 0 0 0 0 0 0 0 ]
CSI_DATA,AP,68:FE:71:12:53:8C,-34,11,1,7,1,1,1,0,0,0,0,-94,0,6,1,20976584,0,82,0,0,20.977,384,[84 -64 4 0 0 0 0 0 0 0 0 0 -7 19 -10 17 -10 19 -9 19 -11 15 -9 17 -12 18 -13 13 -11 15 -10 17 -13 15 -15 14 -12 14 -13 12 -14 13 -12 14 -12 13 -13 13 -12 11 -13 13 -14 13 -10 12 -13 14 -9 14 -13 13 -9 12 -2 0 -8 12 -10 13 -10 13 -10 13 -8 12 -9 13 -7 15 -8 13 -10 11 -8 12 -7 15 -6 13 -6 16 -6 12 -7 16 -8 14 -5 15 -5 12 -4 17 -3 16 -3 13 -3 16 -3 14 -5 15 -5 14 -2 14 2 2 0 0 0 0 0 0 0 0 ]
CSI_DATA,AP,68:FE:71:12:53:8C,-36,11,1,7,1,1,1,0,0,0,0,-93,0,6,1,21046911,0,84,0,0,21.047,384,[84 -64 4 0 0 0 0 0 0 0 0 0 10 -19 8 -18 9 -16 8 -18 11 -18 9 -16 11 -16 13 -15 14 -18 10 -15 11 -14 12 -17 15 -13 14 -12 13 -15 13 -13 11 -11 14 -11 11 -11 13 -13 12 -11 11 -15 9 -13 12 -11 10 -11 9 -12 1 -1 8 -13 10 -13 12 -14 11 -12 10 -15 10 -11 7 -12 6 -13 6 -11 7 -13 8 -13 5 -15 7 -16 7 -16 5 -12 8 -17 9 -13 7 -16 7 -17 7 -14 6 -15 5 -13 4 -16 5 -17 4 -17 4 -14 1 0 0 0 0 0 0 0 0 0 ]
CSI_DATA,AP,68:FE:71:12:53:8C,-31,11,1,7,1,1,1,0,0,0,0,-94,0,6,1,21117474,0,84,0,0,21.117,384,[84 -64 4 0 0 0 0 0 0 0 0 0 8 -19 10 -17 7 -21 8 -21 10 -19 11 -20 12 -20 12 -16 14 -19 13 -17 12 -17 11 -19 13 -15 13 -15 10 -16 10 -14 12 -14 11 -13 13 -13 11 -13 9 -16 11 -12 11 -12 9 -16 11 -16 10 -16 -1 -2 11 -14 11 -12 10 -13 9 -15 10 -15 8 -15 11 -12 6 -16 9 -13 7 -13 5 -13 6 -17 8 -17 7 -18 8 -14 6 -16 4 -16 4 -16 7 -16 3 -16 6 -17 6 -16 3 -14 6 -19 5 -15 3 -16 2 -2 0 0 0 0 0 0 0 0 ]
CSI_DATA,AP,68:FE:71:12:53:8C,-32,11,1,7,1,1,1,0,0,0,0,-95,0,6,1,21213143,0,84,0,0,21.213,384,[84 -64 4 0 0 0 0 0 0 0 0 0 3 20 4 18 3 20 2 23 4 18 -1 20 2 20 -1 21 -1 20 -1 16 -2 20 0 19 1 20 -1 18 -1 20 -1 18 -2 17 -4 17 -1 19 0 18 -2 16 -2 18 -2 13 -3 18 -1 17 1 15 2 2 0 16 -1 16 0 17 -1 17 -2 17 2 17 2 14 1 18 0 16 2 13 2 17 4 14 1 18 4 17 1 15 2 14 1 18 6 15 4 15 5 12 4 16 6 14 5 14 8 15 5 16 5 14 -1 0 0 0 0 0 0 0 0 0 ]
CSI_DATA,AP,68:FE:71:12:53:8C,-32,11,1,7,1,1,1,0,0,0,0,-95,0,6,1,21302331,0,84,0,0,21.302,384,[84 -64 4 0 0 0 0 0 0 0 0 0 -17 -12 -17 -12 -16 -12 -17 -15 -17 -14 -15 -14 -12 -17 -13 -17 -15 -16 -14 -14 -12 -17 -12 -18 -15 -17 -14 -19 -12 -14 -13 -16 -12 -14 -11 -14 -13 -13 -10 -15 -12 -13 -11 -16 -9 -12 -10 -17 -13 -15 -10 -15 -2 0 -9 -13 -12 -14 -14 -13 -13 -13 -13 -13 -14 -15 -10 -13 -12 -14 -11 -10 -12 -11 -15 -10 -13 -11 -14 -12 -15 -10 -15 -11 -16 -9 -14 -10 -16 -8 -15 -8 -15 -7 -12 -9 -15 -9 -15 -8 -15 -7 -13 -7 -16 -9 2 2 0 0 0 0 0 0 0 0 ]
CSI_DATA,AP,68:FE:71:12:53:8C,-32,11,1,6,1,1,1,1,0,0,0,-94,6,6,1,21403115,0,84,0,0,21.403,384,[84 -64 4 0 0 0 0 0 0 0 0 0 21 -9 18 -8 20 -9 20 -9 22 -9 20 -5 22 -8 18 -7 19 -5 22 -6 22 -6 20 -7 23 -3 21 -6 19 -5 21 -4 19 -4 17 -3 17 -1 20 -1 20 -1 18 -4 19 0 19 -2 21 -2 20 -6 -2 1 15 -4 16 -4 18 -6 18 -5 14 -6 16 -5 16 -3 14 -6 14 -6 17 -7 15 -8 17 -5 13 -9 15 -8 14 -6 13 -8 14 -11 14 -12 16 -9 13 -10 13 -8 13 -12 12 -9 16 -14 15 -12 14 -11 -2 1 0 0 0 0 0 0 0 0 ]
CSI_DATA,AP,68:FE:71:12:53:8C,-32,11,1,7,1,1,1,1,0,0,0,-95,2,6,1,21496945,0,84,0,0,21.497,384,[84 -64 4 0 0 0 0 0 0 0 0 0 -21 2 -23 2 -23 3 -22 4 -20 2 -23 -1 -23 0 -23 0 -21 -4 -21 0 -25 -2 -20 -2 -21 0 -21 -3 -21 -2 -21 -4 -21 -3 -18 -1 -18 -4 -19 -6 -19 -4 -19 -3 -16 -4 -17 -2 -19 -3 -18 0 1 -1 -21 -2 -19 -2 -17 -1 -16 0 -20 1 -16 -1 -19 -1 -19 -1 -19 1 -18 2 -19 2 -18 3 -19 2 -18 2 -18 3 -17 2 -19 5 -18 4 -18 5 -17 3 -17 4 -17 3 -18 3 -16 5 -17 6 -15 5 2 -1 0 0 0 0 0 0 0 0 ]
CSI_DATA,AP,68:FE:71:12:53:8C,-35,11,1,6,1,1,1,1,0,0,0,-94,6,6,1,21583732,0,84,0,0,21.584,384,[84 -64 4 0 0 0 0 0 0 0 0 0 23 2 23 1 22 2 22 3 23 4 18 4 19 6 21 9 20 5 21 9 20 7 22 9 19 9 20 8 17 6 21 7 16 7 15 6 18 6 19 8 19 8 16 10 14 9 18 9 16 6 16 6 2 1 15 7 17 5 15 8 16 7 14 8 17 3 14 6 14 5 14 2 15 1 19 2 15 2 18 4 18 3 17 4 20 4 17 1 16 1 18 2 16 0 17 0 16 1 15 -2 19 1 19 -2 16 -1 0 1 0 0 0 0 0 0 0 0 ]
CSI_DATA,AP,68:FE:71:12:53:8C,-37,11,0,0,0,0,0,0,0,0,0,-94,0,6,1,21660136,0,37,0,0,21.66,128,[84 -64 4 0 0 0 0 0 0 0 0 0 15 15 12 14 13 16 12 15 15 18 13 16 14 18 9 14 11 17 10 16 11 16 9 19 11 20 10 18 11 15 8 19 8 15 9 16 7 15 10 17 6 18 11 18 8 13 8 16 10 14 11 14 -2 -2 8 16 12 15 10 14 13 15 7 11 12 13 8 13 8 11 9 13 13 12 12 10 9 10 13 12 12 10 10 10 13 8 12 10 13 10 14 12 14 7 15 8 14 10 16 10 14 7 13 10 15 6 -1 0 0 0 0 0 0 0 0 0 ]
CSI_DATA,AP,68:FE:71:12:53:8C,-34,11,1,6,1,1,1,0,0,0,1,-93,0,6,1,21746314,0,84,0,0,21.746,384,[84 -64 4 0 0 0 0 0 0 0 0 0 7 22 4 18 3 22 5 24 1 20 2 21 2 21 0 20 2 22 -1 21 2 22 0 19 -1 19 2 18 0 20 -1 21 -4 18 -4 20 -3 18 -1 18 -3 20 -1 17 0 17 -2 19 1 18 -2 18 -2 0 -3 15 1 16 -2 19 3 15 -2 19 2 16 0 18 1 17 -1 18 4 16 2 18 3 16 5 15 2 15 3 18 6 17 6 19 4 18 6 17 5 14 5 14 6 17 7 17 5 16 7 14 5 13 -1 -2 0 0 0 0 0 0 0 0 ]
CSI_DATA,AP,68:FE:71:12:53:8C,-35,11,1,6,1,1,1,0,0,0,0,-93,0,6,1,21844480,0,84,0,0,21.844,384,[84 -64 4 0 0 0 0 0 0 0 0 0 20 -14 19 -12 18 -12 22 -13 18 -11 19 -9 17 -10 20 -6 18 -5 18 -8 22 -7 20 -10 21 -7 20 -5 19 -3 18 -4 18 -7 16 -5 19 -5 20 -4 20 -3 20 -4 14 -6 15 -7 18 -8 15 -8 -1 -1 18 -7 18 -6 15 -8 14 -7 17 -7 16 -6 18 -8 13 -7 15 -8 15 -8 12 -7 12 -9 13 -9 12 -10 12 -8 16 -10 13 -12 13 -9 15 -10 10 -12 15 -12 12 -12 13 -10 14 -14 10 -13 10 -14 1 0 0 0 0 0 0 0 0 0 ]
CSI_DATA,AP,68:FE:71:12:53:8C,-33,11,1,7,1,1,1,1,0,0,0,-93,1,6,1,21920670,0,84,0,0,21.921,384,[84 -64 4 0 0 0 0 0 0 0 0 0 19 -16 15 -13 16 -14 20 -14 21 -10 16 -11 19 -10 19 -8 21 -7 17 -7 22 -11 19 -7 19 -6 17 -7 20 -7 19 -8 20 -8 19 -8 17 -9 16 -5 16 -5 18 -5 19 -5 15 -5 16 -6 18 -9 -2 -2 14 -6 19 -9 15 -10 15 -8 13 -6 15 -11 13 -9 15 -8 13 -10 15 -9 13 -10 11 -8 13 -10 15 -11 16 -9 12 -10 15 -13 11 -10 14 -14 12 -12 12 -11 11 -14 14 -12 13 -15 10 -12 9 -13 -1 0 0 0 0 0 0 0 0 0 ]
CSI_DATA,AP,68:FE:71:12:53:8C,-38,11,1,5,1,1,1,1,0,0,0,-93,3,6,1,22000357,0,82,0,0,22,384,[84 -64 4 0 0 0 0 0 0 0 0 0 9 -19 12 -17 10 -16 15 -20 11 -13 14 -16 15 -16 12 -12 12 -14 15 -13 14 -15 14 -14 15 -13 15 -14 13 -10 15 -14 15 -12 13 -11 14 -10 12 -11 14 -11 13 -12 11 -11 15 -9 15 -12 15 -9 -1 1 14 -10 12 -11 12 -10 11 -11 12 -10 13 -13 13 -14 13 -11 12 -14 7 -11 8 -14 8 -10 9 -15 12 -11 9 -10 8 -13 8 -12 11 -12 11 -15 8 -15 11 -14 10 -15 6 -13 9 -14 8 -16 7 -17 2 -1 0 0 0 0 0 0 0 0 ]
CSI_DATA,AP,68:FE:71:12:53:8C,-34,11,0,0,0,0,0,0,0,0,0,-93,0,6,1,22103400,0,37,0,0,22.103,128,[84 -64 4 0 0 0 0 0 0 0 0 0 18 -13 18 -11 17 -11 20 -9 16 -9 19 -8 18 -10 19 -5 16 -5 19 -4 18 -8 19 -5 17 -4 20 -7 19 -3 18 -3 18 -2 16 -6 17 -3 17 -4 17 -2 18 -4 15 -6 16 -4 17 -3 16 -3 -2 1 16 -3 13 -7 14 -8 15 -4 13 -7 16 -4 14 -4 15 -8 13 -6 15 -7 15 -9 13 -7 15 -7 13 -10 13 -9 16 -8 16 -8 12 -8 13 -8 11 -12 11 -8 13 -11 13 -12 15 -9 12 -9 10 -9 0 -1 0 0 0 0 0 0 0 0 ]
CSI_DATA,AP,68:FE:71:12:53:8C,-34,11,1,6,1,1,1,0,0,0,1,-93,0,6,1,22179306,0,84,0,0,22.179,384,[84 -64 4 0 0 0 0 0 0 0 0 0 -16 -16 -12 -16 -13 -16 -14 -16 -11 -19 -13 -15 -14 -17 -10 -15 -10 -17 -9 -17 -10 -21 -10 -17 -7 -18 -6 -20 -7 -17 -9 -21 -10 -19 -10 -17 -6 -19 -10 -15 -6 -15 -7 -17 -7 -14 -9 -17 -6 -17 -8 -15 0 1 -6 -17 -7 -17 -7 -14 -10 -15 -11 -12 -11 -14 -11 -14 -8 -11 -10 -15 -11 -10 -10 -15 -10 -11 -8 -14 -13 -14 -12 -14 -12 -10 -12 -14 -12 -13 -12 -10 -11 -10 -11 -11 -15 -9 -15 -11 -12 -11 -11 -9 -14 -11 1 -2 0 0 0 0 0 0 0 0 ]
CSI_DATA,AP,68:FE:71:12:53:8C,-34,11,1,6,1,1,1,0,0,0,0,-94,0,6,1,22250440,0,84,0,0,22.25,384,[84 -64 4 0 0 0 0 0 0 0 0 0 -22 5 -23 4 -20 1 -24 0 -24 1 -23 -1 -20 0 -20 0 -19 -3 -20 -1 -23 -3 -22 -5 -23 -2 -21 -3 -17 -4 -23 -3 -19 -5 -17 -3 -16 -5 -21 -2 -16 -5 -18 -4 -15 -5 -17 -6 -17 -3 -18 -1 1 1 -16 -2 -19 -3 -18 -2 -16 1 -16 -1 -17 -1 -15 0 -19 0 -19 2 -17 2 -16 3 -16 -2 -18 0 -18 1 -17 4 -15 1 -17 3 -16 3 -17 3 -16 4 -18 3 -17 5 -18 2 -16 5 -16 5 -15 4 -1 1 0 0 0 0 0 0 0 0 ]
CSI_DATA,AP,68:FE:71:12:53:8C,-35,11,1,5,1,1,1,0,0,0,0,-94,0,6,1,22347308,0,84,0,0,22.347,384,[84 -64 4 0 0 0 0 0 0 0 0 0 14 13 14 16 12 14 13 20 11 16 12 19 10 15 12 15 10 16 10 17 11 19 7 19 10 21 8 19 6 17 6 19 5 19 7 16 6 15 6 17 7 16 8 16 7 17 7 15 8 19 9 17 -2 -1 9 14 8 13 8 15 10 15 8 13 11 16 9 12 7 12 10 13 11 13 8 13 10 14 10 14 8 10 9 14 9 15 10 10 14 12 12 11 10 11 13 13 13 13 10 11 13 10 12 10 10 11 2 -2 0 0 0 0 0 0 0 0 ]
CSI_DATA,AP,68:FE:71:12:53:8C,-33,11,1,6,1,1,1,0,0,0,0,-94,0,6,1,22431267,0,84,0,0,22.431,384,[84 -64 4 0 0 0 0 0 0 0 0 0 -20 7 -19 5 -23 5 -21 6 -20 4 -21 4 -22 4 -21 1 -19 -1 -21 2 -22 -1 -22 -3 -20 1 -22 -2 -21 -3 -20 -2 -19 0 -18 -1 -20 -1 -20 -4 -20 0 -20 -1 -17 -4 -18 -1 -17 0 -19 1 2 0 -17 2 -16 0 -17 -2 -20 3 -18 1 -18 3 -16 3 -18 1 -14 0 -17 3 -15 4 -15 1 -18 1 -14 3 -15 3 -19 7 -20 7 -15 7 -17 3 -17 4 -15 3 -16 5 -17 8 -18 6 -15 4 -17 4 1 -2 0 0 0 0 0 0 0 0 ]
CSI_DATA,AP,68:FE:71:12:53:8C,-32,11,1,7,1,1,1,0,0,0,0,-93,0,6,1,22529090,0,84,0,0,22.529,384,[84 -64 4 0 0 0 0 0 0 0 0 0 -21 -6 -18 -8 -23 -10 -21 -11 -20 -8 -20 -11 -20 -9 -16 -12 -17 -11 -16 -9 -17 -14 -18 -11 -18 -12 -18 -11 -15 -14 -17 -15 -15 -12 -17 -14 -14 -11 -14 -12 -16 -12 -16 -12 -15 -11 -14 -9 -18 -11 -17 -9 0 2 -12 -8 -18 -9 -16 -9 -16 -6 -13 -11 -16 -8 -15 -11 -16 -6 -15 -7 -16 -9 -18 -8 -17 -6 -18 -4 -14 -6 -18 -8 -19 -4 -18 -6 -16 -5 -18 -7 -17 -4 -15 -7 -15 -3 -16 -3 -18 -3 -16 -5 -19 -5 1 0 0 0 0 0 0 0 0 0 ]
CSI_DATA,AP,68:FE:71:12:53:8C,-38,11,1,6,1,1,1,0,0,0,0,-95,0,6,1,22627702,0,84,0,0,22.628,384,[84 -64 4 0 0 0 0 0 0 0 0 0 -18 12 -18 11 -20 10 -20 13 -18 11 -20 10 -18 11 -17 8 -18 10 -20 9 -23 6 -20 10 -20 5 -22 8 -17 5 -21 5 -17 5 -16 6 -16 3 -16 4 -16 5 -20 4 -15 4 -16 3 -16 4 -17 5 -1 1 -17 8 -19 7 -15 6 -16 8 -15 5 -15 8 -14 6 -14 8 -16 7 -13 10 -17 8 -15 8 -16 10 -14 9 -15 11 -15 10 -15 12 -14 10 -14 9 -10 13 -14 12 -15 10 -13 12 -10 10 -13 9 -10 12 -2 1 0 0 0 0 0 0 0 0 ]
CSI_DATA,AP,68:FE:71:12:53:8C,-35,11,1,6,1,1,1,0,0,0,0,-93,0,6,1,22698831,0,84,0,0,22.699,384,[84 -64 4 0 0 0 0 0 0 0 0 0 -3 -19 -2 -20 -3 -21 1 -24 1 -22 2 -19 0 -20 2 -20 5 -20 3 -20 1 -22 5 -22 6 -21 5 -20 3 -18 3 -18 2 -16 7 -16 6 -19 7 -19 7 -18 7 -16 6 -15 3 -19 5 -18 6 -20 -1 1 3 -16 4 -17 3 -15 0 -19 1 -16 2 -15 5 -19 2 -15 4 -18 2 -16 -1 -18 2 -18 2 -15 -2 -17 0 -16 1 -15 2 -16 -2 -18 -2 -16 -1 -16 -2 -18 0 -16 -3 -19 -4 -18 -4 -18 -3 -19 1 1 0 0 0 0 0 0 0 0 ]
CSI_DATA,AP,68:FE:71:12:53:8C,-33,11,1,7,1,1,1,0,0,0,0,-95,0,6,1,22800576,0,84,0,0,22.801,384,[84 -64 4 0 0 0 0 0 0 0 0 0 -2 -19 1 -18 2 -19 3 -23 2 -19 4 -19 1 -19 2 -20 2 -19 4 -19 5 -21 6 -20 4 -22 5 -20 4 -20 3 -20 7 -17 7 -15 5 -15 7 -17 4 -19 7 -16 4 -16 3 -15 5 -19 6 -17 0 -1 3 -17 3 -19 4 -15 1 -14 2 -18 1 -17 3 -17 4 -18 3 -15 2 -15 0 -17 -1 -17 1 -18 2 -15 0 -18 -1 -18 -1 -19 -2 -15 0 -17 -2 -15 -3 -17 1 -16 -4 -17 -4 -18 -3 -17 -2 -14 2 2 0 0 0 0 0 0 0 0 ]
CSI_DATA,AP,68:FE:71:12:53:8C,-36,11,1,6,1,1,1,0,0,0,0,-93,0,6,1,22871182,0,84,0,0,22.871,384,[84 -64 4 0 0 0 0 0 0 0 0 0 18 8 16 11 19 11 17 10 15 14 17 13 14 11 14 12 17 14 12 13 17 16 15 13 15 13 15 12 14 14 12 12 11 12 14 15 12 11 13 14 14 12 10 12 10 13 14 13 11 15 13 11 -2 0 12 13 12 13 13 11 13 11 10 9 15 13 12 13 12 11 11 8 13 9 14 10 11 10 15 9 13 7 14 8 15 7 14 9 16 7 17 7 13 7 14 7 14 7 15 7 16 3 14 6 17 3 -2 0 0 0 0 0 0 0 0 0 ]
CSI_DATA,AP,68:FE:71:12:53:8C,-36,11,1,6,1,1,1,1,0,0,0,-95,2,6,1,22950355,0,84,0,0,22.95,384,[84 -64 4 0 0 0 0 0 0 0 0 0 19 -13 19 -9 17 -12 18 -11 17 -10 17 -7 18 -7 19 -5 19 -7 18 -7 20 -7 19 -8 19 -7 20 -4 17 -3 18 -8 20 -7 17 -7 20 -5 18 -5 19 -4 20 -3 15 -2 19 -6 18 -6 17 -5 0 1 15 -7 18 -6 17 -8 15 -7 16 -6 15 -5 18 -5 14 -8 15 -6 15 -9 16 -9 16 -7 13 -10 13 -7 15 -11 15 -8 13 -13 11 -10 13 -10 13 -11 14 -9 11 -11 13 -13 12 -11 14 -13 14 -14 0 -2 0 0 0 0 0 0 0 0 ]
CSI_DATA,AP,68:FE:71:12:53:8C,-35,11,1,5,1,1,1,0,0,0,0,-93,0,6,1,23036859,0,84,0,0,23.037,384,[84 -64 4 0 0 0 0 0 0 0 0 0 18 10 18 13 19 13 15 12 15 13 14 11 12 13 12 15 15 14 15 11 16 16 13 13 12 13 12 13 11 16 12 13 11 16 12 12 13 14 11 14 10 16 9 14 12 12 13 11 14 13 12 15 -1 0 13 14 13 13 12 11 12 11 10 11 14 13 11 12 12 8 13 10 13 11 12 11 14 7 15 8 15 9 11 9 15 11 16 7 12 7 15 6 15 4 16 8 12 7 12 8 14 7 13 5 16 5 2 2 0 0 0 0 0 0 0 0 ]
CSI_DATA,AP,68:FE:71:12:53:8C,-38,11,1,5,1,1,1,0,0,0,0,-95,0,6,1,23135664,0,84,0,0,23.136,384,[84 -64 4 0 0 0 0 0 0 0 0 0 -18 -13 -13 -13 -17 -11 -17 -14 -18 -12 -13 -16 -15 -17 -11 -16 -14 -15 -12 -16 -12 -14 -14 -17 -14 -17 -12 -16 -10 -18 -12 -14 -13 -13 -12 -12 -11 -13 -12 -16 -10 -17 -10 -17 -10 -16 -12 -16 -12 -16 -10 -12 -2 1 -10 -11 -13 -14 -12 -15 -13 -14 -8 -14 -12 -12 -9 -12 -12 -14 -13 -9 -11 -12 -13 -9 -10 -8 -15 -12 -12 -12 -11 -11 -11 -10 -14 -8 -13 -9 -14 -9 -12 -7 -12 -9 -12 -9 -15 -9 -13 -8 -13 -7 -12 -4 0 0 0 0 0 0 0 0 0 0 ]
CSI_DATA,AP,68:FE:71:12:53:8C,-34,11,1,6,1,1,1,0,0,0,0,-94,0,6,1,23243300,0,84,0,0,23.243,384,[84 -64 4 0 0 0 0 0 0 0 0 0 -2 21 -3 20 -6 19 -6 19 -6 19 -9 17 -8 17 -7 16 -11 16 -7 19 -9 20 -7 17 -11 18 -11 18 -11 16 -11 16 -10 16 -8 15 -12 17 -12 14 -10 14 -8 16 -12 12 -8 13 -12 16 -7 15 -2 -2 -11 15 -10 16 -8 15 -9 13 -10 17 -6 15 -8 13 -8 14 -9 16 -8 16 -4 16 -5 14 -4 16 -7 14 -3 13 -4 14 -3 16 -4 16 -2 17 -2 18 -5 16 -4 18 -1 17 0 16 -3 14 0 17 1 -1 0 0 0 0 0 0 0 0 ]
CSI_DATA,AP,68:FE:71:12:53:8C,-39,11,1,4,1,1,1,0,0,0,0,-95,0,6,1,23330329,0,84,0,0,23.33,384,[84 -64 4 0 0 0 0 0 0 0 0 0 16 7 18 5 19 7 16 11 18 8 16 12 15 9 16 8 15 11 16 13 14 13 15 9 13 12 14 13 13 10 15 13 13 13 12 10 11 10 9 10 10 12 13 11 8 10 13 10 12 12 11 12 -2 -1 9 12 13 11 14 10 14 7 12 9 13 7 13 8 12 9 10 8 11 9 13 7 14 5 10 6 11 5 11 8 12 5 14 6 12 7 15 6 14 3 11 4 13 7 15 3 12 4 14 6 11 3 -1 1 0 0 0 0 0 0 0 0 ]
CSI_DATA,AP,68:FE:71:12:53:8C,-34,11,1,6,1,1,1,0,0,0,0,-95,0,6,1,23425347,0,84,0,0,23.425,384,[84 -64 4 0 0 0 0 0 0 0 0 0 -1 21 -5 21 -2 19 -2 20 -5 22 -4 18 -7 22 -6 19 -6 20 -11 18 -8 21 -8 17 -8 17 -10 19 -11 17 -7 18 -9 16 -7 16 -10 16 -11 17 -9 17 -11 15 -10 15 -9 17 -8 17 -11 14 -1 1 -10 16 -9 16 -9 14 -7 14 -9 15 -9 17 -7 13 -4 15 -8 15 -4 15 -5 16 -7 15 -6 17 -2 14 -6 17 -1 16 -3 16 -4 14 -3 14 0 15 -6 16 -3 17 -3 15 -1 17 -4 17 -1 14 -1 2 0 0 0 0 0 0 0 0 ]
CSI_DATA,AP,68:FE:71:12:53:8C,-33,11,1,7,1,1,1,0,0,0,0,-94,0,6,1,23504555,0,84,0,0,23.505,384,[84 -64 4 0 0 0 0 0 0 0 0 0 8 18 5 14 6 16 6 19 2 19 0 17 3 15 1 17 2 15 2 16 1 18 2 17 0 18 -1 15 0 13 1 15 -2 13 0 12 -1 14 2 15 -3 13 0 14 -4 12 -2 14 -3 14 -3 14 -2 -2 -2 11 -1 15 1 16 1 12 1 12 1 12 -1 13 0 14 1 14 2 9 3 14 4 11 3 11 1 10 4 10 3 12 4 13 4 9 4 11 7 10 6 12 4 10 5 14 7 12 6 13 4 10 0 -1 0 0 0 0 0 0 0 0 ]
CSI_DATA,AP,68:FE:71:12:53:8C,-34,11,1,6,1,1,1,0,0,0,0,-94,0,6,1,23589090,0,84,0,0,23.589,384,[84 -64 4 0 0 0 0 0 0 0 0 0 -14 -8 -18 -5 -18 -9 -16 -7 -15 -11 -12 -8 -13 -8 -15 -9 -16 -10 -15 -13 -13 -14 -12 -12 -14 -14 -13 -13 -14 -9 -11 -12 -13 -11 -11 -12 -11 -13 -13 -13 -12 -13 -10 -10 -11 -12 -9 -10 -10 -12 -13 -12 0 1 -13 -11 -12 -9 -13 -7 -14 -9 -13 -10 -13 -9 -14 -11 -11 -10 -13 -7 -12 -9 -14 -8 -13 -6 -15 -7 -13 -7 -11 -8 -13 -6 -12 -7 -13 -8 -16 -6 -15 -6 -15 -6 -13 -3 -15 -7 -14 -3 -14 -5 -14 -6 0 -1 0 0 0 0 0 0 0 0 ]
CSI_DATA,AP,68:FE:71:12:53:8C,-36,11,1,6,1,1,1,1,0,0,0,-94,5,6,1,23679075,0,84,0,0,23.679,384,[84 -64 4 0 0 0 0 0 0 0 0 0 18 -3 18 1 20 -1 20 2 20 -1 18 2 17 1 15 3 18 3 18 5 19 4 20 4 18 2 15 5 18 7 16 5 15 4 13 3 14 2 16 7 13 5 15 6 14 4 12 2 14 4 16 2 2 -2 14 2 12 4 17 3 14 2 14 5 14 2 14 5 12 4 13 3 12 0 12 0 12 2 14 -1 15 0 14 1 16 -1 14 -1 16 1 12 0 15 0 16 0 12 -2 12 0 12 -1 12 -3 13 -4 1 1 0 0 0 0 0 0 0 0 ]
CSI_DATA,AP,68:FE:71:12:53:8C,-37,11,1,7,1,1,1,0,0,0,0,-95,0,6,1,23758917,0,84,0,0,23.759,384,[84 -64 4 0 0 0 0 0 0 0 0 0 -15 4 -16 1 -17 3 -15 1 -17 1 -16 -1 -13 3 -13 -1 -15 -1 -13 1 -15 2 -13 -1 -15 2 -14 -2 -12 0 -17 0 -14 1 -12 -2 -12 1 -14 -3 -12 -2 -15 1 -10 0 -12 1 -12 -1 -14 -1 -2 1 -13 0 -11 -2 -14 -2 -12 1 -10 0 -14 -1 -10 1 -9 2 -10 -1 -12 0 -12 3 -10 2 -10 4 -12 2 -14 3 -11 0 -13 1 -13 2 -11 4 -10 4 -12 1 -13 2 -11 2 -9 5 -13 5 -10 3 -1 1 0 0 0 0 0 0 0 0 ]
CSI_DATA,AP,68:FE:71:12:53:8C,-38,11,0,0,0,0,0,0,0,0,0,-93,0,6,1,23832407,0,37,0,0,23.832,128,[84 -64 4 0 0 0 0 0 0 0 0 0 -7 -12 -8 -14 -11 -16 -8 -15 -10 -12 -9 -13 -9 -15 -9 -12 -8 -14 -8 -14 -5 -14 -5 -14 -6 -14 -8 -14 -8 -15 -5 -16 -6 -16 -8 -12 -4 -13 -5 -12 -6 -14 -8 -15 -3 -13 -5 -12 -7 -16 -8 -13 -2 1 -4 -14 -8 -12 -5 -16 -8 -14 -4 -13 -5 -15 -8 -12 -4 -12 -6 -14 -5 -10 -10 -14 -5 -13 -8 -10 -8 -13 -8 -12 -10 -11 -8 -11 -7 -11 -10 -11 -10 -11 -9 -11 -12 -14 -12 -14 -10 -14 -10 -13 -12 -11 1 2 0 0 0 0 0 0 0 0 ]
CSI_DATA,AP,68:FE:71:12:53:8C,-35,11,1,6,1,1,1,0,0,0,0,-96,0,6,1,23903721,0,84,0,0,23.904,384,[84 -64 4 0 0 0 0 0 0 0 0 0 -5 23 -2 23 -3 24 -4 24 -8 24 -9 18 -9 19 -7 19 -7 22 -11 18 -9 21 -9 19 -9 21 -11 17 -11 18 -9 18 -10 16 -7 15 -8 16 -10 16 -7 16 -7 16 -10 14 -7 16 -8 19 -9 17 0 2 -9 15 -8 17 -7 20 -5 15 -5 14 -4 15 -4 16 -4 14 -1 18 -5 14 -1 17 -5 15 -3 16 -3 17 1 17 -2 16 0 19 -1 19 1 15 2 18 -2 15 2 16 1 17 3 19 3 15 4 16 1 -1 0 0 0 0 0 0 0 0 ]
CSI_DATA,AP,68:FE:71:12:53:8C,-32,11,1,6,1,1,1,0,0,0,0,-94,0,6,1,23958879,0,84,0,0,23.959,384,[84 -64 4 0 0 0 0 0 0 0 0 0 0 20 1 21 3 21 -2 20 2 19 0 20 -2 18 -1 17 -5 16 -3 20 -4 19 -3 17 -1 18 -5 21 -3 16 -6 20 -3 15 -3 18 -2 15 -7 15 -3 15 -5 15 -5 14 -2 17 -3 14 -5 15 -1 -2 -6 16 -4 14 -4 18 -2 14 -3 13 -3 17 -4 17 1 12 -3 16 -3 15 0 15 1 12 0 13 2 13 -1 12 0 15 3 15 0 15 0 16 0 11 0 17 0 12 3 14 1 15 4 14 5 16 -2 -2 0 0 0 0 0 0 0 0 ]
CSI_DATA,AP,68:FE:71:12:53:8C,-32,11,1,7,1,1,1,0,0,0,0,-94,0,6,1,24060726,0,84,0,0,24.061,384,[84 -64 4 0 0 0 0 0 0 0 0 0 20 -9 18 -12 18 -11 19 -6 21 -8 17 -4 16 -6 19 -6 17 -5 16 -4 19 -3 18 -4 15 -1 17 -2 15 -2 17 -2 15 -2 15 -2 13 -2 14 -2 11 0 11 -3 12 -1 14 -4 10 -3 14 -5 -1 -2 11 -3 11 -4 12 -6 8 -4 12 -6 12 -5 10 -7 7 -7 12 -7 11 -5 11 -8 7 -9 7 -7 8 -6 10 -6 10 -9 10 -7 7 -7 11 -9 7 -11 10 -9 9 -11 6 -11 8 -9 10 -11 10 -11 1 0 0 0 0 0 0 0 0 0 ]
CSI_DATA,AP,68:FE:71:12:53:8C,-37,11,1,7,1,1,1,0,0,0,0,-96,0,6,1,24168735,0,84,0,0,24.169,384,[84 -64 4 0 0 0 0 0 0 0 0 0 -19 6 -19 7 -22 8 -21 6 -19 2 -18 4 -20 1 -17 0 -19 1 -18 -2 -16 0 -19 -2 -19 0 -15 1 -12 -1 -17 3 -14 0 -12 1 -11 0 -11 1 -14 -2 -14 -1 -13 1 -13 -1 -14 3 -13 0 2 -2 -12 -1 -11 4 -9 3 -10 5 -8 2 -9 4 -8 2 -9 2 -9 3 -10 3 -11 7 -8 3 -7 7 -9 4 -6 4 -8 5 -6 9 -6 6 -6 7 -9 9 -9 8 -7 9 -9 9 -5 8 -9 9 -8 6 -2 -2 0 0 0 0 0 0 0 0 ]
CSI_DATA,AP,68:FE:71:12:53:8C,-34,11,1,5,1,1,1,1,0,0,0,-93,6,6,1,24255920,0,84,0,0,24.256,384,[84 -64 4 0 0 0 0 0 0 0 0 0 22 17 18 19 20 21 20 23 18 17 12 17 12 20 9 19 13 20 10 19 13 17 12 16 13 16 11 14 9 15 11 16 10 15 6 13 8 14 6 15 7 12 7 13 6 8 10 9 9 11 10 9 -2 -1 10 10 8 10 8 7 12 9 12 6 12 7 11 8 10 7 10 5 10 2 11 3 11 3 9 2 13 2 14 4 13 1 14 3 15 1 15 1 10 2 15 -2 12 1 13 -2 15 -4 14 -4 12 -4 -2 0 0 0 0 0 0 0 0 0 ]
CSI_DATA,AP,68:FE:71:12:53:8C,-36,11,1,6,1,1,1,0,0,0,0,-95,0,6,1,24345824,0,84,0,0,24.346,384,[84 -64 4 0 0 0 0 0 0 0 0 0 16 27 15 25 12 31 13 29 11 28 10 27 9 30 9 25 6 27 5 25 9 26 8 25 4 26 7 22 2 22 3 21 5 23 2 19 4 21 2 21 2 18 2 18 4 15 4 16 6 14 6 16 1 -1 5 12 6 13 6 11 5 12 6 14 9 10 7 13 9 10 9 8 9 10 10 9 10 10 10 10 9 9 11 7 10 9 9 5 12 6 12 6 8 6 11 5 8 5 12 4 10 3 10 1 11 2 -2 2 0 0 0 0 0 0 0 0 ]
CSI_DATA,AP,68:FE:71:12:53:8C,-35,11,1,7,1,1,1,0,0,0,0,-94,0,6,1,24436955,0,84,0,0,24.437,384,[84 -64 4 0 0 0 0 0 0 0 0 0 13 -20 12 -18 13 -20 16 -20 13 -19 15 -15 13 -15 13 -14 16 -12 14 -13 13 -13 13 -12 14 -13 16 -15 12 -12 13 -14 12 -10 11 -11 14 -11 13 -13 13 -12 11 -12 12 -9 13 -10 11 -11 13 -9 0 1 9 -13 13 -12 11 -13 8 -14 10 -13 9 -11 11 -13 11 -13 9 -10 7 -13 9 -13 6 -12 8 -15 7 -15 11 -13 8 -13 8 -12 9 -11 8 -11 5 -14 6 -15 6 -11 4 -11 4 -14 8 -14 8 -12 -2 0 0 0 0 0 0 0 0 0 ]
CSI_DATA,AP,68:FE:71:12:53:8C,-39,11,1,4,1,1,1,0,0,0,0,-94,0,6,1,24545589,0,84,0,0,24.546,384,[84 -64 4 0 0 0 0 0 0 0 0 0 18 -9 20 -8 21 -10 22 -9 23 -9 22 -11 21 -10 22 -9 23 -6 22 -9 24 -7 21 -7 21 -8 22 -6 21 -6 21 -6 22 -6 22 -4 21 -4 20 -4 23 -4 21 -7 20 -3 22 -5 22 -4 22 -8 2 -1 23 -8 22 -7 22 -10 22 -9 20 -6 22 -8 23 -11 19 -10 22 -12 18 -12 19 -14 21 -9 21 -12 20 -13 23 -10 23 -14 24 -13 21 -13 19 -12 16 -14 23 -10 17 -14 22 -12 20 -15 19 -11 19 -11 -2 0 0 0 0 0 0 0 0 0 ]
CSI_DATA,AP,68:FE:71:12:53:8C,-32,11,1,7,1,1,1,1,0,0,0,-95,1,6,1,24613235,0,84,0,0,24.613,384,[84 -64 4 0 0 0 0 0 0 0 0 0 -17 -13 -19 -10 -21 -11 -21 -11 -20 -11 -20 -16 -20 -17 -17 -14 -17 -14 -19 -17 -20 -16 -19 -18 -19 -17 -18 -16 -15 -19 -17 -19 -15 -16 -16 -15 -17 -16 -17 -16 -17 -16 -19 -19 -17 -17 -17 -16 -16 -18 -17 -17 0 -2 -18 -15 -18 -14 -21 -17 -21 -13 -16 -14 -19 -15 -17 -17 -17 -14 -17 -15 -19 -12 -20 -15 -19 -13 -23 -14 -20 -11 -21 -14 -24 -16 -24 -16 -24 -14 -23 -12 -22 -12 -23 -13 -18 -14 -23 -11 -22 -11 -19 -14 -21 -13 0 0 0 0 0 0 0 0 0 0 ]
CSI_DATA,AP,68:FE:71:12:53:8C,-40,11,1,5,1,1,1,1,0,0,0,-93,2,6,1,24706574,0,84,0,0,24.707,384,[84 -64 4 0 0 0 0 0 0 0 0 0 -15 -5 -15 -5 -15 -4 -16 -7 -16 -7 -12 -6 -14 -6 -12 -9 -13 -6 -13 -8 -13 -11 -16 -7 -12 -11 -11 -8 -11 -12 -14 -10 -14 -9 -11 -10 -12 -8 -12 -11 -9 -9 -14 -12 -12 -10 -11 -11 -12 -12 -13 -8 -2 -1 -14 -12 -11 -9 -15 -10 -14 -10 -13 -7 -14 -7 -15 -10 -12 -8 -13 -9 -12 -6 -16 -8 -14 -9 -15 -5 -12 -7 -15 -7 -14 -7 -15 -7 -15 -3 -15 -5 -16 -6 -15 -3 -16 -5 -17 -5 -14 -6 -16 -5 -16 -6 2 0 0 0 0 0 0 0 0 0 ]
CSI_DATA,AP,68:FE:71:12:53:8C,-39,11,1,6,1,1,1,0,0,0,1,-93,0,6,1,24777690,0,84,0,0,24.778,384,[84 -64 4 0 0 0 0 0 0 0 0 0 10 -14 10 -13 12 -18 11 -17 13 -18 13 -17 13 -14 15 -14 17 -12 12 -17 16 -17 15 -16 20 -16 15 -14 20 -15 22 -15 16 -12 18 -11 18 -11 18 -13 20 -13 20 -12 18 -8 17 -13 20 -11 20 -12 -1 1 19 -12 18 -15 19 -14 15 -14 15 -11 16 -15 15 -15 13 -15 14 -14 11 -11 14 -14 13 -13 11 -13 13 -16 10 -12 11 -17 14 -14 12 -17 9 -14 9 -17 12 -16 12 -17 12 -18 9 -17 11 -16 7 -16 -2 1 0 0 0 0 0 0 0 0 ]
CSI_DATA,AP,68:FE:71:12:53:8C,-35,11,1,7,1,1,1,1,0,0,0,-96,5,6,1,24864724,0,84,0,0,24.865,384,[84 -64 4 0 0 0 0 0 0 0 0 0 3 13 3 15 2 15 3 18 3 15 5 16 1 14 5 16 5 16 3 17 1 18 1 18 -1 17 1 19 -1 19 2 19 0 20 -2 16 -2 17 -1 19 -1 16 -2 16 0 15 1 17 -1 21 0 19 1 -1 -1 19 2 17 2 19 -1 17 0 16 -2 16 2 18 0 18 3 18 3 15 4 17 0 15 1 20 1 18 0 18 6 20 2 19 5 18 4 15 6 16 5 18 4 16 3 15 6 16 5 15 5 16 -1 0 0 0 0 0 0 0 0 0 ]
CSI_DATA,AP,68:FE:71:12:53:8C,-38,11,1,7,1,1,1,0,0,0,0,-95,0,6,1,24972519,0,84,0,0,24.973,384,[84 -64 4 0 0 0 0 0 0 0 0 0 -1 21 -2 21 -4 23 -6 20 -7 21 -6 20 -8 20 -6 18 -7 17 -7 17 -7 21 -6 21 -8 20 -6 19 -6 16 -8 20 -7 19 -6 14 -7 17 -9 15 -8 16 -8 15 -10 14 -5 14 -6 17 -7 16 -1 2 -6 17 -4 18 -8 14 -4 17 -7 14 -8 16 -7 16 -3 17 -4 14 -4 13 -2 16 -2 14 -4 16 -3 18 0 17 -3 17 -2 16 -2 14 -4 18 0 17 -1 13 1 15 -2 16 -1 16 1 13 2 16 -1 0 0 0 0 0 0 0 0 0 ]
CSI_DATA,AP,68:FE:71:12:53:8C,-35,11,1,6,1,1,1,0,0,0,0,-93,0,6,1,25042334,0,84,0,0,25.042,384,[84 -64 4 0 0 0 0 0 0 0 0 0 2 -22 4 -21 4 -24 7 -20 5 -21 8 -19 8 -20 5 -17 5 -18 8 -17 11 -20 10 -18 9 -17 11 -20 7 -15 9 -20 10 -18 7 -19 5 -16 9 -14 9 -18 7 -19 9 -16 6 -18 10 -18 6 -17 1 1 8 -16 7 -18 7 -17 2 -15 5 -15 3 -18 4 -15 1 -18 2 -16 0 -17 0 -18 2 -16 3 -18 1 -16 0 -14 2 -15 2 -17 1 -17 -1 -16 -2 -16 0 -15 -3 -17 -3 -16 1 -17 0 -17 -3 -15 -2 1 0 0 0 0 0 0 0 0 ]
CSI_DATA,AP,68:FE:71:12:53:8C,-36,11,1,7,1,1,1,0,0,0,0,-94,0,6,1,25143925,0,84,0,0,25.144,384,[37 80 2 0 0 0 0 0 0 0 0 0 -28 -8 -28 -13 -30 -12 -29 -16 -28 -15 -26 -15 -25 -14 -25 -15 -26 -17 -24 -15 -29 -16 -26 -15 -26 -16 -24 -15 -27 -16 -25 -20 -27 -19 -22 -15 -24 -14 -21 -18 -21 -14 -20 -18 -19 -13 -23 -12 -22 -12 -23 -12 0 1 -24 -15 -24 -12 -23 -15 -23 -10 -25 -11 -21 -10 -22 -12 -23 -9 -22 -8 -24 -8 -23 -7 -23 -9 -23 -9 -22 -9 -23 -8 -23 -7 -24 -7 -26 -7 -23 -10 -25 -8 -27 -9 -24 -7 -25 -3 -26 -6 -23 -3 -27 -5 0 0 0 0 0 0 0 0 0 0 ]
CSI_DATA,AP,68:FE:71:12:53:8C,-36,11,1,6,1,1,1,0,0,0,0,-94,0,6,1,25225442,0,84,0,0,25.225,384,[84 -64 4 0 0 0 0 0 0 0 0 0 -13 11 -14 13 -14 12 -14 10 -12 11 -12 10 -16 8 -13 9 -15 9 -13 11 -14 8 -15 10 -17 10 -13 10 -14 7 -16 6 -17 6 -16 10 -12 6 -12 9 -16 6 -13 8 -14 9 -12 6 -14 6 -14 6 -2 -2 -13 9 -12 6 -12 5 -13 6 -13 9 -11 6 -14 7 -13 10 -14 9 -11 9 -12 8 -12 7 -10 7 -11 8 -11 7 -9 8 -10 11 -9 9 -9 7 -9 11 -11 8 -8 9 -8 8 -7 12 -9 10 -10 12 -1 2 0 0 0 0 0 0 0 0 ]
CSI_DATA,AP,68:FE:71:12:53:8C,-34,11,1,6,1,1,1,0,0,0,0,-93,0,6,1,25286092,0,84,0,0,25.286,384,[84 -64 4 0 0 0 0 0 0 0 0 0 14 -15 15 -11 16 -11 17 -10 20 -10 17 -8 19 -10 16 -10 16 -10 17 -8 17 -6 17 -6 16 -9 19 -5 17 -6 19 -7 17 -7 18 -8 16 -7 17 -8 16 -5 17 -7 16 -5 15 -9 18 -7 14 -6 1 2 13 -7 16 -8 13 -7 15 -6 12 -7 12 -7 15 -9 12 -10 12 -7 14 -8 13 -9 13 -8 12 -11 14 -11 11 -11 12 -12 12 -8 10 -12 12 -11 11 -11 13 -12 13 -10 12 -14 9 -14 12 -13 13 -12 2 0 0 0 0 0 0 0 0 0 ]
CSI_DATA,AP,68:FE:71:12:53:8C,-34,11,1,7,1,1,1,0,0,0,0,-94,0,6,1,25380898,0,84,0,0,25.381,384,[84 -64 4 0 0 0 0 0 0 0 0 0 -19 -2 -18 -3 -19 -4 -22 -3 -17 -7 -18 -6 -19 -8 -20 -6 -17 -9 -18 -7 -17 -6 -17 -8 -17 -7 -16 -11 -18 -11 -19 -7 -18 -10 -17 -10 -18 -9 -17 -7 -17 -10 -16 -8 -14 -9 -17 -9 -16 -7 -14 -9 0 2 -13 -8 -15 -5 -13 -8 -15 -7 -14 -5 -12 -5 -14 -7 -15 -8 -16 -5 -17 -6 -16 -4 -14 -3 -15 -5 -16 -6 -17 -3 -16 -2 -14 -3 -16 -3 -15 -4 -14 -4 -15 -2 -18 -3 -18 -4 -14 -3 -15 0 -15 -3 -2 0 0 0 0 0 0 0 0 0 ]
CSI_DATA,AP,68:FE:71:12:53:8C,-34,11,1,7,1,1,1,0,0,0,1,-93,0,6,1,25452391,0,84,0,0,25.452,384,[84 -64 4 0 0 0 0 0 0 0 0 0 5 20 6 18 4 18 4 17 2 17 2 17 3 16 4 20 2 20 0 19 1 19 2 20 1 19 3 19 2 15 2 17 3 18 -1 15 3 17 3 18 -1 14 1 17 -1 17 1 17 2 17 -1 16 1 0 3 16 3 16 1 16 0 15 0 15 1 14 0 16 5 16 3 14 1 13 4 15 6 15 2 12 4 15 3 11 3 13 5 15 4 15 6 14 5 12 5 13 4 12 8 11 9 12 7 15 5 10 1 1 0 0 0 0 0 0 0 0 ]
CSI_DATA,AP,68:FE:71:12:53:8C,-38,11,1,5,1,1,1,0,0,0,0,-93,0,6,1,25546716,0,84,0,0,25.547,384,[84 -64 4 0 0 0 0 0 0 0 0 0 38 -1 38 2 37 0 39 3 39 4 36 6 36 6 38 7 37 6 35 8 35 12 39 13 38 12 33 12 36 12 34 11 33 9 31 10 34 11 34 10 34 10 33 12 28 9 35 12 31 13 32 7 2 2 28 8 30 6 32 10 31 5 33 5 33 7 30 8 31 5 31 6 30 4 33 4 28 3 32 4 32 2 31 3 29 -1 29 -2 30 -1 29 -3 32 -2 31 1 31 -3 34 -4 33 -2 33 -2 32 -2 -2 2 0 0 0 0 0 0 0 0 ]
CSI_DATA,AP,68:FE:71:12:53:8C,-36,11,1,5,1,1,1,0,0,0,0,-96,0,6,1,25639660,0,84,0,0,25.64,384,[84 -64 4 0 0 0 0 0 0 0 0 0 1 41 -3 39 -3 44 -6 41 -6 39 -9 38 -6 38 -9 40 -13 39 -9 37 -12 36 -10 39 -10 36 -14 36 -13 36 -16 35 -13 33 -14 31 -15 35 -14 33 -15 33 -15 31 -10 28 -13 35 -16 35 -13 32 1 -1 -14 31 -11 32 -13 31 -6 32 -9 32 -10 34 -13 35 -10 33 -5 32 -7 29 -7 34 -3 32 -6 34 -3 36 -5 32 -2 32 -2 32 -1 30 1 30 0 30 1 32 -2 31 2 34 0 32 1 34 3 35 1 -2 0 0 0 0 0 0 0 0 ]
CSI_DATA,AP,68:FE:71:12:53:8C,-36,11,1,5,1,1,1,1,0,0,0,-94,1,6,1,25716749,0,84,0,0,25.717,384,[84 -64 4 0 0 0 0 0 0 0 0 0 -22 3 -21 4 -19 3 -22 1 -22 3 -22 0 -21 2 -19 0 -18 -2 -20 -1 -20 -3 -18 -4 -19 -5 -21 -4 -20 -5 -21 -2 -18 -2 -17 -4 -20 -4 -20 -3 -16 -4 -18 -5 -16 -4 -19 -2 -18 -3 -15 -3 -2 -1 -16 -2 -19 -2 -17 1 -18 -1 -15 -3 -15 1 -18 2 -14 1 -18 1 -16 1 -17 3 -16 0 -15 1 -15 2 -18 4 -14 5 -15 2 -15 4 -18 1 -15 6 -15 2 -13 2 -18 5 -18 5 -13 4 -16 4 -2 -1 0 0 0 0 0 0 0 0 ]
CSI_DATA,AP,68:FE:71:12:53:8C,-32,11,1,7,1,1,1,0,0,0,0,-96,0,6,1,25811895,0,84,0,0,25.812,384,[84 -64 4 0 0 0 0 0 0 0 0 0 -10 15 -9 17 -12 17 -11 14 -11 13 -12 12 -14 13 -12 15 -13 15 -16 14 -15 12 -13 12 -12 14 -13 15 -15 13 -14 11 -13 12 -16 9 -15 11 -16 10 -16 13 -15 9 -14 11 -14 11 -10 12 -13 11 1 1 -13 10 -10 10 -9 13 -11 13 -12 13 -12 13 -11 11 -8 13 -10 13 -9 10 -7 15 -9 14 -8 11 -10 13 -9 12 -10 14 -7 14 -8 11 -8 13 -8 12 -6 11 -8 16 -7 16 -5 15 -8 14 -5 12 -1 -2 0 0 0 0 0 0 0 0 ]
CSI_DATA,AP,68:FE:71:12:53:8C,-33,11,1,6,1,1,1,1,0,0,0,-95,6,6,1,25898627,0,84,0,0,25.899,384,[84 -64 4 0 0 0 0 0 0 0 0 0 -7 -18 -8 -17 -5 -22 -8 -22 -4 -23 -4 -21 -5 -22 -5 -22 -2 -20 -2 -20 -2 -19 -3 -21 1 -23 0 -18 -3 -21 0 -21 0 -20 -3 -19 -1 -21 1 -21 -1 -18 0 -17 -1 -19 -2 -20 -1 -17 -1 -16 2 -1 -3 -15 -1 -19 -1 -19 -1 -18 0 -17 -5 -15 -2 -19 -2 -17 -2 -18 -6 -14 -5 -17 -4 -15 -5 -14 -5 -14 -7 -14 -5 -17 -4 -18 -4 -17 -4 -18 -8 -17 -6 -18 -7 -14 -8 -17 -9 -15 -5 -16 -7 -13 2 -1 0 0 0 0 0 0 0 0 ]
CSI_DATA,AP,68:FE:71:12:53:8C,-32,11,0,0,0,0,0,0,0,0,0,-94,0,6,1,26002488,0,37,0,0,26.002,128,[84 -64 4 0 0 0 0 0 0 0 0 0 -17 -5 -15 -6 -19 -7 -15 -7 -19 -7 -16 -4 -18 -8 -16 -8 -14 -8 -15 -9 -14 -10 -14 -9 -16 -9 -15 -9 -16 -7 -12 -10 -16 -7 -15 -7 -13 -10 -12 -7 -13 -7 -14 -6 -10 -8 -12 -10 -11 -9 -11 -6 0 -2 -12 -8 -13 -6 -15 -8 -11 -6 -12 -8 -11 -6 -15 -5 -11 -5 -11 -5 -14 -5 -11 -3 -13 -5 -13 -3 -12 -6 -14 -5 -13 -5 -13 -1 -14 -1 -14 -3 -14 -3 -16 0 -12 -1 -15 0 -13 -2 -15 0 -15 -3 1 -1 0 0 0 0 0 0 0 0 ]
CSI_DATA,AP,68:FE:71:12:53:8C,-35,11,1,6,1,1,1,0,0,0,0,-94,0,6,1,26092936,0,84,0,0,26.093,384,[84 -64 4 0 0 0 0 0 0 0 0 0 0 19 -4 17 -2 19 -6 16 -2 17 -7 16 -4 17 -7 18 -3 17 -6 18 -7 17 -6 17 -9 16 -8 14 -8 13 -8 17 -6 16 -7 12 -5 14 -4 17 -4 16 -5 12 -7 14 -5 14 -7 13 -4 13 -2 -1 -4 13 -6 14 -2 16 -4 12 -6 14 -2 12 -4 14 -4 14 -2 14 -4 14 -4 12 -4 13 -2 15 -1 16 -2 11 -3 12 1 14 1 12 1 13 -2 12 -1 16 1 13 -1 12 -1 13 2 14 -1 12 -2 -2 0 0 0 0 0 0 0 0 ]
CSI_DATA,AP,68:FE:71:12:53:8C,-33,11,1,6,1,1,1,0,0,0,0,-96,0,6,1,26181766,0,84,0,0,26.182,384,[84 -64 4 0 0 0 0 0 0 0 0 0 -4 -22 -3 -22 -3 -22 -4 -20 -1 -22 -1 -19 0 -19 -2 -21 1 -19 1 -19 -2 -22 1 -22 1 -18 1 -18 0 -21 -1 -17 3 -18 1 -20 0 -18 1 -17 0 -17 0 -18 0 -19 -2 -17 -1 -20 1 -16 -2 -2 1 -19 -2 -18 1 -15 1 -17 -2 -17 -3 -15 -4 -14 -1 -19 -4 -18 -5 -14 -1 -14 -5 -18 -2 -18 -3 -15 -6 -17 -5 -16 -5 -14 -7 -16 -5 -16 -3 -16 -4 -13 -4 -18 -7 -16 -8 -18 -8 -16 -5 -13 1 0 0 0 0 0 0 0 0 0 ]
CSI_DATA,AP,68:FE:71:12:53:8C,-33,11,0,0,0,0,0,0,0,0,0,-94,0,6,1,26271094,0,37,0,0,26.271,128,[84 -64 4 0 0 0 0 0 0 0 0 0 -19 0 -21 -3 -23 -4 -21 -5 -21 -3 -19 -5 -22 -4 -18 -5 -20 -6 -22 -6 -21 -7 -18 -4 -18 -7 -19 -8 -19 -7 -21 -6 -15 -5 -19 -9 -16 -9 -19 -8 -19 -6 -17 -5 -17 -4 -17 -8 -14 -8 -15 -5 1 2 -17 -6 -14 -6 -16 -7 -18 -3 -18 -6 -14 -6 -16 -4 -18 -4 -16 -4 -18 -3 -16 -5 -15 -2 -14 -3 -18 -4 -15 -2 -17 0 -15 0 -14 -1 -16 0 -16 1 -19 -1 -14 -3 -15 -2 -15 -2 -15 2 -17 -2 -1 1 0 0 0 0 0 0 0 0 ]
CSI_DATA,AP,68:FE:71:12:53:8C,-37,11,1,6,1,1,1,0,0,0,1,-95,0,6,1,26354895,0,84,0,0,26.355,384,[84 -64 4 0 0 0 0 0 0 0 0 0 7 -16 7 -20 6 -20 7 -18 9 -18 8 -14 6 -17 9 -15 7 -14 11 -15 11 -14 9 -17 8 -16 11 -16 8 -12 12 -14 9 -16 9 -15 11 -12 8 -13 12 -11 12 -11 7 -12 8 -12 9 -15 9 -12 0 1 10 -13 9 -11 6 -14 5 -15 8 -15 7 -13 6 -11 8 -11 7 -12 5 -12 6 -13 7 -15 3 -14 5 -13 4 -13 5 -13 3 -12 5 -15 4 -12 4 -12 4 -14 5 -14 5 -15 4 -13 3 -16 5 -13 2 -2 0 0 0 0 0 0 0 0 ]
CSI_DATA,AP,68:FE:71:12:53:8C,-41,11,1,4,1,1,1,0,0,0,0,-94,0,6,1,26463330,0,84,0,0,26.463,384,[84 -64 4 0 0 0 0 0 0 0 0 0 4 -15 9 -18 10 -16 7 -15 10 -18 8 -16 7 -14 12 -14 10 -14 9 -13 13 -13 12 -13 11 -16 11 -14 11 -14 13 -15 8 -12 10 -12 8 -13 11 -11 12 -12 12 -13 12 -11 10 -11 9 -11 10 -13 -2 2 10 -11 11 -12 7 -12 6 -10 8 -10 8 -14 9 -13 10 -12 5 -14 6 -11 5 -11 5 -15 9 -14 4 -14 7 -14 5 -11 5 -16 5 -13 3 -15 5 -13 6 -15 5 -12 6 -17 3 -17 6 -13 2 -12 -1 2 0 0 0 0 0 0 0 0 ]
CSI_DATA,AP,68:FE:71:12:53:8C,-34,11,1,7,1,1,1,0,0,0,0,-94,0,6,1,26553566,0,84,0,0,26.554,384,[84 -64 4 0 0 0 0 0 0 0 0 0 16 -14 14 -13 15 -12 18 -11 16 -11 15 -10 16 -13 18 -10 15 -11 14 -12 16 -12 18 -11 19 -9 15 -10 14 -9 16 -7 18 -9 15 -9 15 -10 16 -8 17 -10 16 -6 14 -6 15 -6 14 -6 15 -8 -1 -2 15 -6 16 -8 13 -9 14 -10 14 -9 14 -11 12 -9 15 -11 13 -7 14 -12 10 -12 10 -10 12 -8 13 -8 12 -12 13 -10 13 -9 12 -13 13 -12 11 -13 11 -11 10 -11 13 -13 9 -13 11 -11 11 -14 0 -1 0 0 0 0 0 0 0 0 ]
CSI_DATA,AP,68:FE:71:12:53:8C,-35,11,1,5,1,1,1,0,0,0,0,-95,0,6,1,26636434,0,84,0,0,26.636,384,[84 -64 4 0 0 0 0 0 0 0 0 0 5 18 2 20 3 19 2 21 2 21 4 20 3 19 0 18 0 18 0 18 0 21 -2 19 2 21 2 20 -2 20 -1 19 0 18 -2 18 -3 17 1 16 0 18 2 18 0 15 1 17 0 15 -2 17 1 0 2 18 -1 14 2 18 0 17 3 17 2 16 1 17 1 17 1 15 1 14 1 16 5 17 2 14 6 16 4 16 3 15 5 13 7 12 6 16 6 14 6 15 5 15 7 12 9 16 8 11 7 12 1 0 0 0 0 0 0 0 0 0 ]
CSI_DATA,AP,68:FE:71:12:53:8C,-36,11,1,6,1,1,1,0,0,0,0,-96,0,6,1,26713881,0,84,0,0,26.714,384,[84 -64 4 0 0 0 0 0 0 0 0 0 3 15 4 19 3 15 3 16 5 18 4 20 3 16 0 16 1 16 3 19 1 20 0 19 1 19 -1 16 1 18 1 17 0 18 0 17 0 16 -1 13 0 17 0 15 1 13 -2 15 -3 17 -2 14 -2 0 -1 12 2 16 1 17 2 16 -2 12 -1 12 3 15 3 13 3 14 1 12 1 15 0 15 1 15 3 16 5 14 4 15 2 13 5 15 4 11 2 11 4 13 2 15 5 13 6 11 5 13 5 12 2 2 0 0 0 0 0 0 0 0 ]
CSI_DATA,AP,68:FE:71:12:53:8C,-37,11,1,7,1,1,1,0,0,0,0,-94,0,6,1,26793966,0,84,0,0,26.794,384,[84 -64 4 0 0 0 0 0 0 0 0 0 15 -4 18 0 16 1 16 -2 17 -2 19 1 15 1 14 4 18 4 17 4 15 5 18 4 19 3 18 1 16 4 17 4 14 5 17 4 17 2 15 3 16 3 16 3 16 1 14 5 14 5 13 4 2 2 16 3 15 3 15 0 14 1 13 0 13 1 13 2 16 0 14 2 14 1 13 -2 11 -2 16 0 11 -1 12 -2 14 -1 12 -3 12 -3 11 0 16 -5 12 0 13 -1 14 -1 16 -3 13 -2 15 -4 2 1 0 0 0 0 0 0 0 0 ]
CSI_DATA,AP,68:FE:71:12:53:8C,-33,11,1,7,1,1,1,0,0,0,0,-95,0,6,1,26898922,0,84,0,0,26.899,384,[84 -64 4 0 0 0 0 0 0 0 0 0 -21 -9 -18 -12 -19 -13 -19 -10 -18 -15 -17 -12 -17 -16 -15 -16 -16 -16 -13 -12 -14 -15 -17 -13 -15 -16 -13 -14 -14 -13 -14 -17 -12 -13 -12 -14 -13 -13 -14 -13 -11 -13 -10 -14 -9 -13 -14 -12 -11 -14 -14 -13 1 1 -11 -11 -12 -12 -15 -13 -15 -13 -10 -9 -12 -12 -11 -11 -11 -10 -12 -10 -15 -9 -15 -10 -13 -10 -13 -10 -16 -7 -15 -8 -15 -8 -17 -8 -15 -7 -16 -9 -15 -9 -14 -9 -14 -6 -17 -9 -15 -9 -17 -5 -15 -6 -1 2 0 0 0 0 0 0 0 0 ]
CSI_DATA,AP,68:FE:71:12:53:8C,-37,11,1,6,1,1,1,0,0,0,0,-94,0,6,1,26982113,0,84,0,0,26.982,384,[84 -64 4 0 0 0 0 0 0 0 0 0 37 19 34 21 33 27 31 23 31 25 27 25 28 27 28 30 27 30 26 30 28 29 25 34 25 33 22 29 22 31 26 31 23 28 24 29 23 30 22 28 21 30 23 30 21 30 19 27 20 30 23 27 -1 2 20 25 25 29 21 25 25 26 20 25 22 24 22 26 25 24 21 25 25 23 23 23 24 21 26 21 22 21 28 21 25 20 27 21 28 15 26 17 27 16 25 20 25 20 28 18 29 17 30 18 29 17 -2 -1 0 0 0 0 0 0 0 0 ]
CSI_DATA,AP,68:FE:71:12:53:8C,-35,11,1,6,1,1,1,0,0,0,0,-94,0,6,1,27085145,0,84,0,0,27.085,384,[84 -64 4 0 0 0 0 0 0 0 0 0 -36 -10 -36 -9 -38 -13 -36 -12 -36 -15 -35 -16 -34 -17 -32 -15 -36 -15 -35 -17 -34 -21 -34 -22 -32 -19 -32 -22 -30 -18 -32 -19 -29 -22 -28 -17 -28 -21 -29 -16 -28 -16 -29 -18 -24 -16 -27 -19 -27 -19 -28 -16 1 2 -28 -18 -28 -13 -27 -16 -30 -13 -30 -14 -27 -14 -30 -16 -28 -13 -26 -13 -28 -8 -28 -10 -28 -8 -28 -8 -30 -8 -31 -9 -33 -8 -31 -8 -31 -8 -29 -3 -31 -6 -33 -6 -31 -3 -29 -3 -32 -6 -29 -4 -29 -3 1 0 0 0 0 0 0 0 0 0 ]
CSI_DATA,AP,68:FE:71:12:53:8C,-34,11,1,7,1,1,1,0,0,0,0,-93,0,6,1,27152163,0,84,0,0,27.152,384,[84 -64 4 0 0 0 0 0 0 0 0 0 8 -18 7 -19 11 -21 10 -17 11 -17 9 -18 13 -19 11 -17 10 -16 13 -18 11 -17 14 -17 12 -15 12 -15 10 -16 11 -15 11 -14 12 -13 11 -16 10 -16 11 -16 11 -15 9 -14 12 -15 13 -16 12 -12 -2 0 9 -14 12 -15 12 -14 10 -15 7 -16 11 -13 11 -15 8 -12 7 -15 5 -13 5 -13 7 -15 7 -17 8 -14 5 -15 7 -17 4 -14 5 -14 8 -17 5 -18 3 -16 7 -14 4 -16 5 -17 3 -17 5 -14 -2 -2 0 0 0 0 0 0 0 0 ]
CSI_DATA,AP,68:FE:71:12:53:8C,-36,11,1,6,1,1,1,0,0,0,0,-95,0,6,1,27264128,0,84,0,0,27.264,384,[84 -64 4 0 0 0 0 0 0 0 0 0 -22 -1 -23 -4 -20 -6 -22 -6 -20 -6 -19 -4 -21 -7 -20 -9 -21 -8 -19 -7 -18 -6 -21 -10 -17 -9 -20 -7 -20 -10 -20 -10 -19 -11 -15 -9 -16 -8 -16 -8 -14 -11 -17 -8 -17 -9 -15 -6 -17 -7 -17 -8 -2 0 -16 -7 -15 -6 -19 -9 -18 -5 -17 -8 -17 -8 -15 -5 -15 -4 -16 -8 -15 -6 -19 -4 -14 -3 -16 -2 -18 -2 -14 -2 -15 -5 -18 -4 -19 -4 -18 -5 -19 -3 -15 -5 -16 -4 -16 -2 -18 -3 -15 -4 -16 -1 0 -2 0 0 0 0 0 0 0 0 ]
CSI_DATA,AP,68:FE:71:12:53:8C,-37,11,1,6,1,1,1,1,0,0,0,-94,4,6,1,27365336,0,84,0,0,27.365,384,[84 -64 4 0 0 0 0 0 0 0 0 0 9 -19 5 -17 6 -21 11 -22 12 -21 10 -16 11 -20 8 -15 9 -19 10 -17 11 -16 14 -15 12 -19 12 -19 10 -16 10 -19 8 -17 8 -13 9 -16 8 -15 10 -13 12 -15 12 -13 10 -15 12 -16 8 -14 0 0 7 -14 7 -16 9 -16 7 -15 5 -16 6 -16 6 -14 7 -16 6 -16 8 -16 3 -15 4 -13 3 -15 3 -14 6 -16 5 -15 5 -19 4 -18 2 -17 1 -18 2 -16 2 -17 1 -17 4 -16 2 -15 0 -16 1 2 0 0 0 0 0 0 0 0 ]
CSI_DATA,AP,68:FE:71:12:53:8C,-39,11,1,6,1,1,1,0,0,0,0,-93,0,6,1,27477007,0,82,0,0,27.477,384,[84 -64 4 0 0 0 0 0 0 0 0 0 -17 17 -15 12 -16 14 -21 16 -19 15 -19 12 -18 11 -18 11 -20 9 -17 12 -17 11 -19 11 -22 12 -18 8 -18 10 -19 9 -17 7 -17 6 -20 10 -16 9 -18 5 -18 5 -15 7 -17 10 -18 7 -15 10 1 1 -15 9 -15 11 -18 8 -16 11 -15 10 -16 11 -16 10 -13 11 -17 10 -13 11 -12 14 -14 10 -12 13 -14 12 -13 13 -13 11 -14 11 -12 10 -11 13 -11 13 -15 11 -11 14 -13 15 -13 14 -10 15 -10 13 -1 -2 0 0 0 0 0 0 0 0 ]
CSI_DATA,AP,68:FE:71:12:53:8C,-33,11,1,6,1,1,1,0,0,0,0,-95,0,6,1,27574474,0,84,0,0,27.574,384,[84 -64 4 0 0 0 0 0 0 0 0 0 -19 -11 -17 -11 -18 -10 -18 -12 -20 -12 -18 -12 -17 -15 -16 -15 -18 -12 -15 -13 -18 -15 -18 -18 -15 -14 -15 -17 -12 -16 -16 -16 -14 -14 -11 -14 -11 -15 -15 -14 -15 -16 -12 -15 -10 -12 -15 -15 -11 -16 -14 -12 -1 -1 -14 -14 -12 -13 -15 -14 -12 -14 -13 -14 -16 -13 -13 -15 -13 -13 -15 -13 -15 -8 -18 -11 -13 -9 -15 -11 -16 -11 -14 -8 -17 -8 -18 -11 -14 -8 -14 -7 -15 -10 -16 -11 -14 -8 -14 -9 -19 -8 -18 -6 -18 -8 2 -2 0 0 0 0 0 0 0 0 ]
CSI_DATA,AP,68:FE:71:12:53:8C,-35,11,1,5,1,1,1,0,0,0,0,-95,0,6,1,27666012,0,84,0,0,27.666,384,[84 -64 4 0 0 0 0 0 0 0 0 0 7 20 7 22 7 22 3 21 6 22 1 22 0 23 0 20 -1 19 0 19 1 22 0 21 -2 20 1 20 -3 19 1 21 -1 20 -2 19 -2 18 1 18 -2 20 -3 19 -3 19 1 18 0 19 1 16 -2 -2 -1 19 1 17 -1 21 2 16 0 18 2 17 1 16 1 15 1 18 4 14 6 16 1 17 3 17 5 15 3 16 6 15 4 18 5 17 5 16 8 15 7 16 7 15 5 17 7 16 6 15 7 13 -2 0 0 0 0 0 0 0 0 0 ]
CSI_DATA,AP,68:FE:71:12:53:8C,-35,11,1,5,1,1,1,0,0,0,0,-95,0,6,1,27755402,0,84,0,0,27.755,384,[84 -64 4 0 0 0 0 0 0 0 0 0 9 -20 8 -22 9 -22 10 -19 11 -19 8 -17 11 -20 11 -17 12 -19 10 -18 12 -21 10 -19 10 -20 14 -16 12 -16 13 -17 10 -18 9 -15 13 -15 12 -14 10 -16 9 -14 8 -14 13 -14 9 -16 8 -16 2 2 9 -17 10 -18 8 -18 6 -14 10 -15 11 -15 11 -14 9 -17 8 -16 4 -16 5 -19 8 -15 4 -15 8 -18 6 -15 7 -19 4 -19 6 -15 5 -16 4 -15 5 -19 6 -16 3 -16 3 -18 4 -17 1 -19 2 -2 0 0 0 0 0 0 0 0 ]
CSI_DATA,AP,68:FE:71:12:53:8C,-36,11,1,7,1,1,1,0,0,0,0,-95,0,6,1,27861633,0,84,0,0,27.862,384,[84 -64 4 0 0 0 0 0 0 0 0 0 21 5 21 4 21 5 22 9 20 8 20 8 17 9 16 8 18 10 18 7 17 12 19 8 18 8 19 9 17 12 17 10 18 9 16 9 15 8 16 8 17 9 16 9 12 9 17 8 15 8 17 9 -1 -1 13 6 16 9 15 9 18 7 15 6 16 6 16 5 17 4 17 3 13 2 17 2 17 6 15 5 16 5 15 2 19 5 15 1 18 2 17 1 15 1 15 2 16 -1 17 1 17 0 15 3 19 2 0 -2 0 0 0 0 0 0 0 0 ]
CSI_DATA,AP,68:FE:71:12:53:8C,-32,11,1,7,1,1,1,0,0,0,0,-96,0,6,1,27957179,0,84,0,0,27.957,384,[84 -64 4 0 0 0 0 0 0 0 0 0 -3 -23 -3 -21 -2 -24 0 -24 2 -21 4 -20 2 -23 3 -20 5 -20 3 -21 3 -21 4 -24 7 -20 5 -19 4 -22 2 -20 6 -19 6 -20 3 -20 4 -17 4 -17 4 -18 4 -18 2 -19 3 -18 4 -20 2 -1 5 -16 5 -21 4 -17 3 -17 3 -18 3 -19 4 -16 4 -19 4 -19 1 -16 -2 -18 0 -18 -2 -16 1 -20 1 -16 -3 -20 -2 -18 0 -20 -2 -17 -4 -16 -1 -19 -3 -18 -3 -20 -3 -19 -3 -19 -5 -16 1 0 0 0 0 0 0 0 0 0 ]
CSI_DATA,AP,68:FE:71:12:53:8C,-34,11,1,7,1,1,1,0,0,0,0,-93,0,6,1,28026613,0,84,0,0,28.027,384,[84 -64 4 0 0 0 0 0 0 0 0 0 -17 -17 -16 -20 -13 -19 -16 -21 -11 -22 -13 -20 -13 -19 -11 -18 -8 -18 -10 -19 -7 -20 -11 -19 -11 -19 -11 -19 -6 -18 -11 -20 -8 -18 -9 -17 -6 -21 -7 -20 -9 -17 -7 -20 -5 -19 -6 -16 -9 -17 -7 -16 -1 -1 -6 -17 -7 -18 -8 -17 -12 -17 -8 -17 -8 -17 -7 -18 -12 -17 -8 -17 -9 -14 -12 -17 -9 -16 -12 -14 -10 -13 -13 -17 -10 -15 -13 -17 -12 -13 -13 -16 -11 -14 -11 -12 -13 -15 -13 -13 -13 -14 -11 -13 -14 -14 2 -2 0 0 0 0 0 0 0 0 ]
CSI_DATA,AP,68:FE:71:12:53:8C,-34,11,1,6,1,1,1,1,0,0,0,-94,1,6,1,28119462,0,84,0,0,28.119,384,[84 -64 4 0 0 0 0 0 0 0 0 0 19 -9 17 -6 20 -7 19 -8 19 -9 16 -4 20 -5 19 -2 19 -4 20 -2 21 -1 21 -3 18 -1 19 -3 17 -2 18 -1 20 -3 18 -2 19 -2 20 0 15 0 15 -2 17 -2 18 -1 16 0 19 -4 1 -1 17 -2 17 -5 14 -4 14 -4 13 -5 16 -3 16 -4 17 -5 17 -3 14 -8 15 -5 14 -4 13 -8 16 -5 14 -8 16 -7 14 -9 16 -7 12 -10 14 -8 15 -8 13 -7 12 -9 13 -10 16 -8 11 -11 2 1 0 0 0 0 0 0 0 0 ]
CSI_DATA,AP,68:FE:71:12:53:8C,-35,11,1,6,1,1,1,0,0,0,0,-93,0,6,1,28201051,0,84,0,0,28.201,384,[84 -64 4 0 0 0 0 0 0 0 0 0 -21 0 -18 -4 -21 -2 -23 -1 -20 -4 -19 -5 -21 -4 -21 -7 -18 -5 -20 -4 -19 -6 -18 -7 -21 -9 -19 -9 -17 -8 -21 -6 -18 -8 -16 -8 -15 -4 -18 -7 -19 -5 -18 -5 -15 -4 -16 -8 -17 -7 -15 -8 2 -1 -15 -3 -17 -3 -15 -3 -19 -5 -18 -2 -19 -5 -15 -2 -18 -4 -18 -1 -17 -2 -16 0 -18 -1 -17 -2 -14 -1 -16 -2 -16 -2 -19 2 -18 1 -17 3 -16 2 -17 3 -17 5 -15 1 -16 5 -14 4 -18 6 1 2 0 0 0 0 0 0 0 0 ]
CSI_DATA,AP,68:FE:71:12:53:8C,-34,11,1,6,1,1,1,0,0,0,0,-93,0,6,1,28293541,0,84,0,0,28.294,384,[84 -64 4 0 0 0 0 0 0 0 0 0 15 14 10 15 14 15 13 16 13 18 11 14 11 16 5 18 10 16 9 15 9 17 9 16 8 20 6 19 3 15 8 17 7 16 6 18 3 14 4 18 5 14 6 16 6 14 5 14 6 17 4 18 2 -1 6 14 8 14 9 13 10 12 7 12 7 17 9 14 9 16 8 13 7 14 7 13 6 14 10 11 8 14 10 15 10 12 8 15 12 10 9 13 12 10 11 14 11 10 11 11 11 12 12 10 10 9 -2 -2 0 0 0 0 0 0 0 0 ]
CSI_DATA,AP,68:FE:71:12:53:8C,-34,11,1,7,1,1,1,0,0,0,0,-93,0,6,1,28383714,0,84,0,0,28.384,384,[84 -64 4 0 0 0 0 0 0 0 0 0 -4 19 -5 20 -9 20 -8 21 -11 22 -8 20 -11 18 -11 16 -12 18 -10 17 -13 20 -9 19 -12 17 -12 19 -10 15 -14 19 -14 14 -9 14 -9 14 -13 15 -12 17 -12 16 -9 11 -13 16 -9 17 -12 13 -2 -2 -11 14 -8 16 -11 15 -10 15 -7 15 -9 17 -11 13 -10 15 -8 13 -7 17 -7 17 -7 16 -6 15 -8 16 -7 18 -8 16 -4 17 -5 17 -5 18 -4 16 -6 16 -5 15 -4 18 -1 16 -5 18 -1 17 0 0 0 0 0 0 0 0 0 0 ]
CSI_DATA,AP,68:FE:71:12:53:8C,-40,11,1,6,1,1,1,0,0,0,1,-96,0,6,1,28485698,0,84,0,0,28.486,384,[84 -64 4 0 0 0 0 0 0 0 0 0 -17 9 -15 11 -19 12 -21 10 -18 12 -19 7 -18 5 -19 8 -20 9 -18 7 -22 5 -19 8 -21 7 -20 8 -17 6 -21 8 -20 5 -19 5 -17 2 -16 3 -19 3 -18 5 -18 5 -16 4 -20 4 -17 6 -1 1 -15 5 -15 8 -16 4 -14 9 -16 8 -14 8 -15 5 -13 7 -14 7 -16 7 -16 9 -13 6 -16 10 -13 9 -16 10 -13 11 -13 10 -12 9 -14 11 -14 10 -11 11 -15 12 -11 9 -11 11 -10 14 -14 12 -1 2 0 0 0 0 0 0 0 0 ]
CSI_DATA,AP,68:FE:71:12:53:8C,-36,11,1,6,1,1,1,1,0,0,0,-95,2,6,1,28531215,0,84,0,0,28.531,384,[84 -64 4 0 0 0 0 0 0 0 0 0 20 2 20 1 20 -1 21 3 21 2 19 3 20 5 17 4 20 6 18 7 22 4 21 5 18 5 21 5 19 4 18 6 18 6 16 4 15 7 18 8 18 7 15 6 13 7 15 9 18 8 17 5 1 -2 17 5 15 4 16 3 15 2 13 1 17 6 18 3 17 3 17 3 16 3 19 -1 15 1 14 0 16 -1 18 3 18 2 15 0 16 -1 18 -2 16 -1 16 0 18 2 16 -3 19 -1 16 0 17 0 0 -2 0 0 0 0 0 0 0 0 ]
CSI_DATA,AP,68:FE:71:12:53:8C,-39,11,1,5,1,1,1,0,0,0,1,-95,0,6,1,28633583,0,84,0,0,28.634,384,[84 -64 4 0 0 0 0 0 0 0 0 0 15 -11 18 -12 20 -12 20 -9 19 -9 19 -8 19 -8 19 -9 21 -5 17 -6 17 -8 21 -10 18 -8 16 -5 19 -5 19 -7 18 -4 16 -5 17 -6 16 -4 16 -5 18 -8 16 -4 18 -8 16 -8 17 -7 1 -2 16 -5 15 -8 16 -9 13 -9 14 -8 16 -8 13 -6 15 -7 15 -7 13 -11 15 -10 15 -7 14 -12 12 -12 15 -8 11 -11 15 -12 11 -12 14 -12 12 -10 13 -13 11 -12 11 -14 13 -15 12 -11 13 -13 0 1 0 0 0 0 0 0 0 0 ]
CSI_DATA,AP,68:FE:71:12:53:8C,-35,11,0,0,0,0,0,0,0,0,0,-95,0,6,1,28733742,0,37,0,0,28.734,128,[84 -64 4 0 0 0 0 0 0 0 0 0 -20 -11 -17 -11 -21 -9 -22 -10 -21 -10 -19 -14 -17 -12 -16 -14 -15 -14 -16 -12 -18 -15 -14 -12 -15 -16 -15 -17 -12 -16 -16 -15 -12 -15 -14 -13 -15 -14 -13 -15 -12 -13 -15 -15 -13 -12 -14 -16 -12 -12 -14 -15 1 0 -14 -12 -15 -12 -14 -15 -16 -13 -16 -10 -15 -11 -12 -12 -14 -10 -12 -11 -15 -10 -16 -12 -12 -11 -13 -9 -16 -8 -14 -9 -17 -9 -16 -9 -14 -6 -16 -10 -14 -9 -17 -10 -15 -10 -16 -8 -17 -8 -15 -9 -14 -6 1 2 0 0 0 0 0 0 0 0 ]
CSI_DATA,AP,68:FE:71:12:53:8C,-33,11,1,7,1,1,1,0,0,0,0,-95,0,6,1,28815937,0,84,0,0,28.816,384,[84 -64 4 0 0 0 0 0 0 0 0 0 17 -8 20 -6 17 -7 22 -9 18 -3 21 -5 21 -6 17 -5 21 -5 16 -4 22 -4 21 -6 19 -3 20 -2 18 -3 21 0 19 0 18 0 17 0 18 -1 18 2 19 0 18 -1 16 -2 17 -2 19 -2 0 -2 19 -3 16 -2 15 -1 14 -2 14 -3 14 -2 16 -1 17 -6 13 -6 14 -4 16 -6 16 -8 15 -5 13 -6 17 -5 16 -5 17 -9 17 -8 14 -9 14 -7 17 -8 14 -9 13 -10 12 -10 14 -9 14 -10 -1 1 0 0 0 0 0 0 0 0 ]
CSI_DATA,AP,68:FE:71:12:53:8C,-36,11,1,6,1,1,1,0,0,0,0,-93,0,6,1,28908198,0,84,0,0,28.908,384,[84 -64 4 0 0 0 0 0 0 0 0 0 -18 8 -19 5 -23 4 -22 6 -21 2 -22 4 -20 3 -21 2 -18 1 -22 -1 -21 2 -22 1 -21 -1 -18 1 -18 0 -23 -1 -17 -1 -21 1 -19 -1 -17 -2 -18 -4 -18 -3 -17 -4 -18 1 -21 -3 -16 -1 -1 0 -15 -2 -17 3 -20 1 -18 3 -15 1 -17 -1 -16 1 -17 3 -16 3 -16 3 -19 5 -16 4 -18 3 -14 3 -15 2 -18 3 -19 5 -14 7 -15 6 -15 7 -18 3 -14 5 -18 3 -17 6 -17 7 -17 5 0 2 0 0 0 0 0 0 0 0 ]
CSI_DATA,AP,68:FE:71:12:53:8C,-32,11,1,7,1,1,1,0,0,0,0,-94,0,6,1,28988928,0,84,0,0,28.989,384,[84 -64 4 0 0 0 0 0 0 0 0 0 22 -3 22 -3 22 -1 22 -1 22 3 19 4 19 3 21 5 22 2 21 4 19 5 18 7 19 4 20 6 19 7 22 4 17 2 20 6 18 6 20 2 16 4 20 2 16 4 18 2 19 5 17 2 0 1 16 4 19 1 15 2 16 2 15 2 15 0 15 2 17 1 17 -2 16 1 18 0 15 0 15 0 18 -3 17 1 17 0 16 -4 14 -2 14 -3 17 -3 16 -2 17 -3 14 -2 16 -5 18 -5 14 -6 0 0 0 0 0 0 0 0 0 0 ]
CSI_DATA,AP,68:FE:71:12:53:8C,-35,11,1,6,1,1,1,0,0,0,0,-96,0,6,1,29101490,0,84,0,0,29.101,384,[84 -64 4 0 0 0 0 0 0 0 0 0 -13 16 -12 15 -13 15 -13 17 -13 16 -14 14 -17 12 -18 13 -15 12 -19 10 -16 13 -16 14 -16 13 -19 13 -18 10 -17 11 -17 11 -14 7 -14 8 -17 11 -18 10 -17 8 -13 10 -15 11 -18 9 -14 8 2 -2 -14 8 -14 11 -14 9 -16 13 -15 12 -13 12 -13 12 -13 8 -14 12 -13 9 -12 14 -10 13 -11 10 -10 11 -11 12 -10 14 -12 12 -12 14 -13 15 -12 14 -14 11 -12 13 -12 15 -12 16 -10 11 -10 14 1 -1 0 0 0 0 0 0 0 0 ]
CSI_DATA,AP,68:FE:71:12:53:8C,-40,11,1,6,1,1,1,1,0,0,0,-94,1,6,1,29197601,0,84,0,0,29.198,384,[84 -64 4 0 0 0 0 0 0 0 0 0 12 17 11 19 8 16 11 18 9 18 6 18 4 18 4 17 5 18 6 18 3 21 5 20 3 18 5 18 2 18 4 21 3 20 2 14 3 17 1 17 2 17 5 19 0 14 1 17 4 15 2 14 2 -1 3 13 2 14 4 14 6 16 2 17 3 17 3 13 7 15 7 16 5 14 9 13 8 11 5 14 6 13 4 16 5 13 6 12 9 11 9 11 10 10 6 15 9 13 9 14 10 10 12 12 10 12 1 1 0 0 0 0 0 0 0 0 ]
CSI_DATA,AP,68:FE:71:12:53:8C,-37,11,1,6,1,1,1,0,0,0,0,-94,0,6,1,29297019,0,84,0,0,29.297,384,[84 -64 4 0 0 0 0 0 0 0 0 0 -20 -5 -21 -8 -22 -6 -21 -10 -24 -10 -20 -8 -22 -13 -21 -9 -18 -11 -20 -11 -22 -11 -20 -13 -19 -13 -19 -14 -19 -14 -17 -11 -17 -13 -15 -12 -14 -10 -18 -14 -14 -13 -17 -13 -14 -13 -17 -11 -14 -10 -16 -12 -2 -2 -18 -9 -17 -11 -18 -8 -18 -10 -16 -10 -16 -10 -18 -12 -15 -9 -14 -10 -17 -7 -18 -5 -14 -6 -16 -9 -19 -6 -19 -5 -17 -6 -20 -8 -17 -3 -19 -4 -17 -7 -19 -5 -16 -8 -17 -3 -18 -4 -19 -3 -19 -3 2 -1 0 0 0 0 0 0 0 0 ]
CSI_DATA,AP,68:FE:71:12:53:8C,-36,11,1,7,1,1,1,0,0,0,0,-96,0,6,1,29397899,0,84,0,0,29.398,384,[84 -64 4 0 0 0 0 0 0 0 0 0 18 -6 19 -1 20 -4 21 -3 19 -4 17 0 20 0 19 2 16 2 19 -1 20 -1 20 2 19 2 15 2 14 0 20 3 18 2 18 2 17 4 17 2 18 0 16 0 16 2 15 2 15 3 16 -1 0 2 15 1 16 -1 14 2 13 -2 13 1 16 2 14 -2 15 0 12 -2 14 -3 14 -2 15 -1 14 -3 14 -4 12 -2 15 -2 13 -3 13 -4 14 -3 15 -4 14 -6 13 -4 12 -3 14 -8 13 -4 14 -6 0 0 0 0 0 0 0 0 0 0 ]
CSI_DATA,AP,68:FE:71:12:53:8C,-32,11,1,7,1,1,1,0,0,0,0,-94,0,6,1,29486169,0,84,0,0,29.486,384,[84 -64 4 0 0 0 0 0 0 0 0 0 13 11 14 12 14 11 13 10 12 13 11 14 14 12 14 13 12 14 11 10 14 14 14 13 10 13 10 15 9 13 9 12 8 12 9 12 12 11 11 12 7 13 9 14 9 11 8 9 8 12 8 13 -1 -1 9 12 13 11 13 10 11 10 10 9 10 10 8 11 9 8 11 11 12 5 12 8 13 7 12 5 13 5 12 7 11 9 12 8 14 5 13 8 11 6 11 5 13 7 11 6 15 8 14 6 13 5 -1 -1 0 0 0 0 0 0 0 0 ]
CSI_DATA,AP,68:FE:71:12:53:8C,-33,11,1,6,1,1,1,0,0,0,0,-96,0,6,1,29577367,0,84,0,0,29.577,384,[84 -64 4 0 0 0 0 0 0 0 0 0 14 12 14 11 14 11 11 13 14 12 13 15 9 13 12 14 9 12 10 12 9 12 8 14 12 16 8 16 10 14 10 14 10 12 6 11 6 13 5 14 8 15 6 13 8 13 8 14 7 13 9 11 1 2 11 11 7 11 10 10 12 11 7 9 11 13 11 12 12 10 11 12 8 11 11 10 11 11 11 10 13 7 9 7 12 8 11 10 12 6 10 10 12 6 14 7 10 9 12 6 12 8 12 8 11 8 -2 -2 0 0 0 0 0 0 0 0 ]
CSI_DATA,AP,68:FE:71:12:53:8C,-35,11,1,6,1,1,1,0,0,0,0,-95,0,6,1,29660844,0,84,0,0,29.661,384,[84 -64 4 0 0 0 0 0 0 0 0 0 -23 -19 -23 -20 -27 -20 -27 -23 -21 -24 -19 -24 -22 -26 -19 -26 -18 -25 -16 -24 -17 -26 -19 -26 -18 -24 -19 -23 -16 -23 -17 -27 -13 -23 -15 -24 -16 -23 -13 -21 -13 -23 -16 -22 -10 -19 -11 -25 -13 -22 -14 -20 -2 -2 -12 -18 -13 -19 -17 -20 -16 -18 -13 -17 -16 -18 -13 -19 -11 -16 -12 -18 -17 -13 -19 -13 -12 -12 -16 -14 -16 -14 -15 -13 -20 -12 -16 -13 -16 -12 -16 -11 -17 -10 -15 -10 -16 -11 -16 -10 -18 -6 -17 -9 -15 -6 1 -1 0 0 0 0 0 0 0 0 ]
CSI_DATA,AP,68:FE:71:12:53:8C,-36,11,1,7,1,1,1,0,0,0,0,-96,0,6,1,29739911,0,84,0,0,29.74,384,[84 -64 4 0 0 0 0 0 0 0 0 0 5 -14 9 -14 6 -15 10 -17 9 -14 10 -13 13 -16 12 -13 10 -14 12 -12 9 -15 10 -12 12 -15 11 -15 11 -12 10 -15 8 -10 10 -12 9 -12 13 -14 8 -11 10 -11 10 -12 8 -11 11 -12 10 -13 2 2 7 -14 9 -13 7 -13 9 -11 7 -10 6 -11 8 -12 7 -13 8 -12 5 -14 5 -13 4 -11 7 -12 5 -15 5 -12 6 -16 4 -16 5 -16 8 -16 7 -14 7 -15 5 -14 6 -15 6 -17 3 -12 2 -16 1 -1 0 0 0 0 0 0 0 0 ]
CSI_DATA,AP,68:FE:71:12:53:8C,-33,11,1,6,1,1,1,0,0,0,0,-96,0,6,1,29847101,0,84,0,0,29.847,384,[84 -64 4 0 0 0 0 0 0 0 0 0 11 -6 9 -7 13 -8 11 -7 13 -5 14 -8 12 -6 11 -4 11 -4 11 -6 11 -3 11 -4 14 -3 15 -3 10 -6 11 -1 12 -3 10 -3 13 -4 10 -4 9 -2 10 -3 12 -1 12 -5 11 -4 11 -5 1 -2 9 -5 9 -6 10 -5 12 -3 9 -3 10 -6 11 -7 7 -4 11 -7 10 -8 11 -6 8 -7 9 -6 11 -6 8 -8 8 -6 10 -7 8 -9 6 -6 9 -6 8 -6 6 -6 7 -7 8 -6 10 -7 9 -8 -2 1 0 0 0 0 0 0 0 0 ]
CSI_DATA,AP,68:FE:71:12:53:8C,-33,11,1,6,1,1,1,0,0,0,1,-95,0,6,1,29933227,0,84,0,0,29.933,384,[84 -64 4 0 0 0 0 0 0 0 0 0 6 -17 6 -16 10 -15 10 -18 10 -18 11 -14 11 -13 7 -13 8 -13 8 -15 14 -17 14 -13 13 -12 8 -16 8 -13 11 -14 10 -13 10 -10 11 -14 9 -14 11 -10 12 -10 9 -13 11 -12 11 -15 9 -11 -1 2 8 -13 10 -15 6 -14 6 -12 6 -13 7 -12 8 -12 7 -15 8 -13 4 -13 5 -13 6 -11 5 -12 6 -12 3 -12 5 -15 4 -14 6 -12 5 -12 4 -12 6 -13 4 -14 1 -15 2 -17 5 -13 2 -13 -2 2 0 0 0 0 0 0 0 0 ]
CSI_DATA,AP,68:FE:71:12:53:8C,-35,11,1,7,1,1,1,0,0,0,0,-96,0,6,1,30036890,0,84,0,0,30.037,384,[84 -64 4 0 0 0 0 0 0 0 0 0 9 2 5 0 7 -1 8 1 7 3 5 1 7 1 9 1 7 4 5 4 7 3 10 2 9 5 5 5 6 2 8 6 5 3 8 3 6 5 8 2 7 2 8 3 5 3 7 5 9 2 8 3 0 -1 8 3 7 4 6 3 6 4 5 2 7 3 7 3 5 4 6 2 4 0 7 1 4 0 7 3 8 4 7 3 7 3 6 4 9 -1 9 1 8 1 9 0 5 0 6 0 9 -1 8 2 7 -1 -2 -1 0 0 0 0 0 0 0 0 ]
CSI_DATA,AP,68:FE:71:12:53:8C,-36,11,1,6,1,1,1,0,0,0,0,-94,0,6,1,30121010,0,84,0,0,30.121,384,[84 -64 4 0 0 0 0 0 0 0 0 0 3 -23 4 -20 3 -20 7 -25 4 -19 7 -22 6 -21 9 -19 9 -21 9 -21 7 -20 9 -21 11 -21 8 -18 7 -20 7 -20 9 -17 10 -15 7 -18 9 -15 6 -15 8 -19 6 -14 9 -19 9 -15 9 -16 0 1 8 -15 5 -18 4 -17 4 -14 6 -15 5 -19 6 -17 4 -14 6 -15 4 -18 1 -18 4 -18 4 -18 1 -15 3 -18 2 -18 2 -16 3 -19 -1 -14 0 -15 1 -18 -1 -18 2 -17 0 -18 1 -16 -2 -14 -2 -2 0 0 0 0 0 0 0 0 ]
CSI_DATA,AP,68:FE:71:12:53:8C,-35,11,1,5,1,1,1,0,0,0,0,-93,0,6,1,30221054,0,84,0,0,30.221,384,[84 -64 4 0 0 0 0 0 0 0 0 0 4 20 4 16 3 20 4 17 1 19 -3 16 -1 15 0 15 1 17 -2 15 -1 16 -1 15 0 15 -5 13 -5 12 -4 14 -2 15 -1 11 1 11 1 14 0 14 1 14 -3 8 0 12 -2 12 1 13 0 -2 1 12 1 10 3 11 4 10 4 8 2 12 4 12 2 9 2 8 2 10 1 8 2 11 4 11 2 12 5 9 4 13 5 9 6 7 7 11 5 10 5 11 7 11 6 11 7 10 6 8 6 11 -2 2 0 0 0 0 0 0 0 0 ]
CSI_DATA,AP,68:FE:71:12:53:8C,-36,11,1,5,1,1,1,1,0,0,0,-94,3,6,1,30313476,0,84,0,0,30.313,384,[84 -64 4 0 0 0 0 0 0 0 0 0 -1 -13 2 -12 2 -11 3 -12 4 -12 1 -9 2 -11 2 -8 3 -11 5 -7 4 -12 2 -9 5 -8 2 -10 2 -7 1 -8 4 -10 0 -9 3 -6 0 -6 3 -7 0 -5 3 -7 1 -8 0 -5 0 -6 -2 0 0 -9 1 -7 -1 -6 -2 -7 2 -7 -2 -6 -1 -9 0 -7 -2 -9 -2 -7 0 -6 -2 -5 -3 -7 0 -5 -1 -5 1 -9 -3 -9 -2 -9 -2 -8 0 -8 0 -6 -2 -7 0 -6 -3 -7 -3 -7 -4 -9 0 1 0 0 0 0 0 0 0 0 ]
CSI_DATA,AP,68:FE:71:12:53:8C,-32,11,1,7,1,1,1,0,0,0,0,-94,0,6,1,30396278,0,84,0,0,30.396,384,[84 -64 4 0 0 0 0 0 0 0 0 0 7 -25 10 -25 10 -24 9 -28 9 -23 10 -22 12 -20 11 -22 15 -20 10 -18 13 -19 11 -19 12 -19 9 -19 12 -14 10 -14 11 -17 8 -12 10 -17 7 -12 8 -16 10 -14 4 -12 6 -16 4 -16 7 -16 0 0 3 -14 6 -13 6 -14 3 -14 1 -15 3 -16 1 -14 -1 -12 1 -13 -4 -14 -3 -14 1 -14 -3 -14 -3 -13 -3 -14 -3 -12 -5 -16 -2 -11 -2 -13 -3 -13 -5 -12 -3 -16 -7 -15 -8 -12 -7 -14 -5 -11 0 2 0 0 0 0 0 0 0 0 ]
CSI_DATA,AP,68:FE:71:12:53:8C,-36,11,1,6,1,1,1,0,0,0,0,-95,0,6,1,30515327,0,84,0,0,30.515,384,[84 -64 4 0 0 0 0 0 0 0 0 0 27 21 27 22 30 25 26 25 23 25 21 23 22 26 21 21 20 22 19 22 17 25 20 22 19 24 14 24 15 23 16 20 16 20 12 17 11 18 11 18 14 17 14 17 13 15 11 14 14 12 15 14 2 1 11 12 12 12 12 11 12 10 15 6 16 7 14 4 15 4 15 5 13 3 16 5 13 4 16 0 14 1 15 1 12 3 12 1 12 -3 12 -1 14 -4 12 -3 11 -1 12 -5 12 -6 12 -2 13 -4 0 2 0 0 0 0 0 0 0 0 ]
CSI_DATA,AP,68:FE:71:12:53:8C,-31,11,1,7,1,1,1,0,0,0,0,-93,0,6,1,30601883,0,84,0,0,30.602,384,[84 -64 4 0 0 0 0 0 0 0 0 0 19 -28 18 -25 21 -27 20 -25 21 -23 19 -19 20 -19 23 -18 20 -17 20 -17 21 -19 21 -16 19 -16 21 -14 17 -12 21 -13 17 -11 17 -14 14 -13 16 -10 13 -14 16 -15 13 -12 14 -14 13 -12 11 -12 -1 2 9 -14 7 -11 8 -12 6 -15 4 -11 7 -13 3 -13 5 -13 1 -13 4 -14 2 -13 4 -11 -1 -13 2 -14 0 -15 0 -15 1 -14 0 -12 -4 -12 -5 -12 -1 -14 -4 -10 -3 -11 -5 -11 -5 -14 -3 -10 0 1 0 0 0 0 0 0 0 0 ]
CSI_DATA,AP,68:FE:71:12:53:8C,-35,11,1,5,1,1,1,0,0,0,0,-95,0,6,1,30713486,0,84,0,0,30.713,384,[84 -64 4 0 0 0 0 0 0 0 0 0 4 -21 4 -17 5 -22 3 -19 6 -19 6 -19 7 -19 6 -18 5 -19 6 -15 4 -18 8 -16 7 -15 6 -16 8 -15 6 -16 7 -15 3 -16 3 -15 6 -16 6 -14 4 -17 3 -16 5 -15 5 -17 6 -15 -1 -1 3 -17 3 -15 5 -17 1 -17 3 -16 2 -15 2 -15 2 -18 5 -18 3 -16 4 -17 5 -18 2 -17 0 -15 2 -16 1 -16 1 -19 3 -17 4 -16 0 -17 0 -15 2 -18 3 -19 4 -18 0 -17 4 -13 0 0 0 0 0 0 0 0 0 0 ]
CSI_DATA,AP,68:FE:71:12:53:8C,-32,11,1,6,1,1,1,0,0,0,1,-95,0,6,1,30813382,0,84,0,0,30.813,384,[84 -64 4 0 0 0 0 0 0 0 0 0 1 -17 4 -18 3 -21 2 -23 2 -21 6 -19 6 -19 4 -21 4 -21 5 -21 7 -19 9 -22 9 -22 9 -21 9 -22 7 -19 10 -18 7 -20 9 -17 7 -19 8 -17 9 -21 8 -16 10 -22 10 -19 8 -21 1 2 6 -18 10 -20 10 -19 7 -19 5 -18 7 -20 8 -18 6 -22 8 -20 7 -19 6 -23 5 -20 8 -21 6 -21 5 -19 3 -20 7 -20 6 -19 6 -23 5 -23 8 -23 5 -23 7 -20 5 -21 5 -22 4 -20 -2 2 0 0 0 0 0 0 0 0 ]
CSI_DATA,AP,68:FE:71:12:53:8C,-35,11,1,6,1,1,1,0,0,0,0,-94,0,6,1,30921361,0,84,0,0,30.921,384,[84 -64 4 0 0 0 0 0 0 0 0 0 15 -5 20 -3 19 -3 21 -6 18 -6 18 -2 20 0 20 -2 18 0 21 -3 23 -2 23 -5 22 0 20 -3 20 -3 21 0 19 -1 19 -1 23 2 22 0 20 -1 18 0 17 0 22 1 20 1 21 -3 0 -2 23 1 19 1 22 -3 20 -3 19 1 19 -3 22 -4 18 -1 20 -5 17 -5 18 -4 17 -6 20 -4 22 -3 21 -3 20 -5 19 -7 23 -5 21 -5 21 -7 23 -4 21 -3 21 -7 20 -7 22 -7 18 -6 -1 1 0 0 0 0 0 0 0 0 ]
CSI_DATA,AP,68:FE:71:12:53:8C,-34,11,1,6,1,1,1,0,0,0,0,-95,0,6,1,31013255,0,84,0,0,31.013,384,[84 -64 4 0 0 0 0 0 0 0 0 0 -1 -4 2 -5 1 -3 4 -5 1 -5 2 0 4 -2 3 -4 7 0 2 -3 7 -1 3 1 6 -2 7 1 6 -1 5 0 4 0 4 1 3 1 4 1 8 -1 8 -1 6 1 10 2 7 0 7 3 1 -2 8 2 11 3 10 3 9 1 11 2 11 3 11 2 8 0 10 2 9 3 11 -1 9 0 13 -1 14 0 10 1 15 2 11 2 15 2 12 1 15 -2 16 0 14 1 17 1 14 1 13 0 16 2 -2 1 0 0 0 0 0 0 0 0 ]
CSI_DATA,AP,68:FE:71:12:53:8C,-35,11,1,7,1,1,1,0,0,0,0,-95,0,6,1,31109280,0,84,0,0,31.109,384,[84 -64 4 0 0 0 0 0 0 0 0 0 -18 -13 -19 -13 -16 -14 -19 -12 -15 -17 -17 -17 -17 -15 -13 -14 -18 -17 -15 -18 -14 -20 -14 -18 -17 -18 -12 -17 -15 -20 -14 -22 -13 -21 -11 -19 -14 -17 -12 -20 -12 -20 -15 -20 -8 -20 -14 -22 -14 -21 -13 -18 0 1 -10 -19 -15 -20 -14 -19 -16 -18 -10 -19 -15 -15 -14 -15 -13 -13 -13 -16 -13 -15 -16 -16 -16 -13 -13 -17 -13 -14 -15 -16 -19 -15 -15 -14 -19 -12 -19 -13 -19 -12 -17 -14 -15 -11 -18 -12 -17 -11 -19 -13 -17 -10 -2 -1 0 0 0 0 0 0 0 0 ]
CSI_DATA,AP,68:FE:71:12:53:8C,-32,11,1,6,1,1,1,0,0,0,0,-94,0,6,1,31178374,0,84,0,0,31.178,384,[84 -64 4 0 0 0 0 0 0 0 0 0 -9 1 -5 1 -7 1 -6 0 -9 0 -9 -1 -7 -2 -8 -2 -10 -4 -8 -2 -9 1 -7 -3 -7 -2 -9 -4 -9 -3 -12 -3 -8 -3 -8 -1 -7 -2 -8 -2 -11 -4 -9 -5 -9 -2 -6 -4 -10 -2 -9 -4 1 -1 -10 -1 -7 -4 -7 0 -9 1 -10 0 -7 -3 -7 -3 -9 -3 -9 -2 -7 -2 -7 1 -8 0 -8 -1 -6 -1 -11 -1 -9 -1 -9 1 -8 0 -6 -2 -10 0 -6 -1 -8 3 -10 -3 -10 2 -9 -1 -12 0 1 0 0 0 0 0 0 0 0 0 ]
CSI_DATA,AP,68:FE:71:12:53:8C,-36,11,1,6,1,1,1,0,0,0,0,-95,0,6,1,31283443,0,82,0,0,31.283,384,[84 -64 4 0 0 0 0 0 0 0 0 0 7 -27 4 -28 6 -31 10 -31 6 -27 8 -26 8 -24 12 -25 8 -27 9 -25 9 -27 10 -27 9 -23 12 -26 13 -21 13 -26 12 -20 9 -22 11 -21 13 -21 11 -21 13 -23 9 -20 11 -19 10 -21 11 -19 1 0 8 -20 11 -20 8 -24 5 -23 7 -19 8 -22 4 -23 4 -20 6 -20 7 -19 3 -22 3 -19 2 -19 3 -19 5 -19 5 -23 3 -24 5 -19 2 -19 2 -23 3 -22 0 -19 0 -20 0 -23 2 -20 0 -22 1 2 0 0 0 0 0 0 0 0 ]
CSI_DATA,AP,68:FE:71:12:53:8C,-38,11,1,6,1,1,1,0,0,0,0,-95,0,6,1,31351749,0,84,0,0,31.352,384,[84 -64 4 0 0 0 0 0 0 0 0 0 15 12 16 14 17 17 16 18 13 17 11 17 12 17 9 15 11 15 8 14 10 16 11 17 12 17 9 14 10 18 8 19 10 15 9 14 8 16 9 18 10 15 10 15 6 15 10 13 7 17 10 13 2 -2 9 15 12 14 12 15 8 11 9 12 11 11 11 13 11 10 11 10 8 10 14 11 10 8 13 8 11 8 13 9 11 12 10 9 11 9 14 12 11 10 13 10 13 11 11 9 12 8 13 10 13 6 1 1 0 0 0 0 0 0 0 0 ]
CSI_DATA,AP,68:FE:71:12:53:8C,-32,11,1,7,1,1,1,0,0,0,1,-95,0,6,1,31447815,0,84,0,0,31.448,384,[84 -64 4 0 0 0 0 0 0 0 0 0 1 20 4 16 0 19 0 21 -1 17 1 18 0 16 -3 16 -2 18 -1 18 -1 16 -2 18 -5 16 -5 20 -3 16 -4 18 -3 15 -2 17 -4 18 -3 16 -2 14 -2 18 -4 14 -4 15 -5 14 -1 14 -2 1 -2 17 -1 13 -1 14 1 17 0 14 -1 15 -1 15 2 13 1 14 2 12 1 13 1 15 2 15 4 16 4 12 0 15 4 16 1 15 5 15 2 15 1 16 3 15 2 16 3 13 5 15 2 15 1 2 0 0 0 0 0 0 0 0 ]
CSI_DATA,AP,68:FE:71:12:53:8C,-35,11,1,6,1,1,1,0,0,0,0,-94,0,6,1,31557542,0,84,0,0,31.558,384,[84 -64 4 0 0 0 0 0 0 0 0 0 17 2 21 2 20 5 23 5 16 6 21 8 18 9 17 8 17 6 18 8 15 7 16 7 16 11 18 8 17 10 16 11 16 9 13 7 15 8 16 7 16 11 15 11 12 7 15 7 16 9 13 6 0 0 13 6 13 8 14 10 11 7 15 8 16 5 13 8 16 4 12 6 13 5 15 5 16 6 16 4 15 5 13 4 15 3 14 4 18 3 17 2 15 3 18 1 13 3 17 3 14 1 15 3 14 4 0 2 0 0 0 0 0 0 0 0 ]
CSI_DATA,AP,68:FE:71:12:53:8C,-31,11,1,6,1,1,1,0,0,0,0,-95,0,6,1,31650136,0,84,0,0,31.65,384,[84 -64 4 0 0 0 0 0 0 0 0 0 -8 -29 -4 -29 -5 -27 -4 -30 -1 -28 -3 -29 -2 -31 -3 -28 -1 -27 -1 -27 1 -28 2 -29 3 -26 -1 -28 0 -27 3 -26 4 -25 2 -23 5 -25 4 -25 1 -26 4 -24 4 -21 -1 -25 1 -24 2 -23 -2 2 2 -23 0 -21 -1 -23 -1 -24 2 -22 0 -22 0 -22 1 -22 -1 -22 -3 -24 -3 -24 -2 -23 -1 -23 -2 -23 -2 -20 -6 -23 -4 -22 -3 -21 -3 -23 -3 -22 -5 -22 -6 -24 -6 -22 -5 -24 -5 -24 -6 -20 2 -2 0 0 0 0 0 0 0 0 ]
CSI_DATA,AP,68:FE:71:12:53:8C,-36,11,0,0,0,0,0,0,0,0,0,-93,0,6,1,31731228,0,37,0,0,31.731,128,[84 -64 4 0 0 0 0 0 0 0 0 0 -20 -1 -18 -3 -20 -5 -21 -4 -19 -5 -20 -3 -17 -7 -19 -5 -20 -6 -19 -6 -16 -6 -18 -7 -18 -6 -15 -7 -17 -9 -16 -7 -17 -6 -18 -7 -18 -7 -16 -8 -17 -7 -17 -6 -16 -7 -13 -4 -17 -7 -14 -4 1 0 -13 -7 -13 -6 -14 -2 -16 -2 -14 -2 -14 -6 -15 -5 -13 -5 -16 -5 -14 -4 -16 1 -14 0 -17 0 -14 1 -15 -1 -17 -1 -15 -1 -16 0 -17 1 -15 1 -15 0 -15 2 -15 -1 -16 4 -15 0 -15 2 -1 1 0 0 0 0 0 0 0 0 ]
CSI_DATA,AP,68:FE:71:12:53:8C,-39,11,1,4,1,1,1,0,0,0,0,-94,0,6,1,31818613,0,84,0,0,31.819,384,[84 -64 4 0 0 0 0 0 0 0 0 0 -4 21 -5 19 -5 21 -3 21 -2 17 -4 16 -7 20 -4 20 -8 19 -7 17 -8 20 -5 19 -6 16 -8 19 -9 17 -6 14 -9 14 -7 14 -10 16 -10 15 -9 16 -10 17 -5 15 -9 17 -8 13 -7 13 1 1 -7 16 -7 12 -7 17 -6 15 -7 16 -6 14 -4 13 -5 15 -4 12 -4 16 -6 13 -6 12 -1 15 -5 13 -1 15 -4 17 -2 14 0 14 -1 13 -1 14 -2 17 -2 16 -3 16 -3 15 1 14 -1 12 2 0 0 0 0 0 0 0 0 0 ]
CSI_DATA,AP,68:FE:71:12:53:8C,-41,11,1,6,1,1,1,0,0,0,0,-95,0,6,1,31896820,0,84,0,0,31.897,384,[84 -64 4 0 0 0 0 0 0 0 0 0 -16 -4 -20 -3 -20 -4 -18 -8 -18 -9 -17 -9 -15 -8 -18 -10 -18 -7 -19 -7 -15 -8 -18 -7 -15 -9 -14 -9 -15 -10 -17 -9 -13 -10 -16 -10 -12 -10 -14 -9 -16 -9 -14 -9 -12 -9 -13 -10 -15 -7 -14 -7 -2 1 -15 -10 -15 -8 -15 -6 -14 -7 -14 -8 -16 -6 -15 -5 -15 -4 -13 -4 -15 -6 -16 -6 -16 -3 -13 -6 -14 -3 -15 -6 -14 -4 -15 -2 -15 -4 -16 -1 -15 0 -17 -4 -14 -2 -17 -4 -15 -3 -13 -3 -17 -2 -2 -1 0 0 0 0 0 0 0 0 ]
CSI_DATA,AP,68:FE:71:12:53:8C,-33,11,1,6,1,1,1,0,0,0,0,-93,0,6,1,31987982,0,84,0,0,31.988,384,[84 -64 4 0 0 0 0 0 0 0 0 0 -14 -9 -17 -10 -15 -8 -18 -11 -14 -13 -13 -10 -15 -11 -13 -12 -15 -11 -15 -13 -15 -11 -11 -14 -15 -12 -14 -14 -14 -15 -13 -12 -12 -14 -10 -9 -10 -10 -9 -10 -10 -10 -11 -13 -11 -13 -11 -12 -13 -9 -12 -12 2 2 -9 -12 -10 -9 -11 -8 -13 -8 -10 -9 -11 -10 -12 -10 -13 -10 -11 -8 -14 -6 -12 -6 -14 -6 -12 -5 -14 -5 -10 -5 -14 -5 -12 -9 -15 -6 -16 -8 -12 -6 -14 -5 -12 -5 -12 -3 -13 -7 -16 -7 -14 -6 0 1 0 0 0 0 0 0 0 0 ]
CSI_DATA,AP,68:FE:71:12:53:8C,-32,11,1,6,1,1,1,1,0,0,0,-95,4,6,1,32064573,0,84,0,0,32.065,384,[84 -64 4 0 0 0 0 0 0 0 0 0 19 -3 18 -2 22 0 21 -1 20 2 21 0 21 1 17 3 17 2 17 5 17 3 18 4 18 6 16 2 16 4 16 3 18 4 16 5 18 5 18 2 18 4 15 2 15 5 14 5 14 6 14 3 -2 0 14 3 15 3 17 3 14 2 15 4 14 3 15 4 14 1 14 3 14 -2 13 1 17 0 13 2 16 1 15 1 15 -3 15 0 18 -3 13 -2 15 0 15 -2 16 -3 17 -3 15 -6 14 -4 14 -5 2 -1 0 0 0 0 0 0 0 0 ]
CSI_DATA,AP,68:FE:71:12:53:8C,-36,11,1,7,1,1,1,0,0,0,0,-96,0,6,1,32140362,0,84,0,0,32.14,384,[84 -64 4 0 0 0 0 0 0 0 0 0 15 8 15 11 19 12 15 13 15 14 14 10 15 16 15 11 12 12 14 12 13 14 11 14 16 15 14 15 11 12 13 15 12 11 11 14 13 15 10 13 9 14 12 16 9 15 11 15 11 14 13 13 1 -2 10 12 14 13 10 13 14 12 10 12 12 11 10 9 10 10 11 12 15 10 13 11 11 9 11 8 12 7 12 6 13 6 13 6 12 6 12 8 16 8 16 7 14 8 14 9 16 4 17 4 13 7 2 -1 0 0 0 0 0 0 0 0 ]
CSI_DATA,AP,68:FE:71:12:53:8C,-34,11,1,6,1,1,1,0,0,0,0,-94,0,6,1,32216821,0,84,0,0,32.217,384,[84 -64 4 0 0 0 0 0 0 0 0 0 16 -15 14 -14 19 -13 17 -14 19 -9 16 -9 16 -8 16 -7 16 -9 18 -6 19 -7 19 -7 17 -8 20 -7 20 -9 16 -8 17 -4 15 -4 18 -5 15 -7 15 -5 16 -5 14 -7 16 -5 17 -8 15 -7 2 -1 14 -5 14 -7 16 -9 14 -5 16 -7 13 -9 15 -6 14 -10 15 -9 13 -7 12 -10 12 -7 13 -7 11 -12 13 -8 12 -9 11 -13 14 -11 11 -9 11 -10 13 -12 11 -13 14 -10 14 -12 10 -13 9 -13 0 -1 0 0 0 0 0 0 0 0 ]
CSI_DATA,AP,68:FE:71:12:53:8C,-34,11,1,7,1,1,1,0,0,0,0,-94,0,6,1,32284557,0,84,0,0,32.285,384,[84 -64 4 0 0 0 0 0 0 0 0 0 -20 -4 -19 -4 -22 -5 -21 -4 -23 -3 -20 -5 -19 -5 -21 -7 -19 -5 -20 -4 -18 -7 -19 -6 -19 -5 -18 -5 -19 -6 -19 -6 -19 -5 -16 -9 -19 -7 -16 -6 -17 -8 -14 -9 -17 -9 -16 -7 -17 -5 -17 -4 2 1 -13 -8 -16 -8 -17 -7 -16 -3 -15 -7 -17 -5 -16 -3 -13 -6 -17 -4 -17 -1 -17 -5 -15 -4 -14 -2 -14 0 -17 -3 -14 -4 -16 -1 -18 -3 -18 0 -14 -3 -17 0 -16 1 -17 0 -18 1 -16 0 -17 0 2 -1 0 0 0 0 0 0 0 0 ]
CSI_DATA,AP,68:FE:71:12:53:8C,-36,11,1,6,1,1,1,0,0,0,0,-95,0,6,1,32396782,0,84,0,0,32.397,384,[84 -64 4 0 0 0 0 0 0 0 0 0 5 19 4 19 8 18 4 17 4 19 5 19 4 19 3 20 2 21 4 17 2 17 2 21 3 18 2 16 3 16 3 19 0 20 1 15 3 16 1 18 1 16 0 16 0 14 -1 16 3 16 2 15 -1 1 2 17 3 17 1 17 4 15 3 13 0 13 3 15 2 14 1 12 3 15 3 17 4 16 5 17 5 13 5 16 6 14 3 14 4 12 5 14 3 15 6 14 4 12 8 17 7 15 6 16 3 14 -1 1 0 0 0 0 0 0 0 0 ]
CSI_DATA,AP,68:FE:71:12:53:8C,-32,11,1,6,1,1,1,0,0,0,0,-94,0,6,1,32484015,0,84,0,0,32.484,384,[84 -64 4 0 0 0 0 0 0 0 0 0 18 4 20 3 22 3 19 2 21 6 17 7 21 4 17 7 19 4 19 6 20 7 20 9 16 5 19 8 18 6 15 7 18 8 18 9 17 8 14 6 15 5 18 7 16 8 17 8 13 7 14 6 -2 -1 13 4 15 7 15 4 14 5 13 5 17 6 17 3 16 5 13 1 13 1 16 5 13 3 15 3 13 1 17 1 13 0 14 1 16 -1 16 2 16 0 14 2 13 1 14 1 14 0 14 0 17 -3 1 1 0 0 0 0 0 0 0 0 ]
CSI_DATA,AP,68:FE:71:12:53:8C,-38,11,1,7,1,1,1,0,0,0,0,-93,0,6,1,32592912,0,84,0,0,32.593,384,[84 -64 4 0 0 0 0 0 0 0 0 0 10 -15 13 -15 13 -18 12 -16 12 -15 14 -14 16 -14 16 -12 16 -15 16 -11 15 -13 17 -14 15 -13 14 -10 15 -13 16 -11 15 -11 14 -10 12 -13 13 -12 13 -9 12 -10 14 -10 14 -12 14 -11 15 -11 1 -1 14 -9 14 -13 13 -11 11 -9 13 -11 10 -14 13 -12 12 -11 11 -10 12 -13 12 -10 9 -14 11 -12 10 -12 7 -15 9 -12 8 -12 6 -16 8 -15 5 -16 8 -12 9 -13 5 -15 9 -14 6 -16 8 -16 -2 0 0 0 0 0 0 0 0 0 ]
CSI_DATA,AP,68:FE:71:12:53:8C,-36,11,1,6,1,1,1,0,0,0,0,-96,0,6,1,32671139,0,84,0,0,32.671,384,[84 -64 4 0 0 0 0 0 0 0 0 0 -34 -13 -34 -14 -38 -16 -32 -20 -34 -21 -29 -20 -33 -22 -31 -23 -30 -26 -31 -24 -28 -22 -28 -23 -29 -24 -27 -23 -27 -24 -30 -26 -28 -25 -27 -24 -24 -23 -27 -24 -24 -24 -27 -22 -23 -24 -27 -24 -24 -26 -24 -22 2 0 -26 -21 -27 -21 -26 -21 -25 -22 -27 -23 -27 -21 -25 -21 -26 -21 -28 -18 -25 -14 -29 -16 -25 -15 -29 -16 -28 -16 -29 -17 -27 -13 -27 -14 -30 -13 -31 -13 -28 -13 -29 -15 -31 -11 -33 -14 -29 -10 -32 -12 -28 -13 0 -1 0 0 0 0 0 0 0 0 ]
CSI_DATA,AP,68:FE:71:12:53:8C,-34,11,1,6,1,1,1,0,0,0,0,-94,0,6,1,32785485,0,84,0,0,32.785,384,[84 -64 4 0 0 0 0 0 0 0 0 0 4 19 2 18 4 18 0 21 -1 21 -1 21 0 20 -1 17 -1 20 -3 19 -1 20 -2 20 -3 19 -2 19 -4 18 -1 18 -1 19 -1 16 -2 18 -3 16 -3 19 -2 17 0 15 -1 15 -4 16 -1 16 -2 1 0 14 -1 15 0 15 -3 17 -2 15 0 18 1 15 1 13 2 15 -1 14 1 17 3 14 1 17 1 13 2 16 1 16 4 16 3 16 1 16 4 17 1 17 2 17 4 17 5 15 3 16 6 17 1 2 0 0 0 0 0 0 0 0 ]
CSI_DATA,AP,68:FE:71:12:53:8C,-36,11,1,7,1,1,1,0,0,0,0,-95,0,6,1,32891256,0,84,0,0,32.891,384,[84 -64 4 0 0 0 0 0 0 0 0 0 -17 -6 -19 -8 -20 -6 -18 -11 -17 -10 -16 -10 -18 -11 -17 -10 -16 -12 -15 -9 -15 -13 -17 -13 -15 -11 -14 -12 -17 -14 -17 -14 -16 -12 -15 -10 -14 -12 -14 -13 -15 -13 -13 -14 -14 -11 -13 -12 -15 -13 -11 -12 1 -2 -15 -10 -12 -12 -13 -8 -13 -11 -14 -11 -11 -10 -12 -10 -13 -9 -14 -10 -15 -10 -15 -7 -14 -9 -15 -7 -17 -7 -12 -7 -17 -6 -14 -5 -15 -4 -13 -5 -16 -5 -13 -8 -15 -4 -14 -7 -14 -4 -16 -2 -15 -2 -1 0 0 0 0 0 0 0 0 0 ]
CSI_DATA,AP,68:FE:71:12:53:8C,-40,11,1,4,1,1,1,1,0,0,0,-94,3,6,1,32984183,0,84,0,0,32.984,384,[84 -64 4 0 0 0 0 0 0 0 0 0 -7 -16 -10 -19 -5 -19 -5 -16 -6 -18 -3 -20 -4 -16 -5 -17 -3 -17 -5 -20 -5 -17 -4 -19 -1 -16 -4 -20 -3 -15 -4 -19 -2 -18 -1 -16 -5 -18 -5 -16 -3 -17 -1 -18 -3 -15 -1 -15 -2 -16 -5 -16 1 -2 -6 -13 -3 -16 -2 -13 -6 -14 -4 -14 -2 -13 -3 -12 -4 -13 -3 -15 -6 -13 -4 -13 -5 -15 -6 -12 -6 -15 -9 -12 -5 -12 -7 -11 -9 -12 -10 -11 -6 -13 -7 -13 -6 -14 -9 -14 -10 -13 -8 -11 -7 -11 0 0 0 0 0 0 0 0 0 0 ]
CSI_DATA,AP,68:FE:71:12:53:8C,-36,11,1,7,1,1,1,0,0,0,0,-93,0,6,1,33088241,0,84,0,0,33.088,384,[84 -64 4 0 0 0 0 0 0 0 0 0 21 -9 18 -7 20 -7 20 -7 21 -4 19 -5 18 -4 21 -2 20 -1 20 -4 20 -5 22 -1 21 -3 18 -3 19 -2 17 0 21 -1 18 -2 20 -1 17 1 16 -1 15 -2 18 -2 15 0 19 0 19 -4 -1 -1 15 -3 18 -3 16 -2 17 -1 14 -3 16 -4 17 -2 17 -3 16 -3 16 -7 17 -3 14 -3 16 -5 13 -7 16 -4 16 -8 16 -8 14 -7 17 -8 14 -8 13 -8 15 -6 14 -7 13 -11 13 -10 16 -10 -2 0 0 0 0 0 0 0 0 0 ]
CSI_DATA,AP,68:FE:71:12:53:8C,-35,11,1,5,1,1,1,0,0,0,0,-95,0,6,1,33144530,0,84,0,0,33.145,384,[84 -64 4 0 0 0 0 0 0 0 0 0 14 12 10 12 10 17 10 18 10 18 9 17 11 16 7 17 11 16 11 15 10 18 7 16 6 19 7 18 8 17 9 19 7 18 5 13 8 18 8 15 6 17 8 17 5 16 8 13 8 16 8 17 1 -1 4 12 9 12 7 16 9 11 5 13 6 12 10 13 6 14 9 10 10 14 9 12 11 13 10 14 8 13 10 14 8 11 11 13 10 13 9 10 8 10 10 12 11 11 10 9 10 10 13 11 9 12 0 2 0 0 0 0 0 0 0 0 ]
CSI_DATA,AP,68:FE:71:12:53:8C,-37,11,1,7,1,1,1,1,0,0,0,-93,2,6,1,33246113,0,84,0,0,33.246,384,[84 -64 4 0 0 0 0 0 0 0 0 0 8 18 10 19 5 23 5 21 9 22 6 23 3 23 5 19 5 19 5 21 2 19 4 20 1 21 3 23 1 20 2 23 1 20 3 19 2 17 1 18 3 19 0 20 2 20 1 18 0 19 1 20 1 2 2 15 4 19 5 16 5 15 4 17 2 16 1 16 6 19 5 14 7 18 6 15 7 16 6 17 6 17 5 16 5 17 5 16 9 17 7 17 7 16 6 16 6 16 8 16 7 15 10 17 8 16 0 2 0 0 0 0 0 0 0 0 ]
CSI_DATA,AP,68:FE:71:12:53:8C,-38,11,1,6,1,1,1,0,0,0,0,-95,0,6,1,33339670,0,84,0,0,33.34,384,[84 -64 4 0 0 0 0 0 0 0 0 0 17 -9 17 -8 19 -7 19 -7 18 -7 20 -5 21 -3 16 -1 17 -5 20 -2 19 -4 17 -2 20 -1 21 -2 18 -1 19 -2 16 2 15 -2 18 -2 15 1 18 0 19 0 15 -1 15 2 18 1 18 -3 -2 2 14 -3 17 0 14 1 16 -2 16 -4 15 -1 17 -2 15 -3 15 -5 13 -2 17 -2 14 -5 13 -2 14 -4 17 -5 16 -5 15 -6 16 -7 16 -6 12 -6 15 -7 12 -8 14 -5 13 -5 14 -7 12 -8 0 0 0 0 0 0 0 0 0 0 ]
CSI_DATA,AP,68:FE:71:12:53:8C,-37,11,1,6,1,1,1,0,0,0,0,-94,0,6,1,33434207,0,84,0,0,33.434,384,[84 -64 4 0 0 0 0 0 0 0 0 0 1 -21 4 -21 2 -21 2 -18 5 -21 6 -18 6 -18 6 -17 7 -17 4 -19 6 -19 6 -16 4 -16 8 -17 5 -15 9 -19 7 -14 4 -13 4 -17 7 -17 4 -13 4 -14 5 -13 7 -17 6 -17 7 -16 0 2 4 -14 4 -13 3 -14 2 -15 3 -17 2 -14 2 -15 3 -15 1 -16 3 -14 2 -14 3 -16 0 -14 1 -15 0 -16 2 -15 -1 -16 0 -16 -2 -17 -1 -13 0 -13 0 -14 0 -13 -3 -18 -2 -13 -1 -17 -2 -1 0 0 0 0 0 0 0 0 ]
CSI_DATA,AP,68:FE:71:12:53:8C,-33,11,1,6,1,1,1,0,0,0,0,-94,0,6,1,33508316,0,84,0,0,33.508,384,[84 -64 4 0 0 0 0 0 0 0 0 0 13 -19 10 -17 12 -16 13 -16 13 -14 16 -13 13 -16 15 -13 14 -12 14 -12 16 -15 19 -10 17 -13 16 -14 16 -12 17 -14 14 -11 15 -8 13 -10 17 -12 14 -9 14 -8 14 -7 13 -8 15 -12 17 -11 0 2 12 -10 16 -12 16 -11 14 -12 13 -10 12 -14 12 -12 10 -13 12 -10 11 -11 11 -13 9 -12 12 -12 8 -12 9 -10 7 -12 11 -15 8 -15 7 -14 7 -11 9 -14 8 -12 9 -12 6 -16 7 -12 9 -13 -2 0 0 0 0 0 0 0 0 0 ]
CSI_DATA,AP,68:FE:71:12:53:8C,-33,11,1,7,1,1,1,0,0,0,0,-93,0,6,1,33606578,0,84,0,0,33.607,384,[84 -64 4 0 0 0 0 0 0 0 0 0 -18 12 -14 15 -18 12 -19 16 -18 12 -17 10 -20 11 -17 10 -18 11 -18 9 -20 12 -17 8 -21 9 -21 10 -19 9 -20 8 -17 8 -19 9 -16 7 -17 6 -17 6 -16 5 -15 8 -18 9 -16 9 -18 6 2 -1 -17 7 -16 7 -15 9 -17 10 -16 9 -15 8 -14 7 -12 6 -13 8 -14 8 -12 11 -15 11 -14 10 -14 8 -11 11 -14 10 -11 13 -10 10 -11 13 -14 10 -13 10 -12 12 -11 12 -12 11 -13 14 -12 10 0 0 0 0 0 0 0 0 0 0 ]
CSI_DATA,AP,68:FE:71:12:53:8C,-34,11,1,6,1,1,1,0,0,0,0,-94,0,6,1,33669604,0,84,0,0,33.67,384,[84 -64 4 0 0 0 0 0 0 0 0 0 -13 -16 -9 -19 -12 -19 -12 -23 -10 -18 -8 -21 -7 -20 -7 -22 -5 -18 -6 -19 -8 -19 -5 -22 -7 -23 -8 -21 -6 -21 -7 -21 -5 -18 -6 -17 -4 -20 -6 -17 -3 -16 -7 -16 -4 -19 -4 -16 -5 -16 -6 -19 0 0 -6 -19 -6 -15 -5 -18 -7 -17 -7 -16 -6 -18 -4 -16 -7 -17 -8 -13 -9 -13 -7 -13 -7 -16 -8 -15 -11 -14 -10 -17 -9 -14 -7 -16 -9 -12 -8 -13 -8 -12 -12 -16 -12 -12 -11 -16 -12 -14 -13 -13 -12 -14 -2 1 0 0 0 0 0 0 0 0 ]
CSI_DATA,AP,68:FE:71:12:53:8C,-36,11,1,7,1,1,1,0,0,0,0,-95,0,6,1,33759388,0,84,0,0,33.759,384,[84 -64 4 0 0 0 0 0 0 0 0 0 -9 18 -11 19 -11 21 -13 19 -11 19 -13 14 -12 19 -16 16 -12 16 -16 14 -18 14 -18 13 -17 14 -15 13 -17 14 -15 13 -15 12 -13 11 -13 15 -15 13 -16 12 -15 13 -16 10 -14 12 -13 12 -14 12 0 -1 -12 11 -11 14 -12 13 -10 15 -10 14 -13 12 -11 12 -12 13 -12 16 -11 11 -10 17 -8 14 -8 14 -8 14 -8 12 -9 14 -11 18 -9 15 -6 14 -7 15 -9 15 -7 15 -5 17 -7 17 -10 17 -9 17 0 -2 0 0 0 0 0 0 0 0 ]
CSI_DATA,AP,68:FE:71:12:53:8C,-38,11,1,6,1,1,1,0,0,0,0,-94,0,6,1,33849492,0,84,0,0,33.849,384,[84 -64 4 0 0 0 0 0 0 0 0 0 8 -21 10 -22 11 -22 13 -19 12 -19 12 -16 12 -19 10 -16 15 -16 10 -17 12 -20 14 -17 15 -19 11 -19 14 -14 15 -18 15 -17 14 -14 13 -13 11 -17 13 -13 14 -15 11 -11 12 -15 14 -17 14 -14 -2 2 11 -15 11 -14 13 -17 7 -15 12 -16 9 -14 9 -16 8 -12 11 -15 8 -14 5 -17 5 -13 9 -15 7 -14 7 -14 6 -18 6 -19 7 -17 6 -14 4 -16 5 -18 4 -18 7 -15 3 -16 4 -18 5 -15 0 1 0 0 0 0 0 0 0 0 ]
CSI_DATA,AP,68:FE:71:12:53:8C,-36,11,1,6,1,1,1,0,0,0,0,-95,0,6,1,33952361,0,84,0,0,33.952,384,[84 -64 4 0 0 0 0 0 0 0 0 0 20 -10 20 -11 20 -11 19 -9 20 -8 18 -5 20 -4 20 -7 21 -7 22 -6 20 -5 21 -6 18 -4 19 -5 21 -2 22 -4 21 -1 19 -2 20 -1 19 -4 18 -2 20 -5 17 -1 17 -2 17 0 20 -4 0 1 19 -1 17 -2 18 -2 17 -3 15 -2 15 -7 15 -4 15 -7 17 -7 14 -8 18 -5 16 -7 13 -6 15 -9 16 -8 15 -9 18 -7 15 -7 16 -9 16 -8 17 -9 16 -6 16 -8 15 -9 13 -11 14 -7 0 -2 0 0 0 0 0 0 0 0 ]
CSI_DATA,AP,68:FE:71:12:53:8C,-33,11,0,0,0,0,0,1,0,0,0,-95,3,6,1,34061710,0,37,0,0,34.062,128,[84 -64 4 0 0 0 0 0 0 0 0 0 -13 14 -13 15 -14 16 -15 18 -17 16 -18 15 -17 13 -15 12 -15 12 -14 10 -20 13 -17 10 -20 13 -16 11 -15 10 -17 10 -18 12 -17 8 -16 9 -19 11 -15 8 -18 8 -14 8 -15 11 -15 10 -17 10 0 -1 -15 11 -14 11 -15 10 -15 8 -13 7 -15 8 -14 11 -15 10 -11 11 -10 11 -12 13 -14 11 -13 12 -14 14 -13 9 -13 14 -12 12 -10 11 -12 11 -13 12 -13 12 -14 13 -10 15 -10 12 -13 11 -8 14 1 0 0 0 0 0 0 0 0 0 ]
CSI_DATA,AP,68:FE:71:12:53:8C,-35,11,1,6,1,1,1,0,0,0,0,-95,0,6,1,34153368,0,84,0,0,34.153,384,[84 -64 4 0 0 0 0 0 0 0 0 0 -18 11 -17 12 -18 14 -20 9 -18 9 -20 11 -21 8 -20 10 -21 9 -20 9 -23 10 -19 7 -18 9 -18 4 -22 7 -20 5 -21 4 -16 6 -19 4 -19 5 -17 5 -19 5 -18 1 -19 6 -21 7 -20 4 0 1 -18 3 -18 3 -19 5 -15 6 -14 5 -16 3 -15 8 -15 7 -16 6 -14 5 -17 7 -16 8 -14 6 -13 7 -17 6 -16 10 -18 8 -14 9 -14 11 -14 10 -17 11 -15 8 -13 8 -16 10 -16 12 -15 9 -1 -2 0 0 0 0 0 0 0 0 ]
CSI_DATA,AP,68:FE:71:12:53:8C,-36,11,0,0,0,0,0,0,0,0,0,-95,0,6,1,34241446,0,37,0,0,34.241,128,[84 -64 4 0 0 0 0 0 0 0 0 0 -20 11 -17 11 -18 14 -20 11 -21 8 -18 8 -22 9 -20 7 -23 6 -20 9 -19 6 -20 8 -19 7 -19 7 -18 5 -19 6 -21 6 -20 5 -20 7 -19 6 -21 4 -20 3 -18 5 -17 4 -19 5 -17 5 1 1 -20 7 -18 5 -19 5 -16 5 -17 7 -15 5 -15 8 -15 7 -14 5 -18 8 -15 9 -15 6 -17 10 -16 10 -18 6 -16 10 -15 9 -15 12 -18 10 -15 10 -15 8 -16 7 -13 12 -16 13 -15 13 -12 10 1 0 0 0 0 0 0 0 0 0 ]
CSI_DATA,AP,68:FE:71:12:53:8C,-35,11,1,6,1,1,1,0,0,0,0,-95,0,6,1,34333218,0,84,0,0,34.333,384,[84 -64 4 0 0 0 0 0 0 0 0 0 -2 -20 0 -20 0 -22 1 -23 -1 -21 3 -20 2 -21 3 -21 6 -18 1 -19 3 -20 2 -20 2 -18 2 -21 5 -19 5 -19 5 -19 4 -16 6 -18 5 -19 6 -19 5 -17 4 -16 3 -17 5 -19 5 -16 1 -1 5 -19 3 -15 3 -15 0 -15 4 -14 4 -15 4 -16 -1 -17 3 -15 -1 -16 1 -19 1 -15 0 -17 0 -17 -1 -19 -1 -17 1 -18 -4 -17 -1 -15 -1 -18 -1 -16 -3 -15 -1 -17 -6 -18 -3 -15 -5 -14 -1 2 0 0 0 0 0 0 0 0 ]
CSI_DATA,AP,68:FE:71:12:53:8C,-32,11,1,6,1,1,1,0,0,0,0,-94,0,6,1,34427985,0,84,0,0,34.428,384,[84 -64 4 0 0 0 0 0 0 0 0 0 -20 -7 -16 -8 -18 -9 -22 -11 -21 -12 -15 -11 -16 -14 -14 -12 -15 -13 -14 -15 -14 -16 -14 -13 -14 -13 -15 -14 -15 -13 -15 -16 -15 -15 -14 -11 -11 -12 -12 -12 -12 -12 -15 -15 -14 -14 -14 -15 -13 -11 -13 -11 2 2 -14 -13 -15 -9 -16 -10 -15 -10 -11 -11 -12 -8 -12 -11 -12 -9 -12 -7 -12 -10 -13 -6 -15 -7 -14 -9 -14 -8 -15 -6 -15 -6 -17 -9 -18 -8 -14 -8 -15 -3 -18 -6 -14 -5 -15 -6 -17 -7 -18 -7 -17 -3 -2 1 0 0 0 0 0 0 0 0 ]
CSI_DATA,AP,68:FE:71:12:53:8C,-40,11,1,5,1,1,1,0,0,0,0,-95,0,6,1,34503738,0,82,0,0,34.504,384,[84 -64 4 0 0 0 0 0 0 0 0 0 -19 11 -18 10 -18 12 -18 12 -17 12 -17 8 -20 9 -17 6 -16 8 -17 7 -20 11 -18 10 -18 10 -21 9 -16 4 -19 9 -20 7 -19 8 -15 4 -17 5 -19 6 -18 6 -18 7 -19 8 -17 9 -16 9 0 -2 -16 9 -14 9 -15 7 -14 10 -17 5 -17 9 -16 9 -14 7 -13 10 -13 11 -12 9 -14 10 -12 10 -14 11 -14 12 -12 9 -16 14 -10 13 -14 9 -13 11 -15 12 -11 9 -13 11 -10 15 -14 10 -12 11 -2 0 0 0 0 0 0 0 0 0 ]
CSI_DATA,AP,68:FE:71:12:53:8C,-35,11,1,6,1,1,1,0,0,0,0,-95,0,6,1,34569931,0,84,0,0,34.57,384,[84 -64 4 0 0 0 0 0 0 0 0 0 17 9 14 10 17 13 18 13 15 11 13 12 12 13 12 15 13 14 15 15 14 17 13 14 13 17 11 17 12 14 11 15 9 15 8 14 12 13 10 17 8 14 11 14 10 14 9 16 9 16 12 15 0 1 10 15 12 12 10 14 11 11 12 14 13 15 11 14 12 11 10 9 9 8 11 10 11 12 9 10 12 13 12 13 11 9 13 9 12 7 10 9 11 9 12 8 10 10 13 10 14 9 11 10 13 10 -2 0 0 0 0 0 0 0 0 0 ]
CSI_DATA,AP,68:FE:71:12:53:8C,-35,11,1,5,1,1,1,0,0,0,0,-95,0,6,1,34650432,0,84,0,0,34.65,384,[84 -64 4 0 0 0 0 0 0 0 0 0 18 -9 20 -7 21 -8 21 -5 22 -5 21 -5 19 -4 17 -2 22 -4 19 -4 20 -5 18 -4 21 -2 20 -1 17 -1 22 -3 18 0 17 -4 17 -1 20 0 18 -3 20 -1 17 -1 18 -3 18 -4 18 0 2 1 14 -3 19 -3 16 -6 15 -5 18 -5 17 -3 18 -5 17 -5 16 -3 13 -6 14 -6 14 -7 16 -7 15 -5 14 -9 15 -9 15 -7 16 -6 13 -6 13 -9 16 -7 13 -8 13 -11 16 -8 12 -8 14 -11 0 2 0 0 0 0 0 0 0 0 ]
CSI_DATA,AP,68:FE:71:12:53:8C,-34,11,1,5,1,1,1,0,0,0,0,-95,0,6,1,34743535,0,84,0,0,34.744,384,[84 -64 4 0 0 0 0 0 0 0 0 0 -11 -20 -10 -21 -11 -19 -9 -21 -11 -23 -6 -20 -9 -21 -6 -18 -5 -22 -4 -21 -8 -19 -8 -23 -7 -23 -5 -23 -5 -20 -4 -20 -4 -22 -2 -20 -4 -19 -3 -17 -2 -17 -4 -18 -3 -15 -6 -17 -6 -20 -4 -19 1 -2 -7 -18 -3 -20 -7 -18 -4 -16 -3 -16 -7 -17 -4 -15 -4 -14 -5 -17 -6 -17 -7 -16 -9 -15 -7 -15 -10 -14 -9 -16 -11 -17 -10 -18 -8 -17 -10 -16 -8 -14 -10 -15 -12 -16 -9 -16 -11 -14 -11 -13 -9 -13 -2 -2 0 0 0 0 0 0 0 0 ]
CSI_DATA,AP,68:FE:71:12:53:8C,-34,11,1,5,1,1,1,0,0,0,0,-96,0,6,1,34809655,0,84,0,0,34.81,384,[84 -64 4 0 0 0 0 0 0 0 0 0 20 -8 18 -10 18 -8 19 -10 18 -6 18 -7 18 -9 20 -6 19 -6 17 -3 20 -7 22 -7 21 -6 22 -5 16 -2 21 -4 16 -2 18 -6 17 -5 19 -4 16 -4 17 -5 17 -1 15 -5 19 -4 16 -4 1 -2 17 -2 15 -3 14 -5 15 -7 16 -5 14 -6 14 -7 13 -9 13 -5 13 -8 14 -9 13 -5 13 -10 16 -8 15 -10 14 -10 14 -10 15 -9 16 -9 13 -12 15 -9 12 -10 14 -12 16 -9 14 -11 13 -13 2 1 0 0 0 0 0 0 0 0 ]
CSI_DATA,AP,68:FE:71:12:53:8C,-34,11,1,6,1,1,1,0,0,0,0,-94,0,6,1,34870798,0,84,0,0,34.871,384,[84 -64 4 0 0 0 0 0 0 0 0 0 18 3 17 6 21 6 23 8 20 8 20 9 20 7 18 9 16 7 17 6 20 7 20 8 16 8 16 8 14 7 18 11 14 9 14 6 13 10 14 8 16 10 17 11 14 8 15 11 15 10 15 8 2 -1 15 8 17 8 16 6 14 6 14 7 16 8 14 7 16 3 15 6 13 4 17 4 13 5 14 5 16 4 14 6 18 4 16 3 15 2 16 0 15 1 18 0 16 2 16 0 18 0 14 3 16 1 -2 0 0 0 0 0 0 0 0 0 ]
CSI_DATA,AP,68:FE:71:12:53:8C,-30,11,1,7,1,1,1,0,0,0,0,-94,0,6,1,34983760,0,84,0,0,34.984,384,[84 -64 4 0 0 0 0 0 0 0 0 0 4 21 0 22 1 21 1 20 -2 22 -1 19 -2 19 -2 18 -2 19 -2 16 -2 19 -1 19 -5 20 -5 21 -3 16 -4 19 -4 17 -2 15 -5 17 -7 16 -6 14 -3 17 -2 15 -3 19 -2 16 -2 19 0 -1 -4 18 -3 18 -3 19 -3 13 -2 15 0 17 -3 15 -1 15 0 16 -2 14 1 17 2 15 0 16 2 17 -1 14 3 17 3 15 3 17 1 16 2 13 3 16 3 15 5 17 3 15 5 15 5 14 -1 1 0 0 0 0 0 0 0 0 ]
CSI_DATA,AP,68:FE:71:12:53:8C,-34,11,1,6,1,1,1,1,0,0,0,-95,3,6,1,35080193,0,84,0,0,35.08,384,[84 -64 4 0 0 0 0 0 0 0 0 0 21 0 20 3 21 4 22 5 21 1 21 2 18 4 19 4 19 6 16 3 19 6 20 5 18 4 18 7 17 7 17 7 19 8 18 6 17 7 16 5 17 4 15 6 16 7 17 7 18 5 15 4 -1 0 17 4 16 4 18 6 18 2 13 4 18 1 16 6 16 4 16 1 17 4 17 2 14 2 15 0 13 0 14 2 17 2 15 0 16 1 15 -1 15 0 16 0 15 -3 17 -3 16 -2 16 -1 16 -3 1 2 0 0 0 0 0 0 0 0 ]
CSI_DATA,AP,68:FE:71:12:53:8C,-32,11,1,6,1,1,1,1,0,0,0,-95,3,6,1,35176238,0,84,0,0,35.176,384,[84 -64 4 0 0 0 0 0 0 0 0 0 2 20 3 22 0 18 1 21 -3 21 -1 21 -2 18 -4 18 -4 19 -4 18 -6 18 -1 18 -6 22 -6 18 -6 17 -2 18 -3 19 -4 14 -4 17 -5 19 -7 16 -4 18 -6 16 -2 19 -6 19 -4 18 0 -1 -4 17 -1 15 -5 19 -3 16 0 16 -4 15 -4 17 -1 16 1 14 -1 13 1 17 1 17 2 15 1 16 0 16 0 18 3 17 2 17 2 16 4 14 1 18 3 18 1 13 2 15 3 17 3 15 0 -2 0 0 0 0 0 0 0 0 ]
CSI_DATA,AP,68:FE:71:12:53:8C,-35,11,1,7,1,1,1,0,0,0,0,-96,0,6,1,35247424,0,82,0,0,35.247,384,[84 -64 4 0 0 0 0 0 0 0 0 0 -15 14 -13 13 -16 17 -17 19 -15 16 -16 15 -16 14 -17 12 -18 12 -18 15 -16 14 -16 12 -17 14 -16 14 -16 9 -16 10 -18 11 -15 8 -16 11 -18 9 -15 11 -18 8 -17 7 -15 11 -18 9 -17 10 0 0 -16 10 -15 12 -13 13 -15 11 -16 10 -13 10 -14 10 -15 9 -15 11 -13 13 -14 12 -9 12 -11 12 -10 14 -12 13 -12 16 -10 12 -8 12 -10 12 -11 16 -12 16 -9 13 -10 14 -9 15 -10 15 -5 15 1 0 0 0 0 0 0 0 0 0 ]
CSI_DATA,AP,68:FE:71:12:53:8C,-36,11,1,6,1,1,1,0,0,0,1,-95,0,6,1,35325187,0,84,0,0,35.325,384,[84 -64 4 0 0 0 0 0 0 0 0 0 10 18 8 17 9 20 7 22 7 18 6 17 5 20 8 20 3 18 4 17 5 20 2 19 5 21 6 17 2 18 2 21 2 17 2 18 2 15 3 16 3 15 3 16 -1 18 3 19 2 20 2 18 -2 -2 2 17 6 15 2 18 2 16 3 17 3 16 4 18 3 17 6 17 3 14 8 16 4 15 6 13 6 14 6 13 8 14 7 16 9 12 8 13 8 14 7 16 10 12 9 13 8 16 6 13 7 12 2 0 0 0 0 0 0 0 0 0 ]
CSI_DATA,AP,68:FE:71:12:53:8C,-35,11,1,5,1,1,1,0,0,0,0,-95,0,6,1,35413487,0,84,0,0,35.413,384,[84 -64 4 0 0 0 0 0 0 0 0 0 -11 -19 -10 -21 -11 -21 -12 -21 -11 -20 -5 -19 -7 -22 -4 -17 -5 -19 -5 -21 -4 -21 -3 -21 -4 -21 -3 -20 -5 -21 -3 -23 -2 -20 -3 -18 -1 -20 -5 -18 -4 -20 -5 -21 0 -19 -4 -19 -2 -18 -1 -20 2 2 -3 -19 -6 -20 -6 -19 -6 -16 -6 -18 -7 -15 -5 -19 -5 -18 -4 -18 -7 -15 -6 -16 -7 -15 -5 -15 -6 -14 -8 -14 -8 -15 -10 -16 -10 -14 -9 -17 -9 -15 -9 -15 -9 -13 -8 -15 -11 -16 -11 -15 -9 -16 0 1 0 0 0 0 0 0 0 0 ]
CSI_DATA,AP,68:FE:71:12:53:8C,-35,11,1,7,1,1,1,1,0,0,1,-93,5,6,1,35534962,0,84,0,0,35.535,384,[84 -64 4 0 0 0 0 0 0 0 0 0 -6 -22 -5 -20 -9 -23 -6 -25 -5 -23 -2 -20 -6 -20 -2 -21 -4 -22 -1 -22 -2 -24 -3 -25 -2 -23 -1 -22 1 -21 -1 -21 1 -20 -3 -19 -3 -19 0 -20 -1 -21 1 -18 -1 -20 0 -18 -2 -21 -2 -21 0 -1 0 -17 -3 -21 -5 -17 -5 -16 -3 -16 -4 -19 -6 -18 -3 -17 -7 -19 -5 -16 -7 -19 -7 -17 -8 -16 -5 -18 -8 -17 -7 -20 -6 -20 -10 -19 -10 -15 -10 -17 -6 -17 -10 -18 -10 -15 -9 -17 -6 -18 -7 -14 1 -1 0 0 0 0 0 0 0 0 ]
CSI_DATA,AP,68:FE:71:12:53:8C,-35,11,1,7,1,1,1,0,0,0,0,-94,0,6,1,35654219,0,84,0,0,35.654,384,[84 -64 4 0 0 0 0 0 0 0 0 0 7 -17 6 -17 9 -18 12 -15 11 -16 8 -13 12 -15 13 -11 14 -11 10 -15 13 -14 12 -14 14 -12 10 -13 12 -10 12 -11 15 -14 10 -13 10 -9 11 -10 13 -12 10 -12 14 -11 13 -12 14 -14 10 -9 -2 1 12 -10 11 -12 10 -14 10 -12 11 -9 12 -10 9 -14 7 -11 7 -13 8 -13 8 -14 7 -11 9 -14 9 -12 6 -11 6 -15 7 -16 5 -12 4 -15 3 -14 6 -13 6 -15 6 -13 3 -17 4 -15 3 -14 1 -1 0 0 0 0 0 0 0 0 ]
CSI_DATA,AP,68:FE:71:12:53:8C,-37,11,1,5,1,1,1,0,0,0,0,-95,0,6,1,35728507,0,82,0,0,35.729,384,[84 -64 4 0 0 0 0 0 0 0 0 0 -5 19 -5 19 -5 20 -8 18 -7 18 -8 18 -6 15 -6 17 -11 14 -10 14 -8 17 -10 15 -8 15 -9 13 -8 13 -11 15 -8 13 -7 15 -8 11 -10 11 -10 15 -9 13 -11 13 -7 12 -10 15 -11 13 -1 2 -9 12 -6 14 -6 14 -7 11 -9 10 -8 13 -6 13 -5 13 -6 15 -6 12 -4 15 -6 15 -6 16 -7 14 -4 15 -7 14 -6 13 -4 14 -5 16 -3 15 -5 14 -2 13 -4 14 -1 13 -4 15 -4 14 0 -1 0 0 0 0 0 0 0 0 ]
CSI_DATA,AP,68:FE:71:12:53:8C,-36,11,1,6,1,1,1,0,0,0,0,-95,0,6,1,35823544,0,84,0,0,35.824,384,[84 -64 4 0 0 0 0 0 0 0 0 0 19 -9 21 -7 20 -10 21 -7 22 -6 20 -3 22 -3 18 -6 22 -2 22 -6 20 -1 22 -5 21 0 19 -2 17 0 21 0 17 -1 18 -3 16 1 19 -1 16 -2 16 -2 16 -1 15 -2 18 1 18 1 -1 1 18 -2 15 -4 19 -1 15 -1 16 -1 19 -3 17 -3 17 -6 17 -2 16 -5 14 -5 14 -2 14 -3 15 -6 14 -5 15 -5 18 -5 17 -5 14 -8 17 -9 17 -5 16 -7 14 -5 16 -8 16 -9 15 -9 1 0 0 0 0 0 0 0 0 0 ]
CSI_DATA,AP,68:FE:71:12:53:8C,-37,11,1,6,1,1,1,1,0,0,0,-95,3,6,1,35910939,0,84,0,0,35.911,384,[84 -64 4 0 0 0 0 0 0 0 0 0 7 -26 11 -25 8 -24 10 -22 13 -21 12 -19 13 -20 9 -20 11 -18 11 -19 11 -20 11 -17 13 -19 10 -17 12 -16 12 -19 12 -18 12 -16 13 -17 13 -14 14 -15 11 -16 12 -14 11 -17 10 -14 9 -15 2 0 11 -14 8 -15 10 -15 10 -13 7 -15 7 -14 8 -14 4 -16 9 -15 7 -13 3 -16 3 -14 6 -14 4 -14 3 -18 5 -18 6 -16 3 -16 3 -15 1 -14 5 -14 5 -15 4 -18 4 -20 2 -19 2 -17 -2 -1 0 0 0 0 0 0 0 0 ]
CSI_DATA,AP,68:FE:71:12:53:8C,-37,11,1,7,1,1,1,0,0,0,0,-94,0,6,1,36008892,0,84,0,0,36.009,384,[84 -64 4 0 0 0 0 0 0 0 0 0 -13 12 -13 11 -15 13 -17 12 -15 10 -14 9 -14 6 -14 8 -14 9 -15 5 -15 7 -15 7 -18 5 -17 6 -15 6 -20 7 -16 3 -18 4 -16 3 -15 5 -13 3 -16 6 -12 3 -13 2 -14 3 -13 4 -1 0 -16 2 -15 4 -12 5 -16 8 -13 6 -14 5 -12 7 -14 4 -15 7 -11 9 -14 6 -13 7 -13 7 -12 9 -13 8 -13 6 -13 6 -13 7 -14 10 -10 10 -12 9 -13 9 -13 8 -12 9 -10 7 -11 11 -1 -1 0 0 0 0 0 0 0 0 ]
CSI_DATA,AP,68:FE:71:12:53:8C,-33,11,1,7,1,1,1,0,0,0,0,-94,0,6,1,36114677,0,84,0,0,36.115,384,[84 -64 4 0 0 0 0 0 0 0 0 0 -13 -11 -15 -15 -13 -13 -16 -16 -14 -14 -11 -16 -9 -13 -10 -13 -11 -17 -10 -15 -11 -18 -10 -17 -9 -14 -11 -16 -11 -14 -11 -16 -7 -14 -6 -13 -8 -14 -10 -13 -7 -14 -6 -13 -9 -14 -7 -13 -10 -16 -8 -12 1 2 -7 -15 -8 -14 -10 -12 -7 -14 -10 -14 -7 -10 -10 -10 -11 -11 -10 -9 -10 -8 -9 -9 -8 -9 -12 -11 -10 -9 -10 -11 -10 -12 -11 -9 -9 -10 -11 -7 -12 -9 -14 -11 -11 -9 -13 -9 -11 -8 -14 -6 -15 -6 -2 -2 0 0 0 0 0 0 0 0 ]
CSI_DATA,AP,68:FE:71:12:53:8C,-31,11,1,6,1,1,1,0,0,0,0,-93,0,6,1,36207305,0,84,0,0,36.207,384,[84 -64 4 0 0 0 0 0 0 0 0 0 15 1 15 0 16 -1 20 0 20 1 17 3 16 3 18 5 15 3 17 5 17 4 18 7 14 6 14 6 13 5 18 6 16 6 14 5 16 5 17 5 16 6 15 4 13 4 15 3 14 3 12 3 -2 -2 12 3 15 1 14 1 15 2 15 3 15 3 14 1 15 2 15 0 15 1 14 -1 15 -1 12 2 11 1 12 1 12 0 15 2 14 -1 16 -2 13 -2 14 -3 11 -1 12 -2 16 -3 16 -2 15 -4 1 2 0 0 0 0 0 0 0 0 ]
CSI_DATA,AP,68:FE:71:12:53:8C,-34,11,1,6,1,1,1,0,0,0,0,-96,0,6,1,36290260,0,84,0,0,36.29,384,[84 -64 4 0 0 0 0 0 0 0 0 0 -1 6 -1 7 -1 6 -1 6 -1 6 -2 5 -3 8 -5 6 -5 7 -4 6 -4 5 -5 6 -6 9 -4 6 -6 7 -6 9 -3 6 -2 8 -4 4 -4 7 -5 7 -6 5 -7 7 -6 5 -6 7 -4 8 -1 0 -6 8 -2 5 -2 6 -4 6 -4 6 -5 7 -3 8 -5 5 -4 8 -4 8 -2 9 -5 6 -4 5 -5 9 -3 7 -5 7 -4 9 -2 7 -1 5 -1 6 -1 7 -1 7 -4 6 -4 6 -4 9 -3 9 -2 -2 0 0 0 0 0 0 0 0 ]
CSI_DATA,AP,68:FE:71:12:53:8C,-36,11,1,6,1,1,1,1,0,0,0,-94,2,6,1,36380295,0,84,0,0,36.38,384,[84 -64 4 0 0 0 0 0 0 0 0 0 21 -7 22 -4 20 -6 21 -3 22 -1 20 0 19 -1 21 1 20 0 18 2 23 1 20 0 18 1 18 1 18 2 18 3 18 3 15 1 19 3 16 2 17 5 19 3 14 1 18 4 19 3 15 4 2 -1 16 0 16 0 17 -1 17 -2 17 0 18 0 18 -2 13 1 16 -3 15 0 18 -4 15 -4 14 -2 13 -4 15 -3 15 -4 16 -6 14 -6 15 -5 14 -4 15 -4 15 -5 15 -5 15 -8 12 -3 13 -6 -1 -1 0 0 0 0 0 0 0 0 ]
CSI_DATA,AP,68:FE:71:12:53:8C,-34,11,1,5,1,1,1,0,0,0,0,-95,0,6,1,36463721,0,84,0,0,36.464,384,[84 -64 4 0 0 0 0 0 0 0 0 0 -20 -9 -15 -8 -16 -9 -18 -9 -16 -9 -13 -11 -13 -12 -14 -11 -14 -10 -14 -10 -10 -10 -10 -10 -13 -12 -13 -13 -10 -12 -9 -12 -12 -11 -8 -7 -11 -11 -9 -11 -9 -7 -8 -8 -10 -9 -8 -10 -10 -7 -8 -6 -2 0 -11 -6 -10 -7 -9 -5 -11 -3 -11 -7 -13 -5 -11 -4 -8 -3 -10 -6 -12 -4 -10 -4 -9 -3 -11 -2 -11 -5 -12 -3 -13 -4 -14 -2 -10 -2 -14 -3 -14 -1 -11 -3 -10 -1 -13 -3 -14 -1 -14 0 -10 -3 -1 2 0 0 0 0 0 0 0 0 ]
CSI_DATA,AP,68:FE:71:12:53:8C,-36,11,1,7,1,1,1,1,0,0,0,-93,5,6,1,36543427,0,84,0,0,36.543,384,[84 -64 4 0 0 0 0 0 0 0 0 0 -19 -5 -18 -5 -18 -9 -17 -6 -18 -9 -15 -9 -17 -8 -16 -10 -15 -6 -15 -7 -14 -8 -13 -11 -13 -7 -11 -8 -12 -6 -14 -10 -11 -7 -13 -5 -13 -7 -13 -7 -10 -4 -13 -7 -12 -8 -12 -7 -11 -7 -13 -6 2 1 -10 -6 -13 -3 -12 -4 -11 -2 -11 -4 -9 -2 -13 -3 -12 -2 -9 -1 -14 -3 -10 -1 -13 -2 -13 2 -12 0 -14 1 -14 0 -13 1 -12 -1 -10 1 -14 2 -11 1 -13 3 -12 3 -11 2 -14 4 -14 1 -1 -1 0 0 0 0 0 0 0 0 ]
CSI_DATA,AP,68:FE:71:12:53:8C,-38,11,1,7,1,1,1,0,0,0,0,-95,0,6,1,36609224,0,84,0,0,36.609,384,[84 -64 4 0 0 0 0 0 0 0 0 0 14 15 13 13 13 18 15 16 14 15 8 17 9 15 11 16 10 15 7 15 9 16 7 18 9 14 6 15 4 13 6 13 6 15 5 12 4 10 4 11 6 9 7 13 3 8 7 11 4 10 3 9 2 0 4 7 6 9 9 8 7 7 7 6 5 6 6 5 5 7 9 6 6 5 7 6 10 4 7 2 10 1 11 4 7 3 10 2 8 3 8 1 9 2 8 0 9 2 8 -1 10 0 10 -1 9 -2 -1 1 0 0 0 0 0 0 0 0 ]
CSI_DATA,AP,68:FE:71:12:53:8C,-37,11,1,6,1,1,1,0,0,0,0,-94,0,6,1,36690756,0,84,0,0,36.691,384,[84 -64 4 0 0 0 0 0 0 0 0 0 -38 1 -38 -2 -39 -1 -40 -1 -37 -4 -34 -5 -33 -5 -33 -6 -32 -5 -28 -7 -30 -8 -29 -8 -29 -5 -25 -5 -26 -9 -28 -8 -25 -8 -21 -4 -23 -6 -21 -7 -20 -4 -20 -4 -20 -5 -21 -5 -22 -3 -18 0 1 1 -18 -1 -20 -2 -17 3 -19 3 -14 -2 -18 2 -16 1 -16 0 -17 1 -13 4 -16 4 -15 3 -12 3 -11 4 -12 4 -16 6 -15 9 -12 9 -14 9 -9 7 -14 8 -10 10 -8 9 -9 12 -10 9 -9 12 0 1 0 0 0 0 0 0 0 0 ]
CSI_DATA,AP,68:FE:71:12:53:8C,-37,11,1,5,1,1,1,0,0,0,0,-95,0,6,1,36775079,0,84,0,0,36.775,384,[84 -64 4 0 0 0 0 0 0 0 0 0 3 20 6 16 5 18 6 17 3 20 3 17 3 19 3 16 2 18 2 19 2 20 0 17 -1 17 1 17 2 15 -1 16 3 17 -3 17 1 13 1 15 1 15 1 16 1 16 -1 15 2 16 2 16 0 0 -2 13 3 17 3 14 3 16 1 13 2 15 3 14 4 13 3 15 1 16 3 15 3 13 1 14 6 15 3 16 3 14 4 14 5 12 6 11 4 14 4 12 3 15 3 15 8 14 6 15 3 11 -2 1 0 0 0 0 0 0 0 0 ]
CSI_DATA,AP,68:FE:71:12:53:8C,-36,11,1,6,1,1,1,0,0,0,0,-93,0,6,1,36863883,0,84,0,0,36.864,384,[84 -64 4 0 0 0 0 0 0 0 0 0 17 1 15 0 19 3 20 2 19 5 16 4 15 6 13 6 14 3 16 3 13 5 16 3 17 6 14 4 15 5 15 6 11 4 14 6 15 5 14 3 14 6 14 1 11 3 12 4 14 2 13 1 -2 0 13 3 14 2 13 2 14 4 16 1 16 3 15 3 16 4 15 0 15 2 17 2 14 1 13 2 16 3 14 3 14 2 15 -1 14 -2 14 -2 15 -3 18 0 17 1 14 -1 16 1 16 1 15 -1 0 2 0 0 0 0 0 0 0 0 ]
CSI_DATA,AP,68:FE:71:12:53:8C,-35,11,1,6,1,1,1,0,0,0,0,-93,0,6,1,36947342,0,84,0,0,36.947,384,[84 -64 4 0 0 0 0 0 0 0 0 0 4 -3 5 -3 4 -3 3 -6 7 -2 7 -5 7 -2 3 -2 8 -3 7 -2 4 -4 8 -1 8 -4 5 -1 5 -3 7 -4 7 -2 4 -1 5 -1 7 -1 4 0 7 -4 6 -3 6 -3 8 0 5 -2 -2 -1 8 -3 8 0 6 -1 6 -5 7 -4 6 -5 6 -2 5 -3 4 -3 3 -1 6 -3 4 -3 4 -1 4 -3 6 -5 8 -3 7 -5 6 -2 5 -2 6 -4 9 -5 5 -5 8 -5 8 -6 6 -4 4 -6 1 -2 0 0 0 0 0 0 0 0 ]
CSI_DATA,AP,68:FE:71:12:53:8C,-34,11,1,5,1,1,1,0,0,0,0,-96,0,6,1,37059890,0,84,0,0,37.06,384,[84 -64 4 0 0 0 0 0 0 0 0 0 14 -12 16 -13 18 -13 16 -11 17 -12 18 -12 17 -7 20 -8 18 -10 19 -6 19 -6 22 -8 21 -8 17 -9 19 -4 21 -8 17 -4 16 -5 17 -5 19 -6 16 -4 17 -7 16 -5 15 -3 15 -6 16 -7 -1 -1 16 -6 18 -4 18 -5 13 -9 12 -8 17 -9 15 -9 13 -5 15 -9 13 -9 16 -11 13 -7 11 -7 14 -9 14 -8 11 -7 14 -9 13 -12 12 -12 11 -11 12 -11 10 -8 13 -12 11 -11 10 -10 10 -13 1 2 0 0 0 0 0 0 0 0 ]
CSI_DATA,AP,68:FE:71:12:53:8C,-34,11,0,0,0,0,0,0,0,0,0,-96,0,6,1,37163447,0,37,0,0,37.163,128,[84 -64 4 0 0 0 0 0 0 0 0 0 1 16 0 19 2 21 2 22 -1 19 0 17 0 19 1 16 1 17 1 16 0 20 0 20 -3 16 -2 20 -4 17 -1 17 -2 16 -3 14 -5 16 -5 14 -4 17 -3 18 -3 14 0 18 -1 15 -5 15 2 2 -1 13 -1 14 -2 15 -2 13 -4 14 0 13 -3 15 -3 12 1 14 0 13 -1 14 -2 12 0 11 1 12 -2 15 -1 13 1 11 -2 11 1 10 0 10 1 14 2 14 2 10 0 12 3 11 3 13 2 1 0 0 0 0 0 0 0 0 ]
CSI_DATA,AP,68:FE:71:12:53:8C,-35,11,1,7,1,1,1,0,0,0,0,-95,0,6,1,37246177,0,84,0,0,37.246,384,[84 -64 4 0 0 0 0 0 0 0 0 0 4 18 4 16 6 19 6 20 7 21 5 21 2 21 0 19 3 19 0 23 2 21 2 24 1 24 -2 23 -2 21 2 21 2 24 -3 20 -4 23 -4 22 0 19 -4 20 -3 17 -2 23 -4 22 1 23 -1 0 -2 22 -2 19 -2 21 -1 22 -1 19 2 20 -1 21 2 18 2 20 3 21 4 19 0 19 3 19 5 20 2 19 3 22 6 19 7 16 4 21 6 20 3 18 6 19 8 19 7 19 7 20 8 19 -2 1 0 0 0 0 0 0 0 0 ]
CSI_DATA,AP,68:FE:71:12:53:8C,-35,11,1,7,1,1,1,1,0,0,0,-94,6,6,1,37325630,0,84,0,0,37.326,384,[84 -64 4 0 0 0 0 0 0 0 0 0 15 4 20 1 17 3 20 6 18 6 20 4 21 7 17 8 18 8 20 6 22 6 20 11 19 11 18 12 16 12 20 13 19 9 17 8 17 8 19 12 19 12 17 12 14 12 19 9 19 11 15 10 -2 -1 18 10 19 8 20 12 17 8 15 10 17 11 15 6 19 9 18 9 16 6 17 8 17 5 18 4 20 8 16 6 22 6 21 5 20 6 20 4 17 4 20 3 19 3 21 4 23 3 17 1 19 2 -1 0 0 0 0 0 0 0 0 0 ]
CSI_DATA,AP,68:FE:71:12:53:8C,-36,11,1,7,1,1,1,0,0,0,0,-96,0,6,1,37423305,0,84,0,0,37.423,384,[84 -64 4 0 0 0 0 0 0 0 0 0 -16 13 -17 15 -16 13 -19 14 -19 12 -19 10 -18 8 -18 9 -19 7 -21 8 -21 9 -21 6 -19 6 -20 6 -19 7 -22 10 -16 7 -18 5 -16 6 -16 5 -16 8 -15 6 -15 3 -16 8 -20 4 -17 4 -2 -1 -16 5 -18 6 -15 9 -14 8 -12 8 -13 10 -17 7 -13 8 -11 8 -13 8 -14 9 -11 10 -11 11 -10 11 -12 10 -13 8 -13 12 -11 11 -11 10 -11 13 -13 12 -12 13 -10 12 -13 14 -12 9 -12 10 -2 -2 0 0 0 0 0 0 0 0 ]
CSI_DATA,AP,68:FE:71:12:53:8C,-31,11,0,0,0,0,0,0,0,0,0,-95,0,6,1,37535240,0,37,0,0,37.535,128,[82 -96 4 0 0 0 0 0 0 0 0 0 -18 1 -22 0 -21 0 -18 -2 -22 -4 -22 -5 -19 -5 -22 -5 -22 -4 -21 -5 -18 -3 -21 -4 -17 -5 -18 -8 -20 -7 -20 -8 -19 -4 -20 -9 -16 -8 -16 -8 -17 -6 -17 -6 -17 -5 -15 -6 -19 -8 -14 -6 2 -1 -16 -7 -18 -5 -16 -5 -17 -6 -16 -3 -16 -6 -14 -6 -15 -2 -16 -5 -18 -1 -18 0 -17 -4 -14 -2 -18 0 -15 -1 -15 -1 -15 -2 -14 -3 -19 -3 -19 2 -17 -2 -18 1 -17 -1 -18 1 -19 -1 -15 3 -1 2 0 0 0 0 0 0 0 0 ]
CSI_DATA,AP,68:FE:71:12:53:8C,-38,11,1,5,1,1,1,0,0,0,1,-93,0,6,1,37618067,0,84,0,0,37.618,384,[84 -64 4 0 0 0 0 0 0 0 0 0 10 16 7 19 9 16 8 19 9 15 5 16 4 17 3 18 3 18 2 16 3 19 1 19 1 18 3 19 1 15 1 17 0 19 3 14 2 15 4 17 0 15 1 17 3 17 2 16 1 17 4 15 0 2 0 13 4 14 4 15 5 16 3 15 2 16 2 14 4 16 5 14 2 15 3 13 6 14 3 13 3 12 4 12 5 15 4 12 7 11 4 13 7 12 7 15 8 15 5 12 8 14 5 13 9 12 1 -2 0 0 0 0 0 0 0 0 ]
CSI_DATA,AP,68:FE:71:12:53:8C,-33,11,1,7,1,1,1,0,0,0,0,-94,0,6,1,37710294,0,84,0,0,37.71,384,[84 -64 4 0 0 0 0 0 0 0 0 0 17 8 15 6 14 7 16 7 14 12 13 8 16 10 12 10 12 12 12 12 13 10 12 9 11 13 13 13 11 10 14 9 11 10 13 9 10 11 12 11 9 8 12 9 11 8 12 11 12 9 11 9 -2 -1 12 10 12 8 12 7 9 8 11 8 11 8 10 6 13 6 13 7 13 6 14 7 11 8 13 5 13 7 11 5 12 4 11 3 12 6 12 6 12 6 14 2 14 6 14 4 14 2 14 5 15 2 1 1 0 0 0 0 0 0 0 0 ]
CSI_DATA,AP,68:FE:71:12:53:8C,-35,11,1,6,1,1,1,0,0,0,0,-94,0,6,1,37813876,0,84,0,0,37.814,384,[84 -64 4 0 0 0 0 0 0 0 0 0 -17 9 -16 9 -18 9 -21 6 -21 4 -20 7 -17 4 -19 5 -18 5 -18 4 -19 2 -19 5 -19 3 -17 4 -18 4 -16 1 -20 2 -15 3 -18 0 -17 -1 -17 -1 -19 -1 -18 1 -18 4 -16 1 -15 2 -1 0 -13 0 -15 5 -15 5 -17 5 -17 5 -13 1 -13 4 -13 4 -12 5 -15 6 -12 5 -14 3 -12 7 -12 3 -16 6 -14 6 -12 5 -13 9 -13 4 -15 7 -14 6 -13 7 -15 9 -15 8 -13 7 -13 10 2 1 0 0 0 0 0 0 0 0 ]
CSI_DATA,AP,68:FE:71:12:53:8C,-40,11,0,0,0,0,0,0,0,0,0,-95,0,6,1,37898275,0,37,0,0,37.898,128,[84 -64 4 0 0 0 0 0 0 0 0 0 -19 -1 -20 1 -21 -4 -22 -4 -21 -1 -18 -4 -20 -3 -17 -4 -17 -5 -18 -3 -16 -6 -16 -8 -18 -4 -19 -8 -19 -6 -19 -4 -15 -5 -17 -8 -18 -7 -14 -6 -17 -6 -14 -5 -14 -4 -16 -7 -13 -7 -18 -6 -1 -2 -17 -5 -13 -5 -17 -2 -16 -2 -17 -4 -15 -2 -14 -5 -16 -4 -17 -2 -13 0 -14 0 -15 -3 -16 1 -16 -3 -17 0 -15 -3 -16 0 -13 2 -15 0 -13 2 -15 1 -16 1 -17 2 -14 2 -18 2 -17 0 -1 -2 0 0 0 0 0 0 0 0 ]
CSI_DATA,AP,68:FE:71:12:53:8C,-34,11,1,6,1,1,1,0,0,0,0,-95,0,6,1,37987422,0,84,0,0,37.987,384,[84 -64 4 0 0 0 0 0 0 0 0 0 16 9 14 9 15 10 14 11 13 11 15 11 15 10 16 13 14 12 14 11 12 12 15 13 11 12 13 13 11 10 10 14 11 10 13 11 10 13 11 10 11 14 12 12 11 9 13 10 10 9 8 9 -1 -1 9 8 11 8 10 12 9 11 11 11 11 9 11 8 9 7 9 7 13 8 10 6 11 9 13 9 11 7 12 6 12 6 14 7 11 4 15 8 13 4 11 4 15 5 16 6 15 5 14 3 12 4 1 0 0 0 0 0 0 0 0 0 ]
CSI_DATA,AP,68:FE:71:12:53:8C,-37,11,1,6,1,1,1,0,0,0,0,-94,0,6,1,38086672,0,84,0,0,38.087,384,[84 -64 4 0 0 0 0 0 0 0 0 0 15 8 16 9 17 10 17 11 17 13 13 11 15 12 11 9 12 13 15 12 15 10 14 13 11 12 10 11 9 10 9 14 12 12 13 12 11 11 10 12 9 11 13 11 9 8 9 10 9 12 10 8 2 2 13 9 9 7 12 9 12 6 9 8 10 9 10 8 13 7 10 7 14 5 12 8 12 4 14 4 13 7 12 6 11 5 14 5 15 5 15 7 15 2 12 5 13 4 14 3 13 5 12 5 13 3 -1 -2 0 0 0 0 0 0 0 0 ]
CSI_DATA,AP,68:FE:71:12:53:8C,-36,11,1,5,1,1,1,0,0,0,0,-94,0,6,1,38162165,0,84,0,0,38.162,384,[84 -64 4 0 0 0 0 0 0 0 0 0 -3 -20 0 -19 0 -20 0 -20 -2 -21 -2 -19 3 -19 1 -19 1 -19 1 -20 2 -19 3 -19 4 -21 2 -21 5 -19 4 -21 2 -17 5 -18 5 -16 5 -19 6 -17 4 -16 2 -16 4 -19 4 -19 5 -19 -1 2 1 -18 0 -17 2 -18 2 -16 1 -18 3 -15 2 -16 3 -14 2 -17 1 -14 -2 -14 1 -15 1 -14 -1 -17 -1 -16 -2 -18 -2 -16 -1 -17 -4 -16 -1 -16 0 -16 -4 -18 -2 -18 -1 -17 -1 -14 -2 -15 1 2 0 0 0 0 0 0 0 0 ]
CSI_DATA,AP,68:FE:71:12:53:8C,-34,11,1,7,1,1,1,0,0,0,0,-96,0,6,1,38260089,0,84,0,0,38.26,384,[84 -64 4 0 0 0 0 0 0 0 0 0 17 -9 18 -13 16 -11 17 -9 17 -7 18 -9 19 -10 15 -9 18 -6 17 -6 20 -7 20 -6 18 -4 20 -7 19 -5 17 -4 16 -6 16 -3 17 -4 18 -6 17 -4 16 -2 17 -4 14 -4 16 -2 15 -5 0 2 15 -6 17 -6 16 -4 13 -6 16 -4 12 -3 12 -6 15 -4 13 -8 14 -8 15 -7 12 -4 13 -6 13 -6 14 -5 12 -8 12 -8 12 -9 13 -10 11 -8 15 -9 14 -11 13 -8 14 -8 10 -8 14 -11 -2 1 0 0 0 0 0 0 0 0 ]
CSI_DATA,AP,68:FE:71:12:53:8C,-36,11,1,7,1,1,1,0,0,0,0,-95,0,6,1,38325953,0,84,0,0,38.326,384,[84 -64 4 0 0 0 0 0 0 0 0 0 14 1 18 2 18 0 17 2 17 3 14 4 14 4 14 4 17 3 14 2 14 1 14 6 16 3 14 4 15 4 17 5 16 3 11 4 13 2 11 6 14 2 12 5 11 2 15 2 13 2 11 3 2 -2 13 5 12 3 12 2 11 3 11 0 12 4 11 4 10 4 10 3 11 2 12 0 11 2 13 -1 12 -2 10 0 12 -2 11 2 13 -3 13 -3 12 -3 14 1 14 -1 13 0 11 -4 14 -3 11 0 2 -2 0 0 0 0 0 0 0 0 ]
CSI_DATA,AP,68:FE:71:12:53:8C,-36,11,1,7,1,1,1,0,0,0,0,-94,0,6,1,38393988,0,84,0,0,38.394,384,[84 -64 4 0 0 0 0 0 0 0 0 0 28 -13 26 -10 30 -12 30 -13 27 -9 29 -7 30 -6 26 -8 29 -7 26 -7 29 -6 30 -3 27 -6 30 -2 24 -3 30 -3 26 -4 28 -5 26 -2 25 -2 27 -1 24 -2 25 -4 26 -5 27 -3 23 -3 1 -1 22 -3 25 -7 25 -6 24 -7 22 -4 23 -6 23 -6 21 -5 20 -10 23 -8 23 -6 22 -7 23 -9 23 -9 23 -11 21 -10 22 -12 23 -12 20 -9 21 -10 22 -10 22 -12 22 -10 21 -10 19 -14 21 -12 -2 -1 0 0 0 0 0 0 0 0 ]
CSI_DATA,AP,68:FE:71:12:53:8C,-36,11,1,7,1,1,1,0,0,0,0,-94,0,6,1,38505089,0,84,0,0,38.505,384,[84 -64 4 0 0 0 0 0 0 0 0 0 0 -20 1 -19 -1 -20 2 -22 3 -20 1 -22 1 -19 3 -21 2 -19 1 -21 5 -19 6 -19 2 -18 5 -19 6 -20 6 -19 7 -19 7 -20 5 -19 3 -18 4 -18 6 -18 3 -19 6 -19 3 -17 4 -17 0 -1 3 -18 2 -17 3 -15 2 -16 2 -16 4 -15 2 -14 3 -17 0 -15 -1 -16 3 -17 1 -17 0 -18 1 -17 -2 -15 0 -14 -1 -15 1 -18 -3 -14 -3 -18 -2 -18 0 -15 0 -15 -3 -18 -2 -14 -4 -15 2 0 0 0 0 0 0 0 0 0 ]
CSI_DATA,AP,68:FE:71:12:53:8C,-35,11,1,6,1,1,1,0,0,0,0,-94,0,6,1,38592022,0,84,0,0,38.592,384,[84 -64 4 0 0 0 0 0 0 0 0 0 -19 11 -16 7 -17 11 -18 10 -21 7 -17 6 -20 6 -19 7 -19 6 -19 6 -21 4 -21 4 -17 6 -17 5 -19 1 -19 4 -17 4 -20 5 -15 5 -20 4 -19 2 -19 3 -15 4 -15 1 -19 1 -18 3 -1 2 -17 2 -14 5 -13 5 -16 5 -14 3 -14 6 -16 5 -15 6 -13 4 -15 4 -16 7 -13 8 -12 8 -16 8 -12 5 -15 5 -12 8 -12 5 -12 9 -11 8 -15 6 -14 8 -12 8 -13 8 -12 11 -11 8 2 2 0 0 0 0 0 0 0 0 ]
CSI_DATA,AP,68:FE:71:12:53:8C,-36,11,1,5,1,1,1,0,0,0,0,-94,0,6,1,38680435,0,84,0,0,38.68,384,[84 -64 4 0 0 0 0 0 0 0 0 0 4 9 4 8 6 6 5 9 6 8 3 10 5 9 5 9 4 8 5 7 6 9 1 10 5 10 4 8 3 8 4 10 1 10 4 9 2 8 1 7 0 8 0 5 4 8 0 7 2 9 1 6 -1 0 0 6 1 6 3 7 1 6 5 7 5 7 5 4 2 6 2 6 4 5 2 7 5 6 6 6 3 6 3 5 4 5 5 5 3 4 4 6 3 4 3 4 4 4 5 5 3 4 3 5 4 3 2 1 0 0 0 0 0 0 0 0 ]
CSI_DATA,AP,68:FE:71:12:53:8C,-30,11,1,7,1,1,1,0,0,0,0,-95,0,6,1,38775474,0,84,0,0,38.775,384,[84 -64 4 0 0 0 0 0 0 0 0 0 15 -9 18 -6 18 -7 17 -5 15 -9 17 -8 14 -4 16 -3 19 -4 17 -6 19 -2 15 -3 16 -3 18 -3 18 -3 16 -1 15 -2 17 0 17 -3 14 -4 14 -2 17 -3 14 -1 15 -3 17 -2 13 -6 -1 1 15 -3 15 -6 13 -4 11 -7 13 -4 15 -5 11 -4 15 -6 13 -4 12 -6 12 -4 14 -7 11 -9 11 -9 10 -8 10 -5 12 -6 13 -8 12 -6 12 -9 10 -10 13 -9 12 -10 12 -8 13 -7 10 -9 -1 0 0 0 0 0 0 0 0 0 ]
CSI_DATA,AP,68:FE:71:12:53:8C,-37,11,1,6,1,1,1,0,0,0,0,-95,0,6,1,38846168,0,84,0,0,38.846,384,[84 -64 4 0 0 0 0 0 0 0 0 0 -37 -16 -38 -20 -36 -19 -38 -22 -37 -24 -35 -21 -36 -25 -34 -23 -30 -23 -33 -23 -32 -29 -33 -27 -33 -28 -31 -28 -27 -31 -31 -29 -25 -28 -25 -26 -29 -27 -28 -26 -29 -25 -28 -25 -25 -24 -25 -27 -26 -30 -26 -26 2 -2 -27 -26 -25 -22 -26 -26 -30 -22 -24 -25 -28 -22 -26 -24 -27 -22 -26 -19 -29 -17 -29 -19 -28 -19 -30 -18 -32 -19 -27 -16 -32 -17 -31 -18 -34 -15 -33 -15 -35 -14 -30 -13 -33 -15 -33 -14 -36 -12 -30 -17 -32 -15 -1 -1 0 0 0 0 0 0 0 0 ]
CSI_DATA,AP,68:FE:71:12:53:8C,-35,11,1,5,1,1,1,0,0,0,0,-94,0,6,1,38931816,0,84,0,0,38.932,384,[84 -64 4 0 0 0 0 0 0 0 0 0 4 19 3 17 6 15 4 17 2 16 3 17 3 19 1 18 4 18 -2 15 0 16 -2 17 -2 19 0 19 -1 18 1 15 -1 17 -2 15 -1 18 -1 18 0 15 -2 13 0 14 1 17 -3 14 0 15 1 -1 2 12 0 16 2 14 1 11 3 14 2 12 4 15 3 12 0 14 0 12 2 14 1 15 2 14 4 15 1 14 2 12 6 15 2 11 5 11 8 14 4 12 6 14 7 12 6 13 3 15 6 11 -2 -2 0 0 0 0 0 0 0 0 ]
CSI_DATA,AP,68:FE:71:12:53:8C,-38,11,1,5,1,1,1,0,0,0,0,-94,0,6,1,39028110,0,84,0,0,39.028,384,[84 -64 4 0 0 0 0 0 0 0 0 0 24 -30 24 -26 29 -29 29 -26 29 -25 30 -22 28 -24 29 -22 30 -20 29 -20 34 -18 34 -20 33 -18 33 -16 31 -16 32 -20 31 -20 33 -18 28 -17 31 -16 31 -16 28 -19 29 -15 33 -17 30 -18 28 -17 1 0 28 -17 27 -17 29 -18 26 -20 27 -16 28 -21 25 -21 23 -20 27 -19 26 -21 23 -20 25 -21 26 -18 23 -22 23 -23 20 -23 24 -23 18 -24 19 -26 20 -25 18 -22 18 -25 23 -25 19 -28 22 -24 17 -23 -2 0 0 0 0 0 0 0 0 0 ]
CSI_DATA,AP,68:FE:71:12:53:8C,-32,11,1,6,1,1,1,0,0,0,0,-94,0,6,1,39086227,0,84,0,0,39.086,384,[84 -64 4 0 0 0 0 0 0 0 0 0 -15 -17 -16 -14 -13 -17 -11 -14 -11 -17 -10 -14 -13 -15 -9 -14 -9 -17 -11 -15 -12 -17 -11 -17 -9 -17 -8 -15 -7 -16 -10 -19 -9 -17 -7 -18 -8 -14 -8 -15 -8 -14 -8 -14 -7 -16 -9 -17 -10 -15 -9 -14 0 -1 -10 -14 -10 -15 -11 -13 -10 -15 -12 -12 -12 -15 -11 -12 -9 -14 -11 -14 -11 -11 -13 -13 -14 -12 -13 -11 -14 -9 -12 -10 -14 -11 -13 -12 -14 -11 -12 -11 -13 -10 -14 -10 -14 -9 -13 -8 -15 -12 -12 -9 -17 -9 0 -2 0 0 0 0 0 0 0 0 ]
CSI_DATA,AP,68:FE:71:12:53:8C,-40,11,1,6,1,1,1,0,0,0,0,-96,0,6,1,39161173,0,84,0,0,39.161,384,[84 -64 4 0 0 0 0 0 0 0 0 0 -39 -4 -43 -7 -45 -11 -44 -11 -42 -9 -40 -11 -38 -12 -39 -13 -36 -13 -40 -13 -39 -16 -40 -16 -37 -15 -39 -15 -34 -20 -37 -19 -32 -19 -32 -14 -36 -18 -36 -16 -34 -18 -35 -19 -32 -14 -35 -19 -35 -18 -33 -14 2 0 -32 -16 -35 -13 -29 -11 -35 -13 -33 -12 -33 -14 -35 -14 -29 -11 -29 -8 -31 -8 -34 -9 -30 -7 -32 -9 -34 -6 -34 -5 -32 -5 -35 -7 -34 -4 -32 -3 -33 -3 -33 -2 -34 -4 -36 -1 -34 -2 -33 -3 -33 1 0 2 0 0 0 0 0 0 0 0 ]
CSI_DATA,AP,68:FE:71:12:53:8C,-36,11,1,6,1,1,1,1,0,0,0,-94,2,6,1,39265201,0,84,0,0,39.265,384,[84 -64 4 0 0 0 0 0 0 0 0 0 -18 6 -17 7 -18 6 -18 4 -20 2 -20 5 -18 2 -21 1 -21 -1 -18 0 -18 3 -20 -2 -18 0 -20 -2 -19 2 -18 2 -21 1 -17 0 -16 -3 -18 0 -16 0 -15 -3 -14 -2 -15 -1 -16 -2 -16 1 -1 -2 -18 2 -18 2 -16 -1 -17 0 -16 3 -15 1 -16 0 -15 1 -15 -1 -17 1 -17 4 -17 1 -17 5 -13 4 -14 2 -15 5 -13 3 -14 6 -14 3 -15 2 -16 4 -16 6 -14 4 -14 6 -13 8 -14 4 -1 2 0 0 0 0 0 0 0 0 ]
CSI_DATA,AP,68:FE:71:12:53:8C,-36,11,1,7,1,1,1,1,0,0,0,-95,6,6,1,39340823,0,84,0,0,39.341,384,[84 -64 4 0 0 0 0 0 0 0 0 0 19 6 20 8 21 7 19 7 20 10 16 8 19 8 17 11 19 9 16 9 18 10 18 11 17 12 15 12 16 12 15 11 13 10 13 9 17 11 14 10 12 8 16 11 12 10 16 7 12 9 12 8 0 1 16 9 15 6 15 8 14 5 12 7 15 7 16 6 13 4 12 2 14 7 16 5 13 4 15 2 13 1 14 2 14 4 14 5 17 1 15 1 13 2 13 1 15 -1 15 2 16 -1 16 -1 16 0 -1 0 0 0 0 0 0 0 0 0 ]
CSI_DATA,AP,68:FE:71:12:53:8C,-34,11,1,5,1,1,1,0,0,0,0,-94,0,6,1,39447128,0,84,0,0,39.447,384,[84 -64 4 0 0 0 0 0 0 0 0 0 -12 -16 -14 -16 -10 -14 -13 -18 -9 -16 -8 -18 -11 -18 -8 -17 -9 -17 -10 -15 -9 -16 -7 -18 -8 -16 -9 -18 -7 -17 -9 -19 -6 -17 -5 -17 -5 -19 -5 -18 -8 -17 -8 -17 -5 -16 -7 -14 -6 -17 -6 -17 2 2 -4 -17 -8 -16 -8 -13 -9 -13 -6 -14 -5 -16 -9 -12 -8 -16 -7 -16 -9 -11 -8 -15 -8 -14 -8 -14 -10 -12 -7 -14 -10 -12 -12 -15 -9 -12 -11 -11 -10 -14 -9 -14 -10 -11 -12 -12 -12 -10 -11 -13 -10 -10 -2 2 0 0 0 0 0 0 0 0 ]
CSI_DATA,AP,68:FE:71:12:53:8C,-37,11,1,7,1,1,1,1,0,0,0,-94,4,6,1,39544492,0,84,0,0,39.544,384,[84 -64 4 0 0 0 0 0 0 0 0 0 11 12 11 11 9 16 12 14 8 14 11 12 6 15 6 13 6 13 8 16 5 17 5 15 9 16 6 17 6 16 6 14 6 14 3 16 6 14 7 13 6 17 6 12 3 15 4 13 6 15 4 13 -1 1 4 13 8 12 6 15 8 11 6 14 7 14 8 13 9 11 9 12 8 10 8 10 8 9 6 10 10 13 10 11 11 13 11 12 9 10 9 12 8 9 9 10 8 10 9 12 13 12 10 8 8 7 -1 2 0 0 0 0 0 0 0 0 ]
CSI_DATA,AP,68:FE:71:12:53:8C,-34,11,1,6,1,1,1,0,0,0,0,-94,0,6,1,39643868,0,84,0,0,39.644,384,[84 -64 4 0 0 0 0 0 0 0 0 0 7 19 4 20 6 22 1 23 4 21 -1 17 0 19 -2 20 -2 22 2 21 -3 19 0 19 -2 20 -3 19 0 20 -1 21 -2 19 -3 16 -3 20 0 20 -1 17 -3 16 -1 15 -4 17 -4 17 1 16 0 1 -3 14 -1 18 0 17 1 18 -2 18 0 14 3 18 3 17 0 13 4 16 2 15 4 15 4 16 1 15 3 17 6 17 2 16 7 13 3 13 7 16 6 14 5 15 4 14 5 15 4 15 5 13 1 -1 0 0 0 0 0 0 0 0 ]
CSI_DATA,AP,68:FE:71:12:53:8C,-32,11,1,6,1,1,1,0,0,0,0,-94,0,6,1,39721638,0,84,0,0,39.722,384,[84 -64 4 0 0 0 0 0 0 0 0 0 -20 4 -22 2 -24 0 -24 2 -20 0 -19 1 -19 -3 -21 -1 -22 -3 -19 -4 -19 -3 -21 0 -22 -2 -20 -2 -19 -2 -23 -4 -21 -6 -16 -4 -18 -2 -19 -5 -18 -5 -16 -4 -15 -6 -18 -4 -17 -5 -17 -2 1 -2 -17 0 -20 -3 -18 -2 -16 -2 -19 -2 -15 -1 -18 -3 -15 -2 -17 1 -18 1 -15 2 -18 0 -18 1 -19 1 -19 -1 -20 3 -15 3 -15 2 -17 2 -17 3 -15 4 -15 1 -18 5 -17 2 -17 6 -14 6 2 -2 0 0 0 0 0 0 0 0 ]
CSI_DATA,AP,68:FE:71:12:53:8C,-33,11,1,6,1,1,1,0,0,0,0,-94,0,6,1,39829885,0,84,0,0,39.83,384,[84 -64 4 0 0 0 0 0 0 0 0 0 -6 20 -3 19 -6 20 -10 19 -6 22 -7 18 -6 21 -9 17 -8 17 -8 19 -12 20 -10 17 -11 20 -12 17 -8 17 -11 19 -12 18 -9 17 -12 14 -9 14 -9 13 -9 13 -9 16 -11 17 -12 16 -8 14 0 2 -9 13 -7 14 -9 18 -9 16 -7 13 -8 17 -8 13 -8 15 -4 15 -3 13 -7 15 -5 15 -7 13 -2 15 -6 13 -4 14 -5 19 -4 18 -1 17 -1 15 -3 15 -2 14 -1 17 0 19 -1 16 0 16 -1 -1 0 0 0 0 0 0 0 0 ]
CSI_DATA,AP,68:FE:71:12:53:8C,-39,11,1,5,1,1,1,0,0,0,0,-95,0,6,1,39923058,0,84,0,0,39.923,384,[84 -64 4 0 0 0 0 0 0 0 0 0 -4 22 -9 20 -7 19 -9 22 -8 23 -8 19 -10 18 -10 17 -11 18 -9 16 -12 20 -13 18 -12 20 -11 20 -14 17 -11 17 -12 16 -9 13 -11 15 -12 17 -10 17 -13 13 -8 15 -10 18 -8 17 -8 17 -1 -2 -11 16 -9 14 -10 18 -9 15 -10 17 -10 14 -9 15 -5 16 -7 18 -4 14 -7 18 -3 17 -8 19 -8 19 -4 15 -5 19 -4 17 -7 16 -4 19 -3 17 -3 15 -3 19 -2 18 -3 16 -5 17 -5 15 -1 2 0 0 0 0 0 0 0 0 ]
CSI_DATA,AP,68:FE:71:12:53:8C,-34,11,1,5,1,1,1,0,0,0,0,-95,0,6,1,40014019,0,84,0,0,40.014,384,[84 -64 4 0 0 0 0 0 0 0 0 0 18 9 21 10 20 10 19 12 21 12 18 12 19 11 18 9 18 13 17 15 15 16 15 13 16 16 14 12 14 11 16 14 15 11 13 12 15 9 15 10 13 11 16 13 13 13 13 13 16 12 13 11 -1 -2 17 10 17 7 16 10 18 10 15 9 18 8 14 8 14 5 13 5 13 8 17 9 14 8 13 5 15 7 17 6 16 7 16 7 17 6 15 6 16 2 18 5 15 5 16 5 17 2 17 3 17 3 -1 -1 0 0 0 0 0 0 0 0 ]
CSI_DATA,AP,68:FE:71:12:53:8C,-33,11,1,7,1,1,1,0,0,0,0,-93,0,6,1,40113616,0,84,0,0,40.114,384,[84 -64 4 0 0 0 0 0 0 0 0 0 -12 17 -13 13 -17 15 -18 16 -18 14 -19 11 -19 10 -19 9 -17 11 -15 10 -19 10 -18 11 -16 11 -20 10 -17 10 -17 10 -16 8 -17 7 -19 8 -15 9 -19 7 -16 6 -17 9 -16 9 -16 11 -18 8 2 0 -17 8 -15 9 -16 10 -15 11 -14 10 -12 12 -12 12 -11 12 -13 13 -12 10 -11 12 -14 11 -11 13 -10 15 -12 12 -10 12 -9 14 -11 16 -12 12 -11 12 -12 15 -10 12 -7 14 -7 17 -9 15 -7 17 1 -1 0 0 0 0 0 0 0 0 ]
CSI_DATA,AP,68:FE:71:12:53:8C,-36,11,1,6,1,1,1,0,0,0,0,-95,0,6,1,40202198,0,84,0,0,40.202,384,[84 -64 4 0 0 0 0 0 0 0 0 0 -5 19 -2 21 -4 21 -3 23 -4 20 -6 20 -5 20 -8 20 -7 19 -10 21 -9 21 -11 19 -11 18 -9 18 -7 18 -9 20 -7 16 -11 18 -7 16 -7 16 -8 16 -10 18 -9 14 -10 18 -10 18 -8 16 -2 -2 -5 13 -5 15 -5 18 -5 18 -6 14 -3 16 -3 18 -7 17 -3 14 -6 14 -3 18 -2 14 -2 15 -3 14 -1 17 -3 17 -2 16 -1 14 -2 17 2 16 -1 18 1 17 2 17 1 15 1 17 1 18 0 -2 0 0 0 0 0 0 0 0 ]
CSI_DATA,AP,68:FE:71:12:53:8C,-35,11,1,6,1,1,1,0,0,0,0,-95,0,6,1,40289342,0,84,0,0,40.289,384,[84 -64 4 0 0 0 0 0 0 0 0 0 14 12 13 17 16 15 17 20 14 15 12 15 12 16 12 16 9 19 12 14 10 19 12 17 11 18 12 15 8 17 10 15 10 16 5 14 8 18 6 18 6 14 5 15 8 16 6 17 10 17 10 16 -1 -2 7 13 8 16 8 17 10 11 11 16 11 15 8 15 11 14 12 13 9 10 10 10 12 13 11 14 13 14 13 10 11 12 14 13 15 8 14 12 14 9 11 12 14 13 11 8 16 9 12 12 13 11 2 -2 0 0 0 0 0 0 0 0 ]
CSI_DATA,AP,68:FE:71:12:53:8C,-30,11,1,7,1,1,1,0,0,0,0,-95,0,6,1,40376457,0,84,0,0,40.376,384,[84 -64 4 0 0 0 0 0 0 0 0 0 -12 18 -11 19 -10 18 -11 22 -15 18 -12 16 -16 17 -12 16 -13 17 -14 12 -16 14 -14 16 -14 17 -16 12 -16 13 -17 16 -14 11 -12 16 -13 14 -12 14 -12 14 -12 15 -13 11 -13 12 -13 12 -15 15 2 2 -10 13 -10 13 -10 12 -9 14 -13 16 -12 13 -12 14 -11 12 -9 13 -10 12 -10 18 -8 12 -8 16 -10 14 -9 16 -7 17 -8 15 -8 16 -7 16 -8 15 -7 18 -5 14 -4 16 -5 17 -5 17 -4 17 -1 1 0 0 0 0 0 0 0 0 ]
CSI_DATA,AP,68:FE:71:12:53:8C,-37,11,1,5,1,1,1,0,0,0,0,-96,0,6,1,40438849,0,84,0,0,40.439,384,[84 -64 4 0 0 0 0 0 0 0 0 0 -13 -16 -10 -14 -16 -17 -12 -17 -10 -20 -11 -19 -11 -18 -8 -17 -8 -19 -9 -20 -10 -19 -9 -17 -10 -21 -9 -17 -7 -18 -7 -21 -7 -19 -4 -18 -7 -18 -8 -20 -6 -16 -5 -17 -7 -16 -4 -17 -7 -17 -8 -19 -1 -2 -7 -17 -5 -15 -9 -16 -6 -14 -8 -14 -5 -17 -6 -14 -5 -13 -6 -16 -9 -14 -7 -15 -9 -12 -9 -14 -9 -14 -10 -15 -8 -14 -11 -17 -12 -14 -11 -16 -10 -13 -9 -16 -11 -13 -9 -15 -10 -15 -9 -13 -9 -13 -2 2 0 0 0 0 0 0 0 0 ]
CSI_DATA,AP,68:FE:71:12:53:8C,-33,11,1,7,1,1,1,0,0,0,0,-95,0,6,1,40526931,0,84,0,0,40.527,384,[84 -64 4 0 0 0 0 0 0 0 0 0 18 0 19 2 20 0 19 4 19 3 17 4 19 6 19 4 21 8 17 4 21 7 17 7 19 6 19 5 17 6 19 7 16 6 16 5 14 7 14 7 15 8 15 4 15 6 15 4 17 4 17 6 0 -1 16 5 18 2 14 3 14 3 17 2 14 3 17 6 15 1 13 4 17 3 17 2 15 2 13 3 15 1 14 2 15 -1 16 2 15 -1 14 0 13 -3 14 1 16 0 15 -3 14 -3 16 -2 16 0 2 -1 0 0 0 0 0 0 0 0 ]
CSI_DATA,AP,68:FE:71:12:53:8C,-38,11,1,5,1,1,1,0,0,0,0,-94,0,6,1,40592699,0,84,0,0,40.593,384,[84 -64 4 0 0 0 0 0 0 0 0 0 -1 22 -4 20 0 22 -2 19 -3 21 -6 20 -4 18 -4 19 -5 21 -5 16 -5 19 -6 18 -6 17 -8 19 -8 18 -9 18 -5 19 -6 14 -5 15 -5 14 -6 18 -6 17 -8 14 -9 16 -8 17 -5 17 -2 2 -7 15 -4 17 -7 18 -6 17 -6 14 -5 14 -4 16 -4 16 -3 13 -5 17 -1 16 -4 17 -4 16 -2 17 -3 17 0 18 -1 17 1 15 -1 15 -1 16 -3 17 0 16 -2 18 -2 17 -2 15 -1 13 -1 -2 0 0 0 0 0 0 0 0 ]
CSI_DATA,AP,68:FE:71:12:53:8C,-36,11,1,6,1,1,1,0,0,0,0,-93,0,6,1,40704193,0,84,0,0,40.704,384,[84 -64 4 0 0 0 0 0 0 0 0 0 -10 -17 -7 -17 -6 -23 -7 -21 -6 -23 -6 -19 -7 -20 -2 -22 -5 -19 -2 -22 -1 -20 -5 -21 -1 -21 -4 -21 -3 -17 0 -19 -3 -19 -4 -18 -3 -16 -3 -18 -2 -20 -3 -17 1 -15 -1 -16 -2 -19 -3 -17 1 2 -4 -15 -5 -16 -5 -17 -2 -19 -4 -17 -6 -19 -3 -16 -4 -14 -3 -18 -3 -14 -6 -17 -6 -15 -7 -17 -5 -14 -6 -14 -9 -14 -5 -18 -7 -14 -7 -14 -10 -15 -10 -15 -7 -16 -10 -16 -8 -16 -9 -14 -7 -15 0 2 0 0 0 0 0 0 0 0 ]
CSI_DATA,AP,68:FE:71:12:53:8C,-37,11,1,6,1,1,1,1,0,0,0,-94,4,6,1,40816644,0,84,0,0,40.817,384,[84 -64 4 0 0 0 0 0 0 0 0 0 19 6 17 4 23 5 22 5 22 7 17 10 18 7 17 7 19 9 17 10 20 9 16 8 18 11 16 10 18 10 20 9 14 8 18 8 16 12 17 10 15 8 15 9 15 11 13 11 15 11 14 9 -2 -1 13 6 17 9 15 9 15 5 15 8 15 7 15 8 15 4 15 5 14 6 18 4 16 3 18 3 13 3 17 6 14 5 18 5 14 3 17 3 18 3 18 2 15 5 15 2 17 -1 15 0 15 3 2 -2 0 0 0 0 0 0 0 0 ]
CSI_DATA,AP,68:FE:71:12:53:8C,-35,11,1,6,1,1,1,0,0,0,0,-94,0,6,1,40875475,0,84,0,0,40.875,384,[84 -64 4 0 0 0 0 0 0 0 0 0 -23 3 -23 2 -24 -1 -25 -1 -21 -2 -22 -3 -19 -5 -22 -5 -22 -3 -22 -6 -22 -4 -22 -3 -20 -6 -19 -4 -20 -7 -20 -4 -18 -5 -20 -8 -16 -5 -16 -4 -16 -8 -16 -8 -16 -4 -18 -4 -20 -4 -20 -8 0 1 -16 -6 -16 -5 -16 -5 -19 -1 -15 -5 -19 -6 -16 -3 -17 -3 -17 -2 -19 -2 -18 0 -17 -3 -16 -1 -16 -1 -18 -1 -18 2 -20 2 -18 -1 -19 -2 -15 3 -19 0 -16 1 -19 -1 -18 1 -19 3 -18 4 2 2 0 0 0 0 0 0 0 0 ]
CSI_DATA,AP,68:FE:71:12:53:8C,-34,11,1,6,1,1,1,1,0,0,0,-93,3,6,1,40949124,0,82,0,0,40.949,384,[84 -64 4 0 0 0 0 0 0 0 0 0 17 11 18 9 21 10 19 9 16 14 14 14 18 12 17 14 15 12 13 15 13 13 15 15 13 13 13 16 10 11 12 17 10 13 12 12 14 14 13 14 11 10 11 10 12 10 9 12 10 11 14 14 -2 1 13 13 12 12 13 11 13 12 11 9 11 9 13 12 14 8 14 9 12 9 15 12 12 11 14 7 12 8 12 10 15 6 15 9 16 7 17 5 17 6 16 7 15 8 16 5 17 8 14 6 17 8 0 2 0 0 0 0 0 0 0 0 ]
CSI_DATA,AP,68:FE:71:12:53:8C,-35,11,1,6,1,1,1,0,0,0,0,-93,0,6,1,41037597,0,84,0,0,41.038,384,[84 -64 4 0 0 0 0 0 0 0 0 0 -20 6 -18 9 -19 7 -20 8 -19 6 -19 3 -19 2 -21 1 -19 4 -20 0 -21 4 -21 0 -19 0 -22 2 -19 1 -23 3 -20 1 -17 3 -17 -1 -18 1 -17 -1 -19 2 -16 -1 -19 -2 -21 2 -16 3 2 2 -17 2 -18 3 -17 3 -16 1 -15 2 -19 3 -18 0 -18 3 -16 4 -15 6 -15 3 -18 5 -16 4 -18 3 -16 4 -17 5 -17 4 -13 8 -14 6 -16 6 -14 7 -16 5 -16 9 -13 10 -13 5 -12 8 0 2 0 0 0 0 0 0 0 0 ]
CSI_DATA,AP,68:FE:71:12:53:8C,-38,11,0,0,0,0,0,0,0,0,0,-95,0,6,1,41115566,0,37,0,0,41.116,128,[84 -64 4 0 0 0 0 0 0 0 0 0 -18 -13 -15 -14 -15 -12 -15 -16 -14 -15 -14 -15 -13 -14 -11 -13 -13 -15 -11 -18 -12 -17 -11 -17 -12 -17 -12 -15 -9 -17 -15 -16 -10 -13 -10 -14 -13 -13 -9 -14 -12 -15 -11 -15 -8 -13 -13 -12 -9 -16 -11 -15 2 1 -12 -14 -10 -13 -14 -15 -11 -12 -12 -12 -15 -14 -11 -14 -11 -10 -11 -13 -14 -11 -14 -9 -13 -9 -12 -11 -16 -11 -17 -10 -17 -9 -17 -11 -16 -9 -17 -11 -14 -8 -14 -11 -14 -7 -18 -9 -16 -6 -16 -7 -15 -6 0 0 0 0 0 0 0 0 0 0 ]
CSI_DATA,AP,68:FE:71:12:53:8C,-38,11,1,7,1,1,1,0,0,0,0,-94,0,6,1,41207968,0,84,0,0,41.208,384,[84 -64 4 0 0 0 0 0 0 0 0 0 15 -15 11 -14 14 -15 16 -14 14 -17 14 -12 15 -14 14 -10 17 -13 14 -10 18 -11 16 -13 18 -12 17 -12 16 -9 15 -9 14 -12 17 -11 16 -9 13 -12 16 -7 14 -11 14 -10 16 -10 17 -9 13 -10 -2 2 13 -11 13 -9 11 -10 12 -12 11 -11 15 -11 15 -12 14 -10 12 -11 13 -11 11 -14 9 -10 10 -14 10 -14 9 -14 13 -13 13 -15 11 -16 9 -12 11 -12 11 -12 7 -15 9 -13 8 -16 7 -14 8 -13 -1 -1 0 0 0 0 0 0 0 0 ]
CSI_DATA,AP,68:FE:71:12:53:8C,-31,11,1,7,1,1,1,0,0,0,1,-94,0,6,1,41297915,0,84,0,0,41.298,384,[84 -64 4 0 0 0 0 0 0 0 0 0 19 10 17 8 20 7 19 9 16 10 13 12 17 11 15 11 15 11 17 10 16 13 15 11 13 14 16 11 12 12 16 15 13 14 12 11 13 13 14 13 13 10 15 13 9 10 10 12 13 11 11 9 -2 2 13 11 11 9 15 12 15 7 13 12 11 10 12 10 15 11 12 9 12 8 16 8 12 6 12 7 14 5 15 9 17 8 17 7 16 4 13 4 13 6 16 6 15 5 17 5 17 7 14 4 13 5 -2 -2 0 0 0 0 0 0 0 0 ]
CSI_DATA,AP,68:FE:71:12:53:8C,-33,11,1,6,1,1,1,0,0,0,0,-96,0,6,1,41387371,0,84,0,0,41.387,384,[84 -64 4 0 0 0 0 0 0 0 0 0 13 16 16 17 15 17 16 15 11 17 9 15 11 16 12 19 12 19 11 17 7 21 8 18 7 21 8 16 6 17 6 21 5 18 6 17 9 17 8 19 6 17 9 19 4 14 5 16 7 15 9 18 0 0 7 15 6 17 8 16 8 16 8 14 7 15 10 15 10 13 9 14 8 14 7 15 10 13 8 16 10 16 11 11 9 15 8 13 13 14 13 10 10 9 9 13 10 11 10 11 13 10 13 10 12 10 2 -2 0 0 0 0 0 0 0 0 ]
CSI_DATA,AP,68:FE:71:12:53:8C,-33,11,1,7,1,1,1,0,0,0,0,-95,0,6,1,41469777,0,84,0,0,41.47,384,[84 -64 4 0 0 0 0 0 0 0 0 0 14 16 13 17 10 17 11 16 8 19 8 15 9 17 6 17 8 17 5 15 6 16 6 17 5 18 9 18 5 15 5 20 8 19 4 16 7 17 7 14 7 16 5 14 6 13 5 14 3 18 8 14 2 0 8 14 6 16 9 14 7 14 4 12 8 13 7 15 7 11 8 14 8 13 12 11 10 15 8 12 10 14 7 13 10 12 10 15 13 12 11 13 12 9 10 10 11 13 9 12 14 12 10 13 14 9 -1 0 0 0 0 0 0 0 0 0 ]
CSI_DATA,AP,68:FE:71:12:53:8C,-32,11,1,7,1,1,1,0,0,0,0,-94,0,6,1,41570915,0,84,0,0,41.571,384,[84 -64 4 0 0 0 0 0 0 0 0 0 -16 -9 -16 -9 -20 -8 -19 -11 -20 -13 -14 -13 -15 -13 -14 -12 -17 -12 -14 -13 -14 -11 -17 -11 -13 -16 -16 -16 -16 -11 -15 -15 -12 -11 -12 -13 -11 -13 -12 -12 -15 -14 -13 -15 -11 -10 -13 -14 -16 -13 -11 -11 -2 -1 -15 -12 -14 -10 -12 -11 -13 -11 -12 -10 -16 -10 -11 -10 -14 -10 -16 -10 -14 -6 -16 -7 -12 -9 -14 -9 -15 -9 -12 -9 -16 -8 -13 -7 -16 -5 -14 -9 -17 -7 -13 -5 -16 -5 -14 -5 -16 -5 -17 -4 -14 -6 -1 0 0 0 0 0 0 0 0 0 ]
CSI_DATA,AP,68:FE:71:12:53:8C,-35,11,1,5,1,1,1,1,0,0,0,-94,5,6,1,41644045,0,84,0,0,41.644,384,[84 -64 4 0 0 0 0 0 0 0 0 0 17 8 17 8 19 9 16 11 17 9 17 9 16 11 15 9 13 11 15 12 14 12 13 9 14 10 13 12 12 10 14 13 14 13 12 11 13 12 12 12 12 10 13 12 9 8 11 9 12 13 14 12 2 -1 10 7 14 11 11 11 11 6 12 11 13 11 13 8 11 8 11 9 15 8 13 4 14 6 14 5 12 8 12 4 14 7 13 7 12 3 12 7 14 2 12 6 16 6 13 4 16 3 14 3 12 3 0 2 0 0 0 0 0 0 0 0 ]
CSI_DATA,AP,68:FE:71:12:53:8C,-37,11,1,6,1,1,1,0,0,0,0,-96,0,6,1,41702494,0,84,0,0,41.702,384,[84 -64 4 0 0 0 0 0 0 0 0 0 19 8 17 8 20 12 20 14 18 14 16 11 14 13 15 12 14 15 16 10 16 16 18 14 17 12 14 11 16 15 15 12 14 15 12 13 12 14 14 14 11 14 12 13 9 10 14 13 13 15 13 13 2 -1 12 12 13 13 16 9 13 11 14 11 14 8 11 10 13 8 12 9 13 7 12 9 12 7 14 7 14 8 13 9 13 7 16 8 16 4 17 8 17 6 14 8 13 7 15 8 15 5 16 6 18 4 2 -1 0 0 0 0 0 0 0 0 ]
CSI_DATA,AP,68:FE:71:12:53:8C,-33,11,1,7,1,1,1,0,0,0,0,-96,0,6,1,41782964,0,84,0,0,41.783,384,[84 -64 4 0 0 0 0 0 0 0 0 0 -13 16 -15 15 -17 14 -15 14 -15 12 -16 14 -19 15 -16 9 -18 10 -15 10 -19 10 -16 12 -20 9 -19 10 -17 8 -16 12 -16 12 -18 8 -18 7 -18 8 -17 6 -18 11 -16 8 -17 7 -16 12 -15 11 -2 1 -14 9 -15 9 -16 12 -13 10 -16 10 -15 9 -13 10 -13 12 -13 11 -13 12 -14 14 -12 12 -14 11 -11 11 -12 13 -12 15 -11 15 -11 11 -12 12 -9 13 -10 14 -10 11 -9 15 -10 13 -10 14 -8 14 -2 -1 0 0 0 0 0 0 0 0 ]
CSI_DATA,AP,68:FE:71:12:53:8C,-37,11,1,5,1,1,1,0,0,0,0,-93,0,6,1,41867438,0,84,0,0,41.867,384,[84 -64 4 0 0 0 0 0 0 0 0 0 6 14 6 12 8 13 5 16 3 17 2 14 2 15 3 16 4 16 1 13 3 14 4 14 3 14 1 13 2 16 1 13 1 14 1 13 -1 14 2 13 0 11 2 14 -1 14 1 14 2 16 0 15 -2 -2 2 10 3 15 2 13 2 12 1 14 3 15 6 13 3 13 6 12 3 12 4 13 7 10 7 11 6 13 4 11 7 12 9 12 8 13 8 11 6 12 6 13 9 12 10 13 7 11 5 13 7 13 -2 1 0 0 0 0 0 0 0 0 ]
CSI_DATA,AP,68:FE:71:12:53:8C,-37,11,1,5,1,1,1,1,0,0,0,-95,5,6,1,41980315,0,84,0,0,41.98,384,[84 -64 4 0 0 0 0 0 0 0 0 0 -20 12 -20 12 -22 9 -21 10 -21 9 -18 9 -17 9 -20 6 -20 9 -16 6 -21 7 -18 6 -18 9 -17 5 -15 5 -20 4 -16 7 -14 7 -14 7 -17 4 -17 6 -17 5 -16 5 -13 7 -14 7 -16 8 -2 0 -15 8 -13 4 -13 4 -15 7 -14 7 -11 7 -13 7 -14 6 -15 8 -13 5 -14 8 -12 6 -13 10 -11 8 -13 8 -13 8 -12 10 -13 8 -13 9 -10 7 -14 6 -11 7 -12 10 -11 9 -10 10 -12 6 1 -2 0 0 0 0 0 0 0 0 ]
CSI_DATA,AP,68:FE:71:12:53:8C,-37,11,1,6,1,1,1,0,0,0,0,-93,0,6,1,42042239,0,84,0,0,42.042,384,[84 -64 4 0 0 0 0 0 0 0 0 0 -17 2 -16 4 -19 4 -18 2 -20 1 -19 2 -20 -2 -16 -2 -20 0 -15 1 -18 1 -19 -3 -18 0 -16 -2 -18 -5 -17 -5 -17 -4 -18 -2 -18 -5 -15 -2 -18 -1 -15 -4 -15 -5 -14 -4 -17 -2 -15 -2 2 -2 -14 -2 -17 1 -16 -2 -15 -2 -15 1 -15 1 -15 0 -13 -2 -17 0 -12 3 -17 1 -16 -1 -15 4 -17 0 -17 1 -16 1 -17 2 -15 4 -15 0 -12 1 -17 1 -14 3 -14 6 -13 5 -14 2 -16 5 1 0 0 0 0 0 0 0 0 0 ]
CSI_DATA,AP,68:FE:71:12:53:8C,-36,11,1,6,1,1,1,0,0,0,0,-95,0,6,1,42118238,0,84,0,0,42.118,384,[84 -64 4 0 0 0 0 0 0 0 0 0 -12 10 -11 11 -12 9 -9 9 -12 8 -13 10 -12 10 -12 9 -12 6 -11 9 -14 9 -12 8 -14 6 -13 7 -10 5 -14 5 -12 7 -9 7 -12 7 -10 4 -9 7 -11 5 -10 7 -12 5 -13 4 -9 7 2 -2 -10 4 -13 5 -10 7 -8 7 -9 7 -10 6 -9 7 -10 6 -9 8 -9 9 -9 10 -8 5 -10 8 -8 7 -9 5 -6 9 -8 6 -9 6 -7 7 -7 6 -8 8 -6 10 -6 9 -6 8 -8 11 -7 10 0 0 0 0 0 0 0 0 0 0 ]
CSI_DATA,AP,68:FE:71:12:53:8C,-38,11,1,6,1,1,1,0,0,0,0,-94,0,6,1,42198843,0,84,0,0,42.199,384,[84 -64 4 0 0 0 0 0 0 0 0 0 7 -4 8 -2 9 0 6 -1 6 -4 9 0 10 0 8 0 10 2 6 -1 9 2 10 -1 10 1 7 0 7 -1 8 1 8 2 9 2 5 -2 5 1 5 2 9 1 7 -1 6 1 9 1 7 -1 1 -1 6 0 8 -1 7 2 9 1 6 -1 8 1 6 -1 9 -1 5 0 6 -3 8 1 5 1 6 -2 9 -3 6 -1 7 -4 8 -2 6 -1 5 -2 6 -1 9 -4 7 -1 5 0 9 -3 8 -1 8 -1 -2 1 0 0 0 0 0 0 0 0 ]
CSI_DATA,AP,68:FE:71:12:53:8C,-34,11,1,6,1,1,1,0,0,0,0,-93,0,6,1,42283630,0,84,0,0,42.284,384,[84 -64 4 0 0 0 0 0 0 0 0 0 7 11 8 11 9 13 8 13 5 14 3 11 7 15 7 14 3 12 5 13 5 12 5 16 2 13 3 12 2 16 1 14 3 15 0 14 3 15 3 14 4 14 3 11 4 12 3 14 2 13 3 12 2 0 2 11 2 15 4 15 3 12 3 13 1 10 4 14 3 14 5 12 7 10 3 12 4 11 7 12 5 13 7 12 4 10 7 14 8 11 6 10 5 11 4 12 8 11 7 9 9 12 9 10 5 9 2 2 0 0 0 0 0 0 0 0 ]
CSI_DATA,AP,68:FE:71:12:53:8C,-31,11,1,7,1,1,1,0,0,0,0,-93,0,6,1,42356402,0,84,0,0,42.356,384,[84 -64 4 0 0 0 0 0 0 0 0 0 4 -23 7 -22 6 -20 9 -20 9 -19 10 -18 11 -22 7 -19 9 -20 8 -20 13 -18 12 -21 13 -20 10 -15 10 -16 9 -16 12 -17 12 -16 9 -16 11 -17 12 -13 12 -15 11 -16 12 -13 8 -14 8 -13 -1 2 11 -13 9 -16 7 -17 8 -18 9 -15 8 -17 7 -16 5 -14 6 -13 3 -17 4 -18 4 -14 5 -14 5 -14 3 -16 3 -15 4 -17 1 -18 4 -14 3 -18 1 -16 2 -18 1 -16 3 -18 4 -17 2 -15 -1 -1 0 0 0 0 0 0 0 0 ]
CSI_DATA,AP,68:FE:71:12:53:8C,-35,11,1,7,1,1,1,0,0,0,0,-93,0,6,1,42459852,0,84,0,0,42.46,384,[84 -64 4 0 0 0 0 0 0 0 0 0 18 7 18 6 22 5 19 8 17 6 15 9 18 8 15 11 15 10 12 11 14 7 15 11 14 9 11 6 14 7 15 6 10 8 11 8 10 8 10 7 13 5 9 4 11 7 9 5 10 8 11 7 -1 0 9 4 13 1 13 3 9 4 13 2 12 1 11 4 9 0 9 2 10 2 11 -2 12 2 12 2 14 0 13 -1 11 -1 14 -2 15 -2 14 1 12 -2 11 -3 11 0 14 -1 11 -6 10 -4 15 -3 -2 2 0 0 0 0 0 0 0 0 ]
CSI_DATA,AP,68:FE:71:12:53:8C,-36,11,1,6,1,1,1,0,0,0,0,-95,0,6,1,42553921,0,84,0,0,42.554,384,[84 -64 4 0 0 0 0 0 0 0 0 0 -17 35 -21 35 -17 35 -23 33 -20 29 -20 28 -22 26 -20 22 -19 25 -18 23 -20 25 -19 21 -23 22 -19 19 -17 16 -18 22 -19 19 -14 21 -15 16 -14 21 -13 16 -13 19 -13 17 -13 19 -12 16 -12 20 -1 -1 -9 16 -7 17 -8 16 -7 18 -7 20 -10 20 -4 16 -5 22 -6 15 -6 14 -5 19 -4 20 -2 21 -6 20 0 24 -2 24 -3 22 -1 23 -2 24 0 23 0 24 -1 25 3 24 2 26 0 24 0 25 -1 -1 0 0 0 0 0 0 0 0 ]
CSI_DATA,AP,68:FE:71:12:53:8C,-36,11,1,5,1,1,1,0,0,0,0,-93,0,6,1,42648727,0,84,0,0,42.649,384,[84 -64 4 0 0 0 0 0 0 0 0 0 6 25 5 26 4 27 2 25 0 23 -1 22 -2 23 -2 20 -1 20 -4 22 -4 23 -2 22 -4 18 -5 18 -4 20 -1 17 0 16 1 14 0 16 -3 13 0 17 -2 14 0 13 1 12 3 14 -1 15 0 2 2 12 2 11 5 11 7 11 6 9 6 14 5 10 5 9 4 10 4 12 9 11 8 11 9 9 5 10 6 10 10 8 7 11 8 9 11 6 11 8 9 6 7 7 8 10 9 6 11 5 11 7 1 0 0 0 0 0 0 0 0 0 ]
CSI_DATA,AP,68:FE:71:12:53:8C,-33,11,1,7,1,1,1,0,0,0,0,-95,0,6,1,42731024,0,84,0,0,42.731,384,[84 -64 4 0 0 0 0 0 0 0 0 0 -34 -5 -34 -3 -34 -2 -36 -3 -28 -8 -28 -8 -27 -5 -29 -9 -27 -9 -23 -10 -28 -9 -24 -7 -27 -11 -22 -9 -23 -8 -23 -7 -23 -7 -21 -6 -21 -4 -18 -8 -18 -5 -16 -7 -17 -2 -17 -2 -20 -2 -15 -1 2 0 -14 -3 -16 0 -15 2 -14 1 -16 -1 -13 -1 -14 0 -13 0 -14 3 -11 1 -15 4 -13 5 -14 4 -14 6 -13 5 -10 8 -12 6 -10 8 -13 8 -10 5 -10 6 -9 6 -9 7 -10 10 -7 7 -9 9 0 0 0 0 0 0 0 0 0 0 ]
CSI_DATA,AP,68:FE:71:12:53:8C,-37,11,1,6,1,1,1,0,0,0,0,-94,0,6,1,42803811,0,84,0,0,42.804,384,[84 -64 4 0 0 0 0 0 0 0 0 0 19 -4 21 -3 19 -4 23 -1 22 -1 19 -4 18 -1 19 0 20 2 19 -2 17 0 20 -2 17 0 16 2 17 -1 16 -1 16 -2 18 1 15 -2 16 -1 15 -2 14 0 15 3 18 0 18 -1 17 -3 -2 1 15 0 13 -2 17 -2 14 -2 15 -3 17 -3 13 0 16 -4 13 -3 12 -4 12 -5 14 -4 15 -3 12 -3 15 -2 13 -3 13 -3 16 -4 11 -7 12 -8 15 -4 15 -4 14 -6 14 -7 14 -4 13 -4 1 0 0 0 0 0 0 0 0 0 ]
CSI_DATA,AP,68:FE:71:12:53:8C,-34,11,1,7,1,1,1,1,0,0,0,-94,3,6,1,42889838,0,84,0,0,42.89,384,[84 -64 4 0 0 0 0 0 0 0 0 0 -14 10 -11 8 -12 10 -14 6 -14 9 -12 9 -15 8 -13 6 -12 6 -11 5 -15 5 -13 4 -13 4 -12 8 -12 4 -15 7 -11 7 -12 6 -12 7 -14 7 -13 6 -12 5 -10 3 -13 7 -10 7 -11 6 -1 -2 -13 7 -14 9 -13 7 -10 9 -12 5 -11 9 -10 6 -12 10 -9 7 -10 10 -11 10 -12 11 -9 9 -12 10 -11 8 -12 7 -13 9 -8 9 -11 12 -12 11 -8 10 -12 11 -8 9 -9 9 -12 11 -12 9 2 1 0 0 0 0 0 0 0 0 ]
CSI_DATA,AP,68:FE:71:12:53:8C,-37,11,1,6,1,1,1,0,0,0,0,-93,0,6,1,42983987,0,84,0,0,42.984,384,[84 -64 4 0 0 0 0 0 0 0 0 0 16 8 20 10 20 11 16 10 16 9 15 10 18 12 18 12 15 12 14 12 20 13 19 14 18 16 15 15 17 14 16 14 16 12 16 12 12 14 15 14 14 16 17 13 14 11 14 15 17 15 15 15 2 2 17 12 16 14 18 11 15 9 18 11 15 11 16 13 17 13 15 12 16 9 20 11 17 10 17 11 18 8 19 9 18 11 21 10 18 8 21 8 19 7 18 9 21 9 21 7 21 6 20 7 20 9 2 -1 0 0 0 0 0 0 0 0 ]
CSI_DATA,AP,68:FE:71:12:53:8C,-36,11,1,6,1,1,1,0,0,0,0,-95,0,6,1,43068872,0,84,0,0,43.069,384,[84 -64 4 0 0 0 0 0 0 0 0 0 -3 -20 -5 -16 -7 -19 -4 -19 -2 -21 -3 -17 -1 -20 -4 -20 0 -20 0 -20 2 -21 0 -19 0 -21 3 -18 0 -16 2 -18 3 -19 1 -16 3 -17 0 -18 0 -15 3 -16 4 -17 0 -15 1 -20 1 -19 0 -2 0 -17 -2 -17 -1 -16 -1 -18 2 -14 1 -18 -3 -16 -1 -18 -3 -16 -3 -16 -5 -19 -1 -14 -3 -15 -4 -13 -1 -15 -3 -16 -4 -19 -2 -17 -3 -17 -6 -17 -6 -14 -4 -14 -4 -14 -8 -18 -6 -15 -5 -12 -1 1 0 0 0 0 0 0 0 0 ]
CSI_DATA,AP,68:FE:71:12:53:8C,-33,11,1,7,1,1,1,0,0,0,0,-96,0,6,1,43169998,0,84,0,0,43.17,384,[84 -64 4 0 0 0 0 0 0 0 0 0 5 -14 6 -15 8 -17 9 -14 12 -16 12 -14 14 -15 10 -13 11 -14 13 -17 14 -14 13 -15 15 -13 16 -14 13 -15 17 -17 17 -15 16 -13 18 -12 16 -15 19 -11 14 -12 14 -8 16 -14 19 -15 14 -14 0 -2 15 -13 15 -13 15 -13 15 -14 15 -15 15 -12 16 -12 12 -14 13 -15 10 -16 13 -16 12 -16 10 -16 11 -15 12 -16 12 -16 12 -16 13 -18 10 -18 8 -19 13 -15 12 -17 8 -16 8 -20 11 -15 7 -20 -1 0 0 0 0 0 0 0 0 0 ]
CSI_DATA,AP,68:FE:71:12:53:8C,-36,11,1,5,1,1,1,0,0,0,0,-94,0,6,1,43258899,0,84,0,0,43.259,384,[84 -64 4 0 0 0 0 0 0 0 0 0 9 -4 6 -3 7 -5 10 -4 6 -2 9 -2 10 -5 7 -1 9 -2 11 -3 9 -4 9 -1 9 -4 8 -3 7 -2 11 -3 12 1 9 -3 7 0 11 -4 10 -1 11 0 6 1 11 0 11 -1 11 0 -2 -1 7 -2 10 -4 7 -4 8 0 11 -2 10 -2 9 -3 9 -4 6 -1 7 -4 10 -4 10 -6 8 -2 8 -3 7 -4 7 -4 8 -4 6 -6 9 -2 8 -4 6 -3 8 -4 5 -3 7 -6 7 -6 9 -3 -2 -2 0 0 0 0 0 0 0 0 ]
CSI_DATA,AP,68:FE:71:12:53:8C,-31,11,1,7,1,1,1,0,0,0,0,-95,0,6,1,43348105,0,84,0,0,43.348,384,[84 -64 4 0 0 0 0 0 0 0 0 0 -10 -18 -8 -17 -10 -16 -7 -21 -9 -19 -6 -21 -9 -18 -6 -21 -9 -21 -4 -20 -5 -22 -6 -24 -3 -21 -2 -21 -3 -23 -5 -23 -6 -23 -5 -23 -5 -19 -5 -24 -2 -19 -6 -23 -1 -22 -4 -23 -3 -23 -3 -23 -2 0 -5 -19 -4 -22 -5 -21 -5 -22 -3 -19 -4 -19 -8 -21 -6 -22 -8 -19 -6 -20 -10 -19 -9 -21 -8 -22 -9 -16 -7 -21 -11 -19 -10 -21 -8 -20 -10 -19 -12 -15 -13 -18 -9 -17 -10 -18 -14 -21 -12 -16 -10 -15 1 2 0 0 0 0 0 0 0 0 ]
CSI_DATA,AP,68:FE:71:12:53:8C,-37,11,1,5,1,1,1,0,0,0,0,-94,0,6,1,43424873,0,84,0,0,43.425,384,[84 -64 4 0 0 0 0 0 0 0 0 0 -23 0 -22 -5 -24 -5 -24 -2 -22 -7 -18 -7 -19 -8 -18 -5 -22 -7 -20 -5 -22 -5 -21 -8 -22 -7 -18 -9 -19 -8 -18 -8 -16 -6 -19 -10 -16 -9 -17 -9 -18 -10 -17 -9 -15 -6 -18 -5 -19 -7 -15 -7 0 1 -16 -8 -16 -7 -16 -8 -15 -5 -16 -3 -16 -7 -18 -6 -18 -4 -17 -3 -17 -5 -16 -3 -14 -1 -15 -2 -14 0 -18 -3 -15 1 -19 1 -17 -1 -15 -3 -18 2 -15 -2 -18 2 -16 -1 -18 3 -16 3 -14 0 1 -2 0 0 0 0 0 0 0 0 ]
CSI_DATA,AP,68:FE:71:12:53:8C,-35,11,1,6,1,1,1,0,0,0,0,-93,0,6,1,43502556,0,84,0,0,43.503,384,[82 -96 4 0 0 0 0 0 0 0 0 0 -20 -3 -21 -2 -20 -4 -18 -2 -18 -3 -18 -5 -18 -3 -19 -7 -21 -5 -18 -7 -21 -8 -20 -8 -19 -6 -19 -6 -16 -5 -18 -6 -15 -5 -19 -8 -17 -7 -17 -6 -18 -7 -17 -7 -15 -7 -16 -7 -15 -7 -15 -3 1 -1 -13 -4 -15 -7 -14 -6 -15 -3 -16 -6 -17 -5 -17 -6 -16 -5 -13 -1 -13 -3 -14 -1 -16 -4 -17 -3 -17 -2 -18 1 -17 1 -16 0 -14 -1 -14 2 -18 0 -18 1 -16 1 -18 1 -15 2 -14 0 -14 -1 1 -2 0 0 0 0 0 0 0 0 ]
CSI_DATA,AP,68:FE:71:12:53:8C,-32,11,1,7,1,1,1,0,0,0,0,-94,0,6,1,43588557,0,84,0,0,43.589,384,[84 -64 4 0 0 0 0 0 0 0 0 0 7 20 3 20 1 20 1 17 0 16 0 17 1 20 2 18 -2 16 -2 20 2 19 1 18 0 16 -3 19 -1 18 -2 15 -2 18 -2 16 -4 18 0 18 -2 16 -2 15 1 14 -2 17 0 17 -2 17 -1 -2 0 15 0 15 2 13 1 13 2 15 -1 16 2 13 0 15 0 14 0 16 0 12 4 15 2 14 5 16 1 15 1 16 5 12 4 12 2 15 3 14 3 16 5 16 4 13 5 16 7 13 3 15 -1 2 0 0 0 0 0 0 0 0 ]
CSI_DATA,AP,68:FE:71:12:53:8C,-32,11,1,7,1,1,1,0,0,0,0,-95,0,6,1,43705956,0,84,0,0,43.706,384,[84 -64 4 0 0 0 0 0 0 0 0 0 -14 -16 -14 -13 -14 -17 -16 -14 -14 -18 -13 -18 -14 -16 -15 -18 -15 -14 -13 -15 -14 -16 -12 -15 -11 -17 -11 -17 -11 -17 -12 -18 -11 -16 -12 -18 -10 -17 -12 -14 -10 -17 -11 -17 -9 -13 -9 -16 -11 -15 -11 -14 1 2 -11 -13 -11 -15 -8 -11 -10 -15 -11 -12 -9 -14 -9 -13 -13 -12 -12 -13 -9 -10 -10 -10 -10 -13 -13 -12 -10 -10 -15 -11 -13 -11 -15 -9 -12 -8 -12 -10 -15 -10 -13 -12 -11 -8 -16 -12 -16 -10 -13 -9 -13 -11 -1 -1 0 0 0 0 0 0 0 0 ]
CSI_DATA,AP,68:FE:71:12:53:8C,-39,11,1,4,1,1,1,0,0,0,0,-96,0,6,1,43797297,0,84,0,0,43.797,384,[84 -64 4 0 0 0 0 0 0 0 0 0 17 6 20 7 18 4 17 5 16 8 17 7 17 5 18 7 14 9 14 8 17 8 15 8 14 7 13 9 12 9 13 10 14 10 15 10 16 7 12 8 11 7 14 7 11 9 12 9 12 9 13 10 0 -1 15 6 15 7 11 9 15 7 13 6 15 8 11 8 12 5 15 4 14 7 15 4 15 4 16 2 15 5 14 5 13 3 14 1 13 0 15 2 12 3 13 1 14 0 17 0 15 1 16 3 14 3 2 2 0 0 0 0 0 0 0 0 ]
CSI_DATA,AP,68:FE:71:12:53:8C,-30,11,1,7,1,1,1,0,0,0,0,-95,0,6,1,43904307,0,84,0,0,43.904,384,[84 -64 4 0 0 0 0 0 0 0 0 0 -21 -2 -20 0 -24 0 -21 -1 -21 -5 -21 -2 -19 -4 -20 -4 -20 -3 -19 -5 -21 -7 -21 -5 -20 -7 -19 -7 -19 -6 -21 -4 -19 -5 -18 -7 -21 -7 -16 -6 -18 -4 -20 -5 -18 -3 -19 -7 -19 -6 -15 -6 0 -2 -17 -6 -19 -2 -15 -2 -19 -6 -15 -4 -19 -5 -15 -3 -19 -2 -18 -4 -15 1 -15 -2 -17 -1 -15 -1 -19 -1 -15 0 -16 -1 -19 -1 -16 3 -20 -1 -19 3 -16 1 -17 3 -16 0 -19 4 -18 0 -19 4 2 1 0 0 0 0 0 0 0 0 ]
CSI_DATA,AP,68:FE:71:12:53:8C,-31,11,1,7,1,1,1,0,0,0,1,-95,0,6,1,43988826,0,84,0,0,43.989,384,[84 -64 4 0 0 0 0 0 0 0 0 0 -6 -19 -8 -17 -6 -21 -8 -22 -4 -22 -5 -22 -5 -22 -2 -20 -3 -18 -5 -19 -1 -19 0 -20 -3 -19 -4 -20 -2 -20 -3 -21 0 -17 -3 -17 1 -18 -4 -20 0 -16 -1 -20 1 -17 -1 -17 0 -16 -4 -19 1 2 -3 -15 -4 -19 -4 -15 -3 -15 -1 -14 -4 -16 -5 -18 -4 -16 -3 -18 -4 -17 -3 -17 -3 -14 -3 -16 -7 -17 -3 -15 -8 -14 -9 -16 -8 -15 -7 -15 -8 -15 -9 -15 -8 -14 -6 -16 -7 -14 -7 -15 -9 -14 -1 2 0 0 0 0 0 0 0 0 ]
CSI_DATA,AP,68:FE:71:12:53:8C,-38,11,1,7,1,1,1,0,0,0,0,-93,0,6,1,44076578,0,84,0,0,44.077,384,[84 -64 4 0 0 0 0 0 0 0 0 0 15 11 15 9 14 12 14 11 15 13 12 12 12 15 16 11 12 15 14 15 13 12 11 12 11 13 13 16 14 15 11 16 10 13 13 15 13 14 11 15 9 12 13 14 7 13 10 15 9 12 11 13 0 2 12 10 8 10 12 12 9 10 8 12 13 13 11 10 11 9 12 8 10 9 13 7 10 7 14 11 10 7 12 9 15 7 14 10 15 7 14 5 12 8 11 7 15 7 11 8 12 7 13 5 16 3 -1 -2 0 0 0 0 0 0 0 0 ]
CSI_DATA,AP,68:FE:71:12:53:8C,-32,11,1,7,1,1,1,1,0,0,1,-93,1,6,1,44162731,0,84,0,0,44.163,384,[84 -64 4 0 0 0 0 0 0 0 0 0 -3 -19 -4 -20 -1 -23 0 -22 -1 -19 -1 -19 -1 -20 4 -18 0 -19 4 -22 2 -22 4 -22 4 -20 2 -17 4 -18 5 -21 2 -17 2 -19 5 -19 1 -15 1 -17 5 -16 2 -18 5 -17 5 -17 2 -15 2 2 1 -17 0 -15 0 -17 3 -16 0 -15 2 -18 3 -15 0 -18 1 -18 0 -14 -2 -16 -2 -16 -4 -15 -1 -17 0 -17 -3 -14 -2 -18 -3 -17 -5 -17 -5 -14 -2 -15 -2 -18 -3 -15 -7 -18 -5 -15 -5 -17 -2 -1 0 0 0 0 0 0 0 0 ]
CSI_DATA,AP,68:FE:71:12:53:8C,-35,11,1,6,1,1,1,0,0,0,0,-95,0,6,1,44252487,0,84,0,0,44.252,384,[84 -64 4 0 0 0 0 0 0 0 0 0 7 19 7 16 10 16 6 17 9 17 7 16 4 17 7 19 6 17 5 20 3 21 5 18 2 20 4 16 2 19 3 20 1 18 1 19 5 18 1 16 2 19 1 17 1 17 5 14 5 17 5 15 -1 -1 5 16 5 16 5 16 5 16 6 16 5 17 7 15 4 14 3 13 4 16 5 13 6 13 6 13 4 15 4 14 4 14 8 16 7 15 8 13 9 15 8 15 8 15 6 14 10 13 6 11 11 12 -1 1 0 0 0 0 0 0 0 0 ]
CSI_DATA,AP,68:FE:71:12:53:8C,-36,11,1,7,1,1,1,0,0,0,0,-95,0,6,1,44322273,0,84,0,0,44.322,384,[84 -64 4 0 0 0 0 0 0 0 0 0 -19 -7 -18 -4 -20 -6 -20 -9 -18 -6 -17 -7 -17 -8 -18 -10 -18 -10 -17 -9 -15 -11 -15 -7 -19 -8 -15 -9 -18 -7 -17 -10 -17 -10 -14 -8 -17 -9 -16 -9 -17 -11 -16 -10 -15 -6 -17 -9 -13 -11 -12 -10 -1 1 -12 -8 -15 -5 -16 -7 -17 -6 -14 -4 -16 -7 -17 -8 -14 -7 -16 -7 -14 -4 -13 -5 -12 -2 -13 -1 -17 -2 -15 -4 -18 -2 -14 -1 -16 0 -16 -1 -14 1 -15 -3 -17 0 -14 -3 -14 -2 -17 -1 -13 -1 -2 -1 0 0 0 0 0 0 0 0 ]
CSI_DATA,AP,68:FE:71:12:53:8C,-36,11,0,0,0,0,0,0,0,0,0,-94,0,6,1,44396261,0,37,0,0,44.396,128,[84 -64 4 0 0 0 0 0 0 0 0 0 -17 7 -16 5 -22 6 -21 3 -18 3 -19 1 -18 3 -19 0 -19 2 -21 -1 -19 -3 -19 -3 -17 -3 -19 -1 -17 -3 -19 -2 -15 0 -19 -1 -17 0 -17 -4 -15 -3 -16 -1 -17 0 -16 -3 -14 -2 -14 -3 1 -1 -18 -3 -14 -1 -16 -1 -15 -1 -13 -2 -17 -2 -18 0 -16 1 -17 -1 -15 -1 -14 0 -13 0 -13 2 -13 2 -14 0 -14 2 -16 3 -17 5 -13 4 -14 3 -15 5 -16 3 -16 5 -15 3 -15 4 -16 2 1 -2 0 0 0 0 0 0 0 0 ]
CSI_DATA,AP,68:FE:71:12:53:8C,-40,11,1,6,1,1,1,1,0,0,1,-95,4,6,1,44500559,0,84,0,0,44.501,384,[84 -64 4 0 0 0 0 0 0 0 0 0 -9 18 -9 14 -10 16 -8 15 -12 17 -9 15 -12 13 -12 11 -12 15 -11 11 -14 12 -11 13 -12 10 -10 13 -13 10 -14 14 -10 10 -14 13 -11 10 -12 10 -12 13 -12 11 -10 11 -9 9 -11 11 -13 12 -2 -1 -10 13 -11 11 -10 10 -9 10 -11 10 -9 10 -10 12 -10 12 -6 11 -9 12 -7 13 -9 12 -9 12 -7 11 -9 10 -6 14 -4 14 -4 11 -5 14 -7 14 -4 13 -5 15 -4 12 -5 14 -6 14 -4 11 -2 2 0 0 0 0 0 0 0 0 ]
CSI_DATA,AP,68:FE:71:12:53:8C,-33,11,1,7,1,1,1,0,0,0,0,-96,0,6,1,44588458,0,84,0,0,44.588,384,[84 -64 4 0 0 0 0 0 0 0 0 0 -16 15 -17 12 -17 12 -20 13 -17 9 -19 10 -20 9 -19 11 -19 8 -19 8 -20 10 -19 10 -20 7 -20 9 -18 6 -17 7 -19 8 -18 4 -16 8 -16 4 -15 5 -17 7 -17 7 -18 6 -17 5 -17 6 0 0 -13 6 -17 6 -13 9 -15 7 -12 5 -16 7 -16 6 -14 7 -13 10 -15 10 -15 9 -15 11 -14 9 -14 12 -14 9 -13 9 -14 10 -14 10 -14 8 -14 10 -11 8 -14 11 -13 10 -12 13 -12 8 -14 9 -2 -2 0 0 0 0 0 0 0 0 ]
CSI_DATA,AP,68:FE:71:12:53:8C,-36,11,1,7,1,1,1,0,0,0,0,-95,0,6,1,44653164,0,84,0,0,44.653,384,[84 -64 4 0 0 0 0 0 0 0 0 0 -8 16 -10 17 -9 16 -11 16 -10 15 -10 15 -13 13 -10 14 -11 16 -15 16 -11 15 -11 16 -14 13 -11 13 -14 11 -13 16 -13 12 -15 13 -13 14 -12 11 -12 10 -15 9 -14 11 -11 9 -15 13 -12 11 2 -2 -14 10 -14 12 -11 10 -13 10 -12 9 -12 9 -13 13 -8 10 -8 14 -12 14 -7 14 -10 14 -9 13 -6 13 -8 15 -6 13 -9 12 -5 12 -8 13 -6 11 -9 15 -5 13 -8 12 -8 12 -4 13 -5 12 2 1 0 0 0 0 0 0 0 0 ]
CSI_DATA,AP,68:FE:71:12:53:8C,-37,11,1,7,1,1,1,0,0,0,0,-93,0,6,1,44750429,0,84,0,0,44.75,384,[84 -64 4 0 0 0 0 0 0 0 0 0 19 -1 18 0 20 1 19 1 18 2 20 5 16 5 20 7 17 4 19 4 17 5 19 7 17 8 18 6 17 7 19 4 14 8 17 4 16 5 15 4 14 7 15 4 14 5 13 5 16 4 16 3 2 -1 14 4 17 5 17 6 13 2 13 6 17 5 14 1 14 1 15 2 16 0 17 0 17 0 14 4 14 0 14 1 17 3 16 2 15 1 18 -2 14 -2 16 1 17 -1 18 2 16 -1 15 -3 14 0 -1 1 0 0 0 0 0 0 0 0 ]
CSI_DATA,AP,68:FE:71:12:53:8C,-34,11,1,6,1,1,1,0,0,0,0,-95,0,6,1,44832123,0,84,0,0,44.832,384,[84 -64 4 0 0 0 0 0 0 0 0 0 -3 18 0 18 0 17 -2 17 -5 18 -6 16 -4 17 -7 14 -7 16 -6 16 -7 16 -4 18 -4 16 -4 17 -7 15 -6 12 -5 15 -7 14 -7 13 -9 16 -7 12 -5 11 -9 12 -6 11 -5 12 -7 12 0 -1 -7 15 -7 11 -7 14 -6 11 -5 12 -6 13 -4 11 -4 14 -4 14 -6 15 -3 11 -3 12 -4 15 -2 12 -3 12 -5 12 -4 11 -2 11 -2 15 -1 12 -2 15 -3 14 0 13 0 14 -3 14 -3 12 2 -2 0 0 0 0 0 0 0 0 ]
CSI_DATA,AP,68:FE:71:12:53:8C,-36,11,1,7,1,1,1,0,0,0,0,-94,0,6,1,44940070,0,84,0,0,44.94,384,[84 -64 4 0 0 0 0 0 0 0 0 0 18 -12 14 -10 19 -11 17 -8 18 -11 15 -10 16 -10 18 -8 20 -7 18 -9 16 -7 20 -8 17 -6 18 -6 18 -7 17 -8 16 -7 18 -7 18 -7 15 -8 17 -6 16 -5 18 -3 15 -7 17 -6 18 -8 0 1 17 -7 14 -5 14 -5 17 -6 15 -9 15 -10 14 -7 12 -7 16 -7 15 -7 13 -9 13 -8 12 -9 12 -11 11 -12 13 -8 13 -13 14 -10 10 -9 13 -8 12 -10 10 -11 14 -10 13 -13 12 -10 11 -10 0 -2 0 0 0 0 0 0 0 0 ]
CSI_DATA,AP,68:FE:71:12:53:8C,-32,11,1,7,1,1,1,0,0,0,0,-94,0,6,1,45023214,0,84,0,0,45.023,384,[84 -64 4 0 0 0 0 0 0 0 0 0 12 12 10 14 9 16 9 15 12 16 11 15 8 14 7 15 5 16 6 15 9 17 7 14 7 16 6 17 6 14 5 17 7 13 7 15 3 15 3 12 3 13 5 15 5 13 5 14 7 15 6 13 -1 2 5 12 7 15 4 13 7 10 8 13 6 11 4 10 5 12 9 13 5 11 7 12 10 11 6 13 7 11 6 9 8 11 10 10 9 11 10 12 11 11 8 12 7 9 11 12 9 8 8 10 12 9 1 -2 0 0 0 0 0 0 0 0 ]
CSI_DATA,AP,68:FE:71:12:53:8C,-34,11,1,5,1,1,1,1,0,0,0,-93,1,6,1,45143492,0,82,0,0,45.143,384,[84 -64 4 0 0 0 0 0 0 0 0 0 7 -19 5 -16 10 -18 9 -19 10 -18 9 -17 12 -16 12 -14 9 -16 9 -17 12 -14 9 -17 9 -17 12 -13 11 -12 11 -16 12 -15 12 -13 10 -13 12 -13 11 -11 11 -12 11 -13 8 -15 8 -14 8 -15 0 0 9 -14 9 -11 8 -14 7 -15 6 -13 9 -11 6 -15 9 -11 6 -14 9 -16 7 -13 5 -12 7 -15 8 -15 7 -15 5 -14 4 -13 6 -16 4 -17 3 -17 3 -13 3 -14 6 -17 6 -14 4 -13 2 -16 -1 1 0 0 0 0 0 0 0 0 ]
CSI_DATA,AP,68:FE:71:12:53:8C,-38,11,1,7,1,1,1,0,0,0,0,-94,0,6,1,45252590,0,84,0,0,45.253,384,[84 -64 4 0 0 0 0 0 0 0 0 0 -1 -22 -4 -21 -1 -22 -3 -22 -1 -21 1 -19 0 -21 2 -20 3 -20 1 -19 2 -18 4 -19 4 -18 4 -19 3 -20 4 -18 3 -17 0 -17 1 -17 0 -16 2 -19 1 -17 0 -14 1 -18 3 -19 4 -18 2 2 2 -15 2 -15 -2 -18 2 -16 1 -17 2 -17 -2 -15 -1 -18 0 -18 -1 -14 -2 -17 -1 -17 -2 -15 -5 -14 -4 -14 -2 -15 -3 -16 -2 -14 -2 -17 -3 -15 -2 -15 -4 -16 -5 -14 -6 -16 -5 -17 -7 -16 -1 -2 0 0 0 0 0 0 0 0 ]
CSI_DATA,AP,68:FE:71:12:53:8C,-31,11,0,0,0,0,0,0,0,0,0,-95,0,6,1,45346244,0,37,0,0,45.346,128,[84 -64 4 0 0 0 0 0 0 0 0 0 -15 -17 -11 -14 -14 -19 -13 -20 -11 -17 -8 -19 -10 -17 -9 -16 -8 -16 -9 -17 -10 -19 -8 -18 -7 -21 -8 -19 -4 -18 -8 -17 -4 -15 -4 -16 -8 -16 -6 -17 -5 -15 -5 -17 -3 -18 -7 -15 -8 -15 -6 -14 -1 0 -4 -15 -9 -18 -7 -15 -7 -16 -5 -13 -7 -17 -7 -14 -7 -17 -8 -15 -7 -13 -11 -16 -10 -15 -7 -14 -8 -15 -11 -12 -9 -15 -9 -13 -8 -13 -8 -14 -12 -11 -11 -14 -10 -13 -13 -13 -13 -12 -9 -14 -10 -14 -2 -1 0 0 0 0 0 0 0 0 ]
CSI_DATA,AP,68:FE:71:12:53:8C,-33,11,1,6,1,1,1,0,0,0,1,-95,0,6,1,45418489,0,84,0,0,45.418,384,[84 -64 4 0 0 0 0 0 0 0 0 0 -15 15 -16 14 -15 13 -14 15 -16 16 -15 15 -17 13 -14 10 -16 14 -15 10 -19 12 -15 13 -17 10 -19 8 -18 12 -18 12 -13 9 -17 11 -16 10 -13 11 -14 9 -15 8 -16 10 -17 7 -17 7 -15 11 0 2 -15 10 -12 9 -15 11 -14 10 -11 8 -11 9 -11 10 -14 12 -9 11 -9 11 -11 9 -12 10 -13 12 -11 11 -9 12 -8 10 -8 13 -8 15 -9 15 -10 15 -12 15 -10 14 -10 15 -11 16 -7 11 -8 13 2 -1 0 0 0 0 0 0 0 0 ]
CSI_DATA,AP,68:FE:71:12:53:8C,-35,11,1,5,1,1,1,0,0,0,0,-96,0,6,1,45510910,0,84,0,0,45.511,384,[84 -64 4 0 0 0 0 0 0 0 0 0 16 -6 18 -7 18 -6 19 -6 20 -5 18 -2 17 -2 20 -1 17 -3 20 -3 18 -4 21 0 17 -2 19 -2 19 -4 21 -3 16 -1 19 0 18 -1 15 -2 19 -3 19 -2 16 0 17 -3 15 -3 16 -3 -2 1 14 -4 14 -3 17 -5 18 -5 15 -2 15 -3 13 -5 15 -5 14 -2 15 -3 13 -5 16 -4 14 -4 12 -5 16 -4 16 -8 14 -8 13 -8 15 -9 13 -8 12 -7 15 -6 16 -8 14 -10 13 -6 11 -9 2 2 0 0 0 0 0 0 0 0 ]
CSI_DATA,AP,68:FE:71:12:53:8C,-39,11,1,5,1,1,1,0,0,0,0,-96,0,6,1,45626974,0,84,0,0,45.627,384,[84 -64 4 0 0 0 0 0 0 0 0 0 7 -22 7 -20 10 -19 9 -19 9 -20 9 -17 11 -17 9 -17 9 -18 11 -16 13 -16 10 -15 12 -17 12 -14 13 -15 11 -16 11 -17 11 -14 12 -15 12 -13 10 -14 11 -14 8 -11 12 -15 8 -14 8 -15 0 1 9 -12 9 -13 9 -16 7 -12 9 -12 10 -15 8 -13 10 -17 9 -15 8 -14 4 -14 5 -13 8 -14 4 -18 8 -14 8 -18 3 -16 3 -18 5 -14 3 -18 6 -18 3 -15 6 -14 4 -16 1 -16 3 -16 0 -1 0 0 0 0 0 0 0 0 ]
CSI_DATA,AP,68:FE:71:12:53:8C,-33,11,1,7,1,1,1,0,0,0,0,-95,0,6,1,45704149,0,84,0,0,45.704,384,[84 -64 4 0 0 0 0 0 0 0 0 0 6 20 4 21 6 22 6 21 2 22 3 18 1 20 3 19 2 22 1 18 1 19 2 21 -1 21 1 19 1 20 0 19 -1 21 -1 16 -3 16 -2 19 -2 15 -2 18 0 14 0 15 0 18 0 19 1 1 -2 17 1 18 -2 18 2 14 3 15 -1 16 3 17 2 14 4 15 0 13 2 15 1 14 4 18 5 15 4 15 6 16 4 16 4 17 6 13 6 14 7 14 3 15 7 13 7 15 4 15 5 15 1 2 0 0 0 0 0 0 0 0 ]
CSI_DATA,AP,68:FE:71:12:53:8C,-38,11,1,7,1,1,1,0,0,0,0,-95,0,6,1,45809292,0,84,0,0,45.809,384,[84 -64 4 0 0 0 0 0 0 0 0 0 17 -11 17 -10 19 -11 19 -8 21 -7 19 -4 19 -7 17 -5 19 -6 17 -7 22 -5 18 -6 21 -5 19 -1 16 -2 21 -4 19 -4 19 -1 15 -4 19 -2 17 -5 19 -2 15 -2 15 -2 18 -1 15 -2 2 0 17 -3 17 -3 16 -3 16 -3 13 -6 14 -3 14 -7 14 -6 14 -8 16 -6 15 -5 14 -7 15 -7 14 -8 13 -5 15 -7 13 -9 13 -8 12 -9 11 -12 14 -11 15 -8 14 -9 13 -10 16 -11 14 -8 0 1 0 0 0 0 0 0 0 0 ]
CSI_DATA,AP,68:FE:71:12:53:8C,-34,11,1,5,1,1,1,1,0,0,0,-96,2,6,1,45895862,0,84,0,0,45.896,384,[84 -64 4 0 0 0 0 0 0 0 0 0 20 -9 18 -7 21 -6 25 -7 19 -7 22 -4 21 -2 21 -5 21 -4 22 -3 22 -2 20 -4 21 -3 22 -4 18 -1 23 1 22 0 19 0 19 -2 20 0 20 1 20 -3 15 -1 16 0 19 -2 20 -1 1 1 16 -2 16 -5 20 -5 18 -2 17 -5 18 -2 19 -2 15 -4 16 -7 15 -7 18 -6 16 -5 15 -8 18 -7 15 -5 15 -7 14 -8 17 -9 14 -7 17 -7 15 -10 15 -9 13 -9 18 -8 17 -8 17 -7 0 0 0 0 0 0 0 0 0 0 ]
CSI_DATA,AP,68:FE:71:12:53:8C,-37,11,1,6,1,1,1,0,0,0,0,-94,0,6,1,46008698,0,84,0,0,46.009,384,[84 -64 4 0 0 0 0 0 0 0 0 0 -13 -17 -14 -20 -15 -20 -15 -21 -14 -20 -10 -19 -9 -21 -12 -20 -9 -22 -12 -20 -11 -20 -10 -19 -12 -21 -9 -23 -6 -19 -7 -21 -6 -19 -7 -19 -8 -21 -6 -20 -9 -20 -8 -17 -5 -16 -7 -19 -8 -19 -9 -20 2 0 -8 -17 -9 -17 -11 -15 -8 -16 -10 -17 -12 -15 -9 -18 -8 -15 -9 -13 -10 -15 -14 -15 -12 -14 -10 -16 -10 -16 -13 -15 -15 -13 -12 -16 -13 -12 -11 -11 -15 -10 -12 -15 -12 -13 -14 -11 -14 -12 -12 -10 -11 -14 0 0 0 0 0 0 0 0 0 0 ]
CSI_DATA,AP,68:FE:71:12:53:8C,-33,11,1,7,1,1,1,1,0,0,0,-96,4,6,1,46091895,0,84,0,0,46.092,384,[84 -64 4 0 0 0 0 0 0 0 0 0 21 2 20 3 24 4 23 3 22 5 20 3 18 8 20 8 22 8 17 8 23 6 22 9 18 6 17 9 18 10 20 8 16 10 17 5 18 9 18 6 16 7 18 10 15 9 16 7 19 6 15 8 0 -1 14 6 17 6 17 6 17 3 15 7 16 5 16 7 17 5 14 3 17 2 16 5 18 4 19 3 15 2 18 2 18 2 16 2 18 0 18 1 16 -1 16 -1 16 -1 19 2 19 -3 17 0 15 -1 -2 2 0 0 0 0 0 0 0 0 ]
CSI_DATA,AP,68:FE:71:12:53:8C,-38,11,1,6,1,1,1,0,0,0,0,-94,0,6,1,46186735,0,84,0,0,46.187,384,[84 -64 4 0 0 0 0 0 0 0 0 0 17 16 16 16 13 16 14 15 14 17 10 13 12 15 8 17 12 18 9 18 11 19 12 20 9 17 9 15 7 14 11 17 6 14 8 16 8 15 6 16 5 14 8 18 6 14 10 16 7 17 10 16 -2 0 9 14 12 15 11 12 9 13 9 13 10 15 12 15 8 14 12 13 9 10 13 9 13 12 14 13 13 12 11 10 15 12 14 9 13 7 13 10 14 10 15 8 11 10 12 9 15 8 15 9 13 6 -1 -1 0 0 0 0 0 0 0 0 ]
CSI_DATA,AP,68:FE:71:12:53:8C,-35,11,1,5,1,1,1,0,0,0,0,-96,0,6,1,46230413,0,84,0,0,46.23,384,[84 -64 4 0 0 0 0 0 0 0 0 0 6 18 8 19 7 19 7 20 5 23 5 21 5 22 1 22 3 22 0 20 -1 21 0 23 2 23 1 23 2 19 1 23 -1 20 -2 17 -1 16 0 16 -2 16 -2 18 -1 16 -1 17 0 21 -1 19 0 1 -1 17 0 19 0 20 4 15 3 17 3 17 5 18 1 18 5 15 6 15 7 18 4 17 3 16 6 17 5 15 5 14 9 17 7 16 6 15 5 12 8 13 8 13 6 13 6 14 7 17 9 12 2 -2 0 0 0 0 0 0 0 0 ]
CSI_DATA,AP,68:FE:71:12:53:8C,-34,11,1,6,1,1,1,1,0,0,0,-93,2,6,1,46300218,0,84,0,0,46.3,384,[84 -64 4 0 0 0 0 0 0 0 0 0 14 13 11 18 16 16 15 19 14 17 12 19 12 20 9 15 11 18 7 19 9 20 7 18 7 20 6 20 5 17 9 18 9 20 6 14 7 19 6 18 8 18 5 18 4 14 5 17 7 17 7 17 2 0 5 15 8 14 6 14 11 13 6 16 9 17 9 14 6 16 11 16 7 14 8 16 10 14 12 11 12 11 10 13 11 15 11 15 11 10 13 12 10 11 10 12 9 10 10 13 13 12 11 12 11 10 1 -1 0 0 0 0 0 0 0 0 ]
CSI_DATA,AP,68:FE:71:12:53:8C,-35,11,1,5,1,1,1,0,0,0,0,-93,0,6,1,46399693,0,84,0,0,46.4,384,[84 -64 4 0 0 0 0 0 0 0 0 0 21 6 21 8 20 8 21 10 20 7 20 11 20 12 20 11 16 9 17 9 18 9 21 10 17 9 16 9 18 10 15 9 16 10 13 12 16 11 15 10 16 11 15 9 12 11 13 12 18 13 17 12 2 1 14 8 16 7 15 9 17 5 13 7 18 9 17 7 14 9 15 8 14 3 17 4 16 7 17 3 17 5 18 3 19 3 17 7 16 4 15 6 16 5 17 6 16 5 19 2 20 3 17 1 16 0 0 2 0 0 0 0 0 0 0 0 ]
CSI_DATA,AP,68:FE:71:12:53:8C,-36,11,1,6,1,1,1,0,0,0,0,-94,0,6,1,46485808,0,84,0,0,46.486,384,[84 -64 4 0 0 0 0 0 0 0 0 0 12 -19 10 -15 14 -18 15 -17 14 -14 15 -15 15 -12 15 -16 12 -15 12 -14 16 -14 17 -12 14 -13 14 -12 13 -12 14 -12 16 -11 12 -12 14 -12 14 -12 13 -11 14 -9 13 -9 15 -13 12 -13 12 -10 0 1 13 -13 11 -12 12 -11 12 -13 14 -12 14 -13 13 -12 13 -10 9 -10 10 -10 12 -12 7 -14 12 -11 10 -14 8 -10 9 -16 12 -14 7 -12 11 -14 7 -12 9 -16 9 -15 7 -14 10 -13 9 -15 9 -14 0 0 0 0 0 0 0 0 0 0 ]
CSI_DATA,AP,68:FE:71:12:53:8C,-38,11,1,5,1,1,1,0,0,0,0,-95,0,6,1,46585096,0,84,0,0,46.585,384,[84 -64 4 0 0 0 0 0 0 0 0 0 19 -13 18 -9 17 -11 20 -10 19 -9 19 -8 18 -7 18 -5 20 -8 15 -4 20 -7 19 -4 19 -6 19 -4 19 -4 17 -3 18 -4 17 -5 16 -4 16 -3 15 -3 19 -6 17 -3 14 -2 17 -4 16 -7 0 -2 17 -6 14 -6 14 -5 17 -8 13 -8 17 -7 17 -6 12 -7 15 -5 14 -6 16 -8 13 -7 12 -7 13 -10 14 -8 16 -10 13 -8 11 -12 11 -9 14 -12 14 -8 11 -8 13 -9 12 -10 10 -9 13 -11 -1 0 0 0 0 0 0 0 0 0 ]
CSI_DATA,AP,68:FE:71:12:53:8C,-35,11,1,5,1,1,1,0,0,0,0,-95,0,6,1,46658941,0,84,0,0,46.659,384,[84 -64 4 0 0 0 0 0 0 0 0 0 9 18 4 17 6 20 4 22 3 18 4 18 3 21 4 16 1 18 3 21 3 21 3 18 3 18 0 18 -2 17 1 20 -1 18 2 19 2 19 -2 19 2 18 0 19 0 14 -1 16 2 17 0 19 -1 1 2 17 2 16 3 18 4 13 0 17 3 14 0 15 3 17 2 15 4 14 5 13 3 12 7 16 4 15 4 14 4 13 4 16 5 11 5 15 7 15 4 15 8 13 6 16 7 12 7 13 6 12 -2 -1 0 0 0 0 0 0 0 0 ]
CSI_DATA,AP,68:FE:71:12:53:8C,-37,11,1,5,1,1,1,0,0,0,0,-95,0,6,1,46747636,0,84,0,0,46.748,384,[84 -64 4 0 0 0 0 0 0 0 0 0 12 15 9 15 12 17 11 17 12 19 7 18 8 19 9 19 6 18 5 17 9 20 8 21 8 21 5 17 7 19 6 17 3 19 7 15 6 14 5 16 3 19 3 19 3 18 6 15 3 17 7 17 -2 1 3 15 6 18 6 15 9 17 6 16 6 17 8 16 4 14 6 15 6 11 9 16 7 12 10 12 8 11 8 13 9 12 9 13 12 13 8 12 11 9 11 15 11 14 10 13 10 13 9 10 12 12 2 -2 0 0 0 0 0 0 0 0 ]
CSI_DATA,AP,68:FE:71:12:53:8C,-34,11,1,5,1,1,1,1,0,0,0,-94,5,6,1,46841509,0,84,0,0,46.842,384,[84 -64 4 0 0 0 0 0 0 0 0 0 -22 1 -21 -1 -24 -2 -24 -2 -23 -3 -21 -2 -20 -4 -21 -7 -20 -4 -19 -6 -23 -7 -21 -4 -21 -4 -20 -4 -19 -5 -21 -4 -17 -7 -17 -5 -17 -9 -17 -9 -19 -7 -18 -5 -18 -5 -16 -5 -17 -5 -18 -7 1 0 -19 -3 -20 -4 -20 -4 -20 -3 -17 -4 -16 -4 -15 -3 -16 -5 -19 -3 -16 -4 -18 0 -18 -1 -15 0 -15 -2 -17 0 -17 -2 -17 0 -15 -1 -19 0 -19 -1 -15 -1 -15 0 -17 1 -20 3 -16 -2 -15 0 -1 1 0 0 0 0 0 0 0 0 ]
CSI_DATA,AP,68:FE:71:12:53:8C,-30,11,1,7,1,1,1,0,0,0,0,-96,0,6,1,46909784,0,84,0,0,46.91,384,[84 -64 4 0 0 0 0 0 0 0 0 0 -22 7 -19 7 -24 8 -24 6 -21 2 -19 4 -23 1 -18 2 -21 2 -21 1 -21 2 -19 0 -19 2 -23 -2 -19 0 -24 1 -19 1 -21 -3 -17 1 -17 0 -18 -3 -18 -1 -16 -1 -17 -3 -18 -4 -19 -2 -2 1 -19 -2 -19 -1 -18 -1 -20 1 -16 1 -17 0 -18 3 -15 4 -18 2 -17 2 -16 4 -16 0 -18 5 -15 4 -18 2 -15 6 -18 3 -16 3 -17 6 -14 5 -15 4 -14 6 -18 7 -15 7 -14 7 -13 6 1 -1 0 0 0 0 0 0 0 0 ]
CSI_DATA,AP,68:FE:71:12:53:8C,-36,11,1,6,1,1,1,0,0,0,0,-94,0,6,1,46984829,0,84,0,0,46.985,384,[84 -64 4 0 0 0 0 0 0 0 0 0 -21 -8 -17 -8 -21 -9 -22 -10 -22 -11 -16 -11 -20 -9 -18 -10 -16 -12 -19 -9 -21 -10 -18 -8 -17 -9 -17 -9 -17 -10 -17 -10 -16 -12 -16 -13 -17 -13 -15 -12 -13 -11 -13 -10 -14 -8 -17 -11 -18 -11 -15 -11 0 -1 -12 -9 -16 -11 -15 -7 -14 -5 -14 -6 -13 -6 -13 -6 -15 -5 -13 -6 -14 -4 -16 -5 -17 -8 -15 -3 -18 -5 -17 -4 -19 -4 -15 -7 -15 -3 -17 -7 -16 -5 -17 -6 -18 -4 -17 -2 -20 -4 -15 -2 -16 -4 1 2 0 0 0 0 0 0 0 0 ]
CSI_DATA,AP,68:FE:71:12:53:8C,-30,11,0,0,0,0,0,0,0,0,0,-93,0,6,1,47032762,0,37,0,0,47.033,128,[84 -64 4 0 0 0 0 0 0 0 0 0 -7 19 -7 17 -9 19 -11 19 -8 19 -9 19 -13 18 -12 15 -10 15 -11 15 -13 15 -14 17 -11 15 -12 15 -14 15 -14 15 -10 16 -11 12 -12 16 -14 14 -11 16 -11 14 -9 11 -12 13 -14 17 -12 13 0 0 -12 14 -12 14 -10 15 -8 13 -10 13 -8 13 -11 13 -9 14 -6 16 -5 12 -9 14 -8 13 -7 17 -7 14 -5 17 -4 17 -8 15 -7 18 -5 16 -5 15 -5 17 -3 13 -6 18 -1 16 -3 17 -5 15 2 0 0 0 0 0 0 0 0 0 ]
CSI_DATA,AP,68:FE:71:12:53:8C,-34,11,1,5,1,1,1,0,0,0,0,-93,0,6,1,47136678,0,84,0,0,47.137,384,[84 -64 4 0 0 0 0 0 0 0 0 0 -7 -21 -9 -19 -8 -19 -6 -19 -6 -21 -5 -20 -6 -20 -6 -21 -3 -18 -4 -20 -3 -23 -5 -22 -1 -20 -3 -20 -4 -18 -4 -18 -1 -20 -3 -18 -4 -21 -3 -18 -1 -18 -3 -19 0 -18 -4 -18 -4 -20 -1 -18 1 -2 -2 -16 -2 -15 -1 -19 -2 -15 -2 -18 -6 -15 -3 -18 -3 -17 -2 -15 -7 -15 -3 -18 -6 -16 -6 -14 -6 -15 -5 -16 -7 -16 -8 -17 -5 -14 -6 -14 -7 -16 -6 -15 -9 -17 -7 -13 -8 -15 -5 -16 -8 -16 1 -1 0 0 0 0 0 0 0 0 ]
CSI_DATA,AP,68:FE:71:12:53:8C,-36,11,1,5,1,1,1,0,0,0,0,-95,0,6,1,47222231,0,84,0,0,47.222,384,[84 -64 4 0 0 0 0 0 0 0 0 0 18 -2 20 -2 19 -5 20 0 19 1 17 0 20 1 16 2 20 2 18 3 18 4 22 3 21 3 17 2 18 4 21 1 16 4 19 4 17 3 19 6 18 5 17 4 15 5 15 3 15 6 14 4 2 0 14 0 17 0 15 -1 14 -1 17 0 15 3 17 2 13 -1 17 1 13 0 14 -2 17 -1 15 1 15 0 17 0 14 -3 15 -1 16 -4 14 -1 13 -2 17 -2 17 -1 17 -4 17 -2 18 -3 13 -6 -1 1 0 0 0 0 0 0 0 0 ]
CSI_DATA,AP,68:FE:71:12:53:8C,-37,11,1,5,1,1,1,0,0,0,0,-94,0,6,1,47307261,0,84,0,0,47.307,384,[84 -64 4 0 0 0 0 0 0 0 0 0 20 6 17 9 20 9 17 9 17 9 15 12 18 11 16 10 15 10 15 10 13 15 16 13 16 11 12 13 12 15 12 11 13 12 11 14 13 15 12 14 14 11 12 12 12 11 11 14 12 13 13 11 2 -2 10 14 15 13 14 12 12 8 10 12 15 9 14 9 14 8 15 10 11 8 16 7 13 7 16 9 13 7 15 9 14 6 15 9 13 6 14 7 13 5 13 5 15 8 17 6 14 4 15 4 17 2 -1 -1 0 0 0 0 0 0 0 0 ]
CSI_DATA,AP,68:FE:71:12:53:8C,-33,11,1,7,1,1,1,0,0,0,0,-94,0,6,1,47392112,0,84,0,0,47.392,384,[84 -64 4 0 0 0 0 0 0 0 0 0 19 -10 20 -12 18 -12 21 -11 21 -10 17 -10 19 -10 19 -9 21 -5 20 -6 18 -9 22 -6 19 -5 20 -6 19 -5 22 -5 20 -6 17 -6 17 -5 16 -3 17 -3 16 -7 14 -2 19 -6 16 -3 18 -7 -1 1 17 -4 16 -7 15 -8 18 -9 16 -4 15 -5 15 -5 17 -7 15 -10 14 -7 15 -11 12 -10 15 -10 15 -9 13 -10 14 -8 13 -10 13 -12 14 -12 12 -9 12 -12 14 -10 12 -13 14 -12 14 -9 12 -14 -1 -2 0 0 0 0 0 0 0 0 ]
CSI_DATA,AP,68:FE:71:12:53:8C,-33,11,1,7,1,1,1,0,0,0,0,-95,0,6,1,47483374,0,84,0,0,47.483,384,[84 -64 4 0 0 0 0 0 0 0 0 0 14 -16 12 -15 12 -16 15 -16 13 -17 13 -14 15 -12 16 -12 17 -13 14 -12 14 -15 15 -13 18 -13 16 -14 15 -13 17 -12 16 -10 17 -9 13 -10 14 -9 14 -7 14 -10 14 -8 14 -10 13 -13 13 -9 1 2 14 -8 15 -12 12 -9 13 -10 11 -10 14 -12 15 -10 12 -11 13 -9 11 -12 11 -13 10 -12 12 -10 10 -11 13 -13 12 -14 12 -14 10 -13 8 -13 8 -13 12 -12 11 -12 8 -15 10 -17 10 -16 10 -13 -2 0 0 0 0 0 0 0 0 0 ]
CSI_DATA,AP,68:FE:71:12:53:8C,-30,11,1,7,1,1,1,0,0,0,0,-93,0,6,1,47554492,0,84,0,0,47.554,384,[84 -64 4 0 0 0 0 0 0 0 0 0 -19 7 -20 9 -17 6 -18 9 -21 6 -17 6 -19 3 -21 1 -17 1 -17 3 -19 6 -21 3 -21 1 -20 1 -20 2 -18 3 -18 4 -16 0 -16 3 -19 0 -18 -2 -15 -2 -18 -2 -15 1 -19 3 -15 1 -2 0 -16 1 -17 2 -17 3 -15 4 -14 1 -16 4 -18 2 -15 5 -16 3 -16 4 -14 6 -14 2 -16 4 -15 6 -14 3 -18 8 -15 4 -15 6 -13 7 -13 7 -14 8 -16 5 -15 8 -16 10 -13 5 -13 5 -2 -1 0 0 0 0 0 0 0 0 ]
CSI_DATA,AP,68:FE:71:12:53:8C,-36,11,1,6,1,1,1,0,0,0,0,-94,0,6,1,47638646,0,84,0,0,47.639,384,[84 -64 4 0 0 0 0 0 0 0 0 0 15 10 16 13 17 13 15 15 13 12 11 13 13 12 12 13 11 12 9 12 11 14 11 16 11 15 12 16 11 13 9 13 7 13 11 13 11 11 9 15 11 12 11 11 9 14 9 13 10 12 7 11 -1 -1 11 10 10 10 9 12 11 11 10 12 8 11 9 12 9 10 12 10 11 9 13 12 10 9 13 10 11 10 13 11 14 8 13 9 14 10 14 6 14 7 14 6 13 7 11 6 13 6 13 7 13 8 0 0 0 0 0 0 0 0 0 0 ]
CSI_DATA,AP,68:FE:71:12:53:8C,-36,11,1,5,1,1,1,1,0,0,0,-94,3,6,1,47708513,0,84,0,0,47.709,384,[84 -64 4 0 0 0 0 0 0 0 0 0 14 6 18 8 18 10 19 10 17 8 14 9 16 10 13 9 14 9 16 12 13 10 15 12 15 12 13 13 10 10 11 12 13 11 11 13 10 12 9 11 11 13 10 9 10 10 12 9 11 11 13 11 1 -2 11 8 11 12 13 11 13 11 10 8 10 11 12 9 12 6 13 9 12 5 14 7 13 5 10 6 13 6 14 9 13 5 13 5 15 5 14 5 11 6 11 5 13 5 11 4 13 6 12 7 11 2 -1 2 0 0 0 0 0 0 0 0 ]
CSI_DATA,AP,68:FE:71:12:53:8C,-34,11,1,6,1,1,1,0,0,0,0,-96,0,6,1,47793038,0,84,0,0,47.793,384,[84 -64 4 0 0 0 0 0 0 0 0 0 -2 20 -3 22 -7 22 -7 21 -4 20 -6 18 -9 19 -10 17 -6 18 -7 16 -11 21 -11 20 -8 17 -10 16 -9 16 -8 20 -10 18 -11 14 -8 15 -10 16 -8 13 -11 18 -9 12 -8 17 -7 15 -11 18 -1 2 -8 15 -7 16 -6 16 -6 15 -7 16 -6 17 -5 17 -4 17 -4 15 -7 16 -5 17 -3 16 -6 15 -6 15 -4 16 -2 17 -4 17 -4 14 -2 16 -4 14 -4 18 -3 17 0 15 -3 18 -2 14 0 16 0 0 0 0 0 0 0 0 0 0 ]
CSI_DATA,AP,68:FE:71:12:53:8C,-37,11,1,5,1,1,1,0,0,0,0,-93,0,6,1,47871353,0,84,0,0,47.871,384,[84 -64 4 0 0 0 0 0 0 0 0 0 7 1 9 -1 10 -2 9 -2 8 2 7 1 6 2 8 1 6 2 6 0 10 1 6 2 7 4 7 0 8 3 8 2 8 4 5 4 7 5 4 4 5 5 6 4 5 3 6 1 7 4 5 0 -1 1 4 2 7 2 9 0 6 1 7 -1 8 0 7 1 7 0 4 -1 5 -1 4 0 4 1 5 -2 7 -1 6 -2 9 -1 5 -2 8 1 5 -3 7 -2 8 -1 7 -1 8 -3 9 -2 8 -4 9 -2 -2 -2 0 0 0 0 0 0 0 0 ]
CSI_DATA,AP,68:FE:71:12:53:8C,-31,11,1,6,1,1,1,0,0,0,0,-95,0,6,1,47992320,0,84,0,0,47.992,384,[84 -64 4 0 0 0 0 0 0 0 0 0 5 -9 6 -12 3 -12 6 -10 7 -12 7 -7 6 -10 5 -7 9 -7 6 -10 5 -6 6 -7 5 -10 5 -6 6 -5 6 -10 8 -8 8 -9 6 -7 5 -7 9 -4 6 -9 8 -5 6 -5 5 -5 4 -9 2 -2 4 -7 7 -7 4 -6 5 -5 7 -7 6 -8 6 -5 7 -8 6 -9 3 -8 5 -10 3 -7 2 -9 4 -7 2 -9 6 -10 6 -9 3 -9 4 -10 2 -10 6 -7 5 -7 2 -8 3 -11 2 -7 2 -10 -1 2 0 0 0 0 0 0 0 0 ]
CSI_DATA,AP,68:FE:71:12:53:8C,-37,11,1,6,1,1,1,0,0,0,0,-93,0,6,1,48058297,0,84,0,0,48.058,384,[84 -64 4 0 0 0 0 0 0 0 0 0 -19 -6 -19 -5 -18 -7 -20 -6 -17 -7 -17 -7 -17 -9 -18 -11 -15 -9 -14 -6 -19 -11 -19 -7 -18 -12 -15 -10 -16 -12 -14 -10 -15 -8 -11 -8 -13 -8 -16 -10 -15 -12 -15 -11 -10 -8 -14 -10 -14 -10 -13 -6 2 1 -15 -7 -16 -9 -13 -8 -15 -7 -12 -7 -14 -7 -13 -6 -14 -4 -12 -5 -13 -3 -13 -4 -13 -6 -14 -5 -12 -5 -14 -3 -15 -3 -17 -4 -14 -2 -17 -4 -13 -2 -17 -1 -13 -3 -15 -4 -17 -1 -16 0 -13 -3 2 2 0 0 0 0 0 0 0 0 ]
CSI_DATA,AP,68:FE:71:12:53:8C,-38,11,1,7,1,1,1,0,0,0,0,-93,0,6,1,48155276,0,84,0,0,48.155,384,[84 -64 4 0 0 0 0 0 0 0 0 0 -15 3 -13 1 -15 2 -15 1 -14 1 -12 1 -14 2 -16 0 -14 0 -12 -1 -15 -1 -17 0 -14 -2 -16 0 -12 -4 -14 -2 -15 -4 -13 -2 -11 -4 -11 0 -12 -1 -13 -1 -13 -3 -14 -1 -15 -3 -14 -2 -1 0 -10 -1 -14 -2 -10 -2 -10 0 -12 1 -10 2 -14 0 -10 1 -11 1 -11 1 -14 3 -11 3 -10 0 -12 0 -10 4 -12 4 -11 3 -9 4 -10 5 -13 2 -11 5 -12 2 -9 6 -12 4 -11 3 -9 2 0 1 0 0 0 0 0 0 0 0 ]
CSI_DATA,AP,68:FE:71:12:53:8C,-31,11,1,7,1,1,1,0,0,0,0,-93,0,6,1,48251988,0,84,0,0,48.252,384,[84 -64 4 0 0 0 0 0 0 0 0 0 -9 -15 -8 -15 -12 -13 -7 -12 -8 -12 -9 -14 -9 -16 -7 -15 -6 -12 -6 -17 -6 -17 -8 -17 -4 -16 -3 -17 -3 -16 -5 -15 -4 -12 -4 -12 -4 -14 -5 -15 -4 -15 -3 -14 -3 -14 -6 -12 -4 -16 -6 -14 2 1 -4 -12 -8 -16 -6 -12 -9 -14 -4 -13 -7 -13 -7 -12 -6 -15 -9 -12 -8 -13 -6 -10 -6 -13 -8 -14 -9 -12 -6 -11 -8 -12 -10 -14 -10 -10 -7 -11 -7 -13 -9 -10 -9 -11 -10 -10 -12 -12 -9 -12 -8 -12 1 -2 0 0 0 0 0 0 0 0 ]
CSI_DATA,AP,68:FE:71:12:53:8C,-39,11,1,5,1,1,1,1,0,0,0,-94,4,6,1,48332428,0,84,0,0,48.332,384,[84 -64 4 0 0 0 0 0 0 0 0 0 34 13 32 15 30 17 33 17 27 17 28 22 26 20 28 20 25 23 27 17 29 21 29 20 27 19 27 21 28 25 28 23 23 26 20 20 23 26 23 22 25 24 20 22 21 19 26 21 26 19 24 22 0 -2 25 21 25 21 25 23 26 20 24 19 22 20 26 21 23 16 27 20 21 12 27 16 24 18 26 16 30 18 27 19 29 18 28 15 26 17 30 18 29 14 26 14 26 18 30 14 30 12 29 13 29 13 1 1 0 0 0 0 0 0 0 0 ]
CSI_DATA,AP,68:FE:71:12:53:8C,-39,11,1,5,1,1,1,0,0,0,0,-94,0,6,1,48396821,0,84,0,0,48.397,384,[84 -64 4 0 0 0 0 0 0 0 0 0 -7 -19 -7 -20 -6 -22 -7 -24 -4 -19 -3 -22 -3 -18 -4 -19 -3 -21 -4 -19 -5 -19 -3 -19 -1 -19 0 -20 1 -21 -2 -19 -3 -18 -2 -17 0 -19 -2 -18 -2 -18 1 -18 1 -15 -1 -19 -2 -21 -2 -18 2 0 -1 -19 -1 -16 -3 -18 0 -16 -1 -16 -2 -15 0 -19 -5 -17 -3 -17 -6 -14 -2 -16 -4 -14 -5 -14 -7 -16 -3 -17 -7 -17 -6 -18 -7 -14 -6 -17 -9 -17 -8 -15 -8 -17 -6 -14 -7 -15 -7 -14 -8 -13 2 0 0 0 0 0 0 0 0 0 ]
CSI_DATA,AP,68:FE:71:12:53:8C,-38,11,1,5,1,1,1,0,0,0,0,-93,0,6,1,48504424,0,84,0,0,48.504,384,[84 -64 4 0 0 0 0 0 0 0 0 0 -6 19 -7 17 -9 18 -12 16 -12 14 -9 13 -11 15 -8 15 -8 12 -12 11 -10 11 -7 15 -12 10 -11 13 -7 11 -11 10 -10 11 -8 9 -7 10 -10 9 -9 8 -6 9 -7 8 -7 10 -5 11 -7 8 2 -2 -7 10 -4 12 -5 10 -3 7 -6 9 -2 10 -5 8 -5 11 -2 8 -3 11 -2 11 -3 8 -2 9 -1 10 -1 10 -2 9 0 9 1 12 -1 12 0 9 -1 10 -3 11 -1 11 -2 12 1 12 -1 12 -1 2 0 0 0 0 0 0 0 0 ]
CSI_DATA,AP,68:FE:71:12:53:8C,-34,11,1,6,1,1,1,0,0,0,0,-95,0,6,1,48583052,0,84,0,0,48.583,384,[84 -64 4 0 0 0 0 0 0 0 0 0 -18 5 -19 3 -20 5 -21 4 -19 1 -17 3 -17 -1 -16 1 -19 1 -16 -3 -18 -2 -18 -1 -16 1 -16 -2 -12 -1 -16 1 -13 0 -11 -2 -14 -2 -12 2 -13 1 -11 1 -9 0 -11 1 -11 -1 -11 -1 1 -2 -9 2 -11 2 -10 4 -10 5 -9 5 -10 2 -9 2 -10 3 -9 5 -7 6 -7 6 -7 4 -9 4 -6 8 -8 5 -6 7 -8 7 -6 6 -7 4 -6 9 -8 8 -7 6 -9 6 -6 8 -5 6 -5 6 -1 0 0 0 0 0 0 0 0 0 ]
CSI_DATA,AP,68:FE:71:12:53:8C,-33,11,1,7,1,1,1,0,0,0,0,-96,0,6,1,48656456,0,84,0,0,48.656,384,[84 -64 4 0 0 0 0 0 0 0 0 0 20 17 17 17 15 22 19 23 15 22 15 21 14 18 9 17 11 21 7 17 11 21 8 17 9 18 10 15 9 15 6 16 8 17 5 12 8 14 6 13 5 15 9 14 8 11 7 8 8 12 11 10 -2 1 7 7 8 7 10 9 12 6 8 10 12 6 12 6 11 6 12 7 12 2 10 4 9 5 10 1 10 5 14 1 12 3 10 2 14 3 13 0 10 -1 13 1 14 2 11 2 13 0 13 -2 12 1 2 -2 0 0 0 0 0 0 0 0 ]
CSI_DATA,AP,68:FE:71:12:53:8C,-37,11,1,7,1,1,1,0,0,0,0,-94,0,6,1,48731010,0,84,0,0,48.731,384,[84 -64 4 0 0 0 0 0 0 0 0 0 29 -14 29 -9 31 -11 31 -12 32 -9 26 -7 28 -4 26 -3 25 -4 28 -3 28 -2 27 -2 24 -1 22 -2 20 -3 22 -4 20 -4 20 0 21 -4 19 -1 18 -3 17 -6 17 -3 16 -2 15 -2 14 -4 2 2 12 -5 16 -7 12 -9 13 -7 13 -6 11 -9 10 -6 9 -8 9 -7 9 -11 10 -9 7 -11 9 -9 9 -11 5 -13 4 -11 7 -13 5 -12 4 -12 5 -13 4 -14 5 -13 1 -10 1 -11 4 -12 1 -12 -2 0 0 0 0 0 0 0 0 0 ]
CSI_DATA,AP,68:FE:71:12:53:8C,-36,11,1,7,1,1,1,0,0,0,1,-94,0,6,1,48816250,0,84,0,0,48.816,384,[84 -64 4 0 0 0 0 0 0 0 0 0 14 19 15 18 14 17 12 17 13 19 12 16 9 20 7 18 8 20 7 16 8 20 9 19 8 20 8 16 9 17 8 20 8 18 7 17 5 14 8 17 4 14 8 15 7 16 8 13 6 14 8 13 -2 -1 7 13 6 14 7 12 10 13 9 12 8 12 10 13 10 12 11 10 9 10 10 10 7 13 7 14 10 9 11 10 8 9 8 12 8 12 10 12 8 10 9 9 9 9 10 11 11 8 9 8 12 10 0 -2 0 0 0 0 0 0 0 0 ]
CSI_DATA,AP,68:FE:71:12:53:8C,-38,11,1,7,1,1,1,0,0,0,0,-94,0,6,1,48924413,0,84,0,0,48.924,384,[84 -64 4 0 0 0 0 0 0 0 0 0 20 0 18 2 20 0 19 2 22 4 18 5 17 3 19 4 21 4 20 7 20 9 21 8 19 8 18 8 19 9 21 9 17 6 17 4 19 5 17 8 16 5 18 5 17 9 18 10 20 10 17 8 -1 1 19 7 22 5 21 6 20 6 20 5 19 4 17 6 18 5 17 3 21 4 19 6 19 4 21 3 20 6 21 4 20 4 24 5 23 0 20 3 22 2 21 1 20 2 23 5 20 2 19 4 18 4 0 2 0 0 0 0 0 0 0 0 ]
CSI_DATA,AP,68:FE:71:12:53:8C,-37,11,1,5,1,1,1,0,0,0,0,-94,0,6,1,49020464,0,84,0,0,49.02,384,[84 -64 4 0 0 0 0 0 0 0 0 0 -18 -11 -21 -12 -18 -15 -21 -15 -17 -17 -17 -15 -15 -17 -17 -19 -16 -17 -17 -17 -18 -17 -17 -20 -15 -19 -18 -20 -17 -21 -17 -19 -14 -19 -13 -19 -15 -20 -13 -22 -13 -21 -13 -17 -12 -16 -13 -18 -17 -20 -15 -16 2 0 -14 -16 -16 -18 -19 -19 -19 -15 -18 -15 -18 -17 -16 -17 -18 -15 -18 -16 -18 -15 -19 -17 -19 -16 -20 -13 -21 -16 -17 -16 -22 -18 -21 -15 -20 -15 -18 -16 -20 -14 -20 -15 -19 -14 -21 -13 -22 -14 -21 -13 -19 -14 0 -1 0 0 0 0 0 0 0 0 ]
CSI_DATA,AP,68:FE:71:12:53:8C,-37,11,1,7,1,1,1,1,0,0,0,-94,5,6,1,49105292,0,84,0,0,49.105,384,[84 -64 4 0 0 0 0 0 0 0 0 0 -14 -8 -12 -4 -17 -5 -17 -8 -16 -9 -16 -9 -13 -10 -15 -10 -15 -9 -16 -12 -15 -10 -12 -11 -16 -12 -12 -11 -11 -12 -15 -9 -13 -9 -11 -8 -11 -10 -12 -11 -12 -9 -10 -12 -12 -9 -11 -10 -13 -11 -13 -8 2 2 -11 -12 -11 -9 -15 -11 -14 -7 -11 -9 -12 -11 -12 -7 -15 -6 -11 -7 -14 -8 -15 -6 -14 -6 -12 -6 -11 -7 -13 -8 -14 -6 -17 -6 -13 -4 -14 -8 -16 -5 -15 -5 -17 -6 -18 -9 -16 -8 -14 -8 -18 -8 -1 2 0 0 0 0 0 0 0 0 ]
CSI_DATA,AP,68:FE:71:12:53:8C,-33,11,1,7,1,1,1,0,0,0,0,-95,0,6,1,49176135,0,84,0,0,49.176,384,[84 -64 4 0 0 0 0 0 0 0 0 0 15 -6 17 -10 18 -10 16 -9 19 -8 20 -5 20 -7 19 -4 20 -7 21 -3 23 -7 22 -5 21 -3 23 -1 19 -3 23 -1 23 -4 20 0 21 -1 19 -2 22 1 20 -1 17 -1 20 -3 20 -1 18 -4 0 2 20 0 19 0 17 -3 20 -6 21 -2 21 -6 17 -3 16 -5 17 -4 16 -6 19 -6 18 -7 16 -7 20 -5 20 -6 21 -8 21 -6 17 -6 20 -9 19 -10 18 -8 17 -10 16 -7 18 -9 21 -6 17 -8 -1 1 0 0 0 0 0 0 0 0 ]
CSI_DATA,AP,68:FE:71:12:53:8C,-39,11,1,6,1,1,1,0,0,0,0,-93,0,6,1,49258089,0,84,0,0,49.258,384,[84 -64 4 0 0 0 0 0 0 0 0 0 -9 -16 -11 -16 -13 -17 -12 -17 -10 -19 -9 -14 -8 -19 -10 -17 -7 -22 -8 -18 -7 -21 -9 -23 -7 -21 -8 -23 -8 -21 -6 -24 -5 -24 -6 -18 -3 -23 -6 -21 -3 -21 -5 -24 -1 -20 -4 -21 -2 -21 -4 -19 0 -1 -3 -21 -5 -24 -7 -20 -9 -18 -8 -22 -7 -21 -8 -23 -4 -22 -5 -18 -9 -19 -7 -22 -7 -20 -8 -17 -8 -17 -10 -17 -10 -21 -12 -20 -12 -17 -8 -17 -9 -17 -10 -17 -8 -20 -10 -19 -10 -17 -9 -16 -8 -18 2 2 0 0 0 0 0 0 0 0 ]
CSI_DATA,AP,68:FE:71:12:53:8C,-34,11,1,6,1,1,1,0,0,0,0,-94,0,6,1,49337958,0,84,0,0,49.338,384,[84 -64 4 0 0 0 0 0 0 0 0 0 1 14 0 14 2 12 2 15 2 15 -3 14 -2 13 -2 14 -3 15 1 11 -2 14 -2 11 -3 14 -1 11 -3 11 -5 14 -4 13 -5 9 -1 13 -3 12 -4 11 -1 12 0 11 -5 12 -1 12 -2 11 -1 -2 -1 12 -2 9 -3 9 -2 10 -1 10 -2 13 0 11 -1 10 -2 9 -2 8 2 10 1 9 3 10 0 10 -2 12 1 12 0 11 4 11 -1 8 4 11 0 10 0 10 1 11 5 9 4 8 2 9 -2 1 0 0 0 0 0 0 0 0 ]
CSI_DATA,AP,68:FE:71:12:53:8C,-37,11,1,6,1,1,1,0,0,0,0,-94,0,6,1,49453592,0,84,0,0,49.454,384,[84 -64 4 0 0 0 0 0 0 0 0 0 5 -23 7 -22 4 -22 7 -23 9 -20 8 -17 7 -22 8 -18 9 -17 10 -21 10 -21 11 -21 10 -18 12 -18 8 -15 10 -20 9 -14 8 -16 6 -14 6 -14 8 -18 8 -16 10 -17 7 -17 8 -15 9 -13 2 2 6 -17 5 -19 7 -17 5 -16 6 -16 7 -18 5 -15 4 -16 3 -16 2 -16 4 -17 2 -14 4 -17 1 -14 2 -18 2 -15 2 -19 0 -17 3 -16 1 -14 1 -18 -1 -14 -1 -15 1 -15 2 -18 -1 -14 2 -1 0 0 0 0 0 0 0 0 ]
CSI_DATA,AP,68:FE:71:12:53:8C,-37,11,1,6,1,1,1,0,0,0,0,-93,0,6,1,49557535,0,84,0,0,49.558,384,[37 80 2 0 0 0 0 0 0 0 0 0 -30 -11 -28 -12 -28 -13 -28 -15 -27 -18 -27 -15 -28 -17 -24 -17 -26 -21 -26 -15 -26 -16 -26 -19 -24 -19 -24 -19 -23 -21 -24 -20 -22 -20 -20 -19 -20 -16 -20 -16 -18 -17 -22 -20 -17 -18 -20 -15 -24 -16 -20 -14 2 -1 -23 -15 -24 -14 -22 -15 -24 -11 -21 -13 -20 -16 -24 -14 -21 -11 -21 -12 -21 -10 -26 -12 -25 -11 -27 -8 -25 -11 -24 -10 -27 -9 -26 -7 -25 -7 -26 -9 -24 -10 -24 -10 -27 -10 -25 -7 -26 -4 -26 -7 -28 -8 -1 1 0 0 0 0 0 0 0 0 ]
CSI_DATA,AP,68:FE:71:12:53:8C,-31,11,1,7,1,1,1,1,0,0,0,-96,5,6,1,49609482,0,84,0,0,49.609,384,[84 -64 4 0 0 0 0 0 0 0 0 0 20 3 18 2 18 3 20 4 18 4 21 3 16 7 16 6 17 6 20 6 19 8 18 8 17 5 15 9 18 8 16 7 18 7 16 7 16 10 16 6 17 7 13 9 15 6 16 9 17 5 16 4 -2 2 12 6 13 6 17 6 13 4 15 4 14 3 12 7 16 2 14 4 12 5 14 1 14 3 16 4 15 5 15 4 17 3 13 2 17 3 15 2 17 2 17 3 13 -1 13 2 14 -1 16 0 13 -2 -2 -1 0 0 0 0 0 0 0 0 ]
CSI_DATA,AP,68:FE:71:12:53:8C,-33,11,1,6,1,1,1,0,0,0,0,-94,0,6,1,49695759,0,84,0,0,49.696,384,[84 -64 4 0 0 0 0 0 0 0 0 0 -18 -8 -18 -9 -16 -11 -16 -11 -17 -11 -15 -12 -13 -10 -13 -13 -16 -10 -15 -13 -15 -12 -16 -12 -15 -10 -14 -12 -15 -13 -15 -11 -13 -12 -10 -13 -12 -10 -11 -9 -10 -13 -14 -12 -13 -9 -14 -11 -12 -12 -10 -10 2 2 -10 -7 -14 -9 -14 -10 -12 -8 -13 -10 -11 -11 -10 -8 -12 -8 -11 -6 -10 -7 -12 -7 -13 -9 -11 -7 -15 -8 -13 -5 -13 -5 -13 -5 -16 -5 -13 -8 -16 -4 -14 -5 -15 -4 -12 -5 -17 -7 -16 -4 -16 -7 2 0 0 0 0 0 0 0 0 0 ]
CSI_DATA,AP,68:FE:71:12:53:8C,-33,11,1,7,1,1,1,0,0,0,0,-95,0,6,1,49785943,0,84,0,0,49.786,384,[84 -64 4 0 0 0 0 0 0 0 0 0 1 -22 3 -18 0 -20 4 -18 1 -21 5 -20 4 -20 5 -18 4 -18 2 -16 4 -17 6 -18 3 -18 4 -17 4 -16 7 -18 3 -18 3 -14 6 -17 6 -14 5 -18 3 -14 6 -15 4 -16 4 -18 3 -18 -1 -2 2 -17 2 -13 1 -18 4 -16 3 -14 3 -16 4 -15 3 -13 3 -16 -1 -16 0 -14 0 -14 2 -15 -1 -14 -1 -15 -3 -17 1 -15 -1 -15 -4 -16 -3 -14 0 -13 -2 -13 -4 -15 -1 -15 -3 -17 -4 -15 2 1 0 0 0 0 0 0 0 0 ]
CSI_DATA,AP,68:FE:71:12:53:8C,-37,11,1,7,1,1,1,0,0,0,0,-94,0,6,1,49881341,0,84,0,0,49.881,384,[84 -64 4 0 0 0 0 0 0 0 0 0 3 17 6 18 1 19 5 19 2 20 3 20 1 19 1 19 -2 18 2 20 -1 18 0 16 -2 20 1 19 -1 16 1 17 0 19 -1 15 -2 16 -3 15 -2 14 -1 17 -2 16 0 14 -3 14 1 14 1 0 0 17 -1 15 2 16 -1 15 0 16 1 14 2 13 4 13 -1 12 1 12 2 13 4 13 1 12 5 13 6 12 4 15 7 12 3 14 4 12 7 13 8 14 5 11 6 11 6 13 5 11 8 14 -1 1 0 0 0 0 0 0 0 0 ]
CSI_DATA,AP,68:FE:71:12:53:8C,-34,11,1,7,1,1,1,0,0,0,0,-93,0,6,1,49974422,0,84,0,0,49.974,384,[84 -64 4 0 0 0 0 0 0 0 0 0 35 -3 39 -3 39 -1 39 5 37 3 40 4 38 3 35 4 37 8 35 9 37 10 38 10 38 8 34 11 35 11 36 11 32 8 34 10 32 11 35 8 31 11 30 12 29 8 33 12 34 10 30 8 2 -2 30 8 33 7 32 6 29 5 30 5 29 7 32 6 29 4 29 1 31 2 33 3 31 3 32 0 31 3 30 3 33 -2 31 -1 33 -3 29 -4 30 -5 31 -3 29 -5 32 -2 31 -4 32 -3 31 -6 2 -1 0 0 0 0 0 0 0 0 ]
CSI_DATA,AP,68:FE:71:12:53:8C,-36,11,1,7,1,1,1,0,0,0,0,-95,0,6,1,50061070,0,84,0,0,50.061,384,[37 80 2 0 0 0 0 0 0 0 0 0 3 -30 5 -32 8 -30 5 -31 9 -31 11 -27 10 -29 10 -26 11 -30 11 -28 13 -30 11 -30 11 -26 12 -25 12 -27 10 -26 12 -27 11 -24 13 -24 10 -23 12 -23 9 -25 10 -22 13 -26 12 -26 11 -22 -1 1 10 -24 7 -26 10 -26 8 -24 9 -22 6 -25 5 -24 5 -24 6 -25 6 -22 6 -24 5 -22 5 -25 5 -23 5 -25 6 -23 3 -25 1 -27 4 -25 1 -24 2 -26 0 -24 2 -23 0 -24 -2 -26 1 -25 0 -1 0 0 0 0 0 0 0 0 ]
CSI_DATA,AP,68:FE:71:12:53:8C,-36,11,1,6,1,1,1,0,0,0,0,-95,0,6,1,50143694,0,84,0,0,50.144,384,[84 -64 4 0 0 0 0 0 0 0 0 0 -11 -18 -10 -17 -10 -21 -6 -22 -5 -20 -4 -20 -3 -21 -6 -19 -4 -22 -5 -21 -6 -19 -6 -21 -2 -22 -3 -20 -4 -19 -1 -18 -1 -17 -4 -17 -3 -18 -1 -18 -2 -18 -4 -17 -1 -17 -2 -19 -3 -18 -3 -15 0 0 -2 -17 -3 -15 -3 -15 -4 -17 -5 -16 -6 -16 -4 -14 -5 -18 -7 -18 -6 -14 -7 -13 -8 -17 -6 -16 -8 -14 -6 -16 -8 -14 -6 -17 -7 -14 -8 -14 -10 -13 -6 -13 -7 -14 -11 -14 -8 -13 -11 -13 -8 -14 1 -2 0 0 0 0 0 0 0 0 ]
CSI_DATA,AP,68:FE:71:12:53:8C,-32,11,1,6,1,1,1,0,0,0,0,-94,0,6,1,50220172,0,84,0,0,50.22,384,[84 -64 4 0 0 0 0 0 0 0 0 0 -3 18 -4 21 -1 17 -2 19 -4 20 -7 17 -5 20 -3 20 -3 18 -4 16 -7 17 -6 16 -8 17 -6 15 -9 18 -8 16 -7 14 -8 17 -7 15 -8 16 -8 14 -8 16 -5 14 -8 16 -8 17 -9 17 -2 0 -6 16 -5 14 -6 15 -4 13 -3 16 -6 15 -6 15 -6 13 -4 14 -5 15 -5 15 -3 16 -1 17 -2 17 -2 16 -3 15 0 14 -1 13 1 13 -1 16 2 17 2 13 -1 15 -2 16 -1 17 -1 13 -1 1 0 0 0 0 0 0 0 0 ]
CSI_DATA,AP,68:FE:71:12:53:8C,-37,11,1,6,1,1,1,0,0,0,0,-96,0,6,1,50325827,0,84,0,0,50.326,384,[84 -64 4 0 0 0 0 0 0 0 0 0 -9 -21 -9 -20 -6 -22 -5 -23 -7 -19 -5 -20 -2 -22 -4 -22 -4 -23 -3 -20 -1 -21 -2 -19 -1 -20 1 -22 -3 -19 -3 -18 -3 -21 -1 -18 0 -17 -1 -17 -2 -18 -3 -20 0 -16 1 -19 -1 -20 1 -16 -2 -1 -4 -17 0 -16 -1 -17 -2 -17 -3 -19 -2 -19 -2 -16 -4 -19 -4 -18 -4 -16 -7 -17 -6 -14 -4 -14 -6 -17 -5 -18 -7 -14 -8 -18 -6 -16 -6 -18 -9 -13 -7 -16 -7 -17 -9 -16 -6 -17 -5 -17 -6 -16 -1 0 0 0 0 0 0 0 0 0 ]
CSI_DATA,AP,68:FE:71:12:53:8C,-36,11,1,6,1,1,1,0,0,0,0,-94,0,6,1,50429292,0,84,0,0,50.429,384,[84 -64 4 0 0 0 0 0 0 0 0 0 -18 -2 -15 -3 -18 -4 -16 -4 -16 -4 -16 -4 -16 -7 -13 -7 -17 -9 -16 -7 -13 -7 -14 -6 -15 -9 -14 -9 -13 -8 -12 -10 -15 -8 -11 -8 -14 -7 -13 -10 -13 -8 -14 -10 -12 -9 -15 -9 -14 -10 -14 -5 -2 1 -11 -7 -13 -6 -12 -8 -15 -8 -14 -8 -11 -5 -11 -6 -14 -7 -12 -7 -15 -4 -12 -4 -15 -5 -12 -4 -13 -3 -12 -3 -13 -2 -11 -3 -14 -1 -14 -5 -12 -2 -16 0 -16 -2 -14 -1 -13 0 -14 -4 -14 -2 2 1 0 0 0 0 0 0 0 0 ]
CSI_DATA,AP,68:FE:71:12:53:8C,-38,11,1,6,1,1,1,0,0,0,0,-94,0,6,1,50515924,0,84,0,0,50.516,384,[84 -64 4 0 0 0 0 0 0 0 0 0 -16 -11 -18 -8 -18 -12 -16 -9 -17 -13 -19 -13 -15 -14 -15 -12 -15 -11 -18 -12 -16 -12 -13 -12 -13 -14 -14 -15 -16 -16 -13 -12 -13 -15 -13 -14 -15 -13 -15 -13 -15 -14 -12 -14 -10 -11 -15 -13 -13 -10 -14 -14 -2 2 -13 -10 -14 -10 -12 -13 -15 -10 -11 -10 -13 -9 -12 -11 -11 -8 -12 -9 -13 -10 -12 -8 -16 -8 -13 -7 -16 -8 -15 -8 -16 -9 -14 -9 -13 -6 -14 -9 -13 -8 -17 -4 -15 -5 -15 -6 -18 -3 -14 -3 -18 -6 0 0 0 0 0 0 0 0 0 0 ]
CSI_DATA,AP,68:FE:71:12:53:8C,-34,11,1,7,1,1,1,0,0,0,0,-94,0,6,1,50615887,0,84,0,0,50.616,384,[84 -64 4 0 0 0 0 0 0 0 0 0 9 -14 11 -17 8 -14 10 -17 14 -17 13 -15 14 -11 10 -12 10 -14 14 -14 11 -10 14 -10 14 -10 13 -12 13 -10 14 -13 12 -13 12 -8 12 -9 11 -12 11 -9 12 -11 13 -11 13 -9 12 -8 11 -12 -1 2 9 -12 9 -9 13 -10 12 -12 12 -8 10 -9 10 -10 11 -9 7 -10 8 -13 11 -11 8 -11 7 -13 6 -12 9 -12 6 -11 9 -13 9 -13 9 -10 5 -15 7 -14 6 -12 5 -11 8 -14 9 -11 6 -12 -2 -1 0 0 0 0 0 0 0 0 ]
CSI_DATA,AP,68:FE:71:12:53:8C,-34,11,1,5,1,1,1,0,0,0,1,-94,0,6,1,50703116,0,84,0,0,50.703,384,[84 -64 4 0 0 0 0 0 0 0 0 0 10 4 6 6 8 5 7 4 7 7 8 8 7 6 5 4 4 9 4 8 6 8 4 8 7 6 4 7 5 8 7 9 5 8 4 4 5 5 3 7 5 5 3 8 6 5 4 4 3 5 6 8 1 2 2 6 4 5 5 4 3 7 3 6 6 4 3 7 6 7 6 4 3 2 7 4 3 3 3 5 6 4 5 4 7 4 3 6 8 3 7 3 6 4 7 3 5 2 8 6 7 5 7 5 5 5 2 1 0 0 0 0 0 0 0 0 ]
CSI_DATA,AP,68:FE:71:12:53:8C,-37,11,0,0,0,0,0,0,0,0,0,-96,0,6,1,50789838,0,37,0,0,50.79,128,[84 -64 4 0 0 0 0 0 0 0 0 0 4 -16 8 -18 8 -17 6 -18 9 -19 8 -18 7 -14 11 -16 7 -14 10 -17 11 -14 10 -14 10 -16 10 -16 11 -14 12 -13 10 -12 9 -13 11 -15 10 -12 9 -12 12 -11 8 -15 11 -12 9 -14 6 -15 0 -2 9 -15 6 -13 7 -11 9 -11 9 -11 7 -11 6 -13 6 -12 8 -11 8 -11 3 -14 6 -11 4 -16 6 -15 4 -14 6 -14 5 -12 6 -12 4 -15 3 -13 5 -14 3 -16 4 -13 2 -17 1 -14 3 -12 1 0 0 0 0 0 0 0 0 0 ]
CSI_DATA,AP,68:FE:71:12:53:8C,-35,11,1,6,1,1,1,0,0,0,0,-95,0,6,1,50877854,0,84,0,0,50.878,384,[84 -64 4 0 0 0 0 0 0 0 0 0 7 17 6 18 7 21 2 18 4 21 1 19 1 18 1 17 4 18 3 21 0 18 0 17 -2 20 0 20 -2 18 -1 19 1 19 -2 16 -3 18 2 16 1 18 -1 18 2 15 1 18 -1 16 -2 17 1 2 3 13 3 18 3 16 0 17 0 17 2 14 2 17 4 16 5 15 3 13 3 13 3 14 1 17 5 12 3 15 6 12 3 13 7 13 3 14 8 13 5 15 5 14 6 13 9 14 7 15 5 14 2 -1 0 0 0 0 0 0 0 0 ]
CSI_DATA,AP,68:FE:71:12:53:8C,-34,11,1,5,1,1,1,1,0,0,0,-95,6,6,1,50969765,0,84,0,0,50.97,384,[84 -64 4 0 0 0 0 0 0 0 0 0 -7 18 -9 16 -9 18 -13 19 -8 19 -11 16 -13 14 -11 13 -10 15 -14 14 -13 14 -12 16 -12 15 -14 17 -10 13 -12 14 -10 15 -12 15 -11 14 -14 15 -11 13 -13 14 -10 13 -8 14 -10 15 -8 13 -1 0 -11 11 -9 12 -7 15 -8 15 -10 12 -10 14 -8 12 -6 13 -8 14 -5 13 -9 13 -8 13 -7 15 -8 14 -4 14 -4 13 -3 17 -6 12 -3 17 -4 14 -5 14 -7 13 -3 14 -5 18 -3 15 -5 17 -2 2 0 0 0 0 0 0 0 0 ]
CSI_DATA,AP,68:FE:71:12:53:8C,-33,11,1,7,1,1,1,0,0,0,0,-93,0,6,1,51053491,0,84,0,0,51.053,384,[84 -64 4 0 0 0 0 0 0 0 0 0 8 15 8 12 10 18 8 15 11 18 8 16 8 15 5 18 7 17 6 16 4 16 5 16 5 17 4 16 4 15 5 16 2 16 5 16 4 15 6 13 3 14 3 14 6 14 2 12 3 16 4 12 -2 0 6 12 5 14 7 13 7 12 5 13 5 11 7 11 5 11 8 12 6 12 6 11 8 10 5 11 8 9 5 9 8 11 6 9 9 9 10 9 9 11 8 11 7 9 8 11 9 9 8 10 9 10 -2 0 0 0 0 0 0 0 0 0 ]
CSI_DATA,AP,68:FE:71:12:53:8C,-39,11,1,4,1,1,1,0,0,0,0,-93,0,6,1,51145790,0,84,0,0,51.146,384,[84 -64 4 0 0 0 0 0 0 0 0 0 3 19 5 16 3 17 3 17 1 19 -1 17 0 15 2 16 2 15 -1 17 1 19 1 17 2 17 0 18 -2 15 0 18 -2 14 -1 15 -3 17 2 14 2 17 -2 14 -2 14 -3 15 -1 16 -3 14 -2 1 2 13 0 16 0 17 1 16 0 14 1 13 0 15 2 15 0 12 3 13 3 13 2 13 2 14 2 15 2 13 3 15 4 14 3 15 2 11 6 13 6 12 6 14 4 13 5 14 4 15 4 11 -1 2 0 0 0 0 0 0 0 0 ]
CSI_DATA,AP,68:FE:71:12:53:8C,-34,11,1,5,1,1,1,0,0,0,0,-95,0,6,1,51244065,0,84,0,0,51.244,384,[84 -64 4 0 0 0 0 0 0 0 0 0 18 -2 15 0 20 2 18 0 19 2 18 1 19 1 14 3 16 2 16 3 18 5 17 6 19 6 18 6 18 6 17 5 17 2 17 3 14 3 15 2 13 5 13 5 16 6 15 5 16 6 13 1 -2 1 14 5 13 2 12 4 15 3 14 1 13 1 15 2 12 3 11 -1 16 1 15 1 11 2 15 -3 11 1 15 -2 16 -4 13 -3 15 -3 15 -1 13 -1 15 -2 14 -5 16 -3 14 -2 14 -5 13 -4 1 2 0 0 0 0 0 0 0 0 ]
CSI_DATA,AP,68:FE:71:12:53:8C,-38,11,1,7,1,1,1,0,0,0,0,-95,0,6,1,51321903,0,84,0,0,51.322,384,[84 -64 4 0 0 0 0 0 0 0 0 0 -9 -17 -6 -19 -7 -22 -9 -18 -5 -22 -5 -22 -6 -22 -5 -19 -1 -20 -1 -20 -3 -22 -2 -20 0 -21 -4 -18 0 -20 -3 -17 -3 -20 -4 -19 -1 -20 0 -16 0 -19 -1 -17 -2 -17 -1 -15 1 -15 -4 -15 0 2 -4 -15 0 -18 -1 -18 -5 -17 -1 -16 -3 -17 -1 -17 -2 -15 -2 -17 -2 -16 -7 -16 -3 -16 -4 -15 -5 -15 -3 -14 -5 -14 -6 -13 -4 -13 -6 -15 -9 -13 -4 -15 -8 -15 -6 -14 -7 -17 -7 -12 -7 -15 -2 -1 0 0 0 0 0 0 0 0 ]
CSI_DATA,AP,68:FE:71:12:53:8C,-38,11,1,7,1,1,1,0,0,0,0,-94,0,6,1,51442839,0,84,0,0,51.443,384,[84 -64 4 0 0 0 0 0 0 0 0 0 -11 18 -9 21 -11 20 -11 20 -14 18 -12 17 -14 20 -15 17 -12 17 -14 19 -14 14 -16 17 -13 17 -17 13 -17 13 -16 16 -13 16 -15 14 -14 15 -15 13 -16 15 -15 12 -12 12 -15 14 -16 12 -15 14 -1 -1 -13 14 -13 15 -14 16 -13 12 -10 12 -9 13 -11 17 -9 15 -10 14 -12 15 -8 13 -7 15 -8 18 -8 16 -11 14 -10 18 -6 16 -6 14 -9 14 -9 17 -7 17 -7 17 -7 15 -5 15 -7 16 -8 17 0 -1 0 0 0 0 0 0 0 0 ]
CSI_DATA,AP,68:FE:71:12:53:8C,-33,11,1,7,1,1,1,0,0,0,1,-93,0,6,1,51524542,0,84,0,0,51.525,384,[84 -64 4 0 0 0 0 0 0 0 0 0 18 5 17 4 20 5 16 6 18 7 15 10 17 8 14 9 15 12 17 12 16 8 18 12 16 8 15 13 13 13 16 13 16 9 15 10 13 11 15 12 15 10 14 9 14 10 15 11 15 11 11 10 2 -1 15 8 11 7 14 10 14 6 14 8 14 9 12 7 11 7 14 9 13 4 13 7 11 7 13 8 16 8 13 4 16 7 15 6 12 3 16 4 15 6 13 6 15 7 13 4 14 1 13 1 16 4 2 -2 0 0 0 0 0 0 0 0 ]
CSI_DATA,AP,68:FE:71:12:53:8C,-36,11,1,6,1,1,1,0,0,0,0,-94,0,6,1,51601709,0,84,0,0,51.602,384,[84 -64 4 0 0 0 0 0 0 0 0 0 9 -21 11 -20 10 -19 11 -19 13 -20 11 -17 10 -19 15 -16 14 -18 13 -17 16 -14 15 -16 13 -17 12 -14 14 -15 12 -17 11 -15 12 -16 11 -12 10 -12 12 -13 10 -12 13 -13 11 -14 10 -12 11 -15 2 0 12 -13 12 -14 10 -14 7 -14 9 -12 11 -13 11 -15 9 -13 10 -12 5 -15 9 -15 7 -13 7 -17 7 -14 9 -17 7 -17 7 -17 5 -17 7 -14 6 -14 6 -18 5 -15 3 -18 6 -15 4 -15 4 -14 0 -2 0 0 0 0 0 0 0 0 ]
CSI_DATA,AP,68:FE:71:12:53:8C,-31,11,1,7,1,1,1,0,0,0,0,-94,0,6,1,51706854,0,84,0,0,51.707,384,[84 -64 4 0 0 0 0 0 0 0 0 0 -21 -3 -19 -2 -19 -1 -24 -2 -22 -6 -22 -4 -22 -6 -20 -7 -17 -7 -17 -5 -22 -7 -22 -9 -18 -9 -18 -5 -16 -9 -20 -8 -19 -7 -14 -8 -18 -10 -17 -10 -18 -8 -14 -6 -16 -7 -18 -7 -16 -7 -16 -8 -1 -2 -14 -5 -14 -4 -16 -6 -17 -4 -17 -7 -17 -8 -17 -6 -16 -7 -18 -6 -18 -2 -15 -4 -15 -2 -17 -5 -18 -1 -15 -2 -17 -2 -19 -3 -16 0 -19 -4 -18 -1 -18 -2 -18 -4 -17 -1 -20 -1 -18 -3 -15 -1 0 2 0 0 0 0 0 0 0 0 ]
CSI_DATA,AP,68:FE:71:12:53:8C,-34,11,1,7,1,1,1,0,0,0,0,-94,0,6,1,51778532,0,84,0,0,51.779,384,[84 -64 4 0 0 0 0 0 0 0 0 0 -17 -11 -19 -10 -19 -13 -21 -11 -19 -11 -19 -15 -17 -13 -13 -12 -16 -16 -13 -13 -16 -14 -16 -18 -13 -15 -16 -16 -15 -15 -16 -18 -10 -13 -11 -13 -12 -13 -11 -13 -11 -13 -10 -13 -13 -15 -12 -15 -14 -12 -10 -11 0 0 -13 -10 -16 -14 -11 -11 -16 -12 -15 -10 -15 -13 -16 -13 -14 -10 -12 -10 -15 -9 -14 -12 -15 -12 -12 -10 -16 -11 -17 -9 -13 -8 -14 -9 -15 -9 -16 -7 -16 -6 -14 -9 -15 -8 -15 -10 -15 -6 -16 -10 -15 -7 2 0 0 0 0 0 0 0 0 0 ]
CSI_DATA,AP,68:FE:71:12:53:8C,-34,11,1,5,1,1,1,0,0,0,0,-95,0,6,1,51845204,0,84,0,0,51.845,384,[84 -64 4 0 0 0 0 0 0 0 0 0 -25 -3 -24 -5 -24 -4 -24 -8 -21 -5 -22 -6 -23 -7 -18 -7 -21 -7 -21 -10 -22 -12 -22 -11 -23 -11 -19 -9 -17 -8 -19 -10 -18 -10 -16 -12 -16 -8 -16 -11 -15 -10 -18 -10 -15 -10 -20 -12 -19 -8 -19 -7 -1 2 -19 -9 -16 -9 -15 -5 -17 -5 -17 -8 -20 -8 -15 -6 -19 -5 -15 -3 -16 -6 -16 -5 -15 -3 -19 -3 -16 -3 -17 -4 -17 -5 -21 -5 -17 -1 -16 -1 -16 1 -16 -4 -20 -1 -18 -1 -19 0 -16 1 -18 0 2 -1 0 0 0 0 0 0 0 0 ]
CSI_DATA,AP,68:FE:71:12:53:8C,-34,11,1,7,1,1,1,0,0,0,0,-95,0,6,1,51906557,0,84,0,0,51.907,384,[-117 -80 8 0 0 0 0 0 0 0 0 0 3 18 1 12 -1 11 -6 8 -3 5 -6 13 -4 12 0 6 -1 8 5 10 -2 14 6 13 6 15 5 10 11 11 10 14 6 10 8 11 -5 14 2 15 10 7 7 9 10 11 1 12 5 3 6 13 -1 1 1 11 3 9 6 8 5 8 9 11 10 11 7 11 13 6 11 9 4 10 7 9 7 9 12 11 6 5 6 3 9 6 10 4 12 7 4 4 8 -3 9 0 13 1 6 5 9 0 6 2 7 3 -1 -2 0 0 0 0 0 0 0 0 ]
CSI_DATA,AP,68:FE:71:12:53:8C,-36,11,1,5,1,1,1,0,0,0,0,-93,0,6,1,52011035,0,84,0,0,52.011,384,[84 -64 4 0 0 0 0 0 0 0 0 0 3 21 2 20 3 20 3 23 4 23 2 23 -1 20 0 20 0 20 0 21 0 24 -2 24 -3 23 -2 19 0 19 0 19 0 18 -4 20 -1 17 -3 18 0 19 -3 18 -3 18 -4 20 -2 20 1 16 1 -2 0 19 1 20 -1 21 3 15 2 19 1 20 -1 19 2 14 4 16 0 15 2 16 2 16 3 17 4 18 3 14 2 15 4 15 6 16 3 17 6 16 7 17 4 16 6 18 7 18 4 16 7 17 1 1 0 0 0 0 0 0 0 0 ]
CSI_DATA,AP,68:FE:71:12:53:8C,-35,11,1,5,1,1,1,1,0,0,0,-94,3,6,1,52116191,0,84,0,0,52.116,384,[84 -64 4 0 0 0 0 0 0 0 0 0 7 -20 9 -18 7 -22 9 -22 12 -20 13 -17 12 -20 13 -17 13 -20 13 -18 15 -21 11 -17 12 -16 15 -18 11 -14 13 -19 14 -15 12 -15 10 -17 10 -13 14 -14 9 -14 12 -14 10 -16 13 -18 9 -17 1 -2 9 -15 11 -16 11 -16 7 -13 10 -15 9 -17 7 -15 7 -17 5 -16 4 -16 8 -18 4 -16 6 -15 8 -16 6 -14 6 -15 6 -18 3 -19 6 -19 1 -15 5 -15 6 -19 5 -19 1 -16 6 -18 5 -16 1 -1 0 0 0 0 0 0 0 0 ]
CSI_DATA,AP,68:FE:71:12:53:8C,-35,11,1,6,1,1,1,1,0,0,0,-93,2,6,1,52213973,0,84,0,0,52.214,384,[84 -64 4 0 0 0 0 0 0 0 0 0 -23 -1 -24 1 -23 -3 -21 -2 -23 0 -21 -1 -21 -4 -22 -6 -20 -6 -22 -3 -20 -4 -19 -7 -19 -4 -20 -7 -20 -7 -19 -7 -18 -7 -20 -7 -18 -6 -20 -6 -17 -9 -19 -8 -16 -5 -20 -6 -16 -6 -16 -4 1 2 -18 -5 -18 -4 -16 -6 -18 -3 -19 -6 -19 -5 -16 -5 -18 -2 -15 -3 -18 -2 -18 0 -15 -1 -16 -1 -18 1 -19 -1 -16 -1 -17 1 -20 3 -19 -1 -18 0 -16 0 -17 -1 -16 3 -20 3 -17 4 -17 5 1 -1 0 0 0 0 0 0 0 0 ]
CSI_DATA,AP,68:FE:71:12:53:8C,-35,11,1,6,1,1,1,0,0,0,0,-94,0,6,1,52311970,0,84,0,0,52.312,384,[84 -64 4 0 0 0 0 0 0 0 0 0 22 -2 22 -4 21 -4 22 1 22 1 18 -1 20 2 20 -1 19 0 20 4 19 0 23 1 22 0 19 4 19 4 21 2 17 4 16 5 20 5 19 2 18 2 17 2 16 2 19 4 20 1 18 4 1 -1 17 3 16 4 18 3 18 2 14 2 19 4 19 3 14 3 14 -1 14 -3 15 -2 14 1 16 -2 18 -2 16 -2 17 -1 19 0 15 -3 18 -3 16 -5 16 -3 15 -1 16 -4 17 -4 16 -4 16 -4 2 -2 0 0 0 0 0 0 0 0 ]
CSI_DATA,AP,68:FE:71:12:53:8C,-30,11,1,7,1,1,1,0,0,0,0,-95,0,6,1,52423585,0,84,0,0,52.424,384,[84 -64 4 0 0 0 0 0 0 0 0 0 23 2 21 6 21 6 23 7 22 6 19 5 21 6 18 10 22 7 17 8 19 7 20 9 21 7 17 10 18 7 20 11 16 9 14 10 15 10 18 11 15 11 17 11 17 7 15 6 18 7 15 8 -1 0 15 4 19 5 16 8 17 6 15 3 18 6 16 4 15 3 15 2 17 4 19 5 15 0 19 5 15 3 17 2 17 0 20 4 16 3 15 4 18 -3 15 0 19 1 17 2 19 -1 16 -2 18 1 1 1 0 0 0 0 0 0 0 0 ]
CSI_DATA,AP,68:FE:71:12:53:8C,-36,11,1,7,1,1,1,0,0,0,0,-94,0,6,1,52508221,0,84,0,0,52.508,384,[84 -64 4 0 0 0 0 0 0 0 0 0 19 -9 18 -9 17 -6 18 -5 20 -9 18 -3 20 -5 18 -6 17 -4 20 -4 22 -2 21 -1 18 -1 21 -2 19 -4 21 0 18 -2 18 -3 18 -3 17 0 17 -2 15 -4 16 -2 19 -1 17 -1 17 -2 0 -2 18 -1 17 -2 15 -5 18 -4 14 -3 16 -3 17 -5 17 -3 15 -3 14 -4 17 -5 12 -2 13 -3 12 -6 13 -8 15 -5 14 -7 14 -9 15 -8 15 -8 13 -7 15 -8 12 -7 13 -8 13 -10 14 -8 1 2 0 0 0 0 0 0 0 0 ]
CSI_DATA,AP,68:FE:71:12:53:8C,-35,11,1,5,1,1,1,0,0,0,0,-94,0,6,1,52574263,0,84,0,0,52.574,384,[84 -64 4 0 0 0 0 0 0 0 0 0 -22 -1 -22 2 -21 -1 -21 -2 -20 0 -19 0 -18 -4 -17 -2 -21 -3 -21 -4 -20 -4 -18 -7 -20 -6 -19 -5 -20 -5 -21 -6 -18 -4 -16 -4 -19 -4 -18 -5 -19 -7 -20 -2 -18 -5 -19 -6 -19 -7 -15 -2 1 -2 -18 -5 -16 -3 -15 -4 -16 -3 -14 -1 -19 -1 -19 -2 -16 -4 -18 -1 -17 -3 -17 0 -15 -2 -18 0 -18 1 -19 -1 -19 -1 -20 1 -18 1 -14 0 -15 5 -18 4 -17 2 -19 3 -16 4 -14 4 -16 5 -2 0 0 0 0 0 0 0 0 0 ]
CSI_DATA,AP,68:FE:71:12:53:8C,-31,11,1,7,1,1,1,1,0,0,0,-94,5,6,1,52644761,0,84,0,0,52.645,384,[84 -64 4 0 0 0 0 0 0 0 0 0 15 9 18 12 15 10 17 12 14 11 14 11 14 13 11 11 15 15 11 11 12 12 14 14 14 14 15 15 14 13 11 17 9 13 9 12 11 16 8 11 10 13 11 12 10 11 9 11 12 13 9 15 -1 -2 12 14 10 11 10 11 14 12 12 11 10 9 12 10 10 8 13 11 10 8 13 9 12 9 11 8 15 8 15 6 14 7 12 7 12 6 16 5 15 7 12 5 13 6 15 5 15 3 14 4 16 5 2 -2 0 0 0 0 0 0 0 0 ]
CSI_DATA,AP,68:FE:71:12:53:8C,-34,11,1,7,1,1,1,0,0,0,0,-96,0,6,1,52719952,0,84,0,0,52.72,384,[84 -64 4 0 0 0 0 0 0 0 0 0 -16 16 -13 14 -19 14 -19 14 -16 16 -18 12 -18 13 -19 13 -18 12 -18 12 -20 13 -17 13 -19 11 -17 11 -16 8 -18 8 -16 11 -15 9 -18 7 -18 10 -16 6 -14 6 -17 6 -18 8 -16 9 -17 9 1 -2 -13 7 -18 7 -17 8 -14 9 -16 7 -16 8 -17 10 -13 8 -13 7 -15 9 -11 9 -11 10 -11 9 -13 12 -13 12 -12 10 -11 13 -10 14 -13 14 -8 13 -11 12 -12 11 -10 15 -9 12 -13 14 -11 15 0 2 0 0 0 0 0 0 0 0 ]
CSI_DATA,AP,68:FE:71:12:53:8C,-39,11,1,4,1,1,1,0,0,0,0,-94,0,6,1,52777689,0,84,0,0,52.778,384,[84 -64 4 0 0 0 0 0 0 0 0 0 1 -22 0 -23 1 -20 2 -23 2 -21 1 -20 3 -20 4 -18 4 -19 6 -20 3 -20 2 -19 4 -22 6 -19 4 -18 5 -18 7 -21 3 -18 5 -20 5 -16 3 -16 6 -19 7 -17 2 -19 4 -17 2 -16 -2 0 3 -16 3 -20 5 -17 2 -16 3 -18 3 -20 2 -15 0 -18 1 -17 -1 -16 -2 -15 -1 -17 0 -17 2 -16 0 -18 1 -20 0 -20 -4 -15 1 -19 -2 -14 -3 -18 -1 -17 -2 -16 -3 -18 -2 -15 -3 -17 1 -1 0 0 0 0 0 0 0 0 ]
CSI_DATA,AP,68:FE:71:12:53:8C,-39,11,1,4,1,1,1,0,0,0,0,-95,0,6,1,52844117,0,84,0,0,52.844,384,[84 -64 4 0 0 0 0 0 0 0 0 0 18 -3 19 -2 23 -2 24 -2 19 1 20 4 21 4 20 4 21 4 19 1 21 3 22 4 17 6 19 4 17 4 20 7 19 4 19 6 18 2 18 5 14 6 15 6 17 6 16 5 16 5 17 5 -2 0 15 3 17 2 15 4 16 2 15 3 16 0 15 2 14 3 18 0 15 0 16 1 14 1 14 -1 18 -3 18 -1 19 0 16 -2 17 -4 15 -4 14 -3 17 0 17 -3 14 -2 16 -2 16 -1 16 -2 -2 2 0 0 0 0 0 0 0 0 ]
CSI_DATA,AP,68:FE:71:12:53:8C,-35,11,1,5,1,1,1,0,0,0,0,-94,0,6,1,52977924,0,84,0,0,52.978,384,[84 -64 4 0 0 0 0 0 0 0 0 0 15 -12 18 -14 19 -12 18 -12 18 -13 20 -9 19 -8 17 -11 18 -10 16 -10 17 -9 18 -11 18 -8 16 -7 19 -8 18 -6 17 -5 18 -6 17 -5 19 -5 16 -5 15 -5 16 -7 16 -7 17 -6 17 -7 0 -1 17 -10 16 -10 14 -10 15 -7 15 -9 15 -11 17 -7 16 -8 16 -8 11 -7 15 -11 12 -7 11 -12 15 -11 13 -10 11 -12 14 -10 14 -14 12 -10 11 -11 12 -11 11 -9 10 -14 11 -14 12 -13 12 -12 2 -2 0 0 0 0 0 0 0 0 ]
CSI_DATA,AP,68:FE:71:12:53:8C,-30,11,1,7,1,1,1,0,0,0,0,-94,0,6,1,53050194,0,84,0,0,53.05,384,[84 -64 4 0 0 0 0 0 0 0 0 0 18 9 18 7 18 10 20 10 19 11 14 9 16 12 16 13 18 12 17 11 18 13 15 12 13 10 15 14 15 12 15 14 12 15 15 10 13 12 11 14 14 13 14 11 13 13 11 10 14 12 12 13 -2 -2 13 9 12 9 11 8 16 8 11 11 16 11 14 9 11 8 13 7 14 6 13 9 13 6 14 7 16 5 15 4 14 6 15 6 13 5 15 7 17 2 15 7 16 3 15 2 15 3 15 4 14 6 0 2 0 0 0 0 0 0 0 0 ]
CSI_DATA,AP,68:FE:71:12:53:8C,-41,11,1,6,1,1,1,0,0,0,0,-95,0,6,1,53141289,0,84,0,0,53.141,384,[84 -64 4 0 0 0 0 0 0 0 0 0 19 -3 18 -1 19 1 19 1 19 -2 19 3 20 0 21 3 18 4 21 1 20 3 22 2 17 6 20 6 18 5 17 6 17 4 19 3 15 2 16 4 19 3 19 3 13 6 15 5 17 6 15 3 -2 2 18 2 19 4 16 3 14 0 16 4 14 2 18 -1 13 2 14 -2 13 1 14 1 17 2 16 -2 14 -2 16 -3 14 -1 17 0 17 -3 16 -1 15 -6 18 -4 17 -5 15 -5 15 -7 14 -6 15 -5 -2 1 0 0 0 0 0 0 0 0 ]
CSI_DATA,AP,68:FE:71:12:53:8C,-34,11,1,7,1,1,1,1,0,0,0,-95,1,6,1,53213528,0,84,0,0,53.214,384,[84 -64 4 0 0 0 0 0 0 0 0 0 6 19 5 16 6 17 9 19 6 19 5 20 6 18 3 19 2 21 4 16 1 18 5 22 3 20 3 20 2 18 4 18 3 18 2 16 2 19 2 19 2 15 -1 18 4 15 4 19 2 17 2 17 -1 1 5 17 6 15 3 16 3 16 2 16 5 15 3 17 3 15 8 14 6 11 5 13 6 15 8 16 5 16 5 14 10 15 10 14 7 13 10 14 8 14 8 11 7 11 9 11 8 12 7 10 9 14 0 -2 0 0 0 0 0 0 0 0 ]
CSI_DATA,AP,68:FE:71:12:53:8C,-31,11,1,7,1,1,1,0,0,0,0,-94,0,6,1,53282562,0,84,0,0,53.283,384,[84 -64 4 0 0 0 0 0 0 0 0 0 23 -3 20 -2 20 -1 22 1 20 -1 20 1 19 3 18 -1 19 2 20 4 19 2 20 5 21 5 18 3 20 5 22 3 16 2 20 1 19 5 19 1 15 5 19 2 17 6 16 5 18 4 16 4 -1 2 19 0 16 1 15 0 15 2 17 3 16 2 17 -1 14 1 16 0 14 -1 17 1 17 1 18 -2 18 -3 18 -4 16 -1 18 -1 17 -6 18 -4 18 -6 18 -6 17 -5 16 -3 15 -5 14 -3 17 -5 -1 2 0 0 0 0 0 0 0 0 ]
CSI_DATA,AP,68:FE:71:12:53:8C,-33,11,1,7,1,1,1,0,0,0,0,-94,0,6,1,53359756,0,84,0,0,53.36,384,[84 -64 4 0 0 0 0 0 0 0 0 0 -13 17 -15 18 -17 14 -16 14 -14 14 -17 14 -16 14 -15 13 -17 14 -18 9 -16 13 -18 13 -20 10 -18 10 -16 9 -19 10 -15 11 -15 8 -15 8 -17 7 -16 7 -17 6 -15 10 -18 7 -14 10 -14 9 -1 2 -17 8 -13 11 -14 11 -14 9 -15 12 -14 8 -14 8 -11 12 -13 9 -12 9 -12 14 -11 9 -14 11 -10 11 -10 12 -14 13 -12 11 -12 12 -11 14 -9 13 -11 14 -13 14 -12 12 -11 16 -11 15 -10 12 0 1 0 0 0 0 0 0 0 0 ]
CSI_DATA,AP,68:FE:71:12:53:8C,-36,11,1,5,1,1,1,0,0,0,0,-95,0,6,1,53438396,0,82,0,0,53.438,384,[84 -64 4 0 0 0 0 0 0 0 0 0 -11 -19 -6 -18 -7 -22 -8 -22 -6 -22 -6 -21 -6 -19 -3 -18 -5 -21 -2 -21 -5 -23 -5 -22 -4 -20 -3 -22 0 -21 -1 -19 -4 -21 -1 -20 0 -20 -3 -21 -1 -17 1 -19 1 -19 -1 -17 0 -17 -3 -16 0 1 -3 -19 -3 -20 -5 -16 -4 -19 -1 -18 -2 -20 -3 -19 -5 -18 -4 -17 -3 -14 -7 -18 -2 -15 -3 -14 -5 -18 -6 -17 -7 -18 -8 -17 -9 -15 -5 -15 -5 -17 -4 -17 -7 -18 -8 -17 -9 -15 -7 -17 -9 -15 1 -1 0 0 0 0 0 0 0 0 ]
CSI_DATA,AP,68:FE:71:12:53:8C,-37,11,1,6,1,1,1,0,0,0,0,-93,0,6,1,53497816,0,84,0,0,53.498,384,[84 -64 4 0 0 0 0 0 0 0 0 0 7 -18 9 -20 8 -16 12 -17 9 -15 12 -17 10 -16 10 -16 13 -14 12 -17 13 -16 12 -14 14 -13 13 -15 14 -16 10 -14 13 -14 9 -12 9 -13 13 -12 11 -12 14 -15 11 -9 12 -11 11 -11 13 -11 -1 -2 12 -13 10 -12 11 -14 9 -11 9 -12 7 -13 11 -15 8 -12 7 -15 8 -14 8 -14 6 -14 6 -14 8 -15 7 -14 6 -15 5 -15 5 -17 4 -17 3 -17 8 -13 5 -16 4 -15 5 -16 5 -16 6 -14 -1 2 0 0 0 0 0 0 0 0 ]
CSI_DATA,AP,68:FE:71:12:53:8C,-34,11,1,6,1,1,1,1,0,0,0,-95,2,6,1,53573804,0,84,0,0,53.574,384,[84 -64 4 0 0 0 0 0 0 0 0 0 16 -12 20 -8 19 -13 18 -11 19 -9 18 -9 22 -8 18 -6 21 -9 19 -7 19 -4 20 -4 19 -3 21 -3 19 -4 22 -8 16 -6 18 -3 15 -4 20 -2 18 -6 17 -6 18 -1 19 -1 16 -6 15 -4 -2 1 17 -6 17 -8 17 -5 17 -8 15 -7 15 -5 18 -5 17 -9 17 -9 14 -7 13 -7 13 -7 13 -7 13 -10 16 -7 12 -8 16 -12 16 -10 14 -10 12 -9 12 -9 12 -12 15 -10 15 -14 15 -8 12 -12 2 1 0 0 0 0 0 0 0 0 ]
CSI_DATA,AP,68:FE:71:12:53:8C,-35,11,1,5,1,1,1,0,0,0,0,-93,0,6,1,53644089,0,84,0,0,53.644,384,[84 -64 4 0 0 0 0 0 0 0 0 0 16 9 13 9 16 8 16 9 13 11 15 10 12 12 12 11 13 13 12 12 11 12 11 12 12 13 11 14 11 11 12 11 9 14 8 10 11 12 9 13 7 13 9 10 10 9 11 13 10 14 11 13 1 -1 9 11 13 9 12 12 12 10 12 10 9 9 12 10 12 10 12 9 12 6 14 9 11 9 12 8 10 5 10 9 12 7 12 6 13 6 11 9 11 5 14 4 10 7 12 7 16 4 13 6 13 6 -1 2 0 0 0 0 0 0 0 0 ]
CSI_DATA,AP,68:FE:71:12:53:8C,-35,11,1,6,1,1,1,0,0,0,0,-95,0,6,1,53738363,0,84,0,0,53.738,384,[84 -64 4 0 0 0 0 0 0 0 0 0 12 9 11 11 14 14 16 14 11 14 14 13 13 15 10 12 11 12 12 11 10 16 11 16 10 17 12 12 7 14 11 16 10 15 9 11 9 13 9 12 6 13 10 14 8 13 8 13 9 13 9 15 -2 1 11 10 7 14 9 11 8 12 11 9 10 13 11 13 11 11 12 10 12 10 10 11 10 7 10 8 11 9 9 8 13 11 11 6 12 7 10 8 12 5 13 10 10 7 14 6 11 9 11 7 14 4 2 1 0 0 0 0 0 0 0 0 ]
CSI_DATA,AP,68:FE:71:12:53:8C,-38,11,1,6,1,1,1,0,0,0,0,-93,0,6,1,53833843,0,84,0,0,53.834,384,[84 -64 4 0 0 0 0 0 0 0 0 0 -12 3 -12 2 -13 3 -15 1 -14 -2 -16 0 -13 -3 -14 -2 -11 0 -10 -3 -15 0 -13 0 -12 -3 -13 0 -14 -1 -11 -1 -11 -5 -11 -3 -13 -4 -10 0 -13 -4 -10 -1 -11 -4 -10 -3 -11 -2 -10 -2 1 0 -11 0 -11 -2 -10 0 -10 2 -10 -3 -12 -1 -9 1 -8 2 -11 0 -8 1 -10 3 -7 2 -11 3 -11 2 -7 -1 -8 4 -11 2 -7 4 -8 1 -6 4 -9 2 -8 3 -10 2 -9 3 -8 5 -9 2 -2 2 0 0 0 0 0 0 0 0 ]
CSI_DATA,AP,68:FE:71:12:53:8C,-35,11,1,6,1,1,1,1,0,0,0,-94,2,6,1,53916119,0,84,0,0,53.916,384,[84 -64 4 0 0 0 0 0 0 0 0 0 14 4 18 2 14 5 18 3 17 5 18 6 18 4 13 4 16 5 15 4 17 4 13 5 15 7 16 5 11 5 12 7 12 6 13 5 14 5 14 7 13 7 14 7 11 7 14 5 15 5 14 8 1 1 14 4 12 7 15 7 11 7 13 4 14 4 11 6 11 3 13 4 11 3 14 0 11 3 13 2 15 2 12 4 13 2 13 0 15 0 13 -1 14 -2 12 -2 14 2 14 1 14 -2 13 1 15 1 -1 -2 0 0 0 0 0 0 0 0 ]
CSI_DATA,AP,68:FE:71:12:53:8C,-34,11,1,7,1,1,1,0,0,0,0,-95,0,6,1,54020184,0,84,0,0,54.02,384,[84 -64 4 0 0 0 0 0 0 0 0 0 16 9 14 8 16 13 16 14 15 14 14 13 13 12 13 13 13 10 11 12 9 15 10 16 12 15 9 12 8 11 12 13 8 14 6 13 9 11 8 11 10 14 11 10 8 13 8 12 7 14 10 11 1 -2 9 11 8 13 8 10 12 9 7 12 11 12 11 11 8 7 9 10 11 8 12 8 12 7 11 11 8 8 9 8 12 9 11 9 9 9 10 8 11 8 13 9 13 5 14 9 12 5 10 6 14 6 0 -1 0 0 0 0 0 0 0 0 ]
CSI_DATA,AP,68:FE:71:12:53:8C,-37,11,1,5,1,1,1,0,0,0,1,-95,0,6,1,54083684,0,84,0,0,54.084,384,[84 -64 4 0 0 0 0 0 0 0 0 0 7 -17 7 -16 9 -18 6 -15 7 -16 11 -16 8 -13 10 -16 8 -13 11 -15 13 -17 13 -14 13 -15 11 -15 10 -14 9 -12 9 -13 9 -11 11 -14 11 -11 8 -11 12 -11 10 -10 9 -11 8 -12 8 -10 1 0 11 -12 8 -13 8 -15 7 -12 7 -14 10 -15 7 -12 7 -15 5 -14 5 -11 4 -16 5 -11 6 -15 5 -11 7 -13 5 -12 6 -15 6 -15 6 -16 1 -14 2 -13 2 -12 4 -15 3 -15 4 -16 0 -13 0 2 0 0 0 0 0 0 0 0 ]
CSI_DATA,AP,68:FE:71:12:53:8C,-39,11,1,5,1,1,1,0,0,0,0,-96,0,6,1,54183221,0,84,0,0,54.183,384,[84 -64 4 0 0 0 0 0 0 0 0 0 9 2 8 2 8 3 9 0 9 1 5 2 8 1 8 4 5 4 6 2 10 1 9 3 7 5 8 1 5 2 5 3 4 3 5 4 5 4 5 4 8 6 5 6 8 3 4 6 9 2 4 4 2 1 5 2 5 2 4 5 5 3 7 5 7 5 5 5 4 4 6 2 5 1 5 1 5 4 7 0 5 1 7 4 6 0 6 2 5 2 5 2 7 0 6 3 9 0 6 2 6 0 5 0 9 2 -2 0 0 0 0 0 0 0 0 0 ]
CSI_DATA,AP,68:FE:71:12:53:8C,-35,11,1,5,1,1,1,0,0,0,0,-94,0,6,1,54291658,0,84,0,0,54.292,384,[84 -64 4 0 0 0 0 0 0 0 0 0 -18 13 -18 13 -18 13 -22 12 -18 12 -21 7 -18 9 -20 6 -19 8 -18 8 -22 6 -22 9 -20 8 -17 5 -20 5 -21 4 -17 6 -20 7 -17 6 -19 6 -17 3 -18 5 -17 3 -15 5 -18 4 -16 6 2 0 -16 5 -15 5 -16 5 -17 7 -15 9 -15 9 -16 9 -13 6 -15 5 -12 10 -12 7 -13 7 -11 9 -14 9 -12 7 -13 8 -15 9 -14 11 -11 10 -11 12 -11 11 -11 8 -10 13 -12 12 -12 12 -11 13 -2 0 0 0 0 0 0 0 0 0 ]
CSI_DATA,AP,68:FE:71:12:53:8C,-32,11,1,7,1,1,1,0,0,0,0,-93,0,6,1,54381658,0,84,0,0,54.382,384,[84 -64 4 0 0 0 0 0 0 0 0 0 15 15 11 14 16 18 14 19 10 20 13 19 8 17 7 18 9 20 10 20 7 20 8 17 9 17 7 16 8 17 10 17 6 17 6 16 8 15 8 19 4 18 5 16 4 17 9 18 8 16 6 18 -1 1 6 16 6 16 9 16 9 16 6 13 8 12 9 16 9 13 6 14 10 11 11 11 7 13 9 11 8 10 10 13 10 10 9 10 12 10 9 12 12 12 9 11 9 12 12 10 11 9 11 12 11 11 -2 0 0 0 0 0 0 0 0 0 ]
CSI_DATA,AP,68:FE:71:12:53:8C,-34,11,1,5,1,1,1,0,0,0,0,-95,0,6,1,54477715,0,84,0,0,54.478,384,[84 -64 4 0 0 0 0 0 0 0 0 0 -21 5 -21 4 -22 5 -23 4 -19 4 -18 1 -21 1 -17 1 -18 0 -19 -1 -19 0 -18 -3 -19 0 -17 -1 -17 -2 -18 -3 -17 -1 -16 -4 -15 -1 -16 -4 -15 0 -14 -3 -11 0 -14 -2 -15 0 -12 0 2 -1 -11 0 -12 3 -13 3 -10 3 -13 2 -14 0 -11 4 -11 3 -14 1 -13 5 -12 4 -11 2 -11 6 -11 4 -11 2 -9 3 -12 4 -9 4 -9 4 -12 4 -14 5 -9 6 -13 9 -13 7 -11 7 -13 9 -2 -1 0 0 0 0 0 0 0 0 ]
CSI_DATA,AP,68:FE:71:12:53:8C,-36,11,1,6,1,1,1,0,0,0,0,-95,0,6,1,54590156,0,84,0,0,54.59,384,[84 -64 4 0 0 0 0 0 0 0 0 0 8 -29 6 -27 10 -28 8 -25 9 -25 10 -24 13 -24 9 -18 11 -18 12 -19 11 -18 11 -19 11 -20 11 -19 9 -16 11 -15 9 -14 8 -15 8 -13 6 -16 9 -16 9 -15 6 -13 7 -13 5 -13 6 -15 -1 2 2 -15 2 -16 1 -13 1 -15 2 -11 -1 -16 3 -13 2 -16 -2 -15 -2 -12 -3 -15 -2 -15 -1 -12 -4 -15 -4 -14 -6 -16 -6 -12 -3 -14 -3 -12 -7 -11 -6 -12 -6 -15 -6 -13 -6 -16 -5 -11 -10 -13 -2 0 0 0 0 0 0 0 0 0 ]
CSI_DATA,AP,68:FE:71:12:53:8C,-37,11,1,6,1,1,1,0,0,0,0,-94,0,6,1,54671830,0,84,0,0,54.672,384,[84 -64 4 0 0 0 0 0 0 0 0 0 33 18 29 23 28 22 32 22 24 23 26 23 24 25 23 23 22 22 20 23 21 24 19 23 18 19 18 18 16 22 17 22 17 18 15 15 14 19 15 16 12 17 12 17 13 13 15 13 12 14 13 13 -2 0 14 8 12 8 13 11 12 9 13 9 14 7 12 6 14 7 12 7 11 6 15 0 15 0 16 0 13 3 12 3 12 -1 16 0 12 -2 16 0 10 -3 15 0 12 -1 13 -2 12 -7 10 -5 11 -6 0 -1 0 0 0 0 0 0 0 0 ]
CSI_DATA,AP,68:FE:71:12:53:8C,-37,11,1,6,1,1,1,0,0,0,0,-95,0,6,1,54753862,0,84,0,0,54.754,384,[84 -64 4 0 0 0 0 0 0 0 0 0 -25 -23 -25 -21 -22 -25 -24 -24 -22 -24 -17 -23 -17 -25 -15 -21 -16 -21 -13 -19 -14 -23 -18 -22 -13 -21 -13 -20 -10 -18 -14 -18 -10 -18 -10 -19 -10 -19 -12 -16 -9 -16 -10 -15 -13 -13 -12 -14 -13 -13 -12 -13 1 0 -12 -10 -11 -11 -11 -9 -12 -6 -12 -7 -10 -6 -12 -9 -14 -7 -13 -7 -10 -5 -13 -5 -14 -3 -11 0 -12 -3 -12 -3 -14 -2 -14 0 -14 1 -14 -2 -11 0 -14 -1 -15 2 -13 2 -15 1 -14 1 -10 5 -2 -1 0 0 0 0 0 0 0 0 ]
CSI_DATA,AP,68:FE:71:12:53:8C,-33,11,1,6,1,1,1,0,0,0,0,-95,0,6,1,54865459,0,84,0,0,54.865,384,[84 -64 4 0 0 0 0 0 0 0 0 0 -17 9 -15 10 -17 9 -17 6 -19 9 -20 5 -18 4 -17 6 -18 3 -18 3 -19 4 -16 5 -17 7 -17 2 -14 4 -18 4 -16 5 -13 6 -16 3 -13 3 -13 3 -13 6 -13 2 -13 7 -13 6 -17 4 1 1 -13 5 -15 3 -15 6 -13 4 -13 6 -12 7 -13 3 -13 4 -11 6 -12 4 -15 9 -13 7 -11 8 -15 9 -15 7 -13 9 -16 10 -12 7 -13 5 -14 9 -13 7 -15 9 -13 5 -14 10 -10 9 -14 7 -1 1 0 0 0 0 0 0 0 0 ]
CSI_DATA,AP,68:FE:71:12:53:8C,-32,11,1,7,1,1,1,0,0,0,0,-93,0,6,1,54954200,0,84,0,0,54.954,384,[84 -64 4 0 0 0 0 0 0 0 0 0 15 -8 17 -10 17 -10 20 -7 20 -6 16 -6 18 -5 19 -5 21 -5 18 -6 19 -6 19 -6 21 -5 20 -5 22 -4 24 -1 19 -4 17 -5 18 -4 21 -3 20 -4 21 -4 18 -3 21 -4 20 -1 20 -4 2 1 22 -3 20 -2 21 -3 22 -5 19 -2 18 -3 18 -2 19 -2 21 -7 17 -8 22 -5 20 -4 21 -8 20 -8 22 -7 18 -8 22 -7 21 -5 18 -5 19 -6 18 -6 22 -3 18 -4 20 -8 18 -5 17 -6 0 2 0 0 0 0 0 0 0 0 ]
CSI_DATA,AP,68:FE:71:12:53:8C,-37,11,1,5,1,1,1,0,0,0,0,-95,0,6,1,55032448,0,84,0,0,55.032,384,[84 -64 4 0 0 0 0 0 0 0 0 0 19 -8 17 -5 20 -7 18 -7 18 -8 21 -7 22 -5 18 -6 22 -3 17 -3 22 -2 23 -6 22 -5 21 -1 19 -5 22 -4 21 0 20 -2 21 -4 21 -1 18 -1 21 -2 19 -4 20 -4 20 -1 19 -5 0 1 22 -2 18 -3 20 -3 21 -3 18 -5 22 -2 22 -4 22 -3 18 -6 21 -6 22 -8 17 -5 19 -9 20 -5 18 -4 20 -8 21 -7 22 -6 22 -8 20 -7 22 -7 20 -4 20 -8 22 -10 21 -8 19 -9 1 -1 0 0 0 0 0 0 0 0 ]
CSI_DATA,AP,68:FE:71:12:53:8C,-30,11,1,7,1,1,1,0,0,0,0,-94,0,6,1,55119658,0,84,0,0,55.12,384,[84 -64 4 0 0 0 0 0 0 0 0 0 3 -5 -1 -2 3 -1 3 -2 2 -3 3 -1 3 0 3 0 6 1 4 0 4 -1 5 -3 7 0 6 2 7 -2 4 2 6 -2 4 0 3 1 4 1 6 3 9 1 6 2 7 1 8 2 6 1 0 0 10 1 7 0 9 3 8 -1 7 3 10 0 9 1 9 0 10 2 9 3 10 -2 9 0 14 1 10 2 11 -1 14 1 14 -2 12 -1 14 0 13 -2 12 0 13 -1 13 2 15 -2 13 -1 17 1 -1 2 0 0 0 0 0 0 0 0 ]
CSI_DATA,AP,68:FE:71:12:53:8C,-30,11,1,7,1,1,1,1,0,0,1,-95,1,6,1,55173178,0,84,0,0,55.173,384,[84 -64 4 0 0 0 0 0 0 0 0 0 -7 -1 -6 -2 -8 1 -9 2 -10 -3 -7 -1 -9 -2 -11 -1 -10 -3 -9 -4 -7 -1 -8 -2 -10 -1 -7 -2 -8 -1 -12 -1 -9 -4 -9 -3 -10 -4 -10 -3 -6 -3 -8 -3 -7 -2 -7 -3 -7 -2 -7 -2 1 2 -8 -4 -6 0 -7 -1 -8 -1 -8 -2 -6 0 -7 0 -8 0 -5 0 -6 -2 -10 1 -8 2 -8 -2 -8 1 -8 0 -6 0 -6 0 -7 1 -8 -2 -8 0 -7 -1 -8 1 -6 1 -9 -1 -6 3 -6 2 2 -1 0 0 0 0 0 0 0 0 ]
CSI_DATA,AP,68:FE:71:12:53:8C,-33,11,1,7,1,1,1,0,0,0,0,-94,0,6,1,55286071,0,84,0,0,55.286,384,[84 -64 4 0 0 0 0 0 0 0 0 0 -1 -8 3 -9 2 -7 1 -7 4 -9 2 -6 3 -8 2 -5 3 -8 1 -8 5 -7 3 -9 3 -7 2 -9 1 -8 4 -9 3 -10 4 -9 6 -9 3 -7 2 -8 1 -9 2 -8 4 -9 3 -10 4 -6 -2 2 1 -5 1 -8 3 -7 1 -6 4 -6 4 -9 1 -8 0 -5 4 -8 2 -8 4 -7 2 -8 1 -7 4 -6 0 -7 3 -8 1 -9 1 -9 2 -7 1 -9 4 -9 2 -9 3 -8 1 -6 2 -9 2 -6 -1 2 0 0 0 0 0 0 0 0 ]
CSI_DATA,AP,68:FE:71:12:53:8C,-38,11,1,7,1,1,1,0,0,0,0,-94,0,6,1,55396345,0,84,0,0,55.396,384,[84 -64 4 0 0 0 0 0 0 0 0 0 13 2 9 0 12 2 11 1 10 3 13 4 13 5 13 3 10 5 9 6 13 7 10 5 10 3 9 6 8 7 13 5 11 6 9 4 9 2 11 3 11 2 8 4 8 4 9 3 7 4 10 4 2 -1 11 1 10 2 9 2 7 2 8 5 10 2 8 3 7 1 7 3 9 1 9 0 8 3 9 -1 8 -1 11 -1 7 1 10 2 9 1 10 1 10 -3 11 -2 11 -2 9 -1 9 -3 7 -1 10 0 0 0 0 0 0 0 0 0 0 0 ]
CSI_DATA,AP,68:FE:71:12:53:8C,-32,11,1,7,1,1,1,0,0,0,0,-94,0,6,1,55498671,0,84,0,0,55.499,384,[84 -64 4 0 0 0 0 0 0 0 0 0 14 11 14 12 14 17 15 14 16 15 13 15 13 16 11 14 11 14 10 18 9 15 12 19 9 18 8 14 10 14 12 17 7 15 10 14 9 17 8 14 9 13 8 17 6 16 9 15 7 13 10 16 0 -1 11 14 10 11 11 13 10 12 11 15 11 11 11 12 8 14 10 13 11 11 11 11 9 11 9 8 10 11 13 8 12 9 12 12 13 7 12 12 12 10 10 10 11 11 11 9 12 6 13 10 14 7 2 2 0 0 0 0 0 0 0 0 ]
CSI_DATA,AP,68:FE:71:12:53:8C,-32,11,1,6,1,1,1,1,0,0,0,-93,4,6,1,55594197,0,84,0,0,55.594,384,[84 -64 4 0 0 0 0 0 0 0 0 0 3 20 1 18 3 20 4 18 2 20 1 21 3 16 1 16 1 19 -2 19 -1 18 0 17 -2 17 0 17 -3 19 0 16 0 16 -4 18 0 18 -2 18 -1 17 -3 18 -3 16 -3 15 -4 15 0 17 1 2 -3 15 2 15 -2 14 -1 14 -1 13 3 14 0 15 3 16 0 13 3 15 1 14 0 13 4 13 4 16 3 13 2 13 4 13 6 17 4 12 2 13 4 16 6 12 3 13 5 15 7 14 4 14 -1 0 0 0 0 0 0 0 0 0 ]
CSI_DATA,AP,68:FE:71:12:53:8C,-32,11,1,7,1,1,1,0,0,0,0,-95,0,6,1,55661403,0,84,0,0,55.661,384,[84 -64 4 0 0 0 0 0 0 0 0 0 2 -32 2 -29 3 -29 5 -28 7 -30 8 -30 5 -28 9 -31 6 -29 8 -28 10 -27 11 -28 8 -26 12 -27 12 -27 9 -25 8 -23 8 -27 11 -23 11 -23 7 -24 11 -27 7 -26 7 -22 8 -22 6 -23 1 2 5 -24 5 -22 4 -21 6 -23 8 -25 6 -24 3 -21 6 -24 2 -22 1 -23 4 -20 1 -23 5 -22 0 -24 4 -25 2 -21 0 -26 -1 -24 -1 -24 0 -22 1 -23 -2 -25 -3 -26 -1 -25 -3 -25 0 -25 -1 -1 0 0 0 0 0 0 0 0 ]
CSI_DATA,AP,68:FE:71:12:53:8C,-37,11,1,7,1,1,1,0,0,0,0,-94,0,6,1,55755746,0,84,0,0,55.756,384,[84 -64 4 0 0 0 0 0 0 0 0 0 19 9 15 14 18 15 18 13 19 16 16 15 15 14 17 12 15 17 16 16 15 17 14 15 14 16 11 16 13 16 13 17 12 13 10 14 13 17 13 13 11 17 13 15 9 12 11 13 12 14 11 14 1 2 12 13 9 14 9 13 13 12 10 12 10 11 9 13 13 14 14 10 13 10 14 13 11 12 14 12 15 8 14 12 14 11 14 10 14 7 12 11 15 9 15 6 13 9 15 7 16 11 12 7 15 9 2 -1 0 0 0 0 0 0 0 0 ]
CSI_DATA,AP,68:FE:71:12:53:8C,-31,11,1,6,1,1,1,0,0,0,0,-93,0,6,1,55850997,0,84,0,0,55.851,384,[84 -64 4 0 0 0 0 0 0 0 0 0 -23 -27 -23 -32 -23 -33 -23 -34 -19 -31 -18 -33 -16 -34 -17 -32 -14 -33 -17 -34 -13 -36 -15 -33 -15 -35 -16 -32 -11 -33 -10 -35 -12 -34 -11 -32 -14 -31 -10 -31 -12 -30 -8 -34 -10 -30 -12 -32 -10 -30 -9 -32 -1 2 -8 -29 -9 -31 -9 -30 -10 -28 -9 -27 -10 -31 -12 -29 -13 -30 -12 -26 -15 -26 -15 -24 -16 -26 -16 -26 -15 -28 -12 -26 -18 -26 -18 -25 -16 -26 -17 -26 -16 -27 -18 -26 -15 -28 -19 -25 -22 -25 -20 -27 -18 -25 0 -1 0 0 0 0 0 0 0 0 ]
CSI_DATA,AP,68:FE:71:12:53:8C,-38,11,1,7,1,1,1,0,0,0,0,-95,0,6,1,55942902,0,84,0,0,55.943,384,[84 -64 4 0 0 0 0 0 0 0 0 0 1 20 -1 20 -2 18 -4 20 -1 21 -5 19 -3 17 -2 16 -6 17 -5 17 -7 18 -3 16 -6 16 -3 15 -8 17 -8 15 -8 16 -5 16 -5 17 -5 14 -5 16 -8 15 -4 13 -7 17 -5 15 -5 15 2 2 -6 12 -4 16 -4 16 -4 12 -5 13 -5 12 -1 15 -5 16 -2 13 -3 15 -3 14 -2 15 -2 16 1 17 -1 14 -3 13 -1 12 -2 14 1 13 -2 16 0 17 -2 13 0 15 0 16 2 13 3 13 0 0 0 0 0 0 0 0 0 0 ]
CSI_DATA,AP,68:FE:71:12:53:8C,-34,11,1,6,1,1,1,0,0,0,0,-95,0,6,1,56034375,0,84,0,0,56.034,384,[84 -64 4 0 0 0 0 0 0 0 0 0 -16 -6 -20 -3 -21 -8 -16 -6 -18 -7 -17 -9 -18 -8 -18 -7 -18 -10 -19 -7 -14 -8 -14 -7 -17 -8 -15 -9 -16 -8 -14 -8 -12 -7 -14 -10 -15 -8 -15 -9 -14 -11 -14 -9 -15 -6 -12 -10 -15 -7 -13 -8 0 0 -12 -10 -12 -5 -12 -5 -16 -7 -12 -6 -16 -7 -13 -4 -14 -8 -16 -3 -15 -3 -13 -4 -13 -2 -14 -5 -13 -3 -13 -6 -14 -3 -13 -1 -16 -1 -13 -3 -13 -3 -14 -3 -14 -1 -17 -4 -15 1 -16 -1 -17 1 -1 -2 0 0 0 0 0 0 0 0 ]
CSI_DATA,AP,68:FE:71:12:53:8C,-33,11,1,7,1,1,1,1,0,0,0,-94,1,6,1,56097366,0,84,0,0,56.097,384,[84 -64 4 0 0 0 0 0 0 0 0 0 16 2 19 4 17 1 19 4 18 3 20 5 17 7 16 6 18 4 19 6 18 7 20 8 15 7 17 5 15 5 15 9 15 7 14 8 16 6 16 6 12 7 16 5 14 4 16 8 12 8 12 5 2 1 12 5 13 6 16 6 14 3 16 7 12 4 13 3 12 4 12 2 13 3 12 4 15 3 16 4 14 4 15 0 17 2 16 1 13 1 14 3 14 -1 13 3 13 -1 15 -1 16 -3 13 1 14 2 -2 1 0 0 0 0 0 0 0 0 ]
CSI_DATA,AP,68:FE:71:12:53:8C,-35,11,1,5,1,1,1,0,0,0,0,-94,0,6,1,56190805,0,84,0,0,56.191,384,[84 -64 4 0 0 0 0 0 0 0 0 0 -13 29 -14 27 -15 26 -19 27 -17 24 -20 26 -18 23 -20 20 -19 25 -17 21 -20 23 -18 21 -19 22 -20 23 -18 22 -19 23 -22 20 -17 18 -19 17 -18 20 -17 16 -19 17 -16 16 -18 18 -19 19 -20 19 -2 1 -14 21 -17 22 -14 19 -13 19 -15 22 -17 21 -12 18 -12 18 -13 21 -11 16 -11 21 -11 20 -11 20 -11 20 -9 20 -11 21 -11 21 -13 21 -11 22 -11 20 -11 20 -9 22 -8 19 -9 21 -10 23 -10 21 0 -1 0 0 0 0 0 0 0 0 ]
CSI_DATA,AP,68:FE:71:12:53:8C,-36,11,1,6,1,1,1,0,0,0,0,-93,0,6,1,56291977,0,84,0,0,56.292,384,[84 -64 4 0 0 0 0 0 0 0 0 0 -10 -16 -8 -20 -6 -19 -9 -20 -6 -22 -8 -18 -5 -20 -5 -17 -5 -21 -4 -20 -3 -18 -4 -19 -3 -22 -5 -20 -6 -19 -3 -21 -2 -18 -3 -18 -4 -19 -2 -16 -2 -18 -2 -19 -4 -16 -4 -16 -6 -16 -4 -17 -1 -2 -3 -17 -3 -17 -5 -14 -5 -18 -3 -16 -5 -16 -7 -15 -3 -17 -3 -17 -7 -15 -6 -13 -7 -13 -5 -15 -4 -13 -7 -16 -7 -13 -9 -17 -8 -13 -8 -15 -9 -16 -10 -14 -8 -16 -9 -16 -7 -15 -9 -12 -11 -11 -2 -2 0 0 0 0 0 0 0 0 ]
CSI_DATA,AP,68:FE:71:12:53:8C,-33,11,1,6,1,1,1,0,0,0,0,-95,0,6,1,56376532,0,84,0,0,56.377,384,[84 -64 4 0 0 0 0 0 0 0 0 0 15 -12 17 -12 19 -13 20 -11 16 -9 17 -9 19 -8 19 -7 17 -9 18 -6 19 -7 20 -8 20 -6 20 -5 20 -8 19 -6 18 -5 19 -7 15 -6 16 -7 16 -6 18 -4 16 -6 17 -4 16 -6 14 -7 0 -1 17 -7 17 -9 13 -9 14 -9 12 -9 15 -9 15 -8 14 -7 15 -10 12 -10 15 -11 12 -11 15 -7 12 -11 15 -11 13 -8 13 -11 13 -9 15 -13 13 -9 11 -10 10 -10 10 -14 10 -13 12 -13 11 -13 -1 1 0 0 0 0 0 0 0 0 ]
CSI_DATA,AP,68:FE:71:12:53:8C,-32,11,1,7,1,1,1,1,0,0,0,-95,3,6,1,56470371,0,84,0,0,56.47,384,[84 -64 4 0 0 0 0 0 0 0 0 0 -18 -2 -19 0 -20 -4 -19 -6 -20 -6 -20 -6 -21 -5 -20 -7 -18 -5 -22 -5 -18 -9 -18 -7 -17 -6 -19 -5 -18 -7 -17 -8 -16 -7 -16 -5 -17 -8 -18 -5 -16 -6 -17 -5 -18 -6 -17 -8 -14 -6 -15 -8 0 -1 -15 -4 -18 -7 -17 -6 -18 -6 -16 -4 -15 -6 -16 -6 -17 -2 -18 -5 -14 -2 -16 -4 -17 -5 -18 -5 -18 0 -17 0 -16 -3 -17 -4 -18 0 -16 -3 -17 -2 -17 -1 -15 0 -18 -1 -17 -2 -18 2 -14 1 -2 1 0 0 0 0 0 0 0 0 ]
CSI_DATA,AP,68:FE:71:12:53:8C,-35,11,1,5,1,1,1,0,0,0,0,-93,0,6,1,56547556,0,84,0,0,56.548,384,[84 -64 4 0 0 0 0 0 0 0 0 0 7 17 3 16 3 22 4 20 4 18 1 21 3 21 2 21 -2 19 -2 17 0 18 1 20 -2 19 -2 17 -2 17 -1 20 -2 18 -1 15 0 15 -1 19 -3 19 1 14 -1 17 -1 16 -1 16 1 14 -2 2 -3 16 -2 17 -2 16 -2 17 -3 17 0 16 1 13 3 16 0 17 2 13 2 16 2 15 2 17 3 13 3 14 1 16 1 16 4 15 5 17 5 12 1 17 2 16 4 14 3 16 6 14 6 13 -2 1 0 0 0 0 0 0 0 0 ]
CSI_DATA,AP,68:FE:71:12:53:8C,-35,11,1,7,1,1,1,0,0,0,0,-96,0,6,1,56647284,0,84,0,0,56.647,384,[84 -64 4 0 0 0 0 0 0 0 0 0 -39 -6 -37 -6 -42 -7 -40 -12 -40 -9 -35 -9 -37 -10 -34 -13 -35 -11 -34 -14 -35 -16 -37 -15 -35 -14 -36 -17 -34 -16 -35 -18 -31 -14 -31 -16 -31 -16 -33 -16 -33 -17 -33 -19 -30 -17 -29 -19 -31 -16 -28 -14 2 -1 -30 -16 -32 -13 -30 -13 -28 -13 -28 -15 -29 -14 -29 -12 -28 -9 -29 -12 -31 -9 -30 -11 -30 -11 -32 -11 -31 -7 -32 -7 -29 -6 -33 -8 -33 -6 -29 -6 -33 -6 -31 -8 -33 -7 -33 -5 -30 -6 -32 -3 -30 -2 2 -2 0 0 0 0 0 0 0 0 ]
CSI_DATA,AP,68:FE:71:12:53:8C,-33,11,1,7,1,1,1,0,0,0,0,-94,0,6,1,56724985,0,84,0,0,56.725,384,[84 -64 4 0 0 0 0 0 0 0 0 0 15 -14 18 -12 16 -13 16 -9 15 -11 18 -10 16 -9 18 -7 19 -5 18 -6 20 -7 20 -7 16 -8 20 -6 18 -3 18 -6 18 -6 15 -6 18 -4 15 -2 17 -4 16 -4 17 -6 16 -6 17 -3 17 -5 -2 1 15 -6 13 -4 13 -4 13 -6 16 -4 12 -6 14 -5 14 -4 14 -6 15 -8 16 -9 14 -7 14 -10 13 -8 13 -9 12 -9 15 -8 13 -9 13 -10 13 -9 14 -9 13 -9 13 -11 14 -11 13 -8 11 -8 1 -2 0 0 0 0 0 0 0 0 ]
CSI_DATA,AP,68:FE:71:12:53:8C,-34,11,1,7,1,1,1,1,0,0,0,-96,2,6,1,56840908,0,84,0,0,56.841,384,[84 -64 4 0 0 0 0 0 0 0 0 0 -34 -13 -37 -18 -38 -18 -36 -18 -35 -20 -34 -21 -35 -20 -33 -24 -32 -21 -32 -21 -32 -25 -33 -26 -32 -23 -28 -24 -27 -25 -28 -25 -25 -22 -26 -21 -28 -23 -29 -22 -24 -22 -25 -24 -23 -24 -28 -25 -25 -25 -25 -21 0 -2 -27 -22 -29 -22 -28 -20 -30 -18 -28 -20 -28 -17 -28 -18 -27 -20 -26 -19 -30 -13 -29 -14 -26 -17 -27 -16 -30 -13 -31 -16 -30 -14 -28 -14 -28 -14 -29 -12 -29 -11 -30 -11 -30 -12 -31 -11 -31 -8 -29 -12 -32 -11 1 -1 0 0 0 0 0 0 0 0 ]
CSI_DATA,AP,68:FE:71:12:53:8C,-33,11,1,7,1,1,1,0,0,0,0,-93,0,6,1,56930585,0,84,0,0,56.931,384,[84 -64 4 0 0 0 0 0 0 0 0 0 0 18 0 21 1 18 1 22 2 18 1 21 -3 17 -3 17 -1 19 -5 21 -3 21 -1 16 -1 17 -5 18 -6 17 -2 17 -3 16 -5 18 -6 17 -4 16 -2 16 -3 16 -3 15 -1 17 -5 18 -4 16 2 -1 -3 16 -1 18 -4 17 -1 14 -4 16 0 14 -2 16 -1 16 -1 17 1 15 -1 17 -1 16 3 16 0 15 0 17 0 14 0 18 1 16 4 16 2 14 2 15 1 16 5 16 2 14 4 13 4 14 -1 1 0 0 0 0 0 0 0 0 ]
CSI_DATA,AP,68:FE:71:12:53:8C,-32,11,1,6,1,1,1,0,0,0,0,-96,0,6,1,57013110,0,84,0,0,57.013,384,[84 -64 4 0 0 0 0 0 0 0 0 0 8 -20 6 -18 6 -21 7 -18 9 -18 10 -19 9 -19 9 -19 11 -16 12 -19 10 -19 10 -18 13 -16 11 -17 10 -16 10 -17 9 -17 10 -15 10 -13 8 -13 9 -17 7 -16 8 -12 8 -16 8 -12 11 -13 -1 -1 8 -16 8 -12 7 -17 7 -12 9 -17 9 -15 9 -15 8 -17 6 -16 4 -16 7 -16 3 -15 7 -14 3 -15 5 -17 5 -14 6 -18 2 -17 5 -18 0 -16 2 -17 0 -15 1 -17 2 -15 4 -17 2 -14 2 0 0 0 0 0 0 0 0 0 ]
CSI_DATA,AP,68:FE:71:12:53:8C,-38,11,1,7,1,1,1,1,0,0,0,-94,6,6,1,57116114,0,84,0,0,57.116,384,[84 -64 4 0 0 0 0 0 0 0 0 0 5 20 2 18 5 19 0 19 3 21 -1 20 1 22 0 17 0 21 -3 18 -1 17 0 18 -1 18 0 17 0 20 -3 17 -4 19 -1 18 -3 18 -5 20 -4 18 -3 16 -2 15 -1 15 -2 17 -2 14 0 1 -4 17 -1 17 -1 17 -1 17 1 17 1 18 -1 15 1 17 3 15 0 13 -1 13 2 15 3 13 1 17 5 15 5 13 2 14 5 15 4 16 4 14 2 13 4 15 4 14 3 13 6 13 3 16 -1 -2 0 0 0 0 0 0 0 0 ]
CSI_DATA,AP,68:FE:71:12:53:8C,-32,11,1,7,1,1,1,0,0,0,0,-93,0,6,1,57212454,0,84,0,0,57.212,384,[84 -64 4 0 0 0 0 0 0 0 0 0 9 -17 10 -16 9 -16 10 -14 12 -16 9 -14 12 -14 10 -15 14 -14 14 -12 10 -12 13 -14 10 -13 13 -15 12 -14 12 -10 12 -14 12 -11 9 -14 9 -12 11 -11 9 -10 10 -9 9 -13 10 -11 11 -9 2 -2 9 -10 10 -13 8 -14 11 -10 10 -10 7 -12 9 -14 9 -11 10 -13 8 -14 7 -13 9 -14 7 -13 8 -15 6 -15 4 -15 5 -14 5 -15 5 -14 7 -14 9 -16 6 -12 8 -12 7 -17 7 -14 7 -14 -2 1 0 0 0 0 0 0 0 0 ]
CSI_DATA,AP,68:FE:71:12:53:8C,-36,11,1,6,1,1,1,0,0,0,0,-93,0,6,1,57309898,0,84,0,0,57.31,384,[84 -64 4 0 0 0 0 0 0 0 0 0 14 16 13 15 14 15 11 17 14 16 9 18 11 16 9 17 11 14 7 18 9 17 6 15 6 17 10 19 8 18 9 19 5 17 7 14 9 15 9 16 7 14 7 17 4 13 7 16 6 13 5 17 2 -2 8 12 6 12 7 13 9 11 8 13 8 15 10 15 9 14 10 11 6 11 11 10 10 12 10 13 10 13 7 12 9 14 9 13 12 9 11 11 11 10 10 10 12 11 13 11 14 11 11 11 10 9 2 -2 0 0 0 0 0 0 0 0 ]
CSI_DATA,AP,68:FE:71:12:53:8C,-33,11,1,7,1,1,1,0,0,0,0,-96,0,6,1,57396213,0,84,0,0,57.396,384,[84 -64 4 0 0 0 0 0 0 0 0 0 7 19 7 20 7 21 8 21 6 19 2 21 1 20 4 22 2 19 4 20 2 20 3 23 1 23 2 19 0 20 3 22 -2 20 -1 19 -1 21 -1 20 -1 20 2 20 0 17 -1 17 1 16 0 20 2 2 0 16 3 18 1 20 0 16 2 19 0 15 3 16 5 15 5 16 4 14 4 17 4 18 5 15 3 16 6 14 5 18 6 14 5 16 6 18 8 14 6 16 4 18 6 18 7 17 8 16 5 15 -2 -2 0 0 0 0 0 0 0 0 ]
CSI_DATA,AP,68:FE:71:12:53:8C,-34,11,1,7,1,1,1,0,0,0,0,-94,0,6,1,57469219,0,84,0,0,57.469,384,[84 -64 4 0 0 0 0 0 0 0 0 0 8 -16 11 -19 12 -21 8 -15 10 -16 9 -16 12 -15 9 -14 11 -16 10 -18 13 -13 13 -16 15 -13 15 -16 14 -15 15 -15 11 -13 10 -15 13 -13 12 -13 12 -14 12 -14 12 -10 10 -12 12 -14 10 -13 -1 1 11 -14 9 -15 8 -11 12 -12 7 -14 11 -12 7 -12 8 -14 10 -11 8 -14 7 -13 7 -13 8 -12 7 -16 6 -16 8 -13 6 -14 6 -13 8 -12 6 -14 7 -17 7 -14 8 -14 7 -18 7 -17 5 -14 -2 1 0 0 0 0 0 0 0 0 ]
CSI_DATA,AP,68:FE:71:12:53:8C,-34,11,1,6,1,1,1,0,0,0,0,-95,0,6,1,57557952,0,84,0,0,57.558,384,[84 -64 4 0 0 0 0 0 0 0 0 0 8 14 10 16 11 17 10 17 7 17 5 18 6 15 7 19 5 18 8 17 4 15 4 17 6 16 5 15 7 16 5 17 6 14 5 16 4 14 5 16 3 18 3 13 2 15 3 17 4 16 2 15 0 2 5 14 5 15 6 16 4 14 3 13 4 13 5 16 8 13 6 12 5 14 7 15 8 15 6 15 8 14 5 14 8 13 8 10 7 11 8 14 8 10 9 13 6 10 10 12 11 9 8 13 11 13 0 -2 0 0 0 0 0 0 0 0 ]
CSI_DATA,AP,68:FE:71:12:53:8C,-39,11,1,4,1,1,1,0,0,0,0,-96,0,6,1,57647212,0,84,0,0,57.647,384,[84 -64 4 0 0 0 0 0 0 0 0 0 9 -18 8 -22 10 -21 12 -18 11 -17 9 -19 9 -18 11 -16 12 -18 14 -17 13 -16 12 -19 12 -17 14 -18 14 -16 11 -18 14 -17 12 -13 11 -17 11 -14 9 -13 13 -15 12 -14 13 -14 12 -15 9 -14 0 -1 9 -15 10 -15 11 -14 11 -12 9 -12 9 -14 8 -14 6 -13 7 -13 6 -15 8 -17 6 -13 10 -14 7 -14 9 -15 7 -15 6 -17 5 -14 7 -16 7 -15 7 -14 7 -15 5 -15 4 -16 7 -15 7 -18 1 0 0 0 0 0 0 0 0 0 ]
CSI_DATA,AP,68:FE:71:12:53:8C,-31,11,1,7,1,1,1,0,0,0,0,-93,0,6,1,57724671,0,84,0,0,57.725,384,[84 -64 4 0 0 0 0 0 0 0 0 0 -17 10 -15 10 -16 14 -20 14 -19 9 -16 11 -18 10 -17 8 -18 7 -20 8 -19 9 -20 9 -17 6 -21 9 -19 6 -21 8 -16 6 -17 3 -19 6 -15 7 -16 5 -17 4 -15 4 -17 6 -16 6 -18 6 -1 -2 -18 5 -18 8 -16 9 -16 8 -14 6 -17 8 -16 9 -14 9 -14 6 -13 11 -16 11 -15 8 -11 8 -11 11 -12 10 -16 9 -11 9 -14 10 -14 11 -11 13 -13 12 -10 9 -13 12 -10 14 -11 12 -11 11 -1 1 0 0 0 0 0 0 0 0 ]
CSI_DATA,AP,68:FE:71:12:53:8C,-38,11,1,6,1,1,1,0,0,0,0,-93,0,6,1,57816138,0,84,0,0,57.816,384,[84 -64 4 0 0 0 0 0 0 0 0 0 -11 -16 -9 -17 -9 -21 -10 -19 -9 -20 -10 -19 -7 -20 -4 -22 -6 -19 -8 -17 -7 -20 -7 -23 -4 -23 -7 -21 -5 -19 -7 -22 -3 -17 -5 -17 -4 -18 -3 -20 -2 -17 -3 -16 -5 -16 -6 -17 -7 -17 -5 -16 2 -2 -7 -17 -7 -17 -6 -17 -5 -18 -5 -15 -4 -19 -4 -15 -5 -18 -5 -13 -8 -14 -7 -13 -9 -14 -10 -17 -8 -14 -8 -13 -10 -16 -11 -17 -8 -13 -9 -13 -9 -13 -11 -13 -8 -14 -12 -15 -14 -15 -10 -12 -12 -11 2 -1 0 0 0 0 0 0 0 0 ]
CSI_DATA,AP,68:FE:71:12:53:8C,-33,11,1,7,1,1,1,1,0,0,0,-94,3,6,1,57899831,0,84,0,0,57.9,384,[84 -64 4 0 0 0 0 0 0 0 0 0 -4 19 -4 20 -6 24 -4 22 -7 22 -8 18 -8 20 -9 19 -6 20 -9 20 -10 21 -8 19 -9 20 -8 17 -9 16 -11 19 -8 19 -9 17 -11 18 -8 19 -8 17 -9 16 -7 16 -9 16 -7 17 -10 19 1 -1 -8 18 -9 19 -7 18 -5 18 -4 14 -4 19 -4 14 -7 18 -5 17 -3 16 -5 18 -5 14 -1 19 -3 15 -5 15 0 18 -2 16 -2 16 -1 17 -3 18 -2 18 -3 16 0 19 -1 18 0 16 0 17 0 0 0 0 0 0 0 0 0 0 ]
CSI_DATA,AP,68:FE:71:12:53:8C,-31,11,1,7,1,1,1,1,0,0,0,-95,2,6,1,57979990,0,84,0,0,57.98,384,[84 -64 4 0 0 0 0 0 0 0 0 0 -14 -15 -16 -16 -16 -18 -18 -21 -13 -16 -13 -18 -11 -21 -9 -17 -11 -20 -11 -19 -9 -20 -12 -21 -11 -18 -12 -20 -8 -19 -9 -20 -8 -17 -7 -16 -9 -16 -10 -16 -10 -19 -7 -18 -9 -15 -6 -17 -10 -20 -8 -18 0 2 -10 -15 -7 -15 -11 -16 -12 -15 -7 -13 -9 -14 -8 -15 -10 -17 -8 -13 -8 -14 -10 -13 -8 -16 -9 -12 -9 -14 -10 -16 -12 -14 -11 -17 -15 -13 -11 -16 -15 -11 -10 -14 -13 -15 -16 -14 -14 -15 -12 -12 -12 -11 -2 2 0 0 0 0 0 0 0 0 ]
CSI_DATA,AP,68:FE:71:12:53:8C,-37,11,1,6,1,1,1,0,0,0,0,-94,0,6,1,58079186,0,84,0,0,58.079,384,[84 -64 4 0 0 0 0 0 0 0 0 0 -6 -19 -7 -19 -7 -21 -4 -24 -8 -24 -3 -20 -5 -20 -4 -23 -3 -22 1 -24 -4 -23 -2 -25 -2 -21 -1 -24 0 -19 -2 -23 0 -19 -1 -18 0 -19 1 -18 2 -18 -2 -22 -1 -16 1 -22 -1 -18 -2 -21 1 1 -2 -19 -1 -21 -1 -17 -5 -18 -1 -20 0 -18 -1 -16 -2 -19 -1 -18 -1 -18 -3 -17 -6 -16 -6 -19 -5 -18 -3 -16 -7 -19 -8 -19 -7 -15 -7 -19 -5 -18 -5 -18 -8 -15 -7 -19 -7 -16 -8 -17 -8 -17 -2 -2 0 0 0 0 0 0 0 0 ]
CSI_DATA,AP,68:FE:71:12:53:8C,-34,11,1,6,1,1,1,0,0,0,1,-94,0,6,1,58157739,0,84,0,0,58.158,384,[84 -64 4 0 0 0 0 0 0 0 0 0 -15 17 -15 14 -13 14 -16 17 -17 13 -18 11 -18 13 -15 11 -15 14 -17 14 -19 13 -20 10 -17 10 -16 10 -18 9 -18 10 -17 12 -16 10 -18 7 -18 9 -15 8 -15 10 -13 9 -15 10 -15 11 -14 7 1 1 -13 9 -15 11 -14 10 -14 11 -15 7 -13 8 -13 10 -14 12 -14 11 -10 9 -15 12 -10 9 -14 13 -14 14 -12 13 -12 14 -14 14 -12 15 -10 11 -9 12 -12 11 -12 13 -11 14 -12 16 -10 13 -10 11 -1 1 0 0 0 0 0 0 0 0 ]
CSI_DATA,AP,68:FE:71:12:53:8C,-33,11,1,7,1,1,1,0,0,0,0,-96,0,6,1,58278036,0,84,0,0,58.278,384,[84 -64 4 0 0 0 0 0 0 0 0 0 -17 11 -17 9 -19 13 -22 10 -21 7 -18 9 -19 9 -21 9 -20 6 -21 7 -21 7 -19 5 -19 8 -19 6 -21 3 -23 6 -18 2 -16 5 -19 4 -17 2 -21 4 -18 4 -19 2 -19 4 -19 4 -16 6 2 1 -19 5 -18 6 -20 5 -14 6 -16 6 -16 6 -18 3 -18 5 -17 3 -14 6 -18 9 -14 6 -13 5 -14 8 -17 7 -14 7 -16 7 -16 7 -13 10 -12 10 -16 9 -13 9 -13 8 -16 10 -12 9 -12 9 -1 -1 0 0 0 0 0 0 0 0 ]
CSI_DATA,AP,68:FE:71:12:53:8C,-32,11,1,7,1,1,1,0,0,0,0,-96,0,6,1,58333630,0,84,0,0,58.334,384,[84 -64 4 0 0 0 0 0 0 0 0 0 -9 18 -8 18 -8 19 -10 20 -10 21 -13 17 -10 20 -13 18 -13 17 -13 19 -15 16 -13 19 -15 16 -17 18 -12 16 -16 17 -15 15 -13 15 -10 12 -11 16 -14 14 -10 14 -13 14 -11 14 -12 14 -11 16 2 2 -12 14 -12 14 -9 16 -9 13 -10 14 -9 13 -10 17 -7 17 -9 15 -9 16 -9 17 -9 13 -6 15 -5 17 -6 15 -9 18 -6 16 -4 16 -7 16 -5 18 -4 18 -7 15 -7 17 -4 16 -4 16 -6 16 1 -1 0 0 0 0 0 0 0 0 ]
CSI_DATA,AP,68:FE:71:12:53:8C,-33,11,1,7,1,1,1,0,0,0,0,-94,0,6,1,58417532,0,82,0,0,58.418,384,[84 -64 4 0 0 0 0 0 0 0 0 0 -15 16 -14 15 -19 16 -18 16 -18 11 -16 11 -21 12 -20 12 -17 9 -16 8 -21 10 -19 11 -18 10 -19 9 -18 7 -19 9 -20 7 -17 10 -16 10 -17 6 -16 6 -17 8 -14 9 -18 10 -16 9 -17 11 0 -2 -15 9 -17 9 -16 8 -15 9 -13 7 -15 10 -17 11 -16 11 -14 10 -14 9 -15 14 -15 10 -13 14 -11 11 -11 11 -14 14 -11 15 -11 13 -11 13 -11 11 -14 14 -9 14 -9 12 -12 16 -9 13 -11 15 -1 0 0 0 0 0 0 0 0 0 ]
CSI_DATA,AP,68:FE:71:12:53:8C,-36,11,1,6,1,1,1,0,0,0,0,-93,0,6,1,58513958,0,84,0,0,58.514,384,[84 -64 4 0 0 0 0 0 0 0 0 0 14 15 11 13 13 13 15 19 13 15 10 15 8 18 8 15 11 19 10 18 8 19 9 15 9 16 11 19 10 18 10 18 6 15 5 15 10 14 5 18 8 18 9 16 8 15 9 16 9 17 7 14 0 -2 9 16 6 14 7 15 6 12 7 15 8 12 7 12 10 10 9 10 10 12 10 12 10 12 10 9 9 10 11 9 14 14 9 13 12 10 12 12 10 7 11 9 10 8 14 7 13 7 11 7 14 10 2 2 0 0 0 0 0 0 0 0 ]
CSI_DATA,AP,68:FE:71:12:53:8C,-32,11,1,7,1,1,1,1,0,0,0,-95,2,6,1,58625327,0,84,0,0,58.625,384,[84 -64 4 0 0 0 0 0 0 0 0 0 -16 11 -18 9 -18 11 -20 8 -21 11 -16 7 -21 9 -18 4 -16 6 -18 7 -22 9 -19 8 -21 7 -18 6 -18 6 -21 7 -18 5 -16 6 -15 6 -19 6 -15 1 -16 2 -14 5 -19 6 -16 4 -16 6 2 1 -15 6 -18 9 -17 7 -14 9 -13 8 -16 8 -15 6 -14 5 -13 7 -16 8 -13 8 -13 9 -12 8 -15 7 -12 11 -15 10 -13 13 -14 9 -13 11 -10 8 -11 11 -12 9 -11 10 -14 15 -13 13 -10 9 0 -2 0 0 0 0 0 0 0 0 ]
CSI_DATA,AP,68:FE:71:12:53:8C,-30,11,1,7,1,1,1,0,0,0,0,-96,0,6,1,58701246,0,84,0,0,58.701,384,[84 -64 4 0 0 0 0 0 0 0 0 0 3 21 5 17 5 19 4 23 5 22 3 21 1 20 2 20 0 20 1 17 -1 19 0 20 -4 22 -2 21 -2 16 0 21 -4 20 -3 18 0 18 -1 19 -4 15 -1 19 -3 15 -5 16 -1 20 -4 17 -1 2 0 14 -3 19 1 19 -2 18 0 15 0 16 1 18 3 18 2 15 3 16 1 16 3 16 1 17 0 15 0 17 4 14 1 19 3 13 4 13 4 12 1 16 4 14 5 17 6 15 6 17 6 12 1 -1 0 0 0 0 0 0 0 0 ]
CSI_DATA,AP,68:FE:71:12:53:8C,-33,11,1,7,1,1,1,0,0,0,0,-95,0,6,1,58769873,0,84,0,0,58.77,384,[84 -64 4 0 0 0 0 0 0 0 0 0 -22 -5 -20 -9 -22 -8 -23 -8 -21 -9 -20 -9 -17 -12 -15 -12 -17 -14 -17 -10 -18 -13 -17 -11 -17 -12 -15 -13 -15 -13 -15 -14 -18 -12 -13 -10 -13 -14 -14 -14 -16 -10 -15 -14 -13 -13 -15 -14 -17 -11 -14 -10 -2 1 -17 -12 -16 -10 -15 -11 -14 -10 -14 -8 -14 -9 -14 -8 -16 -7 -14 -6 -16 -7 -19 -4 -15 -7 -15 -6 -18 -6 -14 -5 -17 -6 -16 -5 -17 -6 -19 -3 -14 -5 -19 -3 -17 -3 -15 -6 -19 -4 -19 -1 -16 -5 -2 2 0 0 0 0 0 0 0 0 ]
CSI_DATA,AP,68:FE:71:12:53:8C,-39,11,1,5,1,1,1,0,0,0,0,-95,0,6,1,58862586,0,84,0,0,58.863,384,[84 -64 4 0 0 0 0 0 0 0 0 0 11 -17 9 -15 12 -18 11 -20 14 -19 12 -16 16 -18 13 -12 12 -14 16 -13 17 -13 15 -14 18 -13 17 -11 12 -10 17 -12 16 -11 12 -11 13 -14 12 -12 14 -10 12 -13 14 -12 15 -9 14 -14 13 -12 -2 1 12 -13 12 -15 11 -12 13 -16 13 -13 9 -14 12 -15 11 -13 9 -14 8 -16 8 -16 11 -13 7 -16 7 -16 10 -13 8 -14 9 -14 8 -18 6 -14 6 -18 7 -14 7 -18 9 -15 8 -15 7 -17 8 -18 0 1 0 0 0 0 0 0 0 0 ]
CSI_DATA,AP,68:FE:71:12:53:8C,-34,11,1,7,1,1,1,1,0,0,0,-95,5,6,1,58973689,0,84,0,0,58.974,384,[84 -64 4 0 0 0 0 0 0 0 0 0 19 -11 16 -8 19 -7 20 -9 19 -9 20 -6 18 -8 19 -4 19 -5 19 -3 19 -3 18 -5 18 -1 18 -3 16 -4 20 -2 19 -5 20 -4 15 -2 19 -2 18 -5 17 -1 18 -4 18 -2 16 -3 18 -5 -1 0 14 -3 16 -3 16 -6 16 -4 13 -4 18 -4 15 -6 15 -7 17 -6 16 -8 15 -9 12 -6 15 -8 14 -9 14 -6 16 -7 15 -10 14 -7 15 -8 13 -12 12 -8 12 -7 14 -9 16 -8 15 -10 15 -10 2 -1 0 0 0 0 0 0 0 0 ]
CSI_DATA,AP,68:FE:71:12:53:8C,-33,11,1,7,1,1,1,0,0,0,0,-93,0,6,1,59067426,0,84,0,0,59.067,384,[84 -64 4 0 0 0 0 0 0 0 0 0 22 5 18 7 20 6 21 10 17 10 17 11 20 9 15 8 19 10 17 11 16 9 18 13 15 12 15 9 17 9 18 10 15 14 15 11 17 10 14 13 14 8 13 12 15 10 16 10 17 8 13 11 2 2 16 8 16 9 16 8 16 5 12 6 17 6 13 7 15 8 13 6 12 7 14 6 16 5 14 3 17 6 14 4 17 4 15 6 15 2 18 4 14 4 15 3 18 5 17 4 17 0 17 1 14 2 -2 -2 0 0 0 0 0 0 0 0 ]
CSI_DATA,AP,68:FE:71:12:53:8C,-34,11,1,6,1,1,1,0,0,0,0,-94,0,6,1,59154446,0,84,0,0,59.154,384,[84 -64 4 0 0 0 0 0 0 0 0 0 -19 8 -17 4 -18 8 -21 4 -19 3 -20 5 -21 2 -20 4 -20 1 -19 1 -20 2 -19 4 -20 1 -19 2 -18 1 -21 -1 -20 3 -20 2 -18 -1 -17 -2 -18 0 -18 -1 -18 2 -19 -2 -19 0 -19 1 -2 -2 -18 1 -15 3 -17 4 -18 4 -18 1 -19 3 -19 1 -14 6 -14 3 -18 7 -16 4 -17 5 -13 6 -15 7 -15 4 -16 8 -18 7 -13 9 -18 6 -16 8 -13 6 -17 9 -14 10 -17 11 -14 8 -15 7 -2 0 0 0 0 0 0 0 0 0 ]
CSI_DATA,AP,68:FE:71:12:53:8C,-36,11,1,6,1,1,1,0,0,0,0,-95,0,6,1,59237007,0,84,0,0,59.237,384,[84 -64 4 0 0 0 0 0 0 0 0 0 -9 20 -11 17 -11 19 -13 17 -12 14 -13 14 -15 12 -14 11 -13 13 -16 14 -16 13 -17 14 -14 13 -14 12 -12 10 -15 12 -12 11 -12 10 -15 9 -12 10 -14 9 -13 8 -14 8 -13 13 -16 13 -15 11 0 -1 -12 11 -10 11 -11 12 -13 13 -10 12 -11 13 -9 12 -10 13 -10 12 -13 11 -8 15 -11 12 -10 16 -8 14 -8 14 -11 12 -11 16 -8 14 -7 12 -7 14 -8 15 -7 13 -9 16 -9 16 -9 16 -6 13 0 2 0 0 0 0 0 0 0 0 ]
CSI_DATA,AP,68:FE:71:12:53:8C,-33,11,1,7,1,1,1,0,0,0,0,-96,0,6,1,59321534,0,84,0,0,59.322,384,[84 -64 4 0 0 0 0 0 0 0 0 0 -16 -10 -16 -14 -17 -13 -19 -12 -18 -12 -13 -16 -17 -16 -13 -16 -14 -14 -11 -15 -12 -18 -13 -16 -13 -15 -13 -15 -10 -15 -15 -15 -9 -15 -9 -16 -13 -17 -13 -13 -9 -14 -9 -16 -12 -16 -11 -17 -12 -16 -9 -15 -2 -2 -11 -12 -12 -16 -12 -15 -12 -12 -11 -14 -12 -12 -12 -11 -12 -14 -13 -10 -11 -11 -13 -11 -12 -9 -13 -11 -13 -13 -13 -13 -13 -12 -13 -9 -15 -11 -14 -11 -14 -11 -16 -8 -14 -9 -14 -11 -17 -8 -14 -10 -14 -9 -2 0 0 0 0 0 0 0 0 0 ]
CSI_DATA,AP,68:FE:71:12:53:8C,-36,11,1,6,1,1,1,0,0,0,0,-95,0,6,1,59405841,0,84,0,0,59.406,384,[84 -64 4 0 0 0 0 0 0 0 0 0 -14 16 -13 14 -18 17 -19 16 -15 14 -17 14 -17 12 -17 11 -18 8 -15 9 -19 14 -20 11 -20 10 -16 10 -16 7 -19 11 -18 11 -18 10 -15 10 -19 10 -18 8 -17 8 -17 8 -18 8 -18 7 -15 9 -2 2 -14 9 -14 9 -12 10 -13 13 -15 7 -14 11 -16 12 -13 12 -14 12 -10 13 -12 12 -9 13 -12 12 -11 11 -11 15 -12 14 -12 16 -12 16 -10 12 -10 15 -12 16 -11 13 -9 13 -8 14 -10 13 -8 15 -1 0 0 0 0 0 0 0 0 0 ]
CSI_DATA,AP,68:FE:71:12:53:8C,-35,11,1,5,1,1,1,0,0,0,0,-94,0,6,1,59512458,0,84,0,0,59.512,384,[84 -64 4 0 0 0 0 0 0 0 0 0 10 19 8 17 8 20 9 22 8 18 5 19 5 17 3 20 4 20 3 18 4 19 0 18 2 18 2 18 0 17 1 18 1 20 -1 17 2 18 3 20 0 18 1 20 2 16 -1 18 3 20 -1 19 1 -1 -1 14 3 17 4 18 1 16 0 13 3 17 1 16 5 14 4 15 3 14 5 15 5 14 6 13 7 14 5 15 7 13 8 14 6 14 8 13 6 13 8 12 5 13 8 12 7 15 6 12 6 14 -2 2 0 0 0 0 0 0 0 0 ]
CSI_DATA,AP,68:FE:71:12:53:8C,-34,11,0,0,0,0,0,0,0,0,0,-95,0,6,1,59621518,0,37,0,0,59.622,128,[84 -64 4 0 0 0 0 0 0 0 0 0 20 -1 20 0 19 -2 21 2 19 2 18 2 17 4 18 2 17 3 19 6 18 2 20 6 18 4 19 6 20 7 19 5 19 5 13 6 17 5 18 7 15 5 17 6 15 7 18 4 19 7 16 4 1 -1 18 6 15 4 18 3 16 2 16 5 16 5 18 6 15 3 15 3 13 -1 16 3 13 3 16 1 18 3 17 -1 19 -1 18 2 16 -3 14 -1 17 -4 16 0 16 1 17 -1 14 -5 15 -3 14 -1 -2 -1 0 0 0 0 0 0 0 0 ]
CSI_DATA,AP,68:FE:71:12:53:8C,-39,11,1,6,1,1,1,1,0,0,0,-95,1,6,1,59705721,0,84,0,0,59.706,384,[84 -64 4 0 0 0 0 0 0 0 0 0 -12 15 -17 14 -18 10 -19 13 -15 9 -14 9 -15 8 -15 8 -17 6 -16 9 -15 8 -17 7 -19 9 -17 10 -14 9 -15 7 -18 8 -13 7 -14 8 -15 5 -17 5 -14 4 -12 4 -15 9 -16 8 -17 9 -1 0 -16 7 -14 8 -15 6 -14 10 -15 7 -15 10 -13 8 -11 10 -12 7 -12 8 -11 13 -12 9 -11 13 -11 9 -10 11 -10 13 -10 10 -12 12 -13 11 -10 9 -10 10 -8 11 -8 12 -11 13 -11 10 -12 15 -1 -2 0 0 0 0 0 0 0 0 ]
CSI_DATA,AP,68:FE:71:12:53:8C,-36,11,1,6,1,1,1,0,0,0,0,-95,0,6,1,59783072,0,84,0,0,59.783,384,[84 -64 4 0 0 0 0 0 0 0 0 0 14 13 12 15 11 14 11 14 9 15 8 13 10 12 7 12 7 15 9 14 12 13 12 17 9 16 11 16 9 16 8 16 5 13 6 12 8 16 5 15 8 14 5 15 7 12 5 14 8 14 7 14 -2 0 10 14 7 13 6 12 7 11 10 11 10 14 11 13 8 11 8 12 9 8 12 9 8 10 9 8 9 8 10 9 12 8 12 8 11 10 9 11 12 8 13 7 13 10 13 8 11 6 11 5 13 7 -2 2 0 0 0 0 0 0 0 0 ]
CSI_DATA,AP,68:FE:71:12:53:8C,-35,11,1,7,1,1,1,0,0,0,0,-95,0,6,1,59877499,0,84,0,0,59.877,384,[84 -64 4 0 0 0 0 0 0 0 0 0 -6 18 -7 17 -7 19 -6 17 -9 15 -8 17 -8 16 -7 15 -12 18 -9 13 -12 16 -10 15 -13 18 -13 14 -12 14 -9 14 -9 15 -9 12 -7 12 -10 15 -7 15 -8 13 -8 10 -10 11 -12 12 -7 14 -2 0 -6 13 -11 13 -7 15 -9 12 -7 11 -6 11 -5 11 -5 15 -4 13 -5 11 -6 16 -3 14 -8 13 -8 15 -5 12 -5 17 -6 14 -5 13 -3 15 -4 13 -3 14 -5 13 -3 13 -3 13 -5 16 -4 15 -2 -1 0 0 0 0 0 0 0 0 ]
CSI_DATA,AP,68:FE:71:12:53:8C,-32,11,1,7,1,1,1,0,0,0,0,-94,0,6,1,59969265,0,84,0,0,59.969,384,[84 -64 4 0 0 0 0 0 0 0 0 0 20 -9 21 -6 20 -6 23 -4 20 -6 17 -3 22 -2 18 -2 18 -1 22 -1 21 0 20 1 18 0 21 0 18 2 19 1 19 1 17 2 19 2 20 1 16 1 19 3 14 -1 19 2 17 3 18 -1 2 1 18 1 17 -1 18 -2 18 -2 14 1 15 0 15 1 14 -2 15 -3 17 -2 16 -1 16 -3 14 -3 15 -1 16 -4 18 -5 16 -5 14 -5 17 -5 16 -5 14 -7 15 -5 18 -7 18 -7 17 -5 16 -4 2 0 0 0 0 0 0 0 0 0 ]
CSI_DATA,AP,68:FE:71:12:53:8C,-32,11,1,7,1,1,1,0,0,0,0,-95,0,6,1,60047874,0,84,0,0,60.048,384,[84 -64 4 0 0 0 0 0 0 0 0 0 0 -30 2 -27 3 -32 1 -30 6 -30 4 -29 7 -25 9 -25 6 -27 7 -26 8 -26 9 -28 8 -25 6 -28 9 -25 6 -28 6 -25 6 -23 5 -25 8 -25 6 -23 9 -23 6 -21 6 -24 9 -23 8 -20 -1 1 7 -19 5 -21 4 -24 4 -19 5 -19 4 -23 5 -22 5 -20 0 -19 -1 -18 2 -19 1 -21 -1 -19 -1 -21 -2 -21 1 -19 1 -22 -2 -17 -4 -16 -5 -16 -3 -18 -1 -16 -4 -18 -4 -16 -6 -17 -4 -18 1 0 0 0 0 0 0 0 0 0 ]
CSI_DATA,AP,68:FE:71:12:53:8C,-30,11,1,6,1,1,1,0,0,0,0,-94,0,6,1,60152771,0,84,0,0,60.153,384,[84 -64 4 0 0 0 0 0 0 0 0 0 3 17 3 15 3 19 4 16 3 16 2 14 2 18 -2 14 3 16 -2 15 -2 16 -2 19 -1 17 -3 19 1 17 -3 18 -3 13 -1 13 0 14 -2 15 1 15 1 17 -1 16 -2 13 1 16 0 15 2 2 0 13 0 15 0 12 0 12 -1 15 2 12 0 14 0 12 3 12 1 14 1 12 3 11 4 11 6 13 6 12 5 15 6 16 4 14 3 14 7 10 3 11 7 11 6 11 5 12 8 11 6 12 0 0 0 0 0 0 0 0 0 0 ]
CSI_DATA,AP,68:FE:71:12:53:8C,-31,11,1,7,1,1,1,0,0,0,0,-96,0,6,1,60246240,0,84,0,0,60.246,384,[84 -64 4 0 0 0 0 0 0 0 0 0 10 -15 11 -16 15 -18 13 -16 13 -15 13 -10 15 -14 11 -12 14 -12 16 -9 17 -12 14 -11 13 -12 13 -10 13 -10 17 -13 16 -10 15 -8 11 -11 13 -11 13 -11 11 -9 14 -6 12 -7 12 -9 14 -11 -2 -2 14 -8 11 -11 11 -11 9 -10 13 -8 10 -11 13 -11 8 -10 9 -13 8 -14 12 -10 11 -10 10 -14 7 -13 7 -13 8 -12 10 -16 9 -15 12 -15 9 -11 10 -11 8 -11 8 -15 10 -14 8 -12 10 -12 -2 -1 0 0 0 0 0 0 0 0 ]
CSI_DATA,AP,68:FE:71:12:53:8C,-34,11,1,5,1,1,1,1,0,0,0,-96,5,6,1,60328662,0,84,0,0,60.329,384,[84 -64 4 0 0 0 0 0 0 0 0 0 18 1 19 -2 17 0 19 0 17 4 15 2 15 2 16 2 18 4 18 5 16 4 19 3 15 7 15 4 13 7 15 3 17 5 12 2 13 4 17 7 13 5 14 3 11 7 13 4 14 7 13 4 0 0 15 6 15 5 15 2 13 3 13 2 12 5 15 4 14 4 11 2 14 2 12 -1 15 0 15 1 11 -2 14 -1 15 0 14 0 16 -2 15 -3 12 -1 13 -3 14 0 13 -4 13 -4 14 -3 11 -1 1 1 0 0 0 0 0 0 0 0 ]
CSI_DATA,AP,68:FE:71:12:53:8C,-33,11,1,7,1,1,1,0,0,0,0,-95,0,6,1,60416954,0,84,0,0,60.417,384,[84 -64 4 0 0 0 0 0 0 0 0 0 -3 8 -2 6 -1 9 -3 10 -1 6 -3 5 -2 6 -6 9 -2 6 -3 6 -4 9 -3 6 -3 7 -3 8 -4 7 -5 8 -7 8 -6 4 -5 4 -6 8 -5 4 -4 7 -5 3 -4 6 -7 5 -7 4 2 -2 -2 6 -6 8 -6 7 -4 7 -4 5 -4 7 -4 4 -4 4 -5 5 -3 8 -4 8 -2 7 -3 4 -4 9 -2 6 -2 5 -1 8 -1 6 -1 8 0 5 -4 5 -4 9 -3 9 -2 8 0 5 -3 8 2 -2 0 0 0 0 0 0 0 0 ]
CSI_DATA,AP,68:FE:71:12:53:8C,-39,11,1,5,1,1,1,0,0,0,0,-93,0,6,1,60492464,0,84,0,0,60.492,384,[84 -64 4 0 0 0 0 0 0 0 0 0 -20 1 -23 1 -25 3 -24 2 -24 -1 -19 -3 -23 -4 -21 -3 -19 -5 -20 -2 -22 -6 -20 -3 -19 -5 -22 -5 -21 -3 -23 -3 -19 -6 -20 -6 -20 -4 -20 -7 -20 -5 -16 -5 -17 -4 -19 -6 -18 -7 -16 -5 0 2 -15 -4 -16 -4 -16 -4 -19 -3 -15 -4 -17 -1 -17 -1 -16 -4 -17 -3 -18 1 -15 2 -15 1 -17 1 -14 2 -15 2 -17 2 -16 3 -15 1 -17 1 -18 2 -15 0 -16 2 -14 1 -15 6 -16 2 -13 1 0 -1 0 0 0 0 0 0 0 0 ]
CSI_DATA,AP,68:FE:71:12:53:8C,-31,11,1,7,1,1,1,0,0,0,0,-93,0,6,1,60592089,0,84,0,0,60.592,384,[84 -64 4 0 0 0 0 0 0 0 0 0 17 7 17 10 16 10 18 10 18 9 15 12 16 9 13 10 11 10 10 12 15 12 15 13 14 11 12 11 12 11 10 8 13 11 11 6 9 8 9 9 12 8 8 9 11 6 12 8 8 9 10 8 0 1 8 7 9 8 9 5 11 5 8 3 11 6 9 7 13 4 10 4 13 2 12 2 10 3 14 0 11 1 11 4 14 2 11 3 13 1 14 2 13 1 12 2 15 -1 12 3 15 1 11 0 11 1 -2 2 0 0 0 0 0 0 0 0 ]
CSI_DATA,AP,68:FE:71:12:53:8C,-34,11,1,5,1,1,1,0,0,0,0,-95,0,6,1,60668711,0,84,0,0,60.669,384,[84 -64 4 0 0 0 0 0 0 0 0 0 17 12 18 7 15 11 17 10 14 9 16 9 14 12 15 10 14 12 10 12 11 11 12 13 11 13 9 9 8 8 9 12 8 12 11 10 9 8 9 10 10 8 9 10 9 9 9 8 8 8 9 9 -1 2 12 6 11 7 12 7 9 4 9 4 9 3 9 3 8 4 9 5 13 3 11 0 9 3 13 1 10 2 11 2 11 3 11 1 10 -1 13 3 12 -2 12 -1 13 0 10 -2 12 -3 11 -1 14 2 2 1 0 0 0 0 0 0 0 0 ]
CSI_DATA,AP,68:FE:71:12:53:8C,-41,11,0,0,0,0,0,0,0,0,0,-94,0,6,1,60768101,0,37,0,0,60.768,128,[84 -64 4 0 0 0 0 0 0 0 0 0 15 17 11 13 12 18 11 15 12 15 9 15 11 15 6 13 10 14 6 15 6 17 5 18 4 13 4 13 6 15 4 14 4 12 6 14 6 11 6 12 3 10 4 13 4 9 3 12 5 11 5 10 -1 1 5 7 8 7 7 6 5 4 7 5 6 7 7 6 5 4 6 3 6 3 8 5 6 5 10 2 7 4 10 2 10 0 8 1 11 0 11 0 7 2 12 2 10 1 9 2 12 1 12 0 8 -1 2 0 0 0 0 0 0 0 0 0 ]
CSI_DATA,AP,68:FE:71:12:53:8C,-32,11,1,7,1,1,1,1,0,0,0,-96,4,6,1,60845754,0,84,0,0,60.846,384,[84 -64 4 0 0 0 0 0 0 0 0 0 -38 -3 -38 -3 -37 -1 -37 -5 -35 -8 -34 -7 -31 -11 -30 -9 -30 -8 -28 -7 -30 -12 -31 -8 -29 -8 -28 -11 -24 -12 -28 -9 -26 -8 -24 -7 -22 -6 -23 -8 -22 -8 -19 -9 -18 -8 -20 -6 -19 -6 -19 -6 2 -1 -18 -5 -19 -2 -16 -3 -18 -1 -17 -1 -18 -1 -15 -1 -16 3 -17 2 -13 5 -17 2 -14 2 -14 4 -13 5 -11 4 -13 6 -11 8 -12 7 -11 5 -13 6 -14 8 -12 10 -12 8 -11 9 -9 10 -8 11 -1 -1 0 0 0 0 0 0 0 0 ]
CSI_DATA,AP,68:FE:71:12:53:8C,-30,11,0,0,0,0,0,0,0,0,0,-94,0,6,1,60960480,0,37,0,0,60.96,128,[84 -64 4 0 0 0 0 0 0 0 0 0 31 -1 32 2 34 2 32 2 29 4 28 6 27 6 29 6 28 9 23 8 26 9 27 4 26 7 26 6 24 5 25 5 20 8 17 6 17 7 21 5 16 6 17 2 17 5 19 2 17 1 15 0 1 -1 15 -1 16 2 16 1 11 -3 14 -2 12 -2 12 -4 10 -4 10 -5 9 -4 11 -7 10 -7 10 -5 10 -7 12 -7 9 -9 9 -8 7 -7 8 -10 6 -9 10 -11 7 -7 8 -10 5 -9 6 -12 6 -12 -2 0 0 0 0 0 0 0 0 0 ]
CSI_DATA,AP,68:FE:71:12:53:8C,-37,11,1,6,1,1,1,0,0,0,0,-95,0,6,1,61040126,0,84,0,0,61.04,384,[84 -64 4 0 0 0 0 0 0 0 0 0 0 18 0 15 -3 18 -2 19 -3 16 -2 16 -7 14 -5 16 -5 13 -3 16 -7 14 -7 15 -3 13 -6 13 -7 14 -5 13 -3 15 -7 12 -4 14 -7 15 -7 13 -3 14 -2 12 -3 13 -3 15 -3 13 -1 0 -3 12 -1 13 -2 13 0 16 -3 15 -4 17 -2 17 -3 13 -3 16 -4 17 -1 16 0 15 -4 13 0 15 -1 14 -4 14 0 16 -2 16 -2 15 -3 14 -1 15 -1 14 -1 16 -1 16 1 13 -3 15 2 1 0 0 0 0 0 0 0 0 ]
CSI_DATA,AP,68:FE:71:12:53:8C,-36,11,1,7,1,1,1,0,0,0,0,-94,0,6,1,61142025,0,84,0,0,61.142,384,[84 -64 4 0 0 0 0 0 0 0 0 0 -7 20 -5 18 -9 22 -10 21 -11 19 -11 21 -9 22 -11 21 -9 18 -8 19 -13 20 -13 20 -11 20 -13 22 -11 19 -14 23 -11 18 -14 18 -13 19 -12 21 -13 17 -14 18 -12 19 -13 18 -13 22 -14 22 1 0 -11 18 -10 23 -12 21 -10 20 -10 22 -9 22 -12 21 -9 20 -8 23 -9 18 -11 22 -7 20 -9 22 -8 20 -9 21 -8 24 -8 22 -6 20 -9 23 -7 20 -8 24 -7 20 -6 21 -7 23 -7 20 -8 19 2 -2 0 0 0 0 0 0 0 0 ]
CSI_DATA,AP,68:FE:71:12:53:8C,-35,11,1,6,1,1,1,0,0,0,0,-93,0,6,1,61234931,0,84,0,0,61.235,384,[84 -64 4 0 0 0 0 0 0 0 0 0 15 -13 18 -10 17 -12 17 -10 20 -10 20 -8 17 -11 18 -11 16 -7 17 -6 17 -9 19 -8 20 -10 17 -10 19 -8 21 -5 19 -4 15 -4 18 -6 18 -6 16 -3 19 -4 15 -6 18 -5 18 -6 16 -7 0 -2 17 -4 14 -6 18 -5 14 -7 15 -5 16 -9 17 -5 12 -9 14 -6 12 -9 15 -10 12 -6 12 -11 11 -8 13 -7 15 -8 11 -9 12 -12 13 -11 10 -8 14 -11 9 -12 9 -11 9 -12 11 -11 9 -9 2 -2 0 0 0 0 0 0 0 0 ]
CSI_DATA,AP,68:FE:71:12:53:8C,-34,11,1,6,1,1,1,0,0,0,0,-94,0,6,1,61311472,0,84,0,0,61.311,384,[84 -64 4 0 0 0 0 0 0 0 0 0 2 20 4 18 1 18 1 22 -1 18 2 19 1 18 1 17 -3 20 -1 19 -2 19 -2 17 -1 16 -1 20 -4 15 -1 20 -3 15 -3 17 -5 15 -5 16 -5 14 -4 15 -5 16 -4 14 0 15 -1 18 1 1 -4 17 -3 16 -4 17 -4 14 0 13 -1 17 0 12 -3 15 0 15 -1 15 0 16 1 13 0 13 -1 14 -1 13 -1 13 3 12 1 13 0 14 -1 12 -1 13 3 11 1 14 2 11 1 10 3 10 2 -2 0 0 0 0 0 0 0 0 ]
CSI_DATA,AP,68:FE:71:12:53:8C,-35,11,1,5,1,1,1,0,0,0,0,-94,0,6,1,61394328,0,84,0,0,61.394,384,[84 -64 4 0 0 0 0 0 0 0 0 0 17 5 16 9 16 7 19 9 19 12 18 13 15 9 15 12 20 14 14 14 14 13 15 13 16 19 17 14 15 18 15 18 14 18 15 15 14 15 15 15 14 14 12 17 10 16 13 17 15 17 15 17 -1 -1 13 17 16 16 12 17 13 16 13 13 13 13 13 16 15 14 15 11 16 13 14 12 15 13 16 12 16 9 18 12 18 10 17 11 16 11 16 12 16 10 17 12 19 8 17 9 20 9 17 7 16 9 0 -1 0 0 0 0 0 0 0 0 ]
CSI_DATA,AP,68:FE:71:12:53:8C,-35,11,1,6,1,1,1,0,0,0,0,-95,0,6,1,61479497,0,84,0,0,61.479,384,[84 -64 4 0 0 0 0 0 0 0 0 0 -13 -3 -16 -4 -17 -5 -14 -7 -18 -5 -16 -8 -16 -5 -15 -8 -14 -6 -17 -9 -19 -9 -20 -9 -18 -11 -16 -10 -14 -11 -19 -11 -18 -12 -17 -10 -15 -12 -15 -13 -14 -10 -14 -13 -12 -9 -17 -13 -18 -10 -15 -11 -2 2 -13 -11 -17 -11 -15 -13 -15 -7 -17 -10 -17 -12 -18 -9 -17 -11 -18 -11 -18 -9 -15 -9 -14 -10 -18 -8 -16 -8 -19 -5 -15 -6 -17 -6 -17 -6 -19 -5 -18 -6 -18 -9 -15 -3 -20 -6 -17 -8 -15 -5 -18 -4 1 0 0 0 0 0 0 0 0 0 ]
CSI_DATA,AP,68:FE:71:12:53:8C,-35,11,1,6,1,1,1,0,0,0,0,-96,0,6,1,61597712,0,84,0,0,61.598,384,[84 -64 4 0 0 0 0 0 0 0 0 0 5 -21 4 -20 5 -22 6 -21 4 -20 6 -22 6 -21 6 -19 10 -18 9 -19 9 -21 5 -18 7 -22 9 -20 9 -20 11 -20 6 -18 7 -17 7 -15 7 -15 8 -16 10 -16 5 -14 9 -16 5 -15 6 -19 1 -1 5 -17 6 -15 6 -19 6 -17 7 -17 6 -15 6 -18 2 -15 2 -15 4 -15 4 -18 5 -15 1 -18 0 -14 1 -15 0 -18 3 -15 3 -15 0 -15 1 -16 3 -18 0 -18 1 -14 -3 -18 2 -14 -2 -17 1 0 0 0 0 0 0 0 0 0 ]
CSI_DATA,AP,68:FE:71:12:53:8C,-37,11,1,6,1,1,1,0,0,0,0,-94,0,6,1,61685881,0,84,0,0,61.686,384,[82 -96 4 0 0 0 0 0 0 0 0 0 -18 0 -23 -4 -21 -2 -19 -5 -20 -3 -18 -6 -21 -4 -22 -7 -19 -7 -19 -8 -21 -7 -20 -9 -18 -7 -18 -5 -20 -4 -21 -5 -19 -4 -19 -9 -20 -7 -17 -8 -19 -5 -15 -9 -16 -7 -15 -5 -19 -5 -18 -6 0 -1 -14 -4 -16 -3 -16 -5 -18 -6 -14 -2 -18 -6 -17 -6 -14 -1 -18 -2 -15 0 -15 -1 -17 -2 -14 0 -16 -4 -18 -2 -18 -1 -15 1 -17 1 -17 -2 -19 0 -19 -1 -19 -1 -19 -1 -15 3 -17 -1 -19 0 -2 0 0 0 0 0 0 0 0 0 ]
CSI_DATA,AP,68:FE:71:12:53:8C,-38,11,1,6,1,1,1,0,0,0,0,-94,0,6,1,61783419,0,84,0,0,61.783,384,[84 -64 4 0 0 0 0 0 0 0 0 0 8 17 6 17 9 17 6 19 9 17 9 19 6 20 5 16 2 17 3 16 6 19 6 18 2 19 6 16 1 16 2 16 0 17 2 18 2 15 3 16 3 14 0 17 3 13 4 17 4 16 4 14 2 2 2 16 2 14 1 16 2 14 5 13 3 15 2 16 4 16 1 15 2 13 6 16 4 12 4 15 7 15 4 12 7 12 7 13 8 14 7 15 7 14 5 12 5 12 9 12 6 11 9 14 5 15 -1 0 0 0 0 0 0 0 0 0 ]
CSI_DATA,AP,68:FE:71:12:53:8C,-30,11,1,6,1,1,1,0,0,0,0,-95,0,6,1,61847209,0,84,0,0,61.847,384,[84 -64 4 0 0 0 0 0 0 0 0 0 -5 -17 -5 -15 -6 -17 -6 -19 -5 -19 -5 -16 -5 -19 -4 -16 -4 -17 -3 -20 -4 -18 -3 -17 1 -16 -3 -17 0 -16 0 -19 1 -14 0 -18 1 -18 -3 -16 -1 -15 1 -18 1 -15 1 -14 1 -13 -1 -15 -2 0 -1 -14 -4 -14 -4 -14 -5 -16 -5 -16 -5 -16 -4 -12 -1 -14 -4 -15 -2 -16 -5 -12 -6 -13 -6 -12 -6 -14 -4 -15 -5 -11 -8 -15 -5 -13 -6 -11 -7 -15 -5 -13 -9 -11 -8 -15 -9 -12 -8 -12 -9 -12 -1 -1 0 0 0 0 0 0 0 0 ]
CSI_DATA,AP,68:FE:71:12:53:8C,-35,11,1,6,1,1,1,0,0,0,0,-93,0,6,1,61936557,0,84,0,0,61.937,384,[84 -64 4 0 0 0 0 0 0 0 0 0 20 7 19 6 20 7 19 7 18 8 18 6 15 10 19 7 16 7 16 8 18 12 13 12 15 11 15 12 14 9 14 9 15 12 13 8 13 11 15 10 13 7 11 7 14 11 14 8 11 8 11 11 2 0 14 10 13 8 12 10 11 5 11 8 14 7 15 8 12 5 12 8 12 6 13 6 13 7 12 8 14 4 11 2 14 5 13 3 16 5 14 2 12 4 12 4 16 4 15 6 14 3 13 5 16 2 2 -1 0 0 0 0 0 0 0 0 ]
CSI_DATA,AP,68:FE:71:12:53:8C,-34,11,1,5,1,1,1,0,0,0,0,-94,0,6,1,61999657,0,84,0,0,62,384,[37 80 2 0 0 0 0 0 0 0 0 0 23 17 22 16 22 16 25 18 22 21 21 18 21 20 18 22 21 23 21 19 19 21 19 22 17 20 17 22 14 19 18 22 18 21 16 17 17 18 14 18 16 17 14 19 15 16 15 20 16 20 17 18 1 1 16 19 14 16 19 15 19 14 18 16 16 14 19 13 15 12 20 16 19 15 21 13 16 11 16 11 16 12 17 14 21 12 22 14 19 12 18 14 19 11 20 11 19 8 18 9 20 8 19 7 20 11 -2 -2 0 0 0 0 0 0 0 0 ]
CSI_DATA,AP,68:FE:71:12:53:8C,-36,11,1,7,1,1,1,0,0,0,0,-96,0,6,1,62097114,0,84,0,0,62.097,384,[84 -64 4 0 0 0 0 0 0 0 0 0 18 12 18 10 14 13 16 13 15 10 15 9 14 14 16 14 12 11 12 12 15 12 11 14 12 15 11 11 10 14 10 12 11 12 10 12 12 14 12 14 9 14 12 13 10 9 9 10 10 9 8 9 1 -1 8 9 10 11 10 10 10 11 12 11 13 7 11 11 12 10 13 6 14 6 11 8 11 10 12 6 10 9 13 6 13 6 12 7 13 8 11 4 15 6 13 4 12 4 16 7 13 3 14 4 14 4 -1 -2 0 0 0 0 0 0 0 0 ]
CSI_DATA,AP,68:FE:71:12:53:8C,-37,11,1,6,1,1,1,0,0,0,0,-96,0,6,1,62189421,0,84,0,0,62.189,384,[84 -64 4 0 0 0 0 0 0 0 0 0 15 8 14 10 15 11 14 11 15 13 14 12 16 12 14 9 14 9 13 10 13 14 11 11 10 13 11 11 12 13 13 10 9 9 11 11 13 11 9 11 10 11 11 9 10 9 12 12 8 12 12 10 0 0 12 7 10 9 9 10 13 9 12 9 12 7 13 6 9 7 10 6 14 5 12 6 14 4 14 4 13 8 13 6 12 3 12 8 14 3 12 5 14 6 14 5 11 4 12 4 13 4 12 3 13 6 0 1 0 0 0 0 0 0 0 0 ]
CSI_DATA,AP,68:FE:71:12:53:8C,-34,11,1,6,1,1,1,0,0,0,0,-94,0,6,1,62261485,0,82,0,0,62.261,384,[84 -64 4 0 0 0 0 0 0 0 0 0 18 4 16 9 20 8 19 7 17 6 19 11 14 10 18 9 16 11 16 8 18 12 18 11 14 13 16 13 16 13 14 13 14 10 13 9 14 10 11 11 13 12 11 8 11 7 13 7 12 7 11 11 0 -2 13 10 15 8 12 8 15 8 14 8 12 6 13 6 14 9 11 7 14 7 14 7 12 5 12 4 16 5 12 4 16 4 13 5 15 6 14 5 15 2 13 5 17 3 16 4 17 3 13 3 17 2 -1 0 0 0 0 0 0 0 0 0 ]
CSI_DATA,AP,68:FE:71:12:53:8C,-34,11,1,6,1,1,1,0,0,0,0,-93,0,6,1,62333132,0,84,0,0,62.333,384,[84 -64 4 0 0 0 0 0 0 0 0 0 -15 27 -16 28 -17 26 -16 28 -18 23 -17 22 -19 23 -17 22 -18 21 -20 23 -23 22 -21 24 -21 23 -20 23 -20 19 -23 19 -19 17 -18 19 -21 19 -20 20 -18 20 -17 17 -19 16 -18 21 -16 21 -17 17 1 2 -18 20 -18 20 -14 22 -16 21 -15 21 -13 21 -15 19 -14 20 -14 19 -12 21 -13 20 -11 17 -10 19 -12 21 -10 19 -13 23 -11 23 -12 20 -9 20 -10 22 -9 20 -11 21 -7 23 -9 23 -9 20 -8 20 -1 0 0 0 0 0 0 0 0 0 ]
CSI_DATA,AP,68:FE:71:12:53:8C,-33,11,1,7,1,1,1,1,0,0,0,-95,1,6,1,62394857,0,84,0,0,62.395,384,[84 -64 4 0 0 0 0 0 0 0 0 0 -17 11 -21 8 -18 6 -22 10 -21 9 -19 8 -20 4 -22 4 -18 5 -18 3 -22 7 -19 3 -20 3 -21 4 -18 3 -22 2 -20 2 -18 2 -21 2 -19 4 -18 3 -16 1 -16 5 -19 5 -20 6 -17 3 0 0 -19 5 -18 7 -17 6 -14 3 -16 7 -18 3 -16 4 -14 5 -15 7 -15 6 -15 6 -12 9 -14 7 -16 6 -15 8 -15 11 -14 10 -15 10 -17 8 -12 9 -15 7 -12 10 -12 8 -12 12 -12 9 -13 10 -1 2 0 0 0 0 0 0 0 0 ]
CSI_DATA,AP,68:FE:71:12:53:8C,-37,11,1,5,1,1,1,0,0,0,0,-94,0,6,1,62493910,0,84,0,0,62.494,384,[84 -64 4 0 0 0 0 0 0 0 0 0 29 -17 27 -14 30 -16 28 -11 31 -9 28 -8 27 -9 30 -8 27 -10 26 -6 32 -6 29 -9 30 -6 29 -5 26 -3 29 -5 25 -6 25 -7 25 -6 28 -6 23 -4 25 -4 25 -7 27 -4 24 -6 23 -7 0 -1 23 -8 23 -8 24 -7 22 -8 24 -6 22 -9 21 -9 22 -9 22 -8 20 -8 21 -12 23 -7 24 -11 23 -11 24 -11 21 -14 22 -13 22 -10 20 -12 21 -12 19 -14 21 -15 23 -13 22 -12 17 -12 21 -13 -2 -2 0 0 0 0 0 0 0 0 ]
CSI_DATA,AP,68:FE:71:12:53:8C,-32,11,1,7,1,1,1,0,0,0,0,-95,0,6,1,62586568,0,84,0,0,62.587,384,[84 -64 4 0 0 0 0 0 0 0 0 0 -4 -22 -5 -20 -4 -22 -4 -19 -1 -22 0 -21 2 -21 -1 -18 0 -20 -1 -19 4 -21 2 -20 1 -19 2 -22 3 -17 4 -21 1 -19 3 -19 2 -19 4 -19 1 -18 2 -20 3 -18 0 -18 3 -18 0 -18 2 -2 1 -14 3 -17 1 -16 -2 -16 2 -16 -2 -16 -2 -16 2 -17 1 -15 -2 -14 -3 -14 -3 -15 -1 -19 0 -19 -3 -17 -1 -14 -5 -18 -3 -15 -5 -15 -4 -18 -2 -15 -4 -15 -5 -15 -3 -16 -7 -16 -4 -14 -1 0 0 0 0 0 0 0 0 0 ]
CSI_DATA,AP,68:FE:71:12:53:8C,-34,11,1,6,1,1,1,0,0,0,0,-94,0,6,1,62656920,0,84,0,0,62.657,384,[84 -64 4 0 0 0 0 0 0 0 0 0 16 -7 14 -5 15 -8 15 -4 17 -5 19 -5 17 -3 18 -1 15 -4 14 -3 18 -4 15 -3 19 -3 16 -4 16 -1 17 -1 15 -3 15 -3 18 0 15 1 15 1 13 -3 15 -2 17 1 14 0 12 -1 0 -1 13 -1 13 0 14 -3 13 -4 13 -3 16 -3 14 -2 11 -3 13 -6 14 -6 14 -5 14 -4 15 -8 15 -7 10 -7 15 -6 14 -7 14 -8 14 -6 11 -8 11 -6 13 -8 12 -10 14 -8 10 -8 11 -7 -1 -1 0 0 0 0 0 0 0 0 ]
CSI_DATA,AP,68:FE:71:12:53:8C,-35,11,1,5,1,1,1,0,0,0,0,-96,0,6,1,62745857,0,84,0,0,62.746,384,[84 -64 4 0 0 0 0 0 0 0 0 0 2 -21 -1 -20 2 -17 5 -16 5 -19 2 -18 6 -17 2 -16 4 -17 5 -17 5 -16 5 -15 6 -16 7 -16 7 -15 5 -17 8 -15 3 -15 5 -17 6 -17 7 -14 6 -16 5 -16 6 -12 6 -15 3 -15 -1 -2 5 -13 5 -14 5 -16 2 -16 1 -13 5 -12 5 -12 1 -12 1 -13 4 -13 4 -14 0 -14 2 -12 2 -13 0 -12 2 -12 -1 -14 0 -17 -1 -15 1 -16 -1 -15 1 -17 1 -13 1 -18 0 -17 -1 -14 2 -1 0 0 0 0 0 0 0 0 ]
CSI_DATA,AP,68:FE:71:12:53:8C,-34,11,1,6,1,1,1,0,0,0,0,-96,0,6,1,62825261,0,84,0,0,62.825,384,[84 -64 4 0 0 0 0 0 0 0 0 0 4 -7 6 -6 9 -6 5 -8 5 -5 5 -7 5 -5 6 -8 7 -8 6 -8 9 -6 5 -4 10 -4 8 -7 9 -4 5 -4 8 -3 5 -4 9 -5 6 -7 8 -3 7 -5 8 -4 5 -7 6 -4 7 -6 2 1 5 -3 6 -6 8 -4 5 -3 6 -3 5 -3 6 -4 3 -4 7 -6 4 -6 6 -3 3 -3 6 -7 3 -4 5 -4 7 -5 3 -5 7 -8 4 -4 2 -6 3 -7 5 -7 3 -8 4 -5 5 -8 3 -7 0 -1 0 0 0 0 0 0 0 0 ]
CSI_DATA,AP,68:FE:71:12:53:8C,-33,11,1,7,1,1,1,0,0,0,0,-95,0,6,1,62890787,0,84,0,0,62.891,384,[84 -64 4 0 0 0 0 0 0 0 0 0 -37 -15 -40 -19 -38 -18 -36 -23 -33 -23 -33 -21 -34 -23 -35 -24 -30 -26 -29 -26 -32 -28 -29 -27 -32 -30 -28 -29 -26 -29 -30 -29 -26 -29 -28 -26 -30 -27 -26 -26 -26 -26 -25 -26 -25 -24 -26 -28 -29 -26 -27 -24 0 1 -28 -25 -25 -26 -26 -25 -28 -21 -28 -23 -27 -25 -26 -25 -27 -22 -27 -21 -27 -18 -32 -18 -27 -20 -28 -17 -29 -20 -30 -20 -32 -18 -32 -16 -31 -14 -34 -16 -35 -10 -32 -17 -31 -15 -33 -15 -37 -13 -34 -14 -36 -11 2 0 0 0 0 0 0 0 0 0 ]
CSI_DATA,AP,68:FE:71:12:53:8C,-37,11,1,6,1,1,1,0,0,0,0,-95,0,6,1,62994180,0,84,0,0,62.994,384,[84 -64 4 0 0 0 0 0 0 0 0 0 2 17 3 16 6 19 4 17 5 15 0 20 2 15 1 15 0 19 -1 19 -1 15 -3 17 -2 18 -1 17 -2 17 -2 14 -1 15 -2 13 -1 14 2 17 2 15 -2 17 -1 14 0 17 -2 15 -1 17 -1 0 2 14 0 14 0 14 3 12 3 13 3 15 1 13 0 14 3 15 3 14 1 16 2 15 0 14 5 12 3 11 2 14 3 12 2 14 6 13 4 12 3 11 4 14 7 12 5 14 3 11 7 12 0 1 0 0 0 0 0 0 0 0 ]
CSI_DATA,AP,68:FE:71:12:53:8C,-34,11,1,7,1,1,1,0,0,0,0,-96,0,6,1,63051008,0,84,0,0,63.051,384,[84 -64 4 0 0 0 0 0 0 0 0 0 13 9 14 10 11 9 13 10 11 13 11 13 12 14 12 13 13 13 11 10 9 14 9 12 10 14 9 15 10 12 10 12 8 15 8 14 7 14 11 12 7 12 11 14 8 11 11 12 11 14 10 13 -2 -1 8 9 11 10 12 11 8 8 8 12 11 11 9 8 8 8 11 8 12 9 9 10 12 10 10 7 12 6 13 7 13 5 12 7 13 8 13 7 10 4 13 6 11 6 13 8 14 4 13 5 10 6 -1 2 0 0 0 0 0 0 0 0 ]
CSI_DATA,AP,68:FE:71:12:53:8C,-37,11,1,7,1,1,1,0,0,0,0,-93,0,6,1,63127681,0,84,0,0,63.128,384,[84 -64 4 0 0 0 0 0 0 0 0 0 -5 15 -7 19 -7 16 -8 16 -4 18 -4 19 -8 17 -8 14 -9 17 -10 17 -10 15 -10 14 -8 16 -6 15 -8 15 -10 13 -9 16 -6 12 -7 14 -6 12 -7 15 -5 12 -8 13 -6 11 -5 15 -6 15 0 0 -4 12 -6 11 -8 13 -7 15 -5 15 -6 15 -4 14 -4 12 -6 14 -6 14 -4 13 -3 15 -3 12 -5 12 -5 13 -4 15 -1 14 -1 14 0 14 1 14 -2 13 -2 16 -2 14 -1 13 -1 16 -1 15 -1 -1 0 0 0 0 0 0 0 0 ]
CSI_DATA,AP,68:FE:71:12:53:8C,-35,11,1,5,1,1,1,0,0,0,0,-93,0,6,1,63230665,0,84,0,0,63.231,384,[84 -64 4 0 0 0 0 0 0 0 0 0 1 17 -1 19 -3 21 0 22 -1 18 -5 19 -1 18 -2 19 -3 16 -3 17 -4 20 -8 19 -8 20 -5 19 -8 17 -4 15 -7 18 -6 14 -6 19 -7 18 -3 17 -7 18 -6 12 -7 15 -5 14 -3 13 1 2 -2 17 -4 16 -2 16 -4 13 -3 13 -3 16 -5 17 0 17 0 13 0 16 -4 14 -2 15 1 13 2 13 2 14 -1 18 0 14 3 14 2 14 2 17 3 15 0 14 1 14 0 13 0 13 1 17 0 0 0 0 0 0 0 0 0 0 ]
CSI_DATA,AP,68:FE:71:12:53:8C,-34,11,1,7,1,1,1,0,0,0,1,-94,0,6,1,63320937,0,84,0,0,63.321,384,[84 -64 4 0 0 0 0 0 0 0 0 0 -17 5 -18 7 -18 7 -21 4 -18 4 -18 3 -18 1 -21 3 -19 2 -20 2 -20 3 -20 0 -18 2 -19 -2 -17 1 -18 1 -18 0 -17 -2 -17 1 -16 -2 -18 1 -17 -3 -16 -3 -15 0 -19 -1 -15 2 1 -2 -16 -1 -15 2 -17 1 -14 0 -16 1 -16 3 -17 2 -14 1 -15 3 -13 3 -18 4 -16 4 -17 2 -17 2 -13 4 -14 2 -17 6 -15 3 -17 4 -17 4 -15 3 -14 4 -15 5 -13 7 -16 4 -14 6 -2 -2 0 0 0 0 0 0 0 0 ]
CSI_DATA,AP,68:FE:71:12:53:8C,-34,11,1,6,1,1,1,0,0,0,0,-94,0,6,1,63440827,0,84,0,0,63.441,384,[84 -64 4 0 0 0 0 0 0 0 0 0 18 3 18 7 22 6 17 4 21 6 15 8 18 8 18 8 18 8 15 9 15 7 15 11 15 8 15 8 16 7 14 7 14 6 15 9 13 6 16 6 16 8 13 9 12 9 14 10 15 10 13 7 -2 2 13 7 16 8 15 5 13 6 13 5 13 7 16 5 14 5 15 6 13 6 15 2 15 4 14 5 16 3 15 3 17 3 18 1 17 3 15 3 14 0 14 1 15 -1 16 3 18 -1 13 0 14 -2 1 -2 0 0 0 0 0 0 0 0 ]
CSI_DATA,AP,68:FE:71:12:53:8C,-34,11,0,0,0,0,0,0,0,0,0,-95,0,6,1,63522994,0,37,0,0,63.523,128,[84 -64 4 0 0 0 0 0 0 0 0 0 -13 17 -12 15 -16 13 -17 13 -16 15 -15 13 -17 14 -17 14 -13 12 -15 9 -16 12 -19 8 -18 10 -14 8 -17 9 -18 11 -14 7 -16 9 -17 11 -17 10 -14 10 -14 7 -16 9 -16 10 -16 7 -14 8 0 2 -11 11 -14 9 -11 10 -13 11 -12 8 -11 9 -12 8 -13 12 -12 11 -13 11 -10 12 -12 11 -13 12 -12 12 -8 10 -9 13 -12 14 -11 14 -8 12 -9 13 -10 12 -7 14 -9 15 -8 16 -11 11 -9 15 1 2 0 0 0 0 0 0 0 0 ]
CSI_DATA,AP,68:FE:71:12:53:8C,-34,11,1,7,1,1,1,0,0,0,0,-93,0,6,1,63614746,0,84,0,0,63.615,384,[84 -64 4 0 0 0 0 0 0 0 0 0 -1 -19 1 -20 2 -19 1 -20 2 -20 1 -18 2 -22 5 -17 3 -19 4 -17 4 -20 6 -21 8 -18 8 -17 7 -21 4 -16 5 -20 8 -15 5 -15 4 -16 5 -17 6 -15 8 -17 6 -17 4 -18 6 -18 2 0 5 -15 3 -15 7 -19 4 -14 5 -17 6 -17 2 -14 3 -14 2 -15 4 -17 4 -18 4 -15 0 -16 1 -16 1 -15 0 -17 -1 -15 1 -16 0 -16 -2 -19 2 -15 2 -18 0 -15 -2 -16 0 -18 0 -18 -1 0 0 0 0 0 0 0 0 0 ]
CSI_DATA,AP,68:FE:71:12:53:8C,-33,11,1,6,1,1,1,0,0,0,0,-94,0,6,1,63724223,0,84,0,0,63.724,384,[84 -64 4 0 0 0 0 0 0 0 0 0 2 22 2 16 2 19 0 20 3 23 -2 19 -1 20 1 20 1 21 -2 21 -5 18 -5 20 -6 20 -6 21 -3 17 -3 19 0 19 -1 18 -1 17 -4 20 -3 16 0 16 -2 15 -2 16 -1 15 -4 18 2 1 -3 17 0 18 1 18 3 17 1 14 1 14 2 18 3 17 4 17 0 16 1 16 3 13 1 14 1 17 4 17 4 16 4 15 6 15 3 17 6 12 3 13 7 14 6 14 8 15 3 16 7 12 2 2 0 0 0 0 0 0 0 0 ]
CSI_DATA,AP,68:FE:71:12:53:8C,-33,11,1,7,1,1,1,0,0,0,0,-95,0,6,1,63821037,0,84,0,0,63.821,384,[84 -64 4 0 0 0 0 0 0 0 0 0 -21 3 -19 1 -20 -1 -21 1 -24 2 -22 0 -20 -1 -19 -2 -21 -2 -21 -3 -23 -4 -21 -1 -23 -2 -23 -4 -21 -5 -22 -4 -22 -7 -19 -3 -19 -3 -20 -5 -18 -3 -19 -5 -17 -3 -20 -3 -21 -2 -17 -3 -1 1 -17 -2 -20 -4 -17 -1 -18 0 -19 -3 -16 0 -18 -1 -16 -1 -16 1 -16 1 -16 2 -17 2 -15 1 -18 1 -19 -1 -16 1 -18 4 -17 5 -19 4 -15 1 -16 4 -18 3 -19 5 -18 5 -19 4 -15 6 -1 2 0 0 0 0 0 0 0 0 ]
CSI_DATA,AP,68:FE:71:12:53:8C,-31,11,1,7,1,1,1,1,0,0,0,-95,6,6,1,63920672,0,84,0,0,63.921,384,[84 -64 4 0 0 0 0 0 0 0 0 0 -6 18 -4 17 -8 18 -10 21 -10 20 -10 20 -11 19 -9 19 -8 16 -11 18 -10 20 -10 20 -10 19 -10 18 -9 17 -11 20 -10 15 -11 15 -13 14 -9 13 -11 15 -8 16 -8 13 -11 17 -11 18 -11 15 1 -2 -10 13 -8 14 -10 17 -10 13 -8 14 -10 13 -9 16 -7 14 -9 13 -5 17 -5 15 -5 13 -5 15 -7 14 -8 16 -5 18 -3 19 -4 16 -4 14 -2 17 -3 16 -2 15 -5 15 -4 16 -4 16 -5 17 2 -2 0 0 0 0 0 0 0 0 ]
CSI_DATA,AP,68:FE:71:12:53:8C,-35,11,1,6,1,1,1,0,0,0,0,-95,0,6,1,63986867,0,84,0,0,63.987,384,[84 -64 4 0 0 0 0 0 0 0 0 0 18 11 15 10 16 10 20 12 16 13 16 14 16 14 12 13 16 13 11 15 15 16 13 16 14 15 15 17 14 15 11 17 10 16 12 12 13 15 12 13 12 13 10 14 10 14 11 14 9 15 9 13 0 0 13 13 13 13 13 13 14 14 10 14 14 11 14 11 12 9 14 11 10 12 15 10 12 12 11 11 14 9 12 11 17 10 14 12 13 10 13 11 15 6 15 10 12 9 17 8 16 10 15 7 17 5 -2 1 0 0 0 0 0 0 0 0 ]
CSI_DATA,AP,68:FE:71:12:53:8C,-36,11,1,6,1,1,1,1,0,0,0,-94,1,6,1,64100059,0,84,0,0,64.1,384,[84 -64 4 0 0 0 0 0 0 0 0 0 15 -19 15 -17 12 -16 14 -20 15 -15 16 -17 17 -16 15 -14 17 -15 16 -12 19 -13 16 -13 20 -12 17 -10 17 -13 15 -15 16 -10 13 -9 18 -10 18 -13 14 -9 16 -9 16 -12 16 -13 14 -9 16 -12 -1 1 16 -10 16 -11 14 -11 13 -14 11 -11 11 -14 13 -10 12 -14 12 -14 12 -12 9 -13 13 -13 12 -15 9 -16 13 -14 10 -14 9 -15 12 -17 9 -13 9 -16 11 -13 11 -15 9 -16 10 -18 8 -16 10 -17 -2 -1 0 0 0 0 0 0 0 0 ]
CSI_DATA,AP,68:FE:71:12:53:8C,-34,11,1,7,1,1,1,0,0,0,0,-94,0,6,1,64190917,0,84,0,0,64.191,384,[84 -64 4 0 0 0 0 0 0 0 0 0 -12 17 -11 16 -13 17 -12 15 -17 15 -16 15 -18 14 -18 13 -18 11 -14 14 -18 14 -18 14 -19 12 -18 13 -17 14 -20 10 -15 10 -14 8 -18 10 -18 8 -18 11 -16 9 -16 9 -15 9 -14 11 -17 9 2 -2 -17 10 -13 10 -13 13 -13 13 -15 12 -16 11 -15 9 -15 13 -13 11 -11 11 -10 14 -11 9 -14 12 -11 14 -10 11 -10 12 -14 11 -11 16 -10 14 -11 11 -9 13 -12 15 -8 16 -8 14 -11 16 -7 16 0 2 0 0 0 0 0 0 0 0 ]
CSI_DATA,AP,68:FE:71:12:53:8C,-30,11,1,7,1,1,1,1,0,0,0,-95,4,6,1,64265734,0,84,0,0,64.266,384,[84 -64 4 0 0 0 0 0 0 0 0 0 -3 19 -2 18 -5 21 -3 19 -7 21 -7 20 -5 20 -5 19 -5 19 -6 21 -7 21 -10 18 -8 20 -9 17 -7 18 -10 21 -10 17 -7 15 -5 18 -7 15 -8 18 -6 14 -5 13 -8 18 -10 18 -5 14 -2 0 -6 15 -3 15 -3 14 -2 16 -7 15 -5 14 -3 18 -4 18 -4 14 -4 18 -1 15 0 17 -3 16 1 14 -3 16 1 18 1 16 -1 14 1 17 3 16 -1 15 -1 14 0 18 4 17 2 16 1 16 2 2 0 0 0 0 0 0 0 0 ]
CSI_DATA,AP,68:FE:71:12:53:8C,-33,11,1,7,1,1,1,0,0,0,0,-93,0,6,1,64355900,0,84,0,0,64.356,384,[84 -64 4 0 0 0 0 0 0 0 0 0 15 11 13 14 15 14 17 16 12 15 13 18 12 17 14 17 10 18 9 18 13 19 12 18 13 15 11 16 9 19 10 19 9 18 8 15 9 17 8 18 7 15 7 18 7 15 10 18 8 18 11 17 0 0 7 12 10 12 12 15 9 15 8 16 10 14 10 13 10 14 11 14 10 11 13 10 11 11 10 13 11 13 9 11 12 12 10 10 15 12 15 11 15 8 14 10 14 10 13 8 13 10 14 11 16 10 -1 0 0 0 0 0 0 0 0 0 ]
CSI_DATA,AP,68:FE:71:12:53:8C,-35,11,1,7,1,1,1,0,0,0,0,-95,0,6,1,64434004,0,84,0,0,64.434,384,[84 -64 4 0 0 0 0 0 0 0 0 0 -14 -15 -17 -16 -16 -15 -16 -15 -15 -16 -15 -19 -12 -16 -11 -20 -13 -18 -9 -17 -13 -20 -11 -17 -13 -18 -12 -19 -10 -19 -11 -21 -12 -17 -10 -18 -12 -20 -8 -19 -10 -20 -9 -16 -6 -14 -11 -19 -7 -17 -9 -15 2 2 -7 -14 -12 -17 -11 -15 -10 -15 -11 -13 -9 -16 -9 -17 -12 -16 -11 -16 -11 -12 -12 -16 -10 -12 -11 -13 -10 -12 -14 -12 -14 -13 -12 -13 -12 -13 -14 -10 -13 -11 -12 -13 -12 -12 -15 -11 -15 -13 -16 -14 -12 -13 2 -1 0 0 0 0 0 0 0 0 ]
CSI_DATA,AP,68:FE:71:12:53:8C,-36,11,1,6,1,1,1,0,0,0,0,-94,0,6,1,64555118,0,84,0,0,64.555,384,[84 -64 4 0 0 0 0 0 0 0 0 0 -21 7 -17 8 -19 9 -20 7 -20 7 -22 2 -19 4 -19 4 -18 3 -17 5 -22 5 -21 4 -23 4 -22 2 -20 2 -20 1 -21 0 -20 0 -18 0 -19 -1 -19 0 -17 2 -18 1 -16 -2 -19 1 -19 1 -1 -1 -16 0 -18 3 -16 4 -19 1 -17 1 -17 2 -17 0 -17 2 -18 3 -15 4 -17 6 -17 2 -16 7 -14 5 -18 3 -17 4 -15 3 -13 4 -15 8 -15 7 -15 6 -15 6 -15 5 -17 6 -15 5 -17 7 0 -1 0 0 0 0 0 0 0 0 ]
CSI_DATA,AP,68:FE:71:12:53:8C,-37,11,1,6,1,1,1,1,0,0,0,-94,3,6,1,64631955,0,82,0,0,64.632,384,[84 -64 4 0 0 0 0 0 0 0 0 0 -4 -20 -4 -18 -3 -22 -6 -20 -3 -21 -2 -19 0 -21 -3 -20 -2 -20 -1 -19 -1 -21 2 -23 -1 -19 -1 -18 0 -18 2 -19 3 -18 -1 -20 3 -20 -1 -20 2 -16 0 -17 0 -17 0 -18 0 -17 3 -19 1 0 2 -16 -2 -20 -1 -17 -1 -16 -2 -16 1 -19 0 -18 -3 -16 0 -15 -3 -15 -1 -18 -1 -17 -3 -17 -1 -19 -2 -18 -5 -19 -6 -16 -5 -16 -3 -14 -7 -17 -3 -16 -3 -16 -4 -17 -8 -15 -6 -16 -5 -17 -2 -1 0 0 0 0 0 0 0 0 ]
CSI_DATA,AP,68:FE:71:12:53:8C,-37,11,1,6,1,1,1,1,0,0,0,-93,6,6,1,64726447,0,84,0,0,64.726,384,[84 -64 4 0 0 0 0 0 0 0 0 0 0 22 -2 21 1 22 1 21 0 20 -3 20 -2 20 -4 16 -4 19 -4 16 -6 19 -5 19 -5 18 -7 17 -7 19 -7 17 -5 16 -7 14 -6 18 -7 16 -5 18 -7 18 -4 13 -5 15 -4 18 -6 16 0 1 -5 15 -5 18 -6 17 -1 17 -4 15 -5 16 -3 17 -1 15 -1 17 -1 15 0 15 -3 17 -3 14 0 17 0 15 1 17 -2 15 -1 14 2 16 2 14 2 18 0 16 1 14 2 14 1 13 3 14 1 0 0 0 0 0 0 0 0 0 ]
CSI_DATA,AP,68:FE:71:12:53:8C,-37,11,1,6,1,1,1,1,0,0,0,-93,1,6,1,64811427,0,84,0,0,64.811,384,[84 -64 4 0 0 0 0 0 0 0 0 0 -10 -17 -8 -18 -10 -22 -8 -22 -6 -22 -7 -18 -8 -18 -4 -20 -3 -20 -3 -20 -6 -23 -3 -22 -4 -21 -3 -18 -5 -20 -4 -23 -3 -17 -1 -19 -5 -19 -1 -20 -2 -19 -3 -21 0 -16 -2 -19 -4 -19 -3 -18 -1 -1 -2 -15 -3 -16 -4 -16 -4 -15 -4 -17 -3 -17 -5 -18 -6 -15 -8 -18 -6 -14 -8 -17 -5 -15 -8 -17 -7 -15 -8 -17 -8 -14 -7 -16 -10 -13 -9 -17 -8 -16 -8 -17 -7 -16 -9 -14 -10 -13 -10 -15 -9 -15 2 0 0 0 0 0 0 0 0 0 ]
CSI_DATA,AP,68:FE:71:12:53:8C,-35,11,1,6,1,1,1,0,0,0,0,-95,0,6,1,64887008,0,84,0,0,64.887,384,[84 -64 4 0 0 0 0 0 0 0 0 0 0 20 -4 19 -1 19 -5 23 -5 20 -7 19 -3 20 -7 19 -5 20 -4 18 -9 20 -7 19 -7 18 -8 17 -6 16 -5 17 -9 20 -6 14 -8 19 -9 19 -5 15 -9 19 -7 14 -9 16 -7 16 -8 15 -2 1 -6 18 -3 18 -6 15 -3 18 -3 17 -3 19 -6 15 -3 16 0 17 -4 14 0 18 0 17 1 17 1 16 -2 16 0 17 -1 19 -1 14 3 16 -1 15 1 17 2 18 2 17 2 17 -1 15 1 18 0 2 0 0 0 0 0 0 0 0 ]
CSI_DATA,AP,68:FE:71:12:53:8C,-35,11,1,6,1,1,1,0,0,0,0,-96,0,6,1,64964825,0,84,0,0,64.965,384,[84 -64 4 0 0 0 0 0 0 0 0 0 -22 -1 -21 -2 -22 -2 -24 -4 -21 -6 -18 -6 -23 -5 -22 -7 -20 -9 -21 -8 -19 -9 -21 -8 -18 -9 -21 -9 -19 -9 -19 -7 -17 -8 -19 -10 -17 -7 -16 -7 -19 -8 -17 -7 -17 -6 -18 -10 -16 -8 -15 -8 0 1 -15 -8 -19 -8 -17 -6 -17 -5 -16 -6 -16 -4 -15 -4 -15 -3 -14 -3 -15 -5 -20 -4 -18 -2 -18 -2 -15 -4 -17 -2 -16 -2 -18 0 -18 1 -16 0 -17 0 -18 -4 -15 -4 -19 -3 -19 2 -17 0 -19 1 -1 -1 0 0 0 0 0 0 0 0 ]
CSI_DATA,AP,68:FE:71:12:53:8C,-36,11,1,6,1,1,1,1,0,0,0,-93,3,6,1,65043775,0,84,0,0,65.044,384,[84 -64 4 0 0 0 0 0 0 0 0 0 -3 18 0 21 -2 23 -1 22 -2 20 -4 18 -3 20 -5 20 -6 19 -8 17 -8 21 -4 22 -5 21 -8 21 -5 16 -9 22 -7 20 -6 16 -6 16 -7 19 -8 19 -8 19 -5 15 -4 17 -7 15 -6 19 -2 2 -6 16 -5 17 -5 16 -5 14 -3 18 -5 16 -4 14 -4 15 -5 17 -4 15 -3 15 0 17 -1 14 1 18 -2 14 -1 18 2 17 3 14 -2 14 1 16 -1 15 3 17 1 18 0 16 3 15 3 13 -1 -2 0 0 0 0 0 0 0 0 ]
CSI_DATA,AP,68:FE:71:12:53:8C,-36,11,1,6,1,1,1,0,0,0,0,-95,0,6,1,65125021,0,84,0,0,65.125,384,[84 -64 4 0 0 0 0 0 0 0 0 0 -19 11 -19 8 -20 10 -23 6 -20 9 -19 4 -20 6 -19 5 -18 4 -21 3 -19 5 -22 5 -21 5 -20 4 -22 2 -22 3 -20 2 -20 3 -19 4 -17 1 -17 2 -20 3 -19 0 -19 2 -21 4 -20 0 1 0 -20 3 -20 5 -17 3 -19 4 -15 2 -19 1 -16 3 -17 3 -15 2 -16 4 -18 4 -15 3 -17 5 -18 4 -17 5 -14 7 -14 5 -16 8 -18 8 -12 10 -18 7 -13 6 -14 7 -15 10 -17 7 -14 6 -2 -2 0 0 0 0 0 0 0 0 ]
CSI_DATA,AP,68:FE:71:12:53:8C,-35,11,1,6,1,1,1,0,0,0,0,-93,0,6,1,65211910,0,84,0,0,65.212,384,[84 -64 4 0 0 0 0 0 0 0 0 0 -16 -9 -16 -12 -16 -13 -18 -15 -17 -11 -18 -12 -15 -13 -17 -13 -14 -16 -13 -13 -14 -15 -16 -16 -16 -18 -14 -15 -15 -13 -16 -13 -13 -17 -14 -16 -13 -15 -15 -13 -13 -16 -12 -13 -10 -16 -14 -12 -11 -13 -14 -12 -2 0 -11 -15 -15 -15 -11 -15 -15 -14 -10 -14 -15 -11 -11 -14 -11 -9 -11 -12 -12 -12 -13 -8 -14 -10 -13 -7 -14 -6 -17 -8 -14 -10 -15 -10 -16 -8 -17 -8 -14 -5 -17 -9 -16 -5 -15 -9 -14 -7 -14 -5 -14 -5 -1 0 0 0 0 0 0 0 0 0 ]
CSI_DATA,AP,68:FE:71:12:53:8C,-30,11,1,7,1,1,1,0,0,0,0,-93,0,6,1,65283154,0,84,0,0,65.283,384,[84 -64 4 0 0 0 0 0 0 0 0 0 15 -14 13 -12 15 -12 19 -16 18 -13 17 -9 18 -13 14 -9 19 -11 16 -11 18 -10 19 -9 17 -8 17 -9 18 -8 19 -9 19 -6 14 -6 14 -9 16 -9 15 -5 17 -6 15 -5 17 -6 15 -7 15 -5 0 2 13 -7 17 -8 17 -9 12 -11 16 -8 16 -6 14 -9 14 -11 14 -8 14 -12 13 -12 13 -10 14 -12 14 -11 12 -10 13 -10 12 -11 14 -13 14 -12 8 -12 12 -11 13 -12 10 -14 10 -15 12 -10 11 -14 1 0 0 0 0 0 0 0 0 0 ]
CSI_DATA,AP,68:FE:71:12:53:8C,-36,11,1,6,1,1,1,0,0,0,0,-95,0,6,1,65368389,0,84,0,0,65.368,384,[84 -64 4 0 0 0 0 0 0 0 0 0 -22 0 -19 0 -21 -1 -21 -2 -23 -2 -18 0 -22 -5 -22 -2 -20 -2 -20 -5 -22 -2 -22 -6 -20 -4 -20 -7 -17 -5 -21 -7 -18 -4 -18 -6 -18 -5 -20 -6 -20 -7 -17 -7 -15 -5 -18 -6 -19 -6 -20 -6 -1 0 -18 -2 -16 -2 -16 -3 -15 -2 -15 -2 -16 -2 -18 -5 -18 -1 -18 1 -14 2 -17 3 -15 -1 -17 0 -16 -2 -18 2 -16 1 -15 2 -15 1 -15 0 -16 0 -19 2 -14 1 -18 3 -18 3 -16 2 -16 4 0 -2 0 0 0 0 0 0 0 0 ]
CSI_DATA,AP,68:FE:71:12:53:8C,-38,11,1,7,1,1,1,0,0,0,0,-95,0,6,1,65461553,0,84,0,0,65.462,384,[84 -64 4 0 0 0 0 0 0 0 0 0 -1 -23 0 -21 1 -21 2 -22 1 -20 6 -20 3 -20 6 -22 7 -21 5 -22 7 -23 5 -19 6 -22 6 -18 8 -21 9 -20 7 -20 8 -17 9 -18 7 -20 6 -18 9 -18 5 -14 4 -18 4 -20 8 -16 0 -1 7 -15 3 -20 6 -16 4 -16 4 -17 6 -19 7 -15 4 -18 4 -18 1 -15 4 -18 1 -19 0 -17 2 -16 4 -18 3 -18 0 -18 1 -17 -1 -18 -1 -18 2 -19 -1 -20 0 -19 -1 -16 -3 -18 -3 -18 -2 2 0 0 0 0 0 0 0 0 ]
CSI_DATA,AP,68:FE:71:12:53:8C,-32,11,1,7,1,1,1,0,0,0,1,-94,0,6,1,65533773,0,84,0,0,65.534,384,[84 -64 4 0 0 0 0 0 0 0 0 0 14 13 11 15 13 18 13 17 10 15 11 18 12 18 7 18 9 18 10 17 9 17 8 16 9 17 7 19 6 18 5 17 6 17 5 15 6 17 6 15 5 14 7 15 3 15 7 15 6 17 7 17 -2 1 5 15 5 15 8 14 10 12 8 15 8 14 8 13 7 14 9 12 9 14 8 15 9 15 7 13 10 12 7 11 10 11 9 12 12 10 9 11 13 13 11 11 12 10 12 12 14 12 10 10 13 12 -1 0 0 0 0 0 0 0 0 0 ]
CSI_DATA,AP,68:FE:71:12:53:8C,-39,11,0,0,0,0,0,0,0,0,0,-96,0,6,1,65621452,0,37,0,0,65.621,128,[84 -64 4 0 0 0 0 0 0 0 0 0 -18 -6 -20 -9 -21 -9 -17 -11 -20 -8 -17 -9 -17 -9 -17 -10 -17 -11 -14 -11 -15 -10 -15 -11 -17 -13 -15 -12 -14 -12 -17 -12 -13 -10 -13 -9 -15 -12 -14 -12 -12 -13 -14 -10 -11 -11 -14 -12 -14 -10 -11 -9 -1 -1 -11 -8 -14 -12 -12 -8 -12 -7 -11 -7 -14 -11 -15 -11 -16 -9 -13 -9 -11 -5 -15 -6 -12 -6 -12 -6 -13 -7 -14 -7 -18 -8 -16 -5 -16 -6 -14 -4 -16 -7 -16 -8 -17 -3 -14 -6 -16 -5 -17 -6 -17 -6 -1 2 0 0 0 0 0 0 0 0 ]
CSI_DATA,AP,68:FE:71:12:53:8C,-36,11,1,6,1,1,1,0,0,0,0,-96,0,6,1,65701521,0,84,0,0,65.702,384,[84 -64 4 0 0 0 0 0 0 0 0 0 6 16 6 16 9 16 8 20 6 20 7 17 5 16 6 18 5 19 3 17 5 19 5 18 3 19 2 16 5 19 4 16 0 17 1 16 4 18 4 14 3 16 3 18 4 14 4 18 3 18 3 14 0 2 2 17 2 15 2 14 3 16 2 15 4 16 3 15 3 13 5 11 4 15 6 13 8 15 6 15 6 13 5 15 10 11 8 14 6 10 9 11 7 9 6 12 6 14 8 14 8 14 8 10 9 13 -1 1 0 0 0 0 0 0 0 0 ]
CSI_DATA,AP,68:FE:71:12:53:8C,-35,11,1,5,1,1,1,0,0,0,0,-94,0,6,1,65803533,0,84,0,0,65.804,384,[84 -64 4 0 0 0 0 0 0 0 0 0 6 -17 7 -16 5 -18 10 -18 8 -16 9 -17 8 -15 12 -17 12 -16 9 -13 12 -14 13 -15 14 -16 12 -13 12 -11 11 -16 9 -12 13 -12 10 -10 12 -12 9 -13 10 -11 10 -13 10 -11 11 -14 9 -13 1 -1 10 -10 11 -13 9 -14 7 -15 7 -14 7 -15 8 -14 9 -15 6 -15 4 -15 8 -12 7 -14 6 -13 8 -15 4 -12 7 -16 8 -14 3 -16 6 -13 5 -14 4 -15 6 -16 4 -13 2 -18 6 -16 5 -16 0 -1 0 0 0 0 0 0 0 0 ]
CSI_DATA,AP,68:FE:71:12:53:8C,-37,11,1,7,1,1,1,0,0,0,0,-94,0,6,1,65893986,0,84,0,0,65.894,384,[84 -64 4 0 0 0 0 0 0 0 0 0 19 10 14 10 20 10 16 13 15 14 13 12 15 13 12 15 16 12 16 12 14 17 14 17 16 15 12 14 13 13 14 13 15 15 11 15 13 14 11 14 9 15 14 12 12 13 10 13 12 14 11 11 0 -2 13 10 15 12 10 14 14 13 13 12 13 10 13 11 12 12 13 12 13 10 14 10 12 11 12 10 15 6 16 8 14 10 14 7 16 7 15 8 15 4 12 5 13 5 17 5 18 4 13 4 13 4 -2 2 0 0 0 0 0 0 0 0 ]
CSI_DATA,AP,68:FE:71:12:53:8C,-34,11,1,5,1,1,1,0,0,0,0,-95,0,6,1,65966324,0,84,0,0,65.966,384,[84 -64 4 0 0 0 0 0 0 0 0 0 8 16 4 13 5 15 4 17 5 15 4 15 3 16 3 14 1 15 2 13 2 15 1 17 0 15 2 14 2 13 1 13 2 16 -1 14 0 14 4 13 2 12 0 13 1 12 2 12 1 13 3 14 -1 -2 2 10 1 11 3 12 5 13 1 12 6 12 5 14 5 11 3 11 5 9 6 11 3 12 7 14 7 10 4 14 6 12 8 15 7 14 6 10 10 10 9 10 7 14 6 14 7 15 8 12 7 10 -2 2 0 0 0 0 0 0 0 0 ]
CSI_DATA,AP,68:FE:71:12:53:8C,-31,11,1,7,1,1,1,0,0,0,0,-95,0,6,1,66053842,0,84,0,0,66.054,384,[84 -64 4 0 0 0 0 0 0 0 0 0 -20 11 -18 12 -21 9 -19 13 -21 10 -20 7 -17 10 -21 6 -20 5 -17 5 -17 5 -20 8 -19 7 -19 7 -15 7 -17 5 -15 8 -14 3 -15 5 -19 6 -18 3 -18 6 -14 6 -13 6 -17 4 -17 5 -2 2 -13 8 -16 6 -15 8 -12 9 -16 5 -12 9 -15 8 -13 4 -13 9 -12 8 -15 8 -12 8 -11 6 -11 5 -12 9 -11 10 -12 8 -12 6 -11 7 -10 7 -14 7 -13 10 -14 10 -13 9 -14 10 -14 10 2 1 0 0 0 0 0 0 0 0 ]
CSI_DATA,AP,68:FE:71:12:53:8C,-39,11,1,4,1,1,1,0,0,0,0,-94,0,6,1,66132940,0,84,0,0,66.133,384,[84 -64 4 0 0 0 0 0 0 0 0 0 7 -10 6 -9 10 -8 8 -7 9 -10 8 -6 7 -6 9 -7 7 -5 6 -4 9 -9 11 -5 11 -5 11 -6 7 -6 9 -4 10 -4 10 -7 7 -4 10 -5 7 -7 7 -6 7 -6 10 -3 6 -5 10 -7 2 -2 6 -3 6 -7 7 -6 5 -6 9 -5 6 -4 8 -6 8 -4 7 -7 6 -7 6 -5 8 -5 4 -5 5 -9 4 -8 5 -8 7 -6 4 -6 4 -6 3 -9 7 -9 3 -8 5 -8 3 -9 5 -10 6 -8 2 -2 0 0 0 0 0 0 0 0 ]
CSI_DATA,AP,68:FE:71:12:53:8C,-37,11,1,7,1,1,1,0,0,0,0,-94,0,6,1,66206965,0,84,0,0,66.207,384,[84 -64 4 0 0 0 0 0 0 0 0 0 12 -6 11 -4 12 -5 15 -7 13 -7 12 -3 14 -3 14 -3 14 -1 14 -2 15 -3 16 -2 15 0 12 -4 13 -3 14 -1 14 -2 11 -2 12 -3 13 -1 13 0 10 -1 8 -3 12 0 10 -1 12 0 -2 -2 9 -1 12 -4 13 0 10 -1 10 -1 12 0 9 -2 11 -5 12 -2 7 -2 8 -4 9 -4 10 -3 12 -4 10 -5 10 -4 12 -7 9 -6 10 -3 9 -4 8 -4 11 -4 11 -7 11 -6 11 -8 11 -4 1 1 0 0 0 0 0 0 0 0 ]
CSI_DATA,AP,68:FE:71:12:53:8C,-38,11,1,5,1,1,1,0,0,0,0,-94,0,6,1,66274185,0,84,0,0,66.274,384,[84 -64 4 0 0 0 0 0 0 0 0 0 -8 2 -6 3 -10 2 -10 2 -9 3 -9 0 -9 -2 -8 1 -10 -3 -8 -1 -11 -3 -8 -1 -10 -2 -11 -1 -7 -1 -10 -2 -8 -3 -10 -3 -6 -1 -8 -1 -8 -4 -8 0 -6 0 -10 -2 -6 -3 -9 1 -2 2 -8 0 -7 -1 -6 -1 -10 1 -7 -2 -10 -2 -10 0 -7 2 -8 1 -9 -2 -6 2 -10 0 -6 -1 -9 -1 -10 0 -9 1 -10 0 -8 0 -8 1 -9 2 -7 0 -10 2 -6 2 -8 0 -10 2 -6 3 2 2 0 0 0 0 0 0 0 0 ]
CSI_DATA,AP,68:FE:71:12:53:8C,-38,11,1,7,1,1,1,0,0,0,0,-94,0,6,1,66363510,0,84,0,0,66.364,384,[84 -64 4 0 0 0 0 0 0 0 0 0 6 11 6 13 6 11 8 13 5 13 6 13 5 12 6 14 4 13 4 11 6 15 4 12 5 13 4 16 5 16 6 16 2 14 3 15 5 14 3 14 2 15 4 12 2 12 3 11 1 15 1 15 0 -1 4 12 1 14 1 15 4 10 4 14 2 11 3 13 4 12 4 13 5 9 4 14 5 11 4 13 6 10 3 11 7 10 7 11 8 11 5 11 5 10 5 13 5 12 8 13 8 10 9 13 7 9 -2 0 0 0 0 0 0 0 0 0 ]
CSI_DATA,AP,68:FE:71:12:53:8C,-35,11,1,6,1,1,1,1,0,0,0,-95,2,6,1,66420365,0,84,0,0,66.42,384,[84 -64 4 0 0 0 0 0 0 0 0 0 -10 -17 -6 -18 -10 -21 -5 -18 -6 -21 -4 -19 -4 -17 -4 -16 -5 -20 -5 -20 -1 -18 -5 -18 -4 -22 -4 -19 -2 -17 -5 -21 -4 -16 -2 -17 -2 -16 -3 -17 1 -18 -3 -16 1 -18 -4 -17 -4 -17 0 -16 2 -1 -2 -15 -1 -17 -4 -18 -5 -13 -4 -17 -6 -16 -3 -17 -4 -15 -4 -14 -3 -16 -5 -15 -6 -15 -7 -16 -8 -14 -4 -12 -5 -15 -5 -14 -10 -11 -8 -13 -7 -13 -9 -11 -8 -13 -7 -15 -8 -16 -7 -15 -11 -11 0 2 0 0 0 0 0 0 0 0 ]
CSI_DATA,AP,68:FE:71:12:53:8C,-35,11,1,7,1,1,1,0,0,0,0,-95,0,6,1,66507615,0,84,0,0,66.508,384,[84 -64 4 0 0 0 0 0 0 0 0 0 -11 4 -7 1 -8 0 -11 0 -12 2 -7 0 -9 1 -7 1 -7 1 -7 1 -9 2 -10 -3 -8 -1 -9 -3 -6 -2 -10 0 -5 -2 -6 -2 -6 0 -8 -2 -7 -1 -8 0 -4 1 -4 -1 -5 -1 -5 2 -2 2 -6 0 -4 3 -8 3 -8 1 -4 0 -4 3 -5 0 -4 2 -4 0 -4 3 -7 2 -4 4 -7 5 -5 1 -5 1 -5 1 -6 1 -6 1 -3 1 -4 5 -3 1 -5 5 -5 4 -6 3 -4 4 -3 4 -1 -1 0 0 0 0 0 0 0 0 ]
CSI_DATA,AP,68:FE:71:12:53:8C,-34,11,1,6,1,1,1,0,0,0,0,-95,0,6,1,66598942,0,84,0,0,66.599,384,[84 -64 4 0 0 0 0 0 0 0 0 0 16 -5 14 -9 17 -6 18 -7 18 -2 16 -4 13 1 15 -3 15 -2 15 -3 14 0 14 -1 15 -2 15 -3 14 -2 15 2 10 -2 10 0 13 -1 12 0 9 -1 12 -1 11 -3 8 -2 13 0 8 -3 -1 1 11 -4 9 -5 11 -2 9 -4 10 -3 11 -4 8 -5 10 -5 11 -7 11 -10 7 -6 6 -6 7 -7 9 -4 7 -5 7 -7 7 -8 11 -5 6 -7 8 -6 11 -7 7 -9 8 -11 10 -11 8 -8 8 -7 -1 0 0 0 0 0 0 0 0 0 ]
CSI_DATA,AP,68:FE:71:12:53:8C,-33,11,1,6,1,1,1,0,0,0,0,-95,0,6,1,66682292,0,84,0,0,66.682,384,[84 -64 4 0 0 0 0 0 0 0 0 0 0 29 -3 24 -3 30 -1 30 -4 27 -4 25 -7 21 -6 23 -8 21 -8 21 -7 21 -7 18 -9 22 -6 20 -6 19 -8 18 -4 15 -6 17 -7 17 -3 14 -7 14 -5 16 -3 13 -2 13 -3 14 -1 11 2 -1 -1 14 -2 16 -2 13 3 15 1 10 3 14 3 13 0 14 1 11 1 9 2 11 5 14 6 13 5 10 6 12 5 13 4 13 4 10 8 9 6 11 7 9 8 13 9 12 10 10 7 11 9 10 1 -1 0 0 0 0 0 0 0 0 ]
CSI_DATA,AP,68:FE:71:12:53:8C,-35,11,1,7,1,1,1,0,0,0,0,-94,0,6,1,66762933,0,84,0,0,66.763,384,[84 -64 4 0 0 0 0 0 0 0 0 0 -35 -5 -32 -5 -32 -6 -35 -7 -28 -9 -28 -8 -31 -7 -27 -7 -26 -11 -25 -11 -26 -8 -28 -10 -25 -12 -24 -11 -22 -11 -23 -10 -20 -7 -19 -8 -20 -7 -18 -5 -19 -5 -17 -8 -14 -6 -18 -3 -16 -5 -19 -2 0 2 -18 0 -18 0 -15 -2 -14 -2 -13 1 -12 0 -12 -1 -11 2 -15 4 -10 3 -12 2 -12 3 -11 4 -14 7 -10 7 -14 7 -9 5 -11 5 -12 9 -7 9 -12 9 -8 6 -8 6 -8 11 -7 9 -9 11 2 2 0 0 0 0 0 0 0 0 ]
CSI_DATA,AP,68:FE:71:12:53:8C,-36,11,1,5,1,1,1,0,0,0,0,-95,0,6,1,66836477,0,84,0,0,66.836,384,[84 -64 4 0 0 0 0 0 0 0 0 0 -3 -11 -5 -12 -6 -13 -6 -14 -2 -10 -3 -10 -4 -10 -2 -12 -1 -11 -1 -14 -3 -14 -4 -14 -2 -10 -3 -9 0 -9 -3 -13 -3 -10 -3 -11 1 -12 -2 -11 0 -12 -2 -12 -3 -11 -2 -12 1 -11 0 -9 2 2 0 -11 -4 -9 -3 -8 -4 -8 0 -10 -2 -11 -1 -11 -5 -11 -2 -10 -3 -7 -6 -7 -3 -9 -2 -9 -2 -9 -3 -9 -3 -8 -6 -9 -6 -6 -6 -6 -6 -10 -2 -7 -3 -9 -6 -6 -3 -7 -5 -7 -5 -8 -2 0 0 0 0 0 0 0 0 0 ]
CSI_DATA,AP,68:FE:71:12:53:8C,-36,11,1,5,1,1,1,0,0,0,0,-95,0,6,1,66899517,0,82,0,0,66.9,384,[84 -64 4 0 0 0 0 0 0 0 0 0 -15 -4 -17 -8 -16 -8 -17 -6 -17 -6 -16 -10 -15 -8 -12 -8 -17 -9 -12 -11 -14 -11 -13 -10 -15 -12 -13 -11 -12 -8 -15 -11 -12 -6 -14 -10 -11 -7 -11 -9 -13 -9 -12 -7 -13 -10 -15 -9 -16 -11 -15 -9 1 -1 -14 -7 -13 -9 -15 -7 -15 -8 -16 -9 -15 -10 -14 -6 -13 -9 -17 -8 -17 -6 -18 -3 -14 -8 -18 -6 -14 -4 -16 -7 -17 -6 -19 -5 -17 -3 -15 -8 -16 -6 -15 -5 -18 -4 -16 -7 -20 -6 -17 -3 -19 -6 0 1 0 0 0 0 0 0 0 0 ]
CSI_DATA,AP,68:FE:71:12:53:8C,-34,11,1,7,1,1,1,1,0,0,0,-95,5,6,1,66987128,0,84,0,0,66.987,384,[84 -64 4 0 0 0 0 0 0 0 0 0 9 -25 11 -23 8 -25 10 -28 13 -27 12 -27 13 -24 14 -21 15 -24 11 -25 15 -24 13 -28 16 -25 14 -27 15 -21 13 -26 14 -26 12 -21 17 -24 14 -23 15 -20 13 -21 13 -22 16 -22 15 -22 15 -25 2 2 14 -23 15 -25 13 -24 13 -22 9 -23 10 -24 13 -24 11 -25 10 -23 10 -25 10 -24 10 -24 9 -24 11 -27 8 -25 12 -27 8 -30 8 -27 9 -28 11 -28 9 -28 8 -27 7 -28 9 -26 9 -27 7 -28 -1 1 0 0 0 0 0 0 0 0 ]
CSI_DATA,AP,68:FE:71:12:53:8C,-34,11,1,7,1,1,1,0,0,0,0,-94,0,6,1,67086972,0,84,0,0,67.087,384,[84 -64 4 0 0 0 0 0 0 0 0 0 -5 -19 -2 -18 -2 -18 -5 -21 -3 -21 -2 -20 -1 -22 -3 -18 0 -20 3 -18 -1 -18 3 -22 4 -18 3 -21 2 -17 3 -19 5 -20 3 -17 2 -19 3 -16 5 -15 1 -20 1 -18 2 -18 3 -16 4 -19 -1 -1 0 -18 1 -18 2 -16 0 -17 1 -18 0 -19 0 -17 -1 -17 0 -16 0 -17 0 -19 -1 -14 -4 -14 -4 -13 -3 -14 -4 -18 -5 -18 -6 -13 -5 -15 -6 -14 -5 -18 -2 -16 -3 -16 -5 -17 -6 -13 -4 -15 1 -1 0 0 0 0 0 0 0 0 ]
CSI_DATA,AP,68:FE:71:12:53:8C,-38,11,1,6,1,1,1,0,0,0,0,-94,0,6,1,67149692,0,84,0,0,67.15,384,[84 -64 4 0 0 0 0 0 0 0 0 0 7 -14 9 -15 11 -16 9 -18 11 -14 12 -12 14 -17 14 -12 14 -13 14 -17 14 -16 16 -16 14 -16 16 -15 15 -12 19 -13 16 -15 16 -13 16 -12 16 -13 18 -11 14 -13 14 -9 15 -15 16 -11 18 -12 -2 1 18 -11 17 -15 13 -14 12 -12 12 -11 16 -14 12 -16 12 -16 14 -12 9 -17 14 -16 13 -13 11 -17 12 -16 14 -16 10 -18 14 -15 11 -19 11 -18 11 -15 13 -17 10 -18 11 -17 8 -21 7 -15 8 -18 1 -2 0 0 0 0 0 0 0 0 ]
CSI_DATA,AP,68:FE:71:12:53:8C,-33,11,1,7,1,1,1,0,0,0,0,-93,0,6,1,67226729,0,84,0,0,67.227,384,[84 -64 4 0 0 0 0 0 0 0 0 0 2 -23 0 -22 3 -25 4 -22 2 -23 5 -21 6 -25 4 -20 8 -25 10 -22 10 -22 11 -23 10 -24 12 -23 10 -23 12 -25 13 -24 10 -23 11 -21 11 -21 11 -21 12 -24 12 -23 10 -24 13 -23 10 -20 0 1 10 -19 8 -24 8 -20 9 -22 10 -23 11 -22 9 -20 6 -24 8 -24 5 -20 5 -21 7 -19 5 -22 5 -23 3 -21 5 -23 7 -21 3 -21 5 -22 1 -23 1 -22 4 -24 1 -24 4 -24 0 -25 2 -21 -1 -2 0 0 0 0 0 0 0 0 ]
CSI_DATA,AP,68:FE:71:12:53:8C,-35,11,1,5,1,1,1,0,0,0,0,-94,0,6,1,67313971,0,84,0,0,67.314,384,[84 -64 4 0 0 0 0 0 0 0 0 0 -15 -4 -19 -2 -20 -7 -20 -5 -21 -6 -16 -8 -20 -7 -16 -10 -20 -10 -20 -11 -18 -12 -17 -11 -21 -12 -21 -11 -19 -13 -19 -11 -16 -9 -15 -11 -16 -12 -20 -14 -15 -14 -16 -13 -15 -11 -16 -10 -17 -12 -18 -13 -2 2 -19 -14 -18 -10 -19 -9 -15 -8 -14 -9 -16 -10 -15 -11 -15 -11 -17 -10 -16 -10 -20 -8 -15 -6 -19 -6 -18 -10 -18 -9 -18 -9 -17 -7 -17 -7 -17 -10 -18 -8 -17 -6 -21 -8 -17 -7 -19 -5 -18 -7 -19 -5 2 -2 0 0 0 0 0 0 0 0 ]
CSI_DATA,AP,68:FE:71:12:53:8C,-36,11,1,6,1,1,1,0,0,0,0,-94,0,6,1,67390950,0,84,0,0,67.391,384,[84 -64 4 0 0 0 0 0 0 0 0 0 15 13 13 13 15 16 13 14 15 14 13 13 11 17 10 18 13 18 12 14 11 19 12 16 11 16 12 18 7 17 12 19 10 18 10 15 7 18 7 18 10 15 10 16 6 16 9 15 8 17 11 15 -2 2 7 14 11 13 12 15 10 14 11 14 8 12 9 14 12 9 12 12 11 12 11 9 8 10 10 12 12 9 9 12 11 11 13 12 10 11 14 10 11 7 11 7 11 11 12 7 16 9 13 9 12 6 -2 1 0 0 0 0 0 0 0 0 ]
CSI_DATA,AP,68:FE:71:12:53:8C,-36,11,1,5,1,1,1,0,0,0,0,-95,0,6,1,67485418,0,84,0,0,67.485,384,[82 -96 4 0 0 0 0 0 0 0 0 0 -19 0 -19 -3 -20 -4 -18 -1 -21 -4 -20 -3 -17 -6 -18 -3 -19 -7 -19 -3 -20 -7 -18 -6 -21 -4 -20 -7 -20 -5 -19 -8 -19 -8 -19 -8 -15 -4 -17 -6 -19 -4 -16 -6 -15 -6 -15 -6 -17 -5 -16 -6 0 0 -13 -5 -15 -7 -14 -5 -15 -5 -17 -5 -15 -5 -15 -5 -17 -4 -16 -1 -14 -1 -14 -3 -13 -1 -14 -3 -17 -1 -14 1 -17 -1 -15 -2 -18 -2 -15 0 -14 -1 -17 2 -16 1 -15 1 -17 3 -14 -1 -14 0 -1 0 0 0 0 0 0 0 0 0 ]
CSI_DATA,AP,68:FE:71:12:53:8C,-36,11,1,6,1,1,1,0,0,0,0,-94,0,6,1,67564139,0,82,0,0,67.564,384,[84 -64 4 0 0 0 0 0 0 0 0 0 6 19 5 20 1 20 1 18 4 19 -1 16 0 17 -1 17 2 17 2 17 -2 16 1 20 2 18 1 18 1 18 -4 19 -2 15 -3 14 -3 16 -4 17 0 18 -3 17 0 17 -3 17 -3 15 -2 16 1 2 0 13 0 14 -2 15 1 14 -2 17 -1 13 -2 15 2 12 3 16 -1 15 3 15 2 15 4 15 4 17 2 12 1 15 2 15 3 14 2 14 6 15 4 15 6 12 6 15 4 14 5 12 7 14 2 2 0 0 0 0 0 0 0 0 ]
CSI_DATA,AP,68:FE:71:12:53:8C,-39,11,1,5,1,1,1,0,0,0,0,-95,0,6,1,67653564,0,84,0,0,67.654,384,[84 -64 4 0 0 0 0 0 0 0 0 0 -10 -18 -7 -21 -10 -22 -7 -19 -6 -18 -7 -21 -8 -19 -4 -22 -7 -19 -4 -22 -5 -21 -5 -21 -6 -19 -4 -19 -2 -20 -5 -18 -4 -18 -3 -19 -1 -17 -5 -19 -3 -20 -4 -17 -4 -17 -2 -16 -5 -19 -5 -16 2 1 -5 -19 -3 -15 -3 -19 -5 -18 -6 -14 -7 -14 -6 -15 -8 -16 -5 -16 -7 -16 -5 -13 -4 -14 -5 -17 -7 -16 -9 -16 -8 -13 -7 -14 -6 -16 -8 -16 -9 -15 -7 -15 -7 -15 -11 -16 -12 -14 -10 -15 -7 -14 -2 0 0 0 0 0 0 0 0 0 ]
CSI_DATA,AP,68:FE:71:12:53:8C,-35,11,1,6,1,1,1,0,0,0,0,-96,0,6,1,67735665,0,84,0,0,67.736,384,[84 -64 4 0 0 0 0 0 0 0 0 0 13 -18 13 -16 14 -20 15 -16 12 -20 12 -16 12 -16 12 -17 13 -15 14 -13 16 -13 14 -12 16 -12 13 -12 13 -14 15 -14 15 -11 12 -11 14 -10 13 -10 14 -10 13 -11 15 -13 12 -13 14 -14 14 -12 2 1 10 -12 11 -13 10 -12 14 -13 12 -11 13 -14 11 -15 8 -14 12 -12 12 -16 9 -12 7 -13 11 -14 11 -14 8 -14 8 -14 7 -17 7 -17 6 -15 10 -15 8 -16 6 -13 8 -14 9 -16 6 -14 7 -18 1 -1 0 0 0 0 0 0 0 0 ]
CSI_DATA,AP,68:FE:71:12:53:8C,-36,11,1,5,1,1,1,0,0,0,0,-96,0,6,1,67832328,0,84,0,0,67.832,384,[84 -64 4 0 0 0 0 0 0 0 0 0 -1 -20 0 -21 -1 -21 1 -22 1 -19 4 -21 4 -18 4 -20 5 -21 5 -16 6 -17 6 -20 4 -19 2 -16 5 -20 7 -18 6 -19 4 -14 3 -19 3 -14 4 -18 6 -15 5 -17 6 -14 3 -17 4 -14 -2 -2 3 -14 3 -14 1 -14 3 -16 2 -13 5 -14 3 -13 4 -13 4 -15 1 -14 2 -17 1 -14 1 -17 -1 -14 -1 -16 0 -18 2 -17 1 -16 -3 -14 1 -14 -2 -13 0 -13 -4 -15 -2 -17 -3 -13 -3 -16 2 -1 0 0 0 0 0 0 0 0 ]
CSI_DATA,AP,68:FE:71:12:53:8C,-38,11,1,7,1,1,1,0,0,0,0,-94,0,6,1,67914629,0,84,0,0,67.915,384,[84 -64 4 0 0 0 0 0 0 0 0 0 -6 -21 -7 -20 -4 -21 -7 -20 -3 -23 -2 -19 -5 -22 -4 -20 -3 -22 -3 -22 -1 -18 -2 -20 1 -18 1 -21 -2 -20 -2 -21 0 -20 -1 -19 2 -18 -1 -19 1 -17 0 -20 -1 -19 0 -18 0 -18 -1 -15 0 1 -3 -17 -3 -18 -3 -16 -2 -18 -1 -18 -3 -19 -5 -16 -1 -18 -2 -14 -2 -13 -3 -16 -2 -14 -4 -14 -5 -15 -5 -17 -7 -17 -6 -17 -7 -16 -4 -15 -9 -13 -9 -17 -6 -14 -8 -16 -6 -14 -9 -15 -7 -16 -1 1 0 0 0 0 0 0 0 0 ]
CSI_DATA,AP,68:FE:71:12:53:8C,-39,11,1,5,1,1,1,0,0,0,0,-95,0,6,1,68015137,0,84,0,0,68.015,384,[84 -64 4 0 0 0 0 0 0 0 0 0 16 12 13 13 13 12 14 13 13 13 14 15 10 14 11 15 10 16 9 12 10 12 13 13 11 15 10 16 11 14 11 16 12 13 8 13 10 12 9 14 7 14 11 12 11 12 8 15 8 12 12 12 -2 -1 11 13 9 14 12 10 8 9 9 10 9 10 9 10 11 12 12 10 11 8 11 8 10 9 12 10 11 10 10 9 13 11 10 6 12 8 11 10 15 10 12 7 15 7 11 6 14 5 15 4 13 6 1 1 0 0 0 0 0 0 0 0 ]
CSI_DATA,AP,68:FE:71:12:53:8C,-33,11,1,6,1,1,1,0,0,0,0,-96,0,6,1,68109763,0,84,0,0,68.11,384,[84 -64 4 0 0 0 0 0 0 0 0 0 -21 -4 -17 -8 -18 -7 -21 -9 -20 -7 -17 -7 -19 -7 -20 -10 -19 -8 -16 -7 -16 -9 -17 -8 -17 -9 -17 -8 -16 -11 -14 -12 -17 -8 -14 -10 -13 -9 -16 -8 -15 -12 -17 -12 -13 -11 -14 -7 -17 -10 -17 -9 0 1 -15 -11 -14 -9 -16 -7 -13 -9 -15 -10 -17 -6 -12 -8 -15 -6 -16 -6 -15 -4 -13 -5 -15 -6 -16 -4 -16 -4 -13 -3 -17 -4 -18 -7 -17 -3 -15 -4 -16 -5 -16 -3 -14 -3 -16 -2 -18 -1 -17 -3 -17 -2 0 0 0 0 0 0 0 0 0 0 ]
CSI_DATA,AP,68:FE:71:12:53:8C,-36,11,0,0,0,0,0,0,0,0,0,-96,0,6,1,68175078,0,37,0,0,68.175,128,[84 -64 4 0 0 0 0 0 0 0 0 0 -12 -17 -14 -17 -13 -16 -10 -16 -9 -18 -9 -17 -11 -16 -9 -19 -9 -19 -6 -17 -9 -20 -8 -17 -6 -18 -7 -17 -9 -19 -5 -20 -7 -18 -4 -19 -8 -20 -5 -19 -4 -19 -8 -16 -4 -17 -8 -16 -4 -17 -4 -14 2 -2 -5 -16 -7 -16 -7 -13 -5 -15 -6 -15 -7 -14 -6 -16 -9 -16 -8 -15 -7 -14 -7 -14 -8 -14 -9 -15 -7 -11 -10 -13 -12 -13 -8 -12 -10 -15 -10 -15 -10 -13 -12 -13 -13 -11 -12 -15 -14 -11 -10 -10 -13 -12 -1 -2 0 0 0 0 0 0 0 0 ]
CSI_DATA,AP,68:FE:71:12:53:8C,-35,11,1,5,1,1,1,0,0,0,0,-95,0,6,1,68275668,0,84,0,0,68.276,384,[84 -64 4 0 0 0 0 0 0 0 0 0 24 -4 21 -4 23 -4 25 1 25 -1 24 -1 20 2 24 1 22 0 22 3 24 5 23 2 20 6 23 4 18 4 23 5 22 6 18 2 21 3 20 6 20 7 17 5 19 4 18 5 17 5 17 5 -2 -1 19 3 16 1 20 2 16 3 16 0 18 3 17 3 19 3 17 3 18 1 18 -2 17 1 19 1 17 1 20 -2 18 -2 16 1 19 -1 20 0 20 -4 20 -4 16 -1 17 -2 19 -5 18 -4 20 -5 -1 -2 0 0 0 0 0 0 0 0 ]
CSI_DATA,AP,68:FE:71:12:53:8C,-37,11,1,5,1,1,1,0,0,0,0,-95,0,6,1,68348655,0,84,0,0,68.349,384,[84 -64 4 0 0 0 0 0 0 0 0 0 -18 4 -18 2 -21 5 -18 1 -21 4 -21 2 -17 2 -20 2 -19 1 -18 0 -18 0 -21 0 -21 1 -19 -4 -20 -1 -19 -2 -15 -3 -19 0 -19 -1 -17 -2 -16 -2 -16 -3 -18 -1 -17 -2 -18 -4 -14 -4 -1 1 -15 0 -18 0 -16 0 -18 -1 -13 -3 -16 -1 -17 -2 -17 -2 -17 -2 -16 1 -16 3 -16 3 -15 0 -16 4 -13 2 -17 3 -17 3 -14 3 -13 5 -17 5 -17 1 -14 4 -14 2 -16 6 -14 5 -15 3 -1 2 0 0 0 0 0 0 0 0 ]
CSI_DATA,AP,68:FE:71:12:53:8C,-35,11,1,7,1,1,1,0,0,0,0,-93,0,6,1,68411878,0,84,0,0,68.412,384,[84 -64 4 0 0 0 0 0 0 0 0 0 -8 15 -10 14 -12 17 -11 14 -11 14 -11 13 -13 13 -13 11 -14 14 -10 12 -11 11 -12 14 -12 11 -12 12 -11 12 -12 10 -11 11 -14 10 -12 13 -11 10 -12 10 -11 11 -12 11 -12 8 -11 9 -9 11 2 1 -12 12 -10 9 -11 10 -8 10 -8 10 -9 12 -10 11 -8 12 -6 13 -6 10 -8 11 -9 14 -7 13 -8 12 -9 11 -9 11 -5 11 -8 13 -8 15 -7 13 -4 14 -4 14 -3 14 -7 16 -7 15 -5 14 0 2 0 0 0 0 0 0 0 0 ]
CSI_DATA,AP,68:FE:71:12:53:8C,-33,11,1,7,1,1,1,0,0,0,0,-95,0,6,1,68477717,0,84,0,0,68.478,384,[84 -64 4 0 0 0 0 0 0 0 0 0 -8 -22 -7 -21 -5 -21 -6 -20 -2 -20 -4 -18 -1 -20 -4 -20 -1 -21 -2 -18 1 -21 -3 -19 -1 -21 1 -18 0 -19 0 -21 0 -17 -1 -17 1 -17 -2 -19 -2 -19 2 -18 -2 -17 -2 -17 -1 -19 -1 -16 0 -2 -2 -15 -1 -18 -2 -18 -1 -15 0 -14 -4 -17 -1 -14 -3 -17 -3 -16 -5 -18 -3 -15 -2 -16 -2 -14 -5 -16 -4 -18 -6 -15 -5 -18 -5 -17 -5 -16 -4 -15 -7 -14 -8 -16 -8 -16 -8 -14 -8 -15 -9 -14 0 1 0 0 0 0 0 0 0 0 ]
CSI_DATA,AP,68:FE:71:12:53:8C,-33,11,1,7,1,1,1,1,0,0,0,-96,2,6,1,68563407,0,84,0,0,68.563,384,[84 -64 4 0 0 0 0 0 0 0 0 0 2 -11 5 -7 1 -11 6 -9 3 -7 5 -11 5 -9 3 -7 6 -8 5 -10 6 -6 7 -7 5 -6 3 -8 4 -10 5 -10 4 -6 5 -7 4 -5 5 -8 6 -9 5 -6 4 -8 2 -9 3 -5 3 -9 -2 2 5 -5 5 -8 2 -7 2 -7 4 -9 3 -7 5 -8 4 -9 4 -5 0 -6 2 -7 1 -9 3 -9 1 -9 0 -7 4 -9 4 -6 1 -10 2 -8 0 -7 1 -8 3 -8 0 -9 -1 -7 -1 -6 -1 -9 2 0 0 0 0 0 0 0 0 0 ]
CSI_DATA,AP,68:FE:71:12:53:8C,-32,11,1,7,1,1,1,0,0,0,0,-95,0,6,1,68682749,0,84,0,0,68.683,384,[84 -64 4 0 0 0 0 0 0 0 0 0 -22 3 -22 -2 -20 -1 -21 -3 -24 -3 -21 -4 -22 -2 -19 -1 -20 -3 -19 -6 -20 -4 -17 -6 -22 -4 -20 -4 -20 -6 -19 -4 -16 -6 -16 -6 -19 -6 -20 -4 -16 -5 -16 -7 -18 -7 -19 -6 -17 -6 -15 -2 2 -2 -14 -2 -17 -2 -17 -5 -14 -3 -14 -2 -16 -1 -15 -3 -18 0 -16 -4 -17 -3 -18 -2 -18 -2 -18 2 -17 -1 -16 2 -15 3 -16 -2 -15 2 -14 0 -18 1 -19 2 -16 1 -15 0 -19 4 -16 5 -18 2 0 -1 0 0 0 0 0 0 0 0 ]
CSI_DATA,AP,68:FE:71:12:53:8C,-33,11,1,7,1,1,1,0,0,0,0,-94,0,6,1,68762961,0,84,0,0,68.763,384,[84 -64 4 0 0 0 0 0 0 0 0 0 -5 18 -4 19 -6 17 -6 17 -3 15 -4 18 -7 18 -7 17 -7 15 -9 15 -9 15 -10 17 -8 14 -7 13 -8 16 -7 14 -8 12 -8 15 -8 15 -7 15 -10 16 -10 12 -7 15 -10 15 -7 15 -6 15 1 1 -8 15 -5 11 -7 14 -8 14 -8 14 -4 14 -5 12 -6 12 -7 14 -7 15 -5 12 -5 11 -2 15 -5 12 -2 13 -3 12 -3 15 -1 13 -2 14 -1 12 -2 14 -3 13 -1 13 -4 12 -4 16 -4 16 1 1 0 0 0 0 0 0 0 0 ]
CSI_DATA,AP,68:FE:71:12:53:8C,-35,11,1,6,1,1,1,0,0,0,0,-94,0,6,1,68823710,0,84,0,0,68.824,384,[84 -64 4 0 0 0 0 0 0 0 0 0 14 -8 17 -9 16 -11 18 -9 16 -9 18 -6 19 -6 19 -5 18 -5 17 -4 17 -7 17 -7 17 -4 20 -5 15 -2 20 -3 17 -6 16 -3 17 -5 17 -5 15 -3 14 -6 16 -4 17 -2 16 -5 14 -3 0 -2 13 -6 15 -7 17 -7 17 -5 14 -5 16 -5 13 -4 13 -4 14 -8 13 -6 11 -6 12 -5 13 -8 12 -7 15 -9 15 -6 12 -10 13 -11 10 -10 13 -9 13 -9 13 -9 11 -11 13 -13 14 -10 9 -11 1 2 0 0 0 0 0 0 0 0 ]
CSI_DATA,AP,68:FE:71:12:53:8C,-38,11,1,6,1,1,1,1,0,0,0,-93,1,6,1,68878465,0,84,0,0,68.878,384,[84 -64 4 0 0 0 0 0 0 0 0 0 11 12 11 11 11 14 12 14 14 13 13 12 12 13 8 16 12 13 11 12 8 16 6 16 10 17 8 15 9 14 6 13 7 14 5 14 6 15 5 12 9 14 9 11 6 13 8 12 6 12 5 11 -1 -2 6 11 6 14 7 10 8 13 8 11 6 13 10 12 10 11 6 11 7 12 7 11 10 8 8 12 10 11 7 9 9 8 9 10 8 11 9 8 9 7 9 9 9 10 10 10 13 10 11 9 12 10 -2 0 0 0 0 0 0 0 0 0 ]
CSI_DATA,AP,68:FE:71:12:53:8C,-36,11,1,7,1,1,1,1,0,0,0,-93,3,6,1,68950566,0,84,0,0,68.951,384,[84 -64 4 0 0 0 0 0 0 0 0 0 -9 -14 -10 -14 -11 -14 -8 -17 -7 -14 -10 -13 -9 -14 -10 -17 -7 -14 -9 -16 -8 -17 -8 -16 -5 -14 -7 -15 -8 -16 -4 -17 -5 -15 -7 -16 -5 -16 -5 -16 -3 -14 -3 -16 -3 -12 -4 -12 -8 -12 -7 -11 -1 2 -7 -12 -7 -15 -7 -14 -8 -13 -5 -12 -9 -12 -8 -14 -6 -12 -6 -12 -7 -10 -9 -10 -8 -12 -6 -11 -7 -11 -9 -12 -7 -10 -10 -13 -9 -11 -7 -9 -11 -11 -10 -12 -11 -8 -9 -9 -11 -11 -12 -10 -10 -11 -2 -1 0 0 0 0 0 0 0 0 ]
CSI_DATA,AP,68:FE:71:12:53:8C,-35,11,1,6,1,1,1,0,0,0,0,-95,0,6,1,69052505,0,84,0,0,69.053,384,[84 -64 4 0 0 0 0 0 0 0 0 0 -12 14 -13 15 -14 11 -15 12 -17 12 -14 11 -16 9 -16 11 -16 12 -16 8 -17 6 -16 6 -15 8 -15 6 -14 6 -18 8 -16 6 -15 6 -15 5 -17 8 -16 7 -13 9 -12 8 -14 5 -14 6 -15 10 1 -1 -16 9 -13 6 -14 7 -11 9 -15 9 -13 9 -12 10 -11 10 -13 10 -11 9 -14 11 -12 10 -11 11 -10 13 -11 9 -10 13 -13 12 -9 12 -12 13 -7 10 -9 12 -8 13 -11 13 -9 10 -11 14 -8 14 -1 0 0 0 0 0 0 0 0 0 ]
CSI_DATA,AP,68:FE:71:12:53:8C,-33,11,1,7,1,1,1,0,0,0,0,-94,0,6,1,69131891,0,84,0,0,69.132,384,[84 -64 4 0 0 0 0 0 0 0 0 0 -11 -17 -9 -14 -12 -16 -12 -19 -11 -18 -9 -20 -10 -18 -10 -18 -7 -18 -8 -18 -8 -19 -7 -21 -4 -17 -5 -18 -5 -16 -6 -18 -4 -18 -6 -20 -5 -15 -5 -18 -3 -15 -7 -18 -2 -17 -7 -15 -3 -16 -3 -17 1 1 -4 -17 -6 -15 -5 -16 -4 -14 -7 -15 -5 -16 -8 -14 -8 -16 -7 -13 -5 -16 -8 -16 -7 -14 -10 -16 -7 -16 -9 -12 -8 -16 -8 -16 -10 -13 -11 -15 -10 -13 -8 -15 -11 -14 -8 -15 -11 -13 -11 -13 -8 -15 1 0 0 0 0 0 0 0 0 0 ]
CSI_DATA,AP,68:FE:71:12:53:8C,-34,11,1,6,1,1,1,0,0,0,1,-94,0,6,1,69223716,0,84,0,0,69.224,384,[84 -64 4 0 0 0 0 0 0 0 0 0 -14 16 -16 16 -13 16 -16 12 -17 15 -13 12 -17 11 -15 11 -17 13 -17 11 -18 11 -19 11 -19 11 -15 10 -14 9 -17 12 -17 10 -14 8 -13 8 -14 10 -15 10 -14 8 -14 9 -13 10 -17 7 -13 8 0 2 -16 10 -14 8 -14 9 -14 9 -11 11 -14 11 -12 10 -12 10 -12 8 -13 11 -10 13 -13 13 -12 11 -8 14 -8 10 -11 12 -10 13 -8 15 -9 11 -10 13 -10 13 -8 11 -11 14 -7 15 -9 12 -10 15 0 -2 0 0 0 0 0 0 0 0 ]
CSI_DATA,AP,68:FE:71:12:53:8C,-35,11,1,6,1,1,1,0,0,0,0,-95,0,6,1,69330181,0,82,0,0,69.33,384,[84 -64 4 0 0 0 0 0 0 0 0 0 -8 19 -9 14 -10 19 -11 17 -12 14 -13 13 -15 16 -12 13 -13 13 -12 14 -17 13 -12 12 -15 12 -12 10 -12 10 -15 11 -14 11 -16 11 -11 11 -11 10 -12 9 -14 11 -13 10 -15 13 -14 12 -12 11 1 0 -11 12 -10 10 -13 11 -10 11 -13 13 -10 10 -12 10 -12 11 -12 12 -9 11 -7 12 -7 11 -10 11 -9 11 -6 13 -8 15 -9 14 -8 13 -8 13 -9 14 -9 14 -7 16 -7 17 -5 14 -7 12 -4 15 -2 0 0 0 0 0 0 0 0 0 ]
CSI_DATA,AP,68:FE:71:12:53:8C,-32,11,1,7,1,1,1,0,0,0,0,-95,0,6,1,69411516,0,82,0,0,69.412,384,[84 -64 4 0 0 0 0 0 0 0 0 0 -2 18 -2 22 -2 19 -5 22 -3 22 -4 21 -5 22 -4 17 -6 17 -7 19 -5 21 -4 17 -7 21 -8 20 -6 18 -5 20 -5 20 -5 19 -6 19 -8 18 -6 17 -8 15 -5 18 -7 17 -6 14 -3 14 2 2 -6 16 -4 15 -4 15 -3 16 -3 17 -4 18 -3 14 -5 18 0 17 -1 13 0 16 -1 15 2 17 -2 16 0 16 -1 16 0 18 -1 18 -1 15 3 17 0 15 0 17 4 17 3 16 4 14 1 13 2 0 0 0 0 0 0 0 0 0 ]
CSI_DATA,AP,68:FE:71:12:53:8C,-38,11,1,7,1,1,1,0,0,0,0,-94,0,6,1,69508862,0,84,0,0,69.509,384,[84 -64 4 0 0 0 0 0 0 0 0 0 18 -2 19 -1 19 0 20 1 23 -1 21 4 22 1 17 3 21 2 20 2 21 5 18 4 20 5 20 5 17 5 21 3 17 4 19 6 18 5 16 4 17 4 19 3 13 3 17 6 16 7 19 6 -1 0 17 3 17 4 18 4 16 -1 14 2 14 3 17 3 16 -1 16 2 14 -2 18 2 15 0 18 2 17 -1 17 1 14 -2 17 2 16 -5 15 0 16 -4 14 -1 17 -4 16 -3 18 -6 17 -1 15 -4 2 2 0 0 0 0 0 0 0 0 ]
CSI_DATA,AP,68:FE:71:12:53:8C,-37,11,1,6,1,1,1,0,0,0,0,-96,0,6,1,69607200,0,84,0,0,69.607,384,[84 -64 4 0 0 0 0 0 0 0 0 0 20 -10 18 -7 19 -8 18 -8 19 -6 19 -8 18 -5 20 -8 22 -4 20 -4 22 -6 18 -3 20 -6 18 -1 19 -1 19 -4 16 -2 15 -1 17 -2 16 -4 19 -4 19 -1 15 -4 17 -3 16 -4 16 -3 1 2 15 -4 18 -4 17 -5 18 -7 17 -6 17 -7 17 -4 15 -5 14 -7 13 -6 15 -9 14 -5 15 -8 16 -6 15 -5 15 -9 13 -8 15 -7 14 -6 13 -10 14 -10 15 -10 16 -10 12 -11 12 -11 15 -10 -1 -1 0 0 0 0 0 0 0 0 ]
CSI_DATA,AP,68:FE:71:12:53:8C,-33,11,1,7,1,1,1,0,0,0,0,-93,0,6,1,69692018,0,84,0,0,69.692,384,[84 -64 4 0 0 0 0 0 0 0 0 0 22 -9 18 -6 22 -8 21 -8 23 -8 22 -3 22 -5 22 -5 19 -3 20 -1 22 -5 21 -4 23 -3 20 0 18 -4 20 -2 18 -1 16 -1 19 -1 21 0 17 -2 18 -1 19 0 16 -3 17 -1 16 0 0 0 17 -2 16 -4 17 -2 16 -4 19 -3 16 -4 15 -4 16 -5 15 -2 18 -3 17 -5 17 -4 15 -5 14 -3 18 -4 16 -7 16 -5 17 -7 14 -4 13 -8 16 -8 18 -8 14 -6 18 -10 15 -9 15 -6 -1 0 0 0 0 0 0 0 0 0 ]
CSI_DATA,AP,68:FE:71:12:53:8C,-38,11,1,6,1,1,1,0,0,0,0,-94,0,6,1,69764303,0,84,0,0,69.764,384,[84 -64 4 0 0 0 0 0 0 0 0 0 -15 14 -14 17 -15 18 -18 16 -19 16 -18 15 -16 11 -20 12 -20 10 -20 12 -17 12 -19 10 -18 11 -20 11 -17 11 -18 12 -16 11 -19 10 -19 11 -16 9 -17 8 -15 7 -16 7 -15 11 -17 8 -15 8 -2 -2 -15 7 -18 13 -16 13 -12 10 -13 12 -16 10 -15 9 -14 11 -14 10 -15 12 -15 13 -14 11 -15 12 -14 12 -11 11 -11 13 -14 16 -13 15 -11 14 -9 12 -12 11 -13 15 -10 13 -8 16 -13 14 -11 15 -2 -2 0 0 0 0 0 0 0 0 ]
CSI_DATA,AP,68:FE:71:12:53:8C,-34,11,1,5,1,1,1,0,0,0,0,-94,0,6,1,69837315,0,84,0,0,69.837,384,[84 -64 4 0 0 0 0 0 0 0 0 0 -8 21 -7 20 -8 23 -9 24 -10 20 -9 18 -13 20 -12 20 -13 18 -13 18 -13 19 -14 18 -10 18 -12 18 -14 18 -15 17 -12 14 -13 13 -13 14 -10 17 -13 17 -11 17 -12 15 -9 14 -10 17 -11 15 -2 0 -12 17 -11 17 -10 16 -8 15 -7 17 -11 17 -8 15 -6 16 -8 15 -8 16 -5 14 -6 16 -8 18 -5 16 -7 15 -4 17 -5 17 -5 18 -5 18 -6 18 -5 18 -3 19 -6 18 -4 19 -5 19 -1 18 0 -2 0 0 0 0 0 0 0 0 ]
CSI_DATA,AP,68:FE:71:12:53:8C,-31,11,1,7,1,1,1,0,0,0,0,-94,0,6,1,69922197,0,84,0,0,69.922,384,[84 -64 4 0 0 0 0 0 0 0 0 0 6 -19 8 -17 8 -22 9 -21 9 -18 10 -18 12 -16 11 -14 13 -17 14 -17 12 -19 13 -15 16 -17 12 -17 13 -13 16 -16 13 -14 10 -14 11 -13 13 -14 11 -11 15 -12 10 -11 12 -13 13 -14 11 -16 0 0 12 -12 9 -14 12 -12 9 -12 9 -12 11 -15 9 -15 9 -12 9 -14 7 -13 10 -15 7 -13 6 -14 10 -14 10 -15 5 -18 7 -19 7 -18 5 -14 6 -18 9 -18 6 -14 7 -18 5 -19 8 -15 7 -16 1 -1 0 0 0 0 0 0 0 0 ]
