type,role,mac,rssi,rate,sig_mode,mcs,bandwidth,smoothing,not_sounding,aggregation,stbc,fec_coding,sgi,noise_floor,ampdu_cnt,channel,secondary_channel,local_timestamp,ant,sig_len,rx_state,real_time_set,real_timestamp,len,CSI_DATA
CSI_DATA,AP,68:FE:71:12:53:8C,-38,11,1,7,1,1,1,0,0,0,0,-93,0,6,1,8078846,0,84,0,0,8.0788,384,[82 -96 4 0 0 0 0 0 0 0 0 0 -16 -4 -15 -3 -21 -8 -18 -8 -13 -4 -18 -6 -11 -6 -16 -13 -14 -10 -17 -9 -19 -8 -16 -10 -16 -8 -16 -10 -15 -8 -18 -11 -17 -11 -15 -13 -13 -9 -14 -8 -12 -12 -10 -7 -15 -11 -16 -6 -12 -5 -12 -6 -4 -4 -12 -8 -13 -9 -15 -8 -15 -8 -16 -4 -10 -5 -12 -3 -15 -5 -13 -7 -14 -9 -17 -10 -11 -2 -12 -4 -15 -3 -17 -7 -14 -3 -18 -7 -17 -6 -12 -2 -18 -1 -16 -6 -17 -1 -18 -6 -19 -5 -10 -1 -14 -2 1 -4 0 0 0 0 0 0 0 0 ]
CSI_DATA,AP,68:FE:71:12:53:8C,-37,11,1,6,1,1,1,1,0,0,0,-94,2,6,1,8150626,0,84,0,0,8.1506,384,[84 -64 4 0 0 0 0 0 0 0 0 0 6 18 2 20 3 18 2 22 6 15 3 23 4 17 7 20 3 17 -1 16 6 18 5 14 5 17 1 17 5 14 0 20 -2 19 0 14 4 13 -1 20 2 12 1 18 2 16 2 17 -1 16 1 18 0 -2 0 18 0 14 -4 13 5 17 -2 19 2 13 3 13 -1 16 3 12 5 14 3 18 -1 15 -1 18 6 14 2 15 7 11 9 10 8 16 1 14 5 13 4 17 1 12 5 16 8 16 7 17 8 12 -3 -3 0 0 0 0 0 0 0 0 ]
CSI_DATA,AP,68:FE:71:12:53:8C,-35,11,1,6,1,1,1,0,0,0,0,-94,0,6,1,8295789,0,84,0,0,8.2958,384,[84 -64 4 0 0 0 0 0 0 0 0 0 -11 -18 -16 -19 -8 -17 -10 -20 -15 -20 -7 -16 -11 -15 -11 -21 -8 -15 -7 -20 -7 -18 -8 -19 -9 -17 -7 -20 -5 -15 -8 -17 -8 -22 -7 -17 -5 -20 -9 -15 -7 -19 -10 -18 -7 -20 -10 -17 -9 -13 -5 -17 2 -1 -3 -19 -5 -15 -3 -16 -4 -12 -12 -11 -7 -17 -5 -14 -5 -11 -12 -18 -8 -18 -10 -13 -11 -15 -8 -9 -7 -11 -14 -18 -10 -17 -8 -10 -11 -10 -13 -10 -13 -16 -7 -9 -12 -10 -7 -10 -14 -13 -11 -7 -14 -8 3 3 0 0 0 0 0 0 0 0 ]
CSI_DATA,AP,68:FE:71:12:53:8C,-36,11,1,6,1,1,1,0,0,0,0,-94,0,6,1,8394942,0,84,0,0,8.3949,384,[84 -64 4 0 0 0 0 0 0 0 0 0 -1 14 -7 15 -8 18 -10 18 -2 22 -5 20 -10 16 -6 15 -11 19 -7 18 -12 15 -9 17 -5 20 -14 20 -10 11 -8 11 -8 14 -9 10 -9 18 -13 15 -4 11 -12 16 -12 16 -4 15 -11 14 -7 13 3 4 -10 17 -8 17 -10 10 -3 12 -9 16 -5 15 -8 17 -9 14 -9 14 -3 17 0 17 -1 16 0 17 -1 11 -1 18 -3 14 0 12 -4 12 -2 13 -5 14 1 18 1 16 2 15 -3 11 -1 15 -2 13 -2 1 0 0 0 0 0 0 0 0 ]
CSI_DATA,AP,68:FE:71:12:53:8C,-40,11,1,6,1,1,1,0,0,0,0,-94,0,6,1,8494798,0,84,0,0,8.4948,384,[84 -64 4 0 0 0 0 0 0 0 0 0 -4 15 -4 19 -3 16 -1 21 -8 23 -1 15 -4 14 -3 13 -2 21 -1 18 -7 17 -3 19 -10 15 -6 21 -7 17 -4 13 -9 12 -7 14 -3 13 -4 13 -10 19 -5 18 -9 10 -4 17 -5 13 -5 13 -1 -2 -6 13 -3 17 -7 14 -7 11 -7 17 -3 17 -1 10 1 13 -2 10 -5 11 0 14 -1 12 2 18 -1 18 2 17 2 16 1 14 0 10 2 17 1 13 5 15 3 16 0 14 -2 14 2 17 4 18 3 -3 0 0 0 0 0 0 0 0 ]
CSI_DATA,AP,68:FE:71:12:53:8C,-35,11,1,6,1,1,1,0,0,0,0,-94,0,6,1,8593677,0,84,0,0,8.5937,384,[84 -64 4 0 0 0 0 0 0 0 0 0 10 -13 10 -17 17 -10 14 -11 14 -9 10 -9 17 -8 16 -15 17 -16 13 -13 17 -12 10 -8 15 -9 12 -8 17 -6 15 -7 17 -6 15 -9 9 -9 17 -14 10 -10 16 -13 7 -9 11 -8 13 -6 11 -12 -4 2 10 -14 9 -6 12 -12 9 -9 11 -9 8 -15 11 -7 6 -7 8 -15 12 -9 9 -7 13 -7 5 -15 6 -8 7 -14 5 -12 7 -12 4 -10 10 -11 9 -13 11 -12 6 -17 9 -12 11 -11 11 -13 7 -15 -3 -1 0 0 0 0 0 0 0 0 ]
CSI_DATA,AP,68:FE:71:12:53:8C,-31,11,1,6,1,1,1,1,0,0,0,-95,6,6,1,8693308,0,84,0,0,8.6933,384,[84 -64 4 0 0 0 0 0 0 0 0 0 11 15 14 12 11 13 16 14 13 16 13 16 14 11 11 14 14 11 7 12 9 18 14 13 7 15 11 16 8 13 8 12 7 14 7 11 8 16 12 14 8 18 6 12 8 17 12 9 5 13 11 9 -2 2 6 16 10 9 6 11 9 15 6 8 10 8 5 9 7 14 6 13 14 7 13 15 9 8 7 10 12 13 8 13 13 13 13 12 14 10 9 7 15 5 14 8 14 13 13 5 9 11 13 4 15 12 -2 1 0 0 0 0 0 0 0 0 ]
CSI_DATA,AP,68:FE:71:12:53:8C,-40,11,1,6,1,1,1,0,0,0,0,-94,0,6,1,8812034,0,84,0,0,8.812,384,[84 -64 4 0 0 0 0 0 0 0 0 0 16 -9 19 -7 20 -9 21 -2 21 -2 21 -5 23 -1 18 1 19 -1 16 -1 17 3 23 -5 20 4 23 0 18 3 20 -2 18 4 20 -2 16 3 21 -1 13 2 19 3 12 0 16 3 13 4 16 -4 -4 -3 17 2 15 3 12 2 11 -4 19 3 15 3 14 -4 13 1 17 -2 14 -6 16 -2 18 -6 16 -4 11 -3 14 -5 15 -2 14 -6 12 0 19 -3 13 -9 15 -5 12 -1 18 -2 14 -4 18 -5 12 -6 4 4 0 0 0 0 0 0 0 0 ]
CSI_DATA,AP,68:FE:71:12:53:8C,-36,11,1,5,1,1,1,1,0,0,0,-96,5,6,1,8884436,0,84,0,0,8.8844,384,[84 -64 4 0 0 0 0 0 0 0 0 0 21 4 23 2 20 5 21 11 18 11 17 10 22 14 19 8 19 13 22 10 23 12 16 9 14 7 20 15 14 15 22 15 18 9 19 13 17 11 12 13 16 12 14 12 12 10 18 12 14 10 14 10 -4 3 15 6 15 10 17 12 17 9 20 11 15 12 19 11 17 4 20 7 19 8 14 4 17 4 20 5 21 7 18 5 17 9 14 8 17 5 14 1 19 3 20 7 14 5 16 3 21 4 22 8 14 4 3 -2 0 0 0 0 0 0 0 0 ]
CSI_DATA,AP,68:FE:71:12:53:8C,-37,11,1,7,1,1,1,0,0,0,0,-94,0,6,1,9004372,0,84,0,0,9.0044,384,[84 -64 4 0 0 0 0 0 0 0 0 0 -1 -18 -4 -21 -3 -23 0 -23 -1 -17 4 -22 3 -24 -2 -17 1 -20 2 -20 4 -19 7 -17 4 -19 7 -19 7 -22 5 -16 7 -23 5 -21 8 -21 1 -18 7 -17 1 -16 4 -16 4 -15 8 -21 -1 -19 -1 -4 7 -20 3 -21 5 -19 6 -18 1 -13 -1 -15 3 -13 3 -20 1 -14 -1 -12 3 -16 1 -14 -2 -14 0 -17 -4 -13 2 -13 3 -20 0 -14 1 -20 0 -15 -4 -13 -1 -15 1 -15 -3 -16 -2 -20 -6 -16 -1 -2 0 0 0 0 0 0 0 0 ]
CSI_DATA,AP,68:FE:71:12:53:8C,-36,11,1,6,1,1,1,0,0,0,0,-96,0,6,1,9081135,0,84,0,0,9.0811,384,[84 -64 4 0 0 0 0 0 0 0 0 0 -6 21 -5 14 -9 18 -7 15 -8 17 -3 17 -8 13 -5 13 -8 11 -11 15 -11 15 -7 19 -13 13 -13 14 -9 18 -12 14 -5 10 -3 16 -6 15 -10 11 -9 11 -9 12 -4 13 -7 12 -4 13 -5 14 -3 1 -6 15 -7 15 -1 15 -7 14 -8 11 -5 14 -6 13 -4 9 -5 9 -5 10 -2 13 -2 17 -7 12 2 17 -1 13 -2 10 -6 16 2 18 -5 14 -3 11 -2 15 0 18 3 11 -1 14 -4 17 2 17 -4 4 0 0 0 0 0 0 0 0 ]
CSI_DATA,AP,68:FE:71:12:53:8C,-35,11,1,5,1,1,1,0,0,0,0,-95,0,6,1,9189581,0,84,0,0,9.1896,384,[84 -64 4 0 0 0 0 0 0 0 0 0 -34 -12 -40 -11 -39 -14 -39 -9 -34 -15 -35 -17 -37 -11 -36 -20 -35 -20 -32 -17 -29 -17 -33 -24 -31 -20 -32 -22 -27 -17 -31 -16 -32 -21 -30 -19 -31 -15 -35 -21 -33 -22 -26 -22 -24 -16 -29 -16 -30 -21 -24 -19 4 2 -31 -19 -26 -15 -29 -16 -27 -15 -25 -14 -30 -18 -25 -19 -27 -15 -28 -15 -33 -12 -32 -9 -33 -10 -31 -11 -32 -12 -27 -10 -31 -13 -36 -12 -32 -13 -28 -4 -29 -7 -34 -12 -31 -10 -30 -12 -31 -10 -32 -12 -31 -5 4 2 0 0 0 0 0 0 0 0 ]
CSI_DATA,AP,68:FE:71:12:53:8C,-35,11,1,5,1,1,1,0,0,0,0,-94,0,6,1,9297560,0,84,0,0,9.2976,384,[84 -64 4 0 0 0 0 0 0 0 0 0 10 -22 13 -15 10 -15 9 -18 8 -17 7 -14 8 -21 9 -19 12 -18 11 -12 11 -11 16 -17 12 -10 9 -18 12 -15 12 -17 16 -15 11 -10 10 -17 9 -18 13 -11 7 -15 12 -8 9 -10 9 -15 7 -15 -3 3 6 -13 12 -13 10 -13 6 -16 7 -17 5 -16 6 -18 6 -14 4 -9 6 -11 10 -9 10 -10 9 -11 5 -18 8 -14 7 -14 6 -18 4 -18 10 -16 4 -14 5 -18 8 -17 3 -17 3 -19 1 -15 1 -15 -4 -3 0 0 0 0 0 0 0 0 ]
CSI_DATA,AP,68:FE:71:12:53:8C,-37,11,1,6,1,1,1,0,0,0,0,-93,0,6,1,9396995,0,84,0,0,9.397,384,[84 -64 4 0 0 0 0 0 0 0 0 0 4 -20 3 -13 3 -19 4 -18 8 -18 9 -14 12 -16 6 -19 9 -11 8 -11 6 -11 12 -13 5 -12 9 -11 5 -13 6 -12 12 -14 8 -16 6 -16 10 -10 11 -13 5 -8 5 -16 7 -14 7 -11 10 -11 2 -1 6 -10 11 -10 4 -16 9 -8 4 -15 7 -8 11 -11 5 -13 4 -13 3 -12 5 -9 9 -16 8 -11 0 -13 6 -14 0 -16 2 -17 8 -17 6 -18 1 -11 7 -15 4 -12 4 -11 2 -14 3 -11 1 -10 -1 4 0 0 0 0 0 0 0 0 ]
CSI_DATA,AP,68:FE:71:12:53:8C,-38,11,1,6,1,1,1,0,0,0,0,-94,0,6,1,9482505,0,84,0,0,9.4825,384,[84 -64 4 0 0 0 0 0 0 0 0 0 16 -14 12 -12 16 -12 14 -14 11 -18 12 -13 12 -16 15 -11 18 -14 16 -14 13 -7 11 -12 14 -14 15 -8 10 -8 16 -10 13 -7 12 -8 14 -13 16 -14 17 -11 12 -13 17 -5 11 -7 11 -8 18 -6 2 -3 10 -13 11 -8 14 -12 12 -15 14 -7 14 -11 10 -14 15 -9 7 -15 6 -10 7 -8 11 -8 13 -14 6 -15 7 -12 5 -9 10 -15 9 -12 4 -9 5 -10 10 -10 6 -13 11 -14 7 -16 7 -18 6 -11 -3 -1 0 0 0 0 0 0 0 0 ]
CSI_DATA,AP,68:FE:71:12:53:8C,-33,11,1,6,1,1,1,0,0,0,0,-94,0,6,1,9599650,0,84,0,0,9.5997,384,[84 -64 4 0 0 0 0 0 0 0 0 0 5 11 5 5 6 10 8 10 6 11 10 6 6 9 7 12 4 6 9 6 10 8 2 11 9 10 8 13 6 10 3 7 7 4 5 7 3 9 3 7 5 10 9 10 6 4 4 10 3 3 8 3 -1 3 5 3 5 8 4 4 6 9 1 5 9 10 5 8 6 7 1 6 5 10 1 8 1 3 4 9 7 2 6 9 3 3 6 2 4 4 7 2 7 1 4 9 3 4 9 6 10 3 6 1 8 4 -1 3 0 0 0 0 0 0 0 0 ]
CSI_DATA,AP,68:FE:71:12:53:8C,-36,11,1,6,1,1,1,0,0,0,0,-93,0,6,1,9674488,0,84,0,0,9.6745,384,[84 -64 4 0 0 0 0 0 0 0 0 0 -14 0 -21 -2 -16 -3 -16 -11 -17 -5 -15 -11 -15 -6 -13 -4 -16 -5 -19 -8 -19 -6 -20 -5 -15 -12 -13 -12 -16 -10 -12 -10 -18 -13 -18 -5 -14 -12 -17 -9 -12 -7 -16 -8 -15 -9 -16 -11 -16 -7 -12 -7 -4 2 -13 -8 -12 -10 -16 -7 -17 -5 -10 -5 -18 -5 -13 -8 -11 -9 -12 -9 -17 -2 -14 -4 -12 -7 -19 -3 -18 -1 -13 -8 -14 -4 -11 -8 -12 1 -14 0 -18 0 -13 -4 -14 2 -18 -1 -16 0 -18 0 -17 -5 2 4 0 0 0 0 0 0 0 0 ]
CSI_DATA,AP,68:FE:71:12:53:8C,-39,11,1,4,1,1,1,0,0,0,0,-95,0,6,1,9773101,0,84,0,0,9.7731,384,[84 -64 4 0 0 0 0 0 0 0 0 0 19 6 18 5 19 5 14 10 19 6 12 9 18 13 16 11 14 8 12 9 12 8 15 15 12 16 15 14 13 14 15 11 9 15 12 8 12 11 11 13 9 14 10 8 8 12 9 13 14 11 16 15 -3 4 7 9 11 6 8 13 9 5 12 12 14 11 12 6 12 13 14 11 15 7 15 12 16 8 13 11 10 10 11 12 18 4 16 7 17 8 12 6 9 4 16 3 16 5 10 2 11 6 13 8 18 9 -2 -2 0 0 0 0 0 0 0 0 ]
CSI_DATA,AP,68:FE:71:12:53:8C,-36,11,1,7,1,1,1,0,0,0,0,-95,0,6,1,9886559,0,84,0,0,9.8866,384,[84 -64 4 0 0 0 0 0 0 0 0 0 -5 -20 -3 -21 -6 -20 -1 -20 0 -24 0 -23 -2 -23 2 -23 3 -23 5 -24 2 -18 5 -17 4 -16 0 -21 4 -17 6 -21 1 -21 0 -13 -2 -16 3 -15 7 -21 0 -19 2 -13 4 -20 3 -21 3 -15 -1 -4 -2 -12 -1 -20 2 -14 4 -12 -2 -14 0 -20 -1 -12 -1 -20 -4 -16 1 -18 -4 -12 -3 -13 0 -16 0 -18 -4 -13 -7 -12 -7 -19 -7 -16 0 -12 -2 -14 -6 -20 -1 -15 -6 -16 -7 -12 -8 -14 -6 -15 -3 4 0 0 0 0 0 0 0 0 ]
CSI_DATA,AP,68:FE:71:12:53:8C,-37,11,1,6,1,1,1,0,0,0,1,-94,0,6,1,9977264,0,84,0,0,9.9773,384,[84 -64 4 0 0 0 0 0 0 0 0 0 -22 -10 -20 -10 -15 -9 -14 -11 -19 -16 -15 -9 -18 -11 -16 -15 -13 -10 -17 -16 -18 -16 -10 -15 -10 -12 -14 -12 -13 -11 -14 -17 -11 -17 -12 -16 -9 -10 -16 -18 -16 -14 -13 -12 -15 -11 -14 -13 -16 -17 -15 -9 3 -4 -11 -8 -10 -13 -14 -16 -16 -14 -12 -11 -16 -7 -13 -14 -16 -11 -9 -11 -17 -13 -17 -7 -13 -8 -11 -9 -15 -5 -16 -6 -10 -6 -17 -13 -12 -5 -17 -10 -16 -10 -14 -5 -14 -12 -17 -5 -15 -11 -18 -5 -14 -11 1 2 0 0 0 0 0 0 0 0 ]
CSI_DATA,AP,68:FE:71:12:53:8C,-40,11,1,4,1,1,1,0,0,0,0,-96,0,6,1,10103066,0,82,0,0,10.103,384,[84 -64 4 0 0 0 0 0 0 0 0 0 3 -22 8 -20 9 -22 10 -24 10 -18 7 -15 6 -15 4 -19 4 -17 5 -15 11 -18 10 -21 8 -18 10 -18 6 -17 9 -14 11 -18 5 -17 10 -14 9 -14 8 -13 7 -15 10 -12 10 -11 5 -12 8 -13 -1 1 10 -18 4 -15 6 -17 7 -11 7 -11 4 -19 5 -17 4 -20 7 -13 1 -19 0 -18 7 -18 7 -17 3 -16 2 -19 2 -14 4 -21 2 -21 -1 -20 3 -20 1 -14 6 -14 4 -19 3 -19 3 -12 1 -16 -1 -1 0 0 0 0 0 0 0 0 ]
CSI_DATA,AP,68:FE:71:12:53:8C,-41,11,1,4,1,1,1,0,0,0,0,-93,0,6,1,10231821,0,84,0,0,10.232,384,[84 -64 4 0 0 0 0 0 0 0 0 0 -1 20 -3 24 -2 20 -6 22 -3 17 0 21 -3 16 -1 15 -7 17 -4 20 -7 17 -2 20 -4 24 -7 15 -4 22 -10 21 -3 17 -6 21 -11 17 -9 14 -3 20 -5 21 -3 12 -4 19 -5 20 -5 13 0 4 -6 16 -2 21 -8 15 -2 20 0 19 -3 20 -1 18 -1 15 -1 20 -2 17 -2 20 -3 19 -5 18 0 13 1 13 1 19 0 20 -2 12 -3 18 -2 16 3 13 3 15 -1 14 2 20 3 16 6 19 -3 -1 0 0 0 0 0 0 0 0 ]
CSI_DATA,AP,68:FE:71:12:53:8C,-38,11,1,7,1,1,1,0,0,0,0,-95,0,6,1,10331229,0,84,0,0,10.331,384,[84 -64 4 0 0 0 0 0 0 0 0 0 8 -23 9 -23 10 -25 7 -16 9 -16 9 -14 13 -20 7 -20 10 -15 11 -16 13 -14 16 -19 16 -15 12 -20 10 -11 16 -13 9 -18 12 -10 7 -17 9 -11 15 -11 15 -18 13 -11 10 -17 11 -12 9 -12 1 0 9 -13 12 -20 10 -17 12 -13 9 -18 12 -14 4 -11 3 -12 3 -19 3 -13 4 -13 10 -18 4 -14 1 -19 9 -16 2 -21 8 -17 0 -17 0 -15 0 -19 4 -21 -1 -13 5 -18 5 -22 -1 -14 1 -17 4 4 0 0 0 0 0 0 0 0 ]
CSI_DATA,AP,68:FE:71:12:53:8C,-32,11,0,0,0,0,0,1,0,0,0,-93,5,6,1,10406899,0,37,0,0,10.407,128,[84 -64 4 0 0 0 0 0 0 0 0 0 -14 22 -11 19 -14 23 -12 21 -13 16 -11 13 -14 19 -15 15 -13 18 -17 12 -13 15 -15 11 -18 12 -14 15 -12 16 -19 14 -17 14 -10 11 -15 14 -15 9 -13 13 -14 13 -18 14 -15 12 -14 9 -13 12 1 -4 -10 14 -8 13 -10 12 -9 14 -13 15 -12 12 -16 11 -12 9 -14 10 -8 13 -9 17 -10 9 -11 17 -5 18 -6 12 -10 20 -10 12 -12 18 -10 16 -11 12 -8 17 -6 16 -3 18 -7 19 -9 17 -10 19 1 -3 0 0 0 0 0 0 0 0 ]
CSI_DATA,AP,68:FE:71:12:53:8C,-34,11,1,6,1,1,1,1,0,0,0,-94,3,6,1,10525879,0,84,0,0,10.526,384,[84 -64 4 0 0 0 0 0 0 0 0 0 18 -14 11 -20 16 -21 14 -17 20 -16 19 -17 20 -11 15 -10 13 -9 17 -9 16 -14 18 -12 22 -7 20 -13 14 -7 15 -14 20 -11 16 -7 20 -10 17 -6 18 -13 13 -12 17 -13 17 -7 21 -9 18 -11 2 -3 14 -8 13 -12 12 -15 15 -9 17 -8 12 -10 11 -14 13 -14 14 -15 10 -16 9 -11 14 -14 11 -9 8 -9 13 -16 10 -18 9 -12 10 -16 11 -14 13 -16 14 -11 13 -18 12 -12 13 -20 9 -14 9 -14 -4 -3 0 0 0 0 0 0 0 0 ]
CSI_DATA,AP,68:FE:71:12:53:8C,-36,11,1,7,1,1,1,0,0,0,0,-96,0,6,1,10666111,0,84,0,0,10.666,384,[84 -64 4 0 0 0 0 0 0 0 0 0 -17 16 -22 14 -19 12 -24 8 -18 11 -22 10 -16 9 -17 10 -19 5 -17 5 -19 12 -23 7 -24 7 -20 4 -19 9 -21 4 -17 6 -19 6 -22 9 -22 9 -20 4 -14 6 -19 5 -18 4 -20 10 -14 10 -2 -2 -18 10 -20 9 -17 11 -12 10 -16 5 -13 11 -20 7 -15 8 -13 12 -10 12 -14 14 -11 12 -9 10 -17 10 -17 9 -10 13 -14 8 -10 14 -12 14 -11 15 -16 8 -13 10 -13 16 -12 17 -12 10 -9 17 -3 1 0 0 0 0 0 0 0 0 ]
CSI_DATA,AP,68:FE:71:12:53:8C,-35,11,1,6,1,1,1,0,0,0,0,-95,0,6,1,10733554,0,82,0,0,10.734,384,[84 -64 4 0 0 0 0 0 0 0 0 0 -6 18 -1 19 -5 25 -5 20 -1 22 -7 15 -10 23 -10 18 -6 20 -6 20 -10 15 -9 23 -4 17 -8 16 -10 20 -11 17 -4 13 -11 18 -4 13 -12 14 -10 18 -6 13 -3 19 -6 13 -11 21 -4 20 3 1 -8 14 -7 14 -9 16 -4 14 -2 12 -9 21 -5 15 -3 16 -3 17 2 16 -7 18 -3 18 2 12 -5 13 -3 13 -2 21 -1 15 -2 19 -3 19 1 13 -2 20 -3 17 0 16 -2 21 0 18 5 20 1 3 0 0 0 0 0 0 0 0 ]
CSI_DATA,AP,68:FE:71:12:53:8C,-39,11,1,5,1,1,1,0,0,0,0,-93,0,6,1,10825168,0,84,0,0,10.825,384,[84 -64 4 0 0 0 0 0 0 0 0 0 23 3 21 6 17 2 24 9 19 10 17 5 22 6 20 5 14 12 20 11 18 8 19 11 16 12 20 10 19 8 19 14 20 6 12 5 17 10 17 6 12 11 17 6 16 10 11 13 15 6 18 13 0 3 13 9 16 7 18 11 18 11 10 9 17 12 13 10 17 11 17 11 14 8 18 9 16 9 14 4 13 1 16 3 13 3 17 2 15 3 16 1 15 1 13 0 18 6 18 6 21 1 15 6 15 4 -4 -2 0 0 0 0 0 0 0 0 ]
CSI_DATA,AP,68:FE:71:12:53:8C,-36,11,1,5,1,1,1,0,0,0,0,-96,0,6,1,10926927,0,84,0,0,10.927,384,[84 -64 4 0 0 0 0 0 0 0 0 0 -7 -20 -2 -20 -10 -26 -3 -24 -6 -19 -3 -22 -5 -25 3 -24 -5 -25 3 -25 3 -24 5 -24 2 -18 4 -19 -2 -18 0 -25 -2 -17 -1 -19 0 -22 3 -21 5 -17 -1 -21 5 -23 4 -22 2 -21 0 -17 -3 1 1 -17 0 -19 -1 -18 -4 -18 0 -22 -2 -15 2 -22 -5 -20 -1 -15 -7 -17 -1 -17 -6 -21 -7 -15 -8 -19 -3 -21 -7 -22 -9 -20 -5 -16 -6 -15 -9 -20 -9 -19 -2 -17 -10 -14 -10 -17 -6 -13 -9 -15 0 4 0 0 0 0 0 0 0 0 ]
CSI_DATA,AP,68:FE:71:12:53:8C,-31,11,1,7,1,1,1,0,0,0,0,-93,0,6,1,11010622,0,84,0,0,11.011,384,[84 -64 4 0 0 0 0 0 0 0 0 0 12 14 8 22 6 15 3 25 7 17 1 15 8 16 2 17 7 23 6 21 5 16 4 23 5 21 2 19 0 21 2 19 -2 17 3 14 5 21 3 15 -3 17 5 16 1 19 6 14 1 19 4 16 0 -2 -1 15 7 16 7 21 4 15 -1 12 8 18 4 14 5 14 7 11 4 15 5 18 4 15 3 10 9 13 8 13 9 19 10 18 8 12 10 10 7 16 6 16 4 17 4 17 8 15 12 13 7 15 3 3 0 0 0 0 0 0 0 0 ]
CSI_DATA,AP,68:FE:71:12:53:8C,-37,11,1,5,1,1,1,1,0,0,0,-96,1,6,1,11146756,0,84,0,0,11.147,384,[84 -64 4 0 0 0 0 0 0 0 0 0 -6 23 -4 19 -9 19 -12 20 -11 23 -10 13 -11 18 -7 12 -11 14 -9 13 -12 20 -8 14 -10 13 -12 17 -10 12 -9 12 -14 14 -8 10 -7 15 -14 11 -13 15 -10 16 -13 9 -14 10 -9 17 -13 14 2 3 -10 13 -11 16 -5 12 -5 13 -4 11 -10 17 -6 10 -3 11 -6 11 -11 15 -8 17 -10 17 -8 10 -10 11 -7 11 -6 16 -2 17 -2 12 -5 12 1 19 -5 12 -2 15 -4 12 -4 14 -8 17 0 14 0 -3 0 0 0 0 0 0 0 0 ]
CSI_DATA,AP,68:FE:71:12:53:8C,-41,11,1,4,1,1,1,0,0,0,0,-95,0,6,1,11265646,0,84,0,0,11.266,384,[84 -64 4 0 0 0 0 0 0 0 0 0 9 -15 12 -14 14 -18 13 -18 10 -14 12 -17 11 -19 14 -14 16 -18 12 -17 14 -17 16 -13 11 -12 19 -11 12 -16 16 -10 19 -12 13 -15 11 -8 12 -12 13 -13 17 -14 11 -8 10 -14 11 -14 9 -10 4 2 13 -14 10 -14 16 -10 15 -12 8 -8 9 -15 15 -15 13 -16 11 -12 4 -17 12 -16 8 -12 7 -18 11 -14 7 -17 7 -18 12 -19 3 -13 5 -14 6 -16 12 -14 6 -11 6 -17 2 -19 10 -12 6 -19 -1 1 0 0 0 0 0 0 0 0 ]
CSI_DATA,AP,68:FE:71:12:53:8C,-32,11,1,6,1,1,1,0,0,0,0,-96,0,6,1,11388660,0,84,0,0,11.389,384,[84 -64 4 0 0 0 0 0 0 0 0 0 -19 -2 -18 -1 -21 -3 -23 -1 -20 -6 -24 -4 -19 -4 -21 -7 -17 -7 -18 -6 -20 -8 -19 -4 -19 -2 -19 -7 -19 -10 -20 -3 -19 -10 -22 -2 -20 -8 -20 -3 -18 -5 -21 -7 -15 -8 -18 -6 -20 -5 -19 -4 4 -3 -18 -7 -18 -6 -17 -3 -17 -1 -13 -6 -21 -6 -21 -4 -19 -8 -13 1 -18 0 -22 2 -17 1 -16 -1 -20 -4 -14 0 -22 3 -16 -3 -18 -3 -16 3 -20 -3 -17 -2 -18 0 -20 -3 -15 0 -13 2 -15 5 -1 4 0 0 0 0 0 0 0 0 ]
CSI_DATA,AP,68:FE:71:12:53:8C,-38,11,1,5,1,1,1,0,0,0,0,-95,0,6,1,11528256,0,84,0,0,11.528,384,[84 -64 4 0 0 0 0 0 0 0 0 0 -20 -5 -17 -7 -19 -9 -19 -13 -18 -10 -19 -8 -17 -8 -18 -8 -14 -15 -16 -10 -19 -12 -19 -13 -18 -11 -13 -12 -17 -9 -18 -11 -13 -14 -12 -16 -11 -17 -12 -11 -18 -10 -12 -9 -16 -9 -17 -11 -16 -11 -13 -10 0 -2 -10 -14 -16 -11 -19 -12 -14 -11 -13 -11 -15 -10 -18 -7 -19 -9 -12 -10 -15 -7 -18 -5 -17 -6 -12 -9 -16 -9 -14 -8 -14 -9 -19 -6 -15 -5 -14 -3 -17 -8 -18 -5 -16 -7 -20 -3 -17 -3 -13 -2 -12 -5 3 -4 0 0 0 0 0 0 0 0 ]
CSI_DATA,AP,68:FE:71:12:53:8C,-31,11,1,7,1,1,1,0,0,0,0,-95,0,6,1,11636294,0,84,0,0,11.636,384,[84 -64 4 0 0 0 0 0 0 0 0 0 24 -3 21 4 19 -1 23 5 19 6 19 2 17 1 20 4 21 8 19 4 20 4 18 7 19 6 15 12 21 4 18 11 15 4 19 9 14 6 18 6 19 4 20 11 13 5 20 3 18 9 14 11 -2 -1 15 8 16 9 18 7 20 1 11 1 19 6 15 4 16 8 15 4 11 6 12 1 19 7 16 7 18 1 15 4 14 0 14 5 17 -2 19 0 15 -1 14 -3 15 4 17 4 14 4 14 -3 15 1 3 -3 0 0 0 0 0 0 0 0 ]
CSI_DATA,AP,68:FE:71:12:53:8C,-38,11,1,5,1,1,1,0,0,0,0,-94,0,6,1,11733369,0,84,0,0,11.733,384,[84 -64 4 0 0 0 0 0 0 0 0 0 9 17 8 22 3 20 5 22 6 23 4 20 6 17 1 17 2 17 2 22 3 24 1 18 4 21 -2 17 3 19 0 18 4 20 -1 20 0 20 -4 14 3 13 -1 17 -2 13 5 18 1 21 4 19 -1 -1 3 17 2 19 5 18 7 13 1 17 3 19 1 14 4 12 -1 18 7 14 9 18 1 15 8 18 6 17 3 14 7 18 9 19 5 17 10 12 7 11 10 17 9 15 6 17 6 12 6 12 11 10 -4 0 0 0 0 0 0 0 0 0 ]
CSI_DATA,AP,68:FE:71:12:53:8C,-37,11,1,5,1,1,1,0,0,0,0,-94,0,6,1,11848007,0,84,0,0,11.848,384,[84 -64 4 0 0 0 0 0 0 0 0 0 14 -14 15 -14 13 -15 14 -17 12 -15 11 -10 19 -8 14 -12 17 -9 19 -8 20 -14 15 -13 17 -12 17 -15 16 -10 17 -14 14 -7 13 -10 15 -9 15 -4 19 -5 15 -9 13 -3 15 -10 18 -11 17 -6 3 4 14 -4 12 -7 18 -10 9 -10 16 -5 10 -8 17 -8 13 -13 11 -6 14 -14 8 -16 8 -8 10 -13 13 -15 12 -10 13 -16 13 -10 7 -17 9 -12 12 -10 10 -9 9 -9 12 -13 10 -11 9 -9 13 -12 -2 2 0 0 0 0 0 0 0 0 ]
CSI_DATA,AP,68:FE:71:12:53:8C,-32,11,1,7,1,1,1,1,0,0,0,-93,1,6,1,11947857,0,84,0,0,11.948,384,[84 -64 4 0 0 0 0 0 0 0 0 0 5 -27 7 -24 8 -26 13 -31 10 -30 10 -27 10 -27 13 -22 10 -30 12 -29 15 -28 18 -27 13 -25 13 -27 11 -22 14 -24 12 -19 10 -18 10 -22 12 -20 10 -19 12 -26 13 -22 13 -24 14 -18 9 -23 -3 -3 16 -24 14 -25 13 -24 10 -27 7 -22 13 -19 12 -25 11 -18 5 -25 12 -23 7 -27 8 -21 7 -19 9 -25 1 -21 8 -24 8 -21 7 -26 2 -26 3 -27 8 -25 4 -21 2 -19 2 -29 1 -27 -1 -27 0 3 0 0 0 0 0 0 0 0 ]
CSI_DATA,AP,68:FE:71:12:53:8C,-36,11,1,5,1,1,1,0,0,0,0,-94,0,6,1,12055804,0,84,0,0,12.056,384,[84 -64 4 0 0 0 0 0 0 0 0 0 12 -20 17 -19 9 -12 18 -15 17 -13 12 -10 16 -12 18 -14 14 -13 15 -13 19 -16 18 -11 21 -14 16 -12 20 -12 15 -10 15 -14 15 -13 18 -15 14 -14 19 -11 18 -13 16 -10 13 -6 15 -15 16 -10 -3 -4 17 -14 12 -15 16 -14 13 -14 15 -14 13 -15 13 -10 13 -16 9 -12 9 -12 13 -9 13 -15 8 -14 10 -11 6 -12 13 -10 8 -13 10 -17 8 -15 4 -13 14 -19 5 -19 7 -16 9 -19 8 -15 9 -11 -1 1 0 0 0 0 0 0 0 0 ]
CSI_DATA,AP,68:FE:71:12:53:8C,-39,11,1,5,1,1,1,1,0,0,0,-96,1,6,1,12161450,0,84,0,0,12.161,384,[84 -64 4 0 0 0 0 0 0 0 0 0 -17 -12 -16 -17 -18 -16 -12 -16 -19 -19 -13 -13 -11 -15 -9 -17 -12 -19 -12 -15 -15 -14 -9 -21 -7 -14 -7 -21 -7 -13 -10 -18 -13 -21 -13 -16 -11 -13 -8 -21 -8 -18 -5 -20 -5 -17 -9 -14 -11 -18 -8 -17 2 -2 -4 -17 -6 -18 -14 -12 -14 -11 -12 -11 -9 -18 -13 -11 -12 -13 -6 -17 -7 -17 -7 -13 -10 -11 -8 -14 -14 -12 -8 -9 -13 -8 -13 -13 -9 -11 -8 -16 -8 -9 -10 -9 -12 -8 -9 -11 -17 -9 -8 -12 -10 -15 2 3 0 0 0 0 0 0 0 0 ]
CSI_DATA,AP,68:FE:71:12:53:8C,-35,11,1,5,1,1,1,0,0,0,0,-94,0,6,1,12232572,0,84,0,0,12.233,384,[84 -64 4 0 0 0 0 0 0 0 0 0 -20 6 -26 2 -26 1 -28 4 -27 5 -21 -2 -24 -1 -20 -6 -18 -1 -23 1 -23 -4 -20 -6 -20 -7 -23 1 -16 -1 -22 -4 -17 -4 -22 -1 -15 -7 -23 -6 -20 -3 -20 -6 -22 -1 -19 -4 -21 -7 -17 -4 4 -3 -15 -6 -23 2 -17 -2 -22 0 -20 -1 -18 2 -22 1 -18 1 -16 4 -20 -1 -18 -3 -21 -1 -20 5 -17 -3 -22 0 -18 -2 -18 0 -20 2 -16 5 -15 6 -15 4 -22 0 -15 5 -20 5 -19 6 -14 0 -4 -3 0 0 0 0 0 0 0 0 ]
CSI_DATA,AP,68:FE:71:12:53:8C,-34,11,1,6,1,1,1,0,0,0,0,-95,0,6,1,12332565,0,84,0,0,12.333,384,[84 -64 4 0 0 0 0 0 0 0 0 0 3 -23 6 -14 4 -16 8 -19 8 -23 3 -13 10 -20 10 -18 6 -15 2 -16 10 -18 3 -15 10 -16 7 -20 12 -15 3 -19 8 -14 8 -14 6 -19 9 -17 7 -10 7 -14 9 -13 8 -19 7 -16 8 -17 -2 -4 7 -14 2 -15 4 -15 2 -17 8 -17 6 -11 9 -11 7 -15 4 -12 2 -17 -1 -13 4 -12 5 -16 0 -16 5 -14 1 -20 2 -12 1 -18 5 -11 -4 -15 6 -15 5 -12 2 -19 -1 -16 0 -14 -1 -13 1 4 0 0 0 0 0 0 0 0 ]
CSI_DATA,AP,68:FE:71:12:53:8C,-32,11,1,7,1,1,1,0,0,0,0,-95,0,6,1,12455982,0,84,0,0,12.456,384,[84 -64 4 0 0 0 0 0 0 0 0 0 15 8 17 4 22 13 21 15 21 15 16 12 15 9 11 14 15 11 14 15 11 16 11 14 12 16 13 12 13 14 15 15 12 13 9 13 17 14 11 15 11 11 16 13 16 8 13 10 14 13 16 15 3 -1 11 13 12 13 17 8 13 9 13 7 13 6 17 9 11 12 10 6 15 11 17 12 13 9 18 9 13 4 18 8 12 6 19 10 17 9 16 7 11 7 17 8 13 3 19 2 14 6 13 4 18 7 2 -3 0 0 0 0 0 0 0 0 ]
CSI_DATA,AP,68:FE:71:12:53:8C,-34,11,1,6,1,1,1,0,0,0,0,-95,0,6,1,12536007,0,84,0,0,12.536,384,[84 -64 4 0 0 0 0 0 0 0 0 0 6 5 4 5 10 5 10 9 10 9 11 9 6 9 5 7 8 6 3 7 8 4 10 10 7 8 9 8 5 10 5 11 2 4 6 7 8 3 3 2 9 3 1 4 1 6 3 2 1 7 4 3 3 -4 7 2 7 1 10 8 1 0 4 8 4 1 7 8 8 3 9 0 10 0 5 3 4 7 5 8 10 3 5 2 11 5 8 2 6 2 5 5 5 3 6 5 3 0 10 4 8 1 9 3 7 4 2 2 0 0 0 0 0 0 0 0 ]
CSI_DATA,AP,68:FE:71:12:53:8C,-32,11,1,7,1,1,1,1,0,0,0,-93,3,6,1,12645530,0,84,0,0,12.646,384,[84 -64 4 0 0 0 0 0 0 0 0 0 -13 -7 -15 -11 -16 -10 -15 -10 -14 -7 -14 -5 -13 -8 -16 -5 -14 -6 -14 -8 -19 -14 -15 -10 -10 -10 -13 -9 -16 -11 -13 -10 -12 -6 -11 -14 -14 -7 -14 -12 -10 -8 -14 -9 -12 -12 -15 -6 -16 -9 -13 -14 -3 3 -14 -8 -12 -12 -14 -4 -10 -5 -9 -6 -15 -5 -17 -7 -17 -9 -15 -8 -11 -8 -11 -10 -14 -5 -17 -8 -14 -4 -10 -10 -11 -5 -19 -6 -14 -4 -12 -3 -18 -7 -17 -9 -11 -5 -11 -9 -11 -5 -15 -3 -10 1 3 -4 0 0 0 0 0 0 0 0 ]
CSI_DATA,AP,68:FE:71:12:53:8C,-38,11,1,6,1,1,1,1,0,0,0,-95,1,6,1,12743462,0,84,0,0,12.743,384,[84 -64 4 0 0 0 0 0 0 0 0 0 19 13 14 10 13 14 16 12 16 11 11 9 10 15 13 7 12 12 14 16 16 12 15 17 10 11 9 17 11 11 13 14 8 12 6 14 7 14 11 9 5 15 14 15 11 12 6 12 10 16 8 13 0 2 12 11 8 11 14 8 15 10 13 5 14 11 7 10 10 6 8 7 14 5 13 9 11 7 10 7 15 4 9 5 14 5 12 11 10 4 13 7 9 9 7 10 11 7 15 3 15 3 8 9 14 9 4 0 0 0 0 0 0 0 0 0 ]
CSI_DATA,AP,68:FE:71:12:53:8C,-38,11,1,6,1,1,1,0,0,0,0,-95,0,6,1,12841657,0,84,0,0,12.842,384,[84 -64 4 0 0 0 0 0 0 0 0 0 0 -18 7 -19 3 -15 3 -22 4 -17 6 -19 9 -21 8 -17 9 -15 9 -16 6 -16 10 -19 13 -11 8 -16 10 -12 13 -13 11 -12 5 -8 5 -9 9 -13 7 -11 13 -10 9 -8 10 -17 7 -9 6 -16 0 -3 8 -10 6 -14 9 -15 10 -14 4 -10 3 -15 7 -16 2 -12 7 -16 5 -15 8 -12 6 -10 4 -16 1 -17 8 -14 7 -18 6 -18 4 -13 5 -17 1 -18 6 -12 7 -10 0 -16 5 -17 2 -19 0 -14 -4 3 0 0 0 0 0 0 0 0 ]
CSI_DATA,AP,68:FE:71:12:53:8C,-34,11,1,7,1,1,1,0,0,0,0,-96,0,6,1,12951296,0,84,0,0,12.951,384,[84 -64 4 0 0 0 0 0 0 0 0 0 0 9 -3 6 -3 3 -5 12 1 11 -7 10 -2 6 -5 9 -5 7 -7 9 -6 4 -4 4 -8 10 -9 4 -2 5 -8 7 -7 8 -5 8 -9 2 -8 7 -4 5 -1 10 -4 5 -9 6 -6 4 -9 2 1 -3 -8 9 -7 7 -7 4 -5 10 -4 3 -7 9 -4 2 -6 8 0 6 -3 9 -5 8 -2 6 -7 9 -2 10 -5 2 1 6 -1 8 1 8 -5 4 0 9 -1 6 -3 11 -4 11 -1 5 -5 7 -6 3 3 1 0 0 0 0 0 0 0 0 ]
CSI_DATA,AP,68:FE:71:12:53:8C,-35,11,1,7,1,1,1,1,0,0,1,-93,2,6,1,13046191,0,84,0,0,13.046,384,[84 -64 4 0 0 0 0 0 0 0 0 0 8 -16 11 -20 11 -25 9 -22 5 -17 8 -15 12 -16 14 -21 12 -22 12 -13 14 -20 11 -14 12 -18 15 -16 15 -18 15 -18 13 -12 13 -15 15 -12 9 -18 14 -10 16 -12 9 -15 8 -16 13 -17 15 -12 3 2 7 -14 7 -16 6 -16 5 -17 9 -14 11 -14 9 -11 8 -15 5 -11 10 -11 8 -16 4 -15 10 -15 2 -18 5 -13 5 -19 10 -20 4 -14 9 -12 5 -18 3 -19 6 -12 2 -16 4 -14 8 -14 1 -13 3 3 0 0 0 0 0 0 0 0 ]
CSI_DATA,AP,68:FE:71:12:53:8C,-35,11,1,7,1,1,1,0,0,0,0,-95,0,6,1,13160492,0,84,0,0,13.16,384,[84 -64 4 0 0 0 0 0 0 0 0 0 -3 -18 -9 -21 -8 -19 -3 -18 -8 -15 0 -18 0 -19 -5 -19 2 -15 2 -13 -2 -20 -2 -20 3 -15 3 -11 2 -12 0 -17 0 -17 -5 -11 2 -13 0 -14 -3 -16 -6 -9 -5 -10 0 -9 -1 -16 -7 -9 3 2 -2 -14 -7 -13 -7 -14 -8 -13 -4 -7 -8 -11 -7 -7 -5 -11 -2 -8 -2 -7 -10 -12 -7 -8 -4 -11 -8 -13 -11 -14 -4 -7 -4 -8 -12 -10 -9 -7 -9 -12 -7 -5 -10 -7 -9 -8 -6 -7 -11 -9 -6 -7 4 0 0 0 0 0 0 0 0 0 ]
CSI_DATA,AP,68:FE:71:12:53:8C,-33,11,1,7,1,1,1,0,0,0,0,-95,0,6,1,13236306,0,84,0,0,13.236,384,[84 -64 4 0 0 0 0 0 0 0 0 0 -21 -1 -22 -2 -18 1 -19 0 -18 1 -23 -1 -15 -4 -14 -3 -19 -6 -16 -5 -20 -6 -14 -5 -15 -8 -18 -7 -9 -4 -16 -2 -10 -3 -15 -2 -17 -4 -10 -7 -12 -6 -8 -5 -13 -4 -13 0 -14 -4 -7 -6 -3 0 -14 -2 -14 1 -10 -1 -13 -2 -10 2 -8 2 -8 -3 -8 3 -9 1 -10 6 -8 0 -5 1 -12 0 -7 0 -13 1 -13 5 -9 4 -8 3 -7 1 -7 9 -13 2 -14 4 -6 4 -11 2 -10 10 -11 4 -4 -4 0 0 0 0 0 0 0 0 ]
CSI_DATA,AP,68:FE:71:12:53:8C,-38,11,0,0,0,0,0,0,0,0,0,-95,0,6,1,13341829,0,37,0,0,13.342,128,[84 -64 4 0 0 0 0 0 0 0 0 0 20 27 17 30 14 30 19 29 14 30 14 34 9 32 13 30 13 29 9 28 6 32 10 29 6 26 10 29 4 25 9 28 11 21 2 25 2 22 4 23 9 20 6 23 10 19 6 13 5 19 6 20 1 2 11 18 11 10 8 18 10 16 5 14 12 13 13 15 11 7 6 7 14 12 8 5 12 5 9 5 11 5 9 10 10 1 14 4 17 4 9 8 14 1 9 4 14 -1 9 -3 15 -4 11 5 10 3 3 1 0 0 0 0 0 0 0 0 ]
CSI_DATA,AP,68:FE:71:12:53:8C,-40,11,1,6,1,1,1,0,0,0,0,-95,0,6,1,13451866,0,84,0,0,13.452,384,[84 -64 4 0 0 0 0 0 0 0 0 0 31 5 36 -1 30 6 32 3 27 6 30 8 28 4 29 10 24 5 25 10 30 8 25 5 25 4 25 3 21 6 23 3 19 6 22 2 17 4 20 4 22 7 22 3 13 0 20 2 21 3 12 -3 3 1 13 2 18 0 16 3 14 0 10 -2 18 -1 12 -2 15 -7 15 -6 15 -8 10 -5 14 -8 7 -7 13 -8 10 -5 12 -8 12 -7 10 -7 9 -4 6 -5 9 -5 12 -8 5 -12 8 -8 6 -7 5 -9 -2 3 0 0 0 0 0 0 0 0 ]
CSI_DATA,AP,68:FE:71:12:53:8C,-33,11,1,7,1,1,1,0,0,0,0,-94,0,6,1,13518404,0,84,0,0,13.518,384,[84 -64 4 0 0 0 0 0 0 0 0 0 18 8 19 11 17 10 20 4 13 11 11 8 10 4 11 10 13 5 11 5 15 6 13 12 9 7 14 11 15 12 9 8 14 12 9 8 9 4 14 9 10 6 11 8 12 8 12 5 14 5 14 11 0 -4 10 9 16 3 16 6 17 3 10 5 9 2 17 8 10 5 15 7 10 7 11 6 9 7 18 7 18 5 11 5 18 7 18 10 18 3 15 8 18 4 16 8 12 8 16 8 12 7 12 9 10 3 2 -1 0 0 0 0 0 0 0 0 ]
CSI_DATA,AP,68:FE:71:12:53:8C,-41,11,1,5,1,1,1,0,0,0,0,-96,0,6,1,13633675,0,84,0,0,13.634,384,[84 -64 4 0 0 0 0 0 0 0 0 0 12 -18 20 -18 18 -19 16 -19 19 -19 17 -23 22 -16 21 -21 18 -20 15 -20 24 -22 22 -18 17 -24 18 -21 20 -18 22 -17 17 -15 23 -20 25 -14 22 -19 23 -20 20 -21 17 -15 21 -22 24 -20 24 -23 4 0 18 -17 17 -15 24 -16 22 -20 20 -23 18 -15 20 -17 15 -17 22 -18 15 -24 20 -25 17 -22 14 -23 17 -25 17 -18 23 -26 21 -21 15 -26 19 -27 14 -19 19 -22 16 -21 20 -24 17 -28 17 -21 19 -20 0 2 0 0 0 0 0 0 0 0 ]
CSI_DATA,AP,68:FE:71:12:53:8C,-34,11,1,5,1,1,1,0,0,0,0,-93,0,6,1,13752503,0,84,0,0,13.753,384,[84 -64 4 0 0 0 0 0 0 0 0 0 10 9 6 9 4 5 10 7 3 5 9 4 3 9 7 7 9 10 1 10 3 10 7 12 3 11 2 9 5 6 1 7 3 4 7 8 5 5 5 11 1 8 8 8 7 9 3 11 3 12 7 4 -2 3 3 3 6 11 1 10 9 6 1 4 0 3 1 9 5 10 1 9 4 10 6 7 8 6 10 10 10 10 9 7 5 5 10 4 8 0 2 10 10 8 10 7 10 6 9 7 7 5 2 6 4 5 2 0 0 0 0 0 0 0 0 0 ]
CSI_DATA,AP,68:FE:71:12:53:8C,-41,11,1,5,1,1,1,0,0,0,0,-96,0,6,1,13869995,0,84,0,0,13.87,384,[84 -64 4 0 0 0 0 0 0 0 0 0 14 -12 11 -12 13 -10 16 -14 18 -9 18 -6 18 -10 21 -4 18 -9 22 -8 22 -12 26 -11 26 -3 19 -3 18 -7 23 -4 24 -8 22 -4 22 -1 20 -1 22 -2 20 -5 15 -3 23 -8 25 -3 24 -4 4 0 19 -7 16 -3 17 -9 18 -4 22 -3 16 -8 20 -5 15 -11 19 -9 17 -5 22 -12 17 -5 22 -6 19 -13 13 -9 21 -15 14 -11 15 -11 17 -15 14 -11 20 -10 17 -8 16 -10 15 -18 14 -11 15 -10 -1 -2 0 0 0 0 0 0 0 0 ]
CSI_DATA,AP,68:FE:71:12:53:8C,-35,11,1,5,1,1,1,0,0,0,0,-94,0,6,1,13982732,0,84,0,0,13.983,384,[84 -64 4 0 0 0 0 0 0 0 0 0 0 -10 -3 -9 3 -3 -2 -7 -3 -11 -2 -5 4 -5 -1 -7 -4 -4 0 -11 -3 -6 0 -7 -1 -7 0 -9 4 -5 0 -10 3 -10 -2 -5 2 -4 2 -4 3 -5 5 -5 5 -4 -2 -11 -3 -6 -3 -11 2 0 3 -5 2 -11 3 -7 4 -6 1 -8 -3 -10 1 -5 -2 -9 -1 -10 4 -8 -1 -6 4 -9 -1 -6 -1 -5 0 -9 -3 -5 0 -6 3 -6 -3 -9 2 -7 1 -5 4 -10 -3 -7 -5 -9 -5 -9 -3 -5 3 4 0 0 0 0 0 0 0 0 ]
CSI_DATA,AP,68:FE:71:12:53:8C,-36,11,1,6,1,1,1,0,0,0,0,-93,0,6,1,14088669,0,84,0,0,14.089,384,[84 -64 4 0 0 0 0 0 0 0 0 0 9 -19 3 -18 7 -17 11 -20 7 -20 12 -22 10 -22 11 -18 9 -17 11 -19 12 -19 10 -16 12 -21 11 -17 13 -19 17 -21 13 -12 14 -11 14 -11 7 -17 14 -18 7 -12 9 -10 14 -14 13 -15 13 -14 -3 -4 7 -19 7 -15 8 -17 11 -16 7 -18 10 -15 10 -13 4 -17 10 -19 10 -14 1 -19 5 -17 5 -16 2 -19 6 -18 2 -13 1 -15 3 -16 1 -13 0 -14 2 -20 2 -17 0 -14 0 -13 6 -18 6 -20 4 -4 0 0 0 0 0 0 0 0 ]
CSI_DATA,AP,68:FE:71:12:53:8C,-38,11,1,7,1,1,1,0,0,0,0,-95,0,6,1,14158473,0,84,0,0,14.158,384,[82 -96 4 0 0 0 0 0 0 0 0 0 13 9 13 13 12 16 19 11 20 11 15 13 15 16 17 14 12 13 12 11 15 11 10 13 15 9 15 11 15 12 8 16 14 11 12 13 13 10 9 14 9 13 10 13 15 12 13 14 15 8 8 13 -3 -4 7 12 9 8 15 14 7 13 12 13 7 10 15 12 12 12 13 11 16 7 13 7 12 12 8 10 11 4 13 6 14 7 10 10 14 7 15 8 17 2 9 6 17 6 12 7 17 3 16 9 18 7 -2 -2 0 0 0 0 0 0 0 0 ]
CSI_DATA,AP,68:FE:71:12:53:8C,-31,11,1,7,1,1,1,0,0,0,0,-96,0,6,1,14251829,0,84,0,0,14.252,384,[84 -64 4 0 0 0 0 0 0 0 0 0 15 11 7 17 5 13 11 19 12 17 8 13 9 15 4 16 11 20 9 20 9 17 7 20 6 14 5 19 8 15 7 16 5 20 7 15 4 19 6 16 5 19 7 13 9 16 3 17 7 17 1 10 -3 4 8 12 10 13 6 12 8 10 6 16 1 10 2 17 6 9 5 12 3 15 5 8 8 8 4 8 12 14 10 10 12 16 5 15 12 9 9 10 9 9 13 11 13 12 10 9 14 8 6 6 6 14 -3 -2 0 0 0 0 0 0 0 0 ]
CSI_DATA,AP,68:FE:71:12:53:8C,-41,11,1,6,1,1,1,0,0,0,0,-95,0,6,1,14322704,0,84,0,0,14.323,384,[84 -64 4 0 0 0 0 0 0 0 0 0 14 -7 20 -1 21 -3 17 -2 14 -5 14 1 14 -4 18 -1 15 -4 18 -6 21 1 13 1 16 0 21 -4 12 3 17 0 17 4 12 4 17 0 11 -1 16 3 14 4 13 2 11 1 16 2 18 5 0 -3 15 1 15 -3 14 -4 9 -5 13 0 16 -2 15 -3 12 -3 14 -3 15 1 14 -4 14 0 13 2 10 -2 10 -2 11 -4 16 -7 14 -3 13 -6 12 -3 11 -3 11 -4 13 -7 17 -3 11 -3 12 -2 1 3 0 0 0 0 0 0 0 0 ]
CSI_DATA,AP,68:FE:71:12:53:8C,-33,11,1,7,1,1,1,0,0,0,0,-95,0,6,1,14454474,0,84,0,0,14.454,384,[84 -64 4 0 0 0 0 0 0 0 0 0 -20 6 -22 3 -16 1 -18 2 -23 2 -16 1 -16 4 -22 -1 -16 5 -19 3 -24 -1 -21 -5 -19 -4 -23 -4 -16 2 -19 0 -19 1 -21 1 -22 -4 -17 -2 -13 1 -17 -5 -14 -6 -18 0 -21 1 -16 1 4 1 -14 2 -14 4 -21 1 -16 -4 -17 -3 -14 -2 -14 4 -20 -2 -13 4 -14 5 -17 4 -14 2 -14 3 -18 5 -15 0 -16 7 -13 5 -16 5 -13 0 -14 6 -16 3 -18 6 -12 5 -13 1 -18 4 -17 6 -3 -1 0 0 0 0 0 0 0 0 ]
CSI_DATA,AP,68:FE:71:12:53:8C,-35,11,1,7,1,1,1,0,0,0,0,-95,0,6,1,14563747,0,84,0,0,14.564,384,[84 -64 4 0 0 0 0 0 0 0 0 0 7 14 7 15 2 22 3 19 7 18 6 16 0 20 -1 18 -3 19 3 23 1 20 0 17 -3 20 3 14 -1 17 -6 18 -5 17 0 18 -2 19 -1 15 -1 14 -6 12 -2 17 2 14 -2 18 -2 13 4 -2 1 14 -1 14 4 14 -1 16 4 16 -2 14 -1 11 2 11 -3 19 4 15 4 18 -3 15 2 17 2 19 4 10 5 15 -1 16 0 15 5 11 1 14 0 19 0 11 4 18 3 16 7 16 3 13 -4 -3 0 0 0 0 0 0 0 0 ]
CSI_DATA,AP,68:FE:71:12:53:8C,-32,11,1,6,1,1,1,0,0,0,0,-96,0,6,1,14668100,0,84,0,0,14.668,384,[84 -64 4 0 0 0 0 0 0 0 0 0 14 10 15 9 20 7 17 11 11 6 12 8 15 7 16 11 15 15 10 14 11 14 14 8 14 15 13 11 9 15 11 15 7 12 13 13 8 13 9 8 13 11 11 15 9 7 12 14 11 9 11 7 0 1 13 13 10 8 13 12 6 12 12 10 10 5 11 6 11 8 10 4 11 8 7 6 13 10 7 12 7 12 14 7 16 11 14 12 8 11 10 8 15 11 9 10 14 5 10 2 13 4 10 7 11 2 2 2 0 0 0 0 0 0 0 0 ]
CSI_DATA,AP,68:FE:71:12:53:8C,-41,11,0,0,0,0,0,0,0,0,0,-96,0,6,1,14777063,0,37,0,0,14.777,128,[84 -64 4 0 0 0 0 0 0 0 0 0 -19 1 -21 0 -24 0 -21 -6 -17 2 -23 -3 -21 -8 -21 -3 -23 -2 -16 -6 -17 -6 -21 -1 -23 -6 -16 -4 -18 -2 -15 -7 -21 -7 -16 -8 -14 -6 -21 -8 -21 -3 -14 -4 -12 -7 -14 -6 -19 -6 -15 -1 3 2 -18 -2 -14 0 -19 -4 -20 -1 -19 -7 -17 -5 -14 -1 -19 0 -13 -4 -17 -6 -15 -4 -17 -4 -15 3 -17 3 -12 0 -16 2 -14 -3 -16 2 -20 4 -14 -2 -13 1 -17 -1 -16 -2 -17 5 -19 2 -13 -1 -2 -2 0 0 0 0 0 0 0 0 ]
CSI_DATA,AP,68:FE:71:12:53:8C,-37,11,1,7,1,1,1,0,0,0,0,-93,0,6,1,14866395,0,84,0,0,14.866,384,[84 -64 4 0 0 0 0 0 0 0 0 0 9 14 10 17 12 15 8 15 5 18 8 15 6 15 7 18 3 15 8 19 3 20 8 15 9 15 2 21 2 17 4 21 3 14 1 13 8 17 7 13 1 17 6 13 5 14 2 14 8 11 6 13 1 -3 2 16 5 17 9 12 3 14 5 16 10 12 9 14 4 16 5 12 5 16 5 9 3 14 11 16 12 10 4 10 6 16 6 11 13 11 5 16 8 9 7 11 12 9 6 9 12 9 9 11 8 8 -1 -2 0 0 0 0 0 0 0 0 ]
CSI_DATA,AP,68:FE:71:12:53:8C,-39,11,1,6,1,1,1,0,0,0,0,-93,0,6,1,14960407,0,84,0,0,14.96,384,[84 -64 4 0 0 0 0 0 0 0 0 0 -3 22 3 17 4 23 -2 25 1 23 -4 23 -1 18 1 19 -7 15 -1 19 -2 16 -2 19 -2 18 -5 23 0 20 -6 21 0 17 -2 19 -5 19 -1 21 -1 17 -3 20 -8 12 -5 18 -9 13 -3 16 -3 4 -4 15 -5 17 -1 12 0 19 -5 15 1 14 -6 19 2 16 3 13 -2 16 3 16 -3 12 -3 12 0 15 3 17 -2 17 -2 18 4 17 5 18 0 14 -2 14 4 13 -2 13 6 14 3 13 0 20 0 2 0 0 0 0 0 0 0 0 ]
CSI_DATA,AP,68:FE:71:12:53:8C,-37,11,1,5,1,1,1,0,0,0,0,-94,0,6,1,15055632,0,84,0,0,15.056,384,[84 -64 4 0 0 0 0 0 0 0 0 0 -17 -4 -21 -5 -13 -4 -13 -1 -20 -7 -14 -9 -15 -4 -18 -2 -19 -4 -11 -5 -19 -8 -16 -3 -16 -6 -18 -3 -17 -3 -13 -7 -16 -3 -17 -5 -16 -7 -10 -8 -10 -4 -9 -7 -11 -3 -14 -10 -13 -8 -9 -6 1 -3 -13 -4 -15 -4 -15 -7 -17 -9 -12 -6 -17 -9 -13 -7 -13 0 -11 -4 -10 -7 -11 -1 -14 -2 -16 -2 -15 1 -14 1 -15 -2 -15 -4 -17 0 -16 -2 -14 -3 -10 0 -13 2 -13 -5 -11 0 -16 3 -10 -3 4 4 0 0 0 0 0 0 0 0 ]
CSI_DATA,AP,68:FE:71:12:53:8C,-38,11,1,7,1,1,1,1,0,0,1,-95,6,6,1,15170744,0,84,0,0,15.171,384,[84 -64 4 0 0 0 0 0 0 0 0 0 0 18 0 16 -5 17 -7 20 -4 21 -5 20 -2 15 -9 20 -10 14 -10 16 -7 15 -11 16 -4 19 -6 14 -8 14 -10 18 -12 17 -5 18 -6 14 -12 11 -4 15 -10 16 -11 11 -5 13 -2 16 -11 11 -3 4 -10 14 -2 17 -9 18 -7 10 -1 14 -4 17 -4 17 -8 10 -2 16 -4 16 -6 18 -7 15 -3 14 -3 12 -5 18 -2 14 1 11 0 15 0 18 0 17 1 18 0 16 -2 18 -3 13 -1 14 -4 17 3 0 0 0 0 0 0 0 0 0 ]
CSI_DATA,AP,68:FE:71:12:53:8C,-35,11,1,6,1,1,1,0,0,0,0,-96,0,6,1,15263363,0,84,0,0,15.263,384,[84 -64 4 0 0 0 0 0 0 0 0 0 -6 -21 -2 -21 -4 -17 -1 -22 1 -17 -3 -14 3 -17 -3 -22 -1 -20 3 -21 3 -20 5 -14 5 -15 5 -22 2 -21 3 -15 0 -20 3 -19 -2 -20 -3 -14 2 -16 5 -13 2 -11 4 -15 5 -18 -1 -19 3 1 1 -18 0 -11 -1 -15 -2 -13 0 -19 1 -15 -1 -16 -1 -15 0 -14 -4 -15 2 -10 -6 -11 2 -14 -7 -16 -2 -14 -6 -17 -2 -11 -6 -13 -1 -15 0 -17 -8 -15 -5 -14 -3 -18 -6 -17 -8 -12 -3 -12 1 4 0 0 0 0 0 0 0 0 ]
CSI_DATA,AP,68:FE:71:12:53:8C,-37,11,1,6,1,1,1,0,0,0,0,-94,0,6,1,15359141,0,84,0,0,15.359,384,[84 -64 4 0 0 0 0 0 0 0 0 0 15 -11 17 -4 15 -7 17 -2 15 -7 17 -8 19 0 13 0 18 -8 17 -8 13 -2 15 -3 15 -4 19 1 12 0 13 -1 13 1 11 -5 12 2 14 2 12 -4 15 -6 16 2 17 1 18 -6 14 -3 -2 1 16 -7 17 1 11 -5 14 -6 17 -6 11 -1 13 -1 17 -4 12 -1 10 -8 18 -4 13 -8 17 -8 11 -8 15 -4 10 -10 10 -6 11 -5 15 -7 15 -5 14 -9 14 -3 16 -11 11 -4 10 -9 12 -8 3 -1 0 0 0 0 0 0 0 0 ]
CSI_DATA,AP,68:FE:71:12:53:8C,-36,11,1,6,1,1,1,0,0,0,0,-96,0,6,1,15443984,0,84,0,0,15.444,384,[84 -64 4 0 0 0 0 0 0 0 0 0 18 -2 20 -1 24 -5 22 -5 17 -3 22 0 20 3 18 3 23 0 19 4 19 0 20 5 23 -1 20 0 15 1 17 -1 22 4 19 4 16 2 21 6 20 -1 19 4 17 4 17 2 13 2 18 4 -3 1 17 4 17 5 16 5 18 -1 19 -1 14 2 17 2 15 -4 16 5 14 1 14 1 15 3 12 -6 16 0 17 -1 16 -6 12 1 14 -3 14 -3 13 -7 15 -2 19 -4 16 -6 18 -4 16 -1 18 -8 3 -4 0 0 0 0 0 0 0 0 ]
CSI_DATA,AP,68:FE:71:12:53:8C,-41,11,1,5,1,1,1,0,0,0,0,-95,0,6,1,15547218,0,84,0,0,15.547,384,[84 -64 4 0 0 0 0 0 0 0 0 0 -13 10 -16 9 -13 10 -14 9 -13 8 -13 14 -12 14 -14 10 -19 12 -16 7 -13 15 -20 10 -13 6 -18 10 -18 12 -15 9 -14 8 -17 7 -19 6 -18 5 -18 4 -13 4 -11 10 -11 13 -18 12 -10 13 3 2 -12 10 -16 5 -14 6 -14 13 -9 13 -15 5 -16 12 -15 11 -9 13 -12 9 -7 13 -8 15 -10 8 -14 10 -14 14 -13 14 -14 11 -12 14 -13 15 -13 13 -13 16 -13 8 -11 12 -9 10 -7 14 -8 10 0 -1 0 0 0 0 0 0 0 0 ]
CSI_DATA,AP,68:FE:71:12:53:8C,-37,11,1,6,1,1,1,0,0,0,0,-96,0,6,1,15665766,0,84,0,0,15.666,384,[84 -64 4 0 0 0 0 0 0 0 0 0 -2 22 -3 20 0 19 -7 18 -1 22 -8 24 -2 17 -6 18 -9 16 -1 15 -7 17 -6 18 -6 17 -10 22 -6 15 -8 20 -6 13 -10 14 -7 17 -1 14 -6 19 -4 15 -1 14 -5 13 -8 20 -9 14 -1 0 -2 16 -5 14 -8 16 -3 16 -7 11 -2 19 1 14 2 18 -3 15 -3 13 -5 18 -2 11 -4 13 -4 13 -2 19 -3 16 0 15 -3 11 0 17 4 11 -1 19 3 20 4 19 3 17 2 12 5 19 -2 0 0 0 0 0 0 0 0 0 ]
CSI_DATA,AP,68:FE:71:12:53:8C,-36,11,1,6,1,1,1,0,0,0,0,-96,0,6,1,15775653,0,84,0,0,15.776,384,[84 -64 4 0 0 0 0 0 0 0 0 0 16 -13 17 -12 15 -12 12 -15 10 -12 12 -9 17 -11 12 -10 19 -7 14 -7 18 -12 19 -11 15 -8 17 -8 13 -7 15 -12 12 -11 12 -6 18 -9 11 -10 17 -11 11 -3 14 -5 17 -7 16 -11 16 -3 3 0 9 -8 15 -4 10 -8 9 -7 11 -11 8 -8 15 -13 10 -13 8 -7 8 -12 14 -10 6 -7 14 -9 6 -8 6 -9 8 -11 7 -13 7 -14 9 -12 9 -13 10 -9 10 -7 6 -10 5 -14 4 -16 9 -8 -2 1 0 0 0 0 0 0 0 0 ]
CSI_DATA,AP,68:FE:71:12:53:8C,-34,11,1,6,1,1,1,0,0,0,0,-95,0,6,1,15904523,0,84,0,0,15.905,384,[84 -64 4 0 0 0 0 0 0 0 0 0 -14 12 -17 5 -16 6 -18 11 -16 13 -18 9 -16 5 -21 2 -23 6 -22 2 -20 6 -20 4 -20 8 -14 1 -15 4 -18 3 -23 4 -15 4 -22 2 -14 2 -17 3 -16 0 -18 4 -17 5 -14 5 -15 5 -3 -1 -17 6 -14 7 -18 5 -16 5 -14 1 -18 2 -12 2 -18 6 -17 6 -16 8 -12 8 -16 10 -10 7 -18 3 -17 4 -18 12 -14 5 -15 6 -18 5 -12 9 -14 10 -15 4 -12 5 -11 11 -10 6 -10 5 -2 -3 0 0 0 0 0 0 0 0 ]
CSI_DATA,AP,68:FE:71:12:53:8C,-33,11,1,6,1,1,1,1,0,0,0,-96,3,6,1,16010975,0,84,0,0,16.011,384,[84 -64 4 0 0 0 0 0 0 0 0 0 -33 17 -40 11 -38 11 -40 7 -37 7 -38 7 -41 6 -38 6 -38 5 -38 9 -38 3 -33 3 -38 9 -36 3 -37 1 -36 8 -35 3 -33 -2 -37 3 -34 2 -32 3 -37 -1 -33 -2 -28 7 -29 0 -32 1 -2 -2 -29 1 -34 6 -29 7 -29 10 -35 10 -28 9 -32 8 -25 7 -30 4 -28 9 -25 12 -25 12 -26 13 -29 9 -27 12 -32 11 -25 10 -26 15 -32 9 -24 10 -25 10 -26 13 -22 12 -24 22 -22 16 -25 21 -1 2 0 0 0 0 0 0 0 0 ]
CSI_DATA,AP,68:FE:71:12:53:8C,-35,11,1,5,1,1,1,0,0,0,1,-94,0,6,1,16111463,0,84,0,0,16.111,384,[84 -64 4 0 0 0 0 0 0 0 0 0 18 0 16 2 19 4 22 3 16 7 20 3 18 8 15 5 14 1 15 2 15 8 15 4 16 8 15 7 15 7 16 5 20 8 20 10 18 8 15 5 15 7 18 7 18 2 14 7 18 4 18 6 3 3 17 3 18 3 20 0 17 8 17 5 11 -1 16 0 13 -1 13 0 14 1 15 6 18 3 14 6 14 4 14 3 13 -3 17 -3 12 3 14 0 18 -2 17 3 16 -3 15 0 20 -3 13 1 17 -4 2 0 0 0 0 0 0 0 0 0 ]
CSI_DATA,AP,68:FE:71:12:53:8C,-37,11,1,6,1,1,1,0,0,0,0,-94,0,6,1,16225449,0,84,0,0,16.225,384,[84 -64 4 0 0 0 0 0 0 0 0 0 16 -15 15 -13 20 -13 21 -16 17 -12 16 -8 16 -14 18 -8 13 -12 17 -6 21 -11 20 -7 17 -11 14 -6 15 -13 21 -13 19 -8 13 -4 18 -5 18 -11 20 -4 18 -10 14 -5 17 -9 12 -7 16 -11 -2 -2 18 -9 16 -10 13 -11 10 -7 10 -5 18 -12 14 -11 11 -6 15 -13 14 -8 15 -12 11 -12 10 -8 11 -16 10 -11 16 -8 11 -14 10 -14 13 -10 8 -14 14 -11 10 -14 12 -10 10 -16 7 -13 6 -14 -4 3 0 0 0 0 0 0 0 0 ]
CSI_DATA,AP,68:FE:71:12:53:8C,-36,11,1,6,1,1,1,0,0,0,0,-95,0,6,1,16321753,0,84,0,0,16.322,384,[84 -64 4 0 0 0 0 0 0 0 0 0 8 21 11 13 12 17 9 18 10 19 10 16 2 18 2 17 4 22 8 21 1 21 9 17 6 18 4 15 7 21 0 21 0 19 1 20 2 16 5 18 -1 20 5 19 7 17 8 17 4 20 4 13 -1 -3 5 15 2 14 9 16 2 18 5 18 5 18 3 11 10 16 10 16 11 9 9 11 8 18 7 16 5 15 5 13 7 15 4 17 9 14 5 13 9 8 9 10 5 17 10 11 10 8 8 11 11 9 -1 -1 0 0 0 0 0 0 0 0 ]
CSI_DATA,AP,68:FE:71:12:53:8C,-35,11,1,7,1,1,1,1,0,0,0,-94,2,6,1,16388277,0,84,0,0,16.388,384,[84 -64 4 0 0 0 0 0 0 0 0 0 -15 -17 -17 -17 -18 -11 -17 -14 -13 -17 -10 -17 -9 -19 -10 -14 -9 -21 -12 -13 -12 -19 -12 -21 -14 -18 -13 -15 -9 -19 -14 -22 -9 -21 -8 -20 -12 -17 -10 -13 -5 -15 -11 -14 -5 -12 -7 -18 -9 -20 -13 -12 -4 3 -12 -13 -9 -12 -10 -16 -12 -15 -7 -18 -10 -19 -7 -17 -13 -18 -12 -12 -15 -8 -9 -8 -9 -13 -11 -10 -15 -8 -17 -8 -16 -12 -12 -16 -18 -15 -11 -7 -14 -12 -10 -8 -12 -13 -17 -7 -15 -9 -12 -8 -16 -13 1 -4 0 0 0 0 0 0 0 0 ]
CSI_DATA,AP,68:FE:71:12:53:8C,-37,11,1,6,1,1,1,0,0,0,0,-94,0,6,1,16503142,0,84,0,0,16.503,384,[84 -64 4 0 0 0 0 0 0 0 0 0 23 9 20 10 22 8 18 12 16 10 23 6 22 10 18 7 19 9 16 10 17 15 18 14 18 15 20 13 12 10 13 13 19 13 11 14 18 15 15 12 11 7 17 10 12 7 12 7 16 7 11 13 -1 3 18 6 17 10 17 6 19 10 13 12 13 5 15 7 11 10 18 9 12 10 17 5 14 3 17 8 17 10 16 10 20 8 20 2 20 4 15 9 19 1 14 9 12 1 21 3 19 4 21 0 19 -1 -2 0 0 0 0 0 0 0 0 0 ]
CSI_DATA,AP,68:FE:71:12:53:8C,-36,11,1,6,1,1,1,0,0,0,0,-96,0,6,1,16605888,0,84,0,0,16.606,384,[84 -64 4 0 0 0 0 0 0 0 0 0 1 25 1 25 -1 23 -3 27 -3 23 -7 25 -4 18 -8 24 -3 17 -2 24 0 24 -8 25 -6 24 -6 17 -2 17 -4 25 -1 20 -6 15 -7 18 -3 22 -2 14 -3 19 -10 12 -3 16 -1 21 -4 19 0 3 0 21 -8 19 -4 16 -6 20 0 13 -6 20 -4 16 2 16 -4 20 -3 15 -2 15 1 19 -2 16 -4 17 -2 15 3 22 3 17 -3 15 3 17 2 17 -3 20 -2 18 3 19 5 19 -1 21 7 16 1 1 0 0 0 0 0 0 0 0 ]
CSI_DATA,AP,68:FE:71:12:53:8C,-35,11,1,5,1,1,1,0,0,0,0,-95,0,6,1,16702124,0,84,0,0,16.702,384,[84 -64 4 0 0 0 0 0 0 0 0 0 21 12 15 11 19 16 13 10 16 11 18 13 18 16 14 14 18 16 10 12 14 12 19 18 17 16 17 16 12 14 16 11 16 10 14 11 14 14 12 13 9 15 9 12 14 14 14 16 9 11 9 12 -2 1 12 13 15 12 9 8 15 13 16 7 10 9 17 15 16 12 13 7 16 9 12 9 14 9 13 10 12 6 15 12 11 9 20 9 17 5 15 11 14 6 13 4 17 3 19 10 20 3 17 3 14 4 2 -3 0 0 0 0 0 0 0 0 ]
CSI_DATA,AP,68:FE:71:12:53:8C,-34,11,1,5,1,1,1,0,0,0,0,-95,0,6,1,16790431,0,84,0,0,16.79,384,[84 -64 4 0 0 0 0 0 0 0 0 0 -19 9 -23 5 -23 8 -20 9 -18 1 -19 2 -24 6 -17 2 -25 2 -18 0 -27 4 -25 -3 -24 5 -19 3 -21 1 -23 2 -24 5 -23 4 -20 3 -18 -1 -18 2 -19 0 -16 -2 -22 4 -15 0 -17 4 -3 1 -19 0 -20 5 -19 3 -21 7 -17 5 -16 6 -23 4 -20 2 -14 7 -16 5 -14 8 -14 8 -18 5 -21 6 -16 6 -13 3 -21 4 -17 5 -17 11 -13 3 -19 10 -14 6 -18 5 -17 5 -17 7 -13 11 0 -2 0 0 0 0 0 0 0 0 ]
CSI_DATA,AP,68:FE:71:12:53:8C,-36,11,1,5,1,1,1,0,0,0,0,-95,0,6,1,16894927,0,84,0,0,16.895,384,[84 -64 4 0 0 0 0 0 0 0 0 0 -10 22 -15 13 -11 15 -14 16 -18 14 -12 14 -17 14 -13 14 -18 17 -14 13 -15 12 -17 13 -16 12 -18 9 -17 12 -17 18 -14 16 -11 12 -16 8 -19 14 -19 13 -15 16 -14 6 -16 10 -17 14 -15 9 2 0 -11 16 -10 16 -12 11 -11 9 -11 14 -13 9 -12 12 -7 14 -15 13 -7 9 -7 12 -15 12 -11 15 -8 14 -10 17 -12 17 -6 19 -8 17 -10 13 -7 13 -7 18 -6 16 -11 16 -4 14 -4 16 -6 14 -4 -3 0 0 0 0 0 0 0 0 ]
CSI_DATA,AP,68:FE:71:12:53:8C,-33,11,1,7,1,1,1,0,0,0,0,-94,0,6,1,16985467,0,84,0,0,16.985,384,[84 -64 4 0 0 0 0 0 0 0 0 0 9 -22 8 -21 8 -19 9 -23 11 -16 6 -20 8 -21 12 -15 9 -21 11 -17 8 -21 13 -17 10 -14 12 -14 9 -15 13 -18 6 -16 12 -16 11 -11 9 -20 11 -19 13 -17 7 -10 8 -14 9 -14 11 -19 -1 1 6 -19 6 -12 7 -12 2 -12 11 -13 3 -16 10 -19 8 -15 2 -15 4 -13 7 -15 1 -12 5 -14 -1 -19 6 -20 4 -13 2 -18 2 -14 4 -19 2 -16 2 -18 -2 -13 3 -18 0 -16 -1 -16 1 -20 0 1 0 0 0 0 0 0 0 0 ]
CSI_DATA,AP,68:FE:71:12:53:8C,-36,11,1,6,1,1,1,0,0,0,0,-95,0,6,1,17083637,0,84,0,0,17.084,384,[84 -64 4 0 0 0 0 0 0 0 0 0 -12 -18 -12 -15 -9 -16 -11 -21 -12 -18 -11 -20 -8 -18 -7 -20 -11 -21 -3 -21 -9 -18 -10 -23 -10 -16 -3 -19 -8 -15 -7 -21 -4 -18 -6 -20 -1 -18 -8 -16 -7 -19 -2 -15 -3 -21 -5 -21 -1 -19 -7 -13 0 4 -6 -18 -5 -21 -6 -17 -10 -12 -9 -14 -8 -13 -2 -15 -7 -15 -4 -13 -10 -18 -10 -12 -5 -13 -12 -12 -8 -16 -7 -12 -7 -14 -7 -13 -13 -16 -12 -10 -10 -9 -10 -11 -8 -10 -10 -18 -7 -11 -14 -16 -8 -10 -4 -3 0 0 0 0 0 0 0 0 ]
CSI_DATA,AP,68:FE:71:12:53:8C,-37,11,1,6,1,1,1,0,0,0,0,-94,0,6,1,17174876,0,84,0,0,17.175,384,[84 -64 4 0 0 0 0 0 0 0 0 0 -17 -16 -17 -18 -13 -15 -12 -16 -15 -16 -11 -21 -8 -20 -12 -20 -13 -15 -12 -17 -5 -22 -10 -20 -11 -17 -6 -19 -4 -18 -11 -19 -3 -16 -5 -19 -10 -14 -4 -19 -9 -19 -5 -21 -8 -16 -9 -13 -6 -15 -10 -17 -4 1 -6 -17 -13 -14 -7 -18 -7 -17 -4 -17 -11 -11 -10 -19 -13 -18 -8 -16 -9 -17 -13 -10 -14 -17 -11 -14 -6 -15 -14 -11 -8 -14 -9 -16 -9 -15 -9 -15 -8 -13 -11 -9 -10 -14 -14 -13 -9 -15 -8 -11 -14 -8 -3 1 0 0 0 0 0 0 0 0 ]
CSI_DATA,AP,68:FE:71:12:53:8C,-38,11,1,5,1,1,1,0,0,0,0,-95,0,6,1,17298563,0,84,0,0,17.299,384,[84 -64 4 0 0 0 0 0 0 0 0 0 -15 10 -23 11 -18 8 -19 11 -20 10 -16 5 -18 8 -16 3 -24 6 -22 1 -23 3 -18 7 -25 6 -17 5 -21 0 -22 2 -15 6 -16 0 -16 -2 -22 0 -17 0 -19 2 -16 6 -19 6 -23 -1 -14 1 0 -2 -17 0 -16 3 -19 9 -12 7 -20 3 -15 2 -17 8 -18 9 -14 9 -15 11 -16 9 -13 1 -20 10 -16 9 -11 8 -17 6 -13 7 -18 10 -12 9 -18 12 -13 13 -10 9 -19 12 -12 10 -15 9 -14 12 3 4 0 0 0 0 0 0 0 0 ]
CSI_DATA,AP,68:FE:71:12:53:8C,-37,11,1,5,1,1,1,0,0,0,0,-96,0,6,1,17389922,0,84,0,0,17.39,384,[84 -64 4 0 0 0 0 0 0 0 0 0 3 -23 1 -24 -3 -26 -2 -20 -3 -18 5 -17 7 -21 7 -20 5 -19 2 -23 0 -25 8 -17 4 -20 5 -18 1 -17 9 -24 5 -15 7 -22 3 -20 4 -22 8 -22 5 -18 5 -13 8 -17 1 -21 0 -15 -1 2 8 -14 4 -17 3 -18 1 -13 2 -17 2 -20 0 -15 0 -21 3 -15 -4 -20 3 -14 0 -14 3 -17 -4 -16 -2 -20 1 -16 -3 -21 -3 -16 -1 -19 1 -12 -4 -15 -3 -18 -2 -15 -8 -22 0 -19 -7 -20 4 0 0 0 0 0 0 0 0 0 ]
CSI_DATA,AP,68:FE:71:12:53:8C,-34,11,1,6,1,1,1,1,0,0,0,-93,2,6,1,17477247,0,84,0,0,17.477,384,[84 -64 4 0 0 0 0 0 0 0 0 0 14 -14 9 -13 12 -19 11 -18 16 -13 14 -13 19 -11 16 -14 19 -11 15 -14 15 -13 20 -13 19 -10 11 -15 13 -15 16 -17 17 -13 16 -10 13 -16 10 -16 16 -7 14 -10 9 -12 10 -13 10 -13 17 -13 -4 -3 17 -8 14 -17 8 -11 11 -15 15 -13 16 -12 7 -11 12 -16 11 -14 7 -9 11 -12 13 -12 5 -11 6 -18 9 -16 10 -19 7 -12 7 -11 8 -14 7 -20 12 -18 7 -17 3 -18 4 -15 10 -11 11 -19 -1 -3 0 0 0 0 0 0 0 0 ]
CSI_DATA,AP,68:FE:71:12:53:8C,-34,11,1,5,1,1,1,1,0,0,0,-96,2,6,1,17582893,0,84,0,0,17.583,384,[84 -64 4 0 0 0 0 0 0 0 0 0 -20 0 -24 3 -26 -1 -19 -3 -26 1 -22 1 -22 -3 -21 -6 -23 0 -22 -4 -24 -2 -18 -5 -24 -1 -25 -4 -21 -3 -23 1 -19 -7 -16 -7 -22 -6 -19 -9 -15 -5 -20 0 -16 -1 -22 -5 -18 -6 -15 -7 0 -2 -21 -7 -15 -1 -14 -1 -20 -3 -13 0 -18 2 -17 -2 -20 2 -18 1 -18 4 -19 -2 -19 4 -15 -2 -15 0 -17 4 -18 6 -20 3 -16 3 -13 5 -12 7 -20 0 -14 5 -21 6 -17 6 -19 0 -14 3 -2 3 0 0 0 0 0 0 0 0 ]
CSI_DATA,AP,68:FE:71:12:53:8C,-34,11,1,7,1,1,1,0,0,0,0,-94,0,6,1,17671028,0,84,0,0,17.671,384,[84 -64 4 0 0 0 0 0 0 0 0 0 -14 -14 -15 -14 -13 -17 -10 -14 -11 -20 -8 -15 -11 -23 -13 -13 -10 -17 -10 -22 -5 -17 -8 -21 -8 -24 -6 -21 -9 -14 -7 -17 -5 -20 -6 -20 -8 -21 -3 -22 -5 -21 -6 -14 -3 -15 -9 -16 -10 -21 -9 -17 -2 -1 -9 -13 -7 -18 -12 -16 -6 -17 -11 -14 -6 -14 -12 -17 -10 -12 -11 -11 -7 -16 -10 -13 -9 -14 -6 -11 -7 -9 -12 -14 -11 -15 -15 -10 -14 -8 -16 -16 -14 -11 -8 -14 -8 -8 -10 -10 -9 -14 -10 -14 -15 -12 -3 3 0 0 0 0 0 0 0 0 ]
CSI_DATA,AP,68:FE:71:12:53:8C,-33,11,1,7,1,1,1,0,0,0,0,-94,0,6,1,17772190,0,84,0,0,17.772,384,[84 -64 4 0 0 0 0 0 0 0 0 0 19 -12 13 -8 13 -12 16 -8 21 -8 22 -6 17 -4 22 -10 17 -7 15 -6 22 -6 23 -4 18 -8 23 -11 14 -3 18 -2 21 -8 15 -6 14 -1 15 -2 14 -2 15 -2 14 -2 16 -8 15 -6 15 -2 -1 -3 20 -1 16 -4 13 -8 18 -8 12 -4 15 -7 18 -5 10 -4 11 -5 16 -11 17 -11 13 -7 16 -11 10 -8 14 -12 17 -5 14 -8 11 -6 18 -8 16 -9 18 -12 9 -10 16 -9 10 -14 11 -9 14 -13 2 2 0 0 0 0 0 0 0 0 ]
CSI_DATA,AP,68:FE:71:12:53:8C,-33,11,1,7,1,1,1,0,0,0,0,-93,0,6,1,17862227,0,84,0,0,17.862,384,[84 -64 4 0 0 0 0 0 0 0 0 0 16 17 9 16 17 18 15 14 14 20 8 19 7 21 7 17 5 22 8 18 12 18 9 14 5 21 5 21 6 21 11 17 6 14 4 15 10 16 7 19 6 20 2 17 2 15 4 21 10 21 9 15 3 0 3 17 4 14 7 12 9 14 5 16 10 13 10 18 10 10 7 17 6 13 9 13 5 16 8 17 13 12 8 11 13 13 10 15 13 14 9 15 12 8 13 10 15 12 11 10 13 8 10 12 16 11 0 3 0 0 0 0 0 0 0 0 ]
CSI_DATA,AP,68:FE:71:12:53:8C,-33,11,1,7,1,1,1,0,0,0,0,-96,0,6,1,17969850,0,84,0,0,17.97,384,[84 -64 4 0 0 0 0 0 0 0 0 0 -7 20 -10 16 -6 23 -10 19 -6 21 -7 17 -12 16 -8 21 -12 22 -14 14 -12 17 -8 14 -16 16 -9 19 -16 18 -10 13 -13 17 -8 14 -15 11 -11 19 -7 19 -8 17 -13 14 -8 16 -15 16 -15 15 -1 3 -6 12 -12 13 -12 19 -10 18 -10 19 -5 18 -8 15 -8 14 -6 15 -8 18 -11 14 -4 16 -7 12 -2 14 -8 12 -9 14 -10 14 -5 20 -4 21 -7 12 -6 15 -5 13 -2 15 -6 18 -7 14 -8 19 -2 -1 0 0 0 0 0 0 0 0 ]
CSI_DATA,AP,68:FE:71:12:53:8C,-38,11,1,6,1,1,1,0,0,0,0,-95,0,6,1,18050377,0,84,0,0,18.05,384,[84 -64 4 0 0 0 0 0 0 0 0 0 18 9 23 8 22 6 23 8 21 13 19 8 19 7 20 13 17 8 18 12 12 15 19 9 12 8 19 8 11 10 14 14 18 13 13 13 12 8 15 12 17 8 16 12 12 10 10 15 15 13 14 9 -1 3 14 7 16 6 15 6 14 6 17 5 13 11 10 7 9 10 15 11 15 6 19 5 18 6 16 2 15 3 14 10 12 3 17 8 18 3 12 7 11 0 18 5 17 6 11 1 14 6 13 5 16 4 4 4 0 0 0 0 0 0 0 0 ]
CSI_DATA,AP,68:FE:71:12:53:8C,-34,11,1,7,1,1,1,0,0,0,0,-95,0,6,1,18152190,0,84,0,0,18.152,384,[84 -64 4 0 0 0 0 0 0 0 0 0 -8 -15 -9 -16 -16 -16 -10 -23 -14 -17 -11 -24 -10 -22 -8 -20 -13 -17 -6 -23 -11 -23 -11 -25 -4 -19 -7 -19 -10 -24 -8 -19 -10 -20 -6 -19 -7 -21 -4 -21 -3 -15 -10 -20 -8 -17 -4 -14 -8 -21 -3 -21 -3 -3 -9 -20 -4 -14 -4 -21 -10 -15 -6 -18 -7 -15 -13 -15 -5 -18 -5 -17 -10 -15 -13 -16 -11 -19 -6 -15 -6 -15 -10 -15 -15 -17 -11 -12 -13 -17 -11 -14 -15 -17 -16 -14 -15 -13 -10 -16 -14 -12 -13 -15 -11 -17 -1 -1 0 0 0 0 0 0 0 0 ]
CSI_DATA,AP,68:FE:71:12:53:8C,-35,11,1,6,1,1,1,0,0,0,0,-95,0,6,1,18235851,0,82,0,0,18.236,384,[84 -64 4 0 0 0 0 0 0 0 0 0 11 10 18 9 20 13 20 17 17 16 9 14 15 14 10 14 16 16 15 12 13 21 8 16 11 19 8 17 10 17 8 18 7 13 6 14 7 14 12 17 5 16 8 12 7 11 6 14 10 13 11 12 3 0 13 17 9 13 10 14 10 15 9 10 10 11 11 16 10 9 13 10 8 6 12 8 8 11 12 9 12 13 13 13 17 8 9 11 13 10 9 7 16 9 17 7 16 5 14 7 14 5 17 13 17 9 3 0 0 0 0 0 0 0 0 0 ]
CSI_DATA,AP,68:FE:71:12:53:8C,-36,11,1,6,1,1,1,0,0,0,0,-95,0,6,1,18325628,0,84,0,0,18.326,384,[84 -64 4 0 0 0 0 0 0 0 0 0 14 -8 16 -8 16 -7 18 -4 18 -9 17 -5 21 -1 20 -5 24 -6 16 -4 19 -6 25 -7 23 0 20 -4 21 -7 21 0 15 -7 17 1 21 0 17 0 14 1 14 -5 20 -3 18 -6 14 -3 15 0 -3 -2 19 -7 19 -8 15 -4 14 -2 17 -1 21 -4 21 -2 15 -9 20 -4 18 -5 18 -5 11 -5 19 -11 18 -10 12 -6 13 -5 16 -6 12 -11 18 -6 9 -7 12 -9 15 -8 11 -11 13 -6 18 -9 11 -9 -1 2 0 0 0 0 0 0 0 0 ]
CSI_DATA,AP,68:FE:71:12:53:8C,-33,11,1,7,1,1,1,0,0,0,0,-93,0,6,1,18421174,0,84,0,0,18.421,384,[84 -64 4 0 0 0 0 0 0 0 0 0 6 20 2 15 5 20 6 14 0 15 2 16 1 20 2 20 3 16 -3 13 2 13 -3 14 0 21 2 19 0 17 3 15 -2 19 -2 18 -1 16 -3 18 -2 15 0 14 -1 17 1 17 -3 15 -4 12 2 -4 2 15 5 12 5 10 6 12 -1 14 4 11 1 12 -1 8 4 11 5 14 0 14 7 9 6 8 2 15 6 13 7 8 4 11 4 15 7 9 6 14 5 15 6 11 9 13 6 13 3 10 10 9 -1 2 0 0 0 0 0 0 0 0 ]
CSI_DATA,AP,68:FE:71:12:53:8C,-35,11,1,6,1,1,1,1,0,0,0,-95,6,6,1,18508423,0,84,0,0,18.508,384,[84 -64 4 0 0 0 0 0 0 0 0 0 17 -5 15 -3 18 4 18 -1 19 1 16 2 19 -1 16 0 16 1 12 -1 16 1 16 2 19 6 12 6 15 2 19 8 12 6 16 8 16 5 16 4 13 7 15 1 10 0 9 6 14 5 14 2 2 2 14 2 15 0 10 0 13 -2 13 5 10 0 16 0 13 -3 14 1 16 0 10 0 12 1 12 -4 16 -6 15 1 17 -3 15 -2 10 -3 11 -2 10 -6 18 -4 15 -7 16 -6 16 -8 15 -4 9 0 -2 -1 0 0 0 0 0 0 0 0 ]
CSI_DATA,AP,68:FE:71:12:53:8C,-39,11,1,4,1,1,1,1,0,0,0,-94,2,6,1,18604810,0,84,0,0,18.605,384,[84 -64 4 0 0 0 0 0 0 0 0 0 7 -19 8 -16 6 -22 8 -18 13 -15 11 -13 6 -20 9 -18 11 -15 15 -18 15 -12 8 -11 8 -18 10 -12 7 -14 10 -13 13 -15 12 -12 6 -12 9 -13 6 -14 10 -13 10 -16 9 -17 11 -15 9 -10 3 -2 6 -15 13 -18 5 -14 6 -11 11 -14 10 -11 7 -11 9 -17 6 -12 10 -13 5 -11 5 -11 4 -18 6 -10 8 -12 5 -13 7 -16 8 -16 2 -17 6 -10 6 -11 5 -17 0 -14 2 -14 1 -14 7 -16 -3 -3 0 0 0 0 0 0 0 0 ]
CSI_DATA,AP,68:FE:71:12:53:8C,-37,11,1,6,1,1,1,0,0,0,0,-96,0,6,1,18736255,0,84,0,0,18.736,384,[84 -64 4 0 0 0 0 0 0 0 0 0 5 -8 1 -5 8 -7 9 -9 5 -1 4 -6 11 -1 8 -7 4 -3 5 -2 6 -4 12 -8 9 -4 3 -5 8 -6 9 -2 10 0 4 -6 5 -7 11 -7 8 -5 3 -7 2 0 5 -4 8 -3 6 1 -4 -4 6 -5 9 -1 11 -7 8 -8 3 -4 8 -7 7 -5 10 -1 4 -6 8 -1 6 -2 9 -8 7 -5 2 -2 7 -5 4 -8 3 -9 10 -8 5 -6 6 -4 6 -3 6 -3 4 -2 3 -6 6 -3 8 -9 2 2 0 0 0 0 0 0 0 0 ]
CSI_DATA,AP,68:FE:71:12:53:8C,-33,11,1,6,1,1,1,0,0,0,0,-95,0,6,1,18819129,0,84,0,0,18.819,384,[84 -64 4 0 0 0 0 0 0 0 0 0 8 8 8 11 13 8 12 12 6 10 11 13 10 12 10 12 5 17 7 10 10 9 6 11 6 11 3 16 9 13 2 16 1 15 6 9 8 14 4 16 4 16 4 11 5 16 0 9 8 12 7 15 2 4 4 17 6 16 8 9 2 9 9 15 8 13 9 7 3 11 3 7 10 6 11 11 8 7 3 7 4 10 9 7 12 11 9 10 4 7 7 8 5 9 9 14 7 8 11 9 9 10 7 14 11 8 4 -1 0 0 0 0 0 0 0 0 ]
CSI_DATA,AP,68:FE:71:12:53:8C,-38,11,1,6,1,1,1,0,0,0,0,-94,0,6,1,18917181,0,84,0,0,18.917,384,[84 -64 4 0 0 0 0 0 0 0 0 0 -17 -14 -12 -12 -13 -19 -10 -23 -10 -22 -7 -21 -13 -15 -7 -17 -5 -16 -5 -19 -13 -16 -7 -17 -9 -15 -12 -23 -11 -15 -10 -21 -5 -22 -3 -18 -4 -14 -2 -19 -6 -21 -10 -17 -4 -17 -6 -13 -10 -20 -4 -20 -4 1 -10 -13 -9 -19 -12 -17 -9 -14 -7 -15 -5 -13 -4 -15 -12 -10 -7 -10 -9 -16 -6 -18 -12 -18 -12 -16 -6 -18 -13 -13 -14 -13 -7 -10 -8 -15 -7 -13 -9 -13 -6 -13 -12 -11 -11 -10 -8 -14 -15 -12 -16 -16 2 3 0 0 0 0 0 0 0 0 ]
CSI_DATA,AP,68:FE:71:12:53:8C,-33,11,1,7,1,1,1,1,0,0,0,-93,5,6,1,19052613,0,84,0,0,19.053,384,[84 -64 4 0 0 0 0 0 0 0 0 0 12 -18 15 -12 19 -12 13 -10 16 -10 18 -8 13 -8 12 -11 14 -14 13 -11 16 -5 11 -5 14 -10 13 -6 13 -4 13 -9 11 -10 14 -10 8 -7 11 -10 15 -5 7 -8 9 -7 11 -8 10 -10 6 -7 0 4 12 -9 12 -9 4 -8 5 -11 7 -6 4 -13 3 -10 8 -11 6 -7 7 -11 10 -8 2 -13 4 -14 8 -11 7 -14 6 -11 9 -16 9 -15 8 -11 5 -10 0 -15 3 -7 2 -9 2 -13 7 -15 0 -11 -4 3 0 0 0 0 0 0 0 0 ]
CSI_DATA,AP,68:FE:71:12:53:8C,-32,11,1,7,1,1,1,0,0,0,0,-95,0,6,1,19160265,0,84,0,0,19.16,384,[84 -64 4 0 0 0 0 0 0 0 0 0 2 -24 5 -24 8 -28 6 -24 8 -27 13 -23 14 -26 10 -17 12 -18 6 -19 13 -20 7 -16 9 -23 6 -20 9 -19 4 -19 7 -19 11 -11 3 -12 7 -13 6 -18 4 -11 1 -15 7 -17 3 -13 7 -11 -4 2 6 -14 3 -12 5 -17 3 -13 4 -14 -3 -13 3 -14 -3 -16 -3 -11 -7 -9 -1 -16 0 -16 0 -14 -2 -9 -6 -13 -9 -12 -6 -14 -10 -16 -6 -13 -6 -10 -4 -14 -8 -13 -4 -13 -7 -13 -8 -16 -13 -10 -4 0 0 0 0 0 0 0 0 0 ]
CSI_DATA,AP,68:FE:71:12:53:8C,-36,11,1,7,1,1,1,0,0,0,0,-96,0,6,1,19248667,0,84,0,0,19.249,384,[84 -64 4 0 0 0 0 0 0 0 0 0 5 -32 2 -35 -1 -33 1 -38 6 -29 4 -31 8 -30 5 -27 4 -30 5 -24 8 -27 3 -23 9 -28 8 -29 3 -26 6 -25 4 -22 3 -21 1 -17 9 -15 9 -17 4 -17 7 -18 -1 -20 2 -18 2 -13 0 -2 -1 -17 -4 -19 3 -17 -4 -13 -3 -16 0 -12 -4 -13 -3 -11 -1 -16 -4 -13 -3 -17 -8 -13 -5 -15 -8 -14 -7 -16 -11 -13 -4 -15 -12 -7 -7 -10 -6 -9 -8 -13 -6 -10 -6 -10 -14 -8 -14 -5 -14 -5 0 4 0 0 0 0 0 0 0 0 ]
CSI_DATA,AP,68:FE:71:12:53:8C,-34,11,1,7,1,1,1,0,0,0,0,-95,0,6,1,19371015,0,84,0,0,19.371,384,[84 -64 4 0 0 0 0 0 0 0 0 0 -13 -7 -6 -11 -11 -8 -9 -10 -5 -8 -2 -8 -4 -8 -6 -11 -8 -12 -8 -8 -5 -10 -9 -12 -5 -10 -6 -14 -5 -10 -8 -14 -8 -8 -4 -9 -3 -12 -4 -5 -3 -10 -7 -8 -5 -8 -7 -7 -7 -5 -1 -9 4 -1 -1 -6 -9 -5 -6 -7 -4 -4 -8 -8 -9 -7 -3 -12 -3 -8 -10 -11 -8 -5 -10 -11 -5 -11 -6 -5 -10 -4 -3 -7 -5 -5 -4 -6 -3 -9 -9 -4 -5 -5 -8 -8 -8 -10 -8 -3 -11 -8 -5 -2 -6 -7 -4 2 0 0 0 0 0 0 0 0 ]
CSI_DATA,AP,68:FE:71:12:53:8C,-35,11,1,7,1,1,1,0,0,0,0,-95,0,6,1,19487776,0,84,0,0,19.488,384,[84 -64 4 0 0 0 0 0 0 0 0 0 -11 8 -16 8 -10 7 -16 7 -16 7 -13 4 -17 5 -13 3 -15 -1 -11 7 -13 -1 -15 4 -18 7 -12 4 -10 6 -15 3 -15 -1 -16 4 -10 3 -9 6 -9 4 -13 -2 -15 -1 -11 3 -9 3 -15 4 2 0 -15 3 -9 7 -10 3 -11 3 -15 2 -12 4 -10 3 -12 5 -12 10 -9 4 -12 2 -15 10 -16 11 -8 9 -13 6 -14 2 -17 3 -9 10 -17 5 -12 10 -8 4 -9 11 -9 10 -13 10 -10 8 -13 12 0 -4 0 0 0 0 0 0 0 0 ]
CSI_DATA,AP,68:FE:71:12:53:8C,-38,11,1,5,1,1,1,0,0,0,0,-95,0,6,1,19584466,0,84,0,0,19.584,384,[84 -64 4 0 0 0 0 0 0 0 0 0 0 -19 3 -24 0 -26 4 -28 -2 -22 0 -21 1 -22 4 -21 7 -19 1 -23 0 -26 8 -20 4 -22 8 -23 8 -27 3 -23 4 -26 6 -25 2 -22 6 -20 10 -25 6 -21 2 -23 7 -21 2 -24 7 -22 -3 -3 7 -21 0 -19 6 -22 0 -19 8 -22 0 -27 2 -22 0 -24 0 -28 3 -26 0 -23 2 -18 1 -22 -3 -22 1 -21 5 -21 5 -29 1 -26 3 -28 2 -28 1 -26 -2 -21 -1 -22 3 -22 0 -26 1 -26 4 0 0 0 0 0 0 0 0 0 ]
CSI_DATA,AP,68:FE:71:12:53:8C,-40,11,1,5,1,1,1,0,0,0,1,-94,0,6,1,19664110,0,84,0,0,19.664,384,[84 -64 4 0 0 0 0 0 0 0 0 0 2 12 8 9 0 17 0 19 0 11 2 17 -3 18 5 12 1 10 -3 13 3 16 -3 19 0 16 1 17 -2 17 0 13 -2 13 1 13 -1 18 -5 11 1 14 -3 15 -5 11 -4 18 -2 18 -2 17 4 -3 -3 18 -5 14 -1 17 0 16 3 14 -5 12 3 15 -3 14 0 18 0 18 -2 15 -2 14 3 20 -2 14 5 16 2 16 -2 14 2 13 0 18 0 13 5 17 5 14 2 13 8 14 3 19 5 17 1 -1 0 0 0 0 0 0 0 0 ]
CSI_DATA,AP,68:FE:71:12:53:8C,-37,11,1,7,1,1,1,0,0,0,0,-95,0,6,1,19738168,0,84,0,0,19.738,384,[84 -64 4 0 0 0 0 0 0 0 0 0 -16 -5 -20 -11 -17 -6 -18 -7 -21 -16 -15 -8 -16 -11 -20 -12 -17 -14 -14 -17 -18 -17 -15 -15 -16 -18 -17 -20 -15 -12 -20 -23 -15 -18 -20 -21 -16 -15 -18 -20 -11 -18 -20 -15 -11 -18 -15 -14 -17 -19 -15 -21 1 2 -13 -13 -13 -20 -15 -12 -16 -14 -14 -14 -17 -17 -12 -19 -18 -9 -14 -14 -17 -9 -15 -9 -20 -8 -21 -9 -15 -14 -19 -11 -14 -7 -17 -10 -18 -12 -15 -7 -19 -12 -19 -7 -19 -6 -17 -9 -19 -7 -14 -13 -22 -8 1 1 0 0 0 0 0 0 0 0 ]
CSI_DATA,AP,68:FE:71:12:53:8C,-38,11,1,5,1,1,1,1,0,0,0,-94,3,6,1,19855304,0,84,0,0,19.855,384,[84 -64 4 0 0 0 0 0 0 0 0 0 -11 -7 -11 -11 -16 -8 -17 -6 -20 -13 -13 -12 -10 -7 -16 -7 -14 -13 -10 -10 -16 -10 -12 -17 -18 -17 -15 -12 -12 -11 -13 -18 -10 -13 -13 -15 -13 -12 -12 -12 -15 -17 -9 -15 -16 -13 -12 -15 -9 -14 -8 -18 -4 4 -10 -14 -14 -11 -18 -13 -18 -16 -14 -11 -16 -10 -11 -14 -10 -9 -15 -9 -14 -11 -19 -8 -17 -12 -13 -10 -10 -9 -17 -6 -15 -11 -18 -11 -17 -9 -12 -7 -18 -4 -14 -6 -17 -10 -21 -9 -15 -7 -19 -14 -17 -11 0 3 0 0 0 0 0 0 0 0 ]
CSI_DATA,AP,68:FE:71:12:53:8C,-35,11,1,7,1,1,1,0,0,0,0,-94,0,6,1,19955967,0,84,0,0,19.956,384,[84 -64 4 0 0 0 0 0 0 0 0 0 -23 8 -17 6 -17 11 -17 10 -21 4 -20 6 -24 8 -20 4 -21 -1 -18 6 -17 -1 -21 -1 -24 3 -24 1 -18 6 -20 -2 -23 -1 -14 3 -21 2 -14 3 -20 4 -19 -2 -17 -2 -15 -1 -21 4 -16 1 3 0 -13 1 -15 2 -19 4 -15 8 -19 0 -19 2 -16 8 -13 8 -19 4 -16 5 -17 7 -12 2 -13 4 -10 8 -12 6 -12 9 -12 6 -14 9 -12 6 -11 6 -12 6 -18 5 -14 5 -10 11 -10 5 -16 12 1 -3 0 0 0 0 0 0 0 0 ]
CSI_DATA,AP,68:FE:71:12:53:8C,-40,11,1,6,1,1,1,0,0,0,0,-95,0,6,1,20064331,0,82,0,0,20.064,384,[82 -96 4 0 0 0 0 0 0 0 0 0 17 4 18 -2 16 -3 18 0 18 1 22 6 15 0 19 5 15 9 21 1 20 8 13 4 18 8 16 1 16 9 15 4 13 9 14 1 17 6 15 9 13 10 12 4 15 9 12 8 18 9 16 5 2 -3 16 6 11 3 14 6 15 2 18 7 11 -1 17 0 10 -2 14 6 14 3 12 3 13 5 11 0 11 -2 11 -1 19 1 18 -3 14 -5 13 -1 17 -2 18 -4 12 2 19 -4 11 -1 19 -2 17 -5 1 3 0 0 0 0 0 0 0 0 ]
CSI_DATA,AP,68:FE:71:12:53:8C,-38,11,1,5,1,1,1,0,0,0,0,-95,0,6,1,20175265,0,84,0,0,20.175,384,[84 -64 4 0 0 0 0 0 0 0 0 0 16 9 22 11 18 4 19 10 14 8 18 12 12 8 13 12 13 13 16 8 17 13 18 10 15 8 15 6 10 12 15 7 17 14 16 13 9 11 10 10 11 8 10 14 13 8 12 8 15 10 10 10 -1 -3 8 12 14 13 10 10 15 9 11 8 9 7 10 10 15 6 17 8 17 10 11 4 16 7 12 5 10 3 16 10 17 7 15 1 16 5 14 6 11 3 14 1 12 4 13 7 19 6 11 3 17 0 -2 -2 0 0 0 0 0 0 0 0 ]
CSI_DATA,AP,68:FE:71:12:53:8C,-30,11,1,7,1,1,1,0,0,0,0,-95,0,6,1,20301554,0,82,0,0,20.302,384,[84 -64 4 0 0 0 0 0 0 0 0 0 20 -13 14 -9 19 -10 15 -8 21 -7 18 -11 17 -7 17 -10 16 -8 15 -3 17 -10 21 -5 16 -7 21 -5 20 -9 15 -3 21 -4 17 -4 18 -6 15 -1 12 -4 14 -2 20 -4 19 -4 19 -8 11 -7 4 -1 18 -6 11 -7 11 -4 13 -10 13 -8 15 -6 14 -4 14 -11 13 -6 16 -6 14 -11 17 -9 17 -6 15 -13 16 -7 14 -6 13 -11 13 -14 10 -9 15 -13 9 -10 12 -9 15 -15 8 -8 12 -12 8 -14 -3 -1 0 0 0 0 0 0 0 0 ]
CSI_DATA,AP,68:FE:71:12:53:8C,-34,11,1,6,1,1,1,0,0,0,0,-93,0,6,1,20417760,0,84,0,0,20.418,384,[84 -64 4 0 0 0 0 0 0 0 0 0 -20 -7 -16 -6 -14 -12 -14 -8 -13 -14 -17 -12 -18 -12 -13 -9 -17 -11 -16 -11 -13 -16 -15 -10 -11 -17 -15 -13 -14 -11 -17 -15 -10 -12 -14 -11 -10 -15 -13 -11 -8 -10 -12 -12 -13 -14 -10 -9 -13 -11 -11 -13 -3 3 -13 -8 -15 -6 -12 -14 -14 -7 -13 -10 -14 -7 -9 -7 -13 -9 -10 -8 -11 -5 -18 -11 -15 -9 -12 -10 -11 -5 -11 -4 -18 -3 -19 -8 -12 -3 -19 -7 -17 -1 -16 -3 -15 -8 -17 -2 -15 -2 -16 -3 -11 -3 -2 -3 0 0 0 0 0 0 0 0 ]
CSI_DATA,AP,68:FE:71:12:53:8C,-34,11,1,5,1,1,1,0,0,0,0,-95,0,6,1,20510825,0,84,0,0,20.511,384,[84 -64 4 0 0 0 0 0 0 0 0 0 14 4 19 4 17 9 20 12 21 8 17 9 17 10 16 6 16 7 15 5 12 14 12 9 14 10 16 14 15 8 11 11 17 10 9 8 17 9 15 14 10 8 10 11 8 12 14 6 9 9 14 5 0 -2 13 4 17 9 13 4 15 7 16 8 15 6 11 3 16 8 8 4 14 2 10 6 17 10 16 3 9 3 11 7 14 1 14 5 13 0 14 0 12 2 13 3 16 6 15 -1 12 2 11 4 13 -1 -2 2 0 0 0 0 0 0 0 0 ]
CSI_DATA,AP,68:FE:71:12:53:8C,-36,11,1,6,1,1,1,0,0,0,0,-95,0,6,1,20613323,0,84,0,0,20.613,384,[84 -64 4 0 0 0 0 0 0 0 0 0 -19 5 -24 -3 -20 -4 -19 3 -22 1 -17 -5 -22 -3 -19 -5 -24 -1 -19 0 -16 -2 -20 -1 -20 -2 -18 -8 -16 -5 -15 -1 -22 -9 -13 -8 -16 -5 -16 -1 -18 -5 -13 -8 -15 -5 -13 -4 -20 -2 -17 -2 4 3 -13 -6 -17 0 -16 1 -15 -4 -18 -3 -19 -3 -20 -2 -11 -2 -16 2 -18 3 -16 3 -13 -1 -19 1 -13 4 -14 4 -19 0 -15 3 -17 -2 -14 5 -17 6 -13 0 -15 -1 -14 5 -17 0 -12 5 -12 4 1 1 0 0 0 0 0 0 0 0 ]
CSI_DATA,AP,68:FE:71:12:53:8C,-36,11,1,5,1,1,1,0,0,0,0,-96,0,6,1,20731186,0,84,0,0,20.731,384,[84 -64 4 0 0 0 0 0 0 0 0 0 -1 -19 1 -19 3 -22 -1 -23 1 -23 -1 -18 0 -16 5 -18 9 -17 4 -23 4 -24 4 -18 4 -18 4 -20 6 -17 8 -18 6 -21 9 -13 1 -17 3 -19 6 -20 5 -15 1 -15 2 -17 4 -16 3 -19 -3 2 4 -12 3 -19 0 -15 4 -17 0 -14 -1 -12 0 -20 6 -16 4 -16 4 -19 -3 -13 -1 -20 2 -12 -3 -18 -3 -18 1 -12 1 -21 0 -14 -4 -12 -6 -20 -2 -12 1 -15 -1 -20 -2 -15 -4 -20 1 -18 -4 -4 0 0 0 0 0 0 0 0 ]
CSI_DATA,AP,68:FE:71:12:53:8C,-38,11,1,6,1,1,1,0,0,0,0,-94,0,6,1,20867460,0,84,0,0,20.867,384,[84 -64 4 0 0 0 0 0 0 0 0 0 -1 15 4 23 2 15 1 19 1 17 2 24 3 19 -1 22 0 23 -3 19 -6 18 -1 14 -4 19 -3 15 0 21 0 18 -8 16 1 17 -7 18 0 19 1 21 1 12 -4 14 -4 12 -6 15 -2 16 4 -1 2 12 1 19 -2 12 -4 19 3 12 3 17 2 15 -4 15 1 12 -2 10 2 19 5 16 1 17 2 19 -1 18 0 16 2 11 4 14 1 12 2 16 7 15 8 12 1 11 1 14 3 15 9 15 -2 -3 0 0 0 0 0 0 0 0 ]
CSI_DATA,AP,68:FE:71:12:53:8C,-38,11,1,5,1,1,1,0,0,0,0,-93,0,6,1,20929884,0,84,0,0,20.93,384,[84 -64 4 0 0 0 0 0 0 0 0 0 11 -10 20 -14 21 -16 22 -16 22 -11 16 -11 20 -10 17 -9 14 -6 21 -4 16 -5 23 -8 21 -11 15 -7 16 -3 20 -10 20 -4 20 -9 20 -2 21 -9 17 -5 16 -7 14 -5 20 -5 19 -4 16 -4 -3 0 19 -6 18 -5 16 -9 12 -7 15 -5 18 -6 10 -3 14 -7 9 -7 17 -10 9 -7 15 -11 8 -12 14 -7 15 -14 12 -11 11 -8 13 -8 13 -11 16 -9 15 -15 10 -11 13 -14 15 -12 14 -11 12 -8 4 -1 0 0 0 0 0 0 0 0 ]
CSI_DATA,AP,68:FE:71:12:53:8C,-37,11,1,7,1,1,1,0,0,0,0,-93,0,6,1,21028974,0,84,0,0,21.029,384,[84 -64 4 0 0 0 0 0 0 0 0 0 -20 -11 -21 -12 -21 -8 -16 -7 -17 -9 -12 -10 -13 -10 -13 -10 -15 -15 -20 -13 -16 -9 -12 -11 -16 -11 -13 -9 -14 -13 -11 -10 -13 -13 -16 -13 -14 -13 -10 -11 -16 -13 -17 -14 -12 -12 -9 -9 -13 -11 -13 -15 -3 -3 -13 -12 -11 -8 -13 -11 -9 -9 -10 -11 -17 -7 -14 -11 -10 -6 -10 -9 -17 -11 -18 -10 -11 -8 -11 -10 -14 -3 -17 -7 -17 -10 -13 -8 -15 -5 -17 -5 -16 -5 -13 -5 -19 -2 -15 -11 -13 -7 -14 -4 -17 -1 1 4 0 0 0 0 0 0 0 0 ]
CSI_DATA,AP,68:FE:71:12:53:8C,-36,11,1,7,1,1,1,0,0,0,1,-94,0,6,1,21152213,0,84,0,0,21.152,384,[84 -64 4 0 0 0 0 0 0 0 0 0 -15 10 -13 5 -17 12 -15 8 -20 11 -18 3 -22 6 -19 4 -21 9 -23 5 -22 4 -18 8 -19 6 -17 5 -18 6 -22 7 -20 5 -18 2 -14 2 -20 7 -18 1 -19 5 -13 1 -13 7 -21 1 -18 -1 2 3 -14 4 -19 0 -11 0 -17 2 -17 6 -17 8 -17 6 -14 7 -16 5 -19 1 -12 7 -15 3 -13 5 -17 4 -12 9 -12 3 -13 9 -10 5 -17 6 -16 11 -15 4 -16 10 -10 12 -14 12 -17 11 -17 5 -4 -2 0 0 0 0 0 0 0 0 ]
CSI_DATA,AP,68:FE:71:12:53:8C,-39,11,1,5,1,1,1,0,0,0,0,-96,0,6,1,21248532,0,84,0,0,21.249,384,[84 -64 4 0 0 0 0 0 0 0 0 0 -5 -7 -3 -13 -3 -13 -2 -13 0 -13 -4 -8 1 -14 4 -7 0 -12 1 -12 3 -7 1 -8 1 -9 2 -8 5 -5 6 -8 5 -7 6 -5 4 -11 -2 -5 0 -6 6 -6 -1 -9 2 -10 1 -8 3 -6 -4 -4 -1 -12 1 -11 5 -6 3 -11 0 -7 -2 -10 3 -4 4 -7 -2 -9 2 -5 0 -5 3 -10 -4 -8 -1 -9 0 -8 -1 -9 0 -9 2 -6 1 -7 -5 -4 -2 -4 -5 -11 -5 -4 -1 -7 -4 -7 -3 -11 -2 4 0 0 0 0 0 0 0 0 ]
CSI_DATA,AP,68:FE:71:12:53:8C,-34,11,0,0,0,0,0,0,0,0,0,-95,0,6,1,21339424,0,37,0,0,21.339,128,[84 -64 4 0 0 0 0 0 0 0 0 0 22 -3 17 -2 17 3 19 -3 16 4 16 -1 22 7 17 6 18 2 23 3 21 1 18 7 16 4 21 0 16 4 21 4 18 4 16 0 16 6 14 0 13 3 13 5 20 6 15 2 13 3 16 3 -3 0 12 4 15 5 15 1 15 7 14 1 15 3 16 0 16 -2 16 3 18 0 12 1 16 -3 16 -2 18 4 13 1 18 -4 20 -3 17 -3 12 0 16 2 17 -2 15 2 16 -5 20 -1 11 -2 11 -4 3 0 0 0 0 0 0 0 0 0 ]
CSI_DATA,AP,68:FE:71:12:53:8C,-35,11,1,6,1,1,1,1,0,0,0,-94,6,6,1,21455748,0,84,0,0,21.456,384,[84 -64 4 0 0 0 0 0 0 0 0 0 9 16 9 16 9 13 16 17 11 13 9 14 8 15 11 12 10 12 9 18 12 16 11 21 6 13 7 20 9 12 7 18 12 17 8 14 6 14 9 13 8 11 3 12 5 10 11 13 6 11 7 17 -1 2 11 16 8 15 12 12 5 17 5 15 8 14 13 10 11 9 11 9 10 10 8 9 13 16 7 15 9 8 8 14 14 12 14 8 7 14 10 10 10 10 14 13 9 7 10 8 17 6 7 10 12 9 4 0 0 0 0 0 0 0 0 0 ]
CSI_DATA,AP,68:FE:71:12:53:8C,-40,11,1,4,1,1,1,0,0,0,0,-96,0,6,1,21552365,0,84,0,0,21.552,384,[84 -64 4 0 0 0 0 0 0 0 0 0 8 -19 14 -19 10 -13 18 -17 13 -18 18 -13 13 -11 11 -13 14 -10 16 -12 13 -15 16 -13 14 -10 15 -13 14 -12 11 -8 16 -13 10 -14 12 -9 16 -12 12 -7 13 -9 12 -9 11 -6 16 -13 12 -8 -1 0 12 -15 15 -7 12 -8 13 -15 15 -9 15 -8 7 -8 12 -10 9 -16 9 -12 5 -16 6 -15 10 -12 5 -13 9 -16 9 -15 8 -15 12 -11 7 -18 10 -16 4 -13 11 -16 11 -15 9 -12 11 -18 11 -17 1 -3 0 0 0 0 0 0 0 0 ]
CSI_DATA,AP,68:FE:71:12:53:8C,-35,11,1,6,1,1,1,0,0,0,0,-94,0,6,1,21628854,0,84,0,0,21.629,384,[84 -64 4 0 0 0 0 0 0 0 0 0 -17 -14 -17 -17 -12 -15 -10 -12 -11 -16 -16 -14 -16 -17 -15 -18 -15 -10 -10 -12 -14 -15 -12 -19 -13 -11 -6 -13 -7 -15 -10 -14 -5 -15 -7 -16 -10 -16 -11 -10 -7 -11 -6 -15 -9 -9 -10 -10 -5 -11 -8 -9 3 3 -11 -16 -11 -8 -11 -13 -9 -11 -6 -14 -6 -14 -12 -11 -9 -14 -9 -10 -9 -11 -12 -13 -11 -11 -12 -12 -10 -14 -16 -13 -11 -8 -11 -9 -15 -11 -11 -13 -10 -11 -11 -7 -11 -10 -16 -5 -10 -5 -13 -5 -13 -8 -2 3 0 0 0 0 0 0 0 0 ]
CSI_DATA,AP,68:FE:71:12:53:8C,-31,11,1,7,1,1,1,0,0,0,0,-93,0,6,1,21743348,0,84,0,0,21.743,384,[84 -64 4 0 0 0 0 0 0 0 0 0 -9 17 -3 23 -8 18 -8 21 -12 16 -10 13 -9 13 -11 19 -12 12 -7 15 -7 11 -10 14 -14 16 -7 18 -15 16 -9 10 -15 11 -11 12 -8 12 -10 10 -12 10 -7 13 -11 12 -11 9 -8 9 -10 9 -4 -2 -10 12 -7 12 -6 16 -4 10 -12 10 -7 15 -4 16 -7 18 -6 12 -5 14 -9 13 -5 14 -2 11 -9 15 -3 9 -6 11 -7 14 -5 14 -8 19 -7 11 -3 13 -6 18 -4 17 -1 11 -6 19 -4 18 4 -1 0 0 0 0 0 0 0 0 ]
CSI_DATA,AP,68:FE:71:12:53:8C,-36,11,1,6,1,1,1,0,0,0,0,-96,0,6,1,21849272,0,84,0,0,21.849,384,[84 -64 4 0 0 0 0 0 0 0 0 0 -16 -14 -12 -17 -17 -18 -16 -14 -16 -18 -8 -20 -10 -13 -11 -14 -8 -15 -8 -20 -6 -16 -6 -14 -11 -21 -8 -15 -5 -14 -5 -15 -10 -13 -5 -18 -3 -13 -9 -19 -10 -15 -3 -16 -9 -13 -11 -16 -5 -19 -5 -11 2 -2 -8 -17 -9 -17 -9 -11 -7 -17 -10 -11 -8 -14 -6 -15 -9 -13 -9 -9 -9 -12 -14 -15 -13 -13 -11 -12 -14 -12 -6 -11 -9 -17 -14 -9 -14 -17 -11 -17 -14 -11 -13 -13 -12 -15 -16 -8 -12 -15 -8 -14 -14 -8 -1 -2 0 0 0 0 0 0 0 0 ]
CSI_DATA,AP,68:FE:71:12:53:8C,-33,11,1,6,1,1,1,1,0,0,0,-94,6,6,1,21952552,0,82,0,0,21.953,384,[84 -64 4 0 0 0 0 0 0 0 0 0 -11 13 -10 16 -15 18 -18 14 -19 12 -20 16 -15 8 -17 8 -17 7 -16 6 -13 10 -14 7 -20 6 -17 7 -20 5 -16 9 -14 8 -13 8 -16 9 -13 5 -14 9 -12 10 -10 8 -15 5 -19 8 -15 5 1 0 -15 7 -13 7 -15 12 -15 10 -14 8 -10 6 -16 8 -15 10 -11 11 -8 12 -10 8 -13 11 -9 10 -7 8 -6 8 -14 13 -13 10 -7 11 -8 16 -13 15 -13 15 -12 12 -13 15 -12 18 -6 13 -8 9 4 1 0 0 0 0 0 0 0 0 ]
CSI_DATA,AP,68:FE:71:12:53:8C,-32,11,1,7,1,1,1,0,0,0,0,-94,0,6,1,22044257,0,84,0,0,22.044,384,[84 -64 4 0 0 0 0 0 0 0 0 0 18 10 14 12 20 13 14 9 21 10 20 8 19 13 17 14 14 16 13 8 11 14 19 10 14 14 18 8 14 13 15 13 15 8 9 10 15 15 13 10 8 15 12 9 13 13 9 9 10 13 16 13 4 4 14 11 14 10 14 10 10 5 10 10 9 9 9 13 11 11 9 9 12 3 12 9 8 3 11 5 12 7 13 6 17 5 12 3 16 7 13 4 15 1 13 9 12 6 13 5 17 7 19 2 17 0 -4 3 0 0 0 0 0 0 0 0 ]
CSI_DATA,AP,68:FE:71:12:53:8C,-33,11,1,7,1,1,1,0,0,0,0,-95,0,6,1,22138736,0,84,0,0,22.139,384,[84 -64 4 0 0 0 0 0 0 0 0 0 13 -13 14 -12 18 -13 17 -8 18 -13 22 -8 17 -6 19 -9 19 -5 15 -9 16 -3 15 -8 19 -9 19 -4 14 -5 22 -1 19 -8 16 -8 19 -8 16 -6 14 -3 17 -8 13 -7 17 -2 13 -2 14 -1 2 -3 11 -7 12 -6 19 -7 14 -10 16 -9 15 -8 15 -4 10 -4 11 -10 13 -5 15 -6 16 -10 17 -5 11 -6 14 -5 15 -8 12 -14 14 -14 17 -14 8 -8 15 -8 16 -14 13 -13 9 -11 9 -14 14 -10 -3 -4 0 0 0 0 0 0 0 0 ]
CSI_DATA,AP,68:FE:71:12:53:8C,-37,11,1,6,1,1,1,0,0,0,0,-95,0,6,1,22271280,0,84,0,0,22.271,384,[84 -64 4 0 0 0 0 0 0 0 0 0 -9 -16 -9 -21 -15 -20 -12 -17 -10 -18 -10 -23 -5 -19 -9 -15 -11 -24 -9 -21 -10 -18 -3 -17 -4 -22 -7 -22 -7 -19 -8 -22 -1 -22 -2 -20 -2 -14 -9 -16 -2 -18 -4 -22 -5 -16 -8 -14 -2 -19 -6 -17 4 2 -4 -20 -8 -15 -4 -14 -3 -14 -4 -20 -7 -21 -2 -20 -11 -20 -5 -13 -10 -19 -12 -16 -11 -18 -7 -14 -10 -17 -11 -17 -12 -18 -14 -20 -13 -14 -10 -10 -12 -15 -6 -14 -9 -11 -14 -17 -16 -10 -6 -13 -16 -9 0 2 0 0 0 0 0 0 0 0 ]
CSI_DATA,AP,68:FE:71:12:53:8C,-32,11,1,7,1,1,1,0,0,0,1,-94,0,6,1,22378809,0,84,0,0,22.379,384,[84 -64 4 0 0 0 0 0 0 0 0 0 -10 13 -7 16 -11 21 -11 20 -12 15 -13 13 -14 12 -10 13 -18 17 -17 14 -20 15 -19 10 -17 9 -18 13 -18 14 -18 10 -11 11 -16 14 -19 12 -18 13 -17 7 -13 15 -14 8 -17 8 -15 13 -10 7 -3 -4 -17 7 -14 13 -16 16 -12 14 -14 12 -11 8 -12 10 -7 13 -8 15 -7 14 -13 11 -9 11 -11 10 -7 17 -11 15 -7 14 -14 18 -8 10 -8 13 -9 11 -12 16 -12 18 -5 17 -12 12 -7 11 -8 12 1 -3 0 0 0 0 0 0 0 0 ]
CSI_DATA,AP,68:FE:71:12:53:8C,-39,11,1,5,1,1,1,0,0,0,0,-93,0,6,1,22488349,0,84,0,0,22.488,384,[84 -64 4 0 0 0 0 0 0 0 0 0 -19 13 -15 8 -18 13 -19 14 -20 11 -24 12 -24 8 -24 2 -20 8 -19 5 -26 6 -23 10 -18 10 -17 4 -19 8 -21 6 -18 8 -23 4 -17 3 -24 3 -21 6 -19 2 -15 6 -16 1 -23 1 -18 0 0 -3 -22 6 -22 10 -14 6 -19 7 -20 7 -13 4 -21 2 -19 2 -16 7 -14 5 -12 8 -12 4 -13 8 -11 12 -17 10 -15 13 -11 6 -16 8 -13 12 -17 10 -14 9 -12 6 -18 13 -15 14 -11 10 -14 12 2 2 0 0 0 0 0 0 0 0 ]
CSI_DATA,AP,68:FE:71:12:53:8C,-39,11,1,6,1,1,1,1,0,0,0,-95,4,6,1,22594315,0,84,0,0,22.594,384,[84 -64 4 0 0 0 0 0 0 0 0 0 -19 -6 -22 -5 -24 -8 -17 -10 -19 -14 -21 -8 -19 -10 -18 -12 -20 -15 -17 -8 -19 -16 -22 -16 -22 -10 -21 -17 -18 -10 -22 -10 -18 -12 -14 -15 -14 -9 -17 -11 -17 -11 -16 -10 -13 -14 -18 -17 -19 -13 -18 -8 4 1 -17 -6 -18 -14 -20 -13 -21 -7 -13 -12 -17 -7 -17 -9 -20 -10 -15 -9 -18 -4 -19 -10 -13 -6 -16 -8 -15 -4 -18 -6 -18 -8 -17 -4 -18 -8 -19 -9 -20 -1 -14 -3 -20 -1 -22 -2 -15 -2 -21 0 -18 -7 -2 2 0 0 0 0 0 0 0 0 ]
CSI_DATA,AP,68:FE:71:12:53:8C,-37,11,1,5,1,1,1,0,0,0,0,-96,0,6,1,22665246,0,84,0,0,22.665,384,[84 -64 4 0 0 0 0 0 0 0 0 0 7 -17 4 -17 6 -24 12 -24 6 -16 6 -17 11 -21 15 -20 10 -14 10 -20 8 -17 15 -16 8 -19 16 -17 9 -18 15 -16 11 -18 10 -11 8 -15 13 -13 12 -18 8 -18 12 -17 14 -17 14 -18 13 -15 2 1 6 -13 9 -15 6 -17 11 -19 7 -19 8 -14 11 -12 8 -14 10 -18 7 -17 4 -14 6 -19 4 -14 6 -15 4 -14 10 -20 7 -15 3 -14 4 -15 1 -13 8 -14 7 -20 2 -21 6 -14 7 -20 1 -20 4 2 0 0 0 0 0 0 0 0 ]
CSI_DATA,AP,68:FE:71:12:53:8C,-37,11,1,6,1,1,1,0,0,0,0,-95,0,6,1,22783054,0,84,0,0,22.783,384,[84 -64 4 0 0 0 0 0 0 0 0 0 -15 -20 -10 -22 -12 -22 -9 -20 -7 -22 -4 -21 -11 -21 -10 -19 -3 -24 -9 -17 -3 -25 -9 -24 -4 -24 -6 -21 -9 -16 -2 -24 -2 -16 -5 -21 -4 -16 -7 -16 -7 -19 -5 -17 0 -22 -9 -21 -9 -16 -9 -17 -3 -1 -5 -21 -6 -13 -8 -17 -11 -12 -10 -17 -6 -17 -6 -21 -8 -20 -10 -19 -6 -12 -11 -19 -6 -18 -12 -14 -9 -11 -8 -17 -6 -18 -9 -12 -9 -16 -8 -15 -12 -10 -11 -14 -12 -11 -8 -15 -13 -17 -14 -17 -9 -17 4 -4 0 0 0 0 0 0 0 0 ]
CSI_DATA,AP,68:FE:71:12:53:8C,-38,11,1,6,1,1,1,1,0,0,0,-93,2,6,1,22874623,0,84,0,0,22.875,384,[84 -64 4 0 0 0 0 0 0 0 0 0 -23 9 -19 2 -22 2 -22 4 -26 5 -20 -3 -20 3 -25 -3 -26 -4 -18 3 -25 -3 -24 -3 -19 -1 -17 2 -19 -5 -20 -6 -24 -3 -16 -3 -22 1 -16 0 -22 -5 -20 -5 -16 1 -21 -6 -19 -1 -19 -1 -1 3 -17 -4 -17 -3 -15 -4 -21 -3 -20 -2 -15 -4 -22 3 -16 -2 -20 -2 -15 6 -18 2 -15 -1 -18 0 -18 -1 -14 6 -17 0 -19 1 -21 5 -15 1 -18 4 -13 4 -17 3 -16 2 -20 3 -14 2 -17 1 -4 -4 0 0 0 0 0 0 0 0 ]
CSI_DATA,AP,68:FE:71:12:53:8C,-37,11,1,7,1,1,1,0,0,0,0,-93,0,6,1,23001353,0,84,0,0,23.001,384,[84 -64 4 0 0 0 0 0 0 0 0 0 -17 -13 -19 -7 -19 -14 -20 -12 -17 -9 -12 -10 -16 -11 -15 -13 -20 -15 -15 -11 -15 -11 -17 -12 -15 -18 -14 -18 -17 -16 -12 -10 -12 -18 -16 -12 -11 -16 -17 -11 -11 -10 -11 -13 -9 -9 -14 -12 -16 -13 -13 -10 -4 1 -13 -11 -14 -10 -15 -8 -10 -9 -8 -14 -14 -15 -12 -11 -15 -7 -13 -13 -16 -6 -15 -11 -16 -8 -13 -8 -11 -7 -18 -6 -11 -12 -17 -7 -17 -8 -19 -11 -11 -10 -18 -7 -16 -7 -18 -12 -19 -7 -11 -8 -11 -9 0 -4 0 0 0 0 0 0 0 0 ]
CSI_DATA,AP,68:FE:71:12:53:8C,-40,11,0,0,0,0,0,0,0,0,0,-94,0,6,1,23101212,0,37,0,0,23.101,128,[84 -64 4 0 0 0 0 0 0 0 0 0 -1 20 -2 15 -4 17 -3 19 -2 23 -1 20 -5 19 -4 20 -3 23 -1 18 -8 24 -2 21 -10 16 -2 17 -8 15 -5 17 -6 13 -9 16 -6 20 -7 15 -4 17 -6 12 -3 17 -8 14 -8 13 -8 15 -4 4 -7 13 0 12 1 13 -1 13 0 15 2 14 2 13 -4 13 2 13 -3 15 3 20 -4 13 -1 11 -4 17 5 14 -3 18 -2 17 3 16 0 16 4 18 0 12 5 18 4 19 5 11 -1 14 5 13 4 -1 0 0 0 0 0 0 0 0 ]
CSI_DATA,AP,68:FE:71:12:53:8C,-36,11,1,6,1,1,1,0,0,0,0,-95,0,6,1,23197357,0,84,0,0,23.197,384,[84 -64 4 0 0 0 0 0 0 0 0 0 -16 -15 -11 -16 -14 -15 -17 -14 -14 -16 -10 -19 -15 -18 -15 -16 -14 -16 -8 -22 -13 -20 -13 -23 -10 -21 -11 -19 -12 -21 -7 -20 -11 -13 -8 -18 -10 -18 -9 -16 -8 -14 -10 -19 -4 -18 -11 -13 -7 -13 -4 -20 4 -2 -11 -19 -6 -16 -12 -18 -13 -17 -10 -10 -6 -13 -6 -18 -12 -14 -9 -15 -12 -16 -12 -10 -7 -16 -14 -11 -9 -13 -13 -13 -9 -12 -10 -12 -10 -15 -14 -12 -15 -10 -17 -15 -15 -9 -10 -12 -11 -8 -16 -9 -15 -13 2 2 0 0 0 0 0 0 0 0 ]
CSI_DATA,AP,68:FE:71:12:53:8C,-36,11,1,6,1,1,1,0,0,0,0,-94,0,6,1,23328833,0,84,0,0,23.329,384,[84 -64 4 0 0 0 0 0 0 0 0 0 -3 17 -8 20 -6 16 -10 25 -13 18 -10 21 -7 22 -13 16 -10 16 -8 16 -15 19 -13 17 -10 21 -9 19 -8 13 -9 20 -15 11 -9 19 -12 15 -15 15 -11 15 -12 14 -7 11 -13 14 -9 16 -14 12 1 4 -11 15 -5 15 -6 14 -7 11 -12 14 -11 12 -6 16 -6 16 -3 15 -8 19 -11 12 -4 12 -3 17 -9 12 -2 20 -7 16 -2 20 -1 15 -3 20 -6 14 -3 17 -3 16 -6 20 -2 17 0 12 -6 12 4 -4 0 0 0 0 0 0 0 0 ]
CSI_DATA,AP,68:FE:71:12:53:8C,-38,11,1,6,1,1,1,0,0,0,0,-95,0,6,1,23459571,0,84,0,0,23.46,384,[84 -64 4 0 0 0 0 0 0 0 0 0 4 -25 5 -21 5 -18 2 -22 1 -19 9 -16 9 -23 11 -22 3 -23 9 -17 10 -18 12 -18 14 -21 10 -15 8 -20 10 -17 5 -14 7 -15 11 -17 4 -14 11 -17 9 -14 4 -17 7 -15 11 -18 7 -15 -4 1 10 -12 3 -19 10 -21 1 -16 4 -18 8 -17 8 -16 7 -18 3 -11 3 -14 3 -17 2 -16 0 -16 -1 -14 -2 -17 5 -18 6 -19 1 -18 5 -18 -2 -20 -1 -19 -5 -19 4 -20 1 -15 1 -19 0 -13 4 2 0 0 0 0 0 0 0 0 ]
CSI_DATA,AP,68:FE:71:12:53:8C,-37,11,1,5,1,1,1,0,0,0,0,-94,0,6,1,23584115,0,84,0,0,23.584,384,[84 -64 4 0 0 0 0 0 0 0 0 0 -9 20 -10 21 -10 20 -11 21 -5 21 -9 22 -7 22 -9 14 -5 13 -6 21 -13 14 -8 20 -8 21 -8 13 -13 16 -11 15 -8 18 -12 13 -8 19 -11 12 -6 17 -8 12 -8 11 -8 13 -9 16 -8 15 -1 1 -9 11 -5 13 -10 11 -11 11 -7 12 -9 16 -12 18 -8 17 -3 13 -2 16 -10 16 -5 15 -2 11 -6 18 -7 18 -8 14 -7 14 -1 13 -6 20 -7 16 -7 20 -3 13 -2 12 1 18 -1 17 -4 13 -3 0 0 0 0 0 0 0 0 0 ]
CSI_DATA,AP,68:FE:71:12:53:8C,-35,11,1,7,1,1,1,0,0,0,0,-94,0,6,1,23660014,0,84,0,0,23.66,384,[84 -64 4 0 0 0 0 0 0 0 0 0 -21 5 -16 2 -21 1 -23 1 -26 2 -23 0 -20 2 -24 4 -20 0 -24 0 -18 -3 -17 -2 -21 1 -18 -3 -17 2 -22 -1 -20 -1 -15 0 -18 1 -18 -1 -21 -4 -16 -2 -14 -2 -16 -2 -18 -1 -18 3 4 0 -15 -4 -16 5 -22 4 -20 4 -13 -3 -21 1 -16 5 -13 4 -18 0 -13 -1 -14 4 -19 -2 -13 1 -20 1 -15 2 -15 7 -13 7 -19 3 -18 8 -12 5 -19 6 -13 7 -12 5 -17 8 -19 9 -16 10 3 -3 0 0 0 0 0 0 0 0 ]
CSI_DATA,AP,68:FE:71:12:53:8C,-38,11,1,7,1,1,1,0,0,0,0,-95,0,6,1,23753289,0,84,0,0,23.753,384,[84 -64 4 0 0 0 0 0 0 0 0 0 -12 -17 -9 -23 -7 -17 -11 -22 -9 -20 -4 -18 -8 -17 -8 -18 -7 -20 -1 -20 0 -18 -4 -17 0 -18 -6 -18 -5 -17 1 -22 2 -23 -6 -15 0 -17 -5 -15 1 -18 1 -20 -2 -13 2 -21 0 -18 -4 -16 1 -2 -5 -20 -1 -13 -5 -18 -7 -15 -3 -14 -8 -21 -6 -16 -6 -19 -6 -15 -4 -11 -8 -13 -8 -15 -1 -16 -7 -13 -5 -12 -6 -13 -9 -13 -7 -18 -4 -15 -10 -17 -7 -13 -8 -11 -6 -18 -12 -17 -6 -16 -12 -15 3 -2 0 0 0 0 0 0 0 0 ]
CSI_DATA,AP,68:FE:71:12:53:8C,-36,11,0,0,0,0,0,1,0,0,0,-95,5,6,1,23834471,0,37,0,0,23.834,128,[84 -64 4 0 0 0 0 0 0 0 0 0 2 -16 10 -16 9 -16 12 -20 5 -20 11 -18 13 -19 5 -20 7 -20 14 -14 13 -21 14 -22 13 -15 13 -16 8 -17 11 -13 10 -15 10 -15 6 -15 8 -17 9 -16 6 -18 14 -14 9 -11 10 -16 12 -17 -3 1 11 -16 8 -18 5 -11 9 -16 6 -14 7 -17 12 -17 8 -18 3 -11 2 -18 8 -18 6 -15 8 -13 8 -13 4 -17 7 -16 6 -21 6 -16 8 -17 4 -14 0 -17 3 -14 3 -18 4 -17 2 -15 3 -12 -1 1 0 0 0 0 0 0 0 0 ]
CSI_DATA,AP,68:FE:71:12:53:8C,-42,11,1,6,1,1,1,1,0,0,0,-95,6,6,1,23948769,0,84,0,0,23.949,384,[84 -64 4 0 0 0 0 0 0 0 0 0 19 -11 22 -13 17 -6 21 -10 17 -8 20 -4 17 -6 17 -4 17 -4 22 -1 23 -1 22 -1 16 -3 23 -4 16 -1 19 -3 20 -5 18 -1 14 1 20 -4 15 0 14 0 19 -4 13 0 22 -1 18 -6 -3 -4 17 1 18 -1 20 -2 17 -4 19 0 14 -3 15 -6 18 -1 12 -4 16 -2 20 -7 13 -9 15 -6 17 -9 20 -7 15 -7 16 -4 18 -8 16 -11 15 -11 17 -8 17 -4 18 -4 13 -9 17 -6 16 -7 1 1 0 0 0 0 0 0 0 0 ]
CSI_DATA,AP,68:FE:71:12:53:8C,-39,11,1,5,1,1,1,0,0,0,0,-95,0,6,1,24080830,0,84,0,0,24.081,384,[84 -64 4 0 0 0 0 0 0 0 0 0 18 15 18 14 14 10 12 13 15 18 12 12 14 16 11 14 10 19 11 19 9 20 12 20 9 14 9 14 6 17 14 13 11 17 7 11 12 13 8 16 12 16 11 19 5 12 6 16 9 17 9 15 3 0 10 14 5 16 7 11 6 14 7 11 13 14 6 17 14 8 6 11 8 11 9 14 11 9 10 9 12 15 12 14 12 9 11 8 15 7 15 12 10 11 8 12 12 6 11 7 15 13 13 6 13 11 -3 4 0 0 0 0 0 0 0 0 ]
CSI_DATA,AP,68:FE:71:12:53:8C,-39,11,1,4,1,1,1,0,0,0,0,-95,0,6,1,24201648,0,84,0,0,24.202,384,[84 -64 4 0 0 0 0 0 0 0 0 0 -17 12 -17 10 -21 7 -15 13 -22 9 -15 9 -22 5 -19 6 -14 5 -14 6 -21 2 -23 9 -20 3 -20 8 -22 6 -16 9 -20 3 -13 0 -16 5 -18 7 -21 1 -15 5 -14 -1 -13 6 -19 4 -21 2 0 4 -19 2 -17 8 -17 2 -18 9 -16 8 -18 5 -15 3 -18 9 -17 3 -15 10 -16 7 -14 9 -16 6 -14 7 -14 8 -12 5 -17 8 -14 10 -12 4 -15 10 -11 11 -14 7 -9 11 -12 5 -14 8 -12 12 -4 0 0 0 0 0 0 0 0 0 ]
CSI_DATA,AP,68:FE:71:12:53:8C,-37,11,1,5,1,1,1,0,0,0,0,-93,0,6,1,24316858,0,84,0,0,24.317,384,[84 -64 4 0 0 0 0 0 0 0 0 0 15 14 8 18 10 19 9 12 9 16 12 18 7 16 6 13 11 20 13 13 13 18 14 19 9 13 4 15 3 19 9 16 9 15 6 15 6 11 7 18 3 12 3 14 10 15 3 12 4 13 9 15 1 -1 8 14 4 17 11 17 11 12 8 13 7 14 5 13 12 11 11 7 11 10 13 11 12 9 14 8 13 11 10 11 14 10 14 8 9 6 10 6 11 7 11 13 14 9 10 6 14 11 14 8 11 12 2 -4 0 0 0 0 0 0 0 0 ]
CSI_DATA,AP,68:FE:71:12:53:8C,-38,11,0,0,0,0,0,0,0,0,0,-93,0,6,1,24425772,0,37,0,0,24.426,128,[84 -64 4 0 0 0 0 0 0 0 0 0 4 -16 6 -24 -1 -23 5 -24 4 -22 8 -18 7 -19 8 -14 10 -22 4 -14 9 -20 5 -21 11 -16 10 -19 9 -21 9 -14 10 -19 5 -12 6 -11 7 -15 4 -14 3 -15 10 -16 7 -15 10 -18 6 -19 4 -3 9 -17 9 -16 1 -18 2 -11 2 -12 8 -19 3 -11 8 -11 3 -15 3 -15 -1 -17 -1 -17 4 -11 -1 -14 -2 -14 5 -16 0 -15 -1 -15 -2 -19 -2 -16 5 -13 2 -12 2 -14 3 -18 1 -17 -3 -14 2 -1 0 0 0 0 0 0 0 0 ]
CSI_DATA,AP,68:FE:71:12:53:8C,-32,11,1,6,1,1,1,0,0,0,0,-95,0,6,1,24529054,0,84,0,0,24.529,384,[84 -64 4 0 0 0 0 0 0 0 0 0 12 13 12 13 14 13 13 13 8 12 12 14 9 14 11 17 5 12 6 11 11 15 11 15 12 15 9 18 6 19 7 21 5 15 6 14 7 11 10 10 4 14 10 13 4 16 10 16 7 19 9 10 -2 3 3 14 10 17 7 15 12 16 4 15 12 14 12 14 9 10 5 9 5 9 13 12 5 8 6 7 11 11 6 7 6 10 11 11 12 7 7 14 9 7 10 10 11 6 15 8 15 10 14 4 7 12 1 -1 0 0 0 0 0 0 0 0 ]
CSI_DATA,AP,68:FE:71:12:53:8C,-37,11,1,6,1,1,1,0,0,0,0,-95,0,6,1,24633664,0,84,0,0,24.634,384,[84 -64 4 0 0 0 0 0 0 0 0 0 -29 -17 -23 -14 -26 -13 -26 -16 -25 -23 -21 -18 -25 -19 -26 -21 -24 -18 -20 -24 -21 -24 -22 -25 -26 -20 -21 -17 -17 -21 -23 -24 -17 -22 -22 -16 -23 -21 -20 -19 -14 -23 -20 -22 -19 -14 -19 -22 -16 -19 -15 -18 -3 -4 -19 -14 -14 -20 -20 -17 -16 -18 -16 -19 -18 -20 -15 -16 -16 -14 -17 -13 -22 -15 -24 -14 -17 -9 -17 -12 -21 -6 -16 -8 -21 -9 -20 -7 -16 -10 -20 -7 -20 -9 -22 -7 -21 -10 -22 -10 -18 -9 -19 -9 -14 -4 3 -2 0 0 0 0 0 0 0 0 ]
CSI_DATA,AP,68:FE:71:12:53:8C,-38,11,1,6,1,1,1,0,0,0,0,-96,0,6,1,24742550,0,84,0,0,24.743,384,[84 -64 4 0 0 0 0 0 0 0 0 0 0 18 1 17 -6 15 -7 21 -4 18 -5 11 -7 13 -6 11 -10 16 -3 20 -11 18 -9 15 -11 19 -4 13 -3 11 -8 14 -11 17 -4 9 -9 14 -11 17 -3 10 -7 11 -8 9 -6 17 -10 17 -3 14 -3 0 -5 17 -5 10 -9 15 -3 17 -2 11 -2 15 -4 10 1 13 -1 13 -3 16 -5 17 -7 13 -3 11 -4 12 0 14 -1 11 3 19 -4 14 1 10 3 13 -1 10 4 12 0 17 -1 13 1 11 -1 17 1 3 0 0 0 0 0 0 0 0 ]
CSI_DATA,AP,68:FE:71:12:53:8C,-36,11,1,7,1,1,1,0,0,0,1,-95,0,6,1,24869443,0,84,0,0,24.869,384,[84 -64 4 0 0 0 0 0 0 0 0 0 14 -12 10 -4 14 -4 15 -10 14 -9 8 -8 16 -4 9 -4 14 -4 16 -6 17 -8 9 -2 15 -5 17 -1 11 -5 16 -3 16 -1 14 -6 10 -7 10 -2 14 -6 10 -1 8 -2 14 -2 9 -1 10 -8 -1 4 13 -7 8 -7 13 -5 6 -2 15 -1 9 -1 7 -3 14 -7 14 -1 7 -9 8 -3 5 -4 5 -7 11 -8 10 -5 5 -10 8 -10 8 -9 11 -5 12 -5 9 -5 5 -9 13 -11 6 -10 6 -5 4 -10 0 -1 0 0 0 0 0 0 0 0 ]
CSI_DATA,AP,68:FE:71:12:53:8C,-36,11,1,6,1,1,1,0,0,0,0,-95,0,6,1,24966018,0,84,0,0,24.966,384,[84 -64 4 0 0 0 0 0 0 0 0 0 7 -3 5 1 10 2 9 2 8 -3 5 3 12 -2 4 3 8 2 8 -2 3 6 8 3 11 4 3 1 7 4 5 4 7 1 7 3 7 5 4 2 10 0 6 7 9 1 2 5 6 2 6 3 0 2 5 -1 3 6 7 6 3 7 5 -1 3 1 8 6 9 5 6 6 4 5 9 3 10 -3 3 2 7 5 9 1 10 0 9 -1 6 -2 6 -3 5 -2 9 0 9 -1 4 3 5 -4 7 1 10 1 4 3 0 0 0 0 0 0 0 0 ]
CSI_DATA,AP,68:FE:71:12:53:8C,-33,11,1,7,1,1,1,0,0,0,0,-94,0,6,1,25067695,0,84,0,0,25.068,384,[84 -64 4 0 0 0 0 0 0 0 0 0 33 3 39 14 31 7 39 10 33 8 28 13 29 16 31 15 29 15 26 15 35 14 36 18 34 13 30 13 28 22 27 21 32 16 22 17 28 18 30 17 25 21 25 17 22 18 29 16 33 17 26 15 -2 1 26 19 25 20 33 17 29 15 23 11 26 16 28 11 30 14 31 12 27 12 31 9 32 13 27 10 30 12 29 15 30 13 30 10 33 14 30 12 31 8 31 7 34 8 26 9 29 4 30 5 36 4 -4 0 0 0 0 0 0 0 0 0 ]
CSI_DATA,AP,68:FE:71:12:53:8C,-39,11,1,6,1,1,1,0,0,0,0,-95,0,6,1,25153460,0,84,0,0,25.153,384,[84 -64 4 0 0 0 0 0 0 0 0 0 -1 22 -1 19 -6 20 -4 21 -4 21 -11 21 -7 21 -5 18 -12 18 -10 20 -13 14 -13 21 -13 18 -10 21 -12 12 -10 18 -8 11 -11 11 -7 11 -10 10 -12 11 -10 14 -6 14 -12 11 -7 16 -9 18 4 0 -12 12 -12 13 -9 18 -5 13 -3 13 -6 16 -5 16 -2 13 -5 10 -10 11 -2 10 -5 11 -7 10 -9 16 -5 15 -1 13 -3 17 0 11 -2 17 -4 12 -9 18 -6 18 -5 11 -3 16 1 18 -6 15 4 -3 0 0 0 0 0 0 0 0 ]
CSI_DATA,AP,68:FE:71:12:53:8C,-37,11,1,7,1,1,1,0,0,0,0,-96,0,6,1,25277328,0,84,0,0,25.277,384,[84 -64 4 0 0 0 0 0 0 0 0 0 4 -10 4 -9 0 -12 4 -9 6 -13 7 -12 7 -12 5 -6 1 -11 3 -6 3 -5 2 -6 4 -5 2 -8 8 -6 3 -6 1 -9 7 -11 5 -8 2 -9 2 -11 0 -10 1 -3 2 -5 7 -10 5 -10 3 1 2 -7 1 -7 -1 -5 0 -5 -1 -8 0 -9 2 -3 -3 -10 1 -8 4 -8 0 -3 -1 -5 -3 -8 -2 -4 0 -9 -4 -4 3 -7 -3 -7 -2 -7 -5 -8 -3 -3 3 -7 3 -4 -6 -11 -6 -5 -3 -8 4 -1 0 0 0 0 0 0 0 0 ]
CSI_DATA,AP,68:FE:71:12:53:8C,-38,11,1,6,1,1,1,0,0,0,0,-96,0,6,1,25388560,0,82,0,0,25.389,384,[84 -64 4 0 0 0 0 0 0 0 0 0 16 10 13 14 17 8 18 15 14 14 14 14 16 14 12 16 12 8 11 12 14 17 9 17 9 8 15 10 8 14 14 12 8 11 11 12 10 6 9 8 9 10 6 11 9 6 11 6 7 4 4 7 -2 -4 9 5 12 2 12 6 10 0 11 8 11 7 11 3 12 5 10 5 9 0 11 4 7 5 7 0 6 2 7 2 11 2 8 0 7 -2 10 -6 5 -1 8 -1 8 -4 6 -7 7 -7 10 -2 10 -5 -1 -1 0 0 0 0 0 0 0 0 ]
CSI_DATA,AP,68:FE:71:12:53:8C,-40,11,1,5,1,1,1,0,0,0,0,-94,0,6,1,25482120,0,84,0,0,25.482,384,[84 -64 4 0 0 0 0 0 0 0 0 0 13 -26 5 -25 14 -21 12 -19 10 -17 8 -22 13 -20 13 -16 7 -14 10 -17 14 -14 12 -18 16 -14 16 -16 12 -10 15 -13 5 -12 11 -12 8 -13 13 -9 7 -15 12 -15 3 -11 6 -11 10 -7 7 -14 3 -4 1 -12 8 -12 2 -10 11 -9 3 -11 1 -13 1 -13 5 -13 6 -13 1 -6 2 -6 2 -7 2 -10 3 -10 -3 -6 -2 -13 -5 -6 -3 -7 1 -8 -6 -7 -6 -13 1 -13 -8 -7 -4 -7 -5 -9 -5 -10 1 1 0 0 0 0 0 0 0 0 ]
CSI_DATA,AP,68:FE:71:12:53:8C,-36,11,1,5,1,1,1,0,0,0,0,-94,0,6,1,25565693,0,84,0,0,25.566,384,[84 -64 4 0 0 0 0 0 0 0 0 0 15 -9 21 -15 22 -12 18 -6 17 -11 18 -8 20 -4 14 -3 16 -9 15 -2 21 -3 22 -3 15 -6 14 -9 21 -8 21 -3 18 -5 16 -7 11 -2 16 -9 17 -8 15 -2 11 -1 18 -9 17 -2 11 -4 -4 -2 13 -7 17 -8 12 -4 10 -7 14 -8 9 -4 14 -8 8 -4 15 -4 13 -6 15 -7 8 -5 12 -10 13 -6 13 -8 8 -14 16 -7 15 -15 9 -7 6 -10 12 -13 11 -8 5 -7 9 -10 9 -10 5 -9 4 -1 0 0 0 0 0 0 0 0 ]
CSI_DATA,AP,68:FE:71:12:53:8C,-34,11,1,6,1,1,1,0,0,0,0,-95,0,6,1,25684330,0,84,0,0,25.684,384,[84 -64 4 0 0 0 0 0 0 0 0 0 14 11 20 6 15 6 20 6 17 9 13 12 16 6 11 12 20 13 11 12 13 15 17 10 20 12 16 11 14 11 12 16 14 11 18 15 18 9 18 13 18 9 12 10 17 8 18 15 13 16 13 16 -1 -2 14 9 21 16 20 8 18 15 16 10 19 10 18 11 17 14 16 11 18 13 20 9 19 13 14 13 21 14 21 10 21 12 23 8 20 11 18 9 14 6 18 13 20 10 20 8 18 10 21 7 21 5 0 2 0 0 0 0 0 0 0 0 ]
CSI_DATA,AP,68:FE:71:12:53:8C,-33,11,1,7,1,1,1,0,0,0,0,-96,0,6,1,25802112,0,84,0,0,25.802,384,[84 -64 4 0 0 0 0 0 0 0 0 0 -11 -17 -5 -20 -9 -24 -13 -23 -8 -20 -8 -21 -11 -21 -11 -25 -12 -22 -7 -21 -6 -27 -3 -25 -6 -25 -3 -25 -6 -23 -5 -24 -5 -22 -2 -26 -3 -18 -1 -25 -1 -20 -4 -22 -7 -25 -2 -20 -5 -24 -8 -27 0 2 -2 -20 -8 -20 -11 -20 -9 -23 -7 -24 -11 -27 -7 -24 -8 -19 -9 -26 -5 -23 -8 -26 -8 -18 -9 -21 -9 -25 -11 -19 -6 -21 -8 -26 -11 -24 -13 -22 -7 -25 -6 -18 -11 -23 -7 -20 -13 -24 -7 -17 -9 -25 -4 -4 0 0 0 0 0 0 0 0 ]
CSI_DATA,AP,68:FE:71:12:53:8C,-35,11,1,7,1,1,1,0,0,0,1,-95,0,6,1,25898662,0,84,0,0,25.899,384,[84 -64 4 0 0 0 0 0 0 0 0 0 4 -5 1 -6 0 1 0 -5 2 0 7 -4 7 -1 5 -1 5 -2 6 1 7 3 9 -3 7 2 7 4 5 2 3 3 2 -3 7 -2 5 -2 9 4 10 4 11 -1 6 2 10 2 4 3 9 5 0 2 4 -1 7 3 4 1 8 4 9 -2 9 6 7 2 14 -1 9 -2 6 -1 11 0 14 5 16 -1 15 7 16 6 15 6 9 0 13 -1 11 -1 9 2 15 7 10 6 15 -2 15 4 18 -1 13 6 -2 -2 0 0 0 0 0 0 0 0 ]
CSI_DATA,AP,68:FE:71:12:53:8C,-33,11,1,7,1,1,1,1,0,0,0,-96,4,6,1,25996374,0,84,0,0,25.996,384,[84 -64 4 0 0 0 0 0 0 0 0 0 0 21 -5 19 -3 23 1 24 0 19 -3 19 -1 17 -5 15 -5 22 -10 18 -6 22 -7 17 -8 24 -6 23 -11 20 -5 23 -10 17 -7 19 -10 20 -13 21 -10 15 -7 20 -9 14 -6 20 -14 20 -9 17 -3 -4 -8 19 -4 19 -11 16 -11 19 -10 18 -10 19 -12 22 -11 21 -6 22 -2 21 -8 19 -4 18 -4 22 0 22 -3 15 1 23 -6 24 -5 23 -7 19 2 18 -6 23 -5 20 -1 18 0 18 -4 22 4 18 3 0 0 0 0 0 0 0 0 0 ]
CSI_DATA,AP,68:FE:71:12:53:8C,-33,11,1,7,1,1,1,0,0,0,0,-96,0,6,1,26068254,0,84,0,0,26.068,384,[84 -64 4 0 0 0 0 0 0 0 0 0 -19 5 -16 0 -23 2 -24 -2 -18 3 -17 2 -20 3 -23 -4 -19 -3 -19 -4 -20 -2 -23 -4 -18 -3 -19 -1 -20 -5 -23 -7 -18 -4 -18 -6 -24 -10 -24 -9 -24 -8 -23 -4 -17 -9 -19 -6 -24 -6 -20 -4 1 2 -18 -7 -23 -9 -19 -2 -16 -8 -20 -7 -19 -6 -20 -3 -21 -1 -19 0 -23 -5 -23 1 -17 1 -20 1 -23 2 -21 1 -25 -2 -22 1 -19 -1 -21 0 -18 3 -20 -2 -18 -3 -18 -2 -24 3 -17 4 -19 2 -1 -4 0 0 0 0 0 0 0 0 ]
CSI_DATA,AP,68:FE:71:12:53:8C,-37,11,1,6,1,1,1,1,0,0,0,-93,4,6,1,26206888,0,84,0,0,26.207,384,[84 -64 4 0 0 0 0 0 0 0 0 0 -17 -3 -19 -7 -18 -4 -21 -1 -21 -5 -18 -9 -20 -5 -15 -7 -24 -11 -21 -11 -20 -7 -18 -4 -21 -12 -18 -4 -16 -6 -21 -13 -15 -4 -13 -6 -16 -9 -15 -9 -21 -11 -20 -12 -11 -5 -16 -9 -13 -8 -19 -10 3 0 -14 -5 -14 -6 -14 -4 -17 -2 -15 -1 -18 -4 -17 -3 -16 -5 -15 -6 -18 -2 -17 -2 -15 -5 -19 -2 -13 -2 -14 0 -19 -3 -20 -4 -18 -2 -18 -5 -20 -2 -18 -3 -20 4 -15 -1 -19 5 -17 3 -18 -1 4 -2 0 0 0 0 0 0 0 0 ]
CSI_DATA,AP,68:FE:71:12:53:8C,-36,11,1,6,1,1,1,0,0,0,0,-96,0,6,1,26288960,0,84,0,0,26.289,384,[82 -96 4 0 0 0 0 0 0 0 0 0 6 16 6 14 4 20 -2 13 -3 20 -3 15 3 18 -1 14 -2 19 2 19 2 21 2 14 -4 16 -3 14 2 14 -2 14 -6 18 1 14 -3 19 -1 14 1 18 2 13 -1 13 1 18 0 18 -3 16 0 0 -2 16 1 11 3 18 2 13 1 13 -1 14 -2 12 -2 14 -3 12 -1 13 -3 11 5 13 0 17 4 17 1 9 7 17 3 13 7 14 6 14 3 11 2 11 5 11 6 14 4 12 9 11 8 13 -1 1 0 0 0 0 0 0 0 0 ]
CSI_DATA,AP,68:FE:71:12:53:8C,-40,11,1,6,1,1,1,0,0,0,0,-93,0,6,1,26397033,0,84,0,0,26.397,384,[84 -64 4 0 0 0 0 0 0 0 0 0 5 -29 1 -34 4 -31 10 -28 4 -34 4 -30 10 -30 10 -30 8 -27 9 -24 11 -27 13 -29 15 -28 8 -23 13 -23 12 -21 16 -27 14 -21 9 -26 8 -20 7 -19 10 -28 9 -21 8 -26 14 -27 13 -23 -2 2 9 -17 11 -25 7 -24 10 -24 4 -19 3 -21 3 -27 4 -20 4 -21 4 -23 5 -18 5 -27 4 -21 4 -24 5 -28 4 -26 4 -25 3 -20 5 -20 0 -23 5 -22 1 -26 4 -27 2 -22 2 -28 1 -24 -2 -1 0 0 0 0 0 0 0 0 ]
CSI_DATA,AP,68:FE:71:12:53:8C,-35,11,1,6,1,1,1,0,0,0,0,-94,0,6,1,26503177,0,84,0,0,26.503,384,[84 -64 4 0 0 0 0 0 0 0 0 0 -5 -32 -3 -28 2 -26 3 -26 0 -30 0 -30 9 -28 4 -32 9 -23 9 -29 2 -24 4 -32 3 -25 4 -30 8 -30 3 -29 9 -24 3 -20 4 -21 11 -25 10 -19 5 -23 4 -18 10 -24 9 -28 7 -25 3 -2 6 -20 7 -20 2 -22 1 -21 3 -23 3 -22 4 -22 5 -24 4 -22 5 -19 6 -19 2 -20 -2 -19 -2 -27 2 -22 -1 -23 4 -19 -2 -23 5 -23 0 -21 3 -23 -4 -22 -2 -22 2 -26 -4 -23 -4 -22 -3 1 0 0 0 0 0 0 0 0 ]
CSI_DATA,AP,68:FE:71:12:53:8C,-39,11,1,5,1,1,1,0,0,0,0,-94,0,6,1,26591914,0,84,0,0,26.592,384,[37 80 2 0 0 0 0 0 0 0 0 0 26 12 19 20 27 13 26 14 23 17 24 22 21 21 19 17 21 16 20 25 24 21 20 22 16 18 19 21 20 20 18 22 17 22 16 20 19 21 18 24 12 16 13 16 14 16 20 16 18 23 15 19 -4 1 12 20 18 13 16 18 18 19 16 12 17 12 21 19 15 10 18 11 15 10 20 11 20 9 14 9 21 13 15 17 17 17 21 7 20 8 18 15 22 7 21 8 20 11 24 6 20 7 21 9 23 5 -3 2 0 0 0 0 0 0 0 0 ]
CSI_DATA,AP,68:FE:71:12:53:8C,-38,11,1,7,1,1,1,0,0,0,0,-95,0,6,1,26689101,0,84,0,0,26.689,384,[84 -64 4 0 0 0 0 0 0 0 0 0 -10 -20 -5 -17 -8 -20 -9 -19 -2 -22 -1 -23 -4 -18 2 -24 2 -20 0 -24 -1 -17 2 -23 0 -22 -1 -19 -5 -20 -1 -17 1 -17 -2 -15 -4 -20 -5 -15 -1 -19 3 -22 -1 -15 4 -18 -1 -16 -4 -14 -2 3 -2 -13 1 -17 -1 -19 -3 -16 -3 -20 1 -17 -5 -17 -6 -14 -4 -19 -8 -16 -1 -14 -6 -17 -1 -12 -6 -17 -5 -16 -8 -14 -9 -14 -4 -12 -7 -12 -10 -18 -9 -15 -5 -19 -5 -13 -6 -11 -8 -18 -8 -13 1 -2 0 0 0 0 0 0 0 0 ]
CSI_DATA,AP,68:FE:71:12:53:8C,-30,11,1,7,1,1,1,0,0,0,0,-96,0,6,1,26798145,0,84,0,0,26.798,384,[84 -64 4 0 0 0 0 0 0 0 0 0 33 8 32 13 40 13 34 16 37 14 33 14 31 18 33 15 30 16 34 20 31 16 31 24 33 17 28 18 31 18 28 25 27 21 26 23 24 21 25 16 28 20 25 19 27 17 31 16 27 21 29 15 2 0 29 22 23 15 24 21 27 17 26 16 30 17 27 14 25 19 24 17 26 12 28 9 24 12 27 17 30 15 23 15 26 8 27 9 26 11 25 6 31 4 32 8 27 8 29 9 35 10 27 6 30 4 -1 4 0 0 0 0 0 0 0 0 ]
CSI_DATA,AP,68:FE:71:12:53:8C,-37,11,0,0,0,0,0,0,0,0,0,-96,0,6,1,26905439,0,37,0,0,26.905,128,[84 -64 4 0 0 0 0 0 0 0 0 0 0 -20 0 -21 -3 -17 -3 -19 -1 -22 0 -22 6 -22 -1 -15 1 -21 2 -20 4 -21 3 -22 7 -17 4 -17 8 -16 4 -19 9 -15 7 -19 5 -18 4 -21 6 -16 5 -13 5 -15 6 -13 3 -16 3 -21 -4 -4 2 -14 3 -13 4 -20 3 -12 7 -20 7 -20 4 -13 1 -19 5 -19 4 -12 1 -18 -2 -17 -1 -12 1 -18 3 -17 -4 -17 -1 -15 3 -20 -3 -14 1 -14 3 -20 -2 -18 -7 -17 1 -16 -6 -12 -1 -14 2 3 0 0 0 0 0 0 0 0 ]
CSI_DATA,AP,68:FE:71:12:53:8C,-38,11,1,7,1,1,1,0,0,0,1,-96,0,6,1,27005264,0,84,0,0,27.005,384,[84 -64 4 0 0 0 0 0 0 0 0 0 -5 14 -12 14 -6 19 -13 18 -5 15 -6 15 -7 13 -15 13 -12 19 -9 19 -11 13 -15 17 -8 12 -13 14 -14 10 -9 11 -9 10 -14 15 -11 14 -13 12 -14 16 -10 9 -10 15 -14 10 -8 9 -6 16 1 2 -13 15 -13 17 -13 14 -11 14 -7 9 -6 11 -10 14 -9 13 -8 14 -8 12 -8 18 -9 16 -3 16 -3 11 -10 12 -2 11 -4 13 -3 13 -8 14 -6 11 -5 15 -4 13 -3 12 0 20 -5 12 -7 14 -4 -3 0 0 0 0 0 0 0 0 ]
CSI_DATA,AP,68:FE:71:12:53:8C,-37,11,1,6,1,1,1,0,0,0,0,-95,0,6,1,27100921,0,84,0,0,27.101,384,[84 -64 4 0 0 0 0 0 0 0 0 0 -10 39 -4 49 -26 39 -31 61 -14 50 -13 43 -28 46 -12 35 -18 55 -22 44 -41 51 -51 54 -43 51 -48 43 -34 48 -52 43 -54 25 -27 20 -36 37 -37 33 -35 43 -47 37 -28 34 -43 34 -52 38 -42 33 1 1 -53 35 -34 45 -47 46 -42 51 -36 33 -35 36 -43 44 -33 38 -35 44 -25 37 -29 54 -22 49 -13 45 -21 49 -34 41 -27 48 -34 47 -20 52 -28 44 -18 52 -20 43 -21 52 -16 57 -16 49 -18 50 -11 47 -3 -3 0 0 0 0 0 0 0 0 ]
CSI_DATA,AP,68:FE:71:12:53:8C,-36,11,1,7,1,1,1,0,0,0,0,-94,0,6,1,27189548,0,84,0,0,27.19,384,[84 -64 4 0 0 0 0 0 0 0 0 0 -6 -19 -8 -20 -10 -18 -2 -21 -3 -23 -8 -24 0 -22 -2 -18 -1 -18 -4 -23 1 -19 -4 -21 -3 -24 2 -23 -4 -23 2 -20 4 -15 -2 -17 4 -20 -3 -22 3 -15 -4 -20 -1 -15 -2 -18 -2 -18 -4 -19 4 -3 2 -14 -5 -21 0 -18 -5 -16 -1 -16 2 -18 -5 -20 -3 -20 -2 -20 -5 -15 -2 -19 -3 -16 0 -15 -8 -21 -7 -17 -5 -17 -5 -17 -3 -12 -1 -14 -5 -14 -9 -17 -4 -12 -4 -13 -5 -18 -7 -16 -4 -13 2 -2 0 0 0 0 0 0 0 0 ]
CSI_DATA,AP,68:FE:71:12:53:8C,-43,11,1,6,1,1,1,0,0,0,0,-93,0,6,1,27278903,0,84,0,0,27.279,384,[84 -64 4 0 0 0 0 0 0 0 0 0 -10 -16 -12 -18 -11 -17 -7 -22 -10 -24 -9 -14 -8 -22 -1 -21 -5 -23 -7 -23 -5 -24 -3 -18 -4 -17 -4 -20 2 -17 1 -15 1 -14 2 -17 -6 -17 -2 -14 -2 -17 -2 -17 -2 -14 -4 -16 -1 -20 -4 -17 4 0 -5 -19 -7 -16 -5 -19 -3 -14 -5 -15 -4 -16 -4 -12 -7 -17 -3 -20 -1 -19 -8 -14 -9 -12 -1 -15 -3 -16 -4 -19 -7 -15 -7 -18 -8 -19 -10 -15 -10 -19 -2 -15 -7 -17 -3 -11 -6 -16 -4 -12 -6 -10 -3 4 0 0 0 0 0 0 0 0 ]
CSI_DATA,AP,68:FE:71:12:53:8C,-34,11,1,6,1,1,1,0,0,0,1,-96,0,6,1,27399474,0,84,0,0,27.399,384,[84 -64 4 0 0 0 0 0 0 0 0 0 -13 14 -13 14 -12 17 -15 19 -8 18 -8 18 -12 13 -17 17 -14 18 -12 18 -15 10 -17 10 -15 16 -18 15 -19 11 -14 11 -18 13 -14 14 -16 16 -13 14 -9 10 -16 14 -11 12 -11 8 -15 8 -17 11 1 -3 -14 7 -15 7 -13 14 -15 10 -11 13 -12 9 -11 10 -8 10 -7 8 -11 10 -11 9 -7 13 -7 11 -12 13 -6 10 -10 15 -7 14 -7 16 -6 18 -8 15 -11 14 -4 18 -6 11 -11 12 -11 17 -7 18 3 -1 0 0 0 0 0 0 0 0 ]
CSI_DATA,AP,68:FE:71:12:53:8C,-35,11,1,6,1,1,1,0,0,0,0,-94,0,6,1,27466711,0,84,0,0,27.467,384,[84 -64 4 0 0 0 0 0 0 0 0 0 1 -18 -3 -16 1 -21 -1 -19 2 -22 3 -14 -3 -20 6 -21 4 -19 1 -22 -2 -15 0 -16 0 -19 0 -14 0 -15 7 -20 0 -20 4 -12 7 -17 5 -20 7 -13 4 -12 4 -15 3 -18 1 -19 2 -14 -2 1 0 -13 -1 -19 0 -17 0 -13 4 -13 1 -14 1 -18 -2 -14 3 -17 5 -10 2 -18 -1 -15 -4 -18 -5 -11 -1 -17 2 -19 -1 -16 1 -16 -3 -16 2 -12 -2 -17 -6 -16 -2 -18 -6 -13 -2 -16 -1 -16 -2 0 0 0 0 0 0 0 0 0 ]
CSI_DATA,AP,68:FE:71:12:53:8C,-33,11,1,7,1,1,1,1,0,0,0,-95,2,6,1,27570270,0,84,0,0,27.57,384,[84 -64 4 0 0 0 0 0 0 0 0 0 -14 20 -12 18 -11 18 -13 14 -16 15 -18 11 -10 15 -15 16 -13 9 -19 17 -15 12 -15 15 -18 14 -12 16 -18 10 -12 10 -16 13 -18 13 -14 13 -16 13 -16 11 -10 14 -15 8 -14 11 -18 10 -10 9 -1 1 -13 14 -15 9 -12 11 -11 9 -15 10 -9 10 -13 15 -13 11 -10 14 -11 11 -13 10 -10 12 -8 14 -12 14 -8 9 -10 11 -6 18 -5 12 -6 9 -12 14 -5 12 -9 12 -8 13 -4 19 -10 10 -10 14 1 -1 0 0 0 0 0 0 0 0 ]
CSI_DATA,AP,68:FE:71:12:53:8C,-31,11,1,7,1,1,1,0,0,0,0,-94,0,6,1,27641081,0,84,0,0,27.641,384,[84 -64 4 0 0 0 0 0 0 0 0 0 -15 -13 -18 -13 -19 -16 -17 -12 -11 -18 -16 -13 -17 -14 -16 -16 -15 -19 -9 -13 -11 -14 -15 -11 -9 -19 -9 -12 -8 -19 -11 -17 -10 -13 -14 -16 -12 -11 -12 -12 -7 -14 -6 -18 -12 -12 -10 -18 -8 -18 -11 -13 2 -4 -6 -16 -8 -10 -15 -16 -14 -13 -8 -16 -9 -10 -9 -10 -6 -11 -9 -11 -12 -15 -10 -14 -14 -13 -13 -10 -9 -14 -15 -13 -13 -7 -13 -9 -10 -5 -14 -5 -11 -7 -14 -9 -9 -7 -12 -8 -13 -12 -18 -11 -15 -9 0 -2 0 0 0 0 0 0 0 0 ]
CSI_DATA,AP,68:FE:71:12:53:8C,-36,11,1,7,1,1,1,0,0,0,0,-94,0,6,1,27731290,0,84,0,0,27.731,384,[84 -64 4 0 0 0 0 0 0 0 0 0 -15 -12 -15 -19 -12 -18 -10 -19 -11 -17 -11 -17 -16 -17 -9 -18 -12 -13 -14 -19 -9 -18 -15 -21 -15 -19 -13 -14 -11 -20 -8 -21 -7 -14 -10 -17 -8 -20 -9 -14 -8 -12 -13 -14 -7 -12 -9 -11 -12 -16 -14 -13 -3 -1 -10 -13 -11 -12 -13 -17 -10 -13 -10 -9 -15 -16 -15 -11 -12 -13 -12 -10 -15 -12 -15 -12 -10 -11 -11 -12 -15 -13 -17 -13 -17 -7 -9 -9 -16 -13 -16 -7 -13 -13 -17 -13 -14 -12 -12 -6 -17 -5 -17 -6 -11 -4 3 4 0 0 0 0 0 0 0 0 ]
CSI_DATA,AP,68:FE:71:12:53:8C,-37,11,1,6,1,1,1,0,0,0,0,-94,0,6,1,27826794,0,84,0,0,27.827,384,[84 -64 4 0 0 0 0 0 0 0 0 0 -3 18 -10 18 -6 18 -6 23 -5 15 -13 21 -10 16 -8 18 -15 14 -7 12 -11 18 -8 15 -12 11 -9 14 -11 12 -10 15 -12 14 -10 16 -13 10 -10 14 -9 12 -9 17 -10 8 -15 14 -12 9 -13 9 0 3 -7 15 -9 15 -9 18 -6 10 -13 8 -4 14 -8 9 -6 10 -4 13 -3 11 -10 15 -5 14 -7 16 -9 13 -8 13 -6 11 -7 10 -9 10 -1 16 -8 18 -9 13 -3 18 -3 14 -6 15 -5 11 -6 12 4 4 0 0 0 0 0 0 0 0 ]
CSI_DATA,AP,68:FE:71:12:53:8C,-33,11,1,6,1,1,1,0,0,0,0,-96,0,6,1,27927724,0,84,0,0,27.928,384,[84 -64 4 0 0 0 0 0 0 0 0 0 -22 2 -24 -6 -20 -2 -22 -1 -16 -6 -20 -3 -22 -10 -15 -8 -20 -8 -22 -1 -22 -6 -22 -8 -23 -8 -18 -3 -17 -3 -15 -11 -15 -11 -21 -7 -17 -4 -20 -7 -14 -9 -18 -8 -15 -7 -17 -7 -16 -7 -15 -1 3 0 -19 -4 -19 -7 -15 -5 -14 -3 -13 -7 -20 -7 -19 -1 -15 -2 -13 -2 -13 -1 -13 -3 -19 -1 -17 -3 -20 -2 -20 2 -16 -1 -13 -3 -16 -2 -12 -2 -18 3 -14 -1 -16 -1 -20 -1 -18 0 -12 7 -18 -1 -4 4 0 0 0 0 0 0 0 0 ]
CSI_DATA,AP,68:FE:71:12:53:8C,-35,11,1,7,1,1,1,0,0,0,0,-94,0,6,1,28042693,0,84,0,0,28.043,384,[84 -64 4 0 0 0 0 0 0 0 0 0 41 12 34 19 41 13 37 20 34 21 31 15 32 21 33 24 37 19 31 28 33 28 31 30 34 21 31 24 32 23 28 26 30 24 32 28 29 19 32 24 29 26 24 21 26 27 25 21 27 26 28 26 3 -4 21 18 28 24 27 20 25 17 23 18 26 16 27 21 26 22 30 19 32 17 33 18 31 18 26 19 28 14 28 17 30 10 31 15 27 10 27 14 27 14 31 15 27 10 28 8 35 15 30 11 30 14 0 -2 0 0 0 0 0 0 0 0 ]
CSI_DATA,AP,68:FE:71:12:53:8C,-39,11,1,6,1,1,1,0,0,0,0,-93,0,6,1,28127546,0,84,0,0,28.128,384,[84 -64 4 0 0 0 0 0 0 0 0 0 18 12 17 11 19 17 17 15 9 15 13 11 9 13 14 10 10 17 15 15 14 17 14 15 12 18 8 13 6 13 7 15 6 12 8 9 8 13 11 12 10 18 8 16 9 16 9 10 5 9 7 11 4 2 8 16 9 16 7 13 9 12 4 8 13 11 8 7 5 8 8 12 7 8 8 10 7 6 11 14 14 11 13 7 15 13 9 9 12 7 11 10 14 4 8 12 12 12 12 6 11 7 16 8 11 10 -1 -2 0 0 0 0 0 0 0 0 ]
CSI_DATA,AP,68:FE:71:12:53:8C,-32,11,0,0,0,0,0,0,0,0,0,-94,0,6,1,28216579,0,37,0,0,28.217,128,[84 -64 4 0 0 0 0 0 0 0 0 0 11 -15 14 -12 15 -13 16 -14 14 -16 12 -12 15 -16 15 -14 16 -16 16 -15 18 -14 18 -12 16 -14 18 -7 20 -14 13 -11 17 -13 16 -6 18 -11 14 -12 14 -8 18 -12 11 -6 16 -11 13 -12 15 -9 1 0 15 -9 17 -7 13 -10 9 -12 13 -11 15 -12 9 -14 10 -7 12 -11 15 -16 15 -12 9 -11 7 -15 14 -12 13 -8 6 -9 7 -16 9 -13 10 -12 12 -17 10 -9 10 -11 12 -18 10 -17 8 -13 11 -15 1 0 0 0 0 0 0 0 0 0 ]
CSI_DATA,AP,68:FE:71:12:53:8C,-32,11,1,6,1,1,1,0,0,0,0,-96,0,6,1,28356198,0,84,0,0,28.356,384,[84 -64 4 0 0 0 0 0 0 0 0 0 -19 9 -22 13 -25 5 -22 4 -22 5 -17 2 -22 3 -19 5 -21 6 -22 6 -23 0 -20 3 -24 1 -17 0 -17 -1 -20 6 -20 3 -18 5 -17 2 -14 0 -19 -3 -18 3 -14 -3 -16 5 -21 0 -14 -2 -4 -4 -20 0 -21 4 -18 4 -14 6 -13 4 -20 -1 -21 0 -20 6 -14 1 -17 7 -17 4 -15 3 -14 3 -19 8 -17 6 -20 7 -16 3 -14 10 -19 7 -12 6 -15 3 -17 11 -19 5 -11 11 -17 12 -18 11 4 2 0 0 0 0 0 0 0 0 ]
CSI_DATA,AP,68:FE:71:12:53:8C,-39,11,1,5,1,1,1,0,0,0,0,-95,0,6,1,28472123,0,84,0,0,28.472,384,[84 -64 4 0 0 0 0 0 0 0 0 0 24 -3 21 -5 19 -1 24 1 19 -5 24 2 23 2 17 5 20 5 23 6 24 -2 20 -3 23 4 19 -1 24 2 23 6 20 5 18 7 20 6 20 3 23 2 23 7 16 6 22 3 23 -1 15 3 3 -1 17 -2 19 3 18 3 18 4 14 2 18 -3 16 -1 20 -5 21 -4 14 0 21 -3 13 -6 18 0 13 0 21 -3 16 -1 14 -2 19 -2 13 -6 13 -2 17 0 13 -6 20 -6 13 -5 19 -3 16 -9 3 -3 0 0 0 0 0 0 0 0 ]
CSI_DATA,AP,68:FE:71:12:53:8C,-39,11,1,4,1,1,1,0,0,0,0,-95,0,6,1,28571110,0,84,0,0,28.571,384,[84 -64 4 0 0 0 0 0 0 0 0 0 -22 -2 -23 1 -24 -7 -22 0 -21 -6 -23 -7 -23 -10 -23 -9 -18 -9 -23 -2 -21 -5 -21 -11 -20 -5 -22 -5 -22 -10 -22 -9 -20 -6 -16 -9 -15 -9 -19 -11 -20 -8 -19 -13 -16 -8 -15 -4 -23 -10 -15 -5 -3 3 -18 -5 -16 -8 -20 -3 -14 -1 -20 -10 -21 -5 -20 -9 -19 -2 -16 -6 -14 1 -21 -4 -14 -3 -20 -2 -14 0 -15 1 -15 0 -17 -1 -13 -3 -14 -5 -21 -2 -19 -4 -16 -5 -16 2 -20 -3 -14 3 -21 -1 1 1 0 0 0 0 0 0 0 0 ]
CSI_DATA,AP,68:FE:71:12:53:8C,-38,11,1,6,1,1,1,1,0,0,0,-95,6,6,1,28673968,0,84,0,0,28.674,384,[84 -64 4 0 0 0 0 0 0 0 0 0 5 21 8 21 4 17 10 26 11 24 8 21 5 24 0 17 3 21 4 24 2 26 6 21 7 24 6 20 -1 22 2 23 -1 20 -1 16 4 21 -2 20 -1 15 1 20 2 21 3 16 -2 16 3 15 3 -1 1 19 1 22 7 20 3 20 8 21 5 22 6 13 5 15 2 11 2 13 8 20 3 17 8 20 5 17 4 11 5 17 6 13 12 11 4 17 12 14 5 19 5 12 6 17 5 19 6 10 12 10 2 -2 0 0 0 0 0 0 0 0 ]
CSI_DATA,AP,68:FE:71:12:53:8C,-31,11,1,7,1,1,1,0,0,0,0,-94,0,6,1,28801707,0,84,0,0,28.802,384,[84 -64 4 0 0 0 0 0 0 0 0 0 -12 21 -14 17 -12 17 -12 16 -12 22 -8 17 -13 14 -10 19 -9 16 -12 13 -14 13 -11 16 -15 17 -19 16 -13 17 -11 15 -17 10 -10 12 -10 17 -15 15 -10 16 -11 9 -17 15 -13 9 -17 17 -11 12 3 2 -15 13 -11 11 -9 15 -7 9 -15 12 -15 15 -8 9 -8 15 -9 16 -13 11 -7 14 -13 10 -11 13 -13 13 -6 16 -14 15 -13 15 -3 17 -6 11 -8 11 -6 12 -8 13 -7 18 -8 20 -8 18 -3 18 -4 0 0 0 0 0 0 0 0 0 ]
CSI_DATA,AP,68:FE:71:12:53:8C,-36,11,1,5,1,1,1,1,0,0,0,-94,4,6,1,28890147,0,84,0,0,28.89,384,[84 -64 4 0 0 0 0 0 0 0 0 0 -15 -17 -8 -21 -12 -19 -11 -23 -8 -23 -15 -17 -14 -19 -7 -23 -13 -18 -9 -15 -13 -21 -8 -24 -10 -22 -12 -23 -10 -21 -10 -16 -4 -18 -11 -17 -5 -16 -8 -17 -4 -22 -4 -19 -7 -14 -5 -15 -4 -21 -6 -19 -3 -1 -11 -17 -6 -20 -5 -13 -8 -20 -5 -15 -11 -17 -9 -19 -9 -19 -11 -12 -12 -18 -14 -15 -7 -16 -14 -11 -13 -10 -12 -16 -13 -13 -12 -16 -15 -14 -12 -11 -13 -13 -8 -13 -12 -10 -16 -16 -13 -14 -12 -13 -12 -8 -1 4 0 0 0 0 0 0 0 0 ]
CSI_DATA,AP,68:FE:71:12:53:8C,-35,11,1,5,1,1,1,1,0,0,0,-94,2,6,1,28962202,0,84,0,0,28.962,384,[84 -64 4 0 0 0 0 0 0 0 0 0 -5 24 -4 17 -5 25 -9 19 -8 20 -10 22 -11 23 -13 18 -10 16 -14 13 -12 21 -11 21 -15 17 -11 15 -15 16 -9 21 -10 16 -10 18 -12 15 -11 16 -15 13 -8 17 -11 13 -14 15 -14 15 -10 14 1 -4 -10 11 -10 19 -7 15 -6 15 -6 12 -7 13 -10 11 -12 13 -10 11 -6 13 -8 14 -5 12 -6 17 -5 16 -4 12 -2 15 -9 22 -3 21 -1 16 -6 13 -1 19 -2 15 -3 16 -5 22 -3 21 -3 21 2 1 0 0 0 0 0 0 0 0 ]
CSI_DATA,AP,68:FE:71:12:53:8C,-30,11,1,7,1,1,1,0,0,0,0,-93,0,6,1,29066494,0,84,0,0,29.066,384,[84 -64 4 0 0 0 0 0 0 0 0 0 -10 -14 -9 -18 -14 -17 -15 -21 -10 -15 -11 -20 -9 -15 -10 -20 -4 -19 -6 -22 -5 -20 -9 -17 -7 -18 -11 -20 -9 -20 -10 -23 -3 -16 -5 -14 -4 -22 -8 -18 -8 -20 -10 -21 -4 -16 -8 -16 -10 -16 -6 -14 1 -2 -5 -15 -11 -13 -7 -16 -9 -18 -2 -18 -9 -16 -11 -13 -5 -15 -12 -14 -10 -15 -6 -16 -10 -14 -6 -16 -7 -14 -14 -15 -14 -12 -10 -16 -10 -11 -8 -13 -13 -15 -12 -13 -9 -15 -11 -11 -13 -13 -8 -16 -15 -13 0 3 0 0 0 0 0 0 0 0 ]
CSI_DATA,AP,68:FE:71:12:53:8C,-37,11,1,6,1,1,1,0,0,0,0,-95,0,6,1,29160313,0,84,0,0,29.16,384,[84 -64 4 0 0 0 0 0 0 0 0 0 15 7 18 11 19 5 19 5 14 5 16 10 20 11 15 15 18 15 12 5 20 6 18 9 12 7 12 11 12 11 10 7 14 15 8 5 18 14 11 12 10 9 9 13 9 9 12 7 13 7 11 10 3 -1 10 5 12 8 16 5 11 7 10 9 12 11 16 11 11 9 11 4 11 6 16 3 18 1 15 1 17 8 12 1 18 2 12 6 13 1 12 7 12 3 16 5 18 3 13 0 19 5 20 0 19 4 1 2 0 0 0 0 0 0 0 0 ]
CSI_DATA,AP,68:FE:71:12:53:8C,-34,11,1,6,1,1,1,0,0,0,0,-94,0,6,1,29240145,0,84,0,0,29.24,384,[84 -64 4 0 0 0 0 0 0 0 0 0 11 15 7 15 7 14 6 18 12 19 3 16 7 14 2 18 9 22 2 17 5 22 6 21 7 17 3 21 2 16 8 23 7 13 6 13 4 13 3 16 1 21 6 19 6 18 6 21 3 20 2 14 -2 1 3 11 2 20 1 13 10 17 8 17 4 16 5 14 5 15 4 14 10 13 11 12 9 12 5 17 3 13 4 13 10 16 12 12 8 14 7 10 9 13 10 13 5 12 13 18 10 11 10 14 10 10 -1 0 0 0 0 0 0 0 0 0 ]
CSI_DATA,AP,68:FE:71:12:53:8C,-36,11,1,6,1,1,1,0,0,0,0,-94,0,6,1,29341044,0,84,0,0,29.341,384,[84 -64 4 0 0 0 0 0 0 0 0 0 -16 -13 -13 -17 -15 -12 -13 -13 -18 -17 -11 -19 -8 -17 -12 -15 -7 -16 -11 -18 -12 -19 -10 -18 -8 -23 -9 -20 -14 -14 -14 -23 -7 -14 -7 -16 -7 -18 -5 -14 -9 -12 -9 -21 -5 -12 -5 -18 -11 -13 -12 -20 1 -1 -12 -16 -9 -14 -14 -11 -10 -10 -13 -17 -14 -12 -12 -12 -8 -12 -15 -13 -8 -11 -12 -11 -13 -9 -16 -15 -15 -11 -11 -13 -10 -9 -11 -15 -16 -10 -18 -13 -13 -14 -11 -12 -16 -10 -11 -11 -16 -9 -13 -9 -19 -6 0 -4 0 0 0 0 0 0 0 0 ]
CSI_DATA,AP,68:FE:71:12:53:8C,-35,11,1,6,1,1,1,0,0,0,0,-94,0,6,1,29461361,0,84,0,0,29.461,384,[84 -64 4 0 0 0 0 0 0 0 0 0 -22 -12 -19 -7 -19 -12 -24 -7 -23 -14 -15 -13 -13 -11 -15 -11 -18 -11 -19 -17 -17 -18 -17 -14 -16 -15 -17 -14 -10 -13 -16 -12 -18 -10 -16 -18 -17 -11 -15 -17 -14 -16 -17 -15 -13 -16 -11 -15 -16 -16 -14 -9 -3 4 -9 -11 -13 -14 -13 -13 -11 -9 -14 -13 -13 -12 -10 -11 -17 -11 -14 -9 -10 -12 -20 -12 -17 -8 -15 -13 -11 -11 -12 -13 -20 -6 -15 -8 -18 -10 -19 -8 -15 -6 -17 -9 -17 -10 -15 -10 -13 -6 -18 -4 -17 -10 -2 -4 0 0 0 0 0 0 0 0 ]
CSI_DATA,AP,68:FE:71:12:53:8C,-32,11,1,7,1,1,1,0,0,0,0,-94,0,6,1,29566731,0,84,0,0,29.567,384,[84 -64 4 0 0 0 0 0 0 0 0 0 15 15 14 14 15 19 16 13 10 14 10 16 13 12 6 15 8 21 12 16 8 21 10 17 9 15 7 15 10 19 9 19 12 20 6 12 9 19 6 14 10 19 10 12 2 19 4 15 7 16 4 18 4 1 5 12 4 18 11 11 8 12 4 17 6 18 11 15 6 9 11 11 8 9 10 9 10 9 9 13 8 8 6 9 14 15 10 12 15 11 10 11 15 12 16 10 7 11 14 10 15 9 15 9 9 13 -3 1 0 0 0 0 0 0 0 0 ]
CSI_DATA,AP,68:FE:71:12:53:8C,-36,11,0,0,0,0,0,0,0,0,0,-93,0,6,1,29668436,0,37,0,0,29.668,128,[84 -64 4 0 0 0 0 0 0 0 0 0 -9 17 -12 12 -13 13 -15 18 -16 14 -15 13 -12 10 -17 8 -21 8 -12 12 -14 12 -21 8 -18 8 -17 15 -18 9 -20 12 -16 9 -16 13 -20 12 -16 9 -15 5 -17 10 -16 9 -13 12 -18 13 -13 13 0 -1 -18 12 -12 11 -15 15 -15 12 -10 10 -9 6 -16 8 -9 14 -8 13 -8 10 -8 9 -12 13 -16 16 -12 13 -15 10 -11 14 -13 12 -9 17 -13 16 -12 13 -14 11 -11 14 -9 12 -11 14 -6 17 -5 10 -4 1 0 0 0 0 0 0 0 0 ]
CSI_DATA,AP,68:FE:71:12:53:8C,-37,11,1,5,1,1,1,0,0,0,0,-95,0,6,1,29758114,0,84,0,0,29.758,384,[84 -64 4 0 0 0 0 0 0 0 0 0 3 -19 4 -17 8 -24 4 -21 10 -23 12 -16 8 -16 7 -19 11 -20 12 -19 12 -17 11 -22 10 -17 14 -17 7 -15 11 -14 11 -12 13 -11 14 -11 15 -12 13 -16 12 -16 13 -15 7 -16 14 -13 10 -13 -4 4 10 -12 9 -12 12 -14 5 -15 8 -10 8 -19 7 -16 5 -17 7 -11 6 -11 10 -15 7 -17 5 -17 4 -17 3 -17 3 -17 3 -18 3 -19 7 -20 2 -18 3 -16 4 -16 0 -21 1 -20 1 -19 3 -18 0 4 0 0 0 0 0 0 0 0 ]
CSI_DATA,AP,68:FE:71:12:53:8C,-30,11,1,7,1,1,1,0,0,0,0,-94,0,6,1,29861585,0,84,0,0,29.862,384,[84 -64 4 0 0 0 0 0 0 0 0 0 -19 12 -14 15 -18 14 -19 8 -23 9 -17 4 -19 4 -18 7 -18 10 -19 8 -20 6 -19 11 -19 10 -15 8 -18 5 -21 6 -14 5 -19 6 -17 3 -14 7 -15 4 -13 5 -15 2 -20 1 -15 3 -19 8 4 -3 -17 8 -15 11 -16 4 -15 3 -13 8 -14 7 -18 8 -15 10 -15 4 -13 10 -19 10 -13 8 -17 5 -14 11 -15 6 -18 12 -15 7 -12 6 -11 6 -15 11 -15 8 -12 9 -12 9 -13 9 -16 11 -15 10 1 -4 0 0 0 0 0 0 0 0 ]
CSI_DATA,AP,68:FE:71:12:53:8C,-36,11,1,6,1,1,1,1,0,0,0,-95,2,6,1,29954006,0,84,0,0,29.954,384,[84 -64 4 0 0 0 0 0 0 0 0 0 -20 13 -15 14 -21 15 -21 9 -19 14 -22 10 -16 12 -18 11 -19 5 -23 10 -21 7 -18 7 -16 12 -15 5 -20 7 -23 4 -14 11 -15 8 -19 11 -18 6 -20 5 -20 3 -14 6 -16 6 -18 6 -17 6 -1 -2 -14 5 -15 10 -11 5 -15 6 -17 12 -16 13 -17 5 -13 4 -14 6 -16 8 -11 11 -13 7 -12 9 -11 9 -15 12 -16 9 -10 12 -11 12 -10 13 -9 9 -16 14 -12 12 -15 9 -9 18 -10 12 -8 17 4 -2 0 0 0 0 0 0 0 0 ]
CSI_DATA,AP,68:FE:71:12:53:8C,-34,11,1,6,1,1,1,1,0,0,0,-96,1,6,1,30060406,0,84,0,0,30.06,384,[84 -64 4 0 0 0 0 0 0 0 0 0 -21 -8 -16 -13 -19 -11 -22 -7 -14 -10 -14 -11 -14 -8 -19 -17 -12 -10 -17 -16 -17 -15 -13 -14 -16 -13 -12 -18 -15 -9 -19 -14 -11 -17 -10 -11 -18 -10 -14 -17 -10 -11 -17 -14 -10 -9 -16 -13 -10 -15 -18 -15 3 -1 -11 -15 -11 -14 -15 -13 -17 -6 -16 -14 -15 -11 -16 -6 -11 -7 -11 -13 -13 -9 -13 -13 -14 -6 -19 -12 -14 -10 -18 -6 -13 -7 -20 -11 -18 -7 -17 -5 -13 -5 -13 -3 -14 -4 -17 -9 -20 -4 -12 -7 -15 -7 -4 1 0 0 0 0 0 0 0 0 ]
CSI_DATA,AP,68:FE:71:12:53:8C,-40,11,1,6,1,1,1,1,0,0,0,-94,3,6,1,30130979,0,84,0,0,30.131,384,[84 -64 4 0 0 0 0 0 0 0 0 0 -15 -9 -18 -13 -16 -10 -14 -18 -19 -15 -9 -17 -17 -18 -10 -19 -16 -14 -15 -18 -11 -20 -12 -19 -10 -18 -8 -17 -13 -11 -7 -15 -8 -14 -12 -18 -7 -12 -9 -13 -5 -14 -11 -17 -12 -13 -8 -14 -14 -16 -14 -17 0 -4 -6 -16 -14 -10 -13 -11 -9 -12 -10 -8 -7 -13 -15 -16 -11 -15 -13 -9 -13 -9 -16 -7 -14 -14 -12 -7 -15 -13 -13 -6 -14 -9 -17 -14 -15 -8 -18 -11 -17 -11 -10 -8 -15 -8 -10 -7 -15 -12 -16 -12 -12 -5 -2 1 0 0 0 0 0 0 0 0 ]
CSI_DATA,AP,68:FE:71:12:53:8C,-36,11,1,6,1,1,1,0,0,0,0,-94,0,6,1,30271104,0,84,0,0,30.271,384,[84 -64 4 0 0 0 0 0 0 0 0 0 18 4 16 4 20 0 15 7 18 7 14 6 19 11 12 8 14 5 19 11 15 6 12 9 19 5 19 10 13 6 18 13 14 11 14 10 16 13 17 10 16 5 14 12 11 8 17 13 9 11 10 4 3 2 10 6 12 9 18 5 9 8 13 10 16 6 15 9 15 3 11 9 16 7 18 4 18 4 13 8 17 2 12 1 16 6 16 6 11 7 16 0 17 5 18 7 16 6 10 1 12 -3 17 3 12 3 -4 -1 0 0 0 0 0 0 0 0 ]
CSI_DATA,AP,68:FE:71:12:53:8C,-37,11,1,6,1,1,1,0,0,0,0,-95,0,6,1,30361731,0,84,0,0,30.362,384,[84 -64 4 0 0 0 0 0 0 0 0 0 -19 9 -22 6 -20 9 -16 8 -20 3 -16 2 -20 6 -19 5 -18 1 -22 3 -21 6 -20 1 -21 6 -21 1 -19 2 -17 2 -16 -3 -15 1 -16 0 -21 1 -13 3 -18 0 -13 4 -21 5 -21 0 -17 4 1 3 -11 -1 -12 2 -19 6 -16 6 -13 3 -11 0 -16 2 -13 4 -19 2 -16 6 -17 7 -17 4 -17 7 -16 7 -10 7 -13 9 -17 10 -10 3 -14 8 -9 10 -15 8 -16 10 -11 5 -10 12 -14 6 -11 9 -4 1 0 0 0 0 0 0 0 0 ]
CSI_DATA,AP,68:FE:71:12:53:8C,-39,11,1,4,1,1,1,0,0,0,0,-95,0,6,1,30452264,0,84,0,0,30.452,384,[84 -64 4 0 0 0 0 0 0 0 0 0 11 18 3 20 12 12 10 21 3 21 7 18 9 21 4 12 2 14 2 18 2 13 1 18 2 18 1 14 -1 17 5 15 7 15 6 11 7 17 0 19 0 12 2 11 5 11 4 11 7 18 4 11 4 -3 3 11 3 11 9 13 6 13 8 14 9 13 1 15 7 16 9 11 9 9 10 16 10 13 8 9 11 13 9 16 11 9 4 15 12 11 4 11 7 11 12 8 9 14 11 11 9 15 10 14 7 9 3 4 0 0 0 0 0 0 0 0 ]
CSI_DATA,AP,68:FE:71:12:53:8C,-41,11,1,5,1,1,1,0,0,0,0,-94,0,6,1,30552701,0,84,0,0,30.553,384,[84 -64 4 0 0 0 0 0 0 0 0 0 8 -21 4 -25 5 -23 5 -26 7 -24 6 -25 9 -20 9 -19 11 -19 14 -19 14 -24 11 -23 10 -21 15 -15 8 -16 8 -15 8 -16 8 -21 12 -20 6 -13 14 -20 12 -13 11 -19 8 -18 13 -19 5 -17 0 4 5 -16 6 -15 8 -16 4 -14 8 -16 8 -15 5 -14 8 -17 2 -15 0 -16 2 -16 3 -21 3 -15 1 -13 6 -18 2 -16 8 -20 5 -21 3 -15 2 -18 5 -19 2 -14 1 -19 -3 -21 5 -21 1 -16 1 4 0 0 0 0 0 0 0 0 ]
CSI_DATA,AP,68:FE:71:12:53:8C,-36,11,1,6,1,1,1,0,0,0,0,-94,0,6,1,30657712,0,84,0,0,30.658,384,[84 -64 4 0 0 0 0 0 0 0 0 0 6 -10 4 -13 7 -11 5 -7 9 -10 9 -4 4 -5 10 -9 6 -11 12 -8 5 -8 12 -4 6 -10 8 -6 7 -8 12 -10 11 -8 4 -3 12 -10 4 -4 7 -10 10 -2 5 -6 12 -10 8 -3 9 -2 2 -2 9 -7 5 -7 9 -3 3 -4 6 -3 6 -5 6 -5 10 -11 6 -6 4 -10 1 -6 10 -7 9 -7 8 -11 7 -5 8 -6 1 -5 8 -5 2 -4 3 -7 6 -5 3 -6 4 -7 5 -13 2 -7 2 -10 -1 1 0 0 0 0 0 0 0 0 ]
CSI_DATA,AP,68:FE:71:12:53:8C,-37,11,1,5,1,1,1,1,0,0,0,-95,5,6,1,30761460,0,84,0,0,30.761,384,[84 -64 4 0 0 0 0 0 0 0 0 0 -6 10 -8 10 -9 16 -11 12 -7 14 -4 14 -6 8 -10 11 -12 14 -11 8 -11 11 -5 11 -11 12 -12 8 -9 8 -5 14 -13 14 -5 12 -10 6 -5 13 -7 6 -7 8 -10 9 -9 12 -5 6 -12 8 1 3 -4 11 -6 8 -3 9 -7 12 -10 9 -10 6 -3 11 -5 12 -8 8 -3 13 -1 14 -8 7 -2 7 -9 9 -5 10 -3 7 -7 13 -6 12 -1 6 -4 10 -3 14 -3 13 -4 14 -6 10 -3 9 -7 14 -4 3 0 0 0 0 0 0 0 0 ]
CSI_DATA,AP,68:FE:71:12:53:8C,-34,11,1,7,1,1,1,0,0,0,0,-94,0,6,1,30861105,0,84,0,0,30.861,384,[84 -64 4 0 0 0 0 0 0 0 0 0 -15 -11 -17 -8 -15 -7 -16 -13 -15 -12 -10 -13 -14 -6 -8 -13 -9 -12 -14 -16 -8 -11 -16 -11 -6 -13 -10 -10 -7 -10 -16 -11 -12 -13 -8 -9 -9 -15 -8 -12 -7 -11 -13 -9 -6 -8 -7 -10 -12 -12 -8 -10 -4 1 -11 -13 -15 -13 -7 -7 -8 -8 -9 -8 -11 -12 -11 -6 -9 -8 -7 -11 -14 -12 -14 -12 -10 -11 -13 -5 -13 -11 -10 -9 -10 -7 -16 -12 -13 -9 -16 -6 -16 -5 -9 -5 -10 -9 -16 -4 -18 -11 -15 -11 -17 -6 -4 2 0 0 0 0 0 0 0 0 ]
CSI_DATA,AP,68:FE:71:12:53:8C,-36,11,1,7,1,1,1,0,0,0,0,-93,0,6,1,30975824,0,84,0,0,30.976,384,[84 -64 4 0 0 0 0 0 0 0 0 0 -13 14 -7 21 -8 20 -13 18 -13 12 -16 16 -16 16 -11 17 -15 13 -15 13 -12 19 -16 16 -17 12 -13 16 -12 9 -16 10 -12 10 -16 8 -11 14 -17 14 -16 9 -18 7 -17 15 -11 14 -17 14 -11 8 4 1 -17 11 -13 10 -11 12 -7 16 -12 10 -8 10 -12 15 -9 9 -8 12 -11 12 -8 15 -8 15 -6 17 -11 13 -6 17 -10 16 -8 10 -9 12 -4 15 -8 11 -5 10 -6 13 -7 17 -6 14 -4 11 -9 11 3 -1 0 0 0 0 0 0 0 0 ]
CSI_DATA,AP,68:FE:71:12:53:8C,-33,11,1,6,1,1,1,0,0,0,0,-93,0,6,1,31087157,0,84,0,0,31.087,384,[84 -64 4 0 0 0 0 0 0 0 0 0 -5 15 1 17 -7 19 -4 20 -6 18 -3 16 -4 17 -2 12 -6 18 -4 16 -7 17 -9 13 -9 13 -5 16 -10 12 -11 15 -3 14 -9 12 -5 10 -10 7 -9 11 -7 14 -3 7 -1 12 -7 8 -1 12 1 0 -1 12 -5 8 1 14 2 9 0 9 -5 6 -1 6 0 13 -3 8 -3 13 -3 14 2 12 -2 12 -2 10 -3 12 4 15 5 15 0 6 -1 7 5 13 1 12 0 14 -1 16 2 14 -1 8 6 9 4 1 0 0 0 0 0 0 0 0 ]
CSI_DATA,AP,68:FE:71:12:53:8C,-32,11,1,7,1,1,1,0,0,0,0,-94,0,6,1,31206073,0,84,0,0,31.206,384,[84 -64 4 0 0 0 0 0 0 0 0 0 17 14 11 17 14 14 17 12 10 14 14 14 8 11 6 16 13 17 10 18 12 17 8 18 8 11 4 16 9 16 5 10 4 11 4 9 6 15 9 9 7 13 8 11 3 8 9 7 12 6 11 6 2 -4 4 6 10 4 10 6 6 10 7 5 6 4 12 11 9 7 12 4 6 3 6 1 11 8 11 6 13 5 11 5 14 6 8 1 8 -1 14 4 13 7 11 8 15 8 13 1 9 0 10 1 15 0 -2 -2 0 0 0 0 0 0 0 0 ]
CSI_DATA,AP,68:FE:71:12:53:8C,-31,11,1,6,1,1,1,1,0,0,0,-93,4,6,1,31336813,0,84,0,0,31.337,384,[84 -64 4 0 0 0 0 0 0 0 0 0 0 31 -6 30 -7 31 -6 26 -4 24 -10 19 -11 26 -7 18 -9 23 -12 18 -12 18 -7 20 -6 18 -12 17 -8 14 -6 13 -9 17 -5 13 -9 14 -6 17 -3 14 -2 16 -2 12 -6 13 -1 10 -7 14 1 1 -7 15 -3 14 -5 13 -5 15 -1 11 -1 13 0 16 -4 16 2 16 -1 9 3 15 2 15 2 13 4 8 4 10 3 12 6 14 2 10 1 15 5 12 8 14 7 15 9 12 4 15 5 10 4 13 4 0 0 0 0 0 0 0 0 0 ]
CSI_DATA,AP,68:FE:71:12:53:8C,-36,11,1,6,1,1,1,0,0,0,0,-94,0,6,1,31443215,0,84,0,0,31.443,384,[84 -64 4 0 0 0 0 0 0 0 0 0 -13 -21 -8 -25 -17 -23 -8 -20 -8 -23 -12 -23 -7 -22 -5 -17 -10 -22 -3 -21 -9 -17 -5 -21 -8 -22 -6 -20 -7 -16 -6 -22 -2 -18 -4 -14 -6 -12 -8 -10 -6 -18 -8 -15 -9 -12 -6 -15 -4 -16 -6 -8 4 4 -3 -12 -7 -9 -3 -14 -7 -7 -11 -9 -5 -12 -6 -7 -11 -10 -8 -6 -5 -7 -13 -3 -12 -3 -4 -7 -9 -1 -12 -2 -8 -9 -5 -5 -11 -1 -14 1 -12 -1 -10 -4 -10 -5 -5 -6 -13 -1 -11 2 -12 -3 4 -1 0 0 0 0 0 0 0 0 ]
CSI_DATA,AP,68:FE:71:12:53:8C,-36,11,1,7,1,1,1,0,0,0,0,-95,0,6,1,31548300,0,84,0,0,31.548,384,[84 -64 4 0 0 0 0 0 0 0 0 0 18 8 15 14 21 8 16 16 14 13 13 9 16 13 10 16 17 15 11 16 14 10 13 17 16 16 17 10 13 11 17 17 11 9 9 15 7 14 14 11 14 15 9 14 13 12 12 13 10 14 8 10 2 3 13 8 12 7 11 12 10 5 15 7 11 9 10 13 13 9 12 8 17 7 11 7 9 8 10 10 10 10 10 9 11 4 17 7 13 4 11 4 13 1 9 7 11 4 14 2 11 3 13 3 14 1 -1 -1 0 0 0 0 0 0 0 0 ]
CSI_DATA,AP,68:FE:71:12:53:8C,-36,11,1,6,1,1,1,0,0,0,0,-93,0,6,1,31667807,0,84,0,0,31.668,384,[84 -64 4 0 0 0 0 0 0 0 0 0 15 -16 14 -11 18 -16 12 -8 14 -15 14 -8 18 -11 20 -11 19 -5 13 -8 16 -8 19 -13 18 -6 23 -12 19 -9 16 -12 18 -12 21 -4 17 -8 23 -6 16 -10 19 -5 15 -8 15 -7 19 -9 19 -10 1 -3 18 -12 20 -4 17 -4 21 -6 19 -12 14 -13 16 -4 20 -7 14 -9 21 -15 18 -8 19 -7 21 -14 13 -15 21 -13 17 -12 22 -12 13 -16 16 -11 16 -16 15 -11 19 -6 19 -9 15 -11 15 -15 14 -8 2 -3 0 0 0 0 0 0 0 0 ]
CSI_DATA,AP,68:FE:71:12:53:8C,-35,11,1,7,1,1,1,1,0,0,1,-96,1,6,1,31766014,0,84,0,0,31.766,384,[84 -64 4 0 0 0 0 0 0 0 0 0 3 14 4 16 1 16 4 24 4 18 5 17 -4 21 -2 19 3 20 -2 16 3 23 4 22 0 23 -2 16 -2 15 -6 15 0 13 -1 12 0 16 1 12 -5 19 -4 15 2 13 0 12 -6 17 0 14 2 1 -4 13 -4 18 -2 16 -2 16 -5 18 1 13 4 18 0 17 1 14 0 17 5 13 -1 11 1 11 3 16 -2 17 -1 14 -1 11 6 17 4 9 4 13 7 10 6 15 8 16 6 11 7 13 7 10 3 1 0 0 0 0 0 0 0 0 ]
CSI_DATA,AP,68:FE:71:12:53:8C,-39,11,1,6,1,1,1,0,0,0,0,-95,0,6,1,31865903,0,84,0,0,31.866,384,[84 -64 4 0 0 0 0 0 0 0 0 0 1 16 -3 21 -6 23 -7 21 -2 14 -9 20 -2 21 -2 13 -7 16 -2 15 -6 21 -7 17 -2 16 -2 21 -8 17 -7 14 -4 13 -8 18 -10 14 -6 11 -8 13 -12 18 -7 12 -6 17 -7 13 -10 10 -4 -2 -7 16 -2 18 -11 18 -8 11 -10 13 -8 18 -2 16 -4 16 -8 9 -5 8 -4 13 -1 10 -1 11 -4 12 -4 8 -2 9 -2 10 -1 11 -7 10 -2 13 1 15 -4 14 -5 15 2 8 1 15 1 13 0 2 0 0 0 0 0 0 0 0 ]
CSI_DATA,AP,68:FE:71:12:53:8C,-35,11,1,5,1,1,1,1,0,0,1,-95,1,6,1,31989110,0,84,0,0,31.989,384,[84 -64 4 0 0 0 0 0 0 0 0 0 11 -17 8 -16 11 -19 13 -24 15 -20 17 -16 13 -19 12 -22 19 -17 18 -23 13 -23 16 -17 19 -17 14 -16 15 -15 22 -17 16 -20 18 -15 22 -18 21 -21 19 -13 18 -15 16 -17 22 -13 23 -16 19 -13 -4 1 17 -17 15 -21 17 -20 14 -21 18 -12 21 -17 19 -17 19 -15 19 -17 10 -19 15 -23 10 -15 15 -20 9 -21 9 -22 13 -17 12 -15 7 -22 8 -15 7 -20 11 -18 7 -18 11 -25 13 -23 13 -25 13 -20 4 -2 0 0 0 0 0 0 0 0 ]
CSI_DATA,AP,68:FE:71:12:53:8C,-37,11,1,5,1,1,1,0,0,0,0,-95,0,6,1,32115192,0,84,0,0,32.115,384,[84 -64 4 0 0 0 0 0 0 0 0 0 10 -13 7 -12 5 -14 7 -6 11 -7 13 -12 12 -6 12 -9 13 -7 15 -9 7 -13 12 -12 14 -10 14 -6 16 -6 16 -9 8 -3 15 -6 8 -11 12 -3 10 -7 14 -6 14 -11 8 -9 11 -7 11 -11 0 1 8 -8 12 -10 16 -10 9 -13 6 -4 12 -8 12 -11 14 -5 8 -11 14 -10 8 -9 6 -4 8 -12 9 -7 8 -9 6 -12 13 -12 13 -9 13 -5 12 -13 10 -12 13 -8 10 -7 6 -12 11 -9 5 -13 1 4 0 0 0 0 0 0 0 0 ]
CSI_DATA,AP,68:FE:71:12:53:8C,-36,11,1,6,1,1,1,0,0,0,0,-94,0,6,1,32216407,0,84,0,0,32.216,384,[84 -64 4 0 0 0 0 0 0 0 0 0 0 -25 -4 -22 -3 -21 1 -26 4 -18 4 -22 -1 -24 6 -19 1 -18 3 -24 4 -23 4 -22 2 -19 4 -17 5 -20 6 -21 2 -16 7 -17 0 -15 7 -21 0 -21 2 -17 1 -13 3 -17 1 -18 5 -19 2 0 4 -12 1 -18 -1 -19 3 -22 5 -20 0 -18 5 -19 0 -14 2 -14 -3 -14 3 -15 -1 -13 -2 -17 -6 -14 -5 -12 1 -13 -4 -21 -4 -16 -2 -14 -1 -14 -5 -18 -1 -16 -5 -15 0 -14 -8 -18 -2 -13 -2 3 0 0 0 0 0 0 0 0 ]
CSI_DATA,AP,68:FE:71:12:53:8C,-37,11,0,0,0,0,0,0,0,0,0,-95,0,6,1,32310355,0,37,0,0,32.31,128,[37 80 2 0 0 0 0 0 0 0 0 0 -15 28 -18 27 -11 29 -13 30 -17 23 -17 24 -17 25 -18 26 -18 27 -16 26 -17 27 -22 27 -19 21 -20 23 -16 19 -20 21 -17 18 -14 23 -23 24 -19 20 -14 19 -21 17 -12 23 -20 21 -19 19 -17 21 0 -2 -13 18 -14 19 -17 18 -16 21 -13 22 -11 19 -13 24 -11 19 -13 22 -10 17 -12 20 -7 23 -14 24 -9 20 -11 21 -8 26 -14 21 -7 19 -13 24 -5 21 -13 20 -11 22 -12 27 -3 21 -7 26 -4 22 -1 2 0 0 0 0 0 0 0 0 ]
CSI_DATA,AP,68:FE:71:12:53:8C,-38,11,1,7,1,1,1,0,0,0,0,-95,0,6,1,32394864,0,84,0,0,32.395,384,[84 -64 4 0 0 0 0 0 0 0 0 0 -2 -19 -3 -15 1 -23 2 -17 0 -18 -2 -17 4 -19 1 -16 5 -20 2 -18 2 -18 4 -14 -2 -15 -1 -15 -1 -17 4 -15 3 -17 -1 -18 0 -18 -1 -19 4 -12 -3 -12 4 -12 -3 -15 -3 -15 -1 -17 4 -3 -1 -16 2 -13 2 -16 -4 -19 1 -19 1 -11 1 -14 -3 -16 -2 -14 -4 -13 1 -16 -6 -19 -6 -18 -7 -12 -2 -17 -4 -15 -8 -18 -8 -17 -5 -11 -9 -16 -8 -16 -2 -17 -4 -15 -10 -19 -9 -12 -6 -11 -4 -1 0 0 0 0 0 0 0 0 ]
CSI_DATA,AP,68:FE:71:12:53:8C,-38,11,1,5,1,1,1,0,0,0,0,-93,0,6,1,32489173,0,84,0,0,32.489,384,[84 -64 4 0 0 0 0 0 0 0 0 0 -16 19 -17 17 -12 19 -12 19 -17 18 -13 8 -18 15 -12 8 -13 9 -16 14 -16 11 -13 7 -12 15 -11 13 -12 13 -12 6 -17 8 -12 10 -19 9 -16 6 -15 12 -18 5 -11 13 -16 12 -17 12 -18 12 3 3 -15 10 -11 14 -11 5 -13 12 -13 9 -14 8 -12 10 -15 10 -9 6 -10 11 -7 9 -11 9 -12 11 -7 13 -8 10 -14 14 -11 10 -7 9 -8 13 -8 10 -8 14 -10 11 -11 16 -5 10 -4 9 -6 15 0 4 0 0 0 0 0 0 0 0 ]
CSI_DATA,AP,68:FE:71:12:53:8C,-35,11,1,6,1,1,1,0,0,0,0,-95,0,6,1,32595365,0,84,0,0,32.595,384,[84 -64 4 0 0 0 0 0 0 0 0 0 -10 -16 -10 -15 -10 -16 -6 -20 -4 -21 -5 -21 -3 -19 -5 -23 -2 -20 1 -14 1 -14 -2 -22 1 -19 -5 -16 3 -20 -5 -20 2 -20 0 -14 1 -18 2 -16 0 -16 2 -15 2 -19 -2 -17 -5 -19 -3 -14 -2 -1 -2 -11 0 -16 -6 -12 2 -17 -2 -15 0 -11 -5 -11 1 -16 -6 -15 -8 -14 -1 -18 -3 -13 -8 -15 -3 -17 -4 -18 -1 -19 -7 -13 -7 -10 -3 -12 -2 -15 -9 -17 -4 -18 -9 -14 -5 -10 -6 -10 -7 -13 4 3 0 0 0 0 0 0 0 0 ]
CSI_DATA,AP,68:FE:71:12:53:8C,-37,11,1,6,1,1,1,0,0,0,0,-96,0,6,1,32674159,0,84,0,0,32.674,384,[84 -64 4 0 0 0 0 0 0 0 0 0 25 -18 18 -25 24 -19 26 -18 21 -19 20 -18 28 -21 21 -20 25 -21 25 -19 27 -18 27 -12 26 -19 23 -13 24 -14 25 -16 23 -12 21 -14 18 -18 21 -10 19 -16 19 -14 22 -12 24 -11 25 -16 25 -12 0 3 23 -13 23 -16 23 -11 18 -18 19 -13 22 -15 16 -13 18 -17 19 -15 15 -17 20 -18 17 -20 19 -14 13 -13 16 -20 13 -19 14 -16 13 -20 18 -15 11 -23 15 -16 12 -20 15 -18 15 -19 12 -25 11 -21 4 3 0 0 0 0 0 0 0 0 ]
CSI_DATA,AP,68:FE:71:12:53:8C,-38,11,1,7,1,1,1,1,0,0,0,-93,1,6,1,32794438,0,84,0,0,32.794,384,[84 -64 4 0 0 0 0 0 0 0 0 0 5 43 4 45 10 39 8 43 4 41 -2 43 1 41 1 37 0 36 2 44 -3 40 2 44 -3 43 -7 36 -3 42 -8 40 -9 40 -2 35 -1 34 -8 35 -5 39 -6 39 -9 35 -5 32 -1 41 -6 33 -2 4 -2 35 -4 38 -3 38 4 36 0 32 -6 34 -4 32 -4 31 3 29 4 33 6 31 0 30 3 37 0 38 -1 34 5 30 4 37 8 28 9 30 7 34 5 35 4 34 6 32 12 30 5 29 12 29 -4 0 0 0 0 0 0 0 0 0 ]
CSI_DATA,AP,68:FE:71:12:53:8C,-32,11,1,7,1,1,1,0,0,0,0,-96,0,6,1,32890485,0,84,0,0,32.89,384,[84 -64 4 0 0 0 0 0 0 0 0 0 -7 29 -1 32 -4 30 -4 33 -8 33 -10 29 -11 29 -13 31 -6 29 -9 29 -15 25 -7 27 -14 24 -11 24 -16 27 -7 31 -9 27 -8 20 -16 22 -16 24 -7 27 -8 25 -15 25 -12 22 -9 27 -10 22 1 4 -8 23 -8 23 -6 23 -12 28 -4 27 -8 22 -7 23 -8 21 -3 21 -4 20 -3 28 -5 27 -5 27 -5 23 0 26 -7 23 1 23 -4 25 -3 20 -2 28 0 23 -2 26 3 23 -4 28 -4 20 3 23 0 3 0 0 0 0 0 0 0 0 ]
CSI_DATA,AP,68:FE:71:12:53:8C,-39,11,0,0,0,0,0,0,0,0,0,-93,0,6,1,32994396,0,37,0,0,32.994,128,[84 -64 4 0 0 0 0 0 0 0 0 0 17 11 19 5 18 10 14 6 17 12 19 9 12 8 14 16 19 17 14 11 15 11 17 10 14 12 12 15 12 11 18 18 16 12 11 13 10 9 14 17 16 11 12 10 11 13 11 8 11 10 13 8 4 -4 15 11 16 10 10 15 15 9 16 7 10 11 9 14 15 12 11 6 11 7 11 9 12 8 12 6 11 9 19 3 17 6 16 10 17 4 15 8 18 5 12 10 13 4 17 2 13 1 14 0 19 3 0 1 0 0 0 0 0 0 0 0 ]
CSI_DATA,AP,68:FE:71:12:53:8C,-40,11,1,4,1,1,1,0,0,0,0,-95,0,6,1,33088618,0,84,0,0,33.089,384,[84 -64 4 0 0 0 0 0 0 0 0 0 10 14 10 14 6 18 7 19 6 20 9 14 1 20 5 15 4 21 0 16 0 17 7 15 5 19 0 21 -2 14 -2 17 0 13 -1 20 4 15 4 13 6 18 3 16 0 11 4 17 5 18 3 14 2 3 5 13 4 14 3 16 0 11 0 11 0 17 1 12 6 17 6 9 5 12 3 14 7 9 6 10 6 11 4 14 3 15 8 10 7 10 8 11 4 9 3 11 12 12 6 13 11 10 6 11 10 14 -3 -4 0 0 0 0 0 0 0 0 ]
CSI_DATA,AP,68:FE:71:12:53:8C,-36,11,1,6,1,1,1,0,0,0,0,-95,0,6,1,33190147,0,84,0,0,33.19,384,[84 -64 4 0 0 0 0 0 0 0 0 0 -9 17 -16 14 -17 16 -15 10 -15 10 -19 10 -19 9 -18 12 -12 5 -18 10 -12 10 -12 6 -15 6 -11 9 -18 12 -16 11 -16 6 -15 5 -18 6 -14 6 -13 11 -18 10 -17 3 -17 10 -11 9 -16 5 -3 -1 -16 7 -14 5 -15 4 -9 4 -15 4 -15 12 -10 11 -8 9 -10 8 -11 6 -11 6 -13 12 -11 7 -12 6 -11 5 -9 10 -7 8 -8 15 -8 7 -12 14 -11 10 -9 15 -10 7 -13 11 -9 12 -9 11 2 -3 0 0 0 0 0 0 0 0 ]
CSI_DATA,AP,68:FE:71:12:53:8C,-35,11,1,7,1,1,1,0,0,0,0,-94,0,6,1,33278212,0,84,0,0,33.278,384,[84 -64 4 0 0 0 0 0 0 0 0 0 -16 -1 -19 -4 -18 2 -24 0 -24 -7 -20 -2 -24 -7 -19 -1 -21 -8 -16 -10 -15 -4 -16 -5 -21 -10 -18 -7 -14 -7 -18 -6 -17 -6 -18 -10 -15 -3 -18 -4 -20 -9 -20 -8 -15 -8 -12 -4 -20 -4 -12 -3 -1 3 -20 -3 -15 -2 -14 -4 -14 -2 -15 -1 -17 -3 -16 -3 -19 0 -18 -4 -14 0 -20 -1 -14 -7 -12 -7 -13 -3 -14 -2 -20 -1 -17 -3 -14 1 -19 -4 -16 1 -20 -3 -18 1 -19 -2 -14 4 -15 0 -20 -2 -3 4 0 0 0 0 0 0 0 0 ]
CSI_DATA,AP,68:FE:71:12:53:8C,-35,11,1,5,1,1,1,0,0,0,0,-96,0,6,1,33359368,0,84,0,0,33.359,384,[84 -64 4 0 0 0 0 0 0 0 0 0 2 10 2 8 8 9 7 8 2 12 5 5 3 11 1 10 2 13 5 12 1 5 -1 9 -2 4 -2 11 6 10 2 12 3 4 -3 5 -1 6 4 5 -2 10 0 4 1 8 -1 10 4 6 3 4 1 -3 5 10 5 11 -2 9 4 7 -1 9 1 5 5 6 3 5 1 6 1 9 5 7 -1 7 3 9 0 6 -1 7 7 6 2 4 5 9 7 4 8 6 4 4 0 6 1 3 2 6 4 3 5 4 1 -4 0 0 0 0 0 0 0 0 ]
CSI_DATA,AP,68:FE:71:12:53:8C,-38,11,1,7,1,1,1,0,0,0,0,-93,0,6,1,33469806,0,84,0,0,33.47,384,[84 -64 4 0 0 0 0 0 0 0 0 0 -34 -17 -31 -18 -36 -23 -36 -25 -29 -26 -28 -20 -32 -27 -27 -29 -24 -24 -33 -27 -23 -30 -28 -27 -29 -27 -24 -24 -24 -25 -26 -25 -20 -26 -20 -23 -24 -29 -20 -24 -25 -31 -19 -29 -23 -27 -28 -27 -20 -25 -22 -22 -3 2 -27 -21 -30 -26 -27 -21 -29 -21 -26 -21 -24 -22 -29 -20 -26 -20 -21 -20 -25 -18 -31 -20 -25 -17 -30 -22 -26 -19 -26 -15 -29 -19 -26 -21 -25 -16 -26 -14 -31 -18 -31 -11 -26 -11 -28 -10 -30 -12 -30 -13 -31 -10 2 -2 0 0 0 0 0 0 0 0 ]
CSI_DATA,AP,68:FE:71:12:53:8C,-36,11,1,6,1,1,1,0,0,0,0,-94,0,6,1,33593791,0,84,0,0,33.594,384,[84 -64 4 0 0 0 0 0 0 0 0 0 -19 4 -15 5 -19 2 -21 6 -16 6 -18 7 -21 1 -18 -1 -19 -2 -19 5 -18 4 -22 3 -17 0 -15 1 -22 -1 -19 2 -21 -2 -19 2 -15 1 -14 4 -18 2 -13 1 -16 -2 -15 -4 -15 -1 -14 1 -4 1 -12 1 -12 -2 -18 1 -14 4 -18 2 -14 -2 -20 2 -19 1 -13 2 -13 -1 -14 7 -12 0 -11 8 -17 3 -16 1 -18 4 -17 2 -16 3 -18 9 -16 2 -11 8 -13 6 -15 4 -19 3 -12 8 -13 10 0 0 0 0 0 0 0 0 0 0 ]
CSI_DATA,AP,68:FE:71:12:53:8C,-38,11,1,6,1,1,1,0,0,0,0,-95,0,6,1,33700865,0,84,0,0,33.701,384,[84 -64 4 0 0 0 0 0 0 0 0 0 22 -27 28 -33 23 -30 29 -26 31 -27 29 -29 31 -26 30 -28 31 -26 33 -25 28 -24 31 -21 32 -16 29 -18 34 -19 28 -19 28 -19 34 -21 30 -17 28 -21 28 -17 25 -18 24 -17 26 -19 32 -13 29 -19 1 4 30 -17 26 -19 23 -19 22 -21 27 -22 26 -18 25 -22 21 -20 28 -22 27 -20 27 -19 27 -22 23 -22 20 -22 24 -27 18 -19 23 -25 18 -25 15 -27 16 -27 20 -25 16 -22 21 -27 19 -28 16 -24 17 -23 1 3 0 0 0 0 0 0 0 0 ]
CSI_DATA,AP,68:FE:71:12:53:8C,-34,11,1,5,1,1,1,0,0,0,0,-95,0,6,1,33800945,0,84,0,0,33.801,384,[84 -64 4 0 0 0 0 0 0 0 0 0 8 -22 9 -17 5 -17 11 -22 9 -17 8 -17 8 -14 9 -17 13 -15 10 -17 10 -18 15 -16 8 -19 7 -13 9 -16 9 -17 8 -17 13 -10 8 -16 14 -14 8 -13 7 -15 10 -14 10 -17 9 -14 12 -18 -2 2 7 -12 5 -14 8 -13 8 -10 11 -14 11 -11 11 -15 7 -14 5 -10 3 -17 8 -10 4 -12 6 -11 2 -10 10 -16 7 -13 6 -17 6 -13 5 -19 6 -15 1 -18 2 -12 4 -18 0 -17 4 -12 7 -11 3 4 0 0 0 0 0 0 0 0 ]
CSI_DATA,AP,68:FE:71:12:53:8C,-36,11,0,0,0,0,0,0,0,0,0,-96,0,6,1,33889036,0,37,0,0,33.889,128,[84 -64 4 0 0 0 0 0 0 0 0 0 8 -18 7 -16 12 -17 13 -19 15 -14 16 -15 10 -12 13 -16 14 -16 13 -13 14 -17 11 -16 12 -9 17 -16 19 -10 15 -13 11 -15 13 -7 15 -9 18 -6 11 -6 15 -11 12 -9 14 -8 13 -7 15 -7 3 2 10 -7 14 -10 13 -9 8 -13 13 -6 8 -13 8 -13 8 -7 14 -7 12 -8 9 -8 11 -10 11 -8 12 -11 9 -17 8 -15 8 -12 6 -12 11 -11 4 -11 11 -16 13 -11 9 -16 7 -17 12 -14 12 -11 -3 1 0 0 0 0 0 0 0 0 ]
CSI_DATA,AP,68:FE:71:12:53:8C,-32,11,1,7,1,1,1,0,0,0,0,-96,0,6,1,33969778,0,84,0,0,33.97,384,[84 -64 4 0 0 0 0 0 0 0 0 0 -18 -19 -12 -14 -13 -22 -13 -17 -16 -18 -8 -13 -6 -21 -5 -23 -8 -15 -5 -15 -5 -17 -8 -16 -9 -21 -3 -19 -10 -16 -5 -20 -4 -22 -9 -22 -3 -15 -3 -16 -7 -21 -3 -21 -5 -14 -2 -21 -8 -16 -5 -16 -1 4 -10 -19 -10 -14 -6 -16 -8 -12 -9 -13 -7 -15 -3 -19 -11 -19 -4 -15 -9 -15 -12 -14 -13 -9 -5 -11 -6 -18 -11 -17 -14 -16 -14 -11 -11 -9 -9 -17 -11 -9 -6 -10 -10 -12 -13 -14 -9 -10 -16 -10 -8 -14 2 1 0 0 0 0 0 0 0 0 ]
CSI_DATA,AP,68:FE:71:12:53:8C,-34,11,1,6,1,1,1,0,0,0,0,-96,0,6,1,34072757,0,84,0,0,34.073,384,[84 -64 4 0 0 0 0 0 0 0 0 0 0 -23 2 -22 0 -22 7 -15 2 -20 4 -23 4 -20 7 -18 9 -16 7 -23 7 -21 11 -20 11 -18 10 -20 5 -13 5 -17 7 -20 8 -15 4 -19 4 -14 6 -17 5 -15 10 -15 9 -15 10 -13 9 -13 -2 0 4 -12 0 -15 4 -16 6 -18 8 -17 3 -18 6 -12 4 -17 7 -17 4 -19 4 -18 -3 -19 -1 -14 5 -17 0 -17 -3 -15 1 -20 4 -13 -2 -17 -3 -18 -4 -13 3 -17 -1 -14 -2 -14 3 -12 1 -12 -3 -3 0 0 0 0 0 0 0 0 ]
CSI_DATA,AP,68:FE:71:12:53:8C,-43,11,1,5,1,1,1,0,0,0,0,-95,0,6,1,34161682,0,82,0,0,34.162,384,[84 -64 4 0 0 0 0 0 0 0 0 0 11 -22 6 -15 14 -15 7 -16 12 -21 7 -19 8 -15 10 -19 16 -17 9 -14 14 -17 11 -14 18 -17 13 -16 10 -18 11 -12 13 -10 17 -14 15 -13 15 -17 15 -11 17 -10 10 -13 16 -14 16 -9 16 -11 -3 4 8 -14 9 -10 13 -17 12 -12 14 -10 11 -11 8 -15 10 -17 8 -16 12 -15 11 -14 13 -17 6 -14 11 -14 10 -11 11 -13 9 -13 12 -13 7 -18 8 -17 7 -19 4 -15 12 -16 4 -17 4 -16 5 -12 2 1 0 0 0 0 0 0 0 0 ]
CSI_DATA,AP,68:FE:71:12:53:8C,-34,11,1,5,1,1,1,0,0,0,0,-94,0,6,1,34275161,0,84,0,0,34.275,384,[84 -64 4 0 0 0 0 0 0 0 0 0 11 22 12 21 12 15 5 22 8 22 6 18 6 21 5 19 1 17 3 22 1 19 3 19 4 16 3 17 -1 14 7 20 3 14 4 19 3 17 -2 19 1 14 4 19 0 12 0 18 3 18 3 18 0 -1 5 20 0 20 -1 18 5 18 3 17 8 14 7 14 5 16 4 18 8 11 8 15 5 16 2 15 9 18 8 15 3 15 7 12 12 10 8 14 7 13 10 10 5 11 6 16 6 13 6 15 7 11 -1 3 0 0 0 0 0 0 0 0 ]
CSI_DATA,AP,68:FE:71:12:53:8C,-39,11,1,6,1,1,1,0,0,0,0,-95,0,6,1,34371666,0,84,0,0,34.372,384,[84 -64 4 0 0 0 0 0 0 0 0 0 23 0 17 -2 24 1 24 0 18 3 16 0 19 5 21 -1 24 -1 19 1 24 1 19 2 21 1 21 6 20 2 22 2 20 5 21 6 16 4 20 6 16 5 14 -1 15 1 15 7 19 3 18 2 1 0 14 -1 14 6 13 4 16 -3 14 1 15 -1 20 5 13 -3 12 -4 14 3 18 -3 19 1 16 0 16 -5 20 -3 15 -1 18 2 13 -1 12 -3 14 -9 17 -1 18 -2 13 -6 14 0 19 0 19 -8 1 1 0 0 0 0 0 0 0 0 ]
CSI_DATA,AP,68:FE:71:12:53:8C,-37,11,1,6,1,1,1,0,0,0,0,-94,0,6,1,34508617,0,84,0,0,34.509,384,[84 -64 4 0 0 0 0 0 0 0 0 0 -19 1 -26 2 -23 3 -22 -1 -21 -4 -19 -3 -26 -4 -22 -3 -21 -6 -22 -9 -19 -4 -19 -7 -18 -7 -20 -9 -20 -6 -26 -5 -19 -4 -16 -11 -15 -11 -22 -3 -19 -3 -23 -4 -17 -9 -20 -10 -15 -5 -23 -5 2 -2 -18 -8 -18 -5 -14 0 -20 -3 -17 -2 -15 -3 -22 -8 -20 -5 -19 0 -15 1 -22 -5 -17 -1 -20 0 -13 -3 -14 2 -21 0 -15 0 -22 5 -17 3 -18 -2 -15 3 -14 2 -16 5 -18 6 -14 -1 -15 1 -3 -1 0 0 0 0 0 0 0 0 ]
CSI_DATA,AP,68:FE:71:12:53:8C,-36,11,1,6,1,1,1,0,0,0,0,-95,0,6,1,34599094,0,84,0,0,34.599,384,[84 -64 4 0 0 0 0 0 0 0 0 0 -22 -4 -18 -7 -17 -5 -25 -13 -23 -10 -20 -9 -20 -7 -14 -13 -21 -13 -21 -12 -15 -11 -22 -10 -15 -16 -19 -10 -13 -17 -22 -15 -20 -12 -18 -12 -16 -17 -16 -11 -11 -10 -12 -17 -14 -14 -13 -12 -15 -9 -11 -8 3 -3 -18 -7 -13 -7 -17 -12 -15 -12 -11 -13 -19 -8 -12 -10 -20 -12 -11 -11 -17 -9 -16 -10 -18 -12 -15 -8 -13 -10 -16 -6 -16 -3 -18 -12 -14 -10 -18 -8 -19 -8 -18 -10 -18 -6 -20 -7 -22 -3 -15 -2 -17 -8 4 3 0 0 0 0 0 0 0 0 ]
CSI_DATA,AP,68:FE:71:12:53:8C,-37,11,1,7,1,1,1,0,0,0,0,-95,0,6,1,34719292,0,84,0,0,34.719,384,[84 -64 4 0 0 0 0 0 0 0 0 0 -4 -24 -7 -25 -2 -27 -2 -27 -5 -21 -3 -23 4 -20 0 -25 3 -18 2 -25 3 -26 0 -24 0 -26 5 -22 4 -20 7 -22 5 -16 8 -16 8 -21 3 -23 9 -18 5 -22 0 -21 8 -24 0 -24 3 -15 1 -4 0 -19 5 -20 -1 -19 0 -22 5 -14 -1 -17 2 -14 -1 -22 2 -20 1 -18 0 -15 2 -17 -2 -17 0 -15 2 -19 -4 -21 -7 -21 -1 -20 -5 -16 -4 -21 0 -17 -4 -20 -7 -22 -8 -21 -4 -16 -4 -17 3 -3 0 0 0 0 0 0 0 0 ]
CSI_DATA,AP,68:FE:71:12:53:8C,-35,11,1,5,1,1,1,1,0,0,0,-94,2,6,1,34811928,0,84,0,0,34.812,384,[84 -64 4 0 0 0 0 0 0 0 0 0 20 -3 17 -3 19 -3 24 -1 23 1 19 -2 18 0 21 4 20 2 15 4 21 3 18 3 19 0 19 5 23 2 19 -3 19 5 14 1 17 6 20 0 15 2 17 -2 18 4 20 0 21 2 20 3 -4 0 17 0 21 2 16 -2 15 1 21 4 13 2 21 -3 12 2 16 -5 19 -4 19 -4 16 -4 16 -5 20 -1 16 1 20 -6 21 -3 16 -6 20 -6 18 -6 16 -4 15 -3 15 -8 16 -6 14 -3 13 -7 -4 -2 0 0 0 0 0 0 0 0 ]
CSI_DATA,AP,68:FE:71:12:53:8C,-34,11,1,5,1,1,1,0,0,0,0,-95,0,6,1,34915896,0,84,0,0,34.916,384,[84 -64 4 0 0 0 0 0 0 0 0 0 -9 20 -6 20 -5 25 -9 18 -12 19 -11 18 -10 23 -11 17 -6 14 -8 16 -15 22 -12 21 -10 22 -13 17 -8 18 -7 20 -7 20 -10 11 -9 12 -13 14 -8 12 -15 13 -8 11 -8 16 -7 20 -14 13 1 1 -13 16 -9 19 -8 17 -9 16 -4 16 -10 17 -7 14 -11 17 -4 12 -5 16 -2 18 -4 16 -3 20 -3 14 -4 17 -7 13 -5 16 -2 20 -6 16 1 19 -4 16 -3 18 -2 17 -5 15 -2 15 -3 13 -3 1 0 0 0 0 0 0 0 0 ]
CSI_DATA,AP,68:FE:71:12:53:8C,-36,11,1,7,1,1,1,0,0,0,0,-94,0,6,1,35009428,0,84,0,0,35.009,384,[84 -64 4 0 0 0 0 0 0 0 0 0 17 3 20 2 18 1 21 3 17 0 19 5 21 4 15 6 16 8 15 3 22 8 22 7 22 9 22 6 22 11 19 4 19 4 15 5 15 4 20 5 18 12 21 12 14 8 13 6 15 6 18 4 3 0 18 10 19 7 14 8 15 7 14 1 17 7 19 5 16 3 16 0 17 0 15 6 12 0 14 -1 18 6 17 -2 19 6 14 3 14 1 13 -1 20 2 19 4 18 -3 17 2 18 -2 20 3 15 -3 -3 -4 0 0 0 0 0 0 0 0 ]
CSI_DATA,AP,68:FE:71:12:53:8C,-40,11,1,6,1,1,1,0,0,0,0,-94,0,6,1,35115622,0,84,0,0,35.116,384,[84 -64 4 0 0 0 0 0 0 0 0 0 18 7 13 5 22 13 18 14 14 6 17 13 16 11 14 12 18 13 15 8 12 15 18 15 19 10 16 9 10 11 16 12 9 14 12 9 10 15 10 8 14 16 11 16 13 10 10 10 13 8 14 9 -3 -2 11 8 14 10 14 10 16 6 15 12 13 11 15 10 12 7 12 10 17 8 11 9 11 6 11 6 17 2 18 6 13 3 16 5 16 2 19 8 16 6 16 7 18 4 13 5 19 3 15 2 16 -1 1 -1 0 0 0 0 0 0 0 0 ]
CSI_DATA,AP,68:FE:71:12:53:8C,-37,11,1,6,1,1,1,1,0,0,0,-95,1,6,1,35235445,0,84,0,0,35.235,384,[84 -64 4 0 0 0 0 0 0 0 0 0 -16 -7 -24 -3 -16 -2 -21 -4 -16 -9 -21 -8 -17 -13 -22 -11 -22 -10 -19 -13 -21 -13 -15 -11 -16 -13 -20 -11 -19 -12 -16 -9 -19 -11 -10 -7 -19 -12 -16 -13 -12 -8 -12 -6 -11 -13 -13 -15 -14 -7 -13 -10 3 3 -18 -11 -17 -12 -15 -8 -17 -4 -18 -12 -17 -11 -11 -7 -14 -9 -15 -5 -10 -3 -19 -3 -12 -9 -15 -2 -17 -7 -19 -6 -19 -8 -15 -7 -17 -1 -15 -5 -14 2 -14 -1 -16 -1 -16 -1 -21 -5 -12 -3 -19 0 1 3 0 0 0 0 0 0 0 0 ]
CSI_DATA,AP,68:FE:71:12:53:8C,-35,11,1,7,1,1,1,0,0,0,0,-96,0,6,1,35327109,0,84,0,0,35.327,384,[84 -64 4 0 0 0 0 0 0 0 0 0 14 11 12 10 15 14 19 13 18 10 17 9 17 11 11 14 9 13 16 16 10 17 15 12 10 19 15 13 11 14 8 12 10 14 10 15 11 14 12 16 6 10 13 18 8 9 13 16 8 16 6 14 -1 -3 12 11 15 12 13 15 7 11 8 8 15 11 15 11 8 8 8 13 7 10 13 14 7 7 10 12 15 9 11 10 10 10 13 10 13 4 12 6 16 4 17 9 13 13 12 11 11 12 16 9 16 10 -1 1 0 0 0 0 0 0 0 0 ]
CSI_DATA,AP,68:FE:71:12:53:8C,-38,11,1,6,1,1,1,0,0,0,0,-94,0,6,1,35415584,0,84,0,0,35.416,384,[84 -64 4 0 0 0 0 0 0 0 0 0 -8 16 -5 20 -6 19 -11 16 -8 20 -14 14 -6 18 -12 15 -10 16 -15 14 -16 18 -10 13 -13 20 -15 14 -9 15 -13 17 -11 13 -10 10 -11 12 -11 10 -13 10 -9 12 -15 15 -12 10 -15 17 -13 15 0 2 -13 11 -12 13 -8 14 -4 16 -4 12 -11 15 -8 17 -9 16 -6 14 -4 16 -9 14 -9 12 -2 12 -1 12 -2 19 -2 20 -4 15 -3 18 -5 13 -4 17 -2 15 1 15 1 14 -6 17 0 15 1 14 0 3 0 0 0 0 0 0 0 0 ]
CSI_DATA,AP,68:FE:71:12:53:8C,-36,11,1,6,1,1,1,0,0,0,0,-96,0,6,1,35489172,0,84,0,0,35.489,384,[84 -64 4 0 0 0 0 0 0 0 0 0 -16 11 -22 9 -23 9 -19 5 -22 9 -19 5 -21 1 -17 6 -19 3 -24 5 -25 4 -21 1 -25 0 -21 4 -17 3 -25 6 -22 -1 -20 2 -22 2 -20 2 -22 2 -15 1 -17 5 -23 4 -19 1 -22 3 -1 3 -15 2 -20 -1 -15 5 -17 5 -19 6 -15 7 -20 5 -19 0 -13 2 -12 9 -13 9 -13 5 -12 4 -20 9 -20 2 -14 8 -21 8 -13 11 -13 9 -18 6 -17 3 -13 9 -15 6 -16 10 -15 6 -17 11 4 -1 0 0 0 0 0 0 0 0 ]
CSI_DATA,AP,68:FE:71:12:53:8C,-35,11,1,6,1,1,1,0,0,0,0,-96,0,6,1,35578096,0,84,0,0,35.578,384,[84 -64 4 0 0 0 0 0 0 0 0 0 -21 -7 -19 -12 -21 -5 -18 -6 -20 -7 -19 -11 -18 -11 -20 -10 -16 -14 -20 -14 -15 -14 -21 -14 -18 -14 -13 -10 -15 -9 -19 -10 -20 -12 -14 -14 -12 -8 -18 -9 -16 -14 -14 -11 -15 -8 -13 -15 -20 -15 -14 -8 -2 -4 -13 -6 -17 -6 -12 -6 -12 -11 -11 -12 -15 -5 -12 -11 -18 -11 -12 -11 -18 -8 -20 -4 -18 -4 -12 -10 -17 -9 -13 -4 -14 -3 -16 -9 -19 -1 -15 -4 -16 -7 -20 -3 -18 -1 -18 -6 -16 -3 -19 -7 -14 -6 2 1 0 0 0 0 0 0 0 0 ]
CSI_DATA,AP,68:FE:71:12:53:8C,-37,11,1,7,1,1,1,0,0,0,0,-95,0,6,1,35712299,0,84,0,0,35.712,384,[84 -64 4 0 0 0 0 0 0 0 0 0 20 2 22 10 18 9 24 11 16 10 22 6 22 7 15 11 16 7 15 12 15 8 18 12 16 12 12 12 13 10 21 11 12 13 17 12 19 14 17 10 18 11 18 11 9 11 18 14 16 6 13 5 0 -2 19 12 15 11 14 8 18 2 14 12 15 6 14 7 15 3 19 5 15 0 12 8 11 9 18 1 11 6 17 2 18 4 15 3 20 6 17 0 17 5 16 -2 13 1 17 1 20 -1 19 0 16 -1 1 1 0 0 0 0 0 0 0 0 ]
CSI_DATA,AP,68:FE:71:12:53:8C,-33,11,1,7,1,1,1,0,0,0,0,-95,0,6,1,35830509,0,84,0,0,35.831,384,[84 -64 4 0 0 0 0 0 0 0 0 0 14 -13 19 -12 17 -8 19 -12 16 -4 19 -2 19 -1 21 -1 21 -4 14 -5 22 -5 20 -7 16 -3 15 -1 16 -3 21 -2 21 -1 15 -1 14 0 17 2 13 0 20 -2 15 3 13 2 22 1 17 0 -3 2 14 -1 21 -5 13 -1 20 -5 15 -7 20 0 13 -6 11 -4 16 -8 15 -3 12 -9 12 -3 14 -5 12 -3 11 -4 20 -3 19 -5 18 -5 18 -11 17 -11 19 -5 16 -8 17 -10 12 -11 14 -7 17 -10 3 2 0 0 0 0 0 0 0 0 ]
CSI_DATA,AP,68:FE:71:12:53:8C,-37,11,1,6,1,1,1,0,0,0,0,-94,0,6,1,35932293,0,82,0,0,35.932,384,[84 -64 4 0 0 0 0 0 0 0 0 0 -8 16 -6 16 -7 16 -4 20 -9 20 -12 14 -11 19 -11 17 -8 12 -11 17 -7 21 -10 20 -8 17 -10 12 -14 11 -14 15 -15 18 -10 15 -6 18 -13 10 -12 10 -10 14 -7 8 -7 15 -8 14 -12 10 0 -1 -11 12 -9 11 -13 14 -6 14 -9 15 -9 17 -9 11 -4 15 -11 10 -9 16 -8 15 -10 15 -2 13 -4 15 -8 16 -8 13 -9 11 -8 17 0 13 -1 15 -2 20 -7 15 -7 13 -1 19 -7 15 1 15 0 -4 0 0 0 0 0 0 0 0 ]
CSI_DATA,AP,68:FE:71:12:53:8C,-39,11,1,5,1,1,1,0,0,0,0,-93,0,6,1,36053964,0,84,0,0,36.054,384,[84 -64 4 0 0 0 0 0 0 0 0 0 0 -18 7 -23 4 -21 11 -21 7 -24 9 -22 8 -18 5 -21 9 -15 10 -20 9 -15 6 -16 9 -22 14 -21 7 -19 12 -14 15 -20 12 -14 7 -20 15 -20 9 -17 7 -20 12 -12 10 -16 11 -20 14 -17 1 -2 6 -17 13 -13 7 -15 5 -13 10 -17 9 -17 5 -15 9 -13 11 -12 9 -12 8 -13 5 -12 3 -13 4 -14 5 -19 2 -15 6 -21 5 -14 8 -19 7 -17 7 -15 1 -16 2 -18 2 -16 4 -21 4 -15 -4 0 0 0 0 0 0 0 0 0 ]
CSI_DATA,AP,68:FE:71:12:53:8C,-35,11,1,7,1,1,1,0,0,0,0,-93,0,6,1,36177896,0,84,0,0,36.178,384,[84 -64 4 0 0 0 0 0 0 0 0 0 -6 -17 -2 -19 -6 -25 -3 -18 0 -23 -1 -23 -4 -23 3 -24 -2 -24 3 -16 -3 -25 3 -19 3 -18 -2 -24 5 -17 1 -19 1 -15 -4 -20 0 -23 1 -22 -3 -19 2 -22 6 -16 2 -21 -1 -21 2 -17 -4 0 -4 -21 -5 -15 -1 -21 -6 -17 -2 -16 3 -15 -5 -18 -1 -17 -3 -21 -2 -16 0 -20 -2 -21 0 -20 -5 -20 -4 -18 -4 -21 -5 -13 -3 -19 -9 -16 -2 -19 -1 -18 -1 -17 -6 -19 -3 -19 -1 -20 -4 -20 3 0 0 0 0 0 0 0 0 0 ]
CSI_DATA,AP,68:FE:71:12:53:8C,-36,11,1,5,1,1,1,0,0,0,0,-95,0,6,1,36276025,0,84,0,0,36.276,384,[84 -64 4 0 0 0 0 0 0 0 0 0 -15 11 -17 12 -12 12 -12 15 -16 15 -15 15 -13 13 -13 6 -19 10 -13 13 -20 10 -13 13 -13 7 -19 11 -16 9 -20 13 -13 13 -11 7 -19 8 -20 6 -12 7 -17 3 -15 3 -14 6 -12 4 -17 5 -3 -2 -11 8 -14 10 -12 7 -14 11 -10 12 -15 8 -11 7 -13 9 -13 10 -13 11 -11 8 -13 5 -9 8 -13 13 -15 10 -8 11 -14 9 -13 11 -16 14 -13 7 -14 8 -8 13 -13 9 -6 14 -12 8 -12 15 2 3 0 0 0 0 0 0 0 0 ]
CSI_DATA,AP,68:FE:71:12:53:8C,-33,11,1,7,1,1,1,0,0,0,0,-95,0,6,1,36376822,0,84,0,0,36.377,384,[84 -64 4 0 0 0 0 0 0 0 0 0 20 -4 18 -7 23 -6 25 -5 24 -3 23 -2 22 -1 19 -3 23 -9 20 -2 17 -6 23 -3 21 -2 19 0 18 -3 17 0 17 1 14 1 17 -1 16 -2 19 1 14 -4 16 2 20 -5 21 -6 20 -6 3 2 13 -6 15 -3 14 -7 21 -3 15 -2 16 -3 15 -4 18 -5 19 -5 13 -5 18 -2 11 -5 16 -9 12 -5 15 -12 17 -6 16 -12 13 -10 14 -9 14 -9 13 -11 10 -8 13 -14 18 -8 11 -9 9 -14 -3 -1 0 0 0 0 0 0 0 0 ]
CSI_DATA,AP,68:FE:71:12:53:8C,-34,11,1,6,1,1,1,0,0,0,0,-96,0,6,1,36469935,0,84,0,0,36.47,384,[84 -64 4 0 0 0 0 0 0 0 0 0 -19 -7 -12 -8 -20 -10 -17 -9 -20 -12 -14 -10 -12 -16 -15 -12 -15 -18 -10 -16 -12 -20 -17 -17 -14 -11 -13 -15 -10 -11 -12 -16 -15 -18 -8 -14 -8 -13 -8 -17 -7 -11 -12 -10 -7 -13 -6 -16 -7 -17 -11 -9 -1 -4 -8 -12 -10 -13 -7 -13 -11 -10 -8 -15 -14 -9 -9 -15 -7 -7 -10 -14 -9 -13 -14 -12 -13 -8 -16 -8 -8 -11 -14 -7 -15 -9 -12 -9 -12 -10 -15 -4 -11 -10 -14 -12 -14 -10 -14 -6 -10 -9 -14 -6 -11 -12 -2 2 0 0 0 0 0 0 0 0 ]
CSI_DATA,AP,68:FE:71:12:53:8C,-36,11,1,6,1,1,1,1,0,0,0,-93,5,6,1,36578064,0,84,0,0,36.578,384,[84 -64 4 0 0 0 0 0 0 0 0 0 16 -10 17 -6 17 -9 21 -13 23 -13 22 -8 17 -6 21 -7 17 -5 20 -5 21 -2 17 -7 20 -5 23 -2 23 -8 17 -3 19 -5 20 -6 16 -2 19 -1 17 -2 14 -4 17 -2 19 -6 19 -4 14 -6 3 -4 14 1 20 -3 17 -4 20 0 13 -7 20 -3 17 -1 14 -7 19 -9 15 -8 19 -4 17 -4 11 -2 16 -2 17 -8 11 -4 15 -4 16 -12 12 -10 12 -10 14 -11 14 -10 19 -5 14 -8 16 -12 11 -7 2 4 0 0 0 0 0 0 0 0 ]
CSI_DATA,AP,68:FE:71:12:53:8C,-39,11,1,4,1,1,1,0,0,0,0,-95,0,6,1,36691720,0,84,0,0,36.692,384,[84 -64 4 0 0 0 0 0 0 0 0 0 -18 12 -15 15 -24 13 -18 11 -18 7 -21 8 -18 10 -19 6 -15 6 -19 10 -17 8 -23 9 -23 8 -14 4 -15 5 -22 9 -16 8 -13 1 -20 1 -14 8 -17 6 -13 3 -12 0 -11 8 -18 1 -19 6 -4 4 -10 8 -19 6 -17 5 -10 11 -10 3 -13 5 -17 9 -17 2 -14 9 -10 8 -16 8 -9 3 -11 6 -8 8 -14 12 -10 10 -15 11 -9 4 -16 9 -10 11 -10 5 -14 8 -9 8 -15 8 -11 7 -15 4 -3 0 0 0 0 0 0 0 0 0 ]
CSI_DATA,AP,68:FE:71:12:53:8C,-36,11,1,7,1,1,1,0,0,0,0,-93,0,6,1,36804323,0,84,0,0,36.804,384,[84 -64 4 0 0 0 0 0 0 0 0 0 -5 -7 -11 -9 -10 -5 -11 -5 -6 -9 -8 -4 -3 -12 -11 -10 -7 -4 -3 -13 -3 -13 -3 -7 -9 -5 -4 -7 -6 -5 -5 -5 -7 -11 -9 -10 -4 -11 -3 -8 -8 -11 -6 -9 -4 -6 -9 -11 -8 -8 -2 -12 0 -4 -10 -3 -9 -7 -1 -10 -7 -4 -5 -6 -7 -2 -10 -2 -3 -2 -4 -7 -3 -5 -3 -4 -4 -10 -6 -1 -2 -7 -11 -10 -11 -5 -7 -9 -9 -7 -4 -3 -11 -2 -11 -1 -6 -5 -7 -1 -9 -5 -5 -6 -5 -4 -1 4 0 0 0 0 0 0 0 0 ]
CSI_DATA,AP,68:FE:71:12:53:8C,-38,11,1,6,1,1,1,0,0,0,0,-95,0,6,1,36891338,0,84,0,0,36.891,384,[84 -64 4 0 0 0 0 0 0 0 0 0 -17 1 -12 0 -11 5 -14 6 -19 4 -18 4 -18 2 -11 5 -14 1 -11 -1 -12 1 -11 0 -16 -1 -16 5 -11 2 -11 -2 -10 -1 -15 0 -17 1 -11 -3 -14 0 -9 -2 -10 2 -10 -1 -10 1 -17 0 -1 -1 -11 -3 -11 4 -11 1 -9 1 -12 5 -10 2 -9 3 -14 -1 -14 2 -14 4 -10 5 -9 -2 -15 3 -8 0 -15 0 -14 3 -10 4 -7 0 -8 7 -10 2 -13 5 -9 3 -6 8 -14 5 -11 3 -11 6 2 2 0 0 0 0 0 0 0 0 ]
CSI_DATA,AP,68:FE:71:12:53:8C,-39,11,1,6,1,1,1,1,0,0,0,-96,5,6,1,36993459,0,84,0,0,36.993,384,[84 -64 4 0 0 0 0 0 0 0 0 0 31 8 27 6 31 9 28 4 34 7 32 13 31 6 26 9 28 16 25 13 32 11 29 11 31 16 27 16 27 16 26 18 25 17 28 9 26 13 28 16 21 17 22 15 28 11 24 17 29 12 22 7 2 -2 23 12 25 12 23 8 28 7 23 8 28 12 28 10 29 4 28 10 27 10 29 8 29 7 24 8 23 1 27 8 26 1 28 9 27 -1 25 8 26 1 26 0 24 1 25 5 27 4 32 -1 31 -3 0 -3 0 0 0 0 0 0 0 0 ]
CSI_DATA,AP,68:FE:71:12:53:8C,-34,11,1,7,1,1,1,0,0,0,0,-94,0,6,1,37097923,0,84,0,0,37.098,384,[84 -64 4 0 0 0 0 0 0 0 0 0 -25 2 -24 7 -21 2 -21 3 -22 -2 -23 1 -23 -1 -24 0 -20 4 -25 -4 -19 0 -24 3 -23 1 -19 2 -20 -5 -21 2 -21 3 -16 -1 -19 -2 -23 -5 -20 -2 -22 1 -15 2 -15 -1 -22 0 -22 -3 -3 -4 -15 3 -20 3 -18 3 -15 -3 -16 0 -21 -2 -18 -3 -16 3 -15 3 -13 -2 -19 5 -14 1 -18 3 -13 3 -19 5 -12 5 -18 2 -14 7 -15 5 -14 5 -17 5 -17 7 -13 6 -19 10 -15 3 -13 8 -2 4 0 0 0 0 0 0 0 0 ]
CSI_DATA,AP,68:FE:71:12:53:8C,-37,11,1,6,1,1,1,0,0,0,0,-93,0,6,1,37216553,0,84,0,0,37.217,384,[84 -64 4 0 0 0 0 0 0 0 0 0 -16 -12 -15 -6 -15 -7 -20 -14 -14 -15 -10 -11 -16 -9 -10 -10 -13 -8 -12 -15 -12 -17 -15 -11 -10 -17 -10 -15 -11 -15 -11 -9 -10 -15 -5 -9 -5 -14 -7 -14 -9 -8 -7 -10 -5 -7 -12 -8 -10 -7 -6 -8 0 0 -13 -6 -13 -3 -7 -3 -12 -4 -7 -9 -13 -10 -8 -2 -9 -3 -15 -7 -9 -9 -10 -6 -8 -3 -11 -8 -14 -5 -8 -5 -10 -1 -14 -3 -15 -6 -14 -3 -10 -7 -15 -4 -14 -1 -17 -3 -16 0 -13 -1 -9 -4 -3 -1 0 0 0 0 0 0 0 0 ]
CSI_DATA,AP,68:FE:71:12:53:8C,-41,11,1,6,1,1,1,0,0,0,0,-93,0,6,1,37327028,0,84,0,0,37.327,384,[84 -64 4 0 0 0 0 0 0 0 0 0 22 0 13 -2 16 2 21 4 20 5 19 6 12 5 14 -2 13 7 11 5 13 2 15 0 16 0 12 5 10 5 12 2 15 0 11 -1 12 3 9 2 8 3 9 5 7 1 11 4 14 4 12 -2 2 2 14 -1 8 2 8 -2 14 -3 7 1 10 -2 14 2 13 1 9 1 16 -4 12 -4 7 -3 6 1 7 -7 15 -2 9 -4 8 -6 11 -3 11 -7 10 -3 9 -3 15 -3 7 -8 14 -3 13 -6 13 -8 4 -4 0 0 0 0 0 0 0 0 ]
CSI_DATA,AP,68:FE:71:12:53:8C,-35,11,1,6,1,1,1,0,0,0,0,-96,0,6,1,37457859,0,84,0,0,37.458,384,[84 -64 4 0 0 0 0 0 0 0 0 0 26 7 19 8 19 11 21 8 24 4 15 8 16 8 11 12 17 8 19 13 18 5 15 7 18 8 11 6 11 4 16 6 11 6 12 6 15 9 15 10 7 9 12 2 6 6 9 6 14 4 12 0 -2 -3 10 6 7 0 11 -1 13 0 6 5 13 5 11 2 13 -1 7 2 6 0 8 3 13 -5 11 -3 10 1 13 -2 11 -3 9 -6 6 -4 12 -4 5 -6 10 0 9 -7 13 -4 7 -2 10 -4 10 -5 0 2 0 0 0 0 0 0 0 0 ]
CSI_DATA,AP,68:FE:71:12:53:8C,-32,11,1,7,1,1,1,0,0,0,0,-93,0,6,1,37566625,0,84,0,0,37.567,384,[84 -64 4 0 0 0 0 0 0 0 0 0 8 30 6 28 -1 28 0 29 4 30 1 25 1 32 -2 24 -6 23 -1 29 -5 25 -1 24 -5 29 -4 28 -7 18 -4 19 -2 25 -6 17 -4 20 -3 17 0 19 -4 13 -2 17 1 18 -3 14 1 12 -4 1 4 17 2 12 -1 12 1 12 -1 13 3 13 1 17 4 10 3 13 1 13 10 9 5 9 10 12 5 6 8 7 12 7 9 11 12 9 9 4 7 9 8 4 7 9 13 5 15 2 14 3 14 3 -4 2 0 0 0 0 0 0 0 0 ]
CSI_DATA,AP,68:FE:71:12:53:8C,-33,11,1,7,1,1,1,0,0,0,0,-93,0,6,1,37679204,0,84,0,0,37.679,384,[84 -64 4 0 0 0 0 0 0 0 0 0 -18 12 -20 10 -15 6 -17 9 -22 10 -18 8 -21 6 -17 7 -21 7 -16 8 -15 5 -16 7 -15 7 -21 -1 -18 -1 -16 2 -14 0 -19 5 -17 4 -17 5 -15 5 -12 1 -15 2 -12 2 -16 8 -13 7 2 0 -18 6 -14 4 -18 7 -12 3 -12 8 -14 5 -15 6 -17 6 -15 2 -12 3 -16 11 -14 10 -9 11 -15 4 -10 5 -17 11 -18 11 -13 11 -17 7 -13 9 -17 9 -16 10 -16 3 -9 5 -12 4 -9 5 0 1 0 0 0 0 0 0 0 0 ]
CSI_DATA,AP,68:FE:71:12:53:8C,-35,11,1,6,1,1,1,0,0,0,1,-94,0,6,1,37788086,0,84,0,0,37.788,384,[84 -64 4 0 0 0 0 0 0 0 0 0 1 -23 0 -16 0 -21 -7 -23 -6 -20 -4 -18 0 -26 -2 -17 2 -17 -3 -21 2 -18 2 -26 0 -22 0 -25 -1 -18 5 -19 5 -20 -1 -17 5 -16 3 -19 7 -24 1 -23 8 -21 3 -24 6 -18 1 -17 3 -4 6 -17 5 -25 4 -23 4 -23 0 -22 4 -25 6 -19 2 -20 1 -25 3 -23 1 -20 3 -25 0 -21 1 -26 -3 -24 -5 -22 0 -21 -5 -21 -1 -19 -2 -25 -1 -20 2 -26 -4 -25 -3 -18 3 -25 0 -16 2 -3 0 0 0 0 0 0 0 0 ]
CSI_DATA,AP,68:FE:71:12:53:8C,-35,11,1,6,1,1,1,0,0,0,0,-93,0,6,1,37924584,0,84,0,0,37.925,384,[84 -64 4 0 0 0 0 0 0 0 0 0 5 -18 5 -18 7 -16 1 -21 0 -17 2 -13 7 -17 10 -16 9 -16 11 -20 12 -19 12 -18 9 -13 10 -20 11 -12 6 -12 9 -19 4 -15 10 -12 12 -11 12 -10 3 -13 12 -11 8 -18 6 -11 3 -17 1 -1 6 -18 4 -12 10 -16 4 -12 5 -14 3 -11 1 -13 5 -15 2 -17 7 -11 5 -11 4 -13 7 -18 -1 -12 6 -15 -1 -16 6 -17 -2 -14 0 -15 -2 -18 2 -15 -1 -12 0 -16 3 -18 -1 -17 0 -11 -4 -2 0 0 0 0 0 0 0 0 ]
CSI_DATA,AP,68:FE:71:12:53:8C,-37,11,1,7,1,1,1,1,0,0,0,-95,4,6,1,38033490,0,84,0,0,38.033,384,[84 -64 4 0 0 0 0 0 0 0 0 0 0 -17 8 -14 10 -18 11 -19 4 -22 11 -20 10 -20 13 -13 6 -16 8 -17 10 -18 16 -18 12 -19 11 -17 14 -12 14 -22 16 -15 8 -17 18 -16 12 -13 17 -16 10 -11 15 -14 17 -18 17 -14 15 -19 -1 -2 13 -19 13 -12 16 -18 9 -17 14 -11 11 -17 11 -16 11 -18 11 -17 7 -16 8 -20 6 -14 9 -21 7 -14 10 -15 8 -22 10 -17 11 -18 5 -17 3 -14 9 -18 10 -17 9 -16 3 -21 3 -17 10 -22 -2 -1 0 0 0 0 0 0 0 0 ]
CSI_DATA,AP,68:FE:71:12:53:8C,-38,11,1,6,1,1,1,0,0,0,0,-95,0,6,1,38120553,0,84,0,0,38.121,384,[84 -64 4 0 0 0 0 0 0 0 0 0 5 -18 3 -17 0 -19 6 -21 3 -18 9 -19 5 -20 10 -14 8 -18 10 -16 5 -18 12 -15 6 -18 10 -18 6 -20 10 -22 14 -21 6 -15 12 -16 10 -19 12 -17 10 -13 7 -18 9 -12 15 -18 9 -14 -4 -4 10 -17 9 -18 7 -19 10 -20 9 -18 11 -19 14 -16 6 -15 10 -13 7 -19 11 -22 11 -16 8 -21 5 -14 3 -21 6 -15 8 -19 2 -20 9 -19 4 -18 7 -15 3 -16 0 -18 7 -21 5 -18 4 -21 -4 4 0 0 0 0 0 0 0 0 ]
CSI_DATA,AP,68:FE:71:12:53:8C,-35,11,1,6,1,1,1,0,0,0,0,-93,0,6,1,38242067,0,84,0,0,38.242,384,[84 -64 4 0 0 0 0 0 0 0 0 0 5 18 2 19 6 24 4 25 6 21 -2 18 4 22 2 17 -4 17 -2 23 1 20 1 18 -3 24 -2 17 1 19 2 22 -6 17 2 14 0 18 1 17 1 22 1 18 -6 13 -5 15 -2 17 -2 15 -2 -1 -3 21 4 17 1 17 -2 16 3 20 -2 15 3 13 -4 15 2 12 1 15 7 13 7 13 5 20 1 15 6 15 6 14 4 20 1 14 6 18 5 17 7 12 8 12 7 19 10 11 2 14 8 15 2 -3 0 0 0 0 0 0 0 0 ]
CSI_DATA,AP,68:FE:71:12:53:8C,-34,11,1,6,1,1,1,0,0,0,0,-94,0,6,1,38337295,0,84,0,0,38.337,384,[84 -64 4 0 0 0 0 0 0 0 0 0 11 12 12 15 10 16 17 19 16 19 8 14 13 14 11 15 13 20 10 16 12 15 6 21 6 15 9 20 10 13 11 19 3 19 11 12 11 18 6 16 8 17 10 19 9 12 6 15 9 12 9 18 -1 0 4 17 9 10 9 17 13 12 4 11 10 15 5 15 12 14 7 9 9 9 15 15 6 11 8 9 9 10 7 15 12 12 10 7 11 13 12 12 9 6 13 6 8 10 9 6 14 12 10 13 7 7 0 -2 0 0 0 0 0 0 0 0 ]
CSI_DATA,AP,68:FE:71:12:53:8C,-35,11,1,5,1,1,1,0,0,0,0,-94,0,6,1,38410032,0,84,0,0,38.41,384,[84 -64 4 0 0 0 0 0 0 0 0 0 -13 16 -9 20 -11 12 -12 13 -8 15 -9 19 -10 16 -12 17 -10 9 -12 15 -16 10 -16 12 -15 13 -18 10 -11 11 -18 13 -14 14 -17 14 -12 15 -8 10 -8 12 -11 12 -8 9 -9 12 -16 14 -16 6 0 -3 -9 14 -15 9 -7 11 -9 7 -6 15 -12 13 -7 9 -9 11 -10 9 -7 12 -8 11 -10 14 -11 14 -5 16 -10 14 -11 15 -9 16 -5 16 -4 12 -4 11 -5 17 -10 10 -3 17 -7 15 -6 10 -5 16 -3 2 0 0 0 0 0 0 0 0 ]
CSI_DATA,AP,68:FE:71:12:53:8C,-35,11,1,6,1,1,1,0,0,0,0,-96,0,6,1,38484248,0,84,0,0,38.484,384,[84 -64 4 0 0 0 0 0 0 0 0 0 9 11 15 9 8 17 6 10 8 15 9 15 7 19 7 19 9 17 9 17 11 12 9 18 9 17 3 16 6 19 5 16 2 14 4 12 3 17 3 14 10 11 10 10 3 9 4 14 5 12 10 16 3 0 7 12 9 15 10 9 9 9 6 14 8 15 9 9 8 9 4 11 11 6 7 10 6 11 7 9 13 9 10 5 6 8 14 8 11 12 12 5 8 8 13 12 10 8 9 8 8 9 11 10 12 6 1 -3 0 0 0 0 0 0 0 0 ]
CSI_DATA,AP,68:FE:71:12:53:8C,-37,11,1,5,1,1,1,1,0,0,0,-95,1,6,1,38590742,0,84,0,0,38.591,384,[84 -64 4 0 0 0 0 0 0 0 0 0 18 15 16 16 17 13 9 13 9 16 9 11 8 18 13 15 11 12 14 18 10 16 6 15 12 17 10 16 12 11 11 13 10 18 9 14 11 15 4 16 5 14 10 17 5 12 7 10 7 14 6 14 -3 3 6 13 12 12 5 15 8 13 11 9 9 7 12 14 9 9 12 9 9 10 11 7 8 14 12 10 11 12 15 10 11 7 13 10 8 9 12 12 9 10 9 4 12 3 9 5 13 11 15 4 12 9 0 -3 0 0 0 0 0 0 0 0 ]
CSI_DATA,AP,68:FE:71:12:53:8C,-35,11,1,5,1,1,1,1,0,0,0,-96,5,6,1,38691275,0,84,0,0,38.691,384,[84 -64 4 0 0 0 0 0 0 0 0 0 4 15 -2 19 3 17 -5 22 -2 19 1 17 -1 22 -5 17 -5 19 -4 22 -2 16 -8 17 -7 22 -8 20 -8 14 -5 21 -2 18 -8 14 -6 17 -2 18 -5 13 -3 18 -3 13 -4 18 -7 20 -4 17 1 -1 -2 18 -5 14 -5 17 2 10 0 16 1 18 3 12 -3 14 2 17 3 18 3 13 0 18 -4 17 -1 17 -2 12 5 13 3 19 -2 14 0 15 5 15 6 14 -2 16 6 13 4 13 -1 14 3 9 -4 4 0 0 0 0 0 0 0 0 ]
CSI_DATA,AP,68:FE:71:12:53:8C,-38,11,1,6,1,1,1,0,0,0,1,-94,0,6,1,38792391,0,84,0,0,38.792,384,[84 -64 4 0 0 0 0 0 0 0 0 0 31 17 33 16 35 15 31 15 38 21 34 20 37 20 32 17 35 20 34 18 31 25 33 20 30 28 24 26 30 19 30 24 24 23 29 19 25 23 25 25 26 19 23 20 26 21 30 25 24 21 26 16 3 -2 23 19 29 19 29 17 24 20 24 14 26 17 24 19 24 13 27 14 28 14 28 14 24 15 26 14 28 13 29 11 27 13 27 16 32 10 25 12 31 11 29 7 26 8 33 11 31 12 33 11 35 14 2 1 0 0 0 0 0 0 0 0 ]
CSI_DATA,AP,68:FE:71:12:53:8C,-40,11,1,5,1,1,1,0,0,0,0,-96,0,6,1,38937476,0,84,0,0,38.937,384,[84 -64 4 0 0 0 0 0 0 0 0 0 -9 -13 -11 -15 -12 -14 -8 -14 -9 -13 -8 -20 -10 -12 -8 -19 -10 -14 -7 -12 -7 -17 -3 -15 -4 -20 -3 -12 -3 -14 -10 -20 -7 -14 -2 -12 -4 -12 -3 -15 -10 -11 -5 -17 -10 -14 -7 -14 -5 -16 -6 -10 -2 0 -8 -11 -4 -11 -9 -13 -7 -17 -12 -11 -10 -12 -9 -13 -5 -9 -4 -11 -11 -15 -8 -13 -7 -11 -5 -7 -8 -10 -12 -12 -11 -16 -7 -8 -14 -10 -12 -9 -10 -14 -9 -10 -12 -10 -12 -8 -13 -11 -15 -9 -12 -7 -4 -3 0 0 0 0 0 0 0 0 ]
CSI_DATA,AP,68:FE:71:12:53:8C,-34,11,1,5,1,1,1,0,0,0,0,-95,0,6,1,39049093,0,84,0,0,39.049,384,[84 -64 4 0 0 0 0 0 0 0 0 0 -16 22 -16 21 -20 19 -19 24 -20 20 -23 19 -19 20 -24 22 -25 18 -24 20 -22 16 -21 15 -27 14 -25 14 -23 16 -24 15 -25 12 -25 16 -24 10 -25 17 -20 11 -17 13 -18 11 -17 17 -25 19 -24 15 -1 1 -21 15 -20 20 -15 15 -14 15 -18 19 -21 17 -21 18 -14 13 -14 19 -19 18 -19 20 -14 14 -14 15 -15 20 -18 23 -18 18 -17 22 -15 21 -12 17 -16 17 -14 17 -16 24 -12 18 -14 18 -14 22 -15 19 -2 -2 0 0 0 0 0 0 0 0 ]
CSI_DATA,AP,68:FE:71:12:53:8C,-32,11,1,7,1,1,1,1,0,0,0,-94,2,6,1,39143967,0,84,0,0,39.144,384,[84 -64 4 0 0 0 0 0 0 0 0 0 18 -5 17 -1 13 1 18 3 19 3 14 -1 13 3 17 0 15 5 16 4 12 1 20 1 18 0 18 5 13 4 16 3 14 9 17 4 11 3 13 6 17 7 15 7 10 7 17 3 14 2 16 0 -1 -3 9 6 12 4 14 2 16 5 15 1 17 1 12 6 16 7 16 -1 8 2 12 3 13 5 10 1 14 1 10 0 11 -2 17 5 17 0 15 0 15 1 13 -4 10 1 14 3 16 0 15 1 9 -5 0 3 0 0 0 0 0 0 0 0 ]
CSI_DATA,AP,68:FE:71:12:53:8C,-37,11,1,6,1,1,1,0,0,0,0,-94,0,6,1,39231255,0,84,0,0,39.231,384,[84 -64 4 0 0 0 0 0 0 0 0 0 -20 -2 -21 1 -17 -6 -23 0 -20 -1 -14 -5 -22 -6 -21 -3 -15 -7 -16 -11 -14 -4 -14 -9 -20 -12 -16 -12 -12 -6 -19 -10 -12 -12 -16 -12 -19 -5 -15 -4 -13 -6 -17 -7 -12 -6 -17 -4 -11 -10 -17 -9 -2 4 -19 -4 -16 -7 -17 -4 -19 -4 -15 -10 -12 -4 -11 -3 -18 -8 -14 -3 -10 -1 -15 -6 -15 -1 -10 -8 -13 -4 -11 0 -12 -5 -19 -2 -12 1 -18 -5 -13 -4 -15 1 -11 -4 -19 1 -17 -2 -17 -5 -15 -4 3 2 0 0 0 0 0 0 0 0 ]
CSI_DATA,AP,68:FE:71:12:53:8C,-40,11,1,4,1,1,1,0,0,0,0,-96,0,6,1,39335722,0,84,0,0,39.336,384,[84 -64 4 0 0 0 0 0 0 0 0 0 -12 -14 -18 -15 -16 -11 -18 -13 -12 -18 -14 -11 -17 -14 -10 -19 -17 -19 -15 -15 -14 -19 -12 -19 -11 -20 -10 -16 -8 -19 -9 -12 -9 -18 -8 -13 -7 -17 -13 -16 -6 -16 -7 -14 -11 -16 -7 -14 -8 -17 -13 -11 4 4 -14 -12 -12 -10 -8 -9 -11 -11 -12 -10 -11 -8 -11 -13 -15 -10 -7 -15 -9 -9 -9 -11 -13 -12 -17 -15 -13 -7 -16 -12 -16 -10 -10 -12 -17 -8 -11 -10 -18 -7 -16 -11 -13 -8 -18 -6 -17 -8 -11 -5 -15 -9 -4 1 0 0 0 0 0 0 0 0 ]
CSI_DATA,AP,68:FE:71:12:53:8C,-34,11,1,7,1,1,1,0,0,0,1,-95,0,6,1,39452377,0,82,0,0,39.452,384,[84 -64 4 0 0 0 0 0 0 0 0 0 4 -21 4 -16 7 -23 8 -17 5 -19 4 -16 3 -22 5 -18 4 -19 3 -16 11 -19 11 -20 4 -23 6 -22 11 -14 12 -13 6 -14 6 -20 5 -17 6 -12 10 -19 9 -16 8 -16 11 -18 5 -18 5 -20 -3 -3 9 -19 7 -17 7 -13 4 -13 3 -20 4 -20 0 -13 5 -20 6 -16 -1 -14 2 -12 0 -17 0 -13 -1 -12 4 -19 4 -14 6 -20 -3 -19 2 -13 -1 -16 0 -18 -2 -16 -4 -14 -2 -13 2 -12 4 -13 1 1 0 0 0 0 0 0 0 0 ]
CSI_DATA,AP,68:FE:71:12:53:8C,-34,11,1,6,1,1,1,0,0,0,0,-96,0,6,1,39556000,0,84,0,0,39.556,384,[84 -64 4 0 0 0 0 0 0 0 0 0 10 -15 10 -14 9 -16 13 -16 9 -17 16 -19 13 -15 13 -13 13 -14 13 -10 12 -16 16 -15 18 -11 17 -10 11 -11 11 -7 16 -15 18 -8 16 -8 18 -9 16 -11 15 -10 8 -13 10 -7 10 -7 9 -15 2 1 11 -6 12 -14 16 -12 8 -14 15 -9 14 -7 9 -9 12 -11 15 -7 14 -14 11 -15 8 -12 12 -10 14 -15 7 -10 11 -11 13 -13 6 -12 6 -17 10 -10 8 -16 8 -11 6 -17 10 -10 10 -14 7 -16 -4 -2 0 0 0 0 0 0 0 0 ]
CSI_DATA,AP,68:FE:71:12:53:8C,-31,11,1,6,1,1,1,1,0,0,1,-95,2,6,1,39657447,0,84,0,0,39.657,384,[84 -64 4 0 0 0 0 0 0 0 0 0 -30 -20 -33 -23 -30 -25 -34 -28 -31 -32 -31 -26 -30 -28 -26 -29 -29 -30 -27 -32 -27 -35 -21 -30 -25 -30 -26 -37 -18 -37 -27 -38 -26 -35 -23 -29 -23 -35 -21 -35 -25 -34 -24 -35 -22 -30 -20 -28 -18 -33 -27 -29 3 -4 -24 -32 -21 -31 -24 -29 -23 -29 -19 -30 -21 -26 -28 -26 -21 -30 -27 -28 -22 -18 -29 -27 -24 -20 -30 -27 -25 -27 -25 -27 -29 -19 -23 -23 -33 -24 -32 -17 -32 -14 -30 -16 -33 -19 -31 -20 -29 -17 -26 -23 -28 -21 2 0 0 0 0 0 0 0 0 0 ]
CSI_DATA,AP,68:FE:71:12:53:8C,-36,11,1,6,1,1,1,0,0,0,0,-94,0,6,1,39766873,0,84,0,0,39.767,384,[84 -64 4 0 0 0 0 0 0 0 0 0 -15 14 -18 16 -19 13 -13 15 -17 15 -12 11 -20 10 -19 10 -15 12 -19 10 -19 8 -17 13 -18 14 -17 6 -20 5 -14 5 -15 10 -14 9 -15 8 -13 6 -17 7 -19 8 -19 11 -16 5 -14 12 -17 8 2 2 -10 9 -12 10 -16 12 -18 5 -15 9 -13 11 -17 6 -13 8 -10 13 -7 6 -13 14 -10 10 -7 7 -7 8 -9 8 -13 8 -10 13 -8 15 -8 14 -9 11 -7 12 -8 14 -8 16 -8 17 -12 12 -8 13 -2 2 0 0 0 0 0 0 0 0 ]
CSI_DATA,AP,68:FE:71:12:53:8C,-35,11,1,6,1,1,1,0,0,0,0,-93,0,6,1,39858805,0,84,0,0,39.859,384,[84 -64 4 0 0 0 0 0 0 0 0 0 14 4 18 12 18 6 17 7 12 12 14 15 11 8 10 7 14 15 9 9 13 15 15 8 13 15 8 11 10 10 8 8 6 10 9 7 13 9 6 15 8 8 11 13 6 14 10 12 10 8 11 11 4 1 8 10 13 14 6 12 14 5 6 8 10 13 7 5 9 13 15 6 11 12 7 8 8 6 9 9 8 3 14 7 15 3 8 5 13 10 12 3 11 3 9 6 13 4 16 6 15 4 16 5 17 1 4 -4 0 0 0 0 0 0 0 0 ]
CSI_DATA,AP,68:FE:71:12:53:8C,-37,11,0,0,0,0,0,0,0,0,0,-96,0,6,1,39978182,0,37,0,0,39.978,128,[84 -64 4 0 0 0 0 0 0 0 0 0 1 -18 -5 -19 3 -18 0 -19 1 -21 3 -18 6 -22 5 -24 6 -16 1 -21 0 -20 7 -21 1 -18 1 -20 2 -16 4 -16 3 -17 5 -18 5 -19 1 -18 3 -17 2 -18 3 -21 7 -14 6 -14 6 -16 -2 0 4 -16 0 -21 6 -13 5 -15 0 -12 -2 -18 2 -13 -2 -14 3 -18 -4 -18 -2 -16 -1 -20 1 -14 -2 -15 0 -12 -5 -20 3 -18 -1 -17 1 -20 -3 -19 -4 -20 -4 -13 -3 -14 -6 -19 -6 -17 -4 -13 4 2 0 0 0 0 0 0 0 0 ]
CSI_DATA,AP,68:FE:71:12:53:8C,-34,11,1,6,1,1,1,1,0,0,0,-95,1,6,1,40068393,0,84,0,0,40.068,384,[84 -64 4 0 0 0 0 0 0 0 0 0 -11 -22 -2 -17 -4 -17 -2 -21 -5 -19 -6 -16 -1 -20 -6 -18 1 -24 -4 -17 -5 -19 0 -17 -2 -19 2 -20 -2 -22 2 -23 -3 -15 2 -22 -2 -22 0 -21 0 -21 2 -20 -4 -21 -5 -14 -4 -17 -5 -19 2 0 -1 -16 -1 -14 -1 -18 1 -17 1 -17 -7 -12 1 -20 -6 -18 -2 -13 -3 -12 -8 -17 -8 -20 -8 -15 -7 -19 -4 -11 -7 -13 -4 -19 -3 -17 -10 -16 -6 -16 -9 -13 -7 -19 -5 -12 -4 -18 -10 -11 -6 -10 2 3 0 0 0 0 0 0 0 0 ]
CSI_DATA,AP,68:FE:71:12:53:8C,-36,11,1,7,1,1,1,0,0,0,0,-94,0,6,1,40170276,0,84,0,0,40.17,384,[84 -64 4 0 0 0 0 0 0 0 0 0 15 20 17 15 16 14 8 20 14 17 8 22 7 21 12 21 11 20 8 20 7 17 10 18 7 22 10 16 8 18 12 19 8 23 3 17 8 15 7 21 8 20 5 22 5 17 9 13 3 19 11 14 -1 -3 8 20 9 14 6 19 10 20 11 14 5 20 3 15 8 17 12 15 13 10 12 17 9 14 10 18 7 16 13 18 12 18 13 15 10 13 11 15 8 14 10 12 8 12 10 9 15 14 14 11 15 9 1 1 0 0 0 0 0 0 0 0 ]
CSI_DATA,AP,68:FE:71:12:53:8C,-41,11,1,4,1,1,1,1,0,0,0,-96,3,6,1,40264162,0,84,0,0,40.264,384,[84 -64 4 0 0 0 0 0 0 0 0 0 -4 17 -4 17 -6 21 -6 22 -13 14 -12 15 -11 14 -7 14 -7 15 -8 16 -12 13 -16 15 -12 12 -9 12 -10 15 -11 16 -8 11 -15 15 -14 11 -9 15 -10 14 -13 13 -8 13 -9 17 -13 10 -14 17 3 4 -11 14 -13 17 -5 14 -11 12 -4 13 -8 16 -6 14 -6 15 -5 15 -12 12 -6 11 -8 13 -3 13 -4 13 -7 14 -2 16 -5 14 -7 17 -2 19 -5 17 -4 18 -2 11 -7 11 -7 16 -4 19 1 16 4 0 0 0 0 0 0 0 0 0 ]
CSI_DATA,AP,68:FE:71:12:53:8C,-36,11,1,6,1,1,1,0,0,0,0,-95,0,6,1,40364879,0,84,0,0,40.365,384,[84 -64 4 0 0 0 0 0 0 0 0 0 -4 16 -7 23 -4 24 -9 24 -6 21 -6 18 -5 19 -11 17 -11 17 -12 17 -7 14 -8 19 -8 21 -10 14 -11 18 -10 19 -9 16 -12 16 -5 13 -5 19 -7 15 -12 17 -7 16 -6 18 -12 13 -8 15 -1 1 -4 13 -3 17 -3 15 -3 13 -5 15 -5 19 -8 18 -8 16 -2 15 -6 11 -1 15 -6 14 -7 15 -2 17 -7 14 2 12 -5 20 0 20 -4 12 -4 14 -4 18 -4 16 -1 14 -3 14 -2 19 -2 19 -1 -3 0 0 0 0 0 0 0 0 ]
CSI_DATA,AP,68:FE:71:12:53:8C,-36,11,1,6,1,1,1,0,0,0,0,-95,0,6,1,40455908,0,84,0,0,40.456,384,[84 -64 4 0 0 0 0 0 0 0 0 0 1 15 -2 21 1 19 2 23 -6 18 -3 20 -7 24 0 18 -9 18 -3 18 -1 16 -6 18 -3 20 -8 20 -9 16 -9 19 -3 22 -7 12 -6 19 -6 14 -3 20 -3 12 -3 17 -9 13 -3 18 -5 16 4 1 -1 13 -4 17 -5 18 -7 13 -7 12 1 19 0 17 -6 12 -5 13 -3 13 -1 12 2 17 -3 20 4 18 2 11 -4 13 4 20 4 17 0 16 0 15 2 12 2 11 4 12 2 19 4 19 4 20 0 3 0 0 0 0 0 0 0 0 ]
CSI_DATA,AP,68:FE:71:12:53:8C,-39,11,1,4,1,1,1,0,0,0,0,-95,0,6,1,40567428,0,84,0,0,40.567,384,[84 -64 4 0 0 0 0 0 0 0 0 0 -18 -14 -15 -19 -11 -22 -9 -14 -14 -21 -8 -19 -8 -14 -13 -18 -9 -17 -7 -18 -9 -16 -13 -16 -12 -18 -12 -18 -11 -21 -12 -18 -3 -21 -9 -13 -11 -15 -7 -16 -10 -18 -7 -17 -10 -20 -9 -16 -9 -21 -3 -20 3 4 -7 -13 -7 -15 -7 -15 -12 -18 -6 -20 -5 -14 -12 -19 -10 -15 -11 -13 -8 -17 -6 -18 -7 -16 -7 -14 -9 -13 -12 -17 -15 -14 -9 -15 -7 -10 -7 -13 -14 -13 -7 -10 -13 -17 -13 -15 -16 -12 -11 -10 -11 -10 -4 -2 0 0 0 0 0 0 0 0 ]
CSI_DATA,AP,68:FE:71:12:53:8C,-35,11,1,7,1,1,1,0,0,0,0,-93,0,6,1,40665914,0,84,0,0,40.666,384,[84 -64 4 0 0 0 0 0 0 0 0 0 -15 20 -12 13 -16 20 -19 21 -13 17 -14 18 -16 18 -17 12 -18 13 -15 16 -14 12 -13 12 -18 15 -18 17 -16 10 -17 11 -14 12 -17 11 -16 13 -20 11 -15 13 -13 13 -16 14 -19 13 -14 14 -19 10 1 1 -18 13 -16 10 -12 14 -16 16 -14 11 -15 16 -14 13 -10 9 -15 11 -14 11 -14 15 -9 18 -14 11 -8 14 -8 14 -9 19 -14 15 -9 17 -8 12 -13 11 -14 11 -13 16 -6 19 -7 13 -7 15 -11 17 0 3 0 0 0 0 0 0 0 0 ]
CSI_DATA,AP,68:FE:71:12:53:8C,-33,11,1,7,1,1,1,0,0,0,0,-93,0,6,1,40760433,0,84,0,0,40.76,384,[84 -64 4 0 0 0 0 0 0 0 0 0 20 -11 14 -16 19 -14 15 -11 14 -17 23 -9 21 -10 20 -8 19 -6 17 -13 21 -13 16 -11 19 -13 15 -9 20 -7 20 -10 20 -6 13 -3 14 -5 20 -6 19 -3 17 -7 14 -11 17 -9 16 -10 15 -7 -2 -4 13 -8 12 -5 15 -11 18 -6 12 -10 15 -13 17 -9 13 -11 11 -13 14 -13 15 -9 11 -12 17 -9 12 -8 13 -7 12 -14 17 -17 11 -12 10 -15 11 -14 13 -10 8 -13 11 -14 10 -19 16 -14 10 -13 1 1 0 0 0 0 0 0 0 0 ]
CSI_DATA,AP,68:FE:71:12:53:8C,-41,11,1,6,1,1,1,0,0,0,0,-96,0,6,1,40845316,0,84,0,0,40.845,384,[84 -64 4 0 0 0 0 0 0 0 0 0 -3 22 -8 19 -9 23 -4 17 -11 20 -12 23 -7 17 -8 18 -11 17 -6 13 -8 15 -15 20 -7 18 -10 20 -9 21 -9 20 -14 12 -14 13 -8 16 -14 12 -8 13 -13 17 -13 16 -8 11 -10 15 -10 11 3 2 -9 14 -10 16 -13 20 -11 15 -13 11 -7 17 -8 12 -10 17 -4 16 -4 17 -6 17 -10 16 -2 20 -1 12 -7 13 -8 16 -9 20 -1 21 -5 13 -6 20 -4 16 -8 13 -3 17 -6 16 -2 19 0 20 0 4 0 0 0 0 0 0 0 0 ]
CSI_DATA,AP,68:FE:71:12:53:8C,-36,11,1,6,1,1,1,0,0,0,1,-95,0,6,1,40953164,0,84,0,0,40.953,384,[84 -64 4 0 0 0 0 0 0 0 0 0 16 14 16 12 20 13 21 10 12 12 10 13 15 19 14 13 16 16 17 12 9 19 15 17 9 18 11 15 14 13 11 15 11 18 12 11 12 18 15 19 9 13 8 10 7 18 14 18 11 13 15 14 -1 1 10 12 8 17 12 9 11 8 13 16 8 10 16 11 12 8 12 12 12 12 16 9 14 7 9 7 16 10 10 10 13 7 16 9 17 11 14 5 15 5 15 9 15 9 16 8 15 7 13 11 13 5 0 1 0 0 0 0 0 0 0 0 ]
CSI_DATA,AP,68:FE:71:12:53:8C,-34,11,1,6,1,1,1,0,0,0,0,-94,0,6,1,41070803,0,84,0,0,41.071,384,[84 -64 4 0 0 0 0 0 0 0 0 0 22 0 19 0 20 -7 25 -6 25 1 21 3 20 4 24 2 17 0 16 -3 22 3 19 -3 18 2 17 5 19 0 19 6 15 5 19 6 22 1 17 -1 21 6 19 -1 18 -2 17 1 23 1 14 3 0 1 15 5 15 2 20 -1 19 -5 17 3 19 -4 13 4 20 2 20 3 14 -4 13 -1 19 -4 13 -7 13 -2 19 -4 15 0 21 -5 13 -8 20 -7 17 -9 20 -9 20 -5 17 -3 15 -8 15 -7 20 -3 4 4 0 0 0 0 0 0 0 0 ]
CSI_DATA,AP,68:FE:71:12:53:8C,-38,11,1,7,1,1,1,1,0,0,0,-94,3,6,1,41163518,0,84,0,0,41.164,384,[84 -64 4 0 0 0 0 0 0 0 0 0 22 10 22 14 19 13 18 10 18 11 19 15 16 15 15 12 18 10 19 12 19 16 14 10 11 14 12 18 13 14 12 15 13 15 12 11 16 17 16 16 15 12 17 10 15 16 17 17 16 15 17 12 2 -2 16 9 10 14 9 16 12 12 14 7 18 9 9 9 9 7 9 12 13 10 15 9 15 9 17 6 12 11 18 8 14 10 19 8 12 9 19 5 12 1 19 8 19 11 14 3 19 4 19 4 16 6 2 -2 0 0 0 0 0 0 0 0 ]
CSI_DATA,AP,68:FE:71:12:53:8C,-34,11,1,6,1,1,1,0,0,0,0,-94,0,6,1,41280466,0,84,0,0,41.28,384,[84 -64 4 0 0 0 0 0 0 0 0 0 13 17 12 21 8 22 6 16 7 16 3 19 9 19 1 14 2 19 2 21 5 20 1 21 2 23 8 15 4 22 2 19 -1 20 5 17 5 17 -1 13 4 20 5 13 0 20 -2 17 7 17 1 16 0 -4 3 13 0 13 9 14 8 15 7 12 7 15 8 15 1 16 3 18 10 14 7 14 6 18 7 16 8 17 4 11 12 16 6 14 12 16 6 12 5 8 11 15 11 12 7 17 15 16 13 12 7 14 -4 1 0 0 0 0 0 0 0 0 ]
CSI_DATA,AP,68:FE:71:12:53:8C,-36,11,1,6,1,1,1,0,0,0,0,-95,0,6,1,41384473,0,84,0,0,41.384,384,[84 -64 4 0 0 0 0 0 0 0 0 0 -7 16 -15 21 -9 21 -12 17 -12 15 -15 16 -16 17 -11 15 -14 13 -16 14 -11 12 -12 18 -18 18 -19 18 -15 10 -13 12 -14 15 -14 15 -14 9 -16 15 -12 14 -17 11 -17 11 -12 9 -16 9 -12 9 0 4 -13 13 -15 14 -14 12 -11 16 -9 15 -12 9 -12 9 -8 8 -14 8 -8 15 -12 13 -9 9 -10 11 -5 16 -11 13 -10 16 -7 19 -5 17 -11 10 -8 11 -7 15 -6 10 -8 13 -10 17 -5 12 -10 14 -1 0 0 0 0 0 0 0 0 0 ]
CSI_DATA,AP,68:FE:71:12:53:8C,-32,11,1,7,1,1,1,0,0,0,0,-94,0,6,1,41496579,0,84,0,0,41.497,384,[84 -64 4 0 0 0 0 0 0 0 0 0 -4 -25 1 -21 -1 -19 -1 -24 4 -26 -1 -16 -1 -24 6 -24 1 -19 6 -21 -1 -22 3 -23 7 -17 3 -20 0 -19 5 -25 3 -17 0 -21 2 -14 8 -21 6 -18 1 -22 6 -19 7 -19 1 -15 2 -21 3 -3 1 -13 3 -22 5 -15 4 -18 3 -14 -3 -21 2 -20 5 -14 4 -14 0 -14 -3 -15 0 -16 -3 -16 -4 -13 -4 -14 1 -19 -4 -16 -7 -19 -4 -17 -6 -18 -4 -19 -4 -17 -8 -18 -4 -22 -8 -15 -1 -16 1 -2 0 0 0 0 0 0 0 0 ]
CSI_DATA,AP,68:FE:71:12:53:8C,-32,11,1,7,1,1,1,0,0,0,0,-93,0,6,1,41606209,0,84,0,0,41.606,384,[84 -64 4 0 0 0 0 0 0 0 0 0 -9 14 -9 18 -9 19 -16 23 -15 20 -11 19 -14 16 -14 17 -15 15 -12 19 -13 18 -11 13 -13 17 -14 15 -17 17 -13 12 -19 14 -12 13 -11 14 -11 10 -13 9 -13 16 -12 8 -12 13 -16 11 -15 10 2 -2 -16 11 -16 15 -16 17 -10 14 -9 16 -15 12 -11 10 -8 14 -12 12 -8 10 -8 19 -8 14 -7 19 -12 17 -7 12 -10 11 -12 18 -8 15 -6 11 -11 18 -4 19 -5 19 -3 13 -5 19 -7 11 -6 19 1 -2 0 0 0 0 0 0 0 0 ]
CSI_DATA,AP,68:FE:71:12:53:8C,-37,11,1,7,1,1,1,0,0,0,1,-94,0,6,1,41720651,0,84,0,0,41.721,384,[84 -64 4 0 0 0 0 0 0 0 0 0 -21 -6 -22 1 -24 -4 -22 -3 -23 -2 -19 -7 -22 -2 -18 -9 -24 -4 -24 -10 -19 -5 -22 -10 -17 -5 -22 -10 -15 -9 -24 -9 -18 -6 -17 -3 -15 -3 -15 -5 -13 -10 -16 -9 -17 -9 -14 -11 -20 -10 -20 -3 3 4 -15 -4 -17 -6 -15 -3 -15 -4 -18 -7 -19 -6 -14 -6 -18 -1 -14 -7 -14 -4 -19 -4 -16 -8 -20 -7 -15 1 -19 -4 -18 -4 -21 -2 -21 -1 -21 0 -19 0 -19 2 -19 3 -18 -2 -15 3 -19 2 -13 3 0 1 0 0 0 0 0 0 0 0 ]
CSI_DATA,AP,68:FE:71:12:53:8C,-39,11,1,6,1,1,1,0,0,0,0,-95,0,6,1,41839181,0,84,0,0,41.839,384,[84 -64 4 0 0 0 0 0 0 0 0 0 11 -20 14 -11 18 -19 19 -11 18 -17 18 -15 16 -9 20 -8 17 -10 13 -11 13 -10 15 -10 18 -11 13 -12 17 -10 18 -14 19 -13 18 -6 14 -9 19 -5 19 -6 12 -7 15 -10 20 -5 19 -9 18 -7 4 4 19 -13 16 -13 14 -7 15 -11 11 -12 14 -12 14 -13 14 -6 12 -11 15 -13 11 -9 9 -11 7 -15 10 -16 7 -10 12 -11 12 -18 10 -18 12 -9 10 -11 14 -14 9 -15 9 -13 6 -13 8 -10 12 -13 3 -3 0 0 0 0 0 0 0 0 ]
CSI_DATA,AP,68:FE:71:12:53:8C,-35,11,1,6,1,1,1,0,0,0,0,-95,0,6,1,41959608,0,84,0,0,41.96,384,[84 -64 4 0 0 0 0 0 0 0 0 0 -19 15 -18 11 -21 13 -22 10 -16 9 -21 4 -17 10 -23 7 -23 4 -22 4 -23 4 -16 11 -18 3 -18 4 -19 1 -17 2 -21 7 -13 5 -15 4 -19 2 -18 1 -14 1 -14 0 -17 0 -16 5 -21 7 -3 -2 -16 6 -17 5 -17 6 -16 11 -14 9 -20 2 -20 9 -12 6 -18 4 -14 7 -19 7 -17 10 -16 7 -14 9 -12 6 -19 10 -19 7 -11 13 -17 14 -8 7 -12 12 -11 6 -9 15 -12 11 -16 15 -15 9 3 3 0 0 0 0 0 0 0 0 ]
CSI_DATA,AP,68:FE:71:12:53:8C,-38,11,1,7,1,1,1,0,0,0,0,-96,0,6,1,42065180,0,84,0,0,42.065,384,[84 -64 4 0 0 0 0 0 0 0 0 0 18 -7 17 -3 22 -2 19 0 24 -2 20 -1 23 -3 21 2 17 -4 16 -4 22 -1 20 -4 16 -1 20 -3 22 -3 20 -3 19 -2 19 -3 21 -3 20 -1 14 -1 15 4 19 2 19 -2 18 5 16 4 0 4 13 2 14 -5 14 0 12 -2 13 2 17 -4 18 -4 15 -4 19 -7 12 0 18 -3 11 -6 13 -3 10 -4 12 0 12 -2 16 -6 18 -8 19 -3 12 -2 12 -6 14 -9 14 -4 17 -12 13 -3 18 -8 -1 1 0 0 0 0 0 0 0 0 ]
CSI_DATA,AP,68:FE:71:12:53:8C,-36,11,1,6,1,1,1,0,0,0,0,-93,0,6,1,42170641,0,82,0,0,42.171,384,[84 -64 4 0 0 0 0 0 0 0 0 0 -16 -2 -17 3 -23 -1 -21 -1 -23 -1 -23 -4 -18 -6 -16 -10 -23 -6 -21 -5 -20 -2 -22 -8 -24 -3 -15 -5 -21 -4 -20 -8 -22 -11 -15 -7 -18 -6 -13 -11 -15 -5 -16 -4 -18 -5 -18 -9 -15 -10 -21 -5 -3 1 -13 -9 -19 -2 -12 -1 -17 -2 -13 -2 -18 -5 -12 -2 -16 -5 -19 -4 -15 2 -14 -1 -16 -5 -18 -1 -20 -6 -20 1 -13 -2 -13 0 -15 1 -21 1 -18 -2 -17 -3 -18 4 -18 4 -14 6 -18 3 -17 -3 0 1 0 0 0 0 0 0 0 0 ]
CSI_DATA,AP,68:FE:71:12:53:8C,-34,11,1,7,1,1,1,1,0,0,0,-93,3,6,1,42270855,0,84,0,0,42.271,384,[84 -64 4 0 0 0 0 0 0 0 0 0 -24 -11 -23 -7 -24 -12 -24 -10 -18 -11 -21 -14 -16 -13 -18 -13 -15 -8 -20 -14 -21 -15 -17 -9 -16 -17 -17 -14 -14 -12 -19 -10 -11 -14 -18 -8 -14 -9 -19 -11 -10 -17 -18 -15 -16 -16 -18 -14 -14 -14 -18 -8 -3 4 -13 -8 -16 -12 -14 -13 -15 -6 -16 -8 -11 -6 -14 -6 -11 -12 -12 -10 -13 -5 -16 -13 -16 -6 -16 -3 -20 -3 -19 -8 -18 -8 -18 -5 -19 -4 -20 -9 -18 -6 -20 -9 -19 -1 -15 -5 -16 -2 -20 -5 -16 -9 4 -2 0 0 0 0 0 0 0 0 ]
CSI_DATA,AP,68:FE:71:12:53:8C,-32,11,1,7,1,1,1,0,0,0,0,-94,0,6,1,42382529,0,84,0,0,42.383,384,[84 -64 4 0 0 0 0 0 0 0 0 0 23 0 23 2 18 1 25 10 24 3 18 6 19 5 15 5 19 4 18 3 16 6 20 4 20 8 19 11 13 12 15 8 13 6 12 5 11 6 16 8 17 6 11 13 12 8 19 7 16 10 16 6 1 2 11 3 13 7 16 8 17 8 11 9 12 2 15 8 15 9 17 8 16 5 15 1 15 7 11 8 18 -1 13 3 17 6 20 -1 14 -3 16 2 14 3 12 5 16 4 19 4 18 0 17 -2 16 0 -4 1 0 0 0 0 0 0 0 0 ]
CSI_DATA,AP,68:FE:71:12:53:8C,-39,11,1,6,1,1,1,0,0,0,0,-95,0,6,1,42468012,0,84,0,0,42.468,384,[84 -64 4 0 0 0 0 0 0 0 0 0 14 -20 15 -16 11 -16 13 -15 10 -13 13 -17 16 -12 14 -15 16 -9 11 -13 13 -12 11 -18 12 -16 16 -10 18 -13 13 -15 16 -11 15 -13 9 -9 14 -12 11 -14 10 -15 16 -10 14 -8 9 -7 11 -14 -1 4 10 -7 10 -12 16 -13 13 -10 8 -14 15 -8 10 -7 14 -7 14 -7 12 -8 6 -10 12 -16 11 -11 4 -9 11 -9 10 -18 9 -10 5 -12 7 -16 5 -11 12 -12 4 -16 7 -15 4 -18 9 -18 4 -10 -4 0 0 0 0 0 0 0 0 0 ]
CSI_DATA,AP,68:FE:71:12:53:8C,-33,11,1,7,1,1,1,0,0,0,0,-93,0,6,1,42580747,0,84,0,0,42.581,384,[84 -64 4 0 0 0 0 0 0 0 0 0 16 7 15 8 20 12 17 11 17 10 15 6 15 6 14 12 13 14 14 9 17 12 15 10 19 10 17 14 17 9 15 8 10 13 8 11 13 9 14 6 10 13 11 13 8 13 11 9 8 9 15 10 -3 -3 8 12 9 8 11 5 12 3 10 12 14 4 12 8 10 9 15 5 11 9 16 9 14 7 13 8 13 2 17 4 18 4 13 2 10 0 14 2 16 -1 11 7 16 2 16 4 12 -2 14 6 15 2 -4 -4 0 0 0 0 0 0 0 0 ]
CSI_DATA,AP,68:FE:71:12:53:8C,-33,11,1,6,1,1,1,1,0,0,0,-93,2,6,1,42695883,0,84,0,0,42.696,384,[84 -64 4 0 0 0 0 0 0 0 0 0 -13 7 -14 4 -20 4 -20 5 -15 6 -21 3 -21 0 -18 1 -21 -1 -14 5 -16 -1 -20 1 -16 3 -20 -2 -20 -4 -18 5 -16 0 -13 3 -16 -3 -14 2 -17 3 -18 -3 -16 -3 -16 -1 -18 4 -15 5 -1 3 -18 4 -14 2 -18 3 -11 6 -16 3 -19 -2 -13 3 -15 6 -11 5 -11 4 -19 5 -11 2 -17 2 -17 2 -11 6 -13 5 -14 2 -17 3 -18 2 -11 11 -11 3 -17 5 -9 9 -13 9 -16 4 -14 5 2 -3 0 0 0 0 0 0 0 0 ]
CSI_DATA,AP,68:FE:71:12:53:8C,-40,11,1,4,1,1,1,0,0,0,0,-96,0,6,1,42784887,0,84,0,0,42.785,384,[84 -64 4 0 0 0 0 0 0 0 0 0 -3 18 -3 19 2 13 -2 19 0 15 2 16 -6 16 -1 17 -2 19 -2 12 1 15 -2 15 -1 16 -5 12 -5 16 -3 17 -3 14 -1 9 -4 12 1 14 -6 8 -7 10 -4 12 -8 16 -6 13 -7 10 -1 1 -6 9 -3 10 -3 11 -5 17 -3 14 3 16 -3 10 1 9 1 10 -2 14 -4 11 -1 14 5 12 -1 9 3 16 -2 16 -2 14 -1 11 -2 14 2 16 1 10 2 12 5 12 5 18 5 16 3 13 2 1 0 0 0 0 0 0 0 0 ]
CSI_DATA,AP,68:FE:71:12:53:8C,-34,11,1,7,1,1,1,0,0,0,0,-93,0,6,1,42877184,0,82,0,0,42.877,384,[84 -64 4 0 0 0 0 0 0 0 0 0 17 17 17 17 10 15 13 16 12 21 8 15 16 20 7 13 8 19 10 20 11 19 10 21 15 14 7 19 9 19 14 20 11 19 10 12 6 17 9 12 7 15 6 18 11 15 8 16 6 15 4 18 -2 -2 11 9 7 14 12 12 12 8 8 14 13 13 13 16 13 9 10 12 13 8 6 7 8 12 12 7 7 8 6 14 15 9 7 10 10 6 10 7 13 7 9 14 13 8 9 9 15 15 12 15 7 10 4 3 0 0 0 0 0 0 0 0 ]
CSI_DATA,AP,68:FE:71:12:53:8C,-38,11,1,5,1,1,1,0,0,0,0,-95,0,6,1,42994919,0,84,0,0,42.995,384,[84 -64 4 0 0 0 0 0 0 0 0 0 18 8 18 8 13 6 19 5 18 7 17 8 20 9 17 9 12 10 10 10 19 8 20 14 10 11 9 13 11 10 18 9 13 9 9 6 10 13 8 12 13 6 9 11 10 10 8 9 15 9 16 7 2 -3 12 11 11 7 17 4 16 5 9 10 14 5 12 7 8 6 8 4 15 4 11 7 16 3 9 3 17 4 11 2 17 9 14 8 10 2 9 4 10 4 12 6 11 2 15 7 17 2 14 1 18 1 0 3 0 0 0 0 0 0 0 0 ]
CSI_DATA,AP,68:FE:71:12:53:8C,-30,11,1,7,1,1,1,0,0,0,1,-95,0,6,1,43117385,0,84,0,0,43.117,384,[84 -64 4 0 0 0 0 0 0 0 0 0 1 -22 1 -19 6 -15 4 -20 4 -20 3 -17 7 -14 6 -16 7 -16 6 -20 8 -17 7 -16 4 -18 6 -13 3 -18 3 -20 10 -12 3 -16 9 -10 4 -18 3 -16 5 -17 8 -9 10 -11 10 -13 6 -16 -2 4 8 -17 4 -18 1 -14 5 -11 0 -17 6 -16 0 -11 1 -11 2 -17 0 -11 4 -13 4 -17 2 -10 0 -16 4 -16 2 -15 -2 -17 2 -13 4 -15 2 -16 4 -18 0 -16 2 -11 -1 -13 -5 -18 -5 -14 0 -4 0 0 0 0 0 0 0 0 ]
CSI_DATA,AP,68:FE:71:12:53:8C,-37,11,1,6,1,1,1,1,0,0,0,-95,1,6,1,43219586,0,84,0,0,43.22,384,[84 -64 4 0 0 0 0 0 0 0 0 0 0 -7 3 -10 4 -9 -1 -13 1 -6 -1 -8 -2 -12 6 -12 3 -6 6 -10 0 -11 0 -10 1 -5 2 -8 6 -11 1 -8 5 -4 6 -4 6 -3 1 -9 4 -10 -1 -6 6 -3 4 -5 -1 -9 -1 -4 -2 2 -1 -10 -1 -5 5 -11 4 -9 4 -7 6 -7 1 -4 2 -9 3 -11 0 -11 -2 -7 3 -11 1 -4 0 -6 -3 -7 2 -12 0 -8 -4 -4 2 -6 -4 -4 2 -4 1 -8 2 -7 2 -12 -1 -8 1 -6 2 2 0 0 0 0 0 0 0 0 ]
CSI_DATA,AP,68:FE:71:12:53:8C,-31,11,1,7,1,1,1,0,0,0,0,-95,0,6,1,43341410,0,84,0,0,43.341,384,[84 -64 4 0 0 0 0 0 0 0 0 0 -5 -16 -4 -16 -8 -20 -1 -16 0 -22 1 -18 -5 -16 0 -19 -1 -16 -2 -23 0 -20 -4 -24 0 -20 -2 -15 2 -18 -2 -23 -4 -20 -4 -21 0 -16 3 -18 1 -13 1 -19 0 -18 3 -20 -4 -18 -1 -19 4 4 -3 -18 -4 -18 -4 -18 -2 -12 -1 -19 -1 -13 0 -12 -2 -17 -6 -17 -7 -12 0 -18 -6 -13 -6 -17 -8 -17 0 -16 -4 -13 -9 -12 -4 -11 -5 -16 -6 -15 -6 -16 -6 -11 -9 -18 -3 -15 -3 -14 -4 -10 -3 -2 0 0 0 0 0 0 0 0 ]
CSI_DATA,AP,68:FE:71:12:53:8C,-38,11,1,7,1,1,1,0,0,0,0,-95,0,6,1,43448333,0,84,0,0,43.448,384,[84 -64 4 0 0 0 0 0 0 0 0 0 21 11 20 12 21 12 18 13 15 15 11 7 14 9 11 10 12 14 8 9 13 12 14 16 10 8 12 11 13 13 12 8 9 9 11 10 10 9 7 10 11 10 7 9 12 11 12 10 8 9 11 3 -3 4 14 5 13 6 9 8 8 6 7 9 13 6 7 3 12 7 10 3 15 5 10 -1 7 4 15 0 11 6 14 -2 17 1 10 3 12 1 9 3 16 3 11 -1 8 -1 13 -2 12 -4 14 -1 13 -4 0 1 0 0 0 0 0 0 0 0 ]
CSI_DATA,AP,68:FE:71:12:53:8C,-36,11,1,6,1,1,1,1,0,0,0,-95,2,6,1,43554792,0,84,0,0,43.555,384,[84 -64 4 0 0 0 0 0 0 0 0 0 24 5 21 -1 23 0 20 0 16 3 17 3 20 6 17 5 20 3 13 8 20 4 15 8 12 9 19 9 15 3 12 6 10 8 8 6 13 1 11 1 7 8 16 5 9 6 13 7 8 5 7 0 -4 -1 10 1 8 -3 7 -3 10 -1 6 -1 6 2 12 1 10 -6 10 2 5 -4 12 -2 6 -5 12 -3 8 -6 11 -8 10 -8 11 -3 12 -8 7 -7 11 -3 7 -9 4 -11 5 -10 9 -8 10 -12 11 -5 3 2 0 0 0 0 0 0 0 0 ]
CSI_DATA,AP,68:FE:71:12:53:8C,-37,11,1,6,1,1,1,0,0,0,0,-95,0,6,1,43652927,0,84,0,0,43.653,384,[84 -64 4 0 0 0 0 0 0 0 0 0 17 21 12 21 8 20 8 23 11 20 5 25 3 23 2 17 4 19 5 16 2 21 4 23 3 22 3 20 2 17 -1 15 5 20 6 17 -1 15 7 17 1 13 1 14 4 13 4 13 3 16 2 10 1 1 10 14 8 7 9 12 8 10 4 9 6 13 10 8 7 6 5 9 12 3 12 6 9 8 8 9 7 2 7 10 14 8 10 5 10 9 15 5 15 8 8 7 13 0 8 4 11 4 16 -1 11 3 -1 -1 0 0 0 0 0 0 0 0 ]
CSI_DATA,AP,68:FE:71:12:53:8C,-36,11,1,6,1,1,1,0,0,0,0,-95,0,6,1,43753089,0,84,0,0,43.753,384,[84 -64 4 0 0 0 0 0 0 0 0 0 30 -20 27 -21 23 -23 27 -14 31 -15 30 -14 30 -10 22 -12 28 -14 25 -14 25 -13 28 -11 28 -7 21 -5 17 -5 21 -9 17 -10 19 -11 21 -10 14 -7 21 -11 14 -8 14 -4 15 -10 12 -9 17 -11 -3 0 14 -12 15 -14 14 -7 11 -6 6 -9 14 -6 6 -11 5 -13 10 -14 4 -12 5 -15 10 -10 7 -14 2 -14 6 -12 3 -16 4 -12 0 -14 2 -9 -2 -16 3 -10 1 -12 1 -9 -3 -12 -1 -12 -4 -13 0 4 0 0 0 0 0 0 0 0 ]
CSI_DATA,AP,68:FE:71:12:53:8C,-38,11,1,6,1,1,1,0,0,0,0,-95,0,6,1,43875670,0,84,0,0,43.876,384,[84 -64 4 0 0 0 0 0 0 0 0 0 -4 21 -3 16 -2 17 -10 18 -2 15 -3 19 -4 14 -6 13 -8 11 -7 14 -5 19 -3 16 -2 10 -5 14 -4 10 -5 11 -9 11 -6 14 -7 9 -8 13 -2 17 -5 10 -9 17 -6 14 -5 18 -2 15 -3 -3 -5 13 -3 14 -3 18 -4 13 -4 17 -3 12 -5 17 -6 15 -2 14 -7 14 -7 14 0 18 0 18 -7 13 -6 18 -3 19 -6 17 -5 14 1 15 -2 15 -7 15 -5 13 -6 19 -7 20 -2 15 -4 11 -3 -1 0 0 0 0 0 0 0 0 ]
CSI_DATA,AP,68:FE:71:12:53:8C,-39,11,1,5,1,1,1,0,0,0,0,-94,0,6,1,43962084,0,84,0,0,43.962,384,[84 -64 4 0 0 0 0 0 0 0 0 0 3 -4 2 -5 2 0 5 -4 7 -4 3 -6 6 1 5 1 9 -4 7 0 9 -3 10 -3 3 -4 7 0 7 2 9 -4 4 -4 7 -4 6 2 4 -5 2 -2 7 1 5 0 5 1 9 2 10 -1 -1 3 3 -3 3 2 2 0 5 -3 9 -3 8 1 6 -5 3 -3 4 -6 9 -2 9 -2 3 0 2 -1 8 -2 2 1 9 2 10 -4 10 1 7 1 1 -1 4 2 1 0 8 -7 3 -7 7 -1 2 -2 1 4 0 0 0 0 0 0 0 0 ]
CSI_DATA,AP,68:FE:71:12:53:8C,-37,11,1,5,1,1,1,0,0,0,0,-94,0,6,1,44090669,0,84,0,0,44.091,384,[84 -64 4 0 0 0 0 0 0 0 0 0 -13 -10 -11 -12 -8 -16 -9 -18 -11 -14 -12 -13 -7 -17 -8 -18 -12 -16 -6 -15 -10 -20 -11 -15 -9 -19 -7 -18 -7 -16 -10 -17 -5 -12 -10 -15 -5 -16 -4 -11 -3 -18 -9 -18 -5 -15 -4 -16 -6 -12 -7 -11 -3 1 -6 -15 -11 -15 -8 -14 -11 -15 -4 -15 -6 -15 -7 -10 -11 -16 -7 -12 -5 -11 -7 -12 -10 -10 -7 -15 -7 -13 -11 -11 -9 -14 -10 -8 -14 -14 -7 -8 -11 -12 -13 -12 -7 -12 -9 -8 -9 -6 -14 -11 -14 -11 3 -1 0 0 0 0 0 0 0 0 ]
CSI_DATA,AP,68:FE:71:12:53:8C,-37,11,1,6,1,1,1,0,0,0,0,-96,0,6,1,44181620,0,84,0,0,44.182,384,[84 -64 4 0 0 0 0 0 0 0 0 0 21 -1 20 -5 22 -5 17 0 21 0 18 -2 22 0 17 -4 19 0 21 -1 23 2 24 -2 24 7 18 5 16 7 20 0 19 5 19 8 16 5 19 1 15 9 20 9 17 7 20 7 16 5 16 7 -1 -3 16 6 19 6 17 6 15 3 18 4 18 1 15 -1 18 0 21 -3 17 -6 19 -1 21 -3 18 1 15 1 17 -2 22 -1 23 -5 21 -2 20 -5 19 -6 19 -1 21 -4 16 1 22 0 20 -1 20 -5 0 2 0 0 0 0 0 0 0 0 ]
CSI_DATA,AP,68:FE:71:12:53:8C,-36,11,1,7,1,1,1,0,0,0,1,-96,0,6,1,44264858,0,84,0,0,44.265,384,[84 -64 4 0 0 0 0 0 0 0 0 0 -1 16 2 11 0 15 2 15 3 12 4 20 -2 17 -2 13 1 14 2 14 -1 16 -2 17 1 22 -4 15 2 22 -3 22 2 19 2 17 -4 21 -4 20 -5 14 0 20 0 19 -1 17 0 16 -7 19 4 1 1 18 -1 19 -6 22 -1 17 2 15 1 16 -3 21 2 17 -2 17 1 18 -2 19 4 14 4 18 -1 18 3 19 3 14 1 17 -1 18 3 19 2 15 4 16 3 15 1 19 6 16 -2 21 4 12 0 -3 0 0 0 0 0 0 0 0 ]
CSI_DATA,AP,68:FE:71:12:53:8C,-33,11,1,7,1,1,1,0,0,0,0,-95,0,6,1,44358057,0,84,0,0,44.358,384,[84 -64 4 0 0 0 0 0 0 0 0 0 15 6 5 6 6 5 9 6 12 4 10 10 11 12 6 8 10 10 9 9 11 7 12 12 10 5 3 4 10 12 7 12 11 4 6 3 8 5 3 9 3 4 11 7 7 4 3 7 8 8 3 11 2 2 10 8 5 3 7 6 12 9 4 3 5 2 8 9 10 3 9 8 8 7 7 6 4 4 5 0 4 5 10 0 12 6 12 2 6 3 6 2 5 4 11 3 13 -2 11 -1 8 -1 9 3 5 6 -1 -3 0 0 0 0 0 0 0 0 ]
CSI_DATA,AP,68:FE:71:12:53:8C,-38,11,1,5,1,1,1,0,0,0,0,-96,0,6,1,44471351,0,84,0,0,44.471,384,[82 -96 4 0 0 0 0 0 0 0 0 0 -18 1 -24 2 -17 0 -23 -4 -20 -1 -18 -4 -20 -6 -22 -1 -24 -6 -19 -3 -23 -3 -22 -5 -16 -8 -16 0 -17 -7 -15 -1 -18 -4 -16 -7 -18 0 -20 -5 -13 -4 -14 -3 -15 -5 -19 0 -21 -4 -18 -3 0 2 -20 0 -20 -1 -16 -5 -17 1 -20 1 -17 -3 -15 0 -19 -5 -18 -5 -16 -5 -13 0 -17 -3 -15 0 -13 -3 -14 2 -18 1 -19 -1 -12 -1 -15 2 -18 2 -18 1 -17 5 -19 1 -19 1 -19 3 -18 0 0 0 0 0 0 0 0 0 0 0 ]
CSI_DATA,AP,68:FE:71:12:53:8C,-33,11,1,7,1,1,1,1,0,0,0,-94,4,6,1,44572835,0,84,0,0,44.573,384,[84 -64 4 0 0 0 0 0 0 0 0 0 -14 7 -23 9 -21 6 -17 1 -16 7 -16 6 -22 3 -18 2 -18 6 -15 -1 -17 -2 -17 -1 -18 -2 -18 0 -16 4 -17 5 -15 -2 -14 -2 -22 -3 -21 1 -16 3 -20 1 -19 4 -16 2 -19 4 -18 -2 1 -1 -13 0 -14 2 -15 -1 -19 5 -15 -2 -12 5 -17 3 -17 3 -13 0 -19 3 -17 2 -16 1 -16 6 -10 3 -13 9 -17 6 -17 10 -17 9 -18 2 -17 6 -15 4 -15 3 -14 11 -10 5 -12 8 -15 4 1 3 0 0 0 0 0 0 0 0 ]
CSI_DATA,AP,68:FE:71:12:53:8C,-38,11,1,5,1,1,1,0,0,0,0,-95,0,6,1,44682265,0,84,0,0,44.682,384,[84 -64 4 0 0 0 0 0 0 0 0 0 -16 -16 -13 -11 -14 -11 -19 -13 -14 -15 -15 -12 -18 -12 -14 -12 -18 -16 -17 -14 -17 -15 -17 -12 -16 -12 -12 -18 -8 -13 -8 -16 -9 -12 -12 -13 -14 -14 -7 -11 -10 -11 -13 -17 -8 -17 -11 -11 -10 -12 -10 -13 3 2 -15 -12 -10 -10 -15 -11 -9 -10 -9 -10 -10 -10 -8 -10 -11 -15 -11 -9 -10 -9 -13 -8 -16 -9 -12 -10 -15 -6 -16 -6 -17 -9 -14 -13 -15 -8 -16 -12 -15 -9 -15 -5 -15 -9 -18 -6 -12 -7 -11 -8 -11 -9 0 -1 0 0 0 0 0 0 0 0 ]
CSI_DATA,AP,68:FE:71:12:53:8C,-31,11,1,7,1,1,1,1,0,0,0,-94,5,6,1,44782525,0,84,0,0,44.783,384,[84 -64 4 0 0 0 0 0 0 0 0 0 -10 -17 -4 -24 -2 -24 -1 -17 -2 -16 -4 -17 -2 -15 2 -20 -4 -20 1 -15 0 -23 2 -18 2 -21 -2 -22 1 -17 2 -15 -1 -15 -3 -20 1 -21 4 -16 -4 -13 -1 -18 -1 -19 3 -13 3 -14 -5 -16 -4 2 1 -14 -4 -12 -6 -20 -2 -15 -2 -12 -4 -13 -5 -18 -5 -14 1 -13 -6 -11 -2 -12 -6 -13 -6 -13 -1 -17 -7 -12 -8 -12 -9 -17 -3 -16 -9 -19 -6 -11 -5 -18 -3 -10 -6 -18 -9 -17 -9 -9 -7 -17 4 0 0 0 0 0 0 0 0 0 ]
CSI_DATA,AP,68:FE:71:12:53:8C,-35,11,1,6,1,1,1,0,0,0,1,-94,0,6,1,44911108,0,84,0,0,44.911,384,[84 -64 4 0 0 0 0 0 0 0 0 0 9 -22 8 -16 8 -17 6 -20 8 -13 8 -20 11 -16 7 -18 12 -17 10 -15 10 -15 8 -13 15 -18 8 -16 11 -14 12 -12 9 -10 15 -12 16 -9 12 -10 14 -11 9 -10 13 -11 12 -16 14 -11 6 -8 -1 -4 8 -8 11 -8 10 -12 9 -9 8 -12 11 -14 8 -9 8 -14 8 -13 7 -11 4 -16 5 -17 3 -14 10 -15 3 -13 9 -16 4 -15 2 -13 2 -17 4 -14 8 -17 1 -11 1 -11 0 -15 8 -16 4 -12 2 2 0 0 0 0 0 0 0 0 ]
CSI_DATA,AP,68:FE:71:12:53:8C,-30,11,1,6,1,1,1,0,0,0,0,-96,0,6,1,45016671,0,84,0,0,45.017,384,[84 -64 4 0 0 0 0 0 0 0 0 0 -14 -2 -17 -1 -17 -3 -21 -6 -20 -7 -17 -3 -15 -9 -16 -10 -17 -6 -17 -8 -14 -5 -13 -10 -14 -10 -15 -8 -14 -8 -13 -8 -11 -7 -15 -10 -13 -9 -14 -6 -16 -8 -15 -9 -14 -5 -17 -5 -14 -9 -17 -7 2 -2 -10 -10 -10 -10 -12 -6 -10 -4 -14 -10 -14 -5 -9 -3 -11 -10 -14 -1 -12 -8 -17 -1 -16 -3 -12 -8 -17 -3 -13 -7 -14 0 -19 -2 -19 -6 -17 -3 -11 0 -19 -1 -15 -1 -18 -3 -13 3 -18 -3 -13 -2 -4 4 0 0 0 0 0 0 0 0 ]
CSI_DATA,AP,68:FE:71:12:53:8C,-36,11,1,6,1,1,1,1,0,0,0,-95,1,6,1,45104668,0,84,0,0,45.105,384,[84 -64 4 0 0 0 0 0 0 0 0 0 20 3 16 1 18 8 17 2 15 1 22 8 14 6 20 11 19 9 22 9 18 3 21 10 18 4 21 11 17 9 14 7 14 11 12 6 18 8 18 5 14 5 14 8 12 4 12 3 10 9 18 9 0 1 16 6 14 2 18 9 18 3 11 4 11 6 10 2 11 8 11 6 18 0 17 4 14 2 14 -1 17 -2 11 6 20 5 15 4 18 2 11 0 10 4 13 1 18 1 13 4 16 0 17 2 16 -1 1 1 0 0 0 0 0 0 0 0 ]
CSI_DATA,AP,68:FE:71:12:53:8C,-36,11,1,7,1,1,1,0,0,0,0,-94,0,6,1,45212990,0,84,0,0,45.213,384,[84 -64 4 0 0 0 0 0 0 0 0 0 -19 -12 -18 -11 -18 -17 -12 -13 -14 -14 -12 -17 -12 -19 -13 -14 -16 -17 -10 -20 -7 -17 -7 -15 -13 -19 -7 -19 -12 -13 -9 -18 -10 -16 -13 -16 -11 -15 -13 -17 -7 -14 -13 -11 -12 -10 -12 -15 -9 -14 -10 -11 0 0 -6 -12 -9 -14 -7 -16 -14 -17 -12 -11 -7 -9 -8 -16 -8 -10 -12 -13 -12 -10 -15 -11 -8 -11 -16 -7 -15 -15 -16 -14 -14 -14 -10 -9 -17 -7 -14 -8 -11 -13 -16 -8 -15 -5 -17 -12 -14 -13 -15 -5 -12 -5 -2 -2 0 0 0 0 0 0 0 0 ]
CSI_DATA,AP,68:FE:71:12:53:8C,-33,11,1,7,1,1,1,1,0,0,0,-96,4,6,1,45306866,0,84,0,0,45.307,384,[84 -64 4 0 0 0 0 0 0 0 0 0 -21 3 -18 1 -23 1 -18 2 -15 -2 -22 -2 -21 -2 -15 -3 -22 1 -17 0 -22 -6 -20 -1 -23 -6 -22 -3 -14 -5 -20 1 -15 -6 -21 -4 -20 -6 -21 -4 -17 -3 -18 -2 -13 -6 -15 -7 -21 -5 -16 -1 -2 -3 -18 -2 -18 -1 -15 -1 -15 -4 -17 1 -17 3 -13 2 -19 3 -14 -1 -16 3 -11 1 -15 -2 -17 2 -14 -2 -16 3 -15 -1 -18 0 -19 4 -19 6 -13 7 -17 3 -17 6 -12 3 -18 2 -11 7 -16 7 0 1 0 0 0 0 0 0 0 0 ]
CSI_DATA,AP,68:FE:71:12:53:8C,-32,11,1,6,1,1,1,0,0,0,0,-96,0,6,1,45387162,0,84,0,0,45.387,384,[84 -64 4 0 0 0 0 0 0 0 0 0 -13 -21 -7 -19 -9 -21 -8 -23 -4 -21 -7 -18 -6 -17 -9 -17 -8 -21 -6 -18 -1 -16 0 -19 0 -20 -6 -18 -6 -21 -2 -16 -8 -17 0 -19 1 -22 -8 -19 -2 -18 -2 -16 -1 -20 0 -21 -6 -16 -3 -19 -4 2 1 -13 -3 -19 -2 -18 -2 -15 -6 -19 -9 -14 -3 -13 -9 -20 -7 -19 -4 -15 -10 -17 -4 -12 -10 -15 -8 -19 -10 -16 -11 -15 -8 -20 -7 -14 -9 -11 -6 -17 -7 -15 -9 -14 -8 -17 -8 -15 -5 -13 -12 -12 -4 2 0 0 0 0 0 0 0 0 ]
CSI_DATA,AP,68:FE:71:12:53:8C,-39,11,1,5,1,1,1,0,0,0,0,-94,0,6,1,45491744,0,84,0,0,45.492,384,[84 -64 4 0 0 0 0 0 0 0 0 0 9 15 8 13 10 14 9 16 4 15 10 22 7 22 3 16 6 14 5 16 9 17 6 21 9 15 9 14 1 17 2 14 7 19 6 21 1 21 8 19 6 14 0 15 5 18 4 14 7 15 4 17 1 -2 2 16 2 14 8 12 1 16 3 11 2 11 6 14 8 17 6 12 4 18 9 12 8 18 5 11 8 9 4 11 9 12 4 15 8 11 7 14 5 16 12 15 10 9 8 15 13 9 7 11 6 7 -3 -1 0 0 0 0 0 0 0 0 ]
CSI_DATA,AP,68:FE:71:12:53:8C,-37,11,1,6,1,1,1,0,0,0,0,-95,0,6,1,45573197,0,84,0,0,45.573,384,[84 -64 4 0 0 0 0 0 0 0 0 0 19 7 18 9 19 12 19 10 15 8 16 14 16 10 20 11 13 9 18 10 16 12 12 11 19 16 10 8 12 11 18 10 15 13 9 13 10 10 13 14 10 9 12 8 10 7 15 11 10 8 17 7 -3 -1 9 8 11 12 16 11 10 10 9 7 10 6 12 4 9 10 11 5 12 10 14 11 10 8 15 10 10 8 16 6 14 7 15 3 18 3 13 1 18 1 15 7 12 1 13 1 18 1 17 6 16 1 0 4 0 0 0 0 0 0 0 0 ]
CSI_DATA,AP,68:FE:71:12:53:8C,-37,11,1,7,1,1,1,0,0,0,0,-94,0,6,1,45667119,0,84,0,0,45.667,384,[84 -64 4 0 0 0 0 0 0 0 0 0 8 -6 8 -8 12 -2 6 -5 8 -9 9 -7 7 -2 10 -6 8 -2 4 -2 8 -3 5 0 10 1 12 -4 8 -5 10 -5 4 0 5 -6 8 -3 8 -2 4 -3 8 0 4 1 8 1 11 1 8 -8 -1 2 8 -6 11 -1 9 0 11 -8 10 -3 10 -8 8 -4 7 -2 5 -8 10 -7 4 -8 6 -3 7 -3 9 -8 3 -1 7 -9 9 -5 6 -3 8 -8 1 -3 8 -9 4 -9 6 -5 7 -2 1 -6 5 -4 4 3 0 0 0 0 0 0 0 0 ]
CSI_DATA,AP,68:FE:71:12:53:8C,-34,11,0,0,0,0,0,0,0,0,0,-96,0,6,1,45756262,0,37,0,0,45.756,128,[84 -64 4 0 0 0 0 0 0 0 0 0 3 -21 5 -18 6 -20 7 -15 5 -20 6 -20 11 -15 6 -17 5 -16 9 -17 8 -14 5 -15 8 -18 5 -14 12 -12 5 -17 7 -10 8 -15 6 -11 12 -16 11 -16 7 -10 6 -8 7 -9 10 -9 5 -16 -1 -4 5 -12 8 -10 4 -16 2 -10 6 -13 6 -10 5 -15 2 -11 5 -16 1 -10 3 -17 7 -15 2 -11 3 -13 6 -15 6 -18 7 -15 0 -10 1 -14 3 -10 2 -17 3 -11 3 -11 0 -13 0 -16 6 -14 1 -2 0 0 0 0 0 0 0 0 ]
CSI_DATA,AP,68:FE:71:12:53:8C,-37,11,1,7,1,1,1,0,0,0,0,-93,0,6,1,45870294,0,84,0,0,45.87,384,[84 -64 4 0 0 0 0 0 0 0 0 0 0 -21 -2 -22 6 -24 8 -20 5 -22 7 -19 1 -20 3 -22 7 -21 2 -18 5 -21 4 -21 6 -16 6 -13 4 -15 9 -17 7 -18 11 -14 11 -20 4 -15 6 -15 10 -14 6 -18 6 -17 6 -15 2 -18 1 -4 2 -14 3 -17 6 -18 4 -13 5 -14 7 -19 6 -17 3 -15 7 -18 1 -11 -2 -14 2 -19 5 -13 2 -17 3 -16 4 -15 -3 -18 -1 -19 2 -12 -1 -13 -2 -18 3 -19 -3 -20 -5 -20 -2 -20 -5 -16 -2 -1 0 0 0 0 0 0 0 0 ]
CSI_DATA,AP,68:FE:71:12:53:8C,-35,11,1,6,1,1,1,0,0,0,0,-94,0,6,1,45966914,0,84,0,0,45.967,384,[84 -64 4 0 0 0 0 0 0 0 0 0 14 12 14 14 13 9 12 6 16 13 16 15 9 15 17 15 14 12 15 12 11 16 14 17 11 10 9 11 12 14 7 14 12 11 9 16 8 16 10 9 8 12 6 14 7 15 13 14 9 8 12 12 0 0 12 12 7 12 8 8 8 14 9 7 7 8 6 8 8 6 14 5 14 5 10 12 10 6 12 10 15 11 7 9 9 9 15 9 10 8 11 8 9 4 9 8 9 8 11 6 14 8 13 8 16 3 4 1 0 0 0 0 0 0 0 0 ]
CSI_DATA,AP,68:FE:71:12:53:8C,-38,11,1,6,1,1,1,0,0,0,0,-94,0,6,1,46051009,0,84,0,0,46.051,384,[84 -64 4 0 0 0 0 0 0 0 0 0 -11 -15 -7 -13 -8 -15 -8 -20 -9 -19 -10 -14 -7 -15 -6 -13 -12 -15 -9 -19 -4 -22 -6 -12 -7 -15 -6 -12 -9 -20 -8 -14 -10 -20 -3 -17 -5 -17 -9 -16 -5 -20 -8 -14 -4 -19 -8 -12 -3 -15 -3 -13 -1 3 -3 -11 -3 -13 -3 -16 -9 -11 -9 -15 -7 -14 -7 -15 -5 -17 -6 -10 -6 -14 -7 -11 -7 -15 -13 -11 -13 -12 -11 -9 -8 -16 -13 -12 -8 -13 -9 -11 -11 -15 -13 -9 -8 -15 -8 -15 -9 -10 -13 -11 -14 -13 2 0 0 0 0 0 0 0 0 0 ]
CSI_DATA,AP,68:FE:71:12:53:8C,-38,11,1,7,1,1,1,1,0,0,1,-94,4,6,1,46173673,0,84,0,0,46.174,384,[84 -64 4 0 0 0 0 0 0 0 0 0 -11 13 -12 14 -16 14 -18 20 -15 17 -11 13 -15 14 -13 15 -15 15 -19 12 -17 10 -12 17 -20 14 -14 13 -13 10 -14 8 -15 11 -15 11 -12 6 -14 6 -12 10 -15 11 -14 8 -15 14 -13 10 -15 14 1 0 -14 10 -15 11 -9 10 -13 12 -16 11 -16 12 -14 7 -8 10 -14 7 -9 8 -8 11 -10 9 -12 11 -13 14 -11 14 -15 16 -11 12 -12 11 -14 8 -13 14 -8 14 -7 14 -12 10 -7 15 -9 9 -12 16 0 4 0 0 0 0 0 0 0 0 ]
CSI_DATA,AP,68:FE:71:12:53:8C,-38,11,1,5,1,1,1,0,0,0,0,-95,0,6,1,46291177,0,84,0,0,46.291,384,[84 -64 4 0 0 0 0 0 0 0 0 0 14 15 18 7 14 9 14 15 19 12 10 15 13 9 17 17 9 14 13 14 15 13 9 12 15 17 8 11 7 14 16 17 8 10 13 18 14 11 15 12 8 11 11 9 11 9 9 11 12 11 10 9 2 -3 15 10 9 13 8 11 16 10 15 9 9 7 15 8 14 8 12 13 11 10 12 5 14 6 15 7 8 11 16 7 12 10 15 9 15 6 18 4 18 7 15 9 12 6 15 3 16 8 10 2 17 8 -4 -1 0 0 0 0 0 0 0 0 ]
CSI_DATA,AP,68:FE:71:12:53:8C,-33,11,1,7,1,1,1,0,0,0,0,-95,0,6,1,46417528,0,84,0,0,46.418,384,[84 -64 4 0 0 0 0 0 0 0 0 0 -14 18 -15 17 -18 12 -15 15 -11 17 -16 15 -15 15 -11 14 -17 14 -14 10 -16 13 -15 11 -17 11 -11 8 -17 8 -17 10 -18 7 -19 11 -15 13 -16 6 -14 11 -11 6 -16 14 -11 13 -11 12 -9 13 2 0 -11 7 -17 10 -8 9 -12 8 -12 9 -8 14 -13 8 -13 9 -8 11 -12 15 -9 12 -6 9 -5 9 -7 8 -8 9 -11 9 -10 12 -11 17 -13 16 -6 9 -9 12 -6 15 -6 13 -6 15 -7 14 -10 11 2 4 0 0 0 0 0 0 0 0 ]
CSI_DATA,AP,68:FE:71:12:53:8C,-38,11,1,6,1,1,1,0,0,0,0,-94,0,6,1,46519369,0,84,0,0,46.519,384,[84 -64 4 0 0 0 0 0 0 0 0 0 -3 -23 2 -17 5 -18 -1 -22 4 -20 4 -23 7 -23 1 -21 9 -18 10 -19 6 -16 10 -17 10 -16 6 -17 2 -15 8 -22 4 -20 4 -19 4 -17 5 -17 6 -19 5 -15 7 -11 5 -14 8 -18 3 -14 -3 0 9 -20 3 -20 1 -18 7 -16 0 -12 3 -17 8 -13 0 -21 3 -19 -1 -18 -1 -13 -2 -20 5 -13 3 -14 -1 -13 1 -16 2 -17 0 -19 -3 -21 2 -18 4 -19 -2 -19 -2 -12 2 -20 -2 -20 0 -19 1 -1 0 0 0 0 0 0 0 0 ]
CSI_DATA,AP,68:FE:71:12:53:8C,-37,11,1,5,1,1,1,0,0,0,0,-96,0,6,1,46624185,0,84,0,0,46.624,384,[84 -64 4 0 0 0 0 0 0 0 0 0 -20 -2 -19 -11 -16 -7 -17 -10 -23 -12 -20 -11 -18 -12 -13 -12 -15 -13 -20 -8 -22 -16 -22 -14 -16 -11 -16 -12 -20 -9 -16 -14 -18 -8 -17 -15 -13 -11 -11 -13 -10 -8 -15 -8 -17 -8 -11 -10 -18 -13 -11 -10 3 4 -15 -10 -18 -9 -14 -11 -19 -8 -17 -7 -12 -11 -16 -8 -11 -13 -18 -8 -19 -7 -17 -11 -13 -3 -14 -3 -12 -3 -12 -5 -15 -10 -15 -11 -12 -9 -15 -4 -14 -5 -12 -2 -17 -5 -16 -5 -17 0 -12 -3 -15 0 -3 0 0 0 0 0 0 0 0 0 ]
CSI_DATA,AP,68:FE:71:12:53:8C,-37,11,1,5,1,1,1,0,0,0,0,-96,0,6,1,46719720,0,84,0,0,46.72,384,[84 -64 4 0 0 0 0 0 0 0 0 0 11 15 12 12 13 18 12 18 12 15 14 13 13 16 7 12 15 18 13 12 8 20 8 13 9 15 7 16 9 21 7 20 6 12 7 16 11 15 10 12 10 13 7 12 9 13 8 13 7 17 6 12 -2 -4 11 17 14 10 13 10 7 9 6 9 11 12 7 11 9 12 12 10 11 10 9 9 13 7 14 13 10 11 14 12 15 12 15 11 12 5 16 8 11 12 14 7 10 11 13 5 13 10 15 8 15 8 -2 -3 0 0 0 0 0 0 0 0 ]
CSI_DATA,AP,68:FE:71:12:53:8C,-36,11,1,7,1,1,1,0,0,0,0,-93,0,6,1,46804729,0,84,0,0,46.805,384,[84 -64 4 0 0 0 0 0 0 0 0 0 -14 16 -14 21 -14 16 -15 24 -10 23 -13 17 -12 21 -15 15 -15 17 -10 12 -13 20 -19 12 -14 13 -17 18 -17 18 -12 19 -10 15 -14 11 -14 18 -16 11 -16 15 -13 16 -12 13 -11 16 -10 11 -15 16 1 2 -16 10 -10 17 -8 12 -8 15 -8 14 -14 11 -13 15 -13 15 -13 17 -6 14 -12 18 -5 12 -10 12 -4 11 -4 10 -8 20 -6 12 -7 12 -6 16 -5 15 -8 17 -6 13 -9 15 -8 17 -3 14 -8 15 -2 0 0 0 0 0 0 0 0 0 ]
CSI_DATA,AP,68:FE:71:12:53:8C,-39,11,1,5,1,1,1,0,0,0,0,-93,0,6,1,46919380,0,84,0,0,46.919,384,[84 -64 4 0 0 0 0 0 0 0 0 0 18 12 14 11 23 9 21 12 17 15 11 11 17 12 15 14 19 11 17 11 11 19 12 19 14 12 10 14 8 18 18 12 16 12 10 16 9 12 13 11 13 11 10 16 7 14 7 10 12 11 13 11 -1 1 13 16 17 13 12 14 12 9 10 9 12 9 10 11 9 13 9 13 13 5 10 12 13 6 10 12 10 6 16 11 15 12 21 8 18 7 12 10 11 5 18 6 15 7 15 7 17 10 14 7 11 10 -2 -3 0 0 0 0 0 0 0 0 ]
CSI_DATA,AP,68:FE:71:12:53:8C,-34,11,1,6,1,1,1,0,0,0,0,-94,0,6,1,47039800,0,84,0,0,47.04,384,[84 -64 4 0 0 0 0 0 0 0 0 0 7 -21 7 -19 15 -21 16 -22 17 -17 10 -12 16 -13 13 -12 10 -19 18 -13 18 -18 19 -20 11 -19 13 -15 10 -17 11 -12 18 -12 16 -10 10 -13 11 -12 15 -12 15 -15 15 -10 15 -14 16 -12 16 -17 0 0 14 -12 16 -15 8 -15 7 -14 14 -12 15 -10 10 -14 14 -11 7 -17 7 -13 7 -18 9 -11 7 -18 8 -16 6 -13 9 -13 5 -20 4 -13 6 -13 8 -18 11 -11 3 -12 3 -18 5 -13 10 -14 10 -12 -3 -3 0 0 0 0 0 0 0 0 ]
CSI_DATA,AP,68:FE:71:12:53:8C,-32,11,1,7,1,1,1,0,0,0,0,-95,0,6,1,47171000,0,84,0,0,47.171,384,[84 -64 4 0 0 0 0 0 0 0 0 0 12 16 7 15 9 14 8 21 13 21 12 16 10 23 6 19 10 17 5 21 7 18 8 23 3 23 10 18 10 17 10 16 2 15 2 19 4 15 6 20 4 18 4 20 0 20 9 16 3 17 5 17 -1 0 9 19 5 19 6 20 8 13 10 19 7 13 3 14 2 11 3 12 9 16 10 12 9 15 5 11 5 13 8 15 7 17 11 16 9 9 7 18 7 12 11 17 13 13 9 17 10 12 13 14 13 8 -2 2 0 0 0 0 0 0 0 0 ]
CSI_DATA,AP,68:FE:71:12:53:8C,-36,11,1,5,1,1,1,0,0,0,0,-95,0,6,1,47266565,0,84,0,0,47.267,384,[84 -64 4 0 0 0 0 0 0 0 0 0 19 1 16 1 25 4 23 11 22 10 21 6 19 6 22 13 15 7 20 6 15 14 18 9 17 13 17 11 12 7 13 8 15 13 13 10 16 13 18 7 16 10 10 8 15 9 18 6 15 6 12 8 3 4 13 7 17 10 14 10 11 5 16 12 11 8 11 9 12 11 17 3 18 2 16 6 14 3 19 6 14 2 19 5 15 4 16 4 17 5 15 4 12 0 13 3 17 7 15 5 15 6 18 5 20 1 -4 1 0 0 0 0 0 0 0 0 ]
CSI_DATA,AP,68:FE:71:12:53:8C,-37,11,1,6,1,1,1,0,0,0,0,-94,0,6,1,47400004,0,84,0,0,47.4,384,[84 -64 4 0 0 0 0 0 0 0 0 0 -10 20 -12 23 -7 24 -15 25 -16 20 -13 22 -15 21 -8 17 -10 21 -15 14 -12 22 -14 20 -10 16 -12 14 -11 19 -13 16 -9 19 -12 12 -11 15 -11 18 -16 13 -9 17 -10 17 -9 13 -17 12 -12 19 3 3 -15 12 -13 16 -10 18 -8 19 -6 18 -9 18 -12 13 -10 11 -13 16 -6 12 -3 17 -4 18 -4 14 -10 19 -10 19 -3 21 -3 14 -5 19 -2 21 -9 13 -6 15 -2 16 -3 18 -5 18 -1 19 -6 20 0 -4 0 0 0 0 0 0 0 0 ]
CSI_DATA,AP,68:FE:71:12:53:8C,-41,11,1,4,1,1,1,0,0,0,0,-95,0,6,1,47499657,0,84,0,0,47.5,384,[84 -64 4 0 0 0 0 0 0 0 0 0 -21 -3 -19 2 -26 -4 -19 -6 -22 -2 -17 -2 -19 -4 -19 -7 -16 -3 -22 -3 -18 -3 -16 -9 -24 -3 -15 -3 -21 -4 -24 -7 -17 -8 -18 -5 -15 -7 -18 -10 -13 -10 -17 -9 -14 -2 -13 -7 -20 -11 -15 -10 4 -2 -12 -7 -19 -4 -13 -9 -16 -5 -12 -1 -17 -1 -19 -3 -17 -3 -16 -1 -14 1 -17 -4 -19 2 -17 -3 -17 -5 -15 3 -13 -4 -15 0 -18 -1 -20 0 -19 2 -20 -2 -21 -1 -20 4 -19 5 -20 0 -21 4 -2 0 0 0 0 0 0 0 0 0 ]
CSI_DATA,AP,68:FE:71:12:53:8C,-33,11,1,6,1,1,1,0,0,0,0,-95,0,6,1,47566337,0,84,0,0,47.566,384,[84 -64 4 0 0 0 0 0 0 0 0 0 -5 16 -8 19 -5 23 -9 16 -13 18 -14 13 -15 19 -7 15 -15 14 -16 10 -17 11 -17 19 -10 11 -16 11 -12 15 -16 17 -11 14 -10 12 -11 13 -12 14 -15 15 -15 12 -9 15 -9 11 -9 12 -13 8 -3 3 -7 16 -10 18 -7 15 -12 16 -13 12 -13 16 -6 17 -5 10 -13 11 -5 14 -7 18 -5 12 -9 9 -7 13 -8 17 -6 17 -12 14 -3 19 -5 17 -9 10 -7 16 -8 14 -8 13 -2 13 -10 18 -9 16 -2 4 0 0 0 0 0 0 0 0 ]
CSI_DATA,AP,68:FE:71:12:53:8C,-38,11,1,7,1,1,1,0,0,0,0,-94,0,6,1,47678880,0,84,0,0,47.679,384,[84 -64 4 0 0 0 0 0 0 0 0 0 9 15 5 18 1 21 -1 18 1 18 -2 21 -3 18 1 21 1 20 0 17 -2 21 -5 20 -3 22 -5 20 0 20 2 18 2 22 1 22 2 15 1 18 -1 15 2 22 -2 16 -1 16 -4 17 -1 15 0 4 3 12 3 20 -2 19 4 13 -2 18 1 19 -1 20 -3 11 -2 11 2 14 7 20 3 12 1 16 -2 18 2 15 4 17 5 17 1 13 2 12 6 11 4 15 4 11 6 15 5 19 5 11 7 15 0 -4 0 0 0 0 0 0 0 0 ]
CSI_DATA,AP,68:FE:71:12:53:8C,-37,11,1,5,1,1,1,0,0,0,0,-94,0,6,1,47777381,0,84,0,0,47.777,384,[84 -64 4 0 0 0 0 0 0 0 0 0 20 12 20 8 20 9 23 10 17 13 21 12 13 9 19 15 20 11 13 16 15 13 12 18 17 13 12 11 9 18 16 16 14 16 12 11 15 11 14 11 15 16 13 12 10 7 15 14 10 11 9 9 -1 4 11 11 15 15 10 13 14 11 10 6 15 7 9 14 16 9 17 8 11 12 11 9 11 4 16 5 15 4 13 6 12 10 19 6 16 6 11 10 17 3 16 3 13 3 17 8 19 8 16 1 12 6 2 1 0 0 0 0 0 0 0 0 ]
CSI_DATA,AP,68:FE:71:12:53:8C,-36,11,1,6,1,1,1,0,0,0,0,-95,0,6,1,47847021,0,84,0,0,47.847,384,[84 -64 4 0 0 0 0 0 0 0 0 0 19 -3 23 -1 18 -6 18 0 24 1 17 1 18 2 18 6 16 -1 15 6 22 7 19 0 23 5 17 1 22 0 20 6 23 6 13 1 20 1 17 5 15 5 17 6 16 7 14 2 16 2 21 5 0 2 18 1 21 6 16 2 12 1 18 2 17 5 15 1 16 -1 17 -2 18 1 13 -3 15 -2 18 -5 12 1 13 3 17 2 15 -6 20 -5 13 -2 12 0 13 -5 16 -1 13 -5 17 -9 18 -8 15 -9 0 2 0 0 0 0 0 0 0 0 ]
CSI_DATA,AP,68:FE:71:12:53:8C,-39,11,1,6,1,1,1,1,0,0,0,-96,3,6,1,47964331,0,84,0,0,47.964,384,[84 -64 4 0 0 0 0 0 0 0 0 0 17 -5 23 -8 17 -1 20 -3 24 -6 23 3 25 -5 21 -3 24 -1 24 4 24 -3 21 -2 22 -2 21 4 21 7 23 3 22 2 21 3 15 5 22 5 16 2 21 2 13 6 17 6 19 7 15 5 -4 -4 20 3 19 1 15 2 19 2 20 -1 17 0 18 1 15 1 11 2 11 0 12 -5 15 -6 13 -5 12 -2 12 -2 15 -2 21 -1 19 -7 13 0 12 -1 16 -7 13 -9 13 0 19 -3 19 -2 17 -9 -2 3 0 0 0 0 0 0 0 0 ]
CSI_DATA,AP,68:FE:71:12:53:8C,-33,11,1,7,1,1,1,1,0,0,0,-94,5,6,1,48073875,0,84,0,0,48.074,384,[84 -64 4 0 0 0 0 0 0 0 0 0 14 -17 14 -19 11 -19 18 -19 15 -17 16 -9 19 -7 16 -7 21 -14 12 -11 14 -9 17 -15 18 -12 19 -7 21 -10 20 -9 18 -11 16 -9 15 -11 12 -5 14 -8 17 -13 13 -5 15 -12 17 -12 14 -9 1 1 19 -10 19 -14 16 -7 9 -8 18 -11 10 -9 11 -10 16 -7 9 -9 10 -11 15 -9 13 -9 11 -10 11 -9 13 -15 9 -16 8 -11 15 -11 11 -15 6 -10 9 -12 7 -17 5 -15 7 -16 10 -15 7 -13 -4 0 0 0 0 0 0 0 0 0 ]
CSI_DATA,AP,68:FE:71:12:53:8C,-33,11,1,7,1,1,1,0,0,0,0,-96,0,6,1,48160450,0,84,0,0,48.16,384,[84 -64 4 0 0 0 0 0 0 0 0 0 15 -22 15 -15 15 -14 13 -17 11 -19 10 -13 10 -15 17 -11 12 -17 15 -15 12 -13 11 -16 16 -17 15 -10 11 -11 15 -10 15 -15 14 -14 13 -8 12 -12 15 -7 14 -16 10 -7 16 -10 17 -13 9 -8 -3 4 16 -16 13 -15 13 -14 7 -12 8 -10 10 -17 14 -14 10 -11 11 -14 14 -11 8 -10 8 -10 4 -11 12 -12 12 -16 6 -11 8 -17 9 -19 9 -10 6 -12 8 -14 7 -13 10 -15 9 -13 9 -12 7 -12 3 2 0 0 0 0 0 0 0 0 ]
CSI_DATA,AP,68:FE:71:12:53:8C,-35,11,1,6,1,1,1,0,0,0,0,-94,0,6,1,48251884,0,84,0,0,48.252,384,[84 -64 4 0 0 0 0 0 0 0 0 0 11 -27 17 -29 15 -29 18 -27 15 -26 16 -24 23 -27 22 -23 17 -23 16 -19 23 -25 18 -25 22 -21 16 -23 18 -18 22 -18 15 -17 19 -18 22 -20 17 -17 22 -13 14 -22 17 -16 15 -21 14 -17 14 -19 4 -3 14 -15 19 -20 18 -23 11 -17 10 -14 14 -19 10 -18 10 -16 9 -19 15 -22 15 -21 12 -24 11 -18 9 -15 15 -22 15 -24 13 -18 10 -21 13 -18 9 -22 11 -21 12 -25 13 -18 5 -22 6 -21 10 -21 -3 4 0 0 0 0 0 0 0 0 ]
CSI_DATA,AP,68:FE:71:12:53:8C,-33,11,1,7,1,1,1,0,0,0,0,-94,0,6,1,48361119,0,84,0,0,48.361,384,[84 -64 4 0 0 0 0 0 0 0 0 0 -18 11 -16 12 -23 9 -20 5 -17 10 -16 9 -24 7 -23 2 -18 0 -18 2 -20 2 -25 5 -23 -1 -21 -1 -23 0 -25 -2 -24 3 -22 -2 -24 6 -23 -1 -20 5 -19 4 -15 5 -22 -1 -23 2 -22 1 -2 -4 -16 -2 -21 2 -16 0 -17 6 -13 8 -16 3 -21 6 -15 1 -20 3 -15 1 -18 6 -13 10 -17 6 -15 10 -12 2 -21 9 -14 6 -17 5 -16 11 -13 6 -12 7 -17 5 -14 8 -11 6 -12 9 -18 14 1 3 0 0 0 0 0 0 0 0 ]
CSI_DATA,AP,68:FE:71:12:53:8C,-34,11,1,6,1,1,1,0,0,0,0,-95,0,6,1,48444675,0,84,0,0,48.445,384,[84 -64 4 0 0 0 0 0 0 0 0 0 3 18 8 18 10 23 3 25 6 18 7 19 6 23 2 18 0 18 3 15 1 22 3 20 3 17 0 19 4 14 3 24 4 19 4 17 2 18 -1 13 0 21 1 18 0 18 0 17 1 14 5 16 -3 -4 -2 12 0 14 -3 17 4 16 6 13 3 16 5 19 0 17 5 13 7 16 7 13 7 13 3 18 8 10 8 17 5 19 4 20 10 17 4 14 3 18 10 13 5 17 11 11 12 16 9 13 9 16 3 -2 0 0 0 0 0 0 0 0 ]
CSI_DATA,AP,68:FE:71:12:53:8C,-33,11,1,7,1,1,1,0,0,0,0,-95,0,6,1,48562305,0,84,0,0,48.562,384,[84 -64 4 0 0 0 0 0 0 0 0 0 -20 7 -19 14 -21 7 -23 14 -17 12 -22 7 -14 9 -18 3 -18 7 -18 1 -21 3 -21 5 -21 3 -22 8 -16 3 -22 6 -14 8 -14 6 -21 2 -20 1 -20 -1 -13 -1 -13 7 -12 1 -15 3 -14 6 -4 -1 -18 3 -19 7 -20 2 -14 10 -18 2 -18 5 -13 6 -11 6 -16 8 -9 7 -16 5 -10 8 -15 11 -10 9 -17 11 -18 5 -10 11 -14 6 -17 6 -15 6 -11 9 -8 11 -15 10 -13 7 -10 10 -8 15 -2 -4 0 0 0 0 0 0 0 0 ]
CSI_DATA,AP,68:FE:71:12:53:8C,-37,11,1,7,1,1,1,0,0,0,0,-95,0,6,1,48659376,0,84,0,0,48.659,384,[84 -64 4 0 0 0 0 0 0 0 0 0 14 -11 11 -12 17 -11 12 -13 10 -14 18 -9 16 -10 16 -8 18 -7 17 -13 16 -12 16 -12 16 -13 17 -8 19 -7 12 -6 16 -7 13 -4 11 -6 17 -10 15 -9 11 -9 11 -9 11 -6 15 -11 15 -12 3 -2 14 -9 15 -6 12 -9 10 -11 8 -8 9 -6 8 -9 11 -12 15 -11 9 -6 11 -11 11 -8 7 -11 15 -8 6 -10 11 -10 7 -11 10 -11 9 -8 9 -15 14 -7 8 -11 13 -10 5 -13 11 -14 10 -16 3 -1 0 0 0 0 0 0 0 0 ]
CSI_DATA,AP,68:FE:71:12:53:8C,-37,11,1,6,1,1,1,0,0,0,0,-95,0,6,1,48786547,0,84,0,0,48.787,384,[84 -64 4 0 0 0 0 0 0 0 0 0 -23 8 -18 10 -16 4 -26 8 -17 3 -21 6 -23 5 -20 2 -22 6 -16 3 -23 3 -17 8 -25 1 -20 2 -17 4 -21 1 -21 5 -21 -2 -20 1 -21 6 -22 4 -21 1 -14 2 -17 2 -22 3 -18 2 3 -4 -21 5 -14 4 -19 1 -12 3 -20 8 -13 0 -20 8 -18 2 -18 1 -19 3 -17 5 -16 10 -19 5 -14 3 -12 4 -20 7 -20 4 -15 12 -16 11 -11 5 -13 5 -16 11 -13 12 -13 11 -19 7 -11 11 -4 -2 0 0 0 0 0 0 0 0 ]
CSI_DATA,AP,68:FE:71:12:53:8C,-35,11,1,6,1,1,1,0,0,0,0,-93,0,6,1,48875747,0,84,0,0,48.876,384,[84 -64 4 0 0 0 0 0 0 0 0 0 7 5 6 0 8 2 10 -1 10 0 11 2 8 6 6 4 3 0 10 5 5 1 5 2 9 7 4 3 3 1 10 3 2 6 3 1 9 0 4 1 6 8 6 6 3 -1 7 2 5 5 3 3 -1 2 4 5 9 0 8 0 6 7 9 3 4 1 4 -1 9 0 5 3 6 4 4 2 7 3 2 3 3 -1 2 3 7 -3 3 2 8 4 8 3 5 -3 8 -2 8 -2 3 -2 6 3 7 3 10 -2 -1 0 0 0 0 0 0 0 0 0 ]
CSI_DATA,AP,68:FE:71:12:53:8C,-34,11,1,6,1,1,1,0,0,0,0,-95,0,6,1,48996787,0,84,0,0,48.997,384,[84 -64 4 0 0 0 0 0 0 0 0 0 -15 -5 -16 -4 -16 -3 -19 -7 -19 -4 -20 -3 -20 -3 -16 -8 -21 -7 -12 -6 -20 -6 -19 -3 -20 -5 -16 -11 -14 -8 -20 -7 -17 -3 -17 -7 -12 -6 -15 -5 -15 -9 -13 -3 -12 -12 -12 -7 -12 -5 -18 -4 -1 -4 -9 -2 -17 -10 -11 -9 -11 -4 -15 -1 -18 -4 -17 -5 -17 0 -17 -6 -11 -5 -13 -3 -18 -6 -13 -3 -14 0 -17 -1 -16 -5 -14 -4 -13 -2 -14 -3 -17 -2 -13 -2 -14 2 -14 -4 -13 -2 -13 3 -19 2 -2 -4 0 0 0 0 0 0 0 0 ]
CSI_DATA,AP,68:FE:71:12:53:8C,-35,11,1,7,1,1,1,0,0,0,0,-94,0,6,1,49100313,0,84,0,0,49.1,384,[84 -64 4 0 0 0 0 0 0 0 0 0 10 -7 12 -14 12 -13 10 -16 9 -13 7 -8 7 -13 6 -14 10 -14 11 -6 14 -13 7 -11 10 -7 12 -7 12 -4 10 -6 6 -11 5 -4 6 -5 9 -4 5 -9 6 -9 13 -11 10 -5 10 -8 10 -5 -2 3 6 -8 9 -6 4 -10 4 -5 7 -7 11 -4 7 -8 11 -6 9 -7 10 -10 8 -6 9 -8 6 -13 2 -8 8 -7 3 -8 5 -9 2 -10 7 -8 8 -13 5 -6 5 -12 5 -7 8 -8 7 -10 1 -9 4 2 0 0 0 0 0 0 0 0 ]
CSI_DATA,AP,68:FE:71:12:53:8C,-35,11,1,7,1,1,1,1,0,0,0,-94,1,6,1,49211006,0,84,0,0,49.211,384,[84 -64 4 0 0 0 0 0 0 0 0 0 13 -7 16 -3 20 -4 21 -8 21 -6 14 -5 14 -5 12 2 13 -2 16 -1 17 3 15 -3 20 1 14 2 20 -3 15 3 18 2 13 3 14 0 15 -3 18 -4 13 -4 17 -4 14 1 18 -1 12 4 4 -4 12 -2 18 2 16 -3 10 -7 11 0 15 1 18 -2 12 -5 16 -6 14 -8 17 -1 10 0 16 -5 11 -9 10 -1 12 -6 17 -1 10 -6 15 -2 7 -2 9 -5 14 -4 12 -3 17 -11 13 -3 9 -6 -3 -2 0 0 0 0 0 0 0 0 ]
CSI_DATA,AP,68:FE:71:12:53:8C,-37,11,1,6,1,1,1,0,0,0,0,-95,0,6,1,49327407,0,84,0,0,49.327,384,[84 -64 4 0 0 0 0 0 0 0 0 0 10 -24 6 -21 7 -19 6 -20 10 -20 14 -24 10 -20 16 -16 9 -24 15 -23 13 -20 11 -19 16 -20 14 -22 16 -17 11 -20 10 -18 14 -16 18 -20 12 -15 19 -12 16 -15 14 -17 17 -16 14 -22 11 -15 1 -4 10 -16 11 -21 13 -18 7 -19 8 -13 15 -16 15 -14 14 -19 7 -18 9 -15 13 -16 8 -20 12 -16 8 -21 8 -21 13 -20 10 -22 5 -22 12 -18 3 -16 12 -17 7 -16 6 -23 7 -21 3 -24 6 -17 4 4 0 0 0 0 0 0 0 0 ]
CSI_DATA,AP,68:FE:71:12:53:8C,-36,11,1,5,1,1,1,0,0,0,0,-95,0,6,1,49428243,0,84,0,0,49.428,384,[84 -64 4 0 0 0 0 0 0 0 0 0 11 -21 14 -19 18 -18 13 -14 16 -17 16 -14 15 -18 12 -13 17 -15 13 -10 21 -10 13 -17 13 -9 16 -7 17 -8 17 -15 16 -11 13 -13 11 -7 12 -12 12 -13 19 -13 18 -13 16 -11 14 -11 18 -13 -1 3 14 -9 13 -16 11 -9 12 -12 12 -6 12 -14 12 -15 9 -15 10 -13 8 -15 12 -13 11 -12 12 -10 10 -9 8 -14 13 -17 6 -15 6 -13 8 -10 5 -10 13 -17 12 -10 4 -17 8 -11 10 -12 7 -14 0 2 0 0 0 0 0 0 0 0 ]
CSI_DATA,AP,68:FE:71:12:53:8C,-34,11,1,6,1,1,1,0,0,0,0,-95,0,6,1,49555464,0,84,0,0,49.555,384,[84 -64 4 0 0 0 0 0 0 0 0 0 -7 21 -12 12 -9 15 -11 18 -8 11 -10 11 -11 16 -15 9 -8 13 -8 15 -14 12 -10 15 -13 7 -7 11 -10 10 -15 8 -13 13 -8 10 -10 4 -12 5 -8 10 -10 5 -10 6 -4 12 -6 6 -9 8 1 0 -6 11 -11 6 -8 13 -1 7 -7 11 -9 13 -9 12 -5 10 -1 12 -7 14 -7 12 1 6 -3 7 -5 11 -2 13 -4 8 -2 12 -4 6 0 12 -6 11 -2 11 2 8 -1 9 -3 13 -1 14 -1 12 -1 4 0 0 0 0 0 0 0 0 ]
CSI_DATA,AP,68:FE:71:12:53:8C,-38,11,1,6,1,1,1,0,0,0,0,-95,0,6,1,49656187,0,84,0,0,49.656,384,[84 -64 4 0 0 0 0 0 0 0 0 0 19 2 17 3 24 0 24 4 17 4 13 3 16 4 13 -2 20 2 17 0 11 4 12 2 15 2 14 3 12 1 10 5 16 1 11 -2 12 1 13 2 11 5 11 2 7 -1 12 0 15 5 12 -2 0 -3 10 -1 13 -1 7 3 12 -2 5 1 14 -4 10 -6 9 -2 9 -1 9 -6 10 -5 6 1 11 -8 8 -1 12 -8 4 -8 8 -3 12 -9 8 -9 3 -5 5 -7 11 -10 8 -11 5 -8 7 -5 4 -4 -1 -3 0 0 0 0 0 0 0 0 ]
CSI_DATA,AP,68:FE:71:12:53:8C,-39,11,1,5,1,1,1,0,0,0,0,-93,0,6,1,49763152,0,84,0,0,49.763,384,[84 -64 4 0 0 0 0 0 0 0 0 0 21 28 20 30 15 28 15 35 11 31 14 29 9 29 8 32 15 27 11 31 8 33 9 27 8 23 6 27 10 26 4 28 10 20 10 22 9 24 7 23 2 16 2 23 6 20 7 19 9 14 4 16 4 -3 10 10 11 10 9 11 11 8 6 9 7 15 12 6 7 14 6 11 13 11 11 8 10 6 17 6 16 6 16 10 11 2 14 4 11 4 14 0 9 3 10 -1 9 3 13 0 9 -2 13 2 15 -2 0 0 0 0 0 0 0 0 0 0 ]
CSI_DATA,AP,68:FE:71:12:53:8C,-38,11,1,5,1,1,1,0,0,0,0,-94,0,6,1,49823040,0,84,0,0,49.823,384,[84 -64 4 0 0 0 0 0 0 0 0 0 -1 22 -5 17 -3 24 -4 19 -1 15 -10 13 -8 14 -11 13 -10 17 -10 18 -4 14 -7 18 -8 20 -5 17 -6 10 -5 16 -10 19 -6 13 -9 16 -9 17 -10 16 -10 18 -3 10 -3 14 -9 14 -2 18 -4 -2 -2 9 -9 15 -6 15 -7 18 -5 12 -8 11 -6 13 -7 16 0 17 0 13 -5 10 1 13 -3 12 -4 14 -1 14 -3 12 -6 15 -4 16 -2 15 -2 13 0 16 -2 18 0 15 -2 14 -4 10 -3 11 1 2 0 0 0 0 0 0 0 0 ]
CSI_DATA,AP,68:FE:71:12:53:8C,-30,11,1,7,1,1,1,0,0,0,0,-94,0,6,1,49930603,0,84,0,0,49.931,384,[84 -64 4 0 0 0 0 0 0 0 0 0 -14 -9 -12 -9 -12 -13 -16 -16 -10 -14 -9 -17 -12 -13 -9 -9 -14 -18 -12 -12 -12 -14 -7 -9 -10 -11 -10 -13 -9 -15 -15 -14 -9 -8 -14 -16 -14 -15 -10 -17 -8 -12 -10 -9 -12 -11 -11 -16 -13 -10 -6 -16 -2 1 -12 -11 -9 -10 -16 -11 -8 -10 -14 -13 -12 -16 -14 -14 -12 -16 -10 -9 -13 -14 -12 -7 -12 -13 -12 -10 -15 -11 -16 -7 -13 -12 -13 -13 -18 -15 -13 -8 -15 -11 -15 -14 -15 -16 -11 -11 -17 -8 -15 -9 -18 -8 -3 -3 0 0 0 0 0 0 0 0 ]
CSI_DATA,AP,68:FE:71:12:53:8C,-32,11,1,7,1,1,1,1,0,0,0,-95,2,6,1,50023091,0,84,0,0,50.023,384,[84 -64 4 0 0 0 0 0 0 0 0 0 16 10 18 11 17 5 15 10 21 7 20 8 20 9 17 12 20 11 17 12 15 8 22 11 20 14 19 9 15 9 17 15 15 16 13 12 18 10 16 8 14 8 16 13 16 7 16 8 20 11 17 11 0 0 18 7 22 9 16 10 17 5 17 8 14 11 17 11 19 7 19 12 16 7 19 4 20 5 19 8 17 4 15 7 21 8 19 11 16 3 18 7 15 8 19 5 21 8 19 3 20 4 16 3 14 9 -2 -4 0 0 0 0 0 0 0 0 ]
CSI_DATA,AP,68:FE:71:12:53:8C,-34,11,1,6,1,1,1,0,0,0,0,-96,0,6,1,50088425,0,84,0,0,50.088,384,[84 -64 4 0 0 0 0 0 0 0 0 0 7 5 1 7 7 10 -1 6 7 7 0 7 -2 9 4 6 -1 12 4 5 -1 10 -3 7 -3 7 0 6 2 8 0 11 3 12 -1 5 -3 8 -3 6 -2 5 -4 9 1 6 -3 9 3 10 1 5 -4 -1 0 12 0 8 5 12 0 10 0 11 2 10 -3 6 2 11 -3 5 5 9 -2 7 -1 3 2 12 3 11 2 12 -2 10 -2 5 2 5 1 11 1 9 6 12 1 4 5 9 4 8 3 4 6 4 -3 -2 0 0 0 0 0 0 0 0 ]
CSI_DATA,AP,68:FE:71:12:53:8C,-36,11,1,6,1,1,1,0,0,0,0,-95,0,6,1,50178498,0,84,0,0,50.178,384,[84 -64 4 0 0 0 0 0 0 0 0 0 -3 7 -10 0 -7 5 -5 -1 -6 2 -9 3 -8 2 -13 3 -7 0 -8 5 -7 -1 -8 0 -6 5 -13 5 -10 4 -11 1 -11 3 -5 2 -5 3 -10 2 -9 -4 -8 -3 -12 3 -11 2 -6 -3 -9 -2 0 4 -6 5 -11 -2 -10 3 -8 -1 -4 3 -9 3 -5 -2 -12 4 -9 1 -9 5 -10 5 -3 2 -5 6 -10 0 -7 4 -7 1 -9 6 -11 2 -5 -1 -9 7 -7 6 -8 1 -6 3 -7 4 -3 2 -10 2 1 1 0 0 0 0 0 0 0 0 ]
CSI_DATA,AP,68:FE:71:12:53:8C,-41,11,1,6,1,1,1,0,0,0,0,-93,0,6,1,50302421,0,84,0,0,50.302,384,[84 -64 4 0 0 0 0 0 0 0 0 0 -7 1 -8 -4 -8 -6 -4 -3 -4 -4 -12 -8 -9 -1 -9 -8 -10 -7 -11 -2 -4 -6 -4 -2 -12 -5 -7 -2 -7 -5 -12 -6 -10 -8 -10 -2 -4 -4 -11 -2 -5 -5 -4 -2 -9 -6 -6 -6 -9 -6 -6 -10 2 2 -11 -8 -10 -2 -5 -3 -7 0 -8 -5 -9 -3 -9 -4 -8 -6 -5 0 -10 -2 -12 -6 -5 -1 -10 1 -4 -6 -7 -7 -12 -5 -7 0 -11 0 -8 -5 -10 -2 -3 -3 -5 -6 -10 -7 -4 -5 -8 -3 -10 -4 1 -2 0 0 0 0 0 0 0 0 ]
CSI_DATA,AP,68:FE:71:12:53:8C,-37,11,1,7,1,1,1,0,0,0,0,-93,0,6,1,50411438,0,84,0,0,50.411,384,[84 -64 4 0 0 0 0 0 0 0 0 0 -8 -25 -2 -20 -7 -18 -3 -24 -5 -18 -5 -24 0 -21 1 -17 2 -22 1 -18 -4 -19 -1 -22 -1 -24 -2 -19 1 -19 1 -25 -3 -24 5 -22 -1 -21 2 -19 6 -14 2 -18 1 -20 2 -20 -2 -15 -4 -22 -1 -1 -3 -18 1 -20 -2 -22 3 -14 -4 -18 4 -20 -4 -14 -3 -19 2 -15 -4 -14 -3 -20 -5 -18 0 -16 -2 -13 -6 -15 -5 -14 -7 -17 -2 -18 -5 -18 -7 -19 -5 -17 -8 -13 -9 -16 -4 -18 -9 -18 -8 -19 1 -2 0 0 0 0 0 0 0 0 ]
CSI_DATA,AP,68:FE:71:12:53:8C,-33,11,1,6,1,1,1,0,0,0,0,-96,0,6,1,50504219,0,82,0,0,50.504,384,[82 -96 4 0 0 0 0 0 0 0 0 0 -21 -10 -19 -8 -18 -7 -18 -6 -16 -10 -20 -7 -15 -7 -14 -8 -16 -8 -16 -12 -18 -9 -16 -14 -12 -11 -15 -11 -12 -12 -13 -16 -12 -8 -18 -16 -14 -14 -10 -11 -12 -9 -17 -14 -12 -14 -16 -8 -10 -9 -11 -11 2 3 -9 -7 -9 -7 -16 -12 -15 -12 -15 -12 -11 -9 -17 -9 -12 -6 -11 -9 -12 -8 -13 -11 -13 -4 -16 -7 -11 -12 -17 -5 -11 -3 -16 -4 -14 -6 -19 -10 -18 -6 -17 -3 -13 -3 -20 -5 -18 -1 -12 -1 -15 -2 -2 -3 0 0 0 0 0 0 0 0 ]
CSI_DATA,AP,68:FE:71:12:53:8C,-35,11,1,6,1,1,1,0,0,0,0,-94,0,6,1,50617644,0,84,0,0,50.618,384,[84 -64 4 0 0 0 0 0 0 0 0 0 -1 -16 1 -20 -1 -18 0 -18 2 -18 5 -21 3 -12 3 -13 1 -16 4 -13 6 -13 4 -15 10 -17 8 -14 2 -11 7 -10 9 -17 6 -10 2 -13 8 -15 7 -17 7 -17 3 -15 3 -12 5 -11 2 -13 -2 2 6 -17 4 -15 1 -13 8 -12 4 -14 2 -16 4 -16 7 -15 -2 -13 5 -11 6 -16 -1 -14 2 -11 2 -9 2 -15 2 -11 -3 -13 -2 -16 2 -18 2 -16 -3 -17 -5 -18 -3 -15 -1 -12 3 -11 -4 -14 4 -1 0 0 0 0 0 0 0 0 ]
CSI_DATA,AP,68:FE:71:12:53:8C,-37,11,1,7,1,1,1,1,0,0,0,-95,4,6,1,50734544,0,84,0,0,50.735,384,[84 -64 4 0 0 0 0 0 0 0 0 0 -17 -7 -21 -5 -18 -7 -19 -6 -12 -7 -12 -14 -13 -10 -17 -11 -19 -11 -19 -13 -11 -9 -13 -12 -13 -13 -17 -12 -12 -11 -17 -8 -15 -11 -11 -12 -13 -13 -12 -10 -8 -10 -14 -11 -13 -11 -9 -10 -11 -8 -16 -9 2 -2 -9 -8 -10 -13 -12 -6 -9 -5 -12 -8 -14 -12 -16 -6 -13 -11 -13 -5 -14 -5 -16 -9 -14 -10 -9 -8 -13 -10 -17 -11 -17 -10 -11 -7 -17 -5 -14 -3 -18 -4 -10 -4 -14 -5 -13 -5 -15 -9 -10 -7 -11 -4 3 -2 0 0 0 0 0 0 0 0 ]
CSI_DATA,AP,68:FE:71:12:53:8C,-40,11,1,6,1,1,1,0,0,0,0,-94,0,6,1,50839099,0,84,0,0,50.839,384,[84 -64 4 0 0 0 0 0 0 0 0 0 -17 4 -23 1 -24 7 -20 -1 -17 0 -20 5 -22 0 -20 0 -20 1 -24 3 -16 -2 -15 3 -17 -2 -17 -4 -16 0 -19 -4 -20 2 -17 0 -17 0 -21 -3 -18 1 -21 -6 -16 1 -16 -5 -21 -2 -15 -6 4 -2 -21 -4 -13 0 -17 2 -15 -2 -12 4 -12 1 -16 -3 -20 2 -15 0 -11 1 -19 -2 -17 1 -13 0 -15 1 -12 1 -12 5 -13 -1 -20 2 -13 0 -12 5 -12 6 -19 5 -18 4 -14 3 -15 6 -14 3 4 -2 0 0 0 0 0 0 0 0 ]
CSI_DATA,AP,68:FE:71:12:53:8C,-39,11,1,5,1,1,1,0,0,0,1,-94,0,6,1,50963098,0,84,0,0,50.963,384,[84 -64 4 0 0 0 0 0 0 0 0 0 -11 -13 -11 -11 -17 -15 -11 -16 -11 -17 -13 -13 -14 -20 -13 -20 -9 -19 -13 -14 -10 -17 -8 -18 -13 -19 -12 -16 -7 -13 -12 -20 -9 -15 -8 -17 -12 -16 -6 -15 -5 -15 -12 -12 -7 -13 -5 -12 -5 -19 -4 -18 3 1 -5 -17 -11 -13 -11 -15 -11 -9 -12 -11 -11 -11 -12 -13 -10 -11 -10 -14 -13 -7 -11 -8 -10 -9 -12 -13 -12 -8 -12 -9 -12 -11 -11 -8 -14 -11 -7 -11 -14 -14 -10 -11 -14 -13 -14 -10 -12 -13 -11 -13 -14 -13 3 3 0 0 0 0 0 0 0 0 ]
CSI_DATA,AP,68:FE:71:12:53:8C,-42,11,1,4,1,1,1,1,0,0,0,-94,5,6,1,51072083,0,84,0,0,51.072,384,[84 -64 4 0 0 0 0 0 0 0 0 0 16 6 16 1 17 5 15 2 19 4 13 5 15 1 19 2 19 4 14 3 13 6 17 10 14 4 18 5 12 5 19 8 12 5 18 6 10 8 10 2 13 4 13 2 14 6 17 7 17 8 10 8 -1 0 10 8 12 1 16 1 11 7 11 6 14 5 13 6 9 2 12 -1 15 -2 17 4 16 -3 16 0 12 -1 11 2 16 -3 18 4 10 2 14 -4 15 -3 16 -2 17 -5 17 -4 16 -5 12 -3 17 -3 2 4 0 0 0 0 0 0 0 0 ]
CSI_DATA,AP,68:FE:71:12:53:8C,-39,11,1,5,1,1,1,0,0,0,0,-96,0,6,1,51165416,0,84,0,0,51.165,384,[84 -64 4 0 0 0 0 0 0 0 0 0 -17 -13 -19 -10 -15 -13 -19 -18 -11 -12 -10 -16 -15 -11 -10 -15 -11 -15 -13 -15 -11 -16 -15 -17 -13 -17 -13 -14 -11 -17 -13 -19 -7 -15 -10 -11 -11 -13 -9 -11 -9 -13 -11 -12 -6 -13 -14 -18 -9 -13 -14 -16 -2 -1 -12 -17 -15 -17 -6 -10 -15 -15 -10 -15 -9 -10 -11 -9 -10 -9 -8 -14 -14 -7 -14 -14 -12 -10 -11 -9 -11 -8 -13 -7 -11 -14 -14 -11 -18 -11 -18 -12 -10 -5 -16 -11 -12 -8 -11 -12 -16 -9 -17 -8 -10 -13 2 4 0 0 0 0 0 0 0 0 ]
CSI_DATA,AP,68:FE:71:12:53:8C,-35,11,1,5,1,1,1,1,0,0,0,-93,1,6,1,51286183,0,84,0,0,51.286,384,[84 -64 4 0 0 0 0 0 0 0 0 0 20 8 18 12 19 14 19 12 10 16 13 15 15 15 16 13 15 13 13 14 8 19 15 18 10 15 7 14 14 15 11 13 12 14 6 16 13 12 13 11 12 10 9 13 10 9 14 10 7 16 8 17 4 4 9 16 12 13 14 11 6 15 12 7 9 7 6 14 10 6 6 13 8 5 15 10 14 11 8 7 15 5 15 5 10 11 8 11 13 7 16 11 15 5 10 6 14 9 17 5 13 8 14 5 14 5 -3 -2 0 0 0 0 0 0 0 0 ]
CSI_DATA,AP,68:FE:71:12:53:8C,-33,11,1,7,1,1,1,0,0,0,0,-95,0,6,1,51365289,0,84,0,0,51.365,384,[84 -64 4 0 0 0 0 0 0 0 0 0 -1 -26 2 -22 0 -19 0 -22 0 -18 7 -18 5 -20 2 -21 1 -18 1 -23 1 -24 5 -16 5 -21 3 -20 10 -23 10 -18 6 -16 5 -21 8 -14 8 -14 2 -22 1 -18 9 -15 5 -14 8 -14 7 -19 0 -1 0 -16 5 -19 6 -19 0 -16 3 -16 3 -13 6 -19 6 -13 -2 -16 6 -13 0 -18 3 -19 1 -21 -3 -21 -3 -20 0 -20 -3 -19 2 -14 4 -14 -4 -13 -2 -13 -4 -17 0 -18 -4 -14 -1 -16 -7 -16 1 -1 0 0 0 0 0 0 0 0 ]
CSI_DATA,AP,68:FE:71:12:53:8C,-37,11,1,7,1,1,1,0,0,0,0,-94,0,6,1,51454983,0,84,0,0,51.455,384,[84 -64 4 0 0 0 0 0 0 0 0 0 -10 -13 -9 -14 -13 -22 -12 -15 -6 -17 -7 -14 -4 -15 -7 -19 -8 -14 -6 -13 -7 -20 -3 -19 -7 -16 -1 -14 -3 -19 -4 -19 -1 -17 -6 -16 -3 -17 -4 -18 0 -14 -2 -18 -3 -20 -9 -18 -1 -18 -1 -16 -2 -2 -3 -11 -1 -11 -5 -11 -6 -11 -10 -18 -2 -13 -10 -16 -5 -17 -7 -12 -7 -11 -8 -16 -11 -9 -4 -13 -7 -17 -11 -14 -5 -10 -6 -11 -5 -9 -8 -14 -10 -9 -6 -10 -13 -8 -8 -12 -13 -8 -7 -10 -12 -8 2 -3 0 0 0 0 0 0 0 0 ]
CSI_DATA,AP,68:FE:71:12:53:8C,-34,11,1,7,1,1,1,0,0,0,0,-95,0,6,1,51580662,0,84,0,0,51.581,384,[84 -64 4 0 0 0 0 0 0 0 0 0 8 18 4 14 0 22 0 17 2 15 -3 16 -3 15 4 22 3 17 -3 20 -2 18 -5 23 -2 18 -3 15 -4 15 1 22 -6 14 -4 21 0 15 -5 17 1 18 -5 18 -4 16 -4 16 -6 15 1 13 -1 2 0 14 -4 16 3 14 -5 12 3 16 -3 17 1 13 -5 17 1 12 -3 12 1 15 -3 14 2 12 -3 11 4 16 4 18 4 12 2 13 0 14 3 17 -2 15 1 11 1 18 0 14 1 10 7 18 -2 3 0 0 0 0 0 0 0 0 ]
CSI_DATA,AP,68:FE:71:12:53:8C,-34,11,1,6,1,1,1,0,0,0,0,-96,0,6,1,51708846,0,84,0,0,51.709,384,[84 -64 4 0 0 0 0 0 0 0 0 0 5 1 11 2 11 5 9 8 7 5 4 3 6 5 10 4 10 8 10 8 5 7 2 4 1 3 2 8 6 8 9 6 4 11 9 4 5 11 5 9 7 6 6 4 1 5 8 3 9 2 4 4 -4 -1 8 5 8 2 4 8 2 1 9 2 2 9 8 2 5 6 3 2 6 2 3 1 3 6 7 8 7 6 3 6 5 7 10 5 1 4 3 4 1 5 6 2 8 7 5 7 10 7 10 4 10 7 -4 -2 0 0 0 0 0 0 0 0 ]
CSI_DATA,AP,68:FE:71:12:53:8C,-32,11,1,7,1,1,1,0,0,0,0,-93,0,6,1,51799730,0,84,0,0,51.8,384,[84 -64 4 0 0 0 0 0 0 0 0 0 -16 -2 -20 -9 -22 -8 -24 -7 -19 -4 -19 -9 -22 -6 -14 -6 -19 -9 -18 -13 -16 -14 -17 -11 -16 -10 -13 -9 -14 -12 -15 -13 -14 -11 -15 -10 -18 -7 -13 -9 -13 -10 -11 -7 -16 -8 -12 -10 -18 -9 -12 -7 2 -1 -16 -13 -17 -4 -17 -8 -18 -6 -12 -9 -17 -10 -13 -7 -19 -5 -12 -10 -17 -5 -12 -3 -15 -8 -11 -9 -17 -8 -11 -8 -19 -2 -18 -5 -16 -7 -13 -6 -20 -7 -20 -2 -19 -5 -13 -2 -20 -3 -18 -6 -14 -2 -2 1 0 0 0 0 0 0 0 0 ]
CSI_DATA,AP,68:FE:71:12:53:8C,-36,11,1,7,1,1,1,0,0,0,0,-95,0,6,1,51894353,0,84,0,0,51.894,384,[84 -64 4 0 0 0 0 0 0 0 0 0 21 -12 18 -7 20 -10 20 -8 18 -4 20 -7 21 -4 20 0 20 -4 19 -4 15 -5 16 -3 19 1 15 -5 20 -4 22 0 17 -3 15 -2 20 1 14 3 13 -3 18 2 14 -5 13 -5 15 -2 15 2 2 3 14 -2 16 0 13 -1 13 -2 18 -4 19 -4 12 -6 13 -2 14 -2 16 -5 12 -1 17 -7 16 -7 19 -5 11 -3 15 -1 11 -5 18 -4 14 -8 13 -10 16 -6 13 -6 15 -9 11 -4 11 -3 17 -4 -3 4 0 0 0 0 0 0 0 0 ]
CSI_DATA,AP,68:FE:71:12:53:8C,-38,11,1,6,1,1,1,0,0,0,0,-95,0,6,1,51976559,0,84,0,0,51.977,384,[84 -64 4 0 0 0 0 0 0 0 0 0 8 -15 8 -19 10 -16 12 -19 9 -21 9 -16 12 -17 12 -16 14 -12 10 -13 13 -11 14 -14 14 -17 16 -16 13 -17 12 -17 9 -15 13 -9 9 -11 14 -12 11 -11 8 -13 16 -15 16 -11 13 -8 11 -13 0 2 6 -16 10 -9 13 -12 12 -8 7 -11 5 -17 11 -17 13 -16 8 -13 5 -12 9 -16 4 -11 4 -18 8 -14 4 -10 9 -19 7 -17 4 -15 8 -17 8 -17 2 -11 2 -12 8 -15 9 -17 6 -16 6 -16 4 -4 0 0 0 0 0 0 0 0 ]
CSI_DATA,AP,68:FE:71:12:53:8C,-35,11,1,6,1,1,1,0,0,0,0,-96,0,6,1,52063483,0,84,0,0,52.063,384,[84 -64 4 0 0 0 0 0 0 0 0 0 8 16 5 19 7 20 2 20 2 20 2 24 0 20 1 19 1 15 3 21 1 17 1 15 -6 20 -5 19 -4 15 0 17 -5 21 -4 19 -7 20 0 22 0 16 -7 15 -3 13 -6 19 -2 19 -4 14 -4 0 2 19 -3 12 2 15 -3 15 1 16 -4 18 -3 12 3 15 3 12 2 11 2 12 5 15 6 19 3 11 -1 11 0 19 2 16 5 13 -1 14 7 14 7 14 8 11 2 12 8 14 5 18 1 12 -2 -1 0 0 0 0 0 0 0 0 ]
CSI_DATA,AP,68:FE:71:12:53:8C,-34,11,1,5,1,1,1,0,0,0,1,-95,0,6,1,52162984,0,84,0,0,52.163,384,[84 -64 4 0 0 0 0 0 0 0 0 0 17 -8 13 -14 22 -12 18 -9 19 -11 20 -10 21 -11 21 -5 16 -8 14 -6 19 -7 18 -10 16 -10 16 -5 14 -9 17 -3 16 -9 12 -4 19 -4 14 -7 14 -8 19 0 20 -6 14 -2 19 -1 20 -9 2 4 11 -5 12 -2 18 -5 17 -11 19 -4 13 -7 19 -6 10 -5 14 -10 12 -12 15 -10 12 -10 11 -5 10 -8 9 -9 15 -6 13 -9 15 -7 15 -6 15 -11 13 -8 9 -13 16 -12 14 -16 11 -12 13 -8 4 1 0 0 0 0 0 0 0 0 ]
CSI_DATA,AP,68:FE:71:12:53:8C,-34,11,1,6,1,1,1,0,0,0,1,-95,0,6,1,52269031,0,84,0,0,52.269,384,[84 -64 4 0 0 0 0 0 0 0 0 0 -22 3 -19 -2 -23 -5 -16 -5 -17 -6 -18 -7 -18 -8 -14 -9 -22 -8 -20 -5 -21 -10 -19 -5 -17 -7 -19 -4 -14 -7 -22 -8 -14 -10 -18 -6 -19 -4 -19 -8 -17 -5 -16 -5 -14 -10 -20 -11 -18 -11 -19 -5 3 0 -17 -5 -19 -7 -18 -4 -13 -1 -16 -5 -11 -5 -19 -6 -15 -5 -16 -1 -11 0 -17 -5 -11 -3 -18 0 -14 -5 -14 -1 -15 -2 -12 -3 -13 2 -15 0 -17 -4 -14 -1 -16 2 -12 3 -16 4 -19 0 -18 3 4 2 0 0 0 0 0 0 0 0 ]
CSI_DATA,AP,68:FE:71:12:53:8C,-33,11,0,0,0,0,0,0,0,0,0,-95,0,6,1,52370643,0,37,0,0,52.371,128,[84 -64 4 0 0 0 0 0 0 0 0 0 -14 14 -13 7 -19 16 -22 14 -19 7 -15 14 -13 7 -17 8 -16 9 -18 8 -16 11 -23 6 -22 7 -20 2 -16 3 -18 7 -18 8 -21 6 -21 2 -14 4 -14 7 -16 10 -20 2 -18 3 -13 5 -18 5 -4 0 -13 3 -18 6 -15 7 -12 6 -17 7 -10 11 -14 6 -18 8 -17 11 -17 5 -17 6 -9 13 -9 12 -11 12 -8 9 -14 7 -9 14 -14 15 -16 10 -14 13 -9 7 -14 15 -13 15 -15 10 -11 7 -9 7 -3 2 0 0 0 0 0 0 0 0 ]
CSI_DATA,AP,68:FE:71:12:53:8C,-35,11,1,6,1,1,1,0,0,0,0,-94,0,6,1,52488072,0,84,0,0,52.488,384,[84 -64 4 0 0 0 0 0 0 0 0 0 4 -18 8 -20 4 -21 5 -21 9 -19 8 -20 4 -21 5 -15 13 -20 12 -17 10 -17 10 -20 11 -19 6 -19 10 -13 7 -20 13 -11 9 -12 13 -18 12 -14 10 -18 10 -18 11 -12 7 -11 10 -15 8 -16 4 3 5 -12 11 -14 9 -13 5 -18 6 -12 5 -17 10 -13 5 -17 1 -14 3 -19 4 -14 1 -15 4 -14 4 -16 6 -16 0 -16 7 -19 5 -19 6 -20 4 -19 3 -13 2 -19 0 -20 -2 -21 0 -16 4 -15 -1 -4 0 0 0 0 0 0 0 0 ]
CSI_DATA,AP,68:FE:71:12:53:8C,-37,11,1,6,1,1,1,1,0,0,0,-96,1,6,1,52578800,0,84,0,0,52.579,384,[84 -64 4 0 0 0 0 0 0 0 0 0 10 -14 16 -22 13 -16 9 -13 13 -20 14 -19 9 -17 13 -14 18 -14 10 -12 11 -11 17 -14 13 -17 16 -14 11 -14 12 -9 13 -16 17 -15 15 -12 16 -14 15 -16 18 -15 16 -8 17 -16 17 -8 9 -15 -2 -2 8 -9 9 -15 12 -11 8 -9 7 -15 15 -13 9 -15 13 -14 9 -13 8 -16 5 -11 11 -16 9 -18 5 -13 4 -15 8 -16 4 -14 5 -18 4 -17 5 -17 10 -13 3 -12 4 -15 4 -12 8 -14 2 -15 -4 1 0 0 0 0 0 0 0 0 ]
CSI_DATA,AP,68:FE:71:12:53:8C,-35,11,1,7,1,1,1,0,0,0,0,-93,0,6,1,52700094,0,84,0,0,52.7,384,[84 -64 4 0 0 0 0 0 0 0 0 0 -16 5 -16 5 -18 8 -24 8 -17 2 -19 3 -24 5 -19 5 -24 6 -22 -2 -19 5 -19 3 -18 0 -25 4 -19 -3 -22 -2 -22 1 -21 2 -14 4 -19 3 -17 1 -15 4 -21 3 -13 4 -18 -2 -22 1 2 2 -15 4 -15 3 -18 2 -15 5 -15 4 -15 -1 -14 3 -15 5 -17 3 -12 7 -20 4 -17 3 -19 7 -17 5 -18 7 -19 7 -14 10 -18 9 -12 10 -19 11 -19 8 -11 3 -17 5 -11 5 -12 4 -16 7 1 -1 0 0 0 0 0 0 0 0 ]
CSI_DATA,AP,68:FE:71:12:53:8C,-34,11,1,6,1,1,1,0,0,0,0,-93,0,6,1,52793244,0,84,0,0,52.793,384,[84 -64 4 0 0 0 0 0 0 0 0 0 3 -22 -2 -22 1 -21 -2 -19 -2 -19 1 -20 1 -25 6 -21 6 -19 3 -21 6 -18 3 -19 4 -20 7 -18 7 -23 2 -22 0 -15 9 -15 4 -17 3 -16 8 -15 5 -14 1 -16 4 -15 8 -16 3 -19 -1 2 5 -18 0 -16 7 -17 3 -16 -1 -20 1 -16 2 -14 1 -21 -3 -17 0 -12 4 -20 4 -20 5 -14 0 -17 5 -21 -5 -19 0 -17 0 -16 1 -17 -3 -20 -2 -16 2 -16 -5 -20 0 -20 -2 -14 -3 -17 2 -4 0 0 0 0 0 0 0 0 ]
CSI_DATA,AP,68:FE:71:12:53:8C,-37,11,1,6,1,1,1,0,0,0,0,-95,0,6,1,52891680,0,84,0,0,52.892,384,[84 -64 4 0 0 0 0 0 0 0 0 0 -12 18 -8 20 -8 19 -11 20 -9 20 -13 21 -12 17 -8 19 -15 19 -14 13 -13 19 -16 15 -13 21 -10 14 -10 13 -14 14 -10 13 -10 12 -13 10 -13 11 -15 13 -14 16 -14 17 -9 15 -14 18 -16 13 3 4 -16 13 -7 16 -11 13 -6 16 -9 15 -14 18 -14 13 -10 17 -6 12 -7 14 -9 15 -9 13 -6 14 -6 12 -4 18 -7 16 -7 19 -2 15 -4 19 -8 12 -9 18 -8 14 -7 17 -5 20 -9 18 -1 13 -4 0 0 0 0 0 0 0 0 0 ]
CSI_DATA,AP,68:FE:71:12:53:8C,-37,11,1,6,1,1,1,0,0,0,0,-96,0,6,1,52990574,0,84,0,0,52.991,384,[84 -64 4 0 0 0 0 0 0 0 0 0 -9 20 -11 24 -4 20 -11 19 -13 19 -11 19 -9 19 -8 21 -7 18 -15 20 -16 22 -8 19 -14 19 -9 16 -13 18 -13 19 -16 16 -9 19 -10 19 -9 18 -14 13 -15 11 -13 10 -15 14 -15 14 -10 15 -2 -3 -8 19 -8 16 -12 14 -9 17 -10 18 -6 18 -6 18 -11 19 -9 13 -8 18 -5 16 -2 13 -9 15 -5 15 -7 13 -5 15 -7 19 -6 15 -9 12 -5 20 -1 19 -7 18 -1 19 -3 22 -7 21 -7 17 4 1 0 0 0 0 0 0 0 0 ]
CSI_DATA,AP,68:FE:71:12:53:8C,-35,11,1,7,1,1,1,0,0,0,0,-93,0,6,1,53073767,0,84,0,0,53.074,384,[84 -64 4 0 0 0 0 0 0 0 0 0 -16 17 -12 19 -11 15 -14 14 -14 11 -18 16 -19 12 -13 13 -18 10 -12 12 -13 17 -18 10 -20 11 -20 8 -18 9 -13 13 -16 14 -17 7 -17 9 -18 10 -19 8 -19 13 -15 13 -19 7 -13 6 -18 11 -2 3 -10 6 -15 10 -16 15 -12 8 -14 11 -15 9 -18 8 -9 10 -9 10 -15 10 -13 9 -11 9 -14 9 -14 16 -10 10 -16 12 -12 10 -14 10 -13 10 -9 14 -13 10 -12 17 -8 11 -11 17 -5 18 -8 15 -3 0 0 0 0 0 0 0 0 0 ]
CSI_DATA,AP,68:FE:71:12:53:8C,-35,11,1,6,1,1,1,0,0,0,0,-95,0,6,1,53164367,0,84,0,0,53.164,384,[84 -64 4 0 0 0 0 0 0 0 0 0 19 9 16 3 20 4 18 11 23 12 20 13 14 9 13 12 20 8 13 11 20 15 22 16 17 10 15 9 14 15 15 12 18 8 13 6 17 13 19 15 12 7 19 12 15 13 17 10 16 13 17 6 0 3 10 12 12 7 17 6 19 11 18 12 15 5 17 9 15 10 17 6 18 9 20 5 17 4 17 8 16 8 15 3 18 4 16 4 19 4 19 7 13 3 17 0 18 3 17 4 21 -1 14 4 17 3 -2 -1 0 0 0 0 0 0 0 0 ]
CSI_DATA,AP,68:FE:71:12:53:8C,-36,11,1,5,1,1,1,0,0,0,0,-95,0,6,1,53268706,0,84,0,0,53.269,384,[84 -64 4 0 0 0 0 0 0 0 0 0 -13 16 -12 15 -11 20 -11 21 -15 17 -12 19 -10 17 -8 18 -16 13 -12 12 -14 13 -18 12 -16 11 -17 16 -15 13 -17 17 -13 14 -11 18 -15 12 -17 11 -13 17 -15 15 -16 10 -18 9 -13 14 -16 14 2 0 -7 13 -11 14 -14 13 -7 18 -8 15 -6 13 -7 13 -10 18 -13 10 -8 17 -9 12 -13 12 -10 13 -5 16 -6 19 -6 15 -3 20 -4 18 -6 16 -1 20 -6 20 -4 17 -2 15 -9 21 -7 16 -4 18 -4 3 0 0 0 0 0 0 0 0 ]
CSI_DATA,AP,68:FE:71:12:53:8C,-39,11,1,5,1,1,1,1,0,0,0,-96,6,6,1,53361549,0,84,0,0,53.362,384,[84 -64 4 0 0 0 0 0 0 0 0 0 -20 15 -15 14 -23 13 -22 12 -22 8 -18 6 -23 5 -22 8 -15 2 -22 7 -16 3 -17 5 -17 7 -16 5 -18 6 -22 7 -16 7 -15 3 -15 6 -14 5 -21 7 -19 1 -17 6 -18 0 -18 1 -14 4 -3 2 -18 5 -16 2 -18 7 -17 9 -14 5 -12 2 -12 8 -19 8 -15 6 -18 8 -18 10 -10 7 -17 7 -12 8 -12 7 -14 12 -19 4 -15 5 -12 13 -18 8 -19 11 -13 7 -18 5 -15 14 -15 10 -15 10 -1 4 0 0 0 0 0 0 0 0 ]
CSI_DATA,AP,68:FE:71:12:53:8C,-33,11,1,7,1,1,1,0,0,0,0,-95,0,6,1,53448906,0,84,0,0,53.449,384,[84 -64 4 0 0 0 0 0 0 0 0 0 17 -4 16 1 20 -5 24 2 19 -4 15 2 16 5 17 3 23 4 21 0 22 0 18 5 17 8 20 1 15 6 21 5 21 8 13 4 19 2 19 5 15 4 19 6 14 1 15 5 16 6 21 0 -4 -2 20 4 16 6 16 2 13 -3 12 3 18 5 16 2 18 0 12 4 15 3 13 -1 12 3 17 -2 18 -1 15 -1 15 -1 14 2 13 -7 16 -3 11 -2 18 2 18 2 18 1 13 -4 12 -4 13 -5 4 -1 0 0 0 0 0 0 0 0 ]
CSI_DATA,AP,68:FE:71:12:53:8C,-34,11,1,6,1,1,1,0,0,0,0,-94,0,6,1,53567635,0,82,0,0,53.568,384,[84 -64 4 0 0 0 0 0 0 0 0 0 14 12 12 14 11 12 13 16 12 19 7 13 12 19 4 18 11 16 12 14 6 18 9 20 5 15 10 15 10 16 12 18 9 14 7 13 6 15 7 20 10 14 5 13 4 18 2 14 10 13 7 19 -2 -4 7 18 5 11 9 10 6 15 11 9 8 12 8 15 9 16 6 17 7 14 8 10 13 14 8 12 7 14 13 10 15 15 10 16 13 6 15 13 13 8 15 13 11 11 10 8 9 12 13 6 12 12 -4 1 0 0 0 0 0 0 0 0 ]
CSI_DATA,AP,68:FE:71:12:53:8C,-33,11,1,6,1,1,1,0,0,0,0,-94,0,6,1,53664673,0,84,0,0,53.665,384,[84 -64 4 0 0 0 0 0 0 0 0 0 -20 10 -21 10 -19 5 -19 9 -21 11 -21 7 -18 4 -20 8 -24 7 -16 -1 -23 8 -23 4 -17 1 -23 6 -17 1 -23 6 -16 -1 -22 4 -17 5 -21 6 -18 5 -20 6 -13 5 -14 -1 -18 5 -20 5 -3 2 -15 0 -14 4 -18 8 -12 6 -19 3 -16 0 -13 4 -19 6 -18 5 -12 9 -19 8 -16 5 -12 3 -11 11 -12 7 -17 7 -15 4 -15 12 -15 9 -15 9 -19 8 -15 13 -12 8 -11 7 -12 13 -13 12 -1 1 0 0 0 0 0 0 0 0 ]
CSI_DATA,AP,68:FE:71:12:53:8C,-38,11,1,7,1,1,1,0,0,0,0,-94,0,6,1,53760912,0,84,0,0,53.761,384,[84 -64 4 0 0 0 0 0 0 0 0 0 -21 5 -21 9 -22 8 -24 7 -19 7 -23 2 -16 6 -19 7 -23 3 -23 1 -25 2 -21 3 -22 3 -24 3 -21 1 -23 0 -17 1 -18 4 -15 1 -18 4 -22 2 -18 -3 -21 3 -19 4 -15 -2 -17 5 0 4 -22 4 -20 4 -15 1 -13 6 -17 3 -15 2 -13 0 -16 5 -19 4 -19 8 -13 11 -17 10 -19 10 -14 6 -11 3 -20 5 -12 12 -15 6 -13 5 -18 9 -19 10 -15 10 -12 5 -11 11 -16 11 -12 5 0 1 0 0 0 0 0 0 0 0 ]
CSI_DATA,AP,68:FE:71:12:53:8C,-34,11,1,7,1,1,1,0,0,0,0,-95,0,6,1,53870191,0,84,0,0,53.87,384,[84 -64 4 0 0 0 0 0 0 0 0 0 22 -6 19 -1 19 -6 24 -4 21 -1 17 -6 19 -3 24 1 23 2 17 0 23 -2 21 2 18 0 21 5 16 1 22 4 16 1 22 4 20 1 22 -1 13 3 22 0 19 1 21 -3 17 3 15 1 -3 -4 15 0 15 -4 14 -1 16 1 16 1 13 -1 16 -4 18 -4 19 -5 20 -7 16 -4 15 0 13 -4 15 -5 20 -7 19 -8 12 -9 19 -2 17 -8 19 -6 15 -7 11 -9 20 -6 14 -9 11 -5 18 -11 3 4 0 0 0 0 0 0 0 0 ]
CSI_DATA,AP,68:FE:71:12:53:8C,-39,11,1,5,1,1,1,0,0,0,1,-93,0,6,1,53970865,0,84,0,0,53.971,384,[84 -64 4 0 0 0 0 0 0 0 0 0 -22 6 -17 1 -19 8 -19 0 -25 -2 -17 -3 -23 -2 -21 -2 -19 0 -23 -6 -26 -5 -21 -6 -21 -4 -19 0 -23 1 -17 -1 -20 -3 -17 -1 -19 1 -22 -8 -15 0 -16 -3 -15 1 -18 -2 -22 -3 -14 2 1 -4 -22 0 -16 3 -13 2 -19 2 -18 0 -15 -5 -13 0 -19 -1 -18 4 -14 3 -15 3 -12 0 -14 2 -17 6 -18 2 -13 7 -15 1 -14 3 -19 -1 -14 4 -14 1 -13 0 -21 6 -17 6 -21 2 -16 3 0 2 0 0 0 0 0 0 0 0 ]
CSI_DATA,AP,68:FE:71:12:53:8C,-32,11,0,0,0,0,0,0,0,0,0,-93,0,6,1,54105334,0,37,0,0,54.105,128,[84 -64 4 0 0 0 0 0 0 0 0 0 11 -18 11 -22 7 -21 11 -21 16 -16 15 -16 15 -15 14 -15 15 -13 8 -12 15 -15 16 -16 14 -12 17 -16 17 -12 17 -10 11 -10 10 -13 16 -13 14 -16 12 -8 12 -9 8 -15 9 -17 15 -15 12 -11 -4 2 9 -14 13 -14 9 -14 12 -15 13 -10 13 -14 11 -9 5 -12 7 -14 10 -12 8 -12 5 -10 5 -17 11 -16 11 -13 11 -19 11 -17 7 -13 7 -14 6 -19 7 -13 7 -18 5 -16 7 -14 4 -19 5 -12 1 -4 0 0 0 0 0 0 0 0 ]
CSI_DATA,AP,68:FE:71:12:53:8C,-36,11,1,5,1,1,1,0,0,0,0,-96,0,6,1,54202518,0,84,0,0,54.203,384,[84 -64 4 0 0 0 0 0 0 0 0 0 16 3 18 8 19 8 20 7 17 7 20 9 16 10 14 5 13 13 18 13 20 6 14 12 13 9 17 14 16 12 18 9 18 6 12 6 11 11 13 7 13 10 14 8 9 5 10 11 17 9 17 9 -2 -4 17 11 18 12 17 4 13 8 12 6 16 10 16 9 17 6 11 3 11 3 16 6 18 10 15 2 15 4 12 10 12 6 15 6 20 6 13 3 16 3 11 3 19 5 18 6 15 1 20 1 17 5 -1 3 0 0 0 0 0 0 0 0 ]
CSI_DATA,AP,68:FE:71:12:53:8C,-34,11,1,6,1,1,1,0,0,0,0,-95,0,6,1,54279703,0,84,0,0,54.28,384,[84 -64 4 0 0 0 0 0 0 0 0 0 -8 -17 -6 -21 -5 -17 -12 -20 -3 -19 -6 -18 -8 -18 -3 -18 -5 -22 -7 -18 -5 -21 -1 -20 -8 -26 -2 -21 -3 -25 1 -25 0 -18 -1 -21 -1 -21 -4 -15 0 -19 -4 -19 -4 -21 1 -17 -4 -21 -6 -15 3 -1 0 -20 -5 -21 -6 -18 -5 -20 -3 -15 -8 -16 -7 -15 -8 -14 -8 -17 -6 -18 -2 -20 -3 -20 -5 -17 -8 -19 -10 -17 -8 -18 -8 -12 -9 -19 -4 -18 -4 -11 -3 -15 -7 -14 -9 -17 -10 -14 -9 -16 -5 -16 -1 -2 0 0 0 0 0 0 0 0 ]
CSI_DATA,AP,68:FE:71:12:53:8C,-35,11,1,7,1,1,1,0,0,0,0,-94,0,6,1,54359624,0,84,0,0,54.36,384,[84 -64 4 0 0 0 0 0 0 0 0 0 -17 12 -14 9 -20 6 -22 10 -17 11 -15 5 -18 10 -16 8 -17 7 -23 9 -24 3 -20 9 -19 8 -21 1 -23 6 -19 0 -18 7 -17 -1 -15 1 -18 7 -21 6 -21 6 -15 3 -19 0 -16 0 -23 7 1 -3 -15 3 -14 4 -20 2 -17 5 -14 2 -16 6 -18 1 -17 4 -20 9 -15 5 -18 6 -15 7 -11 4 -19 11 -19 7 -15 11 -17 8 -15 9 -19 7 -14 12 -17 7 -13 11 -19 4 -12 11 -18 6 -16 9 -4 4 0 0 0 0 0 0 0 0 ]
CSI_DATA,AP,68:FE:71:12:53:8C,-34,11,1,6,1,1,1,0,0,0,0,-95,0,6,1,54487314,0,84,0,0,54.487,384,[84 -64 4 0 0 0 0 0 0 0 0 0 -15 -17 -12 -16 -6 -19 -7 -22 -5 -22 -3 -17 -11 -18 -3 -17 -8 -16 -1 -19 -6 -22 -4 -22 -4 -23 -3 -16 -3 -16 -2 -21 -7 -17 -4 -16 -7 -14 -3 -18 -6 -21 0 -23 1 -14 -2 -15 -7 -20 -1 -15 0 0 -5 -19 -1 -18 -4 -21 -5 -21 0 -18 -6 -18 -2 -14 -5 -13 -3 -17 -5 -18 -6 -12 -5 -13 -5 -19 -6 -19 -5 -17 -5 -20 -5 -16 -10 -11 -12 -17 -6 -18 -10 -16 -7 -11 -10 -18 -8 -18 -6 -14 -12 -16 4 2 0 0 0 0 0 0 0 0 ]
CSI_DATA,AP,68:FE:71:12:53:8C,-38,11,1,7,1,1,1,0,0,0,0,-94,0,6,1,54590671,0,84,0,0,54.591,384,[84 -64 4 0 0 0 0 0 0 0 0 0 5 20 5 14 7 21 4 17 2 22 0 18 -1 23 5 17 -3 16 5 14 -1 19 -3 16 3 17 2 18 3 19 4 16 -4 20 3 14 4 12 2 15 4 13 3 20 -1 13 4 12 -3 13 -1 17 -2 3 1 12 2 20 -2 19 0 19 -2 10 6 19 0 14 5 11 3 14 5 13 7 18 8 10 3 15 1 17 7 11 7 12 3 10 8 17 2 16 3 12 7 11 8 13 4 10 6 17 9 13 10 10 3 0 0 0 0 0 0 0 0 0 ]
CSI_DATA,AP,68:FE:71:12:53:8C,-40,11,1,5,1,1,1,0,0,0,0,-96,0,6,1,54704524,0,84,0,0,54.705,384,[84 -64 4 0 0 0 0 0 0 0 0 0 10 13 15 12 15 20 12 19 14 17 10 19 11 16 7 13 6 21 13 18 14 14 10 22 12 15 13 19 9 14 8 19 7 18 7 18 5 14 8 21 6 20 11 19 5 18 8 12 11 17 8 19 -4 -4 7 18 9 14 11 20 9 18 6 16 4 18 7 12 12 12 13 9 12 7 11 10 11 14 7 17 9 10 8 15 15 12 11 11 12 13 11 10 15 10 12 7 9 7 16 9 9 10 9 13 17 12 4 0 0 0 0 0 0 0 0 0 ]
CSI_DATA,AP,68:FE:71:12:53:8C,-39,11,1,5,1,1,1,0,0,0,0,-94,0,6,1,54816973,0,84,0,0,54.817,384,[84 -64 4 0 0 0 0 0 0 0 0 0 2 16 -2 20 -4 17 2 17 -3 18 -8 16 -7 25 -2 22 -6 22 -5 22 -8 22 -6 22 -5 21 -4 16 -9 21 -9 17 -6 14 -3 21 -6 17 -5 13 -7 16 -5 16 -9 13 -9 13 -8 17 -5 15 2 -3 -9 16 -10 16 -9 21 -7 13 -7 13 -2 20 -4 20 -4 13 -4 19 -5 13 0 20 -5 14 -3 18 0 13 -1 18 1 15 -2 15 -5 15 -1 15 3 19 -5 18 -4 14 -3 19 1 17 4 19 4 20 4 -1 0 0 0 0 0 0 0 0 ]
CSI_DATA,AP,68:FE:71:12:53:8C,-38,11,1,6,1,1,1,0,0,0,0,-95,0,6,1,54912650,0,82,0,0,54.913,384,[84 -64 4 0 0 0 0 0 0 0 0 0 -16 -4 -17 0 -16 -3 -16 -4 -11 -9 -16 -6 -8 -4 -15 -3 -12 -2 -7 -9 -15 -10 -17 -4 -9 -6 -15 -9 -6 -9 -7 -9 -11 -8 -10 -3 -12 -6 -5 -6 -9 -6 -12 -7 -5 -2 -8 -2 -10 -2 -7 -1 0 -1 -6 -8 -10 -9 -8 -3 -9 -2 -6 -6 -9 -3 -6 -6 -12 0 -5 -5 -12 -6 -6 -7 -11 -1 -13 0 -12 -4 -8 -6 -6 2 -9 -4 -12 -3 -8 0 -11 4 -5 -4 -9 2 -6 0 -8 0 -5 0 -7 -3 4 2 0 0 0 0 0 0 0 0 ]
CSI_DATA,AP,68:FE:71:12:53:8C,-37,11,1,6,1,1,1,0,0,0,1,-96,0,6,1,55028092,0,84,0,0,55.028,384,[84 -64 4 0 0 0 0 0 0 0 0 0 9 -12 8 -9 13 -12 17 -14 14 -10 18 -15 14 -10 18 -8 14 -5 12 -9 12 -7 12 -10 13 -5 10 -7 13 -10 18 -7 13 -9 12 -8 17 -4 11 -3 14 -3 9 -3 12 -2 18 -7 10 -5 17 -3 4 -3 15 -8 8 -5 11 -7 12 -12 11 -6 11 -8 12 -8 14 -12 11 -9 13 -13 11 -11 7 -8 5 -9 10 -8 10 -7 14 -13 7 -12 10 -13 7 -8 6 -7 10 -12 5 -12 8 -15 5 -11 12 -12 4 -10 2 -4 0 0 0 0 0 0 0 0 ]
CSI_DATA,AP,68:FE:71:12:53:8C,-37,11,1,6,1,1,1,1,0,0,0,-94,5,6,1,55139441,0,84,0,0,55.139,384,[84 -64 4 0 0 0 0 0 0 0 0 0 9 -16 10 -18 9 -16 8 -16 10 -20 12 -15 15 -20 12 -14 13 -20 10 -18 14 -20 14 -17 15 -15 13 -14 7 -16 12 -16 14 -16 8 -13 6 -11 15 -15 8 -17 11 -17 8 -12 9 -16 9 -15 9 -12 0 -2 5 -15 12 -11 9 -17 6 -15 11 -15 10 -16 4 -10 11 -12 11 -10 6 -15 5 -15 2 -16 6 -16 7 -14 9 -11 7 -17 7 -15 2 -11 5 -16 6 -13 9 -14 4 -17 4 -14 3 -19 6 -17 3 -16 1 -3 0 0 0 0 0 0 0 0 ]
CSI_DATA,AP,68:FE:71:12:53:8C,-38,11,1,7,1,1,1,0,0,0,0,-95,0,6,1,55240358,0,84,0,0,55.24,384,[84 -64 4 0 0 0 0 0 0 0 0 0 -12 6 -11 6 -7 7 -7 -1 -12 -1 -10 1 -7 0 -12 0 -12 2 -8 -1 -6 5 -13 2 -13 2 -6 1 -10 0 -9 3 -12 1 -12 2 -5 -3 -10 0 -8 -4 -5 -1 -3 1 -12 2 -5 -4 -5 -2 -1 4 -5 3 -7 -3 -10 4 -6 -1 -5 -1 -7 -3 -7 4 -4 2 -7 -2 -6 1 -10 2 -4 3 -6 2 -5 5 -6 5 -7 7 -5 -1 -10 7 -8 6 -4 -1 -10 -1 -8 0 -12 5 -7 6 -10 3 -7 7 4 2 0 0 0 0 0 0 0 0 ]
CSI_DATA,AP,68:FE:71:12:53:8C,-37,11,1,7,1,1,1,0,0,0,0,-95,0,6,1,55327679,0,84,0,0,55.328,384,[84 -64 4 0 0 0 0 0 0 0 0 0 -10 11 -15 13 -13 8 -14 6 -12 11 -15 10 -12 7 -12 4 -17 10 -19 3 -19 11 -14 3 -20 10 -17 7 -13 6 -16 9 -17 1 -18 6 -13 5 -15 9 -13 3 -19 3 -12 1 -18 4 -14 7 -14 4 1 3 -18 9 -14 4 -17 8 -18 5 -16 9 -18 10 -15 10 -14 8 -13 10 -10 3 -15 8 -16 10 -11 5 -14 10 -17 9 -11 4 -15 10 -12 6 -15 9 -8 13 -13 5 -15 6 -16 11 -11 14 -8 13 -12 9 -2 -2 0 0 0 0 0 0 0 0 ]
CSI_DATA,AP,68:FE:71:12:53:8C,-34,11,1,7,1,1,1,0,0,0,0,-94,0,6,1,55431302,0,84,0,0,55.431,384,[84 -64 4 0 0 0 0 0 0 0 0 0 -16 -12 -12 -12 -18 -19 -18 -20 -8 -21 -12 -17 -6 -14 -13 -17 -6 -23 -9 -21 -12 -22 -8 -18 -12 -21 -11 -17 -12 -22 -7 -21 -9 -20 -8 -18 -4 -21 -8 -22 -8 -16 -8 -15 -7 -19 -11 -15 -7 -20 -6 -19 -2 0 -7 -18 -12 -18 -13 -16 -6 -16 -5 -17 -6 -19 -9 -13 -11 -10 -12 -12 -8 -16 -6 -12 -11 -12 -9 -12 -12 -14 -8 -15 -14 -17 -9 -10 -8 -13 -7 -16 -12 -14 -14 -12 -12 -16 -14 -8 -8 -10 -12 -8 -10 -14 4 -4 0 0 0 0 0 0 0 0 ]
CSI_DATA,AP,68:FE:71:12:53:8C,-34,11,1,7,1,1,1,0,0,0,0,-94,0,6,1,55526107,0,84,0,0,55.526,384,[84 -64 4 0 0 0 0 0 0 0 0 0 -24 9 -17 4 -25 8 -25 4 -20 9 -15 0 -17 1 -15 6 -22 1 -18 3 -16 2 -17 4 -14 -1 -17 4 -18 3 -14 0 -14 2 -14 2 -15 4 -15 4 -17 -3 -17 0 -16 2 -12 2 -17 1 -13 1 -1 -2 -9 -1 -11 7 -11 1 -15 8 -16 4 -10 1 -8 6 -8 8 -9 3 -14 4 -15 3 -8 3 -13 6 -13 3 -14 9 -13 6 -8 4 -9 10 -6 9 -6 9 -12 9 -11 5 -11 9 -7 11 -13 5 -6 13 0 0 0 0 0 0 0 0 0 0 ]
CSI_DATA,AP,68:FE:71:12:53:8C,-31,11,1,6,1,1,1,1,0,0,0,-95,1,6,1,55617253,0,84,0,0,55.617,384,[84 -64 4 0 0 0 0 0 0 0 0 0 -22 -6 -19 -4 -18 -2 -18 -8 -25 -6 -22 -7 -21 -2 -20 -5 -18 -6 -14 -4 -17 -3 -18 -2 -19 -7 -16 -3 -14 -10 -12 -8 -13 -7 -16 -4 -12 -4 -17 -8 -9 -4 -9 -8 -13 -8 -16 0 -11 -3 -14 1 -1 3 -8 -5 -12 3 -8 2 -12 -2 -7 -1 -10 3 -9 -1 -6 -3 -9 -3 -12 1 -14 6 -5 1 -12 2 -12 0 -8 7 -9 2 -9 7 -11 3 -11 1 -8 5 -11 8 -5 9 -7 5 -7 9 -10 5 -7 7 4 -1 0 0 0 0 0 0 0 0 ]
CSI_DATA,AP,68:FE:71:12:53:8C,-36,11,1,5,1,1,1,0,0,0,0,-95,0,6,1,55671652,0,84,0,0,55.672,384,[84 -64 4 0 0 0 0 0 0 0 0 0 -37 9 -38 1 -40 -1 -38 6 -37 4 -30 -3 -34 -3 -31 -7 -28 -5 -29 -5 -35 -3 -28 -5 -33 -8 -28 -8 -22 -2 -29 -3 -29 -5 -26 0 -22 -2 -27 0 -22 0 -25 -3 -21 -1 -15 0 -22 0 -22 -2 1 -4 -15 -2 -17 -1 -17 0 -13 2 -19 4 -18 4 -14 4 -18 6 -12 3 -16 10 -17 10 -9 5 -11 7 -14 8 -10 12 -13 6 -12 8 -14 8 -15 10 -12 10 -11 7 -10 10 -13 8 -11 13 -8 7 -11 15 3 -1 0 0 0 0 0 0 0 0 ]
CSI_DATA,AP,68:FE:71:12:53:8C,-36,11,1,5,1,1,1,0,0,0,0,-95,0,6,1,55782603,0,84,0,0,55.783,384,[84 -64 4 0 0 0 0 0 0 0 0 0 0 -15 -3 -13 3 -13 0 -17 4 -10 1 -15 3 -16 5 -11 1 -15 -2 -11 5 -14 2 -12 1 -12 1 -10 3 -6 4 -10 3 -13 2 -10 5 -11 2 -7 -1 -12 2 -13 4 -10 2 -10 -2 -8 4 -9 -2 -4 -1 -9 4 -7 -1 -11 -3 -13 -1 -13 -1 -12 0 -9 -3 -9 -4 -5 1 -6 2 -12 3 -10 3 -7 0 -5 -4 -12 1 -11 -5 -9 -5 -6 3 -12 3 -13 -5 -13 1 -9 2 -7 1 -11 2 -9 -4 -13 -1 -3 0 0 0 0 0 0 0 0 ]
CSI_DATA,AP,68:FE:71:12:53:8C,-38,11,1,6,1,1,1,0,0,0,0,-95,0,6,1,55883915,0,84,0,0,55.884,384,[84 -64 4 0 0 0 0 0 0 0 0 0 -25 4 -21 0 -22 -5 -26 -5 -25 -6 -19 -6 -22 -7 -18 -5 -23 -3 -23 1 -22 -6 -18 -4 -23 -4 -22 -6 -22 -6 -25 -1 -21 -10 -17 -1 -16 -9 -16 -3 -23 -9 -24 -11 -21 -1 -17 -3 -23 -5 -23 -3 0 3 -18 -5 -19 -7 -25 -3 -18 -7 -21 0 -19 -2 -18 -1 -22 -1 -22 1 -23 0 -19 -4 -19 -1 -18 3 -22 2 -23 1 -26 0 -19 -4 -21 -4 -25 -5 -23 1 -21 0 -24 1 -23 -2 -29 -1 -26 1 -26 1 0 -1 0 0 0 0 0 0 0 0 ]
CSI_DATA,AP,68:FE:71:12:53:8C,-33,11,1,7,1,1,1,1,0,0,0,-95,6,6,1,55964437,0,84,0,0,55.964,384,[84 -64 4 0 0 0 0 0 0 0 0 0 -24 -6 -16 -7 -22 -14 -26 -8 -24 -8 -23 -12 -21 -10 -21 -12 -17 -17 -18 -11 -17 -12 -25 -10 -18 -12 -17 -18 -16 -13 -24 -16 -22 -14 -22 -19 -21 -19 -17 -21 -13 -21 -19 -15 -17 -11 -21 -16 -20 -18 -17 -18 2 -1 -22 -19 -16 -15 -18 -15 -16 -13 -22 -18 -21 -18 -16 -19 -17 -15 -17 -12 -17 -14 -19 -8 -22 -12 -26 -8 -25 -8 -26 -8 -28 -16 -24 -9 -22 -15 -19 -15 -24 -13 -20 -16 -23 -9 -21 -7 -21 -11 -18 -12 -19 -11 3 2 0 0 0 0 0 0 0 0 ]
CSI_DATA,AP,68:FE:71:12:53:8C,-38,11,0,0,0,0,0,0,0,0,0,-93,0,6,1,56074554,0,37,0,0,56.075,128,[84 -64 4 0 0 0 0 0 0 0 0 0 -2 13 3 9 -1 18 1 17 -5 12 -1 10 -5 16 -3 17 -5 16 -4 18 -3 12 0 17 -6 13 -3 14 -9 11 -2 14 -1 13 -10 9 -8 14 -8 15 -3 14 -10 11 -9 16 -8 17 -10 17 -7 11 -2 2 -1 12 -8 17 -6 19 -7 15 -4 18 -5 17 -7 12 -8 13 -3 11 -1 17 1 14 -2 14 -5 19 -2 21 -8 19 1 13 0 19 -1 21 -3 20 -3 13 2 19 -2 21 -4 15 0 22 1 14 -4 17 -2 1 0 0 0 0 0 0 0 0 ]
CSI_DATA,AP,68:FE:71:12:53:8C,-37,11,1,7,1,1,1,0,0,0,0,-94,0,6,1,56177039,0,84,0,0,56.177,384,[84 -64 4 0 0 0 0 0 0 0 0 0 21 8 20 7 19 1 20 11 16 11 16 11 22 7 21 10 19 7 21 13 18 8 16 10 23 12 14 13 15 11 17 16 15 10 12 13 15 9 13 9 18 13 18 18 11 13 18 18 16 10 16 10 -3 2 20 15 16 15 20 11 14 11 12 15 13 11 20 16 18 12 13 13 19 4 18 9 13 11 16 8 16 4 22 7 17 11 22 12 21 3 20 8 18 4 15 9 15 3 20 6 16 6 16 10 18 2 0 -3 0 0 0 0 0 0 0 0 ]
CSI_DATA,AP,68:FE:71:12:53:8C,-34,11,1,6,1,1,1,0,0,0,0,-95,0,6,1,56291104,0,84,0,0,56.291,384,[84 -64 4 0 0 0 0 0 0 0 0 0 20 8 15 8 13 6 16 5 16 7 15 6 19 11 13 12 20 8 16 14 15 8 19 17 18 18 15 16 19 15 14 19 14 16 16 11 11 10 16 15 14 17 17 12 13 17 10 16 18 15 11 18 3 0 12 11 15 13 12 9 12 15 17 8 17 12 16 14 17 13 17 9 15 12 13 10 19 7 18 7 16 7 15 7 22 14 21 5 16 9 18 13 15 4 17 13 16 5 19 9 19 11 21 8 20 7 4 0 0 0 0 0 0 0 0 0 ]
CSI_DATA,AP,68:FE:71:12:53:8C,-37,11,1,5,1,1,1,1,0,0,0,-94,1,6,1,56402532,0,84,0,0,56.403,384,[84 -64 4 0 0 0 0 0 0 0 0 0 23 6 19 7 21 7 22 11 17 5 17 11 17 6 18 8 14 10 16 9 19 14 16 13 18 8 18 13 16 14 14 11 15 14 10 8 12 14 14 8 9 15 12 7 11 9 12 9 14 14 18 14 4 0 16 6 17 10 14 12 17 6 11 9 16 9 11 4 12 4 15 4 13 3 11 10 15 1 16 7 10 9 12 8 16 4 16 5 14 1 17 5 11 5 12 4 18 6 14 -1 15 -2 12 4 16 3 -1 2 0 0 0 0 0 0 0 0 ]
CSI_DATA,AP,68:FE:71:12:53:8C,-37,11,1,6,1,1,1,0,0,0,0,-95,0,6,1,56486058,0,84,0,0,56.486,384,[82 -96 4 0 0 0 0 0 0 0 0 0 18 -12 12 -9 13 -11 13 -14 19 -13 12 -10 18 -9 15 -12 17 -4 18 -12 13 -8 14 -5 14 -8 18 -9 19 -7 21 -2 13 -8 17 -10 12 -6 15 -7 13 -9 14 -4 18 -4 11 -9 16 -7 14 -10 -2 1 18 -3 10 -8 12 -10 14 -7 15 -6 16 -5 15 -7 12 -9 11 -10 10 -11 11 -10 15 -11 14 -6 10 -6 14 -9 14 -9 7 -13 7 -8 13 -8 8 -15 12 -8 11 -7 13 -9 8 -9 8 -11 8 -15 -3 4 0 0 0 0 0 0 0 0 ]
CSI_DATA,AP,68:FE:71:12:53:8C,-37,11,1,6,1,1,1,0,0,0,0,-94,0,6,1,56566817,0,84,0,0,56.567,384,[84 -64 4 0 0 0 0 0 0 0 0 0 -4 17 -11 11 -6 19 -7 16 -11 17 -12 13 -11 15 -7 18 -7 10 -12 14 -12 15 -9 14 -13 14 -8 9 -9 13 -14 11 -13 14 -10 9 -7 14 -8 14 -10 13 -8 7 -14 7 -10 11 -13 14 -8 12 3 1 -12 6 -13 14 -12 11 -13 12 -12 13 -7 10 -5 7 -8 7 -9 14 -11 10 -4 7 -6 14 -8 8 -8 11 -3 12 -4 15 -7 10 -10 13 -5 11 -5 14 -7 11 -3 9 -5 8 -9 17 -4 12 -6 13 2 0 0 0 0 0 0 0 0 0 ]
CSI_DATA,AP,68:FE:71:12:53:8C,-41,11,1,5,1,1,1,0,0,0,0,-93,0,6,1,56706813,0,84,0,0,56.707,384,[84 -64 4 0 0 0 0 0 0 0 0 0 19 6 20 5 22 4 16 10 22 7 22 9 21 10 21 5 22 11 21 7 16 6 19 6 18 8 15 10 14 10 15 7 14 15 19 9 15 12 11 12 15 7 19 14 19 11 12 10 13 6 11 10 3 2 12 5 12 9 11 5 12 7 17 10 12 7 15 11 17 5 15 8 12 4 16 11 14 11 16 9 19 8 17 6 13 1 12 8 16 1 18 1 20 1 14 -1 20 0 13 1 21 2 15 -1 17 0 3 -3 0 0 0 0 0 0 0 0 ]
CSI_DATA,AP,68:FE:71:12:53:8C,-35,11,1,6,1,1,1,0,0,0,0,-96,0,6,1,56801894,0,84,0,0,56.802,384,[84 -64 4 0 0 0 0 0 0 0 0 0 -20 6 -18 4 -18 7 -20 0 -22 0 -23 -2 -19 3 -15 2 -22 -4 -16 -1 -16 2 -22 -1 -20 -5 -20 -1 -18 2 -22 -5 -15 -1 -17 -5 -16 0 -14 3 -15 -3 -15 0 -17 -6 -13 -1 -16 1 -20 1 4 -2 -18 -2 -15 1 -12 -3 -15 -3 -18 -1 -14 2 -12 0 -15 3 -15 3 -15 2 -19 1 -17 5 -17 2 -13 3 -14 6 -11 5 -18 3 -15 5 -15 5 -10 8 -11 8 -15 9 -14 9 -14 8 -11 10 -11 8 -1 1 0 0 0 0 0 0 0 0 ]
CSI_DATA,AP,68:FE:71:12:53:8C,-31,11,1,7,1,1,1,0,0,0,0,-96,0,6,1,56909257,0,84,0,0,56.909,384,[84 -64 4 0 0 0 0 0 0 0 0 0 -31 -6 -33 -5 -33 -1 -28 -2 -27 -8 -29 -7 -29 -7 -23 -14 -25 -7 -30 -10 -25 -7 -25 -10 -28 -14 -23 -7 -27 -12 -25 -10 -30 -13 -21 -12 -22 -9 -21 -10 -24 -14 -20 -11 -20 -13 -28 -12 -29 -8 -25 -6 -4 4 -24 -10 -22 -9 -26 -8 -22 -6 -24 -3 -23 -5 -26 -9 -23 -4 -27 -4 -21 -5 -23 -1 -26 -6 -24 1 -23 -3 -26 -1 -22 -5 -30 -2 -26 -4 -21 -3 -28 2 -26 0 -22 -6 -23 3 -29 -2 -28 1 -24 -3 -1 -2 0 0 0 0 0 0 0 0 ]
CSI_DATA,AP,68:FE:71:12:53:8C,-34,11,1,7,1,1,1,0,0,0,1,-95,0,6,1,57016198,0,84,0,0,57.016,384,[84 -64 4 0 0 0 0 0 0 0 0 0 15 18 10 18 6 16 7 14 8 14 10 21 7 19 5 19 9 16 5 22 9 14 9 18 4 17 10 19 1 17 7 15 6 19 7 14 7 17 4 20 0 17 2 17 2 17 7 20 5 16 4 15 4 0 4 15 7 15 5 17 4 17 3 16 7 14 6 11 7 12 10 13 11 10 5 10 8 12 8 17 4 9 6 17 13 9 11 8 9 11 11 16 9 14 6 10 10 13 11 11 7 13 12 8 12 14 -2 -3 0 0 0 0 0 0 0 0 ]
CSI_DATA,AP,68:FE:71:12:53:8C,-35,11,1,6,1,1,1,0,0,0,0,-94,0,6,1,57101016,0,82,0,0,57.101,384,[84 -64 4 0 0 0 0 0 0 0 0 0 4 17 2 14 -4 22 -1 22 -6 17 -2 22 -1 16 -1 18 -8 20 -2 13 -7 17 -6 17 -3 18 -3 17 -4 17 -8 17 -7 13 -6 17 -3 13 -8 14 -9 10 -7 16 -8 14 -7 10 -6 12 -3 16 -3 -2 -7 17 -7 14 -7 15 -2 12 -5 16 0 16 -2 16 0 10 -4 18 -2 16 -2 17 2 15 -2 11 -1 15 -6 15 3 10 -5 15 -3 12 -2 12 -1 16 3 11 -1 13 3 18 3 13 4 10 4 15 0 -3 0 0 0 0 0 0 0 0 ]
CSI_DATA,AP,68:FE:71:12:53:8C,-38,11,1,6,1,1,1,0,0,0,0,-94,0,6,1,57198050,0,84,0,0,57.198,384,[84 -64 4 0 0 0 0 0 0 0 0 0 -3 16 2 19 3 16 2 17 -1 18 1 24 -6 21 1 18 -2 19 -2 15 -2 23 -6 19 -3 19 -4 18 -1 14 0 21 -4 15 0 13 0 13 -8 13 -7 13 -2 12 -5 19 -1 15 -7 17 -5 17 3 0 -1 14 0 13 -1 19 -5 12 -3 13 0 20 -1 19 -1 14 -3 10 4 16 2 18 1 11 1 17 -2 12 -1 14 4 15 -1 16 6 19 -1 14 3 12 7 14 1 18 0 19 -1 12 2 17 4 17 3 -2 0 0 0 0 0 0 0 0 ]
CSI_DATA,AP,68:FE:71:12:53:8C,-34,11,1,6,1,1,1,0,0,0,0,-95,0,6,1,57321266,0,84,0,0,57.321,384,[84 -64 4 0 0 0 0 0 0 0 0 0 13 -21 14 -19 14 -17 14 -20 13 -19 16 -14 10 -13 16 -15 17 -17 17 -17 14 -11 19 -11 18 -14 14 -12 11 -12 13 -13 16 -13 10 -13 18 -10 18 -10 18 -11 10 -15 16 -13 12 -13 10 -11 17 -14 -3 -2 15 -7 12 -12 8 -11 13 -11 8 -13 8 -14 12 -10 8 -15 9 -14 8 -13 7 -10 6 -16 12 -9 12 -13 10 -12 8 -17 4 -18 12 -13 6 -13 3 -18 9 -16 9 -12 7 -12 11 -20 6 -15 4 -17 -1 4 0 0 0 0 0 0 0 0 ]
CSI_DATA,AP,68:FE:71:12:53:8C,-35,11,1,6,1,1,1,0,0,0,0,-95,0,6,1,57457118,0,84,0,0,57.457,384,[84 -64 4 0 0 0 0 0 0 0 0 0 -16 10 -14 7 -21 9 -19 9 -22 2 -23 9 -21 8 -17 1 -18 2 -25 2 -22 5 -16 2 -18 -2 -17 5 -18 -2 -19 0 -20 2 -20 -1 -23 4 -22 2 -22 -1 -19 -1 -20 3 -14 0 -19 -3 -16 0 2 -2 -14 2 -15 0 -16 0 -16 6 -14 5 -17 -2 -17 2 -16 6 -15 1 -12 2 -14 2 -19 7 -20 9 -12 6 -12 8 -16 4 -14 1 -19 9 -12 5 -18 3 -15 7 -13 7 -18 9 -14 12 -15 6 -15 10 -4 4 0 0 0 0 0 0 0 0 ]
CSI_DATA,AP,68:FE:71:12:53:8C,-36,11,1,6,1,1,1,1,0,0,0,-96,4,6,1,57572554,0,84,0,0,57.573,384,[84 -64 4 0 0 0 0 0 0 0 0 0 -13 20 -16 18 -12 19 -11 13 -15 18 -16 15 -13 14 -15 12 -12 10 -18 9 -18 17 -14 16 -14 14 -15 14 -19 12 -12 12 -19 11 -13 14 -18 12 -15 12 -18 15 -16 6 -18 12 -10 7 -13 14 -18 8 4 -2 -17 10 -12 11 -12 9 -11 15 -8 6 -9 9 -9 8 -14 14 -13 10 -10 10 -11 16 -7 15 -11 14 -8 10 -7 9 -12 14 -10 15 -8 15 -11 9 -5 11 -12 11 -4 11 -9 16 -12 18 -11 11 -11 15 1 0 0 0 0 0 0 0 0 0 ]
CSI_DATA,AP,68:FE:71:12:53:8C,-38,11,1,6,1,1,1,0,0,0,0,-93,0,6,1,57666047,0,84,0,0,57.666,384,[84 -64 4 0 0 0 0 0 0 0 0 0 -14 13 -13 9 -17 13 -20 13 -16 15 -16 14 -19 12 -20 7 -19 5 -22 7 -18 6 -20 4 -18 8 -14 9 -13 5 -20 9 -14 7 -20 4 -18 6 -16 6 -19 3 -17 2 -17 1 -17 10 -19 2 -14 5 2 4 -13 6 -11 10 -10 8 -12 7 -15 11 -12 11 -18 11 -18 10 -13 5 -14 8 -9 12 -17 9 -9 10 -15 5 -9 11 -15 7 -14 10 -8 11 -14 9 -8 12 -10 13 -10 9 -13 12 -7 11 -11 14 -13 7 -2 4 0 0 0 0 0 0 0 0 ]
CSI_DATA,AP,68:FE:71:12:53:8C,-37,11,1,6,1,1,1,0,0,0,0,-94,0,6,1,57777602,0,84,0,0,57.778,384,[84 -64 4 0 0 0 0 0 0 0 0 0 -6 4 -12 0 -13 4 -14 3 -13 3 -8 -1 -13 3 -7 3 -7 -3 -10 -3 -13 0 -13 0 -10 -4 -7 -4 -6 -5 -5 -5 -7 3 -12 0 -13 -3 -12 -2 -8 -5 -8 -3 -7 3 -5 1 -8 3 -5 0 4 -1 -6 1 -9 -5 -7 -3 -5 3 -5 -5 -7 2 -5 -2 -7 0 -10 -5 -6 0 -7 0 -12 -3 -10 2 -8 3 -8 4 -6 0 -4 4 -4 4 -4 4 -10 3 -5 4 -8 4 -5 3 -10 0 -7 6 -10 -3 -1 -3 0 0 0 0 0 0 0 0 ]
CSI_DATA,AP,68:FE:71:12:53:8C,-34,11,1,6,1,1,1,0,0,0,0,-93,0,6,1,57883021,0,84,0,0,57.883,384,[84 -64 4 0 0 0 0 0 0 0 0 0 0 -20 -2 -19 5 -19 1 -17 3 -15 8 -16 6 -20 9 -15 4 -14 6 -20 2 -21 8 -15 8 -21 7 -19 4 -16 3 -18 8 -14 5 -19 4 -16 2 -18 9 -16 6 -12 5 -11 9 -18 6 -10 9 -11 0 0 6 -12 6 -17 1 -10 1 -17 5 -10 0 -17 4 -14 8 -17 4 -10 3 -12 2 -11 -1 -11 2 -15 0 -13 0 -18 -3 -14 1 -15 4 -17 2 -18 -2 -14 5 -18 -1 -15 -2 -20 0 -16 -1 -19 -4 -16 -4 0 0 0 0 0 0 0 0 0 ]
CSI_DATA,AP,68:FE:71:12:53:8C,-34,11,1,7,1,1,1,0,0,0,0,-94,0,6,1,57970236,0,84,0,0,57.97,384,[84 -64 4 0 0 0 0 0 0 0 0 0 3 -24 -2 -23 0 -22 1 -21 2 -19 -2 -16 0 -17 -1 -23 3 -17 -1 -21 1 -22 2 -21 7 -15 7 -23 9 -20 3 -18 2 -15 1 -22 8 -20 5 -18 7 -20 4 -20 1 -13 2 -12 7 -13 0 -17 -2 -1 6 -14 4 -16 4 -16 5 -13 1 -17 0 -18 4 -14 1 -18 -2 -17 -4 -16 0 -15 3 -16 3 -20 2 -13 1 -17 2 -14 -1 -13 0 -17 -7 -15 -8 -18 -4 -19 -6 -16 -7 -17 -1 -21 -7 -19 -3 -15 2 -2 0 0 0 0 0 0 0 0 ]
CSI_DATA,AP,68:FE:71:12:53:8C,-39,11,1,4,1,1,1,1,0,0,0,-96,2,6,1,58100046,0,84,0,0,58.1,384,[84 -64 4 0 0 0 0 0 0 0 0 0 0 16 -5 18 -3 14 -3 16 -3 18 1 18 1 15 1 20 -2 13 -8 16 -3 13 -5 19 -6 14 -6 13 -3 13 -3 16 -9 20 -8 12 -8 16 -7 18 -8 18 -7 10 -6 18 -8 12 -7 10 -4 13 -1 1 -7 12 0 14 -7 13 2 11 0 12 1 18 -4 12 -2 12 -4 17 -1 15 -4 11 2 11 4 17 0 10 1 16 -4 15 2 13 1 12 -2 11 4 15 1 14 6 17 7 15 1 10 4 15 6 12 2 3 0 0 0 0 0 0 0 0 ]
CSI_DATA,AP,68:FE:71:12:53:8C,-37,11,1,5,1,1,1,1,0,0,0,-95,1,6,1,58213596,0,84,0,0,58.214,384,[84 -64 4 0 0 0 0 0 0 0 0 0 -35 -14 -40 -23 -39 -18 -41 -26 -32 -19 -33 -24 -32 -28 -28 -23 -35 -26 -27 -23 -27 -25 -29 -29 -31 -32 -33 -32 -24 -28 -27 -33 -24 -23 -30 -22 -29 -25 -29 -26 -24 -22 -30 -24 -22 -25 -25 -30 -23 -24 -30 -24 1 -3 -28 -27 -24 -22 -26 -17 -26 -20 -24 -18 -23 -24 -30 -23 -27 -22 -25 -20 -28 -14 -29 -15 -28 -18 -29 -15 -24 -15 -25 -17 -27 -11 -31 -15 -34 -9 -29 -17 -31 -7 -34 -13 -34 -12 -32 -11 -31 -7 -33 -11 -27 -9 2 -3 0 0 0 0 0 0 0 0 ]
CSI_DATA,AP,68:FE:71:12:53:8C,-35,11,1,7,1,1,1,0,0,0,1,-93,0,6,1,58315113,0,84,0,0,58.315,384,[84 -64 4 0 0 0 0 0 0 0 0 0 -12 -19 -7 -14 -9 -22 -7 -22 -6 -19 -7 -24 -5 -18 -5 -15 -1 -20 -6 -16 -1 -23 1 -18 -2 -16 -3 -17 -1 -19 1 -18 0 -19 -1 -18 -4 -21 -2 -19 1 -18 1 -22 -2 -20 -2 -20 -5 -14 -1 -16 1 4 -2 -21 0 -21 -1 -19 -2 -15 2 -17 -2 -15 -2 -16 -3 -19 -3 -16 -6 -11 -2 -18 -1 -18 -1 -19 -2 -15 -3 -19 -3 -15 -9 -15 -8 -12 -10 -17 -8 -18 -7 -12 -6 -12 -11 -19 -9 -16 -10 -17 -7 -17 4 1 0 0 0 0 0 0 0 0 ]
CSI_DATA,AP,68:FE:71:12:53:8C,-37,11,1,5,1,1,1,1,0,0,0,-96,3,6,1,58421738,0,84,0,0,58.422,384,[84 -64 4 0 0 0 0 0 0 0 0 0 -6 21 -5 17 -12 24 -11 16 -15 15 -9 15 -9 18 -14 16 -9 16 -9 15 -14 14 -12 14 -16 13 -17 15 -10 14 -14 20 -11 11 -17 18 -17 17 -13 11 -14 12 -9 16 -12 13 -17 12 -13 10 -15 17 -2 4 -16 11 -15 12 -7 14 -14 14 -15 13 -7 14 -14 16 -9 19 -10 11 -7 17 -7 11 -10 16 -6 18 -8 18 -4 13 -11 16 -8 15 -3 16 -6 13 -10 20 -8 15 -10 17 -3 15 -3 17 -3 19 -4 18 -4 2 0 0 0 0 0 0 0 0 ]
CSI_DATA,AP,68:FE:71:12:53:8C,-32,11,1,7,1,1,1,0,0,0,0,-94,0,6,1,58542053,0,84,0,0,58.542,384,[84 -64 4 0 0 0 0 0 0 0 0 0 -39 4 -35 1 -38 0 -37 0 -38 3 -41 -4 -42 -3 -35 0 -34 -9 -38 -8 -34 -4 -38 -12 -36 -5 -40 -5 -40 -13 -35 -11 -31 -8 -37 -6 -33 -8 -36 -7 -28 -8 -35 -10 -34 -8 -31 -12 -31 -5 -35 -4 -4 -4 -30 -4 -27 -6 -29 -2 -31 -5 -32 0 -27 -7 -34 -6 -27 -2 -26 1 -31 3 -32 -3 -35 -4 -31 3 -29 2 -33 -2 -30 -1 -30 -1 -30 4 -28 3 -32 4 -30 5 -34 2 -33 6 -32 5 -32 7 -27 7 -1 4 0 0 0 0 0 0 0 0 ]
CSI_DATA,AP,68:FE:71:12:53:8C,-42,11,1,5,1,1,1,0,0,0,0,-95,0,6,1,58608314,0,84,0,0,58.608,384,[84 -64 4 0 0 0 0 0 0 0 0 0 9 -20 10 -17 10 -13 19 -14 16 -15 17 -10 12 -13 19 -14 13 -11 14 -12 21 -16 21 -16 18 -16 19 -9 17 -11 12 -9 12 -7 13 -13 20 -8 18 -7 11 -8 11 -11 15 -6 13 -9 19 -8 14 -7 -4 -4 18 -14 15 -7 13 -9 14 -6 12 -9 10 -12 11 -9 13 -15 15 -7 8 -15 8 -15 7 -13 8 -15 13 -14 11 -13 12 -15 9 -12 11 -8 8 -14 9 -17 12 -14 11 -10 11 -14 6 -12 9 -11 14 -13 -4 -3 0 0 0 0 0 0 0 0 ]
CSI_DATA,AP,68:FE:71:12:53:8C,-35,11,1,6,1,1,1,1,0,0,0,-94,6,6,1,58702009,0,84,0,0,58.702,384,[84 -64 4 0 0 0 0 0 0 0 0 0 -12 -18 -14 -23 -13 -20 -7 -21 -9 -22 -11 -21 -4 -23 -2 -16 -4 -22 -8 -19 -5 -23 -2 -23 -2 -19 -8 -17 -5 -16 -4 -23 0 -19 -8 -15 -7 -17 -7 -16 -7 -19 -8 -19 0 -19 0 -17 -8 -22 -5 -16 4 -2 -1 -13 -3 -21 -5 -14 -10 -12 -3 -16 -7 -15 -6 -14 -9 -17 -11 -15 -5 -18 -12 -18 -6 -14 -9 -13 -9 -13 -7 -12 -7 -19 -8 -14 -10 -14 -9 -10 -11 -17 -11 -14 -7 -16 -14 -11 -9 -15 -10 -13 -8 -14 -3 -1 0 0 0 0 0 0 0 0 ]
CSI_DATA,AP,68:FE:71:12:53:8C,-40,11,1,4,1,1,1,1,0,0,0,-95,3,6,1,58816466,0,84,0,0,58.816,384,[84 -64 4 0 0 0 0 0 0 0 0 0 -2 23 -4 19 -2 20 -7 19 -2 23 -5 20 -2 21 -2 23 -8 23 -11 17 -10 21 -8 23 -9 16 -4 16 -5 17 -6 23 -10 15 -10 17 -9 14 -10 19 -4 15 -9 16 -3 12 -10 13 -8 22 -10 17 -3 -1 -7 13 -8 21 -10 17 -1 14 -1 12 -1 16 -7 14 -1 19 -3 15 -2 13 -3 22 -1 16 2 20 -5 20 -6 19 2 21 -2 15 -1 16 1 14 -2 19 -2 14 -3 16 2 21 -2 22 0 19 4 16 2 -2 0 0 0 0 0 0 0 0 ]
CSI_DATA,AP,68:FE:71:12:53:8C,-38,11,1,6,1,1,1,0,0,0,0,-94,0,6,1,58925298,0,84,0,0,58.925,384,[84 -64 4 0 0 0 0 0 0 0 0 0 -5 -21 -9 -19 -2 -24 -2 -23 0 -26 -1 -23 -3 -24 -4 -21 0 -20 -3 -25 2 -19 2 -27 -5 -24 3 -20 0 -24 -4 -20 4 -25 3 -17 -2 -21 4 -22 -3 -24 -1 -21 5 -21 4 -23 0 -24 -4 -20 -2 -2 2 -18 -4 -19 -3 -20 -4 -20 1 -21 1 -21 -3 -21 0 -15 -3 -16 -7 -15 -5 -20 -8 -16 -2 -16 -7 -13 -6 -19 -4 -20 -10 -15 -10 -12 -10 -20 -8 -19 -7 -16 -4 -12 -5 -13 -5 -13 -12 -18 -6 -14 -2 1 0 0 0 0 0 0 0 0 ]
CSI_DATA,AP,68:FE:71:12:53:8C,-37,11,1,6,1,1,1,0,0,0,0,-95,0,6,1,59010974,0,84,0,0,59.011,384,[84 -64 4 0 0 0 0 0 0 0 0 0 -22 2 -19 3 -22 5 -23 -1 -24 -1 -19 3 -25 -2 -18 0 -19 -4 -19 -1 -23 3 -24 -5 -27 3 -25 1 -18 3 -21 2 -19 -3 -21 0 -23 -2 -21 -4 -20 -6 -16 -2 -22 -6 -24 -4 -21 -6 -22 -5 -1 0 -17 -3 -18 0 -21 5 -15 4 -21 0 -21 1 -14 1 -19 5 -14 4 -20 -1 -19 5 -21 7 -16 4 -17 0 -16 1 -21 5 -20 4 -21 6 -16 2 -14 11 -16 3 -18 4 -21 3 -19 11 -20 4 -15 8 3 1 0 0 0 0 0 0 0 0 ]
CSI_DATA,AP,68:FE:71:12:53:8C,-35,11,1,6,1,1,1,0,0,0,0,-95,0,6,1,59118538,0,84,0,0,59.119,384,[84 -64 4 0 0 0 0 0 0 0 0 0 21 -4 24 -3 17 0 26 2 18 3 19 -1 19 2 21 4 22 1 20 4 19 4 24 1 20 4 19 6 16 3 24 3 16 6 13 3 14 4 17 4 12 6 15 6 11 5 21 6 22 8 14 8 -3 -3 18 1 16 6 21 8 16 -1 17 -1 13 3 19 0 19 2 17 3 17 1 20 0 17 4 16 3 20 0 18 0 17 3 17 4 14 -2 17 -4 17 -5 16 -1 20 -6 16 -6 13 -2 15 -6 18 -1 4 -4 0 0 0 0 0 0 0 0 ]
CSI_DATA,AP,68:FE:71:12:53:8C,-32,11,1,7,1,1,1,0,0,0,1,-95,0,6,1,59240592,0,84,0,0,59.241,384,[84 -64 4 0 0 0 0 0 0 0 0 0 -16 7 -19 7 -18 6 -24 10 -23 10 -22 4 -22 3 -17 9 -17 6 -24 2 -18 7 -23 2 -24 0 -19 -1 -17 5 -21 6 -21 2 -17 3 -20 5 -23 -3 -18 -1 -17 4 -14 1 -16 0 -22 6 -16 0 1 1 -15 1 -21 3 -16 -1 -19 6 -16 4 -22 1 -22 4 -18 7 -14 4 -14 1 -17 10 -17 9 -19 8 -17 2 -12 5 -21 3 -20 9 -15 7 -14 3 -14 10 -13 10 -15 4 -17 4 -16 8 -18 10 -17 13 0 -1 0 0 0 0 0 0 0 0 ]
CSI_DATA,AP,68:FE:71:12:53:8C,-32,11,1,7,1,1,1,1,0,0,0,-95,5,6,1,59321149,0,84,0,0,59.321,384,[84 -64 4 0 0 0 0 0 0 0 0 0 -16 -15 -18 -15 -14 -21 -19 -21 -11 -19 -8 -18 -14 -16 -7 -23 -13 -22 -13 -16 -6 -24 -14 -19 -10 -19 -11 -23 -11 -21 -6 -19 -11 -16 -12 -19 -11 -17 -3 -22 -9 -15 -4 -18 -8 -14 -4 -15 -4 -20 -6 -19 -1 4 -7 -20 -9 -13 -11 -20 -12 -12 -10 -13 -13 -17 -9 -17 -9 -18 -5 -18 -13 -12 -11 -19 -7 -17 -9 -15 -6 -16 -8 -16 -11 -15 -12 -19 -15 -12 -15 -16 -10 -15 -14 -12 -12 -14 -15 -16 -13 -15 -12 -12 -16 -14 1 1 0 0 0 0 0 0 0 0 ]
CSI_DATA,AP,68:FE:71:12:53:8C,-37,11,1,7,1,1,1,0,0,0,0,-95,0,6,1,59415789,0,84,0,0,59.416,384,[84 -64 4 0 0 0 0 0 0 0 0 0 -22 -10 -14 -8 -18 -10 -18 -14 -17 -13 -13 -14 -20 -18 -12 -18 -18 -11 -15 -17 -16 -12 -12 -11 -15 -16 -14 -15 -14 -15 -15 -16 -10 -14 -10 -12 -8 -10 -12 -12 -14 -13 -16 -14 -14 -13 -14 -11 -9 -14 -9 -13 -3 -1 -9 -10 -9 -10 -16 -15 -12 -8 -16 -8 -12 -8 -11 -13 -13 -9 -8 -9 -12 -8 -13 -11 -15 -13 -18 -13 -11 -14 -12 -12 -14 -6 -15 -13 -11 -8 -16 -7 -16 -12 -15 -10 -14 -8 -19 -13 -19 -6 -18 -9 -18 -5 -3 0 0 0 0 0 0 0 0 0 ]
CSI_DATA,AP,68:FE:71:12:53:8C,-36,11,1,7,1,1,1,1,0,0,0,-94,4,6,1,59526303,0,84,0,0,59.526,384,[84 -64 4 0 0 0 0 0 0 0 0 0 18 -8 19 0 17 -1 18 -5 17 -3 22 -1 22 2 18 1 15 3 22 3 22 6 22 5 20 3 20 5 17 1 23 6 18 4 13 -2 17 5 17 0 15 6 17 7 14 5 17 1 13 3 15 5 4 2 13 1 12 4 17 5 20 1 19 -1 17 2 18 -3 12 3 13 2 15 -2 14 -2 15 0 20 -1 16 0 11 -4 18 1 14 -2 12 -6 18 1 16 -3 16 -6 14 -6 18 -2 15 -4 15 -9 18 -10 -3 0 0 0 0 0 0 0 0 0 ]
CSI_DATA,AP,68:FE:71:12:53:8C,-30,11,1,6,1,1,1,0,0,0,0,-95,0,6,1,59619081,0,84,0,0,59.619,384,[84 -64 4 0 0 0 0 0 0 0 0 0 14 11 11 15 13 20 14 20 12 17 12 15 12 17 7 17 3 20 5 17 10 15 4 22 8 21 8 21 5 18 7 20 7 15 0 16 0 17 6 15 5 15 7 13 4 17 2 18 6 16 2 14 -1 0 5 12 8 12 5 19 10 16 6 12 4 12 7 18 3 10 11 15 7 10 8 17 9 13 9 10 13 11 11 15 8 15 11 15 8 9 8 12 6 13 13 14 14 14 11 10 8 10 13 7 14 14 -4 -4 0 0 0 0 0 0 0 0 ]
CSI_DATA,AP,68:FE:71:12:53:8C,-36,11,1,5,1,1,1,0,0,0,0,-94,0,6,1,59712310,0,84,0,0,59.712,384,[84 -64 4 0 0 0 0 0 0 0 0 0 -3 22 -1 15 -3 23 -3 20 -3 20 -4 19 -6 19 -10 21 -5 19 -8 19 -8 21 -8 20 -6 16 -9 15 -7 16 -13 17 -10 13 -6 19 -5 12 -14 13 -9 19 -8 13 -9 12 -9 16 -12 14 -4 18 -1 -1 -6 10 -5 20 -3 13 -4 11 -11 12 -8 12 -5 15 -6 17 -1 13 -5 16 -9 19 -6 17 -4 15 0 15 -5 20 -2 20 -8 20 -4 15 -6 13 -2 19 -3 15 -2 16 2 13 1 13 0 17 0 14 3 1 0 0 0 0 0 0 0 0 ]
CSI_DATA,AP,68:FE:71:12:53:8C,-36,11,1,6,1,1,1,0,0,0,0,-94,0,6,1,59768832,0,84,0,0,59.769,384,[84 -64 4 0 0 0 0 0 0 0 0 0 17 -15 16 -17 16 -19 19 -15 17 -11 13 -7 17 -9 17 -9 17 -9 22 -7 20 -10 15 -6 17 -11 20 -6 13 -10 19 -11 14 -8 15 -4 20 -7 15 -11 15 -9 16 -4 12 -5 14 -4 13 -9 12 -12 0 -4 13 -9 18 -7 13 -6 14 -7 11 -5 13 -14 13 -8 12 -8 9 -7 14 -8 13 -11 8 -11 9 -7 8 -16 12 -12 9 -16 12 -15 11 -14 7 -10 7 -14 10 -11 8 -13 7 -16 12 -16 10 -16 14 -14 4 -1 0 0 0 0 0 0 0 0 ]
CSI_DATA,AP,68:FE:71:12:53:8C,-36,11,1,6,1,1,1,0,0,0,0,-96,0,6,1,59888831,0,84,0,0,59.889,384,[84 -64 4 0 0 0 0 0 0 0 0 0 3 18 1 22 1 21 -3 21 -5 21 -4 15 -8 18 -7 19 -7 22 -2 16 -7 22 -7 19 -9 17 -4 22 -6 18 -7 23 -11 18 -5 17 -6 19 -10 19 -8 20 -4 14 -9 11 -8 16 -11 15 -3 15 -4 1 -8 16 -8 20 -7 15 -4 18 -2 20 -3 13 -3 17 -8 12 -1 18 1 15 -2 17 -5 14 1 13 -5 16 -2 19 4 19 0 15 4 12 2 17 -3 15 0 12 2 20 -1 12 6 15 5 16 6 12 2 2 0 0 0 0 0 0 0 0 ]
CSI_DATA,AP,68:FE:71:12:53:8C,-38,11,1,6,1,1,1,0,0,0,0,-94,0,6,1,59997387,0,82,0,0,59.997,384,[84 -64 4 0 0 0 0 0 0 0 0 0 10 22 12 21 12 20 9 23 10 19 10 19 3 21 3 16 10 16 7 21 3 18 2 19 0 20 4 20 0 19 5 21 2 17 6 15 6 18 4 19 0 17 2 18 3 17 5 14 -1 17 4 13 -3 1 0 16 7 18 5 19 0 18 7 16 8 15 8 17 3 19 3 12 2 18 4 17 4 19 7 15 4 16 4 11 11 17 10 14 8 12 9 14 7 9 10 12 12 17 8 17 9 16 5 14 10 18 -2 1 0 0 0 0 0 0 0 0 ]
CSI_DATA,AP,68:FE:71:12:53:8C,-34,11,1,6,1,1,1,0,0,0,0,-94,0,6,1,60078860,0,84,0,0,60.079,384,[84 -64 4 0 0 0 0 0 0 0 0 0 -8 -22 -10 -22 -9 -20 -8 -20 -10 -20 -4 -18 -4 -17 -8 -19 -7 -16 -2 -19 -2 -18 -2 -20 -4 -20 0 -21 1 -18 -6 -21 -2 -17 -7 -17 -2 -16 -2 -20 -5 -16 -5 -16 -4 -14 -6 -18 -1 -23 -3 -15 2 -1 -6 -19 -8 -14 -4 -19 -5 -18 -4 -17 -4 -15 -4 -20 -4 -15 -9 -14 -10 -13 -5 -20 -7 -19 -7 -17 -3 -17 -6 -13 -5 -16 -9 -20 -7 -19 -11 -16 -12 -14 -8 -19 -12 -12 -4 -18 -10 -13 -7 -14 -11 -14 2 4 0 0 0 0 0 0 0 0 ]
CSI_DATA,AP,68:FE:71:12:53:8C,-37,11,1,5,1,1,1,1,0,0,0,-95,1,6,1,60170514,0,84,0,0,60.171,384,[84 -64 4 0 0 0 0 0 0 0 0 0 3 19 3 20 0 24 -1 25 0 17 3 16 -4 23 -5 17 -4 19 -6 22 -3 15 2 19 -6 17 -6 20 -4 20 0 17 -3 15 -1 14 -1 16 -5 16 1 15 -4 19 0 17 1 14 -2 22 1 15 -2 -4 3 16 -2 18 -5 14 0 16 -4 17 1 14 0 16 1 19 -3 11 -1 16 5 16 5 14 -1 19 -2 11 3 16 1 17 0 20 1 17 6 19 7 17 1 11 9 14 8 15 5 16 3 13 2 17 2 -2 0 0 0 0 0 0 0 0 ]
CSI_DATA,AP,68:FE:71:12:53:8C,-34,11,1,6,1,1,1,0,0,0,0,-96,0,6,1,60261200,0,82,0,0,60.261,384,[84 -64 4 0 0 0 0 0 0 0 0 0 -15 10 -17 14 -18 9 -24 16 -23 10 -21 13 -20 6 -16 5 -22 8 -21 7 -21 5 -21 10 -16 5 -19 5 -16 5 -20 7 -19 9 -17 10 -21 3 -16 7 -17 6 -17 4 -18 1 -20 4 -22 9 -15 5 -3 1 -19 9 -16 5 -20 10 -11 7 -12 8 -13 12 -15 6 -15 8 -16 6 -10 4 -17 8 -16 7 -11 13 -16 13 -18 6 -19 13 -13 12 -11 13 -16 7 -8 11 -16 11 -14 14 -9 11 -11 13 -17 8 -13 12 1 -3 0 0 0 0 0 0 0 0 ]
CSI_DATA,AP,68:FE:71:12:53:8C,-38,11,1,6,1,1,1,0,0,0,0,-95,0,6,1,60371188,0,84,0,0,60.371,384,[84 -64 4 0 0 0 0 0 0 0 0 0 18 12 15 16 10 12 11 16 13 18 13 15 15 12 12 11 8 14 13 14 11 18 13 18 6 15 9 16 9 18 9 14 10 15 7 18 4 17 11 17 5 14 7 18 10 18 4 13 5 15 10 12 -1 3 5 18 12 19 5 10 11 10 6 14 9 10 8 11 5 17 11 10 10 13 14 8 12 11 12 12 11 7 14 9 9 15 16 15 11 12 13 10 16 13 12 10 12 7 8 14 10 6 16 7 8 14 1 0 0 0 0 0 0 0 0 0 ]
CSI_DATA,AP,68:FE:71:12:53:8C,-39,11,1,4,1,1,1,0,0,0,0,-95,0,6,1,60486059,0,84,0,0,60.486,384,[84 -64 4 0 0 0 0 0 0 0 0 0 -16 9 -19 12 -14 12 -17 8 -20 6 -20 8 -22 11 -20 10 -13 6 -16 7 -22 6 -19 6 -23 7 -16 7 -19 10 -17 4 -15 2 -19 3 -21 2 -14 6 -13 0 -20 1 -15 3 -18 9 -21 2 -18 1 -2 4 -15 10 -15 5 -15 11 -16 12 -16 6 -12 8 -16 8 -18 4 -10 9 -11 9 -11 13 -17 5 -10 7 -17 7 -15 11 -11 13 -14 12 -13 14 -12 13 -15 8 -12 9 -14 9 -9 14 -8 8 -9 9 -15 14 -3 -4 0 0 0 0 0 0 0 0 ]
CSI_DATA,AP,68:FE:71:12:53:8C,-36,11,1,7,1,1,1,0,0,0,0,-94,0,6,1,60585996,0,84,0,0,60.586,384,[84 -64 4 0 0 0 0 0 0 0 0 0 13 -9 16 -11 19 -11 14 -13 13 -7 14 -7 14 -5 21 -3 21 -6 15 -6 17 -5 18 -1 16 -1 15 -1 13 -4 14 -7 21 -7 15 -6 15 -3 17 -6 12 -7 18 -3 12 -1 12 -5 14 -1 12 -5 2 3 17 -4 11 -2 13 -2 10 -3 17 -4 14 -9 10 -6 10 -8 17 -10 14 -6 11 -10 12 -4 14 -10 14 -9 13 -8 12 -5 13 -12 12 -5 9 -9 7 -13 13 -11 10 -10 14 -8 10 -7 10 -13 9 -10 0 2 0 0 0 0 0 0 0 0 ]
CSI_DATA,AP,68:FE:71:12:53:8C,-34,11,1,7,1,1,1,0,0,0,0,-94,0,6,1,60659544,0,84,0,0,60.66,384,[84 -64 4 0 0 0 0 0 0 0 0 0 17 12 9 8 13 12 16 18 13 15 10 16 6 13 6 12 12 14 11 16 7 17 10 12 6 12 12 13 8 13 4 17 9 16 3 12 6 16 3 14 9 11 4 13 5 16 4 18 10 16 10 16 -4 4 6 17 10 12 12 15 5 13 6 11 9 17 8 13 9 9 5 8 10 12 13 15 5 13 13 10 10 14 5 9 6 8 11 9 11 11 14 11 7 13 7 7 14 11 15 13 10 8 11 7 10 4 0 1 0 0 0 0 0 0 0 0 ]
CSI_DATA,AP,68:FE:71:12:53:8C,-36,11,1,6,1,1,1,1,0,0,0,-95,5,6,1,60758518,0,84,0,0,60.759,384,[84 -64 4 0 0 0 0 0 0 0 0 0 19 6 18 9 11 15 14 13 12 10 15 13 17 16 13 9 10 16 14 13 13 11 9 18 8 11 8 14 12 11 12 19 9 17 5 16 6 12 8 14 7 13 11 13 10 11 11 14 13 12 12 10 -1 -3 5 8 11 8 9 12 6 6 7 9 7 8 8 14 6 7 10 8 10 10 12 12 14 5 13 7 7 12 13 10 10 11 13 10 16 11 13 12 11 2 15 4 16 7 16 8 13 7 17 5 10 9 -3 -1 0 0 0 0 0 0 0 0 ]
CSI_DATA,AP,68:FE:71:12:53:8C,-38,11,1,6,1,1,1,0,0,0,0,-96,0,6,1,60867655,0,84,0,0,60.868,384,[84 -64 4 0 0 0 0 0 0 0 0 0 6 -26 5 -30 0 -29 1 -31 2 -32 6 -22 10 -24 12 -21 11 -28 7 -29 13 -25 11 -22 8 -29 12 -25 10 -24 5 -28 7 -26 5 -19 10 -25 12 -23 5 -22 4 -18 8 -18 10 -22 8 -23 9 -19 4 3 11 -17 9 -24 1 -18 6 -23 4 -18 2 -24 3 -22 8 -23 0 -20 -1 -21 6 -22 1 -23 1 -17 6 -17 0 -19 -1 -19 -3 -22 -4 -14 2 -20 -2 -14 0 -19 0 -18 -4 -17 0 -16 -5 -19 -3 -20 2 -3 0 0 0 0 0 0 0 0 ]
CSI_DATA,AP,68:FE:71:12:53:8C,-36,11,1,5,1,1,1,0,0,0,0,-94,0,6,1,60953323,0,82,0,0,60.953,384,[84 -64 4 0 0 0 0 0 0 0 0 0 -8 10 -7 14 -14 17 -10 15 -10 9 -11 13 -12 13 -14 13 -16 13 -16 7 -19 9 -17 13 -20 9 -14 13 -11 8 -16 8 -18 9 -19 8 -18 4 -11 11 -11 10 -14 9 -17 3 -14 5 -19 6 -13 6 -1 2 -14 6 -13 7 -16 7 -17 8 -10 6 -13 9 -17 7 -13 11 -12 8 -13 12 -8 9 -9 11 -11 12 -12 12 -7 9 -8 12 -12 6 -10 8 -10 9 -8 8 -8 10 -6 9 -12 9 -13 16 -6 8 -8 13 4 2 0 0 0 0 0 0 0 0 ]
CSI_DATA,AP,68:FE:71:12:53:8C,-34,11,1,7,1,1,1,0,0,0,0,-94,0,6,1,61043724,0,84,0,0,61.044,384,[84 -64 4 0 0 0 0 0 0 0 0 0 12 -10 10 -14 11 -9 9 -10 12 -12 8 -11 7 -11 15 -5 8 -9 13 -11 12 -10 14 -4 13 -4 11 -10 8 -5 11 -3 7 -6 6 -9 10 -9 15 -8 10 -3 12 -1 10 -8 8 -10 6 -7 10 -5 -2 -2 6 -7 9 -8 6 -2 4 -4 13 -6 13 -10 12 -7 5 -4 9 -2 10 -7 7 -5 9 -9 8 -9 8 -8 7 -7 9 -7 6 -12 5 -7 6 -11 9 -8 9 -10 7 -11 11 -12 6 -12 4 -9 3 -12 -3 2 0 0 0 0 0 0 0 0 ]
CSI_DATA,AP,68:FE:71:12:53:8C,-40,11,1,6,1,1,1,0,0,0,0,-93,0,6,1,61180350,0,84,0,0,61.18,384,[84 -64 4 0 0 0 0 0 0 0 0 0 9 -1 5 -6 7 -2 8 -7 3 -7 4 -1 11 -8 10 -6 9 -3 6 -5 10 0 8 0 3 0 8 -2 9 -6 7 1 8 -6 9 -6 2 -6 4 -5 3 -7 9 1 4 -1 8 -3 4 -4 10 -1 2 0 9 0 8 0 7 -3 8 -3 6 -6 4 -3 4 1 5 -4 9 -6 7 -1 5 0 5 -3 2 -5 6 -9 7 -5 10 -7 7 -3 7 -5 7 -6 7 -3 7 -4 2 -1 9 -9 9 -1 6 -3 7 -9 0 -2 0 0 0 0 0 0 0 0 ]
CSI_DATA,AP,68:FE:71:12:53:8C,-37,11,1,7,1,1,1,0,0,0,0,-94,0,6,1,61275600,0,84,0,0,61.276,384,[84 -64 4 0 0 0 0 0 0 0 0 0 1 25 -3 18 -3 21 -5 20 0 23 -1 18 -5 20 -4 19 -5 20 -5 20 -11 22 -7 24 -12 18 -7 24 -12 22 -10 24 -5 20 -9 21 -7 19 -3 15 -10 14 -7 15 -12 14 -11 18 -8 17 -9 14 -2 -3 -4 17 -7 23 -3 21 -6 14 -3 18 -8 20 -4 19 -1 18 -1 15 -3 15 -4 16 -2 18 -4 18 -5 15 -2 18 3 19 2 19 3 17 0 21 0 16 -2 15 0 13 1 22 3 20 2 16 1 13 -1 0 0 0 0 0 0 0 0 0 ]
CSI_DATA,AP,68:FE:71:12:53:8C,-38,11,1,6,1,1,1,0,0,0,0,-95,0,6,1,61384000,0,84,0,0,61.384,384,[84 -64 4 0 0 0 0 0 0 0 0 0 3 21 4 16 6 23 6 18 5 19 4 16 -1 22 0 24 5 19 0 22 3 21 4 23 5 18 -2 22 2 18 -3 18 1 14 -3 18 1 19 1 21 2 14 -3 14 1 20 2 21 0 22 2 18 2 0 3 19 -1 12 2 18 6 18 5 13 1 12 -2 20 3 13 7 14 5 13 1 20 7 10 8 13 0 12 4 13 3 19 8 16 11 14 10 18 6 16 8 10 6 13 7 10 11 16 7 15 6 13 -1 0 0 0 0 0 0 0 0 0 ]
CSI_DATA,AP,68:FE:71:12:53:8C,-36,11,1,6,1,1,1,0,0,0,0,-95,0,6,1,61462147,0,82,0,0,61.462,384,[84 -64 4 0 0 0 0 0 0 0 0 0 4 -14 -2 -12 -4 -10 3 -12 -1 -9 -2 -12 3 -7 3 -10 -2 -10 -1 -11 2 -10 5 -6 -2 -7 5 -11 2 -4 1 -10 -1 -9 -3 -4 6 -11 0 -6 1 -6 0 -6 3 -10 4 -11 -3 -7 4 -3 3 -4 0 -7 -2 -6 1 -11 3 -7 -2 -4 1 -11 3 -5 -2 -10 -1 -11 -6 -11 -4 -5 -6 -6 -3 -5 2 -3 -4 -7 -6 -9 1 -4 -6 -10 -6 -9 -1 -5 -4 -10 -1 -11 -4 -12 -1 -8 -3 -9 -8 -8 -1 4 0 0 0 0 0 0 0 0 ]
CSI_DATA,AP,68:FE:71:12:53:8C,-33,11,1,7,1,1,1,0,0,0,0,-94,0,6,1,61551399,0,84,0,0,61.551,384,[84 -64 4 0 0 0 0 0 0 0 0 0 -28 -6 -23 -11 -31 -14 -27 -14 -23 -12 -27 -8 -20 -13 -21 -15 -17 -16 -19 -11 -20 -11 -22 -8 -22 -13 -16 -14 -20 -17 -17 -14 -21 -12 -19 -9 -15 -11 -15 -12 -13 -13 -11 -6 -10 -6 -13 -5 -13 -8 -13 -6 1 3 -13 -6 -17 -6 -11 -7 -10 -1 -15 -4 -11 -2 -14 -7 -16 1 -11 -4 -8 4 -10 5 -11 -1 -17 0 -9 4 -10 -2 -12 7 -13 4 -12 3 -14 6 -14 7 -12 1 -9 1 -13 7 -8 4 -9 10 -8 7 -3 -1 0 0 0 0 0 0 0 0 ]
CSI_DATA,AP,68:FE:71:12:53:8C,-37,11,1,7,1,1,1,0,0,0,0,-96,0,6,1,61648808,0,84,0,0,61.649,384,[84 -64 4 0 0 0 0 0 0 0 0 0 -30 10 -34 8 -27 6 -38 7 -31 9 -35 7 -33 1 -31 5 -31 -1 -26 0 -27 3 -29 6 -27 4 -26 -3 -25 2 -29 -3 -25 -1 -24 1 -18 0 -21 4 -15 4 -16 0 -17 1 -22 5 -16 0 -17 5 4 3 -19 6 -13 4 -11 9 -12 5 -10 6 -16 1 -17 4 -15 5 -7 7 -11 11 -12 10 -6 10 -9 10 -8 10 -10 6 -8 8 -12 14 -7 15 -6 11 -10 12 -5 6 -5 14 -7 12 -9 16 -1 15 -3 15 -2 -1 0 0 0 0 0 0 0 0 ]
CSI_DATA,AP,68:FE:71:12:53:8C,-31,11,1,7,1,1,1,0,0,0,0,-94,0,6,1,61751072,0,84,0,0,61.751,384,[84 -64 4 0 0 0 0 0 0 0 0 0 16 -15 12 -14 20 -13 14 -13 16 -12 17 -7 17 -10 16 -13 15 -12 15 -13 19 -8 16 -8 15 -10 15 -5 14 -11 16 -5 11 -4 16 -11 17 -9 17 -11 14 -6 9 -6 10 -11 8 -8 11 -8 12 -5 2 -1 13 -6 8 -6 13 -8 9 -13 8 -5 13 -8 10 -8 11 -8 13 -11 6 -7 11 -11 8 -10 9 -15 5 -12 8 -7 4 -9 5 -11 4 -13 9 -15 6 -10 6 -9 8 -8 5 -9 6 -15 8 -12 7 -8 2 -1 0 0 0 0 0 0 0 0 ]
CSI_DATA,AP,68:FE:71:12:53:8C,-37,11,1,6,1,1,1,0,0,0,0,-93,0,6,1,61859786,0,82,0,0,61.86,384,[84 -64 4 0 0 0 0 0 0 0 0 0 15 4 20 3 18 8 18 8 19 4 20 5 13 8 16 13 21 10 17 8 20 8 16 10 16 13 19 10 14 9 20 10 18 12 15 6 13 11 16 13 14 8 14 12 18 10 13 14 19 16 13 14 -2 -4 21 9 18 11 16 11 16 9 13 10 18 8 13 7 21 6 19 5 17 4 23 5 18 7 21 12 19 4 18 6 18 9 24 9 16 3 19 7 21 4 22 8 22 6 18 7 19 9 16 4 19 11 -1 2 0 0 0 0 0 0 0 0 ]
CSI_DATA,AP,68:FE:71:12:53:8C,-40,11,1,6,1,1,1,0,0,0,0,-93,0,6,1,61990360,0,84,0,0,61.99,384,[84 -64 4 0 0 0 0 0 0 0 0 0 18 -8 12 -9 13 -15 18 -8 14 -8 19 -7 19 -7 15 -13 14 -8 15 -12 15 -12 16 -12 15 -10 21 -5 17 -13 19 -8 23 -10 22 -7 16 -7 18 -11 17 -9 23 -4 14 -4 19 -8 22 -11 20 -8 -2 2 18 -13 16 -6 21 -7 15 -8 20 -10 23 -10 23 -14 21 -9 19 -11 17 -10 17 -9 15 -14 18 -8 20 -11 19 -10 20 -12 19 -14 15 -14 21 -16 14 -12 17 -16 14 -10 13 -9 19 -11 16 -15 17 -15 -3 2 0 0 0 0 0 0 0 0 ]
CSI_DATA,AP,68:FE:71:12:53:8C,-36,11,1,7,1,1,1,0,0,0,0,-96,0,6,1,62097127,0,84,0,0,62.097,384,[84 -64 4 0 0 0 0 0 0 0 0 0 -24 -22 -15 -19 -20 -17 -21 -24 -24 -19 -18 -19 -17 -25 -18 -16 -12 -25 -9 -25 -13 -27 -17 -22 -10 -21 -16 -23 -13 -24 -14 -22 -15 -19 -14 -25 -11 -21 -14 -19 -10 -19 -12 -21 -13 -19 -11 -15 -13 -22 -6 -21 0 -4 -14 -14 -9 -21 -11 -16 -15 -17 -7 -20 -13 -16 -13 -16 -13 -15 -13 -15 -7 -16 -9 -12 -14 -12 -8 -5 -13 -11 -12 -6 -16 -8 -13 -4 -15 -10 -14 -3 -17 -9 -19 -11 -20 -8 -17 -2 -24 -10 -27 -4 -21 -10 3 -2 0 0 0 0 0 0 0 0 ]
CSI_DATA,AP,68:FE:71:12:53:8C,-37,11,1,7,1,1,1,0,0,0,0,-94,0,6,1,62187172,0,84,0,0,62.187,384,[84 -64 4 0 0 0 0 0 0 0 0 0 6 15 5 21 7 19 0 22 -2 17 4 22 0 19 3 21 -3 22 -1 23 -1 20 -4 20 -6 27 -1 18 -7 19 -6 20 -6 24 -5 18 -4 20 -4 23 -6 22 -8 20 -6 22 -9 18 -9 18 -8 22 0 0 -7 18 -3 22 -7 16 0 16 -4 17 -1 23 -1 16 -5 21 0 21 -4 17 -2 20 0 19 0 18 -4 16 3 17 3 19 -1 25 2 18 4 21 2 21 0 24 -1 21 6 23 2 25 7 18 3 17 2 -1 0 0 0 0 0 0 0 0 ]
CSI_DATA,AP,68:FE:71:12:53:8C,-37,11,1,5,1,1,1,0,0,0,0,-96,0,6,1,62288315,0,84,0,0,62.288,384,[84 -64 4 0 0 0 0 0 0 0 0 0 -4 -21 -5 -22 -1 -17 -2 -16 -3 -19 -2 -17 -8 -21 -7 -23 1 -21 -6 -23 2 -21 -4 -25 2 -20 -2 -20 1 -20 3 -21 0 -22 1 -24 -1 -24 2 -24 -1 -17 0 -21 6 -20 3 -25 3 -24 2 -17 2 3 -2 -18 -3 -25 -4 -18 -4 -25 2 -18 0 -18 -1 -26 -6 -20 -6 -21 -3 -25 -3 -22 -5 -20 -1 -18 -1 -21 -5 -22 -2 -24 -6 -19 -4 -18 -8 -22 -10 -15 -11 -16 -8 -22 -10 -18 -4 -18 -7 -17 -4 -21 2 -2 0 0 0 0 0 0 0 0 ]
CSI_DATA,AP,68:FE:71:12:53:8C,-30,11,1,7,1,1,1,0,0,0,0,-95,0,6,1,62393899,0,84,0,0,62.394,384,[84 -64 4 0 0 0 0 0 0 0 0 0 9 19 4 20 8 22 6 22 5 20 3 18 3 23 1 17 8 21 3 18 7 20 7 25 4 18 4 19 2 18 0 23 3 22 -1 21 2 18 6 17 -3 14 2 20 5 20 1 21 7 20 -2 16 -1 3 6 15 0 14 4 19 6 11 0 19 6 13 4 14 3 12 2 11 3 11 8 13 10 16 4 16 10 16 8 11 3 11 5 18 5 9 4 15 5 16 7 10 4 12 12 14 9 15 4 11 11 15 4 -4 0 0 0 0 0 0 0 0 ]
CSI_DATA,AP,68:FE:71:12:53:8C,-35,11,1,5,1,1,1,1,0,0,0,-94,2,6,1,62516698,0,84,0,0,62.517,384,[37 80 2 0 0 0 0 0 0 0 0 0 -30 5 -28 -3 -36 2 -37 -6 -32 -3 -30 -3 -28 -5 -28 -6 -30 -5 -32 -2 -32 -10 -34 -3 -29 -6 -30 -7 -27 -6 -27 -4 -26 -9 -24 -11 -29 -9 -31 -5 -30 -10 -25 -5 -25 -9 -28 -2 -30 -6 -30 -2 3 2 -23 -1 -23 -9 -27 -3 -24 -3 -30 -4 -23 -8 -24 -7 -24 1 -28 -4 -25 -1 -24 -1 -21 1 -29 6 -22 2 -27 0 -24 -2 -29 4 -23 1 -29 -2 -22 5 -25 4 -28 7 -26 6 -24 1 -28 6 -30 2 -2 -4 0 0 0 0 0 0 0 0 ]
CSI_DATA,AP,68:FE:71:12:53:8C,-39,11,1,4,1,1,1,0,0,0,0,-96,0,6,1,62599725,0,84,0,0,62.6,384,[84 -64 4 0 0 0 0 0 0 0 0 0 12 -31 14 -26 14 -24 10 -31 16 -26 14 -28 13 -25 18 -25 15 -25 16 -29 16 -20 12 -24 18 -22 15 -25 19 -26 18 -19 15 -23 19 -21 12 -23 14 -21 17 -16 18 -24 14 -19 14 -21 18 -23 12 -22 4 -4 17 -22 13 -16 15 -22 12 -20 16 -24 7 -19 12 -22 10 -24 14 -24 5 -16 13 -17 13 -20 6 -21 8 -17 10 -20 8 -23 4 -20 9 -26 6 -22 9 -26 9 -25 10 -23 6 -28 8 -21 3 -28 7 -20 4 -3 0 0 0 0 0 0 0 0 ]
CSI_DATA,AP,68:FE:71:12:53:8C,-39,11,1,6,1,1,1,1,0,0,0,-93,2,6,1,62698854,0,84,0,0,62.699,384,[84 -64 4 0 0 0 0 0 0 0 0 0 17 -1 17 1 21 7 20 0 17 7 14 3 16 2 20 5 21 8 20 3 14 3 12 2 13 4 14 6 17 7 18 8 19 8 16 10 14 3 11 5 11 8 12 3 17 4 10 8 11 6 16 6 0 -4 18 5 11 2 12 6 11 4 13 5 15 3 11 7 18 7 15 2 16 0 11 2 18 6 17 4 15 0 10 0 16 3 15 -3 11 2 10 3 13 -1 17 2 15 2 16 1 16 -1 14 -5 19 2 -2 4 0 0 0 0 0 0 0 0 ]
CSI_DATA,AP,68:FE:71:12:53:8C,-33,11,1,7,1,1,1,0,0,0,0,-96,0,6,1,62792609,0,84,0,0,62.793,384,[84 -64 4 0 0 0 0 0 0 0 0 0 -21 9 -20 5 -18 0 -17 3 -22 2 -18 4 -22 2 -24 1 -20 -3 -17 -2 -19 4 -18 -4 -17 -3 -18 2 -18 -3 -18 4 -17 -2 -21 2 -18 4 -17 -2 -19 -3 -15 -4 -17 -5 -19 -3 -19 2 -20 1 3 -3 -20 1 -16 1 -16 -1 -13 -2 -16 5 -17 3 -19 2 -18 4 -18 4 -16 -1 -15 6 -11 4 -13 5 -19 7 -15 5 -19 1 -15 1 -17 1 -11 2 -11 8 -18 4 -17 5 -19 2 -13 6 -11 10 -13 7 4 -2 0 0 0 0 0 0 0 0 ]
CSI_DATA,AP,68:FE:71:12:53:8C,-37,11,1,6,1,1,1,0,0,0,0,-95,0,6,1,62924222,0,84,0,0,62.924,384,[84 -64 4 0 0 0 0 0 0 0 0 0 -8 -16 -6 -18 -6 -19 -1 -16 -8 -25 -6 -24 -4 -20 1 -21 -1 -18 2 -17 -1 -21 -3 -16 -4 -21 -3 -23 -4 -18 1 -19 0 -14 -2 -17 1 -23 1 -19 4 -19 1 -20 -4 -15 4 -19 1 -21 1 -16 -3 -1 -1 -17 0 -19 2 -18 -1 -19 0 -12 -6 -15 -6 -16 -7 -13 -6 -13 -6 -15 -4 -19 -5 -13 -3 -14 -2 -15 -8 -13 -4 -12 -9 -12 -8 -13 -2 -13 -6 -18 -8 -16 -7 -16 -9 -17 -5 -19 -3 -18 -6 -19 -3 -3 0 0 0 0 0 0 0 0 ]
CSI_DATA,AP,68:FE:71:12:53:8C,-36,11,1,6,1,1,1,0,0,0,0,-94,0,6,1,63045644,0,84,0,0,63.046,384,[37 80 2 0 0 0 0 0 0 0 0 0 -9 -29 -4 -33 -5 -29 -12 -30 -6 -29 0 -30 -4 -29 -2 -32 1 -30 1 -32 0 -30 3 -33 3 -32 -2 -33 1 -23 -2 -33 -2 -27 1 -23 1 -29 -2 -30 2 -26 -3 -30 -2 -25 4 -27 2 -26 3 -28 3 -2 0 -23 2 -29 -1 -24 -6 -23 -2 -26 -3 -21 -4 -21 -6 -28 -5 -27 -1 -25 -5 -27 -7 -20 -3 -19 -5 -28 -3 -20 -7 -24 -6 -28 -6 -22 -5 -23 -6 -22 -5 -22 -6 -23 -11 -27 -9 -23 -14 -24 -14 -23 -3 -2 0 0 0 0 0 0 0 0 ]
CSI_DATA,AP,68:FE:71:12:53:8C,-34,11,1,5,1,1,1,1,0,0,0,-94,5,6,1,63130933,0,84,0,0,63.131,384,[84 -64 4 0 0 0 0 0 0 0 0 0 -22 6 -20 7 -24 5 -21 2 -24 5 -17 0 -20 3 -24 -2 -18 2 -21 2 -16 -1 -19 2 -24 -1 -17 2 -21 -2 -20 -4 -14 -2 -18 3 -21 -4 -19 0 -15 1 -18 2 -17 -2 -18 2 -21 -1 -14 2 2 1 -19 -1 -14 0 -16 0 -19 -2 -19 2 -14 1 -13 5 -20 1 -18 -1 -14 -1 -18 1 -19 2 -14 7 -14 0 -18 3 -15 6 -18 7 -14 5 -14 9 -10 9 -17 9 -13 10 -11 2 -19 4 -15 11 -18 9 4 -2 0 0 0 0 0 0 0 0 ]
CSI_DATA,AP,68:FE:71:12:53:8C,-33,11,1,7,1,1,1,1,0,0,0,-96,5,6,1,63242623,0,84,0,0,63.243,384,[84 -64 4 0 0 0 0 0 0 0 0 0 3 -18 2 -19 -3 -23 2 -25 -2 -18 1 -15 4 -17 4 -16 4 -22 4 -16 3 -18 4 -20 1 -22 4 -20 9 -22 7 -14 7 -16 8 -20 6 -19 2 -17 6 -19 3 -19 7 -20 3 -12 7 -21 2 -15 -1 0 7 -13 8 -18 6 -18 6 -15 3 -15 4 -19 4 -15 2 -13 -2 -17 3 -16 -1 -19 3 -12 0 -19 -4 -15 3 -13 1 -16 0 -21 -2 -15 2 -13 1 -20 -2 -17 -4 -16 0 -14 1 -18 -7 -14 -3 -17 -2 -3 0 0 0 0 0 0 0 0 ]
CSI_DATA,AP,68:FE:71:12:53:8C,-39,11,1,4,1,1,1,0,0,0,0,-95,0,6,1,63337712,0,84,0,0,63.338,384,[84 -64 4 0 0 0 0 0 0 0 0 0 19 35 30 36 15 49 14 62 21 46 16 45 8 49 9 29 18 50 19 48 -5 66 -1 76 1 67 -7 63 4 56 -13 71 -21 62 -4 37 -1 56 -2 49 8 57 -10 63 -2 43 -11 58 -14 65 -5 55 -1 -1 -10 58 7 54 -7 56 -2 62 0 54 1 57 -4 59 6 54 5 48 8 47 14 57 15 44 20 46 13 45 9 54 15 52 6 57 19 48 16 54 25 46 17 48 17 52 25 49 21 45 19 48 21 41 -4 3 0 0 0 0 0 0 0 0 ]
CSI_DATA,AP,68:FE:71:12:53:8C,-37,11,0,0,0,0,0,0,0,0,0,-93,0,6,1,63455233,0,37,0,0,63.455,128,[84 -64 4 0 0 0 0 0 0 0 0 0 -12 -15 -13 -14 -10 -15 -6 -20 -7 -15 -8 -18 -12 -12 -7 -14 -9 -18 -2 -21 -2 -21 -3 -20 -1 -21 -8 -18 -4 -19 -2 -15 -5 -20 -3 -18 -8 -19 0 -14 -3 -15 -7 -18 -5 -18 -8 -15 -4 -17 -7 -12 0 -1 -7 -11 -7 -13 -6 -18 -2 -11 -7 -15 -9 -13 -5 -15 -9 -18 -3 -12 -8 -15 -2 -9 -2 -12 -4 -9 -6 -14 -6 -13 -5 -12 -9 -10 -8 -15 -8 -15 -12 -9 -10 -9 -8 -9 -10 -16 -11 -10 -10 -9 -11 -11 0 0 0 0 0 0 0 0 0 0 ]
CSI_DATA,AP,68:FE:71:12:53:8C,-37,11,1,6,1,1,1,0,0,0,0,-95,0,6,1,63537009,0,84,0,0,63.537,384,[84 -64 4 0 0 0 0 0 0 0 0 0 -7 18 -10 21 -14 14 -10 12 -14 12 -13 19 -9 13 -15 14 -14 15 -12 13 -15 9 -13 18 -11 16 -15 13 -15 15 -10 10 -12 10 -12 13 -13 13 -17 15 -11 9 -16 10 -14 13 -15 8 -15 15 -10 16 4 1 -16 15 -14 9 -13 8 -9 7 -8 13 -7 10 -9 14 -14 8 -7 12 -12 10 -7 12 -6 10 -8 15 -10 13 -9 15 -10 10 -9 16 -8 17 -9 18 -7 13 -8 12 -10 18 -5 11 -4 11 -8 15 -10 11 -4 1 0 0 0 0 0 0 0 0 ]
CSI_DATA,AP,68:FE:71:12:53:8C,-35,11,1,5,1,1,1,1,0,0,1,-95,1,6,1,63685437,0,84,0,0,63.685,384,[84 -64 4 0 0 0 0 0 0 0 0 0 -14 9 -18 9 -18 5 -23 11 -22 3 -18 4 -19 2 -21 4 -16 2 -20 7 -15 3 -17 2 -22 5 -20 4 -22 7 -14 0 -17 3 -13 0 -18 0 -16 1 -17 5 -19 5 -13 -2 -18 2 -13 5 -15 5 1 -4 -12 7 -16 6 -18 0 -19 3 -15 0 -14 1 -16 0 -15 4 -15 7 -19 8 -15 8 -18 1 -13 4 -18 5 -12 2 -19 3 -18 9 -15 6 -15 4 -10 11 -13 5 -16 8 -16 7 -15 8 -17 8 -14 5 -2 3 0 0 0 0 0 0 0 0 ]
CSI_DATA,AP,68:FE:71:12:53:8C,-40,11,1,6,1,1,1,0,0,0,0,-96,0,6,1,63775744,0,84,0,0,63.776,384,[84 -64 4 0 0 0 0 0 0 0 0 0 9 -20 8 -16 10 -20 14 -14 14 -18 12 -18 13 -17 10 -14 13 -12 13 -17 10 -13 12 -16 13 -17 14 -17 10 -12 12 -16 14 -13 15 -13 13 -10 11 -8 14 -13 14 -10 14 -12 8 -11 11 -10 9 -11 -2 -2 15 -15 10 -14 13 -8 10 -9 12 -15 9 -10 8 -9 14 -11 12 -11 10 -14 6 -11 9 -17 5 -12 10 -9 8 -16 4 -10 4 -14 6 -17 7 -17 9 -10 5 -12 10 -11 4 -19 8 -17 3 -16 7 -11 3 3 0 0 0 0 0 0 0 0 ]
CSI_DATA,AP,68:FE:71:12:53:8C,-35,11,1,6,1,1,1,0,0,0,0,-95,0,6,1,63877867,0,84,0,0,63.878,384,[84 -64 4 0 0 0 0 0 0 0 0 0 4 15 4 21 0 20 4 22 4 22 2 17 1 16 -4 15 -5 23 1 18 -4 18 -6 14 0 16 1 15 -6 22 0 21 -3 13 -2 16 0 21 -4 15 -6 17 -7 20 -1 17 -2 16 -5 13 -4 13 -1 2 -3 13 -4 13 -2 12 -4 16 -4 18 -5 20 -2 17 0 18 -4 11 0 19 -1 19 -1 13 2 17 0 11 0 17 4 14 6 17 0 18 -1 17 5 15 5 12 2 11 0 20 1 16 0 16 -1 12 -3 -1 0 0 0 0 0 0 0 0 ]
CSI_DATA,AP,68:FE:71:12:53:8C,-34,11,1,6,1,1,1,0,0,0,0,-95,0,6,1,63975574,0,84,0,0,63.976,384,[84 -64 4 0 0 0 0 0 0 0 0 0 13 11 12 9 9 10 12 12 12 15 11 10 13 9 8 14 12 9 9 15 9 9 9 13 15 14 14 14 12 16 12 15 9 14 6 9 7 13 6 10 13 14 5 13 6 7 5 9 8 16 7 7 4 -4 9 13 5 8 8 7 9 13 12 8 7 9 11 10 10 5 9 7 12 5 14 6 11 11 15 12 14 6 13 11 10 5 11 11 13 9 16 10 12 8 14 4 15 5 16 2 10 7 16 7 13 7 -2 1 0 0 0 0 0 0 0 0 ]
CSI_DATA,AP,68:FE:71:12:53:8C,-34,11,1,5,1,1,1,0,0,0,0,-94,0,6,1,64052864,0,84,0,0,64.053,384,[84 -64 4 0 0 0 0 0 0 0 0 0 -23 -13 -15 -14 -19 -7 -15 -9 -16 -13 -19 -11 -20 -9 -12 -7 -20 -9 -21 -8 -12 -9 -13 -14 -18 -16 -18 -15 -11 -17 -11 -9 -15 -16 -10 -8 -16 -12 -14 -16 -14 -13 -19 -15 -9 -10 -14 -14 -18 -10 -16 -15 2 -4 -17 -8 -17 -14 -15 -13 -11 -10 -14 -7 -15 -10 -17 -10 -15 -7 -11 -11 -13 -5 -19 -7 -14 -5 -15 -6 -13 -5 -20 -7 -14 -7 -15 -8 -14 -1 -14 -2 -20 -5 -16 -6 -16 -6 -14 -5 -15 -8 -19 -7 -13 -4 -2 0 0 0 0 0 0 0 0 0 ]
CSI_DATA,AP,68:FE:71:12:53:8C,-36,11,1,5,1,1,1,0,0,0,0,-95,0,6,1,64163931,0,84,0,0,64.164,384,[84 -64 4 0 0 0 0 0 0 0 0 0 -10 -16 -7 -17 -12 -17 -10 -18 -8 -21 -8 -22 -6 -21 -8 -14 -9 -15 -6 -15 -8 -23 -4 -20 -2 -23 -6 -15 -3 -21 -2 -19 -5 -20 -3 -19 -2 -14 -7 -18 -3 -21 -5 -14 -4 -13 -6 -21 -7 -20 -3 -21 -4 0 -1 -17 -4 -17 -2 -18 -2 -15 -1 -16 -9 -19 -6 -19 -9 -16 -7 -13 -10 -17 -8 -12 -3 -18 -8 -14 -11 -15 -7 -10 -10 -11 -8 -14 -8 -15 -12 -11 -13 -10 -13 -14 -10 -17 -7 -13 -7 -11 -6 -17 -11 -12 3 0 0 0 0 0 0 0 0 0 ]
CSI_DATA,AP,68:FE:71:12:53:8C,-33,11,1,7,1,1,1,1,0,0,0,-95,2,6,1,64262208,0,84,0,0,64.262,384,[84 -64 4 0 0 0 0 0 0 0 0 0 -9 -12 -9 -20 -14 -18 -7 -21 -5 -17 -5 -21 -8 -21 -9 -16 -5 -21 -4 -19 -4 -23 -9 -23 -4 -17 -5 -14 -4 -17 -3 -20 -4 -14 -1 -16 -5 -19 -3 -17 -6 -17 -2 -18 -1 -19 -2 -18 -5 -20 -5 -20 1 3 -8 -14 -7 -18 -1 -18 -3 -12 -5 -13 -2 -15 -9 -16 -11 -13 -9 -14 -7 -13 -6 -15 -10 -15 -10 -18 -10 -12 -6 -12 -10 -11 -13 -12 -10 -14 -10 -17 -13 -17 -6 -16 -12 -17 -6 -18 -13 -14 -12 -17 -7 -12 -1 -4 0 0 0 0 0 0 0 0 ]
CSI_DATA,AP,68:FE:71:12:53:8C,-34,11,1,6,1,1,1,0,0,0,0,-94,0,6,1,64359693,0,84,0,0,64.36,384,[84 -64 4 0 0 0 0 0 0 0 0 0 27 23 33 32 26 32 24 27 24 36 23 30 24 33 21 32 20 29 25 33 22 34 22 37 19 31 16 37 14 33 21 39 18 27 14 31 17 31 19 35 15 35 19 35 12 28 16 35 12 35 20 28 -4 -1 14 33 20 29 18 32 18 29 13 28 19 32 14 31 17 31 17 23 19 23 17 24 20 27 23 21 16 25 23 27 23 22 24 28 24 24 18 21 24 20 25 19 24 20 21 26 25 24 20 19 26 23 1 0 0 0 0 0 0 0 0 0 ]
CSI_DATA,AP,68:FE:71:12:53:8C,-35,11,1,6,1,1,1,0,0,0,0,-96,0,6,1,64473997,0,84,0,0,64.474,384,[84 -64 4 0 0 0 0 0 0 0 0 0 -5 -15 -6 -16 -1 -16 0 -21 -6 -16 2 -18 3 -17 2 -22 1 -20 2 -19 1 -16 -1 -17 -3 -23 -1 -20 4 -20 6 -20 -1 -15 -1 -13 5 -20 2 -20 2 -15 -2 -15 2 -12 -3 -18 -3 -20 -1 -20 -3 2 -3 -19 0 -16 -2 -14 2 -14 3 -15 2 -19 2 -14 -2 -19 3 -15 -4 -18 0 -19 -6 -18 -1 -15 -5 -18 1 -19 -3 -11 -4 -19 -3 -12 -5 -16 -2 -13 -6 -14 -4 -10 -8 -18 -8 -16 -3 -14 -8 -13 -4 3 0 0 0 0 0 0 0 0 ]
CSI_DATA,AP,68:FE:71:12:53:8C,-36,11,1,6,1,1,1,0,0,0,0,-96,0,6,1,64573355,0,84,0,0,64.573,384,[84 -64 4 0 0 0 0 0 0 0 0 0 -7 20 -7 22 -7 16 -2 20 -8 24 -6 17 -8 20 -4 15 -3 16 -13 21 -10 21 -8 22 -15 16 -8 13 -11 19 -10 22 -5 15 -10 18 -8 19 -8 13 -12 12 -6 17 -8 14 -11 18 -7 17 -5 14 0 -4 -3 14 -3 18 -3 13 -2 14 -9 10 -2 12 -2 11 -5 18 -7 19 -8 17 -4 12 -3 15 -1 16 -3 18 -3 14 -4 13 0 14 3 17 -3 20 4 14 -4 15 4 18 2 19 1 19 -2 19 -3 13 3 1 0 0 0 0 0 0 0 0 ]
CSI_DATA,AP,68:FE:71:12:53:8C,-34,11,1,6,1,1,1,1,0,0,0,-94,1,6,1,64685544,0,84,0,0,64.686,384,[84 -64 4 0 0 0 0 0 0 0 0 0 -8 -14 -15 -16 -12 -17 -7 -16 -6 -19 -7 -17 -4 -20 -7 -21 -6 -21 -7 -19 -8 -17 -10 -24 -6 -17 -6 -18 -8 -22 -5 -16 -6 -16 -4 -16 -1 -19 -9 -21 -1 -19 -2 -23 -2 -14 -6 -19 -6 -15 -8 -21 2 4 -8 -13 -3 -17 -8 -17 -12 -17 -10 -19 -10 -20 -5 -15 -11 -18 -12 -13 -5 -14 -5 -18 -8 -12 -10 -16 -10 -15 -7 -15 -7 -13 -6 -15 -6 -13 -8 -16 -11 -9 -12 -13 -12 -13 -11 -10 -16 -11 -15 -10 -8 -17 -1 2 0 0 0 0 0 0 0 0 ]
CSI_DATA,AP,68:FE:71:12:53:8C,-39,11,1,6,1,1,1,1,0,0,1,-95,6,6,1,64806121,0,84,0,0,64.806,384,[84 -64 4 0 0 0 0 0 0 0 0 0 21 -10 16 -12 19 -15 21 -11 23 -14 20 -7 18 -6 20 -12 16 -9 23 -10 23 -9 18 -13 16 -12 21 -10 23 -8 20 -9 19 -9 13 -3 22 -9 22 -7 16 -7 22 -6 15 -8 17 -2 16 -2 20 -5 -2 1 20 -7 21 -6 17 -4 12 -10 20 -10 19 -11 20 -7 17 -6 19 -10 13 -9 16 -10 15 -7 10 -11 11 -6 18 -12 12 -12 18 -10 10 -13 18 -6 11 -7 14 -13 16 -15 11 -15 9 -17 16 -10 12 -15 -4 3 0 0 0 0 0 0 0 0 ]
CSI_DATA,AP,68:FE:71:12:53:8C,-34,11,1,5,1,1,1,0,0,0,0,-94,0,6,1,64916881,0,84,0,0,64.917,384,[-117 -80 8 0 0 0 0 0 0 0 0 0 7 14 8 12 1 5 -5 15 -1 7 1 16 -3 7 5 4 4 10 8 6 5 15 6 13 15 12 4 9 12 13 9 11 4 10 13 10 1 10 2 18 11 8 12 5 11 7 8 10 3 -2 7 15 -1 0 4 10 5 10 11 8 4 7 14 5 14 10 8 4 9 3 7 5 12 12 12 8 14 8 16 10 10 9 8 -1 11 7 13 -3 12 1 3 5 11 -4 9 -2 9 -3 12 -2 12 -3 10 0 6 -2 2 0 0 0 0 0 0 0 0 0 ]
CSI_DATA,AP,68:FE:71:12:53:8C,-35,11,1,5,1,1,1,0,0,0,0,-94,0,6,1,65028167,0,84,0,0,65.028,384,[84 -64 4 0 0 0 0 0 0 0 0 0 19 -7 18 -6 26 -5 24 0 19 -2 25 -4 24 0 19 5 17 0 18 5 25 6 24 6 20 4 22 0 23 2 18 1 19 3 18 6 16 1 19 6 18 5 23 0 19 4 21 5 21 2 18 4 0 3 21 1 14 2 19 -3 22 1 12 -2 13 -3 15 -2 17 -3 17 -4 17 -2 19 -1 20 2 15 -4 13 -2 14 -6 22 1 22 -6 17 0 18 1 16 -9 21 1 17 -4 13 -8 17 -3 17 -6 12 -5 -1 0 0 0 0 0 0 0 0 0 ]
CSI_DATA,AP,68:FE:71:12:53:8C,-35,11,1,5,1,1,1,1,0,0,0,-94,4,6,1,65120789,0,84,0,0,65.121,384,[84 -64 4 0 0 0 0 0 0 0 0 0 -17 14 -22 7 -23 8 -21 7 -23 13 -15 4 -24 7 -19 10 -24 3 -18 8 -25 2 -23 2 -22 10 -17 7 -18 1 -20 9 -21 6 -20 5 -19 8 -21 6 -19 3 -22 0 -13 7 -21 4 -18 6 -15 4 2 -4 -20 6 -16 2 -21 9 -16 7 -18 4 -19 8 -12 2 -15 9 -15 6 -16 7 -14 11 -18 8 -18 5 -18 11 -20 6 -18 4 -19 5 -17 11 -12 7 -17 6 -12 4 -16 12 -15 13 -16 12 -14 8 -14 14 -4 0 0 0 0 0 0 0 0 0 ]
CSI_DATA,AP,68:FE:71:12:53:8C,-37,11,1,7,1,1,1,0,0,0,0,-95,0,6,1,65255835,0,84,0,0,65.256,384,[84 -64 4 0 0 0 0 0 0 0 0 0 14 12 16 16 15 20 14 19 13 20 5 15 7 21 8 22 7 20 7 14 11 18 10 23 8 21 5 16 5 16 10 17 7 16 2 13 2 16 7 16 2 17 9 16 6 11 2 15 2 18 5 18 -3 -3 3 16 4 17 11 17 3 16 10 19 4 15 7 13 10 17 6 15 7 16 6 10 9 18 7 13 6 15 8 14 12 14 8 12 13 8 8 10 9 14 7 17 6 17 13 12 11 13 9 14 9 10 -3 0 0 0 0 0 0 0 0 0 ]
CSI_DATA,AP,68:FE:71:12:53:8C,-35,11,1,6,1,1,1,0,0,0,0,-94,0,6,1,65384159,0,84,0,0,65.384,384,[84 -64 4 0 0 0 0 0 0 0 0 0 -11 16 -13 17 -11 15 -9 19 -10 14 -14 13 -11 21 -9 16 -18 18 -14 15 -19 14 -18 13 -17 12 -16 12 -16 13 -16 12 -15 17 -12 11 -14 17 -10 10 -11 16 -11 16 -17 13 -12 9 -14 17 -9 11 1 2 -16 11 -16 12 -16 18 -11 11 -14 10 -7 11 -8 17 -9 14 -13 13 -10 15 -9 17 -10 19 -8 19 -5 18 -5 12 -11 20 -9 21 -6 17 -4 18 -7 18 -10 17 -7 17 -2 16 -8 14 -7 14 -3 18 1 4 0 0 0 0 0 0 0 0 ]
CSI_DATA,AP,68:FE:71:12:53:8C,-37,11,1,7,1,1,1,1,0,0,0,-94,4,6,1,65446847,0,84,0,0,65.447,384,[84 -64 4 0 0 0 0 0 0 0 0 0 11 -16 10 -16 4 -21 9 -17 5 -17 8 -20 12 -16 7 -20 10 -20 9 -17 8 -20 16 -14 15 -14 11 -19 12 -11 10 -17 16 -18 7 -14 10 -14 9 -14 10 -11 16 -13 11 -11 13 -12 12 -16 14 -12 1 -1 12 -17 7 -18 6 -18 12 -12 8 -10 11 -14 5 -11 8 -16 11 -16 3 -18 5 -18 7 -16 5 -13 10 -14 9 -18 4 -19 8 -18 2 -13 8 -15 3 -19 8 -19 7 -16 6 -17 6 -15 3 -18 4 -20 -2 -2 0 0 0 0 0 0 0 0 ]
CSI_DATA,AP,68:FE:71:12:53:8C,-34,11,1,5,1,1,1,0,0,0,0,-95,0,6,1,65553879,0,84,0,0,65.554,384,[84 -64 4 0 0 0 0 0 0 0 0 0 19 6 16 7 13 10 16 8 16 9 20 8 17 12 10 10 14 16 16 9 16 9 17 10 13 10 19 12 12 11 16 11 9 17 14 13 17 8 13 14 15 13 15 15 8 6 15 11 10 12 15 9 4 -2 12 10 11 8 16 12 8 6 13 7 15 13 12 9 8 8 14 4 8 10 16 5 9 2 15 8 18 4 10 2 15 10 16 8 11 4 11 4 12 6 15 2 15 6 18 4 17 2 18 3 13 5 -4 -1 0 0 0 0 0 0 0 0 ]
CSI_DATA,AP,68:FE:71:12:53:8C,-36,11,1,7,1,1,1,0,0,0,0,-95,0,6,1,65652993,0,82,0,0,65.653,384,[84 -64 4 0 0 0 0 0 0 0 0 0 9 19 12 15 7 23 4 16 11 23 2 21 5 20 2 20 8 20 2 17 2 16 -1 23 6 22 2 22 -1 17 6 22 5 22 6 19 2 13 6 16 1 14 6 14 0 12 3 14 -3 18 0 13 -1 4 4 19 0 16 -1 21 6 18 2 15 1 19 -1 16 1 12 4 15 5 17 9 15 1 17 7 19 7 13 6 17 2 14 3 14 5 13 5 10 10 11 3 17 8 15 11 16 5 14 4 16 7 10 4 1 0 0 0 0 0 0 0 0 ]
CSI_DATA,AP,68:FE:71:12:53:8C,-41,11,1,5,1,1,1,0,0,0,0,-95,0,6,1,65747034,0,84,0,0,65.747,384,[84 -64 4 0 0 0 0 0 0 0 0 0 19 -7 17 -5 21 2 20 -5 25 1 22 0 17 -2 21 4 21 2 21 5 22 2 21 1 25 2 20 5 15 3 23 7 19 5 17 6 22 6 13 3 19 6 20 5 16 2 22 -1 22 5 19 5 1 3 19 1 21 -1 20 -2 16 -2 13 -1 17 -2 17 0 16 4 14 -4 20 0 20 0 16 -3 18 -3 16 -4 20 -3 15 0 16 -2 18 -4 17 -2 12 -8 14 1 14 -3 17 -4 18 -3 13 -9 12 -7 3 1 0 0 0 0 0 0 0 0 ]
CSI_DATA,AP,68:FE:71:12:53:8C,-36,11,1,7,1,1,1,0,0,0,0,-95,0,6,1,65833413,0,84,0,0,65.833,384,[84 -64 4 0 0 0 0 0 0 0 0 0 -18 -2 -19 0 -19 4 -20 -3 -23 2 -23 1 -25 0 -20 -8 -18 -7 -24 -3 -23 -4 -21 -3 -17 -5 -18 -3 -15 -6 -19 -9 -19 -7 -22 -10 -19 -8 -21 -9 -22 -5 -18 -2 -15 -8 -15 -10 -18 -2 -20 -9 -4 3 -20 -5 -21 -4 -18 -5 -19 0 -15 -3 -16 -8 -14 -2 -13 -6 -16 1 -20 -4 -19 0 -13 3 -14 2 -14 -2 -13 -1 -19 -2 -15 2 -14 1 -20 -1 -15 1 -13 -1 -15 -4 -20 0 -20 1 -17 6 -17 -2 4 4 0 0 0 0 0 0 0 0 ]
CSI_DATA,AP,68:FE:71:12:53:8C,-36,11,1,7,1,1,1,0,0,0,0,-93,0,6,1,65948416,0,84,0,0,65.948,384,[84 -64 4 0 0 0 0 0 0 0 0 0 8 15 12 21 7 16 3 20 6 18 6 22 3 19 3 21 1 19 5 16 1 23 4 19 1 18 0 22 2 23 5 19 0 23 -3 16 2 16 0 14 3 21 -2 20 2 19 1 18 2 22 5 21 -1 -1 -1 17 4 17 1 16 -1 20 -1 14 -1 19 7 13 0 14 6 15 5 10 7 19 5 15 4 14 6 16 7 17 4 16 2 13 8 13 4 19 3 16 8 16 8 16 11 10 13 16 9 17 11 17 3 1 0 0 0 0 0 0 0 0 ]
CSI_DATA,AP,68:FE:71:12:53:8C,-31,11,1,7,1,1,1,0,0,0,0,-96,0,6,1,66074618,0,84,0,0,66.075,384,[84 -64 4 0 0 0 0 0 0 0 0 0 -14 20 -15 13 -11 14 -15 17 -20 11 -17 15 -18 16 -13 11 -19 15 -13 13 -17 13 -19 16 -17 16 -14 13 -14 10 -15 15 -20 9 -19 11 -12 7 -17 9 -16 11 -19 9 -18 6 -11 14 -15 12 -19 9 3 -1 -12 8 -17 16 -16 16 -15 10 -13 12 -11 16 -12 13 -10 11 -11 11 -14 12 -8 17 -7 10 -14 13 -11 11 -11 11 -7 16 -6 12 -9 10 -13 15 -6 18 -12 11 -9 13 -8 12 -10 13 -6 17 -11 18 3 -2 0 0 0 0 0 0 0 0 ]
CSI_DATA,AP,68:FE:71:12:53:8C,-34,11,1,6,1,1,1,0,0,0,0,-94,0,6,1,66158450,0,84,0,0,66.158,384,[84 -64 4 0 0 0 0 0 0 0 0 0 22 6 20 3 23 2 23 4 17 6 22 1 17 7 22 10 16 5 14 7 23 8 19 11 17 12 21 4 21 12 18 9 13 9 13 8 15 5 13 10 14 6 15 11 13 7 18 11 16 4 12 2 -1 4 15 6 20 8 14 4 12 1 17 2 13 5 13 8 12 3 20 5 16 -2 12 5 12 7 12 -1 18 -3 20 4 15 -1 19 4 18 -2 20 -3 19 -5 13 -3 16 -3 13 -4 15 -1 12 -3 16 -2 3 -3 0 0 0 0 0 0 0 0 ]
CSI_DATA,AP,68:FE:71:12:53:8C,-35,11,1,7,1,1,1,0,0,0,1,-93,0,6,1,66231421,0,84,0,0,66.231,384,[84 -64 4 0 0 0 0 0 0 0 0 0 -22 0 -16 -5 -22 -4 -21 -2 -25 -6 -17 -8 -21 -10 -15 -10 -18 -6 -16 -11 -17 -9 -23 -9 -15 -10 -17 -6 -19 -12 -19 -9 -15 -7 -21 -4 -18 -10 -21 -8 -16 -6 -20 -12 -11 -12 -18 -9 -19 -12 -18 -5 3 -1 -19 -9 -17 -3 -14 -10 -18 -2 -14 -6 -14 -6 -18 -7 -19 -3 -14 -3 -17 -3 -14 0 -12 1 -14 1 -14 -3 -16 -4 -17 -6 -20 -1 -20 -1 -17 1 -17 -3 -15 -3 -15 -3 -18 -1 -20 -1 -19 3 -18 1 -4 -3 0 0 0 0 0 0 0 0 ]
CSI_DATA,AP,68:FE:71:12:53:8C,-34,11,1,6,1,1,1,0,0,0,0,-95,0,6,1,66344820,0,84,0,0,66.345,384,[84 -64 4 0 0 0 0 0 0 0 0 0 5 -21 9 -20 6 -21 7 -21 8 -16 9 -14 10 -20 8 -16 6 -22 11 -21 14 -23 8 -23 15 -21 14 -18 7 -18 11 -14 9 -20 8 -20 6 -20 10 -12 11 -19 6 -15 13 -13 6 -17 10 -15 14 -14 -1 -4 6 -14 5 -19 8 -15 11 -13 4 -12 8 -19 8 -18 3 -14 4 -17 3 -15 10 -15 3 -14 7 -12 7 -12 4 -16 6 -17 3 -14 2 -14 5 -20 -1 -20 4 -13 4 -18 2 -21 5 -22 6 -15 1 -18 4 0 0 0 0 0 0 0 0 0 ]
CSI_DATA,AP,68:FE:71:12:53:8C,-35,11,1,6,1,1,1,0,0,0,0,-95,0,6,1,66455286,0,84,0,0,66.455,384,[84 -64 4 0 0 0 0 0 0 0 0 0 9 17 9 17 9 17 2 19 4 22 5 18 4 24 1 17 3 17 -2 22 -1 16 3 22 -1 19 -2 21 2 19 2 17 0 21 -3 17 -5 22 -4 15 2 18 2 17 -2 19 -2 18 2 20 1 21 -4 1 1 13 -2 13 0 19 6 15 4 19 0 15 1 20 -2 11 4 12 7 15 4 19 0 14 6 18 9 15 3 12 2 15 6 17 10 14 6 16 3 13 9 11 4 14 3 18 10 16 8 15 11 16 4 2 0 0 0 0 0 0 0 0 ]
CSI_DATA,AP,68:FE:71:12:53:8C,-41,11,1,5,1,1,1,0,0,0,0,-94,0,6,1,66551572,0,84,0,0,66.552,384,[84 -64 4 0 0 0 0 0 0 0 0 0 -10 -16 -6 -16 -3 -20 -9 -22 -1 -22 -2 -23 1 -24 2 -15 -4 -20 -2 -15 2 -18 -2 -25 -3 -20 1 -19 0 -20 3 -16 0 -17 -2 -16 2 -17 1 -20 3 -21 2 -21 2 -14 4 -16 3 -21 2 -13 1 -3 -4 -20 2 -20 -6 -21 -3 -15 -2 -14 -1 -16 -3 -18 0 -19 -2 -19 -5 -16 -2 -13 -4 -18 -3 -11 -5 -17 -5 -17 -6 -15 -9 -16 -8 -13 -2 -12 -5 -17 -10 -20 -10 -17 -9 -17 -12 -11 -5 -12 -6 -11 -1 -4 0 0 0 0 0 0 0 0 ]
CSI_DATA,AP,68:FE:71:12:53:8C,-35,11,1,7,1,1,1,0,0,0,0,-96,0,6,1,66657357,0,84,0,0,66.657,384,[84 -64 4 0 0 0 0 0 0 0 0 0 3 20 -1 19 6 21 4 24 1 23 0 19 -5 18 -1 16 -6 22 -4 23 -1 20 -2 23 0 19 -5 17 -3 16 -5 18 -4 21 -6 19 -4 16 -6 17 -3 18 -1 15 -5 14 -7 15 -5 15 0 19 -3 -1 -5 13 -4 18 -3 19 1 13 -3 17 -4 17 1 20 -3 19 -2 17 0 14 5 17 0 19 -3 15 -1 21 -3 14 3 16 -2 19 0 20 -2 14 1 16 4 19 0 19 7 14 7 15 5 20 8 20 4 -4 0 0 0 0 0 0 0 0 ]
CSI_DATA,AP,68:FE:71:12:53:8C,-32,11,1,7,1,1,1,0,0,0,0,-94,0,6,1,66778158,0,84,0,0,66.778,384,[84 -64 4 0 0 0 0 0 0 0 0 0 20 5 15 1 16 3 18 2 15 4 20 4 15 8 13 4 14 5 16 9 15 8 18 6 15 6 18 4 18 7 18 7 12 11 17 12 17 5 13 12 8 9 15 6 14 6 12 9 15 10 13 5 4 2 10 5 12 10 16 5 13 5 9 6 12 3 11 7 15 5 11 2 15 4 14 0 17 2 13 5 12 7 17 6 18 0 18 -2 16 -2 15 -2 9 4 12 2 13 2 14 0 12 1 16 -3 14 -1 4 -2 0 0 0 0 0 0 0 0 ]
CSI_DATA,AP,68:FE:71:12:53:8C,-33,11,1,7,1,1,1,0,0,0,0,-94,0,6,1,66879078,0,84,0,0,66.879,384,[84 -64 4 0 0 0 0 0 0 0 0 0 1 -25 3 -19 -2 -22 -3 -24 -3 -18 1 -23 0 -20 3 -16 7 -24 2 -23 5 -23 -2 -24 2 -23 1 -16 5 -19 -1 -24 7 -24 1 -20 4 -15 1 -22 4 -15 4 -17 2 -16 4 -15 4 -18 3 -22 3 -4 3 -18 3 -20 3 -16 1 -18 0 -16 4 -22 -1 -14 4 -19 4 -20 -6 -21 2 -17 -5 -18 -4 -13 -6 -17 -4 -16 -4 -18 -6 -22 -4 -16 0 -16 -3 -18 -4 -21 -3 -20 -8 -17 -8 -17 -6 -18 -2 -13 4 -2 0 0 0 0 0 0 0 0 ]
CSI_DATA,AP,68:FE:71:12:53:8C,-32,11,1,6,1,1,1,0,0,0,0,-96,0,6,1,66988655,0,84,0,0,66.989,384,[84 -64 4 0 0 0 0 0 0 0 0 0 3 -29 3 -22 10 -22 10 -22 10 -22 5 -25 7 -21 13 -19 11 -19 11 -22 6 -26 9 -17 10 -20 10 -24 9 -20 10 -20 12 -22 6 -18 7 -14 10 -18 12 -21 11 -18 13 -20 12 -17 7 -19 10 -17 0 1 11 -13 5 -20 12 -12 6 -18 6 -17 10 -14 7 -20 9 -17 4 -20 8 -18 1 -15 8 -13 0 -17 2 -12 2 -19 5 -18 0 -15 6 -18 0 -17 0 -12 -1 -19 5 -17 1 -13 3 -14 -2 -19 0 -12 0 3 0 0 0 0 0 0 0 0 ]
CSI_DATA,AP,68:FE:71:12:53:8C,-41,11,1,6,1,1,1,0,0,0,0,-96,0,6,1,67121787,0,84,0,0,67.122,384,[84 -64 4 0 0 0 0 0 0 0 0 0 -18 5 -14 0 -15 -1 -23 0 -19 1 -19 -1 -14 2 -17 -5 -20 2 -16 -3 -19 3 -23 2 -17 0 -17 -3 -17 -4 -14 1 -13 -7 -12 -1 -15 -1 -13 -5 -12 -5 -13 -8 -19 -5 -20 -4 -14 -4 -18 -5 1 4 -17 -7 -17 2 -19 0 -15 3 -14 -5 -15 0 -14 -2 -19 -1 -14 -2 -12 4 -17 4 -10 4 -16 5 -13 -3 -11 0 -16 2 -14 1 -18 0 -16 3 -16 4 -14 6 -16 5 -16 2 -15 4 -18 5 -12 -1 -2 0 0 0 0 0 0 0 0 0 ]
CSI_DATA,AP,68:FE:71:12:53:8C,-37,11,1,6,1,1,1,0,0,0,0,-94,0,6,1,67212845,0,84,0,0,67.213,384,[84 -64 4 0 0 0 0 0 0 0 0 0 20 10 20 7 12 13 20 10 15 11 11 14 17 13 9 14 15 10 9 10 12 16 18 18 18 11 16 15 8 14 17 16 13 14 13 16 7 16 11 9 9 9 9 13 9 15 9 16 16 14 13 12 -1 -4 11 11 8 9 7 15 9 14 13 7 11 14 8 14 12 6 13 5 8 11 13 4 13 5 17 10 17 7 9 6 10 10 15 8 15 5 10 10 12 1 16 6 10 7 16 2 12 8 12 2 10 8 0 1 0 0 0 0 0 0 0 0 ]
CSI_DATA,AP,68:FE:71:12:53:8C,-41,11,1,6,1,1,1,0,0,0,0,-95,0,6,1,67288679,0,84,0,0,67.289,384,[84 -64 4 0 0 0 0 0 0 0 0 0 -6 -12 -10 -17 -8 -16 -9 -15 -3 -17 0 -15 1 -14 -5 -19 -7 -16 -1 -15 -1 -12 -4 -14 3 -16 -4 -13 -4 -16 1 -17 0 -13 0 -18 -6 -13 0 -17 1 -19 -5 -17 -4 -13 -1 -18 0 -13 -4 -19 4 -2 1 -18 -4 -15 -1 -13 -2 -13 0 -17 -7 -17 -2 -18 -4 -13 -6 -11 -1 -14 -5 -12 -2 -16 -9 -16 -6 -14 -7 -16 -5 -14 -10 -15 -6 -9 -3 -16 -2 -15 -9 -14 -10 -11 -4 -16 -11 -18 -10 -13 -6 -11 -3 4 0 0 0 0 0 0 0 0 ]
CSI_DATA,AP,68:FE:71:12:53:8C,-32,11,1,7,1,1,1,0,0,0,0,-95,0,6,1,67420903,0,84,0,0,67.421,384,[84 -64 4 0 0 0 0 0 0 0 0 0 6 -15 7 -21 14 -18 13 -20 13 -18 8 -15 16 -15 14 -19 11 -15 10 -15 15 -14 14 -14 17 -20 16 -12 12 -17 16 -17 10 -11 11 -13 14 -16 13 -12 16 -16 8 -11 14 -12 8 -15 10 -10 12 -16 -2 -2 11 -14 11 -18 9 -16 8 -16 9 -18 13 -11 12 -14 9 -15 6 -13 8 -13 5 -16 9 -16 6 -19 6 -13 5 -17 2 -17 8 -19 7 -16 1 -11 6 -14 9 -11 7 -14 1 -12 5 -17 5 -17 5 -19 1 2 0 0 0 0 0 0 0 0 ]
CSI_DATA,AP,68:FE:71:12:53:8C,-37,11,1,6,1,1,1,0,0,0,0,-94,0,6,1,67522919,0,84,0,0,67.523,384,[84 -64 4 0 0 0 0 0 0 0 0 0 20 13 12 11 12 13 14 11 11 14 17 15 11 16 7 10 8 12 6 11 10 11 10 11 6 16 6 9 7 15 10 14 5 8 11 14 11 8 7 10 4 8 5 12 10 10 13 13 6 5 10 7 1 -4 9 8 9 5 12 8 8 4 11 5 11 5 13 7 10 8 8 7 10 4 14 2 10 2 8 6 13 8 10 6 10 2 10 5 14 5 11 0 14 1 11 5 13 3 16 2 11 5 11 -1 14 4 -3 2 0 0 0 0 0 0 0 0 ]
CSI_DATA,AP,68:FE:71:12:53:8C,-36,11,1,5,1,1,1,0,0,0,0,-94,0,6,1,67635255,0,84,0,0,67.635,384,[84 -64 4 0 0 0 0 0 0 0 0 0 -20 -7 -14 -6 -15 -6 -19 -12 -20 -8 -13 -6 -14 -11 -11 -5 -16 -5 -10 -12 -14 -12 -11 -8 -17 -13 -15 -6 -7 -11 -9 -10 -13 -6 -7 -7 -8 -4 -6 -7 -9 -8 -8 -3 -7 -3 -8 -8 -9 -3 -9 -10 0 3 -12 -1 -12 -9 -9 -1 -9 -4 -7 -1 -7 0 -13 0 -13 -6 -10 -5 -14 -5 -11 -5 -15 0 -8 -3 -11 -2 -16 1 -11 2 -10 4 -8 3 -10 3 -8 5 -16 -1 -14 4 -12 -1 -17 4 -14 3 -16 0 2 4 0 0 0 0 0 0 0 0 ]
CSI_DATA,AP,68:FE:71:12:53:8C,-35,11,1,5,1,1,1,0,0,0,0,-94,0,6,1,67753233,0,84,0,0,67.753,384,[84 -64 4 0 0 0 0 0 0 0 0 0 -11 26 -9 27 -10 21 -11 23 -9 27 -9 16 -10 15 -18 18 -11 19 -14 20 -18 14 -17 12 -16 12 -16 17 -14 16 -14 18 -9 15 -14 15 -10 14 -12 12 -9 13 -5 15 -10 14 -6 8 -5 10 -12 14 -2 2 -11 8 -8 14 -6 11 -6 15 -5 12 -1 14 -6 15 -4 8 -2 10 -3 13 -5 16 -4 13 0 9 -5 16 2 13 3 11 -2 13 -2 8 -1 9 5 9 3 8 5 10 2 16 6 15 0 11 4 11 -2 -2 0 0 0 0 0 0 0 0 ]
CSI_DATA,AP,68:FE:71:12:53:8C,-36,11,1,5,1,1,1,1,0,0,0,-95,5,6,1,67853613,0,84,0,0,67.854,384,[84 -64 4 0 0 0 0 0 0 0 0 0 27 -18 30 -17 27 -16 30 -14 25 -16 23 -8 29 -11 27 -12 26 -5 24 -10 29 -5 24 -7 23 -10 20 -8 21 -8 25 -2 17 -5 24 -1 21 -2 21 -7 18 -9 20 -9 13 -1 17 -5 12 -6 15 -10 3 2 17 -9 17 -6 10 -9 15 -10 9 -9 7 -12 10 -11 9 -11 6 -11 10 -13 5 -12 4 -8 5 -10 7 -14 7 -9 9 -8 1 -11 3 -12 0 -9 -1 -8 0 -10 0 -9 0 -13 3 -15 -2 -15 2 -15 -4 1 0 0 0 0 0 0 0 0 ]
CSI_DATA,AP,68:FE:71:12:53:8C,-41,11,1,5,1,1,1,0,0,0,0,-96,0,6,1,67956309,0,84,0,0,67.956,384,[84 -64 4 0 0 0 0 0 0 0 0 0 7 -18 11 -18 9 -25 8 -26 11 -18 8 -20 7 -18 11 -16 11 -20 11 -18 11 -14 11 -19 10 -18 7 -14 8 -12 9 -11 10 -19 5 -10 7 -16 4 -15 13 -11 6 -19 6 -17 10 -16 11 -17 7 -18 -3 2 10 -13 10 -15 6 -17 6 -14 5 -18 5 -17 3 -11 3 -11 4 -12 0 -17 2 -12 -1 -14 2 -13 4 -19 4 -10 1 -16 7 -18 -1 -12 7 -11 1 -15 2 -18 -1 -13 5 -13 3 -15 1 -13 5 -15 -2 -1 0 0 0 0 0 0 0 0 ]
CSI_DATA,AP,68:FE:71:12:53:8C,-35,11,1,6,1,1,1,0,0,0,0,-95,0,6,1,68095890,0,84,0,0,68.096,384,[84 -64 4 0 0 0 0 0 0 0 0 0 18 -14 17 -11 12 -13 16 -10 17 -13 12 -8 14 -9 18 -13 19 -6 20 -8 19 -7 14 -7 20 -13 16 -10 15 -12 18 -8 19 -6 17 -5 15 -7 17 -10 15 -12 20 -7 21 -6 19 -6 15 -5 20 -7 0 -3 20 -8 15 -7 21 -8 20 -13 20 -10 21 -14 17 -11 19 -13 15 -12 12 -14 19 -11 16 -9 17 -10 15 -11 20 -9 17 -14 21 -12 19 -14 14 -10 17 -11 21 -7 21 -8 16 -14 20 -15 20 -16 17 -9 -1 2 0 0 0 0 0 0 0 0 ]
CSI_DATA,AP,68:FE:71:12:53:8C,-36,11,1,6,1,1,1,0,0,0,0,-94,0,6,1,68204261,0,84,0,0,68.204,384,[84 -64 4 0 0 0 0 0 0 0 0 0 10 -16 12 -20 14 -16 16 -14 11 -16 13 -17 9 -18 15 -16 16 -14 16 -11 19 -13 15 -13 15 -18 12 -17 12 -16 19 -17 12 -10 14 -8 12 -7 15 -13 16 -8 12 -10 11 -9 13 -12 18 -16 13 -14 -2 3 9 -7 17 -14 12 -15 13 -9 13 -12 12 -10 7 -10 9 -14 12 -15 12 -10 9 -15 10 -9 9 -15 11 -12 10 -9 8 -11 7 -12 5 -16 11 -18 5 -12 11 -18 6 -13 9 -18 3 -16 8 -10 4 -14 0 -1 0 0 0 0 0 0 0 0 ]
CSI_DATA,AP,68:FE:71:12:53:8C,-32,11,1,7,1,1,1,1,0,0,0,-96,6,6,1,68315291,0,84,0,0,68.315,384,[84 -64 4 0 0 0 0 0 0 0 0 0 7 -22 5 -19 7 -23 7 -20 10 -24 13 -18 10 -20 9 -20 15 -24 13 -25 8 -26 16 -27 17 -19 11 -18 17 -17 18 -26 19 -16 14 -23 11 -21 11 -23 11 -22 12 -23 14 -20 11 -19 16 -25 15 -21 0 1 9 -17 17 -17 10 -21 10 -22 15 -22 12 -21 16 -22 11 -22 13 -21 8 -17 10 -18 10 -21 12 -20 9 -21 13 -18 13 -20 9 -18 4 -25 9 -17 5 -26 11 -23 11 -25 4 -21 6 -25 2 -25 10 -26 -2 3 0 0 0 0 0 0 0 0 ]
CSI_DATA,AP,68:FE:71:12:53:8C,-34,11,1,5,1,1,1,0,0,0,0,-94,0,6,1,68414062,0,84,0,0,68.414,384,[84 -64 4 0 0 0 0 0 0 0 0 0 8 -4 8 1 6 4 13 1 12 3 6 3 9 -4 10 1 10 2 11 5 11 0 13 1 13 -1 6 3 13 -1 13 0 11 0 6 6 8 2 6 3 8 -2 8 3 4 4 6 -1 8 -1 10 1 0 2 9 6 5 4 12 -3 13 4 7 -1 8 3 8 -3 10 3 10 3 12 2 13 -1 8 1 11 -3 12 3 5 3 5 1 10 -2 9 0 6 2 11 -3 5 -2 7 2 11 -1 9 -5 9 -1 4 1 0 -4 0 0 0 0 0 0 0 0 ]
CSI_DATA,AP,68:FE:71:12:53:8C,-39,11,1,4,1,1,1,0,0,0,0,-94,0,6,1,68485398,0,84,0,0,68.485,384,[84 -64 4 0 0 0 0 0 0 0 0 0 7 -8 14 -7 9 -8 10 -6 16 -4 15 -3 8 -10 11 -6 9 -7 10 -5 12 -10 16 -7 14 -3 16 -8 17 -8 17 -2 12 -1 15 -6 17 -5 11 0 11 -1 16 -6 8 -4 12 0 17 -1 11 -6 -2 0 16 -3 10 -8 12 -7 17 -7 16 -4 17 -2 14 -5 16 -3 14 -7 11 -6 16 -8 12 -8 11 -7 9 -9 11 -3 11 -9 11 -2 14 -9 8 -10 14 -8 8 -11 14 -7 11 -8 15 -7 9 -8 7 -6 -4 -4 0 0 0 0 0 0 0 0 ]
CSI_DATA,AP,68:FE:71:12:53:8C,-36,11,1,7,1,1,1,0,0,0,0,-96,0,6,1,68591694,0,84,0,0,68.592,384,[84 -64 4 0 0 0 0 0 0 0 0 0 1 12 2 15 -2 10 -3 14 1 12 2 12 1 12 0 6 1 11 -1 12 1 6 -4 11 -6 6 2 14 0 10 1 8 -7 12 1 8 -7 4 1 8 -3 10 1 9 0 4 -3 11 0 9 1 9 2 0 -2 7 0 8 -4 8 -5 9 -1 5 -3 5 -4 8 -2 8 -2 12 -3 6 0 10 -5 9 -1 8 -3 10 -1 4 -3 6 -2 7 -2 9 -2 9 3 6 -1 4 4 4 5 3 2 8 -2 6 -3 3 2 -4 0 0 0 0 0 0 0 0 ]
CSI_DATA,AP,68:FE:71:12:53:8C,-36,11,1,6,1,1,1,0,0,0,0,-95,0,6,1,68683726,0,84,0,0,68.684,384,[84 -64 4 0 0 0 0 0 0 0 0 0 9 14 3 15 6 17 8 19 4 16 3 17 9 15 7 16 1 22 4 18 3 22 2 18 4 18 -2 20 5 21 -2 15 1 14 6 14 6 19 3 13 4 14 -2 14 3 15 3 19 -2 12 -2 14 -2 0 0 18 5 14 3 17 4 14 4 19 1 15 6 18 5 12 0 12 3 12 2 10 6 10 8 13 6 15 4 15 6 14 7 16 8 14 11 17 5 12 7 13 5 9 7 14 6 11 11 13 11 10 3 1 0 0 0 0 0 0 0 0 ]
CSI_DATA,AP,68:FE:71:12:53:8C,-37,11,1,6,1,1,1,1,0,0,0,-93,1,6,1,68792082,0,82,0,0,68.792,384,[84 -64 4 0 0 0 0 0 0 0 0 0 -13 -10 -15 -15 -14 -20 -12 -14 -10 -19 -7 -12 -12 -15 -7 -16 -5 -17 -5 -21 -5 -18 -4 -19 -3 -18 -8 -21 -6 -15 -5 -20 -10 -14 -3 -19 -3 -19 -10 -15 -4 -15 -2 -15 -3 -17 -6 -17 -3 -11 -4 -18 -4 -3 -9 -10 -11 -15 -3 -11 -5 -16 -9 -14 -4 -12 -11 -16 -7 -10 -9 -15 -7 -8 -12 -13 -9 -10 -7 -11 -5 -10 -6 -15 -6 -9 -9 -9 -13 -13 -13 -11 -15 -14 -12 -13 -15 -12 -14 -10 -16 -8 -15 -14 -14 -10 -4 3 0 0 0 0 0 0 0 0 ]
CSI_DATA,AP,68:FE:71:12:53:8C,-32,11,1,6,1,1,1,0,0,0,1,-93,0,6,1,68886080,0,84,0,0,68.886,384,[84 -64 4 0 0 0 0 0 0 0 0 0 7 -24 5 -23 10 -17 8 -22 11 -19 10 -22 14 -21 7 -22 9 -17 8 -19 15 -18 16 -18 14 -17 10 -13 17 -19 11 -14 12 -11 15 -18 12 -18 16 -16 12 -13 10 -15 15 -17 13 -15 14 -14 10 -16 4 -2 14 -16 14 -12 10 -18 12 -14 7 -13 11 -14 12 -17 7 -16 10 -14 7 -12 10 -15 8 -16 7 -19 8 -16 7 -13 3 -11 3 -14 9 -19 9 -13 9 -15 5 -17 1 -16 1 -15 8 -18 6 -20 6 -18 -3 1 0 0 0 0 0 0 0 0 ]
CSI_DATA,AP,68:FE:71:12:53:8C,-33,11,1,6,1,1,1,0,0,0,0,-95,0,6,1,68984234,0,84,0,0,68.984,384,[84 -64 4 0 0 0 0 0 0 0 0 0 -22 2 -18 -7 -20 -1 -24 -5 -24 -4 -19 -7 -20 -3 -23 -7 -19 -4 -25 -5 -19 -8 -22 -7 -23 -8 -19 -10 -23 -6 -18 -9 -18 -6 -19 -6 -23 -9 -16 -3 -19 -6 -22 -9 -14 -5 -16 -11 -20 -3 -14 -3 1 2 -14 -4 -19 -2 -18 -7 -19 -2 -17 -2 -19 -4 -18 -3 -21 -3 -19 -4 -19 -5 -13 -5 -16 2 -17 1 -19 -1 -18 1 -22 0 -19 3 -17 2 -21 4 -16 2 -15 2 -14 -4 -22 1 -21 1 -15 -1 -19 -2 -3 0 0 0 0 0 0 0 0 0 ]
CSI_DATA,AP,68:FE:71:12:53:8C,-39,11,1,4,1,1,1,0,0,0,0,-93,0,6,1,69093396,0,84,0,0,69.093,384,[84 -64 4 0 0 0 0 0 0 0 0 0 -6 18 -11 22 -8 22 -7 17 -6 18 -10 19 -7 15 -8 18 -12 12 -11 15 -11 15 -12 16 -11 13 -13 12 -13 12 -13 18 -11 11 -9 15 -15 17 -8 13 -7 15 -10 14 -6 13 -8 10 -9 11 -8 15 4 -3 -14 16 -5 14 -7 13 -7 11 -9 15 -6 10 -10 9 -10 17 -10 15 -7 15 -6 13 -3 12 -6 10 -1 17 -6 17 -5 11 -8 13 -4 15 -5 13 -2 13 -1 16 -8 17 -6 19 -4 18 -4 12 0 18 4 -2 0 0 0 0 0 0 0 0 ]
CSI_DATA,AP,68:FE:71:12:53:8C,-41,11,1,6,1,1,1,0,0,0,0,-95,0,6,1,69193744,0,84,0,0,69.194,384,[84 -64 4 0 0 0 0 0 0 0 0 0 8 41 5 37 3 38 1 42 -5 40 1 40 -5 41 -3 39 -10 41 -5 36 -9 39 -3 44 -4 38 -6 39 -10 41 -9 41 -11 40 -10 31 -8 36 -8 39 -12 34 -12 31 -4 34 -9 39 -13 39 -7 35 -3 1 -3 33 -10 37 -2 31 -5 33 -7 30 -4 37 -5 31 -3 32 1 34 4 30 2 37 1 32 4 35 1 37 -4 33 2 36 4 37 8 34 8 36 8 29 8 31 0 29 5 34 5 37 5 31 6 32 3 0 0 0 0 0 0 0 0 0 ]
CSI_DATA,AP,68:FE:71:12:53:8C,-32,11,1,6,1,1,1,0,0,0,0,-94,0,6,1,69304597,0,84,0,0,69.305,384,[84 -64 4 0 0 0 0 0 0 0 0 0 15 -2 15 0 19 4 22 -1 18 5 19 6 20 8 15 9 19 2 21 4 15 10 20 10 20 6 21 7 19 3 18 5 20 11 14 8 17 7 15 3 16 6 13 2 11 4 15 5 11 4 15 4 3 1 12 9 13 2 14 3 15 -1 17 4 17 3 17 7 16 1 17 0 18 5 16 6 17 -2 13 0 16 -2 12 2 11 4 15 -3 19 4 18 -2 18 -5 15 -4 18 -2 18 -4 20 -1 16 -3 16 -1 -1 3 0 0 0 0 0 0 0 0 ]
CSI_DATA,AP,68:FE:71:12:53:8C,-37,11,1,7,1,1,1,0,0,0,0,-94,0,6,1,69399365,0,84,0,0,69.399,384,[84 -64 4 0 0 0 0 0 0 0 0 0 -18 5 -21 8 -16 8 -20 9 -21 8 -23 2 -24 7 -20 7 -17 5 -18 3 -19 3 -24 -2 -18 5 -22 4 -15 -2 -20 -2 -17 5 -14 4 -15 6 -17 2 -18 2 -16 0 -13 2 -21 6 -20 6 -14 2 0 -4 -21 0 -22 0 -22 1 -13 7 -13 1 -19 0 -21 4 -19 5 -14 8 -13 6 -12 7 -14 8 -16 6 -14 9 -18 7 -18 4 -11 3 -15 4 -12 7 -18 10 -17 10 -13 11 -18 4 -14 10 -18 11 -12 12 4 2 0 0 0 0 0 0 0 0 ]
CSI_DATA,AP,68:FE:71:12:53:8C,-39,11,1,5,1,1,1,0,0,0,0,-93,0,6,1,69502025,0,84,0,0,69.502,384,[84 -64 4 0 0 0 0 0 0 0 0 0 -4 22 1 19 -2 18 -1 22 -7 17 -2 16 -6 19 -9 21 -6 16 -6 17 -9 19 -10 15 -8 13 -5 13 -4 15 -7 18 -9 16 -8 16 -5 15 -8 17 -3 19 -9 13 -3 10 -6 18 -4 15 -7 17 4 -4 -4 14 -1 16 -8 13 -8 14 -2 12 -1 10 0 11 0 17 1 17 -2 12 -6 10 -4 11 0 17 2 14 1 17 -3 15 3 18 1 18 0 15 -1 13 -1 15 3 16 0 17 -1 15 2 11 0 16 -1 0 0 0 0 0 0 0 0 0 ]
CSI_DATA,AP,68:FE:71:12:53:8C,-39,11,1,5,1,1,1,0,0,0,0,-96,0,6,1,69622049,0,84,0,0,69.622,384,[84 -64 4 0 0 0 0 0 0 0 0 0 -12 20 -8 19 -8 14 -12 19 -16 15 -16 18 -15 13 -10 12 -12 12 -13 14 -14 9 -17 11 -9 13 -9 15 -12 8 -16 12 -14 9 -9 8 -14 8 -11 10 -10 7 -16 11 -16 14 -11 14 -12 10 -12 10 4 -2 -10 10 -13 14 -12 7 -13 7 -11 10 -10 6 -12 14 -5 10 -5 15 -13 12 -10 9 -10 15 -10 13 -12 15 -11 10 -10 10 -7 8 -11 9 -12 13 -6 13 -3 17 -5 14 -3 10 -6 17 -8 11 -2 12 -1 -2 0 0 0 0 0 0 0 0 ]
CSI_DATA,AP,68:FE:71:12:53:8C,-38,11,1,6,1,1,1,0,0,0,0,-96,0,6,1,69714660,0,84,0,0,69.715,384,[84 -64 4 0 0 0 0 0 0 0 0 0 4 -19 10 -16 7 -20 9 -20 5 -13 8 -15 11 -13 12 -14 6 -17 9 -16 9 -11 7 -14 10 -12 13 -10 12 -16 9 -13 8 -13 7 -10 9 -8 7 -9 14 -13 8 -15 14 -13 14 -10 11 -16 5 -8 1 3 13 -14 8 -14 6 -9 7 -9 7 -10 10 -13 12 -9 8 -10 3 -11 10 -16 9 -11 4 -14 8 -10 6 -10 7 -10 9 -17 2 -14 7 -17 10 -11 6 -16 2 -16 1 -11 1 -10 4 -16 7 -10 7 -17 4 2 0 0 0 0 0 0 0 0 ]
CSI_DATA,AP,68:FE:71:12:53:8C,-36,11,1,6,1,1,1,1,0,0,0,-94,5,6,1,69824123,0,84,0,0,69.824,384,[84 -64 4 0 0 0 0 0 0 0 0 0 -19 -4 -17 -9 -23 -12 -17 -14 -21 -13 -16 -8 -19 -15 -14 -7 -18 -10 -16 -15 -16 -17 -16 -17 -17 -11 -16 -10 -13 -10 -18 -12 -16 -9 -17 -16 -11 -17 -13 -11 -14 -13 -14 -16 -15 -15 -14 -10 -13 -14 -11 -13 2 4 -17 -9 -17 -13 -12 -12 -11 -12 -17 -7 -9 -13 -12 -12 -16 -6 -14 -12 -18 -5 -13 -12 -11 -6 -12 -5 -12 -5 -13 -8 -16 -7 -14 -7 -17 -7 -17 -11 -11 -7 -13 -9 -11 -11 -15 -9 -14 -10 -11 -5 -17 -7 -1 4 0 0 0 0 0 0 0 0 ]
CSI_DATA,AP,68:FE:71:12:53:8C,-33,11,1,7,1,1,1,1,0,0,0,-94,4,6,1,69919883,0,84,0,0,69.92,384,[84 -64 4 0 0 0 0 0 0 0 0 0 -33 -23 -35 -19 -34 -20 -32 -25 -36 -24 -33 -27 -34 -24 -33 -27 -31 -23 -25 -24 -27 -29 -26 -28 -29 -23 -24 -28 -27 -26 -29 -29 -26 -28 -20 -22 -26 -30 -28 -28 -22 -30 -24 -28 -22 -29 -20 -27 -25 -25 -26 -23 -2 -1 -22 -24 -29 -24 -24 -21 -25 -21 -24 -21 -26 -24 -28 -27 -26 -21 -28 -23 -23 -19 -26 -19 -25 -19 -24 -14 -27 -20 -26 -14 -28 -18 -31 -21 -31 -18 -27 -10 -31 -14 -26 -18 -24 -16 -32 -12 -33 -11 -32 -17 -30 -11 -3 -2 0 0 0 0 0 0 0 0 ]
CSI_DATA,AP,68:FE:71:12:53:8C,-40,11,1,5,1,1,1,0,0,0,0,-95,0,6,1,70032025,0,84,0,0,70.032,384,[84 -64 4 0 0 0 0 0 0 0 0 0 5 11 11 15 5 17 6 20 10 12 10 19 9 13 11 12 6 13 8 18 4 18 7 15 1 21 1 19 4 19 1 13 6 19 5 18 5 15 4 18 5 16 3 18 2 16 2 18 6 13 7 17 -3 1 1 10 5 14 3 16 7 8 6 10 10 12 2 14 3 12 5 14 7 15 5 9 2 16 9 14 4 14 7 15 9 13 9 12 7 14 9 7 14 13 7 13 10 8 13 12 5 15 13 13 7 11 -1 1 0 0 0 0 0 0 0 0 ]
CSI_DATA,AP,68:FE:71:12:53:8C,-32,11,1,7,1,1,1,0,0,0,0,-95,0,6,1,70136640,0,84,0,0,70.137,384,[84 -64 4 0 0 0 0 0 0 0 0 0 15 14 15 14 15 18 8 13 15 18 8 14 12 16 13 16 9 14 8 11 11 18 6 14 6 15 6 12 7 19 2 16 6 11 10 11 3 12 7 12 7 13 2 17 7 15 2 14 7 11 9 16 2 -1 7 14 3 15 10 15 6 12 9 9 6 13 7 10 11 8 11 8 9 8 9 15 8 8 12 10 4 12 11 14 8 15 9 10 8 7 5 10 13 8 8 9 10 13 14 10 8 10 7 11 6 12 2 -1 0 0 0 0 0 0 0 0 ]
CSI_DATA,AP,68:FE:71:12:53:8C,-33,11,1,6,1,1,1,0,0,0,0,-94,0,6,1,70221460,0,84,0,0,70.221,384,[84 -64 4 0 0 0 0 0 0 0 0 0 10 -18 14 -18 9 -20 12 -14 13 -16 11 -18 16 -19 10 -15 13 -18 13 -17 11 -13 18 -17 16 -11 14 -14 18 -14 16 -16 14 -15 17 -12 10 -12 11 -13 14 -9 16 -12 12 -13 12 -9 8 -8 14 -15 3 -3 13 -8 11 -11 15 -16 12 -10 7 -9 7 -13 11 -12 12 -16 6 -12 14 -16 10 -16 10 -10 6 -11 8 -9 7 -13 12 -16 8 -18 7 -12 5 -15 9 -11 8 -17 6 -12 6 -11 6 -14 8 -17 7 -15 3 2 0 0 0 0 0 0 0 0 ]
CSI_DATA,AP,68:FE:71:12:53:8C,-38,11,1,6,1,1,1,0,0,0,0,-93,0,6,1,70324870,0,84,0,0,70.325,384,[84 -64 4 0 0 0 0 0 0 0 0 0 18 -4 18 -1 19 -5 15 -3 13 -9 18 -2 19 0 12 1 15 -3 20 -1 13 -1 16 2 20 0 15 2 20 -1 17 2 12 -1 14 -5 14 -2 17 2 19 2 11 3 17 -4 13 -2 14 -3 15 -2 -1 4 10 2 10 0 13 -7 12 -5 10 -4 13 -3 11 -5 18 -3 9 -2 12 -6 15 -5 8 -2 11 -3 15 -1 14 -7 15 -4 10 -4 9 -5 14 -8 10 -9 14 -6 9 -4 13 -11 8 -7 13 -7 14 -4 1 -2 0 0 0 0 0 0 0 0 ]
CSI_DATA,AP,68:FE:71:12:53:8C,-35,11,1,6,1,1,1,0,0,0,0,-94,0,6,1,70391858,0,84,0,0,70.392,384,[84 -64 4 0 0 0 0 0 0 0 0 0 4 33 3 41 2 36 -2 43 -3 42 -2 34 -2 36 -1 37 -9 35 -4 39 -9 41 -9 34 -8 32 -4 36 -5 33 -9 33 -8 37 -6 35 -11 37 -6 35 -10 33 -10 32 -9 32 -4 36 -8 34 -4 27 2 -1 -6 32 -9 30 -8 29 -6 32 -8 30 0 32 -1 34 -4 28 -2 30 5 30 1 26 -1 32 3 33 4 31 -3 28 5 29 -1 33 3 30 6 33 8 31 2 30 1 34 8 26 10 33 10 28 3 27 2 4 0 0 0 0 0 0 0 0 ]
CSI_DATA,AP,68:FE:71:12:53:8C,-31,11,1,6,1,1,1,0,0,0,0,-95,0,6,1,70473323,0,84,0,0,70.473,384,[84 -64 4 0 0 0 0 0 0 0 0 0 19 -9 13 -16 15 -12 21 -7 15 -9 21 -11 18 -8 16 -6 16 -6 16 -7 17 -8 17 -11 21 -8 18 -10 18 -10 19 -5 20 -3 16 -3 13 -2 15 -3 14 -5 12 -2 17 -9 13 -2 14 -9 19 -8 0 3 18 -2 12 -9 18 -6 14 -11 11 -6 12 -6 18 -5 13 -11 10 -12 11 -12 14 -10 17 -12 12 -12 12 -11 14 -12 12 -8 12 -10 14 -6 15 -7 10 -9 16 -7 8 -13 7 -13 8 -7 15 -12 13 -14 -4 -1 0 0 0 0 0 0 0 0 ]
CSI_DATA,AP,68:FE:71:12:53:8C,-35,11,1,7,1,1,1,1,0,0,0,-94,6,6,1,70590439,0,84,0,0,70.59,384,[84 -64 4 0 0 0 0 0 0 0 0 0 1 -25 2 -22 2 -21 2 -25 -5 -19 -2 -18 6 -21 7 -18 1 -22 6 -18 0 -19 4 -22 7 -20 3 -24 2 -18 5 -22 3 -20 5 -15 1 -21 8 -18 0 -19 2 -21 3 -12 4 -22 7 -18 7 -20 3 -4 7 -16 2 -21 6 -16 0 -17 6 -15 6 -17 -2 -16 -1 -20 4 -15 1 -17 4 -14 2 -15 2 -13 -4 -14 -4 -13 -3 -14 -5 -19 -1 -20 -6 -19 -1 -21 0 -16 -1 -20 -6 -20 -3 -20 -6 -20 -7 -17 -2 4 0 0 0 0 0 0 0 0 ]
CSI_DATA,AP,68:FE:71:12:53:8C,-38,11,0,0,0,0,0,0,0,0,0,-93,0,6,1,70676292,0,37,0,0,70.676,128,[84 -64 4 0 0 0 0 0 0 0 0 0 15 -15 14 -14 16 -6 23 -7 22 -9 18 -9 21 -8 19 -4 21 -10 18 -5 22 -5 21 -9 23 -2 22 -9 21 -5 16 -2 14 1 19 1 13 -1 21 -3 20 -5 19 -2 11 -4 18 -1 15 -6 14 -5 -4 -4 12 -2 17 -4 13 0 15 -6 11 -6 18 -4 15 -3 13 -7 17 -8 17 -4 14 -6 12 -3 11 -10 12 -9 16 -5 11 -7 18 -11 11 -10 10 -10 11 -9 18 -5 18 -6 16 -11 17 -8 15 -13 17 -7 0 -2 0 0 0 0 0 0 0 0 ]
CSI_DATA,AP,68:FE:71:12:53:8C,-40,11,1,4,1,1,1,0,0,0,0,-94,0,6,1,70777289,0,84,0,0,70.777,384,[84 -64 4 0 0 0 0 0 0 0 0 0 -15 -9 -19 -6 -21 -11 -16 -13 -21 -15 -16 -7 -17 -8 -16 -15 -16 -9 -17 -14 -15 -9 -18 -8 -21 -9 -21 -12 -15 -10 -16 -10 -17 -15 -15 -9 -13 -11 -12 -16 -17 -8 -14 -9 -17 -13 -16 -16 -14 -9 -17 -16 4 0 -16 -13 -15 -11 -19 -10 -12 -14 -10 -14 -12 -8 -12 -8 -19 -5 -12 -6 -15 -4 -19 -10 -11 -9 -11 -4 -13 -4 -14 -12 -18 -6 -18 -8 -17 -10 -19 -3 -19 -7 -17 -9 -20 -10 -16 -1 -20 -6 -18 -1 -19 0 -4 -3 0 0 0 0 0 0 0 0 ]
CSI_DATA,AP,68:FE:71:12:53:8C,-39,11,1,5,1,1,1,0,0,0,0,-94,0,6,1,70895274,0,84,0,0,70.895,384,[84 -64 4 0 0 0 0 0 0 0 0 0 -23 1 -19 -4 -20 -2 -24 2 -27 -2 -24 -3 -26 -5 -19 -1 -22 -9 -22 -2 -21 -3 -26 -9 -20 -9 -24 -11 -15 -4 -21 -11 -22 -10 -17 -3 -16 -11 -20 -10 -16 -11 -23 -9 -15 -9 -19 -3 -20 -8 -23 -3 2 -2 -15 -6 -21 -4 -21 -3 -15 -3 -18 -5 -16 -7 -16 -2 -17 -7 -19 1 -20 1 -14 -2 -16 1 -16 -3 -20 -3 -15 -2 -14 -1 -15 -1 -20 -3 -17 2 -20 5 -14 5 -18 0 -18 -1 -18 0 -22 6 -17 -1 0 -4 0 0 0 0 0 0 0 0 ]
CSI_DATA,AP,68:FE:71:12:53:8C,-33,11,1,7,1,1,1,0,0,0,0,-93,0,6,1,71006156,0,84,0,0,71.006,384,[84 -64 4 0 0 0 0 0 0 0 0 0 -24 -13 -22 -9 -18 -11 -23 -16 -17 -16 -16 -15 -18 -15 -13 -15 -13 -13 -19 -15 -16 -13 -19 -17 -19 -15 -20 -15 -18 -18 -18 -13 -16 -11 -16 -12 -18 -14 -15 -17 -15 -12 -12 -14 -11 -16 -11 -9 -11 -15 -17 -9 3 1 -14 -12 -17 -16 -13 -8 -12 -10 -13 -15 -11 -16 -18 -14 -15 -14 -17 -7 -10 -6 -18 -12 -14 -11 -15 -12 -17 -9 -15 -7 -15 -10 -15 -6 -15 -12 -17 -4 -16 -8 -14 -7 -19 -8 -15 -4 -17 -6 -14 -3 -19 -4 1 2 0 0 0 0 0 0 0 0 ]
CSI_DATA,AP,68:FE:71:12:53:8C,-35,11,1,6,1,1,1,0,0,0,0,-94,0,6,1,71117011,0,84,0,0,71.117,384,[84 -64 4 0 0 0 0 0 0 0 0 0 17 -19 14 -16 17 -13 17 -20 18 -12 16 -9 16 -14 14 -9 16 -11 16 -10 14 -14 15 -17 19 -11 16 -15 14 -14 15 -10 18 -6 14 -14 18 -10 18 -7 19 -12 17 -10 12 -6 13 -12 16 -11 19 -7 0 -4 12 -13 15 -9 10 -9 17 -15 15 -13 17 -14 16 -8 11 -14 14 -9 12 -9 16 -14 8 -10 15 -15 9 -11 15 -13 15 -12 11 -17 8 -13 14 -10 9 -11 14 -15 10 -15 12 -17 10 -13 11 -17 12 -18 4 3 0 0 0 0 0 0 0 0 ]
CSI_DATA,AP,68:FE:71:12:53:8C,-40,11,1,6,1,1,1,0,0,0,0,-93,0,6,1,71241829,0,84,0,0,71.242,384,[84 -64 4 0 0 0 0 0 0 0 0 0 -3 17 -3 24 1 23 -7 18 -6 19 -5 21 -5 18 -9 17 -11 22 -7 19 -5 22 -5 15 -11 16 -10 22 -8 15 -6 22 -7 21 -5 20 -5 15 -3 16 -4 16 -7 14 -5 17 -6 19 -9 13 -11 13 3 -1 -6 16 -3 21 -3 19 -8 14 -7 16 0 12 -2 14 -2 18 -4 13 1 19 -3 15 2 19 0 15 -3 18 3 18 -4 19 0 19 4 17 -2 17 -1 13 -4 21 0 12 0 13 2 21 3 15 4 14 3 4 0 0 0 0 0 0 0 0 ]
CSI_DATA,AP,68:FE:71:12:53:8C,-32,11,1,6,1,1,1,0,0,0,0,-95,0,6,1,71354679,0,84,0,0,71.355,384,[84 -64 4 0 0 0 0 0 0 0 0 0 -10 12 -15 19 -11 16 -16 13 -18 11 -13 12 -20 12 -19 12 -18 12 -20 10 -19 13 -22 11 -19 13 -17 12 -16 8 -20 9 -13 8 -15 8 -18 9 -21 5 -14 11 -13 10 -13 6 -16 8 -16 7 -11 7 -3 -2 -13 12 -13 8 -17 10 -15 12 -15 14 -12 9 -14 11 -10 10 -11 13 -14 13 -16 12 -16 12 -13 15 -11 14 -9 9 -16 10 -12 17 -10 12 -14 10 -8 18 -13 11 -13 14 -12 17 -13 19 -13 13 -11 18 3 -4 0 0 0 0 0 0 0 0 ]
CSI_DATA,AP,68:FE:71:12:53:8C,-38,11,1,6,1,1,1,0,0,0,0,-96,0,6,1,71462321,0,84,0,0,71.462,384,[84 -64 4 0 0 0 0 0 0 0 0 0 9 -19 10 -20 16 -16 18 -15 12 -21 14 -14 19 -12 15 -14 17 -16 20 -17 17 -17 19 -16 21 -15 17 -9 14 -9 15 -12 18 -7 16 -12 12 -8 16 -11 18 -7 19 -15 13 -9 14 -10 19 -13 19 -12 -4 -1 16 -15 10 -12 13 -16 8 -11 13 -15 11 -17 14 -8 15 -15 11 -9 9 -10 14 -14 12 -16 10 -12 14 -17 10 -14 10 -15 11 -11 10 -19 7 -12 8 -16 7 -16 7 -13 12 -17 6 -16 6 -15 4 -16 3 -4 0 0 0 0 0 0 0 0 ]
CSI_DATA,AP,68:FE:71:12:53:8C,-31,11,1,6,1,1,1,1,0,0,0,-94,2,6,1,71545601,0,84,0,0,71.546,384,[84 -64 4 0 0 0 0 0 0 0 0 0 12 -12 14 -11 17 -14 21 -17 15 -18 15 -8 12 -11 18 -11 20 -12 18 -8 14 -9 19 -7 19 -12 21 -7 12 -6 14 -13 20 -4 12 -11 15 -8 21 -11 13 -10 13 -11 15 -10 14 -6 21 -5 14 -9 2 3 14 -11 14 -10 17 -11 16 -8 11 -10 15 -12 15 -5 15 -5 10 -8 17 -11 8 -9 14 -7 15 -11 11 -14 9 -13 11 -11 10 -10 12 -12 9 -14 7 -15 7 -15 11 -11 10 -13 8 -17 12 -12 9 -10 4 4 0 0 0 0 0 0 0 0 ]
CSI_DATA,AP,68:FE:71:12:53:8C,-34,11,1,7,1,1,1,0,0,0,0,-94,0,6,1,71676561,0,84,0,0,71.677,384,[84 -64 4 0 0 0 0 0 0 0 0 0 -13 -14 -12 -13 -7 -18 -11 -20 -8 -18 -12 -16 -4 -21 -3 -15 -11 -23 -7 -20 -6 -19 -4 -19 -3 -20 -3 -21 -5 -18 -6 -18 -6 -22 -6 -17 -7 -20 -9 -18 -9 -19 -1 -15 -7 -13 0 -17 -7 -15 -1 -16 1 2 -6 -21 -2 -13 -7 -14 -7 -12 -3 -12 -8 -13 -3 -16 -12 -12 -8 -15 -8 -18 -10 -11 -5 -14 -5 -14 -8 -13 -5 -13 -11 -16 -10 -14 -14 -18 -8 -11 -8 -11 -10 -14 -13 -17 -6 -14 -11 -14 -7 -12 -6 -16 -3 -2 0 0 0 0 0 0 0 0 ]
CSI_DATA,AP,68:FE:71:12:53:8C,-39,11,1,6,1,1,1,0,0,0,0,-96,0,6,1,71791259,0,84,0,0,71.791,384,[84 -64 4 0 0 0 0 0 0 0 0 0 2 -24 5 -25 4 -20 5 -27 8 -16 6 -24 5 -23 7 -17 3 -23 3 -19 5 -23 7 -18 6 -17 6 -23 4 -17 7 -20 11 -20 8 -14 7 -13 9 -17 6 -12 4 -19 3 -11 11 -13 9 -13 5 -13 1 -2 8 -13 10 -18 2 -21 5 -14 4 -19 3 -13 6 -19 1 -18 7 -17 -1 -19 5 -16 2 -20 2 -16 -2 -15 5 -13 3 -17 5 -20 5 -18 4 -13 5 -17 3 -21 3 -19 4 -14 -1 -14 1 -13 3 -15 -3 4 0 0 0 0 0 0 0 0 ]
CSI_DATA,AP,68:FE:71:12:53:8C,-36,11,1,7,1,1,1,1,0,0,0,-94,3,6,1,71916992,0,82,0,0,71.917,384,[84 -64 4 0 0 0 0 0 0 0 0 0 17 -3 18 -3 19 5 22 2 24 3 19 5 20 1 21 6 21 5 18 2 15 9 21 9 15 8 15 7 19 8 23 4 16 3 16 5 16 8 13 7 18 4 17 7 14 10 12 2 18 3 18 2 3 4 15 8 15 2 19 2 18 4 13 2 16 -1 13 7 15 4 16 5 12 2 13 4 15 -3 20 1 15 4 16 -4 15 -1 20 3 20 2 18 -1 12 -2 17 3 16 -2 19 -4 15 -7 12 -5 18 -4 -2 -1 0 0 0 0 0 0 0 0 ]
CSI_DATA,AP,68:FE:71:12:53:8C,-36,11,1,6,1,1,1,0,0,0,0,-94,0,6,1,72011653,0,84,0,0,72.012,384,[84 -64 4 0 0 0 0 0 0 0 0 0 2 -18 0 -23 3 -25 5 -22 1 -25 5 -24 1 -17 1 -20 3 -17 8 -22 3 -20 7 -24 1 -20 3 -20 2 -23 8 -16 5 -20 8 -20 10 -16 8 -14 2 -21 4 -16 2 -15 7 -17 3 -19 6 -21 -3 4 6 -18 7 -20 4 -17 -1 -21 5 -17 1 -14 3 -19 1 -17 0 -17 4 -16 0 -20 -2 -13 -2 -20 1 -20 -1 -15 2 -18 3 -17 0 -16 4 -21 0 -17 2 -15 -4 -14 -6 -13 -6 -16 -2 -17 -2 -16 -1 -3 0 0 0 0 0 0 0 0 ]
CSI_DATA,AP,68:FE:71:12:53:8C,-30,11,1,7,1,1,1,1,0,0,0,-95,3,6,1,72106767,0,84,0,0,72.107,384,[84 -64 4 0 0 0 0 0 0 0 0 0 -14 -19 -16 -15 -13 -16 -12 -16 -15 -18 -13 -19 -11 -21 -13 -13 -9 -14 -13 -21 -13 -14 -16 -15 -15 -22 -8 -20 -7 -17 -12 -16 -8 -17 -9 -21 -12 -13 -10 -13 -13 -13 -11 -17 -6 -12 -8 -12 -7 -13 -7 -12 0 0 -10 -19 -9 -11 -14 -11 -16 -13 -8 -10 -6 -11 -13 -13 -10 -16 -12 -10 -15 -12 -16 -11 -13 -16 -15 -13 -14 -14 -11 -9 -12 -15 -9 -16 -12 -10 -16 -15 -11 -12 -10 -10 -15 -8 -18 -6 -15 -9 -15 -13 -12 -7 1 4 0 0 0 0 0 0 0 0 ]
CSI_DATA,AP,68:FE:71:12:53:8C,-37,11,1,6,1,1,1,0,0,0,0,-96,0,6,1,72228850,0,84,0,0,72.229,384,[84 -64 4 0 0 0 0 0 0 0 0 0 -18 0 -24 0 -21 -2 -21 -5 -24 -7 -22 -4 -21 -2 -17 -5 -18 -4 -17 -2 -24 -2 -20 -5 -25 -4 -20 -3 -15 -5 -17 -11 -20 -2 -16 -3 -19 -11 -18 -6 -21 -10 -15 -3 -19 -5 -14 -11 -15 -4 -20 -3 0 -2 -19 -2 -15 -2 -14 -4 -17 -1 -18 -7 -21 -8 -14 -6 -15 -4 -19 -6 -12 -3 -21 -1 -16 1 -15 -3 -17 -6 -13 -4 -18 -1 -20 -1 -14 -3 -20 2 -13 -3 -17 -2 -15 -2 -19 1 -20 0 -19 4 -13 1 2 2 0 0 0 0 0 0 0 0 ]
CSI_DATA,AP,68:FE:71:12:53:8C,-40,11,1,4,1,1,1,0,0,0,0,-94,0,6,1,72335054,0,84,0,0,72.335,384,[84 -64 4 0 0 0 0 0 0 0 0 0 -19 15 -18 13 -14 14 -21 10 -20 13 -20 10 -21 12 -17 11 -19 10 -19 12 -21 6 -17 9 -20 9 -21 13 -17 12 -15 13 -16 11 -14 11 -19 8 -14 7 -17 8 -13 6 -14 4 -20 11 -18 4 -17 9 -4 0 -15 12 -19 7 -13 5 -10 5 -14 6 -19 10 -12 8 -13 5 -15 13 -17 10 -10 7 -11 12 -16 13 -11 14 -17 15 -16 11 -13 12 -16 9 -13 7 -8 15 -14 11 -10 7 -13 12 -9 18 -8 13 -9 17 4 -2 0 0 0 0 0 0 0 0 ]
CSI_DATA,AP,68:FE:71:12:53:8C,-34,11,1,6,1,1,1,0,0,0,0,-95,0,6,1,72440288,0,84,0,0,72.44,384,[84 -64 4 0 0 0 0 0 0 0 0 0 -2 23 -3 17 1 20 0 20 -9 16 -7 17 -7 23 -11 21 -10 17 -8 21 -6 15 -4 20 -5 21 -4 17 -10 16 -5 19 -8 14 -10 15 -7 12 -9 12 -9 20 -8 20 -6 14 -10 15 -7 14 -11 17 3 2 -3 17 -7 15 -2 17 -1 18 -3 13 -6 19 -4 13 -8 14 -8 18 -6 13 0 17 0 18 -4 13 -3 20 0 11 0 21 -4 13 -1 19 0 19 -4 18 -2 15 -4 15 3 11 -2 16 -1 13 -3 13 -4 4 0 0 0 0 0 0 0 0 ]
CSI_DATA,AP,68:FE:71:12:53:8C,-38,11,1,6,1,1,1,0,0,0,0,-94,0,6,1,72536328,0,84,0,0,72.536,384,[84 -64 4 0 0 0 0 0 0 0 0 0 14 8 18 10 22 13 16 14 12 16 15 18 18 14 16 10 14 11 16 11 13 17 15 13 14 15 13 16 10 19 14 13 15 17 10 10 11 12 15 16 9 12 13 13 13 14 14 18 7 14 12 11 -1 3 14 11 8 11 10 17 13 11 6 12 8 9 11 10 13 12 11 10 11 9 13 9 13 11 11 15 14 7 12 6 9 11 12 8 12 6 16 10 17 7 14 9 13 10 17 6 14 11 15 11 16 12 -1 2 0 0 0 0 0 0 0 0 ]
CSI_DATA,AP,68:FE:71:12:53:8C,-33,11,1,7,1,1,1,1,0,0,0,-94,6,6,1,72644659,0,84,0,0,72.645,384,[84 -64 4 0 0 0 0 0 0 0 0 0 9 -16 15 -22 15 -16 8 -22 10 -21 16 -12 16 -15 16 -16 14 -11 11 -14 17 -15 12 -17 11 -11 13 -10 18 -14 18 -11 11 -15 10 -12 13 -8 14 -10 10 -8 9 -8 11 -15 16 -14 13 -15 13 -12 3 2 14 -13 13 -12 13 -12 14 -13 10 -9 14 -16 10 -13 7 -11 8 -13 10 -14 13 -11 8 -17 5 -15 11 -10 10 -10 10 -10 9 -11 6 -11 8 -15 9 -14 5 -16 7 -13 9 -14 5 -14 5 -16 9 -11 0 -4 0 0 0 0 0 0 0 0 ]
CSI_DATA,AP,68:FE:71:12:53:8C,-32,11,1,7,1,1,1,0,0,0,0,-95,0,6,1,72744409,0,84,0,0,72.744,384,[84 -64 4 0 0 0 0 0 0 0 0 0 -14 -8 -12 -8 -14 -10 -22 -15 -17 -14 -14 -16 -17 -9 -14 -9 -14 -11 -12 -12 -17 -13 -14 -10 -12 -14 -14 -16 -13 -11 -10 -12 -16 -13 -16 -15 -15 -10 -12 -14 -7 -11 -9 -12 -13 -15 -11 -10 -9 -10 -11 -16 -1 -3 -12 -13 -14 -13 -14 -14 -15 -14 -13 -11 -14 -9 -8 -10 -16 -10 -9 -7 -15 -9 -10 -12 -10 -7 -18 -8 -11 -8 -10 -5 -10 -12 -12 -7 -14 -6 -11 -3 -17 -4 -16 -5 -10 -6 -19 -9 -19 -8 -18 -2 -18 -9 4 2 0 0 0 0 0 0 0 0 ]
CSI_DATA,AP,68:FE:71:12:53:8C,-32,11,1,6,1,1,1,0,0,0,0,-95,0,6,1,72816986,0,84,0,0,72.817,384,[84 -64 4 0 0 0 0 0 0 0 0 0 15 -18 13 -18 19 -12 14 -14 21 -16 21 -14 19 -14 16 -7 20 -15 14 -9 18 -7 22 -8 15 -4 20 -12 18 -10 19 -8 16 -8 20 -4 19 -11 20 -12 19 -8 12 -6 17 -4 13 -10 18 -9 16 -5 -2 -2 12 -10 16 -7 16 -7 15 -9 9 -12 17 -9 18 -11 9 -10 15 -6 9 -13 9 -9 11 -8 14 -11 11 -14 9 -9 12 -9 8 -13 7 -16 10 -15 12 -13 14 -15 7 -12 8 -13 13 -18 7 -13 8 -15 -4 -2 0 0 0 0 0 0 0 0 ]
CSI_DATA,AP,68:FE:71:12:53:8C,-39,11,1,6,1,1,1,0,0,0,0,-94,0,6,1,72960457,0,84,0,0,72.96,384,[84 -64 4 0 0 0 0 0 0 0 0 0 -3 16 -5 15 -9 15 -5 18 -11 21 -8 14 -4 21 -11 15 -7 20 -9 14 -13 15 -9 13 -13 18 -11 12 -14 11 -6 14 -9 16 -8 13 -10 15 -14 15 -12 14 -7 12 -5 13 -8 15 -7 17 -12 11 -1 -1 -12 14 -4 13 -6 15 -8 14 -11 10 -11 17 -10 16 -5 12 -5 10 -7 17 -5 18 -4 14 -1 15 -1 15 -4 17 -4 18 -8 19 0 16 -5 11 -2 13 -4 12 -5 15 -6 10 2 13 -4 18 -4 17 2 -4 0 0 0 0 0 0 0 0 ]
CSI_DATA,AP,68:FE:71:12:53:8C,-34,11,1,5,1,1,1,0,0,0,1,-94,0,6,1,73046437,0,84,0,0,73.046,384,[84 -64 4 0 0 0 0 0 0 0 0 0 1 19 1 17 1 16 2 17 5 16 5 13 2 21 -5 17 3 18 -3 18 1 18 -5 16 0 17 0 18 -6 19 -6 19 -3 19 -1 16 0 14 -3 15 1 13 -5 10 0 14 2 10 -4 15 -3 16 4 -4 -4 14 -3 12 -2 15 5 14 -1 17 0 17 1 16 2 15 -1 17 -2 11 7 14 4 17 3 16 4 13 3 15 2 13 8 14 1 14 5 11 1 10 2 16 5 17 1 18 2 10 1 10 5 15 -1 1 0 0 0 0 0 0 0 0 ]
CSI_DATA,AP,68:FE:71:12:53:8C,-32,11,0,0,0,0,0,0,0,0,0,-94,0,6,1,73160895,0,37,0,0,73.161,128,[84 -64 4 0 0 0 0 0 0 0 0 0 -20 17 -20 13 -17 15 -15 9 -17 12 -19 12 -22 9 -18 12 -19 11 -19 10 -15 9 -17 7 -20 12 -21 3 -18 4 -20 11 -14 10 -18 5 -16 7 -16 7 -13 4 -16 5 -12 9 -15 9 -17 3 -15 4 -2 -2 -11 5 -13 8 -17 4 -14 12 -17 11 -13 7 -11 7 -9 9 -13 9 -13 5 -11 13 -14 5 -15 13 -11 12 -12 9 -13 7 -11 6 -9 9 -12 9 -13 6 -11 12 -13 9 -13 11 -13 8 -12 5 -14 12 3 1 0 0 0 0 0 0 0 0 ]
CSI_DATA,AP,68:FE:71:12:53:8C,-37,11,1,6,1,1,1,0,0,0,0,-96,0,6,1,73282444,0,82,0,0,73.282,384,[84 -64 4 0 0 0 0 0 0 0 0 0 -20 4 -22 2 -21 -3 -16 2 -21 -4 -22 3 -23 -1 -18 -1 -21 1 -14 0 -16 -5 -20 -5 -19 -7 -16 -2 -19 -1 -19 -4 -22 -8 -14 -5 -12 -3 -19 -8 -14 -5 -20 -2 -17 -4 -14 0 -16 -6 -15 -3 -3 -2 -18 0 -12 -4 -14 -2 -10 2 -11 -5 -16 -4 -17 2 -11 -1 -13 0 -12 -4 -18 3 -12 0 -10 1 -14 -1 -11 1 -14 -1 -17 4 -13 4 -17 2 -13 0 -12 0 -10 3 -18 6 -16 0 -12 7 -11 2 2 -1 0 0 0 0 0 0 0 0 ]
CSI_DATA,AP,68:FE:71:12:53:8C,-35,11,1,5,1,1,1,1,0,0,0,-96,5,6,1,73380130,0,84,0,0,73.38,384,[84 -64 4 0 0 0 0 0 0 0 0 0 29 -2 29 -7 35 -4 31 0 36 -5 29 -3 33 0 27 4 32 5 34 0 36 5 29 3 33 2 27 7 33 7 37 7 34 6 24 4 29 3 30 4 30 6 24 7 24 3 26 6 27 4 25 8 -4 0 26 8 24 6 32 3 27 4 27 7 28 -2 29 0 29 3 30 -4 27 -5 23 -1 29 -4 25 2 29 1 27 -6 29 -7 27 -6 22 -8 30 -3 21 -11 27 -6 22 -6 24 -8 28 -9 27 -8 25 -11 0 4 0 0 0 0 0 0 0 0 ]
CSI_DATA,AP,68:FE:71:12:53:8C,-36,11,1,7,1,1,1,0,0,0,0,-93,0,6,1,73499459,0,84,0,0,73.499,384,[84 -64 4 0 0 0 0 0 0 0 0 0 6 6 9 8 6 2 11 5 11 2 3 1 5 5 5 5 2 1 9 1 3 6 2 6 6 8 3 8 6 4 3 9 1 1 4 5 1 4 0 4 1 6 4 6 5 1 2 6 4 8 1 2 1 4 2 4 4 5 2 9 1 0 7 1 2 4 1 3 1 7 5 6 5 5 9 5 6 7 9 4 8 4 9 7 10 9 5 6 8 1 9 3 6 0 4 6 10 5 5 7 3 2 4 4 6 6 1 2 0 0 0 0 0 0 0 0 ]
CSI_DATA,AP,68:FE:71:12:53:8C,-36,11,1,6,1,1,1,0,0,0,0,-95,0,6,1,73637973,0,84,0,0,73.638,384,[84 -64 4 0 0 0 0 0 0 0 0 0 -15 12 -19 10 -20 9 -21 13 -23 10 -24 11 -22 5 -23 6 -19 10 -23 1 -22 5 -24 6 -19 4 -18 0 -15 6 -24 6 -18 6 -21 3 -21 0 -16 0 -18 1 -16 5 -19 6 -16 4 -21 3 -14 8 -1 -3 -16 6 -20 2 -21 4 -21 10 -15 3 -15 7 -13 8 -15 3 -17 7 -14 5 -11 7 -12 6 -16 8 -12 11 -18 4 -11 10 -13 12 -18 6 -11 8 -16 8 -15 7 -15 13 -11 9 -13 12 -11 10 -10 6 -2 1 0 0 0 0 0 0 0 0 ]
CSI_DATA,AP,68:FE:71:12:53:8C,-33,11,1,7,1,1,1,0,0,0,0,-95,0,6,1,73735279,0,84,0,0,73.735,384,[84 -64 4 0 0 0 0 0 0 0 0 0 -14 0 -5 4 -14 1 -9 4 -9 0 -11 -1 -10 2 -6 2 -6 3 -6 -2 -13 4 -9 2 -7 -2 -8 3 -11 -1 -4 2 -10 3 -9 -4 -11 -4 -9 -4 -9 -3 -7 -4 -3 -1 -7 2 -9 3 -4 -4 2 0 -7 5 -9 -2 -10 -2 -10 4 -7 2 -2 -1 -8 -3 -5 2 -9 6 -4 1 -3 4 -2 -1 -6 3 -8 4 -4 3 -5 2 -8 7 -2 4 -2 2 -7 4 -8 0 -9 8 -7 1 -8 8 -1 7 -8 8 1 4 0 0 0 0 0 0 0 0 ]
CSI_DATA,AP,68:FE:71:12:53:8C,-40,11,1,4,1,1,1,0,0,0,0,-95,0,6,1,73832916,0,82,0,0,73.833,384,[84 -64 4 0 0 0 0 0 0 0 0 0 -19 30 -27 32 -26 36 -23 29 -24 31 -24 20 -21 21 -19 23 -25 17 -27 20 -21 23 -21 21 -20 23 -25 16 -24 14 -23 18 -24 14 -19 20 -19 14 -22 18 -15 12 -15 16 -14 19 -18 12 -15 18 -16 18 4 4 -15 20 -16 13 -7 12 -8 22 -8 15 -12 21 -8 21 -4 18 -12 15 -5 12 -9 20 -5 20 -11 22 -11 22 -1 26 -6 23 -5 28 -1 20 -8 26 -1 25 -2 23 -5 25 -4 23 -6 25 -2 28 -4 27 1 -4 0 0 0 0 0 0 0 0 ]
CSI_DATA,AP,68:FE:71:12:53:8C,-34,11,1,5,1,1,1,1,0,0,0,-95,5,6,1,73936379,0,84,0,0,73.936,384,[84 -64 4 0 0 0 0 0 0 0 0 0 18 -9 20 -6 18 -9 21 -10 23 -10 21 -7 18 -10 21 -4 14 -1 21 -3 20 -7 13 -3 14 -6 13 -5 14 -5 19 -1 17 -2 12 -2 12 0 13 -4 16 2 16 -1 9 1 11 -4 13 -6 8 -8 4 4 10 -4 12 -3 9 -1 8 -8 10 -8 6 -4 9 -2 6 -5 5 -4 4 -2 5 -12 7 -7 5 -7 2 -4 9 -3 8 -4 9 -13 3 -6 11 -7 3 -9 4 -12 7 -6 5 -13 5 -12 4 -8 4 -12 0 -4 0 0 0 0 0 0 0 0 ]
CSI_DATA,AP,68:FE:71:12:53:8C,-33,11,1,7,1,1,1,0,0,0,0,-95,0,6,1,74013409,0,84,0,0,74.013,384,[84 -64 4 0 0 0 0 0 0 0 0 0 -32 -11 -30 -15 -27 -15 -28 -18 -27 -21 -27 -18 -20 -17 -17 -20 -19 -22 -22 -17 -23 -20 -18 -20 -21 -19 -17 -13 -16 -18 -18 -13 -17 -10 -12 -16 -17 -13 -11 -16 -11 -11 -16 -11 -10 -7 -12 -13 -11 -10 -15 -6 4 4 -10 -6 -11 -2 -14 -10 -12 -6 -16 -7 -15 0 -13 -5 -15 -5 -15 0 -15 3 -19 -2 -9 3 -16 4 -14 3 -16 0 -18 -1 -17 1 -16 -1 -10 -1 -15 3 -10 0 -14 2 -11 9 -14 7 -16 2 -11 2 -2 -4 0 0 0 0 0 0 0 0 ]
CSI_DATA,AP,68:FE:71:12:53:8C,-38,11,1,5,1,1,1,0,0,0,0,-93,0,6,1,74128167,0,84,0,0,74.128,384,[84 -64 4 0 0 0 0 0 0 0 0 0 9 -16 6 -21 8 -20 10 -19 8 -20 8 -19 13 -17 13 -11 9 -19 11 -16 13 -11 13 -10 8 -16 15 -15 8 -10 9 -18 11 -12 5 -10 9 -13 6 -10 8 -8 14 -10 9 -10 9 -9 13 -17 10 -10 -4 4 8 -17 6 -19 5 -18 12 -17 6 -11 5 -14 13 -13 4 -12 8 -13 12 -12 11 -15 10 -15 8 -15 5 -16 10 -11 3 -12 6 -16 8 -13 11 -16 3 -14 6 -17 11 -15 11 -11 11 -13 3 -14 4 -16 0 2 0 0 0 0 0 0 0 0 ]
CSI_DATA,AP,68:FE:71:12:53:8C,-37,11,1,5,1,1,1,1,0,0,0,-96,4,6,1,74245529,0,84,0,0,74.246,384,[84 -64 4 0 0 0 0 0 0 0 0 0 -5 24 -6 18 -2 23 -4 20 -1 26 -7 24 -2 20 -3 21 -2 17 -4 18 -5 21 -10 24 -7 19 -10 20 -7 19 -4 20 -5 19 -9 22 -9 24 -4 20 -11 18 -11 20 -6 22 -9 17 -7 20 -11 19 4 -2 -7 25 -6 23 -3 21 -1 20 -10 20 -7 21 -7 24 -1 21 -1 19 -5 25 -2 22 0 26 -2 25 0 27 0 20 0 27 -5 24 -1 26 0 20 -3 19 -1 26 -2 20 1 27 -5 23 -5 26 -4 22 -3 0 0 0 0 0 0 0 0 0 ]
CSI_DATA,AP,68:FE:71:12:53:8C,-39,11,1,4,1,1,1,1,0,0,0,-96,2,6,1,74320498,0,84,0,0,74.32,384,[84 -64 4 0 0 0 0 0 0 0 0 0 4 -20 5 -19 1 -20 4 -21 6 -16 9 -13 9 -19 2 -20 10 -21 8 -14 10 -15 11 -13 9 -18 5 -15 5 -11 4 -18 9 -13 8 -18 5 -16 6 -16 8 -12 11 -16 8 -10 6 -13 6 -13 10 -17 -1 0 5 -15 7 -14 2 -11 9 -12 5 -14 2 -15 8 -11 3 -16 7 -13 1 -10 -1 -12 4 -18 4 -14 0 -12 -1 -18 2 -11 -1 -18 2 -18 0 -11 1 -11 -1 -15 3 -19 -3 -13 -2 -15 5 -13 3 -13 2 3 0 0 0 0 0 0 0 0 ]
CSI_DATA,AP,68:FE:71:12:53:8C,-33,11,1,7,1,1,1,0,0,0,0,-95,0,6,1,74428545,0,84,0,0,74.429,384,[84 -64 4 0 0 0 0 0 0 0 0 0 -19 9 -22 8 -23 1 -19 1 -21 3 -24 3 -27 -3 -21 3 -20 2 -21 -2 -22 3 -21 1 -23 0 -26 -1 -21 -7 -25 0 -19 0 -23 -1 -26 -6 -23 -6 -20 -2 -24 -2 -17 -3 -25 -1 -27 -5 -23 -8 3 -1 -19 -2 -21 0 -22 -2 -18 1 -21 -1 -19 -1 -19 2 -24 -1 -17 -1 -21 4 -20 0 -20 -3 -18 5 -21 0 -19 2 -19 8 -19 4 -25 5 -24 6 -25 0 -19 3 -22 8 -26 2 -24 9 -24 2 -21 1 4 -2 0 0 0 0 0 0 0 0 ]
CSI_DATA,AP,68:FE:71:12:53:8C,-35,11,1,6,1,1,1,0,0,0,0,-95,0,6,1,74545333,0,84,0,0,74.545,384,[84 -64 4 0 0 0 0 0 0 0 0 0 -13 -14 -11 -8 -19 -9 -15 -15 -12 -12 -12 -14 -14 -16 -15 -19 -13 -23 -13 -19 -13 -18 -11 -24 -14 -18 -8 -19 -7 -23 -16 -26 -5 -19 -8 -18 -12 -20 -12 -24 -11 -23 -11 -21 -11 -24 -7 -22 -7 -20 -12 -24 -2 4 -6 -15 -14 -25 -6 -18 -7 -15 -10 -21 -10 -19 -13 -22 -9 -21 -10 -22 -7 -18 -12 -20 -10 -14 -13 -19 -8 -20 -15 -13 -13 -14 -13 -22 -16 -12 -16 -18 -15 -16 -8 -13 -9 -19 -16 -12 -13 -18 -14 -18 -15 -17 -2 -1 0 0 0 0 0 0 0 0 ]
CSI_DATA,AP,68:FE:71:12:53:8C,-35,11,1,5,1,1,1,0,0,0,0,-94,0,6,1,74652257,0,84,0,0,74.652,384,[84 -64 4 0 0 0 0 0 0 0 0 0 -8 15 -8 19 -8 17 -13 21 -16 16 -13 18 -11 15 -13 13 -12 16 -16 12 -11 19 -17 17 -14 15 -18 17 -15 12 -18 12 -15 14 -13 14 -16 14 -16 16 -13 8 -15 10 -13 15 -10 13 -14 18 -12 15 -2 -4 -9 13 -11 11 -9 13 -9 17 -12 12 -15 11 -7 12 -10 17 -7 10 -7 10 -12 13 -3 13 -5 18 -6 16 -5 17 -6 14 -7 12 -7 14 -5 11 -4 14 -9 11 -5 13 -4 14 -2 12 -5 11 -4 11 0 4 0 0 0 0 0 0 0 0 ]
CSI_DATA,AP,68:FE:71:12:53:8C,-34,11,1,6,1,1,1,1,0,0,0,-94,3,6,1,74749630,0,84,0,0,74.75,384,[82 -96 4 0 0 0 0 0 0 0 0 0 -19 -5 -21 -6 -15 -5 -16 0 -21 -5 -21 0 -18 -2 -14 -9 -18 -9 -20 -10 -14 -7 -13 -10 -16 -10 -14 -3 -14 -8 -18 -10 -16 -2 -16 -11 -15 -4 -19 -10 -19 -10 -13 -10 -15 -4 -19 -8 -13 -10 -11 -6 2 3 -10 -6 -17 -1 -15 -4 -11 -6 -17 -9 -13 -8 -11 -4 -13 -2 -18 -8 -14 -3 -12 -3 -12 -1 -15 -1 -18 -1 -17 -1 -13 -2 -18 -1 -12 3 -15 2 -14 -4 -14 -1 -14 0 -11 -3 -19 -3 -15 -2 -14 -4 2 2 0 0 0 0 0 0 0 0 ]
CSI_DATA,AP,68:FE:71:12:53:8C,-39,11,1,6,1,1,1,0,0,0,0,-95,0,6,1,74847754,0,84,0,0,74.848,384,[84 -64 4 0 0 0 0 0 0 0 0 0 7 19 11 15 3 15 10 17 3 20 4 18 3 18 8 22 7 20 0 19 3 19 0 21 -2 15 -1 21 -2 21 -1 14 2 18 2 19 2 15 4 15 4 15 2 12 4 15 1 14 -3 20 -1 20 -1 -4 -1 13 6 17 -1 12 6 13 4 15 2 17 2 16 1 13 -1 12 7 18 7 13 7 11 1 13 6 17 3 17 1 15 4 16 9 12 1 17 1 12 4 13 9 11 6 14 9 18 2 10 3 11 -4 4 0 0 0 0 0 0 0 0 ]
CSI_DATA,AP,68:FE:71:12:53:8C,-33,11,1,7,1,1,1,0,0,0,0,-94,0,6,1,74951307,0,84,0,0,74.951,384,[84 -64 4 0 0 0 0 0 0 0 0 0 -17 -16 -12 -13 -18 -17 -17 -13 -17 -20 -15 -19 -15 -18 -8 -14 -9 -19 -13 -22 -13 -19 -11 -17 -6 -18 -10 -17 -12 -14 -9 -21 -11 -21 -5 -17 -7 -15 -6 -20 -6 -19 -6 -17 -6 -13 -12 -16 -9 -17 -10 -16 -2 -3 -7 -14 -7 -18 -10 -17 -11 -11 -12 -17 -11 -16 -6 -10 -14 -11 -6 -9 -6 -8 -11 -12 -7 -12 -13 -8 -8 -8 -7 -12 -16 -13 -13 -14 -13 -15 -15 -12 -9 -15 -14 -11 -13 -14 -12 -15 -14 -12 -12 -11 -12 -15 -1 3 0 0 0 0 0 0 0 0 ]
CSI_DATA,AP,68:FE:71:12:53:8C,-36,11,1,6,1,1,1,1,0,0,0,-96,6,6,1,75058286,0,84,0,0,75.058,384,[84 -64 4 0 0 0 0 0 0 0 0 0 17 10 11 14 14 11 12 11 17 12 8 15 16 16 15 12 14 12 7 11 11 13 7 13 11 18 11 17 10 12 9 16 8 10 6 16 14 10 13 14 7 14 13 17 7 15 9 9 11 13 8 10 -2 -1 13 11 12 15 10 8 10 14 8 12 12 7 6 12 11 10 7 14 11 7 11 12 12 13 15 12 13 5 9 12 12 5 15 11 10 7 10 6 15 8 14 12 8 8 12 6 12 10 10 5 13 9 4 -4 0 0 0 0 0 0 0 0 ]
CSI_DATA,AP,68:FE:71:12:53:8C,-34,11,1,7,1,1,1,0,0,0,0,-94,0,6,1,75173279,0,84,0,0,75.173,384,[84 -64 4 0 0 0 0 0 0 0 0 0 -3 21 0 15 -6 16 -2 15 -4 22 -3 22 1 14 -4 22 -3 22 0 22 -4 14 -1 20 -3 16 -9 13 -4 17 -2 15 -7 17 -8 14 -4 20 -3 12 -10 16 -1 14 -3 16 -2 11 -2 15 0 18 4 4 -7 15 -7 18 -2 18 -5 15 -3 13 -5 10 -4 10 1 10 -6 16 -4 11 -3 15 -1 19 4 18 -1 13 0 12 0 11 4 18 0 10 -2 13 0 10 -2 15 1 13 2 14 6 17 0 14 1 11 -4 3 0 0 0 0 0 0 0 0 ]
CSI_DATA,AP,68:FE:71:12:53:8C,-36,11,1,7,1,1,1,0,0,0,0,-95,0,6,1,75273207,0,84,0,0,75.273,384,[84 -64 4 0 0 0 0 0 0 0 0 0 8 -20 11 -19 5 -19 9 -16 5 -13 11 -12 12 -18 9 -16 6 -16 14 -17 14 -12 13 -17 11 -19 10 -15 8 -10 14 -17 8 -13 13 -9 8 -17 11 -15 10 -16 11 -17 13 -11 11 -13 5 -14 5 -13 -1 -2 7 -15 13 -16 4 -10 4 -14 9 -8 7 -12 7 -11 7 -17 6 -14 4 -16 9 -9 2 -10 4 -12 5 -9 6 -14 9 -18 2 -18 1 -15 3 -16 8 -16 7 -15 6 -11 7 -14 -1 -15 7 -11 -1 -19 4 -4 0 0 0 0 0 0 0 0 ]
CSI_DATA,AP,68:FE:71:12:53:8C,-31,11,1,7,1,1,1,0,0,0,0,-95,0,6,1,75390066,0,84,0,0,75.39,384,[84 -64 4 0 0 0 0 0 0 0 0 0 -20 -6 -22 -2 -15 0 -18 -4 -17 -9 -14 -6 -15 -10 -19 -3 -20 -3 -18 -5 -18 -8 -14 -3 -16 -11 -18 -8 -17 -4 -18 -8 -19 -7 -10 -6 -19 -9 -15 -6 -11 -7 -18 -9 -13 -9 -15 -7 -10 -11 -10 -3 4 -3 -12 -9 -12 -7 -16 -7 -11 -9 -16 -9 -17 -4 -12 -7 -17 -8 -10 -6 -14 -8 -18 0 -14 1 -14 -7 -13 -7 -16 -3 -11 -4 -15 1 -12 1 -18 3 -10 -3 -19 -4 -12 0 -13 4 -18 -1 -18 2 -16 0 0 1 0 0 0 0 0 0 0 0 ]
CSI_DATA,AP,68:FE:71:12:53:8C,-41,11,1,6,1,1,1,0,0,0,0,-95,0,6,1,75489654,0,84,0,0,75.49,384,[84 -64 4 0 0 0 0 0 0 0 0 0 21 -7 23 -3 23 -9 16 -4 22 1 17 0 19 0 20 0 15 -1 18 -4 22 2 19 -2 15 0 16 -2 18 4 16 2 18 -2 15 1 16 4 15 -2 17 4 21 -1 15 -2 14 -1 15 -1 15 5 3 -4 18 -1 17 -3 14 -1 18 -2 14 4 11 -4 15 4 20 3 17 2 15 -2 15 -7 18 -6 13 -7 17 -4 12 -5 11 -3 17 -8 13 -1 12 0 14 -9 14 -7 15 -8 17 -3 16 -1 18 -6 14 -5 3 -4 0 0 0 0 0 0 0 0 ]
CSI_DATA,AP,68:FE:71:12:53:8C,-36,11,1,7,1,1,1,0,0,0,0,-95,0,6,1,75589623,0,84,0,0,75.59,384,[84 -64 4 0 0 0 0 0 0 0 0 0 23 1 19 0 25 1 27 4 25 4 25 2 24 5 18 0 21 3 22 6 23 6 22 7 23 1 19 10 20 10 23 6 20 3 15 4 22 4 20 9 19 8 23 8 20 6 15 4 16 5 14 6 -1 4 21 6 14 3 17 0 17 -1 17 3 19 3 14 4 13 0 19 4 17 -3 18 0 18 3 17 4 18 -3 20 -4 21 1 14 -4 17 -1 19 0 19 2 17 -5 20 -5 16 -2 17 -3 20 -2 18 -7 -2 4 0 0 0 0 0 0 0 0 ]
CSI_DATA,AP,68:FE:71:12:53:8C,-35,11,1,5,1,1,1,0,0,0,0,-94,0,6,1,75687435,0,84,0,0,75.687,384,[84 -64 4 0 0 0 0 0 0 0 0 0 -8 -19 -4 -20 -5 -20 -5 -18 -1 -18 0 -22 0 -23 -2 -19 2 -24 2 -23 4 -23 3 -22 0 -21 2 -21 0 -15 2 -17 1 -22 1 -17 2 -19 3 -19 7 -18 -1 -22 2 -20 -1 -18 6 -16 -2 -20 -4 -4 -2 -18 0 -16 2 -18 -4 -17 -2 -16 0 -14 0 -19 -2 -15 -3 -21 -4 -12 0 -17 -6 -19 -4 -14 2 -18 -1 -21 -5 -18 -5 -17 -3 -18 -5 -21 -5 -13 -3 -13 -6 -14 -4 -13 -6 -18 -8 -19 -1 -15 0 -3 0 0 0 0 0 0 0 0 ]
CSI_DATA,AP,68:FE:71:12:53:8C,-34,11,1,6,1,1,1,0,0,0,1,-95,0,6,1,75781463,0,84,0,0,75.781,384,[84 -64 4 0 0 0 0 0 0 0 0 0 -19 -12 -16 -8 -14 -9 -15 -10 -15 -15 -16 -16 -12 -13 -17 -17 -18 -15 -18 -13 -14 -15 -17 -15 -16 -12 -11 -18 -16 -12 -13 -19 -9 -14 -9 -12 -15 -14 -12 -19 -9 -13 -11 -18 -10 -12 -9 -10 -8 -15 -15 -10 1 4 -15 -11 -11 -11 -8 -17 -12 -13 -9 -12 -12 -9 -13 -9 -9 -13 -15 -13 -13 -7 -13 -13 -11 -14 -15 -6 -11 -13 -16 -7 -13 -9 -15 -7 -11 -9 -15 -12 -17 -7 -11 -6 -15 -8 -17 -10 -11 -9 -11 -7 -17 -7 -3 1 0 0 0 0 0 0 0 0 ]
CSI_DATA,AP,68:FE:71:12:53:8C,-36,11,1,7,1,1,1,0,0,0,0,-94,0,6,1,75863833,0,84,0,0,75.864,384,[84 -64 4 0 0 0 0 0 0 0 0 0 -34 -18 -32 -16 -40 -21 -33 -23 -37 -22 -30 -16 -34 -20 -32 -22 -29 -22 -26 -26 -30 -24 -32 -24 -28 -20 -29 -20 -30 -29 -27 -21 -28 -25 -31 -28 -26 -27 -27 -21 -25 -23 -28 -24 -22 -26 -28 -28 -27 -27 -26 -25 -4 3 -23 -21 -31 -21 -28 -19 -25 -22 -24 -23 -28 -19 -25 -19 -25 -16 -23 -18 -29 -14 -32 -14 -26 -18 -26 -14 -29 -16 -25 -13 -26 -14 -25 -15 -30 -11 -28 -10 -27 -8 -30 -11 -32 -17 -33 -12 -28 -8 -28 -17 -29 -8 -2 -2 0 0 0 0 0 0 0 0 ]
CSI_DATA,AP,68:FE:71:12:53:8C,-38,11,1,7,1,1,1,0,0,0,0,-94,0,6,1,75954017,0,84,0,0,75.954,384,[84 -64 4 0 0 0 0 0 0 0 0 0 9 -15 14 -16 15 -16 9 -18 10 -13 10 -12 15 -11 16 -15 18 -16 11 -17 16 -13 17 -17 12 -11 19 -10 10 -12 16 -11 18 -15 10 -13 15 -15 18 -12 16 -12 16 -13 17 -8 15 -13 16 -7 16 -11 2 -2 12 -15 12 -11 11 -14 13 -9 9 -14 11 -14 15 -8 14 -14 12 -14 13 -13 11 -16 6 -10 7 -10 6 -16 5 -16 9 -12 8 -11 6 -18 7 -14 7 -12 4 -15 6 -13 8 -18 4 -15 10 -17 11 -18 3 -3 0 0 0 0 0 0 0 0 ]
CSI_DATA,AP,68:FE:71:12:53:8C,-37,11,1,6,1,1,1,0,0,0,0,-95,0,6,1,76068684,0,84,0,0,76.069,384,[84 -64 4 0 0 0 0 0 0 0 0 0 -27 -27 -30 -34 -29 -29 -28 -34 -30 -37 -23 -33 -21 -31 -24 -30 -22 -34 -22 -38 -25 -34 -18 -38 -23 -33 -23 -35 -14 -35 -19 -41 -13 -37 -16 -33 -15 -35 -19 -32 -17 -33 -21 -35 -19 -36 -14 -37 -16 -35 -17 -29 2 1 -16 -34 -22 -34 -21 -28 -22 -28 -14 -28 -18 -28 -18 -34 -22 -33 -21 -29 -23 -24 -23 -32 -23 -29 -24 -28 -27 -31 -25 -22 -22 -26 -26 -25 -28 -20 -21 -24 -31 -23 -21 -20 -22 -27 -25 -26 -25 -24 -24 -24 -25 -26 -3 2 0 0 0 0 0 0 0 0 ]
CSI_DATA,AP,68:FE:71:12:53:8C,-38,11,1,5,1,1,1,0,0,0,0,-94,0,6,1,76184888,0,84,0,0,76.185,384,[84 -64 4 0 0 0 0 0 0 0 0 0 20 -9 19 -9 23 -5 16 -3 24 -1 18 -5 20 -6 16 -4 18 -5 23 -1 23 -2 17 0 19 3 21 3 22 1 15 -5 14 1 14 -2 14 -1 16 -5 16 3 18 -5 16 1 15 3 17 1 19 2 0 1 12 -4 19 1 18 2 12 -4 13 0 17 0 14 -6 16 -3 19 -5 10 -8 17 -4 14 -1 10 -5 13 -1 17 -10 18 -8 16 -3 15 -8 16 -8 17 -3 14 -4 12 -7 14 -12 16 -12 17 -5 9 -8 -3 4 0 0 0 0 0 0 0 0 ]
CSI_DATA,AP,68:FE:71:12:53:8C,-33,11,1,7,1,1,1,0,0,0,0,-93,0,6,1,76307226,0,84,0,0,76.307,384,[84 -64 4 0 0 0 0 0 0 0 0 0 3 10 2 6 4 9 2 12 -3 8 -3 8 -2 13 -4 11 0 11 -5 13 0 9 -2 5 -1 6 -3 7 2 6 -4 11 -2 13 0 10 2 8 -4 8 0 11 -1 11 -4 4 -2 8 2 5 0 10 -4 3 3 8 -3 7 0 12 2 11 -3 7 -2 8 0 5 0 8 -3 4 -4 12 1 10 -4 4 -4 11 -3 9 2 11 4 9 3 7 -2 8 4 3 0 9 -1 6 -1 3 4 9 4 7 3 11 5 8 -3 4 0 0 0 0 0 0 0 0 ]
CSI_DATA,AP,68:FE:71:12:53:8C,-39,11,1,5,1,1,1,0,0,0,0,-95,0,6,1,76409703,0,84,0,0,76.41,384,[84 -64 4 0 0 0 0 0 0 0 0 0 13 11 15 15 12 18 7 13 11 15 11 14 4 15 9 14 10 17 8 17 9 19 10 17 6 17 2 17 7 12 3 11 3 17 9 14 9 12 2 14 7 12 8 18 6 10 3 17 8 11 2 10 0 -3 4 17 8 14 8 16 6 15 2 14 8 17 6 14 3 9 5 12 5 10 4 13 10 9 11 16 7 8 7 11 6 10 5 12 11 12 8 9 8 9 13 12 7 8 14 12 13 9 11 12 13 6 2 0 0 0 0 0 0 0 0 0 ]
CSI_DATA,AP,68:FE:71:12:53:8C,-40,11,1,4,1,1,1,1,0,0,0,-96,6,6,1,76490211,0,84,0,0,76.49,384,[84 -64 4 0 0 0 0 0 0 0 0 0 -22 -7 -15 -15 -20 -11 -20 -11 -14 -11 -12 -11 -18 -9 -10 -14 -18 -15 -17 -16 -15 -12 -16 -17 -18 -12 -18 -14 -17 -18 -14 -18 -15 -16 -11 -18 -15 -11 -12 -10 -7 -10 -17 -16 -7 -10 -14 -15 -15 -16 -8 -13 -2 0 -11 -14 -12 -10 -14 -10 -9 -13 -8 -9 -13 -11 -15 -10 -15 -14 -9 -11 -14 -11 -10 -13 -9 -6 -13 -13 -11 -12 -15 -6 -16 -7 -13 -10 -19 -7 -14 -6 -19 -11 -12 -9 -15 -6 -17 -6 -13 -3 -13 -6 -19 -2 3 -3 0 0 0 0 0 0 0 0 ]
CSI_DATA,AP,68:FE:71:12:53:8C,-33,11,1,7,1,1,1,0,0,0,0,-96,0,6,1,76610206,0,84,0,0,76.61,384,[84 -64 4 0 0 0 0 0 0 0 0 0 -2 -17 0 -17 -5 -24 -4 -24 -6 -17 -2 -17 -2 -22 3 -17 -4 -19 -1 -21 3 -19 -3 -24 -3 -19 1 -17 4 -20 5 -17 2 -18 4 -14 2 -18 2 -19 -2 -20 3 -20 5 -13 3 -13 -1 -21 -2 -17 4 2 5 -15 5 -17 4 -16 3 -16 -3 -17 3 -13 -3 -18 2 -19 4 -16 2 -15 -5 -13 -6 -13 -4 -14 -4 -18 -3 -18 0 -20 1 -16 1 -18 -3 -15 -2 -12 -7 -19 -6 -17 -8 -16 -10 -16 -5 -14 -5 -18 -1 4 0 0 0 0 0 0 0 0 ]
CSI_DATA,AP,68:FE:71:12:53:8C,-35,11,1,6,1,1,1,0,0,0,0,-93,0,6,1,76731907,0,82,0,0,76.732,384,[84 -64 4 0 0 0 0 0 0 0 0 0 -6 -21 -4 -15 -4 -21 -12 -20 -3 -24 -9 -17 -6 -18 -9 -16 -1 -24 -4 -19 -4 -22 0 -16 -2 -21 -2 -16 0 -16 0 -16 -2 -19 0 -18 -7 -23 -4 -14 -4 -14 1 -21 -7 -15 -4 -19 -5 -17 -1 -17 1 -4 -2 -13 -7 -13 -2 -21 -2 -12 -5 -17 -6 -14 -5 -20 -9 -20 -1 -18 -6 -11 -2 -12 -4 -14 -7 -11 -3 -11 -3 -14 -10 -16 -5 -11 -9 -18 -8 -12 -11 -17 -8 -18 -8 -14 -7 -11 -6 -13 -8 -13 -10 -10 -1 0 0 0 0 0 0 0 0 0 ]
