type,role,mac,rssi,rate,sig_mode,mcs,bandwidth,smoothing,not_sounding,aggregation,stbc,fec_coding,sgi,noise_floor,ampdu_cnt,channel,secondary_channel,local_timestamp,ant,sig_len,rx_state,real_time_set,real_timestamp,len,CSI_DATA
CSI_DATA,AP,68:FE:71:12:53:8C,-39,11,1,4,1,1,1,0,0,0,0,-93,0,6,1,7168817,0,84,0,0,7.1688,384,[82 -96 4 0 0 0 0 0 0 0 0 0 -16 -5 -19 -6 -15 -6 -16 -9 -19 -10 -18 -10 -14 -11 -17 -9 -17 -10 -17 -11 -17 -10 -13 -10 -17 -10 -14 -8 -13 -8 -12 -10 -14 -8 -15 -12 -15 -12 -11 -9 -11 -11 -11 -10 -11 -8 -11 -10 -13 -8 -15 -7 -1 -2 -11 -7 -14 -6 -12 -6 -13 -5 -13 -6 -10 -7 -14 -7 -15 -8 -13 -7 -15 -5 -15 -8 -12 -5 -15 -3 -13 -3 -15 -6 -13 -7 -13 -5 -15 -5 -14 -3 -15 -5 -12 -6 -12 -3 -13 -5 -17 -3 -16 -2 -16 -5 -2 2 0 0 0 0 0 0 0 0 ]
CSI_DATA,AP,68:FE:71:12:53:8C,-38,11,1,6,1,1,1,0,0,0,0,-95,0,6,1,7258340,0,84,0,0,7.2583,384,[84 -64 4 0 0 0 0 0 0 0 0 0 8 -14 11 -17 7 -17 8 -14 9 -13 10 -13 12 -15 10 -15 13 -13 9 -12 12 -13 10 -14 14 -12 14 -13 12 -10 13 -9 10 -9 12 -13 12 -10 11 -10 12 -9 9 -11 9 -9 8 -8 10 -11 11 -9 -1 2 11 -13 11 -11 10 -13 9 -9 8 -10 8 -10 6 -10 7 -11 7 -11 7 -13 9 -10 7 -9 5 -14 6 -11 6 -12 6 -14 5 -13 7 -13 5 -15 7 -15 6 -14 4 -14 7 -12 4 -12 3 -13 5 -14 0 -2 0 0 0 0 0 0 0 0 ]
CSI_DATA,AP,68:FE:71:12:53:8C,-38,11,0,0,0,0,0,0,0,0,0,-95,0,6,1,7406604,0,37,0,0,7.4066,128,[84 -64 4 0 0 0 0 0 0 0 0 0 -10 -30 -5 -29 -4 -29 -4 -31 -5 -29 -4 -30 -4 -28 -1 -26 0 -28 -1 -28 -3 -31 1 -28 -2 -26 -2 -25 -1 -25 2 -25 1 -28 2 -26 4 -25 3 -27 -1 -22 3 -24 3 -24 0 -23 0 -25 0 -23 1 -2 0 -22 2 -24 -1 -23 -2 -20 -2 -24 0 -23 0 -23 0 -21 -4 -21 -5 -22 -2 -25 -4 -20 -2 -22 -5 -22 -2 -22 -5 -23 -6 -23 -7 -22 -6 -23 -5 -20 -5 -24 -5 -24 -9 -21 -10 -22 -9 -20 -9 -24 -1 1 0 0 0 0 0 0 0 0 ]
CSI_DATA,AP,68:FE:71:12:53:8C,-38,11,1,5,1,1,1,0,0,0,0,-94,0,6,1,7536915,0,84,0,0,7.5369,384,[84 -64 4 0 0 0 0 0 0 0 0 0 6 16 6 17 8 17 6 20 6 19 4 18 2 18 4 17 2 16 0 18 4 20 -1 16 1 20 0 17 2 16 2 19 1 17 1 18 -2 16 2 17 -2 15 0 17 1 17 3 14 3 16 0 17 -1 -2 -1 17 4 13 4 14 4 12 1 14 3 12 3 14 1 14 3 13 3 14 6 12 2 12 6 16 7 13 6 12 3 14 5 16 6 14 5 11 8 11 6 11 5 11 8 15 5 14 6 11 6 14 1 2 0 0 0 0 0 0 0 0 ]
CSI_DATA,AP,68:FE:71:12:53:8C,-37,11,1,7,1,1,1,0,0,0,0,-93,0,6,1,7646956,0,84,0,0,7.647,384,[84 -64 4 0 0 0 0 0 0 0 0 0 14 12 11 13 10 16 13 12 12 14 9 13 8 16 9 15 8 17 9 14 9 17 9 14 9 15 6 15 6 16 6 15 7 13 5 16 4 15 6 16 8 16 8 13 6 13 4 15 7 12 4 15 2 1 7 15 6 14 8 12 5 14 5 10 7 13 9 12 6 11 9 9 6 9 8 9 6 9 9 13 9 12 7 13 10 8 8 9 10 12 8 8 10 9 12 11 8 9 12 11 9 10 8 11 11 7 -1 -1 0 0 0 0 0 0 0 0 ]
CSI_DATA,AP,68:FE:71:12:53:8C,-39,11,1,5,1,1,1,0,0,0,0,-95,0,6,1,7782855,0,84,0,0,7.7829,384,[84 -64 4 0 0 0 0 0 0 0 0 0 -5 17 -6 17 -3 16 -3 16 -5 19 -8 15 -6 18 -5 14 -9 17 -7 15 -10 18 -7 15 -8 14 -7 17 -9 13 -9 12 -7 15 -6 13 -8 14 -9 11 -7 12 -7 11 -9 11 -6 15 -6 11 -8 11 1 2 -9 12 -8 13 -6 13 -4 14 -8 13 -6 13 -8 11 -7 12 -4 12 -4 12 -3 14 -2 11 -3 14 -3 11 -2 12 -1 11 -5 12 -2 12 -1 14 -4 13 -5 13 -2 14 -1 13 -2 12 -3 15 -2 15 -2 -1 0 0 0 0 0 0 0 0 ]
CSI_DATA,AP,68:FE:71:12:53:8C,-33,11,1,7,1,1,1,0,0,0,0,-95,0,6,1,7913103,0,84,0,0,7.9131,384,[84 -64 4 0 0 0 0 0 0 0 0 0 17 11 19 12 16 9 18 14 18 14 16 11 15 12 12 11 15 14 14 12 15 16 14 15 15 14 12 12 11 13 13 14 11 14 11 11 11 13 10 16 13 15 9 14 8 11 12 11 11 15 10 11 2 0 9 11 10 11 10 14 10 10 12 12 10 10 13 10 12 12 10 10 12 10 14 8 11 7 15 11 15 8 15 10 12 6 14 10 16 8 16 7 15 8 12 7 13 8 16 5 13 6 14 8 15 8 1 -2 0 0 0 0 0 0 0 0 ]
CSI_DATA,AP,68:FE:71:12:53:8C,-36,11,1,6,1,1,1,0,0,0,0,-95,0,6,1,8052711,0,84,0,0,8.0527,384,[84 -64 4 0 0 0 0 0 0 0 0 0 -5 -21 -8 -19 -5 -21 -5 -21 -6 -23 -2 -22 -2 -22 -1 -20 -4 -20 -3 -23 -1 -21 -2 -23 -2 -21 -2 -20 -1 -22 -2 -18 -2 -20 -1 -21 2 -21 1 -21 -2 -20 2 -19 0 -20 1 -17 -1 -19 -2 -20 2 2 -2 -18 -3 -15 -3 -17 1 -19 -2 -16 0 -16 -3 -19 -3 -16 0 -15 -5 -17 -5 -17 -3 -17 -2 -19 -2 -17 -3 -16 -4 -17 -3 -19 -3 -15 -6 -17 -6 -17 -5 -18 -7 -18 -7 -15 -7 -18 -7 -17 -8 -18 -1 -2 0 0 0 0 0 0 0 0 ]
CSI_DATA,AP,68:FE:71:12:53:8C,-36,11,1,7,1,1,1,0,0,0,0,-94,0,6,1,8199197,0,84,0,0,8.1992,384,[84 -64 4 0 0 0 0 0 0 0 0 0 14 -7 17 -7 18 -5 18 -8 17 -8 16 -7 19 -5 16 -6 19 -4 14 -5 19 -5 16 -1 18 -4 16 -3 14 -2 17 -2 15 -1 13 -1 17 -1 14 -1 13 0 14 -4 13 -4 13 0 15 -4 12 -4 0 1 16 -3 16 -5 13 -5 12 -5 13 -3 12 -5 12 -2 14 -3 15 -4 12 -6 14 -4 15 -3 14 -6 14 -4 14 -4 12 -5 11 -6 11 -7 11 -5 11 -7 13 -8 10 -8 11 -10 10 -7 9 -8 14 -8 0 2 0 0 0 0 0 0 0 0 ]
CSI_DATA,AP,68:FE:71:12:53:8C,-36,11,1,7,1,1,1,0,0,0,0,-94,0,6,1,8286616,0,84,0,0,8.2866,384,[84 -64 4 0 0 0 0 0 0 0 0 0 -14 13 -12 12 -13 14 -15 15 -14 13 -17 14 -13 10 -18 10 -18 9 -16 12 -15 13 -16 8 -17 10 -18 10 -18 8 -14 9 -16 9 -16 11 -15 11 -16 6 -16 8 -15 7 -12 8 -17 8 -16 7 -17 10 -1 1 -16 7 -13 9 -15 11 -14 8 -12 8 -14 9 -12 7 -10 12 -12 8 -13 10 -12 13 -12 8 -10 13 -11 9 -13 10 -13 12 -10 13 -11 13 -12 14 -11 12 -8 13 -9 11 -10 12 -12 13 -11 10 -7 13 0 0 0 0 0 0 0 0 0 0 ]
CSI_DATA,AP,68:FE:71:12:53:8C,-39,11,1,6,1,1,1,0,0,0,0,-95,0,6,1,8408832,0,84,0,0,8.4088,384,[84 -64 4 0 0 0 0 0 0 0 0 0 13 33 10 34 8 35 8 39 8 38 6 38 4 39 1 39 2 37 3 38 -2 36 -1 38 2 37 1 36 -4 37 1 35 -1 34 -2 31 -3 34 -3 34 -3 32 -5 35 -3 33 -2 34 -5 37 -1 31 0 -1 -3 33 0 30 3 33 0 29 2 33 2 31 -1 33 2 33 2 32 3 31 5 28 1 31 4 33 6 30 6 31 7 31 6 29 5 30 8 27 8 30 8 28 7 27 7 32 10 29 9 28 11 29 1 -2 0 0 0 0 0 0 0 0 ]
CSI_DATA,AP,68:FE:71:12:53:8C,-36,11,1,6,1,1,1,0,0,0,0,-95,0,6,1,8568076,0,84,0,0,8.5681,384,[84 -64 4 0 0 0 0 0 0 0 0 0 -9 17 -8 16 -8 19 -13 17 -10 19 -10 14 -13 18 -11 14 -11 15 -11 15 -11 14 -13 15 -14 15 -13 13 -14 12 -13 14 -12 13 -12 13 -10 14 -14 15 -14 14 -13 11 -10 13 -10 13 -12 13 -11 11 -2 1 -11 12 -8 14 -8 13 -11 11 -10 13 -8 14 -8 15 -6 11 -8 13 -5 12 -9 16 -4 15 -4 16 -5 14 -4 14 -5 12 -6 16 -7 14 -5 17 -7 14 -3 13 -4 13 -6 17 -1 18 -3 16 -4 13 -2 -1 0 0 0 0 0 0 0 0 ]
CSI_DATA,AP,68:FE:71:12:53:8C,-34,11,1,7,1,1,1,0,0,0,0,-94,0,6,1,8688031,0,84,0,0,8.688,384,[84 -64 4 0 0 0 0 0 0 0 0 0 -6 15 -6 17 -6 16 -5 20 -6 17 -8 17 -9 16 -7 17 -6 14 -9 15 -9 18 -10 17 -8 15 -9 15 -6 16 -10 12 -9 12 -9 13 -6 13 -5 15 -8 16 -6 12 -6 13 -5 15 -8 12 -6 15 -1 2 -5 15 -8 11 -6 15 -4 12 -7 15 -3 14 -3 15 -3 15 -2 12 -5 15 -5 15 -2 14 -3 12 -5 15 -3 12 -1 16 -4 12 -1 14 -2 15 -3 13 1 16 -1 12 -2 14 -1 16 -1 14 -1 14 0 0 0 0 0 0 0 0 0 0 ]
CSI_DATA,AP,68:FE:71:12:53:8C,-37,11,1,6,1,1,1,0,0,0,0,-95,0,6,1,8801840,0,84,0,0,8.8018,384,[84 -64 4 0 0 0 0 0 0 0 0 0 16 -14 16 -10 16 -14 15 -9 16 -10 15 -7 19 -11 16 -7 17 -8 18 -10 19 -10 19 -8 20 -9 18 -9 18 -6 16 -6 18 -8 17 -5 17 -6 15 -7 15 -3 14 -4 17 -5 13 -6 16 -5 14 -8 1 -2 14 -3 14 -5 16 -7 15 -6 13 -8 14 -5 16 -8 13 -7 14 -8 11 -10 11 -9 10 -11 12 -7 10 -9 13 -11 10 -12 13 -9 12 -11 10 -10 11 -11 12 -11 13 -13 10 -10 12 -11 10 -10 11 -10 0 0 0 0 0 0 0 0 0 0 ]
CSI_DATA,AP,68:FE:71:12:53:8C,-34,11,1,6,1,1,1,0,0,0,0,-96,0,6,1,8888630,0,84,0,0,8.8886,384,[84 -64 4 0 0 0 0 0 0 0 0 0 3 -20 6 -21 4 -21 9 -21 7 -19 9 -20 11 -16 9 -17 8 -16 7 -18 12 -19 11 -18 8 -18 10 -19 9 -18 9 -16 8 -15 10 -15 11 -14 10 -17 10 -15 9 -14 11 -15 9 -16 8 -14 8 -17 1 -1 9 -13 6 -17 10 -15 5 -14 7 -14 8 -17 8 -16 8 -15 7 -17 6 -14 3 -15 4 -16 4 -17 4 -16 4 -15 2 -17 4 -18 5 -17 5 -16 4 -15 4 -16 5 -15 4 -15 3 -15 4 -14 4 -16 -2 -2 0 0 0 0 0 0 0 0 ]
CSI_DATA,AP,68:FE:71:12:53:8C,-38,11,1,7,1,1,1,0,0,0,0,-94,0,6,1,9039473,0,84,0,0,9.0395,384,[84 -64 4 0 0 0 0 0 0 0 0 0 20 8 20 8 19 7 18 10 19 8 17 12 18 12 14 12 14 9 17 12 16 10 18 9 17 11 17 10 14 12 14 13 12 14 14 9 12 13 11 11 14 12 13 10 11 11 13 12 11 11 14 10 -1 2 13 9 12 9 13 11 15 10 14 9 13 6 14 10 11 8 13 5 14 4 16 6 15 8 15 7 14 9 12 7 14 9 14 8 16 4 13 8 12 3 16 6 16 4 13 3 14 3 16 5 14 3 -1 -1 0 0 0 0 0 0 0 0 ]
CSI_DATA,AP,68:FE:71:12:53:8C,-34,11,1,6,1,1,1,0,0,0,0,-93,0,6,1,9177859,0,84,0,0,9.1779,384,[84 -64 4 0 0 0 0 0 0 0 0 0 3 20 3 16 2 22 -1 19 0 22 -3 19 1 18 0 17 0 20 -6 20 -2 21 -4 20 -5 17 -3 18 -3 19 -2 19 -1 17 -6 16 -6 18 -5 19 -4 19 -2 20 -6 17 -3 17 -3 15 -1 17 -1 0 -2 17 -3 16 1 16 -2 18 0 15 2 18 -2 16 0 15 1 16 3 17 2 17 -1 14 0 16 0 14 3 17 1 13 3 18 2 13 5 14 5 13 3 13 5 16 5 16 7 14 3 14 5 13 0 1 0 0 0 0 0 0 0 0 ]
CSI_DATA,AP,68:FE:71:12:53:8C,-36,11,1,6,1,1,1,0,0,0,0,-95,0,6,1,9284189,0,84,0,0,9.2842,384,[84 -64 4 0 0 0 0 0 0 0 0 0 -19 -13 -17 -13 -21 -11 -21 -14 -21 -15 -16 -15 -14 -15 -16 -12 -13 -15 -16 -15 -13 -14 -14 -14 -13 -17 -14 -16 -15 -16 -13 -16 -12 -17 -10 -15 -10 -14 -11 -17 -10 -16 -14 -17 -12 -13 -12 -17 -14 -14 -12 -16 -1 0 -12 -11 -14 -15 -14 -11 -13 -13 -11 -11 -15 -15 -15 -14 -14 -11 -12 -11 -12 -12 -16 -11 -14 -12 -16 -11 -14 -8 -16 -9 -13 -9 -17 -10 -13 -9 -15 -11 -17 -9 -15 -7 -13 -10 -14 -11 -15 -7 -16 -9 -17 -9 -2 1 0 0 0 0 0 0 0 0 ]
CSI_DATA,AP,68:FE:71:12:53:8C,-39,11,1,5,1,1,1,0,0,0,0,-94,0,6,1,9414571,0,84,0,0,9.4146,384,[84 -64 4 0 0 0 0 0 0 0 0 0 17 11 14 15 17 13 16 17 14 15 12 18 13 18 13 17 14 15 11 18 15 19 11 15 10 18 11 15 10 18 11 19 9 15 8 12 10 13 12 14 9 15 10 17 7 13 8 13 12 13 12 15 -2 -2 9 15 9 11 13 12 13 14 11 14 10 13 10 11 11 9 10 10 14 8 13 12 11 9 11 10 12 11 14 10 13 11 14 9 13 8 12 8 16 8 13 11 15 8 17 9 18 9 17 10 17 10 1 1 0 0 0 0 0 0 0 0 ]
CSI_DATA,AP,68:FE:71:12:53:8C,-35,11,1,7,1,1,1,0,0,0,0,-95,0,6,1,9553265,0,84,0,0,9.5533,384,[84 -64 4 0 0 0 0 0 0 0 0 0 3 20 2 21 3 24 5 25 2 22 2 20 3 19 2 22 2 19 -1 18 -1 24 -1 20 1 19 1 23 -3 22 -2 20 0 18 -3 19 -1 18 -1 19 -2 20 -2 17 -1 16 -2 16 0 18 -3 18 1 -1 0 18 -1 16 -1 21 2 17 1 16 1 19 0 15 0 17 4 17 3 18 2 18 1 18 1 18 1 18 1 15 6 17 2 17 5 16 6 15 5 17 5 18 4 18 4 15 7 17 8 16 8 17 0 -1 0 0 0 0 0 0 0 0 ]
CSI_DATA,AP,68:FE:71:12:53:8C,-36,11,0,0,0,0,0,0,0,0,0,-94,0,6,1,9685042,0,37,0,0,9.685,128,[84 -64 4 0 0 0 0 0 0 0 0 0 -3 20 -4 21 -7 20 -6 19 -6 22 -9 16 -10 21 -11 17 -8 18 -10 18 -11 18 -12 21 -12 20 -11 16 -12 16 -9 20 -9 15 -8 14 -9 16 -11 18 -9 18 -8 15 -11 17 -10 17 -12 17 -9 15 -1 -1 -10 17 -8 16 -9 18 -8 15 -6 15 -4 16 -4 14 -6 16 -3 18 -3 17 -6 16 -5 17 -4 18 -1 17 -4 16 -1 16 -4 18 0 18 -2 17 -2 18 -1 17 1 18 -3 17 1 18 -3 14 1 14 2 2 0 0 0 0 0 0 0 0 ]
CSI_DATA,AP,68:FE:71:12:53:8C,-37,11,1,6,1,1,1,0,0,0,0,-95,0,6,1,9819193,0,84,0,0,9.8192,384,[84 -64 4 0 0 0 0 0 0 0 0 0 20 -5 21 0 22 -2 23 -2 23 1 21 1 18 4 18 0 19 1 18 1 22 4 22 2 18 3 21 4 19 5 19 4 21 6 16 6 18 6 20 5 16 6 16 5 16 4 17 2 17 4 16 6 -2 -2 18 4 16 2 18 4 19 3 18 3 17 2 19 5 14 2 15 2 14 -1 16 1 16 -2 18 1 16 -1 17 -1 15 -3 19 -3 15 -4 15 -2 14 -3 15 0 16 1 17 -1 16 -4 16 -5 17 -5 2 0 0 0 0 0 0 0 0 0 ]
CSI_DATA,AP,68:FE:71:12:53:8C,-36,11,1,6,1,1,1,0,0,0,1,-93,0,6,1,9934096,0,84,0,0,9.9341,384,[84 -64 4 0 0 0 0 0 0 0 0 0 -18 7 -21 4 -22 6 -21 3 -21 3 -19 5 -21 5 -22 2 -19 3 -21 1 -21 1 -20 0 -23 0 -21 2 -19 0 -20 2 -20 -3 -18 -3 -20 -3 -20 0 -19 0 -17 -1 -17 -2 -16 1 -21 2 -19 -1 0 1 -19 2 -15 3 -19 0 -17 4 -14 2 -16 2 -18 1 -15 3 -15 3 -15 2 -17 6 -14 3 -18 5 -14 5 -16 4 -15 5 -16 4 -14 6 -15 5 -16 6 -18 6 -17 5 -17 7 -17 7 -17 4 -15 7 -1 -1 0 0 0 0 0 0 0 0 ]
CSI_DATA,AP,68:FE:71:12:53:8C,-42,11,1,6,1,1,1,0,0,0,0,-94,0,6,1,10034865,0,84,0,0,10.035,384,[84 -64 4 0 0 0 0 0 0 0 0 0 14 12 14 12 11 15 15 15 12 15 11 16 12 18 7 16 6 15 11 14 13 17 11 17 10 15 10 14 7 18 8 17 6 16 9 15 6 17 6 13 7 15 8 15 8 14 10 16 8 14 11 15 0 1 8 11 10 13 8 16 10 12 9 11 8 11 9 15 9 14 10 11 12 7 14 9 11 8 12 8 13 12 10 9 11 10 14 10 13 6 14 9 13 7 10 9 14 8 13 6 12 8 14 7 16 9 0 0 0 0 0 0 0 0 0 0 ]
CSI_DATA,AP,68:FE:71:12:53:8C,-34,11,1,6,1,1,1,0,0,0,0,-93,0,6,1,10156834,0,84,0,0,10.157,384,[84 -64 4 0 0 0 0 0 0 0 0 0 -9 -21 -8 -17 -6 -21 -6 -23 -5 -22 -2 -17 -3 -19 -1 -21 -2 -22 -1 -21 -2 -22 -3 -23 -2 -21 0 -21 -1 -18 -4 -20 -4 -17 0 -21 -3 -20 1 -18 0 -17 -3 -18 -3 -15 -1 -18 -2 -21 -2 -20 -1 1 -1 -19 -1 -16 -3 -15 -6 -16 -1 -14 -6 -18 -2 -15 -4 -15 -5 -14 -7 -14 -6 -15 -6 -16 -6 -16 -6 -16 -8 -16 -8 -16 -6 -16 -6 -15 -10 -16 -9 -12 -8 -16 -8 -16 -10 -15 -11 -17 -10 -15 -9 -16 -1 -1 0 0 0 0 0 0 0 0 ]
CSI_DATA,AP,68:FE:71:12:53:8C,-35,11,1,5,1,1,1,0,0,0,0,-95,0,6,1,10265176,0,84,0,0,10.265,384,[84 -64 4 0 0 0 0 0 0 0 0 0 0 -23 -1 -21 0 -21 0 -22 2 -24 2 -22 2 -20 3 -19 7 -21 5 -22 3 -23 4 -22 3 -21 8 -19 5 -20 8 -18 4 -21 8 -20 8 -18 5 -18 5 -16 7 -20 8 -18 6 -19 6 -17 5 -20 1 1 5 -17 3 -20 4 -19 2 -15 3 -18 4 -18 6 -18 1 -15 2 -19 1 -15 -1 -18 1 -17 2 -18 -1 -19 2 -18 1 -16 0 -18 1 -18 -2 -16 -1 -17 1 -17 -2 -19 -4 -18 -1 -20 0 -17 -4 -18 2 0 0 0 0 0 0 0 0 0 ]
CSI_DATA,AP,68:FE:71:12:53:8C,-37,11,1,7,1,1,1,0,0,0,0,-94,0,6,1,10403103,0,84,0,0,10.403,384,[84 -64 4 0 0 0 0 0 0 0 0 0 -2 21 -1 19 -1 22 -4 20 -4 20 -3 21 -5 21 -5 17 -4 20 -7 17 -8 18 -5 18 -5 21 -6 21 -9 19 -7 18 -8 19 -6 18 -4 15 -6 16 -9 16 -4 18 -6 17 -7 16 -8 17 -3 19 2 0 -4 16 -3 17 -3 15 -2 16 -4 17 -1 16 -5 16 -4 15 -3 16 1 17 0 17 1 18 -1 16 -2 18 -1 15 3 17 -1 15 0 18 2 16 1 13 0 15 4 15 3 14 5 18 3 18 3 16 -1 -2 0 0 0 0 0 0 0 0 ]
CSI_DATA,AP,68:FE:71:12:53:8C,-34,11,1,6,1,1,1,1,0,0,0,-95,3,6,1,10527936,0,84,0,0,10.528,384,[84 -64 4 0 0 0 0 0 0 0 0 0 16 9 18 8 20 10 19 13 20 14 18 10 15 13 14 11 17 14 15 11 16 12 15 16 16 15 16 11 16 14 13 16 12 13 12 10 13 10 11 12 14 13 14 13 10 10 15 13 12 12 12 13 -2 -2 11 10 15 10 13 10 13 8 12 11 16 7 15 7 12 7 14 8 15 5 17 10 15 7 12 5 16 8 15 6 13 8 14 7 14 6 16 6 16 5 17 3 14 7 16 4 16 3 15 5 14 6 1 -2 0 0 0 0 0 0 0 0 ]
CSI_DATA,AP,68:FE:71:12:53:8C,-32,11,1,6,1,1,1,0,0,0,0,-94,0,6,1,10671335,0,84,0,0,10.671,384,[84 -64 4 0 0 0 0 0 0 0 0 0 14 -16 13 -16 15 -16 16 -15 14 -14 14 -14 15 -13 16 -13 15 -10 13 -10 16 -12 16 -13 18 -13 14 -10 14 -9 18 -9 14 -9 14 -11 13 -8 13 -8 17 -10 15 -10 15 -8 17 -11 17 -11 15 -11 1 0 16 -11 15 -10 13 -13 14 -13 14 -12 13 -10 15 -10 12 -13 11 -12 11 -12 11 -14 9 -11 8 -11 10 -14 11 -10 10 -15 12 -12 9 -16 8 -14 7 -13 9 -15 8 -15 8 -15 6 -15 11 -15 8 -12 2 1 0 0 0 0 0 0 0 0 ]
CSI_DATA,AP,68:FE:71:12:53:8C,-34,11,1,6,1,1,1,0,0,0,0,-96,0,6,1,10767990,0,84,0,0,10.768,384,[84 -64 4 0 0 0 0 0 0 0 0 0 20 -3 20 1 22 -1 24 0 22 -1 19 2 22 5 18 2 18 5 20 4 19 6 22 7 20 8 17 4 16 4 18 6 20 6 16 6 15 2 19 5 17 5 18 4 15 3 16 4 16 7 16 4 1 -1 18 3 17 0 15 4 18 0 15 1 18 3 15 2 18 0 18 0 15 -2 15 -2 14 -1 14 -2 14 0 17 0 16 -3 17 -2 17 -3 17 -2 14 -3 15 -5 18 -2 15 -4 19 -5 17 -5 17 -4 0 1 0 0 0 0 0 0 0 0 ]
CSI_DATA,AP,68:FE:71:12:53:8C,-39,11,1,5,1,1,1,1,0,0,0,-94,6,6,1,10916529,0,84,0,0,10.917,384,[84 -64 4 0 0 0 0 0 0 0 0 0 15 13 11 13 14 18 14 16 13 15 10 17 9 16 11 16 11 15 8 16 9 17 6 16 7 18 9 20 8 15 7 16 8 19 4 17 6 19 7 17 4 15 4 16 6 16 6 18 6 19 8 17 1 -1 9 14 9 13 9 15 6 15 6 15 9 14 7 16 10 15 10 12 9 13 12 13 10 13 7 12 12 12 8 11 9 14 12 12 10 11 9 11 12 10 10 14 9 14 10 13 14 10 12 10 12 12 -2 0 0 0 0 0 0 0 0 0 ]
CSI_DATA,AP,68:FE:71:12:53:8C,-39,11,1,4,1,1,1,0,0,0,0,-96,0,6,1,11091248,0,84,0,0,11.091,384,[84 -64 4 0 0 0 0 0 0 0 0 0 9 -17 8 -16 9 -20 10 -17 8 -16 9 -17 9 -16 10 -17 11 -16 11 -16 14 -15 11 -16 14 -16 13 -16 11 -14 13 -16 14 -15 10 -14 13 -15 14 -13 13 -13 13 -14 12 -9 13 -13 9 -14 12 -12 0 0 12 -14 12 -15 9 -11 7 -15 7 -11 11 -15 10 -13 7 -15 8 -11 5 -12 6 -15 6 -15 8 -13 6 -12 6 -14 6 -13 8 -13 7 -14 8 -14 6 -14 7 -14 4 -16 3 -14 6 -16 2 -17 4 -16 -2 1 0 0 0 0 0 0 0 0 ]
CSI_DATA,AP,68:FE:71:12:53:8C,-36,11,1,6,1,1,1,1,0,0,0,-95,4,6,1,11222314,0,84,0,0,11.222,384,[84 -64 4 0 0 0 0 0 0 0 0 0 16 11 19 10 17 8 20 13 17 11 15 10 15 10 16 13 16 11 16 10 14 12 14 12 15 13 17 15 15 11 13 12 14 14 10 13 11 12 12 15 11 13 13 15 9 12 14 13 15 13 13 13 2 -2 14 10 13 10 16 12 11 11 11 10 11 10 11 8 15 8 15 7 15 9 13 8 15 8 16 7 14 8 14 6 13 7 13 8 16 7 13 4 13 4 15 4 14 5 14 5 16 6 16 5 18 4 1 1 0 0 0 0 0 0 0 0 ]
CSI_DATA,AP,68:FE:71:12:53:8C,-36,11,1,6,1,1,1,0,0,0,0,-93,0,6,1,11360305,0,84,0,0,11.36,384,[84 -64 4 0 0 0 0 0 0 0 0 0 12 10 15 13 15 10 16 16 11 12 14 14 14 15 9 14 12 12 10 11 12 12 11 14 13 15 12 13 7 13 9 12 7 16 6 11 8 11 7 11 8 11 11 14 8 14 11 12 9 15 7 14 0 1 10 14 11 14 12 11 11 10 9 10 12 11 12 10 9 8 8 9 12 11 12 10 8 11 11 7 13 10 12 11 11 9 12 10 10 9 14 9 10 6 12 9 10 9 11 9 12 6 13 5 13 4 1 -2 0 0 0 0 0 0 0 0 ]
CSI_DATA,AP,68:FE:71:12:53:8C,-38,11,1,6,1,1,1,0,0,0,0,-96,0,6,1,11504864,0,84,0,0,11.505,384,[84 -64 4 0 0 0 0 0 0 0 0 0 -17 12 -20 10 -21 11 -20 10 -22 8 -19 10 -21 7 -19 7 -21 9 -20 5 -20 8 -17 9 -19 7 -19 6 -17 8 -18 8 -17 6 -18 7 -15 3 -17 3 -18 6 -14 7 -14 2 -13 5 -14 4 -17 8 0 1 -13 7 -17 5 -14 5 -14 5 -13 7 -11 5 -15 7 -14 8 -15 6 -12 6 -15 6 -12 7 -13 10 -14 6 -14 7 -11 6 -15 9 -10 7 -11 10 -13 10 -14 6 -13 8 -11 10 -14 10 -11 7 -12 6 1 1 0 0 0 0 0 0 0 0 ]
CSI_DATA,AP,68:FE:71:12:53:8C,-39,11,1,6,1,1,1,0,0,0,0,-94,0,6,1,11626480,0,84,0,0,11.626,384,[84 -64 4 0 0 0 0 0 0 0 0 0 12 9 16 10 16 9 13 11 13 11 10 12 14 10 13 13 12 13 13 14 9 13 10 14 12 16 8 14 7 13 12 15 9 12 8 14 10 13 7 15 6 11 9 11 8 12 7 11 7 12 10 13 0 -2 10 13 7 12 11 12 10 12 9 12 11 12 11 8 8 9 8 10 8 8 12 7 12 8 9 7 8 7 9 10 13 8 12 6 9 7 13 5 14 4 10 8 10 6 10 7 12 8 11 6 13 5 -2 0 0 0 0 0 0 0 0 0 ]
CSI_DATA,AP,68:FE:71:12:53:8C,-35,11,1,7,1,1,1,0,0,0,0,-94,0,6,1,11748352,0,84,0,0,11.748,384,[84 -64 4 0 0 0 0 0 0 0 0 0 8 -1 8 -3 7 -2 9 -1 8 -2 8 1 7 -3 9 1 7 1 8 0 8 -2 8 -2 9 2 6 2 9 1 8 -2 6 1 9 0 7 -1 9 -2 5 0 7 -1 7 2 6 -1 9 2 8 0 0 -2 9 -2 5 1 9 2 8 2 6 -1 6 -2 5 -2 7 -1 9 0 7 -1 6 -3 7 -2 5 0 6 -2 9 0 6 -2 7 -1 7 -2 6 -1 5 -1 8 -4 7 -2 6 -1 9 -4 6 -3 7 -1 -1 0 0 0 0 0 0 0 0 0 ]
CSI_DATA,AP,68:FE:71:12:53:8C,-34,11,1,5,1,1,1,0,0,0,1,-94,0,6,1,11884489,0,84,0,0,11.884,384,[84 -64 4 0 0 0 0 0 0 0 0 0 0 -21 3 -21 3 -23 3 -24 6 -22 7 -18 5 -19 7 -20 8 -20 5 -19 9 -19 7 -22 8 -21 9 -17 6 -19 8 -21 8 -19 7 -16 7 -17 7 -19 7 -18 9 -19 7 -13 9 -16 5 -17 5 -17 -2 -2 6 -17 7 -18 4 -15 6 -15 4 -18 6 -18 2 -14 5 -15 1 -15 3 -15 1 -17 4 -16 4 -14 1 -17 0 -17 0 -17 0 -17 2 -18 0 -16 -1 -17 1 -18 -1 -17 -1 -14 -2 -19 0 -18 -2 -18 -2 -2 0 0 0 0 0 0 0 0 ]
CSI_DATA,AP,68:FE:71:12:53:8C,-37,11,1,7,1,1,1,0,0,0,0,-95,0,6,1,12001322,0,84,0,0,12.001,384,[84 -64 4 0 0 0 0 0 0 0 0 0 21 7 19 4 18 7 17 9 17 9 18 10 17 11 13 9 13 10 14 11 14 11 14 10 14 7 12 10 11 9 15 7 13 10 13 9 12 7 9 7 13 8 10 5 11 7 10 7 14 5 11 5 -2 0 10 2 10 3 14 2 10 2 11 4 14 5 12 4 11 0 9 0 10 2 12 0 9 -1 11 -2 11 1 14 1 15 1 11 -1 14 0 11 1 12 -4 13 0 12 -4 13 -1 12 -5 10 -5 11 -3 -2 -1 0 0 0 0 0 0 0 0 ]
CSI_DATA,AP,68:FE:71:12:53:8C,-39,11,1,5,1,1,1,0,0,0,0,-95,0,6,1,12139806,0,84,0,0,12.14,384,[84 -64 4 0 0 0 0 0 0 0 0 0 8 -28 7 -28 10 -25 8 -28 9 -25 11 -23 14 -22 13 -21 13 -18 9 -19 13 -18 10 -20 9 -17 11 -19 10 -14 11 -18 7 -14 8 -15 9 -14 6 -15 6 -12 8 -12 6 -10 4 -12 7 -15 2 -13 0 0 5 -11 2 -15 4 -12 1 -12 3 -13 2 -16 0 -12 1 -14 -2 -11 0 -13 -3 -13 0 -12 -5 -12 -3 -15 -5 -14 -3 -16 -5 -16 -6 -14 -5 -15 -3 -12 -3 -11 -8 -12 -6 -11 -10 -12 -6 -14 -10 -13 0 -2 0 0 0 0 0 0 0 0 ]
CSI_DATA,AP,68:FE:71:12:53:8C,-35,11,1,5,1,1,1,0,0,0,0,-95,0,6,1,12278778,0,84,0,0,12.279,384,[84 -64 4 0 0 0 0 0 0 0 0 0 -33 -6 -32 -3 -33 -4 -35 -7 -32 -9 -28 -7 -30 -6 -25 -7 -28 -11 -25 -11 -26 -9 -24 -7 -23 -12 -25 -9 -25 -9 -21 -7 -22 -10 -18 -6 -21 -7 -19 -6 -16 -5 -19 -4 -17 -5 -16 -7 -19 -6 -18 -2 0 2 -18 -1 -14 1 -15 1 -13 0 -14 -2 -12 -1 -16 0 -15 1 -14 2 -11 1 -13 5 -14 2 -11 4 -14 7 -11 4 -12 5 -12 5 -13 7 -13 6 -10 6 -11 6 -11 9 -9 7 -7 10 -11 10 -6 8 -2 2 0 0 0 0 0 0 0 0 ]
CSI_DATA,AP,68:FE:71:12:53:8C,-32,11,1,7,1,1,1,1,0,0,0,-93,5,6,1,12395971,0,84,0,0,12.396,384,[84 -64 4 0 0 0 0 0 0 0 0 0 1 -18 0 -20 1 -21 3 -19 5 -21 4 -18 2 -21 2 -19 5 -16 6 -19 7 -20 5 -17 6 -17 6 -17 4 -15 6 -19 3 -15 4 -13 5 -13 4 -18 2 -17 6 -16 6 -16 3 -16 5 -16 3 -18 2 1 4 -17 1 -15 2 -18 1 -14 4 -15 1 -16 3 -18 1 -18 1 -15 2 -14 4 -17 3 -17 2 -14 3 -17 3 -16 3 -19 1 -18 -1 -15 3 -15 2 -16 0 -17 -1 -16 2 -17 3 -16 0 -15 1 -13 -1 -1 0 0 0 0 0 0 0 0 ]
CSI_DATA,AP,68:FE:71:12:53:8C,-36,11,1,7,1,1,1,0,0,0,1,-95,0,6,1,12520635,0,84,0,0,12.521,384,[84 -64 4 0 0 0 0 0 0 0 0 0 19 6 20 7 17 9 16 11 17 10 16 12 15 12 15 8 17 10 17 13 20 13 18 14 18 13 16 13 14 13 19 14 15 14 16 12 17 14 13 12 13 15 17 12 16 14 14 14 15 15 14 13 2 0 17 12 16 9 18 12 16 11 17 11 17 9 19 12 15 10 16 11 20 7 18 8 15 6 19 9 16 10 18 9 19 7 20 8 18 8 21 7 21 8 19 6 20 6 17 9 19 9 21 5 17 8 -1 1 0 0 0 0 0 0 0 0 ]
CSI_DATA,AP,68:FE:71:12:53:8C,-37,11,1,5,1,1,1,0,0,0,0,-95,0,6,1,12669084,0,84,0,0,12.669,384,[84 -64 4 0 0 0 0 0 0 0 0 0 -1 -3 0 -3 1 -1 5 -4 5 -2 4 -4 3 -1 2 -4 6 -3 4 -2 6 -1 5 1 3 -1 5 1 4 2 6 2 4 1 8 0 7 2 5 3 4 1 5 1 6 -1 7 -1 8 2 8 2 1 0 9 2 9 3 9 2 7 1 8 2 11 2 10 0 12 0 10 2 8 1 10 2 12 2 11 2 13 3 13 0 12 0 15 -1 11 -2 15 1 15 1 12 2 13 3 15 -2 18 -1 17 0 14 -1 -1 -2 0 0 0 0 0 0 0 0 ]
CSI_DATA,AP,68:FE:71:12:53:8C,-38,11,1,7,1,1,1,0,0,0,0,-93,0,6,1,12786310,0,84,0,0,12.786,384,[84 -64 4 0 0 0 0 0 0 0 0 0 9 -6 9 -2 8 -3 11 -2 10 -4 11 -3 10 -3 8 -3 8 0 11 -1 12 -2 8 -4 11 0 11 0 7 1 13 -3 10 1 9 1 11 -2 7 -3 10 -3 7 -3 9 -2 10 0 7 -3 11 -1 0 -2 10 0 9 -2 8 0 10 -4 7 -1 8 0 10 -1 6 0 10 -3 7 -5 7 -1 10 -3 9 -2 6 -2 10 -5 11 -4 9 -3 7 -6 8 -5 6 -5 10 -5 10 -4 9 -3 10 -5 8 -6 5 -2 -2 2 0 0 0 0 0 0 0 0 ]
CSI_DATA,AP,68:FE:71:12:53:8C,-42,11,1,6,1,1,1,0,0,0,0,-95,0,6,1,12906334,0,84,0,0,12.906,384,[84 -64 4 0 0 0 0 0 0 0 0 0 3 -30 6 -29 8 -31 8 -29 7 -28 10 -24 8 -28 10 -26 9 -25 11 -26 12 -26 8 -26 9 -22 12 -25 8 -24 13 -23 12 -24 9 -19 8 -20 9 -22 11 -23 9 -21 11 -18 11 -22 11 -20 9 -23 0 1 9 -21 10 -22 8 -24 4 -22 7 -20 4 -22 6 -19 5 -22 5 -23 3 -20 3 -19 5 -18 4 -22 1 -21 3 -23 5 -20 3 -23 2 -21 4 -20 1 -21 1 -19 0 -21 0 -22 0 -22 1 -22 1 -20 1 2 0 0 0 0 0 0 0 0 ]
CSI_DATA,AP,68:FE:71:12:53:8C,-37,11,1,5,1,1,1,1,0,0,0,-95,2,6,1,13036701,0,84,0,0,13.037,384,[82 -96 4 0 0 0 0 0 0 0 0 0 19 -5 18 -4 19 -7 21 -4 18 -4 21 -6 21 -1 19 -2 19 -4 18 -4 16 0 17 -3 19 0 19 0 20 0 16 0 16 2 17 0 15 -2 19 0 17 0 14 -2 17 -2 15 -1 18 -3 13 -1 0 2 16 1 14 0 13 -2 13 0 13 0 12 -5 17 0 16 -5 13 -1 16 -6 12 -3 15 -3 12 -3 12 -6 13 -4 12 -6 15 -4 13 -5 12 -8 15 -6 13 -6 16 -8 12 -8 14 -5 11 -8 14 -6 1 -1 0 0 0 0 0 0 0 0 ]
CSI_DATA,AP,68:FE:71:12:53:8C,-38,11,1,6,1,1,1,0,0,0,0,-95,0,6,1,13159961,0,84,0,0,13.16,384,[84 -64 4 0 0 0 0 0 0 0 0 0 17 3 18 2 21 3 23 7 18 6 19 7 16 7 17 6 20 7 17 5 15 5 16 5 19 6 18 8 19 11 14 8 18 8 15 11 14 7 16 7 14 9 15 10 14 10 13 6 12 8 16 6 2 2 16 7 11 9 16 7 13 7 16 6 12 6 12 6 13 4 15 3 13 2 15 6 15 3 14 6 14 2 15 2 14 4 13 4 14 0 13 3 14 1 16 0 15 5 15 -1 17 0 15 1 15 -1 0 1 0 0 0 0 0 0 0 0 ]
CSI_DATA,AP,68:FE:71:12:53:8C,-34,11,1,6,1,1,1,0,0,0,0,-94,0,6,1,13262367,0,84,0,0,13.262,384,[84 -64 4 0 0 0 0 0 0 0 0 0 18 7 16 8 20 5 20 8 19 10 14 10 14 10 14 6 16 9 13 8 16 8 15 12 15 11 16 10 16 12 12 9 13 9 15 11 15 10 15 7 14 11 15 8 11 7 14 11 15 7 11 10 -2 -1 15 8 12 6 13 5 11 9 11 6 11 7 12 8 14 5 11 7 12 4 11 4 15 5 15 3 16 5 15 6 13 3 14 6 14 2 14 5 12 2 16 4 14 1 13 2 17 4 15 0 16 3 1 2 0 0 0 0 0 0 0 0 ]
CSI_DATA,AP,68:FE:71:12:53:8C,-37,11,1,6,1,1,1,1,0,0,0,-94,4,6,1,13397476,0,84,0,0,13.397,384,[84 -64 4 0 0 0 0 0 0 0 0 0 -10 -20 -8 -18 -10 -17 -6 -22 -10 -20 -8 -19 -8 -18 -4 -17 -3 -21 -5 -19 -6 -18 -6 -19 -6 -20 -5 -18 -3 -17 -5 -19 -1 -16 -1 -15 -6 -17 -4 -19 -4 -19 -4 -15 -2 -17 -3 -17 -1 -16 -4 -14 1 1 -5 -18 -2 -14 -3 -18 -2 -14 -3 -13 -4 -14 -4 -16 -6 -16 -5 -14 -3 -16 -4 -15 -7 -13 -5 -12 -4 -12 -6 -13 -5 -14 -9 -15 -8 -13 -6 -16 -6 -16 -6 -14 -6 -16 -6 -13 -8 -15 -7 -14 -8 -14 2 2 0 0 0 0 0 0 0 0 ]
CSI_DATA,AP,68:FE:71:12:53:8C,-34,11,1,7,1,1,1,0,0,0,1,-95,0,6,1,13521779,0,84,0,0,13.522,384,[84 -64 4 0 0 0 0 0 0 0 0 0 39 3 37 5 36 6 37 8 38 6 34 7 34 8 38 9 37 12 34 10 37 11 37 16 38 12 33 14 35 15 36 13 34 16 30 16 33 13 34 13 31 13 32 13 30 13 29 16 31 14 27 12 0 -2 31 10 31 13 29 13 30 9 28 9 29 11 28 11 28 7 27 7 29 7 32 8 29 4 30 5 32 4 27 4 31 3 32 4 28 2 29 1 32 -1 30 5 29 2 31 2 32 3 31 0 30 1 2 2 0 0 0 0 0 0 0 0 ]
CSI_DATA,AP,68:FE:71:12:53:8C,-35,11,1,6,1,1,1,0,0,0,0,-95,0,6,1,13677187,0,84,0,0,13.677,384,[84 -64 4 0 0 0 0 0 0 0 0 0 19 -3 19 -2 20 -3 19 0 21 -1 17 2 18 2 20 0 17 2 19 3 21 3 20 5 19 4 20 2 17 3 19 3 16 6 14 6 17 5 14 6 14 7 16 4 15 6 15 2 15 6 17 2 -2 1 13 3 14 3 14 3 15 2 13 1 13 3 14 4 16 3 13 3 13 -2 15 -1 15 3 17 0 15 -1 15 0 14 -3 17 1 14 0 13 -2 14 -3 14 -1 15 -2 16 -2 14 -3 17 -3 14 -1 2 2 0 0 0 0 0 0 0 0 ]
CSI_DATA,AP,68:FE:71:12:53:8C,-37,11,1,5,1,1,1,0,0,0,0,-95,0,6,1,13830274,0,84,0,0,13.83,384,[84 -64 4 0 0 0 0 0 0 0 0 0 -21 -5 -20 -3 -17 -4 -19 -7 -20 -6 -18 -4 -16 -9 -15 -5 -19 -7 -19 -9 -16 -9 -17 -7 -18 -11 -14 -9 -14 -6 -16 -10 -17 -6 -13 -6 -17 -8 -15 -9 -14 -9 -15 -6 -12 -9 -15 -7 -14 -7 -14 -6 0 -2 -16 -7 -15 -6 -13 -5 -13 -4 -16 -5 -14 -5 -15 -6 -14 -4 -12 -3 -15 -1 -15 -3 -16 -1 -13 0 -16 -3 -13 -3 -15 0 -13 -4 -16 1 -13 -1 -17 -1 -16 -2 -13 -2 -18 1 -15 0 -15 2 -17 2 0 -2 0 0 0 0 0 0 0 0 ]
CSI_DATA,AP,68:FE:71:12:53:8C,-33,11,1,7,1,1,1,0,0,0,0,-95,0,6,1,13983537,0,84,0,0,13.984,384,[84 -64 4 0 0 0 0 0 0 0 0 0 -18 9 -18 6 -20 6 -20 3 -23 7 -22 4 -19 2 -18 1 -20 4 -22 4 -21 3 -20 1 -20 -1 -19 1 -21 0 -21 1 -20 2 -18 2 -18 -1 -17 2 -16 1 -17 -1 -15 0 -20 -2 -18 -2 -16 -1 -1 1 -18 2 -19 0 -19 2 -15 4 -15 2 -16 2 -15 2 -15 4 -15 4 -14 1 -17 5 -18 6 -14 5 -14 4 -16 6 -16 6 -16 2 -16 6 -15 5 -17 6 -17 6 -14 5 -17 6 -15 7 -17 4 -13 7 -2 -2 0 0 0 0 0 0 0 0 ]
CSI_DATA,AP,68:FE:71:12:53:8C,-33,11,1,6,1,1,1,0,0,0,0,-95,0,6,1,14118898,0,84,0,0,14.119,384,[84 -64 4 0 0 0 0 0 0 0 0 0 -19 6 -21 8 -22 8 -21 7 -21 5 -20 6 -19 7 -20 6 -22 6 -22 4 -19 4 -21 5 -21 0 -22 1 -17 4 -21 0 -17 3 -18 0 -17 0 -18 3 -17 -1 -18 3 -17 -1 -18 3 -17 0 -19 1 -1 -2 -15 1 -18 4 -18 3 -17 2 -17 3 -16 1 -17 1 -14 3 -17 1 -14 5 -17 6 -18 4 -15 6 -16 4 -16 6 -14 7 -13 8 -14 8 -14 8 -17 6 -14 7 -17 5 -17 8 -16 10 -13 5 -15 9 -2 2 0 0 0 0 0 0 0 0 ]
CSI_DATA,AP,68:FE:71:12:53:8C,-32,11,1,7,1,1,1,0,0,0,0,-94,0,6,1,14273864,0,84,0,0,14.274,384,[84 -64 4 0 0 0 0 0 0 0 0 0 9 -17 13 -18 10 -14 14 -17 14 -18 12 -14 15 -17 14 -15 14 -14 12 -16 14 -15 13 -15 17 -12 15 -12 16 -15 17 -11 15 -13 12 -12 16 -12 12 -13 13 -12 13 -14 11 -10 13 -12 15 -12 14 -12 2 1 14 -13 11 -13 11 -9 9 -12 13 -10 13 -11 11 -11 9 -12 12 -14 8 -15 8 -13 7 -15 8 -14 10 -11 8 -15 10 -14 10 -14 8 -14 9 -13 4 -16 8 -14 5 -15 4 -13 8 -15 6 -12 4 -15 -1 -1 0 0 0 0 0 0 0 0 ]
CSI_DATA,AP,68:FE:71:12:53:8C,-36,11,1,7,1,1,1,0,0,0,0,-95,0,6,1,14396057,0,84,0,0,14.396,384,[84 -64 4 0 0 0 0 0 0 0 0 0 15 -12 16 -10 18 -14 17 -11 20 -9 17 -9 16 -7 16 -6 17 -7 16 -7 19 -10 18 -7 18 -10 16 -6 16 -4 19 -4 19 -4 16 -8 15 -3 15 -3 15 -5 18 -7 17 -6 18 -4 18 -7 17 -4 -1 0 17 -4 13 -7 14 -8 16 -7 16 -5 16 -8 14 -7 13 -9 14 -6 12 -6 12 -10 12 -7 13 -7 16 -11 14 -10 13 -9 13 -8 13 -12 13 -8 13 -10 14 -8 11 -8 14 -11 11 -11 10 -12 13 -12 -1 0 0 0 0 0 0 0 0 0 ]
CSI_DATA,AP,68:FE:71:12:53:8C,-38,11,1,5,1,1,1,0,0,0,0,-95,0,6,1,14554854,0,84,0,0,14.555,384,[84 -64 4 0 0 0 0 0 0 0 0 0 12 7 16 8 12 11 15 10 12 12 14 10 13 14 10 12 10 13 10 13 12 11 10 12 12 13 10 14 11 13 8 14 8 14 10 14 7 13 10 13 8 12 8 14 7 10 11 10 10 11 11 10 -1 -1 7 9 7 8 8 11 7 11 9 11 9 9 12 9 10 11 12 10 9 6 11 7 10 6 13 8 13 10 13 7 9 6 12 7 10 7 12 6 12 4 10 5 11 5 11 8 12 5 11 8 12 7 -2 2 0 0 0 0 0 0 0 0 ]
CSI_DATA,AP,68:FE:71:12:53:8C,-39,11,1,5,1,1,1,0,0,0,0,-94,0,6,1,14707051,0,84,0,0,14.707,384,[84 -64 4 0 0 0 0 0 0 0 0 0 -3 -18 -4 -18 -2 -18 -4 -22 -4 -19 0 -21 1 -18 -2 -19 -2 -19 1 -21 -1 -22 0 -20 1 -22 0 -18 0 -19 3 -21 2 -17 2 -16 0 -16 3 -16 1 -19 0 -19 3 -15 2 -16 1 -15 -1 -15 2 1 2 -18 1 -16 -2 -16 -3 -16 0 -16 1 -16 -3 -16 -1 -17 0 -16 -4 -15 -2 -18 -3 -18 -5 -18 -5 -15 -3 -14 -2 -17 -2 -15 -4 -15 -7 -15 -4 -17 -6 -18 -7 -18 -4 -16 -8 -16 -8 -17 -5 -16 -1 0 0 0 0 0 0 0 0 0 ]
CSI_DATA,AP,68:FE:71:12:53:8C,-34,11,1,7,1,1,1,0,0,0,0,-95,0,6,1,14835462,0,84,0,0,14.835,384,[84 -64 4 0 0 0 0 0 0 0 0 0 -4 19 -3 18 -4 21 -7 20 -4 21 -5 20 -7 16 -8 18 -10 15 -11 18 -7 17 -8 19 -10 19 -10 16 -11 15 -10 18 -10 18 -11 15 -11 16 -8 15 -12 15 -10 16 -10 15 -9 17 -7 14 -7 16 -2 1 -9 12 -8 15 -6 15 -7 16 -9 14 -7 13 -8 14 -4 14 -8 16 -5 15 -3 15 -3 13 -5 17 -6 17 -3 15 -3 18 -6 15 -5 13 -3 13 -1 17 -2 16 -3 17 -2 15 -1 18 -2 13 -4 14 0 1 0 0 0 0 0 0 0 0 ]
CSI_DATA,AP,68:FE:71:12:53:8C,-38,11,1,5,1,1,1,0,0,0,0,-94,0,6,1,14965596,0,84,0,0,14.966,384,[84 -64 4 0 0 0 0 0 0 0 0 0 -7 17 -10 17 -10 19 -10 19 -10 16 -11 17 -8 15 -13 17 -11 13 -9 13 -10 15 -14 17 -10 14 -11 13 -11 16 -12 15 -13 15 -14 11 -11 15 -10 15 -14 14 -10 15 -11 14 -9 13 -13 12 -11 14 -1 -1 -11 15 -10 14 -7 15 -10 15 -8 15 -10 14 -10 15 -8 11 -10 13 -9 14 -5 12 -6 15 -5 15 -6 16 -6 16 -4 16 -7 15 -2 15 -6 13 -2 17 -5 14 -4 16 -4 17 -4 15 -1 13 -2 15 -2 -1 0 0 0 0 0 0 0 0 ]
CSI_DATA,AP,68:FE:71:12:53:8C,-36,11,1,5,1,1,1,0,0,0,1,-94,0,6,1,15106795,0,84,0,0,15.107,384,[84 -64 4 0 0 0 0 0 0 0 0 0 -1 -18 2 -17 2 -17 1 -22 0 -20 3 -20 2 -18 3 -16 3 -18 5 -18 6 -16 4 -16 7 -20 6 -19 4 -19 6 -16 3 -18 4 -17 7 -14 7 -16 6 -17 4 -18 4 -15 4 -15 6 -16 6 -15 -1 0 2 -17 2 -13 3 -14 4 -13 3 -16 1 -15 0 -15 1 -15 0 -16 -1 -14 3 -16 -2 -13 2 -15 0 -16 -1 -17 -2 -16 0 -14 1 -17 0 -14 -3 -14 -3 -14 -2 -14 -4 -15 -1 -15 -1 -16 -4 -16 1 -2 0 0 0 0 0 0 0 0 ]
CSI_DATA,AP,68:FE:71:12:53:8C,-35,11,1,6,1,1,1,0,0,0,0,-94,0,6,1,15199802,0,84,0,0,15.2,384,[84 -64 4 0 0 0 0 0 0 0 0 0 -6 20 -2 20 -3 19 -4 20 -6 21 -7 20 -6 20 -8 19 -9 16 -8 18 -7 17 -9 20 -9 19 -10 17 -8 16 -11 17 -9 18 -9 13 -9 13 -8 13 -8 13 -11 13 -8 14 -7 13 -9 18 -6 14 -2 -1 -6 13 -9 16 -9 15 -6 14 -8 16 -5 16 -4 14 -5 14 -6 15 -6 14 -2 14 -6 14 -4 16 -4 17 -4 15 -4 15 -5 14 -1 13 -3 17 1 15 -1 15 -3 18 -3 17 -2 16 -1 17 -2 17 -2 2 0 0 0 0 0 0 0 0 ]
CSI_DATA,AP,68:FE:71:12:53:8C,-38,11,0,0,0,0,0,1,0,0,0,-94,2,6,1,15342868,0,37,0,0,15.343,128,[84 -64 4 0 0 0 0 0 0 0 0 0 -10 -19 -8 -18 -11 -22 -11 -23 -8 -19 -7 -19 -5 -19 -5 -21 -6 -22 -4 -23 -6 -20 -3 -23 -5 -20 -2 -19 -4 -22 -3 -20 -3 -21 -4 -20 0 -20 -1 -18 -2 -17 -3 -18 -2 -19 -4 -18 -3 -19 -1 -16 0 1 -4 -19 -4 -17 -1 -20 -6 -15 -4 -15 -3 -19 -6 -17 -3 -15 -7 -15 -6 -16 -8 -17 -4 -17 -4 -18 -4 -15 -7 -17 -6 -16 -8 -15 -7 -16 -10 -17 -7 -16 -10 -17 -7 -18 -10 -18 -10 -18 -6 -16 -7 -16 -2 -2 0 0 0 0 0 0 0 0 ]
CSI_DATA,AP,68:FE:71:12:53:8C,-37,11,1,5,1,1,1,0,0,0,0,-94,0,6,1,15479538,0,84,0,0,15.48,384,[84 -64 4 0 0 0 0 0 0 0 0 0 -19 5 -23 3 -24 2 -22 3 -20 4 -24 3 -22 -2 -21 1 -22 -1 -20 -2 -23 -2 -21 -1 -22 1 -20 -1 -23 0 -23 0 -21 -4 -18 -4 -21 -4 -18 -5 -21 -2 -18 -3 -17 -4 -21 0 -19 -3 -18 -2 -2 2 -17 -1 -17 -1 -19 0 -20 2 -19 0 -18 -2 -19 -1 -17 2 -16 0 -15 3 -20 2 -18 1 -16 5 -16 3 -17 4 -20 2 -17 2 -17 3 -18 4 -17 3 -16 5 -17 5 -17 7 -15 5 -16 8 -18 8 0 -1 0 0 0 0 0 0 0 0 ]
CSI_DATA,AP,68:FE:71:12:53:8C,-37,11,0,0,0,0,0,0,0,0,0,-95,0,6,1,15603826,0,37,0,0,15.604,128,[84 -64 4 0 0 0 0 0 0 0 0 0 18 -8 18 -11 22 -13 19 -11 20 -8 18 -7 19 -7 20 -4 18 -8 19 -6 19 -7 20 -8 18 -2 22 -6 18 -5 20 -7 19 -3 19 -2 19 -4 20 -2 17 -3 20 -3 19 -3 17 -3 17 -2 17 -5 -1 2 18 -1 18 -2 16 -4 19 -3 17 -3 16 -7 17 -5 16 -4 18 -4 15 -6 18 -6 17 -7 17 -9 15 -9 13 -7 17 -6 16 -6 17 -7 14 -10 12 -11 15 -10 12 -6 15 -9 15 -12 15 -10 12 -9 0 2 0 0 0 0 0 0 0 0 ]
CSI_DATA,AP,68:FE:71:12:53:8C,-34,11,1,6,1,1,1,0,0,0,0,-93,0,6,1,15754134,0,84,0,0,15.754,384,[84 -64 4 0 0 0 0 0 0 0 0 0 -24 1 -21 1 -21 -3 -21 -3 -21 -3 -19 -3 -21 -3 -19 -4 -20 -4 -19 -4 -23 -8 -23 -6 -21 -4 -21 -5 -21 -8 -21 -7 -20 -6 -16 -7 -20 -6 -18 -5 -18 -8 -20 -5 -16 -5 -19 -4 -17 -6 -16 -5 1 1 -17 -4 -19 -6 -17 -6 -17 -1 -19 -2 -18 -4 -18 -6 -16 -3 -19 -3 -17 -3 -19 -1 -17 -1 -15 -2 -16 -2 -19 0 -20 -1 -20 0 -20 2 -17 3 -19 2 -16 0 -16 2 -18 1 -17 1 -19 0 -18 5 -2 0 0 0 0 0 0 0 0 0 ]
CSI_DATA,AP,68:FE:71:12:53:8C,-34,11,1,5,1,1,1,0,0,0,0,-94,0,6,1,15905897,0,84,0,0,15.906,384,[84 -64 4 0 0 0 0 0 0 0 0 0 -15 -17 -17 -16 -15 -18 -16 -15 -16 -15 -13 -16 -13 -19 -14 -18 -14 -17 -11 -17 -11 -19 -15 -18 -14 -19 -12 -20 -12 -17 -10 -18 -9 -15 -9 -17 -8 -19 -9 -19 -8 -20 -10 -19 -7 -15 -10 -16 -10 -20 -11 -16 0 -2 -10 -16 -11 -14 -11 -18 -10 -14 -9 -13 -9 -17 -12 -16 -10 -15 -10 -15 -12 -11 -14 -13 -9 -13 -13 -14 -10 -15 -14 -14 -16 -15 -13 -15 -16 -10 -12 -13 -13 -10 -14 -14 -12 -12 -12 -10 -14 -11 -15 -10 -13 -11 -1 -2 0 0 0 0 0 0 0 0 ]
CSI_DATA,AP,68:FE:71:12:53:8C,-34,11,1,5,1,1,1,0,0,0,0,-93,0,6,1,16047228,0,84,0,0,16.047,384,[84 -64 4 0 0 0 0 0 0 0 0 0 18 -1 20 -1 22 -1 20 1 21 4 18 4 18 5 19 4 19 6 19 7 20 5 18 5 17 6 18 7 19 6 17 8 16 5 17 5 17 6 15 8 18 6 17 5 14 7 18 7 15 7 14 3 -1 -2 17 5 16 5 15 5 16 2 13 4 14 4 14 3 16 2 13 4 14 1 14 -2 13 3 14 -1 15 1 17 2 16 1 17 -2 17 -1 14 0 13 -4 16 -1 13 0 17 -2 17 -2 17 -4 16 -5 0 -1 0 0 0 0 0 0 0 0 ]
CSI_DATA,AP,68:FE:71:12:53:8C,-37,11,1,6,1,1,1,0,0,0,0,-96,0,6,1,16155565,0,84,0,0,16.156,384,[84 -64 4 0 0 0 0 0 0 0 0 0 -11 18 -9 18 -12 17 -10 17 -13 19 -14 15 -12 17 -13 13 -11 17 -15 13 -14 13 -15 17 -12 13 -14 14 -15 14 -13 15 -14 12 -11 11 -14 13 -12 12 -14 13 -15 13 -13 13 -14 12 -15 13 -12 14 2 -2 -10 13 -9 13 -9 14 -12 12 -11 11 -9 14 -9 11 -7 13 -9 12 -6 14 -9 12 -6 11 -7 14 -9 13 -6 16 -6 15 -8 17 -8 16 -8 17 -6 13 -8 13 -4 12 -4 16 -6 15 -8 15 -6 13 2 0 0 0 0 0 0 0 0 0 ]
CSI_DATA,AP,68:FE:71:12:53:8C,-33,11,1,6,1,1,1,0,0,0,0,-93,0,6,1,16290478,0,84,0,0,16.29,384,[84 -64 4 0 0 0 0 0 0 0 0 0 -15 16 -13 12 -18 12 -18 16 -19 12 -19 11 -18 10 -17 11 -19 8 -17 8 -17 8 -20 12 -21 10 -20 9 -18 10 -21 8 -16 6 -17 5 -18 7 -18 6 -15 6 -16 7 -16 8 -15 7 -16 10 -16 6 2 -2 -16 6 -15 10 -15 10 -14 7 -13 9 -14 7 -13 9 -11 10 -15 8 -14 11 -12 10 -12 12 -12 12 -10 13 -15 11 -11 10 -14 12 -12 11 -10 10 -9 11 -12 11 -10 12 -12 12 -9 12 -10 14 -10 14 -1 1 0 0 0 0 0 0 0 0 ]
CSI_DATA,AP,68:FE:71:12:53:8C,-36,11,0,0,0,0,0,0,0,0,0,-95,0,6,1,16396741,0,37,0,0,16.397,128,[84 -64 4 0 0 0 0 0 0 0 0 0 -22 -3 -22 -2 -20 -5 -24 -4 -24 -6 -20 -4 -22 -7 -21 -5 -18 -9 -21 -7 -21 -6 -22 -7 -18 -10 -19 -9 -20 -7 -20 -9 -17 -9 -15 -10 -19 -9 -16 -10 -18 -9 -16 -7 -18 -8 -16 -10 -19 -7 -17 -8 -1 1 -14 -6 -18 -5 -15 -4 -17 -4 -16 -6 -18 -7 -19 -6 -17 -6 -15 -3 -15 -5 -16 -2 -17 -1 -16 -1 -17 -1 -18 -2 -20 -4 -20 -4 -17 0 -19 -4 -19 0 -16 0 -17 -4 -19 1 -19 1 -17 2 -18 -2 -2 1 0 0 0 0 0 0 0 0 ]
CSI_DATA,AP,68:FE:71:12:53:8C,-36,11,1,6,1,1,1,0,0,0,1,-94,0,6,1,16546949,0,84,0,0,16.547,384,[84 -64 4 0 0 0 0 0 0 0 0 0 -16 -14 -14 -17 -12 -16 -14 -20 -10 -16 -13 -16 -12 -18 -11 -17 -8 -19 -10 -16 -11 -21 -11 -17 -9 -19 -7 -20 -6 -18 -9 -19 -9 -16 -6 -16 -6 -17 -8 -19 -7 -19 -9 -20 -9 -15 -8 -17 -7 -20 -6 -16 0 -1 -9 -16 -10 -15 -10 -19 -10 -17 -7 -13 -7 -14 -10 -13 -11 -13 -8 -15 -9 -14 -12 -13 -10 -11 -10 -13 -12 -11 -13 -15 -10 -15 -12 -14 -14 -10 -14 -14 -11 -11 -12 -12 -15 -12 -14 -14 -16 -11 -12 -13 -13 -9 -2 1 0 0 0 0 0 0 0 0 ]
CSI_DATA,AP,68:FE:71:12:53:8C,-35,11,1,7,1,1,1,0,0,0,0,-94,0,6,1,16680658,0,84,0,0,16.681,384,[84 -64 4 0 0 0 0 0 0 0 0 0 9 -16 11 -19 10 -17 14 -20 10 -16 11 -16 12 -15 15 -14 12 -14 13 -15 14 -14 14 -16 14 -17 15 -16 15 -14 14 -14 15 -15 11 -11 15 -14 12 -11 14 -11 14 -11 14 -13 14 -12 15 -12 15 -12 1 1 13 -12 14 -11 10 -11 9 -11 9 -13 10 -15 9 -15 12 -14 11 -11 8 -11 9 -15 8 -14 6 -16 11 -12 8 -15 10 -17 10 -17 5 -14 9 -17 8 -15 7 -13 9 -13 5 -13 6 -16 6 -15 5 -16 2 1 0 0 0 0 0 0 0 0 ]
CSI_DATA,AP,68:FE:71:12:53:8C,-34,11,1,5,1,1,1,0,0,0,0,-96,0,6,1,16808963,0,84,0,0,16.809,384,[84 -64 4 0 0 0 0 0 0 0 0 0 8 15 8 18 10 18 10 21 8 21 7 18 7 18 3 18 6 17 2 16 6 21 5 19 2 19 1 21 1 19 4 20 2 20 2 18 2 19 0 17 1 17 3 17 0 15 5 19 1 20 5 17 -2 -2 5 16 3 17 4 18 4 13 6 17 5 18 4 14 5 14 4 12 8 12 9 17 6 13 9 12 6 16 8 14 6 13 8 12 11 14 6 15 8 10 9 11 11 13 10 11 9 13 7 12 9 12 2 2 0 0 0 0 0 0 0 0 ]
CSI_DATA,AP,68:FE:71:12:53:8C,-36,11,1,6,1,1,1,0,0,0,0,-95,0,6,1,16939529,0,84,0,0,16.94,384,[84 -64 4 0 0 0 0 0 0 0 0 0 0 -21 1 -19 4 -21 1 -22 5 -22 4 -18 4 -22 7 -18 8 -20 3 -19 6 -20 7 -22 5 -19 6 -19 5 -20 6 -22 8 -18 6 -18 5 -20 5 -16 7 -16 8 -16 5 -17 4 -17 4 -18 8 -20 -2 -2 6 -16 7 -17 5 -19 6 -15 5 -14 5 -19 3 -19 6 -16 5 -18 3 -15 2 -16 3 -18 2 -17 4 -19 4 -15 1 -20 0 -16 -2 -20 2 -19 2 -16 1 -18 -1 -20 -1 -17 1 -16 -1 -18 -1 -17 -1 -1 0 0 0 0 0 0 0 0 ]
CSI_DATA,AP,68:FE:71:12:53:8C,-36,11,0,0,0,0,0,0,0,0,0,-96,0,6,1,17080159,0,37,0,0,17.08,128,[84 -64 4 0 0 0 0 0 0 0 0 0 -11 -19 -10 -17 -8 -18 -6 -23 -6 -23 -7 -18 -4 -18 -2 -22 -4 -22 -3 -19 -1 -21 -2 -23 -2 -19 -2 -22 -3 -21 0 -20 -4 -17 -1 -18 -1 -16 -3 -20 0 -16 -2 -17 -1 -18 1 -18 -3 -18 -3 -18 -2 -2 0 -16 -5 -16 -4 -18 -3 -18 -3 -18 -1 -18 -2 -17 -2 -17 -2 -18 -7 -15 -6 -17 -5 -17 -7 -14 -7 -14 -7 -16 -4 -14 -5 -15 -6 -16 -4 -14 -6 -13 -8 -17 -9 -17 -9 -18 -6 -18 -8 -17 -7 -13 0 2 0 0 0 0 0 0 0 0 ]
CSI_DATA,AP,68:FE:71:12:53:8C,-36,11,1,6,1,1,1,0,0,0,0,-96,0,6,1,17217835,0,84,0,0,17.218,384,[84 -64 4 0 0 0 0 0 0 0 0 0 10 19 10 16 10 16 9 19 8 18 4 18 7 16 7 16 5 18 3 16 2 17 2 19 5 19 4 17 4 18 1 19 2 17 4 15 3 18 3 18 1 17 2 16 0 16 1 17 5 18 2 18 1 1 4 15 4 15 4 16 3 12 2 15 3 16 6 17 7 13 7 14 7 12 6 13 7 15 8 15 5 13 9 15 7 14 6 11 8 14 8 10 11 12 8 12 7 12 7 13 10 11 7 9 11 12 -2 2 0 0 0 0 0 0 0 0 ]
CSI_DATA,AP,68:FE:71:12:53:8C,-35,11,1,5,1,1,1,0,0,0,0,-94,0,6,1,17338678,0,84,0,0,17.339,384,[84 -64 4 0 0 0 0 0 0 0 0 0 -17 -2 -17 1 -20 -1 -22 0 -21 -4 -17 -1 -21 -4 -16 -3 -19 -5 -17 -2 -20 -4 -20 -4 -17 -4 -19 -4 -15 -7 -20 -7 -19 -7 -17 -4 -15 -3 -14 -5 -16 -6 -16 -5 -13 -6 -15 -3 -15 -5 -15 -2 2 2 -14 -5 -18 -3 -16 -1 -14 0 -13 -3 -16 -1 -16 -3 -15 -1 -17 0 -13 -1 -17 0 -17 -1 -15 -2 -15 -2 -15 2 -18 -1 -18 0 -16 3 -15 0 -14 2 -15 0 -14 2 -15 0 -15 4 -13 4 -17 3 -1 2 0 0 0 0 0 0 0 0 ]
CSI_DATA,AP,68:FE:71:12:53:8C,-35,11,1,5,1,1,1,0,0,0,0,-95,0,6,1,17495109,0,84,0,0,17.495,384,[84 -64 4 0 0 0 0 0 0 0 0 0 6 14 8 14 8 17 5 17 5 15 5 14 5 15 4 14 3 13 1 16 2 13 3 15 3 15 4 17 0 12 1 15 1 16 3 11 -1 11 0 15 3 14 3 12 0 14 2 13 4 12 1 11 -1 -1 4 12 3 15 5 14 2 10 5 14 2 13 2 12 2 10 6 10 3 9 5 12 5 10 6 14 8 12 3 11 8 12 9 12 7 12 9 10 7 10 6 13 5 12 6 12 9 15 6 11 8 14 -2 1 0 0 0 0 0 0 0 0 ]
CSI_DATA,AP,68:FE:71:12:53:8C,-37,11,1,7,1,1,1,1,0,0,0,-94,1,6,1,17653835,0,84,0,0,17.654,384,[84 -64 4 0 0 0 0 0 0 0 0 0 18 4 15 5 18 3 18 4 14 6 18 7 16 5 17 5 14 7 14 5 14 9 13 9 16 9 14 10 14 10 16 10 13 10 12 8 12 6 15 6 11 5 11 9 12 8 12 8 15 8 12 7 1 -1 12 5 13 8 15 6 14 5 14 7 13 7 15 5 10 5 12 2 12 5 11 5 10 1 14 3 14 3 13 1 13 5 13 1 16 -1 15 0 15 1 16 1 13 3 14 0 13 0 14 -1 16 2 -1 2 0 0 0 0 0 0 0 0 ]
CSI_DATA,AP,68:FE:71:12:53:8C,-33,11,1,6,1,1,1,0,0,0,0,-94,0,6,1,17764497,0,84,0,0,17.764,384,[84 -64 4 0 0 0 0 0 0 0 0 0 14 -6 14 -6 14 -6 15 -8 12 -5 15 -4 12 -2 15 -1 12 -1 11 -4 13 -2 14 -1 14 -1 13 -4 13 -4 14 -1 14 0 13 -4 13 -3 11 -1 10 -1 10 -1 10 0 14 0 12 -3 12 -1 0 0 9 -3 9 -2 14 -4 10 -4 10 -4 9 -2 9 -2 12 -1 9 -1 11 -3 11 -2 10 -3 10 -3 12 -6 9 -6 12 -4 8 -5 9 -6 12 -7 9 -5 11 -3 9 -7 12 -5 11 -5 11 -5 10 -5 1 -2 0 0 0 0 0 0 0 0 ]
CSI_DATA,AP,68:FE:71:12:53:8C,-36,11,1,6,1,1,1,0,0,0,0,-94,0,6,1,17888393,0,84,0,0,17.888,384,[84 -64 4 0 0 0 0 0 0 0 0 0 32 -3 28 1 33 0 34 -2 31 3 32 4 32 1 28 3 30 7 31 6 29 4 31 6 29 6 27 7 29 5 29 10 27 6 26 6 28 8 29 9 25 7 28 10 28 5 28 9 28 10 29 6 0 2 27 6 26 5 30 5 25 3 27 2 29 3 26 4 27 3 27 2 25 0 26 2 25 3 28 2 28 -1 28 0 29 -2 26 -1 26 -4 30 -3 26 -6 27 -2 27 -1 26 -3 26 -7 30 -5 28 -5 2 -1 0 0 0 0 0 0 0 0 ]
CSI_DATA,AP,68:FE:71:12:53:8C,-33,11,0,0,0,0,0,0,0,0,0,-94,0,6,1,18028898,0,37,0,0,18.029,128,[84 -64 4 0 0 0 0 0 0 0 0 0 8 -19 7 -21 8 -20 9 -23 9 -19 8 -21 9 -22 8 -20 10 -17 11 -20 11 -17 13 -19 14 -20 10 -17 11 -15 12 -16 11 -14 8 -15 9 -17 11 -18 10 -16 11 -18 10 -13 8 -15 8 -15 9 -13 -2 -2 8 -15 9 -14 10 -13 9 -16 8 -14 7 -14 8 -16 8 -16 5 -14 5 -17 7 -18 4 -14 7 -17 6 -17 4 -16 1 -16 2 -18 3 -17 2 -14 4 -16 3 -15 0 -15 0 -16 -1 -19 3 -17 0 -14 1 -2 0 0 0 0 0 0 0 0 ]
CSI_DATA,AP,68:FE:71:12:53:8C,-40,11,1,4,1,1,1,1,0,0,0,-93,6,6,1,18164219,0,84,0,0,18.164,384,[84 -64 4 0 0 0 0 0 0 0 0 0 -22 3 -22 0 -21 2 -24 2 -19 -1 -20 -2 -19 -2 -20 -2 -17 0 -16 -4 -17 -2 -16 -4 -18 -1 -15 -2 -14 -3 -15 0 -17 0 -14 -1 -13 -1 -12 -2 -14 0 -14 -3 -14 -1 -15 0 -11 1 -11 0 1 -1 -12 -1 -14 -1 -13 1 -10 3 -14 -1 -12 2 -11 4 -11 1 -14 3 -9 4 -10 5 -9 4 -13 5 -10 2 -12 3 -13 7 -12 4 -13 4 -11 3 -13 5 -13 5 -11 7 -9 7 -13 6 -11 8 -11 8 2 -2 0 0 0 0 0 0 0 0 ]
CSI_DATA,AP,68:FE:71:12:53:8C,-37,11,0,0,0,0,0,0,0,0,0,-94,0,6,1,18311530,0,37,0,0,18.312,128,[84 -64 4 0 0 0 0 0 0 0 0 0 -3 29 0 25 -4 26 -4 30 -2 25 -5 21 -7 25 -9 19 -8 23 -8 19 -10 20 -5 22 -9 22 -7 21 -7 16 -5 19 -6 17 -8 13 -3 17 -7 16 -4 16 -5 14 -2 11 -4 14 -4 15 -5 15 -2 2 0 15 1 15 0 12 3 11 2 13 2 14 -1 12 2 12 2 12 3 11 2 10 3 10 3 11 3 14 6 12 5 14 8 12 6 12 7 13 6 10 6 12 6 9 8 9 11 9 6 10 6 10 -2 0 0 0 0 0 0 0 0 0 ]
CSI_DATA,AP,68:FE:71:12:53:8C,-36,11,1,6,1,1,1,1,0,0,0,-95,4,6,1,18412396,0,84,0,0,18.412,384,[84 -64 4 0 0 0 0 0 0 0 0 0 -23 -22 -21 -26 -22 -27 -22 -27 -17 -27 -17 -25 -14 -26 -13 -24 -16 -25 -11 -21 -12 -24 -12 -21 -14 -24 -13 -19 -8 -21 -14 -21 -11 -16 -12 -18 -10 -16 -12 -15 -11 -18 -11 -14 -10 -12 -10 -15 -10 -12 -13 -10 0 2 -13 -9 -11 -8 -12 -10 -10 -9 -10 -10 -11 -8 -13 -10 -13 -8 -11 -4 -10 -5 -12 -6 -11 -2 -12 -4 -15 -4 -12 -4 -16 -4 -14 -1 -11 1 -11 -4 -11 1 -12 0 -12 2 -15 1 -15 0 -14 0 -12 2 -1 0 0 0 0 0 0 0 0 0 ]
CSI_DATA,AP,68:FE:71:12:53:8C,-41,11,1,5,1,1,1,1,0,0,0,-95,1,6,1,18539162,0,84,0,0,18.539,384,[84 -64 4 0 0 0 0 0 0 0 0 0 -12 9 -12 7 -15 8 -12 7 -12 8 -12 7 -14 4 -11 4 -14 6 -12 6 -15 7 -14 4 -13 5 -15 4 -14 5 -16 3 -13 3 -13 5 -12 4 -10 6 -13 5 -14 6 -12 6 -12 6 -10 8 -13 8 0 -2 -10 5 -10 6 -13 9 -12 10 -12 8 -13 6 -13 9 -8 8 -9 11 -11 7 -12 11 -9 9 -10 9 -10 10 -11 10 -10 10 -10 9 -11 11 -12 10 -8 11 -8 11 -8 11 -9 12 -8 12 -11 10 -10 9 1 2 0 0 0 0 0 0 0 0 ]
CSI_DATA,AP,68:FE:71:12:53:8C,-34,11,1,6,1,1,1,0,0,0,0,-95,0,6,1,18663797,0,84,0,0,18.664,384,[84 -64 4 0 0 0 0 0 0 0 0 0 16 -5 16 -4 18 -7 19 -3 21 -3 17 -1 21 -2 17 0 18 -3 21 -1 19 -2 21 -4 23 -4 19 -2 19 0 19 -3 19 2 19 1 21 1 22 2 20 0 20 2 19 0 22 -2 22 -2 22 -2 0 1 22 0 21 1 23 0 21 -1 22 1 22 -1 19 -1 22 -4 20 -4 18 -5 22 -3 21 -4 21 -3 19 -5 22 -6 23 -6 19 -5 20 -6 19 -3 17 -7 20 -3 19 -5 17 -7 19 -8 20 -3 18 -3 -1 -1 0 0 0 0 0 0 0 0 ]
CSI_DATA,AP,68:FE:71:12:53:8C,-40,11,1,6,1,1,1,0,0,0,0,-93,0,6,1,18801542,0,84,0,0,18.802,384,[84 -64 4 0 0 0 0 0 0 0 0 0 8 -16 7 -16 11 -18 13 -14 11 -18 11 -14 15 -14 13 -12 12 -13 15 -15 14 -17 17 -17 18 -12 15 -14 15 -12 18 -15 17 -13 18 -10 17 -10 15 -12 16 -9 15 -9 17 -10 19 -11 19 -14 17 -11 -1 2 18 -11 14 -12 18 -12 13 -15 15 -13 18 -14 16 -14 15 -11 13 -13 11 -13 13 -16 15 -14 12 -17 13 -16 12 -15 14 -17 11 -16 10 -18 13 -19 10 -18 14 -17 14 -18 13 -17 8 -19 12 -18 12 -16 -1 -1 0 0 0 0 0 0 0 0 ]
CSI_DATA,AP,68:FE:71:12:53:8C,-37,11,1,7,1,1,1,1,0,0,1,-93,3,6,1,18923314,0,84,0,0,18.923,384,[84 -64 4 0 0 0 0 0 0 0 0 0 1 -5 1 -6 2 -5 0 -5 2 -7 1 -6 1 -7 2 -6 2 -10 1 -5 1 -7 3 -8 1 -6 1 -7 1 -6 2 -5 6 -10 2 -9 4 -6 2 -7 3 -8 4 -7 5 -6 1 -5 1 -8 4 -6 -2 -2 3 -7 3 -6 2 -6 2 -6 2 -8 4 -8 2 -8 2 -9 3 -5 5 -5 2 -9 2 -8 4 -6 0 -9 3 -5 3 -6 0 -6 0 -6 1 -7 1 -7 4 -8 0 -5 -1 -7 1 -8 -1 -9 0 -6 -1 -2 0 0 0 0 0 0 0 0 ]
CSI_DATA,AP,68:FE:71:12:53:8C,-30,11,1,7,1,1,1,0,0,0,0,-96,0,6,1,19055993,0,84,0,0,19.056,384,[84 -64 4 0 0 0 0 0 0 0 0 0 -23 -6 -22 -5 -21 -3 -21 -7 -21 -6 -22 -6 -19 -10 -21 -8 -21 -7 -17 -8 -22 -8 -21 -10 -20 -10 -21 -7 -18 -9 -21 -8 -20 -11 -17 -7 -17 -9 -17 -10 -18 -10 -19 -11 -14 -8 -17 -10 -16 -8 -15 -7 -2 -2 -15 -7 -17 -5 -16 -7 -17 -5 -15 -4 -14 -7 -15 -6 -18 -4 -14 -4 -16 -4 -17 -5 -15 -1 -17 -3 -15 -4 -16 -1 -18 -2 -19 -4 -15 -1 -18 0 -16 -3 -16 0 -17 1 -14 -1 -15 0 -14 -1 -18 1 -1 0 0 0 0 0 0 0 0 0 ]
CSI_DATA,AP,68:FE:71:12:53:8C,-38,11,1,7,1,1,1,0,0,0,0,-94,0,6,1,19159420,0,84,0,0,19.159,384,[84 -64 4 0 0 0 0 0 0 0 0 0 0 16 0 18 3 17 0 17 -2 20 -3 19 0 17 -4 19 -3 19 -4 16 -1 18 -5 17 -6 19 -4 19 -2 15 -4 18 -6 18 -4 14 -6 17 -3 18 -2 18 -2 15 -4 14 -6 18 -2 14 -4 17 0 0 -2 13 -2 13 -3 16 -1 14 -3 16 -3 17 -2 16 -2 13 -1 13 -2 16 0 16 -1 14 2 16 -1 14 2 12 1 16 3 15 1 14 2 15 1 12 1 15 1 16 6 13 5 14 2 13 2 15 -1 2 0 0 0 0 0 0 0 0 ]
CSI_DATA,AP,68:FE:71:12:53:8C,-38,11,1,6,1,1,1,0,0,0,0,-94,0,6,1,19308863,0,84,0,0,19.309,384,[84 -64 4 0 0 0 0 0 0 0 0 0 -13 -14 -16 -16 -16 -17 -13 -17 -15 -19 -12 -17 -11 -18 -10 -15 -13 -17 -13 -16 -11 -15 -11 -19 -9 -16 -11 -16 -9 -19 -9 -16 -7 -15 -11 -18 -7 -18 -11 -15 -7 -17 -9 -18 -10 -13 -9 -14 -8 -16 -9 -12 -1 0 -8 -13 -8 -15 -10 -12 -8 -13 -12 -12 -9 -11 -9 -13 -10 -15 -10 -10 -12 -11 -12 -11 -14 -12 -12 -10 -12 -10 -14 -13 -11 -14 -13 -10 -15 -9 -14 -13 -15 -11 -14 -11 -14 -12 -16 -9 -13 -12 -14 -7 -13 -8 1 -2 0 0 0 0 0 0 0 0 ]
CSI_DATA,AP,68:FE:71:12:53:8C,-35,11,1,6,1,1,1,1,0,0,0,-95,4,6,1,19439158,0,84,0,0,19.439,384,[84 -64 4 0 0 0 0 0 0 0 0 0 -21 -30 -22 -32 -22 -32 -19 -34 -17 -35 -18 -34 -16 -35 -17 -36 -12 -37 -16 -34 -12 -34 -12 -35 -16 -37 -14 -34 -11 -35 -10 -35 -10 -32 -9 -32 -11 -32 -8 -31 -8 -32 -10 -34 -9 -28 -8 -30 -7 -32 -10 -30 -1 -1 -7 -28 -12 -31 -11 -30 -12 -26 -8 -27 -9 -30 -10 -29 -11 -30 -10 -29 -12 -28 -13 -28 -16 -28 -16 -27 -16 -29 -11 -26 -14 -28 -16 -30 -15 -28 -17 -25 -15 -24 -14 -28 -18 -26 -20 -29 -19 -24 -19 -27 -20 -27 -2 -2 0 0 0 0 0 0 0 0 ]
CSI_DATA,AP,68:FE:71:12:53:8C,-39,11,1,6,1,1,1,1,0,0,0,-95,6,6,1,19539046,0,84,0,0,19.539,384,[84 -64 4 0 0 0 0 0 0 0 0 0 30 -14 26 -12 32 -14 31 -14 31 -12 27 -10 27 -11 27 -8 28 -7 26 -8 30 -8 32 -5 31 -4 27 -7 27 -5 27 -8 25 -3 28 -6 27 -4 25 -4 24 -3 25 -6 21 -4 24 -6 26 -6 22 -4 -2 0 24 -8 26 -5 22 -6 24 -9 21 -6 20 -7 24 -7 19 -10 21 -9 21 -11 21 -11 21 -12 19 -10 19 -10 21 -12 19 -13 21 -12 20 -12 20 -14 20 -16 19 -12 18 -13 18 -12 20 -14 19 -16 21 -17 1 2 0 0 0 0 0 0 0 0 ]
CSI_DATA,AP,68:FE:71:12:53:8C,-38,11,1,6,1,1,1,0,0,0,0,-96,0,6,1,19665781,0,84,0,0,19.666,384,[84 -64 4 0 0 0 0 0 0 0 0 0 -14 -12 -15 -10 -14 -9 -18 -13 -17 -13 -13 -11 -15 -14 -16 -13 -11 -15 -13 -15 -12 -12 -14 -11 -13 -13 -13 -14 -14 -13 -9 -12 -13 -15 -12 -9 -14 -11 -9 -10 -13 -10 -11 -11 -9 -10 -13 -13 -10 -13 -12 -9 -2 0 -12 -12 -11 -8 -11 -12 -11 -10 -13 -9 -14 -7 -14 -11 -11 -8 -10 -8 -12 -9 -15 -8 -13 -7 -13 -8 -13 -7 -10 -6 -16 -9 -13 -8 -13 -6 -12 -7 -15 -7 -14 -7 -14 -9 -16 -4 -15 -8 -14 -4 -16 -8 1 2 0 0 0 0 0 0 0 0 ]
CSI_DATA,AP,68:FE:71:12:53:8C,-35,11,1,6,1,1,1,0,0,0,1,-94,0,6,1,19801079,0,84,0,0,19.801,384,[84 -64 4 0 0 0 0 0 0 0 0 0 8 19 7 15 4 16 7 20 4 21 4 20 2 19 4 19 4 20 2 20 3 21 2 20 2 18 0 20 2 17 -1 16 0 16 1 15 0 18 1 19 2 16 -1 17 1 16 2 17 -1 14 0 15 -2 2 2 13 2 15 4 13 4 15 4 14 2 14 3 16 4 12 5 12 5 13 6 15 5 13 5 16 4 14 5 15 5 14 4 15 5 13 6 15 5 11 7 13 7 11 5 13 6 11 10 12 11 11 1 -1 0 0 0 0 0 0 0 0 ]
CSI_DATA,AP,68:FE:71:12:53:8C,-35,11,1,6,1,1,1,0,0,0,0,-95,0,6,1,19933049,0,84,0,0,19.933,384,[84 -64 4 0 0 0 0 0 0 0 0 0 18 -12 14 -14 15 -14 20 -11 17 -11 18 -9 18 -7 18 -8 16 -10 19 -8 17 -8 20 -6 17 -8 17 -6 18 -4 20 -7 16 -3 17 -5 18 -6 17 -8 15 -4 18 -6 17 -6 14 -7 19 -4 14 -4 2 0 16 -4 15 -6 16 -5 16 -5 14 -7 17 -6 12 -5 16 -9 14 -7 13 -11 15 -10 13 -10 15 -11 13 -10 13 -10 11 -12 11 -10 15 -9 12 -13 10 -11 12 -10 14 -11 12 -11 12 -12 11 -13 9 -12 0 0 0 0 0 0 0 0 0 0 ]
CSI_DATA,AP,68:FE:71:12:53:8C,-33,11,1,7,1,1,1,0,0,0,0,-95,0,6,1,20050693,0,84,0,0,20.051,384,[84 -64 4 0 0 0 0 0 0 0 0 0 -12 16 -11 14 -13 17 -13 13 -9 17 -13 14 -14 12 -13 11 -10 14 -10 11 -14 13 -12 15 -10 10 -10 14 -10 11 -12 13 -10 11 -10 9 -13 12 -12 11 -12 10 -9 9 -10 11 -9 11 -11 12 -11 12 -1 0 -12 9 -10 12 -7 13 -11 12 -10 11 -11 12 -10 13 -11 9 -6 12 -10 9 -6 13 -10 13 -7 11 -6 11 -9 12 -9 13 -7 11 -4 13 -5 15 -4 12 -7 14 -7 13 -4 13 -7 15 -4 14 -7 15 -1 2 0 0 0 0 0 0 0 0 ]
CSI_DATA,AP,68:FE:71:12:53:8C,-37,11,1,5,1,1,1,0,0,0,0,-95,0,6,1,20197099,0,84,0,0,20.197,384,[84 -64 4 0 0 0 0 0 0 0 0 0 17 5 20 6 20 6 18 7 19 7 20 8 20 4 16 8 20 5 20 7 17 9 16 8 18 10 17 10 19 6 18 10 14 8 18 8 15 6 18 8 15 8 16 5 15 8 14 9 14 7 13 9 1 2 14 5 15 8 13 5 17 5 13 5 16 3 15 3 16 3 16 2 17 3 17 4 13 4 17 4 15 0 15 3 14 1 14 3 18 0 13 3 13 0 16 2 17 0 16 2 17 2 15 0 15 1 2 0 0 0 0 0 0 0 0 0 ]
CSI_DATA,AP,68:FE:71:12:53:8C,-34,11,1,5,1,1,1,0,0,0,0,-96,0,6,1,20344790,0,84,0,0,20.345,384,[84 -64 4 0 0 0 0 0 0 0 0 0 20 3 21 2 22 5 18 3 21 6 18 6 20 5 20 6 16 9 21 6 20 9 18 10 17 8 18 8 15 7 15 9 18 8 14 7 15 7 17 9 16 8 14 9 17 9 13 5 13 9 17 6 1 2 14 6 17 8 17 6 14 3 16 3 17 4 15 2 13 3 13 3 13 3 14 3 15 1 16 3 17 3 15 4 17 4 16 2 14 1 17 1 15 0 14 2 17 2 17 3 17 -1 17 0 13 -2 2 0 0 0 0 0 0 0 0 0 ]
CSI_DATA,AP,68:FE:71:12:53:8C,-38,11,0,0,0,0,0,0,0,0,0,-96,0,6,1,20479045,0,37,0,0,20.479,128,[84 -64 4 0 0 0 0 0 0 0 0 0 0 20 -1 21 2 21 0 21 1 21 0 17 -2 17 -2 21 -3 17 -5 19 -6 21 -6 20 -5 17 -6 17 -6 19 -4 17 -4 18 -3 16 -7 19 -3 15 -4 17 -7 18 -6 17 -3 14 -2 18 -6 16 1 1 -6 13 -5 17 -3 17 -1 14 -5 14 -3 18 -3 14 -3 16 -4 15 1 13 -1 17 -2 17 0 15 -2 13 -1 14 -1 14 3 18 2 16 0 15 0 13 2 13 2 17 2 17 5 16 2 17 4 14 1 2 0 0 0 0 0 0 0 0 ]
CSI_DATA,AP,68:FE:71:12:53:8C,-34,11,1,6,1,1,1,1,0,0,0,-93,1,6,1,20603174,0,84,0,0,20.603,384,[84 -64 4 0 0 0 0 0 0 0 0 0 9 12 10 14 10 16 8 16 10 14 9 16 7 15 5 17 6 17 7 16 9 16 7 17 9 14 7 13 8 15 6 14 7 14 3 13 4 13 7 14 4 14 4 14 4 13 3 12 7 16 6 14 -1 -2 6 13 5 12 6 15 4 13 6 11 7 10 6 13 5 13 7 12 9 10 9 13 10 13 8 11 6 13 9 10 9 11 8 11 7 8 10 8 8 8 8 11 11 11 8 9 9 7 12 8 11 9 2 -2 0 0 0 0 0 0 0 0 ]
CSI_DATA,AP,68:FE:71:12:53:8C,-41,11,1,4,1,1,1,0,0,0,0,-93,0,6,1,20755895,0,84,0,0,20.756,384,[84 -64 4 0 0 0 0 0 0 0 0 0 17 -9 19 -8 18 -7 23 -8 22 -6 21 -6 22 -3 21 -3 21 -2 19 -1 19 -3 21 -4 21 -3 21 -1 21 -3 17 1 17 0 19 -1 17 -3 20 2 16 2 18 2 17 0 15 -1 18 -3 16 -1 1 -2 14 0 19 0 17 -2 14 -2 18 -3 18 -4 16 -4 14 -4 15 -1 14 -5 14 -3 16 -5 16 -8 15 -8 17 -7 17 -6 14 -8 13 -5 15 -5 13 -7 15 -5 14 -4 14 -9 14 -7 16 -8 12 -10 1 2 0 0 0 0 0 0 0 0 ]
CSI_DATA,AP,68:FE:71:12:53:8C,-36,11,1,7,1,1,1,0,0,0,0,-93,0,6,1,20902465,0,84,0,0,20.902,384,[84 -64 4 0 0 0 0 0 0 0 0 0 -20 -12 -18 -13 -20 -11 -20 -14 -18 -14 -15 -15 -14 -14 -14 -14 -13 -15 -14 -15 -15 -14 -16 -14 -12 -14 -14 -13 -14 -13 -11 -12 -10 -15 -11 -12 -15 -15 -10 -15 -14 -12 -12 -12 -10 -12 -14 -12 -15 -12 -15 -12 2 -2 -13 -13 -14 -12 -15 -12 -15 -8 -12 -10 -16 -12 -13 -9 -12 -12 -14 -10 -14 -9 -15 -10 -12 -9 -15 -10 -13 -6 -14 -8 -15 -8 -17 -5 -13 -8 -17 -9 -15 -4 -15 -6 -16 -4 -16 -4 -18 -5 -18 -4 -14 -7 0 2 0 0 0 0 0 0 0 0 ]
CSI_DATA,AP,68:FE:71:12:53:8C,-36,11,1,6,1,1,1,0,0,0,0,-94,0,6,1,21006566,0,84,0,0,21.007,384,[84 -64 4 0 0 0 0 0 0 0 0 0 18 -5 20 -5 21 -7 22 -3 20 -1 20 -5 19 0 18 -4 20 -3 20 -2 19 1 17 1 21 1 17 0 17 2 16 0 16 2 19 0 17 2 16 3 15 0 18 2 16 -1 15 2 16 -1 17 -1 -1 -2 17 0 18 2 16 1 16 0 13 -2 17 -1 14 1 16 -4 15 -1 14 -3 17 -2 14 -5 17 -4 16 -2 17 -2 16 -5 13 -2 14 -5 16 -6 13 -4 15 -7 16 -6 16 -6 14 -6 16 -7 13 -5 0 0 0 0 0 0 0 0 0 0 ]
CSI_DATA,AP,68:FE:71:12:53:8C,-39,11,1,5,1,1,1,0,0,0,0,-95,0,6,1,21127884,0,84,0,0,21.128,384,[84 -64 4 0 0 0 0 0 0 0 0 0 10 -22 6 -19 9 -18 9 -19 8 -19 8 -16 8 -16 11 -16 12 -16 9 -15 9 -18 13 -18 11 -15 10 -16 11 -18 14 -16 11 -13 13 -12 13 -16 10 -12 10 -14 13 -15 8 -12 11 -15 9 -15 11 -15 1 1 11 -12 7 -15 11 -17 6 -12 6 -12 11 -14 11 -12 10 -13 6 -13 6 -14 8 -17 8 -17 5 -13 6 -18 7 -17 6 -17 7 -17 6 -17 6 -17 6 -15 4 -17 5 -17 6 -15 5 -18 5 -16 5 -18 -1 -1 0 0 0 0 0 0 0 0 ]
CSI_DATA,AP,68:FE:71:12:53:8C,-31,11,1,7,1,1,1,0,0,0,0,-95,0,6,1,21257707,0,84,0,0,21.258,384,[84 -64 4 0 0 0 0 0 0 0 0 0 -18 -15 -14 -14 -18 -14 -14 -18 -17 -17 -13 -16 -15 -14 -14 -18 -15 -16 -12 -15 -14 -19 -12 -17 -13 -20 -11 -16 -11 -19 -9 -18 -9 -18 -9 -16 -10 -17 -10 -16 -8 -17 -9 -15 -11 -14 -10 -17 -11 -14 -12 -13 -2 2 -12 -16 -12 -17 -9 -16 -13 -14 -11 -13 -11 -13 -10 -13 -11 -15 -10 -10 -11 -13 -11 -10 -14 -11 -11 -12 -12 -9 -15 -12 -13 -9 -13 -12 -15 -11 -12 -12 -12 -9 -15 -11 -16 -10 -13 -10 -16 -10 -13 -11 -13 -10 0 -2 0 0 0 0 0 0 0 0 ]
CSI_DATA,AP,68:FE:71:12:53:8C,-42,11,1,4,1,1,1,0,0,0,0,-94,0,6,1,21418267,0,84,0,0,21.418,384,[84 -64 4 0 0 0 0 0 0 0 0 0 18 -9 17 -10 19 -11 23 -10 21 -8 18 -5 20 -4 19 -6 21 -4 19 -4 21 -6 20 -3 19 -3 22 -6 18 -4 20 -2 20 -3 18 -5 17 -3 21 -3 18 -3 18 -1 16 -1 18 -4 21 -3 19 -4 -1 0 15 -5 16 -3 15 -6 16 -4 15 -7 16 -5 17 -6 18 -6 17 -8 13 -9 15 -6 17 -7 17 -10 13 -6 15 -6 17 -7 15 -11 14 -9 13 -11 16 -9 14 -7 12 -10 15 -11 12 -13 15 -10 12 -9 -1 -1 0 0 0 0 0 0 0 0 ]
CSI_DATA,AP,68:FE:71:12:53:8C,-37,11,1,7,1,1,1,0,0,0,1,-94,0,6,1,21565965,0,84,0,0,21.566,384,[84 -64 4 0 0 0 0 0 0 0 0 0 12 -21 9 -18 13 -21 14 -23 13 -17 13 -20 12 -18 13 -14 13 -15 14 -15 16 -17 16 -16 12 -15 15 -18 12 -14 15 -15 12 -16 11 -14 13 -12 16 -14 15 -15 13 -12 11 -13 11 -14 13 -13 14 -15 2 2 11 -13 14 -12 10 -17 10 -15 9 -15 11 -14 13 -15 9 -13 8 -17 9 -14 10 -17 6 -13 7 -18 8 -15 9 -15 10 -16 8 -19 5 -18 6 -16 4 -17 6 -14 6 -18 4 -17 3 -16 4 -19 3 -17 -2 0 0 0 0 0 0 0 0 0 ]
CSI_DATA,AP,68:FE:71:12:53:8C,-38,11,1,6,1,1,1,0,0,0,0,-94,0,6,1,21720462,0,84,0,0,21.72,384,[84 -64 4 0 0 0 0 0 0 0 0 0 15 15 15 12 13 14 13 17 12 18 12 14 11 18 12 17 9 18 13 19 10 20 10 20 13 16 9 17 7 14 11 17 10 15 7 14 9 17 9 17 7 15 7 17 7 16 7 15 9 18 8 16 -2 -1 10 16 10 13 8 13 12 13 10 14 11 12 12 12 12 12 12 10 10 11 11 10 9 12 12 10 12 10 12 12 12 8 12 11 13 9 12 9 12 10 13 10 15 7 15 11 15 10 16 10 15 7 -1 1 0 0 0 0 0 0 0 0 ]
CSI_DATA,AP,68:FE:71:12:53:8C,-39,11,1,5,1,1,1,0,0,0,0,-93,0,6,1,21857051,0,84,0,0,21.857,384,[84 -64 4 0 0 0 0 0 0 0 0 0 -8 -20 -6 -19 -6 -22 -8 -20 -6 -21 -5 -23 -3 -24 -4 -23 -1 -23 0 -20 0 -24 -4 -20 0 -23 -1 -21 1 -21 -3 -21 -2 -21 -1 -19 1 -17 0 -19 -1 -19 -3 -17 -1 -16 -1 -18 -2 -22 -1 -19 0 2 -1 -18 -4 -19 -1 -20 -2 -17 0 -19 -2 -17 -1 -20 -2 -19 -2 -19 -4 -16 -8 -20 -3 -16 -6 -18 -4 -18 -7 -19 -7 -15 -9 -19 -8 -16 -5 -17 -7 -16 -6 -15 -8 -17 -6 -15 -9 -14 -7 -18 -10 -15 -2 -2 0 0 0 0 0 0 0 0 ]
CSI_DATA,AP,68:FE:71:12:53:8C,-37,11,1,6,1,1,1,0,0,0,0,-94,0,6,1,21993496,0,84,0,0,21.993,384,[84 -64 4 0 0 0 0 0 0 0 0 0 15 -14 16 -11 17 -16 18 -14 18 -12 17 -10 20 -12 18 -8 18 -7 18 -8 18 -8 22 -9 22 -9 18 -7 19 -7 21 -7 18 -9 16 -9 17 -6 17 -5 20 -5 17 -8 19 -5 17 -4 17 -8 18 -6 2 0 16 -6 18 -6 18 -10 17 -9 14 -10 14 -11 14 -8 13 -9 16 -11 16 -9 16 -13 13 -12 15 -12 13 -10 13 -11 12 -11 12 -11 13 -12 15 -13 13 -14 13 -11 11 -14 13 -14 13 -16 11 -11 13 -15 -2 -2 0 0 0 0 0 0 0 0 ]
CSI_DATA,AP,68:FE:71:12:53:8C,-32,11,1,7,1,1,1,0,0,0,0,-96,0,6,1,22123969,0,84,0,0,22.124,384,[84 -64 4 0 0 0 0 0 0 0 0 0 -17 -11 -19 -12 -19 -13 -22 -10 -20 -13 -16 -10 -18 -14 -14 -15 -16 -12 -14 -12 -17 -16 -14 -14 -18 -16 -16 -14 -13 -14 -15 -12 -15 -14 -15 -12 -14 -12 -14 -11 -15 -14 -14 -13 -14 -14 -14 -14 -15 -11 -12 -12 1 1 -13 -12 -14 -9 -14 -9 -14 -12 -13 -11 -16 -12 -14 -12 -15 -11 -16 -11 -12 -9 -17 -6 -12 -10 -15 -10 -15 -9 -15 -5 -18 -5 -17 -6 -17 -7 -16 -4 -15 -4 -16 -6 -16 -8 -14 -5 -15 -6 -17 -4 -15 -7 -1 -1 0 0 0 0 0 0 0 0 ]
CSI_DATA,AP,68:FE:71:12:53:8C,-36,11,1,5,1,1,1,0,0,0,0,-94,0,6,1,22250238,0,84,0,0,22.25,384,[84 -64 4 0 0 0 0 0 0 0 0 0 -12 -14 -14 -14 -12 -16 -14 -16 -11 -19 -13 -18 -12 -16 -10 -18 -12 -16 -11 -17 -8 -19 -12 -19 -9 -19 -7 -17 -10 -20 -9 -21 -7 -19 -9 -16 -6 -16 -10 -19 -6 -14 -6 -18 -7 -14 -9 -19 -7 -18 -8 -15 0 0 -10 -16 -11 -16 -9 -16 -11 -15 -7 -14 -10 -14 -8 -16 -11 -14 -9 -15 -9 -13 -13 -13 -9 -12 -10 -12 -10 -11 -11 -15 -14 -14 -10 -14 -11 -12 -13 -9 -14 -8 -15 -11 -14 -12 -12 -13 -16 -10 -15 -12 -13 -9 -1 -1 0 0 0 0 0 0 0 0 ]
CSI_DATA,AP,68:FE:71:12:53:8C,-39,11,1,4,1,1,1,0,0,0,0,-95,0,6,1,22416767,0,84,0,0,22.417,384,[84 -64 4 0 0 0 0 0 0 0 0 0 -4 20 -3 21 -1 21 -4 20 -5 22 -4 20 -6 21 -4 18 -8 17 -4 20 -5 20 -8 21 -7 19 -9 17 -9 18 -5 20 -7 20 -7 18 -8 18 -7 15 -6 16 -8 17 -9 17 -9 17 -8 18 -5 14 -1 -2 -6 15 -4 18 -3 15 -3 18 -3 18 -2 19 -2 15 -3 14 -3 14 -1 17 -1 18 -1 17 0 15 1 15 1 15 0 18 0 19 3 16 0 18 3 18 -1 14 -1 18 -1 18 1 17 -1 18 3 17 2 0 0 0 0 0 0 0 0 0 ]
CSI_DATA,AP,68:FE:71:12:53:8C,-37,11,1,6,1,1,1,0,0,0,0,-94,0,6,1,22528436,0,84,0,0,22.528,384,[84 -64 4 0 0 0 0 0 0 0 0 0 -18 -10 -18 -11 -21 -12 -18 -11 -16 -10 -15 -11 -16 -15 -14 -13 -15 -14 -16 -11 -15 -12 -17 -12 -17 -16 -17 -16 -13 -12 -15 -17 -16 -13 -13 -13 -12 -15 -12 -13 -14 -14 -14 -13 -10 -12 -15 -12 -14 -14 -13 -15 -1 2 -11 -14 -13 -11 -15 -12 -12 -13 -15 -13 -13 -9 -14 -9 -13 -11 -12 -10 -14 -9 -15 -7 -14 -11 -15 -9 -15 -8 -14 -9 -18 -6 -15 -10 -14 -6 -18 -9 -18 -8 -16 -7 -13 -7 -18 -4 -19 -6 -16 -7 -18 -6 1 -1 0 0 0 0 0 0 0 0 ]
CSI_DATA,AP,68:FE:71:12:53:8C,-38,11,1,6,1,1,1,1,0,0,0,-95,1,6,1,22668740,0,84,0,0,22.669,384,[84 -64 4 0 0 0 0 0 0 0 0 0 -22 9 -17 5 -21 9 -19 6 -23 5 -22 2 -22 4 -20 4 -19 5 -18 3 -23 0 -20 2 -22 2 -22 2 -19 0 -20 0 -21 2 -18 0 -21 3 -19 -2 -18 1 -17 1 -17 -2 -19 1 -21 -2 -20 0 0 0 -18 0 -20 3 -18 1 -16 5 -18 3 -15 2 -17 1 -19 5 -14 6 -14 6 -16 7 -14 3 -18 4 -16 7 -14 8 -16 8 -15 7 -14 5 -14 5 -14 8 -16 5 -14 9 -18 9 -15 8 -15 9 -17 9 -2 -2 0 0 0 0 0 0 0 0 ]
CSI_DATA,AP,68:FE:71:12:53:8C,-39,11,1,4,1,1,1,0,0,0,0,-93,0,6,1,22798360,0,84,0,0,22.798,384,[84 -64 4 0 0 0 0 0 0 0 0 0 -4 -21 -3 -21 -2 -21 -1 -21 2 -22 1 -20 4 -19 1 -20 4 -22 1 -19 5 -22 4 -19 6 -19 6 -19 4 -18 7 -22 4 -17 4 -20 2 -20 3 -18 3 -16 3 -18 4 -18 3 -20 3 -20 4 -19 0 1 4 -18 1 -18 1 -17 0 -19 3 -18 1 -18 3 -15 1 -15 4 -16 0 -18 2 -18 1 -14 -1 -18 1 -15 2 -17 2 -17 -1 -16 1 -15 0 -18 -2 -14 -1 -17 0 -16 0 -19 -3 -20 -4 -15 -1 -18 2 2 0 0 0 0 0 0 0 0 ]
CSI_DATA,AP,68:FE:71:12:53:8C,-37,11,1,5,1,1,1,0,0,0,0,-94,0,6,1,22949127,0,84,0,0,22.949,384,[84 -64 4 0 0 0 0 0 0 0 0 0 2 19 2 18 2 21 1 24 -2 18 -4 21 -2 18 -2 17 -4 18 -2 20 -4 18 -1 22 -5 20 -2 17 -5 19 -4 17 -5 16 -2 16 -3 16 -6 16 -3 19 -7 19 -4 14 -2 15 -2 20 -3 15 -2 1 -3 14 -4 19 -3 18 -2 16 -3 14 0 18 -2 15 -3 15 -2 17 1 13 0 16 2 16 3 14 1 16 -1 16 -1 19 0 15 4 16 4 16 2 14 4 14 2 16 2 17 6 16 3 14 6 15 1 -1 0 0 0 0 0 0 0 0 ]
CSI_DATA,AP,68:FE:71:12:53:8C,-35,11,1,6,1,1,1,1,0,0,0,-96,1,6,1,23090571,0,84,0,0,23.091,384,[84 -64 4 0 0 0 0 0 0 0 0 0 -16 14 -16 12 -17 15 -20 16 -18 15 -19 10 -20 12 -17 12 -19 8 -15 8 -20 9 -20 12 -17 12 -17 12 -20 9 -18 7 -20 10 -19 9 -20 7 -19 10 -19 8 -18 7 -13 8 -19 7 -15 10 -15 8 -1 -1 -16 9 -16 8 -17 8 -15 7 -15 7 -16 9 -13 7 -14 8 -12 12 -14 11 -14 13 -12 10 -13 10 -12 11 -11 9 -15 13 -10 11 -13 14 -12 11 -10 13 -13 12 -11 10 -12 11 -12 14 -13 12 -10 16 0 2 0 0 0 0 0 0 0 0 ]
CSI_DATA,AP,68:FE:71:12:53:8C,-36,11,1,6,1,1,1,0,0,0,0,-95,0,6,1,23197619,0,84,0,0,23.198,384,[84 -64 4 0 0 0 0 0 0 0 0 0 -18 7 -19 6 -18 6 -22 4 -18 3 -17 4 -18 3 -21 1 -18 4 -20 2 -22 1 -19 0 -21 0 -17 -1 -17 2 -18 1 -19 2 -18 -1 -16 -2 -17 -2 -16 -3 -20 1 -18 0 -17 -1 -19 -1 -18 1 -2 1 -18 1 -16 4 -15 0 -14 4 -17 3 -15 0 -18 0 -14 2 -17 2 -16 5 -15 6 -17 6 -15 4 -14 6 -14 2 -14 4 -14 6 -16 6 -14 6 -14 8 -14 5 -14 7 -14 6 -15 5 -16 5 -14 8 -2 2 0 0 0 0 0 0 0 0 ]
CSI_DATA,AP,68:FE:71:12:53:8C,-38,11,1,5,1,1,1,1,0,0,0,-96,6,6,1,23371728,0,84,0,0,23.372,384,[84 -64 4 0 0 0 0 0 0 0 0 0 -6 18 -5 20 -6 20 -7 19 -5 21 -8 18 -10 18 -9 20 -7 16 -10 17 -8 18 -9 18 -9 16 -8 18 -12 16 -8 17 -9 15 -12 17 -12 14 -9 15 -13 15 -8 14 -9 14 -11 14 -10 16 -10 16 -2 2 -7 15 -9 18 -7 17 -8 15 -6 15 -10 14 -8 14 -9 13 -6 14 -7 16 -5 16 -6 13 -6 15 -3 15 -3 15 -7 17 -6 16 -2 18 -3 17 -2 17 -4 18 -4 14 -4 16 -2 17 -5 18 -3 16 -1 1 0 0 0 0 0 0 0 0 ]
CSI_DATA,AP,68:FE:71:12:53:8C,-34,11,1,6,1,1,1,0,0,0,0,-94,0,6,1,23483030,0,84,0,0,23.483,384,[84 -64 4 0 0 0 0 0 0 0 0 0 -16 13 -13 10 -14 14 -19 11 -16 13 -15 12 -15 10 -18 8 -19 7 -15 7 -17 8 -17 9 -15 10 -18 7 -14 6 -15 7 -16 8 -17 7 -17 8 -16 7 -14 8 -15 5 -13 7 -13 8 -15 7 -17 7 -2 -2 -16 7 -12 8 -13 6 -14 7 -14 8 -12 6 -12 9 -13 7 -14 9 -10 8 -14 11 -11 10 -12 9 -11 11 -12 9 -13 9 -14 10 -11 10 -9 12 -11 10 -9 12 -10 10 -11 9 -8 10 -10 9 -8 13 2 -2 0 0 0 0 0 0 0 0 ]
CSI_DATA,AP,68:FE:71:12:53:8C,-37,11,1,7,1,1,1,0,0,0,0,-94,0,6,1,23629310,0,84,0,0,23.629,384,[84 -64 4 0 0 0 0 0 0 0 0 0 -15 5 -16 4 -16 0 -17 2 -15 3 -13 -1 -14 2 -13 -2 -15 2 -11 1 -14 -1 -15 0 -13 1 -15 -2 -12 -1 -11 -2 -14 -2 -13 -1 -11 -1 -13 -2 -13 0 -9 -4 -10 -3 -9 -3 -9 -4 -9 1 2 -2 -8 -1 -9 -1 -11 -2 -7 -2 -8 -2 -12 -3 -9 -2 -8 -1 -10 0 -10 1 -10 2 -8 2 -10 4 -7 1 -11 3 -8 2 -8 3 -7 4 -9 3 -8 2 -9 4 -9 4 -6 3 -6 5 -8 6 -8 6 1 -1 0 0 0 0 0 0 0 0 ]
CSI_DATA,AP,68:FE:71:12:53:8C,-33,11,1,7,1,1,1,0,0,0,0,-94,0,6,1,23762217,0,84,0,0,23.762,384,[84 -64 4 0 0 0 0 0 0 0 0 0 5 -8 9 -8 6 -11 7 -9 8 -9 9 -8 7 -9 6 -5 8 -6 9 -5 7 -5 9 -7 9 -5 10 -6 7 -7 7 -8 9 -7 7 -5 7 -6 6 -5 6 -5 7 -6 6 -2 7 -4 7 -4 8 -6 -2 -1 9 -5 6 -7 6 -3 6 -4 7 -4 9 -5 7 -4 8 -8 5 -4 5 -7 8 -6 6 -8 8 -9 6 -5 5 -8 7 -6 4 -9 3 -10 8 -5 3 -8 7 -5 6 -7 5 -9 7 -9 6 -7 5 -9 2 2 0 0 0 0 0 0 0 0 ]
CSI_DATA,AP,68:FE:71:12:53:8C,-39,11,1,6,1,1,1,0,0,0,0,-95,0,6,1,23883963,0,84,0,0,23.884,384,[84 -64 4 0 0 0 0 0 0 0 0 0 32 -6 33 -4 34 -4 33 -4 33 -4 34 -1 33 1 32 1 32 2 32 3 34 3 32 3 34 7 33 7 28 4 33 3 31 7 27 4 29 6 29 8 27 5 26 8 24 6 27 6 29 6 29 6 2 0 27 5 27 3 29 3 29 1 28 2 26 3 28 0 25 2 28 -1 25 0 27 -2 24 -4 24 -2 24 -4 27 -3 26 -5 28 -7 24 -7 26 -4 26 -7 28 -6 28 -4 27 -5 26 -9 25 -8 24 -7 -1 0 0 0 0 0 0 0 0 0 ]
CSI_DATA,AP,68:FE:71:12:53:8C,-37,11,1,6,1,1,1,0,0,0,0,-95,0,6,1,23992946,0,84,0,0,23.993,384,[84 -64 4 0 0 0 0 0 0 0 0 0 14 -20 16 -19 16 -19 21 -17 17 -19 19 -15 21 -15 20 -14 21 -15 22 -14 22 -16 21 -15 21 -12 22 -13 19 -12 20 -16 21 -11 21 -12 18 -10 21 -13 18 -8 19 -11 18 -10 21 -13 23 -11 21 -13 0 2 19 -10 17 -12 17 -11 19 -11 18 -11 20 -13 20 -13 17 -13 18 -11 14 -11 16 -15 18 -14 18 -16 15 -13 18 -12 16 -16 15 -15 15 -17 15 -17 15 -14 16 -17 13 -16 15 -16 14 -16 15 -19 12 -16 0 0 0 0 0 0 0 0 0 0 ]
CSI_DATA,AP,68:FE:71:12:53:8C,-34,11,1,7,1,1,1,0,0,0,0,-95,0,6,1,24127664,0,84,0,0,24.128,384,[84 -64 4 0 0 0 0 0 0 0 0 0 13 18 10 17 13 18 14 18 12 20 9 17 10 16 7 17 9 19 7 19 10 18 10 19 6 17 9 19 8 17 5 20 8 17 6 15 5 17 4 18 3 15 7 17 3 15 6 16 5 17 8 14 0 1 8 13 8 14 5 17 10 16 8 15 7 14 6 13 8 15 8 13 10 13 9 13 9 11 10 13 10 14 11 14 12 13 11 13 13 12 9 13 12 12 9 10 9 9 9 11 15 12 11 8 10 11 2 -2 0 0 0 0 0 0 0 0 ]
CSI_DATA,AP,68:FE:71:12:53:8C,-35,11,1,6,1,1,1,1,0,0,0,-96,2,6,1,24246820,0,84,0,0,24.247,384,[84 -64 4 0 0 0 0 0 0 0 0 0 18 -5 16 -6 17 -7 18 -6 19 -2 18 -4 16 0 15 -3 13 -4 13 0 12 -2 14 -2 14 -4 14 -3 12 -3 13 -3 12 1 12 -2 13 -2 10 -3 9 0 13 -2 11 0 9 0 12 -4 11 -2 -1 1 8 -3 10 -3 9 -4 7 -3 9 -3 9 -4 10 -7 7 -7 7 -7 12 -10 7 -4 9 -6 9 -8 7 -8 9 -8 7 -10 8 -7 8 -8 7 -7 9 -10 8 -9 7 -6 8 -8 10 -9 11 -9 8 -11 0 -2 0 0 0 0 0 0 0 0 ]
CSI_DATA,AP,68:FE:71:12:53:8C,-36,11,1,6,1,1,1,0,0,0,0,-95,0,6,1,24390428,0,84,0,0,24.39,384,[84 -64 4 0 0 0 0 0 0 0 0 0 -22 18 -21 17 -22 20 -24 14 -20 15 -22 12 -23 10 -19 9 -21 13 -20 10 -22 7 -19 9 -18 9 -19 7 -16 7 -18 6 -18 8 -16 5 -16 5 -13 4 -17 6 -13 5 -13 5 -13 7 -13 8 -12 8 -1 1 -11 8 -14 7 -11 9 -10 9 -11 8 -10 7 -10 7 -7 10 -9 9 -10 11 -6 13 -9 8 -5 11 -9 10 -7 12 -9 14 -9 14 -7 12 -8 13 -3 12 -5 14 -8 11 -5 12 -5 14 -5 13 -3 11 2 -1 0 0 0 0 0 0 0 0 ]
CSI_DATA,AP,68:FE:71:12:53:8C,-37,11,0,0,0,0,0,0,0,0,0,-94,0,6,1,24503846,0,37,0,0,24.504,128,[84 -64 4 0 0 0 0 0 0 0 0 0 -7 -11 -3 -10 -2 -15 -6 -13 -4 -10 -3 -12 -3 -11 -3 -10 -1 -13 -3 -10 -4 -12 -3 -14 0 -14 -1 -10 1 -11 -1 -10 1 -11 1 -11 -3 -9 -3 -11 -2 -11 -1 -9 -1 -10 -1 -9 -3 -10 -2 -12 -1 1 -2 -9 -4 -10 -1 -9 -4 -8 0 -9 0 -7 0 -9 -5 -7 -5 -10 -5 -7 -4 -11 -5 -11 -4 -11 -5 -8 -5 -7 -5 -8 -3 -10 -5 -8 -4 -7 -5 -10 -5 -9 -3 -7 -4 -7 -4 -8 -5 -7 -7 -10 1 -2 0 0 0 0 0 0 0 0 ]
CSI_DATA,AP,68:FE:71:12:53:8C,-37,11,1,5,1,1,1,0,0,0,1,-95,0,6,1,24657126,0,84,0,0,24.657,384,[84 -64 4 0 0 0 0 0 0 0 0 0 16 -8 16 -11 17 -7 18 -7 21 -8 17 -5 20 -7 21 -7 22 -5 17 -4 21 -5 20 -6 23 -4 22 -7 19 -2 20 -3 19 -3 20 -3 19 -4 20 -5 20 -5 21 -3 19 -1 19 -2 21 -2 22 -6 -1 -2 22 -6 20 -6 22 -2 18 -8 22 -5 19 -5 19 -2 20 -4 20 -4 20 -9 20 -5 19 -7 19 -9 20 -7 21 -6 19 -7 19 -5 22 -10 18 -6 21 -9 21 -4 21 -5 19 -8 22 -7 20 -9 21 -6 2 0 0 0 0 0 0 0 0 0 ]
CSI_DATA,AP,68:FE:71:12:53:8C,-37,11,1,6,1,1,1,1,0,0,0,-95,2,6,1,24806309,0,84,0,0,24.806,384,[84 -64 4 0 0 0 0 0 0 0 0 0 -4 -18 -5 -16 -7 -21 -4 -20 -3 -19 -3 -18 -1 -19 -4 -20 1 -21 1 -17 2 -22 2 -21 2 -19 -1 -17 -1 -19 3 -20 3 -16 -1 -17 3 -20 0 -20 4 -18 0 -19 2 -14 0 -15 0 -19 0 -16 -1 0 0 -17 2 -18 2 -17 -3 -19 2 -14 0 -15 -3 -16 -2 -16 0 -15 -3 -14 -5 -19 -2 -14 -1 -14 -4 -16 -2 -15 -2 -17 -5 -15 -7 -17 -2 -15 -7 -14 -5 -17 -7 -16 -5 -14 -8 -18 -6 -14 -6 -16 -2 1 0 0 0 0 0 0 0 0 ]
CSI_DATA,AP,68:FE:71:12:53:8C,-39,11,1,5,1,1,1,0,0,0,0,-94,0,6,1,24936888,0,84,0,0,24.937,384,[84 -64 4 0 0 0 0 0 0 0 0 0 -7 1 -10 -2 -11 1 -7 0 -8 -2 -10 -2 -9 -2 -8 -3 -8 -3 -8 -1 -8 0 -9 0 -8 -3 -8 -2 -7 -2 -11 -5 -10 -2 -9 -4 -7 -1 -6 -4 -8 -2 -7 -1 -7 0 -8 -5 -8 -2 -8 -5 1 1 -7 0 -8 -3 -7 -2 -6 0 -8 0 -8 0 -7 -3 -8 -2 -6 0 -9 1 -7 -2 -5 2 -6 -1 -6 1 -6 -2 -6 1 -7 0 -9 2 -6 2 -9 1 -7 0 -6 3 -8 -1 -8 0 -5 3 -6 0 0 -2 0 0 0 0 0 0 0 0 ]
CSI_DATA,AP,68:FE:71:12:53:8C,-39,11,1,4,1,1,1,1,0,0,0,-95,4,6,1,25070491,0,84,0,0,25.07,384,[84 -64 4 0 0 0 0 0 0 0 0 0 -16 -6 -16 -5 -19 -5 -18 -7 -21 -8 -17 -10 -18 -8 -18 -10 -20 -8 -17 -9 -19 -11 -21 -8 -18 -11 -21 -9 -20 -11 -21 -11 -19 -11 -16 -11 -20 -15 -20 -12 -16 -11 -18 -11 -18 -14 -17 -11 -20 -14 -18 -10 1 0 -19 -14 -18 -11 -17 -13 -17 -12 -18 -13 -20 -13 -15 -11 -15 -12 -17 -11 -17 -11 -21 -9 -18 -8 -16 -8 -19 -10 -20 -9 -21 -7 -17 -6 -18 -9 -21 -6 -21 -6 -19 -6 -18 -9 -19 -7 -21 -8 -19 -8 -20 -6 2 2 0 0 0 0 0 0 0 0 ]
CSI_DATA,AP,68:FE:71:12:53:8C,-34,11,1,5,1,1,1,0,0,0,0,-95,0,6,1,25213731,0,84,0,0,25.214,384,[84 -64 4 0 0 0 0 0 0 0 0 0 -2 12 -6 8 -3 11 -5 8 -2 12 -4 10 -7 10 -7 9 -6 10 -3 6 -5 8 -4 11 -7 9 -4 11 -5 9 -4 7 -8 5 -3 6 -7 6 -3 8 -6 6 -3 8 -7 6 -4 6 -7 9 -6 5 -2 1 -2 5 -2 6 -5 7 -5 7 -2 7 -3 5 -3 8 -3 7 -6 8 -5 9 -1 7 -4 9 -5 8 0 9 -2 4 -5 6 -4 7 -2 6 -1 5 -2 6 -3 9 0 9 -3 5 -2 9 0 9 0 9 1 -1 0 0 0 0 0 0 0 0 ]
CSI_DATA,AP,68:FE:71:12:53:8C,-35,11,1,6,1,1,1,0,0,0,0,-95,0,6,1,25365375,0,84,0,0,25.365,384,[84 -64 4 0 0 0 0 0 0 0 0 0 4 19 5 20 6 19 6 19 1 18 0 18 4 18 1 18 -1 16 0 20 0 18 1 16 2 20 2 16 2 20 -1 15 -2 17 1 16 -3 17 -1 16 0 14 -3 15 0 17 2 16 0 15 2 16 0 2 -2 14 1 14 -1 13 2 12 0 17 -1 12 1 17 0 13 0 14 0 13 0 14 4 13 2 15 2 13 1 15 6 15 2 12 5 14 5 12 5 13 6 16 5 16 3 15 7 14 6 13 6 15 -2 0 0 0 0 0 0 0 0 0 ]
CSI_DATA,AP,68:FE:71:12:53:8C,-39,11,1,6,1,1,1,0,0,0,0,-94,0,6,1,25519590,0,84,0,0,25.52,384,[84 -64 4 0 0 0 0 0 0 0 0 0 20 12 15 9 19 12 14 10 16 15 18 11 14 12 15 11 14 13 15 14 12 16 15 15 14 18 14 15 12 13 13 17 14 15 11 15 14 14 12 15 11 17 14 17 11 15 9 16 12 15 11 11 -2 -1 11 15 12 14 11 11 12 12 9 13 13 13 11 14 11 11 11 10 13 11 10 13 14 9 11 9 13 8 12 12 14 12 13 10 11 10 13 8 12 7 12 9 12 8 13 6 14 10 15 8 12 9 -1 2 0 0 0 0 0 0 0 0 ]
CSI_DATA,AP,68:FE:71:12:53:8C,-36,11,1,6,1,1,1,0,0,0,0,-94,0,6,1,25638892,0,84,0,0,25.639,384,[84 -64 4 0 0 0 0 0 0 0 0 0 -1 -18 0 -20 1 -21 2 -21 1 -21 0 -18 0 -18 4 -20 4 -19 1 -16 5 -19 1 -20 4 -17 1 -18 5 -16 3 -18 2 -16 4 -18 3 -16 4 -14 6 -17 4 -15 5 -13 3 -17 5 -14 2 -17 2 1 6 -16 5 -17 3 -14 2 -16 4 -13 4 -17 3 -14 4 -13 4 -17 0 -16 1 -17 -1 -17 0 -13 1 -16 1 -16 -1 -18 -2 -15 2 -15 1 -13 -1 -15 -1 -13 1 -17 -2 -15 -4 -14 -1 -13 -3 -13 0 2 0 0 0 0 0 0 0 0 ]
CSI_DATA,AP,68:FE:71:12:53:8C,-43,11,1,5,1,1,1,0,0,0,0,-94,0,6,1,25760716,0,84,0,0,25.761,384,[84 -64 4 0 0 0 0 0 0 0 0 0 1 -20 6 -19 6 -19 3 -19 6 -17 6 -18 9 -16 7 -18 10 -18 7 -15 6 -14 10 -18 9 -17 10 -17 7 -15 8 -13 7 -13 9 -15 6 -13 8 -16 9 -13 7 -13 8 -15 7 -16 6 -16 7 -15 -1 -1 6 -16 8 -16 6 -14 4 -13 6 -15 5 -16 3 -15 4 -14 5 -12 4 -15 4 -12 4 -14 5 -13 1 -16 5 -13 3 -14 3 -14 0 -17 0 -14 0 -16 3 -15 2 -15 3 -16 0 -13 3 -17 2 -14 -1 0 0 0 0 0 0 0 0 0 ]
CSI_DATA,AP,68:FE:71:12:53:8C,-40,11,1,5,1,1,1,0,0,0,0,-95,0,6,1,25886052,0,84,0,0,25.886,384,[84 -64 4 0 0 0 0 0 0 0 0 0 -5 -18 -4 -22 -4 -23 -1 -23 2 -23 1 -22 1 -21 0 -22 3 -22 3 -21 3 -18 1 -18 3 -17 1 -17 4 -21 2 -17 2 -16 2 -18 1 -20 5 -16 4 -17 2 -15 6 -15 3 -15 3 -18 4 -18 1 1 2 -18 0 -15 3 -18 1 -16 2 -16 0 -17 2 -16 3 -16 3 -15 1 -16 -2 -18 0 -18 0 -14 0 -17 0 -14 1 -18 0 -17 -1 -15 -4 -15 -2 -18 -1 -16 -1 -17 -3 -18 -7 -17 -2 -18 -5 -14 0 -1 0 0 0 0 0 0 0 0 ]
CSI_DATA,AP,68:FE:71:12:53:8C,-34,11,1,6,1,1,1,0,0,0,0,-96,0,6,1,26006237,0,84,0,0,26.006,384,[84 -64 4 0 0 0 0 0 0 0 0 0 -9 -18 -8 -18 -8 -21 -7 -18 -5 -18 -7 -21 -5 -20 -5 -21 -3 -22 -4 -18 -5 -20 -5 -19 -4 -18 -3 -20 -3 -18 -4 -17 -3 -19 -3 -20 -3 -16 -4 -18 -4 -17 0 -16 -4 -19 -2 -17 -1 -15 -4 -19 -2 -2 -1 -14 -1 -17 -5 -17 -6 -16 -2 -16 -5 -18 -4 -18 -2 -14 -3 -14 -8 -16 -4 -13 -8 -14 -8 -13 -8 -16 -6 -15 -6 -16 -8 -17 -6 -14 -6 -12 -6 -12 -10 -14 -8 -12 -7 -15 -8 -12 -8 -12 -8 -11 1 -2 0 0 0 0 0 0 0 0 ]
CSI_DATA,AP,68:FE:71:12:53:8C,-35,11,1,6,1,1,1,0,0,0,0,-96,0,6,1,26133179,0,84,0,0,26.133,384,[84 -64 4 0 0 0 0 0 0 0 0 0 -18 8 -17 6 -22 4 -20 6 -22 3 -17 2 -19 0 -17 1 -19 -1 -17 2 -17 0 -21 2 -18 -2 -16 0 -17 -1 -17 -3 -15 -1 -19 -2 -15 -4 -15 0 -15 -3 -17 0 -15 -4 -19 0 -15 0 -15 0 2 0 -15 1 -16 -2 -18 1 -16 2 -13 1 -15 -2 -15 -1 -14 2 -17 1 -15 1 -14 3 -16 2 -17 3 -13 2 -17 0 -13 0 -17 3 -13 3 -13 2 -15 2 -16 1 -17 5 -14 6 -15 4 -16 2 -17 4 2 1 0 0 0 0 0 0 0 0 ]
CSI_DATA,AP,68:FE:71:12:53:8C,-38,11,1,7,1,1,1,0,0,0,0,-93,0,6,1,26242629,0,84,0,0,26.243,384,[84 -64 4 0 0 0 0 0 0 0 0 0 2 18 2 20 1 21 3 20 2 22 -1 18 1 17 0 21 -2 17 -4 17 -4 19 0 18 0 18 -4 18 0 17 -1 21 0 16 -3 17 -5 15 -1 19 -3 17 -3 17 -2 18 -3 15 0 18 -4 16 -1 -1 -1 15 0 17 -3 17 -2 15 -1 17 0 13 0 13 3 16 1 16 2 16 -1 14 3 13 3 14 2 15 3 17 3 17 2 15 1 14 1 16 4 15 1 16 5 16 5 14 4 15 3 14 7 14 -1 0 0 0 0 0 0 0 0 0 ]
CSI_DATA,AP,68:FE:71:12:53:8C,-37,11,1,6,1,1,1,0,0,0,0,-94,0,6,1,26376568,0,84,0,0,26.377,384,[84 -64 4 0 0 0 0 0 0 0 0 0 -9 18 -9 15 -12 15 -12 18 -14 14 -12 14 -11 14 -15 14 -13 12 -15 15 -15 14 -14 13 -13 11 -12 11 -13 12 -13 11 -16 11 -16 12 -13 14 -16 13 -15 10 -14 10 -14 12 -14 10 -14 11 -14 11 -1 -2 -13 12 -12 10 -11 9 -12 11 -11 11 -12 11 -13 11 -10 13 -10 10 -8 10 -10 12 -8 12 -7 15 -9 14 -8 13 -9 11 -7 11 -9 12 -7 12 -9 14 -6 11 -9 13 -5 16 -5 13 -9 16 -6 13 2 2 0 0 0 0 0 0 0 0 ]
CSI_DATA,AP,68:FE:71:12:53:8C,-35,11,1,7,1,1,1,0,0,0,1,-95,0,6,1,26519455,0,84,0,0,26.519,384,[84 -64 4 0 0 0 0 0 0 0 0 0 -36 -14 -37 -17 -35 -19 -36 -19 -32 -21 -30 -22 -34 -21 -30 -22 -31 -24 -31 -25 -29 -26 -31 -25 -31 -26 -30 -25 -24 -27 -28 -25 -26 -26 -26 -25 -26 -24 -25 -23 -23 -27 -24 -24 -21 -24 -25 -23 -25 -27 -25 -22 0 -1 -27 -23 -26 -21 -25 -17 -28 -19 -27 -20 -28 -22 -28 -21 -24 -18 -25 -20 -27 -16 -30 -17 -25 -17 -29 -16 -27 -16 -28 -14 -31 -14 -29 -17 -31 -11 -30 -14 -32 -11 -27 -14 -30 -15 -31 -13 -30 -11 -30 -13 -31 -11 1 -2 0 0 0 0 0 0 0 0 ]
CSI_DATA,AP,68:FE:71:12:53:8C,-37,11,1,6,1,1,1,0,0,0,0,-94,0,6,1,26619233,0,84,0,0,26.619,384,[84 -64 4 0 0 0 0 0 0 0 0 0 16 -9 15 -11 16 -9 20 -8 17 -10 16 -9 20 -10 16 -7 20 -5 17 -6 20 -6 16 -5 19 -4 18 -3 17 -7 20 -4 15 -3 19 -4 17 -6 14 -6 18 -6 14 -5 15 -3 16 -6 14 -6 17 -3 0 -1 17 -6 13 -6 15 -5 17 -4 14 -4 15 -7 16 -5 14 -9 16 -7 13 -8 13 -10 14 -6 15 -7 15 -7 11 -11 11 -11 14 -10 10 -12 12 -8 10 -11 11 -10 14 -8 10 -9 12 -10 11 -9 9 -11 -1 -2 0 0 0 0 0 0 0 0 ]
CSI_DATA,AP,68:FE:71:12:53:8C,-35,11,1,6,1,1,1,0,0,0,0,-94,0,6,1,26741627,0,84,0,0,26.742,384,[84 -64 4 0 0 0 0 0 0 0 0 0 5 19 5 21 5 21 4 22 2 22 1 19 -1 21 2 18 0 18 -1 18 0 21 -1 19 0 19 0 18 -3 17 -1 18 -3 16 -4 17 -2 19 -3 16 -3 19 -1 17 -2 14 -1 16 -3 16 -3 16 1 -2 -2 14 -2 16 -2 18 2 18 -2 16 1 16 -2 17 3 15 -1 17 0 13 -1 13 3 13 1 13 2 17 3 14 3 14 5 13 2 13 5 13 4 17 3 16 5 13 3 14 3 15 3 16 3 13 -1 2 0 0 0 0 0 0 0 0 ]
CSI_DATA,AP,68:FE:71:12:53:8C,-34,11,1,6,1,1,1,0,0,0,0,-95,0,6,1,26872001,0,84,0,0,26.872,384,[84 -64 4 0 0 0 0 0 0 0 0 0 -1 -19 -4 -22 -1 -21 1 -20 1 -18 1 -20 3 -20 3 -17 0 -21 1 -18 4 -22 5 -20 3 -20 1 -20 4 -20 3 -17 2 -17 5 -15 2 -19 1 -17 1 -17 1 -16 1 -18 2 -17 4 -18 1 -18 0 1 1 -16 0 -16 1 -18 1 -14 0 -14 -1 -14 2 -15 0 -14 1 -16 -2 -16 1 -18 1 -16 0 -14 -1 -17 -4 -14 -3 -17 -5 -15 -1 -16 -2 -17 -2 -18 -1 -16 -2 -15 -3 -15 -5 -14 -6 -18 -5 -16 -2 1 0 0 0 0 0 0 0 0 ]
CSI_DATA,AP,68:FE:71:12:53:8C,-40,11,1,6,1,1,1,0,0,0,1,-95,0,6,1,27017586,0,84,0,0,27.018,384,[84 -64 4 0 0 0 0 0 0 0 0 0 10 20 10 20 4 21 6 22 8 22 6 23 2 23 3 19 4 22 3 19 2 23 0 21 4 19 0 21 2 21 0 21 1 22 2 21 -1 19 2 18 1 18 1 21 0 19 0 17 3 17 2 17 -1 -1 0 15 4 19 1 19 1 15 2 17 5 18 4 18 5 17 4 16 5 16 3 16 4 18 8 17 5 15 5 15 9 14 7 16 7 13 5 17 8 17 9 18 5 18 8 14 7 17 10 17 9 14 0 -2 0 0 0 0 0 0 0 0 ]
CSI_DATA,AP,68:FE:71:12:53:8C,-39,11,1,6,1,1,1,0,0,0,0,-95,0,6,1,27143833,0,84,0,0,27.144,384,[84 -64 4 0 0 0 0 0 0 0 0 0 17 -4 17 -6 20 -6 21 -2 21 -5 18 -1 18 -2 21 -4 20 -2 20 -1 21 -3 20 1 17 0 20 1 16 -3 20 -1 20 2 15 0 16 -2 16 -1 15 -1 15 -1 15 -1 15 1 14 -2 17 0 0 1 18 1 16 -2 18 -4 18 -1 13 -4 14 -3 14 -5 13 -4 16 -1 13 -2 17 -2 14 -4 14 -4 13 -7 14 -7 15 -5 14 -8 17 -5 13 -7 13 -6 15 -7 15 -6 16 -5 14 -5 16 -9 12 -10 2 -2 0 0 0 0 0 0 0 0 ]
CSI_DATA,AP,68:FE:71:12:53:8C,-33,11,1,7,1,1,1,0,0,0,0,-96,0,6,1,27304601,0,84,0,0,27.305,384,[84 -64 4 0 0 0 0 0 0 0 0 0 7 -21 6 -20 6 -22 9 -20 10 -20 7 -20 12 -20 10 -18 12 -18 12 -16 14 -16 10 -17 14 -15 10 -16 13 -14 10 -16 12 -13 12 -12 11 -16 11 -15 9 -12 11 -13 9 -14 10 -15 10 -13 13 -12 1 2 11 -13 9 -14 12 -14 11 -15 8 -12 11 -12 10 -16 10 -16 7 -15 8 -14 6 -16 9 -12 7 -16 5 -16 8 -16 8 -13 7 -15 6 -16 7 -18 6 -15 6 -16 5 -16 5 -17 7 -15 4 -17 3 -14 0 2 0 0 0 0 0 0 0 0 ]
CSI_DATA,AP,68:FE:71:12:53:8C,-39,11,1,5,1,1,1,0,0,0,0,-95,0,6,1,27457428,0,84,0,0,27.457,384,[84 -64 4 0 0 0 0 0 0 0 0 0 -19 -11 -16 -14 -17 -12 -17 -14 -17 -14 -17 -17 -12 -17 -12 -17 -15 -17 -13 -13 -16 -17 -13 -15 -15 -19 -13 -16 -13 -16 -13 -18 -10 -18 -13 -14 -9 -14 -12 -14 -10 -14 -11 -14 -10 -14 -10 -13 -10 -14 -11 -13 1 1 -13 -16 -10 -14 -10 -12 -10 -15 -13 -14 -12 -15 -12 -12 -11 -10 -10 -12 -11 -9 -15 -12 -10 -9 -15 -9 -11 -9 -14 -10 -14 -9 -15 -12 -16 -12 -16 -12 -14 -7 -15 -10 -15 -10 -17 -11 -16 -9 -17 -8 -13 -6 -1 -2 0 0 0 0 0 0 0 0 ]
CSI_DATA,AP,68:FE:71:12:53:8C,-34,11,1,7,1,1,1,0,0,0,0,-94,0,6,1,27584814,0,84,0,0,27.585,384,[84 -64 4 0 0 0 0 0 0 0 0 0 -11 17 -11 18 -11 20 -12 19 -12 19 -12 14 -15 16 -13 14 -15 18 -15 15 -18 17 -16 17 -17 14 -15 16 -15 16 -15 17 -14 12 -14 12 -12 13 -14 15 -16 12 -15 11 -15 9 -15 11 -13 14 -13 13 1 -2 -12 11 -12 12 -13 16 -13 12 -11 11 -14 15 -13 12 -10 14 -8 13 -10 14 -12 16 -10 14 -9 15 -11 17 -7 14 -11 18 -7 15 -9 16 -7 14 -5 16 -8 17 -9 15 -5 14 -7 16 -7 14 -6 15 2 2 0 0 0 0 0 0 0 0 ]
CSI_DATA,AP,68:FE:71:12:53:8C,-36,11,1,6,1,1,1,0,0,0,0,-95,0,6,1,27752782,0,84,0,0,27.753,384,[84 -64 4 0 0 0 0 0 0 0 0 0 20 1 21 4 24 2 23 6 24 3 19 4 18 6 19 8 21 6 19 8 21 8 19 6 18 8 20 7 18 7 18 6 16 8 16 9 16 9 19 6 19 7 17 6 14 6 19 7 18 8 17 6 -2 -1 16 8 17 4 15 6 19 5 14 6 19 7 14 5 14 6 15 5 14 3 16 1 17 4 18 1 17 4 19 4 19 3 19 3 15 2 18 2 19 -1 16 -1 17 3 16 -2 18 -1 19 0 16 -3 -1 2 0 0 0 0 0 0 0 0 ]
CSI_DATA,AP,68:FE:71:12:53:8C,-33,11,1,6,1,1,1,0,0,0,0,-93,0,6,1,27888823,0,84,0,0,27.889,384,[84 -64 4 0 0 0 0 0 0 0 0 0 -15 16 -13 16 -17 17 -15 15 -15 13 -18 14 -18 12 -17 14 -18 9 -14 11 -16 11 -17 11 -19 12 -20 12 -16 7 -19 12 -15 7 -16 8 -15 8 -17 10 -18 9 -17 9 -15 6 -17 6 -18 8 -16 8 1 0 -14 10 -13 9 -13 12 -15 11 -15 9 -16 12 -15 11 -12 12 -12 11 -10 10 -13 12 -10 13 -12 10 -14 10 -13 10 -12 10 -12 10 -9 13 -13 11 -10 15 -12 13 -14 13 -8 13 -13 13 -9 11 -10 12 0 -1 0 0 0 0 0 0 0 0 ]
CSI_DATA,AP,68:FE:71:12:53:8C,-31,11,1,7,1,1,1,0,0,0,0,-93,0,6,1,28039059,0,84,0,0,28.039,384,[84 -64 4 0 0 0 0 0 0 0 0 0 12 14 11 16 16 16 11 16 12 16 10 18 11 20 7 17 8 17 8 19 8 21 9 19 8 20 8 20 9 17 10 20 9 20 8 15 5 15 8 16 8 16 4 18 7 17 5 15 7 18 9 16 -1 -1 8 15 8 16 10 17 10 15 8 13 6 17 7 14 7 13 9 13 9 13 8 16 8 12 11 15 9 15 10 11 12 11 12 13 9 12 12 12 13 12 9 11 10 13 10 10 14 10 14 11 12 10 0 2 0 0 0 0 0 0 0 0 ]
CSI_DATA,AP,68:FE:71:12:53:8C,-35,11,1,6,1,1,1,0,0,0,0,-94,0,6,1,28194752,0,84,0,0,28.195,384,[84 -64 4 0 0 0 0 0 0 0 0 0 0 -21 3 -20 -1 -23 4 -20 4 -21 2 -18 4 -21 5 -19 3 -18 3 -19 7 -21 8 -22 5 -22 4 -17 6 -19 3 -19 6 -20 5 -16 6 -15 4 -20 5 -17 3 -20 7 -16 6 -17 3 -18 6 -16 1 2 4 -18 4 -16 4 -16 0 -15 5 -14 1 -17 2 -17 2 -17 1 -16 2 -15 2 -15 -1 -18 -2 -17 -1 -18 0 -15 1 -18 0 -17 -2 -15 -4 -17 -5 -14 -1 -18 -4 -17 -5 -19 -5 -15 -3 -14 -4 -18 2 1 0 0 0 0 0 0 0 0 ]
CSI_DATA,AP,68:FE:71:12:53:8C,-36,11,0,0,0,0,0,0,0,0,0,-95,0,6,1,28321739,0,37,0,0,28.322,128,[84 -64 4 0 0 0 0 0 0 0 0 0 19 -11 15 -10 16 -11 19 -8 20 -8 16 -7 18 -7 16 -6 16 -4 18 -7 17 -7 20 -6 18 -2 16 -6 19 -2 19 -5 20 -4 16 -5 16 -3 19 -1 15 -3 18 -4 17 -1 14 -2 18 -5 16 -4 2 0 14 -5 13 -2 15 -4 15 -4 16 -6 13 -4 13 -5 15 -5 16 -6 14 -7 14 -9 14 -7 14 -5 12 -6 11 -6 16 -6 16 -6 11 -9 14 -8 12 -11 14 -10 12 -9 14 -9 14 -11 11 -9 11 -13 -2 -1 0 0 0 0 0 0 0 0 ]
CSI_DATA,AP,68:FE:71:12:53:8C,-39,11,1,6,1,1,1,1,0,0,0,-93,1,6,1,28473081,0,84,0,0,28.473,384,[84 -64 4 0 0 0 0 0 0 0 0 0 14 11 14 11 13 14 17 16 15 15 14 14 11 14 9 16 13 14 9 13 10 14 10 14 9 15 10 18 9 14 12 17 11 16 10 16 8 16 9 15 10 16 6 15 9 13 10 15 10 16 9 12 -2 2 9 12 8 13 9 16 10 10 7 11 8 13 10 11 9 10 9 10 12 8 12 13 11 12 12 9 9 12 11 11 10 13 14 13 12 10 14 11 13 7 11 10 10 11 14 8 15 11 14 9 11 9 1 2 0 0 0 0 0 0 0 0 ]
CSI_DATA,AP,68:FE:71:12:53:8C,-39,11,1,6,1,1,1,1,0,0,0,-95,1,6,1,28597353,0,84,0,0,28.597,384,[84 -64 4 0 0 0 0 0 0 0 0 0 -22 0 -18 -1 -22 3 -23 1 -23 -2 -21 -3 -19 -1 -21 -5 -21 -5 -19 -4 -24 -7 -20 -7 -20 -5 -22 -4 -20 -6 -23 -5 -21 -4 -16 -6 -18 -6 -19 -5 -16 -5 -20 -7 -18 -8 -17 -5 -17 -7 -18 -5 -1 0 -15 -6 -17 -6 -20 -4 -17 -4 -15 -4 -15 -2 -18 -1 -19 -5 -18 -3 -17 -3 -17 0 -16 -3 -18 0 -17 0 -17 -2 -19 1 -19 -1 -16 1 -15 1 -19 1 -16 -1 -16 3 -17 -1 -17 3 -18 2 -17 3 0 1 0 0 0 0 0 0 0 0 ]
CSI_DATA,AP,68:FE:71:12:53:8C,-37,11,1,6,1,1,1,0,0,0,0,-95,0,6,1,28746499,0,84,0,0,28.746,384,[84 -64 4 0 0 0 0 0 0 0 0 0 -14 18 -15 16 -14 16 -17 19 -14 18 -17 15 -14 16 -15 12 -17 14 -14 14 -15 12 -15 15 -16 12 -16 10 -17 11 -15 11 -18 10 -14 12 -17 10 -14 11 -13 11 -15 10 -16 10 -16 10 -15 12 -16 10 -1 2 -12 9 -14 12 -16 11 -11 10 -11 11 -13 13 -14 9 -13 10 -13 10 -9 9 -14 12 -9 10 -9 13 -9 11 -10 10 -13 12 -12 12 -8 13 -12 13 -7 12 -10 14 -11 13 -10 13 -11 13 -9 12 -9 15 -2 -1 0 0 0 0 0 0 0 0 ]
CSI_DATA,AP,68:FE:71:12:53:8C,-37,11,1,5,1,1,1,0,0,0,0,-96,0,6,1,28881132,0,84,0,0,28.881,384,[84 -64 4 0 0 0 0 0 0 0 0 0 -20 8 -17 11 -17 11 -18 11 -21 6 -19 7 -22 7 -20 8 -18 8 -18 6 -21 4 -19 8 -18 4 -22 4 -18 2 -22 5 -20 6 -18 6 -19 6 -16 2 -17 4 -17 3 -18 2 -20 4 -20 2 -17 4 -2 -2 -16 5 -16 7 -15 5 -15 7 -14 6 -16 7 -18 4 -16 5 -13 8 -16 8 -13 6 -16 7 -15 10 -13 10 -14 7 -16 9 -15 8 -12 11 -15 9 -12 12 -12 10 -15 8 -12 9 -13 11 -14 11 -11 11 -2 1 0 0 0 0 0 0 0 0 ]
CSI_DATA,AP,68:FE:71:12:53:8C,-37,11,1,6,1,1,1,0,0,0,0,-94,0,6,1,28997382,0,84,0,0,28.997,384,[84 -64 4 0 0 0 0 0 0 0 0 0 21 1 17 4 22 4 22 5 22 3 19 5 20 4 17 8 16 9 17 5 19 5 21 10 20 7 19 10 16 9 18 6 17 6 16 6 16 9 17 8 14 7 17 10 15 8 15 9 18 9 14 6 -1 1 15 7 17 7 16 7 14 4 13 5 15 6 14 6 14 5 15 5 13 6 15 3 17 2 14 2 16 2 16 1 18 3 19 1 15 -1 18 1 14 1 15 -1 16 1 14 0 18 1 14 0 18 -2 -1 2 0 0 0 0 0 0 0 0 ]
CSI_DATA,AP,68:FE:71:12:53:8C,-34,11,1,7,1,1,1,1,0,0,0,-95,2,6,1,29161656,0,84,0,0,29.162,384,[84 -64 4 0 0 0 0 0 0 0 0 0 19 9 20 10 18 13 21 13 16 12 18 15 18 15 16 11 14 12 14 13 15 13 15 12 16 16 15 12 14 13 15 13 14 13 11 15 10 12 13 15 12 15 12 11 12 14 12 12 12 14 14 10 -2 2 14 10 13 10 13 13 13 12 14 10 15 11 14 10 13 8 14 7 13 10 13 8 12 9 12 6 15 7 12 10 13 9 17 8 17 5 14 8 14 4 13 6 13 7 15 7 14 7 17 8 16 4 1 -2 0 0 0 0 0 0 0 0 ]
CSI_DATA,AP,68:FE:71:12:53:8C,-32,11,1,7,1,1,1,0,0,0,0,-93,0,6,1,29281558,0,84,0,0,29.282,384,[84 -64 4 0 0 0 0 0 0 0 0 0 -12 -17 -12 -19 -15 -20 -14 -17 -11 -18 -10 -19 -8 -20 -9 -16 -11 -18 -7 -16 -8 -20 -11 -19 -8 -17 -9 -21 -10 -18 -6 -19 -6 -18 -6 -19 -9 -16 -8 -15 -5 -15 -9 -19 -4 -18 -9 -18 -6 -16 -8 -16 -1 2 -8 -18 -10 -17 -10 -17 -6 -16 -8 -17 -7 -15 -7 -13 -9 -14 -9 -16 -8 -13 -9 -15 -12 -11 -11 -15 -12 -13 -9 -14 -12 -15 -13 -13 -12 -13 -12 -13 -14 -12 -14 -10 -15 -10 -12 -13 -14 -13 -14 -13 -16 -13 -2 -1 0 0 0 0 0 0 0 0 ]
CSI_DATA,AP,68:FE:71:12:53:8C,-36,11,1,7,1,1,1,1,0,0,0,-94,5,6,1,29396704,0,84,0,0,29.397,384,[84 -64 4 0 0 0 0 0 0 0 0 0 -17 -14 -15 -12 -17 -14 -14 -14 -16 -16 -11 -17 -11 -18 -10 -15 -9 -18 -13 -17 -11 -18 -12 -18 -9 -15 -10 -18 -12 -14 -11 -17 -11 -15 -7 -15 -7 -15 -8 -13 -6 -15 -9 -17 -8 -15 -9 -15 -8 -14 -11 -16 1 2 -9 -13 -9 -13 -8 -12 -11 -11 -12 -14 -12 -15 -10 -11 -9 -11 -12 -13 -12 -8 -13 -11 -13 -10 -15 -9 -13 -12 -12 -9 -14 -11 -13 -10 -13 -11 -12 -9 -15 -11 -13 -10 -12 -10 -16 -8 -17 -9 -12 -9 -13 -9 -2 -2 0 0 0 0 0 0 0 0 ]
CSI_DATA,AP,68:FE:71:12:53:8C,-35,11,1,6,1,1,1,0,0,0,0,-94,0,6,1,29567430,0,84,0,0,29.567,384,[84 -64 4 0 0 0 0 0 0 0 0 0 8 -15 9 -14 12 -15 12 -17 14 -18 13 -16 15 -14 13 -11 12 -10 12 -13 14 -13 14 -12 13 -10 15 -10 13 -9 12 -10 12 -11 13 -9 10 -13 11 -9 13 -11 11 -13 14 -9 14 -11 10 -14 14 -12 -1 1 9 -13 12 -14 10 -11 11 -10 12 -13 11 -11 8 -10 11 -14 10 -13 10 -11 7 -13 9 -11 7 -13 11 -15 10 -14 7 -12 11 -12 10 -14 10 -15 7 -16 9 -14 7 -11 8 -16 7 -14 6 -12 7 -12 -1 2 0 0 0 0 0 0 0 0 ]
CSI_DATA,AP,68:FE:71:12:53:8C,-34,11,0,0,0,0,0,0,0,0,0,-95,0,6,1,29688071,0,37,0,0,29.688,128,[84 -64 4 0 0 0 0 0 0 0 0 0 -3 20 -4 22 -7 19 -6 20 -5 21 -8 21 -7 19 -9 20 -10 17 -8 16 -11 19 -7 17 -8 16 -9 19 -10 19 -10 18 -11 17 -7 18 -8 14 -9 17 -11 16 -8 14 -9 12 -8 13 -9 18 -9 15 1 1 -10 13 -7 16 -9 17 -8 17 -5 13 -6 13 -9 17 -5 13 -8 13 -4 17 -4 17 -6 14 -3 17 -2 18 -6 14 -4 18 -3 17 -1 17 -6 17 -1 18 -2 14 -1 17 -4 18 -4 18 -4 15 0 16 0 1 0 0 0 0 0 0 0 0 ]
CSI_DATA,AP,68:FE:71:12:53:8C,-37,11,1,5,1,1,1,0,0,0,0,-94,0,6,1,29830232,0,84,0,0,29.83,384,[84 -64 4 0 0 0 0 0 0 0 0 0 24 -3 21 -2 24 -3 26 -1 22 0 23 -1 21 1 19 -2 17 0 20 0 23 -2 21 -1 17 2 18 2 20 -2 20 1 19 1 14 -2 18 2 17 2 19 -2 17 0 14 3 16 -2 17 0 18 2 0 0 16 -3 14 -2 14 -1 15 -2 12 -4 16 -3 14 -1 15 -5 16 -5 11 -6 17 -4 14 -5 14 -3 14 -4 15 -5 17 -3 16 -8 12 -7 13 -7 13 -5 16 -5 15 -8 12 -7 16 -7 12 -4 11 -9 1 1 0 0 0 0 0 0 0 0 ]
CSI_DATA,AP,68:FE:71:12:53:8C,-38,11,1,6,1,1,1,1,0,0,0,-95,3,6,1,29987684,0,84,0,0,29.988,384,[84 -64 4 0 0 0 0 0 0 0 0 0 16 -3 16 1 18 -1 21 2 18 4 18 1 19 1 15 6 19 5 16 5 19 5 17 5 18 4 18 7 18 5 16 7 14 6 13 7 16 7 13 8 13 6 14 8 13 8 15 4 15 7 16 5 1 0 12 6 14 5 16 6 14 3 14 4 16 3 12 2 15 5 12 3 12 3 14 1 13 1 13 1 16 -1 14 0 17 0 14 3 15 0 12 -1 12 -3 13 2 13 0 14 1 12 -4 14 0 16 0 0 2 0 0 0 0 0 0 0 0 ]
CSI_DATA,AP,68:FE:71:12:53:8C,-35,11,1,6,1,1,1,0,0,0,0,-94,0,6,1,30111487,0,84,0,0,30.111,384,[84 -64 4 0 0 0 0 0 0 0 0 0 6 -4 8 -3 9 -3 5 -7 8 -2 6 -4 5 -1 8 -3 8 -1 9 -2 8 -5 7 -3 9 -4 7 -1 9 -4 6 -1 9 -3 5 -1 7 -3 5 -2 7 -1 7 -3 8 -1 9 -2 8 -2 9 0 0 -1 7 -4 9 -3 8 -3 8 -5 6 -2 7 -1 8 -4 7 -3 4 -1 7 -1 7 -3 8 -2 5 -4 5 -4 8 -1 4 -4 6 -2 4 -3 7 -6 4 -5 7 -3 4 -6 7 -4 5 -6 8 -5 5 -5 -2 0 0 0 0 0 0 0 0 0 ]
CSI_DATA,AP,68:FE:71:12:53:8C,-35,11,1,5,1,1,1,0,0,0,0,-96,0,6,1,30234347,0,84,0,0,30.234,384,[84 -64 4 0 0 0 0 0 0 0 0 0 -4 23 -7 19 -7 21 -7 25 -10 21 -10 20 -9 19 -12 20 -9 19 -9 18 -12 20 -10 19 -12 21 -10 21 -10 18 -13 18 -11 20 -12 19 -12 15 -8 19 -11 18 -10 19 -12 15 -8 15 -12 16 -10 16 1 -2 -7 18 -9 17 -7 18 -4 18 -5 14 -5 19 -8 19 -3 17 -4 18 -5 16 -4 16 -5 16 -3 15 -5 17 0 18 -3 18 -2 19 0 18 -3 19 -2 15 -2 19 1 19 -1 18 2 17 -2 16 2 17 -1 -1 0 0 0 0 0 0 0 0 ]
CSI_DATA,AP,68:FE:71:12:53:8C,-38,11,1,6,1,1,1,0,0,0,0,-93,0,6,1,30410628,0,84,0,0,30.411,384,[84 -64 4 0 0 0 0 0 0 0 0 0 -19 -7 -15 -11 -16 -8 -17 -11 -18 -11 -14 -12 -12 -10 -14 -11 -11 -9 -13 -12 -10 -13 -10 -14 -9 -12 -13 -10 -10 -10 -10 -13 -8 -9 -10 -11 -7 -10 -11 -11 -7 -7 -7 -10 -6 -6 -9 -6 -11 -8 -8 -6 1 2 -11 -4 -10 -4 -9 -7 -12 -7 -12 -5 -12 -4 -11 -3 -12 -6 -10 -6 -9 -5 -14 -6 -10 -5 -10 -3 -9 -4 -12 -1 -14 -5 -12 -4 -12 -1 -11 -3 -13 -3 -11 -3 -14 0 -15 0 -12 -1 -11 -4 -11 -2 -2 -2 0 0 0 0 0 0 0 0 ]
CSI_DATA,AP,68:FE:71:12:53:8C,-39,11,1,5,1,1,1,0,0,0,0,-95,0,6,1,30579577,0,84,0,0,30.58,384,[84 -64 4 0 0 0 0 0 0 0 0 0 20 3 18 4 21 4 17 3 21 5 16 6 15 5 17 5 17 7 16 8 13 7 14 7 12 8 15 5 12 9 14 8 9 6 9 5 10 5 12 3 8 5 9 5 7 3 11 2 8 6 12 2 2 0 9 1 8 4 12 3 11 2 10 -1 10 1 7 -1 10 -3 7 -1 7 0 8 -1 11 1 7 0 10 0 11 -4 8 -5 8 -4 9 -3 9 -4 9 -3 10 -4 10 -6 11 -4 7 -3 11 -3 7 -4 -2 0 0 0 0 0 0 0 0 0 ]
CSI_DATA,AP,68:FE:71:12:53:8C,-38,11,1,6,1,1,1,0,0,0,0,-95,0,6,1,30727612,0,84,0,0,30.728,384,[84 -64 4 0 0 0 0 0 0 0 0 0 18 -15 18 -17 20 -18 20 -16 18 -14 19 -11 20 -10 16 -13 15 -11 17 -8 19 -9 17 -10 16 -11 16 -9 15 -7 16 -8 11 -7 11 -7 10 -8 10 -8 13 -5 12 -6 10 -6 12 -7 9 -8 8 -8 -2 1 8 -8 13 -8 7 -5 9 -3 13 -9 6 -10 7 -9 5 -9 3 -10 6 -9 5 -11 3 -10 5 -9 3 -8 2 -9 1 -9 3 -12 3 -11 1 -8 2 -7 -1 -12 3 -8 -2 -12 1 -9 -1 -7 -4 -8 -2 -1 0 0 0 0 0 0 0 0 ]
CSI_DATA,AP,68:FE:71:12:53:8C,-35,11,0,0,0,0,0,0,0,0,0,-94,0,6,1,30859757,0,37,0,0,30.86,128,[84 -64 4 0 0 0 0 0 0 0 0 0 12 -17 15 -15 15 -15 15 -17 17 -18 13 -15 13 -16 12 -15 13 -12 13 -11 14 -16 13 -12 16 -14 14 -12 15 -9 16 -13 13 -10 13 -12 14 -13 15 -13 14 -10 13 -9 13 -12 11 -13 12 -14 9 -10 -1 -2 9 -12 11 -10 11 -10 10 -12 13 -10 9 -11 11 -14 11 -13 11 -13 11 -14 8 -13 10 -10 9 -11 10 -11 10 -13 11 -11 9 -14 10 -13 8 -14 6 -11 9 -14 8 -14 9 -11 8 -16 8 -14 9 -14 -2 0 0 0 0 0 0 0 0 0 ]
CSI_DATA,AP,68:FE:71:12:53:8C,-35,11,1,6,1,1,1,0,0,0,0,-93,0,6,1,31015187,0,84,0,0,31.015,384,[84 -64 4 0 0 0 0 0 0 0 0 0 4 -6 6 -5 5 -2 6 -3 7 -2 6 -1 8 -3 3 -4 7 -1 6 -3 4 -2 6 -1 7 -4 8 -3 8 -1 6 -3 6 -3 7 -4 8 -3 6 -2 5 -3 8 -3 3 -1 7 0 6 -4 4 -4 -1 2 6 -5 5 -4 7 -3 6 -5 5 0 8 -2 7 -4 6 -3 6 -2 6 -1 4 0 6 -1 7 -4 4 -2 6 -1 4 -5 5 -5 6 -3 8 -4 7 -2 9 -5 3 -1 7 -5 4 -2 4 -3 6 -6 1 1 0 0 0 0 0 0 0 0 ]
CSI_DATA,AP,68:FE:71:12:53:8C,-39,11,1,4,1,1,1,0,0,0,1,-94,0,6,1,31185785,0,84,0,0,31.186,384,[84 -64 4 0 0 0 0 0 0 0 0 0 4 13 4 13 2 12 1 17 0 13 -1 13 -1 13 1 12 -3 16 0 16 -2 15 0 15 0 16 -5 17 -3 16 -2 14 -4 14 -3 13 -5 16 -4 12 -6 13 -2 13 -2 12 -3 14 -3 17 -5 14 0 1 -3 13 -2 14 -5 15 -3 13 -4 15 -2 17 -2 15 -1 14 -1 14 -2 14 -1 17 -2 17 2 14 -1 19 1 15 0 18 1 18 1 19 -1 17 0 18 3 17 2 17 1 16 5 20 2 16 2 17 1 -1 0 0 0 0 0 0 0 0 ]
CSI_DATA,AP,68:FE:71:12:53:8C,-36,11,1,6,1,1,1,0,0,0,0,-94,0,6,1,31308484,0,84,0,0,31.308,384,[84 -64 4 0 0 0 0 0 0 0 0 0 -2 -22 3 -19 1 -24 1 -23 5 -22 5 -22 9 -24 5 -21 8 -23 10 -25 8 -24 10 -27 10 -27 9 -26 10 -21 11 -23 11 -24 10 -23 10 -20 11 -25 14 -22 11 -20 13 -19 14 -24 11 -21 10 -20 -2 -2 8 -19 12 -21 9 -20 6 -24 10 -19 9 -20 10 -20 9 -24 8 -20 6 -22 3 -24 6 -20 5 -21 5 -24 6 -22 3 -22 7 -25 5 -22 5 -24 1 -23 5 -23 2 -21 2 -24 4 -22 2 -24 1 -21 -1 0 0 0 0 0 0 0 0 0 ]
CSI_DATA,AP,68:FE:71:12:53:8C,-36,11,1,7,1,1,1,0,0,0,0,-96,0,6,1,31429705,0,84,0,0,31.43,384,[84 -64 4 0 0 0 0 0 0 0 0 0 -5 20 -7 20 -6 21 -6 22 -10 22 -8 21 -7 20 -8 21 -10 21 -7 19 -9 20 -9 18 -10 20 -8 21 -7 17 -11 20 -9 16 -9 18 -9 14 -9 15 -9 14 -9 17 -8 12 -8 18 -11 15 -10 14 0 2 -6 17 -5 17 -8 14 -4 15 -6 17 -6 17 -8 16 -5 13 -3 14 -3 15 -4 18 -2 14 -1 16 -4 15 -2 15 -5 14 -3 14 -3 17 -1 18 0 15 -1 15 -2 14 -3 15 0 17 1 15 1 13 0 -1 0 0 0 0 0 0 0 0 ]
CSI_DATA,AP,68:FE:71:12:53:8C,-35,11,1,5,1,1,1,1,0,0,0,-95,1,6,1,31568146,0,84,0,0,31.568,384,[82 -96 4 0 0 0 0 0 0 0 0 0 18 6 19 7 17 12 14 10 19 10 15 10 14 13 16 13 13 14 14 10 17 13 16 13 14 11 12 14 14 13 12 11 12 12 14 10 14 10 15 14 11 14 13 13 13 10 13 11 13 9 13 9 2 0 10 8 13 11 14 9 13 7 13 10 10 9 13 7 11 8 12 7 14 5 11 6 11 7 14 7 11 9 13 5 15 6 15 5 13 6 13 6 16 7 14 3 14 3 14 4 14 3 16 6 17 3 0 0 0 0 0 0 0 0 0 0 ]
CSI_DATA,AP,68:FE:71:12:53:8C,-34,11,1,6,1,1,1,0,0,0,1,-94,0,6,1,31685905,0,84,0,0,31.686,384,[84 -64 4 0 0 0 0 0 0 0 0 0 5 -32 3 -30 6 -30 7 -29 4 -32 7 -30 9 -27 7 -29 8 -28 9 -31 10 -29 10 -28 9 -28 11 -29 12 -27 13 -25 13 -25 11 -23 12 -23 13 -24 12 -25 11 -23 11 -22 7 -23 11 -26 9 -21 1 0 8 -24 9 -24 5 -25 7 -23 9 -22 4 -22 7 -21 6 -25 6 -25 5 -20 6 -20 5 -25 3 -25 5 -25 2 -23 1 -22 3 -23 0 -26 2 -22 0 -26 0 -24 2 -22 0 -24 -1 -25 -1 -24 2 -25 -2 2 0 0 0 0 0 0 0 0 ]
CSI_DATA,AP,68:FE:71:12:53:8C,-36,11,1,6,1,1,1,0,0,0,0,-96,0,6,1,31803537,0,84,0,0,31.804,384,[84 -64 4 0 0 0 0 0 0 0 0 0 12 -21 14 -18 14 -19 16 -16 15 -18 14 -15 17 -18 16 -16 13 -15 14 -17 13 -15 14 -15 13 -16 13 -13 16 -14 13 -12 13 -15 12 -10 14 -10 13 -11 13 -12 13 -13 12 -10 12 -10 15 -12 12 -13 0 1 13 -12 15 -12 14 -14 11 -12 13 -14 12 -12 13 -12 8 -12 10 -13 9 -12 11 -14 10 -13 10 -12 11 -15 8 -14 9 -16 11 -17 7 -17 8 -16 6 -16 7 -17 9 -15 7 -18 7 -16 10 -16 8 -14 -1 0 0 0 0 0 0 0 0 0 ]
CSI_DATA,AP,68:FE:71:12:53:8C,-35,11,1,6,1,1,1,0,0,0,0,-95,0,6,1,31940814,0,84,0,0,31.941,384,[84 -64 4 0 0 0 0 0 0 0 0 0 7 -17 8 -15 12 -15 12 -19 10 -17 9 -18 10 -18 12 -15 12 -17 14 -17 14 -17 15 -16 14 -12 14 -12 15 -12 14 -11 13 -14 11 -10 11 -13 11 -12 12 -11 13 -13 11 -10 10 -12 13 -10 12 -10 -2 2 9 -13 9 -11 9 -10 11 -14 7 -14 8 -11 11 -13 7 -15 11 -13 6 -12 10 -12 6 -14 10 -15 8 -14 6 -12 5 -12 5 -14 7 -14 9 -15 7 -12 7 -14 4 -17 4 -16 4 -16 8 -15 4 -14 -1 2 0 0 0 0 0 0 0 0 ]
CSI_DATA,AP,68:FE:71:12:53:8C,-37,11,1,7,1,1,1,0,0,0,0,-95,0,6,1,32091512,0,84,0,0,32.092,384,[84 -64 4 0 0 0 0 0 0 0 0 0 -20 7 -17 9 -20 7 -23 5 -18 5 -19 5 -21 2 -18 6 -18 1 -18 1 -19 2 -18 4 -18 2 -22 1 -20 4 -19 1 -20 1 -18 0 -19 -1 -18 1 -16 1 -19 0 -17 0 -17 1 -18 1 -18 2 -2 2 -16 4 -17 1 -17 1 -17 4 -16 3 -18 5 -15 5 -15 3 -17 6 -14 5 -13 6 -13 5 -15 3 -16 5 -13 5 -14 8 -13 4 -14 6 -12 5 -15 6 -14 7 -14 6 -16 9 -14 8 -12 7 -14 7 -2 1 0 0 0 0 0 0 0 0 ]
CSI_DATA,AP,68:FE:71:12:53:8C,-35,11,1,6,1,1,1,0,0,0,0,-94,0,6,1,32235099,0,84,0,0,32.235,384,[84 -64 4 0 0 0 0 0 0 0 0 0 -15 27 -15 28 -18 26 -18 28 -17 24 -21 25 -18 24 -21 19 -22 21 -18 22 -23 21 -21 21 -21 21 -22 22 -22 18 -22 21 -21 21 -17 20 -20 17 -19 19 -17 18 -18 18 -17 16 -19 20 -19 21 -18 18 -2 -2 -15 20 -19 18 -17 17 -15 18 -17 17 -18 16 -17 17 -13 16 -15 20 -16 18 -12 22 -15 19 -12 19 -14 22 -12 19 -14 20 -12 23 -12 21 -10 19 -9 21 -10 23 -10 20 -9 20 -8 24 -7 20 -9 24 -1 1 0 0 0 0 0 0 0 0 ]
CSI_DATA,AP,68:FE:71:12:53:8C,-37,11,1,7,1,1,1,0,0,0,0,-94,0,6,1,32368937,0,84,0,0,32.369,384,[84 -64 4 0 0 0 0 0 0 0 0 0 20 0 24 1 22 -2 25 0 24 -1 23 0 23 3 23 4 23 4 23 3 24 5 24 7 23 5 19 4 19 7 20 4 21 4 19 4 20 6 21 5 21 6 18 5 20 8 20 5 18 7 18 6 -1 -2 19 6 19 5 20 2 19 4 20 3 20 1 18 3 17 3 16 4 15 3 16 2 17 -1 17 3 19 2 20 -1 18 -1 19 -2 19 -3 19 0 16 -2 20 0 15 -2 17 -3 20 -5 20 -1 20 -1 -2 1 0 0 0 0 0 0 0 0 ]
CSI_DATA,AP,68:FE:71:12:53:8C,-36,11,1,6,1,1,1,0,0,0,1,-95,0,6,1,32507779,0,84,0,0,32.508,384,[84 -64 4 0 0 0 0 0 0 0 0 0 -7 -18 -6 -17 -8 -17 -8 -19 -7 -17 -5 -18 -2 -21 -4 -18 -2 -17 -4 -16 -2 -17 -1 -17 -4 -17 0 -18 -1 -17 -1 -20 -1 -18 -2 -16 -1 -17 -3 -18 0 -19 -2 -18 0 -16 -3 -17 0 -19 -4 -16 -2 -2 -3 -16 -4 -18 -1 -18 -4 -14 -1 -13 -5 -17 -3 -13 -3 -14 -5 -16 -4 -14 -5 -13 -4 -15 -7 -16 -4 -14 -4 -14 -5 -15 -5 -12 -7 -13 -6 -13 -7 -13 -4 -13 -5 -13 -9 -16 -7 -14 -9 -12 -9 -13 -2 -1 0 0 0 0 0 0 0 0 ]
CSI_DATA,AP,68:FE:71:12:53:8C,-34,11,1,6,1,1,1,0,0,0,0,-96,0,6,1,32645622,0,84,0,0,32.646,384,[84 -64 4 0 0 0 0 0 0 0 0 0 -7 -20 -5 -21 -5 -22 -5 -20 -1 -23 0 -19 0 -18 -2 -18 1 -20 -2 -20 -1 -21 -2 -22 2 -18 -2 -19 3 -18 0 -17 2 -17 1 -16 -1 -17 1 -17 1 -20 3 -20 1 -16 0 -18 3 -19 2 -17 1 0 2 -19 1 -19 0 -19 0 -16 -3 -16 -2 -17 -2 -17 -4 -15 -2 -17 -3 -17 -5 -17 -3 -18 -1 -16 -5 -15 -4 -16 -5 -18 -3 -18 -6 -15 -4 -17 -6 -16 -4 -14 -6 -15 -4 -15 -4 -14 -5 -16 -5 -17 0 0 0 0 0 0 0 0 0 0 ]
CSI_DATA,AP,68:FE:71:12:53:8C,-41,11,1,6,1,1,1,0,0,0,0,-95,0,6,1,32799754,0,84,0,0,32.8,384,[84 -64 4 0 0 0 0 0 0 0 0 0 16 -15 17 -12 18 -12 17 -11 19 -8 15 -11 16 -10 20 -9 17 -7 17 -9 18 -8 20 -5 18 -7 17 -5 20 -8 16 -7 16 -8 15 -4 16 -4 15 -4 14 -6 16 -4 14 -5 14 -5 18 -5 17 -7 1 -2 15 -5 15 -4 14 -6 15 -3 16 -8 13 -4 12 -7 14 -7 12 -6 15 -7 15 -9 15 -5 12 -10 12 -7 15 -8 16 -8 13 -6 13 -10 15 -8 12 -9 12 -11 14 -9 12 -12 14 -10 10 -8 12 -8 -2 0 0 0 0 0 0 0 0 0 ]
CSI_DATA,AP,68:FE:71:12:53:8C,-34,11,1,5,1,1,1,0,0,0,0,-96,0,6,1,32920735,0,84,0,0,32.921,384,[84 -64 4 0 0 0 0 0 0 0 0 0 0 15 -1 15 -2 15 -2 18 -5 15 -3 17 -6 19 -5 17 -3 17 -6 14 -6 16 -6 16 -7 17 -6 16 -8 15 -8 13 -5 14 -5 13 -6 13 -8 15 -7 14 -5 15 -8 14 -6 14 -7 15 -6 13 0 -1 -4 12 -7 12 -5 12 -4 13 -6 12 -4 13 -3 15 -4 14 -3 13 -6 11 -3 12 -5 14 -5 15 -4 15 -2 13 -2 14 -4 11 0 12 -1 15 -3 14 -1 14 1 16 2 12 -1 15 2 14 -1 12 -1 -2 0 0 0 0 0 0 0 0 ]
CSI_DATA,AP,68:FE:71:12:53:8C,-33,11,1,7,1,1,1,0,0,0,0,-93,0,6,1,33057686,0,84,0,0,33.058,384,[84 -64 4 0 0 0 0 0 0 0 0 0 4 -21 6 -21 6 -20 7 -21 7 -20 9 -20 10 -20 9 -19 10 -19 9 -18 9 -18 13 -15 9 -14 13 -15 9 -18 8 -13 11 -13 12 -13 8 -16 8 -15 12 -13 9 -14 8 -13 8 -16 7 -12 7 -14 2 -1 9 -12 6 -13 7 -16 8 -14 8 -15 5 -14 5 -13 7 -16 6 -17 5 -17 4 -14 5 -17 6 -14 4 -15 4 -16 3 -14 4 -14 1 -15 2 -18 4 -16 3 -17 2 -14 4 -14 1 -17 0 -18 0 -17 0 1 0 0 0 0 0 0 0 0 ]
CSI_DATA,AP,68:FE:71:12:53:8C,-33,11,1,7,1,1,1,0,0,0,0,-96,0,6,1,33159893,0,84,0,0,33.16,384,[84 -64 4 0 0 0 0 0 0 0 0 0 -13 -15 -12 -12 -9 -12 -11 -15 -10 -14 -9 -13 -8 -13 -10 -15 -8 -17 -8 -16 -7 -15 -7 -18 -9 -14 -7 -16 -8 -16 -4 -17 -5 -17 -6 -12 -4 -13 -7 -15 -7 -12 -3 -16 -3 -11 -7 -16 -8 -15 -4 -12 2 0 -7 -13 -4 -11 -5 -14 -8 -11 -8 -11 -7 -13 -5 -12 -9 -14 -6 -11 -8 -13 -9 -12 -6 -10 -6 -10 -10 -10 -10 -13 -9 -12 -10 -12 -10 -12 -8 -10 -10 -9 -9 -12 -8 -9 -11 -12 -9 -12 -8 -12 -12 -7 -2 -2 0 0 0 0 0 0 0 0 ]
CSI_DATA,AP,68:FE:71:12:53:8C,-36,11,1,7,1,1,1,0,0,0,0,-94,0,6,1,33314256,0,84,0,0,33.314,384,[84 -64 4 0 0 0 0 0 0 0 0 0 -13 -16 -15 -16 -13 -16 -16 -15 -11 -15 -12 -15 -12 -16 -11 -19 -10 -19 -13 -19 -11 -19 -9 -19 -8 -19 -11 -17 -7 -16 -7 -20 -10 -16 -7 -16 -9 -15 -7 -17 -7 -17 -10 -16 -6 -15 -8 -15 -11 -15 -8 -15 2 -1 -8 -17 -7 -15 -10 -16 -11 -16 -8 -16 -9 -12 -11 -14 -7 -16 -8 -14 -11 -11 -10 -11 -11 -15 -10 -13 -13 -14 -13 -14 -12 -13 -13 -15 -13 -12 -14 -10 -12 -12 -11 -10 -14 -11 -14 -13 -13 -13 -13 -11 -14 -10 2 -1 0 0 0 0 0 0 0 0 ]
CSI_DATA,AP,68:FE:71:12:53:8C,-36,11,1,7,1,1,1,0,0,0,0,-95,0,6,1,33486289,0,84,0,0,33.486,384,[84 -64 4 0 0 0 0 0 0 0 0 0 -15 15 -14 16 -17 17 -15 12 -15 13 -13 13 -14 15 -14 12 -15 13 -15 11 -18 13 -18 12 -15 10 -16 9 -17 8 -15 8 -15 10 -13 8 -15 8 -17 9 -14 7 -16 7 -13 11 -17 7 -14 10 -16 10 2 -2 -15 7 -14 8 -13 11 -15 10 -14 12 -11 11 -13 8 -11 8 -11 8 -11 12 -12 9 -10 13 -9 13 -8 12 -11 14 -10 11 -8 14 -9 11 -9 12 -11 11 -12 12 -11 13 -9 12 -7 13 -8 14 -10 15 -1 -1 0 0 0 0 0 0 0 0 ]
CSI_DATA,AP,68:FE:71:12:53:8C,-37,11,1,5,1,1,1,0,0,0,0,-96,0,6,1,33602750,0,84,0,0,33.603,384,[84 -64 4 0 0 0 0 0 0 0 0 0 8 14 10 14 7 17 6 16 7 18 4 18 7 16 3 15 5 15 7 19 6 19 4 18 3 17 5 15 6 17 3 18 2 18 4 17 5 16 1 13 5 15 5 14 5 17 1 17 1 14 4 17 -1 1 4 13 5 16 5 14 3 14 5 14 7 15 6 14 4 15 4 12 5 12 4 11 6 14 7 12 7 11 9 14 5 12 9 14 6 9 9 14 9 9 7 11 6 13 11 12 10 11 7 13 9 11 -2 1 0 0 0 0 0 0 0 0 ]
CSI_DATA,AP,68:FE:71:12:53:8C,-35,11,1,6,1,1,1,0,0,0,0,-95,0,6,1,33724577,0,84,0,0,33.725,384,[84 -64 4 0 0 0 0 0 0 0 0 0 19 -6 19 -1 20 -1 23 -3 23 0 20 0 19 0 17 0 18 0 17 1 20 0 19 3 20 3 17 1 17 3 18 3 17 4 16 3 16 3 15 2 18 2 16 4 13 3 19 3 16 1 18 1 0 2 16 1 18 3 17 1 15 0 13 0 14 0 14 1 17 -1 18 -2 13 -1 17 -3 15 0 15 1 18 -1 16 1 14 0 19 -3 18 -4 15 -5 14 -6 15 -2 15 -1 17 -2 17 -6 15 -6 15 -3 1 -1 0 0 0 0 0 0 0 0 ]
CSI_DATA,AP,68:FE:71:12:53:8C,-33,11,1,6,1,1,1,0,0,0,0,-95,0,6,1,33855887,0,84,0,0,33.856,384,[84 -64 4 0 0 0 0 0 0 0 0 0 12 15 15 17 13 16 14 16 10 19 9 15 10 19 8 15 10 20 7 17 11 18 11 20 8 19 10 16 7 16 8 17 9 18 9 14 5 19 7 15 7 16 5 19 9 17 9 15 6 15 6 17 0 1 6 17 11 14 7 15 9 12 11 13 7 14 7 13 7 12 7 12 10 13 10 11 8 14 12 12 12 14 9 14 13 13 9 10 9 9 11 13 13 8 10 10 10 11 14 8 13 12 11 10 11 9 0 2 0 0 0 0 0 0 0 0 ]
CSI_DATA,AP,68:FE:71:12:53:8C,-35,11,1,5,1,1,1,0,0,0,0,-94,0,6,1,33997458,0,84,0,0,33.997,384,[84 -64 4 0 0 0 0 0 0 0 0 0 -14 -18 -11 -18 -13 -19 -12 -19 -14 -20 -9 -21 -9 -19 -9 -20 -9 -22 -9 -21 -10 -20 -9 -19 -11 -20 -10 -23 -8 -18 -11 -23 -5 -20 -8 -20 -7 -20 -8 -18 -5 -21 -5 -20 -7 -16 -8 -20 -6 -18 -7 -19 0 1 -7 -16 -8 -18 -8 -18 -7 -17 -9 -14 -10 -16 -10 -19 -7 -18 -8 -17 -12 -12 -10 -16 -12 -16 -9 -13 -11 -15 -12 -16 -11 -16 -14 -16 -12 -15 -12 -15 -12 -13 -14 -13 -11 -15 -11 -11 -13 -13 -14 -10 -13 -11 0 -2 0 0 0 0 0 0 0 0 ]
CSI_DATA,AP,68:FE:71:12:53:8C,-34,11,1,5,1,1,1,0,0,0,0,-95,0,6,1,34176751,0,84,0,0,34.177,384,[84 -64 4 0 0 0 0 0 0 0 0 0 -8 -19 -11 -22 -9 -20 -9 -21 -6 -24 -4 -22 -7 -23 -6 -22 -6 -24 -2 -22 -3 -22 -2 -25 -5 -24 -2 -20 -3 -20 -3 -21 0 -22 -3 -21 -3 -19 -4 -18 -1 -18 -2 -22 0 -18 -1 -18 -3 -22 -4 -20 -1 -1 -2 -19 -4 -17 -4 -17 -5 -18 -3 -18 -2 -17 -2 -16 -5 -17 -5 -15 -2 -19 -5 -20 -6 -16 -5 -16 -5 -19 -7 -18 -8 -17 -6 -16 -8 -17 -9 -16 -7 -14 -5 -16 -5 -15 -7 -17 -9 -16 -10 -17 -7 -18 -2 2 0 0 0 0 0 0 0 0 ]
CSI_DATA,AP,68:FE:71:12:53:8C,-36,11,1,7,1,1,1,0,0,0,0,-93,0,6,1,34343422,0,84,0,0,34.343,384,[84 -64 4 0 0 0 0 0 0 0 0 0 7 18 5 19 8 22 4 20 4 19 3 21 3 21 2 19 0 20 0 18 -1 21 -1 19 -1 20 -1 19 -1 19 -2 20 0 18 2 16 -2 16 2 17 2 18 -1 17 -1 15 -1 17 -2 18 1 16 1 2 1 19 0 18 2 16 5 16 2 15 5 15 2 16 5 18 5 16 5 17 6 19 4 18 6 14 4 15 7 17 6 16 7 17 9 13 6 17 7 14 9 16 8 15 10 14 10 17 6 14 10 14 1 1 0 0 0 0 0 0 0 0 ]
CSI_DATA,AP,68:FE:71:12:53:8C,-38,11,1,6,1,1,1,0,0,0,0,-95,0,6,1,34473392,0,84,0,0,34.473,384,[84 -64 4 0 0 0 0 0 0 0 0 0 -8 21 -7 20 -10 23 -11 19 -10 19 -8 16 -11 21 -11 18 -11 16 -10 18 -11 19 -14 16 -14 15 -14 15 -11 13 -13 17 -11 15 -11 17 -11 13 -13 15 -10 15 -12 16 -13 13 -13 16 -12 15 -10 13 -2 2 -9 14 -11 17 -11 14 -10 17 -8 16 -9 14 -8 13 -8 13 -5 16 -6 17 -9 17 -6 13 -5 17 -4 16 -8 16 -5 14 -6 15 -3 17 -5 18 -3 16 -5 18 -1 15 -2 17 -3 19 -4 15 -3 16 -1 1 0 0 0 0 0 0 0 0 ]
CSI_DATA,AP,68:FE:71:12:53:8C,-36,11,1,6,1,1,1,0,0,0,0,-95,0,6,1,34636495,0,84,0,0,34.636,384,[84 -64 4 0 0 0 0 0 0 0 0 0 10 -15 12 -17 12 -19 12 -20 14 -13 13 -16 15 -14 12 -14 16 -11 15 -14 16 -12 13 -13 14 -15 16 -12 15 -13 15 -14 15 -11 12 -8 14 -11 15 -10 12 -11 14 -11 13 -11 11 -11 15 -11 12 -9 0 0 12 -13 11 -9 13 -12 12 -10 14 -13 12 -14 12 -12 13 -11 12 -14 7 -11 12 -14 11 -13 9 -14 9 -11 9 -10 9 -14 9 -15 11 -14 9 -14 6 -16 10 -14 7 -14 9 -12 6 -14 6 -14 7 -15 -2 -2 0 0 0 0 0 0 0 0 ]
CSI_DATA,AP,68:FE:71:12:53:8C,-41,11,1,6,1,1,1,0,0,0,0,-93,0,6,1,34769516,0,84,0,0,34.77,384,[84 -64 4 0 0 0 0 0 0 0 0 0 -15 14 -19 11 -19 11 -20 10 -17 9 -20 12 -18 8 -20 6 -20 8 -19 8 -22 8 -21 9 -20 8 -17 10 -18 8 -20 6 -20 6 -18 6 -19 8 -19 4 -18 6 -18 6 -17 7 -17 6 -16 9 -15 9 -1 -1 -15 8 -15 9 -14 7 -13 7 -16 7 -15 8 -16 7 -15 6 -12 7 -16 10 -15 11 -11 6 -15 10 -13 10 -11 10 -15 11 -15 11 -10 12 -13 11 -14 12 -15 8 -12 12 -12 10 -12 14 -14 10 -12 12 2 1 0 0 0 0 0 0 0 0 ]
CSI_DATA,AP,68:FE:71:12:53:8C,-34,11,1,6,1,1,1,0,0,0,0,-96,0,6,1,34925290,0,82,0,0,34.925,384,[84 -64 4 0 0 0 0 0 0 0 0 0 13 14 13 18 11 19 12 17 9 19 8 19 10 20 9 16 7 17 10 18 6 18 10 21 6 17 5 20 7 17 7 21 4 18 4 18 5 16 5 18 4 17 7 17 3 17 5 16 7 16 6 17 0 2 8 13 7 16 9 16 8 16 6 16 10 13 7 15 8 12 6 12 9 11 7 14 9 11 8 13 8 13 9 13 11 10 10 13 11 11 11 14 10 12 7 13 8 10 12 13 14 10 13 9 11 13 -1 -1 0 0 0 0 0 0 0 0 ]
CSI_DATA,AP,68:FE:71:12:53:8C,-38,11,1,5,1,1,1,0,0,0,0,-95,0,6,1,35017790,0,84,0,0,35.018,384,[84 -64 4 0 0 0 0 0 0 0 0 0 9 -20 13 -19 11 -20 12 -19 12 -18 14 -14 12 -17 14 -16 13 -16 16 -14 15 -13 17 -13 16 -14 15 -13 12 -10 14 -14 13 -10 15 -14 13 -14 14 -10 13 -11 14 -14 12 -9 13 -12 12 -12 12 -13 -2 -2 13 -13 12 -15 14 -11 11 -16 10 -11 9 -11 12 -13 12 -14 11 -12 9 -14 8 -15 9 -14 10 -15 8 -13 9 -17 10 -14 10 -17 9 -16 8 -16 5 -15 6 -16 5 -14 9 -15 8 -18 7 -17 7 -14 -1 1 0 0 0 0 0 0 0 0 ]
CSI_DATA,AP,68:FE:71:12:53:8C,-38,11,1,6,1,1,1,0,0,0,0,-96,0,6,1,35150392,0,84,0,0,35.15,384,[84 -64 4 0 0 0 0 0 0 0 0 0 -21 -8 -21 -7 -23 -5 -20 -9 -18 -10 -20 -10 -16 -10 -15 -10 -16 -8 -19 -11 -21 -13 -20 -9 -18 -10 -17 -10 -16 -10 -19 -13 -17 -10 -13 -11 -15 -13 -15 -9 -17 -9 -13 -9 -16 -10 -16 -11 -15 -12 -17 -10 -1 2 -16 -8 -18 -10 -14 -10 -15 -9 -16 -8 -15 -8 -13 -7 -17 -6 -16 -6 -13 -8 -19 -3 -16 -8 -17 -5 -18 -4 -14 -4 -16 -6 -18 -4 -14 -5 -15 -5 -17 -4 -19 -3 -17 -5 -15 -2 -19 -3 -19 -3 -16 -4 2 0 0 0 0 0 0 0 0 0 ]
CSI_DATA,AP,68:FE:71:12:53:8C,-37,11,1,7,1,1,1,0,0,0,0,-96,0,6,1,35247496,0,84,0,0,35.247,384,[84 -64 4 0 0 0 0 0 0 0 0 0 4 18 2 19 -1 21 0 21 1 18 -3 17 -2 20 -5 17 -2 19 -1 19 -1 18 -1 18 -3 20 -4 21 -4 16 -2 19 -2 18 -6 16 -5 16 -6 17 -4 18 -4 16 -4 17 -2 19 -3 18 -4 18 0 -1 -6 16 -5 18 -2 16 -1 13 -1 16 -3 15 -2 17 -2 15 -1 17 -2 13 0 16 -2 15 -1 18 3 15 1 15 1 18 3 16 4 14 1 15 1 13 -1 15 1 16 3 16 4 17 4 13 5 17 2 0 0 0 0 0 0 0 0 0 ]
CSI_DATA,AP,68:FE:71:12:53:8C,-33,11,1,6,1,1,1,0,0,0,0,-95,0,6,1,35371036,0,84,0,0,35.371,384,[84 -64 4 0 0 0 0 0 0 0 0 0 20 -3 18 0 19 0 21 -3 21 -2 21 0 18 3 20 2 20 1 19 1 18 1 20 3 17 4 18 3 18 4 20 3 18 5 15 2 17 4 16 4 16 6 17 4 13 3 17 6 15 4 15 4 0 2 18 1 19 3 16 3 17 2 15 4 16 1 18 2 13 3 16 1 13 -2 14 2 15 3 18 -1 13 1 16 -2 17 -2 16 -2 15 -4 16 -1 15 -4 15 -1 13 0 15 -1 15 -2 15 -2 15 -1 -1 2 0 0 0 0 0 0 0 0 ]
CSI_DATA,AP,68:FE:71:12:53:8C,-30,11,1,7,1,1,1,0,0,0,0,-95,0,6,1,35514776,0,84,0,0,35.515,384,[84 -64 4 0 0 0 0 0 0 0 0 0 -16 14 -16 13 -16 16 -15 18 -16 13 -17 15 -19 15 -19 13 -16 12 -16 11 -16 14 -19 10 -19 12 -15 10 -16 10 -16 11 -18 8 -15 7 -17 8 -17 11 -19 9 -14 10 -15 8 -17 8 -14 11 -16 10 -2 2 -17 8 -15 9 -13 10 -11 12 -15 8 -15 11 -16 13 -12 12 -11 13 -10 14 -10 12 -12 14 -9 11 -13 11 -9 11 -9 13 -9 13 -10 12 -9 12 -11 16 -12 16 -8 14 -7 14 -9 15 -11 14 -10 12 2 -2 0 0 0 0 0 0 0 0 ]
CSI_DATA,AP,68:FE:71:12:53:8C,-39,11,1,6,1,1,1,0,0,0,0,-96,0,6,1,35661064,0,84,0,0,35.661,384,[84 -64 4 0 0 0 0 0 0 0 0 0 19 9 18 11 18 13 18 12 17 11 13 12 16 15 15 12 14 12 16 12 14 15 16 11 14 13 15 11 14 17 13 15 14 15 12 11 12 13 14 13 9 16 13 16 12 14 11 12 13 14 13 13 0 -1 9 13 13 10 10 13 14 8 12 13 12 12 10 13 12 11 10 11 11 10 16 10 12 8 14 7 12 7 13 6 12 7 15 9 13 4 13 6 13 4 12 4 12 9 12 7 17 4 17 7 14 4 -2 -2 0 0 0 0 0 0 0 0 ]
CSI_DATA,AP,68:FE:71:12:53:8C,-38,11,1,6,1,1,1,0,0,0,0,-94,0,6,1,35813472,0,84,0,0,35.813,384,[84 -64 4 0 0 0 0 0 0 0 0 0 -8 -19 -8 -23 -6 -24 -4 -23 -4 -21 -5 -22 -4 -24 -4 -22 -5 -23 -3 -23 -3 -22 -3 -23 1 -24 -1 -21 -3 -23 -1 -21 -2 -18 -3 -17 -2 -20 -1 -19 -2 -19 -3 -20 0 -20 -3 -17 1 -22 -2 -21 -2 0 -4 -19 -3 -20 -2 -17 -2 -20 -5 -17 -3 -18 -5 -16 -7 -20 -3 -15 -6 -16 -6 -18 -6 -15 -5 -17 -7 -17 -6 -17 -7 -20 -5 -19 -9 -19 -7 -18 -9 -18 -10 -16 -9 -17 -11 -15 -9 -15 -10 -16 -10 -16 -1 -1 0 0 0 0 0 0 0 0 ]
CSI_DATA,AP,68:FE:71:12:53:8C,-32,11,1,6,1,1,1,0,0,0,0,-94,0,6,1,35919846,0,84,0,0,35.92,384,[84 -64 4 0 0 0 0 0 0 0 0 0 16 7 15 6 19 9 18 9 15 9 14 9 15 12 13 11 12 12 13 12 15 9 12 9 14 14 15 11 11 13 15 13 13 10 10 12 12 13 12 9 10 10 10 13 10 12 11 11 10 10 10 9 0 1 12 12 12 10 13 8 12 10 10 9 12 10 13 11 9 7 12 7 10 7 11 8 10 9 10 9 13 8 14 7 14 9 14 6 15 4 13 5 11 3 15 4 13 8 14 7 13 5 15 7 11 3 -1 2 0 0 0 0 0 0 0 0 ]
CSI_DATA,AP,68:FE:71:12:53:8C,-34,11,1,7,1,1,1,0,0,0,0,-95,0,6,1,36050444,0,84,0,0,36.05,384,[84 -64 4 0 0 0 0 0 0 0 0 0 19 -10 17 -10 22 -8 21 -6 21 -5 17 -4 20 -3 19 -3 18 -2 21 -5 22 -5 19 -5 20 -1 21 -1 17 -2 18 -1 19 1 16 0 19 0 18 0 20 1 20 -2 15 2 18 1 18 -1 18 1 -2 1 15 -3 18 0 16 -1 18 -4 14 -2 15 -3 19 -1 17 -1 14 -2 18 -3 18 -3 15 -1 17 -4 17 -6 17 -3 16 -5 18 -4 16 -6 17 -3 15 -5 14 -5 17 -8 16 -5 16 -8 17 -7 17 -5 -2 2 0 0 0 0 0 0 0 0 ]
CSI_DATA,AP,68:FE:71:12:53:8C,-37,11,1,6,1,1,1,0,0,0,0,-96,0,6,1,36189532,0,84,0,0,36.19,384,[84 -64 4 0 0 0 0 0 0 0 0 0 3 -9 5 -11 7 -12 5 -11 7 -12 7 -9 5 -11 5 -8 6 -6 5 -6 7 -10 5 -8 5 -7 7 -8 5 -5 5 -9 8 -9 7 -5 7 -5 5 -9 9 -5 6 -5 4 -6 6 -5 8 -9 4 -9 1 -1 8 -8 6 -6 7 -7 6 -6 7 -9 4 -5 7 -7 4 -6 4 -6 4 -9 2 -7 3 -8 4 -8 5 -6 2 -10 5 -7 4 -10 6 -10 2 -6 3 -8 5 -7 3 -9 4 -10 3 -7 5 -9 2 -11 1 1 0 0 0 0 0 0 0 0 ]
CSI_DATA,AP,68:FE:71:12:53:8C,-35,11,1,7,1,1,1,1,0,0,0,-96,3,6,1,36313061,0,84,0,0,36.313,384,[84 -64 4 0 0 0 0 0 0 0 0 0 -15 -11 -15 -13 -13 -13 -14 -15 -15 -16 -12 -16 -13 -16 -9 -12 -9 -16 -9 -14 -10 -16 -12 -16 -10 -15 -8 -17 -7 -13 -9 -15 -9 -17 -6 -14 -11 -12 -10 -16 -6 -14 -8 -12 -7 -12 -10 -14 -10 -12 -9 -12 -2 -1 -7 -14 -10 -14 -10 -15 -8 -14 -10 -10 -8 -12 -11 -13 -8 -11 -9 -10 -9 -12 -9 -12 -9 -11 -12 -12 -11 -8 -9 -9 -11 -11 -13 -8 -11 -8 -11 -9 -14 -10 -13 -7 -12 -7 -10 -7 -13 -9 -12 -7 -11 -8 -2 2 0 0 0 0 0 0 0 0 ]
CSI_DATA,AP,68:FE:71:12:53:8C,-39,11,1,6,1,1,1,0,0,0,0,-95,0,6,1,36450586,0,84,0,0,36.451,384,[84 -64 4 0 0 0 0 0 0 0 0 0 -11 -11 -9 -12 -12 -15 -10 -14 -7 -13 -8 -16 -7 -13 -5 -15 -9 -14 -7 -15 -4 -16 -7 -17 -3 -15 -4 -15 -5 -15 -7 -18 -7 -14 -4 -15 -5 -16 -7 -12 -2 -14 -5 -15 -5 -11 -5 -15 -5 -13 -4 -14 1 -1 -6 -13 -6 -14 -8 -13 -5 -14 -4 -13 -4 -11 -4 -15 -4 -11 -6 -11 -8 -13 -7 -12 -5 -10 -6 -13 -7 -13 -9 -10 -11 -12 -7 -13 -11 -11 -7 -12 -11 -11 -9 -11 -11 -11 -9 -14 -8 -11 -7 -13 -10 -11 1 0 0 0 0 0 0 0 0 0 ]
CSI_DATA,AP,68:FE:71:12:53:8C,-40,11,1,6,1,1,1,0,0,0,0,-95,0,6,1,36573799,0,84,0,0,36.574,384,[84 -64 4 0 0 0 0 0 0 0 0 0 21 -5 19 -5 20 -2 22 -5 19 -4 20 0 20 -3 20 -1 21 1 20 -1 20 1 22 0 19 3 20 0 19 1 22 3 19 4 18 1 16 3 17 1 15 3 19 2 14 0 18 2 17 1 15 0 2 0 14 1 19 2 19 2 16 -2 18 -1 18 -2 17 2 17 1 14 -2 16 -2 17 -3 15 -2 16 -3 15 -1 15 -2 16 -4 17 -3 16 -7 17 -6 15 -7 13 -4 17 -5 15 -4 17 -4 16 -7 16 -6 1 -1 0 0 0 0 0 0 0 0 ]
CSI_DATA,AP,68:FE:71:12:53:8C,-32,11,1,7,1,1,1,0,0,0,0,-94,0,6,1,36698770,0,84,0,0,36.699,384,[84 -64 4 0 0 0 0 0 0 0 0 0 -8 20 -4 18 -9 17 -10 18 -10 17 -7 13 -7 15 -12 12 -8 13 -8 13 -9 14 -11 13 -10 13 -10 10 -10 11 -12 9 -8 9 -9 10 -8 9 -6 11 -9 10 -10 8 -5 8 -5 8 -6 9 -5 7 -2 2 -7 10 -5 11 -4 9 -5 9 -5 10 -4 11 -3 9 -6 9 -6 11 -3 12 0 10 0 10 -2 10 -3 12 -2 8 -2 13 0 13 0 11 -2 13 -2 11 -2 11 0 12 -1 13 -2 11 -1 11 0 9 2 1 0 0 0 0 0 0 0 0 ]
CSI_DATA,AP,68:FE:71:12:53:8C,-32,11,1,7,1,1,1,0,0,0,0,-94,0,6,1,36841050,0,84,0,0,36.841,384,[84 -64 4 0 0 0 0 0 0 0 0 0 -28 0 -30 -4 -27 -2 -27 -4 -29 -7 -23 -6 -25 -9 -23 -8 -24 -7 -22 -9 -26 -6 -22 -7 -21 -9 -19 -9 -20 -7 -20 -7 -19 -8 -19 -8 -19 -8 -15 -8 -18 -6 -15 -9 -14 -7 -14 -6 -15 -6 -17 -2 0 0 -15 -4 -12 -3 -15 1 -14 2 -11 -1 -11 -2 -12 0 -13 3 -14 1 -12 5 -12 3 -13 3 -11 4 -13 6 -13 7 -11 6 -12 4 -11 8 -12 7 -12 10 -11 7 -9 9 -10 11 -9 8 -12 10 -11 12 1 1 0 0 0 0 0 0 0 0 ]
CSI_DATA,AP,68:FE:71:12:53:8C,-34,11,1,7,1,1,1,0,0,0,0,-95,0,6,1,36993964,0,84,0,0,36.994,384,[84 -64 4 0 0 0 0 0 0 0 0 0 15 26 11 28 13 28 13 32 9 29 10 28 6 27 7 27 4 26 6 23 7 28 6 26 6 27 5 26 2 22 6 25 4 19 2 21 5 18 2 18 5 19 3 15 2 17 6 18 3 15 4 17 2 -2 8 16 7 14 7 11 6 13 5 14 5 11 8 9 7 11 8 8 9 7 9 11 7 9 10 6 12 8 11 8 13 9 13 6 11 7 10 7 10 5 12 7 12 4 12 3 13 1 9 3 12 4 0 -1 0 0 0 0 0 0 0 0 ]
CSI_DATA,AP,68:FE:71:12:53:8C,-36,11,1,7,1,1,1,0,0,0,0,-94,0,6,1,37120151,0,84,0,0,37.12,384,[84 -64 4 0 0 0 0 0 0 0 0 0 18 1 16 2 17 3 19 3 19 3 15 2 14 5 16 4 16 3 13 6 16 4 14 3 13 4 13 2 15 6 17 3 15 3 12 5 12 5 14 4 13 5 13 1 10 2 13 4 15 3 15 1 1 0 14 1 14 0 14 4 16 0 14 0 12 0 17 0 14 4 15 1 12 1 15 3 15 -1 17 -1 13 3 15 3 14 -1 18 0 13 2 15 -2 12 1 18 -1 17 -1 16 2 15 -2 15 -1 13 -1 2 1 0 0 0 0 0 0 0 0 ]
CSI_DATA,AP,68:FE:71:12:53:8C,-39,11,1,4,1,1,1,0,0,0,1,-95,0,6,1,37222707,0,84,0,0,37.223,384,[84 -64 4 0 0 0 0 0 0 0 0 0 -18 -14 -17 -13 -21 -14 -21 -15 -18 -16 -16 -16 -16 -18 -18 -16 -17 -16 -19 -14 -19 -19 -19 -16 -20 -19 -15 -16 -15 -18 -19 -20 -15 -15 -15 -16 -14 -20 -13 -17 -15 -18 -16 -16 -16 -15 -14 -17 -19 -18 -18 -19 -2 -2 -15 -17 -16 -15 -18 -18 -19 -14 -19 -14 -18 -18 -17 -17 -16 -14 -16 -13 -19 -15 -19 -15 -19 -14 -19 -14 -20 -14 -21 -12 -24 -16 -22 -17 -20 -14 -23 -14 -18 -15 -19 -17 -20 -16 -19 -14 -23 -14 -18 -13 -21 -13 -1 2 0 0 0 0 0 0 0 0 ]
CSI_DATA,AP,68:FE:71:12:53:8C,-35,11,1,5,1,1,1,1,0,0,0,-93,3,6,1,37379452,0,84,0,0,37.379,384,[84 -64 4 0 0 0 0 0 0 0 0 0 11 -19 11 -16 11 -21 14 -17 15 -20 15 -15 14 -18 20 -15 19 -15 17 -17 18 -17 19 -19 18 -18 22 -15 18 -12 21 -18 19 -16 21 -16 19 -16 22 -13 21 -14 21 -14 19 -15 22 -15 20 -16 20 -14 -1 -2 18 -13 19 -16 21 -15 17 -14 18 -14 16 -15 20 -15 17 -13 16 -18 18 -15 17 -15 17 -16 14 -18 14 -15 18 -18 15 -17 18 -16 15 -19 14 -19 16 -17 14 -19 16 -18 16 -18 16 -19 13 -22 12 -22 1 -1 0 0 0 0 0 0 0 0 ]
CSI_DATA,AP,68:FE:71:12:53:8C,-33,11,1,7,1,1,1,1,0,0,0,-96,5,6,1,37491706,0,84,0,0,37.492,384,[84 -64 4 0 0 0 0 0 0 0 0 0 6 13 3 12 2 13 3 15 3 17 3 16 3 14 1 16 0 17 1 16 4 21 1 21 -1 17 2 19 2 17 -2 20 1 18 0 15 2 17 -1 19 -1 17 0 17 -4 14 1 17 -3 18 0 19 -1 -2 -2 16 2 17 1 19 -2 19 -2 17 0 20 0 18 -2 17 2 19 2 17 1 17 3 16 3 16 3 16 1 17 2 18 4 18 4 15 1 18 4 16 4 19 5 19 4 17 5 17 3 15 2 16 -2 2 0 0 0 0 0 0 0 0 ]
CSI_DATA,AP,68:FE:71:12:53:8C,-36,11,1,5,1,1,1,0,0,0,0,-94,0,6,1,37608411,0,84,0,0,37.608,384,[84 -64 4 0 0 0 0 0 0 0 0 0 -18 13 -15 12 -20 13 -16 12 -16 10 -17 12 -18 9 -16 10 -21 11 -17 9 -21 10 -20 8 -20 5 -19 5 -16 7 -19 9 -19 6 -17 6 -18 4 -17 8 -18 7 -16 6 -16 3 -18 4 -20 4 -15 5 -2 1 -15 5 -18 10 -16 8 -13 10 -14 8 -12 10 -17 9 -15 9 -14 11 -15 11 -13 9 -11 7 -15 8 -11 9 -15 8 -10 12 -14 9 -9 12 -14 12 -10 13 -10 13 -9 12 -9 12 -11 14 -9 12 -10 11 -1 0 0 0 0 0 0 0 0 0 ]
CSI_DATA,AP,68:FE:71:12:53:8C,-40,11,1,4,1,1,1,0,0,0,0,-95,0,6,1,37705862,0,84,0,0,37.706,384,[37 80 2 0 0 0 0 0 0 0 0 0 -32 -11 -29 -14 -29 -13 -32 -14 -28 -17 -29 -15 -24 -19 -23 -16 -23 -19 -23 -15 -26 -18 -29 -19 -24 -19 -26 -20 -24 -20 -23 -19 -25 -18 -23 -18 -20 -20 -21 -20 -19 -19 -21 -16 -18 -16 -22 -14 -24 -15 -23 -18 -2 2 -20 -16 -23 -15 -23 -15 -22 -15 -25 -13 -20 -13 -21 -11 -20 -15 -24 -13 -20 -14 -25 -13 -23 -9 -24 -9 -22 -11 -24 -9 -24 -11 -27 -11 -23 -11 -23 -8 -27 -9 -25 -7 -23 -8 -23 -8 -29 -6 -23 -5 -26 -6 2 -1 0 0 0 0 0 0 0 0 ]
CSI_DATA,AP,68:FE:71:12:53:8C,-37,11,1,7,1,1,1,1,0,0,0,-95,3,6,1,37843749,0,84,0,0,37.844,384,[84 -64 4 0 0 0 0 0 0 0 0 0 -11 -17 -8 -22 -8 -20 -8 -20 -7 -18 -5 -22 -5 -19 -7 -20 -4 -22 -4 -21 -4 -21 -6 -19 -2 -22 -3 -21 -5 -20 -4 -18 -2 -19 -3 -16 -4 -19 -1 -16 -4 -18 0 -18 0 -18 -5 -15 -5 -17 -3 -16 1 -2 -5 -18 -3 -14 -6 -15 -2 -18 -3 -18 -3 -17 -3 -17 -7 -16 -3 -13 -4 -13 -8 -14 -8 -13 -6 -16 -9 -17 -9 -13 -7 -15 -6 -15 -8 -13 -6 -15 -9 -14 -9 -13 -9 -15 -8 -13 -12 -16 -11 -16 -7 -13 0 1 0 0 0 0 0 0 0 0 ]
CSI_DATA,AP,68:FE:71:12:53:8C,-34,11,1,6,1,1,1,1,0,0,0,-95,4,6,1,38000437,0,84,0,0,38,384,[84 -64 4 0 0 0 0 0 0 0 0 0 -18 -2 -21 -5 -18 -5 -18 -7 -21 -8 -18 -9 -21 -6 -19 -10 -16 -9 -20 -7 -20 -11 -19 -11 -18 -8 -15 -12 -16 -10 -19 -9 -17 -8 -15 -7 -18 -8 -17 -12 -16 -11 -17 -12 -12 -7 -15 -8 -16 -11 -17 -11 1 -2 -14 -9 -16 -7 -15 -9 -13 -7 -16 -5 -12 -7 -14 -8 -17 -9 -14 -7 -14 -7 -17 -4 -13 -7 -13 -3 -13 -3 -17 -3 -17 -3 -15 -6 -18 -3 -17 -3 -18 -3 -15 -1 -18 -4 -15 -2 -17 -3 -16 -1 -15 -4 2 2 0 0 0 0 0 0 0 0 ]
CSI_DATA,AP,68:FE:71:12:53:8C,-35,11,1,7,1,1,1,1,0,0,0,-94,5,6,1,38119850,0,84,0,0,38.12,384,[84 -64 4 0 0 0 0 0 0 0 0 0 -28 9 -28 8 -31 6 -31 7 -30 3 -28 5 -30 0 -31 -2 -31 0 -31 1 -30 3 -31 3 -32 0 -31 2 -30 -2 -31 1 -28 -3 -28 -1 -28 -1 -26 -3 -24 0 -27 -4 -26 1 -26 1 -28 3 -27 0 -1 1 -27 1 -28 2 -28 0 -26 1 -24 4 -23 2 -24 1 -24 2 -24 5 -24 4 -24 6 -23 7 -26 7 -25 4 -26 6 -24 8 -25 5 -22 6 -26 4 -22 5 -26 7 -21 8 -26 10 -25 11 -22 10 -24 7 0 -2 0 0 0 0 0 0 0 0 ]
CSI_DATA,AP,68:FE:71:12:53:8C,-43,11,1,4,1,1,1,0,0,0,0,-94,0,6,1,38263612,0,84,0,0,38.264,384,[84 -64 4 0 0 0 0 0 0 0 0 0 -1 38 -7 43 -5 44 -10 44 -7 41 -12 41 -8 41 -12 41 -12 39 -10 36 -16 36 -15 38 -16 40 -13 40 -15 37 -19 37 -16 35 -17 34 -13 32 -14 32 -14 33 -18 30 -16 31 -13 35 -14 34 -14 32 -1 -1 -15 32 -11 31 -13 33 -11 34 -14 31 -13 30 -15 34 -9 33 -7 30 -6 33 -7 31 -5 34 -6 35 -8 35 -7 32 -7 35 -5 31 -5 34 -4 31 -3 30 -4 34 -4 31 0 34 2 33 0 33 2 35 0 0 0 0 0 0 0 0 0 0 ]
CSI_DATA,AP,68:FE:71:12:53:8C,-36,11,1,7,1,1,1,0,0,0,0,-95,0,6,1,38397433,0,84,0,0,38.397,384,[84 -64 4 0 0 0 0 0 0 0 0 0 14 -13 14 -11 17 -10 19 -10 19 -11 18 -7 15 -9 18 -8 16 -6 18 -9 16 -7 18 -5 17 -7 19 -8 17 -5 15 -8 17 -3 14 -8 16 -7 16 -7 16 -3 16 -4 15 -3 18 -4 16 -3 16 -5 -1 0 17 -4 17 -5 14 -6 16 -8 14 -8 12 -5 13 -6 16 -8 15 -5 13 -10 13 -6 14 -7 11 -7 13 -7 15 -8 13 -8 13 -9 14 -9 11 -9 11 -12 12 -10 12 -8 11 -12 13 -10 12 -9 14 -11 -1 0 0 0 0 0 0 0 0 0 ]
CSI_DATA,AP,68:FE:71:12:53:8C,-34,11,0,0,0,0,0,1,0,0,0,-93,4,6,1,38559520,0,37,0,0,38.56,128,[84 -64 4 0 0 0 0 0 0 0 0 0 20 -3 20 -4 18 -2 20 -3 19 -1 22 -1 22 -1 17 0 20 -2 22 -1 20 2 18 3 22 3 21 1 20 2 17 3 19 1 19 4 16 2 16 4 19 0 16 3 19 0 18 0 16 3 19 2 2 0 15 2 17 2 18 1 18 1 16 2 16 -2 17 1 18 0 15 0 16 -4 17 -4 13 -3 16 -1 14 -4 18 -3 18 -5 17 -3 17 -7 15 -6 13 -7 18 -5 17 -5 16 -3 13 -8 15 -5 13 -7 0 1 0 0 0 0 0 0 0 0 ]
CSI_DATA,AP,68:FE:71:12:53:8C,-38,11,1,7,1,1,1,0,0,0,0,-96,0,6,1,38693985,0,84,0,0,38.694,384,[84 -64 4 0 0 0 0 0 0 0 0 0 -3 -18 -2 -19 -2 -21 0 -20 -3 -20 1 -19 -2 -17 1 -19 3 -20 4 -20 0 -17 2 -16 5 -20 5 -20 4 -15 5 -16 2 -16 2 -15 4 -17 5 -17 4 -17 3 -14 1 -15 0 -14 2 -15 0 -15 -2 2 3 -16 0 -13 -1 -17 0 -17 -2 -13 -1 -14 2 -15 -1 -16 -1 -14 1 -15 -2 -12 -3 -13 -2 -14 -1 -14 -4 -13 -2 -17 -1 -13 0 -17 -4 -12 -4 -17 -1 -16 -3 -17 -2 -13 -3 -15 -3 -12 -4 -15 -2 1 0 0 0 0 0 0 0 0 ]
CSI_DATA,AP,68:FE:71:12:53:8C,-34,11,1,7,1,1,1,0,0,0,0,-96,0,6,1,38859779,0,84,0,0,38.86,384,[84 -64 4 0 0 0 0 0 0 0 0 0 -3 -22 -4 -18 -2 -21 -2 -22 -1 -22 0 -18 -1 -20 -3 -18 -3 -18 -3 -20 2 -22 1 -18 -1 -21 -2 -20 1 -19 1 -17 0 -18 1 -16 0 -20 3 -20 2 -17 2 -20 0 -19 1 -17 1 -16 -1 -17 -2 -1 2 -19 -1 -18 0 -17 -3 -17 -3 -17 1 -18 -2 -14 -2 -16 -4 -17 -3 -14 -5 -18 -5 -14 -2 -16 -3 -14 -2 -14 -2 -18 -5 -18 -6 -15 -7 -16 -4 -18 -5 -16 -6 -15 -6 -15 -5 -16 -5 -16 -7 -17 2 -1 0 0 0 0 0 0 0 0 ]
CSI_DATA,AP,68:FE:71:12:53:8C,-36,11,1,5,1,1,1,0,0,0,0,-95,0,6,1,38982876,0,84,0,0,38.983,384,[84 -64 4 0 0 0 0 0 0 0 0 0 16 -9 15 -9 14 -8 19 -9 16 -9 16 -4 18 -6 16 -5 19 -4 15 -5 17 -4 17 -5 17 -4 16 -2 18 -1 16 -1 16 -3 14 -3 17 -3 14 -1 16 -3 17 -5 14 -4 15 -4 14 -1 13 -4 0 2 12 -1 14 -5 16 -4 11 -3 12 -4 12 -6 11 -6 12 -7 13 -7 14 -5 14 -7 10 -8 10 -8 12 -9 10 -7 12 -8 12 -6 14 -9 11 -9 10 -10 10 -9 13 -10 13 -9 11 -7 13 -8 10 -9 -2 0 0 0 0 0 0 0 0 0 ]
CSI_DATA,AP,68:FE:71:12:53:8C,-37,11,1,6,1,1,1,0,0,0,0,-96,0,6,1,39111389,0,84,0,0,39.111,384,[84 -64 4 0 0 0 0 0 0 0 0 0 -8 19 -13 17 -11 19 -14 17 -10 18 -14 15 -14 18 -13 14 -14 14 -15 16 -12 13 -13 17 -13 13 -16 15 -14 16 -12 14 -14 12 -15 14 -11 14 -11 11 -11 11 -14 11 -14 10 -11 11 -13 13 -9 14 1 0 -9 14 -9 14 -10 11 -12 13 -10 11 -11 14 -7 11 -10 14 -7 13 -8 14 -11 12 -9 12 -6 13 -6 12 -10 14 -7 12 -8 13 -7 12 -7 15 -5 13 -7 17 -4 16 -6 16 -4 17 -4 14 -4 15 2 1 0 0 0 0 0 0 0 0 ]
CSI_DATA,AP,68:FE:71:12:53:8C,-35,11,1,5,1,1,1,0,0,0,0,-95,0,6,1,39242441,0,84,0,0,39.242,384,[84 -64 4 0 0 0 0 0 0 0 0 0 15 14 10 14 13 14 10 15 13 15 12 12 10 16 7 12 10 14 8 13 7 14 8 14 5 17 6 13 6 16 5 13 7 15 9 14 6 15 5 12 7 13 7 12 6 12 7 12 8 14 7 13 1 1 6 13 7 10 7 10 9 12 5 10 9 9 9 13 7 11 10 12 8 12 6 10 8 11 9 11 9 9 8 12 9 9 8 8 11 11 12 11 11 8 8 10 12 9 13 7 9 10 10 6 8 7 -1 2 0 0 0 0 0 0 0 0 ]
CSI_DATA,AP,68:FE:71:12:53:8C,-34,11,1,6,1,1,1,0,0,0,0,-95,0,6,1,39356336,0,84,0,0,39.356,384,[84 -64 4 0 0 0 0 0 0 0 0 0 -13 -14 -13 -12 -17 -12 -13 -15 -16 -13 -13 -13 -12 -14 -13 -15 -9 -16 -11 -12 -10 -15 -11 -16 -10 -14 -12 -16 -10 -13 -8 -12 -7 -14 -7 -13 -8 -16 -10 -15 -11 -15 -11 -12 -9 -14 -12 -12 -12 -13 -11 -10 0 -1 -11 -13 -12 -12 -12 -14 -9 -9 -9 -13 -9 -11 -8 -9 -9 -10 -11 -11 -10 -9 -12 -8 -9 -7 -13 -11 -13 -8 -14 -10 -10 -7 -13 -11 -11 -9 -11 -6 -14 -7 -12 -9 -13 -6 -13 -11 -15 -8 -12 -7 -14 -6 -1 1 0 0 0 0 0 0 0 0 ]
CSI_DATA,AP,68:FE:71:12:53:8C,-35,11,1,6,1,1,1,0,0,0,0,-95,0,6,1,39502024,0,84,0,0,39.502,384,[84 -64 4 0 0 0 0 0 0 0 0 0 -18 8 -20 8 -18 10 -17 7 -17 9 -18 4 -19 6 -21 4 -17 5 -18 5 -18 5 -19 0 -22 3 -19 2 -20 3 -17 1 -19 2 -18 2 -16 2 -17 2 -15 -1 -16 0 -15 3 -16 2 -15 -1 -17 0 -2 -1 -18 4 -15 1 -15 3 -14 5 -13 2 -15 5 -17 4 -15 2 -16 5 -14 5 -18 2 -17 6 -16 5 -16 7 -15 6 -16 5 -15 8 -14 8 -15 4 -12 8 -16 5 -13 5 -15 8 -14 9 -13 6 -14 5 -2 0 0 0 0 0 0 0 0 0 ]
CSI_DATA,AP,68:FE:71:12:53:8C,-33,11,1,6,1,1,1,0,0,0,0,-94,0,6,1,39626295,0,84,0,0,39.626,384,[84 -64 4 0 0 0 0 0 0 0 0 0 9 -18 11 -19 9 -18 9 -17 12 -19 13 -16 12 -15 9 -15 10 -17 11 -15 14 -16 12 -15 15 -13 15 -16 13 -15 11 -16 12 -11 11 -11 14 -12 10 -13 12 -13 12 -14 14 -11 14 -10 11 -13 11 -12 1 0 9 -10 9 -13 8 -14 9 -13 8 -11 10 -15 7 -13 10 -12 7 -11 7 -13 8 -13 5 -15 9 -15 7 -15 7 -14 9 -16 6 -13 8 -13 6 -16 8 -17 4 -14 5 -14 5 -18 5 -17 4 -15 5 -17 0 0 0 0 0 0 0 0 0 0 ]
CSI_DATA,AP,68:FE:71:12:53:8C,-39,11,1,6,1,1,1,0,0,0,0,-94,0,6,1,39759290,0,84,0,0,39.759,384,[84 -64 4 0 0 0 0 0 0 0 0 0 -3 19 -2 20 -1 21 -2 23 -4 19 -4 21 -6 19 -6 19 -5 18 -6 21 -8 21 -5 18 -9 17 -9 19 -9 17 -7 19 -5 17 -8 19 -7 15 -7 17 -6 16 -8 16 -6 15 -6 18 -8 16 -5 14 -2 2 -8 17 -6 14 -4 18 -4 18 -3 15 -4 17 -2 16 -4 15 -5 15 -1 16 -4 15 -3 17 -2 14 -1 16 -1 15 2 14 -1 17 2 17 0 16 1 14 0 16 -1 18 1 14 3 16 1 17 4 15 -2 -1 0 0 0 0 0 0 0 0 ]
CSI_DATA,AP,68:FE:71:12:53:8C,-34,11,1,5,1,1,1,0,0,0,0,-95,0,6,1,39882105,0,84,0,0,39.882,384,[84 -64 4 0 0 0 0 0 0 0 0 0 13 14 15 16 15 15 12 17 11 13 12 17 9 13 9 15 9 15 10 17 11 18 10 15 11 17 11 14 7 15 11 14 9 16 5 16 6 14 10 13 9 17 10 17 7 11 6 13 10 15 9 15 -1 2 8 15 10 12 8 12 12 9 10 13 7 14 9 11 10 11 13 10 12 12 12 9 13 13 11 10 11 11 10 12 11 13 12 12 15 8 11 7 12 7 12 11 13 7 12 7 15 8 13 10 13 9 2 -2 0 0 0 0 0 0 0 0 ]
CSI_DATA,AP,68:FE:71:12:53:8C,-37,11,1,5,1,1,1,0,0,0,0,-93,0,6,1,39996840,0,84,0,0,39.997,384,[84 -64 4 0 0 0 0 0 0 0 0 0 0 23 3 20 0 20 2 24 1 20 -3 20 -2 20 -1 18 -5 19 -2 19 -2 21 -6 22 -6 22 -3 23 -5 21 -4 23 -7 21 -6 20 -5 17 -7 20 -6 16 -4 17 -3 16 -6 18 -4 17 -5 19 1 -1 -1 18 -3 17 -1 18 0 20 -2 16 -3 16 -2 17 1 18 1 17 2 18 -1 17 -1 17 -1 18 3 17 3 17 0 16 2 20 2 16 1 18 4 16 0 18 1 15 5 19 2 17 1 17 3 16 2 0 0 0 0 0 0 0 0 0 ]
CSI_DATA,AP,68:FE:71:12:53:8C,-33,11,1,7,1,1,1,0,0,0,0,-93,0,6,1,40126137,0,84,0,0,40.126,384,[84 -64 4 0 0 0 0 0 0 0 0 0 -17 -16 -16 -16 -15 -16 -14 -19 -14 -15 -10 -16 -11 -18 -10 -17 -11 -20 -11 -20 -11 -18 -10 -20 -9 -18 -12 -17 -10 -19 -9 -22 -8 -18 -9 -19 -7 -20 -8 -18 -10 -20 -7 -16 -9 -16 -6 -19 -9 -16 -10 -17 1 -2 -7 -16 -8 -16 -11 -14 -12 -14 -9 -14 -8 -16 -10 -15 -11 -13 -12 -15 -13 -12 -10 -15 -10 -15 -13 -14 -10 -11 -14 -12 -11 -14 -14 -15 -11 -12 -13 -12 -11 -14 -15 -15 -12 -11 -14 -11 -16 -12 -16 -10 -12 -11 -1 -1 0 0 0 0 0 0 0 0 ]
CSI_DATA,AP,68:FE:71:12:53:8C,-33,11,1,7,1,1,1,0,0,0,0,-95,0,6,1,40219917,0,84,0,0,40.22,384,[84 -64 4 0 0 0 0 0 0 0 0 0 8 -19 10 -19 13 -22 14 -22 10 -21 13 -17 11 -19 11 -16 15 -17 13 -17 14 -17 14 -18 17 -16 15 -16 13 -14 17 -14 15 -15 14 -14 11 -15 13 -11 15 -10 14 -13 13 -14 13 -14 12 -12 11 -16 1 -1 11 -12 13 -13 13 -15 10 -16 10 -12 14 -16 10 -14 8 -12 11 -15 11 -15 11 -15 8 -12 8 -17 11 -15 10 -13 9 -15 9 -18 9 -18 6 -16 6 -18 10 -14 8 -18 9 -14 7 -18 7 -18 7 -18 2 2 0 0 0 0 0 0 0 0 ]
CSI_DATA,AP,68:FE:71:12:53:8C,-38,11,1,6,1,1,1,0,0,0,0,-93,0,6,1,40359460,0,82,0,0,40.359,384,[84 -64 4 0 0 0 0 0 0 0 0 0 -18 -15 -16 -15 -17 -14 -20 -18 -14 -15 -16 -16 -13 -15 -15 -15 -11 -15 -15 -14 -14 -15 -16 -15 -11 -18 -11 -17 -9 -18 -12 -17 -11 -19 -13 -16 -10 -17 -13 -16 -11 -14 -9 -17 -10 -17 -12 -15 -11 -15 -12 -16 2 1 -9 -17 -12 -12 -11 -14 -14 -11 -14 -13 -14 -15 -10 -14 -12 -13 -11 -13 -12 -9 -15 -12 -11 -12 -14 -10 -14 -10 -16 -11 -15 -11 -14 -13 -14 -9 -16 -12 -13 -10 -13 -8 -14 -12 -14 -8 -18 -8 -15 -11 -15 -8 -2 -2 0 0 0 0 0 0 0 0 ]
CSI_DATA,AP,68:FE:71:12:53:8C,-38,11,0,0,0,0,0,0,0,0,0,-95,0,6,1,40460229,0,37,0,0,40.46,128,[84 -64 4 0 0 0 0 0 0 0 0 0 -17 15 -16 14 -18 15 -18 13 -17 11 -20 11 -20 13 -17 10 -21 9 -18 11 -18 9 -21 11 -22 8 -20 6 -21 10 -22 9 -19 5 -18 8 -20 8 -19 5 -18 7 -19 8 -18 8 -15 9 -19 9 -16 6 0 -1 -15 6 -18 6 -15 10 -15 10 -13 9 -13 10 -17 8 -16 7 -15 11 -14 8 -16 13 -12 12 -15 12 -12 9 -12 12 -15 11 -13 14 -13 14 -14 12 -11 11 -15 14 -11 14 -14 15 -12 12 -10 14 -14 12 1 -2 0 0 0 0 0 0 0 0 ]
CSI_DATA,AP,68:FE:71:12:53:8C,-35,11,1,6,1,1,1,0,0,0,0,-96,0,6,1,40590424,0,84,0,0,40.59,384,[84 -64 4 0 0 0 0 0 0 0 0 0 12 14 11 15 15 13 14 17 14 15 13 15 10 15 10 16 10 17 11 17 9 18 12 16 11 16 9 19 7 18 10 19 10 17 6 15 10 15 7 14 5 15 9 16 7 16 7 16 6 13 8 17 -1 0 10 13 7 13 9 14 9 11 10 15 10 11 9 15 8 13 7 13 7 9 9 13 8 9 13 10 9 11 8 12 10 13 10 12 12 12 13 10 13 7 14 11 12 11 13 8 15 8 12 8 13 6 0 2 0 0 0 0 0 0 0 0 ]
CSI_DATA,AP,68:FE:71:12:53:8C,-38,11,1,6,1,1,1,0,0,0,0,-95,0,6,1,40701971,0,84,0,0,40.702,384,[84 -64 4 0 0 0 0 0 0 0 0 0 5 18 5 19 7 18 4 18 4 17 6 19 3 17 0 19 2 17 1 19 1 21 1 20 3 22 0 20 2 19 1 18 3 16 1 15 1 18 -1 18 1 15 -1 16 -3 15 -1 16 1 16 2 16 2 -2 2 15 3 15 1 17 1 13 0 17 4 17 0 17 5 16 1 16 3 16 3 16 3 14 5 13 6 15 6 13 5 12 4 13 6 14 7 14 6 15 7 15 6 14 6 16 10 12 7 14 7 11 1 2 0 0 0 0 0 0 0 0 ]
CSI_DATA,AP,68:FE:71:12:53:8C,-34,11,1,6,1,1,1,0,0,0,0,-94,0,6,1,40832447,0,84,0,0,40.832,384,[84 -64 4 0 0 0 0 0 0 0 0 0 -20 -7 -19 -8 -20 -10 -22 -12 -18 -12 -20 -10 -17 -15 -18 -14 -19 -11 -17 -11 -17 -13 -20 -15 -17 -16 -16 -14 -17 -14 -14 -14 -17 -14 -16 -12 -15 -12 -15 -15 -15 -13 -15 -15 -12 -10 -17 -15 -14 -15 -17 -10 0 -1 -15 -10 -17 -10 -18 -13 -17 -9 -14 -11 -16 -13 -17 -8 -15 -10 -15 -8 -17 -6 -19 -7 -15 -8 -18 -5 -17 -5 -17 -9 -17 -9 -15 -6 -18 -4 -19 -8 -17 -5 -16 -5 -15 -3 -19 -4 -16 -2 -16 -5 -15 -4 0 -1 0 0 0 0 0 0 0 0 ]
CSI_DATA,AP,68:FE:71:12:53:8C,-35,11,1,7,1,1,1,1,0,0,0,-95,5,6,1,40989925,0,84,0,0,40.99,384,[84 -64 4 0 0 0 0 0 0 0 0 0 0 -21 -1 -19 -2 -21 2 -22 2 -24 3 -19 3 -21 3 -18 4 -22 6 -22 2 -19 6 -23 3 -21 3 -22 5 -21 7 -21 6 -19 7 -18 6 -17 6 -16 5 -16 6 -20 4 -18 2 -20 6 -16 3 -19 -2 0 5 -15 5 -20 2 -20 0 -18 0 -15 1 -20 1 -15 1 -15 -1 -17 2 -17 -1 -15 0 -18 0 -17 1 -19 2 -16 0 -16 0 -18 0 -17 -3 -19 -1 -16 0 -19 -4 -17 -3 -19 -2 -16 -4 -15 -1 -15 2 -2 0 0 0 0 0 0 0 0 ]
CSI_DATA,AP,68:FE:71:12:53:8C,-37,11,1,7,1,1,1,0,0,0,0,-93,0,6,1,41149480,0,84,0,0,41.149,384,[84 -64 4 0 0 0 0 0 0 0 0 0 21 1 20 5 19 6 20 4 23 6 17 5 18 7 20 5 19 7 20 9 17 11 18 11 19 11 16 9 17 9 18 12 15 7 18 8 14 10 14 9 16 9 18 7 14 10 16 8 14 8 13 8 -1 -2 17 8 18 9 16 6 15 6 15 5 16 6 14 7 16 6 13 5 15 5 14 3 13 3 17 7 15 4 18 5 14 4 17 4 15 0 16 1 17 0 17 3 18 4 15 1 16 1 14 2 18 0 0 -2 0 0 0 0 0 0 0 0 ]
CSI_DATA,AP,68:FE:71:12:53:8C,-37,11,1,6,1,1,1,0,0,0,0,-95,0,6,1,41300216,0,84,0,0,41.3,384,[84 -64 4 0 0 0 0 0 0 0 0 0 -12 -18 -8 -21 -9 -21 -8 -23 -8 -22 -7 -18 -4 -21 -7 -22 -5 -18 -6 -17 -5 -23 -6 -19 -3 -19 -3 -22 -2 -21 -3 -20 -2 -21 -4 -17 -2 -17 -3 -17 -1 -19 -5 -18 -2 -18 -4 -17 -4 -18 -5 -18 -2 -1 -1 -15 -5 -18 -5 -17 -7 -16 -6 -16 -4 -19 -7 -17 -7 -16 -7 -17 -5 -15 -7 -17 -8 -17 -6 -15 -6 -18 -6 -18 -9 -14 -8 -16 -10 -18 -8 -15 -10 -13 -8 -16 -8 -13 -6 -17 -9 -16 -6 -14 -7 -16 2 1 0 0 0 0 0 0 0 0 ]
CSI_DATA,AP,68:FE:71:12:53:8C,-35,11,1,7,1,1,1,0,0,0,0,-94,0,6,1,41438142,0,84,0,0,41.438,384,[84 -64 4 0 0 0 0 0 0 0 0 0 -19 -14 -17 -11 -20 -12 -16 -13 -16 -17 -14 -15 -16 -14 -15 -15 -16 -15 -14 -15 -11 -14 -15 -16 -14 -18 -12 -15 -11 -15 -13 -15 -13 -13 -10 -14 -10 -17 -12 -17 -8 -15 -13 -17 -8 -14 -9 -17 -11 -14 -10 -14 0 0 -13 -14 -11 -12 -12 -14 -14 -14 -12 -11 -13 -14 -10 -13 -14 -12 -13 -13 -12 -9 -14 -9 -12 -12 -13 -9 -13 -13 -11 -13 -15 -9 -12 -9 -14 -9 -14 -11 -14 -8 -16 -10 -12 -11 -15 -11 -14 -8 -15 -11 -17 -10 0 2 0 0 0 0 0 0 0 0 ]
CSI_DATA,AP,68:FE:71:12:53:8C,-36,11,1,6,1,1,1,1,0,0,0,-94,6,6,1,41549518,0,84,0,0,41.55,384,[84 -64 4 0 0 0 0 0 0 0 0 0 -23 -5 -20 -4 -21 -1 -23 -4 -20 -3 -19 -8 -22 -6 -18 -9 -18 -9 -17 -7 -23 -10 -19 -7 -22 -11 -20 -9 -17 -8 -18 -9 -17 -8 -15 -6 -16 -6 -20 -9 -19 -9 -18 -6 -18 -8 -18 -7 -17 -10 -19 -8 0 -2 -15 -8 -20 -6 -17 -7 -19 -3 -15 -4 -17 -7 -18 -7 -16 -5 -15 -4 -16 -5 -19 -2 -16 -6 -18 -3 -15 -4 -19 -2 -17 -3 -19 -3 -17 -3 -18 -2 -15 0 -18 0 -19 -3 -19 -2 -18 -2 -19 -1 -18 0 0 -2 0 0 0 0 0 0 0 0 ]
CSI_DATA,AP,68:FE:71:12:53:8C,-37,11,1,7,1,1,1,1,0,0,0,-94,2,6,1,41648749,0,84,0,0,41.649,384,[84 -64 4 0 0 0 0 0 0 0 0 0 22 0 19 -1 21 2 23 1 22 0 20 3 19 4 18 3 18 6 20 6 21 5 21 3 18 5 16 3 18 5 19 3 18 7 17 5 16 5 14 4 18 6 14 7 16 5 17 3 17 7 17 3 0 -2 15 5 14 3 15 2 17 1 15 2 18 4 16 2 15 2 14 3 15 0 17 2 14 -1 15 0 16 2 15 2 17 -1 16 1 18 0 15 -3 14 -5 18 -4 18 -3 14 -1 14 -5 15 -3 14 -4 0 -1 0 0 0 0 0 0 0 0 ]
CSI_DATA,AP,68:FE:71:12:53:8C,-36,11,1,6,1,1,1,1,0,0,0,-96,1,6,1,41789269,0,84,0,0,41.789,384,[84 -64 4 0 0 0 0 0 0 0 0 0 16 10 15 12 15 14 15 12 14 15 13 13 11 12 13 15 12 13 12 15 12 14 9 13 11 14 10 16 10 13 11 14 9 16 8 14 7 14 10 15 7 15 6 14 7 11 9 15 10 15 9 11 -1 0 11 11 11 11 8 14 12 8 8 13 8 10 9 11 10 10 8 12 11 9 9 12 13 8 12 9 10 10 11 8 14 10 13 11 14 8 10 6 10 7 11 10 12 6 11 7 13 8 14 6 10 8 -2 -1 0 0 0 0 0 0 0 0 ]
CSI_DATA,AP,68:FE:71:12:53:8C,-36,11,1,7,1,1,1,0,0,0,0,-94,0,6,1,41931778,0,84,0,0,41.932,384,[84 -64 4 0 0 0 0 0 0 0 0 0 -3 18 -3 17 -5 17 -7 19 -8 18 -10 18 -8 19 -8 16 -9 14 -7 14 -11 17 -11 17 -12 14 -8 14 -8 14 -8 14 -12 16 -11 12 -7 15 -11 13 -11 15 -11 13 -8 11 -9 11 -10 16 -9 12 2 -1 -7 14 -9 15 -7 12 -9 12 -7 10 -7 15 -8 14 -5 11 -4 15 -5 15 -3 16 -5 13 -7 13 -5 16 -5 12 -5 13 -4 14 -4 16 -6 16 -5 15 -4 12 -4 15 -4 13 0 15 -5 16 -3 16 1 2 0 0 0 0 0 0 0 0 ]
CSI_DATA,AP,68:FE:71:12:53:8C,-32,11,1,7,1,1,1,0,0,0,0,-96,0,6,1,42050605,0,84,0,0,42.051,384,[84 -64 4 0 0 0 0 0 0 0 0 0 10 1 8 -1 8 -1 9 1 8 -1 7 0 9 0 10 0 10 2 10 3 6 1 8 4 10 3 6 4 5 1 9 1 6 2 8 0 8 4 5 3 8 3 6 1 4 4 6 4 7 2 6 0 -1 -1 8 2 9 3 8 -1 8 2 8 0 8 -1 7 3 5 -1 6 3 4 1 6 -2 4 1 4 -1 7 -1 6 -2 8 -2 5 -2 7 1 5 -1 4 1 9 -3 9 -3 9 0 8 0 5 -4 5 0 0 -1 0 0 0 0 0 0 0 0 ]
CSI_DATA,AP,68:FE:71:12:53:8C,-36,11,0,0,0,0,0,0,0,0,0,-94,0,6,1,42152088,0,37,0,0,42.152,128,[84 -64 4 0 0 0 0 0 0 0 0 0 4 16 5 15 6 17 5 16 3 16 2 14 4 15 -1 16 0 17 0 16 0 16 2 17 2 19 2 17 1 15 0 19 1 17 1 17 -1 14 -2 17 1 17 2 15 -1 16 1 14 -2 13 0 13 0 1 0 16 0 15 4 16 2 14 1 13 2 14 3 16 1 12 5 15 6 11 5 12 4 12 5 13 3 11 3 12 7 15 7 12 3 10 4 12 5 9 5 12 6 15 7 13 8 10 4 14 6 14 -2 -1 0 0 0 0 0 0 0 0 ]
CSI_DATA,AP,68:FE:71:12:53:8C,-32,11,1,7,1,1,1,0,0,0,0,-96,0,6,1,42309262,0,84,0,0,42.309,384,[84 -64 4 0 0 0 0 0 0 0 0 0 -14 2 -12 0 -14 4 -16 0 -13 1 -15 -2 -16 0 -15 -1 -14 0 -12 -1 -13 -1 -15 1 -14 -1 -12 1 -16 -1 -13 -4 -13 -1 -11 -1 -11 -3 -12 0 -13 -2 -12 -3 -14 0 -15 0 -15 -1 -15 -3 -1 1 -11 1 -13 -3 -10 -3 -12 2 -12 -2 -13 0 -12 1 -12 0 -11 1 -12 1 -10 0 -12 0 -10 4 -10 1 -10 3 -13 3 -12 2 -11 4 -12 4 -9 5 -10 5 -11 3 -9 4 -12 3 -9 2 -9 3 -1 -2 0 0 0 0 0 0 0 0 ]
CSI_DATA,AP,68:FE:71:12:53:8C,-35,11,1,7,1,1,1,0,0,0,0,-95,0,6,1,42464191,0,84,0,0,42.464,384,[84 -64 4 0 0 0 0 0 0 0 0 0 -4 6 -2 7 -2 9 -3 8 -3 5 -6 5 -5 7 -5 9 -3 6 -4 4 -3 5 -5 8 -6 7 -4 6 -3 7 -3 7 -7 4 -3 4 -3 6 -6 4 -5 4 -6 7 -7 7 -3 4 -7 5 -6 4 -1 -1 -5 7 -4 6 -3 8 -3 8 -3 8 -6 6 -2 4 -5 8 -2 6 -1 7 -3 8 -1 5 -2 4 -5 6 -3 6 -3 6 -3 9 -1 9 -3 6 -2 6 0 6 -3 8 -2 7 -4 5 0 7 -3 5 2 2 0 0 0 0 0 0 0 0 ]
CSI_DATA,AP,68:FE:71:12:53:8C,-36,11,1,7,1,1,1,1,0,0,0,-93,5,6,1,42600700,0,84,0,0,42.601,384,[84 -64 4 0 0 0 0 0 0 0 0 0 -10 -17 -9 -19 -8 -21 -11 -21 -7 -21 -7 -22 -4 -21 -5 -22 -2 -19 -6 -20 -6 -22 -6 -23 -3 -21 -5 -20 -4 -21 -5 -22 -2 -19 -3 -16 -2 -20 0 -17 -1 -19 -2 -21 -1 -15 -3 -18 -3 -21 0 -19 1 0 0 -20 -2 -16 -1 -16 -4 -17 0 -18 -4 -15 -5 -19 -6 -18 -2 -14 -3 -14 -3 -16 -7 -18 -7 -16 -6 -18 -6 -17 -5 -17 -4 -18 -6 -13 -5 -14 -9 -16 -7 -15 -4 -17 -9 -14 -8 -17 -9 -17 -7 -15 0 -2 0 0 0 0 0 0 0 0 ]
CSI_DATA,AP,68:FE:71:12:53:8C,-34,11,1,5,1,1,1,0,0,0,0,-94,0,6,1,42745239,0,84,0,0,42.745,384,[84 -64 4 0 0 0 0 0 0 0 0 0 20 11 17 7 15 11 18 12 14 10 15 10 11 10 14 9 13 12 13 10 14 11 10 11 10 12 9 13 10 12 11 11 10 11 9 9 7 7 11 8 10 6 10 8 8 8 8 7 9 9 11 6 0 2 8 7 9 6 12 6 12 2 10 5 11 6 10 7 11 5 10 3 11 4 9 4 11 4 11 2 13 3 12 3 14 1 13 0 13 1 14 0 12 1 12 -1 12 -1 12 1 14 1 11 0 13 -1 1 -1 0 0 0 0 0 0 0 0 ]
CSI_DATA,AP,68:FE:71:12:53:8C,-32,11,1,7,1,1,1,0,0,0,0,-95,0,6,1,42913497,0,84,0,0,42.913,384,[84 -64 4 0 0 0 0 0 0 0 0 0 20 19 19 19 17 21 15 22 14 18 15 20 12 22 11 19 9 21 9 19 11 19 10 15 9 16 8 16 8 16 6 15 6 17 5 15 8 14 9 14 7 14 5 12 8 9 6 11 7 12 9 11 2 -2 7 9 10 7 12 8 10 6 11 9 10 6 8 9 11 8 11 3 8 3 12 4 11 6 9 2 11 1 10 5 14 5 13 4 12 3 15 1 10 1 12 0 12 1 11 1 15 -2 11 -1 12 -3 -2 1 0 0 0 0 0 0 0 0 ]
CSI_DATA,AP,68:FE:71:12:53:8C,-36,11,1,7,1,1,1,0,0,0,0,-95,0,6,1,43030905,0,84,0,0,43.031,384,[84 -64 4 0 0 0 0 0 0 0 0 0 6 17 5 17 4 22 5 17 3 20 -1 18 1 20 0 18 -1 19 1 20 -2 17 2 18 -1 19 -2 15 -1 18 -1 18 -2 18 -3 17 0 13 0 15 -2 16 1 15 1 13 2 15 0 17 -1 17 2 -2 -2 15 -1 14 0 12 4 16 -1 15 2 14 0 14 3 16 0 15 5 13 6 15 3 12 5 15 3 12 6 15 3 16 2 16 7 14 5 14 3 14 3 13 6 12 4 14 4 11 6 15 5 14 -2 1 0 0 0 0 0 0 0 0 ]
CSI_DATA,AP,68:FE:71:12:53:8C,-41,11,1,4,1,1,1,1,0,0,0,-94,2,6,1,43146967,0,84,0,0,43.147,384,[84 -64 4 0 0 0 0 0 0 0 0 0 18 2 20 0 17 3 19 3 20 2 20 3 20 5 19 5 18 7 17 7 18 9 21 4 18 8 20 8 16 7 18 8 18 5 19 5 17 6 21 7 18 8 18 6 17 7 18 9 18 8 21 8 1 1 20 6 20 7 18 7 20 7 19 8 21 5 21 3 18 7 20 4 21 5 23 6 18 5 22 2 21 5 22 2 19 3 22 3 19 2 21 5 22 3 19 4 19 4 23 3 21 1 19 5 19 3 -1 -1 0 0 0 0 0 0 0 0 ]
CSI_DATA,AP,68:FE:71:12:53:8C,-38,11,1,7,1,1,1,0,0,0,0,-96,0,6,1,43283512,0,84,0,0,43.284,384,[84 -64 4 0 0 0 0 0 0 0 0 0 15 -12 15 -10 18 -10 18 -9 17 -12 19 -9 20 -7 16 -10 18 -7 18 -7 17 -9 22 -5 21 -7 17 -7 16 -6 20 -4 18 -6 15 -3 15 -3 19 -2 19 -5 18 -4 15 -6 15 -6 18 -7 16 -6 0 1 18 -5 14 -4 14 -5 15 -5 12 -6 17 -4 16 -7 13 -6 16 -7 15 -10 13 -7 14 -10 12 -11 14 -10 15 -9 12 -10 15 -8 12 -11 12 -11 11 -10 14 -8 12 -8 10 -13 9 -12 9 -12 10 -11 -1 -2 0 0 0 0 0 0 0 0 ]
CSI_DATA,AP,68:FE:71:12:53:8C,-32,11,1,7,1,1,1,1,0,0,0,-94,6,6,1,43414038,0,84,0,0,43.414,384,[84 -64 4 0 0 0 0 0 0 0 0 0 15 -10 15 -11 18 -11 17 -9 18 -8 20 -8 17 -8 18 -8 20 -8 18 -5 22 -7 22 -4 20 -6 19 -3 22 -5 21 -6 23 -2 21 -4 19 -3 20 -2 20 -4 19 0 20 -2 19 -2 22 -4 18 -2 1 2 19 -4 18 -2 17 -6 19 -3 20 -2 18 -5 17 -4 17 -7 17 -6 15 -9 19 -8 18 -7 17 -8 18 -5 18 -9 21 -11 18 -8 19 -11 19 -9 19 -12 16 -7 18 -11 19 -11 16 -9 21 -11 18 -7 2 1 0 0 0 0 0 0 0 0 ]
CSI_DATA,AP,68:FE:71:12:53:8C,-35,11,1,5,1,1,1,0,0,0,0,-95,0,6,1,43562429,0,84,0,0,43.562,384,[84 -64 4 0 0 0 0 0 0 0 0 0 19 1 17 1 16 2 20 3 19 3 20 5 20 4 18 4 18 4 18 8 20 7 19 7 18 9 22 9 19 7 19 10 20 8 16 9 17 10 17 11 16 9 18 11 15 9 17 10 17 11 19 10 -2 0 19 10 19 10 17 7 18 4 18 6 20 9 19 7 20 5 18 7 19 4 19 4 16 6 19 3 19 5 20 4 19 6 21 3 17 1 21 2 16 3 20 3 16 0 21 0 23 -1 19 0 19 0 0 1 0 0 0 0 0 0 0 0 ]
CSI_DATA,AP,68:FE:71:12:53:8C,-30,11,1,6,1,1,1,0,0,0,0,-95,0,6,1,43700664,0,84,0,0,43.701,384,[84 -64 4 0 0 0 0 0 0 0 0 0 4 -19 4 -22 5 -20 5 -24 4 -19 6 -21 4 -20 6 -18 6 -20 7 -18 8 -21 10 -20 8 -17 8 -19 10 -17 7 -17 6 -17 10 -19 7 -15 5 -14 7 -17 5 -16 6 -17 7 -15 7 -18 5 -14 -2 0 4 -15 7 -15 5 -17 4 -16 6 -17 4 -17 4 -18 5 -15 2 -16 2 -17 0 -18 2 -15 1 -17 1 -15 2 -17 -2 -17 0 -20 1 -15 -1 -14 -4 -17 -2 -17 0 -15 0 -18 -1 -16 -1 -17 -2 -13 0 0 0 0 0 0 0 0 0 0 ]
CSI_DATA,AP,68:FE:71:12:53:8C,-36,11,1,6,1,1,1,1,0,0,0,-95,4,6,1,43820799,0,84,0,0,43.821,384,[84 -64 4 0 0 0 0 0 0 0 0 0 10 18 8 18 8 15 10 18 8 15 6 17 8 16 7 18 5 18 3 19 6 19 3 17 5 19 3 20 1 17 3 18 1 17 0 18 2 15 1 14 3 17 0 16 3 17 2 15 3 18 1 18 1 2 2 15 1 16 0 14 1 16 4 13 1 13 5 15 1 13 3 14 6 13 4 16 3 16 5 14 3 14 4 14 5 14 8 12 4 14 6 12 8 11 5 13 4 14 8 13 7 13 5 11 9 12 0 1 0 0 0 0 0 0 0 0 ]
CSI_DATA,AP,68:FE:71:12:53:8C,-37,11,1,7,1,1,1,0,0,0,0,-93,0,6,1,43928105,0,84,0,0,43.928,384,[84 -64 4 0 0 0 0 0 0 0 0 0 -16 -8 -19 -7 -15 -8 -19 -9 -16 -8 -15 -9 -17 -13 -15 -9 -17 -12 -16 -10 -15 -9 -14 -11 -15 -11 -14 -12 -12 -12 -11 -14 -15 -12 -14 -13 -11 -14 -12 -9 -13 -9 -10 -12 -10 -10 -11 -9 -12 -12 -11 -10 0 1 -12 -7 -11 -7 -13 -10 -10 -7 -12 -10 -13 -8 -13 -10 -12 -7 -14 -8 -11 -8 -13 -8 -15 -8 -13 -8 -15 -8 -11 -5 -12 -9 -14 -5 -15 -8 -14 -6 -12 -4 -15 -7 -13 -6 -13 -6 -17 -3 -15 -3 -14 -6 -2 -1 0 0 0 0 0 0 0 0 ]
CSI_DATA,AP,68:FE:71:12:53:8C,-35,11,1,7,1,1,1,0,0,0,0,-95,0,6,1,44070150,0,84,0,0,44.07,384,[84 -64 4 0 0 0 0 0 0 0 0 0 -17 0 -22 -1 -20 -1 -18 -1 -22 -2 -21 -4 -20 -4 -20 -5 -20 -6 -21 -6 -20 -6 -18 -7 -16 -4 -17 -5 -18 -4 -16 -5 -15 -7 -18 -8 -16 -6 -14 -5 -15 -8 -17 -8 -17 -4 -14 -4 -14 -8 -15 -5 -2 -1 -14 -5 -17 -6 -15 -2 -14 -6 -17 -6 -16 -6 -16 -2 -15 -4 -16 -1 -15 -1 -17 -4 -17 -3 -15 0 -16 -3 -14 0 -16 -1 -13 1 -14 2 -15 0 -17 1 -13 1 -14 1 -18 2 -18 -1 -17 0 -14 3 2 0 0 0 0 0 0 0 0 0 ]
CSI_DATA,AP,68:FE:71:12:53:8C,-35,11,1,7,1,1,1,0,0,0,0,-94,0,6,1,44215277,0,84,0,0,44.215,384,[84 -64 4 0 0 0 0 0 0 0 0 0 39 -2 40 1 37 2 37 6 36 2 40 5 36 6 35 6 34 6 38 7 34 11 35 9 35 10 34 11 32 13 34 9 31 11 30 11 35 12 33 8 30 11 34 13 32 12 34 13 31 9 29 11 1 0 29 11 30 9 30 7 32 7 30 8 32 6 31 8 30 6 29 4 31 3 33 1 30 3 31 1 33 3 33 2 29 1 29 -2 34 -3 33 -3 31 -1 30 1 31 -1 30 -2 33 -3 32 -1 32 -1 0 -2 0 0 0 0 0 0 0 0 ]
CSI_DATA,AP,68:FE:71:12:53:8C,-31,11,1,6,1,1,1,0,0,0,0,-95,0,6,1,44307106,0,84,0,0,44.307,384,[84 -64 4 0 0 0 0 0 0 0 0 0 -3 -18 0 -18 -1 -20 -1 -20 0 -20 2 -18 1 -18 1 -20 1 -19 1 -20 3 -21 4 -20 4 -21 2 -21 5 -20 5 -20 6 -18 4 -19 3 -19 7 -15 6 -15 3 -19 5 -14 3 -19 5 -18 5 -17 -1 0 5 -15 4 -15 4 -17 1 -15 2 -18 2 -16 4 -16 0 -16 4 -14 -1 -16 -1 -15 -1 -18 1 -15 2 -18 2 -16 0 -15 -2 -17 1 -18 -2 -15 1 -17 0 -15 0 -18 -2 -19 -4 -16 -1 -14 0 -18 2 -1 0 0 0 0 0 0 0 0 ]
CSI_DATA,AP,68:FE:71:12:53:8C,-38,11,1,5,1,1,1,0,0,0,0,-95,0,6,1,44435861,0,84,0,0,44.436,384,[84 -64 4 0 0 0 0 0 0 0 0 0 -3 20 -3 18 -3 20 -3 22 -5 20 -5 20 -5 19 -6 19 -4 20 -7 20 -9 18 -6 15 -6 16 -10 15 -9 17 -6 15 -6 17 -7 13 -7 14 -7 18 -7 17 -5 14 -6 16 -5 17 -8 16 -8 14 2 2 -5 17 -7 16 -7 15 -4 15 -5 14 -3 17 -3 17 -2 13 -2 16 -1 15 -2 13 -1 17 -2 16 -4 13 0 17 0 16 1 16 -2 14 1 14 1 16 1 15 0 17 2 17 -1 17 0 14 1 17 -2 0 0 0 0 0 0 0 0 0 ]
CSI_DATA,AP,68:FE:71:12:53:8C,-35,11,1,7,1,1,1,0,0,0,0,-96,0,6,1,44559123,0,84,0,0,44.559,384,[84 -64 4 0 0 0 0 0 0 0 0 0 3 18 1 17 3 21 1 19 3 17 1 18 2 16 -2 17 -2 19 0 20 -1 19 0 20 -3 20 -2 19 -4 16 -3 19 -4 18 -4 15 -2 17 -2 17 -1 14 -1 18 -4 14 -1 16 -4 14 0 13 2 1 1 16 -1 15 2 16 0 13 0 16 -2 14 1 17 1 12 0 14 4 15 2 12 3 16 5 13 3 14 3 13 5 16 3 16 3 13 4 15 3 14 4 14 3 13 6 14 4 12 5 15 4 14 0 2 0 0 0 0 0 0 0 0 ]
CSI_DATA,AP,68:FE:71:12:53:8C,-37,11,1,7,1,1,1,0,0,0,0,-96,0,6,1,44684569,0,84,0,0,44.685,384,[84 -64 4 0 0 0 0 0 0 0 0 0 -1 16 -3 15 -2 18 -5 17 -2 19 -7 17 -5 16 -4 19 -4 14 -8 16 -8 17 -5 15 -5 14 -9 16 -6 16 -8 13 -6 17 -8 15 -6 13 -5 13 -6 16 -7 13 -8 13 -6 12 -6 13 -7 14 -2 -1 -4 13 -6 14 -6 14 -4 15 -4 12 -5 15 -2 12 -3 14 -4 11 -4 12 0 16 -4 16 -3 15 -1 14 -3 14 -3 13 0 12 2 16 0 13 0 14 1 12 3 12 -1 13 2 12 3 15 1 15 -2 2 0 0 0 0 0 0 0 0 ]
CSI_DATA,AP,68:FE:71:12:53:8C,-36,11,1,5,1,1,1,0,0,0,0,-96,0,6,1,44828259,0,84,0,0,44.828,384,[84 -64 4 0 0 0 0 0 0 0 0 0 5 5 4 9 4 9 6 6 5 9 5 6 5 7 5 10 6 9 6 10 3 10 1 8 5 10 5 7 2 7 2 6 1 9 2 8 3 9 1 7 0 7 0 8 0 9 4 8 1 5 2 7 2 -2 1 6 1 6 5 6 3 5 1 4 4 4 2 4 5 5 4 6 5 4 5 7 4 7 5 4 3 7 5 6 6 5 6 8 4 7 3 7 6 6 5 6 5 7 7 7 7 4 6 3 7 7 -2 0 0 0 0 0 0 0 0 0 ]
CSI_DATA,AP,68:FE:71:12:53:8C,-36,11,1,6,1,1,1,1,0,0,0,-96,3,6,1,44964503,0,84,0,0,44.965,384,[84 -64 4 0 0 0 0 0 0 0 0 0 6 -19 4 -20 4 -20 7 -18 9 -20 8 -18 6 -15 7 -16 10 -17 11 -16 9 -15 11 -17 11 -14 8 -17 10 -14 10 -14 11 -15 10 -15 9 -14 10 -12 12 -12 8 -13 10 -15 7 -13 11 -15 7 -15 2 -1 6 -15 8 -11 6 -13 5 -12 6 -12 5 -15 6 -12 5 -15 5 -14 7 -13 7 -13 5 -14 6 -13 3 -14 5 -16 7 -14 7 -12 3 -15 4 -13 2 -12 3 -12 2 -16 2 -14 4 -15 2 -17 1 -16 1 -2 0 0 0 0 0 0 0 0 ]
CSI_DATA,AP,68:FE:71:12:53:8C,-33,11,1,7,1,1,1,0,0,0,0,-93,0,6,1,45084187,0,84,0,0,45.084,384,[84 -64 4 0 0 0 0 0 0 0 0 0 -17 11 -17 10 -15 13 -18 11 -18 9 -20 9 -16 10 -16 9 -19 10 -18 10 -18 6 -21 8 -20 7 -16 6 -18 6 -20 5 -16 8 -15 7 -16 4 -17 9 -16 5 -19 8 -14 7 -14 7 -15 8 -15 5 -2 -1 -15 7 -13 8 -17 9 -17 10 -15 10 -15 10 -12 10 -12 10 -12 7 -11 9 -15 7 -12 11 -13 10 -13 12 -12 12 -13 11 -10 11 -14 12 -14 12 -12 11 -12 13 -13 11 -13 11 -13 13 -10 9 -13 10 0 -1 0 0 0 0 0 0 0 0 ]
CSI_DATA,AP,68:FE:71:12:53:8C,-35,11,1,6,1,1,1,0,0,0,0,-95,0,6,1,45207649,0,84,0,0,45.208,384,[84 -64 4 0 0 0 0 0 0 0 0 0 7 21 3 21 7 22 2 21 2 19 5 19 1 21 5 19 3 21 2 18 -1 19 3 18 2 21 2 18 3 20 1 20 2 20 0 19 2 16 -1 19 1 17 -1 18 3 17 -1 17 -1 18 0 18 2 -2 2 16 2 17 3 17 2 14 4 15 3 15 4 15 4 15 2 13 1 12 4 14 4 17 6 15 5 15 6 14 5 16 6 13 6 15 4 12 6 14 8 13 9 15 8 14 6 14 5 14 7 12 2 2 0 0 0 0 0 0 0 0 ]
CSI_DATA,AP,68:FE:71:12:53:8C,-34,11,1,6,1,1,1,1,0,0,0,-95,2,6,1,45316327,0,84,0,0,45.316,384,[84 -64 4 0 0 0 0 0 0 0 0 0 -39 -6 -42 -3 -44 -7 -42 -10 -42 -10 -39 -11 -42 -12 -38 -13 -39 -11 -37 -14 -40 -14 -41 -16 -38 -13 -40 -17 -34 -17 -39 -17 -34 -18 -34 -15 -37 -14 -33 -15 -33 -16 -35 -15 -31 -13 -33 -15 -35 -16 -33 -15 2 1 -32 -15 -34 -14 -31 -9 -36 -8 -32 -12 -33 -10 -33 -9 -30 -9 -30 -8 -33 -3 -34 -6 -33 -6 -35 -7 -34 -5 -33 -8 -31 -1 -34 -5 -33 -2 -34 0 -32 1 -35 0 -35 -4 -35 -4 -34 3 -36 -1 -33 0 1 -2 0 0 0 0 0 0 0 0 ]
CSI_DATA,AP,68:FE:71:12:53:8C,-36,11,1,7,1,1,1,0,0,0,0,-96,0,6,1,45428682,0,84,0,0,45.429,384,[84 -64 4 0 0 0 0 0 0 0 0 0 -20 -8 -16 -11 -17 -11 -20 -9 -17 -13 -14 -10 -18 -13 -13 -14 -16 -13 -14 -11 -15 -13 -18 -15 -18 -15 -15 -16 -14 -15 -17 -14 -15 -16 -12 -15 -13 -11 -10 -16 -13 -14 -12 -14 -12 -15 -13 -16 -11 -14 -10 -15 2 0 -12 -14 -14 -13 -14 -12 -13 -11 -11 -13 -15 -13 -15 -13 -14 -13 -15 -11 -15 -8 -13 -11 -11 -7 -14 -6 -15 -9 -15 -8 -15 -6 -14 -9 -15 -7 -15 -7 -17 -9 -14 -9 -13 -7 -14 -5 -15 -6 -16 -6 -13 -4 0 -2 0 0 0 0 0 0 0 0 ]
CSI_DATA,AP,68:FE:71:12:53:8C,-37,11,1,6,1,1,1,0,0,0,0,-96,0,6,1,45588095,0,84,0,0,45.588,384,[84 -64 4 0 0 0 0 0 0 0 0 0 -8 17 -11 17 -14 19 -12 16 -12 18 -14 14 -15 17 -12 14 -14 13 -14 14 -16 14 -13 12 -13 15 -16 12 -13 13 -13 14 -16 13 -13 11 -13 12 -12 11 -12 12 -11 12 -12 11 -12 10 -11 9 -13 13 0 0 -13 12 -14 10 -10 12 -10 12 -11 11 -13 14 -12 13 -10 13 -9 12 -9 13 -9 12 -9 12 -10 11 -8 14 -6 11 -6 12 -6 15 -7 15 -10 15 -8 12 -6 13 -7 12 -7 13 -7 17 -6 16 -7 14 2 1 0 0 0 0 0 0 0 0 ]
CSI_DATA,AP,68:FE:71:12:53:8C,-35,11,1,5,1,1,1,1,0,0,0,-94,5,6,1,45718253,0,84,0,0,45.718,384,[84 -64 4 0 0 0 0 0 0 0 0 0 15 -15 18 -12 19 -13 17 -11 19 -9 17 -9 18 -8 19 -6 19 -10 18 -10 18 -7 18 -8 18 -8 16 -7 19 -7 18 -8 17 -7 16 -7 17 -4 15 -8 15 -7 17 -4 15 -4 15 -4 17 -7 15 -7 0 -2 15 -7 14 -9 14 -6 17 -9 15 -10 14 -10 13 -8 15 -8 16 -9 13 -9 13 -9 15 -8 14 -7 12 -11 15 -8 13 -9 13 -13 13 -9 15 -13 11 -11 12 -13 10 -11 10 -14 10 -12 11 -11 13 -13 1 1 0 0 0 0 0 0 0 0 ]
CSI_DATA,AP,68:FE:71:12:53:8C,-37,11,1,7,1,1,1,0,0,0,0,-96,0,6,1,45828351,0,84,0,0,45.828,384,[84 -64 4 0 0 0 0 0 0 0 0 0 -17 -15 -14 -17 -15 -18 -18 -18 -13 -17 -12 -15 -12 -15 -15 -15 -13 -20 -14 -16 -12 -20 -14 -17 -11 -17 -9 -17 -10 -17 -10 -18 -9 -18 -7 -15 -10 -18 -8 -19 -12 -16 -8 -16 -10 -13 -9 -19 -11 -15 -7 -18 1 -2 -9 -14 -12 -14 -12 -13 -10 -14 -11 -16 -10 -16 -9 -16 -10 -15 -13 -14 -10 -11 -12 -13 -13 -13 -12 -14 -14 -13 -12 -12 -15 -11 -15 -10 -11 -13 -12 -10 -13 -11 -14 -9 -11 -10 -14 -11 -14 -11 -12 -8 -13 -10 -2 0 0 0 0 0 0 0 0 0 ]
CSI_DATA,AP,68:FE:71:12:53:8C,-35,11,1,6,1,1,1,1,0,0,0,-95,6,6,1,45926418,0,84,0,0,45.926,384,[84 -64 4 0 0 0 0 0 0 0 0 0 -17 16 -14 16 -16 13 -18 16 -18 14 -19 12 -20 9 -20 8 -18 12 -17 8 -18 12 -20 11 -20 9 -17 9 -21 10 -22 8 -19 9 -15 7 -16 9 -20 9 -17 9 -19 8 -18 9 -15 7 -18 8 -18 7 2 2 -16 7 -16 11 -17 7 -13 9 -17 10 -14 10 -16 9 -14 9 -15 12 -16 10 -12 13 -13 13 -14 10 -14 9 -13 12 -16 14 -13 10 -11 10 -11 14 -14 15 -14 12 -12 13 -9 15 -11 13 -13 11 -11 13 1 -2 0 0 0 0 0 0 0 0 ]
CSI_DATA,AP,68:FE:71:12:53:8C,-34,11,1,5,1,1,1,0,0,0,0,-96,0,6,1,46052242,0,84,0,0,46.052,384,[84 -64 4 0 0 0 0 0 0 0 0 0 22 9 20 8 22 9 19 8 22 7 19 9 19 7 16 11 17 10 15 14 15 15 15 14 18 13 18 11 14 14 15 14 17 14 17 9 15 13 13 12 16 9 17 10 11 11 14 9 13 12 13 12 1 -2 15 8 17 9 14 8 14 8 16 6 15 9 17 5 16 6 15 5 17 8 15 8 14 5 15 6 15 4 17 5 15 6 18 2 15 2 17 1 17 1 18 2 15 4 17 4 18 3 18 3 18 0 1 1 0 0 0 0 0 0 0 0 ]
CSI_DATA,AP,68:FE:71:12:53:8C,-36,11,1,7,1,1,1,0,0,0,0,-93,0,6,1,46161624,0,84,0,0,46.162,384,[84 -64 4 0 0 0 0 0 0 0 0 0 22 6 21 6 20 5 22 5 22 9 20 8 17 10 18 6 16 6 16 7 18 11 20 9 18 13 16 10 14 8 19 12 17 9 12 7 17 8 16 11 13 8 15 10 15 10 15 8 15 10 15 11 -1 -2 12 8 15 8 17 9 15 5 16 8 15 5 16 8 16 7 13 3 12 4 18 7 13 5 14 7 14 5 17 2 18 3 17 6 14 3 17 4 14 2 15 4 15 4 14 3 18 1 17 3 17 2 -2 -1 0 0 0 0 0 0 0 0 ]
CSI_DATA,AP,68:FE:71:12:53:8C,-38,11,1,5,1,1,1,0,0,0,0,-95,0,6,1,46300567,0,84,0,0,46.301,384,[84 -64 4 0 0 0 0 0 0 0 0 0 -12 18 -11 17 -11 16 -16 18 -14 16 -18 13 -17 14 -17 11 -15 16 -16 14 -16 13 -15 14 -18 12 -19 14 -17 13 -17 13 -15 14 -15 11 -15 13 -19 12 -18 10 -15 11 -17 8 -14 12 -17 14 -13 10 1 -2 -16 11 -12 11 -13 11 -13 11 -12 10 -13 9 -13 12 -12 13 -12 9 -10 14 -13 15 -13 10 -12 11 -11 15 -13 14 -10 12 -10 12 -10 12 -10 12 -10 16 -9 12 -12 13 -9 14 -8 17 -8 16 -5 14 0 2 0 0 0 0 0 0 0 0 ]
CSI_DATA,AP,68:FE:71:12:53:8C,-38,11,1,5,1,1,1,0,0,0,0,-95,0,6,1,46447942,0,84,0,0,46.448,384,[84 -64 4 0 0 0 0 0 0 0 0 0 -15 -18 -16 -18 -17 -21 -13 -22 -13 -22 -9 -17 -12 -20 -8 -17 -8 -21 -10 -20 -11 -20 -11 -19 -10 -20 -10 -19 -7 -22 -7 -23 -10 -17 -9 -18 -7 -20 -6 -20 -7 -20 -6 -21 -8 -16 -5 -19 -6 -20 -10 -18 1 2 -10 -17 -10 -19 -7 -15 -7 -14 -10 -15 -9 -16 -10 -18 -7 -17 -8 -17 -9 -13 -9 -14 -10 -17 -11 -13 -10 -13 -13 -15 -14 -16 -12 -16 -13 -14 -12 -15 -13 -14 -13 -12 -14 -14 -12 -12 -15 -15 -11 -15 -15 -12 -2 0 0 0 0 0 0 0 0 0 ]
CSI_DATA,AP,68:FE:71:12:53:8C,-39,11,1,5,1,1,1,0,0,0,0,-94,0,6,1,46583200,0,84,0,0,46.583,384,[84 -64 4 0 0 0 0 0 0 0 0 0 19 2 18 2 21 2 23 3 21 0 17 1 20 3 16 6 19 4 18 6 21 6 20 5 19 7 18 5 19 8 19 8 18 5 18 5 16 5 17 6 13 6 16 4 14 7 15 4 18 5 16 5 2 0 14 5 14 3 15 6 18 3 17 4 15 2 15 2 15 1 16 2 16 1 17 -1 16 1 15 0 14 0 17 3 14 2 19 0 13 -1 16 -2 17 1 16 -2 16 -1 17 -2 18 -3 17 -3 17 -2 -1 2 0 0 0 0 0 0 0 0 ]
CSI_DATA,AP,68:FE:71:12:53:8C,-35,11,1,7,1,1,1,0,0,0,0,-93,0,6,1,46727408,0,84,0,0,46.727,384,[84 -64 4 0 0 0 0 0 0 0 0 0 3 20 3 18 4 21 2 22 6 22 4 21 2 18 2 19 1 20 1 17 0 20 -2 21 -2 20 -3 19 0 18 -2 18 -3 19 1 17 1 16 0 18 -1 18 0 15 -1 14 -3 15 -4 19 0 18 -2 0 1 16 -2 18 2 15 -1 14 -2 13 2 18 3 18 0 15 1 16 1 15 5 15 1 13 1 16 2 17 2 13 2 18 3 18 2 14 2 13 3 14 6 16 3 13 3 17 5 15 7 15 4 12 0 1 0 0 0 0 0 0 0 0 ]
CSI_DATA,AP,68:FE:71:12:53:8C,-39,11,1,5,1,1,1,0,0,0,0,-95,0,6,1,46856447,0,84,0,0,46.856,384,[84 -64 4 0 0 0 0 0 0 0 0 0 -12 17 -13 17 -17 14 -14 18 -17 16 -17 15 -19 10 -16 10 -16 9 -15 13 -16 12 -19 15 -17 10 -18 11 -16 12 -17 9 -18 8 -18 10 -17 7 -17 7 -17 10 -15 8 -17 10 -17 9 -17 12 -17 8 1 2 -16 12 -17 10 -16 13 -13 12 -12 7 -16 9 -17 12 -14 9 -12 8 -14 8 -14 12 -13 12 -11 10 -10 12 -11 11 -15 13 -14 14 -10 12 -14 10 -10 11 -13 12 -13 13 -9 14 -10 13 -9 13 -9 13 -1 1 0 0 0 0 0 0 0 0 ]
CSI_DATA,AP,68:FE:71:12:53:8C,-38,11,1,6,1,1,1,1,0,0,0,-94,2,6,1,47029149,0,84,0,0,47.029,384,[84 -64 4 0 0 0 0 0 0 0 0 0 6 -21 4 -21 5 -21 9 -21 8 -21 8 -19 11 -17 11 -17 9 -16 9 -18 9 -20 13 -19 14 -20 9 -16 10 -14 13 -16 9 -17 8 -17 9 -14 12 -15 10 -14 11 -13 10 -13 11 -16 8 -13 10 -13 2 -2 9 -15 6 -16 9 -15 9 -17 6 -15 9 -18 6 -15 7 -14 8 -16 3 -14 5 -19 5 -15 5 -15 4 -18 6 -15 3 -17 6 -19 4 -19 2 -17 1 -16 1 -15 3 -15 4 -18 1 -19 3 -18 0 -19 -2 -2 0 0 0 0 0 0 0 0 ]
CSI_DATA,AP,68:FE:71:12:53:8C,-34,11,1,5,1,1,1,0,0,0,0,-94,0,6,1,47169528,0,84,0,0,47.17,384,[84 -64 4 0 0 0 0 0 0 0 0 0 1 20 4 21 1 20 2 20 0 21 -2 21 -3 18 -3 18 -1 22 -5 21 -5 23 -3 23 -4 20 -3 21 -2 21 -3 22 -7 17 -3 17 -3 16 -2 17 -3 17 -5 16 -2 15 -3 18 -6 20 -4 18 1 2 -4 16 -1 16 -5 16 -1 14 -3 17 -4 15 0 15 0 16 -3 18 -2 17 2 15 1 16 2 16 3 17 2 16 0 18 2 15 1 14 4 14 3 13 4 14 0 16 5 18 2 17 5 17 4 15 1 0 0 0 0 0 0 0 0 0 ]
CSI_DATA,AP,68:FE:71:12:53:8C,-40,11,1,4,1,1,1,0,0,0,0,-95,0,6,1,47289059,0,84,0,0,47.289,384,[84 -64 4 0 0 0 0 0 0 0 0 0 -12 19 -11 16 -13 18 -12 16 -11 18 -11 17 -14 15 -12 13 -16 12 -14 13 -15 16 -16 14 -14 12 -14 12 -14 11 -13 14 -12 11 -14 11 -16 14 -14 10 -14 10 -15 9 -11 11 -14 10 -14 11 -14 11 -1 -1 -10 10 -13 12 -11 14 -12 12 -9 10 -11 11 -11 13 -12 11 -11 13 -9 13 -11 15 -9 11 -6 16 -9 15 -11 16 -10 15 -11 13 -7 17 -6 15 -9 13 -6 15 -9 13 -9 17 -8 16 -9 17 -6 14 -2 -2 0 0 0 0 0 0 0 0 ]
CSI_DATA,AP,68:FE:71:12:53:8C,-32,11,1,6,1,1,1,0,0,0,0,-95,0,6,1,47433054,0,84,0,0,47.433,384,[84 -64 4 0 0 0 0 0 0 0 0 0 19 -25 18 -23 19 -22 20 -26 20 -22 23 -21 22 -20 20 -18 21 -18 22 -17 22 -19 23 -18 23 -17 23 -17 20 -18 23 -19 22 -15 20 -14 21 -15 21 -14 19 -14 18 -17 20 -14 18 -14 19 -16 22 -14 -1 -2 17 -16 20 -19 20 -19 19 -17 16 -17 17 -15 16 -14 16 -14 16 -19 15 -16 15 -20 14 -18 14 -21 14 -17 13 -19 15 -17 16 -21 12 -19 12 -18 14 -21 13 -18 14 -18 11 -21 15 -24 12 -20 13 -22 2 -2 0 0 0 0 0 0 0 0 ]
CSI_DATA,AP,68:FE:71:12:53:8C,-38,11,1,6,1,1,1,0,0,0,0,-93,0,6,1,47537903,0,84,0,0,47.538,384,[84 -64 4 0 0 0 0 0 0 0 0 0 -14 -13 -13 -14 -15 -17 -16 -15 -15 -19 -13 -19 -11 -16 -11 -18 -9 -15 -8 -15 -10 -17 -9 -19 -10 -18 -9 -19 -8 -17 -11 -17 -11 -16 -8 -15 -9 -18 -7 -17 -8 -16 -7 -15 -6 -14 -11 -16 -8 -14 -11 -17 -2 1 -8 -17 -12 -13 -9 -16 -10 -12 -7 -12 -8 -14 -7 -16 -8 -13 -11 -13 -11 -11 -12 -15 -13 -13 -14 -12 -10 -14 -14 -14 -13 -11 -12 -14 -14 -14 -15 -11 -12 -11 -15 -11 -15 -10 -13 -10 -13 -9 -13 -8 -14 -12 1 -1 0 0 0 0 0 0 0 0 ]
CSI_DATA,AP,68:FE:71:12:53:8C,-34,11,1,5,1,1,1,0,0,0,0,-95,0,6,1,47686792,0,84,0,0,47.687,384,[84 -64 4 0 0 0 0 0 0 0 0 0 -8 -16 -10 -16 -8 -19 -10 -21 -5 -17 -3 -17 -3 -18 -3 -20 -5 -18 -4 -16 -6 -19 -2 -20 -5 -18 -5 -19 -2 -19 -5 -18 -4 -17 -4 -17 -4 -17 -1 -20 -2 -17 -1 -19 0 -17 -1 -17 -4 -19 -1 -15 -2 2 -4 -18 -6 -15 -5 -16 -7 -15 -6 -14 -6 -16 -3 -17 -4 -17 -4 -15 -5 -16 -7 -15 -7 -12 -6 -13 -9 -12 -8 -16 -8 -14 -7 -15 -7 -14 -7 -12 -9 -15 -6 -15 -10 -14 -10 -12 -12 -14 -11 -11 -10 -12 -2 -2 0 0 0 0 0 0 0 0 ]
CSI_DATA,AP,68:FE:71:12:53:8C,-36,11,1,7,1,1,1,0,0,0,0,-95,0,6,1,47825343,0,84,0,0,47.825,384,[84 -64 4 0 0 0 0 0 0 0 0 0 13 10 14 15 14 16 11 13 10 13 11 15 10 14 11 14 9 13 11 13 10 13 12 15 7 14 10 15 9 13 10 15 9 16 5 15 9 13 5 13 6 12 7 14 7 14 9 15 5 15 9 12 0 0 9 14 6 13 9 11 8 10 8 11 9 10 9 12 11 9 10 9 11 7 11 10 9 12 13 10 11 9 11 8 9 11 9 10 10 7 11 11 12 8 11 11 13 10 14 10 15 8 14 6 14 8 -2 -2 0 0 0 0 0 0 0 0 ]
CSI_DATA,AP,68:FE:71:12:53:8C,-35,11,1,5,1,1,1,0,0,0,0,-95,0,6,1,47929570,0,84,0,0,47.93,384,[84 -64 4 0 0 0 0 0 0 0 0 0 16 -11 17 -9 17 -11 18 -11 18 -7 21 -10 21 -5 20 -7 21 -8 16 -6 21 -6 18 -7 18 -8 21 -3 20 -3 22 -5 17 -2 16 -5 16 -4 16 -4 17 -3 19 -4 17 -2 18 -6 17 -3 18 -6 2 2 15 -5 17 -7 16 -7 13 -8 14 -4 15 -5 17 -7 17 -6 13 -7 12 -9 14 -7 12 -8 16 -8 14 -8 12 -9 15 -9 15 -8 12 -11 13 -11 13 -8 12 -9 13 -10 11 -10 13 -11 11 -11 12 -13 -1 0 0 0 0 0 0 0 0 0 ]
CSI_DATA,AP,68:FE:71:12:53:8C,-39,11,1,6,1,1,1,0,0,0,0,-95,0,6,1,48057222,0,84,0,0,48.057,384,[84 -64 4 0 0 0 0 0 0 0 0 0 0 -30 0 -27 -1 -29 2 -32 4 -28 6 -26 3 -26 8 -28 4 -24 6 -27 8 -25 7 -25 5 -25 6 -28 8 -26 7 -24 7 -24 5 -25 7 -23 7 -24 7 -20 6 -21 7 -18 8 -22 5 -21 5 -20 2 2 3 -22 5 -20 5 -22 1 -21 3 -21 2 -19 4 -20 1 -21 2 -19 1 -21 2 -21 -2 -18 0 -21 0 -21 -2 -17 0 -19 0 -19 -2 -18 -4 -20 -4 -17 -5 -19 -3 -20 -4 -19 -4 -17 -6 -17 -6 -15 1 1 0 0 0 0 0 0 0 0 ]
CSI_DATA,AP,68:FE:71:12:53:8C,-37,11,1,6,1,1,1,0,0,0,0,-96,0,6,1,48185573,0,84,0,0,48.186,384,[84 -64 4 0 0 0 0 0 0 0 0 0 -6 -10 -2 -7 -7 -11 -4 -13 -6 -8 -5 -11 -5 -11 -4 -8 -2 -12 -2 -9 -1 -12 -3 -10 0 -13 -4 -12 -2 -12 -2 -9 -4 -10 0 -7 -4 -7 -2 -11 0 -11 -1 -11 0 -6 -3 -10 -4 -8 -2 -8 2 2 -3 -9 -5 -8 -3 -8 -3 -8 -5 -7 -5 -7 -2 -8 -1 -10 -4 -6 -3 -8 -4 -7 -3 -9 -4 -5 -5 -6 -6 -8 -6 -9 -3 -10 -3 -5 -4 -9 -5 -6 -4 -8 -5 -6 -4 -6 -4 -6 -6 -8 -7 -7 0 0 0 0 0 0 0 0 0 0 ]
CSI_DATA,AP,68:FE:71:12:53:8C,-35,11,1,6,1,1,1,0,0,0,0,-95,0,6,1,48351009,0,84,0,0,48.351,384,[84 -64 4 0 0 0 0 0 0 0 0 0 17 -1 19 0 18 3 19 0 16 5 18 4 15 6 18 4 16 6 17 5 18 5 16 4 17 7 16 7 14 7 15 5 15 4 13 6 15 7 13 4 14 5 16 6 13 7 14 7 15 4 16 7 -2 -2 12 3 16 1 13 3 16 3 15 1 14 4 16 3 12 0 11 1 15 -1 15 -1 13 2 12 2 13 2 12 1 12 -1 16 -2 15 -3 12 -3 14 -2 15 -3 15 1 16 0 14 -4 15 0 12 -4 -1 1 0 0 0 0 0 0 0 0 ]
CSI_DATA,AP,68:FE:71:12:53:8C,-33,11,1,6,1,1,1,1,0,0,0,-94,1,6,1,48494631,0,84,0,0,48.495,384,[84 -64 4 0 0 0 0 0 0 0 0 0 35 13 35 17 32 13 34 15 31 17 32 19 29 18 30 20 27 23 30 16 30 19 30 19 27 21 30 20 26 22 26 21 28 23 22 19 23 23 22 24 25 19 25 20 25 17 25 19 28 20 27 21 2 1 24 22 27 23 28 21 25 16 22 19 23 19 23 18 27 14 28 16 24 11 28 13 28 13 29 17 27 16 28 16 27 16 29 15 29 15 29 15 29 11 29 12 30 16 30 13 31 10 30 11 32 13 2 -2 0 0 0 0 0 0 0 0 ]
CSI_DATA,AP,68:FE:71:12:53:8C,-35,11,1,7,1,1,1,0,0,0,0,-95,0,6,1,48615167,0,84,0,0,48.615,384,[84 -64 4 0 0 0 0 0 0 0 0 0 21 8 19 11 18 11 16 10 15 10 13 11 14 14 13 10 13 13 10 9 14 12 14 11 13 13 12 12 9 9 13 8 10 11 12 7 8 9 9 11 9 10 9 6 7 9 9 7 8 6 12 9 -1 2 8 7 10 6 13 7 9 6 11 3 9 3 9 7 12 4 12 2 13 2 13 2 10 2 10 0 13 3 10 2 12 0 12 1 15 0 14 2 14 2 15 -1 11 -1 14 2 13 1 12 -2 15 2 2 -2 0 0 0 0 0 0 0 0 ]
CSI_DATA,AP,68:FE:71:12:53:8C,-37,11,1,6,1,1,1,0,0,0,0,-93,0,6,1,48736167,0,84,0,0,48.736,384,[84 -64 4 0 0 0 0 0 0 0 0 0 23 -1 21 0 20 -3 23 -3 18 -2 17 1 21 0 17 0 16 2 19 3 18 2 17 2 19 5 15 3 12 3 15 4 12 2 15 1 15 3 12 -1 10 3 12 1 10 0 10 2 12 -2 11 -3 2 -1 12 0 9 -4 9 -3 9 -3 11 -5 7 -2 11 -4 6 -3 9 -6 7 -7 7 -5 6 -4 8 -6 7 -4 9 -9 6 -6 5 -7 6 -7 7 -7 5 -11 7 -8 4 -8 4 -10 6 -9 7 -8 2 -9 1 0 0 0 0 0 0 0 0 0 ]
CSI_DATA,AP,68:FE:71:12:53:8C,-36,11,1,7,1,1,1,0,0,0,0,-93,0,6,1,48843621,0,84,0,0,48.844,384,[84 -64 4 0 0 0 0 0 0 0 0 0 -1 -31 -2 -32 0 -33 0 -32 3 -30 3 -30 5 -27 6 -26 7 -25 5 -24 7 -27 5 -29 3 -27 4 -25 4 -21 4 -23 5 -21 6 -21 5 -20 3 -19 6 -21 1 -20 5 -19 3 -18 1 -17 2 -18 1 2 -1 -15 -3 -18 -2 -15 -5 -14 -4 -12 -1 -15 -5 -12 -5 -13 -3 -11 -8 -11 -7 -13 -5 -13 -6 -13 -9 -11 -9 -9 -7 -12 -7 -9 -9 -11 -8 -9 -11 -6 -8 -9 -10 -8 -8 -6 -11 -8 -11 -8 -10 -4 0 0 0 0 0 0 0 0 0 0 ]
CSI_DATA,AP,68:FE:71:12:53:8C,-37,11,1,7,1,1,1,0,0,0,0,-95,0,6,1,49000879,0,84,0,0,49.001,384,[84 -64 4 0 0 0 0 0 0 0 0 0 15 17 15 15 14 19 15 17 13 18 8 17 10 19 8 17 9 16 7 18 10 17 9 18 7 17 8 20 5 16 10 18 6 16 4 17 5 14 5 16 5 14 9 14 8 14 7 17 9 17 8 14 -2 -1 8 15 8 15 9 16 8 13 8 12 10 11 8 15 9 12 11 12 7 10 9 11 11 11 11 10 11 10 11 10 11 12 9 12 12 11 12 13 10 11 8 13 11 10 9 12 13 9 9 12 8 9 0 0 0 0 0 0 0 0 0 0 ]
CSI_DATA,AP,68:FE:71:12:53:8C,-33,11,1,6,1,1,1,0,0,0,0,-94,0,6,1,49117499,0,84,0,0,49.117,384,[84 -64 4 0 0 0 0 0 0 0 0 0 -8 18 -9 18 -9 23 -7 22 -9 20 -9 19 -11 22 -8 19 -12 18 -10 22 -14 19 -14 20 -14 23 -15 18 -12 18 -11 21 -13 22 -14 20 -14 19 -14 21 -15 18 -12 20 -11 19 -15 19 -12 22 -14 18 -2 -1 -10 19 -9 21 -12 23 -8 20 -12 18 -12 22 -10 22 -11 23 -10 23 -11 18 -8 24 -7 20 -9 24 -7 22 -7 21 -9 21 -6 25 -7 24 -6 22 -5 24 -8 23 -8 24 -5 24 -6 22 -7 20 -6 22 2 -2 0 0 0 0 0 0 0 0 ]
CSI_DATA,AP,68:FE:71:12:53:8C,-33,11,1,7,1,1,1,1,0,0,0,-94,6,6,1,49208794,0,84,0,0,49.209,384,[84 -64 4 0 0 0 0 0 0 0 0 0 5 6 4 7 7 7 7 8 7 8 6 7 2 6 3 10 1 10 3 9 1 7 2 11 2 10 4 11 0 7 2 10 1 8 2 9 1 8 4 8 0 7 0 10 -1 10 2 8 1 11 2 10 0 -1 2 10 5 6 2 8 5 6 3 9 3 6 2 6 1 7 1 9 4 7 4 5 4 9 6 8 6 6 4 6 4 7 2 5 4 5 4 7 4 6 2 6 5 8 7 5 4 7 4 8 5 4 -1 0 0 0 0 0 0 0 0 0 ]
CSI_DATA,AP,68:FE:71:12:53:8C,-34,11,1,5,1,1,1,0,0,0,0,-93,0,6,1,49340013,0,84,0,0,49.34,384,[84 -64 4 0 0 0 0 0 0 0 0 0 15 5 14 5 17 10 19 11 19 9 18 13 19 11 17 11 18 15 14 16 15 15 18 15 20 18 17 16 17 18 14 18 15 15 15 17 12 14 15 15 11 15 13 15 11 16 15 16 14 17 12 16 0 -2 12 14 17 16 16 15 13 12 14 13 14 13 14 16 17 15 18 14 17 9 17 13 16 14 18 13 18 13 15 9 18 13 17 9 18 8 19 10 17 6 17 9 15 11 16 9 19 10 20 11 17 10 -1 -1 0 0 0 0 0 0 0 0 ]
CSI_DATA,AP,68:FE:71:12:53:8C,-37,11,1,7,1,1,1,0,0,0,0,-93,0,6,1,49478039,0,84,0,0,49.478,384,[84 -64 4 0 0 0 0 0 0 0 0 0 0 12 1 13 3 14 0 12 -1 13 0 11 -1 13 -3 14 -4 12 -1 11 0 15 -4 12 -1 15 -2 12 -4 11 -5 15 0 11 -1 13 -2 12 -2 10 -3 13 -5 13 -4 10 -4 13 0 13 -3 11 -2 0 -3 12 -1 13 -3 13 1 8 0 8 -3 10 -1 11 -3 12 -2 10 1 8 3 9 -1 8 0 10 2 11 -2 9 -1 10 0 9 3 9 0 10 2 9 0 10 2 11 4 12 5 9 0 10 0 9 -2 2 0 0 0 0 0 0 0 0 ]
CSI_DATA,AP,68:FE:71:12:53:8C,-33,11,1,6,1,1,1,0,0,0,0,-94,0,6,1,49607407,0,84,0,0,49.607,384,[82 -96 4 0 0 0 0 0 0 0 0 0 -18 0 -21 -4 -22 -1 -20 -5 -19 -6 -21 -3 -21 -4 -20 -4 -21 -8 -21 -8 -19 -5 -19 -9 -20 -7 -19 -8 -19 -9 -17 -8 -19 -6 -17 -8 -17 -6 -15 -7 -17 -9 -16 -6 -17 -9 -15 -5 -19 -5 -17 -6 0 -2 -14 -7 -14 -7 -14 -7 -15 -4 -15 -7 -15 -6 -15 -4 -16 -3 -17 -3 -16 -1 -16 -5 -18 -2 -15 -1 -14 -1 -17 -2 -19 0 -15 -1 -15 -1 -19 -3 -17 1 -18 -1 -15 -1 -15 0 -15 2 -16 2 -19 2 -1 1 0 0 0 0 0 0 0 0 ]
CSI_DATA,AP,68:FE:71:12:53:8C,-35,11,1,6,1,1,1,0,0,0,0,-93,0,6,1,49758031,0,84,0,0,49.758,384,[84 -64 4 0 0 0 0 0 0 0 0 0 19 1 21 -1 18 1 17 2 19 1 18 4 15 3 17 2 15 4 17 5 18 5 19 3 17 7 14 3 18 5 15 6 18 6 13 5 14 5 14 8 16 7 14 7 16 8 17 5 13 6 12 6 0 0 13 6 13 3 16 7 16 5 12 6 15 6 13 3 13 3 12 1 14 4 12 4 12 4 15 2 15 3 16 4 16 0 15 0 17 2 17 1 17 1 14 -1 13 -1 16 -1 17 -2 13 -1 17 0 0 0 0 0 0 0 0 0 0 0 ]
CSI_DATA,AP,68:FE:71:12:53:8C,-36,11,1,6,1,1,1,0,0,0,0,-94,0,6,1,49897449,0,84,0,0,49.897,384,[84 -64 4 0 0 0 0 0 0 0 0 0 19 5 20 3 17 7 18 6 19 8 17 8 18 8 18 10 15 8 16 8 14 11 13 7 17 11 13 8 16 8 14 8 16 11 14 11 14 11 11 7 15 7 12 9 11 8 13 7 14 11 14 8 1 -2 15 7 12 9 15 8 15 7 11 6 13 5 13 8 11 7 14 8 12 4 11 5 15 5 16 7 13 6 11 4 12 2 15 4 16 3 16 1 16 5 12 2 16 2 17 5 16 2 16 4 13 0 -1 2 0 0 0 0 0 0 0 0 ]
CSI_DATA,AP,68:FE:71:12:53:8C,-35,11,1,6,1,1,1,1,0,0,1,-94,3,6,1,50048073,0,84,0,0,50.048,384,[84 -64 4 0 0 0 0 0 0 0 0 0 5 18 3 18 6 19 3 17 4 19 4 17 4 19 -1 18 2 17 3 16 0 19 0 17 -2 17 0 19 -1 16 2 18 -1 18 2 15 -1 17 -1 14 -1 17 -2 14 0 15 -2 16 -1 18 0 17 -2 -2 3 13 1 14 3 17 0 13 4 13 2 15 3 15 5 16 4 16 3 11 1 15 4 14 4 12 4 15 5 13 3 12 3 11 5 12 6 14 5 11 4 14 4 11 6 13 9 12 9 13 6 14 -1 2 0 0 0 0 0 0 0 0 ]
CSI_DATA,AP,68:FE:71:12:53:8C,-41,11,1,6,1,1,1,0,0,0,0,-94,0,6,1,50173751,0,84,0,0,50.174,384,[84 -64 4 0 0 0 0 0 0 0 0 0 15 8 14 10 17 9 16 9 17 12 14 13 15 14 15 14 14 13 14 13 15 13 14 11 12 12 11 12 10 12 12 14 11 10 12 11 10 10 10 10 12 13 13 10 10 9 9 12 11 11 9 11 -1 -1 11 9 13 7 13 8 10 9 11 7 10 6 11 7 13 8 11 6 11 9 13 6 11 8 13 7 12 4 15 7 13 7 14 6 13 4 13 5 15 6 15 5 15 3 14 7 14 3 12 7 12 5 2 2 0 0 0 0 0 0 0 0 ]
CSI_DATA,AP,68:FE:71:12:53:8C,-38,11,1,5,1,1,1,0,0,0,0,-94,0,6,1,50282970,0,84,0,0,50.283,384,[84 -64 4 0 0 0 0 0 0 0 0 0 -6 -19 -4 -17 -5 -19 -6 -21 -3 -18 -6 -22 -2 -20 -5 -20 -2 -22 -5 -18 -3 -21 0 -20 -4 -21 -4 -17 1 -22 -2 -20 0 -17 -3 -17 0 -17 1 -18 -1 -16 -1 -20 0 -19 -1 -19 1 -19 0 -17 1 -2 -1 -15 -1 -16 -3 -15 -1 -15 -1 -16 -2 -18 -2 -14 -4 -17 -5 -17 -2 -16 -3 -13 -6 -16 -3 -16 -3 -17 -5 -13 -4 -16 -5 -16 -8 -16 -5 -13 -8 -16 -6 -16 -6 -13 -9 -12 -9 -13 -8 -16 -8 -12 -1 -2 0 0 0 0 0 0 0 0 ]
CSI_DATA,AP,68:FE:71:12:53:8C,-34,11,1,6,1,1,1,1,0,0,0,-95,3,6,1,50419252,0,84,0,0,50.419,384,[84 -64 4 0 0 0 0 0 0 0 0 0 -18 8 -20 10 -19 6 -21 7 -18 8 -18 7 -21 5 -20 3 -21 6 -22 7 -20 6 -18 5 -20 7 -21 4 -21 2 -20 3 -17 2 -17 3 -20 4 -19 3 -17 4 -20 3 -17 2 -18 3 -20 2 -19 6 -2 -1 -19 3 -17 5 -15 2 -14 2 -15 6 -18 5 -18 5 -17 7 -14 3 -13 6 -13 5 -12 8 -15 5 -16 5 -15 5 -17 10 -14 8 -13 6 -16 9 -16 9 -16 10 -15 8 -12 7 -13 9 -15 11 -12 8 -1 -2 0 0 0 0 0 0 0 0 ]
CSI_DATA,AP,68:FE:71:12:53:8C,-36,11,1,7,1,1,1,0,0,0,0,-95,0,6,1,50553212,0,84,0,0,50.553,384,[84 -64 4 0 0 0 0 0 0 0 0 0 -15 -4 -16 -4 -18 -7 -16 -8 -16 -8 -17 -7 -14 -7 -15 -8 -17 -10 -17 -6 -14 -10 -17 -7 -16 -11 -14 -10 -16 -10 -13 -6 -16 -7 -11 -6 -14 -10 -14 -6 -11 -6 -14 -7 -14 -5 -12 -8 -11 -8 -13 -9 0 1 -14 -7 -15 -8 -15 -5 -15 -5 -12 -4 -11 -5 -11 -7 -14 -6 -11 -3 -12 -3 -14 -5 -11 -4 -13 -3 -15 -3 -14 -4 -14 -4 -14 -5 -14 -1 -14 -5 -15 -2 -15 -1 -16 -4 -16 -1 -13 -1 -14 -4 -13 1 -1 -1 0 0 0 0 0 0 0 0 ]
CSI_DATA,AP,68:FE:71:12:53:8C,-34,11,1,6,1,1,1,1,0,0,0,-95,2,6,1,50670335,0,84,0,0,50.67,384,[84 -64 4 0 0 0 0 0 0 0 0 0 -18 11 -17 8 -20 7 -20 7 -17 6 -17 8 -17 8 -20 3 -20 7 -20 4 -19 4 -18 2 -20 3 -20 6 -18 3 -19 2 -20 5 -19 4 -17 1 -17 2 -17 5 -19 1 -18 4 -18 1 -15 1 -15 3 1 1 -17 3 -16 4 -17 3 -17 5 -15 2 -14 3 -17 7 -14 7 -14 7 -16 7 -15 6 -14 8 -15 5 -14 6 -12 9 -12 7 -13 7 -12 8 -15 6 -14 10 -15 8 -12 9 -15 7 -15 10 -11 9 -11 10 1 -1 0 0 0 0 0 0 0 0 ]
CSI_DATA,AP,68:FE:71:12:53:8C,-39,11,1,5,1,1,1,0,0,0,0,-96,0,6,1,50766918,0,84,0,0,50.767,384,[84 -64 4 0 0 0 0 0 0 0 0 0 8 6 6 3 7 7 5 6 6 8 8 5 6 7 7 8 6 5 8 8 4 5 6 5 4 8 6 9 5 9 7 8 3 5 6 8 2 6 6 4 2 4 3 8 5 6 4 5 6 7 4 6 0 0 3 8 2 7 7 6 2 4 6 3 4 4 5 7 4 6 7 6 6 4 4 4 5 5 7 2 5 4 3 3 4 6 5 4 8 4 6 3 8 4 4 4 6 5 8 3 7 4 7 3 8 5 1 -1 0 0 0 0 0 0 0 0 ]
CSI_DATA,AP,68:FE:71:12:53:8C,-34,11,1,6,1,1,1,0,0,0,0,-94,0,6,1,50899395,0,84,0,0,50.899,384,[84 -64 4 0 0 0 0 0 0 0 0 0 -38 -18 -40 -20 -38 -20 -38 -21 -36 -22 -36 -25 -35 -25 -36 -25 -33 -25 -31 -27 -30 -29 -30 -31 -34 -29 -33 -30 -27 -29 -33 -30 -26 -27 -28 -24 -27 -24 -27 -28 -29 -26 -30 -24 -27 -24 -27 -26 -26 -29 -27 -25 1 -2 -27 -23 -29 -22 -26 -25 -28 -23 -29 -21 -30 -21 -31 -21 -30 -20 -29 -20 -28 -18 -32 -20 -31 -16 -29 -19 -29 -18 -32 -16 -30 -19 -32 -19 -35 -14 -34 -13 -33 -13 -30 -17 -30 -14 -35 -13 -36 -15 -35 -16 -33 -14 2 1 0 0 0 0 0 0 0 0 ]
CSI_DATA,AP,68:FE:71:12:53:8C,-39,11,1,4,1,1,1,0,0,0,0,-94,0,6,1,51026627,0,84,0,0,51.027,384,[84 -64 4 0 0 0 0 0 0 0 0 0 -6 17 -9 18 -8 19 -11 19 -12 17 -10 15 -13 15 -9 14 -13 13 -12 17 -12 18 -13 13 -14 17 -11 14 -11 15 -12 13 -12 12 -12 15 -13 15 -14 11 -10 11 -10 13 -10 10 -11 14 -12 14 -9 11 0 0 -9 12 -10 15 -10 15 -11 14 -10 15 -7 13 -9 11 -8 15 -6 15 -6 15 -9 13 -7 16 -7 12 -5 15 -5 14 -6 15 -4 16 -5 12 -3 17 -3 15 -4 14 -4 13 -3 13 -2 14 -6 16 -3 13 2 -1 0 0 0 0 0 0 0 0 ]
CSI_DATA,AP,68:FE:71:12:53:8C,-38,11,1,6,1,1,1,1,0,0,0,-95,6,6,1,51162623,0,84,0,0,51.163,384,[84 -64 4 0 0 0 0 0 0 0 0 0 -13 -16 -15 -16 -15 -16 -14 -14 -15 -18 -13 -16 -14 -15 -12 -14 -9 -16 -12 -18 -10 -17 -9 -19 -9 -17 -11 -18 -7 -17 -11 -17 -9 -17 -10 -16 -8 -15 -10 -16 -10 -18 -9 -18 -6 -14 -7 -13 -9 -15 -10 -14 -2 1 -8 -16 -10 -15 -11 -12 -10 -13 -12 -14 -10 -12 -12 -15 -10 -13 -11 -14 -11 -11 -10 -13 -10 -11 -10 -13 -11 -11 -11 -12 -13 -9 -12 -10 -13 -12 -13 -12 -14 -11 -16 -7 -16 -8 -16 -10 -17 -8 -13 -8 -15 -7 -1 1 0 0 0 0 0 0 0 0 ]
CSI_DATA,AP,68:FE:71:12:53:8C,-36,11,1,6,1,1,1,0,0,0,0,-94,0,6,1,51267492,0,84,0,0,51.267,384,[84 -64 4 0 0 0 0 0 0 0 0 0 19 1 18 0 17 1 18 1 16 1 16 2 18 2 14 2 18 2 18 4 15 6 17 6 17 2 17 2 18 5 17 3 15 4 13 2 13 5 15 2 15 5 13 3 12 6 14 5 15 3 15 5 1 0 14 2 12 3 14 4 15 4 15 0 12 4 13 1 12 0 13 1 14 1 12 2 14 -1 15 -1 13 -1 16 -3 14 0 13 -3 14 -4 14 -3 12 -5 16 -2 14 -5 13 -3 16 -4 14 -2 13 -5 0 -2 0 0 0 0 0 0 0 0 ]
CSI_DATA,AP,68:FE:71:12:53:8C,-36,11,1,7,1,1,1,1,0,0,0,-94,3,6,1,51398537,0,84,0,0,51.399,384,[84 -64 4 0 0 0 0 0 0 0 0 0 17 6 17 2 20 6 18 5 17 4 15 4 18 7 19 7 18 6 16 7 15 10 15 10 18 10 15 9 15 6 15 8 14 6 16 6 16 9 17 8 13 8 14 9 16 9 16 7 12 6 15 6 2 0 13 6 13 7 13 5 16 7 13 6 13 3 14 3 15 2 13 4 16 1 14 1 15 3 16 2 13 4 15 2 17 2 14 1 17 1 17 -2 17 -2 14 1 16 -1 14 2 18 1 15 -3 13 0 2 1 0 0 0 0 0 0 0 0 ]
CSI_DATA,AP,68:FE:71:12:53:8C,-35,11,1,5,1,1,1,0,0,0,0,-95,0,6,1,51540703,0,84,0,0,51.541,384,[84 -64 4 0 0 0 0 0 0 0 0 0 17 7 16 6 19 8 16 9 19 10 18 10 18 11 14 8 17 8 14 9 16 9 16 8 17 11 17 9 13 12 16 10 13 11 12 11 15 11 13 11 12 11 12 11 11 12 12 9 11 10 11 10 2 1 13 11 12 10 13 9 14 10 13 10 12 10 13 6 13 7 12 7 14 6 16 4 13 4 13 6 16 4 14 6 14 4 12 4 16 5 12 3 15 3 16 5 14 6 15 6 15 1 17 3 17 5 2 -1 0 0 0 0 0 0 0 0 ]
CSI_DATA,AP,68:FE:71:12:53:8C,-34,11,1,7,1,1,1,0,0,0,0,-94,0,6,1,51653591,0,84,0,0,51.654,384,[84 -64 4 0 0 0 0 0 0 0 0 0 4 20 4 21 5 18 2 22 4 21 3 19 3 20 2 21 0 19 1 17 -1 20 0 22 -1 18 1 20 0 18 1 20 -2 20 0 17 -1 19 -4 19 -4 16 -4 16 -4 18 -4 15 -4 18 -3 17 -2 1 1 17 2 17 2 16 0 18 1 15 0 16 3 18 1 15 0 17 3 17 1 17 3 14 1 16 4 15 2 13 4 14 6 17 6 16 3 15 7 12 3 16 5 16 5 14 9 15 4 12 6 16 -2 2 0 0 0 0 0 0 0 0 ]
CSI_DATA,AP,68:FE:71:12:53:8C,-35,11,1,7,1,1,1,0,0,0,0,-95,0,6,1,51750331,0,84,0,0,51.75,384,[84 -64 4 0 0 0 0 0 0 0 0 0 7 -21 8 -18 6 -23 11 -23 10 -20 10 -20 8 -18 8 -15 10 -20 11 -18 12 -17 12 -15 12 -18 11 -17 12 -18 10 -16 10 -14 9 -14 11 -16 11 -18 12 -16 11 -18 9 -15 13 -15 13 -15 10 -16 -1 1 12 -13 11 -15 10 -15 7 -18 10 -17 8 -16 6 -13 9 -14 5 -16 6 -16 5 -15 8 -14 6 -14 6 -14 7 -14 7 -17 3 -16 3 -17 2 -19 3 -14 6 -15 5 -19 4 -20 5 -19 5 -19 1 -16 2 1 0 0 0 0 0 0 0 0 ]
CSI_DATA,AP,68:FE:71:12:53:8C,-37,11,1,6,1,1,1,0,0,0,1,-94,0,6,1,51885585,0,84,0,0,51.886,384,[84 -64 4 0 0 0 0 0 0 0 0 0 -5 22 -5 20 -9 23 -7 20 -8 19 -9 19 -8 20 -8 17 -10 17 -11 20 -11 20 -8 19 -10 19 -9 17 -10 15 -14 19 -9 18 -13 13 -13 14 -13 18 -12 16 -10 16 -8 12 -10 17 -9 18 -11 18 -1 0 -9 14 -8 15 -9 15 -10 16 -6 15 -6 16 -6 17 -7 16 -8 17 -8 14 -8 18 -6 17 -7 15 -4 19 -4 15 -3 19 -7 18 -3 15 -5 15 -5 15 -3 15 -4 16 -4 16 -4 16 -5 17 -1 17 1 -2 0 0 0 0 0 0 0 0 ]
CSI_DATA,AP,68:FE:71:12:53:8C,-40,11,1,6,1,1,1,0,0,0,0,-96,0,6,1,51994300,0,82,0,0,51.994,384,[84 -64 4 0 0 0 0 0 0 0 0 0 4 20 5 20 3 23 3 25 3 22 1 20 1 20 1 19 -1 23 0 21 -1 22 0 24 0 20 -2 19 -2 21 -1 20 0 19 -2 17 -3 21 -2 19 -2 17 1 17 0 18 -1 18 1 21 -2 19 1 1 2 18 -1 19 -1 20 0 19 -1 17 1 16 -1 16 0 14 2 16 4 18 2 16 3 17 3 16 5 19 3 17 3 15 7 16 5 14 6 16 6 13 5 15 8 15 8 18 9 14 8 17 7 17 2 -2 0 0 0 0 0 0 0 0 ]
CSI_DATA,AP,68:FE:71:12:53:8C,-34,11,1,6,1,1,1,0,0,0,0,-93,0,6,1,52165455,0,84,0,0,52.165,384,[84 -64 4 0 0 0 0 0 0 0 0 0 15 14 15 13 14 15 18 14 15 16 11 15 15 15 14 16 15 18 14 15 12 18 14 19 12 19 9 15 12 14 13 18 10 17 10 16 9 16 12 17 11 15 10 15 6 13 10 16 9 14 12 17 0 0 9 15 11 14 13 16 11 12 12 13 9 14 11 15 10 12 11 11 10 11 12 11 11 10 13 12 14 11 11 8 15 8 12 12 13 7 16 7 15 10 12 7 13 10 13 7 13 9 16 9 12 6 2 2 0 0 0 0 0 0 0 0 ]
CSI_DATA,AP,68:FE:71:12:53:8C,-34,11,1,6,1,1,1,0,0,0,0,-95,0,6,1,52296660,0,84,0,0,52.297,384,[84 -64 4 0 0 0 0 0 0 0 0 0 -4 -22 0 -21 -2 -21 1 -22 1 -25 2 -24 3 -20 5 -22 6 -22 2 -21 6 -24 6 -21 6 -21 5 -20 5 -21 3 -19 6 -22 8 -21 7 -18 4 -21 4 -17 7 -18 8 -17 6 -21 5 -21 7 -17 -1 2 7 -18 5 -17 6 -17 5 -19 5 -16 4 -18 3 -19 5 -18 2 -17 1 -15 3 -17 1 -15 1 -18 3 -19 -1 -19 0 -19 2 -18 -3 -19 2 -16 -2 -17 1 -19 1 -19 -4 -18 -2 -21 -2 -16 -4 -17 2 2 0 0 0 0 0 0 0 0 ]
CSI_DATA,AP,68:FE:71:12:53:8C,-33,11,1,6,1,1,1,1,0,0,0,-95,1,6,1,52433834,0,84,0,0,52.434,384,[84 -64 4 0 0 0 0 0 0 0 0 0 -16 -15 -12 -15 -15 -16 -11 -19 -13 -19 -10 -18 -12 -18 -7 -16 -7 -19 -8 -19 -10 -20 -9 -21 -7 -17 -8 -17 -7 -17 -7 -17 -4 -17 -5 -15 -7 -15 -8 -16 -4 -19 -5 -17 -4 -17 -5 -18 -8 -20 -7 -15 2 1 -4 -14 -8 -16 -6 -15 -7 -18 -8 -15 -8 -14 -8 -14 -8 -15 -7 -14 -6 -12 -9 -16 -7 -14 -9 -12 -7 -15 -10 -14 -8 -15 -10 -17 -12 -14 -10 -12 -10 -14 -9 -12 -9 -16 -10 -15 -11 -14 -9 -14 -13 -11 -1 -2 0 0 0 0 0 0 0 0 ]
CSI_DATA,AP,68:FE:71:12:53:8C,-33,11,1,7,1,1,1,1,0,0,0,-94,1,6,1,52562233,0,84,0,0,52.562,384,[84 -64 4 0 0 0 0 0 0 0 0 0 -23 -4 -21 -2 -21 0 -21 -4 -23 -3 -20 -3 -20 -2 -19 -2 -20 -3 -20 -6 -22 -8 -21 -8 -19 -5 -17 -7 -17 -4 -19 -8 -17 -6 -16 -3 -18 -6 -16 -5 -17 -7 -19 -4 -18 -6 -15 -7 -18 -6 -16 -4 -1 -1 -15 -5 -18 -4 -19 -3 -18 0 -15 -3 -15 -4 -17 -5 -15 -4 -17 -3 -16 -1 -15 0 -14 -1 -15 -1 -17 2 -16 2 -15 -1 -20 2 -18 2 -16 4 -16 2 -17 3 -14 4 -17 5 -18 4 -14 5 -16 3 1 -2 0 0 0 0 0 0 0 0 ]
CSI_DATA,AP,68:FE:71:12:53:8C,-35,11,1,6,1,1,1,0,0,0,0,-93,0,6,1,52691784,0,84,0,0,52.692,384,[84 -64 4 0 0 0 0 0 0 0 0 0 1 -20 3 -22 2 -22 4 -21 6 -20 7 -17 9 -17 5 -19 7 -21 6 -16 7 -17 6 -21 5 -17 6 -18 10 -19 10 -17 10 -16 9 -18 7 -16 9 -14 6 -14 10 -16 8 -13 9 -17 9 -18 4 -15 1 2 7 -16 8 -16 5 -16 3 -16 5 -16 5 -15 3 -18 4 -17 5 -16 1 -15 1 -15 3 -18 3 -16 1 -15 3 -16 2 -19 -1 -18 0 -19 1 -17 0 -15 2 -19 0 -18 -3 -15 -1 -19 -2 -18 0 -16 -2 -2 0 0 0 0 0 0 0 0 ]
CSI_DATA,AP,68:FE:71:12:53:8C,-36,11,1,6,1,1,1,0,0,0,0,-94,0,6,1,52841928,0,84,0,0,52.842,384,[84 -64 4 0 0 0 0 0 0 0 0 0 -16 11 -19 13 -16 13 -20 14 -19 12 -21 9 -17 8 -17 7 -22 10 -17 6 -18 7 -18 9 -22 7 -21 7 -21 7 -20 9 -20 7 -19 9 -17 8 -16 7 -16 7 -16 7 -14 5 -17 8 -17 6 -19 6 -1 2 -15 5 -14 9 -18 7 -15 10 -14 7 -16 8 -17 7 -13 10 -13 10 -12 7 -15 8 -14 9 -16 11 -14 11 -12 11 -15 10 -12 9 -13 13 -11 9 -12 9 -14 11 -13 11 -10 13 -13 11 -14 13 -11 11 -2 -2 0 0 0 0 0 0 0 0 ]
CSI_DATA,AP,68:FE:71:12:53:8C,-37,11,1,6,1,1,1,1,0,0,0,-93,1,6,1,52965728,0,84,0,0,52.966,384,[84 -64 4 0 0 0 0 0 0 0 0 0 17 10 15 7 17 12 18 9 16 12 16 9 17 11 13 10 14 14 13 15 15 16 15 13 14 13 16 12 11 12 14 15 13 13 12 13 14 12 11 10 10 14 11 13 10 12 10 11 14 15 12 10 -1 0 10 9 15 12 11 9 14 9 13 12 11 8 12 10 12 9 14 7 14 8 12 7 13 8 13 9 12 9 15 7 12 5 14 7 12 5 14 7 14 3 15 8 12 5 15 5 15 7 16 5 15 6 0 0 0 0 0 0 0 0 0 0 ]
CSI_DATA,AP,68:FE:71:12:53:8C,-40,11,1,5,1,1,1,1,0,0,0,-94,1,6,1,53097405,0,84,0,0,53.097,384,[84 -64 4 0 0 0 0 0 0 0 0 0 -21 -9 -17 -9 -22 -7 -20 -9 -20 -10 -17 -10 -18 -10 -19 -12 -16 -14 -14 -10 -16 -15 -18 -15 -18 -16 -14 -15 -17 -12 -18 -12 -17 -11 -12 -13 -15 -15 -12 -15 -13 -14 -12 -14 -12 -12 -12 -15 -17 -11 -16 -14 2 0 -12 -11 -12 -12 -16 -13 -15 -8 -15 -9 -16 -12 -12 -11 -12 -11 -15 -9 -15 -10 -16 -9 -12 -6 -13 -6 -17 -9 -17 -11 -16 -8 -17 -7 -18 -6 -18 -9 -16 -4 -14 -6 -15 -9 -18 -5 -17 -4 -17 -8 -15 -4 0 2 0 0 0 0 0 0 0 0 ]
CSI_DATA,AP,68:FE:71:12:53:8C,-40,11,1,5,1,1,1,0,0,0,0,-93,0,6,1,53246973,0,84,0,0,53.247,384,[84 -64 4 0 0 0 0 0 0 0 0 0 11 -15 11 -18 11 -17 14 -19 13 -18 16 -13 14 -12 15 -12 18 -15 17 -10 15 -12 14 -11 16 -11 17 -12 18 -10 18 -11 15 -9 16 -10 15 -10 17 -8 15 -11 15 -10 13 -10 15 -9 17 -13 14 -11 -1 0 14 -9 16 -12 13 -11 11 -9 13 -12 13 -12 14 -9 11 -12 14 -8 11 -12 13 -14 11 -10 11 -11 9 -14 12 -11 13 -12 10 -11 8 -13 11 -14 9 -13 10 -13 8 -13 7 -13 9 -16 9 -14 8 -14 2 -1 0 0 0 0 0 0 0 0 ]
CSI_DATA,AP,68:FE:71:12:53:8C,-33,11,1,7,1,1,1,0,0,0,0,-94,0,6,1,53363264,0,84,0,0,53.363,384,[84 -64 4 0 0 0 0 0 0 0 0 0 -17 14 -17 12 -20 13 -21 10 -18 10 -18 8 -21 7 -21 8 -21 7 -19 8 -19 9 -19 6 -22 5 -20 4 -20 5 -20 3 -22 7 -17 3 -19 7 -19 4 -18 5 -20 4 -17 3 -19 4 -21 3 -16 4 -2 -1 -18 7 -16 5 -17 5 -15 6 -14 8 -14 9 -19 8 -14 5 -14 10 -13 6 -16 9 -17 10 -15 9 -17 11 -14 7 -15 10 -14 9 -14 9 -15 8 -11 10 -14 9 -13 11 -14 9 -14 11 -14 13 -15 12 2 2 0 0 0 0 0 0 0 0 ]
CSI_DATA,AP,68:FE:71:12:53:8C,-36,11,1,6,1,1,1,0,0,0,0,-95,0,6,1,53505055,0,84,0,0,53.505,384,[84 -64 4 0 0 0 0 0 0 0 0 0 -11 -16 -12 -19 -12 -18 -10 -18 -13 -18 -9 -19 -11 -17 -10 -16 -7 -18 -9 -19 -7 -19 -8 -22 -9 -18 -9 -20 -6 -19 -5 -19 -6 -19 -7 -17 -4 -17 -4 -20 -3 -19 -8 -16 -3 -16 -5 -17 -7 -18 -4 -17 -1 0 -6 -14 -9 -18 -9 -15 -6 -18 -7 -17 -9 -16 -8 -14 -5 -17 -6 -16 -9 -17 -10 -15 -7 -15 -11 -14 -9 -14 -11 -15 -12 -16 -8 -16 -9 -14 -10 -12 -11 -11 -9 -14 -8 -12 -9 -16 -13 -13 -10 -13 -12 -11 0 -1 0 0 0 0 0 0 0 0 ]
CSI_DATA,AP,68:FE:71:12:53:8C,-35,11,1,5,1,1,1,0,0,0,0,-94,0,6,1,53650758,0,84,0,0,53.651,384,[84 -64 4 0 0 0 0 0 0 0 0 0 -21 -3 -23 -4 -23 -5 -24 -6 -23 -7 -18 -11 -18 -8 -21 -12 -17 -8 -17 -12 -21 -10 -21 -10 -17 -10 -20 -13 -17 -11 -20 -10 -19 -11 -15 -10 -14 -9 -17 -13 -17 -14 -18 -10 -16 -10 -18 -9 -14 -11 -15 -12 1 0 -18 -9 -17 -10 -17 -8 -16 -10 -14 -11 -18 -7 -15 -11 -16 -10 -14 -9 -18 -4 -17 -8 -15 -4 -16 -8 -19 -7 -17 -6 -19 -5 -16 -5 -15 -5 -15 -5 -19 -4 -17 -5 -16 -4 -20 -3 -18 -3 -17 -2 -16 -4 2 -1 0 0 0 0 0 0 0 0 ]
CSI_DATA,AP,68:FE:71:12:53:8C,-39,11,0,0,0,0,0,1,0,0,0,-93,5,6,1,53797594,0,37,0,0,53.798,128,[84 -64 4 0 0 0 0 0 0 0 0 0 16 8 16 10 20 11 20 9 18 12 16 11 17 12 14 10 17 13 15 11 18 11 14 10 14 14 17 10 12 11 15 11 15 11 12 12 15 15 15 14 12 13 15 12 13 13 14 12 12 14 15 12 0 -2 12 10 11 10 12 11 14 12 15 11 13 9 13 12 12 11 11 10 13 8 12 6 14 8 14 5 16 9 16 7 16 5 17 8 17 6 15 3 16 3 15 3 15 5 17 4 15 4 13 4 18 2 0 -1 0 0 0 0 0 0 0 0 ]
CSI_DATA,AP,68:FE:71:12:53:8C,-34,11,1,6,1,1,1,0,0,0,0,-93,0,6,1,53926088,0,84,0,0,53.926,384,[84 -64 4 0 0 0 0 0 0 0 0 0 -10 -20 -9 -17 -7 -22 -8 -23 -7 -22 -4 -18 -7 -21 -6 -20 -6 -19 -3 -21 -3 -21 -5 -23 -6 -19 -3 -21 -1 -20 -4 -21 -2 -18 -4 -19 -3 -21 -3 -19 -4 -19 0 -21 0 -17 -3 -21 -4 -17 -6 -20 -1 -1 -4 -18 -3 -15 -3 -16 -6 -15 -4 -17 -6 -16 -6 -16 -3 -15 -8 -16 -7 -14 -7 -14 -10 -16 -7 -17 -11 -14 -9 -17 -9 -17 -9 -17 -11 -13 -8 -17 -9 -16 -12 -17 -9 -16 -9 -15 -11 -15 -13 -13 -11 -12 -2 -1 0 0 0 0 0 0 0 0 ]
CSI_DATA,AP,68:FE:71:12:53:8C,-31,11,1,7,1,1,1,0,0,0,0,-94,0,6,1,54077465,0,84,0,0,54.077,384,[84 -64 4 0 0 0 0 0 0 0 0 0 15 18 12 16 12 16 15 16 10 18 9 15 10 18 10 16 8 16 11 16 8 20 8 19 9 17 11 16 11 14 10 16 9 16 9 13 7 15 8 14 8 14 7 13 8 15 7 16 10 14 10 14 2 -2 8 14 7 13 8 11 11 14 7 11 10 15 11 13 8 10 10 11 10 7 12 12 9 10 10 9 8 11 10 13 10 13 9 13 9 8 13 9 13 10 12 12 12 12 12 13 13 13 11 11 12 9 2 -1 0 0 0 0 0 0 0 0 ]
CSI_DATA,AP,68:FE:71:12:53:8C,-34,11,0,0,0,0,0,0,0,0,0,-93,0,6,1,54230285,0,37,0,0,54.23,128,[84 -64 4 0 0 0 0 0 0 0 0 0 11 -6 13 -7 10 -8 11 -9 14 -8 12 -5 12 -6 11 -5 14 -6 12 -6 11 -7 14 -4 13 -5 12 -6 10 -6 15 -3 13 -3 12 -6 11 -2 10 -5 10 -3 10 -6 10 -1 10 -2 10 -4 11 -6 -1 2 10 -2 9 -5 11 -5 12 -5 8 -2 10 -3 12 -6 8 -7 11 -5 9 -5 8 -4 8 -4 8 -8 11 -5 8 -9 8 -5 7 -5 6 -7 10 -9 6 -10 8 -7 6 -7 8 -7 10 -6 8 -6 8 -8 1 0 0 0 0 0 0 0 0 0 ]
CSI_DATA,AP,68:FE:71:12:53:8C,-32,11,1,6,1,1,1,0,0,0,0,-95,0,6,1,54366130,0,84,0,0,54.366,384,[84 -64 4 0 0 0 0 0 0 0 0 0 9 -3 9 -4 7 -3 9 -1 8 -4 8 0 9 0 6 -3 8 2 7 -1 9 0 8 2 9 2 9 -2 6 -1 9 -2 7 1 5 2 6 -1 8 0 5 -2 6 -1 5 -2 9 3 7 2 6 -1 1 -2 7 1 7 0 7 2 5 -1 9 2 9 2 6 0 6 -2 9 -2 4 -3 9 -3 4 0 6 0 8 -4 6 1 6 0 8 -1 6 -3 7 -4 4 -4 8 -3 7 -4 8 -2 9 -3 7 -2 8 -5 2 -2 0 0 0 0 0 0 0 0 ]
CSI_DATA,AP,68:FE:71:12:53:8C,-37,11,1,5,1,1,1,1,0,0,0,-93,5,6,1,54536155,0,84,0,0,54.536,384,[84 -64 4 0 0 0 0 0 0 0 0 0 -20 2 -19 1 -23 4 -25 4 -23 3 -20 0 -21 0 -18 -3 -20 1 -21 -2 -22 -1 -24 -3 -19 -3 -22 -4 -20 -3 -21 -3 -18 -2 -19 -1 -18 -4 -19 -2 -17 -1 -16 -5 -19 -5 -17 -1 -19 -4 -20 -2 1 -2 -17 -1 -16 -2 -17 1 -17 0 -15 0 -17 -1 -17 0 -19 2 -14 1 -18 0 -18 0 -14 2 -16 1 -16 4 -19 5 -18 5 -18 4 -17 4 -17 6 -15 7 -15 3 -16 3 -14 6 -15 6 -15 3 -13 5 1 2 0 0 0 0 0 0 0 0 ]
CSI_DATA,AP,68:FE:71:12:53:8C,-39,11,1,6,1,1,1,0,0,0,0,-95,0,6,1,54652666,0,84,0,0,54.653,384,[84 -64 4 0 0 0 0 0 0 0 0 0 -10 -19 -8 -14 -9 -20 -11 -16 -8 -19 -8 -17 -7 -17 -8 -18 -5 -16 -4 -17 -7 -14 -4 -18 -2 -14 -3 -14 -4 -13 -6 -16 -4 -14 -3 -12 -4 -14 -6 -12 -2 -13 -3 -13 -6 -12 -6 -14 -6 -13 -3 -11 0 0 -7 -8 -8 -13 -6 -12 -6 -8 -7 -7 -9 -11 -5 -7 -6 -8 -10 -10 -9 -9 -8 -8 -8 -7 -8 -8 -7 -7 -8 -10 -9 -8 -8 -6 -8 -8 -10 -8 -8 -8 -10 -6 -9 -5 -11 -6 -11 -8 -10 -5 -9 -6 0 -2 0 0 0 0 0 0 0 0 ]
CSI_DATA,AP,68:FE:71:12:53:8C,-34,11,1,5,1,1,1,0,0,0,0,-94,0,6,1,54779455,0,84,0,0,54.779,384,[84 -64 4 0 0 0 0 0 0 0 0 0 -18 -8 -20 -6 -17 -7 -21 -8 -16 -9 -16 -11 -14 -14 -16 -12 -12 -12 -15 -12 -12 -14 -14 -11 -12 -11 -11 -10 -10 -9 -11 -11 -11 -9 -10 -8 -12 -7 -10 -10 -9 -8 -12 -7 -6 -7 -10 -8 -9 -7 -11 -8 -2 1 -7 -8 -11 -3 -8 -7 -11 -2 -9 -2 -10 -6 -12 -2 -9 -2 -8 -2 -11 -3 -8 0 -9 0 -8 2 -10 -2 -10 0 -12 2 -10 3 -9 0 -10 1 -9 3 -12 4 -11 1 -9 5 -9 2 -11 5 -10 5 0 0 0 0 0 0 0 0 0 0 ]
CSI_DATA,AP,68:FE:71:12:53:8C,-35,11,1,6,1,1,1,0,0,0,0,-96,0,6,1,54921745,0,84,0,0,54.922,384,[84 -64 4 0 0 0 0 0 0 0 0 0 -17 -19 -14 -16 -18 -20 -15 -20 -15 -17 -13 -18 -14 -18 -10 -16 -9 -17 -9 -15 -12 -19 -12 -16 -8 -20 -7 -18 -9 -18 -10 -18 -11 -15 -6 -15 -7 -13 -10 -12 -5 -15 -7 -10 -7 -13 -7 -10 -7 -10 -10 -13 -2 0 -7 -8 -9 -8 -11 -8 -9 -9 -9 -7 -9 -6 -8 -6 -8 -5 -11 -3 -11 -7 -8 -4 -8 -2 -11 -5 -11 -4 -10 -1 -9 -5 -10 -4 -11 0 -12 -1 -8 1 -10 -3 -10 -2 -9 -1 -9 1 -8 1 -8 3 1 2 0 0 0 0 0 0 0 0 ]
CSI_DATA,AP,68:FE:71:12:53:8C,-37,11,1,7,1,1,1,0,0,0,0,-96,0,6,1,55109942,0,84,0,0,55.11,384,[84 -64 4 0 0 0 0 0 0 0 0 0 -2 19 0 19 -1 18 -4 20 -6 16 -6 17 -6 14 -6 16 -6 16 -4 16 -5 18 -6 13 -4 14 -7 14 -6 14 -5 17 -6 15 -4 12 -5 12 -3 12 -4 14 -7 13 -2 13 -5 12 -2 15 -6 12 1 -1 -5 15 -4 13 -2 15 -4 16 -3 15 -4 16 -6 16 -3 15 -2 14 -1 16 -1 16 0 13 0 13 -1 15 -1 13 -2 16 -2 16 -3 16 -1 13 -3 17 0 17 -5 16 -3 15 0 14 -2 13 1 15 1 1 0 0 0 0 0 0 0 0 ]
CSI_DATA,AP,68:FE:71:12:53:8C,-40,11,1,5,1,1,1,0,0,0,0,-93,0,6,1,55256903,0,84,0,0,55.257,384,[84 -64 4 0 0 0 0 0 0 0 0 0 8 -23 7 -22 6 -22 8 -23 10 -23 7 -22 8 -23 10 -20 13 -21 8 -21 13 -21 14 -22 12 -24 11 -22 12 -23 11 -24 12 -21 12 -20 13 -21 14 -19 12 -21 11 -19 11 -19 13 -19 13 -20 14 -22 0 1 13 -22 13 -21 13 -21 12 -21 12 -18 10 -23 12 -21 7 -19 11 -20 6 -22 10 -21 10 -23 9 -23 9 -23 7 -23 10 -23 8 -26 8 -24 9 -22 6 -22 10 -23 10 -21 7 -24 4 -26 9 -24 8 -24 -2 0 0 0 0 0 0 0 0 0 ]
CSI_DATA,AP,68:FE:71:12:53:8C,-36,11,1,6,1,1,1,0,0,0,0,-94,0,6,1,55419952,0,84,0,0,55.42,384,[84 -64 4 0 0 0 0 0 0 0 0 0 -16 -25 -14 -22 -20 -22 -15 -25 -15 -25 -12 -24 -15 -26 -12 -21 -15 -22 -9 -26 -12 -27 -8 -23 -7 -22 -11 -23 -11 -23 -10 -26 -11 -24 -11 -21 -8 -23 -6 -21 -7 -23 -10 -20 -8 -19 -9 -23 -8 -21 -8 -23 -1 2 -9 -21 -10 -19 -6 -16 -11 -20 -5 -16 -6 -16 -11 -18 -8 -17 -6 -15 -6 -12 -10 -14 -7 -11 -9 -11 -9 -11 -12 -11 -13 -13 -14 -11 -16 -10 -15 -9 -18 -6 -19 -10 -20 -7 -18 -10 -22 -8 -20 -11 -21 -11 -2 -2 0 0 0 0 0 0 0 0 ]
CSI_DATA,AP,68:FE:71:12:53:8C,-40,11,1,6,1,1,1,0,0,0,0,-96,0,6,1,55558076,0,84,0,0,55.558,384,[84 -64 4 0 0 0 0 0 0 0 0 0 5 -16 5 -17 4 -16 5 -20 4 -18 6 -17 8 -18 5 -17 10 -17 7 -18 10 -20 8 -18 11 -20 9 -16 8 -17 10 -19 12 -19 12 -18 10 -17 11 -16 11 -16 12 -19 12 -16 11 -16 12 -18 10 -17 -2 2 12 -16 9 -18 9 -20 9 -15 12 -17 9 -17 12 -17 9 -17 9 -15 5 -19 7 -18 6 -19 9 -16 6 -17 5 -18 6 -18 6 -20 6 -16 5 -17 5 -16 5 -15 3 -18 5 -20 3 -17 4 -17 2 -16 1 0 0 0 0 0 0 0 0 0 ]
CSI_DATA,AP,68:FE:71:12:53:8C,-37,11,1,7,1,1,1,0,0,0,0,-94,0,6,1,55683131,0,84,0,0,55.683,384,[84 -64 4 0 0 0 0 0 0 0 0 0 1 -21 1 -22 2 -20 2 -23 3 -20 5 -19 5 -22 6 -17 9 -19 8 -20 6 -22 5 -22 7 -18 5 -18 7 -20 7 -20 8 -20 6 -18 7 -17 7 -16 5 -17 9 -18 7 -15 6 -15 8 -15 8 -17 0 1 3 -16 7 -16 6 -15 2 -16 4 -17 3 -14 3 -16 5 -13 1 -14 0 -14 -1 -17 4 -15 -1 -16 1 -16 4 -17 2 -18 -1 -15 1 -18 1 -18 0 -15 -2 -15 0 -17 -2 -14 -3 -18 0 -15 0 -14 2 0 0 0 0 0 0 0 0 0 ]
CSI_DATA,AP,68:FE:71:12:53:8C,-37,11,1,6,1,1,1,0,0,0,0,-95,0,6,1,55801820,0,84,0,0,55.802,384,[82 -96 4 0 0 0 0 0 0 0 0 0 0 18 -3 16 0 16 -4 16 -2 17 -2 18 -1 16 -3 16 -2 14 -5 14 -7 18 -6 17 -6 17 -7 15 -7 16 -5 16 -5 15 -4 14 -5 16 -5 13 -4 16 -4 13 -6 14 -3 15 -7 14 -3 11 -1 -2 -4 15 -3 15 -3 11 -2 13 -2 13 -3 11 -3 15 -1 15 -3 11 0 15 -4 12 -3 15 -2 15 1 15 0 11 0 12 0 15 2 12 1 14 1 13 -1 14 0 15 4 11 0 11 4 13 1 13 -1 2 0 0 0 0 0 0 0 0 ]
CSI_DATA,AP,68:FE:71:12:53:8C,-36,11,1,7,1,1,1,1,0,0,0,-93,5,6,1,55935210,0,84,0,0,55.935,384,[84 -64 4 0 0 0 0 0 0 0 0 0 -10 -16 -7 -15 -8 -20 -7 -16 -4 -21 -5 -16 -2 -16 -5 -20 -2 -19 -2 -20 -5 -20 -1 -18 0 -17 -4 -16 0 -15 -2 -15 -3 -15 -1 -17 -3 -14 -4 -14 -1 -16 -3 -18 0 -15 -3 -16 -1 -14 -1 -13 -1 2 -4 -13 -5 -15 -5 -15 -5 -14 -5 -13 -2 -14 -4 -13 -5 -13 -3 -13 -7 -12 -5 -14 -8 -15 -4 -13 -6 -12 -7 -14 -7 -12 -6 -12 -7 -15 -9 -14 -9 -13 -8 -13 -9 -12 -7 -11 -10 -14 -6 -11 -10 -13 -1 -1 0 0 0 0 0 0 0 0 ]
CSI_DATA,AP,68:FE:71:12:53:8C,-36,11,1,5,1,1,1,0,0,0,0,-93,0,6,1,56078700,0,84,0,0,56.079,384,[84 -64 4 0 0 0 0 0 0 0 0 0 -1 19 1 19 2 19 1 22 2 18 -2 21 -4 18 -1 18 -5 17 -3 20 -4 19 -2 17 -5 18 -3 19 -4 16 -2 19 -6 19 -2 14 -3 14 -3 16 -5 14 -2 17 -5 17 -5 15 -3 13 -5 16 -2 1 -1 15 -1 13 -1 14 0 15 -1 16 -1 14 -2 15 1 17 -2 15 0 15 -1 16 0 12 2 13 0 13 2 14 0 12 2 12 4 13 5 14 3 13 3 16 2 14 4 13 4 16 5 15 4 16 -1 2 0 0 0 0 0 0 0 0 ]
CSI_DATA,AP,68:FE:71:12:53:8C,-32,11,1,7,1,1,1,1,0,0,0,-94,5,6,1,56223771,0,84,0,0,56.224,384,[84 -64 4 0 0 0 0 0 0 0 0 0 -11 -17 -7 -16 -8 -20 -10 -18 -9 -17 -5 -21 -7 -21 -4 -20 -7 -17 -7 -17 -7 -18 -3 -19 -7 -17 -6 -21 -4 -20 -2 -20 -3 -20 -1 -17 -5 -20 -5 -16 -5 -18 -4 -19 -3 -18 -5 -17 -1 -18 -2 -15 0 0 -4 -18 -2 -14 -3 -16 -5 -17 -6 -17 -3 -14 -4 -16 -8 -13 -7 -14 -3 -14 -8 -16 -6 -12 -4 -15 -6 -12 -7 -13 -9 -15 -6 -13 -5 -13 -9 -12 -9 -15 -8 -15 -6 -15 -8 -12 -9 -12 -9 -11 -9 -14 2 -1 0 0 0 0 0 0 0 0 ]
CSI_DATA,AP,68:FE:71:12:53:8C,-34,11,1,6,1,1,1,0,0,0,0,-94,0,6,1,56416754,0,84,0,0,56.417,384,[37 80 2 0 0 0 0 0 0 0 0 0 1 -33 6 -30 2 -32 2 -32 5 -29 9 -28 10 -28 9 -26 10 -30 11 -27 10 -30 9 -28 12 -28 10 -28 10 -27 8 -28 12 -28 7 -27 8 -25 10 -22 10 -22 9 -26 6 -21 8 -26 8 -24 7 -26 -2 -2 5 -23 8 -25 8 -27 3 -22 4 -22 4 -23 3 -24 6 -22 3 -25 6 -25 4 -25 1 -25 1 -22 1 -22 3 -25 0 -27 -1 -26 -1 -23 -1 -27 -1 -27 3 -26 1 -26 0 -24 -3 -28 -4 -23 -3 -27 -1 0 0 0 0 0 0 0 0 0 ]
CSI_DATA,AP,68:FE:71:12:53:8C,-37,11,1,7,1,1,1,0,0,0,0,-96,0,6,1,56556567,0,84,0,0,56.557,384,[84 -64 4 0 0 0 0 0 0 0 0 0 -13 27 -15 26 -16 26 -19 25 -19 25 -17 23 -18 25 -21 21 -17 21 -21 20 -22 21 -23 21 -23 19 -22 20 -21 18 -20 21 -20 20 -17 19 -21 17 -20 19 -19 20 -17 18 -18 18 -19 19 -20 17 -17 16 -2 2 -17 20 -17 18 -17 22 -16 19 -15 19 -17 17 -12 21 -14 17 -11 19 -13 19 -16 22 -14 17 -11 22 -11 21 -12 21 -10 22 -13 21 -8 23 -11 23 -9 20 -8 24 -10 21 -9 21 -10 23 -6 24 -9 24 -1 -2 0 0 0 0 0 0 0 0 ]
CSI_DATA,AP,68:FE:71:12:53:8C,-34,11,1,6,1,1,1,0,0,0,0,-96,0,6,1,56670646,0,84,0,0,56.671,384,[84 -64 4 0 0 0 0 0 0 0 0 0 8 17 8 16 8 21 8 20 5 18 3 18 4 19 5 20 2 20 4 18 2 21 2 18 3 20 2 19 3 18 1 18 2 18 2 18 0 18 2 20 3 17 -1 16 2 19 0 16 1 15 0 19 2 -2 0 14 4 17 1 17 2 16 3 18 3 14 2 15 5 16 6 15 6 14 3 14 6 13 3 14 3 16 8 14 6 16 4 17 5 15 7 12 6 15 7 14 7 15 8 14 7 17 5 15 9 16 1 -1 0 0 0 0 0 0 0 0 ]
CSI_DATA,AP,68:FE:71:12:53:8C,-32,11,1,7,1,1,1,0,0,0,0,-93,0,6,1,56815642,0,84,0,0,56.816,384,[84 -64 4 0 0 0 0 0 0 0 0 0 -18 7 -17 4 -22 6 -19 3 -23 4 -19 4 -21 2 -19 2 -19 2 -20 0 -18 -1 -22 3 -22 1 -21 -2 -20 1 -22 0 -18 0 -21 0 -19 0 -19 1 -16 -2 -19 0 -18 -3 -16 -2 -16 0 -15 0 -1 0 -15 -2 -15 2 -17 2 -17 3 -17 3 -17 1 -14 1 -15 0 -18 2 -17 3 -15 3 -17 1 -15 3 -16 4 -18 3 -18 2 -18 4 -14 4 -14 5 -17 5 -17 2 -15 4 -16 3 -15 4 -13 7 -15 4 -2 -1 0 0 0 0 0 0 0 0 ]
CSI_DATA,AP,68:FE:71:12:53:8C,-38,11,1,5,1,1,1,0,0,0,1,-96,0,6,1,56991578,0,84,0,0,56.992,384,[84 -64 4 0 0 0 0 0 0 0 0 0 8 -17 10 -18 9 -15 10 -15 11 -14 13 -12 10 -15 14 -15 12 -12 12 -13 12 -14 15 -13 14 -11 15 -12 15 -10 13 -9 12 -12 14 -12 11 -11 12 -8 12 -9 11 -10 12 -11 14 -10 12 -10 12 -8 0 2 9 -12 12 -9 12 -10 9 -8 12 -10 9 -8 10 -10 7 -12 8 -9 7 -9 10 -12 7 -13 10 -12 10 -14 8 -13 6 -12 10 -14 7 -12 10 -11 5 -11 8 -11 6 -11 6 -11 5 -14 8 -12 8 -14 0 -1 0 0 0 0 0 0 0 0 ]
CSI_DATA,AP,68:FE:71:12:53:8C,-36,11,1,6,1,1,1,0,0,0,0,-94,0,6,1,57142561,0,84,0,0,57.143,384,[84 -64 4 0 0 0 0 0 0 0 0 0 5 -9 8 -9 7 -7 9 -9 8 -9 7 -8 7 -5 5 -7 8 -8 7 -7 9 -3 7 -4 6 -6 8 -7 6 -6 9 -6 6 -5 8 -5 5 -6 5 -5 6 -6 5 -3 5 -5 7 -5 5 -3 6 -5 1 -1 6 -6 5 -7 4 -4 5 -5 6 -3 8 -5 8 -5 3 -3 4 -6 7 -5 7 -4 6 -7 5 -6 5 -6 4 -4 4 -5 4 -8 6 -7 2 -6 2 -4 5 -5 3 -8 6 -6 6 -6 4 -6 6 -9 0 1 0 0 0 0 0 0 0 0 ]
CSI_DATA,AP,68:FE:71:12:53:8C,-37,11,1,6,1,1,1,0,0,0,0,-95,0,6,1,57251975,0,84,0,0,57.252,384,[84 -64 4 0 0 0 0 0 0 0 0 0 8 16 7 17 8 21 7 21 5 19 3 20 2 20 3 17 5 17 1 17 0 20 1 21 2 17 2 21 3 18 1 20 -1 18 2 18 2 18 2 17 2 19 -1 18 1 14 3 19 2 18 0 14 1 0 2 16 2 17 0 15 4 16 2 16 5 13 4 13 2 17 2 15 2 12 3 14 4 13 6 17 3 12 4 12 4 13 5 14 7 12 6 14 5 15 7 13 7 14 8 15 9 16 7 11 9 11 -1 -2 0 0 0 0 0 0 0 0 ]
CSI_DATA,AP,68:FE:71:12:53:8C,-42,11,1,5,1,1,1,0,0,0,0,-94,0,6,1,57366391,0,84,0,0,57.366,384,[84 -64 4 0 0 0 0 0 0 0 0 0 15 12 15 8 15 13 16 11 11 11 12 10 11 11 13 12 12 13 13 12 11 15 12 15 11 13 9 14 11 14 9 11 10 14 7 14 11 10 9 13 9 14 7 13 6 11 9 13 9 11 7 11 2 0 10 9 8 9 9 11 10 7 8 11 8 10 9 11 12 9 10 7 11 10 8 10 12 10 12 8 13 10 9 5 12 6 12 7 10 8 14 7 13 8 10 7 14 6 10 6 11 4 14 6 11 4 -2 -1 0 0 0 0 0 0 0 0 ]
CSI_DATA,AP,68:FE:71:12:53:8C,-34,11,1,6,1,1,1,0,0,0,1,-94,0,6,1,57484180,0,84,0,0,57.484,384,[84 -64 4 0 0 0 0 0 0 0 0 0 5 17 3 15 6 15 1 18 1 15 4 19 0 18 2 19 3 15 1 17 2 20 -2 16 -2 19 2 15 0 15 -2 16 -3 14 1 15 -2 17 1 17 2 15 0 16 -1 16 1 13 -2 16 0 13 -2 0 -2 14 0 16 0 13 1 12 -2 14 3 13 2 16 1 15 3 16 4 13 0 13 0 14 3 13 5 16 2 15 5 12 1 14 3 11 6 11 4 14 6 13 4 14 6 14 4 14 4 14 5 13 -1 -2 0 0 0 0 0 0 0 0 ]
CSI_DATA,AP,68:FE:71:12:53:8C,-40,11,1,6,1,1,1,1,0,0,0,-94,5,6,1,57608802,0,84,0,0,57.609,384,[84 -64 4 0 0 0 0 0 0 0 0 0 -21 9 -17 5 -22 4 -22 4 -20 3 -19 4 -18 4 -17 0 -21 3 -21 0 -19 4 -21 1 -19 1 -21 3 -21 -1 -17 2 -21 -1 -17 -1 -17 0 -18 0 -16 -1 -16 1 -17 0 -19 -1 -17 1 -15 0 -1 -1 -18 -1 -14 0 -18 4 -14 0 -18 4 -17 0 -18 4 -16 0 -15 0 -17 5 -14 2 -15 4 -13 2 -16 4 -14 5 -18 5 -14 5 -16 4 -17 3 -15 5 -13 6 -15 7 -14 7 -17 7 -13 7 -15 6 2 1 0 0 0 0 0 0 0 0 ]
CSI_DATA,AP,68:FE:71:12:53:8C,-38,11,1,5,1,1,1,0,0,0,0,-96,0,6,1,57730423,0,84,0,0,57.73,384,[84 -64 4 0 0 0 0 0 0 0 0 0 -11 18 -11 19 -9 22 -11 22 -11 21 -11 16 -10 18 -13 18 -14 17 -13 17 -13 16 -15 16 -12 15 -14 15 -16 16 -14 16 -14 15 -15 17 -11 17 -13 14 -12 13 -15 14 -14 16 -12 16 -15 13 -11 16 0 -1 -10 14 -9 16 -12 15 -10 15 -13 15 -8 14 -11 15 -9 15 -9 12 -7 16 -11 16 -9 16 -8 17 -6 16 -6 15 -5 15 -8 17 -9 15 -8 14 -6 18 -5 15 -6 17 -7 16 -7 17 -8 19 -3 14 2 1 0 0 0 0 0 0 0 0 ]
CSI_DATA,AP,68:FE:71:12:53:8C,-38,11,1,7,1,1,1,0,0,0,0,-96,0,6,1,57873494,0,84,0,0,57.873,384,[84 -64 4 0 0 0 0 0 0 0 0 0 0 -19 4 -21 3 -21 3 -20 1 -20 2 -20 7 -20 5 -21 8 -21 5 -17 8 -20 7 -18 5 -18 7 -18 6 -18 9 -20 8 -17 8 -16 8 -17 6 -17 8 -15 5 -19 5 -13 8 -19 6 -17 8 -17 2 1 7 -17 7 -18 6 -17 4 -16 4 -17 4 -18 5 -16 2 -16 5 -16 1 -15 4 -16 1 -15 5 -17 0 -18 2 -17 2 -15 3 -16 2 -16 0 -15 0 -15 0 -18 -1 -16 1 -15 -1 -16 1 -19 2 -15 -1 -2 0 0 0 0 0 0 0 0 ]
CSI_DATA,AP,68:FE:71:12:53:8C,-34,11,1,6,1,1,1,0,0,0,0,-93,0,6,1,58008752,0,84,0,0,58.009,384,[84 -64 4 0 0 0 0 0 0 0 0 0 -21 -2 -23 -2 -20 -2 -24 -6 -22 -4 -22 -6 -21 -9 -19 -5 -17 -8 -17 -9 -22 -7 -20 -10 -18 -7 -19 -6 -20 -7 -21 -10 -18 -7 -17 -8 -17 -7 -19 -8 -15 -9 -18 -9 -14 -10 -14 -10 -16 -10 -15 -10 0 -1 -17 -8 -18 -7 -17 -5 -18 -5 -18 -7 -16 -8 -18 -9 -17 -7 -15 -6 -14 -6 -18 -3 -17 -2 -18 -5 -15 -3 -17 -2 -16 -6 -16 -3 -16 -1 -17 -1 -16 -4 -16 -4 -18 -5 -16 -2 -16 -3 -16 -4 -17 -3 0 0 0 0 0 0 0 0 0 0 ]
CSI_DATA,AP,68:FE:71:12:53:8C,-31,11,1,7,1,1,1,0,0,0,0,-94,0,6,1,58135639,0,84,0,0,58.136,384,[84 -64 4 0 0 0 0 0 0 0 0 0 -5 20 -3 18 -3 19 -9 19 -6 19 -10 17 -9 18 -8 18 -8 20 -9 15 -10 19 -12 18 -11 17 -9 18 -11 16 -12 20 -9 16 -9 17 -9 13 -7 17 -11 14 -9 15 -10 13 -7 15 -9 17 -9 14 1 0 -7 14 -7 18 -9 14 -5 17 -6 13 -8 14 -7 16 -4 15 -6 13 -7 16 -5 18 -6 17 -3 14 -3 18 -3 13 -2 18 -3 15 -5 17 -3 15 0 17 -2 14 -5 18 -2 15 0 19 -3 15 -1 18 0 1 0 0 0 0 0 0 0 0 ]
CSI_DATA,AP,68:FE:71:12:53:8C,-35,11,1,5,1,1,1,0,0,0,0,-93,0,6,1,58263318,0,84,0,0,58.263,384,[-117 -80 8 0 0 0 0 0 0 0 0 0 1 15 0 13 2 10 -7 11 -3 4 -4 13 -3 12 1 6 1 10 7 8 -1 16 2 13 7 16 4 12 9 11 7 17 2 10 12 9 -3 12 0 14 8 9 9 12 9 9 3 11 8 3 5 13 1 -1 1 9 4 9 7 10 4 7 11 10 12 9 10 11 10 9 7 10 8 11 6 11 10 6 12 11 6 8 8 3 11 8 8 3 12 5 3 8 10 0 8 0 10 1 8 3 7 -2 6 2 8 5 -2 2 0 0 0 0 0 0 0 0 ]
CSI_DATA,AP,68:FE:71:12:53:8C,-33,11,1,7,1,1,1,0,0,0,0,-93,0,6,1,58424419,0,84,0,0,58.424,384,[84 -64 4 0 0 0 0 0 0 0 0 0 -15 17 -13 17 -14 15 -15 15 -13 17 -18 13 -17 14 -16 12 -16 13 -18 12 -19 13 -15 13 -19 10 -17 10 -15 12 -19 8 -19 11 -18 9 -16 11 -16 10 -18 10 -18 7 -13 10 -15 8 -18 8 -16 8 -2 -1 -17 8 -14 10 -15 13 -12 12 -12 10 -16 12 -14 13 -13 13 -11 11 -10 11 -14 13 -11 12 -10 12 -12 14 -11 12 -10 11 -13 13 -13 13 -11 14 -10 13 -13 13 -10 14 -12 16 -10 14 -10 12 -8 15 1 -1 0 0 0 0 0 0 0 0 ]
CSI_DATA,AP,68:FE:71:12:53:8C,-36,11,1,6,1,1,1,0,0,0,0,-94,0,6,1,58577281,0,84,0,0,58.577,384,[84 -64 4 0 0 0 0 0 0 0 0 0 22 8 20 7 20 9 21 6 21 9 20 7 18 10 16 9 17 8 19 10 17 12 18 12 16 10 18 11 16 10 19 11 17 9 17 7 14 9 15 8 14 7 14 11 13 11 13 7 18 8 14 8 -1 0 16 9 17 9 18 9 17 8 17 6 16 6 14 6 18 3 14 4 13 4 19 7 13 7 18 5 16 5 14 5 17 3 15 5 15 1 16 4 17 -1 16 4 18 0 17 3 15 -1 16 3 18 3 -2 -1 0 0 0 0 0 0 0 0 ]
CSI_DATA,AP,68:FE:71:12:53:8C,-36,11,1,5,1,1,1,1,0,0,0,-95,6,6,1,58696911,0,84,0,0,58.697,384,[84 -64 4 0 0 0 0 0 0 0 0 0 -12 20 -9 17 -12 22 -12 22 -13 21 -13 16 -16 19 -12 14 -12 15 -16 17 -18 15 -14 17 -16 13 -14 15 -15 15 -14 13 -15 14 -13 13 -14 15 -15 14 -15 12 -14 14 -12 12 -15 13 -16 15 -15 16 2 -1 -14 14 -13 14 -10 12 -8 14 -12 13 -10 13 -11 15 -10 14 -8 15 -10 15 -11 16 -7 14 -8 13 -9 14 -8 17 -9 15 -8 15 -8 18 -8 15 -7 17 -8 15 -8 15 -7 16 -8 15 -5 17 -4 14 0 -2 0 0 0 0 0 0 0 0 ]
CSI_DATA,AP,68:FE:71:12:53:8C,-41,11,1,6,1,1,1,0,0,0,0,-93,0,6,1,58834753,0,84,0,0,58.835,384,[84 -64 4 0 0 0 0 0 0 0 0 0 18 -10 17 -7 19 -7 19 -8 18 -6 18 -8 18 -4 20 -7 19 -7 19 -2 18 -2 20 -3 20 -4 18 -3 19 -5 20 -4 18 -1 16 -2 17 -1 17 -3 16 -1 15 -2 18 -2 16 -4 17 -2 15 -2 -1 0 14 -5 19 -2 15 -6 17 -4 17 -6 14 -3 15 -6 16 -6 15 -6 16 -5 16 -7 15 -3 15 -5 13 -4 16 -8 15 -7 17 -6 13 -7 15 -10 11 -11 15 -7 12 -9 16 -11 14 -8 14 -10 14 -7 2 2 0 0 0 0 0 0 0 0 ]
CSI_DATA,AP,68:FE:71:12:53:8C,-34,11,1,7,1,1,1,0,0,0,0,-93,0,6,1,59004409,0,84,0,0,59.004,384,[84 -64 4 0 0 0 0 0 0 0 0 0 1 22 -3 17 0 19 -5 20 -4 19 -4 21 -4 22 -3 16 -8 21 -6 16 -9 19 -7 19 -10 21 -6 18 -5 17 -8 21 -5 17 -5 18 -6 16 -5 16 -9 14 -5 14 -8 14 -7 17 -7 17 -7 16 -2 2 -4 17 -4 18 -6 15 -5 17 -6 15 -6 16 -5 17 -5 15 -1 17 -1 13 -3 16 -3 14 -3 16 -2 15 -3 14 -3 18 0 15 0 18 1 16 2 15 2 15 1 14 1 14 3 17 1 16 1 15 0 -2 0 0 0 0 0 0 0 0 ]
CSI_DATA,AP,68:FE:71:12:53:8C,-37,11,1,5,1,1,1,0,0,0,0,-93,0,6,1,59113638,0,84,0,0,59.114,384,[84 -64 4 0 0 0 0 0 0 0 0 0 -15 14 -17 11 -19 12 -19 12 -16 13 -17 11 -16 10 -16 10 -19 12 -16 10 -17 12 -20 9 -20 11 -21 7 -17 8 -19 8 -16 10 -19 9 -14 6 -19 6 -17 9 -17 8 -17 7 -15 7 -16 10 -18 7 2 -1 -16 8 -15 11 -14 7 -14 8 -12 7 -12 7 -16 9 -12 11 -13 7 -14 12 -15 12 -13 10 -14 12 -11 11 -12 13 -11 10 -15 10 -9 10 -11 13 -9 12 -14 10 -12 13 -12 11 -13 14 -11 14 -12 12 2 1 0 0 0 0 0 0 0 0 ]
CSI_DATA,AP,68:FE:71:12:53:8C,-31,11,1,7,1,1,1,0,0,0,0,-96,0,6,1,59265408,0,84,0,0,59.265,384,[84 -64 4 0 0 0 0 0 0 0 0 0 -19 -3 -20 1 -24 -1 -25 -2 -20 -2 -22 -6 -23 -6 -21 -6 -20 -8 -19 -7 -20 -8 -22 -5 -21 -9 -22 -8 -17 -5 -22 -6 -17 -8 -20 -5 -16 -6 -17 -6 -15 -10 -19 -5 -14 -6 -18 -8 -16 -9 -18 -6 0 0 -19 -4 -17 -5 -20 -7 -19 -5 -14 -3 -16 -5 -17 -5 -17 -6 -19 -6 -16 -1 -20 0 -18 -1 -17 -2 -16 -3 -18 -1 -19 1 -18 -1 -18 1 -16 -3 -15 1 -17 -2 -17 -2 -15 0 -20 -1 -16 0 -15 2 2 1 0 0 0 0 0 0 0 0 ]
CSI_DATA,AP,68:FE:71:12:53:8C,-39,11,1,6,1,1,1,0,0,0,0,-96,0,6,1,59381000,0,84,0,0,59.381,384,[84 -64 4 0 0 0 0 0 0 0 0 0 16 -11 17 -11 19 -11 21 -13 17 -10 20 -7 20 -7 20 -6 18 -8 20 -7 20 -9 17 -8 17 -8 20 -7 18 -6 21 -4 20 -7 19 -7 18 -7 19 -6 15 -6 15 -5 18 -6 18 -6 15 -7 18 -7 -2 1 16 -6 17 -8 14 -9 17 -9 14 -4 15 -5 16 -5 13 -5 16 -8 11 -10 13 -10 13 -7 11 -8 12 -7 13 -8 15 -12 14 -9 11 -11 11 -12 11 -10 13 -10 10 -11 13 -12 13 -14 12 -11 10 -14 -2 -1 0 0 0 0 0 0 0 0 ]
CSI_DATA,AP,68:FE:71:12:53:8C,-33,11,1,6,1,1,1,0,0,0,0,-94,0,6,1,59530972,0,84,0,0,59.531,384,[84 -64 4 0 0 0 0 0 0 0 0 0 -20 -14 -19 -10 -17 -14 -15 -14 -17 -13 -14 -15 -17 -13 -14 -16 -16 -17 -12 -17 -12 -15 -16 -17 -16 -17 -14 -17 -13 -15 -13 -15 -10 -13 -14 -13 -11 -13 -13 -15 -11 -17 -14 -17 -9 -15 -14 -15 -11 -15 -13 -12 2 0 -10 -11 -15 -14 -11 -14 -14 -13 -12 -12 -11 -10 -13 -10 -14 -11 -13 -9 -12 -11 -12 -12 -11 -9 -12 -8 -16 -11 -13 -11 -13 -11 -16 -9 -14 -8 -14 -10 -17 -9 -15 -8 -13 -9 -16 -6 -14 -7 -15 -6 -16 -4 -2 -2 0 0 0 0 0 0 0 0 ]
CSI_DATA,AP,68:FE:71:12:53:8C,-36,11,1,6,1,1,1,0,0,0,0,-94,0,6,1,59682307,0,84,0,0,59.682,384,[84 -64 4 0 0 0 0 0 0 0 0 0 6 16 7 17 5 20 8 22 3 21 6 21 4 17 1 17 3 18 4 17 5 20 2 18 2 21 3 21 1 17 2 17 0 19 0 15 2 19 2 17 1 16 -1 19 1 15 2 17 2 17 0 18 2 -1 3 14 2 18 5 18 6 14 1 17 3 16 5 14 4 14 6 12 5 11 6 16 4 16 7 14 7 13 6 14 5 13 5 13 7 13 9 12 8 12 10 15 7 15 9 12 8 12 10 12 8 13 2 2 0 0 0 0 0 0 0 0 ]
CSI_DATA,AP,68:FE:71:12:53:8C,-36,11,0,0,0,0,0,1,0,0,0,-95,3,6,1,59807249,0,37,0,0,59.807,128,[84 -64 4 0 0 0 0 0 0 0 0 0 12 17 14 13 15 16 15 16 12 15 13 18 10 18 11 19 12 15 7 19 8 20 8 19 10 20 10 18 5 19 7 18 6 16 4 15 5 19 6 19 6 17 7 18 7 13 6 19 9 18 5 15 0 -1 9 17 8 17 10 16 6 12 7 14 6 17 8 14 8 12 6 12 8 13 8 15 8 11 8 13 7 14 11 12 11 15 10 12 12 13 10 13 11 9 12 14 10 14 9 13 10 14 12 13 11 10 -2 0 0 0 0 0 0 0 0 0 ]
CSI_DATA,AP,68:FE:71:12:53:8C,-32,11,1,7,1,1,1,0,0,0,0,-93,0,6,1,59951533,0,84,0,0,59.952,384,[84 -64 4 0 0 0 0 0 0 0 0 0 8 15 8 17 7 18 9 20 6 17 7 16 8 20 8 20 5 20 7 19 7 18 5 19 6 18 4 21 3 19 3 19 2 20 3 17 3 17 3 17 4 15 2 17 3 14 2 19 1 18 5 14 0 0 2 16 6 14 2 15 5 14 6 13 4 13 6 16 7 14 7 13 7 12 7 16 6 12 7 13 7 15 4 16 7 13 8 13 7 14 10 11 7 11 7 15 11 13 9 13 9 10 12 11 10 11 -1 -1 0 0 0 0 0 0 0 0 ]
CSI_DATA,AP,68:FE:71:12:53:8C,-39,11,0,0,0,0,0,0,0,0,0,-94,0,6,1,60085362,0,37,0,0,60.085,128,[84 -64 4 0 0 0 0 0 0 0 0 0 19 9 17 10 18 10 15 9 17 8 14 12 17 11 15 9 12 9 15 9 16 13 13 9 13 11 13 13 11 14 15 14 11 9 13 9 11 9 12 11 11 9 11 10 12 11 13 9 11 10 10 12 0 0 14 9 12 12 12 9 14 8 14 10 14 10 12 9 14 8 12 8 11 7 15 6 12 6 14 5 11 8 14 5 15 3 13 7 13 5 14 7 15 2 12 7 15 4 15 4 14 1 13 1 14 2 -2 -1 0 0 0 0 0 0 0 0 ]
CSI_DATA,AP,68:FE:71:12:53:8C,-37,11,1,5,1,1,1,0,0,0,0,-95,0,6,1,60229133,0,84,0,0,60.229,384,[84 -64 4 0 0 0 0 0 0 0 0 0 13 11 15 9 16 11 17 10 16 9 14 13 12 13 14 11 14 12 11 10 12 12 13 13 14 15 14 13 9 13 11 12 8 11 8 12 10 12 12 12 11 14 9 14 8 12 11 11 9 10 12 13 -1 -2 8 10 11 9 13 11 11 7 9 11 9 9 11 10 9 9 13 10 12 5 11 9 10 6 10 7 13 5 11 9 15 8 15 8 13 5 12 6 10 4 15 4 11 7 15 5 16 3 12 6 12 2 0 -2 0 0 0 0 0 0 0 0 ]
CSI_DATA,AP,68:FE:71:12:53:8C,-35,11,1,5,1,1,1,0,0,0,0,-94,0,6,1,60391454,0,84,0,0,60.391,384,[84 -64 4 0 0 0 0 0 0 0 0 0 9 4 8 5 7 3 7 6 6 7 9 3 8 5 7 7 7 8 6 4 6 7 8 6 5 7 5 6 4 7 6 5 5 4 3 5 4 8 7 6 6 4 7 5 5 4 3 7 7 8 7 7 -2 1 7 6 5 6 8 7 4 2 6 5 4 4 5 5 7 4 7 4 6 2 5 5 7 6 5 3 5 3 8 5 6 5 6 2 9 5 5 1 5 2 7 5 9 3 7 2 8 5 6 4 6 4 -1 1 0 0 0 0 0 0 0 0 ]
CSI_DATA,AP,68:FE:71:12:53:8C,-41,11,1,5,1,1,1,0,0,0,0,-94,0,6,1,60499404,0,84,0,0,60.499,384,[84 -64 4 0 0 0 0 0 0 0 0 0 5 -15 8 -16 9 -18 7 -15 10 -15 8 -13 9 -13 10 -12 11 -15 9 -11 8 -13 13 -13 12 -14 10 -13 13 -13 9 -14 11 -14 8 -10 8 -11 11 -12 11 -13 12 -9 8 -8 8 -14 10 -14 11 -14 0 2 8 -12 6 -12 10 -12 9 -12 8 -11 7 -15 7 -12 5 -11 5 -12 8 -13 7 -15 8 -10 6 -11 7 -15 4 -12 4 -14 6 -14 6 -15 4 -16 6 -13 5 -15 3 -13 2 -13 4 -17 3 -16 5 -16 -1 1 0 0 0 0 0 0 0 0 ]
CSI_DATA,AP,68:FE:71:12:53:8C,-32,11,1,6,1,1,1,0,0,0,0,-94,0,6,1,60655016,0,84,0,0,60.655,384,[84 -64 4 0 0 0 0 0 0 0 0 0 -9 8 -11 11 -9 12 -12 9 -10 11 -12 6 -11 8 -10 6 -14 10 -12 5 -11 8 -14 8 -15 6 -13 9 -13 6 -12 5 -13 8 -11 3 -11 7 -11 8 -9 5 -12 5 -11 4 -13 5 -11 7 -9 5 0 0 -8 6 -12 6 -9 7 -12 8 -8 7 -8 6 -10 8 -8 8 -8 5 -8 6 -8 6 -8 8 -7 5 -6 6 -9 9 -6 7 -7 9 -8 7 -7 8 -8 6 -9 6 -6 6 -6 10 -8 11 -7 11 -8 10 2 -1 0 0 0 0 0 0 0 0 ]
CSI_DATA,AP,68:FE:71:12:53:8C,-35,11,1,6,1,1,1,0,0,0,0,-95,0,6,1,60793565,0,84,0,0,60.794,384,[84 -64 4 0 0 0 0 0 0 0 0 0 9 -1 5 3 8 0 9 1 8 1 7 2 7 2 8 5 9 5 9 2 9 1 7 2 6 2 7 3 6 1 5 5 5 2 8 5 5 5 5 3 6 4 8 2 8 5 8 3 7 3 5 5 0 2 6 1 6 1 5 1 8 3 8 1 7 3 5 2 4 0 7 1 5 1 9 0 4 0 7 1 6 2 5 2 7 1 9 4 9 2 6 3 8 -1 7 0 9 0 7 2 8 -1 8 0 7 1 -1 2 0 0 0 0 0 0 0 0 ]
CSI_DATA,AP,68:FE:71:12:53:8C,-40,11,1,6,1,1,1,0,0,0,0,-93,0,6,1,60928736,0,84,0,0,60.929,384,[84 -64 4 0 0 0 0 0 0 0 0 0 -10 -19 -11 -20 -9 -18 -11 -23 -8 -19 -8 -20 -4 -19 -6 -22 -6 -22 -3 -21 -4 -21 -5 -23 -6 -23 -3 -20 -1 -20 -6 -19 -5 -19 -5 -20 -3 -20 -1 -18 -4 -17 -4 -20 -4 -15 0 -17 -1 -18 -4 -16 1 -1 -3 -15 -2 -15 -3 -19 -4 -15 -3 -17 -5 -17 -6 -19 -4 -16 -7 -16 -6 -14 -8 -17 -5 -16 -7 -15 -5 -16 -6 -14 -9 -13 -10 -15 -10 -14 -7 -12 -7 -14 -6 -15 -9 -13 -9 -14 -10 -14 -10 -15 -10 -11 1 2 0 0 0 0 0 0 0 0 ]
CSI_DATA,AP,68:FE:71:12:53:8C,-35,11,1,5,1,1,1,0,0,0,0,-94,0,6,1,61058064,0,84,0,0,61.058,384,[84 -64 4 0 0 0 0 0 0 0 0 0 3 -11 -1 -11 2 -11 4 -11 3 -11 4 -10 3 -9 3 -9 4 -12 4 -9 4 -12 3 -9 4 -10 4 -9 1 -9 3 -7 3 -9 3 -9 4 -9 4 -9 3 -9 0 -6 0 -9 1 -6 4 -9 2 -8 -1 -2 3 -6 -1 -6 1 -8 -2 -5 -2 -6 2 -7 3 -8 -2 -9 2 -6 -3 -5 1 -5 -1 -5 1 -5 -3 -7 0 -7 -3 -8 0 -8 0 -7 0 -9 -2 -5 0 -8 -4 -7 -3 -6 -1 -10 -5 -10 -5 -7 -1 1 0 0 0 0 0 0 0 0 ]
CSI_DATA,AP,68:FE:71:12:53:8C,-38,11,1,6,1,1,1,0,0,0,0,-95,0,6,1,61193992,0,84,0,0,61.194,384,[84 -64 4 0 0 0 0 0 0 0 0 0 7 28 5 26 4 28 4 29 1 27 -1 21 2 23 1 19 1 21 -3 22 0 23 1 23 0 22 -2 18 -1 17 -2 20 0 19 -1 17 -1 14 0 16 0 16 -1 14 0 13 0 14 0 15 1 14 -2 -1 5 13 4 12 2 12 3 12 4 10 7 10 4 9 3 10 7 8 5 10 8 8 4 12 5 11 8 10 10 11 7 10 9 10 7 8 11 9 9 6 12 9 8 8 10 7 12 7 13 7 12 8 -2 1 0 0 0 0 0 0 0 0 ]
CSI_DATA,AP,68:FE:71:12:53:8C,-37,11,1,5,1,1,1,0,0,0,0,-94,0,6,1,61331870,0,84,0,0,61.332,384,[84 -64 4 0 0 0 0 0 0 0 0 0 21 -25 19 -23 21 -27 23 -27 23 -22 23 -19 20 -18 23 -17 21 -18 20 -19 21 -19 22 -15 22 -15 18 -17 19 -12 19 -16 17 -11 14 -13 16 -12 16 -13 12 -13 11 -12 10 -12 14 -14 12 -14 12 -12 -2 0 7 -12 10 -15 10 -12 6 -14 5 -12 7 -14 3 -12 6 -14 3 -11 4 -10 2 -16 0 -10 1 -13 -1 -11 2 -15 -3 -11 -3 -12 -2 -13 -3 -10 -1 -10 -1 -10 -5 -13 -2 -11 -3 -13 -3 -11 -3 -11 0 0 0 0 0 0 0 0 0 0 ]
CSI_DATA,AP,68:FE:71:12:53:8C,-37,11,1,6,1,1,1,0,0,0,0,-95,0,6,1,61457174,0,84,0,0,61.457,384,[84 -64 4 0 0 0 0 0 0 0 0 0 -12 8 -15 8 -13 5 -14 8 -13 7 -13 7 -14 5 -13 6 -15 7 -15 3 -13 7 -16 4 -13 4 -11 5 -12 6 -16 6 -11 2 -14 7 -14 7 -10 5 -14 3 -13 7 -10 6 -11 5 -10 4 -11 5 2 1 -11 8 -11 5 -11 9 -11 8 -12 7 -9 8 -11 6 -11 6 -8 7 -13 9 -12 9 -10 9 -12 10 -11 11 -12 8 -13 10 -10 8 -8 9 -10 8 -10 9 -12 10 -12 11 -11 8 -11 11 -8 12 -10 10 1 0 0 0 0 0 0 0 0 0 ]
CSI_DATA,AP,68:FE:71:12:53:8C,-33,11,1,7,1,1,1,0,0,0,0,-95,0,6,1,61603857,0,84,0,0,61.604,384,[84 -64 4 0 0 0 0 0 0 0 0 0 5 20 3 19 1 17 1 19 2 17 -2 16 -4 21 -1 20 -2 18 0 20 -2 18 0 18 -1 20 -1 17 -6 18 -4 19 -3 18 -4 14 -4 15 -5 14 -4 15 -5 16 -5 13 -5 15 -5 17 -2 14 -1 -1 -5 15 -1 14 -4 14 -2 15 -3 14 -2 13 -4 16 -2 13 -3 14 -2 14 -2 13 -1 11 -1 14 1 14 0 13 -1 16 0 16 0 12 1 14 3 11 0 11 4 12 2 11 5 15 4 13 4 10 -2 2 0 0 0 0 0 0 0 0 ]
CSI_DATA,AP,68:FE:71:12:53:8C,-37,11,1,7,1,1,1,0,0,0,0,-94,0,6,1,61732128,0,84,0,0,61.732,384,[84 -64 4 0 0 0 0 0 0 0 0 0 -16 8 -14 7 -20 8 -20 8 -18 8 -20 10 -19 9 -21 8 -24 9 -22 7 -21 9 -24 5 -24 7 -21 6 -25 5 -26 7 -23 6 -21 3 -20 4 -20 3 -22 4 -25 2 -22 1 -23 3 -21 5 -24 4 -2 2 -19 2 -21 3 -23 3 -19 8 -22 3 -22 6 -23 2 -19 5 -20 6 -18 9 -18 8 -21 8 -18 8 -21 7 -20 10 -17 8 -18 9 -16 11 -21 12 -18 12 -17 11 -21 9 -17 13 -21 11 -20 11 -18 11 0 -1 0 0 0 0 0 0 0 0 ]
CSI_DATA,AP,68:FE:71:12:53:8C,-37,11,1,7,1,1,1,0,0,0,0,-93,0,6,1,61840658,0,84,0,0,61.841,384,[84 -64 4 0 0 0 0 0 0 0 0 0 -8 1 -9 2 -8 2 -7 -1 -7 -1 -8 -3 -7 0 -10 -3 -10 -3 -8 -1 -7 1 -7 -2 -8 -1 -9 -3 -7 -3 -10 -4 -11 0 -11 -3 -7 0 -9 -1 -10 -3 -7 -4 -7 -3 -10 -3 -10 -2 -11 -5 -2 0 -11 -1 -7 -3 -6 -4 -9 -2 -10 -1 -9 -5 -8 -1 -8 -1 -10 1 -10 0 -9 0 -8 -1 -10 -2 -8 0 -10 2 -9 0 -10 -3 -10 0 -6 2 -8 2 -10 -1 -8 1 -7 -1 -8 0 -8 -2 -10 1 -2 -2 0 0 0 0 0 0 0 0 ]
CSI_DATA,AP,68:FE:71:12:53:8C,-33,11,1,7,1,1,1,0,0,0,0,-95,0,6,1,61996737,0,84,0,0,61.997,384,[84 -64 4 0 0 0 0 0 0 0 0 0 -19 -5 -21 -6 -20 -4 -23 -4 -20 -8 -21 -6 -20 -5 -17 -7 -22 -10 -18 -10 -21 -6 -19 -9 -20 -8 -18 -8 -16 -8 -21 -9 -20 -9 -16 -9 -19 -7 -16 -8 -17 -9 -18 -7 -13 -6 -16 -8 -15 -9 -16 -7 0 2 -18 -7 -19 -8 -15 -4 -15 -7 -16 -4 -16 -5 -18 -6 -14 -4 -18 -2 -15 -1 -16 -2 -15 -3 -16 -2 -18 -1 -18 -3 -18 1 -19 -3 -18 1 -17 0 -16 0 -14 -2 -15 1 -18 1 -15 1 -16 1 -17 -1 1 -1 0 0 0 0 0 0 0 0 ]
CSI_DATA,AP,68:FE:71:12:53:8C,-38,11,1,7,1,1,1,0,0,0,0,-93,0,6,1,62161782,0,84,0,0,62.162,384,[84 -64 4 0 0 0 0 0 0 0 0 0 -3 17 -6 20 -3 17 -7 18 -6 17 -4 19 -9 17 -7 18 -10 17 -8 17 -10 19 -11 15 -9 15 -11 18 -8 18 -11 14 -9 15 -9 15 -11 14 -10 15 -6 15 -7 16 -6 12 -7 16 -10 12 -10 14 1 1 -8 14 -6 16 -9 12 -8 12 -5 16 -6 13 -3 14 -3 14 -5 14 -7 14 -6 15 -4 16 -2 14 -5 15 -2 16 -4 17 -3 15 -4 17 -4 14 -2 13 -4 16 1 14 0 15 0 13 -1 13 -3 15 -2 0 0 0 0 0 0 0 0 0 ]
CSI_DATA,AP,68:FE:71:12:53:8C,-31,11,1,7,1,1,1,0,0,0,0,-95,0,6,1,62294024,0,84,0,0,62.294,384,[84 -64 4 0 0 0 0 0 0 0 0 0 18 0 15 -2 19 1 18 2 16 2 18 0 19 2 17 5 16 1 16 1 15 1 14 5 18 4 17 6 13 4 13 3 15 5 12 6 16 5 16 6 13 5 16 5 13 2 13 6 12 3 14 4 -1 -2 13 3 11 4 15 3 15 1 11 4 13 2 13 4 15 1 12 2 14 4 14 0 14 4 11 2 12 1 12 1 15 -1 12 -1 15 -3 15 -3 13 -2 16 -2 13 0 13 -2 15 -2 12 0 13 -3 -2 -2 0 0 0 0 0 0 0 0 ]
CSI_DATA,AP,68:FE:71:12:53:8C,-37,11,1,6,1,1,1,0,0,0,0,-95,0,6,1,62429441,0,84,0,0,62.429,384,[84 -64 4 0 0 0 0 0 0 0 0 0 -18 -5 -18 -3 -22 -5 -19 -7 -21 -4 -19 -8 -18 -5 -18 -5 -19 -6 -17 -7 -20 -9 -19 -10 -19 -10 -16 -11 -18 -9 -18 -9 -17 -7 -15 -9 -15 -7 -16 -6 -15 -8 -13 -9 -13 -5 -16 -8 -16 -8 -16 -5 2 2 -17 -6 -16 -3 -15 -7 -15 -5 -13 -7 -14 -3 -14 -3 -17 -2 -13 -5 -16 -3 -15 -2 -13 0 -15 -1 -14 0 -13 -1 -16 1 -18 -2 -15 -2 -18 -3 -14 -2 -17 -1 -17 -2 -18 -1 -15 1 -14 1 -14 0 1 -1 0 0 0 0 0 0 0 0 ]
CSI_DATA,AP,68:FE:71:12:53:8C,-40,11,1,4,1,1,1,0,0,0,0,-95,0,6,1,62556934,0,84,0,0,62.557,384,[84 -64 4 0 0 0 0 0 0 0 0 0 29 -15 27 -15 27 -13 31 -15 29 -13 30 -13 30 -12 28 -9 28 -9 29 -11 29 -9 29 -9 31 -6 26 -6 26 -8 30 -7 28 -9 26 -7 26 -8 27 -8 25 -9 26 -10 22 -7 26 -5 23 -7 25 -5 -2 -2 23 -10 22 -7 24 -9 24 -10 22 -10 21 -12 20 -12 19 -12 20 -11 21 -11 20 -10 18 -10 19 -15 18 -11 19 -14 21 -16 23 -14 18 -15 19 -15 20 -16 21 -13 16 -18 19 -14 19 -15 18 -17 17 -18 -2 -2 0 0 0 0 0 0 0 0 ]
CSI_DATA,AP,68:FE:71:12:53:8C,-37,11,1,6,1,1,1,1,0,0,0,-94,6,6,1,62710482,0,84,0,0,62.71,384,[84 -64 4 0 0 0 0 0 0 0 0 0 20 5 17 5 20 9 20 9 18 8 18 11 14 12 17 11 15 11 17 9 18 10 16 9 18 9 13 10 13 13 12 12 13 10 12 10 15 10 14 11 14 9 15 12 14 7 14 9 11 10 11 7 1 2 15 6 15 6 11 6 13 8 14 7 13 8 15 10 11 9 11 7 13 6 15 7 12 5 15 3 14 6 12 3 15 4 16 6 14 4 15 2 16 3 14 1 15 6 15 5 16 0 14 1 17 1 2 2 0 0 0 0 0 0 0 0 ]
CSI_DATA,AP,68:FE:71:12:53:8C,-38,11,1,6,1,1,1,0,0,0,0,-95,0,6,1,62860500,0,84,0,0,62.861,384,[84 -64 4 0 0 0 0 0 0 0 0 0 16 12 14 10 16 15 12 16 11 14 12 13 13 15 14 17 12 16 10 16 9 16 12 15 11 15 11 16 8 14 11 15 7 15 10 15 7 14 9 12 9 15 11 13 8 14 7 15 9 15 10 16 2 -2 8 14 9 13 11 14 7 13 8 14 10 13 10 12 11 13 11 9 9 12 11 9 12 12 10 12 12 12 12 10 11 12 12 12 12 9 11 9 14 11 13 10 10 7 15 10 15 9 14 6 14 9 1 0 0 0 0 0 0 0 0 0 ]
CSI_DATA,AP,68:FE:71:12:53:8C,-33,11,1,6,1,1,1,0,0,0,0,-96,0,6,1,63016407,0,84,0,0,63.016,384,[84 -64 4 0 0 0 0 0 0 0 0 0 8 44 13 41 -6 49 -13 64 3 52 0 47 -8 51 -1 35 -2 55 -4 50 -25 59 -26 70 -21 63 -28 58 -14 51 -37 63 -39 46 -14 30 -18 48 -21 44 -15 50 -34 51 -16 39 -27 47 -35 54 -25 46 -1 -2 -31 50 -16 57 -25 53 -21 60 -20 46 -19 52 -26 55 -14 45 -17 47 -9 46 -9 56 1 50 -1 48 -7 52 -15 50 -8 54 -15 55 3 55 -5 54 4 52 -6 50 -1 57 0 56 5 54 0 53 5 47 -1 -2 0 0 0 0 0 0 0 0 ]
CSI_DATA,AP,68:FE:71:12:53:8C,-37,11,1,7,1,1,1,1,0,0,0,-94,5,6,1,63148398,0,84,0,0,63.148,384,[84 -64 4 0 0 0 0 0 0 0 0 0 -16 14 -14 11 -17 9 -14 11 -17 10 -17 8 -16 10 -14 10 -18 8 -15 8 -18 8 -17 7 -14 9 -18 7 -14 8 -17 9 -15 9 -14 7 -17 6 -15 4 -13 5 -17 4 -12 7 -14 5 -14 7 -13 7 -2 1 -15 8 -11 7 -14 9 -15 7 -15 8 -13 7 -13 6 -10 9 -14 6 -10 10 -12 9 -12 6 -12 7 -13 8 -10 10 -13 9 -10 8 -12 10 -11 8 -9 9 -8 11 -9 10 -11 10 -8 12 -10 10 -11 12 2 -2 0 0 0 0 0 0 0 0 ]
CSI_DATA,AP,68:FE:71:12:53:8C,-39,11,1,5,1,1,1,0,0,0,0,-95,0,6,1,63265624,0,84,0,0,63.266,384,[84 -64 4 0 0 0 0 0 0 0 0 0 2 -21 -1 -17 4 -17 1 -18 4 -16 1 -20 3 -17 3 -20 3 -17 5 -19 3 -19 5 -15 3 -15 5 -16 7 -18 6 -14 8 -13 6 -14 4 -16 5 -16 3 -17 4 -16 3 -13 5 -13 7 -14 3 -13 0 0 4 -16 2 -12 5 -14 3 -13 1 -16 4 -14 1 -12 1 -12 3 -16 4 -16 1 -12 -1 -15 3 -15 -1 -14 0 -15 3 -12 1 -17 -2 -14 0 -14 -2 -14 1 -13 -2 -15 1 -16 -3 -14 -1 -16 -3 -13 2 -2 0 0 0 0 0 0 0 0 ]
CSI_DATA,AP,68:FE:71:12:53:8C,-35,11,1,5,1,1,1,0,0,0,0,-94,0,6,1,63376209,0,84,0,0,63.376,384,[84 -64 4 0 0 0 0 0 0 0 0 0 -8 5 -7 6 -8 5 -11 6 -9 5 -9 2 -11 5 -7 3 -9 5 -7 5 -10 4 -12 0 -10 0 -9 2 -8 4 -10 4 -9 0 -9 3 -7 4 -11 0 -7 1 -9 2 -9 0 -11 4 -6 0 -7 2 0 2 -10 1 -8 1 -6 0 -10 0 -8 2 -9 1 -9 2 -8 4 -7 1 -7 3 -9 2 -7 4 -9 3 -6 5 -8 5 -5 3 -8 3 -5 3 -5 5 -9 6 -9 4 -8 4 -4 5 -6 2 -8 4 -6 5 -2 0 0 0 0 0 0 0 0 0 ]
CSI_DATA,AP,68:FE:71:12:53:8C,-32,11,1,7,1,1,1,1,0,0,0,-95,3,6,1,63484941,0,84,0,0,63.485,384,[84 -64 4 0 0 0 0 0 0 0 0 0 -21 1 -19 0 -22 0 -20 1 -22 -3 -21 -2 -22 -3 -21 0 -19 -3 -21 -5 -20 -2 -19 -4 -17 -3 -17 -3 -18 -5 -19 -5 -16 -2 -17 -6 -17 -2 -15 -5 -19 -6 -15 -3 -14 -5 -17 -2 -16 -4 -15 -6 2 0 -16 -1 -15 -3 -17 -2 -15 -1 -16 -2 -18 -1 -15 0 -14 -4 -15 1 -13 -2 -16 -1 -13 -1 -16 2 -17 1 -17 -1 -17 1 -14 1 -17 3 -17 3 -15 1 -14 2 -16 1 -18 3 -14 2 -16 4 -14 5 -2 -2 0 0 0 0 0 0 0 0 ]
CSI_DATA,AP,68:FE:71:12:53:8C,-36,11,1,7,1,1,1,0,0,0,0,-96,0,6,1,63598948,0,84,0,0,63.599,384,[84 -64 4 0 0 0 0 0 0 0 0 0 6 8 7 11 4 8 4 8 4 7 2 7 4 9 1 10 3 10 3 9 3 10 1 11 1 9 1 10 4 8 3 9 2 10 1 8 0 8 3 7 3 8 2 8 2 7 0 7 1 6 0 7 -1 2 4 6 4 7 3 7 0 7 0 5 2 8 0 10 2 5 5 7 3 5 5 6 1 6 2 7 2 9 5 8 4 6 2 5 4 7 6 4 2 8 3 6 6 8 3 7 6 6 4 7 5 4 1 2 0 0 0 0 0 0 0 0 ]
CSI_DATA,AP,68:FE:71:12:53:8C,-34,11,1,6,1,1,1,0,0,0,0,-95,0,6,1,63721456,0,84,0,0,63.721,384,[84 -64 4 0 0 0 0 0 0 0 0 0 -1 20 -3 20 -3 18 -3 19 -2 17 -1 18 -5 16 -3 20 -6 16 -5 20 -5 17 -6 17 -6 18 -5 20 -7 16 -8 15 -8 18 -5 13 -8 15 -6 18 -7 15 -3 17 -4 13 -5 13 -3 15 -7 16 2 0 -6 13 -2 15 -6 15 -1 15 -2 16 -2 14 -4 15 -3 16 -2 14 0 16 -1 14 -2 17 0 13 1 14 -1 13 -1 14 2 14 3 16 -1 15 3 14 2 13 3 14 1 12 0 15 4 14 1 15 1 2 0 0 0 0 0 0 0 0 ]
CSI_DATA,AP,68:FE:71:12:53:8C,-33,11,1,7,1,1,1,0,0,0,0,-96,0,6,1,63836804,0,84,0,0,63.837,384,[84 -64 4 0 0 0 0 0 0 0 0 0 -8 -17 -7 -21 -10 -22 -10 -22 -6 -21 -7 -21 -6 -21 -4 -17 -2 -21 -2 -17 -3 -18 -4 -21 -2 -19 -2 -19 -4 -18 -5 -21 -2 -18 -2 -18 -3 -20 -2 -18 -1 -19 -4 -20 -1 -15 0 -15 -1 -19 -4 -19 2 2 -3 -17 -1 -19 -2 -19 -6 -14 -4 -17 -3 -18 -3 -16 -5 -18 -4 -14 -7 -16 -7 -15 -4 -13 -4 -18 -8 -15 -4 -14 -9 -13 -5 -13 -8 -16 -7 -15 -9 -13 -5 -16 -8 -13 -6 -14 -8 -17 -9 -14 -6 -13 -1 2 0 0 0 0 0 0 0 0 ]
CSI_DATA,AP,68:FE:71:12:53:8C,-35,11,1,6,1,1,1,0,0,0,0,-95,0,6,1,63975806,0,84,0,0,63.976,384,[84 -64 4 0 0 0 0 0 0 0 0 0 -15 14 -12 11 -15 16 -15 12 -16 13 -17 13 -14 13 -16 12 -13 12 -17 11 -17 11 -19 7 -15 8 -16 9 -18 8 -14 9 -15 8 -16 6 -13 10 -16 10 -16 6 -16 7 -16 9 -17 8 -14 10 -12 7 -1 2 -14 7 -11 8 -12 11 -15 11 -10 9 -11 11 -13 11 -14 12 -10 10 -13 11 -13 13 -9 9 -11 10 -10 12 -12 12 -11 13 -11 10 -11 11 -10 12 -10 15 -9 15 -7 15 -7 15 -10 16 -11 13 -6 11 2 -2 0 0 0 0 0 0 0 0 ]
CSI_DATA,AP,68:FE:71:12:53:8C,-37,11,1,6,1,1,1,0,0,0,0,-93,0,6,1,64127724,0,84,0,0,64.128,384,[84 -64 4 0 0 0 0 0 0 0 0 0 -12 12 -15 10 -12 11 -14 9 -12 12 -14 10 -16 8 -16 7 -12 9 -17 9 -16 8 -16 6 -15 6 -14 5 -14 4 -16 7 -16 8 -14 8 -15 6 -15 5 -15 7 -12 8 -13 4 -11 3 -11 4 -13 4 2 1 -13 5 -13 9 -13 6 -14 5 -13 8 -10 6 -12 5 -12 7 -9 8 -9 8 -9 8 -11 9 -10 10 -10 6 -8 6 -11 11 -8 10 -11 9 -9 10 -11 10 -10 10 -9 10 -11 12 -9 10 -10 8 -7 11 1 2 0 0 0 0 0 0 0 0 ]
CSI_DATA,AP,68:FE:71:12:53:8C,-36,11,1,7,1,1,1,0,0,0,0,-94,0,6,1,64302309,0,84,0,0,64.302,384,[84 -64 4 0 0 0 0 0 0 0 0 0 -18 -15 -17 -16 -16 -13 -15 -15 -17 -16 -14 -16 -12 -14 -11 -18 -12 -16 -12 -15 -10 -18 -14 -17 -10 -18 -13 -16 -12 -19 -11 -18 -10 -16 -11 -16 -10 -15 -9 -16 -9 -18 -10 -14 -10 -14 -9 -15 -10 -14 -12 -13 1 -2 -12 -15 -13 -14 -10 -16 -11 -14 -12 -14 -13 -14 -10 -12 -11 -13 -14 -10 -13 -12 -11 -13 -10 -14 -15 -13 -11 -10 -13 -13 -15 -11 -13 -13 -13 -8 -16 -8 -14 -8 -16 -12 -12 -11 -13 -11 -17 -7 -13 -9 -17 -9 1 -1 0 0 0 0 0 0 0 0 ]
CSI_DATA,AP,68:FE:71:12:53:8C,-37,11,1,5,1,1,1,0,0,0,0,-94,0,6,1,64459166,0,84,0,0,64.459,384,[84 -64 4 0 0 0 0 0 0 0 0 0 -22 -2 -24 -3 -25 -6 -25 -4 -24 -6 -22 -8 -20 -7 -20 -6 -21 -10 -19 -10 -23 -9 -22 -7 -23 -7 -19 -7 -18 -11 -19 -10 -16 -10 -18 -9 -17 -8 -19 -7 -18 -8 -18 -7 -19 -11 -16 -8 -18 -9 -20 -6 -2 1 -16 -7 -17 -9 -18 -5 -17 -7 -16 -6 -20 -6 -18 -8 -17 -7 -16 -3 -16 -4 -19 -4 -15 -6 -18 -1 -18 -4 -19 -5 -17 -1 -20 -1 -17 1 -20 0 -18 2 -18 -1 -17 -1 -16 -2 -19 -1 -20 2 -18 3 1 -1 0 0 0 0 0 0 0 0 ]
CSI_DATA,AP,68:FE:71:12:53:8C,-34,11,1,7,1,1,1,1,0,0,0,-93,2,6,1,64577409,0,84,0,0,64.577,384,[84 -64 4 0 0 0 0 0 0 0 0 0 13 -19 13 -19 14 -17 16 -18 15 -16 14 -17 17 -18 18 -17 17 -15 18 -14 18 -15 16 -15 19 -13 17 -15 18 -12 15 -12 14 -14 14 -13 18 -13 17 -14 15 -13 14 -11 16 -10 15 -10 14 -13 14 -11 1 1 15 -11 16 -11 13 -13 13 -11 11 -11 11 -14 14 -10 14 -11 13 -12 9 -12 11 -12 12 -14 9 -14 9 -15 12 -15 10 -15 12 -17 8 -16 11 -15 5 -13 11 -13 6 -14 8 -18 7 -17 6 -18 7 -17 -2 -2 0 0 0 0 0 0 0 0 ]
CSI_DATA,AP,68:FE:71:12:53:8C,-33,11,1,7,1,1,1,0,0,0,0,-94,0,6,1,64682964,0,84,0,0,64.683,384,[84 -64 4 0 0 0 0 0 0 0 0 0 -6 18 -7 19 -9 18 -10 22 -10 19 -10 19 -12 20 -12 17 -13 19 -9 16 -10 18 -13 18 -13 19 -13 17 -11 16 -12 16 -12 16 -12 12 -15 15 -11 16 -15 14 -10 14 -12 15 -14 15 -11 16 -10 16 -1 0 -13 16 -9 15 -11 14 -11 12 -12 14 -11 17 -8 16 -7 15 -11 17 -9 15 -10 18 -9 14 -8 16 -8 17 -8 15 -9 15 -6 18 -7 15 -5 18 -6 17 -5 17 -5 17 -5 14 -4 18 -6 16 -6 17 2 1 0 0 0 0 0 0 0 0 ]
CSI_DATA,AP,68:FE:71:12:53:8C,-35,11,1,7,1,1,1,0,0,0,0,-95,0,6,1,64805041,0,84,0,0,64.805,384,[84 -64 4 0 0 0 0 0 0 0 0 0 -7 -21 -7 -22 -8 -21 -8 -21 -5 -21 -3 -20 -1 -23 -5 -20 -1 -20 -2 -22 -3 -20 0 -21 -1 -21 0 -23 -1 -21 -2 -23 0 -20 -3 -21 0 -21 0 -19 2 -18 -3 -21 -1 -17 -3 -18 -2 -19 -2 -19 -2 0 -3 -16 -2 -17 -4 -19 -2 -19 -1 -17 -3 -16 -5 -17 -3 -19 -3 -17 -7 -15 -6 -17 -5 -17 -4 -17 -5 -15 -7 -18 -8 -17 -8 -20 -8 -16 -8 -16 -6 -14 -5 -15 -9 -17 -8 -17 -10 -17 -6 -17 -11 -13 -1 0 0 0 0 0 0 0 0 0 ]
CSI_DATA,AP,68:FE:71:12:53:8C,-38,11,1,5,1,1,1,0,0,0,0,-95,0,6,1,64930851,0,84,0,0,64.931,384,[84 -64 4 0 0 0 0 0 0 0 0 0 19 2 23 1 19 1 24 3 23 3 19 4 18 4 21 7 18 4 19 5 18 4 19 8 22 6 20 7 17 6 17 10 16 9 16 6 16 8 17 8 18 9 19 9 17 4 18 7 17 5 18 8 -1 2 15 4 16 7 19 7 14 5 16 4 17 5 17 6 16 5 18 5 18 3 16 2 18 1 19 2 19 1 18 0 20 1 17 1 17 -1 16 -1 18 -2 17 -1 16 0 16 -2 16 -3 17 -1 16 -4 -1 -1 0 0 0 0 0 0 0 0 ]
CSI_DATA,AP,68:FE:71:12:53:8C,-37,11,1,5,1,1,1,0,0,0,0,-96,0,6,1,65067130,0,84,0,0,65.067,384,[84 -64 4 0 0 0 0 0 0 0 0 0 -5 -21 -5 -20 -7 -23 -4 -22 -2 -19 -2 -22 -1 -20 -3 -21 1 -19 -2 -18 0 -22 2 -23 1 -22 0 -21 1 -19 2 -21 -1 -20 1 -18 4 -17 -1 -18 1 -17 2 -19 3 -16 2 -20 -1 -18 3 -19 0 2 1 -15 1 -16 1 -16 -1 -17 -2 -18 -1 -17 -3 -18 -3 -19 -3 -14 -3 -18 -5 -18 0 -17 -1 -17 -1 -17 -4 -14 -4 -18 -5 -15 -7 -15 -6 -17 -7 -18 -2 -14 -7 -17 -7 -15 -6 -19 -7 -15 -8 -15 0 -1 0 0 0 0 0 0 0 0 ]
CSI_DATA,AP,68:FE:71:12:53:8C,-34,11,1,6,1,1,1,1,0,0,0,-95,1,6,1,65172263,0,84,0,0,65.172,384,[84 -64 4 0 0 0 0 0 0 0 0 0 14 9 15 9 17 13 18 13 16 12 13 13 12 13 13 15 12 14 14 15 14 13 15 15 11 15 11 17 10 13 14 13 13 12 12 14 10 14 9 15 11 15 10 14 7 13 10 11 12 14 12 13 0 2 12 10 13 13 13 10 14 11 9 10 13 11 12 9 12 9 12 11 10 8 12 8 10 7 13 10 13 9 15 7 15 10 14 7 12 8 13 7 15 7 14 5 12 9 16 6 14 8 13 4 13 4 0 0 0 0 0 0 0 0 0 0 ]
CSI_DATA,AP,68:FE:71:12:53:8C,-32,11,1,6,1,1,1,0,0,0,1,-95,0,6,1,65324680,0,84,0,0,65.325,384,[84 -64 4 0 0 0 0 0 0 0 0 0 0 19 -3 22 -3 22 -3 23 -6 21 -5 22 -3 22 -7 19 -6 17 -8 18 -8 21 -8 19 -9 18 -8 19 -9 17 -8 17 -5 18 -5 18 -8 15 -5 16 -8 18 -8 18 -6 17 -6 18 -5 15 -4 14 1 2 -4 14 -3 18 -4 16 -5 14 -4 15 -4 16 -5 16 -4 16 -2 17 -2 14 -1 19 -4 17 1 18 0 15 -1 14 0 17 0 18 2 18 -1 15 2 17 -1 16 -1 17 0 17 4 18 1 16 3 18 0 0 0 0 0 0 0 0 0 0 ]
CSI_DATA,AP,68:FE:71:12:53:8C,-35,11,1,6,1,1,1,1,0,0,0,-96,1,6,1,65458077,0,84,0,0,65.458,384,[84 -64 4 0 0 0 0 0 0 0 0 0 18 -2 19 2 20 -2 24 3 21 1 19 3 18 3 21 3 19 6 21 2 18 7 21 5 19 5 17 5 19 7 18 8 17 8 16 7 17 3 15 6 15 6 19 5 16 5 15 6 16 4 15 3 -2 0 16 6 17 6 18 2 16 5 15 5 17 2 16 3 18 4 15 2 14 -1 18 -1 14 2 17 2 14 2 17 1 16 1 19 1 17 1 17 -3 16 -3 16 0 16 -2 15 -1 17 -3 16 -2 18 -5 -2 -2 0 0 0 0 0 0 0 0 ]
CSI_DATA,AP,68:FE:71:12:53:8C,-31,11,1,6,1,1,1,0,0,0,0,-93,0,6,1,65591413,0,84,0,0,65.591,384,[84 -64 4 0 0 0 0 0 0 0 0 0 -17 9 -18 10 -22 8 -22 10 -23 7 -22 6 -20 4 -22 7 -19 4 -19 4 -20 6 -20 2 -21 1 -18 3 -22 2 -22 4 -21 3 -19 5 -18 3 -19 0 -17 4 -18 1 -17 2 -20 0 -20 3 -19 4 1 -2 -18 4 -18 4 -19 5 -19 4 -16 5 -16 3 -17 2 -16 4 -16 3 -15 4 -17 6 -15 5 -16 4 -16 7 -18 5 -16 8 -14 9 -14 6 -18 10 -14 7 -16 7 -17 10 -15 11 -17 11 -14 9 -14 8 1 1 0 0 0 0 0 0 0 0 ]
CSI_DATA,AP,68:FE:71:12:53:8C,-37,11,1,5,1,1,1,0,0,0,0,-96,0,6,1,65761751,0,82,0,0,65.762,384,[84 -64 4 0 0 0 0 0 0 0 0 0 21 -5 18 -2 23 0 19 -2 20 0 21 0 19 -1 17 1 21 2 21 1 20 1 19 2 21 1 18 2 19 5 21 3 17 5 18 1 16 3 16 2 17 4 19 2 17 4 15 2 16 4 19 3 2 2 16 2 17 -1 18 0 14 1 17 2 15 -2 17 1 16 -3 16 0 14 -1 17 -4 14 -1 16 -2 18 -5 16 -3 17 -1 15 -2 18 -6 16 -4 16 -5 18 -5 15 -5 15 -6 17 -4 15 -7 16 -4 0 2 0 0 0 0 0 0 0 0 ]
CSI_DATA,AP,68:FE:71:12:53:8C,-36,11,1,6,1,1,1,0,0,0,0,-95,0,6,1,65874358,0,84,0,0,65.874,384,[84 -64 4 0 0 0 0 0 0 0 0 0 -22 2 -18 1 -22 -1 -20 0 -20 -1 -22 -2 -20 -2 -18 -6 -20 -4 -22 -3 -22 -6 -23 -5 -21 -3 -18 -3 -19 -6 -21 -7 -17 -4 -20 -4 -17 -4 -18 -6 -17 -7 -17 -5 -17 -3 -19 -7 -19 -3 -18 -4 1 0 -18 -5 -19 -5 -16 -4 -19 -1 -17 -4 -17 -2 -17 -6 -14 -4 -17 -4 -14 -1 -18 -2 -17 0 -16 -2 -15 0 -16 -2 -15 2 -16 -2 -17 2 -15 1 -14 2 -17 2 -15 -1 -15 2 -16 4 -16 3 -17 1 1 -2 0 0 0 0 0 0 0 0 ]
CSI_DATA,AP,68:FE:71:12:53:8C,-39,11,1,5,1,1,1,0,0,0,0,-93,0,6,1,66034507,0,84,0,0,66.035,384,[84 -64 4 0 0 0 0 0 0 0 0 0 -12 17 -13 17 -16 16 -14 14 -16 15 -15 15 -16 14 -14 10 -15 13 -19 13 -19 14 -17 14 -19 12 -15 9 -19 12 -19 10 -18 8 -16 10 -15 8 -14 11 -16 8 -16 9 -14 8 -15 10 -18 11 -18 8 -1 2 -16 7 -17 10 -17 8 -13 9 -12 11 -14 12 -14 8 -13 11 -13 12 -10 11 -12 12 -13 9 -13 13 -11 11 -10 10 -12 13 -14 13 -12 14 -12 14 -11 13 -12 12 -11 11 -13 14 -13 12 -10 12 -10 11 0 2 0 0 0 0 0 0 0 0 ]
CSI_DATA,AP,68:FE:71:12:53:8C,-37,11,1,5,1,1,1,0,0,0,0,-96,0,6,1,66177620,0,84,0,0,66.178,384,[84 -64 4 0 0 0 0 0 0 0 0 0 -18 -9 -20 -10 -19 -10 -21 -12 -19 -11 -17 -10 -15 -12 -17 -11 -14 -14 -15 -11 -15 -10 -14 -11 -14 -11 -14 -12 -12 -11 -13 -13 -16 -13 -15 -11 -15 -12 -15 -13 -13 -14 -14 -14 -10 -9 -15 -10 -12 -13 -15 -11 2 1 -14 -12 -13 -10 -14 -10 -16 -11 -15 -8 -12 -9 -13 -12 -16 -6 -13 -6 -13 -7 -16 -8 -13 -6 -16 -9 -13 -9 -12 -8 -18 -5 -14 -8 -14 -6 -16 -5 -16 -5 -14 -5 -14 -5 -17 -3 -15 -4 -17 -6 -13 -3 2 1 0 0 0 0 0 0 0 0 ]
CSI_DATA,AP,68:FE:71:12:53:8C,-36,11,1,6,1,1,1,0,0,0,0,-93,0,6,1,66316693,0,84,0,0,66.317,384,[84 -64 4 0 0 0 0 0 0 0 0 0 19 -11 16 -9 17 -9 21 -11 18 -7 17 -6 20 -6 20 -4 20 -5 18 -5 22 -6 22 -3 19 -6 18 -5 18 -4 20 -7 19 -5 18 -6 17 -3 16 -2 19 -3 18 -3 17 -2 15 -2 17 -2 15 -6 2 2 14 -4 17 -4 15 -4 15 -8 15 -4 18 -8 16 -6 17 -7 13 -5 16 -6 17 -6 15 -9 13 -10 15 -6 15 -8 15 -9 14 -12 14 -8 16 -11 14 -10 15 -9 15 -9 11 -11 14 -10 13 -9 10 -10 -2 -1 0 0 0 0 0 0 0 0 ]
CSI_DATA,AP,68:FE:71:12:53:8C,-33,11,0,0,0,0,0,0,0,0,0,-93,0,6,1,66422769,0,37,0,0,66.423,128,[84 -64 4 0 0 0 0 0 0 0 0 0 16 13 16 12 19 12 18 15 18 12 16 12 15 16 11 14 16 16 13 16 13 18 11 18 11 14 11 15 10 17 15 14 14 17 12 12 12 16 10 13 9 13 11 16 11 13 13 14 11 14 13 15 2 1 10 13 10 13 11 11 14 9 10 10 12 11 13 13 12 13 10 8 10 10 12 8 11 12 11 12 13 11 14 10 13 7 13 7 12 8 15 9 14 7 12 10 14 8 13 6 14 7 13 7 15 7 2 -2 0 0 0 0 0 0 0 0 ]
CSI_DATA,AP,68:FE:71:12:53:8C,-42,11,1,6,1,1,1,1,0,0,0,-95,1,6,1,66585187,0,84,0,0,66.585,384,[84 -64 4 0 0 0 0 0 0 0 0 0 -27 -20 -27 -21 -24 -22 -24 -25 -25 -24 -22 -25 -22 -23 -22 -23 -19 -23 -19 -21 -21 -23 -21 -26 -17 -27 -16 -22 -16 -22 -17 -27 -15 -23 -15 -20 -14 -21 -13 -24 -15 -23 -13 -22 -13 -21 -12 -23 -14 -22 -16 -22 -1 1 -15 -17 -17 -20 -14 -19 -17 -19 -16 -20 -16 -17 -15 -20 -12 -17 -13 -16 -17 -14 -17 -13 -13 -11 -18 -15 -17 -13 -19 -12 -16 -13 -15 -11 -18 -9 -17 -8 -15 -10 -16 -11 -17 -11 -15 -10 -18 -9 -18 -7 -16 -8 1 -2 0 0 0 0 0 0 0 0 ]
CSI_DATA,AP,68:FE:71:12:53:8C,-36,11,1,5,1,1,1,0,0,0,0,-94,0,6,1,66767776,0,84,0,0,66.768,384,[84 -64 4 0 0 0 0 0 0 0 0 0 -19 1 -16 4 -17 3 -21 2 -19 0 -16 1 -18 -3 -16 0 -20 -3 -18 -3 -20 -4 -17 -2 -18 -2 -20 -5 -16 -2 -18 -5 -15 -5 -15 -4 -14 -2 -17 -6 -18 -4 -15 -5 -16 -4 -15 -4 -15 -5 -15 -2 -1 -1 -13 -4 -14 -2 -17 -4 -15 -1 -17 -3 -16 -4 -17 0 -14 -1 -14 -2 -13 -2 -17 2 -15 1 -13 -1 -14 3 -14 2 -17 0 -14 3 -17 0 -16 1 -15 2 -16 2 -15 4 -16 3 -16 5 -16 1 -12 2 0 -2 0 0 0 0 0 0 0 0 ]
CSI_DATA,AP,68:FE:71:12:53:8C,-34,11,1,6,1,1,1,0,0,0,0,-95,0,6,1,66886671,0,84,0,0,66.887,384,[84 -64 4 0 0 0 0 0 0 0 0 0 5 -18 9 -18 6 -17 8 -19 10 -17 9 -16 13 -17 12 -15 9 -15 11 -14 13 -16 13 -15 12 -16 10 -15 9 -12 13 -14 9 -11 10 -11 10 -11 11 -11 12 -12 12 -13 8 -10 8 -14 9 -11 8 -10 0 1 7 -13 10 -13 10 -15 8 -12 5 -10 8 -12 8 -15 6 -12 9 -13 8 -11 7 -13 8 -12 4 -14 4 -15 6 -13 6 -13 6 -15 3 -15 3 -16 3 -12 3 -15 3 -12 6 -16 5 -14 3 -12 5 -16 -1 2 0 0 0 0 0 0 0 0 ]
CSI_DATA,AP,68:FE:71:12:53:8C,-38,11,1,5,1,1,1,0,0,0,0,-93,0,6,1,67013408,0,84,0,0,67.013,384,[84 -64 4 0 0 0 0 0 0 0 0 0 5 14 5 10 10 12 7 15 5 13 7 15 8 15 5 13 3 16 6 12 7 13 3 12 7 15 2 15 5 13 5 12 3 13 5 13 5 14 3 13 4 11 4 11 2 12 2 13 1 15 3 12 -1 2 3 14 5 13 3 14 1 10 4 11 1 12 2 11 6 14 5 11 5 9 7 14 4 10 3 11 5 13 6 10 6 10 8 12 5 12 4 10 6 11 4 10 5 10 6 10 7 9 8 9 5 11 -1 1 0 0 0 0 0 0 0 0 ]
CSI_DATA,AP,68:FE:71:12:53:8C,-36,11,1,5,1,1,1,0,0,0,0,-96,0,6,1,67157129,0,84,0,0,67.157,384,[84 -64 4 0 0 0 0 0 0 0 0 0 11 17 12 16 12 19 12 20 11 19 11 16 8 17 9 18 10 20 7 18 8 21 7 21 7 18 7 18 5 17 7 21 4 16 5 15 6 17 5 15 5 19 5 16 3 13 5 18 8 17 8 14 -2 1 6 17 7 15 6 14 10 13 6 14 7 14 7 13 7 11 9 12 7 12 9 12 8 14 7 13 11 12 9 10 12 14 9 10 11 12 11 10 11 9 11 11 9 13 11 12 15 12 13 12 11 7 0 0 0 0 0 0 0 0 0 0 ]
CSI_DATA,AP,68:FE:71:12:53:8C,-37,11,1,5,1,1,1,1,0,0,0,-94,4,6,1,67305034,0,84,0,0,67.305,384,[84 -64 4 0 0 0 0 0 0 0 0 0 -17 33 -21 33 -21 35 -23 34 -20 28 -25 24 -21 29 -18 23 -22 23 -21 22 -21 23 -23 20 -24 20 -19 20 -21 15 -21 21 -20 19 -14 20 -15 17 -14 17 -13 15 -14 18 -12 18 -15 18 -10 15 -11 17 -2 -2 -12 19 -10 20 -9 17 -8 19 -5 17 -11 22 -6 18 -4 23 -8 13 -8 16 -4 21 -5 23 -3 21 -5 18 -3 22 -3 22 -3 25 -3 24 -2 26 -2 21 -3 24 -3 25 -2 25 2 27 -1 23 -1 25 -1 1 0 0 0 0 0 0 0 0 ]
CSI_DATA,AP,68:FE:71:12:53:8C,-38,11,1,6,1,1,1,0,0,0,0,-95,0,6,1,67416651,0,84,0,0,67.417,384,[84 -64 4 0 0 0 0 0 0 0 0 0 29 23 30 22 28 24 29 24 25 23 25 26 21 25 20 20 22 21 20 22 18 21 19 21 19 24 17 20 18 22 17 22 13 17 15 16 15 17 12 15 14 15 12 13 11 12 15 13 15 13 15 10 2 0 14 8 13 8 13 8 14 7 12 9 14 6 12 7 14 6 15 3 11 6 15 0 14 1 14 1 12 0 15 -1 16 -2 13 -3 13 -4 16 -3 11 0 14 -1 14 -4 11 -4 14 -5 10 -5 11 -7 -2 1 0 0 0 0 0 0 0 0 ]
CSI_DATA,AP,68:FE:71:12:53:8C,-37,11,1,7,1,1,1,0,0,0,0,-94,0,6,1,67545176,0,84,0,0,67.545,384,[84 -64 4 0 0 0 0 0 0 0 0 0 19 -6 22 -4 20 -1 22 0 21 -3 18 -3 21 0 17 -1 21 0 18 1 19 1 18 2 21 -1 18 -1 16 2 20 1 19 2 17 2 14 2 15 1 16 0 16 1 16 1 14 2 15 0 14 -2 2 -2 16 -3 15 0 16 -1 14 -4 15 -1 16 -2 15 -3 13 -3 12 -1 13 -3 15 -5 11 -2 12 -5 16 -3 14 -3 14 -5 15 -3 12 -7 11 -7 10 -6 14 -3 13 -3 14 -6 13 -7 12 -8 10 -4 0 -1 0 0 0 0 0 0 0 0 ]
CSI_DATA,AP,68:FE:71:12:53:8C,-35,11,1,7,1,1,1,0,0,0,0,-93,0,6,1,67613093,0,84,0,0,67.613,384,[84 -64 4 0 0 0 0 0 0 0 0 0 19 -8 19 -9 17 -6 21 -6 18 -6 16 -2 19 -5 20 -3 19 -4 19 -3 19 -4 22 -5 21 -4 23 -4 18 -2 22 0 22 0 17 -1 17 -3 18 -1 22 -3 18 1 17 -2 22 -1 23 1 19 -2 -2 -2 18 0 21 -1 21 -1 18 -3 21 -3 21 -4 18 0 17 -4 22 -2 21 -6 18 -5 18 -5 20 -4 17 -5 20 -7 21 -5 20 -4 22 -8 20 -4 21 -5 18 -2 19 -3 21 -6 22 -8 19 -6 19 -7 0 -1 0 0 0 0 0 0 0 0 ]
CSI_DATA,AP,68:FE:71:12:53:8C,-37,11,1,6,1,1,1,0,0,0,0,-95,0,6,1,67742141,0,84,0,0,67.742,384,[84 -64 4 0 0 0 0 0 0 0 0 0 -10 -11 -9 -11 -10 -13 -10 -15 -9 -16 -11 -12 -7 -15 -7 -14 -6 -13 -6 -15 -8 -18 -7 -15 -9 -15 -10 -17 -6 -14 -6 -15 -5 -18 -4 -14 -4 -13 -4 -13 -4 -16 -6 -14 -3 -14 -5 -13 -7 -17 -7 -13 0 -2 -5 -13 -5 -13 -10 -13 -7 -14 -8 -15 -8 -14 -6 -12 -10 -13 -8 -12 -10 -13 -12 -13 -7 -13 -10 -11 -10 -14 -10 -12 -12 -12 -12 -13 -10 -11 -10 -9 -11 -9 -10 -12 -12 -10 -13 -7 -13 -12 -10 -11 -11 -9 1 0 0 0 0 0 0 0 0 0 ]
CSI_DATA,AP,68:FE:71:12:53:8C,-33,11,1,7,1,1,1,0,0,0,0,-95,0,6,1,67892235,0,84,0,0,67.892,384,[84 -64 4 0 0 0 0 0 0 0 0 0 -18 -8 -17 -13 -16 -13 -19 -13 -16 -16 -15 -13 -15 -14 -17 -13 -19 -16 -15 -16 -19 -19 -15 -17 -14 -18 -14 -20 -13 -17 -18 -21 -15 -20 -13 -21 -14 -19 -16 -21 -13 -18 -12 -18 -13 -20 -15 -18 -15 -20 -11 -18 -1 2 -11 -16 -15 -20 -15 -16 -15 -15 -14 -15 -16 -16 -14 -16 -16 -17 -14 -17 -17 -15 -18 -16 -15 -12 -16 -15 -13 -10 -19 -13 -18 -14 -17 -13 -18 -10 -18 -12 -19 -8 -18 -12 -16 -9 -20 -12 -18 -13 -18 -14 -15 -9 0 1 0 0 0 0 0 0 0 0 ]
CSI_DATA,AP,68:FE:71:12:53:8C,-36,11,1,7,1,1,1,0,0,0,0,-95,0,6,1,68023795,0,84,0,0,68.024,384,[84 -64 4 0 0 0 0 0 0 0 0 0 -10 -17 -9 -17 -8 -20 -7 -20 -8 -22 -6 -21 -9 -21 -6 -21 -6 -20 -5 -23 -5 -23 -6 -21 -5 -23 -5 -25 -6 -24 -5 -23 -3 -20 -2 -19 -3 -19 -2 -24 -1 -19 -5 -20 -1 -21 -1 -21 -1 -22 -2 -19 -1 2 -7 -21 -6 -22 -4 -22 -5 -22 -5 -21 -4 -21 -6 -19 -6 -20 -9 -21 -9 -18 -8 -21 -7 -20 -6 -21 -9 -18 -7 -21 -9 -21 -12 -20 -10 -19 -12 -17 -14 -19 -9 -19 -10 -16 -13 -18 -10 -21 -10 -18 -12 -17 -1 2 0 0 0 0 0 0 0 0 ]
CSI_DATA,AP,68:FE:71:12:53:8C,-35,11,1,6,1,1,1,0,0,0,0,-95,0,6,1,68167714,0,84,0,0,68.168,384,[84 -64 4 0 0 0 0 0 0 0 0 0 16 16 13 12 12 14 12 17 11 14 11 16 9 16 8 14 11 17 11 17 9 19 11 18 11 18 7 16 9 18 10 16 6 14 10 13 10 14 10 16 9 14 6 13 7 15 8 15 9 17 6 14 2 -2 8 14 11 12 9 12 8 12 10 12 9 14 9 12 9 14 8 12 11 12 11 13 8 10 12 12 12 10 9 9 13 9 14 8 11 9 13 12 11 9 10 7 12 8 13 7 12 9 11 6 14 9 0 -2 0 0 0 0 0 0 0 0 ]
CSI_DATA,AP,68:FE:71:12:53:8C,-36,11,1,6,1,1,1,0,0,0,0,-94,0,6,1,68278101,0,84,0,0,68.278,384,[84 -64 4 0 0 0 0 0 0 0 0 0 11 -15 10 -14 9 -13 10 -13 8 -16 11 -12 10 -13 13 -12 12 -11 11 -12 13 -11 13 -12 13 -10 11 -9 11 -10 9 -11 13 -11 11 -9 10 -13 12 -13 9 -11 12 -9 11 -11 12 -12 9 -10 12 -9 1 1 8 -13 9 -9 9 -11 9 -13 8 -10 6 -10 10 -12 9 -9 8 -12 8 -11 7 -12 8 -10 5 -11 7 -14 6 -11 4 -13 7 -15 6 -15 6 -12 6 -15 6 -15 3 -12 5 -15 6 -12 6 -12 2 -15 0 -1 0 0 0 0 0 0 0 0 ]
CSI_DATA,AP,68:FE:71:12:53:8C,-37,11,1,5,1,1,1,0,0,0,0,-95,0,6,1,68397388,0,84,0,0,68.397,384,[84 -64 4 0 0 0 0 0 0 0 0 0 -9 -28 -9 -27 -4 -29 -6 -29 -3 -30 -5 -32 -1 -31 -3 -27 0 -28 -2 -27 1 -30 -2 -31 2 -30 1 -25 2 -28 0 -26 4 -29 3 -25 0 -26 1 -26 2 -26 0 -23 -1 -25 1 -26 0 -24 2 -26 2 -2 -1 -24 1 -22 2 -24 -1 -21 -3 -24 -3 -22 -3 -25 -3 -20 -2 -20 -5 -22 -5 -25 -3 -23 -3 -24 -5 -25 -3 -24 -3 -23 -5 -20 -4 -23 -5 -23 -8 -21 -7 -23 -5 -23 -8 -23 -7 -23 -6 -20 -6 -23 -2 1 0 0 0 0 0 0 0 0 ]
CSI_DATA,AP,68:FE:71:12:53:8C,-36,11,1,6,1,1,1,1,0,0,0,-95,3,6,1,68504060,0,82,0,0,68.504,384,[84 -64 4 0 0 0 0 0 0 0 0 0 -24 -2 -24 -4 -21 -4 -22 -4 -20 -3 -19 -5 -19 -5 -22 -5 -19 -5 -19 -8 -20 -5 -21 -5 -21 -7 -22 -9 -20 -7 -18 -9 -20 -7 -16 -6 -19 -9 -18 -6 -18 -5 -20 -9 -18 -4 -18 -6 -17 -8 -15 -7 -1 2 -18 -5 -17 -5 -16 -3 -15 -6 -15 -5 -17 -4 -16 -5 -18 -4 -15 -4 -19 -2 -19 0 -19 -1 -18 -1 -19 -1 -15 1 -19 -1 -16 0 -18 1 -20 -2 -18 -2 -17 -1 -19 1 -16 -1 -19 -1 -15 1 -16 3 2 2 0 0 0 0 0 0 0 0 ]
CSI_DATA,AP,68:FE:71:12:53:8C,-35,11,1,7,1,1,1,1,0,0,0,-93,6,6,1,68629478,0,84,0,0,68.629,384,[84 -64 4 0 0 0 0 0 0 0 0 0 -20 -6 -16 -5 -21 -3 -17 -7 -19 -8 -17 -6 -17 -9 -16 -5 -15 -8 -18 -9 -15 -7 -16 -9 -17 -7 -16 -8 -13 -9 -17 -8 -15 -7 -15 -9 -14 -7 -14 -9 -16 -8 -12 -9 -14 -9 -13 -8 -14 -9 -14 -8 1 -1 -15 -9 -16 -7 -14 -9 -14 -7 -14 -5 -14 -6 -14 -7 -15 -6 -15 -4 -13 -4 -15 -5 -12 -4 -15 -6 -15 -2 -13 -5 -14 -1 -17 -2 -16 -1 -15 -4 -16 0 -15 -2 -17 0 -14 0 -15 2 -16 1 -14 2 -1 2 0 0 0 0 0 0 0 0 ]
CSI_DATA,AP,68:FE:71:12:53:8C,-36,11,1,6,1,1,1,0,0,0,0,-95,0,6,1,68785639,0,84,0,0,68.786,384,[84 -64 4 0 0 0 0 0 0 0 0 0 -5 19 -6 19 -7 17 -6 16 -7 19 -5 15 -7 17 -7 17 -6 17 -10 15 -9 14 -9 17 -7 17 -11 16 -7 14 -10 12 -10 15 -7 14 -7 14 -10 15 -9 14 -9 14 -6 14 -9 15 -8 12 -9 11 -1 -2 -6 12 -7 11 -9 12 -4 11 -6 10 -5 11 -4 11 -8 11 -6 12 -5 13 -6 12 -6 15 -3 11 -2 12 -3 14 -5 15 -3 16 -1 15 -1 15 -2 11 -1 15 -2 16 -3 16 -1 12 -1 12 -5 15 -1 2 0 0 0 0 0 0 0 0 ]
CSI_DATA,AP,68:FE:71:12:53:8C,-42,11,1,6,1,1,1,0,0,0,0,-95,0,6,1,68903719,0,84,0,0,68.904,384,[84 -64 4 0 0 0 0 0 0 0 0 0 17 10 16 11 15 9 16 13 17 11 17 13 14 14 15 13 13 14 12 16 14 14 15 15 12 15 15 12 10 15 11 17 13 12 13 14 10 12 13 14 13 12 13 16 10 14 9 14 11 13 11 11 -2 -2 12 12 14 10 13 13 14 13 13 11 14 11 14 10 13 9 11 10 12 10 15 7 12 10 11 10 11 8 16 8 16 7 12 8 16 6 12 9 14 6 14 9 13 5 14 5 15 6 14 4 16 4 -2 0 0 0 0 0 0 0 0 0 ]
CSI_DATA,AP,68:FE:71:12:53:8C,-35,11,1,5,1,1,1,0,0,0,0,-93,0,6,1,69067301,0,84,0,0,69.067,384,[84 -64 4 0 0 0 0 0 0 0 0 0 0 -23 -2 -20 1 -24 -2 -23 1 -24 0 -21 2 -20 2 -22 2 -21 6 -20 6 -19 3 -19 6 -19 7 -22 7 -19 4 -20 3 -19 4 -19 7 -21 3 -18 3 -18 2 -17 2 -17 3 -19 2 -20 5 -19 -2 0 3 -18 4 -16 2 -20 2 -15 1 -16 1 -18 3 -17 2 -16 -2 -17 2 -18 -2 -19 0 -15 -2 -15 -2 -18 0 -19 -4 -16 0 -19 -4 -15 -1 -16 -3 -17 -4 -18 -1 -15 -5 -15 -5 -16 -4 -16 -2 -17 -2 -2 0 0 0 0 0 0 0 0 ]
CSI_DATA,AP,68:FE:71:12:53:8C,-37,11,1,6,1,1,1,0,0,0,0,-93,0,6,1,69204421,0,84,0,0,69.204,384,[84 -64 4 0 0 0 0 0 0 0 0 0 5 17 4 17 4 17 2 21 3 18 3 20 0 17 1 17 1 19 -2 19 0 20 -1 17 -2 21 1 17 -3 18 1 20 -4 18 2 15 1 20 -3 19 1 15 -3 15 -1 14 2 18 2 16 -2 15 0 -2 2 15 -1 14 0 16 1 14 2 14 1 13 0 16 -1 16 3 15 3 17 2 16 4 14 2 16 5 17 1 15 6 16 4 16 4 13 2 13 2 16 3 13 5 13 5 15 5 13 3 14 6 14 -2 -1 0 0 0 0 0 0 0 0 ]
CSI_DATA,AP,68:FE:71:12:53:8C,-34,11,1,5,1,1,1,0,0,0,0,-94,0,6,1,69343670,0,84,0,0,69.344,384,[84 -64 4 0 0 0 0 0 0 0 0 0 -12 19 -10 19 -11 19 -10 17 -14 18 -14 17 -11 13 -13 13 -14 12 -16 16 -14 13 -13 12 -15 12 -12 15 -15 10 -14 11 -12 14 -13 12 -13 13 -13 13 -15 9 -15 12 -12 12 -15 13 -15 11 -12 11 1 1 -10 10 -12 11 -10 9 -12 12 -9 10 -9 12 -11 12 -12 12 -8 13 -12 11 -7 10 -7 13 -11 15 -8 14 -11 12 -10 14 -7 15 -8 14 -8 12 -6 11 -9 15 -9 14 -8 12 -7 16 -9 16 -6 13 2 1 0 0 0 0 0 0 0 0 ]
CSI_DATA,AP,68:FE:71:12:53:8C,-38,11,1,6,1,1,1,0,0,0,0,-95,0,6,1,69490049,0,84,0,0,69.49,384,[84 -64 4 0 0 0 0 0 0 0 0 0 12 33 14 35 13 39 12 40 9 39 5 39 8 36 5 37 4 38 3 36 4 40 4 40 4 36 0 34 0 38 1 37 1 36 0 32 2 36 2 34 1 36 1 33 -3 31 -2 36 0 35 -1 35 1 -1 2 31 4 33 3 33 2 30 1 31 5 34 1 34 5 29 3 30 3 30 8 32 7 32 6 32 8 31 4 27 10 29 7 28 9 32 10 31 9 30 12 30 9 31 12 32 14 29 12 31 14 31 0 -2 0 0 0 0 0 0 0 0 ]
CSI_DATA,AP,68:FE:71:12:53:8C,-39,11,1,5,1,1,1,0,0,0,0,-95,0,6,1,69636976,0,84,0,0,69.637,384,[84 -64 4 0 0 0 0 0 0 0 0 0 6 -19 10 -16 8 -20 12 -19 10 -17 13 -19 10 -15 11 -16 14 -14 14 -17 13 -16 14 -14 12 -17 14 -13 11 -14 13 -15 11 -12 14 -12 10 -16 10 -14 13 -12 11 -14 12 -15 11 -15 13 -16 10 -12 -2 2 12 -15 8 -13 8 -14 8 -14 8 -16 8 -16 8 -15 9 -16 6 -15 9 -15 7 -15 8 -15 8 -16 4 -16 8 -16 5 -15 8 -15 6 -16 6 -15 7 -13 7 -16 4 -14 3 -16 2 -19 3 -18 4 -16 2 0 0 0 0 0 0 0 0 0 ]
CSI_DATA,AP,68:FE:71:12:53:8C,-33,11,1,7,1,1,1,1,0,0,0,-93,4,6,1,69738123,0,84,0,0,69.738,384,[84 -64 4 0 0 0 0 0 0 0 0 0 -6 -18 -8 -18 -6 -18 -9 -17 -9 -19 -7 -20 -4 -15 -4 -19 -4 -15 -6 -18 -3 -18 -4 -18 -2 -18 -3 -18 -2 -19 -5 -16 -2 -18 -3 -14 -5 -18 -3 -14 -1 -14 -5 -17 -1 -14 -4 -14 -5 -16 -1 -13 -2 1 -6 -14 -5 -15 -6 -17 -5 -15 -5 -13 -6 -13 -4 -16 -5 -13 -4 -13 -4 -14 -7 -14 -4 -14 -8 -11 -6 -14 -6 -11 -8 -14 -7 -14 -5 -12 -7 -13 -8 -15 -9 -13 -8 -10 -7 -11 -8 -15 -7 -12 -10 -14 2 0 0 0 0 0 0 0 0 0 ]
CSI_DATA,AP,68:FE:71:12:53:8C,-32,11,1,7,1,1,1,0,0,0,0,-95,0,6,1,69866689,0,84,0,0,69.867,384,[84 -64 4 0 0 0 0 0 0 0 0 0 -1 -20 0 -19 0 -22 -3 -23 2 -20 3 -21 2 -22 2 -21 0 -18 3 -19 5 -22 5 -20 2 -19 2 -17 4 -19 2 -17 4 -17 1 -16 2 -20 4 -16 1 -19 3 -19 2 -16 3 -17 3 -15 1 -18 -2 0 4 -18 1 -14 1 -18 3 -14 3 -18 0 -15 -2 -17 1 -15 0 -15 -1 -18 -1 -16 0 -14 -2 -15 -3 -18 -3 -14 -5 -17 -4 -18 -2 -14 -4 -17 -5 -16 -4 -18 -2 -14 -3 -18 -4 -15 -2 -15 -7 -18 0 -1 0 0 0 0 0 0 0 0 ]
CSI_DATA,AP,68:FE:71:12:53:8C,-34,11,1,6,1,1,1,1,0,0,0,-95,2,6,1,69997550,0,84,0,0,69.998,384,[84 -64 4 0 0 0 0 0 0 0 0 0 4 -18 5 -21 6 -19 6 -20 8 -18 6 -19 8 -17 8 -20 11 -20 10 -19 10 -19 12 -19 11 -20 11 -19 11 -15 10 -17 8 -16 7 -17 11 -18 10 -15 11 -13 8 -15 8 -12 7 -15 8 -17 10 -13 -2 1 8 -14 9 -14 7 -16 7 -16 9 -17 5 -17 6 -17 5 -15 7 -16 4 -14 4 -16 6 -13 5 -15 3 -15 5 -14 5 -16 5 -18 5 -15 2 -15 4 -17 6 -14 3 -16 5 -18 0 -16 3 -14 0 -14 2 2 0 0 0 0 0 0 0 0 ]
CSI_DATA,AP,68:FE:71:12:53:8C,-37,11,0,0,0,0,0,0,0,0,0,-94,0,6,1,70148741,0,37,0,0,70.149,128,[84 -64 4 0 0 0 0 0 0 0 0 0 7 -16 7 -17 10 -16 10 -20 12 -17 12 -18 13 -18 11 -16 10 -17 12 -15 11 -13 12 -16 14 -14 12 -13 11 -14 12 -16 12 -15 11 -14 11 -11 14 -14 10 -15 13 -13 10 -14 13 -14 13 -15 13 -14 -1 1 11 -13 12 -12 9 -15 7 -15 10 -11 9 -14 11 -15 10 -12 6 -13 10 -12 8 -13 8 -12 5 -12 7 -13 9 -16 6 -15 6 -14 8 -13 6 -16 4 -13 8 -16 4 -15 3 -14 5 -18 3 -14 5 -17 -1 -1 0 0 0 0 0 0 0 0 ]
CSI_DATA,AP,68:FE:71:12:53:8C,-34,11,1,6,1,1,1,0,0,0,0,-95,0,6,1,70252869,0,84,0,0,70.253,384,[84 -64 4 0 0 0 0 0 0 0 0 0 12 -18 14 -16 16 -17 14 -15 14 -14 16 -12 15 -15 16 -11 14 -12 18 -12 18 -12 19 -13 19 -11 17 -9 18 -12 15 -10 14 -10 16 -8 16 -7 16 -8 17 -11 13 -7 14 -9 16 -11 16 -8 15 -10 1 2 11 -10 16 -9 14 -10 14 -9 12 -10 13 -11 15 -13 10 -12 12 -11 13 -12 9 -10 12 -9 12 -13 12 -11 13 -10 11 -12 9 -16 8 -16 9 -12 8 -13 11 -14 8 -13 10 -14 11 -13 9 -13 6 -13 2 2 0 0 0 0 0 0 0 0 ]
CSI_DATA,AP,68:FE:71:12:53:8C,-39,11,1,5,1,1,1,0,0,0,1,-94,0,6,1,70415950,0,84,0,0,70.416,384,[84 -64 4 0 0 0 0 0 0 0 0 0 -18 -15 -18 -14 -16 -15 -18 -18 -15 -17 -12 -14 -12 -15 -12 -17 -11 -17 -14 -13 -13 -17 -13 -19 -11 -16 -10 -15 -9 -14 -13 -16 -12 -14 -12 -15 -10 -17 -8 -15 -10 -17 -9 -14 -10 -16 -10 -16 -11 -16 -10 -15 0 2 -10 -13 -12 -12 -9 -14 -13 -14 -10 -13 -11 -12 -12 -15 -10 -11 -14 -14 -13 -12 -16 -11 -14 -10 -13 -10 -11 -12 -15 -11 -14 -11 -16 -10 -14 -10 -16 -9 -14 -8 -13 -9 -14 -12 -14 -11 -17 -8 -15 -8 -15 -8 2 -2 0 0 0 0 0 0 0 0 ]
CSI_DATA,AP,68:FE:71:12:53:8C,-34,11,1,5,1,1,1,0,0,0,0,-93,0,6,1,70552354,0,84,0,0,70.552,384,[84 -64 4 0 0 0 0 0 0 0 0 0 19 13 18 16 16 15 17 16 13 16 16 16 15 16 10 13 12 15 11 15 13 16 15 18 10 16 14 14 13 17 10 17 12 16 9 13 11 15 12 15 8 14 11 14 7 13 9 17 9 14 10 15 0 -1 10 14 14 14 11 16 11 11 11 15 12 12 13 13 14 12 14 13 10 12 15 10 10 10 12 10 15 13 15 12 15 10 15 10 17 8 14 11 15 6 13 11 15 8 17 11 14 10 17 11 17 10 1 0 0 0 0 0 0 0 0 0 ]
CSI_DATA,AP,68:FE:71:12:53:8C,-37,11,1,6,1,1,1,0,0,0,0,-94,0,6,1,70666584,0,84,0,0,70.667,384,[84 -64 4 0 0 0 0 0 0 0 0 0 -22 0 -21 0 -24 1 -21 1 -23 -3 -20 -3 -21 -5 -23 -2 -21 -6 -20 -4 -21 -7 -22 -3 -22 -6 -23 -3 -19 -6 -22 -5 -20 -3 -18 -6 -17 -6 -17 -7 -18 -5 -21 -4 -17 -4 -19 -6 -20 -3 -18 -3 2 2 -19 -1 -19 -4 -20 0 -19 1 -18 -3 -17 -2 -16 -2 -16 -1 -17 1 -20 -2 -21 0 -17 0 -16 1 -18 0 -19 0 -17 0 -20 2 -18 2 -20 1 -19 5 -16 1 -19 3 -17 6 -16 4 -18 5 -17 3 -2 1 0 0 0 0 0 0 0 0 ]
CSI_DATA,AP,68:FE:71:12:53:8C,-34,11,1,5,1,1,1,0,0,0,0,-96,0,6,1,70819037,0,84,0,0,70.819,384,[84 -64 4 0 0 0 0 0 0 0 0 0 21 1 21 1 19 0 22 0 20 1 20 1 23 5 18 1 19 4 19 3 22 6 20 4 20 6 19 7 19 7 22 5 20 4 16 3 20 6 20 6 18 4 16 6 17 6 17 5 16 4 19 3 2 1 17 3 15 4 18 1 14 2 16 3 16 4 16 3 17 4 16 0 15 2 19 -1 13 1 17 3 16 2 15 0 16 -3 17 -3 18 -3 19 -3 17 -4 16 -1 15 -2 15 -4 16 -3 15 -3 15 -3 0 0 0 0 0 0 0 0 0 0 ]
CSI_DATA,AP,68:FE:71:12:53:8C,-37,11,1,7,1,1,1,0,0,0,0,-95,0,6,1,70916427,0,84,0,0,70.916,384,[84 -64 4 0 0 0 0 0 0 0 0 0 19 -10 18 -12 18 -9 19 -9 21 -9 18 -7 19 -7 19 -6 19 -6 18 -9 18 -9 22 -8 22 -5 19 -6 17 -5 22 -7 17 -3 18 -6 16 -7 16 -3 20 -6 16 -5 18 -6 17 -4 20 -6 19 -6 -1 0 14 -5 19 -4 15 -5 15 -5 14 -6 16 -8 17 -8 14 -10 15 -9 13 -8 16 -7 14 -7 13 -8 16 -8 14 -8 14 -9 16 -8 12 -11 15 -8 12 -9 14 -13 13 -11 10 -11 12 -12 14 -12 11 -13 1 -2 0 0 0 0 0 0 0 0 ]
CSI_DATA,AP,68:FE:71:12:53:8C,-37,11,1,5,1,1,1,0,0,0,0,-96,0,6,1,71037090,0,84,0,0,71.037,384,[84 -64 4 0 0 0 0 0 0 0 0 0 -17 10 -19 8 -20 9 -23 5 -21 7 -20 6 -20 4 -21 6 -20 5 -18 3 -20 5 -19 4 -22 2 -20 4 -19 0 -20 3 -19 3 -16 0 -16 1 -20 1 -20 2 -17 3 -16 0 -20 -1 -19 4 -16 3 1 -1 -17 2 -15 5 -17 1 -15 6 -17 2 -18 3 -16 2 -16 5 -18 4 -17 5 -18 8 -14 7 -16 8 -18 5 -16 5 -16 7 -16 7 -13 5 -16 7 -16 6 -18 7 -15 5 -13 10 -13 11 -15 10 -15 6 -1 1 0 0 0 0 0 0 0 0 ]
CSI_DATA,AP,68:FE:71:12:53:8C,-35,11,1,6,1,1,1,0,0,0,0,-95,0,6,1,71170924,0,84,0,0,71.171,384,[84 -64 4 0 0 0 0 0 0 0 0 0 14 12 13 15 12 15 15 18 9 15 10 13 9 17 10 16 7 15 7 14 13 14 13 17 8 15 12 17 7 17 7 14 6 15 7 15 9 13 8 16 4 17 8 17 8 13 7 16 9 15 7 16 0 1 8 11 8 12 7 15 10 9 11 13 9 13 7 13 7 13 10 10 8 9 11 11 13 11 10 10 11 11 13 9 14 8 13 9 13 7 15 10 10 10 12 7 10 7 14 9 13 9 12 10 14 6 -1 -2 0 0 0 0 0 0 0 0 ]
CSI_DATA,AP,68:FE:71:12:53:8C,-35,11,1,6,1,1,1,0,0,0,1,-94,0,6,1,71297243,0,84,0,0,71.297,384,[84 -64 4 0 0 0 0 0 0 0 0 0 -4 -23 -3 -21 -3 -20 1 -21 -1 -23 0 -20 0 -21 1 -18 3 -18 0 -18 0 -19 3 -20 1 -23 4 -18 3 -18 3 -21 4 -17 3 -15 2 -20 2 -16 3 -16 6 -20 2 -15 3 -16 5 -18 2 -16 -1 1 2 -15 4 -16 2 -18 2 -15 3 -16 0 -20 1 -19 2 -16 3 -15 -1 -16 -2 -15 1 -16 0 -17 -4 -18 0 -18 -4 -16 -4 -18 -4 -14 -3 -15 -2 -16 -2 -17 -3 -16 -6 -18 -4 -15 -4 -18 -6 -17 0 2 0 0 0 0 0 0 0 0 ]
CSI_DATA,AP,68:FE:71:12:53:8C,-34,11,1,6,1,1,1,0,0,0,0,-95,0,6,1,71440781,0,84,0,0,71.441,384,[84 -64 4 0 0 0 0 0 0 0 0 0 14 17 14 15 14 17 14 20 9 16 9 19 9 16 9 17 7 16 9 17 6 17 7 17 9 17 9 17 8 17 8 19 5 16 5 18 4 19 6 18 7 16 6 17 5 14 3 14 4 16 7 14 0 -1 8 15 5 15 6 17 9 16 6 16 8 12 8 12 10 11 11 13 8 13 10 15 8 13 10 12 9 14 10 11 13 15 12 11 12 9 10 9 14 11 11 12 10 10 13 9 14 12 12 11 14 9 1 1 0 0 0 0 0 0 0 0 ]
CSI_DATA,AP,68:FE:71:12:53:8C,-38,11,1,6,1,1,1,0,0,0,0,-93,0,6,1,71594961,0,84,0,0,71.595,384,[84 -64 4 0 0 0 0 0 0 0 0 0 -1 20 -2 19 -3 19 -3 21 -5 21 -5 17 -2 22 -3 17 -3 21 -6 17 -7 19 -6 19 -8 21 -6 21 -4 18 -8 21 -8 18 -4 17 -6 18 -8 16 -7 17 -5 16 -5 14 -4 15 -7 15 -3 16 -1 1 -5 14 -4 19 -4 18 -1 17 -2 16 -4 15 -5 16 -4 15 -3 18 -1 16 -1 16 -2 16 1 16 2 17 1 15 -1 17 -1 18 3 17 2 18 3 15 0 17 3 15 2 15 4 18 4 18 5 17 0 -2 0 0 0 0 0 0 0 0 ]
CSI_DATA,AP,68:FE:71:12:53:8C,-35,11,1,5,1,1,1,0,0,0,0,-95,0,6,1,71738141,0,84,0,0,71.738,384,[84 -64 4 0 0 0 0 0 0 0 0 0 18 8 20 11 18 9 20 11 18 11 17 10 16 12 16 11 18 14 17 15 13 16 13 14 13 13 12 16 14 15 13 16 14 13 13 12 13 13 13 12 11 15 14 11 9 13 13 12 14 14 15 14 -2 2 14 11 16 10 15 11 16 10 12 13 16 11 14 11 14 7 14 7 16 9 13 11 12 8 14 9 14 8 13 8 14 5 18 10 13 5 16 4 13 6 17 8 16 6 16 6 17 7 14 5 13 7 -1 0 0 0 0 0 0 0 0 0 ]
CSI_DATA,AP,68:FE:71:12:53:8C,-38,11,1,6,1,1,1,0,0,0,0,-94,0,6,1,71885391,0,84,0,0,71.885,384,[84 -64 4 0 0 0 0 0 0 0 0 0 14 -16 13 -11 13 -15 19 -12 16 -14 17 -12 15 -11 17 -8 16 -11 17 -9 16 -8 20 -10 17 -9 18 -7 19 -8 16 -10 16 -8 18 -6 18 -7 18 -5 15 -6 17 -7 16 -4 17 -6 18 -5 17 -8 1 0 15 -8 16 -6 16 -8 15 -10 15 -7 16 -6 14 -7 12 -7 12 -8 12 -12 14 -13 11 -9 14 -12 13 -12 11 -9 13 -12 11 -11 12 -12 11 -10 10 -13 14 -12 9 -12 9 -11 13 -15 13 -13 12 -13 1 2 0 0 0 0 0 0 0 0 ]
CSI_DATA,AP,68:FE:71:12:53:8C,-35,11,1,5,1,1,1,1,0,0,0,-94,3,6,1,72012037,0,82,0,0,72.012,384,[84 -64 4 0 0 0 0 0 0 0 0 0 -6 -20 -8 -21 -5 -22 -4 -23 -6 -19 -3 -19 -3 -22 0 -22 -1 -23 0 -18 -3 -22 -1 -23 -3 -20 1 -19 2 -21 -1 -20 0 -22 0 -17 -1 -21 -1 -18 1 -17 0 -20 0 -15 1 -19 -1 -22 2 -19 -1 -1 -2 -19 -1 -16 -3 -18 -1 -19 0 -18 -1 -18 -3 -20 -4 -18 -1 -15 -1 -16 -5 -17 -3 -17 -5 -19 -6 -20 -4 -17 -4 -19 -4 -17 -6 -19 -5 -15 -7 -15 -7 -16 -3 -15 -8 -18 -8 -19 -7 -14 -7 -17 1 0 0 0 0 0 0 0 0 0 ]
CSI_DATA,AP,68:FE:71:12:53:8C,-39,11,1,4,1,1,1,0,0,0,0,-93,0,6,1,72128229,0,84,0,0,72.128,384,[84 -64 4 0 0 0 0 0 0 0 0 0 -16 -15 -13 -18 -13 -16 -13 -16 -10 -20 -8 -19 -10 -16 -9 -20 -7 -20 -10 -19 -8 -19 -7 -17 -7 -19 -9 -20 -7 -20 -7 -17 -9 -20 -7 -16 -6 -17 -10 -18 -7 -15 -10 -18 -7 -17 -10 -17 -8 -19 -8 -17 0 0 -10 -15 -10 -15 -8 -18 -10 -13 -10 -17 -10 -16 -11 -15 -8 -16 -10 -14 -10 -13 -13 -15 -13 -15 -10 -12 -10 -15 -10 -14 -11 -12 -14 -11 -12 -12 -14 -13 -13 -11 -11 -11 -15 -10 -13 -12 -12 -12 -13 -11 -13 -11 0 -1 0 0 0 0 0 0 0 0 ]
CSI_DATA,AP,68:FE:71:12:53:8C,-39,11,1,4,1,1,1,0,0,0,0,-93,0,6,1,72274025,0,84,0,0,72.274,384,[84 -64 4 0 0 0 0 0 0 0 0 0 8 -16 8 -19 11 -20 10 -16 8 -15 12 -15 11 -16 10 -15 13 -17 10 -15 14 -17 11 -18 12 -13 13 -17 11 -12 10 -14 11 -13 12 -13 10 -14 11 -13 11 -10 14 -14 9 -11 11 -11 9 -15 11 -11 -1 0 10 -12 9 -13 10 -11 6 -12 11 -14 7 -12 10 -14 7 -11 7 -15 6 -14 9 -16 8 -12 7 -15 4 -14 7 -14 6 -15 5 -13 4 -17 7 -14 5 -17 7 -13 4 -15 2 -16 6 -17 2 -17 3 -14 1 1 0 0 0 0 0 0 0 0 ]
CSI_DATA,AP,68:FE:71:12:53:8C,-35,11,1,5,1,1,1,0,0,0,0,-96,0,6,1,72406706,0,84,0,0,72.407,384,[84 -64 4 0 0 0 0 0 0 0 0 0 7 -17 7 -18 6 -16 10 -19 10 -16 9 -15 10 -18 9 -17 12 -13 10 -14 10 -14 10 -17 12 -15 13 -16 13 -13 13 -15 10 -13 11 -13 10 -11 9 -11 10 -13 10 -12 12 -9 11 -13 12 -12 8 -11 2 -2 9 -13 8 -13 11 -14 8 -11 7 -14 9 -13 6 -12 5 -12 5 -12 7 -12 7 -16 5 -11 7 -15 7 -14 8 -16 4 -16 6 -13 4 -16 6 -13 2 -16 6 -13 4 -15 5 -17 3 -15 4 -13 1 -17 1 2 0 0 0 0 0 0 0 0 ]
CSI_DATA,AP,68:FE:71:12:53:8C,-40,11,1,4,1,1,1,0,0,0,0,-96,0,6,1,72526134,0,84,0,0,72.526,384,[84 -64 4 0 0 0 0 0 0 0 0 0 16 8 17 8 18 11 18 13 17 9 15 12 12 11 11 10 15 14 12 13 15 11 15 12 14 11 10 14 12 12 10 16 9 12 9 13 12 10 10 10 10 14 11 11 7 10 10 12 13 10 13 13 -1 2 10 13 12 12 10 11 10 9 8 12 11 9 11 8 12 9 11 10 9 10 14 10 10 10 14 10 14 6 12 7 14 9 15 7 15 7 14 9 12 3 11 5 11 8 15 8 16 7 12 3 11 5 0 2 0 0 0 0 0 0 0 0 ]
CSI_DATA,AP,68:FE:71:12:53:8C,-39,11,1,6,1,1,1,1,0,0,1,-96,6,6,1,72624616,0,84,0,0,72.625,384,[84 -64 4 0 0 0 0 0 0 0 0 0 20 -7 22 -5 23 -8 24 -5 20 -6 21 -1 23 -2 21 -4 18 -4 20 -2 22 -4 21 -2 17 -2 19 -2 16 -3 20 1 20 -1 14 -1 19 -3 15 -1 15 -3 16 -3 17 2 16 0 16 0 15 1 -1 0 17 -4 15 -5 17 -2 14 -4 15 -1 14 -2 15 -3 13 -3 12 -5 11 -5 14 -6 11 -5 16 -6 13 -4 12 -5 16 -5 15 -9 13 -8 13 -6 15 -8 14 -9 11 -8 14 -8 14 -9 14 -7 12 -9 2 -1 0 0 0 0 0 0 0 0 ]
CSI_DATA,AP,68:FE:71:12:53:8C,-37,11,1,7,1,1,1,0,0,0,0,-94,0,6,1,72750793,0,84,0,0,72.751,384,[84 -64 4 0 0 0 0 0 0 0 0 0 12 8 15 8 14 12 13 14 16 14 10 11 11 12 10 10 12 13 9 13 10 14 12 13 8 16 12 16 7 13 9 12 10 11 9 13 6 15 8 11 10 14 9 11 7 14 10 14 7 12 7 13 -1 -2 11 11 7 10 11 11 11 11 11 11 12 11 7 10 9 8 11 9 12 10 11 7 8 7 12 9 9 6 13 11 9 10 11 10 11 5 11 8 10 5 9 7 10 8 11 9 13 6 10 6 11 8 2 1 0 0 0 0 0 0 0 0 ]
CSI_DATA,AP,68:FE:71:12:53:8C,-41,11,1,4,1,1,1,0,0,0,0,-96,0,6,1,72895809,0,84,0,0,72.896,384,[84 -64 4 0 0 0 0 0 0 0 0 0 -6 3 -7 0 -7 0 -7 -1 -9 0 -9 0 -7 -1 -6 -3 -9 -1 -11 0 -8 1 -8 -1 -9 -2 -8 -1 -6 -3 -10 -1 -9 -3 -8 0 -6 0 -10 0 -9 -2 -9 -3 -7 -4 -6 -4 -9 -4 -8 -3 1 0 -10 0 -9 -1 -6 1 -7 -3 -9 1 -7 -2 -10 0 -7 2 -6 1 -6 1 -6 -1 -8 -2 -6 0 -8 2 -6 2 -8 1 -10 -1 -7 0 -6 -1 -9 3 -9 3 -8 -1 -9 2 -8 2 -10 3 -7 0 -2 0 0 0 0 0 0 0 0 0 ]
CSI_DATA,AP,68:FE:71:12:53:8C,-35,11,1,7,1,1,1,1,0,0,0,-96,2,6,1,73059423,0,84,0,0,73.059,384,[84 -64 4 0 0 0 0 0 0 0 0 0 -15 11 -16 10 -16 9 -19 13 -21 7 -20 9 -17 6 -18 6 -18 6 -16 6 -19 5 -21 8 -18 6 -21 8 -19 5 -19 3 -17 3 -16 5 -16 2 -18 4 -19 3 -19 6 -15 2 -16 4 -17 5 -16 4 1 1 -15 3 -15 5 -16 5 -17 8 -16 6 -14 7 -13 5 -16 7 -15 6 -15 6 -13 9 -13 8 -14 10 -13 7 -14 9 -12 9 -14 8 -10 9 -13 8 -12 10 -12 12 -12 12 -12 10 -9 11 -10 12 -11 12 2 -2 0 0 0 0 0 0 0 0 ]
CSI_DATA,AP,68:FE:71:12:53:8C,-33,11,1,6,1,1,1,0,0,0,0,-93,0,6,1,73196014,0,84,0,0,73.196,384,[84 -64 4 0 0 0 0 0 0 0 0 0 -9 0 -7 -1 -12 0 -8 2 -10 2 -8 -1 -8 0 -8 1 -7 -2 -9 1 -11 -2 -9 1 -8 -3 -8 -1 -6 -3 -9 -2 -8 1 -6 0 -8 -1 -9 -3 -4 0 -5 -3 -8 1 -6 -2 -6 2 -5 0 0 -1 -6 0 -7 0 -8 2 -4 -1 -4 0 -6 2 -7 0 -7 2 -4 1 -3 4 -5 2 -7 4 -3 5 -3 4 -6 4 -6 4 -3 5 -4 3 -4 5 -6 3 -3 2 -4 6 -3 2 -5 3 -6 5 -5 5 -2 0 0 0 0 0 0 0 0 0 ]
CSI_DATA,AP,68:FE:71:12:53:8C,-30,11,1,7,1,1,1,0,0,0,1,-94,0,6,1,73325444,0,84,0,0,73.325,384,[84 -64 4 0 0 0 0 0 0 0 0 0 5 -26 7 -25 7 -28 8 -26 8 -22 12 -24 10 -21 12 -21 13 -22 13 -18 11 -18 8 -21 12 -21 10 -19 12 -18 10 -16 10 -16 7 -14 6 -16 7 -13 9 -16 9 -16 4 -14 5 -14 7 -16 5 -15 0 0 3 -11 1 -13 1 -14 -1 -11 3 -13 0 -14 0 -12 -2 -12 -1 -14 0 -14 -1 -13 -3 -12 -3 -12 -5 -14 -2 -13 -5 -15 -5 -12 -6 -14 -2 -14 -4 -14 -4 -14 -8 -12 -7 -15 -7 -16 -9 -13 -8 -15 -2 1 0 0 0 0 0 0 0 0 ]
CSI_DATA,AP,68:FE:71:12:53:8C,-36,11,1,7,1,1,1,0,0,0,0,-94,0,6,1,73452555,0,84,0,0,73.453,384,[84 -64 4 0 0 0 0 0 0 0 0 0 -32 -4 -32 -5 -32 -2 -34 -5 -31 -5 -28 -7 -29 -9 -28 -8 -25 -6 -26 -9 -25 -7 -26 -8 -23 -10 -23 -9 -22 -12 -22 -8 -23 -9 -18 -8 -18 -7 -20 -9 -17 -7 -17 -7 -16 -7 -19 -6 -18 -6 -19 -3 -2 -2 -16 -2 -14 -1 -17 -2 -13 1 -15 -1 -12 2 -15 1 -15 0 -12 2 -10 5 -11 6 -10 3 -10 4 -12 6 -13 4 -10 5 -11 8 -9 9 -11 8 -8 7 -12 9 -10 5 -10 10 -8 11 -11 9 -9 10 -1 0 0 0 0 0 0 0 0 0 ]
CSI_DATA,AP,68:FE:71:12:53:8C,-40,11,1,6,1,1,1,0,0,0,0,-95,0,6,1,73595330,0,84,0,0,73.595,384,[84 -64 4 0 0 0 0 0 0 0 0 0 -20 9 -15 10 -21 11 -18 9 -20 7 -20 7 -20 4 -15 4 -17 4 -17 5 -17 7 -17 5 -17 5 -16 5 -15 6 -15 6 -16 5 -16 6 -13 6 -17 6 -14 2 -14 4 -14 4 -17 3 -13 3 -17 4 2 1 -13 4 -16 4 -13 7 -12 4 -16 4 -16 6 -14 4 -14 3 -13 6 -13 8 -15 7 -11 5 -14 8 -14 6 -15 6 -15 6 -15 7 -15 9 -15 5 -14 7 -12 8 -14 5 -11 8 -12 9 -14 7 -11 10 -1 2 0 0 0 0 0 0 0 0 ]
CSI_DATA,AP,68:FE:71:12:53:8C,-36,11,1,5,1,1,1,1,0,0,0,-94,4,6,1,73716591,0,84,0,0,73.717,384,[84 -64 4 0 0 0 0 0 0 0 0 0 9 -26 9 -24 11 -26 13 -26 13 -26 12 -27 15 -23 16 -22 15 -25 16 -25 13 -25 13 -25 16 -26 16 -23 16 -21 16 -24 14 -22 13 -19 18 -23 15 -22 14 -21 15 -19 15 -22 16 -21 13 -22 16 -22 2 2 12 -22 15 -22 16 -22 13 -24 11 -24 15 -22 11 -25 11 -24 13 -23 9 -26 10 -25 8 -24 10 -27 9 -28 13 -28 14 -26 12 -29 9 -27 12 -26 12 -26 14 -26 10 -25 8 -28 8 -27 6 -25 8 -25 1 -2 0 0 0 0 0 0 0 0 ]
CSI_DATA,AP,68:FE:71:12:53:8C,-34,11,1,6,1,1,1,1,0,0,0,-94,4,6,1,73827947,0,84,0,0,73.828,384,[84 -64 4 0 0 0 0 0 0 0 0 0 1 -3 0 -2 3 -2 4 -3 4 -1 3 -3 2 0 3 -1 3 -2 6 -1 7 -1 3 -3 6 -1 6 0 3 2 8 2 6 -1 7 2 5 0 6 1 8 1 6 2 6 1 10 2 8 3 6 2 -2 1 10 0 9 -1 10 2 10 0 11 -1 11 0 12 1 10 2 9 0 9 3 11 -1 13 1 11 0 12 2 12 -1 11 1 12 0 12 -2 13 0 14 0 16 3 13 3 15 0 18 -1 15 0 14 -2 0 0 0 0 0 0 0 0 0 0 ]
CSI_DATA,AP,68:FE:71:12:53:8C,-38,11,1,7,1,1,1,0,0,0,0,-94,0,6,1,73953943,0,84,0,0,73.954,384,[84 -64 4 0 0 0 0 0 0 0 0 0 9 -6 6 -6 9 -3 7 -6 10 -1 8 -1 9 -4 10 -3 10 0 11 -1 8 -2 9 -2 8 -1 11 0 11 0 12 1 12 1 11 -1 9 -3 10 -1 8 -2 8 -1 7 0 9 -2 10 -2 7 1 1 2 10 -1 7 -4 11 -4 8 -2 8 -3 10 -3 10 -4 6 -1 8 -3 9 -5 10 -2 6 -5 10 -3 8 -6 6 -5 8 -3 9 -6 6 -2 8 -3 6 -5 10 -4 6 -4 7 -6 9 -3 5 -4 9 -2 1 2 0 0 0 0 0 0 0 0 ]
CSI_DATA,AP,68:FE:71:12:53:8C,-36,11,1,7,1,1,1,1,0,0,0,-96,3,6,1,74079981,0,84,0,0,74.08,384,[84 -64 4 0 0 0 0 0 0 0 0 0 13 -1 11 3 12 4 14 1 12 2 12 4 11 6 11 3 12 2 12 6 13 3 12 5 9 6 8 3 9 6 12 5 10 5 11 6 8 5 8 6 11 4 11 2 7 3 8 4 8 5 10 3 0 -1 10 3 10 2 8 2 9 0 7 3 10 4 7 1 7 1 9 1 10 -1 9 3 8 3 11 3 11 1 10 2 7 -1 10 -1 8 0 10 -1 10 0 10 -3 9 -3 11 -2 10 0 7 -1 8 1 -2 0 0 0 0 0 0 0 0 0 ]
CSI_DATA,AP,68:FE:71:12:53:8C,-37,11,1,6,1,1,1,0,0,0,0,-95,0,6,1,74212031,0,84,0,0,74.212,384,[82 -96 4 0 0 0 0 0 0 0 0 0 -19 -3 -19 0 -19 -1 -20 -4 -19 -4 -21 -7 -19 -6 -19 -7 -19 -5 -17 -4 -21 -7 -20 -8 -17 -8 -19 -5 -17 -6 -19 -6 -16 -8 -15 -8 -19 -6 -17 -7 -16 -8 -16 -5 -15 -6 -16 -6 -18 -8 -17 -8 0 0 -15 -6 -18 -6 -16 -6 -16 -7 -17 -4 -17 -7 -14 -5 -16 -5 -15 -3 -13 -4 -15 -1 -16 -3 -16 -1 -17 -4 -15 -4 -16 -1 -17 -2 -18 -1 -18 -2 -16 0 -15 1 -17 0 -19 -2 -16 2 -18 0 -18 -1 1 1 0 0 0 0 0 0 0 0 ]
CSI_DATA,AP,68:FE:71:12:53:8C,-36,11,1,7,1,1,1,0,0,0,0,-94,0,6,1,74314550,0,84,0,0,74.315,384,[84 -64 4 0 0 0 0 0 0 0 0 0 1 -29 4 -28 1 -32 6 -30 3 -28 3 -27 8 -31 6 -27 6 -29 6 -27 10 -28 9 -27 7 -28 8 -27 9 -28 8 -26 10 -23 8 -24 11 -26 12 -27 8 -23 8 -26 9 -24 8 -24 10 -23 9 -21 1 -1 7 -24 8 -25 6 -25 4 -25 8 -24 3 -25 3 -21 2 -22 5 -23 4 -23 3 -20 1 -23 1 -23 1 -25 4 -24 0 -23 0 -26 0 -23 1 -25 2 -26 2 -26 -2 -24 -1 -25 -3 -23 -1 -22 -3 -22 2 -1 0 0 0 0 0 0 0 0 ]
CSI_DATA,AP,68:FE:71:12:53:8C,-37,11,1,7,1,1,1,0,0,0,0,-95,0,6,1,74427496,0,84,0,0,74.427,384,[84 -64 4 0 0 0 0 0 0 0 0 0 18 7 16 7 16 8 20 7 17 6 17 6 14 8 18 7 17 7 13 8 17 12 16 10 17 11 17 9 12 8 14 12 15 11 13 11 12 9 12 11 15 8 13 9 10 8 15 9 11 7 13 10 -2 1 12 7 15 5 12 8 14 7 15 7 11 7 12 4 15 6 13 7 11 3 12 3 12 7 15 5 15 2 16 4 16 3 14 6 12 2 14 1 15 3 15 1 13 3 17 2 17 1 15 0 14 2 1 2 0 0 0 0 0 0 0 0 ]
CSI_DATA,AP,68:FE:71:12:53:8C,-38,11,1,6,1,1,1,1,0,0,0,-94,4,6,1,74554052,0,84,0,0,74.554,384,[84 -64 4 0 0 0 0 0 0 0 0 0 -2 17 -2 17 0 20 -2 18 0 18 -3 18 -4 20 -3 18 -4 19 -2 19 -6 20 -4 19 -4 18 -6 17 -4 17 -5 17 -8 14 -4 14 -8 14 -8 17 -6 15 -7 13 -6 13 -5 16 -7 14 -6 14 -1 2 -5 15 -7 16 -6 14 -4 13 -6 15 -6 16 -6 12 -6 12 -5 14 -3 16 -5 14 -3 13 -3 13 -3 14 -2 15 -2 13 -1 13 0 14 -1 16 -2 13 1 14 -1 15 3 13 -1 13 -1 12 -2 16 2 1 0 0 0 0 0 0 0 0 ]
CSI_DATA,AP,68:FE:71:12:53:8C,-37,11,1,6,1,1,1,0,0,0,0,-95,0,6,1,74677077,0,84,0,0,74.677,384,[84 -64 4 0 0 0 0 0 0 0 0 0 18 10 13 9 16 13 15 12 12 15 15 11 11 12 13 13 11 15 11 16 10 13 13 13 13 13 13 13 13 14 13 17 11 13 12 12 10 13 12 14 9 12 12 13 9 13 11 14 8 13 8 13 1 -1 9 14 12 12 10 10 9 9 10 9 10 9 11 11 9 11 12 10 13 11 10 9 13 9 13 8 13 8 14 7 13 11 13 9 15 6 14 10 14 6 14 9 13 10 11 5 14 9 15 5 12 6 -2 -2 0 0 0 0 0 0 0 0 ]
CSI_DATA,AP,68:FE:71:12:53:8C,-36,11,1,6,1,1,1,0,0,0,0,-95,0,6,1,74810338,0,84,0,0,74.81,384,[84 -64 4 0 0 0 0 0 0 0 0 0 -14 28 -14 27 -18 26 -17 29 -16 25 -20 25 -20 25 -20 21 -19 22 -19 20 -21 22 -19 23 -20 22 -20 19 -20 20 -19 19 -23 21 -17 20 -21 18 -18 15 -19 19 -18 16 -20 17 -18 16 -19 17 -19 18 -1 1 -16 16 -15 19 -19 19 -15 20 -13 19 -16 17 -15 20 -15 17 -13 18 -13 18 -14 20 -12 20 -10 21 -13 18 -13 22 -13 23 -13 19 -10 23 -11 20 -9 21 -13 23 -10 21 -8 19 -11 24 -10 22 -11 21 1 0 0 0 0 0 0 0 0 0 ]
CSI_DATA,AP,68:FE:71:12:53:8C,-38,11,1,5,1,1,1,0,0,0,0,-95,0,6,1,74945384,0,84,0,0,74.945,384,[84 -64 4 0 0 0 0 0 0 0 0 0 -17 -7 -16 -5 -19 -4 -18 -7 -19 -9 -19 -8 -17 -6 -16 -7 -17 -7 -19 -11 -19 -7 -15 -11 -15 -11 -17 -7 -15 -10 -14 -10 -15 -11 -16 -9 -15 -7 -17 -8 -14 -9 -15 -10 -12 -8 -15 -7 -16 -9 -13 -9 -1 2 -12 -9 -13 -8 -14 -9 -16 -8 -16 -8 -13 -6 -17 -4 -13 -6 -12 -6 -17 -4 -14 -3 -13 -3 -13 -4 -14 -5 -17 -2 -18 -3 -17 -4 -17 -1 -14 -3 -13 -3 -13 -1 -15 -2 -15 0 -15 1 -15 0 -15 2 0 2 0 0 0 0 0 0 0 0 ]
CSI_DATA,AP,68:FE:71:12:53:8C,-30,11,1,6,1,1,1,1,0,0,0,-93,6,6,1,75063431,0,84,0,0,75.063,384,[84 -64 4 0 0 0 0 0 0 0 0 0 -20 0 -20 -2 -19 -3 -20 -6 -23 -4 -19 -4 -20 -6 -21 -4 -17 -8 -18 -8 -19 -7 -20 -5 -19 -7 -17 -6 -16 -7 -18 -6 -16 -6 -19 -7 -18 -6 -17 -5 -16 -7 -14 -6 -15 -9 -17 -5 -14 -8 -15 -5 1 0 -16 -4 -16 -8 -14 -4 -14 -6 -16 -7 -18 -7 -13 -7 -14 -4 -18 -5 -18 -2 -18 -2 -18 -5 -17 -4 -15 -3 -16 -3 -14 -3 -17 -4 -16 0 -17 1 -14 1 -17 -1 -16 1 -17 1 -17 2 -18 -2 -17 -1 2 -1 0 0 0 0 0 0 0 0 ]
CSI_DATA,AP,68:FE:71:12:53:8C,-34,11,1,6,1,1,1,1,0,0,0,-94,4,6,1,75213576,0,84,0,0,75.214,384,[84 -64 4 0 0 0 0 0 0 0 0 0 -14 14 -15 14 -15 11 -20 13 -20 13 -18 8 -16 12 -17 8 -20 7 -20 11 -19 8 -21 10 -17 9 -18 5 -19 5 -16 7 -20 6 -19 5 -17 8 -18 7 -19 7 -19 4 -17 6 -17 4 -17 7 -15 7 -2 0 -16 9 -13 9 -15 7 -16 9 -12 7 -12 7 -16 6 -15 10 -16 7 -12 8 -13 9 -12 8 -13 7 -11 9 -13 8 -14 11 -15 8 -11 9 -11 8 -11 9 -15 10 -14 8 -13 10 -13 11 -10 9 -14 11 -2 -2 0 0 0 0 0 0 0 0 ]
CSI_DATA,AP,68:FE:71:12:53:8C,-33,11,1,7,1,1,1,1,0,0,0,-94,1,6,1,75318552,0,84,0,0,75.319,384,[84 -64 4 0 0 0 0 0 0 0 0 0 18 -11 16 -12 15 -13 19 -12 16 -12 18 -12 19 -9 19 -6 17 -10 18 -8 19 -8 16 -5 18 -5 19 -6 16 -4 16 -7 17 -7 19 -5 17 -7 15 -7 15 -5 19 -4 16 -8 16 -8 16 -7 14 -5 2 2 16 -4 13 -4 17 -5 14 -4 13 -9 13 -6 12 -5 16 -7 15 -6 14 -10 13 -7 11 -7 12 -8 15 -9 11 -6 15 -8 14 -6 15 -10 12 -9 11 -7 11 -9 12 -10 15 -8 13 -8 10 -11 14 -11 -2 0 0 0 0 0 0 0 0 0 ]
CSI_DATA,AP,68:FE:71:12:53:8C,-40,11,1,4,1,1,1,0,0,0,0,-93,0,6,1,75447586,0,84,0,0,75.448,384,[84 -64 4 0 0 0 0 0 0 0 0 0 18 -13 15 -13 18 -11 19 -11 18 -10 20 -9 16 -8 18 -5 18 -9 17 -5 16 -9 20 -9 18 -6 18 -5 18 -7 18 -5 16 -7 15 -3 16 -6 18 -2 18 -2 15 -5 17 -5 16 -4 17 -6 16 -4 -1 0 14 -5 15 -3 14 -4 17 -4 15 -6 15 -4 16 -5 12 -6 15 -3 13 -6 15 -7 13 -5 12 -9 16 -6 11 -9 16 -9 11 -8 13 -7 13 -10 13 -8 13 -10 11 -8 12 -11 10 -10 10 -8 11 -9 -2 -2 0 0 0 0 0 0 0 0 ]
CSI_DATA,AP,68:FE:71:12:53:8C,-35,11,1,6,1,1,1,0,0,0,0,-95,0,6,1,75612175,0,84,0,0,75.612,384,[84 -64 4 0 0 0 0 0 0 0 0 0 -18 -10 -17 -8 -21 -11 -19 -10 -18 -13 -19 -12 -15 -11 -16 -15 -14 -11 -15 -15 -15 -11 -18 -14 -18 -15 -18 -15 -14 -11 -14 -13 -15 -12 -14 -13 -14 -15 -12 -14 -13 -14 -12 -11 -13 -13 -16 -10 -16 -13 -11 -10 2 -2 -13 -12 -14 -10 -15 -12 -13 -11 -11 -12 -15 -11 -14 -9 -11 -9 -12 -11 -12 -10 -13 -9 -15 -9 -12 -10 -15 -9 -12 -10 -16 -6 -14 -10 -13 -9 -17 -6 -17 -9 -17 -9 -13 -6 -16 -7 -18 -8 -18 -7 -18 -7 -1 2 0 0 0 0 0 0 0 0 ]
CSI_DATA,AP,68:FE:71:12:53:8C,-31,11,1,6,1,1,1,0,0,0,0,-94,0,6,1,75714433,0,84,0,0,75.714,384,[84 -64 4 0 0 0 0 0 0 0 0 0 9 -18 7 -18 11 -19 12 -19 13 -17 11 -18 14 -14 14 -14 11 -15 13 -18 15 -15 11 -15 14 -17 13 -15 11 -12 13 -13 12 -12 12 -13 11 -12 11 -13 10 -14 14 -14 11 -13 10 -15 13 -14 10 -11 1 1 10 -13 11 -15 11 -11 9 -12 7 -14 8 -11 11 -11 6 -13 7 -12 8 -15 8 -12 8 -15 6 -16 9 -16 6 -12 9 -16 9 -14 7 -14 7 -13 6 -17 6 -17 7 -16 5 -14 4 -18 7 -14 6 -15 -1 2 0 0 0 0 0 0 0 0 ]
CSI_DATA,AP,68:FE:71:12:53:8C,-39,11,1,4,1,1,1,0,0,0,0,-94,0,6,1,75865510,0,84,0,0,75.866,384,[84 -64 4 0 0 0 0 0 0 0 0 0 13 13 12 14 11 14 14 15 14 18 13 16 10 17 8 14 9 14 7 17 11 16 9 15 7 19 9 16 5 14 9 17 8 17 7 16 7 18 9 16 7 16 8 17 5 15 5 14 7 16 8 16 0 -1 6 14 9 12 7 14 8 11 6 12 5 12 9 14 6 13 7 12 8 10 9 14 10 11 11 14 9 12 7 13 11 11 11 13 11 12 8 9 8 11 11 12 11 12 9 11 13 10 11 12 10 11 0 -2 0 0 0 0 0 0 0 0 ]
CSI_DATA,AP,68:FE:71:12:53:8C,-37,11,1,5,1,1,1,0,0,0,0,-94,0,6,1,76010997,0,84,0,0,76.011,384,[84 -64 4 0 0 0 0 0 0 0 0 0 -8 17 -12 18 -13 17 -12 19 -11 17 -13 15 -11 17 -12 15 -15 16 -13 13 -16 16 -14 16 -15 14 -13 13 -14 11 -15 16 -11 14 -11 15 -12 12 -11 11 -12 15 -11 15 -12 10 -11 12 -14 11 -14 11 2 2 -10 12 -13 11 -8 13 -12 11 -10 14 -8 14 -9 15 -11 11 -8 13 -8 11 -10 13 -6 14 -8 14 -9 14 -6 12 -9 14 -8 16 -8 14 -8 15 -6 17 -5 14 -6 17 -4 14 -4 15 -5 13 -6 17 1 1 0 0 0 0 0 0 0 0 ]
CSI_DATA,AP,68:FE:71:12:53:8C,-35,11,1,6,1,1,1,0,0,0,0,-94,0,6,1,76137515,0,84,0,0,76.138,384,[84 -64 4 0 0 0 0 0 0 0 0 0 -2 -21 -1 -19 3 -21 2 -22 4 -20 2 -18 2 -17 5 -19 6 -18 5 -17 3 -18 3 -20 5 -20 7 -19 3 -18 7 -16 4 -15 5 -14 5 -16 5 -16 6 -13 4 -17 5 -12 7 -17 4 -15 3 -16 2 1 6 -17 3 -13 7 -16 6 -17 2 -16 4 -16 2 -13 2 -15 1 -17 0 -15 2 -17 -1 -13 -1 -16 2 -15 3 -15 2 -16 1 -15 0 -15 -2 -14 1 -17 1 -15 -2 -13 -3 -15 -4 -17 1 -14 -3 -14 2 0 0 0 0 0 0 0 0 0 ]
CSI_DATA,AP,68:FE:71:12:53:8C,-35,11,1,5,1,1,1,0,0,0,0,-94,0,6,1,76288076,0,84,0,0,76.288,384,[84 -64 4 0 0 0 0 0 0 0 0 0 2 19 5 21 5 22 4 20 4 21 -1 21 0 20 1 19 1 22 2 20 -3 22 0 21 -3 21 -3 20 -3 17 -1 19 -3 19 -3 18 -2 19 -1 19 -2 18 -1 15 -2 16 -1 18 -1 18 -2 19 2 1 0 19 -2 19 -1 18 -2 15 1 18 1 17 0 17 1 15 2 14 4 12 0 18 4 14 5 14 4 18 1 13 2 17 1 14 5 14 2 15 4 15 3 14 4 14 6 16 4 15 5 17 6 14 -2 -2 0 0 0 0 0 0 0 0 ]
CSI_DATA,AP,68:FE:71:12:53:8C,-36,11,1,6,1,1,1,0,0,0,0,-96,0,6,1,76407482,0,84,0,0,76.407,384,[84 -64 4 0 0 0 0 0 0 0 0 0 -8 -16 -8 -21 -11 -17 -10 -20 -6 -20 -6 -21 -4 -18 -7 -20 -6 -18 -4 -17 -7 -20 -7 -22 -6 -23 -7 -21 -3 -17 -2 -19 -1 -17 -2 -17 -3 -18 -3 -17 -3 -18 -4 -16 -5 -17 -5 -18 -2 -16 -5 -17 1 1 -4 -17 -7 -18 -4 -18 -7 -15 -5 -14 -6 -18 -6 -15 -3 -17 -7 -13 -6 -15 -8 -15 -9 -16 -7 -15 -9 -16 -6 -14 -8 -17 -7 -16 -7 -14 -7 -12 -10 -12 -11 -15 -8 -13 -10 -13 -11 -12 -9 -14 -10 -12 -2 -1 0 0 0 0 0 0 0 0 ]
CSI_DATA,AP,68:FE:71:12:53:8C,-39,11,1,6,1,1,1,1,0,0,0,-93,1,6,1,76529576,0,84,0,0,76.53,384,[84 -64 4 0 0 0 0 0 0 0 0 0 -19 2 -24 3 -25 0 -24 1 -23 -1 -24 -3 -24 -2 -21 0 -23 -4 -22 -1 -25 -3 -24 -3 -21 -3 -23 -3 -22 -2 -23 -5 -22 -4 -20 -4 -18 -2 -17 -2 -19 -4 -20 -2 -16 -5 -18 -2 -18 -4 -21 -4 2 0 -18 -1 -18 -2 -17 0 -16 -1 -16 -2 -20 0 -17 -2 -15 0 -19 0 -17 4 -19 5 -15 4 -15 3 -19 1 -18 2 -18 1 -19 1 -16 2 -18 4 -15 6 -19 6 -18 1 -19 4 -15 5 -19 7 -18 6 1 -2 0 0 0 0 0 0 0 0 ]
CSI_DATA,AP,68:FE:71:12:53:8C,-39,11,1,5,1,1,1,0,0,0,0,-94,0,6,1,76681095,0,84,0,0,76.681,384,[84 -64 4 0 0 0 0 0 0 0 0 0 19 -9 16 -11 22 -11 23 -8 21 -11 20 -8 20 -7 19 -6 22 -6 18 -7 23 -4 19 -5 19 -5 20 -5 20 -5 20 -5 18 -4 19 -6 16 -3 17 -4 19 -5 17 -3 17 -5 17 -4 17 -3 16 -6 0 -2 17 -2 17 -7 16 -6 16 -4 18 -5 17 -5 19 -3 13 -5 16 -5 16 -7 16 -6 17 -8 13 -8 16 -9 13 -10 16 -7 17 -7 15 -8 15 -7 12 -7 16 -10 16 -10 15 -8 17 -10 16 -7 13 -8 0 2 0 0 0 0 0 0 0 0 ]
CSI_DATA,AP,68:FE:71:12:53:8C,-36,11,1,6,1,1,1,0,0,0,0,-94,0,6,1,76803179,0,84,0,0,76.803,384,[84 -64 4 0 0 0 0 0 0 0 0 0 6 21 7 18 4 20 6 22 3 19 3 19 -1 23 -1 19 0 19 3 18 -2 20 -1 20 0 22 -2 22 1 18 -3 19 -2 20 -2 20 0 20 -1 20 -4 20 -4 17 -4 17 0 17 -2 18 1 19 -1 2 -2 15 -2 20 0 19 3 19 0 18 1 17 -2 19 -1 15 0 18 4 14 5 19 4 16 2 17 3 19 3 14 3 18 2 15 7 18 6 16 5 13 4 17 3 15 7 18 5 14 7 13 8 16 2 0 0 0 0 0 0 0 0 0 ]
CSI_DATA,AP,68:FE:71:12:53:8C,-32,11,1,7,1,1,1,0,0,0,0,-94,0,6,1,76932829,0,84,0,0,76.933,384,[84 -64 4 0 0 0 0 0 0 0 0 0 -18 15 -18 11 -22 12 -18 13 -21 12 -18 9 -22 8 -20 10 -21 8 -19 9 -20 9 -22 9 -21 6 -20 6 -20 8 -20 6 -22 7 -21 7 -18 6 -19 3 -18 3 -21 6 -15 3 -19 6 -20 6 -17 4 2 -2 -19 6 -17 9 -16 9 -15 10 -18 4 -15 9 -18 8 -15 7 -16 5 -15 9 -14 11 -13 7 -13 12 -17 10 -17 11 -14 11 -14 10 -14 10 -14 11 -14 9 -15 8 -13 8 -15 12 -15 13 -13 12 -14 13 1 1 0 0 0 0 0 0 0 0 ]
CSI_DATA,AP,68:FE:71:12:53:8C,-35,11,1,6,1,1,1,0,0,0,0,-95,0,6,1,77056033,0,84,0,0,77.056,384,[84 -64 4 0 0 0 0 0 0 0 0 0 13 -19 10 -17 14 -17 11 -19 13 -17 12 -16 12 -16 13 -16 16 -12 15 -12 14 -16 16 -15 13 -16 13 -11 16 -11 14 -12 15 -12 11 -11 17 -13 13 -13 15 -9 13 -8 10 -9 11 -13 15 -9 13 -10 1 1 15 -10 13 -13 14 -10 10 -11 11 -11 12 -14 10 -13 11 -10 9 -14 8 -10 8 -14 10 -13 10 -14 11 -11 8 -11 12 -15 10 -12 9 -15 8 -13 9 -13 9 -16 7 -12 5 -15 10 -16 10 -13 6 -16 1 1 0 0 0 0 0 0 0 0 ]
CSI_DATA,AP,68:FE:71:12:53:8C,-32,11,1,7,1,1,1,1,0,0,0,-94,2,6,1,77208299,0,84,0,0,77.208,384,[84 -64 4 0 0 0 0 0 0 0 0 0 -8 16 -10 20 -9 19 -12 17 -10 16 -11 17 -12 14 -14 15 -12 13 -12 15 -15 14 -12 15 -15 13 -14 16 -13 15 -15 15 -15 14 -13 13 -11 12 -15 11 -13 13 -15 12 -13 9 -15 10 -15 12 -11 11 0 2 -11 13 -10 12 -11 12 -9 15 -11 14 -9 15 -10 14 -11 13 -9 15 -10 11 -7 16 -8 13 -7 16 -9 15 -8 16 -6 14 -6 17 -4 17 -6 13 -4 15 -8 13 -8 14 -7 17 -4 16 -6 14 -6 17 0 -1 0 0 0 0 0 0 0 0 ]
CSI_DATA,AP,68:FE:71:12:53:8C,-31,11,1,6,1,1,1,0,0,0,0,-95,0,6,1,77346286,0,84,0,0,77.346,384,[84 -64 4 0 0 0 0 0 0 0 0 0 -20 3 -19 2 -24 3 -24 1 -23 0 -21 0 -21 -2 -20 1 -23 -3 -18 -2 -23 0 -22 -4 -22 -4 -18 -3 -17 -2 -21 -3 -18 0 -19 -4 -20 -2 -17 -4 -18 -1 -17 -4 -15 -2 -19 -4 -21 -5 -18 0 1 2 -19 -2 -20 -2 -16 2 -16 1 -18 1 -15 2 -17 -1 -16 2 -18 0 -18 4 -17 0 -15 1 -18 4 -18 4 -15 5 -19 4 -16 4 -17 7 -16 3 -14 5 -17 5 -15 6 -17 7 -16 8 -19 3 -18 4 2 1 0 0 0 0 0 0 0 0 ]
CSI_DATA,AP,68:FE:71:12:53:8C,-39,11,1,5,1,1,1,0,0,0,0,-94,0,6,1,77487634,0,84,0,0,77.488,384,[84 -64 4 0 0 0 0 0 0 0 0 0 -11 -19 -8 -19 -6 -18 -8 -22 -6 -19 -4 -20 -3 -21 -5 -22 -3 -21 -4 -21 -6 -23 -4 -20 -5 -23 -1 -19 -1 -18 -3 -19 -4 -21 -1 -20 0 -20 -1 -19 -4 -16 1 -17 1 -17 -4 -20 -4 -18 -3 -19 0 0 -1 -19 -1 -16 -2 -20 -5 -18 -3 -18 -5 -18 -3 -15 -7 -14 -6 -17 -5 -14 -5 -16 -7 -14 -9 -18 -5 -14 -9 -16 -7 -16 -7 -17 -7 -15 -8 -17 -10 -16 -10 -17 -10 -15 -8 -14 -11 -14 -10 -13 -8 -12 -2 -2 0 0 0 0 0 0 0 0 ]
CSI_DATA,AP,68:FE:71:12:53:8C,-37,11,1,6,1,1,1,1,0,0,0,-94,4,6,1,77669055,0,84,0,0,77.669,384,[84 -64 4 0 0 0 0 0 0 0 0 0 -21 -10 -20 -11 -23 -8 -19 -11 -18 -9 -16 -10 -20 -14 -15 -10 -16 -14 -17 -11 -17 -15 -19 -10 -19 -13 -19 -12 -15 -13 -17 -13 -16 -11 -17 -13 -15 -14 -17 -15 -16 -11 -17 -13 -14 -11 -13 -11 -15 -13 -16 -10 1 -1 -16 -8 -16 -10 -15 -9 -16 -11 -15 -8 -13 -8 -17 -10 -14 -10 -17 -8 -13 -10 -18 -6 -16 -8 -16 -8 -14 -8 -15 -9 -19 -8 -15 -7 -16 -7 -18 -7 -18 -7 -19 -7 -15 -7 -19 -5 -16 -2 -16 -3 -15 -2 1 2 0 0 0 0 0 0 0 0 ]
CSI_DATA,AP,68:FE:71:12:53:8C,-37,11,1,5,1,1,1,0,0,0,0,-93,0,6,1,77799322,0,84,0,0,77.799,384,[84 -64 4 0 0 0 0 0 0 0 0 0 9 -17 9 -18 11 -17 13 -17 14 -16 11 -17 12 -14 11 -16 14 -13 15 -12 12 -17 13 -17 15 -14 13 -15 14 -11 13 -12 14 -13 15 -13 15 -13 15 -11 13 -11 14 -14 12 -13 15 -12 13 -14 15 -14 2 0 14 -10 13 -11 11 -14 8 -15 12 -11 12 -11 10 -11 12 -14 11 -14 9 -11 10 -14 10 -13 6 -15 11 -14 8 -13 7 -14 9 -13 8 -14 9 -14 5 -13 9 -16 6 -15 8 -15 5 -18 7 -16 3 -16 -1 -1 0 0 0 0 0 0 0 0 ]
CSI_DATA,AP,68:FE:71:12:53:8C,-38,11,1,7,1,1,1,0,0,0,0,-94,0,6,1,77915135,0,84,0,0,77.915,384,[84 -64 4 0 0 0 0 0 0 0 0 0 3 -19 3 -20 0 -22 5 -22 4 -19 1 -19 5 -20 3 -21 4 -21 3 -20 5 -22 7 -20 6 -21 6 -19 7 -19 8 -18 7 -17 4 -16 4 -18 4 -18 4 -18 5 -16 4 -18 7 -17 7 -16 3 -17 1 1 6 -15 3 -15 5 -18 4 -15 4 -15 4 -17 2 -17 2 -15 1 -18 0 -16 2 -18 1 -18 3 -17 3 -19 -1 -15 2 -19 1 -16 -2 -19 2 -18 0 -17 1 -16 -2 -18 0 -19 -2 -16 1 -19 -1 -16 2 -2 0 0 0 0 0 0 0 0 ]
CSI_DATA,AP,68:FE:71:12:53:8C,-35,11,1,6,1,1,1,1,0,0,0,-94,3,6,1,78056134,0,84,0,0,78.056,384,[84 -64 4 0 0 0 0 0 0 0 0 0 8 -20 7 -18 10 -23 8 -20 10 -20 12 -16 13 -19 9 -17 14 -17 12 -18 13 -17 15 -17 12 -19 12 -15 14 -14 15 -17 14 -17 13 -16 13 -13 10 -14 12 -16 14 -16 14 -15 10 -15 12 -15 12 -15 -1 -1 11 -15 10 -14 8 -13 8 -15 12 -15 9 -18 8 -15 11 -17 7 -14 6 -16 7 -16 9 -16 10 -14 8 -17 5 -17 7 -18 7 -15 8 -15 6 -19 6 -17 6 -15 4 -18 8 -15 7 -17 6 -15 3 -16 -2 1 0 0 0 0 0 0 0 0 ]
CSI_DATA,AP,68:FE:71:12:53:8C,-37,11,1,5,1,1,1,0,0,0,0,-94,0,6,1,78180142,0,84,0,0,78.18,384,[84 -64 4 0 0 0 0 0 0 0 0 0 19 8 16 10 17 10 15 13 18 12 17 13 17 13 14 11 13 13 11 13 13 13 15 14 14 15 16 15 12 15 11 14 12 15 9 13 14 12 10 16 11 14 10 15 8 10 14 15 11 14 11 15 2 0 12 13 10 14 14 11 14 10 13 11 13 11 9 11 12 8 13 11 10 11 12 6 14 6 14 10 12 6 11 6 16 7 14 6 12 5 13 5 14 3 13 8 15 8 15 3 15 3 16 3 13 5 2 2 0 0 0 0 0 0 0 0 ]
CSI_DATA,AP,68:FE:71:12:53:8C,-34,11,1,5,1,1,1,0,0,0,0,-96,0,6,1,78307667,0,84,0,0,78.308,384,[84 -64 4 0 0 0 0 0 0 0 0 0 6 17 10 16 6 16 5 20 8 18 5 16 3 17 7 15 3 16 7 15 3 18 6 16 3 16 1 19 2 17 1 18 3 15 0 15 4 15 1 18 3 14 3 14 4 17 3 14 3 18 3 15 -1 2 3 16 6 18 5 13 4 12 2 12 4 13 5 14 6 11 5 15 5 14 7 16 8 11 9 13 5 13 6 11 8 14 10 13 7 14 10 10 11 13 10 10 7 11 11 11 10 11 8 13 9 12 1 -1 0 0 0 0 0 0 0 0 ]
CSI_DATA,AP,68:FE:71:12:53:8C,-37,11,1,6,1,1,1,1,0,0,0,-94,4,6,1,78442302,0,84,0,0,78.442,384,[84 -64 4 0 0 0 0 0 0 0 0 0 -18 -1 -20 1 -20 2 -19 -1 -19 1 -17 -4 -20 -2 -19 -3 -20 -4 -16 -5 -19 -6 -18 -4 -17 -4 -18 -5 -17 -4 -19 -6 -19 -6 -18 -3 -14 -3 -17 -4 -18 -6 -14 -6 -13 -5 -14 -6 -17 -4 -15 -3 2 2 -14 -1 -14 0 -17 0 -17 1 -15 -3 -13 -2 -15 -3 -15 -3 -15 0 -14 -1 -15 0 -15 2 -15 3 -15 1 -15 2 -15 3 -17 0 -15 0 -15 1 -16 3 -17 4 -15 0 -14 4 -17 5 -16 1 -17 3 0 -1 0 0 0 0 0 0 0 0 ]
CSI_DATA,AP,68:FE:71:12:53:8C,-36,11,1,6,1,1,1,0,0,0,1,-94,0,6,1,78602843,0,84,0,0,78.603,384,[84 -64 4 0 0 0 0 0 0 0 0 0 2 16 3 19 0 17 1 18 0 15 -1 19 -3 16 -5 16 -2 15 -1 13 -1 19 -2 16 -2 18 -4 13 -2 13 -3 13 -6 14 -1 11 -4 16 -5 12 -3 15 -2 12 -2 10 -3 16 -5 13 -4 13 0 1 0 15 -2 15 -2 13 2 15 0 13 0 16 -3 12 1 12 2 14 2 15 1 15 3 12 2 12 1 13 -1 16 1 16 3 13 4 13 2 17 1 14 1 13 3 12 5 17 5 13 4 14 4 16 -1 2 0 0 0 0 0 0 0 0 ]
CSI_DATA,AP,68:FE:71:12:53:8C,-40,11,1,4,1,1,1,0,0,0,0,-95,0,6,1,78757408,0,84,0,0,78.757,384,[84 -64 4 0 0 0 0 0 0 0 0 0 -15 -8 -15 -9 -15 -9 -18 -8 -17 -8 -15 -11 -16 -11 -13 -12 -16 -11 -12 -9 -15 -14 -14 -11 -13 -14 -12 -10 -11 -9 -12 -13 -13 -9 -13 -13 -13 -13 -9 -12 -13 -9 -13 -11 -12 -9 -11 -11 -9 -12 -10 -10 -1 2 -10 -9 -12 -11 -10 -9 -14 -10 -11 -11 -11 -9 -10 -10 -14 -6 -14 -6 -10 -8 -13 -6 -12 -7 -14 -9 -14 -6 -11 -9 -15 -7 -16 -9 -15 -5 -16 -5 -12 -7 -12 -5 -14 -3 -16 -4 -16 -3 -12 -5 -12 -2 -2 2 0 0 0 0 0 0 0 0 ]
CSI_DATA,AP,68:FE:71:12:53:8C,-34,11,1,5,1,1,1,0,0,0,0,-96,0,6,1,78888450,0,84,0,0,78.888,384,[84 -64 4 0 0 0 0 0 0 0 0 0 13 -6 14 -7 13 -6 16 -8 15 -5 14 -6 13 -2 15 -1 11 -3 14 -4 13 -4 12 -3 16 -2 14 -4 13 -1 11 -4 12 -1 9 -1 11 -3 14 1 11 -2 13 -3 10 1 11 -2 11 -4 10 -2 2 -1 13 0 11 -4 14 -2 9 -4 11 -1 13 0 10 -2 9 -4 9 -2 11 -5 10 -4 8 -3 12 -5 9 -5 8 -6 10 -6 8 -6 9 -8 10 -4 9 -4 8 -7 10 -3 9 -4 11 -8 11 -5 11 -5 -2 0 0 0 0 0 0 0 0 0 ]
CSI_DATA,AP,68:FE:71:12:53:8C,-39,11,1,4,1,1,1,0,0,0,0,-94,0,6,1,78996424,0,84,0,0,78.996,384,[84 -64 4 0 0 0 0 0 0 0 0 0 28 -3 30 -1 33 -1 32 2 31 4 30 4 29 5 31 5 28 4 30 6 33 4 33 6 32 9 28 9 28 9 29 9 28 8 27 8 28 9 26 9 28 9 29 10 25 9 26 7 28 9 30 8 0 -2 28 8 30 6 29 3 29 3 26 3 27 5 26 7 27 4 26 1 28 -1 29 -1 28 0 27 -1 28 2 26 0 26 0 27 -3 29 -3 26 -1 24 -5 29 -4 25 0 30 -3 27 -5 30 -6 28 -5 -2 -1 0 0 0 0 0 0 0 0 ]
CSI_DATA,AP,68:FE:71:12:53:8C,-37,11,1,5,1,1,1,0,0,0,0,-95,0,6,1,79113375,0,84,0,0,79.113,384,[84 -64 4 0 0 0 0 0 0 0 0 0 -6 -17 -9 -20 -7 -20 -6 -21 -4 -22 -2 -19 -6 -20 -1 -17 -4 -18 -1 -18 -1 -22 -1 -22 -3 -20 -2 -20 -2 -17 -4 -21 -2 -19 0 -15 -1 -19 -3 -15 -1 -19 -1 -15 0 -14 -2 -15 -3 -16 0 -17 -1 -2 -1 -14 -1 -15 0 -16 -1 -16 -1 -17 -3 -15 -2 -14 -4 -13 -3 -16 -3 -13 -7 -17 -3 -14 -6 -15 -6 -12 -6 -13 -5 -14 -6 -16 -8 -15 -6 -14 -7 -11 -7 -14 -5 -11 -6 -14 -9 -16 -8 -12 -6 -15 0 0 0 0 0 0 0 0 0 0 ]
CSI_DATA,AP,68:FE:71:12:53:8C,-35,11,1,6,1,1,1,0,0,0,0,-95,0,6,1,79220043,0,84,0,0,79.22,384,[84 -64 4 0 0 0 0 0 0 0 0 0 21 -11 18 -8 20 -10 19 -7 19 -5 19 -7 20 -4 15 -3 19 -3 17 -1 17 -2 15 -4 18 -3 14 -3 17 -4 15 -4 13 0 15 -3 14 -3 14 0 15 0 14 -3 11 -2 12 -3 12 -5 13 -3 2 1 10 -5 12 -5 11 -7 8 -4 11 -7 9 -6 9 -5 11 -7 10 -4 10 -7 11 -7 8 -9 10 -6 8 -8 9 -8 10 -7 10 -10 11 -10 7 -10 10 -9 8 -11 6 -9 8 -10 9 -10 10 -11 6 -12 2 1 0 0 0 0 0 0 0 0 ]
CSI_DATA,AP,68:FE:71:12:53:8C,-36,11,1,7,1,1,1,0,0,0,0,-94,0,6,1,79314215,0,84,0,0,79.314,384,[84 -64 4 0 0 0 0 0 0 0 0 0 -1 25 -3 26 -3 26 -1 29 -1 27 -6 22 -8 21 -6 19 -7 21 -7 21 -6 20 -5 19 -5 21 -8 21 -6 19 -5 17 -7 16 -5 17 -5 16 -7 16 -7 14 -2 15 -5 11 -4 14 -1 13 -1 13 -1 1 -2 12 1 12 2 14 -1 12 2 10 -1 14 2 14 2 13 0 13 0 9 3 14 4 10 4 11 6 14 2 12 3 10 7 14 4 11 5 13 7 11 7 11 7 11 5 9 10 9 8 13 6 11 0 0 0 0 0 0 0 0 0 0 ]
CSI_DATA,AP,68:FE:71:12:53:8C,-33,11,1,7,1,1,1,0,0,0,0,-95,0,6,1,79430965,0,84,0,0,79.431,384,[84 -64 4 0 0 0 0 0 0 0 0 0 -23 -20 -23 -23 -25 -24 -21 -23 -23 -22 -16 -21 -18 -25 -16 -23 -17 -23 -15 -23 -18 -20 -17 -20 -14 -19 -14 -22 -10 -19 -15 -18 -12 -17 -10 -18 -13 -15 -9 -19 -10 -18 -12 -14 -12 -13 -11 -15 -10 -12 -11 -12 1 1 -12 -11 -12 -12 -13 -12 -12 -6 -10 -10 -11 -10 -12 -10 -12 -7 -14 -8 -14 -6 -15 -1 -14 -6 -15 -3 -11 0 -11 -2 -16 -3 -14 -3 -15 0 -13 -2 -15 1 -11 -1 -15 1 -15 4 -13 5 -11 3 -12 4 2 -1 0 0 0 0 0 0 0 0 ]
CSI_DATA,AP,68:FE:71:12:53:8C,-35,11,1,6,1,1,1,0,0,0,0,-96,0,6,1,79561421,0,84,0,0,79.561,384,[84 -64 4 0 0 0 0 0 0 0 0 0 -17 -8 -20 -5 -17 -9 -17 -9 -18 -7 -14 -9 -15 -9 -16 -7 -16 -9 -14 -8 -15 -9 -15 -9 -15 -11 -16 -11 -14 -9 -13 -7 -12 -10 -14 -6 -14 -7 -15 -9 -12 -11 -15 -6 -14 -9 -15 -6 -14 -10 -15 -10 0 -2 -15 -9 -14 -5 -16 -5 -16 -5 -14 -7 -13 -7 -16 -8 -14 -5 -14 -7 -17 -7 -19 -5 -17 -6 -15 -7 -14 -4 -16 -8 -16 -6 -17 -8 -16 -7 -15 -8 -15 -5 -17 -8 -15 -5 -18 -8 -17 -4 -17 -8 -16 -8 2 -2 0 0 0 0 0 0 0 0 ]
CSI_DATA,AP,68:FE:71:12:53:8C,-37,11,1,7,1,1,1,1,0,0,0,-94,2,6,1,79676407,0,84,0,0,79.676,384,[84 -64 4 0 0 0 0 0 0 0 0 0 -2 -22 -3 -22 -2 -24 0 -24 -1 -22 -1 -21 4 -25 0 -21 4 -22 5 -23 3 -23 3 -25 7 -27 3 -25 4 -24 2 -25 5 -25 2 -24 5 -20 6 -24 8 -21 3 -22 3 -20 5 -24 7 -24 3 -25 -1 -1 6 -24 4 -25 1 -24 2 -23 1 -23 3 -25 2 -23 0 -25 2 -22 1 -25 -1 -27 2 -22 0 -25 1 -23 -1 -23 1 -26 1 -25 -2 -23 -2 -24 -3 -26 2 -22 1 -24 -1 -26 -2 -25 0 -23 -3 -22 -2 2 0 0 0 0 0 0 0 0 ]
CSI_DATA,AP,68:FE:71:12:53:8C,-38,11,1,6,1,1,1,0,0,0,0,-93,0,6,1,79821754,0,84,0,0,79.822,384,[84 -64 4 0 0 0 0 0 0 0 0 0 9 -19 8 -17 13 -17 10 -21 11 -20 14 -16 12 -18 15 -20 18 -19 15 -18 16 -19 20 -19 20 -21 17 -16 20 -14 19 -20 21 -16 20 -18 16 -15 21 -13 20 -13 19 -18 16 -16 18 -16 17 -16 17 -15 1 -2 16 -16 18 -19 19 -17 18 -19 15 -15 15 -18 14 -17 17 -19 14 -16 14 -15 13 -20 15 -19 15 -16 11 -19 13 -17 12 -19 14 -21 14 -18 15 -20 11 -20 11 -18 14 -19 10 -21 13 -22 8 -18 13 -21 -2 -1 0 0 0 0 0 0 0 0 ]
CSI_DATA,AP,68:FE:71:12:53:8C,-38,11,1,5,1,1,1,0,0,0,0,-93,0,6,1,79989076,0,84,0,0,79.989,384,[84 -64 4 0 0 0 0 0 0 0 0 0 3 -6 0 -5 4 -5 1 -8 4 -5 4 -5 0 -9 5 -9 1 -8 5 -5 4 -8 2 -9 5 -9 1 -10 1 -6 2 -9 6 -9 2 -9 6 -7 2 -9 3 -5 2 -8 4 -9 3 -8 5 -10 3 -8 -1 -2 3 -6 4 -5 2 -7 4 -6 4 -6 3 -7 3 -8 2 -8 1 -5 4 -4 5 -8 0 -6 0 -6 1 -7 4 -7 2 -6 2 -8 1 -5 2 -8 0 -5 0 -5 2 -7 3 -7 -2 -6 -2 -5 2 -6 0 2 0 0 0 0 0 0 0 0 ]
CSI_DATA,AP,68:FE:71:12:53:8C,-36,11,1,6,1,1,1,0,0,0,0,-94,0,6,1,80078685,0,84,0,0,80.079,384,[84 -64 4 0 0 0 0 0 0 0 0 0 13 15 15 15 17 14 16 16 13 18 14 16 13 18 10 18 9 15 12 18 13 15 11 17 9 18 8 15 8 17 10 18 8 15 6 14 8 18 8 17 8 16 10 15 6 13 11 13 9 13 9 15 1 -2 11 11 11 11 9 14 10 10 7 14 11 13 7 11 8 12 8 12 9 12 14 11 10 10 12 9 11 9 12 10 10 9 12 8 12 9 13 11 11 6 14 7 14 7 14 10 16 9 13 10 13 5 2 -2 0 0 0 0 0 0 0 0 ]
CSI_DATA,AP,68:FE:71:12:53:8C,-33,11,1,7,1,1,1,0,0,0,0,-95,0,6,1,80212399,0,84,0,0,80.212,384,[37 80 2 0 0 0 0 0 0 0 0 0 -4 31 -3 31 -4 33 -5 31 -7 30 -8 30 -8 31 -12 28 -10 28 -10 29 -11 30 -11 30 -10 27 -12 29 -13 27 -11 27 -10 25 -11 26 -11 25 -11 23 -12 22 -9 25 -11 23 -12 25 -8 24 -10 25 -1 2 -9 24 -10 27 -10 28 -8 26 -6 25 -7 23 -7 22 -7 24 -6 24 -7 23 -3 27 -2 26 -2 27 -5 25 -6 25 -6 26 -2 26 -3 24 -2 25 -4 23 -4 24 -2 25 -2 26 -1 24 2 26 2 25 -1 0 0 0 0 0 0 0 0 0 ]
CSI_DATA,AP,68:FE:71:12:53:8C,-34,11,1,6,1,1,1,0,0,0,0,-94,0,6,1,80339290,0,84,0,0,80.339,384,[84 -64 4 0 0 0 0 0 0 0 0 0 -7 -17 -10 -22 -8 -21 -5 -21 -5 -20 -5 -20 -5 -18 -7 -20 -3 -22 -2 -18 -2 -20 -6 -18 -4 -18 -4 -20 -3 -22 -5 -17 -2 -19 -2 -19 -2 -21 -3 -19 -3 -17 -1 -20 -2 -17 -3 -19 -3 -17 -1 -17 1 -1 -3 -17 -6 -17 -5 -18 -2 -17 -7 -17 -5 -14 -4 -14 -3 -17 -6 -17 -8 -17 -7 -13 -4 -16 -6 -16 -9 -15 -9 -16 -6 -13 -10 -16 -6 -13 -10 -12 -8 -15 -7 -13 -9 -13 -9 -16 -10 -16 -10 -16 -9 -14 2 0 0 0 0 0 0 0 0 0 ]
CSI_DATA,AP,68:FE:71:12:53:8C,-40,11,1,4,1,1,1,1,0,0,0,-93,1,6,1,80469166,0,84,0,0,80.469,384,[84 -64 4 0 0 0 0 0 0 0 0 0 -23 -28 -22 -27 -22 -30 -22 -30 -22 -33 -19 -33 -17 -31 -16 -30 -14 -33 -17 -33 -15 -33 -14 -31 -14 -32 -15 -35 -13 -31 -13 -33 -12 -33 -12 -34 -14 -32 -10 -33 -10 -33 -12 -31 -12 -28 -12 -32 -10 -33 -10 -29 -2 1 -12 -28 -10 -31 -12 -32 -11 -29 -13 -28 -12 -29 -14 -29 -11 -29 -14 -27 -16 -27 -16 -27 -17 -25 -14 -26 -17 -26 -17 -28 -17 -25 -15 -27 -18 -26 -17 -23 -19 -25 -18 -25 -17 -23 -18 -23 -20 -23 -18 -23 -22 -23 -2 -1 0 0 0 0 0 0 0 0 ]
CSI_DATA,AP,68:FE:71:12:53:8C,-36,11,1,7,1,1,1,0,0,0,0,-95,0,6,1,80592738,0,84,0,0,80.593,384,[84 -64 4 0 0 0 0 0 0 0 0 0 -5 -21 -3 -21 -5 -20 -2 -21 -1 -19 -1 -21 0 -19 -3 -22 -1 -22 -3 -21 0 -19 2 -22 -1 -20 0 -22 -2 -20 3 -20 0 -17 2 -18 0 -21 2 -16 0 -17 2 -17 3 -18 2 -18 2 -16 2 -16 -2 1 -3 -18 -3 -19 -2 -18 -3 -14 0 -17 -4 -17 -2 -16 -2 -17 0 -16 -4 -14 -3 -16 -1 -14 -4 -15 -2 -14 -5 -17 -4 -13 -7 -18 -3 -17 -5 -17 -4 -16 -6 -15 -7 -14 -7 -16 -7 -15 -6 -14 -7 -15 0 0 0 0 0 0 0 0 0 0 ]
CSI_DATA,AP,68:FE:71:12:53:8C,-35,11,1,7,1,1,1,1,0,0,0,-93,2,6,1,80693796,0,84,0,0,80.694,384,[84 -64 4 0 0 0 0 0 0 0 0 0 18 5 18 5 19 3 20 6 17 3 19 5 17 6 15 7 16 5 15 7 18 6 16 7 15 6 14 8 15 8 15 10 18 10 12 6 15 6 14 7 12 9 12 8 11 5 15 6 13 8 16 5 -2 0 13 9 13 5 16 9 12 5 12 5 14 5 12 7 13 3 15 4 15 4 16 1 16 5 13 5 14 2 16 2 17 2 14 3 17 0 14 3 13 0 15 3 16 2 16 0 14 -2 13 0 15 0 0 2 0 0 0 0 0 0 0 0 ]
CSI_DATA,AP,68:FE:71:12:53:8C,-37,11,1,6,1,1,1,0,0,0,0,-96,0,6,1,80817938,0,84,0,0,80.818,384,[84 -64 4 0 0 0 0 0 0 0 0 0 -10 -18 -14 -15 -13 -18 -13 -17 -12 -16 -11 -19 -11 -17 -9 -19 -9 -20 -6 -20 -8 -21 -7 -19 -5 -17 -7 -16 -5 -16 -6 -16 -7 -17 -8 -17 -7 -19 -5 -18 -8 -19 -7 -17 -4 -18 -4 -18 -5 -16 -6 -14 -1 -1 -4 -15 -5 -16 -7 -14 -7 -14 -9 -14 -6 -15 -10 -15 -8 -12 -6 -16 -9 -12 -11 -14 -7 -12 -8 -12 -8 -11 -8 -13 -12 -13 -11 -13 -9 -13 -12 -15 -13 -12 -11 -11 -9 -10 -9 -15 -12 -10 -9 -14 -12 -14 2 -2 0 0 0 0 0 0 0 0 ]
CSI_DATA,AP,68:FE:71:12:53:8C,-37,11,1,6,1,1,1,0,0,0,0,-93,0,6,1,80945400,0,84,0,0,80.945,384,[84 -64 4 0 0 0 0 0 0 0 0 0 18 -13 14 -11 16 -10 19 -12 19 -13 17 -9 19 -8 17 -7 18 -11 17 -10 21 -10 19 -7 21 -7 18 -7 18 -6 19 -7 16 -7 19 -4 17 -4 17 -5 18 -6 15 -8 18 -4 15 -6 17 -4 18 -6 2 -2 14 -5 16 -9 14 -5 13 -9 13 -6 14 -9 15 -5 13 -7 16 -8 13 -10 15 -7 13 -8 12 -8 13 -9 11 -8 14 -10 14 -10 13 -13 11 -11 13 -10 14 -9 11 -10 12 -10 14 -13 12 -11 9 -10 0 1 0 0 0 0 0 0 0 0 ]
CSI_DATA,AP,68:FE:71:12:53:8C,-37,11,1,5,1,1,1,0,0,0,0,-93,0,6,1,81078839,0,84,0,0,81.079,384,[84 -64 4 0 0 0 0 0 0 0 0 0 -9 16 -7 17 -12 15 -8 13 -12 17 -11 14 -13 14 -9 12 -12 14 -10 11 -12 11 -14 11 -12 12 -14 10 -12 14 -12 14 -12 14 -10 9 -13 9 -12 9 -10 10 -12 9 -11 10 -12 8 -9 12 -13 10 2 1 -10 10 -11 11 -10 11 -8 9 -9 10 -10 11 -10 9 -11 13 -7 9 -10 13 -10 10 -10 10 -6 14 -9 12 -9 10 -6 11 -4 13 -5 11 -7 13 -4 14 -4 10 -3 15 -4 15 -4 12 -4 12 -5 13 1 1 0 0 0 0 0 0 0 0 ]
CSI_DATA,AP,68:FE:71:12:53:8C,-33,11,1,7,1,1,1,0,0,0,0,-94,0,6,1,81202369,0,84,0,0,81.202,384,[84 -64 4 0 0 0 0 0 0 0 0 0 -37 -6 -40 -6 -38 -8 -38 -13 -41 -9 -35 -10 -38 -13 -37 -16 -35 -15 -33 -14 -35 -18 -35 -17 -34 -15 -33 -15 -34 -17 -34 -20 -33 -15 -34 -19 -29 -18 -33 -20 -31 -17 -32 -17 -26 -15 -31 -17 -32 -17 -27 -17 -1 -1 -31 -14 -30 -16 -29 -16 -28 -14 -30 -14 -29 -15 -31 -13 -28 -14 -29 -13 -29 -10 -31 -12 -29 -12 -29 -10 -28 -8 -33 -8 -32 -8 -33 -7 -30 -7 -30 -5 -34 -6 -32 -8 -34 -7 -32 -6 -33 -4 -31 -8 -32 -5 1 -2 0 0 0 0 0 0 0 0 ]
CSI_DATA,AP,68:FE:71:12:53:8C,-36,11,1,6,1,1,1,0,0,0,0,-94,0,6,1,81342760,0,84,0,0,81.343,384,[84 -64 4 0 0 0 0 0 0 0 0 0 -21 -1 -22 -2 -21 -1 -20 -1 -22 0 -22 -4 -19 -2 -21 -1 -21 -2 -22 -4 -20 -6 -20 -6 -19 -6 -18 -3 -21 -5 -20 -4 -20 -5 -18 -3 -19 -5 -17 -4 -18 -4 -15 -6 -15 -3 -16 -4 -18 -4 -18 -5 -1 -1 -17 -3 -16 -3 -14 -2 -14 -5 -17 -2 -18 -1 -17 -3 -15 0 -18 -2 -17 1 -18 -3 -17 1 -17 2 -15 0 -15 0 -15 0 -19 1 -14 -1 -17 3 -14 4 -15 3 -16 -1 -19 3 -19 2 -15 1 -15 4 0 0 0 0 0 0 0 0 0 0 ]
CSI_DATA,AP,68:FE:71:12:53:8C,-39,11,1,4,1,1,1,0,0,0,0,-94,0,6,1,81473542,0,84,0,0,81.474,384,[84 -64 4 0 0 0 0 0 0 0 0 0 3 17 1 21 0 22 2 18 0 19 -2 21 -2 17 -1 18 -2 21 -2 19 -5 20 -5 16 -5 20 -2 19 -4 16 -6 20 -2 18 -5 17 -3 17 -4 16 -4 15 -2 16 -3 17 -1 18 -5 16 -1 14 2 -1 -1 15 0 15 0 14 -3 18 -1 16 -2 15 -2 13 -1 15 -3 13 2 16 1 16 0 14 2 16 0 14 0 17 -1 13 0 17 4 13 3 15 1 17 3 13 2 13 2 18 5 16 5 15 2 16 2 -2 0 0 0 0 0 0 0 0 ]
CSI_DATA,AP,68:FE:71:12:53:8C,-38,11,1,5,1,1,1,0,0,0,0,-95,0,6,1,81601640,0,84,0,0,81.602,384,[84 -64 4 0 0 0 0 0 0 0 0 0 10 15 8 14 12 13 12 16 11 15 11 14 10 15 5 17 7 15 6 14 5 14 9 18 6 16 8 13 8 15 5 15 3 17 3 14 7 13 6 14 3 12 6 13 4 12 3 13 5 13 4 15 2 0 3 14 6 11 7 12 8 11 5 11 4 14 7 12 8 11 9 13 7 9 7 9 7 10 6 10 9 12 7 9 8 9 7 11 8 9 11 8 8 10 7 9 11 9 12 8 11 10 9 9 9 8 -2 0 0 0 0 0 0 0 0 0 ]
CSI_DATA,AP,68:FE:71:12:53:8C,-35,11,1,5,1,1,1,0,0,0,0,-94,0,6,1,81745057,0,84,0,0,81.745,384,[84 -64 4 0 0 0 0 0 0 0 0 0 7 -16 9 -17 6 -16 11 -17 10 -16 8 -17 9 -16 9 -14 10 -12 8 -16 12 -16 8 -16 9 -13 11 -15 13 -15 11 -10 10 -13 11 -10 9 -14 12 -11 9 -13 10 -12 8 -13 12 -13 10 -9 10 -10 -1 1 10 -12 10 -12 9 -14 8 -10 9 -13 11 -13 10 -10 7 -11 9 -13 6 -14 8 -11 7 -13 5 -14 7 -11 3 -15 3 -14 7 -11 4 -12 6 -14 2 -16 4 -14 5 -14 5 -14 2 -17 4 -16 1 -16 1 2 0 0 0 0 0 0 0 0 ]
CSI_DATA,AP,68:FE:71:12:53:8C,-36,11,1,7,1,1,1,0,0,0,0,-95,0,6,1,81910761,0,84,0,0,81.911,384,[84 -64 4 0 0 0 0 0 0 0 0 0 -12 -17 -10 -18 -11 -19 -9 -18 -7 -21 -8 -18 -7 -19 -9 -16 -7 -18 -7 -17 -6 -21 -5 -18 -6 -17 -5 -17 -6 -18 -7 -19 -5 -17 -5 -17 -2 -19 -2 -16 -4 -19 -5 -16 -2 -16 -5 -19 -4 -18 -3 -16 1 -1 -4 -17 -4 -17 -4 -14 -7 -16 -5 -13 -7 -17 -4 -16 -8 -16 -8 -15 -8 -12 -6 -12 -9 -16 -10 -16 -8 -15 -8 -13 -10 -13 -11 -15 -11 -13 -11 -15 -8 -14 -11 -12 -12 -13 -8 -14 -12 -13 -10 -11 -8 -15 2 -2 0 0 0 0 0 0 0 0 ]
CSI_DATA,AP,68:FE:71:12:53:8C,-34,11,0,0,0,0,0,0,0,0,0,-94,0,6,1,82051832,0,37,0,0,82.052,128,[84 -64 4 0 0 0 0 0 0 0 0 0 7 -20 10 -19 10 -21 10 -16 12 -18 10 -15 11 -16 9 -18 13 -17 14 -14 13 -13 13 -15 12 -13 14 -16 11 -12 15 -12 13 -15 11 -15 10 -13 10 -11 11 -11 11 -15 10 -10 12 -13 11 -15 10 -13 1 -1 10 -14 12 -15 9 -13 11 -15 10 -12 8 -14 7 -11 11 -14 11 -12 8 -12 9 -12 8 -14 7 -15 8 -13 6 -14 5 -14 7 -16 6 -12 8 -14 8 -16 7 -15 4 -16 6 -14 3 -16 7 -13 3 -15 0 -2 0 0 0 0 0 0 0 0 ]
CSI_DATA,AP,68:FE:71:12:53:8C,-33,11,1,7,1,1,1,0,0,0,0,-93,0,6,1,82164879,0,84,0,0,82.165,384,[84 -64 4 0 0 0 0 0 0 0 0 0 4 -22 8 -18 8 -18 6 -19 6 -17 10 -19 11 -17 7 -18 10 -19 11 -15 12 -19 8 -16 10 -19 9 -18 9 -15 13 -16 13 -17 11 -16 10 -15 12 -12 13 -16 13 -14 9 -14 10 -14 11 -14 7 -15 -1 -1 8 -16 9 -13 6 -16 10 -13 10 -15 7 -14 11 -16 8 -14 6 -13 5 -17 4 -15 4 -13 6 -13 4 -17 6 -14 3 -17 5 -17 4 -16 4 -16 4 -16 5 -18 4 -14 3 -14 1 -19 0 -15 3 -15 -2 -2 0 0 0 0 0 0 0 0 ]
CSI_DATA,AP,68:FE:71:12:53:8C,-34,11,1,6,1,1,1,0,0,0,0,-93,0,6,1,82317234,0,84,0,0,82.317,384,[84 -64 4 0 0 0 0 0 0 0 0 0 -14 14 -18 14 -17 11 -17 13 -17 10 -16 9 -17 10 -19 8 -20 10 -18 9 -17 9 -21 11 -21 6 -18 9 -18 7 -20 8 -17 5 -19 6 -17 7 -17 6 -17 8 -17 5 -17 5 -16 8 -16 9 -15 6 -2 1 -15 6 -18 10 -16 9 -17 8 -17 8 -15 8 -14 8 -12 10 -16 8 -15 11 -15 11 -12 11 -15 12 -14 12 -11 7 -13 13 -13 13 -11 9 -11 9 -10 13 -11 10 -14 11 -9 9 -13 15 -13 11 -11 14 2 -1 0 0 0 0 0 0 0 0 ]
CSI_DATA,AP,68:FE:71:12:53:8C,-36,11,1,6,1,1,1,0,0,0,0,-95,0,6,1,82458523,0,84,0,0,82.459,384,[84 -64 4 0 0 0 0 0 0 0 0 0 19 -8 21 -7 20 -7 21 -6 22 -6 21 -1 21 -2 19 -3 22 -2 18 -3 21 1 21 0 20 -1 20 2 18 2 19 -1 20 0 20 0 19 2 20 1 19 0 20 0 17 2 16 -1 21 2 20 0 1 2 17 0 20 1 19 -2 17 0 18 -3 17 -4 18 -4 17 -2 16 -1 15 -6 17 -4 14 -5 14 -6 17 -4 17 -6 15 -4 18 -5 17 -4 16 -5 16 -5 14 -5 18 -4 13 -8 17 -8 14 -6 16 -8 1 2 0 0 0 0 0 0 0 0 ]
CSI_DATA,AP,68:FE:71:12:53:8C,-33,11,1,7,1,1,1,1,0,0,0,-93,6,6,1,82605851,0,84,0,0,82.606,384,[84 -64 4 0 0 0 0 0 0 0 0 0 -16 -13 -15 -15 -16 -15 -17 -17 -14 -15 -11 -18 -12 -16 -10 -16 -12 -20 -10 -19 -13 -17 -12 -18 -10 -18 -12 -20 -10 -16 -10 -22 -11 -20 -9 -16 -7 -16 -10 -16 -7 -18 -11 -20 -9 -15 -9 -16 -7 -19 -7 -15 1 -2 -9 -17 -11 -18 -11 -18 -9 -14 -8 -15 -8 -14 -12 -13 -12 -16 -11 -14 -12 -11 -12 -14 -9 -15 -14 -15 -11 -13 -13 -12 -13 -16 -14 -16 -14 -11 -11 -15 -15 -14 -14 -12 -15 -15 -13 -10 -15 -13 -16 -13 -12 -10 -2 0 0 0 0 0 0 0 0 0 ]
CSI_DATA,AP,68:FE:71:12:53:8C,-34,11,1,5,1,1,1,0,0,0,0,-95,0,6,1,82742200,0,84,0,0,82.742,384,[84 -64 4 0 0 0 0 0 0 0 0 0 15 15 16 14 14 14 16 16 17 16 13 15 13 17 14 16 12 17 11 19 12 18 11 19 12 16 9 19 8 17 13 20 8 16 12 16 11 14 11 18 8 15 10 15 9 14 8 16 9 14 12 15 -2 2 11 12 9 13 11 13 13 14 9 11 11 14 8 14 11 11 9 10 12 13 12 9 12 10 14 13 12 12 11 12 12 12 15 9 13 11 13 9 13 10 15 9 11 7 12 10 17 6 16 7 13 10 0 0 0 0 0 0 0 0 0 0 ]
CSI_DATA,AP,68:FE:71:12:53:8C,-36,11,1,5,1,1,1,1,0,0,0,-94,5,6,1,82853024,0,82,0,0,82.853,384,[84 -64 4 0 0 0 0 0 0 0 0 0 -20 11 -17 13 -19 11 -21 11 -20 9 -17 8 -18 8 -19 8 -20 7 -17 5 -22 7 -19 9 -21 7 -19 7 -21 6 -20 5 -18 3 -20 3 -19 4 -19 4 -18 1 -20 4 -17 0 -19 3 -21 5 -16 6 0 0 -20 6 -16 3 -18 4 -17 7 -16 5 -17 5 -15 3 -14 7 -14 7 -16 9 -16 10 -17 10 -17 10 -17 6 -17 8 -14 7 -16 9 -14 11 -13 10 -13 9 -14 11 -17 10 -14 9 -16 11 -16 11 -14 11 -2 2 0 0 0 0 0 0 0 0 ]
CSI_DATA,AP,68:FE:71:12:53:8C,-38,11,1,6,1,1,1,0,0,0,0,-94,0,6,1,82994805,0,84,0,0,82.995,384,[84 -64 4 0 0 0 0 0 0 0 0 0 22 3 18 5 22 7 21 9 22 5 18 8 21 9 20 8 17 8 19 7 19 8 19 10 18 9 19 8 17 9 19 12 18 9 14 8 16 9 13 8 16 11 14 11 15 11 15 9 17 11 16 8 0 2 15 6 13 10 18 8 17 7 16 9 14 6 14 5 16 4 16 7 13 4 18 3 17 7 16 5 14 5 17 3 15 6 15 4 18 3 19 2 15 1 15 2 16 5 17 3 19 2 19 1 17 -1 -1 -2 0 0 0 0 0 0 0 0 ]
CSI_DATA,AP,68:FE:71:12:53:8C,-35,11,1,6,1,1,1,0,0,0,0,-95,0,6,1,83149667,0,84,0,0,83.15,384,[84 -64 4 0 0 0 0 0 0 0 0 0 13 13 15 17 13 13 14 16 10 14 11 17 11 18 8 15 8 19 10 15 10 17 9 15 9 18 11 17 7 18 6 19 7 15 5 14 10 14 7 14 7 18 6 16 5 12 6 15 10 13 6 15 -1 2 10 12 8 15 11 15 7 14 9 14 8 11 10 12 9 10 7 12 11 9 10 9 12 12 10 11 9 9 8 11 14 11 9 13 10 10 13 11 11 10 12 9 13 12 12 7 14 11 14 10 12 8 0 0 0 0 0 0 0 0 0 0 ]
CSI_DATA,AP,68:FE:71:12:53:8C,-36,11,1,7,1,1,1,0,0,0,0,-96,0,6,1,83292749,0,84,0,0,83.293,384,[84 -64 4 0 0 0 0 0 0 0 0 0 -17 -14 -12 -14 -16 -17 -15 -19 -13 -17 -14 -19 -14 -18 -12 -15 -10 -17 -11 -18 -9 -21 -9 -18 -9 -19 -11 -18 -9 -19 -12 -19 -10 -15 -7 -18 -11 -18 -10 -17 -10 -18 -11 -18 -6 -16 -9 -19 -9 -15 -10 -15 2 -2 -9 -14 -8 -17 -9 -17 -12 -13 -12 -13 -10 -17 -13 -13 -9 -11 -9 -12 -9 -10 -10 -12 -10 -11 -12 -12 -12 -14 -12 -12 -13 -10 -10 -14 -12 -13 -12 -13 -15 -9 -13 -10 -14 -8 -12 -9 -13 -10 -14 -11 -14 -10 0 -2 0 0 0 0 0 0 0 0 ]
CSI_DATA,AP,68:FE:71:12:53:8C,-37,11,1,7,1,1,1,0,0,0,0,-95,0,6,1,83374349,0,84,0,0,83.374,384,[84 -64 4 0 0 0 0 0 0 0 0 0 19 -9 20 -6 22 -7 21 -7 22 -4 20 -4 20 -4 19 -1 18 -5 19 -2 20 -1 21 -1 23 -4 22 -4 20 -2 23 -4 18 -3 18 -1 19 -1 17 -1 16 2 16 1 18 -2 17 -3 17 1 17 -2 2 1 15 -2 17 -3 18 -4 17 -5 14 -2 16 -3 14 -2 16 -6 17 -4 16 -7 17 -4 12 -6 13 -6 13 -6 14 -5 13 -5 16 -7 12 -9 16 -5 16 -8 17 -5 14 -8 17 -8 13 -8 13 -7 15 -11 -2 -2 0 0 0 0 0 0 0 0 ]
CSI_DATA,AP,68:FE:71:12:53:8C,-32,11,1,6,1,1,1,1,0,0,0,-94,1,6,1,83509571,0,84,0,0,83.51,384,[84 -64 4 0 0 0 0 0 0 0 0 0 -23 4 -22 4 -23 5 -24 3 -21 6 -19 4 -19 4 -18 0 -21 0 -23 3 -24 -1 -20 0 -23 -2 -21 -2 -19 -3 -24 0 -21 -1 -20 0 -19 1 -20 -2 -19 -1 -21 1 -18 -2 -21 -1 -17 -2 -20 2 -1 2 -16 2 -16 3 -18 -1 -19 2 -19 2 -19 4 -19 1 -14 4 -15 2 -17 3 -19 6 -16 3 -17 6 -15 4 -17 6 -18 5 -16 7 -16 7 -17 7 -13 5 -17 8 -18 6 -14 5 -18 9 -18 6 -13 9 0 2 0 0 0 0 0 0 0 0 ]
CSI_DATA,AP,68:FE:71:12:53:8C,-36,11,1,6,1,1,1,0,0,0,0,-95,0,6,1,83641840,0,84,0,0,83.642,384,[84 -64 4 0 0 0 0 0 0 0 0 0 21 5 19 7 22 6 20 8 19 10 20 9 16 7 16 7 17 8 15 8 18 12 19 11 15 12 15 12 18 8 17 10 16 10 15 10 17 11 16 10 12 10 15 8 13 10 16 12 16 8 15 8 -2 -2 16 10 17 10 17 6 17 9 16 6 17 7 16 9 16 6 17 7 14 6 17 5 13 5 14 6 15 3 17 3 16 2 16 6 14 4 18 4 14 2 18 2 15 4 14 2 16 2 16 1 14 0 2 1 0 0 0 0 0 0 0 0 ]
CSI_DATA,AP,68:FE:71:12:53:8C,-36,11,1,6,1,1,1,0,0,0,0,-96,0,6,1,83806818,0,84,0,0,83.807,384,[84 -64 4 0 0 0 0 0 0 0 0 0 -1 -21 -3 -20 -2 -22 1 -22 0 -21 -1 -21 3 -19 1 -22 1 -18 5 -19 1 -21 2 -21 5 -20 2 -20 2 -18 6 -22 6 -18 4 -16 3 -19 3 -18 7 -18 5 -18 6 -16 2 -18 2 -20 4 -20 -2 -1 4 -16 5 -20 2 -15 1 -16 4 -18 1 -16 2 -15 1 -16 1 -18 2 -14 -1 -17 -2 -15 -2 -17 1 -14 2 -17 1 -16 -2 -16 -1 -18 -1 -16 -3 -15 -2 -16 -2 -16 -1 -18 -2 -18 -4 -18 -4 -15 2 1 0 0 0 0 0 0 0 0 ]
CSI_DATA,AP,68:FE:71:12:53:8C,-37,11,1,6,1,1,1,1,0,0,0,-94,2,6,1,83947053,0,84,0,0,83.947,384,[84 -64 4 0 0 0 0 0 0 0 0 0 2 19 2 22 1 18 0 24 -1 19 -1 21 -5 21 -6 20 -4 17 -6 16 -7 21 -5 21 -5 19 -3 19 -5 20 -6 18 -6 17 -5 16 -5 17 -3 16 -5 19 -3 15 -6 15 -5 15 -6 16 -6 16 1 -1 -1 14 -1 18 -5 19 0 15 0 18 -4 14 -1 15 -1 17 1 14 2 13 0 16 0 18 -1 18 3 17 -1 13 1 19 -1 17 0 17 3 18 2 14 3 15 0 15 1 14 3 18 2 14 4 17 2 2 0 0 0 0 0 0 0 0 ]
CSI_DATA,AP,68:FE:71:12:53:8C,-37,11,1,6,1,1,1,0,0,0,0,-94,0,6,1,84068912,0,84,0,0,84.069,384,[84 -64 4 0 0 0 0 0 0 0 0 0 18 -12 19 -10 17 -9 18 -11 20 -11 17 -8 21 -9 21 -6 18 -6 17 -5 20 -5 22 -4 19 -7 20 -5 17 -4 22 -7 19 -3 18 -4 18 -5 19 -5 18 -2 18 -6 17 -5 16 -5 20 -3 18 -6 1 1 17 -3 16 -5 18 -7 14 -8 17 -7 18 -5 14 -6 16 -6 17 -6 16 -6 17 -6 12 -9 13 -10 15 -8 13 -9 15 -10 16 -8 11 -9 13 -8 14 -13 15 -8 15 -12 14 -11 15 -14 15 -9 11 -12 1 1 0 0 0 0 0 0 0 0 ]
CSI_DATA,AP,68:FE:71:12:53:8C,-35,11,1,7,1,1,1,0,0,0,0,-94,0,6,1,84187641,0,84,0,0,84.188,384,[84 -64 4 0 0 0 0 0 0 0 0 0 -11 -18 -9 -18 -9 -18 -10 -23 -8 -18 -8 -21 -3 -22 -5 -18 -2 -21 -1 -21 -5 -21 -5 -19 -4 -21 -4 -19 -2 -19 -1 -19 -5 -20 -4 -18 -1 -19 -1 -17 0 -17 -1 -17 -2 -18 -1 -17 -4 -19 0 -18 1 2 -4 -17 -6 -20 -6 -15 -7 -15 -3 -18 -5 -16 -5 -15 -3 -17 -5 -14 -4 -16 -7 -18 -7 -16 -7 -18 -8 -13 -7 -16 -5 -17 -8 -17 -8 -13 -5 -15 -6 -13 -7 -14 -8 -15 -10 -15 -10 -15 -10 -14 -7 -14 1 -1 0 0 0 0 0 0 0 0 ]
CSI_DATA,AP,68:FE:71:12:53:8C,-32,11,1,7,1,1,1,0,0,0,0,-94,0,6,1,84311162,0,84,0,0,84.311,384,[84 -64 4 0 0 0 0 0 0 0 0 0 -6 18 -4 19 -7 23 -5 21 -7 21 -7 18 -6 20 -10 19 -7 18 -7 17 -8 18 -11 19 -8 19 -8 16 -8 16 -12 18 -11 16 -9 14 -7 15 -11 17 -9 13 -9 14 -10 12 -7 16 -7 17 -6 14 0 1 -6 17 -9 15 -5 14 -6 16 -5 13 -7 14 -8 13 -7 15 -6 17 -3 17 -4 15 -2 16 -6 18 -3 17 -6 13 -3 16 -6 17 -5 15 -3 16 -3 16 -1 16 -2 16 -2 17 0 19 -3 17 0 14 -1 1 0 0 0 0 0 0 0 0 ]
CSI_DATA,AP,68:FE:71:12:53:8C,-35,11,1,6,1,1,1,0,0,0,0,-95,0,6,1,84408168,0,84,0,0,84.408,384,[84 -64 4 0 0 0 0 0 0 0 0 0 -12 14 -16 11 -17 12 -19 11 -15 9 -18 7 -16 10 -14 6 -16 7 -14 8 -19 7 -19 6 -16 10 -15 5 -16 8 -15 7 -16 4 -16 5 -18 8 -17 8 -17 3 -18 5 -16 6 -15 8 -16 9 -16 5 2 0 -13 9 -13 7 -16 8 -14 10 -14 8 -15 5 -14 5 -13 7 -14 7 -14 10 -13 11 -10 10 -12 10 -9 11 -12 8 -12 8 -10 12 -13 10 -10 10 -10 9 -9 9 -13 9 -10 11 -11 10 -11 10 -11 10 0 -1 0 0 0 0 0 0 0 0 ]
CSI_DATA,AP,68:FE:71:12:53:8C,-38,11,1,6,1,1,1,0,0,0,0,-93,0,6,1,84522175,0,84,0,0,84.522,384,[84 -64 4 0 0 0 0 0 0 0 0 0 4 16 5 16 4 15 5 17 1 18 -1 14 2 15 0 14 1 17 -1 15 1 17 -4 19 0 15 0 15 -2 15 -1 16 -3 13 -1 16 -1 14 -2 15 -2 15 -1 13 -3 15 -1 15 -2 13 -1 13 0 2 0 15 0 14 -2 14 1 12 0 14 2 12 -1 12 1 12 1 10 4 11 4 13 1 10 2 14 4 11 4 11 2 12 6 10 5 12 5 9 7 13 4 10 6 11 5 12 7 13 4 10 4 11 -2 0 0 0 0 0 0 0 0 0 ]
CSI_DATA,AP,68:FE:71:12:53:8C,-36,11,1,6,1,1,1,0,0,0,0,-94,0,6,1,84675665,0,84,0,0,84.676,384,[84 -64 4 0 0 0 0 0 0 0 0 0 -14 13 -15 11 -16 13 -14 10 -15 11 -14 10 -17 7 -16 8 -17 7 -14 7 -16 9 -19 8 -15 6 -15 8 -14 5 -16 8 -15 6 -15 3 -15 3 -14 5 -15 4 -15 3 -16 7 -13 6 -14 7 -17 3 1 2 -13 7 -14 4 -12 5 -15 5 -12 6 -16 8 -15 8 -14 5 -15 8 -13 8 -13 9 -11 4 -14 6 -10 7 -13 9 -14 8 -13 9 -13 8 -14 7 -10 9 -13 8 -14 9 -9 7 -11 11 -10 7 -10 11 2 -1 0 0 0 0 0 0 0 0 ]
CSI_DATA,AP,68:FE:71:12:53:8C,-34,11,1,7,1,1,1,0,0,0,0,-95,0,6,1,84807234,0,84,0,0,84.807,384,[84 -64 4 0 0 0 0 0 0 0 0 0 -15 5 -12 4 -16 0 -18 1 -15 -1 -16 -1 -17 -1 -16 -3 -12 0 -16 1 -13 -2 -14 -3 -17 -2 -13 1 -12 -2 -14 -2 -15 -4 -12 0 -11 -3 -12 -4 -13 -3 -11 -1 -11 -1 -14 -4 -12 -1 -15 -1 2 -2 -10 -3 -13 -2 -12 -1 -13 1 -10 -2 -12 0 -10 0 -9 0 -13 -1 -9 1 -14 3 -12 2 -12 2 -10 0 -13 1 -14 2 -13 4 -10 2 -11 1 -11 2 -10 3 -13 3 -11 3 -12 4 -11 3 -10 5 1 2 0 0 0 0 0 0 0 0 ]
CSI_DATA,AP,68:FE:71:12:53:8C,-34,11,1,6,1,1,1,0,0,0,0,-93,0,6,1,84937214,0,84,0,0,84.937,384,[84 -64 4 0 0 0 0 0 0 0 0 0 14 -19 18 -19 19 -16 18 -18 17 -15 18 -14 18 -14 22 -12 21 -16 19 -12 19 -14 21 -14 20 -13 19 -11 21 -11 23 -15 20 -12 19 -11 20 -9 21 -12 20 -11 19 -9 20 -10 22 -11 23 -13 22 -9 -1 -1 20 -10 19 -10 19 -14 15 -13 17 -12 19 -11 20 -10 19 -10 16 -10 17 -11 15 -16 14 -11 18 -16 15 -16 17 -16 14 -15 14 -17 14 -16 15 -16 16 -15 18 -16 14 -16 17 -16 14 -18 14 -19 16 -16 -2 1 0 0 0 0 0 0 0 0 ]
CSI_DATA,AP,68:FE:71:12:53:8C,-35,11,1,5,1,1,1,0,0,0,0,-96,0,6,1,85065492,0,84,0,0,85.065,384,[84 -64 4 0 0 0 0 0 0 0 0 0 2 22 1 18 2 22 -3 22 -3 19 -3 19 -2 18 -2 18 -2 20 -5 16 -5 19 -2 17 -5 18 -3 17 -5 18 -3 19 -3 15 -3 14 -4 18 -5 18 -6 17 -7 14 -6 16 -4 14 -5 17 -5 14 -2 2 -6 13 -4 14 -5 14 -4 16 -2 14 -2 17 -2 14 0 14 -2 13 0 15 0 13 -2 12 -1 17 -1 14 -3 13 2 15 -1 17 2 16 0 14 -1 13 -1 16 3 15 1 14 1 16 4 14 2 14 1 -1 0 0 0 0 0 0 0 0 ]
CSI_DATA,AP,68:FE:71:12:53:8C,-40,11,1,5,1,1,1,0,0,0,1,-96,0,6,1,85204265,0,84,0,0,85.204,384,[84 -64 4 0 0 0 0 0 0 0 0 0 -18 -4 -21 -6 -18 -8 -17 -5 -19 -9 -18 -5 -19 -6 -13 -7 -15 -9 -14 -6 -13 -8 -14 -9 -13 -7 -15 -7 -10 -9 -12 -9 -12 -7 -10 -8 -11 -5 -13 -8 -13 -8 -12 -5 -10 -5 -9 -7 -10 -7 -10 -7 1 1 -10 -4 -11 -4 -11 -3 -14 -2 -13 -1 -13 -3 -13 -2 -13 -2 -10 -1 -12 -1 -10 -1 -9 -1 -12 2 -11 1 -11 1 -13 2 -13 3 -13 1 -12 1 -12 0 -14 4 -12 0 -15 3 -12 4 -15 2 -14 4 -2 -2 0 0 0 0 0 0 0 0 ]
CSI_DATA,AP,68:FE:71:12:53:8C,-34,11,1,6,1,1,1,0,0,0,0,-93,0,6,1,85322024,0,84,0,0,85.322,384,[84 -64 4 0 0 0 0 0 0 0 0 0 21 17 19 19 15 20 15 23 14 22 12 20 12 20 10 17 11 20 8 20 9 20 12 15 10 16 9 17 9 15 10 15 9 15 5 11 7 16 8 11 8 12 7 10 5 12 6 12 10 13 10 9 1 2 9 10 9 7 10 9 12 9 8 7 8 7 8 9 8 8 9 7 12 5 14 4 12 3 12 3 13 2 13 4 14 1 11 0 11 1 12 4 11 0 12 3 11 2 10 2 14 -2 15 -1 13 0 2 0 0 0 0 0 0 0 0 0 ]
CSI_DATA,AP,68:FE:71:12:53:8C,-35,11,1,5,1,1,1,0,0,0,1,-95,0,6,1,85467796,0,84,0,0,85.468,384,[84 -64 4 0 0 0 0 0 0 0 0 0 -6 -12 -5 -11 -3 -11 -4 -12 -3 -10 -3 -11 -4 -10 -2 -10 -4 -11 0 -13 -2 -14 -4 -11 1 -10 -3 -10 1 -8 -1 -10 0 -13 1 -11 0 -10 -1 -8 1 -12 1 -9 1 -11 -2 -9 1 -11 -2 -11 -2 -2 -2 -7 -4 -9 -1 -10 -2 -9 -3 -7 -4 -11 -2 -10 -5 -9 -1 -8 -1 -7 -4 -10 -1 -8 -6 -11 -6 -6 -4 -9 -5 -10 -4 -8 -6 -6 -5 -10 -4 -10 -3 -7 -5 -10 -4 -6 -6 -7 -2 -6 -5 -9 -1 -1 0 0 0 0 0 0 0 0 ]
CSI_DATA,AP,68:FE:71:12:53:8C,-34,11,1,7,1,1,1,0,0,0,0,-93,0,6,1,85617337,0,84,0,0,85.617,384,[84 -64 4 0 0 0 0 0 0 0 0 0 21 -7 16 -6 20 -12 20 -8 21 -8 22 -5 21 -5 20 -7 21 -8 22 -3 23 -7 25 -6 24 -7 21 -6 21 -3 23 -6 20 -2 21 -5 24 -6 24 -4 21 -2 21 -5 22 -5 20 -5 25 -5 22 -5 0 1 20 -7 24 -5 21 -7 22 -10 20 -7 23 -5 21 -5 22 -7 19 -9 18 -7 23 -10 17 -8 22 -9 22 -7 19 -8 20 -11 23 -9 20 -14 18 -11 17 -11 23 -11 19 -8 18 -13 21 -14 19 -10 18 -9 1 0 0 0 0 0 0 0 0 0 ]
CSI_DATA,AP,68:FE:71:12:53:8C,-37,11,1,5,1,1,1,1,0,0,0,-94,6,6,1,85764498,0,84,0,0,85.764,384,[84 -64 4 0 0 0 0 0 0 0 0 0 -5 -17 -3 -16 -5 -18 -1 -20 -4 -17 -2 -20 2 -16 2 -16 0 -21 2 -18 0 -20 1 -19 0 -18 0 -16 4 -17 2 -19 2 -15 3 -17 3 -16 2 -15 5 -16 1 -16 5 -13 1 -15 3 -17 0 -14 0 -2 3 -14 -1 -15 3 -16 0 -15 -1 -14 1 -16 1 -14 0 -14 -1 -15 1 -15 0 -15 0 -12 0 -14 0 -16 -2 -16 -3 -15 -3 -15 -1 -17 -5 -12 -3 -13 -2 -13 -6 -16 -7 -14 -3 -14 -3 -13 -7 -14 2 2 0 0 0 0 0 0 0 0 ]
CSI_DATA,AP,68:FE:71:12:53:8C,-34,11,1,6,1,1,1,0,0,0,0,-95,0,6,1,85886845,0,84,0,0,85.887,384,[84 -64 4 0 0 0 0 0 0 0 0 0 9 -17 7 -14 11 -16 11 -19 14 -16 12 -18 13 -15 13 -14 17 -12 15 -15 16 -16 16 -17 16 -16 18 -16 20 -14 19 -13 20 -10 16 -9 20 -9 16 -12 16 -13 21 -14 18 -12 20 -12 20 -11 18 -13 -2 1 15 -14 19 -15 20 -13 15 -13 16 -14 18 -14 16 -11 17 -13 12 -11 9 -11 12 -16 12 -14 13 -14 10 -17 10 -11 14 -17 10 -17 13 -18 9 -17 12 -16 14 -15 12 -17 9 -15 10 -17 12 -18 9 -18 2 -2 0 0 0 0 0 0 0 0 ]
CSI_DATA,AP,68:FE:71:12:53:8C,-35,11,1,6,1,1,1,1,0,0,0,-94,2,6,1,86011139,0,84,0,0,86.011,384,[84 -64 4 0 0 0 0 0 0 0 0 0 -19 -6 -20 -3 -21 -6 -22 -3 -18 -7 -18 -10 -17 -7 -15 -10 -16 -11 -16 -9 -19 -8 -21 -10 -18 -13 -17 -9 -20 -13 -19 -13 -20 -10 -15 -10 -20 -15 -19 -11 -19 -14 -19 -12 -16 -10 -20 -11 -18 -12 -17 -11 0 2 -20 -14 -15 -9 -19 -9 -17 -8 -16 -12 -18 -14 -19 -13 -18 -11 -17 -8 -17 -8 -20 -8 -18 -9 -20 -7 -20 -6 -20 -7 -19 -7 -17 -10 -20 -8 -18 -7 -17 -7 -19 -9 -17 -5 -19 -8 -19 -5 -18 -4 -19 -5 0 0 0 0 0 0 0 0 0 0 ]
CSI_DATA,AP,68:FE:71:12:53:8C,-33,11,1,7,1,1,1,0,0,0,0,-95,0,6,1,86157674,0,84,0,0,86.158,384,[84 -64 4 0 0 0 0 0 0 0 0 0 -4 10 -2 9 -4 8 -6 12 -5 12 -7 10 -7 9 -3 7 -3 11 -7 7 -4 9 -3 8 -7 7 -6 11 -5 6 -4 6 -6 5 -5 6 -5 5 -6 8 -4 6 -6 5 -6 9 -7 6 -6 7 -3 9 -1 -2 -3 7 -6 6 -2 6 -3 6 -4 5 -4 8 -4 7 -5 5 -4 9 -5 7 -1 8 -3 5 -2 7 -2 5 -2 6 -2 9 0 9 -4 7 -4 5 -4 9 -1 7 -4 8 -2 6 -3 7 1 7 1 8 1 -2 0 0 0 0 0 0 0 0 ]
CSI_DATA,AP,68:FE:71:12:53:8C,-35,11,1,6,1,1,1,0,0,0,0,-94,0,6,1,86266888,0,84,0,0,86.267,384,[84 -64 4 0 0 0 0 0 0 0 0 0 -17 10 -17 10 -15 13 -16 10 -14 9 -18 10 -18 7 -15 7 -17 9 -19 7 -17 9 -15 10 -19 6 -15 9 -19 5 -16 7 -15 5 -14 6 -15 6 -15 4 -17 5 -18 5 -17 4 -16 4 -16 5 -14 8 2 0 -17 6 -13 9 -16 5 -12 8 -14 9 -14 6 -11 9 -12 6 -13 10 -12 9 -14 10 -10 6 -12 10 -11 10 -11 11 -13 11 -10 8 -11 12 -11 9 -14 8 -10 12 -10 9 -11 13 -13 12 -11 13 -13 9 1 -1 0 0 0 0 0 0 0 0 ]
CSI_DATA,AP,68:FE:71:12:53:8C,-37,11,1,5,1,1,1,0,0,0,0,-95,0,6,1,86415649,0,84,0,0,86.416,384,[84 -64 4 0 0 0 0 0 0 0 0 0 17 -10 19 -12 19 -11 18 -8 16 -11 19 -9 19 -8 19 -6 20 -9 16 -5 16 -9 18 -5 19 -5 16 -7 20 -8 16 -8 15 -4 19 -7 16 -4 18 -5 14 -7 15 -7 15 -7 16 -6 15 -6 15 -4 0 0 13 -8 16 -6 15 -7 14 -8 13 -9 12 -9 13 -6 14 -6 15 -8 15 -9 15 -11 12 -10 12 -10 11 -8 14 -9 15 -9 14 -10 12 -11 14 -9 12 -9 14 -10 13 -9 9 -12 10 -13 11 -11 9 -11 -1 0 0 0 0 0 0 0 0 0 ]
CSI_DATA,AP,68:FE:71:12:53:8C,-35,11,1,5,1,1,1,0,0,0,0,-94,0,6,1,86581153,0,84,0,0,86.581,384,[84 -64 4 0 0 0 0 0 0 0 0 0 -4 -22 -2 -19 0 -18 2 -19 -2 -19 1 -21 0 -21 1 -19 2 -21 4 -17 1 -17 2 -20 5 -20 1 -16 6 -17 6 -19 2 -16 2 -18 2 -18 6 -17 4 -15 2 -16 2 -15 4 -18 2 -17 3 -16 2 -2 2 -13 3 -14 1 -18 1 -13 2 -15 2 -15 1 -14 0 -13 3 -13 2 -15 3 -17 0 -13 -1 -15 -1 -18 0 -13 1 -17 2 -17 2 -13 0 -17 -3 -13 -2 -15 1 -16 -5 -18 -3 -18 0 -13 -4 -17 -1 -1 0 0 0 0 0 0 0 0 ]
CSI_DATA,AP,68:FE:71:12:53:8C,-35,11,1,6,1,1,1,1,0,0,0,-95,3,6,1,86708220,0,82,0,0,86.708,384,[84 -64 4 0 0 0 0 0 0 0 0 0 4 -16 5 -17 5 -16 6 -19 6 -15 8 -15 8 -16 11 -16 8 -16 9 -14 8 -18 7 -14 11 -17 10 -16 12 -17 8 -16 10 -13 8 -14 8 -12 8 -12 10 -13 8 -12 8 -15 8 -12 8 -12 9 -12 1 1 7 -14 5 -16 4 -12 4 -13 5 -12 8 -16 7 -16 5 -15 5 -14 5 -13 5 -13 2 -15 3 -12 2 -16 2 -16 2 -15 3 -17 1 -14 5 -15 2 -14 2 -17 2 -15 0 -13 3 -17 2 -13 3 -17 -1 0 0 0 0 0 0 0 0 0 ]
CSI_DATA,AP,68:FE:71:12:53:8C,-36,11,1,7,1,1,1,0,0,0,0,-96,0,6,1,86859318,0,84,0,0,86.859,384,[84 -64 4 0 0 0 0 0 0 0 0 0 -22 -4 -20 -8 -20 -9 -21 -9 -18 -8 -16 -7 -19 -11 -18 -8 -16 -11 -16 -9 -17 -12 -16 -8 -17 -11 -15 -12 -14 -9 -15 -11 -17 -10 -13 -10 -15 -8 -15 -10 -15 -8 -13 -9 -14 -7 -13 -9 -17 -11 -13 -11 -2 1 -15 -10 -14 -7 -13 -10 -14 -8 -13 -9 -14 -9 -13 -6 -16 -9 -16 -5 -16 -4 -14 -6 -13 -8 -17 -5 -16 -7 -13 -7 -18 -5 -18 -6 -18 -4 -14 -3 -18 -4 -18 -4 -16 -6 -16 -1 -16 -5 -16 -3 -18 -4 2 2 0 0 0 0 0 0 0 0 ]
CSI_DATA,AP,68:FE:71:12:53:8C,-38,11,1,7,1,1,1,0,0,0,0,-94,0,6,1,86976427,0,84,0,0,86.976,384,[84 -64 4 0 0 0 0 0 0 0 0 0 -10 16 -14 14 -12 14 -14 17 -14 13 -14 14 -16 14 -13 11 -13 10 -13 13 -15 10 -12 10 -15 13 -13 10 -12 9 -12 12 -12 10 -16 10 -13 11 -14 8 -16 8 -14 8 -11 10 -12 9 -12 13 -13 10 1 2 -11 10 -10 11 -11 11 -13 10 -9 12 -10 12 -13 11 -12 13 -10 13 -10 10 -7 13 -8 14 -7 11 -7 15 -6 15 -8 11 -8 11 -6 11 -7 14 -10 16 -6 13 -6 15 -6 12 -6 15 -7 14 -9 14 -2 1 0 0 0 0 0 0 0 0 ]
CSI_DATA,AP,68:FE:71:12:53:8C,-36,11,1,7,1,1,1,0,0,0,0,-94,0,6,1,87106634,0,84,0,0,87.107,384,[84 -64 4 0 0 0 0 0 0 0 0 0 6 18 2 15 3 18 0 21 3 21 -1 16 2 18 -2 19 2 16 -3 20 0 18 -2 20 1 20 1 16 0 18 -3 17 -4 17 -4 16 -2 14 -3 16 -1 16 -3 18 -2 17 0 16 -3 15 1 17 -1 2 -2 15 -2 15 0 17 0 14 2 12 1 15 2 17 3 14 -1 12 3 16 0 13 4 15 2 14 3 16 4 15 5 12 4 13 3 13 4 13 3 12 2 12 7 14 4 13 8 14 5 12 5 12 -2 1 0 0 0 0 0 0 0 0 ]
CSI_DATA,AP,68:FE:71:12:53:8C,-36,11,1,7,1,1,1,0,0,0,0,-95,0,6,1,87240204,0,84,0,0,87.24,384,[84 -64 4 0 0 0 0 0 0 0 0 0 3 18 4 20 0 22 1 20 0 21 2 20 1 20 0 20 1 21 0 17 -3 17 -1 18 -1 18 0 18 -4 18 -3 19 -3 16 -2 15 -5 16 -4 16 -2 16 -1 18 -3 15 -4 18 -4 18 -1 15 -2 1 -3 17 1 17 1 14 1 13 -1 16 1 17 -1 17 3 14 0 16 0 15 0 15 1 14 1 13 1 16 1 14 5 16 4 16 2 15 3 17 2 13 4 17 4 14 2 14 7 13 3 12 7 15 1 1 0 0 0 0 0 0 0 0 ]
CSI_DATA,AP,68:FE:71:12:53:8C,-34,11,1,5,1,1,1,0,0,0,0,-93,0,6,1,87360372,0,84,0,0,87.36,384,[84 -64 4 0 0 0 0 0 0 0 0 0 1 -10 3 -8 2 -10 5 -11 6 -11 6 -7 4 -11 5 -10 6 -10 4 -7 5 -8 4 -10 4 -6 6 -6 6 -6 5 -10 5 -9 7 -5 5 -5 6 -6 6 -9 4 -5 6 -9 4 -8 5 -8 5 -8 -2 2 4 -5 4 -5 4 -9 2 -6 3 -6 5 -5 5 -5 1 -9 3 -9 1 -5 2 -5 2 -9 1 -8 1 -6 0 -8 2 -8 4 -6 1 -8 3 -9 2 -10 3 -8 3 -7 -1 -8 -1 -7 0 -8 0 -6 0 0 0 0 0 0 0 0 0 0 ]
CSI_DATA,AP,68:FE:71:12:53:8C,-34,11,1,5,1,1,1,0,0,0,0,-95,0,6,1,87514286,0,84,0,0,87.514,384,[84 -64 4 0 0 0 0 0 0 0 0 0 7 -20 4 -19 4 -18 8 -18 5 -19 9 -19 10 -19 6 -15 11 -15 9 -16 7 -18 8 -17 9 -15 11 -18 9 -18 12 -16 12 -16 8 -16 8 -13 8 -12 10 -13 7 -13 7 -12 10 -13 6 -15 8 -12 0 2 9 -14 9 -15 8 -16 5 -16 5 -15 5 -12 7 -14 4 -15 5 -16 6 -17 3 -14 4 -14 2 -15 5 -13 6 -15 3 -17 3 -15 2 -16 5 -13 5 -16 3 -14 4 -18 2 -18 4 -14 3 -15 4 -18 0 2 0 0 0 0 0 0 0 0 ]
CSI_DATA,AP,68:FE:71:12:53:8C,-35,11,1,5,1,1,1,0,0,0,0,-95,0,6,1,87641567,0,84,0,0,87.642,384,[84 -64 4 0 0 0 0 0 0 0 0 0 -16 13 -15 9 -19 9 -16 12 -16 11 -20 9 -20 7 -18 7 -16 10 -20 7 -16 6 -18 9 -18 5 -17 6 -18 6 -16 5 -17 4 -18 5 -16 6 -15 7 -15 4 -17 6 -14 6 -18 7 -16 7 -16 4 0 -2 -14 6 -15 6 -16 5 -17 6 -13 5 -14 8 -12 8 -12 7 -15 10 -15 9 -13 11 -14 10 -12 8 -10 9 -13 12 -14 10 -12 11 -12 11 -14 10 -10 13 -13 11 -13 9 -10 10 -9 14 -12 9 -9 11 0 2 0 0 0 0 0 0 0 0 ]
CSI_DATA,AP,68:FE:71:12:53:8C,-37,11,1,5,1,1,1,0,0,0,0,-95,0,6,1,87775946,0,84,0,0,87.776,384,[84 -64 4 0 0 0 0 0 0 0 0 0 2 18 5 21 1 18 4 19 2 19 0 22 1 21 1 19 -2 19 -2 18 -4 18 -1 18 -1 19 -4 18 -1 19 -5 20 -2 19 -4 17 -2 16 -1 18 -4 18 -3 16 -3 18 -4 17 -3 14 -2 17 -2 2 -1 17 1 18 0 16 -2 17 1 16 -1 17 -1 14 2 17 3 14 0 14 2 17 0 17 4 14 2 15 3 17 3 14 1 14 6 16 2 16 4 13 6 15 3 17 7 14 5 14 4 13 3 17 -1 1 0 0 0 0 0 0 0 0 ]
CSI_DATA,AP,68:FE:71:12:53:8C,-35,11,1,6,1,1,1,0,0,0,0,-95,0,6,1,87910916,0,84,0,0,87.911,384,[84 -64 4 0 0 0 0 0 0 0 0 0 -14 12 -15 12 -17 13 -18 13 -14 15 -14 14 -14 14 -16 9 -14 13 -14 8 -19 7 -15 8 -19 9 -18 5 -14 9 -17 7 -14 7 -15 9 -15 10 -15 8 -16 8 -14 6 -13 7 -13 5 -17 9 -15 10 2 -1 -14 10 -16 7 -13 11 -13 7 -14 6 -13 9 -11 11 -10 10 -11 11 -13 8 -11 12 -14 7 -11 8 -11 9 -13 8 -13 11 -10 11 -12 12 -9 13 -9 12 -8 10 -11 10 -8 13 -12 10 -11 13 -12 11 -1 -1 0 0 0 0 0 0 0 0 ]
CSI_DATA,AP,68:FE:71:12:53:8C,-35,11,1,7,1,1,1,0,0,0,0,-93,0,6,1,88024418,0,84,0,0,88.024,384,[84 -64 4 0 0 0 0 0 0 0 0 0 -10 36 -11 36 -15 38 -17 36 -16 33 -18 34 -17 35 -16 31 -16 33 -16 34 -19 31 -21 31 -18 33 -21 31 -22 31 -20 28 -17 31 -20 25 -17 29 -17 27 -20 28 -20 28 -15 25 -17 28 -16 27 -14 24 2 -1 -16 23 -16 26 -14 26 -13 29 -13 27 -17 28 -15 25 -14 26 -11 27 -12 29 -12 28 -11 28 -10 27 -10 27 -8 27 -6 31 -9 31 -6 27 -7 30 -7 29 -5 32 -9 31 -4 28 -6 30 -6 28 -5 29 -2 1 0 0 0 0 0 0 0 0 ]
CSI_DATA,AP,68:FE:71:12:53:8C,-38,11,1,5,1,1,1,1,0,0,0,-95,2,6,1,88135800,0,84,0,0,88.136,384,[84 -64 4 0 0 0 0 0 0 0 0 0 -11 16 -9 17 -11 16 -11 17 -13 17 -13 14 -13 15 -11 13 -14 13 -12 15 -14 15 -11 17 -15 16 -13 11 -13 11 -12 15 -14 11 -15 15 -14 13 -13 13 -14 10 -15 11 -14 11 -14 12 -13 13 -13 12 0 1 -13 12 -11 13 -9 10 -10 14 -12 12 -9 11 -11 14 -10 11 -8 11 -8 14 -7 15 -10 14 -9 13 -8 12 -6 14 -7 11 -8 16 -7 14 -5 14 -4 14 -5 12 -8 16 -5 16 -4 16 -6 16 -6 12 1 0 0 0 0 0 0 0 0 0 ]
CSI_DATA,AP,68:FE:71:12:53:8C,-39,11,1,6,1,1,1,0,0,0,0,-96,0,6,1,88240692,0,84,0,0,88.241,384,[84 -64 4 0 0 0 0 0 0 0 0 0 5 -18 5 -21 6 -20 10 -21 11 -19 8 -17 12 -20 10 -18 13 -18 12 -17 10 -18 13 -19 12 -18 11 -17 14 -14 14 -16 10 -17 13 -12 14 -15 13 -14 9 -13 9 -14 11 -15 11 -14 9 -15 11 -14 -2 2 12 -15 8 -13 11 -15 11 -13 7 -12 11 -13 10 -14 6 -13 6 -12 6 -14 6 -17 5 -14 9 -14 8 -17 5 -16 5 -17 8 -17 4 -14 7 -14 6 -18 5 -14 6 -17 6 -14 5 -17 4 -17 4 -18 0 1 0 0 0 0 0 0 0 0 ]
CSI_DATA,AP,68:FE:71:12:53:8C,-36,11,1,6,1,1,1,0,0,0,0,-94,0,6,1,88347117,0,84,0,0,88.347,384,[84 -64 4 0 0 0 0 0 0 0 0 0 18 -9 20 -12 20 -12 18 -10 21 -7 18 -6 19 -9 17 -7 21 -5 21 -5 18 -3 19 -4 20 -7 21 -4 19 -6 21 -6 16 -5 16 -4 17 -3 19 -4 17 -3 17 -5 16 -5 17 -6 18 -4 19 -2 0 -2 17 -7 16 -7 17 -5 14 -7 16 -7 17 -5 16 -4 15 -7 15 -9 16 -5 15 -6 15 -6 15 -6 17 -9 17 -7 15 -10 14 -7 13 -11 16 -10 15 -13 15 -12 16 -12 16 -11 13 -13 16 -12 13 -12 1 2 0 0 0 0 0 0 0 0 ]
CSI_DATA,AP,68:FE:71:12:53:8C,-39,11,1,5,1,1,1,0,0,0,0,-94,0,6,1,88461791,0,84,0,0,88.462,384,[84 -64 4 0 0 0 0 0 0 0 0 0 -2 23 -3 21 -4 24 -7 21 -8 19 -7 21 -9 22 -7 20 -10 20 -9 20 -11 18 -10 20 -12 18 -12 21 -8 16 -9 21 -12 18 -7 19 -8 19 -9 15 -10 18 -9 16 -11 14 -11 18 -8 18 -9 17 -2 1 -8 18 -6 18 -10 18 -5 17 -5 16 -9 17 -5 18 -5 18 -3 14 -2 14 -4 18 -5 18 -3 15 -5 17 -2 17 -1 18 -4 18 -4 19 -4 15 -1 16 -5 19 0 19 -1 16 0 20 0 17 -1 19 -2 0 0 0 0 0 0 0 0 0 ]
CSI_DATA,AP,68:FE:71:12:53:8C,-34,11,1,6,1,1,1,0,0,0,0,-96,0,6,1,88604729,0,84,0,0,88.605,384,[84 -64 4 0 0 0 0 0 0 0 0 0 -7 19 -6 18 -7 21 -6 22 -7 20 -9 19 -9 20 -10 18 -12 19 -9 20 -12 20 -10 19 -12 19 -12 17 -9 17 -12 18 -9 17 -12 16 -12 13 -11 15 -10 15 -11 14 -8 14 -10 17 -9 15 -12 17 -1 2 -9 17 -7 16 -8 17 -9 17 -10 15 -7 14 -7 16 -8 13 -6 14 -8 13 -8 15 -5 15 -4 15 -5 18 -6 15 -7 19 -3 17 -3 14 -5 17 -5 18 -6 15 -3 16 -5 16 -4 18 -3 16 -4 17 2 -1 0 0 0 0 0 0 0 0 ]
CSI_DATA,AP,68:FE:71:12:53:8C,-33,11,1,7,1,1,1,0,0,0,0,-94,0,6,1,88774535,0,84,0,0,88.775,384,[84 -64 4 0 0 0 0 0 0 0 0 0 -15 16 -15 18 -17 16 -15 17 -18 13 -14 10 -16 10 -14 10 -15 12 -14 12 -18 9 -20 12 -19 10 -18 8 -16 10 -18 8 -16 7 -16 9 -15 8 -15 9 -18 8 -18 8 -17 8 -18 7 -16 9 -17 8 0 -1 -16 6 -17 10 -17 8 -15 10 -12 11 -16 8 -15 10 -13 9 -14 8 -14 10 -15 10 -10 13 -11 13 -14 10 -15 11 -12 12 -12 11 -10 12 -13 12 -12 12 -12 10 -11 15 -12 15 -11 14 -10 12 -8 15 0 -1 0 0 0 0 0 0 0 0 ]
CSI_DATA,AP,68:FE:71:12:53:8C,-35,11,1,7,1,1,1,0,0,0,0,-96,0,6,1,88895642,0,84,0,0,88.896,384,[84 -64 4 0 0 0 0 0 0 0 0 0 15 13 12 14 12 17 13 16 13 18 12 15 8 20 10 19 8 16 7 19 7 19 7 20 6 17 6 21 7 19 6 19 5 17 8 18 7 16 7 15 7 16 6 19 7 14 6 18 5 16 9 17 -2 1 9 13 10 14 8 15 10 12 8 17 6 17 10 16 9 14 7 12 11 13 8 12 7 14 11 15 10 15 11 13 9 15 10 15 9 11 11 14 10 11 11 10 12 14 13 11 12 12 11 9 12 9 0 2 0 0 0 0 0 0 0 0 ]
CSI_DATA,AP,68:FE:71:12:53:8C,-40,11,1,6,1,1,1,0,0,0,0,-95,0,6,1,88999910,0,84,0,0,89,384,[84 -64 4 0 0 0 0 0 0 0 0 0 -16 18 -14 15 -17 15 -20 18 -20 15 -18 15 -17 12 -18 10 -17 14 -17 10 -21 14 -19 13 -19 9 -21 10 -21 9 -20 12 -16 9 -18 10 -16 10 -16 8 -17 11 -15 8 -15 10 -17 7 -20 8 -16 11 2 -2 -18 11 -18 10 -17 11 -13 11 -14 9 -15 10 -17 11 -16 12 -12 11 -12 10 -11 10 -14 12 -12 13 -11 11 -13 14 -13 12 -12 11 -11 13 -14 13 -9 11 -13 11 -12 15 -8 15 -7 13 -10 13 -10 14 1 -1 0 0 0 0 0 0 0 0 ]
CSI_DATA,AP,68:FE:71:12:53:8C,-36,11,1,7,1,1,1,0,0,0,0,-95,0,6,1,89129195,0,84,0,0,89.129,384,[84 -64 4 0 0 0 0 0 0 0 0 0 9 17 4 19 7 17 5 21 8 17 3 17 5 18 1 17 3 17 2 19 2 19 2 22 0 20 -1 21 2 17 0 18 0 18 3 19 0 19 0 17 1 15 1 17 -1 15 0 19 -1 18 0 17 -2 0 4 15 5 15 2 16 3 14 4 16 6 16 5 15 5 13 6 13 5 12 6 14 6 15 6 15 5 16 6 15 7 15 8 13 6 11 6 11 9 12 7 12 10 13 6 15 9 11 9 13 11 14 -1 0 0 0 0 0 0 0 0 0 ]
CSI_DATA,AP,68:FE:71:12:53:8C,-37,11,1,6,1,1,1,0,0,0,0,-95,0,6,1,89280997,0,84,0,0,89.281,384,[84 -64 4 0 0 0 0 0 0 0 0 0 18 12 13 12 18 13 18 13 16 13 12 13 11 16 13 14 10 16 14 17 14 15 10 17 9 15 13 14 10 17 9 16 8 14 7 13 11 16 10 13 9 14 9 17 8 15 9 16 11 16 7 15 -1 -1 9 12 9 13 8 16 11 10 8 11 10 14 9 11 9 10 9 12 12 8 14 13 8 10 9 11 11 9 10 10 12 11 12 9 12 11 13 10 14 8 14 12 13 11 11 10 14 9 11 8 11 10 2 0 0 0 0 0 0 0 0 0 ]
CSI_DATA,AP,68:FE:71:12:53:8C,-36,11,1,6,1,1,1,1,0,0,0,-96,4,6,1,89425098,0,84,0,0,89.425,384,[84 -64 4 0 0 0 0 0 0 0 0 0 -20 3 -22 1 -22 1 -22 2 -22 -2 -18 -2 -21 -2 -21 -2 -21 -2 -23 -2 -24 -5 -22 -3 -23 -6 -19 -6 -20 -3 -19 -3 -21 -7 -17 -4 -20 -8 -19 -4 -19 -8 -20 -4 -16 -4 -16 -8 -18 -8 -16 -3 0 0 -15 -5 -17 -5 -16 -1 -17 -4 -18 -2 -15 -4 -19 -4 -15 -3 -15 0 -19 1 -20 -3 -18 0 -15 1 -15 -2 -16 -3 -19 1 -20 1 -18 -1 -19 0 -18 -1 -15 -1 -16 -1 -16 -1 -16 0 -15 0 -17 0 -1 0 0 0 0 0 0 0 0 0 ]
CSI_DATA,AP,68:FE:71:12:53:8C,-36,11,1,5,1,1,1,1,0,0,0,-94,4,6,1,89538913,0,84,0,0,89.539,384,[84 -64 4 0 0 0 0 0 0 0 0 0 21 -7 16 -10 19 -8 21 -8 22 -8 19 -6 19 -6 21 -6 22 -5 21 -4 22 -3 18 -3 18 -4 22 -1 19 -3 18 -1 18 -4 18 -2 17 -2 17 -5 19 -2 19 -2 14 -3 17 -4 17 0 19 -5 -1 -1 18 -4 18 -5 16 -3 17 -6 13 -3 15 -4 14 -4 16 -4 17 -5 16 -6 17 -9 14 -8 15 -9 15 -5 16 -8 12 -7 13 -8 14 -10 16 -11 13 -8 16 -10 14 -11 13 -8 16 -10 16 -9 15 -9 0 1 0 0 0 0 0 0 0 0 ]
