type,role,mac,rssi,rate,sig_mode,mcs,bandwidth,smoothing,not_sounding,aggregation,stbc,fec_coding,sgi,noise_floor,ampdu_cnt,channel,secondary_channel,local_timestamp,ant,sig_len,rx_state,real_time_set,real_timestamp,len,CSI_DATA
CSI_DATA,AP,68:FE:71:12:53:8C,-36,11,1,6,1,1,1,1,0,0,0,-95,2,6,1,8234612,0,84,0,0,8.2346,384,[82 -96 4 0 0 0 0 0 0 0 0 0 -19 -8 -19 -5 -17 -9 -15 -6 -19 -7 -15 -9 -14 -8 -15 -9 -13 -9 -16 -12 -14 -9 -17 -12 -16 -8 -15 -10 -16 -8 -16 -13 -14 -11 -15 -12 -14 -10 -13 -12 -11 -12 -14 -10 -11 -8 -14 -10 -14 -8 -13 -9 0 0 -11 -10 -13 -7 -14 -7 -14 -9 -14 -9 -11 -5 -13 -8 -15 -6 -11 -7 -12 -5 -13 -6 -11 -6 -13 -5 -12 -3 -16 -3 -16 -5 -14 -4 -12 -4 -13 -3 -13 -6 -16 -2 -16 -3 -14 -1 -15 -1 -16 -5 -16 -5 0 -2 0 0 0 0 0 0 0 0 ]
CSI_DATA,AP,68:FE:71:12:53:8C,-41,11,1,4,1,1,1,0,0,0,0,-96,0,6,1,8357937,0,84,0,0,8.3579,384,[84 -64 4 0 0 0 0 0 0 0 0 0 -16 13 -16 9 -19 10 -20 9 -15 11 -15 9 -18 9 -18 10 -19 8 -15 6 -19 5 -18 9 -19 7 -15 4 -16 5 -15 7 -19 5 -15 5 -15 3 -17 5 -14 3 -18 4 -15 6 -17 7 -16 7 -15 4 2 -1 -14 6 -12 6 -14 8 -13 5 -12 7 -14 8 -15 4 -15 8 -11 8 -13 8 -14 6 -12 5 -14 8 -12 10 -14 10 -13 9 -14 9 -15 9 -15 10 -14 7 -13 9 -13 10 -9 11 -14 11 -14 9 -11 11 2 -2 0 0 0 0 0 0 0 0 ]
CSI_DATA,AP,68:FE:71:12:53:8C,-39,11,0,0,0,0,0,0,0,0,0,-93,0,6,1,8473516,0,37,0,0,8.4735,128,[84 -64 4 0 0 0 0 0 0 0 0 0 20 4 16 1 18 2 17 2 18 3 16 5 17 7 14 5 17 6 16 8 15 6 16 5 14 5 13 8 14 5 12 10 14 7 11 6 16 9 12 8 14 5 15 4 12 8 13 4 14 7 13 4 0 2 11 4 13 4 12 7 12 2 11 4 13 2 11 2 14 4 15 4 14 1 15 2 15 4 14 3 15 0 14 4 16 3 13 3 14 1 16 -1 16 2 13 1 15 -1 13 -1 12 2 14 0 15 -2 0 -2 0 0 0 0 0 0 0 0 ]
CSI_DATA,AP,68:FE:71:12:53:8C,-43,11,1,5,1,1,1,0,0,0,0,-94,0,6,1,8608491,0,84,0,0,8.6085,384,[84 -64 4 0 0 0 0 0 0 0 0 0 -18 -4 -17 -6 -20 -7 -18 -9 -17 -10 -18 -11 -18 -12 -17 -11 -15 -12 -18 -9 -19 -9 -17 -8 -16 -12 -16 -11 -17 -12 -15 -9 -15 -11 -16 -11 -16 -9 -14 -12 -16 -11 -15 -9 -15 -8 -13 -9 -15 -12 -16 -8 1 0 -14 -10 -15 -8 -15 -7 -15 -9 -12 -9 -14 -10 -15 -7 -16 -9 -12 -9 -16 -6 -13 -7 -13 -6 -12 -6 -16 -7 -12 -5 -15 -3 -14 -6 -16 -4 -16 -4 -16 -5 -16 -2 -15 -3 -15 -4 -15 -1 -18 -4 -14 -2 0 -1 0 0 0 0 0 0 0 0 ]
CSI_DATA,AP,68:FE:71:12:53:8C,-38,11,1,7,1,1,1,0,0,0,0,-94,0,6,1,8705535,0,84,0,0,8.7055,384,[84 -64 4 0 0 0 0 0 0 0 0 0 -5 -17 -2 -19 -6 -19 -2 -19 -5 -21 -3 -18 -2 -21 0 -18 -1 -19 -1 -17 -2 -18 -1 -19 0 -19 0 -18 1 -18 3 -20 4 -17 1 -17 1 -17 -1 -16 1 -16 0 -19 2 -18 -2 -15 2 -18 -2 -15 -1 -2 2 -17 -1 -16 -2 -16 0 -14 -2 -15 0 -15 -3 -15 -1 -15 0 -16 -3 -14 -3 -15 -1 -15 -1 -14 -2 -17 -2 -16 -4 -17 -5 -17 -3 -16 -2 -17 -4 -13 -3 -17 -5 -14 -7 -15 -5 -18 -6 -15 -8 -16 1 -1 0 0 0 0 0 0 0 0 ]
CSI_DATA,AP,68:FE:71:12:53:8C,-39,11,1,4,1,1,1,0,0,0,0,-93,0,6,1,8820264,0,84,0,0,8.8203,384,[84 -64 4 0 0 0 0 0 0 0 0 0 -22 3 -18 1 -18 -1 -23 2 -20 0 -22 1 -18 -3 -19 0 -20 -2 -20 1 -18 -4 -22 -5 -21 -3 -19 -3 -21 -3 -19 -3 -21 -5 -17 -3 -20 -2 -17 -4 -16 -2 -20 -2 -16 -4 -18 -2 -18 -5 -19 -1 -1 2 -19 -3 -17 0 -16 -1 -14 1 -15 1 -18 0 -18 0 -17 -1 -14 2 -16 1 -14 3 -18 0 -17 -1 -18 2 -17 2 -16 1 -14 4 -18 3 -15 6 -13 4 -13 3 -14 6 -13 5 -13 4 -14 3 -15 7 0 2 0 0 0 0 0 0 0 0 ]
CSI_DATA,AP,68:FE:71:12:53:8C,-39,11,1,5,1,1,1,1,0,0,0,-95,4,6,1,8935303,0,84,0,0,8.9353,384,[84 -64 4 0 0 0 0 0 0 0 0 0 -10 17 -6 13 -10 17 -10 15 -7 17 -10 14 -9 13 -11 12 -12 14 -9 11 -12 13 -14 13 -12 11 -13 11 -14 14 -14 12 -11 9 -13 8 -13 9 -9 8 -12 11 -12 11 -12 9 -9 13 -11 12 -9 10 1 0 -8 9 -8 11 -11 10 -8 11 -11 11 -8 11 -8 9 -8 11 -7 13 -8 10 -8 12 -5 10 -8 9 -7 10 -6 11 -5 13 -7 14 -4 10 -8 13 -5 12 -8 14 -8 12 -8 14 -4 13 -5 13 -8 11 -2 1 0 0 0 0 0 0 0 0 ]
CSI_DATA,AP,68:FE:71:12:53:8C,-41,11,1,5,1,1,1,0,0,0,0,-94,0,6,1,9068108,0,84,0,0,9.0681,384,[84 -64 4 0 0 0 0 0 0 0 0 0 -1 -18 0 -23 0 -21 3 -23 -1 -21 -1 -22 2 -21 2 -21 0 -20 1 -22 1 -19 5 -19 4 -19 5 -19 4 -21 3 -18 4 -17 5 -18 6 -20 2 -20 6 -20 6 -20 1 -17 1 -15 3 -16 3 -18 2 2 1 -17 1 -15 1 -18 1 -14 2 -18 1 -16 0 -17 -1 -17 0 -18 -1 -14 -3 -18 -3 -15 1 -14 -2 -16 -3 -18 -3 -17 -3 -16 0 -14 -3 -17 -5 -15 -1 -16 -2 -14 -5 -16 -2 -18 -3 -17 -6 -15 2 1 0 0 0 0 0 0 0 0 ]
CSI_DATA,AP,68:FE:71:12:53:8C,-37,11,1,6,1,1,1,1,0,0,0,-94,4,6,1,9166188,0,84,0,0,9.1662,384,[84 -64 4 0 0 0 0 0 0 0 0 0 30 -4 29 -1 31 -1 30 -1 30 -1 31 4 29 3 27 5 30 0 29 3 28 4 30 3 30 7 27 4 24 6 27 3 28 6 27 6 27 6 25 5 23 5 27 6 22 3 23 4 27 5 24 5 -2 -2 21 5 25 1 25 0 24 3 25 0 24 1 25 0 24 1 23 -1 25 3 27 0 22 0 26 -4 21 -3 26 -2 25 -3 25 -3 24 -2 21 -1 23 -4 23 -1 23 -6 23 -6 22 -7 24 -4 25 -3 -1 -1 0 0 0 0 0 0 0 0 ]
CSI_DATA,AP,68:FE:71:12:53:8C,-41,11,1,6,1,1,1,0,0,0,0,-95,0,6,1,9273458,0,84,0,0,9.2735,384,[84 -64 4 0 0 0 0 0 0 0 0 0 -16 10 -14 11 -13 11 -16 12 -15 12 -14 10 -15 8 -17 8 -16 8 -17 7 -16 10 -18 7 -18 5 -17 7 -16 5 -14 6 -18 8 -16 6 -17 8 -13 5 -13 7 -15 4 -16 5 -16 5 -14 4 -15 8 -2 1 -11 5 -12 6 -13 5 -11 5 -10 9 -10 8 -11 8 -13 6 -11 7 -10 6 -12 6 -14 7 -9 10 -11 8 -13 9 -9 9 -12 10 -8 12 -11 10 -10 11 -8 9 -9 9 -10 10 -10 11 -7 9 -8 11 0 -1 0 0 0 0 0 0 0 0 ]
CSI_DATA,AP,68:FE:71:12:53:8C,-38,11,1,6,1,1,1,0,0,0,0,-95,0,6,1,9394311,0,84,0,0,9.3943,384,[84 -64 4 0 0 0 0 0 0 0 0 0 15 -12 17 -9 13 -11 17 -11 15 -10 17 -9 18 -9 15 -10 15 -6 16 -8 18 -7 18 -6 18 -8 14 -8 17 -4 17 -6 17 -6 13 -7 16 -6 17 -4 13 -4 15 -7 13 -4 14 -7 16 -6 12 -5 -2 2 12 -4 12 -4 12 -6 13 -8 14 -5 12 -6 14 -5 11 -6 12 -5 11 -9 10 -8 12 -8 15 -7 14 -10 9 -7 10 -6 11 -8 11 -6 12 -8 11 -9 10 -11 9 -9 10 -10 12 -9 10 -12 12 -8 1 0 0 0 0 0 0 0 0 0 ]
CSI_DATA,AP,68:FE:71:12:53:8C,-39,11,1,6,1,1,1,0,0,0,0,-96,0,6,1,9481856,0,84,0,0,9.4819,384,[84 -64 4 0 0 0 0 0 0 0 0 0 17 -5 21 -2 19 -4 19 -5 21 -3 21 -1 20 -3 19 0 18 2 21 -1 17 -2 17 2 17 1 19 0 20 1 17 3 16 0 17 3 19 1 19 3 18 4 16 3 16 -1 15 1 15 2 19 -1 0 -2 18 3 15 3 16 1 17 -1 17 -1 16 -1 17 1 14 1 14 2 18 -2 18 -1 15 -1 17 -4 16 -2 13 -2 15 -4 14 -4 17 -2 16 -2 15 -3 17 -5 17 -3 15 -5 15 -6 16 -4 15 -6 2 -1 0 0 0 0 0 0 0 0 ]
CSI_DATA,AP,68:FE:71:12:53:8C,-35,11,1,5,1,1,1,1,0,0,0,-96,4,6,1,9589995,0,84,0,0,9.59,384,[84 -64 4 0 0 0 0 0 0 0 0 0 -28 -29 -29 -31 -31 -32 -29 -37 -27 -33 -24 -35 -24 -33 -26 -36 -23 -36 -20 -36 -21 -35 -20 -40 -18 -39 -19 -37 -17 -39 -17 -35 -14 -34 -16 -31 -16 -35 -19 -33 -14 -33 -14 -34 -16 -30 -17 -35 -17 -34 -20 -33 2 0 -18 -32 -16 -34 -18 -30 -19 -31 -15 -33 -21 -30 -17 -30 -18 -31 -19 -27 -21 -26 -22 -29 -21 -26 -21 -26 -24 -26 -23 -29 -22 -29 -24 -24 -25 -24 -27 -25 -27 -23 -25 -27 -24 -26 -25 -24 -27 -23 -24 -23 -27 -25 -1 1 0 0 0 0 0 0 0 0 ]
CSI_DATA,AP,68:FE:71:12:53:8C,-39,11,1,4,1,1,1,0,0,0,0,-94,0,6,1,9697450,0,84,0,0,9.6974,384,[84 -64 4 0 0 0 0 0 0 0 0 0 19 -6 21 -5 19 -2 19 -4 18 -1 20 -1 19 -3 21 0 20 2 18 0 20 0 20 2 17 0 21 1 17 1 20 0 20 0 17 0 16 1 17 0 18 1 18 1 18 0 16 4 16 3 19 2 -2 1 14 2 18 2 15 -2 16 2 13 -1 16 -1 14 -2 18 -3 15 -2 17 -5 14 -5 14 -1 14 -4 14 -4 17 -6 15 -2 17 -6 15 -3 16 -7 13 -3 15 -4 16 -5 16 -8 17 -7 14 -5 13 -6 -1 0 0 0 0 0 0 0 0 0 ]
CSI_DATA,AP,68:FE:71:12:53:8C,-39,11,1,6,1,1,1,0,0,0,0,-93,0,6,1,9773939,0,84,0,0,9.7739,384,[84 -64 4 0 0 0 0 0 0 0 0 0 3 17 6 16 3 16 1 18 1 18 4 18 1 17 0 17 2 16 -2 17 2 15 -2 18 1 17 -1 17 -2 18 -2 14 0 13 0 13 -2 17 0 15 -2 15 -2 13 -1 16 -2 13 -1 17 -3 12 1 -1 -2 15 -2 15 -1 13 -2 12 2 12 2 12 -1 12 0 12 2 11 0 11 4 16 4 16 2 13 5 13 4 15 5 13 2 15 2 15 6 12 4 11 3 14 3 10 5 10 6 14 3 11 6 12 -1 1 0 0 0 0 0 0 0 0 ]
CSI_DATA,AP,68:FE:71:12:53:8C,-41,11,1,4,1,1,1,0,0,0,0,-95,0,6,1,9889830,0,84,0,0,9.8898,384,[84 -64 4 0 0 0 0 0 0 0 0 0 12 -15 12 -11 12 -14 15 -14 14 -10 13 -10 13 -12 13 -11 17 -8 15 -12 17 -10 13 -11 16 -9 16 -7 16 -9 15 -10 15 -6 15 -10 16 -8 15 -6 13 -8 15 -6 13 -5 11 -7 13 -7 11 -7 0 0 11 -6 13 -9 11 -9 12 -6 11 -9 14 -10 10 -9 10 -11 10 -8 10 -11 12 -10 9 -8 12 -12 11 -11 12 -9 9 -11 10 -10 10 -10 10 -10 9 -14 12 -11 9 -9 7 -11 9 -11 6 -13 10 -13 -2 -2 0 0 0 0 0 0 0 0 ]
CSI_DATA,AP,68:FE:71:12:53:8C,-40,11,1,6,1,1,1,1,0,0,0,-96,3,6,1,10009546,0,84,0,0,10.01,384,[84 -64 4 0 0 0 0 0 0 0 0 0 -20 2 -22 0 -22 -1 -19 -1 -21 -4 -19 -2 -19 -3 -20 -6 -19 -3 -17 -3 -21 -3 -20 -5 -19 -5 -16 -8 -20 -6 -20 -6 -19 -8 -18 -5 -19 -5 -17 -8 -15 -7 -17 -6 -16 -6 -15 -5 -15 -8 -17 -3 1 0 -15 -4 -16 -3 -14 -5 -18 -4 -18 -4 -17 -5 -14 -2 -17 -2 -16 -5 -14 -4 -17 -1 -14 -1 -13 -3 -14 -4 -15 -3 -18 -3 -17 1 -16 -3 -18 -2 -17 1 -14 0 -14 1 -17 1 -15 2 -14 3 -18 0 2 -2 0 0 0 0 0 0 0 0 ]
CSI_DATA,AP,68:FE:71:12:53:8C,-43,11,1,4,1,1,1,0,0,0,0,-95,0,6,1,10114043,0,84,0,0,10.114,384,[84 -64 4 0 0 0 0 0 0 0 0 0 -19 9 -15 11 -21 12 -18 8 -19 8 -17 6 -20 7 -16 5 -20 9 -19 4 -18 5 -18 4 -18 6 -21 3 -16 4 -17 3 -15 4 -15 4 -15 3 -17 6 -17 4 -16 5 -14 5 -19 2 -16 6 -15 4 2 0 -17 7 -17 6 -13 5 -17 8 -17 5 -15 4 -14 7 -15 4 -14 5 -13 6 -15 6 -13 5 -15 7 -15 9 -11 9 -11 8 -11 11 -14 11 -11 11 -14 10 -14 9 -14 10 -13 12 -12 11 -10 12 -12 8 0 0 0 0 0 0 0 0 0 0 ]
CSI_DATA,AP,68:FE:71:12:53:8C,-38,11,1,6,1,1,1,0,0,0,0,-94,0,6,1,10219445,0,84,0,0,10.219,384,[84 -64 4 0 0 0 0 0 0 0 0 0 18 10 19 9 19 11 16 11 14 13 17 14 15 10 12 10 15 12 16 11 16 13 12 14 15 15 12 14 11 15 11 11 13 12 11 13 11 11 9 12 10 12 12 11 8 11 11 11 9 14 13 9 1 -2 12 12 13 13 10 11 9 8 11 12 9 9 12 11 13 11 11 9 14 7 15 6 11 8 15 10 12 6 13 6 14 9 14 8 15 9 14 7 12 4 12 4 13 7 12 5 12 3 14 6 16 3 1 1 0 0 0 0 0 0 0 0 ]
CSI_DATA,AP,68:FE:71:12:53:8C,-46,11,1,4,1,1,1,0,0,0,0,-94,0,6,1,10327755,0,84,0,0,10.328,384,[84 -64 4 0 0 0 0 0 0 0 0 0 12 -18 10 -16 12 -19 11 -16 14 -17 12 -17 11 -15 11 -15 16 -13 14 -16 14 -13 15 -13 13 -15 15 -15 12 -15 17 -14 15 -15 15 -14 16 -13 12 -11 11 -13 13 -12 15 -9 15 -10 14 -10 12 -12 -1 1 13 -13 11 -12 12 -13 13 -13 10 -13 11 -10 10 -13 12 -14 8 -11 11 -13 11 -15 9 -14 11 -15 9 -12 10 -14 9 -12 11 -13 7 -13 8 -16 9 -16 11 -16 8 -13 7 -17 9 -17 6 -15 9 -15 2 0 0 0 0 0 0 0 0 0 ]
CSI_DATA,AP,68:FE:71:12:53:8C,-39,11,1,5,1,1,1,0,0,0,0,-95,0,6,1,10440695,0,84,0,0,10.441,384,[84 -64 4 0 0 0 0 0 0 0 0 0 -14 -15 -14 -17 -13 -20 -15 -17 -14 -21 -12 -16 -10 -20 -8 -18 -10 -18 -8 -18 -10 -22 -11 -18 -6 -20 -9 -21 -8 -21 -7 -20 -6 -18 -5 -18 -5 -18 -7 -19 -8 -19 -9 -19 -6 -15 -7 -20 -6 -18 -6 -16 -2 0 -5 -14 -7 -18 -10 -14 -10 -13 -6 -15 -9 -16 -10 -15 -6 -17 -11 -16 -11 -11 -12 -13 -11 -12 -12 -13 -9 -13 -9 -13 -12 -13 -9 -15 -9 -12 -13 -13 -13 -13 -13 -12 -13 -15 -12 -11 -13 -12 -13 -14 -15 -12 2 -1 0 0 0 0 0 0 0 0 ]
CSI_DATA,AP,68:FE:71:12:53:8C,-38,11,1,5,1,1,1,0,0,0,1,-93,0,6,1,10539366,0,84,0,0,10.539,384,[84 -64 4 0 0 0 0 0 0 0 0 0 21 -12 21 -10 19 -12 20 -9 21 -9 22 -7 20 -5 20 -3 22 -3 22 -5 22 -6 21 -3 19 -4 22 -2 21 -4 22 -4 21 -1 17 -3 17 -5 18 -1 16 -2 18 -2 17 -1 20 -3 18 -2 19 -2 0 -2 15 -2 18 -6 18 -4 14 -7 16 -6 19 -3 18 -7 18 -6 14 -8 14 -9 18 -8 16 -6 14 -9 13 -8 15 -7 14 -9 15 -8 15 -11 17 -7 15 -8 16 -10 14 -8 16 -10 13 -10 16 -9 15 -12 2 -1 0 0 0 0 0 0 0 0 ]
CSI_DATA,AP,68:FE:71:12:53:8C,-35,11,1,6,1,1,1,1,0,0,0,-95,5,6,1,10656999,0,84,0,0,10.657,384,[84 -64 4 0 0 0 0 0 0 0 0 0 -18 -12 -20 -10 -17 -15 -21 -13 -20 -15 -17 -16 -18 -17 -15 -15 -13 -16 -14 -14 -16 -18 -17 -16 -15 -17 -12 -16 -13 -17 -15 -18 -14 -16 -12 -16 -11 -14 -12 -14 -10 -14 -12 -17 -9 -13 -11 -16 -12 -14 -11 -16 2 0 -14 -16 -13 -16 -11 -15 -14 -14 -11 -13 -15 -14 -11 -15 -11 -15 -11 -13 -13 -9 -15 -12 -11 -9 -12 -10 -12 -12 -15 -12 -15 -12 -17 -12 -14 -12 -17 -9 -18 -9 -16 -9 -17 -8 -15 -10 -17 -11 -16 -10 -16 -11 -2 -1 0 0 0 0 0 0 0 0 ]
CSI_DATA,AP,68:FE:71:12:53:8C,-44,11,1,3,1,1,1,0,0,0,0,-95,0,6,1,10746955,0,84,0,0,10.747,384,[84 -64 4 0 0 0 0 0 0 0 0 0 17 -10 16 -9 19 -12 23 -8 20 -9 17 -6 20 -4 20 -3 19 -4 22 -3 19 -3 22 -7 21 -1 19 -5 18 -5 22 -2 17 -2 18 -3 19 -3 16 -1 17 -3 16 -3 17 -4 17 0 21 -2 16 -3 2 -1 16 -5 20 -4 18 -3 17 -4 15 -6 14 -6 18 -5 15 -4 16 -5 15 -5 14 -6 13 -7 15 -8 14 -8 15 -6 15 -10 17 -7 16 -7 13 -10 12 -7 14 -10 14 -6 14 -10 14 -10 16 -11 12 -11 0 1 0 0 0 0 0 0 0 0 ]
CSI_DATA,AP,68:FE:71:12:53:8C,-41,11,1,6,1,1,1,0,0,0,0,-94,0,6,1,10842565,0,84,0,0,10.843,384,[84 -64 4 0 0 0 0 0 0 0 0 0 17 13 15 14 18 17 17 17 15 16 15 13 16 17 10 15 12 15 11 17 15 17 15 15 12 17 11 18 8 16 12 19 8 16 10 18 8 13 11 15 8 17 12 15 7 14 9 14 9 18 8 14 2 1 8 16 11 15 11 12 12 11 9 15 10 12 9 11 11 11 13 13 12 12 15 12 10 11 12 13 12 10 11 10 14 10 15 10 15 8 16 10 16 9 16 8 12 9 16 8 15 6 15 8 14 7 0 -2 0 0 0 0 0 0 0 0 ]
CSI_DATA,AP,68:FE:71:12:53:8C,-39,11,1,5,1,1,1,0,0,0,0,-95,0,6,1,10961372,0,84,0,0,10.961,384,[84 -64 4 0 0 0 0 0 0 0 0 0 17 -12 17 -11 17 -13 18 -15 15 -14 19 -14 17 -13 18 -10 20 -12 18 -9 18 -11 17 -10 19 -12 18 -9 19 -8 19 -7 17 -7 14 -6 18 -7 15 -8 19 -10 18 -7 17 -7 16 -9 17 -11 16 -8 -2 -1 16 -9 17 -6 18 -7 15 -10 12 -6 16 -11 16 -10 14 -11 12 -11 14 -10 12 -9 11 -12 13 -11 13 -9 14 -12 14 -14 12 -12 13 -13 12 -11 10 -13 10 -14 13 -10 12 -15 13 -13 12 -14 11 -13 -2 -1 0 0 0 0 0 0 0 0 ]
CSI_DATA,AP,68:FE:71:12:53:8C,-39,11,1,6,1,1,1,0,0,0,0,-95,0,6,1,11061567,0,84,0,0,11.062,384,[84 -64 4 0 0 0 0 0 0 0 0 0 -18 -14 -17 -16 -17 -16 -16 -18 -16 -20 -13 -19 -11 -18 -10 -17 -14 -16 -10 -17 -13 -20 -12 -20 -11 -20 -11 -17 -12 -17 -13 -21 -9 -19 -12 -15 -10 -17 -9 -15 -8 -17 -12 -18 -7 -17 -11 -18 -11 -15 -8 -17 0 -2 -11 -15 -13 -15 -11 -13 -11 -12 -11 -13 -13 -13 -12 -17 -10 -14 -10 -15 -12 -12 -12 -13 -15 -14 -11 -11 -12 -12 -12 -13 -12 -12 -17 -12 -12 -11 -13 -11 -14 -12 -12 -10 -16 -10 -16 -13 -15 -11 -12 -12 -14 -7 -1 2 0 0 0 0 0 0 0 0 ]
CSI_DATA,AP,68:FE:71:12:53:8C,-37,11,1,6,1,1,1,0,0,0,0,-94,0,6,1,11189914,0,84,0,0,11.19,384,[84 -64 4 0 0 0 0 0 0 0 0 0 -20 -3 -19 -3 -24 -4 -22 -4 -20 -5 -21 -10 -21 -11 -20 -10 -20 -9 -19 -9 -19 -11 -20 -11 -21 -9 -18 -8 -18 -12 -20 -8 -17 -7 -15 -9 -17 -12 -15 -8 -15 -11 -17 -12 -13 -9 -16 -12 -17 -11 -14 -9 -2 1 -13 -9 -17 -7 -16 -8 -15 -4 -15 -5 -17 -8 -15 -6 -14 -4 -16 -3 -13 -3 -16 -4 -16 -2 -18 -5 -18 -5 -14 -5 -15 -1 -17 -5 -17 -1 -15 0 -16 -3 -18 -2 -16 -3 -19 0 -17 -2 -15 1 -17 -2 2 1 0 0 0 0 0 0 0 0 ]
CSI_DATA,AP,68:FE:71:12:53:8C,-44,11,1,5,1,1,1,0,0,0,0,-95,0,6,1,11293853,0,84,0,0,11.294,384,[84 -64 4 0 0 0 0 0 0 0 0 0 -20 -9 -18 -12 -20 -11 -20 -13 -17 -10 -17 -13 -17 -11 -16 -13 -17 -14 -14 -11 -17 -15 -16 -14 -17 -12 -13 -12 -15 -15 -15 -12 -13 -11 -14 -10 -13 -10 -12 -12 -15 -11 -15 -11 -9 -11 -14 -14 -12 -14 -13 -12 2 0 -14 -12 -16 -9 -13 -10 -13 -12 -14 -8 -14 -10 -15 -10 -14 -9 -15 -11 -12 -6 -15 -6 -15 -10 -14 -8 -13 -7 -17 -8 -16 -10 -15 -5 -13 -9 -15 -9 -17 -3 -15 -6 -14 -7 -14 -7 -15 -3 -18 -3 -16 -5 2 -1 0 0 0 0 0 0 0 0 ]
CSI_DATA,AP,68:FE:71:12:53:8C,-40,11,1,5,1,1,1,0,0,0,0,-93,0,6,1,11418378,0,82,0,0,11.418,384,[84 -64 4 0 0 0 0 0 0 0 0 0 -21 8 -17 7 -18 9 -20 8 -20 7 -19 4 -20 5 -20 7 -19 7 -20 4 -21 4 -20 5 -23 1 -18 0 -18 2 -23 3 -17 2 -16 3 -18 4 -20 4 -20 0 -18 4 -19 3 -20 0 -17 1 -17 4 2 -2 -16 3 -20 6 -19 3 -17 4 -18 5 -17 2 -15 2 -16 4 -16 6 -18 7 -15 7 -16 3 -15 6 -16 6 -17 6 -15 8 -16 10 -15 8 -13 7 -12 11 -17 7 -14 11 -14 8 -13 12 -17 7 -15 7 -1 2 0 0 0 0 0 0 0 0 ]
CSI_DATA,AP,68:FE:71:12:53:8C,-42,11,1,6,1,1,1,0,0,0,0,-94,0,6,1,11517850,0,84,0,0,11.518,384,[84 -64 4 0 0 0 0 0 0 0 0 0 -11 19 -12 15 -13 19 -16 19 -12 17 -15 13 -17 13 -15 13 -17 14 -17 12 -17 16 -14 16 -18 15 -16 14 -16 10 -16 13 -14 14 -12 11 -16 10 -16 11 -16 12 -13 10 -14 10 -13 9 -16 14 -13 12 -2 1 -13 13 -11 13 -14 13 -11 12 -11 14 -13 10 -13 14 -13 11 -13 14 -10 12 -8 16 -10 13 -11 16 -9 13 -9 14 -8 13 -12 15 -10 13 -11 14 -6 14 -10 15 -7 17 -7 13 -8 17 -9 14 -9 17 0 1 0 0 0 0 0 0 0 0 ]
CSI_DATA,AP,68:FE:71:12:53:8C,-36,11,1,6,1,1,1,0,0,0,0,-95,0,6,1,11653528,0,84,0,0,11.654,384,[84 -64 4 0 0 0 0 0 0 0 0 0 -6 21 -6 22 -7 20 -9 22 -7 19 -8 17 -11 16 -11 17 -7 17 -10 16 -9 16 -10 19 -12 18 -13 15 -10 18 -10 19 -9 17 -11 16 -9 17 -13 16 -12 15 -10 14 -11 12 -11 15 -11 15 -11 18 2 2 -12 16 -11 17 -8 16 -9 15 -9 14 -7 17 -9 15 -8 16 -5 15 -7 16 -9 18 -4 14 -8 14 -4 17 -7 13 -7 18 -6 18 -6 17 -3 16 -3 16 -3 14 -6 14 -3 17 -2 18 -6 15 -4 17 1 2 0 0 0 0 0 0 0 0 ]
CSI_DATA,AP,68:FE:71:12:53:8C,-33,11,1,7,1,1,1,0,0,0,0,-95,0,6,1,11762631,0,84,0,0,11.763,384,[84 -64 4 0 0 0 0 0 0 0 0 0 7 17 8 16 7 21 9 18 6 22 5 20 6 18 6 16 3 21 2 19 4 19 6 23 5 19 5 18 3 19 4 22 2 21 3 16 2 19 3 17 3 19 5 20 2 14 3 19 2 18 0 19 2 0 2 16 3 19 3 19 3 16 4 15 3 17 2 18 5 13 7 15 7 14 8 14 6 13 5 16 7 13 7 14 5 15 9 16 7 14 7 13 7 11 7 13 9 14 10 16 9 16 10 16 11 16 -2 -2 0 0 0 0 0 0 0 0 ]
CSI_DATA,AP,68:FE:71:12:53:8C,-40,11,1,5,1,1,1,0,0,0,0,-94,0,6,1,11865365,0,84,0,0,11.865,384,[84 -64 4 0 0 0 0 0 0 0 0 0 20 -10 17 -10 21 -9 21 -7 18 -5 20 -4 20 -5 18 -4 21 -2 20 -4 21 -6 21 -4 17 0 20 -4 19 0 19 0 16 -3 15 -3 16 -4 15 -3 17 -1 18 -3 14 -2 15 -1 16 0 15 -1 1 -1 18 -4 18 -3 19 -6 13 -2 14 -3 16 -4 17 -2 13 -5 13 -4 13 -5 17 -5 15 -5 17 -5 16 -7 15 -7 16 -5 13 -7 13 -10 12 -9 15 -11 16 -10 14 -10 14 -8 12 -10 14 -7 15 -8 -1 -1 0 0 0 0 0 0 0 0 ]
CSI_DATA,AP,68:FE:71:12:53:8C,-41,11,1,5,1,1,1,0,0,0,0,-94,0,6,1,11944190,0,84,0,0,11.944,384,[84 -64 4 0 0 0 0 0 0 0 0 0 -21 -7 -19 -4 -22 -6 -21 -9 -21 -5 -19 -10 -17 -8 -17 -11 -19 -11 -18 -9 -17 -11 -20 -9 -18 -9 -18 -10 -16 -7 -18 -12 -15 -9 -14 -12 -16 -9 -17 -12 -15 -11 -14 -10 -14 -8 -17 -8 -16 -8 -16 -8 2 0 -16 -7 -18 -9 -16 -6 -18 -10 -17 -10 -15 -10 -17 -10 -15 -6 -14 -8 -17 -7 -18 -3 -14 -5 -18 -4 -17 -5 -14 -7 -16 -3 -15 -4 -17 -2 -16 -3 -15 -3 -15 -2 -18 -5 -17 -5 -19 -4 -15 -3 -16 -1 0 2 0 0 0 0 0 0 0 0 ]
CSI_DATA,AP,68:FE:71:12:53:8C,-38,11,1,5,1,1,1,0,0,0,0,-94,0,6,1,12038738,0,84,0,0,12.039,384,[84 -64 4 0 0 0 0 0 0 0 0 0 -10 -21 -7 -20 -7 -22 -8 -21 -6 -21 -6 -18 -2 -23 -4 -20 -2 -21 -2 -18 0 -21 0 -24 0 -20 0 -21 0 -21 -1 -21 2 -18 0 -20 -2 -19 2 -18 2 -20 -2 -17 3 -18 -1 -18 1 -19 -2 -19 0 0 -3 -20 0 -21 -2 -19 -4 -16 -4 -15 -1 -15 0 -16 -4 -16 -4 -18 -4 -18 -6 -19 -5 -17 -4 -17 -5 -16 -3 -19 -8 -17 -5 -16 -8 -15 -5 -17 -4 -18 -5 -18 -8 -19 -8 -18 -8 -18 -6 -15 -7 -17 -2 -2 0 0 0 0 0 0 0 0 ]
CSI_DATA,AP,68:FE:71:12:53:8C,-41,11,1,6,1,1,1,0,0,0,0,-93,0,6,1,12147605,0,84,0,0,12.148,384,[84 -64 4 0 0 0 0 0 0 0 0 0 6 -21 8 -19 6 -19 8 -23 7 -18 10 -16 10 -16 12 -16 12 -17 12 -19 9 -16 9 -18 11 -19 9 -16 12 -17 12 -16 12 -14 13 -15 9 -15 10 -14 9 -13 11 -17 11 -13 10 -13 11 -13 9 -16 1 0 11 -15 12 -16 7 -15 9 -14 8 -12 9 -15 9 -14 8 -12 6 -14 6 -17 8 -16 5 -13 4 -13 8 -13 5 -15 7 -15 5 -14 5 -18 7 -14 4 -15 3 -17 7 -18 5 -16 5 -18 5 -14 2 -16 1 1 0 0 0 0 0 0 0 0 ]
CSI_DATA,AP,68:FE:71:12:53:8C,-43,11,1,4,1,1,1,1,0,0,0,-94,2,6,1,12265171,0,84,0,0,12.265,384,[84 -64 4 0 0 0 0 0 0 0 0 0 2 -19 1 -21 2 -20 4 -21 2 -19 2 -17 5 -21 7 -16 5 -17 7 -20 5 -19 6 -21 8 -18 6 -20 8 -16 9 -16 7 -15 6 -17 5 -17 9 -16 6 -16 6 -18 6 -14 8 -15 8 -17 8 -17 2 0 5 -15 3 -18 3 -18 5 -16 2 -15 6 -15 5 -14 2 -15 5 -16 4 -13 2 -15 3 -15 -1 -15 1 -16 0 -18 2 -17 3 -18 1 -14 2 -16 -3 -16 3 -17 0 -15 0 -13 -4 -14 1 -15 -2 -16 2 2 0 0 0 0 0 0 0 0 ]
CSI_DATA,AP,68:FE:71:12:53:8C,-38,11,1,6,1,1,1,0,0,0,0,-95,0,6,1,12367448,0,84,0,0,12.367,384,[84 -64 4 0 0 0 0 0 0 0 0 0 16 6 15 5 16 8 19 9 16 10 14 10 13 11 16 11 13 11 12 11 14 11 14 9 16 13 12 10 14 12 11 13 14 13 10 11 10 11 10 9 14 13 14 12 11 8 10 12 10 9 14 8 -2 0 9 8 15 11 13 8 11 9 13 8 12 7 10 9 12 8 14 10 11 4 13 8 15 7 14 8 13 6 11 6 13 7 13 6 13 3 15 3 12 4 13 6 11 3 12 5 14 4 12 3 14 2 -2 2 0 0 0 0 0 0 0 0 ]
CSI_DATA,AP,68:FE:71:12:53:8C,-40,11,0,0,0,0,0,0,0,0,0,-95,0,6,1,12473618,0,37,0,0,12.474,128,[84 -64 4 0 0 0 0 0 0 0 0 0 17 9 19 7 19 11 18 11 20 12 18 9 19 13 17 11 15 14 14 11 17 16 14 12 14 15 14 14 16 13 15 12 13 12 15 12 12 11 14 10 10 11 13 12 12 14 13 14 13 13 13 13 -1 1 14 8 16 9 15 9 12 7 12 10 12 10 11 12 11 10 12 8 13 9 12 8 15 10 14 10 13 6 17 7 13 9 16 7 15 6 13 7 15 2 14 6 14 7 14 7 17 5 18 7 18 5 -1 1 0 0 0 0 0 0 0 0 ]
CSI_DATA,AP,68:FE:71:12:53:8C,-37,11,1,6,1,1,1,0,0,0,0,-94,0,6,1,12598477,0,84,0,0,12.598,384,[84 -64 4 0 0 0 0 0 0 0 0 0 7 -4 7 -1 7 -3 11 0 10 -2 9 -1 9 0 7 -3 7 -1 9 1 6 -1 8 -2 8 2 7 -1 6 1 8 0 7 1 4 0 8 0 9 4 8 2 7 2 5 3 6 -1 5 1 6 2 -2 2 7 3 7 -2 8 -3 5 0 8 -2 8 2 5 0 4 1 8 1 7 -3 7 -3 7 0 6 -3 6 -4 5 0 7 -3 6 -5 8 -2 9 -4 7 -4 5 -5 9 -3 8 -1 8 -4 6 -3 5 -4 0 2 0 0 0 0 0 0 0 0 ]
CSI_DATA,AP,68:FE:71:12:53:8C,-40,11,1,6,1,1,1,1,0,0,0,-95,1,6,1,12678388,0,84,0,0,12.678,384,[84 -64 4 0 0 0 0 0 0 0 0 0 18 -2 18 -3 14 -1 19 -1 16 1 19 2 15 1 14 1 17 4 17 3 14 2 17 3 18 4 18 5 16 5 14 2 16 4 12 2 15 5 15 4 12 1 12 1 15 5 16 2 13 1 12 5 -2 1 12 0 16 2 13 1 14 0 12 -1 14 2 12 3 13 2 13 -2 13 -1 15 -1 13 -2 15 1 15 0 13 0 12 -1 15 0 13 -3 12 -4 10 -3 16 -4 12 -4 13 -3 13 -6 11 -5 15 -6 -1 2 0 0 0 0 0 0 0 0 ]
CSI_DATA,AP,68:FE:71:12:53:8C,-39,11,1,6,1,1,1,1,0,0,0,-94,3,6,1,12773404,0,84,0,0,12.773,384,[84 -64 4 0 0 0 0 0 0 0 0 0 8 -19 8 -15 9 -18 13 -17 13 -17 10 -15 14 -13 14 -14 15 -13 13 -12 12 -12 16 -13 16 -12 14 -14 12 -14 16 -13 11 -9 13 -10 14 -9 14 -10 14 -10 10 -9 13 -10 14 -12 11 -9 14 -13 -2 1 11 -12 11 -11 9 -11 12 -12 10 -12 9 -11 10 -11 10 -13 11 -14 9 -12 8 -14 8 -10 9 -14 10 -12 10 -12 6 -13 7 -14 5 -14 7 -14 8 -13 5 -14 5 -15 8 -16 8 -16 5 -14 5 -15 -2 -2 0 0 0 0 0 0 0 0 ]
CSI_DATA,AP,68:FE:71:12:53:8C,-36,11,1,6,1,1,1,0,0,0,0,-94,0,6,1,12906031,0,84,0,0,12.906,384,[84 -64 4 0 0 0 0 0 0 0 0 0 -7 3 -10 1 -8 0 -7 3 -7 4 -7 3 -11 2 -6 2 -8 1 -7 2 -8 0 -9 -1 -10 0 -10 -1 -9 0 -7 2 -9 1 -9 -2 -6 -2 -6 0 -10 1 -6 -2 -6 -3 -9 1 -9 1 -6 -1 1 0 -9 1 -9 1 -7 2 -6 2 -5 2 -9 -2 -8 -1 -6 0 -9 0 -8 2 -10 0 -7 -1 -10 3 -7 3 -7 1 -7 0 -8 2 -6 4 -6 2 -9 1 -7 0 -9 1 -9 3 -9 1 -10 4 -6 1 2 0 0 0 0 0 0 0 0 0 ]
CSI_DATA,AP,68:FE:71:12:53:8C,-42,11,1,6,1,1,1,0,0,0,0,-95,0,6,1,13020510,0,84,0,0,13.021,384,[84 -64 4 0 0 0 0 0 0 0 0 0 32 11 34 13 35 14 34 14 30 14 30 16 29 15 29 17 31 20 31 15 34 19 31 17 31 18 28 18 29 19 31 21 29 20 22 18 26 19 26 21 25 17 26 19 25 16 25 16 26 18 29 15 1 -1 27 16 26 21 26 21 26 16 24 15 24 18 26 14 26 16 29 17 23 13 27 14 27 11 26 11 29 15 28 15 29 14 30 11 29 13 32 11 28 11 32 10 32 11 31 9 34 10 33 6 31 10 0 -2 0 0 0 0 0 0 0 0 ]
CSI_DATA,AP,68:FE:71:12:53:8C,-41,11,1,4,1,1,1,0,0,0,0,-94,0,6,1,13137792,0,82,0,0,13.138,384,[84 -64 4 0 0 0 0 0 0 0 0 0 5 17 4 16 2 19 4 18 0 18 0 19 -1 16 -1 17 2 17 -3 16 -3 16 0 17 -3 13 -2 12 -2 13 -1 12 -3 13 1 12 0 10 -2 13 -3 12 -3 11 -2 9 -2 11 -1 13 -2 12 1 1 3 12 2 13 0 11 1 12 0 8 4 9 1 12 1 8 5 12 2 10 4 12 2 8 4 8 4 9 3 10 7 11 6 11 7 9 3 12 5 7 3 9 7 12 6 12 6 12 7 10 7 11 2 -2 0 0 0 0 0 0 0 0 ]
CSI_DATA,AP,68:FE:71:12:53:8C,-41,11,1,5,1,1,1,0,0,0,0,-95,0,6,1,13239464,0,84,0,0,13.239,384,[84 -64 4 0 0 0 0 0 0 0 0 0 -21 -4 -17 -6 -18 -6 -18 -10 -18 -10 -18 -9 -19 -8 -14 -8 -13 -10 -16 -7 -14 -8 -15 -8 -13 -8 -11 -10 -10 -8 -11 -6 -12 -9 -11 -7 -9 -9 -13 -9 -10 -6 -13 -6 -9 -4 -12 -5 -12 -8 -13 -4 -1 -1 -10 -6 -13 -3 -12 -3 -10 -3 -11 -5 -9 -5 -11 -2 -13 0 -13 -3 -10 -1 -10 -2 -10 1 -11 -1 -10 0 -14 1 -11 2 -15 1 -13 2 -12 1 -14 1 -12 2 -13 4 -14 2 -12 5 -13 5 -12 4 1 -2 0 0 0 0 0 0 0 0 ]
CSI_DATA,AP,68:FE:71:12:53:8C,-37,11,1,7,1,1,1,1,0,0,0,-96,4,6,1,13373551,0,84,0,0,13.374,384,[84 -64 4 0 0 0 0 0 0 0 0 0 8 28 4 23 8 25 3 25 5 27 2 22 -1 26 1 22 -1 24 -1 23 -1 20 2 21 -3 19 1 20 0 20 2 17 0 16 1 15 2 16 -1 13 0 17 -1 12 2 12 3 14 1 16 4 13 -1 -2 4 12 6 15 4 12 5 12 4 12 7 10 3 10 8 8 5 11 6 11 7 12 9 10 7 10 9 9 6 11 10 9 9 11 10 6 9 6 12 8 11 7 8 6 8 5 11 8 9 6 12 4 -1 -2 0 0 0 0 0 0 0 0 ]
CSI_DATA,AP,68:FE:71:12:53:8C,-40,11,1,6,1,1,1,0,0,0,0,-95,0,6,1,13495397,0,84,0,0,13.495,384,[84 -64 4 0 0 0 0 0 0 0 0 0 11 27 10 28 9 31 8 32 7 28 7 31 4 30 3 28 1 27 1 27 2 24 6 24 4 24 3 22 -1 24 2 21 -1 22 0 18 3 20 1 21 2 18 0 15 4 16 3 16 4 14 5 13 0 0 7 15 6 12 8 14 8 11 3 14 4 12 7 14 9 9 9 10 7 8 10 9 10 9 11 7 8 7 7 9 9 9 9 6 10 7 12 8 9 7 12 8 11 7 10 5 12 3 11 4 10 3 0 0 0 0 0 0 0 0 0 0 ]
CSI_DATA,AP,68:FE:71:12:53:8C,-42,11,1,4,1,1,1,0,0,0,0,-93,0,6,1,13606481,0,84,0,0,13.606,384,[84 -64 4 0 0 0 0 0 0 0 0 0 2 -21 7 -20 4 -21 5 -21 4 -17 7 -17 7 -16 7 -14 7 -15 7 -16 10 -16 7 -17 8 -17 6 -16 7 -14 6 -15 6 -13 8 -15 5 -13 6 -13 5 -12 6 -15 6 -15 8 -13 6 -13 8 -13 -1 2 4 -14 7 -18 8 -14 3 -15 4 -15 5 -16 6 -17 2 -17 4 -15 7 -16 6 -18 3 -15 6 -16 6 -16 7 -16 2 -15 5 -20 4 -16 5 -17 2 -16 5 -15 6 -18 4 -19 3 -16 2 -18 1 -17 0 1 0 0 0 0 0 0 0 0 ]
CSI_DATA,AP,68:FE:71:12:53:8C,-39,11,1,4,1,1,1,0,0,0,0,-96,0,6,1,13728144,0,84,0,0,13.728,384,[84 -64 4 0 0 0 0 0 0 0 0 0 8 -3 6 0 6 -3 8 -4 4 -3 8 0 9 -2 6 -3 6 -2 7 -1 5 0 6 -3 6 -1 7 -4 5 1 6 -1 8 1 7 -2 4 -1 7 0 6 1 6 -2 3 0 6 -2 7 0 5 -2 1 1 8 -4 8 0 8 0 8 -2 4 0 8 -3 4 -3 6 0 8 -2 8 0 4 -2 5 -3 6 -4 5 0 5 -4 5 0 9 -2 7 -4 6 0 6 -2 5 -2 4 -3 9 -2 8 -1 6 -1 9 -5 2 -1 0 0 0 0 0 0 0 0 ]
CSI_DATA,AP,68:FE:71:12:53:8C,-37,11,1,7,1,1,1,0,0,0,0,-96,0,6,1,13840922,0,84,0,0,13.841,384,[84 -64 4 0 0 0 0 0 0 0 0 0 -5 -14 -9 -15 -4 -17 -6 -15 -6 -18 -2 -15 -2 -16 -2 -16 -4 -17 -4 -16 -6 -19 -6 -17 -2 -17 -2 -17 -4 -19 -1 -15 0 -19 1 -13 -2 -14 -2 -15 0 -18 0 -18 1 -16 -3 -15 -2 -14 -1 -16 0 0 -2 -17 -4 -13 -2 -17 -4 -14 -1 -17 -5 -16 -4 -15 -5 -17 -2 -15 -4 -14 -6 -17 -4 -15 -4 -16 -8 -14 -6 -12 -7 -14 -8 -14 -6 -14 -6 -15 -6 -12 -6 -11 -6 -12 -10 -10 -6 -14 -7 -14 -9 -13 0 -1 0 0 0 0 0 0 0 0 ]
CSI_DATA,AP,68:FE:71:12:53:8C,-39,11,1,4,1,1,1,0,0,0,0,-94,0,6,1,13950527,0,84,0,0,13.951,384,[84 -64 4 0 0 0 0 0 0 0 0 0 13 -9 17 -11 15 -13 16 -11 20 -10 20 -7 18 -7 19 -10 19 -9 21 -6 19 -6 24 -5 24 -8 24 -8 21 -5 23 -6 22 -5 17 -5 22 -4 23 -2 19 -1 22 -4 18 -5 20 -5 22 -6 20 -6 -2 1 19 -6 18 -6 19 -5 17 -4 19 -5 19 -5 20 -4 18 -6 16 -7 14 -7 18 -10 18 -9 16 -10 19 -11 17 -6 18 -8 16 -12 15 -12 15 -13 15 -12 19 -8 16 -10 16 -13 15 -14 15 -12 17 -10 2 -2 0 0 0 0 0 0 0 0 ]
CSI_DATA,AP,68:FE:71:12:53:8C,-40,11,1,4,1,1,1,0,0,0,0,-95,0,6,1,14078316,0,84,0,0,14.078,384,[84 -64 4 0 0 0 0 0 0 0 0 0 -5 -3 -6 0 -6 -3 -9 -2 -10 -4 -9 -3 -6 -4 -10 -2 -7 -5 -6 -4 -9 -4 -8 -5 -10 -2 -7 -5 -10 -6 -11 -6 -8 -3 -7 -5 -7 -5 -6 -4 -6 -4 -10 -6 -5 -3 -5 -4 -8 -6 -10 -5 1 2 -7 -6 -8 -6 -6 -4 -9 -5 -8 -1 -9 -3 -8 -4 -8 -3 -5 -2 -10 -1 -9 -2 -10 -1 -10 0 -7 -5 -11 -2 -9 -1 -10 -1 -7 -5 -6 -4 -7 -3 -8 -3 -6 -1 -7 -1 -9 -2 -9 -3 -8 -3 2 2 0 0 0 0 0 0 0 0 ]
CSI_DATA,AP,68:FE:71:12:53:8C,-42,11,1,4,1,1,1,0,0,0,0,-96,0,6,1,14177846,0,84,0,0,14.178,384,[84 -64 4 0 0 0 0 0 0 0 0 0 -23 4 -21 5 -22 3 -21 4 -22 3 -19 5 -19 3 -19 3 -21 2 -21 -1 -23 1 -23 1 -21 0 -21 -2 -18 0 -24 0 -20 -2 -17 1 -19 -1 -17 -1 -16 -2 -20 0 -18 0 -19 -3 -19 1 -18 -1 0 2 -17 -1 -17 0 -16 1 -16 1 -16 -1 -14 2 -19 4 -16 1 -16 3 -14 4 -17 3 -16 2 -17 3 -16 4 -17 4 -16 3 -16 3 -16 4 -14 4 -13 7 -14 6 -16 5 -16 5 -13 9 -13 7 -14 9 -2 -1 0 0 0 0 0 0 0 0 ]
CSI_DATA,AP,68:FE:71:12:53:8C,-44,11,1,4,1,1,1,0,0,0,0,-95,0,6,1,14284951,0,84,0,0,14.285,384,[82 -96 4 0 0 0 0 0 0 0 0 0 17 2 21 1 19 2 21 3 17 4 19 3 19 5 17 3 21 3 18 6 15 6 17 3 18 3 17 5 16 4 15 6 16 4 15 7 18 8 14 5 16 4 17 4 15 6 17 5 17 6 13 2 1 1 13 4 16 3 16 6 17 2 16 1 15 2 15 4 12 4 13 0 15 3 15 3 14 2 17 2 17 3 14 -2 17 -2 14 -1 17 0 15 0 17 -2 14 -3 13 -1 17 -1 15 -2 17 0 15 -1 -1 2 0 0 0 0 0 0 0 0 ]
CSI_DATA,AP,68:FE:71:12:53:8C,-39,11,1,4,1,1,1,0,0,0,0,-94,0,6,1,14417756,0,84,0,0,14.418,384,[84 -64 4 0 0 0 0 0 0 0 0 0 -14 6 -17 3 -19 6 -19 3 -18 4 -18 5 -16 4 -15 2 -16 4 -16 3 -16 2 -19 3 -19 3 -15 3 -18 -1 -16 2 -16 2 -14 1 -14 3 -16 1 -16 -1 -13 2 -13 1 -15 3 -16 3 -14 -1 -1 -2 -14 2 -14 1 -14 0 -16 2 -16 3 -12 3 -15 4 -11 1 -13 3 -14 4 -15 1 -10 2 -12 7 -11 6 -12 5 -12 6 -11 6 -13 7 -12 6 -14 7 -13 4 -11 5 -11 6 -12 7 -13 6 -12 7 -1 -1 0 0 0 0 0 0 0 0 ]
CSI_DATA,AP,68:FE:71:12:53:8C,-42,11,1,4,1,1,1,0,0,0,0,-95,0,6,1,14542524,0,84,0,0,14.543,384,[84 -64 4 0 0 0 0 0 0 0 0 0 4 -27 2 -31 2 -26 5 -31 5 -29 5 -31 8 -27 7 -27 6 -28 9 -28 10 -30 11 -26 7 -28 8 -28 11 -23 10 -26 11 -26 10 -24 9 -25 8 -22 9 -24 12 -25 9 -19 8 -22 8 -21 6 -26 0 1 8 -22 9 -23 8 -23 5 -21 8 -24 4 -20 7 -21 7 -23 5 -20 2 -24 5 -25 3 -20 3 -22 4 -24 3 -24 2 -22 4 -22 3 -26 5 -25 3 -21 2 -24 1 -24 0 -25 0 -26 2 -25 -1 -24 -2 1 0 0 0 0 0 0 0 0 ]
CSI_DATA,AP,68:FE:71:12:53:8C,-44,11,1,5,1,1,1,0,0,0,0,-94,0,6,1,14680398,0,84,0,0,14.68,384,[84 -64 4 0 0 0 0 0 0 0 0 0 5 -17 4 -20 9 -20 9 -21 7 -18 10 -17 7 -19 7 -16 11 -17 11 -17 8 -15 11 -15 12 -19 12 -15 9 -14 8 -13 11 -15 11 -15 8 -16 12 -12 8 -13 11 -12 9 -14 7 -14 9 -15 10 -16 2 -1 8 -14 10 -11 8 -15 10 -13 9 -14 6 -12 5 -13 6 -14 5 -13 6 -12 5 -13 6 -13 4 -16 7 -16 6 -14 3 -17 4 -16 5 -15 4 -14 6 -12 3 -13 5 -16 2 -17 1 -15 4 -14 4 -13 -1 2 0 0 0 0 0 0 0 0 ]
CSI_DATA,AP,68:FE:71:12:53:8C,-42,11,0,0,0,0,0,0,0,0,0,-93,0,6,1,14778257,0,37,0,0,14.778,128,[84 -64 4 0 0 0 0 0 0 0 0 0 -13 14 -13 17 -14 16 -13 13 -14 14 -12 14 -17 14 -16 11 -16 12 -15 14 -15 12 -14 13 -18 12 -14 12 -16 13 -16 12 -18 9 -17 12 -17 11 -13 12 -15 11 -15 11 -13 7 -16 9 -12 11 -14 12 0 1 -12 8 -14 8 -13 12 -10 12 -11 10 -11 11 -11 10 -13 9 -12 8 -10 11 -10 11 -11 13 -9 12 -10 13 -9 12 -12 10 -10 11 -12 12 -12 14 -8 14 -9 14 -10 11 -10 15 -6 15 -6 13 -7 14 1 0 0 0 0 0 0 0 0 0 ]
CSI_DATA,AP,68:FE:71:12:53:8C,-38,11,1,7,1,1,1,0,0,0,0,-94,0,6,1,14869860,0,84,0,0,14.87,384,[84 -64 4 0 0 0 0 0 0 0 0 0 19 7 17 6 15 9 16 7 15 8 18 10 18 10 13 11 15 11 13 9 13 9 16 13 14 11 13 13 15 12 12 14 14 11 12 9 12 12 12 12 12 11 12 13 11 11 10 10 13 8 11 12 1 1 11 12 10 12 14 8 11 8 10 8 13 8 12 10 11 10 13 9 14 6 15 6 11 7 14 7 15 5 15 5 14 9 15 6 16 5 12 9 13 5 16 7 16 5 12 7 17 6 14 5 12 3 -2 1 0 0 0 0 0 0 0 0 ]
CSI_DATA,AP,68:FE:71:12:53:8C,-40,11,1,5,1,1,1,0,0,0,0,-94,0,6,1,14996774,0,84,0,0,14.997,384,[84 -64 4 0 0 0 0 0 0 0 0 0 -17 22 -16 26 -19 23 -22 25 -19 23 -22 23 -23 24 -23 19 -22 20 -19 22 -22 19 -22 21 -22 21 -20 20 -20 19 -21 17 -22 17 -19 18 -20 15 -22 15 -21 18 -21 16 -17 16 -19 16 -19 16 -20 16 1 2 -16 18 -18 18 -17 20 -17 18 -17 17 -15 17 -18 19 -17 18 -17 20 -17 19 -18 19 -16 19 -14 19 -13 20 -15 21 -13 21 -14 23 -13 18 -15 19 -11 18 -10 23 -10 20 -11 19 -11 20 -12 19 -11 23 -2 -1 0 0 0 0 0 0 0 0 ]
CSI_DATA,AP,68:FE:71:12:53:8C,-43,11,1,4,1,1,1,0,0,0,0,-95,0,6,1,15102737,0,82,0,0,15.103,384,[84 -64 4 0 0 0 0 0 0 0 0 0 22 4 20 4 22 6 23 6 22 6 22 6 23 10 23 7 22 6 23 11 18 8 20 12 18 9 18 11 17 12 20 10 16 7 16 11 17 10 15 8 16 10 15 11 15 10 15 11 15 11 15 7 -2 0 19 10 19 9 15 7 17 9 15 7 16 6 19 9 16 8 15 7 15 5 16 4 17 5 15 6 19 5 16 3 18 5 17 6 18 4 19 1 17 1 16 5 15 5 20 1 20 2 16 0 19 3 2 2 0 0 0 0 0 0 0 0 ]
CSI_DATA,AP,68:FE:71:12:53:8C,-41,11,1,4,1,1,1,1,0,0,0,-94,5,6,1,15226127,0,84,0,0,15.226,384,[84 -64 4 0 0 0 0 0 0 0 0 0 -4 -23 -4 -20 -5 -20 0 -21 -3 -20 -2 -20 0 -23 2 -23 1 -21 0 -19 2 -21 1 -22 1 -19 3 -22 4 -18 3 -20 2 -21 2 -17 4 -19 2 -21 1 -17 2 -18 6 -16 2 -16 5 -16 3 -16 0 -2 3 -16 1 -16 2 -18 3 -16 4 -17 3 -15 -1 -15 0 -19 0 -15 -2 -18 -2 -15 2 -17 -1 -18 0 -14 -2 -14 -1 -16 -1 -19 -2 -16 0 -16 0 -19 0 -17 -2 -17 -3 -16 -2 -17 -2 -16 -2 -18 0 1 0 0 0 0 0 0 0 0 ]
CSI_DATA,AP,68:FE:71:12:53:8C,-43,11,0,0,0,0,0,0,0,0,0,-94,0,6,1,15339773,0,37,0,0,15.34,128,[84 -64 4 0 0 0 0 0 0 0 0 0 -1 18 -3 17 -4 22 -4 19 -3 19 -5 21 -6 19 -7 17 -5 16 -6 17 -7 17 -4 16 -6 18 -7 16 -8 14 -7 18 -5 14 -4 17 -6 18 -7 14 -6 16 -3 16 -7 15 -3 16 -3 16 -7 15 1 -1 -7 14 -3 14 -2 15 -1 13 -6 16 -4 13 -1 15 0 17 -2 17 -4 17 -1 17 -1 16 0 15 1 15 2 16 -2 17 1 17 2 13 2 17 2 17 1 14 2 15 1 17 0 14 0 13 2 14 2 2 0 0 0 0 0 0 0 0 ]
CSI_DATA,AP,68:FE:71:12:53:8C,-45,11,1,4,1,1,1,0,0,0,0,-95,0,6,1,15449823,0,84,0,0,15.45,384,[84 -64 4 0 0 0 0 0 0 0 0 0 4 -17 5 -20 3 -21 4 -18 5 -18 4 -18 7 -17 4 -18 9 -16 7 -15 8 -18 6 -14 6 -16 6 -15 7 -13 8 -16 7 -13 9 -14 6 -16 7 -13 8 -16 6 -13 7 -15 9 -12 5 -13 4 -13 -1 -2 6 -13 4 -14 7 -14 6 -13 4 -13 4 -16 5 -14 2 -12 4 -14 6 -16 5 -16 3 -14 5 -13 4 -13 3 -14 5 -13 1 -14 4 -14 3 -15 1 -13 3 -17 4 -16 3 -14 0 -18 0 -17 1 -15 -2 -2 0 0 0 0 0 0 0 0 ]
CSI_DATA,AP,68:FE:71:12:53:8C,-38,11,1,6,1,1,1,0,0,0,0,-95,0,6,1,15550955,0,84,0,0,15.551,384,[84 -64 4 0 0 0 0 0 0 0 0 0 -23 -3 -18 -5 -18 -4 -21 -4 -22 -4 -18 -6 -18 -6 -17 -9 -19 -7 -18 -11 -20 -11 -17 -8 -18 -11 -15 -12 -17 -11 -16 -12 -17 -10 -18 -8 -14 -9 -15 -8 -13 -10 -17 -10 -15 -7 -16 -7 -15 -8 -14 -7 -2 -1 -17 -10 -17 -8 -16 -8 -15 -7 -15 -5 -16 -8 -15 -5 -14 -6 -17 -7 -17 -4 -16 -4 -16 -5 -17 -2 -18 -6 -15 -2 -19 -3 -18 -4 -18 -3 -18 -3 -14 -4 -16 -4 -17 -5 -18 -2 -15 -2 -15 0 -17 -2 -1 1 0 0 0 0 0 0 0 0 ]
CSI_DATA,AP,68:FE:71:12:53:8C,-40,11,1,6,1,1,1,0,0,0,0,-95,0,6,1,15668697,0,84,0,0,15.669,384,[84 -64 4 0 0 0 0 0 0 0 0 0 1 21 0 19 2 19 0 20 -1 20 0 19 1 17 -1 17 0 17 -1 21 0 20 0 18 -5 17 -1 21 -2 19 -2 18 0 16 -3 17 -1 18 -4 19 0 15 -1 19 -3 14 -4 15 -2 16 -4 15 0 -1 -1 13 1 15 -2 14 1 14 1 16 -2 13 -2 13 2 14 3 16 0 17 2 16 1 14 0 17 1 15 2 13 1 14 2 16 1 13 5 13 4 12 5 13 6 16 5 15 7 15 3 15 6 14 1 -1 0 0 0 0 0 0 0 0 ]
CSI_DATA,AP,68:FE:71:12:53:8C,-41,11,1,6,1,1,1,0,0,0,0,-94,0,6,1,15750033,0,84,0,0,15.75,384,[84 -64 4 0 0 0 0 0 0 0 0 0 3 -19 4 -22 1 -20 4 -20 5 -19 5 -17 3 -18 7 -20 4 -20 4 -19 5 -20 6 -20 7 -16 8 -16 7 -20 6 -17 7 -17 8 -17 7 -18 6 -15 7 -17 5 -17 4 -14 6 -16 7 -18 6 -17 0 1 4 -14 6 -16 3 -17 6 -17 2 -17 5 -15 6 -17 5 -16 4 -17 3 -14 3 -18 3 -15 3 -17 1 -17 0 -15 -1 -18 -1 -17 2 -14 2 -14 -1 -18 -2 -17 -1 -14 0 -18 1 -16 1 -15 -3 -16 -2 -2 0 0 0 0 0 0 0 0 ]
CSI_DATA,AP,68:FE:71:12:53:8C,-38,11,1,7,1,1,1,1,0,0,0,-94,4,6,1,15865814,0,84,0,0,15.866,384,[84 -64 4 0 0 0 0 0 0 0 0 0 -1 18 -1 19 -2 19 0 19 0 16 -4 18 -5 16 -6 18 -6 17 -4 19 -5 16 -6 16 -6 17 -3 18 -6 16 -8 14 -6 16 -6 12 -3 13 -2 15 -4 17 -4 16 -7 15 -4 14 -5 12 -4 15 2 0 -1 16 -1 13 -1 12 -3 13 -4 15 -4 15 -3 15 -3 12 1 16 0 14 -1 15 -1 16 -2 11 1 14 -2 12 2 13 2 15 3 15 1 15 2 14 3 15 2 12 1 12 0 15 3 14 1 16 -2 1 0 0 0 0 0 0 0 0 ]
CSI_DATA,AP,68:FE:71:12:53:8C,-37,11,1,7,1,1,1,0,0,0,0,-93,0,6,1,15992022,0,84,0,0,15.992,384,[84 -64 4 0 0 0 0 0 0 0 0 0 -8 14 -13 15 -11 17 -13 18 -14 17 -15 15 -13 14 -11 15 -12 16 -12 13 -14 14 -13 10 -14 10 -13 10 -12 10 -13 14 -13 9 -12 9 -14 10 -11 12 -14 10 -12 10 -13 9 -12 9 -15 11 -14 12 2 2 -14 9 -11 12 -10 10 -12 13 -11 11 -9 10 -13 13 -10 10 -12 11 -9 14 -11 12 -11 10 -9 12 -9 15 -11 13 -10 14 -7 12 -11 14 -8 15 -8 16 -5 15 -6 12 -7 16 -8 15 -5 16 -7 15 0 2 0 0 0 0 0 0 0 0 ]
CSI_DATA,AP,68:FE:71:12:53:8C,-40,11,1,6,1,1,1,0,0,0,0,-95,0,6,1,16141125,0,84,0,0,16.141,384,[84 -64 4 0 0 0 0 0 0 0 0 0 -18 -11 -17 -13 -18 -12 -18 -13 -15 -13 -13 -14 -15 -16 -13 -16 -14 -16 -13 -14 -16 -15 -14 -14 -12 -15 -15 -15 -10 -16 -12 -19 -10 -17 -13 -17 -11 -12 -11 -16 -10 -13 -11 -14 -9 -14 -12 -14 -12 -13 -10 -12 2 -2 -13 -14 -12 -14 -12 -12 -15 -14 -10 -10 -13 -14 -11 -12 -10 -13 -13 -11 -11 -9 -15 -12 -13 -10 -12 -11 -11 -11 -15 -12 -15 -8 -14 -11 -17 -10 -16 -12 -17 -10 -15 -9 -15 -7 -15 -9 -16 -6 -15 -8 -15 -6 1 1 0 0 0 0 0 0 0 0 ]
CSI_DATA,AP,68:FE:71:12:53:8C,-38,11,1,6,1,1,1,0,0,0,0,-94,0,6,1,16247449,0,84,0,0,16.247,384,[84 -64 4 0 0 0 0 0 0 0 0 0 16 -8 16 -5 17 -8 19 -7 21 -8 17 -5 20 -4 16 -6 19 -5 20 -4 18 -1 20 -2 20 -1 17 0 18 1 19 0 18 0 18 -2 19 0 16 -1 16 -3 15 0 17 0 18 -1 16 0 18 -1 1 0 14 0 18 -4 14 -2 16 -5 15 -2 18 -4 17 -5 13 -6 14 -4 13 -6 16 -5 13 -4 17 -3 13 -5 15 -3 15 -5 17 -8 15 -6 13 -5 13 -5 12 -7 11 -6 12 -9 15 -10 11 -7 14 -8 -1 0 0 0 0 0 0 0 0 0 ]
CSI_DATA,AP,68:FE:71:12:53:8C,-39,11,1,5,1,1,1,1,0,0,0,-94,6,6,1,16357774,0,84,0,0,16.358,384,[84 -64 4 0 0 0 0 0 0 0 0 0 16 12 16 10 14 11 15 14 14 11 11 10 11 11 14 10 13 14 11 16 10 16 12 12 13 12 10 15 11 11 12 14 11 12 11 14 10 11 11 15 11 11 10 10 8 10 10 11 8 12 9 12 1 -2 7 13 11 10 8 9 12 10 8 9 10 10 10 13 12 8 12 12 11 9 9 11 10 11 10 9 10 8 13 6 12 9 9 9 11 9 12 10 9 6 13 6 13 9 14 7 11 8 10 8 13 5 -2 -2 0 0 0 0 0 0 0 0 ]
CSI_DATA,AP,68:FE:71:12:53:8C,-40,11,1,6,1,1,1,0,0,0,0,-96,0,6,1,16477541,0,84,0,0,16.478,384,[84 -64 4 0 0 0 0 0 0 0 0 0 11 17 12 16 8 16 10 20 7 17 9 16 5 20 6 20 6 18 7 19 7 18 5 17 5 21 7 18 5 16 6 16 7 18 5 16 4 19 4 16 4 16 6 18 6 15 4 18 7 19 3 18 0 2 4 15 3 15 8 16 4 15 8 17 7 14 6 14 5 13 6 15 5 14 7 16 5 14 8 14 10 13 5 14 7 14 7 16 9 14 7 11 12 12 11 11 8 11 12 13 12 13 9 10 13 12 -2 0 0 0 0 0 0 0 0 0 ]
CSI_DATA,AP,68:FE:71:12:53:8C,-40,11,1,6,1,1,1,1,0,0,0,-94,6,6,1,16584940,0,84,0,0,16.585,384,[84 -64 4 0 0 0 0 0 0 0 0 0 -1 -22 2 -22 2 -23 1 -24 0 -22 5 -18 3 -19 5 -21 6 -20 3 -22 8 -23 8 -19 4 -22 3 -18 6 -17 7 -20 2 -18 4 -18 7 -17 5 -19 7 -17 6 -20 4 -14 4 -16 4 -16 5 -15 0 -1 2 -15 4 -18 3 -18 0 -16 4 -18 2 -18 4 -16 -1 -16 -1 -17 -1 -17 -2 -18 -1 -14 1 -15 0 -14 0 -15 -1 -17 -4 -17 -1 -15 -1 -15 -3 -16 -3 -15 -3 -17 -5 -19 -3 -18 -3 -18 -6 -18 0 1 0 0 0 0 0 0 0 0 ]
CSI_DATA,AP,68:FE:71:12:53:8C,-38,11,1,7,1,1,1,0,0,0,0,-94,0,6,1,16658121,0,84,0,0,16.658,384,[84 -64 4 0 0 0 0 0 0 0 0 0 -4 21 -7 20 -4 20 -8 25 -7 22 -6 18 -9 21 -9 20 -8 21 -10 20 -12 19 -10 17 -12 19 -10 18 -12 17 -10 21 -11 18 -9 18 -10 15 -7 18 -9 14 -10 16 -11 17 -12 14 -9 16 -8 14 2 1 -7 16 -5 16 -7 15 -8 16 -7 14 -5 15 -6 15 -7 15 -6 17 -6 16 -5 18 -8 13 -4 17 -3 19 -3 14 -6 16 -6 16 -1 15 -1 19 -4 15 -4 16 -1 18 -1 15 -3 18 -4 15 -3 15 -1 -1 0 0 0 0 0 0 0 0 ]
CSI_DATA,AP,68:FE:71:12:53:8C,-39,11,1,4,1,1,1,0,0,0,0,-95,0,6,1,16756245,0,84,0,0,16.756,384,[84 -64 4 0 0 0 0 0 0 0 0 0 22 3 21 1 20 5 25 6 23 5 18 5 19 4 18 4 19 7 17 8 18 9 21 11 21 9 21 8 15 8 21 10 15 6 19 6 17 7 18 9 17 5 19 7 14 7 18 7 16 9 16 9 0 0 17 3 19 6 17 6 19 4 16 4 15 4 18 3 15 5 14 1 18 0 15 3 14 5 17 3 17 1 18 2 18 1 18 -1 16 -1 18 -1 14 -4 19 1 16 -2 19 1 17 -1 17 1 16 -2 -2 -2 0 0 0 0 0 0 0 0 ]
CSI_DATA,AP,68:FE:71:12:53:8C,-43,11,1,4,1,1,1,0,0,0,1,-96,0,6,1,16857956,0,84,0,0,16.858,384,[84 -64 4 0 0 0 0 0 0 0 0 0 21 10 18 8 19 9 21 9 20 13 19 10 18 14 15 12 16 14 17 14 17 13 16 12 18 12 17 14 12 14 16 13 13 12 15 13 13 11 12 12 11 13 16 10 12 9 13 12 12 12 15 10 -2 -1 15 10 17 11 12 9 14 8 12 11 13 8 12 8 12 7 13 7 16 7 15 8 13 6 15 6 15 3 17 4 16 7 19 5 16 5 18 3 14 5 16 7 15 6 15 4 15 0 17 1 18 0 -1 -1 0 0 0 0 0 0 0 0 ]
CSI_DATA,AP,68:FE:71:12:53:8C,-43,11,1,5,1,1,1,1,0,0,0,-93,5,6,1,16965686,0,84,0,0,16.966,384,[84 -64 4 0 0 0 0 0 0 0 0 0 22 -3 18 -1 24 -3 21 -3 23 -2 22 0 19 2 21 -1 20 2 19 4 21 0 23 1 22 3 20 1 21 4 21 1 19 4 16 1 19 2 20 2 17 0 18 2 17 2 17 2 21 3 19 4 -1 1 15 2 18 0 15 0 18 1 19 3 18 -2 19 -1 15 1 17 -3 16 -2 15 -2 14 -1 18 -2 16 -3 14 0 17 -2 17 -5 17 -4 16 -2 13 -8 15 -3 14 -4 15 -3 18 -7 15 -4 14 -8 1 -2 0 0 0 0 0 0 0 0 ]
CSI_DATA,AP,68:FE:71:12:53:8C,-37,11,1,6,1,1,1,0,0,0,0,-94,0,6,1,17069208,0,84,0,0,17.069,384,[84 -64 4 0 0 0 0 0 0 0 0 0 -13 16 -14 18 -15 16 -17 16 -18 14 -14 14 -16 15 -18 12 -16 13 -17 14 -19 15 -18 15 -18 14 -19 14 -16 11 -20 10 -18 12 -16 10 -15 10 -16 11 -17 9 -17 10 -17 9 -14 11 -14 12 -15 13 -2 -1 -17 9 -17 9 -16 12 -12 13 -16 10 -15 10 -15 13 -13 9 -15 13 -15 13 -10 15 -12 11 -9 12 -12 13 -13 15 -11 12 -14 13 -11 12 -13 16 -8 11 -13 11 -12 11 -10 14 -10 16 -8 17 -11 15 -2 -1 0 0 0 0 0 0 0 0 ]
CSI_DATA,AP,68:FE:71:12:53:8C,-38,11,1,6,1,1,1,0,0,0,0,-93,0,6,1,17161285,0,84,0,0,17.161,384,[84 -64 4 0 0 0 0 0 0 0 0 0 -21 -12 -18 -11 -22 -13 -19 -10 -18 -10 -17 -14 -14 -16 -13 -12 -14 -15 -17 -14 -14 -16 -16 -13 -12 -16 -15 -16 -15 -14 -12 -17 -11 -13 -11 -14 -13 -14 -10 -13 -13 -15 -11 -15 -9 -11 -10 -14 -10 -15 -13 -12 2 0 -11 -14 -12 -11 -13 -14 -11 -13 -11 -11 -14 -11 -13 -13 -14 -13 -10 -12 -13 -8 -12 -9 -13 -10 -15 -9 -15 -10 -14 -12 -16 -10 -13 -12 -15 -6 -12 -11 -15 -9 -12 -8 -12 -10 -16 -10 -18 -10 -13 -7 -15 -9 -1 2 0 0 0 0 0 0 0 0 ]
CSI_DATA,AP,68:FE:71:12:53:8C,-35,11,1,5,1,1,1,1,0,0,0,-94,4,6,1,17271346,0,84,0,0,17.271,384,[84 -64 4 0 0 0 0 0 0 0 0 0 13 -17 11 -14 15 -16 14 -15 15 -14 17 -11 16 -11 14 -14 17 -12 15 -10 16 -9 18 -12 17 -12 18 -11 17 -8 15 -8 17 -7 15 -8 16 -9 14 -9 17 -11 14 -8 15 -9 13 -8 13 -7 12 -9 2 -2 15 -7 15 -8 14 -12 12 -9 11 -11 14 -11 13 -10 12 -9 10 -9 11 -12 9 -13 8 -10 10 -10 9 -11 8 -11 13 -13 9 -15 9 -14 11 -10 7 -15 10 -13 7 -13 8 -11 9 -16 7 -15 7 -16 0 -2 0 0 0 0 0 0 0 0 ]
CSI_DATA,AP,68:FE:71:12:53:8C,-43,11,1,6,1,1,1,0,0,0,0,-95,0,6,1,17372015,0,84,0,0,17.372,384,[84 -64 4 0 0 0 0 0 0 0 0 0 20 8 14 8 18 12 15 11 19 11 13 9 16 11 12 14 16 14 15 11 13 14 13 11 16 12 13 14 9 14 16 13 13 14 10 12 9 13 13 14 10 11 11 12 10 13 12 12 9 15 11 15 -2 1 12 9 12 10 11 10 14 12 11 12 12 10 14 13 12 11 12 11 13 7 14 12 11 6 14 8 12 7 11 11 15 8 13 8 16 8 16 6 14 6 14 9 13 6 17 5 15 9 12 5 14 6 1 0 0 0 0 0 0 0 0 0 ]
CSI_DATA,AP,68:FE:71:12:53:8C,-40,11,1,5,1,1,1,1,0,0,0,-95,6,6,1,17463266,0,84,0,0,17.463,384,[84 -64 4 0 0 0 0 0 0 0 0 0 6 21 3 19 6 22 4 24 5 22 4 22 3 22 1 21 2 22 1 17 0 21 -1 20 -3 23 -2 18 1 21 -3 19 1 18 -2 19 1 18 -3 17 -2 19 0 19 -2 17 1 17 -1 17 -1 15 2 1 0 16 1 20 2 17 4 14 -1 18 0 19 2 14 3 17 5 16 1 13 1 19 2 14 5 18 5 15 6 16 7 15 3 18 8 14 5 15 5 16 5 15 4 14 5 17 10 17 6 15 5 15 0 -2 0 0 0 0 0 0 0 0 ]
CSI_DATA,AP,68:FE:71:12:53:8C,-40,11,1,6,1,1,1,0,0,0,0,-93,0,6,1,17574927,0,84,0,0,17.575,384,[84 -64 4 0 0 0 0 0 0 0 0 0 -10 -20 -7 -17 -9 -20 -7 -21 -7 -19 -5 -19 -4 -21 -5 -21 -3 -22 -3 -22 -4 -19 -4 -20 -5 -22 -2 -22 -4 -22 -4 -23 -3 -19 1 -18 -1 -20 -2 -19 0 -17 0 -21 -1 -16 0 -16 -3 -16 -4 -19 -1 -1 -3 -18 -4 -18 -4 -20 -2 -17 -4 -18 -5 -20 -4 -15 -2 -15 -4 -16 -4 -14 -6 -15 -7 -17 -6 -16 -7 -18 -5 -16 -6 -15 -9 -15 -7 -17 -8 -16 -8 -12 -9 -16 -9 -17 -7 -14 -12 -17 -10 -16 -10 -13 1 0 0 0 0 0 0 0 0 0 ]
CSI_DATA,AP,68:FE:71:12:53:8C,-40,11,1,4,1,1,1,0,0,0,0,-96,0,6,1,17693982,0,84,0,0,17.694,384,[84 -64 4 0 0 0 0 0 0 0 0 0 -18 -13 -14 -13 -18 -13 -16 -18 -15 -15 -15 -18 -16 -18 -14 -17 -12 -17 -12 -16 -13 -16 -13 -19 -16 -19 -10 -15 -9 -17 -11 -19 -12 -15 -10 -15 -10 -18 -8 -18 -9 -15 -10 -14 -10 -12 -9 -13 -11 -17 -13 -17 0 0 -9 -16 -12 -16 -14 -16 -12 -14 -12 -12 -12 -12 -12 -11 -10 -13 -13 -13 -12 -10 -12 -11 -14 -12 -11 -12 -13 -10 -13 -10 -13 -11 -14 -10 -15 -11 -15 -12 -17 -7 -16 -9 -13 -7 -17 -7 -14 -10 -16 -6 -17 -9 1 1 0 0 0 0 0 0 0 0 ]
CSI_DATA,AP,68:FE:71:12:53:8C,-37,11,1,6,1,1,1,0,0,0,0,-95,0,6,1,17845616,0,84,0,0,17.846,384,[84 -64 4 0 0 0 0 0 0 0 0 0 -20 10 -18 9 -19 11 -19 7 -18 5 -21 5 -19 7 -19 5 -20 4 -20 6 -21 2 -19 3 -23 3 -19 3 -21 3 -19 1 -18 1 -20 4 -17 0 -19 4 -19 2 -18 2 -15 2 -19 3 -19 1 -19 4 2 -2 -16 1 -18 6 -19 4 -18 3 -16 2 -15 2 -19 2 -18 4 -17 6 -16 6 -14 6 -17 8 -15 7 -15 9 -17 8 -17 6 -15 6 -16 10 -17 8 -14 10 -15 10 -15 7 -13 10 -15 8 -15 10 -13 8 2 1 0 0 0 0 0 0 0 0 ]
CSI_DATA,AP,68:FE:71:12:53:8C,-42,11,1,4,1,1,1,0,0,0,0,-95,0,6,1,17947826,0,84,0,0,17.948,384,[84 -64 4 0 0 0 0 0 0 0 0 0 10 -15 11 -13 11 -18 17 -18 16 -17 15 -15 13 -15 13 -10 15 -11 15 -10 17 -10 14 -10 18 -9 15 -10 18 -10 19 -13 17 -12 16 -9 14 -10 16 -10 17 -11 15 -8 12 -10 17 -7 16 -7 14 -7 1 -2 13 -11 14 -11 16 -10 11 -10 12 -11 14 -10 14 -11 11 -10 12 -9 12 -13 12 -13 13 -10 9 -13 11 -12 10 -14 8 -11 10 -13 10 -14 12 -15 8 -13 8 -14 11 -10 10 -14 10 -14 10 -13 6 -11 1 -2 0 0 0 0 0 0 0 0 ]
CSI_DATA,AP,68:FE:71:12:53:8C,-37,11,1,6,1,1,1,0,0,0,0,-93,0,6,1,18052877,0,84,0,0,18.053,384,[84 -64 4 0 0 0 0 0 0 0 0 0 19 -23 21 -21 21 -23 21 -21 21 -19 21 -17 23 -17 26 -15 24 -18 23 -16 23 -17 26 -17 23 -13 23 -17 23 -13 27 -17 23 -13 20 -13 21 -12 20 -10 20 -12 24 -11 18 -13 23 -16 24 -16 24 -12 -1 0 21 -13 19 -13 22 -13 19 -17 17 -13 19 -15 17 -15 18 -15 17 -13 20 -13 18 -19 18 -17 18 -17 15 -14 15 -17 18 -15 19 -16 18 -20 18 -19 16 -15 15 -18 16 -19 16 -17 16 -18 13 -18 14 -19 2 2 0 0 0 0 0 0 0 0 ]
CSI_DATA,AP,68:FE:71:12:53:8C,-38,11,1,7,1,1,1,0,0,0,0,-95,0,6,1,18156386,0,84,0,0,18.156,384,[84 -64 4 0 0 0 0 0 0 0 0 0 -17 14 -19 13 -16 12 -18 16 -18 14 -19 9 -18 10 -17 9 -20 9 -18 8 -19 10 -22 9 -20 10 -20 10 -17 7 -19 7 -17 9 -15 6 -16 7 -19 5 -15 6 -19 6 -16 6 -18 5 -20 10 -18 9 -1 0 -17 6 -16 7 -15 7 -16 7 -15 9 -18 8 -16 8 -15 10 -17 9 -15 8 -16 11 -14 8 -12 10 -13 9 -15 11 -13 10 -13 9 -13 14 -11 9 -14 13 -15 13 -15 13 -11 14 -14 15 -12 13 -13 11 0 2 0 0 0 0 0 0 0 0 ]
CSI_DATA,AP,68:FE:71:12:53:8C,-41,11,1,6,1,1,1,0,0,0,0,-96,0,6,1,18275400,0,84,0,0,18.275,384,[84 -64 4 0 0 0 0 0 0 0 0 0 19 4 19 5 21 4 22 8 18 8 17 5 18 8 19 9 18 6 19 8 17 8 16 7 19 10 19 11 17 8 19 7 16 9 16 6 17 9 14 8 15 8 14 7 11 10 16 9 17 10 13 8 2 1 16 5 13 8 17 8 15 3 12 4 15 6 14 4 16 4 14 6 17 4 16 2 13 2 18 5 14 4 16 2 18 3 16 1 15 0 14 1 16 -1 15 2 14 1 13 0 14 1 15 3 16 -2 2 -2 0 0 0 0 0 0 0 0 ]
CSI_DATA,AP,68:FE:71:12:53:8C,-38,11,1,6,1,1,1,0,0,0,0,-94,0,6,1,18411756,0,84,0,0,18.412,384,[84 -64 4 0 0 0 0 0 0 0 0 0 8 19 7 18 9 19 6 17 8 20 7 15 7 17 5 18 5 18 7 15 4 17 7 20 5 16 2 16 5 15 2 20 1 17 1 14 3 16 5 15 2 15 3 15 1 16 6 17 4 17 4 14 1 -2 7 14 7 15 3 16 6 14 4 12 4 17 7 15 7 14 6 13 9 14 10 14 6 14 9 13 9 13 8 15 9 12 10 11 8 11 7 10 10 9 8 14 9 11 8 13 10 10 10 9 10 11 -2 -1 0 0 0 0 0 0 0 0 ]
CSI_DATA,AP,68:FE:71:12:53:8C,-39,11,1,4,1,1,1,0,0,0,0,-96,0,6,1,18517002,0,84,0,0,18.517,384,[84 -64 4 0 0 0 0 0 0 0 0 0 -2 -18 1 -21 0 -18 0 -19 1 -20 4 -17 5 -20 5 -18 6 -21 3 -17 6 -20 5 -19 7 -16 6 -19 5 -15 4 -16 4 -15 3 -16 3 -15 3 -15 3 -18 6 -17 7 -13 2 -18 3 -16 3 -15 2 0 4 -16 4 -16 5 -17 3 -15 3 -16 3 -17 3 -15 2 -13 0 -14 2 -12 1 -18 2 -14 -2 -16 -2 -16 0 -14 0 -18 -1 -14 -3 -18 -2 -17 -3 -13 -2 -14 0 -13 -1 -16 -2 -16 -4 -17 -1 -16 2 -2 0 0 0 0 0 0 0 0 ]
CSI_DATA,AP,68:FE:71:12:53:8C,-47,11,1,3,1,1,1,1,0,0,0,-95,5,6,1,18629485,0,84,0,0,18.629,384,[84 -64 4 0 0 0 0 0 0 0 0 0 11 16 10 14 11 14 10 18 9 17 6 16 8 15 9 17 9 16 5 17 9 16 9 19 6 19 8 18 8 17 7 18 4 14 5 15 4 16 5 15 4 13 3 13 4 15 3 14 4 14 7 14 0 -1 7 12 8 16 6 15 5 14 4 13 6 11 5 12 9 13 9 14 5 10 9 12 5 14 6 11 11 10 9 10 11 12 11 13 10 11 10 12 9 11 9 10 7 10 9 8 11 10 8 8 10 10 2 -1 0 0 0 0 0 0 0 0 ]
CSI_DATA,AP,68:FE:71:12:53:8C,-38,11,0,0,0,0,0,0,0,0,0,-96,0,6,1,18752806,0,37,0,0,18.753,128,[84 -64 4 0 0 0 0 0 0 0 0 0 0 -30 3 -30 0 -31 3 -29 3 -31 3 -27 8 -27 5 -28 7 -28 9 -28 8 -25 8 -27 10 -27 6 -28 11 -23 5 -25 7 -24 9 -21 9 -21 9 -21 9 -22 7 -24 4 -20 7 -20 8 -25 7 -21 -1 -2 3 -21 5 -23 4 -21 2 -19 5 -22 5 -20 1 -21 3 -20 2 -22 1 -17 0 -20 2 -18 -3 -20 2 -20 -4 -19 -3 -18 -4 -21 -1 -16 -2 -16 -6 -20 -2 -17 -1 -19 -2 -20 -3 -20 -4 -19 -5 -16 -1 -2 0 0 0 0 0 0 0 0 ]
CSI_DATA,AP,68:FE:71:12:53:8C,-44,11,1,4,1,1,1,0,0,0,0,-96,0,6,1,18865513,0,84,0,0,18.866,384,[84 -64 4 0 0 0 0 0 0 0 0 0 8 -9 10 -4 10 -9 12 -7 11 -7 8 -7 8 -5 7 -5 10 -3 10 -6 11 -4 9 -4 8 -5 10 -5 12 -4 10 -6 11 -1 11 -5 11 -2 8 -2 11 -5 7 -4 7 -4 10 -5 10 -2 9 -2 0 -1 11 -2 6 -1 8 -1 10 -5 7 -5 6 -6 6 -3 9 -2 8 -5 7 -4 8 -7 8 -3 6 -6 9 -4 6 -7 6 -5 7 -7 8 -7 9 -6 9 -9 9 -5 8 -6 8 -5 8 -6 5 -7 7 -8 -1 -1 0 0 0 0 0 0 0 0 ]
CSI_DATA,AP,68:FE:71:12:53:8C,-45,11,1,5,1,1,1,0,0,0,0,-96,0,6,1,19010267,0,84,0,0,19.01,384,[84 -64 4 0 0 0 0 0 0 0 0 0 -14 -3 -16 -5 -17 -2 -16 -2 -12 -6 -13 -4 -13 -4 -11 -5 -13 -4 -12 -7 -15 -5 -14 -7 -12 -5 -12 -5 -13 -9 -12 -7 -14 -9 -10 -5 -10 -4 -14 -8 -10 -7 -12 -7 -13 -8 -11 -4 -13 -6 -11 -7 -1 -1 -12 -3 -14 -4 -10 -4 -13 -4 -10 -6 -10 -6 -11 -4 -10 -4 -11 -5 -11 -5 -14 -2 -13 -5 -13 -2 -9 -4 -11 0 -11 -2 -10 -3 -10 -3 -13 1 -12 0 -12 0 -9 0 -12 2 -14 2 -12 1 -14 -2 -2 2 0 0 0 0 0 0 0 0 ]
CSI_DATA,AP,68:FE:71:12:53:8C,-40,11,1,5,1,1,1,0,0,0,0,-96,0,6,1,19104791,0,84,0,0,19.105,384,[84 -64 4 0 0 0 0 0 0 0 0 0 8 4 9 1 10 1 7 5 8 6 7 2 8 3 6 6 7 4 7 6 5 6 9 5 6 7 5 3 7 6 6 4 5 4 6 3 6 2 5 4 7 5 7 3 3 6 3 6 7 4 3 6 1 1 3 3 3 3 3 4 5 1 4 4 3 3 5 2 3 1 5 1 6 2 7 6 4 2 3 5 5 2 7 2 8 2 8 6 5 2 6 1 6 3 8 4 8 4 5 4 5 5 5 1 8 3 2 -2 0 0 0 0 0 0 0 0 ]
CSI_DATA,AP,68:FE:71:12:53:8C,-41,11,1,5,1,1,1,0,0,0,0,-94,0,6,1,19216477,0,84,0,0,19.216,384,[84 -64 4 0 0 0 0 0 0 0 0 0 19 0 21 4 21 2 21 3 21 6 18 8 20 7 21 8 18 9 18 8 17 8 19 7 19 6 16 9 17 7 20 10 18 10 16 10 18 9 14 9 16 8 13 9 13 8 16 7 18 10 17 9 -1 -1 15 9 15 6 17 6 14 5 14 4 17 7 16 8 16 4 17 5 17 4 16 2 13 2 14 2 15 2 15 4 15 5 17 3 14 3 13 2 13 0 13 0 16 0 17 0 17 0 13 1 14 1 -2 1 0 0 0 0 0 0 0 0 ]
CSI_DATA,AP,68:FE:71:12:53:8C,-40,11,1,5,1,1,1,0,0,0,0,-95,0,6,1,19293849,0,84,0,0,19.294,384,[84 -64 4 0 0 0 0 0 0 0 0 0 19 13 14 13 16 14 17 12 12 12 13 12 15 16 10 16 10 12 11 12 13 13 10 14 9 13 11 10 7 11 8 14 10 14 9 10 6 8 7 11 8 8 7 10 5 9 8 10 10 11 6 7 -2 -1 8 7 11 5 10 8 9 7 9 8 11 9 9 8 8 4 11 7 12 7 9 5 9 4 10 6 11 2 10 5 10 2 11 3 14 3 13 3 10 3 13 5 13 0 12 4 16 3 14 3 13 0 0 0 0 0 0 0 0 0 0 0 ]
CSI_DATA,AP,68:FE:71:12:53:8C,-39,11,1,5,1,1,1,0,0,0,0,-95,0,6,1,19415616,0,84,0,0,19.416,384,[84 -64 4 0 0 0 0 0 0 0 0 0 -23 0 -22 -2 -22 0 -20 -4 -21 -1 -19 -7 -18 -6 -18 -5 -17 -6 -14 -8 -17 -3 -14 -8 -15 -7 -14 -7 -14 -6 -13 -3 -12 -4 -13 -7 -13 -5 -11 -5 -10 -3 -11 -4 -9 -3 -12 -4 -14 -2 -9 -1 -1 2 -10 -1 -13 -2 -10 -2 -9 -1 -10 0 -11 -1 -12 -1 -11 1 -11 3 -10 2 -11 4 -7 3 -10 1 -10 5 -11 5 -12 2 -8 3 -10 5 -9 1 -8 4 -12 4 -8 3 -8 7 -11 7 -8 4 -9 8 -1 0 0 0 0 0 0 0 0 0 ]
CSI_DATA,AP,68:FE:71:12:53:8C,-36,11,1,5,1,1,1,1,0,0,0,-96,4,6,1,19535623,0,84,0,0,19.536,384,[84 -64 4 0 0 0 0 0 0 0 0 0 21 29 18 30 17 32 20 32 15 30 13 32 10 28 13 30 11 28 8 25 8 29 11 27 7 27 9 26 6 24 7 24 5 24 9 20 8 19 5 22 9 18 9 20 4 16 5 16 7 17 8 17 0 -2 9 12 8 14 9 14 9 13 9 12 10 10 8 10 10 10 11 9 9 6 11 9 11 9 11 7 13 8 14 4 12 5 15 3 12 5 14 5 12 5 12 3 11 3 12 3 14 0 14 0 12 2 0 0 0 0 0 0 0 0 0 0 ]
CSI_DATA,AP,68:FE:71:12:53:8C,-40,11,1,4,1,1,1,0,0,0,0,-94,0,6,1,19638082,0,84,0,0,19.638,384,[84 -64 4 0 0 0 0 0 0 0 0 0 -3 20 -1 16 -4 19 -6 19 -5 18 -3 14 -7 18 -7 14 -5 17 -4 16 -5 19 -8 19 -4 16 -4 16 -4 13 -8 15 -8 15 -4 15 -7 14 -7 14 -5 13 -8 15 -4 14 -5 16 -7 16 -5 13 -2 -1 -3 15 -6 14 -3 14 -5 15 -2 14 -2 12 -4 15 -2 15 -3 14 0 12 0 13 0 11 0 12 -3 16 0 17 -3 17 -1 14 0 14 0 15 2 15 -1 12 -2 13 1 13 0 14 1 14 0 12 0 0 0 0 0 0 0 0 0 0 ]
CSI_DATA,AP,68:FE:71:12:53:8C,-42,11,1,6,1,1,1,1,0,0,0,-94,2,6,1,19751043,0,84,0,0,19.751,384,[84 -64 4 0 0 0 0 0 0 0 0 0 -13 7 -15 9 -15 6 -15 6 -12 8 -15 8 -13 4 -12 6 -16 4 -13 3 -15 5 -12 5 -14 5 -11 4 -15 5 -13 2 -13 2 -12 3 -11 3 -13 4 -14 5 -12 4 -10 2 -13 5 -10 6 -11 4 2 1 -10 5 -11 8 -13 5 -9 9 -13 5 -12 6 -12 8 -8 5 -9 10 -13 9 -12 6 -12 10 -10 7 -9 6 -12 9 -13 10 -13 8 -13 7 -10 7 -9 8 -13 7 -13 7 -12 10 -11 8 -12 9 -10 8 -2 -2 0 0 0 0 0 0 0 0 ]
CSI_DATA,AP,68:FE:71:12:53:8C,-39,11,1,6,1,1,1,1,0,0,0,-95,2,6,1,19892852,0,84,0,0,19.893,384,[84 -64 4 0 0 0 0 0 0 0 0 0 -15 -19 -13 -17 -16 -19 -13 -19 -11 -19 -10 -18 -11 -19 -8 -19 -12 -23 -10 -23 -10 -23 -11 -23 -13 -23 -10 -20 -10 -23 -9 -24 -10 -19 -10 -20 -9 -23 -6 -22 -8 -25 -8 -20 -6 -23 -11 -22 -9 -23 -10 -24 0 1 -11 -21 -10 -24 -10 -22 -12 -19 -10 -23 -10 -22 -8 -21 -9 -22 -14 -21 -12 -19 -15 -19 -15 -18 -13 -21 -12 -19 -16 -20 -15 -22 -13 -21 -13 -21 -14 -22 -13 -21 -13 -24 -14 -23 -17 -22 -17 -19 -15 -17 -16 -17 1 2 0 0 0 0 0 0 0 0 ]
CSI_DATA,AP,68:FE:71:12:53:8C,-41,11,1,6,1,1,1,0,0,0,0,-93,0,6,1,19985622,0,84,0,0,19.986,384,[84 -64 4 0 0 0 0 0 0 0 0 0 0 -5 0 -3 1 -1 1 0 1 -2 4 0 6 -2 5 -3 4 -1 3 1 3 -1 6 0 5 -1 8 1 7 1 6 1 6 0 7 3 4 0 8 1 6 4 8 1 6 0 10 0 8 2 9 2 2 -2 7 0 11 1 10 0 9 3 8 2 10 2 12 5 11 2 8 0 10 1 12 0 12 1 12 3 13 4 13 3 11 3 11 3 11 3 13 2 13 3 16 5 16 1 14 2 17 1 15 0 16 2 -1 -1 0 0 0 0 0 0 0 0 ]
CSI_DATA,AP,68:FE:71:12:53:8C,-36,11,1,5,1,1,1,0,0,0,0,-95,0,6,1,20107350,0,84,0,0,20.107,384,[84 -64 4 0 0 0 0 0 0 0 0 0 6 16 7 18 7 16 5 18 3 20 0 19 1 21 1 21 0 18 2 23 1 23 1 20 -1 23 -1 22 -4 22 0 23 0 23 0 21 -4 19 -2 19 -3 20 -4 19 -2 18 -3 20 -3 23 -2 21 -1 -2 0 19 -1 20 0 21 2 22 -2 17 -3 19 -4 19 -1 21 1 20 0 18 4 22 1 17 1 22 3 18 1 21 2 18 5 21 3 19 3 18 3 17 6 18 2 18 7 20 5 20 4 18 7 16 0 -1 0 0 0 0 0 0 0 0 ]
CSI_DATA,AP,68:FE:71:12:53:8C,-46,11,1,5,1,1,1,1,0,0,0,-95,4,6,1,20218058,0,84,0,0,20.218,384,[84 -64 4 0 0 0 0 0 0 0 0 0 -1 -19 -4 -20 -2 -21 -4 -19 -1 -19 -3 -22 -2 -22 -2 -21 -2 -22 1 -23 2 -25 1 -23 1 -22 5 -22 1 -24 3 -25 4 -22 3 -22 2 -23 2 -24 2 -20 1 -24 4 -21 4 -24 3 -25 5 -19 -1 1 3 -21 2 -24 0 -19 2 -20 3 -21 2 -21 2 -20 1 -23 1 -19 0 -19 -1 -22 1 -18 -1 -21 -1 -20 -5 -21 -5 -24 -6 -21 -4 -18 -7 -20 -5 -21 -5 -20 -7 -22 -4 -19 -5 -20 -4 -20 -4 -20 1 -2 0 0 0 0 0 0 0 0 ]
CSI_DATA,AP,68:FE:71:12:53:8C,-39,11,0,0,0,0,0,0,0,0,0,-94,0,6,1,20339670,0,37,0,0,20.34,128,[84 -64 4 0 0 0 0 0 0 0 0 0 9 -20 9 -17 7 -20 8 -21 9 -22 10 -16 8 -21 8 -18 11 -17 10 -20 10 -17 14 -18 13 -19 11 -19 13 -17 12 -19 13 -14 9 -18 11 -13 9 -16 9 -13 8 -14 12 -12 10 -13 12 -16 12 -13 -1 -2 8 -16 6 -17 6 -15 6 -17 6 -14 5 -14 6 -14 6 -17 6 -15 3 -16 3 -13 5 -14 4 -16 2 -16 3 -16 2 -18 4 -18 5 -16 5 -16 3 -16 5 -14 3 -17 1 -16 2 -18 4 -18 3 -13 0 -2 0 0 0 0 0 0 0 0 ]
CSI_DATA,AP,68:FE:71:12:53:8C,-37,11,1,5,1,1,1,0,0,0,1,-94,0,6,1,20448404,0,84,0,0,20.448,384,[84 -64 4 0 0 0 0 0 0 0 0 0 0 17 -2 18 -3 20 -2 19 -2 18 0 21 -3 16 -4 19 -6 20 -2 18 -3 17 -7 17 -3 18 -5 17 -6 19 -7 17 -5 15 -5 15 -7 17 -5 17 -6 14 -7 16 -6 17 -7 14 -3 14 -4 16 1 1 -6 13 -5 13 -5 14 -3 17 -3 18 -3 16 0 16 -4 13 -1 13 -1 15 0 15 -1 13 -1 17 -1 16 -1 13 2 15 1 13 1 15 1 16 3 13 -1 17 4 17 3 13 2 14 4 17 2 14 -1 -1 0 0 0 0 0 0 0 0 ]
CSI_DATA,AP,68:FE:71:12:53:8C,-39,11,1,5,1,1,1,0,0,0,0,-94,0,6,1,20567351,0,84,0,0,20.567,384,[84 -64 4 0 0 0 0 0 0 0 0 0 -12 -19 -10 -20 -10 -19 -11 -17 -10 -17 -8 -17 -6 -18 -8 -21 -8 -18 -8 -20 -6 -21 -4 -19 -6 -18 -6 -19 -3 -22 -4 -17 -6 -18 -6 -16 -4 -20 -3 -20 -3 -19 -2 -20 -4 -16 -6 -18 -4 -15 -3 -19 -1 -2 -4 -15 -7 -15 -6 -18 -5 -18 -9 -15 -9 -13 -9 -14 -7 -13 -6 -13 -9 -16 -6 -16 -5 -16 -10 -14 -6 -16 -10 -13 -9 -13 -7 -15 -10 -15 -11 -12 -11 -13 -8 -15 -11 -12 -9 -16 -13 -14 -12 -13 -10 -14 0 -2 0 0 0 0 0 0 0 0 ]
CSI_DATA,AP,68:FE:71:12:53:8C,-37,11,1,7,1,1,1,0,0,0,0,-96,0,6,1,20690127,0,84,0,0,20.69,384,[84 -64 4 0 0 0 0 0 0 0 0 0 1 20 2 18 -2 18 1 19 -2 18 -1 19 -3 19 -4 18 -2 16 -2 20 -5 20 -3 19 -4 16 -4 16 -5 16 -6 17 -6 16 -1 18 -3 14 -2 16 -1 17 -3 16 -5 13 -4 16 -2 13 -1 15 1 1 0 13 -2 14 -3 16 -3 17 0 17 0 13 1 13 2 15 1 16 -1 13 3 15 2 13 3 15 1 16 1 14 3 13 1 14 3 16 3 14 1 13 2 12 6 12 3 13 5 15 5 14 4 14 0 0 0 0 0 0 0 0 0 0 ]
CSI_DATA,AP,68:FE:71:12:53:8C,-40,11,1,4,1,1,1,0,0,0,0,-94,0,6,1,20806719,0,84,0,0,20.807,384,[84 -64 4 0 0 0 0 0 0 0 0 0 2 -17 7 -19 7 -18 7 -18 6 -18 7 -18 7 -20 7 -19 10 -19 10 -17 9 -18 11 -18 10 -14 8 -17 7 -16 9 -17 11 -16 7 -12 11 -13 7 -12 8 -14 10 -14 8 -12 10 -15 9 -12 9 -12 0 1 9 -16 10 -13 6 -13 7 -12 7 -12 7 -14 4 -16 6 -13 6 -12 6 -14 2 -12 5 -14 3 -13 2 -17 2 -12 4 -14 5 -16 5 -17 4 -15 0 -17 4 -13 2 -15 2 -16 3 -13 4 -18 2 -15 -1 0 0 0 0 0 0 0 0 0 ]
CSI_DATA,AP,68:FE:71:12:53:8C,-42,11,1,5,1,1,1,0,0,0,0,-94,0,6,1,20910580,0,84,0,0,20.911,384,[84 -64 4 0 0 0 0 0 0 0 0 0 13 14 12 14 10 17 8 13 8 17 11 16 9 18 9 15 5 16 5 15 9 14 4 14 7 17 6 13 5 13 5 13 3 17 7 12 5 17 4 16 3 15 5 15 3 13 4 16 5 13 5 15 2 0 5 13 5 13 4 13 6 13 6 10 6 10 7 13 8 11 4 11 8 11 7 11 9 13 5 13 5 13 8 10 10 12 7 14 8 12 7 12 10 10 7 9 7 10 11 13 8 10 9 11 11 11 0 2 0 0 0 0 0 0 0 0 ]
CSI_DATA,AP,68:FE:71:12:53:8C,-39,11,1,5,1,1,1,0,0,0,0,-94,0,6,1,21012828,0,84,0,0,21.013,384,[84 -64 4 0 0 0 0 0 0 0 0 0 -21 -3 -20 -6 -18 -5 -21 -8 -21 -6 -17 -9 -19 -8 -18 -7 -19 -11 -17 -10 -20 -9 -17 -11 -16 -13 -15 -9 -15 -11 -17 -10 -15 -8 -16 -11 -15 -8 -14 -9 -16 -8 -14 -10 -13 -8 -13 -9 -13 -12 -14 -11 -1 -2 -14 -7 -13 -9 -16 -10 -15 -5 -16 -10 -15 -5 -15 -6 -15 -5 -14 -7 -14 -5 -14 -7 -17 -8 -13 -6 -13 -5 -13 -3 -17 -7 -14 -7 -17 -4 -16 -5 -14 -4 -18 -5 -14 -6 -18 -5 -17 -3 -16 -3 -17 -4 0 0 0 0 0 0 0 0 0 0 ]
CSI_DATA,AP,68:FE:71:12:53:8C,-48,11,1,3,1,1,1,0,0,0,0,-95,0,6,1,21124348,0,84,0,0,21.124,384,[84 -64 4 0 0 0 0 0 0 0 0 0 19 9 19 6 18 8 19 10 18 9 15 12 18 12 17 8 18 9 14 8 15 9 13 13 13 12 13 10 13 10 12 12 15 11 10 8 12 12 10 11 12 13 12 12 12 9 11 8 13 8 11 12 -2 -2 11 10 12 11 14 9 11 7 15 8 11 6 11 7 14 9 10 8 12 8 13 6 13 9 13 8 15 4 11 4 14 7 12 4 12 3 13 4 14 3 16 6 15 6 15 4 15 4 16 1 16 5 2 2 0 0 0 0 0 0 0 0 ]
CSI_DATA,AP,68:FE:71:12:53:8C,-45,11,1,4,1,1,1,1,0,0,0,-93,1,6,1,21241834,0,84,0,0,21.242,384,[84 -64 4 0 0 0 0 0 0 0 0 0 20 -5 18 -2 22 -2 22 -2 19 -1 18 1 21 0 19 -1 19 2 18 3 20 2 22 1 22 3 22 4 21 2 18 3 16 3 18 1 19 4 16 1 19 1 18 2 15 1 15 2 16 1 18 4 1 -2 17 3 17 3 17 1 14 0 15 0 16 -1 16 3 14 2 16 -1 17 -2 16 -4 17 -3 13 -4 17 -4 14 -2 15 -5 15 -4 19 -4 14 -2 17 -6 16 -2 18 -2 18 -3 18 -7 18 -6 15 -3 -2 0 0 0 0 0 0 0 0 0 ]
CSI_DATA,AP,68:FE:71:12:53:8C,-38,11,1,5,1,1,1,0,0,0,0,-93,0,6,1,21358673,0,84,0,0,21.359,384,[84 -64 4 0 0 0 0 0 0 0 0 0 -20 6 -19 8 -21 8 -20 6 -21 5 -19 2 -20 5 -21 2 -20 1 -21 0 -22 2 -20 0 -18 0 -22 1 -19 1 -21 2 -19 -2 -17 -2 -20 1 -18 0 -16 1 -16 -2 -15 1 -19 2 -18 -1 -19 3 -2 -2 -15 0 -18 3 -19 2 -19 0 -15 0 -15 3 -14 3 -18 1 -15 0 -16 2 -14 6 -14 2 -17 5 -17 3 -16 3 -17 4 -18 6 -16 4 -14 3 -16 4 -17 6 -14 3 -15 4 -14 8 -17 6 -14 5 2 0 0 0 0 0 0 0 0 0 ]
CSI_DATA,AP,68:FE:71:12:53:8C,-37,11,0,0,0,0,0,0,0,0,0,-96,0,6,1,21496052,0,37,0,0,21.496,128,[84 -64 4 0 0 0 0 0 0 0 0 0 -11 -17 -12 -17 -10 -18 -9 -15 -11 -16 -11 -16 -11 -20 -8 -17 -7 -17 -7 -17 -6 -19 -5 -20 -5 -19 -8 -17 -6 -17 -4 -17 -5 -18 -6 -16 -4 -15 -8 -19 -6 -15 -8 -15 -3 -15 -7 -17 -6 -18 -3 -15 2 2 -4 -16 -6 -18 -8 -15 -5 -13 -9 -13 -5 -15 -9 -15 -9 -15 -8 -12 -7 -12 -9 -16 -9 -12 -11 -14 -7 -13 -8 -12 -9 -11 -11 -12 -10 -14 -10 -11 -9 -14 -11 -12 -13 -12 -11 -13 -13 -13 -12 -10 -10 -12 -2 0 0 0 0 0 0 0 0 0 ]
CSI_DATA,AP,68:FE:71:12:53:8C,-39,11,0,0,0,0,0,0,0,0,0,-95,0,6,1,21621698,0,37,0,0,21.622,128,[84 -64 4 0 0 0 0 0 0 0 0 0 -14 13 -18 11 -18 10 -19 10 -18 9 -17 11 -14 12 -19 7 -19 9 -16 7 -18 9 -18 10 -16 9 -20 10 -19 7 -19 5 -15 5 -17 5 -16 7 -14 5 -14 4 -16 6 -16 5 -17 5 -16 4 -17 9 -1 1 -15 6 -13 5 -14 5 -15 9 -12 7 -16 9 -13 7 -12 8 -15 6 -13 10 -15 7 -12 8 -12 10 -12 10 -14 8 -11 11 -12 11 -10 8 -13 10 -11 12 -13 13 -13 12 -8 13 -14 12 -8 12 -10 14 1 2 0 0 0 0 0 0 0 0 ]
CSI_DATA,AP,68:FE:71:12:53:8C,-40,11,1,6,1,1,1,0,0,0,0,-95,0,6,1,21716685,0,84,0,0,21.717,384,[84 -64 4 0 0 0 0 0 0 0 0 0 0 -21 -1 -18 1 -22 0 -24 0 -20 1 -21 4 -19 4 -21 5 -17 6 -18 3 -17 4 -20 3 -17 5 -17 6 -19 4 -16 8 -17 7 -18 4 -19 4 -16 4 -16 4 -15 2 -14 4 -15 5 -15 2 -16 0 0 5 -16 4 -14 4 -17 1 -14 1 -16 3 -15 4 -18 4 -15 3 -14 1 -18 0 -14 0 -16 1 -15 -1 -17 0 -14 2 -16 0 -15 0 -16 -2 -16 -1 -13 1 -13 -3 -18 -1 -15 -4 -18 -2 -15 0 -14 -1 -1 0 0 0 0 0 0 0 0 ]
CSI_DATA,AP,68:FE:71:12:53:8C,-40,11,1,4,1,1,1,1,0,0,0,-95,3,6,1,21856264,0,84,0,0,21.856,384,[84 -64 4 0 0 0 0 0 0 0 0 0 4 15 7 15 8 17 4 16 5 17 3 18 4 18 4 16 5 18 3 16 2 16 1 18 2 17 0 17 2 19 -2 14 2 18 0 16 2 17 -1 15 0 17 -1 17 1 14 -1 14 2 16 2 16 0 2 0 16 2 13 0 16 0 11 3 15 1 13 2 16 4 12 5 11 1 12 4 15 5 16 4 12 3 13 6 13 5 13 3 11 4 11 6 15 7 13 8 13 7 11 6 12 6 12 5 15 4 15 -2 -1 0 0 0 0 0 0 0 0 ]
CSI_DATA,AP,68:FE:71:12:53:8C,-41,11,1,6,1,1,1,0,0,0,0,-94,0,6,1,21954056,0,84,0,0,21.954,384,[84 -64 4 0 0 0 0 0 0 0 0 0 12 7 16 9 15 12 16 9 13 12 15 11 12 11 9 10 9 14 12 12 11 11 12 11 12 13 10 10 12 12 8 12 8 14 11 13 9 10 7 11 10 13 8 14 7 13 9 13 8 10 7 11 2 0 11 13 10 13 9 10 7 10 9 12 9 11 10 10 9 12 12 6 11 8 13 6 11 8 13 9 9 8 9 9 14 7 13 7 13 7 13 8 12 7 11 8 13 7 13 8 11 6 11 4 12 4 0 -2 0 0 0 0 0 0 0 0 ]
CSI_DATA,AP,68:FE:71:12:53:8C,-43,11,1,4,1,1,1,0,0,0,0,-94,0,6,1,22063225,0,84,0,0,22.063,384,[84 -64 4 0 0 0 0 0 0 0 0 0 13 14 10 13 9 13 8 18 10 16 9 17 7 17 10 17 8 13 8 17 8 16 8 16 8 16 5 18 5 16 6 17 7 15 5 16 4 17 5 12 6 16 4 15 4 15 4 12 5 14 7 12 -1 2 6 11 4 15 4 14 6 14 3 14 8 14 8 12 8 12 9 12 9 12 9 14 6 9 9 10 7 12 8 13 8 13 6 10 11 9 9 10 10 10 10 8 11 12 7 9 11 12 10 10 8 12 0 -2 0 0 0 0 0 0 0 0 ]
CSI_DATA,AP,68:FE:71:12:53:8C,-40,11,1,6,1,1,1,0,0,0,0,-94,0,6,1,22174358,0,84,0,0,22.174,384,[84 -64 4 0 0 0 0 0 0 0 0 0 18 9 15 9 16 12 15 11 19 10 14 13 17 13 13 10 13 10 14 14 14 15 14 14 13 13 15 13 13 12 11 16 12 11 9 13 10 11 14 14 10 15 9 13 10 12 11 11 14 14 11 10 -2 -1 11 12 11 13 9 12 13 11 9 9 12 10 13 8 13 10 12 7 12 8 11 10 11 7 12 7 10 9 12 8 14 6 12 9 11 7 13 6 12 6 12 5 12 6 12 5 13 7 14 6 16 6 -2 0 0 0 0 0 0 0 0 0 ]
CSI_DATA,AP,68:FE:71:12:53:8C,-36,11,1,7,1,1,1,0,0,0,0,-93,0,6,1,22277765,0,84,0,0,22.278,384,[84 -64 4 0 0 0 0 0 0 0 0 0 18 1 21 0 21 -2 21 -1 18 -2 19 3 21 2 18 2 16 -1 20 5 19 2 17 4 18 5 18 5 16 4 16 4 18 5 19 5 19 3 19 1 15 2 18 5 16 4 17 2 18 4 17 4 2 1 15 3 15 1 16 3 14 -1 17 -2 16 2 13 2 14 -2 15 1 15 -3 13 -1 16 1 15 -4 12 -2 16 -2 15 -2 18 -3 16 -4 17 -2 16 -4 17 -2 16 -3 13 -2 14 -6 12 -7 16 -4 1 -1 0 0 0 0 0 0 0 0 ]
CSI_DATA,AP,68:FE:71:12:53:8C,-39,11,1,4,1,1,1,0,0,0,0,-93,0,6,1,22406147,0,84,0,0,22.406,384,[84 -64 4 0 0 0 0 0 0 0 0 0 16 -12 14 -8 17 -9 20 -6 21 -8 17 -9 18 -7 19 -5 16 -6 19 -6 20 -5 17 -4 20 -5 17 -6 17 -6 16 -6 17 -6 18 -6 19 -4 17 -6 18 -4 16 -3 16 -2 15 -2 16 -5 15 -3 0 2 15 -5 17 -5 13 -6 16 -7 14 -3 16 -7 16 -5 15 -8 14 -4 12 -6 12 -6 15 -5 16 -8 12 -6 15 -6 14 -10 15 -8 13 -10 14 -9 10 -9 11 -10 10 -10 10 -10 11 -8 10 -10 11 -11 -1 0 0 0 0 0 0 0 0 0 ]
CSI_DATA,AP,68:FE:71:12:53:8C,-40,11,1,5,1,1,1,0,0,0,0,-94,0,6,1,22514720,0,84,0,0,22.515,384,[84 -64 4 0 0 0 0 0 0 0 0 0 3 -21 7 -23 4 -22 4 -21 5 -20 9 -17 5 -19 8 -17 7 -18 10 -17 8 -20 7 -17 8 -18 11 -19 9 -18 8 -16 7 -16 9 -14 8 -16 11 -17 11 -16 7 -15 10 -16 9 -14 7 -17 8 -17 0 -1 6 -16 7 -18 5 -17 6 -16 7 -15 6 -18 7 -18 3 -14 3 -16 5 -16 2 -15 4 -17 3 -17 2 -17 3 -15 2 -16 1 -16 2 -19 4 -16 3 -19 2 -15 -1 -15 -1 -17 -1 -15 0 -17 -1 -16 -1 2 0 0 0 0 0 0 0 0 ]
CSI_DATA,AP,68:FE:71:12:53:8C,-38,11,1,5,1,1,1,1,0,0,0,-93,3,6,1,22624087,0,84,0,0,22.624,384,[84 -64 4 0 0 0 0 0 0 0 0 0 -8 18 -12 16 -10 20 -14 17 -15 18 -15 17 -12 15 -15 17 -14 14 -14 13 -17 15 -16 17 -17 16 -13 12 -16 11 -13 12 -13 11 -12 13 -13 10 -13 14 -14 10 -14 14 -15 9 -12 13 -15 13 -12 14 -1 -1 -14 13 -10 14 -14 14 -13 15 -12 10 -11 14 -13 14 -8 14 -9 10 -10 12 -9 14 -9 15 -10 14 -8 12 -11 14 -9 17 -7 15 -7 13 -7 17 -8 16 -7 15 -8 15 -6 12 -5 18 -8 13 -4 15 0 -1 0 0 0 0 0 0 0 0 ]
CSI_DATA,AP,68:FE:71:12:53:8C,-44,11,1,4,1,1,1,0,0,0,0,-94,0,6,1,22749314,0,82,0,0,22.749,384,[84 -64 4 0 0 0 0 0 0 0 0 0 -1 22 0 18 -3 21 -2 24 -3 23 -4 21 -3 19 -4 18 -4 19 -5 19 -8 20 -8 19 -9 17 -8 17 -9 15 -7 21 -5 16 -7 17 -5 18 -8 17 -7 16 -6 15 -6 13 -8 14 -7 16 -8 16 0 -2 -7 18 -5 18 -4 15 -2 15 -6 14 -3 16 -5 17 -5 15 -5 14 -4 17 -1 15 -1 14 -2 16 0 15 -2 17 -2 15 1 15 2 14 -2 16 -1 14 -2 18 2 17 3 16 2 17 1 17 2 16 0 1 0 0 0 0 0 0 0 0 ]
CSI_DATA,AP,68:FE:71:12:53:8C,-44,11,1,3,1,1,1,0,0,0,0,-94,0,6,1,22873280,0,84,0,0,22.873,384,[84 -64 4 0 0 0 0 0 0 0 0 0 -14 -22 -10 -19 -12 -21 -9 -23 -9 -22 -7 -20 -9 -20 -5 -20 -4 -23 -7 -23 -4 -23 -8 -24 -4 -24 -4 -21 -3 -21 -5 -21 -5 -21 -5 -18 -3 -21 -4 -21 -4 -19 -7 -19 -5 -19 -5 -18 -7 -19 -8 -18 -1 -2 -7 -19 -7 -17 -5 -19 -7 -18 -4 -15 -6 -17 -7 -20 -8 -18 -7 -14 -8 -14 -8 -14 -6 -15 -8 -15 -7 -15 -7 -18 -12 -16 -8 -17 -8 -13 -11 -16 -9 -16 -11 -15 -9 -13 -11 -14 -13 -16 -10 -16 -11 -15 -1 1 0 0 0 0 0 0 0 0 ]
CSI_DATA,AP,68:FE:71:12:53:8C,-42,11,1,5,1,1,1,0,0,0,0,-95,0,6,1,23015127,0,84,0,0,23.015,384,[84 -64 4 0 0 0 0 0 0 0 0 0 8 19 12 20 8 18 12 20 7 22 8 22 7 22 4 19 5 20 7 17 6 21 4 22 6 20 5 22 6 19 5 20 2 20 3 16 4 18 4 21 1 18 2 17 2 15 3 19 5 17 3 18 -1 1 2 18 3 15 5 16 8 17 4 14 4 16 5 17 7 13 5 15 7 13 7 17 5 16 7 14 6 14 5 17 9 15 8 13 10 13 9 12 9 15 9 14 9 16 10 15 10 16 8 14 11 12 1 0 0 0 0 0 0 0 0 0 ]
CSI_DATA,AP,68:FE:71:12:53:8C,-39,11,1,5,1,1,1,0,0,0,0,-95,0,6,1,23087075,0,84,0,0,23.087,384,[84 -64 4 0 0 0 0 0 0 0 0 0 -14 16 -14 15 -17 17 -15 17 -17 13 -17 14 -16 13 -18 14 -18 10 -18 12 -17 12 -17 9 -21 10 -18 9 -16 9 -17 9 -18 8 -15 6 -17 9 -16 7 -18 6 -16 8 -14 9 -17 9 -18 9 -19 10 2 2 -17 8 -18 7 -16 11 -13 9 -14 10 -13 10 -16 11 -15 10 -16 8 -11 12 -12 11 -11 12 -14 10 -13 13 -12 12 -12 12 -14 12 -11 12 -13 13 -11 14 -13 9 -15 10 -11 13 -10 14 -12 10 -12 13 2 0 0 0 0 0 0 0 0 0 ]
CSI_DATA,AP,68:FE:71:12:53:8C,-39,11,1,4,1,1,1,0,0,0,0,-94,0,6,1,23180862,0,84,0,0,23.181,384,[84 -64 4 0 0 0 0 0 0 0 0 0 15 12 15 11 17 12 20 14 18 12 13 14 15 13 13 12 15 14 13 14 14 15 16 17 14 13 12 15 13 17 13 14 10 17 12 16 10 18 11 14 12 15 10 16 11 13 9 17 13 13 13 14 -2 1 13 13 13 15 13 12 11 12 12 12 11 15 12 12 12 11 13 12 9 12 14 11 10 8 14 9 14 10 11 11 12 12 13 9 15 10 14 7 13 9 16 9 11 7 13 9 16 9 12 8 16 5 2 -2 0 0 0 0 0 0 0 0 ]
CSI_DATA,AP,68:FE:71:12:53:8C,-41,11,1,5,1,1,1,0,0,0,0,-94,0,6,1,23306078,0,82,0,0,23.306,384,[84 -64 4 0 0 0 0 0 0 0 0 0 18 -17 15 -13 19 -17 18 -12 18 -13 18 -9 18 -10 16 -9 19 -9 16 -10 21 -10 20 -11 17 -9 18 -8 18 -10 21 -9 15 -10 19 -9 17 -7 19 -8 15 -9 17 -6 18 -7 15 -8 18 -9 15 -7 1 -1 15 -8 16 -9 14 -10 16 -8 16 -10 15 -11 13 -11 13 -11 13 -12 15 -11 14 -14 12 -11 10 -13 10 -13 11 -10 10 -11 12 -11 11 -15 10 -13 11 -12 12 -15 9 -15 12 -12 11 -15 13 -13 12 -15 2 0 0 0 0 0 0 0 0 0 ]
CSI_DATA,AP,68:FE:71:12:53:8C,-41,11,1,6,1,1,1,0,0,0,0,-96,0,6,1,23396861,0,84,0,0,23.397,384,[84 -64 4 0 0 0 0 0 0 0 0 0 9 19 9 20 8 21 7 21 6 21 6 18 7 19 5 19 4 21 6 20 4 18 6 20 1 20 2 17 4 17 3 17 2 20 4 16 2 17 0 19 2 18 5 16 2 17 3 16 0 17 1 17 1 -2 4 16 5 18 6 16 4 15 1 13 4 14 6 14 4 13 7 16 6 13 6 14 4 15 5 16 9 12 6 15 10 15 6 13 10 11 10 14 9 11 9 12 10 11 8 13 11 15 7 13 9 11 2 1 0 0 0 0 0 0 0 0 ]
CSI_DATA,AP,68:FE:71:12:53:8C,-49,11,1,2,1,1,1,1,0,0,0,-94,1,6,1,23516803,0,84,0,0,23.517,384,[84 -64 4 0 0 0 0 0 0 0 0 0 -12 16 -10 15 -12 15 -16 18 -14 16 -13 15 -14 15 -16 12 -13 13 -17 11 -15 14 -14 13 -16 14 -17 11 -14 12 -16 14 -16 10 -14 8 -14 13 -16 12 -17 9 -14 11 -11 7 -17 12 -17 9 -13 11 1 1 -12 9 -15 10 -13 12 -13 12 -12 10 -10 12 -10 11 -11 10 -11 10 -9 12 -12 14 -11 14 -8 13 -7 13 -7 12 -11 13 -11 16 -8 14 -9 15 -8 12 -9 15 -6 15 -6 13 -8 13 -7 14 -6 16 1 -1 0 0 0 0 0 0 0 0 ]
CSI_DATA,AP,68:FE:71:12:53:8C,-43,11,1,4,1,1,1,1,0,0,0,-93,6,6,1,23651846,0,82,0,0,23.652,384,[84 -64 4 0 0 0 0 0 0 0 0 0 -2 -20 0 -21 -2 -22 3 -21 1 -20 3 -20 4 -20 4 -21 4 -21 1 -18 1 -20 1 -21 5 -18 4 -21 5 -19 4 -21 4 -20 4 -15 7 -18 7 -20 6 -20 3 -16 4 -14 2 -18 2 -20 1 -16 -1 1 2 -17 4 -15 1 -20 -1 -17 0 -17 0 -17 4 -19 2 -18 3 -18 0 -17 -1 -19 -1 -17 1 -15 0 -15 -3 -14 -1 -15 -1 -18 -1 -17 -2 -16 -2 -18 -2 -17 -4 -19 -6 -17 -3 -15 -4 -18 -3 -14 0 -2 0 0 0 0 0 0 0 0 ]
CSI_DATA,AP,68:FE:71:12:53:8C,-35,11,1,6,1,1,1,0,0,0,0,-96,0,6,1,23761204,0,84,0,0,23.761,384,[84 -64 4 0 0 0 0 0 0 0 0 0 7 17 10 18 10 20 10 22 6 17 5 19 8 19 4 19 7 20 4 20 6 21 7 23 6 19 3 18 3 18 3 17 2 17 4 16 4 17 3 16 3 15 1 19 5 15 0 18 4 19 4 15 -2 -1 4 18 6 14 5 15 3 15 3 13 7 17 5 17 7 17 8 17 5 15 7 16 6 13 9 15 8 14 7 12 6 16 10 12 8 11 9 14 10 14 10 11 9 15 7 11 10 14 7 12 10 11 -2 -2 0 0 0 0 0 0 0 0 ]
CSI_DATA,AP,68:FE:71:12:53:8C,-39,11,1,4,1,1,1,0,0,0,1,-94,0,6,1,23883478,0,84,0,0,23.883,384,[84 -64 4 0 0 0 0 0 0 0 0 0 11 -19 9 -17 14 -21 14 -19 12 -17 13 -17 13 -15 14 -13 16 -13 12 -15 16 -16 17 -15 17 -16 13 -12 14 -11 16 -16 12 -13 12 -13 13 -15 12 -14 15 -11 15 -11 11 -9 11 -10 15 -12 12 -13 -1 -1 13 -13 12 -13 10 -14 9 -14 9 -14 13 -14 12 -16 8 -15 8 -14 6 -11 11 -15 7 -11 10 -12 8 -16 9 -16 10 -18 8 -15 6 -15 10 -15 5 -16 5 -14 9 -13 5 -15 8 -18 7 -15 7 -16 0 1 0 0 0 0 0 0 0 0 ]
CSI_DATA,AP,68:FE:71:12:53:8C,-43,11,1,5,1,1,1,1,0,0,0,-95,6,6,1,23983455,0,84,0,0,23.983,384,[84 -64 4 0 0 0 0 0 0 0 0 0 -24 -1 -18 0 -24 0 -24 0 -21 0 -20 -2 -22 -3 -21 -5 -20 -2 -22 -3 -23 -5 -22 -5 -23 -7 -19 -4 -20 -3 -19 -7 -18 -7 -16 -7 -19 -5 -19 -6 -18 -8 -20 -4 -19 -7 -16 -7 -20 -7 -15 -7 1 -2 -19 -7 -17 -3 -15 -2 -20 -5 -18 -6 -18 -3 -17 -2 -19 -2 -16 -1 -17 -2 -18 -1 -16 1 -18 2 -18 1 -19 2 -19 0 -16 -1 -17 1 -15 -1 -17 4 -17 3 -18 4 -16 0 -20 2 -15 4 -17 2 0 -2 0 0 0 0 0 0 0 0 ]
CSI_DATA,AP,68:FE:71:12:53:8C,-41,11,1,6,1,1,1,0,0,0,0,-96,0,6,1,24118472,0,84,0,0,24.118,384,[84 -64 4 0 0 0 0 0 0 0 0 0 16 -12 19 -15 17 -11 21 -11 18 -13 18 -12 16 -10 17 -7 18 -10 18 -10 19 -7 21 -7 17 -8 19 -6 18 -5 16 -9 16 -7 16 -6 19 -4 16 -6 15 -6 18 -4 13 -8 18 -8 19 -7 17 -8 1 -2 14 -6 14 -7 16 -9 12 -8 13 -6 15 -7 16 -8 12 -9 12 -10 11 -6 14 -11 15 -10 13 -12 14 -10 12 -9 16 -9 11 -10 14 -13 12 -10 10 -10 15 -10 12 -11 9 -12 13 -13 13 -12 13 -11 0 0 0 0 0 0 0 0 0 0 ]
CSI_DATA,AP,68:FE:71:12:53:8C,-41,11,1,4,1,1,1,0,0,0,0,-95,0,6,1,24240695,0,82,0,0,24.241,384,[84 -64 4 0 0 0 0 0 0 0 0 0 8 -19 7 -19 7 -22 9 -21 8 -17 11 -19 11 -16 8 -17 11 -15 10 -16 12 -16 12 -16 12 -15 10 -18 14 -15 10 -18 11 -14 9 -12 13 -15 12 -16 11 -12 10 -13 12 -12 11 -14 12 -14 8 -12 2 2 11 -14 9 -14 10 -17 6 -13 10 -16 10 -15 8 -17 9 -12 6 -12 7 -14 6 -13 5 -14 7 -18 7 -14 6 -18 9 -15 7 -19 8 -18 7 -17 3 -15 6 -17 5 -18 6 -18 4 -17 5 -17 2 -13 1 0 0 0 0 0 0 0 0 0 ]
CSI_DATA,AP,68:FE:71:12:53:8C,-39,11,1,6,1,1,1,0,0,0,0,-93,0,6,1,24373513,0,84,0,0,24.374,384,[84 -64 4 0 0 0 0 0 0 0 0 0 -20 5 -19 4 -22 3 -24 1 -24 -1 -23 -3 -20 -3 -22 -3 -23 0 -20 -3 -20 -3 -24 -1 -21 -4 -18 0 -20 -1 -21 -6 -19 -2 -20 -1 -20 -4 -21 -1 -20 -5 -19 -3 -17 -1 -19 -5 -18 -1 -20 -4 1 0 -19 -3 -21 -4 -21 -3 -15 -1 -15 -3 -15 -1 -16 0 -17 2 -17 1 -17 -1 -19 0 -17 3 -17 3 -15 4 -18 2 -19 3 -19 5 -15 5 -16 1 -14 7 -14 2 -19 2 -19 5 -15 5 -15 3 -14 6 -1 -1 0 0 0 0 0 0 0 0 ]
CSI_DATA,AP,68:FE:71:12:53:8C,-43,11,1,4,1,1,1,0,0,0,0,-94,0,6,1,24470210,0,84,0,0,24.47,384,[84 -64 4 0 0 0 0 0 0 0 0 0 -9 -20 -6 -21 -8 -20 -9 -21 -6 -22 -4 -20 -7 -20 -4 -19 -3 -19 -6 -20 -6 -22 -3 -21 -3 -20 -2 -20 -2 -22 0 -23 0 -20 -2 -17 0 -22 -2 -18 0 -18 -1 -18 -4 -15 -3 -18 -1 -17 -3 -19 0 0 -5 -18 -2 -19 -2 -20 -6 -18 -6 -18 -4 -18 -4 -17 -7 -18 -4 -15 -4 -15 -5 -18 -6 -17 -5 -15 -8 -18 -6 -14 -5 -16 -5 -18 -11 -17 -8 -15 -11 -16 -7 -16 -8 -15 -8 -17 -9 -15 -11 -17 -8 -13 0 -1 0 0 0 0 0 0 0 0 ]
CSI_DATA,AP,68:FE:71:12:53:8C,-46,11,1,4,1,1,1,0,0,0,0,-94,0,6,1,24588249,0,84,0,0,24.588,384,[84 -64 4 0 0 0 0 0 0 0 0 0 -12 -15 -13 -14 -10 -16 -12 -17 -11 -17 -8 -15 -7 -19 -8 -17 -7 -16 -8 -19 -9 -21 -5 -19 -5 -20 -5 -20 -6 -16 -8 -18 -7 -16 -5 -17 -3 -19 -6 -17 -4 -19 -6 -19 -6 -15 -5 -17 -5 -17 -4 -18 2 1 -5 -17 -9 -17 -7 -15 -6 -15 -7 -12 -9 -17 -5 -17 -8 -14 -6 -11 -8 -15 -11 -12 -7 -12 -10 -11 -8 -11 -11 -12 -13 -14 -9 -13 -11 -14 -10 -14 -13 -13 -13 -14 -12 -11 -13 -13 -10 -10 -9 -12 -11 -13 0 2 0 0 0 0 0 0 0 0 ]
CSI_DATA,AP,68:FE:71:12:53:8C,-42,11,1,4,1,1,1,0,0,0,0,-95,0,6,1,24732470,0,84,0,0,24.732,384,[84 -64 4 0 0 0 0 0 0 0 0 0 -14 15 -14 17 -15 16 -14 17 -13 14 -17 16 -16 17 -16 15 -18 13 -15 12 -18 12 -15 13 -15 13 -17 14 -18 12 -16 14 -16 10 -14 9 -13 9 -16 10 -14 12 -15 13 -16 9 -17 12 -13 9 -12 11 2 1 -12 9 -14 10 -14 14 -13 14 -15 12 -14 12 -15 13 -10 10 -14 13 -11 11 -13 15 -8 12 -9 15 -11 14 -10 11 -10 13 -11 13 -7 13 -7 13 -7 16 -7 15 -11 15 -7 12 -6 17 -7 12 -8 12 -2 1 0 0 0 0 0 0 0 0 ]
CSI_DATA,AP,68:FE:71:12:53:8C,-41,11,1,5,1,1,1,0,0,0,0,-95,0,6,1,24858659,0,82,0,0,24.859,384,[84 -64 4 0 0 0 0 0 0 0 0 0 -10 16 -12 17 -11 16 -11 16 -11 11 -14 14 -16 13 -12 11 -12 10 -16 10 -16 10 -12 11 -16 10 -15 10 -12 7 -13 9 -13 7 -15 9 -12 11 -12 7 -14 9 -14 10 -12 9 -13 9 -12 11 -15 10 -2 -2 -10 10 -13 9 -15 12 -9 8 -12 8 -13 11 -13 9 -11 8 -8 9 -10 9 -8 9 -9 10 -9 12 -11 11 -11 8 -8 11 -12 14 -7 14 -9 14 -8 12 -7 14 -11 12 -6 13 -8 11 -9 11 -7 14 -2 -1 0 0 0 0 0 0 0 0 ]
CSI_DATA,AP,68:FE:71:12:53:8C,-42,11,1,6,1,1,1,0,0,0,0,-95,0,6,1,24966684,0,84,0,0,24.967,384,[84 -64 4 0 0 0 0 0 0 0 0 0 4 15 0 15 4 15 0 18 1 14 -2 16 -2 13 -1 12 0 17 -4 15 -2 15 -1 15 -4 14 -5 17 -2 13 -3 15 -5 12 -1 14 -3 14 -5 16 -2 12 -5 11 -4 10 -4 13 -1 14 -2 11 1 2 0 11 -3 14 -2 15 -2 12 1 13 -1 12 -2 16 1 13 1 13 2 10 2 13 3 11 0 13 4 15 1 15 3 14 3 15 2 14 2 15 4 14 5 12 2 17 4 14 1 16 1 15 5 15 -1 0 0 0 0 0 0 0 0 0 ]
CSI_DATA,AP,68:FE:71:12:53:8C,-41,11,1,4,1,1,1,0,0,0,0,-94,0,6,1,25079915,0,84,0,0,25.08,384,[84 -64 4 0 0 0 0 0 0 0 0 0 7 -8 7 -8 6 -9 11 -9 9 -7 10 -5 10 -4 9 -6 8 -6 11 -7 7 -6 9 -6 10 -7 11 -3 7 -6 8 -6 9 -4 9 -2 9 -4 8 -6 7 -5 9 -6 6 -1 6 -6 7 -4 9 -6 -2 2 6 -5 6 -2 7 -5 8 -3 5 -4 8 -5 7 -6 6 -7 7 -4 5 -5 8 -5 6 -7 9 -5 6 -5 5 -7 9 -6 7 -6 8 -7 6 -5 8 -6 6 -8 5 -4 4 -8 4 -7 8 -5 8 -7 0 0 0 0 0 0 0 0 0 0 ]
CSI_DATA,AP,68:FE:71:12:53:8C,-40,11,1,4,1,1,1,0,0,0,0,-94,0,6,1,25190510,0,84,0,0,25.191,384,[84 -64 4 0 0 0 0 0 0 0 0 0 10 15 9 16 10 17 13 16 8 18 6 15 7 14 6 15 9 15 5 14 4 15 6 17 5 16 3 16 7 15 4 18 4 14 3 15 3 13 4 17 4 16 4 12 2 14 4 16 3 13 5 15 -2 -1 3 11 3 13 7 13 6 12 8 11 9 12 6 11 4 9 6 11 7 14 5 10 8 13 7 12 9 10 7 14 7 9 8 9 8 11 9 8 12 10 10 12 9 12 7 8 7 9 8 12 12 10 1 0 0 0 0 0 0 0 0 0 ]
CSI_DATA,AP,68:FE:71:12:53:8C,-38,11,1,5,1,1,1,0,0,0,0,-96,0,6,1,25292384,0,84,0,0,25.292,384,[84 -64 4 0 0 0 0 0 0 0 0 0 19 3 19 3 20 1 19 1 19 1 16 5 19 3 16 5 17 7 14 6 15 4 19 5 14 5 16 5 15 4 16 8 14 7 14 4 12 5 14 5 16 6 12 7 14 6 15 8 12 5 14 4 -2 0 15 7 13 2 16 3 16 1 15 2 12 5 14 4 13 5 15 0 15 2 13 2 15 1 14 4 15 -1 12 3 14 1 13 1 13 -1 14 -1 12 -3 15 -1 14 0 12 -1 14 0 16 1 12 -2 1 2 0 0 0 0 0 0 0 0 ]
CSI_DATA,AP,68:FE:71:12:53:8C,-42,11,1,4,1,1,1,0,0,0,0,-94,0,6,1,25391662,0,84,0,0,25.392,384,[84 -64 4 0 0 0 0 0 0 0 0 0 2 12 1 15 1 14 3 14 3 15 2 12 2 15 0 12 -1 16 -1 15 1 14 -2 13 -2 15 -4 16 -4 16 0 15 -2 16 -2 14 -4 11 -3 15 -3 14 -3 12 -3 13 -1 12 -2 16 -4 13 -2 1 -1 14 -2 12 0 15 -1 12 -1 10 0 13 -2 13 -1 12 1 11 3 10 0 15 2 14 0 13 -1 12 1 14 2 14 2 11 2 11 0 12 4 13 2 14 2 11 4 15 1 12 2 11 2 12 2 -1 0 0 0 0 0 0 0 0 ]
CSI_DATA,AP,68:FE:71:12:53:8C,-40,11,1,5,1,1,1,0,0,0,1,-94,0,6,1,25496470,0,84,0,0,25.496,384,[84 -64 4 0 0 0 0 0 0 0 0 0 -11 -19 -9 -17 -10 -20 -9 -22 -5 -18 -5 -22 -4 -22 -4 -19 -2 -22 -3 -19 -6 -20 -4 -22 -2 -20 -5 -23 0 -21 -3 -19 -3 -20 -2 -17 -3 -21 -2 -21 -2 -17 -1 -21 0 -16 -4 -18 -3 -17 -2 -18 1 2 -2 -17 -2 -19 -3 -20 -5 -16 -2 -18 -2 -19 -3 -15 -4 -17 -3 -17 -7 -17 -7 -14 -7 -18 -6 -15 -5 -15 -6 -17 -4 -17 -6 -17 -7 -14 -8 -15 -9 -13 -4 -16 -8 -16 -9 -17 -6 -14 -5 -14 -9 -13 0 -1 0 0 0 0 0 0 0 0 ]
CSI_DATA,AP,68:FE:71:12:53:8C,-43,11,1,6,1,1,1,0,0,0,1,-93,0,6,1,25586093,0,84,0,0,25.586,384,[84 -64 4 0 0 0 0 0 0 0 0 0 -19 10 -20 6 -21 6 -19 9 -18 5 -20 2 -18 5 -17 3 -17 1 -20 2 -17 4 -19 4 -18 0 -18 4 -14 4 -15 0 -17 1 -13 1 -14 3 -12 0 -14 3 -12 1 -15 -1 -12 3 -11 3 -13 1 0 0 -13 5 -14 6 -11 3 -12 6 -13 4 -10 6 -11 5 -10 4 -9 7 -10 6 -9 6 -8 3 -10 4 -11 7 -8 4 -11 6 -10 9 -9 7 -10 6 -10 8 -10 9 -10 7 -9 7 -7 9 -7 7 -9 9 1 2 0 0 0 0 0 0 0 0 ]
CSI_DATA,AP,68:FE:71:12:53:8C,-43,11,1,6,1,1,1,0,0,0,0,-94,0,6,1,25730666,0,84,0,0,25.731,384,[84 -64 4 0 0 0 0 0 0 0 0 0 11 16 12 16 10 16 12 19 10 20 9 17 7 19 7 15 9 17 7 16 4 18 5 16 6 16 4 13 3 15 6 17 4 14 6 11 6 9 5 10 4 12 3 13 3 10 4 8 3 8 6 11 2 0 6 7 6 7 8 6 9 5 8 5 8 8 5 5 7 3 6 6 8 6 8 6 10 6 8 4 7 3 10 2 10 3 8 1 8 1 7 4 7 -1 10 1 11 1 12 1 10 1 10 2 10 -1 -1 -1 0 0 0 0 0 0 0 0 ]
CSI_DATA,AP,68:FE:71:12:53:8C,-39,11,1,5,1,1,1,1,0,0,0,-95,6,6,1,25872178,0,84,0,0,25.872,384,[84 -64 4 0 0 0 0 0 0 0 0 0 -34 3 -31 6 -34 5 -34 3 -31 0 -30 2 -30 -1 -29 0 -29 0 -27 -4 -27 -5 -28 -3 -25 -6 -26 -2 -25 -2 -25 -4 -20 -4 -18 -4 -20 0 -19 -3 -20 0 -17 1 -16 -3 -16 0 -19 2 -19 0 1 2 -17 2 -14 2 -17 3 -14 4 -16 6 -12 5 -12 4 -12 6 -14 6 -12 5 -12 5 -10 8 -12 7 -9 6 -12 9 -12 11 -8 6 -10 10 -7 10 -9 11 -9 7 -6 9 -4 11 -5 12 -8 10 -4 9 0 -2 0 0 0 0 0 0 0 0 ]
CSI_DATA,AP,68:FE:71:12:53:8C,-33,11,1,7,1,1,1,0,0,0,0,-94,0,6,1,25979251,0,84,0,0,25.979,384,[84 -64 4 0 0 0 0 0 0 0 0 0 9 22 5 20 5 22 5 23 5 20 5 21 2 22 3 22 4 21 2 20 -1 19 1 19 -1 23 2 21 1 17 1 21 3 16 1 15 -1 18 2 18 0 17 2 15 -2 15 1 16 -1 17 -1 16 1 -1 3 18 2 15 2 18 2 17 4 15 1 14 1 17 5 15 2 12 6 16 4 17 3 16 6 12 3 12 7 16 7 13 3 14 8 15 6 15 8 12 4 12 3 15 8 15 7 15 6 12 6 10 0 1 0 0 0 0 0 0 0 0 ]
CSI_DATA,AP,68:FE:71:12:53:8C,-35,11,1,5,1,1,1,0,0,0,0,-93,0,6,1,26073475,0,84,0,0,26.073,384,[84 -64 4 0 0 0 0 0 0 0 0 0 16 -5 16 -5 17 -8 19 -6 19 -7 17 -3 19 -3 21 -2 20 -3 21 -2 21 -1 20 -1 23 -3 20 -3 21 -4 23 0 19 0 20 -4 18 -3 18 1 18 1 19 -3 18 0 18 -3 21 -1 18 -1 -1 -2 19 -3 19 0 20 -2 22 -3 20 -1 18 -3 18 -2 21 -5 18 -2 17 -5 19 -7 17 -3 22 -7 17 -4 19 -3 20 -6 19 -4 19 -6 19 -4 18 -6 18 -3 20 -2 22 -6 19 -5 21 -3 17 -7 -2 2 0 0 0 0 0 0 0 0 ]
CSI_DATA,AP,68:FE:71:12:53:8C,-41,11,1,5,1,1,1,0,0,0,0,-93,0,6,1,26176030,0,84,0,0,26.176,384,[84 -64 4 0 0 0 0 0 0 0 0 0 11 -19 10 -16 14 -18 12 -16 15 -17 12 -13 15 -15 15 -14 16 -13 14 -13 15 -12 19 -15 18 -14 14 -15 17 -9 15 -12 14 -10 14 -9 17 -8 14 -8 15 -9 15 -8 11 -8 16 -10 16 -13 13 -9 0 -2 15 -10 14 -12 14 -11 12 -12 12 -12 13 -11 12 -9 9 -10 11 -13 8 -14 11 -14 11 -13 12 -12 11 -15 12 -14 8 -13 7 -12 10 -12 8 -13 5 -11 9 -11 7 -12 8 -12 5 -15 7 -12 7 -13 -1 -1 0 0 0 0 0 0 0 0 ]
CSI_DATA,AP,68:FE:71:12:53:8C,-44,11,1,5,1,1,1,0,0,0,1,-94,0,6,1,26302469,0,84,0,0,26.302,384,[84 -64 4 0 0 0 0 0 0 0 0 0 -11 18 -11 15 -14 18 -12 15 -13 14 -15 17 -14 17 -16 17 -15 18 -20 17 -19 14 -22 17 -20 14 -20 13 -21 14 -20 14 -18 15 -17 13 -19 15 -18 10 -20 13 -21 13 -21 12 -19 11 -19 10 -21 13 -1 2 -16 10 -17 15 -17 15 -16 15 -18 12 -17 11 -18 11 -16 12 -17 14 -18 14 -13 16 -14 12 -15 17 -13 15 -15 18 -16 16 -14 19 -12 19 -14 15 -14 16 -16 16 -15 15 -14 20 -11 18 -15 18 -12 17 -1 1 0 0 0 0 0 0 0 0 ]
CSI_DATA,AP,68:FE:71:12:53:8C,-40,11,1,6,1,1,1,0,0,0,0,-94,0,6,1,26406871,0,84,0,0,26.407,384,[84 -64 4 0 0 0 0 0 0 0 0 0 6 14 6 15 2 15 4 17 2 18 3 15 3 14 0 16 0 19 1 17 1 20 1 20 2 17 0 20 1 16 -2 18 -2 21 -1 19 1 18 1 18 -3 19 -1 20 -3 17 -4 17 0 21 0 19 1 0 -3 17 -3 17 -2 18 0 18 -2 19 1 19 -1 17 -2 19 0 16 3 18 1 16 3 17 1 19 1 17 -1 18 4 20 2 20 2 18 5 19 4 17 2 15 5 16 5 16 6 16 5 18 2 16 -2 1 0 0 0 0 0 0 0 0 ]
CSI_DATA,AP,68:FE:71:12:53:8C,-43,11,1,5,1,1,1,0,0,0,0,-94,0,6,1,26510418,0,84,0,0,26.51,384,[84 -64 4 0 0 0 0 0 0 0 0 0 -4 -26 -2 -27 -2 -28 -3 -29 -2 -29 3 -29 3 -29 1 -27 0 -28 1 -29 5 -27 4 -27 3 -25 2 -24 5 -27 2 -29 6 -27 5 -21 4 -23 4 -23 1 -21 5 -24 6 -24 4 -22 2 -26 1 -24 2 0 0 -22 4 -24 2 -25 -2 -23 -1 -21 -1 -21 -3 -23 -1 -23 0 -23 2 -19 -2 -22 1 -23 -4 -21 -3 -20 -3 -24 0 -24 -2 -22 -1 -21 -5 -19 -4 -22 -2 -23 -6 -23 -6 -23 -5 -24 -3 -19 -3 -21 -1 2 0 0 0 0 0 0 0 0 ]
CSI_DATA,AP,68:FE:71:12:53:8C,-38,11,1,6,1,1,1,0,0,0,0,-94,0,6,1,26624797,0,84,0,0,26.625,384,[82 -96 4 0 0 0 0 0 0 0 0 0 16 10 16 9 14 10 14 10 14 13 13 12 15 14 12 12 13 12 11 15 12 12 10 12 11 13 10 14 10 14 12 14 8 16 9 13 12 16 11 12 11 13 10 12 10 12 10 11 8 12 10 13 -1 2 13 11 8 12 10 11 13 13 9 11 12 12 9 11 10 8 13 12 12 10 13 8 14 10 12 7 13 7 14 7 11 9 13 10 12 6 14 6 14 8 12 9 13 8 12 9 14 6 16 7 16 5 1 1 0 0 0 0 0 0 0 0 ]
CSI_DATA,AP,68:FE:71:12:53:8C,-40,11,1,4,1,1,1,1,0,0,0,-94,6,6,1,26735218,0,84,0,0,26.735,384,[84 -64 4 0 0 0 0 0 0 0 0 0 8 -16 10 -13 11 -13 12 -14 12 -15 10 -12 12 -13 11 -14 13 -13 13 -14 11 -11 10 -15 12 -13 12 -9 9 -13 13 -11 9 -13 12 -11 10 -11 12 -10 12 -9 11 -10 11 -11 9 -8 10 -11 9 -9 -1 1 10 -9 10 -13 10 -10 10 -10 10 -13 8 -12 6 -11 9 -10 6 -11 8 -10 9 -11 7 -12 9 -13 7 -10 5 -11 8 -13 5 -12 5 -11 6 -15 5 -12 4 -11 5 -12 7 -14 6 -14 3 -15 6 -16 2 2 0 0 0 0 0 0 0 0 ]
CSI_DATA,AP,68:FE:71:12:53:8C,-42,11,1,4,1,1,1,0,0,0,0,-93,0,6,1,26834143,0,84,0,0,26.834,384,[84 -64 4 0 0 0 0 0 0 0 0 0 15 -9 19 -9 17 -10 18 -6 21 -6 19 -6 21 -6 21 -6 20 -7 18 -4 18 -4 21 -5 19 -5 17 -3 19 -3 18 -3 18 -5 20 -3 18 -2 15 -3 16 -4 18 -6 19 -6 19 -5 16 -5 15 -4 0 -2 15 -2 16 -6 14 -7 16 -3 14 -7 14 -7 16 -5 13 -5 14 -6 13 -6 16 -5 15 -7 15 -6 14 -6 16 -5 15 -8 11 -10 15 -7 13 -6 12 -9 14 -7 12 -8 12 -9 12 -8 11 -11 12 -12 2 -2 0 0 0 0 0 0 0 0 ]
CSI_DATA,AP,68:FE:71:12:53:8C,-42,11,1,5,1,1,1,0,0,0,0,-94,0,6,1,26939720,0,84,0,0,26.94,384,[84 -64 4 0 0 0 0 0 0 0 0 0 -18 0 -18 1 -22 -1 -22 -4 -18 0 -20 0 -18 -3 -21 -2 -21 -7 -17 -4 -17 -4 -20 -5 -20 -8 -20 -7 -18 -6 -17 -6 -19 -6 -15 -7 -19 -5 -15 -7 -19 -4 -16 -4 -15 -3 -14 -3 -14 -6 -18 -2 0 -1 -16 -3 -16 -1 -17 -3 -18 -2 -18 -3 -16 -2 -13 -1 -16 0 -17 -4 -17 -3 -16 -1 -17 -2 -15 1 -14 -2 -13 3 -16 -1 -14 0 -14 3 -14 3 -15 0 -18 1 -18 0 -14 4 -14 2 -16 4 -14 5 -2 -1 0 0 0 0 0 0 0 0 ]
CSI_DATA,AP,68:FE:71:12:53:8C,-41,11,1,5,1,1,1,0,0,0,0,-96,0,6,1,27060232,0,84,0,0,27.06,384,[84 -64 4 0 0 0 0 0 0 0 0 0 -33 1 -30 1 -33 0 -34 1 -33 -2 -29 -2 -31 -6 -29 -8 -32 -4 -29 -7 -28 -6 -28 -4 -27 -5 -30 -6 -25 -8 -29 -8 -25 -8 -24 -8 -25 -6 -26 -9 -25 -9 -27 -9 -25 -4 -27 -4 -25 -7 -25 -4 2 0 -25 -3 -28 -4 -25 -5 -24 -1 -25 -2 -25 -3 -24 -1 -23 -1 -22 1 -24 0 -25 -1 -25 -2 -24 1 -25 2 -25 0 -24 -1 -28 1 -24 1 -25 0 -26 2 -25 0 -23 0 -24 1 -24 3 -26 5 -24 5 0 1 0 0 0 0 0 0 0 0 ]
CSI_DATA,AP,68:FE:71:12:53:8C,-40,11,1,5,1,1,1,0,0,0,0,-94,0,6,1,27157594,0,84,0,0,27.158,384,[84 -64 4 0 0 0 0 0 0 0 0 0 36 -11 39 -6 38 -8 36 -6 37 -2 38 -1 38 -4 38 -1 38 1 38 -2 39 3 38 3 36 -1 35 1 34 3 38 3 36 4 34 6 35 5 36 1 34 4 35 3 31 1 32 6 35 4 34 3 2 1 31 1 34 0 32 1 32 2 33 0 29 0 30 -2 30 -1 30 -1 32 -2 32 -5 32 -4 30 -5 29 -6 31 -3 29 -4 29 -5 31 -4 31 -7 28 -7 31 -7 28 -6 31 -9 31 -11 32 -9 29 -7 0 -1 0 0 0 0 0 0 0 0 ]
CSI_DATA,AP,68:FE:71:12:53:8C,-43,11,1,4,1,1,1,0,0,0,0,-95,0,6,1,27258705,0,84,0,0,27.259,384,[84 -64 4 0 0 0 0 0 0 0 0 0 -17 7 -19 8 -20 8 -18 6 -19 6 -18 8 -19 8 -21 7 -20 4 -20 7 -18 5 -21 4 -19 1 -20 6 -17 0 -18 1 -17 2 -20 2 -19 0 -19 4 -19 3 -18 4 -15 1 -18 0 -15 4 -15 1 2 1 -14 1 -18 6 -16 6 -14 5 -14 4 -14 4 -13 3 -17 4 -17 5 -15 8 -14 7 -15 6 -15 8 -13 5 -13 6 -13 9 -12 6 -15 9 -15 6 -15 8 -16 7 -12 6 -15 9 -16 8 -12 9 -13 9 2 2 0 0 0 0 0 0 0 0 ]
CSI_DATA,AP,68:FE:71:12:53:8C,-37,11,1,6,1,1,1,0,0,0,0,-95,0,6,1,27380305,0,84,0,0,27.38,384,[84 -64 4 0 0 0 0 0 0 0 0 0 16 9 19 11 17 11 16 14 17 11 16 13 12 16 12 15 15 13 14 15 15 16 12 14 11 12 11 13 9 13 11 13 10 14 11 14 11 13 9 15 9 14 11 16 10 14 12 14 11 15 11 11 -1 -2 10 12 11 12 14 12 14 13 13 10 14 12 13 12 12 8 12 10 13 11 12 10 13 10 11 9 15 8 14 8 16 9 15 6 12 6 16 8 13 9 13 6 12 6 17 8 13 5 13 7 14 4 0 -1 0 0 0 0 0 0 0 0 ]
CSI_DATA,AP,68:FE:71:12:53:8C,-45,11,1,5,1,1,1,0,0,0,0,-95,0,6,1,27478717,0,84,0,0,27.479,384,[84 -64 4 0 0 0 0 0 0 0 0 0 10 15 7 13 9 17 7 15 10 15 5 19 4 15 4 18 5 19 7 18 4 15 5 17 6 18 6 17 2 17 6 17 1 15 5 16 1 18 2 15 1 18 2 14 4 16 6 13 5 16 6 14 2 2 3 13 5 15 6 16 3 16 2 12 3 16 3 16 3 15 5 15 6 13 4 12 7 12 7 13 6 12 8 12 6 11 8 11 8 13 10 13 9 9 6 10 8 10 11 12 12 11 8 10 9 13 0 1 0 0 0 0 0 0 0 0 ]
CSI_DATA,AP,68:FE:71:12:53:8C,-37,11,1,7,1,1,1,0,0,0,0,-96,0,6,1,27585455,0,84,0,0,27.585,384,[84 -64 4 0 0 0 0 0 0 0 0 0 -12 14 -10 15 -10 14 -11 16 -11 14 -11 13 -13 15 -14 11 -14 10 -14 10 -11 10 -11 12 -15 13 -13 12 -16 12 -12 10 -10 9 -14 10 -13 11 -14 10 -13 8 -12 9 -10 9 -11 12 -10 11 -10 10 0 -1 -13 12 -9 11 -10 10 -10 13 -9 13 -7 8 -8 9 -9 11 -8 13 -7 13 -11 9 -7 13 -8 13 -7 13 -8 10 -8 12 -7 12 -7 13 -9 11 -9 11 -7 13 -7 11 -5 13 -8 15 -7 12 -7 11 -2 2 0 0 0 0 0 0 0 0 ]
CSI_DATA,AP,68:FE:71:12:53:8C,-39,11,1,6,1,1,1,0,0,0,0,-95,0,6,1,27710000,0,84,0,0,27.71,384,[84 -64 4 0 0 0 0 0 0 0 0 0 -37 4 -39 3 -41 1 -42 -3 -42 -3 -40 -1 -39 -2 -40 -4 -37 -6 -38 -8 -37 -7 -36 -9 -35 -10 -39 -10 -36 -9 -36 -9 -36 -8 -36 -8 -35 -11 -33 -12 -33 -13 -31 -13 -30 -8 -34 -9 -34 -9 -34 -9 0 1 -30 -7 -35 -8 -31 -5 -31 -6 -30 -9 -31 -9 -31 -5 -29 -4 -32 -7 -34 -6 -30 -5 -29 -2 -31 -2 -30 -1 -30 -2 -32 -2 -34 0 -31 1 -33 2 -34 3 -31 1 -32 -1 -34 1 -32 2 -31 0 -34 3 -2 0 0 0 0 0 0 0 0 0 ]
CSI_DATA,AP,68:FE:71:12:53:8C,-40,11,1,4,1,1,1,0,0,0,0,-94,0,6,1,27806442,0,84,0,0,27.806,384,[84 -64 4 0 0 0 0 0 0 0 0 0 5 -10 4 -11 2 -10 5 -9 4 -10 4 -7 2 -9 2 -9 5 -7 5 -6 5 -7 6 -8 6 -10 7 -6 4 -7 6 -9 4 -8 7 -6 5 -6 5 -9 5 -9 5 -5 5 -7 7 -8 6 -6 2 -5 -1 0 4 -6 4 -8 4 -7 2 -7 3 -7 4 -6 6 -7 4 -7 3 -7 3 -4 1 -8 1 -7 3 -7 1 -9 0 -5 2 -8 4 -9 0 -8 1 -9 4 -5 1 -9 2 -6 1 -8 -1 -8 1 -8 -1 -8 0 0 0 0 0 0 0 0 0 0 ]
CSI_DATA,AP,68:FE:71:12:53:8C,-40,11,1,6,1,1,1,0,0,0,0,-96,0,6,1,27892295,0,84,0,0,27.892,384,[84 -64 4 0 0 0 0 0 0 0 0 0 0 19 0 17 -1 17 -4 20 -2 16 -3 16 -2 17 -5 15 -3 14 -8 16 -4 18 -8 16 -6 15 -7 17 -6 14 -8 16 -5 14 -7 15 -6 13 -8 16 -7 16 -6 11 -9 15 -8 15 -7 15 -4 15 0 2 -5 15 -8 14 -8 15 -3 13 -5 13 -5 15 -5 14 -4 13 -2 12 -6 13 -3 11 -3 13 -2 11 -4 14 -4 15 -2 12 -4 12 0 11 -3 12 0 14 -4 15 0 16 -2 13 0 12 1 14 -1 14 1 -2 0 0 0 0 0 0 0 0 ]
CSI_DATA,AP,68:FE:71:12:53:8C,-36,11,1,7,1,1,1,0,0,0,1,-93,0,6,1,28015599,0,84,0,0,28.016,384,[84 -64 4 0 0 0 0 0 0 0 0 0 -2 17 -5 19 -7 21 -7 17 -9 17 -6 19 -10 19 -7 16 -11 16 -7 17 -11 17 -11 16 -9 19 -7 17 -12 17 -12 17 -8 18 -7 15 -12 15 -12 15 -9 16 -9 13 -9 15 -10 14 -8 15 -7 16 1 -2 -7 14 -9 14 -8 13 -8 13 -5 12 -8 12 -9 14 -8 14 -4 14 -3 15 -5 15 -4 17 -5 17 -5 14 -3 15 -3 17 -3 15 -2 15 -4 18 -1 18 -5 16 -1 16 -3 13 2 18 -3 17 -2 16 2 1 0 0 0 0 0 0 0 0 ]
CSI_DATA,AP,68:FE:71:12:53:8C,-43,11,1,5,1,1,1,0,0,0,0,-95,0,6,1,28128604,0,84,0,0,28.129,384,[84 -64 4 0 0 0 0 0 0 0 0 0 5 20 1 21 4 21 3 18 2 18 3 19 2 19 -1 21 -1 19 -3 17 -3 21 -2 19 0 19 -1 18 -4 20 -5 20 -2 18 -4 19 -1 16 -2 18 -2 17 -5 19 -3 17 -4 19 -4 16 0 15 -1 2 -2 14 -1 18 -3 16 0 16 0 14 1 18 1 15 2 14 -1 15 -1 17 0 13 0 15 2 14 2 15 4 17 4 17 4 13 6 17 4 13 5 13 4 15 2 15 6 14 6 14 7 14 6 15 -2 -1 0 0 0 0 0 0 0 0 ]
CSI_DATA,AP,68:FE:71:12:53:8C,-43,11,1,6,1,1,1,0,0,0,0,-93,0,6,1,28228920,0,84,0,0,28.229,384,[84 -64 4 0 0 0 0 0 0 0 0 0 6 20 8 18 5 16 4 17 5 20 4 17 4 16 4 19 4 19 0 20 2 19 2 18 2 19 0 21 3 19 -2 18 2 20 -1 18 -2 19 2 15 2 18 3 19 1 17 1 16 -2 15 -1 18 0 1 1 16 1 13 3 18 2 14 1 17 3 13 1 16 5 14 1 14 4 15 2 14 6 16 2 14 3 16 3 12 5 13 5 15 6 12 7 16 7 12 6 14 6 13 8 11 5 11 5 15 9 11 2 -1 0 0 0 0 0 0 0 0 ]
CSI_DATA,AP,68:FE:71:12:53:8C,-41,11,1,5,1,1,1,0,0,0,0,-94,0,6,1,28328758,0,84,0,0,28.329,384,[84 -64 4 0 0 0 0 0 0 0 0 0 -9 -20 -6 -18 -4 -20 -3 -19 -6 -23 -4 -20 -3 -20 -5 -18 -5 -22 -3 -21 -1 -19 -2 -21 0 -19 -1 -20 2 -17 -2 -18 2 -20 -2 -18 0 -16 -1 -16 1 -17 1 -20 2 -17 2 -18 -2 -20 -2 -16 2 1 -2 -15 0 -16 1 -18 -1 -18 -4 -17 0 -17 0 -16 -3 -15 -5 -17 -3 -16 -4 -16 -2 -15 -6 -14 -6 -18 -6 -16 -6 -18 -6 -15 -6 -15 -6 -15 -6 -14 -4 -16 -8 -17 -5 -16 -5 -16 -7 -13 -5 -17 -2 -1 0 0 0 0 0 0 0 0 ]
CSI_DATA,AP,68:FE:71:12:53:8C,-36,11,1,6,1,1,1,1,0,0,0,-94,4,6,1,28444110,0,84,0,0,28.444,384,[84 -64 4 0 0 0 0 0 0 0 0 0 -10 19 -8 21 -7 19 -8 19 -8 19 -12 17 -11 17 -10 21 -12 18 -10 21 -12 17 -13 17 -14 17 -12 19 -12 19 -14 17 -13 14 -10 14 -10 17 -10 16 -11 17 -10 14 -13 15 -10 17 -10 14 -10 17 -2 1 -11 17 -9 18 -11 14 -10 14 -10 16 -11 14 -7 16 -7 15 -10 12 -6 16 -6 17 -8 15 -7 14 -7 17 -6 14 -8 16 -8 18 -7 18 -4 17 -6 18 -5 15 -6 15 -5 16 -7 19 -4 18 -2 15 2 -1 0 0 0 0 0 0 0 0 ]
CSI_DATA,AP,68:FE:71:12:53:8C,-40,11,1,5,1,1,1,0,0,0,0,-94,0,6,1,28561629,0,84,0,0,28.562,384,[84 -64 4 0 0 0 0 0 0 0 0 0 11 14 11 14 12 14 15 14 12 15 11 13 10 13 11 13 11 13 11 14 8 13 11 15 12 14 7 13 11 17 8 13 7 15 6 12 7 12 7 15 10 14 7 15 9 12 6 15 5 12 7 13 2 0 7 11 7 14 7 14 9 9 8 10 9 10 10 13 9 9 10 10 11 9 12 12 8 12 9 9 9 9 10 11 9 11 11 7 11 10 11 10 12 10 13 11 11 10 14 10 14 8 12 7 14 8 -2 0 0 0 0 0 0 0 0 0 ]
CSI_DATA,AP,68:FE:71:12:53:8C,-45,11,1,4,1,1,1,0,0,0,0,-94,0,6,1,28674068,0,84,0,0,28.674,384,[84 -64 4 0 0 0 0 0 0 0 0 0 -4 18 -3 18 -4 19 -3 18 -2 19 -2 19 -7 19 -5 19 -7 18 -6 18 -6 21 -9 18 -7 18 -6 17 -6 16 -6 17 -7 17 -8 19 -6 14 -4 17 -5 14 -6 18 -6 15 -5 16 -8 15 -7 15 0 1 -5 17 -5 17 -3 15 -1 16 -3 17 -2 16 -2 18 -4 14 0 13 -1 13 0 15 -3 13 0 14 -4 14 -2 14 -2 15 -2 19 3 17 3 18 4 14 3 17 3 15 2 15 3 14 3 14 1 16 -1 2 0 0 0 0 0 0 0 0 ]
CSI_DATA,AP,68:FE:71:12:53:8C,-38,11,1,6,1,1,1,1,0,0,0,-94,1,6,1,28785411,0,84,0,0,28.785,384,[84 -64 4 0 0 0 0 0 0 0 0 0 20 0 22 -1 22 1 21 0 23 1 21 1 19 3 22 0 21 2 22 1 21 5 22 5 19 6 21 5 19 6 19 6 19 6 16 5 19 4 17 5 18 3 20 4 18 6 19 2 16 3 15 1 -2 -2 18 2 14 2 15 2 19 0 16 1 16 1 17 -1 15 2 15 2 13 -2 16 1 16 0 16 1 15 -1 18 1 18 -3 19 -1 16 -5 15 0 14 -4 14 -5 17 -4 14 -5 18 -3 17 -5 17 -7 -2 0 0 0 0 0 0 0 0 0 ]
CSI_DATA,AP,68:FE:71:12:53:8C,-39,11,1,5,1,1,1,0,0,0,0,-96,0,6,1,28901046,0,84,0,0,28.901,384,[84 -64 4 0 0 0 0 0 0 0 0 0 -24 0 -23 2 -26 2 -24 2 -26 -2 -20 -3 -20 -3 -19 -2 -24 -5 -21 -3 -22 -5 -23 -6 -24 -4 -19 -4 -19 -7 -21 -3 -20 -3 -19 -3 -19 -5 -19 -3 -18 -6 -19 -6 -20 -4 -19 -6 -21 -5 -17 -5 -2 -2 -19 -4 -18 -1 -18 -1 -17 1 -16 -5 -19 -3 -19 -4 -20 -3 -15 -2 -16 0 -19 0 -19 -2 -16 1 -16 0 -18 2 -19 3 -17 1 -17 3 -17 0 -16 3 -19 4 -16 4 -20 2 -21 4 -17 4 -18 2 -2 -2 0 0 0 0 0 0 0 0 ]
CSI_DATA,AP,68:FE:71:12:53:8C,-37,11,1,5,1,1,1,0,0,0,0,-96,0,6,1,29015271,0,84,0,0,29.015,384,[84 -64 4 0 0 0 0 0 0 0 0 0 -13 -19 -12 -21 -13 -19 -11 -24 -8 -21 -10 -22 -9 -22 -9 -21 -9 -20 -6 -21 -6 -20 -5 -21 -6 -20 -7 -22 -6 -19 -3 -21 -3 -21 -2 -17 -6 -19 -6 -19 -2 -19 -5 -20 -2 -18 -5 -17 -6 -22 -6 -20 -1 0 -4 -20 -6 -18 -6 -18 -5 -16 -3 -17 -6 -17 -8 -15 -9 -15 -8 -14 -8 -14 -10 -15 -5 -17 -9 -15 -10 -15 -8 -16 -8 -15 -8 -16 -11 -14 -10 -18 -11 -16 -10 -18 -11 -16 -8 -14 -11 -18 -12 -13 -9 -16 0 1 0 0 0 0 0 0 0 0 ]
CSI_DATA,AP,68:FE:71:12:53:8C,-42,11,1,4,1,1,1,1,0,0,0,-94,4,6,1,29156258,0,84,0,0,29.156,384,[84 -64 4 0 0 0 0 0 0 0 0 0 -15 14 -17 16 -14 14 -18 18 -17 14 -16 13 -15 15 -15 10 -15 11 -15 9 -20 13 -19 10 -16 13 -19 11 -16 12 -16 10 -19 9 -15 11 -18 10 -19 11 -19 9 -19 11 -13 6 -14 11 -16 8 -15 11 1 -1 -17 11 -16 10 -16 13 -13 11 -13 11 -12 9 -14 10 -11 8 -14 13 -13 11 -14 14 -11 9 -10 13 -13 13 -13 11 -12 12 -12 12 -12 16 -10 13 -12 15 -13 14 -12 13 -9 16 -7 14 -11 15 -7 16 -1 1 0 0 0 0 0 0 0 0 ]
CSI_DATA,AP,68:FE:71:12:53:8C,-39,11,1,4,1,1,1,0,0,0,0,-94,0,6,1,29272683,0,84,0,0,29.273,384,[84 -64 4 0 0 0 0 0 0 0 0 0 -4 22 -3 21 -3 19 -4 23 -3 21 -8 22 -6 20 -4 17 -8 17 -6 19 -6 20 -8 19 -10 20 -8 19 -7 16 -11 21 -8 17 -8 17 -7 16 -9 15 -11 17 -8 16 -7 15 -7 17 -8 17 -8 18 2 -2 -6 16 -5 18 -6 16 -3 15 -4 14 -3 14 -7 15 -3 17 -4 16 -6 15 -1 17 -2 16 -1 14 -5 18 -1 16 -1 17 -1 15 -2 18 -2 14 0 15 0 15 -2 15 -2 16 3 17 -1 18 2 18 -1 1 0 0 0 0 0 0 0 0 ]
CSI_DATA,AP,68:FE:71:12:53:8C,-40,11,1,5,1,1,1,0,0,0,0,-93,0,6,1,29403603,0,84,0,0,29.404,384,[84 -64 4 0 0 0 0 0 0 0 0 0 3 -24 7 -23 5 -22 6 -23 7 -20 6 -18 11 -21 9 -19 9 -19 8 -21 12 -20 8 -22 10 -17 11 -19 9 -19 9 -17 9 -19 11 -15 11 -16 9 -18 9 -17 10 -18 9 -12 11 -17 9 -15 10 -16 0 -1 8 -16 9 -17 9 -15 6 -18 9 -15 11 -17 10 -16 9 -17 6 -17 8 -17 6 -17 5 -18 4 -15 6 -19 7 -15 6 -19 7 -19 2 -18 3 -17 4 -18 5 -16 2 -17 5 -16 3 -18 3 -18 4 -19 -1 -2 0 0 0 0 0 0 0 0 ]
CSI_DATA,AP,68:FE:71:12:53:8C,-37,11,1,7,1,1,1,0,0,0,0,-95,0,6,1,29540083,0,84,0,0,29.54,384,[84 -64 4 0 0 0 0 0 0 0 0 0 9 -22 7 -18 10 -22 9 -22 12 -20 10 -19 10 -20 9 -14 13 -16 13 -18 11 -17 11 -20 14 -15 14 -17 13 -17 10 -16 13 -14 13 -12 10 -12 12 -15 12 -16 13 -16 11 -13 13 -12 10 -13 11 -12 0 0 11 -16 10 -16 11 -16 6 -15 8 -16 7 -17 7 -14 9 -13 7 -14 5 -16 6 -15 4 -16 6 -14 7 -17 6 -14 3 -14 5 -19 3 -16 2 -16 5 -14 2 -16 2 -15 6 -19 1 -17 3 -15 3 -16 -2 1 0 0 0 0 0 0 0 0 ]
CSI_DATA,AP,68:FE:71:12:53:8C,-39,11,1,5,1,1,1,1,0,0,0,-96,1,6,1,29645877,0,84,0,0,29.646,384,[84 -64 4 0 0 0 0 0 0 0 0 0 19 6 17 4 22 6 20 10 21 5 16 7 15 9 15 11 19 11 15 12 19 8 18 11 16 13 17 8 15 8 14 9 13 10 14 9 12 11 13 12 13 10 14 8 14 10 14 9 16 8 12 7 -1 1 14 7 12 7 16 10 14 8 14 10 12 6 14 8 12 9 13 8 15 6 17 5 13 7 16 3 15 4 13 7 13 6 18 4 14 4 16 5 13 2 17 2 15 2 15 1 15 2 17 2 15 4 2 -2 0 0 0 0 0 0 0 0 ]
CSI_DATA,AP,68:FE:71:12:53:8C,-38,11,1,7,1,1,1,0,0,0,0,-93,0,6,1,29777915,0,84,0,0,29.778,384,[84 -64 4 0 0 0 0 0 0 0 0 0 -18 -12 -14 -12 -14 -17 -18 -15 -14 -16 -12 -13 -13 -15 -15 -13 -12 -14 -14 -17 -12 -16 -15 -17 -11 -16 -9 -18 -10 -16 -14 -20 -10 -14 -11 -17 -12 -18 -11 -17 -9 -14 -8 -18 -9 -13 -10 -15 -8 -17 -10 -16 1 1 -9 -16 -13 -15 -10 -16 -14 -14 -10 -15 -11 -14 -10 -10 -13 -11 -10 -11 -14 -10 -11 -12 -11 -12 -13 -13 -15 -10 -13 -11 -12 -12 -16 -13 -15 -11 -15 -11 -13 -7 -14 -8 -16 -9 -15 -7 -14 -7 -12 -8 -12 -8 -1 -1 0 0 0 0 0 0 0 0 ]
CSI_DATA,AP,68:FE:71:12:53:8C,-42,11,1,4,1,1,1,0,0,0,0,-95,0,6,1,29900163,0,84,0,0,29.9,384,[84 -64 4 0 0 0 0 0 0 0 0 0 -2 20 -6 21 -3 21 -6 20 -7 23 -7 19 -7 19 -7 19 -9 20 -8 18 -9 20 -10 17 -6 20 -9 20 -11 19 -7 19 -10 16 -7 15 -7 15 -11 17 -10 14 -8 18 -7 12 -10 17 -10 15 -5 16 -1 -2 -8 16 -4 16 -8 14 -6 16 -7 15 -8 14 -4 14 -4 17 -5 17 -3 17 -4 15 -3 17 -5 13 -4 14 -5 18 -2 16 -2 18 -1 14 -1 17 1 15 -2 17 -2 17 -2 17 2 18 1 14 1 15 1 0 0 0 0 0 0 0 0 0 ]
CSI_DATA,AP,68:FE:71:12:53:8C,-41,11,1,5,1,1,1,0,0,0,0,-93,0,6,1,30032267,0,84,0,0,30.032,384,[84 -64 4 0 0 0 0 0 0 0 0 0 -10 -18 -11 -19 -8 -18 -8 -21 -9 -21 -5 -21 -5 -19 -8 -19 -8 -20 -8 -19 -8 -23 -7 -20 -5 -22 -5 -21 -3 -22 -6 -22 -3 -19 -4 -18 -6 -19 -2 -17 -5 -16 -1 -19 -2 -17 -3 -17 -2 -21 -5 -19 -1 -2 -4 -15 -5 -16 -6 -19 -7 -15 -5 -18 -5 -19 -6 -18 -6 -14 -9 -16 -5 -14 -7 -16 -8 -14 -9 -14 -9 -16 -7 -16 -11 -15 -8 -16 -8 -16 -9 -13 -12 -14 -11 -13 -9 -15 -12 -16 -10 -12 -9 -14 -9 -13 1 2 0 0 0 0 0 0 0 0 ]
CSI_DATA,AP,68:FE:71:12:53:8C,-38,11,1,6,1,1,1,1,0,0,0,-93,1,6,1,30143905,0,84,0,0,30.144,384,[84 -64 4 0 0 0 0 0 0 0 0 0 19 8 17 5 19 10 18 10 19 11 19 11 19 8 18 7 18 9 17 12 15 10 18 9 15 13 15 10 15 13 17 13 13 12 16 13 12 11 14 12 15 11 16 10 12 13 15 10 13 14 15 9 0 -2 13 10 14 11 14 9 15 10 12 9 15 10 16 8 14 9 15 9 15 7 15 10 13 6 15 5 12 4 15 5 14 7 16 7 14 3 17 2 15 1 17 4 13 7 16 5 19 4 15 3 13 3 2 0 0 0 0 0 0 0 0 0 ]
CSI_DATA,AP,68:FE:71:12:53:8C,-38,11,1,6,1,1,1,1,0,0,0,-96,4,6,1,30248432,0,84,0,0,30.248,384,[84 -64 4 0 0 0 0 0 0 0 0 0 -22 4 -21 6 -23 2 -21 2 -20 4 -20 -1 -22 1 -19 -2 -22 -2 -18 -2 -20 -1 -21 -1 -19 -3 -22 1 -21 -3 -19 -1 -22 -1 -17 -1 -18 1 -18 -3 -17 0 -18 0 -16 -3 -20 0 -20 1 -21 -1 0 2 -19 -1 -17 1 -16 3 -15 3 -15 3 -16 1 -16 3 -17 0 -18 1 -18 1 -16 4 -14 2 -18 3 -17 4 -17 6 -17 7 -15 6 -17 5 -18 6 -13 6 -17 4 -15 4 -17 8 -17 6 -16 8 -14 8 -2 -1 0 0 0 0 0 0 0 0 ]
CSI_DATA,AP,68:FE:71:12:53:8C,-39,11,1,4,1,1,1,0,0,0,0,-95,0,6,1,30354785,0,84,0,0,30.355,384,[84 -64 4 0 0 0 0 0 0 0 0 0 22 -6 21 -4 19 -2 22 -4 22 0 20 -3 18 1 17 -1 20 3 17 2 19 -1 21 -1 22 1 17 2 17 3 21 5 21 1 18 4 19 3 20 4 17 5 17 1 16 5 16 3 17 4 15 1 0 1 15 1 17 0 15 1 16 1 18 3 18 1 15 -1 18 -2 16 0 13 -3 14 0 13 -2 17 0 18 -4 14 -4 19 -1 15 -5 16 -3 14 -2 18 -4 14 -5 16 -5 17 -4 15 -6 15 -3 18 -4 2 1 0 0 0 0 0 0 0 0 ]
CSI_DATA,AP,68:FE:71:12:53:8C,-38,11,1,6,1,1,1,0,0,0,1,-95,0,6,1,30443128,0,84,0,0,30.443,384,[84 -64 4 0 0 0 0 0 0 0 0 0 3 21 0 21 -1 22 0 22 -2 18 0 19 0 19 -3 17 -5 17 -5 20 -6 21 -1 20 -4 20 -4 20 -6 16 -2 21 -3 20 -5 16 -3 15 -4 15 -5 15 -4 15 -3 15 -4 15 -6 18 -6 19 -2 2 -2 16 -4 18 -1 17 -3 14 -1 18 -1 16 -1 14 0 15 -3 16 1 14 -2 18 1 18 0 17 2 18 -1 15 -1 19 3 17 3 16 3 18 5 17 1 15 1 15 4 15 6 14 1 17 2 15 -2 1 0 0 0 0 0 0 0 0 ]
CSI_DATA,AP,68:FE:71:12:53:8C,-37,11,1,6,1,1,1,0,0,0,0,-94,0,6,1,30568336,0,84,0,0,30.568,384,[84 -64 4 0 0 0 0 0 0 0 0 0 -20 -10 -17 -10 -21 -12 -19 -12 -18 -9 -17 -13 -18 -10 -19 -13 -15 -15 -17 -12 -17 -13 -16 -13 -16 -15 -15 -16 -16 -15 -18 -15 -15 -14 -12 -14 -13 -11 -13 -16 -12 -12 -13 -14 -15 -13 -14 -16 -13 -14 -16 -13 2 1 -15 -11 -14 -13 -12 -13 -15 -10 -15 -12 -14 -12 -16 -9 -14 -10 -17 -7 -16 -8 -15 -7 -14 -9 -13 -9 -13 -6 -16 -7 -19 -8 -17 -9 -15 -4 -15 -6 -18 -6 -15 -7 -18 -7 -19 -4 -18 -6 -18 -5 -18 -4 -1 2 0 0 0 0 0 0 0 0 ]
CSI_DATA,AP,68:FE:71:12:53:8C,-37,11,1,7,1,1,1,0,0,0,0,-96,0,6,1,30672784,0,84,0,0,30.673,384,[84 -64 4 0 0 0 0 0 0 0 0 0 -4 -22 -1 -23 1 -21 -1 -20 0 -23 3 -21 1 -20 5 -20 2 -21 4 -19 6 -21 6 -20 4 -21 6 -21 2 -17 7 -20 6 -20 6 -19 3 -16 5 -16 3 -15 5 -20 4 -18 5 -19 3 -17 6 -18 -1 2 2 -18 2 -18 5 -20 1 -16 2 -17 1 -16 1 -15 1 -15 3 -15 0 -17 0 -19 -1 -15 0 -16 1 -18 0 -17 -2 -19 0 -17 -1 -16 1 -18 0 -14 2 -17 0 -18 1 -18 -3 -18 -3 -14 -3 -18 0 2 0 0 0 0 0 0 0 0 ]
CSI_DATA,AP,68:FE:71:12:53:8C,-46,11,1,3,1,1,1,0,0,0,0,-95,0,6,1,30816417,0,84,0,0,30.816,384,[84 -64 4 0 0 0 0 0 0 0 0 0 -14 11 -18 9 -19 8 -20 11 -18 10 -20 5 -18 7 -17 3 -20 7 -18 3 -20 7 -21 8 -18 5 -19 7 -17 6 -20 4 -18 3 -18 4 -19 4 -15 2 -15 3 -15 5 -17 3 -14 2 -15 3 -14 2 0 2 -17 2 -17 5 -16 6 -15 5 -17 3 -14 6 -13 6 -14 8 -16 8 -13 4 -14 7 -14 5 -12 8 -15 10 -13 7 -14 6 -15 9 -15 10 -14 7 -14 10 -15 10 -10 6 -14 9 -10 12 -13 9 -10 11 0 0 0 0 0 0 0 0 0 0 ]
CSI_DATA,AP,68:FE:71:12:53:8C,-37,11,1,7,1,1,1,0,0,0,0,-96,0,6,1,30927776,0,84,0,0,30.928,384,[84 -64 4 0 0 0 0 0 0 0 0 0 9 -15 10 -16 9 -15 15 -14 14 -14 14 -15 14 -13 10 -11 14 -11 13 -11 14 -14 14 -15 13 -13 14 -10 14 -11 14 -10 14 -13 15 -11 12 -9 15 -13 11 -9 12 -11 12 -11 12 -10 14 -10 13 -11 1 -1 10 -8 11 -11 9 -12 8 -13 10 -11 10 -12 10 -12 8 -14 8 -12 8 -10 8 -12 9 -12 7 -11 6 -11 7 -12 7 -16 9 -16 5 -16 8 -16 7 -16 4 -16 5 -13 6 -13 7 -16 5 -15 7 -14 -1 -2 0 0 0 0 0 0 0 0 ]
CSI_DATA,AP,68:FE:71:12:53:8C,-38,11,1,6,1,1,1,0,0,0,0,-94,0,6,1,31047322,0,84,0,0,31.047,384,[84 -64 4 0 0 0 0 0 0 0 0 0 19 -5 19 -4 21 -4 21 -4 21 -4 20 0 21 0 21 2 19 2 21 0 22 2 20 -2 21 2 20 1 20 -1 22 1 18 4 17 -1 20 0 16 3 18 2 17 2 17 3 18 1 17 3 19 1 1 2 19 1 15 2 17 -1 14 -2 15 0 15 -1 16 0 15 -2 18 0 14 -3 15 -2 13 -1 16 -3 14 -2 18 -2 16 -6 18 -4 16 -8 19 -7 17 -7 19 -4 18 -3 13 -5 17 -8 15 -5 16 -6 0 -1 0 0 0 0 0 0 0 0 ]
CSI_DATA,AP,68:FE:71:12:53:8C,-38,11,1,7,1,1,1,0,0,0,0,-96,0,6,1,31143127,0,84,0,0,31.143,384,[84 -64 4 0 0 0 0 0 0 0 0 0 -16 -1 -13 -4 -14 -3 -14 -2 -15 -2 -13 -1 -13 -4 -10 -2 -13 -3 -10 -2 -11 -3 -14 -2 -14 -5 -10 -3 -12 -6 -11 -3 -11 -7 -12 -5 -12 -5 -10 -5 -10 -5 -9 -4 -7 -5 -10 -4 -10 -5 -8 -5 2 -2 -12 -1 -9 -1 -8 -4 -11 0 -8 -2 -12 -2 -10 -2 -10 -1 -8 0 -11 -1 -11 1 -8 2 -10 2 -10 0 -9 0 -11 2 -7 1 -8 0 -7 0 -10 -1 -8 2 -7 1 -8 0 -10 1 -8 1 -11 4 2 -2 0 0 0 0 0 0 0 0 ]
CSI_DATA,AP,68:FE:71:12:53:8C,-39,11,1,5,1,1,1,0,0,0,0,-95,0,6,1,31256424,0,84,0,0,31.256,384,[84 -64 4 0 0 0 0 0 0 0 0 0 6 15 5 16 7 17 7 18 5 17 5 15 3 17 4 14 2 16 4 15 2 19 0 16 2 19 2 17 0 18 1 16 -2 15 -1 16 1 13 -2 17 -2 17 0 14 -1 15 -2 13 0 14 -2 14 0 0 0 14 3 14 1 16 4 15 3 15 4 15 4 15 5 11 2 15 5 15 4 12 5 15 3 11 5 14 5 15 3 11 4 15 4 13 5 9 8 8 7 12 8 10 8 11 10 13 9 12 9 9 2 0 0 0 0 0 0 0 0 0 ]
CSI_DATA,AP,68:FE:71:12:53:8C,-44,11,1,3,1,1,1,0,0,0,0,-96,0,6,1,31333566,0,84,0,0,31.334,384,[84 -64 4 0 0 0 0 0 0 0 0 0 9 -10 9 -7 10 -9 14 -10 13 -9 13 -8 13 -7 10 -7 11 -6 14 -6 13 -3 14 -7 13 -6 14 -6 11 -4 11 -3 12 -5 11 -6 14 -4 13 -2 11 -3 11 -1 11 -5 9 -2 13 -3 11 -2 -1 0 9 -5 8 -3 13 -4 10 -3 11 -2 10 -5 11 -6 7 -5 8 -7 6 -5 7 -4 11 -4 8 -5 11 -8 9 -7 9 -5 11 -7 10 -6 9 -6 7 -9 10 -6 10 -9 7 -8 10 -8 10 -6 7 -9 0 0 0 0 0 0 0 0 0 0 ]
CSI_DATA,AP,68:FE:71:12:53:8C,-38,11,1,7,1,1,1,1,0,0,0,-94,1,6,1,31439678,0,84,0,0,31.44,384,[84 -64 4 0 0 0 0 0 0 0 0 0 14 0 16 4 15 4 15 5 16 7 14 6 14 7 14 8 17 5 17 5 16 8 18 5 16 6 16 6 15 7 15 6 14 8 15 8 15 7 12 9 11 9 12 8 10 8 13 5 14 9 13 9 -2 0 14 8 15 9 13 7 12 8 12 8 13 6 15 9 13 4 16 6 11 2 15 4 15 7 16 2 15 3 12 6 15 2 14 2 14 1 14 4 16 3 16 6 14 3 13 4 17 2 13 0 13 2 -1 -2 0 0 0 0 0 0 0 0 ]
CSI_DATA,AP,68:FE:71:12:53:8C,-36,11,1,6,1,1,1,0,0,0,0,-94,0,6,1,31523740,0,84,0,0,31.524,384,[84 -64 4 0 0 0 0 0 0 0 0 0 -15 16 -14 15 -13 15 -17 16 -16 12 -19 11 -17 11 -16 10 -19 14 -17 12 -17 13 -18 12 -19 10 -19 10 -16 11 -20 8 -19 9 -18 9 -15 10 -18 9 -15 6 -15 10 -13 9 -15 7 -18 10 -15 11 -1 -1 -13 10 -13 10 -14 12 -15 8 -15 12 -15 12 -11 11 -10 12 -10 9 -9 12 -11 11 -11 10 -10 10 -10 10 -13 10 -13 15 -10 12 -10 10 -13 11 -11 10 -8 12 -8 12 -9 11 -7 16 -9 13 -7 12 -2 2 0 0 0 0 0 0 0 0 ]
CSI_DATA,AP,68:FE:71:12:53:8C,-43,11,1,6,1,1,1,0,0,0,0,-96,0,6,1,31635025,0,84,0,0,31.635,384,[84 -64 4 0 0 0 0 0 0 0 0 0 20 12 18 11 19 14 18 12 13 12 13 12 15 13 14 14 13 12 10 12 14 13 12 14 11 14 10 11 8 10 13 12 10 8 7 10 10 12 7 8 9 8 10 9 6 10 11 7 7 8 9 8 1 2 11 9 12 6 8 4 8 5 7 8 8 7 9 4 9 5 10 6 11 4 13 4 10 3 13 2 14 3 10 4 12 2 11 5 11 4 15 5 14 3 15 5 12 4 13 2 13 -1 11 2 13 4 2 -2 0 0 0 0 0 0 0 0 ]
CSI_DATA,AP,68:FE:71:12:53:8C,-41,11,1,6,1,1,1,0,0,0,0,-95,0,6,1,31748577,0,84,0,0,31.749,384,[84 -64 4 0 0 0 0 0 0 0 0 0 14 -13 14 -11 15 -12 18 -8 14 -7 15 -7 12 -4 12 -4 15 -7 14 -6 11 -5 14 -3 14 -3 14 -3 13 -5 10 -4 9 -2 8 -3 10 -2 7 -5 8 -7 12 -4 9 -2 7 -4 8 -7 9 -7 0 2 6 -7 7 -5 10 -7 9 -6 7 -7 6 -7 9 -8 8 -10 9 -7 9 -14 7 -6 5 -7 7 -9 8 -9 6 -10 8 -8 7 -8 5 -7 8 -8 4 -10 7 -12 8 -12 4 -10 7 -9 6 -13 8 -13 -2 -1 0 0 0 0 0 0 0 0 ]
CSI_DATA,AP,68:FE:71:12:53:8C,-35,11,1,6,1,1,1,1,0,0,0,-94,2,6,1,31851336,0,84,0,0,31.851,384,[84 -64 4 0 0 0 0 0 0 0 0 0 19 -12 21 -10 23 -8 18 -7 21 -8 17 -8 18 -7 16 -2 16 -3 19 -2 19 -6 15 -6 15 -6 16 -2 12 0 15 -2 12 -3 15 -2 13 -2 15 -3 12 -2 12 -5 9 0 8 -3 11 -5 12 -7 -1 1 10 -3 7 -4 7 -5 10 -7 10 -3 11 -5 11 -3 9 -7 7 -7 6 -9 9 -7 6 -10 6 -8 4 -9 6 -9 6 -10 7 -8 5 -8 8 -10 6 -8 7 -9 4 -7 3 -8 1 -13 4 -12 3 -12 2 -1 0 0 0 0 0 0 0 0 ]
CSI_DATA,AP,68:FE:71:12:53:8C,-39,11,1,5,1,1,1,0,0,0,0,-96,0,6,1,31962299,0,84,0,0,31.962,384,[84 -64 4 0 0 0 0 0 0 0 0 0 7 -33 7 -28 6 -31 10 -32 11 -32 9 -27 10 -25 11 -23 14 -25 11 -25 15 -24 11 -22 12 -22 13 -23 12 -22 9 -22 12 -17 9 -19 7 -18 10 -16 6 -16 8 -18 8 -17 7 -17 7 -18 6 -17 -1 1 5 -16 3 -15 1 -16 2 -15 1 -14 -1 -12 1 -16 -3 -12 -4 -14 -3 -14 -4 -12 -3 -11 -4 -11 -5 -10 -7 -12 -8 -12 -6 -12 -7 -10 -5 -12 -5 -12 -8 -10 -7 -9 -10 -10 -10 -8 -9 -12 -11 -7 -1 2 0 0 0 0 0 0 0 0 ]
CSI_DATA,AP,68:FE:71:12:53:8C,-38,11,1,7,1,1,1,0,0,0,0,-96,0,6,1,32098825,0,84,0,0,32.099,384,[84 -64 4 0 0 0 0 0 0 0 0 0 17 -5 17 -4 17 -2 17 -3 15 -2 16 1 18 -2 14 0 14 -2 17 1 18 1 16 0 17 0 16 -1 16 -1 15 0 16 2 14 -2 15 -1 12 -1 14 0 12 -2 11 -2 14 -2 13 0 16 0 1 2 12 0 15 -5 13 -2 16 -4 16 -4 14 -1 14 -2 12 -4 16 -3 16 -3 14 -2 16 -2 14 -6 13 -5 14 -4 13 -6 14 -2 15 -5 14 -3 13 -7 17 -4 13 -5 14 -4 14 -4 14 -5 13 -3 2 -2 0 0 0 0 0 0 0 0 ]
CSI_DATA,AP,68:FE:71:12:53:8C,-43,11,1,4,1,1,1,1,0,0,0,-96,6,6,1,32231502,0,84,0,0,32.232,384,[84 -64 4 0 0 0 0 0 0 0 0 0 15 5 16 9 18 6 20 8 20 11 15 10 18 12 16 9 19 13 16 9 16 10 19 11 18 14 17 11 17 14 17 14 16 11 13 11 14 11 14 15 14 11 17 13 12 10 16 14 14 15 17 10 2 0 18 10 19 10 17 13 17 10 14 10 19 11 16 10 17 10 15 10 17 8 21 7 17 7 18 8 18 8 20 9 22 8 19 10 21 8 19 8 17 7 17 10 18 9 17 5 20 6 21 6 19 8 2 -2 0 0 0 0 0 0 0 0 ]
CSI_DATA,AP,68:FE:71:12:53:8C,-38,11,1,7,1,1,1,0,0,0,0,-94,0,6,1,32319809,0,84,0,0,32.32,384,[84 -64 4 0 0 0 0 0 0 0 0 0 -16 -1 -13 -4 -16 -3 -17 -2 -18 -6 -16 -7 -13 -9 -16 -5 -17 -5 -15 -6 -15 -9 -14 -6 -18 -7 -15 -6 -11 -6 -18 -11 -11 -8 -11 -7 -14 -8 -13 -6 -13 -8 -12 -10 -12 -9 -16 -8 -14 -10 -12 -10 2 2 -12 -10 -16 -7 -13 -5 -13 -5 -11 -8 -16 -9 -16 -9 -15 -8 -15 -5 -16 -6 -16 -4 -14 -6 -15 -7 -13 -5 -15 -6 -15 -2 -18 -3 -18 -2 -16 -4 -16 -4 -15 -2 -15 -5 -17 -2 -19 -2 -14 0 -17 -4 -1 2 0 0 0 0 0 0 0 0 ]
CSI_DATA,AP,68:FE:71:12:53:8C,-41,11,1,6,1,1,1,0,0,0,0,-94,0,6,1,32405779,0,84,0,0,32.406,384,[84 -64 4 0 0 0 0 0 0 0 0 0 -14 -13 -16 -11 -14 -14 -14 -15 -17 -16 -13 -18 -15 -15 -16 -16 -17 -20 -13 -19 -14 -23 -15 -20 -14 -21 -11 -22 -12 -19 -12 -25 -12 -20 -12 -22 -10 -19 -9 -22 -8 -20 -9 -24 -7 -17 -11 -23 -11 -20 -9 -19 1 -1 -8 -18 -13 -22 -13 -17 -12 -17 -11 -18 -11 -18 -12 -20 -13 -16 -11 -17 -14 -19 -16 -15 -13 -14 -13 -17 -13 -16 -16 -17 -17 -17 -17 -15 -15 -13 -15 -12 -17 -14 -16 -16 -17 -11 -18 -13 -18 -12 -16 -16 -13 -12 -1 -2 0 0 0 0 0 0 0 0 ]
CSI_DATA,AP,68:FE:71:12:53:8C,-39,11,1,6,1,1,1,0,0,0,0,-94,0,6,1,32491993,0,84,0,0,32.492,384,[84 -64 4 0 0 0 0 0 0 0 0 0 17 1 18 0 16 -1 22 3 21 2 16 6 18 7 17 5 21 6 17 5 21 8 18 7 22 10 22 8 16 11 18 8 17 7 17 6 16 9 16 11 16 9 19 10 15 8 18 8 21 12 17 8 0 2 17 10 17 9 17 9 20 6 16 8 18 7 19 5 18 8 18 6 16 3 18 3 15 7 19 4 19 3 20 4 20 5 21 3 18 3 20 2 20 2 17 5 19 4 21 1 20 2 18 0 16 1 0 -1 0 0 0 0 0 0 0 0 ]
CSI_DATA,AP,68:FE:71:12:53:8C,-41,11,1,6,1,1,1,0,0,0,0,-95,0,6,1,32619014,0,84,0,0,32.619,384,[84 -64 4 0 0 0 0 0 0 0 0 0 -17 -10 -18 -11 -18 -12 -20 -14 -21 -12 -19 -14 -17 -14 -18 -13 -17 -14 -13 -14 -17 -13 -15 -12 -14 -12 -15 -14 -15 -14 -16 -15 -13 -12 -13 -11 -14 -12 -13 -15 -11 -13 -12 -15 -11 -12 -16 -12 -15 -13 -12 -10 0 -1 -11 -9 -16 -13 -16 -12 -11 -9 -11 -11 -12 -10 -15 -12 -14 -9 -16 -8 -13 -10 -14 -10 -12 -8 -16 -5 -12 -7 -15 -7 -14 -6 -16 -7 -13 -6 -18 -5 -14 -5 -14 -4 -17 -4 -14 -3 -16 -5 -16 -3 -14 -5 -1 -2 0 0 0 0 0 0 0 0 ]
CSI_DATA,AP,68:FE:71:12:53:8C,-39,11,1,5,1,1,1,0,0,0,0,-96,0,6,1,32751448,0,84,0,0,32.751,384,[37 80 2 0 0 0 0 0 0 0 0 0 -32 -13 -30 -14 -31 -13 -31 -17 -26 -15 -29 -16 -25 -20 -26 -18 -26 -21 -24 -16 -27 -19 -27 -18 -25 -18 -24 -19 -23 -19 -24 -22 -24 -18 -22 -19 -23 -20 -23 -20 -19 -17 -21 -18 -18 -16 -22 -14 -23 -17 -23 -18 2 0 -21 -14 -21 -16 -23 -14 -24 -15 -24 -12 -25 -13 -24 -14 -21 -11 -22 -12 -21 -12 -23 -10 -23 -11 -27 -11 -26 -12 -25 -9 -25 -9 -25 -11 -27 -8 -24 -9 -23 -10 -25 -8 -23 -9 -26 -7 -26 -6 -23 -4 -24 -8 1 -2 0 0 0 0 0 0 0 0 ]
CSI_DATA,AP,68:FE:71:12:53:8C,-42,11,1,5,1,1,1,0,0,0,0,-96,0,6,1,32877585,0,84,0,0,32.878,384,[84 -64 4 0 0 0 0 0 0 0 0 0 17 9 18 8 19 12 21 13 16 8 18 10 17 9 18 9 14 13 17 9 12 12 13 11 16 13 16 15 14 15 13 14 15 16 11 13 13 14 10 12 13 14 11 11 12 11 9 10 11 9 11 12 1 -2 15 9 13 11 13 14 13 10 12 11 11 10 11 8 10 10 11 10 13 8 10 9 12 10 12 6 15 9 11 8 12 6 12 9 17 5 16 5 12 8 14 4 16 6 16 3 17 6 13 4 15 4 1 -2 0 0 0 0 0 0 0 0 ]
CSI_DATA,AP,68:FE:71:12:53:8C,-39,11,1,5,1,1,1,0,0,0,0,-96,0,6,1,33006719,0,84,0,0,33.007,384,[84 -64 4 0 0 0 0 0 0 0 0 0 -16 10 -20 8 -22 8 -18 7 -19 4 -20 3 -21 3 -21 3 -19 0 -17 3 -16 5 -16 0 -17 0 -19 0 -20 1 -19 3 -17 -1 -16 3 -18 -2 -17 0 -19 -2 -17 0 -15 2 -15 4 -15 0 -14 2 0 0 -14 4 -14 5 -16 1 -16 5 -15 5 -16 4 -16 2 -12 5 -12 1 -14 5 -14 4 -15 4 -14 4 -15 5 -15 4 -13 4 -14 6 -16 6 -17 8 -15 8 -15 7 -14 5 -14 5 -14 9 -14 10 -13 10 -2 0 0 0 0 0 0 0 0 0 ]
CSI_DATA,AP,68:FE:71:12:53:8C,-41,11,1,4,1,1,1,0,0,0,0,-93,0,6,1,33122939,0,84,0,0,33.123,384,[84 -64 4 0 0 0 0 0 0 0 0 0 -24 3 -20 5 -22 4 -24 0 -21 0 -22 0 -22 2 -20 -2 -22 -2 -20 0 -23 0 -23 -3 -22 0 -23 -2 -19 -1 -22 -2 -20 -2 -18 -2 -21 -3 -20 -1 -19 -5 -17 -2 -18 -4 -20 -5 -19 -2 -20 -2 0 -2 -16 -1 -17 -3 -20 1 -16 -1 -18 -2 -15 0 -18 1 -15 1 -16 1 -18 1 -19 1 -19 4 -17 2 -17 2 -17 2 -19 2 -17 1 -16 4 -17 5 -18 6 -17 2 -17 2 -19 3 -16 4 -17 6 -17 3 -1 1 0 0 0 0 0 0 0 0 ]
CSI_DATA,AP,68:FE:71:12:53:8C,-42,11,1,6,1,1,1,1,0,0,0,-95,5,6,1,33250401,0,84,0,0,33.25,384,[84 -64 4 0 0 0 0 0 0 0 0 0 36 11 35 10 36 13 37 18 36 14 34 18 35 15 31 18 31 20 29 18 30 23 29 22 31 24 29 23 30 21 33 21 28 19 28 20 29 22 28 18 29 20 27 19 25 21 26 19 28 22 26 20 2 1 26 20 25 17 27 19 28 17 29 19 27 14 27 17 28 15 28 14 25 11 28 11 25 16 29 12 29 11 27 11 31 9 30 9 31 7 29 10 27 7 30 9 29 10 33 7 33 8 31 11 31 7 2 2 0 0 0 0 0 0 0 0 ]
CSI_DATA,AP,68:FE:71:12:53:8C,-40,11,1,5,1,1,1,0,0,0,0,-94,0,6,1,33341934,0,84,0,0,33.342,384,[84 -64 4 0 0 0 0 0 0 0 0 0 -14 -12 -12 -16 -11 -15 -14 -17 -13 -14 -9 -16 -10 -17 -10 -15 -9 -15 -9 -15 -10 -14 -11 -16 -7 -14 -10 -17 -8 -16 -8 -17 -6 -15 -5 -12 -7 -17 -5 -13 -6 -14 -9 -17 -8 -13 -9 -15 -8 -14 -5 -16 2 1 -9 -12 -10 -12 -7 -15 -7 -10 -7 -11 -7 -11 -7 -13 -8 -10 -11 -13 -11 -13 -10 -14 -12 -12 -9 -13 -11 -12 -9 -10 -10 -9 -12 -11 -9 -10 -11 -9 -9 -11 -13 -9 -11 -8 -13 -9 -12 -9 -13 -11 -14 -8 -1 -1 0 0 0 0 0 0 0 0 ]
CSI_DATA,AP,68:FE:71:12:53:8C,-40,11,1,4,1,1,1,1,0,0,1,-95,1,6,1,33429547,0,84,0,0,33.43,384,[84 -64 4 0 0 0 0 0 0 0 0 0 -3 -19 -7 -21 -4 -22 -2 -21 -5 -21 -2 -22 -5 -22 0 -22 1 -20 0 -19 0 -21 2 -19 3 -20 1 -21 0 -18 1 -19 1 -20 1 -20 0 -18 1 -20 -1 -17 0 -16 3 -17 -2 -16 -1 -17 2 -19 1 1 2 -15 0 -17 1 -17 -2 -19 -3 -18 -3 -19 -1 -14 -3 -17 -4 -16 -5 -17 -2 -16 -3 -16 -1 -15 -5 -13 -6 -13 -3 -14 -5 -17 -5 -15 -6 -17 -6 -16 -6 -18 -5 -14 -6 -17 -5 -18 -4 -16 -7 -16 -1 0 0 0 0 0 0 0 0 0 ]
CSI_DATA,AP,68:FE:71:12:53:8C,-41,11,1,5,1,1,1,0,0,0,0,-93,0,6,1,33566496,0,84,0,0,33.566,384,[84 -64 4 0 0 0 0 0 0 0 0 0 12 15 14 14 15 13 11 16 10 15 11 16 11 18 10 15 12 18 7 15 11 17 9 18 7 16 8 16 9 19 9 16 6 15 6 15 5 17 8 19 7 15 6 15 8 14 6 16 9 14 6 16 -2 2 7 16 9 12 6 16 7 13 8 12 8 13 10 12 11 12 10 13 7 14 10 12 8 13 12 10 8 10 10 13 13 14 12 10 13 10 11 11 9 10 12 13 13 10 9 11 11 11 9 11 13 10 2 0 0 0 0 0 0 0 0 0 ]
CSI_DATA,AP,68:FE:71:12:53:8C,-39,11,1,4,1,1,1,0,0,0,0,-95,0,6,1,33674416,0,84,0,0,33.674,384,[84 -64 4 0 0 0 0 0 0 0 0 0 -6 -19 -9 -17 -5 -21 -7 -21 -6 -21 -7 -20 -6 -17 -3 -18 -5 -20 -4 -18 -3 -19 -2 -18 -1 -20 -3 -17 -1 -18 -4 -16 -1 -20 -3 -18 -1 -18 -3 -19 -3 -18 -2 -17 -1 -15 -3 -17 -2 -18 -3 -18 -2 0 -2 -15 -1 -16 -3 -14 -6 -17 -3 -15 -2 -13 -3 -15 -6 -14 -2 -13 -4 -14 -8 -14 -8 -12 -8 -12 -5 -16 -8 -12 -6 -16 -8 -16 -9 -14 -9 -16 -10 -14 -8 -16 -7 -12 -9 -15 -10 -15 -11 -14 -7 -14 -2 1 0 0 0 0 0 0 0 0 ]
CSI_DATA,AP,68:FE:71:12:53:8C,-41,11,1,5,1,1,1,0,0,0,0,-95,0,6,1,33757302,0,84,0,0,33.757,384,[84 -64 4 0 0 0 0 0 0 0 0 0 19 0 17 0 17 1 20 2 18 -1 19 3 16 4 19 4 18 4 16 3 17 4 17 5 15 4 18 3 16 3 14 3 17 6 15 3 16 6 14 2 14 6 17 2 12 1 13 4 16 4 14 3 -1 -2 15 4 13 0 12 -1 12 -1 13 -1 12 1 12 0 15 -1 14 3 13 -1 13 -2 14 2 16 -3 12 0 11 0 13 1 13 -1 14 -2 15 0 14 -1 15 -3 16 -2 16 -2 12 -3 15 -3 13 -1 2 -2 0 0 0 0 0 0 0 0 ]
CSI_DATA,AP,68:FE:71:12:53:8C,-38,11,1,6,1,1,1,0,0,0,0,-95,0,6,1,33854514,0,84,0,0,33.855,384,[84 -64 4 0 0 0 0 0 0 0 0 0 -1 -11 1 -10 1 -8 1 -11 3 -11 0 -9 3 -10 0 -9 4 -7 2 -11 3 -11 3 -10 1 -9 5 -11 2 -7 5 -11 2 -10 4 -7 4 -9 2 -7 5 -10 3 -9 1 -8 0 -6 2 -10 0 -9 2 -2 4 -10 3 -6 0 -7 2 -6 1 -7 1 -9 0 -8 -1 -9 0 -6 -1 -8 -2 -9 -2 -7 2 -7 -1 -7 0 -10 2 -9 -1 -9 -2 -6 0 -10 -1 -7 -2 -8 0 -7 1 -9 -3 -7 0 -6 -1 -8 0 0 0 0 0 0 0 0 0 0 ]
CSI_DATA,AP,68:FE:71:12:53:8C,-40,11,1,6,1,1,1,0,0,0,0,-94,0,6,1,33959866,0,84,0,0,33.96,384,[84 -64 4 0 0 0 0 0 0 0 0 0 -10 -1 -9 2 -8 -2 -13 -2 -8 0 -11 -3 -7 -2 -10 1 -11 -2 -8 -1 -12 -2 -11 -4 -8 -2 -8 -2 -8 -1 -9 -3 -7 -2 -7 0 -9 0 -10 0 -7 -4 -7 -4 -8 -3 -10 -3 -6 -1 -6 1 1 -1 -7 1 -10 1 -9 -2 -8 1 -8 -1 -7 -3 -10 -3 -6 1 -7 -3 -10 2 -10 -1 -8 2 -9 -2 -10 0 -9 1 -10 -1 -8 -1 -10 -1 -10 1 -10 2 -8 3 -8 2 -9 1 -10 2 -8 3 -7 2 0 1 0 0 0 0 0 0 0 0 ]
CSI_DATA,AP,68:FE:71:12:53:8C,-39,11,1,6,1,1,1,0,0,0,0,-95,0,6,1,34058417,0,84,0,0,34.058,384,[84 -64 4 0 0 0 0 0 0 0 0 0 -13 12 -17 13 -17 11 -16 14 -14 14 -16 13 -15 13 -18 10 -19 12 -16 8 -19 10 -15 11 -16 9 -17 10 -18 7 -17 8 -17 8 -18 8 -18 9 -18 6 -15 5 -14 6 -13 9 -15 5 -17 10 -15 5 0 0 -15 7 -12 9 -13 8 -16 11 -14 6 -13 9 -13 11 -15 10 -13 8 -10 7 -10 8 -11 9 -13 10 -11 9 -10 13 -11 10 -14 10 -12 13 -11 10 -8 11 -11 14 -10 13 -12 14 -7 13 -7 11 -8 12 0 0 0 0 0 0 0 0 0 0 ]
CSI_DATA,AP,68:FE:71:12:53:8C,-41,11,1,5,1,1,1,0,0,0,0,-96,0,6,1,34151531,0,84,0,0,34.152,384,[84 -64 4 0 0 0 0 0 0 0 0 0 18 6 16 6 16 6 18 7 17 7 14 9 17 8 12 9 13 7 16 9 13 9 16 8 16 7 13 9 12 7 13 7 13 10 11 8 12 7 11 10 11 8 10 7 13 6 11 5 11 8 14 9 -1 1 11 8 10 9 13 6 9 7 11 6 14 3 11 4 14 5 11 7 11 6 11 5 14 5 13 3 13 5 13 1 12 5 11 4 13 3 12 3 14 1 12 2 11 2 15 3 12 0 14 0 14 4 0 0 0 0 0 0 0 0 0 0 ]
CSI_DATA,AP,68:FE:71:12:53:8C,-36,11,1,6,1,1,1,1,0,0,0,-93,1,6,1,34261942,0,82,0,0,34.262,384,[84 -64 4 0 0 0 0 0 0 0 0 0 -8 -17 -3 -18 -3 -19 -5 -19 -3 -15 -3 -17 -1 -17 -4 -18 0 -14 -2 -16 0 -16 1 -18 -2 -18 -3 -16 -2 -14 -1 -16 1 -18 -1 -15 0 -17 -1 -13 2 -13 -1 -13 -1 -16 -1 -16 -1 -15 1 -15 -2 -2 -2 -16 -2 -12 0 -13 -1 -12 -1 -12 -3 -15 -1 -13 -4 -14 -3 -13 -6 -12 -2 -15 -3 -13 -2 -15 -4 -15 -4 -14 -4 -12 -6 -12 -5 -15 -5 -13 -7 -10 -7 -10 -7 -15 -8 -15 -6 -12 -7 -13 -5 -10 -1 0 0 0 0 0 0 0 0 0 ]
CSI_DATA,AP,68:FE:71:12:53:8C,-39,11,1,6,1,1,1,1,0,0,0,-94,3,6,1,34349295,0,84,0,0,34.349,384,[84 -64 4 0 0 0 0 0 0 0 0 0 10 -17 10 -16 12 -18 10 -15 10 -15 12 -17 12 -17 12 -12 12 -16 11 -13 12 -15 15 -13 16 -15 11 -14 16 -13 16 -10 11 -12 12 -14 11 -9 15 -10 11 -12 14 -10 11 -9 12 -13 13 -11 11 -14 1 1 10 -12 9 -11 11 -9 9 -12 10 -9 13 -11 10 -12 8 -13 7 -12 9 -11 10 -15 7 -12 8 -13 6 -11 7 -16 9 -14 11 -15 7 -16 8 -12 6 -13 10 -15 7 -16 5 -14 5 -13 5 -15 7 -16 0 0 0 0 0 0 0 0 0 0 ]
CSI_DATA,AP,68:FE:71:12:53:8C,-37,11,1,6,1,1,1,0,0,0,0,-94,0,6,1,34459133,0,84,0,0,34.459,384,[84 -64 4 0 0 0 0 0 0 0 0 0 -22 28 -22 30 -26 31 -27 29 -27 26 -26 27 -27 26 -29 25 -29 25 -29 26 -30 21 -29 24 -27 20 -29 20 -31 22 -28 18 -29 20 -29 20 -28 17 -28 21 -27 17 -26 19 -24 17 -26 18 -26 21 -23 21 -1 0 -23 19 -26 18 -25 18 -25 18 -26 22 -22 21 -24 19 -19 23 -21 19 -20 20 -21 24 -17 21 -19 22 -19 23 -21 22 -16 22 -17 24 -17 27 -15 23 -18 27 -15 26 -15 25 -15 27 -13 30 -14 27 -12 25 2 0 0 0 0 0 0 0 0 0 ]
CSI_DATA,AP,68:FE:71:12:53:8C,-41,11,1,5,1,1,1,0,0,0,0,-95,0,6,1,34584331,0,84,0,0,34.584,384,[84 -64 4 0 0 0 0 0 0 0 0 0 -20 8 -18 9 -19 11 -18 6 -18 8 -17 6 -18 4 -17 7 -18 5 -20 3 -21 5 -20 4 -19 4 -18 5 -17 4 -21 4 -16 5 -15 1 -18 2 -17 5 -17 5 -17 2 -18 5 -16 3 -17 3 -14 1 2 2 -14 5 -15 4 -18 5 -14 6 -17 7 -17 7 -17 7 -16 3 -16 6 -13 6 -13 4 -12 5 -16 5 -16 6 -12 7 -16 6 -14 6 -13 10 -13 10 -14 9 -12 10 -11 11 -11 10 -13 8 -14 11 -13 9 -1 0 0 0 0 0 0 0 0 0 ]
CSI_DATA,AP,68:FE:71:12:53:8C,-44,11,1,3,1,1,1,0,0,0,0,-95,0,6,1,34714949,0,84,0,0,34.715,384,[84 -64 4 0 0 0 0 0 0 0 0 0 -4 21 -4 19 -7 19 -9 19 -8 17 -10 17 -9 17 -9 15 -8 15 -10 16 -9 17 -8 15 -9 19 -8 18 -9 14 -10 16 -10 18 -8 16 -10 13 -9 15 -9 14 -8 13 -12 16 -10 13 -7 14 -8 14 1 0 -10 12 -7 17 -9 16 -5 13 -8 14 -9 14 -8 16 -5 14 -3 13 -6 15 -6 14 -5 16 -4 18 -6 16 -3 17 -3 17 -4 15 -1 16 -4 15 -5 17 -5 16 0 14 -1 17 -1 14 -2 14 -2 17 2 -1 0 0 0 0 0 0 0 0 ]
CSI_DATA,AP,68:FE:71:12:53:8C,-41,11,1,6,1,1,1,0,0,0,1,-96,0,6,1,34864021,0,84,0,0,34.864,384,[84 -64 4 0 0 0 0 0 0 0 0 0 -19 -3 -19 -7 -19 -5 -21 -9 -18 -8 -17 -6 -21 -10 -20 -10 -17 -11 -18 -10 -19 -11 -19 -8 -17 -8 -19 -10 -18 -13 -18 -12 -18 -9 -15 -9 -18 -11 -15 -13 -17 -12 -16 -9 -12 -10 -13 -10 -15 -9 -18 -10 1 0 -15 -7 -13 -9 -16 -8 -17 -8 -13 -7 -17 -6 -15 -9 -17 -7 -17 -6 -16 -4 -17 -4 -16 -3 -18 -6 -17 -7 -16 -7 -19 -5 -19 -7 -18 -3 -19 -3 -17 -4 -15 -7 -18 -3 -19 -6 -17 -3 -17 -3 -18 -2 -1 0 0 0 0 0 0 0 0 0 ]
CSI_DATA,AP,68:FE:71:12:53:8C,-39,11,1,6,1,1,1,0,0,0,0,-96,0,6,1,34960206,0,84,0,0,34.96,384,[84 -64 4 0 0 0 0 0 0 0 0 0 -16 -15 -15 -12 -16 -13 -19 -17 -16 -15 -14 -16 -14 -14 -12 -17 -15 -14 -11 -17 -14 -15 -11 -18 -11 -15 -11 -14 -13 -16 -10 -19 -9 -15 -10 -17 -13 -17 -9 -15 -11 -16 -9 -13 -9 -14 -11 -13 -13 -14 -9 -16 2 -1 -13 -13 -13 -13 -13 -12 -12 -12 -12 -11 -11 -16 -14 -14 -12 -13 -11 -12 -15 -8 -14 -12 -15 -9 -14 -11 -13 -10 -13 -9 -14 -11 -15 -12 -14 -9 -12 -11 -12 -8 -14 -9 -13 -11 -14 -9 -18 -8 -13 -6 -16 -6 2 1 0 0 0 0 0 0 0 0 ]
CSI_DATA,AP,68:FE:71:12:53:8C,-40,11,1,5,1,1,1,0,0,0,0,-94,0,6,1,35069546,0,84,0,0,35.07,384,[84 -64 4 0 0 0 0 0 0 0 0 0 -14 19 -12 15 -12 16 -17 19 -14 17 -16 15 -14 15 -18 12 -14 12 -14 13 -16 15 -15 16 -15 12 -19 13 -17 13 -20 13 -17 13 -17 10 -15 11 -14 11 -17 12 -18 9 -12 7 -16 13 -14 10 -13 9 1 0 -15 11 -15 11 -15 12 -12 11 -15 13 -13 14 -11 10 -13 12 -13 11 -10 10 -14 15 -12 12 -11 12 -11 13 -10 15 -9 12 -12 14 -8 15 -12 15 -7 16 -8 16 -11 14 -8 13 -9 17 -10 16 -9 16 -2 2 0 0 0 0 0 0 0 0 ]
CSI_DATA,AP,68:FE:71:12:53:8C,-41,11,1,6,1,1,1,1,0,0,0,-94,4,6,1,35170455,0,84,0,0,35.17,384,[84 -64 4 0 0 0 0 0 0 0 0 0 22 5 20 8 19 9 22 8 20 10 17 7 20 10 18 13 16 11 18 11 17 12 16 11 18 12 18 14 15 10 18 11 17 12 15 12 14 11 14 9 14 10 14 12 15 9 17 10 13 11 15 11 2 1 16 11 14 10 18 7 14 8 16 7 16 6 16 8 14 9 16 7 14 4 17 8 13 4 17 6 18 5 14 4 16 5 19 3 17 4 18 5 15 4 18 5 15 6 17 4 17 4 19 1 18 4 -2 2 0 0 0 0 0 0 0 0 ]
CSI_DATA,AP,68:FE:71:12:53:8C,-42,11,1,6,1,1,1,0,0,0,0,-94,0,6,1,35258840,0,84,0,0,35.259,384,[84 -64 4 0 0 0 0 0 0 0 0 0 5 -22 8 -19 8 -21 6 -21 10 -22 6 -18 9 -18 11 -20 7 -19 10 -20 8 -18 9 -19 11 -19 11 -18 12 -17 12 -19 10 -16 8 -16 7 -15 9 -17 8 -13 10 -17 9 -14 11 -18 11 -18 8 -16 -1 -1 9 -15 6 -16 8 -17 8 -16 7 -18 8 -15 5 -15 5 -17 6 -15 6 -17 3 -17 4 -17 5 -17 2 -16 5 -16 2 -17 4 -18 2 -18 2 -17 2 -18 5 -19 1 -16 2 -16 2 -17 3 -15 -2 -16 1 1 0 0 0 0 0 0 0 0 ]
CSI_DATA,AP,68:FE:71:12:53:8C,-41,11,1,5,1,1,1,0,0,0,0,-94,0,6,1,35339116,0,84,0,0,35.339,384,[84 -64 4 0 0 0 0 0 0 0 0 0 -18 7 -22 6 -21 8 -24 4 -22 6 -19 4 -22 5 -18 4 -23 2 -20 1 -21 2 -22 4 -21 2 -21 3 -23 1 -23 1 -22 -1 -17 -1 -21 -2 -18 -2 -17 -1 -18 0 -18 -1 -20 2 -19 2 -20 2 2 2 -20 2 -17 0 -17 3 -17 0 -17 2 -16 1 -18 4 -19 2 -17 1 -16 2 -18 6 -16 3 -18 3 -16 5 -15 6 -19 6 -20 4 -16 9 -16 5 -17 7 -19 5 -19 6 -16 6 -17 8 -16 6 -18 9 0 -1 0 0 0 0 0 0 0 0 ]
CSI_DATA,AP,68:FE:71:12:53:8C,-38,11,1,7,1,1,1,0,0,0,0,-95,0,6,1,35452451,0,84,0,0,35.452,384,[84 -64 4 0 0 0 0 0 0 0 0 0 -13 15 -15 16 -16 17 -18 18 -17 15 -16 15 -14 12 -15 14 -14 11 -17 10 -16 10 -19 11 -17 12 -17 11 -19 11 -17 10 -15 11 -14 9 -17 11 -17 10 -18 9 -16 10 -17 11 -15 11 -19 9 -14 10 2 -2 -16 8 -14 11 -16 10 -15 14 -16 12 -15 12 -12 12 -11 12 -12 13 -14 14 -13 13 -10 10 -12 14 -12 15 -9 12 -12 16 -10 14 -9 13 -10 14 -9 12 -8 16 -8 15 -10 17 -9 16 -8 16 -9 12 -1 -1 0 0 0 0 0 0 0 0 ]
CSI_DATA,AP,68:FE:71:12:53:8C,-37,11,1,5,1,1,1,0,0,0,1,-94,0,6,1,35544256,0,84,0,0,35.544,384,[84 -64 4 0 0 0 0 0 0 0 0 0 13 -18 11 -16 15 -17 17 -19 14 -14 15 -12 17 -14 15 -11 14 -14 13 -14 15 -12 18 -14 16 -11 18 -11 15 -10 17 -10 15 -10 16 -8 15 -8 16 -11 14 -12 15 -9 12 -9 15 -11 15 -12 16 -10 0 1 14 -11 12 -11 12 -10 14 -11 11 -11 14 -11 13 -10 10 -11 12 -13 10 -12 12 -10 10 -13 9 -10 9 -11 11 -13 12 -15 10 -12 9 -11 10 -13 8 -11 12 -15 8 -13 6 -13 8 -14 10 -15 7 -15 -2 -2 0 0 0 0 0 0 0 0 ]
CSI_DATA,AP,68:FE:71:12:53:8C,-40,11,1,6,1,1,1,0,0,0,0,-95,0,6,1,35653545,0,84,0,0,35.654,384,[84 -64 4 0 0 0 0 0 0 0 0 0 -20 -10 -19 -6 -19 -6 -18 -8 -21 -10 -17 -10 -19 -10 -16 -9 -17 -11 -16 -11 -19 -12 -19 -12 -16 -14 -17 -11 -14 -13 -15 -13 -14 -12 -14 -10 -17 -9 -13 -10 -15 -10 -17 -12 -11 -10 -12 -9 -14 -11 -17 -12 -1 -2 -17 -7 -18 -8 -15 -10 -18 -9 -16 -6 -14 -8 -14 -6 -16 -8 -17 -4 -18 -8 -16 -5 -17 -8 -17 -3 -13 -3 -15 -3 -14 -3 -15 -3 -15 -4 -16 -1 -18 -4 -16 -3 -17 -3 -15 -2 -16 -3 -14 0 -16 0 1 1 0 0 0 0 0 0 0 0 ]
CSI_DATA,AP,68:FE:71:12:53:8C,-38,11,1,7,1,1,1,0,0,0,0,-94,0,6,1,35749398,0,84,0,0,35.749,384,[84 -64 4 0 0 0 0 0 0 0 0 0 11 13 13 13 11 15 12 15 10 15 11 15 10 15 9 15 10 16 7 19 10 20 9 16 9 18 9 20 7 19 5 18 8 18 7 16 5 18 4 17 7 17 7 15 6 12 8 16 6 17 8 18 2 -2 6 17 7 15 5 14 7 16 8 17 9 14 5 17 5 11 10 15 6 13 7 14 7 12 10 14 6 15 8 14 8 14 7 15 9 12 11 14 11 10 12 13 11 13 9 11 13 11 9 13 11 13 -1 1 0 0 0 0 0 0 0 0 ]
CSI_DATA,AP,68:FE:71:12:53:8C,-39,11,1,5,1,1,1,1,0,0,0,-94,3,6,1,35824218,0,84,0,0,35.824,384,[84 -64 4 0 0 0 0 0 0 0 0 0 16 11 17 10 19 12 18 11 20 10 16 9 16 11 17 13 14 12 17 13 17 11 14 13 17 15 14 13 12 15 15 14 11 15 15 11 14 11 13 11 13 12 13 14 9 13 10 13 14 15 12 13 -1 0 12 9 13 10 11 9 15 11 10 8 12 12 13 9 14 11 15 9 16 7 15 7 13 10 17 8 15 10 15 5 15 6 16 8 16 6 16 5 17 7 15 5 14 8 18 4 16 4 17 7 15 5 1 2 0 0 0 0 0 0 0 0 ]
CSI_DATA,AP,68:FE:71:12:53:8C,-38,11,1,6,1,1,1,1,0,0,0,-96,2,6,1,35978094,0,84,0,0,35.978,384,[84 -64 4 0 0 0 0 0 0 0 0 0 -20 8 -21 5 -20 11 -22 6 -22 9 -21 6 -20 4 -21 3 -20 4 -19 3 -22 5 -21 1 -20 2 -20 3 -18 2 -21 3 -17 4 -17 1 -18 4 -18 2 -17 0 -18 4 -18 1 -18 3 -18 2 -20 3 -1 -2 -15 2 -18 4 -18 1 -18 4 -15 3 -17 4 -18 2 -15 7 -15 6 -14 7 -17 8 -13 6 -13 6 -16 5 -14 9 -14 8 -17 8 -15 7 -15 9 -14 6 -14 8 -17 11 -17 9 -15 11 -17 9 -14 6 2 2 0 0 0 0 0 0 0 0 ]
CSI_DATA,AP,68:FE:71:12:53:8C,-39,11,1,4,1,1,1,0,0,0,0,-93,0,6,1,36069391,0,84,0,0,36.069,384,[84 -64 4 0 0 0 0 0 0 0 0 0 19 -5 19 -7 19 -7 23 -6 21 -3 20 0 23 0 19 0 22 -1 18 -3 20 -4 23 -1 19 0 18 1 18 0 19 2 18 1 16 2 18 -2 16 0 18 -1 20 1 16 2 19 2 18 -1 19 0 2 1 18 1 15 -3 18 -1 15 -1 19 1 18 0 18 0 18 -2 17 -2 16 -5 19 -6 16 -3 18 -7 15 -6 15 -7 15 -6 18 -8 14 -8 18 -4 14 -5 16 -6 16 -8 16 -7 17 -9 16 -9 16 -7 -1 -1 0 0 0 0 0 0 0 0 ]
CSI_DATA,AP,68:FE:71:12:53:8C,-43,11,1,5,1,1,1,1,0,0,0,-95,3,6,1,36206448,0,84,0,0,36.206,384,[84 -64 4 0 0 0 0 0 0 0 0 0 9 -20 8 -20 10 -16 13 -19 11 -18 12 -17 12 -16 10 -14 13 -18 12 -14 15 -17 12 -18 12 -16 14 -13 14 -12 16 -17 15 -15 14 -13 11 -12 11 -15 15 -11 12 -15 14 -12 11 -14 14 -15 13 -12 1 -1 11 -11 10 -13 10 -12 11 -15 12 -12 9 -14 8 -15 8 -14 7 -15 6 -15 7 -15 7 -13 7 -17 10 -14 7 -16 8 -14 8 -16 8 -14 6 -17 4 -17 5 -13 5 -15 3 -15 5 -17 7 -17 5 -18 1 2 0 0 0 0 0 0 0 0 ]
CSI_DATA,AP,68:FE:71:12:53:8C,-39,11,1,6,1,1,1,1,0,0,0,-93,3,6,1,36312720,0,84,0,0,36.313,384,[84 -64 4 0 0 0 0 0 0 0 0 0 10 -19 10 -17 9 -17 12 -20 11 -19 13 -15 13 -15 13 -14 12 -16 10 -14 13 -15 14 -14 15 -17 14 -16 15 -15 12 -15 11 -12 11 -13 13 -15 10 -12 10 -10 10 -13 11 -12 13 -15 14 -14 12 -13 0 0 11 -13 9 -15 10 -14 10 -16 10 -14 9 -15 8 -11 8 -11 8 -12 6 -15 6 -12 6 -14 6 -12 7 -13 9 -14 9 -17 9 -15 6 -14 8 -15 5 -14 10 -14 9 -15 4 -15 4 -16 6 -17 3 -15 0 1 0 0 0 0 0 0 0 0 ]
CSI_DATA,AP,68:FE:71:12:53:8C,-37,11,0,0,0,0,0,0,0,0,0,-94,0,6,1,36441724,0,37,0,0,36.442,128,[84 -64 4 0 0 0 0 0 0 0 0 0 -13 -16 -13 -19 -14 -16 -15 -19 -11 -19 -11 -19 -7 -18 -7 -21 -7 -20 -8 -19 -9 -18 -9 -19 -8 -19 -9 -19 -8 -18 -7 -22 -7 -17 -4 -15 -8 -21 -7 -19 -7 -18 -8 -16 -6 -17 -7 -16 -6 -17 -8 -17 2 1 -8 -15 -5 -15 -9 -15 -10 -16 -7 -17 -10 -18 -5 -16 -6 -17 -10 -15 -9 -12 -10 -13 -11 -12 -8 -13 -10 -13 -10 -14 -12 -13 -12 -16 -13 -15 -11 -12 -9 -14 -13 -14 -9 -13 -14 -13 -13 -14 -10 -12 -10 -12 -1 2 0 0 0 0 0 0 0 0 ]
CSI_DATA,AP,68:FE:71:12:53:8C,-44,11,1,3,1,1,1,0,0,0,0,-93,0,6,1,36556582,0,84,0,0,36.557,384,[84 -64 4 0 0 0 0 0 0 0 0 0 -14 -16 -15 -15 -14 -18 -13 -19 -15 -16 -13 -15 -11 -19 -11 -16 -9 -19 -10 -20 -9 -20 -10 -16 -9 -20 -9 -18 -8 -17 -7 -19 -6 -17 -6 -16 -7 -17 -7 -17 -8 -16 -9 -19 -8 -16 -8 -19 -7 -16 -6 -14 1 0 -9 -17 -11 -15 -7 -16 -10 -14 -7 -16 -7 -18 -9 -17 -7 -16 -10 -14 -9 -12 -9 -12 -9 -11 -9 -13 -11 -15 -9 -14 -11 -12 -11 -11 -10 -14 -10 -10 -10 -11 -11 -11 -14 -10 -12 -14 -14 -11 -11 -11 -14 -13 1 -2 0 0 0 0 0 0 0 0 ]
CSI_DATA,AP,68:FE:71:12:53:8C,-38,11,1,5,1,1,1,0,0,0,0,-96,0,6,1,36661432,0,84,0,0,36.661,384,[84 -64 4 0 0 0 0 0 0 0 0 0 -18 2 -17 3 -20 6 -20 1 -21 4 -17 1 -21 1 -19 1 -20 -2 -17 -1 -22 -1 -20 -1 -20 -1 -18 1 -18 0 -17 -2 -17 -1 -16 -1 -18 -3 -20 -3 -16 -1 -18 -1 -14 -4 -15 -4 -17 -4 -19 -3 2 -2 -19 -3 -19 1 -16 2 -17 1 -15 2 -16 0 -15 -1 -16 -1 -16 0 -16 3 -18 4 -16 0 -14 0 -13 5 -17 3 -18 1 -18 2 -13 2 -13 1 -13 3 -17 4 -15 5 -15 3 -17 3 -14 4 -14 6 1 0 0 0 0 0 0 0 0 0 ]
CSI_DATA,AP,68:FE:71:12:53:8C,-37,11,1,6,1,1,1,0,0,0,0,-96,0,6,1,36741839,0,84,0,0,36.742,384,[84 -64 4 0 0 0 0 0 0 0 0 0 7 -19 4 -19 8 -19 9 -17 7 -20 9 -15 7 -15 9 -14 7 -15 10 -16 10 -17 13 -18 12 -14 8 -14 8 -12 8 -15 11 -15 9 -14 9 -15 11 -13 10 -11 11 -14 8 -11 10 -15 11 -14 10 -12 2 2 8 -14 8 -13 7 -16 7 -14 8 -15 8 -13 7 -14 7 -13 9 -13 7 -15 6 -14 4 -15 6 -16 5 -14 3 -14 4 -13 4 -16 2 -15 4 -16 4 -16 4 -17 1 -15 3 -14 4 -13 5 -16 5 -16 -1 -2 0 0 0 0 0 0 0 0 ]
CSI_DATA,AP,68:FE:71:12:53:8C,-42,11,1,4,1,1,1,0,0,0,0,-95,0,6,1,36857054,0,84,0,0,36.857,384,[84 -64 4 0 0 0 0 0 0 0 0 0 -20 6 -18 7 -19 8 -20 5 -20 5 -16 2 -18 3 -16 4 -18 5 -18 1 -19 4 -18 5 -22 4 -17 1 -17 1 -19 3 -20 1 -17 2 -19 -1 -16 -1 -15 1 -19 -1 -14 -2 -19 3 -16 2 -14 0 -1 -1 -17 2 -17 5 -17 3 -16 5 -13 2 -14 1 -18 5 -13 2 -14 3 -14 6 -17 4 -16 5 -16 5 -12 5 -16 6 -13 6 -17 8 -15 6 -16 8 -15 6 -16 4 -13 8 -13 5 -13 9 -11 7 -14 10 -1 -2 0 0 0 0 0 0 0 0 ]
CSI_DATA,AP,68:FE:71:12:53:8C,-43,11,1,5,1,1,1,0,0,0,0,-95,0,6,1,36981623,0,84,0,0,36.982,384,[84 -64 4 0 0 0 0 0 0 0 0 0 -12 -19 -11 -17 -14 -18 -14 -21 -11 -19 -10 -20 -8 -17 -7 -19 -10 -20 -11 -17 -8 -21 -9 -18 -11 -21 -8 -21 -6 -21 -8 -18 -9 -20 -6 -17 -7 -20 -7 -16 -9 -17 -7 -16 -6 -18 -8 -20 -11 -19 -8 -19 0 -2 -10 -17 -8 -17 -9 -16 -8 -12 -10 -14 -9 -17 -8 -15 -8 -15 -12 -15 -11 -14 -11 -14 -12 -13 -11 -15 -13 -13 -10 -15 -14 -16 -15 -11 -15 -11 -12 -15 -15 -10 -15 -13 -12 -11 -12 -13 -17 -12 -12 -12 -16 -8 1 -2 0 0 0 0 0 0 0 0 ]
CSI_DATA,AP,68:FE:71:12:53:8C,-43,11,1,5,1,1,1,0,0,0,0,-96,0,6,1,37099135,0,84,0,0,37.099,384,[84 -64 4 0 0 0 0 0 0 0 0 0 22 -3 19 -1 22 -2 24 -1 22 -2 21 2 21 2 21 0 18 0 18 0 20 1 20 2 20 4 17 1 20 -1 19 4 20 0 15 0 17 3 18 0 16 3 16 2 13 1 15 -1 17 -1 18 1 2 -2 13 -3 18 -1 15 0 16 -2 13 -1 17 -2 14 -4 14 -2 13 -3 12 -4 13 -4 15 -1 13 -1 15 -5 16 -3 16 -3 15 -7 15 -7 16 -3 14 -8 13 -4 12 -8 13 -7 17 -7 14 -5 13 -7 -1 2 0 0 0 0 0 0 0 0 ]
CSI_DATA,AP,68:FE:71:12:53:8C,-42,11,1,4,1,1,1,1,0,0,1,-95,1,6,1,37207629,0,84,0,0,37.208,384,[84 -64 4 0 0 0 0 0 0 0 0 0 -4 -11 -2 -7 -3 -12 -5 -13 -2 -8 -4 -10 -3 -8 -3 -11 -3 -9 0 -12 -1 -13 -1 -11 -2 -12 0 -9 -3 -12 -4 -11 -2 -8 -3 -11 -3 -10 0 -9 -1 -9 -3 -8 1 -8 -4 -7 -3 -10 -3 -8 2 0 -1 -8 -3 -9 0 -11 -2 -7 -3 -6 -3 -9 -2 -7 -5 -10 -1 -9 -5 -9 -5 -6 -3 -6 -3 -6 -3 -9 -4 -9 -5 -10 -6 -8 -4 -6 -3 -7 -6 -9 -7 -6 -4 -6 -6 -5 -5 -7 -5 -9 -7 -7 2 0 0 0 0 0 0 0 0 0 ]
CSI_DATA,AP,68:FE:71:12:53:8C,-38,11,1,6,1,1,1,0,0,0,0,-94,0,6,1,37321828,0,84,0,0,37.322,384,[84 -64 4 0 0 0 0 0 0 0 0 0 33 2 32 0 33 3 35 3 32 2 31 5 33 5 32 6 33 8 30 10 30 8 30 10 31 13 30 7 27 9 30 12 28 7 29 8 29 7 29 12 25 10 26 11 24 8 29 9 26 8 27 7 -2 2 28 7 26 6 26 7 25 6 24 6 25 6 27 7 28 5 26 3 24 1 27 0 28 1 27 0 27 1 25 1 25 -3 30 -2 25 -3 25 0 28 -1 29 -2 27 -4 29 -5 28 -5 25 -2 28 -4 -1 2 0 0 0 0 0 0 0 0 ]
CSI_DATA,AP,68:FE:71:12:53:8C,-42,11,1,5,1,1,1,1,0,0,0,-96,5,6,1,37420242,0,84,0,0,37.42,384,[84 -64 4 0 0 0 0 0 0 0 0 0 2 -11 3 -9 3 -10 1 -7 1 -10 2 -9 5 -9 2 -9 4 -9 4 -6 4 -9 5 -7 7 -6 6 -7 4 -6 3 -9 5 -6 6 -5 4 -8 7 -5 4 -6 4 -7 3 -8 5 -5 7 -6 4 -4 2 1 2 -5 5 -9 2 -7 4 -8 2 -6 6 -6 6 -5 5 -6 2 -6 1 -8 1 -9 4 -7 2 -10 2 -7 3 -6 1 -7 5 -7 4 -6 3 -7 0 -10 0 -7 4 -6 0 -10 1 -9 2 -7 0 -6 -1 1 0 0 0 0 0 0 0 0 ]
CSI_DATA,AP,68:FE:71:12:53:8C,-44,11,1,5,1,1,1,0,0,0,0,-94,0,6,1,37532054,0,84,0,0,37.532,384,[84 -64 4 0 0 0 0 0 0 0 0 0 -2 -18 1 -21 3 -18 0 -20 3 -22 2 -18 1 -17 4 -20 4 -17 6 -19 7 -18 6 -17 6 -18 5 -16 4 -15 3 -16 6 -17 5 -17 6 -18 7 -14 4 -17 6 -18 6 -13 6 -14 7 -17 7 -17 1 2 5 -16 3 -17 4 -15 2 -15 3 -13 5 -18 4 -14 4 -17 -1 -14 3 -15 2 -17 2 -16 -1 -16 2 -17 3 -17 0 -13 0 -17 -1 -15 0 -16 0 -16 -1 -15 -4 -13 -1 -16 -1 -14 -3 -17 -4 -16 -1 0 0 0 0 0 0 0 0 0 ]
CSI_DATA,AP,68:FE:71:12:53:8C,-40,11,1,4,1,1,1,0,0,0,0,-95,0,6,1,37638937,0,84,0,0,37.639,384,[84 -64 4 0 0 0 0 0 0 0 0 0 1 17 0 16 -3 19 -2 17 -4 17 -7 15 -6 18 -3 14 -4 16 -5 14 -7 18 -3 14 -4 16 -5 11 -5 12 -8 14 -3 11 -4 11 -4 10 -7 9 -3 13 -4 12 -5 11 -4 12 -5 10 -5 9 0 1 -3 9 -2 9 -1 12 1 12 0 10 -1 9 0 11 -3 10 -1 12 1 10 0 11 3 11 4 11 3 9 0 10 4 13 2 9 4 11 3 12 1 11 4 13 3 9 4 9 6 9 5 10 5 11 1 2 0 0 0 0 0 0 0 0 ]
CSI_DATA,AP,68:FE:71:12:53:8C,-45,11,1,3,1,1,1,0,0,0,0,-94,0,6,1,37757960,0,84,0,0,37.758,384,[84 -64 4 0 0 0 0 0 0 0 0 0 7 -26 9 -26 10 -25 10 -25 12 -21 14 -23 14 -21 14 -21 14 -17 11 -19 10 -18 13 -18 11 -18 11 -17 11 -13 9 -14 10 -15 10 -11 9 -13 9 -12 10 -14 10 -15 7 -12 7 -13 8 -15 5 -13 2 1 4 -13 3 -15 3 -14 2 -12 1 -13 4 -14 2 -15 2 -16 1 -13 -2 -12 -3 -16 -1 -12 -3 -14 -4 -14 -3 -12 -1 -14 -2 -12 -4 -15 -1 -13 -4 -14 -3 -15 -4 -15 -8 -15 -9 -16 -4 -12 -9 -14 2 -2 0 0 0 0 0 0 0 0 ]
CSI_DATA,AP,68:FE:71:12:53:8C,-41,11,1,5,1,1,1,0,0,0,0,-95,0,6,1,37880775,0,84,0,0,37.881,384,[84 -64 4 0 0 0 0 0 0 0 0 0 -39 -11 -34 -11 -36 -11 -34 -11 -32 -13 -32 -17 -29 -14 -26 -13 -30 -16 -25 -14 -25 -17 -28 -16 -25 -15 -24 -14 -20 -15 -23 -15 -23 -12 -18 -9 -19 -14 -20 -13 -19 -12 -18 -13 -17 -9 -15 -7 -18 -10 -18 -7 -2 2 -16 -5 -16 -6 -18 -6 -15 -1 -15 -2 -16 -4 -15 -1 -13 0 -13 -2 -17 1 -16 1 -17 3 -15 -1 -14 2 -14 3 -16 1 -15 5 -12 5 -15 2 -13 3 -15 5 -14 7 -12 7 -12 7 -13 8 -11 7 -2 2 0 0 0 0 0 0 0 0 ]
CSI_DATA,AP,68:FE:71:12:53:8C,-41,11,1,5,1,1,1,0,0,0,0,-95,0,6,1,37986316,0,82,0,0,37.986,384,[84 -64 4 0 0 0 0 0 0 0 0 0 15 -12 17 -9 18 -11 19 -11 20 -11 20 -10 18 -8 18 -7 17 -5 15 -5 18 -5 20 -6 19 -7 15 -6 16 -6 15 -6 15 -3 14 -3 17 -3 14 -5 14 -4 16 -7 11 -5 14 -6 16 -6 15 -5 0 2 16 -7 12 -4 17 -9 13 -7 11 -6 14 -8 12 -6 10 -7 12 -10 13 -6 10 -10 11 -8 12 -9 12 -10 9 -9 12 -9 14 -11 13 -10 9 -8 11 -9 10 -7 10 -10 9 -10 10 -13 9 -12 7 -9 2 2 0 0 0 0 0 0 0 0 ]
CSI_DATA,AP,68:FE:71:12:53:8C,-38,11,1,5,1,1,1,1,0,0,0,-95,5,6,1,38109117,0,84,0,0,38.109,384,[84 -64 4 0 0 0 0 0 0 0 0 0 17 3 17 4 18 4 21 3 19 2 20 5 19 4 18 3 18 6 20 8 20 8 21 6 18 5 18 5 20 7 20 7 19 8 18 6 20 9 21 9 16 7 20 5 16 6 16 9 19 7 19 8 1 -1 19 5 18 4 17 5 20 6 21 6 17 6 17 7 17 5 18 6 21 1 21 2 18 2 20 2 21 4 20 5 23 1 23 2 22 3 22 3 21 4 21 4 22 3 21 1 23 0 20 5 19 2 1 0 0 0 0 0 0 0 0 0 ]
CSI_DATA,AP,68:FE:71:12:53:8C,-44,11,1,4,1,1,1,0,0,0,0,-95,0,6,1,38211620,0,84,0,0,38.212,384,[84 -64 4 0 0 0 0 0 0 0 0 0 16 -6 20 -6 21 -6 21 -4 19 -5 17 -1 21 -2 21 -1 18 -2 17 -3 23 -2 23 -1 20 -3 21 1 23 1 20 0 22 0 20 0 22 1 19 2 18 0 22 2 17 1 19 -3 20 0 22 -2 0 1 22 1 19 -3 21 0 22 0 20 -3 22 -2 20 -4 18 -2 20 -3 21 -6 21 -6 20 -5 22 -3 20 -6 21 -2 22 -3 20 -7 23 -8 22 -4 19 -6 23 -4 21 -5 17 -5 23 -7 22 -3 18 -7 1 1 0 0 0 0 0 0 0 0 ]
CSI_DATA,AP,68:FE:71:12:53:8C,-40,11,1,5,1,1,1,0,0,0,0,-96,0,6,1,38327608,0,84,0,0,38.328,384,[84 -64 4 0 0 0 0 0 0 0 0 0 9 18 8 17 6 20 6 17 6 18 6 19 3 19 2 17 4 16 4 15 2 17 7 19 3 19 5 17 3 18 3 20 3 15 1 14 3 18 3 15 0 15 2 18 1 13 3 16 5 15 3 16 0 -2 4 13 0 16 0 15 3 15 3 15 0 14 2 12 4 14 1 13 5 11 5 14 2 12 3 13 1 14 6 10 3 11 6 14 3 9 3 13 4 11 2 9 4 9 6 9 4 10 4 8 9 11 1 -1 0 0 0 0 0 0 0 0 ]
CSI_DATA,AP,68:FE:71:12:53:8C,-37,11,1,6,1,1,1,0,0,0,0,-95,0,6,1,38431348,0,84,0,0,38.431,384,[84 -64 4 0 0 0 0 0 0 0 0 0 6 -6 5 -5 6 -5 9 -8 8 -7 7 -4 6 -5 9 -7 6 -3 10 -6 9 -7 10 -4 11 -5 8 -6 9 -4 9 -6 9 -3 9 -2 9 -4 10 -5 9 -4 8 -5 6 -1 6 -4 8 -3 8 -4 2 1 9 -3 7 -7 6 -3 10 -5 7 -6 6 -2 5 -2 5 -2 5 -6 6 -7 10 -5 4 -8 8 -4 5 -8 9 -5 6 -6 4 -6 7 -6 5 -5 6 -5 5 -6 4 -7 4 -8 5 -8 7 -8 5 -8 1 1 0 0 0 0 0 0 0 0 ]
CSI_DATA,AP,68:FE:71:12:53:8C,-44,11,1,4,1,1,1,0,0,0,0,-93,0,6,1,38514755,0,82,0,0,38.515,384,[84 -64 4 0 0 0 0 0 0 0 0 0 -3 15 -4 12 -4 12 -5 16 -5 14 -7 12 -7 11 -4 13 -4 12 -3 14 -6 13 -4 12 -7 14 -5 12 -5 11 -5 13 -6 13 -8 12 -4 11 -6 11 -7 9 -8 10 -7 11 -7 8 -7 10 -5 10 0 1 -3 8 -4 12 -4 10 -3 8 -4 8 -6 10 -5 7 -5 11 -1 12 -2 9 -3 10 -5 8 -2 9 -4 11 -2 9 -1 12 0 11 -2 12 -2 10 -1 10 -1 10 -3 9 1 9 1 10 -2 7 -2 9 0 0 0 0 0 0 0 0 0 0 ]
CSI_DATA,AP,68:FE:71:12:53:8C,-43,11,1,5,1,1,1,0,0,0,0,-95,0,6,1,38627769,0,84,0,0,38.628,384,[84 -64 4 0 0 0 0 0 0 0 0 0 11 15 14 17 10 17 14 16 10 15 7 16 7 18 8 20 10 16 10 20 9 18 9 17 10 21 8 19 8 16 6 17 4 16 6 18 8 15 4 17 3 18 8 15 3 13 6 18 5 17 8 13 1 -1 5 14 7 15 8 12 7 14 8 14 6 15 7 13 7 15 10 14 9 14 10 15 8 11 10 11 10 13 10 12 11 10 12 10 12 10 9 10 9 12 8 10 10 12 9 10 13 12 9 11 9 8 0 0 0 0 0 0 0 0 0 0 ]
CSI_DATA,AP,68:FE:71:12:53:8C,-39,11,1,6,1,1,1,0,0,0,0,-95,0,6,1,38736409,0,84,0,0,38.736,384,[84 -64 4 0 0 0 0 0 0 0 0 0 12 11 15 13 12 15 13 13 15 14 14 14 13 13 10 14 8 15 12 15 9 17 7 16 10 18 8 17 10 15 10 17 6 14 10 14 9 16 7 15 8 15 9 14 6 11 5 13 8 13 10 14 1 1 7 14 7 13 5 12 8 14 6 15 9 13 7 14 8 14 9 12 7 11 10 13 8 11 10 11 11 13 11 12 12 10 12 9 12 11 12 11 10 9 11 11 10 8 13 12 10 11 12 12 13 9 2 0 0 0 0 0 0 0 0 0 ]
CSI_DATA,AP,68:FE:71:12:53:8C,-37,11,1,6,1,1,1,0,0,0,0,-95,0,6,1,38871749,0,84,0,0,38.872,384,[84 -64 4 0 0 0 0 0 0 0 0 0 -20 -5 -21 -9 -21 -7 -20 -11 -19 -7 -17 -10 -17 -11 -17 -9 -16 -10 -16 -13 -15 -9 -16 -11 -18 -11 -18 -14 -19 -13 -17 -12 -16 -9 -16 -9 -17 -13 -14 -13 -14 -9 -13 -11 -13 -10 -15 -12 -14 -9 -13 -10 -1 1 -12 -9 -14 -11 -14 -9 -13 -7 -17 -10 -13 -8 -16 -9 -15 -7 -16 -9 -13 -5 -17 -5 -13 -4 -16 -8 -13 -6 -16 -5 -14 -7 -14 -5 -18 -3 -17 -4 -19 -2 -17 -3 -16 -5 -16 -6 -16 -4 -18 -4 -16 -1 2 2 0 0 0 0 0 0 0 0 ]
CSI_DATA,AP,68:FE:71:12:53:8C,-39,11,1,4,1,1,1,0,0,0,0,-95,0,6,1,38978218,0,84,0,0,38.978,384,[84 -64 4 0 0 0 0 0 0 0 0 0 -19 -11 -19 -12 -16 -12 -16 -13 -16 -12 -17 -9 -14 -13 -15 -13 -17 -14 -13 -13 -14 -15 -13 -14 -13 -13 -15 -13 -15 -12 -13 -15 -13 -11 -14 -11 -13 -15 -10 -11 -14 -10 -11 -13 -12 -14 -12 -12 -13 -13 -14 -13 -1 2 -11 -13 -11 -11 -14 -10 -13 -11 -14 -8 -12 -11 -14 -9 -14 -9 -12 -11 -11 -9 -12 -10 -14 -9 -15 -10 -13 -7 -12 -7 -12 -9 -11 -9 -13 -9 -11 -8 -15 -6 -14 -8 -17 -9 -17 -8 -14 -7 -17 -5 -14 -5 -1 1 0 0 0 0 0 0 0 0 ]
CSI_DATA,AP,68:FE:71:12:53:8C,-35,11,1,6,1,1,1,0,0,0,0,-95,0,6,1,39083092,0,84,0,0,39.083,384,[84 -64 4 0 0 0 0 0 0 0 0 0 -9 -20 -6 -19 -9 -17 -6 -18 -4 -18 -6 -21 -3 -18 -4 -18 -1 -17 -4 -17 -3 -19 -1 -17 -1 -19 -3 -21 -1 -21 -2 -18 -2 -16 1 -19 0 -19 -3 -16 -1 -17 0 -19 1 -18 -4 -15 -1 -19 0 -18 0 -1 0 -16 0 -13 -2 -17 -5 -13 -3 -15 -3 -13 -2 -14 -3 -16 -5 -14 -2 -14 -5 -12 -4 -13 -6 -14 -6 -13 -7 -14 -6 -13 -4 -14 -6 -12 -5 -15 -9 -16 -6 -15 -5 -12 -8 -15 -8 -12 -5 -12 -9 -14 0 -1 0 0 0 0 0 0 0 0 ]
CSI_DATA,AP,68:FE:71:12:53:8C,-44,11,1,4,1,1,1,0,0,0,0,-95,0,6,1,39173169,0,82,0,0,39.173,384,[84 -64 4 0 0 0 0 0 0 0 0 0 -19 11 -16 12 -16 9 -22 10 -18 7 -17 9 -17 8 -19 9 -20 5 -17 6 -17 4 -17 5 -20 7 -21 3 -16 7 -17 6 -17 5 -16 3 -19 3 -17 3 -17 3 -16 3 -19 5 -16 4 -15 3 -14 3 0 0 -18 3 -17 7 -17 6 -16 7 -15 6 -13 6 -17 8 -12 5 -15 6 -15 7 -12 8 -14 9 -16 8 -15 10 -13 9 -13 10 -15 10 -12 8 -13 9 -11 10 -13 9 -11 8 -11 11 -12 10 -12 11 -10 11 0 1 0 0 0 0 0 0 0 0 ]
CSI_DATA,AP,68:FE:71:12:53:8C,-40,11,1,4,1,1,1,0,0,0,0,-93,0,6,1,39276232,0,84,0,0,39.276,384,[84 -64 4 0 0 0 0 0 0 0 0 0 1 15 -1 18 -1 17 -2 17 0 16 -4 16 -6 16 -6 17 -2 15 -6 19 -5 17 -5 15 -6 16 -4 16 -4 15 -4 15 -8 16 -6 16 -6 15 -5 16 -5 15 -6 15 -8 11 -4 12 -4 16 -5 14 -2 1 -2 13 -2 13 -4 14 -1 14 -2 13 -2 14 -1 16 -2 13 -4 15 0 12 -2 13 -2 15 0 16 -3 16 0 15 -2 11 0 13 -2 15 0 11 2 15 1 14 -1 13 1 14 1 16 3 12 2 12 -2 -2 0 0 0 0 0 0 0 0 ]
CSI_DATA,AP,68:FE:71:12:53:8C,-41,11,1,5,1,1,1,0,0,0,0,-95,0,6,1,39375142,0,84,0,0,39.375,384,[84 -64 4 0 0 0 0 0 0 0 0 0 -15 15 -13 13 -16 10 -16 11 -14 10 -18 9 -16 11 -18 7 -17 8 -18 10 -15 6 -16 10 -18 6 -19 10 -15 6 -19 5 -18 4 -17 4 -17 8 -15 6 -15 8 -13 6 -14 5 -16 9 -15 9 -14 6 -1 1 -13 8 -14 7 -16 9 -16 5 -16 5 -14 8 -13 9 -15 9 -11 5 -12 10 -13 11 -9 8 -14 9 -15 11 -11 9 -11 8 -13 9 -13 12 -12 9 -13 13 -12 11 -11 12 -11 11 -8 13 -11 13 -11 13 -1 2 0 0 0 0 0 0 0 0 ]
CSI_DATA,AP,68:FE:71:12:53:8C,-36,11,1,6,1,1,1,0,0,0,0,-95,0,6,1,39452284,0,84,0,0,39.452,384,[84 -64 4 0 0 0 0 0 0 0 0 0 4 43 10 43 -8 46 -9 66 1 51 1 47 -6 52 -5 33 -1 56 -2 50 -24 58 -28 69 -21 64 -26 57 -15 54 -38 62 -39 48 -16 32 -20 49 -23 47 -14 50 -34 48 -17 41 -27 46 -38 56 -25 46 0 1 -32 51 -20 55 -26 56 -22 58 -24 44 -21 53 -27 54 -18 46 -18 49 -7 45 -7 58 1 49 -1 47 -7 50 -14 50 -8 55 -12 53 2 53 -8 55 3 49 -3 50 -5 56 0 58 4 55 3 49 6 47 2 2 0 0 0 0 0 0 0 0 ]
CSI_DATA,AP,68:FE:71:12:53:8C,-42,11,1,4,1,1,1,0,0,0,0,-94,0,6,1,39574438,0,84,0,0,39.574,384,[84 -64 4 0 0 0 0 0 0 0 0 0 -10 -15 -6 -16 -9 -20 -8 -18 -6 -19 -5 -18 -6 -19 -3 -16 -6 -15 -3 -20 -1 -16 -1 -16 0 -19 -4 -18 0 -19 -2 -15 -4 -17 -4 -14 -1 -17 -2 -17 -3 -15 -1 -17 -1 -16 -3 -13 -3 -17 -2 -16 1 -2 -4 -13 -5 -13 -3 -13 -4 -16 -4 -15 -4 -17 -2 -13 -5 -14 -3 -15 -4 -14 -2 -12 -4 -14 -5 -15 -6 -12 -6 -11 -7 -16 -7 -12 -8 -13 -4 -14 -7 -12 -6 -13 -7 -13 -6 -13 -7 -12 -5 -15 -5 -14 -2 0 0 0 0 0 0 0 0 0 ]
CSI_DATA,AP,68:FE:71:12:53:8C,-43,11,1,4,1,1,1,0,0,0,0,-95,0,6,1,39688958,0,84,0,0,39.689,384,[84 -64 4 0 0 0 0 0 0 0 0 0 -13 14 -14 11 -17 12 -16 13 -19 11 -18 10 -19 13 -16 12 -18 8 -16 9 -20 8 -18 8 -16 10 -18 8 -15 8 -16 9 -16 6 -17 8 -19 9 -17 6 -15 4 -19 8 -16 5 -15 5 -16 8 -17 6 -1 -1 -15 7 -18 7 -15 6 -13 10 -13 9 -12 9 -15 6 -15 6 -13 8 -14 9 -16 10 -15 7 -16 9 -14 9 -14 8 -12 8 -11 10 -11 12 -13 9 -13 9 -14 11 -14 12 -11 11 -10 11 -11 13 -12 12 1 1 0 0 0 0 0 0 0 0 ]
CSI_DATA,AP,68:FE:71:12:53:8C,-43,11,1,6,1,1,1,0,0,0,0,-95,0,6,1,39800889,0,84,0,0,39.801,384,[84 -64 4 0 0 0 0 0 0 0 0 0 -22 5 -19 6 -20 5 -22 0 -23 3 -20 2 -21 0 -21 2 -20 2 -22 -1 -22 1 -22 0 -19 -3 -20 -4 -17 -2 -18 0 -18 -1 -21 -1 -20 -5 -16 -4 -18 -5 -17 -2 -18 -2 -15 -2 -16 -2 -16 -3 -1 -1 -16 -1 -17 1 -19 -3 -16 -3 -16 -1 -18 -3 -17 2 -16 2 -18 1 -16 1 -18 3 -18 -1 -18 2 -17 4 -14 2 -14 2 -18 2 -18 4 -19 5 -18 3 -18 1 -15 4 -16 6 -16 2 -14 5 -14 4 1 -1 0 0 0 0 0 0 0 0 ]
CSI_DATA,AP,68:FE:71:12:53:8C,-38,11,1,6,1,1,1,0,0,0,0,-96,0,6,1,39917502,0,84,0,0,39.918,384,[84 -64 4 0 0 0 0 0 0 0 0 0 -3 39 -4 40 -4 38 -6 38 -7 38 -9 35 -9 38 -9 36 -11 37 -9 33 -14 35 -15 36 -15 33 -10 33 -16 35 -15 31 -12 33 -16 30 -16 32 -16 30 -13 32 -13 32 -11 26 -15 31 -14 30 -12 31 -2 2 -13 27 -11 30 -11 32 -12 29 -10 29 -9 30 -9 29 -8 31 -8 31 -6 29 -5 30 -8 29 -8 31 -6 30 -8 29 -6 31 -4 30 -2 31 -2 28 0 29 -1 30 -2 29 -3 33 1 30 -4 31 1 30 -1 1 0 0 0 0 0 0 0 0 ]
CSI_DATA,AP,68:FE:71:12:53:8C,-41,11,1,4,1,1,1,0,0,0,0,-94,0,6,1,40030079,0,84,0,0,40.03,384,[84 -64 4 0 0 0 0 0 0 0 0 0 -20 7 -19 4 -21 4 -19 3 -22 2 -18 4 -21 4 -20 3 -18 1 -21 2 -20 -1 -22 -1 -22 -2 -20 0 -21 -1 -19 1 -16 1 -16 -2 -18 -4 -20 -1 -20 -1 -16 -4 -17 0 -16 1 -19 1 -15 1 0 0 -17 2 -16 3 -16 2 -16 3 -15 0 -15 0 -15 1 -18 3 -16 0 -17 1 -16 2 -15 3 -14 5 -16 7 -15 5 -14 3 -14 3 -14 4 -14 7 -15 4 -13 5 -15 8 -12 5 -13 8 -16 7 -13 9 1 2 0 0 0 0 0 0 0 0 ]
CSI_DATA,AP,68:FE:71:12:53:8C,-42,11,1,6,1,1,1,1,0,0,0,-94,4,6,1,40151550,0,84,0,0,40.152,384,[84 -64 4 0 0 0 0 0 0 0 0 0 5 9 5 8 3 10 4 10 4 11 0 10 1 10 0 8 3 11 -1 10 1 11 1 8 2 11 2 12 0 7 1 8 -2 10 1 11 1 10 -2 11 -1 11 2 8 1 10 -1 6 -1 7 1 7 0 0 2 6 -1 6 -2 9 2 7 -2 8 -1 9 0 10 0 7 3 6 -1 9 3 5 2 5 -1 7 -1 8 4 10 3 10 4 10 3 9 2 9 2 7 0 10 5 6 3 8 5 7 2 8 2 8 -1 2 0 0 0 0 0 0 0 0 ]
CSI_DATA,AP,68:FE:71:12:53:8C,-40,11,1,5,1,1,1,1,0,0,0,-93,2,6,1,40257729,0,84,0,0,40.258,384,[84 -64 4 0 0 0 0 0 0 0 0 0 -18 -6 -15 -7 -19 -9 -18 -8 -18 -8 -19 -8 -17 -8 -16 -7 -16 -10 -16 -11 -14 -11 -16 -10 -16 -8 -14 -8 -16 -8 -16 -8 -12 -11 -15 -11 -14 -12 -15 -9 -13 -10 -12 -12 -12 -10 -14 -8 -14 -7 -12 -8 0 -2 -14 -7 -12 -8 -13 -9 -13 -9 -13 -8 -15 -7 -11 -5 -12 -7 -13 -6 -13 -6 -13 -5 -12 -3 -12 -6 -14 -4 -16 -3 -14 -2 -12 -4 -12 -2 -16 -3 -16 -2 -17 -4 -14 -4 -15 -5 -17 -2 -17 -4 -15 0 0 1 0 0 0 0 0 0 0 0 ]
CSI_DATA,AP,68:FE:71:12:53:8C,-42,11,1,4,1,1,1,0,0,0,0,-95,0,6,1,40363504,0,84,0,0,40.364,384,[84 -64 4 0 0 0 0 0 0 0 0 0 -20 1 -20 0 -20 -3 -20 -2 -19 -2 -22 -1 -20 -4 -20 -6 -18 -4 -16 -5 -21 -3 -18 -8 -19 -7 -18 -8 -20 -8 -20 -4 -17 -7 -14 -6 -16 -5 -17 -7 -15 -7 -17 -8 -16 -6 -18 -6 -15 -7 -15 -6 1 2 -15 -5 -18 -2 -16 -4 -15 -4 -14 -3 -15 -6 -15 -3 -15 -2 -15 -3 -13 -3 -15 -4 -13 0 -16 -4 -15 -3 -17 0 -15 -1 -15 -2 -16 -1 -14 0 -14 -2 -15 -2 -14 1 -14 1 -17 2 -16 3 -16 2 -1 0 0 0 0 0 0 0 0 0 ]
CSI_DATA,AP,68:FE:71:12:53:8C,-41,11,1,5,1,1,1,0,0,0,0,-93,0,6,1,40474235,0,84,0,0,40.474,384,[84 -64 4 0 0 0 0 0 0 0 0 0 -9 16 -10 17 -11 17 -10 18 -10 18 -8 16 -9 15 -10 15 -11 16 -12 18 -11 17 -13 14 -15 13 -14 14 -11 14 -12 16 -12 12 -12 14 -11 12 -9 15 -11 12 -10 13 -8 13 -11 11 -9 12 -11 12 2 -1 -9 12 -10 16 -11 16 -7 12 -11 12 -6 11 -8 12 -6 11 -8 11 -6 12 -7 14 -9 13 -8 15 -5 15 -8 16 -6 17 -6 13 -4 16 -3 18 -6 13 -4 15 -4 14 -3 17 -3 14 -5 17 -3 16 -1 2 0 0 0 0 0 0 0 0 ]
CSI_DATA,AP,68:FE:71:12:53:8C,-35,11,1,6,1,1,1,1,0,0,0,-95,3,6,1,40571485,0,84,0,0,40.571,384,[84 -64 4 0 0 0 0 0 0 0 0 0 17 10 18 9 14 12 17 13 16 11 15 12 14 14 15 13 16 14 14 13 13 15 14 15 13 11 12 14 12 13 11 14 10 14 11 11 10 12 13 12 10 14 12 11 8 11 13 12 13 13 10 9 -1 0 10 10 11 9 9 12 9 12 11 9 9 9 13 8 13 10 9 7 14 7 12 10 13 10 15 10 13 9 13 7 11 11 15 8 12 7 11 6 14 9 13 8 14 7 12 9 15 4 12 5 16 4 1 2 0 0 0 0 0 0 0 0 ]
CSI_DATA,AP,68:FE:71:12:53:8C,-41,11,1,5,1,1,1,0,0,0,0,-94,0,6,1,40686277,0,84,0,0,40.686,384,[84 -64 4 0 0 0 0 0 0 0 0 0 8 -21 7 -22 6 -22 8 -18 7 -21 7 -20 8 -16 10 -18 9 -18 11 -15 12 -17 10 -16 13 -18 11 -16 14 -14 14 -17 14 -13 10 -15 11 -16 14 -14 10 -13 10 -14 9 -14 9 -12 13 -16 9 -13 -2 1 8 -16 11 -16 8 -15 8 -14 11 -13 8 -14 8 -16 9 -15 8 -16 5 -17 9 -17 6 -13 6 -17 5 -15 5 -16 5 -14 8 -18 4 -14 4 -17 7 -14 7 -18 4 -14 4 -17 6 -15 4 -15 3 -15 0 0 0 0 0 0 0 0 0 0 ]
CSI_DATA,AP,68:FE:71:12:53:8C,-44,11,1,4,1,1,1,1,0,0,0,-95,6,6,1,40795559,0,84,0,0,40.796,384,[84 -64 4 0 0 0 0 0 0 0 0 0 -17 9 -17 11 -20 7 -23 7 -20 8 -19 5 -20 6 -22 5 -20 3 -22 4 -23 7 -23 5 -20 3 -21 5 -19 4 -23 5 -18 1 -16 0 -17 1 -18 2 -19 0 -18 0 -15 1 -16 2 -19 2 -19 1 0 0 -20 4 -18 5 -20 4 -14 6 -17 3 -19 3 -19 2 -16 5 -15 3 -13 6 -17 4 -15 5 -16 4 -15 5 -14 6 -15 9 -17 5 -14 10 -15 8 -16 10 -17 8 -14 6 -16 8 -17 8 -14 7 -13 11 -1 1 0 0 0 0 0 0 0 0 ]
CSI_DATA,AP,68:FE:71:12:53:8C,-40,11,1,4,1,1,1,0,0,0,0,-96,0,6,1,40924636,0,84,0,0,40.925,384,[84 -64 4 0 0 0 0 0 0 0 0 0 18 -14 16 -15 18 -12 19 -12 19 -12 20 -12 19 -12 20 -10 20 -10 18 -11 19 -8 21 -11 21 -8 19 -9 20 -10 20 -8 17 -6 16 -4 18 -7 20 -7 18 -6 17 -6 15 -7 16 -9 20 -5 16 -6 1 -2 16 -8 15 -6 14 -9 13 -10 16 -6 14 -11 14 -7 13 -10 15 -9 15 -9 15 -10 12 -8 12 -8 11 -11 15 -12 12 -9 12 -9 12 -11 13 -12 12 -10 13 -10 12 -14 11 -12 13 -13 10 -14 11 -15 1 1 0 0 0 0 0 0 0 0 ]
CSI_DATA,AP,68:FE:71:12:53:8C,-45,11,1,4,1,1,1,0,0,0,0,-93,0,6,1,41060849,0,84,0,0,41.061,384,[-117 -80 8 0 0 0 0 0 0 0 0 0 -2 16 -4 12 -1 8 -10 6 -7 6 -7 9 -9 9 -2 7 -6 8 0 10 -4 15 -2 13 -1 17 -2 12 3 13 4 16 1 15 5 13 -7 11 -7 17 6 9 2 13 3 11 -2 13 5 6 1 14 0 1 0 10 2 8 2 13 2 9 6 11 8 15 2 10 7 9 6 13 1 10 1 11 6 12 9 15 2 8 9 6 4 10 5 4 12 10 4 8 9 4 8 2 11 3 4 3 8 5 5 8 2 7 -1 -2 0 0 0 0 0 0 0 0 ]
CSI_DATA,AP,68:FE:71:12:53:8C,-44,11,1,3,1,1,1,1,0,0,0,-96,4,6,1,41172021,0,84,0,0,41.172,384,[84 -64 4 0 0 0 0 0 0 0 0 0 -13 -22 -12 -21 -10 -23 -9 -22 -9 -23 -8 -19 -5 -20 -4 -20 -5 -19 -3 -23 -4 -20 -6 -23 -7 -23 -7 -21 -4 -21 -4 -23 -2 -18 -2 -18 -5 -18 -5 -22 -4 -22 -2 -21 0 -16 -2 -18 -2 -22 -5 -18 2 2 -3 -17 -7 -19 -4 -16 -6 -15 -6 -18 -7 -17 -7 -20 -4 -18 -4 -14 -6 -17 -9 -18 -5 -15 -7 -18 -5 -15 -10 -16 -9 -17 -9 -17 -8 -17 -11 -17 -10 -17 -9 -18 -8 -14 -9 -14 -10 -17 -11 -17 -12 -13 0 1 0 0 0 0 0 0 0 0 ]
CSI_DATA,AP,68:FE:71:12:53:8C,-40,11,1,5,1,1,1,0,0,0,0,-96,0,6,1,41324349,0,84,0,0,41.324,384,[84 -64 4 0 0 0 0 0 0 0 0 0 -8 19 -9 17 -11 21 -13 20 -14 18 -11 16 -16 18 -16 16 -16 15 -15 17 -16 17 -13 16 -15 14 -15 12 -16 14 -17 14 -16 11 -15 10 -15 12 -12 12 -13 13 -12 12 -11 10 -12 13 -16 11 -15 10 -1 1 -13 10 -10 13 -11 14 -9 12 -13 13 -9 11 -9 11 -11 14 -11 13 -9 12 -9 16 -11 16 -7 14 -6 14 -9 14 -8 16 -6 18 -5 17 -5 14 -4 17 -6 14 -6 15 -8 14 -7 17 -8 17 -5 14 2 1 0 0 0 0 0 0 0 0 ]
CSI_DATA,AP,68:FE:71:12:53:8C,-40,11,1,6,1,1,1,0,0,0,0,-95,0,6,1,41423701,0,84,0,0,41.424,384,[84 -64 4 0 0 0 0 0 0 0 0 0 8 19 6 17 10 21 7 19 4 19 5 19 6 20 4 19 3 18 5 22 4 22 3 19 3 23 2 21 1 21 4 22 0 20 1 18 2 19 1 19 0 20 3 16 0 19 3 19 0 16 0 15 1 1 3 17 1 18 4 17 4 16 3 15 4 18 2 16 6 16 3 17 7 13 6 15 6 14 8 16 4 13 6 13 5 18 9 18 9 16 8 13 8 12 8 17 6 14 8 13 11 15 7 15 10 13 2 -2 0 0 0 0 0 0 0 0 ]
CSI_DATA,AP,68:FE:71:12:53:8C,-39,11,1,4,1,1,1,0,0,0,0,-96,0,6,1,41555044,0,84,0,0,41.555,384,[84 -64 4 0 0 0 0 0 0 0 0 0 23 4 22 4 19 6 24 5 21 5 17 8 18 10 19 11 18 8 18 9 21 8 18 11 21 12 20 10 19 12 20 10 18 13 17 11 16 9 16 12 18 12 15 8 13 11 14 7 19 7 18 7 -1 -1 16 7 15 6 18 6 14 7 16 9 17 7 14 5 16 7 16 7 17 4 18 6 17 4 19 6 15 2 18 4 19 2 20 2 15 1 19 5 14 -1 15 3 19 0 19 2 19 1 18 2 15 0 -1 -2 0 0 0 0 0 0 0 0 ]
CSI_DATA,AP,68:FE:71:12:53:8C,-40,11,1,6,1,1,1,1,0,0,0,-96,5,6,1,41732715,0,84,0,0,41.733,384,[84 -64 4 0 0 0 0 0 0 0 0 0 18 8 20 10 18 10 18 9 16 11 18 9 14 10 14 14 16 15 15 14 14 12 16 12 14 12 15 13 13 11 16 13 16 14 13 10 15 12 11 11 11 14 13 13 10 9 14 9 12 12 11 11 -1 0 13 11 11 10 13 10 14 6 12 11 14 9 12 10 14 9 12 7 11 7 13 8 11 7 16 8 13 4 12 8 16 7 15 8 16 3 14 6 12 2 14 4 15 7 14 2 13 5 17 4 13 2 1 0 0 0 0 0 0 0 0 0 ]
CSI_DATA,AP,68:FE:71:12:53:8C,-38,11,1,5,1,1,1,0,0,0,0,-96,0,6,1,41855134,0,84,0,0,41.855,384,[84 -64 4 0 0 0 0 0 0 0 0 0 6 17 2 18 4 19 5 19 4 22 3 21 4 22 0 19 -2 22 0 20 -2 18 -3 20 -1 20 -4 21 -2 16 -1 21 1 18 -2 16 -3 15 -1 18 -4 19 1 15 -1 18 -2 17 -2 19 -1 17 -1 -1 -3 17 2 20 1 19 -1 14 0 15 -1 15 -1 14 2 13 -1 14 -1 17 3 14 4 17 1 15 2 17 3 14 3 14 2 16 5 16 6 15 7 12 3 16 4 15 6 17 4 14 6 15 5 12 2 2 0 0 0 0 0 0 0 0 ]
CSI_DATA,AP,68:FE:71:12:53:8C,-40,11,1,4,1,1,1,0,0,0,0,-94,0,6,1,41962072,0,84,0,0,41.962,384,[84 -64 4 0 0 0 0 0 0 0 0 0 -16 9 -17 7 -18 9 -23 10 -19 8 -20 8 -21 9 -17 5 -20 5 -19 2 -22 6 -22 4 -23 6 -18 6 -19 2 -22 6 -18 4 -17 6 -18 5 -17 5 -19 1 -19 3 -17 4 -19 5 -19 2 -20 6 2 2 -18 7 -20 3 -16 8 -16 5 -16 5 -15 3 -17 5 -17 5 -16 5 -15 6 -17 9 -13 4 -13 6 -12 9 -13 8 -17 7 -13 10 -12 10 -13 8 -15 10 -17 10 -15 9 -15 8 -13 13 -15 11 -13 12 -2 2 0 0 0 0 0 0 0 0 ]
CSI_DATA,AP,68:FE:71:12:53:8C,-40,11,1,5,1,1,1,0,0,0,0,-93,0,6,1,42063300,0,84,0,0,42.063,384,[84 -64 4 0 0 0 0 0 0 0 0 0 -9 18 -10 18 -13 17 -12 18 -15 19 -15 17 -14 13 -15 15 -17 15 -13 12 -14 17 -17 15 -17 16 -14 14 -17 15 -18 15 -14 12 -13 11 -13 12 -16 13 -16 13 -15 9 -15 12 -12 10 -16 11 -14 13 -1 -1 -12 13 -11 12 -14 12 -12 14 -13 14 -13 14 -13 13 -11 11 -10 14 -12 12 -7 16 -10 13 -7 15 -7 12 -8 14 -11 14 -8 14 -9 17 -6 15 -9 15 -7 14 -8 16 -5 13 -8 16 -8 14 -7 18 -2 0 0 0 0 0 0 0 0 0 ]
CSI_DATA,AP,68:FE:71:12:53:8C,-42,11,0,0,0,0,0,0,0,0,0,-93,0,6,1,42175491,0,37,0,0,42.175,128,[84 -64 4 0 0 0 0 0 0 0 0 0 -14 16 -14 16 -17 15 -15 12 -18 16 -17 14 -18 10 -19 14 -17 12 -15 12 -19 11 -16 12 -17 9 -20 9 -16 8 -20 10 -18 9 -16 9 -19 10 -15 9 -17 6 -16 6 -16 5 -14 10 -18 8 -16 9 2 1 -13 10 -17 8 -18 11 -16 7 -14 6 -13 8 -17 10 -13 8 -12 8 -13 9 -16 13 -14 10 -13 12 -15 10 -12 10 -15 12 -11 9 -10 13 -12 10 -10 14 -10 9 -11 9 -11 10 -10 15 -12 11 -13 12 1 0 0 0 0 0 0 0 0 0 ]
CSI_DATA,AP,68:FE:71:12:53:8C,-46,11,1,3,1,1,1,0,0,0,0,-95,0,6,1,42288305,0,84,0,0,42.288,384,[84 -64 4 0 0 0 0 0 0 0 0 0 6 18 10 21 9 22 8 22 6 22 5 18 5 22 3 19 2 19 1 18 3 21 3 20 3 18 4 21 0 19 4 21 2 22 3 18 -1 16 0 17 2 17 -1 17 0 14 0 15 0 19 3 19 1 -1 1 16 4 16 3 19 3 17 5 18 2 18 2 18 4 16 5 17 5 13 4 16 7 14 8 14 8 15 3 13 5 16 8 14 8 16 4 17 8 15 6 14 7 15 9 13 10 16 9 16 8 12 -1 -1 0 0 0 0 0 0 0 0 ]
CSI_DATA,AP,68:FE:71:12:53:8C,-39,11,1,6,1,1,1,0,0,0,0,-95,0,6,1,42410625,0,84,0,0,42.411,384,[84 -64 4 0 0 0 0 0 0 0 0 0 1 -23 2 -20 6 -20 5 -21 7 -23 6 -18 7 -20 8 -17 6 -21 9 -17 8 -21 8 -20 8 -18 6 -19 8 -16 9 -16 7 -18 7 -18 8 -15 8 -17 11 -16 9 -17 10 -13 9 -19 8 -18 10 -15 -1 -2 10 -14 7 -17 8 -14 4 -18 7 -16 6 -16 8 -16 6 -15 7 -15 3 -13 6 -18 1 -18 5 -17 4 -16 4 -18 6 -17 2 -19 4 -19 3 -15 0 -17 4 -17 5 -17 2 -15 0 -17 2 -18 3 -17 1 1 0 0 0 0 0 0 0 0 ]
CSI_DATA,AP,68:FE:71:12:53:8C,-36,11,1,7,1,1,1,0,0,0,0,-94,0,6,1,42526846,0,84,0,0,42.527,384,[84 -64 4 0 0 0 0 0 0 0 0 0 -17 9 -18 11 -20 11 -21 13 -21 10 -19 10 -19 7 -19 7 -20 7 -21 7 -19 8 -19 6 -21 7 -17 5 -20 7 -19 8 -17 6 -19 4 -19 2 -19 5 -17 1 -17 2 -16 1 -20 5 -18 6 -19 7 1 -1 -16 5 -19 4 -16 7 -15 7 -14 3 -17 6 -16 7 -17 8 -17 6 -12 10 -13 8 -15 10 -13 10 -15 8 -16 8 -15 7 -13 7 -16 9 -14 8 -13 10 -12 7 -14 7 -13 8 -13 12 -13 12 -13 8 -1 1 0 0 0 0 0 0 0 0 ]
CSI_DATA,AP,68:FE:71:12:53:8C,-40,11,1,4,1,1,1,1,0,0,0,-96,2,6,1,42639163,0,84,0,0,42.639,384,[84 -64 4 0 0 0 0 0 0 0 0 0 5 -24 6 -22 3 -21 5 -22 7 -20 5 -21 8 -19 7 -18 8 -19 7 -19 9 -19 11 -20 7 -17 8 -20 8 -17 7 -19 7 -17 6 -17 7 -17 10 -19 10 -18 9 -18 7 -15 10 -17 8 -19 8 -15 0 1 6 -16 5 -15 4 -17 5 -15 5 -14 7 -19 6 -18 4 -16 4 -18 5 -16 4 -17 6 -17 2 -18 2 -17 5 -19 1 -16 2 -17 3 -17 1 -16 2 -17 3 -20 2 -17 0 -18 -1 -17 3 -18 2 -17 -1 1 0 0 0 0 0 0 0 0 ]
CSI_DATA,AP,68:FE:71:12:53:8C,-40,11,1,4,1,1,1,1,0,0,0,-94,1,6,1,42766208,0,84,0,0,42.766,384,[84 -64 4 0 0 0 0 0 0 0 0 0 -11 -19 -10 -21 -8 -21 -5 -22 -6 -22 -3 -18 -2 -21 -2 -20 -3 -18 -3 -18 -3 -20 -1 -22 -3 -21 -3 -21 0 -22 -1 -23 -3 -19 -3 -18 -2 -20 -2 -17 0 -20 -4 -18 -2 -16 -2 -19 -2 -21 1 -16 2 1 0 -18 -2 -17 -1 -19 -6 -17 -3 -16 -1 -19 -2 -19 -2 -16 -2 -14 -3 -18 -5 -18 -3 -18 -6 -15 -7 -18 -5 -15 -4 -15 -6 -17 -4 -14 -4 -17 -6 -17 -6 -15 -4 -16 -5 -16 -7 -15 -7 -16 -8 -15 1 0 0 0 0 0 0 0 0 0 ]
CSI_DATA,AP,68:FE:71:12:53:8C,-39,11,1,4,1,1,1,0,0,0,0,-94,0,6,1,42885779,0,84,0,0,42.886,384,[84 -64 4 0 0 0 0 0 0 0 0 0 -20 -4 -20 -7 -18 -5 -22 -11 -19 -10 -18 -10 -17 -8 -18 -9 -17 -9 -16 -10 -16 -11 -17 -9 -15 -10 -18 -12 -16 -12 -16 -14 -14 -10 -12 -12 -14 -10 -12 -12 -14 -11 -14 -9 -11 -12 -15 -12 -14 -9 -12 -10 0 -2 -12 -8 -16 -11 -15 -7 -16 -6 -12 -6 -15 -8 -14 -9 -12 -8 -15 -7 -12 -5 -18 -4 -17 -4 -16 -4 -13 -8 -17 -6 -15 -3 -16 -3 -16 -2 -13 -6 -15 -1 -13 -2 -15 -5 -15 -2 -16 -3 -14 -2 -14 -3 1 0 0 0 0 0 0 0 0 0 ]
CSI_DATA,AP,68:FE:71:12:53:8C,-43,11,0,0,0,0,0,0,0,0,0,-94,0,6,1,42983609,0,37,0,0,42.984,128,[84 -64 4 0 0 0 0 0 0 0 0 0 16 -9 15 -10 19 -8 17 -8 16 -7 17 -5 16 -4 16 -6 17 -5 18 -7 18 -7 17 -8 19 -5 19 -6 15 -5 15 -3 16 -6 18 -5 17 -1 17 -2 18 -6 17 -5 13 -2 15 -2 16 -3 12 -3 0 -2 13 -3 13 -4 12 -7 12 -8 11 -3 14 -7 12 -6 11 -7 12 -8 12 -6 13 -5 12 -6 11 -9 12 -7 14 -9 13 -7 15 -7 13 -7 14 -7 10 -8 10 -11 12 -10 10 -12 10 -9 10 -8 8 -13 2 0 0 0 0 0 0 0 0 0 ]
CSI_DATA,AP,68:FE:71:12:53:8C,-38,11,1,7,1,1,1,1,0,0,0,-94,2,6,1,43096762,0,84,0,0,43.097,384,[84 -64 4 0 0 0 0 0 0 0 0 0 -16 9 -18 9 -20 9 -21 4 -17 6 -20 3 -17 5 -17 1 -21 5 -15 1 -20 1 -21 2 -20 2 -17 1 -15 1 -20 4 -19 4 -15 3 -19 2 -18 0 -18 3 -17 1 -16 2 -16 1 -18 0 -16 3 0 2 -15 4 -16 2 -15 3 -14 2 -16 2 -13 4 -13 4 -15 2 -16 3 -13 6 -14 7 -13 8 -11 9 -11 5 -15 7 -12 6 -14 7 -14 7 -15 9 -15 6 -11 8 -16 10 -12 10 -14 10 -13 6 -13 10 -1 -2 0 0 0 0 0 0 0 0 ]
CSI_DATA,AP,68:FE:71:12:53:8C,-38,11,1,6,1,1,1,0,0,0,0,-93,0,6,1,43236517,0,84,0,0,43.237,384,[84 -64 4 0 0 0 0 0 0 0 0 0 8 5 7 7 8 9 8 10 8 5 6 8 4 8 4 5 4 7 3 6 3 10 4 7 3 8 4 9 6 10 3 8 5 10 3 6 4 6 1 6 2 9 1 5 2 7 5 8 4 8 2 4 -1 2 1 8 5 6 2 7 3 4 2 5 4 8 5 8 4 6 5 8 3 4 5 8 3 4 5 7 3 4 5 8 7 8 5 4 4 3 7 3 8 2 8 4 7 7 9 5 7 3 9 6 9 7 -2 1 0 0 0 0 0 0 0 0 ]
CSI_DATA,AP,68:FE:71:12:53:8C,-35,11,1,7,1,1,1,0,0,0,0,-95,0,6,1,43325284,0,84,0,0,43.325,384,[84 -64 4 0 0 0 0 0 0 0 0 0 -12 -13 -15 -13 -16 -14 -13 -11 -13 -12 -10 -14 -13 -12 -11 -14 -13 -16 -9 -14 -11 -13 -9 -15 -8 -15 -10 -12 -11 -12 -9 -16 -8 -13 -9 -13 -10 -13 -7 -12 -10 -15 -7 -12 -6 -15 -7 -14 -6 -14 -8 -14 1 2 -8 -12 -10 -10 -10 -11 -8 -12 -11 -10 -10 -12 -12 -9 -9 -10 -10 -11 -10 -9 -11 -8 -12 -10 -11 -8 -11 -8 -9 -12 -14 -7 -12 -11 -10 -8 -14 -7 -12 -9 -12 -8 -12 -10 -14 -8 -15 -9 -12 -6 -12 -6 -1 -1 0 0 0 0 0 0 0 0 ]
CSI_DATA,AP,68:FE:71:12:53:8C,-46,11,1,3,1,1,1,1,0,0,0,-96,6,6,1,43431832,0,84,0,0,43.432,384,[84 -64 4 0 0 0 0 0 0 0 0 0 13 -16 10 -13 15 -13 12 -15 15 -14 16 -10 15 -11 15 -10 15 -11 13 -11 18 -10 14 -12 15 -11 18 -10 16 -9 18 -10 13 -7 14 -7 12 -9 15 -10 14 -8 14 -10 13 -9 16 -8 15 -11 16 -10 0 -2 15 -11 14 -8 12 -11 10 -11 12 -9 11 -9 13 -11 9 -9 13 -9 11 -11 12 -13 10 -9 12 -9 11 -10 12 -12 9 -14 12 -11 7 -11 12 -11 10 -13 11 -14 8 -10 10 -15 9 -12 7 -11 8 -13 1 0 0 0 0 0 0 0 0 0 ]
CSI_DATA,AP,68:FE:71:12:53:8C,-42,11,1,5,1,1,1,0,0,0,0,-95,0,6,1,43547948,0,84,0,0,43.548,384,[84 -64 4 0 0 0 0 0 0 0 0 0 -10 2 -9 0 -10 3 -11 3 -10 1 -7 -1 -8 2 -7 2 -9 1 -10 -1 -7 -1 -10 1 -11 -2 -9 -1 -8 2 -7 -2 -9 0 -6 -1 -6 -2 -8 1 -8 -1 -8 -2 -9 -2 -9 -1 -9 -3 -6 0 -1 2 -6 -2 -8 -1 -9 -1 -10 -2 -8 2 -9 0 -6 0 -6 1 -7 1 -6 2 -9 0 -6 0 -10 1 -8 2 -10 0 -8 2 -6 -1 -9 2 -8 4 -8 3 -10 0 -9 4 -9 2 -8 0 -7 4 -9 5 -2 2 0 0 0 0 0 0 0 0 ]
CSI_DATA,AP,68:FE:71:12:53:8C,-45,11,1,5,1,1,1,0,0,0,0,-94,0,6,1,43629502,0,84,0,0,43.63,384,[84 -64 4 0 0 0 0 0 0 0 0 0 32 15 35 19 32 15 35 19 27 18 29 19 25 20 29 21 25 25 24 20 27 24 30 20 25 20 29 24 27 26 23 23 26 27 22 21 21 23 24 25 22 23 23 26 23 22 24 22 25 21 23 20 0 2 22 22 25 22 26 23 24 20 23 19 25 19 23 19 23 20 27 20 23 15 25 18 26 18 28 16 27 15 26 18 27 18 24 15 26 17 28 15 28 17 30 17 28 16 28 12 30 12 28 12 32 11 -2 2 0 0 0 0 0 0 0 0 ]
CSI_DATA,AP,68:FE:71:12:53:8C,-44,11,1,5,1,1,1,0,0,0,0,-95,0,6,1,43738550,0,84,0,0,43.739,384,[84 -64 4 0 0 0 0 0 0 0 0 0 18 10 17 13 20 13 17 14 16 11 15 11 16 13 12 14 14 15 16 16 14 14 13 15 13 16 11 12 14 12 15 16 13 13 9 14 11 16 11 15 9 16 12 16 8 14 13 15 11 16 9 14 2 0 13 11 14 13 12 12 12 11 12 12 14 8 9 13 10 8 13 8 12 8 16 9 12 7 12 9 11 6 12 6 16 6 13 7 12 4 14 6 15 6 12 5 14 5 14 5 18 4 17 6 16 6 -1 2 0 0 0 0 0 0 0 0 ]
CSI_DATA,AP,68:FE:71:12:53:8C,-38,11,1,6,1,1,1,0,0,0,0,-95,0,6,1,43848321,0,84,0,0,43.848,384,[84 -64 4 0 0 0 0 0 0 0 0 0 19 4 18 5 20 7 19 10 19 7 16 9 13 7 17 11 15 12 12 10 13 12 14 9 12 8 11 8 11 10 13 6 13 10 10 9 11 7 11 5 9 8 10 9 7 8 10 5 9 3 10 3 1 0 9 6 9 2 11 3 10 4 13 2 10 5 11 5 9 3 11 0 12 1 11 -1 9 2 13 0 10 -1 14 -1 13 -1 14 0 10 -4 14 -1 10 -4 12 -2 11 -3 11 0 15 -4 10 -2 14 -3 -1 0 0 0 0 0 0 0 0 0 ]
CSI_DATA,AP,68:FE:71:12:53:8C,-42,11,1,6,1,1,1,0,0,0,0,-94,0,6,1,43950733,0,84,0,0,43.951,384,[84 -64 4 0 0 0 0 0 0 0 0 0 -11 27 -11 25 -11 26 -11 24 -10 24 -12 20 -13 19 -12 17 -13 15 -12 14 -12 16 -15 17 -13 15 -12 16 -12 14 -10 16 -11 13 -10 13 -10 11 -9 10 -11 11 -8 11 -7 12 -9 13 -8 14 -6 9 2 0 -9 9 -7 13 -7 13 -6 10 -4 9 -6 14 -2 11 -3 14 -4 13 0 10 0 13 -1 11 -3 15 0 13 -1 14 1 15 0 15 1 12 1 14 1 10 0 14 3 14 2 12 2 15 2 15 5 11 1 -2 0 0 0 0 0 0 0 0 ]
CSI_DATA,AP,68:FE:71:12:53:8C,-40,11,1,4,1,1,1,0,0,0,0,-95,0,6,1,44025411,0,84,0,0,44.025,384,[84 -64 4 0 0 0 0 0 0 0 0 0 26 -21 24 -20 25 -20 29 -17 29 -16 28 -13 28 -11 25 -10 24 -10 25 -10 25 -12 26 -11 24 -9 25 -9 21 -10 22 -7 19 -10 19 -8 19 -8 18 -10 18 -7 17 -11 16 -8 14 -8 15 -6 16 -6 -1 0 14 -9 14 -8 13 -9 12 -11 9 -12 11 -12 10 -8 9 -12 7 -13 5 -13 7 -10 5 -10 8 -12 4 -10 5 -14 1 -11 3 -14 2 -11 2 -11 -1 -14 0 -14 1 -11 -1 -10 1 -15 1 -11 -1 -11 1 -1 0 0 0 0 0 0 0 0 ]
CSI_DATA,AP,68:FE:71:12:53:8C,-41,11,1,4,1,1,1,1,0,0,0,-94,3,6,1,44152262,0,84,0,0,44.152,384,[84 -64 4 0 0 0 0 0 0 0 0 0 -22 2 -21 -1 -19 2 -18 2 -19 1 -20 -2 -19 -3 -18 -4 -15 -1 -15 -3 -19 -1 -17 -1 -17 -1 -15 -3 -18 -4 -15 -1 -17 -1 -13 -2 -17 -3 -13 0 -16 -3 -14 -1 -14 -1 -13 -1 -14 -3 -14 -4 1 1 -14 -3 -14 -2 -16 0 -16 0 -13 2 -13 -1 -17 -1 -16 -1 -12 2 -12 2 -17 2 -15 -1 -16 4 -16 4 -15 4 -15 1 -14 1 -17 3 -14 4 -16 3 -13 1 -17 1 -15 1 -15 4 -16 3 -12 1 1 0 0 0 0 0 0 0 0 0 ]
CSI_DATA,AP,68:FE:71:12:53:8C,-40,11,1,5,1,1,1,0,0,0,0,-95,0,6,1,44264975,0,84,0,0,44.265,384,[84 -64 4 0 0 0 0 0 0 0 0 0 3 21 2 20 1 22 2 24 2 23 -2 23 -3 21 -3 23 0 21 -2 23 -5 25 -5 23 -3 26 -6 24 -2 21 -3 26 -3 22 -3 22 -2 20 -2 20 -2 24 -6 23 -6 20 -2 21 -2 25 -2 21 -1 1 -3 21 0 23 -3 22 -3 22 0 22 -3 25 1 25 0 22 -2 22 2 22 2 23 1 24 3 21 1 21 4 21 4 25 4 23 0 22 3 23 5 24 3 24 4 25 4 26 4 23 1 21 0 24 -2 2 0 0 0 0 0 0 0 0 ]
CSI_DATA,AP,68:FE:71:12:53:8C,-42,11,1,5,1,1,1,0,0,0,0,-93,0,6,1,44370865,0,84,0,0,44.371,384,[84 -64 4 0 0 0 0 0 0 0 0 0 0 -20 1 -18 -2 -19 0 -18 2 -19 3 -19 1 -18 1 -16 3 -21 6 -20 3 -18 4 -19 5 -21 8 -20 6 -18 8 -19 6 -16 5 -14 7 -19 6 -15 5 -16 6 -19 7 -14 9 -17 6 -19 7 -14 1 2 7 -17 7 -16 4 -17 2 -19 2 -17 5 -16 2 -15 4 -18 1 -16 1 -14 0 -16 2 -15 2 -14 2 -14 0 -17 3 -15 2 -16 1 -18 -2 -16 0 -14 1 -14 -2 -17 -3 -15 0 -16 -3 -18 -4 -17 2 0 0 0 0 0 0 0 0 0 ]
CSI_DATA,AP,68:FE:71:12:53:8C,-38,11,1,6,1,1,1,0,0,0,0,-94,0,6,1,44468118,0,84,0,0,44.468,384,[84 -64 4 0 0 0 0 0 0 0 0 0 12 -13 13 -16 15 -13 16 -17 12 -15 15 -13 14 -14 13 -13 18 -13 18 -10 16 -13 16 -9 18 -13 19 -10 19 -11 18 -12 21 -9 16 -6 17 -10 18 -8 18 -8 19 -8 18 -6 19 -9 19 -6 16 -11 2 -2 16 -10 20 -11 18 -11 16 -10 18 -7 14 -12 15 -11 17 -11 13 -10 16 -14 15 -13 13 -11 14 -10 16 -12 16 -11 13 -13 14 -13 14 -16 13 -14 12 -15 12 -14 15 -14 14 -16 16 -15 16 -15 14 -15 -2 2 0 0 0 0 0 0 0 0 ]
CSI_DATA,AP,68:FE:71:12:53:8C,-40,11,1,5,1,1,1,1,0,0,0,-96,1,6,1,44549081,0,84,0,0,44.549,384,[84 -64 4 0 0 0 0 0 0 0 0 0 1 -6 -2 -8 2 -8 -1 -5 -1 -7 0 -8 -1 -8 3 -7 -1 -7 4 -8 3 -6 3 -10 4 -8 3 -10 4 -7 3 -9 5 -7 0 -5 1 -6 3 -9 4 -6 0 -5 0 -9 2 -9 3 -8 0 -6 2 -1 1 -6 3 -6 3 -5 1 -5 2 -7 2 -7 4 -7 0 -7 2 -6 4 -7 4 -5 1 -7 0 -9 2 -5 0 -7 1 -8 1 -10 -1 -7 1 -8 0 -7 3 -5 0 -6 0 -10 1 -8 -2 -5 2 -9 2 2 0 0 0 0 0 0 0 0 ]
CSI_DATA,AP,68:FE:71:12:53:8C,-39,11,1,5,1,1,1,0,0,0,0,-95,0,6,1,44668473,0,84,0,0,44.668,384,[84 -64 4 0 0 0 0 0 0 0 0 0 5 -20 3 -20 6 -24 7 -25 5 -23 5 -18 6 -18 9 -17 9 -21 9 -20 9 -18 7 -20 8 -19 6 -18 7 -20 10 -19 8 -19 6 -17 9 -18 9 -17 6 -18 9 -17 8 -15 5 -18 7 -16 8 -16 1 -1 6 -17 6 -15 5 -15 7 -16 5 -13 4 -18 5 -15 6 -17 6 -15 3 -16 2 -18 4 -16 0 -14 1 -16 4 -15 1 -17 1 -15 1 -15 0 -17 1 -14 3 -16 1 -14 1 -15 -1 -18 0 -17 -1 -18 0 1 0 0 0 0 0 0 0 0 ]
CSI_DATA,AP,68:FE:71:12:53:8C,-41,11,1,5,1,1,1,0,0,0,0,-94,0,6,1,44802933,0,84,0,0,44.803,384,[82 -96 4 0 0 0 0 0 0 0 0 0 19 -5 20 -8 18 -4 21 -6 20 -4 17 -6 18 -3 16 -1 19 -2 17 0 17 -3 17 -1 18 -2 19 0 20 0 19 -2 20 -2 18 -1 15 2 15 1 15 -2 14 -2 13 1 14 -1 17 1 13 -3 1 0 17 -1 13 -1 13 -2 17 -2 17 -4 15 -5 17 -1 12 -2 16 -3 13 -2 12 -5 14 -2 15 -4 13 -6 14 -3 16 -6 16 -4 13 -5 12 -7 16 -7 12 -5 12 -6 16 -5 12 -7 12 -9 14 -7 -1 1 0 0 0 0 0 0 0 0 ]
CSI_DATA,AP,68:FE:71:12:53:8C,-43,11,1,5,1,1,1,0,0,0,0,-94,0,6,1,44886098,0,82,0,0,44.886,384,[84 -64 4 0 0 0 0 0 0 0 0 0 -15 13 -15 10 -14 12 -15 12 -13 10 -15 8 -14 7 -15 10 -17 6 -18 6 -17 6 -17 7 -18 9 -16 9 -16 8 -16 6 -16 8 -12 4 -13 8 -16 3 -16 4 -12 6 -14 6 -11 5 -12 6 -13 5 -1 0 -14 3 -10 7 -12 6 -12 8 -10 8 -11 7 -13 4 -13 6 -11 4 -14 8 -13 5 -9 7 -12 9 -12 7 -9 9 -12 6 -13 10 -10 8 -11 7 -12 9 -11 9 -10 11 -8 11 -8 11 -9 8 -12 11 0 1 0 0 0 0 0 0 0 0 ]
CSI_DATA,AP,68:FE:71:12:53:8C,-40,11,1,4,1,1,1,0,0,0,0,-94,0,6,1,45011694,0,84,0,0,45.012,384,[84 -64 4 0 0 0 0 0 0 0 0 0 -13 -25 -12 -29 -13 -28 -9 -26 -11 -26 -12 -31 -8 -27 -7 -26 -6 -26 -8 -24 -8 -29 -4 -29 -6 -29 -4 -24 -6 -25 -5 -28 -3 -29 -6 -26 -2 -25 -5 -24 -3 -24 -6 -26 -5 -25 -7 -23 -7 -23 -5 -26 2 2 -6 -24 -6 -22 -6 -21 -7 -19 -5 -20 -9 -21 -5 -24 -8 -23 -8 -20 -9 -19 -6 -20 -9 -19 -8 -20 -10 -20 -9 -22 -9 -20 -11 -20 -9 -19 -10 -21 -12 -20 -11 -18 -9 -21 -13 -22 -13 -19 -15 -22 -11 -22 2 1 0 0 0 0 0 0 0 0 ]
CSI_DATA,AP,68:FE:71:12:53:8C,-40,11,0,0,0,0,0,0,0,0,0,-96,0,6,1,45152500,0,37,0,0,45.153,128,[84 -64 4 0 0 0 0 0 0 0 0 0 -18 -3 -19 -1 -18 -2 -19 0 -19 -1 -21 -3 -20 -4 -18 -7 -19 -3 -19 -4 -19 -4 -16 -8 -16 -8 -20 -5 -17 -8 -19 -7 -18 -8 -15 -4 -18 -4 -17 -4 -14 -4 -18 -7 -16 -6 -15 -5 -13 -7 -17 -7 2 1 -17 -7 -16 -6 -15 -4 -14 -6 -14 -5 -13 -3 -16 -4 -14 -5 -13 -5 -17 -3 -17 -1 -13 -3 -13 -3 -13 -2 -16 -3 -15 0 -13 -1 -16 -1 -17 2 -15 2 -17 -2 -17 -2 -15 2 -16 2 -16 3 -16 3 1 0 0 0 0 0 0 0 0 0 ]
CSI_DATA,AP,68:FE:71:12:53:8C,-40,11,1,5,1,1,1,1,0,0,0,-95,2,6,1,45258561,0,84,0,0,45.259,384,[84 -64 4 0 0 0 0 0 0 0 0 0 19 -24 21 -22 20 -26 22 -23 22 -24 23 -19 25 -18 22 -15 22 -21 23 -17 27 -18 27 -20 26 -15 22 -15 24 -17 23 -15 23 -15 20 -17 23 -14 19 -17 18 -12 19 -18 21 -15 22 -15 19 -18 20 -16 -2 -1 17 -18 18 -14 19 -18 20 -18 17 -14 19 -16 16 -16 18 -16 13 -17 15 -18 18 -18 15 -17 16 -18 15 -16 15 -18 15 -18 12 -19 12 -21 11 -20 13 -22 11 -20 10 -22 11 -23 12 -23 10 -21 9 -23 0 1 0 0 0 0 0 0 0 0 ]
CSI_DATA,AP,68:FE:71:12:53:8C,-43,11,1,5,1,1,1,0,0,0,0,-94,0,6,1,45402133,0,84,0,0,45.402,384,[84 -64 4 0 0 0 0 0 0 0 0 0 5 39 3 39 1 44 -2 46 2 40 -2 42 -1 42 -3 41 -4 40 -4 40 -6 42 -7 42 -6 42 -7 38 -6 40 -7 40 -8 37 -8 32 -6 34 -7 36 -6 33 -10 33 -6 33 -10 36 -10 36 -5 34 0 2 -7 33 -4 35 -5 34 -4 35 -4 34 -7 32 -7 37 -3 34 -2 32 0 33 2 35 -1 35 -2 36 0 36 -1 34 2 35 -1 34 4 34 5 33 5 32 6 31 0 30 8 34 6 33 7 35 5 33 -2 0 0 0 0 0 0 0 0 0 ]
CSI_DATA,AP,68:FE:71:12:53:8C,-37,11,1,6,1,1,1,0,0,0,0,-96,0,6,1,45513820,0,84,0,0,45.514,384,[84 -64 4 0 0 0 0 0 0 0 0 0 19 -10 19 -7 19 -5 18 -6 21 -5 18 -4 17 -5 16 -6 21 -2 20 -3 20 -3 19 0 20 -4 20 -3 17 -1 20 -4 18 -4 16 -1 17 -2 17 1 15 -3 17 -1 14 0 17 -3 19 0 15 -3 1 0 15 -1 14 -3 14 -2 13 -3 15 -1 13 -3 17 -3 15 -5 13 -4 13 -8 13 -4 12 -3 15 -6 15 -5 12 -5 15 -8 16 -6 16 -10 11 -7 12 -8 15 -8 11 -7 11 -7 14 -7 11 -10 13 -6 -1 -1 0 0 0 0 0 0 0 0 ]
CSI_DATA,AP,68:FE:71:12:53:8C,-39,11,1,4,1,1,1,0,0,0,0,-96,0,6,1,45627441,0,84,0,0,45.627,384,[84 -64 4 0 0 0 0 0 0 0 0 0 14 2 13 4 15 4 14 4 13 6 14 8 13 9 12 8 14 10 13 7 13 7 13 9 14 7 14 10 10 9 10 10 14 10 9 6 11 7 13 10 9 6 12 10 8 8 9 6 11 8 13 6 2 1 9 6 9 9 10 7 8 5 11 4 10 8 10 6 12 7 12 7 10 5 13 3 9 4 10 5 14 4 13 6 13 7 12 4 14 4 13 5 13 4 11 6 10 3 14 5 13 1 12 2 14 2 -1 0 0 0 0 0 0 0 0 0 ]
CSI_DATA,AP,68:FE:71:12:53:8C,-37,11,1,5,1,1,1,0,0,0,0,-96,0,6,1,45753677,0,84,0,0,45.754,384,[84 -64 4 0 0 0 0 0 0 0 0 0 1 -19 0 -23 2 -20 -1 -21 1 -24 1 -22 2 -23 3 -19 2 -20 4 -21 4 -22 3 -22 4 -23 5 -21 7 -17 5 -20 5 -18 4 -17 6 -20 8 -18 5 -20 6 -19 7 -15 3 -16 3 -19 3 -19 0 0 3 -17 2 -19 6 -16 1 -19 5 -15 3 -17 4 -15 0 -19 1 -16 1 -18 1 -18 1 -15 -2 -16 -2 -18 2 -19 1 -16 -3 -16 -3 -15 -1 -19 -4 -16 -4 -16 -3 -15 -2 -18 -5 -17 -3 -17 -1 -18 1 -1 0 0 0 0 0 0 0 0 ]
CSI_DATA,AP,68:FE:71:12:53:8C,-44,11,1,3,1,1,1,0,0,0,0,-95,0,6,1,45859890,0,84,0,0,45.86,384,[84 -64 4 0 0 0 0 0 0 0 0 0 -8 17 -10 15 -8 13 -11 17 -10 12 -13 13 -12 15 -12 16 -10 11 -12 12 -15 15 -11 11 -11 13 -12 11 -12 14 -11 9 -12 11 -9 12 -12 10 -13 13 -9 12 -13 11 -8 11 -9 10 -13 9 -11 9 -1 0 -11 10 -9 12 -11 12 -11 9 -9 12 -9 12 -7 11 -7 12 -6 10 -6 12 -8 13 -5 11 -6 11 -5 15 -4 13 -7 12 -7 11 -3 12 -3 15 -5 14 -3 14 -4 13 -6 12 -3 12 -6 11 -2 15 2 0 0 0 0 0 0 0 0 0 ]
CSI_DATA,AP,68:FE:71:12:53:8C,-38,11,1,6,1,1,1,0,0,0,0,-94,0,6,1,45973975,0,84,0,0,45.974,384,[84 -64 4 0 0 0 0 0 0 0 0 0 19 6 19 11 20 10 16 10 17 10 16 12 16 13 17 12 14 13 16 9 14 12 13 14 13 11 14 11 14 11 13 13 14 14 14 11 14 11 14 10 13 12 13 13 14 12 12 10 10 10 10 10 -1 0 14 8 12 7 12 11 15 10 11 9 14 8 14 10 15 9 15 9 12 7 12 8 13 9 12 5 13 5 16 7 14 5 12 7 14 7 13 4 12 6 16 7 17 2 14 4 17 3 17 5 16 4 -1 -2 0 0 0 0 0 0 0 0 ]
CSI_DATA,AP,68:FE:71:12:53:8C,-44,11,1,5,1,1,1,0,0,0,0,-95,0,6,1,46087620,0,84,0,0,46.088,384,[84 -64 4 0 0 0 0 0 0 0 0 0 16 -13 17 -11 15 -11 18 -10 18 -10 16 -9 14 -9 17 -6 17 -5 15 -5 16 -6 19 -7 19 -4 18 -4 18 -4 16 -7 16 -6 16 -6 17 -3 15 -3 14 -5 17 -5 13 -3 16 -5 15 -5 15 -5 0 -1 13 -4 13 -7 15 -3 14 -4 14 -6 11 -8 12 -5 11 -6 14 -8 13 -8 11 -9 11 -8 13 -10 14 -9 10 -10 13 -7 10 -6 12 -11 11 -11 12 -8 12 -7 12 -8 11 -12 11 -10 10 -9 9 -8 0 -2 0 0 0 0 0 0 0 0 ]
CSI_DATA,AP,68:FE:71:12:53:8C,-36,11,1,5,1,1,1,0,0,0,0,-94,0,6,1,46216746,0,84,0,0,46.217,384,[84 -64 4 0 0 0 0 0 0 0 0 0 20 -11 20 -8 20 -7 19 -6 17 -4 21 -8 17 -6 20 -4 18 -5 20 -5 19 -2 19 -2 18 -2 20 -3 19 -3 20 1 18 -4 17 -4 17 1 19 -3 15 -2 19 -2 17 -3 18 -4 17 -2 14 -3 -2 1 17 -2 14 -3 15 -5 18 -1 13 -4 16 -1 16 -4 14 -4 16 -5 14 -6 13 -6 16 -4 16 -4 17 -5 16 -5 14 -4 13 -7 16 -7 15 -7 15 -6 15 -9 15 -8 13 -10 12 -9 15 -6 14 -9 -2 -2 0 0 0 0 0 0 0 0 ]
CSI_DATA,AP,68:FE:71:12:53:8C,-41,11,1,5,1,1,1,0,0,0,0,-96,0,6,1,46341948,0,84,0,0,46.342,384,[84 -64 4 0 0 0 0 0 0 0 0 0 9 -18 13 -16 10 -15 14 -16 15 -15 11 -17 15 -17 14 -14 14 -14 14 -16 13 -13 14 -13 16 -11 15 -12 15 -12 14 -12 15 -14 13 -12 15 -11 14 -10 12 -14 14 -14 14 -9 10 -10 10 -11 13 -12 -2 1 13 -10 10 -13 13 -13 12 -14 11 -12 12 -14 9 -14 8 -11 10 -13 11 -11 8 -15 11 -11 7 -13 10 -15 6 -15 7 -15 8 -14 7 -17 8 -14 4 -17 8 -16 7 -13 5 -13 6 -15 4 -14 8 -13 1 0 0 0 0 0 0 0 0 0 ]
CSI_DATA,AP,68:FE:71:12:53:8C,-44,11,0,0,0,0,0,1,0,0,0,-94,5,6,1,46441223,0,37,0,0,46.441,128,[84 -64 4 0 0 0 0 0 0 0 0 0 -10 16 -9 17 -9 17 -8 16 -12 17 -12 15 -12 17 -10 12 -10 14 -14 11 -12 14 -10 13 -14 12 -12 11 -13 11 -11 12 -14 9 -13 12 -12 10 -8 11 -12 9 -11 11 -10 10 -11 9 -11 11 -11 11 -2 -1 -9 10 -7 10 -7 11 -7 11 -7 13 -7 13 -7 12 -9 10 -5 10 -8 10 -7 12 -8 12 -7 11 -5 15 -7 10 -5 11 -5 11 -5 13 -8 15 -3 15 -4 14 -4 12 -6 15 -5 13 -5 14 -2 14 0 -1 0 0 0 0 0 0 0 0 ]
CSI_DATA,AP,68:FE:71:12:53:8C,-40,11,1,6,1,1,1,0,0,0,0,-93,0,6,1,46556398,0,84,0,0,46.556,384,[84 -64 4 0 0 0 0 0 0 0 0 0 -10 14 -12 16 -11 17 -11 17 -10 19 -11 15 -13 14 -10 14 -10 17 -13 15 -16 15 -16 15 -14 11 -16 11 -14 13 -12 11 -11 12 -15 12 -14 12 -12 13 -13 12 -14 11 -10 11 -15 12 -16 10 -12 12 -2 2 -10 10 -12 11 -13 14 -12 10 -11 10 -8 13 -9 14 -9 13 -9 12 -9 11 -10 15 -10 10 -9 14 -6 15 -10 12 -6 13 -8 16 -9 16 -6 12 -6 14 -7 14 -5 13 -5 15 -5 14 -4 13 -7 15 -1 -2 0 0 0 0 0 0 0 0 ]
CSI_DATA,AP,68:FE:71:12:53:8C,-44,11,1,3,1,1,1,0,0,0,0,-96,0,6,1,46668567,0,84,0,0,46.669,384,[84 -64 4 0 0 0 0 0 0 0 0 0 -6 -20 -5 -20 -6 -19 -5 -19 -5 -20 -4 -20 -6 -18 -3 -21 -5 -20 -1 -19 -3 -18 -4 -20 0 -20 0 -18 -3 -21 0 -18 -2 -17 -3 -16 -2 -21 -2 -18 1 -20 0 -20 -2 -19 -3 -15 -2 -19 -4 -16 2 -2 -2 -18 -3 -17 0 -16 -5 -15 -3 -17 -3 -18 -2 -14 -3 -15 -2 -14 -5 -16 -3 -16 -4 -13 -7 -15 -6 -17 -4 -16 -8 -14 -4 -15 -7 -15 -9 -15 -9 -15 -7 -15 -9 -16 -7 -14 -9 -17 -9 -14 -8 -14 1 2 0 0 0 0 0 0 0 0 ]
CSI_DATA,AP,68:FE:71:12:53:8C,-40,11,1,4,1,1,1,0,0,0,1,-95,0,6,1,46787546,0,84,0,0,46.788,384,[84 -64 4 0 0 0 0 0 0 0 0 0 7 -18 9 -20 7 -20 11 -19 6 -18 11 -17 9 -15 8 -15 11 -16 11 -19 12 -14 13 -18 14 -15 14 -17 12 -13 11 -14 13 -13 11 -12 9 -14 11 -14 11 -12 13 -12 11 -14 10 -11 9 -13 12 -12 2 -2 9 -13 7 -14 7 -12 10 -13 9 -15 6 -14 8 -15 8 -13 10 -15 7 -14 7 -14 8 -16 7 -14 4 -15 5 -15 7 -16 6 -14 5 -13 5 -14 4 -17 7 -16 6 -15 3 -17 2 -17 5 -14 3 -13 2 -2 0 0 0 0 0 0 0 0 ]
CSI_DATA,AP,68:FE:71:12:53:8C,-41,11,1,6,1,1,1,0,0,0,0,-95,0,6,1,46918060,0,84,0,0,46.918,384,[84 -64 4 0 0 0 0 0 0 0 0 0 6 -21 3 -22 4 -21 6 -23 8 -18 9 -17 9 -21 11 -16 11 -18 11 -16 12 -20 10 -19 10 -19 8 -17 12 -16 9 -17 7 -18 7 -14 10 -17 9 -18 9 -14 8 -17 9 -15 10 -16 11 -16 8 -17 2 -2 10 -13 7 -14 6 -16 5 -15 7 -16 7 -15 7 -17 5 -14 8 -13 3 -14 5 -16 6 -14 4 -14 2 -15 3 -15 5 -17 5 -19 2 -19 1 -16 2 -15 4 -19 1 -15 4 -15 3 -15 1 -17 4 -17 2 -2 0 0 0 0 0 0 0 0 ]
CSI_DATA,AP,68:FE:71:12:53:8C,-42,11,1,4,1,1,1,0,0,0,0,-94,0,6,1,47023635,0,84,0,0,47.024,384,[84 -64 4 0 0 0 0 0 0 0 0 0 20 7 17 7 19 6 22 7 20 9 18 6 18 6 19 9 20 7 15 7 15 11 17 8 16 8 18 12 17 12 14 11 15 11 12 12 13 12 13 11 16 12 12 12 12 11 16 8 12 8 17 11 0 -1 16 8 13 7 17 10 14 6 15 9 14 9 15 10 13 5 12 6 13 6 13 6 15 5 14 8 15 7 15 4 14 7 16 6 18 4 15 5 16 3 16 3 18 6 15 2 15 2 17 4 16 4 2 0 0 0 0 0 0 0 0 0 ]
CSI_DATA,AP,68:FE:71:12:53:8C,-39,11,1,6,1,1,1,0,0,0,0,-95,0,6,1,47103248,0,84,0,0,47.103,384,[84 -64 4 0 0 0 0 0 0 0 0 0 -17 -13 -15 -13 -14 -14 -15 -18 -14 -18 -11 -14 -12 -15 -13 -19 -13 -19 -11 -18 -10 -20 -12 -19 -12 -20 -9 -17 -10 -15 -12 -20 -7 -16 -11 -15 -11 -18 -11 -16 -11 -19 -9 -19 -7 -14 -11 -16 -9 -17 -10 -16 2 -2 -8 -14 -9 -13 -8 -16 -11 -12 -9 -13 -9 -16 -11 -13 -12 -14 -9 -12 -11 -10 -11 -15 -13 -11 -10 -15 -13 -14 -10 -14 -12 -12 -15 -12 -12 -10 -10 -14 -13 -13 -10 -13 -11 -14 -15 -10 -14 -9 -13 -12 -13 -13 -1 2 0 0 0 0 0 0 0 0 ]
CSI_DATA,AP,68:FE:71:12:53:8C,-36,11,1,6,1,1,1,0,0,0,0,-94,0,6,1,47202666,0,84,0,0,47.203,384,[84 -64 4 0 0 0 0 0 0 0 0 0 -1 20 -1 19 -1 24 -3 24 -5 19 -6 23 -6 23 -4 19 -7 21 -7 19 -4 22 -8 23 -9 22 -5 21 -9 18 -5 18 -5 19 -5 20 -7 16 -5 17 -8 17 -7 18 -8 14 -8 20 -8 19 -6 18 2 2 -3 16 -6 18 -6 19 -1 17 -5 17 -6 18 -4 18 -2 18 -3 14 -1 14 -3 18 -4 15 -1 19 -3 18 -3 16 1 16 0 16 2 18 1 15 -1 18 0 17 0 18 2 17 4 20 1 19 0 18 -2 1 0 0 0 0 0 0 0 0 ]
CSI_DATA,AP,68:FE:71:12:53:8C,-41,11,1,6,1,1,1,0,0,0,0,-95,0,6,1,47329299,0,84,0,0,47.329,384,[84 -64 4 0 0 0 0 0 0 0 0 0 5 -24 4 -20 4 -22 10 -24 10 -21 8 -21 9 -19 10 -20 11 -21 10 -18 12 -21 10 -17 14 -18 9 -19 10 -15 9 -16 11 -18 11 -17 10 -15 11 -15 11 -15 12 -18 9 -15 10 -16 9 -17 10 -17 -1 0 10 -13 11 -14 8 -17 5 -18 8 -14 10 -14 8 -18 5 -16 5 -19 4 -14 4 -18 7 -18 7 -16 7 -15 5 -15 6 -19 7 -20 3 -17 2 -17 0 -17 2 -18 4 -19 4 -17 1 -21 1 -17 0 -16 2 -1 0 0 0 0 0 0 0 0 ]
CSI_DATA,AP,68:FE:71:12:53:8C,-40,11,1,6,1,1,1,0,0,0,0,-94,0,6,1,47449173,0,84,0,0,47.449,384,[84 -64 4 0 0 0 0 0 0 0 0 0 12 -16 13 -18 17 -15 18 -17 13 -15 17 -12 15 -13 17 -13 17 -12 16 -10 18 -12 18 -13 19 -11 15 -11 18 -8 18 -10 14 -11 15 -10 17 -10 18 -7 15 -11 16 -8 14 -11 13 -11 18 -10 17 -10 -1 1 15 -10 13 -12 16 -9 13 -12 12 -9 14 -11 11 -13 10 -10 13 -12 13 -13 10 -15 13 -12 12 -11 13 -12 11 -13 13 -14 13 -13 10 -15 9 -13 11 -15 10 -12 8 -13 8 -15 11 -13 8 -16 10 -13 0 -1 0 0 0 0 0 0 0 0 ]
CSI_DATA,AP,68:FE:71:12:53:8C,-37,11,1,6,1,1,1,1,0,0,0,-96,1,6,1,47548325,0,84,0,0,47.548,384,[84 -64 4 0 0 0 0 0 0 0 0 0 -22 -7 -23 -5 -21 -9 -23 -7 -19 -8 -19 -9 -17 -8 -20 -10 -20 -13 -17 -11 -22 -13 -18 -10 -20 -11 -19 -11 -17 -10 -19 -10 -15 -13 -16 -12 -17 -11 -16 -12 -17 -12 -14 -13 -13 -10 -18 -9 -14 -11 -16 -9 -2 1 -16 -10 -17 -10 -16 -7 -15 -7 -15 -11 -16 -9 -15 -7 -17 -10 -16 -8 -17 -7 -18 -5 -17 -5 -17 -3 -18 -8 -17 -7 -16 -5 -16 -5 -19 -6 -19 -5 -15 -1 -16 -5 -16 -2 -15 -4 -20 -2 -17 -2 -17 -3 1 0 0 0 0 0 0 0 0 0 ]
CSI_DATA,AP,68:FE:71:12:53:8C,-40,11,1,6,1,1,1,0,0,0,0,-96,0,6,1,47668681,0,84,0,0,47.669,384,[84 -64 4 0 0 0 0 0 0 0 0 0 -24 7 -22 5 -22 3 -25 2 -21 4 -22 3 -20 1 -20 1 -21 1 -22 0 -20 2 -22 2 -24 -1 -19 -1 -22 -1 -23 -4 -18 -2 -22 -4 -21 -3 -19 -1 -20 -1 -20 -5 -16 -1 -17 -3 -22 -3 -19 0 1 2 -21 -2 -20 1 -17 -1 -18 -2 -17 1 -17 -2 -20 0 -15 -1 -18 2 -18 3 -17 1 -18 1 -18 2 -15 1 -17 2 -17 1 -17 3 -20 6 -19 4 -18 5 -15 2 -15 4 -17 3 -18 5 -15 4 -19 5 0 -1 0 0 0 0 0 0 0 0 ]
CSI_DATA,AP,68:FE:71:12:53:8C,-43,11,1,5,1,1,1,0,0,0,0,-96,0,6,1,47824922,0,84,0,0,47.825,384,[84 -64 4 0 0 0 0 0 0 0 0 0 -7 -20 -7 -20 -6 -22 -4 -20 -5 -21 -1 -17 -5 -22 0 -19 -4 -22 -2 -21 -3 -24 0 -21 1 -20 -3 -23 1 -20 0 -23 0 -18 0 -20 2 -19 3 -17 3 -20 2 -18 -1 -19 2 -18 0 -20 -2 -17 -2 -1 2 -15 -1 -16 -3 -15 0 -20 -3 -16 0 -15 -1 -17 1 -16 -4 -15 -2 -14 -5 -18 -1 -16 -3 -14 -5 -18 -5 -17 -4 -19 -3 -20 -6 -14 -6 -19 -4 -14 -1 -18 -2 -18 -3 -16 -5 -19 -4 -17 -7 -15 0 -1 0 0 0 0 0 0 0 0 ]
CSI_DATA,AP,68:FE:71:12:53:8C,-39,11,1,4,1,1,1,0,0,0,0,-93,0,6,1,47931233,0,84,0,0,47.931,384,[84 -64 4 0 0 0 0 0 0 0 0 0 18 -3 19 -2 19 -5 19 -3 22 -1 18 -3 19 -2 20 0 20 0 16 0 19 1 21 2 22 2 20 1 17 1 22 4 18 5 14 3 15 4 17 0 15 4 15 1 15 1 14 4 17 4 19 2 2 -2 15 -1 16 -1 17 -2 16 -2 16 0 16 1 15 2 14 -3 17 -3 15 -4 17 0 14 -4 17 -1 16 -2 17 -1 16 -4 16 -2 17 -3 16 -3 14 -3 15 -7 15 -5 16 -4 18 -8 13 -7 14 -6 1 2 0 0 0 0 0 0 0 0 ]
CSI_DATA,AP,68:FE:71:12:53:8C,-43,11,1,6,1,1,1,0,0,0,0,-96,0,6,1,48032252,0,84,0,0,48.032,384,[84 -64 4 0 0 0 0 0 0 0 0 0 19 7 17 9 16 10 15 14 18 15 15 13 13 11 10 15 16 15 14 15 13 16 14 12 12 15 13 16 13 14 15 15 11 15 11 12 12 14 9 13 9 14 13 12 10 11 11 14 9 11 13 13 -2 2 10 12 9 14 13 11 10 12 13 10 13 13 11 14 11 11 12 11 13 9 11 10 9 7 13 10 12 8 14 9 12 7 15 9 13 9 13 9 13 9 12 6 11 6 12 6 16 7 15 7 14 9 2 1 0 0 0 0 0 0 0 0 ]
CSI_DATA,AP,68:FE:71:12:53:8C,-43,11,1,6,1,1,1,0,0,0,0,-94,0,6,1,48124465,0,84,0,0,48.124,384,[84 -64 4 0 0 0 0 0 0 0 0 0 17 -14 13 -13 17 -14 19 -14 16 -12 17 -9 17 -10 15 -8 16 -10 19 -9 19 -13 17 -11 17 -9 18 -9 18 -8 20 -8 16 -6 18 -8 18 -6 17 -9 16 -8 15 -7 15 -5 16 -7 17 -8 15 -8 1 -1 12 -10 18 -9 15 -10 15 -10 12 -11 13 -10 12 -7 10 -7 14 -7 12 -8 15 -11 10 -11 14 -10 12 -13 9 -13 13 -10 12 -12 8 -14 10 -10 10 -14 13 -11 8 -12 10 -14 11 -15 12 -13 9 -14 2 1 0 0 0 0 0 0 0 0 ]
CSI_DATA,AP,68:FE:71:12:53:8C,-41,11,1,4,1,1,1,0,0,0,0,-94,0,6,1,48247319,0,84,0,0,48.247,384,[84 -64 4 0 0 0 0 0 0 0 0 0 -20 10 -20 6 -22 6 -20 6 -22 5 -23 3 -23 5 -21 1 -21 1 -21 3 -23 1 -23 0 -22 0 -19 0 -21 3 -24 0 -20 3 -21 2 -21 2 -18 1 -16 -1 -20 -1 -16 0 -17 0 -20 -1 -20 0 0 -1 -18 -1 -19 4 -17 1 -16 3 -15 2 -18 3 -15 2 -17 3 -19 4 -19 2 -18 6 -17 5 -18 4 -14 6 -15 3 -16 5 -18 5 -13 6 -15 5 -14 5 -14 5 -16 8 -15 5 -18 9 -16 7 -14 6 -2 1 0 0 0 0 0 0 0 0 ]
CSI_DATA,AP,68:FE:71:12:53:8C,-40,11,1,4,1,1,1,0,0,0,0,-93,0,6,1,48346181,0,84,0,0,48.346,384,[84 -64 4 0 0 0 0 0 0 0 0 0 -19 -3 -22 -8 -23 -4 -24 -9 -21 -6 -20 -10 -18 -8 -18 -11 -21 -12 -16 -9 -18 -12 -20 -10 -17 -9 -17 -12 -15 -9 -18 -14 -16 -10 -17 -13 -18 -13 -18 -10 -17 -13 -18 -12 -16 -10 -14 -9 -18 -8 -14 -9 0 0 -15 -9 -17 -11 -16 -7 -18 -7 -15 -6 -18 -6 -18 -6 -14 -5 -18 -7 -15 -4 -18 -4 -14 -5 -17 -3 -15 -5 -14 -7 -18 -4 -19 -3 -18 -2 -18 -5 -14 -3 -15 -2 -18 -3 -19 -3 -17 0 -19 -4 -18 0 0 2 0 0 0 0 0 0 0 0 ]
CSI_DATA,AP,68:FE:71:12:53:8C,-41,11,1,6,1,1,1,1,0,0,0,-94,4,6,1,48460880,0,84,0,0,48.461,384,[84 -64 4 0 0 0 0 0 0 0 0 0 -19 -10 -18 -9 -20 -12 -18 -14 -15 -15 -16 -15 -14 -14 -16 -15 -13 -16 -13 -16 -13 -13 -13 -16 -13 -17 -14 -14 -11 -14 -14 -18 -15 -17 -10 -15 -11 -13 -14 -15 -13 -15 -10 -17 -12 -12 -14 -15 -14 -15 -10 -13 -2 1 -10 -15 -10 -16 -14 -14 -14 -12 -13 -13 -12 -15 -12 -13 -13 -13 -14 -11 -12 -12 -12 -9 -14 -8 -14 -8 -12 -9 -14 -9 -15 -12 -17 -9 -17 -7 -17 -9 -14 -8 -15 -9 -14 -7 -14 -9 -15 -10 -16 -10 -17 -8 -2 2 0 0 0 0 0 0 0 0 ]
CSI_DATA,AP,68:FE:71:12:53:8C,-43,11,1,4,1,1,1,0,0,0,0,-94,0,6,1,48542695,0,84,0,0,48.543,384,[84 -64 4 0 0 0 0 0 0 0 0 0 19 -5 20 -3 21 -4 20 -4 21 -2 21 -1 18 -3 20 -1 19 2 17 -1 18 0 21 -1 21 2 19 2 17 0 18 2 16 0 15 2 18 1 15 2 17 0 18 0 15 3 17 2 16 2 17 1 2 0 17 1 17 0 16 -3 17 -4 18 -1 17 -3 18 -3 17 -1 16 -3 16 -3 14 -6 16 -2 15 -2 14 -2 18 -4 15 -6 15 -5 16 -6 13 -3 16 -7 16 -4 13 -6 16 -5 16 -9 13 -6 13 -8 -2 -1 0 0 0 0 0 0 0 0 ]
CSI_DATA,AP,68:FE:71:12:53:8C,-39,11,1,5,1,1,1,1,0,0,0,-95,6,6,1,48665697,0,84,0,0,48.666,384,[84 -64 4 0 0 0 0 0 0 0 0 0 22 -1 18 2 22 1 20 3 21 4 17 6 17 7 16 5 16 8 18 8 17 9 20 8 20 8 19 7 15 7 17 6 17 7 13 6 15 8 16 7 17 5 18 9 15 7 17 8 16 6 16 4 2 2 16 4 16 8 15 8 13 4 15 5 17 5 15 4 14 5 17 3 14 3 16 4 17 5 14 1 16 3 15 3 14 4 15 4 16 0 14 0 15 -2 17 2 13 3 16 0 17 0 18 3 15 -1 -2 -2 0 0 0 0 0 0 0 0 ]
CSI_DATA,AP,68:FE:71:12:53:8C,-37,11,1,7,1,1,1,0,0,0,0,-96,0,6,1,48769957,0,84,0,0,48.77,384,[84 -64 4 0 0 0 0 0 0 0 0 0 13 -17 16 -17 17 -16 18 -14 18 -13 18 -14 18 -11 17 -11 19 -10 19 -12 16 -12 19 -13 20 -12 17 -12 16 -11 20 -13 15 -11 14 -8 16 -10 16 -10 18 -10 16 -9 15 -8 15 -9 17 -7 16 -12 1 1 15 -12 15 -11 14 -10 15 -10 11 -9 14 -11 13 -12 14 -13 13 -10 10 -11 11 -12 10 -13 9 -10 10 -10 12 -10 13 -14 9 -14 11 -16 12 -13 11 -15 12 -16 12 -13 11 -13 10 -17 8 -13 9 -16 0 2 0 0 0 0 0 0 0 0 ]
CSI_DATA,AP,68:FE:71:12:53:8C,-40,11,1,5,1,1,1,0,0,0,0,-94,0,6,1,48891001,0,84,0,0,48.891,384,[84 -64 4 0 0 0 0 0 0 0 0 0 16 14 16 14 16 16 16 14 15 16 10 17 13 19 13 17 12 16 9 18 11 19 13 19 12 19 12 18 7 16 9 18 6 16 8 12 7 14 7 16 9 16 10 16 9 13 6 13 6 15 7 15 -2 -1 8 14 9 13 7 12 12 15 11 12 11 12 10 11 11 10 10 13 9 13 13 10 12 9 12 11 10 12 12 10 10 10 12 10 10 11 13 12 13 10 11 8 13 11 13 9 15 8 11 11 11 7 2 -1 0 0 0 0 0 0 0 0 ]
CSI_DATA,AP,68:FE:71:12:53:8C,-42,11,1,6,1,1,1,1,0,0,0,-95,5,6,1,48985758,0,84,0,0,48.986,384,[84 -64 4 0 0 0 0 0 0 0 0 0 -14 -19 -15 -20 -14 -21 -15 -19 -11 -17 -9 -22 -8 -22 -7 -17 -11 -21 -10 -21 -11 -22 -8 -21 -8 -21 -7 -22 -8 -21 -11 -19 -5 -17 -7 -16 -7 -18 -7 -19 -6 -18 -9 -21 -7 -15 -5 -17 -6 -19 -5 -17 0 -2 -9 -16 -8 -17 -9 -16 -7 -18 -7 -15 -10 -14 -9 -17 -9 -14 -9 -16 -8 -13 -9 -16 -8 -14 -12 -16 -10 -15 -10 -15 -14 -16 -10 -17 -12 -12 -11 -12 -13 -13 -11 -14 -15 -12 -14 -12 -13 -14 -12 -15 -14 -14 -1 -1 0 0 0 0 0 0 0 0 ]
CSI_DATA,AP,68:FE:71:12:53:8C,-39,11,1,6,1,1,1,1,0,0,0,-95,5,6,1,49133843,0,84,0,0,49.134,384,[84 -64 4 0 0 0 0 0 0 0 0 0 3 -17 4 -22 1 -22 6 -22 2 -21 5 -17 5 -18 6 -19 8 -19 4 -18 5 -18 7 -16 6 -19 7 -16 8 -15 7 -19 6 -14 6 -13 7 -17 7 -15 7 -16 9 -16 5 -13 5 -15 4 -17 8 -16 -1 2 7 -14 7 -17 3 -14 3 -13 3 -13 3 -17 5 -14 5 -17 3 -17 0 -16 3 -17 1 -15 4 -13 1 -14 3 -17 -1 -17 2 -18 2 -17 1 -14 2 -15 1 -17 0 -14 -2 -17 -2 -19 -1 -15 1 -18 0 2 0 0 0 0 0 0 0 0 ]
CSI_DATA,AP,68:FE:71:12:53:8C,-40,11,1,4,1,1,1,1,0,0,0,-93,3,6,1,49255572,0,84,0,0,49.256,384,[84 -64 4 0 0 0 0 0 0 0 0 0 14 16 10 14 11 17 14 17 12 17 7 15 12 17 11 15 11 14 9 15 10 15 10 15 6 18 7 15 9 14 8 19 8 14 7 16 6 17 7 15 4 16 4 13 6 13 6 14 9 13 6 16 0 -1 8 15 7 12 6 13 7 12 7 15 5 14 9 11 9 12 9 12 9 11 9 12 7 10 9 13 9 9 8 9 8 10 10 12 8 9 10 9 10 11 12 12 10 10 8 10 14 10 11 8 11 9 1 0 0 0 0 0 0 0 0 0 ]
CSI_DATA,AP,68:FE:71:12:53:8C,-40,11,1,4,1,1,1,1,0,0,0,-96,6,6,1,49358881,0,84,0,0,49.359,384,[84 -64 4 0 0 0 0 0 0 0 0 0 10 -30 10 -30 10 -27 12 -30 13 -26 9 -25 13 -25 12 -23 11 -23 12 -25 12 -24 12 -26 14 -25 14 -24 12 -21 14 -25 11 -21 12 -19 12 -21 11 -22 11 -20 13 -21 13 -19 14 -20 12 -22 10 -18 2 2 10 -18 8 -17 11 -21 8 -19 8 -20 8 -19 8 -16 10 -18 6 -19 5 -16 8 -21 6 -18 2 -20 5 -16 1 -19 1 -19 5 -19 3 -16 1 -17 2 -16 0 -17 2 -20 1 -19 1 -17 1 -20 0 -20 2 1 0 0 0 0 0 0 0 0 ]
CSI_DATA,AP,68:FE:71:12:53:8C,-42,11,1,5,1,1,1,0,0,0,1,-95,0,6,1,49472809,0,84,0,0,49.473,384,[84 -64 4 0 0 0 0 0 0 0 0 0 9 -8 8 -6 10 -10 7 -10 6 -9 7 -5 10 -9 10 -7 9 -9 9 -6 9 -5 9 -9 8 -4 8 -8 7 -6 11 -4 8 -3 9 -5 6 -5 6 -3 7 -7 6 -5 9 -6 10 -4 10 -3 8 -7 -2 -2 10 -7 5 -7 7 -7 8 -7 9 -7 9 -4 9 -8 6 -8 5 -7 8 -6 7 -8 4 -8 5 -8 7 -8 5 -8 4 -7 5 -7 3 -9 7 -9 7 -9 6 -9 6 -6 3 -7 4 -7 3 -10 3 -9 1 -2 0 0 0 0 0 0 0 0 ]
CSI_DATA,AP,68:FE:71:12:53:8C,-40,11,1,4,1,1,1,0,0,0,0,-96,0,6,1,49574106,0,84,0,0,49.574,384,[84 -64 4 0 0 0 0 0 0 0 0 0 10 15 11 15 12 15 7 21 8 18 8 19 7 19 5 15 7 15 4 19 6 18 5 20 8 19 7 17 4 20 5 16 3 19 5 17 5 15 4 14 5 18 3 16 4 14 5 16 6 17 6 18 -2 1 3 16 5 13 3 13 5 16 5 15 5 17 5 12 7 15 9 15 5 10 10 13 9 14 6 11 7 13 7 11 11 11 10 15 10 14 8 13 8 12 10 13 10 12 8 12 10 11 11 13 8 12 -2 -2 0 0 0 0 0 0 0 0 ]
CSI_DATA,AP,68:FE:71:12:53:8C,-43,11,1,5,1,1,1,1,0,0,0,-93,3,6,1,49684043,0,84,0,0,49.684,384,[84 -64 4 0 0 0 0 0 0 0 0 0 27 7 29 11 32 10 32 11 27 15 27 13 30 14 28 12 27 16 27 14 26 14 29 14 25 17 24 18 24 15 27 18 22 19 22 18 23 15 22 17 22 18 24 15 23 15 24 17 22 15 23 17 -2 -2 23 13 24 17 26 13 23 10 23 15 25 16 25 15 25 9 21 9 24 8 26 8 26 13 26 10 26 8 28 11 28 11 26 8 29 8 25 9 28 6 29 9 28 8 29 5 27 3 26 6 27 3 2 -2 0 0 0 0 0 0 0 0 ]
CSI_DATA,AP,68:FE:71:12:53:8C,-41,11,0,0,0,0,0,0,0,0,0,-96,0,6,1,49808614,0,37,0,0,49.809,128,[84 -64 4 0 0 0 0 0 0 0 0 0 -23 4 -19 2 -23 5 -21 0 -21 -2 -21 -3 -22 -3 -22 -1 -19 -1 -21 -4 -21 -4 -23 -3 -23 -3 -19 -6 -21 -4 -20 -4 -21 -2 -21 -4 -18 -5 -18 -3 -18 -6 -18 -4 -16 -2 -19 -5 -20 -2 -18 -5 2 0 -19 -1 -19 -4 -16 0 -18 -3 -17 -3 -16 -2 -19 1 -17 0 -15 -2 -16 0 -18 3 -18 -2 -18 2 -17 -1 -18 2 -14 2 -19 2 -17 2 -18 4 -16 3 -18 4 -17 3 -17 4 -19 5 -15 5 -13 5 -2 1 0 0 0 0 0 0 0 0 ]
CSI_DATA,AP,68:FE:71:12:53:8C,-39,11,1,4,1,1,1,0,0,0,0,-95,0,6,1,49946770,0,84,0,0,49.947,384,[84 -64 4 0 0 0 0 0 0 0 0 0 -9 -2 -10 -1 -10 -3 -9 -4 -11 -1 -11 -3 -10 -3 -10 0 -6 -2 -7 -5 -9 0 -8 -1 -6 -5 -7 -1 -4 -3 -8 -2 -7 -3 -4 -5 -7 -2 -4 -4 -6 -4 -5 -1 -4 -1 -7 -2 -6 -1 -4 -2 0 2 -5 0 -4 -1 -8 -2 -8 0 -8 1 -5 -3 -6 1 -5 2 -7 2 -4 0 -5 4 -4 1 -5 4 -8 0 -6 0 -4 2 -6 4 -5 0 -5 3 -6 4 -4 3 -4 2 -7 4 -5 3 -4 6 -5 1 2 2 0 0 0 0 0 0 0 0 ]
CSI_DATA,AP,68:FE:71:12:53:8C,-40,11,1,6,1,1,1,0,0,0,0,-95,0,6,1,50059321,0,84,0,0,50.059,384,[84 -64 4 0 0 0 0 0 0 0 0 0 19 2 18 6 19 6 18 8 17 4 17 6 19 9 18 5 16 8 16 5 16 5 14 7 14 9 14 8 11 5 12 7 13 7 13 8 13 8 14 4 10 7 13 6 8 4 10 3 11 4 12 3 0 0 8 4 10 4 10 -1 11 3 11 -1 8 -3 11 1 7 1 7 1 8 0 9 -3 9 -5 9 -1 11 -2 11 -4 7 -3 8 -6 9 -7 7 -7 9 -8 8 -5 8 -6 8 -5 10 -6 9 -9 9 -10 0 -2 0 0 0 0 0 0 0 0 ]
CSI_DATA,AP,68:FE:71:12:53:8C,-41,11,1,6,1,1,1,0,0,0,1,-94,0,6,1,50193380,0,84,0,0,50.193,384,[84 -64 4 0 0 0 0 0 0 0 0 0 -21 17 -21 14 -22 17 -22 13 -22 16 -23 11 -23 12 -21 10 -21 12 -21 9 -20 9 -20 7 -21 7 -20 8 -20 9 -20 9 -19 8 -14 4 -14 5 -13 8 -15 4 -13 8 -12 7 -13 8 -14 7 -14 8 2 1 -11 5 -10 8 -9 9 -11 11 -9 6 -10 10 -8 9 -9 9 -9 11 -8 9 -6 13 -10 12 -7 9 -9 13 -10 11 -8 10 -6 12 -7 13 -8 12 -5 11 -4 12 -6 14 -6 14 -2 16 -3 13 -2 13 1 1 0 0 0 0 0 0 0 0 ]
CSI_DATA,AP,68:FE:71:12:53:8C,-40,11,1,4,1,1,1,0,0,0,1,-96,0,6,1,50288511,0,84,0,0,50.289,384,[84 -64 4 0 0 0 0 0 0 0 0 0 30 -1 30 -2 32 1 35 1 28 2 29 3 26 4 25 4 25 5 25 7 26 8 26 6 26 6 25 5 23 5 23 4 20 7 21 6 17 6 19 2 20 5 20 3 17 1 19 1 15 0 17 -2 0 -2 14 2 14 -1 13 -2 14 -5 15 0 14 -4 13 -5 10 -4 11 -5 9 -3 13 -8 11 -6 10 -5 8 -8 9 -9 12 -6 10 -8 8 -10 7 -11 10 -10 8 -8 8 -8 6 -9 6 -13 5 -12 8 -9 0 2 0 0 0 0 0 0 0 0 ]
CSI_DATA,AP,68:FE:71:12:53:8C,-42,11,1,4,1,1,1,0,0,0,0,-93,0,6,1,50374610,0,84,0,0,50.375,384,[84 -64 4 0 0 0 0 0 0 0 0 0 -12 -11 -16 -11 -16 -14 -13 -14 -12 -16 -10 -15 -10 -12 -8 -12 -12 -15 -9 -13 -10 -14 -11 -11 -12 -15 -11 -13 -9 -15 -12 -16 -11 -14 -7 -13 -11 -13 -10 -14 -10 -11 -9 -12 -9 -12 -11 -14 -11 -12 -11 -14 2 -2 -12 -14 -10 -10 -11 -12 -12 -10 -10 -14 -13 -11 -12 -12 -13 -14 -12 -11 -12 -9 -14 -12 -15 -9 -14 -9 -12 -13 -11 -10 -13 -13 -14 -13 -13 -11 -13 -11 -12 -10 -15 -14 -15 -11 -13 -10 -14 -11 -16 -11 -15 -13 1 2 0 0 0 0 0 0 0 0 ]
CSI_DATA,AP,68:FE:71:12:53:8C,-34,11,1,7,1,1,1,0,0,0,0,-94,0,6,1,50486413,0,84,0,0,50.486,384,[84 -64 4 0 0 0 0 0 0 0 0 0 -1 -24 0 -24 0 -25 0 -24 2 -24 -1 -24 4 -23 2 -23 1 -21 1 -22 5 -23 2 -26 2 -25 4 -26 4 -21 5 -26 4 -25 4 -19 3 -24 6 -25 3 -25 7 -25 7 -22 7 -23 5 -22 5 -22 2 1 4 -20 4 -22 3 -23 3 -24 3 -24 2 -25 3 -25 -1 -22 1 -23 1 -22 -2 -25 2 -23 -1 -24 -1 -23 -1 -23 0 -24 -1 -25 0 -24 -1 -22 -4 -24 0 -26 -2 -23 0 -23 -3 -24 0 -24 -2 -21 1 0 0 0 0 0 0 0 0 0 ]
CSI_DATA,AP,68:FE:71:12:53:8C,-42,11,1,4,1,1,1,0,0,0,0,-95,0,6,1,50601906,0,84,0,0,50.602,384,[84 -64 4 0 0 0 0 0 0 0 0 0 3 0 2 -2 5 -1 6 0 4 0 5 -1 6 -1 5 1 6 0 4 1 3 -1 5 2 3 4 6 2 5 4 4 2 5 2 4 2 3 3 4 1 4 5 5 5 5 3 7 6 7 2 9 4 2 -1 6 6 6 3 6 3 6 4 6 2 7 6 8 5 11 7 7 6 9 3 11 3 11 5 13 2 11 5 12 2 12 7 14 6 10 5 13 5 12 7 11 5 12 4 15 7 13 3 12 7 14 4 1 -2 0 0 0 0 0 0 0 0 ]
CSI_DATA,AP,68:FE:71:12:53:8C,-35,11,1,6,1,1,1,0,0,0,0,-93,0,6,1,50702346,0,84,0,0,50.702,384,[84 -64 4 0 0 0 0 0 0 0 0 0 13 13 13 14 10 18 8 20 11 19 8 19 10 18 9 20 7 20 7 18 5 22 8 19 5 20 8 22 7 20 6 24 8 22 5 20 6 19 5 21 2 21 6 19 5 18 6 23 4 23 5 20 -1 2 4 17 8 20 7 19 6 18 6 16 4 22 4 17 5 21 6 19 6 20 11 17 5 19 8 20 9 17 7 18 9 17 12 19 11 16 12 17 11 14 11 19 12 17 13 19 11 17 12 18 12 16 -1 2 0 0 0 0 0 0 0 0 ]
CSI_DATA,AP,68:FE:71:12:53:8C,-42,11,1,6,1,1,1,0,0,0,0,-94,0,6,1,50812104,0,84,0,0,50.812,384,[84 -64 4 0 0 0 0 0 0 0 0 0 -3 -19 -2 -18 -5 -17 -3 -22 -2 -20 -4 -19 -1 -19 0 -18 -2 -19 -2 -23 3 -21 -1 -23 4 -24 1 -22 2 -22 1 -24 1 -24 3 -19 1 -23 1 -20 3 -20 3 -20 6 -22 4 -21 6 -23 5 -22 1 2 1 -19 1 -24 -1 -20 0 -23 -1 -18 1 -23 -1 -21 0 -21 1 -23 -2 -23 -1 -24 -1 -18 -2 -20 -5 -20 -3 -20 -4 -20 -6 -23 -7 -22 -4 -22 -9 -21 -6 -20 -4 -18 -6 -23 -8 -23 -4 -19 -8 -20 1 -1 0 0 0 0 0 0 0 0 ]
CSI_DATA,AP,68:FE:71:12:53:8C,-41,11,1,4,1,1,1,0,0,0,1,-94,0,6,1,50868397,0,84,0,0,50.868,384,[84 -64 4 0 0 0 0 0 0 0 0 0 8 -20 8 -20 6 -21 10 -23 12 -18 9 -18 11 -18 12 -18 13 -15 13 -16 12 -17 13 -15 13 -15 15 -15 10 -15 14 -19 9 -13 10 -16 11 -13 8 -13 8 -13 9 -15 12 -12 13 -13 12 -13 10 -14 0 0 8 -16 10 -15 10 -17 8 -18 7 -16 8 -17 7 -15 7 -16 6 -15 5 -13 4 -17 7 -14 8 -15 6 -14 3 -17 5 -14 6 -16 4 -14 3 -17 1 -17 4 -17 1 -15 3 -16 2 -18 2 -17 0 -16 -2 0 0 0 0 0 0 0 0 0 ]
CSI_DATA,AP,68:FE:71:12:53:8C,-35,11,1,6,1,1,1,1,0,0,1,-94,1,6,1,50975354,0,84,0,0,50.975,384,[84 -64 4 0 0 0 0 0 0 0 0 0 4 20 5 19 5 17 4 20 0 17 4 18 2 19 3 17 2 17 0 16 2 18 -2 19 -1 17 -2 18 -3 16 1 17 -2 15 1 15 1 18 1 15 1 18 -3 18 -2 17 1 16 -3 18 -1 16 -1 -1 -2 13 1 17 3 14 0 17 0 17 0 13 2 16 2 14 4 17 3 12 4 15 2 13 2 17 6 13 6 14 2 16 2 16 3 15 5 15 3 15 3 13 4 15 8 13 5 15 5 12 7 16 1 -2 0 0 0 0 0 0 0 0 ]
CSI_DATA,AP,68:FE:71:12:53:8C,-42,11,1,5,1,1,1,0,0,0,0,-93,0,6,1,51104174,0,84,0,0,51.104,384,[84 -64 4 0 0 0 0 0 0 0 0 0 15 9 14 11 14 13 14 14 12 15 8 12 9 13 7 12 7 12 9 13 9 12 8 16 8 12 9 16 9 15 8 16 8 14 5 12 6 11 8 14 6 11 7 12 6 13 6 13 9 13 7 13 0 0 6 12 10 10 9 11 7 11 9 11 9 10 8 12 8 8 10 9 10 9 9 9 9 8 11 8 9 9 11 8 9 11 9 10 11 10 11 7 9 6 9 9 9 10 12 8 12 8 10 9 13 5 2 2 0 0 0 0 0 0 0 0 ]
CSI_DATA,AP,68:FE:71:12:53:8C,-36,11,1,5,1,1,1,0,0,0,1,-94,0,6,1,51186945,0,84,0,0,51.187,384,[84 -64 4 0 0 0 0 0 0 0 0 0 15 9 17 12 17 12 17 12 14 14 13 11 13 12 14 12 15 15 12 12 10 16 14 15 12 15 11 13 12 15 11 13 13 13 9 10 10 10 8 10 10 12 10 12 10 14 11 10 10 13 8 11 -2 -1 9 13 13 12 9 12 12 8 9 10 9 9 9 10 13 8 12 9 12 8 13 9 13 6 13 10 15 5 11 8 14 7 11 7 11 5 15 6 15 8 14 8 14 6 13 8 14 5 16 7 15 5 -2 1 0 0 0 0 0 0 0 0 ]
CSI_DATA,AP,68:FE:71:12:53:8C,-45,11,1,3,1,1,1,0,0,0,0,-94,0,6,1,51302090,0,84,0,0,51.302,384,[84 -64 4 0 0 0 0 0 0 0 0 0 3 17 3 20 1 20 3 17 0 17 4 18 3 19 -1 20 -1 20 -2 20 -1 17 1 19 0 16 1 20 1 17 -1 16 -3 15 -1 16 0 17 0 14 0 16 0 17 1 16 -1 15 -3 18 -1 14 0 -2 2 13 0 14 2 14 0 16 2 16 1 13 1 13 1 14 2 12 2 11 4 14 2 14 4 12 3 15 3 13 6 14 5 14 6 15 4 13 4 14 4 14 6 12 7 11 5 15 7 12 8 11 2 2 0 0 0 0 0 0 0 0 ]
CSI_DATA,AP,68:FE:71:12:53:8C,-39,11,1,4,1,1,1,0,0,0,0,-93,0,6,1,51433630,0,84,0,0,51.434,384,[84 -64 4 0 0 0 0 0 0 0 0 0 -14 -13 -16 -10 -14 -10 -16 -12 -13 -11 -13 -11 -13 -13 -15 -11 -14 -14 -14 -14 -14 -15 -11 -12 -12 -16 -9 -12 -13 -13 -13 -15 -12 -13 -8 -12 -8 -15 -10 -15 -12 -13 -12 -11 -9 -11 -13 -11 -10 -10 -12 -14 -2 2 -8 -13 -11 -9 -12 -10 -11 -9 -10 -11 -10 -12 -8 -10 -13 -8 -14 -8 -13 -11 -12 -7 -13 -9 -12 -7 -14 -8 -11 -10 -13 -6 -12 -8 -14 -6 -14 -6 -16 -8 -11 -10 -13 -6 -14 -9 -17 -4 -15 -5 -13 -5 1 -2 0 0 0 0 0 0 0 0 ]
CSI_DATA,AP,68:FE:71:12:53:8C,-37,11,1,7,1,1,1,0,0,0,0,-94,0,6,1,51513297,0,84,0,0,51.513,384,[84 -64 4 0 0 0 0 0 0 0 0 0 -2 -20 -1 -19 -2 -20 1 -23 -1 -19 -1 -22 2 -20 1 -19 2 -21 1 -22 4 -22 4 -20 2 -21 2 -17 2 -17 3 -18 2 -18 2 -20 4 -18 6 -17 4 -19 1 -18 3 -14 4 -19 3 -16 5 -18 -2 1 5 -14 2 -18 4 -15 2 -16 3 -17 1 -15 0 -16 1 -17 -1 -16 -2 -15 1 -17 -2 -18 -1 -14 0 -17 1 -18 -3 -17 -1 -19 0 -16 -3 -15 -2 -17 -4 -14 0 -15 -2 -18 -1 -19 -3 -16 -1 -15 2 1 0 0 0 0 0 0 0 0 ]
CSI_DATA,AP,68:FE:71:12:53:8C,-40,11,1,4,1,1,1,0,0,0,0,-94,0,6,1,51630537,0,84,0,0,51.631,384,[84 -64 4 0 0 0 0 0 0 0 0 0 0 19 1 19 0 19 -1 18 0 19 0 17 -2 18 -3 19 -2 19 -4 17 -4 18 -3 17 -2 17 -6 16 -5 19 -4 17 -3 19 -3 18 -3 18 -2 15 -2 16 -2 19 -5 17 -4 14 -5 17 -6 14 0 -2 -4 14 -5 14 -2 15 -1 13 -2 17 -1 15 -2 15 -2 13 -1 15 1 17 -2 17 -1 16 2 15 1 16 -1 16 1 15 3 18 3 16 2 16 3 17 4 16 4 15 1 13 3 17 3 12 3 12 1 -1 0 0 0 0 0 0 0 0 ]
CSI_DATA,AP,68:FE:71:12:53:8C,-43,11,1,5,1,1,1,0,0,0,0,-94,0,6,1,51751037,0,84,0,0,51.751,384,[84 -64 4 0 0 0 0 0 0 0 0 0 -3 -21 -2 -18 -1 -24 -1 -20 -1 -24 1 -18 -2 -19 1 -20 -2 -23 2 -19 2 -20 2 -22 2 -20 0 -18 2 -19 0 -20 1 -17 0 -19 2 -17 4 -21 5 -21 1 -18 1 -19 0 -17 0 -19 3 -19 -1 1 -1 -16 3 -16 2 -19 1 -18 3 -18 -1 -19 0 -15 2 -19 -1 -18 -3 -17 -3 -15 -3 -16 -1 -16 -2 -19 -5 -19 -1 -18 -4 -20 -2 -19 -5 -19 -2 -16 -3 -19 -5 -16 -5 -18 -5 -17 -6 -18 -7 -18 -2 2 0 0 0 0 0 0 0 0 ]
CSI_DATA,AP,68:FE:71:12:53:8C,-39,11,1,6,1,1,1,0,0,0,0,-93,0,6,1,51862416,0,84,0,0,51.862,384,[84 -64 4 0 0 0 0 0 0 0 0 0 -22 3 -22 4 -23 2 -20 2 -20 0 -18 0 -19 -2 -21 0 -19 -3 -21 2 -18 0 -18 -4 -18 -2 -20 0 -18 -4 -19 0 -18 -1 -17 0 -17 -3 -17 -2 -19 -3 -15 -4 -17 -2 -17 -3 -18 -3 -19 -2 1 1 -17 0 -16 -1 -17 -2 -18 1 -18 -1 -19 -1 -18 -1 -18 -1 -15 0 -16 1 -14 1 -17 3 -18 -1 -16 4 -17 1 -18 2 -14 3 -16 2 -16 3 -17 5 -18 3 -16 4 -16 3 -17 5 -14 5 -15 6 1 -1 0 0 0 0 0 0 0 0 ]
CSI_DATA,AP,68:FE:71:12:53:8C,-39,11,1,6,1,1,1,1,0,0,0,-96,5,6,1,51987350,0,84,0,0,51.987,384,[84 -64 4 0 0 0 0 0 0 0 0 0 -12 -16 -12 -15 -12 -19 -8 -17 -11 -17 -8 -15 -9 -20 -9 -17 -6 -18 -5 -18 -6 -19 -5 -20 -6 -17 -8 -19 -6 -17 -5 -16 -7 -19 -3 -18 -3 -18 -7 -15 -4 -18 -7 -15 -3 -17 -6 -17 -5 -15 -5 -16 -1 0 -3 -17 -6 -15 -4 -16 -4 -17 -6 -14 -4 -14 -7 -13 -7 -14 -9 -13 -5 -17 -10 -15 -7 -13 -8 -14 -9 -15 -8 -15 -11 -13 -7 -14 -7 -12 -11 -16 -12 -15 -11 -16 -10 -13 -8 -13 -12 -14 -8 -11 -11 -11 1 1 0 0 0 0 0 0 0 0 ]
CSI_DATA,AP,68:FE:71:12:53:8C,-36,11,1,5,1,1,1,0,0,0,0,-95,0,6,1,52092867,0,84,0,0,52.093,384,[84 -64 4 0 0 0 0 0 0 0 0 0 -8 17 -9 18 -10 18 -7 19 -12 17 -11 15 -12 17 -9 15 -11 15 -11 18 -10 14 -15 17 -12 14 -11 14 -13 13 -13 15 -12 14 -13 13 -13 16 -10 15 -11 14 -13 12 -11 14 -9 12 -9 13 -12 13 1 -2 -12 14 -8 12 -11 12 -10 12 -9 13 -9 14 -7 15 -8 15 -6 13 -9 14 -8 16 -5 15 -9 14 -8 12 -5 13 -8 16 -9 14 -4 13 -6 16 -3 17 -3 14 -6 13 -6 15 -5 14 -6 14 -4 17 1 2 0 0 0 0 0 0 0 0 ]
CSI_DATA,AP,68:FE:71:12:53:8C,-39,11,1,5,1,1,1,0,0,0,0,-95,0,6,1,52204364,0,84,0,0,52.204,384,[84 -64 4 0 0 0 0 0 0 0 0 0 9 -19 8 -18 9 -20 9 -21 10 -18 9 -18 11 -14 8 -15 12 -18 11 -15 11 -14 12 -18 10 -18 13 -15 13 -16 14 -15 14 -13 10 -12 10 -14 12 -14 10 -13 10 -11 8 -12 12 -15 9 -12 8 -13 1 -1 8 -13 11 -12 9 -15 7 -14 10 -14 11 -11 11 -11 7 -12 6 -14 7 -15 7 -13 8 -15 8 -14 5 -16 7 -12 7 -16 5 -17 4 -15 7 -16 4 -16 3 -14 4 -18 6 -16 2 -16 3 -14 2 -18 -1 1 0 0 0 0 0 0 0 0 ]
CSI_DATA,AP,68:FE:71:12:53:8C,-38,11,1,5,1,1,1,0,0,0,0,-93,0,6,1,52302290,0,84,0,0,52.302,384,[84 -64 4 0 0 0 0 0 0 0 0 0 -18 -7 -21 -4 -21 -7 -21 -6 -19 -9 -18 -7 -20 -8 -16 -7 -20 -9 -15 -12 -19 -9 -14 -9 -16 -10 -14 -12 -13 -11 -16 -10 -13 -8 -15 -8 -16 -11 -16 -10 -13 -12 -15 -8 -16 -9 -14 -9 -16 -11 -15 -10 -1 2 -13 -9 -14 -10 -15 -7 -12 -10 -16 -9 -13 -8 -15 -6 -14 -8 -12 -6 -16 -8 -13 -7 -15 -7 -17 -5 -17 -3 -16 -7 -16 -4 -15 -6 -14 -6 -16 -7 -17 -4 -14 -4 -15 -6 -14 -2 -17 -5 -16 -5 -15 -3 1 -1 0 0 0 0 0 0 0 0 ]
CSI_DATA,AP,68:FE:71:12:53:8C,-42,11,1,6,1,1,1,1,0,0,0,-95,5,6,1,52424662,0,84,0,0,52.425,384,[84 -64 4 0 0 0 0 0 0 0 0 0 10 13 8 16 10 18 6 14 6 14 5 17 3 14 7 15 3 15 4 14 3 16 4 16 2 18 5 16 1 17 3 14 3 15 4 14 1 13 2 14 2 14 3 15 3 16 5 13 1 15 1 12 -1 0 4 16 4 13 4 15 2 15 3 15 6 11 6 14 2 11 2 11 7 11 7 11 6 12 5 12 4 14 8 11 6 10 4 13 8 11 7 14 6 11 6 14 6 11 8 12 6 12 6 13 8 11 2 -2 0 0 0 0 0 0 0 0 ]
CSI_DATA,AP,68:FE:71:12:53:8C,-40,11,0,0,0,0,0,0,0,0,0,-94,0,6,1,52565523,0,37,0,0,52.566,128,[84 -64 4 0 0 0 0 0 0 0 0 0 -12 -16 -8 -19 -10 -19 -10 -20 -7 -20 -7 -18 -8 -20 -6 -19 -8 -20 -4 -21 -6 -21 -6 -19 -6 -20 -4 -18 -6 -18 -6 -18 -2 -16 -6 -16 -3 -16 -3 -18 -2 -19 -6 -20 -4 -17 -2 -17 -4 -18 -5 -16 2 1 -3 -13 -4 -17 -6 -17 -6 -14 -6 -16 -3 -13 -7 -15 -4 -16 -4 -17 -9 -17 -5 -15 -6 -14 -10 -12 -10 -12 -9 -16 -8 -12 -9 -15 -7 -13 -11 -15 -9 -16 -7 -12 -9 -13 -11 -12 -11 -15 -10 -11 -8 -13 0 2 0 0 0 0 0 0 0 0 ]
CSI_DATA,AP,68:FE:71:12:53:8C,-39,11,1,6,1,1,1,0,0,0,0,-95,0,6,1,52668069,0,84,0,0,52.668,384,[84 -64 4 0 0 0 0 0 0 0 0 0 -11 -16 -9 -20 -10 -21 -8 -18 -7 -20 -8 -21 -7 -18 -6 -20 -3 -20 -4 -19 -3 -19 -5 -18 -4 -22 -6 -20 -2 -19 -3 -20 -2 -20 -2 -17 -4 -19 -3 -16 -4 -15 -2 -17 -1 -17 -3 -17 -1 -16 -4 -16 -1 -2 -2 -19 -3 -17 -2 -19 -3 -16 -5 -16 -5 -17 -3 -14 -7 -15 -7 -15 -7 -17 -8 -17 -6 -15 -4 -14 -9 -15 -6 -15 -7 -17 -6 -16 -6 -16 -9 -14 -11 -14 -11 -15 -8 -12 -10 -14 -8 -13 -8 -15 -11 -13 -1 2 0 0 0 0 0 0 0 0 ]
CSI_DATA,AP,68:FE:71:12:53:8C,-43,11,1,4,1,1,1,0,0,0,0,-95,0,6,1,52795392,0,84,0,0,52.795,384,[84 -64 4 0 0 0 0 0 0 0 0 0 -1 -20 0 -22 -4 -22 -3 -23 -2 -19 2 -19 1 -18 0 -20 3 -21 3 -19 3 -21 4 -21 2 -19 3 -21 1 -17 3 -19 5 -17 0 -18 3 -17 4 -18 5 -15 1 -16 4 -16 3 -18 1 -16 1 -17 -2 -2 2 -17 0 -17 3 -16 1 -18 2 -15 -1 -16 1 -17 0 -16 2 -15 -3 -16 -3 -14 -2 -13 -3 -17 0 -16 -3 -14 -5 -14 -5 -17 -3 -16 -1 -17 -4 -17 -1 -16 -2 -15 -3 -15 -5 -14 -5 -17 -6 -15 2 -2 0 0 0 0 0 0 0 0 ]
CSI_DATA,AP,68:FE:71:12:53:8C,-41,11,1,6,1,1,1,0,0,0,0,-94,0,6,1,52883426,0,84,0,0,52.883,384,[84 -64 4 0 0 0 0 0 0 0 0 0 -11 16 -11 13 -11 17 -11 17 -12 16 -13 16 -14 16 -15 12 -12 14 -14 11 -16 14 -13 11 -16 14 -15 12 -17 10 -17 13 -17 10 -16 12 -15 13 -16 9 -13 8 -12 11 -14 8 -15 8 -14 10 -14 10 -1 1 -14 8 -11 12 -14 13 -13 10 -13 12 -10 13 -11 13 -10 13 -9 11 -9 9 -12 12 -11 13 -9 10 -11 11 -11 11 -9 13 -11 14 -10 15 -8 13 -10 15 -6 14 -8 11 -6 14 -9 12 -6 11 -7 12 -2 1 0 0 0 0 0 0 0 0 ]
CSI_DATA,AP,68:FE:71:12:53:8C,-41,11,0,0,0,0,0,0,0,0,0,-93,0,6,1,52980105,0,37,0,0,52.98,128,[84 -64 4 0 0 0 0 0 0 0 0 0 -16 9 -15 4 -16 8 -15 7 -17 4 -15 4 -18 3 -15 3 -14 5 -14 2 -16 1 -16 4 -18 2 -14 3 -17 -1 -17 -1 -13 1 -17 0 -16 -1 -13 1 -14 2 -16 4 -16 -1 -14 1 -12 2 -13 3 0 1 -13 3 -12 5 -16 3 -14 2 -13 1 -12 3 -14 4 -14 1 -11 1 -11 1 -12 2 -14 3 -11 3 -12 6 -12 4 -13 5 -11 7 -10 3 -13 6 -9 5 -14 7 -12 6 -10 6 -14 6 -13 7 -11 5 1 -2 0 0 0 0 0 0 0 0 ]
CSI_DATA,AP,68:FE:71:12:53:8C,-38,11,1,7,1,1,1,0,0,0,0,-94,0,6,1,53103863,0,84,0,0,53.104,384,[84 -64 4 0 0 0 0 0 0 0 0 0 10 16 11 16 10 17 10 21 7 17 8 17 7 18 7 19 8 18 6 19 7 17 5 17 8 20 8 16 7 20 7 20 6 16 4 15 3 17 4 16 4 18 3 15 4 13 4 17 3 16 8 14 0 2 9 14 7 15 9 16 8 15 9 16 8 16 8 16 5 12 10 13 10 11 9 15 9 11 10 11 9 13 7 13 8 14 9 14 9 12 9 11 12 9 10 13 13 10 11 11 12 9 13 10 12 9 1 -2 0 0 0 0 0 0 0 0 ]
CSI_DATA,AP,68:FE:71:12:53:8C,-41,11,1,5,1,1,1,0,0,0,0,-95,0,6,1,53194886,0,84,0,0,53.195,384,[84 -64 4 0 0 0 0 0 0 0 0 0 -3 -22 -1 -21 -1 -24 -4 -21 -3 -22 0 -23 -1 -23 3 -20 1 -19 4 -22 2 -19 4 -21 5 -21 4 -21 4 -20 5 -19 1 -18 2 -21 3 -19 4 -19 4 -19 5 -17 3 -17 2 -21 2 -20 5 -16 -2 -1 1 -19 1 -18 2 -16 1 -19 3 -16 4 -17 1 -17 -1 -16 0 -15 1 -18 2 -18 -2 -15 0 -17 -1 -16 -1 -16 -3 -18 0 -17 0 -18 0 -17 -4 -14 -4 -16 0 -17 0 -17 -5 -20 0 -19 -3 -19 1 -1 0 0 0 0 0 0 0 0 ]
CSI_DATA,AP,68:FE:71:12:53:8C,-36,11,1,7,1,1,1,0,0,0,0,-94,0,6,1,53298450,0,84,0,0,53.298,384,[84 -64 4 0 0 0 0 0 0 0 0 0 -18 8 -21 7 -20 10 -22 9 -21 6 -20 5 -21 7 -19 6 -22 4 -20 5 -20 2 -21 6 -24 3 -23 4 -20 5 -24 5 -21 4 -19 2 -21 4 -18 2 -18 -1 -17 1 -20 -1 -19 1 -19 2 -20 1 0 -1 -20 1 -20 6 -17 4 -19 3 -15 3 -19 4 -16 2 -19 2 -16 5 -15 7 -19 5 -13 4 -15 5 -15 6 -16 6 -14 8 -18 8 -14 8 -18 7 -13 9 -17 10 -17 7 -16 9 -14 11 -17 7 -15 10 0 1 0 0 0 0 0 0 0 0 ]
CSI_DATA,AP,68:FE:71:12:53:8C,-37,11,1,5,1,1,1,0,0,0,0,-96,0,6,1,53408281,0,84,0,0,53.408,384,[84 -64 4 0 0 0 0 0 0 0 0 0 1 23 0 19 0 23 -2 21 -3 19 -7 19 -7 22 -5 20 -4 21 -8 17 -6 19 -6 22 -8 20 -8 21 -7 21 -10 19 -5 21 -5 16 -8 18 -6 20 -9 18 -5 19 -6 15 -9 16 -7 19 -8 18 1 -2 -4 17 -5 16 -3 19 -6 17 -6 15 -6 17 -4 17 -5 18 -1 14 -1 17 -3 16 -4 18 -2 18 -3 18 1 17 -3 17 -1 18 -1 16 -1 16 2 15 1 16 -1 17 2 16 2 17 1 18 3 16 1 2 0 0 0 0 0 0 0 0 ]
CSI_DATA,AP,68:FE:71:12:53:8C,-39,11,1,6,1,1,1,1,0,0,0,-94,1,6,1,53524206,0,84,0,0,53.524,384,[84 -64 4 0 0 0 0 0 0 0 0 0 -6 21 -6 19 -6 20 -9 20 -10 21 -9 19 -10 19 -10 19 -13 17 -12 17 -10 17 -12 18 -12 18 -13 19 -14 16 -15 18 -12 16 -10 15 -13 16 -13 14 -13 13 -10 15 -12 15 -11 15 -14 15 -14 14 1 -1 -13 13 -10 16 -11 17 -8 15 -8 13 -8 14 -9 15 -6 16 -10 13 -8 16 -10 18 -8 15 -8 14 -9 18 -8 16 -7 15 -7 16 -7 17 -5 17 -4 16 -8 17 -4 18 -5 18 -6 15 -4 16 -2 17 -1 1 0 0 0 0 0 0 0 0 ]
CSI_DATA,AP,68:FE:71:12:53:8C,-38,11,1,7,1,1,1,0,0,0,0,-95,0,6,1,53643711,0,84,0,0,53.644,384,[84 -64 4 0 0 0 0 0 0 0 0 0 14 17 12 15 13 19 15 18 11 19 11 19 12 19 8 16 11 16 11 15 11 20 9 17 7 19 9 16 8 18 10 19 7 20 6 14 8 18 7 17 6 19 7 16 7 14 6 15 7 18 8 15 1 1 5 17 7 15 9 15 6 13 7 16 6 14 10 17 7 12 6 16 7 13 11 13 9 15 7 13 8 11 11 14 9 14 11 11 10 14 9 14 10 13 13 12 11 11 12 11 14 13 11 12 12 11 -2 -2 0 0 0 0 0 0 0 0 ]
CSI_DATA,AP,68:FE:71:12:53:8C,-36,11,1,7,1,1,1,0,0,0,0,-93,0,6,1,53777189,0,84,0,0,53.777,384,[84 -64 4 0 0 0 0 0 0 0 0 0 20 0 22 3 21 1 22 2 21 4 19 2 19 4 19 5 18 6 18 8 23 7 20 7 21 8 22 7 17 9 18 7 18 9 18 7 17 7 17 6 15 6 15 9 16 4 17 8 18 6 17 6 0 2 19 4 18 6 20 3 15 4 16 6 17 3 15 3 17 1 14 1 16 2 18 1 15 2 19 3 15 0 15 1 18 -1 18 2 18 -3 18 1 18 -2 18 0 16 -1 18 -2 18 0 15 0 15 -2 0 0 0 0 0 0 0 0 0 0 ]
CSI_DATA,AP,68:FE:71:12:53:8C,-38,11,1,6,1,1,1,0,0,0,0,-95,0,6,1,53894613,0,84,0,0,53.895,384,[84 -64 4 0 0 0 0 0 0 0 0 0 18 -6 19 -9 21 -6 20 -7 18 -5 17 -3 19 -5 18 -2 20 -5 18 -5 22 -4 19 -4 22 -1 18 -4 16 -3 22 -4 19 -3 19 -3 19 1 16 -2 19 1 16 0 15 -2 16 -1 18 -2 16 -1 -2 2 15 -2 19 -3 17 -2 18 -4 15 -4 16 -5 18 -5 15 -3 17 -5 17 -7 15 -4 12 -5 16 -3 13 -5 17 -8 16 -8 13 -5 15 -8 16 -7 14 -7 14 -6 12 -9 16 -7 16 -7 15 -8 14 -9 2 1 0 0 0 0 0 0 0 0 ]
CSI_DATA,AP,68:FE:71:12:53:8C,-42,11,1,6,1,1,1,0,0,0,0,-94,0,6,1,53991237,0,84,0,0,53.991,384,[84 -64 4 0 0 0 0 0 0 0 0 0 -16 14 -17 11 -16 13 -19 13 -19 8 -16 9 -19 6 -16 8 -20 9 -19 6 -21 9 -20 10 -18 9 -21 7 -18 5 -21 6 -16 4 -16 7 -17 3 -17 6 -19 2 -17 6 -17 4 -18 4 -16 6 -16 4 1 0 -14 4 -16 5 -17 7 -16 6 -14 6 -16 8 -17 9 -13 5 -12 6 -14 7 -12 12 -12 8 -15 11 -15 9 -15 8 -14 8 -15 11 -13 10 -11 12 -12 12 -15 12 -14 8 -10 12 -12 15 -11 10 -11 9 -1 0 0 0 0 0 0 0 0 0 ]
CSI_DATA,AP,68:FE:71:12:53:8C,-41,11,1,4,1,1,1,1,0,0,1,-95,5,6,1,54082734,0,84,0,0,54.083,384,[84 -64 4 0 0 0 0 0 0 0 0 0 -10 -18 -12 -17 -12 -21 -9 -22 -9 -22 -10 -18 -7 -17 -7 -20 -8 -19 -6 -19 -8 -22 -9 -19 -4 -21 -7 -17 -5 -18 -4 -21 -4 -17 -8 -19 -7 -17 -6 -17 -3 -19 -5 -20 -6 -15 -5 -20 -7 -20 -6 -16 -1 0 -4 -15 -7 -15 -8 -15 -5 -14 -7 -13 -8 -18 -7 -16 -7 -17 -9 -14 -10 -12 -7 -13 -6 -12 -9 -15 -11 -14 -10 -15 -9 -14 -11 -16 -10 -11 -10 -15 -13 -11 -13 -14 -13 -16 -10 -14 -11 -11 -10 -14 -12 -11 -1 -2 0 0 0 0 0 0 0 0 ]
CSI_DATA,AP,68:FE:71:12:53:8C,-38,11,1,6,1,1,1,0,0,0,0,-95,0,6,1,54213926,0,84,0,0,54.214,384,[84 -64 4 0 0 0 0 0 0 0 0 0 -23 -9 -20 -7 -24 -9 -22 -9 -19 -8 -20 -7 -17 -10 -15 -9 -18 -11 -18 -9 -19 -12 -19 -14 -18 -11 -18 -13 -14 -13 -20 -10 -15 -10 -17 -12 -16 -13 -15 -11 -13 -14 -14 -13 -15 -14 -15 -10 -16 -13 -17 -10 1 -1 -12 -11 -13 -12 -18 -11 -18 -9 -12 -12 -15 -10 -15 -8 -16 -10 -17 -9 -17 -5 -14 -6 -13 -6 -14 -8 -17 -5 -14 -6 -16 -5 -16 -5 -14 -3 -17 -7 -14 -3 -15 -5 -14 -6 -18 -4 -18 -7 -16 -6 -19 -5 -2 -1 0 0 0 0 0 0 0 0 ]
CSI_DATA,AP,68:FE:71:12:53:8C,-39,11,1,6,1,1,1,0,0,0,0,-94,0,6,1,54295032,0,84,0,0,54.295,384,[84 -64 4 0 0 0 0 0 0 0 0 0 21 -6 19 -6 22 -4 20 -3 21 -3 20 -2 22 -3 21 1 20 -2 21 0 20 -3 23 -2 21 -1 20 2 18 0 22 -2 19 -1 20 -2 19 -2 19 3 19 3 20 2 14 1 19 1 18 -2 19 1 1 0 15 -3 16 1 17 -2 18 -2 16 1 18 -2 18 -4 15 -5 18 -1 14 -5 17 -3 15 -2 14 -3 17 -5 17 -2 18 -7 14 -6 16 -4 15 -4 14 -7 14 -3 15 -6 14 -4 18 -9 15 -5 17 -6 -1 -2 0 0 0 0 0 0 0 0 ]
CSI_DATA,AP,68:FE:71:12:53:8C,-40,11,1,6,1,1,1,0,0,0,0,-96,0,6,1,54399154,0,84,0,0,54.399,384,[84 -64 4 0 0 0 0 0 0 0 0 0 21 7 19 6 17 11 21 10 19 9 16 12 18 10 16 11 17 12 16 11 18 14 19 13 16 10 17 14 17 12 13 12 14 12 13 13 14 10 13 12 11 12 14 11 10 13 16 10 16 10 15 12 1 0 13 8 14 9 15 12 14 7 15 8 16 10 15 10 11 10 13 8 11 9 14 7 16 5 15 7 14 8 13 9 13 7 14 4 17 4 17 6 17 2 17 5 14 4 17 3 18 4 15 4 16 3 0 -1 0 0 0 0 0 0 0 0 ]
CSI_DATA,AP,68:FE:71:12:53:8C,-39,11,1,6,1,1,1,1,0,0,0,-94,5,6,1,54544323,0,84,0,0,54.544,384,[84 -64 4 0 0 0 0 0 0 0 0 0 -12 -18 -9 -15 -11 -19 -10 -21 -13 -18 -11 -20 -6 -21 -8 -18 -8 -21 -6 -17 -8 -22 -5 -21 -8 -20 -8 -18 -4 -16 -7 -18 -7 -17 -7 -20 -6 -19 -7 -20 -3 -19 -7 -18 -7 -18 -8 -16 -4 -18 -8 -19 2 2 -5 -15 -7 -16 -9 -15 -6 -15 -6 -18 -7 -16 -7 -14 -9 -17 -10 -16 -9 -13 -10 -12 -9 -13 -7 -12 -11 -14 -12 -14 -11 -12 -10 -14 -11 -12 -9 -13 -9 -10 -10 -14 -9 -15 -11 -13 -11 -14 -11 -12 -11 -12 0 2 0 0 0 0 0 0 0 0 ]
CSI_DATA,AP,68:FE:71:12:53:8C,-36,11,1,6,1,1,1,0,0,0,0,-95,0,6,1,54620588,0,84,0,0,54.621,384,[84 -64 4 0 0 0 0 0 0 0 0 0 16 -8 15 -7 21 -10 19 -7 18 -6 16 -5 18 -5 19 -4 18 -4 17 -4 20 -2 22 -2 17 -2 19 -3 17 -1 17 -2 16 -1 18 0 16 -1 18 -1 17 -4 16 -4 15 -1 16 -1 18 -1 16 -2 -1 -2 18 -1 16 -1 18 -6 15 -5 15 -5 15 -5 18 -3 16 -6 14 -7 14 -6 17 -5 12 -3 14 -3 13 -3 14 -6 14 -4 17 -8 15 -7 14 -9 13 -6 15 -6 12 -7 16 -5 12 -7 12 -7 12 -10 0 1 0 0 0 0 0 0 0 0 ]
CSI_DATA,AP,68:FE:71:12:53:8C,-42,11,1,6,1,1,1,0,0,0,0,-94,0,6,1,54740386,0,84,0,0,54.74,384,[84 -64 4 0 0 0 0 0 0 0 0 0 -20 2 -21 4 -23 2 -24 4 -20 0 -19 0 -19 -2 -21 -3 -22 -1 -23 -2 -20 -2 -24 0 -20 -1 -19 -3 -18 -3 -20 -1 -19 -2 -18 -4 -21 -3 -21 -3 -19 -2 -19 -2 -18 -3 -17 0 -20 0 -21 0 1 1 -18 -1 -17 -2 -20 2 -17 0 -19 2 -19 0 -16 -2 -17 2 -15 2 -15 3 -20 0 -18 3 -16 5 -18 3 -16 4 -20 3 -17 2 -14 6 -18 6 -16 7 -18 3 -17 3 -17 3 -15 8 -17 7 -16 4 0 1 0 0 0 0 0 0 0 0 ]
CSI_DATA,AP,68:FE:71:12:53:8C,-41,11,1,6,1,1,1,0,0,0,0,-93,0,6,1,54807453,0,84,0,0,54.807,384,[84 -64 4 0 0 0 0 0 0 0 0 0 -19 -11 -18 -10 -17 -10 -21 -12 -20 -14 -19 -15 -15 -12 -18 -15 -17 -11 -14 -12 -18 -13 -14 -13 -17 -12 -16 -16 -14 -14 -12 -16 -13 -13 -13 -13 -16 -15 -16 -11 -13 -13 -13 -12 -11 -11 -16 -12 -16 -15 -12 -15 2 0 -15 -14 -15 -12 -15 -11 -12 -12 -15 -9 -13 -9 -16 -11 -12 -9 -14 -11 -15 -10 -16 -11 -15 -10 -13 -9 -17 -7 -13 -9 -17 -6 -16 -7 -14 -5 -17 -5 -15 -6 -16 -5 -14 -8 -17 -5 -17 -7 -14 -7 -16 -3 1 -2 0 0 0 0 0 0 0 0 ]
CSI_DATA,AP,68:FE:71:12:53:8C,-41,11,1,5,1,1,1,0,0,0,0,-93,0,6,1,54920879,0,84,0,0,54.921,384,[84 -64 4 0 0 0 0 0 0 0 0 0 -10 -16 -8 -15 -8 -18 -12 -21 -7 -20 -9 -17 -8 -18 -5 -19 -6 -19 -8 -18 -8 -22 -8 -19 -6 -18 -7 -18 -7 -17 -6 -20 -4 -16 -5 -16 -3 -17 -3 -18 -5 -15 -2 -16 -6 -14 -5 -17 -5 -19 -7 -18 1 -1 -4 -16 -5 -15 -7 -15 -5 -16 -5 -14 -6 -16 -5 -16 -6 -16 -5 -14 -5 -13 -9 -17 -5 -14 -8 -16 -10 -16 -6 -14 -9 -14 -7 -13 -10 -11 -8 -16 -10 -13 -7 -12 -9 -12 -12 -14 -12 -11 -9 -15 -9 -11 -2 0 0 0 0 0 0 0 0 0 ]
CSI_DATA,AP,68:FE:71:12:53:8C,-41,11,1,5,1,1,1,1,0,0,0,-95,5,6,1,55021255,0,84,0,0,55.021,384,[84 -64 4 0 0 0 0 0 0 0 0 0 -14 17 -13 15 -14 19 -15 15 -16 15 -14 14 -15 12 -17 15 -14 11 -14 11 -15 12 -15 12 -18 13 -18 12 -14 10 -18 13 -18 9 -16 11 -17 13 -15 9 -14 12 -14 10 -16 10 -14 10 -13 12 -16 11 -1 1 -12 10 -12 10 -11 12 -12 9 -14 10 -11 10 -14 11 -10 9 -11 11 -12 13 -13 16 -9 10 -10 12 -13 13 -12 13 -12 12 -13 14 -10 11 -8 15 -7 16 -8 13 -9 11 -10 14 -7 15 -10 12 -6 16 2 2 0 0 0 0 0 0 0 0 ]
CSI_DATA,AP,68:FE:71:12:53:8C,-40,11,1,4,1,1,1,0,0,0,0,-94,0,6,1,55126490,0,84,0,0,55.126,384,[84 -64 4 0 0 0 0 0 0 0 0 0 -18 -6 -17 -5 -17 -8 -19 -5 -19 -7 -18 -6 -18 -8 -17 -9 -19 -8 -14 -8 -15 -11 -18 -12 -18 -13 -14 -10 -15 -11 -18 -9 -14 -11 -15 -10 -14 -9 -16 -9 -14 -11 -13 -10 -14 -7 -13 -10 -15 -9 -13 -11 2 -2 -12 -10 -15 -9 -16 -9 -14 -8 -12 -9 -16 -9 -13 -9 -13 -6 -16 -5 -12 -4 -15 -8 -12 -6 -13 -3 -16 -4 -17 -5 -14 -4 -16 -5 -15 -6 -16 -5 -14 -2 -15 -4 -16 -4 -13 -1 -14 -4 -15 -4 -14 -3 2 1 0 0 0 0 0 0 0 0 ]
CSI_DATA,AP,68:FE:71:12:53:8C,-38,11,1,6,1,1,1,0,0,0,0,-95,0,6,1,55240031,0,84,0,0,55.24,384,[84 -64 4 0 0 0 0 0 0 0 0 0 -3 14 -7 17 -7 15 -7 15 -6 16 -6 13 -8 15 -12 12 -8 12 -9 13 -10 13 -12 11 -11 15 -9 11 -12 14 -9 13 -10 10 -6 9 -8 11 -7 13 -9 10 -8 13 -6 11 -9 14 -8 13 -11 14 0 -1 -9 11 -6 13 -5 11 -5 11 -7 12 -7 13 -8 13 -6 13 -8 11 -5 14 -4 12 -6 13 -4 15 -6 12 -6 15 -7 15 -7 13 -3 13 -6 13 -5 14 -6 16 -3 11 -5 13 -3 15 -6 14 -1 12 0 1 0 0 0 0 0 0 0 0 ]
CSI_DATA,AP,68:FE:71:12:53:8C,-42,11,1,4,1,1,1,0,0,0,0,-94,0,6,1,55370498,0,84,0,0,55.37,384,[84 -64 4 0 0 0 0 0 0 0 0 0 4 21 7 17 5 22 6 23 3 18 6 19 5 19 6 17 2 18 3 17 3 19 4 21 3 18 5 16 1 16 4 20 2 19 1 19 2 16 0 18 1 15 1 18 1 15 4 17 3 19 1 15 -2 1 5 16 5 13 6 16 6 13 3 17 3 16 6 13 4 15 4 14 3 13 7 13 7 13 3 16 5 11 4 15 7 12 5 15 8 13 5 14 6 11 4 15 3 12 7 16 8 17 7 16 5 15 2 2 0 0 0 0 0 0 0 0 ]
CSI_DATA,AP,68:FE:71:12:53:8C,-36,11,1,6,1,1,1,0,0,0,1,-96,0,6,1,55498376,0,84,0,0,55.498,384,[84 -64 4 0 0 0 0 0 0 0 0 0 18 4 16 4 17 5 16 6 17 5 18 4 17 8 15 6 18 7 14 9 15 9 16 5 18 6 15 10 16 9 14 6 16 7 11 8 16 7 15 8 13 9 13 10 11 6 11 7 14 8 12 8 0 0 12 9 14 5 16 6 13 4 11 6 13 6 12 5 12 5 13 4 10 6 14 3 12 4 14 4 12 2 12 5 14 4 15 6 14 0 13 5 11 0 12 3 16 3 16 -1 15 2 16 0 15 2 1 0 0 0 0 0 0 0 0 0 ]
CSI_DATA,AP,68:FE:71:12:53:8C,-39,11,1,6,1,1,1,0,0,0,0,-94,0,6,1,55636668,0,84,0,0,55.637,384,[84 -64 4 0 0 0 0 0 0 0 0 0 1 -16 -2 -19 2 -18 1 -18 0 -21 0 -18 2 -16 0 -17 2 -17 3 -16 1 -17 1 -18 6 -18 5 -17 4 -17 2 -14 6 -18 3 -15 7 -14 7 -13 4 -12 7 -14 3 -11 6 -15 5 -13 2 -13 0 2 5 -16 3 -17 5 -16 3 -13 4 -12 5 -16 5 -17 4 -12 2 -15 0 -12 0 -15 -1 -15 3 -15 1 -13 0 -16 1 -17 -1 -18 1 -12 0 -15 1 -12 -3 -14 0 -14 0 -15 -4 -13 -2 -16 -2 -13 2 -1 0 0 0 0 0 0 0 0 ]
CSI_DATA,AP,68:FE:71:12:53:8C,-42,11,1,4,1,1,1,0,0,0,0,-94,0,6,1,55729687,0,84,0,0,55.73,384,[84 -64 4 0 0 0 0 0 0 0 0 0 20 -10 23 -13 20 -11 25 -10 23 -9 24 -6 25 -6 23 -4 25 -7 25 -6 23 -3 25 -4 26 -6 23 -3 22 -4 27 -5 25 -4 22 -5 25 -3 23 -3 21 -1 22 0 22 -1 22 -5 22 -2 21 -4 -1 0 21 -2 23 -6 23 -4 22 -6 23 -4 21 -2 22 -4 21 -6 19 -7 19 -6 19 -8 21 -4 18 -10 19 -7 21 -7 20 -6 22 -11 23 -7 21 -9 17 -10 19 -10 17 -8 20 -11 20 -12 18 -8 20 -9 1 -1 0 0 0 0 0 0 0 0 ]
CSI_DATA,AP,68:FE:71:12:53:8C,-38,11,0,0,0,0,0,0,0,0,0,-93,0,6,1,55841592,0,37,0,0,55.842,128,[84 -64 4 0 0 0 0 0 0 0 0 0 -19 -12 -18 -16 -18 -14 -16 -16 -15 -17 -16 -14 -12 -17 -13 -18 -14 -19 -14 -18 -11 -19 -13 -18 -11 -18 -9 -16 -12 -19 -13 -16 -9 -16 -9 -17 -9 -17 -11 -19 -8 -17 -11 -19 -9 -15 -7 -15 -11 -18 -9 -16 -2 2 -7 -14 -8 -16 -12 -12 -13 -12 -11 -15 -12 -16 -9 -16 -11 -15 -12 -11 -12 -12 -11 -11 -10 -10 -13 -12 -10 -11 -12 -10 -11 -11 -14 -11 -13 -8 -15 -11 -16 -9 -15 -10 -12 -11 -15 -10 -13 -10 -12 -9 -16 -11 -1 -2 0 0 0 0 0 0 0 0 ]
CSI_DATA,AP,68:FE:71:12:53:8C,-42,11,1,4,1,1,1,0,0,0,0,-94,0,6,1,55956314,0,84,0,0,55.956,384,[84 -64 4 0 0 0 0 0 0 0 0 0 16 -16 14 -17 14 -17 16 -12 15 -14 17 -12 13 -10 13 -10 15 -12 16 -11 14 -10 17 -9 15 -8 16 -8 13 -6 14 -8 12 -7 11 -6 11 -5 9 -7 10 -6 8 -7 9 -7 8 -9 9 -9 8 -7 -1 -1 10 -6 8 -10 6 -10 9 -9 7 -9 8 -10 8 -8 8 -11 6 -7 7 -8 7 -10 4 -8 6 -9 7 -12 3 -13 3 -10 6 -10 6 -13 3 -11 3 -13 4 -15 3 -13 3 -13 6 -16 4 -11 2 -13 2 2 0 0 0 0 0 0 0 0 ]
CSI_DATA,AP,68:FE:71:12:53:8C,-39,11,1,6,1,1,1,0,0,0,0,-95,0,6,1,56047767,0,84,0,0,56.048,384,[84 -64 4 0 0 0 0 0 0 0 0 0 -18 -6 -19 -9 -19 -10 -18 -9 -20 -12 -16 -8 -16 -10 -15 -11 -14 -10 -13 -9 -15 -9 -13 -12 -15 -10 -13 -10 -10 -12 -12 -9 -14 -9 -10 -6 -10 -10 -10 -9 -10 -9 -11 -5 -10 -6 -10 -8 -9 -8 -11 -7 1 -1 -11 -7 -9 -2 -10 -3 -9 -4 -9 -1 -10 -3 -10 -4 -10 -3 -10 -2 -12 -3 -12 0 -8 -1 -12 2 -8 -2 -8 3 -12 2 -13 3 -8 2 -9 3 -11 1 -10 2 -8 3 -10 4 -10 5 -10 4 -12 4 1 2 0 0 0 0 0 0 0 0 ]
CSI_DATA,AP,68:FE:71:12:53:8C,-41,11,1,4,1,1,1,0,0,0,0,-95,0,6,1,56163911,0,84,0,0,56.164,384,[84 -64 4 0 0 0 0 0 0 0 0 0 -31 -16 -28 -13 -30 -15 -30 -14 -26 -14 -27 -17 -27 -19 -21 -17 -25 -18 -21 -15 -21 -19 -22 -15 -19 -18 -21 -15 -20 -17 -17 -18 -19 -15 -16 -16 -17 -13 -16 -15 -15 -12 -16 -9 -13 -9 -17 -8 -18 -8 -13 -7 -1 -2 -13 -7 -13 -7 -15 -5 -14 -6 -12 -4 -13 -5 -14 -5 -13 -2 -11 -1 -11 -3 -16 1 -15 -1 -12 2 -13 2 -12 2 -15 4 -13 4 -11 3 -12 3 -10 6 -10 3 -13 5 -10 6 -12 8 -13 3 -10 6 0 1 0 0 0 0 0 0 0 0 ]
CSI_DATA,AP,68:FE:71:12:53:8C,-39,11,1,6,1,1,1,0,0,0,0,-95,0,6,1,56303073,0,84,0,0,56.303,384,[84 -64 4 0 0 0 0 0 0 0 0 0 14 18 15 16 17 17 14 17 11 19 9 18 12 17 8 18 10 16 11 15 12 19 12 18 8 20 8 15 9 15 8 17 10 16 6 17 9 15 7 18 6 13 8 14 6 13 8 14 7 16 10 13 1 0 9 15 8 14 10 11 9 14 8 12 11 10 10 11 8 10 10 12 12 9 12 11 9 11 9 13 11 11 12 12 10 11 10 10 12 9 10 9 11 9 11 8 11 9 12 7 11 11 10 8 12 10 -2 2 0 0 0 0 0 0 0 0 ]
CSI_DATA,AP,68:FE:71:12:53:8C,-35,11,1,5,1,1,1,0,0,0,0,-96,0,6,1,56441995,0,84,0,0,56.442,384,[84 -64 4 0 0 0 0 0 0 0 0 0 15 -14 14 -11 16 -14 14 -14 15 -15 14 -11 16 -11 18 -10 17 -10 15 -10 20 -13 16 -9 17 -11 17 -11 20 -11 19 -12 17 -9 18 -10 17 -10 16 -9 17 -8 20 -10 17 -6 16 -9 19 -9 17 -9 -1 1 16 -12 20 -11 18 -12 15 -10 19 -8 18 -10 16 -9 15 -11 17 -12 18 -12 16 -14 18 -9 16 -10 14 -14 15 -14 15 -14 20 -12 18 -15 17 -14 15 -13 17 -9 17 -10 15 -10 16 -13 18 -11 15 -10 2 1 0 0 0 0 0 0 0 0 ]
CSI_DATA,AP,68:FE:71:12:53:8C,-41,11,1,5,1,1,1,0,0,0,0,-94,0,6,1,56555543,0,84,0,0,56.556,384,[84 -64 4 0 0 0 0 0 0 0 0 0 17 -14 15 -10 16 -10 19 -10 20 -11 21 -11 21 -8 21 -7 17 -7 17 -7 21 -7 22 -5 21 -7 20 -8 19 -7 17 -3 20 -4 15 -6 19 -5 19 -6 18 -4 15 -6 15 -3 17 -6 16 -6 17 -4 -2 -2 17 -5 16 -4 15 -6 16 -6 16 -6 15 -6 14 -4 16 -5 15 -8 12 -7 16 -10 15 -6 13 -9 14 -10 13 -8 16 -10 13 -10 12 -10 13 -8 11 -8 15 -10 11 -8 10 -11 10 -12 11 -12 11 -12 0 0 0 0 0 0 0 0 0 0 ]
CSI_DATA,AP,68:FE:71:12:53:8C,-38,11,1,6,1,1,1,0,0,0,0,-95,0,6,1,56675616,0,84,0,0,56.676,384,[84 -64 4 0 0 0 0 0 0 0 0 0 11 -14 10 -10 13 -12 15 -10 16 -11 16 -12 15 -9 15 -11 18 -12 18 -11 16 -13 18 -11 20 -9 21 -11 18 -7 21 -7 21 -8 18 -6 17 -9 21 -8 19 -6 17 -8 18 -7 18 -10 19 -6 20 -6 2 -1 21 -5 17 -10 19 -10 19 -7 19 -7 21 -11 16 -10 18 -8 15 -10 16 -13 16 -11 17 -12 14 -14 13 -14 14 -13 16 -16 19 -15 14 -15 17 -13 15 -11 19 -11 18 -11 13 -15 16 -15 13 -12 16 -13 0 1 0 0 0 0 0 0 0 0 ]
CSI_DATA,AP,68:FE:71:12:53:8C,-41,11,1,6,1,1,1,0,0,0,0,-94,0,6,1,56810980,0,84,0,0,56.811,384,[84 -64 4 0 0 0 0 0 0 0 0 0 -9 -16 -8 -16 -12 -19 -9 -16 -10 -19 -7 -17 -7 -19 -7 -18 -8 -22 -5 -23 -6 -24 -3 -23 -3 -23 -6 -20 -4 -20 -7 -26 -1 -22 -4 -21 -3 -24 0 -25 -3 -21 -2 -22 0 -19 -3 -23 1 -25 0 -22 -1 0 -1 -20 -3 -25 -2 -23 -4 -20 -5 -23 -1 -22 -2 -22 -5 -20 -5 -23 -6 -21 -6 -20 -7 -19 -5 -20 -4 -17 -4 -20 -4 -19 -8 -22 -10 -19 -7 -20 -10 -21 -5 -22 -10 -18 -6 -18 -10 -19 -6 -21 -8 -18 -2 2 0 0 0 0 0 0 0 0 ]
CSI_DATA,AP,68:FE:71:12:53:8C,-37,11,1,6,1,1,1,0,0,0,0,-94,0,6,1,56935301,0,84,0,0,56.935,384,[84 -64 4 0 0 0 0 0 0 0 0 0 13 0 11 3 13 0 12 3 11 4 10 5 10 6 10 5 13 3 12 2 13 5 10 7 9 7 9 6 11 7 12 3 11 4 10 4 9 2 11 3 7 2 8 5 9 2 9 2 8 5 8 6 -1 0 9 5 10 4 7 5 9 4 7 4 9 1 9 1 10 0 11 0 9 1 8 0 8 2 8 0 10 3 11 -1 9 -2 8 1 9 -1 11 0 9 -2 9 -2 7 0 11 -3 11 -2 10 -3 9 -1 -2 -2 0 0 0 0 0 0 0 0 ]
CSI_DATA,AP,68:FE:71:12:53:8C,-39,11,1,6,1,1,1,0,0,0,0,-93,0,6,1,57035085,0,84,0,0,57.035,384,[82 -96 4 0 0 0 0 0 0 0 0 0 -19 5 -18 5 -21 6 -20 5 -22 2 -22 3 -18 5 -20 3 -20 3 -20 3 -18 1 -21 3 -20 0 -18 -1 -19 3 -21 -1 -21 1 -21 1 -20 1 -17 1 -20 -1 -16 -2 -16 2 -18 0 -20 -2 -15 -1 0 0 -18 3 -16 -1 -14 1 -17 3 -16 0 -15 2 -18 3 -15 4 -14 2 -15 4 -14 2 -18 3 -14 5 -18 5 -15 5 -15 4 -13 6 -14 5 -16 7 -16 8 -14 7 -14 5 -15 9 -14 8 -17 6 -16 5 2 2 0 0 0 0 0 0 0 0 ]
CSI_DATA,AP,68:FE:71:12:53:8C,-37,11,1,6,1,1,1,0,0,0,0,-95,0,6,1,57150802,0,84,0,0,57.151,384,[84 -64 4 0 0 0 0 0 0 0 0 0 -2 20 -5 18 -5 16 -3 19 -3 15 -5 16 -6 17 -6 18 -6 17 -7 15 -8 16 -6 16 -9 17 -10 16 -10 18 -7 13 -10 16 -9 12 -10 17 -10 13 -6 15 -6 12 -9 14 -9 15 -9 16 -8 13 -2 -1 -8 12 -5 12 -5 16 -7 13 -8 15 -3 12 -8 12 -2 12 -3 12 -6 14 -3 13 -1 16 -1 12 -2 13 -2 15 -5 13 1 15 0 16 -1 13 0 14 0 15 -1 13 -2 16 2 16 -2 15 1 13 2 -2 0 0 0 0 0 0 0 0 ]
CSI_DATA,AP,68:FE:71:12:53:8C,-44,11,1,5,1,1,1,0,0,0,0,-94,0,6,1,57255119,0,84,0,0,57.255,384,[84 -64 4 0 0 0 0 0 0 0 0 0 -17 -5 -19 -6 -21 -3 -20 -8 -18 -4 -18 -7 -18 -5 -16 -8 -18 -7 -19 -9 -18 -8 -16 -7 -16 -7 -14 -7 -16 -7 -15 -9 -14 -9 -13 -8 -17 -9 -15 -7 -16 -6 -13 -7 -15 -8 -13 -7 -15 -5 -14 -9 -1 2 -15 -5 -14 -5 -14 -4 -12 -6 -15 -5 -16 -6 -13 -4 -12 -5 -11 -5 -12 -6 -15 -2 -14 -2 -12 -4 -14 -3 -12 -6 -14 -2 -16 -4 -15 -4 -15 -4 -17 -5 -15 -1 -16 -2 -13 -1 -16 -3 -13 1 -14 0 2 -1 0 0 0 0 0 0 0 0 ]
CSI_DATA,AP,68:FE:71:12:53:8C,-38,11,1,5,1,1,1,0,0,0,0,-93,0,6,1,57356993,0,84,0,0,57.357,384,[84 -64 4 0 0 0 0 0 0 0 0 0 -30 -20 -30 -24 -29 -22 -27 -25 -27 -23 -28 -26 -28 -28 -25 -26 -23 -31 -25 -25 -24 -27 -23 -28 -23 -30 -23 -28 -21 -28 -19 -31 -20 -29 -20 -26 -21 -30 -18 -30 -19 -30 -17 -29 -16 -26 -21 -26 -18 -29 -18 -27 1 0 -17 -26 -19 -25 -17 -27 -21 -26 -20 -26 -21 -24 -18 -26 -17 -25 -18 -22 -23 -23 -21 -20 -21 -20 -22 -24 -23 -22 -23 -21 -23 -22 -23 -22 -21 -19 -24 -20 -24 -20 -22 -20 -22 -19 -25 -20 -25 -20 -26 -21 -27 -20 0 -1 0 0 0 0 0 0 0 0 ]
CSI_DATA,AP,68:FE:71:12:53:8C,-45,11,1,4,1,1,1,0,0,0,0,-95,0,6,1,57439096,0,84,0,0,57.439,384,[84 -64 4 0 0 0 0 0 0 0 0 0 13 15 13 13 13 14 12 17 12 16 10 13 11 14 10 15 10 18 9 13 9 17 6 16 10 14 6 16 6 17 6 18 8 13 8 13 5 16 7 16 9 16 6 13 8 12 9 15 5 16 6 16 -2 0 6 14 5 12 9 11 7 11 6 13 8 10 8 11 10 12 8 11 9 11 10 13 8 12 9 10 11 9 8 9 11 11 11 12 9 8 12 11 10 10 10 11 11 7 12 9 14 8 10 10 10 10 -1 -1 0 0 0 0 0 0 0 0 ]
CSI_DATA,AP,68:FE:71:12:53:8C,-42,11,1,5,1,1,1,0,0,0,0,-94,0,6,1,57538775,0,84,0,0,57.539,384,[84 -64 4 0 0 0 0 0 0 0 0 0 13 13 10 17 10 16 10 19 10 18 9 18 9 18 8 18 6 19 7 19 6 17 5 16 8 19 8 16 4 18 8 20 4 16 5 14 6 17 4 17 3 14 5 18 6 15 6 15 6 16 6 14 0 1 8 14 7 14 7 13 7 16 8 14 7 15 7 16 6 11 9 15 7 12 7 12 10 14 8 14 8 10 9 14 7 15 11 9 10 11 11 11 9 13 11 12 10 11 8 11 12 12 9 10 10 9 -1 0 0 0 0 0 0 0 0 0 ]
CSI_DATA,AP,68:FE:71:12:53:8C,-43,11,1,4,1,1,1,0,0,0,0,-95,0,6,1,57670267,0,84,0,0,57.67,384,[84 -64 4 0 0 0 0 0 0 0 0 0 -19 9 -16 11 -20 8 -19 7 -19 7 -20 8 -21 7 -17 5 -18 8 -18 7 -19 4 -21 4 -18 4 -17 4 -18 4 -18 3 -19 2 -19 7 -17 2 -19 2 -16 5 -18 2 -16 2 -18 3 -17 4 -16 6 1 -2 -15 5 -14 3 -16 7 -15 4 -14 4 -14 8 -17 6 -16 5 -17 8 -14 6 -13 8 -13 7 -12 10 -15 9 -13 6 -12 8 -14 9 -16 8 -12 9 -14 7 -13 9 -15 9 -15 11 -11 9 -12 12 -10 9 0 0 0 0 0 0 0 0 0 0 ]
CSI_DATA,AP,68:FE:71:12:53:8C,-44,11,1,5,1,1,1,0,0,0,0,-96,0,6,1,57760798,0,84,0,0,57.761,384,[84 -64 4 0 0 0 0 0 0 0 0 0 15 15 11 17 10 14 12 17 13 16 11 17 11 18 9 18 10 16 7 20 8 16 6 19 11 20 8 16 8 19 5 20 9 17 4 15 7 19 4 18 4 18 6 18 7 18 7 17 7 15 7 14 -2 -1 4 13 9 17 5 15 10 13 5 14 7 16 8 12 10 13 8 15 9 13 10 13 9 10 9 12 7 14 10 13 10 13 9 11 13 12 10 14 9 9 10 14 13 9 12 13 12 10 14 9 10 11 1 1 0 0 0 0 0 0 0 0 ]
CSI_DATA,AP,68:FE:71:12:53:8C,-39,11,1,6,1,1,1,0,0,0,0,-94,0,6,1,57877932,0,84,0,0,57.878,384,[84 -64 4 0 0 0 0 0 0 0 0 0 5 20 3 15 4 20 0 19 3 17 -1 18 -2 20 -1 17 -2 20 1 19 -3 17 -3 16 -2 18 -2 18 -4 15 -3 19 -1 14 -2 14 0 15 -2 18 -2 18 -2 15 -4 13 -1 15 -3 18 -3 16 0 -2 0 16 0 13 1 13 -1 17 -1 12 -1 16 1 15 3 12 2 16 0 13 1 12 2 13 4 15 3 15 2 16 6 16 2 14 3 15 3 15 3 13 4 15 7 13 7 16 4 16 6 14 7 11 -1 1 0 0 0 0 0 0 0 0 ]
CSI_DATA,AP,68:FE:71:12:53:8C,-45,11,1,5,1,1,1,0,0,0,0,-94,0,6,1,57985474,0,84,0,0,57.985,384,[84 -64 4 0 0 0 0 0 0 0 0 0 -18 7 -18 5 -20 7 -17 7 -16 2 -20 3 -19 1 -20 4 -16 2 -19 4 -20 1 -19 1 -15 0 -17 0 -15 1 -19 1 -16 2 -15 -1 -17 2 -15 -1 -17 1 -14 2 -17 -1 -13 -1 -14 2 -14 -1 0 -1 -12 0 -17 1 -15 2 -14 3 -14 0 -12 4 -14 1 -16 2 -12 2 -14 6 -13 2 -15 4 -11 3 -11 7 -11 4 -14 6 -13 3 -14 5 -15 6 -13 6 -12 4 -12 6 -11 6 -15 7 -15 5 -15 7 -2 2 0 0 0 0 0 0 0 0 ]
CSI_DATA,AP,68:FE:71:12:53:8C,-39,11,1,5,1,1,1,0,0,0,0,-94,0,6,1,58076816,0,84,0,0,58.077,384,[84 -64 4 0 0 0 0 0 0 0 0 0 -10 -17 -7 -17 -7 -16 -9 -20 -6 -20 -9 -17 -5 -21 -7 -20 -4 -17 -6 -18 -4 -18 -4 -22 -6 -20 -6 -19 -3 -19 -3 -21 -2 -19 -1 -19 -2 -20 -3 -16 -4 -20 -5 -16 -1 -16 -6 -17 -5 -16 -3 -17 0 1 -6 -17 -4 -15 -4 -17 -4 -16 -6 -16 -6 -17 -7 -17 -6 -16 -5 -15 -4 -14 -4 -16 -6 -17 -7 -13 -8 -16 -8 -17 -5 -15 -7 -16 -6 -13 -10 -16 -8 -13 -10 -12 -9 -17 -9 -15 -11 -12 -9 -14 -11 -13 -2 -1 0 0 0 0 0 0 0 0 ]
CSI_DATA,AP,68:FE:71:12:53:8C,-38,11,1,6,1,1,1,1,0,0,0,-93,5,6,1,58172140,0,84,0,0,58.172,384,[84 -64 4 0 0 0 0 0 0 0 0 0 5 -18 7 -18 7 -18 5 -20 5 -18 9 -17 9 -18 11 -19 8 -20 9 -17 11 -19 9 -15 12 -14 12 -16 11 -16 11 -16 11 -15 12 -15 8 -14 8 -14 11 -17 9 -16 11 -14 7 -14 11 -16 7 -17 -1 1 10 -13 6 -15 10 -12 8 -12 9 -14 5 -13 7 -16 5 -16 6 -16 6 -16 5 -16 3 -14 6 -14 3 -13 2 -17 6 -15 6 -14 1 -17 1 -17 3 -14 5 -14 2 -18 4 -18 3 -14 2 -15 0 -15 0 0 0 0 0 0 0 0 0 0 ]
CSI_DATA,AP,68:FE:71:12:53:8C,-38,11,1,5,1,1,1,0,0,0,1,-95,0,6,1,58279308,0,84,0,0,58.279,384,[84 -64 4 0 0 0 0 0 0 0 0 0 15 -11 17 -11 13 -10 16 -11 15 -11 16 -6 16 -8 19 -6 19 -5 17 -8 19 -8 15 -3 18 -5 15 -6 18 -3 18 -3 15 -5 17 -5 15 -3 16 -2 14 -3 13 -4 15 -3 13 -4 15 -3 12 -3 1 2 12 -6 13 -6 14 -6 12 -5 11 -5 13 -8 12 -7 13 -6 10 -4 11 -6 12 -5 11 -7 10 -7 14 -9 11 -9 12 -7 14 -10 13 -10 13 -7 12 -10 9 -10 11 -11 12 -8 11 -10 10 -11 9 -12 1 2 0 0 0 0 0 0 0 0 ]
CSI_DATA,AP,68:FE:71:12:53:8C,-37,11,1,6,1,1,1,0,0,0,0,-93,0,6,1,58359072,0,84,0,0,58.359,384,[84 -64 4 0 0 0 0 0 0 0 0 0 11 -14 10 -14 14 -16 16 -17 13 -16 14 -15 12 -16 15 -12 17 -14 16 -11 15 -12 15 -12 18 -12 17 -10 13 -12 16 -13 12 -8 13 -10 14 -10 14 -10 15 -11 15 -11 13 -11 12 -13 13 -13 15 -10 1 -1 13 -10 11 -9 14 -12 12 -9 11 -13 14 -10 11 -11 10 -10 11 -11 9 -13 8 -12 10 -11 11 -13 7 -11 8 -11 9 -15 11 -14 11 -16 10 -16 7 -11 7 -15 7 -13 8 -15 7 -18 9 -14 8 -17 1 1 0 0 0 0 0 0 0 0 ]
CSI_DATA,AP,68:FE:71:12:53:8C,-31,11,1,7,1,1,1,0,0,0,0,-95,0,6,1,58475511,0,84,0,0,58.476,384,[84 -64 4 0 0 0 0 0 0 0 0 0 12 18 11 17 8 18 10 17 7 17 6 18 10 18 7 18 6 17 8 20 5 19 6 16 6 18 8 20 8 17 7 20 4 18 6 16 6 17 3 15 4 15 7 18 4 16 6 15 3 14 4 15 -1 1 4 14 5 14 6 16 8 12 6 16 9 12 9 14 9 14 7 11 5 10 7 11 11 12 11 12 11 11 7 13 9 14 8 13 11 12 8 9 11 10 10 11 9 10 9 11 14 12 12 10 12 9 -2 -1 0 0 0 0 0 0 0 0 ]
CSI_DATA,AP,68:FE:71:12:53:8C,-42,11,1,6,1,1,1,0,0,0,0,-95,0,6,1,58606652,0,84,0,0,58.607,384,[84 -64 4 0 0 0 0 0 0 0 0 0 19 -3 18 -2 23 -3 22 -4 21 1 21 0 20 3 17 -2 21 1 19 -2 18 2 22 1 22 1 21 2 17 4 17 2 21 4 19 2 19 0 20 4 15 4 16 4 16 2 18 0 18 0 18 1 0 2 14 -1 16 -1 15 -1 14 -1 16 3 15 2 16 -1 17 -1 16 1 16 0 16 -2 17 0 17 -4 14 -2 17 -3 18 -4 16 -5 18 -5 15 -1 16 -3 16 -5 13 -3 15 -5 16 -7 17 -4 14 -7 -1 -1 0 0 0 0 0 0 0 0 ]
CSI_DATA,AP,68:FE:71:12:53:8C,-40,11,1,6,1,1,1,0,0,0,0,-96,0,6,1,58730278,0,84,0,0,58.73,384,[84 -64 4 0 0 0 0 0 0 0 0 0 -22 3 -19 -1 -23 2 -19 2 -19 -2 -22 1 -22 -2 -17 -2 -22 -1 -18 -6 -19 -4 -21 -5 -17 -6 -20 -6 -17 -3 -20 -3 -17 -6 -20 -3 -17 -7 -17 -7 -14 -4 -19 -5 -18 -6 -17 -6 -16 -5 -17 -4 -1 2 -15 -4 -15 -2 -17 -1 -17 -3 -13 -1 -17 -5 -17 -3 -17 -4 -16 -3 -15 -4 -16 -4 -13 -2 -15 -2 -13 -2 -17 -1 -16 3 -18 2 -17 1 -18 0 -14 0 -17 1 -16 0 -17 2 -15 -1 -14 3 -18 2 0 -2 0 0 0 0 0 0 0 0 ]
CSI_DATA,AP,68:FE:71:12:53:8C,-43,11,1,5,1,1,1,0,0,0,0,-93,0,6,1,58853404,0,84,0,0,58.853,384,[84 -64 4 0 0 0 0 0 0 0 0 0 -12 16 -17 12 -15 13 -16 14 -14 11 -17 9 -16 12 -17 9 -18 8 -19 12 -19 10 -18 11 -16 8 -19 6 -15 10 -15 7 -14 9 -16 7 -15 9 -14 8 -17 9 -16 7 -15 9 -16 9 -15 8 -16 9 -1 -2 -16 8 -16 8 -11 8 -15 8 -14 7 -14 11 -14 11 -14 9 -12 8 -11 12 -11 12 -11 11 -12 11 -13 13 -13 11 -13 10 -9 12 -12 9 -9 10 -11 12 -11 12 -11 10 -7 13 -12 11 -9 11 -10 11 -2 -2 0 0 0 0 0 0 0 0 ]
CSI_DATA,AP,68:FE:71:12:53:8C,-37,11,1,6,1,1,1,1,0,0,0,-94,5,6,1,58955645,0,84,0,0,58.956,384,[84 -64 4 0 0 0 0 0 0 0 0 0 -30 -23 -34 -24 -30 -25 -32 -23 -30 -24 -29 -28 -29 -26 -25 -25 -29 -27 -28 -29 -27 -31 -25 -29 -24 -30 -23 -27 -23 -31 -23 -27 -24 -30 -22 -24 -24 -28 -22 -26 -21 -27 -20 -25 -19 -25 -20 -26 -23 -28 -22 -27 -2 -1 -19 -25 -24 -25 -22 -23 -23 -19 -23 -24 -22 -20 -21 -21 -24 -21 -23 -20 -25 -16 -27 -20 -23 -21 -23 -20 -25 -17 -26 -15 -27 -15 -24 -15 -26 -18 -29 -16 -27 -15 -30 -17 -25 -12 -27 -13 -31 -12 -29 -15 -29 -12 2 2 0 0 0 0 0 0 0 0 ]
CSI_DATA,AP,68:FE:71:12:53:8C,-39,11,1,5,1,1,1,0,0,0,0,-95,0,6,1,59064230,0,84,0,0,59.064,384,[84 -64 4 0 0 0 0 0 0 0 0 0 -4 20 -5 16 -4 22 -5 20 -7 22 -8 19 -7 21 -7 17 -7 19 -11 17 -12 16 -12 18 -10 15 -8 15 -7 15 -8 16 -10 13 -8 16 -11 15 -9 14 -8 13 -6 14 -7 14 -9 17 -8 17 -8 14 1 0 -8 15 -9 14 -8 13 -3 18 -3 16 -5 14 -7 17 -3 12 -5 16 -3 15 -4 17 -5 13 -4 13 -5 13 0 17 1 13 0 19 -1 18 -1 14 1 15 -3 18 3 13 2 17 -1 15 -1 15 1 17 1 -1 0 0 0 0 0 0 0 0 ]
CSI_DATA,AP,68:FE:71:12:53:8C,-43,11,1,4,1,1,1,1,0,0,0,-96,6,6,1,59193176,0,84,0,0,59.193,384,[84 -64 4 0 0 0 0 0 0 0 0 0 21 0 21 -4 21 0 21 -1 20 2 19 0 20 3 20 2 21 3 20 1 19 1 18 3 18 2 20 3 19 4 19 4 19 5 19 3 15 5 16 3 17 2 18 2 18 2 18 3 17 1 15 2 1 -2 17 3 18 1 18 1 16 -1 17 -1 18 1 18 3 17 0 16 -1 14 0 15 -1 17 0 18 -1 16 -1 15 -2 15 0 18 -2 14 -6 16 -4 14 -3 15 -3 18 -5 15 -5 19 -3 16 -6 15 -7 1 -1 0 0 0 0 0 0 0 0 ]
CSI_DATA,AP,68:FE:71:12:53:8C,-42,11,1,5,1,1,1,0,0,0,0,-94,0,6,1,59327707,0,84,0,0,59.328,384,[84 -64 4 0 0 0 0 0 0 0 0 0 -24 -8 -23 -7 -23 -11 -21 -8 -20 -12 -20 -10 -20 -13 -19 -12 -19 -11 -17 -14 -20 -13 -19 -14 -17 -13 -17 -14 -17 -11 -19 -14 -16 -14 -13 -14 -13 -15 -14 -15 -16 -11 -15 -15 -13 -14 -13 -15 -15 -13 -17 -12 2 1 -14 -9 -17 -9 -14 -8 -18 -8 -15 -10 -16 -8 -13 -8 -15 -7 -14 -10 -18 -6 -17 -7 -18 -7 -14 -6 -17 -7 -17 -8 -15 -8 -19 -6 -16 -7 -18 -7 -19 -3 -15 -7 -16 -4 -19 -5 -17 -4 -16 -5 -16 -5 -1 -2 0 0 0 0 0 0 0 0 ]
CSI_DATA,AP,68:FE:71:12:53:8C,-39,11,1,5,1,1,1,0,0,0,0,-94,0,6,1,59431154,0,84,0,0,59.431,384,[84 -64 4 0 0 0 0 0 0 0 0 0 -12 -22 -10 -19 -8 -21 -10 -23 -10 -23 -7 -20 -5 -23 -7 -20 -6 -19 -6 -23 -5 -22 -5 -22 -6 -22 -5 -20 -4 -21 -3 -23 -2 -19 -2 -17 -2 -18 -1 -19 -3 -21 -3 -18 -3 -20 -4 -17 -3 -21 -4 -20 -1 1 -5 -17 -5 -21 -5 -18 -3 -17 -1 -19 -3 -21 -3 -16 -3 -17 -6 -18 -5 -17 -6 -19 -7 -19 -5 -15 -5 -17 -4 -19 -8 -17 -5 -20 -9 -14 -8 -15 -7 -18 -7 -18 -8 -18 -7 -18 -11 -19 -8 -15 -10 -17 -1 1 0 0 0 0 0 0 0 0 ]
CSI_DATA,AP,68:FE:71:12:53:8C,-40,11,1,6,1,1,1,0,0,0,0,-96,0,6,1,59527773,0,84,0,0,59.528,384,[84 -64 4 0 0 0 0 0 0 0 0 0 -12 18 -13 18 -12 21 -13 19 -15 17 -16 14 -15 15 -14 13 -14 12 -12 16 -16 17 -14 17 -14 16 -13 13 -16 11 -16 11 -16 14 -16 13 -12 11 -13 13 -16 12 -15 12 -13 9 -12 12 -13 12 -11 12 1 -2 -13 13 -14 12 -12 14 -10 12 -14 14 -10 11 -14 15 -11 15 -10 14 -9 12 -11 14 -7 13 -10 15 -8 16 -10 15 -12 16 -11 17 -11 13 -7 14 -9 14 -7 13 -10 13 -6 14 -6 15 -8 14 -9 16 1 -2 0 0 0 0 0 0 0 0 ]
CSI_DATA,AP,68:FE:71:12:53:8C,-40,11,1,4,1,1,1,0,0,0,0,-95,0,6,1,59625784,0,84,0,0,59.626,384,[84 -64 4 0 0 0 0 0 0 0 0 0 7 20 9 18 8 18 7 20 8 22 8 20 8 21 4 21 7 18 3 21 2 20 5 20 2 19 2 21 5 21 2 23 3 20 1 20 5 16 1 20 5 16 3 20 3 19 2 18 3 18 1 20 0 0 4 17 4 17 3 16 4 16 3 13 6 16 7 15 4 13 6 17 9 17 8 18 9 13 8 14 6 14 7 16 8 12 7 16 10 13 8 14 11 11 9 11 12 14 11 15 9 14 9 12 12 11 -2 0 0 0 0 0 0 0 0 0 ]
CSI_DATA,AP,68:FE:71:12:53:8C,-41,11,1,5,1,1,1,0,0,0,0,-93,0,6,1,59742155,0,84,0,0,59.742,384,[84 -64 4 0 0 0 0 0 0 0 0 0 21 -5 19 -4 21 -2 23 -1 22 -4 21 1 22 0 21 -2 20 2 18 3 20 -1 23 0 19 2 21 1 20 0 20 3 21 5 19 4 18 1 18 5 15 5 16 1 16 4 19 0 18 2 18 0 -1 -2 16 1 18 -1 17 3 17 1 17 2 16 3 17 1 16 1 18 -1 16 -4 19 -2 18 -4 18 -3 18 -4 18 -1 15 -4 16 -3 17 -2 16 -5 15 -3 18 -4 17 -5 17 -5 17 -8 17 -6 18 -5 -2 0 0 0 0 0 0 0 0 0 ]
CSI_DATA,AP,68:FE:71:12:53:8C,-42,11,1,5,1,1,1,0,0,0,0,-94,0,6,1,59861681,0,84,0,0,59.862,384,[84 -64 4 0 0 0 0 0 0 0 0 0 -21 8 -19 8 -23 6 -25 9 -20 4 -23 6 -22 4 -20 3 -23 2 -22 4 -25 2 -24 2 -21 1 -21 3 -23 3 -22 2 -21 0 -21 0 -21 2 -18 0 -18 -1 -19 0 -19 1 -20 2 -18 1 -19 5 1 -1 -19 4 -17 2 -16 3 -18 4 -18 2 -16 6 -18 2 -16 4 -17 5 -15 7 -14 9 -15 6 -18 5 -16 9 -16 7 -19 6 -16 10 -14 8 -15 10 -16 7 -17 10 -13 9 -17 7 -14 10 -16 10 -13 9 0 0 0 0 0 0 0 0 0 0 ]
CSI_DATA,AP,68:FE:71:12:53:8C,-38,11,0,0,0,0,0,0,0,0,0,-95,0,6,1,59953242,0,37,0,0,59.953,128,[84 -64 4 0 0 0 0 0 0 0 0 0 -12 -19 -12 -17 -11 -19 -11 -19 -6 -20 -5 -18 -6 -20 -7 -18 -5 -18 -6 -18 -4 -21 -2 -19 -3 -20 -6 -21 -6 -18 -5 -22 -5 -20 -1 -18 -2 -19 -2 -19 -1 -16 -4 -19 -1 -17 -4 -19 -4 -20 -4 -19 2 0 -6 -15 -2 -15 -4 -17 -8 -14 -4 -18 -5 -14 -6 -17 -6 -16 -8 -13 -4 -17 -5 -15 -7 -13 -7 -16 -7 -15 -7 -17 -7 -16 -8 -16 -8 -16 -9 -12 -7 -16 -6 -16 -10 -16 -8 -13 -10 -16 -10 -16 -8 -12 1 -1 0 0 0 0 0 0 0 0 ]
CSI_DATA,AP,68:FE:71:12:53:8C,-44,11,0,0,0,0,0,0,0,0,0,-94,0,6,1,60073626,0,37,0,0,60.074,128,[84 -64 4 0 0 0 0 0 0 0 0 0 8 20 6 16 7 18 8 21 7 20 6 18 3 18 5 16 3 18 4 20 5 21 6 19 2 19 2 19 1 17 2 21 2 19 1 18 2 17 4 17 0 15 3 16 0 15 1 19 5 16 1 18 -2 2 2 18 3 19 1 17 6 13 5 17 2 17 5 14 6 13 4 13 3 15 7 15 4 12 4 12 7 14 8 13 5 16 9 14 7 13 6 16 9 11 9 13 6 12 6 13 10 12 9 12 8 12 -1 1 0 0 0 0 0 0 0 0 ]
CSI_DATA,AP,68:FE:71:12:53:8C,-38,11,1,6,1,1,1,0,0,0,0,-95,0,6,1,60174491,0,84,0,0,60.174,384,[84 -64 4 0 0 0 0 0 0 0 0 0 -18 13 -15 14 -16 13 -18 12 -20 11 -19 8 -21 10 -20 11 -21 10 -19 5 -21 10 -22 6 -22 6 -22 6 -20 9 -22 7 -19 9 -16 6 -18 5 -19 6 -20 4 -19 8 -18 7 -20 6 -19 8 -18 8 -2 2 -18 5 -16 8 -15 6 -18 9 -16 9 -14 10 -14 10 -13 6 -14 10 -13 11 -15 8 -15 8 -13 11 -15 9 -15 9 -14 8 -13 12 -12 11 -13 12 -9 13 -14 13 -14 9 -13 11 -12 12 -14 10 -10 12 0 0 0 0 0 0 0 0 0 0 ]
CSI_DATA,AP,68:FE:71:12:53:8C,-42,11,1,4,1,1,1,0,0,0,0,-96,0,6,1,60307420,0,84,0,0,60.307,384,[84 -64 4 0 0 0 0 0 0 0 0 0 8 -19 8 -21 6 -19 11 -19 9 -21 11 -18 8 -20 12 -19 10 -20 13 -16 15 -17 13 -18 13 -15 10 -18 12 -13 12 -18 12 -13 10 -13 10 -16 13 -17 13 -14 9 -15 12 -15 12 -15 12 -17 11 -13 -1 0 8 -14 8 -17 9 -13 8 -18 10 -16 10 -17 9 -17 7 -15 7 -16 6 -14 7 -17 8 -15 8 -17 5 -17 5 -14 7 -14 6 -17 4 -16 6 -16 3 -19 4 -16 2 -18 3 -17 2 -16 4 -18 1 -15 2 -1 0 0 0 0 0 0 0 0 ]
CSI_DATA,AP,68:FE:71:12:53:8C,-44,11,1,5,1,1,1,0,0,0,0,-94,0,6,1,60429511,0,84,0,0,60.43,384,[84 -64 4 0 0 0 0 0 0 0 0 0 -7 17 -8 16 -7 20 -12 20 -9 16 -11 18 -12 17 -10 14 -14 16 -10 18 -14 17 -14 17 -11 15 -12 13 -14 16 -15 15 -13 15 -11 16 -11 14 -10 16 -14 13 -10 13 -11 14 -11 15 -12 15 -11 15 -1 -1 -11 14 -9 13 -12 16 -11 16 -10 14 -7 16 -8 16 -7 16 -6 15 -8 15 -5 13 -9 12 -6 17 -8 17 -5 13 -5 16 -5 16 -6 15 -5 13 -4 16 -7 15 -2 18 -5 14 -3 15 -3 18 -2 15 -1 -1 0 0 0 0 0 0 0 0 ]
CSI_DATA,AP,68:FE:71:12:53:8C,-37,11,1,6,1,1,1,0,0,0,0,-96,0,6,1,60514668,0,84,0,0,60.515,384,[84 -64 4 0 0 0 0 0 0 0 0 0 -16 11 -17 12 -17 10 -19 14 -20 10 -20 8 -21 10 -17 10 -20 10 -21 10 -21 6 -22 8 -19 5 -22 6 -19 4 -19 9 -20 6 -16 7 -16 6 -16 4 -20 3 -16 4 -16 5 -18 8 -17 6 -20 4 0 2 -15 7 -18 8 -18 9 -15 10 -14 9 -16 10 -14 8 -15 7 -17 10 -16 10 -17 12 -16 6 -12 8 -13 11 -15 9 -12 11 -13 8 -11 9 -12 12 -11 11 -13 11 -11 13 -10 11 -14 10 -15 10 -12 12 -1 -1 0 0 0 0 0 0 0 0 ]
CSI_DATA,AP,68:FE:71:12:53:8C,-43,11,1,5,1,1,1,0,0,0,0,-93,0,6,1,60608411,0,84,0,0,60.608,384,[84 -64 4 0 0 0 0 0 0 0 0 0 14 -15 14 -15 15 -13 17 -17 17 -14 16 -15 14 -14 14 -10 16 -11 16 -9 16 -10 18 -12 19 -11 15 -9 15 -7 18 -7 19 -8 13 -8 16 -9 14 -7 13 -7 14 -9 15 -8 17 -9 18 -10 16 -9 0 1 17 -7 15 -8 13 -9 14 -8 14 -8 15 -11 13 -8 11 -9 11 -8 11 -9 14 -11 13 -13 13 -12 10 -10 12 -13 10 -13 11 -10 9 -13 10 -10 12 -11 9 -14 11 -10 10 -13 12 -14 9 -15 8 -15 -2 1 0 0 0 0 0 0 0 0 ]
CSI_DATA,AP,68:FE:71:12:53:8C,-40,11,1,6,1,1,1,0,0,0,0,-96,0,6,1,60705530,0,84,0,0,60.706,384,[84 -64 4 0 0 0 0 0 0 0 0 0 5 20 3 22 5 19 2 24 2 19 0 20 1 21 1 17 -2 21 -2 19 -3 20 -1 19 -1 18 0 17 -3 16 -2 21 -3 20 -2 18 -3 17 -3 17 -2 19 -4 16 -2 13 -1 15 0 18 0 16 1 0 1 16 -3 19 -3 17 1 15 1 17 -2 17 2 15 2 14 2 16 0 14 3 14 0 17 1 14 4 14 0 13 4 19 5 16 5 17 3 15 3 13 6 15 6 14 3 13 5 17 2 13 5 13 0 -2 0 0 0 0 0 0 0 0 ]
CSI_DATA,AP,68:FE:71:12:53:8C,-39,11,1,5,1,1,1,0,0,0,0,-95,0,6,1,60818179,0,84,0,0,60.818,384,[84 -64 4 0 0 0 0 0 0 0 0 0 14 13 13 13 13 14 16 18 10 18 11 19 12 16 10 19 12 18 7 16 9 17 8 21 9 17 6 17 9 17 7 19 5 16 5 17 5 16 6 16 6 17 6 16 7 15 7 18 5 19 6 16 0 -2 6 15 6 16 9 15 8 15 7 14 6 17 9 17 7 15 8 12 10 15 8 15 6 12 9 15 9 14 7 12 12 16 12 14 11 13 12 12 9 13 13 15 11 11 12 11 10 14 13 14 10 13 2 -1 0 0 0 0 0 0 0 0 ]
CSI_DATA,AP,68:FE:71:12:53:8C,-34,11,1,6,1,1,1,0,0,0,0,-95,0,6,1,60935970,0,84,0,0,60.936,384,[84 -64 4 0 0 0 0 0 0 0 0 0 20 7 17 11 18 10 17 10 19 10 17 10 17 11 13 14 16 12 15 12 14 12 18 13 16 13 15 11 15 12 12 12 13 12 14 13 13 13 14 12 12 11 13 10 10 13 13 13 13 9 11 12 1 0 11 8 15 9 16 12 13 8 13 9 12 10 10 9 14 8 11 10 13 7 17 9 11 7 16 9 16 5 15 6 16 9 14 8 14 3 16 4 13 4 17 3 15 6 16 2 19 5 14 2 15 4 -1 0 0 0 0 0 0 0 0 0 ]
CSI_DATA,AP,68:FE:71:12:53:8C,-41,11,1,6,1,1,1,1,0,0,0,-95,2,6,1,61059828,0,84,0,0,61.06,384,[84 -64 4 0 0 0 0 0 0 0 0 0 -21 -8 -20 -13 -21 -14 -21 -14 -17 -15 -19 -15 -18 -16 -18 -12 -18 -16 -17 -15 -16 -17 -18 -14 -14 -18 -14 -14 -12 -14 -18 -18 -13 -14 -15 -15 -13 -15 -14 -14 -13 -15 -14 -17 -12 -12 -14 -14 -12 -15 -13 -13 1 1 -13 -14 -13 -15 -16 -12 -14 -10 -12 -12 -15 -11 -11 -13 -12 -11 -15 -11 -15 -9 -14 -10 -13 -8 -16 -12 -14 -10 -17 -10 -17 -11 -15 -12 -18 -10 -15 -7 -15 -10 -14 -7 -15 -7 -16 -9 -20 -8 -16 -7 -19 -6 -2 -2 0 0 0 0 0 0 0 0 ]
CSI_DATA,AP,68:FE:71:12:53:8C,-39,11,1,5,1,1,1,0,0,0,0,-93,0,6,1,61177290,0,84,0,0,61.177,384,[84 -64 4 0 0 0 0 0 0 0 0 0 7 -19 8 -15 7 -17 6 -19 8 -20 8 -18 8 -17 7 -15 9 -14 9 -17 10 -15 11 -17 8 -13 8 -16 10 -13 12 -14 9 -12 12 -12 9 -11 8 -11 8 -13 8 -12 11 -10 11 -12 10 -13 12 -13 2 1 7 -13 10 -14 6 -14 5 -16 6 -12 6 -16 6 -12 4 -12 8 -16 4 -13 3 -16 6 -13 3 -16 4 -16 5 -16 5 -16 7 -16 4 -15 6 -15 2 -16 2 -13 4 -13 3 -17 1 -17 3 -16 0 -17 -2 2 0 0 0 0 0 0 0 0 ]
CSI_DATA,AP,68:FE:71:12:53:8C,-43,11,1,5,1,1,1,0,0,0,0,-96,0,6,1,61300491,0,84,0,0,61.3,384,[84 -64 4 0 0 0 0 0 0 0 0 0 -13 13 -15 14 -16 15 -16 13 -17 15 -16 10 -18 12 -17 9 -15 8 -16 10 -19 13 -21 10 -17 8 -16 8 -17 8 -17 11 -19 8 -16 7 -16 6 -18 8 -16 9 -14 8 -14 5 -15 6 -17 11 -15 11 2 2 -17 9 -17 7 -14 8 -11 8 -15 11 -14 9 -12 11 -11 10 -13 8 -14 12 -12 13 -10 12 -15 11 -11 9 -13 11 -12 14 -11 14 -13 13 -10 14 -13 11 -11 13 -11 13 -10 13 -8 14 -10 16 -9 15 2 1 0 0 0 0 0 0 0 0 ]
CSI_DATA,AP,68:FE:71:12:53:8C,-39,11,1,5,1,1,1,0,0,0,0,-95,0,6,1,61416868,0,84,0,0,61.417,384,[84 -64 4 0 0 0 0 0 0 0 0 0 -3 16 -2 15 0 19 -2 16 -5 17 -6 16 -5 18 -7 15 -5 16 -8 17 -5 16 -9 17 -6 15 -8 15 -4 12 -5 16 -4 14 -7 12 -5 13 -4 12 -7 13 -5 12 -4 12 -6 12 -6 13 -3 12 2 -1 -5 11 -5 11 -7 14 -2 12 -6 12 -5 12 -3 12 -4 10 0 13 -4 13 -2 13 -3 11 1 13 -2 14 1 12 0 13 1 13 3 11 -1 12 2 12 2 15 -1 13 3 14 3 13 0 13 1 13 1 -1 0 0 0 0 0 0 0 0 ]
CSI_DATA,AP,68:FE:71:12:53:8C,-41,11,1,6,1,1,1,0,0,0,0,-96,0,6,1,61530619,0,84,0,0,61.531,384,[84 -64 4 0 0 0 0 0 0 0 0 0 1 -17 -1 -17 0 -17 3 -18 0 -20 5 -15 6 -19 2 -17 5 -17 2 -18 6 -18 7 -18 6 -16 4 -17 5 -13 7 -18 5 -14 4 -15 7 -17 7 -13 5 -14 7 -14 4 -11 4 -13 5 -15 4 -14 1 2 6 -16 3 -13 3 -13 4 -12 5 -13 5 -16 3 -13 0 -16 2 -14 0 -12 2 -16 2 -13 0 -13 0 -13 1 -15 -2 -15 1 -15 1 -15 1 -15 -2 -16 -2 -15 -3 -12 -2 -13 -3 -16 0 -13 -3 -16 -2 2 0 0 0 0 0 0 0 0 ]
CSI_DATA,AP,68:FE:71:12:53:8C,-38,11,1,6,1,1,1,0,0,0,0,-95,0,6,1,61629992,0,84,0,0,61.63,384,[84 -64 4 0 0 0 0 0 0 0 0 0 -16 -7 -18 -6 -18 -6 -19 -7 -15 -10 -14 -10 -16 -8 -13 -9 -15 -12 -12 -8 -14 -11 -14 -11 -14 -10 -12 -11 -13 -11 -15 -11 -13 -13 -12 -7 -15 -8 -14 -8 -14 -12 -13 -8 -10 -10 -12 -10 -14 -9 -11 -7 -2 2 -12 -8 -12 -10 -13 -8 -12 -9 -12 -8 -13 -6 -15 -7 -10 -7 -13 -8 -12 -5 -15 -6 -14 -5 -13 -5 -12 -5 -12 -7 -14 -5 -12 -3 -12 -5 -15 -6 -15 -2 -16 -3 -14 -4 -12 -4 -17 -3 -13 -4 -15 -1 -1 0 0 0 0 0 0 0 0 0 ]
CSI_DATA,AP,68:FE:71:12:53:8C,-38,11,1,7,1,1,1,0,0,0,0,-94,0,6,1,61746899,0,84,0,0,61.747,384,[84 -64 4 0 0 0 0 0 0 0 0 0 8 -1 5 0 9 0 9 2 10 2 10 1 9 0 7 -1 7 0 9 2 8 2 8 0 9 0 8 0 7 3 7 2 6 2 5 4 9 3 6 1 7 2 6 2 4 1 6 5 7 3 9 4 2 -2 8 1 7 1 9 4 6 0 5 4 5 0 9 0 7 1 5 3 8 3 5 0 5 1 5 -1 9 -1 5 3 8 -2 8 2 9 0 9 0 8 -3 6 0 7 1 9 -1 7 -2 10 0 6 1 -1 2 0 0 0 0 0 0 0 0 ]
CSI_DATA,AP,68:FE:71:12:53:8C,-44,11,0,0,0,0,0,0,0,0,0,-93,0,6,1,61847467,0,37,0,0,61.847,128,[84 -64 4 0 0 0 0 0 0 0 0 0 -13 20 -11 17 -12 20 -16 19 -14 19 -14 14 -13 19 -17 17 -17 13 -16 12 -17 17 -18 12 -17 16 -17 16 -15 15 -17 14 -15 11 -14 10 -17 10 -14 11 -15 10 -14 12 -13 11 -17 12 -16 14 -16 10 -2 1 -12 12 -11 13 -12 16 -11 12 -12 12 -12 14 -14 15 -11 11 -9 12 -8 15 -8 13 -9 12 -12 13 -10 15 -9 13 -11 18 -10 15 -6 16 -8 14 -5 14 -5 14 -8 17 -8 15 -8 17 -7 16 -3 16 2 0 0 0 0 0 0 0 0 0 ]
CSI_DATA,AP,68:FE:71:12:53:8C,-40,11,1,4,1,1,1,0,0,0,0,-95,0,6,1,61972273,0,84,0,0,61.972,384,[84 -64 4 0 0 0 0 0 0 0 0 0 16 9 17 12 15 12 17 13 12 15 11 11 13 15 12 14 10 14 9 11 13 13 11 11 12 14 8 13 11 11 9 13 9 9 9 12 6 13 10 11 7 12 6 8 10 9 8 8 8 7 10 11 0 0 7 7 10 9 11 5 12 7 8 6 8 7 8 5 12 4 8 5 10 6 12 5 9 3 12 6 9 3 11 4 14 3 13 4 15 3 11 5 13 3 11 1 11 2 13 1 13 1 13 2 13 1 -2 -2 0 0 0 0 0 0 0 0 ]
CSI_DATA,AP,68:FE:71:12:53:8C,-41,11,1,6,1,1,1,0,0,0,0,-96,0,6,1,62063348,0,84,0,0,62.063,384,[84 -64 4 0 0 0 0 0 0 0 0 0 17 -9 17 -9 19 -8 15 -5 19 -5 15 -6 16 -3 16 -3 13 -2 14 -3 12 -3 12 -2 15 0 12 0 11 -4 11 -2 13 -3 13 -1 13 -2 9 -3 8 -2 12 -1 7 -1 8 -3 9 -4 10 -3 -2 -1 9 -7 8 -2 12 -4 8 -4 7 -6 7 -3 10 -8 6 -8 6 -6 12 -11 5 -8 8 -5 5 -5 6 -8 8 -6 6 -11 8 -9 9 -10 5 -10 4 -9 8 -8 10 -9 6 -12 7 -10 10 -10 8 -9 1 -1 0 0 0 0 0 0 0 0 ]
CSI_DATA,AP,68:FE:71:12:53:8C,-39,11,1,6,1,1,1,0,0,0,0,-93,0,6,1,62160769,0,84,0,0,62.161,384,[84 -64 4 0 0 0 0 0 0 0 0 0 20 1 23 3 25 5 22 7 21 3 19 7 18 9 18 8 19 9 17 9 16 6 13 7 16 5 15 7 10 7 14 7 13 6 11 4 10 5 14 8 13 7 13 7 8 7 12 3 11 1 11 2 1 0 8 4 10 4 8 3 12 1 9 0 9 2 11 -1 8 -1 8 2 7 0 12 -4 10 -2 10 -2 8 0 10 -1 11 -2 11 -5 11 -5 9 -1 7 -6 8 -5 9 -5 9 -5 7 -8 8 -7 7 -7 -1 0 0 0 0 0 0 0 0 0 ]
CSI_DATA,AP,68:FE:71:12:53:8C,-37,11,1,6,1,1,1,0,0,0,0,-95,0,6,1,62297771,0,84,0,0,62.298,384,[84 -64 4 0 0 0 0 0 0 0 0 0 -31 -16 -26 -19 -26 -17 -28 -17 -25 -16 -20 -17 -24 -21 -18 -19 -19 -19 -18 -17 -19 -21 -22 -20 -20 -17 -20 -16 -18 -19 -19 -15 -15 -17 -13 -15 -13 -13 -15 -16 -12 -14 -12 -13 -13 -9 -16 -13 -13 -9 -13 -11 2 1 -12 -10 -13 -8 -14 -7 -15 -4 -12 -7 -13 -5 -16 -7 -13 -6 -11 -3 -13 -1 -16 2 -15 1 -11 0 -13 2 -13 0 -13 3 -13 1 -11 4 -12 3 -15 2 -12 0 -13 5 -10 3 -11 5 -13 6 -10 4 0 2 0 0 0 0 0 0 0 0 ]
CSI_DATA,AP,68:FE:71:12:53:8C,-41,11,1,5,1,1,1,0,0,0,0,-96,0,6,1,62397448,0,84,0,0,62.397,384,[84 -64 4 0 0 0 0 0 0 0 0 0 6 16 5 19 3 20 5 20 2 15 1 15 2 16 0 17 -1 16 2 17 2 15 3 17 1 15 -1 18 -2 12 3 15 -2 17 2 13 0 14 -1 13 0 13 0 15 0 13 2 15 4 13 0 15 -2 -2 3 12 5 14 1 13 2 12 3 15 2 17 0 14 3 16 5 15 2 14 4 15 2 17 5 14 2 13 2 13 2 16 2 17 3 16 2 14 5 15 4 17 5 15 2 14 4 17 3 15 3 16 1 0 0 0 0 0 0 0 0 0 ]
CSI_DATA,AP,68:FE:71:12:53:8C,-35,11,1,5,1,1,1,0,0,0,0,-95,0,6,1,62522320,0,84,0,0,62.522,384,[84 -64 4 0 0 0 0 0 0 0 0 0 11 -22 9 -26 13 -27 16 -24 14 -26 14 -23 13 -24 16 -21 17 -24 17 -22 15 -24 15 -22 17 -22 15 -24 15 -20 16 -21 19 -23 15 -19 16 -22 16 -18 18 -22 16 -20 15 -19 16 -24 18 -23 14 -20 0 2 16 -21 15 -22 15 -26 12 -25 14 -21 16 -22 13 -24 16 -24 14 -22 14 -26 15 -26 9 -23 11 -24 12 -26 13 -23 15 -29 12 -26 14 -24 15 -25 14 -27 14 -27 12 -27 12 -23 11 -28 11 -25 10 -27 1 2 0 0 0 0 0 0 0 0 ]
CSI_DATA,AP,68:FE:71:12:53:8C,-46,11,1,3,1,1,1,0,0,0,1,-95,0,6,1,62641617,0,84,0,0,62.642,384,[84 -64 4 0 0 0 0 0 0 0 0 0 7 7 5 4 6 6 8 5 5 9 5 6 4 7 5 9 5 9 3 7 4 8 2 8 2 11 3 9 4 7 3 8 4 10 1 7 3 10 4 10 2 7 3 8 1 9 3 10 3 8 2 10 -1 1 1 10 4 7 6 6 4 9 1 6 5 7 1 8 4 6 3 8 6 9 3 5 3 8 7 4 7 4 5 5 3 6 7 6 4 3 4 8 6 3 4 5 4 7 7 5 7 4 8 4 7 6 2 -1 0 0 0 0 0 0 0 0 ]
CSI_DATA,AP,68:FE:71:12:53:8C,-40,11,1,4,1,1,1,0,0,0,0,-93,0,6,1,62723845,0,84,0,0,62.724,384,[84 -64 4 0 0 0 0 0 0 0 0 0 -9 4 -7 3 -10 3 -9 3 -7 2 -10 0 -9 1 -7 3 -10 1 -6 -1 -9 1 -11 1 -10 0 -11 1 -6 -1 -11 -1 -11 -1 -7 0 -7 -1 -7 2 -7 -1 -9 -2 -9 2 -10 -1 -7 2 -9 2 0 2 -10 -1 -8 -1 -9 0 -8 2 -6 1 -7 -1 -8 1 -9 2 -6 4 -9 0 -9 3 -5 1 -5 3 -5 2 -7 3 -7 4 -7 3 -10 1 -8 4 -5 1 -6 3 -7 5 -9 3 -6 2 -6 1 -7 3 0 0 0 0 0 0 0 0 0 0 ]
CSI_DATA,AP,68:FE:71:12:53:8C,-40,11,1,4,1,1,1,0,0,0,0,-95,0,6,1,62837190,0,84,0,0,62.837,384,[84 -64 4 0 0 0 0 0 0 0 0 0 -17 -3 -13 -6 -15 -5 -14 -7 -16 -7 -15 -5 -16 -9 -17 -8 -16 -9 -17 -9 -18 -8 -16 -8 -19 -10 -15 -12 -17 -9 -17 -10 -16 -10 -16 -10 -16 -11 -18 -10 -15 -11 -15 -12 -14 -9 -13 -13 -17 -10 -17 -13 -2 1 -17 -12 -15 -13 -18 -9 -17 -7 -16 -8 -14 -12 -17 -11 -15 -9 -18 -11 -19 -9 -19 -7 -14 -9 -18 -7 -16 -9 -16 -9 -17 -8 -20 -8 -16 -4 -18 -8 -19 -7 -18 -9 -17 -5 -20 -8 -17 -8 -18 -5 -19 -3 2 -2 0 0 0 0 0 0 0 0 ]
CSI_DATA,AP,68:FE:71:12:53:8C,-38,11,1,6,1,1,1,0,0,0,0,-94,0,6,1,62961700,0,84,0,0,62.962,384,[84 -64 4 0 0 0 0 0 0 0 0 0 11 19 10 20 8 21 8 20 10 21 4 19 4 18 4 19 7 21 2 18 3 20 3 20 5 17 3 20 1 16 2 20 4 19 4 15 5 18 2 19 0 17 0 17 0 16 5 15 4 19 5 15 1 2 4 17 2 14 5 17 4 17 2 14 3 18 3 15 8 15 7 12 9 12 9 16 8 13 7 12 8 11 8 12 6 14 7 12 6 15 6 11 8 12 7 11 8 13 8 15 8 12 9 13 9 13 0 -1 0 0 0 0 0 0 0 0 ]
CSI_DATA,AP,68:FE:71:12:53:8C,-42,11,1,4,1,1,1,0,0,0,0,-95,0,6,1,63083235,0,84,0,0,63.083,384,[82 -96 4 0 0 0 0 0 0 0 0 0 1 17 -1 17 -1 16 -2 18 -2 19 -1 15 0 16 -2 15 -2 18 -1 15 -2 15 -2 16 -3 17 -1 17 -5 14 -4 17 -3 16 -1 13 -2 13 -4 15 -3 14 -4 16 -1 14 -3 16 -3 15 -2 13 -2 -1 -4 15 -3 15 -3 13 -1 15 1 13 -1 12 1 12 0 12 1 14 2 15 1 11 0 12 -1 11 1 12 3 11 1 12 1 14 4 11 5 13 3 12 3 11 3 11 3 12 5 15 5 11 6 11 -2 1 0 0 0 0 0 0 0 0 ]
CSI_DATA,AP,68:FE:71:12:53:8C,-43,11,1,6,1,1,1,1,0,0,0,-94,3,6,1,63204776,0,84,0,0,63.205,384,[84 -64 4 0 0 0 0 0 0 0 0 0 5 -29 9 -31 10 -28 9 -30 10 -28 12 -29 12 -26 14 -27 10 -25 13 -26 12 -24 12 -27 12 -26 13 -27 13 -22 13 -22 15 -23 15 -22 13 -21 16 -21 13 -20 15 -21 15 -22 14 -20 14 -24 10 -21 1 2 11 -20 9 -23 9 -24 8 -21 9 -23 11 -22 9 -20 6 -22 8 -23 9 -23 8 -19 7 -21 5 -20 7 -21 8 -23 6 -20 4 -26 4 -25 6 -24 6 -25 5 -22 3 -22 4 -24 1 -23 3 -25 5 -24 -2 -1 0 0 0 0 0 0 0 0 ]
CSI_DATA,AP,68:FE:71:12:53:8C,-34,11,1,5,1,1,1,0,0,0,0,-93,0,6,1,63327113,0,84,0,0,63.327,384,[84 -64 4 0 0 0 0 0 0 0 0 0 -19 4 -18 2 -20 2 -19 1 -21 -2 -18 0 -18 -2 -21 -4 -20 -3 -21 -1 -19 0 -20 -1 -19 -4 -16 -5 -16 -2 -17 -6 -19 -2 -16 -2 -16 -3 -17 -2 -19 -6 -19 -4 -14 -2 -17 -4 -16 -3 -16 -5 -2 0 -13 -2 -14 -2 -15 -2 -16 -1 -15 -3 -17 -1 -14 -1 -13 -1 -15 -3 -15 -3 -15 -2 -17 1 -16 -2 -15 1 -13 0 -15 3 -17 1 -17 4 -17 3 -15 1 -13 4 -17 2 -13 2 -17 6 -13 6 -14 6 0 -1 0 0 0 0 0 0 0 0 ]
CSI_DATA,AP,68:FE:71:12:53:8C,-44,11,1,3,1,1,1,1,0,0,0,-93,1,6,1,63436261,0,84,0,0,63.436,384,[84 -64 4 0 0 0 0 0 0 0 0 0 -20 -6 -18 -8 -19 -8 -23 -8 -18 -12 -18 -8 -20 -9 -20 -9 -19 -12 -16 -12 -18 -13 -18 -15 -17 -11 -18 -14 -15 -13 -19 -11 -15 -13 -14 -10 -18 -12 -13 -13 -15 -13 -13 -10 -13 -12 -16 -11 -14 -14 -16 -10 1 1 -13 -10 -13 -9 -17 -10 -16 -11 -16 -10 -17 -11 -15 -10 -17 -9 -15 -9 -17 -6 -17 -8 -14 -8 -17 -7 -17 -9 -15 -4 -16 -5 -18 -6 -17 -5 -18 -3 -14 -6 -15 -3 -14 -6 -15 -4 -16 -4 -19 -2 -19 -4 0 1 0 0 0 0 0 0 0 0 ]
CSI_DATA,AP,68:FE:71:12:53:8C,-44,11,1,5,1,1,1,1,0,0,0,-94,6,6,1,63556055,0,84,0,0,63.556,384,[84 -64 4 0 0 0 0 0 0 0 0 0 36 -13 37 -13 35 -14 37 -9 39 -11 38 -5 36 -8 35 -4 38 -7 37 -2 39 0 38 -1 39 1 38 -1 36 -1 39 -3 32 -3 33 -2 35 1 34 -2 35 -1 35 0 30 -1 37 1 32 2 33 -3 1 -1 31 -1 34 -4 30 -1 31 -6 31 -2 30 -4 29 -5 32 -5 30 -7 28 -7 33 -10 29 -4 29 -5 29 -10 28 -8 27 -9 29 -8 30 -13 31 -10 25 -11 28 -10 30 -10 28 -12 28 -16 28 -11 31 -15 1 1 0 0 0 0 0 0 0 0 ]
CSI_DATA,AP,68:FE:71:12:53:8C,-41,11,1,5,1,1,1,0,0,0,1,-95,0,6,1,63654370,0,84,0,0,63.654,384,[84 -64 4 0 0 0 0 0 0 0 0 0 -12 -13 -13 -16 -11 -13 -9 -14 -8 -15 -11 -16 -10 -13 -11 -15 -7 -16 -10 -17 -9 -17 -6 -14 -9 -15 -6 -14 -5 -18 -4 -18 -6 -16 -5 -15 -9 -15 -4 -14 -7 -13 -7 -16 -6 -16 -8 -16 -6 -13 -8 -12 2 -2 -7 -15 -9 -16 -7 -16 -8 -11 -9 -11 -9 -12 -9 -13 -6 -11 -6 -11 -9 -10 -10 -11 -9 -9 -10 -9 -7 -10 -11 -12 -8 -13 -9 -11 -11 -12 -11 -11 -9 -11 -12 -11 -10 -11 -12 -12 -13 -11 -11 -10 -11 -10 0 -1 0 0 0 0 0 0 0 0 ]
CSI_DATA,AP,68:FE:71:12:53:8C,-40,11,1,4,1,1,1,0,0,0,0,-94,0,6,1,63745714,0,84,0,0,63.746,384,[84 -64 4 0 0 0 0 0 0 0 0 0 13 -11 14 -13 15 -14 17 -11 15 -12 16 -7 15 -8 19 -6 19 -9 18 -8 20 -9 16 -8 16 -5 20 -5 15 -7 15 -5 19 -6 17 -5 18 -4 14 -4 17 -5 17 -3 14 -3 15 -5 18 -4 14 -4 0 -2 17 -4 15 -7 15 -8 12 -7 15 -8 14 -8 15 -7 16 -7 13 -8 12 -7 15 -9 12 -8 12 -8 12 -10 12 -8 14 -9 11 -11 12 -7 12 -11 13 -8 11 -8 11 -9 10 -8 14 -10 14 -12 13 -8 0 0 0 0 0 0 0 0 0 0 ]
CSI_DATA,AP,68:FE:71:12:53:8C,-42,11,1,5,1,1,1,0,0,0,0,-95,0,6,1,63877494,0,84,0,0,63.877,384,[84 -64 4 0 0 0 0 0 0 0 0 0 -17 -7 -17 -7 -16 -9 -16 -11 -18 -11 -17 -13 -13 -11 -14 -14 -15 -13 -15 -15 -17 -12 -17 -15 -15 -14 -12 -12 -12 -10 -15 -13 -11 -11 -15 -11 -15 -11 -14 -11 -15 -14 -15 -13 -13 -10 -15 -11 -11 -10 -12 -11 -2 1 -14 -10 -14 -9 -11 -9 -15 -9 -10 -7 -15 -7 -13 -9 -13 -7 -11 -10 -14 -7 -15 -9 -15 -8 -12 -6 -13 -5 -16 -7 -17 -4 -13 -7 -12 -4 -16 -7 -15 -4 -13 -3 -12 -5 -15 -6 -14 -5 -15 -5 -15 -4 0 2 0 0 0 0 0 0 0 0 ]
CSI_DATA,AP,68:FE:71:12:53:8C,-39,11,1,4,1,1,1,0,0,0,0,-93,0,6,1,63969240,0,84,0,0,63.969,384,[84 -64 4 0 0 0 0 0 0 0 0 0 -15 -1 -17 -2 -17 -4 -16 -4 -16 -4 -16 -7 -15 -8 -14 -7 -17 -4 -16 -5 -16 -8 -17 -6 -17 -6 -15 -8 -12 -5 -14 -5 -16 -8 -11 -7 -14 -7 -11 -8 -14 -9 -14 -6 -11 -5 -15 -6 -13 -9 -11 -4 1 -1 -11 -6 -14 -6 -12 -6 -12 -6 -14 -3 -15 -7 -13 -6 -13 -3 -11 -5 -13 -5 -12 -4 -11 -3 -13 -1 -15 -4 -13 -3 -16 -3 -13 -3 -11 -2 -15 0 -11 -2 -12 -1 -15 0 -15 0 -14 -1 -14 -2 -12 1 1 1 0 0 0 0 0 0 0 0 ]
CSI_DATA,AP,68:FE:71:12:53:8C,-39,11,1,6,1,1,1,0,0,0,0,-96,0,6,1,64071701,0,84,0,0,64.072,384,[84 -64 4 0 0 0 0 0 0 0 0 0 2 21 0 20 -1 20 -3 18 -2 20 -3 18 -2 21 -4 18 -5 20 -3 21 -6 17 -6 18 -3 20 -7 19 -6 17 -4 19 -5 16 -5 17 -6 15 -7 14 -4 16 -8 14 -5 13 -7 14 -3 15 -4 16 0 2 -5 15 -4 17 -4 17 -3 16 -2 17 -2 17 -2 15 -2 14 0 13 -3 14 -1 17 -3 13 0 17 -3 16 -2 15 1 15 -1 15 -1 16 1 16 0 15 2 14 3 15 1 15 4 14 0 16 1 13 1 1 0 0 0 0 0 0 0 0 ]
CSI_DATA,AP,68:FE:71:12:53:8C,-40,11,1,5,1,1,1,0,0,0,0,-95,0,6,1,64159255,0,84,0,0,64.159,384,[84 -64 4 0 0 0 0 0 0 0 0 0 3 10 5 8 3 7 3 11 6 7 5 7 3 9 3 6 4 8 2 7 4 6 4 7 1 6 3 10 4 9 4 9 0 8 -1 9 3 6 1 7 0 8 0 8 0 6 3 7 3 6 4 9 1 1 3 6 3 7 3 6 4 8 3 4 0 7 2 6 2 4 3 7 4 4 3 4 4 8 5 6 3 5 4 8 2 4 4 5 1 5 5 4 1 7 4 6 4 8 2 8 3 7 3 7 5 4 0 -1 0 0 0 0 0 0 0 0 ]
CSI_DATA,AP,68:FE:71:12:53:8C,-36,11,1,6,1,1,1,1,0,0,0,-96,2,6,1,64288957,0,84,0,0,64.289,384,[84 -64 4 0 0 0 0 0 0 0 0 0 21 -4 19 -4 21 -4 20 -3 22 -3 19 -3 17 1 18 -2 21 -2 20 2 18 3 17 -1 20 0 19 0 18 3 20 1 17 0 16 2 15 0 15 0 14 1 18 -1 14 1 14 3 15 1 15 0 0 -2 17 0 17 2 14 -1 16 1 16 0 13 1 14 1 13 0 14 1 17 -1 17 0 13 -1 13 0 17 -4 15 -1 17 -4 17 -6 12 -6 16 -4 13 -6 16 -2 16 -6 17 -2 17 -7 12 -6 15 -7 -1 1 0 0 0 0 0 0 0 0 ]
CSI_DATA,AP,68:FE:71:12:53:8C,-41,11,1,6,1,1,1,1,0,0,0,-94,4,6,1,64384206,0,84,0,0,64.384,384,[84 -64 4 0 0 0 0 0 0 0 0 0 -1 -19 1 -15 1 -22 0 -19 4 -19 3 -19 2 -20 5 -16 4 -20 4 -16 3 -19 5 -16 3 -17 6 -17 4 -14 7 -16 6 -16 2 -15 5 -17 6 -17 5 -16 5 -14 6 -15 6 -13 3 -15 7 -16 0 -1 5 -14 3 -12 5 -13 4 -13 2 -12 4 -13 1 -16 1 -15 4 -13 3 -13 0 -17 3 -15 1 -16 -1 -13 3 -12 2 -14 -1 -13 -1 -15 -1 -13 -3 -16 -2 -16 -3 -13 -3 -18 -2 -13 1 -15 -1 -15 0 0 0 0 0 0 0 0 0 0 ]
CSI_DATA,AP,68:FE:71:12:53:8C,-44,11,1,4,1,1,1,0,0,0,0,-96,0,6,1,64508159,0,84,0,0,64.508,384,[84 -64 4 0 0 0 0 0 0 0 0 0 -16 -12 -15 -13 -14 -15 -13 -14 -15 -13 -13 -17 -13 -17 -10 -15 -9 -18 -10 -15 -12 -17 -13 -19 -13 -19 -11 -18 -11 -18 -10 -17 -7 -16 -11 -18 -10 -18 -7 -16 -10 -14 -8 -18 -8 -13 -12 -14 -11 -17 -10 -17 0 1 -7 -16 -8 -14 -12 -15 -9 -15 -9 -12 -10 -14 -9 -16 -10 -15 -8 -11 -10 -14 -11 -14 -12 -9 -13 -10 -10 -13 -9 -12 -13 -11 -14 -9 -13 -10 -10 -10 -14 -10 -12 -13 -10 -10 -15 -11 -13 -10 -12 -10 -15 -9 0 -2 0 0 0 0 0 0 0 0 ]
CSI_DATA,AP,68:FE:71:12:53:8C,-38,11,1,6,1,1,1,0,0,0,0,-94,0,6,1,64592771,0,84,0,0,64.593,384,[84 -64 4 0 0 0 0 0 0 0 0 0 -18 -15 -14 -13 -16 -13 -16 -15 -14 -17 -15 -15 -12 -14 -14 -13 -14 -14 -13 -18 -12 -19 -13 -19 -13 -18 -14 -17 -10 -18 -13 -16 -11 -15 -11 -17 -10 -16 -13 -15 -12 -16 -10 -14 -10 -17 -12 -14 -12 -13 -9 -16 2 -1 -11 -16 -9 -16 -10 -12 -11 -14 -10 -13 -10 -12 -12 -12 -10 -12 -12 -11 -12 -13 -10 -13 -10 -11 -14 -10 -12 -9 -12 -8 -14 -8 -14 -11 -16 -8 -15 -10 -12 -10 -13 -10 -12 -10 -12 -8 -13 -8 -12 -9 -17 -6 2 -2 0 0 0 0 0 0 0 0 ]
CSI_DATA,AP,68:FE:71:12:53:8C,-38,11,1,7,1,1,1,0,0,0,0,-95,0,6,1,64704817,0,84,0,0,64.705,384,[84 -64 4 0 0 0 0 0 0 0 0 0 15 -15 12 -15 13 -15 16 -12 17 -12 17 -10 16 -14 14 -10 14 -10 18 -13 18 -12 19 -10 16 -10 18 -12 14 -7 14 -11 13 -6 13 -8 14 -6 15 -8 17 -5 15 -9 14 -6 14 -9 16 -7 14 -8 -2 0 12 -9 15 -6 11 -9 13 -9 15 -10 12 -8 14 -9 10 -10 12 -10 11 -12 11 -12 12 -8 13 -11 13 -12 9 -10 12 -11 11 -10 10 -12 11 -12 12 -11 11 -11 12 -11 11 -11 9 -12 8 -11 10 -11 -2 2 0 0 0 0 0 0 0 0 ]
CSI_DATA,AP,68:FE:71:12:53:8C,-36,11,1,6,1,1,1,0,0,0,0,-94,0,6,1,64815141,0,84,0,0,64.815,384,[84 -64 4 0 0 0 0 0 0 0 0 0 -22 30 -25 31 -23 31 -28 28 -27 27 -25 28 -26 24 -29 27 -27 23 -26 26 -27 24 -29 23 -28 22 -28 22 -31 21 -29 19 -27 22 -28 18 -25 19 -26 18 -28 20 -26 21 -26 17 -28 17 -26 17 -25 18 -1 2 -26 19 -26 22 -21 21 -22 21 -23 22 -24 18 -23 20 -22 23 -22 18 -21 22 -17 25 -19 20 -18 23 -19 26 -20 23 -19 23 -15 25 -14 25 -16 25 -15 24 -19 28 -17 24 -13 25 -14 26 -16 25 -15 27 0 -2 0 0 0 0 0 0 0 0 ]
CSI_DATA,AP,68:FE:71:12:53:8C,-40,11,1,6,1,1,1,0,0,0,0,-94,0,6,1,64941120,0,84,0,0,64.941,384,[84 -64 4 0 0 0 0 0 0 0 0 0 -6 17 -8 16 -11 20 -8 18 -10 17 -12 16 -11 17 -11 16 -11 14 -11 15 -15 18 -15 15 -13 14 -12 14 -12 17 -13 15 -14 12 -13 14 -13 15 -9 11 -13 15 -11 15 -8 14 -12 14 -12 15 -11 12 2 -1 -11 15 -7 15 -7 15 -7 12 -7 13 -6 11 -10 11 -9 12 -5 13 -7 13 -7 13 -8 16 -9 15 -8 15 -4 14 -5 16 -7 16 -7 13 -3 18 -2 16 -2 15 -4 16 -3 16 -6 18 -2 14 -3 16 -2 -1 0 0 0 0 0 0 0 0 ]
CSI_DATA,AP,68:FE:71:12:53:8C,-36,11,1,6,1,1,1,0,0,0,0,-94,0,6,1,65035705,0,84,0,0,65.036,384,[84 -64 4 0 0 0 0 0 0 0 0 0 0 18 0 22 -3 21 -4 22 -5 18 -2 20 -6 20 -6 19 -7 20 -7 18 -8 19 -4 20 -9 19 -6 18 -5 18 -6 20 -6 16 -9 15 -7 15 -8 19 -6 16 -5 16 -9 17 -6 19 -5 15 -8 17 -2 -1 -4 13 -5 14 -4 17 -4 18 -6 18 -4 14 -6 17 -2 16 -1 14 -2 13 -4 15 -3 14 -1 18 1 18 -3 17 -2 15 0 16 -2 18 -1 17 -2 13 1 18 3 18 1 17 3 18 0 16 0 14 -1 1 0 0 0 0 0 0 0 0 ]
CSI_DATA,AP,68:FE:71:12:53:8C,-41,11,1,4,1,1,1,0,0,0,0,-95,0,6,1,65153959,0,84,0,0,65.154,384,[84 -64 4 0 0 0 0 0 0 0 0 0 -11 16 -9 18 -9 18 -10 18 -10 18 -13 16 -13 14 -15 14 -13 16 -15 13 -16 16 -13 13 -14 15 -14 15 -12 12 -16 14 -13 14 -12 14 -12 11 -13 12 -15 10 -14 14 -13 11 -12 12 -12 13 -13 10 0 -1 -11 9 -10 11 -13 11 -13 12 -12 13 -10 12 -10 13 -11 13 -9 12 -9 14 -9 12 -11 13 -11 14 -6 15 -9 12 -7 12 -9 14 -5 15 -7 13 -8 14 -6 17 -9 13 -8 14 -6 17 -4 15 -7 17 0 1 0 0 0 0 0 0 0 0 ]
CSI_DATA,AP,68:FE:71:12:53:8C,-38,11,1,6,1,1,1,0,0,0,0,-93,0,6,1,65262730,0,84,0,0,65.263,384,[84 -64 4 0 0 0 0 0 0 0 0 0 13 16 15 17 12 16 14 19 14 14 11 17 10 15 12 14 11 18 9 16 10 17 8 19 10 17 7 17 7 17 9 20 8 19 6 18 8 19 9 19 9 16 9 16 6 16 6 15 6 19 10 18 2 2 7 14 10 16 11 15 9 11 8 11 8 13 7 11 8 12 12 10 11 12 11 12 9 10 10 14 11 9 9 12 14 10 11 11 10 11 14 9 13 7 13 9 11 8 15 11 12 11 13 7 13 10 -1 -2 0 0 0 0 0 0 0 0 ]
CSI_DATA,AP,68:FE:71:12:53:8C,-40,11,1,5,1,1,1,0,0,0,0,-94,0,6,1,65359958,0,84,0,0,65.36,384,[84 -64 4 0 0 0 0 0 0 0 0 0 14 17 10 20 11 16 13 20 11 20 7 20 9 18 8 15 11 20 6 17 10 18 8 18 9 18 7 21 8 19 8 19 8 18 6 18 5 17 4 19 5 18 8 19 4 14 6 16 5 20 6 15 -1 2 8 18 9 16 8 17 9 15 7 16 8 15 9 14 8 16 9 12 7 14 11 16 6 14 10 13 10 14 8 15 11 14 8 14 10 12 11 13 10 12 8 15 12 15 10 10 14 11 14 10 14 10 0 0 0 0 0 0 0 0 0 0 ]
CSI_DATA,AP,68:FE:71:12:53:8C,-40,11,1,6,1,1,1,0,0,0,0,-93,0,6,1,65456691,0,84,0,0,65.457,384,[84 -64 4 0 0 0 0 0 0 0 0 0 -8 18 -11 19 -13 18 -14 19 -11 16 -13 19 -14 16 -15 18 -16 15 -12 17 -13 14 -17 16 -15 15 -15 15 -14 13 -14 15 -13 14 -16 14 -16 12 -16 14 -13 10 -14 11 -14 10 -14 12 -12 16 -13 14 2 0 -13 12 -13 15 -11 12 -12 12 -10 12 -11 12 -11 11 -11 15 -9 13 -10 11 -11 12 -9 15 -7 14 -8 14 -9 14 -10 18 -8 14 -9 13 -8 17 -9 16 -9 16 -6 14 -5 15 -7 15 -6 16 -8 16 1 2 0 0 0 0 0 0 0 0 ]
CSI_DATA,AP,68:FE:71:12:53:8C,-39,11,1,4,1,1,1,0,0,0,0,-94,0,6,1,65568343,0,84,0,0,65.568,384,[84 -64 4 0 0 0 0 0 0 0 0 0 1 23 2 21 -1 22 -1 26 0 20 -4 20 -4 18 -3 19 -3 20 -5 19 -4 20 -6 20 -5 20 -6 18 -3 22 -6 21 -5 20 -4 18 -6 16 -3 16 -8 16 -4 18 -2 16 -4 20 -3 20 -4 17 -2 -2 -5 19 -3 18 -4 21 0 14 -3 19 -3 17 -3 16 -4 16 -3 16 2 17 -2 15 2 17 2 17 0 16 1 16 1 17 0 15 1 18 0 16 1 17 0 17 -1 15 2 16 2 16 1 15 5 16 2 1 0 0 0 0 0 0 0 0 ]
CSI_DATA,AP,68:FE:71:12:53:8C,-41,11,1,6,1,1,1,0,0,0,0,-95,0,6,1,65686951,0,84,0,0,65.687,384,[84 -64 4 0 0 0 0 0 0 0 0 0 -13 -21 -10 -17 -12 -21 -9 -20 -7 -21 -7 -18 -9 -21 -9 -22 -6 -19 -5 -21 -7 -22 -10 -20 -7 -20 -8 -21 -6 -19 -8 -21 -3 -20 -5 -21 -3 -17 -4 -20 -5 -20 -3 -20 -4 -17 -4 -19 -3 -21 -5 -18 1 -1 -3 -16 -6 -19 -6 -20 -6 -14 -4 -17 -5 -16 -6 -19 -8 -17 -8 -15 -6 -13 -8 -19 -10 -14 -11 -16 -7 -13 -11 -13 -12 -16 -12 -17 -11 -15 -11 -16 -9 -16 -12 -16 -8 -15 -11 -14 -12 -13 -11 -12 -10 -15 -1 1 0 0 0 0 0 0 0 0 ]
CSI_DATA,AP,68:FE:71:12:53:8C,-43,11,1,5,1,1,1,1,0,0,0,-96,5,6,1,65804961,0,84,0,0,65.805,384,[84 -64 4 0 0 0 0 0 0 0 0 0 -20 -11 -22 -10 -21 -11 -20 -10 -20 -11 -18 -11 -18 -14 -16 -14 -19 -13 -17 -16 -16 -16 -15 -12 -18 -16 -18 -13 -15 -16 -16 -15 -16 -15 -13 -11 -15 -13 -16 -13 -15 -15 -12 -12 -13 -13 -15 -13 -12 -16 -13 -14 0 -2 -15 -14 -18 -12 -17 -11 -17 -10 -15 -10 -18 -14 -12 -10 -15 -10 -13 -10 -14 -9 -19 -7 -14 -10 -17 -8 -15 -8 -15 -6 -17 -10 -18 -10 -15 -5 -17 -7 -15 -8 -14 -9 -16 -8 -17 -7 -18 -7 -15 -8 -15 -6 0 -2 0 0 0 0 0 0 0 0 ]
CSI_DATA,AP,68:FE:71:12:53:8C,-40,11,1,6,1,1,1,0,0,0,0,-95,0,6,1,65940236,0,84,0,0,65.94,384,[84 -64 4 0 0 0 0 0 0 0 0 0 -21 -7 -22 -6 -21 -6 -19 -5 -18 -7 -18 -6 -18 -6 -18 -11 -18 -9 -18 -9 -19 -8 -18 -8 -18 -11 -17 -11 -17 -11 -20 -9 -15 -11 -17 -11 -18 -12 -16 -9 -17 -11 -17 -11 -13 -8 -15 -9 -18 -9 -16 -11 -2 1 -15 -7 -16 -5 -17 -7 -16 -8 -16 -8 -17 -7 -14 -9 -17 -5 -16 -7 -16 -5 -16 -2 -15 -3 -18 -3 -14 -3 -17 -6 -16 -1 -17 -2 -18 0 -18 -4 -16 -1 -18 -2 -17 0 -16 -1 -18 -2 -17 -1 -17 -2 -1 0 0 0 0 0 0 0 0 0 ]
CSI_DATA,AP,68:FE:71:12:53:8C,-43,11,1,6,1,1,1,0,0,0,0,-94,0,6,1,66035189,0,84,0,0,66.035,384,[84 -64 4 0 0 0 0 0 0 0 0 0 10 14 8 16 7 16 9 17 7 19 5 20 4 19 4 20 6 18 8 14 7 19 8 17 8 20 7 18 5 18 5 16 5 16 2 13 4 18 3 16 1 18 4 16 3 16 5 14 7 16 7 14 -1 -2 6 16 7 15 8 18 7 13 7 15 3 17 7 17 6 16 3 12 9 12 8 14 10 11 8 11 7 12 10 12 8 12 7 12 8 12 12 11 8 13 8 14 11 13 8 9 11 11 9 13 12 12 0 -1 0 0 0 0 0 0 0 0 ]
CSI_DATA,AP,68:FE:71:12:53:8C,-42,11,1,5,1,1,1,0,0,0,0,-94,0,6,1,66141894,0,84,0,0,66.142,384,[84 -64 4 0 0 0 0 0 0 0 0 0 11 19 10 19 8 20 9 19 9 20 7 17 7 18 5 17 6 18 4 18 5 17 6 21 3 21 3 21 5 17 2 17 6 16 2 18 5 18 3 19 1 17 5 16 1 16 1 16 2 19 2 14 1 0 4 14 5 18 6 15 3 17 5 16 3 15 2 16 5 16 6 12 4 11 6 17 6 12 8 15 7 12 5 15 9 15 8 15 7 13 9 14 9 12 8 12 8 12 7 15 11 12 9 11 8 15 -1 2 0 0 0 0 0 0 0 0 ]
CSI_DATA,AP,68:FE:71:12:53:8C,-40,11,1,4,1,1,1,0,0,0,0,-94,0,6,1,66250816,0,84,0,0,66.251,384,[84 -64 4 0 0 0 0 0 0 0 0 0 18 5 20 5 20 5 22 6 19 7 18 7 17 12 19 9 16 12 18 11 16 10 16 13 19 12 15 9 13 8 17 11 15 11 16 12 16 10 16 12 15 10 17 8 11 8 14 10 13 10 12 10 0 -2 15 7 16 6 15 10 17 9 12 6 14 9 12 6 13 6 17 4 16 6 18 3 13 3 17 3 16 5 16 3 15 4 15 2 14 4 15 3 16 0 16 5 18 4 16 1 18 3 18 1 15 3 -2 -2 0 0 0 0 0 0 0 0 ]
CSI_DATA,AP,68:FE:71:12:53:8C,-39,11,1,4,1,1,1,0,0,0,0,-94,0,6,1,66372833,0,84,0,0,66.373,384,[84 -64 4 0 0 0 0 0 0 0 0 0 -21 -2 -22 -1 -25 1 -23 -3 -21 -3 -19 -4 -23 -5 -18 -5 -19 -7 -19 -5 -21 -7 -21 -9 -20 -9 -18 -8 -16 -8 -20 -9 -18 -4 -16 -4 -17 -5 -19 -5 -16 -9 -17 -6 -16 -5 -20 -9 -20 -8 -16 -5 2 0 -16 -6 -15 -6 -15 -3 -17 -5 -17 -3 -17 -3 -17 -6 -15 -5 -15 -3 -15 0 -18 0 -18 -2 -17 -2 -15 -4 -17 -1 -18 2 -21 2 -17 2 -18 2 -14 1 -18 -1 -18 1 -16 -1 -19 4 -18 0 -17 0 -2 0 0 0 0 0 0 0 0 0 ]
CSI_DATA,AP,68:FE:71:12:53:8C,-41,11,1,5,1,1,1,0,0,0,0,-95,0,6,1,66497511,0,84,0,0,66.498,384,[84 -64 4 0 0 0 0 0 0 0 0 0 14 -18 12 -17 14 -16 17 -16 16 -13 16 -15 16 -14 17 -12 18 -15 15 -14 17 -16 15 -16 15 -11 13 -11 15 -12 18 -11 18 -13 13 -8 13 -10 15 -7 17 -11 17 -9 12 -9 15 -12 14 -11 12 -11 -2 -2 16 -13 12 -12 14 -12 12 -10 13 -11 14 -13 12 -12 11 -11 9 -10 10 -13 9 -11 12 -12 9 -15 8 -14 10 -12 8 -16 8 -17 6 -14 10 -14 8 -14 8 -12 7 -12 8 -16 6 -18 6 -13 5 -14 0 -1 0 0 0 0 0 0 0 0 ]
CSI_DATA,AP,68:FE:71:12:53:8C,-38,11,1,5,1,1,1,0,0,0,0,-95,0,6,1,66607780,0,84,0,0,66.608,384,[84 -64 4 0 0 0 0 0 0 0 0 0 8 20 7 17 7 21 6 24 4 18 3 17 1 20 2 18 2 21 0 19 1 19 2 21 -1 18 0 17 0 21 2 19 0 19 1 17 -1 18 -3 16 -1 16 -4 17 -1 17 -1 15 -2 17 1 16 2 -1 0 14 -1 16 0 19 1 13 -1 18 1 18 0 17 0 17 4 15 4 13 4 14 2 15 6 15 7 15 4 13 5 18 3 14 8 15 4 17 4 13 6 17 7 13 6 16 6 14 7 15 7 14 1 0 0 0 0 0 0 0 0 0 ]
CSI_DATA,AP,68:FE:71:12:53:8C,-42,11,1,4,1,1,1,1,0,0,0,-95,5,6,1,66719054,0,84,0,0,66.719,384,[84 -64 4 0 0 0 0 0 0 0 0 0 12 -14 13 -14 14 -17 18 -15 18 -16 14 -13 17 -10 18 -10 19 -11 18 -11 16 -8 16 -11 19 -12 19 -10 15 -7 18 -8 17 -11 14 -7 16 -8 15 -8 17 -10 16 -10 13 -9 18 -7 15 -10 15 -9 1 -1 13 -10 16 -11 15 -8 11 -11 12 -9 13 -9 13 -12 13 -8 14 -11 14 -9 11 -14 10 -9 9 -13 10 -13 13 -10 13 -12 14 -13 10 -12 11 -13 10 -11 10 -11 10 -14 10 -15 10 -14 12 -15 7 -11 -2 2 0 0 0 0 0 0 0 0 ]
CSI_DATA,AP,68:FE:71:12:53:8C,-42,11,1,5,1,1,1,0,0,0,1,-96,0,6,1,66843423,0,84,0,0,66.843,384,[84 -64 4 0 0 0 0 0 0 0 0 0 13 16 13 14 13 16 14 16 12 17 11 18 11 15 10 19 10 16 12 18 12 20 12 15 12 17 10 17 8 16 8 19 9 16 10 15 6 17 7 14 6 15 9 18 8 16 6 15 11 15 8 13 1 1 8 14 9 17 10 15 10 14 8 12 7 16 9 15 12 13 11 10 9 11 10 13 12 11 12 11 12 10 12 13 11 12 13 10 13 10 15 13 14 9 12 10 11 10 11 12 16 10 12 12 12 9 -2 2 0 0 0 0 0 0 0 0 ]
CSI_DATA,AP,68:FE:71:12:53:8C,-45,11,1,3,1,1,1,0,0,0,0,-95,0,6,1,66925803,0,84,0,0,66.926,384,[84 -64 4 0 0 0 0 0 0 0 0 0 -10 18 -11 15 -11 19 -13 16 -15 16 -15 15 -16 17 -13 14 -15 15 -15 16 -16 16 -16 14 -17 12 -14 11 -17 11 -18 13 -14 13 -15 13 -16 12 -15 12 -14 10 -16 10 -12 11 -14 9 -15 10 -17 14 -2 1 -14 9 -14 13 -13 14 -13 15 -14 14 -12 12 -12 13 -14 12 -12 12 -9 12 -11 12 -9 10 -10 14 -12 14 -12 12 -11 14 -12 13 -9 13 -9 14 -7 14 -12 13 -7 14 -8 13 -10 14 -10 16 -6 16 0 1 0 0 0 0 0 0 0 0 ]
CSI_DATA,AP,68:FE:71:12:53:8C,-42,11,1,6,1,1,1,0,0,0,0,-93,0,6,1,67039742,0,84,0,0,67.04,384,[84 -64 4 0 0 0 0 0 0 0 0 0 -16 -12 -14 -15 -16 -15 -15 -16 -12 -15 -10 -15 -13 -16 -12 -14 -12 -19 -10 -17 -13 -19 -9 -18 -10 -17 -9 -17 -6 -17 -10 -20 -9 -15 -10 -16 -10 -15 -8 -15 -8 -18 -10 -19 -9 -14 -9 -14 -10 -16 -10 -16 2 -1 -8 -16 -11 -15 -8 -15 -11 -16 -7 -16 -10 -14 -12 -14 -8 -12 -10 -14 -8 -15 -13 -14 -9 -14 -12 -11 -13 -12 -12 -13 -13 -13 -13 -12 -11 -10 -12 -11 -11 -9 -11 -14 -12 -11 -11 -14 -14 -14 -11 -10 -13 -11 1 -1 0 0 0 0 0 0 0 0 ]
CSI_DATA,AP,68:FE:71:12:53:8C,-41,11,0,0,0,0,0,0,0,0,0,-95,0,6,1,67147652,0,37,0,0,67.148,128,[84 -64 4 0 0 0 0 0 0 0 0 0 16 -1 20 4 20 2 18 1 19 6 17 2 18 5 15 6 18 4 17 6 18 7 18 5 15 7 18 4 14 5 15 7 18 6 17 3 13 8 18 5 14 6 17 4 15 6 16 5 16 4 16 3 1 1 15 2 17 7 16 6 16 5 14 6 14 4 12 5 15 2 17 4 15 2 17 2 14 0 13 2 15 -1 17 1 17 -1 16 -2 15 -2 17 -2 15 0 17 2 16 -2 15 1 13 -3 12 0 16 -4 2 0 0 0 0 0 0 0 0 0 ]
CSI_DATA,AP,68:FE:71:12:53:8C,-43,11,1,4,1,1,1,0,0,0,0,-94,0,6,1,67262229,0,84,0,0,67.262,384,[84 -64 4 0 0 0 0 0 0 0 0 0 16 8 13 8 16 14 15 14 12 11 12 11 11 11 11 12 13 15 13 12 11 13 11 16 13 17 9 13 7 12 8 13 7 12 8 11 8 13 9 12 9 14 6 11 10 11 7 15 7 14 7 12 -1 0 9 13 10 11 7 11 9 10 8 11 11 9 10 11 7 8 10 12 8 9 10 9 9 10 10 8 10 11 11 10 12 8 10 12 10 7 11 10 11 10 12 7 12 7 14 10 14 9 11 10 12 8 0 -2 0 0 0 0 0 0 0 0 ]
CSI_DATA,AP,68:FE:71:12:53:8C,-41,11,1,4,1,1,1,0,0,0,0,-93,0,6,1,67380068,0,84,0,0,67.38,384,[84 -64 4 0 0 0 0 0 0 0 0 0 13 15 12 12 13 15 11 17 9 17 11 13 11 14 8 14 10 18 8 15 9 18 6 15 7 18 6 14 5 18 5 18 4 16 3 16 7 15 3 15 4 16 5 13 5 12 7 17 8 16 8 14 0 2 4 16 4 16 9 13 10 11 4 14 6 11 5 14 7 13 8 10 8 9 11 11 9 9 10 9 10 13 9 10 8 12 11 8 12 9 9 8 12 11 12 8 10 12 8 11 12 11 11 9 13 9 2 1 0 0 0 0 0 0 0 0 ]
CSI_DATA,AP,68:FE:71:12:53:8C,-38,11,1,7,1,1,1,0,0,0,0,-94,0,6,1,67497592,0,84,0,0,67.498,384,[84 -64 4 0 0 0 0 0 0 0 0 0 0 -27 1 -23 -1 -26 0 -27 1 -26 6 -24 2 -25 2 -22 3 -24 4 -22 4 -24 3 -23 7 -24 7 -19 7 -23 4 -19 8 -20 4 -21 5 -21 6 -19 6 -16 3 -18 4 -18 6 -20 5 -19 4 -20 0 0 6 -17 5 -21 5 -16 1 -15 3 -15 2 -16 4 -19 3 -16 2 -17 0 -16 -1 -15 0 -18 1 -16 1 -18 1 -15 -2 -19 1 -21 -2 -17 1 -19 -2 -18 -2 -16 -4 -16 -3 -18 -3 -18 0 -18 -3 -16 0 1 0 0 0 0 0 0 0 0 ]
CSI_DATA,AP,68:FE:71:12:53:8C,-39,11,1,5,1,1,1,0,0,0,0,-94,0,6,1,67591701,0,84,0,0,67.592,384,[84 -64 4 0 0 0 0 0 0 0 0 0 -8 -7 -4 -7 -6 -7 -6 -9 -8 -7 -4 -9 -7 -8 -5 -11 -4 -9 -2 -7 -3 -9 -5 -9 -7 -12 -2 -9 -1 -8 -2 -9 -3 -7 -5 -7 -3 -6 -2 -9 -5 -7 -4 -8 -1 -7 -2 -8 -3 -10 -4 -6 -1 1 -7 -7 -7 -8 -4 -10 -5 -9 -4 -9 -6 -9 -5 -6 -5 -6 -5 -8 -8 -7 -4 -9 -7 -8 -7 -8 -7 -8 -8 -7 -6 -9 -7 -6 -8 -4 -5 -5 -8 -4 -7 -4 -7 -4 -7 -6 -7 -6 -7 -8 -9 -4 -1 2 0 0 0 0 0 0 0 0 ]
CSI_DATA,AP,68:FE:71:12:53:8C,-38,11,1,6,1,1,1,1,0,0,0,-94,1,6,1,67675902,0,84,0,0,67.676,384,[84 -64 4 0 0 0 0 0 0 0 0 0 32 -17 32 -12 29 -13 34 -12 30 -14 29 -9 34 -8 32 -9 30 -8 31 -6 35 -8 32 -5 30 -5 31 -6 28 -4 33 -7 31 -5 27 -5 28 -4 26 -5 29 -3 26 -4 26 0 31 -1 28 -3 28 -6 -1 1 25 -7 29 -7 27 -9 28 -7 28 -4 28 -10 27 -9 25 -9 22 -11 21 -9 27 -10 23 -11 22 -9 23 -9 23 -12 25 -15 25 -14 21 -15 22 -13 23 -16 25 -12 22 -15 23 -13 22 -15 24 -15 24 -17 0 2 0 0 0 0 0 0 0 0 ]
CSI_DATA,AP,68:FE:71:12:53:8C,-43,11,1,6,1,1,1,0,0,0,0,-93,0,6,1,67774234,0,84,0,0,67.774,384,[84 -64 4 0 0 0 0 0 0 0 0 0 -2 -9 -4 -7 -3 -8 -3 -8 -3 -10 0 -7 -3 -11 1 -10 -3 -11 -1 -6 2 -10 1 -10 -2 -10 1 -9 0 -9 2 -7 -1 -10 0 -10 1 -7 3 -8 3 -6 -1 -10 1 -9 0 -8 1 -7 2 -9 1 0 2 -6 1 -6 0 -8 -1 -8 -1 -5 -3 -9 -2 -10 -1 -6 0 -5 1 -8 -3 -9 -3 -5 0 -9 -3 -7 -4 -10 -2 -7 -3 -7 -2 -9 -2 -9 -4 -6 -4 -9 -1 -10 -4 -10 -6 -9 -2 -10 -2 -8 -1 0 0 0 0 0 0 0 0 0 ]
CSI_DATA,AP,68:FE:71:12:53:8C,-40,11,1,4,1,1,1,0,0,0,0,-94,0,6,1,67873747,0,84,0,0,67.874,384,[84 -64 4 0 0 0 0 0 0 0 0 0 -8 -18 -9 -20 -7 -17 -5 -20 -9 -22 -4 -16 -5 -18 -2 -20 -6 -18 -2 -21 -3 -20 -3 -21 -3 -21 -2 -18 -4 -20 -1 -20 0 -19 -3 -18 -2 -19 -3 -17 -3 -16 0 -15 0 -14 -3 -17 -2 -17 0 -17 -1 0 -4 -17 -3 -14 -1 -17 -5 -16 -3 -16 -6 -15 -5 -14 -5 -17 -5 -13 -6 -14 -4 -14 -5 -13 -8 -13 -7 -15 -4 -13 -9 -13 -8 -14 -8 -14 -5 -15 -8 -12 -9 -11 -6 -14 -6 -15 -10 -16 -7 -15 -7 -12 1 -1 0 0 0 0 0 0 0 0 ]
CSI_DATA,AP,68:FE:71:12:53:8C,-39,11,1,5,1,1,1,0,0,0,0,-93,0,6,1,67976364,0,84,0,0,67.976,384,[84 -64 4 0 0 0 0 0 0 0 0 0 -7 -16 -6 -17 -7 -17 -6 -20 -5 -20 -6 -19 -6 -16 -6 -17 -4 -15 -2 -18 -1 -14 -3 -15 -5 -14 0 -13 -3 -14 -2 -14 -1 -14 -1 -11 -2 -10 -3 -10 -3 -14 -2 -12 -2 -11 -3 -14 -2 -10 -2 -10 0 -1 -3 -12 -6 -12 -4 -10 -5 -10 -4 -10 -5 -10 -5 -12 -4 -8 -9 -11 -9 -8 -6 -10 -6 -7 -9 -11 -6 -7 -10 -7 -8 -8 -9 -8 -6 -7 -11 -8 -8 -7 -9 -10 -9 -6 -9 -7 -9 -8 -9 -8 -9 -5 0 0 0 0 0 0 0 0 0 0 ]
CSI_DATA,AP,68:FE:71:12:53:8C,-40,11,1,4,1,1,1,0,0,0,0,-96,0,6,1,68084809,0,84,0,0,68.085,384,[84 -64 4 0 0 0 0 0 0 0 0 0 16 11 15 12 16 11 15 9 17 9 13 9 15 13 14 10 14 10 13 13 12 9 12 10 12 9 10 9 8 11 11 9 8 7 11 8 9 10 9 6 8 7 9 5 5 9 7 8 9 5 6 4 0 -2 9 6 8 7 11 5 8 3 9 6 11 5 6 4 7 0 9 3 8 4 11 0 9 1 9 1 9 -1 7 2 11 1 8 3 11 2 11 -3 11 -1 11 1 9 -1 12 -1 8 -2 8 -1 7 -2 -1 0 0 0 0 0 0 0 0 0 ]
CSI_DATA,AP,68:FE:71:12:53:8C,-43,11,1,4,1,1,1,1,0,0,0,-93,2,6,1,68176805,0,84,0,0,68.177,384,[84 -64 4 0 0 0 0 0 0 0 0 0 4 -32 5 -29 3 -35 5 -35 5 -29 8 -29 9 -26 5 -27 9 -24 9 -25 7 -26 7 -24 9 -26 8 -26 9 -22 7 -24 6 -20 3 -17 3 -21 5 -21 4 -17 2 -17 2 -15 2 -20 2 -19 1 -15 2 -2 3 -17 -1 -17 -2 -14 -4 -12 -1 -16 -3 -13 0 -15 -5 -13 -2 -15 -6 -14 -7 -11 -4 -14 -6 -11 -4 -11 -8 -12 -6 -9 -7 -10 -6 -11 -10 -12 -8 -10 -9 -10 -8 -8 -11 -9 -11 -6 -11 -9 -8 -9 1 0 0 0 0 0 0 0 0 0 ]
CSI_DATA,AP,68:FE:71:12:53:8C,-43,11,1,5,1,1,1,0,0,0,0,-95,0,6,1,68293392,0,84,0,0,68.293,384,[84 -64 4 0 0 0 0 0 0 0 0 0 -8 -10 -9 -11 -5 -12 -8 -13 -6 -13 -6 -9 -6 -9 -2 -10 -3 -10 -4 -11 -5 -13 -3 -12 -5 -11 -5 -13 -3 -12 -3 -10 -3 -13 -2 -8 -3 -11 -3 -12 -2 -8 -1 -9 -4 -10 -3 -11 -3 -12 -4 -9 1 0 -6 -9 -4 -9 -5 -10 -4 -6 -6 -7 -2 -9 -6 -6 -7 -7 -6 -10 -4 -9 -7 -9 -5 -9 -4 -8 -3 -5 -3 -6 -7 -9 -4 -9 -6 -9 -4 -6 -5 -8 -7 -5 -5 -9 -6 -7 -5 -8 -6 -7 -6 -8 1 0 0 0 0 0 0 0 0 0 ]
CSI_DATA,AP,68:FE:71:12:53:8C,-40,11,1,4,1,1,1,0,0,0,0,-94,0,6,1,68423087,0,84,0,0,68.423,384,[84 -64 4 0 0 0 0 0 0 0 0 0 -23 5 -20 5 -19 3 -24 3 -21 0 -20 -1 -20 2 -24 -1 -24 2 -18 2 -21 0 -21 1 -21 -2 -24 1 -23 -1 -20 -2 -24 -2 -18 1 -23 0 -21 -5 -21 0 -20 -2 -18 1 -19 0 -22 -3 -20 0 -2 -1 -22 -2 -20 -3 -23 -1 -21 2 -19 0 -24 -2 -21 0 -22 -2 -22 0 -22 0 -23 3 -20 1 -19 3 -22 4 -20 2 -21 -1 -23 1 -25 0 -23 -1 -24 2 -22 2 -24 3 -23 4 -25 2 -23 3 -23 1 0 1 0 0 0 0 0 0 0 0 ]
CSI_DATA,AP,68:FE:71:12:53:8C,-39,11,1,4,1,1,1,0,0,0,0,-96,0,6,1,68533522,0,84,0,0,68.534,384,[84 -64 4 0 0 0 0 0 0 0 0 0 5 -24 6 -21 6 -25 6 -24 9 -22 6 -21 8 -23 7 -22 7 -22 11 -20 12 -21 11 -21 13 -21 9 -20 11 -20 12 -22 11 -20 11 -19 13 -19 8 -22 14 -20 12 -23 14 -19 9 -19 15 -19 11 -22 1 -1 8 -19 11 -22 10 -20 11 -22 11 -22 7 -20 8 -22 6 -19 8 -19 7 -22 8 -24 9 -21 9 -23 6 -22 7 -23 4 -25 9 -23 7 -24 5 -25 4 -24 9 -25 4 -25 8 -25 4 -22 6 -22 6 -23 -1 -2 0 0 0 0 0 0 0 0 ]
CSI_DATA,AP,68:FE:71:12:53:8C,-39,11,1,6,1,1,1,0,0,0,0,-95,0,6,1,68635503,0,84,0,0,68.636,384,[84 -64 4 0 0 0 0 0 0 0 0 0 -7 -29 -6 -26 -7 -29 -6 -26 -7 -31 -1 -27 -1 -25 -1 -24 -4 -26 -2 -28 0 -29 0 -27 1 -27 2 -24 0 -22 -2 -25 -1 -26 1 -22 0 -24 3 -23 3 -20 1 -21 0 -20 1 -22 5 -23 1 -20 2 2 -1 -21 2 -22 2 -21 -2 -18 0 -19 -2 -18 -3 -16 0 -17 -3 -16 -1 -18 0 -17 -5 -15 -2 -16 -6 -12 -6 -14 -7 -17 -7 -16 -10 -13 -9 -14 -10 -16 -10 -18 -13 -14 -15 -17 -13 -18 -16 -17 -19 -18 -1 -2 0 0 0 0 0 0 0 0 ]
CSI_DATA,AP,68:FE:71:12:53:8C,-38,11,1,5,1,1,1,0,0,0,0,-94,0,6,1,68754357,0,84,0,0,68.754,384,[84 -64 4 0 0 0 0 0 0 0 0 0 7 -23 8 -20 8 -19 11 -23 8 -23 11 -19 13 -19 11 -18 12 -19 17 -23 15 -18 15 -23 19 -24 18 -21 14 -18 18 -22 17 -19 18 -17 19 -17 17 -20 20 -20 16 -18 17 -15 16 -20 17 -16 19 -16 2 -1 14 -16 18 -17 17 -16 16 -20 17 -18 18 -19 18 -18 13 -17 13 -19 13 -20 12 -23 13 -20 11 -21 12 -19 14 -20 10 -21 14 -19 10 -19 9 -18 7 -21 9 -22 9 -21 11 -19 9 -22 7 -21 7 -19 -1 2 0 0 0 0 0 0 0 0 ]
CSI_DATA,AP,68:FE:71:12:53:8C,-40,11,1,5,1,1,1,0,0,0,0,-93,0,6,1,68846382,0,84,0,0,68.846,384,[84 -64 4 0 0 0 0 0 0 0 0 0 3 -14 7 -11 6 -13 7 -13 7 -10 7 -13 9 -12 7 -11 7 -14 10 -11 9 -14 8 -13 7 -13 8 -13 11 -12 8 -10 11 -12 10 -10 10 -9 9 -12 8 -9 8 -10 6 -12 11 -10 12 -11 10 -10 0 1 9 -11 9 -10 8 -9 10 -11 9 -9 10 -11 8 -10 10 -12 9 -13 8 -11 7 -11 9 -12 8 -9 5 -10 5 -13 6 -13 8 -13 7 -11 5 -13 8 -13 5 -14 7 -10 7 -12 6 -12 8 -12 8 -11 0 0 0 0 0 0 0 0 0 0 ]
CSI_DATA,AP,68:FE:71:12:53:8C,-40,11,1,4,1,1,1,0,0,0,0,-96,0,6,1,68964669,0,84,0,0,68.965,384,[84 -64 4 0 0 0 0 0 0 0 0 0 10 16 10 17 10 17 6 18 6 19 4 19 6 18 5 20 3 20 3 17 4 19 5 19 4 21 4 21 5 20 1 18 3 16 3 15 4 17 1 20 4 16 3 16 4 17 4 18 5 19 3 17 1 -1 2 15 4 17 5 16 6 16 4 15 4 13 4 14 6 15 3 12 5 12 7 15 6 13 5 15 6 13 6 11 10 12 7 16 10 14 10 13 10 12 6 14 9 12 10 14 10 10 7 12 8 11 2 -2 0 0 0 0 0 0 0 0 ]
CSI_DATA,AP,68:FE:71:12:53:8C,-40,11,1,6,1,1,1,0,0,0,0,-95,0,6,1,69088233,0,84,0,0,69.088,384,[84 -64 4 0 0 0 0 0 0 0 0 0 1 17 2 19 4 18 2 17 3 20 2 18 1 17 -2 18 -3 17 1 19 0 18 0 19 0 17 -3 18 -2 17 0 16 0 17 -2 14 -2 16 -3 15 0 18 -1 15 -1 17 -3 15 -3 16 -3 16 -1 1 -3 15 -3 17 -2 13 -1 13 -2 14 1 14 -2 12 -3 13 0 13 2 17 1 17 0 15 -1 16 3 17 -1 15 3 16 1 13 0 14 1 13 4 12 2 14 1 16 1 14 2 16 1 16 2 13 0 1 0 0 0 0 0 0 0 0 ]
CSI_DATA,AP,68:FE:71:12:53:8C,-39,11,1,5,1,1,1,0,0,0,0,-95,0,6,1,69198381,0,84,0,0,69.198,384,[84 -64 4 0 0 0 0 0 0 0 0 0 -16 -13 -15 -14 -16 -15 -14 -15 -14 -17 -14 -18 -11 -19 -10 -18 -14 -16 -9 -17 -11 -16 -13 -16 -11 -19 -8 -20 -9 -20 -12 -17 -7 -15 -10 -16 -10 -19 -11 -17 -11 -18 -10 -19 -10 -15 -9 -16 -10 -16 -10 -15 -2 -1 -7 -14 -11 -15 -8 -15 -12 -12 -11 -15 -11 -15 -9 -12 -12 -12 -8 -15 -10 -11 -10 -11 -11 -12 -10 -13 -12 -12 -11 -10 -11 -11 -13 -13 -11 -13 -11 -12 -13 -12 -14 -13 -11 -10 -14 -13 -15 -12 -13 -8 -11 -12 2 2 0 0 0 0 0 0 0 0 ]
CSI_DATA,AP,68:FE:71:12:53:8C,-37,11,1,7,1,1,1,0,0,0,0,-96,0,6,1,69341114,0,84,0,0,69.341,384,[84 -64 4 0 0 0 0 0 0 0 0 0 7 -17 7 -17 5 -20 6 -20 8 -17 10 -18 9 -18 9 -19 8 -16 10 -18 10 -18 13 -17 10 -18 11 -14 11 -16 8 -13 11 -14 12 -16 11 -14 8 -14 10 -12 7 -16 11 -11 10 -13 7 -13 10 -12 1 -2 6 -11 6 -15 6 -13 7 -15 7 -15 5 -17 9 -16 4 -14 4 -13 6 -15 7 -14 6 -16 7 -15 6 -13 6 -14 2 -15 3 -16 2 -14 4 -15 1 -18 2 -16 1 -16 2 -18 2 -17 2 -14 0 -16 1 -2 0 0 0 0 0 0 0 0 ]
CSI_DATA,AP,68:FE:71:12:53:8C,-46,11,1,4,1,1,1,1,0,0,0,-96,4,6,1,69464728,0,82,0,0,69.465,384,[84 -64 4 0 0 0 0 0 0 0 0 0 -3 21 -7 18 -8 17 -6 19 -8 20 -9 16 -7 17 -6 18 -10 16 -7 16 -7 18 -8 16 -11 14 -10 18 -10 15 -10 16 -10 13 -8 13 -11 14 -10 14 -11 12 -7 15 -10 12 -10 12 -8 15 -6 12 1 2 -10 14 -5 15 -8 14 -7 11 -5 14 -4 14 -6 15 -8 11 -5 14 -6 11 -5 15 -7 13 -4 12 -2 14 -5 11 -5 16 -3 15 -2 14 -4 16 -2 16 -2 17 -3 15 -4 15 -1 17 -4 12 -1 13 2 0 0 0 0 0 0 0 0 0 ]
CSI_DATA,AP,68:FE:71:12:53:8C,-39,11,1,5,1,1,1,0,0,0,0,-95,0,6,1,69594657,0,84,0,0,69.595,384,[84 -64 4 0 0 0 0 0 0 0 0 0 15 2 18 5 18 4 17 3 19 3 18 5 19 4 17 8 18 6 16 5 16 8 15 6 14 6 16 7 14 7 13 9 16 7 14 4 13 7 16 6 15 8 13 4 12 6 11 8 12 7 14 4 0 1 12 6 14 4 13 6 15 5 12 6 13 2 14 3 15 5 14 1 12 1 15 3 14 3 15 3 13 0 15 2 16 -1 15 3 14 0 13 1 15 -1 15 -2 14 -3 16 -1 13 -3 13 -1 14 1 0 -2 0 0 0 0 0 0 0 0 ]
CSI_DATA,AP,68:FE:71:12:53:8C,-43,11,1,5,1,1,1,0,0,0,0,-95,0,6,1,69702067,0,84,0,0,69.702,384,[84 -64 4 0 0 0 0 0 0 0 0 0 -6 -17 -7 -18 -8 -20 -9 -21 -4 -21 -6 -21 -3 -20 -4 -20 -4 -22 -5 -22 -2 -19 -3 -18 -2 -21 -4 -19 0 -17 -2 -17 -4 -17 -4 -19 -1 -20 -4 -17 -4 -16 -3 -18 -1 -17 -4 -17 0 -15 -1 -15 2 1 0 -15 -3 -15 -3 -15 -5 -17 -4 -17 -2 -15 -3 -15 -3 -15 -3 -13 -3 -15 -3 -17 -6 -16 -7 -14 -5 -14 -6 -15 -4 -13 -8 -17 -9 -13 -8 -15 -8 -12 -6 -14 -10 -13 -6 -17 -11 -16 -8 -14 -9 -13 0 -1 0 0 0 0 0 0 0 0 ]
CSI_DATA,AP,68:FE:71:12:53:8C,-44,11,1,5,1,1,1,0,0,0,0,-95,0,6,1,69814847,0,84,0,0,69.815,384,[84 -64 4 0 0 0 0 0 0 0 0 0 5 21 1 19 4 19 3 20 3 18 2 20 0 17 1 21 1 19 0 20 -1 20 -1 19 -1 18 -1 17 0 19 -4 18 0 16 -1 18 0 16 -4 17 -2 16 -4 16 0 16 -2 15 -1 17 0 15 1 0 0 14 0 18 -3 14 1 18 -1 17 2 16 -2 16 0 14 2 13 4 16 1 17 2 17 1 17 4 13 3 15 1 13 2 15 5 13 3 17 6 14 6 15 4 13 4 14 5 17 6 16 4 14 -1 -2 0 0 0 0 0 0 0 0 ]
CSI_DATA,AP,68:FE:71:12:53:8C,-42,11,0,0,0,0,0,0,0,0,0,-95,0,6,1,69942015,0,37,0,0,69.942,128,[84 -64 4 0 0 0 0 0 0 0 0 0 10 -16 11 -19 10 -18 13 -16 14 -15 12 -14 16 -15 12 -13 14 -13 14 -15 16 -13 13 -15 13 -16 14 -11 16 -13 12 -13 14 -13 15 -9 16 -12 16 -9 15 -9 14 -12 14 -11 13 -11 14 -12 14 -9 -1 -2 12 -11 10 -13 12 -12 14 -13 11 -12 13 -11 10 -9 10 -11 9 -11 9 -13 8 -15 10 -12 8 -11 10 -14 8 -13 8 -14 8 -17 9 -13 9 -14 6 -16 9 -15 7 -15 6 -13 9 -16 9 -15 6 -13 -1 -2 0 0 0 0 0 0 0 0 ]
CSI_DATA,AP,68:FE:71:12:53:8C,-39,11,1,4,1,1,1,0,0,0,1,-94,0,6,1,70060046,0,84,0,0,70.06,384,[84 -64 4 0 0 0 0 0 0 0 0 0 -3 -21 0 -21 1 -21 0 -19 2 -19 0 -22 1 -21 4 -22 2 -18 3 -18 4 -20 3 -18 3 -18 2 -18 3 -19 3 -20 5 -16 7 -16 6 -17 3 -18 7 -18 5 -18 3 -18 2 -18 5 -16 6 -18 2 1 1 -17 2 -19 5 -18 3 -17 2 -16 1 -18 2 -18 4 -17 -1 -14 2 -14 3 -17 2 -15 -2 -15 1 -17 0 -15 0 -18 -2 -17 -1 -15 1 -16 1 -15 -2 -18 -2 -16 0 -17 -4 -18 -3 -16 -5 -18 1 0 0 0 0 0 0 0 0 0 ]
CSI_DATA,AP,68:FE:71:12:53:8C,-40,11,1,4,1,1,1,0,0,0,0,-96,0,6,1,70184452,0,84,0,0,70.184,384,[84 -64 4 0 0 0 0 0 0 0 0 0 -14 14 -18 12 -16 13 -17 9 -19 8 -16 11 -19 7 -19 8 -19 7 -16 9 -16 9 -19 8 -17 7 -18 8 -20 5 -18 4 -17 7 -16 6 -17 4 -19 4 -18 3 -17 3 -15 3 -16 3 -15 5 -17 8 -2 -2 -14 5 -15 8 -17 8 -16 7 -14 7 -14 5 -17 5 -15 9 -12 7 -15 9 -16 6 -13 9 -14 7 -12 10 -14 11 -14 7 -12 11 -11 12 -12 8 -11 11 -12 8 -12 11 -11 13 -10 13 -14 8 -11 8 -2 0 0 0 0 0 0 0 0 0 ]
CSI_DATA,AP,68:FE:71:12:53:8C,-44,11,1,5,1,1,1,0,0,0,0,-95,0,6,1,70293294,0,84,0,0,70.293,384,[84 -64 4 0 0 0 0 0 0 0 0 0 8 9 4 5 4 10 4 6 3 7 3 7 4 7 2 10 4 11 4 11 4 8 3 6 0 7 0 6 4 9 2 8 2 7 0 9 -1 7 1 9 2 7 3 5 3 6 2 9 3 8 3 8 0 2 2 7 4 7 5 6 0 5 1 7 5 7 2 7 2 7 2 6 3 5 2 4 4 4 3 5 3 6 3 5 3 8 3 4 6 8 4 6 6 4 2 7 5 4 6 4 3 7 3 4 5 5 -1 -2 0 0 0 0 0 0 0 0 ]
CSI_DATA,AP,68:FE:71:12:53:8C,-35,11,1,5,1,1,1,0,0,0,0,-96,0,6,1,70388410,0,84,0,0,70.388,384,[84 -64 4 0 0 0 0 0 0 0 0 0 -35 -20 -34 -21 -37 -20 -33 -21 -30 -25 -28 -25 -30 -24 -28 -25 -29 -26 -27 -23 -28 -24 -29 -28 -27 -28 -28 -24 -25 -27 -28 -25 -25 -27 -22 -24 -24 -26 -22 -25 -21 -27 -21 -27 -20 -27 -24 -27 -22 -28 -22 -25 0 1 -21 -22 -24 -23 -22 -22 -27 -23 -24 -23 -22 -21 -26 -24 -25 -20 -23 -22 -25 -20 -25 -20 -28 -19 -25 -16 -25 -18 -26 -18 -29 -18 -30 -16 -31 -14 -26 -14 -27 -13 -27 -17 -29 -16 -32 -15 -28 -11 -31 -15 -27 -13 2 -2 0 0 0 0 0 0 0 0 ]
CSI_DATA,AP,68:FE:71:12:53:8C,-39,11,1,4,1,1,1,0,0,0,0,-95,0,6,1,70498592,0,84,0,0,70.499,384,[84 -64 4 0 0 0 0 0 0 0 0 0 -16 12 -17 7 -17 8 -18 7 -21 8 -20 9 -18 7 -21 6 -17 8 -21 4 -21 5 -18 6 -21 4 -21 6 -20 5 -19 2 -19 6 -20 6 -18 4 -17 4 -17 4 -15 4 -17 5 -16 3 -17 3 -16 2 -2 -1 -15 4 -15 6 -18 5 -15 3 -14 5 -17 7 -15 7 -15 4 -17 7 -14 6 -16 8 -11 9 -15 6 -12 9 -15 9 -13 11 -11 7 -12 9 -14 9 -13 12 -13 8 -14 9 -13 8 -12 12 -13 8 -11 13 0 2 0 0 0 0 0 0 0 0 ]
CSI_DATA,AP,68:FE:71:12:53:8C,-43,11,1,5,1,1,1,0,0,0,0,-93,0,6,1,70630663,0,84,0,0,70.631,384,[84 -64 4 0 0 0 0 0 0 0 0 0 9 10 6 7 5 8 7 10 8 7 4 6 6 9 5 9 4 10 7 8 5 10 5 9 2 10 5 7 2 9 3 8 5 7 3 7 6 8 3 9 3 7 3 10 4 6 3 9 4 5 2 8 2 2 3 9 3 6 4 6 5 5 4 7 4 6 4 6 3 5 2 5 2 5 5 5 6 6 4 5 4 4 3 4 3 4 7 4 5 4 5 4 3 6 5 4 5 4 6 6 4 3 8 5 8 6 -2 1 0 0 0 0 0 0 0 0 ]
CSI_DATA,AP,68:FE:71:12:53:8C,-39,11,1,4,1,1,1,1,0,0,0,-94,6,6,1,70736113,0,84,0,0,70.736,384,[84 -64 4 0 0 0 0 0 0 0 0 0 -12 -14 -9 -14 -11 -15 -9 -18 -7 -18 -9 -16 -6 -19 -7 -19 -4 -18 -4 -18 -5 -18 -5 -16 -6 -17 -4 -18 -5 -17 -5 -18 -4 -19 -3 -16 -5 -18 -6 -18 -2 -15 -6 -18 -4 -14 -7 -16 -4 -16 -5 -14 2 -1 -3 -17 -3 -15 -4 -16 -7 -16 -5 -12 -5 -15 -5 -12 -4 -13 -9 -15 -8 -12 -8 -16 -5 -11 -6 -11 -9 -15 -7 -13 -7 -13 -8 -14 -8 -14 -11 -13 -10 -10 -10 -14 -7 -12 -10 -10 -10 -13 -11 -12 -11 -9 1 1 0 0 0 0 0 0 0 0 ]
CSI_DATA,AP,68:FE:71:12:53:8C,-40,11,1,5,1,1,1,0,0,0,0,-94,0,6,1,70830018,0,84,0,0,70.83,384,[84 -64 4 0 0 0 0 0 0 0 0 0 -10 18 -12 14 -12 18 -15 17 -15 16 -15 15 -16 15 -13 10 -14 10 -15 10 -18 11 -17 11 -18 12 -15 13 -13 12 -15 13 -13 9 -15 8 -16 10 -16 10 -14 11 -14 11 -13 10 -17 10 -15 11 -13 12 0 2 -14 11 -15 9 -14 11 -11 10 -13 9 -15 12 -14 8 -12 12 -10 12 -12 11 -12 12 -10 10 -12 12 -13 14 -9 13 -11 15 -13 14 -10 13 -9 13 -10 14 -11 14 -11 14 -12 14 -9 15 -10 11 -9 15 2 2 0 0 0 0 0 0 0 0 ]
CSI_DATA,AP,68:FE:71:12:53:8C,-39,11,1,5,1,1,1,0,0,0,0,-94,0,6,1,70958669,0,84,0,0,70.959,384,[84 -64 4 0 0 0 0 0 0 0 0 0 -36 11 -38 12 -38 9 -40 8 -38 7 -36 4 -38 3 -40 5 -38 3 -35 5 -36 1 -35 4 -35 2 -35 4 -38 2 -36 1 -37 0 -35 -1 -35 -1 -35 1 -34 -4 -31 -1 -30 1 -34 1 -32 -2 -35 4 -2 0 -31 -1 -30 0 -33 1 -29 2 -29 0 -31 5 -32 4 -30 6 -29 5 -30 8 -29 7 -28 8 -28 7 -28 8 -29 7 -29 11 -31 11 -29 12 -28 11 -25 11 -29 9 -31 12 -27 15 -26 15 -26 13 -29 16 0 -1 0 0 0 0 0 0 0 0 ]
CSI_DATA,AP,68:FE:71:12:53:8C,-40,11,1,4,1,1,1,0,0,0,0,-96,0,6,1,71076092,0,84,0,0,71.076,384,[84 -64 4 0 0 0 0 0 0 0 0 0 0 -21 0 -21 4 -20 1 -20 4 -22 4 -20 3 -21 7 -19 4 -20 6 -16 6 -19 8 -18 6 -20 7 -19 5 -19 7 -18 6 -14 9 -17 7 -14 8 -14 6 -17 6 -14 4 -14 6 -16 9 -17 7 -14 0 -1 3 -16 5 -17 5 -17 3 -14 2 -15 6 -17 5 -13 2 -15 2 -15 1 -16 0 -14 2 -17 4 -18 0 -15 2 -17 2 -15 2 -15 -2 -15 -1 -18 -2 -18 0 -15 1 -14 1 -19 -1 -19 0 -18 -1 -14 -2 2 0 0 0 0 0 0 0 0 ]
CSI_DATA,AP,68:FE:71:12:53:8C,-40,11,1,6,1,1,1,0,0,0,0,-95,0,6,1,71199253,0,84,0,0,71.199,384,[84 -64 4 0 0 0 0 0 0 0 0 0 21 -4 21 -4 22 -5 21 -1 18 -3 22 0 21 1 18 0 21 -2 20 0 18 -2 21 1 18 -2 21 -1 19 -1 20 0 20 2 16 1 16 3 18 4 19 1 17 1 18 3 15 3 16 3 16 -1 0 -2 17 2 17 -1 15 -2 18 0 17 0 18 0 16 -3 18 -3 14 -4 15 -6 15 -2 14 -3 14 -4 14 -6 14 -4 16 -6 16 -5 16 -5 14 -3 14 -8 17 -6 17 -5 18 -6 14 -9 14 -8 15 -8 -1 1 0 0 0 0 0 0 0 0 ]
CSI_DATA,AP,68:FE:71:12:53:8C,-42,11,1,4,1,1,1,0,0,0,0,-95,0,6,1,71313572,0,84,0,0,71.314,384,[84 -64 4 0 0 0 0 0 0 0 0 0 -11 -16 -13 -20 -9 -19 -8 -22 -9 -21 -10 -19 -5 -20 -6 -18 -7 -18 -4 -20 -5 -21 -5 -22 -5 -21 -8 -19 -4 -18 -5 -22 -3 -20 -4 -17 -5 -16 -3 -17 -2 -16 -3 -19 -2 -16 -3 -20 -3 -16 -7 -18 2 -2 -4 -15 -5 -19 -4 -20 -4 -15 -3 -17 -6 -19 -4 -16 -7 -16 -6 -15 -5 -15 -10 -16 -8 -15 -8 -17 -7 -13 -9 -18 -10 -13 -7 -17 -10 -16 -8 -12 -12 -12 -8 -13 -11 -16 -8 -13 -11 -15 -9 -14 -13 -13 -1 -1 0 0 0 0 0 0 0 0 ]
CSI_DATA,AP,68:FE:71:12:53:8C,-39,11,1,6,1,1,1,0,0,0,0,-95,0,6,1,71386680,0,84,0,0,71.387,384,[84 -64 4 0 0 0 0 0 0 0 0 0 -6 20 -4 20 -4 23 -8 22 -5 19 -11 20 -11 21 -11 18 -10 18 -12 17 -11 17 -12 19 -12 16 -9 16 -11 18 -13 18 -11 17 -8 15 -11 14 -10 18 -8 14 -10 14 -12 13 -11 17 -10 18 -10 15 2 -2 -7 14 -8 15 -9 15 -7 17 -7 13 -6 17 -7 18 -6 15 -8 15 -4 13 -8 19 -3 13 -5 15 -2 16 -5 17 -5 15 -6 16 -1 15 -1 15 -4 14 -4 15 0 14 -1 17 -1 19 -1 14 -3 15 0 1 0 0 0 0 0 0 0 0 ]
CSI_DATA,AP,68:FE:71:12:53:8C,-39,11,1,6,1,1,1,0,0,0,0,-95,0,6,1,71519860,0,84,0,0,71.52,384,[84 -64 4 0 0 0 0 0 0 0 0 0 -22 6 -22 6 -23 6 -23 5 -22 2 -22 0 -20 0 -24 -1 -20 -1 -22 1 -21 -1 -20 -1 -22 0 -22 2 -19 -3 -20 0 -19 -3 -18 -1 -20 -3 -19 0 -17 -3 -19 -1 -19 0 -18 2 -18 0 -19 0 -2 1 -18 0 -18 0 -21 1 -19 3 -20 0 -20 3 -20 3 -19 1 -17 0 -17 5 -17 4 -16 3 -19 5 -16 2 -18 3 -17 2 -19 2 -18 6 -17 5 -16 6 -17 5 -16 5 -15 8 -17 5 -18 7 -14 7 -1 0 0 0 0 0 0 0 0 0 ]
CSI_DATA,AP,68:FE:71:12:53:8C,-40,11,1,5,1,1,1,0,0,0,0,-95,0,6,1,71618154,0,84,0,0,71.618,384,[84 -64 4 0 0 0 0 0 0 0 0 0 23 -1 22 -5 23 -1 21 -3 20 0 22 1 22 0 18 2 23 2 22 4 21 1 22 1 20 4 21 4 21 5 22 5 19 4 17 5 17 2 17 2 18 7 21 5 15 3 18 3 20 4 19 3 -2 -2 17 1 19 4 19 4 19 0 18 1 17 1 18 2 17 -2 16 2 15 1 18 -3 15 0 16 -3 15 -1 15 -3 20 -1 19 -1 17 -2 19 -1 15 -4 15 -5 19 -1 18 -3 20 -6 19 -7 14 -4 -2 0 0 0 0 0 0 0 0 0 ]
CSI_DATA,AP,68:FE:71:12:53:8C,-47,11,1,4,1,1,1,0,0,0,0,-94,0,6,1,71733223,0,84,0,0,71.733,384,[84 -64 4 0 0 0 0 0 0 0 0 0 19 -5 22 -3 20 -4 23 1 20 -2 22 1 21 2 19 -1 21 3 21 1 19 1 19 2 20 5 19 2 19 2 21 1 17 4 18 4 17 3 16 1 15 5 16 2 15 5 17 5 18 5 16 1 1 0 19 3 17 1 17 0 15 -1 17 3 15 0 16 -1 14 1 17 -2 13 -3 17 0 16 -3 15 -2 15 -3 15 -3 18 -1 17 -3 18 -3 15 -3 14 -5 18 -6 17 -4 14 -6 16 -4 16 -6 17 -4 0 2 0 0 0 0 0 0 0 0 ]
CSI_DATA,AP,68:FE:71:12:53:8C,-43,11,1,5,1,1,1,0,0,0,0,-94,0,6,1,71876952,0,84,0,0,71.877,384,[84 -64 4 0 0 0 0 0 0 0 0 0 20 11 18 14 19 11 17 14 18 16 12 14 14 13 15 12 13 17 12 14 14 15 14 14 13 17 13 14 13 13 12 14 10 16 8 14 11 13 9 13 13 14 12 13 7 14 12 16 13 16 9 14 1 0 12 13 14 13 12 13 15 13 11 14 10 14 11 11 11 11 12 12 11 8 16 12 12 10 12 11 11 10 14 10 15 10 15 7 12 10 16 8 12 8 13 7 13 8 15 7 14 8 14 6 16 6 2 2 0 0 0 0 0 0 0 0 ]
CSI_DATA,AP,68:FE:71:12:53:8C,-41,11,1,5,1,1,1,0,0,0,0,-95,0,6,1,71977827,0,84,0,0,71.978,384,[84 -64 4 0 0 0 0 0 0 0 0 0 20 9 18 10 16 13 20 12 16 12 15 10 14 12 13 15 17 11 14 15 15 14 16 11 16 14 13 13 15 15 13 14 14 16 11 15 12 12 11 12 11 12 12 14 11 10 12 11 15 12 15 13 2 0 14 11 12 13 15 11 16 11 14 10 13 9 12 9 15 9 12 9 16 7 15 10 14 8 15 8 17 9 17 7 16 6 15 6 17 4 16 5 17 4 14 5 18 8 16 3 19 5 17 5 16 5 -1 0 0 0 0 0 0 0 0 0 ]
CSI_DATA,AP,68:FE:71:12:53:8C,-37,11,1,6,1,1,1,0,0,0,0,-95,0,6,1,72084651,0,84,0,0,72.085,384,[84 -64 4 0 0 0 0 0 0 0 0 0 11 17 10 15 11 14 14 18 11 17 7 17 8 17 8 15 7 20 5 18 7 16 6 18 8 18 6 18 4 16 6 16 7 19 5 15 6 17 5 17 4 17 3 16 5 17 5 16 7 17 7 14 -2 2 8 14 6 17 6 17 8 15 9 15 7 14 9 15 8 12 8 14 7 13 9 11 8 12 10 12 9 13 9 14 11 11 8 10 12 10 11 10 9 10 12 9 10 11 11 11 13 9 11 9 10 9 -2 2 0 0 0 0 0 0 0 0 ]
CSI_DATA,AP,68:FE:71:12:53:8C,-37,11,1,5,1,1,1,1,0,0,1,-96,2,6,1,72190461,0,84,0,0,72.19,384,[84 -64 4 0 0 0 0 0 0 0 0 0 1 18 0 20 1 19 3 19 1 19 -2 17 -3 20 0 17 -1 19 -1 17 -3 20 -3 22 -2 19 -5 18 -6 16 -6 20 -4 19 -2 17 -2 16 -4 17 -5 18 -3 16 -6 15 -2 18 -2 17 -2 15 2 0 -3 14 -2 20 -4 19 1 15 -3 17 0 14 -3 14 -1 16 -1 13 -1 14 0 16 -1 13 1 16 0 14 -1 13 2 14 2 15 5 18 5 16 2 13 1 17 3 14 4 16 6 16 5 15 3 17 2 -2 0 0 0 0 0 0 0 0 ]
CSI_DATA,AP,68:FE:71:12:53:8C,-41,11,1,5,1,1,1,0,0,0,0,-95,0,6,1,72266495,0,84,0,0,72.266,384,[84 -64 4 0 0 0 0 0 0 0 0 0 8 17 6 18 5 18 2 20 4 22 0 17 -1 21 2 19 3 22 -1 17 1 20 2 20 1 18 -3 21 1 18 -3 19 -1 16 0 16 1 16 0 18 0 16 1 19 0 17 -1 16 1 18 1 19 0 0 -1 17 -1 17 -2 14 -1 15 3 13 3 16 -2 16 0 16 1 15 2 17 5 18 5 14 6 15 4 16 6 15 3 17 6 17 4 16 3 16 7 13 3 15 3 17 4 15 7 17 5 12 5 13 -1 1 0 0 0 0 0 0 0 0 ]
CSI_DATA,AP,68:FE:71:12:53:8C,-41,11,1,4,1,1,1,0,0,0,0,-95,0,6,1,72387827,0,84,0,0,72.388,384,[84 -64 4 0 0 0 0 0 0 0 0 0 5 -22 5 -22 8 -23 7 -23 6 -21 7 -19 12 -21 9 -17 11 -21 12 -17 11 -21 8 -21 11 -20 13 -16 12 -15 12 -16 10 -16 12 -15 8 -15 12 -13 10 -16 11 -13 12 -12 10 -16 12 -18 11 -15 -1 1 7 -16 10 -14 8 -15 9 -16 7 -15 9 -17 7 -14 8 -13 5 -15 4 -13 7 -16 5 -17 5 -16 7 -16 4 -16 7 -17 5 -18 4 -15 4 -17 0 -16 6 -16 4 -17 5 -17 2 -17 4 -18 1 -15 -1 -2 0 0 0 0 0 0 0 0 ]
CSI_DATA,AP,68:FE:71:12:53:8C,-38,11,1,6,1,1,1,0,0,0,0,-95,0,6,1,72499293,0,84,0,0,72.499,384,[84 -64 4 0 0 0 0 0 0 0 0 0 14 -16 12 -13 17 -17 15 -15 14 -15 14 -14 17 -11 18 -10 16 -10 15 -8 16 -13 16 -9 20 -11 16 -8 14 -9 18 -10 18 -7 18 -11 16 -7 15 -11 15 -11 17 -7 14 -6 15 -9 18 -6 17 -7 -1 -2 12 -6 12 -9 13 -10 13 -9 12 -7 12 -8 12 -11 14 -13 13 -9 13 -12 10 -12 12 -10 14 -13 10 -13 13 -12 11 -10 10 -14 8 -12 11 -15 9 -13 8 -14 8 -14 12 -13 12 -14 9 -11 7 -16 2 -2 0 0 0 0 0 0 0 0 ]
CSI_DATA,AP,68:FE:71:12:53:8C,-38,11,1,7,1,1,1,1,0,0,0,-94,6,6,1,72622684,0,84,0,0,72.623,384,[84 -64 4 0 0 0 0 0 0 0 0 0 -22 4 -22 5 -24 8 -21 3 -22 5 -22 3 -23 3 -19 3 -19 4 -22 1 -21 1 -20 3 -19 2 -21 1 -19 -3 -22 0 -19 -1 -16 -1 -17 -3 -20 -1 -16 -2 -17 1 -19 -3 -20 -1 -20 -1 -20 2 1 -1 -19 1 -18 -1 -19 2 -16 1 -16 2 -17 0 -17 3 -18 4 -18 2 -15 1 -16 2 -17 2 -16 1 -15 6 -16 6 -19 4 -17 3 -15 6 -17 3 -13 7 -15 3 -17 4 -18 8 -18 7 -16 5 -16 7 2 1 0 0 0 0 0 0 0 0 ]
CSI_DATA,AP,68:FE:71:12:53:8C,-40,11,1,5,1,1,1,0,0,0,0,-96,0,6,1,72741651,0,84,0,0,72.742,384,[84 -64 4 0 0 0 0 0 0 0 0 0 -17 -15 -15 -17 -17 -17 -16 -17 -13 -15 -13 -16 -13 -16 -10 -15 -13 -16 -11 -14 -14 -17 -12 -16 -13 -17 -12 -19 -9 -16 -9 -16 -7 -19 -9 -16 -9 -16 -9 -17 -9 -16 -7 -16 -6 -13 -8 -18 -10 -15 -9 -14 -1 1 -8 -13 -7 -14 -12 -16 -8 -16 -10 -14 -12 -12 -12 -14 -8 -12 -12 -16 -11 -12 -10 -15 -12 -14 -13 -14 -13 -13 -12 -14 -14 -14 -13 -11 -14 -12 -12 -11 -14 -10 -12 -13 -10 -11 -12 -14 -16 -11 -14 -13 -14 -13 1 -1 0 0 0 0 0 0 0 0 ]
CSI_DATA,AP,68:FE:71:12:53:8C,-42,11,1,5,1,1,1,0,0,0,0,-96,0,6,1,72844154,0,84,0,0,72.844,384,[84 -64 4 0 0 0 0 0 0 0 0 0 5 18 5 21 6 17 5 22 5 17 5 17 5 18 2 16 2 20 5 18 2 18 4 22 4 20 3 21 3 20 0 19 2 17 -1 15 0 18 3 15 2 19 2 19 2 15 1 19 1 19 0 16 2 1 3 16 4 17 5 17 4 14 4 15 3 16 6 16 4 15 5 14 6 13 6 16 3 16 7 13 6 13 5 12 5 17 7 17 6 12 8 13 9 15 10 12 6 12 8 13 11 13 8 15 9 15 0 -2 0 0 0 0 0 0 0 0 ]
CSI_DATA,AP,68:FE:71:12:53:8C,-35,11,0,0,0,0,0,0,0,0,0,-93,0,6,1,72994374,0,37,0,0,72.994,128,[84 -64 4 0 0 0 0 0 0 0 0 0 -15 16 -14 17 -16 17 -15 17 -14 14 -15 12 -15 15 -19 13 -15 9 -15 12 -17 15 -17 11 -20 10 -18 13 -19 8 -16 11 -17 11 -14 9 -18 12 -19 9 -15 8 -18 7 -15 10 -16 10 -15 12 -16 12 -1 2 -14 10 -13 11 -13 13 -13 10 -12 12 -12 9 -14 12 -14 10 -11 9 -14 11 -14 13 -11 10 -13 12 -11 13 -12 13 -13 16 -12 15 -11 15 -13 14 -12 13 -13 15 -10 13 -8 13 -10 16 -10 13 -10 12 0 -2 0 0 0 0 0 0 0 0 ]
CSI_DATA,AP,68:FE:71:12:53:8C,-38,11,1,5,1,1,1,0,0,0,0,-95,0,6,1,73105696,0,84,0,0,73.106,384,[84 -64 4 0 0 0 0 0 0 0 0 0 14 10 13 11 15 15 15 15 13 16 12 13 14 16 12 13 12 13 9 15 11 15 11 15 11 18 12 18 8 15 11 17 8 13 10 14 8 14 8 15 10 14 11 12 10 15 8 13 10 15 11 13 -1 0 10 14 10 15 12 11 13 12 10 13 9 10 9 14 11 11 12 11 13 8 11 11 10 12 11 12 10 10 10 8 14 12 15 8 11 7 15 8 15 8 15 10 15 11 11 10 16 9 14 8 14 7 0 -2 0 0 0 0 0 0 0 0 ]
CSI_DATA,AP,68:FE:71:12:53:8C,-38,11,1,6,1,1,1,0,0,0,0,-95,0,6,1,73206084,0,84,0,0,73.206,384,[84 -64 4 0 0 0 0 0 0 0 0 0 -17 10 -18 9 -18 6 -18 7 -18 5 -19 7 -21 4 -20 4 -20 4 -17 5 -19 3 -21 1 -21 4 -20 4 -18 3 -19 1 -16 1 -17 0 -17 3 -20 1 -18 0 -19 0 -16 0 -15 3 -16 -1 -17 4 -2 1 -17 3 -16 2 -17 0 -18 3 -17 2 -15 1 -16 1 -15 1 -17 4 -15 5 -17 6 -14 6 -14 7 -17 6 -13 6 -16 5 -13 7 -14 4 -16 7 -14 8 -15 5 -13 7 -14 5 -12 9 -15 8 -13 5 2 1 0 0 0 0 0 0 0 0 ]
CSI_DATA,AP,68:FE:71:12:53:8C,-37,11,1,6,1,1,1,0,0,0,0,-95,0,6,1,73294018,0,84,0,0,73.294,384,[84 -64 4 0 0 0 0 0 0 0 0 0 16 -13 15 -12 18 -8 18 -8 16 -9 15 -10 16 -5 17 -5 19 -5 17 -4 18 -8 19 -6 15 -5 16 -4 16 -5 18 -6 16 -4 13 -4 12 -3 17 -7 13 -7 17 -4 13 -5 14 -3 16 -7 14 -6 0 2 16 -5 15 -5 16 -5 12 -7 11 -4 14 -8 12 -4 13 -6 11 -5 11 -6 12 -10 10 -6 11 -9 13 -10 14 -7 12 -9 13 -12 8 -9 12 -9 10 -12 11 -12 9 -7 13 -13 11 -10 12 -12 11 -13 0 2 0 0 0 0 0 0 0 0 ]
CSI_DATA,AP,68:FE:71:12:53:8C,-43,11,1,4,1,1,1,0,0,0,0,-96,0,6,1,73396921,0,84,0,0,73.397,384,[84 -64 4 0 0 0 0 0 0 0 0 0 -9 13 -13 13 -12 17 -17 13 -13 12 -15 13 -16 14 -12 9 -16 11 -12 9 -16 9 -16 13 -14 12 -17 11 -13 10 -14 11 -15 11 -16 9 -15 7 -13 10 -15 6 -16 10 -15 7 -12 8 -14 8 -13 7 0 -1 -13 8 -11 8 -14 11 -10 12 -9 11 -13 9 -12 12 -10 7 -12 8 -12 9 -11 11 -9 11 -7 13 -7 13 -9 12 -9 13 -10 12 -11 10 -10 14 -8 14 -11 14 -10 13 -9 12 -6 16 -10 15 -8 15 2 -2 0 0 0 0 0 0 0 0 ]
CSI_DATA,AP,68:FE:71:12:53:8C,-41,11,1,5,1,1,1,0,0,0,0,-94,0,6,1,73505249,0,84,0,0,73.505,384,[84 -64 4 0 0 0 0 0 0 0 0 0 11 3 9 -1 9 1 10 3 11 3 9 2 9 3 8 1 10 2 6 1 7 3 11 2 8 2 8 5 6 3 6 2 10 2 5 2 8 5 8 5 8 4 8 4 8 2 7 6 9 4 5 1 1 -2 4 3 8 1 7 0 8 1 6 2 6 2 9 3 6 -1 6 2 7 0 7 3 8 2 6 -1 6 -1 6 3 7 2 8 0 8 -1 10 2 5 1 6 0 6 -1 9 2 10 -1 7 2 10 -2 2 -1 0 0 0 0 0 0 0 0 ]
CSI_DATA,AP,68:FE:71:12:53:8C,-38,11,1,6,1,1,1,0,0,0,0,-95,0,6,1,73606837,0,84,0,0,73.607,384,[84 -64 4 0 0 0 0 0 0 0 0 0 -15 -13 -14 -11 -15 -14 -11 -15 -14 -14 -12 -13 -13 -16 -10 -15 -11 -13 -7 -14 -12 -14 -9 -13 -8 -13 -6 -16 -8 -16 -8 -13 -7 -14 -10 -15 -8 -16 -7 -16 -5 -13 -5 -14 -8 -12 -8 -15 -6 -12 -5 -14 -2 0 -7 -14 -10 -15 -11 -14 -7 -12 -6 -11 -9 -14 -9 -13 -8 -9 -11 -10 -9 -10 -10 -11 -12 -11 -10 -11 -8 -12 -9 -12 -14 -9 -10 -11 -13 -9 -13 -12 -14 -10 -11 -10 -14 -11 -13 -12 -14 -7 -11 -9 -11 -10 -2 0 0 0 0 0 0 0 0 0 ]
CSI_DATA,AP,68:FE:71:12:53:8C,-39,11,1,4,1,1,1,0,0,0,0,-94,0,6,1,73714977,0,84,0,0,73.715,384,[84 -64 4 0 0 0 0 0 0 0 0 0 11 -11 8 -9 9 -10 13 -10 14 -10 9 -6 11 -10 12 -10 10 -6 12 -9 10 -8 11 -5 12 -6 13 -8 11 -5 14 -8 10 -4 12 -7 8 -6 12 -6 9 -4 11 -6 8 -4 10 -4 9 -7 12 -7 -1 -2 10 -4 9 -6 10 -8 11 -5 9 -3 11 -7 11 -8 7 -5 8 -7 10 -5 6 -6 10 -5 10 -6 10 -6 6 -6 8 -7 8 -8 7 -10 5 -6 4 -9 5 -10 9 -8 5 -10 9 -10 7 -6 5 -11 0 -2 0 0 0 0 0 0 0 0 ]
CSI_DATA,AP,68:FE:71:12:53:8C,-42,11,1,4,1,1,1,1,0,0,0,-94,4,6,1,73823777,0,84,0,0,73.824,384,[84 -64 4 0 0 0 0 0 0 0 0 0 7 -4 5 -2 6 -4 8 -2 8 -2 8 -2 7 -2 8 -2 7 -2 6 0 6 0 11 2 9 0 10 2 6 0 7 -1 8 1 7 1 8 1 5 -1 9 1 5 3 6 1 8 3 9 0 5 2 -2 1 7 0 8 -1 6 3 6 2 8 2 7 3 6 0 8 2 8 -2 8 0 9 -2 8 -2 7 0 5 -2 9 -1 5 -1 5 -4 5 -3 6 -4 6 -4 9 -1 5 0 7 -2 5 -5 8 -3 7 -2 1 -1 0 0 0 0 0 0 0 0 ]
CSI_DATA,AP,68:FE:71:12:53:8C,-39,11,1,4,1,1,1,0,0,0,0,-96,0,6,1,73950425,0,84,0,0,73.95,384,[84 -64 4 0 0 0 0 0 0 0 0 0 -14 10 -12 10 -15 11 -16 11 -15 11 -14 11 -16 8 -17 10 -15 10 -13 9 -15 10 -14 7 -15 9 -13 9 -16 5 -16 6 -15 8 -14 4 -13 6 -16 5 -12 6 -16 4 -14 7 -15 4 -14 5 -15 7 1 0 -12 8 -16 8 -13 5 -15 10 -12 6 -16 5 -11 6 -14 9 -11 7 -13 6 -13 6 -15 9 -14 7 -10 10 -14 7 -12 7 -13 9 -13 11 -9 12 -9 12 -11 11 -12 11 -13 9 -10 13 -10 10 -11 10 0 0 0 0 0 0 0 0 0 0 ]
CSI_DATA,AP,68:FE:71:12:53:8C,-41,11,1,5,1,1,1,0,0,0,0,-94,0,6,1,74066851,0,84,0,0,74.067,384,[84 -64 4 0 0 0 0 0 0 0 0 0 2 22 2 20 4 20 -1 21 2 18 -1 22 0 18 -3 19 -4 17 -4 17 0 22 -1 19 -1 21 -3 21 -4 19 -4 21 -5 17 -1 18 -3 16 -4 15 -4 18 -6 19 -4 13 -3 14 -4 18 0 14 1 -2 -2 17 0 14 -2 18 -2 16 0 12 -1 16 -1 15 -3 16 0 14 1 13 2 13 2 15 4 14 2 15 1 15 0 14 1 13 5 17 1 12 1 12 4 13 4 13 4 15 1 15 4 13 1 12 -2 1 0 0 0 0 0 0 0 0 ]
CSI_DATA,AP,68:FE:71:12:53:8C,-43,11,1,5,1,1,1,0,0,0,0,-94,0,6,1,74184993,0,84,0,0,74.185,384,[84 -64 4 0 0 0 0 0 0 0 0 0 4 -13 5 -13 1 -14 6 -13 5 -13 2 -12 7 -10 5 -9 6 -9 6 -9 4 -7 6 -7 2 -8 5 -5 2 -6 3 -6 2 -9 3 -5 6 -5 4 -7 3 -6 3 -5 3 -5 5 -8 3 -6 1 -8 -1 2 2 -9 1 -6 0 -6 2 -7 2 -5 1 -5 3 -6 -1 -7 1 -5 -2 -6 2 -5 -2 -9 -1 -9 0 -6 -2 -7 1 -7 0 -7 1 -5 1 -5 0 -8 -3 -7 1 -10 -2 -7 -3 -7 -3 -6 -2 -6 1 2 0 0 0 0 0 0 0 0 ]
CSI_DATA,AP,68:FE:71:12:53:8C,-37,11,1,6,1,1,1,0,0,0,0,-95,0,6,1,74304196,0,84,0,0,74.304,384,[84 -64 4 0 0 0 0 0 0 0 0 0 -27 0 -29 2 -30 3 -29 -1 -28 0 -26 -1 -24 -5 -24 -5 -23 -4 -25 -3 -27 -4 -25 -6 -21 -6 -23 -6 -23 -6 -24 -4 -22 -3 -19 -3 -18 -2 -20 -7 -15 -4 -19 -3 -16 -1 -16 -2 -17 -3 -16 -1 0 -2 -14 1 -13 2 -15 1 -16 0 -12 2 -14 1 -15 0 -12 4 -10 5 -13 2 -11 7 -12 4 -13 8 -12 5 -9 6 -9 5 -8 6 -8 6 -8 8 -7 11 -8 10 -9 11 -8 12 -8 10 -10 8 -7 11 2 -2 0 0 0 0 0 0 0 0 ]
CSI_DATA,AP,68:FE:71:12:53:8C,-36,11,1,7,1,1,1,0,0,0,0,-94,0,6,1,74431019,0,84,0,0,74.431,384,[84 -64 4 0 0 0 0 0 0 0 0 0 -19 -17 -16 -16 -15 -16 -17 -20 -15 -17 -15 -20 -11 -19 -12 -16 -10 -18 -10 -19 -9 -18 -12 -16 -12 -20 -9 -19 -6 -16 -10 -14 -10 -15 -10 -13 -6 -14 -6 -14 -6 -12 -7 -10 -7 -11 -7 -11 -8 -10 -10 -9 -1 0 -9 -11 -9 -10 -9 -7 -11 -7 -8 -7 -8 -6 -9 -8 -7 -8 -11 -3 -9 -7 -12 -5 -10 -6 -7 -2 -9 -1 -11 -5 -10 -1 -8 0 -10 1 -9 0 -11 0 -8 -3 -8 -1 -11 0 -8 -1 -7 2 -12 1 2 0 0 0 0 0 0 0 0 0 ]
CSI_DATA,AP,68:FE:71:12:53:8C,-41,11,1,6,1,1,1,0,0,0,0,-95,0,6,1,74515041,0,84,0,0,74.515,384,[84 -64 4 0 0 0 0 0 0 0 0 0 18 -15 19 -11 19 -14 22 -10 19 -9 20 -10 17 -10 15 -7 18 -9 15 -8 20 -11 20 -6 16 -8 17 -7 15 -6 16 -7 17 -6 15 -4 16 -6 15 -7 14 -7 15 -7 14 -4 15 -8 15 -9 13 -5 0 0 12 -5 12 -9 16 -10 15 -8 12 -9 16 -9 12 -8 13 -7 11 -8 12 -9 11 -10 10 -7 11 -11 14 -9 10 -10 14 -7 11 -11 12 -11 12 -11 13 -11 12 -12 9 -7 10 -10 12 -12 13 -12 10 -10 0 0 0 0 0 0 0 0 0 0 ]
CSI_DATA,AP,68:FE:71:12:53:8C,-40,11,1,4,1,1,1,0,0,0,0,-96,0,6,1,74627854,0,84,0,0,74.628,384,[84 -64 4 0 0 0 0 0 0 0 0 0 10 -15 7 -16 11 -18 11 -19 14 -16 10 -15 12 -19 15 -17 13 -16 15 -17 13 -15 13 -19 15 -17 16 -19 15 -17 13 -16 15 -16 15 -17 15 -15 17 -13 17 -14 14 -12 13 -12 15 -13 18 -13 13 -18 -2 2 13 -14 15 -16 13 -15 15 -16 12 -15 16 -18 17 -14 16 -17 14 -15 10 -18 10 -16 15 -16 13 -16 13 -17 11 -16 12 -17 15 -17 14 -17 11 -19 11 -17 15 -18 11 -20 13 -20 11 -20 10 -18 13 -18 2 -2 0 0 0 0 0 0 0 0 ]
CSI_DATA,AP,68:FE:71:12:53:8C,-37,11,1,7,1,1,1,0,0,0,0,-93,0,6,1,74778476,0,84,0,0,74.778,384,[84 -64 4 0 0 0 0 0 0 0 0 0 1 -19 5 -16 5 -19 5 -20 3 -21 8 -16 6 -18 7 -18 5 -17 6 -16 10 -20 6 -16 7 -16 11 -15 9 -15 7 -17 9 -14 10 -15 11 -15 9 -17 8 -15 7 -14 10 -13 8 -13 8 -18 10 -14 2 1 6 -16 9 -14 6 -13 6 -17 7 -13 7 -16 4 -13 8 -14 4 -16 7 -15 6 -16 5 -16 2 -17 4 -17 6 -18 4 -18 4 -15 2 -13 4 -14 3 -14 2 -15 4 -13 2 -18 -1 -16 2 -17 2 -16 2 -2 0 0 0 0 0 0 0 0 ]
CSI_DATA,AP,68:FE:71:12:53:8C,-41,11,1,4,1,1,1,0,0,0,0,-93,0,6,1,74878178,0,84,0,0,74.878,384,[84 -64 4 0 0 0 0 0 0 0 0 0 11 -15 13 -16 15 -13 11 -17 16 -15 14 -12 17 -13 16 -11 15 -12 17 -14 16 -11 17 -12 20 -11 18 -10 19 -9 20 -12 21 -12 18 -7 18 -10 20 -7 19 -8 18 -8 17 -7 20 -8 17 -11 16 -9 1 -1 18 -9 16 -8 18 -11 15 -11 15 -10 14 -9 18 -9 17 -10 13 -10 15 -15 17 -13 15 -13 15 -12 16 -11 16 -15 14 -16 16 -15 12 -15 16 -14 11 -15 15 -13 13 -14 11 -13 13 -15 13 -14 13 -13 1 -1 0 0 0 0 0 0 0 0 ]
CSI_DATA,AP,68:FE:71:12:53:8C,-42,11,1,6,1,1,1,1,0,0,0,-96,4,6,1,74974411,0,84,0,0,74.974,384,[84 -64 4 0 0 0 0 0 0 0 0 0 4 -7 2 -9 5 -8 2 -8 4 -8 6 -8 3 -7 6 -8 5 -8 4 -8 5 -6 3 -7 3 -5 4 -7 3 -6 6 -7 5 -9 7 -5 7 -5 5 -7 6 -8 7 -8 5 -5 6 -8 6 -6 6 -7 -2 0 3 -6 5 -6 5 -5 7 -7 7 -5 7 -6 5 -8 6 -6 6 -5 4 -4 4 -5 3 -8 2 -4 5 -7 5 -6 3 -7 3 -8 1 -9 3 -5 5 -7 5 -7 6 -8 2 -5 3 -9 0 -6 2 -8 -1 -2 0 0 0 0 0 0 0 0 ]
CSI_DATA,AP,68:FE:71:12:53:8C,-37,11,1,6,1,1,1,0,0,0,0,-94,0,6,1,75062789,0,82,0,0,75.063,384,[84 -64 4 0 0 0 0 0 0 0 0 0 8 -19 12 -17 12 -19 14 -21 10 -20 14 -16 15 -18 15 -16 13 -15 11 -14 14 -17 16 -15 13 -17 16 -17 13 -12 15 -15 16 -12 14 -12 14 -14 11 -14 11 -10 14 -13 12 -11 10 -14 11 -14 11 -13 -1 -2 10 -12 13 -15 11 -14 9 -13 8 -11 12 -14 9 -11 7 -14 8 -12 6 -13 9 -13 8 -13 6 -16 10 -15 6 -13 8 -16 10 -14 5 -13 8 -16 5 -14 9 -14 6 -15 6 -14 5 -14 4 -13 5 -15 0 -2 0 0 0 0 0 0 0 0 ]
CSI_DATA,AP,68:FE:71:12:53:8C,-42,11,1,6,1,1,1,0,0,0,0,-94,0,6,1,75157700,0,84,0,0,75.158,384,[82 -96 4 0 0 0 0 0 0 0 0 0 -18 -10 -19 -7 -19 -7 -16 -12 -17 -8 -17 -8 -16 -9 -17 -13 -18 -11 -18 -12 -17 -13 -16 -12 -17 -13 -16 -11 -17 -12 -16 -11 -13 -12 -15 -10 -16 -11 -12 -13 -13 -13 -11 -13 -13 -12 -11 -10 -14 -11 -14 -12 -2 1 -14 -11 -14 -8 -16 -7 -12 -8 -12 -8 -15 -7 -11 -10 -13 -7 -11 -7 -14 -10 -16 -9 -15 -7 -14 -10 -16 -10 -16 -6 -17 -8 -14 -8 -15 -8 -16 -4 -15 -7 -14 -6 -16 -8 -14 -3 -15 -3 -17 -3 -14 -6 0 2 0 0 0 0 0 0 0 0 ]
CSI_DATA,AP,68:FE:71:12:53:8C,-41,11,1,5,1,1,1,0,0,0,0,-94,0,6,1,75260016,0,84,0,0,75.26,384,[84 -64 4 0 0 0 0 0 0 0 0 0 17 1 18 -4 21 0 19 1 16 -1 19 1 16 0 18 1 17 4 17 0 19 5 16 5 19 1 19 3 16 5 19 6 19 5 14 6 15 5 14 1 17 3 14 6 14 3 18 4 14 1 16 4 -2 0 15 0 14 2 14 4 14 2 13 3 15 2 14 2 13 -2 13 -1 15 1 13 -2 13 -3 17 -3 13 -3 16 -1 14 -3 16 0 13 -4 13 -3 14 -2 16 -1 15 -2 16 -6 16 -5 15 -4 13 -6 0 -2 0 0 0 0 0 0 0 0 ]
CSI_DATA,AP,68:FE:71:12:53:8C,-40,11,1,6,1,1,1,0,0,0,0,-94,0,6,1,75368988,0,84,0,0,75.369,384,[84 -64 4 0 0 0 0 0 0 0 0 0 13 15 13 16 12 18 11 17 14 20 11 16 8 16 8 19 10 17 7 16 7 20 8 19 7 19 7 18 5 17 8 17 8 19 6 20 7 18 7 16 5 17 5 20 7 18 6 16 8 15 6 17 0 -1 6 15 6 16 8 16 9 13 7 14 6 15 5 17 10 15 9 14 6 16 9 16 8 13 10 16 12 11 8 11 11 11 9 12 8 11 12 11 10 14 10 12 13 12 11 12 13 14 10 14 10 10 -1 2 0 0 0 0 0 0 0 0 ]
CSI_DATA,AP,68:FE:71:12:53:8C,-42,11,1,4,1,1,1,0,0,0,0,-96,0,6,1,75520121,0,84,0,0,75.52,384,[37 80 2 0 0 0 0 0 0 0 0 0 19 22 15 22 17 25 18 26 15 27 12 24 12 26 9 27 13 27 10 28 11 29 8 27 8 28 11 23 8 26 11 28 9 24 8 24 7 25 10 26 6 23 7 21 10 21 8 23 8 21 7 24 -1 1 8 19 7 22 10 22 11 20 10 21 12 19 13 22 11 17 12 20 13 20 14 19 11 16 15 18 13 16 15 21 12 18 14 16 14 19 13 16 14 16 16 18 14 18 15 17 17 19 19 14 19 18 0 0 0 0 0 0 0 0 0 0 ]
CSI_DATA,AP,68:FE:71:12:53:8C,-46,11,1,5,1,1,1,0,0,0,0,-94,0,6,1,75635762,0,84,0,0,75.636,384,[84 -64 4 0 0 0 0 0 0 0 0 0 0 -22 0 -18 3 -21 1 -21 3 -21 4 -21 5 -19 6 -17 6 -17 7 -17 4 -20 4 -20 8 -20 6 -21 6 -16 8 -19 8 -18 6 -17 6 -19 6 -15 5 -17 5 -15 8 -16 7 -15 4 -17 6 -15 -1 -1 5 -18 4 -19 2 -18 2 -15 2 -14 5 -17 2 -15 2 -14 1 -18 0 -13 2 -18 2 -18 3 -14 3 -14 -1 -14 -2 -17 -2 -16 2 -15 0 -16 -2 -14 -2 -14 1 -16 -1 -14 -1 -16 -3 -14 -2 -16 2 1 0 0 0 0 0 0 0 0 ]
CSI_DATA,AP,68:FE:71:12:53:8C,-43,11,1,5,1,1,1,0,0,0,0,-94,0,6,1,75747304,0,84,0,0,75.747,384,[37 80 2 0 0 0 0 0 0 0 0 0 -5 -29 -3 -30 -3 -34 -4 -34 0 -33 0 -29 0 -31 2 -31 -1 -31 1 -30 1 -30 0 -31 4 -32 2 -30 3 -27 5 -29 3 -26 2 -27 4 -28 2 -25 2 -25 4 -28 1 -25 2 -24 1 -28 1 -25 0 -1 3 -24 0 -26 -2 -27 -2 -24 -1 -23 2 -26 1 -24 -1 -25 -5 -22 -2 -24 0 -27 -1 -25 -4 -23 -1 -22 -5 -24 -5 -24 -4 -25 -7 -26 -4 -25 -6 -24 -5 -27 -6 -25 -5 -24 -7 -24 -9 -21 -9 -23 0 1 0 0 0 0 0 0 0 0 ]
CSI_DATA,AP,68:FE:71:12:53:8C,-38,11,1,7,1,1,1,1,0,0,0,-94,1,6,1,75876983,0,84,0,0,75.877,384,[84 -64 4 0 0 0 0 0 0 0 0 0 -8 30 -9 31 -13 29 -12 28 -11 25 -15 29 -15 29 -14 23 -13 27 -15 26 -16 25 -18 27 -15 24 -17 25 -18 23 -14 25 -18 22 -16 22 -14 22 -17 19 -14 23 -16 20 -14 18 -12 21 -15 24 -12 21 0 0 -13 19 -14 22 -14 20 -12 20 -9 24 -12 23 -10 23 -12 21 -8 21 -12 23 -7 23 -6 22 -6 22 -8 21 -5 22 -8 22 -8 25 -7 22 -6 23 -4 24 -8 23 -8 24 -6 21 -7 24 -4 22 -5 24 0 0 0 0 0 0 0 0 0 0 ]
CSI_DATA,AP,68:FE:71:12:53:8C,-35,11,1,5,1,1,1,0,0,0,0,-93,0,6,1,75987744,0,84,0,0,75.988,384,[84 -64 4 0 0 0 0 0 0 0 0 0 -13 16 -17 14 -16 15 -18 15 -14 13 -15 12 -19 11 -16 10 -16 11 -16 10 -17 11 -17 9 -20 13 -16 8 -15 8 -19 8 -16 8 -18 8 -15 9 -19 8 -19 6 -17 6 -15 5 -18 8 -14 9 -17 11 -1 0 -17 10 -16 11 -13 9 -16 9 -13 10 -15 7 -12 10 -15 12 -12 8 -12 13 -11 13 -11 9 -13 13 -10 10 -12 14 -14 15 -10 14 -11 14 -10 13 -12 11 -12 11 -10 13 -11 13 -12 12 -9 11 -9 15 -2 -2 0 0 0 0 0 0 0 0 ]
CSI_DATA,AP,68:FE:71:12:53:8C,-44,11,1,3,1,1,1,0,0,0,0,-95,0,6,1,76086520,0,84,0,0,76.087,384,[84 -64 4 0 0 0 0 0 0 0 0 0 -20 8 -18 7 -18 10 -19 8 -19 4 -18 3 -20 5 -20 2 -21 5 -17 1 -20 0 -20 4 -17 2 -19 0 -17 1 -17 3 -15 1 -18 2 -18 3 -16 2 -15 2 -16 0 -18 3 -15 1 -17 -1 -15 3 -2 1 -18 0 -14 2 -17 0 -14 4 -17 0 -15 4 -16 2 -16 1 -16 3 -16 4 -17 6 -14 3 -14 6 -15 5 -15 6 -15 6 -13 5 -15 5 -15 8 -15 4 -13 4 -12 4 -12 8 -12 7 -12 5 -14 6 -1 2 0 0 0 0 0 0 0 0 ]
CSI_DATA,AP,68:FE:71:12:53:8C,-38,11,1,5,1,1,1,0,0,0,0,-95,0,6,1,76242050,0,84,0,0,76.242,384,[84 -64 4 0 0 0 0 0 0 0 0 0 -10 15 -6 14 -9 13 -12 13 -12 16 -13 17 -13 12 -11 13 -9 15 -10 11 -13 12 -13 13 -10 11 -11 10 -12 10 -10 9 -11 11 -13 12 -11 10 -11 13 -11 12 -12 12 -12 10 -12 12 -12 12 -10 13 1 -1 -9 12 -10 9 -9 12 -6 9 -10 11 -7 12 -8 10 -10 12 -8 10 -9 9 -5 11 -5 10 -6 14 -7 12 -8 14 -7 15 -5 13 -4 11 -3 11 -7 13 -4 12 -2 13 -5 12 -5 14 -5 14 -5 11 -1 2 0 0 0 0 0 0 0 0 ]
CSI_DATA,AP,68:FE:71:12:53:8C,-42,11,1,4,1,1,1,1,0,0,0,-93,2,6,1,76332961,0,84,0,0,76.333,384,[84 -64 4 0 0 0 0 0 0 0 0 0 16 7 17 11 19 10 15 10 19 10 14 10 16 12 15 10 14 10 17 13 14 14 16 13 16 14 12 13 14 14 13 10 12 11 12 13 15 12 13 11 15 10 11 11 12 10 12 11 12 11 11 9 -1 2 14 10 14 12 13 12 14 12 15 11 14 11 12 8 13 6 12 9 11 6 13 9 11 6 14 7 16 5 14 5 13 6 12 6 17 7 14 3 12 4 17 3 16 2 14 4 16 2 15 4 13 2 1 -1 0 0 0 0 0 0 0 0 ]
CSI_DATA,AP,68:FE:71:12:53:8C,-35,11,1,7,1,1,1,0,0,0,0,-96,0,6,1,76486701,0,84,0,0,76.487,384,[84 -64 4 0 0 0 0 0 0 0 0 0 16 -10 19 -8 19 -6 20 -6 17 -6 18 -7 16 -3 19 -2 19 -5 18 -3 18 -3 16 -2 19 -5 17 -2 18 -3 17 0 14 0 15 -3 17 -1 13 -4 16 0 17 0 15 -2 16 -3 13 -4 13 -4 2 2 16 -1 15 -2 13 -2 13 -5 12 -1 15 -5 15 -4 13 -2 14 -2 12 -5 12 -3 11 -6 11 -6 15 -5 13 -4 11 -4 11 -3 15 -8 11 -6 13 -5 13 -4 11 -7 14 -6 10 -7 14 -9 11 -5 2 -1 0 0 0 0 0 0 0 0 ]
CSI_DATA,AP,68:FE:71:12:53:8C,-38,11,1,5,1,1,1,1,0,0,0,-95,3,6,1,76585815,0,84,0,0,76.586,384,[84 -64 4 0 0 0 0 0 0 0 0 0 12 -17 14 -14 12 -17 14 -16 15 -16 16 -16 13 -12 15 -11 14 -14 14 -10 15 -10 14 -14 13 -10 18 -13 16 -10 18 -9 15 -8 12 -11 14 -9 16 -10 13 -8 13 -7 14 -8 14 -8 12 -9 15 -10 -2 1 13 -11 11 -11 14 -11 15 -9 11 -8 13 -9 12 -8 11 -12 11 -10 13 -8 8 -12 9 -8 10 -11 11 -10 11 -11 10 -10 12 -11 10 -12 11 -12 11 -10 12 -12 10 -10 7 -12 8 -12 10 -15 8 -15 -2 -2 0 0 0 0 0 0 0 0 ]
CSI_DATA,AP,68:FE:71:12:53:8C,-35,11,1,6,1,1,1,0,0,0,0,-93,0,6,1,76711308,0,84,0,0,76.711,384,[84 -64 4 0 0 0 0 0 0 0 0 0 18 -8 19 -12 19 -10 17 -10 17 -7 19 -10 18 -6 16 -6 17 -6 19 -5 19 -6 18 -3 19 -6 20 -3 20 -5 16 -6 15 -6 19 -6 19 -4 15 -2 18 -4 17 -3 18 -3 16 -3 17 -4 19 -2 -2 0 18 -6 16 -2 16 -4 17 -5 15 -3 16 -4 14 -6 17 -4 16 -7 16 -6 15 -5 12 -8 14 -7 15 -6 11 -7 12 -9 16 -7 11 -10 12 -10 15 -8 13 -7 13 -9 13 -9 16 -8 12 -10 12 -7 -1 -1 0 0 0 0 0 0 0 0 ]
CSI_DATA,AP,68:FE:71:12:53:8C,-45,11,1,4,1,1,1,0,0,0,0,-94,0,6,1,76800927,0,82,0,0,76.801,384,[84 -64 4 0 0 0 0 0 0 0 0 0 -13 -11 -12 -13 -14 -12 -15 -16 -11 -13 -14 -16 -11 -12 -13 -14 -13 -12 -9 -13 -12 -15 -7 -18 -10 -17 -8 -17 -8 -14 -10 -15 -10 -13 -8 -15 -8 -16 -11 -16 -11 -14 -7 -13 -9 -12 -8 -13 -8 -14 -8 -12 -2 0 -8 -14 -11 -12 -7 -11 -9 -10 -7 -10 -9 -14 -12 -12 -10 -13 -12 -10 -11 -9 -12 -12 -11 -9 -10 -11 -8 -11 -12 -11 -9 -10 -12 -11 -13 -8 -14 -9 -14 -9 -13 -10 -11 -6 -12 -9 -12 -7 -11 -10 -11 -9 1 2 0 0 0 0 0 0 0 0 ]
CSI_DATA,AP,68:FE:71:12:53:8C,-45,11,1,3,1,1,1,0,0,0,0,-93,0,6,1,76922293,0,84,0,0,76.922,384,[84 -64 4 0 0 0 0 0 0 0 0 0 -42 8 -42 8 -43 5 -43 3 -43 6 -43 4 -40 0 -40 3 -39 2 -40 -3 -41 0 -42 -2 -44 -2 -41 -2 -36 -7 -41 -3 -37 -3 -34 -4 -37 -4 -36 -6 -38 -5 -35 -3 -36 -4 -39 -4 -39 -3 -36 0 -1 -2 -36 -5 -36 1 -34 -1 -34 -1 -36 -1 -32 -1 -37 2 -35 1 -31 0 -30 3 -33 3 -32 3 -35 3 -33 2 -32 4 -33 10 -34 5 -34 11 -30 7 -32 11 -33 7 -34 9 -32 11 -32 12 -32 10 -31 12 -2 1 0 0 0 0 0 0 0 0 ]
CSI_DATA,AP,68:FE:71:12:53:8C,-40,11,1,5,1,1,1,1,0,0,0,-93,5,6,1,77007517,0,84,0,0,77.008,384,[84 -64 4 0 0 0 0 0 0 0 0 0 -21 -7 -21 -6 -20 -6 -22 -5 -20 -7 -20 -6 -18 -8 -20 -7 -20 -9 -17 -7 -15 -8 -17 -8 -17 -8 -19 -9 -16 -8 -18 -10 -16 -8 -15 -11 -15 -10 -14 -9 -14 -10 -18 -8 -15 -9 -15 -8 -13 -11 -15 -9 -2 -1 -14 -8 -17 -6 -16 -8 -18 -4 -15 -9 -15 -5 -17 -8 -15 -5 -16 -5 -15 -3 -16 -4 -16 -5 -16 -4 -15 -3 -18 -5 -16 -3 -17 -5 -17 -2 -16 -2 -18 -1 -17 -1 -15 0 -16 -3 -15 -1 -17 -1 -15 2 2 -2 0 0 0 0 0 0 0 0 ]
CSI_DATA,AP,68:FE:71:12:53:8C,-37,11,1,7,1,1,1,0,0,0,0,-93,0,6,1,77132484,0,84,0,0,77.132,384,[84 -64 4 0 0 0 0 0 0 0 0 0 39 13 37 17 41 20 39 18 38 22 31 20 33 20 31 21 31 25 30 25 31 25 29 27 32 24 27 25 26 26 30 25 26 26 29 23 28 26 28 25 26 27 26 24 24 24 23 23 26 26 24 21 0 0 23 22 29 21 26 20 29 22 23 21 27 23 24 20 26 19 25 18 30 17 30 15 27 17 27 18 27 19 28 14 30 12 29 15 32 11 28 11 28 9 28 11 28 14 30 12 31 11 33 13 29 13 2 -1 0 0 0 0 0 0 0 0 ]
CSI_DATA,AP,68:FE:71:12:53:8C,-43,11,1,6,1,1,1,0,0,0,0,-94,0,6,1,77253803,0,84,0,0,77.254,384,[84 -64 4 0 0 0 0 0 0 0 0 0 -4 -16 -5 -19 -3 -19 -5 -21 -5 -20 -2 -18 -3 -17 1 -19 -3 -19 -1 -19 -1 -21 -2 -18 0 -20 1 -19 2 -20 2 -19 1 -16 1 -18 3 -18 0 -18 2 -16 2 -18 -2 -16 1 -18 1 -18 0 -14 -2 1 -1 -14 2 -18 -2 -18 0 -15 -1 -13 -3 -16 -2 -13 -2 -15 -4 -16 -5 -13 -1 -16 -5 -13 -4 -16 -6 -13 -2 -15 -6 -13 -6 -17 -5 -14 -4 -12 -5 -16 -3 -13 -6 -13 -7 -12 -6 -14 -6 -14 -5 -16 2 2 0 0 0 0 0 0 0 0 ]
CSI_DATA,AP,68:FE:71:12:53:8C,-40,11,1,6,1,1,1,1,0,0,0,-95,2,6,1,77361279,0,84,0,0,77.361,384,[84 -64 4 0 0 0 0 0 0 0 0 0 10 18 9 16 12 15 10 20 8 18 6 19 7 19 9 17 7 19 5 17 7 18 8 17 8 21 7 20 7 19 4 17 7 17 2 16 7 17 6 18 5 15 7 16 5 16 4 18 4 19 4 14 2 -1 7 14 8 16 8 15 5 15 6 15 5 16 8 17 9 15 9 14 10 12 8 13 10 12 10 14 8 12 9 11 12 11 8 13 8 13 11 11 10 13 10 10 10 11 9 11 14 13 12 13 11 9 1 -2 0 0 0 0 0 0 0 0 ]
CSI_DATA,AP,68:FE:71:12:53:8C,-41,11,1,5,1,1,1,0,0,0,0,-94,0,6,1,77481725,0,84,0,0,77.482,384,[84 -64 4 0 0 0 0 0 0 0 0 0 -16 -17 -15 -15 -17 -19 -15 -19 -10 -18 -13 -16 -8 -16 -12 -17 -11 -19 -7 -19 -11 -17 -8 -19 -10 -21 -11 -19 -10 -16 -8 -18 -7 -16 -9 -16 -8 -15 -9 -17 -8 -17 -5 -18 -8 -18 -7 -15 -9 -19 -9 -16 2 -1 -8 -14 -11 -15 -10 -16 -11 -17 -8 -15 -10 -17 -7 -16 -9 -13 -11 -12 -12 -16 -12 -14 -11 -15 -9 -12 -11 -13 -11 -13 -9 -16 -9 -15 -11 -14 -12 -12 -11 -11 -12 -14 -10 -15 -12 -13 -12 -10 -12 -12 -12 -11 -1 2 0 0 0 0 0 0 0 0 ]
CSI_DATA,AP,68:FE:71:12:53:8C,-39,11,1,6,1,1,1,0,0,0,0,-94,0,6,1,77589809,0,84,0,0,77.59,384,[84 -64 4 0 0 0 0 0 0 0 0 0 -19 10 -19 8 -20 6 -22 5 -20 6 -19 7 -23 4 -20 4 -23 5 -20 4 -24 4 -21 5 -20 3 -23 1 -21 0 -23 -1 -21 2 -17 2 -18 -1 -17 -2 -17 0 -17 1 -15 0 -21 3 -18 1 -19 3 -2 -2 -21 0 -17 1 -16 2 -17 4 -17 4 -18 4 -20 0 -16 1 -16 4 -17 4 -15 7 -14 4 -19 5 -17 4 -14 7 -15 7 -15 8 -18 7 -17 7 -14 8 -17 8 -18 7 -17 9 -13 9 -14 10 -13 6 -1 1 0 0 0 0 0 0 0 0 ]
CSI_DATA,AP,68:FE:71:12:53:8C,-40,11,1,5,1,1,1,0,0,0,0,-94,0,6,1,77714238,0,84,0,0,77.714,384,[84 -64 4 0 0 0 0 0 0 0 0 0 17 -12 17 -11 20 -11 19 -13 18 -9 19 -9 18 -10 22 -9 20 -10 20 -6 23 -7 19 -6 21 -4 20 -7 20 -5 22 -8 18 -5 18 -6 20 -7 20 -3 17 -5 18 -3 17 -5 20 -6 21 -4 19 -6 2 1 15 -5 18 -7 15 -7 17 -8 18 -8 16 -9 18 -8 16 -7 17 -7 14 -10 13 -9 16 -10 14 -7 17 -9 15 -11 14 -13 14 -8 13 -11 16 -11 13 -11 15 -13 14 -11 13 -14 12 -14 14 -13 12 -13 -2 -2 0 0 0 0 0 0 0 0 ]
CSI_DATA,AP,68:FE:71:12:53:8C,-36,11,1,6,1,1,1,0,0,0,0,-95,0,6,1,77807332,0,84,0,0,77.807,384,[84 -64 4 0 0 0 0 0 0 0 0 0 11 -17 12 -14 17 -16 15 -15 14 -14 14 -15 14 -14 14 -12 18 -12 15 -12 20 -15 20 -13 17 -11 16 -11 14 -9 17 -14 14 -10 17 -12 13 -11 16 -7 17 -8 15 -9 15 -10 15 -12 16 -8 16 -10 -1 1 16 -10 14 -9 14 -12 14 -10 11 -10 14 -10 15 -11 12 -11 11 -12 12 -10 12 -12 10 -14 12 -10 11 -12 12 -11 10 -15 11 -12 11 -14 13 -15 11 -15 13 -14 11 -14 12 -14 7 -16 9 -12 10 -12 2 -1 0 0 0 0 0 0 0 0 ]
CSI_DATA,AP,68:FE:71:12:53:8C,-38,11,1,5,1,1,1,0,0,0,0,-94,0,6,1,77908764,0,84,0,0,77.909,384,[84 -64 4 0 0 0 0 0 0 0 0 0 -24 -4 -23 -5 -23 -4 -25 -5 -22 -5 -19 -7 -19 -7 -18 -6 -21 -9 -18 -6 -19 -9 -19 -9 -20 -10 -18 -9 -17 -8 -19 -10 -18 -7 -16 -7 -18 -8 -17 -11 -15 -7 -17 -9 -15 -7 -19 -6 -15 -9 -19 -7 1 0 -18 -9 -18 -4 -16 -5 -17 -5 -19 -7 -17 -4 -17 -5 -18 -6 -17 -5 -17 -5 -18 -5 -15 -3 -17 -2 -15 -2 -16 0 -20 -3 -19 0 -19 0 -20 0 -19 -1 -17 1 -19 -3 -19 1 -19 2 -17 0 -18 -1 -1 -1 0 0 0 0 0 0 0 0 ]
CSI_DATA,AP,68:FE:71:12:53:8C,-38,11,1,6,1,1,1,0,0,0,0,-96,0,6,1,78011420,0,84,0,0,78.011,384,[84 -64 4 0 0 0 0 0 0 0 0 0 -16 16 -16 13 -17 15 -16 16 -16 16 -15 13 -16 14 -17 12 -17 11 -16 11 -18 13 -20 12 -18 10 -17 9 -16 10 -19 10 -18 9 -18 10 -15 8 -16 11 -19 8 -19 10 -16 10 -15 9 -18 11 -18 10 1 1 -15 10 -14 12 -14 9 -12 10 -14 10 -16 13 -15 13 -12 9 -11 12 -12 12 -15 13 -14 11 -14 11 -13 15 -13 14 -13 12 -10 12 -12 12 -11 14 -9 12 -9 15 -12 12 -8 13 -12 13 -12 13 -12 15 -1 0 0 0 0 0 0 0 0 0 ]
CSI_DATA,AP,68:FE:71:12:53:8C,-35,11,1,7,1,1,1,0,0,0,0,-96,0,6,1,78118487,0,84,0,0,78.118,384,[84 -64 4 0 0 0 0 0 0 0 0 0 -13 13 -16 14 -15 15 -17 14 -17 10 -18 8 -19 12 -18 9 -20 6 -16 11 -18 9 -17 10 -19 11 -20 10 -16 9 -21 6 -17 5 -19 8 -17 7 -18 4 -17 7 -16 4 -18 6 -19 5 -20 5 -16 8 -1 2 -17 7 -15 5 -17 10 -17 6 -16 6 -13 7 -17 5 -14 7 -14 6 -14 7 -13 10 -13 11 -15 11 -12 9 -14 10 -16 8 -16 12 -11 9 -14 11 -10 13 -14 9 -13 13 -14 13 -11 10 -11 10 -11 10 -2 -2 0 0 0 0 0 0 0 0 ]
CSI_DATA,AP,68:FE:71:12:53:8C,-41,11,1,5,1,1,1,0,0,0,0,-94,0,6,1,78239436,0,84,0,0,78.239,384,[84 -64 4 0 0 0 0 0 0 0 0 0 15 16 12 12 12 14 15 15 14 13 11 14 14 14 8 13 10 14 8 15 12 18 9 17 7 19 10 18 9 16 9 16 11 18 8 15 7 16 10 14 9 15 9 16 9 14 5 13 9 14 7 12 1 1 8 12 7 16 11 15 9 14 8 12 9 11 9 14 8 11 8 9 8 11 13 12 10 9 11 9 10 9 13 12 10 11 12 13 11 10 10 10 13 10 13 10 12 9 11 8 13 8 14 7 13 7 0 -1 0 0 0 0 0 0 0 0 ]
CSI_DATA,AP,68:FE:71:12:53:8C,-35,11,1,6,1,1,1,0,0,0,0,-95,0,6,1,78335814,0,84,0,0,78.336,384,[84 -64 4 0 0 0 0 0 0 0 0 0 13 15 11 12 13 17 12 16 10 14 11 15 12 14 11 13 11 14 10 14 8 16 10 18 8 16 10 17 10 18 8 16 9 14 6 14 9 14 9 17 7 17 9 17 8 16 9 16 8 14 10 14 -1 -1 9 12 9 15 10 12 8 14 8 13 10 14 11 11 11 13 9 12 11 8 13 9 12 13 10 12 9 11 11 11 11 10 12 9 14 8 10 8 11 9 13 12 10 11 11 7 12 7 12 11 15 7 -1 0 0 0 0 0 0 0 0 0 ]
CSI_DATA,AP,68:FE:71:12:53:8C,-36,11,1,6,1,1,1,1,0,0,0,-96,1,6,1,78454715,0,82,0,0,78.455,384,[84 -64 4 0 0 0 0 0 0 0 0 0 -21 -7 -19 -7 -18 -10 -21 -10 -18 -10 -20 -10 -17 -13 -16 -11 -19 -11 -19 -12 -16 -12 -17 -13 -15 -12 -19 -13 -17 -11 -19 -15 -15 -12 -14 -13 -13 -12 -13 -10 -14 -10 -17 -14 -15 -13 -13 -13 -13 -14 -17 -12 1 -2 -13 -9 -17 -11 -18 -10 -14 -10 -16 -11 -17 -9 -17 -8 -15 -7 -16 -9 -15 -7 -18 -5 -17 -9 -18 -8 -14 -8 -16 -4 -19 -6 -16 -7 -18 -3 -16 -3 -14 -5 -19 -3 -14 -2 -17 -6 -17 -4 -19 -3 -18 -5 -2 -2 0 0 0 0 0 0 0 0 ]
CSI_DATA,AP,68:FE:71:12:53:8C,-43,11,1,6,1,1,1,0,0,0,0,-93,0,6,1,78533694,0,84,0,0,78.534,384,[84 -64 4 0 0 0 0 0 0 0 0 0 -17 -10 -21 -11 -20 -9 -22 -11 -19 -10 -16 -13 -17 -15 -16 -14 -14 -15 -18 -12 -18 -16 -16 -12 -16 -14 -14 -11 -12 -14 -17 -17 -15 -15 -13 -13 -13 -14 -11 -12 -13 -11 -11 -12 -11 -14 -11 -14 -12 -14 -15 -15 2 2 -13 -13 -13 -13 -13 -10 -12 -10 -15 -10 -15 -10 -14 -13 -11 -8 -14 -12 -15 -9 -14 -9 -16 -6 -15 -9 -14 -11 -14 -10 -18 -8 -18 -9 -17 -5 -15 -8 -14 -9 -15 -7 -13 -8 -14 -5 -16 -4 -18 -4 -14 -5 0 -1 0 0 0 0 0 0 0 0 ]
CSI_DATA,AP,68:FE:71:12:53:8C,-42,11,1,6,1,1,1,0,0,0,0,-95,0,6,1,78638418,0,84,0,0,78.638,384,[84 -64 4 0 0 0 0 0 0 0 0 0 13 18 13 18 12 19 10 18 11 17 10 18 7 17 5 18 9 19 4 18 8 21 6 20 8 21 6 17 5 18 6 19 4 17 3 15 2 17 3 20 4 20 5 18 4 15 5 16 5 19 3 14 -2 2 4 17 4 18 7 17 4 14 3 15 7 14 7 15 7 16 6 15 7 14 8 15 5 14 6 14 6 15 8 14 7 14 6 16 8 11 11 14 10 12 11 14 7 14 8 12 9 15 9 12 11 12 2 0 0 0 0 0 0 0 0 0 ]
CSI_DATA,AP,68:FE:71:12:53:8C,-41,11,1,5,1,1,1,0,0,0,0,-95,0,6,1,78753296,0,84,0,0,78.753,384,[84 -64 4 0 0 0 0 0 0 0 0 0 20 3 21 3 20 3 20 5 19 2 20 3 18 7 18 6 20 4 18 8 21 6 21 7 18 6 19 6 20 7 21 7 17 5 14 6 16 8 16 6 18 7 14 5 12 6 14 9 16 8 15 8 -2 2 18 3 17 7 16 6 14 3 17 7 17 2 14 3 17 4 15 4 14 1 15 4 14 1 17 0 16 0 17 2 17 -2 17 3 14 0 16 0 15 1 18 1 17 -1 18 -1 17 -1 17 1 16 1 0 1 0 0 0 0 0 0 0 0 ]
CSI_DATA,AP,68:FE:71:12:53:8C,-39,11,1,5,1,1,1,0,0,0,0,-94,0,6,1,78825448,0,84,0,0,78.825,384,[84 -64 4 0 0 0 0 0 0 0 0 0 -14 13 -18 14 -19 11 -19 14 -16 13 -19 11 -18 9 -16 9 -18 10 -20 9 -19 11 -20 8 -18 6 -20 11 -19 5 -18 10 -15 7 -18 9 -16 8 -18 5 -17 5 -15 7 -14 3 -17 9 -17 7 -14 6 -1 1 -16 9 -15 7 -17 6 -15 10 -13 10 -15 7 -14 6 -15 9 -13 10 -15 10 -14 12 -13 9 -13 12 -13 7 -14 12 -15 12 -12 11 -13 13 -14 9 -10 9 -13 12 -12 12 -10 12 -11 15 -10 13 -12 11 -1 -1 0 0 0 0 0 0 0 0 ]
CSI_DATA,AP,68:FE:71:12:53:8C,-37,11,1,7,1,1,1,0,0,0,0,-94,0,6,1,78919214,0,84,0,0,78.919,384,[84 -64 4 0 0 0 0 0 0 0 0 0 -18 12 -18 7 -20 9 -21 8 -22 6 -17 4 -18 6 -20 4 -21 3 -21 2 -20 3 -20 7 -23 3 -20 5 -21 4 -20 6 -21 4 -19 1 -19 2 -17 1 -20 4 -21 2 -15 0 -20 4 -16 5 -20 1 -1 2 -19 1 -18 1 -15 4 -17 6 -19 2 -15 5 -18 3 -14 5 -16 4 -15 4 -16 7 -15 6 -15 9 -17 4 -17 7 -14 6 -16 8 -13 7 -13 7 -14 6 -13 5 -13 7 -13 9 -13 9 -14 11 -15 10 2 -2 0 0 0 0 0 0 0 0 ]
CSI_DATA,AP,68:FE:71:12:53:8C,-42,11,1,4,1,1,1,0,0,0,0,-94,0,6,1,79057043,0,84,0,0,79.057,384,[84 -64 4 0 0 0 0 0 0 0 0 0 13 -12 16 -15 17 -14 19 -14 19 -12 19 -9 18 -9 18 -9 18 -12 18 -7 16 -10 17 -11 18 -11 20 -7 16 -9 21 -12 18 -9 17 -10 16 -6 18 -6 19 -9 16 -6 13 -8 15 -6 18 -10 18 -8 0 1 17 -11 15 -7 14 -11 12 -12 13 -9 12 -9 14 -11 15 -8 15 -9 13 -9 12 -10 12 -9 14 -9 11 -11 10 -13 12 -13 11 -15 13 -14 12 -11 11 -11 10 -13 9 -14 12 -15 12 -12 9 -15 9 -14 2 1 0 0 0 0 0 0 0 0 ]
CSI_DATA,AP,68:FE:71:12:53:8C,-36,11,1,6,1,1,1,0,0,0,0,-96,0,6,1,79214933,0,84,0,0,79.215,384,[84 -64 4 0 0 0 0 0 0 0 0 0 4 18 5 19 1 21 0 20 4 22 0 19 -1 21 0 21 1 19 -1 18 -3 20 0 19 -2 18 -2 20 -4 18 -3 18 -2 18 0 18 -1 15 -2 19 -2 16 -1 16 -4 16 -2 19 -5 15 -1 18 1 -1 -3 15 -1 15 -1 19 -1 16 -1 18 1 14 -2 15 -1 14 -2 13 2 17 1 15 3 13 2 18 2 15 3 18 2 17 1 15 5 15 4 15 6 13 4 13 2 13 5 13 8 13 3 15 4 15 -2 1 0 0 0 0 0 0 0 0 ]
CSI_DATA,AP,68:FE:71:12:53:8C,-44,11,1,5,1,1,1,0,0,0,0,-95,0,6,1,79352724,0,84,0,0,79.353,384,[84 -64 4 0 0 0 0 0 0 0 0 0 -9 -18 -12 -20 -14 -19 -12 -20 -10 -22 -10 -21 -7 -22 -8 -18 -8 -23 -8 -22 -5 -22 -6 -21 -7 -21 -6 -22 -6 -22 -9 -22 -6 -18 -7 -19 -6 -17 -4 -20 -6 -16 -4 -21 -2 -20 -3 -20 -7 -20 -6 -19 0 0 -4 -18 -8 -20 -5 -19 -10 -15 -7 -16 -10 -16 -6 -15 -9 -17 -9 -17 -7 -15 -12 -15 -10 -15 -8 -14 -11 -15 -10 -17 -10 -16 -12 -16 -13 -14 -11 -15 -14 -13 -13 -13 -14 -11 -14 -13 -12 -13 -9 -16 -13 -14 0 2 0 0 0 0 0 0 0 0 ]
CSI_DATA,AP,68:FE:71:12:53:8C,-42,11,1,6,1,1,1,0,0,0,0,-94,0,6,1,79466981,0,84,0,0,79.467,384,[84 -64 4 0 0 0 0 0 0 0 0 0 21 2 22 0 21 4 20 1 22 4 18 4 19 5 19 8 21 6 17 4 19 4 18 4 19 9 21 8 20 5 19 8 16 8 15 7 16 7 17 6 14 10 18 9 15 7 17 7 19 6 17 8 -1 -2 17 4 16 7 16 4 17 3 18 7 16 5 15 5 15 4 13 3 16 1 16 0 16 2 17 2 14 4 15 2 16 3 17 3 16 -2 15 2 15 -3 18 0 16 -2 18 1 15 -2 15 -1 15 -2 -1 1 0 0 0 0 0 0 0 0 ]
CSI_DATA,AP,68:FE:71:12:53:8C,-40,11,1,6,1,1,1,0,0,0,0,-93,0,6,1,79557685,0,84,0,0,79.558,384,[84 -64 4 0 0 0 0 0 0 0 0 0 -11 18 -13 16 -13 18 -10 16 -15 15 -14 15 -13 16 -16 13 -13 17 -17 12 -16 13 -16 16 -15 13 -15 12 -14 13 -16 15 -16 11 -13 13 -14 14 -13 11 -13 10 -15 11 -12 12 -13 10 -16 14 -12 10 2 1 -15 13 -13 13 -14 12 -9 12 -14 12 -10 13 -11 12 -13 14 -12 12 -9 12 -11 13 -9 14 -12 13 -8 15 -11 11 -10 16 -8 15 -8 12 -8 14 -7 14 -8 14 -7 16 -10 15 -6 15 -9 15 -7 13 -1 2 0 0 0 0 0 0 0 0 ]
CSI_DATA,AP,68:FE:71:12:53:8C,-43,11,1,6,1,1,1,0,0,0,1,-93,0,6,1,79687709,0,84,0,0,79.688,384,[84 -64 4 0 0 0 0 0 0 0 0 0 -31 -13 -28 -15 -31 -17 -32 -19 -29 -18 -24 -20 -25 -18 -25 -20 -25 -20 -22 -17 -23 -19 -26 -18 -26 -22 -21 -17 -21 -19 -23 -19 -20 -19 -17 -17 -23 -19 -18 -20 -18 -17 -19 -19 -19 -18 -16 -18 -21 -18 -19 -16 1 0 -18 -14 -17 -13 -21 -17 -18 -15 -21 -12 -18 -15 -21 -12 -15 -11 -20 -9 -20 -10 -20 -11 -18 -8 -20 -7 -17 -10 -21 -7 -20 -8 -19 -7 -18 -8 -18 -8 -20 -4 -19 -8 -20 -7 -17 -4 -20 -3 -18 -5 -19 -1 2 2 0 0 0 0 0 0 0 0 ]
CSI_DATA,AP,68:FE:71:12:53:8C,-39,11,1,4,1,1,1,0,0,0,0,-94,0,6,1,79807323,0,84,0,0,79.807,384,[84 -64 4 0 0 0 0 0 0 0 0 0 -17 12 -16 11 -17 10 -19 6 -16 6 -17 5 -19 4 -18 6 -17 5 -17 4 -18 3 -17 6 -18 5 -18 4 -18 3 -18 3 -15 4 -17 3 -13 4 -16 2 -15 3 -15 3 -16 3 -14 4 -14 4 -16 3 2 -2 -14 2 -14 6 -13 2 -17 6 -12 3 -15 4 -16 5 -12 7 -14 4 -13 5 -14 8 -12 4 -11 5 -11 7 -12 7 -15 9 -12 6 -12 5 -15 9 -14 6 -12 7 -14 9 -14 7 -14 10 -15 8 -14 6 -2 2 0 0 0 0 0 0 0 0 ]
CSI_DATA,AP,68:FE:71:12:53:8C,-38,11,1,6,1,1,1,0,0,0,0,-95,0,6,1,79928418,0,84,0,0,79.928,384,[84 -64 4 0 0 0 0 0 0 0 0 0 -10 12 -10 9 -12 12 -12 10 -10 9 -11 10 -11 7 -11 10 -13 9 -9 6 -13 11 -13 10 -14 9 -9 10 -12 8 -11 9 -9 8 -11 6 -12 4 -10 5 -9 6 -8 7 -8 6 -11 7 -11 8 -12 6 2 0 -8 5 -8 9 -10 7 -7 7 -9 7 -9 6 -10 7 -10 7 -10 7 -8 6 -7 10 -8 10 -7 9 -9 9 -7 9 -9 9 -6 10 -4 9 -7 11 -4 10 -6 8 -8 8 -8 11 -4 9 -8 11 -5 11 1 0 0 0 0 0 0 0 0 0 ]
CSI_DATA,AP,68:FE:71:12:53:8C,-40,11,1,5,1,1,1,0,0,0,0,-93,0,6,1,80027565,0,84,0,0,80.028,384,[84 -64 4 0 0 0 0 0 0 0 0 0 -11 -14 -11 -10 -11 -14 -8 -15 -11 -12 -7 -14 -8 -14 -8 -12 -8 -15 -9 -14 -7 -13 -8 -16 -8 -16 -6 -16 -7 -13 -5 -18 -7 -15 -7 -12 -4 -13 -4 -13 -4 -12 -5 -13 -5 -12 -3 -15 -4 -16 -8 -12 1 0 -5 -12 -5 -14 -7 -12 -6 -12 -7 -11 -7 -12 -5 -12 -9 -11 -10 -10 -6 -12 -10 -12 -6 -13 -8 -9 -8 -13 -9 -11 -9 -10 -11 -13 -9 -9 -12 -12 -12 -10 -10 -9 -9 -12 -9 -9 -13 -11 -12 -11 -11 -11 0 0 0 0 0 0 0 0 0 0 ]
CSI_DATA,AP,68:FE:71:12:53:8C,-40,11,1,4,1,1,1,0,0,0,0,-94,0,6,1,80144109,0,84,0,0,80.144,384,[84 -64 4 0 0 0 0 0 0 0 0 0 10 -18 10 -20 10 -19 13 -20 9 -17 13 -18 15 -15 12 -17 16 -15 16 -17 16 -17 12 -16 17 -18 14 -17 15 -14 14 -16 16 -12 14 -12 12 -12 15 -15 13 -11 12 -11 12 -11 14 -12 15 -15 14 -12 1 1 10 -14 12 -15 12 -12 10 -13 11 -11 10 -15 10 -15 10 -16 8 -16 10 -15 8 -14 9 -12 8 -16 8 -15 5 -15 9 -15 5 -14 5 -17 7 -16 6 -17 6 -17 4 -13 6 -13 6 -17 7 -14 2 -18 0 -1 0 0 0 0 0 0 0 0 ]
CSI_DATA,AP,68:FE:71:12:53:8C,-38,11,1,6,1,1,1,0,0,0,0,-95,0,6,1,80259428,0,84,0,0,80.259,384,[84 -64 4 0 0 0 0 0 0 0 0 0 -21 -4 -17 -4 -19 -2 -20 -6 -18 -5 -16 -5 -19 -5 -16 -8 -16 -7 -16 -4 -15 -7 -13 -6 -13 -9 -13 -7 -11 -6 -12 -6 -15 -5 -10 -7 -11 -6 -11 -6 -13 -4 -13 -6 -9 -4 -10 -5 -13 -5 -12 -5 1 0 -11 -4 -11 -2 -9 -2 -12 0 -12 -4 -10 -3 -13 1 -12 -1 -10 2 -13 -1 -11 1 -11 -2 -11 -1 -10 -1 -10 1 -12 0 -11 0 -12 1 -10 0 -13 2 -11 4 -11 1 -15 4 -14 6 -10 0 -11 5 -1 2 0 0 0 0 0 0 0 0 ]
CSI_DATA,AP,68:FE:71:12:53:8C,-44,11,1,4,1,1,1,0,0,0,0,-94,0,6,1,80370665,0,84,0,0,80.371,384,[84 -64 4 0 0 0 0 0 0 0 0 0 -22 33 -22 32 -23 32 -24 31 -23 31 -23 27 -22 29 -22 23 -23 23 -20 24 -24 20 -19 24 -22 20 -19 21 -20 17 -21 18 -18 16 -14 16 -18 18 -14 18 -14 16 -14 15 -14 15 -14 16 -12 15 -12 18 1 1 -11 16 -10 19 -8 18 -8 19 -7 21 -11 18 -4 19 -7 19 -8 12 -7 14 -4 22 -7 19 -7 21 -3 21 -3 23 -3 21 -1 24 -3 21 -4 24 0 22 -1 24 -1 24 -1 25 -1 26 1 25 3 24 -2 -2 0 0 0 0 0 0 0 0 ]
CSI_DATA,AP,68:FE:71:12:53:8C,-41,11,1,6,1,1,1,0,0,0,0,-95,0,6,1,80487216,0,84,0,0,80.487,384,[84 -64 4 0 0 0 0 0 0 0 0 0 -24 15 -22 12 -27 12 -24 12 -23 9 -26 4 -25 4 -24 5 -24 6 -22 3 -20 4 -20 4 -21 2 -20 4 -17 1 -21 4 -19 3 -18 1 -14 3 -14 2 -16 2 -16 3 -15 1 -17 3 -13 2 -14 6 -1 1 -14 2 -11 6 -14 7 -14 8 -10 6 -14 6 -10 5 -9 5 -9 7 -11 7 -8 11 -12 7 -8 8 -10 9 -10 11 -9 8 -10 9 -8 10 -6 11 -9 12 -10 9 -11 10 -9 13 -8 15 -9 12 -9 12 0 2 0 0 0 0 0 0 0 0 ]
CSI_DATA,AP,68:FE:71:12:53:8C,-38,11,1,6,1,1,1,0,0,0,0,-96,0,6,1,80597384,0,84,0,0,80.597,384,[84 -64 4 0 0 0 0 0 0 0 0 0 28 -13 29 -13 32 -8 32 -7 28 -9 28 -4 30 -7 25 -3 25 -3 26 -6 25 -3 27 -4 23 -3 25 -5 24 -4 25 -1 19 -4 19 -1 21 -5 17 -5 16 0 18 -5 18 -3 16 -2 16 -5 13 -4 -2 -1 15 -5 15 -5 16 -4 10 -7 11 -4 13 -8 13 -8 10 -9 9 -11 8 -7 8 -8 10 -8 9 -11 9 -8 6 -10 9 -9 7 -10 7 -13 5 -14 5 -13 3 -13 5 -13 3 -13 3 -11 1 -12 3 -12 -1 -1 0 0 0 0 0 0 0 0 ]
CSI_DATA,AP,68:FE:71:12:53:8C,-42,11,1,4,1,1,1,0,0,0,0,-96,0,6,1,80704176,0,84,0,0,80.704,384,[84 -64 4 0 0 0 0 0 0 0 0 0 -15 -6 -15 -9 -15 -11 -16 -10 -17 -9 -12 -10 -15 -9 -11 -13 -14 -10 -10 -13 -14 -9 -12 -12 -12 -12 -14 -11 -13 -9 -14 -11 -13 -11 -10 -11 -10 -12 -10 -10 -12 -10 -13 -10 -9 -10 -13 -8 -14 -13 -14 -8 -1 -1 -12 -8 -13 -11 -14 -11 -13 -7 -16 -7 -14 -8 -15 -9 -15 -10 -13 -10 -14 -6 -15 -9 -14 -7 -14 -6 -16 -7 -16 -6 -17 -6 -15 -6 -17 -10 -18 -11 -16 -10 -16 -8 -15 -9 -17 -8 -18 -8 -16 -6 -15 -6 -1 -2 0 0 0 0 0 0 0 0 ]
CSI_DATA,AP,68:FE:71:12:53:8C,-38,11,0,0,0,0,0,0,0,0,0,-94,0,6,1,80823551,0,37,0,0,80.824,128,[84 -64 4 0 0 0 0 0 0 0 0 0 6 -22 4 -22 4 -20 8 -25 9 -21 7 -23 9 -21 8 -20 8 -21 6 -23 11 -22 11 -22 11 -22 9 -22 10 -19 12 -22 11 -18 9 -19 8 -21 11 -22 10 -18 13 -23 11 -17 8 -17 10 -19 11 -20 -2 1 11 -20 11 -19 12 -21 9 -22 10 -20 8 -22 8 -23 7 -21 10 -22 6 -20 6 -25 7 -19 4 -21 7 -21 5 -22 4 -23 6 -23 4 -21 6 -22 5 -25 5 -25 7 -23 6 -23 4 -25 6 -22 3 -23 -2 -2 0 0 0 0 0 0 0 0 ]
CSI_DATA,AP,68:FE:71:12:53:8C,-41,11,1,6,1,1,1,0,0,0,1,-96,0,6,1,80930917,0,84,0,0,80.931,384,[84 -64 4 0 0 0 0 0 0 0 0 0 7 12 6 9 8 14 9 11 7 13 3 13 2 14 3 15 6 12 6 15 5 17 3 14 5 15 3 15 1 16 1 16 4 17 -1 14 1 13 3 16 1 13 2 14 0 13 0 17 3 17 2 16 2 -2 4 15 0 17 3 16 3 13 1 14 4 16 5 18 3 17 5 16 4 13 5 15 3 14 7 16 6 16 4 17 5 14 6 14 8 17 5 17 9 12 5 15 5 18 9 13 11 15 8 16 8 16 -2 2 0 0 0 0 0 0 0 0 ]
CSI_DATA,AP,68:FE:71:12:53:8C,-43,11,1,6,1,1,1,0,0,0,1,-96,0,6,1,81043947,0,84,0,0,81.044,384,[84 -64 4 0 0 0 0 0 0 0 0 0 15 12 15 10 14 9 13 15 13 15 12 15 15 12 16 13 15 14 14 19 14 18 12 18 15 21 14 16 10 18 13 20 14 20 11 15 10 17 12 17 12 20 9 19 8 17 12 19 9 17 9 18 1 -2 13 19 14 19 9 16 10 17 10 17 14 15 11 19 13 14 12 16 13 15 13 14 10 14 12 15 15 13 15 13 16 16 16 14 13 12 13 14 14 13 14 12 13 10 15 13 16 9 18 12 16 10 2 2 0 0 0 0 0 0 0 0 ]
CSI_DATA,AP,68:FE:71:12:53:8C,-42,11,1,4,1,1,1,0,0,0,0,-94,0,6,1,81166138,0,84,0,0,81.166,384,[84 -64 4 0 0 0 0 0 0 0 0 0 -16 -3 -16 -2 -20 -4 -21 -6 -18 -7 -19 -6 -21 -7 -18 -8 -17 -9 -21 -8 -19 -10 -19 -10 -20 -10 -22 -11 -18 -10 -19 -11 -18 -11 -17 -11 -16 -10 -19 -12 -17 -14 -18 -11 -16 -10 -17 -10 -21 -13 -20 -10 0 2 -19 -12 -18 -10 -21 -12 -19 -8 -17 -13 -20 -11 -18 -9 -20 -7 -16 -11 -19 -10 -21 -5 -18 -5 -21 -7 -20 -8 -19 -8 -19 -8 -19 -7 -18 -7 -20 -8 -18 -7 -22 -7 -21 -7 -18 -7 -22 -7 -20 -5 -20 -5 2 -2 0 0 0 0 0 0 0 0 ]
CSI_DATA,AP,68:FE:71:12:53:8C,-41,11,1,4,1,1,1,0,0,0,0,-94,0,6,1,81276022,0,84,0,0,81.276,384,[84 -64 4 0 0 0 0 0 0 0 0 0 3 20 4 17 2 19 3 20 2 20 0 20 -1 18 0 18 2 22 -1 20 -2 19 -1 21 -1 22 -1 20 -2 19 -1 20 -3 19 0 16 -1 19 -4 20 -3 16 -3 19 -2 17 -2 17 0 20 0 16 -1 1 -2 16 -2 19 1 18 0 14 1 14 1 18 3 15 2 16 3 14 4 14 1 18 5 13 4 13 4 17 6 16 2 15 6 18 5 16 6 16 7 14 2 17 2 16 7 13 8 17 4 12 5 15 0 0 0 0 0 0 0 0 0 0 ]
CSI_DATA,AP,68:FE:71:12:53:8C,-39,11,1,4,1,1,1,0,0,0,0,-96,0,6,1,81397136,0,84,0,0,81.397,384,[37 80 2 0 0 0 0 0 0 0 0 0 -12 31 -11 28 -16 30 -15 29 -16 29 -17 26 -16 26 -16 24 -19 26 -18 24 -17 26 -17 27 -19 26 -18 22 -18 24 -20 23 -20 23 -16 22 -18 20 -17 22 -16 18 -17 21 -13 21 -18 20 -17 23 -15 22 1 -2 -17 22 -15 21 -12 22 -15 21 -15 22 -12 21 -11 23 -12 20 -13 21 -11 23 -11 23 -11 20 -8 24 -10 24 -12 21 -11 22 -8 26 -7 24 -7 21 -6 26 -7 22 -8 22 -8 23 -7 27 -7 26 -5 22 1 1 0 0 0 0 0 0 0 0 ]
CSI_DATA,AP,68:FE:71:12:53:8C,-36,11,1,6,1,1,1,0,0,0,0,-93,0,6,1,81499891,0,84,0,0,81.5,384,[84 -64 4 0 0 0 0 0 0 0 0 0 -13 -14 -13 -12 -12 -17 -11 -14 -13 -14 -9 -13 -10 -16 -8 -14 -9 -16 -7 -18 -10 -18 -7 -16 -10 -16 -6 -17 -6 -14 -8 -16 -8 -15 -6 -17 -5 -14 -6 -14 -6 -12 -5 -14 -9 -13 -6 -16 -8 -14 -7 -13 1 0 -10 -11 -9 -15 -9 -13 -8 -14 -7 -11 -10 -11 -7 -12 -9 -10 -10 -13 -8 -12 -7 -10 -11 -11 -12 -12 -10 -10 -11 -8 -9 -8 -13 -12 -9 -9 -11 -11 -14 -10 -9 -8 -14 -10 -12 -9 -14 -8 -11 -11 -12 -8 2 1 0 0 0 0 0 0 0 0 ]
CSI_DATA,AP,68:FE:71:12:53:8C,-37,11,1,5,1,1,1,0,0,0,0,-95,0,6,1,81622160,0,84,0,0,81.622,384,[84 -64 4 0 0 0 0 0 0 0 0 0 11 -17 12 -18 14 -19 13 -17 11 -16 12 -16 14 -16 14 -17 14 -16 15 -13 16 -14 16 -14 17 -12 14 -13 14 -13 14 -15 17 -13 16 -10 13 -11 12 -11 12 -14 16 -11 13 -13 11 -13 16 -10 12 -13 -1 -1 12 -10 14 -14 13 -14 10 -13 10 -12 11 -13 11 -13 10 -12 12 -11 11 -12 10 -14 11 -15 12 -13 9 -17 7 -13 8 -13 10 -16 8 -16 10 -14 10 -15 10 -13 10 -14 9 -17 6 -16 7 -18 9 -17 -2 -2 0 0 0 0 0 0 0 0 ]
CSI_DATA,AP,68:FE:71:12:53:8C,-39,11,1,5,1,1,1,0,0,0,0,-94,0,6,1,81754672,0,84,0,0,81.755,384,[84 -64 4 0 0 0 0 0 0 0 0 0 -1 19 -2 18 -3 21 -1 16 -1 20 -4 18 -4 19 -5 19 -4 16 -5 18 -3 18 -6 15 -3 19 -3 18 -6 16 -7 16 -8 18 -5 17 -6 14 -4 14 -4 16 -7 14 -4 14 -3 15 -3 16 -2 15 1 0 -6 14 -4 14 -2 16 -2 12 -4 13 -3 13 -3 13 -1 13 0 13 -2 13 0 15 -2 14 0 15 0 16 -2 14 -1 16 1 14 -1 13 0 12 1 16 0 12 2 15 1 17 0 14 1 14 4 14 1 2 0 0 0 0 0 0 0 0 ]
CSI_DATA,AP,68:FE:71:12:53:8C,-43,11,1,5,1,1,1,0,0,0,0,-93,0,6,1,81875844,0,84,0,0,81.876,384,[84 -64 4 0 0 0 0 0 0 0 0 0 -3 -18 1 -18 0 -17 2 -18 1 -18 2 -18 5 -16 4 -19 4 -15 4 -15 6 -16 4 -15 6 -19 3 -19 5 -15 5 -15 7 -17 5 -18 2 -14 5 -15 4 -16 6 -14 5 -14 3 -16 2 -16 2 -17 1 0 2 -15 3 -13 2 -17 1 -14 5 -15 1 -17 1 -13 3 -15 1 -15 1 -16 0 -15 0 -13 -2 -13 -3 -13 1 -15 -2 -13 0 -14 -2 -16 0 -17 -3 -14 -2 -13 0 -14 -4 -14 -3 -17 -3 -13 -5 -15 2 0 0 0 0 0 0 0 0 0 ]
CSI_DATA,AP,68:FE:71:12:53:8C,-38,11,1,7,1,1,1,0,0,0,0,-96,0,6,1,82012121,0,84,0,0,82.012,384,[84 -64 4 0 0 0 0 0 0 0 0 0 -3 -22 0 -21 -2 -20 2 -19 0 -21 3 -21 4 -19 1 -19 4 -19 5 -21 5 -20 2 -20 1 -18 3 -20 4 -21 3 -19 7 -17 6 -17 3 -17 3 -19 6 -15 3 -19 2 -17 6 -17 2 -18 4 -18 2 1 2 -16 3 -16 5 -16 5 -15 3 -16 1 -18 0 -16 1 -16 4 -16 0 -17 2 -17 2 -17 0 -18 -1 -18 2 -16 -1 -14 1 -15 -3 -15 0 -16 -1 -14 0 -14 -2 -14 -1 -19 -1 -17 -4 -15 -4 -14 2 -1 0 0 0 0 0 0 0 0 ]
CSI_DATA,AP,68:FE:71:12:53:8C,-42,11,1,6,1,1,1,0,0,0,0,-95,0,6,1,82135503,0,84,0,0,82.136,384,[84 -64 4 0 0 0 0 0 0 0 0 0 12 15 11 13 11 16 11 17 11 16 8 14 11 15 11 15 10 15 9 18 8 16 9 15 6 15 8 18 8 16 8 18 5 15 5 18 9 14 5 18 9 16 7 15 6 17 6 14 7 13 4 14 -2 1 8 12 9 17 6 14 9 12 5 12 7 15 8 15 7 13 6 14 11 12 11 11 9 14 12 14 12 14 8 12 8 10 12 11 10 10 8 12 10 9 12 9 9 10 13 10 12 9 12 10 11 9 2 2 0 0 0 0 0 0 0 0 ]
CSI_DATA,AP,68:FE:71:12:53:8C,-41,11,1,6,1,1,1,0,0,0,0,-95,0,6,1,82263690,0,84,0,0,82.264,384,[84 -64 4 0 0 0 0 0 0 0 0 0 -17 -16 -14 -13 -15 -17 -13 -17 -11 -19 -13 -16 -12 -17 -9 -19 -11 -17 -8 -19 -9 -20 -7 -20 -7 -20 -8 -20 -7 -19 -8 -19 -10 -15 -10 -17 -8 -19 -7 -15 -6 -17 -8 -15 -4 -19 -5 -15 -7 -18 -5 -15 2 0 -8 -16 -10 -15 -8 -17 -9 -15 -7 -17 -9 -17 -7 -14 -8 -14 -8 -14 -9 -12 -9 -14 -8 -16 -11 -12 -11 -14 -9 -12 -13 -11 -11 -12 -13 -14 -10 -15 -13 -11 -13 -11 -10 -10 -12 -14 -12 -12 -12 -14 -15 -11 -2 -2 0 0 0 0 0 0 0 0 ]
CSI_DATA,AP,68:FE:71:12:53:8C,-38,11,1,5,1,1,1,0,0,0,0,-95,0,6,1,82394794,0,84,0,0,82.395,384,[84 -64 4 0 0 0 0 0 0 0 0 0 -20 7 -17 4 -19 4 -18 4 -21 5 -20 0 -19 2 -19 2 -21 3 -23 4 -21 -1 -20 1 -21 -1 -17 1 -18 2 -20 2 -19 -2 -16 2 -19 -2 -20 1 -19 -1 -17 -2 -17 -3 -18 0 -15 -1 -18 -1 2 -2 -15 0 -19 1 -19 3 -16 0 -18 -1 -18 3 -16 1 -17 1 -18 2 -18 2 -18 5 -18 1 -18 2 -14 2 -14 3 -18 3 -18 4 -14 2 -17 3 -17 7 -16 6 -16 4 -18 3 -17 7 -16 6 -13 7 1 2 0 0 0 0 0 0 0 0 ]
CSI_DATA,AP,68:FE:71:12:53:8C,-37,11,1,6,1,1,1,1,0,0,1,-95,6,6,1,82525579,0,84,0,0,82.526,384,[84 -64 4 0 0 0 0 0 0 0 0 0 -19 7 -16 10 -16 10 -17 8 -18 5 -17 4 -17 5 -20 6 -21 4 -21 5 -20 5 -19 5 -20 3 -20 6 -16 4 -17 5 -17 3 -16 1 -19 5 -17 2 -17 4 -17 2 -17 2 -16 3 -16 1 -19 3 -1 -1 -18 3 -16 5 -13 3 -17 5 -13 4 -16 3 -14 7 -16 3 -14 5 -15 6 -16 5 -15 4 -14 8 -14 4 -12 9 -14 8 -16 6 -15 9 -15 7 -13 9 -12 8 -15 7 -15 11 -12 11 -12 7 -12 9 0 2 0 0 0 0 0 0 0 0 ]
CSI_DATA,AP,68:FE:71:12:53:8C,-37,11,1,6,1,1,1,0,0,0,0,-93,0,6,1,82631489,0,84,0,0,82.631,384,[84 -64 4 0 0 0 0 0 0 0 0 0 -14 13 -14 14 -14 15 -15 11 -17 12 -16 12 -14 13 -18 12 -14 11 -15 9 -14 10 -15 10 -17 9 -17 11 -15 10 -15 9 -17 9 -14 7 -15 9 -14 10 -14 7 -15 10 -17 7 -13 6 -15 6 -15 10 -1 -2 -12 7 -14 8 -14 9 -13 10 -15 7 -11 11 -15 11 -13 9 -14 12 -12 11 -12 9 -11 10 -12 10 -12 11 -12 12 -11 12 -12 12 -12 10 -13 12 -9 11 -8 11 -11 10 -9 13 -11 13 -8 11 -11 12 -1 -2 0 0 0 0 0 0 0 0 ]
CSI_DATA,AP,68:FE:71:12:53:8C,-44,11,1,3,1,1,1,1,0,0,0,-93,2,6,1,82738624,0,84,0,0,82.739,384,[84 -64 4 0 0 0 0 0 0 0 0 0 0 -17 -3 -17 1 -20 -2 -21 -1 -18 3 -18 1 -19 3 -20 5 -16 5 -20 5 -17 1 -18 3 -17 4 -19 4 -16 5 -17 7 -19 3 -13 5 -17 3 -14 3 -18 5 -17 3 -15 6 -14 4 -15 5 -16 1 0 3 -15 3 -16 3 -17 1 -17 0 -14 2 -17 2 -14 2 -13 -1 -15 3 -12 2 -16 0 -12 2 -13 -2 -14 0 -17 0 -17 1 -16 0 -15 -2 -17 -1 -13 -3 -13 -3 -17 -3 -17 -4 -17 0 -14 -4 -14 2 -2 0 0 0 0 0 0 0 0 ]
CSI_DATA,AP,68:FE:71:12:53:8C,-46,11,1,3,1,1,1,0,0,0,0,-93,0,6,1,82858681,0,84,0,0,82.859,384,[84 -64 4 0 0 0 0 0 0 0 0 0 6 16 6 20 5 21 8 19 6 21 5 16 4 16 2 20 6 21 1 20 3 21 2 16 5 19 5 17 3 18 2 21 -1 19 0 15 1 19 0 16 3 18 1 16 3 14 0 14 2 18 4 17 2 2 3 17 4 17 5 17 1 16 5 13 3 15 2 17 2 17 6 13 5 14 5 15 6 16 7 13 5 13 3 13 3 13 5 16 8 13 8 14 4 12 7 13 5 12 9 15 8 12 5 13 6 11 0 0 0 0 0 0 0 0 0 0 ]
CSI_DATA,AP,68:FE:71:12:53:8C,-38,11,1,6,1,1,1,1,0,0,0,-96,4,6,1,82960075,0,84,0,0,82.96,384,[84 -64 4 0 0 0 0 0 0 0 0 0 29 -27 24 -26 27 -30 30 -26 32 -24 28 -24 29 -25 32 -24 30 -22 29 -20 33 -17 34 -17 30 -20 30 -19 33 -16 32 -18 31 -18 33 -19 31 -16 29 -19 29 -16 29 -14 29 -12 30 -15 31 -15 29 -17 0 2 28 -18 26 -17 29 -16 27 -18 27 -19 27 -17 28 -17 26 -19 23 -20 23 -20 24 -19 24 -16 23 -18 23 -21 22 -22 20 -22 23 -23 18 -23 21 -22 20 -22 21 -24 22 -25 20 -27 22 -25 23 -25 18 -26 0 2 0 0 0 0 0 0 0 0 ]
CSI_DATA,AP,68:FE:71:12:53:8C,-35,11,1,6,1,1,1,0,0,0,0,-95,0,6,1,83057806,0,84,0,0,83.058,384,[84 -64 4 0 0 0 0 0 0 0 0 0 0 -17 0 -21 1 -23 6 -20 2 -20 6 -21 7 -19 8 -20 8 -20 6 -17 5 -17 9 -19 9 -17 6 -19 8 -15 8 -16 9 -15 8 -15 5 -15 7 -14 6 -18 6 -17 8 -17 7 -17 7 -14 6 -17 1 1 4 -16 8 -16 5 -17 3 -16 3 -15 4 -17 4 -15 3 -13 6 -16 4 -17 2 -13 2 -17 4 -16 2 -16 1 -13 1 -18 3 -14 3 -16 -1 -16 2 -15 3 -16 -1 -18 0 -19 0 -17 -1 -14 2 -16 1 -2 0 0 0 0 0 0 0 0 ]
CSI_DATA,AP,68:FE:71:12:53:8C,-42,11,1,4,1,1,1,0,0,0,0,-96,0,6,1,83174189,0,84,0,0,83.174,384,[84 -64 4 0 0 0 0 0 0 0 0 0 18 2 16 1 19 3 20 2 18 2 16 2 15 1 14 3 19 6 18 6 18 6 17 6 15 3 18 5 17 3 15 3 14 6 13 2 15 7 14 7 15 5 17 4 16 4 12 3 16 4 15 3 1 -1 13 4 13 1 16 4 16 2 15 3 12 5 15 2 15 2 14 4 14 1 12 1 14 -1 15 1 13 -1 15 0 16 1 16 -3 13 0 13 -3 12 0 15 1 15 -4 12 0 14 -1 14 -1 14 -3 1 1 0 0 0 0 0 0 0 0 ]
CSI_DATA,AP,68:FE:71:12:53:8C,-42,11,1,6,1,1,1,0,0,0,0,-94,0,6,1,83294071,0,84,0,0,83.294,384,[84 -64 4 0 0 0 0 0 0 0 0 0 4 22 6 23 5 22 5 22 3 22 4 20 0 19 3 20 3 22 -2 23 -1 19 -1 23 0 20 0 20 -1 18 0 22 -2 21 -2 17 -1 21 0 20 -1 19 -1 18 -1 18 -2 17 -1 17 -1 20 1 -1 0 19 3 19 3 20 0 17 1 16 0 15 -1 15 1 15 2 15 3 18 2 18 3 19 3 18 4 16 5 18 7 18 4 16 3 16 7 19 6 15 4 19 7 16 6 18 5 16 4 15 7 16 1 -2 0 0 0 0 0 0 0 0 ]
CSI_DATA,AP,68:FE:71:12:53:8C,-43,11,1,6,1,1,1,0,0,0,0,-95,0,6,1,83413764,0,84,0,0,83.414,384,[84 -64 4 0 0 0 0 0 0 0 0 0 -17 -12 -13 -15 -16 -16 -16 -14 -15 -13 -13 -17 -13 -13 -12 -16 -15 -17 -11 -13 -11 -16 -13 -16 -13 -17 -13 -16 -9 -17 -9 -14 -12 -14 -8 -17 -10 -15 -9 -17 -11 -18 -8 -18 -9 -15 -7 -13 -7 -17 -7 -13 0 -2 -10 -14 -11 -13 -10 -12 -12 -15 -12 -13 -11 -14 -10 -13 -12 -14 -11 -13 -11 -13 -12 -11 -10 -11 -10 -12 -12 -13 -10 -10 -13 -10 -13 -10 -13 -10 -11 -12 -12 -9 -14 -11 -14 -8 -16 -11 -14 -10 -16 -11 -16 -11 0 0 0 0 0 0 0 0 0 0 ]
CSI_DATA,AP,68:FE:71:12:53:8C,-42,11,1,6,1,1,1,1,0,0,0,-95,2,6,1,83539300,0,84,0,0,83.539,384,[84 -64 4 0 0 0 0 0 0 0 0 0 -13 9 -12 12 -13 10 -13 8 -13 8 -16 7 -16 9 -12 8 -15 5 -15 8 -17 5 -15 6 -17 6 -14 3 -15 4 -13 3 -12 4 -16 3 -12 3 -16 3 -13 2 -14 5 -14 2 -12 4 -11 6 -12 4 2 0 -15 6 -12 5 -11 5 -12 5 -11 3 -14 4 -14 4 -10 5 -10 6 -13 9 -12 6 -11 8 -10 10 -12 10 -9 7 -8 7 -11 9 -12 10 -7 9 -8 8 -12 11 -11 8 -11 11 -7 11 -9 8 -7 10 1 2 0 0 0 0 0 0 0 0 ]
CSI_DATA,AP,68:FE:71:12:53:8C,-38,11,1,6,1,1,1,0,0,0,0,-94,0,6,1,83635106,0,84,0,0,83.635,384,[84 -64 4 0 0 0 0 0 0 0 0 0 7 17 10 15 9 18 6 19 5 21 6 20 6 20 7 17 5 16 3 16 7 18 6 20 6 21 4 18 2 16 3 18 3 16 4 14 4 17 4 19 1 16 3 18 5 17 1 15 3 19 2 15 1 2 6 18 5 18 3 17 3 14 7 18 3 16 5 13 3 16 6 12 5 14 9 13 5 16 10 14 9 15 6 11 10 17 6 13 10 14 10 13 11 10 11 12 9 13 11 11 10 13 10 12 9 11 0 -2 0 0 0 0 0 0 0 0 ]
CSI_DATA,AP,68:FE:71:12:53:8C,-37,11,1,6,1,1,1,0,0,0,0,-95,0,6,1,83740098,0,84,0,0,83.74,384,[84 -64 4 0 0 0 0 0 0 0 0 0 -13 -17 -13 -14 -16 -18 -17 -17 -13 -15 -11 -15 -13 -15 -11 -18 -12 -17 -10 -17 -10 -18 -11 -20 -8 -21 -7 -21 -7 -18 -11 -18 -7 -15 -8 -15 -9 -19 -7 -18 -10 -17 -6 -17 -8 -17 -8 -15 -9 -17 -8 -14 1 2 -6 -14 -7 -18 -9 -18 -8 -16 -6 -16 -10 -17 -10 -15 -12 -15 -11 -14 -10 -12 -10 -14 -11 -14 -9 -16 -8 -12 -9 -12 -9 -11 -13 -13 -12 -11 -11 -14 -14 -13 -10 -11 -10 -13 -13 -14 -15 -10 -13 -14 -14 -10 -2 -2 0 0 0 0 0 0 0 0 ]
CSI_DATA,AP,68:FE:71:12:53:8C,-44,11,1,3,1,1,1,0,0,0,0,-95,0,6,1,83865778,0,84,0,0,83.866,384,[84 -64 4 0 0 0 0 0 0 0 0 0 -6 20 -7 17 -9 20 -12 20 -9 20 -9 17 -14 21 -14 15 -14 18 -14 18 -13 18 -14 18 -14 18 -16 19 -11 18 -15 19 -11 14 -10 17 -14 15 -15 14 -12 15 -10 14 -12 14 -13 14 -12 15 -12 17 -1 0 -14 16 -10 14 -9 18 -7 17 -10 14 -12 14 -8 14 -10 16 -9 15 -8 17 -6 19 -5 17 -7 18 -7 15 -7 14 -7 15 -8 19 -5 16 -8 19 -5 16 -4 15 -4 14 -3 17 -5 19 -4 15 -5 16 0 -2 0 0 0 0 0 0 0 0 ]
CSI_DATA,AP,68:FE:71:12:53:8C,-38,11,1,5,1,1,1,0,0,0,0,-96,0,6,1,83993124,0,84,0,0,83.993,384,[84 -64 4 0 0 0 0 0 0 0 0 0 -21 0 -20 -1 -23 -4 -22 -6 -25 -4 -23 -6 -20 -4 -21 -4 -20 -8 -20 -9 -21 -10 -23 -9 -19 -8 -18 -9 -21 -6 -21 -6 -21 -7 -17 -10 -19 -6 -19 -10 -20 -10 -19 -8 -16 -8 -18 -7 -20 -7 -16 -8 2 1 -19 -6 -21 -8 -17 -5 -19 -6 -19 -5 -20 -3 -18 -7 -20 -6 -17 -4 -19 -3 -18 -3 -19 -2 -20 -1 -15 -4 -16 -2 -16 -1 -20 1 -18 1 -20 0 -15 2 -19 1 -18 -1 -16 1 -20 0 -20 3 -19 0 -1 2 0 0 0 0 0 0 0 0 ]
CSI_DATA,AP,68:FE:71:12:53:8C,-36,11,1,5,1,1,1,0,0,0,0,-96,0,6,1,84132000,0,84,0,0,84.132,384,[84 -64 4 0 0 0 0 0 0 0 0 0 21 -2 20 0 19 -2 24 3 22 0 22 2 21 5 18 4 21 1 20 6 21 3 22 4 22 5 18 6 17 6 18 3 18 6 19 7 16 5 16 4 15 6 18 4 16 3 19 8 16 6 16 3 0 -2 17 4 15 4 17 6 17 4 14 5 17 2 19 1 18 4 14 1 17 0 19 -1 15 2 16 1 16 0 15 -2 18 1 17 -2 15 -1 15 1 15 -3 16 1 18 0 14 -2 15 -2 18 0 16 -2 -2 0 0 0 0 0 0 0 0 0 ]
CSI_DATA,AP,68:FE:71:12:53:8C,-40,11,1,4,1,1,1,1,0,0,0,-95,3,6,1,84235476,0,84,0,0,84.235,384,[84 -64 4 0 0 0 0 0 0 0 0 0 0 -20 -1 -21 1 -25 -1 -22 2 -25 1 -21 2 -20 5 -23 5 -19 5 -22 6 -24 5 -21 3 -19 3 -22 6 -20 3 -23 7 -19 3 -19 7 -16 8 -18 5 -19 6 -19 5 -15 6 -18 4 -20 4 -17 2 0 2 -20 3 -17 1 -20 3 -20 2 -16 4 -19 0 -17 3 -15 2 -15 -2 -18 -2 -21 2 -16 -1 -15 0 -17 0 -20 -4 -16 -3 -18 -4 -18 -1 -20 -3 -16 -2 -15 -4 -15 -3 -17 -4 -20 -3 -20 -2 -17 -2 2 0 0 0 0 0 0 0 0 ]
