type,role,mac,rssi,rate,sig_mode,mcs,bandwidth,smoothing,not_sounding,aggregation,stbc,fec_coding,sgi,noise_floor,ampdu_cnt,channel,secondary_channel,local_timestamp,ant,sig_len,rx_state,real_time_set,real_timestamp,len,CSI_DATA
CSI_DATA,AP,68:FE:71:12:53:8C,-40,11,1,6,1,1,1,0,0,0,0,-93,0,6,1,8322068,0,84,0,0,8.3221,384,[82 -96 4 0 0 0 0 0 0 0 0 0 -18 -7 -16 -5 -17 -8 -17 -7 -17 -10 -15 -9 -13 -7 -17 -8 -15 -9 -15 -8 -17 -11 -14 -10 -14 -11 -14 -8 -14 -9 -15 -13 -15 -12 -15 -10 -13 -12 -12 -10 -15 -9 -14 -9 -11 -10 -14 -7 -12 -10 -13 -8 -2 -1 -12 -10 -13 -7 -13 -6 -14 -7 -12 -6 -14 -5 -14 -7 -12 -9 -12 -9 -11 -4 -14 -5 -14 -7 -15 -6 -12 -7 -13 -3 -13 -7 -16 -7 -15 -6 -14 -7 -12 -6 -12 -6 -12 -2 -14 -5 -15 -1 -16 -2 -14 -1 -1 2 0 0 0 0 0 0 0 0 ]
CSI_DATA,AP,68:FE:71:12:53:8C,-37,11,1,6,1,1,1,0,0,0,0,-94,0,6,1,8429381,0,84,0,0,8.4294,384,[84 -64 4 0 0 0 0 0 0 0 0 0 8 -16 10 -12 10 -14 10 -15 9 -14 13 -11 10 -11 12 -12 12 -10 10 -12 14 -9 15 -11 12 -9 14 -12 11 -10 12 -12 13 -10 14 -12 14 -12 13 -9 14 -11 10 -12 13 -11 9 -11 12 -8 11 -9 1 -1 9 -10 10 -9 12 -10 9 -12 9 -9 10 -12 7 -8 11 -12 9 -10 6 -12 9 -14 9 -10 7 -11 6 -14 9 -12 5 -11 5 -12 7 -11 6 -13 4 -14 4 -11 6 -11 8 -12 8 -12 3 -15 5 -12 -1 -1 0 0 0 0 0 0 0 0 ]
CSI_DATA,AP,68:FE:71:12:53:8C,-38,11,1,6,1,1,1,0,0,0,0,-96,0,6,1,8560655,0,84,0,0,8.5607,384,[84 -64 4 0 0 0 0 0 0 0 0 0 -5 -27 -2 -31 -1 -30 0 -31 0 -26 2 -29 4 -27 -1 -30 1 -26 2 -29 1 -29 6 -31 3 -29 5 -29 3 -28 2 -25 7 -26 3 -23 3 -25 6 -24 5 -25 3 -27 2 -23 1 -25 6 -25 3 -24 2 2 2 -25 4 -21 3 -22 3 -21 3 -21 3 -25 3 -23 0 -23 1 -20 2 -24 0 -22 -1 -21 -3 -20 -2 -21 1 -24 -4 -23 -3 -24 -4 -23 -2 -23 -3 -22 -5 -24 -4 -23 -4 -25 -3 -25 -7 -23 -5 -22 2 2 0 0 0 0 0 0 0 0 ]
CSI_DATA,AP,68:FE:71:12:53:8C,-43,11,1,4,1,1,1,0,0,0,0,-93,0,6,1,8701794,0,84,0,0,8.7018,384,[84 -64 4 0 0 0 0 0 0 0 0 0 -23 -6 -19 -5 -22 -8 -24 -7 -22 -8 -18 -9 -22 -9 -19 -10 -18 -9 -21 -12 -18 -13 -20 -11 -18 -10 -16 -12 -19 -11 -19 -10 -16 -12 -16 -10 -17 -12 -14 -11 -15 -10 -16 -9 -17 -11 -14 -9 -18 -12 -15 -11 -1 -2 -16 -8 -17 -7 -18 -6 -14 -8 -15 -7 -18 -8 -18 -6 -16 -6 -18 -5 -18 -5 -15 -3 -18 -6 -16 -5 -15 -5 -17 -3 -17 -3 -16 -5 -18 -2 -17 -1 -19 -5 -19 -4 -16 -1 -18 -1 -18 -4 -15 -3 -18 -4 0 -1 0 0 0 0 0 0 0 0 ]
CSI_DATA,AP,68:FE:71:12:53:8C,-41,11,1,5,1,1,1,0,0,0,0,-94,0,6,1,8806335,0,84,0,0,8.8063,384,[84 -64 4 0 0 0 0 0 0 0 0 0 -16 -10 -14 -9 -16 -9 -18 -11 -16 -13 -13 -10 -13 -14 -15 -11 -16 -13 -14 -12 -13 -13 -12 -11 -13 -13 -14 -12 -10 -12 -13 -14 -13 -10 -11 -13 -9 -13 -11 -12 -11 -13 -10 -12 -11 -10 -13 -10 -14 -11 -13 -10 0 0 -10 -11 -12 -8 -12 -9 -12 -9 -13 -10 -13 -11 -13 -9 -10 -7 -13 -8 -11 -10 -13 -9 -11 -8 -15 -5 -15 -8 -12 -8 -12 -7 -14 -7 -16 -4 -15 -8 -16 -7 -16 -6 -12 -6 -14 -8 -14 -7 -12 -4 -12 -5 -2 1 0 0 0 0 0 0 0 0 ]
CSI_DATA,AP,68:FE:71:12:53:8C,-39,11,1,6,1,1,1,0,0,0,0,-94,0,6,1,8932798,0,84,0,0,8.9328,384,[84 -64 4 0 0 0 0 0 0 0 0 0 -17 -10 -15 -12 -19 -11 -15 -11 -18 -11 -13 -15 -15 -12 -13 -12 -13 -12 -16 -12 -16 -12 -15 -12 -11 -14 -12 -16 -15 -13 -14 -13 -12 -12 -11 -13 -11 -16 -14 -13 -10 -15 -13 -14 -11 -10 -14 -11 -12 -13 -12 -13 -2 -2 -13 -11 -14 -14 -11 -9 -13 -12 -12 -12 -12 -10 -14 -12 -13 -12 -14 -9 -13 -11 -13 -10 -15 -9 -15 -7 -15 -7 -13 -7 -13 -11 -16 -7 -14 -7 -16 -6 -16 -8 -15 -5 -13 -10 -17 -5 -16 -8 -13 -5 -13 -6 -1 1 0 0 0 0 0 0 0 0 ]
CSI_DATA,AP,68:FE:71:12:53:8C,-39,11,1,6,1,1,1,1,0,0,0,-93,6,6,1,9060684,0,84,0,0,9.0607,384,[84 -64 4 0 0 0 0 0 0 0 0 0 -16 15 -14 10 -18 10 -15 12 -18 10 -19 8 -20 8 -17 6 -16 9 -17 7 -15 10 -17 7 -18 10 -16 10 -17 8 -19 7 -15 4 -16 7 -18 7 -18 6 -16 4 -16 4 -14 5 -15 5 -13 9 -15 9 0 -2 -15 4 -16 10 -16 9 -13 8 -14 5 -15 7 -15 8 -13 6 -11 7 -10 7 -13 8 -13 8 -14 11 -15 11 -12 11 -12 8 -13 11 -14 8 -13 9 -10 9 -11 9 -9 13 -10 11 -8 12 -12 14 -8 10 1 -1 0 0 0 0 0 0 0 0 ]
CSI_DATA,AP,68:FE:71:12:53:8C,-38,11,1,5,1,1,1,0,0,0,0,-95,0,6,1,9194536,0,84,0,0,9.1945,384,[84 -64 4 0 0 0 0 0 0 0 0 0 -2 17 -3 18 -6 20 -7 16 -6 16 -6 15 -5 15 -8 17 -6 18 -8 16 -8 17 -8 15 -9 14 -7 16 -9 15 -9 14 -8 16 -8 16 -8 14 -7 12 -6 16 -9 14 -9 13 -5 11 -7 16 -8 14 2 -1 -5 13 -4 14 -5 15 -7 16 -5 13 -4 13 -4 13 -3 13 -4 11 -6 15 -6 15 -3 14 -2 12 -5 14 -1 12 -3 16 -3 13 -1 13 -1 12 -2 15 0 15 0 13 1 14 2 16 1 14 0 12 0 2 0 0 0 0 0 0 0 0 ]
CSI_DATA,AP,68:FE:71:12:53:8C,-41,11,1,6,1,1,1,0,0,0,0,-95,0,6,1,9288055,0,84,0,0,9.2881,384,[84 -64 4 0 0 0 0 0 0 0 0 0 -6 17 -10 15 -8 13 -8 16 -9 16 -10 16 -9 13 -10 13 -10 14 -10 14 -11 14 -12 10 -12 11 -13 10 -11 10 -13 13 -10 12 -9 11 -10 10 -10 12 -12 12 -13 10 -11 8 -13 12 -12 9 -9 10 -2 2 -9 11 -12 13 -10 14 -8 10 -6 12 -8 13 -6 11 -8 13 -5 10 -7 11 -9 10 -7 11 -5 12 -7 12 -8 14 -6 12 -6 14 -3 12 -6 12 -7 12 -5 12 -4 15 -5 12 -5 11 -6 15 -6 14 1 2 0 0 0 0 0 0 0 0 ]
CSI_DATA,AP,68:FE:71:12:53:8C,-38,11,1,6,1,1,1,1,0,0,0,-96,6,6,1,9412317,0,84,0,0,9.4123,384,[84 -64 4 0 0 0 0 0 0 0 0 0 4 9 3 10 0 8 1 8 1 8 1 7 1 7 1 9 -1 8 0 10 -1 10 0 9 -2 7 1 10 0 9 1 8 2 8 0 6 -1 9 -3 6 -1 7 0 6 -1 8 1 7 -2 6 -2 10 2 0 1 5 0 10 1 7 0 9 2 6 -1 7 1 7 2 6 1 6 0 9 -1 5 2 6 -1 9 3 9 3 9 3 8 0 5 1 6 1 6 3 6 4 6 1 4 1 8 5 7 2 6 3 6 1 1 0 0 0 0 0 0 0 0 ]
CSI_DATA,AP,68:FE:71:12:53:8C,-42,11,1,5,1,1,1,0,0,0,0,-94,0,6,1,9544648,0,84,0,0,9.5446,384,[84 -64 4 0 0 0 0 0 0 0 0 0 9 -17 10 -16 10 -16 11 -13 14 -15 11 -13 13 -14 12 -12 15 -13 13 -11 14 -12 16 -12 14 -12 13 -8 13 -7 16 -9 12 -7 11 -10 14 -8 12 -10 14 -10 14 -9 15 -9 12 -8 11 -8 10 -7 0 2 11 -9 11 -10 10 -10 9 -9 12 -11 11 -12 11 -9 10 -9 10 -8 8 -12 10 -12 10 -12 12 -12 11 -12 12 -10 12 -11 10 -12 8 -13 10 -11 9 -10 8 -14 11 -10 8 -15 7 -11 10 -14 9 -10 2 -2 0 0 0 0 0 0 0 0 ]
CSI_DATA,AP,68:FE:71:12:53:8C,-45,11,1,3,1,1,1,0,0,0,0,-93,0,6,1,9684460,0,84,0,0,9.6845,384,[84 -64 4 0 0 0 0 0 0 0 0 0 -2 16 -4 17 -4 17 -4 19 -2 18 -6 17 -4 18 -3 19 -2 16 -5 17 -5 15 -9 14 -7 14 -5 16 -6 16 -9 16 -6 16 -5 12 -8 15 -4 17 -6 16 -6 16 -8 14 -8 14 -7 15 -7 15 -1 1 -5 14 -7 15 -2 14 -2 10 -5 15 -4 12 -1 15 -3 13 -2 11 -4 15 -4 15 -5 15 -2 13 -2 11 -4 13 -3 14 -2 16 -2 15 -2 13 2 13 1 12 -1 13 -2 13 -2 14 0 14 0 12 1 -2 0 0 0 0 0 0 0 0 ]
CSI_DATA,AP,68:FE:71:12:53:8C,-38,11,1,5,1,1,1,0,0,0,0,-94,0,6,1,9820971,0,82,0,0,9.821,384,[84 -64 4 0 0 0 0 0 0 0 0 0 3 15 5 15 3 20 2 17 5 16 2 16 1 16 1 16 2 16 -1 19 1 16 -1 16 0 19 -1 19 0 14 -3 15 -1 13 -1 13 1 14 1 14 -2 17 -1 13 1 17 0 14 1 16 1 12 0 2 0 12 0 13 1 16 -1 14 2 12 2 16 4 12 3 11 2 13 4 14 3 16 1 13 3 12 3 15 4 11 2 13 3 14 5 11 5 15 3 12 6 11 3 13 3 13 3 10 4 14 6 11 -1 0 0 0 0 0 0 0 0 0 ]
CSI_DATA,AP,68:FE:71:12:53:8C,-42,11,1,6,1,1,1,1,0,0,0,-94,5,6,1,9967689,0,84,0,0,9.9677,384,[84 -64 4 0 0 0 0 0 0 0 0 0 -4 18 -8 20 -6 20 -6 19 -8 19 -7 19 -10 14 -8 15 -10 18 -11 14 -9 13 -9 14 -11 17 -13 14 -11 16 -13 14 -9 14 -11 15 -12 15 -10 14 -11 16 -10 16 -8 14 -11 11 -7 14 -8 13 -1 -1 -9 15 -7 12 -9 15 -6 12 -5 15 -9 15 -5 11 -8 16 -4 13 -8 12 -6 14 -6 13 -8 13 -7 16 -5 15 -6 17 -2 12 -3 14 -5 16 -2 13 -3 14 -3 14 -1 16 -2 15 -1 16 -2 15 1 -2 0 0 0 0 0 0 0 0 ]
CSI_DATA,AP,68:FE:71:12:53:8C,-37,11,1,6,1,1,1,0,0,0,0,-93,0,6,1,10094798,0,84,0,0,10.095,384,[84 -64 4 0 0 0 0 0 0 0 0 0 -14 -14 -14 -12 -16 -15 -13 -15 -14 -16 -15 -14 -12 -17 -14 -16 -12 -14 -13 -17 -12 -14 -9 -18 -12 -16 -12 -14 -12 -17 -11 -18 -7 -17 -9 -14 -9 -16 -8 -17 -8 -18 -11 -18 -8 -17 -10 -14 -8 -16 -12 -13 -2 -1 -8 -13 -10 -15 -8 -13 -11 -12 -11 -13 -12 -11 -8 -11 -9 -14 -9 -12 -10 -12 -11 -9 -14 -8 -14 -12 -13 -11 -15 -9 -14 -8 -11 -8 -13 -9 -14 -8 -12 -9 -14 -9 -16 -8 -15 -10 -17 -6 -15 -9 -17 -6 -1 1 0 0 0 0 0 0 0 0 ]
CSI_DATA,AP,68:FE:71:12:53:8C,-44,11,1,4,1,1,1,0,0,0,0,-96,0,6,1,10267334,0,84,0,0,10.267,384,[84 -64 4 0 0 0 0 0 0 0 0 0 21 -1 18 1 22 1 20 -2 17 3 19 3 17 2 20 1 19 4 17 3 17 2 20 5 17 2 20 3 17 5 15 5 18 6 17 5 19 6 17 4 14 3 15 2 13 2 13 6 14 4 15 3 2 -2 15 5 14 5 16 1 14 3 14 0 17 1 16 4 15 2 14 3 15 -2 18 -1 16 0 14 0 14 1 17 2 17 0 17 0 16 -1 13 -2 17 0 17 -1 14 -3 17 -1 14 -1 17 -3 16 -4 0 0 0 0 0 0 0 0 0 0 ]
CSI_DATA,AP,68:FE:71:12:53:8C,-44,11,1,3,1,1,1,0,0,0,0,-96,0,6,1,10380082,0,84,0,0,10.38,384,[84 -64 4 0 0 0 0 0 0 0 0 0 11 -17 12 -19 14 -17 12 -17 15 -15 15 -14 16 -14 13 -13 14 -15 13 -16 14 -12 13 -13 14 -15 17 -15 13 -12 14 -10 17 -11 16 -12 13 -13 14 -10 12 -12 15 -13 12 -11 11 -13 11 -9 11 -13 -1 2 12 -11 14 -13 14 -14 9 -11 11 -10 10 -15 13 -10 9 -15 13 -15 8 -13 8 -15 10 -12 11 -14 9 -13 9 -14 8 -12 9 -14 6 -15 10 -15 7 -13 8 -12 8 -13 6 -15 9 -14 8 -16 8 -17 -1 0 0 0 0 0 0 0 0 0 ]
CSI_DATA,AP,68:FE:71:12:53:8C,-41,11,1,6,1,1,1,0,0,0,0,-94,0,6,1,10519036,0,84,0,0,10.519,384,[84 -64 4 0 0 0 0 0 0 0 0 0 -17 10 -20 10 -20 11 -22 8 -17 7 -21 5 -18 6 -21 4 -20 8 -19 6 -18 8 -19 4 -20 3 -18 3 -19 6 -21 2 -18 6 -20 1 -19 5 -16 1 -18 3 -20 2 -19 1 -15 2 -18 4 -19 4 -2 -2 -19 3 -15 3 -15 5 -18 7 -15 5 -14 7 -14 4 -17 4 -17 4 -15 8 -16 6 -13 7 -14 9 -16 10 -14 6 -18 7 -13 7 -14 10 -16 7 -12 9 -14 7 -16 11 -12 10 -13 12 -14 9 -11 10 1 1 0 0 0 0 0 0 0 0 ]
CSI_DATA,AP,68:FE:71:12:53:8C,-41,11,1,5,1,1,1,0,0,0,0,-96,0,6,1,10650755,0,84,0,0,10.651,384,[84 -64 4 0 0 0 0 0 0 0 0 0 21 -8 19 -4 21 -7 25 -4 19 -3 23 -2 19 1 22 -3 20 2 22 2 22 1 22 1 23 -1 23 -1 21 0 20 2 20 4 16 4 20 2 17 1 17 0 18 1 18 4 19 2 21 -1 20 0 1 -1 18 0 18 0 17 1 18 -1 18 -1 19 -2 18 0 16 -1 16 -4 15 -6 15 -1 13 -2 14 -6 15 -6 16 -6 19 -2 16 -4 16 -7 15 -7 17 -5 18 -7 15 -4 16 -5 18 -8 15 -6 16 -9 2 -2 0 0 0 0 0 0 0 0 ]
CSI_DATA,AP,68:FE:71:12:53:8C,-44,11,1,3,1,1,1,0,0,0,0,-96,0,6,1,10777744,0,84,0,0,10.778,384,[84 -64 4 0 0 0 0 0 0 0 0 0 -16 -17 -17 -15 -14 -16 -17 -20 -13 -20 -14 -18 -13 -19 -10 -21 -13 -18 -13 -20 -10 -22 -12 -20 -12 -20 -9 -19 -10 -18 -12 -21 -11 -20 -10 -18 -6 -16 -9 -18 -9 -17 -10 -16 -7 -18 -8 -17 -7 -18 -8 -19 0 0 -7 -15 -10 -16 -11 -17 -12 -16 -10 -15 -7 -14 -9 -17 -10 -15 -12 -14 -8 -14 -9 -17 -10 -16 -10 -13 -13 -13 -9 -17 -14 -16 -10 -13 -14 -12 -13 -13 -13 -12 -14 -13 -14 -16 -11 -14 -15 -15 -15 -11 -12 -14 2 1 0 0 0 0 0 0 0 0 ]
CSI_DATA,AP,68:FE:71:12:53:8C,-41,11,1,4,1,1,1,0,0,0,0,-95,0,6,1,10944254,0,82,0,0,10.944,384,[84 -64 4 0 0 0 0 0 0 0 0 0 8 -22 7 -18 10 -19 11 -22 11 -18 9 -17 13 -17 12 -17 14 -20 13 -19 15 -19 12 -17 15 -17 13 -15 13 -17 15 -16 13 -16 10 -14 10 -14 14 -12 12 -14 14 -12 13 -14 12 -13 10 -16 12 -13 0 2 11 -15 11 -14 9 -14 10 -15 9 -16 10 -14 7 -15 8 -17 6 -13 9 -13 9 -15 8 -14 7 -14 9 -15 8 -15 6 -19 5 -20 8 -16 8 -19 3 -16 4 -18 3 -16 3 -14 6 -16 4 -18 4 -16 1 -2 0 0 0 0 0 0 0 0 ]
CSI_DATA,AP,68:FE:71:12:53:8C,-40,11,1,4,1,1,1,0,0,0,0,-96,0,6,1,11064682,0,84,0,0,11.065,384,[84 -64 4 0 0 0 0 0 0 0 0 0 -20 -9 -19 -14 -20 -13 -21 -15 -18 -14 -19 -15 -17 -16 -18 -14 -17 -17 -15 -15 -14 -14 -16 -13 -15 -15 -14 -18 -16 -15 -17 -18 -16 -14 -15 -13 -15 -15 -14 -13 -11 -13 -11 -16 -11 -13 -14 -14 -14 -16 -15 -15 2 0 -15 -16 -14 -11 -12 -12 -12 -13 -13 -11 -14 -11 -12 -15 -11 -14 -11 -12 -16 -12 -16 -8 -12 -8 -14 -8 -15 -9 -15 -8 -15 -9 -14 -9 -15 -10 -14 -7 -17 -8 -15 -6 -17 -7 -18 -8 -16 -7 -15 -8 -15 -4 2 -2 0 0 0 0 0 0 0 0 ]
CSI_DATA,AP,68:FE:71:12:53:8C,-38,11,1,6,1,1,1,0,0,0,0,-94,0,6,1,11164540,0,84,0,0,11.165,384,[84 -64 4 0 0 0 0 0 0 0 0 0 -14 18 -16 15 -14 16 -14 19 -16 17 -14 15 -16 14 -15 15 -19 16 -16 15 -17 15 -17 15 -18 12 -17 14 -16 12 -19 10 -16 12 -16 9 -17 12 -16 10 -15 9 -13 9 -13 7 -15 13 -16 10 -17 12 1 -2 -16 11 -15 13 -13 13 -15 13 -12 9 -15 11 -14 12 -12 10 -14 10 -12 13 -13 15 -12 13 -13 15 -10 16 -9 12 -13 13 -11 15 -9 17 -11 14 -8 16 -11 17 -11 16 -10 17 -9 15 -9 15 -7 14 1 -1 0 0 0 0 0 0 0 0 ]
CSI_DATA,AP,68:FE:71:12:53:8C,-42,11,1,5,1,1,1,0,0,0,0,-96,0,6,1,11279626,0,84,0,0,11.28,384,[84 -64 4 0 0 0 0 0 0 0 0 0 18 -11 16 -11 18 -11 21 -11 17 -12 19 -7 20 -9 18 -6 19 -7 20 -6 17 -7 20 -5 21 -4 19 -6 16 -7 19 -6 16 -3 19 -5 19 -6 18 -3 17 -3 18 -7 17 -4 15 -6 20 -5 15 -6 -1 2 18 -6 16 -5 16 -6 16 -9 16 -8 15 -8 16 -6 14 -6 12 -8 15 -6 15 -10 11 -6 15 -8 11 -10 15 -7 13 -11 14 -11 14 -11 11 -8 13 -9 11 -9 12 -7 15 -13 11 -10 12 -13 10 -11 -1 0 0 0 0 0 0 0 0 0 ]
CSI_DATA,AP,68:FE:71:12:53:8C,-39,11,1,4,1,1,1,0,0,0,0,-95,0,6,1,11408433,0,84,0,0,11.408,384,[84 -64 4 0 0 0 0 0 0 0 0 0 4 19 6 17 5 23 3 19 1 19 -1 18 0 19 -1 16 -2 18 -3 19 1 20 -2 20 -1 22 0 19 -3 19 -4 19 -3 19 0 17 -2 15 -1 16 -3 19 -3 18 -5 15 -3 15 -2 18 -1 19 0 -1 0 18 -1 16 0 19 1 15 0 18 -2 14 0 16 -1 15 1 14 3 13 3 16 3 17 1 16 1 14 2 16 2 18 4 17 3 14 6 16 3 16 2 15 5 14 4 13 4 13 5 13 7 14 1 0 0 0 0 0 0 0 0 0 ]
CSI_DATA,AP,68:FE:71:12:53:8C,-40,11,1,5,1,1,1,0,0,0,0,-94,0,6,1,11552892,0,84,0,0,11.553,384,[84 -64 4 0 0 0 0 0 0 0 0 0 -10 21 -9 15 -11 19 -12 19 -14 16 -11 16 -11 18 -11 15 -12 16 -14 14 -15 15 -13 16 -13 13 -14 16 -13 15 -14 13 -11 12 -16 13 -14 12 -11 13 -13 12 -10 11 -11 12 -16 14 -14 13 -14 13 0 2 -11 12 -10 15 -12 14 -12 15 -9 14 -9 12 -13 16 -7 15 -11 13 -10 12 -9 17 -10 15 -6 14 -6 13 -6 13 -8 14 -10 15 -6 14 -6 15 -5 13 -7 15 -4 16 -6 18 -4 18 -8 13 -6 17 0 -1 0 0 0 0 0 0 0 0 ]
CSI_DATA,AP,68:FE:71:12:53:8C,-38,11,1,6,1,1,1,0,0,0,0,-95,0,6,1,11684964,0,84,0,0,11.685,384,[84 -64 4 0 0 0 0 0 0 0 0 0 -19 8 -22 5 -23 4 -21 2 -24 1 -19 -1 -24 1 -19 0 -20 2 -23 1 -22 2 -21 -2 -19 -1 -21 -2 -22 -2 -23 0 -19 -2 -21 0 -21 -4 -18 -2 -18 0 -17 -4 -19 -4 -20 -1 -20 0 -17 0 -1 0 -18 -4 -17 0 -20 1 -20 2 -18 -3 -16 0 -19 0 -19 -2 -18 2 -16 3 -18 3 -18 0 -19 1 -17 4 -19 1 -19 2 -16 5 -15 5 -19 2 -18 3 -16 3 -17 2 -14 4 -17 6 -16 7 -18 4 1 0 0 0 0 0 0 0 0 0 ]
CSI_DATA,AP,68:FE:71:12:53:8C,-41,11,1,4,1,1,1,0,0,0,0,-93,0,6,1,11815724,0,84,0,0,11.816,384,[84 -64 4 0 0 0 0 0 0 0 0 0 -20 -9 -16 -12 -18 -10 -19 -12 -17 -15 -14 -14 -19 -16 -15 -16 -17 -13 -15 -13 -14 -15 -17 -13 -14 -15 -15 -17 -13 -13 -15 -14 -13 -15 -10 -15 -12 -15 -13 -14 -11 -13 -14 -16 -13 -15 -11 -13 -14 -13 -15 -12 0 -2 -11 -11 -14 -12 -13 -13 -15 -12 -12 -12 -12 -14 -14 -13 -15 -12 -15 -8 -13 -8 -17 -8 -12 -8 -17 -9 -13 -8 -17 -8 -16 -7 -15 -9 -15 -5 -16 -9 -18 -6 -16 -8 -17 -5 -16 -5 -19 -8 -17 -8 -16 -4 0 1 0 0 0 0 0 0 0 0 ]
CSI_DATA,AP,68:FE:71:12:53:8C,-39,11,1,6,1,1,1,0,0,0,0,-93,0,6,1,11969509,0,84,0,0,11.97,384,[84 -64 4 0 0 0 0 0 0 0 0 0 4 -18 1 -22 3 -20 7 -20 4 -22 6 -22 7 -20 9 -20 7 -19 8 -20 8 -18 7 -19 6 -17 8 -20 7 -15 11 -17 10 -16 10 -17 6 -17 8 -17 8 -17 10 -16 7 -16 6 -14 5 -18 6 -19 -1 -1 7 -17 4 -16 8 -16 7 -15 6 -15 3 -18 5 -17 6 -15 5 -14 4 -16 4 -15 2 -17 1 -18 1 -17 3 -18 1 -18 1 -17 1 -19 4 -18 0 -18 1 -15 2 -15 -2 -17 -1 -20 1 -18 1 -19 0 1 0 0 0 0 0 0 0 0 ]
CSI_DATA,AP,68:FE:71:12:53:8C,-39,11,1,5,1,1,1,0,0,0,0,-93,0,6,1,12082607,0,84,0,0,12.083,384,[84 -64 4 0 0 0 0 0 0 0 0 0 -9 -20 -7 -21 -9 -21 -5 -22 -4 -20 -6 -18 -5 -22 -2 -20 -1 -19 -1 -19 -1 -18 -5 -18 -3 -20 1 -19 0 -18 0 -18 0 -20 -2 -17 -2 -16 -1 -18 -2 -19 -1 -17 1 -19 1 -19 -2 -20 0 -19 2 1 1 -18 -4 -16 -1 -15 -2 -15 -4 -15 -2 -18 -1 -18 -3 -14 -2 -16 -3 -17 -4 -19 -6 -17 -4 -14 -7 -16 -7 -16 -6 -16 -8 -19 -6 -16 -7 -16 -8 -15 -6 -17 -7 -18 -9 -16 -6 -14 -9 -13 -8 -14 1 2 0 0 0 0 0 0 0 0 ]
CSI_DATA,AP,68:FE:71:12:53:8C,-43,11,1,6,1,1,1,1,0,0,0,-93,5,6,1,12176205,0,84,0,0,12.176,384,[84 -64 4 0 0 0 0 0 0 0 0 0 -3 -20 -2 -19 -1 -24 -2 -21 -1 -21 0 -20 0 -20 1 -20 3 -22 6 -18 5 -19 7 -19 4 -21 7 -20 6 -21 6 -18 2 -17 7 -17 4 -18 6 -17 5 -19 3 -17 4 -19 6 -19 5 -20 7 -19 -1 1 5 -17 3 -21 5 -19 4 -19 5 -15 4 -19 3 -18 3 -16 -1 -16 -1 -16 3 -18 3 -18 -1 -17 2 -15 2 -15 -1 -19 -2 -18 -1 -19 -2 -18 -4 -16 1 -18 0 -17 -4 -19 -4 -18 -2 -19 -3 -19 -2 -1 0 0 0 0 0 0 0 0 ]
CSI_DATA,AP,68:FE:71:12:53:8C,-38,11,1,7,1,1,1,0,0,0,0,-93,0,6,1,12318822,0,84,0,0,12.319,384,[84 -64 4 0 0 0 0 0 0 0 0 0 20 2 18 6 19 4 18 4 20 7 17 8 17 9 16 10 15 9 19 8 16 10 16 9 17 9 15 11 18 9 17 9 18 9 16 11 14 7 16 8 13 10 15 10 11 7 14 10 16 10 17 11 1 -2 16 7 16 7 13 9 13 7 13 5 13 7 12 9 13 7 15 3 12 3 17 4 15 2 17 6 15 5 14 6 15 6 14 5 18 4 14 4 17 2 14 1 17 3 14 3 17 1 14 1 18 2 0 0 0 0 0 0 0 0 0 0 ]
CSI_DATA,AP,68:FE:71:12:53:8C,-37,11,1,6,1,1,1,0,0,0,0,-94,0,6,1,12458943,0,84,0,0,12.459,384,[84 -64 4 0 0 0 0 0 0 0 0 0 -10 -16 -13 -18 -12 -18 -12 -23 -13 -21 -8 -21 -8 -20 -9 -18 -10 -19 -5 -22 -8 -21 -5 -24 -4 -20 -8 -23 -5 -21 -6 -23 -4 -20 -7 -18 -4 -21 -6 -18 -3 -19 -8 -19 -5 -18 -4 -17 -8 -20 -4 -20 0 -2 -5 -16 -5 -20 -9 -19 -7 -18 -7 -18 -9 -15 -10 -16 -11 -18 -8 -13 -10 -16 -10 -14 -11 -17 -10 -17 -8 -17 -9 -13 -14 -15 -10 -18 -13 -16 -10 -13 -12 -14 -11 -16 -11 -14 -11 -14 -13 -14 -9 -12 -13 -12 -2 2 0 0 0 0 0 0 0 0 ]
CSI_DATA,AP,68:FE:71:12:53:8C,-43,11,1,6,1,1,1,0,0,0,0,-94,0,6,1,12571401,0,84,0,0,12.571,384,[84 -64 4 0 0 0 0 0 0 0 0 0 -9 -15 -12 -18 -9 -14 -11 -20 -10 -15 -7 -17 -6 -17 -6 -18 -10 -16 -8 -17 -7 -18 -10 -16 -9 -19 -5 -20 -5 -19 -8 -19 -6 -17 -8 -14 -7 -15 -6 -16 -3 -14 -4 -17 -5 -13 -4 -18 -4 -16 -8 -16 1 -2 -6 -13 -6 -17 -5 -15 -8 -11 -8 -13 -7 -13 -5 -14 -8 -14 -6 -14 -9 -10 -8 -14 -7 -14 -8 -12 -9 -11 -7 -12 -8 -12 -8 -14 -11 -14 -12 -12 -10 -10 -11 -12 -11 -9 -10 -10 -12 -14 -10 -13 -10 -13 0 -2 0 0 0 0 0 0 0 0 ]
CSI_DATA,AP,68:FE:71:12:53:8C,-36,11,1,5,1,1,1,1,0,0,0,-94,5,6,1,12718498,0,84,0,0,12.718,384,[84 -64 4 0 0 0 0 0 0 0 0 0 -14 -18 -15 -15 -12 -18 -12 -18 -14 -18 -10 -19 -9 -20 -8 -18 -9 -18 -10 -19 -11 -20 -12 -17 -12 -18 -9 -19 -9 -20 -8 -18 -6 -18 -7 -19 -6 -16 -8 -17 -9 -18 -7 -18 -8 -18 -6 -16 -9 -17 -8 -16 0 0 -7 -15 -8 -13 -10 -18 -11 -12 -10 -14 -11 -17 -12 -15 -9 -12 -11 -13 -9 -13 -11 -16 -10 -12 -10 -14 -13 -13 -13 -12 -13 -15 -11 -14 -14 -12 -14 -13 -12 -11 -11 -10 -12 -13 -13 -10 -14 -9 -13 -8 -13 -11 -1 -2 0 0 0 0 0 0 0 0 ]
CSI_DATA,AP,68:FE:71:12:53:8C,-40,11,1,5,1,1,1,0,0,0,0,-96,0,6,1,12866253,0,84,0,0,12.866,384,[84 -64 4 0 0 0 0 0 0 0 0 0 16 13 14 14 15 15 15 15 17 16 14 16 13 13 14 12 15 15 14 14 15 18 14 18 15 17 12 14 13 14 10 14 12 14 13 12 13 13 9 14 9 14 13 12 9 11 13 11 10 12 12 14 2 -2 11 11 10 13 14 10 12 11 14 11 13 12 10 8 10 9 11 7 12 6 11 9 14 8 11 9 11 6 13 9 11 10 14 10 14 8 14 9 13 5 13 10 12 10 15 10 13 10 11 11 13 6 -2 1 0 0 0 0 0 0 0 0 ]
CSI_DATA,AP,68:FE:71:12:53:8C,-37,11,1,7,1,1,1,1,0,0,1,-95,3,6,1,12999116,0,84,0,0,12.999,384,[84 -64 4 0 0 0 0 0 0 0 0 0 9 -9 10 -8 13 -7 10 -9 11 -7 12 -6 10 -6 13 -9 10 -8 12 -4 14 -7 14 -7 12 -6 13 -5 10 -4 14 -6 14 -7 13 -5 9 -2 10 -7 13 -7 12 -5 12 -5 9 -6 14 -5 10 -6 2 2 9 -7 9 -7 9 -5 12 -8 10 -6 10 -5 10 -8 9 -7 7 -9 11 -9 7 -8 11 -5 11 -9 7 -7 7 -8 10 -9 8 -9 8 -8 6 -10 4 -10 9 -6 9 -10 9 -8 9 -8 5 -7 4 -9 -2 0 0 0 0 0 0 0 0 0 ]
CSI_DATA,AP,68:FE:71:12:53:8C,-43,11,1,5,1,1,1,0,0,0,1,-93,0,6,1,13140949,0,84,0,0,13.141,384,[84 -64 4 0 0 0 0 0 0 0 0 0 6 -6 7 -3 8 -4 8 -2 8 -5 10 0 9 0 8 0 7 1 10 -3 8 -2 7 -1 7 -1 8 0 9 1 9 -2 6 0 6 -2 5 -3 8 -3 8 -2 5 2 5 -2 8 -1 10 0 6 1 2 -2 9 1 8 0 9 -1 5 -3 6 0 8 -1 6 1 7 -3 9 -1 8 0 6 -1 4 -2 9 -2 8 -5 8 -2 7 -3 9 -5 7 -3 7 -4 6 -6 9 -4 5 -4 8 -5 5 -4 9 -5 9 -3 0 2 0 0 0 0 0 0 0 0 ]
CSI_DATA,AP,68:FE:71:12:53:8C,-38,11,1,5,1,1,1,0,0,0,0,-93,0,6,1,13266200,0,84,0,0,13.266,384,[84 -64 4 0 0 0 0 0 0 0 0 0 1 -19 5 -19 1 -22 3 -24 5 -21 6 -21 7 -21 7 -17 7 -22 8 -17 7 -19 6 -22 10 -19 8 -20 9 -17 8 -21 10 -16 6 -16 9 -17 7 -17 6 -16 8 -18 5 -13 8 -16 5 -16 7 -15 -2 -2 6 -17 7 -17 3 -17 3 -16 3 -16 4 -18 6 -17 1 -14 2 -17 3 -14 2 -17 1 -18 3 -15 1 -14 3 -15 1 -15 -1 -18 1 -19 -1 -15 -3 -18 -2 -15 -2 -16 0 -16 -2 -19 1 -16 0 -14 0 -1 0 0 0 0 0 0 0 0 ]
CSI_DATA,AP,68:FE:71:12:53:8C,-44,11,1,4,1,1,1,0,0,0,0,-94,0,6,1,13396465,0,84,0,0,13.396,384,[84 -64 4 0 0 0 0 0 0 0 0 0 19 5 20 4 21 5 18 8 17 4 20 8 19 9 17 5 15 7 13 9 14 8 15 5 14 6 12 6 14 9 15 6 12 5 12 7 12 6 13 7 11 5 10 6 12 3 11 5 15 7 14 3 2 2 12 3 11 0 11 1 10 -1 10 4 12 2 10 1 13 0 12 0 10 1 13 -1 13 -1 11 -3 13 -1 11 -3 15 -3 15 -2 14 -3 13 -5 13 -4 14 -3 14 -3 11 -3 12 -5 14 -5 13 -6 2 0 0 0 0 0 0 0 0 0 ]
CSI_DATA,AP,68:FE:71:12:53:8C,-39,11,1,4,1,1,1,1,0,0,0,-94,5,6,1,13520905,0,84,0,0,13.521,384,[84 -64 4 0 0 0 0 0 0 0 0 0 13 -26 14 -22 17 -24 16 -24 16 -19 15 -18 15 -18 16 -15 19 -16 17 -16 13 -18 12 -17 12 -15 16 -17 14 -15 12 -11 14 -12 10 -13 9 -13 9 -10 9 -13 10 -12 7 -11 8 -13 7 -12 6 -11 2 1 8 -14 7 -13 4 -13 2 -11 6 -11 4 -15 4 -13 3 -16 1 -14 -1 -13 2 -16 -1 -13 -1 -15 -1 -12 3 -14 0 -17 0 -16 -1 -14 0 -14 -3 -15 -4 -12 -4 -16 -2 -13 -6 -15 -3 -13 -7 -15 -2 2 0 0 0 0 0 0 0 0 ]
CSI_DATA,AP,68:FE:71:12:53:8C,-46,11,1,3,1,1,1,0,0,0,0,-96,0,6,1,13639828,0,84,0,0,13.64,384,[84 -64 4 0 0 0 0 0 0 0 0 0 -33 -11 -32 -11 -28 -12 -33 -14 -29 -15 -28 -12 -27 -13 -26 -16 -24 -16 -24 -16 -25 -13 -22 -14 -21 -16 -23 -15 -23 -15 -19 -14 -20 -11 -18 -11 -18 -9 -19 -10 -14 -7 -15 -7 -16 -9 -15 -10 -16 -11 -17 -7 0 -1 -17 -6 -13 -5 -17 -3 -16 -4 -16 -2 -13 -2 -15 -2 -15 -3 -14 -3 -11 -1 -15 0 -14 2 -14 3 -12 2 -13 1 -11 5 -12 4 -14 6 -13 7 -10 6 -10 5 -10 5 -11 4 -12 6 -8 5 -9 7 2 2 0 0 0 0 0 0 0 0 ]
CSI_DATA,AP,68:FE:71:12:53:8C,-43,11,1,6,1,1,1,0,0,0,0,-95,0,6,1,13790835,0,84,0,0,13.791,384,[84 -64 4 0 0 0 0 0 0 0 0 0 12 -16 12 -15 14 -17 16 -19 16 -16 14 -15 14 -12 14 -15 15 -15 12 -11 17 -14 17 -14 15 -14 16 -10 15 -12 16 -11 13 -9 11 -8 12 -13 15 -12 14 -8 13 -10 12 -11 12 -12 13 -11 10 -10 0 -2 13 -10 10 -9 12 -10 10 -14 9 -9 13 -13 9 -12 8 -13 10 -10 9 -11 9 -12 7 -13 7 -11 11 -15 9 -11 11 -15 9 -15 8 -14 7 -14 5 -12 7 -15 9 -12 6 -12 7 -16 6 -14 5 -11 0 -1 0 0 0 0 0 0 0 0 ]
CSI_DATA,AP,68:FE:71:12:53:8C,-42,11,1,6,1,1,1,1,0,0,0,-94,1,6,1,13916851,0,84,0,0,13.917,384,[84 -64 4 0 0 0 0 0 0 0 0 0 7 0 5 0 8 -2 5 -2 4 0 8 -1 8 -3 7 -2 6 -1 3 1 7 0 7 2 5 1 7 -2 5 -2 4 0 4 0 7 0 8 0 7 1 7 -2 8 -2 6 1 4 -2 5 2 5 1 1 2 7 -3 5 2 4 2 5 -1 3 0 6 -2 7 2 8 -3 6 -3 5 0 6 1 6 1 5 -3 5 -1 9 -2 7 -2 9 -1 9 -2 6 1 5 -2 8 -1 5 0 8 -2 6 -3 4 1 7 -2 0 -1 0 0 0 0 0 0 0 0 ]
CSI_DATA,AP,68:FE:71:12:53:8C,-37,11,1,7,1,1,1,0,0,0,0,-94,0,6,1,14041619,0,84,0,0,14.042,384,[84 -64 4 0 0 0 0 0 0 0 0 0 -11 -12 -9 -11 -13 -11 -11 -14 -10 -10 -12 -14 -8 -14 -11 -11 -8 -14 -8 -16 -8 -12 -12 -13 -8 -16 -7 -14 -7 -14 -11 -13 -7 -13 -10 -14 -7 -12 -6 -12 -7 -15 -9 -13 -7 -15 -7 -16 -9 -16 -7 -16 -2 -2 -10 -13 -9 -14 -9 -15 -10 -15 -10 -13 -10 -14 -10 -11 -10 -10 -7 -11 -13 -13 -11 -14 -8 -10 -11 -11 -11 -11 -11 -14 -12 -12 -10 -13 -11 -11 -10 -11 -10 -12 -11 -10 -13 -12 -13 -13 -13 -12 -11 -9 -12 -12 -1 0 0 0 0 0 0 0 0 0 ]
CSI_DATA,AP,68:FE:71:12:53:8C,-44,11,1,5,1,1,1,0,0,0,0,-95,0,6,1,14165756,0,82,0,0,14.166,384,[84 -64 4 0 0 0 0 0 0 0 0 0 -2 16 0 18 1 21 -4 22 -4 22 -5 21 -3 18 -5 17 -3 21 -9 18 -5 20 -7 22 -9 19 -9 19 -11 18 -9 21 -8 20 -6 19 -9 17 -11 20 -12 19 -9 19 -8 18 -9 21 -9 18 -9 19 -2 -1 -8 17 -6 19 -8 18 -5 19 -5 20 -7 19 -9 18 -8 17 -6 18 -6 20 -7 20 -3 20 -4 19 -3 19 -2 19 -1 21 -1 19 1 20 -2 22 0 18 -1 20 -3 16 0 19 0 20 -3 18 2 17 -2 1 0 0 0 0 0 0 0 0 ]
CSI_DATA,AP,68:FE:71:12:53:8C,-42,11,1,5,1,1,1,0,0,0,0,-95,0,6,1,14315098,0,84,0,0,14.315,384,[84 -64 4 0 0 0 0 0 0 0 0 0 -1 11 -1 12 -3 12 -5 13 -2 13 -6 11 -6 10 -5 14 -5 14 -4 10 -6 12 -4 12 -8 13 -4 11 -8 13 -9 12 -4 13 -8 11 -8 7 -7 10 -7 9 -4 11 -6 9 -8 10 -8 10 -3 12 -1 2 -5 12 -2 11 -6 12 -4 7 -6 10 -6 11 -3 9 -2 10 -1 11 -3 7 -1 9 -4 9 -4 12 0 11 -2 8 -1 8 -2 9 1 8 0 8 1 10 1 10 -3 8 0 12 -1 8 1 7 -2 11 2 0 0 0 0 0 0 0 0 0 ]
CSI_DATA,AP,68:FE:71:12:53:8C,-37,11,1,6,1,1,1,0,0,0,0,-95,0,6,1,14424925,0,84,0,0,14.425,384,[82 -96 4 0 0 0 0 0 0 0 0 0 -17 -6 -17 -10 -18 -7 -20 -10 -19 -11 -18 -9 -18 -10 -19 -10 -18 -13 -16 -11 -18 -10 -18 -14 -17 -11 -15 -14 -13 -11 -18 -11 -13 -13 -13 -11 -17 -14 -11 -15 -13 -10 -14 -14 -15 -10 -16 -12 -13 -11 -11 -13 1 -1 -11 -9 -15 -8 -15 -12 -15 -8 -12 -8 -11 -12 -12 -9 -16 -8 -14 -7 -12 -6 -14 -10 -15 -9 -15 -10 -16 -8 -12 -9 -16 -6 -16 -9 -15 -9 -15 -8 -17 -7 -16 -8 -16 -5 -15 -7 -17 -7 -16 -7 -17 -3 1 -1 0 0 0 0 0 0 0 0 ]
CSI_DATA,AP,68:FE:71:12:53:8C,-40,11,1,4,1,1,1,1,0,0,0,-95,4,6,1,14556242,0,84,0,0,14.556,384,[84 -64 4 0 0 0 0 0 0 0 0 0 17 11 16 8 16 10 14 10 14 10 16 12 15 12 17 9 16 10 16 10 14 13 15 11 14 11 15 9 13 13 14 14 12 12 9 13 12 10 13 9 12 12 12 12 10 9 14 10 12 11 10 12 2 1 12 9 11 9 11 12 12 11 14 10 12 10 12 11 13 6 10 7 14 9 12 5 14 9 11 7 13 7 11 7 14 4 13 4 12 7 15 5 13 7 15 7 15 7 13 3 13 6 13 5 16 7 -2 1 0 0 0 0 0 0 0 0 ]
CSI_DATA,AP,68:FE:71:12:53:8C,-46,11,1,5,1,1,1,0,0,0,0,-95,0,6,1,14678795,0,84,0,0,14.679,384,[84 -64 4 0 0 0 0 0 0 0 0 0 13 12 13 13 13 10 17 12 12 15 13 11 14 11 13 12 12 13 13 15 10 13 13 12 9 13 9 15 9 13 11 12 11 16 9 13 8 12 10 13 11 11 9 11 10 11 9 13 9 13 10 12 2 -2 9 12 10 14 7 11 8 12 9 10 11 10 10 10 11 12 10 8 11 10 12 10 9 7 13 10 11 11 10 11 12 8 12 7 13 9 13 9 13 7 14 6 11 8 14 8 13 9 12 7 14 8 -2 -1 0 0 0 0 0 0 0 0 ]
CSI_DATA,AP,68:FE:71:12:53:8C,-39,11,1,6,1,1,1,0,0,0,0,-93,0,6,1,14810362,0,84,0,0,14.81,384,[84 -64 4 0 0 0 0 0 0 0 0 0 0 16 -3 16 1 21 -3 19 -1 20 -2 18 -6 20 -2 18 -5 18 -5 16 -4 16 -8 15 -8 16 -6 16 -5 17 -4 18 -8 14 -4 13 -5 15 -4 16 -5 13 -8 13 -3 15 -4 13 -5 17 -6 15 0 0 -5 15 -3 14 -4 16 -5 14 -2 13 -4 12 -2 16 -4 12 -4 15 -2 12 1 15 -2 14 1 15 1 14 -2 14 2 16 0 17 2 16 1 12 0 14 3 16 -1 12 3 13 3 14 4 14 2 12 1 2 0 0 0 0 0 0 0 0 ]
CSI_DATA,AP,68:FE:71:12:53:8C,-41,11,1,6,1,1,1,0,0,0,0,-94,0,6,1,14941341,0,84,0,0,14.941,384,[84 -64 4 0 0 0 0 0 0 0 0 0 -17 -11 -15 -10 -14 -11 -15 -10 -13 -13 -14 -11 -13 -14 -15 -16 -14 -12 -13 -17 -10 -15 -11 -15 -11 -13 -12 -13 -12 -13 -13 -17 -8 -13 -11 -13 -10 -14 -12 -16 -9 -12 -11 -16 -12 -11 -11 -14 -8 -11 -11 -12 1 0 -11 -11 -10 -13 -11 -11 -12 -12 -13 -11 -12 -11 -12 -9 -12 -11 -10 -12 -12 -12 -11 -7 -14 -7 -10 -8 -13 -11 -14 -10 -14 -7 -12 -8 -11 -6 -13 -10 -15 -6 -11 -8 -13 -6 -11 -5 -16 -7 -13 -5 -15 -6 0 0 0 0 0 0 0 0 0 0 ]
CSI_DATA,AP,68:FE:71:12:53:8C,-39,11,1,6,1,1,1,0,0,0,0,-94,0,6,1,15079437,0,84,0,0,15.079,384,[84 -64 4 0 0 0 0 0 0 0 0 0 3 -18 8 -20 8 -21 9 -21 8 -20 9 -19 8 -17 11 -18 8 -18 8 -20 8 -17 8 -17 10 -16 12 -16 11 -16 10 -14 12 -16 11 -13 9 -13 11 -14 11 -16 12 -16 11 -14 12 -14 8 -13 8 -16 -1 0 8 -12 6 -13 7 -14 9 -14 8 -14 7 -14 10 -14 8 -17 6 -15 6 -13 5 -16 3 -15 5 -14 6 -16 6 -15 3 -16 7 -18 5 -16 5 -14 5 -15 2 -18 3 -17 5 -18 4 -15 0 -14 0 -18 0 -1 0 0 0 0 0 0 0 0 ]
CSI_DATA,AP,68:FE:71:12:53:8C,-41,11,1,6,1,1,1,0,0,0,0,-95,0,6,1,15201781,0,84,0,0,15.202,384,[84 -64 4 0 0 0 0 0 0 0 0 0 1 -22 -1 -20 0 -22 0 -21 -1 -19 3 -21 5 -19 4 -19 5 -18 3 -22 2 -21 2 -21 6 -18 6 -21 3 -19 3 -17 6 -18 6 -20 3 -19 3 -16 3 -18 5 -18 4 -16 2 -17 2 -19 5 -19 -2 -1 3 -14 5 -18 5 -18 2 -18 3 -14 4 -14 2 -15 1 -15 1 -15 2 -14 -1 -18 -2 -14 0 -14 0 -18 0 -17 1 -18 1 -16 -1 -16 0 -17 -3 -18 -5 -15 -2 -14 -5 -16 -4 -18 -2 -15 -6 -14 -2 -1 0 0 0 0 0 0 0 0 ]
CSI_DATA,AP,68:FE:71:12:53:8C,-42,11,1,4,1,1,1,0,0,0,0,-95,0,6,1,15329873,0,84,0,0,15.33,384,[84 -64 4 0 0 0 0 0 0 0 0 0 -20 3 -20 4 -20 4 -18 0 -22 0 -20 -2 -17 -1 -20 -4 -19 -1 -20 -4 -18 -5 -21 -5 -18 -3 -18 -5 -18 -3 -18 -6 -16 -1 -17 -5 -19 -4 -19 -4 -15 -4 -16 -2 -16 -5 -19 -1 -16 -4 -17 -4 2 -1 -16 -2 -17 -3 -15 -1 -16 -3 -17 -4 -17 -2 -17 -2 -15 1 -17 1 -17 2 -17 2 -13 0 -14 2 -14 3 -15 1 -16 3 -14 1 -16 4 -14 2 -14 0 -17 0 -13 1 -16 4 -14 5 -17 5 -16 2 0 -2 0 0 0 0 0 0 0 0 ]
CSI_DATA,AP,68:FE:71:12:53:8C,-39,11,1,4,1,1,1,0,0,0,0,-94,0,6,1,15449479,0,84,0,0,15.449,384,[84 -64 4 0 0 0 0 0 0 0 0 0 -1 20 -2 19 -1 19 -1 18 -6 20 -6 19 -2 18 -6 20 -5 18 -8 19 -4 17 -6 16 -5 19 -5 15 -5 16 -5 18 -7 16 -7 14 -6 17 -5 17 -7 16 -6 16 -5 17 -8 15 -4 13 -8 15 2 -2 -5 16 -6 17 -5 14 -4 13 -5 15 -2 14 -3 14 -4 16 -2 13 -2 17 -3 15 -3 16 -4 15 -4 14 -3 14 -2 17 0 14 -1 16 -1 16 1 16 1 16 -1 17 1 17 1 15 -1 17 2 15 1 -2 0 0 0 0 0 0 0 0 ]
CSI_DATA,AP,68:FE:71:12:53:8C,-38,11,1,5,1,1,1,0,0,0,0,-94,0,6,1,15576445,0,84,0,0,15.576,384,[84 -64 4 0 0 0 0 0 0 0 0 0 3 -10 7 -9 5 -11 4 -8 7 -7 4 -6 5 -10 9 -7 5 -4 9 -5 5 -7 5 -6 5 -4 5 -8 6 -4 7 -6 8 -4 9 -6 7 -6 9 -8 5 -6 9 -4 4 -7 6 -7 7 -5 6 -6 1 2 7 -5 5 -8 5 -8 3 -6 7 -4 6 -8 7 -6 3 -4 7 -4 5 -8 2 -4 2 -6 4 -5 4 -6 6 -9 3 -8 2 -5 5 -6 3 -7 3 -7 1 -8 2 -7 1 -8 5 -7 1 -5 1 -9 -2 0 0 0 0 0 0 0 0 0 ]
CSI_DATA,AP,68:FE:71:12:53:8C,-40,11,1,6,1,1,1,0,0,0,0,-94,0,6,1,15737776,0,84,0,0,15.738,384,[84 -64 4 0 0 0 0 0 0 0 0 0 6 -18 5 -17 6 -18 10 -19 10 -17 8 -17 7 -16 11 -15 9 -17 11 -18 12 -19 8 -16 8 -18 10 -16 12 -16 11 -13 9 -17 9 -13 11 -17 9 -12 9 -16 8 -14 10 -16 9 -14 10 -15 10 -14 0 0 8 -13 10 -13 7 -12 9 -16 7 -13 7 -14 8 -14 5 -14 7 -14 4 -17 5 -13 7 -13 6 -15 7 -13 4 -14 6 -17 6 -17 5 -17 4 -13 3 -16 2 -17 5 -15 1 -15 5 -15 3 -16 5 -16 1 -1 0 0 0 0 0 0 0 0 ]
CSI_DATA,AP,68:FE:71:12:53:8C,-37,11,1,5,1,1,1,0,0,0,0,-94,0,6,1,15858088,0,84,0,0,15.858,384,[84 -64 4 0 0 0 0 0 0 0 0 0 -21 8 -18 5 -18 3 -21 2 -19 3 -18 5 -20 4 -18 1 -20 4 -19 1 -21 1 -18 2 -21 3 -21 -1 -21 2 -18 1 -17 0 -17 3 -19 -2 -18 0 -16 2 -16 -1 -15 -1 -15 2 -18 -1 -15 1 0 0 -16 1 -16 3 -17 0 -18 1 -13 2 -17 0 -14 1 -16 1 -18 3 -16 4 -16 6 -13 7 -14 7 -15 6 -14 5 -15 8 -15 5 -16 4 -12 8 -14 8 -14 6 -13 9 -14 6 -15 9 -14 5 -16 9 -2 -2 0 0 0 0 0 0 0 0 ]
CSI_DATA,AP,68:FE:71:12:53:8C,-39,11,1,6,1,1,1,0,0,0,1,-94,0,6,1,15988674,0,84,0,0,15.989,384,[84 -64 4 0 0 0 0 0 0 0 0 0 3 20 6 21 6 20 4 18 3 17 2 20 2 21 0 18 3 19 0 20 -1 17 -1 20 0 21 1 19 2 21 -2 20 -3 20 1 17 -3 19 2 18 -1 16 1 19 -2 18 -1 17 -1 16 1 15 -1 1 3 14 2 16 1 14 -1 17 1 14 2 13 4 17 1 14 4 17 2 14 2 16 2 15 5 15 6 17 4 14 6 16 4 13 7 13 5 13 9 13 8 16 9 13 8 14 8 15 6 14 6 13 0 -1 0 0 0 0 0 0 0 0 ]
CSI_DATA,AP,68:FE:71:12:53:8C,-37,11,1,7,1,1,1,0,0,0,0,-96,0,6,1,16141411,0,84,0,0,16.141,384,[84 -64 4 0 0 0 0 0 0 0 0 0 7 20 6 18 2 21 3 18 0 18 4 19 4 17 0 20 0 18 2 17 1 19 -1 18 -1 19 -2 21 -1 21 0 18 1 19 -1 14 0 16 1 16 0 19 -3 16 0 17 -2 17 0 18 -2 17 -1 0 0 16 -2 14 -1 17 2 15 3 17 1 16 2 14 1 17 3 15 1 14 4 14 4 16 2 17 6 13 6 14 4 14 4 11 7 13 6 16 8 14 6 16 8 16 8 13 6 16 7 15 7 13 0 1 0 0 0 0 0 0 0 0 ]
CSI_DATA,AP,68:FE:71:12:53:8C,-40,11,0,0,0,0,0,0,0,0,0,-95,0,6,1,16268781,0,37,0,0,16.269,128,[84 -64 4 0 0 0 0 0 0 0 0 0 -10 -17 -11 -16 -7 -17 -10 -19 -8 -19 -8 -18 -7 -17 -5 -19 -5 -19 -3 -19 -6 -19 -3 -21 -2 -22 -3 -18 -2 -17 -6 -21 -3 -20 -3 -19 -5 -17 -4 -18 -4 -17 -2 -18 -4 -18 -3 -16 -2 -15 -3 -15 -2 2 -6 -15 -2 -15 -3 -16 -7 -14 -7 -16 -4 -17 -5 -14 -5 -17 -5 -14 -5 -12 -9 -15 -9 -14 -6 -14 -8 -16 -9 -13 -8 -12 -10 -13 -6 -12 -11 -13 -8 -15 -8 -15 -11 -14 -8 -12 -11 -13 -7 -13 -12 -13 0 -1 0 0 0 0 0 0 0 0 ]
CSI_DATA,AP,68:FE:71:12:53:8C,-45,11,1,5,1,1,1,0,0,0,1,-94,0,6,1,16398872,0,84,0,0,16.399,384,[84 -64 4 0 0 0 0 0 0 0 0 0 -9 16 -13 17 -11 19 -15 15 -11 18 -13 16 -12 15 -14 13 -15 16 -16 13 -15 15 -18 12 -17 12 -15 13 -17 11 -16 12 -17 11 -15 12 -16 10 -13 10 -15 11 -15 12 -11 13 -14 13 -16 12 -14 13 -1 0 -13 10 -12 14 -12 14 -13 11 -11 9 -13 10 -9 12 -13 11 -12 12 -9 12 -10 12 -12 11 -9 13 -6 14 -6 11 -9 15 -8 13 -6 12 -6 14 -6 12 -7 15 -5 16 -7 16 -5 16 -8 13 -5 14 2 2 0 0 0 0 0 0 0 0 ]
CSI_DATA,AP,68:FE:71:12:53:8C,-42,11,1,5,1,1,1,1,0,0,0,-93,6,6,1,16553052,0,84,0,0,16.553,384,[84 -64 4 0 0 0 0 0 0 0 0 0 -11 14 -11 16 -9 15 -11 13 -10 13 -10 10 -9 14 -9 12 -11 12 -15 11 -12 11 -13 13 -12 11 -15 11 -14 8 -12 12 -14 12 -12 12 -14 9 -13 8 -11 9 -11 9 -13 7 -9 6 -13 7 -10 9 -2 0 -12 11 -8 8 -11 12 -8 11 -11 10 -9 10 -9 12 -11 10 -7 11 -8 9 -6 9 -7 9 -6 9 -9 11 -6 11 -7 9 -5 10 -7 12 -7 11 -5 11 -8 11 -7 11 -5 14 -5 11 -5 14 -5 12 -1 0 0 0 0 0 0 0 0 0 ]
CSI_DATA,AP,68:FE:71:12:53:8C,-43,11,1,5,1,1,1,0,0,0,0,-94,0,6,1,16683878,0,84,0,0,16.684,384,[84 -64 4 0 0 0 0 0 0 0 0 0 -22 -10 -22 -7 -19 -10 -20 -11 -20 -9 -20 -12 -16 -12 -16 -11 -18 -12 -16 -10 -15 -13 -17 -14 -17 -15 -19 -14 -17 -10 -15 -13 -15 -12 -15 -10 -16 -14 -16 -12 -16 -13 -15 -12 -15 -12 -15 -12 -14 -10 -16 -9 -1 -2 -14 -12 -16 -12 -17 -10 -13 -7 -12 -12 -17 -11 -16 -11 -17 -7 -16 -5 -16 -9 -18 -5 -13 -7 -16 -9 -17 -4 -16 -6 -17 -5 -18 -9 -18 -6 -17 -7 -15 -6 -17 -6 -15 -6 -18 -3 -17 -5 -16 -4 -17 -2 0 -1 0 0 0 0 0 0 0 0 ]
CSI_DATA,AP,68:FE:71:12:53:8C,-44,11,0,0,0,0,0,0,0,0,0,-96,0,6,1,16789816,0,37,0,0,16.79,128,[84 -64 4 0 0 0 0 0 0 0 0 0 16 -12 15 -14 15 -15 18 -12 16 -11 16 -9 19 -11 18 -8 21 -8 18 -11 19 -11 21 -9 22 -10 18 -7 20 -6 19 -8 17 -7 16 -7 16 -8 16 -6 17 -8 17 -5 17 -8 18 -7 20 -9 18 -10 0 2 16 -9 17 -11 18 -10 15 -11 15 -8 14 -11 15 -7 16 -11 16 -8 15 -8 15 -10 11 -8 15 -10 13 -9 15 -13 12 -11 14 -14 14 -12 15 -11 13 -11 13 -10 10 -15 10 -11 11 -14 11 -15 8 -14 -1 0 0 0 0 0 0 0 0 0 ]
CSI_DATA,AP,68:FE:71:12:53:8C,-41,11,1,4,1,1,1,0,0,0,0,-94,0,6,1,16937222,0,84,0,0,16.937,384,[84 -64 4 0 0 0 0 0 0 0 0 0 3 -22 1 -21 3 -22 2 -23 4 -23 8 -21 5 -22 5 -19 9 -18 7 -19 9 -21 6 -23 6 -20 8 -19 8 -20 9 -17 9 -19 9 -17 10 -19 8 -18 10 -15 7 -20 6 -14 8 -17 5 -16 8 -20 1 1 6 -19 5 -17 8 -16 3 -19 7 -17 3 -18 4 -18 2 -18 2 -20 3 -16 1 -18 3 -16 2 -19 3 -19 0 -19 1 -21 1 -19 0 -17 3 -15 1 -18 -1 -16 1 -18 -2 -17 -1 -18 1 -20 0 -17 1 2 0 0 0 0 0 0 0 0 ]
CSI_DATA,AP,68:FE:71:12:53:8C,-42,11,1,4,1,1,1,0,0,0,0,-94,0,6,1,17073886,0,84,0,0,17.074,384,[84 -64 4 0 0 0 0 0 0 0 0 0 17 6 20 9 18 11 20 8 18 10 17 10 18 11 15 10 14 14 14 14 18 11 18 11 15 14 15 11 16 10 15 14 15 14 16 12 14 12 14 11 11 14 14 14 13 10 12 10 16 11 14 12 0 1 16 8 13 12 13 8 17 6 13 7 12 6 12 6 13 9 14 8 12 5 14 6 15 7 17 4 13 7 15 4 18 7 19 4 16 3 15 6 13 4 15 3 15 5 14 4 17 3 17 3 16 0 0 1 0 0 0 0 0 0 0 0 ]
CSI_DATA,AP,68:FE:71:12:53:8C,-46,11,1,4,1,1,1,0,0,0,0,-96,0,6,1,17212992,0,84,0,0,17.213,384,[84 -64 4 0 0 0 0 0 0 0 0 0 -12 19 -11 15 -14 20 -17 17 -17 16 -13 14 -14 14 -15 14 -19 12 -17 12 -19 14 -15 15 -18 11 -18 12 -16 12 -17 13 -15 13 -18 11 -16 9 -16 8 -17 11 -19 12 -15 10 -14 10 -18 12 -17 11 0 -2 -16 13 -17 10 -16 14 -14 11 -14 12 -13 9 -12 9 -15 12 -12 12 -10 13 -13 13 -11 14 -10 14 -14 11 -14 13 -11 15 -12 12 -12 12 -11 14 -12 12 -11 13 -11 14 -12 16 -9 14 -10 13 -11 16 1 -2 0 0 0 0 0 0 0 0 ]
CSI_DATA,AP,68:FE:71:12:53:8C,-34,11,1,6,1,1,1,0,0,0,0,-93,0,6,1,17337441,0,84,0,0,17.337,384,[84 -64 4 0 0 0 0 0 0 0 0 0 -8 19 -10 19 -13 17 -11 19 -13 21 -14 17 -14 17 -13 18 -12 15 -15 18 -15 18 -17 15 -13 15 -15 16 -13 14 -18 15 -14 12 -15 11 -14 15 -16 12 -11 15 -15 15 -13 10 -11 15 -15 13 -15 15 1 0 -13 16 -12 13 -14 13 -13 16 -11 16 -9 13 -9 14 -8 16 -11 13 -9 15 -11 16 -9 14 -10 16 -7 18 -7 14 -9 15 -9 19 -7 15 -9 18 -6 14 -7 15 -6 17 -4 14 -7 19 -4 18 -6 18 2 -1 0 0 0 0 0 0 0 0 ]
CSI_DATA,AP,68:FE:71:12:53:8C,-47,11,1,3,1,1,1,0,0,0,0,-94,0,6,1,17441423,0,84,0,0,17.441,384,[84 -64 4 0 0 0 0 0 0 0 0 0 17 10 16 12 15 10 19 13 17 13 14 12 14 13 13 10 13 12 13 11 13 16 15 14 11 14 15 13 11 13 12 13 14 12 9 15 10 15 9 15 13 12 14 13 7 14 9 11 12 15 10 11 -2 2 9 14 11 14 13 13 10 12 13 13 10 11 14 12 14 9 13 11 10 8 13 10 10 7 11 7 14 7 11 9 13 10 13 7 14 7 16 9 15 6 15 6 13 8 17 6 14 6 17 4 16 6 -2 -1 0 0 0 0 0 0 0 0 ]
CSI_DATA,AP,68:FE:71:12:53:8C,-37,11,0,0,0,0,0,0,0,0,0,-94,0,6,1,17554468,0,37,0,0,17.554,128,[84 -64 4 0 0 0 0 0 0 0 0 0 -17 -11 -16 -7 -22 -12 -21 -13 -21 -13 -17 -8 -15 -12 -18 -12 -15 -15 -18 -14 -15 -12 -15 -13 -16 -13 -17 -13 -15 -14 -18 -12 -12 -13 -12 -10 -13 -12 -12 -11 -13 -14 -12 -11 -12 -13 -14 -9 -13 -12 -15 -13 2 2 -14 -11 -13 -11 -13 -8 -14 -7 -13 -7 -13 -8 -13 -8 -14 -7 -12 -9 -14 -5 -16 -9 -15 -6 -17 -7 -17 -6 -18 -9 -17 -5 -18 -6 -14 -4 -13 -8 -14 -6 -15 -5 -16 -5 -15 -3 -15 -5 -18 -6 -15 -2 1 2 0 0 0 0 0 0 0 0 ]
CSI_DATA,AP,68:FE:71:12:53:8C,-39,11,1,5,1,1,1,0,0,0,0,-94,0,6,1,17697597,0,84,0,0,17.698,384,[84 -64 4 0 0 0 0 0 0 0 0 0 -4 21 -1 21 -6 23 -5 22 -3 19 -6 19 -4 21 -6 17 -7 19 -8 20 -8 19 -7 21 -5 20 -5 17 -8 19 -10 16 -9 15 -7 16 -8 17 -10 18 -6 17 -8 15 -10 16 -8 17 -8 14 -8 16 1 -2 -9 15 -7 18 -5 15 -4 15 -8 13 -5 17 -5 15 -5 14 -5 15 -3 16 -4 19 -2 15 -4 14 -4 15 -4 18 -4 19 0 17 -2 15 -3 16 -1 14 -2 17 -1 15 -3 18 0 18 -1 16 0 18 2 0 0 0 0 0 0 0 0 0 ]
CSI_DATA,AP,68:FE:71:12:53:8C,-42,11,1,6,1,1,1,0,0,0,0,-95,0,6,1,17805967,0,84,0,0,17.806,384,[84 -64 4 0 0 0 0 0 0 0 0 0 -20 4 -21 1 -24 0 -25 3 -21 1 -20 -1 -21 0 -18 -5 -19 -5 -18 -5 -23 -3 -23 -6 -21 -4 -22 -5 -19 -6 -22 -2 -19 -6 -19 -5 -17 -2 -17 -3 -17 -8 -19 -4 -17 -4 -20 -2 -20 -4 -20 -6 0 0 -15 -6 -19 -2 -18 -2 -20 0 -14 -2 -15 -4 -17 -4 -16 -4 -15 -2 -17 -1 -20 1 -14 0 -17 2 -17 -1 -17 -2 -16 3 -20 0 -15 0 -18 0 -15 0 -18 2 -17 2 -16 3 -18 4 -16 1 -15 2 1 1 0 0 0 0 0 0 0 0 ]
CSI_DATA,AP,68:FE:71:12:53:8C,-39,11,1,6,1,1,1,1,0,0,0,-96,4,6,1,17935357,0,84,0,0,17.935,384,[84 -64 4 0 0 0 0 0 0 0 0 0 11 -19 13 -15 10 -16 12 -17 15 -19 11 -17 14 -14 16 -12 15 -13 13 -15 13 -13 14 -14 14 -12 12 -11 16 -11 18 -16 13 -14 12 -13 14 -10 14 -9 16 -11 16 -11 14 -9 14 -13 12 -11 14 -10 -1 2 11 -13 10 -11 14 -11 12 -15 12 -13 12 -14 9 -12 10 -14 9 -11 8 -14 10 -13 8 -13 6 -12 8 -15 7 -13 8 -14 10 -16 9 -14 6 -16 4 -14 8 -14 9 -16 4 -13 6 -19 4 -16 4 -14 0 0 0 0 0 0 0 0 0 0 ]
CSI_DATA,AP,68:FE:71:12:53:8C,-38,11,1,5,1,1,1,0,0,0,0,-94,0,6,1,18065841,0,84,0,0,18.066,384,[84 -64 4 0 0 0 0 0 0 0 0 0 -19 -3 -20 -4 -23 -5 -23 -8 -19 -8 -18 -6 -21 -7 -16 -6 -19 -11 -17 -7 -21 -10 -17 -11 -18 -12 -18 -12 -17 -9 -19 -11 -17 -9 -16 -9 -17 -10 -16 -10 -17 -11 -14 -12 -16 -11 -16 -11 -18 -10 -14 -8 0 -2 -17 -9 -15 -9 -15 -8 -17 -9 -15 -6 -15 -5 -16 -7 -17 -5 -14 -8 -17 -7 -18 -4 -18 -7 -18 -5 -17 -3 -17 -6 -19 -5 -20 -6 -16 0 -18 -1 -18 -3 -17 0 -19 -1 -16 -1 -18 1 -18 -2 -16 2 0 1 0 0 0 0 0 0 0 0 ]
CSI_DATA,AP,68:FE:71:12:53:8C,-44,11,1,4,1,1,1,0,0,0,0,-93,0,6,1,18167516,0,84,0,0,18.168,384,[84 -64 4 0 0 0 0 0 0 0 0 0 6 16 6 20 4 18 6 23 4 20 2 22 1 19 0 19 2 21 -1 20 -2 21 0 19 -2 19 -1 19 2 16 -3 18 1 18 -3 16 -2 19 -3 18 -2 19 -2 15 -3 14 -2 17 0 18 0 17 1 0 3 14 0 17 0 17 1 17 1 16 3 17 3 19 4 14 1 14 5 12 4 18 5 14 4 14 5 14 4 13 7 16 4 13 4 16 7 14 9 12 5 16 5 13 9 13 6 14 5 13 10 15 -1 -1 0 0 0 0 0 0 0 0 ]
CSI_DATA,AP,68:FE:71:12:53:8C,-42,11,1,5,1,1,1,0,0,0,0,-93,0,6,1,18306323,0,84,0,0,18.306,384,[84 -64 4 0 0 0 0 0 0 0 0 0 4 -19 5 -22 4 -22 8 -21 5 -22 7 -19 8 -21 7 -18 11 -19 6 -20 10 -19 11 -19 11 -19 8 -21 11 -20 8 -17 8 -18 8 -18 7 -16 7 -19 11 -15 10 -19 11 -15 9 -15 9 -15 10 -15 -2 1 8 -17 8 -17 7 -18 4 -16 7 -17 6 -17 8 -18 6 -17 5 -15 3 -18 5 -20 4 -16 3 -16 3 -18 2 -15 4 -20 3 -20 2 -19 2 -19 4 -19 3 -20 1 -19 -1 -19 2 -19 0 -16 2 -17 2 -2 0 0 0 0 0 0 0 0 ]
CSI_DATA,AP,68:FE:71:12:53:8C,-41,11,1,6,1,1,1,1,0,0,0,-95,2,6,1,18406820,0,84,0,0,18.407,384,[84 -64 4 0 0 0 0 0 0 0 0 0 -4 -19 -5 -20 -7 -23 -5 -22 -4 -20 -1 -21 -1 -22 -3 -19 -3 -22 -2 -20 0 -22 -2 -23 -1 -21 -1 -21 2 -18 1 -19 0 -20 1 -16 -1 -17 2 -21 0 -16 2 -19 3 -16 0 -20 2 -17 1 -17 -1 0 2 -16 1 -20 2 -17 -1 -18 0 -18 -1 -17 1 -15 0 -16 -3 -17 -5 -18 -1 -20 -2 -14 -4 -18 -2 -18 -3 -16 -4 -17 -1 -20 -5 -18 -4 -16 -6 -18 -3 -19 -5 -17 -3 -16 -6 -17 -5 -17 -7 -15 -1 -2 0 0 0 0 0 0 0 0 ]
CSI_DATA,AP,68:FE:71:12:53:8C,-39,11,1,4,1,1,1,0,0,0,0,-94,0,6,1,18540805,0,84,0,0,18.541,384,[84 -64 4 0 0 0 0 0 0 0 0 0 2 -22 -1 -21 3 -25 4 -26 1 -20 6 -22 4 -23 3 -23 5 -23 5 -18 5 -23 5 -22 5 -23 6 -20 8 -19 6 -19 6 -18 6 -18 8 -18 6 -19 4 -19 5 -20 6 -18 5 -19 8 -19 7 -20 0 -2 5 -18 3 -21 5 -20 4 -18 2 -19 2 -17 3 -17 1 -19 1 -15 3 -18 2 -20 -1 -16 0 -19 1 -18 -1 -19 -3 -17 -1 -19 -4 -16 -2 -19 -1 -16 -2 -19 -4 -19 -2 -19 -2 -20 -4 -16 -3 -18 -2 -2 0 0 0 0 0 0 0 0 ]
CSI_DATA,AP,68:FE:71:12:53:8C,-37,11,0,0,0,0,0,0,0,0,0,-95,0,6,1,18686597,0,37,0,0,18.687,128,[84 -64 4 0 0 0 0 0 0 0 0 0 15 9 16 8 15 11 15 9 17 8 15 9 14 9 12 10 11 13 11 12 14 12 12 14 14 11 12 11 10 14 13 15 13 13 10 11 10 14 12 13 8 10 11 12 10 10 10 11 9 12 12 11 0 1 10 11 10 13 10 10 9 10 9 11 9 12 10 9 11 10 12 8 8 6 13 6 9 8 13 7 10 9 9 9 12 6 14 7 10 7 12 5 12 6 12 8 13 7 15 4 16 4 15 5 11 7 2 0 0 0 0 0 0 0 0 0 ]
CSI_DATA,AP,68:FE:71:12:53:8C,-41,11,1,4,1,1,1,1,0,0,0,-96,2,6,1,18811229,0,84,0,0,18.811,384,[84 -64 4 0 0 0 0 0 0 0 0 0 21 -5 22 -6 23 -5 23 -4 22 -4 20 0 19 -4 19 -1 19 0 20 -1 20 1 23 -1 19 1 21 0 17 -1 19 1 17 1 18 0 19 3 19 2 17 3 16 4 18 4 19 1 17 3 16 2 -2 2 19 1 19 3 16 -1 17 2 16 2 18 -1 17 0 14 -3 15 1 18 -3 14 -2 17 1 15 1 14 -3 18 0 16 -4 18 -4 18 -3 17 -1 16 -7 19 -4 19 -4 15 -2 17 -4 17 -2 15 -5 -1 0 0 0 0 0 0 0 0 0 ]
CSI_DATA,AP,68:FE:71:12:53:8C,-38,11,1,5,1,1,1,0,0,0,0,-94,0,6,1,18936427,0,84,0,0,18.936,384,[84 -64 4 0 0 0 0 0 0 0 0 0 6 -8 5 -11 8 -8 5 -11 6 -10 9 -7 5 -10 7 -5 7 -8 10 -5 6 -9 6 -7 8 -7 7 -6 10 -8 9 -9 8 -5 9 -8 6 -4 7 -5 10 -6 8 -6 7 -6 9 -8 8 -5 6 -4 0 0 5 -6 9 -6 6 -5 8 -5 8 -7 6 -7 7 -8 7 -6 5 -6 4 -8 5 -7 6 -6 5 -5 5 -6 7 -7 6 -9 5 -9 7 -8 5 -5 3 -6 6 -8 6 -8 6 -8 4 -9 5 -11 6 -11 0 1 0 0 0 0 0 0 0 0 ]
CSI_DATA,AP,68:FE:71:12:53:8C,-39,11,1,6,1,1,1,0,0,0,0,-95,0,6,1,19064578,0,84,0,0,19.065,384,[84 -64 4 0 0 0 0 0 0 0 0 0 11 -15 13 -13 16 -13 16 -17 16 -16 15 -11 13 -10 14 -13 15 -13 13 -11 17 -13 18 -8 17 -9 15 -10 14 -7 14 -8 17 -7 12 -8 12 -10 14 -10 13 -7 15 -8 16 -9 15 -9 15 -10 15 -10 2 0 12 -8 11 -12 11 -10 13 -9 10 -8 14 -11 10 -8 13 -8 13 -9 13 -12 13 -10 9 -9 9 -9 8 -13 11 -11 12 -11 10 -11 11 -13 11 -13 7 -11 11 -14 7 -10 9 -11 10 -12 11 -12 8 -14 0 2 0 0 0 0 0 0 0 0 ]
CSI_DATA,AP,68:FE:71:12:53:8C,-42,11,1,4,1,1,1,0,0,0,0,-95,0,6,1,19212233,0,84,0,0,19.212,384,[84 -64 4 0 0 0 0 0 0 0 0 0 16 4 16 4 14 7 16 8 15 8 13 7 16 10 15 10 11 10 10 12 15 13 15 11 12 11 10 10 13 13 13 12 12 11 9 13 11 12 9 12 11 9 10 12 10 10 12 12 13 11 11 8 2 2 10 12 9 12 11 9 11 7 13 9 14 10 10 8 9 9 14 7 13 7 11 8 10 7 13 5 13 8 11 7 12 7 13 6 12 7 15 5 15 3 15 5 13 5 16 4 15 4 14 5 13 7 -1 0 0 0 0 0 0 0 0 0 ]
CSI_DATA,AP,68:FE:71:12:53:8C,-40,11,1,5,1,1,1,0,0,0,0,-94,0,6,1,19369184,0,84,0,0,19.369,384,[84 -64 4 0 0 0 0 0 0 0 0 0 -21 -7 -21 -4 -23 -3 -23 -6 -20 -6 -19 -9 -20 -7 -17 -8 -21 -7 -21 -12 -21 -10 -19 -13 -17 -11 -19 -10 -15 -10 -17 -9 -19 -8 -15 -11 -17 -11 -14 -12 -17 -11 -13 -9 -12 -12 -14 -12 -13 -12 -16 -10 1 1 -15 -10 -14 -8 -14 -6 -15 -9 -12 -9 -18 -7 -18 -7 -15 -9 -13 -8 -16 -5 -17 -7 -16 -6 -15 -4 -13 -6 -19 -4 -14 -6 -15 -6 -16 -1 -17 -5 -16 -3 -16 -3 -18 -3 -15 -2 -17 1 -16 -1 -15 -3 1 1 0 0 0 0 0 0 0 0 ]
CSI_DATA,AP,68:FE:71:12:53:8C,-43,11,1,4,1,1,1,0,0,0,0,-94,0,6,1,19515099,0,84,0,0,19.515,384,[84 -64 4 0 0 0 0 0 0 0 0 0 -7 -19 -6 -15 -8 -19 -7 -21 -8 -18 -6 -18 -2 -15 -4 -16 -1 -15 -4 -19 -3 -18 0 -17 -1 -15 1 -17 -3 -14 -1 -13 -2 -15 0 -10 -2 -11 -4 -12 -4 -11 -1 -14 -5 -12 -2 -10 0 -13 -2 -12 1 -1 -4 -10 -6 -14 -4 -10 -6 -9 -5 -10 -4 -8 -7 -9 -8 -8 -9 -10 -9 -11 -5 -7 -5 -8 -6 -11 -6 -8 -10 -7 -6 -6 -9 -10 -10 -10 -9 -9 -9 -7 -11 -7 -11 -10 -12 -10 -11 -7 -9 -10 -11 -5 1 -1 0 0 0 0 0 0 0 0 ]
CSI_DATA,AP,68:FE:71:12:53:8C,-44,11,1,3,1,1,1,0,0,0,0,-93,0,6,1,19629318,0,84,0,0,19.629,384,[84 -64 4 0 0 0 0 0 0 0 0 0 -16 -13 -13 -17 -16 -14 -15 -19 -12 -16 -9 -14 -8 -18 -7 -18 -8 -16 -10 -13 -7 -16 -9 -15 -10 -14 -9 -16 -7 -13 -10 -13 -7 -11 -5 -12 -8 -10 -7 -11 -3 -13 -8 -9 -3 -10 -4 -11 -6 -8 -7 -9 -2 -1 -8 -10 -6 -8 -5 -10 -6 -6 -9 -8 -9 -7 -7 -9 -9 -8 -5 -8 -11 -7 -10 -4 -10 -2 -8 -5 -6 -3 -7 -6 -11 -2 -9 -3 -11 -5 -9 -2 -10 -2 -11 -2 -12 -4 -11 0 -12 -1 -11 -2 -10 -1 0 2 0 0 0 0 0 0 0 0 ]
CSI_DATA,AP,68:FE:71:12:53:8C,-45,11,1,3,1,1,1,0,0,0,0,-95,0,6,1,19774953,0,84,0,0,19.775,384,[84 -64 4 0 0 0 0 0 0 0 0 0 -27 -18 -27 -17 -30 -15 -29 -20 -26 -15 -25 -20 -25 -18 -22 -18 -20 -18 -22 -17 -22 -20 -22 -17 -19 -20 -21 -16 -17 -18 -20 -15 -15 -15 -13 -15 -14 -14 -15 -12 -16 -10 -13 -10 -15 -10 -15 -11 -15 -11 -17 -7 -2 2 -14 -8 -14 -7 -13 -6 -13 -7 -14 -7 -13 -5 -15 -4 -14 -1 -11 -5 -14 -1 -16 -3 -12 1 -14 -1 -12 -2 -14 -2 -11 0 -14 3 -13 0 -12 3 -12 1 -13 1 -12 1 -9 7 -13 5 -10 6 -9 4 2 1 0 0 0 0 0 0 0 0 ]
CSI_DATA,AP,68:FE:71:12:53:8C,-47,11,1,5,1,1,1,0,0,0,0,-95,0,6,1,19914918,0,84,0,0,19.915,384,[84 -64 4 0 0 0 0 0 0 0 0 0 -20 4 -17 5 -20 5 -19 0 -18 4 -20 1 -19 3 -16 0 -16 -2 -19 -2 -19 1 -20 1 -16 -1 -19 1 -17 -3 -19 -1 -14 2 -15 1 -17 -3 -14 1 -13 0 -16 -2 -13 2 -18 -1 -17 1 -17 -1 1 -1 -14 -1 -15 2 -14 1 -17 3 -17 3 -13 2 -14 3 -16 4 -16 5 -13 2 -15 5 -12 4 -15 2 -12 5 -15 6 -16 5 -16 6 -12 6 -13 5 -14 5 -13 2 -16 2 -12 4 -16 3 -15 3 -12 7 2 0 0 0 0 0 0 0 0 0 ]
CSI_DATA,AP,68:FE:71:12:53:8C,-39,11,0,0,0,0,0,0,0,0,0,-95,0,6,1,20055167,0,37,0,0,20.055,128,[84 -64 4 0 0 0 0 0 0 0 0 0 17 -22 14 -20 15 -22 21 -21 17 -21 18 -20 19 -19 19 -16 21 -18 19 -20 22 -20 20 -18 20 -17 18 -20 19 -19 23 -19 20 -17 21 -15 21 -18 19 -14 21 -15 19 -15 18 -16 23 -20 19 -17 22 -19 1 1 21 -17 20 -20 19 -21 16 -18 18 -18 17 -18 17 -19 18 -17 18 -22 16 -19 18 -19 18 -20 16 -21 16 -20 17 -20 21 -21 18 -26 19 -21 19 -23 19 -20 19 -24 20 -21 15 -20 16 -25 13 -22 18 -23 -2 -2 0 0 0 0 0 0 0 0 ]
CSI_DATA,AP,68:FE:71:12:53:8C,-43,11,1,4,1,1,1,0,0,0,0,-95,0,6,1,20181195,0,84,0,0,20.181,384,[84 -64 4 0 0 0 0 0 0 0 0 0 -1 13 -3 14 -5 14 -4 15 -4 13 -3 12 -5 15 -3 15 -7 11 -7 12 -8 16 -6 12 -6 16 -8 15 -10 12 -7 13 -10 14 -8 12 -7 10 -9 14 -9 13 -8 13 -7 9 -9 11 -7 12 -6 12 0 -2 -6 14 -7 11 -6 15 -6 14 -10 15 -6 11 -9 15 -8 15 -4 12 -8 13 -8 16 -4 14 -7 16 -8 18 -7 13 -4 17 -7 16 -6 14 -3 14 -3 18 -7 18 -4 17 -5 16 -2 16 -5 20 -5 18 -1 0 0 0 0 0 0 0 0 0 ]
CSI_DATA,AP,68:FE:71:12:53:8C,-40,11,1,6,1,1,1,0,0,0,0,-95,0,6,1,20312105,0,84,0,0,20.312,384,[84 -64 4 0 0 0 0 0 0 0 0 0 7 -20 5 -21 10 -23 10 -22 8 -23 12 -18 10 -20 10 -21 12 -22 12 -21 16 -21 17 -20 14 -20 18 -21 16 -22 17 -19 17 -17 18 -16 14 -19 17 -17 19 -19 15 -20 18 -19 17 -19 16 -21 14 -16 -2 0 14 -19 16 -20 16 -17 14 -21 15 -19 14 -21 13 -18 12 -17 12 -20 13 -18 10 -20 11 -19 13 -21 12 -22 9 -20 12 -21 9 -20 11 -21 10 -19 6 -23 11 -19 10 -22 7 -21 8 -22 8 -23 8 -22 -2 2 0 0 0 0 0 0 0 0 ]
CSI_DATA,AP,68:FE:71:12:53:8C,-41,11,1,4,1,1,1,0,0,0,0,-95,0,6,1,20413313,0,84,0,0,20.413,384,[84 -64 4 0 0 0 0 0 0 0 0 0 -9 22 -11 16 -9 18 -13 20 -12 19 -12 16 -12 15 -15 16 -12 18 -15 15 -15 15 -15 16 -12 15 -14 17 -15 16 -13 18 -13 12 -15 12 -14 11 -13 13 -14 10 -14 12 -12 11 -13 15 -15 15 -14 12 -2 -2 -10 14 -10 14 -10 12 -11 13 -9 12 -9 11 -13 12 -12 11 -9 15 -8 12 -8 16 -5 13 -6 17 -5 15 -7 13 -8 14 -7 14 -7 15 -6 13 -4 13 -6 12 -6 13 -6 13 -6 13 -2 17 -2 14 2 1 0 0 0 0 0 0 0 0 ]
CSI_DATA,AP,68:FE:71:12:53:8C,-41,11,1,6,1,1,1,0,0,0,0,-95,0,6,1,20535734,0,84,0,0,20.536,384,[82 -96 4 0 0 0 0 0 0 0 0 0 12 13 16 15 13 16 13 13 12 15 14 12 11 16 12 14 11 17 12 14 10 14 12 14 12 13 12 16 8 17 9 15 8 15 6 14 10 17 7 14 10 15 7 14 10 12 7 14 11 16 10 14 2 -1 9 11 9 15 8 12 7 11 10 12 11 12 8 10 7 13 12 11 12 8 12 11 13 10 13 9 12 9 9 8 11 9 14 10 12 9 13 11 12 11 13 7 11 8 15 9 14 9 14 10 12 9 2 2 0 0 0 0 0 0 0 0 ]
CSI_DATA,AP,68:FE:71:12:53:8C,-41,11,1,5,1,1,1,1,0,0,0,-95,2,6,1,20671760,0,84,0,0,20.672,384,[84 -64 4 0 0 0 0 0 0 0 0 0 -14 11 -12 12 -12 9 -14 10 -16 11 -16 12 -16 11 -15 7 -13 7 -13 10 -17 8 -17 10 -13 8 -15 6 -15 7 -17 8 -17 8 -12 6 -13 8 -16 5 -15 7 -15 8 -15 5 -11 5 -12 7 -12 6 0 -1 -11 6 -14 8 -14 8 -13 6 -14 6 -14 6 -11 8 -12 10 -10 6 -10 9 -9 10 -8 10 -9 10 -9 7 -8 10 -8 8 -8 7 -10 11 -10 9 -11 9 -8 8 -8 11 -7 11 -8 12 -6 9 -11 9 1 -2 0 0 0 0 0 0 0 0 ]
CSI_DATA,AP,68:FE:71:12:53:8C,-40,11,1,4,1,1,1,0,0,0,0,-94,0,6,1,20823785,0,84,0,0,20.824,384,[84 -64 4 0 0 0 0 0 0 0 0 0 -15 12 -15 11 -15 14 -17 13 -17 10 -14 10 -15 8 -19 9 -17 9 -18 9 -18 8 -16 7 -16 10 -17 11 -17 8 -18 7 -18 9 -15 7 -16 6 -16 7 -14 9 -18 9 -14 8 -16 5 -12 5 -12 6 1 -2 -14 6 -14 10 -13 10 -15 8 -14 7 -13 7 -12 6 -11 10 -13 7 -13 7 -11 12 -11 11 -14 9 -12 11 -12 11 -11 9 -9 13 -10 10 -9 9 -8 8 -8 12 -9 11 -12 11 -9 12 -11 10 -8 13 -1 -1 0 0 0 0 0 0 0 0 ]
CSI_DATA,AP,68:FE:71:12:53:8C,-39,11,0,0,0,0,0,1,0,0,0,-93,1,6,1,20908799,0,37,0,0,20.909,128,[84 -64 4 0 0 0 0 0 0 0 0 0 14 15 9 14 12 15 8 14 11 17 9 16 7 18 9 15 9 17 8 18 10 14 5 18 7 17 9 15 9 15 5 15 4 14 5 14 5 13 7 16 4 15 4 16 5 17 8 16 8 14 5 12 -1 2 4 13 6 13 5 14 8 12 6 14 7 12 7 12 6 14 7 14 6 14 6 12 10 10 10 10 7 12 9 13 8 12 8 12 9 8 11 10 9 10 11 9 10 10 10 11 11 10 12 9 9 9 1 0 0 0 0 0 0 0 0 0 ]
CSI_DATA,AP,68:FE:71:12:53:8C,-45,11,1,4,1,1,1,0,0,0,0,-94,0,6,1,21061717,0,84,0,0,21.062,384,[84 -64 4 0 0 0 0 0 0 0 0 0 9 16 10 12 9 15 10 15 6 16 9 13 9 17 6 16 6 14 4 14 6 14 6 18 6 18 6 16 7 17 7 14 4 17 5 14 6 17 2 14 6 13 6 17 6 12 5 17 2 14 3 13 0 -1 3 12 3 15 3 15 4 11 4 11 5 11 4 13 4 15 4 10 5 12 7 13 7 14 7 11 4 12 6 11 7 13 6 11 7 10 6 9 6 12 8 13 8 12 8 10 11 9 10 12 11 8 2 -2 0 0 0 0 0 0 0 0 ]
CSI_DATA,AP,68:FE:71:12:53:8C,-38,11,1,7,1,1,1,0,0,0,0,-93,0,6,1,21197092,0,84,0,0,21.197,384,[84 -64 4 0 0 0 0 0 0 0 0 0 1 17 -3 17 -4 18 -2 16 -5 15 -3 17 -7 18 -7 17 -3 17 -4 15 -4 17 -7 19 -5 17 -8 14 -7 16 -10 14 -7 14 -6 12 -8 16 -6 12 -7 12 -8 16 -9 11 -4 14 -5 15 -9 14 -1 2 -4 12 -7 13 -5 12 -4 16 -4 15 -3 13 -4 12 -7 15 -5 12 -2 15 -5 15 -5 15 -3 13 -1 15 -2 15 -3 13 -5 16 0 12 -4 14 -3 14 -3 11 -2 12 0 15 -3 16 -2 12 -3 13 -1 -2 0 0 0 0 0 0 0 0 ]
CSI_DATA,AP,68:FE:71:12:53:8C,-37,11,1,6,1,1,1,0,0,0,0,-94,0,6,1,21353381,0,84,0,0,21.353,384,[84 -64 4 0 0 0 0 0 0 0 0 0 19 9 16 12 15 11 19 15 15 12 15 11 15 15 14 13 16 14 15 14 12 13 11 13 13 12 12 15 11 15 12 17 11 15 13 12 11 16 9 15 10 12 11 16 8 12 9 11 12 15 11 12 2 2 9 14 11 10 10 13 12 13 9 10 10 13 11 9 11 10 12 11 14 10 14 11 13 10 12 8 13 11 12 7 13 9 13 10 14 8 12 9 16 8 16 10 14 5 13 9 17 5 16 8 15 4 2 2 0 0 0 0 0 0 0 0 ]
CSI_DATA,AP,68:FE:71:12:53:8C,-37,11,1,5,1,1,1,0,0,0,0,-95,0,6,1,21471393,0,84,0,0,21.471,384,[84 -64 4 0 0 0 0 0 0 0 0 0 -10 -22 -8 -21 -5 -20 -6 -20 -3 -22 -3 -20 -5 -22 -5 -18 -1 -20 -3 -22 -3 -20 -1 -19 0 -20 -3 -18 1 -18 0 -21 2 -20 0 -19 1 -20 2 -18 1 -18 2 -19 2 -15 1 -16 1 -18 0 -17 -2 -1 -3 -18 -1 -19 -2 -18 -2 -17 -4 -15 -3 -18 -5 -15 -1 -16 -2 -17 -6 -15 -6 -17 -4 -14 -7 -18 -5 -15 -5 -16 -5 -17 -8 -14 -7 -17 -6 -15 -7 -18 -8 -17 -8 -16 -6 -16 -9 -17 -9 -14 -10 -16 1 -2 0 0 0 0 0 0 0 0 ]
CSI_DATA,AP,68:FE:71:12:53:8C,-39,11,1,6,1,1,1,0,0,0,0,-95,0,6,1,21608457,0,84,0,0,21.608,384,[84 -64 4 0 0 0 0 0 0 0 0 0 5 18 4 17 5 19 1 17 1 21 2 21 1 21 1 20 2 18 0 18 -1 21 -1 17 -2 20 -4 16 -1 20 -2 20 -2 18 0 16 -3 20 -4 15 -1 16 -2 15 -3 14 0 15 1 18 -1 14 -1 0 1 17 -1 18 -2 16 -1 15 1 13 -2 16 0 15 2 15 -1 14 3 13 3 14 1 14 2 13 2 15 0 16 5 15 5 15 1 16 2 14 1 14 3 12 5 14 2 13 5 13 3 13 5 12 1 -1 0 0 0 0 0 0 0 0 ]
CSI_DATA,AP,68:FE:71:12:53:8C,-36,11,1,5,1,1,1,0,0,0,0,-94,0,6,1,21714767,0,84,0,0,21.715,384,[84 -64 4 0 0 0 0 0 0 0 0 0 -9 17 -9 20 -6 18 -11 20 -7 18 -9 18 -12 19 -9 17 -11 18 -13 18 -9 17 -13 16 -13 16 -12 15 -13 14 -13 14 -10 15 -10 12 -13 15 -11 13 -13 13 -13 15 -13 13 -12 12 -12 13 -11 14 -2 1 -11 13 -10 16 -7 12 -8 13 -7 15 -11 13 -10 16 -7 12 -9 12 -7 15 -9 14 -7 12 -9 16 -9 16 -6 14 -8 14 -7 14 -8 14 -4 17 -8 16 -8 13 -3 16 -6 13 -6 14 -4 16 -5 14 0 1 0 0 0 0 0 0 0 0 ]
CSI_DATA,AP,68:FE:71:12:53:8C,-39,11,1,6,1,1,1,0,0,0,0,-94,0,6,1,21821872,0,84,0,0,21.822,384,[84 -64 4 0 0 0 0 0 0 0 0 0 -36 -8 -37 -8 -38 -9 -37 -10 -39 -12 -36 -15 -34 -16 -37 -17 -36 -16 -34 -15 -34 -17 -35 -20 -32 -17 -30 -20 -30 -21 -33 -17 -31 -17 -31 -18 -33 -16 -32 -19 -30 -19 -32 -20 -25 -16 -30 -19 -32 -20 -28 -17 0 -1 -31 -16 -32 -15 -30 -14 -30 -15 -32 -14 -29 -15 -32 -15 -26 -14 -28 -14 -32 -9 -33 -11 -30 -8 -29 -12 -29 -11 -31 -8 -31 -10 -33 -9 -31 -5 -30 -8 -32 -5 -32 -5 -30 -7 -31 -3 -30 -4 -32 -5 -34 -3 -1 -2 0 0 0 0 0 0 0 0 ]
CSI_DATA,AP,68:FE:71:12:53:8C,-39,11,1,6,1,1,1,0,0,0,0,-94,0,6,1,21933034,0,84,0,0,21.933,384,[84 -64 4 0 0 0 0 0 0 0 0 0 9 -14 14 -16 12 -16 15 -13 14 -17 14 -13 14 -14 14 -15 14 -14 13 -13 13 -13 14 -14 15 -13 16 -9 14 -11 17 -10 16 -10 12 -10 12 -13 13 -12 11 -10 11 -9 13 -11 15 -10 13 -8 15 -12 2 1 12 -9 11 -10 12 -13 14 -11 10 -8 9 -11 10 -8 9 -10 11 -10 10 -10 10 -12 10 -10 8 -14 11 -14 10 -12 10 -13 7 -12 9 -13 7 -14 6 -15 7 -13 10 -12 9 -14 7 -14 7 -14 9 -15 -1 0 0 0 0 0 0 0 0 0 ]
CSI_DATA,AP,68:FE:71:12:53:8C,-42,11,1,5,1,1,1,0,0,0,0,-94,0,6,1,22033612,0,84,0,0,22.034,384,[84 -64 4 0 0 0 0 0 0 0 0 0 11 17 8 18 10 17 10 18 10 16 8 20 9 17 9 16 6 19 6 19 5 19 8 18 8 17 8 20 7 20 7 17 3 18 6 17 7 16 7 14 6 15 8 16 4 14 6 14 7 16 4 14 -2 1 7 14 6 15 6 16 6 15 9 15 6 14 9 13 8 11 9 13 7 11 10 14 10 11 11 12 8 12 9 12 10 11 8 11 10 11 10 13 13 9 9 11 10 9 13 10 13 13 9 8 9 9 0 0 0 0 0 0 0 0 0 0 ]
CSI_DATA,AP,68:FE:71:12:53:8C,-36,11,1,6,1,1,1,1,0,0,0,-93,4,6,1,22177184,0,84,0,0,22.177,384,[84 -64 4 0 0 0 0 0 0 0 0 0 -43 5 -39 5 -45 5 -45 0 -40 -1 -41 2 -41 0 -40 -2 -40 -2 -40 -4 -39 -5 -40 -7 -43 -6 -42 -6 -38 -6 -44 -7 -38 -9 -35 -5 -37 -4 -37 -6 -35 -6 -36 -8 -35 -5 -35 -9 -35 -8 -37 -7 -1 -2 -35 -5 -36 -3 -33 -1 -38 0 -34 -3 -36 -5 -36 -3 -35 -2 -31 -3 -31 5 -33 5 -34 3 -36 1 -32 1 -34 2 -33 3 -34 4 -33 9 -33 5 -33 8 -35 4 -35 5 -34 8 -36 8 -34 9 -30 7 0 1 0 0 0 0 0 0 0 0 ]
CSI_DATA,AP,68:FE:71:12:53:8C,-40,11,1,6,1,1,1,0,0,0,0,-96,0,6,1,22323607,0,84,0,0,22.324,384,[84 -64 4 0 0 0 0 0 0 0 0 0 -21 -6 -18 -5 -20 -8 -19 -4 -20 -7 -18 -8 -18 -8 -20 -7 -20 -11 -20 -11 -20 -8 -22 -11 -19 -12 -17 -8 -18 -11 -21 -13 -16 -11 -18 -10 -16 -10 -17 -12 -16 -8 -17 -9 -13 -11 -17 -10 -17 -8 -17 -8 1 -1 -15 -8 -18 -11 -16 -9 -18 -5 -13 -7 -15 -9 -16 -7 -16 -6 -18 -6 -17 -8 -15 -5 -16 -5 -18 -6 -16 -4 -19 -3 -18 -6 -17 -7 -16 -5 -18 -2 -19 -2 -17 -5 -17 -5 -19 -4 -16 -2 -15 -1 -16 -3 -1 -1 0 0 0 0 0 0 0 0 ]
CSI_DATA,AP,68:FE:71:12:53:8C,-42,11,1,4,1,1,1,0,0,0,0,-95,0,6,1,22453132,0,84,0,0,22.453,384,[84 -64 4 0 0 0 0 0 0 0 0 0 -19 -9 -14 -11 -14 -14 -15 -16 -16 -13 -13 -13 -14 -13 -13 -16 -12 -13 -13 -14 -12 -17 -11 -15 -14 -14 -11 -13 -12 -16 -12 -14 -13 -13 -12 -15 -13 -13 -11 -17 -13 -15 -13 -17 -9 -13 -10 -15 -8 -15 -11 -15 -2 0 -12 -15 -13 -13 -9 -15 -13 -10 -9 -10 -13 -12 -9 -12 -12 -12 -11 -11 -14 -13 -13 -8 -14 -9 -15 -11 -14 -9 -11 -11 -12 -9 -15 -8 -15 -7 -13 -8 -15 -8 -14 -9 -12 -8 -14 -7 -13 -6 -16 -7 -14 -10 0 0 0 0 0 0 0 0 0 0 ]
CSI_DATA,AP,68:FE:71:12:53:8C,-39,11,1,5,1,1,1,0,0,0,0,-94,0,6,1,22546946,0,84,0,0,22.547,384,[84 -64 4 0 0 0 0 0 0 0 0 0 0 -23 1 -20 3 -19 2 -23 5 -23 2 -21 2 -20 5 -18 3 -17 3 -21 5 -21 6 -19 8 -18 6 -19 8 -19 8 -18 8 -19 6 -15 5 -19 5 -16 4 -19 8 -16 6 -16 5 -18 4 -17 4 -17 2 0 3 -18 2 -18 6 -19 1 -16 3 -14 4 -14 4 -16 0 -15 2 -14 0 -18 -1 -16 2 -19 0 -16 -2 -17 -1 -18 -1 -18 -1 -18 -3 -17 1 -19 -2 -18 1 -17 1 -15 -5 -18 -1 -18 -2 -16 0 -16 2 0 0 0 0 0 0 0 0 0 ]
CSI_DATA,AP,68:FE:71:12:53:8C,-40,11,1,4,1,1,1,0,0,0,0,-95,0,6,1,22683666,0,84,0,0,22.684,384,[84 -64 4 0 0 0 0 0 0 0 0 0 -21 7 -20 9 -20 7 -20 8 -19 6 -20 4 -21 4 -21 4 -23 1 -20 4 -19 3 -20 4 -21 2 -19 2 -18 0 -21 1 -19 1 -18 -1 -17 2 -16 1 -19 0 -16 -1 -18 1 -18 2 -18 2 -19 1 1 2 -16 4 -19 0 -17 4 -17 1 -17 -1 -15 3 -15 1 -15 0 -19 1 -17 4 -18 2 -16 5 -15 5 -17 6 -14 5 -17 5 -16 6 -17 6 -17 5 -16 4 -15 4 -16 7 -17 5 -14 8 -15 6 -17 5 0 0 0 0 0 0 0 0 0 0 ]
CSI_DATA,AP,68:FE:71:12:53:8C,-33,11,1,7,1,1,1,0,0,0,0,-95,0,6,1,22816765,0,84,0,0,22.817,384,[84 -64 4 0 0 0 0 0 0 0 0 0 -23 3 -20 3 -22 -1 -25 2 -26 -1 -19 -4 -20 -5 -23 -3 -21 -3 -20 -2 -23 -7 -23 -3 -20 -4 -20 -3 -20 -7 -20 -6 -20 -5 -19 -5 -17 -7 -19 -5 -18 -3 -19 -4 -20 -5 -20 -7 -17 -4 -17 -2 -2 0 -18 -4 -18 -3 -20 -4 -19 1 -18 0 -20 -1 -16 -4 -20 -2 -17 1 -17 0 -16 2 -18 2 -18 0 -16 3 -17 1 -18 3 -19 1 -17 2 -20 5 -17 6 -16 5 -17 2 -18 2 -17 6 -20 5 -19 6 -2 -2 0 0 0 0 0 0 0 0 ]
CSI_DATA,AP,68:FE:71:12:53:8C,-42,11,1,6,1,1,1,0,0,0,0,-95,0,6,1,22919437,0,84,0,0,22.919,384,[84 -64 4 0 0 0 0 0 0 0 0 0 9 -20 10 -19 8 -22 11 -23 12 -21 12 -19 10 -21 12 -16 9 -20 12 -18 14 -21 12 -18 14 -16 11 -14 14 -14 15 -17 10 -15 12 -17 11 -14 14 -17 14 -15 14 -14 11 -12 10 -16 14 -13 10 -13 -2 1 12 -16 11 -15 8 -16 10 -18 10 -14 8 -13 8 -13 10 -13 8 -18 8 -14 7 -17 6 -16 7 -19 7 -18 9 -15 7 -19 5 -17 7 -19 4 -16 5 -15 7 -19 4 -16 5 -18 1 -20 4 -16 1 -19 2 -1 0 0 0 0 0 0 0 0 ]
CSI_DATA,AP,68:FE:71:12:53:8C,-37,11,1,6,1,1,1,1,0,0,1,-93,6,6,1,23046745,0,84,0,0,23.047,384,[84 -64 4 0 0 0 0 0 0 0 0 0 -5 18 -9 21 -10 19 -8 23 -7 19 -9 16 -9 19 -10 17 -13 16 -13 15 -10 16 -10 15 -14 15 -10 16 -11 16 -13 17 -13 14 -14 11 -15 16 -14 14 -12 13 -12 13 -10 14 -10 16 -12 15 -14 15 1 -2 -11 15 -10 16 -11 14 -7 15 -10 15 -12 14 -9 16 -8 12 -9 17 -6 12 -8 17 -8 14 -8 15 -5 16 -6 16 -5 18 -8 15 -4 14 -7 15 -3 17 -8 17 -6 16 -6 15 -2 15 -3 18 -3 16 2 -2 0 0 0 0 0 0 0 0 ]
CSI_DATA,AP,68:FE:71:12:53:8C,-44,11,1,3,1,1,1,1,0,0,0,-95,1,6,1,23172150,0,84,0,0,23.172,384,[84 -64 4 0 0 0 0 0 0 0 0 0 -14 14 -16 13 -18 12 -16 14 -19 14 -19 9 -18 9 -19 10 -21 11 -20 7 -21 11 -17 12 -19 7 -19 6 -20 7 -21 8 -20 6 -15 5 -20 6 -17 5 -18 8 -20 6 -14 7 -16 6 -16 6 -17 7 -1 2 -18 8 -18 8 -17 8 -16 7 -16 8 -16 6 -14 6 -15 6 -17 9 -16 10 -16 12 -13 11 -15 12 -15 10 -15 8 -15 10 -13 11 -15 12 -13 13 -11 11 -15 10 -15 12 -15 11 -11 13 -11 10 -15 12 1 2 0 0 0 0 0 0 0 0 ]
CSI_DATA,AP,68:FE:71:12:53:8C,-40,11,1,6,1,1,1,0,0,0,0,-93,0,6,1,23282233,0,84,0,0,23.282,384,[84 -64 4 0 0 0 0 0 0 0 0 0 19 2 21 3 23 5 21 8 19 7 19 9 22 9 18 7 18 7 18 8 21 9 22 7 20 11 20 10 16 10 19 11 19 11 16 10 19 11 18 12 17 10 16 8 17 10 14 9 19 12 17 10 -1 -2 13 7 16 6 15 8 17 8 16 7 16 8 13 5 16 4 15 7 17 3 14 3 15 6 14 4 16 3 17 5 17 4 17 4 15 3 15 1 15 0 18 4 15 3 19 2 20 0 15 1 15 0 1 -1 0 0 0 0 0 0 0 0 ]
CSI_DATA,AP,68:FE:71:12:53:8C,-40,11,1,4,1,1,1,0,0,0,0,-96,0,6,1,23440575,0,84,0,0,23.441,384,[84 -64 4 0 0 0 0 0 0 0 0 0 12 14 11 15 9 17 14 18 12 15 11 15 10 16 9 17 6 17 8 17 6 19 8 17 9 17 9 16 4 16 6 19 5 19 4 18 7 19 6 18 4 17 5 16 6 17 7 17 6 14 6 14 -1 -1 8 14 7 13 6 16 6 13 6 15 8 16 4 17 7 15 6 14 9 13 8 13 8 14 12 13 9 14 9 14 10 14 12 10 9 9 12 13 13 11 12 10 11 10 10 8 10 12 13 9 13 7 -1 2 0 0 0 0 0 0 0 0 ]
CSI_DATA,AP,68:FE:71:12:53:8C,-40,11,1,6,1,1,1,0,0,0,0,-94,0,6,1,23560763,0,84,0,0,23.561,384,[84 -64 4 0 0 0 0 0 0 0 0 0 5 18 5 21 5 22 3 21 4 22 3 20 3 17 0 16 -2 21 -2 20 2 18 -1 20 2 20 0 17 -2 16 -1 18 -3 20 1 18 -3 15 -2 18 0 18 0 18 -2 16 -1 16 0 16 1 15 -2 -2 -2 14 -1 15 -2 14 3 16 2 16 -1 18 -2 14 2 15 -1 14 1 14 4 15 1 15 2 14 4 16 5 13 3 16 3 16 7 16 3 13 6 16 5 16 4 17 5 16 6 15 4 13 4 12 0 1 0 0 0 0 0 0 0 0 ]
CSI_DATA,AP,68:FE:71:12:53:8C,-38,11,1,7,1,1,1,0,0,0,0,-96,0,6,1,23668383,0,84,0,0,23.668,384,[84 -64 4 0 0 0 0 0 0 0 0 0 -17 -13 -18 -16 -13 -17 -15 -16 -13 -17 -13 -17 -13 -20 -11 -19 -9 -17 -11 -18 -12 -19 -12 -18 -10 -17 -11 -18 -10 -19 -13 -19 -12 -18 -10 -14 -7 -15 -9 -19 -10 -14 -7 -19 -6 -13 -9 -16 -10 -18 -11 -17 1 1 -8 -17 -10 -16 -12 -16 -11 -13 -10 -14 -11 -14 -13 -16 -10 -14 -9 -11 -9 -11 -15 -11 -10 -10 -12 -12 -15 -12 -11 -12 -15 -10 -12 -11 -12 -11 -13 -13 -15 -12 -16 -11 -13 -12 -15 -8 -16 -7 -17 -11 -14 -7 -2 1 0 0 0 0 0 0 0 0 ]
CSI_DATA,AP,68:FE:71:12:53:8C,-39,11,1,4,1,1,1,0,0,0,0,-96,0,6,1,23786437,0,84,0,0,23.786,384,[84 -64 4 0 0 0 0 0 0 0 0 0 1 -22 0 -23 0 -22 1 -22 1 -22 3 -21 4 -20 7 -19 4 -23 6 -18 3 -20 4 -20 3 -22 6 -19 8 -19 6 -21 4 -21 6 -20 7 -20 6 -16 4 -19 6 -17 5 -14 3 -18 5 -19 3 -16 0 -1 6 -17 5 -19 5 -17 3 -19 1 -19 3 -16 2 -19 5 -16 3 -16 1 -14 -1 -15 -1 -15 3 -18 2 -18 1 -17 -2 -17 1 -19 -2 -17 1 -15 -1 -17 1 -18 -2 -17 -1 -17 -2 -16 -1 -19 -2 -18 -2 0 0 0 0 0 0 0 0 0 ]
CSI_DATA,AP,68:FE:71:12:53:8C,-40,11,1,5,1,1,1,0,0,0,0,-96,0,6,1,23945285,0,84,0,0,23.945,384,[84 -64 4 0 0 0 0 0 0 0 0 0 22 5 21 6 19 8 17 10 21 10 15 13 19 10 15 11 17 14 15 14 15 13 15 12 13 14 15 15 13 14 16 12 14 10 14 14 12 13 14 12 11 13 12 11 9 11 11 14 12 13 14 13 -1 1 12 12 13 10 12 8 16 9 14 12 13 8 12 10 15 8 14 7 12 10 16 8 11 6 14 8 16 7 15 9 15 5 17 8 17 7 14 8 13 4 15 8 15 6 18 7 14 4 13 6 14 5 -1 -2 0 0 0 0 0 0 0 0 ]
CSI_DATA,AP,68:FE:71:12:53:8C,-43,11,1,5,1,1,1,0,0,0,0,-95,0,6,1,24098718,0,84,0,0,24.099,384,[84 -64 4 0 0 0 0 0 0 0 0 0 17 -10 15 -11 18 -11 18 -11 21 -9 20 -10 19 -9 16 -6 17 -5 19 -9 21 -6 19 -10 18 -5 18 -5 18 -5 20 -4 19 -8 18 -7 19 -7 19 -7 19 -5 17 -7 17 -3 17 -6 16 -6 18 -8 -2 2 16 -7 16 -7 15 -6 13 -7 16 -6 16 -5 15 -8 17 -8 17 -7 12 -8 12 -8 15 -9 16 -10 14 -8 13 -8 14 -10 12 -12 13 -13 12 -8 11 -9 11 -8 12 -12 10 -12 12 -10 13 -9 13 -11 1 -1 0 0 0 0 0 0 0 0 ]
CSI_DATA,AP,68:FE:71:12:53:8C,-40,11,1,4,1,1,1,1,0,0,0,-93,1,6,1,24221370,0,82,0,0,24.221,384,[84 -64 4 0 0 0 0 0 0 0 0 0 -18 1 -21 -2 -21 0 -20 -2 -22 -4 -21 -6 -23 -5 -17 -7 -21 -6 -17 -7 -20 -8 -19 -8 -19 -8 -18 -5 -16 -6 -18 -8 -19 -7 -18 -6 -16 -8 -17 -7 -17 -7 -19 -6 -14 -6 -18 -7 -18 -5 -17 -5 1 1 -16 -7 -19 -7 -15 -7 -18 -2 -16 -6 -16 -7 -15 -3 -17 -2 -18 -5 -15 -4 -18 -1 -17 0 -16 -1 -18 -3 -14 -2 -16 -2 -17 -2 -17 2 -15 1 -16 0 -16 -2 -15 2 -18 -2 -15 0 -18 -2 -15 -1 0 1 0 0 0 0 0 0 0 0 ]
CSI_DATA,AP,68:FE:71:12:53:8C,-44,11,1,5,1,1,1,0,0,0,0,-94,0,6,1,24343237,0,84,0,0,24.343,384,[84 -64 4 0 0 0 0 0 0 0 0 0 6 21 6 19 8 20 8 23 6 18 6 20 4 21 6 20 3 20 5 21 3 19 2 22 4 23 4 22 3 17 3 19 0 19 2 18 0 17 1 20 0 20 -1 18 1 17 0 16 -1 19 0 17 0 -2 1 18 3 19 0 17 3 18 1 15 3 19 1 15 3 14 5 16 4 14 6 15 3 13 2 17 6 15 6 16 7 15 3 18 5 13 5 13 6 15 5 18 9 16 7 15 9 17 7 14 6 13 -1 0 0 0 0 0 0 0 0 0 ]
CSI_DATA,AP,68:FE:71:12:53:8C,-42,11,1,5,1,1,1,0,0,0,0,-96,0,6,1,24455493,0,84,0,0,24.455,384,[84 -64 4 0 0 0 0 0 0 0 0 0 1 -20 -1 -19 1 -21 0 -20 0 -24 2 -20 2 -18 4 -21 6 -21 3 -21 7 -21 3 -23 3 -20 6 -17 5 -17 7 -18 6 -20 7 -17 3 -15 6 -18 5 -17 4 -19 4 -15 7 -18 4 -20 3 -19 0 2 3 -15 6 -19 4 -20 1 -15 2 -19 5 -19 4 -19 1 -16 0 -17 1 -18 2 -20 3 -18 3 -18 2 -19 0 -15 0 -15 1 -18 -3 -18 0 -17 0 -16 -1 -15 -2 -17 0 -18 -4 -18 -3 -19 -2 -18 0 -1 0 0 0 0 0 0 0 0 ]
CSI_DATA,AP,68:FE:71:12:53:8C,-42,11,1,5,1,1,1,0,0,0,0,-96,0,6,1,24568311,0,84,0,0,24.568,384,[84 -64 4 0 0 0 0 0 0 0 0 0 4 17 0 18 0 20 2 18 1 21 -1 19 0 20 -1 20 -1 18 -2 18 -4 18 -1 20 -2 17 -5 20 -2 18 -5 20 -3 17 -2 17 -1 15 -5 18 -5 14 -4 18 -5 15 -2 17 -4 15 -1 17 1 -2 1 16 -2 16 1 17 -2 13 0 17 -1 14 1 18 1 15 -1 13 -1 14 4 14 1 14 2 16 1 16 2 17 5 15 4 17 3 16 4 14 3 15 1 16 4 12 3 14 6 14 4 15 3 12 1 1 0 0 0 0 0 0 0 0 ]
CSI_DATA,AP,68:FE:71:12:53:8C,-36,11,1,6,1,1,1,0,0,0,0,-96,0,6,1,24721598,0,84,0,0,24.722,384,[84 -64 4 0 0 0 0 0 0 0 0 0 -20 -8 -16 -10 -17 -7 -20 -11 -16 -10 -15 -8 -18 -12 -14 -9 -15 -12 -13 -10 -18 -9 -18 -9 -15 -13 -16 -10 -13 -9 -16 -10 -14 -13 -13 -11 -15 -11 -15 -12 -14 -9 -13 -9 -9 -8 -15 -9 -12 -8 -16 -7 0 1 -13 -8 -16 -7 -12 -11 -15 -5 -14 -8 -13 -10 -12 -11 -12 -8 -13 -5 -15 -7 -17 -4 -14 -5 -12 -3 -16 -6 -16 -3 -13 -8 -13 -5 -14 -4 -13 -4 -14 -2 -16 -3 -16 -6 -15 -2 -15 -1 -13 -5 -13 -3 0 0 0 0 0 0 0 0 0 0 ]
CSI_DATA,AP,68:FE:71:12:53:8C,-39,11,1,4,1,1,1,0,0,0,0,-96,0,6,1,24835273,0,84,0,0,24.835,384,[84 -64 4 0 0 0 0 0 0 0 0 0 2 16 -1 17 -3 18 -4 18 -2 16 -1 19 -3 16 -5 16 -4 15 -3 13 -5 19 -6 15 -4 14 -4 13 -5 13 -8 17 -7 16 -5 12 -7 14 -5 14 -4 12 -3 12 -6 11 -3 14 -3 13 -3 16 1 2 -5 11 -6 16 -3 13 -3 14 -4 13 -4 14 -3 12 -2 11 -3 11 -2 12 0 15 1 14 -1 14 2 16 -3 12 -1 14 0 13 0 13 0 17 0 13 -2 17 -2 12 2 15 2 13 -1 16 1 15 0 -1 0 0 0 0 0 0 0 0 ]
CSI_DATA,AP,68:FE:71:12:53:8C,-41,11,1,6,1,1,1,1,0,0,0,-95,1,6,1,24948978,0,84,0,0,24.949,384,[84 -64 4 0 0 0 0 0 0 0 0 0 -15 -10 -12 -12 -14 -14 -14 -14 -16 -12 -12 -12 -11 -11 -10 -12 -11 -12 -10 -14 -13 -16 -10 -15 -12 -15 -7 -14 -7 -12 -12 -16 -9 -11 -10 -13 -9 -14 -8 -12 -8 -14 -8 -14 -5 -13 -6 -12 -6 -14 -7 -15 1 -1 -9 -12 -11 -10 -12 -13 -12 -9 -7 -9 -11 -13 -11 -11 -8 -8 -11 -8 -11 -8 -9 -9 -10 -7 -11 -11 -11 -10 -10 -9 -14 -11 -14 -12 -13 -7 -12 -8 -11 -6 -13 -9 -13 -6 -11 -7 -15 -7 -15 -6 -13 -6 -1 2 0 0 0 0 0 0 0 0 ]
CSI_DATA,AP,68:FE:71:12:53:8C,-39,11,1,4,1,1,1,0,0,0,0,-94,0,6,1,25073167,0,84,0,0,25.073,384,[84 -64 4 0 0 0 0 0 0 0 0 0 -11 -18 -10 -16 -10 -19 -6 -19 -8 -19 -6 -16 -7 -15 -4 -15 -3 -16 -6 -15 -7 -20 -4 -19 -3 -20 -5 -17 -4 -19 -2 -20 -1 -17 -3 -16 -3 -17 -3 -16 -3 -16 -6 -16 -5 -13 -4 -13 -6 -17 -3 -17 -2 -2 -3 -13 -6 -16 -4 -13 -3 -12 -6 -16 -7 -16 -4 -13 -7 -13 -7 -15 -6 -11 -9 -12 -8 -12 -6 -14 -6 -15 -7 -12 -8 -14 -8 -15 -7 -10 -8 -10 -9 -11 -7 -11 -10 -10 -9 -12 -12 -14 -10 -9 -10 -13 2 -2 0 0 0 0 0 0 0 0 ]
CSI_DATA,AP,68:FE:71:12:53:8C,-43,11,1,6,1,1,1,1,0,0,0,-96,5,6,1,25191652,0,84,0,0,25.192,384,[84 -64 4 0 0 0 0 0 0 0 0 0 -2 -17 -3 -13 -3 -17 -5 -15 -5 -17 -2 -15 -3 -16 -2 -14 -3 -16 1 -16 1 -14 1 -19 -2 -14 -1 -17 -1 -15 -2 -18 -2 -17 1 -15 -2 -15 -1 -14 0 -13 -1 -14 1 -13 3 -17 2 -17 -1 -16 2 -2 -1 -15 1 -13 -2 -14 -2 -16 2 -15 -2 -13 -1 -14 -2 -16 -2 -16 -4 -13 -2 -14 -3 -11 -3 -16 -5 -16 -5 -16 -6 -16 -2 -15 -3 -13 -5 -15 -7 -11 -5 -14 -4 -15 -7 -17 -7 -16 -3 -14 -6 -12 0 0 0 0 0 0 0 0 0 0 ]
CSI_DATA,AP,68:FE:71:12:53:8C,-38,11,1,5,1,1,1,0,0,0,0,-95,0,6,1,25295646,0,84,0,0,25.296,384,[84 -64 4 0 0 0 0 0 0 0 0 0 20 -8 21 -6 21 -4 20 -2 22 -4 19 -4 19 0 22 1 19 -2 20 0 20 1 22 -2 21 0 20 2 20 2 22 -1 20 1 16 2 18 1 17 -1 17 2 18 2 17 2 16 3 20 -1 18 3 2 2 17 -1 17 0 15 -3 15 -2 14 -1 15 -3 16 -2 15 -1 18 -2 14 -1 18 -1 15 -5 17 -5 15 -2 16 -3 18 -3 14 -5 14 -6 16 -5 16 -5 14 -6 16 -7 13 -5 15 -9 15 -7 16 -5 0 -2 0 0 0 0 0 0 0 0 ]
CSI_DATA,AP,68:FE:71:12:53:8C,-40,11,1,6,1,1,1,0,0,0,0,-95,0,6,1,25421541,0,84,0,0,25.422,384,[84 -64 4 0 0 0 0 0 0 0 0 0 -2 17 -1 16 0 18 -1 19 -5 17 -5 16 -6 15 -7 17 -7 18 -5 13 -7 15 -3 15 -4 13 -3 13 -3 14 -4 15 -6 14 -7 13 -5 10 -4 11 -7 9 -6 9 -5 9 -1 11 -2 11 -1 12 0 0 -5 10 -2 11 1 11 -1 8 -1 9 -2 13 -3 13 -3 12 1 11 -1 12 1 9 3 8 0 10 -1 10 -1 10 4 9 3 12 4 12 3 13 0 8 3 13 1 11 4 13 5 9 6 10 6 12 0 2 0 0 0 0 0 0 0 0 ]
CSI_DATA,AP,68:FE:71:12:53:8C,-37,11,1,6,1,1,1,1,0,0,0,-95,4,6,1,25521222,0,84,0,0,25.521,384,[84 -64 4 0 0 0 0 0 0 0 0 0 -15 -14 -15 -12 -14 -18 -15 -19 -13 -16 -10 -14 -11 -15 -8 -14 -11 -13 -8 -17 -8 -17 -8 -14 -9 -16 -7 -15 -7 -12 -7 -14 -5 -14 -6 -12 -5 -10 -7 -12 -3 -9 -8 -11 -3 -12 -8 -13 -8 -10 -9 -9 0 2 -4 -10 -7 -8 -8 -7 -6 -7 -5 -7 -8 -6 -8 -7 -6 -5 -6 -7 -8 -5 -10 -4 -7 -2 -10 -5 -7 -2 -8 -5 -8 -1 -10 -4 -8 -2 -10 -2 -10 -2 -8 1 -10 -3 -9 -1 -13 -1 -11 -1 -12 1 1 0 0 0 0 0 0 0 0 0 ]
CSI_DATA,AP,68:FE:71:12:53:8C,-42,11,1,6,1,1,1,1,0,0,0,-93,5,6,1,25670347,0,84,0,0,25.67,384,[84 -64 4 0 0 0 0 0 0 0 0 0 -17 -17 -19 -15 -21 -15 -17 -17 -15 -16 -15 -15 -12 -14 -15 -18 -13 -18 -13 -15 -14 -15 -11 -15 -13 -19 -12 -18 -10 -17 -14 -13 -10 -15 -11 -14 -8 -11 -12 -13 -11 -10 -10 -13 -10 -9 -9 -12 -8 -12 -11 -12 -1 2 -10 -7 -8 -9 -12 -6 -11 -4 -8 -6 -8 -4 -10 -8 -9 -5 -10 -2 -8 -2 -12 -3 -9 -1 -11 0 -11 0 -10 -1 -8 -3 -11 -2 -10 2 -8 2 -11 1 -10 0 -9 -2 -11 3 -10 1 -8 0 -9 1 2 1 0 0 0 0 0 0 0 0 ]
CSI_DATA,AP,68:FE:71:12:53:8C,-41,11,1,4,1,1,1,0,0,0,0,-95,0,6,1,25797651,0,84,0,0,25.798,384,[84 -64 4 0 0 0 0 0 0 0 0 0 -8 -21 -6 -21 -6 -20 -2 -19 -2 -18 -2 -20 -3 -20 -4 -16 -2 -16 1 -20 -3 -21 0 -19 0 -17 1 -19 -2 -17 -1 -18 -2 -17 0 -13 -1 -13 -2 -15 -3 -16 -4 -17 -2 -13 1 -16 -1 -14 -4 -15 1 1 -3 -15 -4 -17 -5 -15 -4 -14 -3 -18 -2 -16 -5 -15 -7 -14 -5 -16 -4 -18 -2 -18 -3 -17 -3 -14 -7 -14 -6 -18 -6 -16 -5 -17 -3 -14 -4 -16 -8 -14 -5 -17 -4 -17 -5 -18 -6 -18 -7 -17 -6 -16 1 0 0 0 0 0 0 0 0 0 ]
CSI_DATA,AP,68:FE:71:12:53:8C,-38,11,1,5,1,1,1,0,0,0,0,-95,0,6,1,25921120,0,84,0,0,25.921,384,[84 -64 4 0 0 0 0 0 0 0 0 0 17 6 18 8 18 8 16 13 17 10 16 12 15 11 13 13 18 14 17 14 15 14 18 13 14 16 17 15 16 16 16 14 16 16 12 15 15 14 13 12 12 16 16 16 15 12 15 16 13 16 17 12 1 -1 16 13 18 11 14 10 15 9 14 12 14 12 17 11 16 12 16 13 15 10 16 11 18 10 18 10 17 7 16 11 18 8 18 7 19 6 19 8 21 8 17 10 18 9 17 9 20 7 16 7 20 6 1 -1 0 0 0 0 0 0 0 0 ]
CSI_DATA,AP,68:FE:71:12:53:8C,-33,11,1,6,1,1,1,0,0,0,0,-95,0,6,1,26046048,0,82,0,0,26.046,384,[84 -64 4 0 0 0 0 0 0 0 0 0 -1 -5 0 -2 -1 -3 2 -5 3 -6 5 -4 4 -2 5 -1 6 -2 5 -2 4 -4 6 -3 3 -4 8 -1 6 0 7 -4 8 -4 4 -4 6 -3 4 -2 8 0 5 -1 4 1 10 1 9 0 6 -1 1 1 7 -2 9 -4 8 1 8 -1 10 -4 9 0 11 -2 8 -3 10 -4 12 -1 10 -3 11 -1 9 -6 12 -4 10 -6 10 -3 12 -2 13 -4 13 -4 11 -6 12 -5 12 -4 15 -7 17 -6 13 -4 13 -5 2 -2 0 0 0 0 0 0 0 0 ]
CSI_DATA,AP,68:FE:71:12:53:8C,-41,11,1,5,1,1,1,1,0,0,0,-94,5,6,1,26175538,0,84,0,0,26.176,384,[84 -64 4 0 0 0 0 0 0 0 0 0 7 -7 8 -3 8 -6 7 -6 10 -2 9 -2 7 -2 7 -4 10 -2 8 -2 8 -5 8 -1 12 -3 10 -1 8 -1 12 -2 8 -4 11 -4 11 -1 10 -3 10 -1 10 -2 8 -2 7 -2 9 -2 11 -3 -2 -2 9 -2 11 -5 8 -4 8 -1 9 -4 8 -1 8 -3 7 -3 7 -2 8 -3 7 -2 7 -6 6 -6 9 -6 9 -5 8 -6 7 -5 9 -4 6 -5 8 -7 9 -3 7 -7 7 -5 7 -5 8 -7 8 -3 -1 1 0 0 0 0 0 0 0 0 ]
CSI_DATA,AP,68:FE:71:12:53:8C,-41,11,1,5,1,1,1,0,0,0,0,-96,0,6,1,26317868,0,82,0,0,26.318,384,[84 -64 4 0 0 0 0 0 0 0 0 0 13 -1 9 2 12 2 12 2 13 2 12 2 13 2 11 4 9 2 11 6 12 7 9 6 11 7 12 3 12 5 12 7 12 4 11 3 9 2 7 2 9 2 8 4 6 2 10 2 8 6 8 4 -1 2 11 1 11 2 9 4 9 3 7 5 9 4 8 1 7 0 11 0 11 3 9 0 7 -1 11 -1 9 1 8 0 10 2 12 0 9 0 9 2 10 -2 7 -3 11 -2 10 -1 10 -1 7 0 11 -2 1 2 0 0 0 0 0 0 0 0 ]
CSI_DATA,AP,68:FE:71:12:53:8C,-38,11,1,7,1,1,1,0,0,0,0,-95,0,6,1,26456445,0,84,0,0,26.456,384,[82 -96 4 0 0 0 0 0 0 0 0 0 -18 6 -17 4 -17 7 -19 3 -19 7 -18 3 -21 3 -20 1 -21 4 -20 0 -19 0 -22 -1 -19 -1 -20 3 -18 -1 -19 2 -18 2 -19 3 -17 0 -15 -1 -19 -1 -19 -2 -15 0 -16 1 -18 -1 -17 2 0 0 -16 2 -17 2 -15 4 -17 4 -16 1 -17 3 -16 4 -13 3 -17 3 -14 5 -18 5 -14 3 -18 6 -14 6 -15 4 -17 7 -13 3 -13 5 -15 8 -14 8 -17 8 -14 8 -17 7 -16 8 -15 7 -16 7 -2 0 0 0 0 0 0 0 0 0 ]
CSI_DATA,AP,68:FE:71:12:53:8C,-40,11,1,5,1,1,1,1,0,0,1,-94,5,6,1,26615314,0,84,0,0,26.615,384,[84 -64 4 0 0 0 0 0 0 0 0 0 -8 -31 -7 -29 -6 -29 -6 -31 -4 -29 -3 -28 -2 -28 -2 -28 -4 -30 -1 -28 -3 -29 1 -26 1 -26 0 -29 -2 -26 -2 -28 1 -27 -1 -26 -2 -24 3 -28 -1 -26 0 -28 0 -25 -2 -27 2 -27 -1 -26 2 -2 -3 -24 1 -22 -3 -24 -2 -22 -4 -22 -3 -23 -3 -22 -2 -26 -2 -23 -5 -20 -3 -23 -4 -23 -5 -24 -4 -21 -8 -25 -6 -24 -7 -22 -8 -24 -6 -21 -9 -22 -9 -21 -10 -21 -13 -24 -11 -21 -11 -24 -8 -21 2 -1 0 0 0 0 0 0 0 0 ]
CSI_DATA,AP,68:FE:71:12:53:8C,-38,11,1,5,1,1,1,0,0,0,0,-93,0,6,1,26733271,0,84,0,0,26.733,384,[84 -64 4 0 0 0 0 0 0 0 0 0 -16 7 -16 7 -17 8 -19 5 -18 4 -18 6 -18 4 -21 6 -20 1 -17 5 -20 6 -17 1 -16 3 -19 2 -18 1 -17 0 -16 0 -15 4 -17 1 -18 2 -19 0 -16 3 -16 3 -18 4 -18 0 -16 1 -2 1 -17 4 -15 2 -16 1 -15 2 -16 5 -13 4 -14 4 -13 3 -15 4 -12 3 -15 4 -12 3 -14 7 -16 5 -12 5 -13 6 -14 4 -11 6 -16 6 -11 5 -13 7 -13 8 -14 9 -15 7 -11 9 -13 10 1 -2 0 0 0 0 0 0 0 0 ]
CSI_DATA,AP,68:FE:71:12:53:8C,-39,11,1,5,1,1,1,0,0,0,0,-93,0,6,1,26887280,0,84,0,0,26.887,384,[84 -64 4 0 0 0 0 0 0 0 0 0 2 16 6 17 3 20 3 21 1 20 4 16 0 18 0 18 2 19 1 18 -1 16 0 19 -3 16 -1 16 -2 19 -3 19 1 16 -1 16 -3 15 -1 14 -4 14 -2 14 -1 13 0 14 1 16 0 14 2 0 -2 14 0 13 2 15 2 16 -1 13 -1 13 0 16 3 15 3 16 4 14 1 14 5 12 4 15 5 12 2 14 2 14 2 11 6 15 2 14 3 11 4 14 5 11 6 12 8 14 5 12 4 12 -2 2 0 0 0 0 0 0 0 0 ]
CSI_DATA,AP,68:FE:71:12:53:8C,-42,11,1,4,1,1,1,0,0,0,0,-94,0,6,1,26994473,0,84,0,0,26.994,384,[84 -64 4 0 0 0 0 0 0 0 0 0 18 5 16 4 18 7 19 7 16 9 17 7 15 8 14 7 14 6 17 7 17 11 13 11 15 10 12 11 13 9 15 7 12 7 12 10 14 10 15 7 12 9 13 7 13 9 14 11 14 10 15 7 2 -1 13 6 13 4 11 5 14 3 12 7 12 4 12 6 12 3 13 6 15 2 13 5 13 3 12 4 13 1 12 1 16 3 15 5 16 3 13 2 16 1 12 3 16 -1 13 3 13 2 16 2 15 0 1 1 0 0 0 0 0 0 0 0 ]
CSI_DATA,AP,68:FE:71:12:53:8C,-39,11,1,5,1,1,1,0,0,0,0,-96,0,6,1,27144103,0,84,0,0,27.144,384,[84 -64 4 0 0 0 0 0 0 0 0 0 -12 -16 -15 -15 -13 -17 -14 -16 -14 -17 -10 -17 -9 -17 -9 -18 -8 -15 -13 -15 -12 -18 -12 -17 -11 -16 -11 -16 -7 -19 -9 -19 -7 -18 -9 -18 -8 -18 -10 -16 -10 -15 -9 -18 -6 -16 -10 -16 -6 -13 -10 -16 -1 0 -8 -16 -9 -15 -9 -15 -8 -16 -11 -12 -10 -15 -8 -16 -9 -15 -10 -11 -10 -11 -12 -13 -11 -14 -9 -10 -10 -15 -8 -10 -12 -13 -9 -13 -12 -9 -9 -10 -11 -9 -14 -12 -11 -12 -14 -10 -13 -12 -14 -12 -14 -8 -2 0 0 0 0 0 0 0 0 0 ]
CSI_DATA,AP,68:FE:71:12:53:8C,-44,11,1,5,1,1,1,0,0,0,0,-94,0,6,1,27271440,0,84,0,0,27.271,384,[84 -64 4 0 0 0 0 0 0 0 0 0 -15 18 -16 15 -17 15 -17 13 -17 15 -16 13 -17 13 -17 11 -18 15 -19 13 -16 12 -17 12 -18 14 -18 12 -15 9 -18 10 -15 10 -14 8 -18 12 -17 7 -18 11 -15 8 -13 8 -15 11 -16 10 -16 12 1 -2 -15 9 -15 11 -14 9 -15 9 -13 10 -11 11 -13 10 -10 11 -13 13 -13 14 -11 12 -9 11 -12 15 -13 15 -11 13 -12 16 -11 11 -10 11 -10 14 -12 12 -8 15 -9 13 -7 16 -10 13 -7 13 -6 17 2 2 0 0 0 0 0 0 0 0 ]
CSI_DATA,AP,68:FE:71:12:53:8C,-40,11,1,6,1,1,1,0,0,0,0,-94,0,6,1,27399320,0,84,0,0,27.399,384,[84 -64 4 0 0 0 0 0 0 0 0 0 -12 -17 -15 -15 -11 -19 -14 -20 -11 -20 -10 -18 -12 -18 -10 -21 -11 -17 -11 -20 -10 -20 -7 -21 -6 -19 -5 -19 -6 -21 -5 -20 -7 -20 -5 -16 -7 -16 -6 -19 -7 -20 -6 -20 -7 -15 -4 -18 -7 -19 -7 -17 -1 -2 -5 -14 -8 -13 -7 -14 -5 -17 -5 -14 -7 -16 -9 -17 -10 -16 -7 -14 -9 -14 -10 -15 -10 -15 -7 -13 -9 -12 -8 -14 -10 -13 -12 -12 -13 -13 -10 -13 -10 -13 -11 -11 -10 -14 -14 -15 -11 -13 -13 -14 -10 -15 0 1 0 0 0 0 0 0 0 0 ]
CSI_DATA,AP,68:FE:71:12:53:8C,-40,11,1,6,1,1,1,0,0,0,0,-94,0,6,1,27521156,0,84,0,0,27.521,384,[84 -64 4 0 0 0 0 0 0 0 0 0 15 -14 13 -14 12 -10 15 -9 14 -10 17 -9 16 -8 13 -10 16 -10 13 -10 16 -10 17 -7 16 -6 14 -10 15 -9 14 -7 15 -5 16 -7 17 -7 13 -7 13 -8 15 -8 12 -6 14 -7 14 -5 10 -8 -1 0 13 -8 14 -9 12 -9 9 -7 11 -7 14 -8 11 -10 11 -7 13 -6 8 -8 10 -9 13 -7 12 -10 12 -9 9 -8 9 -11 9 -9 11 -12 10 -10 8 -11 7 -11 11 -8 10 -11 9 -12 10 -11 10 -13 2 -2 0 0 0 0 0 0 0 0 ]
CSI_DATA,AP,68:FE:71:12:53:8C,-42,11,1,4,1,1,1,0,0,0,0,-94,0,6,1,27664875,0,84,0,0,27.665,384,[84 -64 4 0 0 0 0 0 0 0 0 0 -13 13 -12 14 -13 14 -15 12 -15 15 -14 11 -14 11 -16 13 -17 9 -17 13 -14 9 -16 9 -15 9 -16 9 -18 9 -18 8 -18 7 -17 11 -18 8 -15 8 -15 9 -13 6 -15 6 -16 8 -15 8 -13 10 0 2 -15 11 -14 9 -12 10 -15 8 -13 8 -14 8 -11 7 -13 10 -14 12 -13 12 -11 9 -12 12 -12 10 -10 12 -12 10 -11 12 -9 11 -11 13 -10 11 -10 12 -11 13 -12 12 -11 12 -11 11 -11 12 -8 13 -2 -2 0 0 0 0 0 0 0 0 ]
CSI_DATA,AP,68:FE:71:12:53:8C,-32,11,1,6,1,1,1,0,0,0,0,-94,0,6,1,27761471,0,84,0,0,27.761,384,[84 -64 4 0 0 0 0 0 0 0 0 0 11 34 10 37 9 38 12 37 10 39 5 36 6 36 5 39 4 35 2 35 4 40 2 39 2 36 3 35 -2 36 1 37 3 34 -3 31 0 37 0 33 -1 34 1 33 1 33 1 32 -3 37 3 34 -2 1 -1 34 2 32 1 33 5 29 3 30 2 30 0 33 6 32 5 30 3 27 7 28 5 30 7 29 9 30 4 31 7 31 9 29 10 30 9 28 11 29 9 32 7 28 10 30 12 29 8 30 13 31 0 1 0 0 0 0 0 0 0 0 ]
CSI_DATA,AP,68:FE:71:12:53:8C,-41,11,1,6,1,1,1,0,0,0,0,-95,0,6,1,27875452,0,84,0,0,27.875,384,[84 -64 4 0 0 0 0 0 0 0 0 0 19 -8 15 -7 17 -11 18 -6 19 -9 19 -8 19 -8 20 -3 19 -7 21 -4 20 -3 16 -6 19 -1 16 -3 15 -2 19 -1 18 -4 15 -2 19 -3 15 -3 14 -4 16 -3 15 -1 14 -1 17 -3 16 -4 -2 -2 15 -4 16 -3 14 -7 16 -5 16 -4 15 -6 12 -3 13 -6 13 -8 12 -5 13 -9 14 -4 16 -5 14 -6 15 -6 15 -9 13 -10 14 -10 12 -10 15 -7 15 -8 15 -11 12 -12 14 -12 12 -12 11 -8 -1 0 0 0 0 0 0 0 0 0 ]
CSI_DATA,AP,68:FE:71:12:53:8C,-38,11,1,6,1,1,1,0,0,0,0,-93,0,6,1,27981279,0,84,0,0,27.981,384,[84 -64 4 0 0 0 0 0 0 0 0 0 9 17 9 20 6 18 7 19 5 18 4 18 3 17 5 16 5 19 4 17 3 18 1 19 3 19 3 20 1 17 0 21 0 17 1 17 -1 18 0 17 4 17 -1 18 0 18 1 18 0 15 4 16 0 1 2 14 1 16 3 16 2 14 4 15 6 15 5 15 6 16 2 12 3 13 5 14 4 15 7 15 4 12 8 12 8 12 5 12 6 16 5 15 6 13 6 13 8 15 10 14 7 12 10 11 6 15 0 1 0 0 0 0 0 0 0 0 ]
CSI_DATA,AP,68:FE:71:12:53:8C,-44,11,1,3,1,1,1,0,0,0,0,-94,0,6,1,28143703,0,84,0,0,28.144,384,[84 -64 4 0 0 0 0 0 0 0 0 0 -8 15 -8 18 -7 17 -8 17 -11 19 -11 15 -8 16 -8 14 -9 14 -13 13 -14 16 -15 17 -15 13 -15 14 -14 12 -11 16 -10 11 -11 14 -14 12 -13 14 -12 12 -11 15 -13 11 -12 11 -13 13 -12 13 1 -1 -11 13 -12 10 -11 12 -11 11 -8 10 -8 11 -9 14 -6 12 -8 14 -9 14 -7 12 -9 15 -7 15 -6 14 -5 15 -6 15 -8 15 -5 12 -7 13 -3 12 -6 14 -4 17 -4 16 -3 16 -5 14 -7 15 0 2 0 0 0 0 0 0 0 0 ]
CSI_DATA,AP,68:FE:71:12:53:8C,-39,11,1,4,1,1,1,0,0,0,0,-94,0,6,1,28287864,0,84,0,0,28.288,384,[84 -64 4 0 0 0 0 0 0 0 0 0 -10 33 -12 36 -14 36 -18 35 -19 33 -19 33 -17 31 -20 30 -18 32 -21 32 -22 32 -23 32 -21 30 -20 28 -23 30 -22 29 -23 29 -22 24 -20 29 -22 25 -21 27 -20 25 -20 25 -19 24 -22 24 -16 24 -1 0 -18 26 -16 24 -16 28 -14 25 -18 26 -19 28 -15 27 -15 28 -15 23 -10 27 -13 25 -11 27 -12 25 -9 29 -13 28 -8 27 -10 30 -7 27 -10 27 -10 31 -7 32 -9 29 -6 32 -7 29 -5 31 -7 28 1 1 0 0 0 0 0 0 0 0 ]
CSI_DATA,AP,68:FE:71:12:53:8C,-36,11,1,7,1,1,1,0,0,0,0,-95,0,6,1,28401333,0,84,0,0,28.401,384,[84 -64 4 0 0 0 0 0 0 0 0 0 -9 20 -11 19 -8 18 -12 17 -9 17 -9 17 -10 18 -11 18 -9 18 -14 16 -15 17 -13 17 -11 17 -12 13 -13 13 -11 15 -11 14 -14 13 -12 13 -12 15 -11 11 -9 13 -11 13 -11 13 -10 13 -11 14 2 -2 -8 11 -10 15 -10 12 -11 15 -11 12 -7 12 -8 13 -7 13 -6 15 -10 14 -8 14 -5 15 -7 15 -5 15 -8 15 -5 16 -7 15 -4 13 -6 14 -4 13 -5 16 -6 17 -3 14 -5 15 -4 14 -5 17 1 0 0 0 0 0 0 0 0 0 ]
CSI_DATA,AP,68:FE:71:12:53:8C,-41,11,0,0,0,0,0,0,0,0,0,-93,0,6,1,28517002,0,37,0,0,28.517,128,[84 -64 4 0 0 0 0 0 0 0 0 0 17 -9 18 -8 19 -5 21 -5 20 -8 20 -6 20 -3 17 -2 17 -3 17 -1 20 -4 19 -1 20 -1 20 0 18 0 21 -2 21 -1 20 0 16 -2 19 -2 17 -1 19 1 16 -2 18 -3 16 1 18 -4 -1 1 17 -2 18 -4 14 -4 15 -5 17 -3 18 -4 18 -2 17 -5 17 -6 13 -8 14 -4 17 -7 14 -4 14 -8 15 -7 17 -7 13 -6 15 -9 13 -7 13 -10 14 -9 15 -10 14 -9 14 -9 12 -10 13 -11 -2 0 0 0 0 0 0 0 0 0 ]
CSI_DATA,AP,68:FE:71:12:53:8C,-39,11,1,4,1,1,1,0,0,0,0,-95,0,6,1,28658875,0,84,0,0,28.659,384,[84 -64 4 0 0 0 0 0 0 0 0 0 -15 -13 -16 -13 -20 -15 -20 -12 -15 -14 -13 -15 -15 -16 -14 -13 -16 -15 -16 -17 -14 -16 -16 -16 -15 -18 -12 -18 -14 -16 -12 -15 -14 -16 -13 -15 -14 -17 -12 -15 -12 -17 -13 -16 -13 -14 -10 -15 -12 -17 -14 -14 -1 2 -10 -15 -12 -13 -11 -12 -11 -14 -13 -10 -11 -15 -14 -12 -11 -11 -14 -10 -15 -9 -12 -12 -14 -9 -16 -9 -14 -8 -15 -12 -16 -9 -13 -9 -13 -6 -15 -10 -15 -6 -16 -9 -15 -8 -15 -6 -19 -7 -16 -9 -18 -5 -2 1 0 0 0 0 0 0 0 0 ]
CSI_DATA,AP,68:FE:71:12:53:8C,-43,11,1,4,1,1,1,0,0,0,0,-95,0,6,1,28784016,0,84,0,0,28.784,384,[84 -64 4 0 0 0 0 0 0 0 0 0 -20 11 -19 11 -20 10 -21 13 -22 9 -21 8 -20 5 -18 4 -23 8 -20 4 -23 5 -23 9 -24 4 -22 6 -19 5 -23 5 -19 4 -20 3 -21 5 -21 2 -20 5 -19 2 -17 6 -18 3 -19 2 -17 4 -1 1 -17 5 -19 8 -19 7 -19 7 -16 8 -17 5 -18 5 -14 5 -19 7 -16 9 -15 9 -16 8 -15 9 -17 7 -17 6 -18 9 -13 9 -13 9 -13 8 -16 9 -17 8 -12 10 -14 13 -11 10 -13 12 -11 11 0 -1 0 0 0 0 0 0 0 0 ]
CSI_DATA,AP,68:FE:71:12:53:8C,-37,11,1,6,1,1,1,0,0,0,0,-94,0,6,1,28910503,0,84,0,0,28.911,384,[84 -64 4 0 0 0 0 0 0 0 0 0 14 14 15 14 18 14 15 18 14 17 14 17 15 18 13 16 15 16 13 19 12 18 9 17 11 17 10 16 8 19 13 17 12 15 8 15 8 15 11 14 9 16 9 16 10 13 8 16 12 17 10 17 -2 -2 12 15 11 13 11 16 12 10 12 14 10 11 13 12 9 12 12 9 14 9 15 11 9 9 10 12 13 12 12 9 15 11 17 12 16 9 13 8 14 9 15 10 13 11 15 10 14 10 17 9 14 9 2 1 0 0 0 0 0 0 0 0 ]
CSI_DATA,AP,68:FE:71:12:53:8C,-40,11,1,5,1,1,1,1,0,0,0,-94,3,6,1,29037880,0,84,0,0,29.038,384,[84 -64 4 0 0 0 0 0 0 0 0 0 -10 18 -13 18 -14 15 -17 16 -13 16 -17 16 -17 15 -17 12 -14 15 -14 14 -15 15 -14 13 -18 15 -18 12 -17 14 -16 10 -16 13 -15 10 -16 11 -14 9 -15 11 -14 8 -16 8 -15 11 -15 13 -16 9 0 -1 -13 9 -11 9 -17 10 -10 10 -14 11 -12 11 -15 9 -14 10 -13 14 -10 10 -13 15 -11 12 -13 11 -11 13 -11 12 -9 12 -13 11 -9 16 -9 12 -10 14 -8 14 -10 13 -9 13 -6 13 -8 14 -8 13 -2 -2 0 0 0 0 0 0 0 0 ]
CSI_DATA,AP,68:FE:71:12:53:8C,-42,11,1,6,1,1,1,0,0,0,0,-96,0,6,1,29190007,0,84,0,0,29.19,384,[84 -64 4 0 0 0 0 0 0 0 0 0 0 -24 0 -21 2 -22 3 -21 6 -22 2 -20 4 -23 3 -23 3 -23 7 -19 4 -21 8 -22 6 -23 9 -22 4 -19 7 -20 7 -19 7 -19 9 -20 7 -19 5 -17 7 -18 5 -16 6 -19 4 -19 8 -18 1 0 3 -17 6 -19 4 -19 1 -16 4 -17 6 -20 5 -19 3 -17 3 -17 0 -17 2 -19 -1 -17 2 -17 2 -19 2 -16 -1 -17 1 -17 -2 -15 1 -18 -1 -18 0 -17 -1 -18 -1 -19 -4 -18 -2 -19 -1 -15 -1 1 0 0 0 0 0 0 0 0 ]
CSI_DATA,AP,68:FE:71:12:53:8C,-40,11,1,5,1,1,1,0,0,0,0,-95,0,6,1,29288874,0,84,0,0,29.289,384,[84 -64 4 0 0 0 0 0 0 0 0 0 18 -7 18 -8 19 -7 23 -5 23 -7 18 -2 23 -4 21 -1 20 -1 20 -4 20 -4 21 -2 20 -1 20 0 17 0 21 -4 19 -2 20 -3 16 -3 18 0 20 1 17 -3 17 -1 19 -1 21 -2 17 -3 0 2 19 -2 18 -1 16 -1 16 -3 17 -3 18 -2 19 -1 17 -7 15 -6 16 -5 18 -7 16 -7 17 -7 16 -6 15 -6 14 -6 19 -9 15 -9 16 -8 15 -7 15 -10 17 -10 17 -8 17 -10 14 -9 12 -10 -2 0 0 0 0 0 0 0 0 0 ]
CSI_DATA,AP,68:FE:71:12:53:8C,-36,11,1,6,1,1,1,0,0,0,0,-95,0,6,1,29381264,0,84,0,0,29.381,384,[84 -64 4 0 0 0 0 0 0 0 0 0 -15 -11 -17 -15 -18 -18 -15 -14 -17 -15 -15 -15 -13 -15 -10 -17 -14 -15 -11 -17 -13 -18 -13 -16 -12 -18 -11 -17 -12 -19 -11 -19 -10 -16 -8 -17 -8 -17 -7 -17 -9 -16 -11 -17 -9 -15 -11 -15 -12 -15 -8 -14 2 0 -9 -16 -13 -13 -13 -12 -12 -14 -9 -12 -12 -13 -13 -12 -13 -15 -12 -11 -14 -11 -11 -12 -11 -10 -13 -12 -12 -10 -15 -10 -16 -11 -16 -12 -15 -11 -16 -12 -15 -7 -15 -8 -15 -11 -13 -12 -17 -7 -14 -9 -13 -9 -2 -1 0 0 0 0 0 0 0 0 ]
CSI_DATA,AP,68:FE:71:12:53:8C,-36,11,1,6,1,1,1,0,0,0,0,-93,0,6,1,29511717,0,84,0,0,29.512,384,[84 -64 4 0 0 0 0 0 0 0 0 0 -7 -18 -8 -20 -6 -20 -6 -20 -5 -20 -4 -18 -5 -19 -5 -22 -4 -20 -2 -19 -5 -19 -5 -21 -5 -19 0 -18 -1 -18 -5 -23 -2 -20 -1 -17 -5 -19 -3 -18 -1 -16 -1 -17 -1 -16 0 -20 -5 -19 -4 -19 0 -1 -1 -16 -6 -18 -5 -19 -3 -16 -6 -17 -5 -16 -3 -17 -5 -13 -7 -14 -6 -13 -9 -15 -6 -14 -4 -17 -6 -14 -9 -16 -8 -14 -7 -17 -10 -12 -10 -12 -10 -13 -7 -13 -7 -11 -9 -12 -12 -14 -8 -16 -7 -12 0 1 0 0 0 0 0 0 0 0 ]
CSI_DATA,AP,68:FE:71:12:53:8C,-37,11,1,6,1,1,1,1,0,0,0,-94,4,6,1,29676469,0,84,0,0,29.676,384,[84 -64 4 0 0 0 0 0 0 0 0 0 23 -1 18 -2 23 2 23 2 24 4 20 3 19 2 20 6 22 3 22 2 23 5 20 5 19 6 20 6 20 5 22 6 17 3 17 3 18 4 18 6 15 5 17 7 16 6 15 6 15 7 14 5 -2 1 16 1 19 3 18 2 17 -1 18 2 19 1 17 1 15 3 15 2 17 1 17 -1 16 -2 17 1 13 -1 14 -2 18 -2 17 -4 16 -5 14 -2 17 -4 18 -1 17 -2 18 -2 17 -3 18 -2 15 -4 -1 -2 0 0 0 0 0 0 0 0 ]
CSI_DATA,AP,68:FE:71:12:53:8C,-39,11,1,4,1,1,1,0,0,0,0,-94,0,6,1,29818141,0,84,0,0,29.818,384,[84 -64 4 0 0 0 0 0 0 0 0 0 -23 -4 -20 -2 -23 -1 -22 -4 -24 -7 -18 -5 -22 -4 -20 -8 -20 -5 -20 -7 -20 -10 -21 -11 -20 -8 -19 -8 -17 -8 -20 -8 -15 -10 -17 -7 -15 -7 -18 -10 -15 -11 -15 -9 -14 -6 -18 -9 -17 -8 -15 -9 -2 2 -16 -4 -16 -5 -17 -9 -18 -8 -15 -7 -18 -4 -17 -5 -15 -6 -18 -4 -14 -5 -16 -2 -14 -3 -15 -3 -17 -3 -17 -3 -16 -4 -21 0 -18 -2 -17 -2 -16 1 -17 -2 -17 2 -16 2 -19 -1 -17 2 -16 1 2 -1 0 0 0 0 0 0 0 0 ]
CSI_DATA,AP,68:FE:71:12:53:8C,-41,11,1,4,1,1,1,0,0,0,0,-95,0,6,1,29971726,0,84,0,0,29.972,384,[84 -64 4 0 0 0 0 0 0 0 0 0 17 8 15 12 20 9 19 10 15 14 13 14 16 15 12 15 15 15 15 13 14 15 15 13 14 12 15 12 15 13 12 16 11 14 12 11 11 13 11 12 11 14 13 15 12 14 14 15 14 14 14 13 2 -2 13 12 11 13 13 10 12 13 10 10 15 11 14 12 12 7 13 12 12 6 14 11 13 11 13 9 16 10 11 10 15 8 12 8 17 7 13 5 14 4 14 6 13 9 13 7 17 4 14 6 16 3 2 -2 0 0 0 0 0 0 0 0 ]
CSI_DATA,AP,68:FE:71:12:53:8C,-40,11,1,4,1,1,1,0,0,0,0,-95,0,6,1,30114264,0,84,0,0,30.114,384,[84 -64 4 0 0 0 0 0 0 0 0 0 -6 -20 -5 -21 -7 -22 -6 -23 -2 -19 -5 -21 -3 -19 1 -20 -1 -21 -1 -20 0 -22 -2 -21 0 -21 -1 -22 3 -19 2 -21 3 -17 -1 -16 2 -19 1 -18 1 -20 -1 -18 2 -15 2 -16 -1 -19 0 -16 2 2 0 -19 -3 -15 -1 -19 0 -18 -3 -16 -3 -19 -1 -19 0 -16 -3 -15 -4 -18 -1 -15 -1 -16 -4 -18 -3 -18 -1 -18 -6 -19 -2 -18 -6 -17 -3 -18 -3 -17 -3 -18 -7 -17 -5 -18 -7 -15 -5 -14 -6 -15 2 2 0 0 0 0 0 0 0 0 ]
CSI_DATA,AP,68:FE:71:12:53:8C,-37,11,1,5,1,1,1,0,0,0,0,-95,0,6,1,30253554,0,84,0,0,30.254,384,[84 -64 4 0 0 0 0 0 0 0 0 0 -22 1 -18 4 -22 3 -24 1 -20 -1 -20 -2 -20 -5 -18 -1 -21 -3 -22 -1 -20 -4 -20 -6 -18 -7 -18 -3 -17 -7 -22 -4 -20 -5 -20 -4 -18 -5 -20 -6 -17 -4 -19 -7 -18 -7 -18 -6 -16 -5 -18 -3 1 0 -16 -2 -17 -3 -18 -1 -16 -4 -15 -4 -18 -2 -19 -5 -14 -4 -18 -4 -16 -1 -19 2 -18 -1 -16 -3 -16 2 -15 0 -18 1 -17 1 -17 3 -14 1 -16 0 -14 1 -16 1 -18 -1 -17 5 -17 0 -15 1 1 0 0 0 0 0 0 0 0 0 ]
CSI_DATA,AP,68:FE:71:12:53:8C,-40,11,1,5,1,1,1,0,0,0,0,-95,0,6,1,30391384,0,84,0,0,30.391,384,[84 -64 4 0 0 0 0 0 0 0 0 0 15 15 15 14 18 12 17 16 16 13 13 14 16 15 13 15 12 14 13 17 11 15 11 16 14 16 9 19 8 16 11 19 12 17 7 13 10 17 8 17 11 17 8 18 9 13 10 15 12 17 7 15 -2 -1 11 16 9 16 8 17 11 12 10 12 11 15 8 15 9 14 9 10 9 13 11 13 12 10 10 13 11 14 13 9 10 11 13 10 11 11 12 8 15 10 13 12 15 9 12 12 12 9 12 12 15 10 -1 -1 0 0 0 0 0 0 0 0 ]
CSI_DATA,AP,68:FE:71:12:53:8C,-38,11,1,6,1,1,1,0,0,0,0,-94,0,6,1,30505712,0,84,0,0,30.506,384,[84 -64 4 0 0 0 0 0 0 0 0 0 18 15 15 11 17 14 13 14 15 17 13 13 14 17 11 14 12 18 10 17 10 14 9 16 9 15 12 18 11 16 9 15 7 18 11 16 10 13 8 14 7 13 9 17 7 12 9 14 10 13 10 16 1 2 10 15 9 13 9 13 11 15 7 12 7 15 10 14 8 12 10 10 11 12 13 11 12 10 12 12 14 12 10 13 11 11 12 10 11 9 12 9 10 8 13 9 13 10 12 6 15 8 14 10 12 7 -1 -2 0 0 0 0 0 0 0 0 ]
CSI_DATA,AP,68:FE:71:12:53:8C,-43,11,1,4,1,1,1,0,0,0,0,-95,0,6,1,30617018,0,84,0,0,30.617,384,[84 -64 4 0 0 0 0 0 0 0 0 0 17 10 13 10 17 9 17 10 13 9 16 12 14 12 13 13 13 12 12 12 14 12 14 13 15 12 13 12 11 14 15 13 13 14 10 10 10 10 12 12 11 10 9 14 9 12 12 11 12 11 12 11 2 -1 12 12 14 10 12 8 10 10 12 10 11 9 12 10 12 10 12 8 12 9 15 8 11 9 11 8 12 6 13 7 12 6 17 6 14 4 13 7 15 5 16 7 14 7 14 6 13 3 16 6 16 5 -2 2 0 0 0 0 0 0 0 0 ]
CSI_DATA,AP,68:FE:71:12:53:8C,-43,11,1,5,1,1,1,0,0,0,0,-96,0,6,1,30737375,0,84,0,0,30.737,384,[84 -64 4 0 0 0 0 0 0 0 0 0 15 11 13 11 14 15 10 13 12 13 10 15 12 16 10 14 11 16 10 13 11 15 8 13 10 17 8 17 10 13 9 16 7 16 8 13 7 16 8 13 4 12 7 14 8 11 6 12 6 15 9 14 1 1 9 12 6 13 10 13 9 9 7 10 9 14 6 13 10 11 10 10 11 11 12 10 9 9 12 7 9 11 12 10 11 11 12 9 13 8 12 9 10 5 10 10 10 10 14 9 11 6 10 6 11 7 -2 -2 0 0 0 0 0 0 0 0 ]
CSI_DATA,AP,68:FE:71:12:53:8C,-41,11,1,4,1,1,1,0,0,0,0,-95,0,6,1,30883061,0,84,0,0,30.883,384,[84 -64 4 0 0 0 0 0 0 0 0 0 4 16 6 15 7 17 5 15 1 13 2 17 3 14 0 14 1 14 -1 15 3 15 1 17 2 15 1 17 0 12 -1 17 0 16 1 14 -3 14 0 13 -1 15 1 14 2 10 -3 15 2 12 0 11 -1 -1 1 11 1 12 1 14 1 11 2 10 4 15 2 11 3 11 3 12 5 13 2 13 5 15 5 14 4 12 4 11 6 16 4 15 5 15 6 13 5 11 8 14 5 16 6 14 7 12 5 15 6 15 1 0 0 0 0 0 0 0 0 0 ]
CSI_DATA,AP,68:FE:71:12:53:8C,-42,11,1,5,1,1,1,0,0,0,0,-95,0,6,1,31019020,0,84,0,0,31.019,384,[84 -64 4 0 0 0 0 0 0 0 0 0 16 2 15 6 17 5 18 4 15 6 15 5 14 6 14 6 15 9 12 8 13 6 16 10 14 7 13 8 15 7 16 7 12 6 11 6 12 7 12 8 12 9 13 7 9 7 12 9 14 6 15 9 -2 2 14 4 11 6 11 4 12 6 11 6 14 7 12 6 13 5 12 2 11 2 15 4 11 1 14 3 14 2 13 3 14 4 11 3 16 3 16 2 13 1 14 0 12 2 14 3 15 -1 16 0 15 -2 0 -2 0 0 0 0 0 0 0 0 ]
CSI_DATA,AP,68:FE:71:12:53:8C,-44,11,1,4,1,1,1,1,0,0,0,-95,5,6,1,31137187,0,84,0,0,31.137,384,[84 -64 4 0 0 0 0 0 0 0 0 0 14 -3 15 -6 15 -3 17 -4 16 -4 15 -2 15 -1 12 1 15 -2 14 -1 12 0 14 0 13 0 13 -2 14 1 12 -2 12 0 10 2 13 0 14 2 13 -1 14 -1 11 3 13 0 11 -1 13 0 0 2 10 -2 10 -2 12 1 10 -3 12 1 13 -1 11 2 10 0 11 -3 10 -3 9 -3 13 -3 11 -1 12 0 12 -3 9 -4 13 -4 13 -3 13 -3 11 -2 13 -4 13 -5 9 -5 10 -4 12 -5 12 -6 2 -1 0 0 0 0 0 0 0 0 ]
CSI_DATA,AP,68:FE:71:12:53:8C,-42,11,1,5,1,1,1,0,0,0,0,-94,0,6,1,31266233,0,82,0,0,31.266,384,[84 -64 4 0 0 0 0 0 0 0 0 0 28 -15 28 -15 30 -12 28 -12 31 -10 31 -9 28 -10 27 -6 29 -7 29 -8 32 -4 33 -6 31 -6 27 -5 28 -7 31 -6 31 -3 26 -5 28 -1 29 -2 27 -4 28 -4 27 -6 30 -5 28 -2 30 -5 1 0 28 -7 30 -3 28 -6 25 -8 27 -5 29 -5 27 -4 23 -6 23 -5 23 -7 28 -11 27 -10 24 -13 27 -13 25 -10 24 -12 27 -10 24 -13 27 -11 22 -12 25 -12 23 -12 23 -16 22 -17 25 -14 25 -14 2 0 0 0 0 0 0 0 0 0 ]
CSI_DATA,AP,68:FE:71:12:53:8C,-37,11,1,5,1,1,1,0,0,0,0,-93,0,6,1,31402164,0,84,0,0,31.402,384,[84 -64 4 0 0 0 0 0 0 0 0 0 -14 -16 -14 -17 -15 -17 -10 -16 -10 -15 -10 -14 -11 -19 -11 -14 -9 -19 -7 -16 -7 -18 -9 -19 -11 -18 -8 -18 -9 -17 -7 -16 -7 -17 -9 -18 -6 -15 -5 -14 -6 -14 -5 -14 -4 -15 -5 -15 -8 -18 -7 -15 -2 2 -5 -15 -7 -16 -8 -15 -7 -15 -6 -15 -8 -12 -9 -14 -8 -14 -9 -14 -6 -14 -8 -14 -8 -12 -7 -11 -11 -10 -9 -13 -10 -10 -9 -13 -11 -8 -12 -9 -11 -9 -12 -11 -9 -10 -13 -9 -14 -9 -11 -9 -14 -8 2 -1 0 0 0 0 0 0 0 0 ]
CSI_DATA,AP,68:FE:71:12:53:8C,-40,11,1,6,1,1,1,0,0,0,0,-94,0,6,1,31515983,0,84,0,0,31.516,384,[84 -64 4 0 0 0 0 0 0 0 0 0 -1 18 -2 17 -1 22 -3 19 -4 17 -6 16 -2 17 -4 18 -4 17 -7 17 -7 17 -5 15 -3 13 -2 13 -6 14 -5 12 -5 12 -3 9 -3 9 -4 11 -6 10 -4 10 -3 8 0 10 -5 14 -3 11 2 2 -1 9 -2 11 1 9 -3 11 1 10 0 11 -2 10 1 10 -1 9 -1 11 4 11 2 8 3 9 1 9 3 12 3 13 1 9 3 11 5 12 5 12 4 9 5 12 2 9 3 11 3 9 2 10 -2 -1 0 0 0 0 0 0 0 0 ]
CSI_DATA,AP,68:FE:71:12:53:8C,-37,11,1,6,1,1,1,1,0,0,0,-96,4,6,1,31641167,0,84,0,0,31.641,384,[84 -64 4 0 0 0 0 0 0 0 0 0 17 10 16 11 17 11 15 13 17 10 15 13 15 13 11 12 11 11 14 12 10 11 10 13 11 13 10 13 10 10 12 13 11 11 11 12 7 11 10 8 10 10 10 11 9 9 9 8 8 8 10 7 -1 -1 6 5 9 6 8 5 7 3 7 5 9 3 9 3 10 3 7 2 6 0 10 -1 9 2 10 0 7 -1 8 0 11 -1 11 1 10 -4 7 0 8 -5 12 -2 6 -5 10 -3 9 -6 10 -4 7 -2 1 0 0 0 0 0 0 0 0 0 ]
CSI_DATA,AP,68:FE:71:12:53:8C,-40,11,1,5,1,1,1,0,0,0,0,-94,0,6,1,31783366,0,84,0,0,31.783,384,[84 -64 4 0 0 0 0 0 0 0 0 0 26 -16 26 -17 30 -14 27 -14 28 -16 27 -13 28 -9 23 -9 27 -10 26 -9 28 -8 26 -5 23 -9 23 -5 21 -6 21 -9 20 -6 18 -8 16 -5 18 -6 15 -8 18 -9 17 -6 17 -8 13 -7 13 -7 0 1 14 -8 14 -9 12 -10 13 -8 8 -11 10 -10 9 -9 9 -8 10 -8 10 -9 10 -10 9 -8 9 -12 5 -9 5 -10 3 -11 2 -11 3 -13 3 -11 1 -14 1 -11 -1 -11 0 -14 -2 -14 0 -13 -3 -11 1 -2 0 0 0 0 0 0 0 0 ]
CSI_DATA,AP,68:FE:71:12:53:8C,-40,11,1,6,1,1,1,0,0,0,0,-96,0,6,1,31897652,0,84,0,0,31.898,384,[84 -64 4 0 0 0 0 0 0 0 0 0 0 18 2 19 1 18 1 19 -3 16 -3 18 -1 16 -2 14 -1 14 -3 15 -1 19 -3 18 -1 15 -3 15 -3 15 -1 18 -4 15 -1 13 -3 13 -1 16 0 15 -2 15 -3 14 -2 14 -2 17 1 13 2 -2 0 12 -2 13 -3 14 -1 15 -2 15 -1 16 -1 15 -1 15 -1 14 -1 14 1 14 0 15 0 17 1 15 -2 16 -1 15 0 15 3 13 2 13 0 16 -1 16 2 17 3 13 2 17 1 14 0 13 1 -2 0 0 0 0 0 0 0 0 ]
CSI_DATA,AP,68:FE:71:12:53:8C,-38,11,1,6,1,1,1,1,0,0,0,-94,4,6,1,32003385,0,84,0,0,32.003,384,[84 -64 4 0 0 0 0 0 0 0 0 0 -4 -23 -2 -21 -2 -21 -3 -23 0 -25 -2 -24 0 -25 -1 -20 3 -25 0 -22 1 -23 1 -23 0 -24 4 -24 2 -23 4 -25 2 -23 1 -22 5 -22 4 -23 2 -21 4 -26 4 -21 2 -24 3 -25 2 -23 2 0 0 -21 4 -24 3 -23 3 -21 2 -20 0 -23 1 -25 2 -23 -2 -25 0 -24 -3 -25 -1 -24 -1 -25 -2 -25 1 -22 -2 -24 -2 -25 -5 -26 0 -24 -3 -24 -4 -26 -4 -25 -4 -26 -3 -23 -4 -23 -3 -22 -2 2 0 0 0 0 0 0 0 0 ]
CSI_DATA,AP,68:FE:71:12:53:8C,-40,11,1,6,1,1,1,0,0,0,0,-95,0,6,1,32113359,0,84,0,0,32.113,384,[84 -64 4 0 0 0 0 0 0 0 0 0 -16 -27 -14 -23 -12 -28 -10 -25 -11 -27 -8 -25 -8 -24 -9 -26 -11 -25 -8 -23 -7 -28 -8 -28 -4 -26 -5 -23 -5 -25 -6 -25 -7 -21 -7 -26 -5 -23 -4 -22 -3 -23 -5 -23 -2 -21 -4 -23 -4 -20 -4 -19 -2 2 -4 -19 -3 -19 -5 -17 -6 -17 -3 -17 -5 -20 -7 -17 -5 -15 -5 -13 -7 -15 -8 -15 -8 -14 -7 -10 -7 -11 -12 -15 -13 -11 -15 -15 -14 -11 -16 -10 -16 -13 -14 -13 -17 -11 -19 -14 -22 -11 -21 -11 -20 -13 2 -1 0 0 0 0 0 0 0 0 ]
CSI_DATA,AP,68:FE:71:12:53:8C,-38,11,1,7,1,1,1,0,0,0,0,-94,0,6,1,32256078,0,84,0,0,32.256,384,[84 -64 4 0 0 0 0 0 0 0 0 0 -1 -15 0 -18 1 -18 2 -19 -2 -17 1 -18 1 -17 3 -17 5 -21 3 -16 5 -20 5 -22 3 -23 3 -22 7 -19 4 -22 8 -20 7 -18 6 -19 6 -17 5 -19 5 -19 6 -17 4 -18 5 -21 4 -21 0 -1 7 -19 7 -20 3 -22 5 -18 6 -18 4 -19 7 -17 2 -19 2 -21 4 -19 1 -18 1 -19 4 -20 2 -18 1 -20 3 -19 2 -17 -2 -21 0 -17 -1 -20 -1 -20 -1 -18 -2 -18 -1 -18 1 -16 -2 -19 2 -1 0 0 0 0 0 0 0 0 ]
CSI_DATA,AP,68:FE:71:12:53:8C,-40,11,1,5,1,1,1,1,0,0,0,-95,4,6,1,32379367,0,84,0,0,32.379,384,[84 -64 4 0 0 0 0 0 0 0 0 0 6 -27 7 -28 11 -27 12 -29 8 -24 12 -24 13 -26 10 -22 12 -23 11 -22 11 -23 12 -23 12 -24 12 -25 13 -22 15 -23 13 -19 12 -19 10 -21 11 -22 9 -22 11 -20 12 -21 12 -19 12 -23 13 -19 2 2 9 -22 12 -18 11 -21 9 -21 9 -20 9 -22 7 -22 9 -19 6 -19 7 -21 6 -20 4 -22 7 -22 7 -19 4 -21 6 -20 6 -24 4 -20 6 -23 1 -22 5 -20 5 -19 5 -23 1 -23 2 -20 0 -19 1 -2 0 0 0 0 0 0 0 0 ]
CSI_DATA,AP,68:FE:71:12:53:8C,-41,11,1,5,1,1,1,1,0,0,0,-95,4,6,1,32499110,0,84,0,0,32.499,384,[82 -96 4 0 0 0 0 0 0 0 0 0 14 -13 13 -14 17 -13 16 -11 15 -9 17 -12 16 -11 14 -9 19 -6 16 -10 17 -8 15 -8 19 -5 16 -9 18 -5 16 -7 17 -8 17 -9 14 -6 14 -8 18 -7 17 -8 16 -6 13 -5 16 -5 15 -5 2 2 13 -5 14 -7 16 -6 15 -9 14 -9 11 -9 14 -5 11 -9 12 -10 13 -10 13 -9 12 -10 10 -8 14 -7 9 -8 13 -12 13 -11 11 -10 10 -11 10 -10 12 -13 13 -9 10 -12 9 -11 8 -12 10 -11 2 2 0 0 0 0 0 0 0 0 ]
CSI_DATA,AP,68:FE:71:12:53:8C,-45,11,1,4,1,1,1,0,0,0,0,-95,0,6,1,32621315,0,84,0,0,32.621,384,[84 -64 4 0 0 0 0 0 0 0 0 0 -9 -27 -9 -29 -8 -30 -6 -30 -6 -28 -3 -27 -6 -29 -5 -30 -1 -27 0 -29 -2 -29 -2 -30 -3 -26 -3 -31 2 -28 -1 -30 2 -28 2 -29 0 -25 -2 -25 2 -27 0 -25 -1 -28 -3 -23 1 -26 -1 -24 0 1 -2 -21 -2 -24 -3 -26 -2 -22 -5 -22 -5 -25 -4 -21 -7 -24 -3 -22 -5 -23 -6 -24 -7 -22 -4 -23 -9 -20 -9 -22 -7 -20 -10 -24 -10 -21 -8 -22 -10 -24 -9 -22 -10 -20 -11 -22 -10 -23 -9 -23 -10 -21 -1 2 0 0 0 0 0 0 0 0 ]
CSI_DATA,AP,68:FE:71:12:53:8C,-38,11,1,6,1,1,1,1,0,0,0,-94,5,6,1,32730318,0,84,0,0,32.73,384,[84 -64 4 0 0 0 0 0 0 0 0 0 5 -20 4 -20 8 -23 7 -22 5 -20 7 -21 8 -17 9 -18 8 -21 10 -20 8 -21 10 -17 12 -17 11 -18 8 -20 12 -19 9 -17 10 -18 8 -15 12 -15 12 -16 11 -14 12 -17 7 -17 8 -17 10 -16 -1 -2 8 -16 10 -17 7 -15 9 -14 8 -13 10 -14 7 -14 4 -13 9 -18 6 -15 6 -17 3 -18 7 -14 6 -19 7 -17 7 -16 2 -18 4 -17 4 -15 1 -17 5 -19 2 -18 3 -15 0 -19 0 -18 1 -15 -1 2 0 0 0 0 0 0 0 0 ]
CSI_DATA,AP,68:FE:71:12:53:8C,-40,11,1,4,1,1,1,0,0,0,0,-94,0,6,1,32857238,0,84,0,0,32.857,384,[84 -64 4 0 0 0 0 0 0 0 0 0 4 -19 2 -17 3 -19 4 -21 7 -19 6 -17 5 -17 8 -19 5 -16 9 -19 7 -15 6 -18 10 -15 7 -15 8 -14 8 -15 10 -17 9 -13 8 -15 9 -13 7 -15 9 -12 9 -14 9 -13 9 -13 6 -16 2 1 5 -16 6 -12 7 -14 5 -15 8 -13 5 -15 7 -15 6 -15 7 -16 3 -12 6 -13 5 -14 3 -16 3 -16 3 -14 0 -14 0 -15 0 -13 1 -13 2 -14 1 -13 3 -16 0 -14 1 -18 3 -15 2 -14 -1 2 0 0 0 0 0 0 0 0 ]
CSI_DATA,AP,68:FE:71:12:53:8C,-39,11,1,5,1,1,1,0,0,0,0,-93,0,6,1,33032359,0,84,0,0,33.032,384,[84 -64 4 0 0 0 0 0 0 0 0 0 -20 5 -19 5 -22 2 -23 5 -23 2 -20 2 -18 1 -17 3 -19 -2 -17 2 -19 1 -18 0 -19 -3 -19 -4 -18 -2 -19 -2 -17 -1 -17 -3 -20 -4 -16 -1 -16 0 -19 0 -17 -1 -15 -2 -18 -3 -19 -2 -1 -1 -17 -3 -16 1 -15 2 -15 1 -17 3 -17 0 -17 4 -17 4 -16 1 -16 5 -15 1 -17 2 -18 2 -16 4 -17 2 -14 5 -18 5 -17 7 -14 4 -17 4 -14 4 -13 8 -13 5 -13 5 -13 5 -14 5 2 0 0 0 0 0 0 0 0 0 ]
CSI_DATA,AP,68:FE:71:12:53:8C,-42,11,1,5,1,1,1,0,0,0,0,-95,0,6,1,33172841,0,84,0,0,33.173,384,[84 -64 4 0 0 0 0 0 0 0 0 0 -18 -6 -17 -2 -21 -5 -18 -7 -22 -7 -18 -9 -20 -8 -18 -8 -17 -6 -17 -7 -17 -10 -17 -10 -20 -8 -17 -9 -17 -7 -17 -10 -16 -8 -17 -9 -15 -9 -18 -7 -13 -6 -17 -7 -14 -6 -14 -9 -14 -9 -13 -9 2 -2 -14 -5 -15 -9 -17 -4 -15 -6 -13 -4 -14 -3 -14 -4 -17 -5 -16 -7 -17 -5 -14 -2 -15 -2 -16 -5 -15 -2 -18 -2 -18 -2 -15 -4 -14 -4 -15 -3 -16 1 -16 -3 -14 0 -16 -1 -18 -3 -15 -1 -14 -1 1 -1 0 0 0 0 0 0 0 0 ]
CSI_DATA,AP,68:FE:71:12:53:8C,-38,11,1,5,1,1,1,0,0,0,0,-93,0,6,1,33328638,0,84,0,0,33.329,384,[84 -64 4 0 0 0 0 0 0 0 0 0 18 -3 17 -2 17 -3 19 1 16 1 15 -1 16 4 16 4 17 1 17 3 17 1 15 4 16 3 16 1 14 3 17 3 15 5 15 2 13 2 14 4 14 5 11 6 13 3 15 4 12 5 13 1 1 -1 14 1 11 5 15 3 13 2 14 2 11 2 15 5 12 2 10 4 10 3 12 -1 11 -2 15 2 11 -1 14 1 11 1 15 1 15 -3 11 0 13 -3 11 1 12 -1 12 0 14 -2 15 -1 15 -4 -1 -1 0 0 0 0 0 0 0 0 ]
CSI_DATA,AP,68:FE:71:12:53:8C,-38,11,1,6,1,1,1,0,0,0,0,-94,0,6,1,33476882,0,84,0,0,33.477,384,[84 -64 4 0 0 0 0 0 0 0 0 0 -17 -5 -19 -3 -18 -7 -15 -8 -15 -6 -14 -8 -15 -9 -13 -8 -17 -9 -16 -7 -16 -6 -15 -8 -13 -9 -15 -8 -13 -6 -16 -10 -14 -8 -14 -7 -14 -7 -14 -7 -12 -10 -14 -8 -14 -9 -13 -7 -13 -8 -12 -7 2 -1 -15 -6 -12 -6 -15 -8 -14 -5 -14 -8 -15 -6 -12 -8 -11 -7 -14 -7 -12 -2 -12 -3 -13 -3 -11 -4 -13 -4 -12 -3 -12 -5 -11 -2 -11 -3 -13 -5 -15 -2 -13 -1 -15 -2 -15 -2 -14 -1 -12 -4 -13 -2 0 -2 0 0 0 0 0 0 0 0 ]
CSI_DATA,AP,68:FE:71:12:53:8C,-39,11,1,6,1,1,1,0,0,0,1,-95,0,6,1,33610149,0,84,0,0,33.61,384,[84 -64 4 0 0 0 0 0 0 0 0 0 -21 4 -18 5 -22 5 -19 3 -20 0 -18 0 -22 3 -22 0 -20 2 -22 2 -18 -1 -20 0 -20 1 -21 0 -18 -2 -20 -1 -16 -4 -20 -2 -19 -2 -18 -4 -19 0 -17 -3 -18 -1 -15 -2 -18 -4 -15 -4 0 -1 -15 1 -15 0 -18 0 -17 -1 -15 0 -18 -2 -15 3 -14 1 -16 1 -14 -1 -18 2 -15 4 -16 2 -13 3 -15 3 -15 3 -14 1 -15 2 -16 2 -17 3 -14 4 -17 6 -16 3 -16 5 -16 6 -17 4 1 -2 0 0 0 0 0 0 0 0 ]
CSI_DATA,AP,68:FE:71:12:53:8C,-38,11,1,5,1,1,1,0,0,0,0,-93,0,6,1,33737979,0,84,0,0,33.738,384,[84 -64 4 0 0 0 0 0 0 0 0 0 7 5 4 8 6 7 4 6 7 6 6 8 5 7 3 9 2 10 6 8 3 10 2 6 1 6 3 10 1 10 2 9 3 10 0 6 0 10 3 9 3 6 5 9 3 9 0 9 1 8 0 9 -1 2 3 5 3 9 3 5 5 5 5 4 6 4 4 8 5 6 3 6 4 4 4 4 2 7 5 4 5 7 3 6 4 3 6 3 3 4 3 4 4 6 4 7 4 6 4 3 6 5 7 2 6 2 -1 -1 0 0 0 0 0 0 0 0 ]
CSI_DATA,AP,68:FE:71:12:53:8C,-41,11,1,5,1,1,1,0,0,0,0,-96,0,6,1,33896305,0,82,0,0,33.896,384,[84 -64 4 0 0 0 0 0 0 0 0 0 23 31 18 30 20 32 18 33 18 34 16 36 16 34 15 33 14 33 11 32 9 35 13 36 11 36 9 36 9 34 11 37 10 35 5 30 7 35 7 34 7 34 8 32 9 30 7 35 6 36 7 31 0 1 9 29 12 32 9 29 11 29 10 30 9 28 12 29 12 28 13 27 14 29 11 29 10 30 12 28 15 27 11 26 14 27 16 26 17 29 17 23 19 23 17 28 18 26 17 28 19 24 16 26 20 26 -1 2 0 0 0 0 0 0 0 0 ]
CSI_DATA,AP,68:FE:71:12:53:8C,-43,11,1,4,1,1,1,0,0,0,0,-96,0,6,1,34033989,0,84,0,0,34.034,384,[84 -64 4 0 0 0 0 0 0 0 0 0 13 -15 13 -13 15 -15 14 -14 17 -13 16 -10 14 -10 16 -10 18 -9 15 -11 14 -9 16 -11 15 -11 17 -10 18 -11 16 -10 14 -9 13 -10 16 -10 15 -7 13 -8 13 -11 16 -9 16 -8 12 -12 14 -10 0 -2 15 -9 11 -10 11 -9 14 -11 10 -8 13 -10 10 -11 11 -9 12 -10 13 -12 12 -10 11 -9 10 -13 10 -14 10 -11 12 -11 9 -14 8 -15 10 -12 8 -13 7 -14 9 -12 7 -13 9 -13 8 -14 8 -15 2 -2 0 0 0 0 0 0 0 0 ]
CSI_DATA,AP,68:FE:71:12:53:8C,-41,11,1,4,1,1,1,0,0,0,0,-95,0,6,1,34147861,0,84,0,0,34.148,384,[84 -64 4 0 0 0 0 0 0 0 0 0 -3 -19 0 -18 -2 -22 -2 -19 0 -20 1 -19 1 -18 1 -16 2 -20 0 -18 3 -17 3 -16 0 -16 3 -20 5 -16 2 -16 5 -15 0 -16 5 -15 0 -16 4 -18 4 -16 2 -15 0 -17 4 -17 0 -15 2 1 2 -17 3 -14 2 -15 2 -16 1 -14 -1 -14 -2 -17 -1 -16 2 -13 -3 -13 0 -17 0 -16 0 -13 -1 -15 -4 -15 0 -15 -2 -13 0 -13 -3 -16 -3 -15 -4 -17 -6 -13 -1 -17 -4 -16 -3 -15 -3 -14 1 1 0 0 0 0 0 0 0 0 ]
CSI_DATA,AP,68:FE:71:12:53:8C,-36,11,1,6,1,1,1,0,0,0,0,-95,0,6,1,34311370,0,84,0,0,34.311,384,[84 -64 4 0 0 0 0 0 0 0 0 0 6 -20 5 -20 3 -18 4 -19 7 -20 7 -17 8 -18 5 -20 7 -18 6 -20 10 -18 11 -19 7 -16 10 -19 8 -15 7 -17 10 -18 9 -14 7 -14 8 -13 6 -16 7 -17 7 -17 8 -13 6 -16 8 -17 -1 -2 6 -15 3 -15 7 -14 6 -17 7 -17 7 -16 3 -15 4 -13 6 -13 2 -17 2 -17 2 -15 4 -14 2 -14 2 -17 2 -16 3 -14 0 -15 0 -17 0 -15 3 -15 -1 -16 -1 -18 -2 -15 1 -16 2 -15 1 -1 0 0 0 0 0 0 0 0 ]
CSI_DATA,AP,68:FE:71:12:53:8C,-38,11,1,6,1,1,1,0,0,0,0,-94,0,6,1,34476211,0,84,0,0,34.476,384,[84 -64 4 0 0 0 0 0 0 0 0 0 2 21 2 23 1 21 0 21 2 22 -4 24 -4 22 -3 22 -4 21 -1 23 -2 21 -3 21 -5 20 -2 20 -3 21 -2 19 -3 21 -5 21 -3 17 -4 16 -6 18 -5 19 -6 16 -4 18 -5 16 -6 16 2 -2 -2 17 -4 17 -1 19 -2 19 0 17 -1 18 -2 16 0 18 -3 16 -2 16 1 16 1 18 -1 17 2 18 3 18 0 18 2 16 0 18 1 18 3 14 0 18 1 16 3 20 2 18 4 17 1 16 1 -1 0 0 0 0 0 0 0 0 ]
CSI_DATA,AP,68:FE:71:12:53:8C,-38,11,1,7,1,1,1,0,0,0,0,-95,0,6,1,34638901,0,84,0,0,34.639,384,[84 -64 4 0 0 0 0 0 0 0 0 0 19 -3 20 -2 20 -2 19 -1 18 2 17 0 20 3 19 1 21 2 20 1 18 1 18 1 20 6 18 2 17 4 21 5 20 2 15 2 18 2 19 3 15 4 17 1 16 3 18 4 15 2 15 1 0 1 17 3 18 1 14 1 17 1 13 1 17 2 16 0 14 -1 16 2 14 -1 14 -1 16 0 17 1 16 -1 14 -4 14 0 17 -3 16 -3 14 -3 16 -6 13 -2 16 -3 15 -5 13 -5 15 -4 16 -4 -2 -2 0 0 0 0 0 0 0 0 ]
CSI_DATA,AP,68:FE:71:12:53:8C,-40,11,1,5,1,1,1,0,0,0,0,-94,0,6,1,34792881,0,84,0,0,34.793,384,[84 -64 4 0 0 0 0 0 0 0 0 0 14 -15 14 -17 15 -17 14 -17 13 -14 16 -14 14 -13 16 -15 18 -11 15 -13 18 -13 16 -10 18 -10 18 -11 15 -8 17 -12 16 -11 16 -10 15 -8 14 -9 13 -12 13 -8 16 -10 16 -12 13 -9 13 -12 2 -1 16 -9 15 -8 12 -10 13 -11 14 -9 14 -11 11 -10 12 -12 11 -12 12 -14 13 -12 10 -12 10 -10 11 -10 12 -14 12 -10 12 -13 10 -12 9 -15 9 -13 10 -14 11 -12 13 -11 12 -13 9 -15 10 -13 -2 -2 0 0 0 0 0 0 0 0 ]
CSI_DATA,AP,68:FE:71:12:53:8C,-36,11,1,7,1,1,1,1,0,0,0,-95,1,6,1,34907084,0,84,0,0,34.907,384,[84 -64 4 0 0 0 0 0 0 0 0 0 18 -8 20 -6 22 -6 19 -5 20 -3 19 -2 21 -5 20 -2 20 -2 19 -4 20 0 18 -2 19 -3 20 -2 19 1 18 1 17 -2 18 0 19 -1 18 1 17 1 18 -1 16 -1 15 -3 17 -3 17 0 -2 1 15 -4 18 -3 19 -3 17 -4 16 -1 15 -5 19 -5 16 -6 14 -3 15 -4 16 -6 13 -6 17 -4 18 -4 16 -4 18 -5 16 -7 13 -8 14 -7 14 -6 17 -8 16 -6 13 -6 17 -10 15 -8 12 -9 -2 2 0 0 0 0 0 0 0 0 ]
CSI_DATA,AP,68:FE:71:12:53:8C,-40,11,1,4,1,1,1,1,0,0,0,-96,4,6,1,35024616,0,84,0,0,35.025,384,[84 -64 4 0 0 0 0 0 0 0 0 0 -12 21 -12 19 -12 19 -14 21 -12 18 -11 18 -14 17 -15 16 -14 17 -16 14 -16 18 -14 17 -13 14 -13 16 -14 15 -17 17 -13 16 -15 14 -16 12 -15 13 -13 13 -13 15 -12 12 -11 14 -14 15 -14 12 -1 0 -11 12 -11 13 -13 16 -12 12 -11 13 -12 14 -9 12 -8 12 -8 14 -9 15 -8 17 -6 14 -10 17 -8 13 -10 13 -10 16 -9 14 -7 18 -6 14 -7 16 -8 14 -7 14 -4 16 -4 17 -7 18 -6 18 0 1 0 0 0 0 0 0 0 0 ]
CSI_DATA,AP,68:FE:71:12:53:8C,-41,11,1,6,1,1,1,0,0,0,0,-95,0,6,1,35138436,0,84,0,0,35.138,384,[84 -64 4 0 0 0 0 0 0 0 0 0 16 14 17 14 18 15 16 16 17 12 13 16 17 12 13 13 14 15 12 14 13 18 13 18 11 16 14 17 13 17 14 17 12 17 12 16 14 15 12 13 13 12 12 14 11 12 13 14 13 17 10 16 2 1 10 10 14 10 14 11 12 11 13 10 16 12 14 10 12 12 11 11 14 10 12 8 12 10 15 8 12 10 14 7 17 9 17 9 14 6 16 8 16 3 14 7 16 8 15 9 18 9 16 5 15 7 0 0 0 0 0 0 0 0 0 0 ]
CSI_DATA,AP,68:FE:71:12:53:8C,-43,11,1,5,1,1,1,0,0,0,0,-94,0,6,1,35269887,0,84,0,0,35.27,384,[84 -64 4 0 0 0 0 0 0 0 0 0 7 -18 7 -21 6 -19 11 -23 11 -19 11 -19 13 -17 12 -17 12 -20 13 -18 13 -19 12 -19 12 -17 12 -16 13 -18 13 -19 11 -14 9 -16 10 -17 11 -16 11 -13 13 -15 11 -15 10 -16 11 -17 11 -13 2 -1 11 -16 12 -17 8 -17 10 -15 9 -13 9 -16 9 -17 5 -16 6 -16 4 -14 6 -17 8 -17 4 -14 4 -16 7 -17 7 -18 6 -15 3 -15 5 -18 4 -17 7 -19 2 -15 3 -19 0 -16 5 -15 0 -19 2 2 0 0 0 0 0 0 0 0 ]
CSI_DATA,AP,68:FE:71:12:53:8C,-41,11,1,4,1,1,1,0,0,0,0,-94,0,6,1,35394104,0,84,0,0,35.394,384,[84 -64 4 0 0 0 0 0 0 0 0 0 11 17 13 18 10 16 10 21 11 20 7 21 9 19 9 19 8 21 8 16 8 19 6 18 6 18 7 20 6 18 6 19 6 18 5 18 3 21 3 16 2 19 4 16 4 13 3 18 3 16 3 19 -1 -1 7 17 4 17 5 15 7 16 6 18 8 17 8 15 4 15 8 14 7 13 6 16 7 12 5 15 9 16 10 15 11 13 7 12 12 12 12 12 8 14 9 14 7 14 11 13 13 12 11 13 11 10 2 0 0 0 0 0 0 0 0 0 ]
CSI_DATA,AP,68:FE:71:12:53:8C,-42,11,1,5,1,1,1,0,0,0,0,-96,0,6,1,35516051,0,84,0,0,35.516,384,[84 -64 4 0 0 0 0 0 0 0 0 0 19 11 17 11 17 9 19 11 19 11 18 10 16 14 15 12 18 14 14 15 19 12 19 12 16 13 15 13 12 15 15 14 13 16 10 14 14 11 14 15 15 15 11 15 11 10 14 10 15 11 15 11 0 -2 11 12 13 11 13 13 12 9 12 9 15 11 12 11 16 10 15 8 14 7 14 9 16 5 15 10 13 10 15 9 15 7 16 9 18 5 17 6 16 3 17 4 18 4 17 6 18 5 18 4 16 4 2 1 0 0 0 0 0 0 0 0 ]
CSI_DATA,AP,68:FE:71:12:53:8C,-43,11,1,4,1,1,1,0,0,0,0,-94,0,6,1,35641849,0,84,0,0,35.642,384,[84 -64 4 0 0 0 0 0 0 0 0 0 -2 -19 -4 -18 -4 -20 -3 -20 0 -23 1 -19 2 -23 1 -22 3 -22 2 -18 2 -21 1 -22 4 -19 2 -18 5 -21 4 -19 1 -17 1 -16 6 -16 5 -18 2 -16 4 -19 3 -18 2 -17 2 -18 1 -18 -1 0 3 -18 2 -19 4 -17 -1 -18 4 -18 2 -19 0 -17 0 -17 0 -16 -2 -16 1 -16 -2 -15 1 -19 -1 -15 1 -18 -4 -18 0 -16 -5 -18 -3 -15 -4 -16 -2 -14 -3 -18 -3 -16 -2 -15 -4 -17 -6 -15 2 1 0 0 0 0 0 0 0 0 ]
CSI_DATA,AP,68:FE:71:12:53:8C,-40,11,1,6,1,1,1,0,0,0,0,-96,0,6,1,35790568,0,84,0,0,35.791,384,[84 -64 4 0 0 0 0 0 0 0 0 0 13 12 12 13 13 16 16 17 14 17 9 18 11 15 8 16 9 17 9 13 12 17 12 19 12 19 9 16 8 15 7 15 7 14 6 17 5 17 5 14 7 15 8 14 5 13 6 14 9 16 9 17 -1 2 10 15 10 12 10 15 12 12 9 11 8 15 6 11 9 14 10 14 7 9 9 14 10 13 12 10 13 13 10 10 10 10 13 10 14 9 12 11 10 7 13 11 11 10 10 10 11 8 13 10 16 7 0 0 0 0 0 0 0 0 0 0 ]
CSI_DATA,AP,68:FE:71:12:53:8C,-43,11,1,6,1,1,1,1,0,0,0,-95,2,6,1,35912682,0,84,0,0,35.913,384,[84 -64 4 0 0 0 0 0 0 0 0 0 -6 19 -5 19 -6 22 -9 20 -9 20 -6 19 -9 19 -8 16 -6 19 -10 17 -9 19 -11 20 -12 16 -8 18 -8 15 -8 20 -10 16 -10 15 -10 17 -9 15 -10 14 -8 14 -8 14 -10 14 -11 17 -8 15 -2 -2 -8 16 -7 16 -5 14 -3 14 -7 14 -8 14 -8 16 -3 16 -5 14 -5 13 -5 17 -6 18 -3 15 -3 18 -5 18 -3 19 -3 18 1 15 -2 17 -3 15 -4 15 -1 15 -1 15 2 19 -3 17 2 18 0 0 0 0 0 0 0 0 0 0 ]
CSI_DATA,AP,68:FE:71:12:53:8C,-39,11,1,4,1,1,1,0,0,0,0,-95,0,6,1,36065282,0,84,0,0,36.065,384,[84 -64 4 0 0 0 0 0 0 0 0 0 -22 -5 -23 -2 -20 -7 -23 -8 -22 -5 -21 -4 -21 -6 -17 -6 -21 -9 -20 -10 -18 -8 -20 -10 -20 -10 -19 -10 -17 -11 -21 -8 -17 -7 -14 -9 -16 -10 -15 -11 -18 -12 -19 -10 -17 -9 -18 -9 -15 -7 -17 -7 0 0 -16 -10 -17 -8 -17 -6 -18 -8 -16 -5 -19 -4 -17 -8 -16 -5 -14 -5 -14 -6 -19 -5 -16 -4 -15 -4 -16 -3 -17 -4 -20 -2 -19 -3 -18 -4 -17 -5 -16 1 -17 -4 -15 -4 -19 -2 -18 -1 -19 -1 -18 2 -1 -2 0 0 0 0 0 0 0 0 ]
CSI_DATA,AP,68:FE:71:12:53:8C,-46,11,1,3,1,1,1,0,0,0,0,-96,0,6,1,36192948,0,84,0,0,36.193,384,[84 -64 4 0 0 0 0 0 0 0 0 0 -15 15 -17 15 -16 13 -16 14 -15 15 -15 10 -19 9 -18 10 -20 11 -16 10 -18 11 -18 11 -18 10 -17 7 -20 10 -17 8 -19 7 -19 9 -15 7 -19 7 -20 6 -18 10 -16 8 -16 7 -20 8 -15 8 -2 -1 -18 7 -15 10 -17 8 -16 7 -15 8 -16 9 -13 9 -16 7 -12 9 -16 10 -16 10 -14 8 -15 10 -13 8 -13 11 -15 12 -13 11 -11 14 -13 9 -10 14 -15 11 -11 11 -13 10 -11 14 -13 11 -13 12 -1 1 0 0 0 0 0 0 0 0 ]
CSI_DATA,AP,68:FE:71:12:53:8C,-40,11,1,4,1,1,1,0,0,0,0,-96,0,6,1,36308686,0,84,0,0,36.309,384,[84 -64 4 0 0 0 0 0 0 0 0 0 -15 -15 -16 -15 -15 -18 -14 -16 -14 -15 -11 -15 -13 -20 -12 -20 -8 -20 -10 -15 -8 -19 -8 -20 -10 -19 -10 -17 -10 -19 -9 -16 -8 -16 -7 -18 -7 -16 -6 -20 -10 -16 -8 -20 -5 -16 -10 -19 -10 -20 -6 -17 -2 1 -6 -16 -8 -17 -10 -16 -11 -14 -10 -17 -7 -16 -11 -14 -10 -15 -10 -16 -10 -11 -8 -12 -11 -11 -8 -15 -11 -13 -8 -15 -12 -14 -13 -16 -10 -12 -11 -11 -13 -11 -13 -11 -12 -14 -10 -12 -11 -12 -13 -10 -13 -14 2 0 0 0 0 0 0 0 0 0 ]
CSI_DATA,AP,68:FE:71:12:53:8C,-39,11,1,4,1,1,1,1,0,0,0,-94,6,6,1,36446919,0,84,0,0,36.447,384,[84 -64 4 0 0 0 0 0 0 0 0 0 -10 -18 -13 -19 -13 -18 -12 -21 -9 -21 -10 -19 -8 -17 -6 -17 -10 -21 -5 -17 -6 -22 -6 -18 -4 -18 -6 -19 -6 -16 -4 -22 -4 -16 -3 -19 -7 -17 -5 -16 -5 -18 -4 -17 -6 -18 -5 -19 -6 -17 -7 -16 0 0 -5 -17 -6 -16 -7 -14 -5 -16 -7 -14 -8 -17 -9 -17 -6 -15 -8 -14 -8 -14 -8 -13 -10 -12 -11 -13 -7 -17 -11 -14 -9 -13 -8 -15 -12 -14 -10 -16 -12 -14 -10 -12 -10 -12 -11 -15 -13 -15 -12 -12 -13 -15 -2 1 0 0 0 0 0 0 0 0 ]
CSI_DATA,AP,68:FE:71:12:53:8C,-40,11,1,5,1,1,1,1,0,0,0,-96,3,6,1,36568239,0,84,0,0,36.568,384,[84 -64 4 0 0 0 0 0 0 0 0 0 -21 -11 -20 -10 -22 -11 -18 -15 -21 -12 -19 -12 -20 -11 -16 -14 -17 -12 -15 -15 -18 -13 -14 -13 -14 -13 -17 -14 -14 -15 -15 -16 -14 -15 -13 -15 -16 -15 -14 -14 -14 -15 -13 -15 -14 -15 -12 -15 -12 -16 -11 -14 -2 -2 -12 -11 -16 -13 -15 -13 -16 -10 -11 -13 -16 -13 -16 -11 -12 -9 -16 -8 -14 -9 -16 -11 -12 -11 -14 -8 -16 -7 -14 -8 -14 -7 -17 -11 -16 -6 -15 -7 -16 -5 -15 -6 -18 -5 -17 -5 -20 -6 -19 -7 -15 -8 -1 1 0 0 0 0 0 0 0 0 ]
CSI_DATA,AP,68:FE:71:12:53:8C,-38,11,1,5,1,1,1,0,0,0,0,-95,0,6,1,36687417,0,84,0,0,36.687,384,[84 -64 4 0 0 0 0 0 0 0 0 0 19 -8 20 -4 21 -8 24 -3 22 -6 19 -4 21 -2 20 -1 18 1 19 -3 22 -2 19 1 19 -1 17 1 19 -1 18 2 21 0 17 0 16 -2 18 -2 15 1 17 1 14 2 18 1 16 -1 17 2 -2 0 18 0 17 -1 18 0 17 -4 16 0 16 1 14 1 17 -4 15 -4 13 -5 17 -3 14 -4 16 -4 14 -3 14 -4 16 -4 16 -7 14 -8 13 -6 15 -6 14 -8 15 -7 15 -8 15 -7 14 -5 16 -10 -2 0 0 0 0 0 0 0 0 0 ]
CSI_DATA,AP,68:FE:71:12:53:8C,-38,11,1,6,1,1,1,0,0,0,0,-96,0,6,1,36827161,0,84,0,0,36.827,384,[84 -64 4 0 0 0 0 0 0 0 0 0 18 -9 14 -12 17 -13 17 -9 18 -8 16 -7 17 -7 14 -5 15 -8 18 -5 18 -8 20 -4 19 -7 16 -5 15 -5 17 -7 19 -4 15 -4 17 -5 17 -6 16 -7 18 -4 15 -2 16 -5 17 -6 16 -7 -1 -2 13 -4 13 -8 15 -7 14 -6 15 -7 16 -7 15 -6 13 -6 11 -9 14 -9 16 -9 14 -6 12 -8 13 -6 11 -10 13 -10 12 -7 13 -11 13 -9 10 -11 13 -11 13 -12 11 -10 11 -9 13 -8 9 -11 -2 0 0 0 0 0 0 0 0 0 ]
CSI_DATA,AP,68:FE:71:12:53:8C,-38,11,1,5,1,1,1,0,0,0,0,-95,0,6,1,36958464,0,84,0,0,36.958,384,[84 -64 4 0 0 0 0 0 0 0 0 0 -18 -2 -17 1 -21 0 -21 -1 -21 0 -17 -5 -19 0 -17 -3 -17 -2 -19 -4 -18 -4 -21 -4 -18 -5 -17 -4 -16 -5 -17 -3 -15 -7 -14 -4 -17 -5 -19 -3 -18 -5 -18 -5 -15 -3 -15 -5 -14 -7 -17 -4 0 0 -15 -5 -18 -5 -17 -6 -16 -5 -16 -5 -17 -1 -15 -3 -13 -1 -15 -2 -17 0 -16 -1 -17 -4 -13 -2 -16 0 -17 1 -17 0 -17 -2 -18 -1 -16 1 -16 2 -17 1 -14 2 -14 0 -14 4 -13 1 -16 0 -2 0 0 0 0 0 0 0 0 0 ]
CSI_DATA,AP,68:FE:71:12:53:8C,-44,11,1,5,1,1,1,1,0,0,0,-94,3,6,1,37117430,0,84,0,0,37.117,384,[84 -64 4 0 0 0 0 0 0 0 0 0 10 2 10 3 9 2 8 4 6 4 5 7 5 6 7 7 6 5 6 6 9 8 6 6 5 6 6 6 7 8 7 5 5 4 3 4 5 5 7 4 6 4 6 7 2 3 7 8 3 5 3 7 -2 2 6 6 3 3 5 3 3 6 7 5 4 5 6 3 5 2 7 4 7 3 7 5 4 6 7 4 8 6 5 5 7 5 9 5 9 5 8 3 7 1 5 3 8 4 7 3 9 4 8 3 8 4 1 1 0 0 0 0 0 0 0 0 ]
CSI_DATA,AP,68:FE:71:12:53:8C,-38,11,1,7,1,1,1,0,0,0,0,-95,0,6,1,37262677,0,84,0,0,37.263,384,[84 -64 4 0 0 0 0 0 0 0 0 0 7 -15 4 -17 5 -19 5 -18 8 -17 9 -15 8 -15 8 -16 7 -12 10 -13 11 -15 9 -13 10 -12 7 -13 9 -14 9 -15 10 -13 7 -10 10 -12 8 -11 8 -13 9 -9 11 -11 7 -13 11 -14 10 -14 2 -1 9 -11 7 -11 10 -10 5 -12 9 -11 8 -11 9 -11 7 -12 4 -10 5 -11 7 -12 7 -11 4 -13 6 -11 5 -15 3 -13 3 -12 3 -14 5 -14 2 -15 5 -14 3 -15 2 -16 0 -15 1 -12 0 -15 0 1 0 0 0 0 0 0 0 0 ]
CSI_DATA,AP,68:FE:71:12:53:8C,-39,11,1,4,1,1,1,0,0,0,0,-96,0,6,1,37396040,0,84,0,0,37.396,384,[84 -64 4 0 0 0 0 0 0 0 0 0 -6 13 -9 10 -10 12 -7 15 -7 13 -6 10 -7 11 -9 13 -9 9 -12 9 -11 10 -9 10 -10 10 -12 11 -8 9 -12 9 -9 10 -9 6 -9 8 -7 11 -10 6 -10 7 -11 8 -8 10 -8 8 -10 9 -1 0 -9 11 -11 12 -8 7 -6 10 -10 9 -6 9 -10 9 -6 10 -5 7 -5 8 -6 12 -7 10 -6 8 -5 9 -6 11 -4 8 -7 9 -2 12 -4 11 -3 12 -4 11 -4 12 -2 9 -5 13 -2 11 -6 12 -2 -2 0 0 0 0 0 0 0 0 ]
CSI_DATA,AP,68:FE:71:12:53:8C,-40,11,1,5,1,1,1,1,0,0,0,-95,6,6,1,37521195,0,84,0,0,37.521,384,[84 -64 4 0 0 0 0 0 0 0 0 0 9 -4 5 -1 10 -2 9 -1 6 0 6 -3 10 2 7 -2 8 2 9 -2 9 -2 8 2 10 -1 8 -2 8 2 7 3 8 1 6 2 5 1 7 3 9 2 8 3 7 -1 5 4 10 2 9 3 2 -2 5 0 5 3 5 2 8 -1 9 0 5 -1 7 0 8 2 5 -1 5 0 5 0 4 -1 8 0 4 -2 4 1 8 -2 8 -2 5 -2 8 0 5 -4 5 -1 9 -2 7 0 6 -4 9 -3 6 -4 0 0 0 0 0 0 0 0 0 0 ]
CSI_DATA,AP,68:FE:71:12:53:8C,-40,11,1,5,1,1,1,0,0,0,0,-95,0,6,1,37626803,0,84,0,0,37.627,384,[84 -64 4 0 0 0 0 0 0 0 0 0 -14 -15 -10 -15 -9 -16 -8 -20 -12 -18 -6 -15 -8 -20 -5 -15 -8 -20 -7 -17 -9 -20 -6 -17 -5 -17 -5 -16 -7 -18 -7 -19 -3 -17 -5 -16 -7 -14 -3 -17 -3 -16 -7 -18 -4 -14 -3 -15 -3 -18 -3 -17 0 2 -7 -15 -6 -15 -8 -13 -6 -14 -6 -14 -9 -14 -5 -15 -8 -14 -5 -15 -5 -14 -10 -14 -9 -14 -10 -11 -9 -12 -9 -13 -9 -11 -11 -12 -12 -9 -10 -12 -12 -11 -7 -11 -11 -9 -10 -9 -13 -10 -10 -10 -11 -11 1 -1 0 0 0 0 0 0 0 0 ]
CSI_DATA,AP,68:FE:71:12:53:8C,-36,11,1,5,1,1,1,0,0,0,0,-94,0,6,1,37729320,0,84,0,0,37.729,384,[84 -64 4 0 0 0 0 0 0 0 0 0 22 -10 21 -8 19 -8 19 -8 22 -5 17 -6 18 -4 18 -4 15 -4 16 -4 19 -4 16 -3 16 -3 14 0 17 -1 15 -1 13 0 14 -3 11 -1 12 -1 14 -3 10 -1 10 0 10 -2 13 -1 11 -5 1 2 9 -5 13 -3 9 -5 9 -5 10 -4 11 -2 11 -3 9 -6 11 -7 10 -8 8 -5 10 -8 7 -4 8 -7 11 -7 9 -6 12 -9 12 -9 12 -7 9 -7 9 -9 7 -10 7 -12 10 -11 12 -9 10 -7 0 2 0 0 0 0 0 0 0 0 ]
CSI_DATA,AP,68:FE:71:12:53:8C,-34,11,1,5,1,1,1,0,0,0,0,-94,0,6,1,37837364,0,84,0,0,37.837,384,[84 -64 4 0 0 0 0 0 0 0 0 0 -27 7 -25 11 -29 7 -27 6 -26 5 -27 2 -28 3 -26 4 -23 3 -22 1 -23 0 -24 0 -21 0 -20 3 -20 -2 -21 -1 -20 3 -21 2 -17 2 -19 1 -15 -1 -18 -2 -15 -1 -17 3 -16 1 -17 4 -1 -1 -14 0 -12 3 -14 4 -15 7 -12 6 -13 5 -13 4 -10 5 -9 7 -8 8 -9 6 -10 7 -11 9 -8 9 -10 7 -9 9 -8 9 -9 9 -10 12 -8 11 -7 9 -9 14 -6 10 -6 12 -5 11 -8 13 -2 -2 0 0 0 0 0 0 0 0 ]
CSI_DATA,AP,68:FE:71:12:53:8C,-39,11,1,5,1,1,1,0,0,0,0,-95,0,6,1,37973047,0,84,0,0,37.973,384,[84 -64 4 0 0 0 0 0 0 0 0 0 13 27 10 28 8 31 10 30 6 28 3 29 5 28 6 25 1 24 3 23 3 27 2 25 3 25 2 22 0 22 4 22 1 21 3 21 0 17 -1 20 1 20 0 17 -1 17 3 18 4 17 7 16 2 1 4 13 3 13 8 14 7 12 6 12 7 14 7 13 7 12 7 12 6 12 9 10 8 11 7 11 7 7 11 10 11 9 9 6 12 5 8 7 11 7 9 5 9 8 13 2 12 5 12 3 13 2 1 1 0 0 0 0 0 0 0 0 ]
CSI_DATA,AP,68:FE:71:12:53:8C,-40,11,1,4,1,1,1,0,0,0,0,-96,0,6,1,38078005,0,84,0,0,38.078,384,[84 -64 4 0 0 0 0 0 0 0 0 0 15 4 15 5 16 8 18 6 18 7 14 7 12 10 10 7 11 6 12 7 15 10 14 10 11 8 12 10 9 6 14 8 13 5 13 5 9 9 10 8 10 9 11 8 8 6 10 8 13 9 13 6 0 0 11 6 12 4 14 4 14 8 15 6 12 5 12 7 12 7 13 3 14 6 16 4 15 3 14 6 14 3 12 4 16 5 16 4 15 5 16 4 15 4 17 7 14 6 16 5 16 5 12 3 13 6 -2 1 0 0 0 0 0 0 0 0 ]
CSI_DATA,AP,68:FE:71:12:53:8C,-40,11,1,5,1,1,1,0,0,0,0,-96,0,6,1,38193987,0,84,0,0,38.194,384,[84 -64 4 0 0 0 0 0 0 0 0 0 -21 -4 -24 -4 -21 -5 -22 -8 -24 -8 -20 -6 -24 -8 -23 -7 -23 -10 -21 -10 -23 -11 -25 -11 -21 -10 -24 -12 -24 -12 -23 -9 -21 -12 -21 -9 -20 -11 -22 -14 -22 -12 -23 -13 -18 -10 -22 -13 -22 -11 -21 -9 1 -1 -21 -10 -24 -8 -23 -8 -24 -8 -24 -11 -21 -12 -24 -8 -21 -11 -22 -7 -20 -5 -27 -4 -23 -8 -25 -7 -25 -5 -23 -5 -26 -5 -27 -8 -27 -5 -26 -6 -22 -4 -23 -8 -22 -7 -26 -7 -26 -2 -22 -7 -22 -5 2 -2 0 0 0 0 0 0 0 0 ]
CSI_DATA,AP,68:FE:71:12:53:8C,-41,11,1,6,1,1,1,0,0,0,0,-95,0,6,1,38325129,0,84,0,0,38.325,384,[84 -64 4 0 0 0 0 0 0 0 0 0 -5 17 -3 16 -6 20 -4 17 -5 16 -7 15 -4 18 -6 18 -8 16 -8 15 -7 15 -4 18 -7 18 -8 15 -8 15 -5 17 -6 18 -6 14 -8 14 -7 15 -5 11 -6 13 -9 14 -9 16 -8 17 -6 15 1 0 -4 15 -8 16 -6 12 -6 12 -7 11 -8 16 -3 13 -6 11 -3 15 -5 13 -6 13 -3 14 -5 12 -6 12 -4 12 -4 11 -3 13 -6 13 -5 14 -1 11 -1 10 -1 11 -1 14 0 10 -1 9 2 11 -2 0 0 0 0 0 0 0 0 0 ]
CSI_DATA,AP,68:FE:71:12:53:8C,-41,11,1,4,1,1,1,0,0,0,0,-93,0,6,1,38460177,0,84,0,0,38.46,384,[84 -64 4 0 0 0 0 0 0 0 0 0 -12 -15 -14 -12 -14 -11 -14 -16 -16 -18 -10 -16 -13 -15 -14 -15 -13 -20 -8 -18 -10 -19 -13 -19 -11 -20 -9 -22 -12 -19 -14 -20 -6 -23 -7 -21 -10 -19 -11 -20 -6 -20 -8 -23 -4 -21 -8 -19 -8 -23 -6 -20 -1 2 -6 -19 -9 -22 -10 -18 -11 -20 -9 -18 -11 -21 -8 -19 -11 -20 -8 -18 -8 -17 -9 -20 -8 -17 -13 -20 -9 -17 -11 -16 -11 -18 -14 -21 -11 -17 -13 -17 -11 -14 -10 -18 -12 -15 -14 -15 -16 -17 -11 -16 -14 -15 -2 0 0 0 0 0 0 0 0 0 ]
CSI_DATA,AP,68:FE:71:12:53:8C,-39,11,1,6,1,1,1,0,0,0,0,-96,0,6,1,38599667,0,84,0,0,38.6,384,[84 -64 4 0 0 0 0 0 0 0 0 0 -3 -21 -3 -22 -5 -22 -5 -21 -3 -21 -1 -21 -2 -22 -1 -22 1 -23 -2 -18 0 -19 -1 -21 2 -23 -1 -19 1 -22 -1 -19 -1 -19 1 -16 2 -18 0 -17 0 -20 3 -17 0 -17 2 -15 1 -19 -2 -20 -1 -1 2 -17 2 -18 -2 -17 -3 -17 -3 -18 0 -15 0 -16 -2 -14 -3 -14 -1 -16 -4 -17 -1 -16 -5 -16 -5 -17 -4 -15 -3 -15 -4 -15 -7 -15 -5 -14 -4 -14 -4 -17 -4 -15 -4 -13 -7 -16 -6 -14 -4 -17 1 -2 0 0 0 0 0 0 0 0 ]
CSI_DATA,AP,68:FE:71:12:53:8C,-38,11,1,6,1,1,1,0,0,0,0,-95,0,6,1,38727256,0,84,0,0,38.727,384,[82 -96 4 0 0 0 0 0 0 0 0 0 17 -7 20 -8 18 -8 21 -7 17 -5 17 -5 19 -5 17 -4 20 -3 18 -4 18 -2 19 -4 20 -1 20 -3 16 -3 17 -1 16 -3 19 -4 16 -3 16 1 17 -1 18 -1 17 -1 15 -3 17 -3 16 -4 1 1 15 -3 15 0 14 -4 14 -2 13 -4 12 -5 15 -3 14 -4 15 -6 14 -7 14 -4 12 -4 16 -3 14 -6 12 -4 15 -4 13 -7 13 -8 16 -8 15 -7 13 -8 16 -9 12 -7 13 -10 12 -9 11 -9 -1 1 0 0 0 0 0 0 0 0 ]
CSI_DATA,AP,68:FE:71:12:53:8C,-42,11,1,5,1,1,1,1,0,0,0,-94,5,6,1,38876744,0,84,0,0,38.877,384,[84 -64 4 0 0 0 0 0 0 0 0 0 19 10 15 10 14 12 16 11 17 13 17 14 15 13 16 15 16 16 11 11 15 16 15 16 11 17 14 13 10 17 13 15 11 16 12 13 9 15 11 12 9 12 12 15 9 14 12 15 12 14 13 11 -1 1 13 11 8 11 10 11 11 9 11 12 13 13 10 10 13 9 10 11 11 9 9 9 9 9 11 10 14 10 13 11 13 10 11 6 14 8 15 6 14 9 15 6 14 9 16 4 14 6 17 7 12 8 2 0 0 0 0 0 0 0 0 0 ]
CSI_DATA,AP,68:FE:71:12:53:8C,-38,11,1,5,1,1,1,0,0,0,0,-95,0,6,1,38984132,0,84,0,0,38.984,384,[84 -64 4 0 0 0 0 0 0 0 0 0 20 5 16 9 19 8 20 10 19 8 17 8 18 9 16 7 14 8 16 11 16 11 16 8 16 8 17 10 15 12 12 8 13 12 13 10 16 8 11 11 15 11 13 9 11 10 15 11 13 8 13 10 0 2 12 8 11 9 14 5 13 9 14 8 15 4 14 7 12 6 13 4 12 5 15 6 15 5 15 6 12 2 14 4 16 6 12 4 14 2 15 2 14 1 12 4 15 1 15 3 14 4 13 2 15 3 1 -2 0 0 0 0 0 0 0 0 ]
CSI_DATA,AP,68:FE:71:12:53:8C,-38,11,1,5,1,1,1,0,0,0,0,-94,0,6,1,39135035,0,84,0,0,39.135,384,[84 -64 4 0 0 0 0 0 0 0 0 0 -8 17 -7 17 -8 17 -9 16 -12 16 -11 16 -13 16 -9 14 -13 16 -11 13 -10 16 -14 16 -14 14 -14 14 -13 12 -12 12 -13 13 -13 13 -12 13 -12 12 -12 13 -13 12 -12 11 -11 13 -10 10 -9 10 1 1 -12 12 -11 12 -12 14 -9 9 -8 11 -8 11 -11 13 -9 14 -7 10 -7 12 -9 12 -10 11 -6 12 -6 13 -9 10 -8 13 -6 11 -6 11 -4 14 -6 15 -6 14 -8 14 -6 16 -6 16 -3 14 -7 12 -1 2 0 0 0 0 0 0 0 0 ]
CSI_DATA,AP,68:FE:71:12:53:8C,-42,11,1,5,1,1,1,1,0,0,0,-93,2,6,1,39274997,0,84,0,0,39.275,384,[84 -64 4 0 0 0 0 0 0 0 0 0 12 10 13 12 14 15 14 17 14 13 12 14 9 18 13 18 8 15 12 16 12 18 12 17 11 15 10 17 8 15 8 15 9 15 6 15 9 14 8 17 6 15 7 14 5 11 6 12 9 12 8 15 -1 -1 10 12 10 15 7 14 10 10 8 13 10 12 6 14 10 12 8 11 9 9 12 12 12 12 10 11 13 10 11 13 14 11 11 8 13 9 12 9 12 10 14 7 10 10 13 9 15 11 11 10 15 6 -2 -2 0 0 0 0 0 0 0 0 ]
CSI_DATA,AP,68:FE:71:12:53:8C,-43,11,1,4,1,1,1,0,0,0,0,-94,0,6,1,39393267,0,84,0,0,39.393,384,[84 -64 4 0 0 0 0 0 0 0 0 0 -24 18 -25 18 -27 20 -27 17 -25 14 -26 16 -28 14 -25 13 -25 14 -25 14 -28 12 -29 15 -29 10 -25 12 -26 9 -29 10 -29 12 -25 12 -26 11 -27 9 -22 11 -27 8 -25 6 -26 8 -23 10 -22 8 -1 -2 -20 10 -25 10 -21 11 -23 14 -23 13 -23 10 -21 11 -19 11 -20 12 -21 10 -22 14 -18 13 -21 12 -20 14 -21 12 -19 14 -20 13 -20 15 -21 13 -18 16 -21 13 -20 13 -15 16 -18 16 -17 18 -18 18 2 1 0 0 0 0 0 0 0 0 ]
CSI_DATA,AP,68:FE:71:12:53:8C,-38,11,1,6,1,1,1,0,0,0,0,-93,0,6,1,39547406,0,84,0,0,39.547,384,[84 -64 4 0 0 0 0 0 0 0 0 0 23 -4 23 -1 22 -4 24 -2 21 -1 21 2 21 2 20 2 22 0 24 4 23 1 20 2 21 1 20 5 20 3 21 2 22 3 19 3 22 5 21 5 17 6 20 5 20 2 17 3 20 4 17 1 1 0 17 3 17 3 17 4 16 2 20 3 17 3 16 -1 15 1 15 2 18 -3 20 -2 18 -3 16 -3 18 -4 20 -2 20 -1 17 -1 19 -1 19 -5 17 -5 19 -3 16 -2 20 -2 19 -7 19 -4 18 -6 2 -1 0 0 0 0 0 0 0 0 ]
CSI_DATA,AP,68:FE:71:12:53:8C,-42,11,1,4,1,1,1,1,0,0,0,-93,4,6,1,39644368,0,84,0,0,39.644,384,[84 -64 4 0 0 0 0 0 0 0 0 0 -1 -19 1 -19 -1 -22 0 -21 -1 -21 4 -18 5 -18 2 -19 3 -17 2 -17 2 -20 3 -17 4 -18 3 -17 6 -17 3 -20 6 -20 6 -16 3 -19 6 -15 2 -17 4 -16 2 -16 2 -15 5 -19 4 -16 0 -1 1 -18 2 -14 4 -17 0 -16 2 -15 1 -14 0 -14 2 -16 4 -13 -2 -13 -1 -15 -1 -13 0 -14 -2 -17 -1 -14 0 -16 -3 -17 0 -17 -1 -16 -5 -13 0 -17 -1 -14 -5 -16 -4 -17 -2 -16 -5 -13 1 0 0 0 0 0 0 0 0 0 ]
CSI_DATA,AP,68:FE:71:12:53:8C,-38,11,0,0,0,0,0,0,0,0,0,-94,0,6,1,39771591,0,37,0,0,39.772,128,[84 -64 4 0 0 0 0 0 0 0 0 0 -7 -21 -9 -18 -9 -22 -7 -22 -6 -21 -4 -21 -2 -21 -4 -19 -2 -20 -4 -21 -4 -20 -4 -18 -3 -21 -1 -20 1 -21 -1 -21 0 -19 -3 -17 -2 -18 -2 -16 -1 -20 -1 -16 -2 -17 -1 -19 2 -19 1 -18 -2 2 0 -16 -2 -18 -1 -19 -3 -16 -3 -18 -1 -16 -4 -18 -1 -14 -3 -16 -5 -18 -2 -15 -5 -14 -2 -14 -5 -18 -6 -15 -6 -14 -3 -17 -6 -14 -4 -17 -4 -17 -7 -16 -5 -15 -5 -18 -5 -14 -7 -16 -5 -12 -2 -2 0 0 0 0 0 0 0 0 ]
CSI_DATA,AP,68:FE:71:12:53:8C,-41,11,1,6,1,1,1,0,0,0,0,-93,0,6,1,39903301,0,84,0,0,39.903,384,[84 -64 4 0 0 0 0 0 0 0 0 0 10 5 7 1 10 5 10 2 6 5 6 5 9 3 5 7 6 7 7 7 6 7 4 4 7 8 8 6 5 6 6 4 6 4 7 3 7 4 6 3 4 7 4 4 7 4 4 3 3 5 5 6 1 2 5 7 5 6 5 6 3 6 7 5 8 3 4 6 4 6 7 3 6 3 4 4 8 3 8 2 4 3 7 4 8 4 8 1 8 1 5 4 9 2 5 4 6 5 9 2 9 2 8 4 9 0 -2 1 0 0 0 0 0 0 0 0 ]
CSI_DATA,AP,68:FE:71:12:53:8C,-42,11,1,6,1,1,1,0,0,0,0,-95,0,6,1,40028742,0,84,0,0,40.029,384,[84 -64 4 0 0 0 0 0 0 0 0 0 -40 -8 -42 -9 -40 -9 -39 -15 -39 -16 -37 -17 -41 -16 -41 -17 -37 -18 -37 -18 -38 -19 -38 -23 -35 -22 -38 -20 -34 -23 -37 -24 -31 -22 -31 -17 -35 -19 -35 -21 -34 -18 -30 -20 -29 -18 -31 -19 -35 -23 -33 -18 -1 1 -31 -18 -31 -18 -30 -19 -34 -13 -32 -17 -32 -16 -35 -17 -31 -14 -29 -16 -29 -12 -36 -10 -32 -12 -33 -12 -36 -10 -32 -12 -36 -12 -35 -11 -35 -9 -36 -6 -32 -6 -35 -9 -32 -9 -37 -6 -39 -3 -34 -7 -35 -4 0 -2 0 0 0 0 0 0 0 0 ]
CSI_DATA,AP,68:FE:71:12:53:8C,-41,11,1,4,1,1,1,0,0,0,0,-95,0,6,1,40109849,0,84,0,0,40.11,384,[84 -64 4 0 0 0 0 0 0 0 0 0 -3 21 -6 19 -6 21 -8 20 -10 19 -8 18 -10 17 -10 16 -8 17 -13 16 -11 19 -11 17 -12 14 -9 16 -12 15 -13 14 -12 17 -9 15 -10 14 -12 13 -12 14 -10 14 -8 12 -10 14 -8 15 -11 15 -1 1 -10 15 -9 14 -8 13 -7 13 -9 15 -6 15 -6 16 -7 16 -9 13 -4 13 -5 13 -3 12 -4 15 -3 16 -5 16 -5 14 -6 16 -4 16 -2 14 -5 16 -3 16 -5 14 -2 15 -4 17 -5 13 0 13 2 1 0 0 0 0 0 0 0 0 ]
CSI_DATA,AP,68:FE:71:12:53:8C,-40,11,1,5,1,1,1,0,0,0,0,-95,0,6,1,40218933,0,84,0,0,40.219,384,[84 -64 4 0 0 0 0 0 0 0 0 0 -7 18 -9 15 -6 18 -9 17 -9 15 -8 18 -11 18 -8 14 -9 13 -8 17 -10 17 -10 13 -12 17 -8 13 -7 12 -8 13 -8 14 -8 14 -10 15 -7 13 -9 14 -10 11 -7 11 -6 11 -6 10 -10 13 2 2 -6 12 -8 10 -9 10 -6 14 -4 12 -7 10 -8 10 -6 13 -3 13 -7 15 -7 14 -6 12 -3 13 -6 13 -4 15 -2 16 -4 12 -5 15 -3 13 0 12 0 12 0 12 -2 13 -2 15 0 12 1 13 1 1 0 0 0 0 0 0 0 0 ]
CSI_DATA,AP,68:FE:71:12:53:8C,-40,11,1,4,1,1,1,1,0,0,0,-96,6,6,1,40346506,0,84,0,0,40.347,384,[84 -64 4 0 0 0 0 0 0 0 0 0 14 -15 14 -12 16 -11 18 -14 16 -13 16 -12 17 -10 17 -7 16 -10 17 -7 17 -7 16 -6 18 -6 17 -10 17 -9 16 -7 15 -6 18 -5 15 -5 17 -8 18 -8 16 -5 13 -5 17 -7 18 -4 13 -8 0 0 15 -4 14 -8 14 -5 16 -6 16 -5 15 -7 15 -5 14 -10 13 -7 14 -11 11 -8 14 -8 13 -10 11 -11 13 -8 13 -8 13 -11 14 -12 11 -11 12 -11 13 -12 13 -11 11 -11 13 -12 10 -13 11 -9 -2 2 0 0 0 0 0 0 0 0 ]
CSI_DATA,AP,68:FE:71:12:53:8C,-40,11,1,4,1,1,1,0,0,0,0,-96,0,6,1,40476631,0,84,0,0,40.477,384,[84 -64 4 0 0 0 0 0 0 0 0 0 7 -22 6 -18 8 -17 10 -20 9 -16 10 -17 9 -17 8 -15 9 -19 9 -18 11 -19 13 -17 9 -17 13 -18 8 -15 11 -17 10 -17 7 -13 11 -17 12 -16 8 -14 11 -13 11 -15 9 -12 11 -13 8 -16 -2 2 10 -15 10 -15 9 -13 9 -12 6 -12 8 -12 8 -14 8 -12 7 -13 5 -12 6 -17 3 -17 6 -13 4 -18 3 -15 2 -17 4 -15 5 -16 3 -18 4 -16 6 -18 5 -14 2 -16 4 -18 1 -14 3 -17 0 -1 0 0 0 0 0 0 0 0 ]
CSI_DATA,AP,68:FE:71:12:53:8C,-37,11,1,5,1,1,1,0,0,0,0,-95,0,6,1,40598298,0,84,0,0,40.598,384,[84 -64 4 0 0 0 0 0 0 0 0 0 15 -13 13 -13 15 -15 13 -12 16 -14 18 -11 15 -10 18 -11 15 -11 16 -10 17 -11 17 -8 19 -12 19 -8 18 -8 17 -11 14 -9 16 -10 16 -8 15 -9 15 -7 17 -6 14 -9 13 -6 16 -8 14 -11 -1 -2 15 -10 14 -9 16 -9 14 -9 11 -7 13 -11 11 -11 12 -8 12 -8 13 -11 13 -9 12 -13 12 -12 13 -10 11 -10 10 -12 12 -11 10 -12 9 -14 10 -11 12 -14 9 -11 10 -13 9 -14 9 -12 12 -12 -1 2 0 0 0 0 0 0 0 0 ]
CSI_DATA,AP,68:FE:71:12:53:8C,-36,11,1,7,1,1,1,0,0,0,0,-94,0,6,1,40741670,0,84,0,0,40.742,384,[84 -64 4 0 0 0 0 0 0 0 0 0 6 -20 10 -16 7 -18 10 -20 12 -17 9 -17 9 -19 12 -17 14 -18 10 -17 14 -18 12 -16 13 -14 10 -17 12 -13 12 -15 11 -14 11 -12 10 -14 12 -14 11 -13 11 -15 11 -11 10 -13 11 -15 13 -13 -1 1 9 -11 9 -14 9 -13 7 -15 6 -12 9 -13 9 -15 7 -12 8 -12 7 -17 6 -13 5 -16 8 -13 8 -13 7 -17 8 -17 5 -18 3 -16 4 -15 7 -17 6 -15 6 -15 5 -17 3 -19 7 -13 1 -18 -2 -2 0 0 0 0 0 0 0 0 ]
CSI_DATA,AP,68:FE:71:12:53:8C,-44,11,1,3,1,1,1,0,0,0,0,-96,0,6,1,40892599,0,84,0,0,40.893,384,[84 -64 4 0 0 0 0 0 0 0 0 0 -10 -17 -13 -16 -15 -20 -10 -18 -11 -21 -10 -18 -10 -19 -11 -19 -7 -21 -7 -19 -6 -19 -7 -18 -7 -20 -8 -18 -5 -19 -7 -18 -7 -19 -7 -19 -7 -16 -4 -21 -7 -18 -5 -18 -4 -17 -5 -19 -4 -17 -5 -19 1 0 -7 -17 -6 -15 -7 -16 -7 -14 -8 -16 -5 -16 -8 -17 -7 -14 -9 -17 -7 -12 -12 -16 -8 -15 -9 -13 -8 -13 -9 -12 -12 -13 -11 -13 -12 -15 -10 -16 -10 -15 -10 -14 -12 -14 -10 -12 -10 -12 -9 -11 -11 -11 -2 -2 0 0 0 0 0 0 0 0 ]
CSI_DATA,AP,68:FE:71:12:53:8C,-45,11,1,4,1,1,1,0,0,0,0,-93,0,6,1,40994100,0,84,0,0,40.994,384,[84 -64 4 0 0 0 0 0 0 0 0 0 4 22 0 23 3 20 1 23 -1 24 -2 21 -3 19 -5 18 -2 21 -5 20 -3 20 -3 23 -4 22 -5 20 -4 22 -6 20 -3 21 -3 17 -6 21 -5 17 -3 17 -3 17 -6 17 -2 17 -6 17 -4 16 1 2 -4 15 -1 18 -5 17 1 19 0 19 0 16 -2 18 -1 15 -3 15 1 16 2 16 3 17 -1 15 1 16 3 16 3 16 1 20 5 18 0 18 3 15 1 18 5 17 4 19 3 15 3 15 5 16 -1 0 0 0 0 0 0 0 0 0 ]
CSI_DATA,AP,68:FE:71:12:53:8C,-36,11,1,6,1,1,1,0,0,0,0,-94,0,6,1,41134281,0,84,0,0,41.134,384,[84 -64 4 0 0 0 0 0 0 0 0 0 -13 18 -11 17 -15 19 -16 17 -13 19 -13 17 -18 16 -16 13 -16 15 -18 15 -16 17 -17 13 -19 16 -15 11 -15 13 -16 14 -15 11 -17 12 -18 11 -14 9 -16 13 -18 12 -15 11 -16 11 -14 13 -15 12 -2 0 -14 12 -12 14 -12 12 -10 12 -14 13 -13 13 -14 13 -12 10 -13 12 -9 13 -9 12 -11 11 -9 14 -9 14 -8 12 -9 13 -9 17 -10 12 -11 15 -8 12 -9 12 -11 13 -10 15 -8 15 -8 14 -6 17 2 -2 0 0 0 0 0 0 0 0 ]
CSI_DATA,AP,68:FE:71:12:53:8C,-44,11,1,5,1,1,1,0,0,0,1,-95,0,6,1,41250144,0,84,0,0,41.25,384,[84 -64 4 0 0 0 0 0 0 0 0 0 17 7 17 7 18 11 21 9 19 11 16 12 16 12 14 13 16 12 14 12 16 13 16 16 13 16 16 12 11 15 17 12 15 13 10 12 14 12 13 10 12 13 15 13 11 12 11 14 13 14 13 13 0 -1 12 10 14 11 13 13 13 10 12 8 15 9 11 8 12 9 12 10 13 8 14 8 11 9 16 6 15 6 14 5 15 8 13 7 17 5 17 8 13 7 15 8 17 4 13 5 15 7 15 8 14 3 -1 1 0 0 0 0 0 0 0 0 ]
CSI_DATA,AP,68:FE:71:12:53:8C,-41,11,1,4,1,1,1,0,0,0,0,-93,0,6,1,41391516,0,84,0,0,41.392,384,[84 -64 4 0 0 0 0 0 0 0 0 0 -9 20 -10 21 -9 21 -12 20 -12 18 -12 18 -13 18 -14 16 -15 16 -15 14 -14 19 -16 15 -16 18 -16 19 -14 13 -14 15 -13 13 -12 13 -14 15 -12 16 -16 11 -11 14 -12 13 -10 15 -11 13 -13 13 -2 1 -12 11 -13 17 -9 14 -12 14 -10 14 -11 16 -10 12 -8 16 -11 13 -9 14 -8 18 -9 14 -7 13 -10 17 -9 13 -8 16 -9 14 -7 16 -10 14 -6 16 -7 17 -6 18 -4 17 -4 15 -3 15 -6 17 1 -2 0 0 0 0 0 0 0 0 ]
CSI_DATA,AP,68:FE:71:12:53:8C,-38,11,1,7,1,1,1,1,0,0,0,-94,5,6,1,41515918,0,84,0,0,41.516,384,[84 -64 4 0 0 0 0 0 0 0 0 0 -18 -10 -18 -12 -18 -12 -18 -13 -18 -13 -14 -14 -18 -17 -13 -15 -17 -13 -14 -15 -15 -19 -13 -18 -13 -18 -17 -16 -12 -15 -16 -19 -14 -13 -12 -15 -12 -15 -14 -15 -12 -16 -13 -16 -9 -14 -13 -17 -16 -16 -13 -15 -2 0 -14 -14 -14 -15 -13 -14 -15 -11 -14 -11 -13 -12 -16 -14 -14 -12 -16 -10 -14 -10 -13 -9 -15 -9 -15 -8 -16 -8 -15 -11 -18 -9 -17 -10 -15 -10 -14 -10 -14 -10 -16 -9 -14 -8 -17 -8 -16 -10 -18 -6 -18 -5 1 1 0 0 0 0 0 0 0 0 ]
CSI_DATA,AP,68:FE:71:12:53:8C,-38,11,1,6,1,1,1,0,0,0,0,-93,0,6,1,41623225,0,84,0,0,41.623,384,[84 -64 4 0 0 0 0 0 0 0 0 0 20 2 17 1 21 3 21 3 22 0 19 5 21 3 18 5 20 5 20 5 18 5 21 3 20 6 18 7 19 8 18 4 19 7 14 4 17 4 14 6 13 7 15 4 13 8 17 5 16 4 17 5 -1 1 13 7 16 2 14 2 16 1 15 3 15 6 14 3 14 3 14 3 13 1 14 2 12 3 13 -1 14 -1 17 2 17 -1 19 2 13 -2 15 -1 17 -3 17 2 17 -2 16 0 14 -3 16 -1 15 -3 -2 1 0 0 0 0 0 0 0 0 ]
CSI_DATA,AP,68:FE:71:12:53:8C,-34,11,1,6,1,1,1,1,0,0,0,-95,5,6,1,41728475,0,84,0,0,41.728,384,[84 -64 4 0 0 0 0 0 0 0 0 0 12 13 13 16 15 14 12 15 11 15 8 16 9 15 8 14 8 18 9 17 11 18 8 18 7 19 6 17 7 16 6 17 7 16 6 17 8 16 8 17 7 17 5 15 3 16 5 17 4 16 5 14 -1 -1 8 13 8 17 6 15 10 16 6 12 7 14 8 13 8 15 7 11 7 12 11 15 9 10 11 13 7 12 7 12 10 12 11 12 12 11 8 12 8 9 10 10 11 12 11 11 14 10 11 9 13 12 0 2 0 0 0 0 0 0 0 0 ]
CSI_DATA,AP,68:FE:71:12:53:8C,-38,11,1,5,1,1,1,0,0,0,0,-93,0,6,1,41861359,0,84,0,0,41.861,384,[84 -64 4 0 0 0 0 0 0 0 0 0 18 6 18 2 23 3 23 7 18 7 19 7 17 9 16 9 19 7 20 7 18 11 19 11 20 9 16 10 16 7 19 8 14 10 17 9 13 7 14 9 17 11 18 9 16 10 17 11 15 10 16 10 2 1 13 5 18 6 16 5 18 5 16 5 14 4 13 8 16 3 13 7 14 6 18 2 16 4 14 4 13 2 14 3 18 5 16 3 17 3 16 3 18 2 16 3 17 4 18 3 15 -1 15 0 16 -1 -1 0 0 0 0 0 0 0 0 0 ]
CSI_DATA,AP,68:FE:71:12:53:8C,-42,11,1,6,1,1,1,0,0,0,0,-95,0,6,1,41985386,0,84,0,0,41.985,384,[84 -64 4 0 0 0 0 0 0 0 0 0 20 0 19 3 22 3 23 1 20 4 18 3 21 3 17 5 18 6 20 7 20 9 19 8 20 5 17 7 20 6 18 10 17 9 16 4 18 6 16 9 17 9 19 8 17 6 17 9 16 4 19 6 0 1 17 3 17 3 15 6 18 3 17 6 14 4 17 4 15 5 17 4 17 3 15 1 13 4 14 -1 17 3 18 4 19 0 15 2 14 -2 18 -1 15 -2 15 2 18 -2 15 -1 16 -2 17 0 16 0 0 2 0 0 0 0 0 0 0 0 ]
CSI_DATA,AP,68:FE:71:12:53:8C,-41,11,1,4,1,1,1,0,0,0,0,-95,0,6,1,42108752,0,84,0,0,42.109,384,[84 -64 4 0 0 0 0 0 0 0 0 0 -22 4 -21 1 -22 5 -23 4 -21 3 -22 2 -22 -3 -22 -3 -22 -3 -20 -1 -21 -5 -20 -3 -22 -5 -23 -6 -18 -3 -22 -1 -19 -1 -20 -4 -21 -3 -21 -2 -21 -2 -19 -2 -17 -2 -18 -5 -20 -6 -20 -2 0 -1 -20 -1 -18 -1 -17 -1 -19 0 -18 -4 -16 -4 -16 -1 -16 1 -17 -1 -16 -1 -20 -1 -14 1 -18 3 -15 -1 -16 0 -15 0 -16 1 -15 2 -15 0 -14 5 -18 3 -17 6 -17 4 -18 2 -18 2 -14 4 -1 2 0 0 0 0 0 0 0 0 ]
CSI_DATA,AP,68:FE:71:12:53:8C,-44,11,1,3,1,1,1,1,0,0,0,-96,4,6,1,42256022,0,84,0,0,42.256,384,[84 -64 4 0 0 0 0 0 0 0 0 0 -6 -21 -6 -18 -6 -21 -4 -19 -5 -19 -5 -21 -4 -20 -3 -22 -3 -19 -2 -20 0 -23 -1 -21 1 -21 1 -20 -1 -21 -1 -22 -2 -20 2 -21 1 -18 3 -20 2 -18 3 -20 3 -18 -2 -18 2 -20 0 -19 -2 -1 -1 -16 -1 -17 -2 -16 -1 -18 1 -15 -1 -19 -2 -15 -4 -15 0 -17 -3 -18 -3 -16 -2 -15 -4 -15 -6 -14 -4 -18 -6 -18 -2 -20 -4 -16 -3 -15 -8 -14 -3 -15 -7 -15 -5 -18 -6 -17 -5 -16 -9 -14 1 -2 0 0 0 0 0 0 0 0 ]
CSI_DATA,AP,68:FE:71:12:53:8C,-40,11,1,4,1,1,1,0,0,0,1,-94,0,6,1,42359591,0,84,0,0,42.36,384,[84 -64 4 0 0 0 0 0 0 0 0 0 6 18 6 19 3 18 5 20 1 20 3 19 -1 18 0 19 2 18 -1 20 -3 20 1 19 0 22 -3 19 -2 20 -2 20 1 19 -1 18 0 18 -1 19 -2 18 0 17 -1 14 -2 19 1 18 -3 15 0 -1 0 18 -1 16 -1 15 0 18 -1 16 -1 14 2 15 2 16 2 18 4 16 0 14 2 17 4 16 5 14 2 15 3 18 2 17 3 16 3 14 4 16 2 17 3 13 7 15 8 13 5 12 7 14 1 -2 0 0 0 0 0 0 0 0 ]
CSI_DATA,AP,68:FE:71:12:53:8C,-42,11,1,6,1,1,1,0,0,0,0,-94,0,6,1,42476543,0,84,0,0,42.477,384,[84 -64 4 0 0 0 0 0 0 0 0 0 11 -14 14 -19 11 -18 17 -17 12 -15 16 -12 15 -12 16 -15 14 -13 16 -13 16 -12 18 -15 18 -15 16 -13 15 -12 16 -13 15 -9 16 -12 13 -12 15 -12 15 -9 13 -13 16 -7 15 -11 17 -13 16 -13 -2 -1 13 -11 14 -14 14 -11 13 -12 10 -11 14 -13 12 -12 10 -12 9 -13 9 -11 9 -16 9 -12 8 -13 11 -12 11 -13 9 -14 9 -17 6 -16 8 -15 9 -16 8 -13 7 -15 10 -14 8 -14 10 -14 7 -13 0 0 0 0 0 0 0 0 0 0 ]
CSI_DATA,AP,68:FE:71:12:53:8C,-37,11,1,6,1,1,1,0,0,0,0,-95,0,6,1,42635037,0,84,0,0,42.635,384,[84 -64 4 0 0 0 0 0 0 0 0 0 -1 -22 -2 -23 0 -20 0 -22 -2 -23 0 -18 2 -21 0 -22 3 -21 1 -21 4 -23 3 -21 6 -21 3 -20 7 -19 5 -19 6 -19 3 -16 2 -16 3 -17 2 -20 5 -16 4 -15 3 -17 4 -17 4 -20 0 1 2 -16 4 -18 4 -17 3 -17 2 -18 2 -15 2 -18 0 -18 2 -18 -1 -17 2 -19 3 -15 1 -16 0 -14 -1 -17 1 -16 -4 -20 0 -15 0 -16 -5 -14 -2 -17 0 -19 -1 -17 -3 -17 0 -17 -5 -17 -2 -2 0 0 0 0 0 0 0 0 ]
CSI_DATA,AP,68:FE:71:12:53:8C,-39,11,1,5,1,1,1,0,0,0,0,-94,0,6,1,42735435,0,84,0,0,42.735,384,[84 -64 4 0 0 0 0 0 0 0 0 0 19 3 18 6 17 6 21 5 16 7 19 5 15 10 14 10 14 6 17 9 18 9 16 11 17 10 13 8 13 10 15 8 12 8 14 11 13 8 11 11 15 9 14 11 10 8 12 8 15 9 15 10 0 2 15 10 13 7 14 7 12 8 14 9 14 7 14 5 15 5 11 6 11 7 15 7 12 2 11 4 13 3 14 3 12 5 16 4 14 2 16 3 16 0 14 5 16 5 15 3 14 1 16 1 15 4 1 -2 0 0 0 0 0 0 0 0 ]
CSI_DATA,AP,68:FE:71:12:53:8C,-45,11,1,3,1,1,1,1,0,0,0,-96,6,6,1,42861888,0,84,0,0,42.862,384,[84 -64 4 0 0 0 0 0 0 0 0 0 0 17 0 19 -1 20 2 22 -3 18 -2 18 -1 18 -1 16 -2 16 -2 15 -3 16 -3 18 -6 18 -6 16 -2 19 -5 16 -5 19 -6 16 -6 13 -7 17 -2 14 -3 17 -2 16 -3 15 -2 15 -6 17 0 -2 -5 17 -4 16 -1 17 -1 16 0 16 -4 16 -2 17 1 16 0 15 2 13 -1 17 0 16 -1 17 2 17 -2 15 3 18 0 15 2 15 3 17 0 16 2 13 1 13 3 13 5 17 3 13 2 14 -1 -2 0 0 0 0 0 0 0 0 ]
CSI_DATA,AP,68:FE:71:12:53:8C,-41,11,1,4,1,1,1,0,0,0,0,-94,0,6,1,42977757,0,84,0,0,42.978,384,[84 -64 4 0 0 0 0 0 0 0 0 0 6 -1 6 -2 8 1 8 -1 7 3 7 -1 8 1 10 3 7 2 6 0 9 2 7 0 10 2 7 3 5 2 7 3 5 1 6 3 8 3 5 2 7 1 6 0 5 2 6 3 7 3 6 4 0 1 4 3 9 1 8 -1 6 2 6 2 5 -1 8 0 8 2 7 1 4 -1 4 -2 6 -1 4 2 8 2 6 -2 7 -3 9 -1 4 1 6 0 6 -2 9 1 5 -3 5 -2 9 -3 6 -3 7 -3 2 2 0 0 0 0 0 0 0 0 ]
CSI_DATA,AP,68:FE:71:12:53:8C,-37,11,1,6,1,1,1,0,0,0,0,-94,0,6,1,43117857,0,84,0,0,43.118,384,[84 -64 4 0 0 0 0 0 0 0 0 0 4 16 6 12 7 17 8 14 5 18 4 14 2 18 0 15 4 15 2 19 1 16 1 15 3 17 4 17 -1 18 2 17 2 14 0 16 3 17 -1 14 1 13 0 15 1 14 3 15 2 15 2 16 2 0 1 14 0 15 5 13 6 15 1 14 5 16 3 14 2 15 5 15 4 14 4 12 3 11 4 11 4 12 4 12 4 10 9 13 6 12 6 9 8 12 6 11 7 10 6 11 7 11 8 9 8 11 -2 0 0 0 0 0 0 0 0 0 ]
CSI_DATA,AP,68:FE:71:12:53:8C,-42,11,1,5,1,1,1,0,0,0,0,-93,0,6,1,43238351,0,84,0,0,43.238,384,[84 -64 4 0 0 0 0 0 0 0 0 0 18 9 18 10 16 9 15 14 16 11 13 12 14 15 10 15 11 12 14 11 12 15 12 14 12 15 13 11 13 14 14 15 13 14 8 14 11 12 10 12 11 15 11 15 10 12 11 12 12 12 13 11 0 -2 9 10 12 9 10 13 12 9 12 8 12 12 13 9 11 9 13 11 11 6 14 10 14 7 13 7 13 6 12 9 15 10 15 8 14 6 15 8 13 6 12 6 13 7 12 8 13 4 16 4 11 4 1 1 0 0 0 0 0 0 0 0 ]
CSI_DATA,AP,68:FE:71:12:53:8C,-44,11,1,4,1,1,1,0,0,0,0,-93,0,6,1,43382189,0,82,0,0,43.382,384,[84 -64 4 0 0 0 0 0 0 0 0 0 7 0 8 -1 6 0 7 -2 7 -2 9 0 8 2 6 3 6 3 8 2 7 2 7 -2 10 0 9 3 7 3 8 0 8 0 7 -1 5 2 7 4 7 3 7 1 5 0 7 2 9 0 9 2 0 -2 6 0 5 1 9 3 4 -1 6 3 6 1 7 3 6 0 7 -1 5 -1 7 0 6 -1 4 -1 8 2 4 -1 6 -1 5 1 8 -2 8 -1 8 0 7 0 6 -1 5 -2 7 -2 5 -1 7 -3 -1 0 0 0 0 0 0 0 0 0 ]
CSI_DATA,AP,68:FE:71:12:53:8C,-36,11,1,6,1,1,1,1,0,0,0,-94,3,6,1,43513885,0,84,0,0,43.514,384,[84 -64 4 0 0 0 0 0 0 0 0 0 5 -22 6 -22 7 -20 8 -19 8 -19 10 -21 11 -18 9 -20 7 -17 8 -19 13 -21 11 -19 10 -16 13 -15 10 -18 12 -20 11 -17 11 -18 10 -14 10 -15 8 -14 11 -17 11 -15 11 -15 8 -13 9 -17 1 0 8 -16 8 -16 8 -16 6 -16 7 -15 7 -17 6 -17 5 -14 4 -13 4 -16 5 -15 6 -15 3 -15 4 -15 3 -15 3 -18 4 -18 2 -18 4 -14 2 -16 1 -16 2 -17 3 -17 0 -15 0 -15 2 -18 2 1 0 0 0 0 0 0 0 0 ]
CSI_DATA,AP,68:FE:71:12:53:8C,-37,11,1,7,1,1,1,0,0,0,0,-93,0,6,1,43625708,0,84,0,0,43.626,384,[84 -64 4 0 0 0 0 0 0 0 0 0 -17 9 -18 11 -21 10 -20 8 -19 7 -17 5 -18 3 -16 3 -18 3 -16 4 -18 4 -16 5 -18 0 -17 2 -14 5 -17 5 -16 2 -12 1 -15 0 -16 4 -12 0 -11 5 -11 4 -13 4 -13 2 -15 4 0 -2 -13 6 -13 5 -12 7 -11 7 -13 3 -9 6 -11 5 -10 5 -11 7 -11 7 -8 6 -8 6 -7 8 -11 9 -8 9 -10 7 -8 6 -8 9 -9 9 -7 11 -11 9 -7 9 -7 9 -10 11 -8 8 -8 9 -2 -2 0 0 0 0 0 0 0 0 ]
CSI_DATA,AP,68:FE:71:12:53:8C,-43,11,1,6,1,1,1,0,0,0,0,-94,0,6,1,43749089,0,84,0,0,43.749,384,[84 -64 4 0 0 0 0 0 0 0 0 0 5 28 3 25 4 30 -1 30 -1 24 -4 21 -2 26 -3 21 -3 24 -6 20 -5 24 -4 19 -6 20 -4 22 -6 20 -1 21 -4 19 -3 17 -1 16 -1 17 -2 17 -4 16 -1 13 -3 12 0 12 0 13 0 -2 2 13 1 15 3 14 5 13 2 12 3 11 2 15 4 13 3 13 1 12 5 11 6 11 5 9 7 10 4 12 5 13 7 13 8 10 8 8 9 11 9 11 8 11 6 11 11 11 9 11 9 7 2 2 0 0 0 0 0 0 0 0 ]
CSI_DATA,AP,68:FE:71:12:53:8C,-43,11,1,4,1,1,1,1,0,0,0,-95,5,6,1,43872819,0,84,0,0,43.873,384,[84 -64 4 0 0 0 0 0 0 0 0 0 -16 -31 -14 -29 -12 -29 -11 -29 -12 -31 -9 -25 -6 -29 -5 -27 -4 -25 -3 -26 -6 -26 -8 -27 -5 -26 -4 -24 -3 -25 -5 -22 -5 -21 -2 -22 -5 -19 -1 -21 -4 -17 -2 -16 -6 -16 -7 -17 -8 -16 -4 -14 1 1 -4 -13 -9 -13 -7 -14 -6 -11 -8 -12 -6 -14 -8 -12 -11 -12 -9 -9 -9 -10 -12 -9 -11 -6 -11 -7 -9 -7 -13 -6 -12 -8 -12 -6 -12 -3 -13 -5 -14 -3 -11 -5 -11 -4 -13 -5 -11 -5 -13 -1 -13 -2 1 2 0 0 0 0 0 0 0 0 ]
CSI_DATA,AP,68:FE:71:12:53:8C,-37,11,1,7,1,1,1,1,0,0,0,-96,4,6,1,44000703,0,84,0,0,44.001,384,[84 -64 4 0 0 0 0 0 0 0 0 0 -20 -1 -21 -4 -17 -2 -19 -4 -18 -3 -19 -4 -18 -4 -17 -4 -19 -5 -14 -5 -19 -4 -17 -2 -15 -6 -16 -5 -15 -6 -17 -4 -17 -2 -13 -3 -16 -5 -17 -8 -15 -8 -14 -2 -14 -3 -15 -6 -15 -7 -16 -3 -1 -2 -13 -2 -16 -4 -19 -3 -18 -4 -14 -3 -17 -5 -14 -3 -17 -3 -16 -1 -15 -3 -18 -3 -15 -4 -17 0 -17 0 -15 -3 -19 -1 -18 -4 -16 -1 -20 -4 -19 -2 -16 -5 -20 -1 -18 0 -20 0 -16 -3 -17 -1 -2 1 0 0 0 0 0 0 0 0 ]
CSI_DATA,AP,68:FE:71:12:53:8C,-43,11,0,0,0,0,0,0,0,0,0,-94,0,6,1,44123077,0,37,0,0,44.123,128,[84 -64 4 0 0 0 0 0 0 0 0 0 -10 -21 -8 -19 -7 -21 -9 -22 -6 -24 -7 -19 -4 -20 -3 -21 -6 -25 -6 -21 -4 -27 -4 -26 -1 -25 -2 -22 -2 -25 -2 -25 -4 -25 -2 -22 -3 -21 -2 -24 -1 -24 -2 -26 1 -23 -2 -21 0 -22 -3 -24 -1 1 -5 -25 -3 -23 -3 -23 -5 -22 -3 -21 -7 -23 -5 -23 -6 -20 -4 -22 -8 -21 -5 -25 -5 -22 -4 -23 -6 -25 -7 -23 -6 -23 -6 -25 -10 -24 -10 -25 -8 -23 -9 -24 -6 -23 -8 -23 -8 -22 -8 -21 -6 -21 1 -2 0 0 0 0 0 0 0 0 ]
CSI_DATA,AP,68:FE:71:12:53:8C,-45,11,1,4,1,1,1,0,0,0,0,-94,0,6,1,44221683,0,84,0,0,44.222,384,[84 -64 4 0 0 0 0 0 0 0 0 0 14 -13 15 -12 20 -13 21 -14 18 -14 23 -11 20 -10 22 -10 24 -8 24 -12 22 -9 24 -9 23 -9 25 -8 23 -6 24 -7 22 -9 24 -7 23 -8 24 -4 23 -4 24 -7 23 -8 24 -6 24 -6 21 -8 0 -2 21 -7 23 -8 22 -9 25 -10 21 -8 23 -10 21 -11 23 -9 19 -10 20 -12 22 -9 19 -12 19 -12 19 -11 22 -10 21 -13 20 -10 18 -10 20 -12 19 -15 17 -13 19 -11 19 -11 18 -15 20 -16 19 -12 -2 -1 0 0 0 0 0 0 0 0 ]
CSI_DATA,AP,68:FE:71:12:53:8C,-42,11,1,4,1,1,1,0,0,0,0,-95,0,6,1,44383048,0,84,0,0,44.383,384,[84 -64 4 0 0 0 0 0 0 0 0 0 7 16 7 16 3 13 4 16 3 17 2 15 3 17 1 18 3 17 1 18 3 17 4 17 3 17 -1 19 0 16 -1 22 0 17 1 17 2 18 -2 16 -1 18 -3 20 1 14 -2 20 0 19 -3 20 -2 -1 -2 16 2 21 -1 21 3 15 -1 20 0 20 1 18 1 19 1 17 3 14 3 17 4 18 3 20 3 16 1 19 3 19 3 20 3 19 6 17 4 14 2 19 4 18 4 15 4 16 3 15 4 18 0 0 0 0 0 0 0 0 0 0 ]
CSI_DATA,AP,68:FE:71:12:53:8C,-39,11,1,4,1,1,1,0,0,0,0,-96,0,6,1,44497401,0,84,0,0,44.497,384,[84 -64 4 0 0 0 0 0 0 0 0 0 4 -22 4 -18 7 -19 10 -22 6 -19 8 -18 9 -20 12 -17 9 -18 11 -16 8 -18 10 -18 10 -17 12 -17 9 -18 10 -17 8 -17 12 -16 10 -14 11 -15 9 -13 12 -14 10 -16 10 -16 8 -17 9 -15 0 -1 9 -15 6 -17 7 -14 8 -15 9 -15 7 -17 7 -16 6 -16 5 -16 3 -13 5 -16 4 -15 3 -15 2 -18 5 -15 2 -16 6 -18 2 -18 5 -15 2 -18 3 -15 3 -16 1 -17 2 -19 3 -14 0 -14 0 -1 0 0 0 0 0 0 0 0 ]
CSI_DATA,AP,68:FE:71:12:53:8C,-38,11,1,7,1,1,1,0,0,0,0,-95,0,6,1,44617636,0,84,0,0,44.618,384,[82 -96 4 0 0 0 0 0 0 0 0 0 -1 16 -1 15 -1 16 -1 15 -5 15 -3 14 -2 16 -5 17 -4 18 -6 14 -4 14 -7 17 -5 17 -5 16 -5 16 -7 14 -8 13 -8 16 -5 13 -7 15 -8 14 -5 13 -7 12 -4 15 -5 12 -6 13 -2 2 -3 11 -4 11 -7 13 -3 13 -4 15 -4 14 -1 11 -2 15 -1 13 -1 12 -4 13 -4 12 -2 13 -3 13 -2 14 -2 15 0 13 -1 14 -1 13 -1 11 -2 13 -1 11 2 13 -1 12 3 13 2 11 2 1 0 0 0 0 0 0 0 0 ]
CSI_DATA,AP,68:FE:71:12:53:8C,-40,11,1,6,1,1,1,0,0,0,0,-95,0,6,1,44746788,0,84,0,0,44.747,384,[84 -64 4 0 0 0 0 0 0 0 0 0 -13 -15 -11 -16 -13 -17 -10 -16 -10 -17 -12 -17 -8 -14 -6 -15 -9 -18 -7 -14 -10 -18 -8 -15 -6 -15 -6 -19 -7 -18 -8 -16 -5 -16 -5 -15 -4 -13 -6 -16 -5 -17 -8 -15 -4 -17 -5 -16 -4 -12 -8 -12 1 -1 -9 -12 -8 -16 -8 -14 -9 -11 -7 -10 -7 -13 -10 -13 -10 -10 -8 -13 -9 -13 -11 -14 -12 -14 -10 -11 -11 -12 -11 -12 -8 -10 -10 -13 -9 -12 -10 -13 -10 -11 -11 -13 -12 -11 -10 -9 -14 -12 -11 -9 -9 -10 0 0 0 0 0 0 0 0 0 0 ]
CSI_DATA,AP,68:FE:71:12:53:8C,-37,11,1,6,1,1,1,0,0,0,0,-94,0,6,1,44890389,0,84,0,0,44.89,384,[84 -64 4 0 0 0 0 0 0 0 0 0 -4 17 -6 16 -7 19 -5 17 -7 18 -5 18 -8 18 -7 15 -6 15 -7 15 -8 16 -8 15 -8 18 -11 18 -8 13 -8 17 -8 15 -9 14 -7 14 -8 15 -6 15 -8 15 -10 15 -8 13 -9 13 -7 15 1 1 -9 16 -9 13 -7 14 -4 15 -4 15 -8 15 -5 15 -5 14 -3 12 -4 15 -6 14 -4 16 -2 16 -3 15 -2 12 -3 14 -4 16 -2 13 -1 16 -1 15 0 14 -3 16 1 13 -2 14 -2 15 2 14 -1 1 0 0 0 0 0 0 0 0 ]
CSI_DATA,AP,68:FE:71:12:53:8C,-40,11,1,4,1,1,1,0,0,0,0,-94,0,6,1,45014983,0,84,0,0,45.015,384,[84 -64 4 0 0 0 0 0 0 0 0 0 -3 -19 -3 -21 -3 -19 -4 -23 -1 -21 -1 -19 -2 -22 1 -21 0 -21 1 -18 1 -18 -1 -20 0 -21 1 -20 -1 -20 0 -19 0 -19 2 -18 1 -18 4 -17 -1 -19 0 -19 2 -15 3 -18 2 -19 3 -15 0 1 3 -15 0 -14 1 -15 -2 -15 -2 -16 1 -17 1 -17 -3 -18 -1 -14 -2 -13 -3 -17 -2 -15 -3 -17 -5 -14 -4 -15 -4 -14 -6 -14 -3 -14 -2 -13 -6 -15 -7 -16 -5 -15 -4 -16 -8 -18 -5 -16 -6 -16 2 -1 0 0 0 0 0 0 0 0 ]
CSI_DATA,AP,68:FE:71:12:53:8C,-41,11,1,6,1,1,1,1,0,0,0,-95,4,6,1,45136404,0,84,0,0,45.136,384,[84 -64 4 0 0 0 0 0 0 0 0 0 35 -7 37 -10 37 -5 39 -4 40 -6 36 -2 38 -3 37 -1 37 -2 36 1 40 2 39 1 40 -1 37 5 34 4 38 5 32 2 32 5 34 3 35 5 31 5 33 4 30 1 31 4 35 4 34 3 1 2 30 3 32 1 33 -1 30 3 30 2 30 1 30 1 29 0 30 0 32 -2 30 -2 32 -2 29 -4 33 -6 32 -3 31 -6 30 -4 28 -4 28 -7 28 -8 29 -6 28 -6 32 -9 33 -8 30 -7 30 -11 -1 1 0 0 0 0 0 0 0 0 ]
CSI_DATA,AP,68:FE:71:12:53:8C,-40,11,1,6,1,1,1,0,0,0,0,-94,0,6,1,45262459,0,84,0,0,45.262,384,[84 -64 4 0 0 0 0 0 0 0 0 0 18 -4 17 -5 19 -3 19 -2 19 -2 18 -2 20 -1 16 -1 21 -2 17 -1 21 -3 21 1 21 2 18 2 17 1 16 -1 18 3 15 -2 18 -1 17 1 16 0 15 0 16 3 17 -1 18 2 18 -2 1 -1 17 0 17 -2 17 -1 14 -4 16 0 16 -3 17 -1 17 -4 17 -5 15 -3 13 -5 17 -4 14 -5 16 -4 17 -2 14 -6 16 -5 17 -7 13 -4 13 -5 14 -5 15 -5 14 -6 13 -9 13 -8 14 -6 -1 1 0 0 0 0 0 0 0 0 ]
CSI_DATA,AP,68:FE:71:12:53:8C,-39,11,1,5,1,1,1,0,0,0,0,-95,0,6,1,45395584,0,84,0,0,45.396,384,[84 -64 4 0 0 0 0 0 0 0 0 0 -16 -11 -14 -11 -17 -12 -17 -12 -13 -13 -14 -15 -12 -14 -13 -12 -13 -12 -11 -16 -13 -15 -12 -13 -14 -17 -10 -12 -11 -14 -12 -15 -13 -14 -9 -12 -13 -15 -13 -15 -11 -15 -13 -13 -12 -11 -9 -11 -11 -16 -11 -13 2 -1 -9 -9 -11 -14 -12 -14 -14 -9 -12 -10 -14 -12 -11 -12 -9 -9 -13 -11 -12 -10 -13 -7 -13 -8 -12 -8 -15 -7 -15 -8 -13 -8 -15 -6 -12 -8 -15 -9 -15 -6 -11 -5 -13 -4 -14 -7 -15 -7 -14 -3 -14 -5 1 -2 0 0 0 0 0 0 0 0 ]
CSI_DATA,AP,68:FE:71:12:53:8C,-38,11,1,6,1,1,1,0,0,0,0,-95,0,6,1,45565695,0,84,0,0,45.566,384,[84 -64 4 0 0 0 0 0 0 0 0 0 -20 -10 -19 -8 -18 -9 -19 -11 -18 -11 -16 -9 -17 -12 -15 -13 -17 -13 -18 -10 -14 -10 -18 -12 -16 -11 -15 -12 -17 -14 -17 -14 -16 -12 -16 -13 -15 -11 -15 -10 -13 -10 -12 -14 -13 -11 -12 -14 -14 -11 -12 -9 2 -1 -13 -12 -13 -9 -15 -12 -13 -8 -15 -8 -15 -8 -11 -10 -15 -8 -12 -9 -13 -8 -16 -10 -14 -6 -13 -10 -16 -9 -15 -9 -13 -6 -13 -6 -13 -6 -15 -4 -14 -8 -16 -8 -13 -4 -18 -6 -15 -6 -14 -4 -15 -5 -1 1 0 0 0 0 0 0 0 0 ]
CSI_DATA,AP,68:FE:71:12:53:8C,-39,11,1,5,1,1,1,1,0,0,0,-94,1,6,1,45710362,0,84,0,0,45.71,384,[84 -64 4 0 0 0 0 0 0 0 0 0 -2 -22 -4 -19 -5 -19 -1 -19 -1 -19 -1 -21 1 -22 -1 -19 -2 -21 -1 -20 0 -20 3 -22 1 -22 2 -21 1 -17 1 -21 3 -20 4 -18 0 -17 3 -17 4 -16 0 -16 1 -15 1 -18 1 -19 4 -19 -1 -2 1 -19 -1 -18 -2 -15 2 -14 2 -14 0 -18 0 -14 1 -15 0 -15 -3 -17 -1 -16 0 -14 -1 -15 -3 -18 -3 -16 -1 -16 -4 -17 -1 -17 -5 -14 -6 -17 -4 -17 -6 -16 -2 -14 -7 -16 -4 -14 -7 -16 1 1 0 0 0 0 0 0 0 0 ]
CSI_DATA,AP,68:FE:71:12:53:8C,-38,11,1,7,1,1,1,0,0,0,0,-95,0,6,1,45872064,0,84,0,0,45.872,384,[84 -64 4 0 0 0 0 0 0 0 0 0 -17 5 -18 4 -22 6 -22 5 -23 3 -21 5 -21 6 -21 5 -20 3 -18 5 -21 3 -18 -1 -19 3 -22 -2 -20 -1 -19 -1 -17 -1 -20 0 -18 2 -19 0 -16 1 -20 0 -16 2 -16 -2 -18 -2 -15 0 2 0 -18 0 -17 3 -15 -1 -18 2 -14 2 -17 1 -17 4 -16 4 -17 0 -17 2 -15 5 -16 3 -15 2 -17 4 -18 6 -14 5 -18 5 -15 3 -18 4 -14 4 -14 5 -16 3 -18 6 -17 5 -13 5 -13 4 -1 -2 0 0 0 0 0 0 0 0 ]
CSI_DATA,AP,68:FE:71:12:53:8C,-40,11,1,6,1,1,1,1,0,0,0,-95,6,6,1,45987761,0,84,0,0,45.988,384,[84 -64 4 0 0 0 0 0 0 0 0 0 11 -16 12 -16 11 -13 12 -13 15 -11 11 -10 14 -10 15 -9 15 -9 13 -10 16 -9 15 -11 14 -9 16 -8 15 -10 16 -10 16 -11 13 -10 15 -11 13 -10 15 -8 13 -10 15 -7 11 -8 11 -9 13 -11 2 -1 10 -9 14 -9 14 -8 13 -9 12 -7 9 -10 10 -10 9 -9 9 -10 12 -8 8 -9 9 -8 11 -9 10 -9 8 -11 10 -11 9 -12 7 -11 8 -13 7 -9 8 -11 7 -10 7 -14 8 -12 5 -14 6 -14 0 0 0 0 0 0 0 0 0 0 ]
CSI_DATA,AP,68:FE:71:12:53:8C,-42,11,1,5,1,1,1,0,0,0,0,-96,0,6,1,46112016,0,84,0,0,46.112,384,[84 -64 4 0 0 0 0 0 0 0 0 0 19 -12 18 -12 19 -11 20 -8 19 -9 20 -7 16 -5 16 -4 16 -5 19 -5 19 -4 19 -6 17 -4 20 -3 19 -5 19 -2 19 -3 18 -2 16 -5 20 -2 17 -3 16 -4 16 -2 14 -3 17 -3 16 -2 -1 2 18 -6 14 -2 17 -2 17 -6 14 -2 17 -6 17 -5 15 -3 13 -3 13 -9 16 -6 13 -5 14 -6 15 -6 13 -5 15 -9 13 -7 14 -6 14 -8 13 -8 13 -6 11 -10 14 -9 14 -11 15 -7 14 -7 -2 -2 0 0 0 0 0 0 0 0 ]
CSI_DATA,AP,68:FE:71:12:53:8C,-39,11,1,6,1,1,1,0,0,0,0,-94,0,6,1,46230793,0,84,0,0,46.231,384,[84 -64 4 0 0 0 0 0 0 0 0 0 -21 -8 -19 -8 -18 -7 -18 -11 -21 -12 -20 -11 -18 -9 -17 -11 -19 -10 -19 -10 -17 -11 -18 -13 -18 -12 -16 -10 -17 -10 -14 -12 -14 -9 -13 -14 -17 -10 -16 -12 -16 -13 -17 -10 -12 -10 -14 -9 -14 -10 -13 -10 1 1 -12 -9 -13 -7 -12 -10 -14 -8 -15 -9 -14 -7 -13 -8 -14 -6 -13 -9 -12 -4 -14 -5 -17 -6 -16 -5 -18 -4 -18 -7 -17 -8 -14 -7 -17 -4 -16 -6 -16 -5 -17 -4 -18 -5 -14 -5 -18 -2 -16 -2 -16 -4 2 2 0 0 0 0 0 0 0 0 ]
CSI_DATA,AP,68:FE:71:12:53:8C,-34,11,1,6,1,1,1,0,0,0,0,-96,0,6,1,46358861,0,84,0,0,46.359,384,[84 -64 4 0 0 0 0 0 0 0 0 0 17 -8 18 -8 17 -4 16 -7 18 -7 18 -3 18 -5 17 -1 16 -1 19 -4 16 -2 16 -1 19 0 17 -2 15 -2 14 -1 13 -1 16 -4 16 0 16 -2 13 -3 15 -3 15 -1 15 -1 16 -2 13 -4 1 -2 15 -1 16 -2 16 -2 12 -5 15 -5 15 -4 12 -4 12 -6 12 -5 13 -5 11 -3 11 -5 13 -6 12 -6 11 -7 12 -7 11 -5 14 -6 10 -5 11 -8 11 -5 14 -7 10 -8 11 -11 11 -6 9 -8 0 1 0 0 0 0 0 0 0 0 ]
CSI_DATA,AP,68:FE:71:12:53:8C,-43,11,1,5,1,1,1,1,0,0,0,-94,6,6,1,46471333,0,82,0,0,46.471,384,[84 -64 4 0 0 0 0 0 0 0 0 0 18 -2 20 -3 19 -3 19 -1 19 2 17 2 19 -1 21 -1 18 2 19 2 21 3 20 1 21 3 18 2 17 4 18 1 18 0 18 4 18 0 16 0 16 2 16 4 18 0 16 3 14 2 14 1 1 2 15 3 18 0 13 0 15 1 17 0 18 0 14 1 14 2 14 -2 14 -4 16 -1 13 -2 14 -1 12 0 15 -6 13 -6 16 -2 12 -4 12 -2 15 -5 15 -2 12 -7 16 -3 15 -6 14 -7 15 -6 2 2 0 0 0 0 0 0 0 0 ]
CSI_DATA,AP,68:FE:71:12:53:8C,-43,11,1,6,1,1,1,0,0,0,0,-94,0,6,1,46584865,0,84,0,0,46.585,384,[84 -64 4 0 0 0 0 0 0 0 0 0 18 6 16 7 19 7 17 8 19 8 18 7 15 8 16 8 17 8 17 9 18 8 16 11 14 11 15 10 14 11 15 12 14 10 14 9 13 11 14 11 13 11 13 10 13 9 13 11 14 11 13 10 2 -2 11 9 14 10 12 8 15 9 14 7 11 6 11 8 13 7 14 8 12 8 15 5 12 4 13 7 16 5 13 4 13 6 15 5 13 7 12 5 15 2 14 2 12 3 13 4 14 5 15 1 15 3 1 0 0 0 0 0 0 0 0 0 ]
CSI_DATA,AP,68:FE:71:12:53:8C,-36,11,1,7,1,1,1,0,0,0,0,-95,0,6,1,46709325,0,84,0,0,46.709,384,[84 -64 4 0 0 0 0 0 0 0 0 0 -3 18 -2 19 -1 22 -4 18 -1 22 -5 19 -1 20 -3 19 -4 19 -8 19 -6 17 -7 18 -5 18 -7 16 -7 17 -6 21 -6 16 -5 16 -8 16 -6 16 -3 18 -4 15 -8 13 -5 14 -8 16 -6 14 -1 1 -2 18 -5 16 -1 16 -4 17 -3 16 -4 16 -2 15 -1 14 -2 15 -3 16 0 17 -4 13 0 17 1 15 3 14 0 13 3 18 1 18 4 16 6 13 3 14 2 16 4 19 1 17 3 14 6 13 1 0 0 0 0 0 0 0 0 0 ]
CSI_DATA,AP,68:FE:71:12:53:8C,-37,11,1,5,1,1,1,1,0,0,0,-96,6,6,1,46838515,0,84,0,0,46.839,384,[84 -64 4 0 0 0 0 0 0 0 0 0 -18 -14 -16 -11 -19 -15 -18 -13 -14 -17 -13 -17 -13 -14 -15 -13 -12 -17 -14 -17 -12 -18 -16 -15 -15 -15 -15 -16 -13 -18 -12 -18 -13 -18 -12 -14 -9 -17 -12 -17 -12 -17 -11 -14 -10 -13 -9 -14 -9 -14 -11 -13 -2 0 -11 -15 -13 -14 -10 -12 -11 -11 -13 -14 -13 -13 -12 -13 -13 -11 -14 -12 -12 -9 -16 -9 -12 -13 -15 -10 -13 -11 -11 -10 -13 -12 -13 -10 -16 -11 -12 -11 -15 -8 -15 -12 -16 -10 -17 -8 -15 -9 -14 -11 -15 -9 0 0 0 0 0 0 0 0 0 0 ]
CSI_DATA,AP,68:FE:71:12:53:8C,-40,11,1,4,1,1,1,0,0,0,0,-94,0,6,1,46985712,0,84,0,0,46.986,384,[84 -64 4 0 0 0 0 0 0 0 0 0 -19 14 -19 12 -16 11 -21 13 -18 12 -19 11 -18 12 -21 9 -18 8 -21 7 -21 6 -18 7 -19 10 -20 7 -21 7 -20 6 -18 5 -20 5 -19 5 -16 5 -17 6 -20 9 -19 6 -17 6 -18 6 -16 7 0 -1 -17 8 -15 10 -16 10 -17 6 -15 10 -18 10 -17 6 -17 8 -12 11 -14 10 -13 10 -15 9 -14 9 -14 10 -13 8 -13 12 -13 14 -14 9 -11 13 -14 11 -13 9 -11 13 -11 13 -12 15 -11 10 -11 14 -2 -2 0 0 0 0 0 0 0 0 ]
CSI_DATA,AP,68:FE:71:12:53:8C,-41,11,0,0,0,0,0,0,0,0,0,-96,0,6,1,47097094,0,37,0,0,47.097,128,[84 -64 4 0 0 0 0 0 0 0 0 0 23 3 20 2 20 4 22 5 21 6 18 9 17 7 20 11 17 9 16 7 19 7 19 10 17 12 19 8 15 9 19 11 19 11 15 7 18 11 16 10 14 12 17 11 15 11 14 9 16 10 16 10 -2 -2 16 10 16 10 14 6 17 7 17 10 17 9 13 10 15 9 14 4 16 4 17 4 17 6 16 6 17 5 16 7 17 6 16 5 17 4 17 2 15 4 15 1 19 1 18 1 16 0 16 2 19 0 -2 1 0 0 0 0 0 0 0 0 ]
CSI_DATA,AP,68:FE:71:12:53:8C,-42,11,1,6,1,1,1,0,0,0,0,-93,0,6,1,47220646,0,84,0,0,47.221,384,[84 -64 4 0 0 0 0 0 0 0 0 0 -13 19 -14 18 -12 18 -13 20 -12 16 -13 15 -15 16 -13 13 -16 13 -14 12 -14 15 -18 16 -15 13 -17 13 -16 14 -14 14 -14 13 -15 11 -16 10 -15 9 -15 12 -16 12 -12 11 -17 13 -18 11 -13 11 1 1 -14 11 -12 13 -14 11 -13 13 -13 13 -15 11 -12 11 -14 14 -10 12 -11 11 -9 13 -9 13 -9 14 -10 11 -11 12 -10 12 -10 14 -8 13 -11 13 -11 15 -8 11 -9 16 -9 15 -11 16 -11 16 -7 14 2 2 0 0 0 0 0 0 0 0 ]
CSI_DATA,AP,68:FE:71:12:53:8C,-42,11,1,5,1,1,1,0,0,0,0,-95,0,6,1,47340178,0,84,0,0,47.34,384,[84 -64 4 0 0 0 0 0 0 0 0 0 16 9 19 9 20 9 19 11 19 14 14 15 16 16 16 12 16 15 13 16 15 15 15 13 15 17 16 14 14 17 13 17 11 14 11 14 10 16 13 13 11 13 11 14 8 13 14 16 11 16 14 14 1 -1 13 12 15 12 12 11 15 11 14 13 12 12 13 12 13 9 11 9 15 9 14 12 11 10 16 10 16 8 15 11 15 8 15 7 15 9 15 6 15 9 16 7 16 7 14 7 18 5 17 5 13 5 2 2 0 0 0 0 0 0 0 0 ]
CSI_DATA,AP,68:FE:71:12:53:8C,-38,11,1,7,1,1,1,0,0,0,0,-93,0,6,1,47444457,0,84,0,0,47.444,384,[84 -64 4 0 0 0 0 0 0 0 0 0 -10 20 -9 18 -11 21 -14 23 -13 18 -12 16 -15 18 -15 16 -14 17 -15 15 -15 17 -13 18 -15 16 -12 18 -14 14 -15 17 -12 15 -15 13 -12 14 -16 13 -14 16 -13 14 -11 14 -15 16 -15 15 -11 17 1 0 -10 13 -13 17 -11 16 -7 13 -12 16 -8 15 -8 14 -11 13 -11 16 -6 16 -8 18 -9 16 -9 15 -7 17 -9 18 -9 16 -8 17 -5 14 -4 14 -7 16 -7 15 -6 14 -4 15 -5 18 -4 19 -2 19 2 -1 0 0 0 0 0 0 0 0 ]
CSI_DATA,AP,68:FE:71:12:53:8C,-37,11,1,6,1,1,1,1,0,0,0,-95,1,6,1,47557695,0,84,0,0,47.558,384,[84 -64 4 0 0 0 0 0 0 0 0 0 14 17 10 15 12 18 10 19 11 17 10 19 10 19 9 19 8 16 5 16 8 18 6 17 6 19 5 20 7 17 7 17 6 16 5 14 7 14 4 16 2 14 7 16 6 17 3 18 2 14 3 15 0 0 8 16 6 13 7 17 7 16 8 13 6 14 7 14 9 16 7 14 10 11 11 11 10 15 7 15 11 14 8 13 12 14 10 13 12 13 11 13 12 12 8 13 10 10 11 11 9 13 10 12 10 10 -1 2 0 0 0 0 0 0 0 0 ]
CSI_DATA,AP,68:FE:71:12:53:8C,-40,11,1,6,1,1,1,0,0,0,0,-95,0,6,1,47664600,0,84,0,0,47.665,384,[84 -64 4 0 0 0 0 0 0 0 0 0 3 18 2 20 0 18 1 20 0 21 -3 18 -3 18 -5 19 -1 21 -4 21 -6 21 -5 20 -3 20 -5 18 -6 17 -6 22 -7 20 -3 17 -3 19 -3 17 -3 16 -6 15 -7 14 -7 14 -6 18 -2 18 -2 1 -3 18 -5 17 -4 19 -1 16 -3 16 -1 17 0 18 1 18 -3 16 0 13 -2 15 0 13 -1 17 -2 17 -2 14 2 18 0 19 1 14 3 13 4 15 3 15 1 17 2 17 4 18 3 16 2 14 1 1 0 0 0 0 0 0 0 0 ]
CSI_DATA,AP,68:FE:71:12:53:8C,-41,11,1,5,1,1,1,0,0,0,0,-94,0,6,1,47779827,0,84,0,0,47.78,384,[84 -64 4 0 0 0 0 0 0 0 0 0 -21 8 -20 10 -21 10 -22 10 -20 6 -18 6 -19 2 -18 6 -20 5 -20 3 -21 4 -22 5 -20 5 -18 2 -22 1 -19 3 -22 1 -20 4 -19 0 -17 3 -17 1 -21 -1 -16 0 -20 0 -18 0 -19 2 -1 0 -18 4 -19 3 -16 2 -18 6 -17 1 -19 4 -19 1 -13 5 -19 3 -17 6 -16 8 -16 6 -14 9 -17 9 -13 4 -18 6 -16 8 -13 7 -15 6 -17 9 -15 8 -15 5 -15 6 -15 11 -14 9 -14 8 1 -2 0 0 0 0 0 0 0 0 ]
CSI_DATA,AP,68:FE:71:12:53:8C,-44,11,1,4,1,1,1,0,0,0,0,-93,0,6,1,47898649,0,84,0,0,47.899,384,[84 -64 4 0 0 0 0 0 0 0 0 0 20 -1 18 -3 19 -2 22 2 23 3 21 2 19 2 21 1 20 5 20 2 19 4 18 6 21 6 18 2 18 3 18 4 17 5 15 2 15 5 15 6 16 3 17 2 17 4 16 4 19 5 17 4 -1 -2 18 2 17 1 19 1 16 0 16 1 18 4 17 4 15 3 14 0 14 2 19 -1 14 1 15 -3 14 -2 15 -2 16 -1 16 -3 17 0 14 -2 17 -1 17 -1 18 -1 15 -4 18 -4 18 -2 14 -2 0 -2 0 0 0 0 0 0 0 0 ]
CSI_DATA,AP,68:FE:71:12:53:8C,-40,11,1,4,1,1,1,0,0,0,0,-95,0,6,1,48050909,0,84,0,0,48.051,384,[84 -64 4 0 0 0 0 0 0 0 0 0 -19 11 -19 11 -21 12 -23 8 -19 10 -19 10 -18 9 -20 7 -17 5 -17 7 -20 8 -18 6 -20 4 -17 4 -19 2 -19 4 -18 4 -19 3 -18 6 -20 5 -18 6 -18 4 -15 5 -19 4 -19 4 -19 5 -2 -2 -15 6 -15 5 -16 5 -15 9 -17 5 -14 8 -17 5 -13 4 -17 4 -13 7 -18 9 -14 5 -17 7 -14 7 -17 9 -15 7 -16 9 -15 8 -13 11 -13 9 -17 7 -12 10 -16 12 -12 11 -12 9 -14 12 2 -2 0 0 0 0 0 0 0 0 ]
CSI_DATA,AP,68:FE:71:12:53:8C,-38,11,1,6,1,1,1,0,0,0,0,-96,0,6,1,48187166,0,84,0,0,48.187,384,[84 -64 4 0 0 0 0 0 0 0 0 0 20 -9 17 -8 22 -9 20 -5 19 -5 21 -6 19 -4 19 -4 17 -4 18 0 20 -4 19 -1 17 -2 20 0 20 1 20 -2 20 0 19 1 17 1 16 1 17 1 18 1 18 1 16 1 17 1 18 0 0 2 16 -1 19 -3 19 -1 18 -4 14 -3 18 -6 14 -3 14 -6 13 -6 16 -6 13 -3 12 -6 17 -6 16 -8 17 -8 14 -7 18 -5 16 -9 13 -5 13 -9 15 -7 14 -6 16 -9 14 -9 15 -9 15 -6 -1 -1 0 0 0 0 0 0 0 0 ]
CSI_DATA,AP,68:FE:71:12:53:8C,-38,11,1,7,1,1,1,0,0,0,0,-93,0,6,1,48325099,0,84,0,0,48.325,384,[84 -64 4 0 0 0 0 0 0 0 0 0 -20 1 -20 1 -24 2 -21 -1 -19 2 -20 0 -19 -3 -18 -4 -22 -5 -18 -1 -23 -5 -21 -5 -20 -2 -19 -2 -20 -3 -21 -2 -21 -5 -17 -3 -17 -3 -17 -4 -19 -7 -18 -7 -14 -2 -20 -6 -18 -5 -19 -3 -1 -1 -15 -5 -18 -1 -16 -3 -15 -1 -15 -2 -15 -5 -19 -1 -16 0 -15 -2 -15 -1 -18 -1 -16 -2 -17 3 -15 2 -18 0 -18 -1 -19 2 -17 0 -16 -1 -15 0 -15 0 -16 2 -19 2 -18 3 -16 5 -14 3 1 0 0 0 0 0 0 0 0 0 ]
CSI_DATA,AP,68:FE:71:12:53:8C,-40,11,1,5,1,1,1,0,0,0,0,-96,0,6,1,48468068,0,84,0,0,48.468,384,[84 -64 4 0 0 0 0 0 0 0 0 0 -17 11 -18 10 -16 10 -22 9 -21 12 -21 9 -21 7 -22 5 -21 5 -21 5 -22 8 -23 5 -23 5 -18 8 -18 3 -19 3 -17 3 -19 6 -19 2 -17 5 -17 5 -19 7 -15 5 -18 7 -18 5 -16 4 0 1 -17 4 -16 5 -20 9 -14 5 -16 5 -16 7 -18 8 -17 5 -15 6 -12 7 -16 8 -16 10 -16 9 -14 11 -14 6 -13 8 -16 7 -15 11 -15 10 -12 10 -13 7 -15 11 -13 10 -13 10 -12 12 -10 11 0 -2 0 0 0 0 0 0 0 0 ]
CSI_DATA,AP,68:FE:71:12:53:8C,-35,11,1,7,1,1,1,0,0,0,0,-94,0,6,1,48610927,0,84,0,0,48.611,384,[84 -64 4 0 0 0 0 0 0 0 0 0 -19 0 -22 3 -22 -2 -23 0 -21 -1 -19 -1 -21 -1 -20 -2 -18 -1 -19 -5 -21 -6 -21 -4 -20 -5 -17 -2 -16 -5 -17 -2 -16 -7 -18 -6 -16 -6 -18 -3 -18 -7 -19 -3 -14 -5 -18 -7 -17 -3 -14 -4 1 -2 -17 -5 -16 -2 -17 -5 -14 -2 -15 -2 -18 -5 -16 -2 -15 -2 -18 -1 -14 1 -16 1 -15 1 -15 -1 -16 -1 -17 -1 -15 -2 -14 -2 -18 1 -16 0 -15 1 -17 3 -14 2 -16 1 -17 1 -17 1 -14 3 0 1 0 0 0 0 0 0 0 0 ]
CSI_DATA,AP,68:FE:71:12:53:8C,-38,11,1,6,1,1,1,0,0,0,0,-94,0,6,1,48760421,0,84,0,0,48.76,384,[84 -64 4 0 0 0 0 0 0 0 0 0 -10 15 -11 15 -13 19 -13 19 -14 15 -15 13 -17 13 -16 12 -14 13 -14 12 -14 12 -14 15 -17 11 -18 11 -18 11 -18 10 -16 11 -14 9 -17 13 -16 10 -14 11 -13 10 -13 9 -17 12 -16 11 -15 11 0 2 -16 11 -14 10 -14 10 -12 9 -13 13 -13 12 -13 13 -13 12 -12 10 -13 10 -9 14 -11 10 -8 14 -10 15 -9 14 -10 14 -10 12 -10 12 -9 12 -11 13 -8 14 -8 12 -7 16 -9 15 -10 12 -10 16 -1 2 0 0 0 0 0 0 0 0 ]
CSI_DATA,AP,68:FE:71:12:53:8C,-40,11,1,5,1,1,1,0,0,0,0,-95,0,6,1,48893526,0,84,0,0,48.894,384,[84 -64 4 0 0 0 0 0 0 0 0 0 -19 4 -17 6 -18 6 -20 5 -20 6 -17 2 -18 1 -18 4 -18 4 -16 3 -17 0 -18 0 -17 1 -20 0 -18 1 -19 2 -18 -1 -14 1 -19 2 -16 2 -16 1 -16 1 -15 -2 -18 -2 -17 -1 -15 1 2 0 -14 2 -17 3 -14 0 -15 2 -15 2 -14 2 -18 2 -15 3 -13 5 -15 2 -13 5 -14 7 -14 5 -15 7 -13 5 -15 3 -15 4 -13 4 -15 8 -15 9 -14 4 -14 6 -15 9 -13 10 -15 7 -12 6 -1 0 0 0 0 0 0 0 0 0 ]
CSI_DATA,AP,68:FE:71:12:53:8C,-42,11,1,4,1,1,1,0,0,0,0,-94,0,6,1,49038419,0,84,0,0,49.038,384,[84 -64 4 0 0 0 0 0 0 0 0 0 2 18 5 17 3 19 3 18 2 15 1 14 0 15 -3 18 -2 15 -2 15 -2 15 -3 15 -2 15 -5 15 -4 16 -5 18 -5 16 -2 12 -1 16 -4 12 -2 13 -4 15 -3 15 -5 16 -6 16 -5 12 -1 1 0 11 0 15 0 16 0 13 -1 10 -2 13 2 13 -1 14 1 10 1 13 1 11 1 14 1 11 0 13 5 14 2 10 6 13 3 14 3 13 6 11 5 13 2 15 5 13 3 11 4 14 4 10 -2 1 0 0 0 0 0 0 0 0 ]
CSI_DATA,AP,68:FE:71:12:53:8C,-45,11,1,5,1,1,1,0,0,0,0,-96,0,6,1,49183057,0,84,0,0,49.183,384,[84 -64 4 0 0 0 0 0 0 0 0 0 8 13 9 10 10 14 9 16 7 16 6 14 8 14 5 16 8 15 4 15 9 18 8 18 3 14 7 17 6 14 7 15 6 15 7 14 5 12 4 12 6 12 5 14 3 12 7 14 3 15 4 11 1 -2 5 15 6 13 5 12 6 12 7 11 7 14 6 15 5 10 8 13 9 13 10 13 7 12 9 9 9 13 7 10 9 12 12 11 8 7 8 9 12 10 10 12 8 9 8 9 9 11 8 7 12 8 -2 -2 0 0 0 0 0 0 0 0 ]
CSI_DATA,AP,68:FE:71:12:53:8C,-37,11,1,6,1,1,1,0,0,0,1,-95,0,6,1,49324312,0,84,0,0,49.324,384,[84 -64 4 0 0 0 0 0 0 0 0 0 11 14 11 18 10 16 7 19 7 17 6 17 5 19 5 17 9 16 6 15 6 17 8 16 4 17 4 19 3 17 3 19 4 19 3 17 4 14 2 15 2 15 3 14 2 16 3 15 5 18 6 15 -1 2 4 16 5 14 4 14 6 12 4 13 7 17 5 16 7 14 8 13 9 12 9 12 6 13 7 14 9 11 6 14 9 15 7 12 9 12 8 14 8 10 12 13 8 14 11 12 13 12 12 13 12 8 -2 2 0 0 0 0 0 0 0 0 ]
CSI_DATA,AP,68:FE:71:12:53:8C,-40,11,1,4,1,1,1,1,0,0,0,-95,4,6,1,49460359,0,84,0,0,49.46,384,[84 -64 4 0 0 0 0 0 0 0 0 0 -4 -7 -4 -7 -1 -9 -2 -9 -2 -7 -3 -10 -2 -11 -2 -9 -1 -9 -2 -7 0 -8 -1 -7 -2 -11 -2 -11 2 -7 -1 -7 2 -7 0 -8 2 -6 -1 -10 1 -7 0 -7 0 -10 1 -10 0 -10 -2 -10 -2 0 0 -5 -2 -9 -2 -9 -1 -9 1 -8 -1 -8 0 -9 -2 -5 -3 -6 -4 -7 -3 -7 0 -5 0 -7 -3 -10 -1 -9 -4 -9 -3 -7 -1 -6 -3 -9 -2 -7 -4 -9 -5 -6 -5 -7 -4 -8 -3 -7 -3 -8 0 0 0 0 0 0 0 0 0 0 ]
CSI_DATA,AP,68:FE:71:12:53:8C,-41,11,1,4,1,1,1,0,0,0,0,-94,0,6,1,49615055,0,84,0,0,49.615,384,[84 -64 4 0 0 0 0 0 0 0 0 0 -5 -20 -2 -23 -7 -21 -5 -23 -5 -24 0 -23 1 -21 1 -19 2 -21 -1 -23 1 -24 2 -21 2 -21 3 -24 1 -22 3 -24 0 -21 1 -20 3 -18 3 -21 1 -17 1 -21 3 -18 2 -19 0 -21 -1 -19 1 1 3 -18 0 -20 0 -20 -3 -16 -2 -16 1 -20 -2 -19 -2 -17 0 -15 -3 -15 -2 -17 -1 -16 -4 -16 -5 -14 -2 -18 -6 -17 -3 -15 -4 -16 -6 -14 -8 -17 -6 -17 -7 -14 -8 -18 -8 -15 -4 -14 -7 -15 0 -1 0 0 0 0 0 0 0 0 ]
CSI_DATA,AP,68:FE:71:12:53:8C,-37,11,1,7,1,1,1,0,0,0,0,-96,0,6,1,49775610,0,84,0,0,49.776,384,[84 -64 4 0 0 0 0 0 0 0 0 0 -3 -10 -3 -11 -4 -10 -4 -11 -1 -12 -2 -12 -2 -9 -3 -9 -3 -12 -1 -11 -1 -11 -1 -9 -2 -11 2 -11 1 -11 1 -8 2 -8 0 -8 -2 -9 0 -9 -2 -9 -3 -9 -3 -7 -2 -7 -1 -7 -3 -6 2 -2 -4 -7 -2 -6 0 -5 -2 -7 -2 -9 -5 -6 -2 -5 -4 -5 -2 -6 -3 -7 -4 -6 -4 -5 -3 -5 -6 -4 -2 -8 -4 -8 -6 -9 -2 -6 -4 -7 -3 -6 -5 -4 -4 -8 -3 -8 -8 -5 -5 -4 -6 -6 1 -1 0 0 0 0 0 0 0 0 ]
CSI_DATA,AP,68:FE:71:12:53:8C,-39,11,1,4,1,1,1,0,0,0,0,-94,0,6,1,49888267,0,84,0,0,49.888,384,[84 -64 4 0 0 0 0 0 0 0 0 0 6 26 6 24 6 27 3 25 4 23 0 24 2 24 -3 22 2 23 0 19 -2 23 -3 19 0 22 -2 20 -4 16 -3 21 -1 18 0 16 1 14 -3 15 -2 14 0 16 2 15 -1 14 2 16 1 13 1 0 2 13 2 14 5 12 4 12 2 11 5 10 4 9 6 10 6 10 3 8 6 8 7 9 8 12 5 11 8 7 9 11 10 10 8 9 11 8 10 9 8 10 10 10 11 9 11 5 9 7 13 6 2 1 0 0 0 0 0 0 0 0 ]
CSI_DATA,AP,68:FE:71:12:53:8C,-40,11,1,5,1,1,1,1,0,0,0,-93,2,6,1,50052636,0,84,0,0,50.053,384,[84 -64 4 0 0 0 0 0 0 0 0 0 28 -17 26 -15 25 -21 31 -16 28 -16 27 -11 28 -14 23 -13 26 -11 24 -10 25 -7 26 -10 23 -7 21 -9 23 -9 20 -10 18 -7 18 -6 17 -6 17 -6 18 -10 17 -7 15 -8 14 -6 17 -8 15 -11 0 0 15 -11 14 -9 13 -8 9 -9 9 -8 10 -12 9 -10 10 -12 9 -9 5 -13 6 -10 6 -11 6 -14 4 -11 3 -12 5 -12 3 -12 2 -11 3 -10 2 -13 1 -13 -1 -10 2 -14 0 -15 -1 -13 -1 -11 -2 0 0 0 0 0 0 0 0 0 ]
CSI_DATA,AP,68:FE:71:12:53:8C,-39,11,1,6,1,1,1,0,0,0,1,-96,0,6,1,50175956,0,84,0,0,50.176,384,[84 -64 4 0 0 0 0 0 0 0 0 0 -13 8 -13 6 -16 5 -16 3 -14 3 -16 2 -13 1 -12 4 -17 4 -13 1 -15 1 -15 1 -16 3 -16 4 -16 4 -17 3 -12 3 -12 3 -15 4 -14 2 -13 4 -11 1 -12 3 -12 1 -13 5 -15 4 2 2 -11 4 -11 5 -15 5 -14 7 -10 6 -12 4 -11 3 -12 7 -10 6 -11 4 -12 8 -12 6 -11 8 -13 8 -15 6 -14 4 -14 5 -10 10 -14 9 -12 9 -12 7 -10 6 -13 6 -11 9 -13 7 -13 9 1 -1 0 0 0 0 0 0 0 0 ]
CSI_DATA,AP,68:FE:71:12:53:8C,-43,11,0,0,0,0,0,0,0,0,0,-93,0,6,1,50320573,0,37,0,0,50.321,128,[84 -64 4 0 0 0 0 0 0 0 0 0 19 -6 20 -5 21 -7 21 -6 18 -4 19 -5 20 -2 21 -4 22 -4 19 -5 20 -4 21 -5 19 -2 20 -3 21 -4 23 -1 20 0 19 1 19 -1 23 -1 18 1 20 1 21 0 18 -1 22 -3 20 -3 0 -2 19 -1 21 0 23 -5 19 -3 19 -3 20 -3 19 -4 18 -5 19 -4 19 -3 22 -4 19 -6 21 -5 19 -4 19 -4 21 -7 22 -7 19 -7 21 -7 18 -6 23 -6 21 -3 20 -7 21 -7 21 -8 19 -5 2 -2 0 0 0 0 0 0 0 0 ]
CSI_DATA,AP,68:FE:71:12:53:8C,-40,11,1,4,1,1,1,0,0,0,0,-96,0,6,1,50462668,0,84,0,0,50.463,384,[84 -64 4 0 0 0 0 0 0 0 0 0 9 -12 12 -13 12 -15 12 -12 14 -16 16 -13 14 -13 17 -12 14 -11 14 -10 19 -11 20 -11 18 -11 19 -12 15 -11 20 -13 17 -12 17 -9 17 -10 17 -10 17 -6 18 -9 18 -8 17 -11 21 -11 20 -9 1 1 20 -11 15 -11 18 -11 14 -12 14 -11 19 -10 18 -10 16 -9 13 -10 15 -11 17 -13 13 -11 15 -11 14 -16 16 -14 16 -15 13 -15 15 -15 12 -13 10 -15 14 -13 14 -15 13 -16 12 -19 10 -17 12 -14 -2 -1 0 0 0 0 0 0 0 0 ]
CSI_DATA,AP,68:FE:71:12:53:8C,-43,11,1,6,1,1,1,0,0,0,0,-94,0,6,1,50577923,0,84,0,0,50.578,384,[84 -64 4 0 0 0 0 0 0 0 0 0 5 14 5 15 6 13 4 16 4 14 8 17 5 13 6 15 6 16 5 18 3 16 3 20 4 18 5 17 5 19 3 22 3 17 1 19 1 20 4 16 1 18 3 17 2 15 3 19 0 18 1 18 0 2 2 16 3 20 1 21 4 16 1 19 4 17 5 17 3 15 6 16 6 15 6 17 5 18 3 17 8 18 4 18 6 17 6 15 7 15 5 18 7 14 6 16 5 17 9 17 7 19 6 18 9 15 0 0 0 0 0 0 0 0 0 0 ]
CSI_DATA,AP,68:FE:71:12:53:8C,-42,11,1,6,1,1,1,1,0,0,0,-95,6,6,1,50715293,0,84,0,0,50.715,384,[84 -64 4 0 0 0 0 0 0 0 0 0 -19 11 -19 8 -22 10 -20 11 -19 9 -20 5 -17 8 -20 6 -19 6 -19 5 -20 5 -22 6 -20 4 -22 6 -19 3 -23 2 -21 3 -19 3 -16 5 -17 4 -20 4 -19 5 -17 0 -19 2 -18 2 -20 4 1 1 -14 2 -15 4 -18 7 -15 5 -13 5 -16 7 -18 5 -13 7 -12 9 -14 8 -17 7 -14 8 -13 5 -13 9 -13 9 -14 7 -14 11 -13 7 -13 11 -14 7 -12 7 -14 7 -15 12 -12 10 -13 9 -12 8 0 1 0 0 0 0 0 0 0 0 ]
CSI_DATA,AP,68:FE:71:12:53:8C,-41,11,1,4,1,1,1,0,0,0,0,-96,0,6,1,50858227,0,84,0,0,50.858,384,[37 80 2 0 0 0 0 0 0 0 0 0 -32 -2 -32 -6 -31 -4 -35 -8 -30 -5 -32 -6 -29 -10 -29 -10 -29 -11 -30 -11 -33 -10 -29 -10 -28 -10 -30 -8 -26 -11 -32 -12 -29 -10 -24 -12 -25 -13 -27 -9 -26 -13 -27 -10 -24 -10 -27 -8 -27 -7 -25 -11 2 -2 -26 -10 -24 -9 -25 -8 -24 -8 -23 -5 -26 -8 -25 -8 -25 -7 -27 -5 -26 -4 -28 -5 -24 0 -24 -1 -25 -1 -23 -1 -27 -6 -26 -3 -27 -2 -26 -1 -25 -1 -25 -2 -26 1 -25 1 -25 4 -24 2 -27 3 1 0 0 0 0 0 0 0 0 0 ]
CSI_DATA,AP,68:FE:71:12:53:8C,-46,11,1,3,1,1,1,0,0,0,0,-93,0,6,1,50983120,0,82,0,0,50.983,384,[84 -64 4 0 0 0 0 0 0 0 0 0 13 11 13 12 12 10 14 10 11 14 14 14 13 11 9 11 11 14 11 15 11 14 13 15 11 15 11 13 10 11 8 12 8 14 11 15 9 14 8 10 7 11 11 11 7 10 10 13 10 13 11 11 0 -2 8 12 10 9 8 12 9 11 11 10 9 11 12 10 8 7 8 7 8 9 11 10 10 8 13 8 12 6 12 7 13 9 12 8 14 6 10 6 14 5 11 6 13 5 15 6 12 4 10 5 11 5 2 -1 0 0 0 0 0 0 0 0 ]
CSI_DATA,AP,68:FE:71:12:53:8C,-43,11,1,5,1,1,1,0,0,0,0,-94,0,6,1,51106115,0,84,0,0,51.106,384,[84 -64 4 0 0 0 0 0 0 0 0 0 5 -22 3 -20 7 -22 5 -21 8 -20 9 -20 8 -19 8 -19 5 -18 6 -19 6 -17 6 -18 9 -15 8 -18 9 -16 8 -17 6 -14 9 -17 9 -16 7 -16 9 -16 7 -14 6 -14 6 -16 7 -16 8 -15 -2 0 5 -15 4 -15 8 -16 4 -12 5 -16 5 -13 6 -15 5 -16 6 -17 4 -14 2 -17 1 -15 3 -17 4 -17 3 -15 2 -17 3 -17 -1 -18 0 -17 1 -17 3 -13 0 -17 1 -15 -2 -17 -2 -14 2 -14 0 -2 0 0 0 0 0 0 0 0 ]
CSI_DATA,AP,68:FE:71:12:53:8C,-41,11,1,6,1,1,1,0,0,0,0,-96,0,6,1,51212805,0,84,0,0,51.213,384,[84 -64 4 0 0 0 0 0 0 0 0 0 13 11 17 10 13 9 15 14 15 13 13 13 13 13 14 12 14 15 13 14 14 13 11 15 10 13 11 16 12 15 12 15 12 11 8 14 11 14 9 14 11 15 9 14 9 12 9 12 9 11 8 11 -2 0 9 9 10 11 9 12 12 10 12 10 11 11 9 9 12 7 12 11 14 7 12 9 9 11 11 6 10 8 11 7 14 8 12 10 13 9 13 7 12 4 12 8 12 8 16 7 13 5 14 8 15 7 1 1 0 0 0 0 0 0 0 0 ]
CSI_DATA,AP,68:FE:71:12:53:8C,-38,11,1,7,1,1,1,0,0,0,0,-96,0,6,1,51337711,0,84,0,0,51.338,384,[37 80 2 0 0 0 0 0 0 0 0 0 -6 -31 -1 -28 -3 -34 -6 -30 0 -33 -1 -29 1 -29 1 -28 0 -33 2 -28 3 -33 2 -29 5 -31 3 -28 6 -25 2 -28 6 -27 5 -26 5 -26 2 -28 3 -24 4 -28 2 -23 4 -27 1 -29 5 -26 2 -1 0 -27 1 -24 -1 -25 -3 -23 1 -23 1 -25 -3 -27 1 -22 -1 -26 -3 -25 -3 -26 -3 -25 -3 -23 -2 -26 -4 -22 -5 -27 -7 -27 -7 -27 -4 -26 -6 -26 -6 -26 -4 -25 -5 -25 -5 -27 -5 -23 -7 -23 2 -2 0 0 0 0 0 0 0 0 ]
CSI_DATA,AP,68:FE:71:12:53:8C,-41,11,1,6,1,1,1,0,0,0,0,-94,0,6,1,51478229,0,84,0,0,51.478,384,[84 -64 4 0 0 0 0 0 0 0 0 0 -4 30 -2 30 -8 31 -4 29 -10 29 -10 29 -8 27 -8 27 -10 30 -9 27 -12 31 -12 29 -10 26 -13 29 -9 27 -13 29 -13 24 -10 26 -11 26 -13 23 -10 25 -10 23 -11 22 -12 24 -10 25 -8 25 1 -1 -8 24 -10 26 -9 22 -6 23 -7 24 -6 24 -4 23 -7 20 -6 25 -3 21 -5 26 -3 20 -6 22 -6 21 -4 25 -2 24 0 26 -1 25 -3 25 -1 22 -3 24 -1 22 -1 23 -1 24 0 24 0 21 1 -2 0 0 0 0 0 0 0 0 ]
CSI_DATA,AP,68:FE:71:12:53:8C,-40,11,1,6,1,1,1,0,0,0,0,-94,0,6,1,51608716,0,84,0,0,51.609,384,[84 -64 4 0 0 0 0 0 0 0 0 0 15 15 13 15 15 18 12 14 10 17 9 17 13 15 12 19 12 17 9 16 12 20 9 16 11 20 6 18 8 17 10 18 6 14 8 15 8 16 5 16 7 15 9 19 6 15 9 17 5 17 7 18 -1 -2 9 13 7 15 8 16 6 14 7 14 6 13 9 13 8 15 9 14 10 14 10 14 7 11 12 12 12 10 12 13 10 13 12 11 12 12 11 11 9 9 11 13 11 12 12 11 15 9 13 13 11 9 -2 1 0 0 0 0 0 0 0 0 ]
CSI_DATA,AP,68:FE:71:12:53:8C,-42,11,1,4,1,1,1,0,0,0,0,-94,0,6,1,51733863,0,84,0,0,51.734,384,[84 -64 4 0 0 0 0 0 0 0 0 0 -17 5 -18 3 -20 6 -21 4 -20 5 -20 0 -21 4 -19 -1 -18 0 -19 0 -18 2 -18 -2 -20 -2 -21 2 -19 2 -17 0 -17 1 -19 -2 -17 -1 -16 2 -16 -3 -17 1 -16 0 -17 1 -19 -2 -18 0 -1 2 -14 -2 -15 2 -18 2 -19 1 -15 3 -17 -1 -16 1 -16 1 -16 2 -15 5 -14 3 -14 2 -17 3 -18 2 -18 2 -15 5 -17 5 -17 6 -16 7 -14 6 -14 5 -17 7 -14 4 -17 5 -16 7 -14 4 2 2 0 0 0 0 0 0 0 0 ]
CSI_DATA,AP,68:FE:71:12:53:8C,-39,11,1,4,1,1,1,0,0,0,0,-93,0,6,1,51883776,0,84,0,0,51.884,384,[84 -64 4 0 0 0 0 0 0 0 0 0 -21 4 -18 6 -21 4 -22 2 -21 4 -22 4 -21 2 -20 1 -20 1 -18 2 -21 3 -19 1 -20 -1 -20 1 -21 1 -21 0 -20 1 -17 -3 -16 2 -16 -1 -20 -3 -17 1 -17 0 -18 -2 -18 0 -18 1 2 0 -14 -1 -16 3 -14 2 -18 0 -14 -1 -13 4 -16 1 -16 1 -13 1 -15 0 -16 2 -15 1 -15 6 -14 7 -13 5 -13 5 -17 5 -14 6 -15 7 -15 8 -16 6 -16 8 -13 5 -17 8 -15 7 -17 5 1 -2 0 0 0 0 0 0 0 0 ]
CSI_DATA,AP,68:FE:71:12:53:8C,-43,11,1,4,1,1,1,0,0,0,0,-96,0,6,1,52025825,0,84,0,0,52.026,384,[84 -64 4 0 0 0 0 0 0 0 0 0 16 -12 17 -15 14 -14 17 -10 14 -10 18 -12 17 -12 16 -10 15 -8 17 -9 15 -10 18 -7 18 -6 16 -9 19 -7 19 -9 14 -6 16 -7 14 -6 18 -7 16 -5 16 -8 13 -8 13 -9 14 -8 14 -9 -1 -1 12 -9 14 -6 16 -8 14 -8 16 -9 13 -8 12 -7 15 -6 15 -9 12 -9 15 -7 10 -7 13 -9 12 -9 12 -12 12 -9 14 -10 13 -11 11 -10 14 -9 10 -13 12 -13 10 -13 13 -14 13 -12 11 -11 1 2 0 0 0 0 0 0 0 0 ]
CSI_DATA,AP,68:FE:71:12:53:8C,-39,11,1,4,1,1,1,0,0,0,0,-96,0,6,1,52170345,0,84,0,0,52.17,384,[84 -64 4 0 0 0 0 0 0 0 0 0 -3 19 -3 18 -3 19 -7 16 -8 17 -6 18 -5 15 -7 15 -9 15 -11 15 -9 13 -9 16 -9 17 -11 14 -10 12 -11 14 -7 13 -8 15 -11 11 -7 11 -8 13 -10 10 -8 11 -8 13 -7 11 -9 12 -1 0 -5 10 -5 13 -8 15 -5 11 -4 11 -7 12 -5 14 -3 10 -6 10 -7 13 -6 11 -5 13 -5 13 -6 15 -2 14 -3 12 -5 11 -3 11 -4 14 -5 15 -6 15 -3 13 -4 16 -2 14 -5 16 -3 14 1 2 0 0 0 0 0 0 0 0 ]
CSI_DATA,AP,68:FE:71:12:53:8C,-42,11,1,4,1,1,1,0,0,0,0,-96,0,6,1,52282150,0,84,0,0,52.282,384,[84 -64 4 0 0 0 0 0 0 0 0 0 13 -17 13 -16 13 -17 14 -14 13 -13 14 -15 15 -16 13 -15 16 -12 16 -14 18 -13 15 -12 15 -9 14 -13 17 -10 15 -11 17 -11 13 -13 15 -12 16 -11 17 -10 16 -12 11 -8 12 -8 13 -9 13 -12 -1 -1 11 -8 13 -8 11 -10 12 -11 11 -11 10 -12 14 -10 13 -11 13 -10 10 -12 12 -13 11 -14 8 -10 7 -13 8 -14 8 -14 10 -14 8 -16 10 -12 5 -13 6 -15 9 -14 8 -15 9 -14 9 -12 6 -14 -2 -2 0 0 0 0 0 0 0 0 ]
CSI_DATA,AP,68:FE:71:12:53:8C,-38,11,1,6,1,1,1,0,0,0,0,-94,0,6,1,52426629,0,84,0,0,52.427,384,[84 -64 4 0 0 0 0 0 0 0 0 0 -14 -14 -14 -14 -12 -11 -12 -15 -12 -16 -10 -14 -10 -13 -11 -15 -7 -14 -11 -15 -7 -17 -8 -16 -10 -15 -9 -12 -7 -15 -6 -13 -5 -16 -9 -13 -6 -13 -7 -13 -8 -12 -5 -11 -9 -11 -6 -14 -10 -11 -6 -13 -1 0 -8 -10 -9 -11 -8 -13 -6 -10 -6 -12 -8 -13 -7 -13 -10 -13 -6 -10 -9 -9 -11 -9 -9 -8 -8 -8 -10 -10 -7 -10 -11 -12 -9 -8 -11 -8 -12 -10 -11 -7 -9 -11 -10 -11 -10 -7 -13 -7 -10 -9 -13 -7 2 2 0 0 0 0 0 0 0 0 ]
CSI_DATA,AP,68:FE:71:12:53:8C,-40,11,1,5,1,1,1,0,0,0,0,-95,0,6,1,52533957,0,84,0,0,52.534,384,[84 -64 4 0 0 0 0 0 0 0 0 0 -10 -19 -5 -19 -6 -21 -8 -19 -3 -21 -5 -20 -6 -21 -2 -20 -3 -18 -2 -19 -2 -19 -3 -18 -1 -20 -3 -21 0 -18 -3 -18 -3 -21 -1 -20 1 -17 -2 -18 -2 -19 -2 -17 -1 -18 -4 -19 -1 -20 -1 -18 -1 -1 0 -17 -2 -19 -3 -19 -4 -18 -2 -15 -5 -15 -5 -18 -2 -14 -5 -16 -4 -18 -7 -15 -6 -17 -4 -17 -4 -14 -8 -13 -6 -14 -4 -18 -5 -18 -7 -14 -5 -15 -6 -15 -7 -15 -10 -17 -8 -15 -6 -16 -9 -14 1 0 0 0 0 0 0 0 0 0 ]
CSI_DATA,AP,68:FE:71:12:53:8C,-39,11,1,6,1,1,1,0,0,0,0,-95,0,6,1,52686552,0,84,0,0,52.687,384,[84 -64 4 0 0 0 0 0 0 0 0 0 -20 30 -23 31 -23 30 -27 29 -26 29 -25 28 -25 27 -28 28 -27 23 -25 26 -28 23 -30 27 -27 27 -26 24 -27 20 -27 20 -27 19 -29 20 -26 19 -28 19 -29 22 -25 18 -25 18 -24 20 -27 21 -23 21 1 0 -23 20 -22 22 -23 19 -21 20 -24 22 -22 21 -23 19 -20 20 -24 24 -18 23 -17 23 -18 25 -20 23 -20 24 -19 24 -20 26 -17 27 -18 26 -16 28 -14 25 -15 29 -17 27 -14 26 -12 31 -13 29 -16 30 -2 0 0 0 0 0 0 0 0 0 ]
CSI_DATA,AP,68:FE:71:12:53:8C,-42,11,1,6,1,1,1,0,0,0,0,-94,0,6,1,52814399,0,84,0,0,52.814,384,[84 -64 4 0 0 0 0 0 0 0 0 0 -36 -16 -32 -20 -36 -20 -32 -22 -32 -19 -30 -24 -30 -22 -32 -21 -32 -24 -27 -23 -30 -27 -27 -26 -29 -24 -28 -28 -24 -28 -25 -26 -24 -25 -25 -22 -23 -25 -27 -25 -24 -21 -22 -25 -24 -24 -23 -25 -24 -26 -25 -23 0 1 -26 -22 -22 -21 -25 -18 -23 -17 -25 -19 -27 -21 -23 -20 -27 -20 -23 -19 -28 -14 -29 -17 -25 -15 -28 -17 -26 -15 -28 -12 -27 -15 -27 -15 -28 -14 -29 -13 -30 -8 -31 -10 -29 -11 -29 -9 -29 -12 -29 -9 -31 -7 2 2 0 0 0 0 0 0 0 0 ]
CSI_DATA,AP,68:FE:71:12:53:8C,-41,11,1,4,1,1,1,0,0,0,0,-94,0,6,1,52953701,0,84,0,0,52.954,384,[84 -64 4 0 0 0 0 0 0 0 0 0 3 17 4 17 3 21 4 21 2 22 5 19 3 19 2 19 2 19 1 19 1 21 -2 19 -2 18 -3 21 2 16 -2 18 3 19 2 16 2 18 3 19 0 19 -1 17 -2 18 0 15 2 17 -1 16 -2 -2 3 18 1 15 3 15 2 15 3 17 1 15 1 18 2 16 5 13 6 17 3 15 5 14 3 17 5 13 5 16 6 14 8 16 5 12 8 15 8 13 8 13 7 13 7 17 7 14 6 16 9 13 0 -1 0 0 0 0 0 0 0 0 ]
CSI_DATA,AP,68:FE:71:12:53:8C,-43,11,1,6,1,1,1,1,0,0,1,-93,4,6,1,53088802,0,84,0,0,53.089,384,[84 -64 4 0 0 0 0 0 0 0 0 0 -23 -1 -22 -2 -22 -4 -23 -3 -20 -3 -19 -3 -21 -4 -20 -6 -19 -8 -17 -9 -18 -7 -18 -9 -17 -7 -21 -6 -19 -9 -19 -9 -16 -9 -16 -6 -17 -9 -15 -6 -19 -7 -19 -7 -15 -6 -18 -7 -17 -6 -18 -7 -2 1 -16 -6 -15 -5 -15 -7 -18 -4 -17 -7 -18 -7 -19 -8 -18 -3 -17 -2 -15 -5 -19 -4 -16 -2 -16 -4 -14 -4 -18 -5 -18 -1 -18 -2 -19 -3 -15 -2 -16 -2 -19 -3 -18 -3 -20 0 -18 0 -19 1 -19 1 0 1 0 0 0 0 0 0 0 0 ]
CSI_DATA,AP,68:FE:71:12:53:8C,-39,11,1,6,1,1,1,1,0,0,0,-94,5,6,1,53239143,0,84,0,0,53.239,384,[84 -64 4 0 0 0 0 0 0 0 0 0 19 6 19 11 19 8 23 9 17 11 20 9 18 12 16 12 17 11 14 10 16 14 16 14 15 14 17 12 16 11 17 12 17 11 15 10 14 14 16 12 13 11 13 12 10 12 16 11 14 13 16 13 2 0 14 8 14 11 17 13 12 7 17 9 15 8 13 7 12 9 14 10 16 7 18 6 16 7 14 8 15 9 16 5 18 9 16 6 17 7 14 8 13 2 15 6 17 8 15 4 15 2 14 6 14 5 2 -1 0 0 0 0 0 0 0 0 ]
CSI_DATA,AP,68:FE:71:12:53:8C,-43,11,1,6,1,1,1,1,0,0,0,-95,2,6,1,53399397,0,84,0,0,53.399,384,[84 -64 4 0 0 0 0 0 0 0 0 0 -22 -1 -24 -3 -24 -1 -25 -1 -24 -4 -19 -5 -24 -7 -21 -5 -22 -6 -19 -4 -21 -8 -24 -9 -21 -7 -23 -5 -20 -5 -22 -8 -21 -6 -18 -8 -17 -9 -20 -8 -18 -7 -18 -9 -18 -7 -17 -8 -21 -8 -18 -8 0 -1 -19 -3 -17 -7 -17 -4 -18 -3 -16 -2 -18 -6 -16 -3 -19 -4 -16 -4 -17 -4 -21 1 -19 0 -18 1 -18 -2 -16 -3 -17 -1 -18 2 -16 1 -19 -1 -15 1 -18 -1 -18 0 -18 0 -20 2 -18 4 -17 1 1 -1 0 0 0 0 0 0 0 0 ]
CSI_DATA,AP,68:FE:71:12:53:8C,-37,11,1,6,1,1,1,1,0,0,0,-95,4,6,1,53524535,0,84,0,0,53.525,384,[84 -64 4 0 0 0 0 0 0 0 0 0 19 -7 21 -6 20 -8 23 -10 22 -8 18 -6 18 -4 20 -6 21 -5 17 -5 22 -5 20 -3 21 -4 20 -3 20 -3 22 -3 19 -3 18 -4 17 -2 19 0 19 -2 18 -1 17 -3 19 -2 18 -1 19 -2 -1 0 16 -3 18 -6 18 -5 16 -6 16 -4 14 -4 18 -3 14 -2 15 -7 16 -8 16 -5 15 -5 14 -5 13 -7 14 -7 17 -10 13 -6 14 -9 17 -7 13 -10 17 -7 16 -6 14 -9 14 -10 15 -9 16 -10 -1 2 0 0 0 0 0 0 0 0 ]
CSI_DATA,AP,68:FE:71:12:53:8C,-42,11,1,4,1,1,1,0,0,0,0,-96,0,6,1,53678874,0,84,0,0,53.679,384,[84 -64 4 0 0 0 0 0 0 0 0 0 18 -13 18 -11 16 -13 19 -13 18 -10 16 -10 16 -7 20 -7 20 -9 18 -6 18 -9 18 -9 18 -8 18 -8 19 -8 20 -4 19 -4 15 -5 20 -5 19 -4 16 -4 18 -4 17 -5 18 -6 16 -5 16 -9 0 -2 17 -5 17 -9 17 -5 13 -7 14 -6 17 -9 18 -7 12 -11 15 -7 13 -8 12 -12 11 -8 11 -9 11 -8 11 -12 15 -9 15 -11 10 -14 15 -13 13 -14 12 -14 14 -9 11 -14 10 -16 10 -12 13 -14 -2 2 0 0 0 0 0 0 0 0 ]
CSI_DATA,AP,68:FE:71:12:53:8C,-38,11,1,5,1,1,1,0,0,0,0,-95,0,6,1,53809003,0,84,0,0,53.809,384,[84 -64 4 0 0 0 0 0 0 0 0 0 1 -23 -2 -21 2 -20 4 -20 4 -23 2 -18 3 -22 5 -19 6 -19 6 -19 5 -22 3 -19 3 -19 7 -21 7 -16 5 -21 5 -20 7 -19 3 -15 7 -19 7 -16 7 -18 6 -15 5 -19 3 -17 5 -16 0 0 6 -16 1 -16 5 -17 2 -16 3 -18 1 -15 2 -16 2 -15 2 -15 0 -16 -1 -18 0 -14 -1 -18 0 -15 0 -19 0 -16 0 -20 -4 -15 -2 -16 -1 -14 -4 -15 -5 -18 -4 -19 -4 -18 -3 -17 -3 -16 -1 1 0 0 0 0 0 0 0 0 ]
CSI_DATA,AP,68:FE:71:12:53:8C,-38,11,1,5,1,1,1,0,0,0,0,-95,0,6,1,53940427,0,84,0,0,53.94,384,[84 -64 4 0 0 0 0 0 0 0 0 0 18 -11 17 -13 17 -10 17 -13 17 -7 19 -10 18 -9 18 -10 17 -5 19 -7 21 -8 19 -5 17 -7 20 -4 16 -7 18 -6 19 -5 14 -5 17 -6 19 -6 15 -4 18 -6 15 -7 14 -5 16 -3 17 -5 -1 -1 16 -6 16 -7 14 -6 15 -9 15 -8 14 -6 16 -6 15 -8 12 -6 13 -11 15 -7 11 -7 14 -9 12 -10 15 -9 14 -8 13 -12 13 -12 15 -10 11 -9 14 -11 11 -13 10 -12 15 -14 14 -9 12 -10 2 0 0 0 0 0 0 0 0 0 ]
CSI_DATA,AP,68:FE:71:12:53:8C,-42,11,1,4,1,1,1,0,0,0,0,-96,0,6,1,54069055,0,84,0,0,54.069,384,[84 -64 4 0 0 0 0 0 0 0 0 0 9 19 8 14 13 19 8 21 8 18 6 16 8 21 8 19 4 19 5 18 4 18 8 19 3 19 5 20 6 20 7 19 4 18 5 14 2 17 4 15 3 16 4 15 2 14 2 15 2 15 6 18 0 0 3 16 4 18 5 15 7 16 3 16 4 14 7 18 6 16 8 15 8 15 9 12 7 13 9 12 9 12 9 14 6 16 8 13 6 14 6 13 7 14 6 15 10 14 9 15 8 12 10 15 11 13 2 0 0 0 0 0 0 0 0 0 ]
CSI_DATA,AP,68:FE:71:12:53:8C,-38,11,1,7,1,1,1,0,0,0,0,-95,0,6,1,54210181,0,84,0,0,54.21,384,[84 -64 4 0 0 0 0 0 0 0 0 0 -12 15 -17 17 -15 15 -19 17 -19 11 -16 11 -20 9 -19 10 -16 8 -17 11 -16 13 -19 11 -20 11 -15 11 -19 11 -18 9 -16 11 -17 10 -19 8 -16 6 -19 8 -17 7 -13 6 -15 9 -14 8 -15 10 -2 0 -13 10 -17 10 -14 12 -12 8 -16 8 -14 9 -15 9 -15 11 -15 8 -13 9 -10 10 -14 11 -13 14 -14 13 -11 12 -15 12 -11 13 -10 14 -14 12 -11 13 -14 14 -12 10 -9 11 -11 16 -12 12 -8 16 -2 2 0 0 0 0 0 0 0 0 ]
CSI_DATA,AP,68:FE:71:12:53:8C,-42,11,1,4,1,1,1,1,0,0,0,-93,5,6,1,54339210,0,84,0,0,54.339,384,[84 -64 4 0 0 0 0 0 0 0 0 0 11 -19 10 -19 10 -19 9 -19 13 -16 11 -18 14 -17 13 -14 12 -14 12 -14 12 -15 12 -14 13 -18 13 -14 15 -16 14 -16 12 -16 12 -12 13 -16 12 -12 10 -12 11 -11 11 -9 14 -14 10 -15 12 -11 -2 -1 11 -12 12 -13 11 -13 10 -15 9 -15 10 -13 8 -16 8 -13 10 -16 7 -12 10 -16 8 -13 7 -15 10 -16 7 -15 6 -16 5 -16 7 -15 6 -15 7 -16 6 -15 6 -13 6 -18 4 -15 4 -17 4 -16 0 -1 0 0 0 0 0 0 0 0 ]
CSI_DATA,AP,68:FE:71:12:53:8C,-41,11,1,4,1,1,1,0,0,0,0,-95,0,6,1,54486821,0,84,0,0,54.487,384,[84 -64 4 0 0 0 0 0 0 0 0 0 -4 21 -7 18 -7 19 -6 20 -6 22 -6 20 -10 16 -11 17 -9 20 -8 15 -9 18 -12 20 -12 17 -9 16 -10 16 -11 15 -13 18 -12 13 -11 16 -12 13 -11 12 -9 17 -8 13 -12 15 -11 15 -8 15 2 -1 -10 14 -11 13 -8 15 -8 12 -9 15 -7 16 -9 13 -8 13 -6 15 -4 14 -4 17 -7 13 -3 16 -3 14 -5 15 -4 16 -4 16 -2 16 -6 17 -2 13 -2 17 -6 15 -1 14 -4 19 -5 18 -3 16 -2 -2 0 0 0 0 0 0 0 0 ]
CSI_DATA,AP,68:FE:71:12:53:8C,-44,11,1,3,1,1,1,0,0,0,0,-93,0,6,1,54601047,0,84,0,0,54.601,384,[84 -64 4 0 0 0 0 0 0 0 0 0 16 -10 17 -10 16 -8 17 -8 19 -10 19 -10 17 -7 18 -5 19 -5 18 -4 20 -6 19 -9 19 -4 18 -7 19 -5 20 -6 20 -3 17 -4 18 -6 16 -4 19 -5 16 -2 16 -4 16 -6 19 -5 17 -6 -2 0 17 -4 15 -3 16 -4 16 -4 14 -6 17 -7 16 -4 14 -6 15 -6 11 -8 13 -8 12 -5 15 -7 13 -5 15 -9 17 -7 13 -7 15 -10 13 -7 12 -10 16 -9 13 -8 12 -11 14 -9 11 -7 14 -9 2 2 0 0 0 0 0 0 0 0 ]
CSI_DATA,AP,68:FE:71:12:53:8C,-41,11,1,4,1,1,1,0,0,0,0,-94,0,6,1,54725888,0,84,0,0,54.726,384,[84 -64 4 0 0 0 0 0 0 0 0 0 14 15 13 15 14 14 15 18 13 18 8 13 13 14 12 18 9 16 7 19 10 16 8 20 10 17 9 17 8 15 9 19 9 14 9 14 8 18 7 15 7 16 8 16 6 17 9 16 5 16 5 15 -2 -1 8 15 7 16 8 13 11 11 5 13 7 13 6 13 8 12 7 11 9 11 11 15 10 11 9 12 7 13 10 13 13 11 10 12 10 9 13 11 12 9 12 12 13 11 14 13 14 10 12 11 11 12 -2 0 0 0 0 0 0 0 0 0 ]
CSI_DATA,AP,68:FE:71:12:53:8C,-42,11,1,6,1,1,1,0,0,0,0,-94,0,6,1,54854782,0,84,0,0,54.855,384,[84 -64 4 0 0 0 0 0 0 0 0 0 -14 15 -17 14 -15 14 -18 11 -20 12 -16 13 -18 13 -17 11 -16 10 -17 7 -21 8 -22 6 -18 9 -19 7 -19 5 -21 8 -17 8 -19 4 -18 4 -17 7 -19 5 -15 5 -14 7 -18 4 -18 5 -18 7 0 -1 -18 7 -18 5 -17 7 -15 6 -18 6 -17 9 -15 8 -13 9 -17 8 -14 10 -14 11 -15 6 -12 8 -15 9 -12 11 -16 8 -13 10 -13 10 -13 9 -12 9 -14 12 -12 12 -13 9 -12 13 -15 10 -12 12 0 -2 0 0 0 0 0 0 0 0 ]
CSI_DATA,AP,68:FE:71:12:53:8C,-35,11,1,6,1,1,1,0,0,0,0,-93,0,6,1,54992628,0,82,0,0,54.993,384,[84 -64 4 0 0 0 0 0 0 0 0 0 -22 -3 -20 -1 -22 -2 -21 -5 -22 -4 -18 -4 -20 -3 -19 -8 -21 -9 -17 -7 -17 -5 -18 -9 -19 -8 -17 -9 -18 -7 -20 -7 -19 -6 -14 -6 -17 -8 -14 -7 -15 -6 -15 -9 -14 -9 -14 -10 -18 -6 -18 -9 0 2 -13 -8 -15 -5 -14 -7 -16 -5 -14 -4 -18 -2 -17 -8 -15 -2 -16 -2 -12 -2 -17 -4 -15 -5 -14 -3 -16 -1 -17 -1 -17 -3 -14 -2 -15 2 -17 -1 -16 -2 -16 1 -15 -1 -17 -1 -15 0 -19 1 -15 0 2 -1 0 0 0 0 0 0 0 0 ]
CSI_DATA,AP,68:FE:71:12:53:8C,-40,11,1,4,1,1,1,0,0,0,0,-95,0,6,1,55114920,0,84,0,0,55.115,384,[84 -64 4 0 0 0 0 0 0 0 0 0 22 -4 18 -4 20 -3 21 -1 23 0 19 2 20 -1 20 2 19 3 21 3 19 3 22 4 21 6 20 2 17 4 22 3 16 2 17 3 15 2 17 4 20 2 21 0 15 2 19 5 18 1 19 1 -1 2 16 2 19 2 15 -2 17 -2 18 0 15 2 15 2 16 -1 15 1 17 -2 17 0 15 1 14 -2 15 -3 14 -3 18 -1 20 -2 15 -4 18 -6 17 -7 19 -3 14 -3 15 -5 18 -6 17 -4 15 -8 -1 0 0 0 0 0 0 0 0 0 ]
CSI_DATA,AP,68:FE:71:12:53:8C,-37,11,1,5,1,1,1,0,0,0,0,-95,0,6,1,55236705,0,84,0,0,55.237,384,[84 -64 4 0 0 0 0 0 0 0 0 0 12 18 12 15 10 16 9 18 10 20 8 17 8 18 7 17 9 18 8 19 7 21 7 22 6 22 4 17 8 20 7 21 5 16 5 16 3 16 4 19 4 17 6 17 3 14 7 19 4 17 7 15 -1 1 5 13 9 15 5 17 8 15 7 16 5 16 8 15 6 14 9 13 9 14 10 12 9 12 8 15 10 12 12 13 11 13 10 12 9 11 12 14 9 11 12 13 12 15 10 13 12 11 11 12 12 9 2 -2 0 0 0 0 0 0 0 0 ]
CSI_DATA,AP,68:FE:71:12:53:8C,-40,11,1,6,1,1,1,0,0,0,0,-96,0,6,1,55362557,0,84,0,0,55.363,384,[84 -64 4 0 0 0 0 0 0 0 0 0 10 12 12 11 10 12 9 17 9 13 8 14 8 13 7 12 5 13 5 14 5 15 7 17 5 15 3 18 5 16 6 16 3 12 3 11 5 15 3 14 1 12 6 14 1 15 1 16 2 16 2 10 -1 0 4 11 6 13 5 12 7 10 5 10 6 12 3 12 6 13 8 10 6 11 8 10 5 11 6 8 7 8 6 9 8 12 8 8 9 10 7 9 8 6 10 10 10 11 8 11 13 7 9 9 8 8 -2 0 0 0 0 0 0 0 0 0 ]
CSI_DATA,AP,68:FE:71:12:53:8C,-37,11,1,7,1,1,1,1,0,0,0,-95,3,6,1,55474026,0,84,0,0,55.474,384,[84 -64 4 0 0 0 0 0 0 0 0 0 -16 5 -18 6 -18 5 -20 2 -20 3 -16 4 -16 2 -15 2 -19 3 -18 1 -16 -1 -18 -1 -17 1 -17 2 -16 -3 -20 -2 -17 -3 -16 -2 -17 -3 -17 -1 -14 -3 -17 -2 -17 0 -15 0 -18 -3 -14 -4 2 1 -15 0 -14 -1 -14 1 -13 1 -14 0 -15 0 -16 3 -12 3 -16 2 -17 0 -13 4 -14 -1 -14 4 -16 2 -15 4 -14 1 -13 1 -15 2 -15 3 -11 5 -12 1 -12 4 -12 7 -12 4 -13 5 -12 6 -1 2 0 0 0 0 0 0 0 0 ]
CSI_DATA,AP,68:FE:71:12:53:8C,-41,11,0,0,0,0,0,0,0,0,0,-95,0,6,1,55571331,0,37,0,0,55.571,128,[84 -64 4 0 0 0 0 0 0 0 0 0 -10 10 -13 9 -11 9 -12 6 -14 6 -13 3 -15 6 -13 2 -13 5 -11 6 -14 5 -14 6 -16 6 -12 5 -14 4 -14 2 -14 3 -15 3 -11 2 -13 3 -15 4 -13 1 -11 4 -15 4 -13 3 -11 2 -1 0 -13 1 -11 2 -13 5 -12 2 -10 2 -11 5 -12 3 -10 2 -10 5 -12 3 -10 5 -12 3 -9 4 -12 4 -13 7 -9 8 -9 7 -10 7 -9 6 -11 9 -12 6 -9 6 -7 10 -7 10 -10 6 -11 6 0 1 0 0 0 0 0 0 0 0 ]
CSI_DATA,AP,68:FE:71:12:53:8C,-37,11,0,0,0,0,0,0,0,0,0,-96,0,6,1,55670268,0,37,0,0,55.67,128,[84 -64 4 0 0 0 0 0 0 0 0 0 -1 9 0 6 -1 8 0 7 0 5 -2 10 -4 6 -2 8 -1 7 -3 5 -5 10 -3 9 -5 10 -3 9 -4 8 -3 9 -5 8 -2 6 -5 7 -5 5 -5 7 -6 9 -3 8 -4 5 -4 8 -6 9 2 -1 -4 5 -3 8 -1 5 -5 6 -3 7 -1 9 -3 6 -2 8 0 7 -1 5 -4 6 -1 7 -2 5 -3 7 0 6 -2 5 -1 5 -2 8 -3 8 -2 8 -1 8 -3 7 1 6 0 9 -1 6 -2 8 -1 -1 0 0 0 0 0 0 0 0 ]
CSI_DATA,AP,68:FE:71:12:53:8C,-36,11,1,5,1,1,1,0,0,0,0,-96,0,6,1,55770153,0,84,0,0,55.77,384,[84 -64 4 0 0 0 0 0 0 0 0 0 -4 -19 -1 -20 -3 -20 -1 -25 2 -19 0 -22 0 -22 0 -21 5 -22 0 -17 0 -23 0 -19 1 -23 2 -20 6 -21 6 -20 4 -19 3 -20 2 -17 2 -19 5 -16 6 -17 6 -19 4 -16 3 -21 3 -17 1 0 2 -19 4 -20 3 -17 0 -17 3 -18 1 -17 4 -16 -1 -16 2 -14 0 -16 0 -18 2 -17 -2 -15 -1 -18 0 -19 -1 -19 -3 -19 -4 -18 -3 -16 -3 -17 0 -15 0 -15 -1 -15 -2 -15 -5 -15 -3 -15 1 -1 0 0 0 0 0 0 0 0 ]
CSI_DATA,AP,68:FE:71:12:53:8C,-41,11,1,6,1,1,1,0,0,0,0,-96,0,6,1,55891115,0,84,0,0,55.891,384,[84 -64 4 0 0 0 0 0 0 0 0 0 14 16 12 13 12 17 13 17 12 18 9 14 6 14 8 15 8 17 9 15 9 14 7 14 6 14 8 16 8 12 7 11 8 14 6 13 7 10 4 9 7 10 4 10 3 7 5 8 5 12 7 8 2 -1 8 9 9 11 9 8 7 6 9 7 10 11 10 11 10 8 7 7 10 7 11 4 9 4 10 6 12 7 9 4 13 7 9 7 12 6 11 7 11 4 10 5 13 4 10 5 13 5 10 3 11 4 1 0 0 0 0 0 0 0 0 0 ]
CSI_DATA,AP,68:FE:71:12:53:8C,-38,11,1,6,1,1,1,1,0,0,0,-94,2,6,1,56025245,0,84,0,0,56.025,384,[84 -64 4 0 0 0 0 0 0 0 0 0 21 -5 23 -3 25 -5 21 -2 20 -3 18 -2 19 -2 15 1 20 0 17 4 15 3 17 -2 16 2 14 -1 13 3 13 1 14 2 12 -1 12 1 15 -1 12 1 13 -1 8 2 12 -1 9 -3 12 -3 1 0 11 -1 9 -2 8 -2 10 -4 8 -3 10 -4 8 -2 8 -6 11 -6 6 -4 10 -7 9 -6 7 -7 8 -6 10 -7 9 -6 11 -7 10 -6 8 -5 5 -8 7 -6 9 -9 7 -10 5 -11 9 -8 7 -7 1 2 0 0 0 0 0 0 0 0 ]
CSI_DATA,AP,68:FE:71:12:53:8C,-37,11,1,5,1,1,1,1,0,0,0,-94,1,6,1,56140017,0,84,0,0,56.14,384,[84 -64 4 0 0 0 0 0 0 0 0 0 32 9 32 11 29 10 29 14 28 13 27 16 27 16 24 16 22 13 22 14 22 14 21 14 19 15 19 13 18 13 22 11 18 10 14 12 14 11 16 12 17 9 16 11 12 7 16 7 18 9 16 7 2 0 16 5 13 6 13 6 14 2 13 5 14 3 14 1 12 -3 12 1 12 -1 12 0 10 0 13 -3 10 -4 12 -2 10 -6 14 -2 13 -5 10 -3 10 -7 13 -8 9 -4 9 -7 8 -9 10 -5 8 -9 -1 2 0 0 0 0 0 0 0 0 ]
CSI_DATA,AP,68:FE:71:12:53:8C,-40,11,1,4,1,1,1,0,0,0,0,-93,0,6,1,56287010,0,84,0,0,56.287,384,[84 -64 4 0 0 0 0 0 0 0 0 0 -20 -2 -21 -3 -22 -4 -22 -4 -21 -7 -19 -10 -21 -8 -19 -10 -19 -7 -20 -9 -21 -11 -20 -7 -20 -11 -18 -9 -18 -8 -20 -9 -19 -12 -17 -9 -20 -11 -18 -9 -16 -8 -16 -12 -17 -11 -18 -8 -20 -8 -17 -8 2 -2 -18 -9 -21 -7 -21 -11 -20 -9 -21 -8 -19 -7 -22 -7 -17 -11 -18 -8 -18 -7 -22 -10 -18 -5 -23 -6 -22 -9 -21 -7 -22 -9 -20 -8 -23 -6 -22 -9 -20 -7 -21 -7 -24 -8 -20 -8 -22 -6 -25 -6 -25 -6 0 0 0 0 0 0 0 0 0 0 ]
CSI_DATA,AP,68:FE:71:12:53:8C,-40,11,1,4,1,1,1,0,0,0,0,-94,0,6,1,56434990,0,84,0,0,56.435,384,[84 -64 4 0 0 0 0 0 0 0 0 0 6 18 4 18 3 19 0 20 0 20 2 17 -1 21 1 16 -2 20 1 16 0 19 -2 19 0 21 -3 16 -2 19 -4 19 -2 18 -3 17 -1 16 -4 18 -6 17 -2 14 -3 15 -4 18 -3 18 -2 16 -2 0 -4 16 0 15 -2 17 -2 14 -4 14 0 13 -2 14 2 16 -1 12 0 12 3 14 -1 12 1 14 3 16 -1 12 3 14 0 15 3 13 1 12 6 12 3 14 2 15 3 13 3 11 3 10 6 14 -1 -1 0 0 0 0 0 0 0 0 ]
CSI_DATA,AP,68:FE:71:12:53:8C,-44,11,1,5,1,1,1,0,0,0,0,-96,0,6,1,56552242,0,84,0,0,56.552,384,[84 -64 4 0 0 0 0 0 0 0 0 0 2 -15 5 -15 4 -17 6 -19 7 -20 9 -18 7 -19 10 -15 11 -18 7 -17 12 -21 10 -17 12 -16 10 -16 12 -18 11 -19 12 -17 12 -14 14 -17 11 -16 14 -15 13 -17 10 -13 13 -16 15 -17 13 -19 2 -2 10 -18 10 -16 12 -16 12 -18 10 -16 10 -18 10 -19 8 -19 7 -18 7 -16 8 -18 7 -17 10 -20 9 -20 8 -19 6 -22 5 -18 8 -19 5 -19 3 -17 6 -19 7 -21 5 -20 6 -20 6 -20 3 -19 -2 2 0 0 0 0 0 0 0 0 ]
CSI_DATA,AP,68:FE:71:12:53:8C,-42,11,1,5,1,1,1,0,0,0,0,-95,0,6,1,56669743,0,84,0,0,56.67,384,[84 -64 4 0 0 0 0 0 0 0 0 0 0 -5 -1 -9 3 -8 0 -6 0 -8 -1 -9 1 -8 2 -5 -1 -7 2 -8 4 -8 2 -10 1 -7 3 -7 4 -9 1 -6 2 -6 0 -5 1 -7 2 -5 5 -9 4 -5 2 -9 3 -8 3 -7 2 -7 -1 1 3 -8 3 -8 2 -7 2 -7 2 -8 3 -6 1 -5 3 -8 0 -7 1 -4 4 -9 1 -7 1 -6 0 -9 3 -9 -1 -8 1 -7 0 -6 2 -5 0 -7 -1 -8 1 -7 2 -9 -3 -7 1 -7 0 -7 1 2 0 0 0 0 0 0 0 0 ]
CSI_DATA,AP,68:FE:71:12:53:8C,-41,11,1,6,1,1,1,0,0,0,0,-94,0,6,1,56812775,0,84,0,0,56.813,384,[84 -64 4 0 0 0 0 0 0 0 0 0 17 9 20 9 21 8 21 9 16 11 14 10 19 10 14 13 14 10 16 13 19 11 16 13 17 11 14 11 14 14 16 13 15 11 11 12 13 14 14 13 10 10 14 10 12 11 14 12 15 10 12 8 1 1 12 7 12 10 12 8 15 7 11 7 16 9 12 8 13 7 13 8 15 5 17 5 15 5 14 4 14 7 15 8 16 6 13 5 12 7 15 4 16 2 12 3 16 7 17 6 16 4 17 1 14 5 0 2 0 0 0 0 0 0 0 0 ]
CSI_DATA,AP,68:FE:71:12:53:8C,-38,11,1,6,1,1,1,0,0,0,0,-93,0,6,1,56924139,0,84,0,0,56.924,384,[37 80 2 0 0 0 0 0 0 0 0 0 -7 28 -8 29 -12 33 -13 31 -13 28 -11 30 -14 26 -14 25 -13 28 -13 26 -16 27 -13 29 -15 27 -18 28 -15 26 -18 28 -15 26 -14 24 -14 23 -16 21 -15 23 -12 22 -13 20 -13 25 -15 23 -12 22 -2 0 -11 25 -12 25 -11 26 -11 21 -11 22 -12 24 -10 21 -9 20 -9 23 -11 21 -10 24 -5 25 -6 22 -8 23 -7 24 -9 26 -6 27 -7 25 -6 25 -3 26 -4 24 -3 23 -2 26 -1 26 -3 23 -2 23 -1 2 0 0 0 0 0 0 0 0 ]
CSI_DATA,AP,68:FE:71:12:53:8C,-41,11,1,6,1,1,1,1,0,0,1,-96,4,6,1,57042348,0,84,0,0,57.042,384,[84 -64 4 0 0 0 0 0 0 0 0 0 -17 -15 -16 -18 -12 -15 -11 -18 -15 -17 -10 -19 -9 -15 -13 -18 -11 -18 -12 -16 -9 -16 -10 -18 -7 -18 -7 -17 -8 -16 -7 -17 -11 -15 -8 -14 -10 -19 -11 -17 -10 -17 -6 -16 -9 -13 -6 -15 -9 -16 -9 -16 -1 -1 -10 -15 -10 -13 -10 -16 -11 -15 -12 -16 -12 -16 -8 -13 -12 -15 -11 -15 -9 -12 -10 -11 -9 -10 -11 -12 -9 -14 -11 -11 -13 -11 -12 -14 -11 -14 -11 -9 -12 -13 -12 -13 -15 -12 -13 -9 -16 -13 -12 -11 -11 -8 1 -1 0 0 0 0 0 0 0 0 ]
CSI_DATA,AP,68:FE:71:12:53:8C,-45,11,1,5,1,1,1,0,0,0,0,-94,0,6,1,57216200,0,84,0,0,57.216,384,[84 -64 4 0 0 0 0 0 0 0 0 0 -18 0 -20 -3 -18 1 -19 0 -20 -3 -18 -2 -18 -4 -20 -2 -20 -5 -18 -3 -20 -5 -19 -3 -19 -5 -18 -8 -19 -5 -19 -4 -19 -6 -18 -4 -16 -7 -14 -7 -15 -4 -14 -7 -15 -4 -18 -7 -18 -5 -15 -4 2 0 -15 -6 -14 -5 -16 -6 -17 -5 -13 -2 -17 -6 -15 -3 -17 -5 -14 -1 -15 1 -17 -2 -15 -2 -17 1 -17 -1 -15 -2 -13 2 -16 -2 -18 -2 -17 -1 -14 3 -14 3 -18 -1 -14 0 -16 0 -17 2 -16 1 -1 0 0 0 0 0 0 0 0 0 ]
CSI_DATA,AP,68:FE:71:12:53:8C,-38,11,0,0,0,0,0,0,0,0,0,-96,0,6,1,57333116,0,37,0,0,57.333,128,[84 -64 4 0 0 0 0 0 0 0 0 0 -24 17 -24 14 -27 19 -26 18 -29 16 -25 16 -27 13 -28 11 -27 13 -28 14 -29 12 -31 12 -27 9 -25 12 -29 7 -27 9 -25 9 -25 10 -24 9 -24 6 -26 8 -27 6 -25 8 -25 8 -27 9 -26 7 -2 2 -21 8 -23 8 -22 12 -22 12 -20 11 -23 11 -21 11 -21 9 -22 12 -19 12 -20 15 -21 13 -18 16 -21 12 -20 15 -19 16 -23 14 -17 15 -18 12 -20 15 -18 16 -19 15 -20 14 -17 20 -15 16 -15 17 -1 2 0 0 0 0 0 0 0 0 ]
CSI_DATA,AP,68:FE:71:12:53:8C,-39,11,1,6,1,1,1,0,0,0,0,-96,0,6,1,57456558,0,84,0,0,57.457,384,[84 -64 4 0 0 0 0 0 0 0 0 0 -18 36 -16 38 -20 36 -22 38 -21 35 -22 33 -23 34 -25 35 -26 29 -22 30 -25 29 -27 32 -27 29 -25 30 -28 31 -27 30 -27 25 -25 24 -24 26 -22 24 -23 28 -27 24 -24 25 -22 27 -26 29 -24 27 -1 -2 -24 26 -21 25 -22 24 -18 27 -24 26 -21 25 -24 25 -21 26 -20 26 -15 25 -18 28 -17 28 -18 29 -15 32 -15 27 -16 32 -16 30 -15 30 -12 28 -10 31 -15 32 -15 28 -9 29 -13 30 -11 32 -10 34 -1 -1 0 0 0 0 0 0 0 0 ]
CSI_DATA,AP,68:FE:71:12:53:8C,-39,11,1,4,1,1,1,0,0,0,0,-96,0,6,1,57554031,0,84,0,0,57.554,384,[84 -64 4 0 0 0 0 0 0 0 0 0 10 -16 14 -15 11 -18 13 -17 13 -13 12 -12 13 -14 14 -13 14 -12 16 -12 17 -11 14 -11 16 -13 18 -9 15 -9 14 -10 13 -9 16 -8 15 -8 12 -7 16 -8 15 -8 12 -10 15 -9 12 -9 11 -10 2 -1 12 -11 12 -12 11 -11 11 -9 12 -10 10 -11 10 -11 11 -11 12 -13 10 -10 9 -11 9 -11 12 -10 12 -12 11 -9 8 -14 9 -10 8 -12 8 -14 9 -14 11 -11 7 -12 11 -13 7 -15 11 -12 10 -12 2 -1 0 0 0 0 0 0 0 0 ]
CSI_DATA,AP,68:FE:71:12:53:8C,-42,11,1,5,1,1,1,0,0,0,0,-94,0,6,1,57662025,0,84,0,0,57.662,384,[84 -64 4 0 0 0 0 0 0 0 0 0 12 12 15 14 15 13 13 14 11 15 10 15 12 15 9 18 13 17 11 19 9 17 9 17 11 20 10 18 11 17 9 15 7 17 8 16 8 14 8 17 6 17 9 18 5 18 6 18 8 14 8 18 -1 1 9 12 7 15 8 12 11 16 11 13 7 16 9 13 8 12 10 12 10 12 10 12 8 11 12 11 12 13 10 10 13 13 11 10 13 10 10 11 11 10 10 13 12 13 12 9 12 9 14 11 14 12 2 2 0 0 0 0 0 0 0 0 ]
CSI_DATA,AP,68:FE:71:12:53:8C,-44,11,1,3,1,1,1,0,0,0,0,-95,0,6,1,57773674,0,84,0,0,57.774,384,[84 -64 4 0 0 0 0 0 0 0 0 0 -15 13 -16 14 -20 13 -19 13 -17 11 -19 8 -17 9 -17 10 -19 10 -18 8 -20 7 -19 7 -21 7 -20 7 -20 5 -17 6 -16 8 -16 4 -18 6 -18 4 -16 3 -17 5 -16 7 -19 7 -15 5 -16 7 -2 -1 -18 5 -15 6 -18 7 -14 7 -13 7 -16 4 -17 6 -17 7 -13 4 -13 6 -15 8 -15 8 -16 7 -15 7 -15 9 -13 8 -13 9 -12 9 -16 11 -16 9 -14 11 -12 9 -11 10 -11 13 -14 12 -13 11 -2 -1 0 0 0 0 0 0 0 0 ]
CSI_DATA,AP,68:FE:71:12:53:8C,-41,11,1,4,1,1,1,1,0,0,0,-93,5,6,1,57903725,0,84,0,0,57.904,384,[84 -64 4 0 0 0 0 0 0 0 0 0 -19 9 -20 5 -19 7 -21 3 -20 5 -19 4 -21 6 -21 1 -22 2 -22 3 -19 1 -19 0 -21 0 -22 3 -19 3 -19 2 -21 -1 -18 0 -21 1 -18 2 -17 1 -17 2 -15 1 -18 2 -19 2 -18 0 -2 0 -18 1 -15 3 -17 2 -17 2 -15 0 -18 3 -18 4 -14 0 -16 2 -18 5 -14 1 -16 2 -18 2 -16 3 -18 5 -18 6 -16 3 -15 4 -14 6 -17 7 -17 4 -16 4 -13 7 -18 6 -17 7 -16 7 2 -1 0 0 0 0 0 0 0 0 ]
CSI_DATA,AP,68:FE:71:12:53:8C,-42,11,1,6,1,1,1,1,0,0,0,-95,4,6,1,58046737,0,84,0,0,58.047,384,[84 -64 4 0 0 0 0 0 0 0 0 0 15 -11 15 -11 16 -14 19 -11 17 -14 14 -12 15 -12 19 -11 18 -12 20 -7 16 -7 16 -11 20 -8 17 -9 19 -10 20 -9 14 -9 14 -7 17 -5 18 -9 18 -9 16 -5 16 -8 14 -7 14 -6 15 -9 0 1 16 -5 14 -5 13 -7 13 -9 12 -7 16 -7 12 -8 11 -8 13 -10 15 -10 11 -7 11 -10 12 -12 10 -8 13 -10 14 -11 11 -11 13 -11 12 -10 9 -10 12 -13 8 -11 13 -12 12 -13 9 -11 11 -12 -1 1 0 0 0 0 0 0 0 0 ]
CSI_DATA,AP,68:FE:71:12:53:8C,-37,11,1,6,1,1,1,0,0,0,0,-95,0,6,1,58180431,0,84,0,0,58.18,384,[84 -64 4 0 0 0 0 0 0 0 0 0 16 -7 21 -6 19 -7 21 -6 21 -4 22 -4 20 -1 20 -1 21 -4 21 -3 19 -2 20 -1 17 -2 20 -1 21 -1 18 2 19 0 16 -1 17 -1 16 -2 15 -2 18 -1 15 -3 19 -2 18 -2 15 -1 1 -2 19 -2 15 -3 14 -4 17 -4 17 -2 14 0 17 -3 16 -2 15 -3 13 -3 14 -6 13 -2 12 -4 17 -4 13 -6 13 -4 16 -6 16 -7 13 -5 13 -6 17 -5 14 -6 13 -7 14 -5 14 -7 12 -6 -1 -2 0 0 0 0 0 0 0 0 ]
CSI_DATA,AP,68:FE:71:12:53:8C,-40,11,1,5,1,1,1,0,0,0,0,-94,0,6,1,58313535,0,84,0,0,58.314,384,[84 -64 4 0 0 0 0 0 0 0 0 0 -14 -12 -16 -14 -16 -14 -16 -18 -14 -16 -11 -15 -14 -17 -13 -17 -11 -15 -11 -15 -10 -17 -8 -19 -12 -15 -11 -16 -8 -19 -11 -18 -7 -16 -7 -17 -9 -17 -9 -17 -8 -14 -6 -16 -8 -13 -7 -15 -9 -13 -10 -14 0 1 -10 -14 -10 -13 -8 -12 -9 -14 -9 -13 -6 -12 -8 -14 -7 -11 -9 -15 -9 -12 -12 -13 -9 -10 -10 -12 -11 -12 -10 -14 -13 -14 -13 -13 -11 -11 -12 -12 -11 -11 -14 -12 -13 -11 -10 -8 -15 -13 -15 -13 -12 -8 -2 2 0 0 0 0 0 0 0 0 ]
CSI_DATA,AP,68:FE:71:12:53:8C,-41,11,1,4,1,1,1,0,0,0,0,-96,0,6,1,58411537,0,84,0,0,58.412,384,[84 -64 4 0 0 0 0 0 0 0 0 0 11 -16 13 -12 17 -13 17 -15 17 -14 15 -15 16 -12 15 -12 17 -11 15 -11 15 -12 18 -10 17 -12 17 -8 16 -9 19 -10 18 -7 15 -7 17 -10 15 -6 16 -9 17 -7 14 -8 15 -8 17 -7 12 -9 -2 0 15 -6 15 -11 13 -7 12 -8 12 -8 15 -8 14 -7 14 -10 11 -11 14 -11 12 -9 13 -13 9 -12 9 -11 13 -12 11 -13 12 -12 10 -12 9 -13 12 -10 13 -13 10 -10 9 -14 12 -11 9 -12 8 -13 0 -2 0 0 0 0 0 0 0 0 ]
CSI_DATA,AP,68:FE:71:12:53:8C,-38,11,1,7,1,1,1,0,0,0,0,-95,0,6,1,58538755,0,84,0,0,58.539,384,[84 -64 4 0 0 0 0 0 0 0 0 0 17 11 16 8 18 13 17 11 17 11 15 14 16 14 13 13 13 13 14 12 14 13 14 15 11 14 13 12 11 13 11 16 11 14 9 12 13 13 13 16 8 16 10 11 10 15 11 12 13 15 13 14 0 -2 8 12 12 10 11 13 12 11 8 9 8 13 10 11 12 11 11 7 11 9 11 10 14 10 14 9 12 10 14 9 13 8 15 8 12 9 11 8 14 6 11 10 15 9 14 8 16 9 12 6 11 7 -1 2 0 0 0 0 0 0 0 0 ]
CSI_DATA,AP,68:FE:71:12:53:8C,-40,11,1,4,1,1,1,0,0,0,0,-94,0,6,1,58689534,0,84,0,0,58.69,384,[84 -64 4 0 0 0 0 0 0 0 0 0 -12 18 -13 16 -14 14 -12 16 -14 14 -15 13 -14 14 -12 11 -16 13 -17 12 -18 12 -16 12 -14 13 -16 12 -16 10 -14 10 -12 11 -13 8 -14 8 -15 11 -15 12 -12 12 -12 8 -16 8 -12 9 -11 12 2 0 -15 10 -13 10 -13 9 -12 13 -10 13 -13 10 -10 12 -10 12 -11 10 -8 11 -9 11 -8 10 -11 11 -7 12 -11 11 -9 15 -8 15 -8 13 -11 15 -8 15 -9 14 -10 12 -7 13 -7 13 -10 14 -7 16 1 1 0 0 0 0 0 0 0 0 ]
CSI_DATA,AP,68:FE:71:12:53:8C,-37,11,1,5,1,1,1,0,0,0,0,-95,0,6,1,58828967,0,84,0,0,58.829,384,[84 -64 4 0 0 0 0 0 0 0 0 0 -39 -9 -38 -11 -38 -13 -38 -15 -35 -11 -37 -17 -33 -12 -36 -15 -32 -16 -35 -16 -34 -16 -34 -19 -34 -18 -31 -17 -32 -20 -30 -20 -32 -21 -29 -18 -31 -20 -29 -18 -27 -19 -30 -15 -25 -17 -31 -18 -28 -18 -27 -14 2 -1 -26 -16 -27 -14 -26 -13 -29 -10 -29 -15 -30 -12 -26 -12 -26 -9 -27 -9 -28 -8 -31 -10 -28 -8 -27 -9 -32 -5 -31 -5 -29 -8 -28 -9 -29 -7 -31 -4 -30 -3 -29 -3 -30 -6 -31 -3 -34 -1 -31 -2 -29 0 -2 1 0 0 0 0 0 0 0 0 ]
CSI_DATA,AP,68:FE:71:12:53:8C,-45,11,1,4,1,1,1,1,0,0,0,-95,6,6,1,58992112,0,84,0,0,58.992,384,[84 -64 4 0 0 0 0 0 0 0 0 0 14 14 9 16 13 16 9 20 13 16 10 18 9 17 7 16 6 20 7 19 5 19 5 18 5 20 6 17 5 15 8 18 6 15 3 14 6 18 4 17 7 16 4 17 5 16 6 14 4 17 4 18 -2 0 6 17 6 15 6 17 10 15 9 15 8 14 10 13 8 12 8 11 7 13 10 13 6 12 10 12 9 13 11 12 12 10 10 11 11 11 12 12 10 9 9 14 12 10 12 10 14 13 13 12 14 11 1 1 0 0 0 0 0 0 0 0 ]
CSI_DATA,AP,68:FE:71:12:53:8C,-41,11,1,6,1,1,1,1,0,0,0,-95,5,6,1,59152915,0,84,0,0,59.153,384,[84 -64 4 0 0 0 0 0 0 0 0 0 16 -14 13 -16 13 -19 14 -18 18 -15 15 -11 14 -15 17 -10 14 -12 15 -10 20 -11 18 -13 19 -11 15 -11 15 -12 16 -15 13 -12 16 -11 13 -8 17 -12 13 -8 17 -10 12 -8 16 -11 17 -9 16 -9 1 -1 15 -13 15 -13 12 -11 13 -14 12 -10 14 -13 13 -11 10 -14 11 -12 11 -11 13 -14 9 -14 12 -15 10 -11 11 -11 12 -13 12 -13 10 -17 8 -15 7 -14 7 -14 10 -17 10 -17 8 -16 8 -17 8 -16 0 2 0 0 0 0 0 0 0 0 ]
CSI_DATA,AP,68:FE:71:12:53:8C,-39,11,1,4,1,1,1,0,0,0,0,-96,0,6,1,59297982,0,84,0,0,59.298,384,[84 -64 4 0 0 0 0 0 0 0 0 0 0 20 -2 21 -1 21 -4 25 -3 23 -7 21 -7 22 -7 18 -7 18 -8 21 -6 20 -8 21 -9 22 -9 21 -8 17 -9 20 -6 17 -6 19 -7 17 -7 18 -8 15 -10 15 -5 15 -9 19 -8 19 -7 18 -1 0 -6 16 -6 18 -4 20 -6 16 -3 18 -4 17 -4 18 -4 17 -4 16 -4 16 -1 19 -4 16 -1 20 -2 19 -1 15 -2 16 0 18 -3 19 -2 19 0 17 -3 18 1 15 0 18 1 18 1 16 3 16 -1 -1 0 0 0 0 0 0 0 0 ]
CSI_DATA,AP,68:FE:71:12:53:8C,-41,11,1,5,1,1,1,0,0,0,0,-93,0,6,1,59431324,0,84,0,0,59.431,384,[84 -64 4 0 0 0 0 0 0 0 0 0 8 16 9 18 11 22 11 21 8 18 7 22 6 21 4 21 7 22 4 18 3 23 5 20 4 22 2 20 3 22 1 22 5 19 1 20 5 17 4 17 2 18 5 20 1 17 2 17 3 17 2 17 0 -2 6 17 6 18 3 16 7 17 6 15 3 16 5 17 5 13 7 13 4 15 9 15 7 13 7 18 7 17 5 17 7 17 6 16 10 15 9 14 9 12 11 15 10 12 12 14 10 12 10 14 10 12 2 1 0 0 0 0 0 0 0 0 ]
CSI_DATA,AP,68:FE:71:12:53:8C,-44,11,1,3,1,1,1,0,0,0,0,-93,0,6,1,59554602,0,84,0,0,59.555,384,[84 -64 4 0 0 0 0 0 0 0 0 0 -2 18 -1 22 -2 20 -5 20 -5 23 -4 17 -7 23 -8 17 -4 21 -4 21 -5 21 -9 22 -8 19 -8 17 -5 16 -8 19 -8 19 -6 15 -7 19 -6 19 -8 18 -8 16 -6 18 -6 19 -8 19 -6 16 0 0 -3 16 -5 18 -3 15 -5 15 -4 16 -5 18 -2 18 -5 14 -2 18 -2 15 0 17 -1 14 0 16 -2 14 2 16 0 19 0 16 0 17 3 17 4 15 2 19 4 14 3 16 3 18 0 17 4 16 0 2 0 0 0 0 0 0 0 0 ]
CSI_DATA,AP,68:FE:71:12:53:8C,-43,11,1,4,1,1,1,0,0,0,0,-94,0,6,1,59701778,0,84,0,0,59.702,384,[84 -64 4 0 0 0 0 0 0 0 0 0 19 -2 21 0 20 0 24 2 19 -2 22 2 19 4 21 4 19 1 21 5 22 4 19 1 19 3 22 2 18 3 20 7 21 6 19 5 19 5 20 7 19 7 19 6 16 6 16 3 17 6 16 3 0 1 17 5 18 4 20 4 18 3 15 2 15 5 16 2 15 4 18 4 18 2 18 -2 15 -2 17 0 18 0 15 1 15 -2 19 -3 15 -1 15 -1 18 -1 19 -2 15 -2 15 -2 15 -6 18 -1 18 -3 0 0 0 0 0 0 0 0 0 0 ]
CSI_DATA,AP,68:FE:71:12:53:8C,-40,11,1,4,1,1,1,0,0,0,0,-96,0,6,1,59815573,0,84,0,0,59.816,384,[84 -64 4 0 0 0 0 0 0 0 0 0 -16 13 -15 15 -17 13 -17 10 -18 9 -16 10 -17 12 -20 10 -18 9 -15 8 -19 9 -18 7 -17 11 -16 10 -16 6 -21 10 -16 6 -15 8 -15 5 -17 5 -16 6 -18 5 -17 5 -18 5 -16 5 -15 9 1 0 -14 7 -15 5 -18 10 -13 6 -15 7 -15 5 -17 6 -14 8 -16 9 -14 8 -15 12 -12 7 -12 9 -12 8 -15 11 -15 8 -15 8 -10 8 -14 13 -11 12 -14 13 -12 11 -12 12 -13 14 -11 13 -11 11 2 -2 0 0 0 0 0 0 0 0 ]
CSI_DATA,AP,68:FE:71:12:53:8C,-41,11,1,4,1,1,1,0,0,0,0,-96,0,6,1,59942773,0,84,0,0,59.943,384,[84 -64 4 0 0 0 0 0 0 0 0 0 12 14 12 17 13 17 12 18 10 16 9 16 8 19 4 18 5 17 9 14 7 18 11 15 7 17 6 17 7 16 4 20 3 17 7 14 7 15 3 14 6 15 2 14 5 13 7 17 9 14 8 18 0 1 7 16 4 17 6 18 7 15 7 16 7 15 5 14 5 13 7 15 6 11 12 14 8 13 9 10 11 10 11 12 13 15 11 13 13 12 11 14 11 10 11 9 12 12 11 12 11 8 14 11 13 8 1 -1 0 0 0 0 0 0 0 0 ]
CSI_DATA,AP,68:FE:71:12:53:8C,-42,11,1,4,1,1,1,0,0,0,1,-94,0,6,1,60075943,0,84,0,0,60.076,384,[84 -64 4 0 0 0 0 0 0 0 0 0 11 15 10 17 14 18 13 18 9 17 7 17 7 16 8 16 8 20 6 16 8 18 10 19 8 16 7 17 8 19 7 18 8 15 5 15 5 17 5 15 7 17 4 15 5 15 7 16 3 18 6 14 1 -2 4 13 6 14 6 18 9 15 7 15 4 13 5 14 6 12 10 12 7 14 9 13 5 13 7 14 9 12 6 12 8 16 9 15 9 14 8 15 10 10 7 13 9 12 8 10 9 14 10 14 8 10 -1 -1 0 0 0 0 0 0 0 0 ]
CSI_DATA,AP,68:FE:71:12:53:8C,-39,11,1,4,1,1,1,0,0,0,0,-94,0,6,1,60200536,0,84,0,0,60.201,384,[84 -64 4 0 0 0 0 0 0 0 0 0 -22 11 -19 10 -19 8 -21 8 -22 8 -18 6 -19 3 -22 4 -23 5 -19 3 -20 1 -23 4 -19 2 -18 5 -21 2 -23 4 -18 2 -19 2 -21 -1 -20 2 -21 3 -20 -1 -20 1 -17 0 -21 0 -21 2 2 -2 -18 3 -20 4 -16 2 -19 5 -17 4 -17 5 -15 3 -17 5 -18 5 -18 4 -16 4 -18 3 -14 4 -14 4 -17 7 -19 5 -15 7 -15 8 -18 8 -13 9 -15 8 -14 5 -17 9 -17 8 -17 8 -17 10 -1 0 0 0 0 0 0 0 0 0 ]
CSI_DATA,AP,68:FE:71:12:53:8C,-38,11,0,0,0,0,0,0,0,0,0,-96,0,6,1,60330066,0,37,0,0,60.33,128,[84 -64 4 0 0 0 0 0 0 0 0 0 17 -14 15 -13 18 -14 18 -14 15 -13 18 -12 18 -13 14 -9 15 -12 18 -11 17 -12 18 -11 20 -10 17 -8 14 -7 17 -11 15 -8 16 -7 13 -10 15 -8 14 -10 14 -10 12 -9 17 -8 17 -9 17 -8 -2 0 16 -8 17 -12 12 -8 11 -9 15 -10 13 -11 11 -8 10 -10 12 -12 13 -12 14 -12 11 -8 13 -11 13 -11 12 -11 11 -11 12 -16 10 -14 10 -15 11 -13 9 -11 8 -11 8 -13 8 -12 11 -14 7 -13 -2 1 0 0 0 0 0 0 0 0 ]
CSI_DATA,AP,68:FE:71:12:53:8C,-42,11,1,5,1,1,1,1,0,0,0,-94,6,6,1,60477726,0,84,0,0,60.478,384,[84 -64 4 0 0 0 0 0 0 0 0 0 -8 19 -12 16 -12 15 -12 21 -13 18 -12 14 -14 17 -13 15 -17 15 -12 15 -15 15 -14 17 -14 14 -13 13 -16 15 -16 15 -16 12 -14 14 -13 13 -15 11 -12 13 -16 13 -15 8 -15 11 -13 12 -14 10 2 -2 -10 10 -12 11 -12 12 -12 12 -12 13 -10 11 -13 14 -10 10 -10 13 -7 14 -10 15 -7 11 -9 14 -10 12 -10 12 -11 14 -10 15 -8 17 -10 17 -5 15 -9 12 -7 16 -5 15 -8 18 -9 13 -6 16 -1 -2 0 0 0 0 0 0 0 0 ]
CSI_DATA,AP,68:FE:71:12:53:8C,-41,11,1,5,1,1,1,0,0,0,0,-94,0,6,1,60597336,0,84,0,0,60.597,384,[84 -64 4 0 0 0 0 0 0 0 0 0 -11 17 -13 13 -13 15 -16 17 -13 13 -17 11 -15 14 -18 12 -16 10 -15 10 -18 15 -18 14 -19 13 -14 11 -17 8 -19 14 -15 12 -16 8 -14 10 -13 9 -15 9 -14 9 -15 8 -16 11 -14 9 -15 10 1 -2 -14 8 -11 8 -15 12 -12 12 -11 10 -14 10 -13 12 -13 9 -9 12 -14 13 -13 14 -9 12 -9 13 -13 11 -9 12 -13 13 -11 15 -8 14 -9 11 -7 15 -8 14 -12 15 -10 13 -7 17 -9 14 -6 12 -2 2 0 0 0 0 0 0 0 0 ]
CSI_DATA,AP,68:FE:71:12:53:8C,-42,11,1,4,1,1,1,0,0,0,0,-93,0,6,1,60701197,0,84,0,0,60.701,384,[84 -64 4 0 0 0 0 0 0 0 0 0 23 -18 24 -15 26 -20 26 -19 24 -14 24 -15 26 -13 24 -10 25 -13 25 -11 29 -15 27 -12 26 -13 26 -11 26 -7 29 -12 27 -8 22 -10 24 -10 22 -7 22 -5 21 -9 22 -7 26 -9 23 -11 22 -10 1 -2 22 -7 24 -9 24 -11 20 -12 20 -12 22 -11 21 -13 23 -12 18 -13 21 -10 19 -14 17 -13 18 -15 21 -14 19 -17 22 -16 21 -17 19 -13 19 -15 21 -16 17 -13 17 -15 18 -14 17 -17 14 -16 19 -19 2 0 0 0 0 0 0 0 0 0 ]
CSI_DATA,AP,68:FE:71:12:53:8C,-41,11,1,4,1,1,1,0,0,0,0,-95,0,6,1,60819741,0,84,0,0,60.82,384,[84 -64 4 0 0 0 0 0 0 0 0 0 -11 -17 -9 -18 -8 -21 -9 -20 -7 -18 -5 -22 -3 -22 -6 -19 -3 -22 -4 -19 -7 -23 -6 -21 -7 -19 -3 -20 -5 -20 -2 -22 -4 -20 -4 -19 -2 -20 -3 -19 -2 -20 -2 -18 -3 -15 -3 -19 -4 -16 -5 -19 2 1 -1 -18 -6 -19 -4 -18 -6 -18 -4 -18 -6 -17 -7 -15 -7 -18 -6 -17 -7 -13 -9 -14 -8 -16 -5 -15 -6 -16 -5 -15 -10 -15 -9 -18 -9 -15 -10 -15 -11 -13 -10 -17 -10 -16 -8 -14 -9 -15 -10 -12 -12 -11 -2 1 0 0 0 0 0 0 0 0 ]
CSI_DATA,AP,68:FE:71:12:53:8C,-36,11,1,7,1,1,1,0,0,0,0,-96,0,6,1,60941782,0,84,0,0,60.942,384,[84 -64 4 0 0 0 0 0 0 0 0 0 -11 -14 -9 -18 -11 -19 -12 -20 -10 -17 -7 -16 -6 -17 -5 -16 -8 -19 -7 -16 -8 -18 -10 -20 -9 -20 -6 -17 -7 -17 -8 -19 -7 -16 -6 -14 -3 -17 -4 -18 -4 -16 -6 -15 -5 -15 -5 -18 -8 -15 -4 -17 0 -1 -5 -15 -6 -17 -7 -17 -10 -15 -5 -14 -8 -15 -8 -17 -6 -15 -9 -14 -11 -11 -11 -15 -7 -14 -11 -14 -12 -12 -9 -12 -9 -14 -13 -16 -13 -10 -11 -13 -12 -11 -13 -15 -10 -12 -10 -13 -15 -12 -10 -11 -12 -12 -1 -2 0 0 0 0 0 0 0 0 ]
CSI_DATA,AP,68:FE:71:12:53:8C,-39,11,1,4,1,1,1,0,0,0,0,-94,0,6,1,61081255,0,84,0,0,61.081,384,[84 -64 4 0 0 0 0 0 0 0 0 0 18 -5 17 -8 17 -4 19 -6 18 -6 17 -4 16 -2 18 -5 17 -5 20 0 18 -3 21 -4 19 -3 15 0 18 1 18 -1 16 -2 15 1 17 -2 17 0 16 1 14 -1 16 -3 18 -1 15 -1 17 -1 -2 2 17 -2 18 -2 14 -2 15 -6 15 0 15 -1 17 -1 12 -4 14 -2 12 -2 13 -3 15 -4 14 -3 15 -5 15 -3 14 -4 16 -6 10 -6 12 -8 13 -6 12 -4 13 -5 12 -5 14 -7 13 -9 11 -9 -2 1 0 0 0 0 0 0 0 0 ]
CSI_DATA,AP,68:FE:71:12:53:8C,-35,11,1,5,1,1,1,1,0,0,0,-94,5,6,1,61181748,0,84,0,0,61.182,384,[84 -64 4 0 0 0 0 0 0 0 0 0 19 2 20 4 19 7 21 8 18 7 20 5 18 8 18 8 19 9 17 10 20 11 18 11 20 12 16 9 15 10 20 11 17 12 13 9 15 7 15 11 14 8 13 11 14 11 15 9 16 11 16 7 2 0 14 8 18 7 15 8 16 5 15 4 15 9 17 9 13 7 16 6 15 6 17 4 15 7 14 5 16 5 15 2 17 5 17 3 17 1 17 2 17 2 18 2 17 2 19 3 17 2 15 -1 14 -1 1 -2 0 0 0 0 0 0 0 0 ]
CSI_DATA,AP,68:FE:71:12:53:8C,-39,11,1,4,1,1,1,0,0,0,1,-95,0,6,1,61304637,0,84,0,0,61.305,384,[84 -64 4 0 0 0 0 0 0 0 0 0 -15 -3 -13 -4 -13 -3 -15 -7 -12 -4 -13 -3 -10 -6 -12 -5 -11 -5 -9 -5 -11 -5 -14 -6 -9 -7 -13 -9 -10 -8 -11 -7 -10 -7 -9 -6 -9 -5 -11 -4 -11 -5 -11 -7 -8 -4 -11 -4 -8 -7 -11 -3 1 2 -8 -7 -10 -4 -9 -4 -6 -5 -10 -5 -10 -5 -9 -5 -8 -3 -6 -5 -8 0 -8 -4 -11 -1 -7 0 -10 1 -11 -1 -8 0 -11 -3 -8 -1 -6 0 -11 2 -7 1 -9 -2 -10 2 -8 0 -7 0 -9 0 1 2 0 0 0 0 0 0 0 0 ]
CSI_DATA,AP,68:FE:71:12:53:8C,-40,11,1,4,1,1,1,1,0,0,0,-93,2,6,1,61432363,0,84,0,0,61.432,384,[84 -64 4 0 0 0 0 0 0 0 0 0 6 -9 2 -12 3 -10 7 -13 6 -11 8 -10 9 -8 8 -6 5 -7 6 -8 5 -11 5 -8 9 -10 7 -6 7 -5 8 -7 7 -6 6 -5 6 -6 6 -7 7 -7 6 -7 5 -5 4 -6 7 -9 6 -5 2 -1 7 -5 3 -8 5 -6 7 -6 6 -6 5 -6 7 -6 3 -10 4 -6 3 -7 3 -9 6 -9 4 -6 4 -8 3 -9 4 -7 3 -8 1 -10 2 -8 3 -8 3 -6 5 -6 2 -8 4 -11 5 -11 4 -8 -1 -2 0 0 0 0 0 0 0 0 ]
CSI_DATA,AP,68:FE:71:12:53:8C,-37,11,1,5,1,1,1,0,0,0,0,-96,0,6,1,61567633,0,84,0,0,61.568,384,[84 -64 4 0 0 0 0 0 0 0 0 0 35 4 32 7 33 8 36 11 35 12 31 12 31 11 28 14 30 14 27 16 28 15 29 16 31 18 29 12 27 15 28 15 25 15 23 15 23 15 24 13 23 16 24 16 24 16 25 15 26 15 23 12 1 -2 22 14 25 13 25 9 26 8 26 13 23 9 24 9 27 10 24 9 25 4 28 7 27 6 26 4 25 3 25 5 29 2 28 6 25 1 26 5 24 -1 29 2 25 3 27 3 29 1 26 3 25 -1 2 1 0 0 0 0 0 0 0 0 ]
CSI_DATA,AP,68:FE:71:12:53:8C,-41,11,1,5,1,1,1,0,0,0,0,-93,0,6,1,61727414,0,84,0,0,61.727,384,[84 -64 4 0 0 0 0 0 0 0 0 0 19 -13 17 -15 19 -14 20 -16 23 -16 19 -11 24 -11 20 -10 20 -8 23 -11 21 -8 22 -11 23 -7 22 -10 25 -9 24 -9 21 -8 19 -5 21 -5 23 -8 21 -5 23 -6 17 -5 23 -8 22 -8 24 -6 2 -1 18 -10 21 -10 23 -10 19 -10 18 -8 21 -9 19 -7 18 -10 18 -9 20 -10 20 -11 16 -9 17 -10 20 -11 19 -12 19 -14 20 -14 19 -14 17 -14 17 -15 20 -12 17 -12 17 -11 15 -13 17 -16 17 -12 0 -2 0 0 0 0 0 0 0 0 ]
CSI_DATA,AP,68:FE:71:12:53:8C,-41,11,1,4,1,1,1,0,0,0,0,-95,0,6,1,61855453,0,84,0,0,61.855,384,[84 -64 4 0 0 0 0 0 0 0 0 0 2 19 0 19 0 19 -1 20 0 21 -1 21 -2 19 -2 20 -5 18 -1 16 -4 22 -4 18 -2 18 -5 20 -2 17 -5 19 -5 19 -2 15 -4 17 -7 14 -5 16 -4 17 -3 14 -6 17 -2 14 -4 17 -1 -1 -6 13 -4 13 0 16 -2 13 -2 16 0 15 -3 16 1 14 1 14 1 13 -2 15 3 16 1 14 -1 17 0 14 -1 13 0 13 4 14 3 16 1 13 0 14 0 14 1 12 3 13 4 13 3 15 2 0 0 0 0 0 0 0 0 0 ]
CSI_DATA,AP,68:FE:71:12:53:8C,-38,11,1,6,1,1,1,0,0,0,1,-95,0,6,1,62009114,0,84,0,0,62.009,384,[84 -64 4 0 0 0 0 0 0 0 0 0 -19 -12 -16 -12 -18 -14 -16 -11 -16 -14 -11 -15 -15 -12 -9 -14 -13 -15 -13 -12 -9 -13 -10 -14 -9 -15 -9 -15 -7 -14 -9 -11 -6 -10 -7 -12 -8 -11 -8 -9 -7 -7 -8 -9 -6 -10 -8 -11 -8 -10 -7 -10 2 2 -7 -8 -9 -10 -10 -8 -10 -7 -9 -6 -9 -6 -11 -9 -12 -5 -8 -5 -9 -7 -13 -3 -9 -7 -11 -3 -11 -2 -9 -6 -10 -5 -15 -3 -12 -1 -10 -4 -10 -3 -10 -3 -13 -3 -13 -4 -12 -2 -13 -1 -12 -2 2 2 0 0 0 0 0 0 0 0 ]
CSI_DATA,AP,68:FE:71:12:53:8C,-39,11,1,4,1,1,1,0,0,0,0,-94,0,6,1,62161109,0,84,0,0,62.161,384,[84 -64 4 0 0 0 0 0 0 0 0 0 27 10 23 10 21 14 22 14 22 15 20 12 20 14 17 15 15 12 14 14 17 13 15 14 17 10 15 11 12 10 11 10 14 13 10 8 12 12 11 10 13 8 11 11 11 9 12 6 10 5 13 5 -2 0 12 4 11 5 14 2 10 1 14 4 11 1 13 5 12 1 12 2 12 2 11 0 11 0 13 -1 12 0 10 -2 12 -3 14 -4 12 -5 15 -5 12 -3 14 -3 14 -3 12 -5 12 -5 10 -5 11 -4 1 1 0 0 0 0 0 0 0 0 ]
CSI_DATA,AP,68:FE:71:12:53:8C,-40,11,1,6,1,1,1,0,0,0,0,-95,0,6,1,62274940,0,84,0,0,62.275,384,[84 -64 4 0 0 0 0 0 0 0 0 0 -4 20 -1 18 -4 19 -2 18 -3 21 -3 15 -6 18 -4 15 -7 18 -5 16 -7 17 -4 17 -3 16 -7 16 -5 14 -7 17 -5 17 -5 12 -7 13 -6 16 -8 17 -5 17 -4 13 -5 13 -3 16 -5 16 -2 0 -3 13 -2 14 -3 15 -3 16 -1 12 -5 15 -5 15 -1 14 -1 12 -2 14 1 15 -1 12 -1 14 0 15 -2 16 -2 14 -1 14 2 12 2 14 0 13 -2 15 0 15 2 12 2 14 0 12 2 14 2 -2 0 0 0 0 0 0 0 0 ]
CSI_DATA,AP,68:FE:71:12:53:8C,-42,11,1,6,1,1,1,0,0,0,0,-96,0,6,1,62385339,0,84,0,0,62.385,384,[84 -64 4 0 0 0 0 0 0 0 0 0 16 -1 16 -2 19 -4 20 0 21 -1 17 -1 19 0 18 2 21 -1 20 0 23 4 19 3 20 2 20 3 17 1 19 0 21 2 20 3 21 1 18 0 17 3 21 3 16 2 18 2 20 2 19 2 2 -2 20 3 22 -1 20 -1 21 0 18 2 17 -2 20 1 21 -2 19 1 18 0 23 0 21 -1 19 1 21 -1 23 -1 23 -3 23 -4 23 -5 22 -2 21 -4 22 -4 20 -3 22 -1 21 -5 18 1 19 -1 -1 1 0 0 0 0 0 0 0 0 ]
CSI_DATA,AP,68:FE:71:12:53:8C,-37,11,1,5,1,1,1,0,0,0,0,-94,0,6,1,62514292,0,84,0,0,62.514,384,[84 -64 4 0 0 0 0 0 0 0 0 0 8 16 6 18 8 19 10 17 6 20 4 19 7 19 7 16 6 16 6 16 6 17 4 17 2 20 6 16 3 16 0 19 2 17 2 18 4 16 4 16 1 17 4 15 2 15 2 16 1 18 5 18 1 2 3 15 3 14 4 15 4 15 3 13 4 16 2 17 5 12 2 14 6 13 3 12 3 14 7 15 8 13 4 12 4 14 8 12 7 9 6 13 10 11 5 9 5 12 8 12 9 13 6 12 10 12 -1 -1 0 0 0 0 0 0 0 0 ]
CSI_DATA,AP,68:FE:71:12:53:8C,-41,11,1,4,1,1,1,0,0,0,0,-95,0,6,1,62654372,0,84,0,0,62.654,384,[84 -64 4 0 0 0 0 0 0 0 0 0 -14 14 -14 11 -19 10 -16 11 -16 13 -19 9 -20 8 -21 9 -22 10 -21 8 -21 7 -22 8 -22 12 -22 9 -24 5 -25 7 -20 8 -21 5 -20 8 -22 3 -20 6 -21 3 -22 3 -22 4 -25 5 -22 5 -2 -2 -23 6 -21 9 -19 6 -22 10 -22 8 -22 7 -21 8 -20 5 -17 9 -18 8 -18 11 -17 8 -18 11 -19 9 -16 9 -18 14 -18 11 -15 12 -19 13 -17 13 -16 11 -19 10 -18 13 -15 16 -18 11 -17 13 2 0 0 0 0 0 0 0 0 0 ]
CSI_DATA,AP,68:FE:71:12:53:8C,-39,11,1,5,1,1,1,0,0,0,0,-93,0,6,1,62769939,0,84,0,0,62.77,384,[84 -64 4 0 0 0 0 0 0 0 0 0 -5 0 -5 4 -9 5 -6 3 -8 5 -11 4 -8 3 -10 3 -9 0 -10 -1 -9 2 -7 -1 -7 -1 -10 2 -10 -2 -11 -1 -8 -1 -9 0 -8 0 -9 2 -11 2 -7 2 -8 1 -6 1 -11 3 -9 -2 2 2 -10 3 -7 -1 -6 2 -8 2 -7 -1 -9 -1 -6 -1 -9 3 -6 3 -7 3 -9 0 -6 3 -10 1 -10 1 -11 2 -11 4 -11 4 -8 0 -8 3 -10 1 -8 1 -6 5 -9 3 -10 3 -8 -1 -11 3 0 -2 0 0 0 0 0 0 0 0 ]
CSI_DATA,AP,68:FE:71:12:53:8C,-38,11,1,5,1,1,1,0,0,0,0,-93,0,6,1,62942868,0,82,0,0,62.943,384,[84 -64 4 0 0 0 0 0 0 0 0 0 -19 3 -19 3 -23 5 -22 6 -23 3 -21 0 -22 1 -19 -2 -21 -2 -22 -2 -23 0 -23 -1 -22 0 -19 1 -20 0 -22 -1 -19 -1 -17 -3 -17 -3 -21 0 -20 0 -19 -1 -19 0 -17 -1 -17 -1 -16 2 1 -1 -16 -2 -17 0 -18 -1 -17 2 -16 2 -18 2 -17 3 -17 4 -17 0 -16 2 -15 6 -13 5 -14 6 -17 5 -18 2 -17 4 -16 5 -17 5 -14 7 -14 5 -17 6 -16 5 -17 6 -14 5 -13 5 -13 8 -2 2 0 0 0 0 0 0 0 0 ]
CSI_DATA,AP,68:FE:71:12:53:8C,-41,11,1,6,1,1,1,0,0,0,0,-96,0,6,1,63039987,0,82,0,0,63.04,384,[84 -64 4 0 0 0 0 0 0 0 0 0 7 18 5 15 5 17 7 20 6 18 5 18 6 18 4 19 3 17 2 17 4 16 1 20 0 18 3 18 3 16 3 19 2 18 2 17 0 17 2 17 3 16 1 14 2 15 0 16 2 16 -1 16 0 -2 3 14 2 14 5 14 5 15 5 16 6 15 3 17 5 16 3 17 3 16 3 15 6 11 6 14 7 15 3 12 4 13 4 16 9 13 5 15 8 12 8 13 6 12 7 15 9 15 5 12 9 14 2 2 0 0 0 0 0 0 0 0 ]
CSI_DATA,AP,68:FE:71:12:53:8C,-39,11,1,5,1,1,1,0,0,0,0,-95,0,6,1,63193772,0,84,0,0,63.194,384,[84 -64 4 0 0 0 0 0 0 0 0 0 -11 -16 -15 -15 -13 -19 -11 -20 -9 -20 -9 -21 -9 -19 -9 -19 -9 -18 -8 -20 -7 -17 -6 -20 -8 -20 -6 -17 -8 -18 -9 -19 -6 -17 -8 -20 -9 -20 -9 -19 -7 -17 -7 -19 -4 -19 -5 -19 -6 -16 -6 -16 -1 0 -5 -14 -6 -16 -6 -15 -8 -14 -7 -13 -9 -16 -9 -15 -9 -15 -9 -14 -10 -13 -12 -15 -8 -14 -10 -15 -12 -11 -9 -13 -8 -14 -8 -14 -10 -13 -9 -11 -14 -14 -13 -12 -10 -12 -13 -12 -11 -10 -10 -11 -14 -10 0 -2 0 0 0 0 0 0 0 0 ]
CSI_DATA,AP,68:FE:71:12:53:8C,-37,11,1,6,1,1,1,0,0,0,0,-96,0,6,1,63326049,0,84,0,0,63.326,384,[84 -64 4 0 0 0 0 0 0 0 0 0 -10 -35 -8 -38 -8 -35 -6 -37 -7 -37 -8 -39 -4 -38 -4 -39 -3 -35 -4 -38 0 -39 -2 -35 -1 -36 -1 -35 1 -36 -1 -37 2 -36 1 -35 0 -34 6 -31 1 -33 2 -33 4 -30 2 -33 2 -34 -1 -34 2 1 1 -33 2 -31 -1 -31 -2 -30 -1 -32 -2 -32 3 -30 -2 -32 0 -28 -5 -32 -4 -31 -6 -29 -4 -29 -4 -33 -5 -29 -3 -30 -6 -30 -5 -30 -6 -29 -9 -32 -4 -31 -4 -28 -10 -30 -11 -30 -10 -29 -8 -32 -1 1 0 0 0 0 0 0 0 0 ]
CSI_DATA,AP,68:FE:71:12:53:8C,-42,11,1,6,1,1,1,1,0,0,0,-96,1,6,1,63484145,0,84,0,0,63.484,384,[84 -64 4 0 0 0 0 0 0 0 0 0 1 -19 3 -21 4 -19 1 -18 5 -20 5 -20 7 -21 5 -21 6 -17 4 -18 8 -19 8 -17 5 -17 7 -19 8 -17 6 -20 6 -15 6 -18 9 -20 5 -16 9 -19 7 -18 7 -18 8 -18 5 -16 4 -17 1 -2 2 -15 4 -17 3 -16 5 -15 6 -18 1 -17 2 -14 3 -17 1 -14 3 -14 4 -17 0 -14 1 -14 3 -16 3 -15 1 -17 -2 -15 0 -18 2 -16 0 -15 1 -17 -1 -19 -3 -15 -2 -17 -3 -19 -3 -16 -1 -2 0 0 0 0 0 0 0 0 ]
CSI_DATA,AP,68:FE:71:12:53:8C,-36,11,1,6,1,1,1,0,0,0,1,-93,0,6,1,63585466,0,84,0,0,63.585,384,[84 -64 4 0 0 0 0 0 0 0 0 0 19 -4 20 -4 18 -1 22 -1 18 -1 17 0 19 1 20 0 16 0 16 1 20 1 19 0 20 1 16 3 20 3 15 2 18 2 18 5 19 5 17 3 17 5 17 6 13 3 14 2 16 2 17 2 2 -1 17 2 13 2 15 1 13 0 13 2 16 2 16 1 14 3 16 2 11 1 14 -1 16 -3 12 -3 15 -1 12 -2 17 -2 16 0 13 -3 17 0 16 -4 17 -4 17 -2 13 -3 13 -4 15 -2 15 -5 -1 1 0 0 0 0 0 0 0 0 ]
CSI_DATA,AP,68:FE:71:12:53:8C,-39,11,1,6,1,1,1,1,0,0,0,-96,5,6,1,63706425,0,84,0,0,63.706,384,[84 -64 4 0 0 0 0 0 0 0 0 0 12 -12 15 -15 15 -13 17 -13 14 -13 18 -11 15 -10 14 -9 17 -10 16 -9 16 -8 19 -6 15 -6 15 -9 14 -8 18 -5 15 -5 15 -5 16 -8 14 -8 18 -6 16 -5 14 -6 16 -4 14 -6 15 -5 2 -2 17 -4 13 -9 13 -9 12 -6 14 -9 12 -7 13 -9 15 -8 15 -9 10 -8 11 -8 11 -6 12 -10 12 -9 11 -8 13 -11 14 -10 14 -9 14 -11 12 -13 13 -13 9 -10 10 -9 9 -10 11 -11 9 -10 0 -2 0 0 0 0 0 0 0 0 ]
CSI_DATA,AP,68:FE:71:12:53:8C,-43,11,1,6,1,1,1,0,0,0,0,-94,0,6,1,63851694,0,84,0,0,63.852,384,[84 -64 4 0 0 0 0 0 0 0 0 0 -15 -15 -11 -16 -16 -19 -12 -15 -14 -16 -10 -18 -11 -19 -12 -18 -8 -16 -10 -17 -9 -17 -11 -19 -8 -21 -9 -16 -7 -17 -7 -18 -10 -15 -8 -19 -6 -19 -7 -15 -7 -19 -6 -16 -5 -17 -9 -16 -5 -17 -7 -18 1 0 -6 -13 -8 -14 -10 -17 -7 -16 -7 -15 -11 -14 -7 -16 -9 -17 -8 -16 -11 -13 -8 -14 -12 -12 -9 -12 -12 -13 -11 -13 -13 -14 -11 -15 -9 -15 -11 -11 -12 -13 -9 -12 -13 -10 -11 -12 -12 -12 -12 -9 -11 -13 -1 -1 0 0 0 0 0 0 0 0 ]
CSI_DATA,AP,68:FE:71:12:53:8C,-36,11,1,7,1,1,1,1,0,0,0,-95,5,6,1,63982094,0,84,0,0,63.982,384,[84 -64 4 0 0 0 0 0 0 0 0 0 0 -23 -3 -21 -3 -19 3 -22 2 -23 1 -22 1 -22 4 -19 3 -18 1 -20 6 -19 5 -18 6 -18 6 -22 2 -18 3 -19 4 -19 6 -18 5 -17 4 -17 7 -18 3 -16 5 -18 6 -15 3 -17 3 -17 -1 -1 2 -18 3 -18 5 -15 1 -16 0 -17 4 -18 1 -15 2 -18 0 -16 0 -16 1 -16 1 -14 2 -18 1 -18 -2 -16 -2 -18 0 -18 -3 -15 -1 -18 0 -14 -1 -16 -4 -18 0 -14 -4 -16 -1 -16 -2 -17 -2 1 0 0 0 0 0 0 0 0 ]
CSI_DATA,AP,68:FE:71:12:53:8C,-43,11,1,5,1,1,1,1,0,0,0,-95,1,6,1,64133647,0,84,0,0,64.134,384,[84 -64 4 0 0 0 0 0 0 0 0 0 8 -18 9 -16 10 -16 12 -15 13 -16 11 -13 10 -15 11 -12 13 -16 12 -16 10 -12 11 -14 11 -12 12 -13 14 -14 10 -11 11 -14 13 -10 9 -11 10 -12 13 -11 11 -9 9 -9 13 -11 13 -10 8 -13 0 -2 11 -13 10 -12 10 -10 9 -10 8 -9 7 -9 10 -9 9 -11 9 -10 6 -13 7 -14 10 -12 9 -11 6 -15 5 -12 7 -11 9 -11 6 -15 8 -14 6 -14 9 -14 8 -12 6 -14 4 -16 8 -13 4 -13 1 -1 0 0 0 0 0 0 0 0 ]
CSI_DATA,AP,68:FE:71:12:53:8C,-42,11,1,6,1,1,1,0,0,0,0,-94,0,6,1,64267896,0,84,0,0,64.268,384,[84 -64 4 0 0 0 0 0 0 0 0 0 4 -7 5 -10 5 -12 4 -9 5 -11 7 -9 6 -7 6 -8 7 -7 3 -6 5 -7 6 -5 5 -5 5 -7 7 -7 6 -8 4 -9 7 -5 6 -5 6 -9 7 -6 6 -9 5 -5 4 -9 4 -5 4 -8 -2 0 6 -8 6 -7 3 -4 5 -8 2 -7 2 -7 6 -8 2 -6 3 -4 4 -8 3 -5 5 -5 3 -5 5 -8 2 -7 3 -7 1 -9 1 -6 2 -9 0 -9 4 -7 3 -5 3 -5 1 -9 0 -6 0 -9 -1 -1 0 0 0 0 0 0 0 0 ]
CSI_DATA,AP,68:FE:71:12:53:8C,-43,11,1,6,1,1,1,0,0,0,0,-94,0,6,1,64395270,0,84,0,0,64.395,384,[84 -64 4 0 0 0 0 0 0 0 0 0 15 12 11 16 13 16 12 18 12 17 11 18 10 18 9 16 8 16 7 18 7 17 8 18 6 19 7 15 6 17 5 18 6 19 4 15 6 16 6 17 9 14 8 18 5 14 5 15 8 16 4 16 0 1 7 12 9 15 9 12 8 11 9 13 6 15 7 12 8 11 10 11 8 11 8 11 11 15 8 11 9 12 8 12 10 13 8 11 10 11 9 11 9 12 9 13 13 10 10 9 10 9 9 11 10 9 -2 -2 0 0 0 0 0 0 0 0 ]
CSI_DATA,AP,68:FE:71:12:53:8C,-36,11,1,7,1,1,1,0,0,0,0,-95,0,6,1,64514030,0,84,0,0,64.514,384,[84 -64 4 0 0 0 0 0 0 0 0 0 10 12 13 11 12 13 12 15 12 15 7 15 7 15 6 13 8 15 10 13 9 13 9 17 6 16 9 17 7 17 6 13 4 17 6 15 7 12 7 16 6 14 5 12 5 14 5 15 6 14 5 12 2 2 5 12 6 10 6 13 6 10 7 12 10 10 9 12 9 10 6 10 9 8 8 12 10 12 9 11 8 12 8 9 8 9 9 10 8 11 13 8 13 8 10 8 11 7 12 6 10 5 9 7 13 6 -1 1 0 0 0 0 0 0 0 0 ]
CSI_DATA,AP,68:FE:71:12:53:8C,-37,11,0,0,0,0,0,0,0,0,0,-93,0,6,1,64651369,0,37,0,0,64.651,128,[84 -64 4 0 0 0 0 0 0 0 0 0 -4 -20 -6 -19 -2 -20 -4 -19 0 -22 -3 -19 -2 -19 0 -19 0 -22 -1 -18 1 -18 2 -19 1 -20 0 -21 1 -21 2 -17 2 -17 3 -16 3 -20 0 -17 1 -18 3 -19 4 -15 3 -17 0 -15 3 -17 0 2 -1 -15 -1 -15 2 -19 0 -14 -2 -18 -2 -16 1 -14 -3 -16 -1 -16 -3 -14 -2 -15 -2 -17 -4 -18 -1 -18 -5 -15 -5 -17 -2 -18 -5 -17 -6 -15 -3 -16 -2 -16 -5 -15 -6 -18 -4 -16 -6 -16 -3 -14 0 2 0 0 0 0 0 0 0 0 ]
CSI_DATA,AP,68:FE:71:12:53:8C,-43,11,1,4,1,1,1,0,0,0,0,-95,0,6,1,64767667,0,84,0,0,64.768,384,[84 -64 4 0 0 0 0 0 0 0 0 0 -2 19 -6 18 -7 21 -7 22 -6 19 -10 18 -10 19 -10 19 -7 15 -10 15 -11 17 -9 20 -12 18 -9 18 -10 16 -10 15 -9 16 -8 13 -9 17 -13 16 -11 12 -11 14 -10 13 -8 16 -8 17 -7 13 -2 1 -7 14 -10 14 -9 13 -8 14 -6 14 -8 13 -10 14 -9 13 -7 12 -8 13 -4 18 -5 16 -6 14 -5 15 -4 17 -5 18 -4 16 -5 15 -3 14 -4 15 -7 14 -3 16 -3 18 -5 17 -6 17 -5 16 0 -2 0 0 0 0 0 0 0 0 ]
CSI_DATA,AP,68:FE:71:12:53:8C,-37,11,1,6,1,1,1,0,0,0,0,-94,0,6,1,64865368,0,84,0,0,64.865,384,[84 -64 4 0 0 0 0 0 0 0 0 0 -16 13 -15 11 -19 11 -15 14 -16 13 -18 11 -17 11 -18 9 -15 10 -15 11 -19 10 -20 7 -18 8 -18 6 -16 6 -19 8 -16 7 -18 6 -17 5 -16 8 -14 6 -18 7 -15 6 -14 5 -16 9 -16 7 -2 -1 -16 9 -14 11 -12 9 -14 9 -15 7 -15 9 -14 11 -11 7 -10 10 -12 12 -14 9 -14 10 -14 11 -10 9 -12 11 -10 13 -10 12 -10 14 -10 10 -8 13 -11 14 -10 12 -12 13 -8 11 -11 13 -10 14 2 0 0 0 0 0 0 0 0 0 ]
CSI_DATA,AP,68:FE:71:12:53:8C,-41,11,1,6,1,1,1,1,0,0,0,-93,5,6,1,65011453,0,84,0,0,65.011,384,[84 -64 4 0 0 0 0 0 0 0 0 0 7 16 8 16 9 16 5 17 3 16 4 16 3 20 4 18 5 18 1 17 5 18 4 16 5 19 1 17 2 19 3 19 0 17 2 17 0 15 -1 14 3 15 -1 15 2 13 3 14 -1 16 2 15 0 -2 4 14 1 15 0 14 0 15 1 11 5 17 3 16 4 13 5 14 6 11 5 15 5 14 4 13 6 11 7 15 3 12 5 15 4 11 5 12 9 11 6 11 4 15 7 11 10 14 6 11 8 12 0 -1 0 0 0 0 0 0 0 0 ]
CSI_DATA,AP,68:FE:71:12:53:8C,-45,11,1,3,1,1,1,0,0,0,0,-95,0,6,1,65110192,0,84,0,0,65.11,384,[84 -64 4 0 0 0 0 0 0 0 0 0 20 1 20 2 23 2 19 3 21 5 17 5 20 6 18 8 18 8 16 8 19 7 20 6 18 9 18 8 18 8 16 10 15 9 16 7 17 11 16 7 15 7 16 9 14 7 13 9 17 11 17 8 1 -1 14 5 16 9 15 6 13 4 13 5 14 7 13 4 13 7 15 3 13 4 17 2 15 4 14 3 16 4 13 6 15 4 16 5 14 0 16 4 14 0 17 5 17 3 14 4 17 2 18 1 15 0 1 -1 0 0 0 0 0 0 0 0 ]
CSI_DATA,AP,68:FE:71:12:53:8C,-40,11,1,4,1,1,1,1,0,0,0,-96,4,6,1,65254433,0,84,0,0,65.254,384,[84 -64 4 0 0 0 0 0 0 0 0 0 16 12 18 10 19 13 19 11 14 14 17 12 15 14 13 13 12 15 11 14 15 16 14 13 12 14 11 13 11 17 11 15 11 13 9 12 9 13 13 14 13 11 9 15 11 14 11 11 14 16 13 12 -1 -2 13 14 14 11 12 12 12 10 12 12 11 9 13 11 10 11 11 12 14 9 14 10 14 9 11 8 14 8 12 9 12 10 16 9 12 9 13 7 13 8 13 9 12 8 13 7 14 4 14 7 15 7 2 2 0 0 0 0 0 0 0 0 ]
CSI_DATA,AP,68:FE:71:12:53:8C,-38,11,1,6,1,1,1,0,0,0,0,-94,0,6,1,65368010,0,84,0,0,65.368,384,[84 -64 4 0 0 0 0 0 0 0 0 0 -19 9 -19 12 -20 10 -22 11 -21 12 -19 7 -19 6 -20 8 -19 9 -18 5 -20 7 -22 8 -21 7 -22 4 -19 4 -22 7 -19 4 -18 3 -20 2 -22 4 -19 1 -18 2 -17 5 -19 5 -17 6 -21 6 1 0 -17 3 -17 5 -18 9 -17 6 -17 6 -16 8 -16 8 -15 6 -17 9 -18 8 -14 11 -14 5 -14 7 -17 7 -13 7 -17 8 -17 10 -13 11 -16 8 -13 10 -14 10 -12 12 -13 12 -14 12 -12 12 -12 9 -2 -2 0 0 0 0 0 0 0 0 ]
CSI_DATA,AP,68:FE:71:12:53:8C,-38,11,1,6,1,1,1,1,0,0,0,-94,6,6,1,65488589,0,84,0,0,65.489,384,[84 -64 4 0 0 0 0 0 0 0 0 0 21 -10 17 -9 19 -8 23 -9 23 -9 20 -8 23 -4 20 -3 19 -5 21 -2 24 -3 19 -3 19 -6 23 -1 20 -1 22 -3 20 -4 18 -3 21 -4 20 -4 18 -1 18 -2 18 -3 20 -3 17 -3 17 -1 0 -2 19 -2 20 -3 17 -2 17 -6 17 -2 19 -5 16 -2 14 -3 18 -4 14 -7 17 -9 15 -8 16 -9 16 -8 16 -9 17 -6 18 -6 14 -11 17 -9 15 -10 16 -10 15 -6 17 -10 15 -10 13 -11 13 -10 0 -1 0 0 0 0 0 0 0 0 ]
CSI_DATA,AP,68:FE:71:12:53:8C,-41,11,1,4,1,1,1,0,0,0,0,-93,0,6,1,65605055,0,84,0,0,65.605,384,[84 -64 4 0 0 0 0 0 0 0 0 0 11 17 11 16 10 21 9 17 8 19 10 17 10 18 5 19 7 20 8 17 6 22 9 22 4 18 6 21 7 19 7 19 5 20 4 19 4 17 7 18 5 19 6 16 1 15 2 16 3 16 7 19 1 0 6 17 8 19 7 17 6 15 8 17 6 17 6 14 7 16 9 16 9 15 8 14 7 14 6 16 7 12 8 11 9 16 11 13 11 11 9 15 10 10 9 14 9 12 12 15 11 12 13 14 9 12 2 2 0 0 0 0 0 0 0 0 ]
CSI_DATA,AP,68:FE:71:12:53:8C,-42,11,1,6,1,1,1,0,0,0,0,-95,0,6,1,65731105,0,84,0,0,65.731,384,[84 -64 4 0 0 0 0 0 0 0 0 0 -7 -22 -6 -22 -7 -22 -6 -24 -7 -20 -5 -20 -1 -24 -3 -20 0 -24 -1 -21 -3 -21 -2 -22 1 -24 -3 -20 0 -22 -3 -23 0 -19 0 -21 2 -21 2 -22 0 -20 1 -21 2 -17 -1 -20 0 -17 0 -21 1 -1 0 -17 -2 -20 1 -20 -3 -19 0 -17 -2 -16 -3 -17 -4 -19 -3 -16 -4 -18 -4 -17 -3 -17 -7 -17 -4 -17 -5 -18 -5 -19 -4 -18 -5 -18 -7 -15 -8 -16 -7 -15 -5 -15 -7 -18 -6 -17 -9 -17 -6 -15 -1 -1 0 0 0 0 0 0 0 0 ]
CSI_DATA,AP,68:FE:71:12:53:8C,-42,11,1,4,1,1,1,0,0,0,0,-94,0,6,1,65865976,0,84,0,0,65.866,384,[84 -64 4 0 0 0 0 0 0 0 0 0 -18 -14 -14 -15 -14 -16 -15 -18 -16 -16 -13 -18 -13 -18 -10 -16 -12 -20 -12 -16 -10 -17 -10 -20 -8 -16 -10 -16 -10 -18 -10 -20 -9 -17 -7 -14 -6 -18 -10 -16 -7 -17 -6 -16 -6 -16 -8 -18 -7 -17 -7 -17 2 1 -6 -17 -7 -17 -8 -17 -12 -17 -8 -13 -11 -17 -10 -14 -8 -14 -6 -15 -11 -15 -11 -15 -9 -12 -8 -14 -8 -11 -8 -15 -13 -15 -12 -14 -12 -13 -13 -12 -9 -10 -8 -15 -9 -12 -14 -11 -11 -12 -11 -12 -14 -14 1 -1 0 0 0 0 0 0 0 0 ]
CSI_DATA,AP,68:FE:71:12:53:8C,-44,11,1,5,1,1,1,0,0,0,0,-95,0,6,1,66011004,0,84,0,0,66.011,384,[84 -64 4 0 0 0 0 0 0 0 0 0 14 8 18 11 14 11 19 11 14 13 14 11 14 16 12 13 14 12 10 10 13 14 14 15 14 16 16 15 14 16 13 15 10 16 12 13 13 12 12 12 11 11 8 15 10 9 12 10 13 13 14 13 0 1 10 12 10 11 10 10 12 8 12 8 11 11 13 9 9 12 10 7 11 5 15 9 15 10 14 6 15 8 12 7 13 7 15 8 16 4 15 8 13 5 13 6 15 8 13 4 14 3 14 6 15 2 -2 -2 0 0 0 0 0 0 0 0 ]
CSI_DATA,AP,68:FE:71:12:53:8C,-36,11,1,6,1,1,1,0,0,0,0,-94,0,6,1,66147978,0,84,0,0,66.148,384,[84 -64 4 0 0 0 0 0 0 0 0 0 -10 -19 -12 -19 -12 -18 -12 -20 -8 -21 -6 -22 -5 -18 -5 -20 -4 -21 -4 -19 -7 -19 -5 -22 -8 -20 -5 -20 -3 -18 -4 -19 -4 -21 -4 -18 -2 -20 -2 -18 -4 -16 -5 -17 -3 -15 -5 -19 -5 -17 -5 -18 -2 0 -3 -18 -7 -19 -7 -15 -5 -18 -3 -15 -8 -17 -5 -17 -7 -17 -5 -14 -7 -14 -7 -13 -9 -13 -9 -16 -8 -17 -10 -13 -11 -15 -8 -17 -10 -15 -7 -16 -11 -14 -7 -15 -9 -13 -13 -15 -14 -14 -10 -15 -12 -12 -2 -2 0 0 0 0 0 0 0 0 ]
CSI_DATA,AP,68:FE:71:12:53:8C,-40,11,1,5,1,1,1,0,0,0,0,-95,0,6,1,66275056,0,84,0,0,66.275,384,[84 -64 4 0 0 0 0 0 0 0 0 0 7 20 7 20 10 17 8 21 6 20 6 18 5 21 4 20 6 20 5 17 2 20 3 21 4 21 3 21 1 18 1 20 3 20 3 15 4 17 1 18 1 19 1 18 0 16 2 17 4 18 0 17 -2 -1 1 16 1 18 2 18 4 18 4 15 6 18 5 16 3 13 6 13 3 13 5 16 7 16 7 15 7 13 6 16 7 16 6 17 10 13 6 13 9 13 6 13 7 16 10 14 10 13 6 16 8 14 -2 -2 0 0 0 0 0 0 0 0 ]
CSI_DATA,AP,68:FE:71:12:53:8C,-42,11,1,6,1,1,1,0,0,0,0,-95,0,6,1,66409624,0,84,0,0,66.41,384,[84 -64 4 0 0 0 0 0 0 0 0 0 -11 20 -11 20 -9 18 -14 18 -13 17 -11 17 -12 14 -11 17 -13 14 -14 17 -16 15 -15 14 -16 14 -16 13 -16 11 -13 16 -13 11 -16 12 -14 15 -16 14 -12 14 -14 11 -12 9 -12 12 -14 14 -15 12 1 -1 -15 13 -13 15 -15 12 -14 13 -10 13 -12 12 -13 15 -10 14 -9 14 -12 10 -10 16 -7 12 -9 13 -8 16 -10 11 -7 12 -7 12 -6 13 -7 16 -9 13 -7 13 -10 15 -8 15 -5 15 -7 16 -5 15 1 2 0 0 0 0 0 0 0 0 ]
CSI_DATA,AP,68:FE:71:12:53:8C,-38,11,1,5,1,1,1,0,0,0,0,-96,0,6,1,66563178,0,84,0,0,66.563,384,[84 -64 4 0 0 0 0 0 0 0 0 0 -13 16 -12 18 -12 18 -17 20 -13 18 -16 13 -18 13 -14 15 -13 13 -14 15 -15 12 -14 13 -16 12 -16 13 -16 11 -16 14 -18 10 -15 10 -14 13 -13 10 -16 8 -13 13 -15 10 -14 11 -16 10 -16 9 -2 2 -14 13 -14 12 -11 11 -13 10 -11 9 -13 13 -10 12 -9 11 -10 14 -12 12 -9 16 -12 13 -11 14 -12 16 -12 15 -9 15 -11 14 -6 16 -10 13 -6 16 -10 15 -10 17 -6 14 -5 16 -8 15 -6 16 -1 1 0 0 0 0 0 0 0 0 ]
CSI_DATA,AP,68:FE:71:12:53:8C,-36,11,1,7,1,1,1,0,0,0,0,-96,0,6,1,66686850,0,84,0,0,66.687,384,[84 -64 4 0 0 0 0 0 0 0 0 0 17 7 18 6 18 9 20 13 16 12 18 11 17 11 14 12 13 14 17 12 16 14 14 15 17 13 15 11 13 10 14 13 15 10 11 10 12 14 12 12 14 12 14 14 13 10 11 14 15 11 15 10 -2 2 11 9 14 12 11 8 14 8 15 12 14 9 12 10 14 9 12 10 12 9 12 7 15 9 14 9 16 7 15 9 14 6 14 6 14 6 16 8 12 6 14 6 13 7 13 3 18 3 14 4 13 3 -1 0 0 0 0 0 0 0 0 0 ]
CSI_DATA,AP,68:FE:71:12:53:8C,-37,11,1,6,1,1,1,0,0,0,0,-95,0,6,1,66804972,0,84,0,0,66.805,384,[84 -64 4 0 0 0 0 0 0 0 0 0 16 9 18 7 19 8 20 13 16 10 17 10 15 10 15 11 16 11 13 14 18 12 16 12 14 11 13 12 14 15 15 12 15 12 12 13 13 14 11 12 14 13 13 13 11 10 14 11 15 15 15 14 1 -2 11 14 13 14 14 10 13 11 11 9 15 11 14 10 14 11 12 9 13 9 12 6 15 6 16 6 12 5 12 6 13 9 14 8 15 3 14 6 15 6 13 7 16 6 14 3 18 2 14 6 17 5 -1 -1 0 0 0 0 0 0 0 0 ]
CSI_DATA,AP,68:FE:71:12:53:8C,-36,11,1,6,1,1,1,0,0,0,0,-93,0,6,1,66901608,0,84,0,0,66.902,384,[84 -64 4 0 0 0 0 0 0 0 0 0 12 15 15 14 12 17 16 14 11 19 10 16 13 14 13 13 10 19 9 18 8 16 8 16 8 20 8 18 10 16 8 19 7 15 8 17 7 15 8 17 9 17 7 17 4 16 7 13 7 18 5 17 1 2 7 15 6 16 7 15 11 15 8 11 7 13 8 14 10 12 9 12 9 11 11 13 9 14 11 10 9 11 10 11 12 13 13 10 10 12 12 11 10 8 13 12 11 11 10 11 15 9 10 13 13 11 -1 -2 0 0 0 0 0 0 0 0 ]
CSI_DATA,AP,68:FE:71:12:53:8C,-40,11,1,5,1,1,1,1,0,0,0,-95,2,6,1,67060730,0,84,0,0,67.061,384,[84 -64 4 0 0 0 0 0 0 0 0 0 -19 6 -21 5 -22 5 -19 4 -20 3 -21 -2 -21 0 -17 -3 -20 -3 -20 -3 -19 1 -18 0 -18 -3 -20 0 -21 -2 -18 -5 -18 -2 -17 -1 -18 -5 -16 -5 -17 -4 -18 -6 -18 -2 -19 -5 -20 -4 -19 -4 -2 -2 -16 -3 -15 -2 -19 -4 -15 0 -18 0 -15 -2 -16 -4 -16 -3 -15 1 -17 1 -14 2 -13 3 -17 0 -15 2 -18 0 -16 1 -16 2 -13 4 -17 3 -17 2 -18 4 -15 1 -15 5 -15 3 -13 5 -17 6 -1 2 0 0 0 0 0 0 0 0 ]
CSI_DATA,AP,68:FE:71:12:53:8C,-38,11,1,6,1,1,1,0,0,0,0,-95,0,6,1,67179007,0,84,0,0,67.179,384,[84 -64 4 0 0 0 0 0 0 0 0 0 18 0 19 2 21 1 18 2 19 4 16 3 15 7 15 6 16 8 17 8 18 5 17 8 15 6 16 9 15 9 17 9 14 7 14 6 16 5 17 9 15 7 15 8 15 6 17 7 15 9 13 4 2 2 13 4 14 7 14 3 13 5 12 2 12 4 12 6 16 4 16 5 15 1 14 4 13 1 16 0 15 3 12 0 16 1 15 0 16 -1 16 2 12 1 14 2 15 -1 17 1 17 -1 12 -2 13 -2 0 -1 0 0 0 0 0 0 0 0 ]
CSI_DATA,AP,68:FE:71:12:53:8C,-38,11,1,5,1,1,1,0,0,0,0,-94,0,6,1,67296085,0,84,0,0,67.296,384,[84 -64 4 0 0 0 0 0 0 0 0 0 -10 19 -13 17 -13 16 -11 17 -13 16 -15 18 -14 14 -13 16 -13 16 -14 12 -15 15 -13 15 -15 14 -14 12 -12 14 -16 14 -16 12 -13 12 -13 12 -15 12 -14 10 -12 12 -11 13 -14 12 -11 14 -14 12 1 1 -13 10 -10 13 -14 14 -8 15 -12 14 -12 14 -13 14 -12 11 -11 15 -11 13 -8 13 -8 11 -10 14 -10 16 -8 16 -8 16 -9 16 -9 15 -7 14 -7 16 -8 15 -8 14 -7 18 -7 18 -7 17 -8 17 2 -2 0 0 0 0 0 0 0 0 ]
CSI_DATA,AP,68:FE:71:12:53:8C,-38,11,1,6,1,1,1,0,0,0,0,-93,0,6,1,67431159,0,84,0,0,67.431,384,[84 -64 4 0 0 0 0 0 0 0 0 0 -27 -17 -27 -18 -26 -21 -29 -19 -24 -19 -24 -20 -23 -24 -23 -21 -24 -24 -20 -20 -22 -23 -23 -25 -20 -23 -22 -23 -19 -21 -20 -24 -16 -23 -18 -19 -15 -20 -17 -23 -13 -21 -14 -20 -16 -21 -16 -21 -18 -20 -16 -21 1 1 -17 -20 -17 -19 -18 -16 -15 -16 -15 -16 -18 -19 -16 -19 -15 -15 -18 -16 -19 -13 -19 -14 -14 -12 -17 -13 -17 -10 -20 -12 -17 -10 -18 -11 -20 -7 -17 -9 -16 -6 -16 -7 -16 -9 -17 -9 -17 -6 -19 -8 -16 -8 -1 2 0 0 0 0 0 0 0 0 ]
CSI_DATA,AP,68:FE:71:12:53:8C,-42,11,1,5,1,1,1,0,0,0,0,-96,0,6,1,67593098,0,82,0,0,67.593,384,[84 -64 4 0 0 0 0 0 0 0 0 0 -15 10 -16 9 -16 8 -20 8 -16 7 -17 7 -16 6 -17 4 -16 3 -17 2 -21 6 -20 2 -18 3 -19 5 -15 0 -18 0 -19 4 -15 1 -16 0 -17 1 -18 3 -18 1 -13 1 -15 4 -17 4 -16 0 0 0 -17 0 -13 5 -14 2 -15 4 -15 3 -15 3 -14 4 -15 3 -13 4 -14 4 -16 4 -12 7 -12 6 -12 7 -12 6 -14 9 -15 7 -13 7 -13 5 -11 6 -13 5 -14 8 -12 8 -14 10 -14 9 -13 7 -1 -2 0 0 0 0 0 0 0 0 ]
CSI_DATA,AP,68:FE:71:12:53:8C,-38,11,1,5,1,1,1,0,0,0,0,-93,0,6,1,67715982,0,84,0,0,67.716,384,[84 -64 4 0 0 0 0 0 0 0 0 0 7 -18 7 -17 7 -17 11 -17 9 -15 13 -12 10 -13 10 -14 12 -15 12 -11 14 -13 12 -12 10 -15 13 -12 9 -13 11 -13 9 -14 13 -10 13 -13 12 -12 11 -11 13 -12 11 -12 13 -13 10 -12 8 -11 1 -1 11 -9 8 -14 9 -11 7 -14 9 -12 9 -10 7 -12 8 -11 5 -14 8 -13 7 -14 7 -10 4 -14 5 -11 6 -13 8 -11 5 -16 6 -13 3 -13 5 -13 6 -14 5 -14 2 -12 6 -15 4 -14 5 -15 -2 -1 0 0 0 0 0 0 0 0 ]
CSI_DATA,AP,68:FE:71:12:53:8C,-38,11,1,6,1,1,1,0,0,0,0,-96,0,6,1,67859746,0,84,0,0,67.86,384,[84 -64 4 0 0 0 0 0 0 0 0 0 4 13 0 12 0 17 1 15 0 15 1 14 0 16 0 15 -2 17 -3 16 1 14 -3 17 -2 15 -3 12 -4 12 -1 14 -3 13 -4 12 -2 15 -1 13 -5 12 -2 11 -4 12 -2 12 -1 15 -5 15 1 1 -4 11 -3 13 -1 15 -1 12 0 11 -3 12 -3 10 2 14 1 11 3 10 2 11 0 11 2 14 2 13 -1 12 2 13 2 15 4 13 2 14 0 11 2 15 0 11 1 11 2 12 1 13 2 12 2 -2 0 0 0 0 0 0 0 0 ]
CSI_DATA,AP,68:FE:71:12:53:8C,-41,11,1,4,1,1,1,0,0,0,0,-95,0,6,1,67979386,0,84,0,0,67.979,384,[84 -64 4 0 0 0 0 0 0 0 0 0 10 20 10 18 9 20 8 18 10 20 5 19 7 17 7 19 4 18 7 19 5 20 4 20 7 20 3 18 3 17 6 18 2 19 2 16 5 17 1 17 2 20 2 16 4 15 3 15 3 18 3 19 0 0 2 14 4 17 4 17 5 16 5 17 5 14 6 14 7 13 7 13 7 14 9 12 7 11 5 14 7 13 10 14 8 15 7 12 11 10 9 14 8 14 10 13 11 14 7 13 12 10 9 14 10 9 -1 2 0 0 0 0 0 0 0 0 ]
CSI_DATA,AP,68:FE:71:12:53:8C,-41,11,1,5,1,1,1,0,0,0,0,-94,0,6,1,68110967,0,84,0,0,68.111,384,[84 -64 4 0 0 0 0 0 0 0 0 0 18 -9 16 -10 18 -8 19 -7 17 -7 15 -4 17 -2 14 -4 15 -5 14 -1 13 -1 14 -1 14 -1 12 -2 10 -2 14 -1 11 -2 12 -4 9 -4 11 -3 9 -3 12 -3 9 -4 10 0 12 -4 12 -3 2 -2 12 -4 9 -5 9 -3 10 -3 9 -4 9 -4 9 -5 6 -7 7 -4 13 -10 6 -7 8 -8 6 -9 6 -7 9 -9 9 -10 6 -7 9 -8 6 -10 8 -8 8 -8 9 -10 9 -8 9 -8 6 -11 8 -12 1 2 0 0 0 0 0 0 0 0 ]
CSI_DATA,AP,68:FE:71:12:53:8C,-39,11,1,4,1,1,1,0,0,0,0,-96,0,6,1,68223951,0,84,0,0,68.224,384,[84 -64 4 0 0 0 0 0 0 0 0 0 -27 7 -25 7 -28 9 -28 6 -25 6 -24 4 -24 3 -24 3 -23 1 -21 2 -24 -2 -24 -2 -23 -2 -21 -2 -21 1 -19 -1 -19 2 -16 1 -17 -2 -16 0 -17 1 -15 1 -13 1 -14 0 -18 -1 -13 3 1 -1 -13 2 -15 3 -13 3 -15 3 -11 3 -11 5 -14 7 -10 6 -10 7 -11 6 -13 9 -10 7 -11 6 -11 9 -10 9 -12 8 -12 7 -8 8 -10 11 -8 11 -12 7 -12 9 -7 13 -10 14 -11 12 -7 12 -2 1 0 0 0 0 0 0 0 0 ]
CSI_DATA,AP,68:FE:71:12:53:8C,-42,11,1,6,1,1,1,0,0,0,0,-96,0,6,1,68326695,0,84,0,0,68.327,384,[84 -64 4 0 0 0 0 0 0 0 0 0 -4 -12 -4 -11 -3 -15 1 -16 -2 -14 1 -10 0 -11 -1 -13 -1 -13 3 -13 2 -13 2 -13 2 -12 4 -9 4 -10 1 -14 0 -11 4 -8 4 -12 3 -10 3 -10 4 -8 3 -10 1 -8 0 -8 2 -11 -1 0 1 -8 0 -11 0 -11 0 -7 0 -7 0 -7 -1 -8 -1 -9 1 -8 1 -11 -1 -8 1 -7 0 -9 -2 -9 0 -10 -4 -8 -3 -8 -2 -9 -3 -10 0 -9 -1 -8 -3 -8 -2 -11 -2 -9 -2 -9 -4 -8 1 1 0 0 0 0 0 0 0 0 ]
CSI_DATA,AP,68:FE:71:12:53:8C,-39,11,1,5,1,1,1,0,0,0,0,-93,0,6,1,68481773,0,84,0,0,68.482,384,[84 -64 4 0 0 0 0 0 0 0 0 0 17 -7 16 -4 16 -4 18 -3 18 -4 18 -4 21 -6 18 -1 21 -5 19 -4 23 -2 18 -3 22 -4 20 -3 21 1 19 -1 21 -3 17 -1 18 0 21 -1 20 1 22 -3 16 -1 17 2 19 1 22 -1 -1 -1 19 0 22 0 19 -1 18 -2 22 -1 21 -4 21 -3 20 -4 17 -3 18 -6 22 -4 19 -5 20 -2 22 -4 22 -8 20 -6 23 -4 22 -9 19 -4 20 -4 22 -4 20 -3 18 -8 19 -6 18 -5 21 -3 2 2 0 0 0 0 0 0 0 0 ]
CSI_DATA,AP,68:FE:71:12:53:8C,-42,11,1,6,1,1,1,0,0,0,0,-94,0,6,1,68634669,0,84,0,0,68.635,384,[84 -64 4 0 0 0 0 0 0 0 0 0 13 -14 14 -11 18 -14 18 -15 19 -12 17 -10 18 -11 17 -8 15 -8 19 -10 19 -11 18 -8 20 -8 20 -10 17 -5 19 -9 20 -8 19 -8 18 -4 18 -4 18 -6 16 -8 17 -8 17 -5 18 -8 16 -9 -1 -1 16 -8 15 -8 18 -8 16 -10 12 -6 15 -8 15 -9 13 -8 15 -9 13 -10 13 -8 12 -7 13 -12 14 -9 10 -8 11 -11 13 -9 10 -10 9 -13 10 -10 12 -11 11 -12 11 -11 10 -11 10 -12 7 -14 -1 2 0 0 0 0 0 0 0 0 ]
CSI_DATA,AP,68:FE:71:12:53:8C,-41,11,1,6,1,1,1,1,0,0,0,-95,4,6,1,68771321,0,84,0,0,68.771,384,[84 -64 4 0 0 0 0 0 0 0 0 0 14 -6 18 -8 18 -7 18 -5 21 -5 17 -6 19 -5 17 -5 22 -5 21 -3 21 -2 23 1 22 -2 23 -2 19 -2 22 -2 23 1 21 1 19 1 22 -1 20 1 20 2 17 0 21 0 23 4 21 2 0 -2 18 -2 18 1 20 -3 18 -4 19 -2 21 -4 21 -2 20 -2 18 -4 17 -3 19 -6 20 -3 18 -6 17 -4 20 -5 20 -8 22 -4 20 -5 19 -5 16 -9 20 -7 20 -8 18 -7 17 -7 22 -8 16 -7 1 1 0 0 0 0 0 0 0 0 ]
CSI_DATA,AP,68:FE:71:12:53:8C,-40,11,1,6,1,1,1,0,0,0,0,-95,0,6,1,68904532,0,84,0,0,68.905,384,[84 -64 4 0 0 0 0 0 0 0 0 0 -11 -8 -13 -11 -15 -8 -15 -10 -13 -12 -12 -9 -11 -14 -14 -10 -10 -13 -13 -12 -13 -16 -11 -18 -13 -16 -11 -17 -11 -17 -10 -16 -9 -13 -11 -18 -11 -18 -9 -18 -13 -15 -9 -17 -11 -14 -12 -19 -12 -18 -8 -16 2 2 -10 -16 -12 -17 -13 -16 -12 -16 -10 -14 -11 -16 -10 -16 -12 -16 -14 -15 -11 -15 -15 -16 -13 -12 -11 -14 -12 -12 -13 -11 -11 -14 -13 -11 -15 -12 -12 -11 -16 -11 -12 -15 -16 -12 -14 -14 -14 -11 -12 -14 -17 -12 -1 -2 0 0 0 0 0 0 0 0 ]
CSI_DATA,AP,68:FE:71:12:53:8C,-35,11,1,6,1,1,1,0,0,0,0,-96,0,6,1,69027905,0,84,0,0,69.028,384,[84 -64 4 0 0 0 0 0 0 0 0 0 -3 20 -2 18 -4 23 -5 20 -5 20 -7 21 -8 19 -5 17 -9 18 -9 20 -10 19 -10 21 -6 17 -8 17 -6 18 -10 20 -9 17 -7 15 -6 13 -7 15 -10 15 -8 13 -9 12 -5 15 -8 18 -5 13 2 -2 -6 15 -6 16 -4 14 -4 17 -6 14 -4 15 -6 16 -5 15 -4 17 -3 16 -5 17 -5 13 -1 15 -1 17 -1 17 -4 13 -2 16 -3 14 -3 14 -2 14 0 17 -4 15 -3 13 -1 18 0 13 2 14 1 2 0 0 0 0 0 0 0 0 ]
CSI_DATA,AP,68:FE:71:12:53:8C,-36,11,1,5,1,1,1,0,0,0,0,-95,0,6,1,69162263,0,84,0,0,69.162,384,[84 -64 4 0 0 0 0 0 0 0 0 0 1 18 -1 19 -1 20 -3 20 -5 18 -1 20 -4 19 -5 21 -4 17 -5 18 -7 19 -8 18 -6 18 -7 15 -7 15 -8 16 -6 18 -4 14 -8 18 -7 14 -7 16 -7 18 -7 13 -6 16 -3 13 -3 17 2 0 -3 15 -6 13 -5 14 -3 13 -3 17 -1 15 -3 12 -4 16 -3 16 -4 15 0 12 -3 15 -1 13 0 13 1 12 2 17 -1 14 -1 16 -1 15 0 16 1 15 0 17 1 16 0 13 3 16 0 14 -2 0 0 0 0 0 0 0 0 0 ]
CSI_DATA,AP,68:FE:71:12:53:8C,-43,11,1,6,1,1,1,0,0,0,0,-96,0,6,1,69305282,0,84,0,0,69.305,384,[84 -64 4 0 0 0 0 0 0 0 0 0 15 -6 15 -4 16 -6 16 -2 17 -4 15 -3 18 -4 15 -3 17 -1 18 -2 16 -1 19 -1 19 0 15 0 15 0 16 1 15 -3 16 -1 18 0 17 -2 13 2 16 -1 17 -1 13 -1 14 1 15 0 -2 2 13 -1 14 1 15 1 15 0 13 -2 15 -1 13 -4 15 0 14 -4 15 -1 11 -1 13 -4 15 -1 15 -4 14 -4 11 -6 12 -4 12 -5 15 -7 14 -4 15 -4 11 -7 12 -6 11 -6 15 -5 13 -6 -2 -2 0 0 0 0 0 0 0 0 ]
CSI_DATA,AP,68:FE:71:12:53:8C,-42,11,1,4,1,1,1,0,0,0,0,-93,0,6,1,69435569,0,84,0,0,69.436,384,[84 -64 4 0 0 0 0 0 0 0 0 0 -20 5 -19 1 -18 3 -23 3 -21 1 -18 1 -20 1 -21 1 -17 1 -21 0 -17 -3 -19 1 -20 0 -18 -4 -18 -2 -18 -4 -18 -3 -15 -2 -15 0 -16 -4 -19 -1 -16 -1 -18 0 -17 -3 -16 -1 -18 -2 -2 0 -15 -2 -17 1 -14 1 -18 1 -16 -2 -16 -2 -16 3 -18 1 -16 2 -17 2 -14 2 -16 3 -16 5 -16 4 -16 3 -17 4 -14 3 -15 6 -17 2 -16 7 -17 4 -15 3 -17 7 -17 5 -13 8 -16 8 1 0 0 0 0 0 0 0 0 0 ]
CSI_DATA,AP,68:FE:71:12:53:8C,-40,11,1,5,1,1,1,0,0,0,0,-94,0,6,1,69547347,0,84,0,0,69.547,384,[84 -64 4 0 0 0 0 0 0 0 0 0 22 -21 21 -20 24 -25 22 -20 23 -22 22 -20 22 -21 21 -18 23 -20 23 -16 24 -18 26 -16 27 -17 26 -14 20 -12 27 -18 21 -13 22 -12 19 -15 22 -15 22 -13 20 -14 18 -14 23 -15 23 -14 21 -14 1 2 17 -13 19 -18 19 -15 19 -15 17 -14 20 -18 19 -18 17 -17 18 -15 15 -19 15 -18 13 -19 14 -19 17 -18 16 -21 12 -18 16 -21 15 -20 12 -18 15 -19 11 -18 11 -18 12 -20 12 -22 11 -21 14 -22 2 -1 0 0 0 0 0 0 0 0 ]
CSI_DATA,AP,68:FE:71:12:53:8C,-41,11,1,5,1,1,1,1,0,0,0,-94,4,6,1,69690641,0,84,0,0,69.691,384,[84 -64 4 0 0 0 0 0 0 0 0 0 18 -1 17 -3 19 -1 20 2 18 -2 17 1 21 0 20 0 20 0 18 0 18 3 19 1 20 3 19 5 18 3 18 7 16 3 17 6 16 5 17 2 15 6 18 2 15 1 13 1 17 1 14 3 0 0 13 4 15 1 17 2 13 3 13 1 13 0 16 2 16 3 17 0 12 -3 14 1 16 0 15 1 13 -1 13 -1 14 -1 16 1 15 -2 17 -2 16 0 15 -1 16 -3 17 -2 16 -2 15 -3 16 -5 -2 -2 0 0 0 0 0 0 0 0 ]
CSI_DATA,AP,68:FE:71:12:53:8C,-40,11,1,5,1,1,1,0,0,0,0,-93,0,6,1,69831445,0,84,0,0,69.831,384,[84 -64 4 0 0 0 0 0 0 0 0 0 -16 -14 -16 -11 -14 -14 -17 -14 -17 -16 -13 -14 -15 -12 -16 -17 -13 -13 -13 -15 -10 -16 -11 -17 -11 -18 -10 -15 -10 -17 -13 -16 -9 -15 -13 -16 -10 -18 -10 -16 -10 -14 -11 -17 -7 -12 -12 -13 -13 -14 -9 -12 1 0 -12 -13 -12 -10 -9 -10 -12 -10 -9 -14 -11 -10 -12 -11 -10 -9 -13 -11 -11 -12 -13 -13 -12 -10 -13 -9 -11 -9 -14 -12 -11 -10 -12 -9 -15 -12 -13 -8 -13 -8 -12 -8 -15 -10 -13 -9 -16 -9 -12 -10 -13 -8 2 -1 0 0 0 0 0 0 0 0 ]
CSI_DATA,AP,68:FE:71:12:53:8C,-41,11,1,5,1,1,1,0,0,0,0,-96,0,6,1,69966470,0,84,0,0,69.966,384,[84 -64 4 0 0 0 0 0 0 0 0 0 20 0 20 -1 22 2 21 1 20 0 22 2 19 2 18 3 18 6 20 7 18 4 17 5 18 6 17 6 17 7 16 8 16 6 18 4 17 8 18 8 16 5 18 8 18 7 18 5 18 6 14 4 -1 1 15 2 15 4 15 4 18 4 14 5 15 4 14 2 15 2 13 4 14 0 17 3 15 0 14 0 18 0 15 1 18 2 16 0 16 -2 18 0 17 -4 17 1 15 -2 15 -1 17 -2 15 -1 18 -4 2 1 0 0 0 0 0 0 0 0 ]
CSI_DATA,AP,68:FE:71:12:53:8C,-39,11,1,5,1,1,1,0,0,0,0,-94,0,6,1,70097547,0,84,0,0,70.098,384,[84 -64 4 0 0 0 0 0 0 0 0 0 -8 -19 -3 -19 -7 -19 -4 -17 -3 -21 -2 -20 -5 -19 -1 -17 -1 -19 0 -18 -3 -18 -2 -20 0 -18 1 -19 1 -19 -2 -15 -2 -16 1 -18 0 -17 -1 -14 -2 -18 -2 -16 1 -13 1 -13 1 -14 -2 -17 2 0 0 -16 -2 -15 -3 -17 -1 -14 0 -16 -4 -14 -4 -17 -1 -15 1 -16 -3 -14 0 -15 -4 -16 -5 -14 -2 -16 -5 -14 -3 -13 -6 -15 -5 -15 -4 -12 -4 -15 -6 -16 -6 -14 -5 -15 -6 -16 -5 -14 -3 -13 0 -2 0 0 0 0 0 0 0 0 ]
CSI_DATA,AP,68:FE:71:12:53:8C,-42,11,1,4,1,1,1,0,0,0,0,-94,0,6,1,70230777,0,84,0,0,70.231,384,[84 -64 4 0 0 0 0 0 0 0 0 0 -7 -18 -7 -19 -9 -17 -7 -19 -6 -18 -5 -18 -4 -21 -4 -22 -3 -22 -3 -21 -2 -18 -3 -22 0 -20 -1 -20 -2 -18 -2 -21 -2 -17 -2 -19 -1 -17 1 -20 -3 -16 -2 -17 -2 -18 -2 -16 0 -18 -4 -15 0 2 0 -18 -1 -18 -2 -17 -1 -15 -5 -17 -2 -17 -5 -18 -3 -19 -2 -14 -6 -16 -6 -14 -6 -15 -5 -17 -8 -17 -7 -14 -4 -14 -8 -13 -5 -14 -5 -16 -6 -17 -8 -14 -8 -15 -7 -13 -6 -15 -10 -14 -9 -14 0 1 0 0 0 0 0 0 0 0 ]
CSI_DATA,AP,68:FE:71:12:53:8C,-35,11,1,6,1,1,1,0,0,0,0,-95,0,6,1,70374552,0,84,0,0,70.375,384,[84 -64 4 0 0 0 0 0 0 0 0 0 13 -14 12 -13 13 -11 14 -10 16 -11 17 -10 15 -9 17 -11 17 -10 17 -9 15 -7 15 -8 18 -7 14 -6 15 -9 16 -8 17 -6 14 -7 15 -6 13 -8 12 -3 13 -6 12 -3 14 -6 12 -4 15 -8 -1 -1 13 -5 14 -6 14 -5 11 -9 12 -5 14 -5 13 -8 13 -8 13 -10 12 -8 10 -7 11 -9 11 -11 11 -9 12 -8 12 -11 11 -7 11 -12 13 -9 9 -9 9 -8 12 -10 9 -10 7 -10 7 -13 7 -12 0 2 0 0 0 0 0 0 0 0 ]
CSI_DATA,AP,68:FE:71:12:53:8C,-39,11,1,5,1,1,1,0,0,0,0,-95,0,6,1,70498965,0,84,0,0,70.499,384,[84 -64 4 0 0 0 0 0 0 0 0 0 2 -16 1 -19 2 -19 3 -18 2 -21 1 -18 2 -18 3 -17 4 -17 5 -16 4 -15 6 -17 4 -19 5 -17 5 -17 4 -16 4 -17 7 -16 6 -15 6 -13 3 -15 6 -17 3 -17 4 -15 3 -16 8 -13 -1 -2 5 -15 3 -14 5 -11 1 -12 4 -15 4 -15 5 -16 5 -14 4 -14 4 -14 4 -16 4 -14 2 -13 0 -12 3 -16 2 -13 -1 -17 0 -12 -2 -14 -1 -17 -1 -13 0 -16 -2 -14 1 -14 2 -17 1 -17 1 -2 0 0 0 0 0 0 0 0 ]
CSI_DATA,AP,68:FE:71:12:53:8C,-36,11,1,6,1,1,1,0,0,0,1,-94,0,6,1,70636744,0,84,0,0,70.637,384,[84 -64 4 0 0 0 0 0 0 0 0 0 27 -26 28 -27 31 -26 27 -23 29 -24 31 -24 28 -25 33 -23 30 -20 34 -21 33 -18 33 -16 32 -15 35 -15 31 -16 34 -16 30 -17 33 -15 31 -15 29 -14 31 -13 30 -13 31 -12 32 -13 31 -15 27 -15 0 -1 27 -13 28 -18 28 -18 27 -20 26 -15 27 -17 26 -20 27 -16 25 -18 27 -20 25 -19 24 -18 24 -18 25 -18 22 -20 20 -22 27 -22 21 -20 22 -21 19 -23 21 -22 22 -21 24 -26 19 -27 20 -25 21 -24 1 1 0 0 0 0 0 0 0 0 ]
CSI_DATA,AP,68:FE:71:12:53:8C,-40,11,1,6,1,1,1,1,0,0,0,-93,5,6,1,70747107,0,84,0,0,70.747,384,[84 -64 4 0 0 0 0 0 0 0 0 0 6 16 7 17 7 18 8 17 5 16 4 19 7 14 8 16 5 14 3 14 5 17 6 19 3 15 6 17 4 15 3 17 3 16 2 13 2 16 1 15 2 15 2 16 1 15 3 13 2 13 4 13 2 2 1 13 3 13 2 14 5 15 2 13 5 15 3 13 7 11 5 15 3 10 7 12 5 12 7 14 4 14 8 14 6 14 6 12 7 14 9 13 8 11 10 13 6 12 9 12 6 14 9 10 6 12 -2 1 0 0 0 0 0 0 0 0 ]
CSI_DATA,AP,68:FE:71:12:53:8C,-44,11,1,3,1,1,1,0,0,0,0,-93,0,6,1,70853822,0,84,0,0,70.854,384,[84 -64 4 0 0 0 0 0 0 0 0 0 0 19 1 20 -1 23 -5 19 -4 22 -3 17 -4 17 -5 18 -6 16 -6 20 -4 22 -8 21 -7 18 -7 17 -8 17 -5 17 -6 16 -5 18 -7 17 -9 17 -8 14 -5 18 -5 13 -6 17 -8 17 -8 17 -2 1 -5 15 -8 16 -5 17 -4 17 -4 13 -5 15 -6 14 -2 16 -2 17 -2 14 -1 15 -1 16 -2 15 -4 14 -4 17 -4 19 -2 19 0 14 -3 14 -3 16 -1 17 0 14 0 15 0 18 -1 16 2 16 -2 -1 0 0 0 0 0 0 0 0 ]
CSI_DATA,AP,68:FE:71:12:53:8C,-42,11,0,0,0,0,0,0,0,0,0,-95,0,6,1,70980704,0,37,0,0,70.981,128,[84 -64 4 0 0 0 0 0 0 0 0 0 -12 13 -13 12 -18 12 -16 11 -14 12 -16 11 -18 12 -19 11 -18 10 -16 10 -18 9 -17 9 -16 8 -15 9 -16 8 -17 8 -15 7 -17 9 -18 9 -16 10 -17 9 -17 9 -16 9 -14 6 -14 6 -17 10 -1 1 -12 8 -16 6 -12 10 -13 7 -12 10 -15 7 -15 11 -10 11 -14 7 -12 9 -14 9 -13 13 -12 10 -9 12 -12 9 -11 12 -11 13 -12 13 -11 11 -11 15 -8 13 -9 11 -11 11 -8 12 -8 11 -11 13 2 -2 0 0 0 0 0 0 0 0 ]
CSI_DATA,AP,68:FE:71:12:53:8C,-37,11,1,6,1,1,1,0,0,0,0,-94,0,6,1,71101802,0,84,0,0,71.102,384,[84 -64 4 0 0 0 0 0 0 0 0 0 -4 -17 -5 -19 -5 -17 -7 -21 -5 -17 -3 -16 -3 -17 -4 -18 -3 -18 -3 -18 -1 -18 -2 -20 -2 -21 -1 -18 -2 -16 1 -16 1 -18 2 -15 2 -16 2 -15 -2 -18 -1 -17 2 -16 1 -18 0 -18 -2 -15 2 0 -3 -16 -2 -15 -3 -18 -2 -17 -1 -13 -3 -14 -5 -14 -4 -13 -1 -14 -3 -15 -2 -14 -4 -13 -6 -14 -3 -16 -7 -12 -3 -12 -5 -17 -7 -13 -4 -14 -6 -15 -7 -15 -6 -16 -5 -16 -10 -14 -6 -13 -9 -13 1 0 0 0 0 0 0 0 0 0 ]
CSI_DATA,AP,68:FE:71:12:53:8C,-38,11,1,6,1,1,1,0,0,0,0,-95,0,6,1,71228756,0,84,0,0,71.229,384,[84 -64 4 0 0 0 0 0 0 0 0 0 -4 17 -4 22 -7 21 -4 21 -4 17 -4 18 -5 19 -7 17 -8 18 -5 19 -9 17 -10 16 -6 16 -10 17 -10 19 -11 16 -10 15 -7 14 -9 16 -10 16 -7 13 -6 16 -8 12 -8 13 -8 17 -8 17 -2 0 -8 17 -5 15 -9 15 -5 15 -7 17 -4 17 -7 13 -4 14 -7 13 -5 15 -3 14 -4 17 -3 18 -4 14 -5 14 -4 16 -3 14 -4 17 0 15 1 13 -4 17 0 15 -1 16 -1 14 0 14 -1 14 -1 0 0 0 0 0 0 0 0 0 ]
CSI_DATA,AP,68:FE:71:12:53:8C,-40,11,1,5,1,1,1,0,0,0,0,-96,0,6,1,71343415,0,84,0,0,71.343,384,[84 -64 4 0 0 0 0 0 0 0 0 0 -18 -14 -18 -15 -16 -15 -19 -18 -15 -17 -14 -18 -16 -15 -11 -14 -13 -16 -13 -16 -13 -17 -12 -15 -11 -16 -12 -14 -10 -16 -13 -19 -10 -14 -10 -13 -12 -15 -9 -18 -8 -13 -9 -13 -10 -12 -11 -17 -10 -14 -11 -17 1 -1 -12 -16 -12 -15 -10 -16 -12 -14 -10 -13 -11 -16 -14 -13 -10 -15 -11 -12 -14 -9 -14 -12 -15 -10 -12 -11 -16 -13 -12 -9 -16 -12 -16 -9 -12 -9 -12 -11 -15 -10 -13 -8 -12 -9 -17 -9 -18 -8 -14 -9 -15 -8 -2 -2 0 0 0 0 0 0 0 0 ]
CSI_DATA,AP,68:FE:71:12:53:8C,-45,11,1,3,1,1,1,0,0,0,0,-95,0,6,1,71473408,0,84,0,0,71.473,384,[84 -64 4 0 0 0 0 0 0 0 0 0 -18 -14 -17 -15 -19 -16 -19 -17 -16 -17 -15 -17 -15 -18 -15 -15 -16 -17 -15 -15 -15 -15 -13 -17 -13 -15 -16 -20 -13 -15 -13 -19 -11 -19 -13 -15 -11 -17 -12 -14 -10 -17 -11 -18 -13 -17 -10 -18 -13 -14 -14 -15 2 -1 -12 -14 -11 -14 -12 -16 -13 -14 -13 -13 -14 -13 -12 -11 -14 -14 -15 -13 -13 -8 -14 -10 -14 -11 -14 -10 -13 -9 -15 -13 -18 -9 -14 -10 -16 -8 -17 -9 -14 -8 -15 -8 -15 -9 -16 -6 -16 -9 -16 -9 -14 -7 1 0 0 0 0 0 0 0 0 0 ]
CSI_DATA,AP,68:FE:71:12:53:8C,-39,11,1,4,1,1,1,0,0,0,0,-94,0,6,1,71608567,0,84,0,0,71.609,384,[84 -64 4 0 0 0 0 0 0 0 0 0 -5 -24 -7 -23 -4 -21 -5 -22 -6 -25 -4 -22 -3 -20 -1 -22 -1 -23 0 -24 -2 -23 0 -23 -1 -23 -2 -21 -1 -22 -1 -23 3 -21 2 -19 -1 -19 2 -22 3 -19 3 -18 0 -20 0 -21 2 -18 2 -17 -2 1 -1 -16 -2 -20 -3 -17 -4 -20 -2 -17 -1 -18 -1 -19 -3 -16 -4 -19 -4 -18 -5 -18 -4 -16 -4 -15 -6 -16 -7 -18 -6 -18 -4 -20 -7 -19 -8 -15 -7 -14 -3 -18 -5 -18 -8 -19 -8 -18 -5 -15 -9 -19 1 -1 0 0 0 0 0 0 0 0 ]
CSI_DATA,AP,68:FE:71:12:53:8C,-42,11,1,4,1,1,1,1,0,0,0,-95,1,6,1,71711553,0,84,0,0,71.712,384,[84 -64 4 0 0 0 0 0 0 0 0 0 13 19 13 17 10 16 11 21 9 20 10 18 11 20 10 19 7 19 7 18 9 19 9 20 8 18 8 21 5 17 8 20 6 16 7 16 3 17 5 19 4 19 8 17 7 14 4 15 7 17 3 17 2 -1 6 16 9 18 8 17 8 13 8 16 7 15 7 17 8 16 7 12 11 14 10 17 11 15 8 13 10 13 8 11 12 12 13 14 10 12 9 13 13 10 10 14 11 13 13 11 13 11 14 14 10 12 1 0 0 0 0 0 0 0 0 0 ]
CSI_DATA,AP,68:FE:71:12:53:8C,-42,11,1,6,1,1,1,0,0,0,0,-95,0,6,1,71844621,0,84,0,0,71.845,384,[84 -64 4 0 0 0 0 0 0 0 0 0 -3 22 -2 19 -3 25 -3 23 -4 23 -7 19 -4 20 -6 23 -5 19 -7 20 -5 23 -9 19 -9 20 -9 19 -9 20 -6 21 -5 17 -6 17 -8 18 -8 19 -4 19 -5 18 -6 14 -9 18 -6 16 -5 16 0 -1 -7 17 -3 19 -4 19 -6 17 -4 17 -4 18 -5 15 -4 17 -1 18 -5 18 0 18 -2 15 1 19 -2 16 -1 17 -2 17 -1 17 -2 16 -2 19 4 18 -2 16 1 18 2 18 1 19 -2 15 -1 15 2 1 0 0 0 0 0 0 0 0 ]
CSI_DATA,AP,68:FE:71:12:53:8C,-39,11,1,5,1,1,1,0,0,0,0,-93,0,6,1,71942835,0,84,0,0,71.943,384,[84 -64 4 0 0 0 0 0 0 0 0 0 -18 -9 -14 -10 -19 -14 -17 -11 -15 -11 -13 -13 -14 -16 -12 -13 -14 -14 -13 -14 -16 -15 -14 -17 -12 -18 -15 -15 -13 -15 -13 -18 -10 -17 -13 -13 -10 -16 -12 -16 -12 -13 -10 -15 -9 -16 -10 -14 -10 -16 -13 -14 0 -1 -11 -11 -14 -14 -13 -12 -14 -11 -13 -12 -11 -14 -11 -12 -13 -12 -11 -13 -13 -10 -15 -10 -14 -12 -12 -9 -15 -10 -15 -12 -16 -12 -16 -13 -13 -8 -15 -12 -12 -7 -15 -9 -14 -11 -13 -11 -18 -7 -15 -9 -16 -10 -1 2 0 0 0 0 0 0 0 0 ]
CSI_DATA,AP,68:FE:71:12:53:8C,-39,11,1,4,1,1,1,0,0,0,0,-94,0,6,1,72059784,0,84,0,0,72.06,384,[84 -64 4 0 0 0 0 0 0 0 0 0 -18 -10 -17 -8 -18 -9 -21 -10 -21 -13 -15 -12 -15 -12 -18 -11 -19 -11 -17 -13 -19 -15 -15 -13 -19 -12 -18 -11 -17 -10 -17 -15 -15 -10 -17 -11 -14 -12 -16 -11 -12 -14 -17 -12 -14 -9 -13 -12 -17 -11 -13 -9 2 0 -15 -11 -14 -9 -14 -8 -14 -9 -12 -7 -15 -8 -13 -8 -13 -7 -15 -8 -15 -8 -15 -5 -16 -6 -13 -7 -15 -8 -15 -6 -18 -6 -17 -7 -15 -5 -15 -6 -14 -3 -19 -5 -15 -5 -19 -3 -18 -1 -14 -2 -14 -1 2 0 0 0 0 0 0 0 0 0 ]
CSI_DATA,AP,68:FE:71:12:53:8C,-41,11,1,4,1,1,1,0,0,0,0,-94,0,6,1,72201531,0,84,0,0,72.202,384,[84 -64 4 0 0 0 0 0 0 0 0 0 -11 -18 -10 -21 -10 -23 -6 -23 -5 -21 -7 -21 -4 -19 -6 -22 -6 -18 -6 -20 -3 -23 -6 -22 -3 -21 -5 -19 -4 -17 -5 -21 -4 -20 -5 -19 -4 -18 -4 -18 0 -16 -2 -21 -1 -15 -3 -20 -4 -18 -1 -20 2 0 -4 -19 -3 -18 -2 -16 -7 -18 -6 -17 -6 -19 -5 -18 -4 -18 -5 -16 -4 -16 -7 -16 -5 -17 -6 -17 -9 -17 -10 -16 -9 -16 -10 -16 -9 -16 -9 -15 -9 -14 -9 -17 -9 -13 -9 -16 -10 -14 -7 -15 -10 -15 2 -1 0 0 0 0 0 0 0 0 ]
CSI_DATA,AP,68:FE:71:12:53:8C,-43,11,1,6,1,1,1,0,0,0,0,-95,0,6,1,72352076,0,84,0,0,72.352,384,[84 -64 4 0 0 0 0 0 0 0 0 0 5 -19 2 -19 4 -24 4 -23 8 -22 6 -19 8 -19 8 -18 7 -20 6 -20 7 -18 8 -22 10 -22 11 -18 7 -20 10 -18 11 -20 10 -18 7 -16 10 -15 7 -16 10 -16 9 -16 6 -17 9 -17 6 -18 2 2 6 -16 5 -18 8 -16 8 -18 4 -16 7 -17 8 -18 8 -18 6 -18 4 -16 2 -17 5 -15 6 -16 3 -15 6 -18 1 -19 4 -16 3 -17 5 -17 2 -18 5 -15 0 -15 3 -19 0 -19 1 -17 3 -18 1 -1 0 0 0 0 0 0 0 0 ]
CSI_DATA,AP,68:FE:71:12:53:8C,-47,11,1,3,1,1,1,0,0,0,0,-94,0,6,1,72506281,0,84,0,0,72.506,384,[84 -64 4 0 0 0 0 0 0 0 0 0 5 19 3 18 2 23 3 24 0 22 0 20 -1 22 -1 20 0 20 0 19 0 23 0 20 -3 22 -5 19 -4 19 -3 21 -1 19 -4 20 -3 19 -4 20 -3 17 -4 16 -2 16 -3 18 -2 19 -4 16 0 -2 -3 17 -2 15 0 16 -1 14 -1 17 -1 17 1 18 1 18 2 16 2 17 4 17 0 14 1 16 2 16 4 18 4 17 5 18 4 15 5 16 7 15 6 14 6 15 6 16 5 15 4 15 7 14 1 1 0 0 0 0 0 0 0 0 ]
CSI_DATA,AP,68:FE:71:12:53:8C,-45,11,1,5,1,1,1,1,0,0,0,-96,6,6,1,72630146,0,84,0,0,72.63,384,[84 -64 4 0 0 0 0 0 0 0 0 0 16 15 14 16 16 17 15 15 15 16 11 16 11 18 10 14 11 17 13 16 14 19 10 16 10 17 11 17 9 15 9 18 12 16 8 17 11 14 8 16 11 15 8 16 6 14 11 14 9 15 9 12 1 2 8 14 12 13 11 14 11 11 10 11 10 15 12 10 9 9 10 13 12 10 10 14 13 10 13 12 9 12 12 12 11 8 14 12 14 11 12 10 13 10 12 10 14 7 13 10 12 9 15 9 13 8 -2 -2 0 0 0 0 0 0 0 0 ]
CSI_DATA,AP,68:FE:71:12:53:8C,-38,11,1,5,1,1,1,0,0,0,0,-96,0,6,1,72770396,0,84,0,0,72.77,384,[84 -64 4 0 0 0 0 0 0 0 0 0 10 -15 11 -17 13 -18 13 -19 13 -16 11 -14 16 -16 13 -12 16 -16 16 -15 14 -13 13 -12 14 -12 14 -13 13 -13 16 -15 12 -11 14 -13 14 -13 14 -13 13 -10 12 -11 11 -10 15 -10 14 -11 13 -11 -1 1 13 -10 14 -12 11 -10 12 -13 12 -11 11 -10 9 -11 11 -12 12 -12 7 -14 12 -12 10 -11 10 -14 9 -11 7 -11 7 -13 7 -13 10 -14 11 -14 9 -13 10 -14 6 -15 8 -12 6 -16 10 -16 7 -16 -2 2 0 0 0 0 0 0 0 0 ]
CSI_DATA,AP,68:FE:71:12:53:8C,-37,11,1,6,1,1,1,1,0,0,0,-95,1,6,1,72913890,0,84,0,0,72.914,384,[84 -64 4 0 0 0 0 0 0 0 0 0 -4 -21 -6 -23 -7 -22 -5 -22 -1 -20 -3 -20 1 -21 -2 -20 -1 -23 0 -18 -2 -21 0 -20 0 -23 -2 -21 1 -21 3 -22 3 -18 0 -16 3 -21 3 -18 1 -17 1 -20 2 -16 2 -21 1 -20 3 -20 0 0 0 -18 1 -18 2 -19 -2 -18 0 -19 -2 -19 1 -17 0 -17 -2 -19 -2 -17 -2 -16 -1 -19 -5 -16 -4 -20 -2 -17 -6 -16 -4 -19 -5 -15 -2 -16 -3 -14 -2 -19 -4 -17 -7 -16 -9 -18 -5 -15 -7 -18 -1 1 0 0 0 0 0 0 0 0 ]
CSI_DATA,AP,68:FE:71:12:53:8C,-42,11,1,6,1,1,1,0,0,0,0,-95,0,6,1,73032325,0,84,0,0,73.032,384,[84 -64 4 0 0 0 0 0 0 0 0 0 -8 -18 -7 -19 -11 -19 -7 -22 -7 -22 -6 -22 -5 -18 -3 -22 -4 -21 -5 -18 -4 -20 -4 -19 -6 -19 -4 -19 -2 -20 -3 -18 -3 -22 -1 -18 -1 -22 -2 -18 0 -18 -3 -19 -1 -16 -4 -19 -2 -17 -1 -19 1 2 -4 -20 -3 -20 -4 -18 -4 -18 -6 -16 -6 -16 -5 -19 -8 -17 -6 -14 -7 -14 -9 -17 -7 -17 -6 -15 -5 -17 -9 -14 -8 -17 -6 -15 -11 -14 -9 -13 -7 -16 -9 -14 -9 -15 -7 -13 -11 -13 -8 -14 -10 -16 1 2 0 0 0 0 0 0 0 0 ]
CSI_DATA,AP,68:FE:71:12:53:8C,-39,11,1,4,1,1,1,0,0,0,0,-96,0,6,1,73145587,0,84,0,0,73.146,384,[84 -64 4 0 0 0 0 0 0 0 0 0 -13 12 -15 15 -15 16 -16 15 -14 12 -17 11 -18 12 -19 11 -17 9 -15 8 -17 9 -17 9 -17 7 -17 10 -19 10 -17 11 -18 9 -16 7 -15 6 -16 5 -17 7 -16 5 -14 4 -13 5 -15 6 -15 10 0 0 -15 9 -15 7 -15 8 -16 11 -12 6 -13 6 -15 9 -13 9 -14 10 -10 8 -12 9 -11 7 -14 10 -13 11 -13 12 -12 9 -14 11 -11 10 -13 12 -12 10 -11 11 -13 11 -12 10 -8 13 -8 13 -10 12 0 0 0 0 0 0 0 0 0 0 ]
CSI_DATA,AP,68:FE:71:12:53:8C,-42,11,0,0,0,0,0,0,0,0,0,-94,0,6,1,73277834,0,37,0,0,73.278,128,[84 -64 4 0 0 0 0 0 0 0 0 0 8 16 7 18 7 15 10 17 8 14 5 18 7 15 7 17 3 16 4 16 7 16 3 19 3 19 4 18 3 16 2 19 5 18 4 13 3 15 2 14 1 15 3 14 3 12 4 14 5 15 3 17 0 1 2 12 5 17 5 14 7 14 3 12 5 14 4 15 3 10 6 11 6 12 8 14 8 14 8 12 8 13 7 14 7 11 9 12 9 14 7 14 9 11 9 12 7 12 7 13 12 12 9 11 7 9 1 -1 0 0 0 0 0 0 0 0 ]
CSI_DATA,AP,68:FE:71:12:53:8C,-40,11,1,4,1,1,1,0,0,0,1,-94,0,6,1,73408008,0,84,0,0,73.408,384,[84 -64 4 0 0 0 0 0 0 0 0 0 16 -10 17 -13 17 -11 22 -10 17 -8 21 -8 20 -10 21 -5 17 -5 16 -8 19 -7 19 -9 19 -6 18 -5 16 -5 18 -6 19 -6 19 -5 20 -6 18 -2 20 -5 18 -3 18 -2 15 -5 20 -7 19 -7 -2 0 17 -6 16 -4 18 -4 17 -9 17 -6 16 -5 15 -4 15 -5 16 -7 15 -9 14 -7 15 -10 16 -7 16 -11 12 -7 15 -12 16 -9 14 -13 14 -11 10 -10 16 -11 11 -12 13 -10 12 -11 13 -9 13 -11 -1 -1 0 0 0 0 0 0 0 0 ]
CSI_DATA,AP,68:FE:71:12:53:8C,-41,11,1,4,1,1,1,0,0,0,0,-94,0,6,1,73535500,0,84,0,0,73.535,384,[84 -64 4 0 0 0 0 0 0 0 0 0 8 -27 7 -29 9 -26 12 -27 13 -26 13 -25 11 -22 14 -22 11 -24 12 -24 15 -24 15 -22 15 -21 15 -23 13 -19 13 -21 12 -19 14 -18 13 -18 12 -20 12 -20 11 -19 10 -15 13 -18 12 -22 10 -16 -1 1 10 -17 11 -21 8 -22 7 -22 7 -18 9 -18 7 -18 10 -19 7 -21 4 -17 4 -17 6 -20 5 -19 6 -18 4 -21 2 -19 6 -18 4 -20 0 -16 1 -17 0 -20 1 -17 -1 -17 -1 -21 2 -18 1 -17 0 1 0 0 0 0 0 0 0 0 ]
CSI_DATA,AP,68:FE:71:12:53:8C,-43,11,1,6,1,1,1,0,0,0,0,-93,0,6,1,73689765,0,84,0,0,73.69,384,[84 -64 4 0 0 0 0 0 0 0 0 0 -2 -12 -2 -12 -3 -13 1 -10 0 -9 2 -8 0 -8 1 -8 2 -11 2 -8 3 -10 2 -9 0 -12 2 -8 1 -11 3 -9 3 -11 1 -8 0 -9 3 -8 1 -10 1 -11 2 -10 2 -7 1 -7 0 -7 2 0 1 -10 -1 -10 -1 -7 0 -10 0 -9 1 -9 0 -9 1 -7 -3 -9 0 -10 -2 -11 -4 -9 -3 -10 -3 -6 -2 -9 -1 -9 -1 -10 -1 -7 -2 -9 -1 -10 -4 -7 -3 -7 -5 -8 -5 -7 -2 -7 -2 -9 -1 2 0 0 0 0 0 0 0 0 ]
CSI_DATA,AP,68:FE:71:12:53:8C,-39,11,1,5,1,1,1,0,0,0,0,-93,0,6,1,73788786,0,84,0,0,73.789,384,[84 -64 4 0 0 0 0 0 0 0 0 0 -4 -19 -4 -19 -1 -17 -4 -22 0 -21 0 -19 1 -17 1 -18 2 -19 1 -15 1 -19 0 -20 1 -19 1 -20 3 -16 1 -15 0 -15 4 -15 0 -16 4 -16 1 -13 0 -14 0 -14 2 -15 4 -17 3 -15 1 2 4 -15 2 -14 1 -15 0 -12 2 -15 0 -17 -2 -16 -2 -13 1 -13 -2 -16 -1 -12 1 -12 -2 -14 -1 -12 -2 -16 -2 -16 -1 -15 -2 -16 0 -15 -5 -16 -2 -14 -5 -16 -3 -15 -7 -14 -5 -17 -3 -16 1 2 0 0 0 0 0 0 0 0 ]
CSI_DATA,AP,68:FE:71:12:53:8C,-42,11,1,5,1,1,1,0,0,0,1,-94,0,6,1,73914839,0,84,0,0,73.915,384,[84 -64 4 0 0 0 0 0 0 0 0 0 -18 5 -18 4 -16 2 -16 1 -16 2 -18 1 -15 -1 -15 1 -19 0 -17 -1 -17 -2 -16 -2 -19 -3 -16 -2 -18 0 -19 -2 -17 -3 -14 -4 -14 -2 -14 -4 -14 -2 -14 -3 -17 -5 -13 -3 -14 -1 -16 -4 -2 -2 -13 -1 -13 -1 -13 -1 -17 -2 -14 0 -17 -3 -16 1 -14 -1 -13 -1 -13 1 -13 1 -13 -2 -17 -1 -12 3 -13 2 -16 1 -18 0 -13 3 -15 5 -15 3 -16 2 -17 2 -15 1 -14 6 -15 1 -13 3 -1 -1 0 0 0 0 0 0 0 0 ]
CSI_DATA,AP,68:FE:71:12:53:8C,-41,11,1,6,1,1,1,0,0,0,0,-95,0,6,1,74037618,0,84,0,0,74.038,384,[84 -64 4 0 0 0 0 0 0 0 0 0 8 15 9 17 10 18 12 15 6 13 4 16 8 18 6 14 5 16 5 16 6 17 3 12 6 15 2 13 5 13 1 12 3 12 4 13 3 11 6 10 5 12 5 10 1 10 4 12 4 12 6 8 0 -1 6 12 6 8 5 8 8 8 4 7 8 7 5 7 8 9 8 7 6 9 6 7 6 9 5 6 5 10 7 7 7 6 6 8 9 6 6 5 7 8 7 9 6 7 8 6 9 8 11 7 8 6 -2 -2 0 0 0 0 0 0 0 0 ]
CSI_DATA,AP,68:FE:71:12:53:8C,-40,11,1,6,1,1,1,0,0,0,0,-93,0,6,1,74154156,0,84,0,0,74.154,384,[84 -64 4 0 0 0 0 0 0 0 0 0 -30 25 -29 24 -32 23 -35 21 -27 20 -32 17 -32 17 -27 13 -30 13 -25 16 -30 15 -29 15 -28 13 -26 14 -26 11 -26 12 -24 10 -19 14 -22 9 -22 11 -16 10 -21 10 -17 9 -16 12 -16 13 -17 13 2 -1 -13 14 -13 15 -16 13 -16 13 -11 18 -16 16 -14 16 -14 16 -10 9 -10 12 -12 19 -12 17 -13 17 -9 19 -12 21 -9 19 -13 24 -11 21 -8 20 -7 24 -7 22 -8 24 -7 20 -8 24 -5 23 -6 25 2 1 0 0 0 0 0 0 0 0 ]
CSI_DATA,AP,68:FE:71:12:53:8C,-42,11,1,5,1,1,1,0,0,0,0,-93,0,6,1,74279243,0,84,0,0,74.279,384,[84 -64 4 0 0 0 0 0 0 0 0 0 -13 24 -14 22 -16 21 -20 22 -16 20 -16 19 -20 17 -16 16 -17 16 -17 11 -16 14 -19 14 -16 13 -15 13 -17 10 -18 14 -13 13 -13 12 -14 8 -12 12 -15 11 -13 10 -11 12 -13 11 -12 11 -12 8 -2 2 -11 10 -10 9 -7 11 -8 10 -6 9 -9 11 -5 14 -6 13 -6 14 -5 14 -2 15 -3 14 -4 11 -2 13 -4 15 -3 16 -3 13 -2 14 -2 14 -1 11 -1 12 0 13 2 12 0 14 -3 16 -2 14 2 -1 0 0 0 0 0 0 0 0 ]
CSI_DATA,AP,68:FE:71:12:53:8C,-42,11,1,6,1,1,1,0,0,0,0,-94,0,6,1,74407549,0,84,0,0,74.408,384,[84 -64 4 0 0 0 0 0 0 0 0 0 -5 -11 -5 -11 -6 -14 -5 -10 -4 -10 -6 -11 -4 -10 -4 -11 -3 -11 -5 -14 -2 -12 -6 -11 -5 -14 -3 -13 0 -11 -2 -14 -3 -13 -2 -8 -2 -10 -4 -12 0 -9 -2 -12 -1 -11 0 -11 -1 -8 -2 -9 -2 -1 -4 -9 -1 -12 -3 -8 -5 -8 -5 -7 -1 -9 -3 -11 -3 -10 -6 -9 -3 -8 -6 -10 -5 -9 -3 -9 -7 -6 -2 -7 -3 -10 -6 -9 -5 -9 -3 -8 -6 -6 -6 -9 -5 -9 -7 -5 -5 -8 -3 -7 -4 -7 -1 -2 0 0 0 0 0 0 0 0 ]
CSI_DATA,AP,68:FE:71:12:53:8C,-40,11,1,4,1,1,1,0,0,0,0,-95,0,6,1,74512070,0,84,0,0,74.512,384,[84 -64 4 0 0 0 0 0 0 0 0 0 19 0 19 0 23 -2 23 -3 25 -3 23 0 24 -1 22 1 21 2 23 0 23 3 23 1 23 1 26 3 24 6 23 5 24 6 20 2 24 6 21 5 22 4 23 5 20 6 23 5 25 4 23 5 1 2 23 2 21 2 22 1 25 0 20 3 22 -1 23 -2 21 -1 20 -3 24 -3 24 -3 21 0 22 -1 21 -2 25 -2 25 -3 26 -4 26 -6 22 -5 23 -4 23 0 22 -2 25 -6 22 -5 24 -4 23 -3 -2 1 0 0 0 0 0 0 0 0 ]
CSI_DATA,AP,68:FE:71:12:53:8C,-42,11,1,6,1,1,1,0,0,0,0,-95,0,6,1,74609790,0,84,0,0,74.61,384,[84 -64 4 0 0 0 0 0 0 0 0 0 -6 -15 -4 -16 -4 -17 -5 -22 -1 -17 -2 -17 0 -18 1 -19 0 -19 2 -20 0 -18 3 -21 3 -19 4 -18 3 -19 2 -17 5 -19 1 -15 4 -18 5 -15 3 -17 4 -18 5 -13 1 -14 2 -19 1 -18 -2 2 3 -15 2 -14 0 -17 0 -17 2 -15 -1 -17 -2 -17 1 -17 0 -16 -1 -13 -3 -14 1 -13 -1 -13 -1 -12 -2 -13 -1 -14 -5 -17 -1 -14 -3 -14 -6 -14 -4 -13 -6 -15 -3 -16 -7 -16 -2 -14 -3 -14 2 0 0 0 0 0 0 0 0 0 ]
CSI_DATA,AP,68:FE:71:12:53:8C,-39,11,1,4,1,1,1,0,0,0,0,-94,0,6,1,74730249,0,84,0,0,74.73,384,[84 -64 4 0 0 0 0 0 0 0 0 0 14 -12 12 -12 15 -10 15 -13 20 -8 20 -11 17 -11 20 -8 20 -10 20 -10 20 -6 22 -9 23 -6 21 -8 22 -7 24 -7 20 -4 17 -6 18 -3 19 -7 18 -4 19 -6 20 -3 18 -3 22 -7 18 -7 1 -2 18 -3 20 -8 23 -5 18 -6 18 -7 17 -6 21 -5 17 -8 17 -8 15 -9 18 -7 16 -8 19 -11 16 -10 15 -7 17 -13 15 -12 18 -11 15 -14 15 -10 15 -10 18 -11 17 -12 13 -13 14 -14 13 -11 0 -2 0 0 0 0 0 0 0 0 ]
CSI_DATA,AP,68:FE:71:12:53:8C,-38,11,1,5,1,1,1,0,0,0,0,-94,0,6,1,74852536,0,84,0,0,74.853,384,[84 -64 4 0 0 0 0 0 0 0 0 0 15 -2 18 -5 17 -6 19 -4 18 -1 20 -1 18 -1 20 1 18 0 18 0 21 -2 22 2 20 0 21 4 21 6 23 4 20 5 21 2 18 5 20 3 19 7 18 5 16 5 18 2 23 4 17 5 2 -2 21 3 19 1 21 0 20 2 18 4 21 0 17 1 22 1 20 -1 17 -3 22 0 19 1 19 -4 19 -2 19 1 20 -2 20 -3 18 -1 20 0 19 -1 19 -4 17 -4 21 -6 21 -4 18 -4 16 -1 2 -1 0 0 0 0 0 0 0 0 ]
CSI_DATA,AP,68:FE:71:12:53:8C,-36,11,1,5,1,1,1,0,0,0,0,-95,0,6,1,74991952,0,84,0,0,74.992,384,[84 -64 4 0 0 0 0 0 0 0 0 0 0 -22 4 -22 3 -24 5 -23 2 -20 5 -18 3 -19 4 -17 7 -21 6 -19 8 -21 9 -19 6 -20 9 -17 5 -17 6 -18 9 -19 4 -18 8 -18 7 -18 8 -17 7 -20 7 -16 8 -19 7 -19 6 -16 -1 1 6 -14 1 -18 4 -18 3 -19 2 -18 5 -16 2 -15 1 -16 2 -16 3 -15 -1 -18 1 -17 3 -18 0 -13 -2 -18 -2 -18 -2 -16 -1 -14 0 -18 -4 -16 -1 -15 -1 -18 -4 -18 -1 -18 -2 -14 -3 -17 0 -2 0 0 0 0 0 0 0 0 ]
CSI_DATA,AP,68:FE:71:12:53:8C,-42,11,1,4,1,1,1,1,0,0,0,-96,2,6,1,75102621,0,84,0,0,75.103,384,[84 -64 4 0 0 0 0 0 0 0 0 0 2 18 0 20 0 18 0 18 0 17 -1 19 -3 20 0 21 -3 18 -3 16 -2 19 -2 19 -3 17 -5 19 -2 19 -5 19 -5 19 -2 17 -3 17 -5 15 -5 18 -6 15 -3 15 -1 16 -3 17 -1 15 -2 0 -5 13 -3 14 -5 15 -2 15 0 17 0 14 -3 14 -2 14 -4 12 0 15 -3 13 0 14 2 17 -2 17 3 12 -1 17 3 12 4 16 1 15 4 16 4 12 4 13 3 17 5 17 1 16 3 16 -2 1 0 0 0 0 0 0 0 0 ]
CSI_DATA,AP,68:FE:71:12:53:8C,-41,11,1,4,1,1,1,0,0,0,0,-94,0,6,1,75245240,0,84,0,0,75.245,384,[84 -64 4 0 0 0 0 0 0 0 0 0 -19 -1 -21 1 -19 -3 -19 -5 -17 0 -17 -3 -16 -7 -18 -4 -20 -6 -17 -5 -16 -4 -19 -4 -18 -3 -15 -4 -17 -6 -17 -6 -18 -4 -17 -5 -16 -5 -17 -6 -16 -4 -13 -8 -17 -4 -17 -7 -14 -6 -17 -5 -2 2 -14 -3 -15 -2 -16 -6 -14 -2 -14 -5 -14 -6 -13 -5 -17 -3 -14 -2 -16 -1 -16 0 -16 -4 -14 -2 -16 -3 -15 -4 -15 -1 -16 0 -16 -1 -13 0 -17 -2 -14 -2 -15 0 -14 1 -15 -1 -16 1 -16 3 -1 -1 0 0 0 0 0 0 0 0 ]
CSI_DATA,AP,68:FE:71:12:53:8C,-43,11,1,4,1,1,1,0,0,0,0,-93,0,6,1,75371943,0,84,0,0,75.372,384,[37 80 2 0 0 0 0 0 0 0 0 0 27 12 25 14 28 17 28 16 26 18 26 18 23 16 20 18 25 16 21 19 22 18 22 17 20 20 20 16 20 20 23 21 17 19 18 16 20 16 20 19 17 18 16 15 18 17 20 14 17 18 17 15 0 -2 20 14 17 14 18 15 17 13 18 11 19 15 20 11 20 10 22 13 21 12 23 12 18 12 17 10 22 9 19 12 22 12 20 9 20 9 21 11 19 8 23 6 19 9 19 6 20 7 22 8 21 8 2 -1 0 0 0 0 0 0 0 0 ]
CSI_DATA,AP,68:FE:71:12:53:8C,-38,11,1,7,1,1,1,0,0,0,0,-94,0,6,1,75475642,0,84,0,0,75.476,384,[84 -64 4 0 0 0 0 0 0 0 0 0 26 -14 25 -15 27 -13 28 -14 31 -15 27 -9 30 -11 25 -11 29 -8 27 -8 28 -8 28 -10 27 -8 28 -5 25 -9 27 -6 28 -9 24 -9 25 -6 27 -5 26 -5 26 -6 22 -5 23 -4 24 -5 23 -7 -2 -2 22 -9 23 -9 23 -6 22 -10 23 -10 23 -10 22 -9 20 -12 23 -9 22 -10 23 -12 22 -13 21 -14 19 -12 18 -11 18 -11 22 -12 18 -16 18 -16 19 -16 20 -12 16 -16 19 -17 17 -17 16 -18 18 -15 -2 1 0 0 0 0 0 0 0 0 ]
CSI_DATA,AP,68:FE:71:12:53:8C,-37,11,1,6,1,1,1,1,0,0,0,-95,4,6,1,75627915,0,84,0,0,75.628,384,[84 -64 4 0 0 0 0 0 0 0 0 0 -20 -5 -19 -5 -19 -2 -21 -5 -16 -5 -20 -3 -16 -8 -15 -9 -18 -8 -15 -5 -16 -5 -17 -8 -17 -6 -14 -5 -15 -10 -14 -10 -14 -9 -14 -5 -15 -5 -15 -8 -14 -9 -15 -7 -16 -7 -15 -6 -16 -5 -14 -7 0 2 -14 -5 -13 -6 -13 -7 -11 -3 -16 -3 -16 -6 -15 -6 -16 -6 -13 -4 -16 -5 -15 -2 -13 0 -15 -1 -15 -1 -12 -3 -14 -3 -14 -3 -16 -1 -15 1 -15 -2 -17 1 -15 -1 -17 -2 -13 -2 -16 2 -17 -1 2 -2 0 0 0 0 0 0 0 0 ]
CSI_DATA,AP,68:FE:71:12:53:8C,-38,11,1,6,1,1,1,1,0,0,0,-94,4,6,1,75751847,0,84,0,0,75.752,384,[84 -64 4 0 0 0 0 0 0 0 0 0 13 16 11 17 11 15 9 15 11 15 9 17 10 15 8 17 8 14 10 16 9 17 6 16 8 20 8 17 7 16 5 15 8 19 7 17 8 16 7 14 4 15 5 15 5 13 4 17 7 15 6 16 -2 -2 7 14 7 13 9 13 6 15 9 16 6 15 9 15 8 14 5 11 6 10 6 13 10 14 8 10 8 13 7 13 8 14 12 14 11 9 8 12 13 13 8 12 9 9 10 12 11 9 10 8 10 11 1 2 0 0 0 0 0 0 0 0 ]
CSI_DATA,AP,68:FE:71:12:53:8C,-41,11,1,6,1,1,1,0,0,0,0,-94,0,6,1,75885974,0,84,0,0,75.886,384,[84 -64 4 0 0 0 0 0 0 0 0 0 12 -17 14 -15 13 -17 14 -17 13 -17 16 -14 16 -12 13 -12 17 -13 17 -11 17 -14 15 -13 17 -12 18 -13 18 -13 17 -11 18 -9 13 -10 13 -9 14 -8 14 -10 13 -9 12 -11 14 -9 14 -9 13 -9 2 2 12 -11 11 -13 13 -12 15 -11 14 -8 13 -11 11 -11 12 -10 11 -9 11 -12 11 -13 10 -11 8 -11 9 -12 9 -15 9 -13 9 -15 8 -15 12 -12 8 -12 11 -12 11 -15 11 -14 7 -15 10 -15 6 -16 2 2 0 0 0 0 0 0 0 0 ]
CSI_DATA,AP,68:FE:71:12:53:8C,-38,11,1,6,1,1,1,0,0,0,0,-94,0,6,1,75983272,0,84,0,0,75.983,384,[84 -64 4 0 0 0 0 0 0 0 0 0 -7 17 -9 19 -6 18 -7 17 -7 16 -11 13 -9 14 -7 14 -10 16 -12 14 -8 13 -11 15 -12 12 -8 15 -9 15 -12 14 -11 12 -10 11 -9 13 -11 14 -11 14 -8 10 -9 11 -11 13 -10 13 -11 10 -1 -1 -8 11 -11 13 -8 11 -7 13 -10 11 -6 11 -6 12 -6 10 -7 13 -5 10 -6 10 -7 14 -4 12 -3 11 -6 11 -5 12 -6 14 -2 12 -5 14 -6 16 -6 14 -1 16 -2 16 -2 14 -1 13 -1 13 -2 -2 0 0 0 0 0 0 0 0 ]
CSI_DATA,AP,68:FE:71:12:53:8C,-36,11,1,6,1,1,1,0,0,0,0,-94,0,6,1,76088371,0,84,0,0,76.088,384,[84 -64 4 0 0 0 0 0 0 0 0 0 -39 8 -40 8 -41 4 -40 5 -39 1 -38 2 -38 1 -37 -2 -41 0 -36 -1 -36 -1 -37 -5 -37 -3 -40 -6 -35 -7 -40 -4 -36 -7 -36 -3 -35 -7 -35 -7 -34 -4 -36 -7 -32 -5 -36 -5 -32 -5 -34 -4 -2 -1 -30 -3 -35 -2 -31 -5 -34 -1 -31 -1 -34 -1 -35 -5 -32 -2 -32 1 -31 2 -33 1 -31 2 -33 0 -32 4 -32 1 -32 6 -32 1 -32 5 -31 3 -30 6 -31 4 -33 5 -31 7 -32 6 -35 5 -34 4 1 -2 0 0 0 0 0 0 0 0 ]
CSI_DATA,AP,68:FE:71:12:53:8C,-47,11,1,5,1,1,1,0,0,0,1,-95,0,6,1,76209710,0,84,0,0,76.21,384,[84 -64 4 0 0 0 0 0 0 0 0 0 -19 -4 -18 -5 -20 -4 -22 -6 -23 -5 -17 -6 -20 -9 -16 -11 -18 -10 -16 -12 -17 -8 -18 -8 -19 -12 -15 -12 -16 -9 -15 -8 -14 -11 -15 -9 -14 -11 -15 -12 -17 -12 -13 -8 -16 -9 -15 -9 -16 -12 -15 -8 1 1 -14 -10 -14 -7 -12 -5 -14 -5 -15 -7 -13 -9 -17 -8 -16 -9 -14 -6 -16 -7 -17 -4 -17 -5 -17 -4 -17 -3 -15 -4 -16 -2 -18 -3 -15 -5 -16 -6 -15 -2 -16 -2 -17 -6 -17 -5 -19 -1 -17 -2 -16 -3 2 0 0 0 0 0 0 0 0 0 ]
CSI_DATA,AP,68:FE:71:12:53:8C,-38,11,1,5,1,1,1,0,0,0,0,-95,0,6,1,76342788,0,84,0,0,76.343,384,[84 -64 4 0 0 0 0 0 0 0 0 0 -5 19 -5 20 -7 21 -5 20 -8 17 -7 17 -5 17 -9 16 -7 17 -10 19 -9 17 -10 20 -10 16 -9 16 -6 16 -9 18 -9 14 -11 14 -9 17 -8 16 -9 16 -8 14 -8 15 -9 13 -9 14 -5 16 -1 0 -8 14 -7 14 -7 13 -7 16 -6 13 -5 15 -5 15 -6 14 -5 15 -6 14 -6 17 -2 16 -1 15 -4 15 -3 15 -3 13 -1 14 0 14 0 17 -1 17 -2 16 1 18 2 16 3 14 0 17 0 15 -2 -1 0 0 0 0 0 0 0 0 ]
CSI_DATA,AP,68:FE:71:12:53:8C,-36,11,1,6,1,1,1,0,0,0,0,-94,0,6,1,76453760,0,84,0,0,76.454,384,[84 -64 4 0 0 0 0 0 0 0 0 0 11 14 6 17 8 16 8 16 8 18 9 18 6 17 3 15 6 18 2 16 4 18 1 15 1 19 4 15 5 15 1 15 3 17 3 16 5 14 4 13 1 16 4 14 4 13 2 12 2 14 4 12 2 -2 1 15 1 13 3 12 1 15 4 15 3 14 4 11 4 15 4 11 7 13 6 14 7 12 7 12 5 11 5 14 6 13 6 10 5 13 9 11 5 10 5 13 7 10 8 14 6 14 7 10 5 11 2 0 0 0 0 0 0 0 0 0 ]
CSI_DATA,AP,68:FE:71:12:53:8C,-40,11,1,4,1,1,1,1,0,0,0,-95,1,6,1,76609488,0,84,0,0,76.609,384,[84 -64 4 0 0 0 0 0 0 0 0 0 5 16 7 17 5 18 4 17 3 19 1 20 4 19 0 18 2 15 3 19 -1 18 -1 19 2 15 -2 19 0 16 0 17 -1 17 -1 13 -3 17 -1 17 0 16 1 16 0 13 -1 16 -2 14 -1 13 -1 2 -1 13 2 13 -1 15 2 12 -2 14 -1 16 2 14 0 12 0 15 3 12 0 16 1 15 1 12 4 13 2 13 1 15 3 13 3 12 2 12 3 13 3 14 6 11 6 15 3 11 3 11 7 14 -2 -1 0 0 0 0 0 0 0 0 ]
CSI_DATA,AP,68:FE:71:12:53:8C,-38,11,1,5,1,1,1,0,0,0,0,-93,0,6,1,76764013,0,84,0,0,76.764,384,[84 -64 4 0 0 0 0 0 0 0 0 0 -16 13 -15 10 -15 10 -18 10 -15 12 -20 9 -20 9 -17 9 -19 9 -16 8 -19 9 -19 6 -20 6 -18 8 -20 9 -16 5 -17 8 -17 5 -15 5 -14 7 -15 3 -16 7 -16 7 -15 6 -14 4 -18 8 -1 1 -16 6 -14 7 -16 6 -13 7 -16 9 -14 6 -13 9 -14 7 -13 9 -13 5 -15 6 -11 6 -15 9 -14 10 -11 7 -13 8 -15 10 -12 10 -16 9 -11 10 -11 9 -13 10 -11 8 -14 12 -11 9 -13 13 -2 -2 0 0 0 0 0 0 0 0 ]
CSI_DATA,AP,68:FE:71:12:53:8C,-37,11,1,6,1,1,1,0,0,0,0,-95,0,6,1,76867164,0,84,0,0,76.867,384,[84 -64 4 0 0 0 0 0 0 0 0 0 -7 19 -10 21 -11 22 -10 20 -13 17 -10 20 -12 17 -15 20 -15 16 -15 18 -14 15 -14 17 -14 17 -14 14 -12 14 -15 18 -13 15 -11 13 -12 15 -14 12 -13 16 -14 16 -11 16 -15 13 -11 12 -12 14 -2 2 -12 13 -10 13 -11 15 -12 13 -9 12 -10 16 -8 15 -8 13 -11 15 -7 16 -7 14 -7 15 -9 14 -9 17 -8 16 -5 17 -8 16 -8 14 -7 18 -7 16 -9 18 -4 15 -5 18 -6 17 -5 17 -7 16 2 -2 0 0 0 0 0 0 0 0 ]
CSI_DATA,AP,68:FE:71:12:53:8C,-40,11,1,5,1,1,1,0,0,0,0,-96,0,6,1,77019880,0,84,0,0,77.02,384,[84 -64 4 0 0 0 0 0 0 0 0 0 -2 -21 1 -23 -1 -21 -2 -22 0 -20 2 -22 1 -20 1 -21 3 -19 4 -19 3 -21 5 -21 4 -19 4 -21 6 -20 2 -19 3 -19 7 -18 3 -16 3 -18 5 -20 7 -20 3 -14 3 -18 7 -17 5 -19 -1 -1 2 -17 2 -15 6 -19 1 -18 1 -19 4 -18 2 -17 0 -18 3 -17 0 -15 3 -14 -1 -16 -1 -18 0 -19 1 -17 -2 -17 1 -19 0 -19 -3 -15 1 -15 -2 -16 -2 -19 1 -18 0 -18 1 -17 0 -15 -2 1 0 0 0 0 0 0 0 0 ]
CSI_DATA,AP,68:FE:71:12:53:8C,-37,11,1,6,1,1,1,1,0,0,0,-93,4,6,1,77120690,0,84,0,0,77.121,384,[84 -64 4 0 0 0 0 0 0 0 0 0 2 22 3 21 1 19 2 22 1 23 0 19 -1 19 -4 21 0 19 -4 18 -3 21 -4 20 -4 18 -4 18 -1 20 -2 20 -4 20 -4 18 -4 19 -4 17 -5 19 -4 16 -2 18 -3 18 -3 20 -3 17 -2 2 -4 15 -3 19 -3 16 1 15 -3 18 -1 18 1 19 1 16 -2 14 1 16 0 15 -1 17 -1 19 1 16 -1 17 0 17 0 15 2 13 1 15 6 17 1 18 5 18 3 15 3 17 5 14 7 16 -2 1 0 0 0 0 0 0 0 0 ]
CSI_DATA,AP,68:FE:71:12:53:8C,-43,11,1,6,1,1,1,0,0,0,0,-93,0,6,1,77281486,0,84,0,0,77.281,384,[84 -64 4 0 0 0 0 0 0 0 0 0 -7 -20 -5 -19 -5 -21 -3 -23 -5 -20 -2 -22 -4 -23 0 -22 -1 -21 -2 -21 -2 -20 -2 -22 0 -22 0 -21 3 -20 -1 -22 3 -19 3 -21 4 -20 1 -16 1 -18 4 -20 2 -17 0 -18 3 -17 1 -18 2 2 2 -18 -1 -18 2 -18 -1 -15 0 -18 -1 -19 1 -16 1 -17 1 -18 -3 -16 -2 -18 -1 -15 -2 -20 0 -18 -4 -19 -3 -15 -4 -17 -2 -17 -6 -17 -3 -15 -4 -19 -6 -15 -3 -19 -3 -19 -3 -19 -5 -16 1 2 0 0 0 0 0 0 0 0 ]
CSI_DATA,AP,68:FE:71:12:53:8C,-39,11,1,6,1,1,1,0,0,0,0,-95,0,6,1,77434770,0,84,0,0,77.435,384,[84 -64 4 0 0 0 0 0 0 0 0 0 -19 -5 -21 -7 -24 -7 -25 -5 -22 -8 -22 -7 -18 -7 -21 -8 -17 -12 -18 -10 -19 -7 -22 -9 -22 -10 -19 -9 -19 -9 -17 -9 -20 -10 -15 -10 -19 -9 -17 -11 -17 -11 -15 -12 -16 -10 -19 -10 -17 -10 -18 -11 0 0 -17 -8 -16 -6 -17 -8 -19 -8 -17 -9 -16 -9 -17 -7 -17 -6 -15 -7 -17 -6 -19 -2 -19 -4 -17 -5 -19 -5 -17 -2 -17 -4 -16 -2 -18 -2 -19 -5 -18 -5 -16 -2 -18 -4 -16 0 -17 1 -20 -2 -17 -2 2 2 0 0 0 0 0 0 0 0 ]
CSI_DATA,AP,68:FE:71:12:53:8C,-38,11,1,6,1,1,1,0,0,0,0,-94,0,6,1,77565259,0,84,0,0,77.565,384,[84 -64 4 0 0 0 0 0 0 0 0 0 12 -18 11 -17 17 -17 15 -18 18 -13 17 -11 15 -11 14 -11 17 -14 19 -10 18 -9 18 -11 15 -9 15 -9 16 -11 20 -13 15 -12 18 -7 15 -10 14 -9 16 -10 14 -7 13 -9 14 -8 17 -10 17 -11 0 2 15 -10 15 -8 12 -11 15 -12 15 -8 11 -9 13 -9 14 -10 14 -10 10 -10 14 -13 10 -9 10 -13 9 -10 13 -14 11 -13 14 -14 11 -13 13 -14 10 -13 10 -12 11 -15 11 -15 12 -13 9 -16 12 -12 -2 1 0 0 0 0 0 0 0 0 ]
CSI_DATA,AP,68:FE:71:12:53:8C,-40,11,1,4,1,1,1,0,0,0,1,-96,0,6,1,77698098,0,84,0,0,77.698,384,[84 -64 4 0 0 0 0 0 0 0 0 0 -1 23 -1 19 -5 22 -6 21 -6 19 -4 22 -7 20 -6 17 -8 18 -5 21 -7 22 -8 22 -7 18 -7 20 -10 17 -8 20 -10 18 -7 16 -8 15 -7 18 -10 15 -8 17 -7 17 -7 14 -9 16 -9 18 -2 -2 -8 16 -7 15 -6 19 -7 14 -4 15 -6 15 -8 14 -5 17 -5 16 -5 13 -5 15 -3 15 -2 14 -4 16 -4 14 -2 18 -5 17 -1 15 0 18 0 16 0 18 -2 14 1 19 3 17 2 17 -1 16 -2 -1 0 0 0 0 0 0 0 0 ]
CSI_DATA,AP,68:FE:71:12:53:8C,-38,11,1,6,1,1,1,1,0,0,0,-93,1,6,1,77832675,0,84,0,0,77.833,384,[84 -64 4 0 0 0 0 0 0 0 0 0 -4 22 -7 22 -4 23 -5 20 -9 21 -6 20 -9 19 -7 20 -10 20 -12 17 -13 18 -10 20 -11 16 -12 16 -10 17 -11 19 -9 15 -10 14 -8 17 -8 17 -10 18 -9 15 -12 14 -10 15 -10 17 -11 15 2 -1 -9 14 -9 17 -6 14 -9 18 -8 14 -8 15 -5 17 -6 18 -6 17 -5 18 -5 17 -6 15 -6 16 -3 17 -6 19 -4 18 -2 16 -5 18 -5 15 -2 17 -5 18 -1 16 -4 17 -1 15 -5 17 -1 16 1 1 0 0 0 0 0 0 0 0 ]
CSI_DATA,AP,68:FE:71:12:53:8C,-38,11,0,0,0,0,0,0,0,0,0,-95,0,6,1,77990165,0,37,0,0,77.99,128,[84 -64 4 0 0 0 0 0 0 0 0 0 -19 -12 -14 -14 -15 -15 -14 -14 -16 -15 -14 -16 -13 -15 -10 -16 -11 -15 -14 -17 -12 -19 -11 -18 -14 -18 -14 -19 -13 -14 -14 -16 -13 -15 -10 -15 -9 -16 -10 -13 -8 -17 -12 -16 -9 -12 -10 -17 -11 -15 -8 -16 0 0 -9 -15 -10 -14 -11 -11 -13 -11 -10 -14 -11 -14 -11 -12 -12 -10 -12 -10 -13 -9 -16 -11 -13 -8 -14 -11 -15 -11 -16 -9 -16 -10 -14 -12 -13 -9 -16 -10 -15 -11 -16 -9 -16 -7 -12 -8 -16 -8 -17 -6 -17 -6 -1 1 0 0 0 0 0 0 0 0 ]
CSI_DATA,AP,68:FE:71:12:53:8C,-40,11,1,5,1,1,1,0,0,0,0,-95,0,6,1,78130273,0,84,0,0,78.13,384,[84 -64 4 0 0 0 0 0 0 0 0 0 -11 -16 -12 -19 -13 -18 -14 -18 -8 -19 -9 -17 -11 -19 -8 -18 -8 -20 -6 -16 -7 -21 -6 -20 -4 -21 -4 -20 -7 -19 -4 -19 -8 -20 -3 -15 -4 -19 -7 -18 -6 -18 -6 -18 -4 -15 -4 -15 -3 -20 -5 -19 -1 0 -6 -17 -4 -16 -4 -16 -8 -17 -5 -17 -9 -15 -9 -14 -6 -15 -5 -12 -8 -13 -6 -13 -10 -13 -9 -14 -11 -14 -6 -14 -11 -18 -11 -15 -12 -13 -8 -13 -9 -12 -9 -14 -9 -15 -11 -14 -13 -12 -7 -12 -12 -13 -1 1 0 0 0 0 0 0 0 0 ]
CSI_DATA,AP,68:FE:71:12:53:8C,-40,11,1,4,1,1,1,0,0,0,0,-93,0,6,1,78249941,0,84,0,0,78.25,384,[84 -64 4 0 0 0 0 0 0 0 0 0 8 -21 8 -20 9 -21 8 -21 7 -21 8 -18 12 -16 7 -18 14 -17 10 -15 10 -17 9 -16 11 -20 10 -20 10 -15 11 -15 11 -16 9 -16 13 -17 12 -14 9 -13 11 -15 10 -11 10 -15 10 -17 9 -15 2 -1 11 -17 7 -16 8 -15 6 -17 8 -12 6 -13 8 -15 8 -15 6 -14 3 -13 5 -15 7 -15 5 -17 6 -15 6 -15 6 -17 4 -18 1 -19 4 -18 4 -18 3 -16 6 -19 0 -15 0 -17 1 -18 0 -16 2 1 0 0 0 0 0 0 0 0 ]
CSI_DATA,AP,68:FE:71:12:53:8C,-37,11,1,5,1,1,1,0,0,0,1,-95,0,6,1,78402032,0,84,0,0,78.402,384,[84 -64 4 0 0 0 0 0 0 0 0 0 -21 5 -20 7 -20 3 -25 5 -24 2 -23 3 -21 0 -22 1 -21 -2 -17 -1 -20 1 -21 -2 -21 0 -21 2 -20 -3 -19 -2 -19 -3 -16 -2 -20 -2 -19 -1 -20 -3 -18 -4 -19 -2 -20 2 -20 1 -17 0 -1 -2 -17 -2 -15 0 -17 2 -18 0 -19 0 -19 1 -15 2 -15 3 -15 3 -16 3 -17 4 -16 5 -15 3 -16 4 -18 3 -15 3 -17 6 -17 8 -18 3 -16 7 -15 6 -14 4 -14 4 -18 9 -13 5 -13 5 -2 2 0 0 0 0 0 0 0 0 ]
CSI_DATA,AP,68:FE:71:12:53:8C,-39,11,1,6,1,1,1,0,0,0,0,-93,0,6,1,78522269,0,84,0,0,78.522,384,[84 -64 4 0 0 0 0 0 0 0 0 0 16 11 17 12 15 16 17 13 15 16 13 12 13 12 10 14 12 15 12 18 13 18 13 16 12 19 11 17 9 18 14 15 12 17 9 15 10 15 9 16 7 16 8 17 6 16 7 17 7 17 10 15 0 -2 10 14 12 16 8 14 9 13 12 14 10 14 10 11 13 11 13 13 11 12 11 10 11 14 13 9 9 10 10 11 10 10 11 11 10 9 13 10 14 9 15 7 14 10 15 9 13 11 12 7 16 8 1 -2 0 0 0 0 0 0 0 0 ]
CSI_DATA,AP,68:FE:71:12:53:8C,-49,11,1,1,1,1,1,0,0,0,0,-96,0,6,1,78637291,0,82,0,0,78.637,384,[84 -64 4 0 0 0 0 0 0 0 0 0 -15 -11 -16 -12 -16 -13 -16 -17 -18 -14 -15 -14 -12 -18 -16 -17 -15 -15 -15 -18 -12 -19 -14 -16 -15 -18 -10 -16 -13 -18 -13 -16 -13 -14 -8 -15 -11 -18 -12 -18 -10 -18 -8 -16 -7 -13 -9 -16 -11 -17 -11 -13 2 1 -12 -17 -13 -16 -12 -17 -9 -14 -13 -14 -13 -16 -9 -14 -9 -12 -9 -12 -11 -14 -12 -12 -11 -9 -11 -11 -11 -12 -10 -10 -16 -11 -12 -11 -12 -10 -15 -12 -15 -11 -14 -10 -15 -10 -15 -11 -13 -11 -16 -11 -12 -11 -2 2 0 0 0 0 0 0 0 0 ]
CSI_DATA,AP,68:FE:71:12:53:8C,-40,11,1,5,1,1,1,0,0,0,0,-94,0,6,1,78728138,0,84,0,0,78.728,384,[84 -64 4 0 0 0 0 0 0 0 0 0 16 -13 18 -10 19 -11 19 -9 18 -10 18 -5 18 -8 19 -6 20 -8 19 -6 21 -4 20 -8 18 -6 18 -7 18 -2 22 -6 20 -3 19 -4 19 -3 18 -6 15 -4 18 -4 17 -1 18 -4 19 -5 15 -6 2 1 17 -5 16 -8 16 -7 16 -8 15 -5 16 -6 15 -7 14 -6 14 -8 16 -9 15 -9 11 -9 13 -8 16 -7 12 -9 16 -10 16 -10 12 -12 13 -8 12 -7 13 -7 11 -9 14 -10 10 -13 13 -8 10 -12 1 0 0 0 0 0 0 0 0 0 ]
CSI_DATA,AP,68:FE:71:12:53:8C,-37,11,1,5,1,1,1,0,0,0,0,-93,0,6,1,78866789,0,84,0,0,78.867,384,[84 -64 4 0 0 0 0 0 0 0 0 0 17 -8 17 -6 22 -10 22 -5 20 -7 20 -3 20 -3 18 -2 21 -5 20 -5 23 -3 21 -4 21 -1 22 -3 20 -2 20 -1 20 -2 17 -1 17 1 17 -4 20 -2 18 -4 19 1 18 -2 19 -3 15 -1 0 2 15 -2 19 -2 19 -4 15 -4 14 -5 15 -3 16 -4 14 -3 15 -4 15 -4 15 -6 14 -7 15 -8 14 -6 14 -6 17 -6 16 -9 14 -9 16 -8 14 -7 16 -8 16 -7 13 -8 13 -11 12 -10 12 -10 -2 0 0 0 0 0 0 0 0 0 ]
CSI_DATA,AP,68:FE:71:12:53:8C,-41,11,1,4,1,1,1,0,0,0,0,-95,0,6,1,79001278,0,84,0,0,79.001,384,[84 -64 4 0 0 0 0 0 0 0 0 0 -10 -19 -9 -20 -10 -20 -11 -22 -8 -19 -5 -21 -5 -20 -4 -19 -5 -22 -4 -17 -4 -20 -5 -22 -7 -23 -7 -22 -6 -17 -5 -22 -2 -18 -4 -18 -6 -21 -2 -17 -4 -16 -5 -19 -2 -16 -2 -19 -3 -19 -3 -20 0 -1 -4 -15 -5 -18 -8 -17 -7 -14 -5 -15 -6 -16 -5 -17 -9 -16 -7 -14 -8 -13 -7 -14 -10 -15 -9 -13 -6 -15 -9 -17 -8 -14 -10 -16 -11 -12 -11 -15 -13 -15 -10 -12 -11 -13 -10 -14 -12 -14 -13 -13 -13 -11 -2 -1 0 0 0 0 0 0 0 0 ]
CSI_DATA,AP,68:FE:71:12:53:8C,-38,11,1,5,1,1,1,0,0,0,0,-93,0,6,1,79098704,0,84,0,0,79.099,384,[84 -64 4 0 0 0 0 0 0 0 0 0 -18 -10 -16 -11 -16 -13 -17 -14 -19 -11 -17 -12 -17 -15 -15 -14 -16 -15 -13 -11 -13 -13 -13 -12 -13 -12 -15 -12 -13 -12 -15 -15 -13 -11 -10 -12 -14 -12 -12 -14 -11 -15 -13 -14 -13 -12 -11 -14 -13 -13 -12 -12 0 1 -12 -12 -12 -9 -12 -9 -11 -8 -13 -8 -11 -13 -12 -12 -12 -8 -14 -11 -11 -6 -14 -9 -11 -10 -13 -8 -11 -10 -14 -10 -12 -8 -16 -9 -16 -5 -12 -7 -14 -8 -12 -8 -13 -7 -14 -7 -17 -3 -17 -5 -15 -3 2 2 0 0 0 0 0 0 0 0 ]
CSI_DATA,AP,68:FE:71:12:53:8C,-37,11,1,6,1,1,1,0,0,0,0,-94,0,6,1,79227825,0,84,0,0,79.228,384,[84 -64 4 0 0 0 0 0 0 0 0 0 14 -13 14 -10 14 -11 17 -12 14 -12 15 -12 16 -9 18 -6 15 -7 16 -6 16 -9 19 -9 19 -7 15 -8 14 -6 15 -6 16 -5 16 -7 13 -9 17 -6 16 -5 15 -8 13 -6 13 -9 15 -9 13 -9 -2 -1 12 -9 12 -6 13 -7 14 -10 12 -6 11 -8 14 -10 13 -8 14 -6 9 -11 13 -9 10 -8 11 -9 10 -8 12 -10 13 -11 14 -9 10 -11 11 -8 8 -9 10 -9 9 -12 8 -11 9 -12 8 -10 9 -10 0 2 0 0 0 0 0 0 0 0 ]
CSI_DATA,AP,68:FE:71:12:53:8C,-38,11,1,5,1,1,1,1,0,0,0,-94,4,6,1,79349107,0,84,0,0,79.349,384,[84 -64 4 0 0 0 0 0 0 0 0 0 3 20 1 18 1 23 4 21 1 24 0 22 1 23 -2 18 0 20 -1 18 -4 21 -2 23 -4 22 -3 21 -5 19 -3 20 -2 20 -5 16 -5 17 -2 19 -4 17 -4 19 -6 18 -6 15 -3 17 -5 18 2 0 -2 19 -2 16 -1 18 -2 17 -1 14 -2 16 -2 14 0 14 0 18 -3 18 0 15 -1 15 0 16 0 15 3 14 5 18 4 17 4 14 0 16 2 18 0 18 4 14 4 17 2 15 1 16 3 16 0 -1 0 0 0 0 0 0 0 0 ]
CSI_DATA,AP,68:FE:71:12:53:8C,-41,11,1,5,1,1,1,0,0,0,0,-95,0,6,1,79471385,0,84,0,0,79.471,384,[84 -64 4 0 0 0 0 0 0 0 0 0 19 -17 18 -16 18 -17 21 -16 22 -16 20 -15 18 -15 19 -15 18 -14 17 -11 21 -15 20 -15 17 -11 20 -10 16 -9 21 -11 20 -10 18 -12 18 -9 18 -9 18 -10 16 -11 17 -9 17 -12 19 -10 17 -8 -2 -1 13 -9 14 -13 17 -9 11 -12 14 -10 13 -13 16 -9 12 -10 14 -13 12 -13 10 -14 9 -15 11 -12 9 -14 13 -11 13 -16 11 -16 11 -14 12 -15 11 -14 12 -14 11 -13 10 -13 10 -17 10 -14 8 -13 0 -2 0 0 0 0 0 0 0 0 ]
CSI_DATA,AP,68:FE:71:12:53:8C,-42,11,1,5,1,1,1,1,0,0,0,-93,2,6,1,79571060,0,82,0,0,79.571,384,[84 -64 4 0 0 0 0 0 0 0 0 0 -21 3 -17 1 -20 1 -20 1 -17 0 -18 0 -18 -1 -20 -4 -18 -2 -17 0 -17 -3 -18 -4 -18 -4 -19 -4 -16 -5 -19 -4 -18 -6 -17 -3 -17 -1 -18 -6 -14 -4 -16 -3 -16 -4 -17 -3 -17 -3 -18 -2 1 -1 -16 -1 -18 -3 -18 -4 -14 -3 -15 -3 -14 0 -17 0 -13 -3 -13 0 -12 -1 -15 0 -15 0 -12 0 -12 1 -15 1 -15 2 -14 2 -17 2 -13 4 -12 4 -16 1 -16 0 -13 1 -16 2 -16 5 -14 7 2 0 0 0 0 0 0 0 0 0 ]
CSI_DATA,AP,68:FE:71:12:53:8C,-37,11,1,6,1,1,1,1,0,0,0,-94,4,6,1,79680889,0,84,0,0,79.681,384,[84 -64 4 0 0 0 0 0 0 0 0 0 17 -5 17 -7 18 -7 16 -7 15 -5 19 -6 18 -5 17 -3 18 -1 16 -2 19 -4 18 -3 16 -1 18 -1 18 -2 19 -3 15 1 13 -3 16 1 17 -2 13 -3 15 -3 15 -1 13 -3 14 1 14 -2 0 -2 14 1 16 -2 14 0 13 -3 15 -4 13 -1 16 0 11 -3 11 -2 12 -2 14 -6 12 -2 14 -4 10 -3 12 -5 11 -6 14 -6 11 -7 12 -7 9 -6 15 -8 12 -7 10 -6 14 -10 11 -8 10 -5 -1 1 0 0 0 0 0 0 0 0 ]
CSI_DATA,AP,68:FE:71:12:53:8C,-42,11,1,6,1,1,1,0,0,0,0,-96,0,6,1,79785567,0,84,0,0,79.786,384,[84 -64 4 0 0 0 0 0 0 0 0 0 24 22 27 29 23 26 26 27 24 29 21 28 22 28 22 29 17 31 18 29 21 31 23 29 21 28 20 31 20 30 15 29 16 30 13 28 14 32 14 27 17 27 14 30 14 26 17 29 19 31 17 25 -1 1 16 27 16 30 18 31 15 23 17 28 16 29 15 25 15 22 19 25 15 22 21 24 20 26 21 23 23 24 19 24 22 28 18 22 23 26 19 23 19 22 24 24 22 24 22 23 23 22 25 21 25 23 2 -1 0 0 0 0 0 0 0 0 ]
CSI_DATA,AP,68:FE:71:12:53:8C,-39,11,1,4,1,1,1,0,0,0,0,-94,0,6,1,79894996,0,84,0,0,79.895,384,[84 -64 4 0 0 0 0 0 0 0 0 0 18 5 18 5 20 7 21 5 17 7 15 7 15 10 14 7 16 6 15 9 16 9 13 8 13 6 13 7 15 9 14 5 11 9 11 5 12 8 10 6 11 5 12 4 9 4 12 5 11 6 14 7 2 1 9 2 10 5 11 4 14 1 12 1 11 5 14 5 13 3 14 0 10 0 12 1 10 1 13 2 12 1 12 -1 12 0 14 -2 13 -2 14 -1 14 -1 14 -1 11 -3 14 -2 12 -3 15 -4 15 -5 -2 -2 0 0 0 0 0 0 0 0 ]
CSI_DATA,AP,68:FE:71:12:53:8C,-36,11,1,7,1,1,1,0,0,0,0,-94,0,6,1,80033723,0,84,0,0,80.034,384,[84 -64 4 0 0 0 0 0 0 0 0 0 -29 26 -27 25 -30 28 -30 26 -28 23 -30 19 -28 18 -24 17 -26 18 -24 13 -28 16 -28 17 -29 14 -27 13 -21 13 -23 14 -22 12 -19 15 -21 11 -21 14 -14 13 -19 13 -18 11 -18 13 -14 15 -16 15 -1 2 -13 13 -14 12 -12 14 -12 15 -14 18 -14 17 -12 15 -11 20 -10 13 -13 13 -13 17 -12 20 -9 18 -9 20 -11 21 -8 20 -9 23 -10 18 -8 20 -9 24 -8 22 -6 22 -6 20 -6 23 -4 25 -4 25 2 1 0 0 0 0 0 0 0 0 ]
CSI_DATA,AP,68:FE:71:12:53:8C,-37,11,1,6,1,1,1,0,0,0,0,-95,0,6,1,80145309,0,84,0,0,80.145,384,[84 -64 4 0 0 0 0 0 0 0 0 0 35 11 36 11 37 9 37 12 31 15 29 15 27 14 28 15 28 16 25 16 26 14 23 12 25 14 22 12 24 14 24 11 21 13 20 13 20 13 20 10 17 12 17 11 15 8 18 6 17 6 16 7 -2 -1 15 7 17 3 17 2 17 0 14 2 14 3 14 1 13 1 15 2 15 -2 12 -2 11 -1 15 -6 15 -6 15 -2 13 -6 13 -6 10 -8 12 -5 13 -7 11 -8 14 -8 8 -10 8 -8 9 -9 11 -9 0 2 0 0 0 0 0 0 0 0 ]
CSI_DATA,AP,68:FE:71:12:53:8C,-37,11,0,0,0,0,0,0,0,0,0,-95,0,6,1,80275182,0,37,0,0,80.275,128,[84 -64 4 0 0 0 0 0 0 0 0 0 19 -13 17 -9 18 -8 19 -8 16 -8 18 -6 20 -5 17 -8 18 -6 19 -6 18 -6 19 -6 20 -5 17 -7 18 -4 17 -7 14 -5 13 -7 13 -5 15 -6 15 -3 16 -3 12 -6 14 -5 17 -4 17 -6 0 0 13 -7 16 -7 17 -5 12 -6 13 -8 11 -8 12 -6 12 -7 13 -9 10 -5 11 -10 10 -8 13 -11 10 -7 9 -7 9 -9 11 -10 10 -11 12 -11 10 -9 12 -7 9 -11 9 -8 11 -13 8 -9 11 -8 -2 2 0 0 0 0 0 0 0 0 ]
CSI_DATA,AP,68:FE:71:12:53:8C,-39,11,1,5,1,1,1,1,0,0,0,-95,3,6,1,80402982,0,84,0,0,80.403,384,[84 -64 4 0 0 0 0 0 0 0 0 0 17 -8 16 -9 20 -8 20 -5 20 -4 17 -4 19 -6 19 -5 22 -5 20 -2 21 -3 20 -3 19 -2 23 -1 19 -3 20 -2 19 -2 19 -2 20 -3 21 1 22 1 21 -2 21 0 21 -3 22 -3 22 -4 -1 -1 21 -2 19 -3 22 -3 18 -5 22 -1 21 -2 21 -1 18 -2 22 -5 19 -7 21 -5 17 -6 21 -7 20 -4 20 -5 21 -4 21 -5 20 -5 20 -5 18 -4 18 -3 22 -6 21 -4 20 -5 21 -3 21 -6 2 0 0 0 0 0 0 0 0 0 ]
CSI_DATA,AP,68:FE:71:12:53:8C,-44,11,1,4,1,1,1,0,0,0,0,-94,0,6,1,80534061,0,84,0,0,80.534,384,[84 -64 4 0 0 0 0 0 0 0 0 0 -10 -16 -8 -17 -9 -16 -7 -18 -8 -17 -6 -17 -5 -21 -5 -15 -5 -17 -2 -19 -5 -20 -4 -21 -4 -21 -5 -17 -1 -17 -4 -21 -2 -18 0 -16 -1 -16 -2 -17 -1 -17 -1 -18 -3 -18 1 -19 -1 -20 -2 -15 1 -1 -1 -15 -1 -19 -5 -17 -4 -15 -2 -14 -4 -18 -6 -16 -5 -17 -4 -13 -6 -17 -7 -14 -3 -16 -8 -16 -4 -14 -4 -16 -5 -14 -9 -17 -7 -15 -9 -13 -7 -12 -6 -12 -9 -14 -11 -15 -11 -16 -10 -14 -10 -13 -2 1 0 0 0 0 0 0 0 0 ]
CSI_DATA,AP,68:FE:71:12:53:8C,-39,11,1,6,1,1,1,0,0,0,0,-94,0,6,1,80643775,0,84,0,0,80.644,384,[84 -64 4 0 0 0 0 0 0 0 0 0 -6 2 -7 4 -11 2 -10 4 -6 3 -6 0 -8 -1 -9 2 -9 1 -6 2 -10 -1 -9 1 -11 0 -10 -1 -8 1 -12 2 -11 1 -7 -1 -9 0 -10 -1 -9 0 -9 -2 -6 2 -10 -2 -9 2 -11 -3 1 0 -7 -2 -6 -2 -9 0 -6 3 -10 0 -10 2 -6 0 -9 1 -6 3 -8 0 -8 2 -5 2 -8 2 -6 0 -9 3 -9 4 -6 0 -6 4 -6 3 -9 4 -8 4 -6 4 -7 1 -7 1 -5 5 -7 1 -1 0 0 0 0 0 0 0 0 0 ]
CSI_DATA,AP,68:FE:71:12:53:8C,-39,11,1,5,1,1,1,0,0,0,0,-94,0,6,1,80800959,0,84,0,0,80.801,384,[84 -64 4 0 0 0 0 0 0 0 0 0 -16 -1 -21 3 -22 3 -19 -1 -19 0 -22 -3 -20 -4 -18 -3 -22 -1 -21 -1 -20 -3 -21 -5 -20 -6 -23 -3 -20 -8 -23 -4 -20 -7 -20 -5 -21 -5 -23 -7 -22 -9 -21 -7 -18 -6 -22 -7 -21 -8 -19 -8 2 0 -18 -5 -20 -5 -23 -6 -19 -3 -21 -4 -21 -8 -19 -4 -21 -5 -19 -3 -22 -4 -20 -2 -19 -4 -18 -1 -21 -1 -21 -2 -22 -2 -22 -3 -23 -1 -21 0 -18 -1 -22 -3 -21 0 -18 -1 -21 2 -21 1 -20 1 1 -1 0 0 0 0 0 0 0 0 ]
CSI_DATA,AP,68:FE:71:12:53:8C,-39,11,1,6,1,1,1,0,0,0,0,-94,0,6,1,80941088,0,84,0,0,80.941,384,[84 -64 4 0 0 0 0 0 0 0 0 0 -5 9 -5 8 -5 10 -7 8 -4 7 -5 6 -7 6 -6 8 -4 7 -4 8 -6 10 -7 8 -4 10 -6 9 -4 9 -6 8 -9 4 -6 6 -7 4 -5 6 -4 4 -8 4 -6 6 -8 8 -6 9 -6 8 1 2 -7 5 -6 4 -6 7 -4 8 -5 6 -6 4 -3 6 -6 5 -6 8 -3 8 -3 5 -3 5 -2 4 -5 9 -3 5 -3 5 -5 9 -1 7 -1 8 -5 7 -5 5 -5 6 -4 5 -3 5 0 7 -4 6 0 -1 0 0 0 0 0 0 0 0 ]
CSI_DATA,AP,68:FE:71:12:53:8C,-40,11,1,4,1,1,1,0,0,0,0,-93,0,6,1,81106588,0,84,0,0,81.107,384,[84 -64 4 0 0 0 0 0 0 0 0 0 -20 5 -17 3 -21 4 -22 5 -19 3 -21 3 -21 2 -18 3 -21 -1 -17 0 -18 -1 -20 0 -19 -2 -17 1 -19 2 -18 0 -19 -1 -18 2 -18 -3 -15 2 -15 2 -15 0 -15 -1 -18 0 -18 -2 -15 0 1 2 -17 -1 -17 3 -17 3 -14 0 -17 0 -14 2 -15 0 -15 0 -17 1 -16 3 -17 4 -15 5 -12 2 -15 6 -16 2 -16 7 -15 4 -13 5 -16 3 -17 3 -14 8 -13 5 -11 8 -14 6 -12 7 -14 8 0 2 0 0 0 0 0 0 0 0 ]
CSI_DATA,AP,68:FE:71:12:53:8C,-39,11,1,6,1,1,1,0,0,0,0,-94,0,6,1,81250498,0,84,0,0,81.25,384,[84 -64 4 0 0 0 0 0 0 0 0 0 12 -17 12 -16 14 -15 15 -14 17 -15 14 -16 17 -15 17 -13 14 -15 15 -14 15 -14 13 -12 16 -12 17 -12 17 -10 14 -11 14 -9 16 -8 15 -12 14 -11 14 -10 14 -11 13 -11 15 -12 12 -8 14 -12 1 1 15 -9 14 -10 13 -12 12 -9 10 -11 13 -9 9 -13 8 -13 10 -13 8 -12 10 -10 11 -10 11 -12 10 -10 10 -10 12 -12 10 -13 7 -15 11 -15 8 -13 11 -16 11 -13 7 -14 7 -14 9 -15 9 -15 0 -2 0 0 0 0 0 0 0 0 ]
CSI_DATA,AP,68:FE:71:12:53:8C,-39,11,1,6,1,1,1,1,0,0,0,-96,1,6,1,81345898,0,84,0,0,81.346,384,[37 80 2 0 0 0 0 0 0 0 0 0 16 22 16 26 15 27 15 28 15 27 10 27 13 28 11 24 9 28 10 24 12 27 12 28 9 28 10 27 10 26 8 25 6 24 7 23 8 24 9 25 7 22 10 25 9 21 9 23 7 22 10 21 -1 -2 7 24 11 21 8 21 10 23 11 21 9 20 10 18 10 18 11 19 13 17 13 22 13 16 13 17 11 20 14 19 14 19 13 19 14 18 13 19 14 18 15 20 14 19 14 19 17 17 18 18 18 14 2 0 0 0 0 0 0 0 0 0 ]
CSI_DATA,AP,68:FE:71:12:53:8C,-39,11,1,6,1,1,1,0,0,0,1,-94,0,6,1,81467589,0,84,0,0,81.468,384,[84 -64 4 0 0 0 0 0 0 0 0 0 -15 14 -13 14 -15 13 -16 13 -17 11 -16 12 -15 12 -14 9 -17 11 -14 8 -19 12 -19 10 -16 10 -18 10 -19 11 -15 9 -15 9 -18 10 -15 8 -17 8 -14 7 -14 8 -17 9 -17 5 -16 6 -13 6 -1 1 -15 8 -14 10 -16 8 -11 10 -13 11 -11 8 -15 8 -14 11 -12 7 -11 12 -11 11 -12 10 -9 9 -10 9 -11 9 -11 9 -9 13 -12 10 -12 10 -10 13 -8 11 -8 13 -8 10 -7 13 -11 13 -9 10 -2 2 0 0 0 0 0 0 0 0 ]
CSI_DATA,AP,68:FE:71:12:53:8C,-41,11,0,0,0,0,0,0,0,0,0,-95,0,6,1,81618683,0,37,0,0,81.619,128,[84 -64 4 0 0 0 0 0 0 0 0 0 17 13 15 12 13 11 17 14 16 14 15 13 10 14 14 14 12 13 13 14 12 12 13 13 13 13 12 16 11 16 8 14 12 17 10 15 10 13 10 12 10 15 11 13 10 10 10 12 11 13 11 12 2 2 11 14 12 13 11 11 9 9 11 10 12 13 11 10 12 9 8 12 11 9 13 12 12 10 11 11 12 8 13 11 15 9 13 8 15 10 13 6 12 7 14 7 12 8 13 7 13 5 12 7 13 9 2 -1 0 0 0 0 0 0 0 0 ]
CSI_DATA,AP,68:FE:71:12:53:8C,-42,11,1,5,1,1,1,0,0,0,0,-95,0,6,1,81761398,0,84,0,0,81.761,384,[84 -64 4 0 0 0 0 0 0 0 0 0 15 12 15 11 13 13 12 13 14 15 13 16 14 12 10 14 14 13 12 14 13 14 11 18 9 14 9 17 11 14 10 15 8 14 11 16 10 15 11 16 8 13 8 17 8 12 10 13 9 15 10 15 -1 2 8 14 10 13 12 12 9 13 12 11 10 12 9 14 9 13 8 9 11 8 12 11 12 10 10 9 12 11 8 9 10 7 12 9 11 7 13 8 13 8 11 7 12 8 13 8 12 6 13 7 15 7 -2 -2 0 0 0 0 0 0 0 0 ]
CSI_DATA,AP,68:FE:71:12:53:8C,-35,11,1,6,1,1,1,0,0,0,0,-94,0,6,1,81904027,0,84,0,0,81.904,384,[84 -64 4 0 0 0 0 0 0 0 0 0 19 36 25 37 12 47 11 68 18 49 15 45 7 51 7 34 17 55 14 48 -4 65 -5 75 0 66 -8 67 4 54 -18 70 -25 56 -4 33 -2 51 -4 49 2 55 -17 57 -4 43 -10 54 -17 65 -13 53 1 -1 -17 59 1 57 -8 61 -1 62 -7 51 -2 53 -8 56 -2 51 -2 54 4 45 8 57 14 49 16 48 10 48 1 55 12 52 5 54 21 52 12 56 16 47 9 46 16 56 16 55 22 48 16 48 19 41 2 2 0 0 0 0 0 0 0 0 ]
CSI_DATA,AP,68:FE:71:12:53:8C,-40,11,1,4,1,1,1,0,0,0,0,-95,0,6,1,82026690,0,84,0,0,82.027,384,[84 -64 4 0 0 0 0 0 0 0 0 0 -15 8 -17 8 -16 7 -18 10 -18 5 -17 9 -16 6 -17 8 -17 6 -17 3 -15 3 -16 3 -17 3 -19 2 -17 3 -19 6 -15 2 -14 5 -16 1 -18 5 -16 5 -18 4 -16 3 -17 1 -17 5 -17 5 1 0 -12 6 -13 4 -14 3 -14 7 -14 4 -15 7 -16 4 -15 7 -12 6 -12 7 -15 5 -11 5 -11 7 -14 8 -12 5 -14 9 -10 5 -14 5 -14 8 -12 10 -12 6 -12 8 -14 8 -14 9 -12 9 -12 8 1 1 0 0 0 0 0 0 0 0 ]
CSI_DATA,AP,68:FE:71:12:53:8C,-38,11,1,7,1,1,1,0,0,0,0,-95,0,6,1,82161014,0,84,0,0,82.161,384,[84 -64 4 0 0 0 0 0 0 0 0 0 18 -3 20 -2 22 -5 20 -4 21 -2 22 0 19 -4 20 1 17 0 21 -2 20 1 17 -1 17 0 19 -2 18 -2 17 1 18 2 18 3 15 0 16 2 18 0 18 0 16 0 18 1 16 -2 16 -1 0 2 14 -1 16 -1 14 1 17 0 14 0 15 -3 16 0 15 -3 17 -3 16 -3 14 -3 14 -2 14 -3 15 -5 13 -3 14 -7 16 -4 15 -8 16 -3 12 -3 13 -5 14 -8 13 -6 16 -5 16 -9 16 -8 0 0 0 0 0 0 0 0 0 0 ]
CSI_DATA,AP,68:FE:71:12:53:8C,-42,11,0,0,0,0,0,1,0,0,0,-93,3,6,1,82260219,0,37,0,0,82.26,128,[84 -64 4 0 0 0 0 0 0 0 0 0 17 5 16 6 20 9 16 10 20 8 16 7 17 12 14 8 17 8 16 13 15 13 17 9 14 10 17 9 13 9 13 9 15 12 16 9 13 10 15 10 14 12 15 10 14 10 13 12 13 9 15 10 1 -2 14 8 14 7 12 9 15 9 13 6 13 6 12 8 16 6 16 9 13 4 16 7 16 7 15 7 15 5 12 7 13 4 13 3 12 4 16 6 16 1 14 7 17 2 14 6 18 5 14 5 15 5 -1 2 0 0 0 0 0 0 0 0 ]
CSI_DATA,AP,68:FE:71:12:53:8C,-39,11,1,6,1,1,1,1,0,0,0,-95,6,6,1,82429703,0,84,0,0,82.43,384,[84 -64 4 0 0 0 0 0 0 0 0 0 -4 21 -7 18 -6 19 -7 17 -8 21 -9 16 -9 19 -10 15 -7 15 -11 15 -7 16 -11 18 -7 16 -10 17 -11 17 -9 19 -10 17 -9 17 -7 17 -10 16 -8 17 -10 14 -10 16 -9 12 -9 15 -9 12 0 -1 -8 14 -5 13 -5 14 -8 13 -8 15 -6 14 -4 13 -5 13 -7 16 -7 16 -6 14 -4 13 -4 14 -4 16 -5 16 -2 16 -1 14 -5 14 -3 13 -1 17 -4 14 -2 16 -4 14 1 14 -2 13 0 17 2 -1 0 0 0 0 0 0 0 0 ]
CSI_DATA,AP,68:FE:71:12:53:8C,-42,11,1,5,1,1,1,0,0,0,0,-94,0,6,1,82558057,0,84,0,0,82.558,384,[84 -64 4 0 0 0 0 0 0 0 0 0 7 15 6 14 7 14 7 17 5 14 6 15 5 16 5 17 5 15 3 16 5 15 2 16 5 17 3 18 1 14 0 14 1 18 0 16 0 15 1 15 2 16 2 16 4 15 4 16 2 15 1 15 1 2 5 14 3 13 2 14 2 11 4 12 4 14 4 15 3 15 5 14 3 11 2 10 3 10 7 12 3 14 6 12 7 12 3 11 8 10 7 11 7 9 7 12 4 11 5 13 9 13 6 10 9 12 -2 -2 0 0 0 0 0 0 0 0 ]
CSI_DATA,AP,68:FE:71:12:53:8C,-38,11,1,5,1,1,1,0,0,0,0,-95,0,6,1,82708798,0,84,0,0,82.709,384,[84 -64 4 0 0 0 0 0 0 0 0 0 -15 -11 -14 -11 -18 -9 -17 -12 -16 -11 -16 -9 -16 -12 -12 -11 -15 -10 -15 -10 -14 -15 -11 -13 -13 -15 -12 -13 -12 -11 -14 -11 -10 -13 -10 -14 -11 -11 -10 -10 -12 -11 -13 -11 -12 -11 -10 -11 -11 -10 -13 -10 -2 1 -11 -9 -14 -10 -12 -10 -11 -7 -13 -11 -13 -10 -9 -9 -13 -11 -10 -10 -12 -6 -13 -6 -13 -9 -11 -9 -13 -6 -11 -5 -14 -5 -13 -8 -12 -8 -13 -4 -14 -8 -12 -6 -14 -8 -13 -4 -14 -5 -17 -4 -12 -4 0 0 0 0 0 0 0 0 0 0 ]
CSI_DATA,AP,68:FE:71:12:53:8C,-38,11,1,6,1,1,1,0,0,0,0,-94,0,6,1,82830020,0,84,0,0,82.83,384,[84 -64 4 0 0 0 0 0 0 0 0 0 -20 2 -21 4 -20 5 -19 4 -20 5 -22 0 -18 1 -20 0 -20 0 -21 -1 -19 -3 -18 -4 -18 -4 -21 -2 -20 0 -21 -2 -20 -1 -18 -1 -16 -4 -18 -3 -15 -3 -18 -1 -16 -2 -17 -5 -19 -1 -16 -1 2 2 -18 -3 -16 -1 -14 0 -15 -2 -15 -2 -13 2 -18 -2 -17 2 -15 -1 -14 1 -16 1 -16 1 -16 3 -16 3 -15 2 -17 2 -15 2 -14 2 -17 2 -17 5 -18 1 -13 4 -14 6 -18 4 -17 5 -13 4 1 -1 0 0 0 0 0 0 0 0 ]
CSI_DATA,AP,68:FE:71:12:53:8C,-41,11,0,0,0,0,0,0,0,0,0,-94,0,6,1,82996005,0,37,0,0,82.996,128,[84 -64 4 0 0 0 0 0 0 0 0 0 31 27 31 28 30 30 31 31 30 30 27 30 27 29 24 31 22 29 21 33 22 36 23 33 21 34 18 34 16 31 23 33 20 32 17 34 17 29 19 33 14 31 17 32 15 28 16 33 19 31 16 31 -2 2 16 29 19 28 21 28 22 27 20 26 18 29 20 29 18 28 18 28 24 27 22 25 21 27 19 23 21 23 22 24 23 24 24 26 28 22 25 23 27 19 24 20 26 22 25 24 26 19 24 20 28 21 -2 2 0 0 0 0 0 0 0 0 ]
CSI_DATA,AP,68:FE:71:12:53:8C,-38,11,1,6,1,1,1,0,0,0,0,-95,0,6,1,83128537,0,84,0,0,83.129,384,[84 -64 4 0 0 0 0 0 0 0 0 0 5 15 8 17 8 17 5 16 5 19 3 16 5 16 2 17 4 16 3 20 1 19 3 17 1 19 1 18 4 16 4 15 3 14 2 16 -1 15 -1 17 2 16 2 14 1 15 1 13 2 15 2 13 -1 -2 1 15 1 13 4 14 5 12 3 15 2 16 1 14 1 15 5 14 4 15 5 15 6 11 6 15 3 11 6 14 3 14 3 14 4 14 3 14 4 14 5 14 3 12 6 15 6 11 5 11 9 13 -2 -1 0 0 0 0 0 0 0 0 ]
CSI_DATA,AP,68:FE:71:12:53:8C,-45,11,1,5,1,1,1,1,0,0,0,-95,1,6,1,83262296,0,84,0,0,83.262,384,[84 -64 4 0 0 0 0 0 0 0 0 0 -22 -7 -19 -8 -20 -5 -22 -8 -20 -10 -18 -6 -19 -9 -16 -8 -20 -10 -16 -9 -17 -12 -17 -9 -18 -8 -18 -11 -15 -11 -19 -10 -17 -11 -17 -10 -14 -12 -17 -13 -14 -12 -17 -11 -13 -10 -13 -8 -14 -9 -18 -12 0 -2 -15 -9 -17 -9 -17 -9 -13 -10 -15 -7 -16 -7 -17 -11 -13 -6 -13 -6 -17 -7 -17 -4 -13 -8 -15 -6 -16 -5 -15 -5 -15 -6 -16 -4 -15 -4 -14 -7 -18 -4 -17 -7 -14 -7 -18 -5 -20 -1 -18 -4 -19 -1 2 1 0 0 0 0 0 0 0 0 ]
CSI_DATA,AP,68:FE:71:12:53:8C,-42,11,1,5,1,1,1,0,0,0,1,-94,0,6,1,83380168,0,84,0,0,83.38,384,[84 -64 4 0 0 0 0 0 0 0 0 0 -8 20 -6 17 -6 17 -12 21 -9 17 -12 17 -11 16 -11 17 -9 15 -11 15 -12 18 -14 14 -11 15 -10 15 -12 15 -10 17 -12 16 -9 15 -11 14 -9 14 -12 13 -11 16 -9 15 -9 13 -14 13 -13 15 1 2 -8 12 -12 13 -8 13 -7 15 -7 12 -11 13 -7 13 -10 15 -10 14 -8 16 -7 17 -9 16 -9 14 -6 15 -5 14 -8 13 -6 18 -6 17 -6 17 -2 15 -6 17 -7 17 -3 18 -4 18 -5 17 -5 14 0 2 0 0 0 0 0 0 0 0 ]
CSI_DATA,AP,68:FE:71:12:53:8C,-36,11,1,6,1,1,1,0,0,0,0,-94,0,6,1,83503277,0,84,0,0,83.503,384,[-117 -80 8 0 0 0 0 0 0 0 0 0 -5 14 0 9 -2 8 -8 8 -5 5 -8 9 -5 8 -1 6 -3 10 3 11 -4 12 2 13 4 16 -1 8 7 15 4 17 -1 13 7 13 -6 15 -5 17 8 8 4 10 7 11 -1 12 5 3 5 16 -2 -1 -2 11 3 9 7 10 5 11 8 11 6 12 6 11 10 12 8 8 4 13 1 13 5 10 7 11 4 6 8 4 4 9 5 6 11 7 2 5 10 0 8 6 9 5 6 4 9 1 6 7 7 6 2 1 0 0 0 0 0 0 0 0 ]
CSI_DATA,AP,68:FE:71:12:53:8C,-47,11,1,4,1,1,1,0,0,0,0,-95,0,6,1,83610944,0,84,0,0,83.611,384,[84 -64 4 0 0 0 0 0 0 0 0 0 -12 18 -13 14 -12 19 -13 19 -17 17 -18 12 -15 16 -18 13 -17 12 -17 12 -17 14 -17 15 -15 12 -18 14 -19 9 -16 9 -17 9 -16 10 -15 11 -14 9 -14 10 -18 8 -17 9 -15 11 -17 9 -17 12 2 0 -15 12 -15 9 -13 9 -14 9 -14 9 -15 11 -14 12 -12 11 -14 10 -11 11 -13 15 -12 12 -14 12 -13 13 -14 10 -14 14 -10 12 -12 12 -10 15 -10 15 -9 13 -9 14 -8 13 -10 15 -8 16 -8 13 2 -2 0 0 0 0 0 0 0 0 ]
CSI_DATA,AP,68:FE:71:12:53:8C,-34,11,1,7,1,1,1,0,0,0,0,-93,0,6,1,83703576,0,84,0,0,83.704,384,[84 -64 4 0 0 0 0 0 0 0 0 0 0 23 0 19 -3 24 -1 23 -2 21 -6 23 -6 21 -5 18 -5 20 -4 17 -6 19 -5 20 -8 18 -6 20 -8 18 -9 19 -7 17 -7 14 -8 16 -6 19 -9 14 -7 18 -6 15 -5 16 -8 18 -8 19 -1 2 -5 14 -8 18 -7 16 -6 16 -5 15 -3 17 -7 14 -4 17 -2 16 -3 14 -4 15 -3 18 -4 18 -2 17 -4 17 -2 15 1 17 -1 17 -1 16 -2 14 -3 15 -1 18 0 15 3 16 2 14 -1 17 1 1 0 0 0 0 0 0 0 0 ]
CSI_DATA,AP,68:FE:71:12:53:8C,-41,11,1,4,1,1,1,0,0,0,0,-94,0,6,1,83861609,0,84,0,0,83.862,384,[84 -64 4 0 0 0 0 0 0 0 0 0 -22 5 -19 7 -22 2 -24 2 -21 1 -20 4 -23 2 -21 1 -22 1 -19 1 -22 1 -22 2 -21 -3 -21 -1 -21 -4 -20 -3 -18 -4 -22 0 -19 -4 -21 -4 -17 -3 -21 -1 -18 -4 -20 -3 -18 0 -18 -3 -1 2 -21 -1 -19 -2 -18 0 -17 -1 -18 -1 -18 0 -16 2 -17 2 -16 -2 -20 0 -17 3 -18 1 -19 4 -15 4 -18 1 -17 1 -19 4 -17 5 -20 2 -14 6 -17 2 -16 1 -15 7 -18 7 -17 4 -15 5 -2 1 0 0 0 0 0 0 0 0 ]
CSI_DATA,AP,68:FE:71:12:53:8C,-40,11,1,6,1,1,1,0,0,0,0,-95,0,6,1,83983310,0,84,0,0,83.983,384,[84 -64 4 0 0 0 0 0 0 0 0 0 19 -13 18 -12 16 -10 18 -12 20 -7 19 -10 16 -9 16 -6 19 -7 19 -5 21 -8 20 -8 19 -9 19 -5 16 -8 16 -6 16 -4 15 -2 19 -6 19 -4 18 -5 17 -5 15 -2 15 -5 17 -4 16 -6 -2 1 18 -5 16 -7 19 -4 12 -4 15 -5 15 -6 16 -8 17 -8 15 -7 14 -10 14 -6 11 -8 16 -6 12 -6 13 -6 13 -11 16 -9 12 -9 16 -8 11 -8 12 -10 13 -9 12 -11 15 -9 14 -8 10 -12 0 -1 0 0 0 0 0 0 0 0 ]
CSI_DATA,AP,68:FE:71:12:53:8C,-41,11,1,5,1,1,1,0,0,0,0,-94,0,6,1,84102093,0,84,0,0,84.102,384,[84 -64 4 0 0 0 0 0 0 0 0 0 -14 17 -12 16 -14 13 -13 14 -19 14 -14 11 -15 11 -18 10 -18 11 -18 11 -17 13 -15 10 -17 13 -18 12 -17 9 -15 13 -17 12 -17 7 -18 8 -18 11 -14 8 -15 6 -14 10 -18 7 -17 8 -17 10 0 -2 -15 7 -14 11 -15 10 -11 12 -11 7 -15 12 -15 8 -13 8 -12 12 -14 12 -10 15 -10 11 -13 12 -13 9 -10 11 -9 10 -12 14 -7 12 -10 13 -8 14 -11 10 -10 11 -9 14 -8 15 -11 13 -10 12 -1 1 0 0 0 0 0 0 0 0 ]
CSI_DATA,AP,68:FE:71:12:53:8C,-41,11,1,5,1,1,1,1,0,0,0,-94,2,6,1,84266019,0,84,0,0,84.266,384,[84 -64 4 0 0 0 0 0 0 0 0 0 3 19 3 21 4 18 4 21 1 21 0 19 1 22 -2 20 1 19 -2 20 1 21 1 18 1 22 0 20 -1 16 -2 19 -4 20 -3 17 -3 18 -3 18 -1 17 -2 19 0 15 -2 18 -2 16 -2 17 -2 -2 1 16 1 18 -1 15 2 15 1 16 0 18 -2 14 2 17 0 16 3 13 4 17 2 15 6 16 2 16 2 17 5 17 2 18 4 16 7 17 6 12 3 14 6 16 7 16 5 14 6 12 5 14 -2 -1 0 0 0 0 0 0 0 0 ]
CSI_DATA,AP,68:FE:71:12:53:8C,-38,11,1,7,1,1,1,0,0,0,0,-94,0,6,1,84417487,0,84,0,0,84.417,384,[84 -64 4 0 0 0 0 0 0 0 0 0 14 -15 14 -15 16 -18 18 -14 16 -15 14 -12 17 -14 16 -11 19 -12 18 -13 20 -12 17 -9 16 -12 17 -11 17 -7 16 -12 16 -8 17 -11 16 -8 18 -9 14 -8 15 -8 14 -6 15 -7 16 -10 15 -11 -2 -2 13 -9 15 -8 12 -12 15 -14 11 -12 15 -10 11 -9 11 -12 10 -13 12 -10 14 -12 10 -12 11 -10 13 -11 9 -14 11 -12 13 -13 9 -13 11 -15 8 -14 11 -11 8 -15 8 -12 7 -14 8 -13 11 -13 2 -2 0 0 0 0 0 0 0 0 ]
CSI_DATA,AP,68:FE:71:12:53:8C,-39,11,1,4,1,1,1,1,0,0,0,-95,6,6,1,84558323,0,84,0,0,84.558,384,[84 -64 4 0 0 0 0 0 0 0 0 0 11 16 13 17 10 17 8 21 8 21 9 19 8 17 5 16 6 19 7 20 8 22 8 19 5 20 8 19 5 20 3 21 4 21 6 18 3 20 4 20 4 18 6 20 3 14 3 16 3 18 4 18 1 2 3 14 6 16 5 19 3 13 6 13 6 18 6 17 5 15 5 16 7 13 9 14 9 15 6 16 6 15 5 16 9 17 9 12 7 11 10 12 10 14 9 13 10 15 10 11 11 11 8 11 8 14 0 -2 0 0 0 0 0 0 0 0 ]
CSI_DATA,AP,68:FE:71:12:53:8C,-40,11,1,6,1,1,1,0,0,0,0,-93,0,6,1,84688498,0,84,0,0,84.688,384,[84 -64 4 0 0 0 0 0 0 0 0 0 -17 10 -19 7 -18 8 -21 9 -22 8 -22 6 -18 5 -18 2 -19 3 -19 3 -23 5 -19 5 -20 0 -19 1 -19 1 -22 3 -18 1 -17 4 -17 0 -17 1 -19 3 -20 -1 -18 1 -17 3 -17 0 -20 3 0 0 -16 1 -17 2 -19 5 -17 6 -15 3 -16 3 -16 1 -14 2 -14 3 -16 7 -15 6 -17 6 -17 6 -14 5 -17 4 -18 8 -15 8 -16 8 -18 9 -13 8 -13 9 -17 5 -16 7 -13 11 -17 6 -15 8 -1 1 0 0 0 0 0 0 0 0 ]
CSI_DATA,AP,68:FE:71:12:53:8C,-40,11,1,4,1,1,1,0,0,0,0,-94,0,6,1,84810850,0,84,0,0,84.811,384,[84 -64 4 0 0 0 0 0 0 0 0 0 14 -13 19 -11 19 -12 20 -8 21 -9 19 -9 21 -7 20 -7 19 -8 18 -8 20 -5 19 -5 18 -7 21 -7 19 -3 18 -4 15 -3 14 -3 15 -6 18 -3 16 -5 17 -2 18 -4 16 -7 16 -5 15 -6 1 -1 17 -4 14 -6 16 -3 13 -8 15 -4 15 -3 14 -4 13 -6 17 -8 14 -8 15 -7 13 -5 12 -8 16 -7 16 -9 17 -10 16 -11 16 -8 15 -8 12 -11 16 -10 12 -7 12 -11 11 -13 13 -12 13 -11 0 -1 0 0 0 0 0 0 0 0 ]
CSI_DATA,AP,68:FE:71:12:53:8C,-41,11,1,5,1,1,1,0,0,0,0,-96,0,6,1,84956830,0,84,0,0,84.957,384,[84 -64 4 0 0 0 0 0 0 0 0 0 22 6 20 3 20 4 21 6 21 6 18 6 20 9 17 9 20 10 18 11 18 9 19 8 17 13 18 12 17 9 17 8 17 10 15 10 14 10 14 9 14 9 16 11 15 8 14 10 13 12 15 8 2 -1 15 8 15 6 14 6 18 7 12 6 13 8 17 10 15 7 15 6 16 5 14 7 12 3 16 4 15 4 14 4 18 4 18 2 18 0 17 2 14 3 16 1 17 4 14 3 18 3 16 1 16 4 -2 -1 0 0 0 0 0 0 0 0 ]
CSI_DATA,AP,68:FE:71:12:53:8C,-42,11,1,5,1,1,1,1,0,0,0,-94,5,6,1,85094774,0,84,0,0,85.095,384,[84 -64 4 0 0 0 0 0 0 0 0 0 7 20 4 18 8 19 6 19 2 19 1 20 1 19 1 17 4 20 0 20 3 22 1 19 3 22 3 18 0 17 2 18 0 20 1 15 -3 17 2 18 -1 16 2 16 1 17 0 15 -3 17 2 15 -1 2 2 16 2 19 0 19 2 17 1 17 4 14 0 18 1 13 4 16 5 15 5 16 3 14 6 16 5 13 6 16 3 17 4 16 7 15 6 13 4 16 8 15 8 17 5 14 5 14 4 14 8 12 0 2 0 0 0 0 0 0 0 0 ]
CSI_DATA,AP,68:FE:71:12:53:8C,-39,11,1,4,1,1,1,0,0,0,0,-95,0,6,1,85212752,0,84,0,0,85.213,384,[84 -64 4 0 0 0 0 0 0 0 0 0 12 -17 11 -15 14 -18 15 -18 11 -13 12 -14 16 -16 14 -14 16 -15 13 -14 17 -12 15 -14 16 -13 15 -13 16 -12 12 -10 15 -12 12 -11 13 -12 14 -9 11 -9 16 -11 10 -9 15 -9 13 -11 12 -11 2 2 11 -13 13 -12 11 -9 8 -10 11 -12 13 -14 13 -12 11 -10 12 -10 9 -11 9 -14 9 -14 9 -15 10 -15 8 -13 7 -12 8 -16 10 -12 10 -16 6 -13 7 -14 7 -13 6 -12 6 -14 8 -14 9 -14 2 -2 0 0 0 0 0 0 0 0 ]
CSI_DATA,AP,68:FE:71:12:53:8C,-42,11,1,6,1,1,1,0,0,0,0,-95,0,6,1,85318263,0,84,0,0,85.318,384,[84 -64 4 0 0 0 0 0 0 0 0 0 11 -13 13 -13 12 -17 17 -12 16 -15 15 -11 12 -13 15 -10 15 -11 17 -12 18 -11 17 -12 14 -8 15 -9 13 -10 16 -11 16 -9 15 -10 16 -9 15 -9 16 -7 14 -10 11 -7 13 -8 14 -7 14 -6 2 1 12 -8 12 -9 10 -9 13 -11 10 -11 11 -12 13 -8 9 -8 13 -9 8 -13 11 -10 9 -11 8 -11 9 -12 10 -12 7 -11 10 -12 8 -13 6 -14 8 -13 7 -14 6 -10 6 -14 10 -13 7 -14 7 -13 -1 -2 0 0 0 0 0 0 0 0 ]
CSI_DATA,AP,68:FE:71:12:53:8C,-41,11,1,6,1,1,1,0,0,0,0,-94,0,6,1,85480078,0,84,0,0,85.48,384,[84 -64 4 0 0 0 0 0 0 0 0 0 13 10 12 10 15 13 12 14 15 14 10 12 12 15 10 16 10 15 12 14 13 13 11 16 12 14 10 15 8 12 11 15 7 12 9 13 8 14 9 11 6 12 8 12 6 11 8 13 9 16 11 15 -2 -1 9 15 10 14 7 13 8 13 6 10 8 11 9 13 11 10 11 10 8 8 10 8 8 10 11 10 9 11 10 9 9 11 13 9 10 9 14 10 12 9 14 10 14 10 14 8 11 9 14 8 10 7 2 -2 0 0 0 0 0 0 0 0 ]
CSI_DATA,AP,68:FE:71:12:53:8C,-38,11,1,7,1,1,1,1,0,0,0,-94,4,6,1,85609358,0,84,0,0,85.609,384,[84 -64 4 0 0 0 0 0 0 0 0 0 18 -11 19 -9 21 -11 23 -13 18 -12 21 -8 20 -9 17 -8 17 -8 15 -7 21 -9 17 -7 20 -8 17 -8 15 -7 21 -6 16 -9 17 -5 17 -7 14 -7 17 -7 13 -9 16 -4 16 -8 15 -5 15 -6 1 0 11 -8 15 -10 15 -7 15 -10 13 -9 13 -8 13 -8 11 -8 11 -8 11 -9 14 -10 13 -9 12 -9 9 -11 9 -12 13 -12 13 -13 12 -11 10 -10 10 -10 11 -10 12 -12 8 -10 9 -11 9 -13 10 -14 -2 -2 0 0 0 0 0 0 0 0 ]
CSI_DATA,AP,68:FE:71:12:53:8C,-39,11,1,6,1,1,1,1,0,0,0,-94,6,6,1,85736268,0,84,0,0,85.736,384,[84 -64 4 0 0 0 0 0 0 0 0 0 19 0 15 2 19 1 19 1 17 6 17 4 17 6 15 3 16 6 15 4 16 5 15 6 17 8 16 8 17 5 14 5 17 9 13 8 14 7 13 5 15 7 11 9 10 9 14 6 14 7 13 8 -2 1 11 6 15 4 15 5 13 4 13 3 14 3 11 6 16 4 14 6 11 5 16 4 12 3 14 0 13 4 14 0 15 3 16 2 13 3 16 0 11 -2 13 1 16 -1 12 2 16 -2 16 -1 13 -1 -1 -2 0 0 0 0 0 0 0 0 ]
CSI_DATA,AP,68:FE:71:12:53:8C,-42,11,1,6,1,1,1,0,0,0,0,-94,0,6,1,85870018,0,84,0,0,85.87,384,[84 -64 4 0 0 0 0 0 0 0 0 0 3 -8 5 -8 8 -5 4 -7 8 -6 7 -6 4 -5 5 -6 4 -4 6 -6 7 -6 5 -5 6 -6 4 -3 7 -3 8 -1 5 -2 8 -4 5 -2 6 -2 8 -3 5 -4 7 -3 7 -2 7 -1 9 -3 -1 -1 5 -5 6 -5 7 -5 4 -2 6 -3 8 -1 8 -2 6 -4 5 -3 5 -4 5 -6 5 -2 3 -6 3 -4 4 -2 4 -3 3 -4 7 -5 5 -4 4 -3 6 -6 5 -6 6 -6 5 -8 6 -6 3 -5 -2 2 0 0 0 0 0 0 0 0 ]
CSI_DATA,AP,68:FE:71:12:53:8C,-42,11,1,4,1,1,1,0,0,0,0,-95,0,6,1,86002084,0,84,0,0,86.002,384,[84 -64 4 0 0 0 0 0 0 0 0 0 -1 24 0 23 -2 24 -4 23 -3 25 -5 20 -5 21 -5 21 -5 19 -4 21 -6 21 -5 20 -9 24 -7 19 -8 21 -4 20 -8 22 -6 18 -7 21 -5 19 -5 20 -4 19 -8 15 -5 21 -5 18 -6 16 -1 -1 -4 18 -2 17 -6 17 -3 19 -4 16 -2 16 -2 18 0 17 -1 18 -2 17 1 15 -3 18 -3 17 1 19 -1 18 3 17 0 16 2 16 4 15 1 16 3 18 4 19 3 17 5 20 5 15 3 14 1 -1 0 0 0 0 0 0 0 0 ]
CSI_DATA,AP,68:FE:71:12:53:8C,-42,11,1,5,1,1,1,1,0,0,0,-94,5,6,1,86128051,0,84,0,0,86.128,384,[84 -64 4 0 0 0 0 0 0 0 0 0 18 14 14 14 15 14 12 15 13 13 11 13 9 14 11 16 8 16 8 12 9 14 7 13 10 14 7 14 6 13 10 15 10 12 6 11 9 14 8 10 5 10 8 12 8 7 10 11 8 12 9 11 2 2 8 7 8 7 10 9 11 6 9 6 9 9 11 10 7 5 10 9 11 5 9 4 12 5 9 5 11 4 12 4 11 8 11 5 11 6 10 7 11 6 10 3 11 4 10 7 14 5 11 4 11 5 1 -2 0 0 0 0 0 0 0 0 ]
CSI_DATA,AP,68:FE:71:12:53:8C,-36,11,1,6,1,1,1,0,0,0,0,-95,0,6,1,86228178,0,84,0,0,86.228,384,[84 -64 4 0 0 0 0 0 0 0 0 0 23 -4 22 -3 20 -5 21 -3 20 -1 21 -2 21 -1 16 0 18 1 15 1 20 0 19 2 17 -1 15 1 13 1 16 0 15 3 15 0 11 0 15 -2 13 1 13 -1 13 -1 12 1 10 -3 10 -4 1 -1 11 -4 10 -2 11 -4 8 -6 8 -5 10 -4 10 -7 7 -5 10 -6 5 -5 8 -8 7 -6 9 -7 9 -8 7 -6 7 -9 6 -6 4 -8 4 -8 2 -10 5 -7 6 -8 6 -7 5 -10 4 -10 1 -10 -1 0 0 0 0 0 0 0 0 0 ]
CSI_DATA,AP,68:FE:71:12:53:8C,-41,11,1,4,1,1,1,0,0,0,0,-96,0,6,1,86355057,0,84,0,0,86.355,384,[84 -64 4 0 0 0 0 0 0 0 0 0 6 -32 5 -32 9 -34 9 -35 9 -30 9 -27 10 -27 9 -26 11 -26 11 -22 11 -26 11 -25 10 -25 9 -23 10 -20 8 -21 8 -19 9 -17 9 -19 10 -18 9 -16 7 -20 7 -14 7 -17 7 -19 4 -18 -1 2 1 -16 4 -15 4 -18 2 -14 1 -15 2 -17 1 -16 -2 -12 -3 -12 -5 -12 -5 -14 -5 -10 -4 -10 -2 -12 -3 -12 -6 -13 -6 -12 -4 -11 -8 -12 -7 -8 -8 -12 -7 -8 -7 -7 -8 -8 -7 -8 -9 -9 -2 1 0 0 0 0 0 0 0 0 ]
CSI_DATA,AP,68:FE:71:12:53:8C,-40,11,1,4,1,1,1,0,0,0,0,-94,0,6,1,86479398,0,84,0,0,86.479,384,[84 -64 4 0 0 0 0 0 0 0 0 0 16 -12 18 -9 19 -12 18 -10 19 -9 19 -6 15 -8 16 -5 17 -4 19 -8 19 -5 15 -6 18 -6 15 -5 17 -3 17 -5 16 -3 14 -3 17 -7 17 -6 17 -4 12 -7 13 -5 15 -7 13 -7 12 -7 -1 -2 12 -8 14 -8 12 -6 14 -8 14 -7 15 -5 14 -5 9 -9 9 -6 12 -10 10 -8 10 -9 8 -10 8 -9 12 -9 12 -9 11 -11 10 -12 13 -12 11 -9 12 -7 8 -10 10 -9 8 -12 12 -9 10 -8 -2 -2 0 0 0 0 0 0 0 0 ]
CSI_DATA,AP,68:FE:71:12:53:8C,-42,11,1,4,1,1,1,1,0,0,0,-95,1,6,1,86603273,0,84,0,0,86.603,384,[84 -64 4 0 0 0 0 0 0 0 0 0 7 -17 7 -18 9 -21 6 -23 8 -21 8 -18 12 -21 11 -16 12 -16 11 -16 11 -19 11 -19 15 -17 11 -16 11 -17 13 -20 14 -15 14 -17 13 -16 13 -18 15 -14 14 -15 11 -14 16 -17 16 -17 13 -18 0 -1 14 -15 11 -17 15 -20 10 -19 9 -15 13 -18 13 -19 14 -20 11 -17 9 -19 8 -20 12 -20 12 -21 9 -19 12 -20 8 -18 9 -19 8 -18 9 -17 9 -21 13 -21 11 -19 9 -17 10 -21 11 -17 9 -18 -2 -2 0 0 0 0 0 0 0 0 ]
CSI_DATA,AP,68:FE:71:12:53:8C,-42,11,1,5,1,1,1,0,0,0,1,-96,0,6,1,86753898,0,84,0,0,86.754,384,[84 -64 4 0 0 0 0 0 0 0 0 0 -13 -11 -13 -11 -11 -13 -11 -13 -8 -12 -9 -14 -9 -14 -8 -14 -7 -14 -9 -15 -7 -17 -11 -14 -7 -16 -7 -13 -8 -15 -8 -17 -9 -14 -6 -12 -6 -14 -4 -16 -6 -14 -7 -17 -4 -14 -9 -13 -7 -13 -9 -13 0 2 -8 -15 -9 -12 -6 -14 -9 -13 -7 -14 -8 -12 -8 -15 -7 -15 -6 -13 -9 -12 -10 -13 -9 -11 -11 -11 -8 -14 -8 -11 -10 -14 -9 -10 -13 -9 -13 -11 -9 -11 -11 -8 -11 -10 -10 -7 -12 -11 -11 -8 -14 -7 2 0 0 0 0 0 0 0 0 0 ]
CSI_DATA,AP,68:FE:71:12:53:8C,-37,11,0,0,0,0,0,0,0,0,0,-96,0,6,1,86910142,0,37,0,0,86.91,128,[84 -64 4 0 0 0 0 0 0 0 0 0 -11 -16 -11 -18 -15 -19 -10 -18 -13 -18 -13 -17 -9 -18 -12 -18 -8 -23 -7 -24 -10 -22 -11 -24 -6 -24 -7 -23 -8 -24 -9 -25 -4 -25 -5 -22 -4 -23 -7 -23 -5 -20 -7 -25 -5 -23 -4 -21 -3 -22 -7 -21 -2 1 -7 -21 -10 -22 -7 -20 -7 -18 -4 -20 -9 -22 -7 -22 -8 -17 -8 -18 -11 -18 -10 -21 -7 -17 -8 -21 -10 -17 -10 -20 -12 -17 -14 -21 -10 -16 -12 -19 -13 -15 -12 -15 -12 -14 -12 -15 -14 -15 -13 -16 -12 -14 0 1 0 0 0 0 0 0 0 0 ]
CSI_DATA,AP,68:FE:71:12:53:8C,-35,11,1,6,1,1,1,0,0,0,0,-94,0,6,1,87038286,0,84,0,0,87.038,384,[84 -64 4 0 0 0 0 0 0 0 0 0 -11 -16 -9 -15 -12 -18 -10 -16 -10 -18 -11 -19 -11 -17 -11 -19 -12 -20 -10 -18 -7 -23 -8 -24 -8 -22 -6 -21 -6 -21 -11 -21 -9 -22 -9 -22 -4 -18 -9 -19 -6 -21 -7 -21 -4 -19 -5 -20 -5 -21 -4 -21 0 -2 -9 -19 -12 -22 -6 -21 -7 -17 -10 -17 -9 -18 -11 -20 -12 -17 -8 -18 -8 -20 -12 -17 -10 -18 -11 -19 -13 -17 -13 -18 -13 -19 -15 -19 -13 -15 -13 -15 -15 -14 -14 -16 -16 -17 -13 -18 -14 -17 -16 -15 -12 -13 0 0 0 0 0 0 0 0 0 0 ]
CSI_DATA,AP,68:FE:71:12:53:8C,-34,11,1,6,1,1,1,0,0,0,0,-95,0,6,1,87155899,0,84,0,0,87.156,384,[84 -64 4 0 0 0 0 0 0 0 0 0 10 14 11 16 11 17 12 17 10 18 8 19 8 19 9 16 9 17 5 20 6 19 9 19 5 21 5 18 7 20 8 21 4 18 4 17 6 17 5 16 5 18 7 16 5 17 6 17 6 16 4 18 0 0 7 17 7 16 8 15 6 12 4 17 6 16 5 15 4 16 10 14 8 14 10 11 7 10 7 13 9 11 7 10 12 10 8 10 10 12 12 12 8 12 8 12 12 12 11 10 11 10 11 11 12 10 -2 -2 0 0 0 0 0 0 0 0 ]
CSI_DATA,AP,68:FE:71:12:53:8C,-38,11,1,5,1,1,1,0,0,0,0,-94,0,6,1,87294454,0,84,0,0,87.294,384,[84 -64 4 0 0 0 0 0 0 0 0 0 9 16 7 16 7 19 5 20 7 15 5 16 5 19 3 18 1 19 3 16 3 18 4 20 4 17 3 17 2 20 -1 15 0 17 0 17 2 17 1 15 1 17 3 16 4 15 3 14 1 16 0 13 -2 1 3 16 2 13 1 15 1 13 3 15 4 14 2 15 4 15 4 15 5 12 3 11 3 11 7 14 4 16 5 15 5 14 5 12 4 13 6 14 7 12 7 15 7 12 9 12 10 15 9 10 6 15 2 -1 0 0 0 0 0 0 0 0 ]
CSI_DATA,AP,68:FE:71:12:53:8C,-39,11,1,6,1,1,1,1,0,0,0,-95,5,6,1,87427383,0,84,0,0,87.427,384,[84 -64 4 0 0 0 0 0 0 0 0 0 20 -6 18 -5 18 -6 21 -1 18 -1 22 0 20 -3 21 0 22 1 21 -1 21 0 20 0 21 -2 19 3 17 0 17 1 16 2 19 -1 20 0 18 0 17 -1 15 -1 16 -1 18 -1 19 -2 15 0 2 2 16 2 15 0 18 -1 17 1 14 -3 17 1 17 -2 17 -2 16 -4 16 -6 16 -3 14 -5 16 -3 16 -2 13 -6 16 -5 13 -5 17 -4 17 -6 14 -6 14 -4 13 -7 15 -8 13 -6 15 -7 16 -9 0 -2 0 0 0 0 0 0 0 0 ]
CSI_DATA,AP,68:FE:71:12:53:8C,-42,11,1,4,1,1,1,0,0,0,0,-94,0,6,1,87582439,0,84,0,0,87.582,384,[84 -64 4 0 0 0 0 0 0 0 0 0 -17 -6 -20 -8 -19 -6 -18 -6 -18 -9 -16 -7 -17 -9 -15 -11 -17 -9 -15 -10 -16 -12 -16 -9 -17 -11 -15 -10 -17 -8 -17 -9 -17 -11 -13 -8 -15 -8 -12 -10 -15 -9 -14 -11 -11 -8 -15 -11 -12 -8 -15 -9 1 -1 -14 -11 -12 -9 -12 -8 -12 -7 -15 -7 -13 -9 -14 -7 -14 -6 -12 -9 -15 -8 -15 -4 -16 -8 -12 -4 -14 -5 -12 -5 -15 -6 -13 -6 -16 -6 -13 -3 -13 -3 -13 -2 -13 -5 -17 -2 -18 -1 -15 -3 -18 -5 -1 1 0 0 0 0 0 0 0 0 ]
CSI_DATA,AP,68:FE:71:12:53:8C,-41,11,1,4,1,1,1,0,0,0,0,-96,0,6,1,87712836,0,84,0,0,87.713,384,[84 -64 4 0 0 0 0 0 0 0 0 0 39 4 37 4 39 1 37 4 40 5 38 6 39 8 35 7 33 11 36 11 34 14 38 11 36 12 35 11 32 14 36 13 33 10 31 10 32 12 31 10 31 15 32 13 31 15 30 11 33 12 32 9 1 1 31 10 30 8 29 8 28 9 29 10 32 10 30 6 32 7 32 6 27 2 30 7 31 8 29 7 33 2 32 4 33 3 33 1 33 -1 29 2 31 -1 29 3 29 2 32 -1 33 0 34 1 33 -1 1 0 0 0 0 0 0 0 0 0 ]
CSI_DATA,AP,68:FE:71:12:53:8C,-38,11,1,5,1,1,1,0,0,0,0,-95,0,6,1,87819725,0,84,0,0,87.82,384,[84 -64 4 0 0 0 0 0 0 0 0 0 -6 -20 -5 -17 -5 -22 -7 -18 -7 -22 -4 -22 -1 -18 -2 -21 -2 -22 -1 -22 -4 -21 -3 -18 -1 -22 1 -19 1 -17 1 -18 0 -18 1 -17 -2 -17 0 -18 3 -18 1 -17 1 -15 0 -16 2 -17 0 -19 1 2 1 -15 0 -18 -3 -17 -2 -18 1 -15 -3 -15 -3 -18 -1 -15 0 -14 -4 -14 -3 -14 -5 -18 -6 -14 -4 -18 -6 -18 -5 -14 -5 -18 -4 -14 -3 -17 -3 -15 -5 -14 -5 -15 -7 -17 -6 -15 -6 -14 -4 -16 -2 -1 0 0 0 0 0 0 0 0 ]
CSI_DATA,AP,68:FE:71:12:53:8C,-38,11,1,7,1,1,1,0,0,0,0,-94,0,6,1,87949702,0,84,0,0,87.95,384,[84 -64 4 0 0 0 0 0 0 0 0 0 1 21 1 19 -2 18 -1 23 -1 21 -4 18 -3 19 -5 17 -5 21 -6 20 -4 17 -7 18 -6 18 -4 16 -3 20 -5 17 -8 19 -6 17 -6 18 -3 19 -6 17 -7 15 -6 16 -3 14 -4 16 -7 18 -1 1 -3 17 -5 15 -3 17 -4 16 -5 13 0 14 -2 14 0 13 -3 14 1 14 -3 17 -1 15 1 13 -2 14 -1 17 -1 16 -1 17 0 17 3 16 0 16 0 15 3 13 1 15 1 18 4 14 5 13 1 2 0 0 0 0 0 0 0 0 ]
CSI_DATA,AP,68:FE:71:12:53:8C,-39,11,1,4,1,1,1,0,0,0,1,-96,0,6,1,88099376,0,84,0,0,88.099,384,[84 -64 4 0 0 0 0 0 0 0 0 0 24 -18 23 -17 23 -18 26 -19 28 -17 24 -16 26 -13 27 -16 24 -13 27 -13 26 -15 25 -11 26 -13 28 -13 24 -9 28 -14 23 -11 22 -13 22 -9 26 -12 25 -7 24 -11 21 -10 21 -9 25 -12 23 -11 2 -2 21 -12 22 -14 24 -12 20 -15 22 -14 23 -12 22 -14 18 -12 19 -12 22 -10 18 -14 18 -11 19 -17 19 -12 19 -17 19 -14 22 -16 16 -14 18 -17 15 -16 16 -18 16 -15 19 -17 18 -18 17 -19 14 -16 -2 -1 0 0 0 0 0 0 0 0 ]
CSI_DATA,AP,68:FE:71:12:53:8C,-41,11,1,6,1,1,1,0,0,0,0,-95,0,6,1,88214471,0,84,0,0,88.214,384,[84 -64 4 0 0 0 0 0 0 0 0 0 -16 -14 -14 -15 -15 -18 -11 -14 -13 -19 -14 -15 -13 -16 -10 -19 -13 -20 -9 -16 -9 -19 -11 -17 -11 -19 -8 -16 -10 -19 -11 -19 -10 -18 -7 -15 -9 -19 -6 -16 -7 -18 -9 -16 -9 -14 -6 -17 -9 -16 -6 -14 1 -1 -11 -14 -11 -16 -10 -16 -7 -14 -10 -15 -11 -13 -8 -15 -9 -15 -10 -11 -10 -13 -12 -11 -11 -13 -12 -12 -13 -13 -11 -12 -14 -10 -11 -14 -11 -13 -10 -10 -14 -9 -13 -9 -13 -10 -12 -13 -14 -8 -11 -10 -13 -11 1 -2 0 0 0 0 0 0 0 0 ]
CSI_DATA,AP,68:FE:71:12:53:8C,-41,11,1,5,1,1,1,0,0,0,0,-95,0,6,1,88338249,0,84,0,0,88.338,384,[84 -64 4 0 0 0 0 0 0 0 0 0 9 -16 7 -16 11 -16 11 -16 11 -13 9 -15 12 -13 10 -17 11 -13 11 -16 13 -16 14 -15 11 -16 11 -14 10 -12 14 -11 13 -12 9 -12 11 -10 11 -11 12 -14 10 -12 11 -10 13 -9 10 -10 10 -12 -2 0 8 -10 9 -12 11 -12 7 -11 10 -11 10 -12 9 -12 10 -12 9 -11 10 -14 6 -14 8 -14 6 -14 6 -14 9 -13 5 -12 8 -12 8 -12 6 -16 6 -15 8 -15 8 -16 6 -12 5 -15 5 -14 8 -15 -2 -1 0 0 0 0 0 0 0 0 ]
CSI_DATA,AP,68:FE:71:12:53:8C,-41,11,1,5,1,1,1,0,0,0,0,-94,0,6,1,88457690,0,84,0,0,88.458,384,[84 -64 4 0 0 0 0 0 0 0 0 0 -8 8 -9 9 -7 6 -6 8 -8 8 -6 4 -6 4 -7 6 -6 4 -10 7 -9 6 -9 6 -9 6 -6 6 -6 7 -6 4 -8 6 -10 3 -7 6 -7 6 -7 3 -6 2 -7 5 -9 6 -7 7 -7 5 -1 -2 -8 6 -9 5 -5 6 -6 7 -6 5 -8 4 -7 4 -6 2 -5 4 -7 7 -7 5 -7 4 -8 5 -5 5 -7 3 -8 7 -4 5 -7 7 -6 6 -4 4 -5 6 -3 6 -3 8 -5 8 -3 7 -7 6 0 0 0 0 0 0 0 0 0 0 ]
CSI_DATA,AP,68:FE:71:12:53:8C,-40,11,1,6,1,1,1,1,0,0,0,-94,4,6,1,88613529,0,84,0,0,88.614,384,[84 -64 4 0 0 0 0 0 0 0 0 0 2 20 6 21 4 21 2 21 2 22 2 17 -1 17 2 18 0 19 0 21 1 21 -3 18 -3 17 1 21 -1 16 -4 19 -4 19 0 18 -4 16 0 19 -3 19 -4 17 -1 17 -3 14 -2 18 -2 15 2 -1 0 17 -2 15 -1 15 -1 16 -1 13 2 14 -1 14 -1 17 3 15 1 14 3 15 4 14 5 14 1 15 2 14 3 14 4 17 2 13 4 16 3 15 2 13 5 15 4 16 4 14 4 16 3 15 -2 2 0 0 0 0 0 0 0 0 ]
CSI_DATA,AP,68:FE:71:12:53:8C,-38,11,1,7,1,1,1,0,0,0,0,-94,0,6,1,88807516,0,84,0,0,88.808,384,[84 -64 4 0 0 0 0 0 0 0 0 0 9 14 5 18 7 16 7 17 6 15 3 15 4 19 1 17 3 14 2 14 1 18 2 15 2 15 1 17 1 15 0 16 -1 15 -1 14 2 17 1 15 -1 14 3 13 -1 16 3 15 2 16 2 13 -1 -1 0 12 5 14 3 12 2 13 1 15 2 14 2 15 2 12 4 13 6 14 6 14 6 15 5 14 5 11 6 11 7 12 5 13 5 12 5 12 7 12 7 13 8 11 7 13 6 11 9 13 8 9 1 2 0 0 0 0 0 0 0 0 ]
CSI_DATA,AP,68:FE:71:12:53:8C,-40,11,1,5,1,1,1,0,0,0,0,-94,0,6,1,88936309,0,84,0,0,88.936,384,[84 -64 4 0 0 0 0 0 0 0 0 0 6 -16 10 -15 9 -15 8 -15 11 -17 9 -17 10 -15 8 -16 12 -12 9 -16 12 -16 11 -13 12 -13 11 -12 12 -14 10 -12 11 -12 8 -10 11 -14 9 -9 11 -11 10 -13 10 -13 12 -10 12 -13 10 -9 2 0 12 -11 12 -9 6 -13 6 -11 8 -13 10 -11 6 -10 9 -14 8 -13 8 -14 8 -11 7 -10 8 -11 4 -11 3 -13 4 -14 4 -14 7 -15 5 -14 5 -15 6 -14 3 -11 2 -12 1 -15 3 -13 3 -12 0 1 0 0 0 0 0 0 0 0 ]
CSI_DATA,AP,68:FE:71:12:53:8C,-43,11,1,6,1,1,1,1,0,0,0,-95,3,6,1,89107480,0,84,0,0,89.107,384,[84 -64 4 0 0 0 0 0 0 0 0 0 -14 -12 -15 -14 -15 -12 -14 -13 -16 -17 -13 -12 -14 -17 -11 -14 -11 -16 -14 -15 -13 -16 -15 -17 -14 -17 -12 -15 -12 -16 -12 -16 -8 -14 -12 -16 -10 -14 -8 -17 -12 -13 -11 -17 -11 -15 -11 -16 -12 -15 -12 -14 -1 1 -11 -14 -11 -15 -12 -12 -11 -14 -9 -11 -13 -12 -11 -11 -10 -13 -9 -12 -9 -10 -13 -11 -11 -12 -12 -13 -13 -10 -10 -12 -15 -12 -11 -12 -14 -8 -14 -12 -13 -10 -15 -8 -15 -10 -16 -10 -13 -9 -16 -11 -12 -9 0 -1 0 0 0 0 0 0 0 0 ]
CSI_DATA,AP,68:FE:71:12:53:8C,-41,11,1,6,1,1,1,0,0,0,0,-94,0,6,1,89225853,0,84,0,0,89.226,384,[84 -64 4 0 0 0 0 0 0 0 0 0 0 -18 3 -18 4 -22 6 -18 2 -18 6 -20 5 -21 4 -18 5 -19 5 -19 9 -17 5 -17 9 -16 6 -16 7 -15 7 -20 5 -18 9 -18 8 -17 9 -14 8 -16 9 -17 5 -16 5 -14 7 -16 8 -13 -2 1 8 -13 6 -17 7 -17 5 -14 2 -12 5 -15 4 -16 3 -14 2 -15 5 -16 5 -16 1 -15 4 -15 0 -14 2 -16 4 -18 3 -14 0 -15 -1 -14 1 -14 1 -15 3 -17 1 -15 -3 -17 -1 -16 -2 -16 0 -2 0 0 0 0 0 0 0 0 ]
CSI_DATA,AP,68:FE:71:12:53:8C,-39,11,1,6,1,1,1,0,0,0,0,-94,0,6,1,89311627,0,84,0,0,89.312,384,[84 -64 4 0 0 0 0 0 0 0 0 0 5 20 4 17 5 19 5 22 2 21 5 22 4 18 0 19 0 19 3 21 1 18 0 21 3 19 0 22 2 17 -1 21 -1 20 0 18 -2 20 -2 16 1 19 -2 17 -2 16 3 19 2 15 0 15 2 2 3 17 4 14 4 17 5 17 5 15 1 17 2 16 1 14 2 13 2 12 5 13 5 13 6 13 5 15 4 16 7 17 7 15 5 13 6 16 4 13 8 14 5 15 6 13 8 16 7 11 10 12 2 1 0 0 0 0 0 0 0 0 ]
CSI_DATA,AP,68:FE:71:12:53:8C,-38,11,1,6,1,1,1,0,0,0,0,-94,0,6,1,89449169,0,84,0,0,89.449,384,[84 -64 4 0 0 0 0 0 0 0 0 0 20 7 21 8 19 10 19 12 16 8 16 10 18 11 18 8 16 11 14 11 16 13 14 12 14 13 16 10 14 14 16 13 14 10 12 11 14 11 14 10 15 9 15 9 12 9 15 12 16 9 15 9 2 0 16 11 16 10 13 12 15 5 14 7 13 7 13 6 13 9 14 5 12 8 13 5 13 4 17 3 13 6 14 7 18 5 17 5 16 3 13 3 13 5 17 5 13 5 13 1 15 1 16 5 15 4 0 -2 0 0 0 0 0 0 0 0 ]
CSI_DATA,AP,68:FE:71:12:53:8C,-37,11,1,6,1,1,1,0,0,0,0,-94,0,6,1,89557005,0,84,0,0,89.557,384,[84 -64 4 0 0 0 0 0 0 0 0 0 -6 21 -4 20 -4 19 -9 24 -7 20 -9 17 -7 21 -10 17 -11 21 -9 20 -10 18 -9 18 -9 20 -9 18 -9 14 -9 18 -13 18 -8 13 -11 15 -12 15 -10 17 -9 15 -12 13 -10 15 -12 15 -10 16 -1 -1 -10 17 -10 17 -7 18 -5 14 -8 15 -5 18 -6 17 -5 17 -8 16 -3 13 -6 16 -3 16 -6 16 -5 16 -3 18 -2 17 -4 19 -2 18 -2 16 -2 16 -5 15 -1 14 -3 16 0 18 0 16 -3 19 0 1 0 0 0 0 0 0 0 0 ]
CSI_DATA,AP,68:FE:71:12:53:8C,-41,11,1,6,1,1,1,0,0,0,0,-94,0,6,1,89662740,0,84,0,0,89.663,384,[84 -64 4 0 0 0 0 0 0 0 0 0 -15 -18 -14 -16 -12 -16 -13 -17 -15 -21 -13 -20 -10 -20 -9 -21 -9 -17 -10 -22 -10 -23 -10 -21 -8 -19 -9 -22 -9 -19 -8 -19 -8 -18 -8 -16 -9 -17 -7 -17 -7 -20 -5 -17 -8 -17 -7 -18 -6 -19 -8 -18 -1 -2 -9 -19 -9 -16 -8 -19 -8 -16 -7 -16 -9 -18 -6 -19 -10 -17 -9 -13 -9 -12 -9 -17 -10 -16 -12 -17 -11 -15 -9 -15 -10 -14 -11 -13 -13 -12 -14 -14 -14 -14 -14 -16 -14 -15 -11 -12 -14 -15 -11 -12 -13 -12 0 2 0 0 0 0 0 0 0 0 ]
CSI_DATA,AP,68:FE:71:12:53:8C,-40,11,1,6,1,1,1,0,0,0,0,-95,0,6,1,89782825,0,84,0,0,89.783,384,[84 -64 4 0 0 0 0 0 0 0 0 0 -18 13 -20 11 -17 11 -22 11 -18 11 -20 9 -21 8 -19 6 -19 5 -21 7 -19 9 -21 7 -20 5 -22 8 -18 3 -22 3 -18 2 -20 5 -16 3 -19 5 -19 5 -17 1 -18 2 -16 3 -20 6 -15 4 0 0 -17 5 -16 5 -20 3 -15 7 -16 5 -17 4 -16 8 -14 5 -18 5 -16 7 -16 7 -12 6 -18 9 -13 11 -16 5 -17 10 -15 8 -13 10 -15 10 -12 10 -16 8 -13 10 -15 12 -14 12 -16 11 -13 8 1 2 0 0 0 0 0 0 0 0 ]
CSI_DATA,AP,68:FE:71:12:53:8C,-40,11,1,6,1,1,1,0,0,0,0,-94,0,6,1,89916912,0,84,0,0,89.917,384,[84 -64 4 0 0 0 0 0 0 0 0 0 -22 -4 -22 -7 -24 -9 -24 -7 -21 -9 -21 -7 -18 -9 -17 -12 -18 -12 -20 -12 -22 -11 -19 -12 -21 -12 -17 -13 -17 -10 -17 -11 -19 -9 -15 -10 -18 -12 -16 -13 -15 -10 -14 -12 -15 -9 -14 -10 -16 -10 -14 -9 0 1 -15 -8 -18 -9 -16 -11 -16 -9 -16 -10 -17 -8 -16 -9 -18 -7 -16 -7 -14 -7 -18 -6 -18 -3 -14 -4 -18 -4 -15 -3 -16 -3 -20 -3 -18 -6 -20 -2 -17 -3 -20 -3 -18 -4 -16 -3 -19 -2 -17 -4 -16 -1 1 -2 0 0 0 0 0 0 0 0 ]
CSI_DATA,AP,68:FE:71:12:53:8C,-42,11,1,5,1,1,1,0,0,0,0,-95,0,6,1,90080990,0,84,0,0,90.081,384,[84 -64 4 0 0 0 0 0 0 0 0 0 -16 -13 -18 -12 -17 -13 -21 -14 -19 -16 -18 -15 -17 -14 -15 -18 -13 -15 -13 -14 -13 -19 -16 -15 -16 -18 -12 -15 -11 -17 -15 -16 -14 -17 -12 -14 -15 -15 -10 -18 -12 -15 -10 -16 -8 -15 -14 -15 -11 -14 -11 -15 1 -1 -9 -15 -11 -15 -14 -13 -11 -12 -13 -11 -11 -14 -14 -15 -13 -14 -14 -14 -14 -10 -17 -14 -14 -13 -13 -13 -15 -11 -17 -10 -18 -13 -15 -13 -18 -11 -13 -10 -17 -8 -15 -9 -15 -12 -18 -10 -19 -9 -15 -8 -18 -8 1 -1 0 0 0 0 0 0 0 0 ]
CSI_DATA,AP,68:FE:71:12:53:8C,-42,11,1,4,1,1,1,0,0,0,0,-96,0,6,1,90177275,0,84,0,0,90.177,384,[84 -64 4 0 0 0 0 0 0 0 0 0 21 -7 17 -8 20 -5 20 -4 22 -5 19 -5 18 -5 21 -3 21 -3 21 -2 20 -1 20 -4 18 -2 18 -1 19 2 21 -3 18 1 19 1 16 0 15 1 17 -1 18 -1 15 -3 17 0 18 1 18 1 -1 -1 17 -3 17 -4 16 0 15 -5 16 -4 17 -1 15 -3 13 -5 15 -2 13 -4 14 -6 12 -5 13 -7 15 -5 14 -7 16 -6 17 -7 11 -6 15 -6 13 -6 14 -9 15 -9 13 -10 13 -10 12 -7 14 -7 1 -1 0 0 0 0 0 0 0 0 ]
CSI_DATA,AP,68:FE:71:12:53:8C,-40,11,1,4,1,1,1,0,0,0,0,-95,0,6,1,90315416,0,84,0,0,90.315,384,[84 -64 4 0 0 0 0 0 0 0 0 0 -1 20 -1 22 -5 19 -2 23 -5 21 -7 18 -5 20 -5 21 -9 20 -6 18 -8 19 -10 19 -10 21 -7 20 -6 16 -8 20 -7 15 -9 15 -9 17 -7 14 -6 16 -6 17 -7 17 -9 16 -10 15 -8 14 -2 -2 -8 16 -7 17 -4 15 -5 18 -6 13 -4 15 -3 14 -3 14 -5 17 -4 15 -4 14 -4 17 -1 14 -4 17 -4 18 0 18 -3 15 1 16 0 15 2 13 -2 19 1 13 1 15 2 19 2 18 0 14 -1 -2 0 0 0 0 0 0 0 0 ]
