type,role,mac,rssi,rate,sig_mode,mcs,bandwidth,smoothing,not_sounding,aggregation,stbc,fec_coding,sgi,noise_floor,ampdu_cnt,channel,secondary_channel,local_timestamp,ant,sig_len,rx_state,real_time_set,real_timestamp,len,CSI_DATA
CSI_DATA,AP,68:FE:71:12:53:8C,-38,11,1,5,1,1,1,1,0,0,0,-96,4,6,1,6818510,0,84,0,0,6.8185,384,[82 -96 4 0 0 0 0 0 0 0 0 0 -11 -2 -10 -6 -20 -9 -27 -7 -20 -19 -13 -14 -19 -9 -15 0 -27 -20 -18 -14 -12 -2 -21 1 -20 -19 -3 -8 -3 -10 -16 -12 -9 -22 -7 -14 -13 -5 -17 -20 -14 -18 -2 -17 0 -2 -18 -4 -6 -20 -15 -5 12 3 -19 3 -24 -12 -10 2 -14 -14 -20 0 -2 -16 -5 -1 -18 -15 -24 -7 -16 -10 -1 -13 -4 -13 -13 -14 -1 -9 -10 -12 -25 2 -15 -13 -17 -2 -11 -7 -19 -4 -5 -15 -2 -9 -8 4 -27 -10 -9 2 -17 -4 -11 -4 0 0 0 0 0 0 0 0 ]
CSI_DATA,AP,68:FE:71:12:53:8C,-39,11,1,4,1,1,1,1,0,0,0,-94,4,6,1,6896138,0,84,0,0,6.8961,384,[84 -64 4 0 0 0 0 0 0 0 0 0 -7 12 8 21 -11 9 -10 24 -13 26 -2 30 9 25 -5 6 -11 10 -3 25 2 17 -14 7 4 15 -8 27 8 13 -12 6 -1 26 6 15 -2 18 9 17 0 27 9 6 9 8 1 18 -3 28 1 6 7 -7 -1 24 8 7 5 16 -6 13 3 19 8 17 -3 18 1 23 10 9 8 5 -6 4 -7 22 7 10 3 5 -5 14 4 8 -10 7 11 15 7 4 1 2 -4 22 -7 4 8 24 6 21 -2 24 13 9 -11 -6 0 0 0 0 0 0 0 0 ]
CSI_DATA,AP,68:FE:71:12:53:8C,-35,11,1,7,1,1,1,0,0,0,0,-93,0,6,1,6979806,0,84,0,0,6.9798,384,[84 -64 4 0 0 0 0 0 0 0 0 0 26 4 24 8 9 17 13 4 22 15 21 0 26 5 29 -2 12 21 15 12 28 2 7 -1 19 2 10 -2 4 18 19 -2 3 10 3 7 3 14 16 14 9 1 4 20 14 -3 7 21 7 -2 21 11 3 4 14 -4 8 8 13 0 11 3 4 16 3 2 4 -1 11 10 21 6 21 15 7 2 3 -4 21 17 9 3 8 7 21 -7 21 9 16 6 8 10 27 -2 14 -8 7 0 22 -1 19 11 14 -2 21 -8 -9 4 0 0 0 0 0 0 0 0 ]
CSI_DATA,AP,68:FE:71:12:53:8C,-43,11,1,6,1,1,1,0,0,0,0,-94,0,6,1,7046577,0,84,0,0,7.0466,384,[84 -64 4 0 0 0 0 0 0 0 0 0 25 2 10 15 10 21 20 12 10 22 5 19 12 26 16 26 18 4 7 16 7 7 2 22 12 15 19 6 18 12 20 19 5 26 14 26 15 6 21 8 18 18 4 15 14 5 8 4 15 21 13 6 -5 -12 10 10 2 13 9 24 19 10 9 25 14 20 -2 23 23 14 15 3 14 14 23 10 9 6 8 16 11 8 15 0 15 22 23 16 9 1 18 14 20 14 7 14 25 20 9 -1 10 11 5 1 18 -2 7 2 0 0 0 0 0 0 0 0 ]
CSI_DATA,AP,68:FE:71:12:53:8C,-40,11,1,4,1,1,1,1,0,0,0,-95,5,6,1,7133376,0,84,0,0,7.1334,384,[84 -64 4 0 0 0 0 0 0 0 0 0 -17 -13 -8 5 -26 -17 -21 -7 -7 -14 -23 -5 -22 -13 -14 -10 -26 -7 -18 -16 -17 -2 -9 1 -25 -22 -18 -13 -22 -19 -15 -10 -10 -11 -21 -5 -6 -19 -24 -4 -18 -2 -11 0 -17 -4 -20 -21 -24 -6 -19 -12 7 -10 -26 2 -25 -16 -26 -8 -6 1 -23 -3 -5 -9 -21 -6 -25 -6 -24 -7 -13 1 -26 0 -24 -11 -6 -7 -5 4 -11 -16 -17 -4 -24 6 -6 6 -11 7 -25 -14 -8 3 -8 -8 -13 0 -4 -4 -16 6 -24 -12 4 2 0 0 0 0 0 0 0 0 ]
CSI_DATA,AP,68:FE:71:12:53:8C,-44,11,1,4,1,1,1,0,0,0,0,-94,0,6,1,7203227,0,84,0,0,7.2032,384,[84 -64 4 0 0 0 0 0 0 0 0 0 8 -14 2 -9 16 -23 22 -23 12 -11 8 -10 13 -26 7 -23 1 -11 15 -11 25 -15 7 -16 9 -20 8 0 25 -20 14 -10 20 -6 6 2 14 -17 20 -2 11 -12 10 -18 8 -11 23 -2 24 2 9 -10 4 -12 3 -2 0 0 14 1 12 -8 19 -18 6 -4 7 -21 9 -1 2 -9 -3 -5 20 -19 6 -13 9 -11 11 -11 -1 -22 18 -13 9 -22 -3 -5 -4 -12 0 -23 13 -8 19 -21 6 -23 2 -16 0 -19 12 -10 -2 7 0 0 0 0 0 0 0 0 ]
CSI_DATA,AP,68:FE:71:12:53:8C,-39,11,0,0,0,0,0,0,0,0,0,-95,0,6,1,7267750,0,37,0,0,7.2678,128,[84 -64 4 0 0 0 0 0 0 0 0 0 48 7 49 16 32 -5 46 7 45 7 37 15 42 9 29 6 39 4 39 3 36 23 27 27 31 8 30 22 21 16 29 16 21 8 21 14 42 16 25 18 40 8 38 23 31 8 40 12 35 14 41 4 -8 -4 26 9 19 10 39 16 18 12 41 14 20 16 39 20 26 9 32 6 19 -4 42 -2 30 5 39 13 20 3 32 14 31 8 24 0 29 9 40 9 26 10 26 6 33 -8 36 3 42 12 22 11 33 5 -1 8 0 0 0 0 0 0 0 0 ]
CSI_DATA,AP,68:FE:71:12:53:8C,-40,11,1,5,1,1,1,0,0,0,0,-95,0,6,1,7377983,0,84,0,0,7.378,384,[84 -64 4 0 0 0 0 0 0 0 0 0 3 33 -4 32 -5 48 -24 38 -24 48 -4 25 -7 43 -22 40 -23 33 -17 31 -29 34 -21 33 -27 36 -26 39 -20 33 -21 25 -9 33 -24 24 -31 36 -31 42 -27 34 -22 24 -21 35 -17 28 -20 26 -28 30 12 6 -22 33 -10 27 -15 33 -15 34 -21 40 -18 19 -16 30 -4 21 -19 37 -5 19 -8 37 -12 35 -8 21 -19 27 -4 20 -2 20 -20 41 4 35 -16 30 -3 22 1 21 0 42 -1 34 -17 45 -13 30 -13 23 0 3 0 0 0 0 0 0 0 0 ]
CSI_DATA,AP,68:FE:71:12:53:8C,-36,11,1,5,1,1,1,0,0,0,0,-95,0,6,1,7419052,0,84,0,0,7.4191,384,[84 -64 4 0 0 0 0 0 0 0 0 0 1 -22 -1 -14 2 -23 -15 -26 -5 -21 -7 -13 -9 -11 9 -14 6 -11 9 -12 -8 -26 -8 -23 7 -15 -2 -18 -2 -23 9 -7 13 -22 11 -25 0 -21 10 -23 1 -12 -7 -30 3 -29 5 -27 2 -9 0 -5 -5 -1 -3 -21 8 -26 7 -6 -4 -22 9 -26 -10 -16 -5 -28 0 -14 4 -13 -3 -27 10 -21 3 -26 -8 -19 -10 -15 -9 -25 -12 -22 6 -24 -2 -23 2 -16 -1 -12 0 -24 3 -15 1 -26 -7 -5 -9 -25 -14 -6 10 7 0 0 0 0 0 0 0 0 ]
CSI_DATA,AP,68:FE:71:12:53:8C,-39,11,1,4,1,1,1,0,0,0,0,-95,0,6,1,7474797,0,84,0,0,7.4748,384,[84 -64 4 0 0 0 0 0 0 0 0 0 9 8 4 15 3 15 -1 12 8 27 20 5 3 23 20 9 10 27 19 14 9 10 6 7 18 22 6 24 17 15 5 8 10 17 12 4 3 14 9 6 2 11 4 14 10 5 12 15 8 14 -5 17 9 -8 -4 16 15 18 -6 19 5 17 18 6 1 6 5 14 7 23 13 23 14 1 9 6 19 12 -3 21 6 9 -2 24 13 7 15 13 17 9 -1 18 13 18 17 10 1 3 17 21 16 4 19 16 21 18 11 1 0 0 0 0 0 0 0 0 ]
CSI_DATA,AP,68:FE:71:12:53:8C,-45,11,1,5,1,1,1,0,0,0,0,-95,0,6,1,7539773,0,84,0,0,7.5398,384,[84 -64 4 0 0 0 0 0 0 0 0 0 -5 19 14 16 0 8 3 17 8 9 2 23 3 12 2 31 3 7 8 19 -8 31 8 32 -2 15 -3 9 2 28 -10 18 -4 13 -9 28 -8 11 6 22 3 16 -9 14 1 8 8 10 -7 8 -5 7 -11 0 11 13 -1 4 11 23 -7 12 5 10 4 8 6 4 11 9 7 14 -4 15 13 22 13 15 -7 13 -10 4 8 26 9 20 -3 9 4 4 7 7 -3 17 7 16 2 17 12 5 -5 26 11 24 13 15 -3 -10 0 0 0 0 0 0 0 0 ]
CSI_DATA,AP,68:FE:71:12:53:8C,-41,11,1,4,1,1,1,0,0,0,0,-94,0,6,1,7619469,0,84,0,0,7.6195,384,[84 -64 4 0 0 0 0 0 0 0 0 0 -9 -21 4 -23 -7 -20 12 -31 14 -26 4 -15 15 -24 0 -11 5 -17 18 -27 -1 -16 -5 -20 12 -21 19 -19 20 -21 17 -21 10 -11 8 -6 13 -8 -2 -22 5 -6 3 -11 2 -14 4 -28 3 -13 8 -6 -12 10 2 -17 12 -27 7 -26 -2 -17 -6 -20 -2 -12 12 -21 16 -15 0 -6 11 -16 -4 -7 4 -24 -3 -20 -8 -16 13 -17 -5 -25 3 -17 3 -7 5 -28 -8 -9 4 -9 -11 -8 1 -9 -10 -25 6 -11 -1 -18 2 0 0 0 0 0 0 0 0 0 ]
CSI_DATA,AP,68:FE:71:12:53:8C,-41,11,1,5,1,1,1,0,0,0,0,-95,0,6,1,7686938,0,84,0,0,7.6869,384,[84 -64 4 0 0 0 0 0 0 0 0 0 -22 20 -22 2 -10 8 -23 8 -18 25 -7 15 -1 24 -15 0 -15 2 -10 13 -19 5 -13 14 -23 18 -17 7 -4 16 -10 0 -23 12 -10 18 -24 21 -19 12 -11 2 -2 3 -11 13 -4 6 -21 4 -20 0 5 3 -1 2 -22 7 -6 3 -9 6 -10 20 -5 -1 -21 0 0 2 -15 9 -19 18 -19 18 -10 9 -2 0 -15 19 -9 17 -11 6 -4 23 -11 18 3 21 -14 23 -20 20 -11 24 -17 8 -17 13 -13 4 -18 11 -2 -3 0 0 0 0 0 0 0 0 ]
CSI_DATA,AP,68:FE:71:12:53:8C,-36,11,1,5,1,1,1,1,0,0,0,-94,6,6,1,7771723,0,84,0,0,7.7717,384,[84 -64 4 0 0 0 0 0 0 0 0 0 -11 8 -15 7 -18 0 -8 8 -28 19 -28 4 -8 15 -31 17 -7 2 -26 13 -9 7 -12 11 -14 -1 -24 4 -28 -3 -30 12 -20 -8 -28 8 -7 -2 -10 12 -10 9 -15 -10 -13 13 -22 -10 -26 10 -16 6 11 -2 -14 4 -11 10 -23 -5 -17 -4 -5 11 -23 9 -6 6 -27 -3 -3 1 -27 5 -16 -5 -13 -7 -17 3 -14 7 -19 7 -16 -3 -3 -5 -9 16 -12 19 -5 12 -3 9 -7 -2 -20 11 -22 8 -21 0 -14 4 -10 3 0 0 0 0 0 0 0 0 ]
CSI_DATA,AP,68:FE:71:12:53:8C,-41,11,1,5,1,1,1,0,0,0,0,-93,0,6,1,7841913,0,84,0,0,7.8419,384,[84 -64 4 0 0 0 0 0 0 0 0 0 0 -16 -2 -14 8 -14 2 -17 1 3 -2 -17 -6 2 9 3 9 2 2 -19 -2 -14 1 1 15 -16 2 5 9 -1 -6 -7 9 -4 12 6 -6 -18 17 -15 9 -13 18 -6 1 -11 6 -9 -2 5 -4 -7 11 -4 -3 1 15 -1 17 -17 7 -4 9 -6 -8 6 -2 0 8 -14 -2 0 2 -5 12 5 15 -9 6 1 -6 -1 -2 -4 6 -7 -5 -4 0 -10 13 -9 9 -18 5 -15 10 -16 10 -17 3 -5 3 -15 -3 -10 1 12 0 0 0 0 0 0 0 0 ]
CSI_DATA,AP,68:FE:71:12:53:8C,-42,11,1,6,1,1,1,1,0,0,0,-94,2,6,1,7935328,0,84,0,0,7.9353,384,[84 -64 4 0 0 0 0 0 0 0 0 0 -24 -8 -17 4 -10 -4 -20 -2 -25 -10 -18 -17 -26 -7 -22 0 -13 0 -25 -10 -19 -16 -7 -10 -28 -13 -8 -4 -14 -14 -15 -11 -9 -17 -12 -4 -29 -20 -23 -6 -18 -6 -25 -14 -8 -6 -13 -13 -25 -3 -9 0 12 -12 -26 0 -10 -12 -12 -2 -6 -11 -19 -2 -3 0 -25 -17 -13 -10 -23 -3 -20 -6 -5 3 -12 -7 -17 8 -6 6 -24 -15 -9 -3 -21 3 -18 4 -18 -7 -27 8 -28 6 -14 -1 -11 10 -5 0 -26 4 -9 -12 5 -4 0 0 0 0 0 0 0 0 ]
CSI_DATA,AP,68:FE:71:12:53:8C,-46,11,1,4,1,1,1,1,0,0,0,-94,3,6,1,8011420,0,84,0,0,8.0114,384,[84 -64 4 0 0 0 0 0 0 0 0 0 16 -11 22 -11 22 -16 22 -19 6 -2 17 -12 14 -10 15 -16 13 -6 7 -2 24 -2 23 -11 24 3 2 -3 2 -3 14 -11 4 0 5 -12 24 -5 20 -19 1 -1 5 -12 18 -17 6 -17 15 -18 22 -7 11 10 15 -6 19 3 0 -6 3 -11 3 -8 2 -9 4 -10 13 -12 13 -6 22 -3 7 -1 8 -18 12 -11 14 0 5 1 5 -1 19 -14 1 -2 18 -15 8 -11 1 -1 8 -5 10 -20 11 -21 16 -1 4 -21 7 -7 0 0 0 0 0 0 0 0 ]
CSI_DATA,AP,68:FE:71:12:53:8C,-40,11,0,0,0,0,0,0,0,0,0,-94,0,6,1,8095717,0,37,0,0,8.0957,128,[84 -64 4 0 0 0 0 0 0 0 0 0 -6 24 -6 17 -6 25 12 15 9 24 8 7 0 8 4 27 -9 23 -2 20 3 18 2 16 2 6 -12 14 4 15 -10 8 -7 19 4 27 -11 26 11 19 10 3 -2 3 -11 6 10 19 9 13 -9 21 2 -9 -2 13 1 17 1 10 -7 9 1 26 12 9 -2 20 5 17 -7 21 5 18 -4 22 10 12 -2 17 -7 12 9 25 -5 9 -3 4 -9 25 7 15 10 15 8 17 5 8 15 13 4 24 -5 14 7 6 -7 0 0 0 0 0 0 0 0 0 ]
CSI_DATA,AP,68:FE:71:12:53:8C,-40,11,1,5,1,1,1,0,0,0,0,-95,0,6,1,8162724,0,84,0,0,8.1627,384,[84 -64 4 0 0 0 0 0 0 0 0 0 36 -26 20 -36 27 -30 39 -36 33 -30 32 -12 33 -32 42 -29 23 -15 32 -18 35 -10 26 -23 43 -18 22 -19 44 -8 43 -20 27 -5 32 -25 29 -16 21 -17 24 -5 39 -14 29 -17 42 -19 37 -20 23 -17 -10 9 18 -8 28 -24 25 -11 26 -10 38 -6 33 -24 33 -20 19 -10 15 -11 14 -26 13 -23 16 -17 34 -11 32 -24 20 -28 14 -22 19 -26 11 -32 11 -34 9 -27 31 -14 24 -34 35 -36 20 -25 19 -27 24 -23 4 -9 0 0 0 0 0 0 0 0 ]
CSI_DATA,AP,68:FE:71:12:53:8C,-43,11,1,5,1,1,1,0,0,0,0,-94,0,6,1,8236196,0,84,0,0,8.2362,384,[84 -64 4 0 0 0 0 0 0 0 0 0 3 26 -18 14 2 24 -9 29 -2 14 -19 20 2 13 -12 19 -14 19 -10 13 -21 24 1 5 -8 28 -8 9 1 22 -10 9 -8 18 -6 12 -21 16 -10 22 -20 4 0 24 -13 17 -18 25 -7 14 -14 6 -12 10 -18 20 1 10 -5 3 -16 14 -16 16 -14 10 2 24 -1 18 -10 11 -16 14 -17 18 -17 15 -4 12 -12 25 -8 14 -15 9 -6 7 7 9 -1 13 3 13 5 24 -14 11 10 13 8 12 10 2 0 14 2 2 0 0 0 0 0 0 0 0 ]
CSI_DATA,AP,68:FE:71:12:53:8C,-42,11,1,6,1,1,1,0,0,0,0,-94,0,6,1,8304357,0,84,0,0,8.3044,384,[84 -64 4 0 0 0 0 0 0 0 0 0 16 4 25 -9 23 -2 24 -8 12 -17 13 5 16 1 11 -7 12 -10 15 -2 13 3 25 -10 22 -12 17 3 29 3 21 -10 22 -3 12 -6 16 7 10 3 21 4 28 8 13 -11 8 0 21 0 19 5 -9 -5 6 0 6 -8 25 -5 15 -11 5 1 19 6 18 4 23 -7 14 9 16 -11 26 -17 2 3 4 -17 15 -15 20 3 12 -2 8 -18 4 -15 22 -18 19 -13 9 -15 24 -10 10 -10 13 -6 4 -20 9 -8 -9 -5 0 0 0 0 0 0 0 0 ]
CSI_DATA,AP,68:FE:71:12:53:8C,-43,11,1,6,1,1,1,0,0,0,0,-95,0,6,1,8382771,0,84,0,0,8.3828,384,[84 -64 4 0 0 0 0 0 0 0 0 0 5 27 -12 20 0 23 2 32 -5 16 -9 26 -2 27 -21 21 -10 8 -10 26 -22 9 -7 29 -13 7 -3 16 -5 14 0 27 0 4 -23 15 -6 12 -9 25 -16 21 -13 10 -12 14 -22 5 -13 13 -12 8 -1 -10 -22 4 -20 16 -13 19 -21 7 -6 20 -19 24 -6 22 -6 25 -7 15 -3 14 -1 21 -3 4 -6 18 -15 5 -16 7 2 25 -4 13 -6 25 -6 27 -1 21 -6 18 -11 20 3 22 4 25 -8 16 3 7 -2 -10 0 0 0 0 0 0 0 0 ]
CSI_DATA,AP,68:FE:71:12:53:8C,-38,11,1,6,1,1,1,0,0,0,1,-94,0,6,1,8444250,0,84,0,0,8.4443,384,[84 -64 4 0 0 0 0 0 0 0 0 0 18 22 1 28 10 12 5 13 19 16 18 15 15 20 14 30 4 26 7 25 -5 18 1 22 13 16 -4 11 12 26 -2 10 -4 23 4 30 -1 8 -3 22 -6 25 -9 24 5 7 -3 14 -1 30 5 10 3 9 13 25 12 26 -4 15 15 8 0 17 2 22 12 24 -7 27 -3 27 -6 8 12 26 -2 24 8 21 -5 5 13 11 0 13 7 19 -5 7 16 16 -1 23 4 4 1 16 20 10 17 12 13 23 3 27 7 -1 0 0 0 0 0 0 0 0 ]
CSI_DATA,AP,68:FE:71:12:53:8C,-38,11,1,6,1,1,1,0,0,0,0,-94,0,6,1,8524971,0,84,0,0,8.525,384,[84 -64 4 0 0 0 0 0 0 0 0 0 8 -30 17 -28 7 -23 3 -13 16 -27 0 -26 -1 -23 11 -26 -1 -5 12 -12 24 -14 1 -6 0 -9 10 -19 7 -9 21 -18 -1 -5 21 -9 6 -10 5 -26 23 -14 17 -26 14 -25 11 -21 13 -12 3 -20 -12 2 6 -10 9 -2 18 -13 8 -12 8 -4 0 -23 7 -18 11 -13 9 -4 7 -11 -5 -11 10 -23 8 -18 2 -2 8 -15 2 -14 6 -18 -1 -16 4 -15 6 -23 17 -6 -3 -10 -3 -8 15 -4 3 -23 -3 -20 2 8 0 0 0 0 0 0 0 0 ]
CSI_DATA,AP,68:FE:71:12:53:8C,-39,11,1,6,1,1,1,0,0,0,0,-95,0,6,1,8599107,0,84,0,0,8.5991,384,[84 -64 4 0 0 0 0 0 0 0 0 0 7 25 10 3 4 22 21 9 2 14 3 13 1 28 5 26 15 6 17 23 -1 6 11 19 16 18 0 12 13 24 9 7 -2 18 14 16 4 14 17 21 -5 21 -6 27 0 22 6 6 17 22 12 18 10 9 -6 3 12 2 14 21 -6 12 15 8 2 21 4 10 16 19 16 6 -2 4 11 24 -2 0 14 3 -4 8 6 22 11 9 13 19 17 10 4 2 15 1 8 0 -3 20 4 5 5 19 20 19 13 7 6 7 0 0 0 0 0 0 0 0 ]
CSI_DATA,AP,68:FE:71:12:53:8C,-43,11,1,6,1,1,1,0,0,0,0,-95,0,6,1,8719334,0,84,0,0,8.7193,384,[84 -64 4 0 0 0 0 0 0 0 0 0 19 -19 13 -25 27 -22 27 -22 23 -22 17 -6 27 -22 27 -6 13 -22 7 -9 12 -12 22 -1 9 -13 24 3 6 3 28 -5 8 -13 10 -18 8 -19 22 -17 4 -8 11 -18 27 4 12 -3 15 1 15 4 -9 6 13 -7 2 2 25 -14 19 -1 13 -6 7 -19 5 -8 14 -18 10 -18 10 -21 24 -21 15 -19 6 -13 20 -3 24 -14 7 -21 22 -5 14 -15 23 -20 9 -9 7 -24 12 -1 12 -18 5 -25 12 -6 -1 -10 -2 -8 0 0 0 0 0 0 0 0 ]
CSI_DATA,AP,68:FE:71:12:53:8C,-39,11,1,6,1,1,1,1,0,0,0,-94,6,6,1,8832741,0,84,0,0,8.8327,384,[84 -64 4 0 0 0 0 0 0 0 0 0 5 10 21 5 12 18 19 20 3 11 20 12 19 18 2 16 12 12 8 8 10 16 11 26 8 19 5 21 14 17 21 26 5 3 4 22 17 14 17 26 12 19 13 16 16 3 16 24 22 25 8 12 0 -6 13 8 19 6 6 15 -1 15 8 24 1 13 4 15 15 22 18 22 10 2 5 3 21 7 11 -3 8 -2 24 15 7 15 15 5 7 -2 5 0 8 1 9 7 14 11 6 12 8 19 2 17 14 9 8 -2 0 0 0 0 0 0 0 0 ]
CSI_DATA,AP,68:FE:71:12:53:8C,-37,11,1,5,1,1,1,0,0,0,0,-93,0,6,1,8927321,0,84,0,0,8.9273,384,[84 -64 4 0 0 0 0 0 0 0 0 0 -8 -9 2 -16 15 -26 -8 -24 -2 -30 -1 -23 -1 -23 -2 -7 16 -22 1 -16 6 -22 2 -24 4 -27 -2 -19 12 -15 2 -29 18 -7 7 -9 9 -20 18 -28 4 -15 18 -22 1 -25 13 -27 -3 -22 17 -23 6 12 17 -12 7 -12 -5 -5 5 -12 7 -14 3 -27 7 -18 3 -29 7 -9 11 -28 -2 -21 14 -27 12 -26 7 -27 0 -19 2 -9 4 -20 12 -27 -8 -5 -5 -13 -10 -23 -8 -13 9 -20 -4 -14 0 -20 6 -27 11 -2 0 0 0 0 0 0 0 0 ]
CSI_DATA,AP,68:FE:71:12:53:8C,-44,11,1,5,1,1,1,0,0,0,0,-93,0,6,1,8986956,0,84,0,0,8.987,384,[84 -64 4 0 0 0 0 0 0 0 0 0 -26 1 -27 12 -23 -7 -12 -11 -20 -15 -14 6 -13 -3 -21 -5 -25 -17 -11 -6 -16 -17 -12 -6 -14 -2 -31 -7 -30 -14 -33 -12 -22 -18 -10 -3 -23 4 -10 5 -23 -15 -17 -1 -19 -10 -25 -9 -10 -10 -7 -14 -1 -5 -21 -7 -22 2 -10 -7 -23 5 -7 -13 -20 3 -30 3 -20 -5 -19 -1 -28 10 -7 -8 -15 1 -14 -6 -24 9 -20 -2 -7 -7 -20 -1 -13 -5 -24 -3 -6 -4 -22 -8 -27 2 -13 4 -10 -4 -14 12 -10 13 9 -2 0 0 0 0 0 0 0 0 ]
CSI_DATA,AP,68:FE:71:12:53:8C,-39,11,1,6,1,1,1,0,0,0,0,-94,0,6,1,9083513,0,84,0,0,9.0835,384,[-117 -80 8 0 0 0 0 0 0 0 0 0 3 12 16 1 -3 11 -9 22 9 -1 1 17 -6 0 -1 10 9 12 14 15 -9 21 9 1 6 17 2 0 7 13 5 4 2 14 2 12 11 25 -6 28 8 2 7 14 -1 5 4 13 18 -5 19 4 12 -7 -2 16 8 15 1 14 8 -2 17 0 13 16 12 17 21 -3 -1 -1 17 18 4 7 21 15 7 13 4 -2 9 -10 20 6 15 -3 12 -10 9 -5 10 -11 3 -6 15 8 -5 10 1 -4 0 14 10 2 -6 8 0 0 0 0 0 0 0 0 ]
CSI_DATA,AP,68:FE:71:12:53:8C,-39,11,1,4,1,1,1,1,0,0,0,-93,3,6,1,9169944,0,84,0,0,9.1699,384,[84 -64 4 0 0 0 0 0 0 0 0 0 -26 2 -18 -7 -17 -5 -34 0 -33 -10 -17 -11 -23 10 -17 -3 -31 -12 -10 11 -34 -3 -13 9 -30 -6 -21 -10 -22 -10 -17 -11 -13 -12 -28 -5 -13 -2 -11 9 -8 -7 -20 -1 -23 1 -21 6 -24 3 -19 8 2 1 -11 3 -28 11 -8 -1 -17 -6 -12 -7 -22 -1 -30 -10 -25 -3 -6 3 -27 -5 -7 12 -18 10 -25 3 -6 0 -13 7 -10 3 -18 16 -25 8 -8 10 -22 8 -17 17 -24 16 -7 17 -29 13 -28 11 -4 -3 -3 -3 0 0 0 0 0 0 0 0 ]
CSI_DATA,AP,68:FE:71:12:53:8C,-42,11,1,5,1,1,1,0,0,0,1,-96,0,6,1,9238261,0,84,0,0,9.2383,384,[84 -64 4 0 0 0 0 0 0 0 0 0 28 3 10 2 30 10 11 21 21 24 17 15 11 11 3 10 24 15 3 18 2 15 20 21 23 14 3 12 9 23 19 4 3 12 22 5 21 4 21 6 6 15 11 18 -1 7 14 8 5 7 4 8 -4 2 18 13 19 6 17 23 17 7 13 2 0 14 1 9 7 7 3 9 6 1 9 11 23 7 4 -1 19 12 20 4 23 -1 11 1 3 8 13 0 9 10 17 14 19 15 26 10 27 1 18 2 27 3 -5 0 0 0 0 0 0 0 0 0 ]
CSI_DATA,AP,68:FE:71:12:53:8C,-43,11,1,4,1,1,1,0,0,0,0,-94,0,6,1,9296860,0,84,0,0,9.2969,384,[84 -64 4 0 0 0 0 0 0 0 0 0 -1 30 19 31 12 30 13 9 14 29 12 31 -3 31 -5 13 -7 30 4 11 -2 24 11 9 13 20 4 10 -5 25 8 25 10 26 -7 25 -10 31 4 20 -6 8 -8 7 4 18 13 7 15 7 -9 28 -1 10 -6 28 16 25 6 20 1 15 -7 19 8 24 13 27 15 11 5 26 12 13 7 24 -4 24 12 3 11 10 3 25 1 18 13 25 -2 14 -2 16 -2 2 14 11 -1 12 14 20 12 20 11 9 9 17 6 -3 0 0 0 0 0 0 0 0 ]
CSI_DATA,AP,68:FE:71:12:53:8C,-44,11,1,5,1,1,1,0,0,0,0,-94,0,6,1,9375059,0,84,0,0,9.3751,384,[84 -64 4 0 0 0 0 0 0 0 0 0 11 20 10 13 17 8 25 24 19 8 20 6 20 23 19 12 0 25 0 12 13 10 24 17 6 24 16 19 5 8 18 8 -2 15 11 16 10 16 5 23 4 19 14 16 20 15 21 23 20 24 5 9 -4 2 21 1 -1 5 14 6 10 3 -2 22 8 22 21 5 23 6 15 9 20 17 7 11 21 12 1 5 17 0 16 2 13 13 16 -1 24 13 10 12 3 7 5 11 5 17 25 15 17 20 24 11 18 1 1 11 0 0 0 0 0 0 0 0 ]
CSI_DATA,AP,68:FE:71:12:53:8C,-38,11,1,7,1,1,1,0,0,0,1,-94,0,6,1,9454778,0,84,0,0,9.4548,384,[84 -64 4 0 0 0 0 0 0 0 0 0 15 -10 10 6 33 -5 22 4 12 -1 9 -7 26 -5 17 -3 31 4 23 7 31 16 25 4 8 -3 29 14 27 -2 25 -5 13 -1 10 -1 8 0 15 -2 29 7 12 4 13 8 24 10 12 4 8 18 10 -4 25 11 28 2 26 9 4 4 19 7 21 6 18 -6 25 0 25 -7 15 -8 25 3 12 -1 24 5 29 -5 17 -3 26 10 11 12 25 -5 11 -9 6 -2 8 2 25 -4 8 10 26 -2 11 4 8 -1 -7 -9 0 0 0 0 0 0 0 0 ]
CSI_DATA,AP,68:FE:71:12:53:8C,-42,11,1,4,1,1,1,1,0,0,0,-95,5,6,1,9530164,0,84,0,0,9.5302,384,[84 -64 4 0 0 0 0 0 0 0 0 0 -31 0 -10 -15 -32 -13 -11 -2 -19 -11 -9 -5 -7 -11 -28 -2 -9 -2 -24 -16 -21 -3 -25 -7 -24 -4 -8 -24 -19 -8 -11 -3 -14 -13 -10 -20 -3 -22 -13 -2 -20 -12 -13 -1 -19 -2 -5 -23 -6 -9 -20 -9 -10 5 -19 -2 -4 -4 -7 -8 -19 -18 -2 -9 -21 -15 -10 -8 -5 -10 -16 -14 -13 -13 -28 -9 -20 6 -23 2 -5 -5 -11 -4 -7 -2 -9 -12 -6 7 -5 -17 -15 4 -17 -1 -5 3 -20 8 -20 -5 -17 -8 -16 -11 1 -7 0 0 0 0 0 0 0 0 ]
CSI_DATA,AP,68:FE:71:12:53:8C,-42,11,1,5,1,1,1,0,0,0,0,-93,0,6,1,9623977,0,84,0,0,9.624,384,[84 -64 4 0 0 0 0 0 0 0 0 0 16 7 17 8 30 -5 22 5 15 -10 28 10 17 14 26 -1 13 13 11 0 16 -9 10 -4 9 7 7 10 15 15 23 8 28 6 21 14 15 9 21 6 8 0 12 12 14 -8 6 12 27 14 26 -2 -3 -12 6 4 22 10 24 -10 9 12 7 9 4 -9 6 13 14 -1 26 8 9 -6 7 11 20 -7 10 -2 18 -4 19 6 18 2 11 10 3 -7 6 -3 19 -10 20 -10 19 -1 21 -7 23 -2 17 5 4 -14 -4 -4 0 0 0 0 0 0 0 0 ]
CSI_DATA,AP,68:FE:71:12:53:8C,-42,11,1,5,1,1,1,1,0,0,1,-94,2,6,1,9696091,0,84,0,0,9.6961,384,[84 -64 4 0 0 0 0 0 0 0 0 0 -9 -21 -26 -17 -16 -2 -17 -6 -26 -19 -8 -10 -11 -15 -3 -2 -3 -11 -20 -24 -2 -11 -26 -22 -8 -27 -2 -24 -8 -23 -22 -20 -8 -14 -14 -6 -14 -3 -1 -21 -8 -19 -20 -9 -6 -8 -2 -24 -21 -20 0 -5 12 3 -9 -8 -2 -1 -17 -8 -24 -12 -8 -23 -8 -3 -13 -20 -6 -18 -12 -6 -15 -2 -18 -2 -21 -12 -13 -20 -21 -7 -8 -6 -7 -8 -27 -16 -26 -7 -12 -20 -26 -8 -27 -18 -8 -12 -13 -5 -6 -4 -18 -12 -23 -7 4 -10 0 0 0 0 0 0 0 0 ]
CSI_DATA,AP,68:FE:71:12:53:8C,-44,11,1,5,1,1,1,1,0,0,0,-96,1,6,1,9786850,0,84,0,0,9.7868,384,[84 -64 4 0 0 0 0 0 0 0 0 0 0 -10 -14 -21 -16 -28 -20 -13 -11 -31 -8 -15 -11 -21 0 -15 -15 -30 -1 -27 -2 -32 -1 -20 -8 -23 -8 -22 6 -30 -9 -10 -11 -10 1 -24 -15 -7 5 -21 6 -13 1 -8 -10 -21 -14 -23 -1 -9 -15 -17 -1 7 3 -6 0 -27 1 -8 1 -22 -13 -10 -8 -24 -7 -19 -10 -9 -15 -12 -12 -22 -18 -18 -11 -14 1 -12 -6 -18 3 -9 -15 -24 -13 -19 -8 -17 -9 -13 -19 -4 -22 -8 2 -18 -20 -6 -21 -4 -5 -18 -17 -17 7 6 0 0 0 0 0 0 0 0 ]
CSI_DATA,AP,68:FE:71:12:53:8C,-41,11,1,5,1,1,1,0,0,0,0,-94,0,6,1,9887870,0,84,0,0,9.8879,384,[84 -64 4 0 0 0 0 0 0 0 0 0 5 15 -6 8 3 31 -8 28 -8 19 8 12 -2 21 -16 21 -15 19 4 26 -7 12 -10 11 1 8 -14 19 -18 27 -6 20 0 30 1 13 2 16 6 15 -17 14 -2 28 -6 13 -7 20 5 18 -16 10 9 3 -13 5 -14 7 1 21 7 23 -14 25 -4 13 -8 6 -11 20 0 21 -4 13 -11 22 -5 28 5 7 8 20 -12 10 9 13 12 9 4 21 10 23 -5 10 -6 13 6 5 1 17 12 9 1 28 12 8 -9 10 0 0 0 0 0 0 0 0 ]
CSI_DATA,AP,68:FE:71:12:53:8C,-36,11,1,7,1,1,1,0,0,0,0,-95,0,6,1,9985447,0,84,0,0,9.9854,384,[84 -64 4 0 0 0 0 0 0 0 0 0 -31 11 -27 11 -25 -12 -32 1 -19 -2 -21 8 -23 -1 -23 -9 -11 -10 -13 -1 -22 -7 -25 3 -9 -12 -20 -17 -17 -14 -30 -17 -19 -18 -23 -5 -17 0 -22 -13 -27 -15 -11 0 -23 -8 -6 4 -19 -8 -7 -6 -4 7 -25 -15 -8 -16 -28 -11 -13 -10 -13 -4 -14 -5 -7 -5 -17 -9 -8 -5 -21 -6 -12 -7 -5 1 -29 8 -24 -12 -7 10 -28 -4 -19 -1 -27 12 -18 9 -14 8 -21 -7 -24 -1 -22 3 -24 7 -11 -2 -9 -3 10 1 0 0 0 0 0 0 0 0 ]
CSI_DATA,AP,68:FE:71:12:53:8C,-42,11,1,6,1,1,1,1,0,0,0,-95,4,6,1,10058826,0,84,0,0,10.059,384,[84 -64 4 0 0 0 0 0 0 0 0 0 -23 23 -3 24 -23 13 -2 7 -9 8 -11 8 -2 16 -20 4 -15 19 -5 9 -10 15 -19 3 -11 19 -23 1 -20 20 -17 6 -10 16 -26 10 -8 0 -5 3 -18 21 -14 6 -24 21 -24 22 -4 19 -11 10 3 -7 -6 1 -18 7 -24 4 -10 0 -12 12 -9 17 -12 3 0 8 -5 17 -3 15 -18 11 -12 3 -22 24 -6 21 -18 6 -10 25 -4 12 2 20 -21 26 -2 10 -18 18 -5 22 -4 18 -4 26 -9 21 3 22 11 -9 0 0 0 0 0 0 0 0 ]
CSI_DATA,AP,68:FE:71:12:53:8C,-40,11,1,4,1,1,1,0,0,0,0,-95,0,6,1,10132766,0,84,0,0,10.133,384,[84 -64 4 0 0 0 0 0 0 0 0 0 15 13 18 3 12 2 10 5 15 15 25 1 13 1 9 8 25 -5 9 20 24 17 20 2 14 9 14 11 20 0 26 15 12 9 22 16 5 -3 9 7 26 21 16 18 18 0 22 13 19 5 5 6 -6 -2 21 10 23 -1 5 14 6 5 24 -5 16 14 27 16 9 8 6 16 24 14 17 7 3 14 4 13 15 -2 22 -4 11 14 11 14 16 -2 26 -2 16 -6 25 -6 11 -9 5 4 25 -1 5 -2 21 -9 4 8 0 0 0 0 0 0 0 0 ]
CSI_DATA,AP,68:FE:71:12:53:8C,-46,11,1,4,1,1,1,0,0,0,0,-94,0,6,1,10232939,0,84,0,0,10.233,384,[84 -64 4 0 0 0 0 0 0 0 0 0 11 17 -2 19 -12 13 3 12 7 28 -10 24 -11 25 -10 31 -5 16 -7 22 3 26 -2 30 -3 22 4 26 -14 30 4 22 -14 15 -12 9 -15 29 -4 21 0 20 -10 5 -1 13 -6 16 5 7 -4 28 -5 -7 0 10 -6 26 -14 22 3 19 4 13 9 22 1 21 9 7 -8 26 -9 14 -4 16 -4 13 11 16 12 6 -5 10 1 11 -1 19 0 28 -10 4 11 14 12 20 4 15 13 5 -8 26 10 11 7 6 -6 7 0 0 0 0 0 0 0 0 ]
CSI_DATA,AP,68:FE:71:12:53:8C,-36,11,1,5,1,1,1,0,0,0,0,-96,0,6,1,10320747,0,84,0,0,10.321,384,[84 -64 4 0 0 0 0 0 0 0 0 0 -9 12 -24 24 -23 17 -6 18 -22 20 -25 3 -22 12 -17 11 -14 9 -24 10 -19 9 -25 23 -20 8 -26 1 -25 -1 -24 9 -15 22 -25 9 -6 -1 -27 17 -25 3 -12 -1 -5 14 -14 0 -5 5 -14 13 1 7 -4 8 -14 5 -7 6 -8 2 -25 8 -23 4 -5 22 -19 5 -4 7 -7 1 -12 21 -1 3 -1 20 -1 16 1 8 -22 0 -16 8 -11 12 -6 4 2 2 -16 18 -18 4 -6 4 4 10 -13 10 -9 13 12 -1 0 0 0 0 0 0 0 0 ]
CSI_DATA,AP,68:FE:71:12:53:8C,-36,11,1,6,1,1,1,0,0,0,0,-96,0,6,1,10407638,0,84,0,0,10.408,384,[84 -64 4 0 0 0 0 0 0 0 0 0 -6 -20 -7 -3 -13 -17 -26 -28 -25 -25 -12 -26 -21 -8 -13 -12 -4 -23 -15 -17 -14 -19 -6 -10 2 -8 2 -25 1 -29 -4 -17 3 -20 -3 -7 -11 -11 -11 -17 0 -21 -21 -23 1 -27 -20 -7 -10 -16 -16 -6 -9 6 -15 -4 -12 -6 -14 -9 -4 -4 3 -16 -14 -27 -7 -11 -22 -11 -22 -17 -15 -10 -3 -17 -22 -18 1 -15 -23 -2 -12 -1 -3 -17 -15 -24 -11 -12 -15 -10 -23 -11 -24 -22 -14 -4 -22 -21 -17 -1 -24 -23 -5 -1 11 5 0 0 0 0 0 0 0 0 ]
CSI_DATA,AP,68:FE:71:12:53:8C,-44,11,1,5,1,1,1,0,0,0,0,-95,0,6,1,10459513,0,84,0,0,10.46,384,[84 -64 4 0 0 0 0 0 0 0 0 0 -16 -5 -32 9 -16 10 -18 17 -31 7 -25 -9 -19 7 -15 14 -33 2 -15 13 -24 -1 -32 3 -15 -7 -26 2 -16 2 -21 -1 -21 -12 -6 9 -24 11 -15 5 -18 -5 -15 12 -18 3 -7 1 -13 11 -24 -5 -5 -11 -6 13 -11 -10 -21 9 -28 9 -8 12 -15 -9 -22 -5 -24 5 -29 -7 -11 -4 -23 16 -11 3 -8 11 -14 13 -15 9 -13 0 -15 8 -13 -4 -25 11 -27 0 -21 8 -7 -5 -9 4 -18 6 -4 14 -10 5 6 9 0 0 0 0 0 0 0 0 ]
CSI_DATA,AP,68:FE:71:12:53:8C,-40,11,1,4,1,1,1,0,0,0,0,-93,0,6,1,10545330,0,84,0,0,10.545,384,[84 -64 4 0 0 0 0 0 0 0 0 0 -4 24 -7 13 -5 24 -5 6 -11 3 -17 11 -15 0 -14 17 -30 2 -17 -2 -16 2 -25 17 -18 0 -10 14 -27 7 -8 0 -12 13 -14 16 -22 3 -12 9 -14 5 -26 13 -11 8 -17 15 -9 17 -17 2 -2 -12 -15 3 -16 17 -25 10 -16 21 -14 0 -15 8 -10 9 -14 16 -6 14 -17 1 -19 4 -13 21 -2 -1 -11 19 -3 16 -23 21 -15 9 -8 4 -9 -1 -8 18 -3 23 -21 0 -14 15 -20 12 -11 23 -21 0 -11 -7 0 0 0 0 0 0 0 0 ]
CSI_DATA,AP,68:FE:71:12:53:8C,-39,11,1,4,1,1,1,0,0,0,0,-94,0,6,1,10649737,0,84,0,0,10.65,384,[84 -64 4 0 0 0 0 0 0 0 0 0 -4 16 11 25 5 27 14 11 -5 23 -2 14 5 13 6 28 9 27 -6 9 -9 24 0 16 -5 9 -2 15 12 13 -1 28 -4 17 -9 22 -7 11 -4 24 11 25 -11 27 8 12 -3 11 1 16 7 14 -2 1 -7 13 8 9 -4 26 11 24 9 20 11 24 -5 27 15 3 14 6 7 4 -6 11 2 15 13 19 15 11 7 9 15 24 12 8 13 1 -5 26 17 13 5 5 11 25 3 7 17 9 9 8 5 13 -9 4 0 0 0 0 0 0 0 0 ]
CSI_DATA,AP,68:FE:71:12:53:8C,-40,11,1,6,1,1,1,0,0,0,0,-95,0,6,1,10728441,0,84,0,0,10.728,384,[84 -64 4 0 0 0 0 0 0 0 0 0 12 -22 5 -9 3 -20 1 -12 8 -13 17 -24 7 -20 11 -2 25 -12 20 -4 9 -4 25 -14 11 -23 22 -13 16 -20 20 -7 17 -12 18 1 14 -4 23 -6 2 -15 8 -17 23 -16 11 -7 25 -7 21 -4 -7 -6 16 -11 7 -4 22 -18 12 -3 16 -16 4 -22 13 -11 6 -21 5 0 13 -21 17 -17 18 -23 6 -15 15 -23 19 -6 19 -21 8 -13 0 -10 13 -10 18 -9 7 -5 -5 -14 -5 -12 -1 -16 17 -26 0 -20 -11 -7 0 0 0 0 0 0 0 0 ]
CSI_DATA,AP,68:FE:71:12:53:8C,-47,11,1,3,1,1,1,1,0,0,0,-94,2,6,1,10816619,0,84,0,0,10.817,384,[84 -64 4 0 0 0 0 0 0 0 0 0 -11 12 -3 23 -12 17 -3 30 -2 7 -9 29 -19 11 -23 11 -25 18 -22 9 -25 6 -21 10 -24 18 -20 6 -24 9 -12 23 -7 22 -21 11 -22 24 -24 2 -26 17 -2 2 -10 7 -2 24 -25 3 -15 7 1 9 -11 1 -21 20 -16 17 -1 25 -7 12 -21 10 -23 14 -11 11 -15 24 -3 6 4 16 -15 25 -15 15 -2 19 -13 8 -3 9 4 26 -12 6 -5 9 3 27 -12 8 0 24 2 7 4 17 4 16 -12 19 -3 -3 0 0 0 0 0 0 0 0 ]
CSI_DATA,AP,68:FE:71:12:53:8C,-47,11,1,4,1,1,1,0,0,0,0,-96,0,6,1,10883074,0,84,0,0,10.883,384,[84 -64 4 0 0 0 0 0 0 0 0 0 -16 -13 -11 -1 -18 7 -14 -8 -21 2 -15 -13 -8 -5 -27 -11 -29 3 -19 -8 -9 -20 -17 -16 -17 -15 -29 -5 -19 -19 -20 -15 -20 -3 -3 1 -5 -17 -22 -15 -7 -1 -20 -14 -17 -17 -23 -11 -3 -16 -9 2 12 5 -12 2 -23 6 -8 -4 -5 -5 -13 -8 -18 3 -7 -1 -19 6 -8 -16 -4 7 -23 1 -20 -15 -14 9 -23 -13 -10 -6 -20 3 -14 5 -4 -10 -4 6 -15 2 -17 -2 -3 8 -8 -9 -4 8 -3 -7 -8 6 7 11 0 0 0 0 0 0 0 0 ]
CSI_DATA,AP,68:FE:71:12:53:8C,-37,11,1,6,1,1,1,0,0,0,0,-95,0,6,1,10969508,0,84,0,0,10.97,384,[84 -64 4 0 0 0 0 0 0 0 0 0 -12 20 3 29 -20 23 -17 32 3 28 2 28 -7 28 1 21 0 26 -6 26 -22 13 -7 11 -4 4 -1 23 -9 8 -12 21 -13 15 -24 24 -9 8 -10 24 -23 1 -20 17 -3 5 -5 14 0 13 -11 16 12 -6 0 23 -6 3 -11 26 -3 5 -21 2 -10 21 -6 20 -14 13 -13 21 -19 16 -19 8 -6 14 -13 3 -17 9 -7 20 -5 4 -12 24 -17 3 -8 7 -14 13 2 7 -11 14 -12 7 -4 21 4 3 -14 13 11 12 0 0 0 0 0 0 0 0 ]
CSI_DATA,AP,68:FE:71:12:53:8C,-37,11,1,6,1,1,1,0,0,0,0,-96,0,6,1,11077090,0,84,0,0,11.077,384,[84 -64 4 0 0 0 0 0 0 0 0 0 -10 21 -8 14 4 26 12 22 -10 18 -2 21 -7 26 5 19 7 14 7 17 -2 25 4 20 3 9 -8 27 -10 16 -10 22 -16 15 6 25 4 27 -15 19 7 18 2 7 -3 20 -10 12 -15 16 -15 13 -1 8 -15 24 1 21 -15 23 -12 13 2 16 -1 18 10 23 11 2 0 0 0 4 3 18 8 22 -4 9 8 8 -4 20 7 21 12 1 13 0 -6 20 -3 16 -5 10 10 16 -7 10 9 15 15 1 0 24 -11 -2 0 0 0 0 0 0 0 0 ]
CSI_DATA,AP,68:FE:71:12:53:8C,-40,11,1,4,1,1,1,0,0,0,0,-94,0,6,1,11149740,0,84,0,0,11.15,384,[84 -64 4 0 0 0 0 0 0 0 0 0 -2 -11 1 3 13 -21 2 -8 10 -1 20 -4 -3 -18 16 -11 5 -16 9 -7 -1 -17 3 5 2 -7 -4 -18 -1 -13 16 -11 10 4 -4 -2 4 -12 -1 -8 -4 0 6 -3 1 -10 15 -7 2 -14 6 2 -12 -4 -4 -16 3 -9 -5 3 16 -4 18 1 13 -15 10 -2 8 4 6 5 13 -17 5 -4 8 -3 16 4 6 0 -5 -10 17 -15 11 -18 10 -12 7 -5 1 2 -1 -15 -1 -4 0 -11 -5 -11 17 -6 5 -5 -6 -11 0 0 0 0 0 0 0 0 ]
CSI_DATA,AP,68:FE:71:12:53:8C,-38,11,1,5,1,1,1,0,0,0,0,-95,0,6,1,11223613,0,84,0,0,11.224,384,[84 -64 4 0 0 0 0 0 0 0 0 0 8 0 7 -13 -12 -18 10 0 6 -1 -2 -10 5 -21 -11 0 7 -16 -2 1 11 1 6 -21 8 -11 -7 -5 13 -17 11 -20 -6 -17 6 -17 11 -1 -2 -20 -1 0 3 1 -5 2 0 -17 11 -14 1 -19 9 -1 -6 -14 11 -16 -11 -13 1 -8 -10 -18 -12 -3 -1 -5 3 -9 4 -17 4 4 -11 3 -8 1 -14 -11 6 -13 -3 -11 7 2 2 -2 -5 -6 -6 -5 -7 -12 -15 -19 2 -6 2 -8 -17 -20 8 4 0 2 12 -11 0 0 0 0 0 0 0 0 ]
CSI_DATA,AP,68:FE:71:12:53:8C,-41,11,1,6,1,1,1,0,0,0,1,-93,0,6,1,11338475,0,84,0,0,11.338,384,[84 -64 4 0 0 0 0 0 0 0 0 0 5 8 12 4 3 2 25 5 0 10 7 21 4 11 7 13 18 20 21 16 -3 25 17 18 0 25 12 7 11 8 3 18 2 26 -2 11 8 18 17 9 2 13 3 9 17 2 4 24 -4 13 8 22 9 -9 0 7 3 6 17 13 8 0 7 0 17 23 12 21 9 22 0 2 14 13 11 23 -3 2 17 22 3 -1 13 14 21 12 6 4 0 -2 13 6 11 -1 16 4 24 19 16 12 9 18 21 7 9 1 10 2 0 0 0 0 0 0 0 0 ]
CSI_DATA,AP,68:FE:71:12:53:8C,-44,11,1,5,1,1,1,0,0,0,1,-93,0,6,1,11437743,0,84,0,0,11.438,384,[84 -64 4 0 0 0 0 0 0 0 0 0 7 -1 -3 7 12 7 13 -4 13 -3 -1 11 1 -3 19 7 14 -11 5 10 4 6 7 -7 -4 -1 11 -10 12 3 0 -2 18 1 16 11 -5 -7 10 0 5 -7 10 0 -5 -9 15 9 14 1 19 -5 5 2 -1 0 13 12 11 10 14 -11 2 11 15 -4 10 -9 -1 12 11 7 9 1 13 10 17 7 0 3 2 -12 -1 -9 18 6 1 -5 -2 -3 -3 -8 14 0 11 -11 10 -6 16 6 19 2 5 1 1 -14 8 -5 0 0 0 0 0 0 0 0 ]
CSI_DATA,AP,68:FE:71:12:53:8C,-41,11,1,4,1,1,1,0,0,0,0,-93,0,6,1,11524567,0,84,0,0,11.525,384,[84 -64 4 0 0 0 0 0 0 0 0 0 13 20 5 21 9 12 5 11 14 19 3 15 5 18 -6 20 4 12 7 23 -7 17 -3 22 -3 5 8 22 -2 8 5 4 -6 21 9 5 -2 11 -9 6 9 21 9 9 -6 17 9 11 10 20 -11 6 -11 -11 6 1 12 20 -11 1 9 16 10 2 8 7 10 10 11 24 -2 0 8 24 -2 4 14 3 3 16 12 3 9 19 7 4 6 13 9 19 7 11 8 6 -6 8 13 8 -6 2 16 18 -4 15 4 17 5 -1 0 0 0 0 0 0 0 0 ]
CSI_DATA,AP,68:FE:71:12:53:8C,-39,11,1,6,1,1,1,1,0,0,0,-96,1,6,1,11621587,0,84,0,0,11.622,384,[84 -64 4 0 0 0 0 0 0 0 0 0 7 -24 -1 -17 16 -31 18 -29 12 -17 13 -24 12 -9 16 -23 10 -15 2 -13 2 -18 24 -14 16 -23 14 -27 10 -15 11 -20 22 -16 24 -9 21 -14 7 -3 22 -21 4 -22 3 0 2 -18 4 -1 14 -14 11 -8 6 -19 0 -12 13 -13 18 -8 19 -19 17 -20 10 -7 1 -18 14 -18 13 -16 14 -3 3 -15 6 -5 1 -21 17 -15 16 -8 9 -9 4 -12 8 -26 16 -6 16 -20 -2 -24 13 -18 0 -25 -2 -15 9 -8 3 -8 0 0 0 0 0 0 0 0 ]
CSI_DATA,AP,68:FE:71:12:53:8C,-45,11,1,5,1,1,1,1,0,0,0,-94,6,6,1,11688770,0,84,0,0,11.689,384,[84 -64 4 0 0 0 0 0 0 0 0 0 -13 10 -20 2 -10 -13 -8 5 -17 6 -9 2 -14 -4 -1 -14 -13 6 -12 -3 -2 -14 4 -12 -8 -8 -10 -3 0 10 -2 -1 -8 5 -18 -10 5 -8 -3 -3 -2 -2 0 -7 4 -9 -9 -3 0 9 -3 11 -12 -12 -2 -7 -12 4 -14 -11 -12 -3 -2 -9 5 7 -10 -9 -14 2 -14 -10 -7 -6 -17 -8 -10 4 -15 13 -16 14 -12 14 2 0 -10 2 -7 -6 7 -6 5 12 1 7 -9 -3 -13 -1 -6 -8 3 -7 -17 12 12 -8 0 0 0 0 0 0 0 0 ]
CSI_DATA,AP,68:FE:71:12:53:8C,-45,11,1,3,1,1,1,0,0,0,0,-94,0,6,1,11771422,0,84,0,0,11.771,384,[84 -64 4 0 0 0 0 0 0 0 0 0 -26 3 -30 4 -15 1 -23 -5 -13 -13 -25 -12 -19 -8 -2 -18 -17 -8 -20 -2 -9 -3 -4 1 -22 -9 -9 1 0 -4 -16 -2 -11 -1 -16 -4 2 -15 -11 -7 -13 2 -11 -11 -5 -12 -1 -13 -16 -5 1 -8 -10 6 -15 -12 -19 -4 -3 -3 -19 8 -22 3 -1 3 -7 -10 -21 9 -13 -5 -20 5 -20 9 1 5 -17 -6 -11 9 -1 0 -11 -1 -3 -8 -2 6 -12 11 -22 1 -7 11 -22 9 -10 1 -17 3 -10 10 -4 -5 12 -7 0 0 0 0 0 0 0 0 ]
CSI_DATA,AP,68:FE:71:12:53:8C,-40,11,1,6,1,1,1,1,0,0,0,-93,6,6,1,11862148,0,84,0,0,11.862,384,[84 -64 4 0 0 0 0 0 0 0 0 0 -34 4 -32 -5 -19 7 -31 11 -18 -12 -14 8 -15 6 -33 -14 -20 -16 -12 7 -32 -9 -12 -14 -12 -16 -30 -12 -26 4 -15 2 -15 -14 -23 -8 -8 -4 -22 -8 -26 -4 -15 -10 -8 -7 -25 10 -18 3 -6 1 11 -4 -16 -8 -15 -2 -11 -4 -2 -10 -4 7 -6 11 -4 -5 -8 1 -14 -2 -15 13 -10 0 -13 7 -15 16 -4 6 -13 8 -20 9 -12 3 -20 6 -19 12 -12 13 -6 6 -16 7 -11 5 -8 0 -21 21 -21 9 11 -2 0 0 0 0 0 0 0 0 ]
CSI_DATA,AP,68:FE:71:12:53:8C,-42,11,1,5,1,1,1,0,0,0,0,-96,0,6,1,11946891,0,84,0,0,11.947,384,[84 -64 4 0 0 0 0 0 0 0 0 0 -41 -3 -39 -4 -39 -10 -32 -5 -26 -20 -42 -16 -44 -13 -37 -13 -23 -7 -32 -19 -23 -15 -40 -6 -26 -2 -28 1 -35 -3 -34 1 -24 -22 -27 0 -31 -20 -12 -4 -29 -15 -8 0 -6 -5 -16 4 -29 2 -14 -7 6 6 -16 8 -22 8 -5 5 -6 7 -25 -14 -20 -7 -27 2 -9 9 -15 -6 -19 4 -21 -4 -15 8 -13 -6 -4 2 -21 7 -14 3 -13 -1 -11 7 -17 12 -13 12 -8 6 -6 7 -21 4 -21 1 -1 13 -11 20 -1 0 0 0 0 0 0 0 0 0 ]
CSI_DATA,AP,68:FE:71:12:53:8C,-41,11,1,4,1,1,1,0,0,0,0,-95,0,6,1,12031087,0,84,0,0,12.031,384,[84 -64 4 0 0 0 0 0 0 0 0 0 -5 28 13 17 5 31 9 26 2 8 3 15 7 29 -11 8 -3 30 -1 16 -6 31 0 20 6 23 -3 9 -12 21 12 9 6 4 11 23 1 3 -10 18 2 18 6 27 -10 23 8 7 10 7 -8 23 1 -1 -3 5 -1 7 -10 8 -5 4 -5 24 11 15 5 19 -9 13 11 6 -1 26 -4 15 2 25 7 20 4 15 15 10 5 13 -4 24 1 18 17 15 -6 10 5 4 10 23 0 24 11 13 0 21 8 11 -8 9 0 0 0 0 0 0 0 0 ]
CSI_DATA,AP,68:FE:71:12:53:8C,-42,11,1,6,1,1,1,0,0,0,0,-93,0,6,1,12107561,0,82,0,0,12.108,384,[84 -64 4 0 0 0 0 0 0 0 0 0 -3 20 8 9 -11 10 -9 12 -4 12 -8 20 -10 10 -7 25 -5 15 -15 13 -14 7 2 16 -6 23 7 5 -11 23 -10 4 -15 12 -2 25 -10 21 -3 4 -6 17 -10 7 -6 20 4 9 -8 12 -11 26 11 -3 -9 11 7 24 -7 19 -12 25 -1 12 -13 14 -2 27 0 8 -3 5 -13 24 3 6 10 18 3 18 -13 12 -11 10 -5 7 1 17 11 19 -7 23 -9 13 8 26 -12 16 -4 6 -8 14 -12 20 -7 23 10 -11 0 0 0 0 0 0 0 0 ]
CSI_DATA,AP,68:FE:71:12:53:8C,-42,11,1,5,1,1,1,0,0,0,0,-94,0,6,1,12181684,0,84,0,0,12.182,384,[84 -64 4 0 0 0 0 0 0 0 0 0 -4 -18 11 -14 2 -11 -7 -18 -4 -13 -1 -20 6 -19 9 -24 12 -19 -4 -29 1 -19 -4 -18 -3 -28 13 -23 3 -25 6 -12 9 -19 1 -12 17 -25 -2 -11 4 -21 16 -15 1 -17 14 -19 17 -31 14 -30 3 -7 1 -10 10 -15 -4 -16 -8 -17 -1 -27 0 -22 4 -12 1 -26 -8 -9 0 -17 1 -19 -5 -22 2 -31 -8 -22 3 -10 12 -32 -2 -16 4 -22 1 -16 6 -33 5 -15 15 -11 -6 -13 7 -10 11 -20 12 -30 6 6 0 0 0 0 0 0 0 0 ]
CSI_DATA,AP,68:FE:71:12:53:8C,-48,11,1,5,1,1,1,0,0,0,0,-95,0,6,1,12275709,0,84,0,0,12.276,384,[84 -64 4 0 0 0 0 0 0 0 0 0 17 11 3 11 6 25 3 18 3 24 -6 28 8 22 -10 8 8 29 -10 21 -1 7 0 29 11 15 5 22 12 26 -11 30 6 25 -4 8 -1 10 -10 16 -7 26 1 28 -7 25 -10 14 -6 26 -2 9 12 -2 -11 12 -7 8 13 14 -2 10 11 16 -8 12 7 21 9 3 8 4 7 13 -3 2 1 9 -7 3 16 22 10 2 5 23 14 6 8 0 -5 4 -3 -1 12 17 -3 19 0 24 -1 2 6 2 11 7 7 -11 0 0 0 0 0 0 0 0 ]
CSI_DATA,AP,68:FE:71:12:53:8C,-42,11,1,5,1,1,1,0,0,0,0,-95,0,6,1,12339808,0,84,0,0,12.34,384,[84 -64 4 0 0 0 0 0 0 0 0 0 8 -14 11 -7 -5 -14 9 -10 11 4 -8 1 16 6 0 -1 2 -1 -2 -2 16 -11 -7 3 1 -7 -1 -12 4 -5 8 2 14 4 -6 -3 17 -10 16 -10 9 -10 5 -9 7 -2 19 -8 3 7 9 4 -2 -8 16 7 1 -5 5 8 3 -1 -1 0 18 -6 19 10 8 10 -1 -5 15 -7 7 5 6 -7 13 -12 9 3 23 4 3 -1 11 -7 15 -4 17 9 14 9 14 -13 3 1 6 9 5 -6 5 -14 9 2 -12 -4 0 0 0 0 0 0 0 0 ]
CSI_DATA,AP,68:FE:71:12:53:8C,-42,11,1,4,1,1,1,0,0,0,0,-95,0,6,1,12407249,0,84,0,0,12.407,384,[84 -64 4 0 0 0 0 0 0 0 0 0 -7 2 3 9 -11 -8 -2 7 1 3 -8 12 1 2 -12 0 1 5 -18 1 -13 11 -14 -3 -1 12 -5 6 -17 -3 -12 3 3 3 -6 -11 -6 6 -4 11 -10 -8 -18 2 2 5 -7 1 -3 7 4 -8 10 -1 -20 0 -9 -12 -19 7 1 5 -4 -11 -16 -10 -18 7 -14 4 -5 6 -16 -3 -5 3 -1 10 -17 3 -3 5 -8 -9 -20 7 -3 -10 -6 -3 -2 -4 2 3 5 -11 -18 10 -9 3 -6 -5 -14 -8 1 9 -12 -10 0 0 0 0 0 0 0 0 ]
CSI_DATA,AP,68:FE:71:12:53:8C,-43,11,1,6,1,1,1,0,0,0,0,-94,0,6,1,12507509,0,84,0,0,12.508,384,[84 -64 4 0 0 0 0 0 0 0 0 0 -9 -9 -6 -14 -9 -4 -4 -1 11 -5 -1 -7 -8 -11 -4 -16 -5 -4 -1 -1 4 0 3 -12 6 -16 -9 -20 -10 2 -6 -1 -1 -20 -2 -3 14 -3 8 -14 -4 -20 11 1 13 -10 5 -17 -4 -9 6 -7 10 -9 -3 -19 5 -2 2 -16 -9 -18 -5 -12 -2 0 -7 5 2 3 13 1 -3 -7 12 -13 -4 3 4 -1 11 -15 -6 -15 -11 -7 -5 4 5 -16 -4 -1 11 -5 -10 -8 8 -7 5 -8 -5 -3 6 0 9 -12 -4 5 0 0 0 0 0 0 0 0 ]
CSI_DATA,AP,68:FE:71:12:53:8C,-38,11,1,7,1,1,1,1,0,0,0,-94,3,6,1,12588530,0,84,0,0,12.589,384,[84 -64 4 0 0 0 0 0 0 0 0 0 -9 20 -1 9 -14 11 4 26 6 11 -10 19 -8 33 -17 9 -9 11 -17 15 -11 21 6 27 -12 17 -7 24 -17 10 -4 8 -8 15 -7 26 -8 25 -19 22 -11 12 -1 20 3 8 0 5 0 26 -3 19 -5 9 -3 13 5 22 -1 13 -2 21 7 20 3 20 -15 13 6 13 -8 20 8 23 8 20 6 23 11 28 2 11 -5 27 1 11 -11 26 2 16 10 19 9 25 11 24 -10 9 -10 19 0 25 8 12 3 27 5 -8 0 0 0 0 0 0 0 0 ]
CSI_DATA,AP,68:FE:71:12:53:8C,-37,11,1,6,1,1,1,0,0,0,0,-95,0,6,1,12685455,0,84,0,0,12.685,384,[84 -64 4 0 0 0 0 0 0 0 0 0 -2 18 -5 3 -11 8 10 18 10 9 6 10 1 18 -11 22 -10 1 8 4 -4 2 -15 3 9 8 9 3 -13 19 -12 7 -2 0 7 11 5 16 1 8 -5 0 6 8 1 6 -3 16 -8 9 -9 6 5 -1 -4 2 6 10 -9 2 -13 20 -15 5 -15 11 -10 13 6 9 -6 10 4 8 -12 5 6 16 -2 1 9 8 0 1 -2 13 0 16 -7 13 0 1 10 18 -3 8 -11 6 8 18 -2 12 1 12 5 3 -10 -2 0 0 0 0 0 0 0 0 ]
CSI_DATA,AP,68:FE:71:12:53:8C,-38,11,1,5,1,1,1,1,0,0,0,-93,4,6,1,12776929,0,84,0,0,12.777,384,[37 80 2 0 0 0 0 0 0 0 0 0 -21 -7 -29 -4 -42 0 -38 -13 -20 -16 -25 -14 -39 -19 -31 -2 -40 -2 -37 -18 -23 -12 -29 -2 -18 -3 -35 -23 -20 -24 -39 -7 -36 -4 -35 -10 -32 -15 -17 -12 -27 -24 -24 -16 -26 -7 -19 -23 -17 -8 -14 -4 4 -3 -33 -2 -22 -4 -29 -3 -17 2 -18 -12 -25 -5 -36 -1 -20 -8 -35 -1 -30 4 -31 -7 -23 -1 -28 -7 -16 -17 -36 -12 -17 -18 -31 2 -14 -7 -31 1 -17 -2 -21 -14 -30 -7 -23 5 -19 -9 -19 -10 -20 -11 -4 8 0 0 0 0 0 0 0 0 ]
CSI_DATA,AP,68:FE:71:12:53:8C,-35,11,1,5,1,1,1,0,0,0,0,-94,0,6,1,12868412,0,84,0,0,12.868,384,[84 -64 4 0 0 0 0 0 0 0 0 0 30 4 25 5 22 4 20 -7 20 10 8 12 23 0 23 -4 10 -2 18 5 30 -8 22 8 30 11 21 1 9 10 6 -6 24 -4 22 3 15 -6 15 1 22 8 16 12 27 2 7 0 21 -8 11 4 -6 10 9 13 15 -9 19 4 25 4 21 5 22 11 27 4 20 -1 26 -2 17 6 17 -2 21 8 19 -1 15 -3 8 9 18 9 24 -8 27 8 12 -9 27 -10 14 3 26 -11 17 -4 19 6 8 -8 6 -12 4 0 0 0 0 0 0 0 0 0 ]
CSI_DATA,AP,68:FE:71:12:53:8C,-39,11,1,4,1,1,1,0,0,0,0,-93,0,6,1,12966491,0,84,0,0,12.966,384,[84 -64 4 0 0 0 0 0 0 0 0 0 -22 -3 -23 2 -14 -7 -12 -1 -13 0 -27 -16 -22 -17 -12 4 -29 -12 -15 -9 -28 -10 -14 -12 -10 -5 -7 -4 -9 -7 -4 1 -8 -19 -5 -8 -6 1 -2 -2 -14 -9 -24 0 -10 -7 -13 -8 -4 3 -26 -17 6 -10 -17 -18 -21 -11 -17 -9 -19 -15 -2 6 -2 -2 -17 6 -5 -7 -3 -14 -8 4 -26 -15 -2 -14 -2 6 -17 8 -25 7 -24 -4 -12 8 -23 -4 -6 -4 -23 -13 -20 -6 -23 -13 -3 7 -16 -7 -19 3 -21 -6 1 -6 0 0 0 0 0 0 0 0 ]
CSI_DATA,AP,68:FE:71:12:53:8C,-41,11,1,6,1,1,1,0,0,0,0,-93,0,6,1,13042479,0,84,0,0,13.042,384,[84 -64 4 0 0 0 0 0 0 0 0 0 10 14 -7 15 13 20 8 28 -8 27 14 9 -7 22 8 10 9 27 1 15 -4 24 -13 12 9 6 -2 19 8 13 1 28 5 8 -11 9 -3 18 -4 22 -8 26 11 12 7 13 -1 26 4 23 -1 4 -5 -8 4 4 -12 19 -6 4 -10 15 0 21 -4 12 4 16 10 21 -9 19 14 8 5 26 9 3 -6 5 16 12 4 5 6 20 10 6 -6 16 13 25 0 14 2 17 10 9 5 26 15 20 2 19 2 3 8 7 0 0 0 0 0 0 0 0 ]
CSI_DATA,AP,68:FE:71:12:53:8C,-45,11,1,4,1,1,1,0,0,0,0,-95,0,6,1,13138203,0,84,0,0,13.138,384,[84 -64 4 0 0 0 0 0 0 0 0 0 -15 -9 -33 13 -28 -4 -31 5 -21 7 -19 -2 -30 -2 -17 -11 -25 11 -10 -4 -15 -11 -24 5 -29 3 -23 1 -24 -2 -9 1 -23 -1 -31 4 -17 -10 -23 -13 -19 -2 -30 1 -18 -11 -18 -7 -7 4 -8 -14 1 -10 -19 5 -27 6 -15 4 -8 -2 -30 9 -17 -9 -17 11 -9 0 -10 -4 -24 7 -19 0 -26 -3 -10 -4 -14 2 -26 13 -8 10 -23 12 -29 -6 -22 0 -18 -1 -11 -7 -12 -6 -18 9 -23 8 -20 0 -24 13 -1 12 0 0 0 0 0 0 0 0 ]
CSI_DATA,AP,68:FE:71:12:53:8C,-41,11,1,5,1,1,1,0,0,0,0,-94,0,6,1,13204206,0,84,0,0,13.204,384,[84 -64 4 0 0 0 0 0 0 0 0 0 14 -7 30 -27 34 -20 32 -7 20 -11 15 -17 17 -26 33 -9 35 -1 17 -21 40 -18 35 -17 17 0 35 -9 16 0 22 -3 32 2 31 -18 22 -15 23 -14 13 -5 22 -8 13 -15 23 -11 34 -6 12 -4 9 6 26 -18 17 -21 12 -18 16 -16 25 -13 20 -13 12 -3 19 -22 27 -21 31 -24 16 -8 10 -26 12 -19 23 -25 22 -7 29 -27 21 -5 9 -8 13 -19 9 -5 8 -16 17 -16 15 -22 25 -6 5 -22 14 -6 9 -10 0 0 0 0 0 0 0 0 ]
CSI_DATA,AP,68:FE:71:12:53:8C,-39,11,1,6,1,1,1,0,0,0,0,-96,0,6,1,13268952,0,84,0,0,13.269,384,[84 -64 4 0 0 0 0 0 0 0 0 0 26 14 27 -1 19 4 12 15 26 12 7 0 8 21 26 1 17 1 7 10 3 12 6 14 17 16 14 8 16 16 4 14 7 17 4 10 19 14 12 6 15 17 23 18 12 10 1 0 2 23 20 8 -1 -7 15 18 7 6 9 6 9 20 0 16 15 16 12 4 22 14 20 3 6 11 5 15 8 18 15 10 23 14 19 14 8 16 7 7 12 13 7 7 20 1 14 -5 3 11 17 -4 19 11 14 -8 5 -3 -7 -8 0 0 0 0 0 0 0 0 ]
CSI_DATA,AP,68:FE:71:12:53:8C,-36,11,1,5,1,1,1,0,0,0,0,-95,0,6,1,13378181,0,84,0,0,13.378,384,[84 -64 4 0 0 0 0 0 0 0 0 0 -26 -12 -13 -9 -16 -3 -31 -7 -13 5 -6 0 -18 1 -14 -9 -22 -13 -23 -17 -15 0 -29 -8 -15 -21 -12 -10 -8 -11 -16 1 -18 -7 -8 -21 -11 -12 -4 1 -26 -18 -12 -3 -10 -7 -27 -19 -24 -8 -20 -6 -5 -10 -3 4 -20 -16 -24 -7 -5 -1 -7 -17 -19 -1 -23 -13 -9 -5 -10 -1 -4 -4 -4 -5 -24 3 -4 -13 -5 -2 -17 4 -16 8 -28 -13 -21 -11 -13 -12 -24 -10 -19 -9 -6 -10 -12 3 -22 -2 -26 -12 -25 2 9 8 0 0 0 0 0 0 0 0 ]
CSI_DATA,AP,68:FE:71:12:53:8C,-39,11,1,6,1,1,1,0,0,0,0,-93,0,6,1,13462301,0,84,0,0,13.462,384,[84 -64 4 0 0 0 0 0 0 0 0 0 -18 -17 -17 -24 -6 -7 -20 -7 -15 -28 -4 -16 -5 -14 -6 -19 -21 -15 -16 -12 -4 -17 -19 -28 4 -7 -18 -15 -4 -30 0 -10 -1 -13 -6 -23 -18 -16 -10 -14 -18 -25 4 -17 -9 -22 -1 -8 3 -23 1 -19 -3 -12 2 -25 -9 -17 -2 -11 -11 -13 -8 -14 -18 -8 -4 -22 -16 -19 -10 -6 -6 -4 -16 -17 0 -22 -3 -16 -13 -21 -3 -15 -9 -14 -10 -13 -13 -13 -20 -4 -16 -22 -2 -18 -16 -15 -10 -17 -18 -14 -4 -9 -16 -18 -11 6 0 0 0 0 0 0 0 0 ]
CSI_DATA,AP,68:FE:71:12:53:8C,-43,11,1,5,1,1,1,0,0,0,0,-94,0,6,1,13554166,0,84,0,0,13.554,384,[84 -64 4 0 0 0 0 0 0 0 0 0 7 -2 22 13 25 -7 29 6 15 3 8 12 7 -8 10 15 12 12 16 -7 5 13 8 10 5 -6 12 -5 5 -4 19 13 2 -2 4 -7 25 -6 19 4 11 6 8 13 23 -5 11 13 14 5 5 15 -11 10 19 -5 18 5 17 1 5 13 2 -4 25 16 20 -8 0 11 6 1 14 -3 21 3 20 -4 9 11 17 8 7 -1 7 -2 10 2 1 -4 20 0 0 8 21 -5 25 -3 15 9 3 -8 20 6 18 10 -1 9 0 0 0 0 0 0 0 0 ]
CSI_DATA,AP,68:FE:71:12:53:8C,-42,11,1,4,1,1,1,1,0,0,0,-95,5,6,1,13640263,0,84,0,0,13.64,384,[84 -64 4 0 0 0 0 0 0 0 0 0 -1 11 2 16 -3 13 12 30 0 30 0 17 -1 16 -3 10 0 27 10 13 -1 23 8 6 -11 22 -6 22 -8 27 -2 28 -11 13 10 22 -12 4 -6 21 -3 21 0 16 -10 6 10 25 8 24 -11 22 10 9 8 16 -4 21 -3 7 -5 11 -7 20 11 15 5 13 -4 9 14 21 5 22 5 18 -3 3 16 13 -6 24 -4 21 1 14 4 18 2 9 7 14 14 19 13 18 -2 12 14 22 1 8 8 15 -3 0 11 -3 0 0 0 0 0 0 0 0 ]
CSI_DATA,AP,68:FE:71:12:53:8C,-43,11,1,5,1,1,1,0,0,0,1,-95,0,6,1,13720511,0,84,0,0,13.721,384,[84 -64 4 0 0 0 0 0 0 0 0 0 9 -9 7 -22 4 -28 -6 -25 6 -31 5 -15 -11 -27 5 -14 0 -18 -2 -15 14 -10 -8 -13 -9 -11 2 -12 7 -13 -7 -24 -7 -16 -8 -28 6 -20 4 -28 13 -10 15 -20 -1 -5 -6 -24 12 -15 -4 -29 1 -2 12 -13 -3 -20 -7 -9 -10 -13 1 -15 10 -12 6 -28 0 -24 9 -22 -1 -9 -9 -8 8 -11 -5 -17 -13 -28 1 -14 6 -6 1 -22 -9 -26 2 -8 -4 -21 8 -19 -13 -20 -8 -21 3 -20 -14 -25 7 -23 0 -9 0 0 0 0 0 0 0 0 ]
CSI_DATA,AP,68:FE:71:12:53:8C,-36,11,1,6,1,1,1,0,0,0,0,-93,0,6,1,13781162,0,84,0,0,13.781,384,[84 -64 4 0 0 0 0 0 0 0 0 0 25 -1 18 3 22 -11 10 -13 7 -8 8 -5 5 -15 18 3 13 -11 10 -11 20 0 13 10 24 -4 6 -2 6 9 17 1 17 -11 11 -8 19 -11 16 8 11 5 23 4 11 0 13 -4 7 -12 19 -9 4 -5 21 3 13 -11 23 -8 18 4 20 1 20 -5 12 -8 1 -10 12 4 18 6 21 -8 13 -9 25 3 24 -7 4 -11 16 -3 15 3 15 -10 15 -15 17 -6 3 -5 22 -2 21 -2 8 2 7 -1 13 -19 -7 -10 0 0 0 0 0 0 0 0 ]
CSI_DATA,AP,68:FE:71:12:53:8C,-44,11,1,3,1,1,1,0,0,0,0,-95,0,6,1,13859468,0,84,0,0,13.859,384,[84 -64 4 0 0 0 0 0 0 0 0 0 -1 -11 -6 -10 -5 -16 15 -16 15 -9 12 -24 -2 -10 -7 -8 7 -25 3 -11 -7 -22 14 -16 -1 -5 4 -24 -2 -27 -1 -21 2 -19 -6 -9 -2 -19 2 -10 7 -16 3 -11 9 -12 3 -14 -3 -11 0 -12 10 11 9 -24 -8 -2 8 -23 8 -5 5 -12 11 -20 7 -6 11 -7 14 -20 -9 -5 -4 -16 13 -17 -3 -15 -9 -8 1 -14 13 -23 4 -17 -8 -10 -5 -5 6 -25 7 -22 -11 -27 6 -24 6 -23 4 -11 5 -11 -2 0 0 0 0 0 0 0 0 0 ]
CSI_DATA,AP,68:FE:71:12:53:8C,-41,11,1,6,1,1,1,0,0,0,0,-94,0,6,1,13921713,0,84,0,0,13.922,384,[84 -64 4 0 0 0 0 0 0 0 0 0 10 -26 13 -14 9 -15 15 -7 7 -2 7 -15 6 -12 8 -6 10 -22 8 -8 8 -3 12 -20 23 -1 24 -7 9 -12 22 -14 14 3 12 -1 21 -6 14 -14 17 -9 19 -17 24 -20 11 -4 22 -20 22 -2 9 12 20 0 9 3 22 -9 5 0 13 -4 4 0 8 -19 7 -6 24 -16 19 -16 12 -1 3 -14 10 -19 6 -15 0 -20 5 0 10 -18 3 -5 6 -23 17 -20 8 -2 8 -11 15 -16 -3 -26 16 -6 1 -7 9 11 0 0 0 0 0 0 0 0 ]
CSI_DATA,AP,68:FE:71:12:53:8C,-40,11,1,6,1,1,1,0,0,0,0,-95,0,6,1,14033428,0,84,0,0,14.033,384,[84 -64 4 0 0 0 0 0 0 0 0 0 -29 -20 -44 -12 -46 -12 -29 -26 -31 -16 -37 -27 -33 -34 -19 -34 -24 -24 -32 -27 -22 -32 -18 -39 -19 -25 -15 -25 -25 -23 -20 -31 -36 -31 -22 -24 -23 -21 -16 -15 -33 -35 -35 -32 -32 -20 -15 -23 -30 -30 -31 -28 -3 -9 -23 -13 -22 -15 -24 -32 -38 -19 -23 -16 -19 -19 -17 -26 -17 -13 -18 -23 -34 -30 -34 -9 -33 -10 -33 -7 -25 -13 -18 -6 -18 -22 -27 -22 -30 -16 -29 -25 -39 -19 -22 -22 -39 -16 -19 -10 -20 -8 -29 -15 -23 -8 -3 8 0 0 0 0 0 0 0 0 ]
CSI_DATA,AP,68:FE:71:12:53:8C,-40,11,1,5,1,1,1,0,0,0,0,-94,0,6,1,14134997,0,84,0,0,14.135,384,[84 -64 4 0 0 0 0 0 0 0 0 0 5 19 0 27 10 25 -4 28 8 31 -3 30 0 7 -4 21 -4 7 7 13 -7 16 -5 26 -5 24 -15 28 0 24 -3 27 -14 14 -3 8 -2 24 -10 25 -5 20 -11 27 2 13 7 14 0 24 3 13 -4 0 6 15 7 10 5 28 7 24 -1 7 -15 15 2 27 -2 3 7 19 -7 25 7 5 10 27 -2 5 -4 15 -12 5 -2 3 -7 20 1 9 2 8 4 13 6 15 -8 13 10 15 5 18 -1 19 -9 5 -2 12 0 0 0 0 0 0 0 0 ]
CSI_DATA,AP,68:FE:71:12:53:8C,-44,11,1,5,1,1,1,0,0,0,0,-96,0,6,1,14201416,0,84,0,0,14.201,384,[84 -64 4 0 0 0 0 0 0 0 0 0 13 -13 13 -9 8 -11 10 -29 17 -28 5 -8 1 -20 25 -8 9 -26 19 -16 19 -6 20 -23 19 -9 25 -13 26 -7 7 -19 23 -11 14 -15 4 -21 12 -15 23 -3 22 -5 16 -10 23 -14 -1 -11 12 -16 10 -8 14 -2 6 -14 8 -20 16 -3 6 -14 7 -14 5 -3 3 -11 18 -13 5 -7 19 -4 13 -21 0 -20 11 -7 6 -9 14 -15 6 -9 14 -5 12 -8 17 -9 14 -8 -6 -3 8 -20 -5 -26 17 -13 1 -26 0 -11 0 0 0 0 0 0 0 0 ]
CSI_DATA,AP,68:FE:71:12:53:8C,-35,11,1,5,1,1,1,0,0,0,0,-94,0,6,1,14322474,0,84,0,0,14.322,384,[84 -64 4 0 0 0 0 0 0 0 0 0 4 25 7 23 13 17 -1 17 -7 12 11 18 -9 14 10 11 -4 14 12 18 -2 18 -5 13 2 29 7 14 4 22 -6 18 4 7 6 13 9 22 -8 20 0 7 -12 26 8 7 -8 8 -7 21 -2 19 6 -5 -11 28 6 15 1 23 -4 25 6 28 8 8 4 7 -5 4 -2 17 -5 11 2 12 13 25 11 5 11 12 12 21 9 10 -3 6 5 11 3 27 -4 27 -5 7 1 7 -1 4 -4 10 -7 19 -1 10 6 -7 0 0 0 0 0 0 0 0 ]
CSI_DATA,AP,68:FE:71:12:53:8C,-40,11,1,5,1,1,1,1,0,0,0,-95,4,6,1,14385816,0,84,0,0,14.386,384,[84 -64 4 0 0 0 0 0 0 0 0 0 -1 -14 -16 -3 -3 -8 -18 -23 -10 -16 -12 -21 -12 -6 -18 -4 -20 -18 1 -4 1 -8 -15 -6 2 -20 2 -13 3 -6 -1 -6 -11 -16 3 -7 -12 -11 4 -5 4 -20 -10 -13 -4 -18 -4 -8 -8 -18 0 -23 -3 -7 -6 -12 -1 -26 -15 -20 -5 -5 -1 -8 -15 -20 -8 -8 0 -19 3 -10 -21 -21 -21 -24 3 -20 -1 -15 -1 -13 -5 -2 -8 -12 2 -6 -2 -19 -11 -11 -4 -5 -19 -21 -23 -2 -10 -22 -10 -11 -3 -16 1 -14 9 -7 0 0 0 0 0 0 0 0 ]
CSI_DATA,AP,68:FE:71:12:53:8C,-44,11,1,5,1,1,1,0,0,0,0,-93,0,6,1,14461039,0,84,0,0,14.461,384,[84 -64 4 0 0 0 0 0 0 0 0 0 23 -4 6 7 17 10 9 2 7 1 23 -6 9 12 7 -4 23 10 16 15 10 13 26 1 8 10 18 2 10 4 16 13 20 -1 11 6 14 -3 22 -2 14 10 18 10 11 -5 4 8 1 3 6 1 4 0 18 -3 9 0 18 7 13 7 11 2 25 -4 5 -5 14 -2 8 3 23 -4 11 8 25 -10 23 -1 21 0 3 -6 23 -2 8 -8 17 -3 3 -1 21 -9 23 9 18 1 19 -8 13 10 20 1 11 7 12 -9 0 0 0 0 0 0 0 0 ]
CSI_DATA,AP,68:FE:71:12:53:8C,-41,11,1,5,1,1,1,0,0,0,0,-94,0,6,1,14537618,0,84,0,0,14.538,384,[84 -64 4 0 0 0 0 0 0 0 0 0 -26 -10 -21 -13 -17 -18 -16 -23 -6 -5 -24 -12 -24 -9 -15 -10 -18 -28 -16 -14 -23 -18 -4 -9 -16 -16 -15 -26 0 -10 -20 -15 -6 -4 -10 -21 -1 -6 -8 -27 -7 -22 -16 -12 4 -27 -9 -24 -22 -10 -2 -17 -2 -12 -9 -27 -12 -7 -17 -25 1 -17 -20 -18 -10 -21 -5 -11 -2 -25 -11 -13 -9 -23 -12 -13 -11 -12 -20 -15 0 -3 -25 -1 -8 -7 -24 -21 -25 -6 -5 -20 -22 -22 -9 -18 -5 -6 -12 -8 -5 2 -3 -21 -9 -16 7 -9 0 0 0 0 0 0 0 0 ]
CSI_DATA,AP,68:FE:71:12:53:8C,-39,11,1,6,1,1,1,1,0,0,1,-95,6,6,1,14610519,0,84,0,0,14.611,384,[84 -64 4 0 0 0 0 0 0 0 0 0 -21 19 -21 7 -18 20 -16 30 -2 17 -13 16 -10 18 -7 23 -13 18 -16 17 -6 9 -8 19 -9 23 -25 18 -19 12 -9 5 -26 20 -3 9 -6 6 -25 8 -24 12 -19 13 -25 15 -15 6 -18 6 -8 15 9 4 -8 5 -10 4 -9 8 -19 14 -10 20 -2 2 -12 5 -10 2 -9 16 -1 3 -7 8 -19 13 1 26 0 18 -12 14 -11 10 -16 10 -4 10 -12 20 -5 11 -11 18 -10 8 -4 8 -6 18 -5 12 -14 7 -2 -11 0 0 0 0 0 0 0 0 ]
CSI_DATA,AP,68:FE:71:12:53:8C,-42,11,1,6,1,1,1,0,0,0,0,-94,0,6,1,14690336,0,84,0,0,14.69,384,[84 -64 4 0 0 0 0 0 0 0 0 0 6 -12 3 -26 13 -26 19 -15 13 -28 5 -26 14 -17 5 -19 18 -16 3 -8 22 -12 7 -19 18 -11 18 -5 4 -23 5 -22 10 -10 22 -6 19 -9 17 -15 5 -17 18 1 10 -7 20 -18 26 2 24 0 3 -9 15 -8 2 1 16 -7 12 -13 22 -4 5 -14 15 -23 14 -19 15 -20 21 -11 20 -21 20 -3 2 -23 15 -4 22 -2 22 -20 11 -17 13 -2 7 -16 13 -20 -2 -23 9 -10 6 -5 -4 -6 7 -22 11 -7 2 -6 0 0 0 0 0 0 0 0 ]
CSI_DATA,AP,68:FE:71:12:53:8C,-43,11,1,5,1,1,1,0,0,0,0,-95,0,6,1,14744872,0,84,0,0,14.745,384,[84 -64 4 0 0 0 0 0 0 0 0 0 -24 5 -8 16 -9 13 -25 9 -16 0 -17 1 -17 -4 -22 8 -11 14 -11 -3 -25 5 -8 6 -8 6 -27 6 -7 1 -12 7 -12 -6 -26 6 -16 9 -17 5 -24 4 -26 5 -8 7 -4 -4 -26 11 -22 -7 5 -6 -6 2 -23 -3 -13 12 -3 6 -9 6 -24 3 -23 -2 -11 5 -8 14 -10 9 -8 16 -17 -7 -21 4 -2 3 -15 2 -6 16 -11 13 -18 10 -10 13 -12 3 -1 0 1 -3 -2 20 1 6 -17 -1 -9 17 -3 1 0 0 0 0 0 0 0 0 ]
CSI_DATA,AP,68:FE:71:12:53:8C,-41,11,1,5,1,1,1,0,0,0,0,-94,0,6,1,14822790,0,84,0,0,14.823,384,[84 -64 4 0 0 0 0 0 0 0 0 0 -4 16 -2 19 -13 13 6 31 9 31 4 19 -12 26 6 17 -16 22 -6 12 4 16 -17 10 -5 28 -9 13 1 19 -5 6 6 30 -12 20 -13 22 6 10 -16 11 -2 11 -4 14 -7 17 -2 7 -13 17 2 -9 -10 23 0 20 6 23 0 4 6 7 -11 20 -6 5 -2 5 -4 21 -5 10 -8 16 7 19 -2 20 -1 15 -8 9 -2 22 10 14 7 5 10 16 2 19 8 26 -2 22 -6 8 -3 13 -2 4 3 12 -10 -10 0 0 0 0 0 0 0 0 ]
CSI_DATA,AP,68:FE:71:12:53:8C,-39,11,1,5,1,1,1,0,0,0,0,-94,0,6,1,14893255,0,84,0,0,14.893,384,[84 -64 4 0 0 0 0 0 0 0 0 0 20 -15 13 -10 18 -9 23 -13 32 -15 9 -5 22 1 13 9 18 0 18 7 29 -2 19 -13 16 -7 26 -10 18 -12 12 -2 19 3 24 -3 23 2 12 -5 20 5 22 12 26 8 6 8 17 1 17 -5 -9 -9 7 9 27 -10 15 -13 6 6 25 7 22 -6 23 6 13 -8 10 -6 27 6 15 -8 3 -15 8 -2 4 1 15 -10 13 -10 22 -2 24 4 26 5 10 -9 24 -15 16 -17 19 -17 26 -4 21 0 12 2 -11 -6 0 0 0 0 0 0 0 0 ]
CSI_DATA,AP,68:FE:71:12:53:8C,-38,11,1,6,1,1,1,0,0,0,0,-95,0,6,1,14983674,0,84,0,0,14.984,384,[84 -64 4 0 0 0 0 0 0 0 0 0 11 -3 11 4 33 1 33 3 29 -2 16 -8 11 -11 21 -8 24 5 27 2 22 11 25 4 25 9 22 -8 20 0 22 6 9 -5 6 -4 22 -1 16 -4 24 5 24 4 26 -5 9 -12 31 11 7 12 0 -9 16 8 14 -9 16 -3 10 5 11 -10 22 2 5 7 18 4 17 1 25 -4 16 -9 19 4 14 6 15 -4 8 2 9 6 28 -12 22 2 27 1 11 6 9 -16 17 -15 8 1 16 -11 12 -12 12 -13 -4 -12 0 0 0 0 0 0 0 0 ]
CSI_DATA,AP,68:FE:71:12:53:8C,-44,11,1,3,1,1,1,0,0,0,0,-94,0,6,1,15057850,0,84,0,0,15.058,384,[84 -64 4 0 0 0 0 0 0 0 0 0 -7 27 -12 23 -17 12 -14 12 -14 24 -22 20 -26 3 -23 -1 -19 23 -17 16 -29 22 -31 11 -31 10 -17 11 -11 8 -22 9 -11 14 -21 18 -30 12 -13 -2 -16 11 -27 3 -23 -3 -13 9 -16 18 -30 4 9 -11 -22 5 -9 20 -21 15 -13 18 -23 3 -21 9 -12 16 -27 15 -9 20 -15 12 -26 3 -2 6 -21 16 -10 4 -4 23 -9 16 -16 21 -23 18 -4 18 -10 14 -12 13 -6 0 -10 4 -18 5 -9 9 -5 21 -7 6 0 0 0 0 0 0 0 0 ]
CSI_DATA,AP,68:FE:71:12:53:8C,-40,11,0,0,0,0,0,0,0,0,0,-93,0,6,1,15139834,0,37,0,0,15.14,128,[84 -64 4 0 0 0 0 0 0 0 0 0 -12 30 -2 23 -18 12 -24 13 -9 26 -21 10 -26 11 -12 20 -3 15 -22 24 -14 25 -14 4 -15 18 -16 20 -18 8 -8 16 -7 5 -23 4 -15 18 -18 10 -5 20 -26 14 -21 21 -13 13 -25 23 -25 4 5 2 -2 25 -13 6 -4 18 -1 3 -20 9 -16 14 -9 1 -5 10 -11 9 -5 10 -2 23 -14 26 -9 24 -4 6 3 6 -15 22 -3 13 -17 11 -20 14 -12 5 -3 4 -18 17 5 13 -6 5 -7 16 -13 9 -12 8 0 0 0 0 0 0 0 0 ]
CSI_DATA,AP,68:FE:71:12:53:8C,-43,11,1,4,1,1,1,1,0,0,0,-94,1,6,1,15217320,0,84,0,0,15.217,384,[84 -64 4 0 0 0 0 0 0 0 0 0 -5 18 -23 10 -14 7 -6 5 -15 20 -24 24 -17 6 -7 6 -25 13 -23 11 -10 5 -19 18 -10 3 -27 14 -23 6 -9 14 -30 12 -13 14 -10 3 -12 6 -18 -3 -9 10 -14 3 -25 14 -21 18 -23 11 10 -8 -4 9 -12 4 -20 7 -16 14 -13 13 -18 21 -25 15 -22 7 -21 10 -17 2 -9 11 -10 21 -4 6 -17 10 -5 22 -7 6 0 23 -1 19 -6 14 -15 2 -11 1 -3 19 -13 7 -11 7 -6 10 -20 7 9 7 0 0 0 0 0 0 0 0 ]
CSI_DATA,AP,68:FE:71:12:53:8C,-37,11,1,6,1,1,1,0,0,0,0,-96,0,6,1,15303372,0,84,0,0,15.303,384,[84 -64 4 0 0 0 0 0 0 0 0 0 8 16 -10 22 -1 18 9 29 -14 21 -9 21 5 21 -7 25 -7 12 -10 25 -8 25 -4 8 -2 27 -6 10 -3 20 -18 19 -12 16 -5 13 -7 18 -7 27 -8 18 6 16 -1 26 -4 16 -10 26 -1 19 1 -11 -3 27 -14 5 1 8 8 11 1 16 -6 10 -4 9 5 8 6 28 -5 8 -7 19 3 18 -10 17 -2 12 -5 19 10 14 -10 29 -1 12 -6 19 2 5 -3 7 9 26 11 27 -3 25 -5 9 -2 22 5 -11 0 0 0 0 0 0 0 0 ]
CSI_DATA,AP,68:FE:71:12:53:8C,-42,11,1,5,1,1,1,0,0,0,0,-95,0,6,1,15375745,0,84,0,0,15.376,384,[84 -64 4 0 0 0 0 0 0 0 0 0 8 23 11 23 25 6 11 20 13 28 11 25 21 17 1 22 -4 14 16 14 -2 16 13 13 3 30 15 27 9 7 6 22 1 10 13 19 13 22 7 15 7 24 -1 5 10 15 18 24 16 22 18 10 -5 1 -4 13 5 10 2 28 -3 22 -2 25 17 9 -4 20 11 14 5 19 -4 1 12 11 8 5 17 21 7 3 14 7 -1 8 7 8 0 9 2 24 12 4 3 25 1 3 14 20 14 3 10 5 19 13 1 1 0 0 0 0 0 0 0 0 ]
CSI_DATA,AP,68:FE:71:12:53:8C,-43,11,1,6,1,1,1,0,0,0,0,-95,0,6,1,15462627,0,84,0,0,15.463,384,[84 -64 4 0 0 0 0 0 0 0 0 0 -30 -16 -21 -22 -22 -11 -9 -9 -12 -22 -23 -21 -18 -15 -9 -8 -6 -22 -3 -18 -5 -8 -9 -21 -22 -23 -22 -21 -19 -7 -7 -28 -4 -22 -15 -9 -17 -10 -6 -15 -3 -7 -3 -16 -15 -20 -11 -15 1 -17 -9 -24 12 -12 -1 -17 -3 -23 -10 -18 -5 -17 -19 -15 -12 -9 -7 -19 -20 -23 -23 -21 -16 -18 -19 -4 -14 -1 -14 -15 -21 -20 -7 -16 -15 -5 -17 -19 -10 1 -7 -1 -23 -6 -18 -3 -19 2 -9 -17 -28 -7 -12 -8 -9 -6 -4 -11 0 0 0 0 0 0 0 0 ]
CSI_DATA,AP,68:FE:71:12:53:8C,-37,11,0,0,0,0,0,1,0,0,0,-95,3,6,1,15554595,0,37,0,0,15.555,128,[84 -64 4 0 0 0 0 0 0 0 0 0 -13 -27 -6 -30 -7 -23 1 -34 -11 -32 8 -31 7 -19 -4 -31 5 -17 4 -30 -2 -25 11 -15 4 -20 0 -31 3 -17 4 -26 3 -26 10 -23 11 -28 10 -24 9 -19 -8 -29 1 -24 11 -17 12 -20 0 -21 2 2 11 -18 -8 -20 0 -11 14 -11 -8 -15 6 -12 9 -24 -1 -7 5 -5 -4 -4 6 -21 -12 -26 -7 -9 4 -6 4 -5 2 -16 7 -9 -13 -16 -7 -17 -2 -25 0 -10 3 -11 1 -26 6 -20 5 -10 -11 -20 6 6 0 0 0 0 0 0 0 0 ]
CSI_DATA,AP,68:FE:71:12:53:8C,-35,11,1,7,1,1,1,0,0,0,0,-95,0,6,1,15653374,0,84,0,0,15.653,384,[84 -64 4 0 0 0 0 0 0 0 0 0 -19 5 -12 -4 -24 2 -28 -17 -26 -2 -6 -20 -31 -18 -13 -2 -30 -14 -20 -19 -12 -18 -14 -17 -23 -14 -11 -6 -28 -2 -25 -6 -26 -8 -16 -11 -14 -22 -24 -14 -5 0 -18 -13 -9 -2 -9 -4 -20 -21 -14 -7 -9 -8 -7 -14 -18 -7 -22 -1 -15 -11 -21 -5 -22 0 -9 -4 -23 -7 -19 1 -24 -4 -26 -17 -15 -18 -28 -11 -5 -16 -10 -14 -21 -16 -5 -4 -15 -16 -8 1 -16 7 -24 -2 -20 -1 -26 -14 -9 -5 -10 -2 -23 -10 7 -12 0 0 0 0 0 0 0 0 ]
CSI_DATA,AP,68:FE:71:12:53:8C,-37,11,1,6,1,1,1,0,0,0,0,-95,0,6,1,15735399,0,84,0,0,15.735,384,[84 -64 4 0 0 0 0 0 0 0 0 0 -27 10 -15 23 -25 0 -30 22 -28 20 -26 18 -25 -4 -29 13 -23 6 -23 1 -32 20 -17 9 -14 8 -14 14 -18 14 -7 -1 -28 0 -16 5 -27 -5 -16 -2 -22 -8 -18 17 -12 13 -8 10 -21 12 -23 15 7 -4 -18 -1 -5 12 -16 11 -6 12 -6 16 -20 8 -21 2 -10 -3 -7 13 -10 9 -13 7 -11 -1 -21 2 -25 6 -14 16 -10 -1 -4 4 -2 -1 -25 13 -20 7 -3 20 0 12 -21 23 -12 5 -20 2 -13 18 -3 0 0 0 0 0 0 0 0 0 ]
CSI_DATA,AP,68:FE:71:12:53:8C,-39,11,1,4,1,1,1,0,0,0,0,-95,0,6,1,15826261,0,84,0,0,15.826,384,[84 -64 4 0 0 0 0 0 0 0 0 0 12 2 14 2 26 8 14 8 15 0 18 2 22 10 22 17 9 22 22 14 23 9 7 26 11 21 15 25 15 7 19 16 9 20 16 22 17 25 17 3 4 14 12 15 19 4 4 3 15 13 -1 2 -1 -3 18 10 23 3 4 24 21 0 7 14 9 20 11 14 12 5 14 12 4 12 14 20 1 1 15 4 21 3 10 1 10 16 6 -3 21 12 10 7 24 0 3 16 11 10 9 -2 17 -4 21 -5 24 12 -1 -1 0 0 0 0 0 0 0 0 ]
CSI_DATA,AP,68:FE:71:12:53:8C,-38,11,1,7,1,1,1,0,0,0,0,-95,0,6,1,15901048,0,84,0,0,15.901,384,[84 -64 4 0 0 0 0 0 0 0 0 0 -28 -17 -8 -2 -8 1 -14 1 -25 -18 -12 0 -9 -22 -21 -6 -17 0 -17 -14 -24 -14 -10 -18 -25 -9 -19 -16 -8 -17 -17 -8 -24 -13 -11 -18 -20 -9 -10 -4 -16 -23 -25 -10 -25 1 -5 -19 -20 -11 -18 -22 11 1 -3 -2 -13 0 -16 2 -17 -19 -4 -7 -26 -15 -17 -8 -7 -11 -15 -7 -7 -14 -11 -2 -19 -1 -5 3 -17 -7 -19 -1 -17 -16 -10 3 -14 -4 -25 1 -28 5 -19 -7 -7 3 -14 3 -23 -2 -25 -8 -9 -3 10 4 0 0 0 0 0 0 0 0 ]
CSI_DATA,AP,68:FE:71:12:53:8C,-37,11,1,6,1,1,1,1,0,0,0,-96,1,6,1,16005840,0,84,0,0,16.006,384,[84 -64 4 0 0 0 0 0 0 0 0 0 -26 13 -28 12 -19 12 -12 2 -30 2 -22 14 -14 -6 -27 14 -11 13 -21 1 -22 9 -10 12 -18 2 -30 12 -7 9 -28 13 -28 -2 -23 -1 -9 -5 -29 -7 -29 4 -15 14 -26 4 -10 6 -28 9 -6 3 2 1 -12 0 -18 14 -9 1 -12 19 -19 14 -15 -5 -7 10 -8 16 -5 9 -10 19 -5 7 -3 16 -8 15 -10 -2 -6 0 -19 21 -20 19 -4 3 -7 3 -16 2 -11 10 -20 22 -3 7 -16 1 -2 13 -10 2 -12 -6 0 0 0 0 0 0 0 0 ]
CSI_DATA,AP,68:FE:71:12:53:8C,-46,11,1,5,1,1,1,0,0,0,0,-94,0,6,1,16092079,0,84,0,0,16.092,384,[84 -64 4 0 0 0 0 0 0 0 0 0 -4 -10 2 -30 13 -21 -5 -22 3 -24 19 -31 12 -24 10 -19 20 -15 20 -9 18 -9 15 -28 3 -11 0 -12 -3 -14 1 -23 2 -9 -3 -14 10 -5 12 -26 3 -21 15 -25 14 -20 5 -16 14 -22 0 -18 -4 8 4 -10 -2 -9 -1 -14 -1 -27 11 -11 17 -18 -2 -19 -2 -21 -5 -23 -9 -27 6 -23 -4 -20 11 -5 11 -22 -1 -9 -2 -10 9 -29 10 -11 -9 -8 10 -18 9 -9 -8 -26 12 -17 -10 -9 3 -6 -9 -8 8 -9 0 0 0 0 0 0 0 0 ]
CSI_DATA,AP,68:FE:71:12:53:8C,-39,11,1,5,1,1,1,0,0,0,0,-95,0,6,1,16168724,0,84,0,0,16.169,384,[84 -64 4 0 0 0 0 0 0 0 0 0 21 -23 5 -25 4 -18 10 -22 25 -5 10 -14 15 -2 25 -9 29 -9 18 -8 18 -18 19 -14 14 -5 21 -16 23 -8 11 -22 4 -20 23 -3 22 -16 12 -3 11 0 5 0 5 -20 10 -19 19 -21 21 -3 -3 -11 17 -17 23 -3 2 -17 11 1 15 -15 19 -4 18 -5 2 -6 13 -7 7 -14 18 -22 21 -7 4 -20 0 -2 1 -7 9 -24 18 -9 7 -7 8 -24 14 -14 23 -22 5 -3 18 -20 6 -20 8 -22 15 -10 3 4 0 0 0 0 0 0 0 0 ]
CSI_DATA,AP,68:FE:71:12:53:8C,-41,11,1,6,1,1,1,0,0,0,0,-94,0,6,1,16259147,0,84,0,0,16.259,384,[84 -64 4 0 0 0 0 0 0 0 0 0 15 3 23 5 13 6 33 -4 10 15 16 4 25 -4 7 -1 23 2 10 11 9 1 16 18 22 6 24 14 18 3 9 6 7 -2 9 6 15 21 10 0 3 16 19 3 21 9 13 18 18 20 27 3 -3 -5 16 7 22 2 23 14 27 9 22 -2 19 2 24 11 4 7 17 0 9 4 21 0 8 -3 15 12 10 16 15 0 13 7 14 9 13 11 8 -4 20 -7 24 1 12 6 18 -1 5 5 19 9 27 -3 -3 3 0 0 0 0 0 0 0 0 ]
CSI_DATA,AP,68:FE:71:12:53:8C,-45,11,1,5,1,1,1,0,0,0,0,-94,0,6,1,16353380,0,84,0,0,16.353,384,[84 -64 4 0 0 0 0 0 0 0 0 0 28 -1 8 4 19 -7 12 -2 12 -12 19 -11 8 -11 31 -12 18 -10 18 4 23 8 32 -10 16 -10 24 -8 26 -7 28 2 14 -4 20 8 28 -11 11 -4 14 5 16 7 19 -4 26 -5 29 -11 19 3 -10 4 15 -10 28 -11 20 5 23 -13 24 -3 8 -10 6 1 4 -14 11 -7 9 -7 11 -6 18 -6 24 -1 12 -11 19 -10 11 -10 11 -6 27 -15 17 -13 3 3 14 -4 12 -4 14 -3 25 -5 14 -10 13 -9 -2 7 0 0 0 0 0 0 0 0 ]
CSI_DATA,AP,68:FE:71:12:53:8C,-41,11,1,4,1,1,1,0,0,0,0,-94,0,6,1,16434726,0,84,0,0,16.435,384,[84 -64 4 0 0 0 0 0 0 0 0 0 -1 -16 -9 -28 -14 -30 -5 -21 -9 -28 1 -20 6 -31 2 -16 3 -22 -5 -15 -10 -12 6 -12 -4 -25 6 -30 1 -26 13 -29 8 -14 5 -11 2 -23 -5 -27 -3 -27 4 -27 1 -19 3 -12 15 -30 -8 -20 5 -1 12 -12 3 -20 12 -20 5 -7 14 -24 3 -14 4 -27 -9 -23 -10 -9 8 -18 -8 -14 -3 -10 10 -6 10 -28 -9 -7 -12 -16 -9 -24 -4 -18 9 -17 7 -4 -4 -16 -11 -7 -15 -19 -10 -15 -7 -10 -14 -23 -5 8 0 0 0 0 0 0 0 0 ]
CSI_DATA,AP,68:FE:71:12:53:8C,-43,11,1,4,1,1,1,0,0,0,0,-94,0,6,1,16510270,0,84,0,0,16.51,384,[84 -64 4 0 0 0 0 0 0 0 0 0 13 12 26 -3 32 13 22 -1 24 5 30 7 30 15 10 11 17 0 17 18 14 22 22 20 27 17 23 15 21 14 27 1 8 8 4 -1 12 17 21 23 9 11 4 13 25 20 12 14 20 0 24 15 11 -7 5 16 13 -2 21 8 5 1 24 17 11 7 13 16 11 7 13 11 12 0 19 -1 2 4 17 16 21 3 25 2 7 12 4 16 5 6 14 -5 27 8 25 -4 25 -6 20 9 15 6 4 15 6 -1 -4 7 0 0 0 0 0 0 0 0 ]
CSI_DATA,AP,68:FE:71:12:53:8C,-41,11,1,4,1,1,1,0,0,0,0,-94,0,6,1,16581521,0,84,0,0,16.582,384,[84 -64 4 0 0 0 0 0 0 0 0 0 9 -20 20 -19 4 -16 11 -12 15 -7 5 -21 17 -4 14 -2 8 -21 5 2 19 -21 17 -12 6 -20 28 2 24 -7 8 2 13 -13 28 -20 9 1 22 -7 17 -11 6 -16 16 -5 21 0 12 -1 28 -17 5 -11 4 -21 6 -2 15 -6 12 -3 7 -3 8 -10 23 0 8 -12 24 -19 21 -16 9 -20 5 -15 4 -16 7 -2 18 -11 6 -4 0 -15 11 -20 0 -11 -2 -9 2 -5 16 -14 12 -11 14 -11 17 -23 3 -26 -11 -7 0 0 0 0 0 0 0 0 ]
CSI_DATA,AP,68:FE:71:12:53:8C,-44,11,1,3,1,1,1,0,0,0,0,-95,0,6,1,16649615,0,84,0,0,16.65,384,[84 -64 4 0 0 0 0 0 0 0 0 0 16 -11 14 -26 -2 -17 13 -25 6 -7 19 -27 1 -10 9 -5 17 -17 13 -10 23 -7 9 -4 23 -7 19 -16 16 -11 5 -19 12 -16 23 -1 21 -14 1 -4 23 -14 25 -1 12 -9 14 -21 11 -25 14 -3 6 0 3 -6 22 -13 17 -19 0 -1 13 -21 19 -12 4 -2 2 -13 15 -13 17 -3 21 -27 6 -10 0 -10 14 -18 2 -23 9 -20 9 -22 12 -16 14 -10 6 -17 -2 -13 11 -17 18 -19 7 -15 4 -20 -7 -20 -1 9 0 0 0 0 0 0 0 0 ]
CSI_DATA,AP,68:FE:71:12:53:8C,-42,11,1,6,1,1,1,0,0,0,0,-93,0,6,1,16728790,0,84,0,0,16.729,384,[84 -64 4 0 0 0 0 0 0 0 0 0 -4 10 -14 6 -25 20 -8 0 -10 15 -7 0 -29 2 -30 8 -23 6 -23 13 -27 -2 -22 12 -23 10 -17 16 -12 6 -11 13 -26 16 -29 5 -20 15 -9 -5 -13 13 -16 13 -27 -7 -10 2 -8 12 -25 16 -9 12 -21 9 -8 -5 -15 10 -17 9 -16 15 -8 -6 -25 -1 -7 10 -15 -5 -24 -1 -22 2 -23 3 -17 6 -3 9 -11 3 -24 15 -4 -2 -18 -1 -20 -3 -14 9 -3 17 -21 -3 -8 11 -3 1 -22 7 -21 1 11 4 0 0 0 0 0 0 0 0 ]
CSI_DATA,AP,68:FE:71:12:53:8C,-45,11,1,3,1,1,1,0,0,0,0,-94,0,6,1,16813604,0,84,0,0,16.814,384,[84 -64 4 0 0 0 0 0 0 0 0 0 15 -26 17 -20 -1 -18 5 -24 -1 -8 2 -12 21 -12 13 -15 18 -8 10 -10 9 -8 14 -25 10 -22 7 -13 0 0 23 -20 2 -17 2 -16 13 -21 9 -3 7 -3 10 -1 1 -11 6 -10 16 -20 3 -2 10 5 8 0 3 0 7 -19 -3 -3 7 -13 10 -11 10 -10 0 -16 1 -11 0 0 14 -5 18 -11 8 -10 4 -8 10 -4 -2 -3 0 -6 7 -8 5 -21 13 -7 12 -26 10 -21 2 -21 1 -16 13 -4 1 -10 -4 7 0 0 0 0 0 0 0 0 ]
CSI_DATA,AP,68:FE:71:12:53:8C,-36,11,1,6,1,1,1,0,0,0,0,-94,0,6,1,16888591,0,84,0,0,16.889,384,[84 -64 4 0 0 0 0 0 0 0 0 0 19 19 13 13 28 15 18 -3 25 7 16 4 18 9 18 10 6 20 25 14 27 4 12 3 4 15 10 9 25 2 28 15 4 12 4 11 20 4 19 23 14 20 25 21 14 9 22 2 10 4 22 -1 5 10 13 -2 25 3 15 14 22 12 6 20 11 18 18 21 10 9 17 20 19 -6 15 16 3 2 13 3 20 17 24 -6 22 17 12 -6 10 1 18 -5 3 -4 8 13 6 -1 4 7 24 15 8 16 27 -7 11 -1 0 0 0 0 0 0 0 0 ]
CSI_DATA,AP,68:FE:71:12:53:8C,-42,11,1,4,1,1,1,0,0,0,0,-96,0,6,1,16977240,0,84,0,0,16.977,384,[84 -64 4 0 0 0 0 0 0 0 0 0 0 7 -21 18 -22 6 -21 14 -19 12 -20 25 -19 5 -25 22 -8 10 -17 9 -18 5 -9 26 -20 9 -19 10 -27 7 -7 5 -18 4 -8 -2 -28 21 -4 15 -24 4 -21 15 -13 13 -18 21 -22 12 -8 20 3 3 -10 -1 -3 6 -18 16 -15 21 -10 8 -16 3 -17 5 -21 5 -4 22 1 3 0 19 -8 17 -21 13 -18 10 -16 9 -20 22 -11 25 -4 24 -9 5 -8 20 -5 22 -19 26 -12 26 -3 17 -19 5 -8 6 -4 10 0 0 0 0 0 0 0 0 ]
CSI_DATA,AP,68:FE:71:12:53:8C,-43,11,1,6,1,1,1,0,0,0,0,-95,0,6,1,17042716,0,84,0,0,17.043,384,[84 -64 4 0 0 0 0 0 0 0 0 0 16 20 10 23 -2 8 6 9 12 10 0 12 17 10 1 2 2 23 -1 4 16 3 15 5 4 24 -4 12 5 4 -4 15 -7 2 6 7 9 8 16 24 13 25 0 13 14 4 4 8 -5 4 10 10 -1 -10 -1 16 1 7 17 6 0 14 8 17 3 5 7 19 13 7 -4 12 1 20 2 0 12 -1 16 8 12 -1 5 17 13 21 12 13 8 21 21 23 6 19 18 22 2 12 19 21 6 11 8 6 13 0 12 9 0 0 0 0 0 0 0 0 ]
CSI_DATA,AP,68:FE:71:12:53:8C,-41,11,1,5,1,1,1,0,0,0,0,-95,0,6,1,17144583,0,84,0,0,17.145,384,[84 -64 4 0 0 0 0 0 0 0 0 0 9 3 25 -1 10 -13 29 -9 22 -12 12 -13 19 -15 26 -17 30 -16 14 5 9 1 21 7 31 -6 19 -8 30 -2 19 -15 16 7 23 -6 17 4 22 -12 20 -4 20 4 20 2 20 6 23 -12 19 -11 -9 1 23 1 11 -11 18 -6 20 -7 1 1 12 -7 25 3 12 -15 18 -4 5 -12 15 -10 11 -14 7 -19 22 -1 8 -3 22 -15 23 -15 24 0 4 -19 20 -8 1 -7 21 -2 2 1 12 -18 9 -21 8 0 -12 -1 0 0 0 0 0 0 0 0 ]
CSI_DATA,AP,68:FE:71:12:53:8C,-40,11,1,6,1,1,1,0,0,0,0,-96,0,6,1,17247053,0,84,0,0,17.247,384,[84 -64 4 0 0 0 0 0 0 0 0 0 2 -5 11 -14 18 -2 12 -17 -1 -2 13 -6 9 -19 2 1 9 -7 12 5 0 -4 8 -7 12 -17 7 5 16 -4 12 4 11 5 10 5 13 -16 1 -13 20 -3 -3 4 19 8 6 -11 3 -7 19 -11 12 -4 2 -7 -3 -7 -2 -9 12 -14 18 3 9 -15 15 4 12 -11 -4 -12 7 -16 5 -17 5 -9 8 -14 15 -4 -3 -9 9 -13 17 -9 7 0 -3 -4 15 -17 -6 -3 -2 -8 3 -2 0 -1 3 -19 16 -20 5 -6 0 0 0 0 0 0 0 0 ]
CSI_DATA,AP,68:FE:71:12:53:8C,-43,11,1,4,1,1,1,0,0,0,0,-95,0,6,1,17338490,0,84,0,0,17.338,384,[84 -64 4 0 0 0 0 0 0 0 0 0 -21 -15 -9 -3 -25 -16 -20 -9 -10 -15 -4 -17 -13 -14 -19 -6 -2 -21 -12 -11 -11 -18 -16 -27 -8 -27 3 -16 -3 -10 -13 -16 2 -25 -3 -7 -7 -3 -14 -9 -19 -11 -3 -20 -18 -13 -15 -26 -16 -4 -13 -25 -6 -12 3 -21 -5 -7 -18 -14 -18 -14 -15 -7 -1 -8 -20 -5 -3 -19 -8 -12 -13 -22 -22 1 -9 0 -11 -2 -22 -14 -12 -16 -10 -2 -8 -8 -19 -19 -22 -21 -3 -11 -9 -13 -24 -14 -6 -7 -11 -6 -8 -9 -17 -4 -3 10 0 0 0 0 0 0 0 0 ]
CSI_DATA,AP,68:FE:71:12:53:8C,-41,11,1,4,1,1,1,0,0,0,0,-95,0,6,1,17428378,0,84,0,0,17.428,384,[84 -64 4 0 0 0 0 0 0 0 0 0 12 2 16 -3 14 -5 1 -1 14 -11 17 -13 13 -13 13 -7 -3 -6 1 0 9 9 -1 -2 8 4 9 0 6 3 -1 -4 17 3 4 -13 5 7 5 -11 3 0 16 4 0 -4 10 8 19 -5 -3 -4 -6 1 11 -12 -3 -11 13 -10 14 9 9 9 10 -6 4 -3 10 1 6 -5 1 -8 17 0 4 -13 -1 4 -5 -2 5 -4 15 -8 -2 4 18 -1 4 -9 -2 -15 -6 -15 -1 -10 5 6 13 -1 8 -1 12 7 -3 8 0 0 0 0 0 0 0 0 ]
CSI_DATA,AP,68:FE:71:12:53:8C,-37,11,1,7,1,1,1,0,0,0,0,-94,0,6,1,17520421,0,84,0,0,17.52,384,[84 -64 4 0 0 0 0 0 0 0 0 0 -1 7 7 -3 7 13 3 18 -16 6 -16 9 -1 3 -7 -1 -11 9 -5 -3 -11 7 -1 17 -17 12 4 8 -11 -4 -7 9 -15 17 -2 -6 -15 11 -6 11 5 17 2 2 -11 8 3 2 -3 10 -17 6 -5 -1 -1 14 -7 10 -11 -5 -3 6 -7 10 6 13 -15 11 1 17 6 3 -2 -5 -8 0 4 -2 -3 3 -4 3 -9 -7 1 1 -8 3 -12 -1 4 3 -10 12 -11 17 1 -2 -13 0 7 11 7 0 -8 16 -2 11 0 0 0 0 0 0 0 0 ]
CSI_DATA,AP,68:FE:71:12:53:8C,-41,11,1,5,1,1,1,0,0,0,0,-93,0,6,1,17598702,0,84,0,0,17.599,384,[84 -64 4 0 0 0 0 0 0 0 0 0 -13 7 -21 7 -17 -9 -27 -2 -28 -3 -17 -10 -10 3 -17 4 -16 -9 -25 3 -26 -12 -34 7 -9 -6 -30 -11 -23 -12 -23 4 -28 -9 -31 -17 -15 -3 -20 -15 -14 -6 -21 -8 -21 -15 -24 -5 -21 2 -16 -16 4 9 -25 -8 -8 -8 -11 2 -13 -14 -25 -12 -22 -13 -25 -12 -28 9 -20 -11 -25 10 -6 4 -5 6 -14 5 -10 8 -16 11 -24 -3 -11 12 -7 -3 -22 7 -18 2 -24 -10 -24 14 -4 -1 -11 10 -26 -4 -26 9 -8 -3 0 0 0 0 0 0 0 0 ]
CSI_DATA,AP,68:FE:71:12:53:8C,-43,11,1,6,1,1,1,0,0,0,0,-96,0,6,1,17722165,0,84,0,0,17.722,384,[84 -64 4 0 0 0 0 0 0 0 0 0 8 20 18 2 20 16 22 2 9 20 11 24 4 12 8 17 3 25 3 13 22 17 -1 24 21 22 9 2 11 7 4 0 21 22 4 1 12 23 -3 18 2 12 -3 8 12 21 -2 12 2 14 0 20 -5 1 4 2 1 -4 20 18 18 8 12 -3 18 5 9 15 4 16 8 4 9 -2 5 -5 3 2 9 7 -1 14 23 16 21 2 5 11 2 10 5 12 6 10 13 1 9 5 22 12 2 2 23 -8 21 2 -1 6 0 0 0 0 0 0 0 0 ]
CSI_DATA,AP,68:FE:71:12:53:8C,-37,11,1,6,1,1,1,0,0,0,0,-95,0,6,1,17817352,0,84,0,0,17.817,384,[84 -64 4 0 0 0 0 0 0 0 0 0 -2 -3 4 -8 -7 0 13 -4 9 -8 12 -9 -5 1 -6 -13 7 -5 -4 -10 5 3 9 -17 14 -11 2 -8 15 2 12 1 4 -13 -3 -4 -5 -18 -9 -5 -7 0 15 -5 6 -13 14 -18 15 -8 3 1 1 -10 -3 -14 -7 -3 4 5 2 -9 -11 -2 -7 2 7 0 -8 -7 7 -15 0 5 3 -13 -3 -14 -5 -3 8 -14 8 -4 -4 -10 -5 -3 -5 -16 3 -2 -11 -14 0 0 4 -6 2 -6 9 -9 -7 -16 0 -6 0 0 0 0 0 0 0 0 0 0 ]
CSI_DATA,AP,68:FE:71:12:53:8C,-41,11,1,4,1,1,1,0,0,0,0,-95,0,6,1,17885282,0,84,0,0,17.885,384,[84 -64 4 0 0 0 0 0 0 0 0 0 22 -29 22 -24 22 -14 21 -25 13 -19 6 -30 22 -24 18 -9 9 -29 7 -17 2 -10 2 -30 23 -16 12 -6 2 -14 20 -25 11 -24 3 -6 0 -25 8 -23 1 -22 19 -3 -3 -18 -3 -12 14 -10 10 -23 -9 11 -6 -18 -1 -17 -6 -11 -7 -20 3 -11 6 -8 5 -12 -8 -23 -1 -25 -6 -8 5 -6 -5 -24 -11 -4 -13 -3 10 -7 -4 -19 8 -26 0 -22 -6 -12 -7 -7 -12 -14 -14 -4 -9 -7 -16 -12 5 -3 -13 -16 -12 9 0 0 0 0 0 0 0 0 ]
CSI_DATA,AP,68:FE:71:12:53:8C,-41,11,0,0,0,0,0,0,0,0,0,-96,0,6,1,17964428,0,37,0,0,17.964,128,[84 -64 4 0 0 0 0 0 0 0 0 0 37 19 20 31 13 20 32 18 9 34 9 27 21 36 12 14 17 19 13 16 19 18 6 23 10 23 25 25 5 17 6 18 0 20 23 17 13 12 3 14 14 9 23 14 8 22 -1 20 2 21 2 15 12 -10 2 15 2 7 20 9 6 11 4 13 21 12 7 13 0 -1 2 7 6 13 4 16 19 -5 24 4 23 11 26 -4 10 7 13 6 10 -11 10 8 12 -8 13 2 17 7 11 0 19 -12 1 2 2 -15 0 -2 0 0 0 0 0 0 0 0 ]
CSI_DATA,AP,68:FE:71:12:53:8C,-40,11,1,6,1,1,1,0,0,0,0,-96,0,6,1,18031235,0,84,0,0,18.031,384,[84 -64 4 0 0 0 0 0 0 0 0 0 -16 -22 -12 -19 -24 -24 -30 -16 -28 -33 -19 -16 -14 -25 -7 -37 -9 -34 -4 -21 -17 -34 -15 -15 -6 -15 -11 -26 -16 -30 -10 -28 -13 -26 -13 -29 -7 -10 -10 -12 2 -24 -4 -15 -2 -4 -2 -19 -2 -17 -19 -8 -12 3 -13 -17 0 -21 -15 -7 -14 -17 -11 -11 -16 -3 -18 -15 -4 -7 -18 -16 -12 4 -11 -15 -16 -15 -23 0 -10 -1 -8 4 -26 5 -10 6 -5 -11 -6 -7 -15 2 -13 -14 -13 -2 -1 -2 -14 10 -10 -10 -15 -7 12 7 0 0 0 0 0 0 0 0 ]
CSI_DATA,AP,68:FE:71:12:53:8C,-34,11,1,6,1,1,1,0,0,0,0,-95,0,6,1,18109748,0,84,0,0,18.11,384,[84 -64 4 0 0 0 0 0 0 0 0 0 23 -23 18 -16 24 -16 15 -6 16 -7 25 -6 11 1 25 1 7 -18 9 -18 6 -23 13 -6 16 -2 6 -15 11 -14 26 -3 20 4 9 -13 13 -9 9 -5 23 -11 18 -12 3 -12 22 -10 25 -15 1 -7 -10 -8 10 -19 9 -2 11 -2 19 -5 12 1 20 -12 25 -17 16 -15 23 -3 3 -20 3 -1 0 -4 -1 -9 22 -4 16 -2 20 -7 19 -8 20 0 18 -9 8 -2 0 0 20 -11 1 1 18 -16 -3 -7 8 0 0 12 0 0 0 0 0 0 0 0 ]
CSI_DATA,AP,68:FE:71:12:53:8C,-40,11,1,6,1,1,1,0,0,0,0,-93,0,6,1,18216363,0,84,0,0,18.216,384,[84 -64 4 0 0 0 0 0 0 0 0 0 15 6 25 -2 29 -17 33 -6 26 -14 22 -2 12 6 32 -12 13 3 22 -8 26 7 26 -1 27 6 18 -1 13 4 36 -14 34 4 14 5 24 5 26 -13 30 5 31 -12 33 12 12 -5 25 1 11 -1 -12 10 23 4 26 -15 33 -7 26 -6 26 -14 21 -7 27 -5 11 3 20 -8 15 -9 13 -7 19 7 21 -9 23 -12 13 -1 28 -13 35 -2 28 -15 28 -8 21 -14 29 -17 27 -12 28 -17 19 -4 25 0 26 -13 -7 -9 0 0 0 0 0 0 0 0 ]
CSI_DATA,AP,68:FE:71:12:53:8C,-40,11,1,5,1,1,1,0,0,0,0,-94,0,6,1,18304379,0,84,0,0,18.304,384,[84 -64 4 0 0 0 0 0 0 0 0 0 -12 -26 -13 -9 -19 -13 -12 -5 -21 -29 -7 -25 -6 -20 -13 -16 -21 -28 -6 -11 -3 -31 -13 -31 -18 -28 -9 -24 -8 -30 -3 -30 -25 -25 -8 -30 -3 -14 0 -30 -9 -10 -8 -16 -3 -14 -13 -20 -24 -28 -8 -14 4 -1 -24 -31 -14 -11 -8 -19 -7 -16 -12 -11 -23 -19 -2 -11 -13 -14 -15 -29 -15 -21 -18 -5 -24 -24 -27 -26 -16 -11 -20 -17 -9 -24 -16 -14 -26 -29 -24 -23 -19 -6 -12 -23 -14 -15 -18 -27 -26 -19 -27 -22 -5 -19 -10 -6 0 0 0 0 0 0 0 0 ]
CSI_DATA,AP,68:FE:71:12:53:8C,-44,11,1,4,1,1,1,0,0,0,0,-94,0,6,1,18402370,0,84,0,0,18.402,384,[84 -64 4 0 0 0 0 0 0 0 0 0 -21 0 -17 -1 -7 -7 -17 -14 -4 -6 -12 -13 -9 0 -10 -7 -18 -22 -5 -19 -16 -19 -15 -21 -6 -5 -4 -11 -10 -9 -10 -9 -11 -6 -15 -7 -5 -1 -4 -13 -5 0 -15 -15 2 -1 -16 -22 -4 -17 -21 -14 7 9 -16 -9 -21 -7 0 -4 -16 -13 1 -12 -1 -21 -16 -19 -3 0 -14 -19 -19 -10 -7 0 -9 -12 -21 -9 -15 -15 -10 -8 -13 3 -7 -20 -9 -12 -5 -19 -6 -18 -2 -18 -25 -20 -23 -16 -23 -10 -3 5 -23 -12 0 11 0 0 0 0 0 0 0 0 ]
CSI_DATA,AP,68:FE:71:12:53:8C,-39,11,1,4,1,1,1,0,0,0,0,-94,0,6,1,18508804,0,84,0,0,18.509,384,[84 -64 4 0 0 0 0 0 0 0 0 0 4 -13 20 -7 28 -8 23 3 23 -7 11 -1 29 3 21 -3 18 -11 20 6 22 2 25 -5 20 -12 33 -11 15 -6 22 -4 20 7 12 4 28 3 15 5 26 12 18 10 10 6 27 -2 13 -8 23 9 -6 1 12 -9 14 1 29 -12 16 -3 16 -4 7 9 25 5 14 -14 22 -1 21 -2 12 -11 19 -9 22 -11 26 -8 11 1 29 -11 15 -8 14 2 27 -17 20 2 12 1 8 1 20 -5 24 -13 12 -12 27 -3 -10 3 0 0 0 0 0 0 0 0 ]
CSI_DATA,AP,68:FE:71:12:53:8C,-42,11,1,5,1,1,1,0,0,0,0,-95,0,6,1,18573376,0,84,0,0,18.573,384,[84 -64 4 0 0 0 0 0 0 0 0 0 11 -13 6 -19 5 -24 19 -9 -1 -7 1 -14 8 -17 7 -17 -1 -7 8 -5 15 -11 23 -12 17 -16 18 -11 21 -11 3 -27 14 -9 1 -8 9 -5 15 -6 15 -15 3 -26 16 -17 6 -12 4 -23 15 -9 -2 -12 20 -12 15 -5 25 -17 10 -19 15 -10 5 -27 24 -17 7 -13 4 -22 2 -10 4 -15 0 -15 -2 -6 1 -8 18 -22 10 -12 14 -28 11 -29 0 -25 4 -16 13 -14 19 -20 10 -6 -3 -12 1 -8 11 -19 10 -9 0 0 0 0 0 0 0 0 ]
CSI_DATA,AP,68:FE:71:12:53:8C,-46,11,1,4,1,1,1,0,0,0,0,-94,0,6,1,18663474,0,84,0,0,18.663,384,[84 -64 4 0 0 0 0 0 0 0 0 0 6 3 -2 -6 14 -12 1 -4 12 -13 9 2 21 -14 7 -13 22 4 6 4 11 -9 4 0 19 -16 8 -10 24 -13 23 -19 14 -12 4 -3 20 2 14 4 6 -11 22 -5 13 0 16 -9 11 -18 14 -9 8 9 20 4 12 2 18 0 20 -9 21 -1 12 -12 17 3 21 -13 20 -2 20 -13 7 0 -1 -6 5 -16 22 -6 2 0 17 -9 23 0 9 -12 21 -8 23 -10 17 -14 16 5 11 -7 14 -18 10 -20 14 -17 -5 -10 0 0 0 0 0 0 0 0 ]
CSI_DATA,AP,68:FE:71:12:53:8C,-34,11,1,5,1,1,1,1,0,0,0,-94,3,6,1,18756508,0,84,0,0,18.757,384,[84 -64 4 0 0 0 0 0 0 0 0 0 -29 -12 -22 5 -29 6 -13 -17 -20 -2 -21 -16 -19 1 -30 -6 -23 -3 -10 -10 -8 -1 -10 -18 -15 -20 -21 -12 -15 0 -16 -9 -24 -18 -21 1 -19 -10 -9 -17 -15 3 -14 -11 -15 2 -10 -8 -23 -6 -14 -8 10 3 -14 4 -17 -8 -23 -14 -4 -14 -18 -12 -23 5 -9 -5 -16 -7 -26 6 -27 -10 -19 -2 -10 -4 -13 -14 -17 1 -20 3 -11 -4 -17 -6 -23 -2 -27 -11 -14 1 -5 -6 -19 -5 -9 1 -7 -2 -6 11 -13 -4 4 12 0 0 0 0 0 0 0 0 ]
CSI_DATA,AP,68:FE:71:12:53:8C,-42,11,1,4,1,1,1,0,0,0,0,-94,0,6,1,18825674,0,84,0,0,18.826,384,[82 -96 4 0 0 0 0 0 0 0 0 0 -14 -11 -25 0 -23 -11 -10 -11 -15 1 -24 -3 -25 0 -28 5 -19 -8 -12 0 -29 -15 -20 -5 -22 6 -22 -7 -7 8 -8 1 -17 -6 -10 -5 -17 -3 -16 -11 -18 -2 -4 6 -26 5 -7 -12 -10 6 -13 4 -6 12 -8 2 -11 -5 -9 3 -9 8 -5 -4 -3 -7 -18 -8 -24 -15 -15 0 -7 10 -24 -13 -8 6 -14 -9 -6 1 -12 -6 -20 -5 -14 1 -27 -6 -15 13 -14 1 -14 -2 -17 8 -15 6 -21 7 -28 -2 -6 3 2 -10 0 0 0 0 0 0 0 0 ]
CSI_DATA,AP,68:FE:71:12:53:8C,-42,11,1,5,1,1,1,0,0,0,0,-96,0,6,1,18922779,0,84,0,0,18.923,384,[84 -64 4 0 0 0 0 0 0 0 0 0 -7 7 6 23 8 29 -1 29 -12 21 2 10 -2 23 -7 9 10 24 -3 25 -11 26 -12 18 9 26 5 17 7 21 -11 18 -2 11 1 16 -15 29 -8 6 -15 11 4 17 9 21 -12 17 6 22 6 4 11 -2 -2 7 10 16 9 24 -12 12 -11 21 10 22 1 8 -7 26 0 25 11 10 6 21 5 23 -6 15 -3 9 -7 3 -6 24 15 22 2 18 12 14 1 9 -7 13 12 8 -8 16 17 16 7 15 0 26 6 8 0 0 0 0 0 0 0 0 ]
CSI_DATA,AP,68:FE:71:12:53:8C,-42,11,1,5,1,1,1,0,0,0,0,-93,0,6,1,19016587,0,84,0,0,19.017,384,[84 -64 4 0 0 0 0 0 0 0 0 0 -1 -26 -18 -17 -19 -23 -12 -29 -21 -17 -14 -11 -6 -24 -2 -28 -5 -19 -1 -9 4 -28 -16 -28 -14 -24 4 -25 -4 -11 -15 -21 -15 -13 -10 -8 -8 -15 -10 -24 -6 -12 0 -28 -17 -21 -15 -24 6 -14 -7 -18 -6 -6 -7 -11 0 -20 2 -18 -10 -26 -18 -9 -20 -24 -12 -19 -1 -27 -12 -12 -9 -14 -18 -25 -11 -17 -6 -5 2 -14 -6 -9 -5 -14 -23 -5 -11 -18 -13 -5 -11 -24 -5 -8 -3 -7 -23 -16 -24 -19 -7 -12 -7 -15 0 6 0 0 0 0 0 0 0 0 ]
CSI_DATA,AP,68:FE:71:12:53:8C,-40,11,1,4,1,1,1,0,0,0,0,-94,0,6,1,19126813,0,84,0,0,19.127,384,[84 -64 4 0 0 0 0 0 0 0 0 0 8 -25 0 -24 10 -30 18 -32 -2 -26 18 -11 12 -27 9 -11 20 -14 23 -6 17 -22 7 -15 5 -17 10 -19 19 -27 8 -11 6 -21 18 -9 18 -11 6 -26 18 -4 4 -11 4 -13 23 -21 3 -2 1 -10 10 8 1 -16 17 -4 6 -12 0 -24 5 -23 20 -25 0 -11 14 -17 0 -23 -3 -23 9 -12 9 -19 9 -17 5 -11 12 -27 -3 -15 -1 -21 10 -20 -6 -7 12 -5 -2 -23 5 -21 -3 -24 12 -6 2 -14 -1 -21 -9 12 0 0 0 0 0 0 0 0 ]
CSI_DATA,AP,68:FE:71:12:53:8C,-42,11,1,4,1,1,1,0,0,0,0,-95,0,6,1,19190155,0,84,0,0,19.19,384,[84 -64 4 0 0 0 0 0 0 0 0 0 -15 2 -12 -1 -20 -3 -29 -17 -14 -18 -10 -11 -30 -11 -14 -17 -26 -16 -22 -17 -8 -16 -12 -7 -17 1 -20 -15 -8 3 -9 3 -26 -3 -4 -9 -15 -16 -9 -20 -8 2 -18 -3 -2 -18 -11 -16 -11 1 -14 -19 2 -11 -14 0 -22 -14 -25 -6 -9 0 -11 3 -12 -19 -13 4 -2 -6 -12 -12 -26 -1 -9 -16 -5 -11 -13 3 -22 -11 -27 3 -12 -5 -5 -12 -10 -8 -3 -3 -18 5 -5 -7 -25 3 -12 2 -17 -14 -20 -13 -6 -4 4 4 0 0 0 0 0 0 0 0 ]
CSI_DATA,AP,68:FE:71:12:53:8C,-42,11,1,5,1,1,1,0,0,0,0,-93,0,6,1,19276169,0,84,0,0,19.276,384,[84 -64 4 0 0 0 0 0 0 0 0 0 5 9 16 14 9 7 24 20 28 12 21 15 13 1 11 3 6 20 14 -2 15 -1 14 22 11 4 23 1 21 8 24 4 11 4 24 14 3 11 8 13 14 11 8 6 22 16 10 19 6 12 11 18 2 12 23 17 24 -2 6 10 15 4 10 14 7 2 2 16 18 5 10 15 11 -3 4 6 11 16 18 -7 22 10 10 10 7 15 23 -5 3 2 26 12 5 15 8 10 19 -7 9 9 16 4 4 -3 22 2 11 11 0 0 0 0 0 0 0 0 ]
CSI_DATA,AP,68:FE:71:12:53:8C,-40,11,1,4,1,1,1,0,0,0,1,-95,0,6,1,19367463,0,84,0,0,19.367,384,[84 -64 4 0 0 0 0 0 0 0 0 0 22 3 24 4 16 -5 8 18 10 0 5 -3 8 8 22 17 11 3 13 15 8 2 18 1 21 2 20 12 10 16 10 8 22 13 22 -2 7 0 1 7 16 21 9 4 15 6 13 6 17 9 5 17 8 3 5 12 1 2 24 0 6 17 7 -4 20 -2 21 6 3 13 11 18 5 4 8 -4 22 3 24 17 22 10 9 -1 9 11 4 -7 1 -2 24 8 10 3 8 13 6 4 13 10 17 14 21 -3 20 -8 -10 3 0 0 0 0 0 0 0 0 ]
CSI_DATA,AP,68:FE:71:12:53:8C,-44,11,1,3,1,1,1,0,0,0,0,-96,0,6,1,19460583,0,84,0,0,19.461,384,[84 -64 4 0 0 0 0 0 0 0 0 0 13 -4 13 -3 27 5 20 -1 10 4 15 17 10 20 6 7 10 18 9 8 14 -1 18 3 4 22 16 5 10 0 15 22 18 9 16 1 15 5 8 21 0 20 3 18 17 11 11 8 20 16 8 16 1 12 7 7 11 0 6 18 24 13 24 4 15 -1 13 20 5 9 6 16 5 10 5 12 9 4 21 12 12 -6 26 11 20 18 3 5 21 8 5 -5 5 16 21 12 16 9 20 10 25 -5 12 -1 9 4 -2 -4 0 0 0 0 0 0 0 0 ]
CSI_DATA,AP,68:FE:71:12:53:8C,-42,11,1,5,1,1,1,0,0,0,0,-95,0,6,1,19540614,0,84,0,0,19.541,384,[84 -64 4 0 0 0 0 0 0 0 0 0 19 1 21 -1 25 4 14 -5 26 8 12 -11 12 6 19 4 20 0 10 4 7 -9 26 -8 25 12 13 0 26 11 19 -2 8 2 24 14 22 2 14 -3 24 0 27 10 3 14 5 11 12 8 21 0 10 9 27 2 9 14 21 7 3 -3 15 -6 26 -4 13 -5 6 3 14 -3 5 -8 19 -4 18 5 9 -13 14 -5 12 8 17 -7 17 -7 21 -4 18 8 4 -1 24 -1 17 8 10 -14 19 -4 23 -12 10 -13 -9 7 0 0 0 0 0 0 0 0 ]
CSI_DATA,AP,68:FE:71:12:53:8C,-38,11,1,5,1,1,1,1,0,0,0,-95,2,6,1,19628815,0,84,0,0,19.629,384,[84 -64 4 0 0 0 0 0 0 0 0 0 26 20 19 6 26 -2 29 -1 16 16 23 16 6 1 18 16 18 22 24 5 21 9 4 24 19 1 9 18 23 12 18 6 5 0 2 16 4 17 2 13 14 16 21 21 18 14 16 20 22 4 4 2 -6 -9 9 -1 13 16 14 18 22 20 12 13 15 18 1 15 25 17 22 13 7 6 15 -3 20 1 6 0 13 18 7 4 9 -4 5 14 14 -5 22 -5 8 13 7 1 19 -4 17 6 15 -8 25 -8 20 11 -9 5 0 0 0 0 0 0 0 0 ]
CSI_DATA,AP,68:FE:71:12:53:8C,-47,11,1,3,1,1,1,0,0,0,0,-95,0,6,1,19710572,0,84,0,0,19.711,384,[84 -64 4 0 0 0 0 0 0 0 0 0 15 -13 21 -15 3 -6 18 -9 25 -5 19 -3 4 -1 7 -22 14 -22 20 -18 16 -12 6 -12 23 -3 16 -16 14 -14 22 -9 11 -17 22 -2 20 2 8 -17 16 -6 27 -4 9 -2 3 2 15 -20 7 -17 5 0 23 -5 7 -2 15 -12 12 -14 21 -17 25 -22 19 -6 1 -21 17 -14 -1 -15 13 0 18 -21 11 -12 3 -22 19 -7 22 -18 9 -8 8 -20 2 -17 7 -13 13 -14 22 -15 16 -24 20 -2 7 -20 10 -9 1 0 0 0 0 0 0 0 0 0 ]
CSI_DATA,AP,68:FE:71:12:53:8C,-43,11,1,4,1,1,1,0,0,0,0,-95,0,6,1,19794950,0,84,0,0,19.795,384,[84 -64 4 0 0 0 0 0 0 0 0 0 -7 -9 -17 -18 -6 -18 -1 -23 -15 -19 -9 -12 -17 -7 -2 -19 0 -8 -8 -9 -7 -29 -15 -17 -9 -26 -9 -15 -16 -8 -11 -14 4 -19 -13 -26 -12 -22 -16 -22 -10 -23 -9 -19 -8 -16 6 -15 -3 -10 3 -12 2 10 -3 -7 -16 -11 -6 -19 2 -23 -8 -19 -6 -9 -7 -25 0 -20 -8 -7 -14 -6 -20 -13 -20 -23 -16 -3 -11 -9 -15 -21 -13 -19 -16 -22 -15 -25 -7 -6 -1 -20 -20 -22 -17 -20 -4 -13 -19 -4 -14 -17 -10 -19 9 -5 0 0 0 0 0 0 0 0 ]
CSI_DATA,AP,68:FE:71:12:53:8C,-38,11,1,6,1,1,1,0,0,0,0,-94,0,6,1,19864588,0,84,0,0,19.865,384,[84 -64 4 0 0 0 0 0 0 0 0 0 15 8 16 19 13 21 10 14 1 27 0 16 6 29 10 18 11 14 -10 31 8 23 3 10 -10 7 7 19 -10 9 -6 31 -8 17 8 15 -4 5 3 14 12 28 10 9 4 18 -6 20 2 15 8 11 6 -2 -4 12 13 19 8 19 13 27 5 3 -4 25 1 25 6 14 14 15 2 23 -7 21 11 22 17 4 17 5 -2 2 17 20 15 25 14 20 0 8 13 7 6 10 -1 8 16 21 3 26 5 11 -1 15 9 -12 0 0 0 0 0 0 0 0 ]
CSI_DATA,AP,68:FE:71:12:53:8C,-38,11,0,0,0,0,0,0,0,0,0,-94,0,6,1,19951814,0,37,0,0,19.952,128,[84 -64 4 0 0 0 0 0 0 0 0 0 -4 -14 -7 -18 -11 -7 -8 -31 4 -9 0 -22 -10 -7 -11 -8 -16 -28 -3 -21 -9 -14 0 -9 -6 -26 8 -24 6 -20 -15 -31 7 -11 9 -23 -11 -25 -7 -10 3 -16 7 -30 -1 -15 -2 -23 -7 -10 5 -20 4 10 -7 -13 -11 -27 7 -8 -3 -27 -3 -26 3 -14 -17 -5 3 -23 -14 -3 -16 -21 -9 -26 -8 -19 2 -16 -2 -22 -5 -13 4 -14 -5 -6 -12 -23 -11 -13 -3 -8 3 -4 1 -19 -15 -12 -7 -11 2 -18 -21 -8 0 -2 0 0 0 0 0 0 0 0 ]
CSI_DATA,AP,68:FE:71:12:53:8C,-40,11,1,6,1,1,1,0,0,0,0,-94,0,6,1,20076600,0,82,0,0,20.077,384,[84 -64 4 0 0 0 0 0 0 0 0 0 -17 -8 -28 -3 -21 -1 -8 3 -19 -2 -31 2 -28 -1 -12 -12 -8 -12 -15 1 -12 -9 -28 -12 -14 -15 -31 -1 -23 -7 -15 -14 -29 2 -6 4 -26 1 -20 -7 -28 -11 -18 -11 -11 6 -15 4 -13 -6 -13 6 1 5 -15 -14 -27 -10 -4 -8 -7 -5 -22 -11 -16 -13 -10 -3 -7 2 -22 -8 -24 1 -25 1 -28 -7 -7 7 -25 8 -10 4 -24 0 -20 -13 -23 0 -12 -1 -27 -8 -21 12 -14 5 -21 -4 -6 -6 -16 -11 -10 3 4 8 0 0 0 0 0 0 0 0 ]
CSI_DATA,AP,68:FE:71:12:53:8C,-44,11,1,5,1,1,1,1,0,0,0,-95,5,6,1,20165276,0,84,0,0,20.165,384,[84 -64 4 0 0 0 0 0 0 0 0 0 14 -6 -5 -14 -5 -28 -6 -22 5 -17 12 -18 17 -21 10 -15 6 -7 10 -8 16 -25 10 -15 16 -15 -1 -7 -3 -23 19 -26 7 -23 17 -11 -3 -11 21 -2 10 -2 1 -18 12 -14 -4 -2 6 -13 5 -2 3 -6 -5 -26 16 -20 0 -7 9 -24 9 -17 14 -22 14 -15 -6 -13 1 -24 -1 -10 -5 -7 2 -14 -8 -20 -2 -8 -8 -14 0 -12 9 -9 -5 -14 6 -4 -2 -23 7 -6 -1 -17 -1 -20 -5 -8 -6 -11 -8 -21 8 4 0 0 0 0 0 0 0 0 ]
CSI_DATA,AP,68:FE:71:12:53:8C,-37,11,1,5,1,1,1,0,0,0,0,-95,0,6,1,20245215,0,84,0,0,20.245,384,[84 -64 4 0 0 0 0 0 0 0 0 0 8 24 12 10 18 16 6 7 3 20 10 13 19 16 15 12 11 7 9 24 8 10 13 17 12 16 9 7 14 17 0 13 11 20 2 14 -4 28 2 21 4 13 6 11 -6 23 14 28 -8 10 -3 9 -2 -3 -7 13 -2 16 13 16 1 25 5 6 0 24 8 20 -2 23 10 1 12 22 -1 9 -3 4 6 6 17 19 3 5 4 13 9 16 14 10 13 4 0 4 -4 3 2 20 7 10 4 13 10 18 4 7 10 -11 0 0 0 0 0 0 0 0 ]
CSI_DATA,AP,68:FE:71:12:53:8C,-40,11,1,6,1,1,1,1,0,0,0,-95,2,6,1,20335128,0,84,0,0,20.335,384,[84 -64 4 0 0 0 0 0 0 0 0 0 1 21 -5 29 -8 10 -6 13 -3 23 -7 6 3 12 -11 8 -17 20 -4 7 -4 16 -20 9 -21 23 -12 17 1 25 -10 9 -6 20 -14 5 -9 13 1 6 -17 6 -16 3 -8 24 1 5 -20 21 -19 10 -7 3 -6 21 -9 6 -17 24 -13 13 -2 18 1 11 -2 20 -3 14 -12 2 -12 6 -5 7 -9 3 -12 25 -10 21 -14 7 -13 6 6 19 3 14 -10 9 3 23 -10 15 -2 5 3 17 6 9 8 21 8 22 9 -7 0 0 0 0 0 0 0 0 ]
CSI_DATA,AP,68:FE:71:12:53:8C,-45,11,1,3,1,1,1,0,0,0,0,-95,0,6,1,20414291,0,84,0,0,20.414,384,[84 -64 4 0 0 0 0 0 0 0 0 0 -2 19 16 -2 -5 3 -3 8 18 0 12 19 15 4 -6 4 11 15 4 15 13 2 13 15 6 16 5 9 8 -3 10 -2 -3 19 14 10 -4 4 -4 14 -3 10 7 6 8 -5 2 6 13 2 -6 18 -6 -2 13 -5 14 19 11 18 -6 7 14 0 10 8 4 17 -4 -1 9 10 0 4 16 2 9 5 15 1 5 3 1 2 -3 -1 12 10 -2 13 5 -5 -3 3 9 -3 -7 13 -1 11 -3 -2 1 13 13 -4 -4 8 0 0 0 0 0 0 0 0 ]
CSI_DATA,AP,68:FE:71:12:53:8C,-40,11,1,5,1,1,1,0,0,0,0,-94,0,6,1,20508344,0,84,0,0,20.508,384,[84 -64 4 0 0 0 0 0 0 0 0 0 11 -20 1 -12 -4 -16 17 -15 15 -15 11 -19 15 -8 16 -29 8 -8 13 -5 -1 -13 8 -8 8 -26 1 -23 8 -27 18 -20 7 -22 4 -17 14 -12 22 -3 21 -20 22 -4 13 -15 0 -24 -3 -26 1 -12 1 -2 10 -22 -4 -25 12 -4 16 -26 19 -3 -4 -11 19 -16 7 -8 5 -12 4 -24 1 -5 6 -8 10 -8 4 -3 -6 -13 7 -21 12 -26 -6 -20 13 -16 -4 -13 0 -15 10 -24 12 -9 -3 -28 -1 -12 7 -24 -12 10 0 0 0 0 0 0 0 0 ]
CSI_DATA,AP,68:FE:71:12:53:8C,-37,11,1,5,1,1,1,1,0,0,0,-93,6,6,1,20619142,0,84,0,0,20.619,384,[84 -64 4 0 0 0 0 0 0 0 0 0 -7 -14 1 -7 8 -23 -8 -27 5 -23 1 -25 -10 -28 0 -30 6 -24 11 -22 5 -22 -10 -17 -3 -20 6 -21 12 -15 2 -18 -11 -9 4 -23 -3 -26 0 -23 5 -8 6 -9 0 -9 -1 -15 12 -8 -5 -20 -12 11 -10 -11 -3 -28 -10 -17 4 -16 -11 -10 7 -7 -7 -23 9 -28 1 -14 6 -22 7 -14 -12 -9 -9 -17 7 -25 5 -26 -14 -16 -8 -17 -7 -21 -9 -8 4 -27 7 -22 -12 -26 -16 -4 -14 -25 6 -10 -15 -24 -4 -7 0 0 0 0 0 0 0 0 ]
CSI_DATA,AP,68:FE:71:12:53:8C,-42,11,1,4,1,1,1,0,0,0,0,-93,0,6,1,20698408,0,82,0,0,20.698,384,[84 -64 4 0 0 0 0 0 0 0 0 0 -15 -6 -12 -16 -17 -20 -6 -27 -2 -22 3 -9 -7 -14 -8 -17 -15 -13 -5 -32 -6 -9 -5 -23 -14 -26 0 -15 -7 -7 -4 -20 4 -28 5 -19 -8 -16 -1 -5 6 -11 4 -25 -7 -8 4 -7 -2 -9 -5 -24 11 -4 -9 -21 -6 -7 -1 -12 -15 -21 -10 -12 -14 -8 -17 -12 -1 -15 4 -27 -16 -10 -8 -20 4 -22 -7 -13 -13 -26 -9 -5 -1 -11 -12 -22 -6 -17 -4 -6 -6 -17 -4 -3 -6 -2 -15 -4 -7 -2 -7 -10 -16 -19 -11 1 0 0 0 0 0 0 0 0 ]
CSI_DATA,AP,68:FE:71:12:53:8C,-43,11,1,4,1,1,1,0,0,0,0,-94,0,6,1,20792637,0,84,0,0,20.793,384,[84 -64 4 0 0 0 0 0 0 0 0 0 -15 8 -18 4 -9 25 -10 6 -21 6 -5 0 -8 9 -26 17 -4 10 -29 1 -7 -2 -9 17 -22 17 -11 17 -21 -4 -8 20 -11 3 -4 3 -28 3 -14 11 -16 9 -24 15 -20 -2 -22 6 -14 15 -19 13 9 4 -5 4 -9 19 -2 11 -15 -1 -20 16 -9 20 -1 17 -7 14 -8 4 -7 18 -5 22 -23 22 -15 18 -12 11 -15 0 -8 17 -18 1 -17 5 -1 20 -20 9 -3 9 -5 14 -22 7 -15 1 -12 21 -10 2 6 10 0 0 0 0 0 0 0 0 ]
CSI_DATA,AP,68:FE:71:12:53:8C,-39,11,1,6,1,1,1,0,0,0,0,-94,0,6,1,20860974,0,84,0,0,20.861,384,[84 -64 4 0 0 0 0 0 0 0 0 0 -15 18 -2 11 -18 14 0 9 -12 26 -15 25 -13 10 -23 5 -5 25 -4 19 -10 13 -20 17 -12 13 -9 17 -1 10 -12 13 -20 6 -7 12 -10 2 -23 9 -5 8 -9 4 -16 19 0 4 -19 6 -1 9 12 8 0 14 0 25 -13 11 -18 16 -21 11 -5 12 -2 5 -16 19 0 2 -19 10 -8 16 -5 20 -1 3 -1 4 -11 4 -13 14 -14 23 -12 19 -2 17 -11 23 1 11 3 26 7 17 -7 8 7 16 6 23 1 12 0 0 0 0 0 0 0 0 ]
CSI_DATA,AP,68:FE:71:12:53:8C,-41,11,1,4,1,1,1,0,0,0,0,-94,0,6,1,20935260,0,84,0,0,20.935,384,[84 -64 4 0 0 0 0 0 0 0 0 0 17 23 4 21 22 18 3 20 22 16 23 1 14 21 16 14 4 1 17 21 6 20 11 22 2 22 3 19 2 3 16 14 14 26 2 15 -3 6 13 10 0 6 14 5 14 11 0 12 6 17 8 2 -4 6 19 0 20 3 11 22 7 1 20 13 -2 22 9 0 -3 7 14 -1 3 3 1 9 5 12 10 5 1 22 1 -3 19 20 23 20 15 -3 17 3 4 0 13 6 14 6 18 16 7 2 4 8 4 -4 9 -1 0 0 0 0 0 0 0 0 ]
CSI_DATA,AP,68:FE:71:12:53:8C,-35,11,1,5,1,1,1,0,0,0,0,-94,0,6,1,21042177,0,84,0,0,21.042,384,[84 -64 4 0 0 0 0 0 0 0 0 0 11 20 3 14 9 27 10 21 5 30 6 19 4 12 -6 25 3 31 -10 9 -7 13 7 8 -7 8 -9 12 -1 28 0 29 -6 15 8 12 10 25 0 6 -3 25 9 10 -10 16 -3 6 6 8 9 17 -3 -9 12 27 -6 20 -4 14 0 16 8 21 15 13 7 27 12 4 16 27 -7 26 -7 14 13 8 4 6 0 19 5 5 7 11 4 17 -6 21 13 15 17 6 11 7 12 8 18 24 0 5 -3 16 5 7 -9 -5 0 0 0 0 0 0 0 0 ]
CSI_DATA,AP,68:FE:71:12:53:8C,-39,11,1,6,1,1,1,0,0,0,0,-95,0,6,1,21123177,0,84,0,0,21.123,384,[84 -64 4 0 0 0 0 0 0 0 0 0 -25 10 -23 8 -33 -13 -23 -5 -24 4 -15 7 -19 1 -12 6 -17 2 -8 -9 -11 -4 -15 -7 -23 3 -16 -14 -22 -5 -15 -13 -16 -11 -27 -14 -7 0 -22 -3 -27 -16 -5 -4 -24 -5 -18 4 -30 -18 -19 -9 -1 11 -7 6 -18 -17 -9 -17 -12 -2 -10 -2 -17 -11 -7 1 -11 3 -25 -8 -23 -10 -6 1 -12 10 -13 9 -19 -1 -14 8 -16 -6 -6 -8 -5 7 -19 -1 -28 -5 -7 -3 -23 -10 -23 12 -17 -2 -6 -10 -4 3 0 7 0 0 0 0 0 0 0 0 ]
CSI_DATA,AP,68:FE:71:12:53:8C,-44,11,1,5,1,1,1,0,0,0,0,-95,0,6,1,21206274,0,82,0,0,21.206,384,[84 -64 4 0 0 0 0 0 0 0 0 0 3 -33 5 -31 6 -20 4 -16 -6 -32 0 -19 1 -17 -3 -9 -10 -22 9 -23 -2 -9 3 -32 9 -22 13 -26 1 -23 -7 -25 5 -9 12 -11 -10 -12 6 -17 1 -20 14 -24 3 -6 14 -16 5 -25 -3 -20 2 -2 -6 -16 10 -21 -6 -21 -7 -16 -6 -11 -8 -8 7 -24 10 -28 6 -11 -3 -14 -14 -17 -10 -21 7 -14 -10 -21 -13 -23 -10 -12 -13 -23 -1 -15 -16 -11 -17 -25 -17 -25 -10 -10 -14 -18 -17 -19 -13 -13 -16 -24 10 0 0 0 0 0 0 0 0 0 ]
CSI_DATA,AP,68:FE:71:12:53:8C,-46,11,1,3,1,1,1,1,0,0,0,-96,4,6,1,21301090,0,84,0,0,21.301,384,[84 -64 4 0 0 0 0 0 0 0 0 0 19 15 13 7 25 23 16 7 24 22 14 26 5 30 10 19 3 6 3 25 0 27 21 18 21 12 2 15 9 13 11 19 14 16 14 24 17 21 13 7 -2 5 4 15 -1 25 -3 6 -4 16 10 27 10 -11 -3 18 5 24 14 14 13 16 3 8 5 18 -1 9 18 5 6 6 -2 7 8 7 15 16 19 23 5 20 0 13 23 1 24 15 21 0 1 4 4 6 20 7 17 3 8 15 12 12 22 19 3 13 -3 5 0 0 0 0 0 0 0 0 ]
CSI_DATA,AP,68:FE:71:12:53:8C,-42,11,1,4,1,1,1,0,0,0,0,-93,0,6,1,21392009,0,84,0,0,21.392,384,[84 -64 4 0 0 0 0 0 0 0 0 0 -3 -17 6 -31 4 -26 7 -15 6 -15 2 -12 11 -19 2 -23 13 -28 3 -20 12 -17 5 -27 23 -20 16 -11 14 -26 1 -23 10 -17 5 -4 4 -5 9 -26 22 -21 18 -22 10 -25 7 -4 3 -20 -1 -11 -8 3 10 -12 -2 -8 7 -8 0 -10 18 -26 8 -15 2 -18 -4 -11 7 -11 1 -4 -1 -24 -4 -18 16 -25 9 -24 1 -8 11 -17 4 -27 11 -21 3 -10 6 -5 2 -22 -2 -29 10 -17 -7 -8 -8 -30 1 -23 5 3 0 0 0 0 0 0 0 0 ]
CSI_DATA,AP,68:FE:71:12:53:8C,-40,11,1,4,1,1,1,1,0,0,0,-96,3,6,1,21467805,0,84,0,0,21.468,384,[84 -64 4 0 0 0 0 0 0 0 0 0 -4 -33 -11 -11 -7 -28 3 -24 -9 -21 -4 -15 -2 -22 -1 -15 -9 -30 0 -25 -4 -30 -1 -24 -1 -25 -5 -10 5 -19 9 -10 -10 -16 -1 -21 10 -13 8 -23 -11 -20 -7 -32 13 -21 -9 -32 -11 -13 7 -18 2 6 6 -15 -1 -23 -7 -26 0 -30 -11 -9 -12 -16 -11 -11 -12 -18 -8 -25 6 -7 -1 -8 8 -26 -5 -17 -14 -15 -12 -15 5 -7 -15 -19 1 -17 5 -22 -14 -8 -12 -29 6 -25 4 -27 -6 -24 2 -17 -8 -22 -4 -6 0 0 0 0 0 0 0 0 ]
CSI_DATA,AP,68:FE:71:12:53:8C,-40,11,1,6,1,1,1,0,0,0,0,-93,0,6,1,21552238,0,84,0,0,21.552,384,[84 -64 4 0 0 0 0 0 0 0 0 0 -16 19 -15 27 -12 17 -6 22 -27 14 -9 5 -15 10 -16 6 -27 10 -15 16 -12 6 -10 1 -12 23 -18 16 -19 1 -20 -1 -10 -3 -22 -1 -26 1 -6 15 -9 16 -21 2 -19 -3 -16 4 -17 15 -18 6 -2 1 -19 17 -10 12 -19 2 -21 14 -4 16 -2 1 -21 15 -20 17 -16 -2 -3 8 -5 6 -11 9 -21 15 -16 8 -17 2 -2 2 -23 13 -7 2 -17 9 -10 9 -6 2 -20 1 -13 10 -9 13 -11 9 -21 23 -11 6 0 0 0 0 0 0 0 0 ]
CSI_DATA,AP,68:FE:71:12:53:8C,-39,11,1,4,1,1,1,0,0,0,0,-94,0,6,1,21638653,0,84,0,0,21.639,384,[84 -64 4 0 0 0 0 0 0 0 0 0 -20 -14 -22 -27 -23 -9 -6 -19 -4 -19 -22 -19 -23 -19 -11 -28 -7 -12 -10 -8 -1 -16 -3 -6 -19 -12 -3 -11 -10 -8 -20 -30 -9 -12 -18 -28 -20 -26 -4 -16 -1 -9 -5 -5 -1 -9 -21 -27 2 -23 -15 -14 -3 -12 -16 -28 -8 -13 -3 -23 -7 -11 -2 -14 -8 -12 -13 -14 -6 -19 -1 -20 -6 -7 -25 -14 -20 -1 -5 -24 -16 -9 -17 -17 -16 -17 -9 -21 -12 -9 -16 -9 -6 -8 -15 -22 -25 0 -21 2 -11 -12 -16 -6 -17 -13 -3 1 0 0 0 0 0 0 0 0 ]
CSI_DATA,AP,68:FE:71:12:53:8C,-38,11,1,5,1,1,1,0,0,0,0,-96,0,6,1,21754137,0,84,0,0,21.754,384,[84 -64 4 0 0 0 0 0 0 0 0 0 -9 29 -13 21 -13 29 -19 10 -1 22 -16 6 -23 21 -9 10 -7 6 -5 7 -11 23 -9 11 -27 8 -14 8 -9 17 -24 26 -25 7 -9 8 -4 12 -5 8 -22 18 -3 11 -5 14 -5 16 -3 20 -4 11 -9 -1 -21 11 -16 12 -14 5 -21 18 -19 3 -10 24 -3 16 -5 5 -18 17 -10 8 -7 20 -10 17 -12 22 4 25 -15 5 -14 14 2 14 -15 12 -1 25 -7 20 5 11 -6 16 3 19 -5 4 -5 24 -1 6 2 -12 0 0 0 0 0 0 0 0 ]
CSI_DATA,AP,68:FE:71:12:53:8C,-40,11,1,4,1,1,1,0,0,0,0,-95,0,6,1,21819323,0,84,0,0,21.819,384,[84 -64 4 0 0 0 0 0 0 0 0 0 -7 -10 2 -29 -7 -11 -5 -23 -16 -25 -12 -30 2 -13 -4 -17 -15 -32 -13 -14 6 -32 1 -17 -16 -15 -1 -16 7 -17 -16 -24 -4 -22 -12 -21 -7 -27 -16 -29 -4 -25 4 -31 -13 -23 5 -30 8 -22 6 -14 9 -1 1 -15 7 -29 -17 -17 -14 -7 -15 -14 1 -16 3 -14 -11 -18 -16 -20 6 -17 -11 -11 -1 -19 -2 -12 -8 -21 -19 -5 -18 -28 -3 -12 -21 -6 -17 -25 -3 -13 -8 -8 -17 -18 -7 -20 -20 -17 2 -7 -4 -5 6 3 0 0 0 0 0 0 0 0 ]
CSI_DATA,AP,68:FE:71:12:53:8C,-41,11,1,5,1,1,1,0,0,0,1,-94,0,6,1,21913595,0,84,0,0,21.914,384,[84 -64 4 0 0 0 0 0 0 0 0 0 22 -6 14 -14 27 5 24 3 22 4 31 -14 30 -14 30 -14 29 -9 9 -8 28 2 24 -10 20 -10 19 -5 12 -9 24 8 29 12 25 -12 15 1 21 -6 12 -9 16 4 12 3 25 10 24 -6 6 6 -10 7 23 2 22 -3 14 -4 16 7 18 -7 11 3 14 9 27 -3 15 4 24 -12 20 6 4 5 17 -9 9 1 26 -5 20 -5 21 1 9 -14 8 -14 4 -7 26 2 7 -18 10 -4 21 3 6 -10 12 -12 -2 10 0 0 0 0 0 0 0 0 ]
CSI_DATA,AP,68:FE:71:12:53:8C,-38,11,1,6,1,1,1,0,0,0,0,-96,0,6,1,21997017,0,84,0,0,21.997,384,[84 -64 4 0 0 0 0 0 0 0 0 0 -11 3 -9 10 -23 -6 -15 1 -26 2 -15 -2 -17 -13 -11 8 -13 -8 -12 3 -9 -13 -18 -16 -11 -2 -12 8 -12 -8 -11 -1 -22 0 -29 5 -23 -1 -16 -8 -21 4 -24 3 -6 4 -23 7 -28 -9 -21 1 -6 -3 -23 -11 -23 -7 -16 5 -28 4 -19 -4 -14 -6 -22 -8 -21 4 -27 -11 -7 -10 -21 14 -4 6 -19 0 -6 1 -26 5 -21 15 -19 0 -25 11 -8 -3 -9 11 -6 6 -7 -1 -13 1 -15 5 -24 -2 -25 6 -3 -8 0 0 0 0 0 0 0 0 ]
CSI_DATA,AP,68:FE:71:12:53:8C,-43,11,1,5,1,1,1,1,0,0,1,-94,5,6,1,22080054,0,84,0,0,22.08,384,[84 -64 4 0 0 0 0 0 0 0 0 0 15 17 20 8 12 15 23 6 17 11 9 21 10 2 9 3 22 8 22 8 15 7 23 20 3 24 12 21 14 18 -1 24 1 9 19 21 9 13 15 23 7 23 2 3 -2 16 8 23 2 26 12 13 -9 6 19 11 17 12 8 3 6 4 13 10 9 9 5 6 9 -1 18 8 12 14 2 18 1 21 14 0 16 3 2 12 2 -2 2 21 8 -1 10 16 21 -2 11 7 10 9 3 8 9 3 21 19 25 11 -11 -1 0 0 0 0 0 0 0 0 ]
CSI_DATA,AP,68:FE:71:12:53:8C,-40,11,1,4,1,1,1,0,0,0,1,-96,0,6,1,22155217,0,84,0,0,22.155,384,[84 -64 4 0 0 0 0 0 0 0 0 0 -32 8 -9 -4 -23 8 -25 -10 -24 9 -22 2 -16 4 -18 -8 -14 8 -25 -3 -23 -6 -20 0 -28 -18 -12 5 -8 -9 -23 -8 -11 -16 -23 -17 -15 -9 -17 7 -6 -7 -22 5 -24 3 -13 -4 -16 3 -25 3 -11 -12 -22 -5 -30 -1 -9 -14 -27 -10 -10 -6 -5 -4 -28 -8 -17 -6 -28 -12 -15 -7 -15 -11 -16 -3 -29 7 -15 -12 -24 -6 -21 5 -20 7 -13 1 -22 7 -21 2 -28 11 -26 7 -26 12 -12 0 -8 7 -13 -2 0 -4 0 0 0 0 0 0 0 0 ]
CSI_DATA,AP,68:FE:71:12:53:8C,-41,11,0,0,0,0,0,0,0,0,0,-94,0,6,1,22242003,0,37,0,0,22.242,128,[84 -64 4 0 0 0 0 0 0 0 0 0 9 15 2 24 8 18 20 6 17 13 2 7 18 26 19 23 4 15 3 24 10 19 20 9 2 9 -3 14 6 6 16 29 12 26 5 22 11 8 19 27 4 21 6 15 15 3 10 6 0 23 0 16 -3 1 6 6 -1 8 -3 15 16 21 10 13 12 7 5 16 7 6 21 12 9 21 12 23 5 6 0 18 23 2 15 22 5 5 18 11 7 -2 14 15 22 1 19 13 4 5 13 14 4 2 5 13 8 11 8 3 0 0 0 0 0 0 0 0 ]
CSI_DATA,AP,68:FE:71:12:53:8C,-42,11,1,5,1,1,1,1,0,0,0,-96,4,6,1,22331324,0,84,0,0,22.331,384,[84 -64 4 0 0 0 0 0 0 0 0 0 -16 -1 -25 2 -27 -10 -27 -11 -34 -5 -9 4 -12 0 -25 -1 -23 -2 -21 -14 -33 -4 -24 -5 -26 -11 -28 -4 -15 0 -19 0 -14 -5 -18 0 -28 4 -17 -16 -16 -8 -12 2 -10 -1 -10 -7 -31 1 -29 -6 -3 2 -23 -5 -14 -10 -8 -13 -13 -12 -10 7 -14 -9 -15 -13 -20 -11 -24 11 -4 11 -29 9 -26 -11 -19 -3 -19 -2 -15 -7 -12 13 -9 4 -17 -3 -24 0 -24 -4 -11 -9 -27 10 -19 16 -5 -5 -24 5 -11 -1 -3 4 0 0 0 0 0 0 0 0 ]
CSI_DATA,AP,68:FE:71:12:53:8C,-43,11,1,6,1,1,1,1,0,0,0,-95,1,6,1,22411821,0,84,0,0,22.412,384,[84 -64 4 0 0 0 0 0 0 0 0 0 -9 -9 -11 -6 -23 -19 -17 -5 -11 -12 -19 -13 -27 -5 -28 -18 -7 -19 -11 -7 -26 -14 -11 -14 -13 -7 -5 -18 -9 -23 -8 -18 -24 -20 -11 -11 -12 -18 -15 -24 -22 -21 -10 -25 -14 -9 -24 -9 -21 -16 -12 -4 -11 4 -20 -12 -24 -2 -26 -10 -22 -5 -12 -8 -17 -4 -13 -20 -13 -11 -15 -10 -4 -1 -12 -20 -7 -9 -12 -10 -15 -20 -14 -3 -9 -3 -7 -3 -24 -15 -12 -7 -21 1 -6 -9 -18 1 -28 -12 -12 -17 -7 1 -10 -15 -12 7 0 0 0 0 0 0 0 0 ]
CSI_DATA,AP,68:FE:71:12:53:8C,-40,11,1,6,1,1,1,0,0,0,0,-94,0,6,1,22515070,0,84,0,0,22.515,384,[84 -64 4 0 0 0 0 0 0 0 0 0 -12 7 -4 12 -4 10 -11 10 -7 21 -3 20 -15 29 -17 24 -18 7 -4 9 -20 14 -8 20 -17 9 -20 12 -17 14 -19 17 -9 20 -17 11 -22 3 -20 2 -25 2 -8 8 -5 0 -19 13 -3 21 -13 9 -1 0 -9 6 -20 23 -6 16 -19 18 -14 12 -2 6 -22 7 -16 24 2 16 -5 22 -3 19 0 22 4 22 -1 13 -8 18 -19 12 -17 19 -9 27 -3 10 -15 13 -3 19 -10 25 6 14 0 25 -13 25 -17 18 11 8 0 0 0 0 0 0 0 0 ]
CSI_DATA,AP,68:FE:71:12:53:8C,-42,11,1,4,1,1,1,1,0,0,0,-94,6,6,1,22594397,0,84,0,0,22.594,384,[84 -64 4 0 0 0 0 0 0 0 0 0 6 -23 20 -19 13 -23 2 -27 12 -26 7 -15 2 -14 9 -28 20 -17 14 -18 9 -6 20 -21 20 -5 20 -8 12 -16 10 -3 23 -22 20 -23 5 -2 24 -2 11 -24 8 -14 3 -23 3 -10 3 -22 5 -14 -9 -5 7 -13 16 -15 9 -17 3 -19 10 -15 21 -26 9 -15 0 -22 9 -5 9 -13 15 -9 -1 -18 1 -20 17 -15 7 -4 11 -22 17 -21 1 -24 16 -23 1 -15 13 -6 13 -7 9 -28 -2 -21 8 -18 14 -11 -9 1 0 0 0 0 0 0 0 0 ]
CSI_DATA,AP,68:FE:71:12:53:8C,-43,11,1,4,1,1,1,0,0,0,0,-95,0,6,1,22692443,0,84,0,0,22.692,384,[84 -64 4 0 0 0 0 0 0 0 0 0 1 -7 4 -5 0 -15 9 -20 20 -28 10 -20 4 -8 14 -13 23 -1 23 -21 23 -13 16 -23 21 -21 24 -10 21 1 17 -4 10 1 17 -17 12 -16 3 -10 17 -21 4 -2 23 -1 21 -9 14 -22 6 -17 -2 -1 14 -12 16 -16 24 -7 -1 -17 5 -11 6 -11 19 -13 3 -10 11 -11 7 -18 1 -7 22 -14 5 -13 -2 -23 1 -17 20 -8 -2 -4 18 -21 13 -2 1 -12 8 -11 18 -9 6 -23 4 -23 -1 -11 13 -15 6 -7 0 0 0 0 0 0 0 0 ]
CSI_DATA,AP,68:FE:71:12:53:8C,-42,11,1,4,1,1,1,0,0,0,0,-94,0,6,1,22791287,0,84,0,0,22.791,384,[84 -64 4 0 0 0 0 0 0 0 0 0 7 -6 26 15 28 0 15 5 14 9 22 18 17 7 20 7 18 8 8 18 20 8 7 5 23 24 23 15 15 2 23 13 26 3 3 22 14 21 21 1 14 8 26 7 20 2 12 3 11 6 10 1 -5 3 18 12 8 21 7 5 24 -1 22 13 26 0 22 15 22 17 6 -2 3 13 23 4 3 8 13 5 15 12 19 9 10 1 13 -5 23 -3 19 14 25 -4 7 14 9 -2 15 4 16 10 21 1 10 7 3 8 0 0 0 0 0 0 0 0 ]
CSI_DATA,AP,68:FE:71:12:53:8C,-41,11,1,6,1,1,1,0,0,0,0,-93,0,6,1,22857542,0,84,0,0,22.858,384,[84 -64 4 0 0 0 0 0 0 0 0 0 -5 -25 -5 -27 2 -29 7 -33 -10 -30 14 -11 -3 -18 9 -25 12 -32 4 -16 0 -20 3 -10 -3 -29 5 -31 2 -20 10 -11 17 -15 14 -19 4 -8 8 -25 6 -6 14 -28 8 -12 5 -15 0 -7 10 -9 -11 -6 1 -9 -7 -23 5 -14 -6 -11 -2 -19 4 -11 6 -21 3 -22 2 -12 -10 -18 13 -14 1 -9 -10 -27 -5 -10 6 -7 0 -12 9 -28 -1 -22 -3 -21 -11 -23 5 -19 -12 -7 -14 -16 0 -10 1 -26 -2 -28 -7 12 0 0 0 0 0 0 0 0 ]
CSI_DATA,AP,68:FE:71:12:53:8C,-39,11,1,4,1,1,1,0,0,0,0,-93,0,6,1,22939353,0,84,0,0,22.939,384,[84 -64 4 0 0 0 0 0 0 0 0 0 15 15 6 11 13 4 19 14 1 26 17 26 2 21 3 5 -1 9 5 25 18 24 1 15 17 29 19 19 -2 26 3 27 19 7 -2 23 -1 12 3 5 4 12 18 14 13 16 2 18 5 27 17 24 8 7 15 6 14 15 20 25 -3 13 18 11 20 13 1 10 3 4 14 21 2 6 17 11 9 20 14 16 21 0 13 4 21 20 -1 17 4 8 21 18 4 6 19 13 11 15 16 2 1 20 17 1 13 7 0 11 0 0 0 0 0 0 0 0 ]
CSI_DATA,AP,68:FE:71:12:53:8C,-39,11,1,6,1,1,1,1,0,0,1,-93,6,6,1,23016456,0,84,0,0,23.016,384,[84 -64 4 0 0 0 0 0 0 0 0 0 -16 17 -12 7 -27 11 -17 16 -25 2 -27 15 -18 3 -16 12 -19 15 -23 12 -19 -7 -19 12 -32 14 -18 -3 -8 9 -23 7 -24 6 -13 -7 -16 8 -9 11 -29 4 -30 -4 -17 8 -16 4 -13 11 -24 -9 10 -4 -15 7 -8 10 -7 2 -20 12 -9 -6 -11 -8 -3 -2 -16 -4 -27 12 -23 -2 -21 4 -14 16 -14 14 -7 10 -25 17 -21 18 -26 16 -26 17 -8 1 -15 1 -4 17 -15 1 -10 12 -6 0 -22 7 -14 13 3 -10 0 0 0 0 0 0 0 0 ]
CSI_DATA,AP,68:FE:71:12:53:8C,-42,11,1,5,1,1,1,0,0,0,0,-95,0,6,1,23088009,0,84,0,0,23.088,384,[84 -64 4 0 0 0 0 0 0 0 0 0 -4 -26 -8 -33 -11 -27 0 -28 -14 -23 6 -23 -5 -21 5 -9 2 -13 -14 -17 -9 -11 -2 -22 -12 -25 -8 -25 -3 -25 5 -22 -1 -18 2 -22 -12 -12 5 -17 3 -9 -9 -27 7 -11 -9 -8 8 -21 11 -17 -9 -9 8 -11 -1 -7 4 -29 -15 -29 -8 -9 -2 -25 -5 -14 -5 -10 -11 -21 5 -28 4 -16 1 -21 -11 -8 -8 -22 -4 -20 -13 -30 -16 -10 2 -8 -10 -14 -11 -5 0 -17 -18 -27 0 -24 -15 -22 -19 -20 -7 -3 9 12 0 0 0 0 0 0 0 0 ]
CSI_DATA,AP,68:FE:71:12:53:8C,-44,11,1,3,1,1,1,0,0,0,0,-95,0,6,1,23204507,0,84,0,0,23.205,384,[84 -64 4 0 0 0 0 0 0 0 0 0 5 -18 13 -7 19 -19 19 -17 0 -7 3 -25 -3 -23 4 -11 23 -11 14 -8 22 -7 13 -22 0 -20 -1 -13 22 -22 22 -26 17 -6 12 -18 0 -23 15 -25 16 -22 20 -21 11 -20 19 -23 17 -6 15 -13 1 5 5 -21 10 -9 5 -2 15 -26 17 -9 19 -17 -3 -6 17 -18 2 -20 14 -12 15 -14 9 -24 -4 -21 15 -5 9 -19 10 -21 11 -8 9 -19 2 -16 15 -24 -6 -18 -2 -23 -3 -20 1 -21 16 -18 8 -24 -5 -5 0 0 0 0 0 0 0 0 ]
CSI_DATA,AP,68:FE:71:12:53:8C,-40,11,1,6,1,1,1,0,0,0,0,-95,0,6,1,23260473,0,84,0,0,23.26,384,[84 -64 4 0 0 0 0 0 0 0 0 0 -14 22 4 20 -9 23 2 28 -22 5 -6 13 1 6 -7 15 -2 19 -7 21 -8 23 -17 16 -9 16 -20 23 -9 23 -22 7 -5 15 -2 22 -3 -1 -24 8 -21 4 -9 8 -20 15 -4 10 -15 15 -21 10 -3 10 -5 14 -4 18 -1 2 -18 17 -17 11 -7 12 -2 5 -6 11 -6 16 -12 16 -20 9 1 24 -5 4 -11 8 1 11 -8 21 -14 16 -14 21 -8 4 -10 9 -9 10 -4 13 -10 7 -13 7 -12 24 -6 9 12 -9 0 0 0 0 0 0 0 0 ]
CSI_DATA,AP,68:FE:71:12:53:8C,-40,11,1,4,1,1,1,0,0,0,0,-95,0,6,1,23336771,0,84,0,0,23.337,384,[84 -64 4 0 0 0 0 0 0 0 0 0 25 -5 11 7 18 2 20 -1 21 3 17 -7 16 -8 12 -9 28 1 11 -6 12 9 18 -3 20 7 12 -1 24 -4 21 9 22 4 17 -8 19 8 28 14 27 -1 16 -6 4 -6 14 -1 10 3 14 4 -5 -1 19 -4 6 1 15 4 13 -9 12 13 20 -10 6 -1 14 -1 28 3 4 -3 4 -9 24 -3 12 -12 20 -9 25 10 22 -3 18 -5 20 -6 24 7 18 -8 22 -15 10 -4 13 -16 15 -14 21 -4 26 0 1 -12 0 0 0 0 0 0 0 0 ]
CSI_DATA,AP,68:FE:71:12:53:8C,-40,11,1,4,1,1,1,0,0,0,0,-96,0,6,1,23402037,0,84,0,0,23.402,384,[84 -64 4 0 0 0 0 0 0 0 0 0 -1 -22 -9 -38 -2 -26 2 -26 3 -41 -13 -35 -3 -31 -1 -17 11 -24 -3 -29 -10 -35 7 -28 0 -35 -5 -38 -7 -18 8 -21 -11 -25 4 -33 -8 -25 6 -28 5 -31 9 -14 -10 -9 7 -32 -4 -23 3 -19 9 4 -2 -12 -12 -12 -2 -23 -1 -25 6 -17 4 -28 9 -29 -8 -12 -12 -26 -4 -28 -11 -16 -3 -22 -11 -13 7 -24 -1 -14 2 -21 -4 -24 -2 -14 -16 -27 -10 -10 -9 -14 -11 -11 1 -12 1 -14 -8 -19 -9 -15 -11 -2 0 0 0 0 0 0 0 0 ]
CSI_DATA,AP,68:FE:71:12:53:8C,-40,11,1,6,1,1,1,0,0,0,0,-95,0,6,1,23472145,0,84,0,0,23.472,384,[84 -64 4 0 0 0 0 0 0 0 0 0 3 -27 8 -26 1 -24 -1 -14 0 -15 1 -6 1 -9 6 -20 10 -8 12 -5 16 -21 19 -5 4 -17 17 -10 17 -8 2 -17 6 -21 12 -17 23 -16 16 -15 4 1 15 -3 10 -16 9 -13 -1 -3 13 -23 3 -8 21 0 16 -3 17 -3 8 -7 10 -4 0 -16 0 -24 7 -2 1 -5 15 -24 9 -20 6 -5 6 -14 2 -25 10 -16 -2 -7 12 -7 3 -17 15 -13 10 -1 2 -2 7 -10 17 -18 4 -7 10 -4 8 -15 4 10 0 0 0 0 0 0 0 0 ]
CSI_DATA,AP,68:FE:71:12:53:8C,-43,11,1,5,1,1,1,0,0,0,0,-94,0,6,1,23539175,0,84,0,0,23.539,384,[84 -64 4 0 0 0 0 0 0 0 0 0 -2 -20 18 -1 13 -14 2 -6 2 -12 0 -17 10 0 12 -16 7 -18 6 -13 11 -12 6 -4 5 -1 10 2 0 -12 21 -11 19 2 19 3 17 8 1 -2 4 -13 12 -15 10 8 8 -5 2 -16 0 -1 8 11 6 -12 20 -3 17 -6 0 1 19 -1 6 3 9 -2 12 4 9 -6 9 -7 18 -9 15 -3 12 -7 6 -5 2 -15 -3 -4 11 -12 -4 1 8 -3 5 -12 19 -17 -2 -13 11 -10 8 3 11 2 0 -19 5 11 0 0 0 0 0 0 0 0 ]
CSI_DATA,AP,68:FE:71:12:53:8C,-40,11,1,4,1,1,1,0,0,0,0,-96,0,6,1,23604526,0,84,0,0,23.605,384,[84 -64 4 0 0 0 0 0 0 0 0 0 11 -27 18 -17 14 -18 6 -4 1 -18 11 -10 18 -5 5 -3 18 -4 10 -19 24 -4 25 -4 15 -20 24 -16 16 -12 20 -7 13 0 21 -17 20 2 0 -10 13 -8 16 -12 18 -22 16 -11 3 -9 4 -16 -8 -11 1 -15 -2 -19 1 -19 4 -6 21 -18 5 -9 13 -15 6 -5 3 -12 -2 -11 6 -14 -2 -10 4 -17 5 -22 1 -20 8 -24 12 -12 -3 -2 8 -20 8 -15 0 -9 16 -1 12 -18 -2 -9 -7 -15 15 -2 5 11 0 0 0 0 0 0 0 0 ]
CSI_DATA,AP,68:FE:71:12:53:8C,-39,11,1,4,1,1,1,1,0,0,0,-95,3,6,1,23689404,0,84,0,0,23.689,384,[84 -64 4 0 0 0 0 0 0 0 0 0 29 -3 20 -17 41 1 35 -20 25 -11 24 4 22 6 19 8 41 -12 25 1 21 0 34 -10 24 3 22 -1 34 -9 44 -10 24 -5 27 -6 25 6 23 9 30 7 19 8 26 8 34 -4 31 3 19 -7 12 -3 38 3 22 8 33 -1 27 -11 33 3 18 0 20 3 26 0 23 -12 22 7 31 -11 29 -6 22 -8 35 -18 23 3 35 0 37 4 23 -8 35 -16 20 -8 35 -2 29 -19 18 -3 23 -4 21 -8 17 -9 -12 -1 0 0 0 0 0 0 0 0 ]
CSI_DATA,AP,68:FE:71:12:53:8C,-41,11,1,5,1,1,1,0,0,0,0,-95,0,6,1,23787755,0,84,0,0,23.788,384,[84 -64 4 0 0 0 0 0 0 0 0 0 -17 20 -19 15 -25 21 -20 13 -22 2 -15 8 -14 4 -23 5 -10 4 -7 9 -31 22 -13 22 -30 4 -13 14 -14 -3 -29 3 -13 16 -21 16 -17 -5 -7 11 -27 12 -29 -5 -26 14 -13 -1 -6 0 -10 12 12 -6 -20 -1 -5 4 -23 14 -8 13 -11 4 -15 14 -18 -1 -18 0 -12 12 -17 7 -22 16 -1 20 -4 14 -18 8 -12 0 -5 12 -12 6 -23 23 -13 10 -9 9 -8 0 -14 12 -15 7 -18 10 -3 13 -4 24 0 0 0 0 0 0 0 0 0 0 ]
CSI_DATA,AP,68:FE:71:12:53:8C,-34,11,1,7,1,1,1,0,0,0,0,-96,0,6,1,23891174,0,84,0,0,23.891,384,[84 -64 4 0 0 0 0 0 0 0 0 0 0 17 14 27 -8 32 8 11 9 14 11 11 -6 8 -6 26 -1 11 -10 30 2 14 -3 26 10 20 6 30 -7 24 -12 11 6 18 -6 18 3 15 -13 26 -8 18 8 17 -4 3 5 13 -3 22 11 10 5 -10 5 16 -4 5 6 6 0 9 -8 11 8 6 3 5 0 9 4 20 7 10 7 16 6 7 -7 27 7 25 -6 4 1 25 12 24 -7 8 10 14 -7 1 -1 18 14 15 -3 5 7 17 4 1 12 5 -5 -2 0 0 0 0 0 0 0 0 ]
CSI_DATA,AP,68:FE:71:12:53:8C,-40,11,1,4,1,1,1,0,0,0,0,-94,0,6,1,23995571,0,84,0,0,23.996,384,[84 -64 4 0 0 0 0 0 0 0 0 0 10 -19 26 -10 29 -7 24 -20 10 -16 8 -16 22 -13 23 -11 23 -16 27 -15 19 0 28 2 24 -16 16 6 14 6 4 2 25 -7 23 1 15 -5 4 -3 4 -10 0 -14 9 -14 5 4 3 -11 21 1 12 1 21 -7 5 -13 7 -2 18 -10 1 -14 -2 -17 3 4 18 -17 9 -6 0 -1 17 -12 4 -8 17 1 5 -4 11 -16 -1 -2 -5 -1 -2 -3 15 -11 6 -7 6 -14 10 -19 9 -12 17 -8 16 -2 1 -13 11 1 0 0 0 0 0 0 0 0 ]
CSI_DATA,AP,68:FE:71:12:53:8C,-41,11,0,0,0,0,0,0,0,0,0,-95,0,6,1,24075849,0,37,0,0,24.076,128,[84 -64 4 0 0 0 0 0 0 0 0 0 -26 22 -12 5 -29 -1 -23 8 -16 -3 -9 2 -6 12 -18 16 -9 4 -10 7 -7 14 -18 -5 -15 4 -22 11 -17 -7 -7 -6 -11 -5 -4 -2 -11 -7 -25 -7 -7 8 -16 6 -7 12 -1 8 -24 5 0 -9 6 9 1 4 -10 9 -10 -2 -14 4 -3 10 -20 -3 -12 12 -20 11 -13 7 -4 -1 -6 9 -8 -4 -16 14 -19 2 -10 0 -16 7 -1 13 1 4 -15 16 0 10 -3 -3 -7 16 -17 14 -14 13 0 0 4 19 -2 4 0 0 0 0 0 0 0 0 ]
CSI_DATA,AP,68:FE:71:12:53:8C,-40,11,1,4,1,1,1,0,0,0,0,-95,0,6,1,24149191,0,84,0,0,24.149,384,[84 -64 4 0 0 0 0 0 0 0 0 0 12 -5 10 -9 33 7 25 8 27 2 26 0 8 -8 20 -6 12 -10 7 -3 6 -10 13 11 14 -4 14 12 2 13 11 9 24 2 21 9 16 12 3 5 9 -8 23 8 6 -4 0 7 13 -11 16 -11 -8 10 3 0 14 -7 8 -4 14 -16 16 4 21 -9 17 7 15 3 0 1 4 -6 -1 -15 17 -5 -3 -5 18 -6 -2 0 1 1 15 0 4 -14 15 5 5 -4 11 -11 11 -3 4 -17 18 -13 10 -15 9 -18 -12 -4 0 0 0 0 0 0 0 0 ]
CSI_DATA,AP,68:FE:71:12:53:8C,-38,11,0,0,0,0,0,0,0,0,0,-94,0,6,1,24241674,0,37,0,0,24.242,128,[84 -64 4 0 0 0 0 0 0 0 0 0 22 -17 24 -7 31 -9 41 -7 26 -14 21 -6 22 -2 28 -16 24 -15 36 -9 35 -2 18 -16 12 3 16 2 33 -4 15 -10 19 2 25 -11 16 -10 26 -6 12 -3 8 -2 13 -2 18 2 22 5 6 0 2 3 15 -8 16 -20 9 -10 2 -8 19 0 4 -15 16 -7 17 -22 0 -22 17 -15 3 -13 -1 1 5 -12 -1 -15 -6 -6 15 -8 1 -23 12 -14 6 -20 10 -23 3 -6 5 -5 3 -5 -10 -19 -5 -19 -13 -24 12 -9 0 0 0 0 0 0 0 0 ]
CSI_DATA,AP,68:FE:71:12:53:8C,-40,11,1,4,1,1,1,0,0,0,0,-95,0,6,1,24308534,0,84,0,0,24.309,384,[84 -64 4 0 0 0 0 0 0 0 0 0 27 -16 24 -25 7 -16 5 -18 9 1 21 -5 7 -18 17 2 24 -3 5 3 22 -2 20 -7 6 0 5 -14 6 -16 8 -14 10 -8 7 -8 20 -3 17 1 16 -8 19 -19 13 -9 25 -11 12 -4 7 3 4 5 15 2 22 1 9 -21 20 -10 17 -17 9 -4 8 -9 12 -19 12 -11 1 -18 1 -22 -2 -8 16 -3 21 -6 20 -4 3 -8 1 -18 -4 -14 20 -2 19 -7 -3 -19 1 -1 14 -5 12 -21 -2 -19 14 -17 -1 8 0 0 0 0 0 0 0 0 ]
CSI_DATA,AP,68:FE:71:12:53:8C,-42,11,1,6,1,1,1,0,0,0,0,-94,0,6,1,24389138,0,84,0,0,24.389,384,[84 -64 4 0 0 0 0 0 0 0 0 0 -25 18 -24 -4 -20 15 -9 12 -5 11 -12 3 -6 -7 -24 5 -9 7 -17 -7 -22 -6 -9 8 -27 4 -5 8 -13 -8 -14 2 -14 9 -22 -5 -12 4 -5 5 -21 12 -6 -1 -16 4 -17 11 -16 2 -8 3 -11 -10 -17 7 -3 14 -10 15 -1 4 -11 12 -14 8 -24 16 -13 11 -24 12 -3 0 -22 -5 -7 19 -15 -5 -20 7 -17 2 -2 -5 -2 19 -8 14 -17 12 -16 9 -21 3 -5 7 -18 13 -19 21 -1 20 -18 11 -2 2 0 0 0 0 0 0 0 0 ]
CSI_DATA,AP,68:FE:71:12:53:8C,-39,11,1,4,1,1,1,0,0,0,0,-94,0,6,1,24486504,0,84,0,0,24.487,384,[84 -64 4 0 0 0 0 0 0 0 0 0 6 -3 14 14 27 16 10 16 9 1 8 4 7 16 28 -4 27 2 21 13 26 22 23 21 21 -1 27 5 20 16 24 22 25 7 14 10 24 8 21 13 6 0 26 16 4 9 9 14 22 18 25 7 11 -6 28 3 21 18 18 -1 26 14 10 13 23 7 24 20 13 1 8 11 11 13 8 1 10 5 21 -5 21 -5 14 -3 29 12 22 9 32 4 11 7 11 8 13 -2 19 -1 24 9 16 16 17 16 25 5 8 -9 0 0 0 0 0 0 0 0 ]
CSI_DATA,AP,68:FE:71:12:53:8C,-39,11,1,6,1,1,1,0,0,0,0,-96,0,6,1,24575562,0,84,0,0,24.576,384,[84 -64 4 0 0 0 0 0 0 0 0 0 -13 -29 -11 -25 -13 -28 -11 -18 -8 -19 6 -19 -9 -26 7 -12 7 -9 5 -17 11 -25 -8 -8 -2 -12 1 -26 12 -18 13 -31 -5 -17 1 -21 11 -12 1 -18 14 -21 15 -7 -4 -22 1 -27 6 -21 10 -23 -6 -9 -4 -10 -4 -25 5 -19 4 -21 -8 -28 -5 -26 4 -22 9 -20 -2 -10 -5 -11 -5 -7 -8 -14 2 -9 -3 -4 -9 -26 -15 -19 2 -16 -16 -18 -11 -27 -1 -27 1 -7 1 -24 -16 -8 -12 -6 7 -8 -9 -20 -5 7 0 0 0 0 0 0 0 0 ]
CSI_DATA,AP,68:FE:71:12:53:8C,-36,11,1,5,1,1,1,0,0,0,0,-94,0,6,1,24652218,0,84,0,0,24.652,384,[84 -64 4 0 0 0 0 0 0 0 0 0 12 -9 16 -13 11 -13 6 -18 18 -6 25 -23 25 -27 23 -16 21 -23 9 -4 13 -4 22 -5 25 -27 17 -21 14 -9 19 -4 17 -7 25 -20 19 -4 20 -14 17 -21 23 -16 20 -22 27 -21 32 -16 30 -23 5 10 26 -23 26 -14 32 -14 28 -10 24 -6 17 -18 21 -5 14 -18 24 -23 14 -15 11 -21 25 -10 23 -13 25 -19 14 -19 28 -26 6 -13 26 -24 6 -11 20 -29 20 -11 25 -8 16 -21 20 -10 7 -16 19 -21 3 -1 0 0 0 0 0 0 0 0 ]
CSI_DATA,AP,68:FE:71:12:53:8C,-39,11,1,5,1,1,1,1,0,0,0,-94,4,6,1,24729721,0,84,0,0,24.73,384,[84 -64 4 0 0 0 0 0 0 0 0 0 -8 -13 6 -25 -7 -25 -4 -14 -7 -28 -6 -21 20 -18 15 -14 -2 -25 8 -25 8 -23 22 -28 6 -31 10 -31 10 -12 2 -24 12 -25 7 -28 21 -11 25 -16 20 -27 16 -12 17 -11 17 -18 17 -12 21 -17 2 10 3 -24 1 -24 13 -29 17 -22 3 -28 6 -24 22 -26 1 -9 18 -21 9 -29 17 -18 10 -18 17 -16 13 -15 1 -26 8 -21 13 -29 1 -21 14 -23 -8 -11 6 -23 17 -22 -7 -11 -4 -17 10 -15 5 -17 7 -12 0 0 0 0 0 0 0 0 ]
CSI_DATA,AP,68:FE:71:12:53:8C,-38,11,1,6,1,1,1,0,0,0,0,-96,0,6,1,24825151,0,84,0,0,24.825,384,[84 -64 4 0 0 0 0 0 0 0 0 0 22 9 7 -1 17 -4 32 -6 13 0 17 -7 10 10 28 13 24 2 11 8 26 1 29 3 18 6 30 16 29 -4 31 13 23 1 8 5 25 13 17 17 30 -4 26 12 22 1 18 14 14 17 9 19 9 0 19 -2 22 0 13 -3 17 -6 29 -7 19 2 7 -6 23 -7 13 2 11 7 19 5 11 13 28 -5 22 1 15 1 9 9 31 -9 27 10 7 0 16 4 8 12 27 4 21 11 16 -9 11 -10 25 -10 8 9 0 0 0 0 0 0 0 0 ]
CSI_DATA,AP,68:FE:71:12:53:8C,-38,11,1,5,1,1,1,0,0,0,0,-95,0,6,1,24933050,0,84,0,0,24.933,384,[84 -64 4 0 0 0 0 0 0 0 0 0 -10 -1 -20 8 -8 6 -20 9 -18 14 -20 -3 -15 11 -24 11 -12 17 -16 10 -17 14 -15 13 -13 -7 -16 -5 -31 13 -13 -3 -28 11 -8 1 -13 2 -22 -2 -14 -6 -18 11 -13 -9 -26 -2 -26 6 -17 1 -1 1 -15 4 -21 13 -18 -2 -28 17 -10 10 -9 9 -11 1 -14 2 -14 2 -16 13 -19 7 -6 -3 -14 15 -21 -1 -20 0 -16 -3 -14 19 -8 15 -2 19 -8 0 -18 4 -20 -1 -1 19 -12 17 -6 20 -14 19 -1 9 0 0 0 0 0 0 0 0 ]
CSI_DATA,AP,68:FE:71:12:53:8C,-40,11,1,5,1,1,1,0,0,0,0,-94,0,6,1,25033009,0,84,0,0,25.033,384,[82 -96 4 0 0 0 0 0 0 0 0 0 -32 -11 -29 -5 -18 7 -11 -11 -27 -18 -16 -11 -7 -18 -15 0 -17 -11 -13 0 -10 -14 -7 -8 -7 -8 -29 -10 -7 -3 -28 -5 -14 -15 -24 -3 -26 -14 -22 -14 -21 -7 -4 -15 -8 -1 -6 3 -15 -21 -19 -15 4 -2 -16 -3 -15 -18 -11 2 -21 -18 -24 -11 -12 -5 -24 -7 -21 -6 -12 -1 -24 -13 -22 0 -12 -5 -13 -10 -24 -6 -9 0 -10 -8 -7 -7 -15 8 -11 -13 -7 -9 -22 3 -28 -1 -25 -5 -29 -3 -10 1 -27 7 -2 1 0 0 0 0 0 0 0 0 ]
CSI_DATA,AP,68:FE:71:12:53:8C,-43,11,1,5,1,1,1,0,0,0,0,-95,0,6,1,25112333,0,84,0,0,25.112,384,[84 -64 4 0 0 0 0 0 0 0 0 0 -13 30 -8 22 0 29 -18 23 -15 18 -11 18 -8 11 -15 17 -18 12 1 18 -6 13 -8 17 -7 27 -3 12 -14 8 -9 19 -3 20 0 24 -18 18 -3 20 -10 24 2 9 -7 23 -13 22 -6 12 -3 21 -7 10 2 5 3 19 -5 20 -4 6 4 23 -1 3 -15 19 -17 2 -8 23 6 10 -18 19 3 8 -6 16 -16 10 6 24 -14 16 -15 5 -9 9 6 18 -1 10 -15 8 2 26 2 20 2 9 4 26 8 16 8 -9 0 0 0 0 0 0 0 0 ]
CSI_DATA,AP,68:FE:71:12:53:8C,-39,11,1,5,1,1,1,0,0,0,1,-94,0,6,1,25190930,0,84,0,0,25.191,384,[84 -64 4 0 0 0 0 0 0 0 0 0 -10 -22 5 -16 -6 -30 -2 -9 5 -32 9 -9 -13 -14 -11 -9 3 -17 0 -7 9 -17 -8 -29 10 -15 6 -8 -10 -7 -8 -27 -3 -17 2 -19 3 -27 -2 -26 -3 -6 -5 -25 -7 -7 4 -4 0 -21 -8 -4 3 3 7 -9 -6 -7 -9 -19 6 -4 -5 -8 -12 -26 4 -8 7 -22 -2 -26 -6 -17 -9 -3 -1 -19 -4 -8 -11 -7 -1 -15 0 -21 -14 -13 7 -21 -5 -24 -17 -6 -16 -17 7 -20 7 -25 1 -7 -16 -5 -12 -15 1 -7 0 0 0 0 0 0 0 0 ]
CSI_DATA,AP,68:FE:71:12:53:8C,-39,11,1,5,1,1,1,0,0,0,0,-94,0,6,1,25268618,0,84,0,0,25.269,384,[84 -64 4 0 0 0 0 0 0 0 0 0 -9 -32 -4 -32 -2 -25 3 -18 -1 -34 -5 -23 8 -28 -2 -29 -6 -29 -2 -30 13 -38 10 -25 9 -23 15 -22 9 -18 -3 -34 16 -21 9 -29 4 -27 -8 -21 3 -31 14 -27 15 -27 1 -22 -8 -22 -10 -28 7 2 6 -30 12 -31 14 -33 -6 -25 -2 -14 1 -22 -11 -16 12 -34 7 -28 1 -24 9 -25 8 -26 6 -27 -14 -25 -2 -19 -15 -14 -11 -18 -14 -12 4 -23 -9 -27 -4 -16 -16 -16 -15 -20 2 -24 -8 -31 -9 -11 0 12 0 0 0 0 0 0 0 0 ]
CSI_DATA,AP,68:FE:71:12:53:8C,-45,11,1,5,1,1,1,0,0,0,0,-93,0,6,1,25370407,0,84,0,0,25.37,384,[84 -64 4 0 0 0 0 0 0 0 0 0 -38 -18 -21 -29 -20 -23 -36 -37 -35 -35 -14 -20 -33 -23 -33 -31 -11 -23 -15 -38 -10 -28 -29 -21 -25 -43 -28 -32 -12 -44 -20 -40 -19 -34 -24 -41 -20 -41 -23 -31 -13 -35 -22 -20 -3 -32 -10 -27 -8 -25 -12 -30 0 -12 -20 -22 -17 -30 -6 -31 -21 -38 -22 -32 -14 -22 -5 -16 -10 -35 -27 -20 -17 -27 -13 -14 -27 -22 -29 -31 -10 -28 -30 -18 -32 -29 -18 -30 -30 -12 -17 -33 -22 -18 -20 -31 -27 -28 -19 -11 -18 -30 -22 -24 -26 -21 9 7 0 0 0 0 0 0 0 0 ]
CSI_DATA,AP,68:FE:71:12:53:8C,-44,11,1,3,1,1,1,1,0,0,0,-93,4,6,1,25458756,0,84,0,0,25.459,384,[84 -64 4 0 0 0 0 0 0 0 0 0 -10 11 1 25 2 17 -5 14 -8 18 4 29 -16 18 -3 7 -14 14 -20 20 -7 22 -10 8 1 25 -2 26 -20 14 -6 3 -3 21 -16 5 -15 4 -1 9 -1 20 -2 9 -19 24 -19 9 -19 13 1 6 -7 -5 3 19 -6 21 -4 9 -1 2 -17 11 -1 25 -9 14 2 17 -1 15 -14 1 -9 14 -14 13 1 11 -1 17 -7 13 5 6 -1 2 -15 3 9 5 -11 14 5 22 -11 17 -11 13 -15 15 -14 4 -10 26 2 -3 0 0 0 0 0 0 0 0 ]
CSI_DATA,AP,68:FE:71:12:53:8C,-42,11,1,4,1,1,1,0,0,0,0,-94,0,6,1,25529846,0,84,0,0,25.53,384,[84 -64 4 0 0 0 0 0 0 0 0 0 -6 -22 -3 -26 -1 -23 15 -13 -8 -7 15 -22 -3 -17 17 -24 -3 -7 -6 -28 10 -22 -4 -25 10 -28 -1 -14 3 -16 4 -15 16 -17 11 -19 -2 -7 -5 -13 13 -7 9 -26 4 -9 8 -11 6 -10 -1 -3 -4 -6 10 -23 3 -9 14 -11 16 -25 14 -5 -3 -13 7 -21 5 -24 6 -25 14 -20 -10 -19 10 -19 5 -26 11 -3 -4 -14 -7 -26 -6 -3 -1 -8 -4 -4 4 -20 -10 -12 -4 -15 -8 -20 -1 -10 2 -19 6 -7 -4 5 0 0 0 0 0 0 0 0 ]
CSI_DATA,AP,68:FE:71:12:53:8C,-40,11,1,5,1,1,1,0,0,0,0,-94,0,6,1,25626420,0,84,0,0,25.626,384,[84 -64 4 0 0 0 0 0 0 0 0 0 7 -3 27 5 22 6 21 -4 27 3 25 -8 7 5 9 -8 9 10 21 14 25 10 21 5 29 3 21 -1 9 2 15 8 8 -2 7 -6 7 14 27 13 20 11 16 16 19 1 5 3 20 17 5 1 -3 -2 6 8 15 13 26 3 15 -5 8 -5 4 0 9 -1 22 13 21 3 19 12 12 -1 8 -7 19 -7 8 -1 9 9 3 3 11 5 19 -10 11 4 25 -3 7 -2 20 -10 24 6 18 5 27 4 9 8 -4 11 0 0 0 0 0 0 0 0 ]
CSI_DATA,AP,68:FE:71:12:53:8C,-42,11,1,6,1,1,1,0,0,0,0,-94,0,6,1,25687515,0,84,0,0,25.688,384,[84 -64 4 0 0 0 0 0 0 0 0 0 -19 0 -27 5 -22 13 -21 -12 -25 -6 -11 5 -11 11 -14 -3 -18 -10 -13 8 -12 -6 -32 9 -9 -12 -11 9 -29 -14 -26 -13 -27 5 -24 -9 -22 6 -7 5 -16 -9 -21 6 -18 2 -14 -6 -7 1 -27 0 1 -12 -18 -11 -26 -4 -5 3 -25 -10 -19 4 -21 1 -8 -3 -12 3 -9 -2 -4 -4 -23 -5 -15 11 -19 3 -26 -6 -19 5 -17 -1 -7 6 -28 -9 -12 13 -25 12 -18 4 -26 6 -21 7 -14 12 -6 8 -16 14 11 4 0 0 0 0 0 0 0 0 ]
CSI_DATA,AP,68:FE:71:12:53:8C,-42,11,1,4,1,1,1,0,0,0,0,-94,0,6,1,25773471,0,84,0,0,25.773,384,[84 -64 4 0 0 0 0 0 0 0 0 0 -15 19 -9 7 -8 9 -16 31 -8 11 -4 13 -9 10 -10 15 -7 13 -8 15 -11 12 -22 16 -21 24 0 9 -17 16 0 20 -8 11 -3 8 -1 11 -12 7 -15 24 -10 8 -20 22 -19 8 -4 8 -8 7 1 -10 -5 5 2 16 2 8 -12 22 0 23 4 20 2 20 -19 19 -11 1 -2 4 -1 23 5 7 -6 15 -4 18 -11 9 0 20 -3 23 -6 13 -1 12 4 24 2 16 -10 7 -10 27 5 22 2 23 -14 16 7 -11 0 0 0 0 0 0 0 0 ]
CSI_DATA,AP,68:FE:71:12:53:8C,-43,11,1,6,1,1,1,0,0,0,0,-94,0,6,1,25887411,0,82,0,0,25.887,384,[84 -64 4 0 0 0 0 0 0 0 0 0 1 -22 -11 -11 -7 -21 -12 -29 -9 -30 -2 -18 -15 -11 -16 -12 0 -18 2 -13 1 -23 -4 -23 -11 -19 -4 -27 -5 -31 -10 -24 -13 -12 -7 -14 -6 -18 1 -7 2 -25 1 -28 -5 -26 4 -29 -2 -14 -11 -18 9 -7 -5 -21 -4 -8 7 -19 -1 -24 -6 -21 -7 -27 7 -25 -8 -20 1 -9 4 -26 0 -12 -17 -7 -14 -17 3 -23 -5 -25 -5 -14 5 -27 -11 -5 -10 -10 -17 -20 -7 -27 4 -22 -7 -26 -7 -18 -4 -8 1 -18 -10 -4 0 0 0 0 0 0 0 0 ]
CSI_DATA,AP,68:FE:71:12:53:8C,-47,11,1,4,1,1,1,0,0,0,0,-94,0,6,1,25955415,0,84,0,0,25.955,384,[84 -64 4 0 0 0 0 0 0 0 0 0 2 -23 -6 -29 -10 -15 9 -22 -3 -32 3 -11 1 -29 -4 -13 2 -17 -9 -26 1 -10 4 -23 3 -32 -8 -15 -6 -10 4 -24 -2 -15 7 -29 7 -27 3 -22 -1 -28 2 -14 -2 -6 16 -20 -4 -5 -1 -25 3 6 1 -10 -6 -23 9 -16 -1 -12 9 -15 8 -7 -9 -25 13 -13 9 -7 -8 -23 0 -19 -10 -26 7 -19 -2 -27 1 -25 -11 -26 -10 -26 -5 -29 8 -6 -3 -21 -14 -21 7 -11 -5 -9 4 -12 0 -13 2 -27 -2 -9 0 0 0 0 0 0 0 0 ]
CSI_DATA,AP,68:FE:71:12:53:8C,-39,11,1,6,1,1,1,0,0,0,0,-96,0,6,1,26016279,0,84,0,0,26.016,384,[84 -64 4 0 0 0 0 0 0 0 0 0 -24 26 -11 3 -7 14 -22 5 -7 19 -23 17 -12 8 -16 0 -6 -1 -17 9 -21 18 -13 2 -16 19 -7 6 -16 3 -11 0 -13 8 -10 7 -7 -1 -16 6 -16 17 -10 4 -10 -4 -8 5 -12 14 -20 19 11 1 -9 20 -14 20 -5 -1 -22 10 -23 7 -18 7 -7 19 -4 6 -1 13 -12 5 -15 -2 -7 2 2 4 -12 20 -5 15 -12 18 -2 14 -16 11 -17 4 -2 0 3 3 2 7 -11 14 -15 24 -2 8 2 24 -1 9 0 0 0 0 0 0 0 0 ]
CSI_DATA,AP,68:FE:71:12:53:8C,-44,11,1,3,1,1,1,0,0,0,0,-94,0,6,1,26115133,0,84,0,0,26.115,384,[84 -64 4 0 0 0 0 0 0 0 0 0 -28 -5 -26 12 -25 -4 -31 11 -23 15 -27 2 -12 -5 -30 8 -32 1 -21 -5 -21 12 -12 -8 -22 -12 -8 11 -19 -11 -8 3 -20 -1 -27 3 -21 -3 -7 -4 -24 -9 -19 3 -22 8 -26 -3 -27 0 -17 2 -1 0 -16 -10 -9 -13 -25 -6 -26 -7 -6 -10 -14 -11 -22 4 -11 -12 -28 4 -14 -7 -21 -2 -15 -8 -8 -8 -14 11 -22 11 -17 -5 -23 10 -9 8 -8 -2 -22 10 -7 16 -6 14 -25 15 -7 17 -18 -1 -9 2 -9 -1 0 0 0 0 0 0 0 0 ]
CSI_DATA,AP,68:FE:71:12:53:8C,-38,11,1,6,1,1,1,0,0,0,1,-96,0,6,1,26191257,0,84,0,0,26.191,384,[84 -64 4 0 0 0 0 0 0 0 0 0 -5 4 -17 13 -20 25 -17 16 -17 21 -21 17 -23 22 -28 24 -9 5 -16 18 -18 16 -5 18 -28 9 -26 11 -27 11 -8 8 -12 10 -12 18 -15 4 -14 6 -5 12 -11 4 -13 1 -17 6 -20 1 -14 -2 1 4 -8 -2 -15 13 -25 17 -21 11 -9 13 -19 -3 -1 2 -18 21 -23 17 -11 9 -16 18 1 3 -19 13 -5 23 -10 11 -1 13 -18 9 -19 -1 -12 14 -22 0 -14 9 -15 15 -7 15 -6 3 -15 20 -12 17 -11 -4 0 0 0 0 0 0 0 0 ]
CSI_DATA,AP,68:FE:71:12:53:8C,-41,11,1,4,1,1,1,0,0,0,0,-93,0,6,1,26285835,0,84,0,0,26.286,384,[84 -64 4 0 0 0 0 0 0 0 0 0 -23 -6 -26 -4 -19 1 -17 -14 -16 -8 -23 -11 -13 -8 -11 -15 -25 0 -30 -18 -21 -11 -29 -5 -8 -10 -14 3 -21 -15 -7 -19 -27 -7 -20 -2 -10 -12 -7 -14 -13 -3 -10 -15 -12 -12 -10 4 -20 3 -24 -7 -8 -11 -26 -12 -27 -15 -6 -2 -10 -8 -17 -11 -28 0 -23 -16 -24 -5 -24 -10 -10 2 -8 -8 -19 1 -26 5 -20 -14 -8 -1 -24 -6 -6 -3 -5 -13 -28 -9 -16 -4 -15 -3 -5 0 -9 6 -28 10 -19 -4 -21 -7 8 9 0 0 0 0 0 0 0 0 ]
CSI_DATA,AP,68:FE:71:12:53:8C,-38,11,1,6,1,1,1,0,0,0,0,-94,0,6,1,26364870,0,84,0,0,26.365,384,[84 -64 4 0 0 0 0 0 0 0 0 0 2 9 10 26 -11 27 5 23 -9 14 -6 25 -13 8 4 27 -4 9 -3 26 -12 20 -9 8 -2 7 -8 21 -3 21 5 19 -12 22 5 26 7 16 -12 13 0 23 -1 9 7 19 -12 6 -12 9 -9 24 6 4 -10 4 -3 18 -2 7 -6 3 -9 26 -10 16 6 2 -1 19 11 13 5 5 -5 11 9 12 4 22 3 12 9 15 10 12 7 16 -2 19 7 19 4 1 12 22 -3 14 -1 14 -4 17 12 25 -10 20 0 -12 0 0 0 0 0 0 0 0 ]
CSI_DATA,AP,68:FE:71:12:53:8C,-44,11,1,5,1,1,1,1,0,0,0,-96,2,6,1,26469866,0,84,0,0,26.47,384,[84 -64 4 0 0 0 0 0 0 0 0 0 -14 8 -13 11 -5 14 -23 5 -15 10 -7 9 -24 16 -16 7 -9 7 -12 18 -19 17 -8 21 -13 3 -13 3 -21 13 -25 4 -14 11 -8 21 -27 -4 -17 17 -23 -3 -22 -2 -17 6 -26 11 -10 13 -6 21 -10 -4 -13 0 -16 8 -9 15 -5 2 -2 0 -5 19 -23 12 -15 18 -1 6 -10 17 -15 7 0 3 -23 3 -11 4 -7 7 -8 12 -6 22 -19 19 -9 2 -15 19 -4 3 -6 6 -17 4 -17 6 -11 17 -13 17 8 -1 0 0 0 0 0 0 0 0 ]
CSI_DATA,AP,68:FE:71:12:53:8C,-40,11,1,6,1,1,1,0,0,0,0,-93,0,6,1,26546404,0,84,0,0,26.546,384,[84 -64 4 0 0 0 0 0 0 0 0 0 15 6 -1 14 9 27 2 19 13 20 15 9 -3 24 7 26 -3 17 -6 21 -1 11 0 9 7 10 14 15 14 3 2 5 9 18 -4 21 -1 4 12 3 -3 20 -6 12 -7 11 7 19 13 17 -8 8 2 -3 -1 18 9 8 -1 10 14 3 8 7 -1 12 8 14 4 3 5 14 -6 22 3 22 6 16 2 0 5 9 8 0 9 18 16 15 -3 23 4 21 4 21 13 11 2 20 21 18 -2 23 6 5 7 10 2 -11 0 0 0 0 0 0 0 0 ]
CSI_DATA,AP,68:FE:71:12:53:8C,-40,11,1,5,1,1,1,0,0,0,0,-95,0,6,1,26613446,0,84,0,0,26.613,384,[84 -64 4 0 0 0 0 0 0 0 0 0 -12 -27 -15 -12 -12 -28 -13 -5 -4 -13 -24 -16 -2 -28 -10 -25 0 -11 -9 -18 2 -8 1 -19 -2 -12 2 -11 -2 -15 3 -15 -17 -24 -14 -22 2 -20 -9 -12 -2 -11 3 -26 -1 -16 -12 -27 3 -11 -20 -10 10 -5 -4 -22 -9 -7 -8 -12 -14 -9 -12 -19 -8 -11 0 -8 -17 -7 -14 -4 -16 -17 -10 -21 -2 -16 -10 1 -20 -16 -21 -11 -1 -23 -14 0 -24 -22 -22 -21 -6 -12 -11 -15 -18 -17 -26 -11 -4 -19 -22 -4 -18 -19 1 3 0 0 0 0 0 0 0 0 ]
CSI_DATA,AP,68:FE:71:12:53:8C,-41,11,1,4,1,1,1,0,0,0,0,-95,0,6,1,26717930,0,84,0,0,26.718,384,[84 -64 4 0 0 0 0 0 0 0 0 0 4 10 9 30 -9 13 -5 26 -12 28 -10 7 -3 24 6 20 -13 18 -7 5 4 28 -8 19 -13 26 -20 10 -12 26 -17 10 -12 27 4 22 4 24 -9 25 0 8 3 15 -19 21 -15 20 -4 8 -12 16 11 12 -1 11 -9 26 3 25 -7 8 5 18 -1 15 -13 25 4 23 7 27 3 14 -6 9 3 21 3 12 0 16 9 26 9 22 5 5 2 12 8 19 2 16 -5 18 4 25 2 6 0 11 1 8 -8 23 10 2 0 0 0 0 0 0 0 0 ]
CSI_DATA,AP,68:FE:71:12:53:8C,-42,11,1,4,1,1,1,1,0,0,0,-95,5,6,1,26821420,0,84,0,0,26.821,384,[84 -64 4 0 0 0 0 0 0 0 0 0 -11 12 -29 9 -11 4 -12 14 -23 16 -8 1 -12 14 -30 -2 -18 10 -6 -1 -12 2 -12 4 -20 5 -26 12 -20 3 -14 -8 -10 9 -25 -1 -13 8 -27 2 -6 -7 -5 -8 -28 -8 -7 1 -15 14 -22 -2 8 -2 -25 0 -5 4 -7 -8 -8 -2 -12 5 -6 -1 -25 8 -15 -6 -22 7 -21 1 -3 -6 -18 -4 -2 10 -26 -6 -2 -6 -21 -2 -5 1 -3 16 -19 -1 -23 9 -22 3 -14 1 -22 4 -26 7 -22 7 -21 16 5 -11 0 0 0 0 0 0 0 0 ]
CSI_DATA,AP,68:FE:71:12:53:8C,-39,11,1,4,1,1,1,1,0,0,0,-94,5,6,1,26926005,0,84,0,0,26.926,384,[84 -64 4 0 0 0 0 0 0 0 0 0 1 -9 13 -12 -1 -31 -1 -31 5 -7 15 -19 9 -6 16 -20 -1 -11 20 -12 13 -24 -2 -20 16 -11 18 -29 16 -23 9 -28 15 -26 16 -26 9 -25 -2 -8 10 -18 4 -15 -1 -26 -3 -18 -2 -14 0 -14 -11 6 17 -15 0 -21 18 -11 9 -16 -5 -26 -4 -5 -2 -26 6 -13 -6 -7 4 -15 5 -20 -2 -13 9 -20 -5 -11 -4 -9 0 -15 -3 -8 14 -22 -1 -7 -7 -26 -8 -28 14 -6 3 -5 8 -29 3 -15 6 -6 12 -3 0 0 0 0 0 0 0 0 ]
CSI_DATA,AP,68:FE:71:12:53:8C,-37,11,1,6,1,1,1,0,0,0,0,-94,0,6,1,27010195,0,84,0,0,27.01,384,[84 -64 4 0 0 0 0 0 0 0 0 0 28 0 22 -4 23 -6 29 2 11 2 11 3 19 1 28 4 25 -17 27 -2 7 -8 14 -16 7 3 21 -3 22 -5 22 9 19 1 11 0 15 -5 8 -10 27 6 7 4 21 4 22 -12 12 -13 7 -16 9 -9 4 -16 18 6 28 -10 21 -9 26 7 7 -7 24 5 17 -2 17 -17 18 4 5 -16 5 -7 22 5 11 -1 18 -7 8 -2 26 -4 14 -18 6 -19 10 -1 14 -9 17 -7 14 -1 6 -9 1 1 3 -21 10 11 0 0 0 0 0 0 0 0 ]
CSI_DATA,AP,68:FE:71:12:53:8C,-38,11,1,7,1,1,1,1,0,0,0,-96,6,6,1,27106503,0,84,0,0,27.107,384,[84 -64 4 0 0 0 0 0 0 0 0 0 9 -30 9 -24 5 -8 6 -8 12 -28 3 -14 15 -18 -5 -14 12 -14 -6 -25 13 -25 0 -30 -6 -7 1 -17 7 -20 1 -12 17 -11 -6 -10 10 -22 -1 -8 14 -9 0 -20 -2 -18 5 -26 -6 -19 5 -18 5 8 -4 -26 1 -17 -4 -9 1 -19 -2 -15 -1 -7 -8 -21 6 -18 2 -15 8 -26 12 -16 -3 -15 3 -22 -3 -20 2 -24 8 -10 8 -26 4 -19 10 -17 -12 -20 10 -23 3 -26 1 -3 -14 -23 10 -9 3 -5 -5 -6 0 0 0 0 0 0 0 0 ]
CSI_DATA,AP,68:FE:71:12:53:8C,-42,11,1,4,1,1,1,1,0,0,0,-93,1,6,1,27184953,0,84,0,0,27.185,384,[84 -64 4 0 0 0 0 0 0 0 0 0 8 -13 5 -27 -6 -12 -4 -13 -1 -8 6 -18 8 -29 18 -20 4 -15 17 -10 19 -22 5 -21 13 -17 -3 -16 14 -6 21 -23 10 -19 8 -9 12 -20 8 -5 3 -13 2 -27 11 -17 17 -10 0 -9 -2 -18 12 4 16 -19 15 -22 17 -12 11 -8 -6 -10 10 -25 6 -6 12 -6 -2 -18 3 -6 -8 -10 -4 -14 -3 -20 8 -22 -2 -13 -3 -14 3 -11 -7 -6 -4 -9 11 -22 3 -14 8 -18 14 -26 1 -20 -3 -27 4 -13 -5 -2 0 0 0 0 0 0 0 0 ]
CSI_DATA,AP,68:FE:71:12:53:8C,-41,11,1,5,1,1,1,0,0,0,0,-93,0,6,1,27289351,0,84,0,0,27.289,384,[84 -64 4 0 0 0 0 0 0 0 0 0 -8 25 -3 13 -13 11 -3 10 -11 6 -11 24 -27 8 -20 11 -13 16 -13 22 -8 24 -20 10 -17 5 -14 10 -28 4 -15 23 -11 5 -19 18 -24 13 -19 0 -27 19 -3 17 -5 6 -21 9 -27 2 -5 20 -6 -12 -19 17 -5 14 -15 23 -24 9 -5 4 -22 13 -1 15 -5 0 -8 8 -11 0 -9 22 -1 8 -22 15 -21 14 -1 18 -5 15 -10 14 -13 22 -14 16 -6 4 -9 2 -11 7 -17 20 3 11 1 23 -19 18 -2 -12 0 0 0 0 0 0 0 0 ]
CSI_DATA,AP,68:FE:71:12:53:8C,-38,11,1,7,1,1,1,0,0,0,1,-93,0,6,1,27378034,0,84,0,0,27.378,384,[84 -64 4 0 0 0 0 0 0 0 0 0 5 4 3 6 18 12 27 15 17 24 13 13 25 26 22 3 3 9 2 4 21 26 16 4 8 6 14 10 2 20 2 19 8 7 -1 20 11 4 1 23 9 23 5 24 6 5 0 14 20 24 14 3 -11 1 5 9 5 10 7 18 16 14 12 17 4 0 -2 8 7 1 19 4 7 22 20 20 6 13 23 23 8 8 6 21 16 19 9 19 22 21 5 7 14 1 3 7 9 2 22 11 21 17 15 12 20 8 0 -11 0 0 0 0 0 0 0 0 ]
CSI_DATA,AP,68:FE:71:12:53:8C,-38,11,1,5,1,1,1,0,0,0,0,-95,0,6,1,27458807,0,84,0,0,27.459,384,[84 -64 4 0 0 0 0 0 0 0 0 0 -25 25 -11 16 -10 3 -29 21 -23 13 -18 1 -9 0 -18 19 -20 21 -13 2 -11 7 -21 6 -30 7 -27 12 -13 22 -18 5 -8 14 -26 6 -24 19 -6 8 -7 3 -6 9 -10 8 -29 0 -13 9 -26 17 4 -12 -6 9 -18 10 -16 2 -15 15 -3 5 -15 9 -6 19 -5 -1 -10 5 -25 3 -8 8 -15 6 -19 0 -10 21 -23 5 -17 13 -1 19 -10 18 -2 5 -5 21 -24 10 -4 2 -5 9 -5 16 -12 1 -4 7 -11 1 0 0 0 0 0 0 0 0 ]
CSI_DATA,AP,68:FE:71:12:53:8C,-39,11,1,6,1,1,1,1,0,0,0,-94,6,6,1,27544336,0,84,0,0,27.544,384,[84 -64 4 0 0 0 0 0 0 0 0 0 -22 2 -19 -14 -29 -9 -20 -20 -24 -6 -13 -20 -6 -13 -16 -11 -10 -3 -10 -26 -14 -23 -23 -22 -27 -14 -5 -9 -18 -18 -27 -21 -24 -17 -20 -15 -21 -15 -19 -11 -15 -3 -8 -14 -15 -23 -24 -15 -3 -19 -8 -2 7 10 -18 0 -19 -24 -21 -12 -15 -3 -2 -13 -3 -16 -26 -5 -7 -4 -22 -16 -16 -3 -8 -18 -7 -21 -15 0 -13 -14 -13 -6 -27 -15 -19 -21 -25 1 -29 -19 -23 -16 -15 0 -16 -15 -13 -14 -14 -18 -20 -1 -19 -16 -1 12 0 0 0 0 0 0 0 0 ]
CSI_DATA,AP,68:FE:71:12:53:8C,-42,11,1,4,1,1,1,0,0,0,0,-94,0,6,1,27631279,0,84,0,0,27.631,384,[84 -64 4 0 0 0 0 0 0 0 0 0 14 22 14 30 13 12 9 25 -4 32 1 32 2 8 1 10 -4 16 13 10 8 27 14 11 5 21 -3 22 0 30 14 19 13 27 12 26 -7 28 7 26 5 23 -5 14 2 14 5 29 1 18 6 21 -6 -4 -2 7 -3 22 -8 9 10 6 -2 26 1 17 8 8 1 18 8 17 -2 21 14 5 5 12 9 19 15 14 -1 11 0 4 8 16 20 25 13 13 0 11 4 27 18 12 16 12 5 6 3 5 9 8 -6 12 0 0 0 0 0 0 0 0 ]
CSI_DATA,AP,68:FE:71:12:53:8C,-43,11,1,4,1,1,1,0,0,0,0,-94,0,6,1,27697465,0,84,0,0,27.697,384,[84 -64 4 0 0 0 0 0 0 0 0 0 3 9 -16 18 -18 14 -9 17 -1 28 -12 28 -2 23 -17 30 2 16 -19 13 -13 14 -21 6 -14 16 0 16 -5 19 -13 16 -15 26 1 8 -16 4 -19 3 -6 21 -4 6 -13 5 -4 8 -12 18 2 26 -7 11 -5 26 -3 17 -12 22 -3 6 -11 22 -10 21 -7 24 -8 20 -9 20 -12 5 2 26 -1 3 -3 4 -9 16 4 8 -5 9 0 20 -11 9 -15 8 4 26 -12 26 -13 17 1 7 -8 15 4 18 9 27 -6 3 0 0 0 0 0 0 0 0 ]
CSI_DATA,AP,68:FE:71:12:53:8C,-40,11,1,4,1,1,1,0,0,0,0,-95,0,6,1,27765311,0,84,0,0,27.765,384,[84 -64 4 0 0 0 0 0 0 0 0 0 -19 -17 -17 -14 -27 -18 -20 -18 -24 -18 -14 -15 -32 -2 -24 -22 -21 -17 -28 2 -15 -18 -25 -3 -11 -5 -28 -3 -24 -10 -14 -5 -17 -5 -16 -15 -21 -15 -18 -5 -25 -2 -15 -13 -23 -11 -19 -14 -11 -19 -22 -1 -6 1 -23 -7 -28 -13 -9 1 -14 0 -4 -7 -26 -14 -24 -9 -15 -17 -25 5 -4 7 -22 4 -18 -2 -11 -5 -26 -12 -27 -5 -6 -15 -14 7 -6 2 -25 7 -19 -3 -10 9 -6 -13 -18 -3 -25 -4 -11 10 -16 -11 11 1 0 0 0 0 0 0 0 0 ]
CSI_DATA,AP,68:FE:71:12:53:8C,-42,11,1,6,1,1,1,1,0,0,0,-96,2,6,1,27832546,0,84,0,0,27.833,384,[84 -64 4 0 0 0 0 0 0 0 0 0 9 -4 15 -6 19 -16 6 -15 16 -14 8 -23 9 0 10 -21 14 -11 19 -20 30 -4 15 -23 27 -9 21 -16 6 -12 12 -12 17 -16 13 -3 9 -15 21 -1 20 -3 10 -16 24 -5 16 3 12 -1 11 4 0 4 13 -9 26 -12 26 -2 7 -15 20 -1 15 -16 3 -16 22 -1 17 -9 20 -18 18 -22 16 -5 4 -7 9 -8 22 0 15 -18 1 -7 3 -7 20 -23 2 -17 14 -12 22 -7 9 -23 2 -26 2 -18 0 -9 9 1 0 0 0 0 0 0 0 0 ]
CSI_DATA,AP,68:FE:71:12:53:8C,-42,11,1,5,1,1,1,0,0,0,0,-95,0,6,1,27943887,0,84,0,0,27.944,384,[84 -64 4 0 0 0 0 0 0 0 0 0 20 16 10 1 18 18 12 21 21 12 24 5 29 5 17 16 13 15 16 22 5 21 22 22 16 25 10 24 10 14 5 10 18 9 16 24 2 14 7 16 15 11 23 3 13 15 16 5 12 19 9 22 -4 -12 25 17 11 6 6 18 26 0 13 16 9 15 8 17 22 3 3 6 26 -4 5 -1 19 2 19 0 23 20 12 8 28 0 9 16 18 -1 8 11 3 15 6 14 12 2 9 0 5 17 14 0 12 1 -3 0 0 0 0 0 0 0 0 0 ]
CSI_DATA,AP,68:FE:71:12:53:8C,-40,11,1,5,1,1,1,0,0,0,0,-94,0,6,1,28021967,0,84,0,0,28.022,384,[84 -64 4 0 0 0 0 0 0 0 0 0 14 -7 5 -11 9 -28 0 -29 3 -5 13 -27 8 -20 10 -19 9 -10 20 -22 2 -7 17 -14 21 -12 22 -26 12 -26 3 -25 3 -26 11 -23 1 -20 12 -20 4 -4 1 -9 20 -4 5 -19 24 -11 9 -9 -5 -8 7 -21 9 -1 21 -7 4 -11 13 -8 18 -4 1 -14 19 -18 15 -20 4 -18 -2 -7 13 -6 6 -4 3 -3 10 -16 -3 -4 6 -26 11 -17 -2 -13 12 -10 18 -15 -2 -11 -3 -5 -5 -7 14 -18 16 -28 -9 -10 0 0 0 0 0 0 0 0 ]
CSI_DATA,AP,68:FE:71:12:53:8C,-40,11,1,6,1,1,1,0,0,0,0,-95,0,6,1,28104434,0,84,0,0,28.104,384,[84 -64 4 0 0 0 0 0 0 0 0 0 13 7 -2 14 -2 8 11 25 9 22 8 30 14 8 -6 7 11 11 -3 22 5 30 1 21 6 29 -9 18 -5 24 9 12 2 12 -1 8 4 6 5 12 11 10 3 18 -6 21 1 24 11 10 -2 28 1 -3 8 4 10 13 8 25 12 10 -6 9 6 16 1 20 -3 23 9 9 -6 7 2 20 -1 9 3 2 0 19 12 13 13 5 19 13 2 2 15 5 12 -1 20 8 6 10 3 24 6 20 6 21 18 15 -8 -2 0 0 0 0 0 0 0 0 ]
CSI_DATA,AP,68:FE:71:12:53:8C,-43,11,1,5,1,1,1,0,0,0,0,-94,0,6,1,28182544,0,84,0,0,28.183,384,[84 -64 4 0 0 0 0 0 0 0 0 0 17 26 3 25 10 14 11 22 -2 10 12 9 6 26 -3 16 -7 23 -7 17 0 16 -6 12 13 11 12 20 -6 20 12 10 6 23 0 11 -9 5 -10 17 7 9 -10 12 1 12 -1 8 5 15 10 19 9 9 -2 18 3 20 -7 27 -6 13 3 14 5 21 -1 17 14 12 -3 23 7 6 9 14 -3 25 12 14 9 22 9 18 14 22 11 4 17 21 8 8 5 7 12 14 1 15 21 18 14 6 20 16 -3 18 6 2 0 0 0 0 0 0 0 0 ]
CSI_DATA,AP,68:FE:71:12:53:8C,-40,11,1,5,1,1,1,0,0,0,0,-95,0,6,1,28250998,0,84,0,0,28.251,384,[84 -64 4 0 0 0 0 0 0 0 0 0 -2 -9 11 -20 13 -9 1 -32 0 -20 19 -9 2 -7 1 -26 10 -23 11 -25 22 -17 1 -8 20 -26 5 -26 15 -22 24 -12 19 -9 4 -19 23 -25 19 -19 2 -6 7 -21 20 -10 10 -20 9 -6 10 -13 -8 11 6 -18 20 -6 3 -26 -4 -14 8 -8 21 -16 0 -26 0 -9 11 -8 17 -7 6 -8 11 -27 2 -20 11 -13 12 -10 10 -28 14 -18 -1 -6 15 -27 8 -19 10 -28 0 -28 14 -13 2 -9 0 -15 -7 -10 2 -6 0 0 0 0 0 0 0 0 ]
CSI_DATA,AP,68:FE:71:12:53:8C,-43,11,1,5,1,1,1,0,0,0,0,-95,0,6,1,28337695,0,84,0,0,28.338,384,[84 -64 4 0 0 0 0 0 0 0 0 0 19 18 12 18 12 -1 30 17 29 4 9 2 24 9 27 18 22 8 18 13 13 23 9 1 18 14 22 12 19 16 22 15 6 10 22 12 11 2 13 3 8 1 21 24 20 23 7 10 25 11 15 2 11 5 20 1 7 7 14 20 19 7 10 13 3 13 26 11 13 15 12 17 13 13 25 9 18 -5 14 0 9 19 26 6 18 4 16 4 8 4 14 2 13 -6 8 16 11 14 5 -3 26 5 7 8 9 0 9 2 0 0 0 0 0 0 0 0 ]
CSI_DATA,AP,68:FE:71:12:53:8C,-40,11,1,6,1,1,1,0,0,0,0,-95,0,6,1,28427840,0,84,0,0,28.428,384,[84 -64 4 0 0 0 0 0 0 0 0 0 -29 -3 -11 0 -19 10 -19 -2 -18 1 -23 -12 -30 -13 -25 -6 -28 -15 -27 -6 -11 -18 -19 -9 -21 -14 -12 -15 -9 -5 -20 -15 -13 -13 -21 -13 -23 -8 -25 -6 -9 -8 -14 -3 -19 0 -18 -5 -30 -8 -14 -6 6 -9 -27 2 -30 -14 -20 -14 -29 -7 -25 -3 -29 -14 -22 -3 -12 1 -16 -6 -12 -13 -28 -12 -11 9 -25 -10 -25 -11 -25 7 -16 -13 -14 -6 -9 10 -20 1 -25 0 -28 -13 -7 0 -16 4 -18 -6 -8 4 -17 12 -4 2 0 0 0 0 0 0 0 0 ]
CSI_DATA,AP,68:FE:71:12:53:8C,-38,11,1,7,1,1,1,0,0,0,0,-96,0,6,1,28525504,0,84,0,0,28.526,384,[84 -64 4 0 0 0 0 0 0 0 0 0 5 8 -12 26 6 16 -14 17 -11 16 -9 27 -16 29 -2 19 3 24 -5 24 -14 21 -3 14 -2 28 0 18 0 11 -18 10 4 29 3 10 -4 21 0 4 -19 12 1 13 -10 3 -16 5 -5 9 -4 10 -6 -2 -10 22 -16 11 7 22 -15 6 -10 20 -14 4 -4 17 -2 14 -12 17 -11 17 -9 6 4 15 -13 22 -7 11 -11 9 1 15 -11 11 -11 14 0 7 13 5 -1 8 -3 22 2 14 -7 10 7 14 -10 20 2 -4 0 0 0 0 0 0 0 0 ]
CSI_DATA,AP,68:FE:71:12:53:8C,-42,11,1,5,1,1,1,0,0,0,1,-95,0,6,1,28591410,0,84,0,0,28.591,384,[84 -64 4 0 0 0 0 0 0 0 0 0 -21 4 -24 11 -15 16 -18 -2 -31 2 -27 7 -11 2 -21 -12 -27 12 -22 -10 -22 -10 -27 -4 -32 1 -15 -2 -17 4 -10 -9 -19 -3 -30 1 -27 -1 -8 -10 -25 -8 -24 -1 -8 -5 -11 -3 -16 6 -17 -8 -1 -4 -20 11 -9 1 -19 5 -9 -11 -14 9 -16 -8 -22 -9 -23 -4 -7 11 -23 14 -29 6 -21 7 -19 12 -19 9 -8 8 -27 6 -15 -3 -14 8 -6 -1 -25 9 -26 2 -25 15 -25 -6 -13 16 -21 10 -6 -2 2 1 0 0 0 0 0 0 0 0 ]
CSI_DATA,AP,68:FE:71:12:53:8C,-42,11,1,4,1,1,1,0,0,0,0,-94,0,6,1,28672680,0,84,0,0,28.673,384,[84 -64 4 0 0 0 0 0 0 0 0 0 13 -19 3 -21 22 -16 12 -17 4 -3 19 -15 12 -5 9 -3 7 -15 18 -24 6 -7 13 -9 9 -1 21 -2 7 -16 14 -13 9 -16 15 -13 23 -19 3 -13 26 -8 23 -13 11 -20 15 2 21 -2 25 -19 7 2 15 -1 7 -1 2 -12 18 -19 21 -9 20 -5 25 -9 11 -5 4 -2 10 -10 3 -18 -1 -15 9 -14 8 -20 -1 -22 13 -20 20 -11 7 -23 11 -20 17 -20 5 -20 12 -11 14 -23 10 -20 11 -26 0 -27 -3 -6 0 0 0 0 0 0 0 0 ]
CSI_DATA,AP,68:FE:71:12:53:8C,-39,11,1,6,1,1,1,0,0,0,0,-93,0,6,1,28729744,0,84,0,0,28.73,384,[84 -64 4 0 0 0 0 0 0 0 0 0 27 7 18 15 33 9 32 12 27 3 23 -2 22 -1 19 13 14 -3 21 12 22 -3 25 8 15 12 18 15 27 5 20 10 23 1 13 4 20 5 7 -1 17 18 24 18 3 3 6 15 27 8 15 7 -3 6 23 6 11 -3 13 9 11 7 14 8 20 2 9 -3 16 -5 12 3 6 8 13 0 12 -2 16 -6 21 -7 19 10 28 -2 16 -5 15 9 7 -9 11 12 5 9 10 -7 19 -7 7 4 24 6 25 8 11 -3 0 0 0 0 0 0 0 0 ]
CSI_DATA,AP,68:FE:71:12:53:8C,-39,11,1,6,1,1,1,0,0,0,0,-93,0,6,1,28815382,0,84,0,0,28.815,384,[84 -64 4 0 0 0 0 0 0 0 0 0 8 31 -4 10 8 16 8 30 -4 19 7 12 7 19 -11 23 -3 25 -3 18 -10 10 -1 18 -18 29 -12 11 -12 7 -19 25 -15 25 -8 10 -10 14 -17 12 -13 15 2 28 1 25 -9 24 3 16 6 19 10 7 -4 9 -15 22 -13 5 -1 13 -7 22 -15 14 -12 7 2 9 -9 26 4 25 -2 7 1 12 8 6 -7 23 0 18 -6 28 4 14 -2 12 1 7 -6 19 6 8 -9 19 -6 11 0 4 3 9 12 12 3 -4 0 0 0 0 0 0 0 0 ]
CSI_DATA,AP,68:FE:71:12:53:8C,-41,11,1,6,1,1,1,0,0,0,0,-93,0,6,1,28918417,0,84,0,0,28.918,384,[84 -64 4 0 0 0 0 0 0 0 0 0 -23 19 -21 25 -23 4 -29 3 -29 3 -7 23 -28 13 -13 15 -10 0 -8 3 -14 4 -26 22 -11 2 -20 -2 -25 18 -18 1 -17 3 -21 3 -12 5 -7 6 -13 10 -12 11 -11 11 -14 17 -29 -3 -29 11 -10 -10 -26 5 -18 14 -6 7 -20 8 -13 7 -24 20 -16 10 -13 6 -14 20 -18 21 -14 17 -23 22 -23 2 -12 15 -9 17 -9 9 -1 24 -16 11 -12 21 -11 9 -12 1 -5 24 0 23 -12 6 -14 20 -3 7 -7 -8 0 0 0 0 0 0 0 0 ]
CSI_DATA,AP,68:FE:71:12:53:8C,-38,11,1,7,1,1,1,0,0,0,0,-94,0,6,1,29001669,0,84,0,0,29.002,384,[84 -64 4 0 0 0 0 0 0 0 0 0 -21 -27 -12 -9 -6 -30 -15 -24 0 -30 -7 -23 -1 -22 3 -7 -7 -6 -1 -19 -6 -19 2 -16 -20 -13 -16 -13 -5 -22 -14 -25 -4 -21 0 -11 -3 -25 1 -27 -12 -18 -10 -23 3 -24 -5 -10 -15 -16 -7 -11 5 -6 -8 -26 -13 -15 3 -6 -1 -15 0 -8 -4 -22 -17 -13 -10 -16 -10 -14 -12 -20 -4 -9 -10 -2 -14 -20 -21 -11 -7 -12 -11 -25 -4 -16 -5 -1 -2 -13 -7 -16 -12 -7 -5 -2 -23 -24 -17 -22 -13 -18 -5 -20 -7 -4 0 0 0 0 0 0 0 0 ]
CSI_DATA,AP,68:FE:71:12:53:8C,-44,11,1,4,1,1,1,0,0,0,0,-93,0,6,1,29084619,0,84,0,0,29.085,384,[84 -64 4 0 0 0 0 0 0 0 0 0 14 9 8 9 27 8 11 -7 19 -3 28 9 26 -2 13 -4 27 0 28 -3 24 17 18 10 23 12 25 1 21 0 8 -5 29 17 3 -2 6 -4 9 10 15 5 27 6 7 3 24 17 22 1 14 9 3 -7 17 16 26 16 27 4 15 -8 23 14 27 4 13 12 26 0 20 -10 16 1 21 11 4 10 4 2 9 10 6 -10 19 1 18 10 8 3 6 2 14 8 22 -2 15 -11 21 10 16 -1 27 -6 21 -10 4 -2 0 0 0 0 0 0 0 0 ]
CSI_DATA,AP,68:FE:71:12:53:8C,-42,11,1,4,1,1,1,0,0,0,1,-94,0,6,1,29153462,0,84,0,0,29.153,384,[84 -64 4 0 0 0 0 0 0 0 0 0 -23 -1 -24 -2 -19 -22 -25 -12 -11 -1 -8 -6 -15 -23 -9 -23 -23 -3 -24 -8 -25 -16 -13 -20 -15 -6 -16 -14 -8 -21 -12 -11 -20 -23 -2 -7 -23 -2 -25 -18 -6 -13 -20 -12 -24 -7 -7 -13 -6 -14 -4 -24 1 -10 -18 -4 -26 -8 -12 -21 -25 -17 -24 -2 -7 -1 -14 -1 -2 -3 -5 -18 -19 -13 -27 -5 -21 -21 -5 -7 -9 -18 -16 -12 -19 3 -14 -17 -11 -13 -4 -16 -13 -4 -29 0 -10 -13 -17 -4 -20 -8 -21 -8 -12 -18 10 -9 0 0 0 0 0 0 0 0 ]
CSI_DATA,AP,68:FE:71:12:53:8C,-41,11,1,6,1,1,1,1,0,0,0,-95,2,6,1,29245794,0,84,0,0,29.246,384,[84 -64 4 0 0 0 0 0 0 0 0 0 8 -15 13 -13 22 -16 7 -20 17 -4 11 0 19 -17 12 -3 19 0 6 -1 21 -7 8 -16 20 5 27 -7 14 1 19 -6 6 5 25 -4 27 -11 18 -3 24 -19 29 -20 13 -12 24 -1 21 -3 28 -3 1 -3 13 -10 4 -21 22 -13 8 -6 20 0 15 1 19 -20 5 -2 6 -18 15 -21 16 -9 10 1 17 -7 0 0 9 -22 4 -6 2 -17 8 -2 5 -16 5 -21 9 -9 -1 0 17 -23 0 -10 17 -6 22 -15 -3 8 0 0 0 0 0 0 0 0 ]
CSI_DATA,AP,68:FE:71:12:53:8C,-45,11,1,4,1,1,1,0,0,0,0,-96,0,6,1,29317145,0,84,0,0,29.317,384,[84 -64 4 0 0 0 0 0 0 0 0 0 24 13 17 15 20 23 7 17 0 22 1 8 0 26 20 6 1 11 18 14 13 23 0 17 19 5 6 20 0 15 12 25 4 21 -3 25 16 9 13 13 7 12 11 8 9 11 6 15 4 6 -4 22 -8 9 4 1 19 6 5 16 15 6 3 6 4 12 19 3 20 -1 1 22 -1 14 21 2 10 6 16 16 16 1 6 8 8 1 16 4 1 3 13 2 2 -4 23 12 14 20 0 11 17 12 8 1 1 6 8 -7 0 0 0 0 0 0 0 0 ]
CSI_DATA,AP,68:FE:71:12:53:8C,-38,11,1,6,1,1,1,0,0,0,0,-94,0,6,1,29429402,0,84,0,0,29.429,384,[84 -64 4 0 0 0 0 0 0 0 0 0 14 6 7 12 23 8 24 2 8 23 14 12 14 3 10 11 2 22 8 11 10 27 6 3 22 20 18 17 3 23 16 10 -1 17 16 21 -2 6 12 18 3 19 9 13 4 8 19 26 10 17 -2 2 11 -6 1 19 5 24 12 25 5 8 8 23 2 22 -2 16 15 19 18 1 -3 6 20 -2 15 3 -1 21 16 2 16 5 5 1 12 19 5 15 13 5 5 8 7 16 21 9 1 0 20 10 3 16 5 8 -1 -4 0 0 0 0 0 0 0 0 ]
CSI_DATA,AP,68:FE:71:12:53:8C,-41,11,1,5,1,1,1,0,0,0,0,-96,0,6,1,29487909,0,84,0,0,29.488,384,[84 -64 4 0 0 0 0 0 0 0 0 0 -4 23 18 14 9 9 15 12 9 20 7 14 11 23 3 8 11 10 1 13 -10 11 -5 25 8 26 13 27 9 21 -1 6 -10 14 0 13 -12 10 9 10 -7 4 -4 22 4 20 10 17 -13 15 3 1 -7 -4 11 2 7 25 9 14 0 11 7 14 4 17 -1 20 -7 21 2 16 11 3 -3 15 -8 9 15 20 5 12 11 19 3 5 9 5 15 6 16 10 -2 22 12 9 4 15 0 6 -3 19 14 6 -3 15 11 -2 0 0 0 0 0 0 0 0 ]
CSI_DATA,AP,68:FE:71:12:53:8C,-41,11,1,6,1,1,1,1,0,0,0,-94,1,6,1,29563286,0,84,0,0,29.563,384,[84 -64 4 0 0 0 0 0 0 0 0 0 -25 -12 -19 -17 -23 -18 -8 -11 -15 -22 -26 -18 -13 -18 -5 -19 -11 -1 -19 -22 -4 -14 -18 -23 -19 -24 -19 -21 -3 -18 -25 -20 -23 -18 -16 -15 -1 -18 -8 -18 -15 -19 -5 -22 -11 -13 -10 -8 -5 0 -8 -1 -9 -11 -8 -16 -11 -12 -19 -3 -7 -5 -15 -12 -12 -3 -19 0 -2 -16 -18 3 -21 1 -4 4 -2 -4 -20 1 -1 3 -19 -16 -10 -3 -15 -12 -22 -5 -8 2 -12 -13 -17 -3 -20 -14 -19 -13 -14 -1 -21 -11 -25 5 9 -10 0 0 0 0 0 0 0 0 ]
CSI_DATA,AP,68:FE:71:12:53:8C,-44,11,1,4,1,1,1,1,0,0,0,-96,3,6,1,29639659,0,84,0,0,29.64,384,[84 -64 4 0 0 0 0 0 0 0 0 0 -20 -7 -20 -15 -13 -7 -29 -12 -13 -22 -10 -9 -14 -5 -25 0 -3 -17 -15 -13 -26 -16 -24 -14 -26 -16 -25 -21 -9 -15 -26 -18 -12 -13 -19 -4 -2 -11 -11 -4 -14 -7 -13 -1 -4 2 -13 -2 -18 -21 -18 1 -2 6 -14 -2 -14 -20 -23 -2 -15 -7 -21 -7 -8 2 -13 -1 -8 -11 -10 -4 -12 -8 -25 1 -14 -15 -18 -11 -21 -18 -24 -9 -26 3 -20 2 -15 -11 -21 -16 -13 -7 -14 1 -11 -8 -1 -11 -26 -5 -10 -1 -27 -6 -11 3 0 0 0 0 0 0 0 0 ]
CSI_DATA,AP,68:FE:71:12:53:8C,-39,11,1,4,1,1,1,0,0,0,0,-95,0,6,1,29715533,0,84,0,0,29.716,384,[84 -64 4 0 0 0 0 0 0 0 0 0 -12 -4 -5 6 -19 -4 -8 -11 -14 8 -14 -5 -18 -1 -4 -8 -16 1 -14 -13 -11 -14 -6 -12 -21 -2 -14 8 -24 -6 -6 -12 -2 -15 -7 -1 -6 7 -5 3 -14 2 -11 1 -11 8 -13 -4 -21 -7 -12 3 -3 10 -22 -13 -19 5 -11 -1 -7 -13 -5 0 -9 3 -3 -2 -14 -5 -14 -3 -8 -5 0 3 -15 3 -7 11 -20 -8 -5 5 -6 -12 -15 9 -8 -5 -19 4 -3 -3 -3 13 -17 -3 -7 -2 -14 13 -23 4 -5 -1 -1 -8 0 0 0 0 0 0 0 0 ]
CSI_DATA,AP,68:FE:71:12:53:8C,-43,11,1,6,1,1,1,0,0,0,0,-96,0,6,1,29805751,0,84,0,0,29.806,384,[84 -64 4 0 0 0 0 0 0 0 0 0 5 14 20 16 8 13 16 5 13 18 25 -5 6 -3 26 -4 17 7 7 18 15 10 11 8 10 7 2 17 2 1 13 18 24 20 8 21 15 7 7 -3 0 9 16 4 11 2 21 4 25 -1 21 1 -2 1 13 19 23 3 16 7 4 -5 13 0 5 -3 13 14 16 4 14 -1 21 13 2 14 25 18 6 16 15 15 10 4 4 15 19 16 20 -7 27 -3 26 13 18 -4 10 0 20 -2 4 1 13 4 8 4 2 6 0 0 0 0 0 0 0 0 ]
CSI_DATA,AP,68:FE:71:12:53:8C,-43,11,0,0,0,0,0,0,0,0,0,-95,0,6,1,29885722,0,37,0,0,29.886,128,[84 -64 4 0 0 0 0 0 0 0 0 0 -21 20 -10 10 -20 8 -6 20 -17 6 -11 -3 -18 3 -7 -3 -21 7 -13 -5 -25 11 -13 9 -10 6 -15 -4 -22 7 -19 4 -13 8 -21 3 -27 9 -24 13 -14 -4 -26 3 -23 -5 -24 12 -23 12 -17 5 5 -12 -20 9 -23 12 -7 3 -24 2 -4 0 -2 8 -9 3 -9 17 -19 18 -1 6 -13 20 -16 11 -11 14 -2 2 -25 16 -23 0 -25 21 -11 20 -21 0 -1 8 -7 2 -5 15 -23 20 -23 5 0 4 -8 1 -8 11 0 0 0 0 0 0 0 0 ]
CSI_DATA,AP,68:FE:71:12:53:8C,-40,11,1,4,1,1,1,0,0,0,0,-96,0,6,1,29954590,0,84,0,0,29.955,384,[84 -64 4 0 0 0 0 0 0 0 0 0 -9 -6 -3 -25 -19 -18 -21 -10 -12 -20 -12 -23 -15 -29 -10 -10 1 -8 -6 -16 -19 -17 -17 -20 -17 -25 -17 -14 -16 -11 -12 -17 -2 -29 3 -10 -10 -27 4 -22 -8 -11 1 -27 0 -19 -16 -20 -18 -26 -11 -12 -8 5 4 -19 -16 -22 -13 -8 -17 -23 -13 -9 -20 -8 -3 -9 -10 -4 -11 -24 -2 -2 1 -23 0 -23 -15 -8 -10 -13 -13 -1 -20 -21 -4 -24 -18 -23 -12 -19 -4 -7 -14 -5 -9 -23 -17 -2 -16 -22 -24 -24 -24 -16 2 12 0 0 0 0 0 0 0 0 ]
CSI_DATA,AP,68:FE:71:12:53:8C,-42,11,1,5,1,1,1,0,0,0,0,-94,0,6,1,30027505,0,84,0,0,30.028,384,[84 -64 4 0 0 0 0 0 0 0 0 0 32 -6 7 11 21 6 29 -2 24 6 6 5 25 18 26 0 4 8 11 14 4 19 2 7 9 -2 11 15 6 7 7 11 9 7 20 -5 22 2 11 2 12 15 20 5 16 -6 12 0 19 7 13 1 -8 8 15 15 4 10 14 10 11 14 22 -6 3 11 15 -7 14 6 7 11 14 -11 20 10 10 -7 11 -6 13 4 8 0 4 -1 3 -4 4 -3 6 7 0 7 24 2 23 -14 12 -12 1 -8 19 -6 21 -5 3 12 0 0 0 0 0 0 0 0 ]
CSI_DATA,AP,68:FE:71:12:53:8C,-39,11,1,4,1,1,1,0,0,0,0,-96,0,6,1,30131576,0,84,0,0,30.132,384,[84 -64 4 0 0 0 0 0 0 0 0 0 25 5 5 -14 28 -7 23 -5 16 -7 10 8 22 -5 23 3 21 10 23 2 14 -10 10 6 13 -5 2 -4 23 -5 20 14 6 7 10 12 13 -5 2 -9 -1 1 11 -9 7 -11 1 -10 22 7 17 5 -8 11 9 9 -2 -5 6 7 19 2 8 -6 13 -12 -2 2 12 -14 5 -6 14 -11 2 8 10 -13 18 0 8 7 3 -14 -1 2 4 -3 -1 -11 15 -1 -4 0 -1 -17 21 1 19 5 9 -7 1 -7 13 0 -2 1 0 0 0 0 0 0 0 0 ]
CSI_DATA,AP,68:FE:71:12:53:8C,-40,11,0,0,0,0,0,0,0,0,0,-93,0,6,1,30253019,0,37,0,0,30.253,128,[84 -64 4 0 0 0 0 0 0 0 0 0 -3 39 -15 33 -11 30 -13 25 2 15 -2 33 -4 21 -9 31 -21 27 -3 28 -17 25 -18 17 -12 28 -19 5 -11 17 -16 7 -12 14 -13 18 -20 6 -11 13 -17 25 4 24 -14 21 -2 15 -2 5 -5 5 11 0 -13 12 1 16 2 6 -5 23 -10 18 -11 1 1 23 -12 13 -9 14 12 21 13 23 12 20 0 6 2 2 -2 4 -6 25 15 15 9 20 7 10 2 -1 -2 21 -3 4 -5 11 15 21 12 17 3 6 11 0 0 0 0 0 0 0 0 0 ]
CSI_DATA,AP,68:FE:71:12:53:8C,-43,11,1,5,1,1,1,0,0,0,0,-94,0,6,1,30337416,0,84,0,0,30.337,384,[84 -64 4 0 0 0 0 0 0 0 0 0 21 -10 22 -22 15 -32 16 -13 27 -5 24 -13 17 -24 24 -11 19 -25 27 0 18 -13 25 -11 24 -15 12 -2 17 2 13 -5 10 -17 4 -17 22 -17 16 3 11 4 1 1 15 -8 12 2 10 -12 1 0 2 -10 0 -11 -2 3 8 1 -4 -5 8 -17 17 -15 -4 -11 16 -19 14 -8 15 -15 6 -13 -4 -13 10 -15 -9 -16 13 -9 -10 0 4 -13 -3 -1 -3 -11 1 -18 8 -9 9 -15 -8 -21 8 -15 -1 -14 -13 -13 -10 -10 0 0 0 0 0 0 0 0 ]
CSI_DATA,AP,68:FE:71:12:53:8C,-35,11,1,5,1,1,1,0,0,0,0,-94,0,6,1,30444321,0,84,0,0,30.444,384,[84 -64 4 0 0 0 0 0 0 0 0 0 -3 -15 -11 -13 -16 -2 -4 -24 6 -22 -10 -21 -7 -20 -9 -17 -10 -5 5 -14 -14 -18 -7 -16 -4 -10 -9 -5 -13 -2 5 -19 0 -21 8 -15 3 -1 4 -9 -10 -15 -11 -11 -14 -7 3 -21 6 -22 5 -21 4 10 0 -1 -6 -2 -8 -8 6 -17 9 3 5 -19 -7 -5 -8 -2 -5 -20 2 -18 4 -18 -7 -7 -2 -3 -3 -4 -7 -15 -16 -6 2 -10 -1 -20 -7 -12 7 -2 1 -18 -14 -13 -16 -18 -15 0 -5 -13 -17 3 12 -7 0 0 0 0 0 0 0 0 ]
CSI_DATA,AP,68:FE:71:12:53:8C,-37,11,1,5,1,1,1,1,0,0,0,-94,2,6,1,30526941,0,84,0,0,30.527,384,[84 -64 4 0 0 0 0 0 0 0 0 0 13 6 10 11 19 -9 30 -10 16 -3 4 -7 21 -6 17 1 4 7 7 10 19 -5 8 11 9 11 25 -9 25 9 15 2 13 9 23 -4 5 7 3 -10 7 -3 11 9 18 -4 9 8 7 -4 26 -2 10 5 12 0 24 -4 26 -2 14 -5 14 -1 14 0 5 -11 23 11 23 -8 16 7 11 5 16 4 18 2 26 -10 11 -5 22 -10 28 7 15 -2 5 4 3 7 22 -9 15 -10 19 0 19 -1 11 6 6 0 -7 -6 0 0 0 0 0 0 0 0 ]
CSI_DATA,AP,68:FE:71:12:53:8C,-46,11,1,5,1,1,1,0,0,0,0,-95,0,6,1,30604890,0,84,0,0,30.605,384,[84 -64 4 0 0 0 0 0 0 0 0 0 -2 28 6 25 -2 18 -1 16 -14 27 7 26 0 30 5 18 2 27 -13 32 -10 32 0 31 -5 22 3 22 -19 25 -2 22 -8 17 -4 29 -9 28 0 24 0 12 -2 33 1 24 -11 23 4 15 2 25 -2 -10 -2 12 -9 16 0 21 -5 20 -4 13 7 19 -4 17 -5 32 -5 29 8 15 4 14 4 30 -12 22 9 16 -9 30 6 28 6 15 -1 23 1 26 -9 22 -7 21 0 11 6 12 -13 24 2 23 -12 27 7 -8 0 0 0 0 0 0 0 0 ]
CSI_DATA,AP,68:FE:71:12:53:8C,-41,11,1,5,1,1,1,1,0,0,1,-95,4,6,1,30694141,0,84,0,0,30.694,384,[84 -64 4 0 0 0 0 0 0 0 0 0 14 -22 14 -11 9 -23 14 -4 9 -10 4 -9 20 -8 26 -20 27 -21 15 -22 12 -17 20 -5 6 -16 21 -22 26 -7 12 -5 13 0 5 -20 11 -20 20 2 8 -9 26 -13 17 -15 17 -16 17 -10 23 -14 -4 10 15 4 18 -21 27 -6 16 -16 8 -8 10 -1 14 -17 10 -2 11 -15 2 2 4 -20 3 -1 12 -3 19 -17 -1 -1 10 0 10 -19 8 -13 14 -15 10 0 20 -17 2 -9 17 -5 3 -8 -1 -4 12 -17 4 -10 0 0 0 0 0 0 0 0 ]
CSI_DATA,AP,68:FE:71:12:53:8C,-42,11,1,5,1,1,1,0,0,0,0,-95,0,6,1,30783699,0,84,0,0,30.784,384,[84 -64 4 0 0 0 0 0 0 0 0 0 -30 -26 -29 -27 -23 -13 -6 -25 -20 -15 -2 -16 -27 -34 -12 -14 -21 -21 -2 -32 -12 -33 -13 -20 -22 -33 -16 -11 -15 -29 -1 -20 -13 -26 -11 -25 -14 -28 -18 -29 -19 -12 1 -23 -15 -21 -20 -18 -16 -20 -1 -27 4 -12 -16 -30 -10 -7 -3 -14 -8 -18 0 -11 1 -7 -19 -14 -11 -11 -11 -1 -6 -20 -20 -4 -15 -24 -12 -16 -15 -18 -2 -9 -3 -17 -3 -19 -7 -11 -19 -3 -26 -11 -21 -8 -16 -5 -25 -2 -24 -4 -27 -13 -33 -12 -11 5 0 0 0 0 0 0 0 0 ]
CSI_DATA,AP,68:FE:71:12:53:8C,-41,11,1,6,1,1,1,0,0,0,0,-96,0,6,1,30844102,0,82,0,0,30.844,384,[84 -64 4 0 0 0 0 0 0 0 0 0 -13 -15 -14 -16 -12 -15 -9 -5 -26 -11 -19 -11 -25 -9 -11 -7 -10 -20 -23 -27 -29 -14 -14 -12 -8 -20 -10 -11 -11 -8 -22 -27 -2 -23 -2 -29 -26 -18 -8 -27 -20 -27 -14 -11 -12 -18 -4 -18 -8 -9 -24 -10 -2 -10 -2 -9 -17 -25 -4 -8 -25 -7 -5 -16 -26 -22 -2 -19 -2 -9 -9 -7 -19 -10 -22 -19 -19 -19 -3 -3 -26 -8 -9 -2 -17 -8 -7 -24 -7 -5 -11 -6 -16 -4 -19 -6 -22 0 -12 -20 -7 1 -13 -14 -27 -5 2 3 0 0 0 0 0 0 0 0 ]
CSI_DATA,AP,68:FE:71:12:53:8C,-46,11,1,3,1,1,1,0,0,0,1,-95,0,6,1,30946635,0,84,0,0,30.947,384,[84 -64 4 0 0 0 0 0 0 0 0 0 -10 -13 -5 9 -15 -12 -3 3 -18 -13 -2 0 -12 6 -7 -9 -19 -3 -7 10 -19 8 -6 -6 -1 -11 1 7 -3 1 -4 -11 -6 -3 -18 -1 -5 -7 -13 5 -15 8 4 1 -14 -7 -13 -12 -15 8 -1 -12 -6 4 -10 1 -5 -2 -6 -15 -10 -5 -7 -8 2 5 -16 -7 -5 1 -14 2 -21 4 3 0 -11 8 -3 -5 -3 -2 -17 11 -19 -10 -2 10 -11 5 -12 9 -7 -2 -4 1 -15 -10 -9 -8 3 -8 -14 -11 -13 7 12 -12 0 0 0 0 0 0 0 0 ]
CSI_DATA,AP,68:FE:71:12:53:8C,-39,11,1,5,1,1,1,0,0,0,0,-94,0,6,1,31025308,0,84,0,0,31.025,384,[84 -64 4 0 0 0 0 0 0 0 0 0 16 15 7 0 20 -8 18 -5 0 0 5 3 10 8 22 4 11 -1 15 4 18 19 14 -2 1 8 7 11 15 10 6 -4 21 -3 4 11 2 -4 12 16 8 14 16 2 3 7 5 -3 7 11 13 7 7 -8 12 14 0 3 10 1 2 4 0 12 -3 -5 0 -7 3 9 6 -4 10 10 8 -2 3 5 8 6 10 2 -1 10 6 -2 22 9 19 -2 12 9 -2 5 -2 -1 2 12 10 6 10 4 18 -1 -2 -8 -12 -8 0 0 0 0 0 0 0 0 ]
CSI_DATA,AP,68:FE:71:12:53:8C,-37,11,1,5,1,1,1,0,0,0,0,-96,0,6,1,31112948,0,84,0,0,31.113,384,[84 -64 4 0 0 0 0 0 0 0 0 0 4 12 4 11 -7 9 2 4 -11 5 -6 4 -8 12 -5 18 -5 15 2 13 -8 5 -14 13 -16 7 -17 14 -2 16 5 7 5 4 -1 6 -8 -5 -11 17 -9 9 6 14 1 11 -1 19 3 11 -9 11 -12 -6 7 9 -7 1 -16 15 -15 11 8 14 -4 9 -6 18 -15 -5 8 13 7 13 -12 1 -5 9 0 12 8 -3 9 -5 -9 17 3 3 -1 0 10 -2 1 14 -12 7 8 15 -13 -2 8 7 -3 17 -9 12 0 1 0 0 0 0 0 0 0 0 ]
CSI_DATA,AP,68:FE:71:12:53:8C,-41,11,1,6,1,1,1,1,0,0,0,-94,3,6,1,31219229,0,84,0,0,31.219,384,[37 80 2 0 0 0 0 0 0 0 0 0 -11 23 0 30 -2 34 -17 35 -17 31 -19 23 -16 33 -16 19 -25 34 -24 32 -9 24 -14 37 -24 29 -25 34 -13 24 -6 26 -3 28 -5 23 -25 28 -26 23 -4 31 -20 19 -14 20 -13 28 -5 29 -15 15 6 -9 -13 26 -9 21 -6 21 3 35 -21 25 -21 35 -9 26 -12 22 -10 27 -8 10 2 30 5 25 -11 35 -11 14 -14 28 -16 25 2 14 -1 33 -1 19 8 23 1 25 -9 36 8 26 5 30 8 22 -8 15 -10 12 0 0 0 0 0 0 0 0 ]
CSI_DATA,AP,68:FE:71:12:53:8C,-42,11,1,4,1,1,1,0,0,0,0,-96,0,6,1,31294307,0,84,0,0,31.294,384,[84 -64 4 0 0 0 0 0 0 0 0 0 -3 22 -21 24 -14 7 -19 9 -11 1 -20 6 -6 11 -19 5 -26 -2 -7 22 -23 21 -15 21 -12 13 -10 22 -3 -3 -4 19 -22 21 -16 2 -3 1 -2 2 -15 9 -19 3 -14 9 -5 12 0 8 0 8 11 10 -3 16 -12 14 0 6 1 14 -9 12 -12 0 -12 12 -1 18 -12 16 -10 8 -21 14 -21 20 -4 8 -3 7 -7 1 -4 17 -19 22 3 18 -10 7 -4 5 -3 8 -13 6 -8 11 -18 6 -13 22 -11 3 6 7 0 0 0 0 0 0 0 0 ]
CSI_DATA,AP,68:FE:71:12:53:8C,-40,11,1,6,1,1,1,0,0,0,0,-96,0,6,1,31424980,0,84,0,0,31.425,384,[84 -64 4 0 0 0 0 0 0 0 0 0 6 -11 21 -11 22 -19 25 -13 16 0 7 -6 8 -1 14 0 21 -11 30 7 12 -5 18 -8 8 -11 10 -5 28 -9 11 4 25 2 12 3 25 6 11 0 29 -14 9 3 11 3 22 -1 19 -12 18 -11 3 -12 6 -14 14 -9 24 -4 3 -1 25 -2 27 -13 5 -17 7 -1 25 1 15 1 11 3 5 -8 12 -10 8 1 9 -4 20 5 13 -2 16 2 8 2 16 -15 2 -13 17 -14 19 -12 8 1 23 -6 4 -18 -3 10 0 0 0 0 0 0 0 0 ]
CSI_DATA,AP,68:FE:71:12:53:8C,-41,11,1,4,1,1,1,1,0,0,0,-95,2,6,1,31505064,0,84,0,0,31.505,384,[84 -64 4 0 0 0 0 0 0 0 0 0 8 -26 15 -14 3 -19 9 -26 4 -14 11 -26 12 -6 15 -21 -2 -23 11 -16 13 -13 1 -9 6 -26 9 -9 1 -17 17 -14 -1 -23 9 -22 7 -10 7 -12 11 -15 -1 -14 -4 -25 2 -19 8 -16 2 -19 -1 -4 18 -3 7 -14 1 -26 16 -4 16 -13 17 -15 -4 -18 14 -17 -8 -6 3 -16 -2 -5 11 -3 4 -10 11 -22 -8 -26 -3 -21 13 -19 11 -16 -2 -16 -10 -7 12 -16 -9 -23 1 -17 9 -4 -1 -17 12 -24 -7 6 0 0 0 0 0 0 0 0 ]
CSI_DATA,AP,68:FE:71:12:53:8C,-39,11,1,5,1,1,1,0,0,0,0,-95,0,6,1,31590505,0,84,0,0,31.591,384,[84 -64 4 0 0 0 0 0 0 0 0 0 14 7 19 8 7 20 8 16 16 15 7 29 11 23 8 12 2 9 5 16 0 11 -2 28 12 15 2 12 3 22 6 16 4 13 -7 5 -6 18 -6 21 2 27 -6 12 7 23 -6 8 5 18 0 16 -9 0 -3 21 -5 17 -1 13 1 22 4 19 -1 23 5 24 16 12 -6 10 -5 8 -4 9 16 3 17 16 10 12 -1 12 5 20 17 5 8 16 0 19 17 12 14 5 6 10 10 10 18 4 12 7 14 22 12 7 0 0 0 0 0 0 0 0 ]
CSI_DATA,AP,68:FE:71:12:53:8C,-43,11,1,4,1,1,1,1,0,0,0,-95,6,6,1,31677304,0,84,0,0,31.677,384,[84 -64 4 0 0 0 0 0 0 0 0 0 -7 4 -1 8 -11 5 -16 23 -16 12 -4 23 -26 11 -8 6 -22 20 -23 14 -25 16 -24 17 -22 1 -5 15 -9 16 -15 11 -22 6 -22 21 -20 3 -26 6 -14 2 -27 20 -11 7 -12 11 -7 3 -7 22 6 1 -3 15 -14 -2 -24 12 -6 13 -10 16 -20 19 -10 6 -23 13 -11 1 -4 1 -13 19 -7 -1 -7 8 -18 6 -2 0 -2 17 -18 6 -2 22 -5 20 -13 24 -15 11 1 22 -2 25 4 2 -19 15 4 20 -5 12 0 0 0 0 0 0 0 0 ]
CSI_DATA,AP,68:FE:71:12:53:8C,-47,11,1,5,1,1,1,1,0,0,1,-94,1,6,1,31791261,0,84,0,0,31.791,384,[84 -64 4 0 0 0 0 0 0 0 0 0 28 5 31 -3 50 -4 30 -6 35 10 34 -4 41 15 45 -3 36 9 46 -2 42 18 37 15 24 10 40 20 41 19 37 0 22 16 34 2 38 5 23 21 20 -1 30 5 26 8 34 10 22 12 41 -2 -6 10 35 18 22 12 42 14 36 0 31 6 20 5 26 -2 25 1 39 -6 31 10 21 13 35 16 24 7 23 14 39 6 41 4 26 4 19 3 18 -9 23 11 25 -8 18 -7 33 -10 34 -14 20 -6 42 -6 1 -8 0 0 0 0 0 0 0 0 ]
CSI_DATA,AP,68:FE:71:12:53:8C,-40,11,1,4,1,1,1,0,0,0,0,-94,0,6,1,31877445,0,84,0,0,31.877,384,[84 -64 4 0 0 0 0 0 0 0 0 0 -11 -15 -17 -31 -17 -24 -2 -27 -14 -22 -11 -21 9 -15 -13 -32 -1 -30 -3 -22 2 -8 -10 -27 8 -30 -4 -30 -2 -9 1 -14 4 -21 -9 -23 6 -19 -5 -17 -2 -9 5 -10 12 -14 12 -23 -3 -19 2 -15 -2 -11 -1 -20 5 -10 3 -28 -5 -16 5 -22 3 -24 -6 -10 10 -28 2 -16 4 -28 -15 -14 -2 -20 -12 -15 4 -4 -11 -4 -2 -12 7 -6 3 -9 0 -10 -12 -16 1 -9 -9 -17 2 -24 1 -22 -2 -4 -15 -3 -5 -8 0 0 0 0 0 0 0 0 ]
CSI_DATA,AP,68:FE:71:12:53:8C,-39,11,1,5,1,1,1,0,0,0,0,-94,0,6,1,31951232,0,84,0,0,31.951,384,[84 -64 4 0 0 0 0 0 0 0 0 0 3 25 9 23 6 28 2 17 5 23 9 24 4 24 13 14 -3 18 -9 28 -12 8 6 8 -11 24 11 11 -3 22 -9 20 10 19 -1 20 -8 14 3 27 7 19 6 19 8 11 3 5 -11 6 -2 28 -12 6 8 20 -1 4 -6 10 -11 11 -5 24 12 3 5 5 12 17 -6 18 9 21 14 18 5 10 6 13 3 18 14 23 8 20 5 16 8 13 7 26 -6 6 0 6 11 23 12 17 11 24 -4 24 19 2 6 -7 0 0 0 0 0 0 0 0 ]
CSI_DATA,AP,68:FE:71:12:53:8C,-42,11,1,6,1,1,1,0,0,0,0,-93,0,6,1,32015524,0,84,0,0,32.016,384,[84 -64 4 0 0 0 0 0 0 0 0 0 16 4 30 4 24 -7 12 -13 22 -8 30 -8 14 -3 27 1 34 -13 10 3 31 11 15 9 20 6 30 2 32 7 22 13 23 -9 23 8 30 3 29 3 27 1 30 -7 31 15 20 -10 19 1 31 2 1 1 13 10 13 -10 15 4 9 -7 12 5 30 -8 12 5 22 11 16 11 23 9 18 -3 17 -9 24 -7 13 -8 30 -13 18 -6 24 -7 11 -11 17 -12 12 -6 24 -5 18 -15 28 -16 15 -4 26 -12 8 3 -8 -5 0 0 0 0 0 0 0 0 ]
CSI_DATA,AP,68:FE:71:12:53:8C,-41,11,1,4,1,1,1,0,0,0,0,-95,0,6,1,32146352,0,84,0,0,32.146,384,[84 -64 4 0 0 0 0 0 0 0 0 0 -11 9 -24 10 -12 17 -24 11 -27 7 -19 -2 -22 -9 -9 -4 -28 11 -30 6 -31 -8 -14 -5 -28 -4 -20 8 -22 -11 -9 -2 -15 -8 -8 -12 -24 -3 -10 -5 -15 -11 -25 3 -17 -3 -19 4 -23 -6 -16 -12 -1 -4 -18 5 -18 0 -19 -7 -11 -3 -19 7 -17 -5 -7 -9 -23 1 -14 8 -18 -5 -11 -3 -5 -2 -20 13 -16 2 -16 0 -9 15 -13 -2 -11 3 -8 0 -13 8 -22 -3 -15 15 -23 13 -7 16 -12 0 -24 9 1 1 0 0 0 0 0 0 0 0 ]
CSI_DATA,AP,68:FE:71:12:53:8C,-41,11,1,5,1,1,1,0,0,0,0,-93,0,6,1,32217204,0,84,0,0,32.217,384,[84 -64 4 0 0 0 0 0 0 0 0 0 3 -30 2 -22 -12 -22 -5 -24 11 -31 12 -20 -2 -26 3 -30 -2 -26 2 -27 15 -10 0 -30 14 -26 12 -12 9 -16 -5 -17 13 -25 15 -24 15 -8 -6 -21 2 -4 4 -23 7 -6 7 -16 -6 -15 11 -20 -1 -2 10 -21 6 -26 10 -18 -2 -23 -7 -25 3 -27 -5 -16 2 -17 14 -26 2 -19 -8 -22 -10 -11 -9 -26 6 -21 -12 -9 1 -19 8 -9 -2 -14 -2 -12 4 -11 -13 -20 -14 -18 -6 -6 1 -12 -2 -24 -7 -24 6 -2 0 0 0 0 0 0 0 0 ]
CSI_DATA,AP,68:FE:71:12:53:8C,-42,11,1,4,1,1,1,0,0,0,0,-94,0,6,1,32312647,0,84,0,0,32.313,384,[84 -64 4 0 0 0 0 0 0 0 0 0 -14 10 -31 3 -31 8 -17 5 -22 -5 -7 0 -24 -9 -15 10 -18 0 -30 0 -8 3 -12 3 -13 -6 -8 -6 -28 0 -17 -8 -15 9 -9 13 -7 -8 -27 -7 -28 -3 -15 11 -6 -8 -22 -6 -9 2 -6 -11 5 5 -8 4 -23 -1 -15 13 -12 0 -9 -2 -11 3 -26 11 -15 9 -5 10 -24 -9 -25 -3 -8 15 -17 -5 -18 12 -21 7 -11 -4 -24 12 -6 12 -2 11 -23 -5 -22 0 -11 16 -13 -2 -12 7 -7 -3 -7 4 4 9 0 0 0 0 0 0 0 0 ]
CSI_DATA,AP,68:FE:71:12:53:8C,-39,11,0,0,0,0,0,0,0,0,0,-95,0,6,1,32401931,0,37,0,0,32.402,128,[84 -64 4 0 0 0 0 0 0 0 0 0 8 12 7 -2 1 16 -1 17 -3 1 3 14 15 7 8 3 7 3 0 -2 16 2 12 17 -6 11 0 8 7 1 4 18 8 14 -6 20 15 9 -3 17 -10 -2 10 17 2 9 -2 1 6 15 14 -1 11 -10 13 3 -5 8 -8 5 -9 -1 4 15 9 13 -9 3 -2 13 7 1 -4 13 -1 8 16 14 -6 6 12 9 -2 7 16 17 -2 9 -2 8 5 -7 8 16 6 3 4 4 15 2 11 2 -4 11 0 -1 6 10 0 0 0 0 0 0 0 0 ]
CSI_DATA,AP,68:FE:71:12:53:8C,-45,11,1,4,1,1,1,0,0,0,0,-93,0,6,1,32478574,0,84,0,0,32.479,384,[84 -64 4 0 0 0 0 0 0 0 0 0 -1 4 10 1 7 -20 9 -5 4 -4 9 0 0 -14 13 -18 1 -13 1 -12 8 -10 17 3 10 -7 2 -16 18 -13 -5 -16 1 -13 11 -8 -1 -8 10 -7 13 -15 18 3 18 -13 5 3 19 -6 12 2 -7 7 -1 -4 1 -4 5 -17 -1 -14 12 -12 13 -2 -3 6 8 6 15 -11 14 -8 2 5 -5 -7 4 3 -2 -7 -3 -18 6 -14 15 -6 12 -5 -1 -15 12 0 14 2 -6 -10 2 -6 12 1 -2 2 -4 -16 6 -1 0 0 0 0 0 0 0 0 ]
CSI_DATA,AP,68:FE:71:12:53:8C,-39,11,1,4,1,1,1,0,0,0,0,-93,0,6,1,32570944,0,84,0,0,32.571,384,[84 -64 4 0 0 0 0 0 0 0 0 0 10 30 19 40 20 37 22 37 21 28 23 34 4 37 17 34 9 47 19 44 8 38 4 49 7 40 15 42 9 28 13 23 7 30 11 44 11 41 10 33 -3 41 16 45 -7 30 15 35 2 45 12 40 8 8 3 43 6 38 3 37 17 32 14 19 2 24 3 33 10 34 15 18 6 21 15 35 14 35 1 35 18 27 7 35 10 35 23 40 23 36 6 16 27 34 20 28 7 21 9 26 24 15 7 39 22 21 -10 -9 0 0 0 0 0 0 0 0 ]
CSI_DATA,AP,68:FE:71:12:53:8C,-39,11,1,6,1,1,1,0,0,0,0,-94,0,6,1,32664467,0,84,0,0,32.664,384,[84 -64 4 0 0 0 0 0 0 0 0 0 -11 4 -21 11 -28 5 -30 -10 -24 8 -11 11 -25 -5 -18 1 -22 9 -17 6 -25 7 -7 8 -19 -10 -18 -8 -18 -7 -11 -5 -11 -10 -5 6 -10 -2 -10 0 -26 8 -13 5 -19 -14 -8 -15 -21 -13 -25 1 -7 12 -22 1 -18 -1 -24 -7 -27 -12 -7 -6 -23 8 -9 3 -15 -9 -13 -1 -7 5 -23 -9 -19 -5 -15 -8 -13 12 -10 -5 -21 -9 -11 -6 -23 -3 -18 8 -7 9 -9 -9 -23 6 -20 0 -10 15 -18 -5 -6 -7 10 4 0 0 0 0 0 0 0 0 ]
CSI_DATA,AP,68:FE:71:12:53:8C,-38,11,1,6,1,1,1,0,0,0,0,-94,0,6,1,32743279,0,84,0,0,32.743,384,[84 -64 4 0 0 0 0 0 0 0 0 0 -19 -2 -22 -14 -9 -1 -15 1 -8 -4 -14 -5 -13 -2 -5 -2 -6 -15 -23 -13 -9 -18 -10 -4 -20 -19 -26 -7 -18 -3 -25 -8 -26 -9 -26 -4 -26 -10 -26 -5 -17 -6 -17 -10 -10 -9 -12 -13 -14 -5 -1 -11 1 6 -2 2 -24 -9 -8 -2 -22 -6 -21 -6 -24 -1 -8 -5 -20 -16 -18 2 -7 5 -8 -17 -26 2 -22 -4 -4 -4 -16 -8 -3 4 -21 -5 -26 -17 -9 -7 -11 -1 -5 1 -17 -15 -10 5 -25 -2 -14 -12 -24 8 6 -10 0 0 0 0 0 0 0 0 ]
CSI_DATA,AP,68:FE:71:12:53:8C,-42,11,1,5,1,1,1,0,0,0,0,-94,0,6,1,32834659,0,84,0,0,32.835,384,[84 -64 4 0 0 0 0 0 0 0 0 0 -10 7 10 14 -4 19 -1 15 7 28 7 8 -15 26 -10 22 -13 18 -15 21 6 13 3 18 -10 19 -10 20 -11 9 1 21 -12 8 5 18 1 13 -6 29 -1 27 -13 16 -12 17 5 22 5 21 -17 21 -12 10 6 15 6 4 2 19 9 22 -9 22 -8 13 -4 9 -1 19 5 5 -7 7 9 6 -7 16 -4 11 -9 12 1 24 0 21 -5 9 4 16 8 22 -5 24 6 25 6 14 4 22 0 21 7 14 -8 5 5 -6 0 0 0 0 0 0 0 0 ]
CSI_DATA,AP,68:FE:71:12:53:8C,-47,11,1,3,1,1,1,0,0,0,0,-94,0,6,1,32931084,0,84,0,0,32.931,384,[84 -64 4 0 0 0 0 0 0 0 0 0 0 -22 19 -23 -1 -17 10 -7 23 -17 0 -21 16 -10 1 -12 20 -18 2 -8 14 -7 0 -1 4 -6 1 -3 25 -24 23 -2 23 -12 5 -10 24 -6 19 -5 1 -5 0 2 22 -4 16 -14 6 -20 5 -16 -11 4 1 -13 14 -12 8 -12 3 -5 18 -6 16 -22 -2 -12 7 -18 4 -9 8 -18 3 -3 10 -14 -4 -5 3 0 11 -2 14 -9 2 -3 3 -2 16 -8 2 -11 7 -3 14 -21 15 -13 13 -5 15 -21 1 -22 4 3 0 0 0 0 0 0 0 0 ]
CSI_DATA,AP,68:FE:71:12:53:8C,-45,11,1,5,1,1,1,0,0,0,0,-93,0,6,1,33006569,0,84,0,0,33.007,384,[84 -64 4 0 0 0 0 0 0 0 0 0 -15 -3 -6 -8 -13 -7 -28 -24 -5 -18 -16 -10 -21 -23 -5 -10 -23 -15 -15 -13 -24 -13 -24 -15 -3 -7 -24 -22 -10 -6 -19 -28 -16 -26 -13 -18 1 -8 -20 -2 -6 -12 -5 -20 -21 -8 -10 -19 0 -10 -12 -19 7 2 -5 -8 -8 -17 -14 -24 -11 -1 -5 -5 -2 -23 -6 -16 -17 -12 -3 -18 -15 -7 -8 -2 -12 -4 -9 -16 -13 -9 -12 -1 -16 -12 -24 -10 -5 -14 -21 -6 -19 -11 -16 -4 -22 -14 -18 -10 -27 -6 -22 5 -11 -2 -8 -8 0 0 0 0 0 0 0 0 ]
CSI_DATA,AP,68:FE:71:12:53:8C,-38,11,1,7,1,1,1,1,0,0,1,-95,2,6,1,33105132,0,84,0,0,33.105,384,[84 -64 4 0 0 0 0 0 0 0 0 0 -21 22 -12 23 -17 42 -11 27 -9 33 -6 43 -26 24 -10 20 -27 25 -22 39 -14 33 -19 31 -10 24 -22 18 -30 27 -24 20 -28 21 -14 34 -26 32 -14 24 -10 34 -22 33 -18 22 -23 18 -23 29 -29 25 -1 4 -7 22 -9 35 -13 26 -16 20 -26 21 -18 35 -17 19 -7 24 -14 24 -7 18 -20 25 -5 18 -2 20 -2 29 -24 27 -6 33 -16 21 -14 25 -13 21 -12 30 -18 34 2 31 -1 26 2 39 -1 17 -14 41 -4 -10 0 0 0 0 0 0 0 0 ]
CSI_DATA,AP,68:FE:71:12:53:8C,-42,11,1,5,1,1,1,1,0,0,0,-94,6,6,1,33194492,0,84,0,0,33.194,384,[84 -64 4 0 0 0 0 0 0 0 0 0 35 18 20 34 28 35 29 28 39 37 20 27 20 33 31 39 21 25 28 36 9 35 30 42 24 32 25 38 24 25 19 26 11 30 13 20 15 42 20 24 17 43 16 42 2 32 8 34 14 44 27 41 4 -9 10 20 19 30 9 29 17 39 10 32 8 33 14 39 10 32 16 18 20 17 27 23 24 20 29 21 20 20 30 18 16 16 33 26 17 16 11 20 13 17 31 13 34 11 25 30 34 30 27 23 13 19 -4 4 0 0 0 0 0 0 0 0 ]
CSI_DATA,AP,68:FE:71:12:53:8C,-38,11,1,7,1,1,1,0,0,0,0,-94,0,6,1,33269108,0,84,0,0,33.269,384,[84 -64 4 0 0 0 0 0 0 0 0 0 10 -6 22 3 23 10 19 18 17 14 17 -1 8 -3 11 6 19 12 9 16 5 3 5 17 13 4 3 7 21 16 8 14 14 17 20 16 11 17 24 10 11 17 20 7 10 -1 20 9 23 8 2 19 -11 12 17 13 9 0 2 5 25 19 19 13 8 2 8 7 7 3 14 9 10 3 2 14 5 4 10 15 15 11 18 16 6 18 15 16 2 13 9 14 2 -5 26 12 7 3 19 -7 4 15 8 15 14 7 -3 12 0 0 0 0 0 0 0 0 ]
CSI_DATA,AP,68:FE:71:12:53:8C,-38,11,1,5,1,1,1,0,0,0,0,-95,0,6,1,33371987,0,84,0,0,33.372,384,[84 -64 4 0 0 0 0 0 0 0 0 0 4 -28 9 -30 4 -25 16 -18 17 -13 3 -25 9 -11 12 -15 2 -18 8 -27 9 -15 3 -27 -2 -19 16 -10 17 -23 8 -18 2 -16 2 -13 1 -4 12 -19 10 -13 7 -5 4 -10 2 -16 -1 -28 8 -9 6 -5 0 -19 9 -16 4 -20 15 -9 2 -5 18 -28 13 -28 8 -6 -6 -20 -6 -14 -5 -11 2 -13 3 -26 5 -23 2 -26 15 -25 -9 -15 2 -28 -8 -19 -7 -27 -2 -13 -10 -13 13 -12 -1 -15 13 -28 -8 -17 -7 6 0 0 0 0 0 0 0 0 ]
CSI_DATA,AP,68:FE:71:12:53:8C,-42,11,0,0,0,0,0,0,0,0,0,-95,0,6,1,33463856,0,37,0,0,33.464,128,[84 -64 4 0 0 0 0 0 0 0 0 0 -13 20 -1 13 -16 7 -9 29 -13 22 -5 6 -13 9 -8 8 -15 9 -6 21 -18 26 -6 12 -13 5 -10 17 -11 7 -19 16 -14 26 -23 7 -12 7 -22 16 -18 2 -14 10 -10 17 -14 14 -11 17 -22 22 2 11 0 6 -12 16 -13 4 -14 1 -20 17 2 13 -17 18 -3 1 -11 9 -11 15 4 9 -8 10 -5 20 -16 25 -12 23 -13 3 -13 25 -9 24 -18 21 0 14 -17 15 -15 7 4 4 -3 24 -4 4 -9 17 -6 5 0 0 0 0 0 0 0 0 ]
CSI_DATA,AP,68:FE:71:12:53:8C,-39,11,1,6,1,1,1,0,0,0,0,-94,0,6,1,33535985,0,84,0,0,33.536,384,[84 -64 4 0 0 0 0 0 0 0 0 0 -12 -13 -21 -24 -24 -14 -26 -15 -14 -28 -11 -12 -9 -9 -11 -13 -15 -9 1 -13 -9 -6 -3 -15 -1 -25 -21 -31 -1 -9 0 -24 -9 -26 -7 -11 -20 -23 -14 -25 -1 -23 -8 -14 -17 -13 1 -11 -7 -28 3 -5 -11 7 -1 -4 -6 -18 -4 -23 -10 -12 1 -24 -12 -25 -9 -25 -9 -21 -12 -25 -6 -9 -23 -24 -21 -4 -23 -23 -3 -12 -21 -3 -10 -7 0 -8 -5 -20 -6 -23 -14 -7 -4 -23 -19 -19 -17 -1 -13 -12 -25 -20 -10 -16 2 5 0 0 0 0 0 0 0 0 ]
CSI_DATA,AP,68:FE:71:12:53:8C,-41,11,1,4,1,1,1,0,0,0,0,-95,0,6,1,33612066,0,84,0,0,33.612,384,[84 -64 4 0 0 0 0 0 0 0 0 0 15 -13 25 -10 10 -20 22 4 23 -2 25 -9 25 -8 11 -11 12 6 10 -13 20 8 27 5 22 8 24 -9 32 -11 33 4 8 -1 22 -14 25 -10 19 -3 20 -12 25 6 20 10 17 -4 21 -10 6 4 -10 -1 16 5 18 -4 15 5 19 -4 11 -14 13 -11 16 2 6 -5 22 4 16 -2 4 1 16 6 24 -16 10 -9 26 -12 24 -8 14 -7 3 -18 6 -17 3 1 25 -12 8 -10 13 -15 4 -18 7 -12 8 2 4 -5 0 0 0 0 0 0 0 0 ]
CSI_DATA,AP,68:FE:71:12:53:8C,-44,11,1,4,1,1,1,0,0,0,0,-94,0,6,1,33713761,0,84,0,0,33.714,384,[84 -64 4 0 0 0 0 0 0 0 0 0 -1 -30 -13 -29 -22 -19 -18 -27 3 -25 -5 -17 -2 -9 -18 -19 -10 -13 -16 -16 3 -10 0 -26 -13 -28 -15 -33 -7 -17 5 -25 4 -26 2 -8 -15 -16 -3 -27 -11 -18 -8 -29 -1 -18 0 -13 3 -19 -16 -29 -4 -7 -5 -27 6 -11 -14 -14 0 -9 -11 -24 -7 -27 -9 -23 -1 -11 -6 -4 -20 -24 2 -10 -11 -4 3 -19 -7 -10 -2 -15 -19 -14 -14 -10 -14 -27 -20 -23 -20 -19 -21 -16 -5 -13 -14 -6 -21 -4 -21 -11 -15 -26 9 9 0 0 0 0 0 0 0 0 ]
CSI_DATA,AP,68:FE:71:12:53:8C,-43,11,1,5,1,1,1,0,0,0,0,-96,0,6,1,33789204,0,82,0,0,33.789,384,[84 -64 4 0 0 0 0 0 0 0 0 0 11 6 23 -11 12 2 17 0 19 -10 25 -3 29 -1 17 7 15 8 12 5 25 1 32 -4 29 2 25 14 12 5 20 10 7 19 10 -4 30 17 28 1 30 8 27 8 11 -6 21 -1 24 -4 15 -4 -6 -12 20 15 8 0 22 -7 6 8 18 14 6 -4 26 -4 14 1 15 -4 13 10 7 -1 18 -2 13 6 9 14 16 -3 6 -6 28 11 5 -1 21 9 6 -4 8 -1 9 -6 14 -1 14 -8 22 6 12 9 4 8 0 0 0 0 0 0 0 0 ]
CSI_DATA,AP,68:FE:71:12:53:8C,-39,11,1,4,1,1,1,1,0,0,0,-93,2,6,1,33885852,0,84,0,0,33.886,384,[84 -64 4 0 0 0 0 0 0 0 0 0 5 -8 23 -22 12 -16 15 -23 11 -6 3 -27 24 -20 8 -14 19 -9 19 -17 10 -17 18 -9 28 -13 20 -10 22 -12 12 -21 5 -5 7 -18 19 -2 13 -14 17 -16 17 -21 23 -2 22 -15 6 -21 14 -3 11 9 1 -20 23 -16 12 -7 14 -7 21 1 22 -21 16 -18 16 -12 -1 -9 12 -8 8 -9 -1 -6 12 -15 10 -2 16 -17 2 -4 13 -8 18 -13 18 -3 12 -26 6 -8 14 -24 11 -12 18 -24 11 -22 14 -6 4 -4 0 0 0 0 0 0 0 0 ]
CSI_DATA,AP,68:FE:71:12:53:8C,-45,11,1,4,1,1,1,0,0,0,1,-93,0,6,1,33974444,0,84,0,0,33.974,384,[84 -64 4 0 0 0 0 0 0 0 0 0 19 12 9 17 23 4 6 9 21 16 11 18 22 5 15 17 17 12 15 27 14 10 19 21 14 17 10 27 7 5 13 13 3 9 13 16 11 23 13 21 8 6 3 21 6 10 12 26 5 13 2 6 9 10 20 16 18 5 21 14 18 23 -2 2 0 18 11 12 14 11 14 11 3 11 13 7 -1 2 20 1 22 7 24 7 3 19 20 6 23 0 8 -2 20 19 16 5 19 -2 21 12 22 12 21 5 21 2 4 0 0 0 0 0 0 0 0 0 ]
CSI_DATA,AP,68:FE:71:12:53:8C,-40,11,1,4,1,1,1,0,0,0,0,-93,0,6,1,34078082,0,84,0,0,34.078,384,[84 -64 4 0 0 0 0 0 0 0 0 0 -21 23 -3 15 -15 20 -12 15 -9 26 -7 26 -3 18 -16 10 -11 7 -2 19 -5 19 -25 13 -20 12 -23 12 -9 24 -16 19 -21 23 -11 2 -3 3 -18 14 -13 2 -15 7 -3 15 -3 14 -25 4 -8 6 5 9 -6 8 -10 19 -11 13 1 21 -14 10 -8 4 -10 1 -1 23 -5 10 -14 20 0 12 -10 25 2 16 -19 7 -10 22 -10 18 -7 26 -9 14 -10 28 3 8 -8 24 -11 11 5 7 -1 29 -6 11 2 26 -8 2 0 0 0 0 0 0 0 0 ]
CSI_DATA,AP,68:FE:71:12:53:8C,-43,11,1,5,1,1,1,0,0,0,0,-94,0,6,1,34140795,0,84,0,0,34.141,384,[84 -64 4 0 0 0 0 0 0 0 0 0 -10 20 3 25 -9 18 -2 17 -20 16 -22 18 -14 19 -7 6 -13 13 -3 10 -12 7 -22 27 -18 19 -15 12 -21 17 -9 13 -2 25 -9 7 -13 7 -7 22 -5 14 -19 17 -6 6 -18 8 -3 3 -6 22 -1 -8 -15 21 -6 21 -13 27 4 27 0 16 4 8 -14 17 -2 14 0 14 0 11 -17 22 4 5 -14 12 -6 13 -3 20 4 25 -11 26 -16 14 -1 27 -4 17 5 26 4 20 -3 26 -2 7 -1 22 8 18 -9 6 0 0 0 0 0 0 0 0 ]
CSI_DATA,AP,68:FE:71:12:53:8C,-42,11,1,5,1,1,1,0,0,0,0,-94,0,6,1,34197220,0,84,0,0,34.197,384,[84 -64 4 0 0 0 0 0 0 0 0 0 -10 11 -22 -6 -27 8 -19 13 -28 6 -13 -3 -25 -12 -24 -8 -15 -5 -30 -4 -27 9 -31 -1 -28 0 -12 9 -31 6 -32 -14 -13 5 -19 4 -23 -2 -23 -15 -13 -4 -23 -1 -13 -4 -29 2 -26 4 -15 -4 2 12 -21 10 -19 -9 -20 -14 -11 12 -27 3 -29 -1 -22 5 -7 2 -28 -1 -4 11 -5 2 -19 3 -15 6 -11 11 -15 -8 -7 8 -11 -8 -13 -2 -23 -4 -20 -3 -29 -4 -18 3 -23 10 -21 3 -19 0 -21 3 9 -6 0 0 0 0 0 0 0 0 ]
CSI_DATA,AP,68:FE:71:12:53:8C,-40,11,1,5,1,1,1,0,0,0,0,-94,0,6,1,34300774,0,84,0,0,34.301,384,[84 -64 4 0 0 0 0 0 0 0 0 0 4 -27 -2 -15 -19 -15 -14 -19 0 -22 4 -25 -3 -29 8 -22 -9 -16 2 -18 -7 -24 1 -24 2 -26 -9 -10 -5 -25 -4 -17 10 -22 9 -15 -10 -13 -5 -17 -13 -27 -1 -20 -2 -18 -13 -25 2 -31 -12 -30 1 -8 -10 -19 9 -9 -6 -14 -16 -10 -10 -25 -15 -28 -8 -16 -6 -13 -3 -28 2 -6 1 -20 -10 -17 -11 -16 -5 -17 -13 -13 -5 -24 5 -10 0 -26 -10 -23 -17 -9 -16 -9 -11 -25 -16 -25 -7 -16 -19 -25 -5 -17 -2 9 0 0 0 0 0 0 0 0 ]
CSI_DATA,AP,68:FE:71:12:53:8C,-40,11,1,6,1,1,1,0,0,0,0,-94,0,6,1,34378654,0,84,0,0,34.379,384,[84 -64 4 0 0 0 0 0 0 0 0 0 -11 20 -20 29 -22 23 -17 22 -1 15 -18 4 -24 14 -9 7 -16 12 -2 11 -16 18 -8 15 -7 20 -12 11 -19 12 -4 12 -22 9 -10 20 -19 5 -20 1 -19 21 -7 21 -5 11 -10 11 -7 21 -5 12 9 -11 -3 13 -22 4 -9 12 2 17 -7 2 -12 4 -22 14 -19 13 -3 6 -7 18 -20 2 -16 23 -5 4 3 2 -10 2 -13 19 -9 13 -6 12 4 22 4 7 -7 25 4 9 6 9 5 19 -9 13 1 19 -2 -8 0 0 0 0 0 0 0 0 ]
CSI_DATA,AP,68:FE:71:12:53:8C,-42,11,1,6,1,1,1,0,0,0,0,-94,0,6,1,34459575,0,84,0,0,34.46,384,[84 -64 4 0 0 0 0 0 0 0 0 0 20 -3 10 17 13 0 23 9 14 13 14 10 13 3 14 8 19 8 13 8 25 13 3 22 12 16 26 3 14 7 7 2 23 21 18 11 12 24 7 16 10 21 5 19 0 1 13 12 6 5 16 1 11 -1 6 18 16 14 24 23 14 21 -1 17 21 5 1 8 11 6 2 -3 19 11 12 7 23 21 4 0 1 0 8 -1 20 4 10 6 17 8 11 1 7 11 24 6 3 0 10 6 19 12 16 -4 26 17 -2 -11 0 0 0 0 0 0 0 0 ]
CSI_DATA,AP,68:FE:71:12:53:8C,-42,11,1,6,1,1,1,0,0,0,0,-94,0,6,1,34566254,0,84,0,0,34.566,384,[84 -64 4 0 0 0 0 0 0 0 0 0 19 -3 15 8 28 -11 12 -15 14 0 26 -9 26 11 11 3 28 6 31 -9 28 -10 16 9 27 -6 29 -2 15 -1 10 -4 23 -5 15 -5 16 1 24 11 26 -3 16 -4 19 -9 16 -11 24 -3 28 3 6 -4 27 4 18 -7 6 -5 9 -4 16 -13 10 8 19 10 23 -11 17 -8 21 -3 16 4 7 -10 27 -14 14 -11 16 -4 10 5 29 -18 14 -9 26 4 17 4 24 -11 20 3 21 -5 24 3 20 -3 23 -12 -10 -6 0 0 0 0 0 0 0 0 ]
CSI_DATA,AP,68:FE:71:12:53:8C,-45,11,1,5,1,1,1,0,0,0,0,-94,0,6,1,34640494,0,84,0,0,34.64,384,[84 -64 4 0 0 0 0 0 0 0 0 0 -4 -28 12 -26 10 -29 -1 -13 -1 -15 0 -5 13 -18 10 -9 19 -27 19 -18 17 -21 23 -18 15 -23 16 -22 24 -6 20 -18 8 -19 15 -25 20 -8 1 -21 21 -6 10 -12 3 -10 0 -24 14 -17 10 -24 -9 11 5 -7 1 -9 3 -25 -3 -22 10 -14 0 -27 7 -23 19 -24 10 -13 4 -5 11 -23 14 -6 -2 -13 9 -11 16 -24 8 -18 1 -21 15 -15 8 -9 4 -16 5 -5 14 -12 -1 -14 12 -6 13 -7 7 -18 9 5 0 0 0 0 0 0 0 0 ]
CSI_DATA,AP,68:FE:71:12:53:8C,-41,11,1,6,1,1,1,0,0,0,0,-95,0,6,1,34727973,0,84,0,0,34.728,384,[84 -64 4 0 0 0 0 0 0 0 0 0 22 -16 12 -16 20 -3 16 -20 19 -5 10 -11 27 2 19 0 8 -15 21 -4 24 2 11 -12 11 5 18 -2 19 10 23 9 6 -13 26 -2 7 8 9 -4 5 0 6 -6 12 8 21 4 26 0 16 -6 -3 8 18 8 15 -9 4 4 20 2 9 0 27 7 26 -16 4 -16 14 -16 18 -13 26 4 10 -1 19 -10 25 3 13 -7 21 -12 22 -18 24 3 18 -16 17 -21 13 -5 25 -20 12 -16 2 -13 14 -19 18 -16 -9 -4 0 0 0 0 0 0 0 0 ]
CSI_DATA,AP,68:FE:71:12:53:8C,-39,11,1,6,1,1,1,0,0,0,0,-94,0,6,1,34816228,0,84,0,0,34.816,384,[84 -64 4 0 0 0 0 0 0 0 0 0 26 -4 26 15 18 7 17 0 12 -3 26 12 23 -1 20 21 11 15 26 8 28 8 20 17 24 3 13 20 9 20 8 3 19 2 9 14 19 21 5 13 9 19 7 6 2 21 14 21 6 13 1 18 -5 -7 24 22 14 6 26 2 20 5 9 5 13 9 7 12 9 1 15 -5 16 19 21 3 15 0 11 12 2 0 5 2 27 4 6 5 7 5 23 7 28 11 14 5 20 3 9 -7 20 13 20 -8 19 9 12 -2 0 0 0 0 0 0 0 0 ]
CSI_DATA,AP,68:FE:71:12:53:8C,-39,11,1,5,1,1,1,0,0,0,0,-95,0,6,1,34917777,0,84,0,0,34.918,384,[84 -64 4 0 0 0 0 0 0 0 0 0 -19 5 -30 -12 -32 4 -26 -2 -19 -21 -27 -17 -25 -14 -28 -4 -5 -8 -19 -17 -25 0 -21 -15 -21 -19 -26 -2 -8 -18 -15 -24 -27 -10 -7 -15 -2 -7 -6 -3 -20 -23 -18 -10 -20 0 -3 -17 -11 0 -23 -19 -3 7 -10 -12 -3 -21 -5 -24 -21 -13 -7 -23 -4 -15 -6 -15 -18 -13 -16 -19 -17 -13 -5 -2 -2 -10 -25 -3 -22 -13 -14 -17 -7 -17 -4 -10 -9 -10 -12 -8 -13 0 -7 -16 -15 -18 -20 4 -21 -17 -25 -13 -10 -4 -2 7 0 0 0 0 0 0 0 0 ]
CSI_DATA,AP,68:FE:71:12:53:8C,-36,11,1,6,1,1,1,0,0,0,0,-94,0,6,1,35023985,0,84,0,0,35.024,384,[84 -64 4 0 0 0 0 0 0 0 0 0 5 -3 22 0 22 -16 9 -22 28 -4 13 -4 10 -3 30 -15 28 -12 27 -15 27 -7 18 -16 21 -6 21 -19 15 4 17 -3 13 -14 20 4 22 -11 25 -8 27 -7 21 0 26 -1 12 -9 13 -9 7 -14 5 5 12 -12 16 -8 20 2 24 -3 6 2 23 -19 20 -6 17 -6 24 5 20 -7 25 -4 21 -19 4 -6 8 -17 2 -12 14 -17 15 -18 16 -19 19 -7 17 -13 13 -19 8 -19 11 0 5 -4 14 -8 3 -2 1 12 0 0 0 0 0 0 0 0 ]
CSI_DATA,AP,68:FE:71:12:53:8C,-38,11,1,6,1,1,1,0,0,0,0,-94,0,6,1,35075137,0,84,0,0,35.075,384,[84 -64 4 0 0 0 0 0 0 0 0 0 5 23 12 6 23 11 12 27 17 8 8 16 0 24 -2 23 -4 20 12 6 16 13 -1 19 14 20 -3 6 8 21 13 9 12 16 1 8 11 20 15 26 -4 10 -4 15 10 23 1 26 18 17 12 6 11 1 3 26 16 11 4 4 15 6 12 3 18 16 14 20 10 19 6 8 9 18 19 23 12 4 9 0 5 13 6 13 -1 7 15 7 18 14 21 8 9 12 3 4 8 11 22 20 17 18 12 -1 8 13 -9 4 0 0 0 0 0 0 0 0 ]
CSI_DATA,AP,68:FE:71:12:53:8C,-35,11,1,6,1,1,1,0,0,0,0,-95,0,6,1,35149651,0,84,0,0,35.15,384,[84 -64 4 0 0 0 0 0 0 0 0 0 -8 -32 -5 -10 -14 -14 -5 -17 5 -20 -7 -30 12 -33 7 -18 -1 -16 -9 -8 10 -34 2 -25 1 -34 -2 -12 4 -11 5 -27 -1 -17 -4 -5 -5 -25 8 -6 0 -10 7 -11 14 -24 -1 -18 -5 -17 12 -22 8 12 -8 -19 11 -14 15 -22 0 -12 11 -25 11 -15 4 -11 -7 -19 -7 -11 4 -11 -2 -26 2 -22 -9 -15 -6 -24 -6 -15 1 -27 6 -12 -3 -16 1 -13 -15 -24 9 -12 9 -25 -8 -19 0 -30 1 -6 1 -21 9 -2 0 0 0 0 0 0 0 0 ]
CSI_DATA,AP,68:FE:71:12:53:8C,-41,11,1,6,1,1,1,0,0,0,0,-96,0,6,1,35251658,0,84,0,0,35.252,384,[84 -64 4 0 0 0 0 0 0 0 0 0 -27 12 -12 18 -6 2 -20 7 -9 8 -9 5 -11 18 -28 -3 -13 -3 -15 6 -30 11 -13 5 -24 20 -31 18 -16 7 -31 15 -30 -3 -16 0 -25 2 -16 11 -17 17 -21 7 -28 10 -8 17 -8 -3 -20 19 7 -3 -21 13 -9 19 -23 20 -25 17 -19 16 -10 13 -13 17 -15 7 -11 17 -1 13 -17 23 -8 21 -14 19 -26 18 -8 13 -24 2 -6 20 -7 10 -16 7 -9 7 -4 9 -16 14 0 8 -17 18 -13 24 -6 14 -7 -5 0 0 0 0 0 0 0 0 ]
CSI_DATA,AP,68:FE:71:12:53:8C,-45,11,1,4,1,1,1,0,0,0,0,-95,0,6,1,35328231,0,84,0,0,35.328,384,[84 -64 4 0 0 0 0 0 0 0 0 0 11 23 18 15 7 8 4 11 13 8 18 20 13 13 24 18 20 12 0 25 24 24 5 14 15 20 9 17 15 16 6 23 14 5 -2 14 22 19 22 23 4 15 -2 12 13 4 7 13 23 17 3 24 -8 -5 0 5 4 17 20 23 22 15 -1 18 4 10 3 19 9 -1 24 11 8 5 10 8 19 3 20 10 19 6 24 8 15 4 25 15 19 8 12 12 20 15 11 19 21 1 15 2 8 3 23 9 19 4 -12 4 0 0 0 0 0 0 0 0 ]
CSI_DATA,AP,68:FE:71:12:53:8C,-42,11,1,5,1,1,1,0,0,0,0,-93,0,6,1,35422832,0,84,0,0,35.423,384,[84 -64 4 0 0 0 0 0 0 0 0 0 -11 2 -11 -16 -29 -7 -19 -23 -21 -3 -13 -9 -17 -19 -15 -11 -8 -9 -25 -2 -17 -27 -27 -11 -23 -23 -26 -20 -8 -21 -11 -25 -9 -9 -21 -24 -15 -11 -12 -6 0 -23 -21 -2 -21 -17 -14 -13 -5 -7 -18 -11 10 -4 -9 -8 -8 0 -2 -18 -3 -9 -12 -23 -5 0 -18 -4 -24 -10 -16 -3 -21 -3 -9 1 -23 3 -18 -3 -4 -20 -17 -19 -12 -21 -20 -19 -19 4 -21 -4 -21 -11 -24 -11 -4 -7 -17 -12 -28 -7 -24 -10 -11 -10 -11 -3 0 0 0 0 0 0 0 0 ]
CSI_DATA,AP,68:FE:71:12:53:8C,-44,11,1,3,1,1,1,0,0,0,0,-95,0,6,1,35510818,0,84,0,0,35.511,384,[84 -64 4 0 0 0 0 0 0 0 0 0 27 1 26 6 13 15 24 22 4 1 14 0 9 12 4 17 3 20 2 15 10 1 23 11 17 5 5 16 5 4 11 15 -1 4 1 23 21 20 6 20 12 11 20 -1 -1 15 17 10 16 11 7 12 12 11 19 1 16 14 0 14 14 12 7 11 7 -3 11 14 17 10 0 13 1 3 2 2 3 1 12 16 9 4 17 8 3 0 16 8 20 6 19 14 11 -2 2 18 8 10 21 15 3 3 9 2 5 -5 -9 -1 0 0 0 0 0 0 0 0 ]
CSI_DATA,AP,68:FE:71:12:53:8C,-46,11,1,5,1,1,1,1,0,0,0,-95,3,6,1,35584383,0,84,0,0,35.584,384,[84 -64 4 0 0 0 0 0 0 0 0 0 -13 -11 -5 -9 -13 -14 -4 -23 -7 -23 -8 -16 -11 -12 9 -25 -8 -15 1 -9 10 -18 8 -8 -1 -8 1 -27 -6 -16 -10 -30 -3 -10 -1 -26 4 -13 -5 -8 14 -6 0 -11 6 -20 7 -26 -1 -23 -9 -16 10 -6 -12 -14 7 -28 -4 -11 4 -6 -2 -13 -11 -16 -5 -15 9 -24 -2 -12 2 -13 -12 -18 9 -5 -4 -13 1 -26 4 -14 -16 -8 -14 -19 -5 -10 -12 -27 -8 -21 3 -19 -9 -8 -14 -14 -6 -16 -15 -18 5 -17 11 -5 0 0 0 0 0 0 0 0 ]
CSI_DATA,AP,68:FE:71:12:53:8C,-41,11,1,5,1,1,1,0,0,0,0,-93,0,6,1,35680933,0,84,0,0,35.681,384,[84 -64 4 0 0 0 0 0 0 0 0 0 31 -9 12 -3 28 -11 20 -16 22 -7 8 -1 16 3 22 3 10 -1 11 -13 24 -15 33 -4 14 -10 20 5 8 -12 26 -14 13 0 14 8 13 -10 16 -2 19 3 14 1 26 -7 11 -3 14 7 20 -9 -9 0 29 -11 27 -16 23 5 4 4 14 -2 11 -12 10 -2 17 5 4 -3 10 -17 9 -4 4 6 9 5 27 0 11 1 4 -17 7 0 3 -2 13 -10 4 -12 9 -14 9 -17 1 1 22 -1 2 -15 9 -19 -5 6 0 0 0 0 0 0 0 0 ]
CSI_DATA,AP,68:FE:71:12:53:8C,-37,11,1,6,1,1,1,0,0,0,0,-94,0,6,1,35760233,0,84,0,0,35.76,384,[84 -64 4 0 0 0 0 0 0 0 0 0 2 8 6 11 5 -5 13 1 16 12 -2 11 9 10 -3 1 13 10 9 -6 3 5 -5 -2 6 2 0 12 15 18 14 10 10 2 2 18 -5 10 -2 -4 -6 1 4 -3 -5 2 10 19 5 15 8 12 12 11 0 6 -3 -3 11 6 -8 -3 4 8 6 -6 9 0 6 9 3 -6 16 1 -4 -5 13 12 16 11 4 14 5 9 -6 12 8 14 4 9 -4 -8 -5 6 9 13 2 -6 19 9 18 10 8 10 4 10 8 -4 0 0 0 0 0 0 0 0 ]
CSI_DATA,AP,68:FE:71:12:53:8C,-41,11,1,4,1,1,1,0,0,0,0,-96,0,6,1,35853491,0,84,0,0,35.853,384,[84 -64 4 0 0 0 0 0 0 0 0 0 -11 3 -20 22 -10 14 -17 14 -24 2 -24 6 -9 3 -21 4 -18 0 -24 14 -12 1 -10 5 -7 14 -13 12 -4 7 -24 12 -7 11 -10 15 -6 9 -18 16 -5 -3 -11 -5 -25 15 -15 -3 -15 10 -4 16 5 11 -17 8 -26 18 -19 13 -15 11 -19 1 -21 14 -12 19 -10 18 -7 19 -6 1 -22 4 -19 15 -22 4 -9 17 -7 2 -12 1 -8 17 -15 16 -19 13 -7 0 -1 2 -23 22 -6 20 -3 15 -8 3 -17 15 -10 4 0 0 0 0 0 0 0 0 ]
CSI_DATA,AP,68:FE:71:12:53:8C,-40,11,1,4,1,1,1,0,0,0,0,-96,0,6,1,35945208,0,84,0,0,35.945,384,[84 -64 4 0 0 0 0 0 0 0 0 0 -9 -2 -26 15 -17 -7 -32 6 -25 -9 -7 -7 -23 -7 -23 13 -13 4 -12 9 -29 4 -30 -6 -8 3 -12 8 -14 -5 -29 8 -9 2 -13 7 -4 -10 -25 -13 -26 -6 -7 9 -3 4 -17 -6 -24 7 -19 -5 1 5 -19 -1 -26 -2 -19 0 -15 7 -25 1 -23 2 -3 13 -21 -6 -13 5 -24 -10 -12 16 -26 7 -18 1 -22 12 -27 16 -8 11 -20 1 -8 15 -26 14 -10 4 -8 -6 -13 -7 -17 0 -8 -1 -9 16 -5 4 -10 -1 0 0 0 0 0 0 0 0 ]
CSI_DATA,AP,68:FE:71:12:53:8C,-38,11,1,7,1,1,1,0,0,0,0,-95,0,6,1,36039285,0,84,0,0,36.039,384,[84 -64 4 0 0 0 0 0 0 0 0 0 22 -17 6 2 1 0 26 -11 15 -11 7 -13 7 -9 10 -11 7 9 3 2 6 -1 14 10 10 7 6 -5 7 -2 13 8 7 -8 23 -12 16 3 0 0 22 -10 5 9 14 2 22 -13 2 11 9 -12 -10 -12 2 -2 3 10 16 -6 20 -6 0 -8 23 -3 11 7 4 -5 22 -10 12 -12 19 6 17 -4 1 -14 12 -5 18 -12 -1 -2 2 -7 21 -7 12 -4 7 -15 3 3 16 -15 1 -2 7 6 22 7 4 -10 12 -12 0 0 0 0 0 0 0 0 ]
CSI_DATA,AP,68:FE:71:12:53:8C,-40,11,1,5,1,1,1,0,0,0,0,-96,0,6,1,36124314,0,84,0,0,36.124,384,[84 -64 4 0 0 0 0 0 0 0 0 0 -3 -13 -5 -2 7 8 13 -1 -3 -11 9 -5 7 5 -2 -2 11 1 12 -2 -1 3 -4 -3 5 10 17 9 15 9 4 7 0 -13 11 11 -5 -10 4 10 10 4 -5 -8 3 2 -5 -4 19 -11 19 10 -5 -12 18 -4 14 -8 5 11 3 -8 14 -4 10 -4 3 -1 -5 -8 -6 -10 3 -12 -4 7 1 -3 0 6 3 6 -5 -10 14 1 3 -3 1 -11 6 5 1 8 6 -13 9 7 -1 -10 7 5 9 -9 -4 -4 -8 -10 0 0 0 0 0 0 0 0 ]
CSI_DATA,AP,68:FE:71:12:53:8C,-43,11,1,6,1,1,1,1,0,0,0,-94,2,6,1,36214267,0,84,0,0,36.214,384,[84 -64 4 0 0 0 0 0 0 0 0 0 17 -27 9 -24 17 -9 21 -29 29 -13 24 -5 30 -19 24 -23 24 -17 18 -2 25 -2 15 -6 18 -12 31 -15 21 -13 12 -17 22 -7 25 -3 26 -20 10 -6 29 -9 23 0 22 2 23 -8 20 -18 8 -4 2 12 22 -16 27 -18 21 -8 21 -14 8 -3 22 -6 6 -24 11 -14 5 -3 20 -9 23 -20 4 -7 11 -9 23 -16 20 -24 18 -24 9 -11 15 -14 12 -28 11 -13 27 -6 12 -26 8 -21 26 -26 20 -21 4 -23 -2 5 0 0 0 0 0 0 0 0 ]
CSI_DATA,AP,68:FE:71:12:53:8C,-38,11,1,5,1,1,1,0,0,0,0,-95,0,6,1,36282114,0,84,0,0,36.282,384,[84 -64 4 0 0 0 0 0 0 0 0 0 15 6 31 -10 9 9 22 -3 21 6 11 14 16 -8 16 15 32 -9 18 0 19 6 24 15 19 1 25 4 24 -6 10 9 10 17 26 14 12 0 12 15 16 7 21 11 3 -3 9 10 20 4 10 14 12 -6 27 12 20 -2 21 6 17 9 17 6 12 6 14 -4 11 2 20 12 8 -3 12 -9 17 8 20 0 24 7 24 10 17 4 21 -7 22 -10 17 -12 25 4 18 -1 5 -8 27 -7 13 -12 26 -10 11 -11 11 -11 0 0 0 0 0 0 0 0 ]
CSI_DATA,AP,68:FE:71:12:53:8C,-39,11,1,4,1,1,1,0,0,0,0,-93,0,6,1,36355993,0,84,0,0,36.356,384,[84 -64 4 0 0 0 0 0 0 0 0 0 -23 -16 -8 -22 -4 -3 -24 -18 -19 -26 -24 -15 -14 -6 -3 -4 -13 -3 -3 -12 1 -13 -16 -6 -4 -16 -16 -11 1 -5 -21 -1 -16 -7 5 -7 -15 -4 -1 -13 0 -1 -19 -14 6 -17 1 -17 -15 -11 -20 -21 7 -9 3 0 -12 -10 -19 0 -13 2 1 -1 -9 -19 -3 -1 -13 -19 -14 3 0 -10 -17 -11 -3 -15 -4 0 -20 0 -12 1 -10 -14 -5 -15 -18 -5 -4 -6 -23 1 1 7 -17 -1 0 -15 -19 1 -16 5 -14 -11 -7 -3 0 0 0 0 0 0 0 0 ]
CSI_DATA,AP,68:FE:71:12:53:8C,-42,11,1,6,1,1,1,1,0,0,0,-96,4,6,1,36449010,0,84,0,0,36.449,384,[84 -64 4 0 0 0 0 0 0 0 0 0 7 12 9 22 14 10 26 17 3 26 22 11 8 6 11 14 19 9 2 3 12 4 21 18 14 18 7 22 18 17 16 16 -2 13 3 2 11 9 7 4 1 3 5 11 19 6 21 6 3 10 11 16 -1 10 -1 7 20 3 21 6 17 9 13 -3 13 -4 2 13 2 15 1 -3 0 -3 2 4 18 -4 0 4 3 -2 17 -2 4 11 2 0 19 11 0 10 5 12 15 0 17 9 8 9 4 -7 22 7 11 -1 8 6 0 0 0 0 0 0 0 0 ]
CSI_DATA,AP,68:FE:71:12:53:8C,-40,11,1,4,1,1,1,0,0,0,0,-94,0,6,1,36548366,0,84,0,0,36.548,384,[84 -64 4 0 0 0 0 0 0 0 0 0 -25 -5 -11 -22 -7 -9 -16 -24 -19 -10 -13 -1 -7 -15 -25 -13 -13 -22 -20 -12 -14 -23 -19 -17 -22 -5 -10 -4 -13 -21 -11 -19 -10 -24 -6 -13 -19 -6 3 -15 -11 -12 -10 -10 -10 -17 2 -5 -11 2 -5 -19 -7 -7 -14 -13 -13 -17 3 -18 -15 -1 -14 -2 -15 3 -18 -14 -19 3 -20 -11 -1 -6 -11 -8 -12 10 -15 -3 -20 8 -13 1 -10 -5 -10 -4 -11 -8 -8 8 -14 10 -11 -9 -16 -1 -5 -8 -16 4 -1 6 -15 -11 -4 8 0 0 0 0 0 0 0 0 ]
CSI_DATA,AP,68:FE:71:12:53:8C,-45,11,0,0,0,0,0,0,0,0,0,-95,0,6,1,36656480,0,37,0,0,36.656,128,[84 -64 4 0 0 0 0 0 0 0 0 0 -9 -40 -12 -33 -10 -38 9 -34 6 -27 11 -32 11 -40 -3 -20 -7 -36 10 -26 7 -22 9 -38 5 -21 -7 -16 1 -18 5 -30 9 -27 11 -24 -10 -21 -6 -25 -10 -11 7 -12 3 -7 -9 -14 -10 -9 -11 -14 10 -9 5 -27 -10 -6 1 -5 -5 -21 -17 -4 -8 -21 -2 -1 -13 -14 3 -4 2 -15 -12 -15 -11 -18 -12 -3 0 -2 -12 -4 0 2 -7 -3 -12 0 -13 -20 -22 -9 -4 -16 -1 3 -10 4 -5 6 -6 -3 -16 -17 -9 12 0 0 0 0 0 0 0 0 ]
CSI_DATA,AP,68:FE:71:12:53:8C,-38,11,1,7,1,1,1,0,0,0,0,-93,0,6,1,36746763,0,84,0,0,36.747,384,[84 -64 4 0 0 0 0 0 0 0 0 0 31 -29 19 -10 15 -14 32 -21 36 -12 14 -20 11 -17 19 -20 18 -27 14 -23 31 -24 29 -24 15 -9 15 -14 24 -17 8 -11 17 -21 15 -9 28 -13 23 -8 4 -4 12 -9 23 3 24 1 20 -8 3 -6 -4 0 12 -2 14 -11 15 -14 8 -3 7 0 -1 -17 3 -13 -1 -6 1 -8 9 -17 10 -3 8 -1 13 -19 15 -17 3 -25 13 -8 -5 -17 -11 -19 7 -6 4 -21 -3 -5 -3 -6 -11 -13 -2 -4 -6 -22 -12 -5 11 -3 0 0 0 0 0 0 0 0 ]
CSI_DATA,AP,68:FE:71:12:53:8C,-41,11,1,4,1,1,1,0,0,0,0,-95,0,6,1,36818120,0,84,0,0,36.818,384,[84 -64 4 0 0 0 0 0 0 0 0 0 -22 10 -20 5 -10 14 -16 16 -12 18 -29 -2 -21 18 -16 6 -26 0 -29 14 -26 0 -14 7 -23 0 -29 14 -7 9 -22 2 -12 -5 -18 2 -8 8 -17 10 -13 11 -5 2 -18 4 -5 -2 -13 6 -15 -6 -2 -10 -17 17 -15 12 -13 3 -18 -2 -9 11 -9 4 -26 3 -16 5 -3 18 -20 19 -2 4 -10 -5 -8 15 -5 -2 -15 11 -4 -2 -23 20 -13 15 -20 15 -10 -3 -15 8 -4 -2 0 1 -10 3 1 -2 -13 17 3 12 0 0 0 0 0 0 0 0 ]
CSI_DATA,AP,68:FE:71:12:53:8C,-45,11,1,3,1,1,1,0,0,0,0,-94,0,6,1,36941586,0,84,0,0,36.942,384,[84 -64 4 0 0 0 0 0 0 0 0 0 21 -13 16 -17 15 -14 17 -6 12 1 7 -10 22 -15 23 -8 24 -3 12 -15 18 0 16 0 32 -3 15 -16 24 -8 19 1 28 -19 10 -3 11 -9 13 -4 20 -5 11 -7 25 -11 22 3 23 -17 16 -19 1 9 16 -6 26 -7 19 -3 9 -13 10 -9 14 -17 13 -18 12 -15 25 -16 21 -15 14 -15 16 -8 24 -9 23 -21 23 -13 21 -2 18 -17 19 -17 17 -12 23 -18 23 -13 20 3 28 -14 25 -14 7 -2 22 -1 6 -11 0 0 0 0 0 0 0 0 ]
CSI_DATA,AP,68:FE:71:12:53:8C,-36,11,1,6,1,1,1,0,0,0,0,-94,0,6,1,37034148,0,84,0,0,37.034,384,[84 -64 4 0 0 0 0 0 0 0 0 0 -1 -23 -11 -28 11 -31 14 -22 -2 -20 1 -12 8 -20 13 -17 4 -29 5 -26 7 -16 6 -19 7 -26 -5 -32 15 -22 2 -36 17 -33 -6 -23 -2 -21 9 -24 12 -15 12 -11 19 -11 5 -18 -3 -31 6 -10 4 -4 6 -29 2 -13 13 -31 0 -19 12 -24 6 -33 -6 -30 5 -26 -1 -30 -8 -32 13 -14 14 -17 2 -24 10 -17 10 -22 -5 -31 -7 -32 7 -36 -2 -18 -5 -15 12 -12 13 -36 2 -30 -1 -26 14 -26 -6 -28 0 0 0 0 0 0 0 0 0 0 ]
CSI_DATA,AP,68:FE:71:12:53:8C,-42,11,1,4,1,1,1,0,0,0,0,-93,0,6,1,37113438,0,84,0,0,37.113,384,[84 -64 4 0 0 0 0 0 0 0 0 0 -9 0 2 2 13 8 -2 8 2 4 -4 10 -8 2 -13 25 -2 4 6 16 -1 26 -7 18 -5 23 -14 10 5 3 -15 4 1 17 -17 14 -9 25 5 16 6 10 6 17 -1 15 -5 17 3 11 7 15 -11 9 -3 7 -13 13 -11 15 -4 17 2 21 -8 3 -6 16 3 5 -11 15 2 12 3 19 0 6 -4 9 -8 14 3 11 3 16 -13 19 -6 24 6 14 5 7 -5 9 -9 26 -1 8 -3 23 -1 17 5 29 5 5 0 0 0 0 0 0 0 0 ]
CSI_DATA,AP,68:FE:71:12:53:8C,-40,11,1,6,1,1,1,1,0,0,0,-95,3,6,1,37196228,0,84,0,0,37.196,384,[84 -64 4 0 0 0 0 0 0 0 0 0 15 -16 17 -27 15 -29 13 -21 18 -13 8 -18 21 -23 12 -17 16 -26 25 -24 25 -25 16 -25 22 -21 28 -25 25 -15 10 -16 28 -23 5 -14 13 -6 12 -4 26 -9 14 -10 8 -21 19 -1 27 -20 18 -3 9 -10 22 -10 13 -20 27 -16 23 -16 13 -13 19 -23 12 -4 9 -20 21 -10 17 -25 14 -19 15 -14 22 -17 4 -13 8 -22 17 -15 13 -21 9 -15 3 -29 12 -25 11 -18 19 -22 7 -17 21 -31 22 -7 3 -21 -1 7 0 0 0 0 0 0 0 0 ]
CSI_DATA,AP,68:FE:71:12:53:8C,-41,11,1,4,1,1,1,0,0,0,0,-96,0,6,1,37278057,0,84,0,0,37.278,384,[84 -64 4 0 0 0 0 0 0 0 0 0 -3 -9 3 -22 -9 -24 -5 -10 -18 -12 -11 -25 -20 -31 -3 -23 -5 -18 -11 -15 -6 -15 -15 -23 -10 -21 -13 -25 -6 -11 3 -20 6 -12 -15 -12 -5 -23 9 -15 -4 -34 10 -11 0 -21 -2 -27 -7 -20 5 -28 1 -12 4 -14 -6 -11 -2 -10 7 -23 -2 -9 -4 -20 -11 -31 -11 -32 0 -16 -7 -32 6 -29 7 -28 -18 -29 6 -31 -19 -11 -14 -28 -5 -33 -10 -22 -2 -31 -3 -30 4 -30 0 -25 -8 -7 -8 -10 -12 -18 4 -26 1 12 0 0 0 0 0 0 0 0 ]
CSI_DATA,AP,68:FE:71:12:53:8C,-44,11,1,3,1,1,1,0,0,0,0,-94,0,6,1,37355642,0,84,0,0,37.356,384,[84 -64 4 0 0 0 0 0 0 0 0 0 6 14 -4 18 4 20 -8 11 9 23 -11 6 -11 16 2 9 6 2 6 8 4 8 -6 10 -5 2 -4 12 -6 21 -15 11 -3 14 0 12 -15 -2 -10 7 -5 1 -11 7 -11 12 3 3 -8 20 -16 19 1 12 -5 0 -8 22 1 12 -7 3 7 10 5 3 -4 2 -5 4 9 10 8 14 7 3 9 19 -7 15 -4 0 -12 8 -12 1 4 9 8 5 -3 18 8 7 1 -2 6 16 -12 7 8 17 -8 11 -6 7 -8 1 0 0 0 0 0 0 0 0 ]
CSI_DATA,AP,68:FE:71:12:53:8C,-36,11,1,6,1,1,1,0,0,0,0,-94,0,6,1,37434800,0,84,0,0,37.435,384,[84 -64 4 0 0 0 0 0 0 0 0 0 6 22 11 25 -6 12 5 30 9 32 -13 25 -14 17 -11 29 -3 22 -11 25 -13 13 1 25 -11 19 2 15 -11 18 -16 13 -13 26 1 21 -13 15 -6 27 -5 27 -4 27 -8 14 -10 18 5 27 4 27 -6 0 7 5 -12 24 -13 25 -8 24 -4 27 1 26 -12 13 -4 11 6 20 -5 7 7 7 -2 27 -10 24 -13 14 1 14 9 16 -3 27 11 7 10 27 -10 21 6 24 4 17 1 13 -5 21 -11 14 5 15 2 11 0 0 0 0 0 0 0 0 ]
CSI_DATA,AP,68:FE:71:12:53:8C,-45,11,1,4,1,1,1,0,0,0,0,-95,0,6,1,37501330,0,84,0,0,37.501,384,[82 -96 4 0 0 0 0 0 0 0 0 0 24 2 9 -15 28 -14 21 4 14 -16 7 -18 27 2 15 -10 25 -8 25 1 25 1 27 -5 19 -12 25 -12 8 -9 15 -13 10 -6 10 8 27 -13 12 -8 21 -9 5 8 3 -3 28 1 24 2 25 -5 8 -11 19 -10 10 -1 14 -8 5 -12 23 -5 18 0 18 -7 22 -12 22 -9 5 -1 15 -18 18 2 20 1 1 -7 19 -6 13 -4 10 -17 13 -9 3 -8 21 -7 1 -13 4 -3 19 -18 12 -5 19 -15 1 3 2 -12 0 0 0 0 0 0 0 0 ]
CSI_DATA,AP,68:FE:71:12:53:8C,-40,11,1,4,1,1,1,0,0,0,0,-95,0,6,1,37593458,0,84,0,0,37.593,384,[84 -64 4 0 0 0 0 0 0 0 0 0 6 -16 19 -16 12 -20 3 -17 16 -25 3 0 13 -15 7 -10 15 -1 8 -15 26 3 6 -4 25 -21 2 -19 16 -1 5 -20 2 -11 13 -7 6 -18 9 -12 21 -10 10 -7 2 -12 23 -7 4 -17 24 3 -10 7 20 -2 22 -16 8 -6 9 -4 20 3 15 2 18 -19 6 -10 19 -6 6 -13 -1 -13 8 -8 7 2 20 -12 5 -16 -2 -21 16 -16 0 -4 5 -22 4 -2 17 -2 -1 -2 11 -22 19 -10 6 -10 5 -2 7 -7 0 0 0 0 0 0 0 0 ]
CSI_DATA,AP,68:FE:71:12:53:8C,-37,11,1,6,1,1,1,1,0,0,0,-93,4,6,1,37675013,0,84,0,0,37.675,384,[84 -64 4 0 0 0 0 0 0 0 0 0 -6 -5 -21 -7 -25 -10 -10 -14 -27 -8 -29 -24 -21 -8 -27 -4 -28 -24 -17 -23 -5 -12 -6 -21 -24 -9 -23 -22 -22 -13 -3 -17 -6 -14 -25 -21 -15 -16 -19 -11 -5 -20 -12 -22 -4 -13 -20 -24 -3 -3 -1 -9 4 0 -19 -6 -6 -15 -2 -22 -10 -22 -16 -22 -7 -9 -15 -3 -16 -20 -5 -1 -3 -5 -23 -12 -2 -2 -24 -20 -25 -1 -16 -6 -18 -13 -13 -17 -13 -16 -8 4 -11 2 -3 1 -19 -19 -7 0 -20 0 -24 6 -5 -4 0 12 0 0 0 0 0 0 0 0 ]
CSI_DATA,AP,68:FE:71:12:53:8C,-41,11,1,6,1,1,1,0,0,0,0,-95,0,6,1,37747746,0,84,0,0,37.748,384,[84 -64 4 0 0 0 0 0 0 0 0 0 8 -19 11 -30 14 -13 13 -12 8 -13 11 -30 23 -7 2 -21 7 -15 14 -7 3 -13 16 -12 9 -13 4 -15 15 -13 18 -9 0 -14 12 -7 6 -27 23 -18 17 -15 4 -11 19 -7 9 -25 11 -24 3 -3 10 7 8 -19 12 -25 18 -18 4 -20 14 -7 14 -23 -4 -23 -3 -7 7 -20 0 -16 -5 -7 -2 -16 15 -24 2 -18 0 -20 5 -22 18 -18 1 -13 -5 -9 12 -24 4 -25 17 -23 16 -5 6 -21 11 -10 8 -25 2 -2 0 0 0 0 0 0 0 0 ]
CSI_DATA,AP,68:FE:71:12:53:8C,-39,11,1,5,1,1,1,0,0,0,0,-96,0,6,1,37855750,0,84,0,0,37.856,384,[84 -64 4 0 0 0 0 0 0 0 0 0 -8 -16 -9 -13 -5 -28 -8 -22 -1 -12 -5 -29 15 -21 -1 -17 12 -15 -1 -26 6 -17 15 -21 3 -8 15 -16 3 -16 17 -23 5 -6 0 -5 4 -14 10 -26 5 -13 16 -27 5 -7 11 -23 11 -27 7 -27 -3 -12 -8 -9 -7 -16 6 -8 11 -20 13 -11 12 -17 1 -21 -10 -9 6 -12 -6 -23 1 -4 6 -17 -5 -5 -8 -13 5 -15 -10 -13 -5 -21 8 -21 -4 -19 9 -6 -7 -14 -10 -20 1 -24 -12 -22 -13 -15 8 -6 -9 -1 0 0 0 0 0 0 0 0 ]
CSI_DATA,AP,68:FE:71:12:53:8C,-40,11,1,4,1,1,1,0,0,0,0,-96,0,6,1,37920137,0,84,0,0,37.92,384,[84 -64 4 0 0 0 0 0 0 0 0 0 -39 12 -28 11 -38 10 -31 14 -27 -5 -31 -3 -31 14 -23 3 -37 -2 -23 -5 -22 0 -40 -1 -42 3 -39 6 -22 -6 -34 5 -33 -8 -24 -11 -37 6 -17 -7 -23 -4 -25 -8 -30 12 -32 6 -18 6 -15 0 5 -1 -30 7 -28 8 -16 -1 -21 1 -32 6 -15 2 -14 4 -15 -9 -24 16 -31 12 -28 -6 -18 -3 -22 7 -24 -3 -31 8 -24 -5 -34 -1 -19 1 -14 14 -31 0 -18 3 -25 14 -28 10 -33 12 -23 4 -30 0 6 2 0 0 0 0 0 0 0 0 ]
CSI_DATA,AP,68:FE:71:12:53:8C,-41,11,1,5,1,1,1,0,0,0,0,-96,0,6,1,38015113,0,84,0,0,38.015,384,[84 -64 4 0 0 0 0 0 0 0 0 0 -22 -2 -9 -3 -30 -1 -26 11 -17 7 -19 -10 -25 8 -12 -4 -32 -10 -15 -4 -25 -6 -21 -8 -9 6 -14 -13 -26 9 -31 5 -9 -7 -29 -10 -12 -10 -18 -12 -24 -1 -23 9 -9 4 -16 -13 -19 4 -12 -7 -3 3 -20 3 -7 -9 -6 -11 -25 -7 -7 -4 -7 -2 -18 2 -25 0 -13 7 -18 -3 -12 -6 -14 -3 -10 -5 -22 12 -17 -3 -24 2 -8 10 -28 -4 -4 15 -12 3 -18 16 -10 9 -21 1 -15 15 -7 -6 -6 8 9 6 0 0 0 0 0 0 0 0 ]
CSI_DATA,AP,68:FE:71:12:53:8C,-41,11,1,6,1,1,1,1,0,0,0,-94,1,6,1,38071871,0,84,0,0,38.072,384,[84 -64 4 0 0 0 0 0 0 0 0 0 -2 -19 -3 -23 -15 -18 6 -31 -14 -26 -2 -11 6 -19 -8 -10 -9 -27 7 -20 -6 -28 4 -31 -5 -9 9 -20 -11 -30 1 -18 12 -20 7 -16 -1 -22 -9 -22 -1 -27 -1 -7 7 -23 6 -24 -4 -11 4 -24 -2 -6 -6 -15 1 -26 11 -19 -1 -11 -12 -4 -13 -25 -2 -9 5 -8 -5 -19 -4 -24 -3 -11 -14 -22 8 -26 1 -14 -2 -27 -16 -12 -1 -27 1 -25 -12 -10 -12 -21 -2 -4 5 -9 -7 -7 -6 -27 -16 -4 -4 -20 2 12 0 0 0 0 0 0 0 0 ]
CSI_DATA,AP,68:FE:71:12:53:8C,-46,11,0,0,0,0,0,0,0,0,0,-94,0,6,1,38158725,0,37,0,0,38.159,128,[84 -64 4 0 0 0 0 0 0 0 0 0 -17 21 -26 32 -26 36 -24 18 -27 22 -11 36 -12 16 -24 14 -12 36 -7 15 -13 28 -31 24 -26 18 -15 30 -12 32 -24 25 -8 9 -14 13 -21 21 -20 25 -27 20 -7 19 -13 23 -12 19 -16 24 -28 8 4 5 -6 31 -10 29 -13 14 -6 27 -7 19 -10 17 -25 27 -9 21 -8 12 -1 17 -6 11 0 31 -2 30 -10 14 -7 23 -19 27 -17 13 -7 29 -21 26 1 9 -16 14 -5 14 -7 12 -8 22 -6 33 -10 10 -1 0 0 0 0 0 0 0 0 0 ]
CSI_DATA,AP,68:FE:71:12:53:8C,-47,11,1,3,1,1,1,0,0,0,0,-94,0,6,1,38242113,0,84,0,0,38.242,384,[84 -64 4 0 0 0 0 0 0 0 0 0 -21 14 -10 7 -22 12 -26 17 -32 14 -21 -8 -20 -1 -28 14 -11 -9 -10 7 -14 2 -10 12 -18 -3 -16 0 -26 10 -18 -8 -13 -8 -24 10 -31 -2 -22 12 -9 -10 -23 -6 -24 -6 -8 -11 -14 13 -17 -4 -9 -11 -13 -3 -20 6 -8 8 -13 -4 -23 6 -12 14 -19 -3 -8 -7 -18 3 -18 12 -12 -2 -9 10 -27 13 -26 -7 -25 14 -14 -2 -15 9 -20 -6 -4 16 -22 -4 -10 -4 -17 10 -9 1 -15 2 -5 4 -17 4 9 -7 0 0 0 0 0 0 0 0 ]
CSI_DATA,AP,68:FE:71:12:53:8C,-43,11,1,4,1,1,1,0,0,0,0,-93,0,6,1,38327085,0,84,0,0,38.327,384,[84 -64 4 0 0 0 0 0 0 0 0 0 5 51 27 36 11 59 3 77 7 43 5 38 -7 45 3 46 17 47 4 60 -27 60 -9 62 -18 55 -27 51 -5 55 -29 75 -28 65 -16 23 -12 54 -24 51 -11 47 -32 57 -2 37 -11 39 -28 55 -22 49 0 -12 -33 63 3 53 -11 47 -18 59 -9 41 -23 49 -9 54 -9 57 -3 43 10 38 -7 54 6 55 19 35 10 41 0 48 3 62 -17 61 15 64 -10 52 8 48 -8 43 10 57 5 55 19 59 -1 52 24 56 7 5 0 0 0 0 0 0 0 0 ]
CSI_DATA,AP,68:FE:71:12:53:8C,-42,11,1,6,1,1,1,1,0,0,0,-93,2,6,1,38397743,0,84,0,0,38.398,384,[84 -64 4 0 0 0 0 0 0 0 0 0 -31 -10 -10 -9 -19 11 -31 9 -23 -2 -22 -13 -14 -4 -19 -1 -19 -4 -19 6 -9 -10 -23 -3 -14 2 -8 -1 -7 5 -10 -14 -18 4 -9 8 -24 3 -15 0 -18 -4 -14 -13 -19 0 -14 -12 -25 -11 -7 -1 9 -5 -14 -10 -8 5 -28 7 -13 1 -6 -14 -28 -12 -26 -5 -6 8 -16 -9 -5 -9 -22 2 -9 9 -12 9 -10 -10 -21 0 -16 0 -9 6 -8 5 -18 6 -12 -5 -14 2 -19 11 -19 -8 -13 13 -10 -2 -13 -3 5 11 0 0 0 0 0 0 0 0 ]
CSI_DATA,AP,68:FE:71:12:53:8C,-40,11,1,5,1,1,1,0,0,0,0,-96,0,6,1,38488971,0,84,0,0,38.489,384,[84 -64 4 0 0 0 0 0 0 0 0 0 -1 24 6 14 0 18 6 8 12 16 -5 18 10 10 -8 9 -1 28 11 8 -13 23 -7 29 9 29 -6 17 4 9 -4 15 -13 25 11 21 1 16 7 16 -10 13 -6 18 -14 25 -5 21 2 22 -7 11 -5 2 5 13 12 10 1 13 -6 14 -11 19 12 20 -5 14 -11 20 13 9 7 26 8 25 12 14 -2 8 8 19 -8 9 -8 9 11 21 0 6 -2 17 -9 25 -1 11 6 12 -2 8 5 13 2 23 10 15 -7 -5 0 0 0 0 0 0 0 0 ]
CSI_DATA,AP,68:FE:71:12:53:8C,-41,11,1,6,1,1,1,0,0,0,0,-96,0,6,1,38575001,0,84,0,0,38.575,384,[84 -64 4 0 0 0 0 0 0 0 0 0 -35 6 -40 -4 -48 -9 -50 -11 -28 -7 -45 -5 -32 0 -45 -7 -39 -17 -29 -21 -44 -12 -27 -9 -33 -21 -46 2 -47 -3 -25 -7 -24 -18 -33 2 -43 0 -35 -8 -30 -5 -30 -7 -35 -16 -33 -13 -38 -22 -37 -14 9 12 -27 -3 -32 -10 -36 -7 -29 -15 -34 -16 -20 4 -20 -3 -31 -6 -34 -4 -37 -15 -26 5 -23 3 -40 7 -42 -14 -43 8 -41 -7 -45 -4 -25 9 -36 9 -37 -5 -41 0 -41 0 -26 -2 -33 3 -30 0 -34 -9 5 -3 0 0 0 0 0 0 0 0 ]
CSI_DATA,AP,68:FE:71:12:53:8C,-39,11,1,6,1,1,1,0,0,0,0,-94,0,6,1,38654065,0,84,0,0,38.654,384,[84 -64 4 0 0 0 0 0 0 0 0 0 -16 4 -11 -8 -31 -14 -29 -10 -23 7 -32 -7 -27 -16 -32 -6 -23 2 -23 -1 -30 -13 -23 -11 -17 -1 -27 -5 -25 -16 -12 -13 -9 -1 -7 -12 -13 1 -17 -8 -12 -10 -24 -14 -11 -12 -26 -14 -28 -4 -20 -16 1 7 -28 4 -20 -17 -6 -5 -28 -14 -17 -9 -17 -3 -12 1 -10 -16 -8 -7 -10 7 -21 -8 -22 -6 -18 -6 -18 -11 -11 1 -14 2 -9 1 -5 -13 -19 5 -20 -1 -20 8 -9 11 -27 11 -28 -8 -27 9 -15 9 -6 -7 0 0 0 0 0 0 0 0 ]
CSI_DATA,AP,68:FE:71:12:53:8C,-41,11,1,6,1,1,1,0,0,0,0,-96,0,6,1,38765744,0,84,0,0,38.766,384,[84 -64 4 0 0 0 0 0 0 0 0 0 13 -21 19 -15 14 -25 15 -23 19 -22 11 -21 0 -27 20 -9 20 -13 11 -12 19 -10 6 -19 20 -21 21 -18 23 -11 9 -3 17 -3 24 -12 23 -19 10 -21 9 -7 7 -1 0 -10 5 -21 16 -1 10 -6 -10 -6 13 -12 11 -9 19 -18 20 -2 -2 -12 8 -5 7 -8 22 -22 6 -7 13 -16 -1 -16 -4 -11 1 -8 -2 -25 1 -21 -4 -5 13 -2 0 -22 15 -15 4 -25 15 -18 14 -4 -4 -4 10 -27 5 -6 -6 -24 -6 12 0 0 0 0 0 0 0 0 ]
CSI_DATA,AP,68:FE:71:12:53:8C,-43,11,1,5,1,1,1,0,0,0,0,-95,0,6,1,38847533,0,84,0,0,38.848,384,[84 -64 4 0 0 0 0 0 0 0 0 0 7 -24 11 -16 1 -9 7 -18 -5 -27 -3 -27 -1 -22 6 -11 5 -23 18 -7 3 -7 -1 -4 -2 -20 12 -5 10 -27 2 -25 13 -16 -2 -20 3 -8 20 -25 4 -1 -3 -23 3 -2 -1 -7 11 -20 -4 -2 -11 6 13 -18 17 -19 2 -19 14 -17 -5 -17 18 -5 13 -12 7 -8 -7 -11 3 -8 13 -3 6 -10 1 -3 11 -8 8 -23 -7 -17 -1 -23 16 -23 -2 -3 -7 -19 -5 -26 5 -10 6 -14 3 -13 11 -11 -1 -19 -11 -8 0 0 0 0 0 0 0 0 ]
CSI_DATA,AP,68:FE:71:12:53:8C,-43,11,1,6,1,1,1,1,0,0,0,-96,4,6,1,38900880,0,84,0,0,38.901,384,[84 -64 4 0 0 0 0 0 0 0 0 0 7 -19 5 -4 27 -3 15 -14 28 -8 21 -6 11 1 12 -5 20 -22 9 -8 12 -12 22 -15 24 -4 26 -2 12 0 17 -1 19 -5 27 -13 14 -10 12 -14 25 -13 6 -14 24 -9 11 -7 8 -5 25 -4 1 -12 4 -15 8 -12 22 4 4 5 15 -9 5 -18 7 -19 2 -17 23 -6 15 3 5 2 22 -10 13 -1 12 0 7 3 25 -8 5 -13 3 -1 6 -11 15 -1 16 -3 17 -10 24 -8 21 -7 5 -21 12 -18 -8 8 0 0 0 0 0 0 0 0 ]
CSI_DATA,AP,68:FE:71:12:53:8C,-40,11,1,6,1,1,1,0,0,0,0,-95,0,6,1,38978484,0,84,0,0,38.978,384,[84 -64 4 0 0 0 0 0 0 0 0 0 7 2 11 0 14 20 17 18 1 18 21 4 9 11 16 2 8 14 1 6 17 18 13 17 10 4 13 4 16 8 -3 10 9 21 4 15 8 8 9 21 6 18 5 16 0 3 0 5 3 2 7 8 -2 -11 3 23 7 19 4 12 15 10 4 10 5 22 11 8 3 18 13 8 15 0 3 22 13 20 -3 4 12 7 10 21 5 10 5 4 9 6 4 4 17 -4 18 7 4 4 18 -1 21 -4 4 20 16 18 9 -2 0 0 0 0 0 0 0 0 ]
CSI_DATA,AP,68:FE:71:12:53:8C,-41,11,1,4,1,1,1,0,0,0,0,-96,0,6,1,39044871,0,84,0,0,39.045,384,[84 -64 4 0 0 0 0 0 0 0 0 0 -11 -10 -2 -18 5 -18 -17 -18 -15 -28 6 -16 -5 -20 1 -24 -13 -20 -2 -11 7 -32 -7 -12 -14 -30 -6 -30 -8 -31 1 -17 -1 -9 -1 -30 -1 -19 4 -9 5 -28 3 -10 -1 -8 8 -28 8 -5 8 -8 7 11 -11 -22 4 -19 -2 -9 0 -11 9 -4 -8 -19 -15 -12 -7 -20 7 -17 -7 -18 3 -25 -1 -17 -8 -22 1 -22 6 -10 -11 -9 4 -21 -8 -19 -1 -19 -1 -16 -18 -8 4 -9 -2 -14 -2 -7 -7 -24 3 -27 -11 -10 0 0 0 0 0 0 0 0 ]
CSI_DATA,AP,68:FE:71:12:53:8C,-41,11,1,4,1,1,1,1,0,0,1,-94,2,6,1,39129706,0,84,0,0,39.13,384,[84 -64 4 0 0 0 0 0 0 0 0 0 11 -13 3 -14 21 -4 22 -11 24 -27 21 -6 6 -20 10 -8 4 -2 27 -6 9 -2 6 -9 9 -4 10 -8 7 -18 5 -19 2 -9 2 -19 14 -11 21 1 11 -18 3 -16 4 -8 13 -11 14 -21 8 -5 10 11 8 -12 15 -1 1 -14 21 -7 0 -4 12 -14 15 -19 10 1 7 -13 -1 -15 11 -4 11 0 13 -10 9 -4 12 -10 2 -8 22 -5 22 -24 1 -7 16 -22 -2 -1 -1 -1 19 -7 5 -3 19 -13 11 -2 -12 -12 0 0 0 0 0 0 0 0 ]
CSI_DATA,AP,68:FE:71:12:53:8C,-37,11,0,0,0,0,0,0,0,0,0,-95,0,6,1,39188830,0,37,0,0,39.189,128,[84 -64 4 0 0 0 0 0 0 0 0 0 -7 2 -6 -10 -17 -19 -28 0 -9 -6 -19 -3 -6 -13 -15 -20 -14 -23 -16 -10 -6 -18 -19 -13 -16 -6 -13 -6 -26 -9 -6 -22 -17 -4 -23 -4 -14 -13 -6 -15 -18 -9 -17 -15 -16 -18 -23 0 -20 -15 -19 -18 -9 11 -18 -2 -21 -5 -4 -22 -7 -21 -23 -18 -14 -17 -14 -3 -7 -7 -9 -2 -8 -18 -22 -5 -5 -15 -17 -16 -11 -6 -8 -13 -15 -7 -19 -14 -14 -13 -17 -12 -15 4 -11 -12 -26 -14 -24 -3 -15 6 -9 7 -11 -3 -1 12 0 0 0 0 0 0 0 0 ]
CSI_DATA,AP,68:FE:71:12:53:8C,-34,11,1,5,1,1,1,0,0,0,0,-94,0,6,1,39269498,0,84,0,0,39.269,384,[84 -64 4 0 0 0 0 0 0 0 0 0 -9 4 -21 13 -12 7 -15 22 -17 6 -27 20 -9 22 -25 6 -16 23 -16 -2 -20 16 -16 11 -24 10 -24 8 -22 8 -22 21 -6 5 -14 18 -8 8 -16 3 -15 -1 -9 11 -10 0 -18 14 -15 11 -25 0 11 11 -21 19 -20 -1 -8 7 -13 0 -4 19 -21 15 -10 5 -22 10 -4 1 -3 22 -10 2 -11 17 -20 8 -2 6 -10 2 -6 2 -13 16 -11 20 -10 9 -2 3 -4 6 -13 6 -14 20 0 7 -13 20 -19 18 -11 2 0 0 0 0 0 0 0 0 ]
CSI_DATA,AP,68:FE:71:12:53:8C,-40,11,1,4,1,1,1,0,0,0,0,-93,0,6,1,39362994,0,84,0,0,39.363,384,[84 -64 4 0 0 0 0 0 0 0 0 0 30 -8 22 -1 28 -8 24 0 15 2 19 -9 11 -10 23 9 20 5 26 -1 8 -3 10 -2 22 10 30 -5 9 -3 20 -5 9 -7 29 -8 14 11 5 9 21 5 8 14 17 1 5 14 20 7 27 4 -4 -5 23 13 21 3 19 -6 17 12 5 -11 13 12 17 6 8 7 10 0 25 4 20 -1 11 -5 3 -5 5 3 26 -5 23 -9 10 -14 25 0 7 4 8 -9 25 7 23 -16 10 1 22 7 24 4 17 -9 -2 8 0 0 0 0 0 0 0 0 ]
CSI_DATA,AP,68:FE:71:12:53:8C,-43,11,1,6,1,1,1,0,0,0,0,-94,0,6,1,39429062,0,84,0,0,39.429,384,[84 -64 4 0 0 0 0 0 0 0 0 0 -13 24 -12 20 4 27 1 24 5 31 -5 17 -5 20 -5 15 -6 9 -12 18 -1 28 -8 30 -19 17 -2 26 -15 25 -1 19 1 13 -7 22 -7 13 -13 22 6 21 2 21 -5 9 0 6 -9 25 2 4 -4 -8 -6 18 -5 23 3 24 3 13 0 24 -13 4 9 27 6 8 -13 10 1 17 2 21 -3 8 -11 21 11 8 10 18 -4 25 -1 17 13 15 7 7 2 16 -11 5 0 13 -5 10 3 27 14 4 -1 27 -4 0 0 0 0 0 0 0 0 0 ]
CSI_DATA,AP,68:FE:71:12:53:8C,-40,11,1,6,1,1,1,1,0,0,0,-96,2,6,1,39544014,0,84,0,0,39.544,384,[84 -64 4 0 0 0 0 0 0 0 0 0 27 -18 21 0 19 -7 19 3 17 -12 25 -9 13 6 9 -13 25 8 11 -7 10 -9 13 6 17 7 14 -2 29 -3 18 -5 11 10 15 -6 12 11 15 -5 13 -7 14 -4 24 12 28 -11 9 -1 25 11 -11 -12 12 5 10 -7 16 -11 19 0 10 -1 13 3 24 2 18 -13 14 0 8 -8 19 -2 12 -9 7 -12 8 8 5 -14 24 -13 6 -14 27 -8 9 -10 12 -7 14 -12 17 6 17 -17 13 -9 5 6 15 5 4 -11 0 0 0 0 0 0 0 0 ]
CSI_DATA,AP,68:FE:71:12:53:8C,-44,11,1,4,1,1,1,0,0,0,0,-96,0,6,1,39622106,0,84,0,0,39.622,384,[84 -64 4 0 0 0 0 0 0 0 0 0 -13 -28 -11 -14 -3 -9 -20 -27 -18 -9 -9 -19 -6 -14 -21 -19 -11 -24 -6 -26 -8 -10 0 -21 -19 -30 -1 -13 -14 -13 -3 -17 2 -14 -18 -21 2 -21 -14 -13 -10 -24 -11 -16 -12 -4 -4 -8 4 -10 -17 -21 11 2 -4 -7 -14 -15 -9 -24 -14 -26 -4 -22 -14 -14 -15 -11 -3 -16 0 -11 -8 -10 2 -19 -15 -7 -4 -22 -21 -5 -2 -3 -4 -13 -4 -7 -11 -11 -3 -13 -9 -21 -9 -23 -23 -11 0 -2 -18 -3 -2 -11 -8 -13 -1 0 0 0 0 0 0 0 0 0 ]
CSI_DATA,AP,68:FE:71:12:53:8C,-41,11,1,5,1,1,1,0,0,0,0,-94,0,6,1,39727151,0,84,0,0,39.727,384,[84 -64 4 0 0 0 0 0 0 0 0 0 -19 16 -7 19 -12 7 -13 19 -8 13 -23 14 -2 6 -2 20 -11 27 -16 23 -25 11 -13 9 -14 24 -15 18 -11 11 -25 28 -25 23 -20 21 -5 2 0 7 -6 20 -12 15 -7 23 -12 13 -8 18 -22 15 -1 2 -17 17 -1 6 -12 13 -6 18 -19 0 -22 6 -21 7 2 13 -14 23 4 25 -1 3 -4 26 -20 8 0 15 -11 12 -17 14 -10 21 -8 19 -16 19 -6 19 -15 24 3 18 -10 9 7 23 -15 11 -4 6 4 -4 0 0 0 0 0 0 0 0 ]
CSI_DATA,AP,68:FE:71:12:53:8C,-43,11,1,4,1,1,1,0,0,0,1,-96,0,6,1,39795830,0,84,0,0,39.796,384,[84 -64 4 0 0 0 0 0 0 0 0 0 -14 11 -7 24 0 10 -2 16 -17 20 -22 19 -5 6 1 23 -17 17 -23 26 -15 24 -11 21 -8 28 -13 15 -1 18 -2 15 -17 20 -15 20 -6 3 -19 20 -12 23 -24 3 -20 24 1 15 -22 22 -14 19 0 -7 0 9 -9 18 -20 22 -11 7 -1 13 -17 9 -14 15 -18 16 -1 26 2 16 5 18 -10 20 -12 19 5 6 -9 22 -2 8 -9 15 -17 5 7 28 -10 13 -12 5 0 28 8 19 -14 11 -8 11 -15 13 -2 6 0 0 0 0 0 0 0 0 ]
CSI_DATA,AP,68:FE:71:12:53:8C,-40,11,1,4,1,1,1,0,0,0,0,-95,0,6,1,39864536,0,84,0,0,39.865,384,[84 -64 4 0 0 0 0 0 0 0 0 0 13 -6 17 -23 14 -19 13 -19 27 -9 13 -23 26 -10 16 -22 17 -6 10 -7 20 -21 8 -5 18 -4 17 -8 10 -10 22 -23 10 -1 18 -16 8 -5 20 -1 8 -19 13 -18 6 4 12 -11 26 -1 28 -15 -7 -9 7 -13 9 -17 20 -5 5 -13 3 -11 9 -8 17 -3 14 -4 9 -8 11 -14 4 -18 16 -9 3 -9 9 -24 5 -18 20 -25 20 -20 10 -22 16 -25 20 -21 15 -3 22 -2 9 -26 17 -15 9 -25 -1 -16 -3 0 0 0 0 0 0 0 0 0 ]
CSI_DATA,AP,68:FE:71:12:53:8C,-42,11,1,6,1,1,1,0,0,0,0,-95,0,6,1,39947825,0,84,0,0,39.948,384,[84 -64 4 0 0 0 0 0 0 0 0 0 16 -12 9 -12 19 -19 29 -13 30 -15 28 0 28 -18 7 -19 15 -19 10 -10 26 -2 29 -14 13 -13 27 -13 31 -1 11 2 23 0 8 3 15 7 8 6 30 7 23 -2 23 -13 20 6 28 -7 24 -1 1 -12 16 -8 26 -17 26 0 22 0 12 -12 7 -7 22 3 10 -7 10 -6 4 -7 27 -6 6 -18 9 -6 24 -4 2 -12 14 -15 3 -21 8 2 6 -16 25 -9 23 0 8 -22 26 -15 11 -17 10 -17 15 -17 -12 4 0 0 0 0 0 0 0 0 ]
CSI_DATA,AP,68:FE:71:12:53:8C,-41,11,1,4,1,1,1,0,0,0,1,-95,0,6,1,40032396,0,84,0,0,40.032,384,[84 -64 4 0 0 0 0 0 0 0 0 0 26 -6 30 9 25 4 14 -7 23 -6 18 12 15 -5 21 13 24 10 24 4 31 11 30 18 28 -2 15 -1 20 9 18 13 19 16 19 6 14 8 22 -2 20 2 27 2 10 -5 10 18 20 12 20 8 -5 -11 21 7 14 -7 25 7 9 0 8 10 8 0 14 -4 26 -1 12 7 27 6 12 13 13 -2 27 8 14 1 11 -3 20 6 16 6 16 -4 18 0 21 3 11 -2 17 3 18 -5 26 -9 9 11 6 -13 -9 12 0 0 0 0 0 0 0 0 ]
CSI_DATA,AP,68:FE:71:12:53:8C,-45,11,1,5,1,1,1,0,0,0,0,-95,0,6,1,40110766,0,84,0,0,40.111,384,[84 -64 4 0 0 0 0 0 0 0 0 0 -24 17 -22 25 -17 18 -22 23 -6 21 -21 10 -25 7 -14 0 -24 19 -9 14 -27 23 -19 4 -17 4 -26 17 -16 -3 -25 13 -23 11 -28 18 -16 -5 -27 7 -17 5 -8 8 -5 7 -18 15 -23 -2 -20 15 -5 -11 -24 6 -5 -3 -27 16 -11 -1 -13 17 -24 13 -18 7 -15 12 -15 -2 -6 -3 -24 8 -22 9 -19 7 -8 10 -20 -2 -24 15 -13 1 -23 3 -15 7 -19 22 -5 19 -17 13 -2 0 -10 9 -5 0 -3 15 7 3 0 0 0 0 0 0 0 0 ]
CSI_DATA,AP,68:FE:71:12:53:8C,-37,11,1,5,1,1,1,0,0,0,0,-94,0,6,1,40172578,0,82,0,0,40.173,384,[84 -64 4 0 0 0 0 0 0 0 0 0 -20 15 -19 30 -19 29 -14 10 -22 20 -15 29 -10 29 -22 29 -1 15 -5 11 -18 11 -18 16 -9 24 -15 21 -21 16 -19 11 -11 20 -24 22 -2 25 -1 27 -14 23 -4 10 -23 8 -9 9 -17 3 -14 24 9 12 -13 25 -20 24 1 18 3 14 -17 21 3 25 -8 7 -7 13 -8 8 3 23 -6 18 -2 9 5 27 -14 5 -12 16 6 13 6 17 -12 19 -8 13 5 18 6 19 -15 22 0 28 -9 27 -16 22 -9 17 11 3 0 0 0 0 0 0 0 0 ]
CSI_DATA,AP,68:FE:71:12:53:8C,-38,11,1,6,1,1,1,0,0,0,1,-96,0,6,1,40281456,0,84,0,0,40.281,384,[84 -64 4 0 0 0 0 0 0 0 0 0 -20 14 -10 21 -21 18 -34 23 -19 12 -22 20 -29 2 -15 10 -27 4 -31 16 -24 -4 -20 9 -29 10 -27 10 -28 -3 -14 2 -22 -6 -23 1 -23 16 -8 -7 -19 6 -9 -6 -13 2 -9 1 -25 -1 -13 15 8 3 -27 3 -14 0 -18 11 -9 11 -4 -4 -11 16 -29 15 -16 14 -13 18 -19 2 -12 9 -17 16 -8 9 -3 18 -26 0 -14 14 -13 12 -22 3 -11 22 -13 22 -15 16 -8 3 -26 7 -8 13 -2 1 -15 24 7 0 0 0 0 0 0 0 0 0 ]
CSI_DATA,AP,68:FE:71:12:53:8C,-36,11,1,7,1,1,1,0,0,0,0,-95,0,6,1,40365845,0,84,0,0,40.366,384,[84 -64 4 0 0 0 0 0 0 0 0 0 4 27 22 20 6 21 20 7 17 7 19 22 18 24 3 7 3 20 10 13 16 19 5 7 -2 20 0 15 11 28 -2 8 2 17 -1 27 -4 24 -4 9 17 27 6 19 5 7 -1 24 15 15 -1 4 0 -5 -3 3 3 8 18 27 -4 2 17 10 4 11 17 6 17 16 4 4 6 20 6 7 1 7 -2 7 8 6 7 20 17 13 20 15 9 13 1 18 5 0 21 15 -1 4 8 5 18 12 12 16 23 16 -10 3 0 0 0 0 0 0 0 0 ]
CSI_DATA,AP,68:FE:71:12:53:8C,-42,11,1,5,1,1,1,1,0,0,0,-95,6,6,1,40452577,0,84,0,0,40.453,384,[84 -64 4 0 0 0 0 0 0 0 0 0 -9 -25 -18 -23 -3 -13 -12 -25 -14 -26 -20 -7 -21 -12 -1 -9 -9 -7 -11 -14 -13 -7 -13 -10 -13 -10 -17 -23 -18 -12 -2 -8 -9 -13 -15 -5 -3 -24 -14 -26 -17 -12 4 -26 2 -17 6 -22 0 -18 -7 -15 11 -3 -13 -23 -12 -7 -5 -13 -15 -16 -12 -5 -7 -7 -17 -15 1 -13 -6 -6 3 -19 2 -6 -12 -8 0 -3 -7 -9 -4 -17 -8 -24 -3 -2 -12 -13 -19 -18 -15 -17 -9 -6 -17 -7 -11 -9 -10 -17 -23 -15 -1 -10 -4 10 0 0 0 0 0 0 0 0 ]
CSI_DATA,AP,68:FE:71:12:53:8C,-39,11,1,4,1,1,1,0,0,0,0,-94,0,6,1,40519460,0,84,0,0,40.519,384,[84 -64 4 0 0 0 0 0 0 0 0 0 5 6 2 17 16 23 3 9 11 17 8 2 6 13 16 14 11 11 20 18 14 22 0 5 22 21 4 24 1 14 1 28 5 21 -3 19 10 4 0 24 -4 27 18 9 13 15 2 24 21 6 18 12 -8 7 17 20 21 12 -1 26 20 9 10 4 6 8 16 7 6 14 17 3 13 4 1 8 2 22 22 -1 0 13 0 2 2 3 10 0 6 12 12 6 22 3 21 15 18 2 2 0 10 0 8 5 14 6 1 -2 0 0 0 0 0 0 0 0 ]
CSI_DATA,AP,68:FE:71:12:53:8C,-44,11,1,5,1,1,1,1,0,0,0,-96,4,6,1,40602521,0,84,0,0,40.603,384,[84 -64 4 0 0 0 0 0 0 0 0 0 -2 7 -1 4 -9 7 -23 23 -21 16 -6 23 -13 20 -12 9 -7 1 -18 14 -29 3 -27 18 -16 4 -8 3 -23 17 -21 1 -8 0 -18 1 -18 1 -27 20 -22 14 -3 1 -13 -1 -11 16 -5 1 -5 21 12 6 -21 0 -15 10 -24 0 -14 12 -22 1 -4 15 -21 -1 -20 18 -1 3 -12 12 -14 24 -19 9 -5 16 -21 16 1 22 -20 16 -20 14 -12 14 -2 7 3 14 -5 7 -13 21 2 25 -10 10 -6 26 -4 15 5 2 0 0 0 0 0 0 0 0 ]
CSI_DATA,AP,68:FE:71:12:53:8C,-38,11,1,6,1,1,1,0,0,0,0,-96,0,6,1,40711522,0,84,0,0,40.712,384,[84 -64 4 0 0 0 0 0 0 0 0 0 13 -14 -1 -15 -6 -23 14 -26 8 -19 14 -28 12 -12 5 -10 6 -32 11 -27 1 -16 6 -27 -5 -26 -3 -26 15 -10 16 -20 7 -9 19 -6 4 -28 15 -25 0 -13 -2 -13 10 -22 4 -21 16 -19 0 -27 1 -8 -5 -9 10 -26 5 -17 12 -21 7 -6 2 -10 1 -22 0 -4 7 -27 7 -28 -7 -6 5 -19 3 -22 9 -14 -8 -20 -2 -27 8 -25 12 -10 -9 -8 6 -12 14 -17 4 -17 -5 -8 -10 -15 8 -24 4 -17 -3 -10 0 0 0 0 0 0 0 0 ]
CSI_DATA,AP,68:FE:71:12:53:8C,-37,11,1,6,1,1,1,0,0,0,0,-96,0,6,1,40757870,0,84,0,0,40.758,384,[84 -64 4 0 0 0 0 0 0 0 0 0 -21 -23 -20 -12 -18 -11 -12 -6 -18 -16 -13 -12 -6 -7 -2 -7 -20 -13 -19 -21 -26 -6 -22 -28 -2 -22 -5 -7 -16 -19 -25 -13 -14 -7 -24 -18 -17 -3 -18 -13 -20 -19 -4 -10 -11 -3 -1 -6 -5 -5 -23 -22 -11 -11 -20 -22 -23 -9 -10 -11 -2 -5 -20 -3 -2 -7 -18 -16 -16 -1 -6 -2 -22 -19 -22 -11 -21 0 -5 2 -8 0 -9 -15 -18 -22 -26 -19 -21 -15 -8 1 -21 0 -25 -13 -23 -6 -14 -7 -24 -1 -10 -20 -24 -12 3 -7 0 0 0 0 0 0 0 0 ]
CSI_DATA,AP,68:FE:71:12:53:8C,-41,11,1,5,1,1,1,0,0,0,0,-94,0,6,1,40851244,0,84,0,0,40.851,384,[84 -64 4 0 0 0 0 0 0 0 0 0 -18 -1 -8 -8 -28 -9 -33 -12 -23 2 -31 2 -15 -11 -23 -8 -30 -13 -7 -13 -22 -3 -9 2 -26 -18 -23 -9 -19 -19 -30 -12 -30 3 -21 -18 -28 -3 -22 -9 -12 -11 -20 -17 -25 -5 -29 2 -8 1 -24 -4 -3 2 -10 4 -7 1 -27 0 -15 -8 -25 -6 -24 -10 -24 3 -13 -8 -14 -10 -24 -14 -17 -12 -26 -14 -18 8 -13 -6 -12 -8 -12 2 -8 -12 -22 -2 -12 6 -4 7 -24 7 -7 -2 -18 -9 -29 -7 -20 7 -9 12 -3 -10 0 0 0 0 0 0 0 0 ]
CSI_DATA,AP,68:FE:71:12:53:8C,-41,11,1,5,1,1,1,0,0,0,0,-94,0,6,1,40926247,0,84,0,0,40.926,384,[84 -64 4 0 0 0 0 0 0 0 0 0 -21 9 -26 23 -17 7 -15 3 -28 2 -16 19 -13 3 -11 17 -30 10 -29 18 -18 -1 -10 20 -18 9 -24 11 -17 2 -10 -2 -17 13 -27 5 -18 17 -12 5 -7 -6 -11 14 -7 13 -9 -4 -16 -4 -29 17 2 5 -21 -4 -19 17 -10 16 -8 13 -22 8 -6 13 -14 4 -19 12 -4 6 -12 18 -21 20 -8 9 -17 7 -5 9 -4 4 -1 3 -16 8 -2 3 -22 6 -21 20 -18 5 -19 4 -19 0 -3 24 -20 6 -18 24 12 -12 0 0 0 0 0 0 0 0 ]
CSI_DATA,AP,68:FE:71:12:53:8C,-39,11,1,4,1,1,1,1,0,0,1,-95,3,6,1,41006206,0,84,0,0,41.006,384,[84 -64 4 0 0 0 0 0 0 0 0 0 -2 -15 7 -19 4 -25 -2 -20 -8 -16 1 -16 8 -11 -1 -25 -2 -10 -5 -15 2 -27 9 -13 -6 -10 -11 -23 -11 -14 2 -24 -3 -14 1 -10 11 -26 7 -13 11 -11 11 -20 1 -27 -2 -14 5 -11 7 -25 8 -5 10 -14 8 -20 2 -8 -10 -6 -12 -15 6 -22 -14 -16 -1 -5 1 -25 -15 -18 -2 -21 -4 -17 5 -18 1 -26 -8 -19 2 -18 0 -20 -15 -24 -3 -23 2 -24 -1 -18 2 -24 3 -8 -17 -9 0 -15 0 -24 -7 -10 0 0 0 0 0 0 0 0 ]
CSI_DATA,AP,68:FE:71:12:53:8C,-41,11,1,5,1,1,1,0,0,0,0,-94,0,6,1,41104694,0,84,0,0,41.105,384,[84 -64 4 0 0 0 0 0 0 0 0 0 16 -5 21 8 24 -7 33 7 30 11 14 11 15 11 11 -3 11 8 11 2 8 12 27 8 24 0 16 -5 9 2 29 5 17 11 5 4 28 5 22 9 13 -7 14 13 5 11 13 8 22 3 13 -7 1 -10 5 6 22 6 16 3 15 1 10 12 14 11 13 1 22 11 15 6 7 -4 6 -10 7 -3 12 0 19 -1 4 12 25 -2 19 5 10 4 15 -8 21 2 24 -10 5 -2 5 -5 4 -3 25 2 25 -13 9 -8 0 0 0 0 0 0 0 0 ]
CSI_DATA,AP,68:FE:71:12:53:8C,-39,11,0,0,0,0,0,0,0,0,0,-93,0,6,1,41183756,0,37,0,0,41.184,128,[84 -64 4 0 0 0 0 0 0 0 0 0 20 -30 25 -14 18 -32 25 -30 10 -27 19 -19 30 -8 13 -15 28 -17 23 -11 18 -6 26 -29 20 -6 12 -17 14 -25 29 -12 25 -9 28 -9 13 -23 20 -10 17 -10 13 -11 15 -10 11 -23 33 -13 20 -11 0 -7 29 -14 15 -26 21 -6 22 -11 22 -20 21 -3 14 -17 15 -19 18 -18 26 -15 13 -6 10 -15 15 -25 13 -16 24 -12 9 -29 28 -11 28 -28 15 -8 24 -19 20 -21 7 -29 9 -9 21 -20 8 -19 15 -21 -8 -4 0 0 0 0 0 0 0 0 ]
CSI_DATA,AP,68:FE:71:12:53:8C,-41,11,1,6,1,1,1,0,0,0,0,-94,0,6,1,41258955,0,82,0,0,41.259,384,[84 -64 4 0 0 0 0 0 0 0 0 0 1 10 13 18 2 23 16 8 17 19 -3 25 18 13 8 6 3 21 4 6 12 8 -4 17 13 16 10 8 3 18 12 23 16 15 -7 22 -1 21 -5 26 12 15 2 15 -4 9 11 17 12 6 8 7 -9 -12 -3 8 12 13 -2 14 -1 5 -6 12 13 25 -4 16 3 27 0 26 13 9 7 7 17 24 7 8 5 3 2 20 6 16 15 14 21 17 4 3 14 7 7 17 1 24 13 7 22 10 9 10 14 12 10 -7 0 0 0 0 0 0 0 0 ]
CSI_DATA,AP,68:FE:71:12:53:8C,-44,11,1,5,1,1,1,0,0,0,0,-95,0,6,1,41338229,0,84,0,0,41.338,384,[84 -64 4 0 0 0 0 0 0 0 0 0 -7 -2 -26 -12 -18 -26 -11 -15 -10 -26 -3 -22 -1 -21 1 -7 -18 -26 -20 -24 -15 -13 -16 -13 -15 -21 -17 -15 3 -7 -17 -15 -2 -8 -10 -20 -6 -8 -16 -29 -16 -21 -9 -11 -10 -23 -17 -25 -9 -12 -10 -26 -3 0 3 -22 -2 -5 -7 -13 0 -12 -12 -25 0 -4 -8 -18 -15 -18 -6 -23 -2 -6 -15 -18 -11 -15 -15 -19 -18 -12 -8 -23 -7 -22 -14 -20 -2 -2 -13 -11 -6 -23 -2 -5 -3 -23 -17 -6 -4 -5 -7 -9 -23 -1 2 4 0 0 0 0 0 0 0 0 ]
CSI_DATA,AP,68:FE:71:12:53:8C,-42,11,1,4,1,1,1,0,0,0,0,-95,0,6,1,41432190,0,82,0,0,41.432,384,[84 -64 4 0 0 0 0 0 0 0 0 0 -12 -4 -10 -1 -31 -4 -11 -8 -16 -1 -16 -1 -26 -8 -20 -13 -23 -11 -22 -8 -24 -22 -17 -7 -17 -6 -20 -19 -7 -18 -14 -19 -22 0 -21 -7 -20 -21 -3 -2 -19 -13 -21 -8 -19 0 -8 -13 -26 -9 -2 -17 -3 3 -23 -3 -16 -8 -17 -14 -9 -8 -25 -2 -24 -5 -13 -8 -17 4 -12 -18 -13 -13 -24 6 -18 -13 -8 -2 -19 -16 -25 -15 -22 -9 -11 -7 -23 -6 -22 -8 -18 -12 -18 5 -20 -14 -23 2 -16 8 -7 -9 -15 0 11 0 0 0 0 0 0 0 0 0 ]
CSI_DATA,AP,68:FE:71:12:53:8C,-41,11,1,4,1,1,1,0,0,0,0,-96,0,6,1,41515025,0,84,0,0,41.515,384,[84 -64 4 0 0 0 0 0 0 0 0 0 18 18 13 10 3 25 5 24 12 22 3 28 12 26 12 8 8 27 16 10 3 20 7 29 18 27 -2 5 4 22 -5 25 9 20 6 16 7 17 -6 4 2 21 10 4 -5 25 1 23 14 4 -3 8 12 3 -4 20 17 8 11 20 0 13 5 10 3 2 14 10 16 17 3 15 0 16 4 24 20 24 11 3 5 2 21 12 18 16 3 5 11 22 2 5 15 0 22 13 11 13 13 -1 3 10 12 10 3 11 -1 9 0 0 0 0 0 0 0 0 ]
CSI_DATA,AP,68:FE:71:12:53:8C,-38,11,0,0,0,0,0,0,0,0,0,-93,0,6,1,41589104,0,37,0,0,41.589,128,[84 -64 4 0 0 0 0 0 0 0 0 0 15 -6 -4 -30 5 -11 2 -21 3 -15 10 -30 4 -11 5 -19 9 -11 13 -5 3 -23 14 -6 2 -4 3 -19 -1 -11 19 -6 14 -6 10 -8 16 -2 20 -14 7 -17 15 -23 20 -17 11 -4 -2 -26 12 -11 -5 9 5 -19 11 -18 -6 -14 8 -19 17 -4 7 -20 16 -6 -8 -26 -4 -20 7 -22 9 -11 -1 -16 1 -21 -3 -19 -3 -10 1 -24 13 -25 13 -23 4 -7 1 -5 -4 -24 13 -19 5 -9 -5 -28 -11 -8 -5 -17 -7 -10 0 0 0 0 0 0 0 0 ]
CSI_DATA,AP,68:FE:71:12:53:8C,-48,11,1,4,1,1,1,0,0,0,1,-94,0,6,1,41671265,0,84,0,0,41.671,384,[84 -64 4 0 0 0 0 0 0 0 0 0 -23 15 -7 15 -5 2 -22 18 -13 10 -21 14 -9 21 -10 8 -16 17 -18 6 -20 9 -27 4 -27 8 -12 1 -4 12 -4 22 -7 20 -13 8 -27 -4 -12 20 -24 0 -5 11 -4 18 -13 6 -14 19 -3 7 -6 -2 -21 20 -7 15 -6 -1 -1 5 -9 21 -9 5 -5 -3 -3 6 -20 18 -11 3 -22 8 -21 16 -14 11 3 9 -17 5 -1 2 1 15 -16 16 -17 15 -13 22 -13 19 -8 19 -4 2 -3 5 -19 8 -11 12 -10 2 0 0 0 0 0 0 0 0 ]
CSI_DATA,AP,68:FE:71:12:53:8C,-40,11,0,0,0,0,0,0,0,0,0,-95,0,6,1,41733115,0,37,0,0,41.733,128,[84 -64 4 0 0 0 0 0 0 0 0 0 10 -6 18 -7 25 -4 9 -3 27 0 8 -16 23 -14 18 2 13 -9 27 -16 20 -2 32 -11 30 -1 19 3 13 -12 19 -7 8 0 15 -7 11 6 24 1 10 1 28 -1 15 3 23 6 10 -2 11 1 -10 -3 15 7 22 -6 18 -2 23 4 15 6 24 8 6 -3 13 -9 7 -16 7 -17 14 2 14 0 22 -5 12 3 4 -16 5 -17 14 -1 18 -19 15 -19 14 -4 19 2 4 2 25 -16 6 -3 22 0 10 -7 -6 -5 0 0 0 0 0 0 0 0 ]
CSI_DATA,AP,68:FE:71:12:53:8C,-38,11,1,7,1,1,1,0,0,0,0,-94,0,6,1,41797562,0,84,0,0,41.798,384,[84 -64 4 0 0 0 0 0 0 0 0 0 20 -19 14 -9 11 -26 8 -17 18 -26 9 -28 5 -14 9 -11 17 -22 11 -22 19 -7 5 -8 18 -24 4 -9 5 -4 5 -16 13 -14 9 -7 9 -5 12 -21 23 -10 12 -11 15 -4 7 -15 16 -15 15 -7 -8 -12 7 -2 18 -20 18 -3 20 -20 21 -13 14 -4 12 -7 13 -21 -2 -11 15 -15 7 -19 1 -22 -2 -5 -3 -22 14 -21 12 -8 16 -24 17 -21 4 -23 5 -24 15 -26 9 -26 7 -17 2 -18 -5 -20 0 -13 4 -4 0 0 0 0 0 0 0 0 ]
CSI_DATA,AP,68:FE:71:12:53:8C,-41,11,1,6,1,1,1,1,0,0,1,-93,4,6,1,41859612,0,84,0,0,41.86,384,[84 -64 4 0 0 0 0 0 0 0 0 0 13 13 12 5 1 4 14 15 2 17 11 4 -3 25 -5 22 4 10 10 29 -5 17 -9 17 -9 24 -1 19 1 26 11 15 -3 13 -1 11 -3 18 10 5 -1 19 6 7 -7 7 2 15 11 7 -6 3 2 -3 -1 22 -2 14 1 6 -4 15 11 15 -4 21 8 18 9 22 8 3 14 3 7 21 5 22 -7 4 9 4 3 9 18 16 16 4 18 4 13 14 2 5 11 10 12 16 11 22 6 17 8 18 11 3 3 -12 0 0 0 0 0 0 0 0 ]
CSI_DATA,AP,68:FE:71:12:53:8C,-46,11,1,5,1,1,1,1,0,0,0,-94,1,6,1,41932481,0,84,0,0,41.932,384,[84 -64 4 0 0 0 0 0 0 0 0 0 15 -21 11 -5 26 -11 23 -4 6 -22 13 -7 13 -13 3 -19 12 -12 28 -11 10 -6 14 -11 9 -6 8 -5 7 -17 5 -7 27 -7 15 -14 10 -19 26 1 7 -19 16 -10 11 -15 26 -3 5 -10 27 -19 0 -8 21 2 15 3 6 -9 23 -17 5 -8 1 -7 15 -14 4 -10 22 -18 4 -2 12 -3 0 -1 7 -11 17 -6 14 -16 2 -7 -1 -14 4 -21 21 -7 3 -10 18 -22 0 -20 2 -11 14 -17 1 -8 12 -12 -9 8 0 0 0 0 0 0 0 0 ]
CSI_DATA,AP,68:FE:71:12:53:8C,-36,11,1,6,1,1,1,0,0,0,0,-96,0,6,1,42012133,0,84,0,0,42.012,384,[84 -64 4 0 0 0 0 0 0 0 0 0 -4 -8 2 -25 13 -9 0 -22 3 -13 9 -14 2 -24 4 -26 6 -27 10 -14 11 -28 8 -4 13 -22 11 -12 10 -10 19 -4 8 -25 18 -12 10 -10 14 -24 19 -23 1 -12 1 -18 -3 -8 16 -25 -4 -24 2 10 10 -3 12 -6 14 -17 4 -22 13 -4 -4 -21 16 -5 8 -23 16 -14 17 -19 15 -20 -5 -18 13 -2 14 -7 14 -23 16 -18 2 -5 2 -21 8 -24 -2 -25 -2 -6 0 -20 11 -5 13 -19 13 -25 13 -8 8 -5 0 0 0 0 0 0 0 0 ]
CSI_DATA,AP,68:FE:71:12:53:8C,-35,11,1,6,1,1,1,0,0,0,0,-95,0,6,1,42082456,0,84,0,0,42.082,384,[84 -64 4 0 0 0 0 0 0 0 0 0 10 -5 0 2 17 2 9 4 16 -7 -3 3 -3 -6 6 4 -5 -7 13 10 -3 6 15 13 6 2 -5 -10 7 4 4 9 5 4 -4 14 9 -2 -1 -3 18 2 19 8 17 -10 -5 2 -2 -4 7 -7 -5 -7 -2 -2 2 10 1 7 2 -10 10 -2 7 -9 11 12 17 4 -5 10 -4 5 19 12 -6 12 5 6 0 3 -3 0 19 7 11 6 12 2 5 0 4 -1 19 -3 4 3 -2 8 7 -2 17 -9 18 7 -1 -2 0 0 0 0 0 0 0 0 ]
CSI_DATA,AP,68:FE:71:12:53:8C,-38,11,0,0,0,0,0,0,0,0,0,-94,0,6,1,42170155,0,37,0,0,42.17,128,[84 -64 4 0 0 0 0 0 0 0 0 0 8 -29 10 -20 -1 -16 13 -22 2 -15 -3 -22 13 -25 -6 -27 7 -20 3 -31 2 -29 10 -20 14 -11 10 -15 9 -23 -1 -29 16 -11 12 -26 -6 -17 0 -12 10 -18 17 -28 -4 -9 12 -29 -3 -12 -3 -24 1 10 5 -23 4 -15 -3 -23 14 -17 4 -11 14 -25 -1 -18 4 -14 1 -16 0 -27 -4 -8 -3 -19 0 -13 1 -17 7 -18 -12 -17 0 -20 2 -8 -8 -8 -13 -13 -1 -20 -6 -28 -5 -28 4 -14 6 -20 1 -10 -6 -12 0 0 0 0 0 0 0 0 ]
CSI_DATA,AP,68:FE:71:12:53:8C,-41,11,0,0,0,0,0,1,0,0,0,-94,2,6,1,42264501,0,37,0,0,42.265,128,[84 -64 4 0 0 0 0 0 0 0 0 0 13 16 16 25 8 19 3 25 17 19 15 9 20 26 17 8 17 11 16 17 -2 24 9 27 15 18 -2 20 0 27 13 24 11 20 0 25 -3 16 16 6 -5 14 1 8 14 6 17 21 -4 24 11 27 7 9 17 19 -5 16 1 15 10 24 3 15 17 20 -2 22 15 10 11 22 0 16 20 18 4 13 6 6 9 5 0 14 2 12 8 18 21 6 -1 24 10 -1 22 24 13 1 10 8 9 17 24 1 20 3 -3 -5 0 0 0 0 0 0 0 0 ]
CSI_DATA,AP,68:FE:71:12:53:8C,-42,11,1,5,1,1,1,0,0,0,0,-95,0,6,1,42360989,0,84,0,0,42.361,384,[84 -64 4 0 0 0 0 0 0 0 0 0 27 -9 24 -1 33 8 10 -7 22 -8 15 4 28 -8 25 -6 20 -11 10 -2 12 -2 26 -8 24 10 13 4 4 -4 14 -12 5 -7 10 1 9 -2 16 5 8 7 0 1 6 5 3 -9 20 -13 1 3 -9 1 18 1 17 -10 3 3 9 -15 11 -14 4 -3 22 5 -2 -10 4 -13 18 -2 18 -2 7 7 13 0 18 -8 13 -3 7 2 8 -10 5 -13 0 -11 4 4 23 -3 15 2 12 1 5 -2 -1 -19 6 4 12 -10 0 0 0 0 0 0 0 0 ]
CSI_DATA,AP,68:FE:71:12:53:8C,-47,11,1,4,1,1,1,0,0,0,0,-94,0,6,1,42450264,0,84,0,0,42.45,384,[84 -64 4 0 0 0 0 0 0 0 0 0 26 -1 12 0 10 -5 11 8 19 19 27 16 7 7 14 3 24 4 22 10 19 14 3 2 1 9 17 13 5 12 16 5 1 9 22 4 12 10 0 3 13 9 18 -4 9 4 3 10 5 -3 -3 -7 -10 -4 -1 -1 7 3 4 0 15 6 -1 1 16 -5 -1 10 8 -4 14 8 2 -7 2 -6 0 8 21 -2 20 -9 1 -6 -2 -5 13 -11 12 -14 16 9 2 8 11 -8 0 -15 13 6 12 -16 0 -10 10 1 -8 -6 0 0 0 0 0 0 0 0 ]
CSI_DATA,AP,68:FE:71:12:53:8C,-41,11,1,4,1,1,1,0,0,0,0,-94,0,6,1,42542547,0,84,0,0,42.543,384,[84 -64 4 0 0 0 0 0 0 0 0 0 33 23 29 19 11 6 11 25 8 29 17 21 12 24 22 23 7 23 5 9 11 25 5 23 16 11 13 9 3 21 4 20 10 4 14 1 3 24 11 14 1 7 19 13 4 16 16 3 0 13 4 6 -6 11 0 16 11 15 18 -1 14 18 15 16 11 15 0 7 10 -4 -2 1 21 14 18 -9 12 12 -1 3 12 -6 0 -5 4 -2 18 13 6 5 6 -5 6 0 12 12 21 -3 2 11 9 -12 15 -6 2 -6 -9 0 0 0 0 0 0 0 0 0 ]
CSI_DATA,AP,68:FE:71:12:53:8C,-38,11,1,6,1,1,1,1,0,0,0,-93,3,6,1,42640639,0,84,0,0,42.641,384,[84 -64 4 0 0 0 0 0 0 0 0 0 26 33 5 23 8 34 12 40 17 28 -2 26 15 22 -3 25 -3 28 8 15 12 14 1 23 -2 34 7 35 4 14 2 23 -6 12 -6 21 2 18 11 30 13 10 0 9 -1 16 -7 16 7 23 8 4 11 -10 3 9 17 4 3 3 7 14 3 21 6 7 2 10 18 10 2 0 15 7 13 4 -3 0 22 16 18 7 21 7 21 6 12 12 5 -3 0 8 10 10 16 12 8 13 3 13 9 9 2 7 19 2 -1 0 0 0 0 0 0 0 0 0 ]
CSI_DATA,AP,68:FE:71:12:53:8C,-43,11,1,4,1,1,1,0,0,0,0,-95,0,6,1,42709729,0,84,0,0,42.71,384,[84 -64 4 0 0 0 0 0 0 0 0 0 27 24 16 21 15 16 25 12 14 26 13 18 16 22 3 14 3 25 17 20 16 24 20 5 6 18 6 20 -1 8 18 12 12 4 10 13 8 12 4 3 6 20 -1 9 20 14 2 19 8 26 5 19 -12 3 11 13 10 9 7 5 5 24 6 7 17 3 6 7 4 16 20 22 10 20 4 15 20 20 13 16 1 7 17 10 10 10 21 11 16 8 18 6 11 19 5 17 1 0 8 6 23 12 -1 2 21 13 3 -10 0 0 0 0 0 0 0 0 ]
CSI_DATA,AP,68:FE:71:12:53:8C,-38,11,1,6,1,1,1,0,0,0,0,-94,0,6,1,42776368,0,84,0,0,42.776,384,[84 -64 4 0 0 0 0 0 0 0 0 0 -22 2 -15 8 -21 4 -25 -13 -26 -11 -16 5 -15 2 -15 -17 -21 4 -27 0 -14 2 -31 -15 -22 5 -15 -3 -12 -9 -13 5 -33 3 -18 0 -27 -11 -30 -8 -17 -16 -19 -15 -21 -1 -26 -11 -18 -6 -21 -12 9 -9 -23 4 -8 -6 -24 -12 -23 -6 -10 -15 -14 5 -28 -13 -16 1 -18 -10 -17 -8 -28 4 -33 -1 -19 9 -28 7 -16 -4 -35 -15 -31 2 -32 5 -14 1 -12 -14 -26 -4 -18 -5 -29 9 -20 8 -27 7 -35 -6 3 -6 0 0 0 0 0 0 0 0 ]
CSI_DATA,AP,68:FE:71:12:53:8C,-38,11,1,6,1,1,1,0,0,0,0,-93,0,6,1,42857918,0,84,0,0,42.858,384,[84 -64 4 0 0 0 0 0 0 0 0 0 -1 -26 -2 -17 1 -35 -4 -22 2 -14 7 -13 16 -33 -2 -32 9 -33 18 -17 4 -14 -3 -34 20 -33 8 -25 6 -23 1 -22 14 -20 -4 -16 19 -15 20 -20 0 -29 16 -14 17 -21 -2 -31 7 -19 6 -16 10 2 16 -27 -3 -18 11 -11 1 -22 16 -12 19 -26 4 -26 4 -21 3 -25 -8 -22 7 -36 1 -18 2 -11 4 -16 15 -27 -7 -37 11 -34 -5 -20 -4 -14 12 -24 -3 -25 13 -26 14 -25 0 -32 -6 -19 -2 -13 -5 12 0 0 0 0 0 0 0 0 ]
CSI_DATA,AP,68:FE:71:12:53:8C,-38,11,1,5,1,1,1,0,0,0,0,-95,0,6,1,42961405,0,84,0,0,42.961,384,[84 -64 4 0 0 0 0 0 0 0 0 0 -14 -12 -12 -3 -20 -14 -16 -26 -19 -6 -12 -17 5 -16 -6 -27 -8 -7 2 -25 -8 -6 -10 -21 -15 -20 -16 -27 -7 -14 -5 -13 -13 -27 -5 -27 -6 -28 9 -20 5 -4 9 -5 -9 -17 -7 -4 -8 -7 2 -6 -7 -11 -8 -13 -1 -18 -10 -17 -4 -5 -15 -13 -12 -5 -10 -20 -4 -26 -8 -1 0 -5 -6 -7 -6 -14 -12 -9 -7 -3 -12 -10 -20 -21 2 -10 -14 -23 -1 -6 -15 -16 3 -11 -21 -24 -9 -19 0 -17 -17 -22 -12 -11 12 -10 0 0 0 0 0 0 0 0 ]
CSI_DATA,AP,68:FE:71:12:53:8C,-37,11,1,6,1,1,1,0,0,0,0,-96,0,6,1,43053268,0,84,0,0,43.053,384,[84 -64 4 0 0 0 0 0 0 0 0 0 2 -13 1 -24 8 -10 11 -15 20 -25 -3 -19 11 -21 5 -17 0 -11 14 -18 7 -22 13 -12 3 -23 22 -19 3 -11 16 -29 11 -9 13 -22 16 -21 7 -28 14 -14 1 -22 12 -25 6 -18 23 -12 23 -19 11 10 7 -12 16 -28 7 -24 10 -21 -1 -24 14 -8 7 -10 1 -22 17 -8 15 -17 19 -22 0 -28 20 -11 6 -18 13 -24 5 -21 16 -16 9 -13 -2 -9 1 -9 7 -25 15 -22 -4 -29 13 -30 15 -7 -4 -24 -4 -9 0 0 0 0 0 0 0 0 ]
CSI_DATA,AP,68:FE:71:12:53:8C,-42,11,1,5,1,1,1,0,0,0,0,-95,0,6,1,43157436,0,84,0,0,43.157,384,[84 -64 4 0 0 0 0 0 0 0 0 0 4 -17 -2 -4 4 -4 18 -2 5 -13 11 -13 -4 -2 16 -8 3 5 15 -4 11 -2 19 0 3 -13 1 -8 -2 -10 20 -5 21 1 18 -11 1 -9 -3 -1 -1 -1 7 -5 12 0 19 -1 1 3 13 9 -11 -11 9 -7 2 5 11 -15 12 7 2 7 1 -1 -4 6 3 -9 5 4 2 -12 -3 -2 7 4 3 3 9 -4 -2 -9 7 -9 19 3 1 0 7 2 -1 -4 -5 6 -3 -15 18 -11 2 -3 1 -4 -6 -10 -5 -7 0 0 0 0 0 0 0 0 ]
CSI_DATA,AP,68:FE:71:12:53:8C,-39,11,1,6,1,1,1,0,0,0,0,-94,0,6,1,43249291,0,84,0,0,43.249,384,[84 -64 4 0 0 0 0 0 0 0 0 0 -4 -6 -27 -15 -18 -2 -24 0 -11 -12 -22 -3 -9 -3 -14 -1 -7 -16 -11 -13 -11 -19 -10 -23 -24 -22 -11 -9 -22 -15 -30 -28 -20 -18 -21 -11 -12 -13 -26 -12 -20 -20 -22 -6 -9 -4 -22 -7 -6 -12 -22 -20 -11 -5 -26 -8 -3 -25 -28 -4 -14 -3 -2 -10 -5 -13 -18 -15 -6 -4 -4 -2 -23 -7 -14 -10 -5 -2 -24 1 -24 -14 -10 -5 -7 -4 -20 -15 -6 -11 -17 -18 -7 -22 -7 -14 -19 -4 -18 -3 -8 -1 -23 -12 -16 -19 8 -6 0 0 0 0 0 0 0 0 ]
CSI_DATA,AP,68:FE:71:12:53:8C,-43,11,1,4,1,1,1,1,0,0,0,-95,3,6,1,43325217,0,84,0,0,43.325,384,[84 -64 4 0 0 0 0 0 0 0 0 0 -4 18 -12 21 -16 2 -19 26 -17 20 -24 -1 -21 9 -12 11 -17 22 -9 0 -10 9 -30 1 -22 16 -20 7 -22 0 -18 1 -11 0 -10 15 -27 -2 -9 17 -21 11 -4 11 -4 17 -22 4 -16 -1 -13 9 -6 -8 -10 17 -11 9 -5 9 -26 6 -20 19 -18 15 -17 13 -11 7 -23 17 -9 11 -15 0 -1 21 -17 7 -8 5 -8 19 -18 8 -9 2 -21 1 -21 12 -1 21 -23 1 -6 21 -21 18 -14 6 -12 16 -20 20 2 5 0 0 0 0 0 0 0 0 ]
CSI_DATA,AP,68:FE:71:12:53:8C,-43,11,1,5,1,1,1,0,0,0,0,-95,0,6,1,43404303,0,84,0,0,43.404,384,[82 -96 4 0 0 0 0 0 0 0 0 0 24 1 7 18 19 8 7 2 3 7 3 22 19 2 1 9 19 19 16 10 6 10 23 5 0 2 21 3 23 6 2 26 2 6 2 13 16 16 16 21 8 14 17 6 12 3 7 8 7 24 19 24 -6 -5 -1 21 15 13 22 17 19 18 12 11 12 3 14 18 10 3 18 11 21 5 14 2 23 8 4 19 14 -1 5 16 15 0 8 10 16 5 15 10 19 10 20 14 22 -1 25 17 16 -4 16 5 21 7 -3 10 0 0 0 0 0 0 0 0 ]
CSI_DATA,AP,68:FE:71:12:53:8C,-41,11,1,6,1,1,1,0,0,0,0,-94,0,6,1,43467617,0,84,0,0,43.468,384,[84 -64 4 0 0 0 0 0 0 0 0 0 7 25 -2 19 1 14 7 18 -2 27 0 22 12 17 11 13 11 28 -8 22 -1 21 -4 20 -5 12 14 10 -6 24 -8 21 -7 15 -4 17 5 9 14 6 -2 7 2 14 13 18 10 5 -4 18 10 4 -12 -6 6 15 13 23 -9 3 -5 14 14 7 -4 14 4 3 6 25 0 19 13 14 -8 10 8 17 -2 24 5 21 15 22 12 13 -3 20 12 15 3 19 17 18 9 24 12 15 2 19 3 14 0 16 16 24 -2 -11 0 0 0 0 0 0 0 0 ]
CSI_DATA,AP,68:FE:71:12:53:8C,-41,11,1,6,1,1,1,1,0,0,0,-96,4,6,1,43565400,0,84,0,0,43.565,384,[84 -64 4 0 0 0 0 0 0 0 0 0 20 5 20 -4 18 2 24 9 7 18 25 5 6 3 6 15 15 2 15 5 6 10 15 2 16 12 22 10 7 2 4 7 5 18 6 9 19 -1 20 11 5 15 14 -2 2 1 17 -1 2 18 6 6 12 12 5 0 24 16 19 11 8 0 6 14 10 9 2 4 5 -2 0 11 18 0 21 16 24 4 3 13 12 12 22 3 22 -6 15 -9 13 11 19 9 18 -7 11 1 11 5 18 -12 6 -2 24 2 21 -2 5 0 0 0 0 0 0 0 0 0 ]
CSI_DATA,AP,68:FE:71:12:53:8C,-42,11,1,6,1,1,1,1,0,0,0,-94,4,6,1,43651951,0,84,0,0,43.652,384,[84 -64 4 0 0 0 0 0 0 0 0 0 15 -2 9 -5 26 -6 26 13 17 2 9 -1 21 12 17 11 18 8 23 8 15 -4 23 4 6 4 12 5 20 19 12 14 10 17 8 2 3 3 22 -2 21 16 12 20 22 2 17 13 5 9 15 20 0 6 24 -3 21 15 21 4 4 13 19 7 2 -3 6 9 13 16 20 -5 18 2 2 7 16 2 5 6 2 14 10 -6 22 1 24 4 12 2 25 6 20 -3 18 3 5 -4 24 -3 12 -8 11 8 26 12 -6 9 0 0 0 0 0 0 0 0 ]
CSI_DATA,AP,68:FE:71:12:53:8C,-37,11,1,6,1,1,1,0,0,0,0,-93,0,6,1,43761559,0,84,0,0,43.762,384,[84 -64 4 0 0 0 0 0 0 0 0 0 -9 -7 -9 4 -21 -13 -22 4 -27 -6 -12 -11 -28 -1 -14 -2 -29 -6 -12 -3 -18 -15 -21 -15 -14 -17 -12 -14 -24 -15 -10 0 -8 -9 -13 -12 -13 4 -8 6 -15 -5 -5 -8 -19 -4 -27 1 -22 -7 -19 4 1 -6 -8 1 -25 -4 -27 4 -24 -10 -16 -10 -6 0 -18 -6 -20 0 -8 -10 -4 -11 -11 0 -14 -10 -26 8 -26 1 -12 8 -17 -10 -18 7 -23 9 -18 -5 -7 -6 -11 12 -16 12 -18 -9 -26 -9 -6 13 -20 12 -1 1 0 0 0 0 0 0 0 0 ]
CSI_DATA,AP,68:FE:71:12:53:8C,-43,11,1,4,1,1,1,0,0,0,0,-93,0,6,1,43835192,0,84,0,0,43.835,384,[84 -64 4 0 0 0 0 0 0 0 0 0 -6 -13 -17 -28 -14 -24 0 -20 -11 -20 2 -13 -11 -13 5 -32 -12 -29 9 -19 -5 -25 7 -9 9 -28 1 -12 10 -29 12 -14 2 -16 -10 -9 -4 -19 -3 -29 7 -9 10 -28 11 -25 -12 -14 0 -21 10 -17 12 0 5 -7 -2 -17 10 -6 -9 -11 6 -12 8 -26 -13 -15 6 -26 -7 -26 6 -9 2 -17 1 -17 -11 -6 -3 -13 -6 -4 3 -19 6 -3 2 -7 3 -27 -13 -23 -4 -25 -9 -9 -8 -7 -7 -9 0 -5 -1 -25 4 11 0 0 0 0 0 0 0 0 ]
CSI_DATA,AP,68:FE:71:12:53:8C,-40,11,1,5,1,1,1,0,0,0,0,-95,0,6,1,43909201,0,84,0,0,43.909,384,[84 -64 4 0 0 0 0 0 0 0 0 0 -11 -17 -16 -7 -9 3 -14 -19 -8 -3 -21 -11 -21 -15 -10 -20 -23 -13 -24 -1 -6 -21 -23 1 -24 -17 -17 -10 -13 -3 -25 -9 -17 -7 -16 -16 -17 -17 -9 -6 -11 -3 -1 -17 -9 -17 -23 -10 -2 -14 -23 -11 -10 1 -8 -2 -4 -17 -1 -3 -12 -19 -12 -19 -18 -10 -16 4 -1 -8 -7 -9 -8 -11 -14 -16 -24 -8 -13 -5 -4 5 -6 5 -19 -3 -10 -14 -23 -3 -7 5 -14 7 -15 5 -4 8 -8 -9 -21 -5 -12 -8 -6 5 -9 11 0 0 0 0 0 0 0 0 ]
CSI_DATA,AP,68:FE:71:12:53:8C,-38,11,1,5,1,1,1,0,0,0,0,-95,0,6,1,44005325,0,84,0,0,44.005,384,[84 -64 4 0 0 0 0 0 0 0 0 0 20 -1 30 -2 22 -8 32 -6 24 -2 17 9 9 4 16 0 8 12 22 3 11 15 19 1 20 -6 10 4 24 9 15 -1 28 16 26 6 11 -2 12 -3 12 -4 26 -2 22 7 7 7 20 2 25 10 11 -7 13 0 15 5 5 11 5 14 27 -3 15 -5 5 2 15 -3 7 -8 2 3 13 -2 20 -8 15 -7 25 -12 21 -6 27 -8 7 6 22 11 10 0 14 4 22 -6 7 6 16 -6 21 -2 22 -8 23 8 2 -8 0 0 0 0 0 0 0 0 ]
CSI_DATA,AP,68:FE:71:12:53:8C,-39,11,1,4,1,1,1,0,0,0,0,-95,0,6,1,44077471,0,84,0,0,44.077,384,[84 -64 4 0 0 0 0 0 0 0 0 0 -20 22 -6 37 -14 31 -20 25 -16 18 -28 15 -22 31 -21 16 -17 16 -25 20 -32 26 -22 21 -22 10 -12 15 -21 22 -14 19 -27 7 -30 30 -11 8 -11 27 -30 14 -18 12 -14 23 -20 20 -14 23 -30 22 9 -1 -26 17 -7 8 -24 28 -15 25 -11 10 -15 11 -22 28 -21 12 -13 13 -12 8 -14 9 -2 9 -4 11 -15 26 -15 18 -4 28 -11 16 -18 23 -24 19 -1 10 -10 32 -19 10 -20 32 -9 28 -21 19 0 14 -12 -5 0 0 0 0 0 0 0 0 ]
CSI_DATA,AP,68:FE:71:12:53:8C,-40,11,1,4,1,1,1,0,0,0,0,-96,0,6,1,44172752,0,84,0,0,44.173,384,[84 -64 4 0 0 0 0 0 0 0 0 0 -14 16 -16 23 -11 10 -3 11 -19 11 1 10 -18 16 -22 19 -5 13 -23 14 -5 16 -8 21 -1 6 -4 14 -1 12 -19 6 -22 15 -12 17 -18 19 -13 14 -3 2 0 7 -14 14 -7 22 -22 17 -12 21 -12 -8 -5 19 -12 11 -19 17 -13 10 -14 15 -2 18 -18 11 -17 7 -11 6 4 5 -14 20 2 1 -15 3 2 27 -5 4 3 10 -7 21 -15 17 0 24 8 26 4 15 -13 18 -15 23 -12 20 -10 21 4 19 5 1 0 0 0 0 0 0 0 0 ]
CSI_DATA,AP,68:FE:71:12:53:8C,-44,11,1,5,1,1,1,0,0,0,0,-95,0,6,1,44253054,0,84,0,0,44.253,384,[84 -64 4 0 0 0 0 0 0 0 0 0 19 -1 15 -8 20 -10 9 -2 18 -3 17 -3 18 -1 7 4 13 -7 13 -1 18 8 22 1 18 -4 23 7 23 5 11 10 11 -3 23 -3 9 11 22 1 24 4 14 -6 14 -7 15 -4 8 6 23 -9 -3 11 20 7 28 12 8 8 12 4 4 0 4 6 18 -8 7 9 10 -12 18 3 12 8 18 -6 16 -8 13 -2 5 0 13 -7 20 -10 6 -3 13 -2 9 7 5 -10 3 -14 8 -16 8 -1 10 4 20 5 -10 -3 0 0 0 0 0 0 0 0 ]
CSI_DATA,AP,68:FE:71:12:53:8C,-44,11,1,3,1,1,1,0,0,0,0,-94,0,6,1,44347653,0,84,0,0,44.348,384,[84 -64 4 0 0 0 0 0 0 0 0 0 -16 -17 -14 -16 -11 -14 -7 -11 -23 -15 -4 -5 -12 -1 -4 -20 -23 -17 -22 -2 -22 -17 -5 -18 -10 -13 -15 -22 -20 -1 -11 -19 -19 -2 -14 -4 -8 -19 -2 -13 -10 -9 -2 -20 0 2 -12 2 -19 -22 -6 -16 10 0 -24 -5 -18 -2 -18 -4 -4 -4 -22 -14 -4 -17 -11 -17 -12 1 -15 -7 -9 5 -5 -7 -14 -11 -6 -3 -20 -1 -24 -17 -23 -17 -23 -11 -2 -17 -3 -17 -20 -5 -9 1 -21 -1 -19 -13 -12 0 -22 6 -24 1 3 3 0 0 0 0 0 0 0 0 ]
CSI_DATA,AP,68:FE:71:12:53:8C,-41,11,1,6,1,1,1,1,0,0,0,-95,4,6,1,44425453,0,84,0,0,44.425,384,[84 -64 4 0 0 0 0 0 0 0 0 0 -25 -14 -10 -20 -17 -2 -25 -15 -23 -11 -21 -3 -20 -3 -23 -23 -10 0 -18 -19 -20 -15 -20 -20 -10 -2 -18 -3 -24 -12 -13 -22 -23 -15 -24 0 -23 -22 -24 -18 -24 -7 -4 -20 -6 1 -26 -4 -9 -8 -14 1 1 5 -23 -22 -24 -5 -10 -8 -16 -13 -12 -13 -6 -21 -7 -13 -21 0 -2 -17 -8 4 -18 -7 -8 -1 -19 -17 -20 -1 -17 -6 -11 -4 -19 -14 -8 -17 -17 -4 -3 0 -12 2 -6 -5 -5 -17 -25 -3 -15 2 -17 -15 12 10 0 0 0 0 0 0 0 0 ]
CSI_DATA,AP,68:FE:71:12:53:8C,-39,11,1,4,1,1,1,0,0,0,0,-95,0,6,1,44524587,0,84,0,0,44.525,384,[84 -64 4 0 0 0 0 0 0 0 0 0 -6 -24 -1 -8 -2 -16 19 -28 4 -5 7 -28 -2 -7 6 -8 18 -15 -3 -20 19 -26 2 -4 9 -5 -2 -12 21 -3 12 -19 10 -10 9 -23 0 -20 -2 0 9 -11 14 -17 0 -6 9 -20 15 -23 14 -24 4 10 5 -23 21 -15 3 -9 19 -20 4 -13 2 0 9 -2 6 -14 16 -25 12 -24 10 -23 10 -20 4 -10 18 -25 18 -3 11 -23 -3 -25 -4 -14 -6 -11 0 -21 3 -18 9 -11 2 -13 5 -25 -5 -19 -8 -9 -8 8 0 0 0 0 0 0 0 0 ]
CSI_DATA,AP,68:FE:71:12:53:8C,-39,11,1,6,1,1,1,0,0,0,0,-96,0,6,1,44597597,0,84,0,0,44.598,384,[84 -64 4 0 0 0 0 0 0 0 0 0 -22 29 -9 15 -12 26 -14 23 -21 23 -21 21 -23 16 -21 23 -17 19 -10 13 -8 12 -8 12 -10 12 -10 15 -10 21 -13 11 -17 4 -24 13 -4 23 -20 0 -23 2 -22 20 -15 11 -9 19 -4 12 -21 0 9 -4 -6 7 -8 13 -19 20 -19 10 -13 0 -11 1 -15 8 -15 8 -8 8 -10 19 -19 4 -13 12 -9 23 -1 11 -16 24 -5 25 -6 18 -10 19 -12 18 -10 10 -17 4 4 2 0 6 -12 16 4 19 -16 10 9 -7 0 0 0 0 0 0 0 0 ]
CSI_DATA,AP,68:FE:71:12:53:8C,-38,11,1,6,1,1,1,0,0,0,0,-93,0,6,1,44664424,0,84,0,0,44.664,384,[84 -64 4 0 0 0 0 0 0 0 0 0 29 -10 26 6 30 -2 30 4 14 12 25 11 29 0 29 16 28 18 22 16 29 18 25 -1 23 18 5 17 21 -2 16 3 10 4 16 8 18 11 11 -3 4 18 25 1 6 11 7 -4 4 14 22 0 -12 -9 16 -1 9 -4 12 3 9 -7 2 8 18 15 12 -5 4 8 22 15 4 9 3 -9 18 14 14 -2 11 -9 22 -9 26 9 9 12 21 8 26 -11 7 -8 20 -11 25 -9 14 2 18 -9 12 -11 3 -7 -10 11 0 0 0 0 0 0 0 0 ]
CSI_DATA,AP,68:FE:71:12:53:8C,-48,11,1,4,1,1,1,1,0,0,0,-94,2,6,1,44739879,0,84,0,0,44.74,384,[84 -64 4 0 0 0 0 0 0 0 0 0 2 -6 22 -24 23 -19 23 -6 6 -17 24 -8 12 3 26 -8 25 -21 6 -4 7 -11 13 -2 24 -3 6 -18 26 4 14 -16 24 -18 13 -17 12 -6 12 -6 6 -8 12 -8 3 2 16 2 22 -5 14 -19 4 8 10 -2 25 0 6 -16 13 -12 16 0 15 -14 23 -3 5 -13 4 -18 5 1 24 -9 3 -5 19 -14 12 -9 8 -10 3 -6 19 -15 7 -19 4 -17 21 -18 9 -13 18 -21 -2 -4 19 -13 7 -24 19 0 -10 -9 0 0 0 0 0 0 0 0 ]
CSI_DATA,AP,68:FE:71:12:53:8C,-44,11,1,4,1,1,1,1,0,0,0,-94,1,6,1,44796712,0,84,0,0,44.797,384,[84 -64 4 0 0 0 0 0 0 0 0 0 9 4 24 -6 18 -5 30 0 14 -1 21 -1 30 -5 19 8 20 -13 10 8 15 -9 26 -11 15 -8 29 -9 18 -13 9 -6 19 7 29 5 25 -2 14 -7 23 -3 25 -13 21 -5 16 -11 14 -3 20 0 -3 8 19 6 27 -16 20 -3 20 -1 3 2 16 4 15 -3 20 -3 7 3 9 4 4 -15 24 -15 11 -2 18 -17 23 1 3 1 12 -1 10 -1 12 -1 9 -9 4 -10 2 2 25 -13 19 -17 19 -10 22 3 5 0 0 0 0 0 0 0 0 0 ]
CSI_DATA,AP,68:FE:71:12:53:8C,-38,11,1,7,1,1,1,1,0,0,0,-94,4,6,1,44846213,0,84,0,0,44.846,384,[84 -64 4 0 0 0 0 0 0 0 0 0 5 9 -2 17 9 7 10 23 14 22 2 18 8 27 11 23 19 17 -5 4 4 18 2 28 12 22 10 20 -1 18 1 8 7 6 14 12 3 13 4 20 15 10 12 14 14 22 16 24 2 21 4 21 -9 4 -4 14 0 25 2 13 1 21 -1 7 11 5 -3 23 -2 4 12 19 5 8 16 7 3 1 8 11 9 22 17 6 14 19 11 4 20 7 19 3 19 -2 17 18 0 12 -2 15 1 15 -2 20 -2 2 -8 11 0 0 0 0 0 0 0 0 ]
CSI_DATA,AP,68:FE:71:12:53:8C,-46,11,1,5,1,1,1,0,0,0,0,-94,0,6,1,44937005,0,84,0,0,44.937,384,[84 -64 4 0 0 0 0 0 0 0 0 0 -23 -16 -1 -2 -1 -24 -8 -23 -16 -14 -18 -15 -20 -7 -23 -20 0 -4 -13 -22 -2 -20 0 -11 -4 -8 -15 -17 -20 -13 -19 -24 -11 -16 2 -14 -13 -7 -8 -22 0 -12 -9 -19 -15 -9 -2 -7 -5 -9 -12 -20 -6 -10 -8 -12 -18 -1 -4 -4 -13 -23 -17 -10 -17 -21 -4 -21 -12 -14 -7 -19 -4 -4 2 -10 -15 -17 -16 -13 -12 -6 -21 -18 -17 -19 -3 0 -17 -7 -12 3 -15 -15 0 -20 -16 -17 0 -10 -19 -6 -8 -17 -23 -16 7 4 0 0 0 0 0 0 0 0 ]
CSI_DATA,AP,68:FE:71:12:53:8C,-38,11,1,5,1,1,1,0,0,0,0,-96,0,6,1,45016361,0,84,0,0,45.016,384,[84 -64 4 0 0 0 0 0 0 0 0 0 -47 -5 -49 9 -43 -3 -53 -11 -41 -14 -36 2 -36 -15 -30 6 -36 -16 -31 -15 -43 -14 -35 -20 -52 -9 -41 -15 -35 -16 -48 -3 -32 1 -38 -5 -45 2 -24 -3 -39 -6 -33 -20 -20 -23 -40 -20 -39 -3 -26 1 5 12 -28 -21 -43 -12 -25 5 -24 -4 -41 5 -23 -17 -39 -6 -34 -3 -37 -3 -23 -7 -46 -13 -34 4 -29 3 -36 -10 -45 -12 -25 6 -34 -4 -27 10 -26 13 -29 1 -24 6 -40 14 -22 0 -40 0 -23 7 -44 9 -3 -7 0 0 0 0 0 0 0 0 ]
CSI_DATA,AP,68:FE:71:12:53:8C,-38,11,1,7,1,1,1,0,0,0,0,-95,0,6,1,45104106,0,84,0,0,45.104,384,[84 -64 4 0 0 0 0 0 0 0 0 0 -20 8 -13 23 -8 8 -5 13 -24 15 -19 14 -18 9 -13 11 -10 13 -24 13 -20 6 -26 4 -14 17 -30 17 -15 5 -24 16 -28 9 -14 9 -15 -2 -5 5 -6 10 -5 12 -9 1 -27 9 -27 -5 -25 0 -8 -8 -6 12 -9 11 -17 -3 -9 10 -12 -4 -13 16 -10 1 -7 17 -22 11 -5 1 -4 -4 -20 9 -18 7 -4 18 -10 21 -12 4 -8 17 -26 8 -12 10 -1 8 -7 21 -6 10 -3 8 -11 6 -10 14 -5 15 -7 -11 0 0 0 0 0 0 0 0 ]
CSI_DATA,AP,68:FE:71:12:53:8C,-42,11,1,6,1,1,1,0,0,0,0,-94,0,6,1,45197050,0,84,0,0,45.197,384,[84 -64 4 0 0 0 0 0 0 0 0 0 22 8 19 -4 28 16 29 7 29 14 10 -2 29 17 22 11 6 13 8 19 7 10 13 16 9 6 14 19 15 23 13 1 22 8 22 11 18 3 25 14 23 16 22 3 0 19 13 2 0 2 22 8 -2 -11 7 8 21 12 11 20 5 -3 9 10 8 3 4 -1 18 8 20 3 7 -5 12 19 10 3 8 9 22 1 17 8 19 10 7 16 25 7 7 -2 14 0 23 12 27 -4 28 9 20 -8 5 3 19 -6 12 7 0 0 0 0 0 0 0 0 ]
CSI_DATA,AP,68:FE:71:12:53:8C,-43,11,1,6,1,1,1,0,0,0,0,-94,0,6,1,45288049,0,84,0,0,45.288,384,[84 -64 4 0 0 0 0 0 0 0 0 0 -7 22 -7 21 -11 25 -6 24 -7 10 -20 25 -25 2 -6 24 -22 12 -26 2 -16 24 -27 10 -20 4 -3 24 -23 1 -25 13 -25 8 -2 22 -7 9 -15 16 -19 -1 -19 -1 -6 21 -23 18 -11 21 -13 12 -11 6 -3 20 0 8 -4 10 -22 12 -12 4 -13 15 -4 20 -9 7 -18 20 1 14 -5 2 -5 24 -18 24 -1 2 -10 23 -20 11 -1 20 -13 22 -5 23 -4 5 -5 4 -10 19 1 3 5 8 -8 23 -12 26 -11 6 0 0 0 0 0 0 0 0 ]
CSI_DATA,AP,68:FE:71:12:53:8C,-40,11,1,4,1,1,1,0,0,0,0,-94,0,6,1,45387372,0,84,0,0,45.387,384,[84 -64 4 0 0 0 0 0 0 0 0 0 8 -12 -6 -13 -6 -13 -5 -33 9 -32 5 -28 6 -22 6 -19 9 -21 3 -7 2 -28 15 -15 -5 -32 0 -27 -2 -19 -3 -16 -1 -24 11 -9 8 -12 5 -30 -3 -29 -6 -24 13 -28 9 -29 1 -10 11 -18 -4 2 -1 -7 12 -15 -3 -24 -7 -9 1 -16 -5 -18 13 -14 -3 -27 -6 -7 -8 -14 -2 -17 -1 -15 3 -5 12 -26 -2 -10 3 -17 5 -15 -3 -17 11 -7 2 -15 3 -9 -5 -19 -1 -24 -13 -21 4 -17 -10 -23 -12 3 0 0 0 0 0 0 0 0 ]
CSI_DATA,AP,68:FE:71:12:53:8C,-38,11,1,5,1,1,1,0,0,0,0,-96,0,6,1,45491001,0,84,0,0,45.491,384,[84 -64 4 0 0 0 0 0 0 0 0 0 18 -14 3 -5 3 -6 17 -16 6 -7 20 -13 17 -4 24 -15 11 -3 10 -21 7 -6 25 -22 8 -7 11 -25 16 -16 10 -5 18 0 5 0 12 -15 12 -6 5 -16 4 -9 22 -9 19 -6 16 -21 22 -16 -6 2 14 -23 2 -2 6 -18 17 -9 12 -13 15 -15 9 -6 5 -17 6 -1 20 -11 10 -18 -2 -15 -1 -18 -2 -19 9 -6 17 -19 8 -23 9 -12 13 -2 -5 -8 11 -16 7 -3 7 -14 13 -12 19 -13 4 -12 -2 -7 0 0 0 0 0 0 0 0 ]
CSI_DATA,AP,68:FE:71:12:53:8C,-40,11,1,6,1,1,1,0,0,0,0,-94,0,6,1,45589406,0,84,0,0,45.589,384,[84 -64 4 0 0 0 0 0 0 0 0 0 -9 17 -17 26 -22 8 -28 26 -12 8 -5 21 -5 8 -17 6 -15 5 -27 11 -14 17 -10 -1 -7 9 -13 -3 -13 19 -21 -1 -15 -2 -25 -1 -16 9 -27 16 -16 -3 -24 18 -16 -5 -5 14 -12 -3 -22 19 4 -8 -22 17 -24 6 -20 -1 -21 3 -24 17 -20 20 -3 4 -5 4 -10 0 -11 -1 -17 19 -6 10 -12 7 -2 17 -11 15 -23 12 -19 7 -22 9 -6 19 -5 9 -9 2 -17 22 -6 19 -10 17 -18 2 -10 15 1 -6 0 0 0 0 0 0 0 0 ]
CSI_DATA,AP,68:FE:71:12:53:8C,-35,11,1,7,1,1,1,0,0,0,0,-93,0,6,1,45676348,0,84,0,0,45.676,384,[84 -64 4 0 0 0 0 0 0 0 0 0 -3 -11 -20 -19 -23 -14 -15 -32 -23 -18 -11 -12 -3 -29 -14 -31 -6 -31 -7 -9 -19 -17 4 -10 -1 -10 -7 -14 -19 -26 -12 -25 0 -28 -12 -15 -13 -10 3 -29 -10 -15 -9 -22 -14 -14 -8 -25 -3 -21 -14 -7 0 8 -1 -6 -13 -7 3 -28 -7 -12 -18 -17 1 -6 -12 -6 1 -24 -9 -18 -1 -25 -4 -2 1 -12 -13 -22 -13 -12 -6 -13 -22 -25 -16 -22 -22 -22 -11 -18 -8 -22 -15 -26 -22 -3 -5 -4 -21 -6 -22 -10 -5 -12 -7 4 0 0 0 0 0 0 0 0 ]
CSI_DATA,AP,68:FE:71:12:53:8C,-45,11,1,4,1,1,1,0,0,0,0,-94,0,6,1,45754201,0,84,0,0,45.754,384,[84 -64 4 0 0 0 0 0 0 0 0 0 -14 9 -4 18 -12 13 -7 31 -16 21 3 31 -9 21 -12 21 -10 12 -22 9 -22 10 -20 29 -10 8 -17 10 -23 24 -7 12 -11 25 -17 11 -22 18 -1 26 -11 19 -13 27 -13 17 -19 4 -10 6 -21 6 -7 9 -1 16 -5 8 -4 4 0 10 -3 24 1 21 -17 6 3 19 -2 23 -16 5 -4 8 -3 12 -9 10 3 11 1 23 0 27 -16 26 -10 23 -9 18 -14 24 4 5 -14 16 -11 14 5 19 -8 13 -12 25 6 1 0 0 0 0 0 0 0 0 ]
CSI_DATA,AP,68:FE:71:12:53:8C,-45,11,1,3,1,1,1,1,0,0,0,-94,4,6,1,45862410,0,84,0,0,45.862,384,[84 -64 4 0 0 0 0 0 0 0 0 0 -21 -27 -23 -23 -18 -27 -9 -31 -14 -19 -10 -11 -9 -9 -10 -23 -20 -15 -21 -19 -7 -33 -18 -27 -4 -24 -6 -11 -1 -15 -2 -23 -2 -8 5 -12 -1 -10 -16 -27 6 -13 1 -21 -8 -29 -3 -12 6 -31 -17 -26 -4 1 -4 -13 -1 -12 -5 -23 -18 -11 -10 -12 -3 -20 -10 -12 -16 -17 2 -20 -11 -25 -1 -15 0 -27 -2 -18 -14 -24 -2 -19 -4 -17 -10 -19 -20 -10 0 -13 -5 -21 -12 -8 -12 -15 -15 -24 -4 -4 0 -9 -7 -19 12 4 0 0 0 0 0 0 0 0 ]
CSI_DATA,AP,68:FE:71:12:53:8C,-42,11,1,6,1,1,1,0,0,0,0,-94,0,6,1,45945973,0,84,0,0,45.946,384,[84 -64 4 0 0 0 0 0 0 0 0 0 25 -3 28 -9 25 -8 27 -21 17 -15 13 -17 13 -16 25 0 18 3 21 -6 29 -2 21 -8 31 -1 27 -9 7 2 20 -8 22 2 11 2 23 6 28 -11 10 -1 17 6 7 -13 22 -12 26 -6 10 1 -8 6 24 -14 11 -5 16 -4 16 -7 10 -4 22 -13 27 1 12 -18 24 -13 14 -15 12 -14 10 -13 24 -3 17 0 14 -14 26 -19 20 -1 15 -9 18 1 13 -15 5 -13 2 -4 5 -17 23 -16 5 -9 24 -5 11 1 0 0 0 0 0 0 0 0 ]
CSI_DATA,AP,68:FE:71:12:53:8C,-42,11,1,4,1,1,1,0,0,0,0,-95,0,6,1,46015285,0,84,0,0,46.015,384,[84 -64 4 0 0 0 0 0 0 0 0 0 2 -24 5 -10 6 -26 13 -12 16 -17 -3 -21 -2 -21 17 -7 7 -24 7 -28 16 -27 7 -20 12 -22 9 -29 21 -13 5 -18 18 -13 9 -21 12 -25 0 -25 0 -26 2 -11 2 -6 1 -15 20 -14 -4 -15 -12 -10 -2 -22 13 -15 9 -22 -5 -12 -6 -28 0 -25 4 -12 14 -6 3 -10 -9 -23 9 -9 2 -20 -6 -7 -5 -27 9 -17 -2 -16 13 -8 -4 -24 14 -24 -9 -27 9 -9 10 -15 7 -8 -9 -11 4 -21 2 -5 1 4 0 0 0 0 0 0 0 0 ]
CSI_DATA,AP,68:FE:71:12:53:8C,-43,11,1,5,1,1,1,0,0,0,0,-95,0,6,1,46125034,0,84,0,0,46.125,384,[84 -64 4 0 0 0 0 0 0 0 0 0 24 15 27 8 14 11 19 12 31 8 20 15 12 13 27 19 23 12 13 12 7 2 25 17 27 -2 24 21 8 3 23 3 7 17 23 15 4 17 5 -1 8 13 8 2 19 12 27 20 20 -2 24 16 -10 -2 9 13 14 -3 21 -5 28 8 4 10 6 11 8 13 5 3 17 5 5 1 17 12 4 -3 18 5 25 -1 21 9 7 8 27 -6 6 -11 27 -8 14 1 26 2 20 3 5 -12 14 9 10 12 6 -13 11 -12 0 0 0 0 0 0 0 0 ]
CSI_DATA,AP,68:FE:71:12:53:8C,-41,11,1,5,1,1,1,0,0,0,0,-93,0,6,1,46198787,0,84,0,0,46.199,384,[84 -64 4 0 0 0 0 0 0 0 0 0 23 2 29 -9 14 -12 18 2 32 12 29 -4 16 1 24 -9 17 5 9 15 32 2 16 -8 13 -4 19 10 27 3 28 10 9 10 25 -1 16 13 26 13 24 7 20 -2 4 -3 14 12 29 3 17 0 -7 -1 16 -1 10 -8 22 -6 26 14 6 -8 25 1 22 3 13 11 25 -5 9 3 28 -3 6 -12 22 8 16 -10 21 11 17 11 12 -10 19 -5 27 4 14 -13 5 -10 19 4 21 -15 11 4 20 4 25 -6 -1 -6 0 0 0 0 0 0 0 0 ]
CSI_DATA,AP,68:FE:71:12:53:8C,-37,11,1,5,1,1,1,0,0,0,1,-96,0,6,1,46276333,0,84,0,0,46.276,384,[84 -64 4 0 0 0 0 0 0 0 0 0 6 -20 28 -16 31 -17 23 -14 24 0 29 -9 19 -14 29 -13 27 -10 7 -20 26 1 32 -7 26 -2 22 -1 24 4 9 -7 29 -6 6 1 20 -6 8 -12 30 -8 24 0 7 5 8 -15 6 6 14 -5 -12 5 27 -16 29 -10 12 -5 26 -15 24 -7 13 -4 27 -18 26 -8 11 1 3 -13 4 2 1 -3 18 -8 17 0 16 -1 19 0 9 -22 25 -8 18 0 18 -21 2 -16 24 -22 21 -22 20 -21 8 -23 0 -21 -6 -3 0 0 0 0 0 0 0 0 ]
CSI_DATA,AP,68:FE:71:12:53:8C,-38,11,1,7,1,1,1,1,0,0,0,-93,4,6,1,46368942,0,84,0,0,46.369,384,[84 -64 4 0 0 0 0 0 0 0 0 0 26 8 7 -9 24 11 24 8 27 7 15 16 24 5 22 -7 16 -3 17 -5 11 6 29 5 19 16 21 -4 5 1 10 6 6 16 18 12 11 15 28 -4 10 1 4 18 13 -6 9 9 22 16 24 -2 -7 8 16 -6 19 4 8 4 22 10 25 0 26 14 17 -2 20 -1 22 1 8 4 23 -8 25 -5 4 -3 15 2 11 0 27 -6 9 -7 14 -3 7 -6 20 10 17 -1 23 3 8 3 9 0 26 -9 12 6 -12 -4 0 0 0 0 0 0 0 0 ]
CSI_DATA,AP,68:FE:71:12:53:8C,-43,11,1,6,1,1,1,0,0,0,0,-93,0,6,1,46446298,0,84,0,0,46.446,384,[84 -64 4 0 0 0 0 0 0 0 0 0 16 -18 25 -13 17 -7 16 -6 19 -9 22 -9 29 -7 20 -17 20 -12 20 -2 27 -10 26 -11 23 2 16 -4 21 -16 12 -12 19 -12 27 4 12 -8 14 -2 8 -10 14 7 14 1 12 7 13 -3 4 -7 2 11 8 -11 6 -12 13 -15 16 4 25 -8 5 3 17 -4 17 -16 25 -1 14 -7 18 5 11 1 7 -14 12 -15 12 3 5 -18 27 -20 9 -5 13 -16 11 0 15 -18 20 -8 22 -8 21 -3 14 -8 1 -22 3 -10 0 0 0 0 0 0 0 0 ]
CSI_DATA,AP,68:FE:71:12:53:8C,-41,11,1,5,1,1,1,0,0,0,0,-94,0,6,1,46548294,0,84,0,0,46.548,384,[84 -64 4 0 0 0 0 0 0 0 0 0 9 13 10 22 -6 8 11 9 -10 23 -11 15 -11 31 -12 16 -5 29 -9 23 -13 23 1 27 -4 9 -9 22 2 12 -10 21 10 25 -9 13 -1 24 -14 10 -9 17 -6 6 2 4 -12 5 -9 11 3 14 0 -12 -3 10 -8 14 -7 27 9 10 4 10 5 24 -11 21 4 26 -1 17 -2 11 -5 28 10 11 7 3 -3 23 1 20 4 26 -4 16 2 19 0 7 7 20 3 27 -7 21 5 18 3 7 15 6 -7 24 -11 6 0 0 0 0 0 0 0 0 ]
CSI_DATA,AP,68:FE:71:12:53:8C,-39,11,1,6,1,1,1,0,0,0,0,-94,0,6,1,46650240,0,84,0,0,46.65,384,[84 -64 4 0 0 0 0 0 0 0 0 0 1 18 12 25 0 8 15 30 6 24 -3 28 16 31 -2 15 -3 28 2 13 6 24 -5 15 -1 9 -6 23 -8 24 -3 29 3 10 11 12 15 27 3 7 6 17 -9 7 6 20 -8 12 -2 19 10 17 1 4 2 6 -2 11 13 5 17 21 12 23 16 27 2 23 7 7 14 16 0 20 5 27 17 15 13 15 12 20 4 12 18 2 -4 17 10 6 20 14 4 2 7 13 2 2 14 6 7 9 19 0 13 0 7 -5 0 0 0 0 0 0 0 0 ]
CSI_DATA,AP,68:FE:71:12:53:8C,-42,11,1,5,1,1,1,0,0,0,0,-95,0,6,1,46736714,0,84,0,0,46.737,384,[84 -64 4 0 0 0 0 0 0 0 0 0 -14 7 -29 6 -27 4 -22 8 -27 4 -18 -3 -26 5 -30 10 -13 1 -20 -4 -26 3 -18 1 -18 13 -11 6 -26 14 -25 11 -19 2 -27 12 -30 15 -10 -2 -19 -1 -30 3 -19 10 -22 18 -10 4 -29 5 -7 -4 -23 5 -6 19 -26 8 -14 6 -14 10 -5 13 -11 18 -6 8 -13 19 -12 10 -26 2 -7 19 -2 12 -15 -2 -13 11 -6 2 -17 14 -9 13 -9 4 -24 15 -9 10 -10 19 -23 19 -9 17 -21 19 -4 12 -6 -1 0 0 0 0 0 0 0 0 ]
CSI_DATA,AP,68:FE:71:12:53:8C,-40,11,1,4,1,1,1,0,0,0,0,-96,0,6,1,46827772,0,84,0,0,46.828,384,[84 -64 4 0 0 0 0 0 0 0 0 0 -17 -28 5 -29 -5 -33 -14 -13 8 -25 -2 -15 -7 -13 -7 -15 -10 -10 6 -11 13 -30 13 -23 -4 -33 1 -9 14 -8 -8 -26 9 -29 5 -10 -1 -29 -7 -22 7 -21 -6 -27 -1 -14 3 -24 4 -30 8 -28 -5 -5 -10 -18 3 -22 -7 -28 -6 -18 -6 -24 -8 -29 11 -15 -6 -14 -8 -11 1 -28 10 -26 -12 -13 3 -27 -10 -20 0 -21 -10 -12 -4 -21 3 -15 0 -11 -15 -14 -7 -6 -12 -6 -10 -26 -8 -10 4 -25 4 -26 -4 -5 0 0 0 0 0 0 0 0 ]
CSI_DATA,AP,68:FE:71:12:53:8C,-48,11,1,5,1,1,1,0,0,0,0,-94,0,6,1,46902235,0,84,0,0,46.902,384,[84 -64 4 0 0 0 0 0 0 0 0 0 7 -1 19 4 30 6 18 14 9 6 14 17 16 14 10 16 19 20 14 18 17 2 24 2 8 8 11 1 9 13 19 15 9 7 27 18 6 11 4 2 8 1 17 0 4 10 19 19 22 17 17 -1 4 -11 15 10 12 16 15 2 25 11 2 18 8 8 3 7 20 -2 21 -5 5 17 11 11 21 16 6 14 21 13 3 3 25 9 12 13 7 4 4 5 18 15 12 -5 24 -8 27 5 9 0 9 13 7 -7 -11 5 0 0 0 0 0 0 0 0 ]
CSI_DATA,AP,68:FE:71:12:53:8C,-46,11,1,5,1,1,1,0,0,0,0,-95,0,6,1,46989973,0,84,0,0,46.99,384,[84 -64 4 0 0 0 0 0 0 0 0 0 -28 12 -29 13 -20 12 -33 6 -12 -1 -9 7 -22 -2 -8 8 -12 -4 -15 -13 -17 -4 -20 11 -26 5 -27 -12 -20 6 -20 8 -32 0 -14 4 -20 -7 -31 3 -17 2 -18 -1 -20 7 -29 2 -19 -3 -25 1 5 5 -21 -12 -26 2 -19 2 -8 -10 -14 7 -12 -8 -5 7 -9 13 -11 -10 -9 9 -24 -8 -22 -3 -25 -1 -12 0 -25 5 -28 -2 -25 10 -13 13 -29 10 -14 -4 -8 7 -22 7 -10 4 -10 12 -6 12 -14 0 6 -1 0 0 0 0 0 0 0 0 ]
CSI_DATA,AP,68:FE:71:12:53:8C,-38,11,1,5,1,1,1,0,0,0,0,-95,0,6,1,47081455,0,84,0,0,47.081,384,[84 -64 4 0 0 0 0 0 0 0 0 0 -23 -5 -16 -9 -30 -20 -23 -20 -15 -13 -11 -7 -23 -6 -14 -26 -22 -25 -21 -22 -16 -6 -25 -23 -27 -20 -8 -18 -9 -27 -23 -24 -17 -11 -10 -20 -19 -8 -7 -5 -3 -12 -21 -12 -20 -26 -6 -26 -5 -25 -14 -8 2 -6 -4 -9 -17 -2 -6 -24 -25 -20 -18 -17 -16 -1 -3 -16 -10 0 -15 -14 -14 -10 -17 -10 -25 -12 -18 -20 -6 -2 -10 -17 -26 3 -12 -21 -25 -16 -22 -2 -23 0 -18 -20 -14 1 -24 -16 -19 -13 -22 4 -16 -17 -7 -11 0 0 0 0 0 0 0 0 ]
CSI_DATA,AP,68:FE:71:12:53:8C,-44,11,1,5,1,1,1,0,0,0,0,-96,0,6,1,47148668,0,84,0,0,47.149,384,[84 -64 4 0 0 0 0 0 0 0 0 0 25 -6 13 -3 15 -23 16 -14 21 -10 18 -15 23 2 10 -2 8 -10 23 0 31 5 13 0 31 -16 29 -6 25 -18 31 0 12 -16 10 0 12 -3 27 6 13 -6 17 7 9 -7 13 -10 18 -6 19 -17 6 -7 20 0 4 -12 4 -14 9 2 3 -3 24 -11 8 -4 11 3 19 -8 20 1 13 -15 13 -18 14 -16 9 -17 25 -14 15 -21 19 -3 7 -5 6 -15 17 2 4 1 1 -1 14 0 23 -19 16 0 24 -17 0 2 0 0 0 0 0 0 0 0 ]
CSI_DATA,AP,68:FE:71:12:53:8C,-43,11,1,5,1,1,1,0,0,0,0,-96,0,6,1,47241931,0,84,0,0,47.242,384,[84 -64 4 0 0 0 0 0 0 0 0 0 3 25 0 23 -1 13 5 14 -6 28 4 11 -17 12 -2 18 -18 10 -3 24 -15 7 -6 30 -19 18 1 21 -12 23 -13 19 -12 8 -6 5 5 4 -1 8 -3 5 -7 7 4 19 -14 16 5 9 2 25 7 6 4 22 -7 19 -11 6 -6 17 -8 20 -16 25 -6 25 -16 12 -14 11 0 26 -10 6 -13 22 7 11 9 13 -5 13 -1 21 -4 27 -4 18 2 12 11 24 -6 26 4 13 -1 3 1 16 -10 6 1 26 -5 5 0 0 0 0 0 0 0 0 ]
CSI_DATA,AP,68:FE:71:12:53:8C,-47,11,1,5,1,1,1,0,0,0,1,-95,0,6,1,47338182,0,84,0,0,47.338,384,[84 -64 4 0 0 0 0 0 0 0 0 0 21 -29 0 -21 3 -30 12 -20 18 -12 11 -29 1 -26 22 -22 11 -20 10 -20 23 -14 18 -20 5 -9 19 -8 13 -3 26 -23 7 -22 15 -12 4 -7 2 -18 22 -22 16 -9 7 -2 18 -19 22 -4 7 -15 -12 4 20 -23 12 -8 16 -4 15 -16 10 -24 11 -7 2 -20 13 -14 10 -23 1 -14 17 -20 14 -23 11 -16 2 -24 5 -11 14 -27 6 -7 17 -18 9 -23 5 -27 -3 -27 14 -8 0 -27 2 -20 19 -15 10 -9 -2 -10 0 0 0 0 0 0 0 0 ]
CSI_DATA,AP,68:FE:71:12:53:8C,-43,11,1,6,1,1,1,1,0,0,0,-95,4,6,1,47413837,0,84,0,0,47.414,384,[84 -64 4 0 0 0 0 0 0 0 0 0 11 31 13 11 -4 20 11 22 -5 32 13 11 -3 9 7 19 -8 23 4 9 6 17 -2 21 -10 25 -2 20 -1 25 -4 16 -3 28 10 16 -4 5 9 24 1 10 2 6 -2 25 6 15 -4 25 -5 13 2 -2 -10 22 -12 13 6 25 11 20 -1 12 -8 15 0 14 -1 18 12 20 13 22 -9 4 -4 5 14 24 -3 19 10 27 5 9 0 15 -8 22 -6 4 5 19 15 6 16 10 -2 19 -4 20 -4 16 16 5 4 4 0 0 0 0 0 0 0 0 ]
CSI_DATA,AP,68:FE:71:12:53:8C,-39,11,1,5,1,1,1,0,0,0,0,-93,0,6,1,47481422,0,84,0,0,47.481,384,[84 -64 4 0 0 0 0 0 0 0 0 0 -13 -16 -5 -25 -16 -22 -6 -30 -17 -26 -7 -15 -6 -14 -12 -7 3 -21 8 -14 -4 -9 -15 -10 -11 -21 -6 -26 -7 -27 0 -19 10 -13 -1 -18 -12 -13 6 -24 3 -18 -7 -7 -12 -10 6 -14 0 -12 -10 -16 1 -5 -1 -7 -3 -27 -6 -24 1 -18 0 -15 -3 -12 0 -9 -5 -20 -1 -15 8 -22 -7 -21 -11 -21 4 -21 -8 -23 -11 -23 -10 -18 -12 -10 -19 -15 -7 -11 4 -14 6 -6 -6 -21 -11 -22 -12 -7 -19 -4 -11 -2 -4 -7 0 0 0 0 0 0 0 0 ]
CSI_DATA,AP,68:FE:71:12:53:8C,-42,11,1,4,1,1,1,1,0,0,0,-96,5,6,1,47555531,0,84,0,0,47.556,384,[84 -64 4 0 0 0 0 0 0 0 0 0 -21 22 -3 25 -11 7 -6 19 -9 9 -6 16 -14 4 -7 1 -19 1 -7 12 -26 8 -27 2 -25 18 -21 7 -17 10 -5 0 -11 6 -19 18 -13 10 -22 17 -20 20 -13 -1 -10 7 -2 20 -4 3 -13 11 10 10 -14 13 -9 16 -3 20 0 19 -6 14 -21 9 -1 16 -10 21 -19 12 -12 6 -12 13 -18 17 1 12 -2 9 -3 19 -20 23 -12 14 2 5 -6 21 -2 18 -3 2 -15 23 0 22 -9 17 -16 3 -5 13 0 -12 0 0 0 0 0 0 0 0 ]
CSI_DATA,AP,68:FE:71:12:53:8C,-41,11,0,0,0,0,0,0,0,0,0,-96,0,6,1,47635352,0,37,0,0,47.635,128,[84 -64 4 0 0 0 0 0 0 0 0 0 20 -17 19 4 20 -8 23 -10 29 -11 12 -11 20 -8 19 -16 5 8 23 -1 31 -10 10 -10 30 6 16 8 23 5 30 0 11 -6 10 -4 17 -14 16 -5 21 -12 26 1 17 6 14 -6 13 0 22 3 8 -4 16 6 8 5 16 -1 22 -10 23 -12 9 -14 22 -6 20 -5 24 -13 23 -14 8 -10 18 -15 5 -3 8 2 17 3 12 -6 22 -20 23 -7 25 3 7 -6 4 -14 6 -1 19 -21 21 -19 3 -19 14 -20 -10 0 0 0 0 0 0 0 0 0 ]
CSI_DATA,AP,68:FE:71:12:53:8C,-42,11,1,5,1,1,1,0,0,0,0,-95,0,6,1,47734337,0,84,0,0,47.734,384,[84 -64 4 0 0 0 0 0 0 0 0 0 -11 -13 -11 5 -12 2 -21 -20 -29 -1 -11 2 -21 -14 -6 -16 -27 -1 -10 -11 -10 -1 -9 -3 -7 -13 -21 -23 -13 -16 -7 -5 -22 -22 -5 -3 -6 -6 -15 -21 -21 -20 -16 -22 -10 -12 -26 -18 -14 -23 -20 -13 3 11 -13 -12 -18 -5 -5 -11 -25 4 -16 -15 -17 -20 -26 -8 -14 -10 -8 -10 -9 -2 -15 -2 -18 -9 -14 -13 -4 -5 -6 -3 -9 -15 -4 -2 -5 -5 -13 -6 -13 1 -15 3 -11 -7 -3 -11 -24 8 -15 7 -18 6 -1 2 0 0 0 0 0 0 0 0 ]
CSI_DATA,AP,68:FE:71:12:53:8C,-44,11,1,3,1,1,1,0,0,0,1,-95,0,6,1,47802994,0,84,0,0,47.803,384,[84 -64 4 0 0 0 0 0 0 0 0 0 27 7 17 5 23 -1 17 3 22 21 6 2 24 7 20 9 5 5 15 18 14 5 4 5 16 16 15 2 19 22 19 15 19 8 17 10 4 23 12 4 10 4 23 9 0 12 17 -1 18 15 6 3 3 9 0 8 23 11 9 16 24 11 16 -3 21 21 24 18 18 14 19 7 22 14 16 -3 22 4 4 4 15 18 5 1 22 1 11 4 8 6 15 12 12 12 9 -1 8 5 16 -6 25 7 8 13 12 -5 12 -11 0 0 0 0 0 0 0 0 ]
CSI_DATA,AP,68:FE:71:12:53:8C,-39,11,1,6,1,1,1,0,0,0,0,-96,0,6,1,47891400,0,82,0,0,47.891,384,[84 -64 4 0 0 0 0 0 0 0 0 0 -18 16 -13 -8 -10 6 -22 4 -3 8 -20 4 -7 3 -2 -3 -13 -11 -22 6 -17 -3 -4 -9 -6 1 -13 7 -5 -12 -15 0 -18 -2 -6 -12 -22 12 -21 -10 -16 5 -17 5 -16 -3 -10 0 1 3 -18 1 -6 -3 -22 -11 -19 3 -4 10 -15 -6 -17 -2 -3 -8 -14 5 -6 -6 -8 -2 -19 7 -19 11 -2 -5 -19 11 -21 7 -8 -1 -19 5 -12 -2 -7 13 -17 9 4 -1 -14 -5 -18 15 -15 9 -14 6 -2 16 0 3 4 3 0 0 0 0 0 0 0 0 ]
CSI_DATA,AP,68:FE:71:12:53:8C,-42,11,1,5,1,1,1,0,0,0,1,-95,0,6,1,47988325,0,84,0,0,47.988,384,[84 -64 4 0 0 0 0 0 0 0 0 0 17 -1 13 12 16 13 17 -3 19 0 8 7 25 12 27 5 23 -4 2 2 23 8 20 8 12 12 13 -2 16 9 13 3 11 19 18 19 2 14 5 13 8 14 25 -1 6 0 5 12 3 16 6 18 -8 -12 3 18 5 9 8 10 12 16 20 10 15 -3 13 1 23 -7 6 3 10 1 3 4 8 2 24 -4 3 1 13 13 14 3 2 3 2 -1 2 -9 2 7 23 6 5 13 18 7 12 4 3 -6 2 8 -1 2 0 0 0 0 0 0 0 0 ]
CSI_DATA,AP,68:FE:71:12:53:8C,-40,11,1,5,1,1,1,0,0,0,0,-96,0,6,1,48065882,0,84,0,0,48.066,384,[84 -64 4 0 0 0 0 0 0 0 0 0 17 -9 27 10 15 -10 24 -7 18 -1 23 -3 14 8 15 -1 17 1 25 5 16 15 29 7 21 2 19 -5 9 19 26 9 20 -4 23 5 2 -1 20 11 16 12 17 -1 7 3 11 16 7 14 13 4 -1 1 18 5 21 5 25 -6 2 -4 22 -4 1 -6 5 7 22 3 14 12 6 -2 14 -7 20 0 23 -3 18 -8 20 -9 18 6 18 12 24 -7 22 -7 15 -4 5 -3 14 2 4 9 26 -2 2 0 21 -1 5 3 0 0 0 0 0 0 0 0 ]
CSI_DATA,AP,68:FE:71:12:53:8C,-38,11,1,6,1,1,1,0,0,0,0,-94,0,6,1,48150617,0,84,0,0,48.151,384,[84 -64 4 0 0 0 0 0 0 0 0 0 -8 3 -10 1 -9 12 -3 7 -25 2 -14 13 -16 10 -25 -5 -11 9 -19 8 -22 -1 -6 -9 -21 13 -14 13 -10 10 -25 6 -2 -2 -15 -11 -6 -11 -18 -3 -7 10 -11 8 -4 -2 -16 9 -10 -7 -2 1 11 1 -2 -6 -23 -4 -23 -9 -9 8 -21 3 -23 8 -14 6 -18 4 -2 12 -19 -6 0 4 -18 0 -14 4 -18 16 -17 -6 -22 -6 -13 13 -11 14 -18 -6 -8 10 -23 10 -5 1 1 7 -12 16 -16 2 -21 1 7 -6 0 0 0 0 0 0 0 0 ]
CSI_DATA,AP,68:FE:71:12:53:8C,-41,11,1,6,1,1,1,0,0,0,0,-95,0,6,1,48223701,0,84,0,0,48.224,384,[84 -64 4 0 0 0 0 0 0 0 0 0 -5 -16 4 -21 -7 -19 0 -14 -5 -21 1 -21 -10 -24 2 -18 -17 -4 -6 -14 1 -6 -5 -26 -11 -13 6 -28 3 -23 -9 -22 -14 -13 9 -22 -6 -9 -7 -26 -10 -4 -12 -27 -3 -14 -10 -21 1 -9 9 -21 12 -7 5 -7 -8 -12 -16 -24 2 -21 -4 -8 1 -7 -6 -7 -11 -18 -12 -2 -10 -1 -4 -3 8 -25 -9 -19 -10 -25 -5 -16 -11 -6 1 -10 -5 -24 -8 -9 -10 -22 -10 -25 -1 -3 -20 -2 -11 -15 -13 -13 -2 -15 -1 -7 0 0 0 0 0 0 0 0 ]
CSI_DATA,AP,68:FE:71:12:53:8C,-38,11,1,5,1,1,1,0,0,0,0,-94,0,6,1,48296144,0,84,0,0,48.296,384,[84 -64 4 0 0 0 0 0 0 0 0 0 37 3 26 22 28 6 28 12 23 27 34 16 22 20 19 27 27 13 21 19 33 13 19 13 36 11 37 21 29 34 30 23 25 24 35 23 30 22 33 32 36 33 26 20 17 28 15 25 28 15 24 31 -12 -2 18 33 22 16 16 31 14 13 24 24 20 14 32 23 36 25 32 19 18 24 19 26 33 12 26 24 28 13 25 18 22 27 33 25 29 5 35 28 16 8 22 2 17 15 22 6 19 20 33 -1 37 6 3 1 0 0 0 0 0 0 0 0 ]
CSI_DATA,AP,68:FE:71:12:53:8C,-40,11,1,6,1,1,1,0,0,0,0,-95,0,6,1,48366376,0,84,0,0,48.366,384,[84 -64 4 0 0 0 0 0 0 0 0 0 -19 -29 -17 -9 -16 -6 -9 -21 -13 -30 -4 -7 -9 -22 -16 -22 -19 -32 3 -8 -6 -24 2 -14 -6 -19 -12 -18 -17 -12 5 -20 4 -27 -5 -13 -3 -8 1 -11 7 -20 8 -26 1 -19 -2 -23 -11 -21 -3 -24 -4 0 -4 -19 -5 -17 -11 -24 -17 -24 -12 -21 0 -6 -13 -10 -15 -11 2 -7 -13 -8 -17 -20 4 -25 -14 -16 -7 -25 -1 -10 -2 -22 -5 -8 -18 -26 0 -7 -16 -16 -15 -7 -12 -4 -5 -14 -21 -17 -21 -6 -23 -8 12 -8 0 0 0 0 0 0 0 0 ]
CSI_DATA,AP,68:FE:71:12:53:8C,-41,11,1,4,1,1,1,0,0,0,0,-95,0,6,1,48448769,0,84,0,0,48.449,384,[84 -64 4 0 0 0 0 0 0 0 0 0 -9 -23 0 -13 1 -10 -2 -30 -7 -16 -8 -16 -11 -13 -1 -19 10 -10 -13 -12 -6 -12 7 -17 7 -9 10 -22 -1 -4 6 -6 3 -2 -14 -11 -2 -21 -10 -4 9 -16 9 -23 -11 -24 -9 -12 7 -12 7 -8 -4 -2 -15 -7 -1 -20 -8 -4 -16 -3 -1 -1 -2 -14 -8 -15 -3 -16 -17 -11 -4 -4 -12 -1 -14 -5 -6 1 -10 -3 -4 -12 -18 -1 -13 -13 -14 -5 -7 -10 1 -9 2 -5 -15 -10 -1 -5 -1 -21 -12 -2 -1 3 1 -8 0 0 0 0 0 0 0 0 ]
CSI_DATA,AP,68:FE:71:12:53:8C,-43,11,1,5,1,1,1,0,0,0,0,-94,0,6,1,48519873,0,84,0,0,48.52,384,[84 -64 4 0 0 0 0 0 0 0 0 0 -11 39 -12 45 -11 31 -19 48 -22 40 -7 18 -4 31 -4 16 -8 32 -27 35 -23 20 -27 35 -13 14 -19 14 -23 21 -14 15 -16 15 0 23 -18 30 0 19 -11 29 -17 15 -22 8 -12 8 -16 9 -16 12 8 0 -2 15 -1 20 -8 13 2 11 -13 21 -12 30 -13 28 -6 31 -15 24 0 28 9 18 11 14 -13 21 9 33 -8 12 -2 19 -4 22 3 22 7 12 1 32 7 34 -8 25 6 30 16 31 8 14 14 33 -10 -9 0 0 0 0 0 0 0 0 ]
CSI_DATA,AP,68:FE:71:12:53:8C,-47,11,1,3,1,1,1,1,0,0,0,-94,1,6,1,48607638,0,84,0,0,48.608,384,[84 -64 4 0 0 0 0 0 0 0 0 0 4 37 13 25 7 32 11 36 13 28 12 18 11 16 14 14 10 14 4 14 0 14 1 20 -7 15 -1 17 3 16 -3 24 14 6 1 20 4 26 -8 7 13 23 -6 8 11 6 0 20 1 4 14 6 -3 10 8 16 0 9 0 11 11 7 11 21 2 22 11 1 11 4 7 -2 5 7 12 -1 -3 15 9 17 13 19 15 15 7 10 0 -1 18 16 22 3 18 17 21 7 8 11 23 0 11 6 14 1 4 7 -12 -6 0 0 0 0 0 0 0 0 ]
CSI_DATA,AP,68:FE:71:12:53:8C,-37,11,0,0,0,0,0,0,0,0,0,-94,0,6,1,48666024,0,37,0,0,48.666,128,[84 -64 4 0 0 0 0 0 0 0 0 0 -36 1 -27 -10 -19 -12 -33 -22 -18 -21 -39 -11 -36 -5 -26 -22 -32 -5 -35 -15 -28 -16 -23 -24 -25 -2 -10 -6 -22 -10 -21 -11 -17 -21 -25 -13 -18 -4 -28 -21 -25 -10 -21 3 -3 4 -26 3 -14 -6 -24 -13 0 6 -17 -16 -16 9 -14 1 -21 -3 -16 -7 -11 2 -12 5 -13 9 -8 -4 -16 -9 -20 10 -19 3 -14 6 -21 4 -6 -4 -3 5 -21 0 -4 16 0 9 -21 3 -16 -6 -12 -2 -15 18 -20 15 -1 19 -19 20 11 3 0 0 0 0 0 0 0 0 ]
CSI_DATA,AP,68:FE:71:12:53:8C,-44,11,0,0,0,0,0,0,0,0,0,-95,0,6,1,48752393,0,37,0,0,48.752,128,[84 -64 4 0 0 0 0 0 0 0 0 0 -12 -8 -10 -17 10 -20 -5 -8 -12 -6 1 -20 -11 -9 3 -17 -6 -14 -2 -14 -4 -5 -5 -13 -8 -20 -10 -17 -4 -15 11 0 8 -9 -7 -2 0 -21 10 -17 2 0 -3 -17 -4 2 -3 -7 -11 -21 1 -6 -3 -7 -3 1 -12 -22 4 -17 11 -4 -10 -7 2 -3 -8 1 -8 -9 -8 1 11 -3 4 -10 1 -2 -5 -14 6 -4 -9 -18 -4 0 -13 -17 -14 -7 9 -1 10 -2 4 -3 0 -12 -5 -19 -3 -17 3 3 3 -10 -1 1 0 0 0 0 0 0 0 0 ]
CSI_DATA,AP,68:FE:71:12:53:8C,-36,11,0,0,0,0,0,0,0,0,0,-96,0,6,1,48866214,0,37,0,0,48.866,128,[84 -64 4 0 0 0 0 0 0 0 0 0 -13 -7 -15 -7 -22 -20 -10 -20 -27 1 -14 0 -17 -15 -4 -9 -20 1 -10 -22 -18 -2 -10 -13 -12 -16 -23 -23 -14 -21 -23 -8 -21 2 -16 0 -9 0 -14 -11 -21 -22 -3 -22 -23 -6 -10 -7 -12 -19 -23 -7 10 10 -4 -15 -9 -6 -17 -17 -2 -4 -23 -16 -12 -8 -24 -19 -26 -20 -12 -3 -6 -18 -11 -20 -5 0 -8 3 -18 -14 -21 -8 -15 -20 -6 -20 -5 -17 -7 -3 -3 0 -5 2 -15 -1 -17 -16 -25 -3 -15 -20 -7 -7 -8 3 0 0 0 0 0 0 0 0 ]
CSI_DATA,AP,68:FE:71:12:53:8C,-40,11,1,5,1,1,1,0,0,0,0,-95,0,6,1,48965810,0,84,0,0,48.966,384,[84 -64 4 0 0 0 0 0 0 0 0 0 16 -7 -7 -5 14 -4 15 1 10 -16 -8 6 17 -16 -8 -7 -3 -14 -3 -7 4 5 -3 -10 4 -5 15 1 14 6 2 -13 16 -6 15 1 7 8 11 -11 -6 -4 12 3 5 -10 1 5 17 1 13 7 7 7 -3 7 4 -1 4 4 17 8 2 7 -4 -12 6 2 -7 -13 8 7 13 1 -1 -3 9 -13 9 -7 -6 2 -4 5 6 -1 16 -5 10 5 10 -8 16 6 -2 1 -3 -4 0 0 7 -4 3 4 3 3 1 1 0 0 0 0 0 0 0 0 ]
CSI_DATA,AP,68:FE:71:12:53:8C,-39,11,1,6,1,1,1,0,0,0,0,-96,0,6,1,49070238,0,84,0,0,49.07,384,[84 -64 4 0 0 0 0 0 0 0 0 0 -18 -28 -9 -16 3 -26 2 -15 -11 -11 -4 -20 -8 -14 6 -29 6 -13 9 -18 5 -21 7 -8 -6 -15 3 -19 -9 -24 -13 -25 -7 -14 5 -25 2 -9 -7 -11 4 -7 2 -19 -2 -25 3 -27 10 -29 3 -20 -2 -6 -2 -13 6 -23 -13 -5 4 -26 5 -23 4 -6 7 -19 1 -21 4 -19 -12 -23 -15 -18 6 -13 -15 -22 1 -7 2 -17 -4 -18 5 -18 -5 -23 -6 -20 -15 0 -6 -3 -17 -11 -10 -2 2 -16 -15 -21 0 -16 7 -7 0 0 0 0 0 0 0 0 ]
CSI_DATA,AP,68:FE:71:12:53:8C,-44,11,1,5,1,1,1,0,0,0,0,-95,0,6,1,49135730,0,84,0,0,49.136,384,[84 -64 4 0 0 0 0 0 0 0 0 0 8 21 6 10 -1 27 10 30 6 12 -6 12 12 30 0 7 -10 10 3 5 11 17 0 24 3 19 10 11 -6 23 -4 29 4 15 -14 20 -1 7 2 15 0 15 1 28 7 21 3 17 -2 26 -12 28 1 -5 -14 9 -7 21 -1 10 4 16 3 2 -14 14 8 4 -9 17 -7 11 -10 4 -7 7 6 9 -12 17 0 17 -1 9 2 21 4 14 -8 18 -10 0 6 19 -6 0 3 19 6 24 14 22 -2 2 6 1 -1 4 0 0 0 0 0 0 0 0 ]
CSI_DATA,AP,68:FE:71:12:53:8C,-46,11,1,3,1,1,1,0,0,0,0,-94,0,6,1,49219334,0,84,0,0,49.219,384,[84 -64 4 0 0 0 0 0 0 0 0 0 14 -4 25 2 5 8 16 23 14 0 5 12 7 22 6 26 11 18 4 11 5 11 10 11 6 28 18 24 10 26 4 20 23 20 17 19 12 23 9 22 12 22 17 27 1 15 23 22 17 26 14 29 7 4 17 14 10 18 20 23 9 12 4 13 22 11 25 13 13 26 25 7 6 15 6 15 22 18 21 25 26 9 25 10 21 18 19 2 25 8 12 17 22 7 18 1 9 18 8 20 12 14 26 0 7 3 4 -12 0 0 0 0 0 0 0 0 ]
CSI_DATA,AP,68:FE:71:12:53:8C,-42,11,1,6,1,1,1,1,0,0,0,-94,4,6,1,49306369,0,84,0,0,49.306,384,[84 -64 4 0 0 0 0 0 0 0 0 0 -14 -7 -11 -9 -27 -8 -6 -7 -11 5 -5 -10 -12 -13 -13 -4 -12 -14 -8 1 -12 -17 -10 6 -19 -17 -8 -18 -27 -13 -18 -13 -17 -2 -19 -9 -11 -15 -7 -17 -19 -10 -18 -12 -21 -4 -19 -18 -23 -20 -27 -18 8 6 -22 -4 -20 -1 -11 1 -10 -7 -27 4 -15 4 -12 -19 -11 -16 -24 -8 -20 -11 -14 -8 -25 7 -11 -14 -25 -2 -12 6 -28 -4 -13 7 -23 -14 -12 2 -23 -11 -16 -11 -23 -10 -23 -4 -17 3 -8 -2 -22 -10 5 -3 0 0 0 0 0 0 0 0 ]
CSI_DATA,AP,68:FE:71:12:53:8C,-38,11,1,7,1,1,1,0,0,0,0,-96,0,6,1,49403295,0,84,0,0,49.403,384,[84 -64 4 0 0 0 0 0 0 0 0 0 17 -33 11 -27 7 -35 10 -19 21 -30 24 -13 19 -11 4 -35 17 -30 27 -15 7 -18 17 -19 16 -16 14 -19 15 -28 29 -32 21 -7 22 -30 27 -30 26 -16 5 -20 22 -13 25 -13 19 -25 16 -31 24 -25 -5 1 3 -23 18 -14 19 -31 9 -12 9 -11 3 -14 2 -27 8 -25 17 -19 14 -6 6 -25 13 -11 11 -9 3 -22 -2 -19 11 -25 6 -14 14 -18 16 -29 8 -28 12 -9 1 -31 -2 -26 9 -14 3 -16 13 -12 -12 -1 0 0 0 0 0 0 0 0 ]
CSI_DATA,AP,68:FE:71:12:53:8C,-41,11,1,6,1,1,1,0,0,0,0,-93,0,6,1,49472044,0,84,0,0,49.472,384,[84 -64 4 0 0 0 0 0 0 0 0 0 7 20 4 8 14 23 6 4 28 4 12 16 19 12 2 17 12 26 18 22 17 10 5 14 10 6 9 22 18 26 9 11 10 17 2 14 11 8 2 4 14 1 1 1 5 7 5 6 20 7 8 11 11 5 7 0 0 17 17 12 10 8 5 -1 16 -1 6 3 12 5 24 11 2 11 22 7 0 9 6 7 19 7 13 13 25 4 20 1 1 11 13 12 16 1 22 0 11 15 13 1 6 3 18 6 14 -3 -8 -10 0 0 0 0 0 0 0 0 ]
CSI_DATA,AP,68:FE:71:12:53:8C,-40,11,1,4,1,1,1,0,0,0,0,-95,0,6,1,49555871,0,84,0,0,49.556,384,[84 -64 4 0 0 0 0 0 0 0 0 0 13 28 2 14 1 22 -8 18 9 28 -10 21 -7 17 -4 9 -3 27 -14 11 -12 23 -6 13 -1 7 7 19 -15 14 3 11 8 13 -4 18 -14 16 6 8 7 7 -9 26 0 14 7 5 -15 12 2 11 -2 1 5 12 -5 12 2 21 10 5 -6 23 -13 15 0 15 6 27 6 5 -3 12 -1 27 11 19 9 24 11 14 6 8 8 20 11 26 -10 7 0 15 -3 17 0 6 -10 7 6 24 -7 13 9 15 -6 19 -9 -4 0 0 0 0 0 0 0 0 ]
CSI_DATA,AP,68:FE:71:12:53:8C,-41,11,1,5,1,1,1,0,0,0,1,-95,0,6,1,49627655,0,84,0,0,49.628,384,[84 -64 4 0 0 0 0 0 0 0 0 0 9 -31 19 -17 9 -24 16 -32 1 -28 18 -22 10 -21 23 -25 16 -29 4 -25 20 -19 7 -36 11 -24 22 -21 15 -15 13 -32 20 -12 13 -32 10 -33 21 -21 20 -18 17 -34 13 -21 21 -20 20 -30 13 -27 -2 -10 21 -9 1 -20 3 -17 -2 -10 1 -23 -1 -22 -3 -19 -3 -18 14 -33 7 -24 -2 -19 16 -17 -5 -15 2 -30 7 -14 0 -28 1 -30 -5 -35 10 -29 12 -35 -1 -20 2 -24 -9 -30 -6 -15 5 -12 -7 -18 -7 7 0 0 0 0 0 0 0 0 ]
CSI_DATA,AP,68:FE:71:12:53:8C,-41,11,1,6,1,1,1,1,0,0,0,-93,4,6,1,49697906,0,84,0,0,49.698,384,[84 -64 4 0 0 0 0 0 0 0 0 0 18 -18 20 -10 29 -12 23 -18 28 -5 29 -9 27 1 29 -3 27 -19 12 -5 15 -6 8 -3 28 5 22 -11 29 0 25 -17 11 8 25 -2 27 -2 10 2 25 4 22 -11 13 -3 12 -12 9 -4 26 4 -10 -7 12 -9 23 4 10 -6 9 2 7 -3 17 -13 20 -15 11 0 16 -18 7 -5 11 -10 1 -5 24 -16 17 -8 4 -19 6 -7 13 -8 16 -8 13 -8 1 2 8 -13 9 -5 8 -2 1 -4 22 -21 16 -8 -8 -3 0 0 0 0 0 0 0 0 ]
CSI_DATA,AP,68:FE:71:12:53:8C,-42,11,1,6,1,1,1,0,0,0,0,-94,0,6,1,49794668,0,84,0,0,49.795,384,[84 -64 4 0 0 0 0 0 0 0 0 0 -13 2 -32 -9 -10 1 -11 10 -22 7 -26 -14 -16 6 -10 -5 -27 -12 -18 -9 -8 -3 -9 -3 -14 -6 -13 -2 -7 -15 -26 -3 -26 -17 -6 6 -21 1 -12 -15 -6 -14 -14 -10 -14 3 -20 -8 -10 3 -20 -14 9 -11 -26 -7 -28 -2 -27 -13 -11 -6 -19 4 -18 6 -17 3 -15 -10 -16 4 -3 6 -26 -12 -11 -8 -12 -11 -10 6 -14 -10 -14 0 -25 3 -10 -7 -25 -4 -4 -11 -11 1 -24 -10 -19 -9 -19 -9 -14 12 -28 -2 10 -5 0 0 0 0 0 0 0 0 ]
CSI_DATA,AP,68:FE:71:12:53:8C,-40,11,1,4,1,1,1,0,0,0,0,-96,0,6,1,49894192,0,84,0,0,49.894,384,[84 -64 4 0 0 0 0 0 0 0 0 0 12 7 0 9 12 12 5 21 10 10 3 11 -4 9 -2 16 -9 30 -5 20 3 24 1 29 12 12 4 24 10 24 -7 20 -2 19 14 11 6 29 -3 19 4 10 1 10 -8 26 -1 16 13 19 1 26 11 -7 2 18 -1 8 10 21 -6 13 -6 15 6 5 8 9 4 7 -6 26 5 8 -5 20 3 18 1 16 11 24 12 3 14 23 7 4 19 17 -2 6 0 11 16 3 1 2 16 18 11 13 1 18 1 23 10 10 0 0 0 0 0 0 0 0 ]
CSI_DATA,AP,68:FE:71:12:53:8C,-37,11,1,5,1,1,1,0,0,0,0,-96,0,6,1,49984920,0,84,0,0,49.985,384,[84 -64 4 0 0 0 0 0 0 0 0 0 43 6 41 -9 32 -9 33 10 49 -10 36 -9 50 2 32 8 43 0 39 9 44 2 47 14 43 11 35 1 33 17 32 6 38 -5 27 11 27 12 28 -8 31 -3 34 2 23 0 23 14 21 18 34 14 6 -7 33 2 40 -3 20 2 23 7 42 -7 44 -3 38 8 22 -4 35 6 22 -15 41 -13 30 8 32 7 37 3 27 -14 22 -16 35 -5 25 5 35 -17 17 0 32 4 25 -19 25 -4 35 -8 31 -3 21 -19 11 5 0 0 0 0 0 0 0 0 ]
CSI_DATA,AP,68:FE:71:12:53:8C,-37,11,1,6,1,1,1,0,0,0,0,-94,0,6,1,50056859,0,84,0,0,50.057,384,[37 80 2 0 0 0 0 0 0 0 0 0 6 -26 15 -32 19 -32 10 -37 1 -23 8 -23 25 -40 4 -15 25 -17 27 -22 26 -39 23 -26 10 -14 19 -14 9 -16 4 -22 14 -33 14 -22 23 -16 17 -15 22 -28 14 -27 15 -22 7 -13 25 -24 10 -14 -1 7 15 -31 5 -26 19 -11 6 -23 20 -15 14 -19 11 -31 18 -22 19 -15 21 -17 10 -36 18 -17 19 -13 15 -14 -2 -31 15 -35 16 -29 3 -19 6 -16 18 -13 -6 -13 3 -28 6 -24 13 -20 -7 -35 -9 -15 -4 5 0 0 0 0 0 0 0 0 ]
CSI_DATA,AP,68:FE:71:12:53:8C,-42,11,1,5,1,1,1,0,0,0,0,-93,0,6,1,50147844,0,84,0,0,50.148,384,[84 -64 4 0 0 0 0 0 0 0 0 0 5 14 6 14 -12 23 9 25 6 7 4 10 8 19 2 29 -3 14 -2 5 4 29 -17 8 -9 27 1 25 0 10 -13 8 -9 10 4 10 -11 15 3 25 2 7 -12 5 2 12 -13 23 1 22 -6 20 -2 8 -3 9 -9 15 -13 10 -9 14 2 11 6 25 -6 2 -11 13 -2 8 5 10 1 13 2 17 -4 4 -2 17 2 25 10 21 6 14 -7 4 -1 25 3 22 10 17 10 4 2 9 -8 4 -7 2 -3 9 4 -12 0 0 0 0 0 0 0 0 ]
CSI_DATA,AP,68:FE:71:12:53:8C,-37,11,1,6,1,1,1,0,0,0,0,-95,0,6,1,50245667,0,84,0,0,50.246,384,[84 -64 4 0 0 0 0 0 0 0 0 0 23 22 10 10 16 9 18 22 3 6 21 6 0 9 1 12 6 28 11 8 1 19 19 21 5 19 11 15 -1 6 14 9 16 13 11 6 -2 13 -5 24 18 26 -5 3 1 12 6 15 2 26 19 23 6 -2 7 19 3 22 15 6 6 18 4 7 -2 19 -3 11 7 10 0 23 10 22 17 21 9 16 15 0 3 13 5 6 6 11 9 6 20 10 16 16 19 3 17 0 2 14 13 15 10 13 22 9 16 18 -4 6 0 0 0 0 0 0 0 0 ]
CSI_DATA,AP,68:FE:71:12:53:8C,-38,11,1,7,1,1,1,0,0,0,0,-93,0,6,1,50329859,0,82,0,0,50.33,384,[84 -64 4 0 0 0 0 0 0 0 0 0 -30 -20 -18 -3 -13 -1 -16 1 -10 -6 -19 -6 -11 -10 -20 -10 -4 1 -24 -24 -8 -9 -7 -7 -16 -3 -16 0 -17 -13 -17 -24 -1 -4 -10 0 -20 -15 -9 -15 -3 -4 -4 -3 -16 -21 -16 -18 -20 -11 -3 -11 12 -1 -22 -9 -4 -9 -10 -16 -5 -13 -22 -12 -23 -1 -6 1 -22 3 -3 -4 -3 -17 -13 -3 -5 -13 -20 -2 -6 -7 -16 -1 -15 -17 -19 2 -7 -6 -17 -12 -11 -16 -15 3 -26 5 -6 -14 -12 -15 -6 9 -20 9 6 12 0 0 0 0 0 0 0 0 ]
CSI_DATA,AP,68:FE:71:12:53:8C,-44,11,1,4,1,1,1,1,0,0,0,-95,5,6,1,50423620,0,84,0,0,50.424,384,[84 -64 4 0 0 0 0 0 0 0 0 0 -10 2 -26 -2 -8 -4 -11 1 -18 4 -11 -2 -20 -1 -27 5 -9 9 -10 -12 -11 1 -19 8 -18 12 -25 4 -18 8 -19 -13 -16 -9 -28 6 -8 5 -16 4 -19 11 -23 -13 -21 -14 -19 -12 -11 -7 -15 8 5 8 -7 11 -4 8 -5 8 -24 12 -20 -5 -14 11 -27 -7 -12 9 -24 -9 -15 -11 -10 -11 -26 -7 -3 10 -17 5 -3 12 -19 -6 -8 5 -19 13 -3 0 -19 -2 -7 -2 -26 13 -20 -3 -21 -1 -15 7 -20 -7 -11 0 0 0 0 0 0 0 0 0 ]
CSI_DATA,AP,68:FE:71:12:53:8C,-45,11,1,4,1,1,1,1,0,0,1,-93,1,6,1,50513726,0,84,0,0,50.514,384,[84 -64 4 0 0 0 0 0 0 0 0 0 5 17 -2 16 -4 21 -17 27 -9 19 -5 11 2 16 -15 24 -19 9 -19 12 -9 6 -12 15 -3 23 -6 21 -20 21 -21 11 -4 4 -10 3 -18 18 -2 8 -18 15 -13 0 -12 0 -4 18 -14 13 -9 20 -3 -4 -17 15 1 20 -3 21 -11 5 0 8 0 10 -5 8 -5 22 -13 5 -6 5 -13 7 -2 17 -16 22 -12 1 4 25 -10 23 8 20 -4 4 -1 10 -13 15 -2 14 -11 25 2 26 -2 3 4 12 4 18 1 -9 0 0 0 0 0 0 0 0 ]
CSI_DATA,AP,68:FE:71:12:53:8C,-45,11,1,5,1,1,1,0,0,0,0,-94,0,6,1,50578077,0,84,0,0,50.578,384,[84 -64 4 0 0 0 0 0 0 0 0 0 1 -19 -13 -9 -17 -24 -19 -15 -17 -25 -9 -10 0 -9 7 -15 -6 -16 -8 -18 -1 -15 -13 -17 2 -12 9 -14 -6 -29 -3 -15 -5 -10 -5 -29 -10 -7 5 -24 8 -25 -2 -21 7 -10 8 -12 3 -23 -4 -7 12 1 -7 -12 1 -24 8 -9 -4 -26 -13 -8 -5 -29 -4 -19 -9 -12 -7 -23 -11 -19 -1 -27 -2 -23 -8 -5 5 -18 1 -27 0 -20 4 -6 -5 -23 -10 -6 -18 -16 2 -21 -2 -6 -2 -14 -4 -7 0 -20 -9 -17 -6 8 0 0 0 0 0 0 0 0 ]
CSI_DATA,AP,68:FE:71:12:53:8C,-41,11,0,0,0,0,0,0,0,0,0,-96,0,6,1,50676397,0,37,0,0,50.676,128,[84 -64 4 0 0 0 0 0 0 0 0 0 -6 -10 -6 1 -9 -9 7 -10 -6 -17 10 0 16 -2 16 -20 2 -3 12 -12 4 -6 2 -14 9 3 -1 -4 -4 -18 -3 -20 13 -19 -4 -17 10 -7 -1 -6 7 -9 -7 0 7 -7 13 2 4 -10 6 -6 12 0 3 2 10 3 -1 -4 8 -2 10 -10 8 4 13 -15 3 -16 15 -6 -5 -14 -3 -18 -5 -3 -4 -17 -5 4 -8 -10 -6 -10 5 -16 7 -12 2 -9 -1 -19 -8 -20 0 -10 12 -8 3 -11 -11 4 5 -17 0 -9 0 0 0 0 0 0 0 0 ]
CSI_DATA,AP,68:FE:71:12:53:8C,-45,11,1,5,1,1,1,1,0,0,0,-95,2,6,1,50745473,0,84,0,0,50.745,384,[84 -64 4 0 0 0 0 0 0 0 0 0 28 -13 23 0 25 -4 12 3 13 -9 6 -10 15 4 15 8 16 1 15 -9 20 -14 28 -10 11 6 23 0 25 -11 8 -8 8 -2 24 8 14 2 26 11 8 7 11 5 4 12 17 -7 14 3 7 -12 8 -2 22 -6 21 -1 5 -11 15 -5 24 -1 12 -8 13 -9 6 -7 8 -8 1 -6 7 -2 18 -16 9 3 24 -2 14 3 12 4 5 -16 10 -8 6 -10 15 -9 24 4 8 -1 15 -9 25 -3 6 1 11 -17 7 -1 0 0 0 0 0 0 0 0 ]
CSI_DATA,AP,68:FE:71:12:53:8C,-39,11,1,5,1,1,1,0,0,0,0,-93,0,6,1,50821241,0,84,0,0,50.821,384,[84 -64 4 0 0 0 0 0 0 0 0 0 -47 -14 -34 -14 -49 -30 -39 -24 -37 -35 -24 -16 -34 -22 -28 -12 -31 -23 -29 -14 -26 -22 -20 -30 -38 -19 -24 -37 -26 -19 -41 -34 -23 -27 -36 -20 -21 -25 -23 -16 -34 -29 -21 -22 -19 -14 -25 -30 -30 -33 -27 -26 -3 0 -22 -18 -20 -35 -21 -16 -18 -13 -16 -20 -28 -20 -23 -35 -39 -21 -34 -11 -33 -18 -33 -16 -22 -27 -38 -24 -32 -7 -38 -8 -18 -9 -20 -12 -33 -13 -36 -8 -23 -12 -33 -15 -31 -6 -39 -6 -33 -21 -28 -3 -26 -1 -7 8 0 0 0 0 0 0 0 0 ]
CSI_DATA,AP,68:FE:71:12:53:8C,-41,11,1,5,1,1,1,0,0,0,0,-93,0,6,1,50923881,0,84,0,0,50.924,384,[84 -64 4 0 0 0 0 0 0 0 0 0 -11 15 -1 15 10 9 -10 26 -9 21 -10 12 5 17 -6 15 6 12 -7 16 -9 7 -6 14 -3 7 3 6 -3 15 5 10 -8 24 -2 3 -9 20 1 15 -5 9 -4 12 4 9 -3 23 5 15 3 24 -7 2 9 10 5 23 6 19 -7 25 -6 15 5 4 -3 13 -4 3 -4 6 -13 7 11 8 4 10 7 3 3 9 7 8 11 22 1 5 -1 8 10 19 -4 4 10 25 10 12 11 11 13 4 12 14 -5 15 -11 -5 0 0 0 0 0 0 0 0 ]
CSI_DATA,AP,68:FE:71:12:53:8C,-41,11,1,5,1,1,1,0,0,0,0,-94,0,6,1,51004008,0,84,0,0,51.004,384,[84 -64 4 0 0 0 0 0 0 0 0 0 19 2 28 14 14 19 10 6 19 2 16 12 26 16 22 18 14 10 14 -2 0 5 17 3 16 12 2 8 17 13 16 -1 19 13 20 17 10 11 4 15 19 17 22 12 16 -3 22 20 21 0 4 15 -8 10 4 12 1 4 14 18 -1 9 11 0 13 14 21 1 6 9 8 17 21 16 17 14 15 0 2 1 21 11 21 -4 5 0 19 16 25 16 11 16 25 14 12 8 23 11 2 14 5 14 11 1 13 7 0 4 0 0 0 0 0 0 0 0 ]
CSI_DATA,AP,68:FE:71:12:53:8C,-41,11,1,4,1,1,1,0,0,0,0,-94,0,6,1,51082448,0,84,0,0,51.082,384,[84 -64 4 0 0 0 0 0 0 0 0 0 -16 -16 2 -13 -15 -15 -15 -8 5 -14 6 -21 -9 -29 8 -19 -7 -16 -12 -18 -11 -28 11 -17 -1 -21 1 -22 -6 -27 3 -7 -12 -7 0 -11 2 -13 -3 -15 0 -25 4 -18 -8 -7 7 -13 6 -26 6 -20 11 2 1 -3 10 -27 -5 -20 -4 -4 -9 -25 -5 -5 -6 -14 9 -20 -14 -9 6 -22 -13 -13 -16 -12 -4 -16 2 -20 2 -6 3 -24 3 -5 -14 -11 1 -19 -12 -10 -17 -21 -17 -16 1 -8 -16 -9 4 -12 -17 -8 0 -7 0 0 0 0 0 0 0 0 ]
CSI_DATA,AP,68:FE:71:12:53:8C,-41,11,1,4,1,1,1,0,0,0,0,-94,0,6,1,51166967,0,84,0,0,51.167,384,[84 -64 4 0 0 0 0 0 0 0 0 0 6 -7 28 -17 25 -11 15 -6 20 -8 13 -6 19 -4 27 -6 15 5 29 -7 18 0 9 -15 22 -11 26 -8 27 -6 18 1 23 0 28 0 11 0 17 -9 14 -11 13 -6 17 -5 26 -11 16 -6 16 -10 2 -6 15 4 23 -13 17 7 18 -17 25 -13 3 -9 14 -3 20 6 25 -17 2 -12 14 -2 5 2 12 3 5 -12 9 -10 3 -11 2 -18 12 2 24 -17 4 -14 22 -15 22 -1 23 -6 12 -9 24 -6 12 -1 -4 1 0 0 0 0 0 0 0 0 ]
CSI_DATA,AP,68:FE:71:12:53:8C,-43,11,1,6,1,1,1,0,0,0,0,-94,0,6,1,51241604,0,84,0,0,51.242,384,[84 -64 4 0 0 0 0 0 0 0 0 0 17 4 21 13 18 27 14 6 4 11 4 13 15 11 2 24 7 11 14 5 1 7 10 27 4 29 3 7 14 13 12 28 -1 7 14 12 13 29 4 12 14 13 0 10 1 25 16 9 6 25 -6 13 9 9 -5 4 12 14 2 23 -2 2 9 15 5 25 -4 19 15 13 -6 17 16 1 4 8 -5 20 19 20 3 19 10 4 7 9 1 22 6 15 19 9 3 11 17 2 20 11 -3 18 19 8 6 9 16 24 4 -2 0 0 0 0 0 0 0 0 ]
CSI_DATA,AP,68:FE:71:12:53:8C,-43,11,1,5,1,1,1,0,0,0,0,-95,0,6,1,51354479,0,84,0,0,51.354,384,[84 -64 4 0 0 0 0 0 0 0 0 0 -18 37 -3 24 -12 45 -20 30 -28 34 -22 24 -21 37 -19 37 -8 41 -19 39 -16 21 -26 27 -26 21 -19 41 -31 25 -26 38 -25 20 -12 31 -23 18 -13 25 -31 38 -27 37 -16 24 -22 15 -26 18 -15 21 -1 -1 -26 21 -18 19 -22 38 -13 19 -7 23 -6 18 -24 24 -14 31 -7 30 -2 33 -1 22 0 24 -1 37 -7 39 -4 20 -10 25 -12 22 -13 30 -10 35 -4 36 3 36 -5 18 3 37 -5 38 6 33 -8 20 6 3 0 0 0 0 0 0 0 0 ]
CSI_DATA,AP,68:FE:71:12:53:8C,-38,11,1,5,1,1,1,0,0,0,0,-93,0,6,1,51452400,0,84,0,0,51.452,384,[84 -64 4 0 0 0 0 0 0 0 0 0 17 -19 6 -11 14 -21 11 -6 10 -17 5 -10 4 -8 23 -3 21 -16 21 -6 13 -20 25 -3 9 -20 23 -23 16 -10 20 -3 21 -19 13 -8 15 -4 6 0 6 -8 6 -9 14 -16 24 -3 24 -9 6 -14 -12 -8 14 -1 17 -16 0 -22 22 -22 -1 0 -1 -4 12 -7 3 -10 20 -23 19 -11 16 -22 18 -10 14 -4 20 -24 1 -20 6 -15 -2 -16 9 -9 9 -25 18 -22 13 -11 -5 -24 7 -19 17 -27 16 -9 18 -26 -5 4 0 0 0 0 0 0 0 0 ]
CSI_DATA,AP,68:FE:71:12:53:8C,-34,11,0,0,0,0,0,0,0,0,0,-94,0,6,1,51516845,0,37,0,0,51.517,128,[84 -64 4 0 0 0 0 0 0 0 0 0 -49 -8 -42 -11 -32 -3 -27 -10 -45 -6 -27 -26 -23 -3 -26 -16 -23 -6 -23 -13 -28 -20 -38 -27 -23 -17 -24 -16 -25 -27 -44 -20 -27 -8 -33 -21 -42 -21 -35 -12 -32 -22 -30 -11 -19 -6 -33 -13 -26 -26 -32 -7 -8 9 -35 -9 -19 -25 -26 -10 -22 -23 -18 -2 -30 -17 -36 -3 -34 -3 -20 -4 -29 -19 -24 -19 -41 -18 -17 -13 -36 -18 -18 -17 -20 -6 -36 1 -42 1 -24 8 -31 5 -28 5 -34 2 -43 -9 -24 2 -41 -5 -26 -14 9 2 0 0 0 0 0 0 0 0 ]
CSI_DATA,AP,68:FE:71:12:53:8C,-42,11,1,5,1,1,1,1,0,0,0,-95,6,6,1,51624247,0,82,0,0,51.624,384,[84 -64 4 0 0 0 0 0 0 0 0 0 3 -18 13 -21 17 -18 8 -16 23 -6 12 -20 28 -4 15 -17 13 -2 15 1 10 -1 15 -8 29 -16 24 -5 26 -5 18 -1 24 -19 28 -3 8 -7 14 -1 18 -14 5 -15 22 0 7 -1 20 -1 14 -18 -11 -5 13 -7 22 -3 18 -3 10 -8 17 -20 23 -8 23 -12 1 -9 13 -9 15 -17 21 -3 3 -3 17 -12 16 -10 24 -22 11 -8 16 -24 1 -25 15 -5 0 -6 8 -8 6 -13 18 -4 1 -10 1 -2 1 -16 4 7 0 0 0 0 0 0 0 0 ]
CSI_DATA,AP,68:FE:71:12:53:8C,-43,11,1,5,1,1,1,0,0,0,0,-94,0,6,1,51684876,0,84,0,0,51.685,384,[84 -64 4 0 0 0 0 0 0 0 0 0 -16 5 -24 5 -20 6 -21 -8 -16 -15 -11 1 -17 -16 -18 -12 -10 -17 -12 -7 -13 -16 -28 -7 -30 -4 -10 0 -28 -4 -23 -16 -16 1 -11 -10 -26 -18 -29 -8 -24 0 -15 1 -27 -20 -22 -5 -22 -3 -12 -19 9 12 -8 -16 -16 -3 -12 1 -6 5 -7 -3 -16 -3 -16 -20 -20 -9 -4 2 -17 -8 -25 -9 -14 -7 -20 -11 -20 6 -15 -15 -26 -11 -22 3 -26 -6 -7 0 -19 5 -21 3 -5 -15 -24 5 -22 -4 -11 -10 -15 5 1 -6 0 0 0 0 0 0 0 0 ]
CSI_DATA,AP,68:FE:71:12:53:8C,-42,11,1,6,1,1,1,0,0,0,0,-94,0,6,1,51748978,0,84,0,0,51.749,384,[84 -64 4 0 0 0 0 0 0 0 0 0 -25 -13 -9 -17 -10 5 -9 -8 -9 -1 -31 -18 -26 -17 -25 -16 -23 2 -16 -14 -8 -3 -16 -14 -26 -7 -22 -11 -27 -1 -10 -17 -9 -7 -8 -17 -3 -16 -18 -12 -8 -15 -10 -7 -21 -16 -11 -11 -18 -13 -3 -19 3 -8 -18 -7 -4 -15 -13 3 -15 -16 -21 2 -26 -2 -26 -5 -18 -14 -6 -2 -11 -3 -22 3 -8 -1 -24 -8 -22 -2 -14 -15 -22 -13 -22 -18 -24 -13 -27 -2 -22 -5 -7 -2 -19 -1 -10 4 -6 4 -17 0 -20 5 3 -11 0 0 0 0 0 0 0 0 ]
CSI_DATA,AP,68:FE:71:12:53:8C,-40,11,1,5,1,1,1,0,0,0,0,-95,0,6,1,51824256,0,84,0,0,51.824,384,[84 -64 4 0 0 0 0 0 0 0 0 0 -11 -8 -11 -10 -18 -9 -27 -1 -15 3 -10 -19 -29 -16 -26 -17 -19 -9 -24 -20 -27 -19 -28 -6 -13 -10 -21 -5 -11 -17 -14 -14 -24 -23 -23 -19 -26 -23 -23 -15 -18 -20 -25 -2 -25 -10 -24 -6 -28 -7 -20 -22 -2 -6 -26 0 -25 -18 -11 -15 -28 3 -17 -9 -22 -6 -8 -20 -16 -8 -21 -13 -12 5 -7 -7 -28 -5 -6 1 -13 0 -14 -1 -24 5 -7 -6 -29 -7 -19 -10 -13 -11 -28 4 -23 -5 -17 -9 -29 -7 -11 -12 -20 4 -1 -3 0 0 0 0 0 0 0 0 ]
CSI_DATA,AP,68:FE:71:12:53:8C,-39,11,1,5,1,1,1,0,0,0,0,-94,0,6,1,51883550,0,84,0,0,51.884,384,[84 -64 4 0 0 0 0 0 0 0 0 0 -25 16 -15 -1 -23 6 -26 -7 -34 -4 -23 -11 -12 -13 -22 -11 -24 -11 -23 -3 -15 1 -25 -4 -31 -13 -21 -13 -15 -5 -26 2 -33 -9 -29 -13 -24 4 -14 2 -24 -6 -11 -8 -8 -3 -8 8 -28 -12 -9 9 -4 11 -13 7 -29 3 -17 0 -6 -1 -21 10 -28 11 -26 8 -27 1 -5 -8 -9 14 -11 13 -13 -8 -23 -9 -7 -3 -26 10 -16 -3 -22 0 -20 -8 -10 10 -23 15 -24 -6 -7 -2 -10 6 -23 -4 -18 7 -21 8 -2 3 0 0 0 0 0 0 0 0 ]
CSI_DATA,AP,68:FE:71:12:53:8C,-43,11,1,6,1,1,1,0,0,0,0,-95,0,6,1,51991635,0,84,0,0,51.992,384,[84 -64 4 0 0 0 0 0 0 0 0 0 24 -7 23 10 23 8 24 -1 16 3 17 3 20 16 7 15 31 16 15 -6 18 17 13 1 14 -4 20 14 24 18 31 3 14 -1 23 13 19 12 17 19 17 6 30 6 21 7 6 3 9 16 24 9 -7 -7 9 15 27 17 24 11 5 -3 19 10 25 16 20 11 23 2 9 2 10 6 20 7 21 14 20 2 22 14 10 11 30 -4 24 -5 19 -7 27 0 23 -5 12 12 28 3 21 4 10 -5 8 3 6 4 8 -7 0 0 0 0 0 0 0 0 ]
CSI_DATA,AP,68:FE:71:12:53:8C,-39,11,1,5,1,1,1,1,0,0,0,-95,4,6,1,52089417,0,84,0,0,52.089,384,[84 -64 4 0 0 0 0 0 0 0 0 0 13 23 14 2 23 24 16 25 29 18 22 11 11 20 8 10 19 4 11 8 11 15 21 9 9 4 14 12 23 21 22 10 5 20 16 8 16 17 0 12 22 4 8 15 16 4 7 17 0 18 23 10 6 -5 3 13 25 4 19 11 7 2 7 22 1 9 23 11 10 13 17 15 23 21 9 8 24 7 8 -4 6 14 9 3 10 17 15 -4 20 11 13 4 5 -7 27 19 19 7 13 16 18 15 8 -5 14 3 -11 12 0 0 0 0 0 0 0 0 ]
CSI_DATA,AP,68:FE:71:12:53:8C,-41,11,1,6,1,1,1,0,0,0,0,-94,0,6,1,52161010,0,82,0,0,52.161,384,[84 -64 4 0 0 0 0 0 0 0 0 0 16 8 9 14 -3 19 7 12 0 25 8 9 8 32 6 23 4 16 5 31 12 19 -2 21 3 15 10 33 15 25 -1 16 13 15 8 28 1 28 6 21 6 7 12 24 -6 25 3 23 -4 21 6 24 2 9 7 7 -8 15 15 11 0 13 9 16 14 28 -4 26 -2 22 11 9 2 24 -4 8 12 25 2 9 -1 12 5 23 6 9 20 15 5 9 5 17 14 20 13 26 21 17 0 22 8 14 4 4 14 12 -11 6 0 0 0 0 0 0 0 0 ]
CSI_DATA,AP,68:FE:71:12:53:8C,-41,11,1,6,1,1,1,0,0,0,0,-96,0,6,1,52238939,0,84,0,0,52.239,384,[84 -64 4 0 0 0 0 0 0 0 0 0 19 21 20 18 17 25 8 25 8 18 0 6 14 11 18 22 18 16 12 9 18 31 -2 24 2 10 3 21 12 7 13 28 3 12 -8 24 2 12 -1 18 10 25 10 21 8 9 4 10 17 20 3 10 0 11 4 9 8 10 11 15 -5 22 -4 6 9 28 6 26 14 14 0 17 7 13 11 23 1 25 18 9 -2 19 0 20 7 4 7 2 12 6 12 21 -1 7 22 12 10 11 15 22 23 1 20 24 18 13 -11 0 0 0 0 0 0 0 0 0 ]
CSI_DATA,AP,68:FE:71:12:53:8C,-44,11,1,4,1,1,1,0,0,0,0,-94,0,6,1,52315429,0,84,0,0,52.315,384,[84 -64 4 0 0 0 0 0 0 0 0 0 -10 26 -20 7 -4 11 -8 7 -10 12 -10 26 -18 12 -22 24 -14 20 -5 7 -14 18 -7 4 -24 10 -13 7 -12 9 -21 19 -29 18 -9 18 -28 11 -13 7 -27 9 -11 16 -14 12 -10 4 -4 5 -26 8 -7 2 -12 9 -21 3 -15 20 -16 14 -25 9 -1 8 -17 12 -13 8 -23 3 -12 21 -4 17 -23 3 1 15 -3 5 -15 5 -9 16 -20 3 -12 3 -21 13 -13 24 -7 15 -11 17 -17 26 -19 24 -14 15 0 23 10 -1 0 0 0 0 0 0 0 0 ]
CSI_DATA,AP,68:FE:71:12:53:8C,-45,11,1,5,1,1,1,0,0,0,0,-96,0,6,1,52407041,0,84,0,0,52.407,384,[84 -64 4 0 0 0 0 0 0 0 0 0 -12 -21 -11 -22 -12 -15 -2 -9 -3 -9 -19 -26 -12 -29 -8 -20 -7 -16 -7 -8 -4 -9 -19 -14 2 -19 2 -21 -7 -10 4 -26 -1 -19 -1 -19 3 -29 -7 -24 4 -15 -9 -14 -4 -22 4 -6 -2 -30 -16 -8 5 8 -6 -9 -16 -25 -15 -11 -13 -23 -18 -27 0 -29 -18 -28 4 -19 -4 -20 -12 -7 1 -16 -13 -21 -7 -25 3 -9 -2 -9 -1 -23 -9 -4 -5 -17 2 -16 3 -2 -4 -5 -2 -25 -21 -6 -11 -4 -13 -4 -21 -6 -7 -7 0 0 0 0 0 0 0 0 ]
CSI_DATA,AP,68:FE:71:12:53:8C,-41,11,1,4,1,1,1,0,0,0,0,-94,0,6,1,52506784,0,84,0,0,52.507,384,[84 -64 4 0 0 0 0 0 0 0 0 0 14 6 27 -7 31 1 19 15 13 14 6 0 8 -4 25 11 20 -4 7 12 10 -1 16 2 17 17 10 5 16 2 19 -1 24 6 15 6 4 -2 14 5 5 14 20 12 14 13 21 13 6 18 19 4 -5 -2 25 1 27 13 7 -3 6 7 8 -2 21 -1 25 -6 6 1 25 -7 22 10 17 1 17 0 4 15 4 4 16 -2 23 1 12 8 10 5 22 -2 23 -1 24 0 14 7 16 1 18 4 18 -7 24 -10 10 -8 0 0 0 0 0 0 0 0 ]
CSI_DATA,AP,68:FE:71:12:53:8C,-43,11,1,5,1,1,1,0,0,0,0,-94,0,6,1,52564719,0,84,0,0,52.565,384,[84 -64 4 0 0 0 0 0 0 0 0 0 -2 27 -10 18 -4 18 6 9 1 15 5 22 9 20 7 22 -14 27 7 8 -1 32 2 12 -16 31 -13 22 -14 6 -4 9 -2 6 -3 7 -4 28 -6 9 -10 24 -5 14 1 7 -17 12 7 28 -9 8 12 1 6 25 9 20 -11 9 -12 15 5 11 -7 28 -12 9 4 8 8 13 6 7 11 12 -5 23 -6 11 7 17 -7 24 -5 25 -8 22 -7 19 13 8 13 20 -10 25 1 24 1 16 2 15 12 22 -5 19 -8 9 0 0 0 0 0 0 0 0 ]
CSI_DATA,AP,68:FE:71:12:53:8C,-37,11,1,6,1,1,1,0,0,0,0,-94,0,6,1,52645218,0,84,0,0,52.645,384,[84 -64 4 0 0 0 0 0 0 0 0 0 2 -23 2 -31 -12 -11 -7 -27 3 -8 8 -31 7 -13 -12 -10 5 -12 -12 -10 -8 -30 8 -22 -6 -22 8 -16 -3 -32 4 -22 -7 -28 -11 -9 -4 -10 1 -14 -7 -30 0 -28 6 -6 -14 -13 6 -28 -8 -28 6 -7 6 -29 -4 -25 -5 -18 8 -29 -1 -12 -4 -30 -3 -22 -6 -19 -8 -25 -16 -11 -6 -27 -17 -22 -16 -24 -3 -23 -10 -6 0 -16 -13 -14 -17 -5 -11 -23 -19 -22 -7 -10 3 -17 1 -24 -8 -25 -11 -27 -11 -27 5 12 0 0 0 0 0 0 0 0 ]
CSI_DATA,AP,68:FE:71:12:53:8C,-43,11,1,5,1,1,1,0,0,0,0,-94,0,6,1,52725913,0,84,0,0,52.726,384,[84 -64 4 0 0 0 0 0 0 0 0 0 0 28 4 26 9 11 5 29 -10 14 -10 27 7 14 9 32 7 17 -5 16 3 29 -1 30 -10 30 -8 23 -7 26 0 21 -5 12 3 22 -7 26 -9 25 -5 12 0 24 -7 22 -16 19 -2 22 7 7 10 12 -8 24 -7 7 1 8 -6 21 -11 14 -1 18 6 28 1 26 3 16 0 7 11 16 2 5 -3 16 10 24 3 13 15 18 9 9 2 11 -4 24 -7 3 -5 12 2 22 3 11 6 16 4 6 6 11 0 -10 0 0 0 0 0 0 0 0 ]
CSI_DATA,AP,68:FE:71:12:53:8C,-41,11,1,5,1,1,1,0,0,0,0,-93,0,6,1,52837789,0,84,0,0,52.838,384,[84 -64 4 0 0 0 0 0 0 0 0 0 3 -32 5 -10 -6 -12 -11 -33 -15 -18 1 -17 5 -30 -13 -16 1 -31 -11 -31 -3 -21 -14 -33 7 -13 11 -31 12 -20 6 -11 7 -26 11 -8 -10 -30 9 -25 8 -24 -9 -15 -10 -6 8 -29 3 -9 -1 -24 -9 -11 6 -22 -1 -21 4 -27 -13 -27 -12 -26 -8 -26 -14 -26 -7 -7 9 -23 -16 -19 -6 -19 -7 -11 -6 -16 -14 -22 5 -17 -12 -14 -10 -15 -13 -18 1 -15 -14 -7 -7 -25 -8 -9 -5 -21 -4 -22 5 -17 -12 -11 7 -11 0 0 0 0 0 0 0 0 ]
CSI_DATA,AP,68:FE:71:12:53:8C,-42,11,1,5,1,1,1,0,0,0,0,-95,0,6,1,52920482,0,84,0,0,52.92,384,[84 -64 4 0 0 0 0 0 0 0 0 0 19 -20 13 -1 30 -3 16 -12 20 -19 10 -15 15 -3 30 -20 29 -3 19 -5 11 -10 8 -18 28 -12 28 -10 10 -15 21 -9 21 0 7 -2 7 -11 23 0 13 -16 26 -7 4 -3 17 -2 26 3 14 -4 5 -4 11 4 4 -9 20 -13 9 0 15 -4 27 -3 17 -11 20 -8 5 -20 13 -8 8 -12 7 -10 21 -6 14 -9 22 -3 17 -14 8 -22 8 -2 1 -18 13 -23 11 -10 0 -13 1 -23 20 -18 24 -22 19 -5 -1 10 0 0 0 0 0 0 0 0 ]
CSI_DATA,AP,68:FE:71:12:53:8C,-37,11,1,6,1,1,1,1,0,0,0,-93,5,6,1,53022421,0,84,0,0,53.022,384,[84 -64 4 0 0 0 0 0 0 0 0 0 14 1 32 12 26 12 22 -8 30 3 27 3 31 8 19 14 25 4 17 14 29 8 16 2 15 19 31 3 16 8 31 11 16 8 18 5 11 -1 7 17 5 -3 13 1 13 -5 22 16 13 3 4 4 1 -6 10 4 8 1 25 5 11 -6 5 -6 27 -2 10 14 3 10 15 4 4 -5 13 -3 5 -8 15 -10 14 -5 20 8 19 -9 21 12 21 -9 25 -4 3 -4 22 8 26 12 10 9 26 0 28 -4 4 6 -9 4 0 0 0 0 0 0 0 0 ]
CSI_DATA,AP,68:FE:71:12:53:8C,-39,11,1,6,1,1,1,0,0,0,0,-93,0,6,1,53079869,0,84,0,0,53.08,384,[84 -64 4 0 0 0 0 0 0 0 0 0 -26 13 -30 12 -25 13 -25 -2 -15 6 -18 12 -10 0 -31 13 -20 3 -23 12 -27 -3 -27 -2 -29 8 -26 -2 -17 10 -19 9 -12 0 -23 -4 -15 -11 -16 -8 -15 2 -11 -12 -29 9 -11 6 -26 -3 -8 3 12 -2 -18 -4 -21 3 -27 12 -19 6 -15 10 -23 6 -24 1 -26 -3 -22 12 -21 6 -12 2 -12 5 -6 6 -10 -5 -6 9 -16 1 -22 16 -13 8 -26 18 -3 1 -18 7 -9 -5 -26 13 -18 18 -20 13 -12 12 12 1 0 0 0 0 0 0 0 0 ]
CSI_DATA,AP,68:FE:71:12:53:8C,-41,11,1,4,1,1,1,1,0,0,0,-94,4,6,1,53154986,0,82,0,0,53.155,384,[84 -64 4 0 0 0 0 0 0 0 0 0 -1 8 1 9 -5 28 -4 26 -13 17 -11 10 -14 20 -13 26 -18 23 -19 11 -12 17 -13 17 -4 16 -2 5 -5 9 -16 26 -7 7 -2 11 -20 24 -9 12 -12 15 -4 13 -6 6 -14 9 -23 23 -3 1 -3 -4 -5 15 -9 16 -7 15 1 8 -7 19 -3 16 -12 20 -13 3 -3 9 2 21 -12 23 -17 10 -8 19 0 12 -6 15 -13 14 -3 8 -2 15 5 7 -10 20 0 5 -5 20 -16 4 4 17 6 10 7 28 -12 -10 0 0 0 0 0 0 0 0 ]
CSI_DATA,AP,68:FE:71:12:53:8C,-39,11,1,5,1,1,1,0,0,0,0,-94,0,6,1,53229100,0,84,0,0,53.229,384,[84 -64 4 0 0 0 0 0 0 0 0 0 -15 2 -26 10 -22 -4 -23 11 -25 -11 -10 1 -10 -11 -28 5 -13 -11 -25 -1 -20 -2 -28 1 -13 -7 -28 -5 -13 7 -31 -11 -9 7 -18 -4 -26 -4 -26 -10 -20 -2 -20 -8 -11 5 -17 -6 -10 6 -30 6 0 12 -19 4 -29 6 -12 -8 -25 2 -9 4 -23 3 -6 1 -22 6 -23 7 -24 12 -27 12 -21 -11 -7 10 -11 -3 -24 -8 -7 -9 -25 -7 -28 -1 -25 6 -23 -1 -20 0 -27 8 -9 15 -25 -5 -6 -5 -26 -7 5 -10 0 0 0 0 0 0 0 0 ]
CSI_DATA,AP,68:FE:71:12:53:8C,-41,11,1,5,1,1,1,0,0,0,0,-95,0,6,1,53301226,0,84,0,0,53.301,384,[84 -64 4 0 0 0 0 0 0 0 0 0 28 8 15 7 11 10 27 -10 14 -8 20 -4 12 0 19 16 23 11 13 13 17 11 10 1 16 9 26 12 25 18 31 6 18 8 28 7 11 13 21 -1 20 12 15 14 12 13 11 7 28 12 5 -3 9 10 27 12 23 12 28 -8 8 -7 19 6 18 -8 28 -3 21 2 17 -5 22 -1 20 12 5 -6 8 -2 23 0 13 8 9 9 19 7 26 -12 13 -9 25 -1 19 -2 11 2 10 -10 22 -10 25 4 19 -4 8 -8 0 0 0 0 0 0 0 0 ]
CSI_DATA,AP,68:FE:71:12:53:8C,-38,11,1,5,1,1,1,0,0,0,1,-93,0,6,1,53382953,0,84,0,0,53.383,384,[84 -64 4 0 0 0 0 0 0 0 0 0 -26 24 -16 6 -10 9 -5 13 -24 22 -17 24 -19 1 -23 19 -30 22 -8 6 -11 20 -20 1 -15 -1 -19 5 -28 -4 -19 1 -19 9 -15 12 -6 3 -17 -1 -29 12 -25 -3 -21 -6 -17 -3 -17 17 -20 -2 12 12 -4 15 -28 0 -10 3 -8 1 -16 3 -20 16 -19 7 -26 0 -15 -2 -2 16 -12 22 -9 20 -22 19 -22 1 -25 16 -24 0 -22 17 -16 8 -12 -1 -16 22 -22 20 -2 22 -2 8 -14 22 -10 18 -5 16 -11 12 0 0 0 0 0 0 0 0 ]
CSI_DATA,AP,68:FE:71:12:53:8C,-41,11,1,6,1,1,1,0,0,0,0,-94,0,6,1,53468428,0,84,0,0,53.468,384,[84 -64 4 0 0 0 0 0 0 0 0 0 -4 -15 -6 -23 -12 -21 -9 -17 -11 -25 -19 -25 -17 -10 1 -26 -17 -30 4 -15 3 -13 -7 -8 3 -32 2 -18 1 -19 -17 -26 -3 -20 -11 -18 -9 -17 -9 -8 1 -8 4 -12 -8 -22 -2 -7 -15 -30 -15 -20 -7 -2 7 -27 4 -20 -6 -7 -8 -5 -16 -22 -16 -21 5 -14 -8 -19 -1 -24 -18 -20 -19 -13 -1 -23 -20 -10 -8 -27 -3 -26 -8 -19 -12 -11 -13 -2 -13 -16 2 -21 -16 -26 -1 -16 -17 -26 -16 -18 -13 -4 -4 -23 -9 12 0 0 0 0 0 0 0 0 ]
CSI_DATA,AP,68:FE:71:12:53:8C,-38,11,1,5,1,1,1,0,0,0,0,-95,0,6,1,53555965,0,84,0,0,53.556,384,[84 -64 4 0 0 0 0 0 0 0 0 0 -16 -1 -19 -5 -19 -20 -11 -8 -9 -23 -12 -3 -23 -24 -15 -4 -24 -21 -4 -24 -8 -10 -16 -3 -17 -23 -25 -10 -11 -26 -19 -10 -22 -23 -20 -24 -19 -15 -1 -13 -18 -23 0 -5 1 -24 0 -22 -10 -1 -16 -7 -6 -11 -2 -3 -9 -12 -22 -16 -8 -11 -7 1 -2 -6 -22 -11 -18 -21 -17 -10 -19 -18 -24 -15 -20 -14 -9 0 -26 -19 -7 3 -22 -11 -26 3 -22 -1 -3 4 -25 -11 -10 1 -23 -4 -26 -11 -7 5 -7 -3 -16 6 -6 -3 0 0 0 0 0 0 0 0 ]
CSI_DATA,AP,68:FE:71:12:53:8C,-43,11,1,6,1,1,1,0,0,0,0,-95,0,6,1,53650000,0,84,0,0,53.65,384,[84 -64 4 0 0 0 0 0 0 0 0 0 -9 32 -10 12 8 27 -7 23 -3 15 -8 24 0 20 -12 19 -14 17 -11 15 -13 24 -14 22 -6 19 4 19 0 25 -11 20 -1 22 -12 18 -18 15 2 27 1 17 -17 7 2 12 -17 23 1 22 -9 8 -7 -11 -9 26 -12 8 0 27 -16 5 -10 18 -1 23 -6 5 -12 27 3 17 2 24 -4 8 -3 16 -11 19 9 18 -5 22 -11 28 -7 14 10 22 0 8 8 11 2 7 -3 8 -4 20 3 17 -7 23 -3 15 8 4 0 0 0 0 0 0 0 0 ]
CSI_DATA,AP,68:FE:71:12:53:8C,-42,11,1,4,1,1,1,0,0,0,1,-95,0,6,1,53746282,0,84,0,0,53.746,384,[84 -64 4 0 0 0 0 0 0 0 0 0 17 14 26 10 28 5 27 -1 11 11 23 -3 21 -1 28 18 21 -4 28 19 10 16 9 2 24 4 21 11 12 16 24 16 5 9 15 11 12 7 25 5 4 20 13 16 22 7 22 -2 7 1 3 8 1 3 14 2 11 17 16 7 4 7 5 18 11 -3 12 17 7 7 17 16 16 3 24 8 10 -1 12 9 13 -7 20 14 12 9 26 -6 4 5 25 2 15 -8 12 11 23 1 25 -4 7 -9 3 13 7 5 12 -12 0 0 0 0 0 0 0 0 ]
CSI_DATA,AP,68:FE:71:12:53:8C,-40,11,1,5,1,1,1,0,0,0,0,-95,0,6,1,53830917,0,84,0,0,53.831,384,[84 -64 4 0 0 0 0 0 0 0 0 0 -1 26 7 19 -12 33 4 21 -1 22 3 10 -17 15 -4 26 -1 10 -9 22 -3 18 -13 32 -2 14 5 26 3 27 -16 13 -12 11 3 19 2 18 -7 11 -16 13 0 12 -6 12 -5 12 -8 27 -6 16 -5 -1 -1 6 -1 26 -1 12 -4 9 8 10 -5 5 -11 12 2 14 -6 9 1 22 -2 24 -8 5 2 4 9 19 4 24 9 25 -5 7 3 25 0 26 -9 24 6 9 4 13 8 26 -10 10 -1 10 11 26 -12 0 0 0 0 0 0 0 0 0 ]
CSI_DATA,AP,68:FE:71:12:53:8C,-40,11,1,5,1,1,1,0,0,0,0,-93,0,6,1,53903209,0,84,0,0,53.903,384,[84 -64 4 0 0 0 0 0 0 0 0 0 2 -3 9 9 5 -12 21 -8 1 -9 -4 2 8 -11 11 3 12 -3 4 -5 4 4 -3 -11 6 -6 9 1 -5 13 12 -11 15 5 6 -4 6 -7 0 -10 18 -9 -5 9 -2 10 12 -4 -4 -3 16 -6 -10 -10 -2 -9 -2 -1 0 3 6 7 1 -7 0 7 13 -12 3 -9 4 -11 10 7 -2 -7 15 -6 -2 -13 -4 -9 2 10 13 -10 -3 10 1 -2 1 -7 7 8 11 -3 11 -10 6 6 -3 3 -1 -10 11 1 3 -3 0 0 0 0 0 0 0 0 ]
CSI_DATA,AP,68:FE:71:12:53:8C,-49,11,1,1,1,1,1,1,0,0,0,-96,4,6,1,53957288,0,84,0,0,53.957,384,[84 -64 4 0 0 0 0 0 0 0 0 0 27 8 9 15 14 7 22 26 13 26 2 23 4 26 4 16 2 4 23 11 3 28 15 8 6 18 0 8 11 18 6 15 18 18 -1 11 13 3 1 6 3 18 -2 11 8 1 2 17 12 12 10 19 -11 -2 21 5 17 23 23 13 2 17 22 17 22 18 9 17 1 5 0 14 12 7 13 -3 18 0 24 1 12 13 22 16 13 10 13 17 21 0 20 4 23 16 10 14 7 4 10 15 18 20 7 7 0 10 -12 -10 0 0 0 0 0 0 0 0 ]
CSI_DATA,AP,68:FE:71:12:53:8C,-36,11,1,6,1,1,1,0,0,0,0,-94,0,6,1,54073963,0,84,0,0,54.074,384,[84 -64 4 0 0 0 0 0 0 0 0 0 -8 -1 2 -5 -15 -11 -10 -15 -13 -3 -7 -6 -7 -10 2 -15 -12 -13 -11 -5 4 -18 -12 -6 -1 -17 7 -17 -11 -8 -15 -16 -11 -4 -14 -19 7 -6 -12 2 8 -7 -2 -5 2 -15 -10 -17 0 -9 -14 -3 1 -8 -16 -2 -1 -17 1 -20 5 -13 -1 -18 -14 -6 -12 -13 -6 -9 -2 2 -3 -17 -16 -6 -14 -17 2 -17 -4 -2 5 -2 -7 3 -1 -19 -2 3 -4 2 -17 -13 -3 4 -12 -13 -10 -12 5 -15 -9 3 -2 -4 6 -7 0 0 0 0 0 0 0 0 ]
CSI_DATA,AP,68:FE:71:12:53:8C,-39,11,1,4,1,1,1,0,0,0,0,-93,0,6,1,54160431,0,84,0,0,54.16,384,[84 -64 4 0 0 0 0 0 0 0 0 0 -12 14 -15 20 -7 20 -5 23 -15 20 -1 16 -5 9 -8 7 -11 8 -15 15 -20 12 -22 3 -16 8 -22 7 -6 18 -7 8 -6 4 -18 14 -4 5 0 13 -4 9 -7 6 -16 7 -6 10 -10 18 -7 -3 3 6 -5 3 -11 5 -5 4 2 15 -8 9 -9 16 3 0 -1 6 -8 13 -2 7 -3 9 5 18 -9 1 -10 4 -13 8 -11 9 -13 13 -10 10 0 3 -10 -3 -6 12 -14 -2 0 9 7 10 -15 9 -4 -1 -8 -9 0 0 0 0 0 0 0 0 ]
CSI_DATA,AP,68:FE:71:12:53:8C,-42,11,1,6,1,1,1,0,0,0,0,-95,0,6,1,54221999,0,84,0,0,54.222,384,[84 -64 4 0 0 0 0 0 0 0 0 0 -8 10 -8 11 -17 -3 -16 0 -17 -11 -18 10 -15 -3 -11 0 -19 -7 -13 -7 -6 -10 -4 -11 0 -13 -8 -7 -6 10 -10 -12 -10 6 -1 1 1 9 -11 -5 -10 4 -7 6 -12 5 3 9 3 -3 0 9 4 -10 -8 -6 -14 -2 -16 -5 -14 9 4 -4 -13 -10 -15 -9 -14 -8 -19 -9 -8 4 0 -3 -4 -8 -13 7 3 -10 4 0 -16 10 3 0 -1 -7 3 -8 -7 -10 -18 2 -3 6 -20 7 -6 5 1 -4 -4 12 -8 1 0 0 0 0 0 0 0 0 ]
CSI_DATA,AP,68:FE:71:12:53:8C,-40,11,1,5,1,1,1,0,0,0,0,-96,0,6,1,54294222,0,84,0,0,54.294,384,[84 -64 4 0 0 0 0 0 0 0 0 0 11 11 -2 3 18 14 -1 21 -1 17 3 19 13 16 9 24 19 3 15 2 12 14 2 2 -4 11 12 18 9 23 5 10 4 22 10 5 -1 12 -7 12 -1 19 12 4 -6 3 -3 14 -5 6 11 11 -5 7 0 0 5 18 -1 7 11 3 -6 10 3 0 15 6 17 5 14 -1 4 21 5 13 4 5 -3 15 18 22 6 4 6 3 10 0 11 14 16 18 -1 2 14 11 10 4 6 10 -2 8 20 -2 6 1 10 7 0 0 0 0 0 0 0 0 ]
CSI_DATA,AP,68:FE:71:12:53:8C,-42,11,1,4,1,1,1,0,0,0,0,-94,0,6,1,54366484,0,84,0,0,54.366,384,[84 -64 4 0 0 0 0 0 0 0 0 0 -10 -10 -13 -20 -16 -10 -11 -25 -12 -11 -7 -27 -1 -26 1 -13 3 -23 4 -11 -8 -11 -1 -12 -1 -25 7 -10 11 -11 -7 -31 -9 -6 3 -21 -6 -29 6 -25 10 -10 -7 -29 -5 -16 -6 -22 4 -17 3 -20 -8 -3 -11 -18 1 -17 -12 -17 -11 -17 3 -9 -10 -5 0 -23 -3 -18 6 -23 7 -3 -14 -13 -14 -18 7 -22 -3 -3 -8 -16 -1 -5 4 -14 -14 -10 -15 -3 6 -19 3 -12 6 -18 2 -17 -6 -8 -7 -25 -12 -19 -10 11 0 0 0 0 0 0 0 0 ]
CSI_DATA,AP,68:FE:71:12:53:8C,-42,11,1,4,1,1,1,1,0,0,0,-95,1,6,1,54458671,0,84,0,0,54.459,384,[84 -64 4 0 0 0 0 0 0 0 0 0 -13 -1 -12 -22 -22 -11 -9 -24 -15 -14 -6 -19 0 -15 -2 -13 -9 -7 -9 -7 -10 -5 -11 -18 3 -19 -19 -13 3 -18 -17 -1 -10 -14 -11 1 -4 -21 -8 -7 -8 -18 -5 -12 -10 2 4 -18 -8 -21 4 -2 10 -5 3 -13 -17 -15 -11 -11 2 -13 -5 -3 -7 -20 1 -9 -4 5 -13 3 -9 4 -17 4 -11 -1 -18 -1 -2 6 1 6 -5 -15 -5 4 -21 -4 -20 -4 -3 -16 -23 -5 -13 -4 -21 0 -25 -9 -5 -2 0 -7 6 -4 0 0 0 0 0 0 0 0 ]
CSI_DATA,AP,68:FE:71:12:53:8C,-43,11,1,5,1,1,1,0,0,0,0,-93,0,6,1,54517011,0,84,0,0,54.517,384,[84 -64 4 0 0 0 0 0 0 0 0 0 -16 -19 -6 -15 -25 -20 -19 -16 -27 -17 -14 -1 -19 -20 -14 -16 -16 -11 -4 -1 -4 -16 -15 -2 -1 -7 -21 -8 -10 -7 -12 -17 1 -4 -8 -2 -9 3 -14 -15 -6 -18 -13 -7 -12 -16 2 4 -2 -4 -13 -18 -1 -5 -4 -7 -13 -18 -22 -3 -10 -15 -20 -16 -13 0 -1 -15 -8 -13 -21 -6 -18 -5 -11 -2 -11 4 -10 0 -18 -7 -11 -12 -15 -1 -16 -7 -20 8 -20 -5 -9 12 -22 4 -1 12 -12 -10 -15 6 -16 8 -5 5 6 -5 0 0 0 0 0 0 0 0 ]
CSI_DATA,AP,68:FE:71:12:53:8C,-45,11,1,3,1,1,1,0,0,0,0,-95,0,6,1,54592253,0,84,0,0,54.592,384,[84 -64 4 0 0 0 0 0 0 0 0 0 5 29 14 7 5 21 7 15 5 8 5 27 11 21 4 26 13 16 1 18 7 12 4 24 3 18 1 18 -1 11 8 24 -5 7 -4 7 -1 11 11 16 -6 1 12 14 12 16 10 1 12 15 -1 14 11 6 -5 17 -3 4 -3 6 -4 6 -4 17 2 4 9 17 13 4 2 9 6 -5 19 -3 15 -8 3 12 13 -7 11 -6 9 -2 6 2 19 11 2 0 3 -6 20 3 2 10 12 -8 4 -3 12 6 -1 -12 -10 11 0 0 0 0 0 0 0 0 ]
CSI_DATA,AP,68:FE:71:12:53:8C,-40,11,1,5,1,1,1,0,0,0,0,-93,0,6,1,54677676,0,84,0,0,54.678,384,[84 -64 4 0 0 0 0 0 0 0 0 0 -42 -9 -47 -6 -30 12 -33 4 -48 0 -43 -4 -45 -10 -34 -2 -27 5 -36 -10 -21 -13 -28 -5 -32 -14 -25 0 -34 -8 -28 -12 -25 4 -27 -4 -25 -7 -23 -16 -17 -15 -12 0 -13 7 -19 -10 -14 -10 -11 -4 3 5 -12 7 -9 -10 -28 -2 -10 12 -24 5 -18 14 -20 13 -19 0 -10 1 -18 -6 -18 6 -12 6 -9 4 -2 13 -1 7 -22 10 -10 12 -2 18 -13 -2 -11 21 -22 0 -1 7 -8 -1 -21 13 -5 0 -14 3 -5 1 0 0 0 0 0 0 0 0 ]
CSI_DATA,AP,68:FE:71:12:53:8C,-38,11,1,5,1,1,1,0,0,0,0,-95,0,6,1,54740074,0,84,0,0,54.74,384,[84 -64 4 0 0 0 0 0 0 0 0 0 31 -14 30 -12 41 -4 39 12 31 5 24 9 16 15 37 -4 17 2 26 8 14 4 22 0 14 16 21 -5 13 16 18 -6 29 7 11 1 11 0 16 0 23 3 20 1 27 2 15 6 20 2 11 -9 4 1 12 -5 27 -8 8 1 3 -11 12 -4 8 -12 10 -2 3 -11 18 -14 3 3 22 -2 23 -4 1 -17 16 -1 3 -14 0 -20 0 -18 3 -19 16 3 11 2 8 -7 13 -10 -1 -17 17 -4 0 -22 13 -4 -12 11 0 0 0 0 0 0 0 0 ]
CSI_DATA,AP,68:FE:71:12:53:8C,-44,11,1,4,1,1,1,0,0,0,0,-95,0,6,1,54800307,0,84,0,0,54.8,384,[84 -64 4 0 0 0 0 0 0 0 0 0 -4 -21 13 -29 11 -16 6 -27 0 -25 9 -27 5 -10 -3 -17 9 -9 10 -5 13 -19 3 -7 -7 -7 2 -27 8 -10 11 -18 9 -9 0 -9 -5 -7 -8 -12 8 -8 -4 -8 12 -5 11 -7 8 -14 8 -20 3 -9 13 -8 -3 -17 3 -13 -8 -6 -4 -15 -10 -8 2 -25 -11 -13 4 -6 4 -17 0 -21 13 -6 0 -26 0 -28 -9 -11 4 -11 3 -6 -8 -23 -1 -9 9 -12 -9 -6 6 -17 -11 -15 5 -16 -6 -17 5 -22 0 6 0 0 0 0 0 0 0 0 ]
CSI_DATA,AP,68:FE:71:12:53:8C,-41,11,1,6,1,1,1,0,0,0,0,-96,0,6,1,54877247,0,84,0,0,54.877,384,[84 -64 4 0 0 0 0 0 0 0 0 0 7 -11 8 -9 -1 -28 -2 -26 -5 -21 -10 -24 8 -22 4 -21 8 -21 8 -18 13 -20 -3 -25 8 -15 -3 -22 1 -33 10 -27 15 -13 6 -22 6 -20 4 -15 14 -18 9 -27 12 -14 1 -31 -6 -27 12 -19 1 -7 16 -12 -7 -17 -4 -30 8 -17 -5 -12 14 -24 2 -15 4 -29 -7 -9 -1 -22 -3 -16 10 -21 -3 -22 -5 -27 6 -32 -1 -22 -3 -21 -2 -20 -7 -10 -1 -15 4 -19 7 -26 5 -29 -4 -12 -3 -24 10 -12 -9 2 0 0 0 0 0 0 0 0 ]
CSI_DATA,AP,68:FE:71:12:53:8C,-39,11,1,5,1,1,1,0,0,0,0,-93,0,6,1,54974148,0,84,0,0,54.974,384,[84 -64 4 0 0 0 0 0 0 0 0 0 24 -15 28 -15 24 3 19 6 23 -13 18 -2 30 0 15 -13 22 -11 24 11 22 10 23 -8 32 3 18 9 23 0 10 -9 16 -3 18 5 22 -6 22 4 16 3 8 3 14 -2 10 -9 27 -11 20 2 -5 3 16 10 15 -3 21 -4 21 3 10 0 32 6 20 -12 25 -4 24 -4 29 -10 12 -7 17 9 24 -12 9 -12 21 -11 10 -14 21 -16 31 -4 14 -5 8 -15 30 -12 29 -9 16 -3 23 4 10 -12 26 -5 -10 3 0 0 0 0 0 0 0 0 ]
CSI_DATA,AP,68:FE:71:12:53:8C,-41,11,1,4,1,1,1,1,0,0,1,-93,1,6,1,55059315,0,84,0,0,55.059,384,[84 -64 4 0 0 0 0 0 0 0 0 0 3 19 10 17 4 13 0 7 10 14 0 24 -5 3 -12 15 3 16 8 12 4 22 -9 21 11 8 9 11 8 15 -5 5 -11 17 -7 5 -14 2 -2 3 -13 6 -14 2 -14 24 2 22 -7 14 1 5 2 9 4 7 4 10 -9 14 11 12 -11 10 6 9 -13 4 9 8 10 8 1 15 12 21 11 8 4 21 3 11 -7 6 -11 9 -7 16 -2 12 -1 6 3 12 7 8 -10 29 -7 22 -7 25 1 25 15 8 8 11 0 0 0 0 0 0 0 0 ]
CSI_DATA,AP,68:FE:71:12:53:8C,-38,11,1,6,1,1,1,0,0,0,0,-96,0,6,1,55134977,0,84,0,0,55.135,384,[84 -64 4 0 0 0 0 0 0 0 0 0 2 -3 -18 11 2 -1 -4 10 2 -2 -12 10 -5 4 -1 5 -11 8 -15 4 -19 11 -12 3 3 -10 -11 -8 -12 -5 -22 -8 -1 -5 3 -8 -8 -6 -8 10 -12 -4 -2 -11 -1 3 -13 3 -5 -1 0 -1 -7 -12 -5 5 4 -7 -13 7 -7 7 -12 10 -2 -9 3 11 -2 0 -3 5 -17 -6 -8 -10 -17 11 -8 7 5 -2 -17 12 -2 6 -1 -3 -15 -10 -17 13 -20 6 -7 7 1 10 -1 2 -12 5 -7 -4 -1 -6 6 1 0 0 0 0 0 0 0 0 ]
CSI_DATA,AP,68:FE:71:12:53:8C,-40,11,1,4,1,1,1,0,0,0,0,-95,0,6,1,55256997,0,84,0,0,55.257,384,[84 -64 4 0 0 0 0 0 0 0 0 0 -2 24 2 12 -3 17 -7 20 9 28 2 16 -12 17 -4 4 -7 24 -14 25 -14 24 -5 7 1 16 -14 10 -14 14 -16 11 -4 19 -2 10 -12 11 -9 6 0 22 -17 19 -17 25 1 23 -12 25 -16 19 -4 10 -14 29 -13 28 -17 25 -13 22 -2 10 -9 28 6 8 -3 19 8 23 -10 8 -13 19 -2 25 -7 22 -6 12 2 15 0 6 6 22 -5 8 7 23 -4 28 3 21 -3 13 -8 9 9 14 -4 21 -9 17 -4 10 0 0 0 0 0 0 0 0 ]
CSI_DATA,AP,68:FE:71:12:53:8C,-39,11,1,5,1,1,1,0,0,0,0,-95,0,6,1,55356010,0,84,0,0,55.356,384,[84 -64 4 0 0 0 0 0 0 0 0 0 -8 29 -6 27 -14 25 -17 17 1 19 0 17 -11 11 -3 16 -3 21 -7 23 -22 30 -17 13 -19 7 -2 25 -22 21 -18 30 -1 6 -17 15 -8 15 -8 22 -1 24 -3 13 -3 9 -19 28 -1 15 -13 18 -4 -12 -12 23 -20 16 1 27 2 13 -16 6 -5 5 1 21 -12 13 -8 7 -6 6 -12 5 -8 11 -3 6 -2 26 -5 25 -11 24 -7 23 -1 16 -1 13 1 19 -2 5 -10 10 3 15 -13 12 -3 8 -4 20 -2 6 0 0 0 0 0 0 0 0 ]
CSI_DATA,AP,68:FE:71:12:53:8C,-41,11,1,6,1,1,1,1,0,0,0,-95,2,6,1,55421490,0,84,0,0,55.421,384,[84 -64 4 0 0 0 0 0 0 0 0 0 1 -24 -3 -22 4 -30 3 -23 0 -13 12 -20 18 -28 2 -7 14 -28 14 -12 7 -16 16 -19 13 -7 1 -14 22 -24 9 -25 22 -9 3 -17 5 -11 14 -24 17 -8 10 -27 8 -11 18 -14 -2 -18 15 -9 -8 -5 11 -25 9 -13 9 -5 -6 -21 14 -4 -6 -14 -6 -19 5 -22 16 -4 -2 -23 10 -12 7 -12 13 -14 2 -19 7 -23 10 -23 14 -22 2 -14 8 -9 -8 -19 6 -24 10 -5 11 -24 5 -24 6 -24 6 -15 0 2 0 0 0 0 0 0 0 0 ]
CSI_DATA,AP,68:FE:71:12:53:8C,-41,11,1,6,1,1,1,1,0,0,1,-93,2,6,1,55500299,0,84,0,0,55.5,384,[82 -96 4 0 0 0 0 0 0 0 0 0 -13 23 1 23 -4 17 10 26 -6 11 8 7 2 4 9 18 3 19 -2 21 1 9 3 20 5 20 -15 8 -17 7 -16 14 -16 16 -16 23 2 19 -1 9 -8 20 -6 6 -6 7 0 12 -5 19 -12 4 11 -1 1 19 -5 9 -7 21 -10 21 8 9 1 10 -1 15 -1 13 9 19 -2 1 3 22 -2 6 6 16 2 25 -3 20 3 6 8 11 8 7 -8 7 -7 1 9 11 11 15 3 22 -10 22 8 3 13 24 0 8 0 0 0 0 0 0 0 0 ]
CSI_DATA,AP,68:FE:71:12:53:8C,-39,11,1,6,1,1,1,0,0,0,0,-94,0,6,1,55571407,0,84,0,0,55.571,384,[84 -64 4 0 0 0 0 0 0 0 0 0 23 6 17 4 27 10 17 13 20 13 18 2 10 11 15 -4 9 7 14 13 20 0 9 13 22 15 11 8 24 11 17 19 20 11 11 20 5 12 24 15 24 1 7 -2 2 7 4 21 7 2 13 -4 10 -11 11 1 11 20 22 18 20 16 4 8 19 13 12 5 24 16 18 12 5 -2 11 2 2 10 16 2 20 -2 10 4 20 -6 10 16 26 -7 17 -8 5 -9 13 15 12 -6 27 -6 10 0 27 -4 11 0 11 4 0 0 0 0 0 0 0 0 ]
CSI_DATA,AP,68:FE:71:12:53:8C,-41,11,1,6,1,1,1,0,0,0,0,-95,0,6,1,55662246,0,84,0,0,55.662,384,[84 -64 4 0 0 0 0 0 0 0 0 0 24 3 18 6 8 2 13 -12 6 -9 27 0 13 11 12 1 27 -7 8 -4 16 -1 7 0 6 14 8 9 15 15 7 2 23 15 3 14 11 3 18 2 17 4 5 2 23 -7 15 -7 10 0 10 15 0 -7 3 6 8 12 20 -2 1 6 3 0 6 1 10 6 17 -6 6 11 4 -4 11 -9 4 -4 22 5 19 9 16 10 13 -7 25 -9 7 10 19 -11 14 -6 3 -12 21 -13 17 -10 16 -13 13 9 13 7 -8 6 0 0 0 0 0 0 0 0 ]
CSI_DATA,AP,68:FE:71:12:53:8C,-42,11,1,6,1,1,1,0,0,0,0,-96,0,6,1,55743781,0,84,0,0,55.744,384,[84 -64 4 0 0 0 0 0 0 0 0 0 5 2 8 13 20 0 4 20 11 18 21 5 3 14 18 16 24 4 5 7 2 6 12 23 3 22 17 0 0 5 18 1 12 12 11 2 0 12 14 18 21 8 20 7 11 21 17 13 17 7 -1 3 2 -9 5 3 8 5 11 20 18 -3 21 13 2 14 2 2 1 18 19 18 1 1 11 11 21 14 19 17 1 -1 5 -5 23 3 4 14 15 -2 17 -3 14 -1 10 -4 14 -2 25 7 11 14 23 2 21 -1 -4 2 0 0 0 0 0 0 0 0 ]
CSI_DATA,AP,68:FE:71:12:53:8C,-40,11,1,6,1,1,1,0,0,0,0,-94,0,6,1,55856580,0,84,0,0,55.857,384,[84 -64 4 0 0 0 0 0 0 0 0 0 -29 -10 -18 -14 -25 -10 -27 9 -21 -16 -10 -6 -31 7 -21 -5 -12 -11 -19 -1 -14 -10 -14 2 -12 1 -32 -12 -24 -11 -30 -14 -20 -8 -12 -2 -23 -2 -28 -19 -12 -17 -21 -18 -18 -5 -13 -14 -24 -13 -16 -9 1 3 -19 3 -9 -11 -18 6 -11 -6 -20 -11 -8 -14 -28 -4 -9 -16 -6 1 -28 -10 -8 -6 -23 4 -10 6 -28 3 -23 4 -9 -9 -17 4 -13 11 -21 7 -16 -11 -29 -3 -26 -10 -12 11 -23 0 -22 10 -13 -1 -3 3 0 0 0 0 0 0 0 0 ]
CSI_DATA,AP,68:FE:71:12:53:8C,-47,11,1,3,1,1,1,0,0,0,0,-96,0,6,1,55932166,0,84,0,0,55.932,384,[84 -64 4 0 0 0 0 0 0 0 0 0 7 -12 -2 -30 -12 -19 -4 -16 0 -29 12 -17 -9 -32 2 -29 6 -20 -2 -29 -6 -12 2 -9 -9 -10 10 -23 6 -24 -8 -18 -4 -29 -8 -20 2 -15 11 -6 -4 -30 -5 -18 -5 -6 1 -17 5 -19 8 -23 7 11 -11 -13 5 -19 -7 -26 -4 -19 -8 -22 9 -5 -11 -16 1 -14 -3 -19 -3 -10 -12 -26 -9 -15 -9 -26 -6 -23 1 -11 -9 -12 -9 -14 6 -25 -4 -14 8 -9 -1 -9 5 -19 -8 -21 4 -14 -4 -28 -17 -19 -2 7 0 0 0 0 0 0 0 0 ]
CSI_DATA,AP,68:FE:71:12:53:8C,-40,11,1,6,1,1,1,1,0,0,0,-94,4,6,1,56034496,0,84,0,0,56.034,384,[84 -64 4 0 0 0 0 0 0 0 0 0 -17 7 -25 -2 -30 14 -19 5 -12 -2 -18 2 -31 9 -17 5 -11 -8 -11 -9 -31 0 -18 -5 -22 9 -30 -13 -25 11 -13 -1 -14 2 -9 11 -10 10 -11 -10 -26 9 -11 10 -19 6 -16 6 -15 12 -9 -6 11 4 -24 -11 -19 -10 -15 10 -15 11 -9 12 -8 -1 -15 -8 -25 1 -7 12 -5 -2 -11 0 -14 16 -15 14 -15 0 -10 -2 -16 18 -13 13 -19 5 -4 10 -19 13 -13 -6 -23 13 -4 2 -25 10 -7 14 -14 10 10 -2 0 0 0 0 0 0 0 0 ]
CSI_DATA,AP,68:FE:71:12:53:8C,-45,11,1,3,1,1,1,0,0,0,0,-94,0,6,1,56114748,0,84,0,0,56.115,384,[84 -64 4 0 0 0 0 0 0 0 0 0 -17 -3 -8 -11 -29 -10 -32 -7 -23 -14 -21 -5 -8 -15 -29 -4 -26 -18 -25 -2 -14 -15 -16 -8 -22 -4 -22 2 -21 -9 -29 -13 -22 -11 -26 -2 -14 3 -23 1 -16 -12 -27 -19 -6 -7 -10 -7 -14 -9 -14 -5 -2 -5 -4 4 -25 -7 -9 -16 -15 -5 -18 -13 -22 -11 -10 -1 -13 0 -22 5 -13 -9 -4 1 -10 7 -17 1 -6 -4 -6 -1 -10 5 -20 -6 -27 -8 -14 5 -11 -9 -6 -10 -14 0 -26 10 -28 -9 -6 -3 -4 -12 10 -5 0 0 0 0 0 0 0 0 ]
CSI_DATA,AP,68:FE:71:12:53:8C,-42,11,1,5,1,1,1,1,0,0,1,-96,2,6,1,56199423,0,84,0,0,56.199,384,[84 -64 4 0 0 0 0 0 0 0 0 0 13 -6 11 -5 18 -17 11 -11 7 -6 25 -1 16 -14 23 -10 23 -13 18 -13 23 -10 24 -5 18 -7 22 -3 10 1 14 4 16 -11 14 -6 26 0 14 6 23 8 18 2 16 -5 23 -5 26 -13 19 -10 -8 11 3 -4 10 -16 24 -15 18 -13 26 -8 18 -12 21 0 13 -3 25 -6 10 -4 4 -6 26 -15 3 -5 7 -7 5 -16 8 -3 14 -1 19 -19 6 4 9 -10 4 -1 20 -10 12 -2 6 -2 2 0 4 0 4 -6 0 0 0 0 0 0 0 0 ]
CSI_DATA,AP,68:FE:71:12:53:8C,-38,11,1,7,1,1,1,0,0,0,0,-95,0,6,1,56283285,0,84,0,0,56.283,384,[84 -64 4 0 0 0 0 0 0 0 0 0 26 2 18 -4 27 5 6 5 10 -7 28 -12 23 -2 8 12 24 2 20 -3 18 1 11 9 23 13 25 12 9 1 20 13 26 -5 11 -5 14 -9 9 13 3 14 17 0 2 7 5 4 8 4 22 -10 -11 -11 6 -10 17 -4 24 -1 4 -9 3 10 16 12 5 14 10 5 5 -5 11 -9 13 8 16 -7 4 10 11 -1 8 -4 20 7 7 4 15 3 6 -13 20 -1 2 -14 23 -2 10 5 25 2 18 2 22 -3 2 -9 0 0 0 0 0 0 0 0 ]
CSI_DATA,AP,68:FE:71:12:53:8C,-43,11,1,5,1,1,1,0,0,0,0,-93,0,6,1,56363005,0,84,0,0,56.363,384,[84 -64 4 0 0 0 0 0 0 0 0 0 30 -20 23 -18 24 -7 22 -2 21 -4 23 0 21 -4 37 1 39 -11 28 -5 33 -7 27 4 33 -3 30 -7 35 -4 39 -4 25 -3 34 9 27 -11 38 -2 25 -7 14 -12 25 8 34 9 28 -9 23 -5 8 2 32 -8 34 -13 35 -10 15 -4 25 -13 31 -12 17 -13 17 -6 32 -11 27 -12 15 -11 23 -14 13 1 18 2 33 -2 14 -20 33 -16 16 -18 30 -13 17 -20 22 -11 18 -5 14 -18 27 -9 25 -14 13 -6 2 -7 0 0 0 0 0 0 0 0 ]
CSI_DATA,AP,68:FE:71:12:53:8C,-41,11,1,4,1,1,1,0,0,0,0,-94,0,6,1,56418285,0,84,0,0,56.418,384,[84 -64 4 0 0 0 0 0 0 0 0 0 -28 -3 -12 -2 -12 -7 -18 8 -17 -6 -19 4 -27 -4 -11 -5 -25 -5 -19 -6 -10 -12 -15 -9 -16 8 -21 -1 -9 -14 -18 -11 -30 -5 -30 -2 -11 -2 -6 6 -24 1 -19 -3 -8 6 -27 -3 -7 -12 -24 -8 11 12 -17 -2 -18 -10 -9 -3 -11 1 -17 -7 -13 8 -16 2 -24 1 -28 5 -24 -13 -9 7 -8 3 -8 -5 -12 -11 -18 1 -26 -2 -23 0 -15 -11 -16 7 -24 0 -18 1 -4 12 -18 -2 -11 -9 -18 -9 -25 7 10 0 0 0 0 0 0 0 0 0 ]
CSI_DATA,AP,68:FE:71:12:53:8C,-41,11,1,5,1,1,1,0,0,0,0,-93,0,6,1,56497540,0,84,0,0,56.498,384,[84 -64 4 0 0 0 0 0 0 0 0 0 7 -13 28 -5 15 -3 7 -4 9 -4 11 -13 15 -17 11 -3 8 7 10 -6 11 -15 18 7 25 2 11 2 28 -8 23 4 17 -2 25 -11 4 -3 8 -2 21 2 12 9 6 3 19 -3 18 -14 12 -12 8 -11 7 1 26 4 17 8 1 6 4 4 14 -1 22 -8 2 -11 21 -10 14 -16 18 -6 11 -11 24 -9 7 -2 3 -16 17 -16 15 -6 3 -15 15 2 6 -7 23 2 1 -18 4 -3 5 -10 8 -2 8 -9 -2 6 0 0 0 0 0 0 0 0 ]
CSI_DATA,AP,68:FE:71:12:53:8C,-40,11,1,5,1,1,1,0,0,0,0,-93,0,6,1,56576866,0,84,0,0,56.577,384,[84 -64 4 0 0 0 0 0 0 0 0 0 8 12 18 15 28 1 25 -3 18 3 9 4 9 0 25 -4 10 -5 10 11 26 19 15 1 12 19 22 -5 8 -5 28 17 10 -4 28 -2 15 5 27 17 27 17 5 4 12 4 18 18 17 13 18 -3 4 9 12 4 12 1 12 -5 24 14 3 -4 13 4 26 11 23 14 25 -6 20 9 18 15 27 15 23 10 18 6 23 4 11 -10 22 5 25 4 18 -2 8 3 5 1 6 -12 23 0 9 -3 5 -11 26 -5 2 9 0 0 0 0 0 0 0 0 ]
CSI_DATA,AP,68:FE:71:12:53:8C,-43,11,1,6,1,1,1,0,0,0,0,-93,0,6,1,56652622,0,84,0,0,56.653,384,[84 -64 4 0 0 0 0 0 0 0 0 0 20 -12 15 0 21 -10 8 -14 10 -9 27 -12 20 1 15 -15 21 -13 26 -3 17 -11 7 -6 28 1 26 -1 23 -15 6 -8 16 5 22 -5 19 1 23 -5 12 -9 16 -15 11 -17 7 -17 8 -16 9 -15 -5 -3 22 -7 20 -17 20 -4 9 -14 7 2 8 -16 18 -10 25 -9 5 -8 9 1 11 -13 1 3 3 -17 17 -15 17 -15 26 -4 4 -17 13 -5 21 -7 18 -3 25 -10 6 -15 8 -1 25 -15 13 -19 10 -12 -2 -10 0 0 0 0 0 0 0 0 ]
CSI_DATA,AP,68:FE:71:12:53:8C,-35,11,1,7,1,1,1,0,0,0,0,-93,0,6,1,56740632,0,84,0,0,56.741,384,[84 -64 4 0 0 0 0 0 0 0 0 0 -25 -18 -24 -21 -34 -18 -31 -26 -43 -29 -35 -34 -30 -15 -34 -22 -29 -17 -23 -26 -22 -19 -27 -36 -18 -30 -34 -29 -26 -36 -16 -32 -28 -13 -25 -29 -30 -22 -25 -14 -24 -37 -25 -14 -22 -20 -37 -23 -37 -21 -33 -30 9 -7 -13 -12 -15 -27 -35 -30 -38 -27 -31 -10 -23 -20 -25 -29 -28 -18 -28 -31 -19 -13 -28 -28 -37 -8 -29 -17 -30 -23 -27 -14 -27 -15 -27 -9 -34 -2 -24 -1 -35 -24 -32 -5 -38 -10 -28 -22 -19 -11 -40 -17 -25 -12 3 9 0 0 0 0 0 0 0 0 ]
CSI_DATA,AP,68:FE:71:12:53:8C,-44,11,1,4,1,1,1,0,0,0,0,-95,0,6,1,56798737,0,84,0,0,56.799,384,[84 -64 4 0 0 0 0 0 0 0 0 0 -9 8 -2 11 -13 19 -8 16 -14 29 -21 17 -11 6 -5 26 -21 6 -21 12 -1 22 -7 18 -5 3 -1 8 -16 8 -23 15 -18 20 -17 1 -7 5 -11 5 -1 12 -4 2 -1 17 -5 9 -17 19 -7 7 5 0 -10 22 -15 8 -17 18 -15 25 -17 21 -17 4 -14 13 -3 3 -8 15 4 24 -2 24 -12 17 -19 7 4 12 5 10 1 8 -3 20 -3 6 -8 23 -18 20 2 8 -14 17 2 5 -7 5 -2 17 5 16 4 -9 0 0 0 0 0 0 0 0 ]
CSI_DATA,AP,68:FE:71:12:53:8C,-38,11,0,0,0,0,0,0,0,0,0,-96,0,6,1,56858345,0,37,0,0,56.858,128,[84 -64 4 0 0 0 0 0 0 0 0 0 1 -29 4 -28 2 -11 14 -6 8 -27 2 -4 0 -15 17 -6 12 -27 23 -21 10 -12 3 -15 8 -15 6 -3 11 -24 23 -5 6 -23 21 -6 4 -13 18 -24 11 -16 1 -14 24 -15 7 -11 1 -10 6 -7 -7 -8 2 -7 23 -9 4 -25 16 -5 20 -13 8 -4 16 -12 21 -9 20 -12 -3 -17 9 -14 8 -26 -3 -22 2 -9 19 -16 14 -26 0 -23 -3 -27 8 -16 15 -23 15 -10 -4 -15 3 -19 -2 -14 -2 -7 7 -26 11 12 0 0 0 0 0 0 0 0 ]
CSI_DATA,AP,68:FE:71:12:53:8C,-41,11,1,6,1,1,1,0,0,0,0,-93,0,6,1,56939412,0,84,0,0,56.939,384,[84 -64 4 0 0 0 0 0 0 0 0 0 -2 27 5 12 2 22 17 20 7 7 3 8 12 13 2 15 -7 21 6 9 13 11 13 23 -8 11 -5 23 2 31 -7 18 14 30 -9 26 10 10 -4 28 -8 9 1 16 -4 4 14 7 -3 23 3 26 9 -11 -6 9 9 11 7 8 -6 14 14 2 15 2 2 4 2 7 8 8 10 25 13 4 6 3 11 25 15 13 2 6 14 2 -2 3 20 23 -1 24 10 9 1 24 6 0 7 13 4 0 5 11 9 3 8 2 0 0 0 0 0 0 0 0 ]
CSI_DATA,AP,68:FE:71:12:53:8C,-39,11,1,4,1,1,1,1,0,0,0,-94,2,6,1,57040340,0,84,0,0,57.04,384,[84 -64 4 0 0 0 0 0 0 0 0 0 13 22 -6 18 -2 13 -8 22 -8 10 6 27 -10 10 5 6 10 12 -1 7 1 22 6 11 -12 17 7 21 -11 19 11 24 4 27 -11 17 -10 6 8 17 5 13 11 17 -4 24 -6 26 1 26 -2 20 10 1 12 9 11 4 12 18 11 6 -5 9 6 24 9 17 13 21 -4 11 -8 6 10 16 8 11 -5 7 1 24 0 12 -1 10 8 18 3 11 2 1 2 7 12 11 15 5 8 4 -3 15 6 23 7 13 8 12 0 0 0 0 0 0 0 0 ]
CSI_DATA,AP,68:FE:71:12:53:8C,-42,11,1,4,1,1,1,1,0,0,0,-96,6,6,1,57112404,0,84,0,0,57.112,384,[84 -64 4 0 0 0 0 0 0 0 0 0 28 -12 19 -11 10 0 24 -10 20 6 21 -1 29 -5 4 3 13 1 17 11 9 9 29 16 9 0 14 11 23 2 17 2 11 0 21 0 5 8 21 -1 3 1 22 -8 11 -5 3 -8 7 -1 7 12 0 7 9 13 7 3 12 0 15 -6 26 5 17 -9 12 -5 5 -9 20 8 11 11 2 -10 6 3 25 -11 5 0 13 4 26 -8 25 -1 12 3 24 -3 22 -15 24 -14 23 -14 7 -3 13 -15 16 -6 22 -11 6 -2 0 0 0 0 0 0 0 0 ]
CSI_DATA,AP,68:FE:71:12:53:8C,-45,11,1,5,1,1,1,0,0,0,0,-94,0,6,1,57197158,0,84,0,0,57.197,384,[84 -64 4 0 0 0 0 0 0 0 0 0 1 -23 -7 -12 -7 -17 -12 -28 -12 -10 5 -30 5 -31 1 -8 3 -21 5 -22 10 -21 -7 -29 -8 -30 0 -22 0 -21 -8 -25 0 -24 10 -6 -5 -28 0 -24 10 -6 -1 -22 6 -12 1 -17 -9 -12 -2 -23 10 9 0 -7 -8 -21 -10 -8 5 -23 9 -18 1 -25 9 -19 6 -23 8 -20 0 -18 -2 -13 -5 -17 -11 -22 -12 -26 -3 -5 -11 -21 -4 -27 -7 -25 -3 -22 4 -22 7 -22 4 -12 4 -24 -6 -6 -14 -19 -13 -5 -11 10 0 0 0 0 0 0 0 0 ]
CSI_DATA,AP,68:FE:71:12:53:8C,-38,11,1,6,1,1,1,0,0,0,0,-95,0,6,1,57263579,0,84,0,0,57.264,384,[84 -64 4 0 0 0 0 0 0 0 0 0 -15 9 -14 7 -20 14 -4 24 -5 5 -19 11 -10 18 -16 14 -14 15 -2 8 -17 4 -24 19 -5 22 -4 22 -6 8 -20 23 -18 16 -7 16 -7 13 -7 2 -3 6 -21 1 -23 11 -11 7 -7 10 -3 13 -10 11 -5 23 -7 20 -3 7 -3 23 -4 16 -14 0 -11 21 -17 12 -9 10 -18 1 3 3 -1 23 -15 6 -2 17 -2 3 -11 17 -7 19 5 7 -3 10 -6 5 2 8 -15 4 -15 5 -8 4 -17 22 1 6 1 10 0 0 0 0 0 0 0 0 ]
CSI_DATA,AP,68:FE:71:12:53:8C,-46,11,1,4,1,1,1,0,0,0,0,-96,0,6,1,57379812,0,84,0,0,57.38,384,[84 -64 4 0 0 0 0 0 0 0 0 0 -1 -13 11 -28 8 -25 13 -22 2 -25 14 -16 6 -8 15 -25 -3 -22 8 -23 16 -12 2 -23 18 -27 -2 -12 -3 -5 12 -21 1 -25 8 -17 5 -22 12 -5 7 -23 9 -24 4 -16 2 -11 8 -18 7 -5 -12 8 11 -8 18 -26 19 -20 -1 -7 16 -7 13 -13 17 -22 13 -15 11 -25 12 -3 10 -23 10 -3 7 -23 10 -9 0 -25 7 -24 13 -10 -6 -4 12 -20 13 -22 2 -13 -2 -19 3 -9 10 -27 9 -18 -1 -23 -10 -9 0 0 0 0 0 0 0 0 ]
CSI_DATA,AP,68:FE:71:12:53:8C,-40,11,1,4,1,1,1,0,0,0,0,-96,0,6,1,57443341,0,84,0,0,57.443,384,[84 -64 4 0 0 0 0 0 0 0 0 0 -6 -24 16 -11 19 -21 -4 -9 17 -20 12 -7 15 -17 17 -13 1 -7 -1 -6 1 -5 21 -19 17 -12 6 -28 -2 -5 1 -19 10 -23 14 -8 13 -5 12 -17 15 -8 8 -10 5 -4 -2 -11 -2 -4 17 -5 5 0 3 -24 0 -5 19 -5 10 -19 8 -19 1 -20 8 -14 18 -11 -4 -12 13 -17 -7 -21 8 -7 -1 -26 -5 -5 16 -16 3 -10 5 -20 15 -4 8 -7 0 -20 16 -12 16 -11 6 -13 14 -18 -9 -19 -2 -23 8 -3 0 0 0 0 0 0 0 0 ]
CSI_DATA,AP,68:FE:71:12:53:8C,-44,11,1,4,1,1,1,0,0,0,0,-95,0,6,1,57526893,0,84,0,0,57.527,384,[84 -64 4 0 0 0 0 0 0 0 0 0 26 -15 21 -15 27 -4 11 -10 21 -7 18 -9 19 -10 17 -4 32 2 17 5 19 0 19 5 16 10 27 9 12 4 12 9 12 -3 25 6 28 -6 18 7 19 -11 19 7 8 3 17 -11 9 -5 17 -3 -7 -5 19 -4 13 -1 11 0 8 0 25 0 4 -4 25 -2 12 9 6 4 14 -2 11 0 26 -5 22 2 6 -3 4 9 26 -10 16 -9 15 -16 25 -12 6 -7 16 2 5 -8 24 0 6 2 8 -11 14 -17 -5 0 0 0 0 0 0 0 0 0 ]
CSI_DATA,AP,68:FE:71:12:53:8C,-43,11,1,5,1,1,1,0,0,0,0,-94,0,6,1,57632844,0,84,0,0,57.633,384,[84 -64 4 0 0 0 0 0 0 0 0 0 20 0 28 0 18 -1 13 0 22 -5 11 -11 11 -20 11 -20 26 -9 22 -19 16 6 14 -10 11 3 29 -13 16 -1 24 -12 27 -1 24 -10 14 4 12 -11 17 -10 11 -3 5 -6 22 -4 7 -12 23 -11 -5 4 24 -1 16 -16 4 1 22 -10 7 -1 13 -14 17 5 26 -8 12 -15 2 -8 5 -7 15 -9 19 3 13 -8 13 3 6 -2 23 -12 7 -18 13 0 20 -22 23 -5 16 -2 7 -4 8 -3 5 -14 22 -1 0 11 0 0 0 0 0 0 0 0 ]
CSI_DATA,AP,68:FE:71:12:53:8C,-43,11,1,4,1,1,1,1,0,0,0,-94,5,6,1,57717308,0,84,0,0,57.717,384,[84 -64 4 0 0 0 0 0 0 0 0 0 14 31 6 23 3 12 -2 29 6 31 10 18 14 11 -5 14 3 12 -11 17 9 15 12 22 3 11 -6 23 1 21 6 30 -1 24 5 27 3 8 7 23 -2 6 -7 17 -7 26 -11 15 11 18 11 18 -9 -9 -2 8 4 29 -10 12 7 27 -4 29 12 27 0 14 0 27 0 21 16 18 7 13 1 7 8 5 5 23 12 26 10 15 1 24 19 13 15 19 18 19 9 25 8 20 1 15 0 17 18 24 5 5 7 -1 0 0 0 0 0 0 0 0 ]
CSI_DATA,AP,68:FE:71:12:53:8C,-40,11,1,4,1,1,1,0,0,0,0,-96,0,6,1,57798446,0,84,0,0,57.798,384,[84 -64 4 0 0 0 0 0 0 0 0 0 -27 18 -22 5 -15 17 -13 19 -31 7 -26 7 -28 12 -27 -1 -9 17 -9 11 -20 13 -29 0 -11 3 -32 -3 -14 10 -21 2 -19 13 -15 3 -27 13 -27 -4 -7 4 -22 15 -17 2 -29 4 -15 -6 -11 2 -9 1 -16 3 -16 3 -16 18 -28 19 -16 -5 -20 18 -13 4 -28 13 -20 -4 -3 7 -13 5 -2 1 -6 12 -25 3 -8 -3 -13 22 -22 22 -19 10 -7 20 -14 6 -25 14 -5 21 -15 16 -15 1 -10 1 -1 22 -7 0 0 0 0 0 0 0 0 0 ]
CSI_DATA,AP,68:FE:71:12:53:8C,-40,11,1,6,1,1,1,0,0,0,0,-93,0,6,1,57885086,0,84,0,0,57.885,384,[84 -64 4 0 0 0 0 0 0 0 0 0 23 -1 8 11 18 3 29 17 32 -1 25 7 26 17 30 -1 20 2 8 19 11 21 31 4 22 -1 14 10 13 20 21 18 21 12 14 12 13 0 12 14 21 5 5 19 27 10 9 -2 29 -1 9 18 -11 -6 18 -3 11 17 18 -1 18 14 24 13 29 -7 20 -5 15 16 5 14 4 10 11 6 23 10 13 1 25 8 12 10 22 -4 25 -5 14 -2 18 -5 7 -12 22 -10 10 7 26 4 13 -5 5 11 13 -9 -2 -7 0 0 0 0 0 0 0 0 ]
CSI_DATA,AP,68:FE:71:12:53:8C,-45,11,1,3,1,1,1,0,0,0,0,-94,0,6,1,57959295,0,84,0,0,57.959,384,[84 -64 4 0 0 0 0 0 0 0 0 0 -24 17 -6 17 -13 25 -2 29 -4 27 -12 13 -17 11 -10 22 -6 16 -3 2 -4 14 -26 4 -26 8 -17 24 -12 1 -22 16 -4 9 -18 18 -15 22 -13 9 -27 8 -15 9 -21 8 -19 19 -22 14 -22 2 -5 -12 -11 21 -23 23 -11 12 -15 16 -22 2 -20 5 -25 11 -7 11 -21 15 -23 2 -14 16 -9 3 -20 7 -19 15 0 2 -22 9 -4 22 -17 8 -2 18 -8 20 2 7 3 16 0 25 -12 13 -6 25 3 6 -11 0 0 0 0 0 0 0 0 0 ]
CSI_DATA,AP,68:FE:71:12:53:8C,-39,11,1,4,1,1,1,0,0,0,0,-94,0,6,1,58067617,0,84,0,0,58.068,384,[84 -64 4 0 0 0 0 0 0 0 0 0 -9 22 7 22 -5 19 -8 11 -5 14 -14 7 -14 24 7 19 -11 11 -10 23 0 31 -14 30 -13 18 -12 31 3 14 -15 10 -17 14 -13 13 6 14 4 27 0 6 7 22 -6 5 2 17 -16 25 -10 14 8 -4 1 9 -4 23 8 15 -4 20 -4 24 -3 16 2 23 -3 22 -9 20 -4 10 -2 17 6 13 -4 19 9 18 -10 25 4 6 -4 16 -10 20 5 10 -2 21 -9 28 15 14 -7 7 15 23 2 16 7 26 10 -7 0 0 0 0 0 0 0 0 ]
CSI_DATA,AP,68:FE:71:12:53:8C,-42,11,1,6,1,1,1,0,0,0,0,-93,0,6,1,58137548,0,84,0,0,58.138,384,[84 -64 4 0 0 0 0 0 0 0 0 0 -7 -26 -19 -13 -7 -27 -21 -16 -21 -34 1 -30 5 -14 1 -16 1 -32 6 -30 -1 -9 0 -31 -3 -17 -10 -22 -17 -24 -8 -13 -11 -29 -11 -8 4 -23 -6 -8 1 -10 -8 -10 2 -19 -4 -27 5 -8 0 -19 4 -1 3 -16 4 -26 -9 -22 -10 -18 4 -23 1 -27 -8 -13 3 -12 -2 -5 0 -6 -5 -20 -9 -19 -2 -20 4 -9 1 -23 -2 -10 -8 -16 -17 -14 -21 -7 -2 -7 -22 -12 -8 -19 -5 -26 -2 -14 -5 -10 -19 -20 -12 -4 0 0 0 0 0 0 0 0 ]
CSI_DATA,AP,68:FE:71:12:53:8C,-36,11,1,5,1,1,1,0,0,0,0,-94,0,6,1,58217940,0,84,0,0,58.218,384,[84 -64 4 0 0 0 0 0 0 0 0 0 -22 16 -13 21 -16 24 -23 18 -9 3 -28 0 -12 3 -17 1 -22 -3 -12 16 -14 3 -24 2 -26 -1 -11 13 -19 11 -25 14 -17 7 -12 -3 -26 -5 -11 8 -21 16 -17 2 -16 2 -6 -1 -12 10 -9 11 -10 8 -13 0 -19 4 -22 14 -14 19 -10 11 -18 11 -23 10 -15 2 -16 6 -20 7 -12 7 -19 -1 -25 15 -22 13 -19 20 -18 -1 -11 6 -17 22 -23 3 -5 17 -9 7 -4 11 -8 3 -4 8 -22 22 -23 13 -4 12 0 0 0 0 0 0 0 0 ]
CSI_DATA,AP,68:FE:71:12:53:8C,-41,11,1,6,1,1,1,0,0,0,0,-94,0,6,1,58301696,0,84,0,0,58.302,384,[84 -64 4 0 0 0 0 0 0 0 0 0 -4 -20 14 -14 5 -11 1 -18 3 -22 8 -7 12 -32 11 -10 6 -17 8 -9 17 -24 5 -9 16 -19 8 -15 20 -11 8 -22 5 -9 -2 -9 4 -22 1 -9 1 -22 19 -22 -1 -16 -1 -5 -2 -23 -2 -26 10 -12 -5 -8 13 -23 16 -8 -7 -18 3 -16 7 -5 -2 -18 4 -10 15 -9 0 -16 6 -13 -6 -27 -1 -6 2 -11 7 -28 8 -27 13 -15 -2 -29 -6 -11 4 -16 7 -8 12 -18 11 -24 -9 -23 10 -13 -8 -23 -3 1 0 0 0 0 0 0 0 0 ]
CSI_DATA,AP,68:FE:71:12:53:8C,-38,11,1,7,1,1,1,0,0,0,0,-94,0,6,1,58372058,0,84,0,0,58.372,384,[84 -64 4 0 0 0 0 0 0 0 0 0 19 5 9 5 27 11 27 20 8 3 14 2 7 26 2 6 17 12 13 13 15 12 10 24 9 7 10 12 14 15 7 5 5 19 8 19 19 6 17 23 17 18 1 15 12 15 2 11 16 3 5 19 10 -6 1 18 4 10 18 3 22 -1 4 0 13 19 20 22 12 16 9 12 21 19 4 15 14 3 23 -3 11 15 12 18 21 19 14 -3 20 16 25 19 5 17 26 -4 10 8 11 -2 17 4 3 17 18 15 9 6 0 0 0 0 0 0 0 0 ]
CSI_DATA,AP,68:FE:71:12:53:8C,-42,11,1,6,1,1,1,0,0,0,0,-95,0,6,1,58470347,0,84,0,0,58.47,384,[84 -64 4 0 0 0 0 0 0 0 0 0 -27 13 -23 9 -11 7 -11 12 -31 7 -14 10 -19 12 -18 1 -17 -9 -21 12 -27 1 -28 16 -8 13 -8 0 -28 -9 -12 9 -17 -1 -16 7 -13 10 -17 0 -5 5 -24 4 -10 0 -11 -9 -23 -1 -23 15 -7 -11 -9 -7 -9 5 -8 -6 -9 12 -8 -4 -19 -3 -21 8 -6 -8 -18 -7 -10 10 -25 9 -22 11 -12 8 -27 -4 -8 7 -11 19 -27 16 -19 10 -18 6 -6 11 -24 -3 -9 14 -23 13 -17 3 -5 11 -23 8 8 11 0 0 0 0 0 0 0 0 ]
CSI_DATA,AP,68:FE:71:12:53:8C,-43,11,1,6,1,1,1,0,0,0,1,-96,0,6,1,58558865,0,84,0,0,58.559,384,[84 -64 4 0 0 0 0 0 0 0 0 0 10 29 -8 30 15 27 -10 24 5 8 8 28 9 9 -3 28 2 15 -12 10 7 29 1 8 5 26 6 7 1 13 5 11 8 28 2 18 -4 11 -8 16 -9 8 -4 15 -12 11 -11 23 -13 24 5 27 -5 12 -8 6 -10 12 9 22 11 20 0 10 -2 9 8 8 1 16 8 4 8 14 -8 15 6 15 10 13 -3 3 10 12 11 18 13 12 4 21 8 11 4 8 -7 5 7 10 -5 15 -5 25 11 20 10 7 -5 -5 0 0 0 0 0 0 0 0 ]
CSI_DATA,AP,68:FE:71:12:53:8C,-43,11,0,0,0,0,0,0,0,0,0,-96,0,6,1,58656260,0,37,0,0,58.656,128,[84 -64 4 0 0 0 0 0 0 0 0 0 -9 22 -2 19 4 16 -13 16 0 20 5 25 -12 9 -12 12 -16 10 -15 27 -1 24 -14 30 3 19 4 22 -5 22 -5 19 -9 16 -18 23 2 12 -17 28 -14 16 -18 27 -12 9 -11 22 -9 23 -12 19 -9 12 -2 24 3 5 -10 9 -5 14 3 6 -16 18 -2 20 0 15 9 17 -15 28 0 22 4 11 3 14 8 28 -11 26 -5 9 -2 11 -12 24 -5 23 -10 28 -11 20 -10 6 8 23 -6 17 0 5 13 26 -9 2 0 0 0 0 0 0 0 0 ]
CSI_DATA,AP,68:FE:71:12:53:8C,-40,11,1,5,1,1,1,1,0,0,0,-96,2,6,1,58751996,0,84,0,0,58.752,384,[84 -64 4 0 0 0 0 0 0 0 0 0 -11 20 -23 18 -13 16 -14 11 -28 -1 -10 -4 -28 9 -25 2 -12 -3 -11 9 -11 -5 -22 2 -24 13 -25 4 -10 4 -13 2 -11 14 -28 15 -13 6 -10 3 -23 2 -10 8 -14 -8 -6 -2 -8 4 -27 -1 6 -4 -14 4 -24 -4 -23 3 -15 7 -9 17 -17 14 -19 12 -10 -7 -25 8 -10 -2 -27 19 -15 15 -20 12 -15 -3 -14 13 -22 9 -11 12 -5 15 -12 0 -18 6 -9 19 -9 4 -21 12 -2 16 -19 4 -21 19 11 -2 0 0 0 0 0 0 0 0 ]
CSI_DATA,AP,68:FE:71:12:53:8C,-38,11,1,6,1,1,1,0,0,0,0,-95,0,6,1,58845023,0,84,0,0,58.845,384,[84 -64 4 0 0 0 0 0 0 0 0 0 19 -3 24 8 11 -6 28 3 20 -5 10 4 24 -9 19 8 15 1 16 7 21 9 21 0 7 10 7 9 30 0 11 0 29 3 15 9 27 -5 6 8 19 3 6 -3 14 -5 10 -3 24 11 25 11 -5 -6 11 -8 27 4 15 -6 9 0 16 -5 5 9 24 5 23 9 17 5 4 -12 6 7 11 -2 17 -9 4 -10 23 5 21 8 10 -5 28 -1 9 5 17 -10 12 -1 11 -2 28 8 16 -9 23 -12 13 -4 -8 -1 0 0 0 0 0 0 0 0 ]
CSI_DATA,AP,68:FE:71:12:53:8C,-40,11,1,6,1,1,1,0,0,0,0,-94,0,6,1,58933687,0,84,0,0,58.934,384,[84 -64 4 0 0 0 0 0 0 0 0 0 -20 -24 -5 -5 -24 -8 -15 -13 -18 -12 -11 -23 -5 -10 -6 -14 -14 -17 -7 -26 -22 -13 -16 -13 -7 -10 -18 -18 -3 -11 -17 -10 -6 -12 2 -13 -19 -21 -16 -13 -4 -13 4 -10 -4 -25 1 -7 -18 -9 3 -29 11 -9 -10 -17 0 -19 -15 -6 -12 -5 -6 -11 -6 -27 3 -23 1 -17 -1 -19 -18 -21 -6 -5 -19 -22 -8 -16 -23 -23 -9 -8 -17 -4 -13 -23 -20 -10 -13 -18 -19 -20 -16 -18 -5 -19 -11 -17 -25 -8 -24 1 -25 -22 -1 4 0 0 0 0 0 0 0 0 ]
CSI_DATA,AP,68:FE:71:12:53:8C,-38,11,1,6,1,1,1,0,0,0,0,-96,0,6,1,59025267,0,84,0,0,59.025,384,[84 -64 4 0 0 0 0 0 0 0 0 0 25 19 18 -2 6 23 28 24 17 9 5 3 21 10 6 15 20 6 6 2 20 16 5 23 2 4 21 13 9 5 11 27 1 13 14 21 18 23 6 23 4 14 4 24 14 2 1 13 22 4 17 21 -12 -5 10 22 10 7 19 1 5 21 18 10 15 2 2 21 4 16 2 10 17 4 17 21 10 7 11 8 19 11 23 6 4 17 23 15 16 -2 20 4 21 6 23 7 23 -4 14 -5 14 -2 10 5 23 14 12 11 0 0 0 0 0 0 0 0 ]
CSI_DATA,AP,68:FE:71:12:53:8C,-42,11,1,5,1,1,1,0,0,0,0,-95,0,6,1,59099770,0,84,0,0,59.1,384,[84 -64 4 0 0 0 0 0 0 0 0 0 -10 -17 -6 -14 3 -23 6 -12 13 -34 -2 -19 17 -30 0 -12 6 -28 10 -13 18 -29 -3 -9 1 -21 8 -21 11 -20 -2 -23 11 -6 0 -18 8 -22 20 -22 18 -14 -1 -28 11 -19 -4 -6 11 -8 13 -24 7 3 -3 -11 18 -21 13 -21 3 -23 10 -20 -1 -16 1 -7 15 -27 1 -19 8 -19 11 -23 14 -7 10 -7 12 -15 -3 -22 -9 -7 12 -25 5 -23 13 -14 10 -18 8 -21 13 -16 -8 -16 7 -26 -5 -18 7 -5 -3 -3 0 0 0 0 0 0 0 0 ]
CSI_DATA,AP,68:FE:71:12:53:8C,-42,11,1,6,1,1,1,0,0,0,0,-95,0,6,1,59189223,0,84,0,0,59.189,384,[84 -64 4 0 0 0 0 0 0 0 0 0 14 1 22 -15 23 4 23 -10 31 -5 26 5 17 -1 9 4 10 8 8 0 9 9 8 0 29 -8 15 3 16 -8 7 8 10 3 28 6 20 9 11 1 22 5 26 9 20 6 10 2 22 2 16 13 0 4 17 -8 17 -2 14 5 18 0 20 -13 21 -11 8 11 11 5 24 -14 11 6 6 9 24 1 14 -5 14 -12 15 -10 6 -8 14 -2 6 -4 14 2 18 -17 18 -10 8 -2 7 -3 20 -16 8 -13 26 -5 -8 -9 0 0 0 0 0 0 0 0 ]
CSI_DATA,AP,68:FE:71:12:53:8C,-41,11,1,4,1,1,1,0,0,0,0,-95,0,6,1,59262296,0,84,0,0,59.262,384,[84 -64 4 0 0 0 0 0 0 0 0 0 8 11 6 8 20 7 16 15 25 23 4 17 8 6 25 3 8 15 0 7 23 10 22 3 24 16 17 27 7 3 19 28 14 9 22 10 21 18 3 22 11 5 15 12 13 13 15 20 -1 17 23 24 -6 -9 6 9 2 23 7 19 8 12 0 3 23 20 9 7 6 5 15 10 15 12 5 11 15 3 9 19 10 20 2 14 21 15 20 1 18 7 26 19 21 15 3 8 16 1 26 3 24 9 7 18 14 -3 12 -5 0 0 0 0 0 0 0 0 ]
CSI_DATA,AP,68:FE:71:12:53:8C,-43,11,1,4,1,1,1,0,0,0,0,-95,0,6,1,59328064,0,84,0,0,59.328,384,[84 -64 4 0 0 0 0 0 0 0 0 0 -15 6 -15 13 -34 10 -28 3 -28 -9 -22 -14 -33 4 -13 -6 -28 -9 -11 -1 -25 6 -21 -1 -14 -4 -20 -9 -29 -2 -33 5 -14 6 -29 5 -18 -11 -14 -7 -27 0 -21 -6 -7 6 -8 4 -20 -10 -8 -17 7 6 -16 -5 -10 9 -21 -5 -7 8 -7 -4 -30 6 -6 4 -15 -5 -23 -1 -15 -8 -23 6 -4 2 -15 -10 -22 7 -9 -4 -15 5 -17 11 -26 14 -9 -4 -7 0 -21 -6 -14 -4 -14 -9 -29 16 -10 -2 -7 5 -2 -8 0 0 0 0 0 0 0 0 ]
CSI_DATA,AP,68:FE:71:12:53:8C,-43,11,1,4,1,1,1,0,0,0,0,-95,0,6,1,59429937,0,84,0,0,59.43,384,[84 -64 4 0 0 0 0 0 0 0 0 0 20 -27 3 -17 13 -26 12 -22 24 -24 1 -5 10 -3 23 -6 6 -26 6 -9 9 -12 10 -27 25 -21 6 -20 23 -16 3 -11 23 -15 18 -11 4 -13 2 -9 18 -22 10 -7 20 -2 3 -17 1 -4 20 -9 3 -12 3 -17 13 -17 17 -3 14 -16 -1 -21 22 -9 19 -14 20 -1 -1 -12 19 -22 20 -8 9 -21 16 -25 7 -2 4 -21 5 -7 1 -14 -3 -25 17 -24 19 -2 14 -12 0 -4 18 -7 -4 -24 5 -6 5 -5 -2 -12 0 0 0 0 0 0 0 0 ]
CSI_DATA,AP,68:FE:71:12:53:8C,-39,11,1,5,1,1,1,1,0,0,0,-95,3,6,1,59503581,0,84,0,0,59.504,384,[84 -64 4 0 0 0 0 0 0 0 0 0 -1 -22 -14 -11 -3 -15 1 -8 -2 -30 -13 -22 -14 -30 -5 -27 -1 -23 -8 -18 -7 -14 4 -16 6 -17 4 -11 -7 -13 -10 -27 -8 -21 10 -15 -4 -8 0 -18 -6 -11 8 -6 5 -7 -10 -21 3 -27 6 -6 -5 12 9 -4 -5 -8 8 -18 -12 -7 -13 -20 -1 -28 2 -13 -1 -12 -6 -2 -13 -21 1 -26 -16 -25 -9 -3 -1 -14 -7 -10 -17 -20 -15 -26 -19 -19 -17 -12 -12 -6 -7 -23 -5 -18 -16 -11 -18 -17 -21 -13 -13 -11 -3 11 0 0 0 0 0 0 0 0 ]
CSI_DATA,AP,68:FE:71:12:53:8C,-45,11,1,5,1,1,1,0,0,0,0,-94,0,6,1,59562496,0,84,0,0,59.562,384,[84 -64 4 0 0 0 0 0 0 0 0 0 7 4 8 -1 16 14 6 20 18 12 21 12 26 14 19 14 18 -1 7 6 18 3 27 9 18 3 9 15 7 6 21 7 22 18 24 0 20 8 6 5 24 -1 9 17 19 7 20 11 12 7 25 -2 -3 -7 8 13 13 -2 9 15 15 6 12 7 8 6 3 11 12 -5 3 12 7 14 2 -3 22 7 23 -6 8 3 3 -6 23 -7 15 14 2 5 7 -3 22 3 23 12 23 6 16 -9 19 3 7 -1 8 12 12 -11 0 0 0 0 0 0 0 0 ]
CSI_DATA,AP,68:FE:71:12:53:8C,-44,11,1,3,1,1,1,0,0,0,0,-96,0,6,1,59655642,0,84,0,0,59.656,384,[84 -64 4 0 0 0 0 0 0 0 0 0 9 22 29 4 7 2 22 10 26 17 16 3 16 17 2 24 26 11 21 24 4 17 23 25 16 5 12 15 17 9 9 4 12 10 17 6 9 23 6 24 22 8 8 21 2 14 11 1 12 23 6 23 6 -6 16 24 17 12 3 20 16 9 24 5 22 24 7 11 5 2 14 18 22 9 13 21 24 14 2 13 2 8 7 -2 5 4 18 16 25 4 24 -4 14 4 5 3 8 6 9 9 6 -4 10 6 26 13 -10 -11 0 0 0 0 0 0 0 0 ]
CSI_DATA,AP,68:FE:71:12:53:8C,-44,11,1,4,1,1,1,0,0,0,0,-95,0,6,1,59722228,0,84,0,0,59.722,384,[84 -64 4 0 0 0 0 0 0 0 0 0 9 10 30 17 10 -2 18 12 16 1 13 20 25 15 5 12 21 1 24 20 18 18 12 10 28 9 21 17 6 9 24 21 10 6 8 22 23 6 23 15 20 6 2 8 2 16 10 9 19 24 21 14 2 -4 9 15 3 0 23 17 9 11 21 16 19 -1 18 6 13 15 12 12 14 -3 15 8 26 -1 18 1 17 -5 7 17 10 7 27 3 9 12 16 -7 6 5 18 16 15 8 17 13 17 -7 4 -5 26 15 0 10 0 0 0 0 0 0 0 0 ]
CSI_DATA,AP,68:FE:71:12:53:8C,-43,11,1,5,1,1,1,0,0,0,0,-96,0,6,1,59818621,0,84,0,0,59.819,384,[84 -64 4 0 0 0 0 0 0 0 0 0 3 14 -5 14 1 21 -12 6 -4 5 -13 11 1 6 -15 23 -15 11 -4 13 -8 26 -16 15 4 26 -10 8 6 9 2 25 2 24 -15 25 2 17 -15 11 -12 19 -7 16 6 12 4 15 -8 18 -1 24 -6 -2 -16 13 -11 10 -2 5 -8 18 -7 14 6 14 -7 19 1 3 -13 14 -5 15 2 11 -11 19 7 25 -7 18 5 23 -8 15 8 3 5 4 -11 14 11 12 2 27 7 24 1 16 -5 8 -4 21 -8 20 9 2 0 0 0 0 0 0 0 0 ]
CSI_DATA,AP,68:FE:71:12:53:8C,-42,11,1,5,1,1,1,1,0,0,0,-94,2,6,1,59903468,0,84,0,0,59.903,384,[84 -64 4 0 0 0 0 0 0 0 0 0 27 -1 13 -15 27 -19 32 -15 29 -1 24 -4 14 8 32 -1 13 -6 15 1 15 7 22 -1 19 6 20 -6 14 7 17 -14 6 -9 14 2 10 -4 25 -6 17 6 15 5 26 -10 19 7 22 -7 22 4 -5 12 27 -3 11 5 24 -5 14 -1 15 -10 19 -2 9 -10 26 -17 25 -15 14 -15 27 -2 19 3 22 -12 26 -8 2 6 18 0 15 -15 9 4 11 -14 3 -8 14 -11 13 3 6 3 7 -3 9 -19 16 -20 -4 -5 0 0 0 0 0 0 0 0 ]
CSI_DATA,AP,68:FE:71:12:53:8C,-40,11,1,6,1,1,1,0,0,0,0,-95,0,6,1,59975517,0,84,0,0,59.976,384,[84 -64 4 0 0 0 0 0 0 0 0 0 -5 0 -14 5 -17 6 -28 17 -10 2 -16 2 -24 -4 -8 4 -10 -7 -9 15 -21 -7 -8 1 -27 0 -7 0 -12 -3 -7 10 -11 0 -17 13 -7 11 -20 7 -8 7 -21 -10 -18 13 -20 1 -27 6 -26 12 2 -9 -24 4 -6 4 -27 -2 -10 -5 -15 15 -4 -6 -6 10 -8 14 -13 6 -12 15 -26 17 -24 -8 -12 1 -4 6 -3 14 -22 16 -17 12 -20 15 -12 1 -9 3 -3 5 -4 11 -19 1 -15 13 -20 -4 -14 2 11 11 0 0 0 0 0 0 0 0 ]
CSI_DATA,AP,68:FE:71:12:53:8C,-40,11,1,4,1,1,1,0,0,0,0,-96,0,6,1,60064544,0,84,0,0,60.065,384,[84 -64 4 0 0 0 0 0 0 0 0 0 -16 -3 -25 -15 -4 -21 -18 -13 -23 -14 -25 -20 -6 -14 -15 -22 -21 -24 -4 -1 -5 -26 -21 -26 -16 -3 -20 -25 -1 -20 -15 -16 -15 -1 1 -7 -17 -4 -16 -14 -4 -23 -22 -24 2 -15 -9 -20 1 -2 -14 -15 -11 -3 -20 -10 -16 -22 -14 -2 -7 -4 -1 -13 -12 -9 -10 -5 -6 -5 -7 -13 -2 -9 -3 -1 -19 -8 -14 -8 -24 3 -9 -4 -5 -14 -15 -10 -13 -16 -18 3 -8 -5 -16 -13 -20 -11 -8 -16 -19 -6 -16 -4 -13 -11 4 12 0 0 0 0 0 0 0 0 ]
CSI_DATA,AP,68:FE:71:12:53:8C,-40,11,1,5,1,1,1,0,0,0,0,-93,0,6,1,60151081,0,84,0,0,60.151,384,[84 -64 4 0 0 0 0 0 0 0 0 0 9 -8 13 0 18 -2 15 11 8 1 27 -6 15 2 23 11 26 12 5 15 16 20 8 1 26 -4 13 -2 25 17 22 8 23 -2 14 -6 3 17 18 11 10 4 4 5 19 10 22 4 22 -3 23 11 -5 -12 1 1 13 3 22 2 13 10 11 -3 2 15 20 6 10 5 6 10 16 1 16 0 5 6 17 -6 12 6 5 1 10 13 22 -9 7 -1 16 -1 5 -8 21 10 2 9 3 -7 8 -11 12 6 21 -2 3 -1 0 0 0 0 0 0 0 0 ]
CSI_DATA,AP,68:FE:71:12:53:8C,-40,11,1,4,1,1,1,0,0,0,0,-95,0,6,1,60225137,0,84,0,0,60.225,384,[84 -64 4 0 0 0 0 0 0 0 0 0 10 -2 10 -15 11 -11 -6 -1 -2 -15 -8 -14 5 2 5 -6 11 -18 3 -7 -9 -16 3 -4 -3 3 -7 -4 -5 -8 7 -16 -3 -13 3 -7 -6 -11 5 -16 13 2 -2 -13 14 -12 4 -9 -8 1 7 -16 2 -4 -1 5 13 -14 9 -5 -6 -14 -10 -19 -7 -20 13 3 -1 -5 6 3 -3 0 3 -16 -5 -15 0 -20 4 -8 -10 -15 -2 -5 0 -7 -10 -19 -12 -6 -3 -10 1 4 3 -12 11 -11 -6 -12 -12 -17 -7 -8 -3 6 0 0 0 0 0 0 0 0 ]
CSI_DATA,AP,68:FE:71:12:53:8C,-42,11,1,6,1,1,1,0,0,0,0,-96,0,6,1,60328083,0,84,0,0,60.328,384,[84 -64 4 0 0 0 0 0 0 0 0 0 -20 12 -9 14 -11 5 -22 -1 -31 8 -27 5 -33 -4 -15 -10 -18 -10 -33 -10 -30 -5 -14 4 -9 2 -19 -12 -16 -14 -15 -5 -25 -6 -16 -8 -28 -3 -21 6 -6 -2 -28 1 -13 5 -24 -5 -26 -13 -11 4 -2 5 -26 -3 -25 4 -27 -9 -10 10 -18 -5 -12 12 -5 -4 -25 11 -23 13 -19 -7 -5 -8 -14 4 -19 4 -27 4 -24 -9 -24 -6 -24 -2 -5 15 -28 -8 -9 2 -9 -3 -6 -2 -14 -1 -25 0 -19 4 -11 12 6 2 0 0 0 0 0 0 0 0 ]
CSI_DATA,AP,68:FE:71:12:53:8C,-40,11,1,5,1,1,1,1,0,0,0,-95,4,6,1,60413192,0,84,0,0,60.413,384,[84 -64 4 0 0 0 0 0 0 0 0 0 -5 7 11 11 16 10 14 25 12 14 1 29 -9 26 -5 14 5 12 -7 7 0 9 2 7 8 4 -1 2 -12 12 12 26 11 3 5 15 7 16 11 14 11 0 2 24 -4 17 -1 5 -10 8 3 11 9 1 -1 13 4 5 7 11 3 17 4 18 0 5 -6 3 11 15 -7 19 2 9 17 -3 5 16 10 12 -4 18 -6 20 5 18 5 10 2 3 17 6 4 11 15 14 16 13 5 18 -2 21 4 18 12 14 -4 -2 0 0 0 0 0 0 0 0 ]
CSI_DATA,AP,68:FE:71:12:53:8C,-45,11,1,5,1,1,1,0,0,0,0,-93,0,6,1,60491596,0,84,0,0,60.492,384,[84 -64 4 0 0 0 0 0 0 0 0 0 -17 -1 -29 2 -29 -1 -15 0 -22 -3 -20 1 -7 8 -8 -12 -8 -11 -6 -6 -25 -8 -20 -1 -22 5 -18 -9 -23 -10 -29 -3 -22 6 -5 6 -8 -11 -8 8 -6 6 -14 -5 -5 -14 -12 3 -6 9 -9 5 -1 7 -13 -5 -1 2 -6 -12 -16 -4 -10 10 -15 12 -20 13 -12 3 -2 -5 -19 11 -12 -9 -16 -2 -6 3 -16 12 -4 1 -4 -8 0 1 -9 0 0 -1 -18 7 -9 11 -14 0 -21 2 1 2 -10 4 -21 11 -5 -4 0 0 0 0 0 0 0 0 ]
CSI_DATA,AP,68:FE:71:12:53:8C,-41,11,1,6,1,1,1,0,0,0,0,-94,0,6,1,60577937,0,84,0,0,60.578,384,[84 -64 4 0 0 0 0 0 0 0 0 0 21 -15 21 -24 25 -27 9 -18 13 -32 11 -12 18 -8 11 -20 15 -15 13 -6 15 -4 7 -26 18 -28 25 -25 6 -10 19 -2 15 -7 6 -12 4 -11 4 -23 4 -7 21 -10 20 -2 -2 -7 8 -4 2 -24 1 10 -3 -21 14 -24 6 -5 8 -11 8 -20 2 -8 -8 -21 -6 -16 -9 -16 -9 -12 -11 -24 -11 -9 1 -15 10 -4 -6 -9 -3 -12 -5 -10 -5 -16 5 -25 6 -16 -4 -21 -9 -27 -6 -9 0 -21 -16 -20 6 -19 12 0 0 0 0 0 0 0 0 0 ]
CSI_DATA,AP,68:FE:71:12:53:8C,-39,11,1,6,1,1,1,0,0,0,0,-93,0,6,1,60648920,0,84,0,0,60.649,384,[84 -64 4 0 0 0 0 0 0 0 0 0 -24 12 -17 12 -26 21 -33 25 -34 19 -21 20 -29 4 -20 15 -9 21 -8 9 -21 20 -14 20 -20 8 -27 11 -13 -4 -29 2 -22 2 -7 1 -10 11 -13 3 -24 7 -18 10 -25 -4 -6 -4 -10 -2 -6 3 1 6 -7 17 -2 7 -10 7 -19 19 -18 18 -6 9 -9 -3 -17 11 -3 22 2 7 0 2 -18 2 -6 5 -10 3 -12 9 -15 4 -6 9 -13 24 -15 18 -1 3 -17 22 -3 20 -10 17 2 10 -1 3 -12 25 -11 8 0 0 0 0 0 0 0 0 ]
CSI_DATA,AP,68:FE:71:12:53:8C,-40,11,1,6,1,1,1,0,0,0,0,-95,0,6,1,60707955,0,84,0,0,60.708,384,[84 -64 4 0 0 0 0 0 0 0 0 0 25 27 10 29 23 38 19 28 25 30 15 22 8 18 23 29 18 21 22 28 18 19 -1 12 18 12 16 24 -3 24 -2 21 -3 11 6 24 3 6 12 14 -6 21 8 23 1 13 5 10 -3 23 19 24 -4 -10 -1 3 17 8 2 -1 16 7 3 23 5 -3 -3 1 17 1 8 14 10 0 6 18 19 -2 15 4 13 9 5 -4 17 3 11 -2 9 7 18 -2 9 -2 12 -5 23 3 5 -1 16 2 11 9 22 -3 9 9 0 0 0 0 0 0 0 0 ]
CSI_DATA,AP,68:FE:71:12:53:8C,-41,11,1,5,1,1,1,0,0,0,0,-93,0,6,1,60786582,0,84,0,0,60.787,384,[84 -64 4 0 0 0 0 0 0 0 0 0 19 -30 5 -25 3 -10 10 -9 22 -22 17 -13 11 -27 1 -3 14 -27 1 -25 3 -21 19 -20 14 -15 13 -23 10 -15 0 -1 2 -14 14 -7 13 -9 23 -19 -1 -2 10 -2 10 -23 19 -15 7 -22 10 -9 -6 -2 8 -14 -3 -3 8 -8 19 -24 19 -18 15 -10 12 -7 -1 -10 7 -14 9 -8 12 -9 2 -7 16 -10 -2 -13 5 -16 2 -6 9 -3 8 -5 1 -24 4 -16 13 -10 12 -24 -1 -20 10 -10 -7 -11 -1 -11 1 4 0 0 0 0 0 0 0 0 ]
CSI_DATA,AP,68:FE:71:12:53:8C,-41,11,1,4,1,1,1,0,0,0,0,-94,0,6,1,60857839,0,84,0,0,60.858,384,[84 -64 4 0 0 0 0 0 0 0 0 0 23 -6 23 -6 15 -4 15 -1 19 -11 17 2 7 11 14 13 8 3 10 5 29 14 13 -4 27 4 12 6 22 15 10 -3 27 -3 16 -8 10 -7 18 -3 15 -8 12 -5 28 8 28 -7 16 -2 28 1 4 4 23 0 13 7 27 -4 21 8 30 3 27 -4 9 -7 23 3 17 -9 7 -6 10 -6 9 -7 9 12 8 -2 22 -9 30 2 15 9 20 3 17 9 8 1 30 10 9 12 10 8 18 9 8 2 31 2 -7 7 0 0 0 0 0 0 0 0 ]
CSI_DATA,AP,68:FE:71:12:53:8C,-43,11,1,4,1,1,1,0,0,0,0,-95,0,6,1,60941662,0,84,0,0,60.942,384,[84 -64 4 0 0 0 0 0 0 0 0 0 -14 -3 -27 -14 -33 -11 -19 -22 -17 -19 -30 -12 -19 0 -26 -22 -8 -3 -20 -5 -27 -1 -30 -25 -20 -21 -11 -8 -15 -7 -29 -12 -14 -23 -11 -13 -14 -26 -10 -16 -11 -17 -29 -16 -6 -13 -7 -12 -31 -23 -23 -16 0 -9 -23 -21 -29 -20 -13 -21 -16 -13 -20 -22 -30 -15 -21 -15 -26 -5 -13 -7 -21 -14 -21 2 -9 -9 -21 -4 -26 -12 -26 -17 -18 -9 -12 -18 -12 -15 -22 -13 -14 1 -29 -21 -26 0 -13 -16 -26 -13 -25 -9 -20 -6 -1 -7 0 0 0 0 0 0 0 0 ]
CSI_DATA,AP,68:FE:71:12:53:8C,-39,11,1,6,1,1,1,0,0,0,0,-95,0,6,1,61000098,0,84,0,0,61,384,[84 -64 4 0 0 0 0 0 0 0 0 0 -1 -6 -1 1 0 13 14 -1 4 12 6 6 13 -4 12 -4 16 16 -4 -4 14 10 -2 5 9 8 1 14 -9 7 12 4 11 2 15 9 14 -4 -7 15 -1 19 3 16 6 6 -3 -3 11 15 9 12 8 -1 14 1 0 -4 3 9 4 1 -6 10 9 12 6 13 0 0 13 2 1 18 16 16 14 2 1 4 -1 9 -7 10 17 1 15 12 -3 3 13 -3 3 2 3 18 6 -1 16 6 10 3 6 11 -6 7 3 2 0 0 0 0 0 0 0 0 ]
CSI_DATA,AP,68:FE:71:12:53:8C,-41,11,1,6,1,1,1,0,0,0,0,-94,0,6,1,61087899,0,84,0,0,61.088,384,[84 -64 4 0 0 0 0 0 0 0 0 0 -3 17 -26 10 -5 12 -13 2 -5 6 -21 3 -18 16 -16 15 -25 9 -33 14 -18 8 -13 11 -22 16 -28 21 -17 20 -13 23 -32 4 -17 -4 -26 4 -28 6 -16 13 -18 14 -11 9 -32 -1 -31 10 -13 -2 7 10 -19 -1 -32 14 -12 21 -18 5 -16 4 -13 -1 -24 1 -16 16 -21 13 -7 9 -7 9 -6 4 -27 5 -23 3 -13 25 -19 11 -22 24 -27 10 -8 16 -28 22 -14 17 -28 8 -7 27 -7 25 -25 21 -17 20 -10 -5 0 0 0 0 0 0 0 0 ]
CSI_DATA,AP,68:FE:71:12:53:8C,-41,11,1,4,1,1,1,0,0,0,0,-94,0,6,1,61166653,0,84,0,0,61.167,384,[84 -64 4 0 0 0 0 0 0 0 0 0 12 -10 12 -26 15 -15 20 -29 5 -27 18 -9 17 -18 0 -19 3 -25 10 -8 9 -15 9 -25 15 -14 17 -27 22 -7 3 -22 24 -28 22 -16 12 -10 7 -13 21 -12 6 -21 12 -10 1 -19 23 -26 7 -21 -11 3 16 -23 17 -28 9 -24 17 -23 9 -16 3 -6 11 -12 10 -23 19 -10 11 -24 6 -9 19 -5 1 -11 18 -26 7 -27 2 -12 9 -25 2 -17 5 -18 2 -24 6 -14 13 -21 16 -30 5 -23 1 -24 -7 -7 -6 -1 0 0 0 0 0 0 0 0 ]
CSI_DATA,AP,68:FE:71:12:53:8C,-39,11,1,5,1,1,1,0,0,0,0,-95,0,6,1,61245496,0,84,0,0,61.245,384,[84 -64 4 0 0 0 0 0 0 0 0 0 -5 -7 -8 -7 -1 -20 -18 -28 3 -33 -3 -9 5 -17 3 -29 8 -25 -12 -13 10 -35 7 -15 2 -17 -10 -11 1 -17 10 -13 -12 -15 4 -14 11 -9 2 -20 -11 -20 9 -10 -6 -13 -7 -23 10 -12 -10 -21 3 5 -10 -30 -15 -22 3 -20 -4 -15 -9 -31 5 -31 -14 -21 -11 -11 6 -13 0 -19 -8 -22 -13 -11 -11 -26 -7 -11 -10 -13 -2 -28 -17 -11 -12 -9 -9 -18 -11 -6 -15 -30 -13 -14 -4 -24 -8 -9 -2 -9 -15 -25 -4 -11 0 0 0 0 0 0 0 0 ]
CSI_DATA,AP,68:FE:71:12:53:8C,-40,11,1,6,1,1,1,0,0,0,0,-94,0,6,1,61346041,0,84,0,0,61.346,384,[84 -64 4 0 0 0 0 0 0 0 0 0 24 0 14 2 14 0 26 14 7 23 2 14 21 16 2 10 9 24 24 3 17 27 17 7 17 14 6 24 22 11 14 23 6 7 18 6 17 12 16 12 8 12 17 12 15 2 24 8 22 8 15 15 12 -3 18 2 9 12 12 0 5 17 21 9 10 10 7 3 16 -2 22 20 12 3 13 12 19 17 15 4 13 0 22 4 18 10 19 3 21 5 11 15 9 -5 11 10 25 9 17 6 4 -5 9 5 13 -6 -3 8 0 0 0 0 0 0 0 0 ]
CSI_DATA,AP,68:FE:71:12:53:8C,-47,11,1,5,1,1,1,0,0,0,0,-94,0,6,1,61426378,0,84,0,0,61.426,384,[82 -96 4 0 0 0 0 0 0 0 0 0 -29 -12 -23 -13 -9 -8 -13 -8 -26 3 -12 7 -30 -1 -20 -17 -10 3 -13 -6 -10 4 -20 -6 -23 -8 -25 1 -20 -3 -17 0 -24 -1 -10 -5 -19 1 -21 -16 -27 -8 -11 -9 -22 -6 -11 3 -13 -5 -8 6 -4 -4 -18 -9 -12 -1 -17 -15 -22 -13 -11 5 -5 0 -8 -5 -23 6 -8 7 -4 -7 -12 8 -8 -11 -21 -15 -22 -15 -23 -10 -11 -13 -11 -4 -5 2 -23 -9 -5 -13 -20 -8 -8 -12 -24 -11 -10 3 -8 7 -13 -12 -4 8 0 0 0 0 0 0 0 0 ]
CSI_DATA,AP,68:FE:71:12:53:8C,-40,11,1,6,1,1,1,0,0,0,0,-94,0,6,1,61506693,0,84,0,0,61.507,384,[84 -64 4 0 0 0 0 0 0 0 0 0 -19 10 -25 21 -16 18 -25 7 -21 -2 -26 2 -13 7 -17 18 -24 9 -18 1 -14 -1 -22 8 -13 1 -16 14 -9 6 -17 7 -6 2 -22 3 -23 -7 -25 5 -28 6 -18 9 -6 -6 -20 -6 -12 7 -3 12 -2 -7 -12 12 -20 -2 -5 1 -6 6 -5 -6 -24 -3 -9 19 -20 0 -20 17 -19 15 -22 2 -11 7 -10 -1 -4 -3 -5 20 -23 0 -5 2 -11 -2 -18 10 -17 17 -15 10 -17 18 -2 14 -15 9 -4 1 -7 21 -5 6 0 0 0 0 0 0 0 0 ]
CSI_DATA,AP,68:FE:71:12:53:8C,-40,11,1,5,1,1,1,0,0,0,0,-94,0,6,1,61582066,0,84,0,0,61.582,384,[84 -64 4 0 0 0 0 0 0 0 0 0 -17 -18 1 -19 3 -12 -10 -26 -7 -15 -8 -9 6 -15 -5 -27 1 -12 7 -23 -2 -27 -4 -22 10 -19 -8 -28 0 -27 3 -8 -5 -17 -4 -18 8 -16 2 -27 -6 -23 7 -8 11 -5 5 -6 5 -12 1 -20 -8 -4 -7 -25 -5 -23 -3 -8 -2 -9 1 -15 -7 -19 6 -29 10 -14 -6 -27 -11 -13 -3 -8 -12 -24 7 -4 -11 -21 -16 -7 -16 -9 -10 -25 -9 -27 0 -15 -14 -12 -11 -28 3 -13 -13 -20 3 -19 -5 -12 3 -4 -8 12 0 0 0 0 0 0 0 0 ]
CSI_DATA,AP,68:FE:71:12:53:8C,-39,11,1,6,1,1,1,1,0,0,0,-93,2,6,1,61659125,0,84,0,0,61.659,384,[84 -64 4 0 0 0 0 0 0 0 0 0 -30 2 -26 15 -23 4 -16 14 -16 -2 -14 -3 -13 0 -28 -8 -16 -3 -26 -1 -15 -1 -10 4 -13 -12 -7 8 -22 -3 -21 2 -14 0 -11 0 -12 10 -19 0 -20 0 -10 -2 -11 8 -12 1 -8 -8 -20 -5 -6 -1 -13 12 -22 -7 -11 10 -7 -4 -18 12 -13 5 -3 -1 -15 8 -26 -9 -25 8 -19 -6 -17 0 -24 -8 -8 -6 -18 6 -19 -1 -23 -6 -19 8 -23 -5 -5 12 -17 10 -5 -1 -22 -2 -10 17 -11 -1 -8 0 -8 4 0 0 0 0 0 0 0 0 ]
CSI_DATA,AP,68:FE:71:12:53:8C,-41,11,1,4,1,1,1,0,0,0,0,-95,0,6,1,61769094,0,84,0,0,61.769,384,[37 80 2 0 0 0 0 0 0 0 0 0 18 11 12 11 13 14 8 28 12 34 29 30 22 13 4 30 14 13 8 20 14 25 21 19 23 36 24 24 4 32 4 28 7 18 5 26 18 27 11 14 18 14 21 10 19 29 3 22 10 28 0 17 7 -9 4 21 3 16 3 31 9 28 24 21 7 16 7 14 26 29 22 26 25 16 28 27 24 16 27 8 12 16 14 6 19 15 13 27 26 15 14 13 14 15 30 9 8 6 20 10 9 13 16 15 19 3 7 -10 0 0 0 0 0 0 0 0 ]
CSI_DATA,AP,68:FE:71:12:53:8C,-39,11,1,5,1,1,1,0,0,0,0,-96,0,6,1,61847506,0,84,0,0,61.848,384,[84 -64 4 0 0 0 0 0 0 0 0 0 9 10 25 7 19 -4 13 20 6 -4 19 -2 14 19 17 21 15 1 19 2 4 22 12 1 12 4 3 1 12 19 11 4 5 -2 7 21 12 21 19 20 2 4 3 -1 18 13 11 20 21 15 10 2 4 -6 10 19 21 -4 13 7 10 16 6 -3 19 10 24 14 1 -1 5 18 14 -3 20 7 20 3 20 -5 23 13 20 11 24 12 6 10 2 2 2 7 12 9 21 7 25 4 11 -10 12 -6 17 5 3 13 -4 2 0 0 0 0 0 0 0 0 ]
CSI_DATA,AP,68:FE:71:12:53:8C,-39,11,1,5,1,1,1,1,0,0,1,-93,4,6,1,61935028,0,84,0,0,61.935,384,[84 -64 4 0 0 0 0 0 0 0 0 0 22 17 20 3 21 22 2 3 16 26 13 8 2 9 3 6 21 19 1 17 20 19 6 3 17 17 19 10 19 9 4 10 18 21 12 5 4 15 9 24 -3 2 -3 14 -5 22 -4 5 -3 23 7 23 9 -5 10 21 0 23 16 5 10 23 7 8 5 7 0 0 18 10 8 13 19 6 9 7 14 19 15 14 20 12 3 2 9 4 14 13 3 7 17 3 10 13 11 18 7 -1 17 17 10 0 22 12 21 7 3 -11 0 0 0 0 0 0 0 0 ]
CSI_DATA,AP,68:FE:71:12:53:8C,-40,11,1,6,1,1,1,1,0,0,0,-95,2,6,1,62004353,0,84,0,0,62.004,384,[84 -64 4 0 0 0 0 0 0 0 0 0 -24 -4 -9 -11 -20 -3 -10 -20 -15 -2 -10 -11 -12 -15 -2 -5 -24 -25 -24 -23 -15 -13 0 -21 0 -17 -9 -24 -3 -2 -4 -6 -9 -5 1 0 -14 -6 -18 -9 -5 -20 -6 -14 -11 -17 -4 -20 -17 -9 -15 -19 9 11 0 -15 -7 -17 -5 -13 -11 -13 -9 -18 -12 -4 -15 -3 -2 -20 -22 -10 -10 -1 -7 -6 -21 0 -17 -4 -8 -10 -1 -5 -3 -17 -24 -16 -19 2 -16 -5 -18 -16 -5 -18 -15 3 -18 -17 -14 -3 -2 -8 -4 2 8 1 0 0 0 0 0 0 0 0 ]
CSI_DATA,AP,68:FE:71:12:53:8C,-39,11,1,4,1,1,1,0,0,0,0,-94,0,6,1,62125072,0,84,0,0,62.125,384,[84 -64 4 0 0 0 0 0 0 0 0 0 30 -12 25 -13 24 -3 27 -6 11 -10 7 -5 12 11 8 4 11 10 22 -4 23 1 28 15 27 14 21 0 5 14 26 -8 13 -7 19 -9 19 10 4 1 21 -4 28 9 20 -3 17 -1 19 6 16 15 4 10 8 5 20 5 16 -7 21 -3 11 -7 16 -6 7 -2 13 4 26 11 21 -6 21 8 10 -9 25 4 25 -12 15 -7 15 5 9 3 8 -4 24 -7 16 -9 10 0 8 7 21 7 28 -13 4 3 26 -3 -3 0 0 0 0 0 0 0 0 0 ]
CSI_DATA,AP,68:FE:71:12:53:8C,-41,11,1,6,1,1,1,0,0,0,0,-95,0,6,1,62200782,0,84,0,0,62.201,384,[84 -64 4 0 0 0 0 0 0 0 0 0 -12 -14 0 -19 -5 -10 -18 -20 -12 -17 -12 -23 -10 -26 -5 -23 -11 -16 -9 -19 -2 -28 -3 -30 -16 -23 0 -7 -3 -25 -8 -16 0 -28 4 -20 -7 -16 -12 -29 -8 -18 6 -14 8 -9 3 -13 3 -17 -4 -24 -5 2 -16 -3 -5 -15 7 -24 2 -10 -6 -21 -17 -6 -11 -15 -17 -20 -15 -11 -15 -2 -7 -20 -8 -14 -15 -3 -19 -20 -14 -21 -17 -22 -9 -9 -5 -21 -3 -1 -3 -18 -12 -22 -3 -5 -22 -2 -4 -5 -17 -22 -4 -6 5 -11 0 0 0 0 0 0 0 0 ]
CSI_DATA,AP,68:FE:71:12:53:8C,-40,11,1,4,1,1,1,0,0,0,0,-95,0,6,1,62278736,0,84,0,0,62.279,384,[84 -64 4 0 0 0 0 0 0 0 0 0 24 -21 20 -16 18 -14 18 0 26 -12 11 -11 15 -10 28 -5 11 -13 27 5 29 -5 19 5 11 -2 26 -6 8 -2 21 -5 19 -12 30 3 27 -8 10 2 15 3 15 4 8 -4 6 8 14 -13 20 -14 7 7 6 5 13 1 20 2 6 -16 5 -11 6 -11 7 -6 21 4 5 -1 7 -7 17 -8 12 -17 20 -14 12 -1 26 -5 6 -5 13 -14 9 -8 8 -19 8 0 8 -6 7 -6 23 -9 13 -10 3 -16 4 -9 -5 12 0 0 0 0 0 0 0 0 ]
CSI_DATA,AP,68:FE:71:12:53:8C,-45,11,1,4,1,1,1,1,0,0,0,-94,2,6,1,62356107,0,84,0,0,62.356,384,[84 -64 4 0 0 0 0 0 0 0 0 0 -8 -15 -5 -27 -10 -29 -9 -12 1 -8 10 -21 10 -25 5 -13 5 -15 -12 -7 10 -27 -6 -8 -11 -28 -10 -12 6 -19 -2 -28 10 -14 -4 -22 -7 -19 7 -28 -5 -14 -4 -18 -11 -21 6 -7 -6 -10 -6 -27 6 1 -8 -9 -4 -26 -1 -12 -12 -21 -11 -19 1 -19 -8 -11 -2 -20 3 -25 -13 -3 5 -26 -3 -5 -14 -4 -3 -12 1 -19 -9 -20 6 -13 4 -26 7 -26 -16 -20 -1 -27 -6 -25 0 -26 5 -17 -15 -24 5 -4 4 -9 0 0 0 0 0 0 0 0 ]
CSI_DATA,AP,68:FE:71:12:53:8C,-46,11,1,3,1,1,1,0,0,0,0,-94,0,6,1,62450142,0,84,0,0,62.45,384,[84 -64 4 0 0 0 0 0 0 0 0 0 -8 27 -3 9 -5 6 10 9 7 15 10 26 9 13 6 12 -7 24 -12 26 -4 27 -7 10 -15 22 -8 8 1 23 2 27 -12 9 -10 25 -15 24 -8 18 -1 8 0 23 -12 9 -6 8 8 18 -6 4 -4 -6 -12 23 -4 3 8 17 2 2 -11 14 2 5 9 26 10 20 8 24 4 16 3 22 -8 12 -5 26 9 22 6 15 13 13 7 4 -7 23 3 11 10 2 7 6 6 9 16 25 -2 18 10 6 8 18 -9 -11 0 0 0 0 0 0 0 0 ]
CSI_DATA,AP,68:FE:71:12:53:8C,-40,11,1,5,1,1,1,0,0,0,0,-96,0,6,1,62549484,0,84,0,0,62.549,384,[84 -64 4 0 0 0 0 0 0 0 0 0 1 -11 -8 -12 5 -27 -16 -19 6 -21 7 -29 -8 -32 -3 -18 -10 -16 9 -20 6 -20 2 -26 10 -26 -10 -21 -4 -17 10 -22 12 -19 2 -8 -2 -11 7 -15 9 -9 -8 -11 -7 -13 11 -25 -7 -21 8 -27 10 2 3 -17 5 -14 0 -27 -3 -21 -3 -14 2 -9 3 -24 -9 -27 -13 -4 7 -22 -5 -8 3 -4 2 -14 -11 -14 0 -26 -2 -16 -4 -12 -4 -5 -10 -5 1 -14 -9 -11 6 -23 -2 -22 -9 -5 -12 -13 -13 -18 2 8 0 0 0 0 0 0 0 0 ]
CSI_DATA,AP,68:FE:71:12:53:8C,-42,11,1,5,1,1,1,0,0,0,0,-94,0,6,1,62633177,0,84,0,0,62.633,384,[84 -64 4 0 0 0 0 0 0 0 0 0 16 14 19 13 2 9 19 12 19 17 -4 16 1 0 12 15 10 3 13 9 -3 18 -4 0 7 16 14 15 -4 6 15 13 -4 -2 6 14 10 12 6 17 -5 6 -5 -7 9 15 16 16 8 -2 10 8 7 1 13 9 -5 11 -2 11 11 4 15 -4 10 -1 8 15 13 0 2 1 14 5 17 0 -3 -8 13 14 -5 7 0 -5 12 -5 2 -8 7 5 2 13 8 8 2 -4 11 7 6 14 12 -4 13 -9 -2 -5 3 -6 0 0 0 0 0 0 0 0 ]
CSI_DATA,AP,68:FE:71:12:53:8C,-41,11,1,6,1,1,1,0,0,0,0,-94,0,6,1,62714285,0,84,0,0,62.714,384,[84 -64 4 0 0 0 0 0 0 0 0 0 -1 -2 -22 4 -10 -6 -11 14 -12 -6 -6 9 -15 6 -20 8 0 7 -19 10 -16 -8 0 -3 -6 12 2 6 -20 -11 -21 -4 -12 8 0 3 -18 -9 -16 10 -11 1 -6 -3 -14 -6 -8 4 -4 -2 -6 8 11 -5 -8 4 -2 -12 -16 6 -5 11 -18 8 -4 11 -3 -8 1 -6 5 9 0 10 -19 13 -12 3 -3 8 -2 -8 4 5 -18 4 -2 9 -11 -1 -15 2 -13 4 4 -8 3 11 -7 4 2 -9 0 15 -13 3 9 -7 0 0 0 0 0 0 0 0 ]
CSI_DATA,AP,68:FE:71:12:53:8C,-42,11,1,4,1,1,1,1,0,0,0,-94,1,6,1,62820790,0,84,0,0,62.821,384,[84 -64 4 0 0 0 0 0 0 0 0 0 9 5 10 13 -1 11 9 11 19 15 8 21 6 30 -4 29 11 12 7 22 -6 11 3 19 16 28 10 10 -2 8 8 15 -8 7 2 22 -9 29 6 9 2 22 -4 10 1 19 10 21 -8 24 -6 18 9 -5 2 19 -5 8 -1 15 15 16 -5 15 5 4 17 20 6 3 -5 5 -1 12 10 25 13 23 0 20 11 19 15 22 5 12 15 12 15 3 4 24 6 23 -3 17 18 7 1 6 16 10 10 23 1 5 -10 3 0 0 0 0 0 0 0 0 ]
CSI_DATA,AP,68:FE:71:12:53:8C,-40,11,1,5,1,1,1,0,0,0,0,-93,0,6,1,62898702,0,84,0,0,62.899,384,[84 -64 4 0 0 0 0 0 0 0 0 0 9 -29 2 -16 19 -26 -3 -12 0 -9 1 -21 13 -10 19 -23 5 -4 15 -28 18 -25 9 -16 21 -10 22 -21 13 -8 17 -26 13 -4 20 -23 -2 -20 9 -3 22 -16 1 -19 21 -5 20 -5 13 -13 12 -6 1 8 17 -24 4 -17 12 -17 8 -17 -4 -23 0 -4 15 -9 2 -8 8 -20 7 -18 9 -10 17 -3 17 -8 -6 -18 0 -8 8 -20 -7 -20 10 -17 13 -11 2 -9 5 -23 15 -13 -2 -9 0 -22 0 -28 -5 -26 9 -1 0 0 0 0 0 0 0 0 ]
CSI_DATA,AP,68:FE:71:12:53:8C,-45,11,1,4,1,1,1,0,0,0,0,-93,0,6,1,62968937,0,84,0,0,62.969,384,[84 -64 4 0 0 0 0 0 0 0 0 0 14 23 -5 28 -2 18 8 6 10 24 -3 20 -7 27 -6 20 -7 22 4 20 2 21 -7 19 -8 19 -9 19 5 20 12 16 0 26 9 27 -6 16 -9 26 9 9 2 3 -6 22 -7 26 -3 22 -10 13 -1 -10 -4 15 7 10 -6 6 4 2 12 4 13 21 11 3 6 11 7 18 15 16 17 18 17 24 -3 14 7 2 -4 13 -5 6 1 22 -5 10 6 14 14 14 1 21 7 8 1 3 -1 22 15 8 -3 21 -5 7 0 0 0 0 0 0 0 0 ]
CSI_DATA,AP,68:FE:71:12:53:8C,-42,11,1,5,1,1,1,0,0,0,1,-93,0,6,1,63078074,0,84,0,0,63.078,384,[84 -64 4 0 0 0 0 0 0 0 0 0 -2 -19 16 -13 6 -21 9 -14 -1 -11 6 -10 22 -24 21 -19 4 -15 0 -20 22 -4 19 -29 4 -7 0 -23 7 -13 7 -8 4 -24 10 -10 -1 -2 9 -13 -1 -17 13 -19 19 -22 3 -23 6 -9 21 -18 0 11 11 -5 2 -12 2 -16 12 -4 -1 -24 17 -20 -2 -11 4 -10 0 -2 17 -3 16 -15 1 -9 3 -12 0 -15 14 -5 5 -8 2 -16 -1 -4 2 -17 -4 -27 -1 -27 -6 -17 3 -18 -5 -23 13 -3 -5 -20 8 -4 0 0 0 0 0 0 0 0 ]
CSI_DATA,AP,68:FE:71:12:53:8C,-42,11,1,4,1,1,1,0,0,0,0,-95,0,6,1,63156959,0,84,0,0,63.157,384,[84 -64 4 0 0 0 0 0 0 0 0 0 -19 9 -10 6 -12 2 -16 11 -28 0 -13 13 -12 2 -6 17 -17 11 -11 0 -29 11 -10 7 -26 4 -19 -7 -12 -4 -6 3 -29 -5 -15 6 -12 7 -18 14 -20 -3 -23 18 -7 1 -14 17 -29 3 -23 11 -3 -8 -24 15 -18 2 -14 2 -12 18 -16 8 -18 8 -7 -5 -7 9 -14 18 -14 2 -24 2 -4 9 -8 4 -13 3 -21 20 -8 21 -3 0 -2 19 -24 7 -13 1 -23 2 -11 -1 -14 16 -1 10 -7 14 -20 -1 -1 2 0 0 0 0 0 0 0 0 ]
CSI_DATA,AP,68:FE:71:12:53:8C,-40,11,1,5,1,1,1,1,0,0,0,-93,1,6,1,63256002,0,82,0,0,63.256,384,[84 -64 4 0 0 0 0 0 0 0 0 0 -4 -20 -13 -6 -18 -11 -16 -19 -4 -26 -12 -15 1 -25 -2 -8 -20 -19 -15 -14 -4 -22 -15 -11 -8 -17 -4 -7 2 -26 1 -7 -6 -20 -4 -14 -1 -16 -6 -24 -10 -20 -11 -13 -7 -26 -11 -7 -3 -24 -14 -27 -5 -9 -16 -6 -11 -16 -21 -22 -1 -6 3 -5 3 -19 -9 -9 -3 -20 0 -4 -8 -23 -18 -4 -6 0 -16 -9 -6 -20 -4 -11 -9 -19 -22 -23 -13 -12 -24 -5 -21 1 -23 -23 -15 -16 -13 -24 -5 -18 -23 -1 -24 -22 -5 4 0 0 0 0 0 0 0 0 ]
CSI_DATA,AP,68:FE:71:12:53:8C,-40,11,1,5,1,1,1,0,0,0,0,-95,0,6,1,63334724,0,84,0,0,63.335,384,[84 -64 4 0 0 0 0 0 0 0 0 0 -40 15 -36 11 -27 12 -43 15 -25 11 -32 19 -34 16 -24 16 -40 24 -33 18 -32 27 -38 24 -29 22 -30 21 -32 21 -23 7 -42 0 -32 17 -31 9 -44 22 -40 6 -27 7 -30 20 -32 -1 -36 15 -26 7 4 -2 -33 12 -19 12 -18 11 -16 13 -36 8 -34 22 -16 5 -31 4 -19 1 -18 21 -27 24 -18 9 -23 14 -36 8 -33 20 -31 28 -14 28 -35 12 -22 17 -15 31 -16 10 -19 12 -25 24 -29 23 -10 18 -27 25 3 12 0 0 0 0 0 0 0 0 ]
CSI_DATA,AP,68:FE:71:12:53:8C,-40,11,1,4,1,1,1,0,0,0,0,-95,0,6,1,63398363,0,84,0,0,63.398,384,[84 -64 4 0 0 0 0 0 0 0 0 0 -6 -8 -5 -5 -28 -3 -27 -15 -19 -9 -7 -23 -13 -13 -3 -17 -19 -7 -10 -25 -8 -5 -5 -26 -20 -12 -5 -25 -15 -10 -1 -25 -15 -24 -2 -14 -20 -12 -4 -23 -20 -8 -13 -27 -22 -16 -8 -26 -4 -6 2 -19 11 -4 -9 -5 -4 -16 -5 -19 2 0 -5 -14 -10 -17 -11 -24 -6 -15 -19 -20 -10 -15 -7 -20 -13 -19 -20 -11 -4 -12 -14 -20 -4 -7 -8 -1 -18 -3 -17 1 -11 -4 -25 -18 -11 -22 -25 -12 -25 1 -15 -16 -12 -10 12 -10 0 0 0 0 0 0 0 0 ]
CSI_DATA,AP,68:FE:71:12:53:8C,-40,11,1,6,1,1,1,0,0,0,0,-96,0,6,1,63494129,0,84,0,0,63.494,384,[84 -64 4 0 0 0 0 0 0 0 0 0 12 17 24 17 22 22 7 8 14 25 22 17 3 5 21 11 14 23 18 25 13 11 2 25 18 22 3 10 0 22 10 12 7 9 10 5 -5 19 4 18 11 22 10 6 17 21 5 18 3 5 2 18 -7 3 14 25 -3 9 20 3 -3 0 11 22 17 2 17 15 2 13 10 21 20 8 -2 11 0 0 8 8 8 17 10 5 4 -1 4 18 18 9 15 2 17 7 14 19 13 14 9 4 15 14 5 12 6 3 -2 -1 0 0 0 0 0 0 0 0 ]
CSI_DATA,AP,68:FE:71:12:53:8C,-42,11,1,6,1,1,1,0,0,0,0,-94,0,6,1,63582758,0,84,0,0,63.583,384,[84 -64 4 0 0 0 0 0 0 0 0 0 9 28 12 25 14 32 1 18 2 29 -10 18 3 16 -1 9 14 12 9 15 -11 16 12 31 6 16 -2 28 -12 24 -3 27 -11 15 0 14 0 17 12 9 4 11 12 24 -4 6 0 14 -2 16 1 9 11 1 8 13 -2 23 9 15 -3 28 -6 8 -8 24 -3 25 -5 24 2 12 12 17 10 27 11 23 15 12 -2 4 17 22 0 15 -1 17 1 8 13 15 12 11 17 5 -1 22 6 20 17 14 -2 3 10 17 8 6 0 0 0 0 0 0 0 0 ]
CSI_DATA,AP,68:FE:71:12:53:8C,-37,11,1,6,1,1,1,0,0,0,0,-95,0,6,1,63657952,0,84,0,0,63.658,384,[84 -64 4 0 0 0 0 0 0 0 0 0 -15 -12 -8 -15 -12 -24 -11 -14 -5 -17 -5 -19 -12 -6 -21 -19 -7 -24 -15 -20 0 -13 -6 -11 -21 -13 -1 -11 -9 -17 -20 -20 -20 -30 -20 -24 4 -11 -9 -7 -17 -22 -3 -9 4 -10 -18 -26 1 -14 -10 -13 -5 8 0 -14 -9 -17 -15 -25 -19 -13 -19 -24 -1 -24 -2 -10 -19 -3 -4 -19 -10 -1 -19 -13 -4 -22 -16 -24 -11 -12 -21 -5 -14 -11 -3 -11 -14 -12 -15 -23 -23 -2 -16 -23 -4 -2 -8 -4 -21 -19 -15 -8 -14 -8 0 -2 0 0 0 0 0 0 0 0 ]
CSI_DATA,AP,68:FE:71:12:53:8C,-41,11,1,6,1,1,1,1,0,0,0,-95,6,6,1,63747663,0,84,0,0,63.748,384,[84 -64 4 0 0 0 0 0 0 0 0 0 4 -12 -1 -20 -5 -12 3 -24 -18 -26 0 -10 1 -25 2 -27 -11 -14 -10 -25 -5 -27 8 -19 -4 -32 -14 -21 10 -19 -8 -18 4 -7 -1 -22 -4 -31 -8 -8 10 -24 3 -22 -2 -9 -11 -17 -10 -23 5 -27 -7 -4 -5 -12 -6 -26 8 -17 -8 -5 7 -13 -4 -25 -13 -23 2 -22 -6 -16 -1 -10 2 -17 3 -26 -12 -23 -1 -4 6 -11 -11 -7 -6 -20 -8 -7 -11 -23 -5 -19 -9 -9 -19 -23 -10 -12 -13 -18 3 -22 -13 -14 6 3 0 0 0 0 0 0 0 0 ]
CSI_DATA,AP,68:FE:71:12:53:8C,-43,11,1,5,1,1,1,0,0,0,0,-94,0,6,1,63831660,0,84,0,0,63.832,384,[84 -64 4 0 0 0 0 0 0 0 0 0 -14 13 -16 17 -7 14 -7 23 -23 23 -14 4 -17 21 -23 8 -22 12 -14 21 -12 16 -28 10 -15 6 -29 10 -23 20 -21 16 -13 2 -21 6 -23 -1 -17 3 -11 15 -17 7 -12 0 -8 8 -26 9 -26 14 0 6 -15 14 -12 20 -13 9 -24 13 -3 4 -10 2 -12 21 -1 4 -8 14 -12 3 -16 21 0 17 -1 1 -21 22 -9 15 -1 22 -2 7 -12 3 -21 4 -9 5 -10 1 -8 7 -6 22 -6 15 -18 1 -17 14 -5 -6 0 0 0 0 0 0 0 0 ]
CSI_DATA,AP,68:FE:71:12:53:8C,-37,11,0,0,0,0,0,1,0,0,0,-94,3,6,1,63897766,0,37,0,0,63.898,128,[84 -64 4 0 0 0 0 0 0 0 0 0 -17 -12 -23 -20 -20 -15 -18 -26 -17 -25 -16 -19 0 -27 -10 -29 -9 -8 -11 -8 2 -16 -9 -12 -9 -20 -6 -27 -4 -13 -13 -21 0 -17 -1 -13 4 -24 4 -19 -16 -26 -2 -18 6 -20 -13 -16 0 -17 -15 -23 -10 -7 -1 -15 1 -23 -3 -23 -6 -16 -10 -12 -16 -14 -12 -17 -9 -14 -4 -18 -3 -6 -22 -6 -1 -15 -9 -28 -16 -25 -7 -11 -10 -28 -22 -20 -19 -26 -13 -19 -1 -18 -3 -10 -19 -16 -6 -2 -4 -20 -18 -18 -23 -7 -5 10 0 0 0 0 0 0 0 0 ]
CSI_DATA,AP,68:FE:71:12:53:8C,-43,11,1,6,1,1,1,0,0,0,0,-96,0,6,1,64026949,0,84,0,0,64.027,384,[84 -64 4 0 0 0 0 0 0 0 0 0 0 -16 -5 -15 -10 -14 -8 -25 7 -32 -13 -16 8 -33 -7 -28 10 -11 10 -23 -2 -17 -1 -28 2 -30 6 -28 9 -26 12 -33 -6 -29 -2 -29 -10 -20 1 -16 -5 -19 -7 -19 4 -27 6 -23 -4 -14 14 -23 -5 5 10 -24 0 -7 -6 -8 -1 -6 2 -26 4 -15 5 -27 -8 -23 4 -24 -5 -26 7 -10 -13 -9 -13 -18 3 -11 -14 -30 -2 -9 -16 -11 2 -8 -8 -19 1 -19 -15 -21 4 -24 2 -23 -4 -6 -16 -20 -17 -11 6 -5 0 0 0 0 0 0 0 0 ]
CSI_DATA,AP,68:FE:71:12:53:8C,-42,11,0,0,0,0,0,0,0,0,0,-95,0,6,1,64124693,0,37,0,0,64.125,128,[84 -64 4 0 0 0 0 0 0 0 0 0 14 16 20 20 29 13 18 2 22 12 9 22 29 13 27 21 28 21 21 0 4 14 21 14 23 3 20 4 7 16 8 18 3 8 12 7 17 0 17 13 16 8 11 5 17 15 9 5 17 7 14 6 9 -8 2 10 11 3 7 7 10 18 20 5 4 20 25 22 14 2 23 15 18 -4 3 -1 6 5 25 10 16 2 20 17 24 5 18 5 13 1 21 16 12 6 15 6 11 -7 12 17 10 13 11 -3 28 16 -1 -9 0 0 0 0 0 0 0 0 ]
CSI_DATA,AP,68:FE:71:12:53:8C,-39,11,1,4,1,1,1,0,0,0,0,-95,0,6,1,64215963,0,84,0,0,64.216,384,[84 -64 4 0 0 0 0 0 0 0 0 0 -24 -13 -15 -19 -15 -1 -21 -18 -21 -14 -26 -6 -21 -25 -21 -21 -17 -15 -18 -2 -27 -17 -26 -17 -23 -25 -20 -4 -21 -9 -12 -22 -14 -12 -16 -16 -3 -7 -22 -8 -12 -23 -16 -11 -1 -12 -23 -24 -6 -12 -24 -13 3 10 -5 -19 -2 -5 -21 -4 -11 -2 -15 -1 -11 -13 -3 -21 -14 -14 -3 -18 -17 1 -16 -15 -14 0 -8 4 -27 -7 -23 -9 -5 -12 -24 -15 -13 -15 -20 -17 -14 -1 -6 -9 -20 -5 -25 -9 -24 2 -14 5 -25 -12 -7 12 0 0 0 0 0 0 0 0 ]
CSI_DATA,AP,68:FE:71:12:53:8C,-41,11,1,5,1,1,1,0,0,0,0,-95,0,6,1,64285471,0,84,0,0,64.285,384,[84 -64 4 0 0 0 0 0 0 0 0 0 1 -21 -1 -23 5 -33 8 -35 9 -13 -5 -34 8 -22 2 -18 14 -11 17 -32 5 -12 -3 -13 11 -27 14 -31 -2 -7 6 -17 6 -10 -3 -19 10 -14 5 -12 14 -21 3 -21 11 -24 -6 -22 0 -23 0 -30 -12 3 15 -12 11 -12 -5 -18 -8 -17 -7 -23 -3 -17 9 -13 -7 -15 4 -30 10 -23 6 -25 14 -9 -6 -13 0 -14 2 -8 -1 -24 -9 -7 9 -20 7 -9 6 -25 6 -14 1 -10 -13 -30 -8 -15 11 -11 2 -28 0 5 0 0 0 0 0 0 0 0 ]
CSI_DATA,AP,68:FE:71:12:53:8C,-39,11,1,4,1,1,1,0,0,0,0,-95,0,6,1,64382724,0,84,0,0,64.383,384,[84 -64 4 0 0 0 0 0 0 0 0 0 18 13 29 8 10 10 28 -5 24 4 20 10 28 10 26 7 9 1 12 -2 22 9 23 17 27 8 27 14 17 10 13 3 8 19 25 17 6 19 12 14 30 17 7 -1 12 -1 10 17 8 2 7 1 -11 12 21 3 23 -5 12 11 5 1 21 8 24 -2 13 2 18 -1 10 15 24 1 21 -1 22 0 18 11 17 0 6 11 28 10 18 2 21 -4 17 -2 7 6 21 -12 23 -5 14 -2 21 -11 10 -13 26 0 4 5 0 0 0 0 0 0 0 0 ]
CSI_DATA,AP,68:FE:71:12:53:8C,-46,11,1,3,1,1,1,0,0,0,0,-93,0,6,1,64492722,0,84,0,0,64.493,384,[84 -64 4 0 0 0 0 0 0 0 0 0 21 -8 10 -8 29 -11 14 -16 27 -2 31 5 14 -5 10 -4 26 1 23 -8 23 -10 25 3 32 -8 9 -1 20 3 22 4 12 -9 23 8 29 10 22 -6 9 -2 13 6 23 -6 10 -1 8 -6 5 -6 12 -2 28 -7 6 -11 9 3 29 3 9 3 16 -11 5 7 18 -5 8 -5 22 9 20 -7 17 -8 16 -7 26 -11 18 6 22 -1 13 -6 20 -17 17 5 19 -7 17 -8 9 5 6 -9 25 2 17 4 26 -13 -5 -3 0 0 0 0 0 0 0 0 ]
CSI_DATA,AP,68:FE:71:12:53:8C,-40,11,1,4,1,1,1,0,0,0,0,-93,0,6,1,64554880,0,84,0,0,64.555,384,[84 -64 4 0 0 0 0 0 0 0 0 0 19 9 27 19 19 23 17 13 19 1 5 22 9 17 11 26 21 5 4 21 25 13 9 1 8 5 3 17 23 23 22 26 22 6 7 22 13 3 14 15 0 13 13 1 4 3 6 10 19 13 20 12 -6 1 6 16 -1 2 24 3 -1 15 14 14 -1 10 23 14 11 13 4 2 7 -1 25 -2 9 20 7 16 16 14 9 11 8 11 18 6 23 -7 10 6 21 17 20 17 18 -3 26 5 3 16 7 11 7 -8 -11 -2 0 0 0 0 0 0 0 0 ]
CSI_DATA,AP,68:FE:71:12:53:8C,-41,11,1,5,1,1,1,0,0,0,0,-94,0,6,1,64604561,0,84,0,0,64.605,384,[84 -64 4 0 0 0 0 0 0 0 0 0 -27 -23 -12 -18 -17 -16 -22 -4 -24 -12 -4 -5 -13 -23 -22 -5 -18 -25 -1 -25 -10 -10 -3 -29 -24 -18 -13 -9 1 -5 -11 -22 -16 -13 -5 -21 -11 -26 -21 -12 -10 -17 -21 -5 -14 -20 -11 -10 -4 -22 -18 -23 3 -1 -2 -6 -15 -3 -22 -5 -20 -11 -10 -22 -25 -11 -20 -13 -14 -15 -5 -7 -5 -21 -13 -9 -14 0 -24 -2 -19 -3 -18 -1 -5 -9 -16 -16 -7 -13 -21 -14 -12 -6 -21 -3 -6 -3 -26 -11 -26 -13 -12 -4 -7 -16 -7 -11 0 0 0 0 0 0 0 0 ]
CSI_DATA,AP,68:FE:71:12:53:8C,-37,11,1,6,1,1,1,0,0,0,0,-94,0,6,1,64705988,0,84,0,0,64.706,384,[84 -64 4 0 0 0 0 0 0 0 0 0 -29 -2 -20 -8 -19 10 -32 12 -17 3 -17 -5 -21 -1 -32 11 -30 10 -9 -5 -25 8 -21 -2 -31 -14 -19 0 -20 9 -30 -4 -25 -12 -28 -9 -7 3 -7 0 -13 6 -9 3 -25 -14 -15 -14 -17 5 -20 10 6 10 -27 -11 -24 5 -30 -7 -15 -4 -5 -6 -24 8 -19 8 -7 -1 -29 10 -26 -2 -10 2 -8 0 -28 11 -20 -6 -5 -7 -22 17 -22 9 -5 7 -29 16 -16 2 -14 4 -19 3 -21 8 -22 -4 -15 0 -12 14 -8 -2 0 0 0 0 0 0 0 0 ]
CSI_DATA,AP,68:FE:71:12:53:8C,-42,11,1,5,1,1,1,0,0,0,0,-95,0,6,1,64765416,0,84,0,0,64.765,384,[84 -64 4 0 0 0 0 0 0 0 0 0 -10 -15 -32 -10 -31 -2 -12 0 -13 -11 -15 -16 -27 1 -17 1 -26 -13 -32 -20 -28 -16 -27 -5 -31 -2 -8 -16 -11 -20 -19 -14 -11 0 -21 -19 -10 -14 -11 -20 -5 -10 -25 -18 -20 -1 -14 -14 -9 3 -14 -15 -4 12 -4 0 -15 -18 -26 -18 -22 -16 -21 -12 -8 6 -8 3 -26 -6 -8 4 -16 -11 -21 -8 -12 -7 -6 8 -17 0 -22 -6 -20 -2 -26 -15 -6 -14 -27 0 -28 -6 -9 -12 -21 9 -29 -5 -20 -12 -21 1 -26 8 9 -7 0 0 0 0 0 0 0 0 ]
CSI_DATA,AP,68:FE:71:12:53:8C,-42,11,0,0,0,0,0,0,0,0,0,-95,0,6,1,64851284,0,37,0,0,64.851,128,[84 -64 4 0 0 0 0 0 0 0 0 0 -21 6 -28 1 -20 17 -24 9 -28 15 -12 13 -17 -5 -19 13 -14 -2 -13 3 -21 1 -31 11 -26 -5 -25 -6 -7 12 -12 -8 -7 10 -18 3 -13 7 -30 1 -16 13 -29 8 -27 -6 -23 12 -26 7 -23 -1 7 -6 -25 15 -21 -5 -21 6 -26 2 -7 9 -25 13 -9 -7 -18 10 -4 -1 -13 -2 -27 9 -17 0 -3 5 -26 -2 -6 -1 -11 -3 -5 17 -7 14 -17 5 -25 8 -3 18 -20 1 -17 12 -9 11 -22 17 -20 19 5 3 0 0 0 0 0 0 0 0 ]
CSI_DATA,AP,68:FE:71:12:53:8C,-39,11,1,4,1,1,1,0,0,0,0,-96,0,6,1,64911071,0,84,0,0,64.911,384,[84 -64 4 0 0 0 0 0 0 0 0 0 0 24 3 8 9 21 5 27 8 27 16 15 -2 14 -1 25 6 23 -3 28 1 32 7 9 15 15 12 26 4 9 -2 23 -4 31 8 18 -1 9 -1 22 -8 6 5 17 3 20 -2 17 3 12 2 17 6 -10 -1 12 13 16 -10 26 0 14 8 17 -4 14 -9 24 6 8 2 14 -3 25 6 9 10 15 1 24 9 10 -1 8 4 5 2 24 8 20 -1 15 9 9 3 4 12 19 -3 23 21 3 11 25 -2 5 -9 -2 0 0 0 0 0 0 0 0 ]
CSI_DATA,AP,68:FE:71:12:53:8C,-43,11,1,4,1,1,1,0,0,0,0,-94,0,6,1,64974979,0,84,0,0,64.975,384,[84 -64 4 0 0 0 0 0 0 0 0 0 -7 14 -9 22 7 31 -7 31 -6 31 9 26 8 12 -14 21 -5 30 5 26 -1 32 -11 12 -16 32 -15 12 -16 13 -2 24 -11 7 5 17 -10 6 7 25 -12 8 4 29 5 11 4 10 1 29 -12 25 10 -8 -10 8 2 8 6 27 -13 28 6 12 7 25 -14 13 10 28 -2 24 2 4 4 5 6 21 -4 27 8 20 -2 20 -3 8 -7 12 -1 9 7 7 11 9 5 17 1 4 -2 26 10 16 0 11 -10 4 4 4 0 0 0 0 0 0 0 0 ]
CSI_DATA,AP,68:FE:71:12:53:8C,-40,11,1,6,1,1,1,0,0,0,0,-94,0,6,1,65071178,0,84,0,0,65.071,384,[84 -64 4 0 0 0 0 0 0 0 0 0 7 -30 2 -28 1 -7 10 -17 17 -19 10 -7 21 -22 3 -6 15 -27 3 -12 20 -7 2 -16 24 -12 22 -14 24 -23 8 -14 12 -7 24 -2 3 -18 24 -11 0 -11 9 -24 0 -20 9 -13 20 -10 17 -15 -5 9 0 -13 11 -11 18 -9 13 -7 8 -2 3 -21 19 -4 9 -17 7 -5 11 -15 16 -8 4 -2 0 -7 12 -28 11 -13 -1 -16 4 -23 5 -11 -3 -4 2 -14 9 -8 11 -14 5 -20 -8 -6 7 -9 15 -4 -3 -5 0 0 0 0 0 0 0 0 ]
CSI_DATA,AP,68:FE:71:12:53:8C,-40,11,1,5,1,1,1,0,0,0,0,-93,0,6,1,65140893,0,84,0,0,65.141,384,[84 -64 4 0 0 0 0 0 0 0 0 0 14 -21 22 -4 13 -5 17 -22 14 -18 7 2 14 -13 7 -4 21 -15 25 -20 28 -10 8 -8 9 -12 29 -13 29 -17 25 4 14 5 21 -10 17 -19 11 -10 12 -6 14 -18 16 0 4 -1 9 1 18 -2 -9 9 5 0 13 -3 8 -16 6 -6 3 -19 6 -14 15 3 19 -17 10 1 22 -17 21 -1 24 -7 11 -12 1 -11 2 -20 2 -14 4 -13 5 -17 3 -7 7 -4 21 -6 6 -19 22 -2 1 -24 1 -4 12 -24 -11 -9 0 0 0 0 0 0 0 0 ]
CSI_DATA,AP,68:FE:71:12:53:8C,-43,11,1,5,1,1,1,0,0,0,0,-94,0,6,1,65220273,0,84,0,0,65.22,384,[84 -64 4 0 0 0 0 0 0 0 0 0 -8 2 -9 1 -31 4 -23 16 -18 14 -21 1 -25 3 -17 4 -11 12 -19 -5 -32 6 -28 6 -27 2 -30 7 -22 9 -28 1 -23 -13 -8 -12 -15 -9 -27 1 -9 -7 -31 8 -11 7 -20 4 -8 -10 -6 -11 11 4 -24 7 -12 -9 -24 -2 -22 -5 -18 -13 -29 4 -5 -4 -8 0 -19 2 -27 -9 -27 -8 -10 1 -5 -3 -8 7 -25 -3 -5 -1 -5 11 -16 11 -16 11 -17 -5 -18 3 -15 3 -9 -7 -20 14 -18 9 -16 -5 6 9 0 0 0 0 0 0 0 0 ]
CSI_DATA,AP,68:FE:71:12:53:8C,-41,11,1,6,1,1,1,0,0,0,0,-96,0,6,1,65337139,0,84,0,0,65.337,384,[84 -64 4 0 0 0 0 0 0 0 0 0 -9 -23 10 -18 -1 -19 -3 -28 -8 -13 -5 -14 -1 -23 11 -30 8 -15 10 -25 2 -10 -4 -33 -8 -22 11 -27 12 -13 -4 -28 -5 -27 -1 -10 2 -12 10 -9 -7 -14 10 -23 4 -6 6 -13 7 -7 8 -11 -9 1 9 -7 -3 -19 -5 -24 -9 -14 11 -9 8 -25 15 -16 -4 -16 6 -19 1 -27 -4 -30 12 -20 11 -10 8 -29 10 -10 -11 -26 7 -23 6 -16 -3 -7 -8 -6 11 -22 6 -30 -13 -8 -5 -30 -2 -11 -8 -16 5 12 0 0 0 0 0 0 0 0 ]
CSI_DATA,AP,68:FE:71:12:53:8C,-43,11,1,4,1,1,1,0,0,0,1,-93,0,6,1,65404365,0,84,0,0,65.404,384,[84 -64 4 0 0 0 0 0 0 0 0 0 -23 -20 -11 -9 -17 -6 -7 -29 -20 -24 -15 -29 -10 -11 -13 -19 -9 -7 -9 -9 -18 -29 -16 -22 -7 -29 -8 -26 1 -15 -8 -14 -1 -15 2 -27 0 -18 4 -29 -4 -26 -8 -16 -12 -26 -8 -25 -19 -11 -4 -28 8 2 -6 -13 -3 -16 -15 -23 4 -7 -3 -11 -7 -13 -16 -13 -6 -8 -10 -6 -5 -17 -20 -27 -9 -13 -2 -11 -16 -12 -17 -6 -6 -16 0 -18 -22 -9 0 -22 -4 -12 -2 -25 -14 -5 -22 -6 -9 -6 -3 -19 -3 -8 -10 -4 0 0 0 0 0 0 0 0 ]
CSI_DATA,AP,68:FE:71:12:53:8C,-42,11,1,4,1,1,1,0,0,0,0,-96,0,6,1,65490832,0,84,0,0,65.491,384,[84 -64 4 0 0 0 0 0 0 0 0 0 -6 -22 -2 -5 -3 -25 -18 -22 -12 -15 -3 -6 -1 -25 -7 -15 -4 -17 -1 -28 -2 -12 -11 -27 -16 -16 4 -22 5 -13 -18 -16 -9 -11 -4 -7 -4 -13 -4 -6 -1 -6 -3 -30 -10 -13 -13 -13 6 -17 -17 -14 -1 9 4 -24 5 -23 -4 -25 -2 -17 -9 -23 -3 -16 -6 -6 -17 -3 2 -25 -13 -3 -11 -18 -3 -13 -4 -9 -17 -23 -5 -25 -5 -9 -19 -3 1 -4 -15 -6 -22 -6 -5 -3 -18 -22 -3 -17 -22 -16 -15 -9 -16 -18 0 -3 0 0 0 0 0 0 0 0 ]
CSI_DATA,AP,68:FE:71:12:53:8C,-40,11,1,5,1,1,1,0,0,0,0,-94,0,6,1,65574514,0,84,0,0,65.575,384,[84 -64 4 0 0 0 0 0 0 0 0 0 5 -17 9 -25 -11 -11 1 -16 -12 -32 -6 -15 7 -16 6 -33 7 -26 8 -22 -1 -29 15 -20 8 -17 4 -12 1 -20 -6 -11 4 -25 12 -17 2 -11 -7 -15 14 -17 14 -15 -1 -16 13 -16 -4 -26 16 -22 -6 -8 -6 -28 11 -8 4 -8 1 -15 -10 -18 -11 -13 13 -8 -3 -26 -12 -13 11 -29 4 -28 -8 -5 -12 -24 4 -6 -10 -19 0 -8 -9 -22 0 -19 2 -15 -5 -25 6 -15 -14 -10 4 -8 -2 -14 -2 -9 -13 -14 -3 3 0 0 0 0 0 0 0 0 ]
CSI_DATA,AP,68:FE:71:12:53:8C,-37,11,1,7,1,1,1,0,0,0,0,-93,0,6,1,65669971,0,84,0,0,65.67,384,[84 -64 4 0 0 0 0 0 0 0 0 0 22 7 8 10 12 2 13 24 16 16 12 18 3 19 1 23 0 15 19 14 17 7 8 10 4 8 13 7 16 9 4 20 -5 26 18 13 8 2 -2 18 16 19 3 21 7 7 10 5 7 11 13 13 -10 7 7 11 8 17 9 19 7 19 -3 6 19 11 6 21 16 8 6 15 6 8 12 18 21 23 15 7 10 12 13 16 3 5 -2 8 8 19 12 19 15 14 19 5 10 20 15 2 20 6 18 7 8 10 8 -10 0 0 0 0 0 0 0 0 ]
CSI_DATA,AP,68:FE:71:12:53:8C,-42,11,1,4,1,1,1,0,0,0,0,-96,0,6,1,65782394,0,84,0,0,65.782,384,[84 -64 4 0 0 0 0 0 0 0 0 0 -2 24 -8 20 -3 19 -14 23 8 24 -3 27 -5 6 -4 27 5 19 -8 13 -17 5 -5 26 -10 13 -5 24 -4 26 -14 25 -7 5 3 20 -8 8 -7 25 -12 12 -16 10 -1 17 -7 13 -8 25 -18 3 6 -12 -5 23 -1 8 -16 26 -10 14 -5 3 -14 21 -3 10 6 26 -2 9 -8 24 -2 21 -4 19 -7 4 7 24 -6 5 -13 10 -5 6 -2 4 -4 3 11 14 2 19 -7 15 -12 12 4 14 2 12 -5 18 4 7 0 0 0 0 0 0 0 0 ]
CSI_DATA,AP,68:FE:71:12:53:8C,-39,11,1,4,1,1,1,0,0,0,0,-93,0,6,1,65873808,0,84,0,0,65.874,384,[84 -64 4 0 0 0 0 0 0 0 0 0 -3 -17 -5 -29 -19 -15 -10 -25 -3 -22 -19 -13 0 -14 -6 -17 -11 -12 -12 -12 -11 -19 2 -16 -14 -17 -5 -29 -9 -23 -7 -30 6 -23 2 -13 -13 -16 1 -31 5 -17 0 -24 -13 -12 0 -23 -13 -30 -14 -20 -2 9 -14 -16 -3 -21 3 -22 -8 -7 -5 -7 -2 -27 -9 -28 -11 -19 -16 -4 -11 -23 0 -8 -13 -14 -3 -9 -4 -26 -20 -15 -4 -17 -7 -27 -19 -6 -1 -27 -5 -7 -1 -21 -11 -2 -4 -14 -22 -15 -4 -21 -19 -9 -8 8 0 0 0 0 0 0 0 0 ]
CSI_DATA,AP,68:FE:71:12:53:8C,-38,11,1,6,1,1,1,0,0,0,0,-95,0,6,1,65944137,0,84,0,0,65.944,384,[84 -64 4 0 0 0 0 0 0 0 0 0 -39 -12 -16 -11 -20 -13 -18 -25 -18 -17 -33 -9 -17 -31 -22 -34 -33 -14 -17 -31 -28 -20 -26 -19 -16 -36 -17 -19 -20 -32 -14 -32 -24 -28 -12 -18 -19 -30 -18 -28 -26 -12 -9 -33 -6 -26 -15 -25 -5 -25 -27 -14 7 10 -26 -9 -10 -23 -11 -28 -8 -22 -19 -15 -28 -5 -13 -5 -12 -18 -19 -20 -28 -22 -15 -8 -15 -8 -25 -13 -8 1 -8 -12 -22 -18 -7 -11 -27 2 -12 -16 -9 2 -22 -3 -7 -17 -22 -5 -15 -14 -28 -9 -19 -5 -10 -4 0 0 0 0 0 0 0 0 ]
CSI_DATA,AP,68:FE:71:12:53:8C,-38,11,1,7,1,1,1,0,0,0,0,-94,0,6,1,66051089,0,82,0,0,66.051,384,[84 -64 4 0 0 0 0 0 0 0 0 0 -1 -16 7 -12 14 -22 10 -21 -3 -21 2 -24 7 -5 18 -15 17 -21 12 -1 15 -6 10 -22 16 -17 10 -1 19 -11 3 -2 15 -10 -2 -23 3 -6 1 -24 5 0 21 -14 21 -18 3 -10 -1 -11 11 -17 -7 3 11 -2 3 -15 17 -14 6 -2 3 -4 10 -10 12 -16 2 -5 16 -20 8 -16 -6 -23 -5 -9 -3 -1 12 -5 2 -23 3 -25 3 -23 4 -3 -5 -6 5 -19 -6 -21 0 -5 -5 -7 -8 -16 8 -15 13 -21 12 -3 0 0 0 0 0 0 0 0 ]
CSI_DATA,AP,68:FE:71:12:53:8C,-41,11,1,6,1,1,1,0,0,0,0,-94,0,6,1,66135693,0,84,0,0,66.136,384,[84 -64 4 0 0 0 0 0 0 0 0 0 10 20 6 12 4 13 18 13 22 18 18 11 5 7 10 24 19 12 -3 7 16 16 4 19 -4 19 15 7 1 11 0 5 12 21 9 3 -2 10 4 23 0 6 1 17 0 7 15 12 -5 10 5 17 9 9 3 2 11 7 -4 6 10 14 2 0 2 1 -4 0 13 11 10 23 8 6 -3 13 2 6 14 13 16 16 11 -1 12 20 3 7 9 4 1 21 2 17 13 1 4 -3 12 19 22 21 17 -2 16 2 0 -5 0 0 0 0 0 0 0 0 ]
CSI_DATA,AP,68:FE:71:12:53:8C,-41,11,1,5,1,1,1,0,0,0,0,-93,0,6,1,66212532,0,84,0,0,66.213,384,[84 -64 4 0 0 0 0 0 0 0 0 0 39 -3 43 3 44 9 26 0 43 2 33 2 39 11 19 1 43 3 26 11 43 -1 32 13 20 6 34 4 32 -5 41 12 29 -7 24 9 22 11 22 7 27 15 36 7 34 -5 40 1 29 4 26 8 12 -6 23 2 26 -7 17 5 38 -3 17 4 29 10 21 -2 16 -7 27 -8 16 -12 21 -8 27 3 35 5 25 4 26 5 36 7 25 -2 16 4 36 -10 22 3 30 4 37 -9 37 -16 25 -15 23 -5 36 2 10 11 0 0 0 0 0 0 0 0 ]
CSI_DATA,AP,68:FE:71:12:53:8C,-41,11,1,4,1,1,1,0,0,0,0,-93,0,6,1,66308870,0,84,0,0,66.309,384,[84 -64 4 0 0 0 0 0 0 0 0 0 41 2 27 15 31 -2 22 5 31 9 41 11 42 19 39 20 32 3 23 16 21 13 25 11 29 17 22 7 37 4 41 17 17 0 18 3 18 3 14 11 17 23 36 8 29 0 16 24 35 17 16 1 -5 5 31 16 18 19 26 17 36 -3 24 1 15 4 25 8 22 -2 31 -4 34 -7 27 17 25 7 29 -2 31 8 36 4 26 12 31 12 34 11 19 -5 34 -4 39 14 25 10 37 -3 25 -12 24 10 19 -1 4 7 0 0 0 0 0 0 0 0 ]
CSI_DATA,AP,68:FE:71:12:53:8C,-43,11,1,6,1,1,1,0,0,0,0,-94,0,6,1,66379998,0,84,0,0,66.38,384,[84 -64 4 0 0 0 0 0 0 0 0 0 -9 22 -6 21 -2 11 -11 29 -12 21 -18 18 -24 17 -19 21 -20 6 -15 15 -15 7 -26 22 -3 20 -7 26 -26 26 -15 28 -9 19 -8 25 -23 4 -5 9 -2 7 -14 19 -12 14 -21 4 -21 4 -7 6 2 5 -20 21 -1 17 -18 18 -6 9 -12 16 -14 26 2 12 -13 21 -19 27 3 13 -9 26 -11 22 -15 20 1 8 -12 26 -5 21 -13 27 7 23 -8 23 1 6 8 7 6 12 -3 20 3 19 -5 8 -3 5 -10 -3 0 0 0 0 0 0 0 0 ]
CSI_DATA,AP,68:FE:71:12:53:8C,-39,11,1,5,1,1,1,0,0,0,0,-95,0,6,1,66474906,0,84,0,0,66.475,384,[84 -64 4 0 0 0 0 0 0 0 0 0 -12 22 -11 31 -8 27 0 19 -6 12 7 28 -11 15 0 23 4 13 -6 14 -2 30 -10 19 -10 20 -5 13 -3 15 -5 23 -15 21 1 21 -4 6 4 4 1 7 -4 5 -13 24 -17 11 3 10 7 20 -7 -1 7 23 -8 20 7 16 -13 4 -9 6 -7 27 -1 8 -12 7 -14 26 -11 16 -5 23 -11 6 11 20 -8 20 -4 7 -12 27 10 9 0 18 7 4 10 6 -8 17 -10 16 -5 20 4 19 9 3 13 2 -5 6 0 0 0 0 0 0 0 0 ]
CSI_DATA,AP,68:FE:71:12:53:8C,-42,11,1,5,1,1,1,0,0,0,0,-96,0,6,1,66551980,0,84,0,0,66.552,384,[84 -64 4 0 0 0 0 0 0 0 0 0 -17 13 1 15 -21 11 -24 8 -9 24 -19 14 -20 8 -7 16 -6 7 -22 0 -18 16 -1 20 -8 19 -1 11 -2 -2 -10 5 -15 18 -19 3 -15 13 -4 19 0 -5 -18 8 -16 18 -13 3 1 8 -8 16 -12 -7 -13 11 0 -2 -8 -3 -2 17 -7 9 0 6 5 21 6 -2 6 14 -15 14 -4 19 0 18 -3 0 0 -1 -10 0 1 19 -4 6 0 15 -15 10 6 16 -15 13 9 18 -8 12 7 2 8 23 -13 23 10 -5 0 0 0 0 0 0 0 0 ]
CSI_DATA,AP,68:FE:71:12:53:8C,-44,11,1,4,1,1,1,0,0,0,0,-96,0,6,1,66644991,0,84,0,0,66.645,384,[84 -64 4 0 0 0 0 0 0 0 0 0 29 -6 12 13 16 11 17 3 24 2 28 -3 28 -7 5 4 13 7 21 7 17 9 5 0 11 10 14 17 16 4 10 14 17 -1 21 11 20 0 9 9 5 3 19 9 10 12 2 5 10 6 13 -3 7 9 18 -12 6 10 22 7 18 -6 10 1 -2 2 -1 1 3 3 0 -4 5 -13 4 0 0 7 0 -10 2 -10 19 -6 -1 -5 9 -2 15 -16 7 3 11 -10 18 -2 -3 -17 13 1 3 -1 17 3 13 -16 -8 4 0 0 0 0 0 0 0 0 ]
CSI_DATA,AP,68:FE:71:12:53:8C,-44,11,1,5,1,1,1,0,0,0,0,-94,0,6,1,66755168,0,84,0,0,66.755,384,[84 -64 4 0 0 0 0 0 0 0 0 0 19 -12 8 3 23 5 33 -15 13 4 20 -1 14 -13 21 4 22 4 21 -7 17 8 19 -12 11 10 14 -11 20 -2 6 11 24 3 25 9 9 7 21 -12 19 -3 22 -8 17 6 4 -9 14 3 22 8 1 9 12 -1 7 2 0 7 2 -12 16 -9 17 -5 5 3 19 -2 10 7 3 5 16 -3 1 -17 13 0 17 2 8 -12 -5 -8 18 -6 10 -4 -1 -18 18 -11 -4 -19 2 -3 3 -19 3 -7 -2 -8 -4 -11 2 11 0 0 0 0 0 0 0 0 ]
CSI_DATA,AP,68:FE:71:12:53:8C,-41,11,0,0,0,0,0,0,0,0,0,-95,0,6,1,66834025,0,37,0,0,66.834,128,[84 -64 4 0 0 0 0 0 0 0 0 0 -32 -17 -20 -5 -9 -8 -15 -5 -30 -20 -18 -19 -20 -13 -21 -12 -22 -4 -2 -11 -12 -20 -18 -9 -20 -19 -11 -18 -5 -27 -14 -10 -3 -16 -21 -3 -8 -4 -15 -4 2 -22 -19 -7 0 -20 -7 -14 -21 -8 -6 -17 -2 -4 -10 -18 -3 5 -9 -7 -15 -1 -17 4 -21 -8 -3 -16 -17 -2 -13 2 -3 0 -5 -2 1 -9 -15 6 -6 5 -18 8 -20 7 -22 12 1 7 -1 -11 -19 11 -19 4 -5 -9 -19 -1 -7 11 -20 -1 -9 4 -8 2 0 0 0 0 0 0 0 0 ]
