type,role,mac,rssi,rate,sig_mode,mcs,bandwidth,smoothing,not_sounding,aggregation,stbc,fec_coding,sgi,noise_floor,ampdu_cnt,channel,secondary_channel,local_timestamp,ant,sig_len,rx_state,real_time_set,real_timestamp,len,CSI_DATA
CSI_DATA,AP,68:FE:71:12:53:8C,-41,11,1,6,1,1,1,1,0,0,0,-93,2,6,1,6913187,0,84,0,0,6.9132,384,[82 -96 4 0 0 0 0 0 0 0 0 0 -17 -9 -14 -4 -16 -8 -20 -7 -20 -10 -17 -11 -12 -7 -19 -10 -15 -8 -12 -12 -17 -8 -15 -13 -14 -12 -17 -11 -14 -13 -11 -14 -12 -11 -13 -9 -16 -11 -14 -11 -14 -7 -12 -8 -15 -7 -15 -7 -14 -11 -15 -11 3 3 -15 -7 -12 -7 -13 -10 -16 -10 -13 -8 -10 -9 -14 -4 -15 -6 -10 -4 -13 -6 -13 -4 -15 -4 -14 -8 -15 -5 -13 -7 -13 -6 -11 -8 -17 -5 -13 -7 -17 -3 -13 -4 -14 -5 -12 -5 -16 -3 -17 -1 -17 -5 -3 1 0 0 0 0 0 0 0 0 ]
CSI_DATA,AP,68:FE:71:12:53:8C,-40,11,1,4,1,1,1,0,0,0,1,-95,0,6,1,6994918,0,82,0,0,6.9949,384,[84 -64 4 0 0 0 0 0 0 0 0 0 -4 18 -6 22 -4 16 -4 18 -7 18 -6 19 -8 18 -4 18 -5 16 -6 18 -10 14 -6 17 -6 17 -9 13 -8 17 -10 18 -7 12 -11 16 -7 15 -9 15 -10 13 -6 17 -8 12 -10 13 -6 14 -7 16 -1 3 -5 17 -8 15 -9 16 -3 13 -8 18 -7 17 -5 11 -8 15 -7 13 -6 13 -4 17 -6 11 -1 12 -1 13 -6 17 -3 16 -6 14 0 14 -5 18 -4 16 -5 12 -4 15 0 12 -4 14 -4 15 0 17 1 -3 0 0 0 0 0 0 0 0 ]
CSI_DATA,AP,68:FE:71:12:53:8C,-38,11,1,7,1,1,1,0,0,0,0,-95,0,6,1,7102064,0,84,0,0,7.1021,384,[84 -64 4 0 0 0 0 0 0 0 0 0 -3 -17 -5 -18 -6 -17 -7 -22 -5 -16 -6 -21 1 -18 -1 -20 -4 -16 -2 -17 -2 -17 0 -21 1 -15 -2 -18 0 -17 -1 -16 -1 -18 -2 -17 3 -14 -3 -19 2 -18 2 -18 1 -19 0 -19 1 -17 -2 -15 -1 1 -3 -18 1 -13 2 -13 1 -14 -3 -14 -1 -17 -3 -11 -4 -13 0 -18 -3 -15 -6 -14 -6 -14 -5 -17 -4 -11 -2 -17 -4 -17 -2 -12 -4 -16 -4 -11 -3 -16 -5 -11 -9 -11 -4 -13 -6 -14 -6 -10 -7 -10 1 1 0 0 0 0 0 0 0 0 ]
CSI_DATA,AP,68:FE:71:12:53:8C,-39,11,1,5,1,1,1,0,0,0,0,-95,0,6,1,7167542,0,84,0,0,7.1675,384,[84 -64 4 0 0 0 0 0 0 0 0 0 17 10 15 8 16 7 15 8 16 11 14 10 15 11 13 12 14 12 15 11 16 12 15 13 15 15 13 10 13 10 12 13 13 10 14 10 9 16 10 12 13 9 12 12 13 13 11 11 9 10 10 9 -3 1 13 9 8 14 13 13 9 11 12 10 12 9 13 7 11 6 9 7 11 10 14 8 10 7 13 11 16 9 9 6 16 4 12 5 16 4 11 3 13 8 14 8 10 8 11 3 15 5 17 5 16 7 3 0 0 0 0 0 0 0 0 0 ]
CSI_DATA,AP,68:FE:71:12:53:8C,-43,11,1,6,1,1,1,1,0,0,0,-96,4,6,1,7265669,0,84,0,0,7.2657,384,[84 -64 4 0 0 0 0 0 0 0 0 0 -17 -9 -21 -9 -20 -6 -18 -10 -22 -10 -21 -5 -16 -10 -19 -13 -20 -7 -15 -12 -19 -9 -16 -8 -16 -14 -15 -8 -14 -11 -15 -8 -16 -8 -13 -9 -15 -12 -11 -8 -13 -12 -11 -10 -13 -13 -16 -11 -13 -10 -17 -10 0 -3 -10 -7 -16 -8 -15 -10 -11 -5 -15 -5 -13 -11 -11 -8 -11 -9 -15 -6 -17 -7 -17 -3 -15 -3 -14 -3 -13 -8 -16 -2 -14 -6 -16 -5 -16 -2 -17 -5 -14 -1 -12 -6 -11 -1 -15 -5 -19 -1 -14 -5 -13 0 3 1 0 0 0 0 0 0 0 0 ]
CSI_DATA,AP,68:FE:71:12:53:8C,-41,11,1,5,1,1,1,1,0,0,0,-94,4,6,1,7383974,0,84,0,0,7.384,384,[84 -64 4 0 0 0 0 0 0 0 0 0 -30 0 -29 -7 -34 -4 -29 -2 -28 -6 -27 -4 -31 -9 -28 -8 -27 -6 -29 -11 -31 -12 -30 -6 -30 -12 -28 -7 -23 -11 -31 -9 -29 -10 -26 -10 -28 -7 -23 -10 -24 -9 -25 -10 -21 -6 -26 -9 -28 -7 -27 -9 -3 -3 -24 -11 -22 -4 -26 -8 -27 -5 -20 -7 -24 -9 -26 -7 -24 -7 -22 -5 -23 -6 -26 -2 -26 -2 -23 -5 -26 0 -28 1 -25 -1 -27 0 -27 -3 -26 0 -25 1 -22 -3 -22 -3 -22 1 -23 0 -21 0 -27 0 0 0 0 0 0 0 0 0 0 0 ]
CSI_DATA,AP,68:FE:71:12:53:8C,-38,11,1,7,1,1,1,0,0,0,0,-96,0,6,1,7462240,0,84,0,0,7.4622,384,[84 -64 4 0 0 0 0 0 0 0 0 0 -20 2 -17 -2 -23 1 -21 0 -19 -2 -18 -4 -19 -4 -21 -3 -22 -5 -19 -7 -20 -9 -20 -3 -16 -3 -21 -3 -19 -8 -16 -7 -17 -6 -19 -5 -21 -8 -14 -6 -14 -8 -14 -9 -17 -6 -13 -8 -15 -5 -17 -7 -1 3 -14 -1 -16 -2 -18 -4 -18 -4 -14 -5 -13 0 -15 -1 -17 -3 -15 -2 -16 -3 -19 -4 -16 -1 -18 1 -14 -2 -16 0 -17 2 -14 2 -20 -1 -19 0 -13 3 -17 -2 -14 0 -17 2 -19 1 -16 -1 -16 3 0 -3 0 0 0 0 0 0 0 0 ]
CSI_DATA,AP,68:FE:71:12:53:8C,-46,11,1,3,1,1,1,0,0,0,0,-94,0,6,1,7543238,0,84,0,0,7.5432,384,[84 -64 4 0 0 0 0 0 0 0 0 0 -17 -10 -13 -14 -15 -12 -16 -18 -17 -13 -12 -11 -14 -17 -14 -13 -12 -15 -13 -16 -15 -17 -12 -16 -10 -16 -13 -14 -9 -15 -10 -13 -10 -15 -9 -12 -8 -13 -8 -18 -12 -16 -8 -15 -7 -15 -12 -14 -12 -13 -11 -14 3 -1 -8 -15 -14 -14 -7 -10 -8 -11 -7 -13 -13 -13 -13 -9 -10 -12 -8 -13 -11 -14 -13 -8 -10 -12 -12 -12 -13 -14 -10 -12 -16 -8 -15 -12 -15 -9 -13 -11 -14 -9 -13 -6 -14 -9 -12 -7 -12 -10 -14 -10 -11 -12 1 0 0 0 0 0 0 0 0 0 ]
CSI_DATA,AP,68:FE:71:12:53:8C,-42,11,1,5,1,1,1,0,0,0,0,-95,0,6,1,7632110,0,84,0,0,7.6321,384,[84 -64 4 0 0 0 0 0 0 0 0 0 -6 -20 -6 -17 -1 -20 -2 -18 1 -19 -2 -23 -1 -18 0 -18 0 -23 3 -21 3 -21 5 -23 3 -18 5 -19 4 -17 4 -17 0 -17 5 -18 -1 -17 4 -19 5 -21 1 -21 3 -15 -2 -20 5 -18 3 -20 2 2 1 -18 -2 -18 0 -17 2 -19 0 -17 -1 -19 -2 -13 1 -14 1 -18 -5 -15 1 -16 -1 -19 -2 -19 0 -17 -1 -13 -5 -16 0 -15 -2 -15 -2 -13 -3 -18 -2 -14 -6 -19 -7 -15 -9 -18 -8 -17 -6 -15 3 0 0 0 0 0 0 0 0 0 ]
CSI_DATA,AP,68:FE:71:12:53:8C,-43,11,1,6,1,1,1,1,0,0,0,-94,5,6,1,7714117,0,84,0,0,7.7141,384,[84 -64 4 0 0 0 0 0 0 0 0 0 19 11 21 7 21 12 18 9 17 11 21 11 16 15 21 10 20 13 18 11 21 15 21 17 19 11 16 16 17 16 17 13 17 12 14 11 18 11 18 12 13 13 14 12 11 12 15 11 11 10 11 15 2 0 17 13 14 14 17 14 18 10 12 14 17 8 18 9 11 8 14 11 16 9 18 12 12 6 17 9 15 9 17 8 15 6 15 9 15 7 16 4 14 7 15 6 15 6 17 9 17 4 15 7 17 2 0 -1 0 0 0 0 0 0 0 0 ]
CSI_DATA,AP,68:FE:71:12:53:8C,-41,11,1,6,1,1,1,0,0,0,0,-96,0,6,1,7785881,0,84,0,0,7.7859,384,[84 -64 4 0 0 0 0 0 0 0 0 0 -22 -7 -20 -1 -22 -5 -20 -9 -22 -8 -18 -10 -21 -6 -19 -9 -19 -6 -16 -9 -15 -7 -16 -9 -16 -8 -13 -7 -18 -10 -13 -8 -16 -7 -12 -6 -17 -9 -14 -12 -16 -8 -14 -10 -12 -7 -11 -11 -14 -6 -15 -11 3 0 -12 -8 -17 -7 -16 -8 -12 -5 -15 -9 -16 -9 -13 -10 -14 -6 -17 -4 -16 -4 -11 -7 -13 -3 -15 -3 -14 -2 -12 -2 -17 -4 -19 -1 -18 -5 -12 -4 -18 -1 -12 -4 -12 -7 -16 -3 -16 -4 -12 0 -18 0 -3 1 0 0 0 0 0 0 0 0 ]
CSI_DATA,AP,68:FE:71:12:53:8C,-39,11,1,6,1,1,1,0,0,0,1,-94,0,6,1,7890465,0,84,0,0,7.8905,384,[84 -64 4 0 0 0 0 0 0 0 0 0 -15 11 -14 10 -15 11 -18 6 -17 11 -14 11 -18 5 -13 5 -14 6 -13 5 -15 5 -19 4 -18 6 -18 8 -17 3 -16 4 -16 6 -13 2 -19 6 -18 3 -19 5 -13 5 -13 1 -11 3 -17 1 -15 4 -1 2 -15 9 -15 6 -10 6 -14 7 -11 6 -11 5 -15 5 -12 5 -15 5 -14 7 -12 7 -14 8 -10 8 -12 5 -11 8 -10 7 -11 6 -11 9 -14 11 -13 7 -11 7 -7 13 -8 12 -13 9 -9 12 -13 9 2 0 0 0 0 0 0 0 0 0 ]
CSI_DATA,AP,68:FE:71:12:53:8C,-40,11,1,4,1,1,1,0,0,0,0,-94,0,6,1,7990401,0,84,0,0,7.9904,384,[84 -64 4 0 0 0 0 0 0 0 0 0 -22 -1 -20 0 -20 -4 -18 -2 -18 -5 -21 -1 -23 -6 -18 -3 -18 -6 -16 -6 -18 -9 -16 -8 -17 -6 -20 -4 -20 -8 -16 -5 -15 -7 -17 -10 -18 -5 -20 -10 -14 -4 -20 -5 -17 -5 -13 -7 -16 -5 -13 -6 0 1 -17 -6 -17 -3 -19 -5 -15 -3 -13 -5 -17 -2 -12 -3 -12 -4 -14 -1 -15 -2 -16 -1 -16 -7 -14 -6 -19 -6 -14 -1 -17 -5 -15 2 -15 -5 -16 -3 -15 -2 -16 -2 -16 -1 -19 -1 -17 1 -14 0 -14 0 2 -1 0 0 0 0 0 0 0 0 ]
CSI_DATA,AP,68:FE:71:12:53:8C,-45,11,1,5,1,1,1,0,0,0,0,-96,0,6,1,8093326,0,84,0,0,8.0933,384,[84 -64 4 0 0 0 0 0 0 0 0 0 -14 12 -21 9 -20 11 -19 9 -17 4 -18 10 -21 8 -20 2 -19 6 -16 2 -18 2 -21 4 -21 5 -21 4 -20 4 -17 4 -16 4 -19 4 -15 6 -17 3 -17 -1 -18 2 -14 1 -15 2 -20 5 -15 4 -1 1 -16 1 -18 3 -18 7 -16 1 -14 2 -18 4 -16 5 -15 3 -14 6 -14 4 -15 6 -12 6 -15 6 -11 5 -11 7 -13 8 -16 7 -14 4 -17 9 -12 8 -14 8 -14 5 -12 11 -16 10 -10 11 -15 6 0 -2 0 0 0 0 0 0 0 0 ]
CSI_DATA,AP,68:FE:71:12:53:8C,-42,11,1,5,1,1,1,0,0,0,0,-95,0,6,1,8212607,0,84,0,0,8.2126,384,[84 -64 4 0 0 0 0 0 0 0 0 0 -9 0 -9 3 -12 -1 -10 -2 -12 4 -9 3 -6 1 -11 3 -9 1 -7 2 -10 0 -12 -2 -10 1 -9 1 -11 -3 -7 -3 -7 0 -6 -2 -9 -1 -7 -2 -6 -2 -6 -5 -6 1 -10 0 -5 -1 -10 -4 -2 1 -5 -4 -8 1 -9 2 -9 -2 -6 -1 -6 -4 -9 -3 -10 -1 -7 2 -11 -3 -10 -3 -8 3 -11 -1 -9 -1 -9 -2 -11 -2 -11 1 -11 0 -6 2 -6 3 -5 2 -6 -1 -5 3 -10 2 -7 2 -11 4 -2 0 0 0 0 0 0 0 0 0 ]
CSI_DATA,AP,68:FE:71:12:53:8C,-40,11,1,4,1,1,1,0,0,0,0,-96,0,6,1,8270641,0,84,0,0,8.2706,384,[84 -64 4 0 0 0 0 0 0 0 0 0 -3 18 -1 17 2 22 1 20 -4 22 -3 16 -5 19 -7 16 -4 18 -6 22 -8 21 -3 21 -6 18 -9 20 -3 16 -5 17 -8 16 -5 16 -3 16 -7 13 -6 15 -7 17 -2 15 -3 13 -3 12 -6 18 1 -1 -5 15 -5 18 -1 18 -2 15 -3 15 1 18 -5 15 -5 17 -2 14 1 17 2 18 -3 16 -2 15 0 18 0 16 1 14 -2 16 0 16 3 18 5 13 -1 13 3 14 0 14 4 15 1 18 -1 16 2 -3 0 0 0 0 0 0 0 0 ]
CSI_DATA,AP,68:FE:71:12:53:8C,-39,11,1,4,1,1,1,0,0,0,0,-96,0,6,1,8368056,0,84,0,0,8.3681,384,[84 -64 4 0 0 0 0 0 0 0 0 0 -8 17 -14 17 -11 13 -13 15 -13 12 -12 13 -17 11 -15 10 -13 14 -12 15 -18 13 -13 10 -13 10 -13 12 -18 14 -13 11 -17 12 -15 9 -17 10 -18 11 -17 11 -17 13 -14 9 -14 9 -12 12 -15 12 3 0 -11 9 -14 13 -14 9 -13 13 -10 8 -13 13 -12 13 -11 9 -12 12 -12 8 -9 13 -8 10 -7 15 -12 14 -9 9 -7 12 -7 13 -10 15 -7 11 -8 13 -10 11 -8 11 -8 14 -5 17 -9 14 -3 12 2 2 0 0 0 0 0 0 0 0 ]
CSI_DATA,AP,68:FE:71:12:53:8C,-39,11,1,6,1,1,1,0,0,0,0,-95,0,6,1,8440421,0,84,0,0,8.4404,384,[84 -64 4 0 0 0 0 0 0 0 0 0 6 17 6 18 4 19 5 16 6 16 5 17 7 15 2 19 4 18 4 19 6 14 2 14 6 20 -1 17 4 18 0 16 0 18 0 13 2 12 -1 12 3 17 -1 13 0 16 2 13 2 17 1 14 -1 1 3 17 2 15 0 13 1 11 6 16 3 11 2 13 7 11 7 11 1 10 7 12 8 13 3 13 8 14 3 9 6 10 5 11 9 15 7 14 6 12 3 15 8 14 7 9 6 14 10 14 9 14 2 3 0 0 0 0 0 0 0 0 ]
CSI_DATA,AP,68:FE:71:12:53:8C,-42,11,1,4,1,1,1,0,0,0,0,-94,0,6,1,8540773,0,84,0,0,8.5408,384,[84 -64 4 0 0 0 0 0 0 0 0 0 2 18 4 17 6 20 3 17 0 16 5 18 0 18 1 20 0 15 0 20 -1 20 -1 19 3 20 3 15 -3 16 -3 16 -2 17 -2 17 1 18 1 15 1 15 2 17 2 15 -2 17 1 14 -3 15 2 -2 -3 12 2 14 1 17 2 11 2 15 0 15 2 15 1 13 0 15 -1 14 4 12 3 16 5 16 6 17 3 16 5 11 5 15 6 12 6 14 2 12 8 14 2 14 6 14 7 11 7 10 8 12 -3 1 0 0 0 0 0 0 0 0 ]
CSI_DATA,AP,68:FE:71:12:53:8C,-42,11,1,6,1,1,1,0,0,0,0,-93,0,6,1,8634974,0,84,0,0,8.635,384,[84 -64 4 0 0 0 0 0 0 0 0 0 16 -3 17 -1 19 -3 21 4 17 3 14 5 16 2 13 1 19 1 20 4 20 2 15 2 17 2 18 5 15 3 16 5 15 5 17 2 15 6 14 7 17 1 16 4 13 7 16 4 11 2 14 1 2 -2 15 6 16 3 16 5 12 5 11 2 14 0 14 -1 16 0 10 0 11 -1 17 2 16 1 11 -1 10 -2 17 2 14 -1 17 -5 15 0 15 0 11 -6 13 -2 14 -6 16 -3 17 -1 16 -1 11 -7 3 1 0 0 0 0 0 0 0 0 ]
CSI_DATA,AP,68:FE:71:12:53:8C,-34,11,1,6,1,1,1,0,0,0,0,-93,0,6,1,8742008,0,84,0,0,8.742,384,[84 -64 4 0 0 0 0 0 0 0 0 0 -2 35 -7 34 -3 41 -11 41 -10 39 -13 37 -14 32 -9 37 -15 33 -9 37 -16 34 -16 35 -13 31 -14 33 -12 32 -13 33 -13 29 -14 33 -11 28 -11 31 -17 31 -13 30 -12 26 -16 28 -10 28 -13 29 2 2 -12 30 -12 29 -11 32 -7 30 -7 28 -11 32 -10 31 -8 28 -5 25 -5 30 -7 26 -6 26 -3 30 -3 29 -3 32 -5 33 -3 30 -5 29 1 29 -2 27 -1 29 -2 32 2 27 4 33 2 27 -2 27 -1 3 0 0 0 0 0 0 0 0 ]
CSI_DATA,AP,68:FE:71:12:53:8C,-42,11,1,6,1,1,1,0,0,0,0,-95,0,6,1,8812189,0,84,0,0,8.8122,384,[84 -64 4 0 0 0 0 0 0 0 0 0 6 -17 4 -16 10 -19 10 -18 8 -20 5 -20 8 -17 7 -17 11 -16 12 -15 13 -17 9 -16 13 -16 10 -16 7 -15 13 -14 9 -12 11 -17 12 -16 8 -15 7 -12 12 -12 12 -16 10 -15 8 -14 6 -13 -2 0 8 -14 7 -13 9 -11 10 -13 7 -16 7 -12 9 -17 5 -12 4 -13 3 -17 7 -12 1 -15 4 -15 6 -12 5 -13 1 -16 4 -18 5 -12 1 -14 0 -19 1 -13 4 -17 3 -17 1 -18 3 -14 4 -14 -2 1 0 0 0 0 0 0 0 0 ]
CSI_DATA,AP,68:FE:71:12:53:8C,-41,11,1,4,1,1,1,0,0,0,0,-94,0,6,1,8914430,0,84,0,0,8.9144,384,[84 -64 4 0 0 0 0 0 0 0 0 0 10 12 14 16 10 15 15 13 11 17 13 15 11 13 8 14 6 14 10 18 9 15 6 15 11 16 10 14 10 13 4 16 10 15 5 15 10 17 3 14 7 17 6 16 9 13 3 13 8 13 5 14 1 2 9 16 7 14 10 15 8 9 10 13 9 15 11 12 10 8 6 8 6 12 12 9 11 13 7 12 13 9 10 9 9 9 10 8 12 11 8 12 11 8 8 11 13 11 13 9 14 6 11 8 13 11 2 -2 0 0 0 0 0 0 0 0 ]
CSI_DATA,AP,68:FE:71:12:53:8C,-38,11,1,6,1,1,1,0,0,0,0,-94,0,6,1,9018722,0,84,0,0,9.0187,384,[84 -64 4 0 0 0 0 0 0 0 0 0 3 -20 0 -23 3 -18 5 -21 2 -21 3 -16 8 -23 5 -21 10 -16 7 -17 11 -19 9 -22 9 -16 5 -18 7 -18 9 -16 10 -17 9 -18 7 -16 7 -14 6 -16 7 -16 8 -12 9 -13 7 -15 9 -13 -1 -3 6 -14 8 -14 5 -17 7 -18 6 -13 5 -15 4 -17 8 -14 6 -12 2 -19 4 -17 5 -16 5 -18 3 -15 5 -17 4 -14 0 -18 5 -15 0 -18 4 -18 5 -15 0 -17 4 -16 2 -17 0 -15 1 -18 0 -3 0 0 0 0 0 0 0 0 ]
CSI_DATA,AP,68:FE:71:12:53:8C,-41,11,1,5,1,1,1,0,0,0,0,-95,0,6,1,9115477,0,82,0,0,9.1155,384,[84 -64 4 0 0 0 0 0 0 0 0 0 -14 19 -12 14 -10 19 -14 20 -11 13 -12 17 -14 14 -16 15 -11 13 -13 12 -13 13 -16 17 -13 12 -13 12 -16 13 -19 10 -14 15 -16 13 -17 8 -16 14 -13 14 -11 10 -17 12 -15 8 -15 9 -11 13 3 3 -13 12 -14 16 -13 10 -11 14 -12 13 -9 10 -15 9 -8 14 -10 10 -12 13 -7 15 -6 10 -8 16 -8 17 -12 11 -7 18 -9 16 -9 11 -9 17 -6 17 -9 16 -6 16 -9 13 -3 14 -7 16 -8 13 -2 -1 0 0 0 0 0 0 0 0 ]
CSI_DATA,AP,68:FE:71:12:53:8C,-42,11,1,5,1,1,1,1,0,0,0,-95,2,6,1,9200514,0,84,0,0,9.2005,384,[84 -64 4 0 0 0 0 0 0 0 0 0 -16 -11 -17 -13 -13 -14 -14 -17 -15 -15 -13 -19 -15 -13 -10 -17 -12 -14 -11 -18 -14 -18 -10 -17 -11 -17 -11 -18 -10 -13 -10 -15 -10 -19 -13 -18 -8 -17 -9 -16 -10 -14 -9 -18 -11 -16 -8 -13 -14 -13 -13 -16 -3 3 -11 -13 -13 -12 -14 -13 -15 -12 -9 -13 -10 -15 -11 -14 -12 -15 -10 -10 -14 -13 -15 -8 -12 -13 -16 -13 -13 -14 -16 -14 -13 -13 -14 -12 -16 -6 -15 -9 -17 -6 -16 -13 -16 -10 -14 -9 -13 -7 -16 -5 -12 -11 -3 -2 0 0 0 0 0 0 0 0 ]
CSI_DATA,AP,68:FE:71:12:53:8C,-39,11,1,4,1,1,1,0,0,0,1,-95,0,6,1,9297028,0,84,0,0,9.297,384,[84 -64 4 0 0 0 0 0 0 0 0 0 -6 21 -4 24 -1 22 -2 22 -8 20 -8 20 -8 24 -7 17 -4 22 -6 17 -6 20 -7 21 -8 21 -11 18 -8 21 -12 21 -8 22 -5 14 -10 14 -7 18 -12 14 -8 20 -12 19 -12 16 -7 15 -6 18 -1 -2 -10 17 -8 17 -6 21 -5 19 -6 19 -4 17 -8 15 -6 15 -2 16 -7 15 -4 17 -5 18 -5 15 -5 15 -3 13 -5 18 -1 18 1 14 -1 14 -4 16 -5 16 3 17 -3 18 -1 15 0 14 -1 15 3 0 0 0 0 0 0 0 0 0 ]
CSI_DATA,AP,68:FE:71:12:53:8C,-38,11,1,5,1,1,1,0,0,0,0,-94,0,6,1,9389896,0,84,0,0,9.3899,384,[84 -64 4 0 0 0 0 0 0 0 0 0 0 -25 2 -22 5 -24 5 -26 2 -25 2 -19 3 -20 9 -22 7 -20 5 -21 7 -22 6 -21 3 -19 6 -21 6 -22 11 -17 10 -22 10 -19 6 -18 8 -15 5 -18 5 -17 8 -19 8 -20 8 -15 3 -15 -1 -2 9 -18 3 -16 6 -18 7 -16 6 -14 4 -20 8 -17 4 -20 1 -21 4 -16 2 -20 -1 -20 1 -19 0 -21 1 -14 -1 -20 -1 -20 -3 -17 -2 -19 1 -20 3 -15 2 -20 -1 -19 1 -22 1 -18 -4 -19 -2 -2 0 0 0 0 0 0 0 0 ]
CSI_DATA,AP,68:FE:71:12:53:8C,-41,11,1,6,1,1,1,0,0,0,0,-93,0,6,1,9491459,0,84,0,0,9.4915,384,[84 -64 4 0 0 0 0 0 0 0 0 0 -5 24 -9 23 -4 18 -4 20 -4 19 -8 19 -6 18 -8 16 -8 16 -11 19 -9 17 -9 20 -7 20 -7 18 -10 17 -10 21 -10 18 -13 14 -11 18 -11 16 -11 17 -8 17 -11 11 -13 13 -7 17 -7 17 1 0 -10 16 -8 13 -10 15 -4 19 -11 14 -11 17 -5 16 -6 19 -9 13 -3 13 -7 18 -6 13 -5 16 -2 19 -6 13 -4 18 -7 18 -5 16 -2 18 0 14 -1 16 0 13 -3 19 -3 14 -3 14 -5 15 -2 0 0 0 0 0 0 0 0 0 ]
CSI_DATA,AP,68:FE:71:12:53:8C,-40,11,1,6,1,1,1,0,0,0,0,-94,0,6,1,9589762,0,84,0,0,9.5898,384,[84 -64 4 0 0 0 0 0 0 0 0 0 7 19 4 20 8 21 2 22 6 25 5 20 5 18 -1 22 3 21 4 24 1 23 -1 20 -1 23 0 20 1 16 0 24 0 19 2 15 1 20 0 16 -3 19 3 16 -3 16 -3 20 -3 18 -2 21 1 -3 0 14 -1 21 4 16 3 14 1 19 5 20 0 18 3 14 2 14 1 19 4 15 4 13 6 16 2 15 6 14 6 19 8 17 8 16 5 16 7 16 3 13 4 14 9 12 7 18 4 15 4 17 -3 -3 0 0 0 0 0 0 0 0 ]
CSI_DATA,AP,68:FE:71:12:53:8C,-34,11,1,7,1,1,1,0,0,0,0,-95,0,6,1,9701017,0,84,0,0,9.701,384,[84 -64 4 0 0 0 0 0 0 0 0 0 16 6 19 4 21 9 24 6 20 8 16 8 18 6 20 6 15 11 16 8 16 10 18 8 15 12 19 11 13 9 19 14 13 8 11 8 15 9 16 12 16 12 13 8 9 13 15 13 12 12 17 8 0 -3 12 11 17 12 14 7 16 5 11 7 15 5 17 11 18 9 13 9 12 5 16 4 17 6 17 4 18 5 13 4 16 4 13 7 18 4 18 7 19 -1 19 1 16 7 13 3 17 0 14 1 16 -1 3 -3 0 0 0 0 0 0 0 0 ]
CSI_DATA,AP,68:FE:71:12:53:8C,-43,11,1,5,1,1,1,1,0,0,0,-95,5,6,1,9790860,0,84,0,0,9.7909,384,[84 -64 4 0 0 0 0 0 0 0 0 0 -5 22 -4 24 -3 25 -7 24 -2 23 -4 20 -4 21 -4 20 -6 19 -6 16 -9 17 -5 19 -6 20 -5 20 -7 17 -6 18 -9 20 -8 19 -4 15 -4 15 -6 16 -6 16 -9 19 -8 18 -5 20 -5 15 0 0 -4 18 -5 20 -6 16 -7 21 -3 20 -7 16 -6 17 -6 16 -4 18 -2 14 0 21 1 18 -4 20 0 19 -5 20 0 15 3 20 -3 20 -3 15 1 20 -1 16 3 17 1 20 5 19 -2 14 -2 16 3 -3 0 0 0 0 0 0 0 0 ]
CSI_DATA,AP,68:FE:71:12:53:8C,-42,11,1,5,1,1,1,0,0,0,0,-94,0,6,1,9865875,0,84,0,0,9.8659,384,[84 -64 4 0 0 0 0 0 0 0 0 0 -21 -7 -16 -8 -19 -11 -21 -11 -21 -9 -19 -15 -18 -17 -11 -17 -14 -14 -17 -17 -13 -14 -14 -13 -12 -11 -17 -15 -11 -14 -15 -16 -13 -14 -11 -10 -13 -15 -15 -11 -8 -16 -9 -15 -13 -14 -10 -12 -15 -15 -10 -12 -2 2 -9 -9 -16 -13 -11 -14 -17 -15 -15 -11 -14 -11 -13 -15 -9 -14 -9 -13 -14 -13 -15 -8 -16 -7 -17 -12 -16 -10 -13 -9 -14 -6 -18 -12 -17 -5 -14 -7 -13 -6 -15 -6 -14 -12 -15 -11 -16 -6 -15 -5 -18 -8 1 3 0 0 0 0 0 0 0 0 ]
CSI_DATA,AP,68:FE:71:12:53:8C,-40,11,1,4,1,1,1,0,0,0,0,-96,0,6,1,9996735,0,84,0,0,9.9967,384,[84 -64 4 0 0 0 0 0 0 0 0 0 16 -10 15 -11 20 -7 19 -6 22 -4 15 -7 20 -2 21 -4 18 -5 17 -5 22 -7 22 -6 22 -5 19 -6 19 -4 22 -2 21 0 17 -3 14 -1 19 2 15 1 18 -1 14 0 19 1 19 -3 18 -5 0 2 18 -3 13 -3 15 -1 16 -1 14 -2 15 -1 14 -1 18 -6 14 -5 16 -3 13 -9 15 -5 12 -2 11 -4 16 -9 17 -10 17 -6 12 -7 17 -10 11 -4 15 -10 11 -6 14 -6 11 -11 16 -8 15 -6 0 3 0 0 0 0 0 0 0 0 ]
CSI_DATA,AP,68:FE:71:12:53:8C,-41,11,1,5,1,1,1,0,0,0,0,-95,0,6,1,10076298,0,84,0,0,10.076,384,[84 -64 4 0 0 0 0 0 0 0 0 0 -23 -11 -21 -9 -17 -11 -17 -12 -16 -8 -20 -7 -16 -8 -14 -8 -15 -11 -19 -12 -15 -15 -15 -9 -18 -12 -17 -10 -13 -9 -15 -10 -18 -10 -12 -11 -16 -14 -12 -14 -17 -11 -18 -10 -15 -9 -15 -13 -12 -13 -13 -8 -1 0 -13 -8 -14 -10 -13 -10 -16 -9 -12 -10 -13 -11 -13 -7 -12 -7 -17 -9 -14 -4 -14 -3 -16 -8 -13 -7 -15 -5 -14 -9 -17 -9 -19 -8 -15 -6 -19 -8 -17 -4 -14 -6 -15 -8 -16 -2 -18 -3 -14 -6 -19 -4 0 1 0 0 0 0 0 0 0 0 ]
CSI_DATA,AP,68:FE:71:12:53:8C,-40,11,1,5,1,1,1,0,0,0,0,-94,0,6,1,10192594,0,84,0,0,10.193,384,[84 -64 4 0 0 0 0 0 0 0 0 0 -5 -20 1 -24 -5 -18 2 -22 -4 -24 -1 -19 2 -21 0 -22 0 -23 1 -23 1 -19 -1 -19 3 -19 0 -21 6 -21 3 -19 0 -20 2 -19 1 -15 5 -18 2 -19 1 -16 5 -19 1 -17 5 -21 2 -18 0 2 3 -16 5 -14 2 -15 -2 -18 0 -19 -2 -15 0 -17 1 -16 -2 -14 -2 -12 -4 -19 0 -14 0 -17 -6 -15 0 -15 -6 -17 -3 -20 -1 -13 -2 -15 -5 -15 -5 -19 -3 -19 -6 -16 -4 -20 -4 -13 -6 -13 -3 1 0 0 0 0 0 0 0 0 ]
CSI_DATA,AP,68:FE:71:12:53:8C,-39,11,1,5,1,1,1,0,0,0,0,-94,0,6,1,10288298,0,84,0,0,10.288,384,[84 -64 4 0 0 0 0 0 0 0 0 0 -21 -1 -19 4 -21 3 -19 4 -21 3 -19 -4 -18 0 -23 -2 -24 1 -19 0 -22 -6 -18 -4 -24 -7 -23 -7 -21 -4 -18 -4 -21 -2 -18 -1 -20 -4 -20 -3 -15 -2 -19 -2 -20 -2 -18 -6 -21 -8 -15 -1 -2 -1 -15 -3 -19 0 -18 1 -15 1 -16 0 -16 1 -19 -5 -19 -4 -15 -2 -20 0 -17 1 -17 1 -19 1 -19 1 -15 1 -19 2 -16 -1 -14 0 -19 -1 -17 3 -15 5 -14 2 -17 4 -17 6 -14 0 -15 0 -3 2 0 0 0 0 0 0 0 0 ]
CSI_DATA,AP,68:FE:71:12:53:8C,-38,11,1,6,1,1,1,0,0,0,0,-94,0,6,1,10390888,0,84,0,0,10.391,384,[84 -64 4 0 0 0 0 0 0 0 0 0 -22 10 -22 8 -18 10 -19 5 -23 6 -20 9 -22 7 -19 7 -20 8 -20 2 -22 0 -21 4 -22 4 -18 0 -18 3 -24 1 -19 4 -19 2 -16 3 -21 5 -20 2 -18 0 -14 -1 -22 5 -19 3 -15 5 1 -1 -17 4 -19 6 -17 1 -16 3 -14 2 -17 2 -14 1 -15 4 -16 6 -18 5 -14 5 -17 7 -16 6 -18 5 -18 7 -17 8 -16 11 -14 6 -15 5 -13 10 -12 8 -12 10 -14 10 -12 13 -16 10 -14 9 -2 1 0 0 0 0 0 0 0 0 ]
CSI_DATA,AP,68:FE:71:12:53:8C,-37,11,1,6,1,1,1,0,0,0,0,-94,0,6,1,10468559,0,84,0,0,10.469,384,[84 -64 4 0 0 0 0 0 0 0 0 0 -23 -5 -16 -10 -22 -10 -21 -9 -21 -9 -18 -12 -19 -9 -18 -11 -19 -7 -16 -8 -23 -13 -20 -13 -19 -14 -20 -14 -14 -9 -15 -10 -16 -12 -19 -14 -13 -13 -19 -9 -16 -9 -19 -8 -13 -11 -15 -13 -14 -9 -17 -9 2 -2 -15 -9 -16 -9 -16 -12 -17 -6 -16 -9 -15 -8 -17 -7 -16 -9 -18 -9 -14 -8 -19 -8 -12 -9 -15 -8 -14 -5 -14 -5 -18 -6 -16 -6 -14 -5 -15 -8 -19 -3 -19 -6 -15 -2 -16 -4 -16 1 -14 -1 -20 -3 1 0 0 0 0 0 0 0 0 0 ]
CSI_DATA,AP,68:FE:71:12:53:8C,-41,11,0,0,0,0,0,0,0,0,0,-94,0,6,1,10556269,0,37,0,0,10.556,128,[84 -64 4 0 0 0 0 0 0 0 0 0 -15 10 -17 11 -17 11 -20 9 -21 8 -20 8 -19 8 -21 7 -20 8 -16 10 -23 11 -17 5 -17 7 -21 5 -18 4 -17 7 -20 6 -16 4 -16 3 -18 4 -19 2 -21 7 -20 5 -18 5 -20 4 -21 7 3 -3 -14 4 -17 7 -18 5 -15 10 -15 9 -14 5 -19 11 -16 6 -18 11 -15 11 -12 12 -16 7 -16 8 -15 10 -11 7 -15 11 -11 8 -16 11 -11 11 -9 11 -14 14 -14 13 -9 11 -10 14 -11 12 -12 9 -3 -2 0 0 0 0 0 0 0 0 ]
CSI_DATA,AP,68:FE:71:12:53:8C,-42,11,1,5,1,1,1,1,0,0,0,-94,3,6,1,10657961,0,84,0,0,10.658,384,[84 -64 4 0 0 0 0 0 0 0 0 0 -1 -20 4 -22 2 -20 2 -22 4 -23 4 -19 3 -18 9 -19 8 -19 7 -22 7 -22 8 -22 4 -22 8 -20 7 -18 9 -19 9 -17 5 -18 7 -19 11 -18 5 -17 8 -16 10 -16 6 -14 8 -18 4 -15 0 1 4 -17 4 -17 8 -14 2 -14 5 -18 9 -17 5 -18 6 -19 3 -15 4 -14 1 -21 2 -17 0 -20 2 -19 2 -19 1 -15 5 -20 2 -20 5 -19 4 -16 -1 -20 0 -17 0 -16 1 -21 0 -16 3 -15 2 1 0 0 0 0 0 0 0 0 ]
CSI_DATA,AP,68:FE:71:12:53:8C,-44,11,1,5,1,1,1,0,0,0,0,-95,0,6,1,10731041,0,84,0,0,10.731,384,[84 -64 4 0 0 0 0 0 0 0 0 0 2 -20 4 -23 3 -23 8 -24 7 -18 6 -19 8 -22 6 -17 9 -16 9 -19 11 -18 7 -20 10 -20 11 -15 11 -16 6 -15 6 -16 8 -18 6 -16 7 -18 7 -14 11 -15 11 -15 10 -15 7 -17 6 -14 -3 2 8 -15 7 -16 10 -17 9 -12 4 -17 9 -17 6 -16 8 -18 3 -15 4 -17 3 -15 7 -16 7 -18 5 -18 1 -18 1 -18 6 -16 1 -18 4 -19 1 -13 3 -17 3 -18 2 -19 3 -15 -1 -20 1 -15 3 1 0 0 0 0 0 0 0 0 ]
CSI_DATA,AP,68:FE:71:12:53:8C,-40,11,0,0,0,0,0,0,0,0,0,-95,0,6,1,10825776,0,37,0,0,10.826,128,[84 -64 4 0 0 0 0 0 0 0 0 0 0 -24 2 -21 -3 -22 3 -27 3 -19 3 -22 -1 -19 3 -22 2 -20 5 -19 5 -20 3 -25 6 -25 6 -24 7 -19 3 -22 8 -20 5 -19 2 -20 3 -18 6 -18 7 -16 7 -19 4 -22 2 -18 2 -19 0 -3 2 -22 2 -15 3 -18 5 -20 6 -19 5 -19 0 -17 0 -14 -1 -14 1 -15 0 -16 -3 -20 -3 -20 -3 -20 0 -18 1 -16 0 -21 0 -21 0 -21 -3 -17 -2 -17 -1 -18 0 -16 -1 -16 -3 -20 0 -19 -1 3 0 0 0 0 0 0 0 0 ]
CSI_DATA,AP,68:FE:71:12:53:8C,-39,11,1,4,1,1,1,0,0,0,0,-94,0,6,1,10891754,0,84,0,0,10.892,384,[84 -64 4 0 0 0 0 0 0 0 0 0 -16 14 -16 9 -17 14 -24 9 -17 12 -16 6 -17 11 -23 9 -17 8 -21 7 -20 7 -20 4 -23 5 -18 8 -19 3 -21 8 -22 5 -15 6 -20 4 -20 2 -19 1 -17 3 -13 4 -21 8 -19 4 -16 9 0 -1 -18 3 -15 3 -21 8 -18 4 -18 6 -17 3 -17 9 -12 4 -18 7 -12 5 -12 6 -11 11 -17 8 -15 9 -13 7 -18 11 -15 13 -17 8 -11 10 -14 9 -16 9 -11 12 -16 14 -12 9 -11 10 -12 10 -2 1 0 0 0 0 0 0 0 0 ]
CSI_DATA,AP,68:FE:71:12:53:8C,-34,11,1,5,1,1,1,0,0,0,0,-94,0,6,1,10967189,0,82,0,0,10.967,384,[84 -64 4 0 0 0 0 0 0 0 0 0 5 18 1 21 1 18 7 18 3 23 0 16 4 21 3 18 -2 17 3 20 1 20 -2 18 3 23 0 22 -4 16 -4 19 -1 16 0 13 -4 16 0 16 -5 18 -4 19 -4 14 -5 14 -3 17 1 20 -1 1 -1 15 3 17 -2 14 2 13 -1 15 -1 15 1 15 3 17 0 13 0 17 5 19 2 13 0 14 6 17 -1 15 0 14 6 13 6 17 3 15 7 17 3 17 4 14 6 18 10 13 8 17 9 12 0 -2 0 0 0 0 0 0 0 0 ]
CSI_DATA,AP,68:FE:71:12:53:8C,-37,11,1,6,1,1,1,0,0,0,0,-94,0,6,1,11060491,0,84,0,0,11.06,384,[84 -64 4 0 0 0 0 0 0 0 0 0 -18 -15 -20 -13 -16 -15 -15 -14 -15 -19 -12 -16 -15 -17 -12 -16 -12 -15 -14 -14 -12 -16 -14 -21 -10 -21 -15 -17 -9 -21 -14 -20 -14 -18 -7 -15 -7 -16 -7 -17 -7 -21 -12 -20 -9 -19 -8 -17 -7 -14 -13 -19 0 3 -13 -14 -14 -16 -14 -14 -11 -12 -8 -14 -9 -17 -9 -14 -8 -12 -15 -12 -15 -15 -16 -10 -11 -14 -15 -14 -11 -13 -12 -13 -11 -15 -16 -11 -16 -10 -12 -14 -16 -11 -11 -12 -11 -14 -16 -8 -15 -10 -17 -13 -17 -9 -2 -3 0 0 0 0 0 0 0 0 ]
CSI_DATA,AP,68:FE:71:12:53:8C,-40,11,1,4,1,1,1,0,0,0,0,-94,0,6,1,11155752,0,84,0,0,11.156,384,[84 -64 4 0 0 0 0 0 0 0 0 0 19 -1 18 -1 20 3 16 2 17 2 17 3 14 8 19 2 18 4 17 9 15 7 19 7 18 5 18 3 15 7 14 6 14 6 18 4 15 6 18 9 16 6 13 4 15 6 15 8 16 4 15 7 -3 -3 15 7 19 1 16 5 15 5 15 5 14 3 16 1 13 4 11 4 16 4 14 4 11 2 13 -2 12 1 13 -1 17 -1 16 0 15 -1 18 -3 17 -3 17 -1 12 1 18 1 14 0 16 -2 14 -6 3 2 0 0 0 0 0 0 0 0 ]
CSI_DATA,AP,68:FE:71:12:53:8C,-39,11,1,6,1,1,1,0,0,0,0,-94,0,6,1,11241037,0,84,0,0,11.241,384,[84 -64 4 0 0 0 0 0 0 0 0 0 -15 -14 -15 -9 -15 -11 -15 -14 -13 -11 -14 -13 -10 -14 -12 -16 -13 -17 -10 -12 -13 -20 -12 -18 -12 -14 -8 -19 -7 -13 -12 -13 -9 -12 -8 -15 -7 -18 -8 -16 -12 -17 -11 -14 -7 -11 -6 -14 -6 -13 -6 -13 1 1 -8 -12 -9 -12 -11 -14 -13 -11 -13 -12 -10 -13 -10 -13 -10 -9 -12 -10 -10 -9 -10 -12 -9 -14 -10 -12 -14 -11 -11 -8 -11 -9 -16 -13 -15 -11 -13 -11 -16 -9 -11 -6 -14 -8 -15 -9 -11 -8 -15 -11 -15 -12 1 1 0 0 0 0 0 0 0 0 ]
CSI_DATA,AP,68:FE:71:12:53:8C,-38,11,0,0,0,0,0,0,0,0,0,-95,0,6,1,11329165,0,37,0,0,11.329,128,[84 -64 4 0 0 0 0 0 0 0 0 0 -4 -19 -1 -20 -2 -21 2 -20 4 -22 2 -19 3 -23 2 -17 5 -24 2 -19 6 -22 3 -20 1 -24 5 -17 2 -21 5 -22 3 -20 1 -21 3 -16 5 -16 5 -17 6 -19 6 -20 2 -16 4 -22 4 -20 3 2 4 -21 2 -20 4 -22 0 -18 2 -18 4 -15 1 -16 -1 -15 1 -14 -3 -16 -2 -18 -1 -18 1 -20 -2 -19 2 -18 -3 -19 -4 -15 -1 -21 -5 -19 -3 -14 0 -18 0 -19 -7 -14 -5 -18 -2 -13 -3 -19 -2 2 0 0 0 0 0 0 0 0 ]
CSI_DATA,AP,68:FE:71:12:53:8C,-41,11,1,4,1,1,1,0,0,0,0,-95,0,6,1,11439628,0,84,0,0,11.44,384,[84 -64 4 0 0 0 0 0 0 0 0 0 15 -25 16 -24 15 -29 12 -30 12 -24 15 -23 13 -23 19 -19 13 -20 18 -18 15 -19 15 -20 14 -19 17 -18 20 -15 15 -24 19 -21 12 -19 17 -16 19 -18 13 -18 13 -20 12 -19 17 -20 14 -18 13 -15 -2 3 14 -19 10 -16 12 -19 8 -21 10 -15 12 -15 10 -20 12 -16 7 -21 10 -20 8 -20 11 -17 8 -16 11 -20 8 -19 3 -20 5 -20 5 -15 6 -21 6 -18 2 -16 2 -20 4 -21 1 -21 5 -21 3 -19 1 0 0 0 0 0 0 0 0 0 ]
CSI_DATA,AP,68:FE:71:12:53:8C,-43,11,1,5,1,1,1,0,0,0,0,-96,0,6,1,11522680,0,84,0,0,11.523,384,[84 -64 4 0 0 0 0 0 0 0 0 0 -5 19 -1 18 -7 17 -7 15 -8 19 -6 12 -3 13 -9 15 -6 15 -6 12 -10 19 -10 12 -7 18 -8 18 -6 15 -8 17 -6 13 -10 11 -9 16 -8 13 -9 14 -10 10 -10 11 -10 13 -10 13 -5 9 1 2 -4 16 -6 16 -2 13 -7 15 -3 15 -2 13 -4 15 -2 15 -7 12 -6 16 -6 16 -6 10 -5 12 -2 11 -4 15 1 12 -5 13 -2 10 -2 10 -2 14 -4 14 -2 12 3 17 4 16 0 16 3 16 -2 -2 0 0 0 0 0 0 0 0 ]
CSI_DATA,AP,68:FE:71:12:53:8C,-48,11,1,4,1,1,1,0,0,0,1,-94,0,6,1,11619746,0,84,0,0,11.62,384,[84 -64 4 0 0 0 0 0 0 0 0 0 14 -10 13 -12 19 -7 17 -12 16 -10 19 -8 19 -10 18 -5 21 -8 19 -8 22 -5 21 -5 20 -3 20 -1 15 -4 20 -4 15 -6 19 -2 18 -2 19 -1 16 -3 15 0 18 -3 18 -5 14 0 17 -3 3 -3 16 -5 13 -4 14 -8 17 -9 17 -2 18 -5 18 -6 13 -5 14 -7 11 -9 14 -7 12 -4 10 -5 12 -6 12 -6 14 -10 14 -10 12 -9 17 -5 9 -7 16 -11 15 -6 16 -8 15 -11 12 -11 9 -10 1 2 0 0 0 0 0 0 0 0 ]
CSI_DATA,AP,68:FE:71:12:53:8C,-44,11,0,0,0,0,0,0,0,0,0,-94,0,6,1,11718944,0,37,0,0,11.719,128,[84 -64 4 0 0 0 0 0 0 0 0 0 6 -5 9 -5 6 -1 9 -5 5 -4 8 -4 7 -2 8 -4 4 -2 6 -1 4 -5 11 -4 10 1 5 -3 5 -3 5 -2 4 -2 7 0 9 -2 6 -3 5 -2 10 -3 5 1 7 -4 6 -3 7 -1 0 1 7 2 6 -4 8 2 4 -4 3 -3 4 -1 7 -1 8 1 9 -1 9 -4 7 -2 6 -5 4 -3 4 -3 5 -4 10 -4 6 -2 10 -1 8 0 7 0 10 -3 6 -6 7 -5 9 -4 8 -3 8 -5 0 1 0 0 0 0 0 0 0 0 ]
CSI_DATA,AP,68:FE:71:12:53:8C,-44,11,1,4,1,1,1,0,0,0,0,-96,0,6,1,11802054,0,84,0,0,11.802,384,[84 -64 4 0 0 0 0 0 0 0 0 0 16 -15 20 -14 21 -16 23 -14 21 -16 25 -12 24 -11 21 -6 21 -13 21 -11 25 -11 26 -9 21 -9 24 -11 21 -8 24 -6 23 -9 20 -4 20 -5 20 -9 18 -4 22 -5 20 -4 20 -6 26 -5 23 -9 -2 -2 22 -8 24 -8 21 -9 20 -6 20 -4 22 -8 17 -11 17 -6 16 -7 18 -11 21 -7 21 -10 18 -15 18 -10 22 -7 17 -9 21 -13 22 -13 22 -13 16 -15 22 -11 21 -9 17 -11 17 -17 18 -14 15 -16 3 2 0 0 0 0 0 0 0 0 ]
CSI_DATA,AP,68:FE:71:12:53:8C,-40,11,1,4,1,1,1,0,0,0,1,-95,0,6,1,11902787,0,84,0,0,11.903,384,[84 -64 4 0 0 0 0 0 0 0 0 0 -7 -18 -5 -19 -5 -18 -2 -22 1 -21 -2 -20 -1 -21 3 -20 0 -16 -1 -20 -1 -21 -1 -19 1 -18 1 -17 2 -21 3 -21 5 -15 3 -20 3 -19 4 -17 3 -16 0 -14 4 -18 0 -17 5 -20 5 -16 2 2 1 -14 -2 -16 -1 -16 3 -17 3 -12 -3 -15 1 -13 -1 -17 -4 -16 -2 -12 1 -19 0 -15 -5 -17 0 -15 1 -12 0 -17 -5 -18 -8 -13 -5 -11 -7 -11 -4 -13 -6 -17 -8 -11 -4 -18 -6 -13 -5 -16 -2 -2 0 0 0 0 0 0 0 0 ]
CSI_DATA,AP,68:FE:71:12:53:8C,-40,11,0,0,0,0,0,0,0,0,0,-94,0,6,1,11981972,0,37,0,0,11.982,128,[84 -64 4 0 0 0 0 0 0 0 0 0 -13 0 -10 2 -7 1 -12 1 -12 -3 -11 -4 -10 -1 -7 -1 -11 -2 -7 1 -7 -3 -6 -2 -6 -4 -10 -2 -8 -4 -10 -3 -8 1 -7 -5 -7 -2 -8 -1 -4 -3 -10 0 -7 -4 -9 2 -6 -3 -5 -3 -2 -3 -6 2 -5 1 -5 1 -4 -1 -9 -3 -9 3 -5 2 -7 1 -2 2 -6 3 -3 5 -6 2 -6 6 -6 3 -7 1 -2 5 -5 6 -2 3 -2 1 -7 0 -7 1 -7 3 -6 3 -8 4 -2 3 -8 6 -3 -3 0 0 0 0 0 0 0 0 ]
CSI_DATA,AP,68:FE:71:12:53:8C,-40,11,1,4,1,1,1,0,0,0,0,-93,0,6,1,12057346,0,84,0,0,12.057,384,[84 -64 4 0 0 0 0 0 0 0 0 0 18 -5 16 -10 18 -9 16 -4 15 -7 13 -6 18 0 14 -6 16 -5 17 -5 11 -3 12 -5 12 -3 16 -4 9 -2 10 -3 11 1 10 -2 10 -2 9 1 12 -2 9 -1 12 1 9 -2 13 -4 8 0 2 -3 10 -7 8 -1 12 -5 11 -5 7 -2 12 -1 8 -4 9 -8 6 -7 11 -14 6 -6 7 -8 9 -9 7 -4 7 -9 9 -10 11 -4 6 -4 6 -7 7 -6 7 -11 11 -8 7 -6 12 -11 12 -12 8 -10 0 3 0 0 0 0 0 0 0 0 ]
CSI_DATA,AP,68:FE:71:12:53:8C,-37,11,1,7,1,1,1,0,0,0,0,-96,0,6,1,12130722,0,84,0,0,12.131,384,[84 -64 4 0 0 0 0 0 0 0 0 0 0 25 -1 28 -2 27 0 29 -6 27 -2 22 -5 25 -5 20 -9 22 -4 21 -5 21 -7 21 -8 23 -5 18 -4 14 -6 20 -4 13 -6 16 -6 17 -3 15 -2 17 -1 12 -7 13 -5 17 -3 11 0 15 2 2 -3 14 -1 13 2 14 -1 15 2 15 4 10 2 10 5 13 3 9 5 14 3 15 3 14 3 12 7 12 2 12 6 11 3 13 7 14 4 11 9 12 3 8 10 13 10 13 12 9 7 9 6 12 -3 -3 0 0 0 0 0 0 0 0 ]
CSI_DATA,AP,68:FE:71:12:53:8C,-36,11,1,6,1,1,1,0,0,0,0,-93,0,6,1,12233803,0,84,0,0,12.234,384,[84 -64 4 0 0 0 0 0 0 0 0 0 -30 -5 -30 -5 -35 -6 -31 -10 -30 -8 -31 -13 -27 -10 -28 -9 -28 -11 -24 -13 -28 -11 -26 -8 -24 -12 -24 -12 -19 -13 -20 -10 -23 -13 -19 -10 -19 -9 -17 -10 -14 -10 -18 -4 -19 -3 -15 -4 -18 -9 -16 -1 1 -1 -13 -2 -13 1 -13 -1 -13 -4 -13 1 -13 -3 -15 -1 -13 0 -12 -1 -10 5 -14 3 -10 5 -13 3 -13 3 -11 5 -11 4 -13 3 -15 9 -9 5 -7 7 -8 5 -13 5 -6 5 -13 7 -8 8 -10 5 -1 2 0 0 0 0 0 0 0 0 ]
CSI_DATA,AP,68:FE:71:12:53:8C,-39,11,1,5,1,1,1,0,0,0,1,-94,0,6,1,12314404,0,84,0,0,12.314,384,[84 -64 4 0 0 0 0 0 0 0 0 0 22 0 24 -5 20 2 22 -3 21 0 18 2 20 0 22 3 17 3 21 -1 21 -1 18 1 21 3 19 4 18 5 21 6 15 5 19 3 16 0 18 1 18 0 18 4 12 2 17 6 17 -1 18 4 2 1 16 -1 14 4 13 1 11 -3 16 3 14 2 13 -1 15 2 14 0 10 -5 15 0 16 -4 15 -5 15 -2 13 -4 11 -6 15 1 15 -6 10 -3 15 -4 10 -5 14 -1 10 -8 11 -7 11 -6 16 -7 -2 -3 0 0 0 0 0 0 0 0 ]
CSI_DATA,AP,68:FE:71:12:53:8C,-39,11,0,0,0,0,0,1,0,0,0,-94,6,6,1,12389433,0,37,0,0,12.389,128,[84 -64 4 0 0 0 0 0 0 0 0 0 -22 -4 -19 -1 -19 -5 -24 -4 -20 -7 -20 -9 -22 -5 -17 -8 -18 -5 -22 -4 -22 -8 -18 -6 -20 -10 -19 -8 -21 -5 -20 -7 -21 -11 -20 -8 -19 -9 -17 -6 -22 -8 -19 -9 -16 -10 -20 -4 -19 -6 -21 -5 -2 -2 -22 -7 -19 -4 -22 -7 -16 -4 -21 -8 -20 -5 -20 -6 -21 -4 -17 -7 -20 -7 -20 -5 -23 -7 -23 -3 -20 -8 -24 -8 -20 -9 -22 -3 -22 -3 -22 -4 -25 -8 -25 -6 -23 -3 -23 -3 -24 -4 -22 -7 -21 -8 -1 -1 0 0 0 0 0 0 0 0 ]
CSI_DATA,AP,68:FE:71:12:53:8C,-37,11,1,7,1,1,1,1,0,0,1,-94,2,6,1,12455153,0,84,0,0,12.455,384,[84 -64 4 0 0 0 0 0 0 0 0 0 -5 -25 2 -23 -1 -21 -2 -27 1 -23 3 -20 4 -23 0 -22 4 -23 5 -26 5 -27 2 -25 1 -22 2 -22 2 -26 8 -26 2 -25 7 -20 4 -25 4 -20 5 -26 6 -27 8 -22 3 -24 7 -23 4 -26 -1 -1 5 -19 5 -23 7 -23 1 -22 3 -20 3 -23 4 -21 4 -25 5 -26 0 -22 0 -24 -1 -20 -1 -26 -4 -21 0 -20 -1 -24 0 -22 -2 -24 0 -26 -3 -26 -1 -23 -3 -25 -1 -27 -4 -26 -4 -27 0 -22 0 -3 0 0 0 0 0 0 0 0 ]
CSI_DATA,AP,68:FE:71:12:53:8C,-41,11,1,5,1,1,1,0,0,0,0,-95,0,6,1,12547252,0,84,0,0,12.547,384,[84 -64 4 0 0 0 0 0 0 0 0 0 9 4 5 3 8 5 10 6 8 3 4 4 5 4 2 9 4 7 7 8 4 11 7 5 8 6 6 11 5 6 4 11 6 7 6 6 2 9 7 8 4 5 1 7 7 4 4 8 4 6 1 9 -1 1 1 10 7 5 4 10 6 8 1 10 1 6 7 8 1 7 6 5 7 8 7 3 2 7 5 4 4 6 5 4 8 4 9 7 8 7 9 7 7 6 7 4 9 7 5 1 9 4 8 2 6 7 -2 0 0 0 0 0 0 0 0 0 ]
CSI_DATA,AP,68:FE:71:12:53:8C,-40,11,1,4,1,1,1,0,0,0,0,-93,0,6,1,12627993,0,84,0,0,12.628,384,[84 -64 4 0 0 0 0 0 0 0 0 0 8 -10 11 -16 15 -12 11 -13 11 -13 16 -14 14 -10 13 -14 17 -15 17 -12 18 -11 16 -12 19 -11 21 -13 15 -13 17 -12 17 -11 15 -6 19 -12 18 -12 21 -11 21 -7 16 -6 17 -5 17 -8 18 -12 -1 0 19 -12 19 -11 18 -10 18 -9 15 -8 14 -13 16 -13 15 -9 12 -12 11 -11 17 -11 18 -8 13 -13 17 -15 12 -13 14 -16 15 -11 14 -12 12 -12 12 -13 13 -11 11 -11 12 -17 13 -12 15 -16 12 -16 0 -2 0 0 0 0 0 0 0 0 ]
CSI_DATA,AP,68:FE:71:12:53:8C,-39,11,1,5,1,1,1,0,0,0,0,-96,0,6,1,12738593,0,84,0,0,12.739,384,[84 -64 4 0 0 0 0 0 0 0 0 0 -12 -7 -18 -10 -20 -8 -20 -11 -16 -10 -12 -14 -16 -14 -17 -13 -20 -19 -18 -14 -20 -17 -14 -18 -15 -17 -19 -13 -18 -15 -17 -21 -11 -16 -17 -18 -17 -21 -16 -17 -12 -17 -11 -19 -14 -17 -12 -17 -12 -21 -14 -18 -1 2 -13 -18 -17 -15 -17 -19 -12 -13 -17 -17 -17 -15 -15 -20 -11 -16 -13 -16 -18 -15 -15 -16 -12 -13 -14 -13 -14 -10 -13 -13 -13 -15 -18 -16 -18 -11 -15 -13 -14 -12 -18 -15 -15 -13 -17 -12 -21 -10 -19 -9 -15 -12 -2 2 0 0 0 0 0 0 0 0 ]
CSI_DATA,AP,68:FE:71:12:53:8C,-41,11,1,6,1,1,1,0,0,0,0,-95,0,6,1,12814298,0,84,0,0,12.814,384,[84 -64 4 0 0 0 0 0 0 0 0 0 10 11 5 13 8 9 4 15 5 15 8 9 7 14 7 14 5 12 3 9 5 11 3 14 6 10 4 14 0 15 5 12 2 10 3 14 3 8 2 8 0 9 1 11 4 8 3 12 2 13 1 12 -3 3 4 11 6 13 1 8 4 10 2 9 5 10 5 8 4 7 6 6 2 11 3 13 2 7 8 9 3 11 2 11 4 7 7 13 6 9 2 12 9 5 3 6 7 6 3 10 7 9 6 8 5 6 -2 -2 0 0 0 0 0 0 0 0 ]
CSI_DATA,AP,68:FE:71:12:53:8C,-41,11,1,5,1,1,1,0,0,0,0,-95,0,6,1,12898381,0,84,0,0,12.898,384,[84 -64 4 0 0 0 0 0 0 0 0 0 -2 -24 -5 -19 -8 -25 -6 -21 -6 -23 -4 -20 -3 -23 -2 -17 -2 -23 3 -18 4 -19 1 -22 -1 -21 1 -21 0 -21 3 -18 1 -20 -1 -17 -3 -19 2 -18 -1 -21 2 -20 -1 -14 4 -18 -2 -18 -2 -19 2 1 -1 -17 -3 -17 0 -14 -5 -14 1 -17 -5 -19 -1 -20 0 -18 -6 -18 -4 -16 -4 -19 -2 -17 -6 -14 -3 -15 -4 -14 -7 -17 -6 -20 -6 -17 -5 -18 -10 -13 -3 -18 -5 -13 -9 -16 -10 -14 -10 -11 -6 -12 2 3 0 0 0 0 0 0 0 0 ]
CSI_DATA,AP,68:FE:71:12:53:8C,-37,11,1,6,1,1,1,0,0,0,0,-96,0,6,1,12985192,0,84,0,0,12.985,384,[37 80 2 0 0 0 0 0 0 0 0 0 13 30 10 27 8 32 8 31 8 31 9 31 4 32 3 31 6 30 0 28 4 33 5 33 5 28 2 31 3 25 1 28 3 31 3 24 1 30 3 27 -1 24 1 23 -1 25 2 23 6 24 -1 25 3 -1 7 23 2 27 8 23 6 24 5 24 5 28 4 23 4 22 6 25 2 22 10 23 8 22 11 23 6 23 5 26 6 25 8 23 10 26 7 22 13 25 8 22 10 20 12 22 14 22 15 18 11 24 2 2 0 0 0 0 0 0 0 0 ]
CSI_DATA,AP,68:FE:71:12:53:8C,-40,11,1,5,1,1,1,1,0,0,0,-93,2,6,1,13068713,0,84,0,0,13.069,384,[84 -64 4 0 0 0 0 0 0 0 0 0 -10 -32 -10 -30 -8 -30 -5 -30 -7 -29 -2 -31 -2 -29 -2 -27 -3 -27 -4 -30 -2 -30 3 -27 2 -27 -2 -30 4 -30 0 -27 -2 -24 2 -29 1 -27 4 -28 0 -26 -1 -30 2 -29 -3 -23 -1 -24 3 -25 3 -3 -3 -23 2 -25 0 -26 1 -22 -1 -26 -3 -25 -7 -22 -4 -23 -1 -26 -3 -25 -1 -22 -4 -25 -6 -23 -2 -19 -7 -26 -3 -21 -4 -25 -5 -23 -5 -19 -11 -21 -6 -26 -11 -22 -13 -23 -9 -23 -11 -23 -6 -24 2 -1 0 0 0 0 0 0 0 0 ]
CSI_DATA,AP,68:FE:71:12:53:8C,-42,11,1,6,1,1,1,0,0,0,0,-94,0,6,1,13164866,0,84,0,0,13.165,384,[84 -64 4 0 0 0 0 0 0 0 0 0 19 5 18 4 23 5 20 6 21 6 18 7 17 5 20 8 17 10 22 8 17 7 20 12 18 6 20 7 18 12 16 9 18 10 16 12 17 9 15 7 19 6 19 11 15 10 16 6 15 7 13 6 -1 3 14 7 16 5 18 8 14 4 14 8 13 8 16 5 13 4 13 2 14 5 16 8 14 4 18 6 17 3 16 6 14 2 20 3 17 2 16 0 19 1 16 -1 14 2 18 5 20 5 16 -1 18 5 -3 1 0 0 0 0 0 0 0 0 ]
CSI_DATA,AP,68:FE:71:12:53:8C,-43,11,1,6,1,1,1,0,0,0,0,-94,0,6,1,13220987,0,84,0,0,13.221,384,[84 -64 4 0 0 0 0 0 0 0 0 0 -31 -17 -33 -15 -36 -17 -36 -24 -35 -22 -31 -22 -32 -20 -31 -24 -26 -24 -27 -19 -26 -22 -29 -25 -28 -21 -25 -22 -28 -25 -25 -22 -26 -22 -25 -26 -27 -22 -19 -28 -24 -27 -22 -28 -18 -20 -26 -21 -26 -23 -22 -23 3 -1 -23 -25 -21 -22 -21 -23 -23 -17 -22 -23 -20 -18 -25 -22 -22 -19 -24 -21 -24 -19 -22 -18 -25 -20 -27 -20 -26 -18 -27 -21 -28 -17 -24 -20 -28 -13 -26 -16 -26 -18 -26 -19 -30 -17 -29 -13 -26 -14 -30 -13 -31 -13 -3 1 0 0 0 0 0 0 0 0 ]
CSI_DATA,AP,68:FE:71:12:53:8C,-37,11,1,6,1,1,1,0,0,0,0,-95,0,6,1,13315683,0,84,0,0,13.316,384,[84 -64 4 0 0 0 0 0 0 0 0 0 4 17 3 15 7 17 3 19 3 15 2 15 4 19 0 18 -1 21 1 15 -1 16 2 19 3 19 -1 21 2 21 3 20 2 16 3 20 3 20 1 17 2 15 -1 20 2 18 -1 15 4 16 0 13 3 2 0 18 5 18 4 13 -1 13 5 18 2 15 4 12 2 11 0 12 0 15 5 12 2 13 4 14 8 17 4 10 3 12 7 12 5 11 8 15 7 13 9 11 9 11 6 11 8 15 3 10 3 16 -2 -3 0 0 0 0 0 0 0 0 ]
CSI_DATA,AP,68:FE:71:12:53:8C,-42,11,1,5,1,1,1,0,0,0,0,-94,0,6,1,13391697,0,84,0,0,13.392,384,[84 -64 4 0 0 0 0 0 0 0 0 0 -16 4 -21 1 -23 4 -20 0 -17 3 -17 0 -19 -3 -16 1 -18 1 -21 -1 -15 -1 -18 -4 -21 -1 -18 -3 -16 -5 -16 -3 -18 -1 -18 -6 -19 -5 -14 -4 -18 -2 -18 -2 -18 -2 -19 -3 -13 -3 -14 -2 -2 3 -15 0 -19 -1 -18 -2 -18 1 -15 2 -14 3 -14 2 -15 2 -13 2 -16 0 -12 2 -17 5 -13 2 -11 2 -15 5 -13 6 -17 2 -16 4 -14 3 -17 3 -16 0 -15 2 -13 3 -16 8 -16 2 -12 5 -2 -1 0 0 0 0 0 0 0 0 ]
CSI_DATA,AP,68:FE:71:12:53:8C,-39,11,1,4,1,1,1,0,0,0,0,-94,0,6,1,13471241,0,84,0,0,13.471,384,[84 -64 4 0 0 0 0 0 0 0 0 0 -15 -1 -20 -4 -15 -4 -17 -7 -16 -4 -18 -3 -14 -7 -20 -6 -18 -5 -18 -4 -16 -7 -13 -10 -13 -9 -15 -6 -16 -5 -17 -6 -16 -8 -16 -3 -15 -10 -14 -5 -13 -4 -16 -10 -13 -9 -12 -8 -13 -5 -12 -3 1 1 -16 -5 -15 -7 -15 -8 -11 -6 -14 -7 -16 -2 -17 -2 -12 -1 -16 -5 -12 -2 -14 -2 -15 -5 -12 -2 -12 1 -16 -1 -14 -4 -12 -1 -15 0 -12 -1 -14 0 -13 0 -15 2 -16 3 -18 -3 -13 1 -17 -3 -2 1 0 0 0 0 0 0 0 0 ]
CSI_DATA,AP,68:FE:71:12:53:8C,-39,11,1,5,1,1,1,0,0,0,0,-95,0,6,1,13563573,0,84,0,0,13.564,384,[84 -64 4 0 0 0 0 0 0 0 0 0 19 -3 18 -7 20 -2 23 -2 22 -6 17 -4 18 -4 16 -5 21 -1 21 -2 17 0 20 2 16 2 20 -2 20 0 20 -3 15 3 14 -3 21 0 20 2 20 -2 19 -1 17 1 15 2 19 0 18 1 -1 -2 19 3 18 -4 16 -2 18 -2 13 2 15 -1 12 -3 15 0 13 -4 14 -6 14 -4 15 -5 11 -7 14 -6 11 -6 17 -5 17 -5 16 -6 13 -9 14 -5 15 -3 13 -3 13 -5 18 -8 15 -9 12 -5 2 1 0 0 0 0 0 0 0 0 ]
CSI_DATA,AP,68:FE:71:12:53:8C,-40,11,1,5,1,1,1,0,0,0,0,-93,0,6,1,13674225,0,84,0,0,13.674,384,[84 -64 4 0 0 0 0 0 0 0 0 0 -13 11 -19 14 -17 10 -18 16 -17 12 -19 14 -20 8 -18 10 -18 8 -19 8 -18 13 -17 7 -15 13 -16 6 -19 7 -19 5 -15 5 -18 7 -18 5 -18 4 -16 8 -17 6 -19 4 -16 7 -17 5 -16 8 0 3 -15 11 -16 9 -15 11 -17 10 -13 10 -17 11 -11 7 -11 9 -15 6 -11 10 -15 8 -11 12 -10 9 -10 9 -16 12 -16 15 -12 12 -15 11 -11 12 -10 13 -14 10 -13 11 -8 15 -7 13 -7 16 -11 15 -1 -2 0 0 0 0 0 0 0 0 ]
CSI_DATA,AP,68:FE:71:12:53:8C,-40,11,1,5,1,1,1,0,0,0,0,-95,0,6,1,13769686,0,84,0,0,13.77,384,[84 -64 4 0 0 0 0 0 0 0 0 0 26 -14 25 -12 26 -14 31 -13 30 -8 26 -6 29 -10 26 -7 30 -10 25 -8 30 -5 27 -5 27 -8 30 -9 24 -4 27 -3 25 -7 26 -6 25 -3 24 -4 26 -2 22 -7 27 -6 22 -3 24 -5 23 -6 1 -3 23 -3 28 -10 26 -5 21 -10 22 -10 24 -6 22 -11 20 -10 24 -7 22 -8 26 -7 20 -8 24 -12 23 -13 24 -9 18 -15 22 -14 19 -12 23 -15 17 -13 21 -14 20 -10 21 -13 20 -12 22 -17 19 -15 -2 0 0 0 0 0 0 0 0 0 ]
CSI_DATA,AP,68:FE:71:12:53:8C,-42,11,1,4,1,1,1,0,0,0,0,-96,0,6,1,13875338,0,84,0,0,13.875,384,[84 -64 4 0 0 0 0 0 0 0 0 0 2 -22 1 -21 0 -23 0 -18 0 -20 2 -19 4 -23 2 -19 1 -21 3 -17 8 -22 4 -21 2 -22 7 -23 4 -16 3 -16 8 -18 8 -15 3 -19 3 -20 3 -15 8 -17 5 -16 4 -19 3 -18 6 -15 2 0 0 -19 5 -20 3 -17 -1 -16 1 -14 3 -14 4 -19 4 -15 2 -17 3 -13 1 -17 -3 -15 4 -20 -2 -17 -1 -19 -1 -13 3 -16 -3 -16 0 -13 1 -15 1 -16 -3 -13 0 -13 -5 -14 1 -19 -3 -13 3 -1 0 0 0 0 0 0 0 0 ]
CSI_DATA,AP,68:FE:71:12:53:8C,-41,11,1,4,1,1,1,0,0,0,0,-94,0,6,1,13951960,0,84,0,0,13.952,384,[84 -64 4 0 0 0 0 0 0 0 0 0 -18 8 -21 10 -20 7 -20 9 -17 4 -22 6 -22 5 -20 3 -17 4 -20 6 -23 2 -22 4 -23 0 -21 -1 -20 -1 -22 4 -15 1 -21 1 -14 2 -16 0 -18 1 -16 -1 -14 3 -14 -1 -14 2 -20 2 2 -2 -15 -1 -18 2 -17 6 -17 2 -18 1 -19 6 -19 4 -17 3 -17 5 -13 7 -17 2 -15 7 -15 3 -13 7 -18 3 -16 6 -13 6 -17 3 -13 4 -17 9 -12 10 -14 9 -16 10 -16 9 -15 5 -10 10 -2 -2 0 0 0 0 0 0 0 0 ]
CSI_DATA,AP,68:FE:71:12:53:8C,-43,11,1,4,1,1,1,0,0,0,0,-95,0,6,1,14024783,0,84,0,0,14.025,384,[84 -64 4 0 0 0 0 0 0 0 0 0 8 7 7 10 1 12 7 6 6 8 4 9 0 11 3 8 2 9 3 7 6 6 4 11 -1 5 3 10 5 9 1 10 1 6 -2 9 5 8 0 10 4 5 3 4 -1 5 0 9 3 4 -1 5 0 0 4 10 5 9 3 6 3 4 5 3 3 4 3 7 1 9 1 8 4 6 -1 8 5 8 1 3 4 8 4 8 4 2 3 6 6 2 6 3 6 4 5 8 6 5 2 9 2 4 5 6 6 6 1 3 0 0 0 0 0 0 0 0 ]
CSI_DATA,AP,68:FE:71:12:53:8C,-41,11,1,5,1,1,1,0,0,0,0,-93,0,6,1,14115813,0,84,0,0,14.116,384,[84 -64 4 0 0 0 0 0 0 0 0 0 17 -7 20 -6 18 0 16 0 16 0 15 -3 17 3 17 -3 17 1 18 2 15 2 18 1 15 1 15 2 13 -1 13 2 14 3 17 2 14 2 12 5 16 3 13 2 12 -1 12 -1 16 2 13 -2 2 -3 13 2 15 1 13 -2 16 2 16 1 12 -1 13 -1 14 -2 16 2 15 0 11 -2 13 -1 16 -5 12 1 16 0 14 1 16 -2 16 0 15 -6 14 -2 16 0 10 -5 11 -7 15 -5 11 -4 16 -6 -1 3 0 0 0 0 0 0 0 0 ]
CSI_DATA,AP,68:FE:71:12:53:8C,-44,11,1,5,1,1,1,0,0,0,0,-94,0,6,1,14182086,0,84,0,0,14.182,384,[84 -64 4 0 0 0 0 0 0 0 0 0 12 -17 15 -17 14 -14 10 -12 16 -10 11 -10 14 -14 14 -12 14 -13 11 -14 17 -14 15 -9 11 -10 15 -11 13 -7 11 -7 16 -10 15 -8 17 -6 17 -8 15 -8 14 -5 16 -7 14 -6 15 -7 15 -10 0 3 14 -7 11 -9 10 -8 9 -9 11 -8 13 -10 8 -12 9 -7 8 -7 8 -12 10 -8 12 -10 12 -8 10 -12 10 -8 12 -11 7 -13 12 -13 8 -14 5 -12 9 -14 10 -13 5 -15 6 -14 9 -13 8 -12 0 1 0 0 0 0 0 0 0 0 ]
CSI_DATA,AP,68:FE:71:12:53:8C,-36,11,1,5,1,1,1,0,0,0,0,-94,0,6,1,14280953,0,84,0,0,14.281,384,[84 -64 4 0 0 0 0 0 0 0 0 0 -22 2 -18 4 -21 0 -18 1 -23 0 -19 3 -20 -2 -22 2 -19 3 -20 1 -21 -2 -23 -4 -20 -5 -20 0 -20 -3 -19 -2 -20 -2 -17 -2 -16 0 -17 0 -16 0 -16 0 -20 0 -15 -2 -18 1 -18 -1 0 2 -18 1 -17 2 -14 -2 -19 2 -17 0 -17 2 -19 1 -14 1 -17 -2 -18 3 -16 2 -16 3 -19 5 -12 3 -18 4 -17 6 -13 6 -15 7 -17 3 -18 4 -17 6 -17 8 -12 4 -17 6 -15 7 -18 9 3 -3 0 0 0 0 0 0 0 0 ]
CSI_DATA,AP,68:FE:71:12:53:8C,-33,11,1,7,1,1,1,0,0,0,0,-95,0,6,1,14410450,0,84,0,0,14.41,384,[84 -64 4 0 0 0 0 0 0 0 0 0 8 13 5 14 1 14 1 16 0 17 1 14 3 16 0 18 -3 20 2 14 -2 18 1 20 3 19 1 13 2 17 -4 15 1 14 -1 13 0 15 0 14 -3 17 -4 17 -1 15 1 12 -3 12 1 13 -2 1 -1 13 2 14 1 15 -1 13 -2 14 -2 10 1 14 3 11 4 15 3 11 6 13 6 15 4 10 3 11 5 14 3 10 2 13 3 13 2 14 1 11 1 16 2 11 3 15 9 11 9 15 9 12 2 -1 0 0 0 0 0 0 0 0 ]
CSI_DATA,AP,68:FE:71:12:53:8C,-37,11,1,7,1,1,1,0,0,0,0,-93,0,6,1,14487460,0,84,0,0,14.487,384,[84 -64 4 0 0 0 0 0 0 0 0 0 14 -10 14 -10 19 -15 18 -11 15 -14 16 -14 16 -9 17 -11 15 -9 18 -12 14 -11 15 -7 15 -12 20 -11 15 -6 20 -5 17 -8 14 -5 14 -8 14 -6 13 -9 13 -5 12 -9 12 -9 18 -10 17 -7 -2 -2 13 -4 16 -9 17 -10 15 -6 17 -8 14 -5 14 -9 10 -11 16 -6 16 -12 14 -12 13 -9 14 -9 9 -11 15 -12 9 -14 16 -13 14 -10 13 -11 14 -13 13 -8 9 -13 12 -9 13 -15 13 -9 14 -14 -1 -3 0 0 0 0 0 0 0 0 ]
CSI_DATA,AP,68:FE:71:12:53:8C,-41,11,1,4,1,1,1,0,0,0,0,-96,0,6,1,14583142,0,84,0,0,14.583,384,[84 -64 4 0 0 0 0 0 0 0 0 0 9 -18 8 -21 9 -19 7 -17 10 -20 7 -19 12 -20 11 -16 11 -19 7 -16 13 -16 12 -17 11 -14 12 -13 13 -15 13 -12 11 -12 10 -18 12 -14 12 -18 6 -13 7 -13 12 -15 9 -18 11 -17 9 -14 1 2 5 -17 7 -15 8 -17 6 -17 6 -14 8 -12 4 -18 4 -16 9 -12 5 -13 4 -16 2 -15 2 -12 1 -13 5 -14 1 -17 6 -16 1 -17 5 -19 5 -14 0 -16 3 -16 0 -14 5 -19 2 -14 4 -20 1 1 0 0 0 0 0 0 0 0 ]
CSI_DATA,AP,68:FE:71:12:53:8C,-40,11,1,4,1,1,1,0,0,0,0,-96,0,6,1,14675000,0,84,0,0,14.675,384,[84 -64 4 0 0 0 0 0 0 0 0 0 -17 -15 -18 -13 -17 -13 -15 -13 -16 -16 -17 -12 -14 -13 -13 -15 -11 -18 -10 -13 -15 -18 -11 -16 -16 -14 -16 -12 -15 -17 -14 -12 -8 -12 -14 -13 -10 -14 -13 -16 -10 -17 -14 -17 -9 -16 -11 -15 -12 -15 -8 -15 -1 1 -11 -13 -11 -15 -8 -9 -13 -8 -14 -12 -12 -13 -10 -13 -8 -14 -15 -11 -16 -8 -16 -7 -12 -12 -14 -10 -11 -12 -13 -8 -13 -8 -13 -10 -17 -10 -12 -5 -12 -4 -12 -10 -17 -8 -14 -6 -19 -5 -12 -3 -14 -9 3 0 0 0 0 0 0 0 0 0 ]
CSI_DATA,AP,68:FE:71:12:53:8C,-37,11,1,6,1,1,1,0,0,0,0,-94,0,6,1,14785714,0,84,0,0,14.786,384,[84 -64 4 0 0 0 0 0 0 0 0 0 -12 13 -13 13 -14 16 -13 14 -16 10 -18 8 -15 12 -19 11 -17 8 -20 9 -20 9 -21 8 -18 7 -20 7 -17 10 -14 6 -18 7 -18 8 -17 10 -12 8 -14 6 -12 8 -17 8 -12 5 -13 9 -14 6 -2 -1 -15 11 -16 8 -11 10 -14 11 -11 6 -16 12 -10 10 -13 9 -15 12 -12 11 -12 7 -14 8 -10 8 -8 8 -11 12 -8 13 -14 13 -8 9 -8 10 -11 13 -9 11 -6 10 -9 14 -8 12 -7 10 -10 14 3 1 0 0 0 0 0 0 0 0 ]
CSI_DATA,AP,68:FE:71:12:53:8C,-39,11,1,4,1,1,1,0,0,0,0,-95,0,6,1,14865393,0,84,0,0,14.865,384,[84 -64 4 0 0 0 0 0 0 0 0 0 16 -17 16 -15 15 -17 14 -13 17 -16 19 -15 16 -10 15 -9 16 -9 16 -13 17 -7 15 -11 20 -12 19 -11 18 -10 14 -10 13 -9 16 -12 12 -6 13 -7 14 -8 13 -7 11 -9 15 -8 17 -10 17 -7 3 1 14 -6 14 -11 17 -6 12 -8 14 -11 10 -11 14 -10 14 -10 15 -9 10 -12 14 -12 9 -8 9 -11 8 -11 13 -14 8 -12 13 -15 9 -12 8 -11 11 -11 12 -14 8 -11 11 -16 7 -17 11 -14 12 -10 -1 0 0 0 0 0 0 0 0 0 ]
CSI_DATA,AP,68:FE:71:12:53:8C,-39,11,1,6,1,1,1,0,0,0,0,-95,0,6,1,14956134,0,84,0,0,14.956,384,[84 -64 4 0 0 0 0 0 0 0 0 0 -16 7 -17 7 -17 5 -14 1 -18 4 -15 4 -15 3 -17 -1 -15 5 -20 -2 -17 0 -18 0 -17 2 -15 2 -13 -1 -18 -2 -12 -3 -13 -2 -14 1 -18 0 -15 0 -14 -2 -16 -4 -16 0 -13 -2 -16 0 2 -2 -12 -3 -15 -1 -17 1 -13 2 -10 0 -12 -2 -12 -2 -15 2 -16 -1 -13 5 -10 3 -13 3 -11 6 -11 1 -9 6 -15 4 -13 5 -14 3 -12 7 -12 3 -11 1 -12 1 -9 3 -10 3 -9 7 -9 6 -3 -3 0 0 0 0 0 0 0 0 ]
CSI_DATA,AP,68:FE:71:12:53:8C,-38,11,1,7,1,1,1,0,0,0,0,-95,0,6,1,15035405,0,84,0,0,15.035,384,[84 -64 4 0 0 0 0 0 0 0 0 0 -9 15 -11 20 -10 18 -14 15 -14 14 -10 14 -11 17 -11 11 -16 15 -10 17 -17 14 -16 15 -14 14 -12 13 -16 12 -12 16 -17 16 -17 11 -15 14 -16 10 -13 10 -13 9 -11 12 -15 10 -16 14 -16 9 2 1 -10 12 -13 14 -13 11 -14 14 -13 14 -9 10 -11 16 -8 12 -7 12 -7 10 -9 11 -6 12 -6 17 -7 15 -12 11 -5 11 -11 15 -8 12 -8 14 -9 13 -7 17 -5 12 -5 16 -2 19 -5 14 -6 13 1 2 0 0 0 0 0 0 0 0 ]
CSI_DATA,AP,68:FE:71:12:53:8C,-39,11,1,4,1,1,1,1,0,0,0,-93,5,6,1,15129587,0,84,0,0,15.13,384,[84 -64 4 0 0 0 0 0 0 0 0 0 11 -19 10 -18 10 -20 11 -19 14 -16 8 -18 12 -16 9 -16 12 -14 14 -15 13 -15 12 -18 13 -12 14 -13 10 -17 12 -16 14 -16 15 -15 9 -16 14 -15 11 -13 15 -17 9 -10 11 -17 13 -16 14 -11 1 2 14 -12 8 -15 7 -13 8 -16 9 -14 7 -18 12 -13 8 -15 11 -17 10 -18 9 -13 5 -14 8 -14 5 -13 8 -17 9 -16 4 -17 4 -20 7 -18 4 -17 8 -17 3 -18 6 -21 4 -16 1 -15 2 -18 2 0 0 0 0 0 0 0 0 0 ]
CSI_DATA,AP,68:FE:71:12:53:8C,-42,11,1,4,1,1,1,1,0,0,0,-95,3,6,1,15237438,0,84,0,0,15.237,384,[84 -64 4 0 0 0 0 0 0 0 0 0 -18 15 -18 10 -21 11 -20 15 -18 12 -16 11 -20 11 -21 8 -22 10 -17 12 -21 12 -24 9 -20 10 -19 10 -22 8 -18 6 -22 11 -20 6 -15 6 -20 6 -15 3 -16 5 -14 8 -16 5 -15 5 -14 10 -3 -1 -20 4 -19 5 -16 10 -12 9 -12 7 -14 5 -18 8 -17 7 -17 11 -14 10 -15 13 -16 11 -15 10 -14 7 -15 13 -12 10 -13 12 -16 8 -17 9 -12 12 -14 9 -15 12 -15 10 -9 13 -10 13 -9 13 2 0 0 0 0 0 0 0 0 0 ]
CSI_DATA,AP,68:FE:71:12:53:8C,-38,11,1,7,1,1,1,0,0,0,0,-94,0,6,1,15333178,0,84,0,0,15.333,384,[84 -64 4 0 0 0 0 0 0 0 0 0 -20 -17 -20 -15 -21 -16 -15 -13 -17 -16 -14 -15 -14 -20 -15 -15 -10 -18 -16 -21 -17 -20 -14 -21 -12 -22 -10 -21 -9 -14 -14 -22 -11 -19 -11 -18 -11 -20 -12 -15 -11 -15 -13 -17 -9 -16 -7 -16 -12 -14 -13 -14 2 -2 -11 -12 -14 -17 -13 -12 -15 -14 -11 -14 -14 -12 -8 -15 -14 -13 -15 -12 -14 -9 -11 -13 -14 -12 -16 -13 -11 -11 -12 -11 -11 -13 -16 -14 -12 -13 -16 -14 -17 -11 -11 -11 -11 -11 -16 -12 -16 -10 -13 -10 -13 -14 3 -1 0 0 0 0 0 0 0 0 ]
CSI_DATA,AP,68:FE:71:12:53:8C,-38,11,1,7,1,1,1,1,0,0,0,-94,6,6,1,15429004,0,84,0,0,15.429,384,[84 -64 4 0 0 0 0 0 0 0 0 0 19 -15 18 -15 19 -9 23 -13 21 -9 21 -11 22 -9 20 -9 21 -6 22 -8 19 -11 21 -7 21 -9 22 -6 17 -4 21 -6 15 -8 15 -6 20 -2 19 -7 21 -6 18 -7 15 -4 16 -7 19 -7 15 -8 -2 2 16 -6 17 -7 18 -9 19 -7 13 -8 18 -4 18 -10 14 -11 17 -8 15 -10 18 -10 16 -11 15 -10 11 -9 13 -10 12 -9 17 -10 14 -14 15 -13 10 -12 15 -13 11 -11 10 -14 10 -15 15 -11 12 -10 -3 1 0 0 0 0 0 0 0 0 ]
CSI_DATA,AP,68:FE:71:12:53:8C,-37,11,1,6,1,1,1,1,0,0,0,-95,2,6,1,15506740,0,84,0,0,15.507,384,[84 -64 4 0 0 0 0 0 0 0 0 0 20 -6 18 -5 18 -1 24 -4 21 2 19 3 19 2 18 -2 18 0 21 3 23 0 22 6 17 6 20 4 16 3 19 6 20 4 20 7 18 0 20 6 14 6 15 4 17 6 17 5 20 6 15 3 2 -2 16 4 16 2 19 2 20 0 18 2 18 3 14 -1 19 2 18 3 14 -3 14 -3 18 2 17 3 14 -3 18 0 19 -2 14 1 19 -2 17 -1 13 -2 16 -4 15 -5 18 -7 14 -4 16 -5 14 -3 1 3 0 0 0 0 0 0 0 0 ]
CSI_DATA,AP,68:FE:71:12:53:8C,-40,11,1,5,1,1,1,0,0,0,0,-96,0,6,1,15604652,0,84,0,0,15.605,384,[84 -64 4 0 0 0 0 0 0 0 0 0 -12 -15 -11 -20 -12 -19 -11 -24 -7 -21 -6 -21 -7 -24 -6 -20 -7 -18 -9 -19 -10 -23 -10 -24 -9 -21 -3 -20 -7 -20 -3 -19 -5 -19 -7 -19 -8 -20 -8 -20 -3 -20 -6 -22 -5 -19 -6 -20 -5 -18 -9 -17 1 -2 -6 -19 -8 -14 -4 -15 -7 -14 -4 -18 -8 -17 -9 -14 -8 -19 -8 -16 -6 -16 -7 -17 -10 -14 -6 -16 -9 -16 -8 -12 -8 -18 -9 -19 -10 -15 -6 -14 -10 -16 -11 -14 -12 -14 -14 -13 -11 -14 -10 -17 -14 -13 -1 -3 0 0 0 0 0 0 0 0 ]
CSI_DATA,AP,68:FE:71:12:53:8C,-42,11,1,5,1,1,1,0,0,0,0,-95,0,6,1,15701609,0,84,0,0,15.702,384,[84 -64 4 0 0 0 0 0 0 0 0 0 3 25 0 21 3 20 -1 21 0 20 -6 18 -2 19 0 22 -6 22 -5 22 -4 25 -8 19 -4 19 -8 19 -7 22 -9 21 -7 18 -9 21 -9 15 -3 16 -6 19 -5 17 -5 17 -7 21 -8 22 -3 15 -3 2 -5 14 -3 21 -6 15 -2 17 -3 14 -3 19 -2 17 -2 19 0 14 0 16 2 17 1 20 1 14 -3 18 -2 19 2 15 -1 18 -1 15 3 17 0 19 1 16 3 14 2 14 1 20 0 19 4 16 -1 -2 0 0 0 0 0 0 0 0 ]
CSI_DATA,AP,68:FE:71:12:53:8C,-40,11,1,6,1,1,1,1,0,0,0,-95,2,6,1,15805062,0,84,0,0,15.805,384,[84 -64 4 0 0 0 0 0 0 0 0 0 -17 20 -11 19 -12 14 -20 14 -14 15 -18 13 -17 13 -14 14 -15 16 -14 9 -15 17 -17 11 -15 15 -18 16 -16 15 -17 10 -20 9 -15 11 -17 8 -16 7 -20 12 -18 13 -15 11 -13 10 -16 9 -18 12 -1 -1 -17 13 -11 14 -13 15 -14 11 -13 14 -14 10 -13 15 -14 12 -12 15 -13 10 -8 12 -12 15 -11 15 -12 16 -13 13 -9 17 -12 16 -10 14 -7 17 -6 16 -12 12 -6 11 -10 18 -8 15 -10 12 -5 15 0 1 0 0 0 0 0 0 0 0 ]
CSI_DATA,AP,68:FE:71:12:53:8C,-39,11,1,4,1,1,1,0,0,0,0,-96,0,6,1,15893392,0,84,0,0,15.893,384,[84 -64 4 0 0 0 0 0 0 0 0 0 -22 -7 -18 -10 -19 -10 -22 -9 -19 -10 -22 -10 -21 -12 -18 -13 -18 -9 -14 -9 -20 -14 -16 -14 -20 -13 -16 -14 -14 -9 -19 -11 -14 -7 -16 -10 -18 -10 -12 -10 -16 -10 -12 -13 -12 -13 -12 -8 -15 -10 -14 -10 -1 1 -14 -10 -17 -6 -17 -11 -14 -5 -13 -9 -18 -10 -18 -8 -15 -4 -18 -6 -15 -8 -15 -2 -16 -4 -18 -6 -15 -5 -17 -1 -19 -7 -18 -1 -14 -4 -19 -6 -15 -3 -19 -1 -16 -4 -17 -5 -18 0 -19 -3 -17 -3 1 3 0 0 0 0 0 0 0 0 ]
CSI_DATA,AP,68:FE:71:12:53:8C,-35,11,1,7,1,1,1,0,0,0,0,-94,0,6,1,16023259,0,84,0,0,16.023,384,[84 -64 4 0 0 0 0 0 0 0 0 0 -6 16 -7 15 -13 21 -14 17 -11 21 -12 17 -13 15 -14 12 -11 13 -12 15 -12 14 -13 18 -16 12 -13 15 -11 12 -15 12 -13 11 -10 10 -12 11 -16 13 -12 15 -14 11 -13 12 -12 15 -12 12 -11 12 -2 -3 -10 10 -11 16 -14 10 -10 12 -11 14 -10 11 -13 13 -9 11 -8 15 -8 16 -6 14 -9 15 -9 15 -10 12 -7 11 -6 13 -9 17 -9 18 -4 14 -4 15 -5 14 -9 14 -5 16 -2 19 -7 18 -6 15 1 -2 0 0 0 0 0 0 0 0 ]
CSI_DATA,AP,68:FE:71:12:53:8C,-37,11,1,7,1,1,1,0,0,0,0,-94,0,6,1,16112148,0,84,0,0,16.112,384,[84 -64 4 0 0 0 0 0 0 0 0 0 -9 -19 -11 -20 -6 -20 -8 -22 -7 -19 -4 -18 -2 -19 -2 -21 -5 -21 -6 -20 -4 -22 -2 -21 -3 -23 -2 -22 -4 -18 0 -23 -1 -20 -1 -16 -2 -20 1 -16 -1 -18 -5 -18 1 -13 -6 -15 -6 -21 -1 -20 0 0 -5 -15 -2 -20 -1 -19 -2 -13 -6 -16 -2 -19 -3 -18 -6 -17 -5 -14 -3 -17 -6 -13 -8 -14 -6 -17 -10 -19 -4 -18 -5 -16 -6 -14 -6 -17 -11 -17 -8 -15 -7 -13 -8 -12 -8 -14 -9 -13 -8 -11 -12 -13 0 -1 0 0 0 0 0 0 0 0 ]
CSI_DATA,AP,68:FE:71:12:53:8C,-41,11,1,6,1,1,1,0,0,0,0,-94,0,6,1,16158807,0,84,0,0,16.159,384,[84 -64 4 0 0 0 0 0 0 0 0 0 10 19 7 19 7 21 9 21 5 21 2 23 4 23 6 19 0 20 2 16 2 22 4 18 3 24 -1 21 2 18 3 20 3 18 2 19 0 16 4 21 -2 19 -2 17 3 14 3 17 2 16 5 17 2 1 1 14 0 16 2 15 5 15 0 19 3 20 5 15 7 16 4 15 5 17 9 14 4 13 3 15 7 18 5 13 9 16 6 18 8 12 5 11 7 14 4 15 5 14 11 16 8 12 5 16 11 15 2 3 0 0 0 0 0 0 0 0 ]
CSI_DATA,AP,68:FE:71:12:53:8C,-41,11,1,5,1,1,1,0,0,0,0,-96,0,6,1,16236636,0,84,0,0,16.237,384,[84 -64 4 0 0 0 0 0 0 0 0 0 -18 -2 -19 -6 -22 -6 -26 -4 -22 -5 -18 -7 -19 -7 -19 -12 -17 -11 -18 -7 -23 -11 -19 -6 -19 -9 -21 -10 -20 -9 -19 -12 -14 -7 -13 -12 -13 -8 -13 -8 -15 -8 -13 -11 -15 -6 -15 -7 -14 -6 -14 -7 1 1 -13 -11 -14 -10 -19 -5 -15 -6 -13 -4 -13 -6 -13 -4 -16 -5 -14 -6 -17 -6 -20 -5 -17 -5 -20 -5 -18 -1 -19 -1 -19 -2 -20 -5 -15 -4 -17 -2 -20 -1 -18 -6 -18 0 -20 -4 -21 -4 -14 -3 -17 2 3 2 0 0 0 0 0 0 0 0 ]
CSI_DATA,AP,68:FE:71:12:53:8C,-42,11,1,4,1,1,1,0,0,0,0,-95,0,6,1,16348224,0,84,0,0,16.348,384,[84 -64 4 0 0 0 0 0 0 0 0 0 10 20 8 17 8 20 11 19 7 17 5 20 8 22 3 16 5 17 4 16 6 23 4 22 2 21 4 22 4 17 0 24 2 17 0 20 -1 16 4 19 1 17 2 15 0 18 3 19 5 18 0 18 -3 -3 0 15 7 14 6 14 6 19 7 17 1 16 1 18 4 18 3 16 4 16 9 17 5 15 9 12 4 14 9 13 11 14 8 12 12 16 5 11 10 11 9 13 7 14 7 13 13 16 7 11 9 10 2 1 0 0 0 0 0 0 0 0 ]
CSI_DATA,AP,68:FE:71:12:53:8C,-39,11,1,4,1,1,1,1,0,0,0,-93,6,6,1,16440232,0,84,0,0,16.44,384,[84 -64 4 0 0 0 0 0 0 0 0 0 -16 16 -15 13 -19 19 -18 18 -16 14 -19 10 -18 12 -18 9 -18 10 -18 9 -17 15 -20 13 -19 13 -15 9 -19 7 -21 13 -19 8 -16 10 -20 9 -16 9 -14 11 -15 9 -15 11 -14 11 -16 12 -12 7 0 0 -14 13 -12 7 -16 9 -14 10 -14 8 -13 8 -17 7 -14 8 -12 11 -10 10 -10 16 -10 11 -9 9 -12 13 -9 12 -12 13 -8 14 -12 15 -10 15 -10 13 -10 14 -9 13 -12 16 -11 17 -13 12 -11 11 1 -1 0 0 0 0 0 0 0 0 ]
CSI_DATA,AP,68:FE:71:12:53:8C,-39,11,1,6,1,1,1,0,0,0,0,-95,0,6,1,16518021,0,84,0,0,16.518,384,[84 -64 4 0 0 0 0 0 0 0 0 0 -21 -4 -22 -7 -23 -3 -20 -9 -20 -7 -16 -6 -21 -11 -17 -5 -21 -9 -20 -11 -17 -13 -19 -8 -22 -13 -21 -8 -13 -11 -19 -11 -15 -13 -16 -9 -17 -6 -19 -12 -17 -8 -17 -9 -18 -7 -18 -8 -15 -12 -14 -10 2 1 -17 -9 -16 -7 -17 -10 -17 -8 -17 -8 -18 -10 -17 -7 -15 -8 -19 -8 -19 -5 -19 -6 -17 -5 -20 -4 -15 -7 -17 -3 -16 -3 -16 -5 -20 -2 -20 0 -15 0 -15 -3 -15 -5 -15 -4 -17 -1 -14 -2 -20 1 1 -1 0 0 0 0 0 0 0 0 ]
CSI_DATA,AP,68:FE:71:12:53:8C,-40,11,1,4,1,1,1,0,0,0,0,-93,0,6,1,16614997,0,84,0,0,16.615,384,[84 -64 4 0 0 0 0 0 0 0 0 0 4 -23 3 -19 3 -17 6 -22 5 -21 6 -19 12 -17 7 -14 6 -19 6 -17 7 -17 10 -18 9 -21 6 -20 12 -16 9 -19 10 -15 6 -11 9 -15 11 -16 8 -15 8 -12 9 -10 10 -15 8 -19 7 -13 -1 3 8 -13 9 -17 6 -15 8 -12 7 -15 6 -14 5 -18 7 -16 6 -12 2 -13 5 -17 2 -18 7 -15 5 -15 3 -16 6 -16 1 -17 4 -19 5 -16 2 -13 7 -15 3 -19 2 -18 1 -17 3 -16 4 -14 -1 -1 0 0 0 0 0 0 0 0 ]
CSI_DATA,AP,68:FE:71:12:53:8C,-42,11,1,6,1,1,1,0,0,0,0,-94,0,6,1,16692930,0,84,0,0,16.693,384,[84 -64 4 0 0 0 0 0 0 0 0 0 3 -30 3 -29 4 -32 6 -29 5 -31 11 -26 11 -28 13 -28 12 -29 9 -28 10 -31 10 -25 13 -29 13 -27 13 -24 16 -27 11 -27 11 -23 9 -21 10 -19 14 -24 13 -21 8 -20 11 -23 11 -26 11 -19 3 3 9 -19 13 -24 7 -21 10 -22 8 -25 10 -22 7 -22 6 -24 7 -20 7 -20 9 -23 6 -20 1 -20 8 -19 6 -25 3 -21 7 -28 2 -27 2 -20 2 -26 3 -22 5 -21 0 -27 1 -25 -1 -22 4 -25 -3 0 0 0 0 0 0 0 0 0 ]
CSI_DATA,AP,68:FE:71:12:53:8C,-38,11,1,5,1,1,1,0,0,0,0,-94,0,6,1,16802392,0,84,0,0,16.802,384,[84 -64 4 0 0 0 0 0 0 0 0 0 -22 5 -23 6 -24 6 -25 1 -24 -1 -18 0 -25 -2 -21 -3 -22 1 -17 1 -19 -2 -18 -3 -19 -1 -18 -7 -22 -2 -20 -3 -21 -4 -20 -5 -19 -4 -19 -5 -16 -4 -20 -1 -19 -5 -21 -5 -22 -3 -21 -5 -1 -1 -19 -4 -20 1 -18 -3 -21 -1 -20 -1 -20 0 -18 2 -21 0 -14 0 -16 1 -17 4 -14 2 -18 0 -19 -2 -15 4 -15 3 -15 2 -20 1 -18 2 -15 2 -20 2 -18 1 -15 3 -21 3 -19 1 -20 2 -3 2 0 0 0 0 0 0 0 0 ]
CSI_DATA,AP,68:FE:71:12:53:8C,-41,11,1,4,1,1,1,0,0,0,0,-96,0,6,1,16915525,0,84,0,0,16.916,384,[84 -64 4 0 0 0 0 0 0 0 0 0 4 -22 4 -23 5 -19 3 -21 10 -22 5 -17 10 -19 8 -16 12 -20 9 -20 8 -21 12 -16 9 -16 8 -19 13 -18 7 -17 13 -15 8 -19 10 -15 9 -17 9 -14 10 -14 10 -16 7 -15 11 -17 6 -15 2 -3 6 -14 10 -12 7 -15 3 -17 4 -13 5 -13 5 -18 6 -17 8 -17 3 -19 6 -13 2 -16 6 -19 3 -13 6 -16 2 -19 6 -15 2 -18 0 -13 4 -14 2 -19 5 -13 2 -18 -1 -14 2 -15 1 -15 -3 -3 0 0 0 0 0 0 0 0 ]
CSI_DATA,AP,68:FE:71:12:53:8C,-36,11,1,7,1,1,1,0,0,0,0,-94,0,6,1,17017745,0,84,0,0,17.018,384,[84 -64 4 0 0 0 0 0 0 0 0 0 -15 15 -14 17 -16 16 -15 18 -12 15 -18 11 -18 14 -16 10 -16 13 -14 7 -18 11 -17 12 -15 13 -15 13 -16 10 -16 8 -14 9 -13 6 -15 10 -14 10 -18 4 -15 5 -11 9 -18 8 -16 9 -14 6 3 0 -12 8 -16 6 -17 10 -11 11 -15 10 -16 9 -17 10 -12 9 -14 12 -14 10 -13 11 -14 10 -14 13 -8 13 -10 12 -10 9 -13 11 -7 13 -11 12 -10 10 -12 11 -9 13 -8 13 -9 14 -8 9 -9 13 0 -2 0 0 0 0 0 0 0 0 ]
CSI_DATA,AP,68:FE:71:12:53:8C,-40,11,1,6,1,1,1,0,0,0,0,-94,0,6,1,17099510,0,84,0,0,17.1,384,[84 -64 4 0 0 0 0 0 0 0 0 0 21 6 18 4 17 1 20 7 18 4 17 4 19 7 19 5 14 10 12 5 16 6 14 5 19 8 18 6 12 7 12 12 16 6 14 7 14 11 15 9 11 10 16 10 9 6 17 10 17 10 13 9 2 3 11 8 11 5 12 6 11 5 10 5 17 5 13 8 12 3 14 7 16 3 14 2 11 6 15 4 12 4 17 3 18 5 18 5 17 3 14 3 14 1 17 4 12 4 13 0 17 -2 12 2 16 -1 0 0 0 0 0 0 0 0 0 0 ]
CSI_DATA,AP,68:FE:71:12:53:8C,-42,11,1,6,1,1,1,0,0,0,0,-94,0,6,1,17169503,0,84,0,0,17.17,384,[84 -64 4 0 0 0 0 0 0 0 0 0 17 -3 18 0 21 -2 17 0 18 1 15 1 14 1 15 0 19 1 16 4 16 2 14 5 18 3 18 3 16 5 14 7 16 3 14 2 18 6 18 5 15 7 16 4 11 2 17 6 18 7 13 1 -2 0 16 4 13 7 13 5 18 3 13 0 14 4 12 6 12 4 14 0 13 4 18 2 16 -2 14 -1 16 1 15 1 15 -2 16 4 16 2 13 0 16 -3 14 2 12 -1 17 -3 13 -2 12 -2 15 -5 3 -1 0 0 0 0 0 0 0 0 ]
CSI_DATA,AP,68:FE:71:12:53:8C,-42,11,1,4,1,1,1,0,0,0,0,-94,0,6,1,17245203,0,82,0,0,17.245,384,[84 -64 4 0 0 0 0 0 0 0 0 0 -1 17 3 20 3 24 0 23 -4 25 -4 17 -2 24 -2 22 -6 18 -3 18 -6 20 -2 23 -3 17 -8 20 -3 21 -6 21 -8 20 -6 16 -8 16 -2 20 -4 20 -8 15 -6 18 -7 20 -4 17 -6 19 -3 -3 -7 19 -3 18 -4 16 -3 20 -6 16 -6 17 -4 18 -1 18 -1 16 -1 14 -4 19 -3 16 -3 17 -2 16 -2 14 3 19 -2 19 -1 14 -2 15 2 15 -1 19 2 18 0 17 4 20 -1 13 2 17 3 -1 0 0 0 0 0 0 0 0 ]
CSI_DATA,AP,68:FE:71:12:53:8C,-38,11,1,6,1,1,1,0,0,0,0,-95,0,6,1,17345628,0,84,0,0,17.346,384,[84 -64 4 0 0 0 0 0 0 0 0 0 -11 6 -14 6 -11 8 -11 7 -11 9 -10 7 -15 7 -13 6 -11 3 -12 3 -9 3 -14 7 -15 5 -14 5 -10 3 -10 5 -14 1 -13 -1 -13 0 -9 4 -12 5 -14 2 -8 0 -9 4 -10 3 -13 4 -1 0 -10 5 -13 3 -11 2 -7 5 -7 6 -9 2 -6 4 -6 3 -6 6 -5 6 -8 7 -7 6 -10 3 -7 2 -5 6 -8 3 -10 4 -3 3 -7 3 -6 7 -9 2 -8 5 -3 6 -9 8 -8 9 -9 6 1 0 0 0 0 0 0 0 0 0 ]
CSI_DATA,AP,68:FE:71:12:53:8C,-37,11,1,5,1,1,1,0,0,0,0,-94,0,6,1,17425426,0,84,0,0,17.425,384,[84 -64 4 0 0 0 0 0 0 0 0 0 12 10 14 7 15 12 11 15 10 11 9 10 12 12 14 11 12 16 12 13 14 12 12 15 7 14 6 12 7 12 11 17 5 13 11 12 10 15 5 12 6 9 7 13 6 9 7 13 8 10 7 15 -3 -3 8 12 8 12 9 9 9 8 11 13 12 12 7 7 6 6 6 11 12 10 8 9 9 6 9 5 14 8 9 5 8 8 8 10 15 6 14 7 15 6 15 5 8 3 11 3 16 8 12 8 13 8 1 1 0 0 0 0 0 0 0 0 ]
CSI_DATA,AP,68:FE:71:12:53:8C,-43,11,1,5,1,1,1,1,0,0,0,-96,3,6,1,17498390,0,84,0,0,17.498,384,[84 -64 4 0 0 0 0 0 0 0 0 0 15 7 16 10 12 7 14 10 13 8 10 10 10 11 12 8 10 8 14 14 15 16 12 14 13 15 8 13 10 16 12 15 11 10 10 13 10 15 8 12 11 15 12 14 12 12 11 16 8 13 7 15 2 -2 6 10 7 8 6 14 8 13 10 11 11 8 6 10 11 7 11 7 13 8 12 9 11 6 13 12 13 8 14 6 13 5 10 4 14 9 9 3 11 6 9 6 14 3 13 7 12 3 12 9 13 5 2 2 0 0 0 0 0 0 0 0 ]
CSI_DATA,AP,68:FE:71:12:53:8C,-41,11,1,6,1,1,1,0,0,0,0,-96,0,6,1,17598624,0,84,0,0,17.599,384,[84 -64 4 0 0 0 0 0 0 0 0 0 5 -14 6 -17 7 -20 6 -15 6 -16 10 -16 11 -14 11 -16 10 -16 12 -13 13 -13 14 -16 13 -15 7 -11 7 -12 8 -15 8 -11 11 -14 9 -10 9 -10 11 -9 11 -9 8 -12 13 -10 12 -13 7 -9 -2 0 7 -13 5 -13 7 -10 7 -15 8 -15 7 -15 8 -16 9 -12 4 -16 7 -13 6 -12 3 -13 3 -14 8 -15 8 -11 5 -15 3 -13 1 -13 5 -12 1 -17 3 -17 2 -14 0 -15 5 -16 0 -13 1 -16 1 1 0 0 0 0 0 0 0 0 ]
CSI_DATA,AP,68:FE:71:12:53:8C,-38,11,1,7,1,1,1,0,0,0,0,-95,0,6,1,17697162,0,84,0,0,17.697,384,[84 -64 4 0 0 0 0 0 0 0 0 0 3 7 9 7 5 1 4 2 3 2 6 8 8 4 8 4 5 3 2 3 5 8 3 6 6 4 7 3 8 8 6 6 7 8 7 3 5 7 6 5 5 9 2 3 3 7 3 3 6 6 5 3 -2 3 6 3 1 5 6 8 5 4 5 7 5 2 6 4 5 2 4 7 4 1 7 7 7 6 7 4 7 1 8 6 6 3 8 3 6 3 6 7 3 7 4 4 4 7 7 5 7 2 9 1 4 5 3 -3 0 0 0 0 0 0 0 0 ]
CSI_DATA,AP,68:FE:71:12:53:8C,-42,11,1,4,1,1,1,0,0,0,0,-95,0,6,1,17814038,0,84,0,0,17.814,384,[84 -64 4 0 0 0 0 0 0 0 0 0 5 -23 4 -19 1 -25 2 -22 2 -22 2 -22 5 -23 7 -19 5 -19 5 -22 7 -19 8 -20 5 -18 10 -21 10 -16 8 -19 11 -19 8 -16 10 -14 7 -18 10 -15 5 -15 9 -13 5 -15 4 -17 10 -14 1 -1 6 -15 8 -16 5 -20 7 -15 7 -15 4 -17 3 -18 4 -14 1 -15 3 -17 0 -14 0 -15 1 -14 1 -14 3 -19 3 -14 3 -15 -1 -16 -3 -17 0 -18 -3 -16 -1 -15 -4 -15 -2 -15 -3 -14 -1 -13 3 -3 0 0 0 0 0 0 0 0 ]
CSI_DATA,AP,68:FE:71:12:53:8C,-43,11,1,5,1,1,1,0,0,0,0,-93,0,6,1,17891586,0,84,0,0,17.892,384,[84 -64 4 0 0 0 0 0 0 0 0 0 -1 19 -6 17 -6 20 -6 19 -4 17 -7 15 -10 18 -10 17 -6 14 -4 15 -11 12 -8 12 -6 12 -5 10 -9 11 -7 11 -10 13 -4 11 -6 7 -8 10 -5 10 -9 9 -2 10 -4 10 -7 13 -5 7 3 -3 -3 8 -1 13 -7 12 -3 9 -4 11 -2 12 -5 8 0 11 -4 8 2 7 1 9 -1 11 1 8 -1 12 0 14 0 12 0 12 -1 13 -2 9 1 9 -3 13 -2 10 1 11 2 10 2 13 0 10 0 -1 0 0 0 0 0 0 0 0 ]
CSI_DATA,AP,68:FE:71:12:53:8C,-40,11,1,4,1,1,1,0,0,0,0,-96,0,6,1,18008017,0,84,0,0,18.008,384,[84 -64 4 0 0 0 0 0 0 0 0 0 15 12 19 9 13 15 17 14 18 16 16 11 11 14 9 11 14 16 8 12 7 11 14 10 9 15 10 10 6 12 7 14 7 12 10 8 10 13 10 9 8 7 8 6 6 8 10 9 12 6 9 9 1 0 12 9 10 4 10 9 7 6 10 5 11 4 8 6 12 4 10 7 14 3 9 4 11 6 10 1 15 2 9 0 13 1 11 2 15 0 10 -1 15 -1 15 -1 11 0 11 -1 16 1 12 -2 14 -1 -1 -3 0 0 0 0 0 0 0 0 ]
CSI_DATA,AP,68:FE:71:12:53:8C,-41,11,1,6,1,1,1,0,0,0,0,-96,0,6,1,18107798,0,84,0,0,18.108,384,[84 -64 4 0 0 0 0 0 0 0 0 0 11 20 12 16 10 16 7 20 5 17 3 18 5 18 7 13 4 15 3 20 5 19 6 14 3 19 6 13 0 13 3 16 2 14 2 12 6 10 0 11 1 14 3 14 0 11 3 11 1 11 0 10 0 0 5 7 1 10 3 9 6 8 8 10 5 5 5 5 8 6 5 3 3 6 9 6 5 7 8 4 8 6 6 8 8 1 7 3 11 6 6 2 12 0 11 6 7 2 9 1 9 4 9 -1 13 -2 -3 1 0 0 0 0 0 0 0 0 ]
CSI_DATA,AP,68:FE:71:12:53:8C,-41,11,1,4,1,1,1,0,0,0,0,-95,0,6,1,18212788,0,84,0,0,18.213,384,[84 -64 4 0 0 0 0 0 0 0 0 0 -37 -14 -33 -15 -33 -14 -33 -17 -33 -14 -27 -19 -32 -14 -26 -19 -26 -15 -26 -17 -24 -20 -28 -17 -24 -18 -22 -15 -21 -19 -26 -16 -19 -12 -17 -14 -16 -13 -19 -15 -16 -14 -18 -11 -15 -8 -15 -9 -15 -12 -16 -6 0 0 -20 -8 -20 -7 -15 -7 -17 -4 -14 -3 -18 -3 -16 -4 -16 -1 -14 -4 -13 2 -15 -3 -13 -2 -14 -2 -14 4 -14 3 -18 0 -16 5 -15 4 -13 1 -10 8 -17 4 -15 6 -14 9 -11 5 -10 9 -11 9 2 0 0 0 0 0 0 0 0 0 ]
CSI_DATA,AP,68:FE:71:12:53:8C,-40,11,1,5,1,1,1,0,0,0,0,-94,0,6,1,18322836,0,84,0,0,18.323,384,[84 -64 4 0 0 0 0 0 0 0 0 0 -4 18 -2 15 -1 23 -3 20 -3 20 -7 19 -9 18 -6 16 -10 18 -9 17 -10 16 -5 18 -10 14 -10 18 -5 15 -5 13 -8 16 -7 11 -8 12 -9 15 -4 12 -8 12 -7 13 -6 16 -9 12 -5 16 -1 1 -3 13 -7 18 -6 15 -2 16 -5 12 -8 14 -3 13 -4 15 -5 15 -6 17 -5 16 1 10 -1 14 -2 17 0 14 0 15 1 12 2 16 -2 16 1 16 1 17 -4 15 -3 12 3 11 0 17 3 15 -3 -1 0 0 0 0 0 0 0 0 ]
CSI_DATA,AP,68:FE:71:12:53:8C,-43,11,1,6,1,1,1,0,0,0,0,-93,0,6,1,18406226,0,84,0,0,18.406,384,[84 -64 4 0 0 0 0 0 0 0 0 0 19 -4 17 -2 17 3 19 -1 18 2 18 2 18 4 15 5 18 -1 16 5 15 2 12 5 13 3 14 2 15 5 13 -1 15 -1 12 0 15 2 16 3 12 -1 15 0 12 1 15 -2 13 -1 11 -1 -2 -3 16 1 17 2 11 2 13 1 12 1 17 -3 17 3 16 2 15 -4 17 -2 12 -2 16 0 14 -4 15 0 15 1 17 1 15 -1 14 -3 14 1 13 -5 13 0 12 1 18 -5 16 1 14 -4 15 -3 -1 3 0 0 0 0 0 0 0 0 ]
CSI_DATA,AP,68:FE:71:12:53:8C,-36,11,1,6,1,1,1,1,0,0,0,-93,4,6,1,18515574,0,84,0,0,18.516,384,[84 -64 4 0 0 0 0 0 0 0 0 0 4 -1 2 -5 9 -5 9 -5 6 -5 8 1 9 -5 2 -2 5 0 4 2 9 -3 9 -1 6 0 4 0 5 0 8 1 8 -1 3 0 4 2 6 -4 3 2 6 -4 2 -4 5 -2 5 0 6 1 3 -3 8 0 9 -3 5 -4 3 -1 5 -3 4 -5 6 2 3 1 8 -4 4 0 5 2 6 -2 8 0 7 -3 6 -5 4 0 3 -3 8 -4 7 1 6 0 7 1 5 -2 6 -4 6 -4 8 1 7 -4 0 1 0 0 0 0 0 0 0 0 ]
CSI_DATA,AP,68:FE:71:12:53:8C,-39,11,1,4,1,1,1,0,0,0,0,-95,0,6,1,18591277,0,84,0,0,18.591,384,[84 -64 4 0 0 0 0 0 0 0 0 0 4 -15 3 -21 5 -22 3 -20 3 -15 5 -14 6 -15 9 -14 5 -15 7 -17 7 -19 11 -18 9 -14 6 -14 7 -14 6 -19 11 -15 11 -16 11 -16 9 -15 9 -12 12 -16 12 -11 9 -10 9 -12 10 -14 0 3 5 -14 9 -15 8 -17 8 -17 5 -16 6 -14 6 -16 3 -15 4 -16 5 -10 5 -13 2 -14 2 -12 1 -11 1 -15 6 -12 3 -12 5 -17 2 -12 3 -15 1 -15 4 -15 -1 -17 -1 -19 1 -15 1 -13 -1 -2 0 0 0 0 0 0 0 0 ]
CSI_DATA,AP,68:FE:71:12:53:8C,-40,11,1,5,1,1,1,0,0,0,1,-95,0,6,1,18681028,0,84,0,0,18.681,384,[84 -64 4 0 0 0 0 0 0 0 0 0 14 -17 17 -16 19 -16 20 -17 17 -19 17 -13 18 -16 20 -16 18 -12 23 -14 20 -13 23 -14 21 -13 23 -11 23 -9 22 -12 25 -14 20 -9 23 -12 20 -7 22 -10 19 -12 20 -8 24 -13 19 -13 20 -9 -1 1 22 -9 25 -14 18 -10 19 -11 21 -8 20 -10 23 -10 19 -13 20 -17 18 -12 21 -15 17 -14 18 -17 14 -14 17 -15 19 -16 22 -18 17 -13 18 -14 20 -15 19 -19 14 -13 19 -18 20 -14 14 -15 19 -20 -3 -3 0 0 0 0 0 0 0 0 ]
CSI_DATA,AP,68:FE:71:12:53:8C,-37,11,1,6,1,1,1,0,0,0,0,-95,0,6,1,18754937,0,84,0,0,18.755,384,[84 -64 4 0 0 0 0 0 0 0 0 0 7 -3 9 3 8 0 8 0 6 -1 9 0 12 -2 6 4 9 1 9 1 9 5 7 2 12 0 9 3 10 3 8 7 7 3 10 1 8 2 11 4 10 4 9 1 6 6 9 4 11 4 6 5 -2 1 5 4 10 -1 8 3 12 0 7 4 6 2 11 4 6 3 12 4 8 1 7 2 10 1 8 2 8 -2 9 -1 8 0 12 0 12 -3 10 1 7 2 8 0 6 -2 7 -4 6 -1 8 2 10 1 1 1 0 0 0 0 0 0 0 0 ]
CSI_DATA,AP,68:FE:71:12:53:8C,-43,11,1,6,1,1,1,0,0,0,0,-95,0,6,1,18853170,0,84,0,0,18.853,384,[84 -64 4 0 0 0 0 0 0 0 0 0 -12 -16 -10 -12 -11 -17 -17 -16 -12 -17 -16 -16 -17 -19 -10 -12 -10 -14 -12 -17 -14 -18 -12 -23 -15 -18 -12 -22 -13 -17 -11 -20 -11 -17 -14 -20 -13 -19 -9 -16 -10 -20 -8 -16 -6 -21 -11 -17 -9 -23 -12 -22 -1 3 -14 -18 -13 -21 -10 -18 -10 -15 -10 -16 -15 -15 -15 -19 -15 -18 -16 -13 -13 -18 -13 -14 -10 -18 -16 -15 -10 -11 -14 -13 -14 -16 -19 -12 -15 -12 -19 -12 -20 -10 -16 -13 -15 -13 -16 -15 -19 -11 -13 -15 -13 -12 -2 3 0 0 0 0 0 0 0 0 ]
CSI_DATA,AP,68:FE:71:12:53:8C,-41,11,1,4,1,1,1,1,0,0,0,-95,6,6,1,18963427,0,84,0,0,18.963,384,[84 -64 4 0 0 0 0 0 0 0 0 0 -21 3 -24 1 -20 6 -21 4 -21 2 -19 0 -19 -2 -21 3 -20 1 -23 0 -23 0 -20 -1 -22 -1 -23 3 -20 0 -22 -3 -21 -1 -21 -1 -20 2 -20 -5 -22 -2 -18 -2 -19 -3 -16 2 -22 1 -16 0 0 1 -16 -2 -16 4 -19 1 -15 5 -19 4 -15 0 -15 -1 -19 4 -14 0 -15 1 -14 4 -12 5 -14 3 -18 4 -14 2 -16 5 -18 5 -12 9 -15 4 -15 6 -13 5 -15 9 -13 8 -13 8 -12 8 -12 9 2 -2 0 0 0 0 0 0 0 0 ]
CSI_DATA,AP,68:FE:71:12:53:8C,-43,11,1,4,1,1,1,0,0,0,0,-95,0,6,1,19073807,0,84,0,0,19.074,384,[82 -96 4 0 0 0 0 0 0 0 0 0 21 -7 18 -6 22 -5 17 -6 17 -4 20 -4 19 -4 15 -4 19 -2 19 0 16 -2 19 -2 18 -4 21 -1 21 -2 18 1 17 0 20 2 16 -2 16 -3 17 -1 18 0 14 -2 13 -4 18 2 14 -4 0 -2 17 0 18 0 17 -2 14 -5 18 -5 13 -4 17 -4 15 -4 17 -4 15 -6 11 -3 11 -3 15 -5 14 -5 12 -5 11 -4 17 -6 16 -5 13 -6 15 -4 16 -7 15 -5 11 -7 15 -5 13 -7 11 -4 0 -2 0 0 0 0 0 0 0 0 ]
CSI_DATA,AP,68:FE:71:12:53:8C,-44,11,1,5,1,1,1,0,0,0,0,-93,0,6,1,19145405,0,84,0,0,19.145,384,[84 -64 4 0 0 0 0 0 0 0 0 0 6 -19 8 -19 9 -16 8 -18 10 -13 8 -13 10 -14 6 -16 12 -14 12 -12 8 -12 11 -14 11 -16 13 -11 7 -10 8 -15 9 -15 9 -13 11 -11 10 -12 7 -10 12 -15 9 -9 12 -13 12 -11 10 -13 -1 2 11 -10 9 -9 7 -10 8 -14 7 -10 5 -15 5 -14 7 -9 8 -9 6 -11 7 -16 8 -9 4 -10 7 -10 2 -16 3 -15 2 -14 6 -17 0 -13 1 -16 2 -15 0 -15 6 -15 1 -11 0 -13 0 -12 -3 1 0 0 0 0 0 0 0 0 ]
CSI_DATA,AP,68:FE:71:12:53:8C,-40,11,1,4,1,1,1,0,0,0,0,-94,0,6,1,19222505,0,84,0,0,19.223,384,[84 -64 4 0 0 0 0 0 0 0 0 0 17 -1 17 0 19 1 18 -3 17 1 16 1 20 1 15 1 19 3 16 3 15 2 16 6 15 3 17 6 16 3 17 1 13 5 12 5 18 6 16 5 17 2 18 0 16 1 18 3 17 2 13 5 -3 3 16 2 16 4 15 5 12 3 12 0 13 -1 14 4 14 4 15 1 10 0 11 -2 14 -2 11 -2 12 -2 15 -4 16 2 13 -4 13 -5 17 -1 15 0 16 -4 10 -5 14 -2 11 0 17 0 14 -4 2 1 0 0 0 0 0 0 0 0 ]
CSI_DATA,AP,68:FE:71:12:53:8C,-38,11,1,5,1,1,1,0,0,0,0,-93,0,6,1,19307885,0,84,0,0,19.308,384,[84 -64 4 0 0 0 0 0 0 0 0 0 -1 16 0 15 -5 16 -5 18 1 22 -2 21 -3 19 -7 17 -2 20 -7 21 -8 22 -2 18 -7 18 -6 19 -9 18 -9 17 -5 15 -6 18 -6 18 -7 18 -8 18 -4 15 -5 15 -2 15 -8 14 -5 18 1 -3 -2 13 -2 17 -4 12 -6 18 -1 16 -2 17 -5 15 -4 18 -5 16 -2 14 -4 16 1 12 1 14 -1 13 2 11 1 12 3 12 4 15 3 13 2 13 1 12 1 12 3 18 4 17 3 17 6 16 2 1 0 0 0 0 0 0 0 0 ]
CSI_DATA,AP,68:FE:71:12:53:8C,-39,11,1,4,1,1,1,0,0,0,0,-94,0,6,1,19406410,0,84,0,0,19.406,384,[84 -64 4 0 0 0 0 0 0 0 0 0 12 14 7 17 13 14 6 19 5 15 7 19 7 18 8 14 3 20 8 17 9 18 5 15 6 17 7 13 8 14 3 18 5 18 5 14 6 19 5 14 3 18 5 17 7 18 7 13 4 15 2 11 2 -3 2 11 4 14 8 16 2 10 8 10 9 11 9 15 3 15 8 13 10 10 8 15 4 13 7 15 7 11 9 16 9 15 12 9 9 8 7 12 12 9 7 13 11 14 7 9 10 12 6 11 11 11 -3 3 0 0 0 0 0 0 0 0 ]
CSI_DATA,AP,68:FE:71:12:53:8C,-36,11,1,6,1,1,1,0,0,0,0,-96,0,6,1,19496401,0,84,0,0,19.496,384,[84 -64 4 0 0 0 0 0 0 0 0 0 33 -14 32 -19 36 -18 34 -14 37 -9 39 -12 38 -12 37 -10 34 -9 35 -11 34 -3 39 -6 38 -3 36 -4 38 -6 38 -3 37 -6 33 -3 34 -7 31 -8 37 -2 31 -3 35 -4 34 -2 31 -3 31 -6 3 2 30 -7 33 -4 33 -6 29 -4 29 -5 34 -5 30 -5 32 -11 31 -12 24 -13 27 -13 28 -11 30 -9 30 -8 28 -14 31 -10 31 -11 25 -13 26 -17 29 -15 25 -11 25 -15 29 -16 27 -20 30 -12 25 -18 2 2 0 0 0 0 0 0 0 0 ]
CSI_DATA,AP,68:FE:71:12:53:8C,-38,11,1,5,1,1,1,0,0,0,0,-94,0,6,1,19585326,0,84,0,0,19.585,384,[84 -64 4 0 0 0 0 0 0 0 0 0 13 37 15 41 15 44 12 41 9 37 8 42 4 36 8 37 3 37 2 42 6 38 2 42 0 43 5 38 -2 37 -3 39 -3 35 0 34 0 34 3 39 0 34 1 33 -1 35 3 36 -2 36 0 35 0 3 -1 34 1 31 -2 35 5 30 -1 34 3 33 5 36 1 30 4 30 8 33 4 31 6 30 7 33 11 31 8 31 9 30 6 32 10 32 12 33 13 29 8 29 8 29 14 31 14 29 11 35 15 28 3 -1 0 0 0 0 0 0 0 0 ]
CSI_DATA,AP,68:FE:71:12:53:8C,-39,11,1,6,1,1,1,0,0,0,0,-95,0,6,1,19667400,0,84,0,0,19.667,384,[84 -64 4 0 0 0 0 0 0 0 0 0 -17 -2 -20 -3 -23 -4 -23 -2 -18 -4 -19 -3 -22 -2 -16 -2 -20 -8 -22 -5 -18 -6 -17 -6 -18 -8 -17 -4 -14 -7 -18 -8 -14 -4 -18 -5 -15 -5 -15 -10 -15 -4 -19 -4 -16 -9 -13 -6 -18 -8 -14 -4 2 0 -13 -4 -18 -2 -13 -4 -19 0 -15 -4 -18 0 -16 -1 -19 0 -14 -1 -16 -5 -19 -1 -19 -2 -13 -4 -14 -4 -19 -1 -16 -2 -13 -1 -18 -3 -14 2 -14 0 -14 -2 -17 -2 -15 4 -16 5 -15 4 -18 4 3 0 0 0 0 0 0 0 0 0 ]
CSI_DATA,AP,68:FE:71:12:53:8C,-40,11,1,4,1,1,1,1,0,0,0,-96,6,6,1,19736041,0,84,0,0,19.736,384,[84 -64 4 0 0 0 0 0 0 0 0 0 -11 15 -14 13 -9 14 -12 13 -9 18 -14 11 -12 17 -13 10 -14 12 -14 15 -11 10 -16 14 -17 13 -17 16 -13 9 -15 14 -11 11 -14 14 -10 12 -14 11 -12 13 -10 7 -15 13 -9 12 -13 8 -9 14 2 3 -15 13 -14 10 -9 10 -10 9 -9 14 -8 14 -10 10 -9 8 -13 10 -9 15 -10 14 -11 11 -6 15 -9 11 -5 10 -9 10 -8 12 -7 14 -9 13 -7 12 -8 16 -10 13 -7 12 -4 14 -3 15 -6 16 -1 -3 0 0 0 0 0 0 0 0 ]
CSI_DATA,AP,68:FE:71:12:53:8C,-39,11,1,4,1,1,1,1,0,0,0,-95,5,6,1,19819328,0,84,0,0,19.819,384,[84 -64 4 0 0 0 0 0 0 0 0 0 20 -11 20 -10 15 -11 19 -13 19 -12 21 -6 20 -8 16 -5 18 -4 22 -3 19 -6 22 -5 20 -2 22 -5 20 -5 21 -7 18 -2 17 -2 15 -2 17 -2 20 -4 17 -4 17 -3 19 -5 19 -7 18 -6 -2 3 17 -6 17 -9 18 -4 16 -4 17 -4 16 -3 16 -4 14 -7 17 -5 15 -9 12 -9 11 -8 14 -7 14 -6 11 -7 14 -9 14 -10 16 -9 15 -6 12 -12 11 -9 16 -8 15 -10 12 -10 11 -9 11 -11 -3 0 0 0 0 0 0 0 0 0 ]
CSI_DATA,AP,68:FE:71:12:53:8C,-37,11,1,6,1,1,1,1,0,0,0,-96,1,6,1,19918356,0,84,0,0,19.918,384,[84 -64 4 0 0 0 0 0 0 0 0 0 -11 -13 -8 -16 -15 -14 -14 -20 -8 -14 -7 -15 -10 -18 -7 -18 -11 -20 -9 -14 -5 -20 -10 -19 -10 -15 -9 -14 -3 -18 -5 -15 -4 -18 -8 -17 -7 -17 -5 -17 -7 -14 -4 -13 -6 -17 -8 -12 -8 -17 -7 -15 0 -1 -6 -12 -10 -17 -10 -16 -9 -15 -7 -10 -8 -16 -10 -15 -9 -15 -5 -10 -10 -11 -8 -14 -12 -12 -7 -9 -6 -15 -11 -15 -13 -12 -11 -9 -11 -11 -9 -12 -14 -12 -13 -12 -9 -10 -9 -8 -12 -9 -11 -11 -13 -9 0 -3 0 0 0 0 0 0 0 0 ]
CSI_DATA,AP,68:FE:71:12:53:8C,-41,11,0,0,0,0,0,0,0,0,0,-95,0,6,1,20019083,0,37,0,0,20.019,128,[84 -64 4 0 0 0 0 0 0 0 0 0 9 18 7 12 13 19 9 17 8 21 6 14 9 14 10 21 7 16 5 17 3 20 3 16 9 19 8 19 5 16 6 21 7 14 5 18 3 16 5 19 6 19 4 12 3 19 8 17 7 17 6 16 0 3 4 17 3 13 3 15 4 11 6 14 8 13 4 13 5 14 9 11 10 14 5 11 5 14 10 10 8 13 9 12 9 10 10 10 10 9 6 11 12 8 6 10 7 10 13 9 8 13 13 8 9 14 -2 -1 0 0 0 0 0 0 0 0 ]
CSI_DATA,AP,68:FE:71:12:53:8C,-39,11,1,5,1,1,1,0,0,0,0,-95,0,6,1,20108612,0,84,0,0,20.109,384,[84 -64 4 0 0 0 0 0 0 0 0 0 -38 7 -40 5 -44 5 -39 -1 -41 2 -38 -1 -41 -3 -38 -3 -36 -2 -39 -5 -40 -5 -39 -9 -39 -6 -35 -4 -35 -6 -40 -10 -35 -5 -38 -4 -35 -6 -34 -10 -31 -11 -35 -12 -31 -10 -35 -10 -35 -9 -31 -6 1 2 -31 -4 -31 -6 -33 -5 -32 -7 -32 -5 -31 -4 -32 -5 -32 -2 -33 -1 -33 0 -32 0 -30 0 -34 -1 -32 -3 -33 0 -32 2 -34 -2 -33 3 -31 4 -29 3 -30 5 -35 5 -32 -1 -35 5 -35 3 -33 4 1 2 0 0 0 0 0 0 0 0 ]
CSI_DATA,AP,68:FE:71:12:53:8C,-36,11,1,7,1,1,1,0,0,0,0,-95,0,6,1,20230470,0,84,0,0,20.23,384,[84 -64 4 0 0 0 0 0 0 0 0 0 8 -19 9 -16 8 -15 6 -20 11 -16 8 -19 7 -15 7 -19 13 -14 11 -15 15 -18 11 -17 14 -14 12 -16 8 -17 15 -15 8 -15 14 -13 9 -13 10 -17 11 -13 13 -15 12 -13 8 -13 9 -16 12 -11 3 -1 9 -14 7 -11 7 -10 5 -11 11 -11 11 -11 5 -12 4 -12 4 -14 6 -16 8 -11 6 -17 10 -15 5 -17 4 -14 5 -18 7 -15 5 -15 7 -17 6 -14 4 -14 2 -18 0 -17 6 -13 6 -15 6 -18 3 3 0 0 0 0 0 0 0 0 ]
CSI_DATA,AP,68:FE:71:12:53:8C,-43,11,1,5,1,1,1,0,0,0,0,-95,0,6,1,20315811,0,84,0,0,20.316,384,[84 -64 4 0 0 0 0 0 0 0 0 0 24 29 23 29 22 30 27 32 24 29 19 28 21 30 21 32 19 34 17 35 18 34 18 35 18 32 13 31 14 30 17 34 16 30 15 28 13 32 15 35 12 34 11 34 14 27 15 29 13 33 15 30 -1 -2 12 27 13 28 12 26 17 28 13 27 16 29 13 32 15 28 16 23 15 28 16 26 19 28 18 28 19 24 17 22 19 22 16 23 22 26 22 24 21 20 23 23 19 26 24 22 21 20 20 24 24 21 -1 -1 0 0 0 0 0 0 0 0 ]
CSI_DATA,AP,68:FE:71:12:53:8C,-37,11,1,6,1,1,1,0,0,0,0,-93,0,6,1,20393650,0,84,0,0,20.394,384,[84 -64 4 0 0 0 0 0 0 0 0 0 -23 -1 -17 -8 -17 -9 -20 -8 -22 -4 -17 -7 -22 -11 -17 -6 -21 -11 -20 -6 -16 -10 -17 -11 -17 -7 -15 -11 -18 -12 -17 -8 -14 -10 -14 -9 -18 -6 -13 -12 -13 -7 -14 -8 -16 -5 -13 -9 -13 -10 -15 -9 -2 3 -14 -8 -11 -8 -15 -10 -16 -8 -13 -7 -17 -3 -17 -9 -18 -4 -11 -6 -13 -7 -15 -3 -14 -7 -17 -6 -16 -3 -12 -7 -16 -4 -17 -5 -13 -1 -14 -1 -13 -3 -13 -1 -16 -6 -17 -1 -15 -3 -13 -5 -18 -3 -3 -3 0 0 0 0 0 0 0 0 ]
CSI_DATA,AP,68:FE:71:12:53:8C,-39,11,1,4,1,1,1,0,0,0,0,-93,0,6,1,20492317,0,84,0,0,20.492,384,[84 -64 4 0 0 0 0 0 0 0 0 0 13 3 17 4 18 5 17 7 14 8 15 5 18 10 12 5 11 9 17 6 10 8 16 9 16 10 14 8 11 8 11 7 11 11 9 9 11 7 9 10 11 9 9 9 14 6 9 7 12 8 15 9 -3 1 12 10 10 8 9 7 14 7 11 7 15 8 10 5 12 8 11 8 14 8 11 6 11 3 10 5 10 3 10 1 14 5 11 6 15 5 11 2 14 5 14 0 12 2 10 5 11 -1 11 3 12 3 1 -1 0 0 0 0 0 0 0 0 ]
CSI_DATA,AP,68:FE:71:12:53:8C,-40,11,1,4,1,1,1,0,0,0,0,-96,0,6,1,20567074,0,84,0,0,20.567,384,[84 -64 4 0 0 0 0 0 0 0 0 0 2 15 -1 19 -1 20 4 16 4 20 1 16 0 19 -2 14 -3 19 2 20 -1 15 -2 14 -4 15 2 16 1 20 -2 13 0 14 -2 17 -5 15 -3 13 0 19 -4 13 -1 18 1 14 -2 14 -1 12 -2 -1 1 11 0 13 -1 17 1 15 -1 14 4 11 -2 17 1 13 5 13 -1 14 4 17 0 11 5 10 6 11 3 11 6 16 3 11 2 16 1 13 7 15 7 14 5 13 8 14 4 14 4 15 4 11 -1 0 0 0 0 0 0 0 0 0 ]
CSI_DATA,AP,68:FE:71:12:53:8C,-39,11,0,0,0,0,0,0,0,0,0,-95,0,6,1,20653772,0,37,0,0,20.654,128,[84 -64 4 0 0 0 0 0 0 0 0 0 9 17 4 18 4 20 4 17 2 18 4 21 4 17 0 15 2 16 6 18 4 18 2 21 0 16 1 17 1 21 0 21 2 15 0 17 -1 19 4 14 -2 19 2 15 0 18 4 13 1 16 -2 15 -1 -1 -1 12 3 15 0 17 1 16 2 17 -1 16 2 15 1 16 0 18 2 13 0 14 6 13 3 11 5 11 7 12 8 16 4 15 8 15 8 15 6 10 9 16 7 14 5 12 7 15 10 14 8 16 -2 -1 0 0 0 0 0 0 0 0 ]
CSI_DATA,AP,68:FE:71:12:53:8C,-41,11,1,5,1,1,1,0,0,0,0,-95,0,6,1,20770621,0,84,0,0,20.771,384,[84 -64 4 0 0 0 0 0 0 0 0 0 -13 15 -16 12 -19 11 -14 14 -15 10 -18 14 -15 7 -17 6 -19 10 -16 12 -18 12 -19 7 -19 8 -14 10 -20 7 -19 9 -18 8 -15 9 -18 9 -17 9 -19 4 -15 4 -14 5 -13 6 -14 3 -18 9 2 3 -12 9 -13 5 -18 8 -16 10 -11 7 -17 10 -17 11 -12 5 -12 6 -16 5 -16 7 -11 11 -11 9 -9 10 -12 10 -15 13 -9 7 -15 12 -14 10 -10 12 -10 8 -12 9 -10 12 -8 15 -10 12 -12 9 0 1 0 0 0 0 0 0 0 0 ]
CSI_DATA,AP,68:FE:71:12:53:8C,-40,11,1,5,1,1,1,0,0,0,0,-96,0,6,1,20848806,0,84,0,0,20.849,384,[84 -64 4 0 0 0 0 0 0 0 0 0 18 1 20 5 18 5 15 5 18 4 18 7 20 10 20 5 19 10 17 10 18 10 13 8 18 9 14 12 18 7 19 10 12 10 14 12 15 6 18 6 14 8 14 10 12 5 11 9 11 7 11 10 -1 -1 12 10 16 7 16 6 17 8 14 6 16 7 15 4 17 7 13 6 15 3 18 3 15 5 15 0 17 2 16 0 13 0 15 2 18 0 14 3 13 0 17 -2 17 1 15 -1 18 0 15 -1 14 -2 -3 -1 0 0 0 0 0 0 0 0 ]
CSI_DATA,AP,68:FE:71:12:53:8C,-43,11,1,5,1,1,1,1,0,0,0,-96,5,6,1,20983113,0,84,0,0,20.983,384,[84 -64 4 0 0 0 0 0 0 0 0 0 -7 16 -8 17 -7 19 -9 22 -7 21 -10 18 -11 20 -10 19 -8 19 -7 19 -11 15 -8 16 -12 16 -13 12 -9 12 -12 20 -9 18 -11 15 -7 14 -10 15 -7 15 -10 16 -12 11 -12 16 -11 15 -9 13 2 2 -8 17 -7 14 -5 18 -10 16 -5 11 -8 15 -4 11 -3 17 -5 15 -9 16 -2 17 -2 16 -3 14 -3 12 -7 16 -3 17 -6 19 -1 19 -1 17 -2 15 -4 16 0 12 -2 14 1 15 0 14 -2 17 0 3 0 0 0 0 0 0 0 0 ]
CSI_DATA,AP,68:FE:71:12:53:8C,-37,11,1,6,1,1,1,0,0,0,0,-95,0,6,1,21071504,0,84,0,0,21.072,384,[84 -64 4 0 0 0 0 0 0 0 0 0 -8 22 -10 21 -8 19 -6 19 -12 15 -10 17 -7 17 -12 14 -7 14 -12 15 -13 20 -9 15 -9 13 -11 14 -14 14 -13 14 -14 13 -9 16 -14 17 -13 17 -12 17 -9 14 -7 15 -12 13 -6 12 -12 11 -1 1 -10 12 -5 16 -5 13 -6 15 -10 14 -4 17 -10 14 -4 14 -6 15 -2 16 -8 17 -4 13 -4 17 -2 18 -4 13 -2 14 -6 14 -6 17 -3 18 -5 13 -4 19 -5 13 0 14 -1 16 0 12 -1 13 3 2 0 0 0 0 0 0 0 0 ]
CSI_DATA,AP,68:FE:71:12:53:8C,-38,11,1,7,1,1,1,0,0,0,0,-95,0,6,1,21171474,0,84,0,0,21.171,384,[84 -64 4 0 0 0 0 0 0 0 0 0 15 -13 21 -12 21 -8 21 -10 16 -11 21 -6 19 -5 19 -9 20 -5 19 -9 19 -4 19 -2 21 -5 22 -8 19 -6 16 -7 15 -6 14 -5 18 -1 15 -4 15 -4 18 -5 16 -4 18 -6 15 -3 15 -2 2 -2 13 -7 19 -2 15 -3 15 -5 14 -5 19 -2 16 -4 15 -4 17 -4 16 -7 15 -4 14 -7 15 -8 16 -10 15 -9 13 -6 15 -5 11 -6 12 -10 13 -6 16 -8 17 -11 14 -11 13 -11 13 -10 16 -8 0 -2 0 0 0 0 0 0 0 0 ]
CSI_DATA,AP,68:FE:71:12:53:8C,-43,11,1,5,1,1,1,0,0,0,0,-94,0,6,1,21273328,0,84,0,0,21.273,384,[84 -64 4 0 0 0 0 0 0 0 0 0 18 -12 18 -12 15 -9 20 -11 17 -10 21 -7 16 -8 20 -11 21 -8 16 -9 18 -7 20 -9 19 -10 20 -7 20 -7 16 -5 14 -4 15 -3 15 -8 17 -7 15 -9 15 -5 13 -8 15 -4 16 -9 14 -6 3 0 13 -6 16 -5 15 -10 12 -11 11 -10 17 -7 15 -10 16 -12 17 -6 11 -10 10 -8 15 -7 14 -8 10 -10 13 -9 11 -8 15 -9 11 -9 9 -8 11 -10 15 -9 12 -13 14 -10 9 -12 11 -14 11 -11 -2 2 0 0 0 0 0 0 0 0 ]
CSI_DATA,AP,68:FE:71:12:53:8C,-42,11,1,5,1,1,1,0,0,0,1,-95,0,6,1,21360715,0,84,0,0,21.361,384,[84 -64 4 0 0 0 0 0 0 0 0 0 17 -12 20 -12 19 -11 19 -6 22 -8 21 -4 18 -2 19 -7 23 -2 21 -4 25 -7 20 -5 21 -1 20 -4 20 -6 21 -2 20 -4 18 0 18 -4 16 -3 20 -5 22 -1 18 -1 15 -4 22 -2 18 0 -2 -2 20 0 20 -5 16 -1 18 -8 17 -6 14 -4 20 -3 14 -9 19 -6 16 -10 19 -6 11 -10 14 -7 13 -7 15 -8 13 -8 16 -11 18 -7 18 -10 16 -6 18 -7 15 -11 15 -13 16 -11 13 -11 14 -11 3 3 0 0 0 0 0 0 0 0 ]
CSI_DATA,AP,68:FE:71:12:53:8C,-43,11,1,6,1,1,1,1,0,0,0,-95,5,6,1,21461473,0,84,0,0,21.461,384,[84 -64 4 0 0 0 0 0 0 0 0 0 -6 -20 -5 -21 -8 -22 -8 -22 -2 -21 -7 -25 -2 -20 0 -25 1 -24 -5 -22 -4 -21 -1 -26 1 -24 0 -23 0 -21 1 -25 -3 -22 0 -18 -3 -19 -1 -18 -2 -19 -3 -22 -2 -20 0 -19 3 -21 -4 -21 3 0 -2 -21 1 -20 1 -16 -5 -21 1 -15 0 -20 -5 -22 -2 -17 -5 -16 -4 -15 -9 -18 -5 -17 -6 -14 -4 -17 -6 -19 -6 -18 -5 -21 -9 -17 -10 -14 -8 -16 -9 -13 -4 -15 -8 -20 -11 -20 -6 -19 -5 -15 2 -2 0 0 0 0 0 0 0 0 ]
CSI_DATA,AP,68:FE:71:12:53:8C,-43,11,1,5,1,1,1,0,0,0,0,-96,0,6,1,21542350,0,84,0,0,21.542,384,[84 -64 4 0 0 0 0 0 0 0 0 0 22 0 22 2 21 3 21 7 19 6 17 5 23 3 21 4 21 7 20 9 22 9 23 4 21 8 20 10 21 6 22 7 20 10 13 4 20 11 17 10 18 5 17 9 17 10 16 10 20 10 20 5 2 -2 15 10 18 5 16 9 19 5 14 3 15 7 14 6 14 5 13 2 19 2 15 6 15 5 15 3 19 5 18 3 21 2 20 4 16 -1 19 -2 17 -2 15 4 15 1 20 2 17 -1 16 3 15 -1 -1 2 0 0 0 0 0 0 0 0 ]
CSI_DATA,AP,68:FE:71:12:53:8C,-38,11,1,6,1,1,1,0,0,0,0,-93,0,6,1,21623052,0,84,0,0,21.623,384,[84 -64 4 0 0 0 0 0 0 0 0 0 13 15 11 17 10 18 9 15 10 17 13 16 10 15 7 15 11 21 10 16 10 21 11 22 8 18 8 18 7 16 8 16 6 14 8 17 8 16 4 16 8 15 10 16 5 16 4 14 6 14 4 15 1 1 10 15 11 13 9 18 11 11 9 16 11 12 7 11 5 14 8 12 6 14 7 15 12 14 9 11 9 12 13 11 10 13 11 13 12 9 15 14 10 13 15 12 11 13 12 8 13 12 12 12 10 13 2 -2 0 0 0 0 0 0 0 0 ]
CSI_DATA,AP,68:FE:71:12:53:8C,-41,11,1,6,1,1,1,0,0,0,0,-95,0,6,1,21729611,0,84,0,0,21.73,384,[84 -64 4 0 0 0 0 0 0 0 0 0 -20 0 -19 -6 -25 -6 -23 -1 -25 -8 -19 -3 -23 -5 -21 -6 -17 -10 -18 -10 -20 -10 -21 -10 -21 -9 -22 -12 -21 -9 -22 -10 -19 -11 -16 -7 -17 -9 -18 -11 -17 -11 -15 -9 -12 -6 -18 -11 -18 -12 -18 -8 -3 1 -13 -6 -15 -9 -14 -8 -15 -3 -13 -7 -14 -7 -19 -5 -18 -4 -20 -2 -14 -1 -21 -5 -16 -3 -17 -6 -18 -7 -15 0 -20 -2 -20 -2 -17 -4 -21 -3 -14 0 -17 1 -14 0 -20 -5 -21 1 -20 -4 -20 0 2 -1 0 0 0 0 0 0 0 0 ]
CSI_DATA,AP,68:FE:71:12:53:8C,-39,11,1,5,1,1,1,1,0,0,0,-93,4,6,1,21822655,0,84,0,0,21.823,384,[84 -64 4 0 0 0 0 0 0 0 0 0 19 7 16 5 17 5 20 6 18 7 20 9 18 7 19 13 19 9 13 10 15 11 20 12 14 9 18 13 17 13 18 12 15 15 17 11 11 9 16 8 14 11 15 13 13 10 15 10 18 7 17 8 -1 -3 17 7 16 8 15 13 16 11 15 8 12 12 15 8 17 7 16 8 13 9 18 5 17 3 16 5 13 6 14 7 17 8 15 3 13 3 16 8 14 6 16 7 13 6 19 3 16 5 13 5 14 3 1 -2 0 0 0 0 0 0 0 0 ]
CSI_DATA,AP,68:FE:71:12:53:8C,-34,11,1,6,1,1,1,0,0,0,1,-94,0,6,1,21903620,0,84,0,0,21.904,384,[84 -64 4 0 0 0 0 0 0 0 0 0 18 9 18 13 14 11 18 17 19 14 15 16 12 15 17 16 13 13 17 14 15 18 14 17 14 17 12 13 13 17 14 18 10 17 13 16 9 14 10 11 11 14 11 13 11 14 13 11 11 11 11 14 -1 3 11 14 10 15 14 14 10 9 13 10 10 9 15 10 12 13 16 11 11 10 15 7 12 7 14 12 16 7 12 6 18 6 13 9 17 4 18 8 12 4 18 10 16 5 13 9 16 9 13 7 15 5 -3 2 0 0 0 0 0 0 0 0 ]
CSI_DATA,AP,68:FE:71:12:53:8C,-38,11,1,5,1,1,1,0,0,0,0,-94,0,6,1,21970172,0,84,0,0,21.97,384,[84 -64 4 0 0 0 0 0 0 0 0 0 16 -10 13 -15 15 -15 21 -14 16 -15 20 -8 15 -7 19 -6 15 -8 17 -10 16 -10 19 -11 20 -5 15 -4 14 -7 16 -8 19 -8 13 -4 17 -4 17 -4 18 -8 14 -5 17 -2 14 -3 16 -5 13 -3 3 3 12 -9 18 -7 17 -8 13 -7 14 -4 15 -7 17 -6 11 -5 16 -8 15 -8 13 -10 15 -11 14 -9 10 -6 13 -8 13 -12 11 -8 14 -10 14 -13 9 -9 13 -9 12 -7 13 -11 12 -11 10 -9 9 -8 -3 3 0 0 0 0 0 0 0 0 ]
CSI_DATA,AP,68:FE:71:12:53:8C,-45,11,1,5,1,1,1,0,0,0,0,-93,0,6,1,22062243,0,84,0,0,22.062,384,[84 -64 4 0 0 0 0 0 0 0 0 0 -18 -12 -18 -6 -20 -12 -20 -11 -22 -13 -16 -10 -16 -11 -19 -12 -19 -13 -19 -10 -13 -11 -17 -17 -17 -11 -12 -14 -15 -15 -17 -15 -14 -9 -11 -15 -15 -15 -12 -14 -16 -15 -12 -13 -12 -12 -13 -14 -17 -11 -11 -11 2 3 -15 -11 -17 -10 -14 -10 -14 -6 -11 -8 -17 -7 -16 -11 -15 -10 -17 -4 -13 -5 -14 -10 -14 -8 -17 -5 -17 -4 -16 -4 -13 -7 -17 -9 -15 -3 -12 -6 -18 -5 -13 -2 -19 -6 -16 -1 -20 -1 -18 -6 -15 -5 0 -3 0 0 0 0 0 0 0 0 ]
CSI_DATA,AP,68:FE:71:12:53:8C,-41,11,1,5,1,1,1,0,0,0,0,-95,0,6,1,22146677,0,84,0,0,22.147,384,[84 -64 4 0 0 0 0 0 0 0 0 0 16 8 18 9 17 9 21 11 18 9 17 8 13 14 14 8 18 10 16 15 19 11 18 12 18 14 11 13 15 9 16 15 9 9 9 15 13 13 12 15 13 12 12 13 13 10 11 11 9 15 15 11 -2 -1 8 8 14 12 14 12 12 7 10 12 12 13 11 7 11 8 9 12 11 7 11 7 11 9 16 6 15 7 16 9 14 3 13 10 14 6 13 3 11 4 13 5 11 6 13 7 14 9 11 4 14 7 1 -1 0 0 0 0 0 0 0 0 ]
CSI_DATA,AP,68:FE:71:12:53:8C,-43,11,1,6,1,1,1,0,0,0,0,-96,0,6,1,22209313,0,84,0,0,22.209,384,[84 -64 4 0 0 0 0 0 0 0 0 0 -12 17 -17 18 -17 17 -14 13 -14 18 -18 15 -17 15 -14 11 -15 14 -14 13 -17 9 -17 10 -15 12 -16 14 -16 13 -16 8 -19 12 -18 6 -16 6 -15 11 -12 9 -13 7 -15 9 -14 12 -15 11 -15 8 3 -3 -16 8 -14 12 -15 7 -13 9 -14 6 -12 11 -17 7 -15 11 -13 11 -11 10 -15 10 -10 14 -9 8 -10 11 -11 11 -14 13 -15 14 -8 10 -7 12 -10 10 -8 15 -11 14 -8 12 -7 14 -7 13 -7 11 3 3 0 0 0 0 0 0 0 0 ]
CSI_DATA,AP,68:FE:71:12:53:8C,-34,11,1,5,1,1,1,0,0,0,0,-96,0,6,1,22311428,0,84,0,0,22.311,384,[84 -64 4 0 0 0 0 0 0 0 0 0 -18 16 -15 14 -17 11 -21 14 -14 12 -19 11 -20 13 -16 14 -21 10 -19 12 -22 13 -19 9 -17 11 -16 9 -17 11 -22 11 -15 10 -13 10 -14 8 -14 8 -14 9 -14 10 -14 9 -13 5 -18 8 -18 10 2 3 -18 11 -16 10 -17 6 -13 9 -16 11 -17 9 -16 8 -14 6 -12 7 -11 8 -10 14 -14 14 -15 10 -14 10 -10 14 -13 10 -11 16 -11 14 -11 14 -9 15 -11 13 -12 16 -12 14 -13 18 -8 17 -10 11 2 -1 0 0 0 0 0 0 0 0 ]
CSI_DATA,AP,68:FE:71:12:53:8C,-41,11,1,5,1,1,1,0,0,0,0,-95,0,6,1,22426914,0,84,0,0,22.427,384,[84 -64 4 0 0 0 0 0 0 0 0 0 21 -2 22 -3 19 -1 23 0 22 0 19 4 24 -1 19 -1 18 3 21 1 22 1 20 1 17 8 22 8 15 8 23 6 15 1 15 1 19 7 15 4 17 2 19 4 13 4 15 7 14 4 17 5 -3 -3 18 5 18 1 15 1 18 -1 16 -1 18 0 15 4 13 3 16 2 14 0 16 0 13 1 16 1 15 1 17 -2 17 -3 14 -2 16 -4 13 0 19 -2 14 0 14 -5 17 -2 19 -3 17 -2 17 -5 -3 -2 0 0 0 0 0 0 0 0 ]
CSI_DATA,AP,68:FE:71:12:53:8C,-41,11,1,4,1,1,1,0,0,0,0,-93,0,6,1,22531738,0,84,0,0,22.532,384,[84 -64 4 0 0 0 0 0 0 0 0 0 21 -4 23 -4 20 -6 20 -6 22 -3 17 -1 22 -2 20 1 18 2 21 -2 20 -2 18 2 22 0 19 4 18 0 20 0 16 5 16 4 16 5 21 6 18 6 20 1 15 6 17 3 21 0 19 -1 -2 -3 19 0 16 0 16 -2 17 3 13 -2 18 0 16 1 13 -1 14 0 12 0 15 1 15 -1 19 0 14 0 19 0 17 0 15 -3 14 -2 16 -2 17 -3 19 -1 18 -4 17 -8 14 -6 14 -7 13 -9 2 2 0 0 0 0 0 0 0 0 ]
CSI_DATA,AP,68:FE:71:12:53:8C,-37,11,1,7,1,1,1,0,0,0,0,-96,0,6,1,22606547,0,84,0,0,22.607,384,[84 -64 4 0 0 0 0 0 0 0 0 0 -8 20 -9 16 -7 20 -11 22 -8 14 -10 15 -10 16 -9 14 -10 18 -9 16 -14 19 -13 19 -12 16 -15 18 -14 13 -14 13 -11 15 -14 15 -14 13 -10 14 -12 15 -11 12 -8 13 -12 16 -11 16 -11 15 -1 1 -10 16 -9 16 -10 11 -10 13 -12 15 -10 16 -9 11 -11 16 -12 15 -5 11 -5 12 -6 17 -9 16 -3 15 -5 12 -4 19 -7 13 -8 14 -5 17 -6 11 -6 15 -5 12 -3 12 -1 17 -7 15 -5 16 -3 2 0 0 0 0 0 0 0 0 ]
CSI_DATA,AP,68:FE:71:12:53:8C,-41,11,1,4,1,1,1,0,0,0,0,-94,0,6,1,22663968,0,84,0,0,22.664,384,[84 -64 4 0 0 0 0 0 0 0 0 0 23 1 16 5 23 8 22 9 19 6 20 10 21 8 15 10 17 9 14 10 18 7 17 8 19 8 18 7 16 9 20 12 17 7 12 6 16 11 13 10 15 11 12 7 12 11 15 9 17 9 18 9 0 3 17 10 12 6 15 5 14 3 17 3 19 4 12 5 14 3 15 7 13 1 16 6 12 6 13 2 13 1 18 3 17 4 15 5 14 2 13 2 14 0 19 2 16 2 18 3 16 1 13 -2 14 1 2 -3 0 0 0 0 0 0 0 0 ]
CSI_DATA,AP,68:FE:71:12:53:8C,-47,11,1,3,1,1,1,1,0,0,0,-95,5,6,1,22754383,0,84,0,0,22.754,384,[84 -64 4 0 0 0 0 0 0 0 0 0 -9 18 -10 22 -4 20 -9 18 -10 17 -8 20 -7 18 -11 19 -7 18 -12 13 -10 16 -8 14 -10 14 -11 18 -13 13 -10 19 -14 17 -12 11 -7 14 -11 16 -11 15 -11 14 -10 9 -9 15 -8 13 -9 17 -1 0 -12 15 -6 15 -11 14 -6 12 -5 17 -11 11 -6 17 -4 11 -10 16 -5 17 -4 13 -4 16 -5 16 -8 12 -8 15 -8 16 -3 17 -4 17 -4 19 -4 16 -7 18 -6 13 -1 18 -5 13 -1 18 -3 17 -1 -1 0 0 0 0 0 0 0 0 ]
CSI_DATA,AP,68:FE:71:12:53:8C,-39,11,1,6,1,1,1,0,0,0,0,-94,0,6,1,22829969,0,84,0,0,22.83,384,[84 -64 4 0 0 0 0 0 0 0 0 0 -1 -22 -2 -21 -5 -20 0 -19 -1 -25 2 -20 3 -22 4 -19 1 -24 3 -22 3 -23 4 -24 4 -18 3 -24 5 -18 1 -22 0 -21 4 -21 2 -19 1 -21 6 -20 3 -21 5 -18 2 -21 6 -21 5 -20 -2 3 2 -19 4 -16 5 -19 -2 -19 5 -15 0 -17 5 -16 -1 -20 -1 -19 -3 -19 0 -17 2 -16 -1 -18 -4 -19 -4 -18 -2 -20 -4 -16 -5 -15 1 -20 -2 -19 -3 -17 0 -16 -1 -16 -5 -20 -1 -20 -7 -17 1 1 0 0 0 0 0 0 0 0 ]
CSI_DATA,AP,68:FE:71:12:53:8C,-40,11,1,4,1,1,1,0,0,0,0,-93,0,6,1,22902410,0,84,0,0,22.902,384,[84 -64 4 0 0 0 0 0 0 0 0 0 -20 -9 -22 -10 -22 -12 -22 -12 -18 -15 -20 -10 -17 -12 -16 -16 -17 -11 -17 -14 -19 -17 -20 -16 -15 -13 -13 -15 -17 -10 -15 -12 -13 -11 -10 -12 -11 -15 -17 -15 -14 -10 -12 -11 -12 -14 -17 -15 -13 -16 -16 -12 3 2 -14 -12 -17 -9 -12 -9 -15 -8 -15 -8 -18 -8 -17 -9 -13 -6 -14 -7 -14 -10 -19 -11 -15 -5 -17 -8 -14 -8 -16 -10 -13 -8 -18 -5 -20 -4 -15 -6 -15 -5 -13 -9 -14 -5 -13 -3 -17 -2 -13 -3 -19 -5 -1 2 0 0 0 0 0 0 0 0 ]
CSI_DATA,AP,68:FE:71:12:53:8C,-39,11,1,6,1,1,1,0,0,0,1,-95,0,6,1,23003889,0,84,0,0,23.004,384,[84 -64 4 0 0 0 0 0 0 0 0 0 -22 0 -21 -2 -19 -4 -19 -1 -23 -5 -15 -4 -16 -4 -20 -7 -18 -8 -15 -7 -21 -10 -20 -4 -21 -11 -17 -11 -18 -10 -18 -6 -14 -10 -13 -8 -18 -7 -19 -10 -15 -5 -15 -9 -13 -10 -19 -11 -14 -10 -14 -5 3 1 -18 -3 -19 -3 -17 -3 -19 -8 -16 -7 -19 -7 -17 -3 -18 -7 -13 -6 -13 -2 -13 -5 -11 -4 -16 -6 -18 -5 -18 -6 -20 0 -15 -3 -13 1 -16 -1 -16 0 -19 1 -16 -1 -18 -1 -20 -1 -18 -3 -13 3 -3 -1 0 0 0 0 0 0 0 0 ]
CSI_DATA,AP,68:FE:71:12:53:8C,-38,11,1,5,1,1,1,0,0,0,0,-96,0,6,1,23082304,0,84,0,0,23.082,384,[84 -64 4 0 0 0 0 0 0 0 0 0 20 -2 17 -2 21 3 23 1 17 3 19 0 16 2 15 6 18 6 15 7 15 7 17 5 18 5 16 8 17 8 21 5 16 4 13 5 12 2 17 6 17 7 13 2 14 7 17 6 13 5 14 3 1 1 18 6 15 3 14 2 15 3 13 4 18 2 18 1 17 2 17 -1 11 -1 14 -1 12 -1 18 -3 15 1 12 0 16 2 18 -1 17 0 13 0 14 0 18 -2 13 0 16 -4 17 0 15 -6 16 -1 3 -3 0 0 0 0 0 0 0 0 ]
CSI_DATA,AP,68:FE:71:12:53:8C,-40,11,1,4,1,1,1,1,0,0,0,-94,2,6,1,23184193,0,84,0,0,23.184,384,[84 -64 4 0 0 0 0 0 0 0 0 0 21 3 20 5 17 6 23 5 22 9 18 6 20 8 16 7 18 10 18 8 16 9 20 10 20 11 15 13 16 7 17 13 16 9 17 8 14 8 18 13 13 9 17 13 16 10 17 10 12 9 12 7 -2 3 14 7 15 6 13 8 16 6 17 7 15 10 18 7 17 5 15 6 11 2 13 7 11 6 14 2 13 4 15 1 19 2 19 7 14 2 18 5 14 1 15 2 16 3 18 3 17 1 15 1 14 4 0 -2 0 0 0 0 0 0 0 0 ]
CSI_DATA,AP,68:FE:71:12:53:8C,-39,11,1,6,1,1,1,0,0,0,0,-94,0,6,1,23270445,0,84,0,0,23.27,384,[84 -64 4 0 0 0 0 0 0 0 0 0 -4 22 -7 21 -6 23 -9 24 -6 18 -7 21 -13 17 -14 16 -8 16 -10 19 -14 17 -10 17 -15 19 -8 17 -12 13 -10 19 -9 16 -9 17 -12 12 -14 17 -8 17 -9 12 -7 11 -10 17 -11 15 -13 16 2 -3 -11 14 -10 16 -9 16 -6 16 -10 16 -8 14 -8 13 -7 13 -9 18 -8 15 -8 20 -7 16 -3 19 -8 13 -4 16 -8 20 -5 15 -7 17 -3 18 -6 16 -7 19 -5 15 -5 17 -5 14 -3 15 -6 16 -1 -1 0 0 0 0 0 0 0 0 ]
CSI_DATA,AP,68:FE:71:12:53:8C,-42,11,1,5,1,1,1,0,0,0,0,-94,0,6,1,23376926,0,84,0,0,23.377,384,[84 -64 4 0 0 0 0 0 0 0 0 0 9 6 11 6 7 4 6 3 8 6 9 7 10 1 7 4 5 6 4 7 11 7 11 7 10 5 9 7 5 4 7 5 4 7 3 7 7 8 8 7 8 5 7 2 2 6 3 8 7 3 5 5 3 2 4 5 6 5 6 3 8 6 4 4 3 6 4 3 6 6 6 2 5 -1 7 2 8 1 7 1 7 1 5 6 5 6 9 5 5 0 8 0 4 1 8 3 5 6 9 2 8 1 7 1 10 0 2 -1 0 0 0 0 0 0 0 0 ]
CSI_DATA,AP,68:FE:71:12:53:8C,-39,11,1,5,1,1,1,0,0,0,0,-94,0,6,1,23474862,0,84,0,0,23.475,384,[84 -64 4 0 0 0 0 0 0 0 0 0 21 13 14 11 19 9 16 11 20 8 17 13 15 13 16 8 13 12 17 13 13 15 18 16 18 16 16 13 14 8 12 10 13 10 16 8 13 13 11 12 10 10 11 8 10 7 13 8 12 13 10 13 0 -3 12 7 11 12 10 9 14 11 12 7 15 10 12 7 15 6 12 7 11 6 13 7 13 4 15 9 16 8 13 8 12 8 11 6 16 7 14 8 12 1 15 2 14 7 14 9 16 3 15 4 13 3 3 -3 0 0 0 0 0 0 0 0 ]
CSI_DATA,AP,68:FE:71:12:53:8C,-45,11,1,5,1,1,1,0,0,0,0,-94,0,6,1,23568584,0,82,0,0,23.569,384,[84 -64 4 0 0 0 0 0 0 0 0 0 -6 -11 -7 -6 -5 -6 -7 -11 -8 -6 -2 -6 -3 -8 -4 -12 -8 -9 -4 -11 -3 -8 -1 -10 -2 -11 -5 -9 0 -11 -1 -9 -1 -9 -2 -9 -2 -11 -5 -9 -3 -12 -5 -12 -2 -7 -5 -9 -1 -11 -3 -9 -2 1 -1 -8 -1 -8 -1 -11 -6 -6 -7 -4 -1 -10 -6 -7 -6 -6 -6 -5 -6 -7 -6 -10 -3 -8 -2 -9 -6 -5 -3 -10 -8 -4 -2 -8 -8 -6 -9 -5 -4 -6 -9 -5 -7 -5 -8 -6 -5 -9 -9 -6 -10 -9 0 1 0 0 0 0 0 0 0 0 ]
CSI_DATA,AP,68:FE:71:12:53:8C,-37,11,1,7,1,1,1,0,0,0,0,-94,0,6,1,23664848,0,84,0,0,23.665,384,[84 -64 4 0 0 0 0 0 0 0 0 0 19 8 21 9 20 4 16 7 15 7 20 6 17 8 18 8 15 9 12 12 13 12 14 9 15 8 13 10 13 12 18 10 14 14 14 10 16 9 11 13 11 8 15 9 14 7 16 11 14 13 16 9 -3 -3 12 5 15 11 15 5 11 7 16 10 11 7 12 7 11 3 12 9 13 6 16 7 11 3 17 2 14 7 14 2 15 7 13 7 18 3 14 7 13 4 18 0 13 3 13 1 15 4 15 3 13 4 2 -2 0 0 0 0 0 0 0 0 ]
CSI_DATA,AP,68:FE:71:12:53:8C,-44,11,1,4,1,1,1,1,0,0,0,-95,4,6,1,23761768,0,84,0,0,23.762,384,[84 -64 4 0 0 0 0 0 0 0 0 0 -8 -14 -6 -13 -5 -18 -6 -15 -8 -19 -5 -17 -5 -17 -2 -17 -4 -14 -5 -13 0 -17 -3 -15 -3 -15 -3 -19 -1 -18 -3 -18 2 -14 -4 -13 -3 -12 -4 -14 0 -15 -1 -18 -1 -12 2 -13 -4 -16 1 -17 1 1 2 -16 1 -16 -5 -17 -2 -17 1 -11 -1 -15 0 -12 -3 -16 -3 -10 -2 -10 -2 -16 -6 -13 -6 -13 -7 -15 -6 -11 -7 -14 -4 -18 -7 -10 -4 -15 -8 -15 -6 -13 -4 -14 -3 -16 -3 -17 -4 -11 -7 -12 3 0 0 0 0 0 0 0 0 0 ]
CSI_DATA,AP,68:FE:71:12:53:8C,-43,11,1,6,1,1,1,0,0,0,0,-94,0,6,1,23852278,0,84,0,0,23.852,384,[84 -64 4 0 0 0 0 0 0 0 0 0 -7 23 -7 18 -13 24 -12 24 -11 17 -9 20 -11 21 -16 16 -13 17 -13 16 -16 20 -16 17 -15 19 -14 14 -13 14 -15 16 -15 13 -10 14 -15 17 -13 16 -11 18 -11 13 -15 16 -11 14 -12 15 -12 16 -3 -1 -14 14 -10 15 -10 16 -7 16 -7 12 -11 12 -11 14 -5 12 -4 14 -4 13 -4 18 -10 18 -4 18 -9 18 -2 16 -4 14 -7 17 -4 19 -7 17 -6 13 -3 16 -7 18 -3 18 0 16 -1 17 1 18 -1 0 0 0 0 0 0 0 0 0 ]
CSI_DATA,AP,68:FE:71:12:53:8C,-41,11,1,5,1,1,1,0,0,0,0,-94,0,6,1,23937118,0,84,0,0,23.937,384,[84 -64 4 0 0 0 0 0 0 0 0 0 7 19 9 18 10 17 8 22 7 22 6 23 2 21 2 17 2 21 6 20 0 17 5 21 4 17 0 18 0 17 2 20 3 20 2 14 4 16 3 19 0 19 2 16 3 16 0 20 -1 14 -1 14 1 -1 3 17 -1 18 6 15 6 16 0 11 0 13 0 12 3 11 1 17 3 17 4 11 7 15 2 14 4 16 5 16 5 15 4 14 5 15 7 11 7 14 8 16 4 10 9 11 7 10 9 13 9 14 -2 1 0 0 0 0 0 0 0 0 ]
CSI_DATA,AP,68:FE:71:12:53:8C,-39,11,1,4,1,1,1,0,0,0,0,-94,0,6,1,24041169,0,84,0,0,24.041,384,[84 -64 4 0 0 0 0 0 0 0 0 0 18 -11 15 -13 15 -13 17 -16 14 -12 18 -8 18 -11 17 -9 12 -6 13 -8 13 -11 18 -5 12 -7 17 -9 16 -9 13 -4 12 -7 11 -6 10 -8 11 -7 13 -3 12 -3 9 -7 8 -9 10 -9 11 -9 0 0 6 -6 7 -5 10 -10 11 -5 8 -5 9 -7 8 -6 10 -7 10 -8 7 -11 8 -14 7 -12 9 -8 5 -13 7 -10 5 -11 9 -9 4 -12 4 -11 4 -11 3 -10 3 -8 3 -15 2 -13 7 -14 2 -15 3 -1 0 0 0 0 0 0 0 0 ]
CSI_DATA,AP,68:FE:71:12:53:8C,-42,11,1,4,1,1,1,0,0,0,0,-95,0,6,1,24123154,0,84,0,0,24.123,384,[84 -64 4 0 0 0 0 0 0 0 0 0 16 13 18 13 17 9 16 16 12 12 12 14 15 11 12 10 8 9 7 14 13 10 10 10 11 12 7 11 9 13 11 11 7 7 8 6 8 6 9 8 10 6 5 5 6 7 7 9 6 8 5 5 -2 2 11 9 11 3 6 3 12 5 9 2 11 5 8 3 8 4 11 1 11 0 8 5 12 6 12 5 12 0 8 2 9 1 11 5 10 3 7 0 12 -1 13 3 8 -1 13 0 9 0 9 0 11 -3 0 -2 0 0 0 0 0 0 0 0 ]
CSI_DATA,AP,68:FE:71:12:53:8C,-39,11,1,4,1,1,1,0,0,0,0,-95,0,6,1,24205906,0,84,0,0,24.206,384,[84 -64 4 0 0 0 0 0 0 0 0 0 -25 10 -26 10 -28 14 -28 11 -24 8 -23 9 -21 6 -26 9 -21 3 -24 6 -25 4 -21 6 -21 7 -23 6 -17 2 -21 2 -20 6 -15 5 -19 3 -17 1 -18 1 -15 2 -18 4 -14 2 -14 1 -16 6 0 -1 -11 4 -14 2 -14 4 -15 8 -12 4 -10 4 -10 9 -9 6 -14 9 -8 9 -8 6 -7 10 -6 12 -6 11 -13 8 -8 13 -12 12 -11 10 -5 13 -8 12 -10 13 -8 14 -4 15 -8 10 -9 11 -4 14 -3 -1 0 0 0 0 0 0 0 0 ]
CSI_DATA,AP,68:FE:71:12:53:8C,-42,11,1,6,1,1,1,0,0,0,0,-95,0,6,1,24303126,0,84,0,0,24.303,384,[84 -64 4 0 0 0 0 0 0 0 0 0 -13 -29 -8 -30 -10 -33 -7 -32 -6 -28 -8 -27 -3 -26 -6 -26 -1 -30 -2 -24 -3 -25 -7 -25 -1 -29 -4 -24 -2 -20 -3 -25 1 -19 -2 -23 -3 -20 -4 -18 -4 -22 -5 -16 -3 -15 -4 -17 -2 -14 -2 -16 1 -3 -6 -17 -6 -11 -4 -13 -9 -12 -8 -11 -9 -14 -5 -14 -5 -13 -8 -9 -6 -10 -12 -10 -6 -9 -8 -5 -13 -8 -12 -7 -9 -5 -13 -11 -13 -4 -10 -9 -10 -2 -9 -5 -12 -3 -9 -4 -12 -2 -16 -1 -9 -3 0 -1 0 0 0 0 0 0 0 0 ]
CSI_DATA,AP,68:FE:71:12:53:8C,-41,11,0,0,0,0,0,1,0,0,0,-96,1,6,1,24401481,0,37,0,0,24.401,128,[84 -64 4 0 0 0 0 0 0 0 0 0 -21 0 -18 6 -19 2 -23 4 -21 5 -18 2 -22 3 -20 -4 -16 -2 -18 -4 -14 -3 -16 1 -14 -1 -17 0 -15 -2 -18 2 -14 2 -18 -2 -12 -3 -15 -1 -13 -2 -13 -1 -14 -1 -17 3 -14 2 -15 -1 -1 1 -14 3 -13 1 -19 -2 -13 2 -13 2 -14 -1 -14 2 -17 4 -13 2 -12 3 -17 3 -11 -1 -15 4 -13 4 -11 1 -16 5 -14 3 -15 0 -16 6 -13 7 -17 2 -16 1 -13 6 -16 4 -17 3 -16 3 2 -2 0 0 0 0 0 0 0 0 ]
CSI_DATA,AP,68:FE:71:12:53:8C,-42,11,1,4,1,1,1,0,0,0,1,-95,0,6,1,24514057,0,84,0,0,24.514,384,[84 -64 4 0 0 0 0 0 0 0 0 0 0 -18 2 -18 4 -18 2 -21 4 -18 0 -22 4 -22 7 -20 5 -24 8 -23 5 -23 2 -25 5 -20 5 -24 9 -19 3 -19 5 -23 4 -18 3 -18 5 -20 9 -21 4 -20 10 -20 9 -23 6 -22 7 -23 -3 -2 6 -17 6 -20 2 -24 7 -23 7 -22 1 -19 7 -22 2 -18 5 -24 6 -18 0 -24 5 -21 2 -20 -1 -18 4 -23 -1 -23 4 -23 2 -18 3 -23 -1 -20 4 -21 2 -22 5 -20 -2 -24 6 -18 5 -18 -1 -3 0 0 0 0 0 0 0 0 ]
CSI_DATA,AP,68:FE:71:12:53:8C,-40,11,0,0,0,0,0,0,0,0,0,-95,0,6,1,24590303,0,37,0,0,24.59,128,[84 -64 4 0 0 0 0 0 0 0 0 0 -2 19 -1 18 -5 19 -7 17 -4 17 -6 14 -10 17 -10 13 -6 17 -10 16 -8 18 -5 18 -12 16 -11 16 -12 15 -12 17 -7 11 -9 13 -10 15 -10 17 -11 11 -10 15 -7 14 -6 12 -8 15 -8 14 2 1 -5 16 -8 16 -11 15 -6 11 -7 13 -6 12 -9 10 -7 11 -4 12 -4 13 -6 13 -1 12 -6 14 -6 14 -3 13 -1 15 -2 17 -5 16 1 16 -4 14 0 11 -1 15 -2 15 -1 11 1 11 3 14 0 -2 0 0 0 0 0 0 0 0 ]
CSI_DATA,AP,68:FE:71:12:53:8C,-39,11,1,5,1,1,1,0,0,0,0,-96,0,6,1,24675950,0,84,0,0,24.676,384,[84 -64 4 0 0 0 0 0 0 0 0 0 -4 -32 -3 -24 -5 -31 -1 -25 -3 -29 2 -26 -1 -25 -3 -28 2 -29 -1 -29 -2 -25 2 -29 2 -23 -1 -23 0 -20 1 -25 -2 -22 5 -22 1 -23 2 -21 1 -19 5 -20 3 -20 6 -25 4 -18 7 -19 -2 2 1 -19 5 -18 1 -19 0 -17 4 -15 1 -20 -2 -19 -4 -20 -1 -18 -1 -14 2 -15 0 -14 -2 -13 -8 -17 -6 -14 -8 -18 -11 -15 -11 -16 -10 -18 -12 -16 -12 -17 -11 -18 -10 -14 -12 -22 -17 -19 -13 -18 2 1 0 0 0 0 0 0 0 0 ]
CSI_DATA,AP,68:FE:71:12:53:8C,-41,11,1,4,1,1,1,0,0,0,0,-95,0,6,1,24787850,0,84,0,0,24.788,384,[84 -64 4 0 0 0 0 0 0 0 0 0 14 7 17 3 17 7 22 9 17 9 17 11 15 6 18 12 19 9 18 9 19 10 21 10 19 16 17 14 20 13 18 15 18 13 14 11 17 13 20 16 19 10 15 16 16 10 16 17 15 11 18 13 -1 -3 19 12 18 15 16 14 16 8 14 10 14 14 16 10 16 13 19 6 19 7 15 11 18 12 16 12 18 11 18 7 20 5 16 8 17 6 19 4 16 4 18 9 15 4 17 3 22 2 20 5 20 5 1 -3 0 0 0 0 0 0 0 0 ]
CSI_DATA,AP,68:FE:71:12:53:8C,-39,11,1,4,1,1,1,1,0,0,0,-93,2,6,1,24910717,0,84,0,0,24.911,384,[84 -64 4 0 0 0 0 0 0 0 0 0 -15 0 -16 -1 -14 1 -15 -2 -15 -4 -17 0 -14 -6 -20 0 -21 -4 -21 -8 -21 -4 -18 -6 -21 -4 -17 -7 -18 -4 -19 -7 -15 -7 -14 -6 -18 -7 -17 -8 -17 -4 -18 -6 -15 -4 -18 -10 -18 -8 -17 -6 -3 2 -20 -5 -15 -8 -21 -6 -16 -3 -19 -4 -17 -4 -20 -2 -15 -3 -19 -3 -17 0 -20 -2 -16 -3 -19 0 -15 -1 -18 0 -15 -3 -22 0 -20 1 -15 1 -17 2 -18 -3 -15 -3 -17 1 -20 2 -18 -5 -17 3 1 1 0 0 0 0 0 0 0 0 ]
CSI_DATA,AP,68:FE:71:12:53:8C,-40,11,1,5,1,1,1,0,0,0,0,-93,0,6,1,25015540,0,84,0,0,25.016,384,[84 -64 4 0 0 0 0 0 0 0 0 0 -5 -20 -8 -18 -5 -20 -8 -21 -4 -23 -2 -22 -3 -20 -5 -19 2 -19 -1 -20 1 -19 -4 -21 -1 -24 -3 -23 -1 -20 2 -21 -4 -23 -2 -20 0 -19 1 -15 0 -17 3 -20 1 -19 0 -14 2 -16 2 -17 2 3 -1 -17 -5 -18 0 -19 -2 -19 -5 -13 1 -19 -4 -15 0 -12 -1 -17 -7 -19 -3 -16 -3 -19 -2 -15 -3 -12 -5 -18 -6 -16 -9 -19 -9 -16 -5 -16 -8 -16 -9 -16 -6 -17 -8 -17 -7 -12 -9 -16 -7 -14 -3 -3 0 0 0 0 0 0 0 0 ]
CSI_DATA,AP,68:FE:71:12:53:8C,-41,11,1,5,1,1,1,0,0,0,1,-95,0,6,1,25092262,0,84,0,0,25.092,384,[82 -96 4 0 0 0 0 0 0 0 0 0 -23 -5 -19 -8 -21 -6 -22 -7 -18 -10 -22 -7 -22 -9 -22 -9 -20 -12 -20 -6 -20 -12 -20 -8 -20 -9 -20 -9 -18 -10 -14 -8 -17 -9 -17 -11 -17 -9 -17 -11 -16 -9 -15 -11 -12 -7 -14 -7 -12 -8 -12 -9 -2 1 -16 -10 -18 -5 -16 -9 -14 -6 -14 -5 -12 -5 -12 -9 -13 -9 -18 -6 -16 -4 -13 -6 -18 -8 -15 -6 -15 -6 -12 -8 -14 -5 -15 -4 -18 -4 -14 -7 -14 0 -17 -4 -14 -5 -17 -5 -20 -4 -14 -1 -17 0 0 2 0 0 0 0 0 0 0 0 ]
CSI_DATA,AP,68:FE:71:12:53:8C,-41,11,0,0,0,0,0,0,0,0,0,-96,0,6,1,25174199,0,37,0,0,25.174,128,[84 -64 4 0 0 0 0 0 0 0 0 0 0 22 0 21 -1 22 -3 17 3 18 -3 22 -5 19 -3 17 -5 17 0 16 -5 20 -5 21 -3 16 -3 18 -2 16 -3 14 -4 13 -3 14 -4 16 -4 13 -6 17 -4 16 -2 17 -1 12 -2 18 -4 16 0 0 -7 18 -3 13 -7 18 -5 16 -2 12 -4 11 0 14 -6 11 -6 12 -3 15 -1 17 -4 15 2 18 2 18 1 15 -4 18 -2 14 1 17 -1 15 -1 11 3 16 0 12 -1 12 -1 13 2 16 3 14 -1 3 0 0 0 0 0 0 0 0 ]
CSI_DATA,AP,68:FE:71:12:53:8C,-42,11,1,5,1,1,1,0,0,0,0,-95,0,6,1,25269304,0,84,0,0,25.269,384,[84 -64 4 0 0 0 0 0 0 0 0 0 -6 -18 -7 -18 -7 -22 -6 -23 -9 -18 -5 -17 -3 -23 -2 -17 -6 -17 -7 -20 -3 -23 -3 -19 -2 -19 -2 -18 -4 -19 -1 -16 -2 -16 -1 -16 0 -19 0 -16 -6 -18 -1 -16 -3 -19 -3 -20 -1 -20 -2 -17 -2 3 -6 -16 -6 -13 -5 -15 -7 -17 -8 -18 -2 -17 -6 -16 -5 -13 -2 -16 -8 -14 -7 -12 -5 -12 -10 -17 -9 -12 -10 -12 -7 -16 -10 -17 -7 -13 -11 -12 -8 -16 -9 -17 -12 -15 -7 -16 -9 -13 -7 -13 -11 -17 2 -3 0 0 0 0 0 0 0 0 ]
CSI_DATA,AP,68:FE:71:12:53:8C,-45,11,1,5,1,1,1,0,0,0,0,-93,0,6,1,25346483,0,84,0,0,25.346,384,[84 -64 4 0 0 0 0 0 0 0 0 0 10 -17 15 -14 13 -17 18 -20 16 -17 19 -14 14 -12 17 -11 18 -14 18 -13 14 -10 17 -14 15 -9 14 -13 16 -14 16 -12 16 -10 15 -11 15 -12 12 -11 14 -7 14 -11 18 -8 11 -9 12 -7 11 -12 -2 3 12 -11 15 -10 11 -10 14 -12 14 -13 14 -14 11 -12 12 -11 11 -15 8 -13 8 -12 13 -12 14 -13 11 -17 9 -10 13 -15 9 -17 13 -12 10 -13 7 -11 11 -14 7 -15 11 -13 11 -13 8 -17 6 -15 2 2 0 0 0 0 0 0 0 0 ]
CSI_DATA,AP,68:FE:71:12:53:8C,-39,11,1,4,1,1,1,0,0,0,0,-94,0,6,1,25447418,0,84,0,0,25.447,384,[84 -64 4 0 0 0 0 0 0 0 0 0 5 -22 4 -19 5 -18 9 -20 6 -19 11 -15 12 -15 11 -16 8 -14 11 -17 12 -16 9 -17 15 -14 8 -15 13 -16 10 -10 9 -15 11 -9 11 -15 12 -14 14 -11 10 -14 13 -12 9 -10 11 -15 13 -16 -1 -3 9 -13 7 -14 7 -11 9 -15 8 -15 10 -14 10 -13 6 -13 7 -10 7 -15 7 -15 4 -15 4 -12 10 -18 4 -12 9 -16 8 -11 3 -15 8 -14 8 -17 7 -13 3 -12 8 -17 6 -14 7 -16 5 -15 0 2 0 0 0 0 0 0 0 0 ]
CSI_DATA,AP,68:FE:71:12:53:8C,-36,11,1,7,1,1,1,0,0,0,0,-96,0,6,1,25518163,0,84,0,0,25.518,384,[84 -64 4 0 0 0 0 0 0 0 0 0 -8 -18 -13 -14 -11 -18 -9 -17 -12 -22 -10 -18 -5 -19 -6 -18 -9 -16 -7 -21 -5 -22 -6 -20 -8 -20 -7 -19 -9 -21 -4 -16 -7 -15 -4 -20 -2 -18 -5 -19 -6 -17 -5 -14 -4 -19 -2 -15 -6 -16 -4 -14 2 0 -8 -19 -3 -17 -5 -17 -5 -13 -8 -12 -10 -19 -5 -16 -6 -15 -10 -12 -10 -14 -9 -15 -10 -12 -6 -17 -7 -10 -5 -11 -7 -15 -9 -16 -13 -15 -6 -12 -10 -14 -13 -15 -10 -15 -13 -13 -10 -11 -12 -13 -14 -11 -3 3 0 0 0 0 0 0 0 0 ]
CSI_DATA,AP,68:FE:71:12:53:8C,-38,11,1,7,1,1,1,0,0,0,0,-94,0,6,1,25622304,0,84,0,0,25.622,384,[84 -64 4 0 0 0 0 0 0 0 0 0 7 17 9 19 8 20 8 15 7 16 10 16 7 21 3 16 2 16 6 17 7 18 2 21 5 18 6 20 2 18 5 15 4 17 5 16 2 19 3 18 2 19 2 16 5 17 5 15 2 14 2 16 -2 3 3 15 7 17 1 16 3 13 3 13 7 14 7 16 3 16 7 12 6 16 4 14 8 16 7 12 4 16 9 10 8 14 9 10 5 16 6 10 5 11 6 15 5 13 9 10 9 15 11 12 11 12 0 1 0 0 0 0 0 0 0 0 ]
CSI_DATA,AP,68:FE:71:12:53:8C,-43,11,0,0,0,0,0,0,0,0,0,-94,0,6,1,25706143,0,37,0,0,25.706,128,[84 -64 4 0 0 0 0 0 0 0 0 0 6 -22 4 -17 7 -22 11 -17 8 -16 7 -17 7 -15 14 -20 11 -15 10 -18 8 -16 11 -19 11 -15 8 -16 8 -13 12 -18 13 -17 8 -17 10 -18 10 -13 9 -14 12 -17 10 -16 14 -13 12 -16 8 -15 -1 -2 8 -11 6 -12 10 -12 9 -12 7 -15 10 -12 7 -13 6 -11 9 -13 6 -16 6 -12 6 -15 7 -15 6 -12 4 -14 5 -17 8 -13 2 -14 6 -13 1 -19 3 -13 3 -16 7 -14 2 -19 4 -17 1 -19 0 -3 0 0 0 0 0 0 0 0 ]
CSI_DATA,AP,68:FE:71:12:53:8C,-43,11,1,4,1,1,1,1,0,0,0,-96,4,6,1,25792250,0,84,0,0,25.792,384,[84 -64 4 0 0 0 0 0 0 0 0 0 5 18 2 17 1 21 3 19 2 21 2 20 -1 17 0 21 -5 16 -4 16 0 20 -6 22 -1 21 -4 21 -2 21 -6 15 -3 17 -1 18 -1 15 -5 18 -5 17 -1 15 0 14 -2 14 -4 16 -1 17 -1 1 -4 13 -5 14 1 18 -1 16 0 17 -2 16 -4 19 0 14 3 15 3 13 0 12 1 15 0 12 4 12 -1 12 3 12 4 18 6 16 5 12 4 15 5 12 2 18 3 17 4 12 2 16 7 12 -1 0 0 0 0 0 0 0 0 0 ]
CSI_DATA,AP,68:FE:71:12:53:8C,-43,11,1,4,1,1,1,1,0,0,0,-96,5,6,1,25893839,0,84,0,0,25.894,384,[84 -64 4 0 0 0 0 0 0 0 0 0 -18 -11 -15 -9 -16 -10 -15 -17 -10 -13 -12 -14 -9 -15 -12 -15 -15 -15 -15 -18 -10 -13 -9 -17 -12 -17 -8 -17 -14 -18 -11 -18 -9 -13 -11 -17 -11 -14 -10 -15 -13 -17 -7 -16 -12 -14 -13 -11 -8 -16 -10 -11 2 0 -7 -14 -8 -16 -9 -15 -11 -14 -13 -11 -11 -11 -11 -15 -14 -7 -11 -13 -12 -10 -12 -13 -13 -10 -11 -7 -12 -9 -10 -10 -11 -12 -12 -9 -11 -9 -12 -7 -15 -7 -13 -9 -14 -7 -11 -8 -16 -9 -17 -8 -14 -8 -3 0 0 0 0 0 0 0 0 0 ]
CSI_DATA,AP,68:FE:71:12:53:8C,-42,11,1,5,1,1,1,1,0,0,0,-94,5,6,1,25975094,0,82,0,0,25.975,384,[84 -64 4 0 0 0 0 0 0 0 0 0 -1 -24 0 -24 3 -22 0 -19 1 -21 6 -18 6 -21 4 -19 5 -24 4 -22 3 -23 7 -18 5 -22 8 -17 3 -19 5 -21 5 -16 7 -21 4 -15 9 -17 4 -18 7 -16 9 -19 10 -14 5 -19 9 -20 3 -2 3 -17 4 -13 8 -14 6 -17 3 -19 1 -19 5 -16 1 -16 5 -13 1 -13 -1 -17 3 -13 4 -18 -2 -17 -1 -19 -1 -20 4 -20 3 -15 -2 -16 -2 -15 -3 -20 2 -15 -3 -19 3 -20 -4 -18 -1 -20 0 2 0 0 0 0 0 0 0 0 ]
CSI_DATA,AP,68:FE:71:12:53:8C,-40,11,1,4,1,1,1,0,0,0,0,-95,0,6,1,26072528,0,84,0,0,26.073,384,[84 -64 4 0 0 0 0 0 0 0 0 0 -12 -15 -16 -16 -14 -19 -14 -15 -12 -20 -8 -14 -13 -19 -8 -20 -7 -21 -11 -15 -12 -19 -8 -17 -8 -22 -7 -20 -9 -19 -10 -14 -5 -20 -7 -19 -11 -19 -4 -16 -4 -19 -6 -16 -9 -18 -9 -14 -6 -15 -5 -18 -3 -2 -8 -14 -7 -17 -9 -16 -6 -12 -7 -13 -11 -15 -7 -14 -10 -16 -6 -16 -9 -15 -8 -13 -11 -10 -13 -11 -13 -11 -11 -12 -12 -9 -8 -10 -13 -13 -12 -11 -11 -11 -12 -12 -13 -8 -13 -9 -12 -9 -13 -7 -14 -9 3 3 0 0 0 0 0 0 0 0 ]
CSI_DATA,AP,68:FE:71:12:53:8C,-38,11,1,7,1,1,1,1,0,0,0,-96,1,6,1,26154647,0,84,0,0,26.155,384,[84 -64 4 0 0 0 0 0 0 0 0 0 0 -17 4 -17 6 -19 3 -21 4 -20 6 -16 5 -18 4 -15 4 -17 6 -14 4 -17 5 -16 8 -19 4 -16 6 -14 9 -18 5 -13 6 -11 5 -13 8 -17 6 -13 9 -16 5 -16 6 -14 4 -14 5 -15 3 -1 8 -11 7 -11 3 -17 6 -10 3 -16 4 -12 3 -13 6 -11 2 -15 7 -16 1 -16 3 -12 3 -17 -1 -11 4 -15 2 -16 5 -14 -1 -17 5 -12 -2 -12 4 -14 0 -14 1 -17 -2 -17 -1 -13 2 -12 -2 -2 0 0 0 0 0 0 0 0 ]
CSI_DATA,AP,68:FE:71:12:53:8C,-37,11,1,6,1,1,1,0,0,0,0,-94,0,6,1,26246706,0,84,0,0,26.247,384,[84 -64 4 0 0 0 0 0 0 0 0 0 9 10 7 4 6 5 4 11 5 6 2 8 6 10 1 10 3 8 3 11 6 6 1 6 5 5 1 10 4 7 3 9 0 10 4 7 0 10 6 8 5 10 3 4 5 7 -1 8 5 9 4 4 3 0 3 4 2 9 6 4 5 6 0 6 2 4 4 3 2 9 5 5 3 2 4 6 4 8 6 6 7 2 4 7 3 5 4 3 4 8 3 7 3 5 5 6 4 3 8 8 2 2 5 7 8 6 -2 2 0 0 0 0 0 0 0 0 ]
CSI_DATA,AP,68:FE:71:12:53:8C,-39,11,1,4,1,1,1,0,0,0,0,-93,0,6,1,26323992,0,84,0,0,26.324,384,[84 -64 4 0 0 0 0 0 0 0 0 0 4 -18 2 -20 4 -22 4 -16 8 -16 7 -14 8 -20 5 -14 9 -20 5 -19 8 -17 3 -13 9 -17 9 -15 6 -15 6 -19 7 -15 6 -15 4 -13 8 -17 5 -16 6 -18 4 -15 6 -15 5 -11 2 -16 -2 -3 3 -15 5 -12 2 -14 6 -17 3 -15 1 -13 6 -16 1 -13 5 -15 1 -17 0 -16 0 -11 0 -16 2 -17 -1 -12 5 -12 2 -17 4 -13 4 -14 0 -14 -2 -16 -1 -15 0 -15 -1 -17 1 -13 2 -16 -1 3 0 0 0 0 0 0 0 0 ]
CSI_DATA,AP,68:FE:71:12:53:8C,-42,11,1,6,1,1,1,0,0,0,0,-96,0,6,1,26418158,0,84,0,0,26.418,384,[84 -64 4 0 0 0 0 0 0 0 0 0 -2 -21 -1 -19 0 -17 0 -21 -2 -20 5 -18 3 -15 3 -16 0 -20 6 -16 4 -19 6 -19 3 -18 2 -14 7 -19 6 -17 3 -12 4 -14 5 -14 6 -15 7 -16 7 -12 1 -16 7 -14 4 -14 7 -11 -3 0 1 -16 2 -14 3 -10 0 -15 0 -16 3 -15 2 -15 5 -11 2 -16 4 -14 4 -13 2 -15 0 -12 1 -11 2 -13 -4 -11 -3 -13 3 -17 1 -11 -1 -14 0 -15 0 -13 -1 -14 -6 -15 -3 -12 -2 -14 -2 -3 0 0 0 0 0 0 0 0 ]
CSI_DATA,AP,68:FE:71:12:53:8C,-43,11,1,5,1,1,1,0,0,0,0,-94,0,6,1,26491189,0,84,0,0,26.491,384,[84 -64 4 0 0 0 0 0 0 0 0 0 14 -13 8 -17 14 -20 10 -14 14 -14 11 -16 12 -15 16 -15 16 -17 13 -12 16 -16 12 -16 13 -12 14 -10 11 -14 12 -8 13 -10 15 -9 12 -14 13 -13 16 -8 11 -7 12 -12 12 -13 16 -10 16 -10 1 3 13 -7 9 -9 15 -13 10 -12 13 -11 8 -12 11 -11 11 -11 8 -11 11 -13 11 -15 9 -9 13 -13 11 -12 11 -10 9 -10 13 -16 7 -13 6 -16 8 -13 6 -15 10 -13 9 -16 6 -16 9 -12 10 -14 1 1 0 0 0 0 0 0 0 0 ]
CSI_DATA,AP,68:FE:71:12:53:8C,-36,11,1,5,1,1,1,1,0,0,0,-95,3,6,1,26573710,0,84,0,0,26.574,384,[84 -64 4 0 0 0 0 0 0 0 0 0 14 17 15 13 15 19 13 20 13 15 8 18 7 14 12 13 6 20 8 20 5 16 10 19 7 16 6 17 8 20 7 21 7 18 8 15 8 20 10 18 9 16 10 15 8 14 8 16 7 16 7 11 3 0 10 16 6 14 6 16 9 12 11 15 11 13 8 14 10 14 7 15 11 12 9 12 7 14 9 13 10 11 11 8 10 12 11 11 9 13 8 9 14 8 14 12 9 12 10 8 14 6 10 10 14 13 -2 2 0 0 0 0 0 0 0 0 ]
CSI_DATA,AP,68:FE:71:12:53:8C,-43,11,1,4,1,1,1,0,0,0,0,-94,0,6,1,26691473,0,84,0,0,26.691,384,[84 -64 4 0 0 0 0 0 0 0 0 0 7 -17 8 -18 6 -16 9 -20 6 -19 10 -15 9 -18 10 -18 7 -14 9 -15 11 -15 11 -16 8 -17 9 -13 8 -15 10 -12 8 -17 6 -14 9 -14 9 -10 8 -15 11 -13 9 -14 6 -10 5 -15 8 -15 2 3 9 -11 11 -11 4 -15 9 -12 9 -13 6 -10 4 -15 7 -11 4 -11 5 -10 4 -16 5 -16 7 -12 6 -16 2 -14 4 -15 7 -12 5 -16 3 -13 1 -18 2 -16 0 -11 6 -13 3 -12 2 -14 2 -16 2 3 0 0 0 0 0 0 0 0 ]
CSI_DATA,AP,68:FE:71:12:53:8C,-36,11,1,6,1,1,1,0,0,0,1,-95,0,6,1,26758899,0,84,0,0,26.759,384,[84 -64 4 0 0 0 0 0 0 0 0 0 14 6 19 5 19 9 18 10 20 8 17 10 18 8 17 14 14 14 17 8 15 15 12 13 12 12 17 14 14 12 13 11 11 14 11 15 15 13 12 10 10 10 12 10 9 12 14 12 14 12 10 13 1 2 8 8 13 10 10 10 9 12 8 11 13 10 13 10 10 10 10 11 9 5 15 8 13 11 14 6 12 5 16 11 17 9 12 5 15 9 15 6 14 2 14 5 12 5 13 9 13 3 15 5 16 4 1 2 0 0 0 0 0 0 0 0 ]
CSI_DATA,AP,68:FE:71:12:53:8C,-44,11,1,3,1,1,1,0,0,0,0,-96,0,6,1,26851673,0,84,0,0,26.852,384,[84 -64 4 0 0 0 0 0 0 0 0 0 -1 25 3 19 -1 24 1 19 1 20 -5 18 -7 19 -1 21 -2 21 -5 23 -4 22 -2 23 -2 24 -3 20 -5 16 -3 23 -3 20 -5 16 -7 17 -6 17 -4 15 -6 17 -6 17 -6 19 -3 20 -7 20 3 -2 -1 14 -7 21 -6 17 -4 19 -6 19 -5 20 -5 16 0 18 1 15 0 20 -3 20 -2 14 -3 18 -3 15 0 19 -1 15 -2 15 -1 19 -2 15 1 15 -2 20 -1 20 1 16 2 20 2 19 4 15 3 -2 0 0 0 0 0 0 0 0 ]
CSI_DATA,AP,68:FE:71:12:53:8C,-46,11,1,5,1,1,1,1,0,0,0,-96,5,6,1,26916359,0,84,0,0,26.916,384,[84 -64 4 0 0 0 0 0 0 0 0 0 15 -10 18 -7 19 -10 15 -8 18 -12 18 -6 15 -10 18 -4 18 -11 21 -10 18 -4 18 -9 15 -5 20 -6 17 -6 18 -5 17 -7 13 -4 20 -7 17 -1 17 -5 17 -1 13 -6 17 -3 18 -6 15 -6 -2 -1 16 -7 16 -2 16 -7 11 -7 16 -7 15 -8 12 -4 16 -4 11 -8 13 -5 14 -10 14 -8 17 -10 12 -9 11 -6 10 -9 15 -12 13 -8 11 -9 10 -9 16 -6 15 -11 12 -7 10 -12 15 -10 12 -10 -1 3 0 0 0 0 0 0 0 0 ]
CSI_DATA,AP,68:FE:71:12:53:8C,-39,11,1,4,1,1,1,0,0,0,0,-93,0,6,1,26999958,0,84,0,0,27,384,[84 -64 4 0 0 0 0 0 0 0 0 0 -5 -18 -6 -15 -4 -16 -6 -19 -5 -17 -2 -15 -5 -15 -4 -21 -4 -21 -3 -21 -3 -18 -3 -19 0 -20 -3 -19 -2 -18 0 -21 2 -19 1 -14 1 -15 -1 -15 2 -18 -3 -15 2 -12 1 -16 -3 -16 0 -13 1 1 -3 -17 1 -15 -4 -13 -4 -12 -2 -14 -2 -17 -6 -18 -4 -16 -4 -14 -5 -12 -3 -16 -8 -17 -3 -11 -4 -11 -2 -12 -8 -11 -8 -17 -6 -13 -4 -17 -3 -15 -3 -17 -3 -15 -4 -10 -9 -17 -8 -10 -10 -10 -1 3 0 0 0 0 0 0 0 0 ]
CSI_DATA,AP,68:FE:71:12:53:8C,-41,11,1,4,1,1,1,0,0,0,0,-94,0,6,1,27077775,0,84,0,0,27.078,384,[84 -64 4 0 0 0 0 0 0 0 0 0 5 -18 2 -17 3 -17 7 -21 6 -23 6 -15 11 -17 7 -18 12 -21 9 -16 7 -18 10 -20 12 -17 7 -19 9 -19 11 -18 10 -16 9 -18 11 -17 8 -19 12 -12 10 -15 7 -12 7 -12 8 -13 6 -16 -3 -1 10 -16 9 -16 5 -12 6 -17 8 -11 7 -16 10 -19 6 -18 4 -13 4 -18 4 -19 5 -17 4 -13 6 -18 2 -14 4 -19 4 -14 4 -19 4 -19 3 -18 4 -13 4 -17 4 -16 5 -19 2 -19 3 -19 0 0 0 0 0 0 0 0 0 0 ]
CSI_DATA,AP,68:FE:71:12:53:8C,-37,11,1,6,1,1,1,1,0,0,0,-95,1,6,1,27154555,0,84,0,0,27.155,384,[84 -64 4 0 0 0 0 0 0 0 0 0 -7 -17 -7 -19 -5 -23 -9 -20 -8 -23 -3 -19 -2 -18 -3 -19 -1 -23 -2 -18 -1 -23 -7 -19 -6 -21 -2 -24 -2 -18 -2 -22 0 -19 0 -19 0 -21 -3 -18 -1 -18 -2 -17 -3 -19 -4 -20 1 -20 -6 -18 -3 2 -2 -16 -1 -17 -3 -17 -6 -16 -1 -19 -1 -17 -4 -19 -7 -14 -6 -14 -3 -18 -7 -17 -4 -14 -9 -15 -5 -13 -4 -13 -10 -17 -7 -16 -8 -16 -10 -13 -7 -13 -11 -13 -10 -18 -10 -17 -13 -18 -7 -13 -11 -18 3 -3 0 0 0 0 0 0 0 0 ]
CSI_DATA,AP,68:FE:71:12:53:8C,-45,11,1,5,1,1,1,0,0,0,0,-96,0,6,1,27211554,0,84,0,0,27.212,384,[84 -64 4 0 0 0 0 0 0 0 0 0 4 -22 -2 -18 -1 -23 -1 -20 0 -21 1 -21 3 -20 3 -19 6 -20 8 -18 6 -21 9 -20 4 -18 8 -17 6 -22 4 -18 7 -16 6 -16 7 -19 7 -17 8 -17 10 -17 7 -18 7 -20 9 -16 4 -15 1 -1 8 -13 9 -15 7 -17 4 -14 7 -15 3 -17 7 -14 2 -19 2 -14 6 -15 0 -14 3 -17 2 -14 1 -18 4 -15 2 -18 0 -16 -1 -18 -1 -18 1 -14 1 -18 -2 -17 3 -20 0 -17 4 -19 2 -17 -3 -1 0 0 0 0 0 0 0 0 ]
CSI_DATA,AP,68:FE:71:12:53:8C,-36,11,1,6,1,1,1,0,0,0,0,-96,0,6,1,27334567,0,84,0,0,27.335,384,[84 -64 4 0 0 0 0 0 0 0 0 0 1 20 -3 24 -7 25 -7 22 -8 25 -7 19 -6 17 -5 18 -8 19 -5 19 -5 20 -10 23 -8 21 -5 23 -10 22 -7 22 -11 18 -9 17 -8 16 -5 17 -9 18 -12 15 -11 16 -8 14 -9 19 -8 17 2 3 -9 15 -4 18 -7 19 -9 16 -7 17 -2 17 -5 14 -5 13 -2 15 -2 18 0 17 1 17 1 20 -4 21 -1 18 1 16 -5 16 -1 16 2 19 -2 17 -4 16 -1 20 3 15 2 21 0 19 0 15 -2 0 0 0 0 0 0 0 0 0 ]
CSI_DATA,AP,68:FE:71:12:53:8C,-44,11,1,5,1,1,1,0,0,0,0,-96,0,6,1,27409795,0,84,0,0,27.41,384,[84 -64 4 0 0 0 0 0 0 0 0 0 18 10 20 8 18 11 22 11 16 14 18 11 15 14 17 13 16 9 18 12 15 16 15 14 14 16 14 16 12 14 14 17 12 14 14 14 11 12 13 16 10 11 10 16 9 11 13 15 16 16 15 13 0 1 17 12 14 9 17 12 16 10 15 13 16 12 15 8 16 7 16 7 15 9 17 8 11 8 15 7 13 7 13 4 19 5 15 7 18 8 12 3 18 1 14 5 18 3 17 7 16 6 17 6 16 4 0 1 0 0 0 0 0 0 0 0 ]
CSI_DATA,AP,68:FE:71:12:53:8C,-35,11,1,6,1,1,1,0,0,0,0,-93,0,6,1,27498091,0,84,0,0,27.498,384,[84 -64 4 0 0 0 0 0 0 0 0 0 -21 11 -23 11 -21 6 -24 10 -20 9 -23 7 -18 2 -19 2 -17 0 -20 6 -25 8 -19 2 -24 2 -20 3 -22 5 -23 0 -22 5 -20 2 -20 2 -21 3 -19 -1 -21 -2 -16 -2 -18 2 -21 4 -22 3 3 2 -20 1 -15 3 -15 5 -18 7 -17 2 -15 2 -15 3 -13 4 -16 3 -12 2 -17 5 -16 4 -12 10 -12 11 -19 8 -15 10 -18 9 -16 12 -15 11 -15 9 -19 11 -14 8 -14 10 -14 7 -14 12 -12 9 -3 1 0 0 0 0 0 0 0 0 ]
CSI_DATA,AP,68:FE:71:12:53:8C,-39,11,1,4,1,1,1,0,0,0,0,-95,0,6,1,27604031,0,84,0,0,27.604,384,[84 -64 4 0 0 0 0 0 0 0 0 0 15 13 11 18 14 17 13 20 9 21 12 18 13 19 12 18 9 17 8 21 10 19 6 20 5 17 8 16 7 17 7 21 10 18 4 18 7 16 9 17 6 18 8 19 5 18 7 19 10 21 4 15 -3 3 6 18 9 16 11 19 10 16 10 12 8 16 12 16 7 13 7 14 11 15 10 13 11 14 11 10 9 14 10 13 13 13 11 10 9 12 13 9 15 12 14 8 14 8 10 11 14 8 15 8 11 13 -2 1 0 0 0 0 0 0 0 0 ]
CSI_DATA,AP,68:FE:71:12:53:8C,-44,11,1,3,1,1,1,0,0,0,0,-96,0,6,1,27678508,0,84,0,0,27.679,384,[84 -64 4 0 0 0 0 0 0 0 0 0 -19 9 -22 8 -17 11 -19 9 -21 10 -22 3 -22 8 -23 5 -22 5 -23 7 -23 3 -23 7 -23 4 -21 8 -17 6 -23 2 -18 2 -17 1 -16 -1 -18 4 -16 0 -19 2 -14 3 -20 1 -21 3 -15 5 1 -3 -17 4 -17 2 -15 2 -16 6 -19 1 -18 6 -19 4 -15 5 -14 5 -13 4 -19 6 -13 6 -12 8 -13 7 -14 4 -19 6 -19 8 -17 5 -14 8 -12 8 -18 5 -16 7 -12 8 -11 13 -12 10 -11 7 -2 1 0 0 0 0 0 0 0 0 ]
CSI_DATA,AP,68:FE:71:12:53:8C,-40,11,1,4,1,1,1,0,0,0,0,-94,0,6,1,27769447,0,84,0,0,27.769,384,[84 -64 4 0 0 0 0 0 0 0 0 0 -15 12 -18 13 -17 16 -23 10 -17 9 -20 11 -17 12 -18 7 -21 7 -18 7 -20 6 -23 12 -21 6 -17 4 -22 6 -21 9 -18 8 -20 10 -22 10 -17 8 -20 10 -15 10 -18 3 -20 7 -16 9 -18 5 0 2 -14 6 -15 10 -18 8 -14 11 -18 7 -13 7 -19 12 -15 7 -15 8 -11 12 -12 11 -15 12 -11 8 -14 14 -14 9 -17 13 -11 14 -15 13 -10 13 -9 13 -11 11 -11 10 -9 9 -14 13 -11 14 -12 11 -2 -2 0 0 0 0 0 0 0 0 ]
CSI_DATA,AP,68:FE:71:12:53:8C,-37,11,1,6,1,1,1,0,0,0,0,-95,0,6,1,27841268,0,84,0,0,27.841,384,[84 -64 4 0 0 0 0 0 0 0 0 0 -14 -17 -13 -16 -17 -13 -16 -15 -13 -14 -11 -16 -10 -15 -8 -17 -13 -19 -11 -14 -11 -18 -10 -19 -8 -18 -10 -15 -12 -19 -11 -16 -10 -16 -7 -18 -6 -13 -11 -19 -10 -15 -9 -13 -5 -13 -8 -17 -10 -19 -9 -12 3 2 -11 -17 -12 -13 -12 -15 -11 -16 -11 -14 -12 -17 -7 -16 -13 -11 -11 -9 -11 -12 -15 -14 -11 -8 -13 -9 -13 -14 -11 -14 -10 -14 -11 -10 -10 -11 -12 -8 -14 -13 -11 -12 -13 -9 -10 -9 -16 -7 -17 -8 -17 -10 2 1 0 0 0 0 0 0 0 0 ]
CSI_DATA,AP,68:FE:71:12:53:8C,-43,11,1,5,1,1,1,0,0,0,0,-96,0,6,1,27918578,0,84,0,0,27.919,384,[84 -64 4 0 0 0 0 0 0 0 0 0 15 13 16 15 15 16 17 19 11 15 9 12 13 15 9 14 8 18 13 17 12 19 12 15 9 20 10 17 10 18 11 18 8 17 8 14 10 13 5 14 9 14 6 13 8 11 10 18 8 18 9 13 -1 3 10 14 6 15 8 13 10 10 10 13 11 11 13 14 13 11 10 10 12 14 13 14 11 8 10 14 9 12 13 7 15 13 15 11 15 9 15 7 10 6 9 9 11 12 12 8 12 9 12 11 11 5 3 -2 0 0 0 0 0 0 0 0 ]
CSI_DATA,AP,68:FE:71:12:53:8C,-40,11,1,6,1,1,1,0,0,0,0,-96,0,6,1,28025736,0,84,0,0,28.026,384,[84 -64 4 0 0 0 0 0 0 0 0 0 -20 -13 -16 -12 -19 -11 -19 -12 -20 -15 -14 -17 -17 -13 -18 -14 -16 -15 -11 -15 -15 -17 -13 -15 -16 -15 -13 -15 -9 -15 -16 -14 -9 -13 -14 -11 -13 -13 -15 -11 -11 -16 -15 -11 -12 -13 -13 -17 -11 -17 -13 -14 1 -3 -14 -14 -11 -9 -16 -11 -12 -8 -12 -13 -15 -14 -10 -13 -12 -7 -15 -13 -14 -12 -13 -8 -15 -11 -12 -13 -15 -9 -16 -11 -16 -5 -17 -11 -11 -10 -17 -5 -16 -9 -12 -5 -15 -8 -12 -6 -17 -8 -12 -7 -13 -6 -2 -3 0 0 0 0 0 0 0 0 ]
CSI_DATA,AP,68:FE:71:12:53:8C,-38,11,1,6,1,1,1,0,0,0,0,-95,0,6,1,28101010,0,84,0,0,28.101,384,[84 -64 4 0 0 0 0 0 0 0 0 0 -20 7 -23 7 -20 6 -19 5 -18 6 -23 4 -21 4 -23 4 -20 6 -17 4 -24 1 -22 1 -20 2 -17 -1 -18 -2 -20 4 -22 2 -15 -1 -21 -2 -22 1 -18 3 -17 3 -15 -2 -15 0 -19 -2 -21 4 -2 3 -19 1 -21 3 -21 4 -17 7 -20 5 -19 5 -15 6 -16 5 -17 2 -17 5 -16 9 -15 3 -14 8 -17 5 -19 8 -13 7 -19 5 -12 7 -17 10 -17 11 -19 9 -12 8 -17 9 -14 11 -18 5 -16 8 -3 3 0 0 0 0 0 0 0 0 ]
CSI_DATA,AP,68:FE:71:12:53:8C,-42,11,1,4,1,1,1,0,0,0,0,-95,0,6,1,28207703,0,84,0,0,28.208,384,[84 -64 4 0 0 0 0 0 0 0 0 0 4 20 7 22 2 22 3 23 5 23 4 17 6 20 3 20 1 17 2 22 -2 19 1 22 1 21 2 17 0 21 3 18 0 20 0 17 2 21 3 14 -1 19 -2 18 0 16 -3 19 0 21 1 14 1 3 3 20 2 14 2 14 0 15 1 16 5 17 0 14 1 19 5 19 6 15 4 14 1 14 4 14 3 12 5 17 4 17 6 15 8 12 5 14 7 11 5 18 9 17 8 13 10 13 6 17 10 16 -3 -1 0 0 0 0 0 0 0 0 ]
CSI_DATA,AP,68:FE:71:12:53:8C,-40,11,1,6,1,1,1,0,0,0,0,-95,0,6,1,28313821,0,84,0,0,28.314,384,[84 -64 4 0 0 0 0 0 0 0 0 0 -21 -6 -23 -7 -20 -11 -22 -8 -22 -10 -16 -8 -21 -9 -21 -9 -21 -13 -20 -11 -18 -12 -16 -9 -15 -15 -15 -13 -15 -15 -17 -15 -16 -10 -13 -9 -15 -9 -14 -13 -13 -11 -15 -15 -15 -8 -14 -8 -17 -10 -13 -12 -3 -1 -16 -11 -16 -13 -17 -11 -15 -11 -15 -8 -19 -7 -16 -10 -13 -8 -15 -11 -18 -4 -20 -4 -14 -6 -16 -3 -15 -2 -15 -6 -15 -3 -20 -6 -15 -7 -18 -5 -17 -2 -19 -1 -17 -5 -14 -5 -20 -4 -19 -6 -15 1 1 -3 0 0 0 0 0 0 0 0 ]
CSI_DATA,AP,68:FE:71:12:53:8C,-39,11,1,6,1,1,1,0,0,0,1,-93,0,6,1,28402435,0,84,0,0,28.402,384,[84 -64 4 0 0 0 0 0 0 0 0 0 -4 -18 -6 -23 -10 -25 -3 -22 -7 -18 -6 -20 -7 -21 -3 -21 -6 -23 -4 -23 -1 -23 -2 -24 -4 -19 -2 -24 0 -18 -5 -21 -1 -23 -3 -21 -3 -21 1 -18 1 -15 -1 -17 -3 -19 1 -20 1 -19 0 -17 3 2 -2 -20 -2 -20 -4 -21 -6 -14 -5 -15 -5 -17 -5 -14 -3 -14 -4 -17 -3 -19 -4 -19 -6 -19 -8 -19 -7 -13 -4 -17 -9 -17 -8 -18 -4 -16 -5 -17 -7 -12 -8 -14 -7 -15 -11 -17 -7 -16 -5 -17 -11 -18 0 1 0 0 0 0 0 0 0 0 ]
CSI_DATA,AP,68:FE:71:12:53:8C,-42,11,0,0,0,0,0,0,0,0,0,-94,0,6,1,28509618,0,37,0,0,28.51,128,[84 -64 4 0 0 0 0 0 0 0 0 0 19 9 15 13 18 11 17 16 14 11 12 15 14 13 13 15 13 12 12 16 11 12 14 16 16 15 10 17 9 12 12 19 10 15 9 16 12 15 8 11 12 16 12 15 8 14 8 14 9 16 13 14 -2 -3 11 9 9 11 9 15 10 11 9 9 14 13 9 13 9 13 11 11 16 11 17 11 15 6 16 6 15 6 13 9 16 10 14 8 13 6 11 4 16 5 16 10 14 9 15 8 15 5 14 9 17 4 -2 -2 0 0 0 0 0 0 0 0 ]
CSI_DATA,AP,68:FE:71:12:53:8C,-39,11,1,6,1,1,1,0,0,0,0,-94,0,6,1,28642462,0,84,0,0,28.642,384,[84 -64 4 0 0 0 0 0 0 0 0 0 16 -12 20 -9 19 -12 22 -11 17 -7 17 -4 17 -7 21 -5 18 -2 22 -8 17 -6 17 -6 17 -6 22 -6 15 0 19 -7 19 -6 20 -1 17 0 15 -2 19 0 14 -6 17 -2 15 -1 19 0 18 -1 0 2 17 -4 17 -8 13 -6 13 -3 14 -1 18 -7 14 -2 16 -7 12 -7 11 -6 17 -8 13 -8 16 -7 17 -9 17 -5 16 -7 15 -5 12 -6 14 -6 14 -7 12 -7 14 -7 13 -12 15 -14 11 -10 12 -9 1 3 0 0 0 0 0 0 0 0 ]
CSI_DATA,AP,68:FE:71:12:53:8C,-41,11,1,5,1,1,1,1,0,0,0,-95,6,6,1,28729896,0,84,0,0,28.73,384,[84 -64 4 0 0 0 0 0 0 0 0 0 -21 -1 -22 2 -20 -4 -18 -1 -19 -4 -18 -3 -19 -4 -21 -8 -17 -8 -19 -9 -17 -8 -18 -6 -20 -10 -17 -8 -17 -8 -20 -4 -19 -7 -16 -11 -13 -6 -15 -11 -16 -8 -13 -8 -13 -11 -13 -8 -16 -8 -18 -8 3 -1 -19 -3 -19 -4 -15 -8 -19 -1 -17 -9 -19 -5 -16 -6 -15 -4 -19 -5 -19 -4 -14 -5 -17 0 -15 -6 -17 -3 -17 0 -14 0 -18 -5 -18 1 -18 -4 -14 -3 -16 0 -17 -2 -16 2 -18 4 -20 1 -17 1 0 -3 0 0 0 0 0 0 0 0 ]
CSI_DATA,AP,68:FE:71:12:53:8C,-40,11,1,6,1,1,1,0,0,0,0,-95,0,6,1,28847726,0,84,0,0,28.848,384,[84 -64 4 0 0 0 0 0 0 0 0 0 -20 1 -24 5 -22 5 -26 0 -23 1 -19 0 -20 1 -18 1 -18 0 -22 -3 -25 1 -22 0 -24 -2 -18 -1 -18 -6 -19 -2 -17 -3 -17 0 -17 -4 -19 -2 -18 0 -18 -2 -15 -2 -20 -6 -16 0 -19 -1 2 -1 -17 -5 -16 -5 -21 0 -19 2 -15 0 -14 1 -18 -2 -14 -1 -18 4 -14 -2 -19 2 -14 0 -19 2 -15 2 -17 3 -15 5 -15 6 -18 5 -19 3 -19 6 -19 1 -14 2 -18 1 -20 3 -14 1 -18 4 -3 3 0 0 0 0 0 0 0 0 ]
CSI_DATA,AP,68:FE:71:12:53:8C,-39,11,1,4,1,1,1,0,0,0,0,-95,0,6,1,28933454,0,84,0,0,28.933,384,[84 -64 4 0 0 0 0 0 0 0 0 0 -11 -19 -8 -18 -10 -20 -8 -23 -12 -23 -4 -17 -3 -18 -3 -23 -6 -21 -4 -17 -9 -24 -7 -23 -7 -19 -8 -22 -4 -16 -3 -20 -3 -16 -4 -21 -1 -16 -1 -19 -4 -16 -6 -16 -1 -16 -6 -20 -2 -21 -4 -14 3 1 -1 -18 -9 -15 -2 -15 -4 -20 -2 -14 -6 -17 -3 -13 -3 -17 -8 -14 -9 -14 -8 -15 -7 -17 -8 -16 -6 -13 -6 -14 -7 -11 -7 -16 -12 -16 -12 -14 -7 -11 -10 -16 -12 -17 -12 -12 -11 -15 -8 -14 -14 -15 -3 -1 0 0 0 0 0 0 0 0 ]
CSI_DATA,AP,68:FE:71:12:53:8C,-46,11,1,4,1,1,1,0,0,0,0,-94,0,6,1,29027974,0,84,0,0,29.028,384,[84 -64 4 0 0 0 0 0 0 0 0 0 16 -6 21 -6 20 -7 24 -4 22 -4 22 -1 17 -6 16 -3 21 -2 17 -4 20 -1 21 -3 20 -2 21 -4 16 0 21 1 21 1 13 -4 17 -2 19 -3 20 -2 16 -2 13 0 15 -1 19 -3 14 -1 3 -3 16 -3 18 -4 18 -7 13 -4 12 -3 17 -4 18 -2 15 -6 16 -5 17 -2 13 -9 11 -4 13 -7 13 -6 17 -3 14 -7 13 -5 12 -5 16 -9 15 -8 14 -11 14 -10 15 -6 11 -11 13 -6 12 -8 0 -2 0 0 0 0 0 0 0 0 ]
CSI_DATA,AP,68:FE:71:12:53:8C,-44,11,1,4,1,1,1,0,0,0,0,-94,0,6,1,29128958,0,84,0,0,29.129,384,[84 -64 4 0 0 0 0 0 0 0 0 0 -13 10 -20 7 -20 9 -21 12 -15 9 -16 9 -15 7 -21 5 -20 8 -18 6 -19 6 -19 4 -22 8 -17 6 -15 4 -18 8 -14 1 -15 1 -18 3 -18 0 -15 6 -14 0 -12 4 -14 1 -14 6 -13 2 -3 -1 -13 8 -14 4 -19 3 -15 7 -14 8 -14 7 -16 8 -12 3 -18 3 -10 5 -12 6 -12 10 -12 7 -12 9 -15 5 -11 9 -15 10 -12 12 -11 9 -13 11 -10 7 -9 11 -8 12 -13 10 -12 9 -15 14 -2 3 0 0 0 0 0 0 0 0 ]
CSI_DATA,AP,68:FE:71:12:53:8C,-36,11,0,0,0,0,0,0,0,0,0,-94,0,6,1,29222586,0,37,0,0,29.223,128,[84 -64 4 0 0 0 0 0 0 0 0 0 6 16 8 14 8 14 9 16 8 18 6 15 4 15 4 20 6 21 1 14 2 17 2 17 4 16 1 21 2 13 3 18 -1 17 4 12 1 17 4 17 5 14 1 16 3 12 -1 17 -1 16 -1 14 -3 3 5 17 4 16 5 17 4 14 5 12 3 12 5 13 2 15 7 16 4 10 8 15 4 16 7 14 6 12 7 13 5 13 5 11 6 14 8 12 5 13 8 11 9 10 8 9 6 15 9 12 7 10 1 0 0 0 0 0 0 0 0 0 ]
CSI_DATA,AP,68:FE:71:12:53:8C,-44,11,1,3,1,1,1,0,0,0,0,-93,0,6,1,29348643,0,84,0,0,29.349,384,[84 -64 4 0 0 0 0 0 0 0 0 0 -15 13 -13 15 -11 12 -16 16 -15 13 -16 13 -13 15 -14 13 -15 13 -11 11 -18 7 -18 13 -18 7 -18 11 -17 7 -17 7 -12 11 -12 6 -14 7 -16 6 -17 9 -15 6 -16 8 -15 11 -18 10 -16 11 2 3 -16 7 -10 6 -11 10 -15 12 -12 8 -11 9 -15 10 -12 11 -13 10 -8 10 -8 9 -10 9 -13 13 -8 11 -7 13 -10 13 -13 12 -11 8 -8 14 -11 14 -7 12 -12 12 -8 9 -5 14 -7 9 -10 10 0 -2 0 0 0 0 0 0 0 0 ]
CSI_DATA,AP,68:FE:71:12:53:8C,-38,11,1,7,1,1,1,0,0,0,0,-96,0,6,1,29424489,0,84,0,0,29.424,384,[84 -64 4 0 0 0 0 0 0 0 0 0 13 -16 18 -11 16 -15 19 -15 19 -13 16 -7 16 -12 20 -8 16 -6 16 -10 18 -8 22 -10 18 -4 20 -10 15 -4 18 -8 19 -7 14 -4 19 -2 17 -7 16 -7 19 -4 17 -7 13 -3 16 -8 19 -2 3 -2 14 -9 17 -6 14 -6 13 -7 14 -8 17 -6 17 -9 14 -5 12 -5 17 -8 13 -11 13 -4 14 -6 14 -7 17 -9 17 -7 18 -10 11 -13 16 -8 10 -8 17 -7 14 -9 17 -13 14 -10 14 -7 16 -13 -3 2 0 0 0 0 0 0 0 0 ]
CSI_DATA,AP,68:FE:71:12:53:8C,-38,11,1,6,1,1,1,0,0,0,0,-95,0,6,1,29529437,0,84,0,0,29.529,384,[84 -64 4 0 0 0 0 0 0 0 0 0 20 -12 18 -9 18 -14 22 -9 21 -14 16 -11 22 -9 20 -11 17 -10 20 -10 18 -5 17 -7 20 -6 20 -4 18 -7 17 -4 15 -5 15 -4 16 -7 19 -4 19 -10 15 -4 16 -6 15 -8 19 -4 18 -6 1 1 13 -9 11 -6 12 -6 13 -11 15 -8 16 -9 15 -8 14 -11 12 -11 8 -11 11 -10 11 -5 9 -8 8 -12 12 -10 15 -12 13 -11 11 -9 11 -10 8 -12 10 -14 7 -12 13 -10 7 -13 13 -9 6 -9 1 -1 0 0 0 0 0 0 0 0 ]
CSI_DATA,AP,68:FE:71:12:53:8C,-40,11,1,5,1,1,1,0,0,0,0,-96,0,6,1,29648852,0,84,0,0,29.649,384,[84 -64 4 0 0 0 0 0 0 0 0 0 5 -11 2 -12 8 -10 2 -10 6 -11 2 -10 4 -8 6 -10 4 -9 9 -8 7 -7 4 -11 9 -10 8 -11 8 -7 7 -9 4 -8 5 -8 5 -7 6 -7 8 -10 5 -5 8 -6 4 -7 8 -5 4 -5 -3 -2 7 -9 2 -6 6 -5 4 -10 3 -6 6 -7 4 -11 4 -6 3 -7 2 -7 3 -10 2 -6 5 -9 4 -8 3 -8 2 -7 0 -9 2 -10 5 -8 2 -6 6 -11 5 -11 2 -6 5 -12 3 -7 0 -12 -1 1 0 0 0 0 0 0 0 0 ]
CSI_DATA,AP,68:FE:71:12:53:8C,-44,11,1,4,1,1,1,0,0,0,0,-94,0,6,1,29751196,0,84,0,0,29.751,384,[84 -64 4 0 0 0 0 0 0 0 0 0 11 -13 11 -12 11 -12 7 -13 8 -12 7 -7 9 -11 9 -8 13 -7 14 -6 11 -5 9 -11 15 -9 10 -7 8 -5 12 -6 7 -5 12 -3 11 -9 8 -9 9 -9 13 -5 10 -3 11 -4 11 -6 13 -10 3 3 7 -7 10 -3 12 -8 9 -4 7 -5 8 -8 10 -6 5 -10 10 -9 9 -6 10 -10 8 -7 11 -6 7 -9 11 -9 6 -11 8 -7 7 -13 4 -11 6 -8 7 -11 5 -12 6 -12 5 -11 9 -8 7 -6 1 2 0 0 0 0 0 0 0 0 ]
CSI_DATA,AP,68:FE:71:12:53:8C,-41,11,1,6,1,1,1,0,0,0,0,-93,0,6,1,29862608,0,84,0,0,29.863,384,[84 -64 4 0 0 0 0 0 0 0 0 0 -6 -5 -11 1 -6 -1 -6 1 -6 -4 -7 -4 -5 -2 -6 -5 -8 -2 -6 -2 -9 -3 -6 -3 -7 -3 -7 -4 -6 -3 -8 -3 -10 -6 -10 -2 -10 -2 -4 -2 -5 -3 -9 -6 -9 -2 -7 -4 -5 -6 -10 -4 0 0 -6 -6 -9 -5 -6 -7 -5 -1 -7 -4 -4 -6 -8 -2 -5 -6 -9 -1 -10 -5 -6 -5 -8 -5 -8 0 -10 -1 -6 -6 -7 1 -8 0 -9 -5 -7 -4 -6 -5 -11 -3 -9 -5 -7 -3 -9 -3 -9 1 -10 -3 2 -3 0 0 0 0 0 0 0 0 ]
CSI_DATA,AP,68:FE:71:12:53:8C,-44,11,1,4,1,1,1,0,0,0,0,-95,0,6,1,29923978,0,84,0,0,29.924,384,[84 -64 4 0 0 0 0 0 0 0 0 0 7 11 5 15 3 12 3 16 4 11 -1 13 -1 11 -1 17 2 12 0 11 -2 12 -1 12 0 16 0 17 2 12 2 17 -2 14 0 16 -3 13 2 13 0 15 1 15 -4 10 -4 12 -1 12 1 16 2 0 1 14 -2 12 3 13 3 10 -1 15 -1 13 1 15 -1 16 1 14 3 10 3 13 0 16 -1 14 2 13 5 13 5 11 5 15 6 11 6 15 6 13 0 16 2 14 4 10 1 9 3 9 2 14 -1 1 0 0 0 0 0 0 0 0 ]
CSI_DATA,AP,68:FE:71:12:53:8C,-37,11,1,7,1,1,1,0,0,0,0,-93,0,6,1,30026785,0,84,0,0,30.027,384,[84 -64 4 0 0 0 0 0 0 0 0 0 4 -22 2 -18 0 -26 5 -22 3 -20 4 -23 6 -22 8 -19 8 -19 6 -20 6 -22 4 -20 10 -23 5 -16 7 -21 7 -21 6 -15 8 -19 5 -19 4 -21 4 -15 8 -16 10 -19 8 -20 5 -16 6 -19 -1 3 5 -19 8 -15 5 -17 2 -17 7 -18 7 -15 2 -13 6 -14 6 -17 4 -18 1 -18 4 -17 -1 -13 2 -16 3 -19 -3 -16 -1 -20 2 -14 -1 -14 -3 -14 0 -17 -1 -19 -4 -15 -1 -17 -4 -17 1 -13 -1 0 0 0 0 0 0 0 0 0 ]
CSI_DATA,AP,68:FE:71:12:53:8C,-42,11,1,5,1,1,1,0,0,0,0,-96,0,6,1,30122923,0,84,0,0,30.123,384,[84 -64 4 0 0 0 0 0 0 0 0 0 20 2 18 4 23 2 20 5 22 8 21 5 18 3 13 5 14 3 12 7 17 5 12 5 15 4 13 8 14 6 11 7 14 3 12 8 10 8 14 3 10 8 14 1 12 2 14 0 15 1 13 3 -3 -3 10 4 8 2 15 4 13 0 11 4 15 -1 11 -2 9 0 10 -1 12 2 13 -2 10 0 11 -5 13 -2 11 0 15 -6 10 -6 11 -7 11 -2 14 -4 11 -6 9 -4 9 -7 12 -3 11 -6 11 -8 -1 0 0 0 0 0 0 0 0 0 ]
CSI_DATA,AP,68:FE:71:12:53:8C,-41,11,1,6,1,1,1,1,0,0,0,-95,4,6,1,30217288,0,84,0,0,30.217,384,[84 -64 4 0 0 0 0 0 0 0 0 0 -23 36 -25 34 -24 31 -22 28 -24 28 -22 26 -24 25 -23 24 -25 25 -23 21 -24 18 -19 23 -22 24 -24 20 -17 14 -20 21 -22 19 -18 16 -17 14 -20 16 -14 12 -16 16 -17 18 -13 17 -11 14 -14 17 -3 0 -10 14 -13 21 -8 18 -9 18 -10 18 -11 18 -8 18 -9 21 -7 11 -6 12 -3 19 -4 22 -6 21 -3 20 -3 24 -2 24 -6 21 -3 19 -6 24 0 26 -3 26 1 25 -4 23 -3 23 3 21 -1 22 -3 0 0 0 0 0 0 0 0 0 ]
CSI_DATA,AP,68:FE:71:12:53:8C,-40,11,1,6,1,1,1,0,0,0,0,-94,0,6,1,30310689,0,84,0,0,30.311,384,[84 -64 4 0 0 0 0 0 0 0 0 0 16 -13 20 -11 22 -14 22 -8 15 -9 19 -6 16 -7 18 -8 17 -6 18 -5 17 -6 15 -7 16 -3 13 -7 12 0 16 -1 12 -1 12 -5 12 -4 13 -3 14 -4 11 -6 12 -5 7 -2 12 -4 11 -5 1 0 9 -3 10 -7 11 -5 5 -10 5 -3 9 -5 10 -8 5 -10 6 -4 6 -7 4 -8 4 -7 4 -11 4 -9 3 -7 3 -11 8 -9 7 -12 4 -9 2 -7 1 -11 2 -11 6 -11 2 -12 0 -8 0 -10 2 -1 0 0 0 0 0 0 0 0 ]
CSI_DATA,AP,68:FE:71:12:53:8C,-37,11,1,5,1,1,1,0,0,0,0,-94,0,6,1,30379901,0,84,0,0,30.38,384,[84 -64 4 0 0 0 0 0 0 0 0 0 21 -23 21 -21 20 -21 24 -22 21 -19 22 -15 22 -20 20 -17 20 -18 24 -14 25 -16 24 -17 20 -16 17 -14 20 -11 21 -16 15 -15 20 -9 14 -11 13 -12 17 -14 10 -13 16 -8 10 -7 10 -11 11 -9 0 -1 10 -13 10 -12 10 -10 8 -11 7 -12 6 -15 4 -15 2 -15 7 -10 6 -10 2 -13 4 -15 4 -13 3 -15 0 -16 0 -13 -3 -11 1 -10 2 -9 -2 -11 2 -10 -2 -9 -3 -9 -7 -15 -4 -15 -2 -9 -2 2 0 0 0 0 0 0 0 0 ]
CSI_DATA,AP,68:FE:71:12:53:8C,-46,11,1,3,1,1,1,0,0,0,0,-95,0,6,1,30469396,0,84,0,0,30.469,384,[84 -64 4 0 0 0 0 0 0 0 0 0 7 20 5 24 6 20 8 25 3 19 2 21 4 20 -2 22 1 20 1 23 2 23 0 23 3 19 2 22 -1 20 0 21 0 17 0 19 2 13 -1 15 -2 19 0 20 1 18 -1 20 0 14 1 14 -1 -3 4 18 5 14 0 13 -1 12 1 14 3 18 3 12 0 12 5 14 1 15 3 16 4 16 2 16 6 12 6 12 4 13 2 14 3 10 5 14 7 11 6 13 2 16 3 16 8 14 4 10 5 10 1 0 0 0 0 0 0 0 0 0 ]
CSI_DATA,AP,68:FE:71:12:53:8C,-39,11,1,4,1,1,1,0,0,0,0,-94,0,6,1,30550935,0,84,0,0,30.551,384,[84 -64 4 0 0 0 0 0 0 0 0 0 19 -10 17 -7 21 -4 22 -7 16 -4 16 -7 18 -3 16 -5 18 -2 19 -5 18 -5 20 -6 19 -2 21 -1 22 1 18 -5 21 -3 15 0 20 1 19 -5 19 -2 23 0 20 -5 18 -3 22 -5 22 -6 2 1 20 -1 19 -4 17 -4 21 -3 22 -1 18 -5 22 -5 16 -2 16 -3 21 -6 19 -9 16 -7 21 -3 20 -6 21 -8 22 -7 20 -10 18 -8 20 -7 22 -9 19 -9 17 -9 18 -9 19 -6 19 -6 17 -5 -1 1 0 0 0 0 0 0 0 0 ]
CSI_DATA,AP,68:FE:71:12:53:8C,-40,11,1,5,1,1,1,0,0,0,0,-95,0,6,1,30622389,0,84,0,0,30.622,384,[84 -64 4 0 0 0 0 0 0 0 0 0 -20 -6 -24 -4 -20 -4 -23 -6 -23 -6 -19 -4 -24 -8 -19 -6 -24 -11 -22 -6 -20 -8 -27 -10 -24 -10 -22 -8 -22 -9 -25 -11 -23 -7 -21 -12 -18 -10 -22 -13 -23 -11 -25 -10 -20 -9 -23 -10 -23 -8 -24 -11 3 3 -20 -7 -21 -9 -23 -9 -20 -7 -22 -8 -24 -10 -21 -12 -22 -5 -22 -6 -21 -4 -23 -6 -20 -2 -21 -5 -23 -3 -21 -4 -27 -6 -22 -3 -25 -6 -25 -7 -23 -3 -23 -9 -22 -7 -23 -8 -25 -2 -23 -2 -21 -3 1 2 0 0 0 0 0 0 0 0 ]
CSI_DATA,AP,68:FE:71:12:53:8C,-41,11,1,5,1,1,1,0,0,0,1,-95,0,6,1,30697295,0,84,0,0,30.697,384,[84 -64 4 0 0 0 0 0 0 0 0 0 -14 -2 -17 -6 -15 -5 -16 -9 -13 -5 -12 -11 -11 -10 -11 -11 -12 -12 -15 -9 -17 -12 -14 -13 -17 -8 -12 -8 -12 -12 -13 -11 -13 -11 -10 -12 -8 -8 -14 -7 -14 -9 -13 -11 -8 -11 -12 -12 -11 -11 -12 -12 2 -2 -13 -12 -14 -12 -14 -10 -13 -6 -14 -12 -16 -8 -10 -9 -13 -6 -15 -6 -17 -7 -11 -10 -13 -7 -15 -7 -13 -8 -12 -7 -16 -8 -17 -6 -15 -5 -17 -5 -14 -6 -12 -3 -14 -5 -17 -6 -13 -3 -12 -7 -18 -4 -1 -1 0 0 0 0 0 0 0 0 ]
CSI_DATA,AP,68:FE:71:12:53:8C,-39,11,1,5,1,1,1,0,0,0,0,-94,0,6,1,30799337,0,84,0,0,30.799,384,[84 -64 4 0 0 0 0 0 0 0 0 0 0 -21 0 -18 6 -23 8 -22 10 -18 5 -20 7 -18 7 -22 9 -21 7 -17 10 -20 14 -19 9 -19 9 -18 11 -22 14 -18 9 -19 14 -19 12 -15 13 -14 10 -14 11 -16 13 -12 10 -15 14 -15 15 -15 -3 3 8 -17 12 -18 10 -19 9 -17 12 -17 8 -15 10 -16 9 -17 7 -17 4 -14 10 -16 9 -19 9 -16 8 -18 9 -15 4 -19 8 -21 3 -19 2 -20 4 -21 5 -20 1 -18 1 -17 2 -19 5 -22 5 -22 3 1 0 0 0 0 0 0 0 0 ]
CSI_DATA,AP,68:FE:71:12:53:8C,-40,11,1,4,1,1,1,0,0,0,0,-94,0,6,1,30895830,0,84,0,0,30.896,384,[84 -64 4 0 0 0 0 0 0 0 0 0 9 14 7 12 3 10 8 15 7 15 8 16 5 16 1 14 4 18 5 19 5 18 7 19 2 20 4 21 0 19 5 18 2 22 2 14 5 19 3 15 4 15 0 20 3 18 2 18 3 19 4 16 2 1 -1 16 1 22 5 20 1 14 -1 15 3 20 0 18 3 20 1 14 3 15 6 16 5 20 7 15 8 19 5 18 8 18 5 14 4 19 4 18 9 16 7 18 3 16 4 14 9 16 7 13 4 17 1 2 0 0 0 0 0 0 0 0 ]
CSI_DATA,AP,68:FE:71:12:53:8C,-40,11,1,6,1,1,1,0,0,0,0,-95,0,6,1,31021155,0,84,0,0,31.021,384,[84 -64 4 0 0 0 0 0 0 0 0 0 12 2 9 3 15 -2 15 -2 14 1 12 3 15 1 9 -1 12 2 14 2 10 6 9 0 15 5 13 2 9 4 10 2 12 0 7 0 10 0 8 5 8 5 13 5 6 3 8 5 10 0 8 2 0 1 12 -1 10 1 7 2 10 -1 12 3 10 -1 12 -2 10 -2 10 -4 8 1 12 -1 11 -1 8 -4 9 -4 11 2 11 0 10 -2 12 -3 12 0 8 -4 11 0 7 -4 8 -2 9 -3 8 -4 6 -1 3 0 0 0 0 0 0 0 0 0 ]
CSI_DATA,AP,68:FE:71:12:53:8C,-38,11,1,6,1,1,1,1,0,0,0,-96,5,6,1,31100435,0,84,0,0,31.1,384,[84 -64 4 0 0 0 0 0 0 0 0 0 6 18 11 15 6 21 9 19 8 21 7 17 2 16 2 19 2 16 5 18 4 23 2 20 5 20 1 18 2 17 0 19 1 19 4 18 0 18 1 20 3 18 1 16 0 13 5 16 6 14 2 15 -1 1 4 16 5 13 2 16 5 17 4 13 7 16 6 18 2 13 6 14 4 11 8 15 4 12 7 12 9 11 10 14 7 13 6 13 8 10 5 12 8 11 6 15 11 12 11 10 13 15 5 11 7 14 0 3 0 0 0 0 0 0 0 0 ]
CSI_DATA,AP,68:FE:71:12:53:8C,-41,11,1,4,1,1,1,0,0,0,0,-94,0,6,1,31186757,0,84,0,0,31.187,384,[84 -64 4 0 0 0 0 0 0 0 0 0 2 16 0 20 2 21 2 22 -1 20 0 22 2 19 -3 18 -1 20 1 21 2 16 -2 20 1 17 -3 17 -2 15 -4 20 -2 17 -5 18 0 18 -1 19 -2 19 -5 14 -1 12 -4 17 0 14 -6 13 1 -3 1 12 0 13 -2 18 -3 12 1 17 -3 16 -4 15 2 14 1 18 -3 12 -3 17 4 13 1 16 2 14 4 11 0 15 5 14 6 13 1 17 0 14 3 15 1 12 5 11 2 17 5 13 5 14 -1 0 0 0 0 0 0 0 0 0 ]
CSI_DATA,AP,68:FE:71:12:53:8C,-37,11,1,5,1,1,1,0,0,0,0,-95,0,6,1,31251605,0,84,0,0,31.252,384,[84 -64 4 0 0 0 0 0 0 0 0 0 21 5 17 4 16 6 20 4 20 5 20 4 15 7 21 3 16 8 20 6 18 10 15 8 17 10 20 11 19 7 18 11 16 13 15 8 18 13 14 11 18 10 18 12 13 5 14 6 15 10 15 11 -1 0 16 8 16 4 15 7 14 4 17 7 15 8 12 3 17 3 14 4 15 6 11 2 16 7 18 6 15 6 17 5 15 7 13 4 16 1 14 1 14 0 13 4 15 5 12 -2 14 4 13 2 15 2 1 -1 0 0 0 0 0 0 0 0 ]
CSI_DATA,AP,68:FE:71:12:53:8C,-42,11,1,6,1,1,1,0,0,0,0,-94,0,6,1,31331983,0,84,0,0,31.332,384,[84 -64 4 0 0 0 0 0 0 0 0 0 -15 -22 -15 -21 -19 -21 -13 -24 -14 -22 -12 -25 -14 -26 -9 -22 -9 -27 -11 -26 -9 -27 -13 -30 -11 -27 -12 -23 -11 -24 -8 -22 -6 -29 -7 -25 -11 -24 -10 -22 -10 -24 -9 -23 -8 -20 -6 -23 -10 -24 -11 -23 -3 -1 -6 -25 -10 -24 -8 -23 -9 -18 -7 -22 -7 -22 -8 -18 -8 -21 -14 -16 -9 -17 -10 -19 -15 -22 -9 -19 -11 -22 -10 -22 -11 -20 -12 -20 -17 -21 -13 -20 -13 -17 -16 -15 -13 -17 -18 -18 -17 -18 -13 -16 -14 -18 1 -2 0 0 0 0 0 0 0 0 ]
CSI_DATA,AP,68:FE:71:12:53:8C,-40,11,1,4,1,1,1,0,0,0,0,-93,0,6,1,31411705,0,84,0,0,31.412,384,[84 -64 4 0 0 0 0 0 0 0 0 0 -21 5 -16 6 -22 2 -22 3 -22 5 -18 6 -18 4 -16 4 -22 2 -18 -1 -22 -1 -22 0 -21 -1 -19 2 -20 1 -19 0 -20 -1 -16 2 -17 -1 -20 3 -17 1 -20 -3 -19 -2 -19 0 -16 -1 -19 2 2 -3 -16 2 -13 -1 -19 5 -17 4 -14 -1 -13 2 -18 1 -12 4 -16 2 -12 1 -14 1 -13 6 -11 2 -15 6 -13 2 -15 7 -16 6 -12 9 -18 9 -15 8 -14 7 -14 5 -12 7 -11 5 -15 6 -12 10 1 -1 0 0 0 0 0 0 0 0 ]
CSI_DATA,AP,68:FE:71:12:53:8C,-38,11,1,7,1,1,1,0,0,0,0,-95,0,6,1,31520778,0,84,0,0,31.521,384,[84 -64 4 0 0 0 0 0 0 0 0 0 -13 -15 -16 -12 -16 -14 -16 -13 -12 -16 -10 -14 -10 -18 -14 -18 -10 -13 -11 -13 -15 -14 -12 -16 -15 -14 -9 -17 -12 -16 -6 -15 -10 -17 -6 -12 -12 -15 -8 -17 -13 -12 -11 -18 -11 -12 -9 -15 -8 -16 -10 -15 3 2 -11 -15 -12 -9 -9 -15 -8 -13 -8 -13 -13 -15 -13 -9 -11 -12 -10 -13 -13 -8 -12 -8 -12 -13 -11 -9 -9 -13 -8 -10 -16 -12 -15 -11 -10 -7 -14 -12 -15 -11 -14 -11 -10 -10 -10 -5 -11 -12 -11 -11 -15 -11 -3 0 0 0 0 0 0 0 0 0 ]
CSI_DATA,AP,68:FE:71:12:53:8C,-40,11,1,5,1,1,1,1,0,0,0,-94,2,6,1,31609952,0,84,0,0,31.61,384,[84 -64 4 0 0 0 0 0 0 0 0 0 7 14 3 13 4 18 7 20 2 15 3 14 1 19 4 14 5 17 3 19 2 19 2 19 3 20 3 15 4 18 0 15 -1 13 -1 17 4 16 0 18 -1 13 4 13 1 11 -2 16 3 13 3 14 3 0 2 12 6 12 2 12 5 16 3 13 6 12 0 16 1 14 5 13 4 11 6 16 3 13 5 16 7 10 6 11 2 11 5 12 6 11 2 14 6 15 4 11 9 12 4 15 8 10 6 14 10 10 3 0 0 0 0 0 0 0 0 0 ]
CSI_DATA,AP,68:FE:71:12:53:8C,-42,11,1,6,1,1,1,0,0,0,0,-93,0,6,1,31710728,0,84,0,0,31.711,384,[84 -64 4 0 0 0 0 0 0 0 0 0 -5 -16 -6 -19 -8 -18 -6 -21 -7 -20 -6 -17 -3 -23 -4 -19 -2 -21 -6 -19 0 -22 -6 -22 -2 -22 -1 -17 -4 -16 -2 -19 3 -19 -3 -17 1 -18 3 -16 3 -17 -4 -19 -2 -18 0 -15 2 -18 0 -15 -3 -2 0 -13 -3 -18 -5 -16 0 -17 -2 -15 -2 -18 -4 -18 -3 -18 0 -15 -5 -15 -2 -17 -3 -13 -3 -17 -2 -12 -7 -13 -7 -17 -6 -19 -4 -13 -3 -17 -8 -15 -5 -15 -4 -14 -4 -16 -5 -13 -9 -17 -4 -17 -3 3 0 0 0 0 0 0 0 0 ]
CSI_DATA,AP,68:FE:71:12:53:8C,-41,11,1,4,1,1,1,0,0,0,0,-95,0,6,1,31789333,0,84,0,0,31.789,384,[84 -64 4 0 0 0 0 0 0 0 0 0 18 -7 22 -4 24 -5 17 -6 20 -1 19 0 22 2 16 -3 19 0 17 2 22 -2 18 1 16 1 21 -1 15 3 16 1 15 2 15 3 19 4 14 -1 18 1 20 5 17 5 20 4 19 5 16 5 -2 1 13 4 17 4 14 0 16 4 13 2 18 -2 15 -2 15 0 14 1 16 0 18 -3 17 -4 13 -5 12 -2 12 0 16 -5 17 -3 19 -4 17 -3 14 -6 19 -2 18 -1 17 -1 18 -2 13 -2 17 -1 -2 1 0 0 0 0 0 0 0 0 ]
CSI_DATA,AP,68:FE:71:12:53:8C,-41,11,1,6,1,1,1,0,0,0,0,-94,0,6,1,31877071,0,84,0,0,31.877,384,[84 -64 4 0 0 0 0 0 0 0 0 0 13 -9 12 -6 14 -8 20 -6 14 -7 16 -4 16 1 17 0 17 1 16 2 13 -5 15 1 14 2 12 -3 18 0 18 -3 15 -2 15 -1 13 1 17 1 12 -2 17 -1 10 1 15 -1 14 -1 16 1 1 3 14 3 15 -1 15 -3 9 -3 15 1 16 3 14 1 13 -4 13 0 12 -1 9 -3 15 -6 11 -3 11 0 12 -3 14 -2 14 -1 10 -1 14 -1 11 -7 9 -4 9 -1 15 -8 12 -7 9 -7 11 -7 3 1 0 0 0 0 0 0 0 0 ]
CSI_DATA,AP,68:FE:71:12:53:8C,-45,11,1,4,1,1,1,0,0,0,0,-96,0,6,1,31966737,0,84,0,0,31.967,384,[84 -64 4 0 0 0 0 0 0 0 0 0 -3 20 -7 17 -8 18 -9 18 -8 15 -11 16 -12 15 -10 18 -6 16 -13 17 -11 13 -10 18 -13 13 -12 16 -7 11 -7 13 -10 13 -11 11 -13 14 -12 11 -11 12 -9 13 -8 12 -10 16 -10 11 -8 10 0 -2 -9 14 -6 14 -10 11 -9 13 -7 11 -4 12 -9 12 -8 14 -5 11 -8 14 -4 15 -3 15 -5 15 -1 11 -2 13 0 15 -2 15 -4 15 -2 11 -3 15 -1 13 -5 15 -2 14 -3 14 -2 13 0 11 1 -1 0 0 0 0 0 0 0 0 ]
CSI_DATA,AP,68:FE:71:12:53:8C,-39,11,1,4,1,1,1,1,0,0,0,-94,1,6,1,32032359,0,84,0,0,32.032,384,[84 -64 4 0 0 0 0 0 0 0 0 0 4 -21 1 -21 3 -16 6 -20 2 -22 5 -20 7 -18 7 -20 7 -16 5 -18 9 -19 10 -14 8 -19 9 -16 7 -17 5 -12 10 -17 4 -15 10 -12 10 -15 6 -17 5 -17 9 -17 4 -14 4 -12 9 -16 -2 1 8 -14 9 -14 8 -11 2 -11 7 -11 7 -13 2 -16 8 -15 2 -10 6 -11 3 -14 3 -13 3 -11 0 -16 4 -16 0 -17 2 -13 5 -17 5 -13 2 -12 5 -14 2 -14 2 -14 1 -14 1 -18 1 -13 0 0 0 0 0 0 0 0 0 0 ]
CSI_DATA,AP,68:FE:71:12:53:8C,-41,11,1,6,1,1,1,0,0,0,0,-96,0,6,1,32128586,0,84,0,0,32.129,384,[84 -64 4 0 0 0 0 0 0 0 0 0 -16 -13 -10 -14 -12 -19 -14 -14 -9 -19 -12 -18 -11 -18 -7 -20 -7 -15 -7 -17 -10 -17 -7 -17 -9 -17 -10 -16 -10 -21 -5 -17 -4 -16 -10 -18 -10 -16 -10 -17 -4 -15 -10 -19 -5 -15 -8 -16 -6 -17 -7 -19 -1 -3 -7 -18 -10 -14 -5 -17 -10 -16 -6 -16 -8 -12 -5 -15 -12 -15 -11 -14 -8 -15 -13 -10 -13 -15 -11 -11 -7 -13 -10 -11 -13 -14 -13 -10 -8 -10 -8 -14 -11 -10 -13 -13 -11 -14 -10 -11 -14 -10 -11 -12 -14 -8 3 0 0 0 0 0 0 0 0 0 ]
CSI_DATA,AP,68:FE:71:12:53:8C,-39,11,1,6,1,1,1,0,0,0,0,-95,0,6,1,32216092,0,84,0,0,32.216,384,[84 -64 4 0 0 0 0 0 0 0 0 0 0 -10 3 -12 3 -10 3 -7 0 -9 5 -10 1 -8 6 -11 2 -12 4 -9 6 -8 2 -9 2 -7 7 -11 5 -9 2 -11 6 -9 5 -6 2 -5 6 -7 4 -7 6 -7 4 -7 5 -6 5 -8 0 -7 1 -2 0 -5 2 -4 0 -7 1 -9 2 -10 5 -6 1 -4 2 -8 -1 -5 4 -9 2 -10 4 -8 2 -4 1 -10 4 -8 -2 -10 4 -6 3 -7 -2 -5 -3 -6 0 -6 1 -5 -1 -11 2 -5 -1 -5 -1 -5 1 -2 0 0 0 0 0 0 0 0 ]
CSI_DATA,AP,68:FE:71:12:53:8C,-43,11,1,6,1,1,1,0,0,0,0,-93,0,6,1,32334318,0,84,0,0,32.334,384,[84 -64 4 0 0 0 0 0 0 0 0 0 -16 13 -17 12 -18 11 -23 11 -20 5 -17 7 -19 3 -18 7 -23 4 -17 5 -21 2 -19 0 -20 6 -20 3 -19 6 -16 4 -17 6 -20 5 -19 1 -18 4 -19 2 -18 2 -15 3 -19 5 -17 0 -14 6 -3 1 -15 1 -17 6 -17 2 -15 3 -19 6 -19 3 -14 8 -16 6 -16 3 -19 6 -12 5 -13 5 -13 8 -16 4 -13 5 -14 5 -12 8 -11 7 -16 8 -15 7 -13 9 -16 8 -15 10 -14 6 -12 6 -12 8 -1 -2 0 0 0 0 0 0 0 0 ]
CSI_DATA,AP,68:FE:71:12:53:8C,-39,11,1,4,1,1,1,0,0,0,1,-95,0,6,1,32436856,0,84,0,0,32.437,384,[84 -64 4 0 0 0 0 0 0 0 0 0 16 -5 18 -6 22 -9 23 -1 18 -5 17 -6 17 -5 18 -1 18 0 18 0 17 -3 18 1 20 1 21 -4 16 -3 21 4 21 0 18 3 16 0 18 -2 16 1 17 -1 17 2 16 2 17 3 15 2 2 0 19 -3 18 -2 18 -2 19 1 17 0 18 3 19 -2 17 0 13 -2 17 -2 14 -3 14 -4 15 -2 18 -2 11 -3 17 -2 16 -7 15 -6 14 -5 14 -4 17 -7 15 -1 12 -9 15 -4 15 -5 13 -3 -1 0 0 0 0 0 0 0 0 0 ]
CSI_DATA,AP,68:FE:71:12:53:8C,-34,11,1,6,1,1,1,0,0,0,0,-95,0,6,1,32513453,0,84,0,0,32.513,384,[84 -64 4 0 0 0 0 0 0 0 0 0 14 -14 12 -18 12 -18 14 -17 16 -11 17 -16 16 -15 14 -11 14 -12 13 -13 14 -9 15 -14 18 -13 16 -10 17 -12 18 -13 18 -10 16 -10 14 -14 18 -10 17 -13 13 -12 12 -8 16 -13 14 -9 16 -9 2 0 15 -7 15 -8 13 -10 10 -10 9 -14 12 -14 11 -12 12 -10 13 -10 9 -10 8 -10 7 -14 13 -14 8 -16 11 -16 8 -15 13 -16 8 -17 6 -16 11 -12 9 -11 9 -14 5 -11 9 -17 8 -16 8 -12 -3 -3 0 0 0 0 0 0 0 0 ]
CSI_DATA,AP,68:FE:71:12:53:8C,-43,11,1,4,1,1,1,0,0,0,0,-95,0,6,1,32583931,0,84,0,0,32.584,384,[84 -64 4 0 0 0 0 0 0 0 0 0 7 9 3 7 3 13 3 13 5 9 1 11 2 8 -1 7 0 8 3 10 2 7 -1 7 -2 10 1 7 3 6 4 12 4 11 4 9 -1 7 4 9 -2 9 1 8 0 6 2 10 3 6 -1 6 3 -2 2 9 2 8 1 10 1 8 2 6 3 10 -1 10 -1 8 2 10 5 7 2 10 3 10 -1 6 2 10 0 10 5 10 1 7 0 9 0 6 1 4 0 6 3 5 5 6 5 6 2 10 4 4 2 3 0 0 0 0 0 0 0 0 ]
CSI_DATA,AP,68:FE:71:12:53:8C,-42,11,1,6,1,1,1,1,0,0,0,-94,2,6,1,32682020,0,84,0,0,32.682,384,[84 -64 4 0 0 0 0 0 0 0 0 0 -3 -17 -3 -21 1 -23 -5 -24 0 -21 -3 -22 3 -23 3 -19 2 -17 2 -20 5 -19 1 -22 3 -23 0 -22 2 -17 0 -19 6 -21 3 -17 2 -18 6 -20 1 -17 4 -19 1 -20 5 -20 1 -17 2 -14 3 -1 3 -13 -2 -16 1 -19 -1 -18 2 -19 1 -19 -2 -16 -3 -16 -3 -16 1 -15 2 -13 -3 -14 -2 -16 1 -15 -4 -17 -4 -17 -2 -14 -6 -14 -6 -19 0 -13 -3 -15 0 -19 -5 -18 -2 -18 -4 -13 -4 -14 -2 -2 0 0 0 0 0 0 0 0 ]
CSI_DATA,AP,68:FE:71:12:53:8C,-42,11,1,5,1,1,1,0,0,0,0,-96,0,6,1,32758582,0,84,0,0,32.759,384,[84 -64 4 0 0 0 0 0 0 0 0 0 21 -7 20 -1 19 -5 22 -6 18 -4 17 -4 23 -4 22 -3 19 1 16 0 17 0 22 1 18 -1 18 1 18 3 16 0 15 -1 17 2 14 1 18 4 18 5 14 5 15 1 16 4 20 0 17 -2 3 1 12 1 18 -1 15 0 14 -2 17 0 15 1 14 2 12 -2 15 -5 19 0 15 -2 14 -3 15 -6 14 -1 14 -6 14 -4 13 -2 14 -4 14 -2 15 -2 12 -2 19 -6 12 -8 13 -7 14 -4 16 -3 -1 0 0 0 0 0 0 0 0 0 ]
CSI_DATA,AP,68:FE:71:12:53:8C,-39,11,1,6,1,1,1,0,0,0,0,-95,0,6,1,32853424,0,84,0,0,32.853,384,[84 -64 4 0 0 0 0 0 0 0 0 0 -5 -20 -1 -23 -6 -23 -3 -21 -2 -19 -3 -21 -1 -21 -1 -22 2 -20 2 -22 3 -22 4 -19 2 -18 0 -19 4 -22 4 -19 -1 -15 3 -19 6 -20 3 -18 2 -21 1 -15 -1 -14 0 -20 -1 -20 0 -16 -2 1 -2 -18 2 -15 -1 -18 0 -14 -1 -13 0 -20 -2 -18 -2 -16 -2 -13 1 -15 0 -18 -3 -16 -4 -17 -3 -15 -3 -13 -1 -18 0 -18 -4 -16 -2 -13 -4 -17 -2 -15 -7 -16 -7 -13 -3 -16 -1 -16 -5 -16 -2 0 0 0 0 0 0 0 0 0 ]
CSI_DATA,AP,68:FE:71:12:53:8C,-40,11,1,5,1,1,1,1,0,0,0,-94,5,6,1,32949594,0,84,0,0,32.95,384,[84 -64 4 0 0 0 0 0 0 0 0 0 -2 19 2 24 -4 23 -1 21 -3 19 0 22 -1 22 -7 24 -4 25 -5 24 -4 24 -4 23 -3 19 -3 22 -4 20 -7 18 -9 17 -7 17 -2 17 -7 16 -8 18 -7 16 -9 15 -4 21 -3 16 -7 15 3 3 -5 19 -3 19 -7 20 0 17 -3 15 -5 17 -4 20 -3 16 -5 16 -2 17 -5 17 2 15 0 18 2 21 0 14 -3 16 3 17 3 15 3 15 0 19 1 18 -2 16 3 20 2 21 1 20 0 15 3 -2 0 0 0 0 0 0 0 0 ]
CSI_DATA,AP,68:FE:71:12:53:8C,-41,11,1,5,1,1,1,1,0,0,0,-95,1,6,1,33039420,0,84,0,0,33.039,384,[84 -64 4 0 0 0 0 0 0 0 0 0 18 13 11 13 13 16 11 17 16 17 13 18 14 12 10 11 9 13 14 18 8 17 10 14 9 14 9 17 13 14 7 18 8 12 5 17 10 18 8 17 7 17 10 17 8 16 11 15 5 15 8 11 0 -1 8 12 7 16 12 14 8 14 8 13 7 14 6 13 12 12 9 14 12 12 14 13 8 11 14 9 9 14 8 13 9 12 13 13 13 8 11 9 14 8 10 6 13 12 9 11 15 11 14 9 15 9 -1 1 0 0 0 0 0 0 0 0 ]
CSI_DATA,AP,68:FE:71:12:53:8C,-36,11,1,7,1,1,1,0,0,0,0,-93,0,6,1,33133025,0,84,0,0,33.133,384,[84 -64 4 0 0 0 0 0 0 0 0 0 16 -11 19 -5 17 -11 21 -8 21 -6 18 -7 21 -7 16 -4 21 -3 17 -7 20 -1 22 -4 21 -6 22 -6 20 -2 19 -6 20 -1 15 -5 19 -3 17 0 17 -1 16 -1 20 -4 19 -4 18 -2 20 -2 -3 0 14 -1 17 -4 16 -6 17 -4 17 -7 13 -7 18 -7 17 -8 15 -9 15 -6 16 -8 11 -8 12 -10 14 -6 16 -8 14 -11 14 -12 11 -9 13 -8 15 -10 16 -12 15 -7 16 -9 11 -8 17 -12 16 -8 -1 -3 0 0 0 0 0 0 0 0 ]
CSI_DATA,AP,68:FE:71:12:53:8C,-37,11,1,6,1,1,1,1,0,0,0,-94,2,6,1,33244740,0,84,0,0,33.245,384,[84 -64 4 0 0 0 0 0 0 0 0 0 20 3 20 8 19 7 19 5 15 8 18 7 15 7 18 10 18 11 15 7 20 11 17 7 16 9 15 8 17 9 14 13 17 9 16 10 15 12 11 7 14 8 12 12 11 6 13 12 12 10 11 6 -3 -1 15 12 15 5 15 12 15 3 13 10 17 8 11 7 16 6 13 3 17 2 16 4 12 5 14 6 12 5 15 5 16 7 18 4 19 6 13 4 16 0 14 0 15 4 17 -1 16 2 16 0 19 1 -2 -1 0 0 0 0 0 0 0 0 ]
CSI_DATA,AP,68:FE:71:12:53:8C,-44,11,1,3,1,1,1,1,0,0,0,-96,6,6,1,33307001,0,84,0,0,33.307,384,[84 -64 4 0 0 0 0 0 0 0 0 0 10 14 10 14 14 19 12 23 9 15 9 15 11 17 7 20 5 20 7 21 6 18 5 16 2 22 3 16 4 16 1 20 3 15 3 20 6 19 4 17 7 16 7 18 2 18 4 14 5 19 2 15 1 1 6 13 7 16 6 14 3 12 7 14 8 18 8 15 9 12 5 15 9 12 9 17 5 13 7 15 10 10 11 12 6 12 9 14 12 10 8 10 11 11 9 13 12 13 10 12 14 11 14 13 11 14 1 2 0 0 0 0 0 0 0 0 ]
CSI_DATA,AP,68:FE:71:12:53:8C,-41,11,1,6,1,1,1,0,0,0,0,-93,0,6,1,33388141,0,84,0,0,33.388,384,[84 -64 4 0 0 0 0 0 0 0 0 0 -11 21 -7 16 -6 18 -14 24 -10 19 -13 21 -12 15 -16 15 -13 20 -11 19 -13 16 -11 14 -17 16 -14 17 -11 15 -14 17 -16 14 -12 17 -10 12 -11 15 -12 12 -14 15 -11 12 -13 11 -12 16 -12 17 3 3 -12 15 -10 14 -14 16 -9 17 -8 11 -8 17 -10 11 -8 12 -7 11 -8 11 -4 19 -5 13 -6 18 -10 18 -6 17 -10 14 -6 16 -2 13 -4 13 -2 15 -4 13 -2 13 -1 17 -3 18 -6 19 -6 13 3 -3 0 0 0 0 0 0 0 0 ]
CSI_DATA,AP,68:FE:71:12:53:8C,-41,11,1,5,1,1,1,0,0,0,0,-94,0,6,1,33462958,0,84,0,0,33.463,384,[84 -64 4 0 0 0 0 0 0 0 0 0 -19 -14 -16 -12 -24 -14 -18 -16 -18 -14 -18 -15 -19 -13 -19 -15 -18 -12 -17 -13 -19 -19 -18 -16 -13 -16 -18 -19 -17 -14 -12 -17 -14 -12 -12 -16 -11 -13 -14 -14 -11 -18 -13 -12 -12 -12 -13 -12 -11 -17 -16 -12 1 -3 -15 -10 -10 -12 -12 -11 -11 -11 -13 -14 -15 -14 -16 -11 -14 -10 -17 -9 -14 -11 -14 -10 -15 -9 -18 -12 -17 -12 -16 -13 -17 -12 -18 -8 -16 -10 -15 -13 -15 -12 -19 -10 -18 -9 -13 -6 -20 -8 -13 -6 -18 -9 -1 -2 0 0 0 0 0 0 0 0 ]
CSI_DATA,AP,68:FE:71:12:53:8C,-37,11,1,5,1,1,1,0,0,0,0,-94,0,6,1,33554741,0,84,0,0,33.555,384,[84 -64 4 0 0 0 0 0 0 0 0 0 1 -25 1 -24 -3 -26 1 -23 3 -25 4 -23 0 -19 2 -19 1 -20 3 -21 3 -26 1 -21 6 -21 7 -23 5 -19 6 -22 7 -16 2 -17 7 -19 3 -22 9 -18 4 -19 8 -18 5 -19 8 -22 4 -21 -2 0 1 -15 6 -18 5 -20 3 -21 1 -18 4 -21 1 -20 0 -17 -2 -15 1 -18 -3 -16 0 -15 0 -16 2 -20 -1 -21 -4 -20 -2 -22 -3 -19 0 -15 -1 -18 -4 -17 -5 -15 -2 -17 -5 -16 -5 -18 0 -19 -1 -1 0 0 0 0 0 0 0 0 ]
CSI_DATA,AP,68:FE:71:12:53:8C,-42,11,1,4,1,1,1,1,0,0,0,-96,4,6,1,33635207,0,84,0,0,33.635,384,[84 -64 4 0 0 0 0 0 0 0 0 0 -19 12 -16 12 -18 8 -21 6 -24 8 -20 8 -23 3 -18 7 -21 6 -18 7 -24 0 -19 6 -19 5 -21 1 -20 -1 -21 2 -22 0 -15 0 -16 2 -20 4 -19 -2 -20 0 -18 -1 -19 5 -22 -1 -17 -1 -1 -1 -15 1 -16 2 -19 2 -14 4 -16 -1 -16 6 -20 1 -17 6 -16 7 -14 2 -20 5 -12 6 -14 7 -14 5 -16 7 -14 4 -17 9 -16 9 -14 7 -15 6 -15 9 -19 6 -15 10 -16 9 -18 7 -13 5 3 2 0 0 0 0 0 0 0 0 ]
CSI_DATA,AP,68:FE:71:12:53:8C,-39,11,1,6,1,1,1,1,0,0,0,-95,4,6,1,33744969,0,84,0,0,33.745,384,[84 -64 4 0 0 0 0 0 0 0 0 0 -11 18 -12 16 -10 18 -10 16 -17 21 -15 18 -13 17 -11 17 -12 14 -15 12 -13 19 -16 14 -12 12 -18 13 -17 12 -14 14 -14 10 -12 11 -14 13 -13 9 -15 10 -18 9 -11 9 -14 11 -18 10 -17 14 -3 1 -14 13 -17 11 -13 15 -14 15 -12 8 -13 15 -13 16 -13 15 -9 12 -14 16 -14 13 -7 14 -11 12 -9 13 -10 17 -12 13 -11 16 -10 13 -11 17 -9 12 -11 14 -10 12 -10 18 -8 16 -11 16 -5 13 -1 3 0 0 0 0 0 0 0 0 ]
CSI_DATA,AP,68:FE:71:12:53:8C,-42,11,1,5,1,1,1,0,0,0,0,-93,0,6,1,33833640,0,84,0,0,33.834,384,[84 -64 4 0 0 0 0 0 0 0 0 0 -11 -23 -11 -20 -8 -24 -9 -20 -7 -20 -2 -24 -7 -25 -5 -18 -2 -19 1 -20 -4 -25 -4 -23 -3 -26 -4 -20 -2 -22 -5 -25 -1 -19 -4 -17 -4 -19 2 -21 1 -18 -3 -23 -1 -18 1 -21 2 -19 -4 -17 3 3 1 -18 -3 -21 -2 -20 -6 -19 -2 -18 -2 -18 -2 -18 -6 -18 -1 -16 -2 -15 -7 -17 -4 -19 -8 -19 -4 -14 -4 -16 -6 -16 -5 -20 -6 -20 -10 -18 -10 -16 -6 -18 -5 -18 -9 -16 -8 -17 -8 -15 -9 -14 1 0 0 0 0 0 0 0 0 0 ]
CSI_DATA,AP,68:FE:71:12:53:8C,-40,11,1,6,1,1,1,0,0,0,0,-96,0,6,1,33948487,0,84,0,0,33.948,384,[84 -64 4 0 0 0 0 0 0 0 0 0 -14 14 -13 11 -12 13 -15 15 -13 13 -16 11 -15 15 -16 10 -20 13 -18 10 -21 11 -15 13 -16 10 -18 9 -19 8 -21 8 -16 5 -18 9 -17 10 -13 6 -19 8 -17 11 -14 7 -19 10 -19 8 -18 6 -3 3 -18 8 -14 8 -14 7 -17 10 -14 5 -17 7 -18 8 -15 8 -13 7 -12 12 -14 11 -11 9 -9 8 -14 9 -15 9 -16 10 -11 14 -12 14 -11 12 -8 16 -11 12 -11 12 -13 16 -10 13 -10 14 -9 10 -2 -2 0 0 0 0 0 0 0 0 ]
CSI_DATA,AP,68:FE:71:12:53:8C,-38,11,1,7,1,1,1,1,0,0,0,-94,4,6,1,34040764,0,84,0,0,34.041,384,[84 -64 4 0 0 0 0 0 0 0 0 0 4 -22 0 -19 0 -19 6 -19 3 -19 9 -18 3 -20 4 -20 7 -20 9 -20 7 -22 5 -20 6 -22 8 -18 9 -17 5 -23 4 -18 5 -15 5 -17 6 -18 10 -19 5 -15 7 -17 6 -15 9 -19 7 -15 -3 -3 5 -18 5 -18 8 -20 7 -18 3 -17 7 -14 2 -18 8 -13 6 -13 2 -13 0 -16 2 -13 1 -14 4 -19 3 -16 -1 -18 2 -17 2 -14 -1 -15 3 -16 0 -16 3 -17 0 -14 -2 -19 -1 -18 -1 -18 -3 1 0 0 0 0 0 0 0 0 ]
CSI_DATA,AP,68:FE:71:12:53:8C,-39,11,1,6,1,1,1,0,0,0,0,-96,0,6,1,34139502,0,84,0,0,34.14,384,[84 -64 4 0 0 0 0 0 0 0 0 0 0 20 -5 21 -3 21 0 22 -1 20 -7 19 -6 22 -8 19 -8 22 -4 19 -7 20 -8 22 -8 20 -10 16 -8 20 -9 18 -7 20 -4 18 -4 17 -9 16 -9 19 -10 17 -10 13 -9 15 -6 13 -5 18 1 -1 -7 16 -3 15 -4 15 -4 14 -2 14 -4 15 -5 13 -5 17 -1 12 -3 18 -3 16 -1 17 -4 16 -2 15 -3 18 1 17 -2 16 -3 18 -3 16 3 14 2 18 -1 15 3 19 -1 13 1 13 -2 18 -1 -1 0 0 0 0 0 0 0 0 ]
CSI_DATA,AP,68:FE:71:12:53:8C,-41,11,1,6,1,1,1,0,0,0,1,-94,0,6,1,34237860,0,84,0,0,34.238,384,[84 -64 4 0 0 0 0 0 0 0 0 0 -12 -16 -10 -16 -15 -17 -15 -20 -14 -16 -10 -20 -9 -18 -10 -16 -13 -20 -10 -16 -10 -20 -7 -19 -7 -20 -6 -22 -7 -15 -8 -22 -10 -19 -5 -17 -9 -18 -4 -17 -3 -19 -4 -20 -3 -16 -6 -20 -9 -19 -7 -19 -1 0 -9 -15 -5 -19 -9 -18 -6 -15 -10 -14 -11 -18 -8 -18 -10 -17 -9 -15 -11 -14 -9 -12 -10 -16 -10 -16 -11 -13 -15 -13 -8 -10 -10 -16 -12 -12 -11 -14 -9 -12 -9 -13 -15 -13 -11 -9 -12 -12 -15 -8 -10 -10 -3 -1 0 0 0 0 0 0 0 0 ]
CSI_DATA,AP,68:FE:71:12:53:8C,-39,11,1,6,1,1,1,0,0,0,0,-96,0,6,1,34323593,0,84,0,0,34.324,384,[84 -64 4 0 0 0 0 0 0 0 0 0 19 -5 17 -3 23 -2 19 -7 18 0 21 -3 23 -2 22 0 22 -3 21 2 17 -1 17 -1 21 1 17 2 20 0 21 -1 21 3 18 3 19 5 19 1 14 4 16 -1 14 4 17 1 21 -1 18 1 -2 -3 17 2 17 1 20 -3 19 1 16 -3 18 2 18 -3 18 -5 13 -5 14 -2 15 -1 14 -2 17 -4 14 -2 13 -4 16 -6 16 -5 14 -3 17 -7 12 -4 16 -2 13 -6 14 -9 17 -6 13 -8 13 -8 -2 3 0 0 0 0 0 0 0 0 ]
CSI_DATA,AP,68:FE:71:12:53:8C,-41,11,1,5,1,1,1,0,0,0,0,-95,0,6,1,34437932,0,84,0,0,34.438,384,[84 -64 4 0 0 0 0 0 0 0 0 0 -23 -4 -23 -5 -19 -6 -25 -7 -20 -7 -17 -6 -21 -12 -19 -10 -20 -12 -19 -9 -17 -15 -21 -14 -18 -13 -17 -9 -16 -11 -16 -14 -17 -15 -13 -12 -15 -13 -13 -14 -17 -10 -16 -14 -11 -9 -18 -12 -16 -13 -12 -9 -1 2 -16 -7 -16 -11 -15 -8 -17 -5 -15 -12 -13 -11 -13 -8 -17 -5 -13 -8 -15 -7 -18 -6 -16 -5 -15 -7 -14 -8 -18 -6 -16 -9 -18 -9 -17 -4 -15 -3 -18 -3 -18 -7 -14 -7 -15 -7 -17 -3 -17 -7 -16 0 1 3 0 0 0 0 0 0 0 0 ]
CSI_DATA,AP,68:FE:71:12:53:8C,-40,11,1,4,1,1,1,0,0,0,1,-95,0,6,1,34541738,0,84,0,0,34.542,384,[84 -64 4 0 0 0 0 0 0 0 0 0 7 16 11 18 7 19 9 21 3 22 3 23 3 18 3 20 1 18 5 19 2 22 4 23 0 21 3 21 2 17 2 21 2 17 3 20 2 16 1 18 -2 17 3 17 -3 17 -1 16 -1 19 1 19 -2 0 3 19 1 18 0 18 0 14 0 14 4 14 5 17 0 19 1 13 5 17 5 16 4 15 4 18 5 12 5 19 8 19 7 16 9 16 6 15 3 16 4 14 8 15 10 16 7 15 10 11 8 12 3 -2 0 0 0 0 0 0 0 0 ]
CSI_DATA,AP,68:FE:71:12:53:8C,-40,11,0,0,0,0,0,0,0,0,0,-95,0,6,1,34641345,0,37,0,0,34.641,128,[84 -64 4 0 0 0 0 0 0 0 0 0 -9 14 -14 16 -10 15 -13 17 -16 13 -16 12 -19 17 -18 15 -13 9 -16 13 -16 13 -20 11 -17 13 -17 12 -15 10 -15 10 -14 10 -17 11 -19 10 -19 10 -13 8 -19 10 -11 7 -12 12 -15 12 -14 8 0 0 -15 10 -16 14 -16 11 -10 11 -16 12 -15 10 -11 8 -11 14 -14 12 -13 8 -8 11 -11 11 -12 9 -7 12 -11 15 -13 14 -14 16 -8 17 -9 12 -6 13 -8 10 -6 10 -10 11 -7 15 -11 16 -12 16 1 3 0 0 0 0 0 0 0 0 ]
CSI_DATA,AP,68:FE:71:12:53:8C,-39,11,1,6,1,1,1,0,0,0,0,-95,0,6,1,34740443,0,84,0,0,34.74,384,[84 -64 4 0 0 0 0 0 0 0 0 0 -6 -20 -5 -22 -5 -18 -4 -25 -1 -19 2 -24 -2 -20 -1 -19 -2 -22 2 -22 -2 -19 0 -25 2 -23 0 -23 5 -20 5 -18 1 -17 2 -16 1 -20 1 -16 5 -19 2 -17 3 -17 -1 -17 4 -19 4 -18 2 -2 5 -15 4 -19 2 -17 -3 -20 3 -16 -1 -15 -3 -21 -3 -16 3 -18 -2 -14 2 -16 1 -19 2 -15 -2 -14 -3 -14 -3 -17 -5 -19 -3 -17 0 -20 -1 -14 0 -15 -2 -19 -4 -14 -5 -19 -2 -20 -4 -17 0 -2 0 0 0 0 0 0 0 0 ]
CSI_DATA,AP,68:FE:71:12:53:8C,-44,11,1,3,1,1,1,0,0,0,0,-96,0,6,1,34848350,0,84,0,0,34.848,384,[84 -64 4 0 0 0 0 0 0 0 0 0 15 -13 17 -13 17 -9 20 -9 16 -8 15 -5 16 -4 14 -4 16 -9 17 -8 16 -4 16 -2 21 -1 20 -3 21 -3 22 -5 15 -3 20 -5 14 -4 15 1 14 0 17 -6 13 -1 14 0 19 -2 16 0 1 -3 16 -2 14 -1 16 -2 13 -7 15 -5 13 -3 16 -6 14 -7 16 -5 13 -7 12 -9 14 -6 14 -5 15 -4 13 -7 15 -10 17 -7 17 -9 14 -10 10 -9 12 -7 12 -8 13 -7 15 -9 11 -6 10 -7 3 -1 0 0 0 0 0 0 0 0 ]
CSI_DATA,AP,68:FE:71:12:53:8C,-38,11,1,5,1,1,1,0,0,0,0,-94,0,6,1,34962490,0,84,0,0,34.962,384,[84 -64 4 0 0 0 0 0 0 0 0 0 23 1 21 6 23 1 24 5 18 7 21 8 17 8 19 7 17 4 19 5 20 8 18 9 22 8 21 10 19 11 17 6 17 5 14 8 18 6 17 7 19 7 14 6 16 8 18 9 17 9 18 6 2 -3 17 6 17 3 17 7 16 6 17 3 16 5 14 8 19 3 13 1 13 1 19 -1 12 2 19 -1 18 5 15 5 20 0 19 2 13 3 18 -2 19 3 15 3 17 -1 17 -1 16 -3 13 -2 18 -1 -3 1 0 0 0 0 0 0 0 0 ]
CSI_DATA,AP,68:FE:71:12:53:8C,-38,11,1,5,1,1,1,1,0,0,0,-93,2,6,1,35058173,0,84,0,0,35.058,384,[84 -64 4 0 0 0 0 0 0 0 0 0 12 -16 14 -17 13 -18 12 -17 15 -14 14 -13 18 -16 15 -11 17 -10 12 -10 17 -14 19 -14 18 -14 17 -14 15 -13 15 -13 17 -9 12 -11 12 -12 13 -14 13 -9 15 -9 11 -7 11 -10 14 -8 17 -13 -2 -2 10 -10 14 -13 11 -10 11 -13 9 -8 11 -13 15 -10 9 -15 12 -10 11 -15 8 -13 9 -14 10 -15 11 -15 12 -11 11 -11 8 -13 8 -18 11 -15 8 -13 6 -15 7 -15 5 -14 5 -13 5 -18 8 -14 -3 -1 0 0 0 0 0 0 0 0 ]
CSI_DATA,AP,68:FE:71:12:53:8C,-39,11,0,0,0,0,0,0,0,0,0,-94,0,6,1,35146879,0,37,0,0,35.147,128,[84 -64 4 0 0 0 0 0 0 0 0 0 14 16 9 15 13 18 10 22 9 15 7 15 10 21 7 16 6 17 6 15 9 16 8 18 5 18 3 18 7 17 3 16 6 20 5 13 8 14 2 20 1 17 8 19 2 14 6 16 8 16 7 17 0 0 4 16 7 13 7 17 8 12 6 12 6 13 5 17 4 14 8 14 11 16 10 12 9 12 10 15 7 17 11 13 11 15 12 12 10 12 13 12 13 11 12 10 13 13 14 13 11 12 12 8 10 12 3 3 0 0 0 0 0 0 0 0 ]
CSI_DATA,AP,68:FE:71:12:53:8C,-41,11,1,5,1,1,1,0,0,0,0,-93,0,6,1,35235847,0,84,0,0,35.236,384,[84 -64 4 0 0 0 0 0 0 0 0 0 -16 -14 -12 -14 -15 -14 -13 -18 -10 -18 -12 -19 -10 -20 -6 -14 -10 -21 -8 -16 -11 -20 -9 -16 -9 -21 -10 -21 -6 -19 -9 -21 -7 -14 -7 -19 -7 -17 -3 -16 -6 -17 -7 -16 -4 -18 -5 -15 -4 -16 -3 -17 2 -2 -8 -17 -8 -16 -10 -16 -10 -12 -6 -13 -7 -12 -6 -15 -10 -13 -5 -14 -10 -14 -7 -13 -10 -13 -8 -13 -11 -14 -7 -12 -8 -11 -7 -13 -10 -12 -13 -14 -9 -10 -10 -15 -12 -13 -14 -12 -15 -11 -11 -12 -11 -13 1 -3 0 0 0 0 0 0 0 0 ]
CSI_DATA,AP,68:FE:71:12:53:8C,-41,11,1,4,1,1,1,0,0,0,0,-93,0,6,1,35330782,0,84,0,0,35.331,384,[84 -64 4 0 0 0 0 0 0 0 0 0 20 -15 19 -9 19 -14 16 -13 22 -10 20 -10 21 -11 18 -7 18 -7 21 -7 21 -4 21 -10 18 -8 22 -9 15 -4 18 -8 17 -4 16 -8 16 -4 19 -3 18 -9 14 -7 15 -2 20 -4 18 -6 17 -9 -1 -1 13 -5 19 -6 13 -5 14 -6 14 -6 16 -5 18 -8 11 -8 14 -8 12 -12 12 -11 15 -8 12 -10 15 -9 16 -11 11 -8 15 -12 13 -13 14 -13 12 -10 14 -8 9 -12 12 -11 9 -11 10 -9 8 -14 1 0 0 0 0 0 0 0 0 0 ]
CSI_DATA,AP,68:FE:71:12:53:8C,-41,11,1,6,1,1,1,0,0,0,0,-96,0,6,1,35407160,0,84,0,0,35.407,384,[84 -64 4 0 0 0 0 0 0 0 0 0 9 17 8 17 13 18 10 17 8 13 5 13 4 16 8 13 6 19 5 18 5 20 7 19 9 18 8 20 8 13 6 14 2 17 1 15 6 16 5 13 0 18 5 17 4 14 6 11 3 16 3 14 2 2 4 15 2 13 5 12 5 11 3 11 9 15 4 13 7 12 7 14 5 11 5 11 6 14 10 9 6 13 6 8 12 12 11 15 8 8 10 14 7 10 7 13 9 8 12 7 13 9 7 6 11 6 -1 0 0 0 0 0 0 0 0 0 ]
CSI_DATA,AP,68:FE:71:12:53:8C,-37,11,1,6,1,1,1,0,0,0,0,-94,0,6,1,35485946,0,84,0,0,35.486,384,[84 -64 4 0 0 0 0 0 0 0 0 0 18 1 15 6 15 8 22 10 17 8 18 7 16 5 15 9 18 11 13 11 13 6 15 10 19 11 12 10 11 8 14 12 15 8 13 8 16 8 11 11 14 12 11 5 13 7 15 11 11 8 11 6 -2 2 16 7 15 10 11 10 13 3 14 7 15 6 13 6 16 7 15 6 13 5 11 7 16 5 12 5 15 5 16 4 16 0 13 1 16 4 13 3 14 1 16 0 14 3 16 2 16 1 14 0 13 -3 -3 1 0 0 0 0 0 0 0 0 ]
CSI_DATA,AP,68:FE:71:12:53:8C,-36,11,1,7,1,1,1,0,0,0,0,-94,0,6,1,35591154,0,82,0,0,35.591,384,[84 -64 4 0 0 0 0 0 0 0 0 0 -24 -18 -25 -20 -24 -22 -23 -26 -21 -22 -18 -23 -22 -27 -20 -25 -20 -28 -16 -23 -22 -25 -21 -28 -17 -26 -15 -25 -15 -27 -18 -24 -12 -26 -15 -24 -14 -24 -11 -21 -10 -26 -13 -25 -10 -22 -10 -20 -11 -23 -14 -20 1 -3 -16 -20 -12 -22 -16 -19 -13 -17 -14 -22 -17 -17 -16 -19 -11 -17 -16 -19 -12 -15 -17 -16 -14 -16 -17 -13 -14 -15 -18 -17 -19 -16 -19 -15 -16 -9 -15 -9 -17 -9 -19 -8 -16 -11 -19 -7 -21 -8 -18 -9 -18 -8 -2 -3 0 0 0 0 0 0 0 0 ]
CSI_DATA,AP,68:FE:71:12:53:8C,-42,11,1,5,1,1,1,0,0,0,0,-96,0,6,1,35658642,0,84,0,0,35.659,384,[84 -64 4 0 0 0 0 0 0 0 0 0 -1 -16 6 -17 6 -16 5 -17 6 -15 3 -15 5 -14 7 -18 7 -19 8 -15 9 -19 5 -16 11 -14 4 -13 7 -12 6 -16 7 -14 10 -11 6 -13 7 -15 6 -11 10 -13 10 -9 9 -16 10 -11 6 -16 0 2 8 -16 7 -12 9 -13 3 -10 3 -15 4 -12 8 -16 6 -14 6 -12 5 -16 0 -17 4 -10 -1 -11 2 -16 2 -13 3 -12 5 -13 0 -14 5 -15 3 -15 1 -17 -1 -15 2 -14 -2 -14 1 -16 1 -12 3 0 0 0 0 0 0 0 0 0 ]
CSI_DATA,AP,68:FE:71:12:53:8C,-34,11,1,5,1,1,1,0,0,0,0,-93,0,6,1,35732355,0,84,0,0,35.732,384,[84 -64 4 0 0 0 0 0 0 0 0 0 11 -8 12 -6 11 -9 12 -10 9 -8 13 -8 10 -10 11 -5 13 -7 13 -7 10 -7 14 -7 11 -4 10 -6 11 -2 12 -9 13 -3 7 -2 10 -7 8 -5 7 -5 7 -6 8 -1 14 -3 9 -5 13 -4 -3 1 9 -4 13 -9 6 -6 6 -6 9 -3 6 -8 11 -9 11 -6 6 -5 6 -8 7 -10 5 -3 7 -4 7 -9 5 -11 11 -7 8 -11 8 -11 8 -9 3 -11 7 -9 10 -11 9 -10 7 -11 10 -11 6 -12 1 3 0 0 0 0 0 0 0 0 ]
CSI_DATA,AP,68:FE:71:12:53:8C,-43,11,1,6,1,1,1,1,0,0,0,-94,1,6,1,35824984,0,84,0,0,35.825,384,[84 -64 4 0 0 0 0 0 0 0 0 0 7 -14 13 -14 10 -16 14 -13 11 -12 14 -15 10 -13 9 -12 10 -9 10 -12 12 -12 11 -14 15 -12 11 -9 12 -9 11 -11 12 -13 10 -8 10 -13 12 -13 16 -8 15 -7 11 -7 10 -7 12 -11 11 -12 1 1 11 -6 15 -11 12 -13 12 -13 8 -7 14 -8 13 -10 11 -13 9 -9 10 -11 9 -12 12 -10 11 -8 12 -10 8 -14 7 -15 7 -12 4 -9 8 -11 9 -11 7 -14 6 -14 5 -15 5 -12 11 -16 7 -12 1 3 0 0 0 0 0 0 0 0 ]
CSI_DATA,AP,68:FE:71:12:53:8C,-37,11,1,7,1,1,1,0,0,0,0,-94,0,6,1,35888496,0,84,0,0,35.888,384,[84 -64 4 0 0 0 0 0 0 0 0 0 -7 -9 -2 -11 -4 -10 -6 -9 -3 -7 0 -8 -3 -8 -1 -7 -1 -9 1 -5 -2 -8 1 -7 -1 -6 -4 -8 -2 -8 -2 -7 -4 -11 2 -9 3 -8 2 -8 0 -7 -4 -11 2 -8 1 -10 -3 -9 0 -6 3 2 2 -4 -2 -6 -3 -5 -1 -6 1 -4 -3 -9 0 -10 -2 -10 0 -10 -5 -6 0 -8 0 -4 0 -11 1 -11 -4 -6 0 -10 0 -11 -1 -9 -6 -4 -2 -9 0 -7 -3 -7 -6 -8 -8 -8 -4 -4 -1 -8 -2 3 0 0 0 0 0 0 0 0 ]
CSI_DATA,AP,68:FE:71:12:53:8C,-38,11,1,6,1,1,1,0,0,0,0,-94,0,6,1,36005752,0,84,0,0,36.006,384,[84 -64 4 0 0 0 0 0 0 0 0 0 23 -5 17 -4 19 0 24 0 21 1 17 -1 17 3 17 1 22 -1 18 1 24 3 22 1 22 4 20 3 18 1 21 2 21 4 16 1 18 1 15 5 18 3 18 3 15 2 15 3 18 2 16 1 3 0 18 3 17 0 17 5 14 -1 15 1 19 1 13 5 17 3 13 -2 14 -2 19 3 16 -1 15 -2 18 0 14 -1 18 -3 19 -2 17 -4 15 -4 15 -1 16 -3 15 -1 11 -2 15 -4 14 -5 13 -4 3 2 0 0 0 0 0 0 0 0 ]
CSI_DATA,AP,68:FE:71:12:53:8C,-42,11,1,4,1,1,1,0,0,0,0,-93,0,6,1,36109371,0,84,0,0,36.109,384,[84 -64 4 0 0 0 0 0 0 0 0 0 -18 -13 -16 -15 -17 -16 -11 -15 -15 -17 -10 -13 -13 -15 -9 -15 -9 -13 -11 -14 -8 -14 -7 -16 -10 -11 -9 -14 -7 -13 -11 -15 -8 -9 -5 -8 -5 -10 -9 -13 -5 -9 -9 -8 -9 -8 -4 -12 -9 -11 -11 -9 2 2 -6 -11 -11 -10 -7 -7 -7 -11 -9 -10 -7 -9 -9 -8 -6 -10 -8 -7 -13 -5 -11 -6 -13 -6 -11 -9 -10 -9 -9 -4 -11 -7 -9 -7 -14 -3 -10 -4 -10 -6 -9 -7 -13 -7 -11 -2 -9 -3 -13 -5 -13 -3 0 -1 0 0 0 0 0 0 0 0 ]
CSI_DATA,AP,68:FE:71:12:53:8C,-41,11,0,0,0,0,0,0,0,0,0,-95,0,6,1,36189554,0,37,0,0,36.19,128,[84 -64 4 0 0 0 0 0 0 0 0 0 -17 5 -21 2 -24 0 -17 5 -19 4 -19 -2 -22 2 -16 -3 -19 0 -15 -3 -14 -5 -20 0 -17 -1 -18 0 -12 -3 -15 -1 -15 -4 -14 -3 -13 -3 -12 0 -14 0 -10 1 -9 -2 -10 -3 -15 -3 -14 -2 3 -3 -11 1 -15 4 -10 -1 -13 3 -12 5 -13 3 -8 -1 -10 0 -11 3 -14 1 -12 5 -7 4 -13 3 -12 4 -9 7 -7 4 -11 4 -11 3 -8 9 -13 4 -12 10 -10 7 -14 9 -11 8 -8 8 -7 8 0 0 0 0 0 0 0 0 0 0 ]
CSI_DATA,AP,68:FE:71:12:53:8C,-38,11,1,6,1,1,1,0,0,0,0,-93,0,6,1,36266772,0,84,0,0,36.267,384,[84 -64 4 0 0 0 0 0 0 0 0 0 -24 -13 -25 -15 -27 -17 -26 -17 -23 -15 -22 -12 -20 -16 -19 -19 -21 -19 -20 -12 -19 -15 -18 -18 -18 -18 -15 -15 -14 -14 -13 -15 -18 -12 -17 -13 -12 -11 -13 -15 -12 -13 -14 -11 -13 -12 -11 -9 -16 -11 -15 -6 2 0 -14 -10 -15 -9 -10 -8 -16 -5 -10 -5 -11 -4 -10 -8 -14 -3 -13 -4 -10 -3 -10 -4 -15 2 -16 0 -11 0 -11 2 -14 -2 -9 -2 -12 1 -15 0 -15 3 -15 -1 -10 2 -15 1 -12 4 -15 5 -15 7 1 0 0 0 0 0 0 0 0 0 ]
CSI_DATA,AP,68:FE:71:12:53:8C,-38,11,1,7,1,1,1,0,0,0,0,-95,0,6,1,36370020,0,84,0,0,36.37,384,[84 -64 4 0 0 0 0 0 0 0 0 0 24 -13 20 -12 24 -15 20 -14 24 -13 23 -9 24 -9 20 -10 18 -4 20 -4 21 -7 22 -2 21 -3 20 -5 13 -6 18 -8 14 -6 13 -3 14 -3 12 -1 13 -4 10 -3 9 -1 9 -6 12 -7 14 -6 -1 3 9 -8 13 -5 9 -4 11 -2 12 -4 9 -4 10 -10 7 -4 4 -9 8 -3 3 -11 5 -9 3 -5 8 -11 8 -5 6 -9 5 -8 1 -8 4 -8 2 -5 4 -11 6 -9 3 -12 1 -13 2 -11 0 -7 -2 -3 0 0 0 0 0 0 0 0 ]
CSI_DATA,AP,68:FE:71:12:53:8C,-39,11,1,6,1,1,1,0,0,0,1,-93,0,6,1,36452790,0,84,0,0,36.453,384,[84 -64 4 0 0 0 0 0 0 0 0 0 -8 -10 -5 -11 -9 -10 -8 -11 -4 -14 -6 -9 -6 -10 -8 -12 -4 -8 -6 -11 -3 -14 -2 -14 -5 -8 -1 -10 -4 -8 -7 -13 -7 -13 -4 -11 -7 -10 -5 -12 -4 -8 -2 -11 -7 -11 -5 -6 -6 -10 -1 -9 -2 -3 -7 -9 -6 -9 -5 -9 -7 -11 -5 -6 -6 -7 -7 -9 -9 -9 -3 -11 -4 -5 -9 -10 -3 -7 -5 -8 -5 -7 -6 -5 -5 -6 -5 -10 -3 -5 -7 -8 -5 -7 -7 -4 -9 -5 -6 -3 -8 -4 -7 -6 -6 -9 0 3 0 0 0 0 0 0 0 0 ]
CSI_DATA,AP,68:FE:71:12:53:8C,-38,11,1,6,1,1,1,1,0,0,0,-94,6,6,1,36530221,0,84,0,0,36.53,384,[84 -64 4 0 0 0 0 0 0 0 0 0 -20 -2 -18 -5 -22 -4 -23 -3 -17 -7 -14 -7 -14 -4 -13 -4 -14 -4 -17 -9 -19 -9 -16 -8 -18 -6 -19 -5 -17 -9 -13 -3 -15 -3 -16 -4 -15 -5 -14 -8 -17 -8 -18 -5 -16 -5 -17 -8 -12 -9 -13 -7 -1 3 -13 -3 -19 -4 -14 -7 -15 -5 -16 -2 -18 -4 -13 -3 -19 -2 -17 -7 -14 0 -21 -4 -18 -1 -17 -1 -19 -1 -20 -2 -15 -4 -16 -1 -21 0 -18 -3 -16 -3 -19 -2 -15 -3 -20 -2 -17 0 -18 -5 -18 -2 -2 2 0 0 0 0 0 0 0 0 ]
CSI_DATA,AP,68:FE:71:12:53:8C,-39,11,1,5,1,1,1,0,0,0,0,-93,0,6,1,36604625,0,84,0,0,36.605,384,[84 -64 4 0 0 0 0 0 0 0 0 0 20 -22 20 -21 21 -20 19 -24 22 -19 22 -22 24 -20 23 -18 21 -15 21 -16 22 -16 20 -21 22 -21 24 -19 24 -14 25 -18 21 -18 22 -14 24 -13 19 -18 23 -14 21 -13 18 -16 20 -14 21 -14 19 -17 1 2 24 -18 18 -20 18 -16 21 -17 19 -16 23 -16 21 -17 20 -18 16 -22 15 -22 17 -18 19 -20 14 -24 22 -21 18 -20 20 -25 20 -26 16 -19 23 -23 16 -19 21 -20 20 -18 16 -23 16 -22 14 -23 14 -21 -2 -2 0 0 0 0 0 0 0 0 ]
CSI_DATA,AP,68:FE:71:12:53:8C,-41,11,1,6,1,1,1,0,0,0,1,-93,0,6,1,36688650,0,84,0,0,36.689,384,[84 -64 4 0 0 0 0 0 0 0 0 0 -3 -17 -6 -18 -6 -18 -2 -18 -5 -15 0 -14 -4 -17 -3 -15 -4 -18 -4 -17 -1 -17 1 -16 1 -20 -1 -19 -1 -15 0 -18 4 -17 1 -18 3 -14 0 -14 1 -13 4 -17 0 -15 -1 -18 -3 -17 -1 -15 -1 1 0 -19 -1 -15 -1 -13 -3 -16 -3 -14 -2 -16 -3 -18 -5 -14 -1 -13 -2 -14 -4 -12 -5 -15 -6 -16 -6 -17 -4 -12 -3 -17 -4 -13 -6 -12 -3 -13 -8 -16 -9 -13 -8 -13 -6 -13 -8 -16 -7 -11 -5 -15 -1 -2 0 0 0 0 0 0 0 0 ]
CSI_DATA,AP,68:FE:71:12:53:8C,-37,11,1,6,1,1,1,0,0,0,0,-96,0,6,1,36802652,0,84,0,0,36.803,384,[84 -64 4 0 0 0 0 0 0 0 0 0 -21 6 -20 3 -24 0 -23 4 -21 -1 -20 0 -24 -3 -23 0 -23 -5 -25 -5 -24 -3 -24 -2 -26 -4 -24 -1 -23 -9 -23 -7 -21 -1 -19 -6 -23 -6 -22 -4 -18 -7 -22 -8 -17 -6 -18 -3 -22 -9 -20 -3 -2 1 -23 -7 -22 -4 -25 -4 -21 1 -17 -4 -18 0 -20 -2 -18 -5 -19 -3 -21 -4 -25 -2 -24 -1 -24 1 -19 2 -20 0 -23 3 -25 3 -23 6 -23 2 -18 0 -22 1 -22 1 -25 2 -19 7 -20 3 -24 3 1 2 0 0 0 0 0 0 0 0 ]
CSI_DATA,AP,68:FE:71:12:53:8C,-43,11,1,4,1,1,1,0,0,0,0,-96,0,6,1,36894972,0,84,0,0,36.895,384,[84 -64 4 0 0 0 0 0 0 0 0 0 4 -13 6 -17 3 -18 5 -21 4 -18 6 -18 11 -14 8 -19 8 -18 10 -19 8 -18 11 -20 9 -21 9 -20 10 -18 9 -17 11 -13 11 -18 10 -12 15 -17 11 -17 13 -13 14 -11 9 -13 13 -18 11 -13 0 -3 11 -15 14 -15 8 -14 9 -13 13 -13 8 -15 9 -15 8 -14 13 -14 6 -18 7 -15 9 -20 6 -20 11 -17 11 -15 8 -17 4 -15 7 -17 4 -20 3 -14 8 -16 4 -18 3 -20 3 -18 5 -16 6 -14 0 -2 0 0 0 0 0 0 0 0 ]
CSI_DATA,AP,68:FE:71:12:53:8C,-41,11,1,6,1,1,1,0,0,0,0,-95,0,6,1,36983815,0,84,0,0,36.984,384,[84 -64 4 0 0 0 0 0 0 0 0 0 10 -8 10 -5 12 -10 15 -4 11 -6 10 -8 16 -8 10 -7 12 -7 12 -2 11 -4 16 -7 14 -2 12 -7 15 -3 15 -5 16 -2 14 -5 12 -1 17 -4 11 0 18 -1 12 0 13 -4 14 -4 14 -3 -3 1 14 -6 17 -5 16 -4 14 -3 15 -2 11 -2 10 -4 13 -2 13 -5 13 -3 17 -1 9 -1 12 -1 10 -1 14 -8 13 -3 15 -5 10 -6 15 -5 14 -5 10 -6 11 -3 16 -7 14 -3 11 -7 15 -9 -3 1 0 0 0 0 0 0 0 0 ]
CSI_DATA,AP,68:FE:71:12:53:8C,-39,11,1,6,1,1,1,1,0,0,0,-93,1,6,1,37076597,0,84,0,0,37.077,384,[84 -64 4 0 0 0 0 0 0 0 0 0 -5 17 -2 16 -3 19 -5 23 -6 20 -10 20 -6 18 -6 18 -7 21 -7 17 -5 20 -5 22 -12 20 -9 17 -11 18 -7 15 -8 13 -11 17 -8 18 -6 17 -7 14 -7 17 -10 15 -7 18 -11 17 -10 15 3 3 -8 13 -10 14 -5 19 -5 17 -7 11 -6 16 -8 18 -2 12 -6 13 0 13 -4 19 -1 14 -5 17 0 17 -5 12 -4 18 -1 13 2 15 -3 17 2 16 -1 18 -1 16 -3 17 1 16 -2 18 3 12 3 3 0 0 0 0 0 0 0 0 ]
CSI_DATA,AP,68:FE:71:12:53:8C,-41,11,1,5,1,1,1,0,0,0,0,-94,0,6,1,37167325,0,84,0,0,37.167,384,[82 -96 4 0 0 0 0 0 0 0 0 0 -8 12 -5 14 -12 13 -7 14 -13 13 -12 14 -7 10 -8 16 -9 15 -10 15 -11 11 -14 9 -10 14 -13 12 -13 14 -8 11 -8 11 -9 14 -11 9 -13 10 -10 11 -7 13 -11 9 -11 13 -12 8 -10 10 1 -1 -10 7 -12 7 -6 9 -5 8 -8 11 -11 8 -7 14 -7 11 -5 9 -8 9 -5 11 -4 8 -7 12 -3 10 -7 13 -8 15 -5 12 -9 14 -7 9 -6 10 -6 10 -2 11 -5 12 -1 12 -4 11 -1 10 0 -1 0 0 0 0 0 0 0 0 ]
CSI_DATA,AP,68:FE:71:12:53:8C,-41,11,1,4,1,1,1,0,0,0,0,-95,0,6,1,37259576,0,84,0,0,37.26,384,[84 -64 4 0 0 0 0 0 0 0 0 0 16 -1 20 -2 16 -4 17 -4 16 -2 21 -3 15 -3 22 3 17 4 19 3 21 2 16 -1 21 3 15 2 16 2 16 4 16 4 19 1 15 6 16 5 18 0 19 3 16 4 13 5 19 5 17 1 -3 3 13 4 16 2 14 0 13 1 14 -3 13 -2 13 -3 13 -2 13 2 12 -3 14 -3 16 -5 12 -1 16 1 11 1 15 -3 17 -5 18 -3 11 -1 17 -2 14 -5 13 -7 11 -5 17 -4 12 -3 14 -8 1 1 0 0 0 0 0 0 0 0 ]
CSI_DATA,AP,68:FE:71:12:53:8C,-38,11,1,6,1,1,1,0,0,0,0,-94,0,6,1,37373942,0,84,0,0,37.374,384,[84 -64 4 0 0 0 0 0 0 0 0 0 -16 1 -21 2 -20 1 -22 -3 -18 2 -16 -4 -21 -1 -16 -6 -17 -6 -21 -2 -20 -1 -16 -1 -18 -7 -18 -5 -16 -8 -18 -6 -20 -2 -14 -6 -14 -2 -18 -4 -13 -6 -19 -2 -17 -5 -15 -1 -18 -3 -13 -4 0 -1 -18 -4 -13 -3 -16 -2 -17 1 -13 -5 -16 -6 -11 -3 -14 -4 -13 1 -11 1 -17 1 -16 1 -18 -4 -15 -1 -13 1 -15 3 -15 0 -18 2 -15 -1 -18 0 -12 0 -16 3 -13 0 -15 3 -11 1 -14 4 2 2 0 0 0 0 0 0 0 0 ]
CSI_DATA,AP,68:FE:71:12:53:8C,-44,11,1,4,1,1,1,1,0,0,0,-96,2,6,1,37487686,0,84,0,0,37.488,384,[84 -64 4 0 0 0 0 0 0 0 0 0 -16 7 -22 4 -20 1 -19 -1 -20 -2 -21 2 -19 -1 -20 3 -19 2 -17 1 -18 -4 -20 2 -17 0 -20 -5 -20 -4 -22 -4 -20 -2 -20 -2 -16 -6 -18 -4 -19 -5 -18 -6 -13 -3 -16 1 -20 -4 -19 -5 1 3 -19 -3 -13 -3 -17 2 -19 1 -17 -4 -16 -2 -18 -2 -15 -1 -17 4 -16 1 -14 3 -13 3 -14 2 -12 -1 -13 6 -12 1 -13 4 -19 1 -12 3 -18 6 -13 3 -15 1 -14 2 -14 8 -18 3 -12 6 -1 3 0 0 0 0 0 0 0 0 ]
CSI_DATA,AP,68:FE:71:12:53:8C,-41,11,1,4,1,1,1,0,0,0,0,-93,0,6,1,37561241,0,84,0,0,37.561,384,[84 -64 4 0 0 0 0 0 0 0 0 0 6 -20 5 -21 2 -17 3 -20 6 -22 9 -20 10 -18 10 -16 8 -16 6 -19 7 -14 12 -14 9 -14 11 -19 7 -14 6 -13 11 -15 6 -12 9 -16 7 -14 8 -13 10 -13 5 -11 6 -11 9 -13 5 -13 1 1 7 -15 8 -12 5 -14 5 -11 8 -17 7 -18 2 -17 8 -12 7 -16 5 -15 6 -15 2 -14 1 -17 3 -12 4 -13 1 -12 2 -15 6 -14 0 -13 1 -16 5 -16 3 -16 4 -16 -2 -15 4 -13 0 -18 3 -1 0 0 0 0 0 0 0 0 ]
CSI_DATA,AP,68:FE:71:12:53:8C,-43,11,1,6,1,1,1,1,0,0,0,-93,2,6,1,37645072,0,84,0,0,37.645,384,[84 -64 4 0 0 0 0 0 0 0 0 0 3 -15 3 -18 6 -16 7 -18 9 -15 4 -18 5 -19 7 -14 10 -15 9 -16 5 -17 7 -14 10 -14 5 -18 10 -18 8 -13 9 -15 11 -11 11 -11 9 -15 6 -12 6 -17 8 -16 7 -17 8 -11 7 -14 -1 0 4 -17 8 -11 6 -15 3 -14 3 -12 5 -12 8 -17 8 -16 5 -15 7 -14 2 -12 2 -16 6 -12 3 -15 1 -12 2 -16 4 -12 3 -18 -1 -13 -1 -18 1 -16 -1 -18 1 -14 -2 -14 1 -17 1 -16 1 2 0 0 0 0 0 0 0 0 ]
CSI_DATA,AP,68:FE:71:12:53:8C,-39,11,1,5,1,1,1,0,0,0,0,-95,0,6,1,37719986,0,84,0,0,37.72,384,[84 -64 4 0 0 0 0 0 0 0 0 0 16 -3 19 -4 17 -7 18 0 20 -1 18 1 20 -3 20 2 19 -1 18 -2 15 -2 21 0 19 -3 15 -2 19 4 14 2 15 -1 15 4 19 1 15 0 18 3 15 4 18 -2 19 0 17 3 18 2 1 2 18 -1 15 1 16 4 16 -3 16 3 15 -2 18 -3 15 2 13 0 15 -1 14 -1 16 0 17 -2 15 -5 11 -5 17 -4 16 -4 13 -5 18 -1 13 -4 14 -7 15 -6 11 -3 17 -5 15 -4 14 -7 -3 1 0 0 0 0 0 0 0 0 ]
CSI_DATA,AP,68:FE:71:12:53:8C,-39,11,1,4,1,1,1,0,0,0,0,-95,0,6,1,37837173,0,84,0,0,37.837,384,[84 -64 4 0 0 0 0 0 0 0 0 0 -1 32 -6 27 -6 31 -6 34 -7 32 -5 31 -11 30 -8 25 -10 28 -6 27 -11 27 -13 27 -9 31 -10 25 -11 23 -12 30 -8 23 -11 26 -11 27 -10 27 -13 25 -14 22 -10 24 -6 27 -8 24 -7 26 2 1 -5 23 -10 24 -4 27 -6 25 -4 25 -8 25 -8 24 -7 20 -4 26 -5 22 -7 22 -5 20 -5 25 -6 22 -4 20 -3 27 -3 23 1 25 1 21 -2 24 -3 25 1 25 0 20 2 25 2 27 -2 22 -2 -2 0 0 0 0 0 0 0 0 ]
CSI_DATA,AP,68:FE:71:12:53:8C,-40,11,1,6,1,1,1,0,0,0,0,-93,0,6,1,37953581,0,84,0,0,37.954,384,[84 -64 4 0 0 0 0 0 0 0 0 0 -10 -13 -15 -19 -12 -14 -10 -17 -9 -16 -11 -20 -8 -19 -7 -20 -9 -18 -12 -20 -7 -15 -6 -17 -9 -20 -7 -16 -9 -17 -8 -20 -6 -13 -7 -15 -7 -19 -7 -13 -8 -14 -8 -19 -10 -14 -9 -14 -6 -18 -11 -14 2 0 -10 -13 -11 -14 -11 -17 -12 -14 -6 -14 -12 -17 -9 -11 -7 -16 -6 -10 -11 -11 -7 -12 -7 -9 -9 -12 -13 -9 -8 -13 -13 -11 -11 -9 -9 -12 -10 -12 -11 -10 -10 -10 -13 -13 -16 -14 -13 -14 -16 -13 -15 -12 1 3 0 0 0 0 0 0 0 0 ]
CSI_DATA,AP,68:FE:71:12:53:8C,-43,11,1,4,1,1,1,0,0,0,1,-95,0,6,1,38033848,0,84,0,0,38.034,384,[84 -64 4 0 0 0 0 0 0 0 0 0 8 -22 9 -18 11 -18 13 -16 13 -16 15 -20 15 -18 10 -19 9 -17 12 -15 13 -18 14 -16 14 -12 15 -13 11 -16 13 -14 12 -16 10 -16 12 -16 16 -16 10 -14 12 -15 12 -8 10 -11 10 -12 10 -13 -2 2 14 -12 9 -15 9 -15 7 -16 13 -15 13 -12 11 -9 12 -12 11 -15 7 -11 10 -17 9 -13 9 -11 6 -18 5 -15 8 -18 7 -14 4 -15 10 -14 9 -15 8 -19 6 -16 3 -15 7 -18 4 -18 3 -17 -1 1 0 0 0 0 0 0 0 0 ]
CSI_DATA,AP,68:FE:71:12:53:8C,-38,11,1,6,1,1,1,0,0,0,0,-94,0,6,1,38126089,0,84,0,0,38.126,384,[84 -64 4 0 0 0 0 0 0 0 0 0 -21 -3 -21 -9 -20 -6 -22 -6 -18 -6 -18 -5 -18 -11 -16 -7 -21 -10 -16 -11 -18 -7 -16 -12 -15 -11 -17 -8 -14 -13 -15 -13 -14 -13 -17 -8 -16 -9 -14 -12 -16 -10 -14 -8 -14 -8 -16 -9 -14 -9 -13 -7 -3 -2 -14 -10 -18 -10 -15 -11 -18 -7 -16 -6 -16 -6 -13 -8 -14 -7 -13 -7 -12 -8 -14 -7 -15 -9 -18 -3 -13 -2 -16 -3 -18 -3 -13 -8 -18 -5 -14 -4 -18 -3 -14 -1 -16 -5 -20 -1 -16 -3 -14 0 -16 -3 1 3 0 0 0 0 0 0 0 0 ]
CSI_DATA,AP,68:FE:71:12:53:8C,-38,11,1,5,1,1,1,0,0,0,0,-95,0,6,1,38229211,0,84,0,0,38.229,384,[84 -64 4 0 0 0 0 0 0 0 0 0 10 -14 14 -13 12 -15 12 -12 12 -10 16 -10 16 -7 13 -8 14 -8 15 -11 15 -11 14 -7 14 -6 17 -8 17 -8 13 -5 16 -10 12 -5 15 -6 14 -7 10 -7 15 -7 13 -5 16 -6 14 -9 13 -6 -2 -1 14 -11 11 -5 15 -7 9 -11 14 -10 14 -8 8 -6 12 -10 14 -10 8 -8 10 -10 11 -9 12 -10 7 -13 9 -11 9 -9 9 -10 13 -9 8 -9 8 -9 6 -12 10 -9 6 -14 5 -13 7 -12 9 -15 1 -1 0 0 0 0 0 0 0 0 ]
CSI_DATA,AP,68:FE:71:12:53:8C,-46,11,1,5,1,1,1,0,0,0,0,-93,0,6,1,38315265,0,84,0,0,38.315,384,[84 -64 4 0 0 0 0 0 0 0 0 0 -4 -19 -1 -16 1 -17 1 -16 -2 -19 3 -20 3 -16 4 -22 -1 -17 3 -19 4 -21 3 -18 1 -19 1 -20 1 -15 7 -14 1 -19 5 -14 3 -19 3 -17 1 -14 0 -17 4 -18 6 -15 6 -12 1 -18 -1 2 0 -13 0 -17 4 -14 -2 -17 0 -18 1 -12 -2 -15 -1 -17 2 -17 2 -13 -1 -13 0 -14 -4 -13 -3 -13 -1 -15 -3 -16 -3 -15 -5 -18 0 -16 -2 -18 1 -18 -5 -15 -6 -18 -6 -17 -3 -13 -6 -16 2 0 0 0 0 0 0 0 0 0 ]
CSI_DATA,AP,68:FE:71:12:53:8C,-38,11,1,6,1,1,1,0,0,0,0,-94,0,6,1,38404090,0,84,0,0,38.404,384,[84 -64 4 0 0 0 0 0 0 0 0 0 11 -8 7 -4 8 -9 12 -7 8 -7 10 -2 9 -2 7 -4 11 -2 10 -6 11 -6 6 0 9 -2 5 -2 7 -3 5 -2 11 -1 8 -3 9 -4 11 -1 5 -3 5 -6 9 1 7 -3 5 -5 8 -2 -1 -2 10 -3 7 -4 8 -5 9 -4 9 0 8 -2 5 -4 9 -3 5 -6 6 -2 4 -1 8 -2 5 -4 8 -1 4 -1 6 -5 5 -1 5 -5 4 -2 4 -3 9 -4 5 -5 4 -3 3 -9 7 -4 8 -3 -1 3 0 0 0 0 0 0 0 0 ]
CSI_DATA,AP,68:FE:71:12:53:8C,-45,11,1,3,1,1,1,0,0,0,0,-94,0,6,1,38511077,0,84,0,0,38.511,384,[84 -64 4 0 0 0 0 0 0 0 0 0 -40 -20 -34 -19 -37 -19 -34 -22 -35 -26 -33 -22 -31 -25 -36 -28 -30 -24 -33 -29 -32 -27 -29 -33 -31 -33 -27 -28 -24 -28 -30 -28 -28 -31 -26 -30 -26 -30 -27 -26 -24 -27 -26 -30 -25 -27 -25 -29 -23 -32 -30 -29 -1 -3 -27 -25 -25 -28 -24 -26 -30 -25 -24 -28 -28 -21 -27 -25 -29 -19 -28 -22 -25 -16 -30 -22 -29 -20 -28 -18 -32 -22 -27 -21 -32 -19 -31 -21 -31 -17 -31 -20 -29 -17 -29 -18 -28 -17 -29 -13 -37 -15 -34 -20 -31 -18 -1 2 0 0 0 0 0 0 0 0 ]
CSI_DATA,AP,68:FE:71:12:53:8C,-38,11,1,6,1,1,1,1,0,0,0,-93,4,6,1,38594144,0,84,0,0,38.594,384,[84 -64 4 0 0 0 0 0 0 0 0 0 10 16 12 13 10 15 10 17 11 13 8 18 7 16 7 13 11 13 9 17 6 16 7 19 9 17 8 18 4 14 8 18 5 18 8 17 6 13 7 12 8 11 8 16 8 10 5 17 3 12 3 16 -2 -3 4 13 4 12 9 10 4 11 9 11 5 12 11 12 7 11 10 12 4 13 6 13 10 12 5 12 9 10 6 10 6 11 12 9 10 13 7 13 8 9 11 7 12 10 10 10 13 11 12 7 7 8 3 1 0 0 0 0 0 0 0 0 ]
CSI_DATA,AP,68:FE:71:12:53:8C,-41,11,1,4,1,1,1,0,0,0,0,-94,0,6,1,38671148,0,84,0,0,38.671,384,[84 -64 4 0 0 0 0 0 0 0 0 0 8 -39 11 -37 15 -37 13 -38 16 -36 18 -32 16 -32 19 -36 21 -34 17 -31 22 -31 23 -29 18 -33 20 -28 19 -29 19 -33 23 -29 21 -29 19 -31 20 -26 21 -29 16 -25 20 -29 24 -31 19 -25 17 -27 1 3 17 -29 18 -25 16 -27 13 -31 16 -25 14 -26 18 -31 14 -27 17 -30 12 -30 12 -30 16 -28 12 -25 7 -31 10 -27 11 -28 9 -28 7 -28 8 -29 4 -29 8 -31 10 -31 6 -34 8 -34 7 -30 4 -27 0 2 0 0 0 0 0 0 0 0 ]
CSI_DATA,AP,68:FE:71:12:53:8C,-35,11,1,6,1,1,1,0,0,0,0,-95,0,6,1,38750297,0,84,0,0,38.75,384,[84 -64 4 0 0 0 0 0 0 0 0 0 -5 -18 -4 -20 -9 -18 -6 -20 -8 -18 -3 -23 -8 -21 -7 -18 0 -22 -4 -18 -5 -23 0 -23 -4 -21 -4 -22 -2 -19 0 -18 -1 -19 -1 -19 -3 -17 -3 -20 1 -21 -3 -21 -5 -15 -1 -20 1 -15 1 -19 0 2 -6 -14 -6 -20 0 -19 0 -15 -2 -18 -5 -16 -5 -17 -3 -18 -5 -15 -4 -12 -6 -18 -4 -19 -7 -16 -4 -14 -6 -14 -4 -13 -8 -19 -9 -14 -6 -14 -6 -13 -10 -13 -6 -16 -7 -12 -9 -12 -8 -15 -8 -11 3 -2 0 0 0 0 0 0 0 0 ]
CSI_DATA,AP,68:FE:71:12:53:8C,-41,11,1,5,1,1,1,0,0,0,0,-96,0,6,1,38866495,0,84,0,0,38.866,384,[84 -64 4 0 0 0 0 0 0 0 0 0 -39 -8 -40 -14 -39 -14 -44 -16 -38 -13 -36 -13 -40 -18 -39 -16 -33 -18 -34 -19 -36 -21 -39 -23 -33 -18 -36 -21 -29 -21 -38 -25 -30 -19 -30 -19 -35 -23 -34 -20 -33 -22 -31 -20 -29 -20 -31 -22 -29 -24 -32 -17 1 -1 -26 -18 -28 -20 -26 -18 -34 -14 -28 -19 -32 -15 -29 -19 -33 -15 -33 -11 -31 -11 -30 -14 -31 -14 -31 -9 -32 -9 -35 -9 -33 -6 -31 -8 -31 -4 -31 -8 -36 -4 -29 -6 -35 -5 -36 -4 -33 -7 -36 -3 -36 -7 3 -2 0 0 0 0 0 0 0 0 ]
CSI_DATA,AP,68:FE:71:12:53:8C,-36,11,1,6,1,1,1,0,0,0,0,-94,0,6,1,38973766,0,84,0,0,38.974,384,[84 -64 4 0 0 0 0 0 0 0 0 0 -11 -19 -5 -21 -8 -20 -5 -20 -5 -19 -8 -19 -2 -19 -6 -21 -2 -17 0 -21 -6 -21 -2 -18 -3 -18 -3 -22 0 -19 -1 -18 -3 -21 -2 -16 -4 -17 2 -21 -4 -15 1 -15 -1 -16 -1 -20 -1 -17 -4 -19 2 2 -1 -19 1 -15 1 -15 -1 -18 -1 -17 -5 -15 -6 -17 -2 -19 -6 -16 -4 -12 -6 -12 -4 -15 -4 -16 -4 -18 -3 -13 -8 -16 -5 -15 -4 -17 -6 -13 -10 -14 -7 -13 -4 -18 -9 -16 -9 -13 -10 -14 -6 -16 -3 -2 0 0 0 0 0 0 0 0 ]
CSI_DATA,AP,68:FE:71:12:53:8C,-39,11,1,4,1,1,1,0,0,0,0,-95,0,6,1,39100409,0,84,0,0,39.1,384,[84 -64 4 0 0 0 0 0 0 0 0 0 -17 14 -17 13 -15 13 -15 15 -14 12 -17 12 -19 14 -19 13 -15 12 -16 11 -15 11 -19 6 -16 11 -15 7 -14 10 -20 6 -15 10 -13 7 -15 8 -17 7 -18 8 -17 5 -16 9 -15 10 -15 10 -13 9 -3 -3 -15 10 -15 9 -15 5 -12 6 -14 9 -16 10 -13 8 -14 10 -15 6 -15 8 -13 11 -9 9 -12 12 -14 8 -9 10 -14 12 -15 8 -14 8 -13 9 -11 12 -9 11 -13 12 -11 14 -10 16 -12 12 -7 12 1 3 0 0 0 0 0 0 0 0 ]
CSI_DATA,AP,68:FE:71:12:53:8C,-40,11,1,4,1,1,1,0,0,0,0,-96,0,6,1,39208523,0,84,0,0,39.209,384,[84 -64 4 0 0 0 0 0 0 0 0 0 17 -13 17 -14 15 -10 15 -10 15 -9 15 -8 20 -9 17 -6 14 -5 18 -10 21 -5 17 -4 21 -4 18 -6 19 -4 16 -4 15 -8 14 -7 18 -7 14 -9 19 -3 18 -7 16 -6 14 -3 15 -7 15 -4 -1 -1 12 -6 15 -5 15 -6 12 -7 13 -4 15 -10 14 -10 12 -10 10 -6 14 -6 15 -9 15 -7 16 -8 14 -11 15 -13 11 -8 15 -14 9 -11 14 -8 14 -11 12 -8 9 -12 11 -13 11 -9 10 -12 9 -10 -1 3 0 0 0 0 0 0 0 0 ]
CSI_DATA,AP,68:FE:71:12:53:8C,-36,11,1,6,1,1,1,0,0,0,0,-94,0,6,1,39316016,0,84,0,0,39.316,384,[84 -64 4 0 0 0 0 0 0 0 0 0 13 -14 13 -17 18 -16 17 -16 16 -16 19 -12 15 -10 15 -12 14 -11 16 -8 17 -12 20 -12 14 -13 16 -10 15 -8 15 -7 19 -8 13 -7 14 -7 19 -10 14 -11 16 -5 13 -6 12 -6 17 -6 16 -10 -2 -1 12 -6 11 -12 16 -9 15 -6 13 -9 17 -12 15 -7 13 -11 16 -12 12 -8 13 -14 13 -13 15 -9 9 -11 14 -13 14 -9 8 -10 10 -11 9 -15 14 -10 9 -11 8 -12 9 -12 12 -17 12 -16 10 -15 1 0 0 0 0 0 0 0 0 0 ]
CSI_DATA,AP,68:FE:71:12:53:8C,-40,11,0,0,0,0,0,0,0,0,0,-96,0,6,1,39422569,0,37,0,0,39.423,128,[84 -64 4 0 0 0 0 0 0 0 0 0 -8 22 -3 22 -6 16 -10 23 -8 20 -9 17 -10 19 -7 20 -12 17 -8 19 -10 20 -8 20 -8 21 -8 20 -7 18 -10 14 -11 19 -11 12 -7 12 -7 16 -10 12 -10 15 -6 16 -11 12 -7 12 -10 17 -3 3 -10 14 -5 13 -10 14 -9 17 -5 15 -9 11 -6 11 -3 17 -5 13 -7 10 -6 17 -4 17 -2 13 -5 13 -8 17 -1 13 -5 19 -2 12 -2 14 -5 14 -1 18 -2 16 -3 19 1 15 -5 16 1 16 0 0 0 0 0 0 0 0 0 0 ]
CSI_DATA,AP,68:FE:71:12:53:8C,-38,11,1,7,1,1,1,0,0,0,0,-94,0,6,1,39511906,0,84,0,0,39.512,384,[84 -64 4 0 0 0 0 0 0 0 0 0 -11 -17 -12 -13 -12 -15 -15 -20 -13 -19 -11 -17 -8 -18 -10 -20 -9 -15 -9 -14 -11 -20 -12 -20 -7 -19 -10 -19 -11 -17 -6 -21 -7 -15 -9 -19 -5 -15 -11 -17 -7 -16 -6 -17 -7 -16 -7 -14 -5 -21 -7 -20 3 -1 -8 -14 -8 -19 -11 -15 -6 -12 -6 -15 -9 -14 -7 -13 -8 -17 -9 -11 -14 -10 -14 -10 -10 -11 -11 -10 -14 -10 -10 -15 -10 -14 -13 -11 -14 -10 -13 -13 -10 -9 -14 -12 -11 -14 -16 -10 -14 -9 -15 -10 -10 -13 2 -2 0 0 0 0 0 0 0 0 ]
CSI_DATA,AP,68:FE:71:12:53:8C,-36,11,1,7,1,1,1,0,0,0,0,-94,0,6,1,39582122,0,82,0,0,39.582,384,[84 -64 4 0 0 0 0 0 0 0 0 0 21 1 23 -3 23 -2 26 3 19 -3 20 1 25 0 19 3 19 1 19 1 21 2 23 2 22 1 19 6 22 8 23 6 16 2 20 6 18 6 17 1 18 8 16 6 15 2 19 3 20 2 15 6 3 -2 20 1 16 1 16 2 14 -3 15 -1 21 3 20 1 15 3 15 3 17 -4 20 0 15 -4 16 -1 14 -4 19 -2 17 -2 16 -3 15 -2 19 -5 19 -7 18 -6 17 -4 20 -5 15 -8 20 -2 19 -4 -3 3 0 0 0 0 0 0 0 0 ]
CSI_DATA,AP,68:FE:71:12:53:8C,-40,11,1,5,1,1,1,0,0,0,0,-95,0,6,1,39689913,0,82,0,0,39.69,384,[-117 -80 8 0 0 0 0 0 0 0 0 0 0 17 -3 12 -4 12 -7 11 -6 6 -8 12 -7 6 -1 5 -3 11 2 9 -4 10 4 13 0 15 -3 10 7 15 2 17 3 15 10 15 -10 16 -7 15 5 9 3 15 6 15 -3 8 8 5 3 13 1 0 -1 9 1 8 3 11 3 12 7 13 10 12 2 10 10 9 3 7 0 10 0 14 9 8 10 11 5 11 7 2 8 10 9 3 14 5 2 4 7 3 12 6 11 0 5 7 7 3 10 5 7 6 3 -1 0 0 0 0 0 0 0 0 ]
CSI_DATA,AP,68:FE:71:12:53:8C,-45,11,1,3,1,1,1,1,0,0,0,-94,3,6,1,39785078,0,84,0,0,39.785,384,[84 -64 4 0 0 0 0 0 0 0 0 0 -1 19 -2 24 -3 25 -2 20 -4 23 -9 21 -9 22 -9 17 -8 16 -10 16 -10 19 -11 23 -12 17 -12 19 -11 21 -7 22 -9 21 -7 18 -8 18 -7 17 -11 20 -7 14 -10 18 -5 19 -10 19 -11 13 -1 1 -10 15 -6 16 -9 15 -7 15 -3 16 -9 19 -8 15 -5 14 -3 14 -6 14 -4 19 -7 18 -1 17 -1 16 -6 19 -6 19 -4 20 2 15 -3 17 1 14 -1 18 -3 19 -3 17 -1 15 0 17 1 15 2 1 0 0 0 0 0 0 0 0 ]
CSI_DATA,AP,68:FE:71:12:53:8C,-41,11,1,5,1,1,1,0,0,0,0,-94,0,6,1,39881422,0,84,0,0,39.881,384,[84 -64 4 0 0 0 0 0 0 0 0 0 13 -15 13 -15 18 -19 15 -17 19 -14 13 -13 16 -11 17 -11 19 -14 19 -12 21 -12 19 -15 20 -14 16 -14 18 -8 17 -9 15 -12 19 -12 13 -13 18 -7 19 -9 18 -10 17 -6 18 -11 16 -13 18 -10 -2 -3 17 -10 14 -14 17 -12 11 -12 13 -11 16 -14 16 -9 15 -9 9 -12 10 -11 13 -10 11 -10 14 -10 10 -10 14 -12 9 -12 14 -17 11 -17 8 -12 12 -17 14 -16 10 -16 7 -15 12 -13 9 -15 9 -16 -1 -2 0 0 0 0 0 0 0 0 ]
CSI_DATA,AP,68:FE:71:12:53:8C,-42,11,1,6,1,1,1,1,0,0,1,-96,2,6,1,39957711,0,84,0,0,39.958,384,[84 -64 4 0 0 0 0 0 0 0 0 0 19 13 18 16 19 13 13 12 13 12 15 18 15 12 12 18 11 18 11 17 13 15 16 20 12 17 10 13 9 18 13 16 8 13 7 16 9 17 11 14 10 16 13 14 7 12 8 12 11 13 11 16 -1 2 12 11 13 15 9 16 9 15 14 12 13 12 9 9 14 14 12 10 13 8 15 11 10 14 14 7 10 9 15 8 14 9 13 13 17 12 14 11 16 7 13 9 16 11 16 11 13 9 18 11 15 10 -2 2 0 0 0 0 0 0 0 0 ]
CSI_DATA,AP,68:FE:71:12:53:8C,-40,11,1,4,1,1,1,0,0,0,0,-94,0,6,1,40068966,0,84,0,0,40.069,384,[84 -64 4 0 0 0 0 0 0 0 0 0 2 -20 6 -24 3 -24 8 -22 9 -23 7 -21 12 -19 10 -18 12 -19 13 -16 11 -20 9 -19 8 -22 12 -20 14 -17 8 -16 12 -20 13 -16 9 -18 9 -13 9 -16 8 -15 12 -14 7 -17 8 -20 7 -14 -1 2 11 -15 10 -19 6 -14 11 -15 11 -13 10 -17 12 -14 5 -14 9 -18 8 -17 9 -20 4 -18 8 -20 9 -16 5 -14 7 -14 5 -15 1 -20 5 -18 3 -16 8 -18 6 -20 6 -19 2 -19 3 -16 6 -18 -1 1 0 0 0 0 0 0 0 0 ]
CSI_DATA,AP,68:FE:71:12:53:8C,-44,11,1,5,1,1,1,1,0,0,1,-96,4,6,1,40143046,0,84,0,0,40.143,384,[84 -64 4 0 0 0 0 0 0 0 0 0 -19 -13 -14 -13 -15 -16 -18 -17 -14 -14 -17 -19 -17 -14 -16 -19 -13 -16 -12 -19 -10 -21 -16 -22 -14 -22 -10 -20 -10 -18 -12 -18 -11 -20 -10 -17 -11 -19 -13 -18 -13 -18 -10 -14 -10 -19 -11 -19 -13 -14 -14 -18 -3 1 -9 -18 -13 -14 -12 -13 -11 -17 -11 -11 -12 -15 -14 -16 -11 -11 -9 -15 -15 -12 -15 -12 -11 -15 -10 -13 -11 -11 -13 -11 -14 -8 -13 -13 -14 -8 -15 -14 -13 -9 -14 -14 -12 -11 -14 -14 -18 -11 -18 -12 -15 -8 -1 -1 0 0 0 0 0 0 0 0 ]
CSI_DATA,AP,68:FE:71:12:53:8C,-41,11,1,6,1,1,1,0,0,0,0,-95,0,6,1,40232271,0,84,0,0,40.232,384,[84 -64 4 0 0 0 0 0 0 0 0 0 13 19 12 14 13 17 10 20 6 15 7 14 4 18 4 18 4 17 8 20 3 21 6 16 7 19 2 19 1 15 4 19 5 20 2 17 2 20 2 15 2 18 2 14 4 19 4 14 3 19 2 16 0 3 6 19 6 18 5 14 5 18 4 17 8 12 5 16 4 12 10 11 9 14 6 13 5 10 5 10 10 15 7 12 10 12 10 12 12 15 7 13 9 8 10 13 12 11 7 14 9 11 8 14 13 12 2 -2 0 0 0 0 0 0 0 0 ]
CSI_DATA,AP,68:FE:71:12:53:8C,-41,11,1,6,1,1,1,1,0,0,0,-95,5,6,1,40319182,0,84,0,0,40.319,384,[84 -64 4 0 0 0 0 0 0 0 0 0 -22 -7 -18 -6 -22 -3 -21 -6 -19 -8 -21 -11 -21 -6 -21 -10 -15 -9 -19 -9 -17 -9 -17 -14 -17 -11 -13 -14 -19 -13 -17 -11 -17 -13 -11 -7 -14 -14 -19 -12 -13 -8 -16 -11 -15 -9 -11 -13 -13 -12 -16 -12 0 1 -17 -9 -16 -10 -17 -9 -17 -8 -18 -10 -13 -11 -14 -11 -19 -5 -12 -4 -11 -3 -13 -4 -15 -9 -18 -4 -19 -4 -15 -8 -18 -3 -13 -9 -18 -1 -14 -7 -17 -2 -15 -3 -13 -5 -14 -1 -18 -3 -16 -8 -14 -6 2 3 0 0 0 0 0 0 0 0 ]
CSI_DATA,AP,68:FE:71:12:53:8C,-35,11,1,6,1,1,1,0,0,0,0,-95,0,6,1,40398076,0,84,0,0,40.398,384,[84 -64 4 0 0 0 0 0 0 0 0 0 23 6 20 5 18 7 18 8 17 5 20 5 20 9 14 8 14 6 18 6 16 6 21 6 14 8 18 11 13 7 19 12 14 7 11 12 17 8 12 13 11 7 15 12 16 10 17 8 14 9 11 12 3 0 14 11 16 10 13 12 13 9 13 8 13 7 15 11 17 6 15 8 13 2 19 8 12 3 17 6 12 2 15 6 19 4 14 4 13 6 13 2 14 5 15 3 17 4 14 2 19 1 13 6 14 1 -3 0 0 0 0 0 0 0 0 0 ]
CSI_DATA,AP,68:FE:71:12:53:8C,-42,11,1,6,1,1,1,0,0,0,0,-93,0,6,1,40461319,0,84,0,0,40.461,384,[84 -64 4 0 0 0 0 0 0 0 0 0 16 -14 15 -6 21 -9 17 -8 19 -10 20 -5 20 -6 18 -5 18 -6 22 -3 17 -6 18 -6 17 -4 21 -6 17 -7 19 -6 18 -3 15 -4 16 -3 17 0 16 -2 20 -2 20 -2 16 -3 15 -2 15 -5 0 0 15 -5 18 -4 14 -7 18 -7 12 -8 15 -5 14 -8 14 -6 11 -7 11 -11 16 -7 10 -7 15 -7 13 -9 11 -8 17 -10 14 -13 13 -10 11 -8 15 -13 11 -8 9 -12 14 -10 11 -10 9 -11 11 -14 -2 3 0 0 0 0 0 0 0 0 ]
CSI_DATA,AP,68:FE:71:12:53:8C,-41,11,1,4,1,1,1,0,0,0,0,-94,0,6,1,40524669,0,82,0,0,40.525,384,[84 -64 4 0 0 0 0 0 0 0 0 0 -17 -14 -15 -16 -12 -18 -12 -18 -17 -17 -14 -16 -11 -20 -12 -16 -11 -15 -8 -19 -14 -21 -14 -18 -10 -17 -7 -19 -11 -15 -11 -16 -6 -17 -6 -18 -11 -16 -6 -15 -10 -16 -11 -20 -8 -18 -8 -17 -10 -19 -5 -18 -3 -3 -7 -18 -12 -14 -11 -19 -12 -13 -9 -13 -9 -16 -11 -12 -10 -14 -10 -10 -11 -15 -13 -11 -10 -13 -14 -11 -11 -10 -13 -13 -16 -15 -14 -10 -11 -15 -16 -15 -10 -9 -10 -12 -10 -15 -10 -12 -11 -10 -13 -12 -12 -11 3 0 0 0 0 0 0 0 0 0 ]
CSI_DATA,AP,68:FE:71:12:53:8C,-36,11,1,6,1,1,1,1,0,0,0,-95,5,6,1,40639137,0,84,0,0,40.639,384,[84 -64 4 0 0 0 0 0 0 0 0 0 -14 15 -12 14 -16 19 -15 15 -14 16 -12 17 -17 11 -14 15 -14 10 -14 13 -18 11 -15 12 -15 15 -16 15 -17 8 -14 11 -15 9 -13 12 -18 11 -17 9 -17 10 -16 7 -16 9 -13 11 -13 12 -14 10 0 0 -13 7 -16 8 -11 11 -15 8 -14 12 -14 8 -14 13 -13 11 -9 14 -14 8 -13 14 -8 9 -13 14 -8 10 -10 12 -9 15 -10 15 -7 16 -10 16 -12 15 -9 10 -13 12 -9 11 -10 12 -11 16 -10 13 -1 -2 0 0 0 0 0 0 0 0 ]
CSI_DATA,AP,68:FE:71:12:53:8C,-43,11,1,6,1,1,1,0,0,0,0,-93,0,6,1,40746588,0,84,0,0,40.747,384,[84 -64 4 0 0 0 0 0 0 0 0 0 -24 7 -22 2 -22 1 -24 2 -20 -1 -20 -2 -20 1 -18 -3 -21 -1 -21 0 -19 -5 -21 -2 -22 -6 -22 -6 -23 -2 -20 -5 -19 -5 -21 -6 -21 -2 -21 -5 -19 -1 -22 -4 -21 -1 -22 -2 -18 -7 -20 -2 1 -3 -19 0 -20 -2 -19 -1 -17 -1 -16 -1 -18 0 -20 -1 -20 1 -16 -1 -18 -3 -18 -1 -13 -1 -15 -1 -15 2 -17 2 -20 1 -20 5 -19 0 -16 2 -18 1 -15 -1 -19 3 -18 3 -16 4 -15 6 -19 1 3 1 0 0 0 0 0 0 0 0 ]
CSI_DATA,AP,68:FE:71:12:53:8C,-49,11,1,2,1,1,1,0,0,0,0,-95,0,6,1,40833182,0,84,0,0,40.833,384,[84 -64 4 0 0 0 0 0 0 0 0 0 2 -17 3 -19 0 -19 3 -18 2 -19 8 -21 7 -16 4 -17 6 -18 5 -15 9 -16 8 -16 10 -19 9 -20 8 -19 5 -16 8 -20 9 -19 6 -19 5 -13 11 -13 9 -17 5 -18 7 -19 8 -18 4 -19 3 0 6 -13 6 -20 4 -15 6 -17 3 -18 2 -13 5 -15 4 -14 1 -19 5 -15 3 -20 4 -16 -1 -16 4 -18 3 -18 2 -16 5 -18 0 -19 4 -18 1 -17 2 -19 -2 -16 0 -19 1 -20 -3 -15 -5 -14 3 2 0 0 0 0 0 0 0 0 ]
CSI_DATA,AP,68:FE:71:12:53:8C,-37,11,1,5,1,1,1,0,0,0,0,-95,0,6,1,40948432,0,84,0,0,40.948,384,[84 -64 4 0 0 0 0 0 0 0 0 0 16 -10 20 -7 15 -10 19 -12 18 -11 19 -9 18 -9 16 -7 19 -3 21 -5 23 -3 22 -8 22 -4 17 -7 18 -5 17 -6 17 -1 18 -1 14 -1 19 -4 16 -4 17 -6 19 -3 18 0 19 -6 19 -3 0 -2 15 -6 15 -2 16 -2 17 -5 12 -3 12 -2 13 -2 13 -9 17 -5 17 -9 17 -10 17 -4 15 -8 12 -4 15 -4 11 -11 18 -11 13 -9 14 -5 10 -12 16 -9 13 -10 11 -9 14 -8 13 -6 11 -8 2 -1 0 0 0 0 0 0 0 0 ]
CSI_DATA,AP,68:FE:71:12:53:8C,-45,11,1,3,1,1,1,0,0,0,0,-96,0,6,1,41042710,0,84,0,0,41.043,384,[84 -64 4 0 0 0 0 0 0 0 0 0 -18 7 -20 8 -19 6 -21 11 -19 7 -19 7 -23 4 -20 3 -22 0 -21 2 -24 4 -23 4 -19 0 -22 1 -19 0 -21 1 -22 5 -16 2 -18 0 -20 3 -22 2 -22 3 -18 -2 -19 2 -18 0 -16 0 2 -3 -17 2 -19 5 -18 5 -17 3 -14 4 -15 4 -20 2 -18 3 -17 1 -12 7 -19 4 -15 8 -13 9 -16 6 -14 7 -18 6 -14 7 -14 8 -18 4 -18 8 -17 8 -18 6 -15 5 -17 12 -12 5 -13 8 1 1 0 0 0 0 0 0 0 0 ]
CSI_DATA,AP,68:FE:71:12:53:8C,-36,11,1,6,1,1,1,0,0,0,0,-96,0,6,1,41150378,0,84,0,0,41.15,384,[84 -64 4 0 0 0 0 0 0 0 0 0 11 18 13 13 13 16 14 18 13 20 9 21 10 20 11 15 10 19 9 16 7 18 6 18 8 19 6 22 8 20 3 17 4 17 4 19 2 16 8 19 5 17 8 15 1 17 3 16 3 20 3 15 -1 -2 3 14 2 14 4 14 5 17 4 17 6 15 9 19 4 18 7 15 7 14 5 12 4 13 11 16 10 16 9 12 6 12 10 15 9 16 11 12 11 15 9 14 12 14 10 10 11 15 7 14 10 13 -1 -2 0 0 0 0 0 0 0 0 ]
CSI_DATA,AP,68:FE:71:12:53:8C,-36,11,1,6,1,1,1,0,0,0,0,-94,0,6,1,41249309,0,84,0,0,41.249,384,[84 -64 4 0 0 0 0 0 0 0 0 0 -12 -17 -11 -18 -13 -17 -9 -19 -10 -20 -4 -17 -10 -22 -9 -21 -6 -21 -7 -18 -6 -19 -6 -24 -3 -18 -2 -24 -4 -16 -7 -20 -7 -15 -1 -18 -3 -17 -2 -19 -4 -20 -1 -19 0 -17 -4 -16 -1 -20 -3 -16 -1 0 -2 -19 -3 -16 -8 -15 -8 -16 -1 -14 -6 -14 -7 -17 -9 -19 -10 -15 -5 -18 -10 -15 -4 -14 -7 -13 -8 -12 -11 -13 -12 -17 -9 -14 -9 -16 -8 -18 -10 -16 -12 -16 -6 -12 -7 -16 -11 -13 -7 -15 -13 -16 -2 0 0 0 0 0 0 0 0 0 ]
CSI_DATA,AP,68:FE:71:12:53:8C,-44,11,1,4,1,1,1,0,0,0,0,-95,0,6,1,41339901,0,84,0,0,41.34,384,[84 -64 4 0 0 0 0 0 0 0 0 0 -17 -14 -13 -9 -13 -13 -17 -12 -12 -18 -15 -14 -11 -12 -12 -16 -9 -18 -8 -18 -13 -19 -12 -19 -15 -17 -13 -14 -12 -12 -14 -19 -11 -12 -12 -16 -9 -13 -12 -19 -9 -14 -11 -16 -6 -14 -7 -17 -11 -15 -8 -14 1 3 -8 -13 -10 -14 -8 -12 -11 -9 -8 -9 -8 -11 -9 -11 -14 -15 -14 -9 -11 -9 -11 -11 -12 -7 -11 -9 -13 -8 -13 -8 -17 -13 -15 -12 -13 -7 -16 -10 -11 -12 -13 -13 -11 -6 -17 -5 -12 -8 -17 -10 -17 -9 0 -1 0 0 0 0 0 0 0 0 ]
CSI_DATA,AP,68:FE:71:12:53:8C,-40,11,1,6,1,1,1,0,0,0,1,-96,0,6,1,41426167,0,84,0,0,41.426,384,[84 -64 4 0 0 0 0 0 0 0 0 0 11 -11 15 -15 13 -16 13 -16 18 -10 14 -12 13 -10 14 -11 14 -13 15 -8 18 -11 18 -5 19 -10 19 -7 12 -5 19 -11 18 -7 14 -4 14 -9 17 -4 14 -4 17 -9 16 -8 14 -6 17 -9 17 -5 -2 -2 16 -7 16 -6 16 -6 14 -9 14 -5 14 -5 13 -7 9 -11 12 -7 10 -6 13 -9 14 -7 11 -9 12 -7 10 -11 12 -10 14 -13 9 -12 14 -14 8 -8 9 -11 11 -8 10 -8 11 -15 9 -10 7 -8 2 1 0 0 0 0 0 0 0 0 ]
CSI_DATA,AP,68:FE:71:12:53:8C,-43,11,1,6,1,1,1,0,0,0,0,-96,0,6,1,41498953,0,82,0,0,41.499,384,[84 -64 4 0 0 0 0 0 0 0 0 0 -11 -16 -12 -15 -16 -13 -13 -14 -10 -16 -13 -14 -12 -19 -12 -18 -10 -19 -10 -18 -8 -20 -6 -16 -8 -20 -5 -15 -7 -13 -7 -16 -7 -18 -9 -11 -5 -16 -7 -15 -9 -17 -6 -19 -9 -14 -5 -17 -8 -16 -9 -14 -3 -2 -10 -16 -5 -13 -9 -14 -9 -12 -10 -16 -7 -15 -10 -16 -5 -11 -5 -10 -7 -8 -7 -14 -12 -12 -8 -10 -8 -10 -8 -10 -10 -8 -8 -13 -10 -11 -8 -12 -11 -9 -13 -11 -11 -14 -11 -8 -11 -10 -11 -7 -12 -10 -3 -3 0 0 0 0 0 0 0 0 ]
CSI_DATA,AP,68:FE:71:12:53:8C,-39,11,1,5,1,1,1,1,0,0,0,-95,6,6,1,41586646,0,84,0,0,41.587,384,[84 -64 4 0 0 0 0 0 0 0 0 0 10 -17 13 -14 12 -14 13 -16 14 -17 16 -17 15 -10 18 -13 15 -15 15 -12 15 -10 19 -15 14 -14 20 -9 15 -13 17 -9 19 -8 15 -6 18 -13 13 -10 16 -6 14 -9 14 -8 15 -11 18 -7 12 -8 -3 -2 14 -6 17 -10 18 -9 9 -12 13 -7 17 -8 15 -9 9 -11 13 -10 8 -10 9 -12 10 -14 8 -14 8 -11 12 -14 12 -13 12 -13 8 -13 8 -11 10 -13 13 -11 10 -12 10 -14 12 -13 6 -16 8 -11 -1 2 0 0 0 0 0 0 0 0 ]
CSI_DATA,AP,68:FE:71:12:53:8C,-43,11,1,4,1,1,1,0,0,0,0,-95,0,6,1,41694357,0,84,0,0,41.694,384,[84 -64 4 0 0 0 0 0 0 0 0 0 5 -2 11 0 8 3 9 -1 10 0 11 5 9 5 10 1 11 4 10 1 6 4 7 5 6 2 5 6 8 7 5 3 6 0 6 1 7 2 2 6 8 3 8 6 4 6 4 4 10 0 6 6 -1 -3 6 2 5 5 7 4 7 4 9 -1 6 5 4 5 9 1 5 3 7 -1 9 -2 3 1 4 1 6 1 5 0 5 -3 7 -1 8 1 7 -1 8 -2 5 -2 4 1 8 1 9 0 6 0 4 -4 0 -2 0 0 0 0 0 0 0 0 ]
CSI_DATA,AP,68:FE:71:12:53:8C,-38,11,1,7,1,1,1,0,0,0,0,-95,0,6,1,41790723,0,84,0,0,41.791,384,[84 -64 4 0 0 0 0 0 0 0 0 0 -1 -13 1 -13 -2 -14 -1 -10 -1 -14 3 -8 6 -10 2 -11 7 -11 1 -9 7 -13 7 -12 4 -12 4 -13 7 -11 5 -8 4 -8 5 -11 2 -8 3 -7 2 -11 7 -6 7 -9 2 -6 1 -10 0 -10 0 1 5 -10 1 -9 4 -7 2 -11 5 -7 1 -9 6 -6 5 -5 4 -10 -2 -10 -2 -12 3 -6 4 -12 0 -11 3 -7 1 -11 3 -12 -2 -6 -1 -10 -2 -10 -1 -7 -1 -10 -2 -8 -1 -9 1 -8 1 -11 -1 1 0 0 0 0 0 0 0 0 ]
CSI_DATA,AP,68:FE:71:12:53:8C,-39,11,1,4,1,1,1,0,0,0,1,-93,0,6,1,41903799,0,84,0,0,41.904,384,[84 -64 4 0 0 0 0 0 0 0 0 0 16 -3 16 -4 15 -5 18 -5 17 -1 14 1 21 -2 14 -1 19 3 17 1 20 3 16 -1 17 -1 18 -1 15 2 19 3 16 3 15 5 15 3 14 0 17 0 11 2 16 3 13 3 14 1 14 4 2 0 11 2 16 3 13 0 14 1 11 3 16 4 17 0 13 0 12 2 11 1 17 -4 11 -1 16 -4 14 -4 14 -4 12 -4 15 -3 12 0 16 -4 15 -1 16 -3 16 -5 15 -3 11 -7 14 -6 13 -2 -3 2 0 0 0 0 0 0 0 0 ]
CSI_DATA,AP,68:FE:71:12:53:8C,-37,11,1,6,1,1,1,0,0,0,0,-96,0,6,1,41980152,0,84,0,0,41.98,384,[84 -64 4 0 0 0 0 0 0 0 0 0 36 3 34 8 31 4 34 10 33 9 31 8 32 8 29 14 28 9 31 9 32 10 33 11 26 11 31 14 24 11 31 15 28 11 27 13 27 14 23 14 26 17 23 12 24 13 27 13 30 9 28 10 0 2 27 13 27 11 25 9 27 10 23 12 24 8 29 8 23 8 25 6 23 7 25 7 25 3 26 7 26 6 24 5 24 4 31 0 29 4 24 2 23 3 29 4 24 1 27 2 27 -2 30 3 27 -4 -3 2 0 0 0 0 0 0 0 0 ]
CSI_DATA,AP,68:FE:71:12:53:8C,-40,11,1,4,1,1,1,0,0,0,0,-93,0,6,1,42070739,0,84,0,0,42.071,384,[84 -64 4 0 0 0 0 0 0 0 0 0 32 -2 27 -5 29 -2 31 -2 32 1 32 2 28 -3 32 -1 31 2 31 5 28 3 31 3 33 7 26 4 27 2 28 8 31 5 29 7 26 4 26 4 28 4 28 7 25 5 26 7 30 5 26 1 -3 2 30 1 26 0 30 0 29 -2 24 0 25 4 26 2 28 2 23 0 24 -5 27 -2 29 -1 24 -2 25 -5 30 -2 29 -2 27 -3 29 -4 31 -2 27 -5 29 -4 27 -4 29 -4 28 -6 28 -4 27 -7 3 -3 0 0 0 0 0 0 0 0 ]
CSI_DATA,AP,68:FE:71:12:53:8C,-37,11,1,6,1,1,1,0,0,0,0,-96,0,6,1,42153440,0,84,0,0,42.153,384,[84 -64 4 0 0 0 0 0 0 0 0 0 -8 16 -12 18 -13 16 -14 19 -15 16 -11 18 -13 17 -16 16 -13 16 -10 13 -15 19 -16 17 -13 12 -16 12 -14 15 -14 16 -15 11 -11 10 -17 13 -12 9 -13 9 -16 10 -13 10 -11 10 -15 11 -14 11 -3 2 -9 9 -10 11 -13 15 -14 11 -12 16 -11 11 -11 11 -7 9 -10 15 -12 14 -8 12 -6 13 -10 16 -8 13 -11 14 -10 16 -10 17 -10 17 -11 17 -5 17 -9 17 -7 11 -7 17 -3 14 -7 16 -2 14 -1 1 0 0 0 0 0 0 0 0 ]
CSI_DATA,AP,68:FE:71:12:53:8C,-37,11,1,7,1,1,1,0,0,0,0,-94,0,6,1,42246614,0,84,0,0,42.247,384,[84 -64 4 0 0 0 0 0 0 0 0 0 15 7 16 9 21 13 17 8 15 13 15 12 15 16 13 11 16 12 13 13 16 15 12 15 14 12 14 11 10 11 17 12 14 13 15 10 11 11 10 10 14 16 14 11 10 11 15 14 12 15 15 15 0 -2 10 8 15 12 10 9 12 11 13 13 11 10 9 8 9 7 14 10 16 10 12 8 15 6 16 10 14 9 12 8 14 5 17 9 11 8 15 3 17 5 16 7 15 2 12 3 17 2 14 5 16 6 -1 -3 0 0 0 0 0 0 0 0 ]
CSI_DATA,AP,68:FE:71:12:53:8C,-42,11,1,5,1,1,1,0,0,0,0,-96,0,6,1,42324948,0,84,0,0,42.325,384,[84 -64 4 0 0 0 0 0 0 0 0 0 -19 4 -21 3 -25 7 -23 4 -21 0 -19 4 -17 2 -20 1 -15 0 -17 2 -18 0 -17 1 -20 0 -20 2 -13 0 -17 1 -14 -1 -13 -4 -16 1 -13 -1 -12 -3 -16 1 -16 0 -12 -3 -14 3 -11 3 3 -3 -14 3 -14 4 -12 2 -10 0 -15 -1 -12 4 -10 0 -13 1 -14 2 -11 3 -9 7 -8 1 -10 8 -8 7 -11 4 -7 4 -12 5 -13 9 -9 8 -8 8 -12 8 -10 6 -9 9 -12 10 -11 8 -13 9 -2 -1 0 0 0 0 0 0 0 0 ]
CSI_DATA,AP,68:FE:71:12:53:8C,-37,11,1,6,1,1,1,0,0,0,0,-95,0,6,1,42416925,0,84,0,0,42.417,384,[84 -64 4 0 0 0 0 0 0 0 0 0 -3 -25 -2 -30 -1 -24 1 -31 1 -26 -2 -24 3 -26 2 -23 5 -21 4 -25 -1 -25 1 -23 1 -18 0 -22 0 -19 2 -19 0 -18 -2 -18 0 -18 -1 -15 -1 -14 0 -18 3 -15 -1 -14 -1 -19 -3 -11 -1 1 -2 -15 -4 -12 -2 -15 -2 -12 -5 -15 -7 -14 -6 -16 -3 -12 -9 -12 -4 -9 -10 -8 -10 -14 -10 -9 -6 -13 -7 -13 -13 -12 -11 -13 -11 -12 -7 -9 -8 -11 -7 -11 -12 -8 -12 -12 -10 -8 -11 -6 -15 -11 -3 2 0 0 0 0 0 0 0 0 ]
CSI_DATA,AP,68:FE:71:12:53:8C,-39,11,1,5,1,1,1,1,0,0,0,-95,2,6,1,42514956,0,84,0,0,42.515,384,[84 -64 4 0 0 0 0 0 0 0 0 0 20 31 20 35 15 29 16 35 10 31 13 35 10 33 8 26 11 28 8 31 5 29 5 30 6 27 4 28 4 28 6 26 8 23 5 20 3 20 4 23 3 20 2 18 6 19 4 18 5 17 4 19 -1 2 6 14 9 15 11 14 7 10 9 12 7 9 10 14 12 8 7 12 7 8 11 8 14 7 11 7 11 10 9 6 11 4 14 3 17 5 12 8 10 5 13 4 13 7 15 0 14 0 12 1 12 -1 -1 -1 0 0 0 0 0 0 0 0 ]
CSI_DATA,AP,68:FE:71:12:53:8C,-39,11,1,6,1,1,1,0,0,0,0,-95,0,6,1,42617474,0,84,0,0,42.617,384,[84 -64 4 0 0 0 0 0 0 0 0 0 31 -2 32 -7 34 -2 35 -5 29 -2 29 1 26 -2 26 2 28 4 24 0 29 0 28 4 24 0 27 2 24 3 22 1 19 0 18 1 21 -1 21 3 19 3 20 4 14 2 19 -1 18 -4 19 -2 -2 3 14 1 14 -5 12 -1 13 -4 11 -5 14 -4 9 -7 9 -5 9 -4 11 -6 9 -5 8 -5 9 -6 8 -11 6 -6 6 -9 10 -12 8 -9 5 -13 4 -7 7 -8 7 -12 4 -11 7 -12 6 -11 1 -11 -1 3 0 0 0 0 0 0 0 0 ]
CSI_DATA,AP,68:FE:71:12:53:8C,-40,11,1,6,1,1,1,1,0,0,0,-95,5,6,1,42718275,0,84,0,0,42.718,384,[84 -64 4 0 0 0 0 0 0 0 0 0 7 18 4 14 1 21 0 16 3 15 -1 15 0 19 -2 13 2 13 2 13 4 20 0 15 1 19 3 14 2 11 -2 14 1 15 1 13 -2 12 3 17 -1 12 1 14 4 17 3 17 4 16 3 16 -3 -1 -1 11 2 16 5 12 3 15 1 13 3 17 1 16 5 15 3 12 5 18 2 18 5 17 5 13 3 13 0 16 1 15 7 17 1 13 1 12 4 13 1 14 5 12 7 16 6 14 7 17 6 16 1 -1 0 0 0 0 0 0 0 0 ]
CSI_DATA,AP,68:FE:71:12:53:8C,-42,11,0,0,0,0,0,1,0,0,0,-95,3,6,1,42779901,0,37,0,0,42.78,128,[84 -64 4 0 0 0 0 0 0 0 0 0 0 19 5 22 2 25 1 26 2 20 2 22 2 25 1 20 -2 19 0 19 -2 25 0 27 -3 22 -3 22 -4 20 -3 22 -6 20 0 22 -3 19 -1 21 -5 19 -5 24 -4 20 -2 21 -1 20 0 25 -2 2 -4 23 -4 23 0 20 2 26 0 23 -2 22 1 24 2 24 1 20 -3 24 0 24 -2 22 -1 23 -1 25 2 25 2 23 6 27 2 20 5 25 3 19 3 22 5 24 2 25 5 21 3 25 6 24 2 -2 0 0 0 0 0 0 0 0 ]
CSI_DATA,AP,68:FE:71:12:53:8C,-41,11,1,4,1,1,1,0,0,0,0,-93,0,6,1,42873315,0,84,0,0,42.873,384,[84 -64 4 0 0 0 0 0 0 0 0 0 6 -22 7 -20 8 -18 12 -20 12 -17 12 -17 14 -13 11 -13 11 -13 12 -13 16 -16 16 -15 15 -12 11 -15 12 -10 17 -15 17 -14 16 -13 16 -15 11 -9 16 -11 15 -14 8 -12 16 -9 12 -11 16 -11 3 -3 14 -11 9 -9 13 -14 11 -12 9 -14 7 -12 12 -14 9 -15 8 -9 8 -13 8 -16 7 -13 6 -14 6 -16 9 -10 7 -12 6 -14 4 -16 4 -17 3 -16 9 -16 9 -15 3 -18 2 -14 8 -12 4 -15 1 -2 0 0 0 0 0 0 0 0 ]
CSI_DATA,AP,68:FE:71:12:53:8C,-40,11,1,4,1,1,1,0,0,0,0,-94,0,6,1,42939485,0,84,0,0,42.939,384,[84 -64 4 0 0 0 0 0 0 0 0 0 -6 19 -6 19 -5 15 -4 19 -9 18 -10 13 -5 17 -10 15 -11 16 -7 12 -11 18 -9 17 -8 14 -9 15 -12 15 -11 15 -9 13 -8 14 -6 14 -9 10 -11 10 -11 16 -7 11 -7 14 -8 15 -11 15 2 2 -5 14 -9 16 -6 10 -11 10 -9 12 -9 12 -9 12 -4 15 -10 10 -6 14 -8 11 -7 10 -7 10 -3 13 -7 12 -6 9 -4 12 -7 10 -4 11 -4 14 -1 12 0 14 0 10 -1 13 -2 9 -4 9 3 -1 0 0 0 0 0 0 0 0 ]
CSI_DATA,AP,68:FE:71:12:53:8C,-37,11,1,6,1,1,1,1,0,0,0,-94,4,6,1,43027695,0,84,0,0,43.028,384,[84 -64 4 0 0 0 0 0 0 0 0 0 4 19 2 16 3 19 -1 18 3 21 -3 18 -1 19 -1 22 0 22 1 23 -5 21 -5 24 -5 24 -5 20 -6 18 -4 24 -6 23 -5 17 -6 23 -5 20 -8 20 -3 22 -3 19 -2 20 -4 18 -4 20 -1 3 -1 20 -6 18 -2 19 -2 18 -4 19 -4 19 -3 23 -3 17 -5 22 -5 22 -3 22 -2 20 1 22 3 20 3 17 4 19 2 20 5 17 0 17 5 17 3 23 3 18 7 22 5 19 1 20 6 22 -2 2 0 0 0 0 0 0 0 0 ]
CSI_DATA,AP,68:FE:71:12:53:8C,-37,11,1,6,1,1,1,0,0,0,0,-93,0,6,1,43099492,0,84,0,0,43.099,384,[84 -64 4 0 0 0 0 0 0 0 0 0 18 10 14 7 19 9 17 9 19 8 13 14 14 14 15 12 18 15 16 13 14 14 18 16 15 17 13 14 14 13 17 16 12 16 13 13 14 16 12 19 12 17 15 15 9 13 12 17 13 17 14 16 0 3 10 19 15 14 12 19 17 13 11 13 13 14 10 16 10 14 11 12 14 14 14 13 16 12 14 14 13 9 15 10 13 12 18 11 14 10 16 10 17 13 15 11 12 12 17 9 15 10 19 13 13 8 2 -2 0 0 0 0 0 0 0 0 ]
CSI_DATA,AP,68:FE:71:12:53:8C,-38,11,1,6,1,1,1,0,0,0,0,-95,0,6,1,43196809,0,84,0,0,43.197,384,[84 -64 4 0 0 0 0 0 0 0 0 0 -22 2 -18 3 -19 4 -23 7 -24 1 -23 1 -21 0 -17 -1 -18 0 -19 1 -20 -1 -20 -3 -24 -4 -19 1 -18 -3 -18 1 -17 -1 -19 0 -20 -2 -20 1 -19 -1 -20 -4 -15 -1 -20 -1 -20 -3 -21 -5 3 0 -14 -2 -19 -1 -16 -1 -20 1 -17 -3 -15 1 -17 0 -17 5 -13 5 -17 4 -20 2 -18 1 -16 4 -12 4 -19 1 -15 5 -17 2 -13 1 -18 6 -11 3 -16 7 -16 4 -18 4 -15 5 -15 2 -16 8 3 -2 0 0 0 0 0 0 0 0 ]
CSI_DATA,AP,68:FE:71:12:53:8C,-40,11,1,4,1,1,1,0,0,0,0,-94,0,6,1,43294465,0,84,0,0,43.294,384,[82 -96 4 0 0 0 0 0 0 0 0 0 -18 7 -21 8 -16 8 -16 6 -16 5 -16 2 -21 2 -17 4 -19 4 -17 0 -20 3 -19 1 -23 3 -22 4 -16 5 -20 4 -20 -1 -20 2 -17 2 -17 -1 -21 4 -18 0 -18 -2 -19 1 -19 0 -15 5 -2 -3 -15 4 -16 3 -16 6 -17 1 -14 5 -13 1 -14 1 -18 3 -17 2 -14 6 -17 2 -17 1 -13 4 -18 2 -16 5 -14 3 -17 3 -14 9 -17 8 -13 8 -13 8 -15 9 -12 9 -11 10 -13 8 -15 11 3 2 0 0 0 0 0 0 0 0 ]
CSI_DATA,AP,68:FE:71:12:53:8C,-40,11,0,0,0,0,0,0,0,0,0,-94,0,6,1,43377798,0,37,0,0,43.378,128,[84 -64 4 0 0 0 0 0 0 0 0 0 -2 21 -1 20 -1 17 -4 19 -5 20 -6 16 -6 14 -9 17 -8 17 -5 19 -7 17 -9 17 -6 17 -4 15 -9 19 -7 13 -6 14 -7 14 -4 16 -9 15 -6 13 -8 13 -5 13 -6 12 -9 16 -8 11 3 -1 -8 15 -6 13 -8 15 -3 16 -5 12 -3 16 -4 14 -1 14 -6 17 -1 14 -2 13 -3 13 -2 13 -3 13 -6 11 1 12 -4 12 -5 14 -1 13 -4 14 -4 15 -2 15 3 14 1 17 -1 13 -2 15 3 1 0 0 0 0 0 0 0 0 ]
CSI_DATA,AP,68:FE:71:12:53:8C,-38,11,1,6,1,1,1,0,0,0,0,-93,0,6,1,43463735,0,84,0,0,43.464,384,[84 -64 4 0 0 0 0 0 0 0 0 0 -15 -20 -12 -18 -15 -16 -12 -22 -10 -22 -10 -19 -9 -17 -6 -21 -10 -22 -7 -18 -5 -16 -7 -22 -8 -16 -7 -21 -6 -18 -7 -22 -5 -17 -4 -18 -8 -15 -9 -18 -4 -18 -9 -20 -4 -16 -3 -17 -9 -19 -7 -14 2 -2 -7 -17 -7 -18 -7 -14 -7 -13 -4 -16 -3 -17 -8 -16 -7 -14 -9 -14 -5 -13 -8 -16 -12 -11 -7 -15 -12 -14 -7 -17 -11 -16 -8 -13 -7 -10 -13 -13 -11 -10 -11 -12 -13 -15 -13 -15 -11 -10 -12 -8 -11 -12 3 -3 0 0 0 0 0 0 0 0 ]
CSI_DATA,AP,68:FE:71:12:53:8C,-39,11,1,4,1,1,1,0,0,0,0,-94,0,6,1,43563184,0,84,0,0,43.563,384,[84 -64 4 0 0 0 0 0 0 0 0 0 15 6 17 8 20 5 16 8 13 10 16 9 13 12 13 10 13 10 11 10 14 12 13 12 16 9 13 12 16 13 10 11 12 11 11 13 16 12 9 10 12 12 15 9 14 8 14 7 15 10 10 7 -3 2 15 7 13 10 9 9 14 10 15 10 16 5 13 7 13 6 11 9 14 3 16 8 11 3 12 8 13 6 17 6 15 8 11 7 17 4 13 7 16 2 14 6 11 4 15 5 13 1 14 6 15 1 -3 1 0 0 0 0 0 0 0 0 ]
CSI_DATA,AP,68:FE:71:12:53:8C,-40,11,1,5,1,1,1,1,0,0,0,-93,2,6,1,43649329,0,82,0,0,43.649,384,[84 -64 4 0 0 0 0 0 0 0 0 0 -20 4 -23 8 -26 5 -25 4 -19 7 -23 3 -22 6 -23 6 -19 3 -21 5 -25 -2 -24 4 -19 1 -22 -2 -20 0 -19 4 -23 2 -19 2 -21 -1 -20 0 -16 -2 -22 -2 -16 2 -16 3 -20 1 -18 -1 -2 -1 -15 1 -16 -1 -16 4 -18 3 -19 -1 -14 1 -15 0 -15 0 -20 6 -20 1 -18 6 -17 2 -19 2 -18 2 -17 4 -15 5 -18 6 -13 6 -16 6 -16 6 -20 7 -18 7 -14 4 -15 9 -12 7 -16 5 1 -1 0 0 0 0 0 0 0 0 ]
CSI_DATA,AP,68:FE:71:12:53:8C,-36,11,1,7,1,1,1,0,0,0,0,-96,0,6,1,43732939,0,84,0,0,43.733,384,[84 -64 4 0 0 0 0 0 0 0 0 0 22 -21 22 -22 24 -26 22 -27 22 -21 23 -21 22 -22 22 -19 24 -22 19 -20 22 -19 25 -19 22 -19 23 -17 19 -15 23 -16 20 -17 21 -17 23 -19 22 -17 16 -14 22 -19 15 -16 17 -15 17 -18 18 -14 3 -2 19 -19 19 -19 21 -18 18 -22 18 -14 15 -18 18 -20 14 -19 15 -18 15 -17 15 -22 15 -17 10 -21 14 -18 14 -20 15 -19 14 -18 9 -23 8 -18 13 -20 8 -20 11 -21 13 -21 8 -22 7 -25 8 -20 1 -1 0 0 0 0 0 0 0 0 ]
CSI_DATA,AP,68:FE:71:12:53:8C,-42,11,1,6,1,1,1,0,0,0,0,-95,0,6,1,43838286,0,84,0,0,43.838,384,[84 -64 4 0 0 0 0 0 0 0 0 0 30 22 33 22 33 24 35 23 29 20 28 22 30 23 29 28 27 26 29 28 24 28 29 29 26 24 24 24 25 30 26 29 20 28 23 24 23 23 21 24 24 25 19 28 24 25 23 28 21 23 21 26 2 -3 19 21 21 21 19 21 24 20 22 25 22 21 22 19 21 24 24 18 22 20 21 17 24 21 25 19 27 16 21 21 26 19 26 15 25 14 29 16 30 14 25 17 27 17 24 18 31 15 28 16 25 14 0 2 0 0 0 0 0 0 0 0 ]
CSI_DATA,AP,68:FE:71:12:53:8C,-43,11,1,6,1,1,1,0,0,0,0,-95,0,6,1,43902948,0,84,0,0,43.903,384,[84 -64 4 0 0 0 0 0 0 0 0 0 -8 14 -7 15 -11 15 -12 14 -9 14 -12 13 -13 12 -10 11 -10 13 -12 15 -14 15 -16 14 -13 12 -14 9 -10 10 -16 11 -16 8 -15 8 -10 12 -15 8 -11 11 -13 10 -11 7 -14 9 -10 8 -9 8 2 0 -11 12 -9 7 -9 12 -8 9 -12 11 -11 8 -13 13 -11 11 -8 10 -8 14 -10 11 -7 11 -8 8 -6 14 -5 9 -4 14 -11 15 -8 10 -10 8 -7 11 -9 13 -8 10 -8 11 -3 15 -3 12 -9 12 2 -1 0 0 0 0 0 0 0 0 ]
CSI_DATA,AP,68:FE:71:12:53:8C,-36,11,1,5,1,1,1,1,0,0,0,-93,4,6,1,43995761,0,84,0,0,43.996,384,[84 -64 4 0 0 0 0 0 0 0 0 0 3 19 5 16 5 20 6 21 1 18 5 22 0 22 2 22 3 18 0 21 -1 20 -2 19 3 19 2 19 -1 20 -3 21 2 16 1 15 1 18 -2 20 2 20 -2 16 -3 19 1 20 0 17 0 15 1 1 1 13 -1 14 2 15 0 17 -1 16 1 13 2 17 1 18 0 15 4 11 4 12 5 13 1 18 6 16 1 12 4 14 5 16 7 11 7 12 4 16 5 15 7 11 7 15 6 18 7 17 4 12 -2 -3 0 0 0 0 0 0 0 0 ]
CSI_DATA,AP,68:FE:71:12:53:8C,-37,11,1,5,1,1,1,0,0,0,0,-94,0,6,1,44096589,0,84,0,0,44.097,384,[84 -64 4 0 0 0 0 0 0 0 0 0 -4 -24 -2 -19 0 -21 -1 -25 -1 -23 -1 -18 4 -24 4 -18 4 -22 7 -20 7 -21 3 -19 3 -22 3 -21 4 -17 7 -18 6 -21 3 -18 2 -15 8 -18 3 -21 2 -15 6 -20 5 -19 2 -18 5 -14 2 2 5 -16 4 -15 5 -20 4 -18 0 -16 1 -16 0 -17 1 -17 2 -13 1 -13 0 -17 4 -19 1 -18 3 -16 -4 -19 -3 -18 2 -15 1 -14 -1 -15 1 -16 -3 -20 -4 -15 -1 -20 -3 -16 -1 -19 0 -18 -3 0 0 0 0 0 0 0 0 0 ]
CSI_DATA,AP,68:FE:71:12:53:8C,-43,11,1,6,1,1,1,0,0,0,0,-94,0,6,1,44215094,0,84,0,0,44.215,384,[84 -64 4 0 0 0 0 0 0 0 0 0 -16 -8 -12 -8 -13 -10 -15 -13 -12 -14 -11 -14 -14 -13 -11 -13 -15 -10 -13 -9 -14 -14 -11 -13 -10 -15 -9 -14 -10 -13 -12 -10 -14 -11 -7 -12 -12 -11 -11 -13 -12 -12 -12 -14 -8 -7 -11 -14 -13 -11 -7 -14 -3 0 -11 -10 -11 -8 -12 -7 -12 -12 -11 -10 -13 -11 -11 -9 -14 -12 -12 -8 -13 -11 -13 -7 -8 -8 -13 -7 -8 -7 -11 -5 -13 -6 -14 -5 -12 -5 -11 -6 -13 -5 -11 -9 -15 -8 -12 -4 -12 -7 -10 -4 -16 -2 1 -1 0 0 0 0 0 0 0 0 ]
CSI_DATA,AP,68:FE:71:12:53:8C,-44,11,1,4,1,1,1,1,0,0,0,-94,4,6,1,44309132,0,84,0,0,44.309,384,[84 -64 4 0 0 0 0 0 0 0 0 0 2 14 5 18 3 19 6 17 3 16 2 20 2 19 5 19 3 15 -1 20 3 17 3 15 -1 14 0 20 3 18 3 15 2 19 -1 17 -2 14 -1 19 4 16 0 17 1 12 1 18 4 15 -2 15 -2 3 4 13 0 15 1 14 4 12 5 16 3 12 6 15 0 12 0 16 7 14 5 16 2 14 2 16 4 13 3 13 6 12 5 14 7 11 8 12 3 10 9 12 5 11 5 9 9 13 8 12 6 14 -2 1 0 0 0 0 0 0 0 0 ]
CSI_DATA,AP,68:FE:71:12:53:8C,-39,11,1,4,1,1,1,0,0,0,0,-93,0,6,1,44405457,0,82,0,0,44.405,384,[84 -64 4 0 0 0 0 0 0 0 0 0 -11 -14 -14 -14 -14 -19 -15 -20 -14 -17 -8 -17 -11 -15 -8 -16 -11 -15 -5 -17 -5 -18 -10 -20 -9 -16 -9 -21 -6 -19 -8 -17 -6 -19 -7 -20 -4 -18 -4 -18 -6 -16 -5 -16 -6 -18 -9 -20 -7 -20 -4 -15 1 1 -8 -15 -5 -19 -9 -18 -7 -12 -6 -18 -10 -12 -11 -14 -11 -18 -8 -15 -7 -14 -12 -11 -8 -12 -11 -16 -12 -16 -12 -10 -10 -14 -13 -10 -9 -16 -8 -12 -11 -16 -10 -10 -13 -10 -11 -10 -13 -12 -14 -14 -10 -10 -1 3 0 0 0 0 0 0 0 0 ]
CSI_DATA,AP,68:FE:71:12:53:8C,-36,11,1,6,1,1,1,0,0,0,0,-96,0,6,1,44469376,0,84,0,0,44.469,384,[84 -64 4 0 0 0 0 0 0 0 0 0 -17 -9 -22 -6 -23 -7 -18 -6 -19 -6 -18 -6 -15 -9 -19 -7 -20 -13 -19 -9 -17 -7 -19 -10 -19 -9 -20 -9 -19 -10 -15 -9 -15 -8 -16 -8 -15 -10 -14 -9 -15 -13 -15 -11 -15 -9 -15 -11 -14 -11 -13 -13 2 -2 -16 -7 -13 -11 -13 -11 -17 -12 -16 -9 -12 -8 -14 -10 -14 -10 -12 -11 -18 -8 -15 -8 -16 -8 -18 -8 -16 -7 -12 -5 -13 -8 -15 -5 -14 -6 -17 -6 -13 -6 -16 -2 -12 -5 -13 -5 -14 -2 -14 -2 -14 -4 -1 0 0 0 0 0 0 0 0 0 ]
CSI_DATA,AP,68:FE:71:12:53:8C,-42,11,1,4,1,1,1,0,0,0,0,-94,0,6,1,44560964,0,84,0,0,44.561,384,[84 -64 4 0 0 0 0 0 0 0 0 0 7 -23 1 -19 2 -18 8 -21 4 -20 4 -19 6 -15 10 -16 11 -18 8 -18 7 -16 11 -16 10 -19 6 -20 6 -17 10 -13 7 -16 10 -12 9 -13 11 -16 10 -12 11 -17 7 -14 4 -12 9 -15 7 -14 2 0 10 -14 9 -13 6 -14 5 -14 3 -18 3 -18 5 -14 8 -18 7 -16 1 -18 7 -13 0 -13 5 -18 1 -15 1 -13 5 -13 6 -14 6 -17 2 -15 1 -15 1 -14 5 -17 -2 -16 2 -15 -2 -15 -2 -16 1 -2 0 0 0 0 0 0 0 0 ]
CSI_DATA,AP,68:FE:71:12:53:8C,-43,11,1,5,1,1,1,0,0,0,0,-95,0,6,1,44677017,0,84,0,0,44.677,384,[84 -64 4 0 0 0 0 0 0 0 0 0 -1 16 1 16 2 21 0 18 -2 20 -4 20 -6 18 -6 20 -7 19 -5 17 -7 22 -4 18 -6 22 -8 19 -8 15 -8 19 -3 16 -9 20 -9 16 -7 14 -9 15 -9 20 -3 16 -8 14 -8 15 -5 19 1 -2 -5 12 -2 19 -5 15 -5 16 -2 14 -7 18 0 12 -1 14 -3 12 -1 15 -2 13 -4 15 0 13 -3 16 1 13 -4 17 -3 13 2 12 0 16 -3 18 -2 18 0 15 -1 18 3 18 4 16 3 18 3 -2 0 0 0 0 0 0 0 0 ]
CSI_DATA,AP,68:FE:71:12:53:8C,-48,11,1,3,1,1,1,0,0,0,0,-94,0,6,1,44753720,0,84,0,0,44.754,384,[84 -64 4 0 0 0 0 0 0 0 0 0 -11 -17 -17 -18 -12 -17 -11 -17 -10 -16 -13 -16 -8 -18 -10 -17 -6 -15 -11 -16 -11 -20 -7 -16 -6 -15 -7 -18 -10 -20 -5 -20 -4 -16 -10 -19 -4 -14 -9 -14 -5 -16 -6 -16 -7 -14 -6 -14 -6 -13 -6 -15 2 -1 -6 -19 -6 -17 -6 -13 -7 -15 -8 -17 -4 -16 -7 -16 -8 -12 -7 -11 -6 -11 -11 -15 -11 -9 -8 -11 -14 -15 -12 -11 -13 -16 -11 -10 -14 -10 -9 -13 -13 -14 -8 -10 -11 -15 -9 -14 -13 -14 -9 -9 -16 -7 -2 2 0 0 0 0 0 0 0 0 ]
CSI_DATA,AP,68:FE:71:12:53:8C,-40,11,1,5,1,1,1,1,0,0,0,-94,5,6,1,44844751,0,84,0,0,44.845,384,[84 -64 4 0 0 0 0 0 0 0 0 0 -10 -15 -13 -14 -14 -15 -12 -12 -12 -13 -12 -13 -8 -14 -9 -14 -10 -14 -10 -19 -12 -18 -6 -16 -8 -16 -10 -16 -9 -17 -6 -15 -7 -18 -4 -16 -7 -18 -9 -13 -9 -15 -7 -18 -8 -12 -6 -12 -4 -16 -5 -16 3 -2 -9 -10 -8 -16 -5 -10 -9 -11 -10 -14 -9 -15 -6 -15 -7 -13 -8 -12 -10 -11 -12 -15 -9 -14 -8 -10 -6 -9 -10 -9 -11 -13 -10 -9 -10 -13 -11 -10 -12 -11 -9 -11 -14 -12 -8 -9 -14 -12 -14 -11 -11 -10 -1 -3 0 0 0 0 0 0 0 0 ]
CSI_DATA,AP,68:FE:71:12:53:8C,-43,11,1,4,1,1,1,0,0,0,0,-95,0,6,1,44930723,0,84,0,0,44.931,384,[84 -64 4 0 0 0 0 0 0 0 0 0 19 -3 19 0 19 -1 21 -2 21 -1 19 1 21 -1 21 -2 17 2 20 2 20 0 21 4 21 5 22 5 20 3 22 6 20 6 17 0 16 4 16 4 14 1 15 3 18 3 16 2 20 4 15 3 -2 -2 15 2 20 4 14 0 13 -2 19 -1 17 3 18 0 15 3 14 1 14 -5 17 -3 14 -1 15 -1 14 -4 13 -2 15 -3 18 -6 17 -2 19 -3 17 -1 19 -6 13 -6 16 -3 14 -9 14 -8 18 -7 0 2 0 0 0 0 0 0 0 0 ]
CSI_DATA,AP,68:FE:71:12:53:8C,-36,11,1,6,1,1,1,0,0,0,0,-96,0,6,1,45031128,0,84,0,0,45.031,384,[84 -64 4 0 0 0 0 0 0 0 0 0 2 20 3 22 2 20 2 19 -3 19 -2 19 0 18 0 17 -6 20 -3 17 -5 17 -7 23 -7 18 -7 18 -3 19 -2 20 -1 18 -8 14 -7 20 -4 16 -4 18 -3 15 -4 16 -7 17 -2 16 -7 19 -2 0 -7 13 -2 19 -2 17 -6 20 -4 15 -3 14 -4 13 -3 18 1 13 -2 14 -2 20 -3 15 -1 15 -1 16 -1 18 2 15 0 15 2 18 -3 17 -1 14 -1 18 2 14 4 15 6 18 -1 16 5 18 -1 1 0 0 0 0 0 0 0 0 ]
CSI_DATA,AP,68:FE:71:12:53:8C,-39,11,1,5,1,1,1,1,0,0,0,-94,4,6,1,45122371,0,84,0,0,45.122,384,[84 -64 4 0 0 0 0 0 0 0 0 0 0 -22 1 -19 -5 -19 -4 -23 -1 -23 1 -19 0 -18 -2 -22 -1 -18 2 -23 4 -17 5 -17 0 -17 6 -21 0 -21 1 -17 0 -21 1 -15 4 -21 1 -18 5 -17 2 -16 0 -17 5 -18 4 -19 4 -16 -3 3 -1 -19 -2 -15 3 -13 0 -19 -1 -13 1 -15 0 -17 -3 -13 -2 -13 -4 -15 2 -12 1 -12 2 -14 -3 -18 -4 -17 -5 -17 -4 -19 -2 -16 -5 -17 -2 -16 -1 -15 -3 -14 -3 -14 -6 -17 -8 -18 -5 -13 -1 -1 0 0 0 0 0 0 0 0 ]
CSI_DATA,AP,68:FE:71:12:53:8C,-37,11,0,0,0,0,0,0,0,0,0,-93,0,6,1,45203495,0,37,0,0,45.203,128,[84 -64 4 0 0 0 0 0 0 0 0 0 -6 17 -5 21 -9 16 -11 21 -8 19 -7 16 -7 17 -9 19 -8 16 -12 19 -14 17 -9 12 -12 16 -8 15 -10 16 -12 12 -10 15 -8 11 -9 16 -14 13 -12 14 -8 15 -8 13 -8 17 -10 17 -11 11 1 3 -7 14 -7 17 -10 13 -7 13 -6 15 -7 16 -10 12 -11 17 -6 15 -8 18 -4 12 -9 16 -9 17 -5 15 -3 14 -4 12 -3 17 -5 15 -6 16 -5 18 -3 13 -5 18 -3 12 -5 15 -3 12 -3 17 1 0 0 0 0 0 0 0 0 0 ]
CSI_DATA,AP,68:FE:71:12:53:8C,-43,11,1,6,1,1,1,0,0,0,0,-94,0,6,1,45289916,0,84,0,0,45.29,384,[84 -64 4 0 0 0 0 0 0 0 0 0 4 -21 11 -22 11 -22 11 -18 11 -18 10 -21 14 -16 10 -15 13 -17 11 -17 14 -15 13 -17 15 -16 11 -14 10 -13 10 -18 11 -15 13 -15 9 -16 12 -17 12 -17 12 -15 10 -15 15 -13 12 -12 11 -16 1 1 11 -10 11 -14 9 -14 11 -13 12 -16 7 -15 10 -11 11 -13 9 -14 9 -17 5 -11 10 -15 11 -16 4 -14 10 -17 6 -13 8 -17 3 -19 4 -17 7 -17 6 -17 7 -15 8 -13 7 -17 5 -13 5 -15 -3 -3 0 0 0 0 0 0 0 0 ]
CSI_DATA,AP,68:FE:71:12:53:8C,-40,11,1,4,1,1,1,0,0,0,0,-94,0,6,1,45381477,0,84,0,0,45.381,384,[84 -64 4 0 0 0 0 0 0 0 0 0 -1 22 2 19 -3 22 0 20 0 23 -6 20 -5 22 -1 19 -1 18 -3 16 -2 18 -2 17 -3 22 -8 22 -7 15 -6 18 -9 20 -3 18 -9 18 -5 16 -5 19 -3 19 -6 18 -6 14 -7 15 -3 17 3 -1 -1 13 -6 18 -6 15 1 15 -2 19 1 16 0 17 1 17 1 15 2 13 2 13 -2 14 -1 18 0 14 -3 18 -1 19 0 20 -1 13 3 14 0 14 5 18 0 13 3 15 7 20 0 12 5 16 -2 0 0 0 0 0 0 0 0 0 ]
CSI_DATA,AP,68:FE:71:12:53:8C,-39,11,1,5,1,1,1,1,0,0,0,-95,4,6,1,45471300,0,84,0,0,45.471,384,[84 -64 4 0 0 0 0 0 0 0 0 0 -17 -5 -17 -10 -21 -6 -19 -7 -18 -7 -17 -13 -21 -7 -15 -10 -16 -10 -15 -11 -18 -10 -18 -9 -19 -13 -19 -13 -20 -11 -20 -10 -14 -8 -14 -13 -17 -11 -17 -9 -18 -12 -15 -9 -11 -13 -14 -8 -17 -8 -15 -14 -3 -2 -12 -11 -19 -11 -17 -6 -14 -9 -13 -9 -13 -11 -13 -9 -16 -11 -18 -4 -12 -8 -18 -8 -13 -8 -13 -3 -18 -5 -19 -7 -15 -5 -16 -2 -19 -2 -17 -6 -15 0 -14 -1 -13 -4 -16 -3 -18 -1 -16 -4 -19 -1 -2 1 0 0 0 0 0 0 0 0 ]
CSI_DATA,AP,68:FE:71:12:53:8C,-36,11,1,5,1,1,1,0,0,0,0,-93,0,6,1,45556768,0,84,0,0,45.557,384,[84 -64 4 0 0 0 0 0 0 0 0 0 11 21 9 20 9 19 6 22 3 18 4 24 3 24 5 19 4 20 3 17 -1 20 0 19 5 24 5 20 0 17 0 23 -2 16 -3 19 3 17 4 22 3 15 0 18 0 15 -1 17 -1 20 -1 19 1 0 0 18 5 17 3 15 6 20 2 18 6 17 4 18 1 18 6 16 3 17 5 20 2 15 4 14 3 18 7 19 8 16 9 18 10 16 9 18 11 17 10 14 5 13 6 15 10 18 5 15 6 15 0 2 0 0 0 0 0 0 0 0 ]
CSI_DATA,AP,68:FE:71:12:53:8C,-43,11,1,5,1,1,1,1,0,0,0,-94,1,6,1,45667037,0,84,0,0,45.667,384,[84 -64 4 0 0 0 0 0 0 0 0 0 -20 12 -14 16 -20 10 -22 14 -19 11 -20 10 -17 11 -20 10 -21 12 -22 6 -24 9 -18 8 -21 11 -22 6 -19 5 -20 7 -21 4 -21 3 -20 9 -22 3 -21 4 -18 6 -19 3 -16 3 -19 6 -18 8 -3 1 -16 8 -16 12 -15 6 -16 6 -15 6 -13 6 -14 6 -13 7 -12 12 -12 7 -12 11 -15 6 -14 9 -15 12 -13 12 -12 9 -17 14 -14 13 -17 9 -12 13 -13 13 -13 11 -14 13 -13 14 -14 11 -11 14 2 3 0 0 0 0 0 0 0 0 ]
CSI_DATA,AP,68:FE:71:12:53:8C,-42,11,1,4,1,1,1,1,0,0,0,-93,5,6,1,45778377,0,84,0,0,45.778,384,[84 -64 4 0 0 0 0 0 0 0 0 0 -8 15 -12 19 -13 21 -16 18 -16 17 -18 18 -13 14 -15 11 -17 15 -16 14 -18 13 -18 18 -18 11 -19 11 -17 13 -19 15 -17 12 -18 14 -17 14 -19 14 -16 14 -15 14 -12 8 -15 13 -16 14 -16 13 2 -1 -15 14 -17 15 -15 16 -10 12 -11 13 -11 13 -11 13 -13 9 -10 9 -14 12 -12 15 -8 15 -13 17 -13 16 -11 11 -11 14 -12 12 -6 12 -10 16 -11 14 -6 14 -11 17 -10 15 -5 17 -11 13 -8 15 1 3 0 0 0 0 0 0 0 0 ]
CSI_DATA,AP,68:FE:71:12:53:8C,-42,11,1,6,1,1,1,0,0,0,0,-94,0,6,1,45866815,0,84,0,0,45.867,384,[84 -64 4 0 0 0 0 0 0 0 0 0 18 -16 14 -10 14 -11 20 -12 17 -13 20 -11 19 -11 17 -7 17 -13 18 -12 18 -7 17 -9 16 -11 16 -8 18 -9 17 -9 15 -9 16 -8 16 -10 20 -6 20 -5 14 -3 14 -6 15 -7 16 -5 17 -6 -3 2 15 -5 19 -5 19 -8 16 -10 13 -5 14 -9 13 -9 13 -11 16 -11 17 -8 12 -11 15 -7 16 -13 12 -10 15 -11 15 -9 12 -15 10 -13 14 -11 11 -10 16 -14 10 -13 14 -10 10 -13 9 -15 9 -13 -3 3 0 0 0 0 0 0 0 0 ]
CSI_DATA,AP,68:FE:71:12:53:8C,-41,11,1,5,1,1,1,0,0,0,0,-95,0,6,1,45951408,0,84,0,0,45.951,384,[84 -64 4 0 0 0 0 0 0 0 0 0 0 24 0 19 -1 22 -1 25 -6 23 -4 20 -7 17 -5 18 -9 20 -9 17 -8 21 -4 18 -9 20 -7 23 -7 20 -9 20 -10 21 -7 17 -9 20 -8 14 -9 15 -8 19 -8 16 -5 20 -8 19 -8 16 1 -2 -8 18 -7 15 -7 18 -1 14 -2 15 -4 18 -7 20 -1 17 -3 18 -2 13 -2 15 0 19 -3 17 -2 14 2 17 -3 14 3 19 1 15 -2 13 4 17 4 19 -1 14 -1 14 4 17 2 19 5 14 -1 -2 0 0 0 0 0 0 0 0 ]
CSI_DATA,AP,68:FE:71:12:53:8C,-39,11,1,6,1,1,1,0,0,0,0,-95,0,6,1,46055658,0,84,0,0,46.056,384,[84 -64 4 0 0 0 0 0 0 0 0 0 17 9 16 10 19 8 17 12 18 8 15 8 14 15 17 8 15 12 13 11 18 11 18 16 12 16 13 17 11 15 14 15 13 15 10 14 10 12 13 11 15 16 10 13 12 14 16 9 17 12 12 9 3 -2 13 9 16 8 16 14 12 6 10 13 17 11 11 7 11 9 16 7 15 9 17 11 16 11 15 10 18 6 15 7 14 5 14 5 12 3 16 5 15 7 12 6 13 6 13 3 16 1 17 5 18 8 -3 -3 0 0 0 0 0 0 0 0 ]
CSI_DATA,AP,68:FE:71:12:53:8C,-47,11,1,3,1,1,1,1,0,0,0,-93,1,6,1,46159662,0,84,0,0,46.16,384,[84 -64 4 0 0 0 0 0 0 0 0 0 18 -11 19 -11 15 -17 20 -14 19 -15 19 -9 17 -9 16 -6 16 -7 18 -9 23 -7 17 -9 20 -5 20 -5 18 -6 19 -7 16 -9 16 -6 18 -10 19 -3 18 -9 17 -8 14 -6 14 -3 15 -4 19 -7 -2 -1 14 -6 14 -11 13 -9 14 -8 15 -9 13 -6 16 -7 14 -8 13 -12 12 -11 16 -8 13 -12 16 -12 12 -13 15 -9 10 -13 15 -13 12 -11 15 -14 15 -9 10 -10 15 -13 14 -15 10 -11 12 -13 14 -11 1 -2 0 0 0 0 0 0 0 0 ]
CSI_DATA,AP,68:FE:71:12:53:8C,-39,11,1,4,1,1,1,0,0,0,0,-95,0,6,1,46262019,0,84,0,0,46.262,384,[84 -64 4 0 0 0 0 0 0 0 0 0 22 7 19 4 17 8 19 11 19 9 19 9 14 7 15 9 17 11 16 12 17 13 19 10 15 9 12 14 14 14 19 14 11 11 16 9 15 13 15 10 14 11 16 13 11 10 10 8 13 8 11 8 1 3 16 8 16 11 14 6 17 8 10 8 14 11 11 5 10 9 13 4 16 3 15 6 16 4 15 3 14 7 15 6 18 5 14 5 15 2 13 5 12 3 19 4 18 2 18 4 18 5 17 2 15 5 1 2 0 0 0 0 0 0 0 0 ]
CSI_DATA,AP,68:FE:71:12:53:8C,-38,11,1,6,1,1,1,0,0,0,0,-96,0,6,1,46372089,0,84,0,0,46.372,384,[84 -64 4 0 0 0 0 0 0 0 0 0 8 15 4 16 10 17 3 18 5 19 8 21 5 21 4 17 0 16 6 17 3 16 7 19 5 22 6 16 5 18 4 17 -1 17 4 13 0 18 -1 16 2 15 -1 19 2 12 2 13 4 15 4 16 -1 -3 2 14 4 18 3 14 6 16 6 16 4 13 0 13 4 16 2 14 6 11 4 16 8 16 6 14 10 14 8 16 11 16 6 13 7 15 6 16 7 12 6 14 10 13 10 11 11 14 12 12 7 10 -2 0 0 0 0 0 0 0 0 0 ]
CSI_DATA,AP,68:FE:71:12:53:8C,-36,11,1,6,1,1,1,0,0,0,0,-96,0,6,1,46439934,0,84,0,0,46.44,384,[84 -64 4 0 0 0 0 0 0 0 0 0 12 14 11 20 11 19 10 22 8 15 9 20 8 15 7 16 8 17 6 14 7 15 2 20 8 19 4 17 1 19 2 17 5 19 4 18 0 19 3 19 1 20 6 17 5 12 7 15 1 16 6 13 -3 -1 3 19 2 19 7 17 9 15 4 15 6 18 2 17 9 11 7 15 4 11 11 14 10 16 8 11 6 13 5 12 10 11 7 13 8 11 10 13 10 9 11 15 7 12 10 8 14 13 9 8 10 13 2 -1 0 0 0 0 0 0 0 0 ]
CSI_DATA,AP,68:FE:71:12:53:8C,-40,11,1,6,1,1,1,0,0,0,0,-95,0,6,1,46543892,0,84,0,0,46.544,384,[84 -64 4 0 0 0 0 0 0 0 0 0 -8 19 -9 17 -7 20 -10 22 -12 17 -9 19 -15 20 -12 19 -9 17 -10 14 -12 19 -12 14 -11 18 -13 14 -14 16 -13 13 -15 18 -14 16 -11 14 -15 15 -9 17 -14 16 -13 14 -14 11 -10 13 -12 14 -1 -1 -9 16 -13 17 -9 13 -11 16 -12 11 -6 12 -9 18 -11 12 -9 14 -5 16 -5 19 -6 18 -10 19 -5 13 -10 16 -5 18 -10 14 -6 15 -3 19 -2 13 -9 19 -4 17 -3 13 -1 16 -5 15 -2 19 -2 -1 0 0 0 0 0 0 0 0 ]
CSI_DATA,AP,68:FE:71:12:53:8C,-35,11,1,7,1,1,1,1,0,0,0,-96,2,6,1,46633251,0,84,0,0,46.633,384,[84 -64 4 0 0 0 0 0 0 0 0 0 -13 -18 -9 -17 -8 -21 -8 -23 -7 -19 -4 -18 -5 -20 -8 -16 -4 -23 -5 -17 -5 -19 -7 -20 -4 -18 -2 -20 -5 -18 -4 -19 -5 -20 -2 -20 -6 -21 -5 -17 -4 -21 -1 -18 0 -17 -2 -17 -3 -18 -2 -20 2 2 -5 -18 -7 -17 -2 -19 -2 -17 -7 -20 -6 -19 -5 -20 -2 -18 -7 -19 -4 -15 -6 -16 -9 -13 -4 -15 -10 -15 -9 -12 -8 -16 -7 -15 -10 -15 -7 -14 -9 -15 -7 -14 -12 -13 -7 -11 -8 -12 -13 -11 -13 -15 0 1 0 0 0 0 0 0 0 0 ]
CSI_DATA,AP,68:FE:71:12:53:8C,-37,11,1,6,1,1,1,0,0,0,0,-95,0,6,1,46711567,0,84,0,0,46.712,384,[84 -64 4 0 0 0 0 0 0 0 0 0 21 -2 22 1 23 3 22 2 21 5 18 4 18 7 19 2 21 4 20 6 17 7 21 5 21 5 16 3 19 9 21 4 20 10 19 9 20 7 14 7 15 10 20 7 16 7 17 10 20 4 18 4 2 2 19 8 16 3 20 6 18 1 18 2 15 5 13 2 17 2 13 6 14 4 17 3 16 0 18 2 14 -2 16 1 17 1 20 -2 13 1 18 2 14 -3 16 2 15 3 13 -3 19 -3 18 -3 14 -5 3 0 0 0 0 0 0 0 0 0 ]
CSI_DATA,AP,68:FE:71:12:53:8C,-41,11,1,6,1,1,1,0,0,0,0,-93,0,6,1,46814251,0,84,0,0,46.814,384,[84 -64 4 0 0 0 0 0 0 0 0 0 20 -6 23 -5 23 -4 21 -3 23 -3 18 -2 23 -4 18 -1 18 3 18 -4 22 -3 22 2 21 -3 19 3 19 4 23 -1 17 4 18 -2 18 1 19 5 18 0 19 3 16 0 17 -2 17 -2 18 -1 2 -2 17 -1 17 2 17 -1 15 -3 17 -2 20 0 19 -4 19 -4 16 1 17 -4 20 -4 18 -7 18 -7 13 -3 19 -1 13 -5 14 -9 14 -5 19 -4 15 -5 15 -7 12 -8 14 -7 17 -11 17 -5 13 -9 -1 2 0 0 0 0 0 0 0 0 ]
CSI_DATA,AP,68:FE:71:12:53:8C,-39,11,1,6,1,1,1,0,0,0,0,-93,0,6,1,46903447,0,84,0,0,46.903,384,[84 -64 4 0 0 0 0 0 0 0 0 0 -22 2 -20 -5 -24 -4 -21 -2 -22 -3 -22 -4 -21 -7 -17 -4 -18 -6 -19 -6 -18 -8 -19 -6 -17 -7 -20 -8 -21 -10 -17 -10 -20 -7 -18 -8 -16 -5 -19 -7 -14 -9 -17 -10 -18 -4 -14 -8 -16 -6 -15 -9 3 0 -13 -3 -15 -4 -14 -7 -18 -6 -18 -7 -19 -3 -16 -3 -13 -1 -16 -6 -18 0 -15 -4 -15 -5 -13 0 -16 -2 -18 0 -20 2 -20 -1 -20 -1 -14 -4 -15 0 -20 -2 -15 -1 -19 1 -14 2 -15 0 -18 3 1 3 0 0 0 0 0 0 0 0 ]
CSI_DATA,AP,68:FE:71:12:53:8C,-41,11,1,5,1,1,1,1,0,0,0,-93,6,6,1,46998033,0,84,0,0,46.998,384,[84 -64 4 0 0 0 0 0 0 0 0 0 -12 17 -9 19 -10 18 -11 19 -13 19 -15 12 -17 13 -14 11 -13 15 -16 12 -16 11 -16 12 -15 12 -16 13 -17 8 -18 16 -12 9 -16 9 -17 14 -15 12 -16 8 -17 12 -10 8 -13 9 -16 8 -12 11 2 0 -12 10 -13 9 -11 15 -8 11 -12 12 -15 10 -11 12 -7 9 -8 15 -7 15 -12 13 -9 10 -6 13 -9 15 -13 14 -13 12 -8 18 -8 14 -8 11 -5 16 -11 11 -12 16 -10 13 -10 14 -6 13 -8 12 2 2 0 0 0 0 0 0 0 0 ]
CSI_DATA,AP,68:FE:71:12:53:8C,-39,11,1,4,1,1,1,0,0,0,0,-94,0,6,1,47092020,0,84,0,0,47.092,384,[84 -64 4 0 0 0 0 0 0 0 0 0 -22 -2 -18 -3 -23 -6 -18 -7 -22 -4 -20 -5 -23 -5 -18 -8 -20 -5 -15 -7 -17 -9 -18 -9 -19 -14 -20 -10 -19 -6 -17 -10 -13 -11 -19 -11 -13 -9 -18 -8 -18 -13 -16 -7 -17 -6 -13 -11 -16 -7 -17 -11 2 -1 -16 -12 -16 -7 -17 -7 -18 -6 -12 -7 -13 -7 -16 -5 -19 -6 -13 -9 -14 -5 -13 -5 -14 -7 -16 -2 -18 -6 -14 -5 -14 -6 -20 -4 -19 -3 -14 -1 -15 0 -18 -2 -17 -1 -15 -6 -17 -2 -16 0 -20 -5 2 2 0 0 0 0 0 0 0 0 ]
CSI_DATA,AP,68:FE:71:12:53:8C,-41,11,1,5,1,1,1,0,0,0,0,-95,0,6,1,47163967,0,84,0,0,47.164,384,[84 -64 4 0 0 0 0 0 0 0 0 0 -5 17 -7 17 -9 20 -5 18 -9 19 -7 18 -11 18 -9 18 -8 18 -12 19 -11 20 -10 22 -13 18 -11 20 -11 17 -10 16 -11 15 -8 17 -10 17 -11 12 -10 16 -12 17 -7 13 -10 19 -7 18 -13 17 3 -1 -9 18 -8 18 -11 15 -4 19 -8 18 -6 16 -6 18 -9 15 -4 17 -4 15 -5 17 -5 19 -7 13 -6 15 -1 17 -4 19 -6 16 -1 17 -3 14 -2 16 -7 18 -1 14 -2 20 -1 20 -2 19 -3 13 2 2 0 0 0 0 0 0 0 0 ]
CSI_DATA,AP,68:FE:71:12:53:8C,-40,11,1,5,1,1,1,0,0,0,0,-93,0,6,1,47241648,0,84,0,0,47.242,384,[84 -64 4 0 0 0 0 0 0 0 0 0 -1 18 1 21 1 18 1 19 -4 19 -5 17 -4 19 0 20 -4 22 -6 19 -3 19 -3 21 -6 19 -2 22 -6 17 -8 23 -6 19 -7 15 -6 14 -4 14 -4 19 -6 16 -7 17 -3 18 -7 19 -4 13 -3 -1 -7 17 -6 17 -5 14 -3 17 -2 12 -4 16 -6 15 -2 16 -2 14 -4 18 1 17 2 18 1 16 -3 12 -3 16 1 16 4 16 0 19 4 18 2 12 2 16 -1 17 0 13 1 17 5 15 5 15 -1 3 0 0 0 0 0 0 0 0 ]
CSI_DATA,AP,68:FE:71:12:53:8C,-41,11,1,6,1,1,1,1,0,0,0,-94,2,6,1,47340369,0,84,0,0,47.34,384,[84 -64 4 0 0 0 0 0 0 0 0 0 2 -24 1 -20 0 -21 2 -25 2 -21 0 -17 1 -19 5 -22 4 -21 3 -23 3 -21 7 -18 9 -22 7 -21 8 -21 4 -21 4 -18 3 -16 8 -16 4 -20 8 -17 7 -17 7 -14 9 -15 9 -21 4 -18 2 2 2 -16 5 -16 2 -17 5 -19 8 -20 1 -20 5 -19 0 -17 1 -15 -1 -18 5 -16 -1 -17 -1 -17 0 -17 2 -19 0 -17 2 -21 -4 -14 2 -15 -3 -19 4 -18 2 -20 1 -19 2 -17 -3 -14 0 -16 2 1 0 0 0 0 0 0 0 0 ]
CSI_DATA,AP,68:FE:71:12:53:8C,-36,11,1,6,1,1,1,0,0,0,0,-93,0,6,1,47437656,0,84,0,0,47.438,384,[84 -64 4 0 0 0 0 0 0 0 0 0 -9 -23 -12 -22 -9 -18 -9 -21 -10 -23 -7 -24 -9 -24 -6 -18 -3 -20 -6 -22 -4 -25 -8 -19 -5 -23 -7 -21 -6 -23 -4 -21 -5 -22 -5 -21 -1 -23 -1 -19 -5 -22 -4 -18 -4 -17 -2 -21 0 -23 -4 -22 1 -2 -5 -20 -7 -21 -6 -20 -6 -17 -3 -14 -7 -20 -7 -20 -10 -16 -10 -18 -10 -13 -5 -18 -8 -14 -5 -14 -7 -19 -10 -13 -7 -17 -7 -16 -12 -19 -10 -16 -12 -12 -7 -17 -12 -14 -13 -16 -12 -15 -12 -16 -9 -12 1 -1 0 0 0 0 0 0 0 0 ]
CSI_DATA,AP,68:FE:71:12:53:8C,-38,11,1,5,1,1,1,0,0,0,0,-94,0,6,1,47539114,0,84,0,0,47.539,384,[84 -64 4 0 0 0 0 0 0 0 0 0 12 -16 11 -15 12 -14 11 -12 14 -16 13 -9 17 -13 17 -8 17 -9 13 -14 18 -10 15 -11 13 -11 17 -8 15 -12 12 -14 14 -12 16 -9 15 -10 17 -11 15 -11 17 -10 15 -5 11 -10 12 -12 12 -6 1 -1 16 -6 10 -7 11 -10 13 -9 13 -10 14 -9 14 -12 8 -11 11 -13 12 -10 10 -9 10 -13 11 -10 9 -12 6 -12 8 -10 12 -11 8 -10 6 -9 7 -13 12 -15 9 -11 5 -16 7 -11 11 -14 10 -10 0 -1 0 0 0 0 0 0 0 0 ]
CSI_DATA,AP,68:FE:71:12:53:8C,-41,11,1,5,1,1,1,0,0,0,0,-94,0,6,1,47648021,0,84,0,0,47.648,384,[84 -64 4 0 0 0 0 0 0 0 0 0 17 13 10 18 13 14 13 21 10 15 13 18 9 16 10 17 13 18 10 18 7 22 7 21 5 16 9 16 10 16 5 17 5 16 5 19 8 18 10 17 4 16 8 16 4 13 7 17 5 16 7 13 -2 2 7 13 6 16 9 17 6 15 9 13 7 18 11 14 7 16 11 10 10 10 12 15 8 12 7 16 12 15 9 10 11 11 11 15 9 7 10 10 9 6 8 11 8 14 16 13 15 10 16 13 16 8 -3 -3 0 0 0 0 0 0 0 0 ]
CSI_DATA,AP,68:FE:71:12:53:8C,-44,11,1,3,1,1,1,1,0,0,0,-94,2,6,1,47728525,0,84,0,0,47.729,384,[84 -64 4 0 0 0 0 0 0 0 0 0 1 18 3 14 0 14 -4 18 1 18 -4 13 -4 17 0 17 -3 15 0 13 0 15 -3 14 -7 16 -7 14 -5 16 -4 12 -7 10 -3 14 -6 14 -3 15 -6 10 -3 9 -5 12 -7 12 -4 14 -1 15 -3 3 -1 12 -2 13 -5 12 0 10 0 13 -1 11 -4 12 -1 15 2 13 -2 15 -3 12 -2 12 -3 13 -3 14 2 16 3 13 2 18 2 15 1 17 4 14 1 15 4 12 4 11 2 14 4 14 -1 13 -3 -2 0 0 0 0 0 0 0 0 ]
CSI_DATA,AP,68:FE:71:12:53:8C,-35,11,1,6,1,1,1,0,0,0,0,-96,0,6,1,47803390,0,84,0,0,47.803,384,[84 -64 4 0 0 0 0 0 0 0 0 0 -25 6 -23 3 -21 8 -23 3 -20 5 -20 0 -22 -1 -22 4 -22 2 -17 1 -23 0 -19 5 -17 -1 -22 1 -15 2 -21 3 -19 -2 -20 -1 -14 1 -19 2 -14 2 -19 0 -19 0 -17 3 -18 -2 -13 3 2 3 -14 -1 -13 5 -12 0 -15 6 -12 3 -14 4 -15 3 -17 5 -13 0 -17 3 -14 4 -15 2 -12 2 -12 3 -14 3 -13 4 -17 5 -11 5 -16 6 -12 6 -12 6 -13 1 -14 1 -14 7 -17 7 -15 3 2 -3 0 0 0 0 0 0 0 0 ]
CSI_DATA,AP,68:FE:71:12:53:8C,-38,11,1,6,1,1,1,1,0,0,0,-95,5,6,1,47903503,0,84,0,0,47.904,384,[84 -64 4 0 0 0 0 0 0 0 0 0 -18 -2 -15 -8 -18 -5 -16 -9 -18 -7 -14 -10 -15 -6 -13 -12 -16 -8 -15 -12 -14 -9 -14 -7 -17 -11 -16 -10 -11 -12 -14 -13 -17 -12 -13 -11 -12 -11 -13 -10 -11 -11 -12 -11 -12 -9 -13 -12 -12 -11 -15 -7 0 2 -14 -6 -12 -9 -17 -11 -15 -8 -12 -10 -13 -10 -10 -9 -16 -6 -14 -6 -15 -4 -13 -6 -10 -5 -12 -3 -14 -6 -13 -5 -18 -5 -17 -3 -16 -4 -13 -8 -11 -3 -16 -3 -15 -7 -16 -6 -18 -5 -12 -6 -13 -5 -2 0 0 0 0 0 0 0 0 0 ]
CSI_DATA,AP,68:FE:71:12:53:8C,-39,11,1,6,1,1,1,0,0,0,0,-93,0,6,1,48019289,0,84,0,0,48.019,384,[84 -64 4 0 0 0 0 0 0 0 0 0 -9 8 -11 10 -10 12 -8 13 -12 10 -9 7 -13 10 -8 10 -12 10 -11 9 -10 8 -10 5 -11 6 -14 10 -14 9 -15 7 -10 5 -9 3 -10 7 -12 6 -10 7 -10 6 -13 6 -13 7 -14 5 -13 3 3 0 -9 4 -12 9 -13 3 -7 5 -7 4 -7 9 -7 4 -8 3 -11 7 -12 7 -9 6 -9 4 -5 9 -6 5 -10 6 -7 9 -6 7 -6 8 -9 8 -4 6 -5 9 -9 7 -7 9 -8 12 -7 9 -8 7 -3 -1 0 0 0 0 0 0 0 0 ]
CSI_DATA,AP,68:FE:71:12:53:8C,-40,11,1,6,1,1,1,0,0,0,0,-93,0,6,1,48095697,0,84,0,0,48.096,384,[84 -64 4 0 0 0 0 0 0 0 0 0 8 -4 7 -4 9 -3 6 -6 4 -3 4 -3 9 -4 6 -5 7 -4 9 -1 11 -1 7 1 6 -1 7 -1 11 -3 9 0 7 -4 8 -4 5 0 9 0 4 -4 5 -4 9 -4 6 0 10 -5 6 -1 -3 0 5 1 8 -5 4 -3 8 -1 9 1 4 -1 5 -4 6 0 9 -5 3 -2 8 -5 6 -1 5 -3 5 -6 7 0 7 -4 9 -7 7 -3 9 -1 2 -7 9 -2 5 -5 5 -5 6 -5 6 -7 3 -8 2 -3 0 0 0 0 0 0 0 0 ]
CSI_DATA,AP,68:FE:71:12:53:8C,-42,11,1,4,1,1,1,0,0,0,0,-95,0,6,1,48192634,0,84,0,0,48.193,384,[84 -64 4 0 0 0 0 0 0 0 0 0 -10 12 -10 11 -13 11 -13 12 -11 14 -14 13 -14 11 -14 12 -10 13 -13 14 -13 10 -15 14 -11 11 -12 12 -12 13 -17 9 -11 10 -9 10 -14 10 -10 8 -9 9 -12 9 -16 8 -13 9 -10 11 -11 8 -2 3 -11 11 -14 9 -15 10 -12 11 -8 8 -11 13 -10 14 -7 7 -7 11 -13 14 -11 11 -9 9 -7 10 -7 10 -8 12 -13 13 -10 12 -6 14 -7 10 -11 12 -10 13 -10 16 -5 13 -11 11 -5 11 -5 16 3 -2 0 0 0 0 0 0 0 0 ]
CSI_DATA,AP,68:FE:71:12:53:8C,-36,11,1,6,1,1,1,0,0,0,0,-93,0,6,1,48265413,0,84,0,0,48.265,384,[84 -64 4 0 0 0 0 0 0 0 0 0 -16 -20 -16 -20 -13 -15 -14 -20 -12 -15 -10 -18 -10 -19 -8 -18 -7 -19 -9 -22 -8 -22 -7 -23 -5 -17 -6 -23 -10 -17 -6 -23 -6 -18 -8 -20 -6 -19 -9 -16 -6 -15 -4 -20 -9 -17 -7 -19 -8 -17 -9 -19 0 -1 -9 -16 -5 -15 -6 -13 -8 -12 -7 -15 -8 -13 -11 -13 -6 -18 -6 -16 -6 -14 -13 -17 -8 -17 -9 -14 -8 -17 -13 -15 -10 -13 -11 -10 -14 -10 -14 -9 -15 -11 -12 -13 -11 -14 -15 -10 -16 -10 -11 -9 -11 -8 2 -3 0 0 0 0 0 0 0 0 ]
CSI_DATA,AP,68:FE:71:12:53:8C,-42,11,1,4,1,1,1,0,0,0,0,-94,0,6,1,48381658,0,84,0,0,48.382,384,[84 -64 4 0 0 0 0 0 0 0 0 0 -16 13 -11 16 -16 14 -13 11 -17 10 -16 11 -16 12 -13 6 -15 7 -16 6 -14 8 -14 7 -17 7 -11 3 -9 2 -12 3 -13 6 -14 3 -12 6 -13 2 -8 8 -9 4 -11 4 -6 4 -14 6 -9 6 -1 -2 -6 3 -7 7 -8 8 -5 10 -11 6 -8 4 -9 4 -5 8 -9 6 -6 9 -4 7 -9 10 -5 9 -4 9 -4 5 -9 9 -4 6 -8 12 -7 8 -3 8 -5 9 -8 10 -4 11 -6 14 -5 13 -5 8 3 1 0 0 0 0 0 0 0 0 ]
CSI_DATA,AP,68:FE:71:12:53:8C,-37,11,1,7,1,1,1,0,0,0,0,-94,0,6,1,48486873,0,84,0,0,48.487,384,[84 -64 4 0 0 0 0 0 0 0 0 0 -19 11 -19 8 -16 9 -22 7 -21 10 -18 4 -17 6 -15 4 -17 3 -18 7 -17 2 -19 2 -16 2 -16 2 -15 3 -13 7 -11 4 -14 2 -15 7 -10 6 -12 5 -10 2 -14 0 -11 4 -14 1 -8 6 2 -3 -7 3 -8 3 -8 8 -9 8 -10 3 -9 3 -12 6 -6 6 -8 6 -7 9 -5 8 -7 9 -8 5 -9 11 -6 7 -4 10 -7 12 -3 8 -8 9 -6 10 -8 9 -4 6 -4 11 -1 10 -1 11 -5 11 2 3 0 0 0 0 0 0 0 0 ]
CSI_DATA,AP,68:FE:71:12:53:8C,-36,11,1,6,1,1,1,1,0,0,0,-93,4,6,1,48574353,0,84,0,0,48.574,384,[84 -64 4 0 0 0 0 0 0 0 0 0 19 23 13 18 15 24 17 22 12 23 13 25 10 20 4 19 6 18 6 21 9 17 7 21 8 16 8 14 5 16 3 14 8 18 8 14 2 17 7 13 2 17 6 11 9 11 9 11 5 15 5 10 -3 -1 10 7 6 12 7 10 10 5 12 6 12 7 9 7 12 4 7 3 11 8 13 4 11 3 8 6 11 4 10 6 9 8 10 2 10 2 16 3 13 5 16 4 11 2 10 4 11 -1 16 2 15 2 2 -3 0 0 0 0 0 0 0 0 ]
CSI_DATA,AP,68:FE:71:12:53:8C,-40,11,1,5,1,1,1,0,0,0,0,-94,0,6,1,48653288,0,84,0,0,48.653,384,[84 -64 4 0 0 0 0 0 0 0 0 0 5 34 -2 32 2 31 -4 30 -3 33 -6 29 -5 28 -5 26 -6 28 -5 23 -5 23 -6 26 -4 24 -3 26 -4 21 -2 23 -6 20 -1 17 -4 17 -3 18 -1 20 -7 19 -1 15 1 14 -2 15 2 17 2 0 0 17 0 12 -1 16 2 17 0 16 3 11 4 11 3 13 4 15 1 10 5 12 7 11 5 10 7 10 10 10 4 13 8 13 9 10 10 9 11 10 9 10 10 8 10 10 13 4 11 6 10 9 -3 -3 0 0 0 0 0 0 0 0 ]
CSI_DATA,AP,68:FE:71:12:53:8C,-40,11,1,5,1,1,1,0,0,0,0,-96,0,6,1,48748248,0,84,0,0,48.748,384,[84 -64 4 0 0 0 0 0 0 0 0 0 6 -24 7 -24 4 -24 9 -20 9 -21 10 -18 5 -17 10 -20 9 -18 7 -18 11 -17 10 -19 10 -16 5 -16 6 -19 8 -19 7 -15 4 -16 7 -15 9 -16 8 -16 8 -14 5 -16 9 -12 7 -15 4 -14 1 2 6 -18 7 -14 8 -15 3 -16 7 -15 2 -16 3 -16 0 -15 6 -18 0 -17 4 -18 -1 -11 1 -18 0 -13 6 -13 1 -14 1 -15 1 -18 3 -17 0 -16 2 -19 4 -15 4 -16 2 -14 3 -17 0 -17 2 1 0 0 0 0 0 0 0 0 ]
CSI_DATA,AP,68:FE:71:12:53:8C,-39,11,1,6,1,1,1,1,0,0,0,-95,6,6,1,48840086,0,84,0,0,48.84,384,[84 -64 4 0 0 0 0 0 0 0 0 0 16 -10 18 -10 20 -10 20 -10 22 -10 18 -10 19 -12 20 -6 21 -13 17 -8 22 -12 20 -8 21 -9 23 -12 24 -7 19 -6 21 -9 23 -11 23 -7 23 -7 20 -9 23 -10 21 -7 19 -9 25 -11 19 -12 -3 2 17 -7 23 -13 19 -10 17 -15 18 -9 18 -10 23 -8 20 -7 18 -14 18 -10 22 -16 18 -13 18 -15 18 -11 22 -15 20 -13 21 -13 16 -17 17 -14 19 -14 20 -15 14 -11 16 -12 20 -19 17 -16 14 -12 1 3 0 0 0 0 0 0 0 0 ]
CSI_DATA,AP,68:FE:71:12:53:8C,-39,11,1,4,1,1,1,0,0,0,0,-96,0,6,1,48940568,0,84,0,0,48.941,384,[84 -64 4 0 0 0 0 0 0 0 0 0 -10 -21 -10 -20 -8 -24 -5 -24 -6 -24 -3 -20 -3 -21 -7 -19 -7 -23 -3 -20 -4 -23 -1 -26 -4 -28 -1 -24 -2 -22 -6 -28 -1 -23 -6 -25 1 -22 -1 -21 -3 -22 -6 -23 2 -24 0 -26 -4 -22 0 -24 -3 2 -6 -23 -6 -25 -7 -25 -4 -23 -2 -24 -7 -22 -3 -26 -5 -20 -6 -22 -7 -26 -4 -25 -4 -19 -4 -23 -10 -21 -10 -21 -11 -20 -8 -28 -5 -20 -8 -22 -11 -25 -7 -23 -10 -20 -12 -21 -10 -22 -4 -19 -10 -22 1 0 0 0 0 0 0 0 0 0 ]
CSI_DATA,AP,68:FE:71:12:53:8C,-38,11,1,7,1,1,1,0,0,0,0,-95,0,6,1,48998950,0,84,0,0,48.999,384,[84 -64 4 0 0 0 0 0 0 0 0 0 5 7 5 9 8 12 11 16 5 15 5 12 5 11 8 11 2 11 5 10 5 15 4 15 7 15 2 16 7 17 7 18 7 16 -1 11 3 16 3 15 4 15 5 15 2 10 0 15 2 16 3 14 0 -3 5 15 6 17 2 15 7 14 4 15 3 17 6 12 6 16 3 13 4 17 5 14 2 17 4 16 4 12 8 17 10 14 5 13 10 15 6 12 6 15 9 17 11 15 6 14 7 14 11 15 8 15 -2 -3 0 0 0 0 0 0 0 0 ]
CSI_DATA,AP,68:FE:71:12:53:8C,-35,11,1,6,1,1,1,1,0,0,0,-95,5,6,1,49129473,0,84,0,0,49.129,384,[84 -64 4 0 0 0 0 0 0 0 0 0 -20 -3 -18 -6 -22 -3 -19 -2 -25 -7 -19 -9 -22 -8 -23 -7 -21 -5 -21 -7 -24 -11 -20 -13 -22 -10 -22 -12 -19 -8 -22 -12 -20 -13 -24 -11 -22 -11 -20 -12 -19 -9 -23 -12 -18 -15 -21 -16 -20 -16 -23 -15 0 -2 -19 -9 -24 -13 -18 -12 -18 -11 -22 -7 -23 -7 -22 -7 -17 -5 -21 -5 -18 -4 -20 -5 -18 -6 -17 -5 -19 -2 -19 -9 -20 -3 -20 -2 -19 0 -18 -4 -17 -5 -22 -5 -23 -5 -22 -6 -23 -3 -20 -6 -19 -4 -3 1 0 0 0 0 0 0 0 0 ]
CSI_DATA,AP,68:FE:71:12:53:8C,-47,11,1,4,1,1,1,0,0,0,0,-96,0,6,1,49217701,0,84,0,0,49.218,384,[84 -64 4 0 0 0 0 0 0 0 0 0 -6 -1 -7 -5 -8 0 -7 0 -9 1 -12 -3 -9 -3 -12 0 -7 -3 -9 -2 -12 -1 -9 -2 -10 -5 -8 -2 -9 -4 -9 -6 -9 -6 -11 -3 -5 -5 -7 -7 -9 -5 -9 -8 -6 -6 -5 -1 -9 -5 -11 -8 1 -2 -5 -4 -10 -4 -4 -3 -10 -5 -7 -2 -6 -6 -8 -1 -8 -2 -9 -2 -6 -4 -8 -1 -9 -1 -11 -5 -8 -6 -6 -5 -10 -4 -7 -4 -6 0 -6 0 -6 -5 -9 -3 -11 1 -8 -5 -9 -5 -10 -6 -13 0 2 3 0 0 0 0 0 0 0 0 ]
CSI_DATA,AP,68:FE:71:12:53:8C,-36,11,1,6,1,1,1,0,0,0,0,-94,0,6,1,49278603,0,84,0,0,49.279,384,[84 -64 4 0 0 0 0 0 0 0 0 0 -5 -26 -8 -29 -9 -31 -4 -28 -5 -27 -2 -29 -3 -27 -3 -29 1 -28 -5 -24 -1 -27 1 -29 1 -28 3 -28 3 -27 2 -25 -1 -24 1 -27 1 -23 3 -23 3 -24 1 -26 3 -19 2 -20 3 -27 -3 -24 2 2 0 -23 -3 -25 1 -20 -1 -22 1 -22 -6 -25 -2 -25 -3 -20 -5 -19 -3 -20 -2 -24 -1 -18 -7 -19 -8 -21 -5 -24 -6 -24 -7 -25 -9 -20 -6 -19 -7 -17 -3 -20 -8 -23 -4 -21 -7 -23 -6 -22 -5 -22 1 3 0 0 0 0 0 0 0 0 ]
CSI_DATA,AP,68:FE:71:12:53:8C,-37,11,1,7,1,1,1,0,0,0,0,-94,0,6,1,49348663,0,84,0,0,49.349,384,[82 -96 4 0 0 0 0 0 0 0 0 0 -13 -10 -17 -13 -14 -10 -12 -12 -11 -11 -16 -12 -11 -12 -15 -13 -9 -14 -9 -12 -11 -11 -11 -11 -8 -15 -13 -12 -13 -15 -7 -13 -11 -11 -10 -15 -10 -16 -7 -15 -9 -16 -8 -13 -9 -11 -12 -12 -12 -10 -13 -14 1 -2 -10 -12 -9 -11 -9 -10 -10 -10 -6 -9 -10 -9 -7 -8 -12 -13 -10 -8 -14 -7 -8 -12 -13 -9 -12 -9 -9 -9 -15 -8 -14 -10 -13 -6 -14 -7 -9 -12 -14 -8 -15 -11 -14 -7 -11 -5 -15 -6 -12 -5 -13 -10 -1 -2 0 0 0 0 0 0 0 0 ]
CSI_DATA,AP,68:FE:71:12:53:8C,-39,11,1,4,1,1,1,0,0,0,0,-93,0,6,1,49443144,0,84,0,0,49.443,384,[84 -64 4 0 0 0 0 0 0 0 0 0 0 18 -3 17 -1 15 -5 23 -3 16 -3 18 -6 19 -3 17 -5 19 -5 15 -6 15 -7 15 -7 21 -6 19 -5 19 -9 14 -5 20 -9 13 -9 14 -4 17 -7 18 -8 15 -2 18 -5 14 -8 14 -8 14 2 2 -1 17 -4 16 -4 18 -6 15 -4 17 -6 15 -2 15 -2 15 1 13 -5 14 -3 16 2 16 -2 13 -1 12 0 17 1 17 3 14 0 14 2 12 1 14 1 17 4 16 2 17 1 13 0 13 5 15 -3 -2 0 0 0 0 0 0 0 0 ]
CSI_DATA,AP,68:FE:71:12:53:8C,-41,11,1,4,1,1,1,0,0,0,0,-94,0,6,1,49533984,0,84,0,0,49.534,384,[84 -64 4 0 0 0 0 0 0 0 0 0 -2 -21 3 -15 0 -16 0 -21 0 -20 6 -16 7 -18 3 -20 7 -20 5 -15 2 -18 6 -16 8 -20 3 -19 4 -16 8 -13 2 -14 4 -17 6 -14 2 -12 3 -15 8 -13 8 -18 2 -12 6 -13 6 -14 1 2 6 -14 3 -17 7 -17 -1 -13 1 -13 1 -15 5 -15 -1 -13 4 -15 4 -15 0 -16 -1 -14 2 -14 0 -14 -2 -14 -3 -16 -3 -18 2 -14 -1 -16 0 -15 -4 -12 -5 -14 -5 -14 -4 -15 -1 -14 -1 -11 1 -2 0 0 0 0 0 0 0 0 ]
CSI_DATA,AP,68:FE:71:12:53:8C,-44,11,1,3,1,1,1,0,0,0,0,-93,0,6,1,49631345,0,84,0,0,49.631,384,[84 -64 4 0 0 0 0 0 0 0 0 0 14 9 16 6 15 11 15 8 15 13 13 11 13 11 13 11 17 9 13 11 17 12 11 9 14 16 10 13 14 10 9 12 13 16 13 10 12 14 12 13 12 15 10 13 13 11 8 12 8 10 10 12 0 3 10 10 12 10 8 8 14 9 11 11 11 8 10 12 10 6 14 10 12 8 11 9 14 9 16 9 10 9 15 6 13 9 16 5 15 5 10 4 10 5 16 6 15 6 11 3 12 5 17 3 14 3 -1 -1 0 0 0 0 0 0 0 0 ]
CSI_DATA,AP,68:FE:71:12:53:8C,-42,11,1,6,1,1,1,1,0,0,0,-95,3,6,1,49728053,0,84,0,0,49.728,384,[37 80 2 0 0 0 0 0 0 0 0 0 25 8 27 11 29 9 32 12 26 10 28 9 26 14 27 11 23 14 26 17 24 16 27 13 22 17 27 11 24 12 25 18 19 13 24 14 24 11 19 15 17 13 21 15 17 14 24 9 18 15 19 10 -1 -3 22 10 19 12 24 13 22 7 19 9 19 11 18 12 24 7 20 9 20 7 22 7 17 5 19 8 18 8 24 5 21 7 26 6 21 6 23 2 26 5 25 7 20 3 24 0 22 4 22 4 22 2 -3 -2 0 0 0 0 0 0 0 0 ]
CSI_DATA,AP,68:FE:71:12:53:8C,-40,11,1,6,1,1,1,0,0,0,0,-95,0,6,1,49817511,0,84,0,0,49.818,384,[84 -64 4 0 0 0 0 0 0 0 0 0 -30 -1 -28 -2 -34 0 -35 0 -29 -3 -30 -5 -30 -5 -25 -8 -32 -9 -27 -7 -28 -4 -28 -4 -32 -10 -27 -3 -26 -8 -33 -9 -26 -5 -24 -4 -28 -4 -25 -8 -26 -8 -23 -11 -23 -5 -22 -8 -28 -5 -22 -3 0 -2 -26 -9 -28 -7 -23 -7 -29 -3 -24 0 -24 -5 -27 -4 -24 0 -22 -4 -22 1 -27 -2 -22 1 -26 0 -23 -2 -28 -1 -24 3 -28 1 -27 -1 -26 -1 -22 4 -23 -1 -25 0 -26 -1 -25 1 -23 8 -25 6 0 2 0 0 0 0 0 0 0 0 ]
CSI_DATA,AP,68:FE:71:12:53:8C,-41,11,1,5,1,1,1,0,0,0,0,-94,0,6,1,49893991,0,84,0,0,49.894,384,[84 -64 4 0 0 0 0 0 0 0 0 0 -23 6 -17 2 -22 6 -22 0 -21 0 -17 -1 -22 4 -20 5 -22 4 -18 -1 -18 -2 -18 2 -21 0 -18 -4 -21 3 -19 -4 -20 -1 -15 -2 -18 2 -15 3 -20 3 -19 1 -17 -2 -14 0 -14 2 -18 -2 2 -3 -19 3 -19 -1 -15 0 -18 -2 -14 1 -18 2 -19 5 -16 3 -15 5 -18 3 -13 5 -14 0 -13 4 -17 5 -13 1 -13 8 -13 3 -15 3 -18 4 -18 4 -15 7 -18 6 -17 6 -14 4 -16 4 -14 5 -3 -2 0 0 0 0 0 0 0 0 ]
CSI_DATA,AP,68:FE:71:12:53:8C,-38,11,1,5,1,1,1,1,0,0,0,-94,4,6,1,49994218,0,84,0,0,49.994,384,[84 -64 4 0 0 0 0 0 0 0 0 0 -22 0 -20 -1 -23 -2 -21 -2 -18 -2 -16 -4 -18 -6 -23 -2 -19 -4 -20 -8 -22 -9 -21 -7 -19 -8 -16 -8 -18 -4 -20 -9 -16 -5 -17 -6 -15 -7 -16 -7 -14 -7 -20 -5 -16 -4 -16 -3 -16 -9 -19 -4 0 3 -19 -7 -13 -6 -17 -4 -15 -4 -13 -6 -18 -1 -13 -3 -19 -1 -13 -4 -14 -1 -13 -2 -15 -5 -18 -4 -18 1 -13 -4 -20 2 -16 -2 -13 0 -13 -2 -15 1 -17 0 -19 0 -19 2 -15 -1 -15 3 -15 4 1 -2 0 0 0 0 0 0 0 0 ]
CSI_DATA,AP,68:FE:71:12:53:8C,-44,11,1,3,1,1,1,0,0,0,0,-94,0,6,1,50108666,0,84,0,0,50.109,384,[84 -64 4 0 0 0 0 0 0 0 0 0 -3 -20 -2 -23 -3 -19 -1 -22 -1 -21 -5 -21 -2 -19 2 -22 0 -18 1 -18 2 -22 1 -18 0 -20 -1 -19 -2 -18 3 -16 1 -21 0 -15 5 -17 -1 -16 -1 -15 5 -19 3 -18 0 -18 3 -18 3 -20 3 -1 3 -18 3 -15 2 -19 3 -14 -3 -16 -4 -14 -3 -18 -4 -18 -2 -15 -5 -17 -5 -14 1 -14 -1 -17 0 -15 -4 -19 -3 -13 -3 -17 -5 -13 -3 -15 -8 -14 -6 -18 -2 -17 -6 -19 -3 -15 -2 -16 -8 -18 -3 1 0 0 0 0 0 0 0 0 ]
CSI_DATA,AP,68:FE:71:12:53:8C,-41,11,1,5,1,1,1,0,0,0,0,-94,0,6,1,50204273,0,84,0,0,50.204,384,[84 -64 4 0 0 0 0 0 0 0 0 0 17 6 21 7 22 7 19 10 20 9 18 11 17 13 17 14 16 14 19 13 21 13 16 14 14 16 18 11 16 12 18 11 19 14 17 10 18 14 12 15 15 14 13 14 17 12 13 15 15 11 14 11 -3 0 17 10 18 13 15 9 12 7 14 8 13 10 15 8 14 10 15 6 12 7 14 7 17 5 14 5 13 10 13 10 13 10 13 5 20 9 20 10 20 3 15 9 14 3 18 8 20 3 15 4 20 3 2 0 0 0 0 0 0 0 0 0 ]
CSI_DATA,AP,68:FE:71:12:53:8C,-41,11,1,4,1,1,1,0,0,0,0,-95,0,6,1,50296666,0,84,0,0,50.297,384,[84 -64 4 0 0 0 0 0 0 0 0 0 -19 -1 -19 -2 -19 -3 -19 -7 -17 -4 -21 -9 -20 -5 -14 -7 -20 -7 -20 -7 -18 -10 -15 -12 -14 -10 -19 -11 -15 -6 -20 -10 -14 -8 -13 -8 -14 -9 -15 -7 -15 -10 -14 -10 -17 -5 -17 -8 -14 -5 -15 -10 3 2 -15 -7 -11 -4 -17 -6 -16 -5 -16 -5 -11 -7 -12 -10 -12 -5 -12 -8 -15 -4 -13 -5 -14 -8 -13 -8 -12 -4 -15 -2 -14 -6 -15 -6 -15 -5 -18 -1 -18 -1 -14 -4 -16 -6 -16 -5 -13 0 -13 -4 -18 -4 -3 2 0 0 0 0 0 0 0 0 ]
CSI_DATA,AP,68:FE:71:12:53:8C,-40,11,1,6,1,1,1,0,0,0,0,-95,0,6,1,50386043,0,84,0,0,50.386,384,[84 -64 4 0 0 0 0 0 0 0 0 0 -3 20 0 17 -3 19 -1 17 -3 15 -3 20 -6 17 -4 15 -6 19 -5 17 -4 20 -7 17 -6 19 -7 19 -4 19 -6 17 -7 13 -6 15 -8 14 -3 16 -4 14 -7 17 -5 11 -8 13 -5 12 -8 18 0 -3 -1 12 -6 12 -6 12 -2 11 -3 15 -4 12 -2 14 -1 17 0 16 -4 10 -6 10 -5 15 0 17 -3 14 -2 15 -4 15 3 16 -1 15 0 15 0 16 0 11 3 14 0 14 -2 13 4 14 3 14 -2 -2 0 0 0 0 0 0 0 0 ]
CSI_DATA,AP,68:FE:71:12:53:8C,-39,11,1,6,1,1,1,0,0,0,0,-93,0,6,1,50473665,0,84,0,0,50.474,384,[84 -64 4 0 0 0 0 0 0 0 0 0 -20 8 -16 5 -23 7 -20 1 -21 1 -17 6 -21 1 -17 3 -21 3 -17 3 -21 2 -23 2 -21 3 -19 -1 -22 -3 -20 1 -22 1 -19 1 -19 -4 -19 -1 -21 1 -21 2 -15 -4 -20 1 -14 0 -16 2 2 1 -16 1 -19 -2 -16 -1 -18 1 -15 -3 -16 -1 -18 0 -14 3 -18 0 -15 2 -13 0 -16 0 -19 3 -18 4 -17 2 -16 6 -13 1 -13 5 -13 6 -14 6 -13 7 -16 6 -14 7 -18 4 -14 6 -16 6 2 0 0 0 0 0 0 0 0 0 ]
CSI_DATA,AP,68:FE:71:12:53:8C,-35,11,1,6,1,1,1,0,0,0,0,-94,0,6,1,50607142,0,84,0,0,50.607,384,[84 -64 4 0 0 0 0 0 0 0 0 0 -16 7 -20 9 -21 9 -18 5 -16 5 -19 6 -18 2 -22 6 -19 3 -21 6 -20 0 -17 1 -22 -1 -18 3 -23 4 -21 -1 -16 2 -18 1 -19 2 -20 0 -16 4 -16 -1 -15 1 -18 -1 -15 2 -19 1 3 -1 -17 3 -16 0 -15 5 -18 5 -18 1 -13 4 -15 4 -18 4 -18 5 -17 3 -15 2 -15 3 -12 6 -14 4 -14 7 -15 5 -18 4 -12 8 -15 4 -16 10 -12 8 -15 4 -12 4 -18 6 -12 5 -15 8 2 -1 0 0 0 0 0 0 0 0 ]
CSI_DATA,AP,68:FE:71:12:53:8C,-39,11,1,5,1,1,1,0,0,0,0,-95,0,6,1,50689341,0,84,0,0,50.689,384,[84 -64 4 0 0 0 0 0 0 0 0 0 -8 5 -5 11 -9 5 -7 9 -3 11 -10 8 -8 9 -10 6 -8 5 -5 8 -10 8 -9 7 -10 8 -10 9 -8 6 -10 9 -7 7 -10 7 -6 6 -10 7 -5 2 -11 6 -7 4 -6 5 -3 2 -5 7 -1 0 -5 5 -6 7 -4 6 -8 8 -7 7 -5 5 -5 4 -3 7 -7 3 -3 9 -7 3 -7 7 -5 9 -5 4 -4 5 -5 9 -3 8 -3 7 -5 6 -4 8 -5 9 -2 4 -6 3 -5 6 -3 7 -8 8 2 -1 0 0 0 0 0 0 0 0 ]
CSI_DATA,AP,68:FE:71:12:53:8C,-42,11,1,5,1,1,1,0,0,0,0,-94,0,6,1,50802630,0,84,0,0,50.803,384,[84 -64 4 0 0 0 0 0 0 0 0 0 12 15 7 16 5 18 5 17 4 15 5 19 9 21 3 16 2 20 3 20 5 22 3 21 4 21 4 19 2 16 5 19 5 18 4 17 3 20 6 14 3 20 3 17 5 15 2 15 5 15 4 19 3 -3 4 18 7 17 7 14 0 12 1 13 6 16 7 16 5 14 4 15 7 14 7 13 7 16 7 18 5 16 5 14 6 11 6 13 9 13 5 13 8 15 9 13 8 14 9 10 8 12 6 9 7 10 -3 -1 0 0 0 0 0 0 0 0 ]
CSI_DATA,AP,68:FE:71:12:53:8C,-38,11,1,6,1,1,1,0,0,0,0,-93,0,6,1,50858087,0,84,0,0,50.858,384,[84 -64 4 0 0 0 0 0 0 0 0 0 -2 20 -1 20 1 18 -3 21 0 17 -3 20 -4 17 -3 19 -4 15 -7 21 -5 22 -6 18 -7 19 -2 22 -6 16 -2 18 -6 17 -4 16 -6 20 -3 14 -8 17 -7 20 -7 14 -3 18 -3 19 -3 18 -2 -3 -5 17 -4 17 -4 14 -6 13 0 13 0 17 -5 14 -5 17 -3 17 -3 16 -3 19 3 12 0 15 -1 15 -3 12 2 16 -1 18 2 13 1 16 5 17 1 16 3 17 2 15 7 15 1 14 2 16 1 -2 0 0 0 0 0 0 0 0 ]
CSI_DATA,AP,68:FE:71:12:53:8C,-39,11,0,0,0,0,0,0,0,0,0,-96,0,6,1,50959725,0,37,0,0,50.96,128,[84 -64 4 0 0 0 0 0 0 0 0 0 14 10 16 6 12 12 14 10 16 11 16 8 15 9 15 9 11 14 15 14 13 13 11 11 10 10 8 10 10 8 14 15 10 13 9 15 7 13 7 14 7 12 7 13 11 9 13 9 9 13 12 8 -2 3 13 11 8 12 13 9 11 7 7 9 8 12 9 11 13 7 11 5 8 6 8 6 12 7 10 5 12 9 14 4 10 10 15 7 14 7 15 9 12 6 14 4 10 2 10 3 11 6 14 5 14 7 -1 2 0 0 0 0 0 0 0 0 ]
CSI_DATA,AP,68:FE:71:12:53:8C,-45,11,1,5,1,1,1,1,0,0,0,-95,1,6,1,51067285,0,84,0,0,51.067,384,[84 -64 4 0 0 0 0 0 0 0 0 0 -1 16 -1 15 -4 15 -7 18 -6 14 -8 15 -7 19 -5 15 -2 13 -3 13 -7 17 -7 16 -7 16 -6 18 -9 19 -8 17 -7 15 -4 16 -5 17 -3 17 -9 13 -4 11 -9 13 -4 15 -9 13 -10 15 0 1 -5 11 -5 16 -4 15 -2 11 -3 10 -4 16 -4 11 -4 12 -3 17 -5 14 -3 12 -5 12 -6 12 -1 14 -1 16 -1 16 -2 14 1 14 -4 16 -2 14 -2 16 2 13 -1 15 1 13 -1 14 -1 11 0 -2 0 0 0 0 0 0 0 0 ]
CSI_DATA,AP,68:FE:71:12:53:8C,-40,11,1,6,1,1,1,0,0,0,0,-96,0,6,1,51139406,0,84,0,0,51.139,384,[84 -64 4 0 0 0 0 0 0 0 0 0 20 -6 16 -1 16 -3 15 -3 16 -2 20 1 15 -1 15 0 20 0 14 1 19 5 19 1 17 3 18 1 19 -1 13 -1 17 3 14 1 17 0 18 -1 16 2 15 0 11 3 17 3 14 4 16 3 -2 -2 11 4 15 3 14 3 14 -2 17 -1 13 -2 17 2 13 -3 14 0 16 -2 14 2 12 0 11 0 10 -3 16 -3 11 -2 11 -4 11 -6 13 -6 11 -4 11 -6 15 -6 12 -3 16 -3 12 -2 16 -3 0 -3 0 0 0 0 0 0 0 0 ]
CSI_DATA,AP,68:FE:71:12:53:8C,-40,11,1,5,1,1,1,1,0,0,0,-96,2,6,1,51287488,0,84,0,0,51.287,384,[84 -64 4 0 0 0 0 0 0 0 0 0 -21 29 -28 26 -31 26 -31 24 -28 28 -31 26 -30 20 -29 20 -33 18 -28 21 -28 23 -31 20 -29 22 -29 22 -30 21 -34 20 -32 21 -30 17 -31 18 -26 19 -27 16 -26 18 -23 15 -29 14 -29 15 -25 15 2 -1 -27 17 -23 19 -27 15 -23 20 -26 15 -23 18 -28 19 -19 19 -23 16 -18 23 -23 23 -18 17 -18 18 -18 24 -19 18 -22 23 -18 24 -16 23 -17 24 -19 22 -17 24 -16 25 -14 28 -18 26 -18 21 -18 28 2 -2 0 0 0 0 0 0 0 0 ]
CSI_DATA,AP,68:FE:71:12:53:8C,-41,11,1,5,1,1,1,0,0,0,0,-93,0,6,1,51404696,0,84,0,0,51.405,384,[84 -64 4 0 0 0 0 0 0 0 0 0 12 -13 15 -15 15 -13 18 -10 19 -10 16 -12 19 -7 18 -7 17 -7 15 -11 19 -8 19 -6 17 -11 21 -10 20 -6 18 -7 17 -4 14 -9 14 -6 14 -6 19 -8 19 -10 19 -7 17 -8 19 -4 18 -9 0 3 16 -8 14 -6 14 -6 16 -9 11 -4 15 -7 16 -6 13 -5 13 -6 11 -8 11 -8 14 -9 15 -6 11 -10 15 -11 12 -7 13 -9 8 -9 14 -9 12 -14 14 -11 13 -8 13 -11 12 -10 11 -9 9 -12 -3 2 0 0 0 0 0 0 0 0 ]
CSI_DATA,AP,68:FE:71:12:53:8C,-40,11,1,6,1,1,1,0,0,0,0,-93,0,6,1,51508163,0,84,0,0,51.508,384,[84 -64 4 0 0 0 0 0 0 0 0 0 14 16 11 12 14 13 9 18 12 14 12 13 7 16 12 13 9 18 7 17 8 14 10 15 12 18 5 18 7 13 9 14 4 13 9 11 6 15 4 16 9 14 8 17 7 16 6 11 8 11 5 16 3 -1 10 10 10 16 8 15 10 12 10 15 8 10 8 13 5 14 10 12 10 9 11 11 12 9 9 14 9 12 7 12 9 8 11 11 11 6 13 11 11 8 11 8 14 8 15 10 14 12 10 6 13 8 0 1 0 0 0 0 0 0 0 0 ]
CSI_DATA,AP,68:FE:71:12:53:8C,-37,11,1,7,1,1,1,0,0,0,0,-95,0,6,1,51601414,0,84,0,0,51.601,384,[84 -64 4 0 0 0 0 0 0 0 0 0 -1 -22 -2 -18 -2 -20 -3 -20 1 -20 4 -18 3 -20 -1 -18 2 -21 6 -21 1 -23 2 -22 7 -23 3 -17 8 -19 6 -17 6 -16 7 -19 3 -18 2 -16 4 -16 3 -17 7 -19 3 -20 1 -15 4 -16 0 -2 0 -14 4 -14 5 -18 3 -17 0 -17 0 -19 1 -13 5 -18 2 -13 -2 -18 -3 -15 3 -17 2 -17 -3 -15 3 -16 -1 -14 2 -15 -2 -18 -4 -18 -1 -18 -1 -19 -2 -18 1 -18 -1 -19 -4 -15 0 -14 -1 0 0 0 0 0 0 0 0 0 ]
CSI_DATA,AP,68:FE:71:12:53:8C,-36,11,1,6,1,1,1,0,0,0,1,-96,0,6,1,51710333,0,84,0,0,51.71,384,[84 -64 4 0 0 0 0 0 0 0 0 0 -15 18 -15 14 -17 15 -16 12 -16 14 -19 13 -17 11 -17 14 -14 9 -20 12 -20 10 -17 11 -19 13 -20 7 -18 6 -19 9 -18 8 -13 5 -17 7 -16 8 -14 6 -14 9 -18 5 -18 6 -18 11 -15 10 3 1 -12 12 -17 13 -17 9 -16 11 -11 10 -17 11 -16 7 -10 12 -14 12 -9 9 -13 9 -12 11 -14 13 -14 13 -13 14 -12 13 -9 13 -13 12 -13 15 -8 10 -14 11 -13 13 -12 14 -12 15 -12 14 -7 14 0 1 0 0 0 0 0 0 0 0 ]
CSI_DATA,AP,68:FE:71:12:53:8C,-41,11,1,4,1,1,1,1,0,0,0,-96,3,6,1,51799675,0,84,0,0,51.8,384,[84 -64 4 0 0 0 0 0 0 0 0 0 -17 -15 -19 -12 -13 -17 -16 -18 -16 -15 -16 -18 -11 -18 -9 -14 -14 -15 -10 -14 -16 -17 -11 -16 -14 -20 -13 -16 -8 -16 -8 -15 -12 -14 -8 -13 -12 -20 -11 -20 -11 -16 -7 -18 -11 -17 -10 -13 -10 -18 -14 -17 3 -3 -9 -12 -11 -11 -14 -16 -14 -16 -14 -15 -12 -16 -8 -17 -10 -13 -10 -10 -11 -14 -16 -8 -13 -9 -12 -10 -15 -8 -11 -10 -15 -13 -10 -9 -14 -11 -11 -7 -12 -9 -14 -13 -12 -10 -17 -10 -18 -9 -12 -6 -16 -6 1 2 0 0 0 0 0 0 0 0 ]
CSI_DATA,AP,68:FE:71:12:53:8C,-43,11,0,0,0,0,0,1,0,0,0,-93,1,6,1,51903867,0,37,0,0,51.904,128,[84 -64 4 0 0 0 0 0 0 0 0 0 -3 24 0 20 -5 25 -1 25 -4 19 -3 21 -6 18 -6 23 -5 20 -8 23 -9 23 -6 23 -10 20 -8 21 -6 21 -7 22 -8 22 -5 20 -6 16 -6 15 -7 20 -5 21 -6 17 -10 17 -10 15 -5 20 -2 3 -7 18 -2 18 -4 21 -7 18 -3 17 -3 16 -6 15 -6 16 0 17 -4 17 -5 20 -5 13 -4 19 0 17 -5 16 1 18 -2 19 0 14 -2 20 -3 18 -1 16 1 20 -2 17 4 21 -4 16 3 19 0 2 0 0 0 0 0 0 0 0 ]
CSI_DATA,AP,68:FE:71:12:53:8C,-38,11,1,7,1,1,1,0,0,0,0,-95,0,6,1,51999525,0,84,0,0,52,384,[84 -64 4 0 0 0 0 0 0 0 0 0 4 -22 -2 -24 4 -26 1 -24 6 -23 7 -19 7 -23 4 -17 7 -17 6 -21 5 -22 8 -18 6 -23 5 -23 9 -23 7 -19 6 -22 7 -17 7 -18 9 -16 6 -16 6 -19 3 -13 7 -16 8 -19 8 -15 3 -1 8 -20 6 -21 1 -22 6 -20 3 -17 1 -17 1 -18 5 -19 4 -20 0 -19 -2 -21 2 -15 1 -18 -1 -21 4 -16 -1 -21 -3 -16 -1 -20 3 -20 -4 -14 -2 -17 -1 -18 -2 -20 -5 -20 -4 -19 -1 -17 2 2 0 0 0 0 0 0 0 0 ]
CSI_DATA,AP,68:FE:71:12:53:8C,-38,11,1,6,1,1,1,0,0,0,0,-94,0,6,1,52123208,0,84,0,0,52.123,384,[84 -64 4 0 0 0 0 0 0 0 0 0 -6 17 -13 21 -7 20 -10 21 -8 19 -9 15 -13 19 -13 19 -17 16 -14 16 -12 15 -10 20 -15 19 -17 15 -11 13 -18 13 -15 13 -10 10 -11 17 -15 13 -11 14 -14 16 -16 9 -10 11 -15 11 -15 10 1 2 -14 14 -9 15 -9 12 -8 14 -8 14 -11 14 -12 12 -11 14 -12 16 -11 12 -10 15 -8 10 -5 18 -10 12 -10 16 -9 17 -6 13 -10 18 -10 12 -7 14 -8 14 -6 17 -5 19 -3 14 -3 17 -2 14 0 -2 0 0 0 0 0 0 0 0 ]
CSI_DATA,AP,68:FE:71:12:53:8C,-47,11,1,5,1,1,1,0,0,0,0,-95,0,6,1,52202263,0,84,0,0,52.202,384,[84 -64 4 0 0 0 0 0 0 0 0 0 4 17 4 20 4 25 -1 22 2 21 -3 16 3 20 -1 17 -4 18 1 24 0 24 -1 23 -6 18 0 18 -6 21 0 24 0 16 -4 18 -1 21 -5 20 -3 15 -1 18 -2 14 -3 19 -3 20 0 16 2 -2 -2 14 0 21 -4 20 -1 18 -4 18 -1 16 -2 16 0 17 2 17 3 13 1 20 5 13 1 19 3 16 0 20 4 19 4 17 4 19 6 13 7 13 1 15 5 17 6 18 4 18 2 15 8 13 -1 -2 0 0 0 0 0 0 0 0 ]
CSI_DATA,AP,68:FE:71:12:53:8C,-45,11,1,4,1,1,1,0,0,0,0,-95,0,6,1,52266773,0,84,0,0,52.267,384,[84 -64 4 0 0 0 0 0 0 0 0 0 9 17 11 22 5 18 8 21 9 21 8 20 1 17 3 19 0 22 4 16 1 22 5 20 4 22 6 20 3 22 5 19 4 20 3 20 -1 22 4 19 -1 17 -1 15 0 13 3 17 5 18 1 16 1 -2 2 16 -1 16 4 18 7 16 5 19 0 19 2 15 2 14 6 13 3 11 4 16 5 16 2 15 5 15 2 17 5 19 4 16 10 17 7 18 7 12 10 14 4 13 6 17 9 17 7 17 6 14 -1 3 0 0 0 0 0 0 0 0 ]
CSI_DATA,AP,68:FE:71:12:53:8C,-37,11,1,7,1,1,1,0,0,0,0,-95,0,6,1,52346770,0,84,0,0,52.347,384,[84 -64 4 0 0 0 0 0 0 0 0 0 -12 16 -9 21 -10 20 -15 18 -13 17 -10 17 -15 14 -13 19 -12 14 -11 14 -13 19 -13 14 -17 15 -16 17 -17 16 -17 13 -15 16 -15 15 -15 13 -15 13 -13 14 -15 14 -11 13 -15 14 -13 15 -15 13 1 -2 -11 10 -11 18 -10 14 -7 14 -14 13 -10 14 -7 13 -8 16 -7 11 -7 11 -11 18 -5 16 -10 15 -6 12 -6 12 -8 14 -10 17 -7 15 -5 19 -6 19 -5 17 -8 14 -6 19 -5 16 -2 13 -8 18 -3 2 0 0 0 0 0 0 0 0 ]
CSI_DATA,AP,68:FE:71:12:53:8C,-41,11,1,4,1,1,1,0,0,0,0,-96,0,6,1,52427398,0,84,0,0,52.427,384,[84 -64 4 0 0 0 0 0 0 0 0 0 -23 -11 -20 -9 -21 -7 -21 -9 -19 -9 -13 -13 -17 -15 -18 -12 -16 -16 -15 -16 -17 -14 -16 -11 -18 -15 -13 -14 -13 -16 -13 -14 -12 -13 -14 -11 -16 -13 -15 -15 -9 -14 -11 -14 -10 -12 -14 -16 -13 -13 -16 -12 -1 -2 -10 -15 -11 -13 -11 -8 -11 -14 -16 -13 -11 -13 -14 -8 -15 -14 -11 -12 -12 -6 -17 -9 -10 -7 -16 -10 -14 -6 -13 -9 -18 -7 -16 -6 -14 -6 -13 -11 -18 -6 -11 -7 -13 -6 -16 -6 -14 -5 -17 -9 -19 -7 -3 2 0 0 0 0 0 0 0 0 ]
CSI_DATA,AP,68:FE:71:12:53:8C,-40,11,1,6,1,1,1,0,0,0,0,-94,0,6,1,52501329,0,84,0,0,52.501,384,[84 -64 4 0 0 0 0 0 0 0 0 0 16 6 16 10 18 10 18 11 16 8 18 11 15 16 17 15 16 10 12 15 17 12 16 10 17 14 14 12 11 13 15 16 14 15 14 15 12 12 13 9 14 15 9 12 9 9 13 15 13 10 13 13 2 -2 12 14 11 11 10 8 14 8 15 11 16 10 15 11 10 6 13 10 12 8 17 7 10 5 11 7 14 7 17 9 14 9 18 8 16 8 17 9 11 3 11 5 11 5 14 3 16 2 15 8 16 4 0 0 0 0 0 0 0 0 0 0 ]
CSI_DATA,AP,68:FE:71:12:53:8C,-44,11,1,5,1,1,1,0,0,0,0,-95,0,6,1,52606270,0,84,0,0,52.606,384,[84 -64 4 0 0 0 0 0 0 0 0 0 -15 -14 -11 -15 -13 -21 -15 -16 -11 -20 -7 -15 -8 -16 -8 -15 -10 -18 -8 -19 -6 -20 -10 -16 -9 -16 -7 -19 -4 -16 -9 -17 -3 -21 -9 -17 -5 -20 -7 -15 -4 -21 -6 -16 -4 -19 -10 -19 -5 -20 -4 -18 -2 2 -5 -16 -11 -18 -10 -15 -8 -18 -7 -18 -6 -14 -7 -12 -10 -12 -5 -12 -10 -15 -13 -13 -11 -10 -11 -15 -12 -13 -7 -11 -11 -15 -11 -12 -13 -9 -10 -15 -11 -12 -15 -15 -14 -14 -15 -13 -13 -9 -13 -10 -11 -9 1 3 0 0 0 0 0 0 0 0 ]
CSI_DATA,AP,68:FE:71:12:53:8C,-41,11,1,6,1,1,1,0,0,0,1,-94,0,6,1,52689418,0,84,0,0,52.689,384,[84 -64 4 0 0 0 0 0 0 0 0 0 7 -15 13 -17 12 -21 12 -16 13 -19 9 -19 16 -15 12 -12 15 -14 12 -18 11 -14 10 -13 11 -15 14 -13 15 -14 16 -17 13 -12 13 -15 15 -12 15 -11 12 -12 14 -11 9 -13 12 -16 13 -14 8 -14 2 0 14 -13 14 -10 12 -16 6 -17 13 -15 11 -14 12 -14 6 -16 12 -13 8 -12 11 -14 5 -12 11 -18 10 -13 10 -16 5 -13 5 -13 8 -17 7 -15 3 -13 8 -17 9 -17 4 -19 7 -20 2 -18 7 -14 0 0 0 0 0 0 0 0 0 0 ]
CSI_DATA,AP,68:FE:71:12:53:8C,-45,11,0,0,0,0,0,1,0,0,0,-95,2,6,1,52798408,0,37,0,0,52.798,128,[84 -64 4 0 0 0 0 0 0 0 0 0 -22 -7 -19 -8 -24 -9 -21 -10 -20 -9 -15 -9 -21 -7 -16 -10 -22 -7 -19 -11 -21 -11 -15 -12 -16 -13 -20 -12 -18 -10 -17 -10 -13 -10 -13 -14 -13 -9 -17 -14 -16 -11 -12 -12 -13 -9 -14 -9 -15 -13 -14 -12 2 2 -15 -9 -17 -12 -15 -11 -15 -8 -14 -9 -13 -8 -17 -12 -15 -10 -15 -9 -14 -5 -18 -8 -12 -6 -14 -5 -12 -7 -15 -9 -18 -7 -18 -8 -13 -3 -15 -8 -13 -7 -19 -7 -19 -4 -13 -3 -18 -1 -17 -2 -20 -2 -3 -1 0 0 0 0 0 0 0 0 ]
CSI_DATA,AP,68:FE:71:12:53:8C,-40,11,1,5,1,1,1,1,0,0,0,-93,6,6,1,52902901,0,84,0,0,52.903,384,[84 -64 4 0 0 0 0 0 0 0 0 0 -21 0 -21 -4 -22 -3 -23 -2 -20 -6 -20 -4 -24 -6 -21 -7 -20 -5 -23 -6 -19 -6 -19 -8 -18 -9 -18 -9 -18 -5 -18 -8 -16 -5 -17 -6 -17 -9 -18 -7 -16 -9 -17 -9 -18 -7 -18 -9 -21 -4 -18 -3 -1 -1 -19 -7 -14 -3 -15 -5 -16 -7 -13 -4 -15 -3 -19 -6 -15 -5 -18 -3 -17 -1 -20 0 -17 -4 -15 0 -14 0 -20 0 -21 3 -19 3 -14 2 -20 3 -19 1 -17 2 -14 1 -16 -2 -20 4 -15 3 -15 4 3 -3 0 0 0 0 0 0 0 0 ]
CSI_DATA,AP,68:FE:71:12:53:8C,-44,11,1,5,1,1,1,0,0,0,0,-95,0,6,1,53001677,0,84,0,0,53.002,384,[84 -64 4 0 0 0 0 0 0 0 0 0 -20 -11 -17 -13 -17 -14 -20 -13 -16 -18 -16 -15 -15 -19 -15 -18 -14 -18 -15 -18 -15 -20 -12 -14 -15 -18 -11 -15 -15 -17 -14 -17 -12 -14 -9 -15 -13 -13 -13 -15 -14 -14 -11 -13 -10 -16 -14 -12 -10 -13 -9 -12 -3 1 -13 -13 -10 -15 -14 -13 -15 -14 -13 -12 -9 -12 -9 -14 -14 -15 -12 -9 -15 -14 -12 -14 -10 -10 -11 -7 -14 -12 -12 -9 -18 -12 -14 -14 -17 -6 -16 -12 -16 -8 -18 -11 -13 -9 -17 -12 -14 -11 -15 -9 -17 -8 3 2 0 0 0 0 0 0 0 0 ]
CSI_DATA,AP,68:FE:71:12:53:8C,-40,11,1,6,1,1,1,0,0,0,0,-95,0,6,1,53085587,0,84,0,0,53.086,384,[84 -64 4 0 0 0 0 0 0 0 0 0 -12 20 -12 16 -13 20 -13 15 -15 16 -17 16 -19 12 -14 15 -14 14 -12 10 -16 17 -13 12 -19 16 -19 13 -16 11 -18 11 -13 11 -18 9 -16 10 -18 9 -15 11 -13 8 -16 7 -13 14 -14 11 -15 12 -1 -3 -16 10 -10 15 -11 10 -13 11 -15 14 -13 11 -15 12 -12 9 -9 10 -13 14 -8 16 -7 13 -9 15 -12 12 -9 10 -12 11 -8 17 -10 15 -13 17 -9 13 -11 16 -5 12 -10 18 -9 15 -9 17 -4 13 3 0 0 0 0 0 0 0 0 0 ]
CSI_DATA,AP,68:FE:71:12:53:8C,-40,11,1,4,1,1,1,0,0,0,0,-94,0,6,1,53166253,0,84,0,0,53.166,384,[84 -64 4 0 0 0 0 0 0 0 0 0 -9 -18 -6 -20 -7 -19 -3 -19 -2 -23 -4 -19 -6 -23 2 -18 0 -22 -3 -23 1 -21 -3 -18 3 -21 3 -18 0 -18 -1 -23 2 -20 0 -18 3 -16 2 -16 4 -19 4 -16 -1 -17 2 -17 0 -21 3 -16 -1 0 -3 -17 2 -17 2 -18 1 -16 3 -19 0 -14 -2 -17 -2 -16 -1 -19 1 -15 -5 -15 -5 -16 -4 -15 -6 -19 -2 -14 -7 -16 -3 -21 -4 -14 -6 -17 -2 -16 -6 -15 -3 -17 -7 -18 -10 -16 -5 -13 -8 -17 1 -1 0 0 0 0 0 0 0 0 ]
CSI_DATA,AP,68:FE:71:12:53:8C,-42,11,1,4,1,1,1,1,0,0,0,-95,2,6,1,53244216,0,84,0,0,53.244,384,[84 -64 4 0 0 0 0 0 0 0 0 0 12 -20 9 -17 12 -18 14 -17 13 -18 10 -19 15 -15 11 -15 11 -19 15 -14 11 -13 11 -17 16 -16 14 -15 11 -15 13 -17 11 -14 10 -14 9 -10 13 -13 11 -10 10 -12 10 -15 15 -15 13 -15 12 -13 2 0 12 -12 8 -15 12 -13 9 -11 13 -15 13 -14 10 -14 7 -10 8 -15 10 -13 10 -12 11 -17 11 -13 11 -13 9 -15 5 -13 8 -14 7 -15 5 -16 5 -15 7 -14 9 -16 3 -16 3 -14 6 -15 3 -12 -1 3 0 0 0 0 0 0 0 0 ]
CSI_DATA,AP,68:FE:71:12:53:8C,-41,11,1,6,1,1,1,0,0,0,0,-95,0,6,1,53339553,0,84,0,0,53.34,384,[84 -64 4 0 0 0 0 0 0 0 0 0 -6 -20 -11 -19 -6 -21 -11 -24 -3 -19 -4 -19 -3 -18 -2 -19 -1 -20 -6 -20 -5 -20 -3 -22 -6 -24 -1 -20 0 -18 -1 -20 -1 -17 -3 -17 2 -22 -1 -20 1 -18 -1 -17 -2 -15 -5 -22 0 -19 -4 -22 3 -3 -1 -20 -1 -21 -6 -16 -4 -17 -1 -16 -5 -17 -1 -21 -3 -14 -7 -14 -5 -13 -4 -15 -3 -13 -4 -18 -4 -20 -7 -16 -10 -16 -5 -14 -7 -16 -9 -18 -7 -13 -7 -14 -6 -15 -10 -17 -13 -18 -7 -13 -8 -14 0 -3 0 0 0 0 0 0 0 0 ]
CSI_DATA,AP,68:FE:71:12:53:8C,-38,11,1,6,1,1,1,0,0,0,0,-94,0,6,1,53452440,0,84,0,0,53.452,384,[84 -64 4 0 0 0 0 0 0 0 0 0 -18 11 -17 7 -20 4 -26 3 -22 6 -19 3 -24 6 -22 0 -24 3 -17 -1 -22 2 -21 0 -20 4 -22 1 -21 2 -23 -3 -23 3 -19 2 -23 -3 -16 -3 -16 -2 -19 0 -15 3 -21 -2 -21 -2 -19 2 -3 0 -20 -1 -19 3 -22 2 -16 6 -17 -1 -18 0 -16 1 -19 3 -15 4 -16 6 -17 4 -16 7 -16 8 -14 4 -15 7 -15 7 -17 8 -17 8 -19 4 -17 4 -13 6 -13 3 -15 6 -18 11 -16 6 -16 12 3 -1 0 0 0 0 0 0 0 0 ]
CSI_DATA,AP,68:FE:71:12:53:8C,-40,11,1,6,1,1,1,0,0,0,0,-93,0,6,1,53561773,0,84,0,0,53.562,384,[84 -64 4 0 0 0 0 0 0 0 0 0 15 13 15 14 16 14 20 10 16 15 17 13 13 11 15 12 13 14 16 13 10 12 11 16 10 12 12 12 8 13 16 17 10 12 11 10 11 15 9 14 7 13 9 13 6 9 8 17 12 14 8 11 -1 1 12 8 12 12 9 12 12 9 14 10 11 13 14 12 9 13 11 8 9 8 12 9 13 8 10 8 14 7 9 7 15 12 13 12 11 10 14 10 11 6 16 9 11 6 13 9 18 3 11 8 14 8 0 -2 0 0 0 0 0 0 0 0 ]
CSI_DATA,AP,68:FE:71:12:53:8C,-36,11,1,5,1,1,1,1,0,0,0,-96,5,6,1,53653873,0,84,0,0,53.654,384,[84 -64 4 0 0 0 0 0 0 0 0 0 -24 1 -21 -2 -26 -2 -24 3 -23 2 -21 -4 -22 -3 -23 -1 -22 -3 -21 -4 -24 -5 -24 -5 -20 -3 -21 -4 -18 -6 -19 -2 -22 -7 -21 -2 -22 -7 -20 -5 -16 -5 -21 -3 -21 -4 -20 -8 -18 -8 -17 -7 0 0 -15 -4 -21 -3 -17 -6 -15 0 -20 -6 -21 -5 -20 -6 -18 1 -15 -1 -14 -2 -22 -3 -14 -3 -16 2 -20 1 -15 3 -22 3 -17 1 -20 -1 -15 3 -19 1 -17 -2 -17 -1 -17 2 -20 5 -16 6 -18 6 1 0 0 0 0 0 0 0 0 0 ]
CSI_DATA,AP,68:FE:71:12:53:8C,-40,11,1,6,1,1,1,0,0,0,0,-96,0,6,1,53778807,0,84,0,0,53.779,384,[84 -64 4 0 0 0 0 0 0 0 0 0 20 4 14 1 22 6 20 7 16 6 14 7 17 5 15 3 19 7 17 10 20 5 19 9 18 11 18 11 15 10 14 12 11 7 16 7 14 4 13 7 12 8 15 11 15 8 13 9 17 6 16 7 1 3 12 7 14 4 14 9 16 4 12 7 12 8 16 3 10 6 15 2 15 2 16 1 13 2 17 6 13 4 17 4 12 0 16 4 17 -2 13 2 16 -1 17 -1 17 4 12 3 15 3 14 -2 15 0 2 -2 0 0 0 0 0 0 0 0 ]
CSI_DATA,AP,68:FE:71:12:53:8C,-40,11,1,5,1,1,1,0,0,0,0,-95,0,6,1,53859153,0,84,0,0,53.859,384,[84 -64 4 0 0 0 0 0 0 0 0 0 -16 -13 -12 -13 -15 -14 -14 -15 -13 -12 -10 -12 -13 -16 -14 -11 -10 -16 -11 -12 -12 -19 -13 -16 -8 -14 -9 -15 -9 -16 -9 -14 -11 -13 -7 -15 -7 -16 -8 -17 -10 -16 -13 -18 -9 -16 -11 -14 -8 -15 -8 -16 -3 2 -6 -12 -12 -12 -10 -10 -11 -12 -6 -16 -8 -10 -7 -14 -10 -8 -7 -13 -8 -9 -11 -14 -9 -14 -14 -13 -12 -10 -8 -11 -11 -13 -10 -8 -12 -8 -9 -7 -11 -7 -10 -12 -10 -10 -9 -8 -11 -7 -10 -8 -15 -12 0 0 0 0 0 0 0 0 0 0 ]
CSI_DATA,AP,68:FE:71:12:53:8C,-38,11,1,6,1,1,1,0,0,0,0,-95,0,6,1,53927062,0,84,0,0,53.927,384,[84 -64 4 0 0 0 0 0 0 0 0 0 -17 -10 -14 -15 -15 -16 -18 -16 -15 -17 -13 -12 -12 -17 -11 -14 -10 -16 -10 -16 -15 -16 -11 -19 -14 -20 -10 -15 -15 -16 -13 -15 -10 -15 -13 -13 -13 -13 -9 -16 -8 -18 -8 -19 -10 -15 -12 -14 -15 -17 -15 -14 2 -1 -9 -12 -15 -12 -15 -13 -16 -12 -11 -15 -12 -15 -15 -16 -11 -15 -10 -13 -13 -8 -15 -10 -13 -11 -13 -13 -17 -8 -16 -10 -17 -9 -16 -7 -17 -6 -13 -6 -13 -11 -16 -6 -12 -5 -16 -7 -14 -11 -13 -4 -15 -7 -2 2 0 0 0 0 0 0 0 0 ]
CSI_DATA,AP,68:FE:71:12:53:8C,-40,11,1,6,1,1,1,0,0,0,0,-96,0,6,1,54008166,0,84,0,0,54.008,384,[84 -64 4 0 0 0 0 0 0 0 0 0 -11 -29 -9 -25 -8 -28 -13 -32 -11 -27 -5 -28 -4 -30 -3 -27 -6 -28 -3 -27 -6 -28 -7 -24 -1 -24 -6 -29 -1 -25 -7 -29 -3 -26 -5 -25 -2 -22 -1 -27 0 -22 -1 -26 1 -23 0 -21 -2 -23 0 -22 2 2 -4 -23 -3 -24 -8 -24 -8 -17 -2 -17 -3 -20 -8 -20 -8 -18 -6 -20 -8 -16 -8 -18 -7 -18 -9 -18 -9 -15 -6 -19 -7 -16 -9 -20 -12 -14 -7 -16 -7 -17 -8 -16 -8 -13 -8 -18 -14 -16 -11 -12 -14 -16 0 -2 0 0 0 0 0 0 0 0 ]
CSI_DATA,AP,68:FE:71:12:53:8C,-45,11,1,4,1,1,1,1,0,0,0,-96,2,6,1,54102217,0,84,0,0,54.102,384,[84 -64 4 0 0 0 0 0 0 0 0 0 -2 15 -4 15 -6 20 -2 19 -2 18 -3 14 -7 18 -9 15 -3 13 -5 13 -4 16 -5 14 -8 18 -5 13 -6 16 -9 14 -9 12 -5 15 -10 13 -5 11 -9 16 -9 13 -11 13 -9 11 -10 14 -10 9 1 0 -6 16 -4 12 -8 12 -4 11 -4 10 -3 11 -4 14 -2 12 -6 13 -5 10 -1 12 -2 11 0 11 0 10 -3 10 0 12 0 16 -1 10 -2 14 0 9 0 14 1 11 2 11 2 14 -2 16 -3 10 -2 0 0 0 0 0 0 0 0 0 ]
CSI_DATA,AP,68:FE:71:12:53:8C,-37,11,1,7,1,1,1,0,0,0,0,-96,0,6,1,54192425,0,84,0,0,54.192,384,[84 -64 4 0 0 0 0 0 0 0 0 0 19 -13 14 -10 20 -12 18 -11 22 -6 19 -9 18 -9 15 -8 15 -3 15 -6 16 -5 19 -1 20 -5 22 -1 15 -3 18 -5 20 -2 15 -5 13 -5 19 0 18 0 14 -2 16 1 19 -4 19 0 17 -1 2 -2 16 -7 18 -3 14 -7 14 -7 17 -6 16 -4 14 -8 14 -4 15 -3 15 -7 17 -8 13 -9 12 -7 15 -10 11 -8 16 -9 16 -9 12 -8 16 -7 10 -12 16 -9 10 -6 11 -9 16 -8 13 -8 15 -10 2 0 0 0 0 0 0 0 0 0 ]
CSI_DATA,AP,68:FE:71:12:53:8C,-39,11,1,6,1,1,1,0,0,0,0,-96,0,6,1,54309906,0,84,0,0,54.31,384,[84 -64 4 0 0 0 0 0 0 0 0 0 10 0 7 -1 11 -4 9 -1 10 -1 5 -1 5 2 10 -2 10 -2 7 -2 10 -1 10 -3 11 2 10 -1 6 0 10 -1 4 1 10 -1 9 0 8 -1 4 -1 6 -1 4 0 8 -3 6 0 10 3 -1 2 4 -3 6 1 8 -1 11 -1 3 0 8 1 5 3 8 0 5 1 7 0 4 2 8 0 5 -3 5 -3 10 2 8 1 7 0 5 -5 10 -5 4 -2 6 -3 10 -2 9 -1 7 -4 8 0 5 -2 1 3 0 0 0 0 0 0 0 0 ]
CSI_DATA,AP,68:FE:71:12:53:8C,-41,11,1,5,1,1,1,0,0,0,0,-94,0,6,1,54357993,0,84,0,0,54.358,384,[84 -64 4 0 0 0 0 0 0 0 0 0 7 -22 11 -25 8 -20 11 -26 12 -21 13 -18 14 -20 13 -15 12 -19 15 -18 15 -22 17 -20 16 -16 17 -17 18 -16 18 -18 17 -17 15 -17 18 -17 15 -16 16 -18 15 -17 11 -13 18 -18 20 -19 18 -16 -3 2 15 -18 13 -19 15 -19 14 -20 13 -17 15 -16 14 -17 15 -17 12 -19 12 -15 13 -22 14 -17 12 -18 13 -15 11 -20 12 -16 12 -19 7 -23 13 -20 5 -18 13 -16 7 -20 11 -20 6 -22 9 -22 7 -20 -1 3 0 0 0 0 0 0 0 0 ]
CSI_DATA,AP,68:FE:71:12:53:8C,-39,11,1,6,1,1,1,0,0,0,0,-94,0,6,1,54428856,0,84,0,0,54.429,384,[84 -64 4 0 0 0 0 0 0 0 0 0 2 -23 0 -16 0 -22 3 -24 1 -24 4 -19 3 -18 7 -17 5 -15 8 -19 5 -16 8 -21 9 -21 6 -20 4 -17 5 -17 8 -18 5 -18 8 -17 9 -19 8 -13 4 -17 6 -11 4 -16 8 -19 6 -18 2 1 3 -12 5 -17 3 -17 7 -16 7 -13 5 -15 7 -12 6 -13 3 -12 0 -17 1 -18 3 -16 -2 -18 -1 -12 1 -14 2 -17 -1 -13 2 -14 -1 -15 -3 -12 -2 -14 2 -12 -4 -13 -4 -15 2 -16 0 -12 0 -2 0 0 0 0 0 0 0 0 ]
CSI_DATA,AP,68:FE:71:12:53:8C,-39,11,1,4,1,1,1,0,0,0,0,-93,0,6,1,54525952,0,84,0,0,54.526,384,[84 -64 4 0 0 0 0 0 0 0 0 0 -8 3 -10 4 -6 1 -11 7 -8 0 -9 2 -11 -1 -6 4 -8 4 -6 -2 -9 4 -5 4 -8 3 -11 4 -5 0 -6 0 -7 -2 -9 3 -7 -2 -8 2 -9 -1 -4 1 -3 5 -9 4 -8 3 -9 -1 1 2 -8 2 -8 2 -7 1 -3 0 -3 3 -7 5 -8 5 -5 4 -6 4 -2 1 -2 3 -6 2 -2 6 -7 4 -7 6 -5 7 -2 5 -1 4 -2 2 -1 6 -5 6 -5 3 -1 4 -2 4 -5 4 -6 6 -3 -2 0 0 0 0 0 0 0 0 ]
CSI_DATA,AP,68:FE:71:12:53:8C,-42,11,1,4,1,1,1,0,0,0,0,-95,0,6,1,54614884,0,84,0,0,54.615,384,[84 -64 4 0 0 0 0 0 0 0 0 0 12 -12 14 -13 12 -10 17 -11 16 -7 12 -10 13 -8 15 -5 16 -4 13 -4 12 -6 12 -9 13 -5 13 -3 12 -8 10 -8 9 -8 13 -6 8 -2 8 -6 11 -4 12 -6 7 -5 9 -1 7 -6 12 -7 3 2 6 -8 11 -9 9 -6 8 -10 9 -4 7 -9 7 -8 7 -10 8 -8 6 -17 8 -7 2 -10 6 -11 7 -6 5 -10 4 -11 9 -11 6 -12 5 -11 4 -12 2 -14 2 -8 3 -12 7 -14 6 -11 2 -12 -2 -3 0 0 0 0 0 0 0 0 ]
CSI_DATA,AP,68:FE:71:12:53:8C,-38,11,1,7,1,1,1,0,0,0,0,-95,0,6,1,54689499,0,84,0,0,54.689,384,[84 -64 4 0 0 0 0 0 0 0 0 0 14 24 7 26 11 28 12 25 5 22 6 21 4 21 6 20 6 20 1 20 4 21 1 21 4 24 3 20 3 19 2 20 -1 20 -1 18 2 15 1 16 0 12 3 13 -1 11 0 16 5 16 1 12 3 1 1 12 8 12 5 14 5 11 7 10 9 10 6 10 6 12 10 11 9 6 6 10 9 7 6 8 6 7 10 10 12 6 10 7 8 5 12 8 9 6 13 5 8 4 12 9 10 4 15 6 8 3 1 -2 0 0 0 0 0 0 0 0 ]
CSI_DATA,AP,68:FE:71:12:53:8C,-38,11,1,7,1,1,1,0,0,0,0,-94,0,6,1,54771981,0,84,0,0,54.772,384,[84 -64 4 0 0 0 0 0 0 0 0 0 -27 -13 -27 -18 -27 -18 -32 -18 -24 -20 -26 -19 -22 -15 -24 -17 -22 -16 -21 -16 -24 -18 -24 -20 -19 -19 -16 -20 -17 -17 -18 -20 -20 -12 -14 -15 -17 -14 -16 -13 -17 -14 -18 -13 -12 -8 -17 -8 -18 -12 -14 -8 -3 0 -17 -10 -14 -6 -17 -6 -14 -2 -17 -6 -15 -6 -12 -4 -11 -4 -15 -3 -10 -1 -14 1 -16 -3 -13 -2 -12 -1 -14 3 -16 -1 -11 1 -10 5 -14 3 -9 0 -12 4 -9 4 -7 2 -13 4 -12 7 -8 8 -3 -2 0 0 0 0 0 0 0 0 ]
CSI_DATA,AP,68:FE:71:12:53:8C,-39,11,1,4,1,1,1,0,0,0,0,-95,0,6,1,54854504,0,84,0,0,54.855,384,[84 -64 4 0 0 0 0 0 0 0 0 0 22 -6 23 -9 23 -9 23 -7 18 -8 20 -9 19 -8 19 -1 22 -5 17 -1 17 -7 16 -3 16 -1 20 -5 18 1 16 -6 16 -2 14 -5 15 -6 13 -6 13 0 17 -6 17 0 19 -2 17 -1 15 -1 3 -2 11 -3 12 -2 13 -2 10 -8 10 -4 12 -4 15 -2 15 -7 13 -4 13 -9 15 -8 9 -5 11 -4 16 -10 10 -4 12 -7 10 -6 10 -6 10 -8 7 -11 14 -10 10 -9 13 -8 12 -12 9 -9 10 -9 1 2 0 0 0 0 0 0 0 0 ]
CSI_DATA,AP,68:FE:71:12:53:8C,-41,11,1,4,1,1,1,0,0,0,0,-94,0,6,1,54977124,0,84,0,0,54.977,384,[84 -64 4 0 0 0 0 0 0 0 0 0 -24 2 -24 7 -21 5 -22 2 -21 5 -18 -2 -20 4 -25 3 -19 0 -22 4 -19 1 -25 3 -25 2 -20 0 -19 -2 -21 1 -21 1 -22 2 -19 -4 -19 -4 -23 -1 -18 -2 -16 2 -23 2 -22 1 -21 -1 -1 -1 -24 0 -24 1 -23 -2 -20 1 -22 -1 -23 2 -18 3 -22 -2 -19 4 -21 3 -21 2 -19 0 -19 4 -20 6 -23 0 -26 2 -25 5 -26 3 -21 -1 -25 4 -25 3 -23 4 -24 0 -25 6 -25 1 -26 3 -1 1 0 0 0 0 0 0 0 0 ]
CSI_DATA,AP,68:FE:71:12:53:8C,-40,11,1,5,1,1,1,0,0,0,0,-96,0,6,1,55067986,0,84,0,0,55.068,384,[84 -64 4 0 0 0 0 0 0 0 0 0 13 -16 14 -18 14 -21 17 -22 18 -15 13 -14 17 -14 12 -13 15 -15 15 -15 14 -20 19 -19 19 -17 21 -19 14 -19 18 -15 18 -14 14 -12 19 -14 18 -16 17 -16 15 -16 15 -16 20 -16 21 -14 16 -18 0 0 19 -15 15 -14 14 -16 13 -18 13 -13 16 -15 13 -13 15 -20 18 -20 14 -20 14 -18 16 -14 16 -18 17 -21 13 -15 15 -22 12 -17 15 -18 15 -19 10 -20 16 -20 16 -22 12 -19 10 -19 14 -18 10 -19 2 1 0 0 0 0 0 0 0 0 ]
CSI_DATA,AP,68:FE:71:12:53:8C,-41,11,0,0,0,0,0,0,0,0,0,-94,0,6,1,55164128,0,37,0,0,55.164,128,[84 -64 4 0 0 0 0 0 0 0 0 0 6 5 0 10 3 10 0 8 2 9 4 12 3 10 3 11 -1 5 1 8 -2 9 4 7 2 10 4 7 1 11 0 12 2 8 -3 5 2 6 1 7 -1 5 1 6 -1 5 -1 6 -2 12 -2 6 2 -3 1 11 3 9 4 8 3 5 -2 11 3 6 3 9 3 10 4 7 5 7 5 9 -1 7 4 8 4 10 5 10 5 9 0 10 3 4 2 7 5 6 6 9 5 5 1 6 5 6 7 4 6 6 0 1 0 0 0 0 0 0 0 0 ]
CSI_DATA,AP,68:FE:71:12:53:8C,-41,11,1,6,1,1,1,0,0,0,0,-96,0,6,1,55256301,0,84,0,0,55.256,384,[84 -64 4 0 0 0 0 0 0 0 0 0 13 -11 17 -11 13 -12 20 -12 16 -13 15 -11 21 -5 19 -8 17 -10 18 -10 22 -4 17 -5 19 -3 19 -7 19 -5 22 -3 22 -2 16 -5 21 -2 17 -6 20 -2 22 -6 19 -4 23 0 23 0 20 -6 -1 -3 21 -5 21 -2 19 -2 18 -8 22 -1 20 -3 21 -3 18 -9 14 -9 18 -9 16 -8 14 -9 20 -11 15 -8 18 -7 21 -10 20 -8 15 -11 16 -10 13 -11 20 -11 16 -12 17 -12 20 -12 15 -10 13 -7 0 -3 0 0 0 0 0 0 0 0 ]
CSI_DATA,AP,68:FE:71:12:53:8C,-40,11,1,5,1,1,1,0,0,0,0,-94,0,6,1,55336334,0,84,0,0,55.336,384,[84 -64 4 0 0 0 0 0 0 0 0 0 -12 -12 -12 -16 -18 -12 -16 -14 -16 -18 -8 -11 -13 -15 -12 -17 -11 -18 -13 -16 -9 -17 -9 -20 -13 -24 -11 -20 -13 -20 -13 -25 -8 -24 -12 -17 -5 -21 -8 -21 -8 -23 -4 -19 -9 -19 -8 -19 -7 -19 -6 -21 2 0 -11 -22 -8 -18 -10 -18 -12 -21 -8 -20 -9 -20 -7 -19 -10 -22 -12 -17 -12 -20 -10 -20 -13 -15 -12 -15 -13 -20 -11 -15 -10 -15 -12 -17 -13 -16 -16 -18 -15 -17 -9 -21 -10 -20 -11 -17 -16 -17 -13 -15 -14 -14 0 2 0 0 0 0 0 0 0 0 ]
CSI_DATA,AP,68:FE:71:12:53:8C,-44,11,1,5,1,1,1,0,0,0,0,-93,0,6,1,55433313,0,84,0,0,55.433,384,[84 -64 4 0 0 0 0 0 0 0 0 0 -2 16 -5 11 -3 10 -7 16 -7 13 -6 12 -5 10 -4 15 -7 8 -5 15 -6 10 -7 11 -6 11 -5 13 -4 12 -6 12 -8 8 -10 7 -8 8 -8 7 -7 13 -5 9 -7 12 -7 6 -5 14 -8 7 2 -1 -7 12 -2 9 -8 7 -2 11 -7 11 -8 8 -3 9 -2 10 -2 7 -2 7 -6 8 -3 6 -2 13 -5 7 -6 10 -4 11 -3 10 -1 10 -2 10 -4 8 -3 12 -4 12 -5 9 -1 9 -2 10 -2 12 -1 -3 0 0 0 0 0 0 0 0 ]
CSI_DATA,AP,68:FE:71:12:53:8C,-46,11,1,3,1,1,1,0,0,0,0,-94,0,6,1,55526281,0,84,0,0,55.526,384,[84 -64 4 0 0 0 0 0 0 0 0 0 11 -19 12 -16 16 -21 13 -15 16 -15 13 -14 12 -15 14 -11 17 -11 19 -17 20 -12 20 -14 16 -11 19 -14 17 -11 16 -13 12 -12 14 -12 16 -15 17 -15 12 -15 17 -11 11 -14 17 -10 13 -11 16 -9 1 -3 11 -14 13 -10 13 -13 11 -12 7 -13 8 -13 13 -12 9 -13 13 -15 6 -14 11 -16 6 -10 6 -16 8 -11 7 -14 4 -13 6 -15 4 -14 4 -15 6 -15 8 -14 6 -13 9 -15 7 -15 9 -17 4 -14 -2 -1 0 0 0 0 0 0 0 0 ]
CSI_DATA,AP,68:FE:71:12:53:8C,-35,11,1,7,1,1,1,0,0,0,0,-93,0,6,1,55630923,0,84,0,0,55.631,384,[37 80 2 0 0 0 0 0 0 0 0 0 -27 -9 -32 -13 -29 -16 -28 -13 -30 -14 -28 -15 -29 -21 -28 -15 -27 -19 -23 -20 -27 -16 -26 -16 -26 -18 -22 -19 -20 -19 -27 -21 -22 -17 -22 -18 -20 -16 -22 -17 -20 -18 -19 -20 -21 -17 -26 -14 -24 -14 -25 -16 2 -1 -22 -16 -24 -15 -26 -14 -20 -13 -26 -12 -24 -11 -23 -13 -25 -13 -26 -10 -19 -15 -25 -9 -22 -10 -23 -7 -22 -7 -26 -10 -27 -13 -25 -10 -28 -8 -28 -10 -28 -12 -23 -8 -26 -10 -22 -4 -24 -6 -25 -2 -24 -8 3 0 0 0 0 0 0 0 0 0 ]
CSI_DATA,AP,68:FE:71:12:53:8C,-38,11,1,5,1,1,1,0,0,0,0,-96,0,6,1,55761902,0,84,0,0,55.762,384,[84 -64 4 0 0 0 0 0 0 0 0 0 -9 -26 -11 -32 -8 -30 -9 -27 -6 -33 -2 -28 -1 -31 -3 -33 0 -32 -4 -29 -3 -27 -2 -28 -2 -28 -4 -31 -2 -30 -1 -25 2 -29 2 -26 -2 -29 1 -30 0 -24 -1 -28 -1 -28 -3 -25 2 -28 2 -23 -2 -2 -1 -22 -3 -25 0 -26 -4 -26 -1 -27 -5 -26 -7 -20 -7 -26 -7 -20 -6 -20 -4 -25 -5 -25 -4 -20 -8 -23 -6 -21 -8 -25 -10 -25 -11 -21 -7 -24 -9 -21 -11 -19 -10 -23 -10 -26 -11 -24 -13 -20 -10 -19 2 0 0 0 0 0 0 0 0 0 ]
CSI_DATA,AP,68:FE:71:12:53:8C,-40,11,1,4,1,1,1,1,0,0,0,-96,3,6,1,55868706,0,84,0,0,55.869,384,[84 -64 4 0 0 0 0 0 0 0 0 0 19 5 18 3 20 8 18 6 18 4 22 8 17 8 22 8 22 9 19 10 16 8 21 10 20 7 20 12 17 10 17 9 14 10 19 11 16 11 15 7 19 12 13 11 16 11 17 11 17 11 18 7 -1 2 17 8 16 6 15 10 12 8 17 6 17 6 17 10 18 5 17 9 15 8 15 8 17 3 14 8 19 5 15 7 16 5 16 4 18 5 16 3 18 5 14 3 17 2 16 0 16 1 16 0 15 2 3 1 0 0 0 0 0 0 0 0 ]
CSI_DATA,AP,68:FE:71:12:53:8C,-41,11,1,4,1,1,1,0,0,0,0,-94,0,6,1,55938409,0,84,0,0,55.938,384,[84 -64 4 0 0 0 0 0 0 0 0 0 -29 -19 -34 -19 -30 -24 -31 -25 -27 -27 -31 -26 -27 -27 -27 -28 -25 -25 -22 -24 -24 -26 -23 -26 -28 -25 -22 -29 -25 -28 -24 -28 -20 -26 -22 -29 -19 -31 -20 -31 -20 -24 -15 -27 -18 -28 -23 -30 -18 -24 -18 -28 -1 1 -18 -24 -21 -24 -17 -24 -19 -20 -18 -27 -21 -27 -21 -21 -21 -22 -22 -25 -20 -18 -20 -19 -19 -18 -21 -24 -21 -20 -23 -21 -20 -23 -23 -21 -25 -17 -24 -16 -23 -17 -25 -18 -23 -21 -29 -19 -24 -16 -26 -17 -26 -18 -1 3 0 0 0 0 0 0 0 0 ]
CSI_DATA,AP,68:FE:71:12:53:8C,-40,11,1,4,1,1,1,1,0,0,0,-95,6,6,1,56016979,0,84,0,0,56.017,384,[84 -64 4 0 0 0 0 0 0 0 0 0 7 18 6 19 2 20 8 20 2 20 7 21 2 20 2 21 2 16 5 17 -1 19 0 16 0 21 -1 21 3 17 0 19 2 19 -2 19 3 18 3 15 -2 15 0 14 2 13 2 14 0 17 -3 18 2 2 3 15 2 13 4 19 4 15 -1 16 -1 17 3 12 2 15 0 17 3 14 4 13 6 15 3 15 1 17 4 17 6 12 1 12 2 13 8 10 3 10 7 11 7 13 6 15 5 15 9 13 6 15 3 -2 0 0 0 0 0 0 0 0 ]
CSI_DATA,AP,68:FE:71:12:53:8C,-46,11,1,4,1,1,1,0,0,0,0,-95,0,6,1,56120039,0,84,0,0,56.12,384,[84 -64 4 0 0 0 0 0 0 0 0 0 -15 -5 -21 -6 -20 -7 -19 -7 -17 -8 -16 -5 -20 -7 -19 -9 -15 -12 -14 -10 -13 -7 -17 -7 -18 -9 -18 -10 -16 -11 -15 -12 -11 -7 -16 -13 -13 -13 -12 -10 -13 -11 -12 -13 -14 -6 -11 -6 -11 -11 -16 -11 3 3 -16 -9 -17 -9 -12 -8 -13 -6 -14 -8 -15 -9 -13 -5 -11 -5 -17 -8 -13 -8 -17 -5 -13 -4 -12 -6 -14 -8 -17 -2 -12 -3 -16 -5 -17 -5 -17 -1 -17 0 -18 -2 -15 0 -17 -5 -19 -2 -18 -2 -18 0 -2 1 0 0 0 0 0 0 0 0 ]
CSI_DATA,AP,68:FE:71:12:53:8C,-39,11,1,6,1,1,1,1,0,0,0,-96,4,6,1,56197075,0,84,0,0,56.197,384,[84 -64 4 0 0 0 0 0 0 0 0 0 -19 -4 -21 -2 -20 -2 -22 -3 -19 -1 -15 -4 -14 -1 -18 -8 -19 -8 -19 -4 -20 -5 -15 -8 -19 -3 -15 -5 -20 -6 -13 -5 -15 -4 -14 -8 -19 -6 -18 -8 -13 -7 -18 -4 -13 -7 -12 -2 -16 -2 -15 -4 2 2 -11 -5 -13 -3 -16 -7 -12 -3 -16 -4 -14 -5 -17 -6 -13 -1 -15 -6 -15 1 -17 1 -14 -1 -16 1 -14 2 -14 -2 -15 -1 -16 -1 -13 0 -15 -1 -15 0 -16 0 -14 0 -12 5 -17 5 -14 0 -16 4 0 2 0 0 0 0 0 0 0 0 ]
CSI_DATA,AP,68:FE:71:12:53:8C,-38,11,1,5,1,1,1,0,0,0,0,-95,0,6,1,56300421,0,84,0,0,56.3,384,[84 -64 4 0 0 0 0 0 0 0 0 0 18 -1 20 1 22 4 19 4 21 4 20 2 16 6 16 4 21 7 21 7 17 3 18 8 19 7 19 6 17 6 16 5 13 10 15 6 18 4 13 7 13 3 17 3 14 4 18 7 12 7 12 4 0 1 16 4 16 3 13 7 14 6 16 4 18 0 15 5 14 2 12 3 12 -1 17 -1 15 0 15 4 16 3 16 1 12 -3 15 -1 18 0 12 -3 17 0 18 -4 15 -1 12 0 13 -4 17 -2 18 -2 -3 1 0 0 0 0 0 0 0 0 ]
CSI_DATA,AP,68:FE:71:12:53:8C,-43,11,1,5,1,1,1,0,0,0,0,-95,0,6,1,56390695,0,84,0,0,56.391,384,[84 -64 4 0 0 0 0 0 0 0 0 0 -18 4 -24 6 -19 -1 -25 4 -22 2 -19 2 -20 -4 -24 -4 -24 -4 -19 1 -21 -4 -18 -4 -19 -3 -24 -3 -16 -6 -23 -1 -19 -2 -19 -1 -17 -1 -19 -4 -19 0 -19 -6 -19 -2 -16 -4 -19 -3 -16 2 -2 1 -14 -2 -16 -4 -18 -1 -16 -2 -16 0 -18 2 -15 -4 -18 3 -17 -1 -18 2 -17 0 -14 0 -18 5 -16 4 -14 1 -15 2 -19 4 -13 1 -14 3 -13 1 -19 6 -17 4 -19 4 -19 9 -15 6 -16 4 1 3 0 0 0 0 0 0 0 0 ]
CSI_DATA,AP,68:FE:71:12:53:8C,-44,11,1,4,1,1,1,0,0,0,0,-93,0,6,1,56497725,0,82,0,0,56.498,384,[84 -64 4 0 0 0 0 0 0 0 0 0 20 -22 17 -21 23 -20 20 -24 25 -24 21 -19 25 -18 26 -14 24 -16 23 -19 23 -14 22 -19 23 -17 26 -14 23 -12 27 -17 23 -15 23 -13 25 -11 23 -11 25 -14 23 -10 24 -10 19 -10 18 -11 22 -12 2 1 17 -17 20 -15 18 -17 22 -16 21 -17 16 -15 19 -16 20 -17 20 -14 19 -14 16 -18 16 -19 17 -15 14 -16 13 -19 18 -18 20 -21 13 -15 18 -17 14 -18 15 -21 16 -20 17 -17 16 -23 13 -22 12 -21 0 3 0 0 0 0 0 0 0 0 ]
CSI_DATA,AP,68:FE:71:12:53:8C,-44,11,1,5,1,1,1,0,0,0,0,-95,0,6,1,56571248,0,84,0,0,56.571,384,[84 -64 4 0 0 0 0 0 0 0 0 0 7 -20 8 -19 7 -18 7 -17 7 -22 5 -15 6 -20 13 -16 10 -15 11 -15 12 -15 8 -15 8 -19 12 -16 7 -19 13 -15 11 -18 14 -14 11 -17 13 -16 8 -13 8 -12 8 -12 8 -12 12 -14 9 -15 -3 -1 9 -12 12 -14 9 -16 7 -16 7 -15 4 -14 7 -17 7 -13 7 -17 3 -18 8 -15 5 -18 6 -18 8 -16 3 -14 6 -14 7 -18 2 -15 6 -12 8 -12 6 -16 1 -17 4 -16 5 -14 6 -17 4 -14 0 -2 0 0 0 0 0 0 0 0 ]
CSI_DATA,AP,68:FE:71:12:53:8C,-40,11,1,6,1,1,1,0,0,0,0,-95,0,6,1,56663203,0,84,0,0,56.663,384,[84 -64 4 0 0 0 0 0 0 0 0 0 -13 15 -10 13 -9 17 -12 18 -12 13 -10 14 -14 15 -12 13 -14 13 -16 12 -17 15 -16 12 -16 12 -15 11 -12 14 -14 16 -13 8 -15 10 -16 14 -15 12 -14 11 -11 13 -11 10 -14 13 -15 12 -16 11 0 0 -16 14 -12 11 -8 14 -15 9 -8 13 -10 12 -9 11 -10 13 -10 11 -14 10 -10 10 -13 15 -9 15 -12 13 -8 11 -12 10 -11 11 -11 10 -8 16 -11 16 -10 14 -8 16 -10 13 -6 15 -9 16 -7 15 3 2 0 0 0 0 0 0 0 0 ]
CSI_DATA,AP,68:FE:71:12:53:8C,-44,11,1,3,1,1,1,1,0,0,1,-94,1,6,1,56767830,0,84,0,0,56.768,384,[84 -64 4 0 0 0 0 0 0 0 0 0 5 9 0 8 4 7 5 10 0 10 4 11 0 7 -2 11 -1 8 -1 6 -1 10 -2 11 -3 10 -3 6 0 11 1 12 -1 7 -4 5 0 9 -3 10 -2 7 2 7 0 7 -1 8 0 7 0 8 3 -3 -4 6 1 8 3 6 0 6 2 5 0 8 -1 10 3 8 -2 9 3 8 2 8 1 9 3 7 0 6 2 4 3 7 -2 9 -1 5 1 6 1 3 2 7 0 8 0 6 5 3 5 7 6 7 3 2 0 0 0 0 0 0 0 0 ]
CSI_DATA,AP,68:FE:71:12:53:8C,-44,11,1,4,1,1,1,0,0,0,0,-95,0,6,1,56847619,0,84,0,0,56.848,384,[84 -64 4 0 0 0 0 0 0 0 0 0 16 -1 18 -4 19 -4 20 -1 16 0 18 4 20 2 15 -1 16 -1 16 -1 20 6 19 2 19 2 18 3 19 4 16 1 15 3 14 5 15 5 17 5 14 2 12 0 17 4 15 5 12 5 11 5 3 2 13 4 17 5 12 3 16 -1 15 2 13 -1 12 -1 14 2 14 1 11 -3 11 2 11 -2 11 0 15 1 14 2 15 2 11 0 11 -4 15 -5 12 -2 15 -1 15 0 15 -5 15 -2 15 -1 12 -2 -2 3 0 0 0 0 0 0 0 0 ]
CSI_DATA,AP,68:FE:71:12:53:8C,-41,11,1,4,1,1,1,1,0,0,0,-95,5,6,1,56947820,0,84,0,0,56.948,384,[84 -64 4 0 0 0 0 0 0 0 0 0 17 -11 19 -12 16 -11 16 -5 18 -8 17 -9 19 -7 15 -5 14 -8 18 -7 14 -3 13 -4 16 -7 18 -3 13 -3 18 -2 13 -3 14 -6 14 -4 19 -1 13 -4 16 -2 14 0 13 0 17 -7 15 -1 1 -1 12 -1 13 -5 14 -7 11 -6 15 -3 15 -6 15 -6 9 -5 10 -6 14 -9 14 -3 15 -9 15 -9 10 -4 12 -8 15 -4 15 -7 13 -5 11 -7 13 -9 10 -11 11 -5 14 -10 9 -11 13 -8 14 -7 3 -3 0 0 0 0 0 0 0 0 ]
CSI_DATA,AP,68:FE:71:12:53:8C,-43,11,1,4,1,1,1,0,0,0,0,-95,0,6,1,57026711,0,84,0,0,57.027,384,[84 -64 4 0 0 0 0 0 0 0 0 0 -17 5 -20 5 -19 9 -17 7 -17 6 -20 4 -17 2 -20 6 -19 7 -21 6 -21 0 -21 0 -18 1 -19 2 -17 -1 -18 5 -15 2 -20 2 -18 0 -19 0 -15 1 -21 4 -14 -2 -16 -1 -18 3 -15 1 1 1 -16 -1 -16 3 -15 2 -14 4 -13 3 -13 3 -14 2 -15 7 -14 3 -12 2 -13 8 -14 4 -18 5 -11 6 -16 4 -12 8 -12 4 -17 5 -11 10 -15 9 -12 11 -16 10 -14 6 -14 10 -10 9 -10 7 1 1 0 0 0 0 0 0 0 0 ]
CSI_DATA,AP,68:FE:71:12:53:8C,-38,11,1,7,1,1,1,0,0,0,0,-94,0,6,1,57114773,0,84,0,0,57.115,384,[84 -64 4 0 0 0 0 0 0 0 0 0 10 13 8 11 12 10 10 17 9 11 7 11 7 15 6 15 7 17 5 13 10 12 6 15 10 18 10 16 4 16 7 15 9 15 5 16 5 14 9 16 7 10 3 16 9 10 3 14 3 16 6 15 0 0 3 15 6 11 4 11 9 10 7 13 5 14 6 11 5 11 9 13 8 10 6 13 9 10 12 10 12 7 8 11 10 7 8 9 8 11 7 7 7 7 11 7 8 7 11 11 9 6 10 11 13 11 3 -3 0 0 0 0 0 0 0 0 ]
CSI_DATA,AP,68:FE:71:12:53:8C,-40,11,1,6,1,1,1,0,0,0,0,-94,0,6,1,57221102,0,84,0,0,57.221,384,[84 -64 4 0 0 0 0 0 0 0 0 0 -4 -16 -3 -23 1 -19 4 -21 4 -23 5 -21 4 -22 2 -22 3 -18 4 -21 4 -16 3 -21 3 -22 5 -17 6 -20 5 -18 9 -16 5 -16 6 -18 3 -14 9 -16 9 -15 7 -12 7 -19 6 -15 3 -13 -3 0 3 -18 3 -16 5 -14 4 -16 4 -13 4 -13 5 -15 3 -18 5 -18 0 -19 -2 -19 3 -13 3 -18 -2 -18 0 -19 -1 -19 -2 -15 -2 -16 -3 -13 -2 -16 2 -14 -4 -19 0 -17 1 -20 0 -13 -4 -16 -1 0 0 0 0 0 0 0 0 0 ]
CSI_DATA,AP,68:FE:71:12:53:8C,-43,11,1,6,1,1,1,0,0,0,0,-94,0,6,1,57327490,0,84,0,0,57.327,384,[84 -64 4 0 0 0 0 0 0 0 0 0 -2 -18 -3 -17 -3 -20 -1 -18 4 -21 -1 -21 0 -23 4 -19 4 -22 2 -19 2 -20 1 -18 3 -23 4 -19 1 -20 2 -21 6 -20 0 -18 1 -20 3 -16 0 -15 4 -19 2 -19 6 -19 2 -19 3 -17 1 1 1 -17 -1 -16 4 -19 3 -16 0 -17 3 -18 3 -13 -2 -15 -1 -19 2 -15 2 -14 1 -13 1 -16 -4 -14 -2 -19 0 -14 -5 -13 -2 -17 -6 -15 -7 -15 -4 -19 -1 -16 -2 -14 -7 -17 -3 -13 -8 -14 -1 1 0 0 0 0 0 0 0 0 ]
CSI_DATA,AP,68:FE:71:12:53:8C,-38,11,1,6,1,1,1,0,0,0,0,-93,0,6,1,57432422,0,84,0,0,57.432,384,[84 -64 4 0 0 0 0 0 0 0 0 0 -22 -10 -20 -12 -21 -10 -19 -7 -21 -7 -17 -12 -15 -11 -20 -10 -15 -14 -13 -11 -15 -14 -17 -14 -14 -11 -18 -10 -18 -15 -15 -10 -13 -10 -17 -11 -15 -11 -13 -12 -15 -11 -16 -11 -16 -8 -17 -14 -12 -13 -12 -12 0 1 -14 -10 -16 -9 -15 -8 -15 -5 -11 -10 -18 -9 -16 -8 -15 -11 -15 -5 -12 -5 -15 -4 -14 -6 -13 -7 -14 -7 -12 -8 -14 -5 -14 -3 -18 -5 -12 -6 -15 -2 -15 -8 -14 -1 -16 -1 -14 0 -18 -6 -18 0 -2 3 0 0 0 0 0 0 0 0 ]
CSI_DATA,AP,68:FE:71:12:53:8C,-39,11,1,5,1,1,1,0,0,0,1,-94,0,6,1,57500410,0,84,0,0,57.5,384,[84 -64 4 0 0 0 0 0 0 0 0 0 -7 15 -8 18 -6 18 -9 20 -11 14 -7 14 -13 13 -12 13 -13 16 -10 15 -15 17 -14 16 -14 13 -12 15 -13 17 -12 12 -11 11 -14 13 -14 14 -9 15 -12 11 -12 11 -13 15 -11 16 -10 11 -9 10 3 2 -8 12 -8 16 -9 14 -8 12 -11 15 -10 12 -11 16 -5 14 -8 11 -5 16 -6 11 -4 14 -10 11 -5 13 -7 16 -4 12 -3 12 -7 13 -8 17 -1 14 -4 17 -2 16 -2 13 0 17 -3 16 -6 13 -2 2 0 0 0 0 0 0 0 0 ]
CSI_DATA,AP,68:FE:71:12:53:8C,-37,11,1,5,1,1,1,1,0,0,0,-93,6,6,1,57577109,0,84,0,0,57.577,384,[84 -64 4 0 0 0 0 0 0 0 0 0 7 -19 3 -17 7 -16 7 -22 5 -21 9 -18 10 -21 7 -21 9 -19 7 -20 7 -15 11 -18 12 -14 10 -13 10 -14 8 -18 8 -16 10 -12 11 -18 7 -16 6 -17 7 -14 8 -15 10 -12 9 -17 6 -16 2 -1 7 -17 7 -17 5 -18 9 -17 5 -15 8 -18 9 -17 5 -17 3 -13 4 -13 1 -13 5 -14 2 -12 4 -17 2 -12 5 -18 7 -17 2 -14 0 -16 -1 -13 5 -15 5 -14 3 -14 -1 -17 4 -15 -1 -17 -2 -2 0 0 0 0 0 0 0 0 ]
CSI_DATA,AP,68:FE:71:12:53:8C,-39,11,1,6,1,1,1,0,0,0,0,-96,0,6,1,57689693,0,84,0,0,57.69,384,[84 -64 4 0 0 0 0 0 0 0 0 0 -5 12 -8 12 -6 17 -9 12 -7 15 -9 12 -7 14 -14 14 -8 10 -10 14 -10 11 -9 13 -11 13 -14 7 -9 13 -15 13 -12 7 -9 8 -13 11 -10 10 -14 11 -11 11 -9 12 -9 10 -9 10 -9 8 3 -2 -8 7 -7 11 -6 13 -11 8 -10 8 -7 11 -11 11 -11 11 -8 9 -7 13 -10 13 -5 11 -7 14 -4 8 -5 11 -5 15 -6 13 -6 13 -4 13 -4 10 -9 13 -6 11 -6 11 -4 13 -6 9 -2 10 1 0 0 0 0 0 0 0 0 0 ]
CSI_DATA,AP,68:FE:71:12:53:8C,-42,11,1,4,1,1,1,0,0,0,0,-95,0,6,1,57782521,0,84,0,0,57.783,384,[84 -64 4 0 0 0 0 0 0 0 0 0 -8 19 -7 18 -11 21 -15 18 -15 15 -9 17 -15 12 -15 15 -10 12 -15 14 -14 16 -17 14 -17 18 -17 14 -11 11 -12 14 -15 13 -10 9 -15 12 -10 13 -16 9 -15 12 -15 8 -9 15 -12 12 -13 13 -1 0 -13 11 -13 10 -9 11 -10 16 -8 11 -9 10 -14 13 -12 13 -10 11 -11 12 -10 12 -12 14 -8 14 -7 13 -6 13 -11 11 -5 13 -9 12 -10 15 -3 17 -8 15 -6 16 -8 13 -2 13 -5 12 -2 18 0 -1 0 0 0 0 0 0 0 0 ]
CSI_DATA,AP,68:FE:71:12:53:8C,-41,11,1,5,1,1,1,0,0,0,0,-95,0,6,1,57881151,0,84,0,0,57.881,384,[84 -64 4 0 0 0 0 0 0 0 0 0 14 -16 15 -15 15 -17 19 -17 16 -18 18 -11 19 -12 14 -9 16 -12 14 -11 17 -11 19 -10 16 -8 16 -12 18 -13 15 -9 15 -13 15 -12 17 -7 13 -9 15 -10 16 -8 17 -9 15 -12 15 -6 16 -9 1 1 11 -11 14 -11 16 -10 14 -11 13 -13 14 -9 9 -9 11 -13 12 -11 13 -9 14 -12 10 -15 11 -10 13 -13 7 -11 12 -14 10 -12 9 -16 11 -16 7 -12 11 -14 11 -17 12 -13 8 -19 6 -15 6 -15 2 3 0 0 0 0 0 0 0 0 ]
CSI_DATA,AP,68:FE:71:12:53:8C,-36,11,1,6,1,1,1,0,0,0,0,-94,0,6,1,57957620,0,84,0,0,57.958,384,[84 -64 4 0 0 0 0 0 0 0 0 0 -12 22 -12 16 -10 20 -12 20 -13 17 -14 17 -12 13 -17 15 -14 17 -14 14 -15 15 -14 18 -13 16 -14 18 -18 14 -20 14 -13 17 -16 13 -12 13 -13 13 -16 12 -18 13 -14 13 -15 14 -18 10 -12 17 -2 -3 -12 10 -11 13 -10 12 -11 12 -13 12 -10 16 -15 13 -13 16 -10 17 -7 15 -13 16 -7 11 -9 18 -11 13 -7 11 -7 13 -9 14 -6 17 -8 15 -10 16 -6 17 -9 13 -10 14 -9 15 -5 16 -9 14 2 -2 0 0 0 0 0 0 0 0 ]
CSI_DATA,AP,68:FE:71:12:53:8C,-42,11,1,6,1,1,1,0,0,0,0,-93,0,6,1,58045391,0,84,0,0,58.045,384,[84 -64 4 0 0 0 0 0 0 0 0 0 -14 -15 -10 -16 -15 -20 -10 -22 -15 -20 -11 -22 -8 -19 -9 -18 -6 -16 -6 -19 -12 -22 -6 -19 -5 -20 -4 -20 -4 -19 -11 -23 -4 -21 -7 -19 -6 -21 -4 -18 -4 -21 -3 -20 -4 -21 -3 -16 -4 -20 -9 -19 0 1 -10 -19 -9 -15 -10 -19 -11 -14 -8 -18 -8 -21 -6 -15 -7 -15 -6 -17 -12 -15 -8 -14 -7 -18 -13 -15 -9 -14 -11 -14 -13 -16 -12 -16 -10 -17 -10 -16 -8 -11 -11 -15 -8 -14 -9 -12 -14 -17 -8 -13 -10 -15 3 2 0 0 0 0 0 0 0 0 ]
CSI_DATA,AP,68:FE:71:12:53:8C,-40,11,1,6,1,1,1,0,0,0,0,-95,0,6,1,58126349,0,84,0,0,58.126,384,[84 -64 4 0 0 0 0 0 0 0 0 0 22 2 23 0 20 4 26 0 21 2 23 0 23 1 17 6 18 5 23 3 25 3 23 2 23 3 18 3 20 6 21 3 19 4 21 9 17 6 21 6 21 4 18 7 15 9 20 7 16 7 15 5 0 3 20 3 15 4 16 3 16 4 19 3 16 4 14 3 15 2 15 5 17 2 18 -2 15 2 19 4 18 1 20 -1 20 1 22 -2 16 -1 18 2 17 1 19 -1 14 2 18 1 17 -6 21 -6 16 -6 0 -1 0 0 0 0 0 0 0 0 ]
CSI_DATA,AP,68:FE:71:12:53:8C,-38,11,1,6,1,1,1,0,0,0,0,-96,0,6,1,58216204,0,84,0,0,58.216,384,[84 -64 4 0 0 0 0 0 0 0 0 0 19 3 21 0 23 5 22 3 19 5 16 7 17 8 17 5 16 5 20 4 23 5 23 9 17 8 21 8 16 8 18 11 20 5 15 6 16 6 18 4 18 4 15 7 17 10 18 9 15 11 15 7 -2 -1 12 6 19 6 18 7 17 2 17 4 14 8 18 6 14 5 14 1 17 2 14 3 12 1 14 3 15 3 14 3 16 1 16 1 15 -3 16 2 15 0 18 -1 18 0 13 0 19 -1 18 -3 17 -2 3 1 0 0 0 0 0 0 0 0 ]
CSI_DATA,AP,68:FE:71:12:53:8C,-40,11,1,4,1,1,1,0,0,0,0,-96,0,6,1,58314876,0,84,0,0,58.315,384,[84 -64 4 0 0 0 0 0 0 0 0 0 -18 -14 -10 -18 -17 -16 -11 -22 -14 -19 -10 -19 -14 -22 -9 -21 -13 -23 -12 -17 -12 -22 -8 -20 -8 -20 -12 -19 -8 -22 -6 -23 -8 -16 -6 -19 -5 -21 -8 -17 -3 -17 -4 -18 -6 -18 -8 -18 -6 -20 -7 -15 1 -1 -7 -19 -6 -16 -11 -15 -11 -12 -6 -19 -9 -18 -8 -14 -8 -17 -6 -14 -8 -15 -9 -13 -7 -17 -9 -15 -12 -16 -10 -13 -14 -16 -12 -13 -14 -10 -11 -16 -12 -14 -11 -12 -13 -11 -10 -9 -17 -9 -12 -9 -16 -10 -3 2 0 0 0 0 0 0 0 0 ]
CSI_DATA,AP,68:FE:71:12:53:8C,-37,11,1,6,1,1,1,1,0,0,0,-94,4,6,1,58419512,0,84,0,0,58.42,384,[84 -64 4 0 0 0 0 0 0 0 0 0 -10 16 -14 16 -11 16 -16 22 -10 19 -12 16 -17 18 -11 19 -12 16 -16 12 -14 16 -18 16 -15 15 -18 15 -15 12 -14 14 -18 16 -17 15 -11 12 -15 14 -17 12 -17 16 -15 11 -17 11 -17 12 -15 13 -2 0 -11 9 -10 12 -12 14 -9 11 -11 13 -10 14 -13 14 -7 15 -12 13 -9 12 -8 11 -8 15 -12 14 -7 18 -12 16 -9 16 -11 15 -6 12 -11 16 -9 16 -5 18 -6 17 -5 14 -4 17 -11 12 -8 12 0 -3 0 0 0 0 0 0 0 0 ]
CSI_DATA,AP,68:FE:71:12:53:8C,-39,11,1,4,1,1,1,0,0,0,0,-95,0,6,1,58526585,0,84,0,0,58.527,384,[84 -64 4 0 0 0 0 0 0 0 0 0 -7 20 -7 21 -8 19 -11 19 -8 21 -14 21 -11 20 -14 16 -13 18 -13 16 -13 17 -13 20 -13 15 -15 16 -15 16 -15 17 -11 17 -9 12 -13 13 -12 15 -13 18 -15 15 -12 15 -9 14 -10 14 -9 15 -1 1 -9 12 -12 16 -13 17 -6 17 -8 12 -7 15 -6 16 -10 16 -8 18 -9 13 -7 14 -5 18 -9 16 -4 18 -7 17 -3 16 -5 14 -2 16 -6 18 -6 14 -4 18 -6 17 -3 19 -2 20 -2 17 -3 16 -2 -3 0 0 0 0 0 0 0 0 ]
CSI_DATA,AP,68:FE:71:12:53:8C,-42,11,1,4,1,1,1,0,0,0,0,-93,0,6,1,58661442,0,84,0,0,58.661,384,[84 -64 4 0 0 0 0 0 0 0 0 0 -19 -1 -20 -4 -23 1 -23 -4 -23 -3 -23 -7 -19 -6 -21 -2 -18 -8 -20 -6 -18 -5 -19 -5 -21 -3 -21 -6 -18 -6 -20 -9 -15 -3 -20 -9 -17 -5 -16 -4 -15 -4 -19 -5 -13 -5 -19 -8 -19 -3 -19 -3 1 3 -19 -6 -18 -4 -16 -3 -17 -5 -14 0 -14 -1 -14 -4 -16 -5 -15 -5 -16 -4 -16 -3 -17 2 -19 1 -18 -4 -18 -3 -19 -1 -15 2 -20 -2 -17 2 -16 5 -14 -2 -16 -1 -16 0 -15 6 -16 4 -19 5 3 0 0 0 0 0 0 0 0 0 ]
CSI_DATA,AP,68:FE:71:12:53:8C,-42,11,1,5,1,1,1,0,0,0,0,-96,0,6,1,58758217,0,84,0,0,58.758,384,[84 -64 4 0 0 0 0 0 0 0 0 0 -6 21 -4 20 -5 19 -8 22 -10 21 -6 18 -12 17 -13 18 -8 16 -12 19 -8 17 -10 19 -10 15 -9 13 -9 15 -11 14 -10 12 -7 15 -12 15 -10 15 -10 13 -10 11 -13 14 -13 13 -13 17 -7 12 -2 -2 -10 16 -8 13 -9 16 -9 14 -8 12 -5 16 -9 18 -7 17 -9 13 -5 13 -5 18 -5 13 -8 12 -4 17 -1 15 -2 15 -1 15 -2 14 -3 17 0 16 -4 18 -2 18 0 19 -1 19 -1 15 -4 17 1 3 0 0 0 0 0 0 0 0 ]
CSI_DATA,AP,68:FE:71:12:53:8C,-40,11,1,4,1,1,1,0,0,0,0,-96,0,6,1,58854532,0,84,0,0,58.855,384,[84 -64 4 0 0 0 0 0 0 0 0 0 8 -22 9 -19 9 -23 10 -21 9 -18 10 -22 6 -20 10 -20 12 -17 7 -20 8 -19 11 -19 9 -18 8 -15 8 -16 13 -20 10 -15 8 -13 13 -13 9 -13 13 -14 7 -12 9 -13 7 -17 7 -19 7 -13 2 -2 8 -12 7 -18 11 -16 4 -14 6 -18 6 -13 6 -14 5 -18 8 -19 5 -13 5 -17 6 -17 5 -14 3 -15 6 -12 1 -17 1 -18 2 -15 6 -15 3 -15 3 -15 3 -18 3 -15 1 -21 1 -16 5 -16 0 -2 0 0 0 0 0 0 0 0 ]
CSI_DATA,AP,68:FE:71:12:53:8C,-39,11,1,4,1,1,1,1,0,0,0,-96,3,6,1,58959283,0,84,0,0,58.959,384,[84 -64 4 0 0 0 0 0 0 0 0 0 -10 21 -4 16 -7 19 -10 17 -12 20 -10 20 -8 21 -13 19 -13 14 -9 14 -15 21 -14 18 -12 17 -9 20 -8 16 -12 18 -8 14 -11 13 -9 15 -8 18 -12 11 -13 13 -13 16 -9 15 -9 13 -9 17 3 3 -12 17 -7 12 -7 15 -9 18 -5 11 -10 16 -5 13 -7 14 -8 18 -5 12 -8 16 -4 13 -8 16 -8 14 -4 15 -5 13 -6 14 -5 14 -1 18 -4 13 -6 15 -4 18 0 13 -3 16 -3 13 -4 14 -1 0 0 0 0 0 0 0 0 0 ]
CSI_DATA,AP,68:FE:71:12:53:8C,-41,11,1,6,1,1,1,0,0,0,0,-96,0,6,1,59030901,0,84,0,0,59.031,384,[84 -64 4 0 0 0 0 0 0 0 0 0 -18 6 -17 5 -22 7 -22 6 -22 6 -23 4 -25 1 -23 0 -19 0 -18 2 -24 -3 -22 -1 -21 -1 -23 0 -23 -3 -21 -2 -19 0 -18 0 -19 -4 -16 1 -21 -1 -19 1 -15 0 -19 -3 -23 -5 -16 -2 -3 0 -14 0 -17 -3 -18 -2 -20 2 -17 3 -16 -3 -18 2 -17 0 -19 -1 -17 3 -19 0 -19 3 -15 1 -15 3 -15 3 -16 2 -19 5 -13 2 -20 6 -17 4 -18 6 -15 5 -15 6 -17 5 -19 4 -13 7 -3 2 0 0 0 0 0 0 0 0 ]
CSI_DATA,AP,68:FE:71:12:53:8C,-45,11,1,5,1,1,1,0,0,0,0,-95,0,6,1,59123036,0,84,0,0,59.123,384,[84 -64 4 0 0 0 0 0 0 0 0 0 -1 21 4 20 0 22 -3 24 1 23 0 20 -2 21 -4 21 0 18 -1 19 -1 21 -5 20 -7 23 -1 16 -7 20 -5 20 -6 15 -2 14 -7 19 -3 18 -5 15 -4 17 -4 13 -6 18 -8 16 -3 20 1 3 -6 18 -1 17 -4 16 -4 17 -2 17 -5 16 0 17 -4 15 -3 17 3 13 -2 18 -1 18 2 13 -2 18 2 16 5 20 5 18 6 17 -1 13 1 15 1 16 5 13 3 19 4 16 4 14 5 12 -2 2 0 0 0 0 0 0 0 0 ]
CSI_DATA,AP,68:FE:71:12:53:8C,-49,11,1,2,1,1,1,0,0,0,0,-94,0,6,1,59206829,0,84,0,0,59.207,384,[84 -64 4 0 0 0 0 0 0 0 0 0 -24 2 -22 -1 -25 1 -21 -3 -23 -3 -22 -4 -19 -5 -19 1 -22 -1 -20 0 -20 -7 -20 -4 -20 -2 -21 -6 -18 -7 -24 -6 -20 -3 -21 -2 -20 -6 -17 -6 -20 -5 -19 -8 -18 -3 -18 -5 -21 -4 -21 -4 3 -1 -21 -7 -18 -1 -15 -5 -14 -4 -17 0 -20 -5 -15 -3 -18 -1 -13 -1 -17 -1 -18 0 -17 1 -16 -3 -17 3 -19 -1 -18 1 -15 5 -15 2 -15 1 -17 3 -18 3 -19 3 -18 4 -14 5 -15 5 -15 4 -1 -3 0 0 0 0 0 0 0 0 ]
CSI_DATA,AP,68:FE:71:12:53:8C,-34,11,0,0,0,0,0,0,0,0,0,-96,0,6,1,59302854,0,37,0,0,59.303,128,[84 -64 4 0 0 0 0 0 0 0 0 0 -20 -3 -17 -6 -23 -3 -24 -7 -20 -7 -20 -5 -18 -5 -19 -10 -22 -9 -22 -9 -16 -9 -19 -12 -21 -7 -16 -6 -20 -8 -22 -6 -19 -8 -17 -12 -14 -10 -14 -9 -16 -10 -14 -7 -13 -6 -16 -6 -17 -9 -18 -8 0 2 -14 -8 -15 -4 -16 -4 -15 -4 -17 -9 -14 -3 -18 -5 -17 -6 -18 -6 -18 -7 -14 -7 -15 -6 -16 -7 -16 -5 -16 -5 -18 0 -18 -6 -17 -3 -15 0 -18 3 -17 -3 -18 -2 -20 -2 -16 1 -19 -3 -15 0 -1 1 0 0 0 0 0 0 0 0 ]
CSI_DATA,AP,68:FE:71:12:53:8C,-39,11,1,6,1,1,1,0,0,0,0,-94,0,6,1,59427524,0,84,0,0,59.428,384,[84 -64 4 0 0 0 0 0 0 0 0 0 8 -17 10 -19 10 -20 14 -19 16 -18 12 -16 18 -12 15 -11 14 -11 13 -15 18 -14 16 -12 16 -14 13 -13 13 -9 14 -12 11 -13 15 -10 12 -10 11 -13 17 -14 15 -14 16 -8 12 -13 14 -15 16 -13 -1 -3 16 -12 13 -10 14 -10 11 -9 13 -9 10 -13 9 -13 10 -13 14 -11 7 -12 7 -10 12 -15 10 -12 11 -14 7 -14 7 -11 12 -12 9 -11 10 -13 7 -12 11 -13 8 -16 9 -12 5 -13 8 -18 10 -12 -1 -3 0 0 0 0 0 0 0 0 ]
CSI_DATA,AP,68:FE:71:12:53:8C,-38,11,1,6,1,1,1,0,0,0,0,-95,0,6,1,59519123,0,84,0,0,59.519,384,[84 -64 4 0 0 0 0 0 0 0 0 0 23 -18 26 -11 24 -13 29 -10 26 -11 26 -11 27 -6 29 -5 31 -6 25 -10 26 -6 32 -8 26 -3 29 -5 23 -3 26 -3 29 -4 28 -6 25 -2 25 -5 28 -6 25 -7 22 -4 22 -7 22 -4 28 -4 -2 1 26 -6 21 -5 26 -9 20 -8 23 -9 26 -5 19 -5 19 -7 22 -8 23 -11 26 -9 18 -12 20 -14 20 -8 24 -9 21 -9 23 -14 19 -12 23 -13 23 -8 20 -8 17 -12 21 -11 21 -16 21 -12 23 -17 1 -2 0 0 0 0 0 0 0 0 ]
CSI_DATA,AP,68:FE:71:12:53:8C,-45,11,1,5,1,1,1,0,0,0,1,-93,0,6,1,59621601,0,84,0,0,59.622,384,[84 -64 4 0 0 0 0 0 0 0 0 0 -23 -1 -22 -2 -24 4 -20 1 -21 -2 -22 -3 -21 -1 -20 -6 -23 -1 -18 -2 -24 -3 -19 -4 -19 -4 -19 -8 -18 -3 -23 -4 -19 -2 -20 -3 -19 -3 -21 -3 -21 -7 -19 -7 -18 -2 -19 -3 -21 -7 -15 -5 1 3 -19 -1 -21 -6 -16 -4 -17 -3 -16 -2 -16 -4 -17 -5 -21 -4 -17 -1 -18 -2 -20 2 -16 -3 -16 -2 -19 0 -15 2 -15 -1 -18 -3 -17 5 -20 1 -18 3 -19 0 -15 5 -21 4 -21 2 -18 0 -17 0 -2 -2 0 0 0 0 0 0 0 0 ]
CSI_DATA,AP,68:FE:71:12:53:8C,-37,11,1,6,1,1,1,0,0,0,0,-95,0,6,1,59725472,0,84,0,0,59.725,384,[84 -64 4 0 0 0 0 0 0 0 0 0 20 -12 17 -11 16 -11 19 -12 19 -10 19 -4 17 -3 19 -8 20 -3 16 -8 23 -7 22 -9 19 -7 17 -7 20 -5 21 -1 21 -5 17 -4 16 -6 16 0 20 -5 18 0 13 -1 16 -4 20 -2 20 -7 -2 2 18 -2 18 -2 18 -7 13 -5 15 -6 17 -3 16 -7 13 -3 17 -2 13 -10 15 -6 13 -10 13 -6 15 -6 17 -9 14 -10 17 -11 14 -9 14 -7 14 -5 13 -7 14 -8 16 -10 14 -8 16 -12 10 -9 2 -1 0 0 0 0 0 0 0 0 ]
CSI_DATA,AP,68:FE:71:12:53:8C,-41,11,1,5,1,1,1,0,0,0,0,-96,0,6,1,59815098,0,84,0,0,59.815,384,[84 -64 4 0 0 0 0 0 0 0 0 0 -18 4 -15 9 -21 4 -23 6 -18 3 -16 6 -19 1 -16 0 -18 2 -15 2 -20 0 -21 -1 -17 0 -19 0 -20 -3 -23 -3 -21 2 -20 2 -21 2 -17 -3 -20 -2 -15 -3 -15 -2 -17 1 -20 -2 -15 3 2 1 -13 -2 -16 -1 -20 3 -16 3 -16 -2 -16 0 -19 4 -15 2 -17 3 -17 1 -16 5 -16 0 -14 5 -13 6 -17 6 -14 4 -15 4 -15 7 -18 8 -13 6 -14 8 -12 4 -17 8 -15 5 -15 6 -14 3 -2 -3 0 0 0 0 0 0 0 0 ]
CSI_DATA,AP,68:FE:71:12:53:8C,-43,11,1,5,1,1,1,0,0,0,0,-93,0,6,1,59892381,0,84,0,0,59.892,384,[84 -64 4 0 0 0 0 0 0 0 0 0 16 9 18 10 20 6 20 11 14 11 13 11 13 11 13 13 13 10 12 14 13 14 17 13 12 11 15 13 11 12 14 11 14 9 13 8 11 14 14 9 8 12 14 11 7 12 10 11 13 13 8 8 -1 -1 13 13 15 10 13 9 12 5 9 11 11 7 15 9 13 7 12 6 11 9 11 11 14 4 9 5 12 7 15 6 15 10 10 4 15 3 14 4 10 6 14 6 15 3 14 5 13 6 11 5 10 7 2 -1 0 0 0 0 0 0 0 0 ]
CSI_DATA,AP,68:FE:71:12:53:8C,-44,11,1,4,1,1,1,0,0,0,0,-94,0,6,1,60001333,0,84,0,0,60.001,384,[84 -64 4 0 0 0 0 0 0 0 0 0 14 1 19 -3 20 -2 17 0 17 3 17 4 20 4 18 1 17 6 16 1 17 2 19 7 17 7 14 6 13 7 17 3 14 8 13 5 16 5 13 7 16 5 13 3 14 3 16 7 15 7 11 4 2 0 12 5 13 7 13 2 16 4 16 4 18 4 11 0 13 0 15 0 15 3 18 3 16 3 13 -2 15 0 12 1 16 -1 13 -2 14 2 13 0 11 2 16 -3 14 -3 15 -3 15 -3 12 -1 16 -1 2 1 0 0 0 0 0 0 0 0 ]
CSI_DATA,AP,68:FE:71:12:53:8C,-42,11,1,4,1,1,1,0,0,0,0,-95,0,6,1,60121118,0,84,0,0,60.121,384,[84 -64 4 0 0 0 0 0 0 0 0 0 -1 21 -1 20 -3 20 -4 20 -2 19 -7 18 -6 23 -2 18 -4 19 -4 20 -6 18 -9 22 -10 18 -5 17 -6 16 -4 21 -9 20 -9 19 -6 16 -6 18 -7 13 -5 19 -6 17 -7 13 -10 18 -6 19 2 3 -4 14 -6 20 -3 18 -1 16 -3 14 -4 19 -7 13 -4 14 -3 19 -4 17 0 14 0 19 1 13 -4 17 0 15 1 14 -1 17 -2 16 -4 14 -1 18 -3 18 -2 13 -1 20 -1 16 3 16 -1 15 -3 0 0 0 0 0 0 0 0 0 ]
CSI_DATA,AP,68:FE:71:12:53:8C,-43,11,1,4,1,1,1,0,0,0,0,-94,0,6,1,60212616,0,84,0,0,60.213,384,[84 -64 4 0 0 0 0 0 0 0 0 0 -14 0 -16 -6 -17 -3 -17 -2 -12 -4 -16 -2 -15 -5 -10 -7 -11 -4 -13 -2 -9 -4 -10 -4 -15 -5 -10 -3 -10 -7 -9 -3 -11 -4 -9 -8 -13 -6 -11 -6 -11 -2 -9 -6 -9 -3 -9 -7 -8 -7 -13 -2 2 2 -11 -1 -9 -6 -12 -1 -9 -2 -6 -5 -12 -6 -9 -5 -8 -3 -6 -5 -9 0 -11 -3 -7 -1 -8 2 -7 -4 -12 -1 -11 1 -8 1 -9 3 -9 0 -7 0 -8 -1 -8 3 -11 0 -11 3 -11 4 -7 -2 -3 -2 0 0 0 0 0 0 0 0 ]
CSI_DATA,AP,68:FE:71:12:53:8C,-38,11,1,6,1,1,1,1,0,0,0,-94,3,6,1,60308486,0,84,0,0,60.308,384,[84 -64 4 0 0 0 0 0 0 0 0 0 11 11 11 14 11 14 14 9 10 12 12 9 13 14 14 15 13 15 13 11 7 14 9 15 8 15 8 10 9 10 12 17 7 10 9 14 6 10 8 10 9 12 10 11 9 11 9 11 7 9 11 13 2 -2 10 13 11 8 11 11 6 11 9 11 8 11 7 7 8 6 11 8 11 7 9 6 9 11 7 10 8 9 13 6 12 11 12 4 14 9 15 8 12 3 9 6 11 5 10 7 15 4 15 4 14 5 -3 -3 0 0 0 0 0 0 0 0 ]
CSI_DATA,AP,68:FE:71:12:53:8C,-40,11,1,6,1,1,1,0,0,0,0,-94,0,6,1,60414811,0,84,0,0,60.415,384,[84 -64 4 0 0 0 0 0 0 0 0 0 9 12 10 11 11 12 12 16 12 14 8 14 10 11 8 13 12 14 9 16 11 19 7 16 5 16 5 17 6 13 10 15 8 12 7 13 5 17 10 12 5 13 8 11 6 16 3 16 5 11 6 13 -3 0 10 9 8 15 9 13 10 10 4 13 6 12 7 8 8 12 11 12 10 13 8 14 9 14 11 14 6 9 11 9 6 11 13 10 8 10 7 6 8 7 7 8 13 12 13 8 8 11 13 11 8 10 0 0 0 0 0 0 0 0 0 0 ]
CSI_DATA,AP,68:FE:71:12:53:8C,-38,11,1,6,1,1,1,0,0,0,0,-95,0,6,1,60505675,0,82,0,0,60.506,384,[84 -64 4 0 0 0 0 0 0 0 0 0 10 -11 12 -8 14 -11 18 -9 14 -9 12 -8 19 -7 16 -10 18 -8 14 -6 16 -11 14 -9 17 -9 16 -6 13 -10 18 -5 18 -10 14 -8 11 -4 12 -4 17 -9 13 -9 12 -9 17 -4 12 -9 16 -10 3 -2 16 -10 12 -7 15 -9 13 -9 9 -9 15 -7 12 -9 13 -11 9 -9 8 -9 11 -9 7 -9 12 -8 12 -11 8 -10 11 -8 13 -12 7 -10 12 -11 11 -9 10 -12 8 -9 9 -11 8 -13 7 -12 9 -13 0 -2 0 0 0 0 0 0 0 0 ]
CSI_DATA,AP,68:FE:71:12:53:8C,-39,11,1,4,1,1,1,0,0,0,0,-95,0,6,1,60602986,0,84,0,0,60.603,384,[84 -64 4 0 0 0 0 0 0 0 0 0 3 7 7 5 6 2 8 3 4 5 5 3 7 3 5 7 6 9 6 7 9 9 7 3 7 3 8 6 2 7 8 4 7 4 5 7 3 2 4 5 5 4 2 5 3 8 3 6 6 5 6 5 -2 1 7 2 4 3 1 8 4 5 4 3 4 2 2 4 5 7 2 2 6 1 6 6 3 6 3 2 2 2 5 6 7 2 5 7 4 2 7 1 6 4 7 1 9 5 3 6 7 2 6 1 7 4 1 1 0 0 0 0 0 0 0 0 ]
CSI_DATA,AP,68:FE:71:12:53:8C,-42,11,1,6,1,1,1,0,0,0,0,-94,0,6,1,60680618,0,84,0,0,60.681,384,[84 -64 4 0 0 0 0 0 0 0 0 0 -2 -22 -4 -24 -2 -22 -3 -25 -2 -23 0 -23 -1 -21 4 -19 1 -24 0 -19 4 -18 5 -24 4 -18 0 -20 3 -20 2 -23 3 -22 3 -18 5 -17 7 -16 1 -18 1 -21 7 -19 7 -19 2 -15 3 -17 -3 -3 3 -14 0 -15 -1 -19 1 -13 3 -19 2 -20 -2 -17 -3 -18 0 -18 2 -14 2 -18 -3 -19 0 -13 -3 -19 -2 -18 1 -20 -4 -19 -6 -17 -4 -15 -2 -19 0 -13 -6 -15 -5 -13 -3 -14 -5 -18 -7 -14 -3 0 0 0 0 0 0 0 0 0 ]
CSI_DATA,AP,68:FE:71:12:53:8C,-39,11,0,0,0,0,0,1,0,0,0,-96,3,6,1,60787083,0,37,0,0,60.787,128,[84 -64 4 0 0 0 0 0 0 0 0 0 9 14 14 13 13 17 8 16 7 16 6 16 8 13 4 11 4 15 7 14 9 12 3 12 5 17 7 14 3 14 7 12 1 16 1 11 1 10 2 11 2 13 4 8 5 6 7 8 7 12 8 10 3 1 4 10 9 10 3 13 6 8 6 8 7 11 8 6 9 8 10 10 7 5 8 6 8 10 8 10 8 10 6 5 12 8 6 9 7 3 11 9 11 5 12 9 12 4 9 4 12 4 12 6 11 9 -2 3 0 0 0 0 0 0 0 0 ]
CSI_DATA,AP,68:FE:71:12:53:8C,-42,11,1,5,1,1,1,1,0,0,0,-94,6,6,1,60899660,0,84,0,0,60.9,384,[84 -64 4 0 0 0 0 0 0 0 0 0 0 -12 -1 -9 -5 -9 0 -11 -3 -11 -5 -9 -1 -13 1 -10 0 -12 -2 -7 3 -10 1 -9 0 -8 1 -12 1 -7 -3 -9 0 -8 -1 -10 0 -10 -3 -8 2 -6 3 -7 2 -5 -1 -5 -1 -7 -2 -10 -3 -2 -4 -4 -2 -10 1 -7 1 -8 -3 -4 -4 -7 -4 -4 -1 -10 -2 -9 -1 -7 -6 -9 -4 -7 -6 -4 -5 -9 -3 -5 -5 -7 -3 -7 -4 -4 -4 -9 -4 -5 -2 -3 -7 -9 -6 -7 -4 -5 -7 -4 -3 -4 -1 -2 0 0 0 0 0 0 0 0 ]
CSI_DATA,AP,68:FE:71:12:53:8C,-39,11,1,4,1,1,1,0,0,0,0,-95,0,6,1,60972584,0,84,0,0,60.973,384,[84 -64 4 0 0 0 0 0 0 0 0 0 18 11 15 13 15 15 12 16 12 13 11 14 12 14 7 17 8 16 6 16 11 16 11 13 7 16 9 17 3 15 7 12 6 13 4 11 8 13 8 7 7 10 6 8 3 7 9 9 9 6 4 8 -2 2 5 9 5 6 6 7 9 3 4 5 8 5 8 7 9 5 9 2 4 2 10 3 7 3 11 2 7 -1 12 3 11 -2 12 0 6 0 11 2 11 -4 9 3 9 -1 9 -1 13 -3 9 -3 12 -3 1 2 0 0 0 0 0 0 0 0 ]
CSI_DATA,AP,68:FE:71:12:53:8C,-41,11,1,4,1,1,1,0,0,0,0,-94,0,6,1,61080498,0,84,0,0,61.08,384,[84 -64 4 0 0 0 0 0 0 0 0 0 -39 -7 -31 -8 -35 -15 -34 -9 -37 -15 -28 -13 -29 -13 -28 -19 -29 -18 -28 -15 -28 -14 -27 -18 -27 -15 -22 -15 -23 -13 -24 -11 -20 -17 -17 -11 -19 -13 -17 -13 -20 -14 -19 -12 -15 -10 -15 -10 -19 -8 -21 -6 0 0 -17 -3 -14 -5 -17 -7 -15 0 -13 -4 -16 -1 -19 -4 -12 -4 -16 -3 -15 2 -13 -2 -17 2 -17 -1 -17 4 -17 6 -13 5 -15 3 -15 8 -10 1 -10 5 -13 3 -16 4 -13 5 -10 7 -14 3 -10 4 2 -1 0 0 0 0 0 0 0 0 ]
CSI_DATA,AP,68:FE:71:12:53:8C,-39,11,1,4,1,1,1,0,0,0,0,-95,0,6,1,61159305,0,84,0,0,61.159,384,[84 -64 4 0 0 0 0 0 0 0 0 0 11 17 10 17 11 19 14 15 14 16 7 16 9 14 9 15 6 19 8 17 9 14 5 14 5 16 7 14 8 12 11 15 6 16 8 11 7 13 4 17 5 14 10 13 8 12 5 12 7 17 8 11 -1 0 8 10 9 13 7 9 11 14 9 13 5 11 7 11 8 15 6 15 7 12 12 9 9 11 11 13 12 11 12 10 9 8 6 12 9 6 11 8 11 6 10 11 10 13 8 13 8 10 7 10 10 7 2 0 0 0 0 0 0 0 0 0 ]
CSI_DATA,AP,68:FE:71:12:53:8C,-42,11,1,5,1,1,1,0,0,0,0,-94,0,6,1,61255453,0,84,0,0,61.255,384,[84 -64 4 0 0 0 0 0 0 0 0 0 17 -2 15 -5 18 -4 19 -1 20 -1 16 -3 18 -1 13 1 18 -2 14 -2 19 -1 15 2 14 -3 15 -3 16 1 12 -3 12 2 12 2 15 2 17 2 14 -2 17 -4 11 3 10 -2 15 1 13 -5 2 -1 10 1 14 -2 15 -4 15 -2 16 1 16 0 13 -2 14 0 16 -3 12 0 15 -2 15 -3 15 -7 18 -4 16 -5 12 -5 13 -1 14 -4 13 -2 16 -3 14 -1 15 -3 12 -3 12 -8 14 -7 17 -2 -1 3 0 0 0 0 0 0 0 0 ]
CSI_DATA,AP,68:FE:71:12:53:8C,-41,11,1,4,1,1,1,0,0,0,0,-94,0,6,1,61333580,0,84,0,0,61.334,384,[84 -64 4 0 0 0 0 0 0 0 0 0 4 -3 3 -6 2 -6 2 -5 5 -2 6 -4 3 -4 7 -2 5 -3 7 -5 2 -2 8 -3 2 -2 3 -6 2 -6 2 0 6 -5 2 -3 6 -6 3 -5 7 -2 2 0 6 -3 8 -4 5 -6 7 0 -2 -3 4 -2 8 -4 4 -6 8 -2 7 -4 5 -6 2 -3 2 -6 5 -7 3 -7 4 -5 6 -6 3 -7 7 -6 6 -6 7 -7 7 -3 6 -2 7 -4 1 -1 8 -5 7 -5 4 -6 4 -3 1 0 5 -4 -1 -1 0 0 0 0 0 0 0 0 ]
CSI_DATA,AP,68:FE:71:12:53:8C,-40,11,1,6,1,1,1,0,0,0,0,-93,0,6,1,61427567,0,84,0,0,61.428,384,[84 -64 4 0 0 0 0 0 0 0 0 0 4 -15 1 -18 2 -20 1 -18 6 -17 7 -15 5 -20 3 -20 8 -18 4 -19 5 -19 5 -15 9 -20 8 -15 11 -17 6 -18 10 -16 9 -17 11 -17 5 -18 10 -16 4 -13 8 -13 11 -14 9 -18 10 -12 0 -2 4 -14 3 -16 4 -14 8 -15 4 -16 5 -15 5 -13 8 -17 3 -11 4 -11 4 -17 0 -15 5 -12 5 -14 1 -17 -1 -16 2 -16 1 -17 -2 -16 -2 -12 0 -14 -2 -16 -3 -14 -1 -16 3 -12 1 -11 -3 -2 0 0 0 0 0 0 0 0 ]
CSI_DATA,AP,68:FE:71:12:53:8C,-36,11,1,7,1,1,1,0,0,0,0,-96,0,6,1,61516397,0,84,0,0,61.516,384,[84 -64 4 0 0 0 0 0 0 0 0 0 12 -17 13 -16 20 -17 22 -11 20 -15 20 -9 20 -15 22 -7 25 -14 24 -12 21 -12 25 -13 21 -8 27 -11 20 -6 24 -6 22 -7 25 -10 24 -11 26 -8 21 -9 25 -8 25 -5 24 -11 21 -12 22 -5 3 3 24 -9 22 -7 24 -12 19 -7 18 -9 22 -8 24 -9 23 -13 23 -11 20 -14 19 -15 18 -8 22 -14 21 -10 20 -12 20 -9 18 -16 19 -13 18 -14 21 -15 16 -15 21 -14 22 -14 18 -13 19 -18 21 -18 -3 -1 0 0 0 0 0 0 0 0 ]
CSI_DATA,AP,68:FE:71:12:53:8C,-41,11,1,5,1,1,1,0,0,0,0,-96,0,6,1,61601435,0,84,0,0,61.601,384,[84 -64 4 0 0 0 0 0 0 0 0 0 7 -8 7 -9 11 -5 11 -7 10 -3 10 -3 6 -4 11 -7 11 -4 5 -3 8 -4 12 -6 12 -2 7 -4 8 0 9 -7 6 -6 5 0 6 -4 7 -6 5 -5 9 -3 9 -6 9 0 10 -2 9 -6 -1 0 8 -6 11 -1 5 -6 6 -3 7 -6 6 -2 4 -6 5 -3 5 -4 5 -3 7 -3 6 -6 5 -7 7 -8 4 -3 9 -8 6 -3 8 -5 5 -9 7 -5 6 -9 4 -8 3 -9 4 -6 5 -6 5 -7 0 1 0 0 0 0 0 0 0 0 ]
CSI_DATA,AP,68:FE:71:12:53:8C,-42,11,1,6,1,1,1,0,0,0,0,-95,0,6,1,61701382,0,84,0,0,61.701,384,[84 -64 4 0 0 0 0 0 0 0 0 0 -1 -15 3 -18 -1 -22 3 -19 5 -22 0 -19 -1 -20 5 -21 0 -22 4 -24 8 -25 6 -25 4 -19 5 -24 6 -24 10 -23 5 -22 3 -17 5 -20 7 -21 6 -19 10 -20 10 -19 9 -21 8 -19 8 -19 0 -3 7 -22 6 -23 5 -23 4 -20 7 -18 8 -24 8 -20 2 -19 5 -20 1 -22 6 -20 2 -21 3 -20 3 -20 0 -21 -2 -24 4 -21 1 -23 -1 -22 -1 -22 0 -18 -1 -20 -4 -21 -5 -20 2 -21 -5 -21 -2 -3 0 0 0 0 0 0 0 0 ]
CSI_DATA,AP,68:FE:71:12:53:8C,-46,11,1,5,1,1,1,0,0,0,0,-96,0,6,1,61798132,0,84,0,0,61.798,384,[84 -64 4 0 0 0 0 0 0 0 0 0 -24 7 -18 3 -21 2 -26 7 -23 1 -21 5 -22 1 -19 -2 -19 -3 -22 -1 -24 -3 -21 0 -23 2 -20 2 -18 -3 -20 -1 -22 2 -21 -1 -21 0 -17 1 -18 0 -18 -1 -19 1 -15 -1 -19 -3 -19 -3 -2 3 -15 -2 -17 3 -21 1 -15 4 -20 3 -19 2 -20 -1 -13 3 -13 5 -16 1 -19 5 -17 1 -16 6 -14 6 -15 6 -16 6 -18 5 -17 5 -17 7 -17 3 -14 4 -16 5 -12 4 -15 9 -13 6 -12 8 0 -3 0 0 0 0 0 0 0 0 ]
CSI_DATA,AP,68:FE:71:12:53:8C,-38,11,1,6,1,1,1,0,0,0,0,-94,0,6,1,61851891,0,84,0,0,61.852,384,[82 -96 4 0 0 0 0 0 0 0 0 0 13 -12 12 -10 14 -17 18 -10 14 -10 14 -9 13 -9 12 -8 16 -11 17 -9 13 -6 19 -7 16 -6 16 -12 13 -10 13 -5 17 -6 16 -7 14 -6 12 -7 17 -7 12 -8 16 -9 14 -6 13 -11 11 -7 -2 -3 14 -4 14 -10 14 -9 16 -6 16 -5 10 -6 16 -10 14 -11 11 -12 11 -13 11 -12 9 -9 12 -9 14 -8 13 -12 10 -9 13 -14 13 -13 12 -12 12 -15 7 -13 8 -9 7 -10 10 -11 8 -13 8 -13 -1 0 0 0 0 0 0 0 0 0 ]
CSI_DATA,AP,68:FE:71:12:53:8C,-39,11,1,6,1,1,1,0,0,0,1,-94,0,6,1,61965159,0,82,0,0,61.965,384,[84 -64 4 0 0 0 0 0 0 0 0 0 16 -7 16 -9 14 -7 15 -8 12 -9 14 -6 18 -4 14 -9 14 -5 14 -5 18 -6 18 -10 15 -9 18 -4 17 -4 14 -8 17 -3 12 -2 16 -5 17 -7 12 -5 17 -3 11 -5 15 -4 12 -5 14 -2 3 1 10 -6 15 -7 12 -4 10 -9 16 -9 15 -5 13 -4 13 -4 11 -7 12 -6 13 -9 8 -7 10 -11 11 -5 9 -6 11 -8 12 -6 9 -13 13 -9 10 -13 8 -11 6 -12 9 -11 8 -11 10 -8 12 -12 0 1 0 0 0 0 0 0 0 0 ]
CSI_DATA,AP,68:FE:71:12:53:8C,-42,11,1,5,1,1,1,0,0,0,0,-95,0,6,1,62030955,0,84,0,0,62.031,384,[84 -64 4 0 0 0 0 0 0 0 0 0 15 -7 16 -4 20 -1 20 -2 19 -3 20 -1 15 -3 19 -2 17 2 14 0 18 -3 20 -3 16 0 17 1 14 -1 14 5 16 4 18 0 13 3 12 -2 15 -1 17 1 18 0 18 2 12 3 17 0 -1 1 13 -1 17 2 12 2 13 0 12 2 12 -4 12 -2 11 -4 16 0 11 -2 13 0 12 -1 10 1 15 -1 17 -4 14 -2 16 -4 12 -7 14 -4 15 -4 10 -3 13 -7 14 -3 12 -4 14 -4 11 -4 1 0 0 0 0 0 0 0 0 0 ]
CSI_DATA,AP,68:FE:71:12:53:8C,-44,11,1,4,1,1,1,0,0,0,0,-95,0,6,1,62163880,0,84,0,0,62.164,384,[84 -64 4 0 0 0 0 0 0 0 0 0 -1 21 0 16 -2 21 -6 17 -7 17 -2 22 -7 18 -6 19 -9 19 -6 19 -8 20 -5 19 -4 14 -7 18 -5 19 -9 14 -5 16 -3 16 -7 15 -4 17 -4 15 -6 17 -3 16 -8 14 -3 13 -8 13 0 0 -3 12 -7 14 -7 16 -3 13 -2 12 -5 17 -4 13 -5 16 0 12 -3 14 0 13 -2 13 -2 14 -4 17 1 13 0 17 -2 12 -2 15 -3 14 1 15 3 12 0 13 -2 17 -2 16 2 17 5 15 3 0 0 0 0 0 0 0 0 0 ]
CSI_DATA,AP,68:FE:71:12:53:8C,-40,11,1,4,1,1,1,0,0,0,0,-93,0,6,1,62236141,0,84,0,0,62.236,384,[84 -64 4 0 0 0 0 0 0 0 0 0 4 21 1 21 -2 17 -5 15 1 16 -3 21 -6 16 -3 16 -3 21 -5 21 -4 15 -2 14 -3 14 -4 16 -6 13 -8 19 -7 13 -8 14 -6 15 -5 12 -7 16 -3 18 -3 17 -5 13 -6 14 -4 12 -1 2 -7 15 -3 14 -4 13 -6 12 -2 16 -2 13 -2 15 -2 13 -1 16 -1 14 -2 15 -3 16 2 14 -2 16 1 15 -1 17 -2 12 2 13 2 12 1 11 1 11 3 15 4 14 4 18 6 13 2 11 -2 -1 0 0 0 0 0 0 0 0 ]
CSI_DATA,AP,68:FE:71:12:53:8C,-42,11,1,6,1,1,1,0,0,0,0,-93,0,6,1,62340711,0,84,0,0,62.341,384,[84 -64 4 0 0 0 0 0 0 0 0 0 33 9 35 10 36 11 34 15 38 13 34 19 37 19 29 18 31 18 31 21 34 21 32 23 31 23 32 24 27 22 34 23 29 23 24 21 26 21 30 17 30 22 27 22 28 17 31 23 30 19 28 20 3 -3 23 20 26 18 26 20 28 16 30 18 31 18 29 14 26 12 24 15 25 8 30 11 28 10 32 9 31 13 28 10 28 9 29 10 30 5 28 10 26 3 33 12 29 4 32 10 29 3 28 9 28 4 -2 -3 0 0 0 0 0 0 0 0 ]
CSI_DATA,AP,68:FE:71:12:53:8C,-39,11,1,5,1,1,1,0,0,0,0,-94,0,6,1,62409544,0,84,0,0,62.41,384,[84 -64 4 0 0 0 0 0 0 0 0 0 -19 36 -22 35 -25 39 -25 34 -23 32 -25 28 -27 34 -24 28 -31 27 -29 31 -28 26 -32 28 -25 29 -26 25 -27 23 -30 25 -28 22 -28 24 -28 22 -25 26 -25 24 -31 19 -25 24 -28 22 -30 22 -26 23 3 3 -26 20 -23 25 -22 21 -22 23 -24 25 -24 25 -22 25 -25 24 -22 22 -22 28 -23 24 -20 26 -23 28 -17 29 -22 28 -18 30 -17 28 -15 30 -13 25 -10 25 -17 27 -16 27 -11 32 -17 29 -18 27 -13 31 -3 -1 0 0 0 0 0 0 0 0 ]
CSI_DATA,AP,68:FE:71:12:53:8C,-43,11,1,5,1,1,1,0,0,0,0,-93,0,6,1,62517557,0,84,0,0,62.518,384,[84 -64 4 0 0 0 0 0 0 0 0 0 -21 3 -22 -3 -18 -3 -19 0 -21 0 -19 -2 -19 0 -17 -3 -23 -1 -22 -1 -16 -2 -19 -4 -22 -9 -21 -7 -17 -7 -20 -3 -17 -4 -18 -3 -19 -6 -19 -7 -14 -8 -18 -5 -13 -5 -13 -5 -17 -7 -14 -8 -1 -2 -19 -4 -14 -2 -15 0 -16 -3 -19 -2 -14 0 -17 -3 -15 0 -15 -3 -15 -3 -16 2 -16 -1 -19 1 -14 3 -19 -3 -13 2 -16 2 -17 4 -17 3 -15 3 -14 1 -15 5 -14 5 -16 6 -13 6 -13 2 -1 3 0 0 0 0 0 0 0 0 ]
CSI_DATA,AP,68:FE:71:12:53:8C,-37,11,1,5,1,1,1,0,0,0,0,-94,0,6,1,62611319,0,84,0,0,62.611,384,[84 -64 4 0 0 0 0 0 0 0 0 0 -14 14 -14 15 -16 13 -15 10 -13 13 -14 10 -16 8 -16 6 -19 9 -16 10 -16 6 -18 12 -20 8 -16 6 -14 7 -16 5 -16 9 -18 4 -12 10 -15 6 -16 7 -14 9 -15 5 -12 9 -17 11 -14 6 2 3 -17 8 -18 6 -14 11 -13 5 -10 9 -15 6 -16 5 -12 6 -12 9 -9 12 -12 11 -8 11 -13 13 -13 12 -13 13 -14 13 -8 11 -8 12 -12 14 -11 14 -13 13 -7 9 -12 9 -12 16 -8 14 -8 14 -2 -3 0 0 0 0 0 0 0 0 ]
CSI_DATA,AP,68:FE:71:12:53:8C,-42,11,1,4,1,1,1,0,0,0,0,-93,0,6,1,62699247,0,84,0,0,62.699,384,[84 -64 4 0 0 0 0 0 0 0 0 0 19 -6 23 -4 18 -3 23 2 18 -1 17 1 21 -2 17 2 22 4 20 0 21 1 17 4 21 6 21 0 21 1 19 7 18 2 20 0 21 5 18 1 15 2 15 5 20 1 20 3 16 1 15 4 1 -3 19 0 14 1 17 0 18 1 13 2 14 -1 16 1 17 -3 16 2 16 -4 14 1 12 1 14 -1 12 0 17 1 15 0 19 -1 16 -3 19 0 15 -7 18 0 19 -7 19 -4 17 -5 14 -8 18 -6 3 -2 0 0 0 0 0 0 0 0 ]
CSI_DATA,AP,68:FE:71:12:53:8C,-41,11,0,0,0,0,0,0,0,0,0,-93,0,6,1,62804478,0,37,0,0,62.804,128,[84 -64 4 0 0 0 0 0 0 0 0 0 -4 -22 -2 -18 0 -18 -3 -22 0 -23 -1 -19 2 -16 3 -20 -1 -21 1 -16 4 -16 0 -16 2 -19 -1 -16 -1 -16 -1 -15 -1 -15 -1 -20 4 -18 3 -16 3 -18 4 -17 5 -18 0 -16 3 -15 -2 -13 1 1 4 -18 3 -17 2 -19 1 -18 -3 -14 -1 -16 -2 -13 -3 -15 3 -13 -5 -16 0 -15 -1 -14 -1 -12 -4 -16 -5 -17 -5 -14 -3 -17 -3 -17 -5 -18 -5 -15 -5 -16 -2 -17 -8 -12 -2 -17 -8 -15 -3 -12 3 2 0 0 0 0 0 0 0 0 ]
CSI_DATA,AP,68:FE:71:12:53:8C,-39,11,1,4,1,1,1,0,0,0,0,-96,0,6,1,62900949,0,84,0,0,62.901,384,[84 -64 4 0 0 0 0 0 0 0 0 0 1 19 -2 18 -3 22 -5 18 -2 23 -7 20 -2 15 -6 18 -6 18 -5 18 -5 19 -10 21 -8 21 -8 18 -8 17 -7 21 -5 18 -9 19 -8 13 -7 19 -10 15 -4 12 -6 12 -8 12 -6 17 -3 12 1 1 -9 16 -8 15 -6 14 -5 17 -4 17 -3 16 -5 15 -5 17 -1 15 -4 14 0 13 0 12 0 15 1 12 1 15 -2 13 -4 14 -1 12 -3 12 3 15 -1 18 1 13 -1 13 -1 15 -3 16 1 16 3 1 0 0 0 0 0 0 0 0 ]
CSI_DATA,AP,68:FE:71:12:53:8C,-46,11,1,5,1,1,1,1,0,0,0,-94,4,6,1,63017015,0,84,0,0,63.017,384,[84 -64 4 0 0 0 0 0 0 0 0 0 -31 -15 -36 -18 -34 -18 -32 -23 -32 -24 -30 -20 -28 -21 -30 -21 -33 -26 -31 -27 -27 -28 -29 -30 -26 -23 -24 -24 -26 -30 -28 -24 -26 -28 -24 -23 -26 -27 -25 -26 -26 -25 -21 -26 -20 -25 -20 -27 -26 -29 -21 -25 1 -3 -22 -22 -23 -20 -24 -24 -24 -21 -24 -24 -22 -19 -24 -19 -24 -21 -25 -21 -24 -20 -27 -21 -28 -20 -29 -20 -24 -17 -27 -17 -30 -17 -28 -20 -29 -15 -29 -16 -32 -12 -25 -13 -30 -18 -31 -18 -26 -17 -28 -15 -26 -13 1 -1 0 0 0 0 0 0 0 0 ]
CSI_DATA,AP,68:FE:71:12:53:8C,-43,11,1,5,1,1,1,1,0,0,0,-94,2,6,1,63104163,0,84,0,0,63.104,384,[84 -64 4 0 0 0 0 0 0 0 0 0 1 -18 4 -21 4 -17 5 -22 5 -18 7 -20 6 -19 8 -20 5 -19 11 -15 5 -21 10 -20 10 -20 9 -14 8 -16 8 -19 7 -15 10 -19 7 -16 9 -18 10 -15 9 -18 9 -13 6 -16 6 -18 5 -13 0 1 8 -17 10 -14 9 -13 6 -16 5 -16 3 -18 5 -15 3 -18 2 -13 7 -14 5 -17 1 -15 4 -19 3 -19 0 -15 6 -17 2 -16 0 -14 5 -16 -2 -18 2 -16 0 -16 3 -18 -1 -16 -1 -19 -2 -18 -3 1 0 0 0 0 0 0 0 0 ]
CSI_DATA,AP,68:FE:71:12:53:8C,-38,11,1,5,1,1,1,0,0,0,0,-94,0,6,1,63208750,0,84,0,0,63.209,384,[84 -64 4 0 0 0 0 0 0 0 0 0 14 34 14 32 17 35 17 36 9 34 11 38 13 34 10 39 8 37 8 38 7 39 7 38 7 39 5 34 4 34 7 34 6 33 1 30 1 34 4 38 0 36 2 37 -1 28 3 35 4 33 2 31 -2 -3 1 32 5 29 3 31 6 28 4 33 6 30 6 30 10 28 6 31 10 26 8 27 8 28 5 33 10 28 6 28 14 31 8 32 10 27 12 30 15 27 16 29 14 28 15 30 16 26 13 29 15 27 3 0 0 0 0 0 0 0 0 0 ]
CSI_DATA,AP,68:FE:71:12:53:8C,-41,11,0,0,0,0,0,0,0,0,0,-96,0,6,1,63313307,0,37,0,0,63.313,128,[84 -64 4 0 0 0 0 0 0 0 0 0 -17 7 -22 5 -19 0 -19 0 -18 -2 -17 1 -23 0 -20 -1 -22 -2 -22 -4 -19 0 -19 1 -22 -2 -18 -4 -20 -3 -19 -2 -18 -5 -14 1 -15 -1 -18 -1 -16 -4 -16 1 -15 0 -14 -2 -13 -5 -19 -5 1 0 -18 1 -18 0 -13 -3 -18 -2 -19 -1 -17 -3 -16 -2 -13 -2 -12 -2 -17 4 -13 4 -16 3 -19 -1 -19 2 -19 4 -13 0 -14 5 -13 1 -13 6 -19 3 -19 7 -16 7 -18 2 -17 5 -18 8 -13 7 3 -3 0 0 0 0 0 0 0 0 ]
CSI_DATA,AP,68:FE:71:12:53:8C,-38,11,1,5,1,1,1,0,0,0,0,-96,0,6,1,63403851,0,84,0,0,63.404,384,[84 -64 4 0 0 0 0 0 0 0 0 0 18 2 14 2 14 7 20 5 18 10 14 10 16 9 14 8 11 7 16 11 13 10 12 9 12 7 15 10 10 9 14 7 11 9 12 10 15 7 15 8 11 8 10 6 11 9 10 11 13 9 15 5 -2 3 15 10 14 8 16 10 13 3 14 8 13 8 10 6 12 7 12 3 14 3 9 2 15 8 16 5 15 6 10 5 11 1 16 5 16 2 15 -1 14 -1 15 3 13 1 11 4 15 3 12 -1 13 -1 1 2 0 0 0 0 0 0 0 0 ]
CSI_DATA,AP,68:FE:71:12:53:8C,-41,11,1,4,1,1,1,0,0,0,0,-93,0,6,1,63487713,0,84,0,0,63.488,384,[84 -64 4 0 0 0 0 0 0 0 0 0 1 20 -1 16 -1 20 4 18 -2 20 4 17 1 20 0 16 -3 14 -2 15 1 18 0 14 -4 20 0 20 -3 15 0 13 -3 15 -1 14 1 16 -2 14 -2 13 -1 17 1 16 -2 12 0 12 -3 17 3 -2 -2 11 0 15 3 16 1 13 0 17 -2 13 1 15 3 17 2 15 0 15 1 14 -2 16 0 12 4 15 0 15 2 13 6 16 2 16 3 17 2 15 3 12 2 13 3 13 6 13 5 15 5 13 -1 0 0 0 0 0 0 0 0 0 ]
CSI_DATA,AP,68:FE:71:12:53:8C,-44,11,1,5,1,1,1,0,0,0,0,-94,0,6,1,63571913,0,84,0,0,63.572,384,[84 -64 4 0 0 0 0 0 0 0 0 0 -5 21 -6 23 -1 19 -8 22 -8 16 -9 18 -6 20 -7 20 -6 20 -6 20 -10 17 -7 18 -7 16 -6 17 -11 16 -6 13 -11 18 -10 12 -7 19 -8 15 -5 13 -7 14 -7 12 -10 17 -11 14 -11 14 1 -1 -7 11 -10 16 -7 16 -6 11 -9 16 -6 13 -7 17 -6 12 -4 13 -3 15 -4 11 -2 14 -7 18 -5 13 -4 15 -1 18 -4 14 -1 13 0 16 -2 13 0 17 -3 15 -2 11 -4 13 -3 14 -4 14 3 -3 0 0 0 0 0 0 0 0 ]
CSI_DATA,AP,68:FE:71:12:53:8C,-41,11,1,6,1,1,1,0,0,0,0,-95,0,6,1,63675126,0,84,0,0,63.675,384,[84 -64 4 0 0 0 0 0 0 0 0 0 -18 11 -17 12 -20 14 -16 9 -18 13 -17 9 -17 8 -20 4 -21 10 -19 10 -16 11 -19 9 -22 5 -17 6 -21 4 -21 6 -18 5 -16 6 -20 8 -14 3 -14 7 -16 5 -17 6 -15 6 -13 5 -13 8 -2 -1 -17 5 -14 5 -18 4 -15 5 -17 9 -15 3 -13 7 -17 4 -14 3 -14 8 -11 7 -10 11 -16 7 -11 10 -11 7 -12 10 -11 8 -11 12 -13 7 -10 10 -10 10 -13 11 -10 12 -11 9 -10 8 -9 14 0 -3 0 0 0 0 0 0 0 0 ]
CSI_DATA,AP,68:FE:71:12:53:8C,-39,11,1,6,1,1,1,0,0,0,0,-93,0,6,1,63796799,0,84,0,0,63.797,384,[84 -64 4 0 0 0 0 0 0 0 0 0 17 4 19 1 23 0 22 3 21 5 15 3 19 7 20 8 20 3 20 3 15 5 18 4 17 10 18 4 17 7 19 5 18 6 17 6 16 3 16 3 16 3 17 5 13 6 13 6 13 8 13 7 2 0 18 2 18 6 14 2 16 0 14 5 19 3 15 4 18 4 12 1 15 0 17 2 14 2 12 -1 11 3 18 2 15 -2 17 2 17 1 16 -4 18 -2 16 -1 13 -4 17 -2 17 -6 16 -6 18 0 -2 -2 0 0 0 0 0 0 0 0 ]
CSI_DATA,AP,68:FE:71:12:53:8C,-39,11,1,4,1,1,1,0,0,0,0,-95,0,6,1,63895963,0,84,0,0,63.896,384,[84 -64 4 0 0 0 0 0 0 0 0 0 -15 10 -18 13 -20 10 -14 14 -14 10 -20 11 -18 12 -17 11 -15 7 -16 9 -18 9 -21 6 -20 4 -14 8 -15 5 -16 5 -16 6 -20 9 -16 7 -19 4 -15 9 -18 5 -17 3 -17 5 -13 4 -13 6 2 2 -12 8 -13 5 -18 10 -12 7 -17 8 -18 8 -14 6 -14 11 -15 9 -17 6 -13 10 -12 7 -11 12 -15 12 -13 9 -12 7 -12 13 -9 12 -13 11 -9 10 -11 11 -12 12 -13 12 -8 9 -12 10 -14 13 0 -2 0 0 0 0 0 0 0 0 ]
CSI_DATA,AP,68:FE:71:12:53:8C,-39,11,1,4,1,1,1,1,0,0,0,-94,5,6,1,64004313,0,84,0,0,64.004,384,[84 -64 4 0 0 0 0 0 0 0 0 0 -5 17 -8 21 -9 18 -8 16 -11 20 -10 20 -8 17 -9 14 -14 18 -13 19 -9 14 -10 13 -9 13 -10 14 -15 16 -11 16 -11 12 -14 14 -13 16 -10 15 -8 15 -8 11 -14 12 -8 14 -10 16 -7 12 3 0 -11 11 -8 13 -12 17 -11 11 -10 17 -7 15 -6 16 -10 12 -6 16 -6 15 -9 16 -2 14 -2 12 -5 18 -2 18 -3 18 -6 18 -4 18 -6 12 -2 15 -5 13 0 14 -6 13 -2 16 1 12 -5 18 0 3 0 0 0 0 0 0 0 0 ]
CSI_DATA,AP,68:FE:71:12:53:8C,-45,11,1,5,1,1,1,0,0,0,0,-94,0,6,1,64098435,0,84,0,0,64.098,384,[84 -64 4 0 0 0 0 0 0 0 0 0 16 9 20 9 18 10 16 9 19 10 19 11 18 7 16 9 18 8 14 9 19 11 20 14 19 13 18 14 18 10 12 15 17 12 17 12 17 12 16 10 17 8 15 12 15 10 16 9 14 12 12 11 -3 1 16 12 11 8 17 12 16 8 12 9 17 6 14 11 12 7 17 8 12 4 16 4 11 6 12 7 15 4 17 8 14 8 15 5 19 4 18 8 14 6 14 3 16 8 13 5 14 1 14 4 16 4 1 2 0 0 0 0 0 0 0 0 ]
CSI_DATA,AP,68:FE:71:12:53:8C,-38,11,1,6,1,1,1,1,0,0,0,-96,4,6,1,64192558,0,84,0,0,64.193,384,[84 -64 4 0 0 0 0 0 0 0 0 0 17 -7 18 -7 18 -7 21 -8 21 -10 18 -7 19 -8 20 -8 19 -9 22 -3 18 -2 22 -6 18 -3 17 0 20 -5 18 -7 15 -2 20 -5 15 -1 17 -3 19 -4 21 0 13 1 19 -5 17 -1 16 -2 0 2 17 -1 18 -5 15 -6 15 -3 18 -5 13 -2 19 -3 18 -9 13 -6 13 -7 18 -7 14 -5 13 -5 12 -5 14 -4 15 -6 13 -5 11 -6 15 -10 13 -10 14 -10 17 -8 11 -8 14 -11 11 -11 10 -11 3 0 0 0 0 0 0 0 0 0 ]
CSI_DATA,AP,68:FE:71:12:53:8C,-41,11,1,4,1,1,1,0,0,0,0,-95,0,6,1,64283676,0,84,0,0,64.284,384,[84 -64 4 0 0 0 0 0 0 0 0 0 15 -11 14 -11 18 -14 22 -12 21 -10 20 -12 18 -6 20 -6 18 -11 16 -8 23 -9 20 -11 22 -7 20 -10 18 -7 23 -8 20 -4 14 -7 17 -3 21 -5 19 -9 16 -8 16 -4 19 -8 21 -10 18 -8 2 -3 15 -4 16 -4 19 -4 13 -8 18 -6 18 -5 18 -10 14 -6 16 -10 16 -7 18 -7 16 -7 17 -11 12 -7 12 -9 12 -9 13 -12 14 -12 13 -10 13 -12 10 -12 14 -12 14 -10 10 -11 14 -13 13 -9 -2 2 0 0 0 0 0 0 0 0 ]
CSI_DATA,AP,68:FE:71:12:53:8C,-40,11,1,4,1,1,1,0,0,0,0,-95,0,6,1,64372732,0,84,0,0,64.373,384,[84 -64 4 0 0 0 0 0 0 0 0 0 -10 -19 -9 -16 -12 -18 -16 -19 -13 -18 -8 -17 -8 -22 -9 -23 -10 -23 -10 -19 -6 -18 -9 -20 -5 -18 -6 -23 -8 -20 -4 -24 -5 -22 -5 -19 -4 -22 -9 -16 -9 -21 -3 -19 -8 -20 -5 -22 -7 -19 -4 -15 1 3 -7 -15 -9 -17 -5 -16 -9 -17 -6 -15 -8 -18 -6 -16 -11 -15 -5 -12 -6 -12 -13 -13 -9 -12 -12 -11 -12 -13 -13 -16 -8 -17 -8 -18 -13 -15 -8 -11 -11 -15 -10 -14 -10 -15 -12 -16 -11 -15 -15 -16 -15 -13 0 -3 0 0 0 0 0 0 0 0 ]
CSI_DATA,AP,68:FE:71:12:53:8C,-41,11,1,4,1,1,1,0,0,0,0,-95,0,6,1,64451257,0,84,0,0,64.451,384,[84 -64 4 0 0 0 0 0 0 0 0 0 18 -3 22 -6 25 -4 26 -1 21 -4 22 2 23 -1 19 1 23 3 22 2 25 -2 21 2 19 4 19 5 23 1 21 2 17 3 19 4 18 0 22 5 20 2 16 5 15 5 20 1 21 3 15 2 -1 -2 14 2 19 -3 20 3 16 -4 14 -1 19 -1 17 2 14 -3 17 1 16 -4 17 1 18 -5 20 1 16 -5 17 -1 19 -5 21 -3 15 -3 14 -6 14 -8 15 -4 15 -1 15 -7 20 -8 16 -5 15 -3 -1 -2 0 0 0 0 0 0 0 0 ]
CSI_DATA,AP,68:FE:71:12:53:8C,-43,11,1,5,1,1,1,0,0,0,1,-94,0,6,1,64552869,0,84,0,0,64.553,384,[84 -64 4 0 0 0 0 0 0 0 0 0 14 13 14 16 11 17 13 19 16 21 12 17 11 18 11 15 8 18 10 16 9 21 7 21 8 17 8 20 7 18 8 16 6 13 5 19 7 19 6 17 7 19 6 18 8 15 5 16 8 13 7 13 2 3 5 15 10 17 6 13 12 13 11 15 10 12 6 11 12 14 11 10 12 11 13 9 10 9 8 15 10 13 9 12 9 11 16 15 10 8 15 13 14 11 12 14 14 11 11 11 13 9 12 9 15 7 -3 -3 0 0 0 0 0 0 0 0 ]
CSI_DATA,AP,68:FE:71:12:53:8C,-42,11,1,4,1,1,1,0,0,0,0,-95,0,6,1,64643817,0,84,0,0,64.644,384,[84 -64 4 0 0 0 0 0 0 0 0 0 -22 -8 -21 -6 -23 -3 -25 -4 -23 -7 -21 -5 -22 -12 -22 -10 -19 -8 -21 -12 -17 -12 -20 -8 -18 -9 -19 -7 -20 -10 -19 -8 -19 -11 -16 -11 -14 -12 -13 -11 -18 -13 -17 -11 -11 -8 -16 -7 -19 -7 -19 -11 2 1 -16 -6 -17 -11 -18 -9 -15 -10 -13 -7 -16 -11 -18 -6 -17 -10 -18 -8 -14 -3 -15 -2 -17 -2 -20 -5 -14 -7 -15 -5 -16 -4 -21 -1 -16 -5 -18 -2 -14 -3 -21 -2 -17 -1 -20 -2 -20 -4 -21 1 -18 -2 3 -2 0 0 0 0 0 0 0 0 ]
CSI_DATA,AP,68:FE:71:12:53:8C,-37,11,1,6,1,1,1,0,0,0,0,-93,0,6,1,64756548,0,84,0,0,64.757,384,[84 -64 4 0 0 0 0 0 0 0 0 0 14 -8 17 -11 21 -13 18 -7 17 -10 16 -10 19 -4 18 -7 19 -7 19 -7 17 -6 21 -6 21 -9 21 -6 18 -2 18 -6 21 -5 19 -1 20 0 16 -2 19 0 17 -4 14 -3 16 -7 20 -4 18 -1 -1 1 14 -5 16 -5 14 -6 17 -3 19 -1 19 -7 13 -8 17 -4 17 -7 14 -9 13 -8 15 -9 11 -5 11 -10 17 -10 17 -10 18 -9 14 -12 14 -11 14 -12 15 -9 13 -7 11 -9 17 -14 14 -10 10 -11 1 3 0 0 0 0 0 0 0 0 ]
CSI_DATA,AP,68:FE:71:12:53:8C,-38,11,1,7,1,1,1,0,0,0,0,-93,0,6,1,64836886,0,84,0,0,64.837,384,[84 -64 4 0 0 0 0 0 0 0 0 0 17 -10 20 -8 20 -7 25 -8 23 -3 20 -2 19 -5 19 -3 19 -3 17 -3 23 -4 18 -2 20 -3 20 -3 18 -3 18 3 23 -2 18 -1 16 -1 20 -3 20 0 17 -3 15 -2 21 0 21 -2 19 1 -3 1 14 -1 18 2 16 -4 16 -1 18 -4 17 -1 17 -2 16 0 14 -2 12 -5 13 -7 13 -4 14 -2 19 -7 18 -2 16 -7 19 -5 19 -8 15 -7 12 -9 17 -4 14 -10 17 -7 15 -6 18 -11 12 -9 3 -1 0 0 0 0 0 0 0 0 ]
CSI_DATA,AP,68:FE:71:12:53:8C,-37,11,1,7,1,1,1,0,0,0,0,-93,0,6,1,64914406,0,84,0,0,64.914,384,[84 -64 4 0 0 0 0 0 0 0 0 0 20 -3 17 1 20 3 22 3 24 0 17 1 18 1 18 0 21 7 16 6 20 8 22 2 18 4 17 5 15 7 19 5 15 4 19 3 13 8 17 5 15 9 14 4 15 3 14 7 17 7 17 5 -2 1 18 4 19 3 19 6 17 0 12 2 14 5 17 3 17 -1 14 2 14 -2 15 -3 16 3 13 -1 18 2 17 -1 18 -3 16 -2 18 1 14 -2 16 -2 19 1 16 -2 18 -3 14 -4 16 -2 17 -3 -3 -1 0 0 0 0 0 0 0 0 ]
CSI_DATA,AP,68:FE:71:12:53:8C,-37,11,1,6,1,1,1,0,0,0,0,-95,0,6,1,65011184,0,84,0,0,65.011,384,[84 -64 4 0 0 0 0 0 0 0 0 0 -19 -8 -17 -7 -22 -8 -22 -9 -20 -9 -16 -9 -18 -10 -19 -13 -16 -14 -17 -11 -18 -10 -20 -12 -17 -14 -15 -12 -18 -12 -18 -13 -12 -13 -17 -11 -16 -13 -16 -12 -16 -10 -12 -12 -15 -11 -12 -12 -12 -9 -17 -9 -1 3 -15 -11 -13 -8 -17 -9 -14 -5 -16 -10 -16 -12 -13 -7 -15 -5 -14 -5 -15 -5 -15 -6 -13 -8 -14 -7 -16 -5 -13 -4 -18 -4 -18 -2 -19 -7 -19 -5 -19 -2 -17 -1 -16 -6 -20 -5 -16 1 -15 -4 -14 -1 -2 1 0 0 0 0 0 0 0 0 ]
CSI_DATA,AP,68:FE:71:12:53:8C,-36,11,1,7,1,1,1,0,0,0,0,-94,0,6,1,65098466,0,84,0,0,65.098,384,[84 -64 4 0 0 0 0 0 0 0 0 0 16 14 13 14 19 14 14 12 12 15 13 14 15 16 8 14 15 15 13 13 14 16 15 19 8 19 9 15 12 13 9 19 8 15 10 14 10 14 12 17 9 16 10 15 8 14 6 12 6 12 7 15 0 -2 6 10 11 16 13 11 11 13 8 11 9 15 11 15 7 9 7 9 8 12 14 14 11 11 14 11 13 9 8 10 14 13 10 14 12 12 12 8 13 12 14 7 13 12 16 8 11 9 15 7 12 10 -1 0 0 0 0 0 0 0 0 0 ]
CSI_DATA,AP,68:FE:71:12:53:8C,-39,11,1,5,1,1,1,0,0,0,0,-94,0,6,1,65184052,0,84,0,0,65.184,384,[84 -64 4 0 0 0 0 0 0 0 0 0 -8 15 -15 19 -14 14 -16 15 -15 18 -10 14 -17 18 -16 16 -12 14 -14 13 -19 11 -17 15 -15 12 -13 10 -18 11 -15 13 -14 9 -16 10 -11 12 -17 13 -14 8 -17 14 -13 11 -13 10 -14 12 -11 10 1 3 -15 10 -15 12 -13 11 -13 11 -14 13 -12 13 -12 15 -10 14 -9 10 -13 9 -11 13 -10 15 -10 10 -13 10 -12 17 -10 13 -13 15 -10 14 -10 12 -6 17 -8 14 -8 13 -5 14 -4 13 -10 13 -4 11 3 -3 0 0 0 0 0 0 0 0 ]
CSI_DATA,AP,68:FE:71:12:53:8C,-39,11,1,6,1,1,1,0,0,0,0,-94,0,6,1,65282408,0,84,0,0,65.282,384,[84 -64 4 0 0 0 0 0 0 0 0 0 -16 10 -19 9 -21 14 -21 15 -18 8 -22 6 -19 9 -19 11 -20 11 -17 7 -23 8 -23 6 -18 6 -22 6 -22 7 -17 5 -20 7 -19 7 -15 5 -21 4 -16 4 -20 4 -17 4 -18 9 -15 6 -16 6 -3 -1 -17 5 -13 5 -16 4 -15 6 -14 10 -14 7 -18 4 -16 5 -14 8 -15 10 -17 12 -10 8 -13 11 -11 9 -16 10 -11 10 -12 14 -13 13 -10 10 -12 11 -14 12 -14 10 -9 9 -15 10 -11 10 -9 14 -1 -3 0 0 0 0 0 0 0 0 ]
CSI_DATA,AP,68:FE:71:12:53:8C,-44,11,1,3,1,1,1,0,0,0,0,-94,0,6,1,65375930,0,84,0,0,65.376,384,[84 -64 4 0 0 0 0 0 0 0 0 0 20 -1 22 1 23 -5 25 -2 23 3 21 3 18 1 20 3 22 1 21 5 23 3 22 6 20 4 19 5 16 2 19 6 15 0 21 1 19 2 15 4 14 5 18 4 15 4 14 5 20 2 16 5 2 -3 14 1 15 1 16 2 14 -1 15 2 14 3 15 -1 14 -1 15 -4 14 -1 13 -2 15 -3 17 -4 16 -5 17 -1 16 -1 15 -6 15 -1 18 -4 17 -3 18 -6 12 -7 16 -5 15 -6 13 -2 14 -4 0 -3 0 0 0 0 0 0 0 0 ]
CSI_DATA,AP,68:FE:71:12:53:8C,-40,11,1,4,1,1,1,0,0,0,0,-96,0,6,1,65453511,0,84,0,0,65.454,384,[84 -64 4 0 0 0 0 0 0 0 0 0 18 2 20 1 21 3 21 2 23 1 17 3 23 2 21 3 18 3 17 1 19 3 20 1 21 5 18 3 20 6 22 5 17 4 18 2 20 6 20 4 16 7 16 7 18 5 15 4 16 6 17 5 3 -3 15 4 17 2 14 1 16 4 14 6 15 5 18 -1 12 4 18 1 18 3 18 0 15 1 19 1 18 2 16 -2 16 1 18 1 15 1 17 1 16 -3 17 0 19 1 16 -3 17 -1 14 -1 15 -2 1 -3 0 0 0 0 0 0 0 0 ]
CSI_DATA,AP,68:FE:71:12:53:8C,-41,11,1,6,1,1,1,0,0,0,0,-95,0,6,1,65533194,0,84,0,0,65.533,384,[84 -64 4 0 0 0 0 0 0 0 0 0 8 17 7 19 10 15 10 23 9 21 2 22 4 18 3 17 5 17 6 18 1 18 5 20 4 19 1 18 2 21 4 17 4 19 -1 15 3 18 4 21 -1 16 1 19 -1 14 5 16 4 19 6 17 -1 3 3 17 4 15 4 15 2 13 0 19 0 13 2 13 1 13 5 13 8 16 5 15 7 16 8 14 8 16 5 15 8 13 6 15 8 17 4 14 10 12 7 13 11 15 8 12 10 14 8 15 6 11 1 2 0 0 0 0 0 0 0 0 ]
CSI_DATA,AP,68:FE:71:12:53:8C,-43,11,1,6,1,1,1,0,0,0,0,-96,0,6,1,65619263,0,84,0,0,65.619,384,[84 -64 4 0 0 0 0 0 0 0 0 0 19 -7 19 -9 19 -7 21 -9 17 -8 21 -6 20 -1 18 -5 17 1 21 1 23 -6 20 -5 22 -5 22 0 21 2 16 -1 18 -3 16 -1 20 -1 17 -4 14 -2 17 -1 20 2 19 -4 19 -4 15 0 0 -3 13 -2 20 -2 15 -5 17 0 17 1 16 -6 20 -1 12 -5 14 -2 15 -2 13 -5 14 -2 17 -4 12 -9 15 -8 15 -4 16 -8 17 -7 18 -5 14 -8 12 -5 12 -9 15 -5 14 -12 11 -11 12 -9 1 -1 0 0 0 0 0 0 0 0 ]
CSI_DATA,AP,68:FE:71:12:53:8C,-37,11,1,5,1,1,1,1,0,0,1,-94,6,6,1,65707219,0,84,0,0,65.707,384,[84 -64 4 0 0 0 0 0 0 0 0 0 8 20 6 21 11 16 7 21 9 17 7 20 6 18 2 20 8 22 6 15 4 21 4 19 6 19 3 21 1 20 4 21 6 18 3 14 5 16 5 20 1 19 -1 21 2 16 1 17 6 17 3 20 -3 3 3 13 3 20 6 17 2 12 5 18 8 12 8 15 8 14 4 13 6 17 5 18 5 13 9 15 9 12 3 13 8 17 6 17 7 14 5 15 7 15 10 16 9 14 6 12 9 16 12 15 7 12 -1 1 0 0 0 0 0 0 0 0 ]
CSI_DATA,AP,68:FE:71:12:53:8C,-41,11,1,6,1,1,1,0,0,0,0,-94,0,6,1,65793210,0,84,0,0,65.793,384,[84 -64 4 0 0 0 0 0 0 0 0 0 2 -25 -1 -19 -1 -20 4 -23 1 -19 3 -22 5 -23 8 -21 3 -19 9 -22 9 -23 4 -20 5 -19 8 -19 5 -18 6 -22 8 -15 9 -18 9 -15 6 -19 8 -14 5 -16 8 -18 8 -16 8 -18 5 -20 -1 -2 3 -14 2 -21 3 -20 3 -17 4 -16 7 -16 5 -20 4 -18 4 -18 0 -19 4 -18 6 -13 -1 -14 2 -20 -2 -14 3 -15 4 -15 -1 -17 -1 -19 -1 -17 3 -18 2 -17 0 -18 1 -16 -2 -16 -1 -14 1 3 0 0 0 0 0 0 0 0 ]
CSI_DATA,AP,68:FE:71:12:53:8C,-35,11,1,6,1,1,1,0,0,0,0,-95,0,6,1,65880818,0,84,0,0,65.881,384,[84 -64 4 0 0 0 0 0 0 0 0 0 -21 -7 -22 -10 -22 -11 -17 -11 -18 -8 -17 -15 -20 -12 -14 -10 -20 -9 -18 -8 -15 -11 -20 -12 -17 -15 -16 -13 -14 -14 -17 -12 -12 -11 -17 -13 -17 -11 -17 -10 -12 -12 -13 -12 -12 -14 -13 -15 -16 -13 -17 -14 0 0 -17 -12 -13 -9 -15 -9 -11 -10 -18 -8 -13 -12 -14 -13 -15 -5 -14 -11 -12 -5 -17 -11 -17 -5 -16 -4 -12 -7 -17 -8 -19 -8 -13 -5 -17 -4 -19 -5 -17 -5 -19 -6 -14 -8 -17 -2 -20 -7 -18 -4 -20 -2 3 -1 0 0 0 0 0 0 0 0 ]
CSI_DATA,AP,68:FE:71:12:53:8C,-37,11,1,6,1,1,1,0,0,0,0,-95,0,6,1,65958862,0,84,0,0,65.959,384,[84 -64 4 0 0 0 0 0 0 0 0 0 -17 9 -15 10 -15 11 -21 9 -20 12 -17 9 -19 11 -19 9 -18 7 -18 9 -20 4 -22 7 -18 7 -21 8 -20 3 -19 3 -16 2 -15 5 -19 5 -17 2 -18 2 -17 5 -18 7 -15 6 -19 5 -13 1 0 -1 -17 2 -15 7 -19 3 -15 5 -17 5 -16 8 -17 8 -16 9 -12 5 -13 10 -11 8 -13 7 -12 8 -10 12 -15 10 -17 6 -17 7 -12 9 -12 6 -13 6 -11 8 -16 11 -10 9 -11 7 -10 8 -9 8 -1 -2 0 0 0 0 0 0 0 0 ]
CSI_DATA,AP,68:FE:71:12:53:8C,-39,11,1,5,1,1,1,1,0,0,0,-93,5,6,1,66056954,0,84,0,0,66.057,384,[84 -64 4 0 0 0 0 0 0 0 0 0 14 15 9 10 9 15 13 16 12 17 13 17 10 14 6 15 10 15 7 13 12 17 10 18 8 13 11 19 8 14 9 19 7 16 6 12 9 14 10 17 5 13 10 16 7 15 7 17 4 16 10 17 0 1 10 13 9 17 7 15 8 11 6 13 9 12 9 14 11 10 12 11 9 9 12 11 10 9 10 13 10 7 14 10 12 12 11 12 9 8 11 11 8 7 9 12 10 13 10 10 16 8 11 5 10 5 -3 3 0 0 0 0 0 0 0 0 ]
CSI_DATA,AP,68:FE:71:12:53:8C,-40,11,1,6,1,1,1,1,0,0,1,-93,6,6,1,66148712,0,84,0,0,66.149,384,[84 -64 4 0 0 0 0 0 0 0 0 0 13 12 15 16 17 19 12 15 15 15 11 19 10 18 12 16 13 17 8 18 10 15 7 21 10 22 12 20 7 20 8 20 10 16 5 15 10 16 8 16 5 17 6 16 5 17 7 19 4 17 6 14 1 -1 7 18 10 18 10 13 5 17 6 11 9 14 8 11 11 13 6 10 12 15 10 16 6 12 11 15 11 15 9 14 12 9 9 11 8 13 10 8 12 10 13 11 11 13 8 8 16 8 15 10 12 8 -3 -1 0 0 0 0 0 0 0 0 ]
CSI_DATA,AP,68:FE:71:12:53:8C,-42,11,1,6,1,1,1,0,0,0,0,-94,0,6,1,66228753,0,84,0,0,66.229,384,[84 -64 4 0 0 0 0 0 0 0 0 0 -20 11 -19 5 -17 5 -20 5 -21 7 -17 9 -20 7 -19 2 -19 2 -19 6 -24 4 -20 7 -20 4 -17 7 -19 1 -22 5 -19 1 -19 3 -22 0 -20 1 -18 3 -19 -1 -14 3 -17 1 -21 3 -21 4 3 -3 -14 3 -16 3 -16 0 -19 5 -15 4 -16 5 -15 5 -16 7 -13 8 -15 3 -17 4 -13 7 -19 9 -13 7 -16 4 -14 10 -15 8 -15 7 -16 7 -13 8 -18 11 -17 10 -14 11 -15 7 -12 8 -17 6 -1 -2 0 0 0 0 0 0 0 0 ]
CSI_DATA,AP,68:FE:71:12:53:8C,-38,11,1,5,1,1,1,1,0,0,1,-94,2,6,1,66306224,0,84,0,0,66.306,384,[84 -64 4 0 0 0 0 0 0 0 0 0 6 7 5 6 10 8 10 6 6 8 5 8 5 8 4 8 6 4 5 5 8 4 6 9 6 6 3 3 9 6 7 5 6 5 2 5 7 6 5 3 8 8 3 5 1 5 7 8 7 9 2 2 -2 3 8 5 2 8 7 5 8 1 5 2 7 7 7 6 7 5 8 7 4 6 9 7 4 5 9 1 5 7 4 7 10 3 7 2 4 0 4 6 4 0 5 0 8 2 9 4 10 6 5 2 9 6 0 3 0 0 0 0 0 0 0 0 ]
CSI_DATA,AP,68:FE:71:12:53:8C,-41,11,1,4,1,1,1,0,0,0,0,-94,0,6,1,66422203,0,84,0,0,66.422,384,[84 -64 4 0 0 0 0 0 0 0 0 0 20 11 14 9 16 8 18 12 14 9 18 10 13 9 14 11 18 11 11 14 13 15 13 12 13 15 15 14 15 10 16 13 16 14 14 14 16 12 15 11 15 7 13 11 9 14 10 13 15 14 12 9 -1 2 15 12 15 10 14 11 14 8 15 6 11 8 10 8 9 4 10 6 12 2 15 5 13 4 10 4 16 5 13 7 12 6 14 5 16 5 14 5 15 6 15 4 15 9 15 6 18 4 15 10 10 6 -2 0 0 0 0 0 0 0 0 0 ]
CSI_DATA,AP,68:FE:71:12:53:8C,-39,11,0,0,0,0,0,1,0,0,0,-96,6,6,1,66516304,0,37,0,0,66.516,128,[84 -64 4 0 0 0 0 0 0 0 0 0 1 -10 0 -10 -1 -13 1 -11 1 -9 3 -10 4 -8 2 -9 -2 -12 3 -8 4 -11 -1 -10 1 -10 4 -12 4 -12 5 -7 1 -10 -1 -8 4 -10 3 -8 1 -8 3 -8 -1 -9 -1 -12 -2 -12 -2 -7 1 -2 1 -10 -3 -12 0 -7 3 -12 3 -8 -2 -11 2 -12 -2 -6 -2 -9 -1 -10 1 -11 -2 -11 -3 -11 0 -8 1 -7 1 -10 0 -11 0 -7 -4 -6 0 -5 -2 -8 0 -11 -2 -11 -2 -11 0 -7 -3 -11 2 -1 0 0 0 0 0 0 0 0 ]
CSI_DATA,AP,68:FE:71:12:53:8C,-36,11,1,6,1,1,1,0,0,0,0,-94,0,6,1,66593710,0,84,0,0,66.594,384,[84 -64 4 0 0 0 0 0 0 0 0 0 15 2 16 2 19 2 20 4 17 4 17 8 18 6 19 11 13 7 17 9 17 7 15 7 14 10 13 11 12 7 19 12 13 8 13 9 11 6 12 8 11 6 12 10 10 11 13 8 12 11 11 10 3 -1 14 11 14 9 11 4 10 4 10 5 16 5 12 9 11 6 14 2 16 5 16 7 16 1 15 3 18 4 14 4 18 1 17 5 14 -1 14 1 17 3 13 2 14 1 17 3 17 0 18 0 14 1 -3 3 0 0 0 0 0 0 0 0 ]
CSI_DATA,AP,68:FE:71:12:53:8C,-45,11,1,3,1,1,1,0,0,0,0,-94,0,6,1,66713161,0,84,0,0,66.713,384,[84 -64 4 0 0 0 0 0 0 0 0 0 -16 -7 -14 -11 -13 -12 -15 -14 -14 -8 -10 -12 -12 -14 -8 -10 -14 -10 -9 -9 -12 -13 -8 -14 -8 -16 -11 -14 -6 -16 -11 -13 -8 -14 -8 -14 -9 -13 -10 -13 -9 -11 -8 -14 -6 -14 -10 -14 -6 -10 -8 -10 1 0 -9 -10 -10 -13 -9 -14 -12 -9 -10 -13 -11 -12 -7 -11 -13 -8 -7 -6 -7 -9 -11 -11 -10 -10 -14 -8 -13 -7 -12 -7 -10 -11 -15 -13 -11 -11 -12 -5 -11 -6 -10 -9 -11 -5 -13 -5 -11 -9 -12 -5 -13 -5 2 -2 0 0 0 0 0 0 0 0 ]
CSI_DATA,AP,68:FE:71:12:53:8C,-40,11,1,6,1,1,1,0,0,0,0,-94,0,6,1,66798378,0,84,0,0,66.798,384,[84 -64 4 0 0 0 0 0 0 0 0 0 -3 23 -3 21 2 23 -1 25 -1 21 -7 21 -4 21 -4 21 -7 20 -6 18 -7 22 -5 24 -7 22 -11 18 -6 22 -8 23 -5 20 -8 20 -7 19 -7 16 -5 17 -6 21 -8 19 -6 19 -9 18 -4 20 -3 -3 -6 19 -6 20 -4 22 -2 21 -6 16 0 15 -6 16 -2 18 -2 14 0 14 0 16 -1 17 -1 16 -1 15 2 16 2 18 -1 21 0 18 5 19 1 14 5 18 4 19 2 17 5 19 1 14 6 17 3 2 0 0 0 0 0 0 0 0 ]
CSI_DATA,AP,68:FE:71:12:53:8C,-41,11,1,4,1,1,1,0,0,0,0,-95,0,6,1,66894240,0,84,0,0,66.894,384,[84 -64 4 0 0 0 0 0 0 0 0 0 -8 20 -7 21 -9 15 -9 17 -9 19 -8 19 -10 17 -9 13 -10 16 -13 17 -9 16 -12 14 -12 12 -10 17 -12 14 -15 12 -12 15 -10 15 -12 10 -12 14 -10 12 -10 10 -11 10 -13 12 -11 10 -13 14 3 1 -14 9 -10 12 -12 11 -5 11 -7 11 -11 10 -11 15 -5 15 -7 14 -7 9 -5 11 -4 11 -10 14 -5 16 -9 12 -8 14 -3 17 -9 13 -4 13 -7 11 -5 16 -6 15 -7 16 -1 11 -7 16 -6 14 -3 3 0 0 0 0 0 0 0 0 ]
CSI_DATA,AP,68:FE:71:12:53:8C,-40,11,1,4,1,1,1,0,0,0,0,-95,0,6,1,66988351,0,84,0,0,66.988,384,[84 -64 4 0 0 0 0 0 0 0 0 0 23 2 22 2 21 2 23 3 24 4 15 4 17 3 15 2 14 2 13 2 18 2 14 4 15 8 14 2 12 7 17 6 16 7 11 1 10 7 13 6 12 5 11 2 14 3 10 1 11 4 11 1 2 2 14 -1 12 -2 11 -3 8 0 10 -3 9 3 9 1 8 -5 12 2 8 1 10 -1 12 -2 8 1 9 -5 12 -3 12 -3 14 -5 10 -3 10 -1 10 -8 13 -6 8 -7 9 -5 10 -7 9 -5 12 -9 -1 1 0 0 0 0 0 0 0 0 ]
CSI_DATA,AP,68:FE:71:12:53:8C,-43,11,1,6,1,1,1,0,0,0,0,-93,0,6,1,67101123,0,84,0,0,67.101,384,[84 -64 4 0 0 0 0 0 0 0 0 0 14 10 14 10 13 10 16 12 16 16 10 11 9 14 10 9 11 14 8 13 13 11 13 15 8 15 8 13 9 14 8 13 9 9 5 10 10 8 9 10 4 11 6 5 5 9 10 9 4 7 10 5 -3 -2 6 7 5 7 9 4 10 8 6 2 6 4 5 6 12 0 10 5 11 0 13 -1 7 3 12 0 10 5 6 5 8 -2 12 2 13 1 7 2 11 -1 11 1 11 -4 11 -1 9 0 11 -3 12 -3 -1 2 0 0 0 0 0 0 0 0 ]
CSI_DATA,AP,68:FE:71:12:53:8C,-38,11,1,6,1,1,1,0,0,0,0,-94,0,6,1,67221593,0,84,0,0,67.222,384,[84 -64 4 0 0 0 0 0 0 0 0 0 -12 27 -11 25 -13 28 -17 22 -14 21 -14 18 -13 17 -16 17 -18 15 -15 18 -13 15 -16 19 -16 18 -14 13 -13 17 -13 13 -14 16 -14 12 -14 14 -11 14 -13 14 -11 12 -9 11 -10 9 -8 15 -11 12 2 -1 -6 10 -9 15 -3 14 -4 12 -7 9 -6 12 -6 14 -2 12 -4 15 -3 14 -1 15 -1 12 1 16 1 15 -5 10 2 17 -4 14 3 13 1 12 2 11 2 13 -1 16 1 12 3 16 -1 14 0 11 -1 1 0 0 0 0 0 0 0 0 ]
CSI_DATA,AP,68:FE:71:12:53:8C,-37,11,1,7,1,1,1,0,0,0,0,-94,0,6,1,67318343,0,84,0,0,67.318,384,[84 -64 4 0 0 0 0 0 0 0 0 0 -11 -29 -11 -32 -9 -32 -6 -31 -10 -33 -8 -30 -2 -31 -7 -27 -5 -26 -3 -28 -1 -26 -5 -26 -3 -26 -5 -23 -4 -25 -4 -25 -1 -19 -5 -22 1 -22 -5 -20 -4 -19 0 -20 0 -18 -5 -18 -2 -15 -3 -13 1 0 -8 -17 -9 -15 -7 -11 -9 -12 -7 -10 -4 -10 -5 -12 -6 -8 -6 -13 -9 -11 -10 -12 -12 -7 -12 -10 -11 -9 -12 -7 -11 -11 -14 -8 -9 -3 -13 -6 -10 -3 -12 -8 -14 -6 -11 -6 -16 -6 -15 -3 -13 -5 1 2 0 0 0 0 0 0 0 0 ]
CSI_DATA,AP,68:FE:71:12:53:8C,-42,11,1,5,1,1,1,0,0,0,0,-96,0,6,1,67398045,0,84,0,0,67.398,384,[84 -64 4 0 0 0 0 0 0 0 0 0 -14 13 -15 15 -18 13 -13 15 -17 14 -18 8 -15 9 -17 7 -18 12 -16 9 -12 11 -18 12 -15 6 -14 5 -16 9 -13 12 -17 9 -10 7 -12 6 -11 8 -11 7 -11 4 -10 5 -11 8 -12 11 -16 5 1 -3 -13 6 -10 7 -16 11 -15 8 -13 12 -14 6 -11 6 -11 6 -13 12 -9 9 -14 14 -10 8 -12 11 -12 8 -8 8 -11 9 -12 14 -8 9 -9 12 -9 9 -8 11 -13 14 -8 13 -10 11 -12 11 -12 12 -1 -3 0 0 0 0 0 0 0 0 ]
CSI_DATA,AP,68:FE:71:12:53:8C,-42,11,1,5,1,1,1,0,0,0,0,-95,0,6,1,67519866,0,84,0,0,67.52,384,[84 -64 4 0 0 0 0 0 0 0 0 0 10 -20 7 -21 13 -21 9 -17 14 -17 12 -19 14 -18 12 -18 16 -18 11 -15 18 -18 12 -18 16 -13 17 -15 15 -14 19 -15 14 -15 14 -11 16 -13 14 -17 18 -12 18 -13 15 -14 16 -16 15 -17 16 -18 0 3 18 -14 17 -15 19 -16 13 -16 16 -14 15 -17 13 -13 11 -19 14 -17 15 -18 10 -19 10 -17 17 -14 12 -15 12 -18 14 -19 13 -19 14 -19 15 -19 15 -19 16 -17 15 -16 14 -18 12 -16 10 -13 14 -19 -3 -3 0 0 0 0 0 0 0 0 ]
CSI_DATA,AP,68:FE:71:12:53:8C,-40,11,1,6,1,1,1,0,0,0,0,-96,0,6,1,67611312,0,84,0,0,67.611,384,[84 -64 4 0 0 0 0 0 0 0 0 0 -7 16 -3 15 -9 15 -5 20 -7 16 -11 18 -8 17 -8 16 -13 12 -7 13 -12 13 -8 18 -12 16 -9 16 -7 16 -8 16 -8 13 -13 13 -12 14 -9 11 -10 14 -12 14 -12 12 -8 12 -11 11 -10 13 1 2 -5 14 -12 15 -11 13 -9 11 -9 9 -9 10 -6 11 -6 16 -3 13 -8 15 -5 10 -5 11 -7 10 -5 15 -6 13 -1 13 -3 12 0 15 -6 15 -4 10 -2 10 0 13 0 15 -3 11 -4 10 -2 15 -3 -2 0 0 0 0 0 0 0 0 ]
CSI_DATA,AP,68:FE:71:12:53:8C,-34,11,1,6,1,1,1,0,0,0,0,-93,0,6,1,67692760,0,84,0,0,67.693,384,[84 -64 4 0 0 0 0 0 0 0 0 0 -5 -27 -6 -24 -9 -30 -10 -26 -9 -30 -5 -30 -2 -27 -6 -27 -5 -26 1 -25 2 -31 -4 -26 -1 -28 2 -27 -4 -25 -4 -26 0 -21 3 -22 -1 -21 0 -25 -3 -23 -1 -21 -1 -19 0 -20 4 -20 4 -22 0 -3 -3 -22 -2 -22 -4 -20 -2 -19 -3 -20 -3 -20 -2 -16 0 -18 -2 -14 -2 -19 -6 -19 -6 -18 -2 -11 -8 -15 -7 -12 -10 -13 -13 -14 -7 -15 -12 -13 -15 -15 -15 -15 -17 -14 -14 -18 -14 -14 -19 -17 -20 -20 -3 0 0 0 0 0 0 0 0 0 ]
CSI_DATA,AP,68:FE:71:12:53:8C,-40,11,1,6,1,1,1,0,0,0,0,-96,0,6,1,67793223,0,84,0,0,67.793,384,[84 -64 4 0 0 0 0 0 0 0 0 0 15 6 17 6 16 5 22 8 16 2 18 6 20 4 20 6 22 5 16 11 17 8 22 7 21 16 17 12 21 14 21 12 22 9 15 9 18 12 16 15 19 13 16 10 17 9 14 10 21 13 16 14 1 3 21 12 17 13 18 13 20 11 18 13 16 12 20 13 18 10 15 6 18 5 15 5 17 6 18 9 16 9 22 7 18 7 17 3 15 6 17 4 18 0 18 5 17 1 17 3 20 0 21 3 21 1 -2 1 0 0 0 0 0 0 0 0 ]
CSI_DATA,AP,68:FE:71:12:53:8C,-35,11,1,7,1,1,1,1,0,0,0,-95,1,6,1,67867041,0,84,0,0,67.867,384,[84 -64 4 0 0 0 0 0 0 0 0 0 -14 1 -16 -3 -18 3 -20 -4 -15 -2 -16 2 -14 0 -14 -3 -15 -3 -18 -4 -19 -3 -18 -6 -19 -8 -22 -5 -21 -6 -22 -9 -21 -6 -15 -9 -17 -9 -16 -7 -18 -8 -20 -10 -18 -7 -19 -10 -16 -8 -16 -6 -3 3 -14 -5 -21 -6 -17 -9 -16 -7 -20 -4 -18 -7 -20 -7 -15 -2 -17 -5 -16 -3 -21 0 -16 -7 -17 -6 -17 -5 -20 -2 -15 -2 -21 -1 -22 1 -18 -1 -17 3 -20 -3 -16 -1 -20 2 -19 -1 -20 -3 -16 2 -2 0 0 0 0 0 0 0 0 0 ]
CSI_DATA,AP,68:FE:71:12:53:8C,-40,11,1,5,1,1,1,0,0,0,0,-94,0,6,1,67928829,0,84,0,0,67.929,384,[84 -64 4 0 0 0 0 0 0 0 0 0 7 -16 6 -22 9 -17 12 -17 8 -19 10 -18 10 -20 10 -17 11 -18 11 -13 10 -18 14 -17 15 -19 14 -15 13 -12 14 -12 16 -18 13 -11 11 -14 13 -15 12 -15 12 -12 8 -15 12 -11 12 -17 9 -14 -3 0 14 -12 14 -10 11 -13 10 -12 11 -14 8 -15 9 -17 10 -14 11 -13 11 -15 9 -16 6 -13 5 -14 8 -12 8 -16 7 -14 5 -16 7 -14 6 -15 6 -13 8 -15 4 -16 7 -17 3 -16 8 -16 3 -18 3 1 0 0 0 0 0 0 0 0 ]
CSI_DATA,AP,68:FE:71:12:53:8C,-41,11,1,6,1,1,1,1,0,0,0,-93,3,6,1,68008547,0,84,0,0,68.009,384,[82 -96 4 0 0 0 0 0 0 0 0 0 -18 4 -21 9 -23 6 -23 3 -18 2 -22 1 -20 4 -18 0 -23 3 -21 -1 -22 4 -23 1 -20 -1 -23 1 -22 -1 -20 -1 -18 -2 -19 0 -20 -3 -17 -4 -15 2 -15 -1 -20 2 -16 3 -21 -3 -14 0 -3 0 -20 1 -19 0 -16 1 -16 4 -14 -2 -13 1 -19 2 -14 0 -19 1 -13 3 -17 3 -17 5 -19 0 -19 4 -16 5 -14 1 -18 2 -17 5 -14 1 -14 6 -19 6 -15 4 -17 4 -19 7 -18 5 -17 6 2 -2 0 0 0 0 0 0 0 0 ]
CSI_DATA,AP,68:FE:71:12:53:8C,-41,11,1,5,1,1,1,0,0,0,0,-94,0,6,1,68116920,0,84,0,0,68.117,384,[84 -64 4 0 0 0 0 0 0 0 0 0 6 19 5 18 5 15 2 21 8 20 4 21 0 17 3 20 0 16 1 15 4 16 2 18 2 18 2 19 4 19 1 20 -2 16 -3 16 0 16 0 18 -1 13 -1 16 3 17 2 17 1 16 2 14 3 -1 -1 17 0 15 3 17 -2 15 -1 14 1 15 -2 11 3 13 -2 12 0 16 5 16 4 14 0 13 5 12 3 13 0 13 5 15 2 13 6 16 2 16 6 14 2 13 3 17 5 16 3 11 6 12 -3 -2 0 0 0 0 0 0 0 0 ]
CSI_DATA,AP,68:FE:71:12:53:8C,-45,11,1,4,1,1,1,0,0,0,0,-94,0,6,1,68216924,0,84,0,0,68.217,384,[84 -64 4 0 0 0 0 0 0 0 0 0 -8 -21 -5 -19 -3 -22 -5 -23 0 -23 -1 -19 -3 -24 -1 -19 4 -20 0 -19 -2 -19 3 -18 2 -20 2 -19 0 -17 0 -20 -2 -21 3 -15 2 -16 4 -20 -1 -18 1 -16 4 -19 3 -17 2 -15 0 -16 1 -1 3 -18 -3 -14 1 -16 3 -17 2 -20 0 -17 -2 -20 -3 -19 1 -14 -5 -18 -1 -19 -4 -18 -1 -16 -4 -19 -4 -18 -2 -16 -6 -18 -2 -19 -5 -18 -6 -17 -4 -18 -4 -16 -4 -16 -4 -16 -5 -16 -8 -14 1 3 0 0 0 0 0 0 0 0 ]
CSI_DATA,AP,68:FE:71:12:53:8C,-44,11,1,4,1,1,1,0,0,0,0,-95,0,6,1,68300163,0,84,0,0,68.3,384,[84 -64 4 0 0 0 0 0 0 0 0 0 14 -20 11 -15 13 -14 18 -15 19 -12 16 -16 19 -11 20 -15 17 -13 17 -15 20 -9 18 -10 18 -12 17 -13 19 -13 16 -10 16 -12 19 -12 16 -7 13 -12 17 -10 15 -7 13 -10 18 -7 15 -11 12 -8 -2 -2 16 -11 16 -7 15 -12 17 -9 11 -8 15 -10 15 -8 14 -13 11 -10 13 -11 9 -11 11 -9 15 -14 12 -16 11 -15 11 -11 12 -14 10 -14 14 -13 11 -10 13 -10 14 -15 12 -14 10 -13 9 -11 13 -15 -3 -3 0 0 0 0 0 0 0 0 ]
CSI_DATA,AP,68:FE:71:12:53:8C,-35,11,1,6,1,1,1,1,0,0,0,-95,1,6,1,68383019,0,84,0,0,68.383,384,[84 -64 4 0 0 0 0 0 0 0 0 0 6 -18 6 -17 6 -18 10 -17 9 -20 8 -18 10 -17 10 -15 6 -17 12 -16 8 -13 11 -13 10 -16 11 -17 9 -18 7 -14 11 -16 10 -16 11 -15 12 -15 13 -16 12 -13 8 -10 6 -15 7 -13 9 -12 -2 1 10 -14 9 -15 10 -17 7 -10 5 -16 9 -16 7 -11 7 -13 4 -16 9 -17 5 -16 5 -11 4 -14 2 -13 3 -12 8 -13 4 -15 4 -17 2 -14 3 -12 6 -12 4 -12 5 -13 6 -17 1 -14 2 -15 -1 1 0 0 0 0 0 0 0 0 ]
CSI_DATA,AP,68:FE:71:12:53:8C,-39,11,1,5,1,1,1,0,0,0,0,-95,0,6,1,68465780,0,84,0,0,68.466,384,[84 -64 4 0 0 0 0 0 0 0 0 0 0 -21 -3 -22 1 -21 -2 -20 3 -18 5 -21 1 -17 5 -19 2 -21 2 -23 3 -20 7 -20 5 -18 5 -23 4 -20 3 -18 3 -17 5 -14 5 -19 7 -17 8 -16 4 -19 5 -19 6 -14 5 -17 7 -18 -1 -3 0 -14 2 -19 6 -17 0 -15 2 -16 4 -16 0 -16 4 -18 5 -15 -1 -16 0 -14 1 -18 4 -15 1 -19 -1 -18 0 -13 -1 -17 1 -15 -3 -13 0 -13 -5 -16 -6 -14 -4 -18 -5 -18 -6 -17 -2 -18 0 -2 0 0 0 0 0 0 0 0 ]
CSI_DATA,AP,68:FE:71:12:53:8C,-39,11,1,6,1,1,1,0,0,0,0,-95,0,6,1,68564577,0,84,0,0,68.565,384,[84 -64 4 0 0 0 0 0 0 0 0 0 14 17 11 13 11 18 9 17 11 14 12 17 7 15 11 16 4 20 7 14 5 17 4 15 5 14 10 20 3 18 3 21 8 15 6 17 7 18 3 16 5 15 4 14 8 11 6 18 7 14 3 17 -2 3 7 17 4 16 7 12 4 13 5 13 7 17 9 15 9 15 6 10 7 11 7 11 10 14 12 12 11 11 10 14 12 16 10 13 10 12 11 12 11 15 8 14 8 9 9 10 13 14 12 8 13 9 3 1 0 0 0 0 0 0 0 0 ]
CSI_DATA,AP,68:FE:71:12:53:8C,-42,11,1,5,1,1,1,0,0,0,0,-96,0,6,1,68654097,0,84,0,0,68.654,384,[84 -64 4 0 0 0 0 0 0 0 0 0 1 -17 5 -17 6 -20 7 -18 4 -18 7 -19 6 -22 7 -18 8 -18 4 -22 9 -17 9 -18 6 -20 6 -21 8 -21 11 -16 5 -20 8 -16 8 -16 11 -17 5 -17 7 -18 7 -17 10 -13 10 -16 6 -18 -3 -3 9 -16 4 -18 5 -15 5 -12 8 -18 8 -15 7 -14 5 -17 6 -12 6 -19 4 -15 1 -17 1 -17 0 -14 6 -15 3 -19 1 -19 4 -18 5 -13 -2 -19 1 -16 -2 -19 -2 -19 0 -17 2 -18 3 -18 3 2 0 0 0 0 0 0 0 0 ]
CSI_DATA,AP,68:FE:71:12:53:8C,-40,11,1,4,1,1,1,0,0,0,0,-94,0,6,1,68761347,0,84,0,0,68.761,384,[84 -64 4 0 0 0 0 0 0 0 0 0 13 10 15 10 17 12 11 16 16 17 14 11 11 15 11 13 14 12 10 16 10 15 9 13 9 13 12 18 9 17 8 13 9 12 6 12 6 17 6 16 12 11 7 15 12 14 7 14 8 13 9 11 -1 -1 11 15 12 10 9 11 6 14 9 10 10 9 8 9 8 11 9 11 9 11 9 7 13 11 13 12 13 12 11 11 12 11 14 13 9 8 9 11 13 7 14 11 16 8 10 11 14 10 12 8 10 9 0 -2 0 0 0 0 0 0 0 0 ]
CSI_DATA,AP,68:FE:71:12:53:8C,-38,11,1,5,1,1,1,0,0,0,0,-96,0,6,1,68840335,0,84,0,0,68.84,384,[84 -64 4 0 0 0 0 0 0 0 0 0 -17 -15 -12 -10 -12 -11 -15 -17 -14 -16 -13 -15 -12 -18 -9 -17 -13 -17 -11 -15 -9 -18 -12 -17 -11 -13 -10 -17 -12 -18 -14 -13 -8 -14 -12 -18 -7 -18 -12 -15 -12 -17 -8 -16 -9 -11 -10 -17 -7 -13 -7 -13 1 3 -13 -10 -13 -11 -14 -15 -9 -11 -13 -10 -12 -14 -11 -13 -10 -9 -10 -14 -13 -13 -14 -11 -9 -12 -9 -7 -11 -10 -12 -6 -16 -6 -11 -10 -13 -9 -14 -9 -16 -9 -12 -6 -13 -9 -11 -10 -11 -8 -14 -5 -12 -7 2 3 0 0 0 0 0 0 0 0 ]
CSI_DATA,AP,68:FE:71:12:53:8C,-43,11,1,5,1,1,1,0,0,0,0,-95,0,6,1,68930257,0,84,0,0,68.93,384,[84 -64 4 0 0 0 0 0 0 0 0 0 -6 -19 0 -20 -4 -24 -5 -25 -3 -20 1 -20 -1 -20 4 -24 -2 -19 1 -23 4 -19 3 -18 0 -21 2 -22 2 -23 5 -18 5 -22 3 -17 2 -19 -1 -22 5 -16 3 -21 3 -21 5 -16 6 -18 1 -18 -3 -1 -1 -18 0 -15 4 -16 -2 -14 1 -17 1 -16 2 -17 0 -16 0 -13 -3 -17 -1 -15 -1 -14 -4 -20 1 -18 -2 -13 -1 -17 -2 -15 -1 -17 -5 -13 -1 -18 0 -14 -5 -16 -4 -21 -3 -17 -2 -19 -7 -14 3 -2 0 0 0 0 0 0 0 0 ]
CSI_DATA,AP,68:FE:71:12:53:8C,-40,11,1,6,1,1,1,1,0,0,0,-94,4,6,1,69004378,0,84,0,0,69.004,384,[84 -64 4 0 0 0 0 0 0 0 0 0 -20 -1 -20 -2 -21 -2 -24 -3 -22 -4 -21 -3 -22 -4 -19 -4 -19 -6 -21 -4 -19 -7 -20 -5 -19 -10 -20 -8 -21 -8 -15 -5 -18 -8 -18 -7 -19 -3 -15 -9 -14 -9 -15 -9 -13 -3 -18 -6 -17 -8 -20 -8 0 2 -17 -6 -18 -3 -14 -8 -19 -6 -17 -5 -18 -7 -14 -7 -14 0 -13 -5 -16 -5 -16 -3 -17 1 -18 2 -20 2 -17 -3 -16 2 -17 1 -15 0 -14 -2 -13 1 -17 0 -14 -1 -15 -1 -20 0 -14 2 -15 -1 2 0 0 0 0 0 0 0 0 0 ]
CSI_DATA,AP,68:FE:71:12:53:8C,-36,11,1,6,1,1,1,0,0,0,0,-93,0,6,1,69084549,0,84,0,0,69.085,384,[84 -64 4 0 0 0 0 0 0 0 0 0 5 -16 10 -17 10 -16 12 -18 8 -14 9 -17 10 -13 14 -11 12 -14 11 -13 13 -15 9 -13 15 -15 11 -15 15 -11 14 -14 13 -12 11 -10 11 -11 10 -9 14 -8 14 -11 8 -9 9 -14 9 -12 12 -14 1 1 9 -11 13 -13 13 -9 10 -12 12 -8 8 -9 7 -14 10 -13 11 -14 6 -14 11 -12 9 -9 10 -16 9 -14 8 -9 4 -9 9 -12 8 -11 6 -14 7 -10 4 -13 5 -16 5 -13 3 -13 8 -14 8 -10 -2 0 0 0 0 0 0 0 0 0 ]
CSI_DATA,AP,68:FE:71:12:53:8C,-39,11,1,6,1,1,1,0,0,0,0,-93,0,6,1,69184860,0,84,0,0,69.185,384,[84 -64 4 0 0 0 0 0 0 0 0 0 12 2 11 2 7 6 9 3 9 2 5 6 10 3 7 5 10 7 7 4 11 7 10 3 9 7 4 2 7 4 8 2 6 3 4 4 7 4 10 1 5 6 5 5 7 6 3 6 7 1 7 1 -2 0 9 2 7 4 4 1 8 1 8 4 8 0 3 0 9 0 3 6 4 -1 7 4 4 0 7 0 3 -1 6 2 8 1 5 1 5 1 9 3 7 2 9 2 4 4 4 3 7 0 9 -1 5 4 3 -3 0 0 0 0 0 0 0 0 ]
CSI_DATA,AP,68:FE:71:12:53:8C,-44,11,1,4,1,1,1,0,0,0,0,-94,0,6,1,69317576,0,84,0,0,69.318,384,[84 -64 4 0 0 0 0 0 0 0 0 0 5 -21 4 -21 4 -18 9 -16 11 -18 11 -18 6 -14 10 -14 9 -16 11 -19 11 -16 6 -13 9 -16 11 -18 10 -12 12 -13 7 -17 11 -13 12 -16 11 -11 10 -11 12 -12 7 -14 9 -14 7 -11 5 -16 3 0 7 -13 7 -13 8 -15 9 -16 5 -11 7 -16 6 -10 5 -16 8 -15 5 -10 8 -11 7 -12 5 -12 2 -14 3 -17 5 -13 8 -17 5 -16 1 -17 6 -11 2 -16 3 -12 0 -12 2 -17 1 -15 4 -11 -2 3 0 0 0 0 0 0 0 0 ]
CSI_DATA,AP,68:FE:71:12:53:8C,-37,11,1,6,1,1,1,0,0,0,0,-95,0,6,1,69412561,0,84,0,0,69.413,384,[84 -64 4 0 0 0 0 0 0 0 0 0 11 -13 11 -12 12 -12 15 -14 18 -10 15 -8 15 -13 18 -11 18 -8 14 -10 17 -8 16 -11 14 -6 15 -10 14 -5 17 -9 13 -9 17 -5 12 -7 14 -4 12 -5 11 -3 15 -5 16 -9 16 -6 13 -4 2 3 13 -4 13 -6 14 -3 11 -5 10 -8 15 -8 15 -8 11 -6 9 -5 14 -6 11 -12 14 -7 11 -12 14 -8 10 -6 9 -10 10 -9 12 -8 7 -8 13 -10 12 -11 11 -8 10 -9 11 -9 11 -12 8 -11 1 0 0 0 0 0 0 0 0 0 ]
CSI_DATA,AP,68:FE:71:12:53:8C,-40,11,1,6,1,1,1,0,0,0,0,-94,0,6,1,69495687,0,84,0,0,69.496,384,[84 -64 4 0 0 0 0 0 0 0 0 0 21 -6 16 -11 22 -6 18 -8 19 -6 22 -5 16 -4 16 -4 22 -7 16 -5 18 -3 19 -1 20 -4 21 -4 18 0 17 -5 15 -5 21 -4 20 -2 18 -4 16 -1 14 1 13 1 13 -4 18 -3 18 0 -1 3 14 0 15 -4 17 -3 14 0 15 -4 14 -5 15 -7 15 -1 18 -2 18 -8 13 -6 14 -2 18 -3 13 -2 11 -8 17 -5 16 -6 14 -6 15 -10 14 -7 15 -10 12 -4 13 -7 11 -7 14 -10 12 -9 -2 -1 0 0 0 0 0 0 0 0 ]
CSI_DATA,AP,68:FE:71:12:53:8C,-37,11,1,7,1,1,1,1,0,0,0,-93,4,6,1,69605458,0,84,0,0,69.605,384,[84 -64 4 0 0 0 0 0 0 0 0 0 -1 23 -3 19 3 18 0 17 -1 19 -4 17 -4 18 0 18 -1 18 -5 20 -5 16 -5 22 -6 16 -2 16 0 16 -5 15 -4 20 -3 15 -7 15 -2 17 -1 17 0 20 -3 17 -2 18 -5 16 -4 15 0 -2 -2 17 -1 18 -3 16 -4 16 1 14 1 14 2 15 2 15 1 15 3 12 0 17 0 15 2 18 0 19 -2 14 3 18 1 15 5 17 1 13 7 14 6 16 7 15 3 14 6 17 1 14 1 17 -2 -2 0 0 0 0 0 0 0 0 ]
CSI_DATA,AP,68:FE:71:12:53:8C,-39,11,1,5,1,1,1,0,0,0,0,-94,0,6,1,69681101,0,84,0,0,69.681,384,[84 -64 4 0 0 0 0 0 0 0 0 0 2 -20 3 -20 7 -21 7 -17 7 -18 4 -19 5 -16 9 -17 6 -17 4 -18 7 -18 4 -16 7 -19 5 -15 10 -17 11 -14 10 -13 7 -16 10 -16 5 -11 8 -13 7 -15 9 -12 7 -16 4 -12 3 -13 0 0 4 -12 3 -13 2 -15 2 -11 2 -16 8 -11 7 -12 7 -12 2 -13 5 -12 2 -16 2 -16 5 -12 0 -11 2 -14 1 -12 3 -11 0 -17 0 -17 -2 -17 -1 -13 -1 -16 3 -12 -4 -17 2 -15 -3 -12 0 0 0 0 0 0 0 0 0 0 ]
CSI_DATA,AP,68:FE:71:12:53:8C,-40,11,1,6,1,1,1,0,0,0,1,-93,0,6,1,69778262,0,84,0,0,69.778,384,[84 -64 4 0 0 0 0 0 0 0 0 0 16 10 15 8 19 8 19 7 17 13 14 12 17 8 13 12 18 12 12 13 18 15 16 12 17 9 12 14 15 15 13 13 14 14 9 8 14 14 13 9 12 9 9 8 13 12 15 11 11 14 16 13 -1 -1 8 10 15 8 13 13 10 9 11 10 11 10 11 7 12 11 10 9 11 7 13 7 13 9 11 8 16 9 10 10 12 8 15 6 16 7 17 8 11 3 15 3 14 4 14 7 16 5 13 6 17 3 -3 2 0 0 0 0 0 0 0 0 ]
CSI_DATA,AP,68:FE:71:12:53:8C,-38,11,1,6,1,1,1,0,0,0,0,-93,0,6,1,69842150,0,84,0,0,69.842,384,[84 -64 4 0 0 0 0 0 0 0 0 0 2 21 -3 18 -5 20 -6 21 -6 19 -4 19 -9 20 -8 19 -3 22 -6 18 -5 19 -5 20 -3 20 -8 23 -7 20 -10 20 -10 17 -8 21 -4 15 -4 18 -6 16 -9 19 -8 17 -9 15 -8 19 -8 18 -1 -3 -5 18 -2 18 -6 21 -4 19 -3 14 -3 15 -7 20 -1 19 -1 18 -1 19 -3 14 -1 20 -4 20 -5 17 -5 18 -4 19 1 20 2 18 -4 17 0 19 2 14 0 18 -1 20 -1 16 0 17 1 17 -3 0 0 0 0 0 0 0 0 0 ]
CSI_DATA,AP,68:FE:71:12:53:8C,-41,11,1,4,1,1,1,0,0,0,0,-96,0,6,1,69942280,0,84,0,0,69.942,384,[84 -64 4 0 0 0 0 0 0 0 0 0 11 -11 18 -17 13 -12 13 -14 17 -10 15 -13 15 -10 14 -12 17 -13 13 -12 20 -9 14 -9 14 -7 16 -8 18 -5 18 -9 19 -11 14 -4 18 -9 18 -5 16 -7 14 -6 12 -4 14 -9 13 -8 16 -11 3 3 12 -7 11 -9 12 -5 13 -5 14 -11 14 -11 10 -10 11 -8 11 -10 14 -8 14 -9 13 -9 15 -10 14 -13 9 -9 14 -12 11 -8 14 -14 13 -9 11 -10 9 -14 12 -14 9 -12 8 -16 8 -11 11 -14 3 -2 0 0 0 0 0 0 0 0 ]
CSI_DATA,AP,68:FE:71:12:53:8C,-41,11,1,4,1,1,1,0,0,0,0,-94,0,6,1,70042654,0,84,0,0,70.043,384,[84 -64 4 0 0 0 0 0 0 0 0 0 2 -22 1 -17 3 -19 7 -22 6 -16 2 -20 9 -18 9 -15 8 -18 8 -21 6 -20 10 -21 6 -16 10 -18 10 -19 9 -20 4 -16 6 -13 9 -18 7 -14 4 -16 4 -15 6 -16 3 -14 4 -13 5 -12 0 2 9 -15 4 -18 8 -18 8 -13 4 -16 6 -13 3 -16 6 -14 3 -18 1 -12 3 -14 0 -15 3 -18 3 -12 4 -12 3 -17 4 -16 -1 -18 -2 -18 -2 -14 0 -15 4 -18 0 -14 2 -13 1 -13 0 -15 -3 -3 0 0 0 0 0 0 0 0 ]
CSI_DATA,AP,68:FE:71:12:53:8C,-45,11,1,5,1,1,1,1,0,0,0,-94,2,6,1,70129009,0,84,0,0,70.129,384,[84 -64 4 0 0 0 0 0 0 0 0 0 21 -8 19 -9 16 -9 22 -12 21 -12 21 -4 22 -7 15 -9 16 -5 22 -7 22 -2 23 -3 18 -7 18 -6 18 -3 18 -5 18 -5 19 -2 19 -5 16 -3 17 0 18 -1 16 1 18 -2 14 -5 18 -5 -2 1 16 -1 14 -5 15 -2 17 -9 13 -6 14 -7 19 -6 16 -9 17 -8 13 -4 16 -6 15 -5 16 -9 11 -6 14 -9 11 -10 15 -8 16 -11 14 -11 11 -11 16 -8 12 -7 16 -9 13 -9 16 -10 11 -9 -2 -2 0 0 0 0 0 0 0 0 ]
CSI_DATA,AP,68:FE:71:12:53:8C,-41,11,1,6,1,1,1,0,0,0,0,-96,0,6,1,70246159,0,84,0,0,70.246,384,[84 -64 4 0 0 0 0 0 0 0 0 0 -19 -6 -17 -7 -18 -12 -20 -13 -18 -11 -16 -13 -16 -8 -17 -8 -21 -15 -18 -12 -17 -11 -18 -12 -14 -10 -19 -10 -17 -10 -13 -12 -13 -15 -13 -14 -12 -11 -13 -12 -14 -14 -12 -10 -14 -12 -11 -10 -15 -9 -17 -14 2 1 -13 -7 -17 -8 -17 -11 -12 -12 -16 -12 -17 -11 -16 -9 -11 -12 -17 -8 -13 -10 -13 -9 -17 -11 -19 -5 -18 -5 -14 -4 -15 -7 -16 -4 -13 -7 -15 -3 -13 -5 -18 -6 -15 -6 -16 -5 -15 -6 -16 -4 -19 -2 2 0 0 0 0 0 0 0 0 0 ]
CSI_DATA,AP,68:FE:71:12:53:8C,-45,11,1,4,1,1,1,0,0,0,0,-93,0,6,1,70339809,0,84,0,0,70.34,384,[84 -64 4 0 0 0 0 0 0 0 0 0 -14 -18 -16 -13 -19 -16 -14 -19 -14 -18 -15 -19 -16 -16 -12 -18 -15 -18 -13 -21 -11 -20 -12 -19 -13 -15 -11 -20 -12 -19 -9 -15 -13 -14 -9 -17 -11 -14 -7 -15 -12 -14 -9 -17 -6 -12 -12 -16 -9 -16 -7 -13 3 -3 -6 -14 -12 -15 -12 -14 -13 -14 -8 -18 -13 -11 -13 -14 -14 -11 -12 -14 -10 -13 -10 -14 -11 -14 -10 -12 -8 -13 -11 -10 -9 -11 -16 -11 -11 -10 -13 -9 -14 -11 -14 -14 -16 -8 -12 -10 -16 -11 -10 -8 -11 -7 -2 1 0 0 0 0 0 0 0 0 ]
CSI_DATA,AP,68:FE:71:12:53:8C,-42,11,1,4,1,1,1,0,0,0,0,-96,0,6,1,70445894,0,84,0,0,70.446,384,[84 -64 4 0 0 0 0 0 0 0 0 0 1 20 -2 20 0 19 -4 23 -3 24 0 25 -1 18 -4 19 -5 19 -5 18 -6 23 -1 19 -8 23 -3 20 -5 19 -5 24 -8 22 -6 16 -9 20 -7 21 -4 19 -4 14 -8 16 -5 15 -4 15 -2 19 -3 2 -4 18 -2 20 -1 21 -1 15 -6 20 -5 16 -4 17 -2 16 -2 14 -5 17 -3 19 -1 18 -2 20 -2 21 0 16 3 15 -3 18 0 17 -2 14 3 13 4 17 0 14 5 18 2 16 -2 19 1 15 1 3 0 0 0 0 0 0 0 0 ]
CSI_DATA,AP,68:FE:71:12:53:8C,-42,11,1,4,1,1,1,0,0,0,0,-95,0,6,1,70513692,0,84,0,0,70.514,384,[84 -64 4 0 0 0 0 0 0 0 0 0 16 15 18 10 18 15 21 11 17 17 14 13 12 18 18 12 16 13 14 15 15 14 13 17 12 17 12 16 14 14 15 14 14 16 8 17 10 18 8 17 13 16 9 14 10 12 7 14 8 14 11 15 1 0 12 14 12 11 10 13 13 9 14 13 13 13 11 10 12 9 15 7 13 8 11 12 13 11 11 11 16 6 15 6 17 6 14 8 14 6 18 6 17 3 17 11 12 5 14 8 14 5 15 11 16 8 -2 0 0 0 0 0 0 0 0 0 ]
CSI_DATA,AP,68:FE:71:12:53:8C,-39,11,1,6,1,1,1,0,0,0,0,-94,0,6,1,70630806,0,84,0,0,70.631,384,[84 -64 4 0 0 0 0 0 0 0 0 0 -20 13 -18 14 -20 9 -20 14 -16 8 -17 10 -22 11 -22 8 -17 9 -17 9 -24 7 -22 10 -20 4 -20 7 -18 7 -23 4 -23 8 -21 2 -17 8 -21 7 -21 5 -16 4 -18 7 -18 4 -21 7 -15 5 -3 2 -17 5 -19 7 -16 8 -17 8 -14 3 -19 5 -14 8 -12 4 -16 6 -16 10 -12 8 -17 7 -13 7 -17 9 -14 10 -15 7 -16 13 -16 12 -16 8 -12 10 -14 9 -17 8 -14 13 -15 9 -12 10 -12 11 2 -1 0 0 0 0 0 0 0 0 ]
CSI_DATA,AP,68:FE:71:12:53:8C,-42,11,1,4,1,1,1,0,0,0,0,-95,0,6,1,70725628,0,84,0,0,70.726,384,[84 -64 4 0 0 0 0 0 0 0 0 0 9 15 9 13 13 19 13 17 7 19 7 17 8 18 7 19 11 21 6 22 9 23 7 18 5 19 8 18 3 19 5 20 6 17 3 19 3 16 5 19 1 20 4 19 5 16 5 16 8 16 3 20 3 -3 5 17 7 18 4 19 6 18 8 12 6 18 8 17 5 17 5 16 11 17 13 14 7 16 10 13 10 15 9 13 10 15 9 15 10 9 11 13 9 11 11 9 12 15 12 11 15 12 9 9 10 11 -3 0 0 0 0 0 0 0 0 0 ]
CSI_DATA,AP,68:FE:71:12:53:8C,-39,11,1,5,1,1,1,0,0,0,0,-95,0,6,1,70820314,0,84,0,0,70.82,384,[84 -64 4 0 0 0 0 0 0 0 0 0 -20 12 -17 12 -20 10 -22 12 -18 6 -19 8 -18 2 -18 3 -21 6 -18 6 -22 7 -23 1 -23 1 -18 4 -21 0 -19 4 -17 5 -21 1 -20 1 -19 2 -17 3 -17 5 -18 4 -18 5 -20 5 -16 5 2 -2 -14 4 -15 5 -18 5 -20 5 -19 5 -14 2 -18 5 -14 1 -19 3 -18 3 -14 11 -14 3 -12 8 -16 5 -18 9 -14 10 -15 11 -14 8 -15 5 -16 6 -16 5 -15 7 -12 11 -13 14 -15 11 -14 8 1 3 0 0 0 0 0 0 0 0 ]
CSI_DATA,AP,68:FE:71:12:53:8C,-39,11,1,6,1,1,1,0,0,0,1,-93,0,6,1,70907732,0,84,0,0,70.908,384,[84 -64 4 0 0 0 0 0 0 0 0 0 -18 5 -17 5 -19 2 -23 4 -22 5 -24 6 -21 6 -18 4 -22 4 -23 -2 -25 -2 -25 -1 -21 3 -20 3 -18 3 -21 -2 -20 -1 -17 -3 -19 0 -17 -1 -18 -2 -17 -2 -18 2 -22 3 -22 1 -20 4 0 -1 -20 2 -17 1 -21 4 -17 3 -19 1 -17 3 -19 4 -14 6 -20 0 -15 2 -18 4 -19 4 -17 6 -20 7 -17 3 -17 4 -16 8 -16 8 -17 6 -15 5 -19 6 -14 8 -17 8 -17 8 -17 5 -18 10 -1 2 0 0 0 0 0 0 0 0 ]
CSI_DATA,AP,68:FE:71:12:53:8C,-38,11,1,7,1,1,1,1,0,0,0,-96,6,6,1,70984729,0,84,0,0,70.985,384,[84 -64 4 0 0 0 0 0 0 0 0 0 -18 -6 -18 -10 -21 -8 -16 -8 -20 -13 -16 -12 -15 -15 -13 -11 -13 -14 -16 -15 -18 -14 -18 -12 -17 -17 -12 -12 -14 -16 -18 -16 -14 -12 -12 -16 -12 -11 -12 -10 -10 -13 -16 -14 -15 -12 -10 -13 -15 -14 -10 -11 -3 3 -10 -12 -12 -13 -13 -14 -11 -10 -14 -12 -17 -14 -17 -9 -16 -7 -17 -9 -14 -11 -18 -7 -14 -6 -14 -7 -12 -10 -15 -11 -19 -10 -17 -4 -13 -4 -16 -9 -14 -8 -19 -6 -18 -6 -14 -3 -19 -7 -16 -7 -18 -2 2 1 0 0 0 0 0 0 0 0 ]
CSI_DATA,AP,68:FE:71:12:53:8C,-35,11,1,7,1,1,1,0,0,0,0,-94,0,6,1,71068473,0,84,0,0,71.068,384,[84 -64 4 0 0 0 0 0 0 0 0 0 10 21 4 21 6 20 5 22 7 18 7 16 1 16 4 17 2 17 4 17 2 23 -1 21 1 22 4 22 0 19 1 23 3 16 1 15 3 19 4 19 1 19 1 17 -1 17 1 17 2 18 -2 16 2 1 2 18 3 18 -1 18 2 13 0 15 4 14 5 17 0 17 2 17 2 16 4 13 6 12 3 12 7 17 8 13 3 14 9 18 10 16 5 15 4 15 8 11 9 13 7 16 7 14 8 12 6 14 2 -2 0 0 0 0 0 0 0 0 ]
CSI_DATA,AP,68:FE:71:12:53:8C,-38,11,1,6,1,1,1,0,0,0,0,-94,0,6,1,71189684,0,84,0,0,71.19,384,[84 -64 4 0 0 0 0 0 0 0 0 0 -9 -21 -9 -19 -3 -19 -5 -20 -3 -18 -3 -18 -2 -19 -1 -21 -5 -24 1 -21 -4 -24 1 -18 -4 -21 -3 -21 -3 -18 -4 -20 -1 -20 1 -17 0 -16 -1 -21 2 -15 -3 -21 2 -15 -1 -20 0 -20 -4 -21 1 2 -4 -16 1 -14 -1 -15 -6 -17 0 -18 -5 -15 -2 -20 -5 -17 -1 -16 -7 -17 -4 -19 -6 -14 -3 -18 -2 -17 -9 -18 -7 -18 -5 -16 -8 -15 -4 -17 -7 -12 -10 -15 -5 -11 -7 -18 -7 -19 -7 -12 -9 -17 -3 2 0 0 0 0 0 0 0 0 ]
CSI_DATA,AP,68:FE:71:12:53:8C,-40,11,1,6,1,1,1,0,0,0,0,-95,0,6,1,71278420,0,84,0,0,71.278,384,[84 -64 4 0 0 0 0 0 0 0 0 0 -15 8 -18 12 -18 11 -24 9 -23 6 -22 5 -21 9 -17 10 -20 9 -19 7 -22 5 -21 2 -18 1 -18 7 -22 2 -23 5 -16 3 -15 1 -18 2 -21 3 -20 0 -19 3 -20 4 -18 4 -20 0 -20 2 -1 -2 -16 3 -18 5 -19 3 -19 6 -15 3 -15 7 -16 5 -18 8 -13 6 -16 7 -19 10 -17 5 -18 9 -15 6 -12 10 -17 9 -13 9 -14 8 -13 10 -10 12 -17 6 -11 9 -12 12 -16 12 -15 10 -13 11 -1 3 0 0 0 0 0 0 0 0 ]
CSI_DATA,AP,68:FE:71:12:53:8C,-39,11,1,5,1,1,1,0,0,0,0,-94,0,6,1,71369032,0,84,0,0,71.369,384,[84 -64 4 0 0 0 0 0 0 0 0 0 9 18 10 18 10 20 9 24 6 19 7 23 8 23 2 19 2 20 3 22 6 22 2 20 2 19 2 22 0 16 -1 17 1 17 4 15 2 16 1 17 1 16 3 19 2 16 -1 19 3 18 5 14 3 3 1 20 4 18 2 18 1 15 3 17 2 14 6 15 1 12 2 17 5 15 4 16 5 15 6 15 8 16 8 18 9 14 6 16 11 16 10 12 9 12 5 14 4 12 8 16 12 17 5 11 9 10 -2 -2 0 0 0 0 0 0 0 0 ]
CSI_DATA,AP,68:FE:71:12:53:8C,-40,11,1,6,1,1,1,1,0,0,0,-94,1,6,1,71464065,0,84,0,0,71.464,384,[84 -64 4 0 0 0 0 0 0 0 0 0 -15 -13 -12 -14 -15 -13 -15 -14 -16 -19 -12 -14 -12 -14 -11 -18 -10 -18 -10 -14 -8 -15 -11 -20 -13 -22 -10 -19 -8 -17 -12 -19 -8 -15 -9 -16 -6 -14 -8 -17 -6 -19 -5 -18 -7 -13 -9 -18 -6 -15 -9 -15 -3 0 -9 -14 -12 -17 -8 -15 -13 -13 -11 -11 -9 -16 -12 -17 -8 -12 -10 -12 -9 -14 -13 -13 -14 -15 -10 -9 -15 -14 -11 -14 -15 -10 -11 -15 -15 -10 -14 -14 -12 -11 -14 -11 -12 -10 -15 -11 -13 -8 -12 -12 -15 -7 1 1 0 0 0 0 0 0 0 0 ]
CSI_DATA,AP,68:FE:71:12:53:8C,-40,11,1,4,1,1,1,0,0,0,0,-93,0,6,1,71551473,0,84,0,0,71.551,384,[84 -64 4 0 0 0 0 0 0 0 0 0 -10 -20 -15 -20 -14 -22 -15 -19 -10 -18 -8 -21 -10 -22 -11 -19 -12 -20 -9 -15 -10 -18 -8 -19 -8 -18 -10 -16 -4 -18 -9 -17 -9 -16 -3 -18 -8 -18 -3 -21 -7 -17 -3 -17 -3 -18 -7 -17 -7 -15 -8 -17 -3 -3 -6 -18 -11 -18 -11 -19 -7 -17 -10 -14 -6 -14 -8 -15 -5 -11 -8 -14 -6 -16 -10 -15 -7 -10 -8 -15 -11 -15 -13 -17 -11 -16 -13 -11 -9 -10 -8 -11 -11 -11 -14 -13 -11 -14 -10 -11 -10 -13 -10 -12 -12 -15 0 1 0 0 0 0 0 0 0 0 ]
CSI_DATA,AP,68:FE:71:12:53:8C,-37,11,1,6,1,1,1,1,0,0,0,-94,1,6,1,71646752,0,84,0,0,71.647,384,[84 -64 4 0 0 0 0 0 0 0 0 0 15 17 16 14 16 18 16 15 14 19 8 18 13 16 12 17 9 19 10 16 8 18 7 16 12 16 7 18 5 17 6 22 10 20 4 16 5 15 10 17 5 16 10 13 5 12 5 15 7 19 6 18 -3 -2 11 16 9 19 8 14 6 17 9 16 11 15 9 12 7 12 10 12 13 15 8 10 6 10 7 9 11 15 10 9 14 11 11 11 12 13 9 11 12 10 15 9 14 10 12 12 11 11 10 13 10 11 -2 1 0 0 0 0 0 0 0 0 ]
CSI_DATA,AP,68:FE:71:12:53:8C,-39,11,1,5,1,1,1,0,0,0,0,-96,0,6,1,71730871,0,84,0,0,71.731,384,[84 -64 4 0 0 0 0 0 0 0 0 0 16 -8 21 -8 21 -10 16 -8 22 -7 17 -10 22 -7 18 -4 18 -6 19 -4 17 -8 16 -3 18 -1 17 -6 16 -3 20 -3 18 -1 14 -1 16 -1 20 -1 16 -1 20 -3 15 0 14 -3 15 -5 18 -5 2 -3 17 -3 17 -7 19 -3 15 -6 16 -7 16 -6 12 -9 12 -3 13 -5 13 -4 17 -11 16 -7 17 -6 11 -9 12 -5 15 -5 14 -10 15 -11 14 -9 14 -7 11 -11 14 -7 11 -13 15 -13 13 -8 12 -7 -3 0 0 0 0 0 0 0 0 0 ]
CSI_DATA,AP,68:FE:71:12:53:8C,-37,11,1,7,1,1,1,0,0,0,0,-95,0,6,1,71831766,0,84,0,0,71.832,384,[84 -64 4 0 0 0 0 0 0 0 0 0 3 19 0 21 -1 17 -2 21 -2 22 -6 19 -5 16 -1 20 -6 16 -2 17 -6 19 -8 19 -8 21 -9 17 -2 21 -3 18 -9 20 -8 19 -7 19 -6 18 -4 19 -5 16 -5 14 -2 19 -3 15 -6 17 -3 -3 -6 14 -5 15 -5 15 -4 15 -1 14 0 14 -1 16 -2 13 0 14 -1 11 -1 17 -1 13 1 13 1 16 3 14 -2 20 1 15 1 18 5 13 3 13 3 14 2 18 1 18 3 15 6 14 6 16 -3 2 0 0 0 0 0 0 0 0 ]
CSI_DATA,AP,68:FE:71:12:53:8C,-39,11,1,4,1,1,1,1,0,0,0,-93,2,6,1,71941697,0,84,0,0,71.942,384,[84 -64 4 0 0 0 0 0 0 0 0 0 -11 20 -15 16 -12 19 -13 17 -18 14 -12 17 -18 16 -14 17 -17 11 -16 14 -17 16 -14 13 -14 15 -19 15 -17 15 -21 9 -14 11 -12 10 -18 13 -19 10 -14 9 -15 10 -16 7 -17 13 -16 14 -17 14 3 2 -14 8 -11 10 -13 15 -14 15 -14 10 -11 12 -14 10 -9 10 -11 15 -13 11 -11 17 -12 13 -13 10 -11 13 -12 10 -10 14 -8 13 -7 18 -8 14 -7 12 -12 12 -12 16 -8 17 -5 13 -11 18 -6 18 0 0 0 0 0 0 0 0 0 0 ]
CSI_DATA,AP,68:FE:71:12:53:8C,-40,11,1,4,1,1,1,1,0,0,0,-96,2,6,1,72014036,0,84,0,0,72.014,384,[84 -64 4 0 0 0 0 0 0 0 0 0 -8 -16 -6 -21 -13 -19 -8 -22 -9 -19 -6 -19 -3 -22 -6 -18 -4 -22 -8 -17 -3 -18 -8 -18 -4 -24 -3 -22 -1 -19 -1 -23 -7 -20 -3 -19 -6 -15 -1 -17 -3 -20 -4 -16 -3 -20 -2 -15 -5 -21 -4 -19 -3 -3 -3 -17 -6 -18 -4 -18 -9 -19 -3 -20 -4 -20 -7 -14 -4 -16 -4 -16 -7 -12 -8 -14 -8 -17 -5 -13 -4 -17 -6 -13 -12 -14 -10 -18 -8 -17 -11 -16 -9 -14 -8 -17 -8 -13 -7 -12 -11 -13 -10 -15 -10 -10 -3 2 0 0 0 0 0 0 0 0 ]
CSI_DATA,AP,68:FE:71:12:53:8C,-39,11,1,5,1,1,1,0,0,0,0,-94,0,6,1,72110485,0,84,0,0,72.11,384,[84 -64 4 0 0 0 0 0 0 0 0 0 19 3 22 3 18 5 20 8 21 6 16 10 19 11 19 9 15 6 15 9 19 7 16 12 17 9 15 8 18 9 18 12 13 11 10 12 14 8 14 10 14 9 15 11 10 11 11 8 14 11 11 11 3 -2 16 6 13 7 13 9 14 9 12 8 13 7 14 5 13 9 14 3 11 6 14 7 13 3 13 5 16 2 15 4 18 3 13 4 15 0 13 1 18 0 16 0 17 4 12 4 14 2 13 2 15 3 -1 2 0 0 0 0 0 0 0 0 ]
CSI_DATA,AP,68:FE:71:12:53:8C,-36,11,1,6,1,1,1,0,0,0,0,-94,0,6,1,72178848,0,84,0,0,72.179,384,[84 -64 4 0 0 0 0 0 0 0 0 0 -19 14 -20 10 -16 8 -19 12 -18 7 -15 10 -21 9 -21 7 -22 5 -21 8 -21 3 -19 8 -20 5 -22 7 -14 7 -18 3 -20 3 -18 2 -15 1 -17 4 -17 6 -17 4 -14 5 -19 3 -16 8 -14 2 1 3 -16 7 -18 5 -19 9 -12 7 -13 3 -18 4 -18 7 -16 8 -17 6 -12 5 -14 8 -11 5 -10 7 -12 10 -14 8 -13 8 -14 6 -11 7 -11 7 -15 7 -12 10 -10 11 -8 8 -10 9 -12 11 -13 14 1 3 0 0 0 0 0 0 0 0 ]
