type,role,mac,rssi,rate,sig_mode,mcs,bandwidth,smoothing,not_sounding,aggregation,stbc,fec_coding,sgi,noise_floor,ampdu_cnt,channel,secondary_channel,local_timestamp,ant,sig_len,rx_state,real_time_set,real_timestamp,len,CSI_DATA
CSI_DATA,AP,68:FE:71:12:53:8C,-47,11,1,3,1,1,1,0,0,0,0,-95,0,6,1,9842856,0,82,0,0,9.8429,384,[82 -96 4 0 0 0 0 0 0 0 0 0 -18 -7 -16 -9 -20 -5 -13 -3 -14 -8 -16 -5 -17 -5 -18 -9 -19 -11 -18 -10 -13 -9 -17 -7 -14 -12 -17 -11 -17 -8 -15 -7 -10 -13 -16 -11 -16 -13 -14 -9 -9 -7 -14 -12 -10 -10 -15 -5 -15 -11 -9 -7 -2 3 -8 -4 -9 -5 -12 -9 -9 -4 -8 -4 -11 -9 -9 -3 -10 -7 -17 -7 -14 -7 -10 -4 -15 -8 -17 -1 -11 -1 -18 -4 -16 -6 -13 -7 -11 -5 -13 -4 -18 0 -11 0 -17 -7 -14 -4 -18 0 -17 -2 -18 -6 -3 1 0 0 0 0 0 0 0 0 ]
CSI_DATA,AP,68:FE:71:12:53:8C,-44,11,1,3,1,1,1,0,0,0,0,-94,0,6,1,9962258,0,84,0,0,9.9623,384,[84 -64 4 0 0 0 0 0 0 0 0 0 9 22 10 21 4 14 6 19 9 16 4 16 4 20 4 14 4 21 5 16 5 21 1 17 3 17 1 19 -3 21 -2 21 -3 13 -4 15 -2 18 2 13 1 20 -3 16 -3 11 0 14 -4 18 -3 13 -3 4 4 18 1 14 3 15 4 11 -2 11 2 16 3 18 1 13 5 10 2 16 4 12 6 15 5 15 5 12 3 17 7 16 7 15 4 10 5 11 4 12 9 13 6 14 7 15 9 14 5 10 2 10 -2 0 0 0 0 0 0 0 0 0 ]
CSI_DATA,AP,68:FE:71:12:53:8C,-48,11,0,0,0,0,0,1,0,0,0,-96,4,6,1,10062410,0,37,0,0,10.062,128,[84 -64 4 0 0 0 0 0 0 0 0 0 -2 -21 -6 -24 -7 -17 1 -17 1 -25 -2 -22 3 -19 1 -17 3 -19 1 -17 -3 -22 1 -18 -2 -24 -2 -19 3 -22 5 -19 4 -18 1 -21 -2 -16 5 -19 5 -14 5 -17 0 -17 0 -13 4 -20 3 -17 -2 -1 1 -19 0 -13 2 -19 1 -18 -6 -13 -5 -13 1 -16 -5 -13 -2 -14 1 -17 -4 -12 0 -12 -2 -12 0 -15 -5 -17 -1 -18 -3 -13 -6 -18 -1 -16 -5 -14 -7 -14 -10 -14 -10 -16 -11 -15 -4 -18 -5 -12 4 4 0 0 0 0 0 0 0 0 ]
CSI_DATA,AP,68:FE:71:12:53:8C,-44,11,1,4,1,1,1,0,0,0,0,-94,0,6,1,10157708,0,84,0,0,10.158,384,[84 -64 4 0 0 0 0 0 0 0 0 0 15 11 15 8 12 15 14 11 13 16 16 16 16 9 15 11 14 17 15 11 11 16 13 13 9 12 14 16 9 14 9 17 12 10 11 16 7 17 13 15 7 12 6 11 5 16 7 12 9 12 6 16 4 1 8 11 13 7 14 7 7 8 12 9 13 7 8 9 7 6 15 8 14 5 8 5 11 11 10 13 15 9 15 5 12 11 11 7 9 6 10 9 9 9 13 3 9 8 11 7 11 4 11 5 16 6 -1 -2 0 0 0 0 0 0 0 0 ]
CSI_DATA,AP,68:FE:71:12:53:8C,-48,11,1,4,1,1,1,1,0,0,0,-96,6,6,1,10252569,0,82,0,0,10.253,384,[84 -64 4 0 0 0 0 0 0 0 0 0 -3 20 -4 15 2 21 -3 18 -4 17 -2 19 -6 14 -5 19 -6 15 -3 14 -4 17 -6 13 -6 18 -8 12 -2 14 -3 16 -6 13 -4 13 -7 14 -6 19 -4 11 -7 17 -4 15 0 13 -2 18 -1 18 2 3 0 10 -6 13 -6 18 1 13 1 15 -1 18 -3 17 0 15 2 15 2 18 1 14 2 11 1 14 3 13 -3 18 0 10 -2 19 1 18 2 10 3 12 0 12 5 10 6 19 3 13 6 13 4 12 3 4 0 0 0 0 0 0 0 0 ]
CSI_DATA,AP,68:FE:71:12:53:8C,-48,11,1,5,1,1,1,0,0,0,0,-96,0,6,1,10331953,0,84,0,0,10.332,384,[84 -64 4 0 0 0 0 0 0 0 0 0 31 13 39 15 32 14 33 15 37 21 35 19 36 16 31 20 30 18 28 22 29 24 26 26 26 22 24 22 23 19 32 27 28 21 28 17 25 19 28 19 28 21 23 19 21 19 26 26 25 25 22 18 3 3 28 24 28 15 29 15 23 19 25 18 22 19 27 18 26 15 30 19 28 13 29 16 23 17 32 12 31 10 28 13 25 15 26 14 26 9 26 13 33 4 26 14 29 7 30 11 33 5 33 9 34 7 -1 0 0 0 0 0 0 0 0 0 ]
CSI_DATA,AP,68:FE:71:12:53:8C,-43,11,1,5,1,1,1,0,0,0,0,-93,0,6,1,10440023,0,84,0,0,10.44,384,[84 -64 4 0 0 0 0 0 0 0 0 0 -19 37 -18 39 -18 38 -26 38 -25 30 -24 36 -19 34 -28 33 -28 26 -27 31 -31 27 -31 35 -25 28 -24 30 -31 29 -27 26 -28 29 -28 22 -24 24 -30 24 -24 29 -31 22 -25 27 -25 29 -24 25 -28 23 2 3 -26 20 -22 26 -27 21 -20 25 -22 29 -21 29 -22 22 -21 27 -24 30 -19 28 -17 27 -20 23 -20 28 -14 25 -15 24 -17 28 -18 26 -16 31 -17 31 -10 31 -16 28 -12 32 -16 32 -8 36 -11 35 -12 33 0 0 0 0 0 0 0 0 0 0 ]
CSI_DATA,AP,68:FE:71:12:53:8C,-49,11,1,2,1,1,1,0,0,0,0,-93,0,6,1,10539150,0,84,0,0,10.539,384,[84 -64 4 0 0 0 0 0 0 0 0 0 -22 20 -20 18 -26 20 -23 22 -24 14 -26 12 -26 10 -24 8 -27 11 -27 16 -32 16 -31 13 -29 15 -26 16 -26 10 -25 14 -29 11 -24 6 -28 13 -22 12 -27 9 -24 7 -21 8 -21 10 -23 9 -27 13 4 2 -18 6 -22 8 -20 9 -26 15 -25 11 -25 8 -23 10 -22 12 -21 14 -21 11 -19 15 -19 9 -19 11 -19 12 -19 12 -20 17 -22 13 -23 20 -21 16 -16 17 -22 19 -18 19 -16 18 -17 16 -17 16 -19 20 -2 -1 0 0 0 0 0 0 0 0 ]
CSI_DATA,AP,68:FE:71:12:53:8C,-47,11,0,0,0,0,0,0,0,0,0,-93,0,6,1,10648419,0,37,0,0,10.648,128,[84 -64 4 0 0 0 0 0 0 0 0 0 13 11 10 16 13 20 15 14 7 20 8 14 9 20 12 16 8 20 11 17 6 21 5 13 13 20 6 20 7 17 3 20 7 16 9 15 9 17 7 14 9 13 3 19 7 18 9 14 2 17 6 16 0 2 8 14 7 11 4 18 6 12 8 18 8 13 8 17 12 16 5 16 7 14 9 17 11 11 8 9 6 11 13 8 12 13 14 13 14 10 13 12 9 10 14 14 7 11 11 13 12 10 8 11 12 11 2 4 0 0 0 0 0 0 0 0 ]
CSI_DATA,AP,68:FE:71:12:53:8C,-47,11,1,5,1,1,1,0,0,0,0,-96,0,6,1,10746910,0,84,0,0,10.747,384,[84 -64 4 0 0 0 0 0 0 0 0 0 29 -10 31 -6 27 -1 34 -7 30 -1 29 -2 29 -3 25 0 26 -5 33 -2 30 6 26 2 28 -1 27 3 25 5 26 5 31 7 23 6 24 5 28 3 24 -1 22 2 28 6 28 1 26 -3 24 -2 3 -3 22 4 26 -3 25 1 26 0 28 -3 23 3 21 0 25 -4 28 -1 25 -5 22 -7 22 -1 23 -6 24 -7 22 -7 26 -2 22 -9 22 -1 23 -5 25 -9 21 -4 25 -10 26 -8 25 -3 26 -6 24 -10 -4 -4 0 0 0 0 0 0 0 0 ]
CSI_DATA,AP,68:FE:71:12:53:8C,-47,11,1,5,1,1,1,0,0,0,0,-94,0,6,1,10851669,0,84,0,0,10.852,384,[84 -64 4 0 0 0 0 0 0 0 0 0 1 -17 4 -19 4 -20 5 -22 1 -20 0 -19 -2 -15 -1 -18 3 -19 4 -20 1 -14 2 -17 3 -19 9 -16 8 -18 9 -15 8 -14 4 -13 6 -12 7 -12 1 -13 7 -15 5 -16 8 -17 6 -17 7 -16 2 -3 5 -18 2 -16 2 -14 1 -12 4 -19 -1 -16 5 -17 3 -12 5 -14 0 -13 6 -12 -2 -17 -2 -13 0 -15 -1 -10 -2 -17 -3 -18 -3 -19 -2 -17 -4 -14 -3 -17 3 -14 -3 -16 2 -18 1 -16 -4 -16 2 -1 0 0 0 0 0 0 0 0 ]
CSI_DATA,AP,68:FE:71:12:53:8C,-45,11,1,5,1,1,1,0,0,0,0,-95,0,6,1,10940409,0,84,0,0,10.94,384,[84 -64 4 0 0 0 0 0 0 0 0 0 -13 9 -16 8 -14 5 -23 7 -19 10 -19 10 -22 10 -17 10 -17 3 -17 5 -21 6 -19 1 -22 2 -23 2 -15 7 -19 5 -18 4 -16 3 -15 8 -21 7 -16 3 -20 7 -19 2 -12 5 -16 0 -18 5 -3 -4 -17 1 -13 2 -18 6 -12 5 -15 7 -15 4 -16 5 -14 10 -11 8 -17 5 -11 11 -13 5 -17 4 -12 9 -16 8 -15 9 -13 4 -12 6 -10 12 -15 10 -13 13 -10 10 -16 12 -15 10 -13 7 -15 12 1 -2 0 0 0 0 0 0 0 0 ]
CSI_DATA,AP,68:FE:71:12:53:8C,-46,11,0,0,0,0,0,1,0,0,0,-95,3,6,1,11034530,0,37,0,0,11.035,128,[84 -64 4 0 0 0 0 0 0 0 0 0 -14 18 -15 13 -15 11 -11 18 -18 17 -18 11 -14 10 -16 11 -12 12 -18 15 -16 15 -18 8 -14 9 -17 14 -16 9 -16 7 -14 7 -13 11 -20 13 -12 4 -12 11 -19 7 -17 10 -17 7 -14 10 -19 10 2 3 -18 13 -18 11 -11 11 -11 12 -12 9 -9 13 -15 6 -14 14 -9 6 -13 10 -9 15 -13 7 -15 7 -9 13 -12 12 -12 8 -9 12 -8 9 -11 15 -11 9 -14 8 -9 12 -8 11 -10 12 -9 14 -5 10 -1 -1 0 0 0 0 0 0 0 0 ]
CSI_DATA,AP,68:FE:71:12:53:8C,-46,11,1,5,1,1,1,0,0,0,0,-94,0,6,1,11156439,0,84,0,0,11.156,384,[84 -64 4 0 0 0 0 0 0 0 0 0 2 -17 4 -19 5 -22 7 -18 5 -22 1 -16 3 -16 4 -18 5 -18 7 -16 2 -18 7 -20 8 -19 7 -19 9 -13 12 -14 6 -11 9 -10 4 -12 10 -13 10 -14 8 -17 9 -18 6 -10 5 -14 9 -15 -4 -2 10 -17 3 -16 5 -13 6 -16 8 -14 1 -17 7 -14 3 -16 0 -16 0 -16 2 -12 3 -16 -1 -15 -1 -17 2 -18 -1 -19 2 -16 2 -14 3 -15 4 -13 3 -16 -1 -17 0 -17 2 -11 2 -11 0 -10 -2 0 0 0 0 0 0 0 0 0 ]
CSI_DATA,AP,68:FE:71:12:53:8C,-46,11,1,3,1,1,1,0,0,0,0,-96,0,6,1,11275817,0,84,0,0,11.276,384,[84 -64 4 0 0 0 0 0 0 0 0 0 0 22 -5 15 -1 19 -6 18 -9 15 -10 18 -3 21 -8 14 -6 17 -4 16 -8 18 -11 22 -6 16 -8 20 -7 17 -7 21 -5 12 -5 20 -13 19 -5 19 -9 18 -12 12 -5 12 -12 13 -9 19 -7 11 3 -2 -9 17 -4 14 -10 16 -10 17 -8 16 -10 13 -4 17 -5 14 -2 12 -4 11 -1 19 1 14 0 17 -6 19 -7 14 1 16 -6 16 -6 14 -6 13 2 19 -1 16 1 18 -2 16 0 13 4 17 1 19 -2 4 0 0 0 0 0 0 0 0 ]
CSI_DATA,AP,68:FE:71:12:53:8C,-45,11,0,0,0,0,0,0,0,0,0,-95,0,6,1,11388118,0,37,0,0,11.388,128,[84 -64 4 0 0 0 0 0 0 0 0 0 -18 -1 -22 -1 -24 -4 -21 -6 -23 -8 -17 -5 -19 -6 -22 -5 -22 -8 -15 -10 -19 -11 -23 -6 -16 -3 -21 -6 -20 -7 -18 -6 -14 -7 -21 -11 -18 -9 -16 -5 -15 -5 -18 -8 -14 -10 -18 -5 -18 -2 -19 -8 -4 2 -13 -5 -14 -2 -15 -2 -13 -7 -15 -6 -14 -9 -16 -7 -18 -2 -14 -8 -13 -4 -14 -7 -17 -1 -17 1 -18 -4 -12 -5 -19 1 -19 -2 -16 -3 -19 3 -19 -5 -19 3 -19 -2 -17 -4 -21 1 -20 -4 -20 -2 -3 -1 0 0 0 0 0 0 0 0 ]
CSI_DATA,AP,68:FE:71:12:53:8C,-45,11,1,4,1,1,1,1,0,0,0,-93,1,6,1,11469462,0,84,0,0,11.469,384,[84 -64 4 0 0 0 0 0 0 0 0 0 -10 -14 -14 -12 -11 -13 -17 -10 -17 -15 -13 -13 -12 -14 -7 -17 -15 -11 -10 -11 -14 -17 -7 -19 -12 -11 -12 -16 -11 -12 -9 -17 -12 -18 -8 -10 -7 -17 -6 -18 -13 -15 -9 -11 -6 -10 -6 -14 -12 -17 -7 -10 4 -3 -12 -9 -13 -9 -10 -8 -12 -10 -8 -10 -10 -8 -8 -10 -8 -14 -11 -14 -10 -8 -15 -15 -14 -11 -10 -8 -7 -9 -11 -12 -15 -6 -13 -5 -13 -7 -10 -7 -13 -12 -14 -11 -10 -12 -16 -13 -13 -7 -9 -6 -8 -6 -4 -4 0 0 0 0 0 0 0 0 ]
CSI_DATA,AP,68:FE:71:12:53:8C,-47,11,1,5,1,1,1,0,0,0,0,-94,0,6,1,11582762,0,84,0,0,11.583,384,[84 -64 4 0 0 0 0 0 0 0 0 0 3 15 7 19 7 18 4 16 2 23 3 15 3 19 1 19 3 19 0 16 2 16 -3 23 3 21 -1 21 -2 20 2 22 1 22 3 19 -1 15 5 17 5 17 -2 17 0 18 1 18 1 18 5 16 1 3 1 15 1 11 7 13 3 11 4 11 6 12 2 16 6 12 1 14 8 16 8 18 6 17 7 13 6 12 1 10 8 13 3 17 10 10 9 11 12 13 7 10 6 13 6 15 9 14 7 11 12 11 1 -2 0 0 0 0 0 0 0 0 ]
CSI_DATA,AP,68:FE:71:12:53:8C,-44,11,1,3,1,1,1,0,0,0,0,-94,0,6,1,11689710,0,84,0,0,11.69,384,[84 -64 4 0 0 0 0 0 0 0 0 0 -9 18 -10 14 -12 12 -15 12 -18 12 -11 10 -14 11 -17 15 -17 16 -16 7 -21 7 -21 7 -18 6 -21 12 -15 7 -17 8 -14 13 -13 12 -19 11 -14 6 -13 9 -18 12 -15 8 -11 7 -17 11 -12 5 1 1 -15 4 -12 7 -13 5 -16 7 -9 13 -11 7 -15 9 -11 8 -10 10 -14 7 -9 11 -13 8 -16 12 -10 10 -15 13 -10 8 -7 11 -13 7 -11 12 -14 14 -13 10 -9 10 -14 15 -10 12 -6 9 -14 11 4 -2 0 0 0 0 0 0 0 0 ]
CSI_DATA,AP,68:FE:71:12:53:8C,-42,11,1,4,1,1,1,0,0,0,0,-95,0,6,1,11775882,0,84,0,0,11.776,384,[84 -64 4 0 0 0 0 0 0 0 0 0 -8 22 -9 16 -5 17 -8 15 -13 20 -8 18 -6 20 -14 19 -7 13 -12 14 -9 14 -16 17 -14 16 -14 15 -12 17 -7 13 -13 13 -10 15 -11 11 -8 11 -12 13 -14 17 -10 17 -8 14 -11 18 -10 10 -2 -1 -8 13 -6 14 -9 18 -8 14 -8 14 -12 10 -8 14 -8 12 -3 17 -5 10 -4 10 -10 17 -3 14 -6 18 -1 19 -6 18 -5 19 -9 15 -6 19 -2 14 -8 17 -7 14 -4 12 -1 18 0 15 -4 19 2 0 0 0 0 0 0 0 0 0 ]
CSI_DATA,AP,68:FE:71:12:53:8C,-45,11,1,4,1,1,1,0,0,0,0,-95,0,6,1,11873952,0,84,0,0,11.874,384,[84 -64 4 0 0 0 0 0 0 0 0 0 -2 -19 5 -19 -1 -18 4 -17 3 -18 3 -20 6 -23 9 -19 8 -22 7 -22 11 -18 6 -16 5 -17 4 -18 10 -15 5 -20 5 -12 7 -14 10 -13 4 -14 7 -16 3 -12 9 -18 6 -14 10 -18 5 -14 -1 1 1 -20 8 -16 2 -18 2 -11 6 -19 5 -11 5 -13 1 -15 6 -19 6 -18 -1 -14 2 -15 -1 -13 -2 -14 2 -13 3 -20 -3 -15 3 -17 4 -15 3 -18 2 -17 -1 -18 1 -14 1 -19 -4 -16 -3 -15 0 -2 0 0 0 0 0 0 0 0 ]
CSI_DATA,AP,68:FE:71:12:53:8C,-49,11,1,1,1,1,1,0,0,0,0,-96,0,6,1,11945889,0,82,0,0,11.946,384,[84 -64 4 0 0 0 0 0 0 0 0 0 3 -16 6 -23 8 -22 12 -21 9 -17 11 -19 10 -22 12 -17 9 -18 7 -20 9 -15 14 -15 15 -20 9 -12 15 -18 8 -12 10 -11 14 -13 15 -17 15 -17 7 -14 7 -17 12 -13 8 -13 12 -16 13 -12 -4 4 11 -10 8 -13 5 -18 6 -17 9 -13 5 -15 8 -11 5 -18 3 -18 8 -16 9 -13 4 -16 3 -12 3 -13 5 -15 9 -16 2 -20 3 -16 3 -17 7 -18 5 -15 5 -19 1 -20 2 -14 3 -13 1 -19 1 -3 0 0 0 0 0 0 0 0 ]
CSI_DATA,AP,68:FE:71:12:53:8C,-43,11,1,4,1,1,1,1,0,0,0,-94,3,6,1,12071008,0,84,0,0,12.071,384,[84 -64 4 0 0 0 0 0 0 0 0 0 16 7 16 7 19 7 21 9 16 9 19 16 12 16 12 12 16 16 16 14 13 11 14 11 18 16 17 18 13 12 14 16 12 18 11 11 13 10 12 17 15 10 13 15 13 11 11 15 9 14 13 16 3 -4 12 9 16 13 12 12 16 7 15 11 14 9 14 14 8 12 12 6 10 12 11 5 10 7 10 6 16 7 10 4 16 7 12 5 13 3 17 2 18 5 16 2 11 5 13 7 12 8 15 9 17 3 -2 -1 0 0 0 0 0 0 0 0 ]
CSI_DATA,AP,68:FE:71:12:53:8C,-44,11,1,5,1,1,1,0,0,0,0,-94,0,6,1,12190790,0,84,0,0,12.191,384,[84 -64 4 0 0 0 0 0 0 0 0 0 -13 -19 -14 -22 -12 -19 -14 -25 -11 -21 -6 -20 -9 -24 -7 -22 -11 -22 -6 -17 -9 -21 -11 -23 -3 -25 -3 -22 -4 -20 -10 -20 -3 -15 -9 -22 -9 -19 -4 -21 -8 -19 -9 -21 -8 -17 -3 -15 -4 -16 -10 -20 -3 1 -2 -14 -5 -14 -8 -18 -11 -15 -8 -14 -7 -14 -9 -17 -10 -17 -10 -13 -4 -18 -10 -18 -11 -10 -13 -19 -6 -12 -8 -18 -6 -18 -5 -11 -6 -14 -12 -11 -13 -13 -9 -12 -8 -16 -11 -15 -15 -18 -10 -15 -7 -10 0 -4 0 0 0 0 0 0 0 0 ]
CSI_DATA,AP,68:FE:71:12:53:8C,-49,11,1,1,1,1,1,0,0,0,0,-95,0,6,1,12274445,0,84,0,0,12.274,384,[84 -64 4 0 0 0 0 0 0 0 0 0 13 18 15 14 17 13 16 15 17 13 17 15 12 21 9 15 12 16 13 15 8 14 12 20 11 21 12 14 11 16 7 22 8 15 11 12 5 12 12 13 6 12 5 16 11 15 6 12 13 14 6 13 3 1 12 14 7 18 9 11 8 17 8 15 13 10 10 11 8 10 10 11 13 15 14 16 12 15 9 14 15 14 11 12 16 16 13 9 14 12 11 13 17 9 14 8 14 8 11 10 15 12 12 8 13 9 2 3 0 0 0 0 0 0 0 0 ]
CSI_DATA,AP,68:FE:71:12:53:8C,-46,11,1,4,1,1,1,0,0,0,0,-93,0,6,1,12401977,0,84,0,0,12.402,384,[84 -64 4 0 0 0 0 0 0 0 0 0 19 10 14 13 16 14 24 12 20 11 21 16 16 13 13 11 14 8 20 17 13 11 17 10 13 17 12 17 18 10 12 10 14 11 11 10 14 13 16 15 16 12 13 8 16 14 13 14 15 16 14 10 4 0 18 9 12 13 12 14 17 11 11 12 18 5 13 4 16 11 14 4 10 9 14 6 17 7 11 10 11 4 15 2 19 3 22 8 18 5 14 1 18 -2 17 5 13 8 18 5 20 1 18 9 12 6 4 -2 0 0 0 0 0 0 0 0 ]
CSI_DATA,AP,68:FE:71:12:53:8C,-46,11,1,3,1,1,1,1,0,0,0,-94,1,6,1,12493308,0,84,0,0,12.493,384,[84 -64 4 0 0 0 0 0 0 0 0 0 -16 13 -22 14 -23 14 -20 16 -15 9 -19 6 -23 13 -18 9 -23 6 -17 11 -24 9 -22 5 -20 3 -21 7 -21 5 -19 6 -16 9 -14 4 -16 1 -19 4 -14 4 -14 8 -15 1 -16 3 -15 4 -17 6 -2 4 -21 8 -19 6 -20 10 -14 9 -13 7 -16 3 -14 3 -15 7 -19 5 -14 10 -11 7 -14 8 -17 11 -10 14 -11 7 -14 10 -12 8 -15 16 -14 7 -8 14 -12 8 -11 12 -9 9 -9 9 -11 10 -16 16 4 -3 0 0 0 0 0 0 0 0 ]
CSI_DATA,AP,68:FE:71:12:53:8C,-44,11,1,4,1,1,1,0,0,0,0,-94,0,6,1,12602136,0,84,0,0,12.602,384,[84 -64 4 0 0 0 0 0 0 0 0 0 -3 23 -4 20 -1 21 -7 20 0 20 -7 18 -2 18 -2 19 -3 22 -3 15 -3 20 -11 16 -4 18 -8 21 -10 17 -11 20 -8 14 -6 21 -6 13 -10 16 -10 17 -3 15 -3 13 -6 19 -11 14 -6 21 1 4 -1 12 -6 19 -4 18 -7 14 -3 15 -3 18 -7 14 -2 17 -6 17 -5 20 -5 17 3 20 -5 16 -1 21 -4 18 -1 15 -4 16 -3 16 3 13 4 15 3 13 2 18 -1 17 -2 17 1 15 1 13 1 2 0 0 0 0 0 0 0 0 ]
CSI_DATA,AP,68:FE:71:12:53:8C,-48,11,1,3,1,1,1,0,0,0,0,-94,0,6,1,12703670,0,84,0,0,12.704,384,[84 -64 4 0 0 0 0 0 0 0 0 0 21 -4 21 -3 21 -6 24 -7 24 -1 19 -3 24 -5 19 -4 18 -1 24 2 23 -3 25 3 25 -3 20 -1 17 5 25 -1 21 2 18 -1 16 -1 20 -2 23 -2 23 1 14 1 15 -3 20 -3 14 -4 -2 4 14 3 16 1 16 0 13 -5 20 -4 13 -1 20 2 19 -3 15 -3 19 -1 15 -7 12 -6 20 -8 16 -4 14 -7 13 -1 13 -1 16 -8 13 -9 12 -3 13 -5 16 -4 16 -5 13 -12 12 -4 14 -9 2 -2 0 0 0 0 0 0 0 0 ]
CSI_DATA,AP,68:FE:71:12:53:8C,-44,11,1,5,1,1,1,0,0,0,0,-96,0,6,1,12795034,0,84,0,0,12.795,384,[84 -64 4 0 0 0 0 0 0 0 0 0 20 8 16 10 18 9 22 13 19 15 15 17 18 18 11 10 18 12 18 11 13 12 14 17 14 14 12 14 11 12 15 15 13 12 16 15 15 11 15 11 12 14 15 14 10 13 14 16 17 13 15 16 -2 -4 10 15 17 9 10 10 17 6 12 7 13 8 11 9 16 10 14 13 17 7 17 6 12 4 13 12 11 8 14 8 15 11 18 8 16 7 18 8 18 3 19 4 16 11 14 4 16 7 14 3 19 8 -3 1 0 0 0 0 0 0 0 0 ]
CSI_DATA,AP,68:FE:71:12:53:8C,-44,11,1,4,1,1,1,0,0,0,0,-95,0,6,1,12878304,0,84,0,0,12.878,384,[84 -64 4 0 0 0 0 0 0 0 0 0 3 18 3 15 10 21 5 18 4 23 7 16 -1 17 1 21 6 17 -1 20 -2 18 0 24 -1 16 -2 19 3 18 2 19 1 18 2 17 -3 18 -3 15 0 20 -1 17 2 14 -4 20 0 20 5 14 2 -1 -1 17 1 15 -2 16 5 19 0 13 5 13 0 14 7 13 1 13 1 17 7 15 2 17 7 10 7 14 6 13 8 14 7 13 3 15 2 15 5 10 5 14 8 10 7 13 9 14 9 12 9 11 0 0 0 0 0 0 0 0 0 0 ]
CSI_DATA,AP,68:FE:71:12:53:8C,-46,11,1,3,1,1,1,0,0,0,0,-94,0,6,1,12982123,0,84,0,0,12.982,384,[84 -64 4 0 0 0 0 0 0 0 0 0 -20 8 -18 1 -17 5 -17 1 -19 6 -18 4 -23 2 -20 2 -22 4 -21 1 -23 -3 -21 -1 -18 -2 -20 2 -20 -6 -20 -4 -22 2 -20 -1 -22 1 -19 1 -15 -4 -14 3 -13 2 -22 -2 -16 -3 -14 -1 1 1 -14 2 -16 2 -19 -2 -16 2 -20 0 -20 1 -17 1 -14 4 -14 0 -16 2 -17 0 -14 0 -15 0 -11 4 -15 5 -20 7 -19 3 -11 4 -13 5 -11 8 -20 7 -12 6 -15 10 -14 7 -14 3 -11 7 4 -1 0 0 0 0 0 0 0 0 ]
CSI_DATA,AP,68:FE:71:12:53:8C,-48,11,0,0,0,0,0,0,0,0,0,-95,0,6,1,13095537,0,37,0,0,13.096,128,[84 -64 4 0 0 0 0 0 0 0 0 0 3 -24 0 -20 6 -24 10 -20 2 -23 7 -19 9 -22 10 -23 9 -19 8 -17 12 -21 7 -24 5 -21 9 -16 12 -21 11 -21 13 -19 7 -11 10 -17 5 -15 9 -13 8 -20 10 -13 8 -14 9 -20 5 -12 1 -1 7 -12 3 -13 4 -17 1 -16 7 -14 8 -16 10 -20 4 -16 8 -15 0 -11 6 -18 3 -14 6 -16 1 -19 3 -17 4 -20 5 -18 1 -18 2 -13 -2 -15 4 -17 2 -17 -2 -20 -4 -14 -2 -14 -4 -13 -4 4 0 0 0 0 0 0 0 0 ]
CSI_DATA,AP,68:FE:71:12:53:8C,-49,11,1,2,1,1,1,0,0,0,0,-95,0,6,1,13210425,0,84,0,0,13.21,384,[84 -64 4 0 0 0 0 0 0 0 0 0 23 9 16 6 21 5 21 14 22 7 17 6 15 7 13 12 16 7 17 11 14 13 15 13 17 16 13 13 18 12 14 15 15 9 18 16 13 15 13 9 11 10 12 13 14 12 13 13 13 14 16 11 -4 -1 11 11 17 14 13 13 17 13 17 6 16 7 17 8 10 12 16 9 17 8 15 7 13 11 19 11 18 11 12 8 17 8 20 8 12 2 17 7 15 5 17 4 16 1 20 0 18 5 17 5 18 5 1 -3 0 0 0 0 0 0 0 0 ]
CSI_DATA,AP,68:FE:71:12:53:8C,-46,11,1,5,1,1,1,0,0,0,0,-95,0,6,1,13319611,0,84,0,0,13.32,384,[84 -64 4 0 0 0 0 0 0 0 0 0 3 -23 3 -21 6 -24 5 -27 8 -23 3 -17 10 -23 7 -23 10 -18 12 -15 12 -19 12 -21 11 -23 11 -22 10 -22 7 -22 10 -18 8 -15 12 -20 12 -17 10 -21 9 -14 6 -18 8 -20 4 -15 8 -19 -3 -1 4 -17 3 -16 7 -16 6 -17 8 -18 8 -14 8 -20 8 -18 4 -16 6 -17 -1 -18 -1 -12 5 -21 6 -13 0 -19 4 -17 1 -16 -3 -14 6 -14 -2 -13 5 -14 4 -20 -1 -14 -1 -17 -2 -16 0 -20 2 3 0 0 0 0 0 0 0 0 ]
CSI_DATA,AP,68:FE:71:12:53:8C,-45,11,1,4,1,1,1,1,0,0,0,-95,3,6,1,13435150,0,84,0,0,13.435,384,[84 -64 4 0 0 0 0 0 0 0 0 0 -18 -4 -19 -1 -23 -4 -25 -6 -22 0 -19 -3 -25 -5 -17 -7 -23 -3 -18 -3 -19 -5 -22 -4 -19 -2 -22 -6 -22 -7 -22 -8 -23 -9 -15 -5 -17 -5 -20 -3 -14 -4 -19 -7 -17 -3 -19 -6 -18 -5 -15 -6 -3 -2 -19 -7 -16 -8 -14 -1 -18 1 -15 -1 -14 -2 -19 -3 -18 -4 -19 -3 -17 -4 -16 -1 -18 2 -18 -2 -18 -4 -15 -1 -16 -4 -21 -4 -18 -2 -14 4 -13 0 -16 5 -19 0 -15 6 -14 5 -13 3 -18 5 0 4 0 0 0 0 0 0 0 0 ]
CSI_DATA,AP,68:FE:71:12:53:8C,-45,11,1,3,1,1,1,0,0,0,0,-95,0,6,1,13536644,0,84,0,0,13.537,384,[84 -64 4 0 0 0 0 0 0 0 0 0 -19 15 -18 11 -15 15 -22 13 -14 11 -18 7 -18 13 -22 9 -14 9 -22 14 -21 11 -19 14 -15 8 -15 8 -20 10 -23 8 -21 5 -14 4 -17 7 -16 9 -18 8 -21 4 -12 10 -20 5 -16 10 -21 11 -3 -1 -19 8 -16 5 -18 12 -18 12 -18 7 -11 12 -17 12 -15 8 -12 13 -16 14 -16 9 -14 10 -9 12 -12 11 -10 14 -13 15 -14 16 -12 8 -13 14 -10 16 -9 9 -13 13 -9 13 -11 16 -11 11 -14 13 0 1 0 0 0 0 0 0 0 0 ]
CSI_DATA,AP,68:FE:71:12:53:8C,-48,11,1,5,1,1,1,0,0,0,0,-94,0,6,1,13604022,0,84,0,0,13.604,384,[84 -64 4 0 0 0 0 0 0 0 0 0 20 -12 15 -10 16 -4 16 -8 19 -10 22 0 21 -8 15 -4 17 -3 19 -1 19 0 22 -1 20 -3 17 -2 15 -3 18 -5 17 -5 15 -4 18 1 18 -3 17 -3 16 -2 13 0 14 -1 19 3 14 1 -3 -4 20 -4 14 -1 14 -7 19 -4 15 0 17 -8 14 -8 10 -1 18 -5 14 -6 16 -7 10 -8 16 -7 14 -10 19 -9 17 -2 15 -11 15 -11 19 -10 16 -11 12 -9 16 -9 13 -9 18 -10 17 -5 12 -6 -2 0 0 0 0 0 0 0 0 0 ]
CSI_DATA,AP,68:FE:71:12:53:8C,-45,11,1,5,1,1,1,0,0,0,0,-95,0,6,1,13706214,0,84,0,0,13.706,384,[84 -64 4 0 0 0 0 0 0 0 0 0 -14 14 -16 11 -15 12 -14 13 -22 10 -16 5 -21 13 -20 6 -17 8 -14 10 -19 11 -19 10 -24 9 -18 6 -22 4 -20 5 -16 2 -14 4 -20 2 -16 3 -16 0 -14 7 -19 0 -20 3 -19 3 -20 10 0 1 -15 7 -17 9 -14 8 -18 12 -19 9 -20 4 -18 8 -14 3 -17 3 -16 5 -19 11 -12 5 -18 12 -12 13 -10 9 -17 13 -18 12 -14 12 -15 12 -16 6 -13 6 -10 7 -11 13 -17 16 -16 7 -8 14 2 -3 0 0 0 0 0 0 0 0 ]
CSI_DATA,AP,68:FE:71:12:53:8C,-41,11,0,0,0,0,0,0,0,0,0,-95,0,6,1,13817395,0,37,0,0,13.817,128,[84 -64 4 0 0 0 0 0 0 0 0 0 -8 21 -14 22 -14 16 -12 20 -12 17 -11 19 -14 18 -11 17 -10 17 -12 14 -10 16 -12 20 -12 18 -11 17 -10 13 -17 15 -10 14 -16 15 -9 16 -14 17 -13 10 -15 13 -13 8 -11 13 -10 15 -10 16 -2 -3 -8 17 -13 12 -12 14 -10 18 -10 9 -10 11 -14 10 -9 15 -7 15 -12 14 -6 14 -5 17 -7 13 -11 16 -10 13 -7 15 -10 17 -9 12 -11 17 -10 19 -4 18 -6 19 -7 20 -8 19 -5 19 -7 19 -2 3 0 0 0 0 0 0 0 0 ]
CSI_DATA,AP,68:FE:71:12:53:8C,-47,11,1,5,1,1,1,0,0,0,0,-95,0,6,1,13894287,0,82,0,0,13.894,384,[84 -64 4 0 0 0 0 0 0 0 0 0 -22 -10 -23 -9 -18 -12 -17 -8 -20 -14 -19 -14 -21 -11 -19 -12 -15 -10 -14 -12 -18 -13 -16 -15 -20 -12 -14 -16 -16 -16 -17 -13 -17 -9 -15 -14 -15 -13 -17 -13 -11 -17 -14 -15 -11 -16 -16 -16 -17 -16 -12 -17 1 1 -16 -14 -18 -11 -12 -8 -18 -11 -12 -6 -11 -14 -11 -11 -12 -10 -13 -8 -14 -4 -20 -9 -18 -10 -18 -5 -17 -5 -18 -8 -19 -7 -12 -10 -14 -8 -19 -2 -19 -2 -13 -4 -18 -10 -13 -1 -21 -3 -19 -8 -16 0 -1 2 0 0 0 0 0 0 0 0 ]
CSI_DATA,AP,68:FE:71:12:53:8C,-45,11,1,4,1,1,1,0,0,0,0,-94,0,6,1,14000927,0,84,0,0,14.001,384,[84 -64 4 0 0 0 0 0 0 0 0 0 -24 2 -24 -2 -17 -2 -25 -4 -20 -5 -16 0 -17 -8 -19 -7 -18 -3 -21 -5 -16 -6 -22 -4 -23 -8 -16 -10 -18 -6 -21 -9 -20 -10 -19 -5 -17 -7 -13 -9 -15 -2 -15 -6 -16 -8 -20 -10 -18 -5 -15 -5 4 -1 -17 -1 -16 -4 -21 -3 -17 1 -18 -2 -15 -4 -19 -7 -17 -5 -20 -3 -11 -6 -13 -2 -19 1 -17 -4 -16 1 -15 0 -14 -2 -16 -3 -18 3 -13 0 -17 0 -19 2 -17 3 -17 -1 -13 2 -21 0 -17 0 0 -1 0 0 0 0 0 0 0 0 ]
CSI_DATA,AP,68:FE:71:12:53:8C,-47,11,1,5,1,1,1,0,0,0,0,-93,0,6,1,14101312,0,84,0,0,14.101,384,[84 -64 4 0 0 0 0 0 0 0 0 0 8 -22 9 -19 8 -18 6 -22 9 -18 3 -15 11 -13 7 -13 13 -18 12 -11 9 -14 9 -19 10 -13 13 -14 10 -17 12 -17 8 -10 6 -15 7 -9 7 -17 14 -11 14 -14 6 -10 9 -9 8 -18 13 -12 -3 -3 6 -11 11 -12 6 -12 4 -15 8 -13 11 -12 3 -11 5 -11 6 -16 5 -16 4 -15 2 -15 8 -16 5 -16 4 -18 4 -13 8 -13 3 -18 3 -18 1 -17 3 -15 0 -14 3 -15 7 -13 7 -13 3 -10 -1 0 0 0 0 0 0 0 0 0 ]
CSI_DATA,AP,68:FE:71:12:53:8C,-45,11,1,4,1,1,1,0,0,0,0,-94,0,6,1,14199550,0,84,0,0,14.2,384,[84 -64 4 0 0 0 0 0 0 0 0 0 20 4 16 5 19 5 19 2 19 -1 15 6 14 3 17 2 15 8 17 6 16 9 19 3 18 10 17 9 12 9 20 9 15 3 17 9 10 9 12 7 10 5 15 3 15 6 15 9 15 4 17 10 4 -2 17 6 13 7 15 5 16 8 11 7 18 8 12 5 15 1 14 0 16 4 16 -1 16 1 17 3 14 -1 11 6 15 -1 11 3 10 4 10 5 13 -4 11 4 13 2 13 -1 19 4 15 -4 18 3 -4 3 0 0 0 0 0 0 0 0 ]
CSI_DATA,AP,68:FE:71:12:53:8C,-44,11,1,3,1,1,1,1,0,0,0,-95,2,6,1,14301513,0,84,0,0,14.302,384,[84 -64 4 0 0 0 0 0 0 0 0 0 21 8 15 10 17 8 17 11 17 11 16 13 11 12 18 11 13 7 12 15 14 9 11 15 15 11 10 15 8 15 16 16 10 11 10 12 15 9 9 11 7 7 14 8 9 7 9 12 11 11 11 6 1 -4 12 8 10 10 8 7 13 6 12 5 8 8 15 6 8 11 10 5 14 11 17 8 8 9 17 5 14 2 16 10 15 4 12 8 12 9 18 4 13 5 10 6 18 2 16 6 16 6 12 7 14 3 1 3 0 0 0 0 0 0 0 0 ]
CSI_DATA,AP,68:FE:71:12:53:8C,-48,11,1,5,1,1,1,0,0,0,0,-94,0,6,1,14395127,0,84,0,0,14.395,384,[84 -64 4 0 0 0 0 0 0 0 0 0 -28 -11 -30 -16 -30 -16 -28 -19 -25 -15 -22 -15 -26 -15 -26 -23 -28 -21 -25 -15 -27 -16 -22 -23 -26 -25 -20 -21 -21 -18 -24 -25 -19 -16 -22 -23 -24 -20 -21 -23 -18 -23 -16 -24 -19 -18 -16 -23 -17 -21 -17 -13 1 -3 -22 -20 -21 -16 -17 -19 -23 -11 -14 -17 -15 -16 -15 -19 -14 -9 -16 -11 -21 -9 -22 -7 -20 -13 -21 -10 -22 -11 -21 -9 -19 -7 -15 -5 -22 -9 -16 -6 -16 -8 -23 -7 -17 -2 -19 -5 -20 -1 -16 -3 -22 1 -3 0 0 0 0 0 0 0 0 0 ]
CSI_DATA,AP,68:FE:71:12:53:8C,-42,11,1,6,1,1,1,0,0,0,1,-93,0,6,1,14480572,0,84,0,0,14.481,384,[84 -64 4 0 0 0 0 0 0 0 0 0 6 -15 8 -17 9 -19 7 -17 7 -16 5 -13 8 -18 12 -11 6 -16 8 -15 7 -18 14 -14 6 -11 5 -14 11 -13 11 -18 11 -9 11 -12 12 -14 14 -12 8 -16 13 -9 12 -10 13 -14 13 -14 13 -17 3 4 8 -13 10 -10 6 -11 8 -15 10 -14 4 -10 10 -11 2 -9 3 -16 6 -11 3 -15 3 -15 3 -11 9 -10 4 -17 6 -11 7 -14 4 -17 7 -16 -1 -10 7 -18 0 -10 -1 -15 5 -14 1 -13 -1 -18 -3 -1 0 0 0 0 0 0 0 0 ]
CSI_DATA,AP,68:FE:71:12:53:8C,-47,11,1,4,1,1,1,0,0,0,0,-93,0,6,1,14614651,0,84,0,0,14.615,384,[84 -64 4 0 0 0 0 0 0 0 0 0 16 -18 13 -16 9 -17 12 -14 16 -19 17 -14 13 -12 18 -8 11 -15 17 -9 15 -13 15 -11 17 -13 15 -7 16 -12 18 -7 13 -6 10 -8 16 -12 14 -7 16 -7 12 -12 10 -7 10 -13 16 -5 17 -13 1 -1 9 -6 13 -6 10 -14 10 -8 10 -12 9 -7 9 -7 15 -7 9 -12 7 -14 15 -11 8 -15 9 -8 10 -14 12 -7 10 -16 9 -10 13 -12 10 -11 5 -11 13 -14 6 -16 13 -11 4 -15 7 -14 8 -13 -3 -4 0 0 0 0 0 0 0 0 ]
CSI_DATA,AP,68:FE:71:12:53:8C,-45,11,1,5,1,1,1,0,0,0,0,-94,0,6,1,14722038,0,84,0,0,14.722,384,[84 -64 4 0 0 0 0 0 0 0 0 0 6 0 8 -7 7 -5 5 1 7 -6 6 3 5 2 11 -4 4 1 12 3 10 -5 12 -1 8 -1 7 -1 6 0 7 -4 3 4 4 -4 6 3 7 1 7 -2 9 -4 5 -1 10 -3 7 -4 10 3 -4 4 7 -4 4 0 11 4 9 0 6 -4 7 4 5 -2 10 1 8 -4 3 -4 3 3 8 0 7 -1 3 -4 3 -3 3 0 7 0 5 1 11 -5 5 -5 8 -1 8 2 11 -3 4 -4 5 -3 4 -7 3 -2 0 0 0 0 0 0 0 0 ]
CSI_DATA,AP,68:FE:71:12:53:8C,-42,11,1,5,1,1,1,0,0,0,1,-93,0,6,1,14801678,0,84,0,0,14.802,384,[84 -64 4 0 0 0 0 0 0 0 0 0 0 12 0 18 4 18 2 17 3 14 3 14 4 18 -2 16 -5 13 -5 12 -5 16 -3 12 1 16 2 18 -5 14 -4 16 2 15 -7 12 0 14 0 10 1 11 -7 12 1 10 -1 13 -2 13 -6 9 -1 1 -2 17 -1 11 1 11 -1 14 2 10 2 8 -6 15 3 17 0 12 1 10 -3 17 0 12 4 14 3 10 -4 16 -3 17 5 13 -2 11 -3 13 3 9 1 12 4 14 2 12 0 11 -1 14 4 9 4 4 0 0 0 0 0 0 0 0 ]
CSI_DATA,AP,68:FE:71:12:53:8C,-44,11,1,5,1,1,1,0,0,0,0,-95,0,6,1,14918687,0,84,0,0,14.919,384,[84 -64 4 0 0 0 0 0 0 0 0 0 -7 -18 -8 -25 -3 -25 -9 -19 -6 -22 -5 -23 -4 -25 1 -17 -2 -20 -2 -19 -6 -21 -6 -25 0 -20 -1 -19 -1 -22 2 -24 -3 -17 2 -21 2 -18 -2 -16 4 -20 -2 -15 -3 -16 0 -14 3 -16 0 -20 -3 0 1 -21 2 -18 -6 -22 1 -20 -1 -21 -3 -15 -6 -16 -6 -18 -5 -12 -3 -20 -8 -14 0 -19 -7 -12 -2 -18 -7 -19 -4 -20 -4 -17 -2 -17 -8 -11 -6 -19 -3 -19 -10 -14 -3 -13 -9 -19 -10 -12 -7 -14 -3 3 0 0 0 0 0 0 0 0 ]
CSI_DATA,AP,68:FE:71:12:53:8C,-42,11,1,6,1,1,1,0,0,0,0,-96,0,6,1,15027133,0,84,0,0,15.027,384,[84 -64 4 0 0 0 0 0 0 0 0 0 -8 15 -7 16 -10 15 -10 19 -13 12 -14 12 -12 17 -12 16 -11 8 -7 11 -10 14 -7 8 -9 14 -14 9 -14 7 -10 13 -10 8 -11 8 -13 9 -6 5 -5 9 -7 5 -12 7 -10 10 -8 10 -8 9 -3 -4 -4 10 -7 5 -8 8 -6 5 -5 6 -5 9 -4 5 -5 7 -7 8 -5 7 0 7 -4 10 -2 15 -2 7 -1 9 -5 11 -4 9 1 7 0 8 -1 10 -3 10 0 8 3 12 2 16 -1 13 3 7 -1 -2 0 0 0 0 0 0 0 0 ]
CSI_DATA,AP,68:FE:71:12:53:8C,-45,11,1,3,1,1,1,0,0,0,0,-95,0,6,1,15134938,0,84,0,0,15.135,384,[84 -64 4 0 0 0 0 0 0 0 0 0 17 5 19 9 19 9 19 9 19 13 18 9 12 6 9 8 13 10 12 10 12 8 16 8 11 7 15 7 5 8 16 5 13 7 11 7 8 3 12 6 10 9 12 4 12 3 8 6 11 3 11 5 2 4 11 0 11 1 13 1 13 7 6 0 13 0 6 2 10 -2 12 2 12 2 11 3 13 0 11 -4 8 -3 6 -1 11 -1 12 3 13 -4 6 1 11 0 15 -3 9 -1 13 0 14 -4 14 -1 12 0 -1 -1 0 0 0 0 0 0 0 0 ]
CSI_DATA,AP,68:FE:71:12:53:8C,-44,11,1,3,1,1,1,1,0,0,0,-96,3,6,1,15225143,0,84,0,0,15.225,384,[84 -64 4 0 0 0 0 0 0 0 0 0 17 27 19 27 21 34 15 33 15 29 17 28 14 34 7 28 11 27 12 28 10 29 7 25 13 30 9 28 10 27 12 24 9 25 5 18 9 19 4 18 7 22 4 19 3 18 7 15 12 17 6 15 -3 1 7 12 7 9 8 14 7 14 12 10 8 7 12 12 9 5 6 13 11 12 13 7 9 2 13 6 11 4 17 7 9 7 17 0 17 7 11 0 16 2 12 -1 15 4 15 0 15 2 10 -4 10 1 -2 3 0 0 0 0 0 0 0 0 ]
CSI_DATA,AP,68:FE:71:12:53:8C,-48,11,1,5,1,1,1,0,0,0,0,-94,0,6,1,15336780,0,84,0,0,15.337,384,[84 -64 4 0 0 0 0 0 0 0 0 0 34 -3 33 2 34 3 36 3 30 2 29 11 27 5 28 5 25 6 29 3 25 5 27 4 28 4 28 6 23 8 19 9 25 8 21 8 15 4 23 6 18 4 20 4 17 5 14 5 17 0 18 1 -1 -4 19 5 16 1 11 -4 12 -6 17 -4 10 -1 15 -6 11 -7 8 -3 13 -4 13 -4 12 -8 13 -4 11 -5 8 -8 11 -8 9 -7 7 -7 12 -4 12 -7 7 -10 9 -10 7 -12 3 -9 5 -7 10 -15 -2 -4 0 0 0 0 0 0 0 0 ]
CSI_DATA,AP,68:FE:71:12:53:8C,-44,11,1,3,1,1,1,0,0,0,0,-93,0,6,1,15443815,0,84,0,0,15.444,384,[84 -64 4 0 0 0 0 0 0 0 0 0 15 3 13 7 18 4 16 8 12 11 13 8 13 11 15 4 14 5 17 9 9 12 17 7 13 11 11 8 15 6 10 10 14 9 9 6 14 4 14 11 12 9 14 7 10 5 13 6 8 12 14 3 3 2 12 3 17 2 15 9 14 4 17 7 13 4 13 4 14 2 16 6 17 4 15 7 14 9 18 7 11 1 13 7 15 9 13 3 14 4 12 2 14 4 18 9 14 5 16 1 13 8 18 4 13 2 -1 -3 0 0 0 0 0 0 0 0 ]
CSI_DATA,AP,68:FE:71:12:53:8C,-46,11,1,5,1,1,1,0,0,0,0,-94,0,6,1,15530843,0,84,0,0,15.531,384,[84 -64 4 0 0 0 0 0 0 0 0 0 11 -25 10 -21 11 -24 12 -26 13 -24 12 -18 14 -25 21 -17 22 -22 20 -20 19 -18 15 -21 17 -22 19 -24 18 -23 19 -20 18 -21 21 -17 22 -21 20 -20 23 -15 22 -17 14 -14 16 -23 14 -24 16 -21 4 -4 13 -17 20 -25 13 -24 14 -25 19 -24 17 -25 20 -23 15 -25 11 -24 17 -27 15 -22 16 -20 11 -21 17 -20 16 -20 18 -28 13 -27 14 -28 13 -28 19 -29 12 -28 18 -24 11 -21 18 -27 12 -29 15 -27 2 -1 0 0 0 0 0 0 0 0 ]
CSI_DATA,AP,68:FE:71:12:53:8C,-45,11,1,4,1,1,1,0,0,0,0,-94,0,6,1,15602326,0,84,0,0,15.602,384,[84 -64 4 0 0 0 0 0 0 0 0 0 -6 -16 -9 -17 -8 -17 -8 -17 -11 -19 -11 -15 -5 -23 -4 -14 -9 -15 -8 -15 -9 -19 -3 -16 0 -24 0 -16 -1 -14 -8 -16 -7 -22 -1 -17 -8 -18 -1 -16 -4 -15 -5 -15 -6 -14 0 -16 0 -18 -3 -18 -3 -1 0 -19 -8 -15 -4 -18 -6 -14 -5 -15 -7 -13 -7 -15 -1 -18 -7 -16 -2 -13 -11 -16 -5 -10 -7 -14 -8 -13 -11 -18 -10 -13 -4 -11 -5 -10 -12 -15 -9 -10 -6 -17 -9 -9 -8 -14 -12 -11 -12 -11 -12 -10 2 -3 0 0 0 0 0 0 0 0 ]
CSI_DATA,AP,68:FE:71:12:53:8C,-45,11,1,5,1,1,1,0,0,0,0,-95,0,6,1,15693930,0,84,0,0,15.694,384,[84 -64 4 0 0 0 0 0 0 0 0 0 -14 5 -15 9 -19 10 -22 4 -19 7 -19 2 -23 8 -22 3 -26 5 -21 -2 -21 1 -25 5 -25 5 -26 0 -23 -4 -24 0 -21 3 -19 3 -23 -2 -23 1 -18 0 -21 -3 -25 -5 -21 2 -19 3 -26 4 -4 -4 -23 -1 -25 6 -20 1 -21 0 -19 -1 -18 -1 -24 -3 -21 4 -21 3 -20 0 -21 5 -20 8 -23 7 -19 4 -22 4 -23 5 -22 6 -20 8 -18 10 -16 7 -20 9 -24 8 -20 7 -20 11 -20 12 -20 12 -2 -2 0 0 0 0 0 0 0 0 ]
CSI_DATA,AP,68:FE:71:12:53:8C,-46,11,1,5,1,1,1,0,0,0,0,-93,0,6,1,15799726,0,84,0,0,15.8,384,[84 -64 4 0 0 0 0 0 0 0 0 0 -5 -12 -7 -16 -13 -14 -12 -20 -8 -21 -3 -15 -8 -20 -6 -21 -7 -24 -3 -24 -4 -24 -4 -23 -3 -22 -5 -25 -4 -19 -3 -27 0 -22 0 -23 -4 -20 -5 -27 -3 -25 -2 -22 3 -23 -5 -24 -3 -27 -3 -18 -2 0 0 -25 -2 -20 -5 -24 -8 -20 1 -20 -1 -23 -2 -25 -6 -25 -5 -17 -6 -20 -5 -24 -6 -16 -3 -16 -9 -16 -8 -23 -6 -21 -9 -21 -10 -18 -11 -20 -12 -18 -6 -19 -10 -18 -7 -17 -7 -17 -11 -15 -12 -20 4 4 0 0 0 0 0 0 0 0 ]
CSI_DATA,AP,68:FE:71:12:53:8C,-43,11,1,6,1,1,1,0,0,0,0,-94,0,6,1,15920789,0,84,0,0,15.921,384,[84 -64 4 0 0 0 0 0 0 0 0 0 -6 22 -1 24 -6 23 -4 25 -9 22 -3 19 -10 16 -6 22 -6 23 -12 16 -8 23 -4 21 -6 18 -6 22 -6 15 -13 24 -13 15 -4 19 -9 19 -8 14 -13 19 -11 19 -6 11 -10 18 -12 21 -3 13 -1 3 -3 15 -3 12 -10 18 -1 14 -3 12 -10 16 -4 18 -7 19 -7 13 -6 12 1 18 0 11 1 17 -2 15 -3 13 -5 15 -3 15 -3 18 -6 20 1 19 -1 15 -2 19 -3 17 4 20 2 13 2 16 0 -4 0 0 0 0 0 0 0 0 ]
CSI_DATA,AP,68:FE:71:12:53:8C,-47,11,1,4,1,1,1,0,0,0,0,-96,0,6,1,16004166,0,84,0,0,16.004,384,[84 -64 4 0 0 0 0 0 0 0 0 0 21 6 16 10 18 6 20 12 22 7 15 14 19 7 14 14 19 9 15 14 18 11 15 15 12 13 17 14 17 12 19 14 10 12 16 12 10 8 10 13 12 13 17 11 12 11 10 11 10 11 14 6 -3 2 10 8 12 6 17 11 16 4 16 11 13 11 12 6 13 11 11 5 9 8 18 9 10 10 12 10 14 6 11 6 16 2 17 6 18 8 15 10 14 7 11 9 15 6 14 6 15 7 12 3 16 1 1 -4 0 0 0 0 0 0 0 0 ]
CSI_DATA,AP,68:FE:71:12:53:8C,-46,11,1,4,1,1,1,0,0,0,0,-94,0,6,1,16128484,0,84,0,0,16.128,384,[84 -64 4 0 0 0 0 0 0 0 0 0 3 22 3 15 2 15 2 24 -3 15 2 23 1 19 2 15 -5 18 -2 21 2 16 2 16 -3 22 0 15 -1 22 1 19 -3 19 2 16 -6 16 -6 17 -3 19 -1 12 -5 18 -6 18 0 19 -1 14 4 -2 -3 16 -5 16 -3 16 1 13 -3 13 3 18 -1 19 -3 16 3 14 -3 13 0 16 0 14 3 16 -1 18 1 10 2 12 6 17 6 13 4 11 7 10 2 10 6 14 9 11 9 12 9 18 8 13 3 0 0 0 0 0 0 0 0 0 ]
CSI_DATA,AP,68:FE:71:12:53:8C,-48,11,1,4,1,1,1,0,0,0,0,-96,0,6,1,16220143,0,84,0,0,16.22,384,[84 -64 4 0 0 0 0 0 0 0 0 0 18 -1 20 -2 19 5 13 -2 20 -1 21 2 21 5 16 7 18 5 19 4 15 4 19 7 18 1 12 9 19 8 16 1 14 9 11 8 16 9 13 2 16 1 15 9 12 3 16 6 16 8 10 1 0 1 16 4 10 3 12 5 12 3 15 7 17 6 16 2 13 2 15 0 10 5 15 2 13 -1 12 0 16 -2 17 -4 16 1 17 -3 17 3 13 -2 12 2 15 -2 14 1 15 -1 14 0 13 -4 17 -4 -2 3 0 0 0 0 0 0 0 0 ]
CSI_DATA,AP,68:FE:71:12:53:8C,-40,11,1,4,1,1,1,0,0,0,0,-95,0,6,1,16339197,0,82,0,0,16.339,384,[84 -64 4 0 0 0 0 0 0 0 0 0 -1 -26 5 -23 1 -25 4 -18 2 -22 3 -23 6 -18 6 -20 7 -22 4 -23 11 -24 6 -16 7 -19 7 -17 5 -20 9 -20 12 -18 10 -16 5 -16 10 -13 8 -12 4 -18 12 -18 11 -19 4 -13 4 -13 0 -2 10 -18 8 -19 6 -13 3 -20 10 -16 3 -15 3 -13 2 -18 5 -17 2 -20 5 -15 4 -20 7 -13 6 -17 2 -13 6 -12 4 -19 -1 -16 4 -19 4 -15 1 -18 5 -19 0 -19 -3 -21 0 -16 -4 -17 -1 1 0 0 0 0 0 0 0 0 ]
CSI_DATA,AP,68:FE:71:12:53:8C,-43,11,1,4,1,1,1,0,0,0,0,-94,0,6,1,16450153,0,84,0,0,16.45,384,[84 -64 4 0 0 0 0 0 0 0 0 0 -24 10 -21 7 -18 5 -21 10 -22 9 -20 2 -22 4 -21 8 -25 4 -25 4 -19 1 -21 4 -21 5 -25 5 -18 -1 -24 -2 -21 1 -23 -1 -19 -3 -19 2 -21 1 -16 -1 -16 -1 -20 4 -21 5 -15 -1 -3 3 -22 4 -17 1 -14 -2 -21 0 -22 0 -21 5 -14 5 -16 2 -21 8 -14 3 -16 5 -17 3 -17 9 -17 6 -16 10 -18 6 -17 5 -20 4 -19 4 -12 7 -16 8 -19 9 -12 5 -19 11 -19 8 -11 4 -3 -1 0 0 0 0 0 0 0 0 ]
CSI_DATA,AP,68:FE:71:12:53:8C,-49,11,1,1,1,1,1,0,0,0,0,-93,0,6,1,16534103,0,84,0,0,16.534,384,[84 -64 4 0 0 0 0 0 0 0 0 0 -6 22 -11 16 -6 15 -7 16 -9 15 -10 16 -10 15 -13 18 -9 16 -9 14 -14 18 -11 16 -13 13 -10 10 -16 14 -11 13 -9 14 -14 13 -13 16 -9 15 -10 14 -15 11 -7 13 -11 11 -8 11 -13 15 1 -3 -7 9 -6 16 -12 9 -8 13 -12 13 -7 13 -11 13 -12 14 -10 10 -11 18 -12 18 -7 16 -3 9 -10 16 -8 10 -3 12 -10 15 -7 16 -11 17 -8 11 -2 11 -8 15 -2 19 -1 19 -2 11 -6 14 4 2 0 0 0 0 0 0 0 0 ]
CSI_DATA,AP,68:FE:71:12:53:8C,-47,11,1,4,1,1,1,0,0,0,0,-93,0,6,1,16624061,0,84,0,0,16.624,384,[37 80 2 0 0 0 0 0 0 0 0 0 -3 -30 1 -32 -3 -35 -1 -34 -2 -33 -1 -34 4 -32 5 -30 7 -28 4 -30 4 -30 8 -31 2 -30 1 -25 6 -31 6 -28 6 -30 4 -26 9 -30 9 -26 8 -25 5 -30 8 -27 5 -28 5 -23 8 -28 3 -2 -1 -21 2 -28 -2 -23 -1 -25 -2 -27 -1 -23 4 -21 4 -20 -1 -22 -2 -24 -1 -24 3 -19 -4 -24 0 -25 0 -23 -3 -23 -3 -24 -3 -27 -6 -25 -7 -23 -2 -27 -4 -27 -6 -29 -8 -21 -9 -21 -4 -24 -3 4 0 0 0 0 0 0 0 0 ]
CSI_DATA,AP,68:FE:71:12:53:8C,-48,11,1,4,1,1,1,0,0,0,0,-93,0,6,1,16721937,0,84,0,0,16.722,384,[84 -64 4 0 0 0 0 0 0 0 0 0 -22 9 -19 3 -24 4 -21 8 -18 7 -19 6 -21 2 -20 2 -20 7 -20 5 -19 3 -17 -1 -21 -2 -19 1 -22 -3 -16 -3 -16 2 -16 4 -20 1 -18 -2 -15 -4 -18 3 -14 2 -20 4 -16 3 -19 3 0 0 -14 -3 -13 4 -17 2 -21 7 -19 5 -18 2 -14 -1 -17 1 -13 3 -12 8 -14 9 -15 4 -19 3 -15 1 -17 6 -18 6 -11 4 -11 9 -11 10 -17 7 -19 9 -18 3 -11 10 -13 8 -17 11 -11 5 3 2 0 0 0 0 0 0 0 0 ]
CSI_DATA,AP,68:FE:71:12:53:8C,-45,11,1,5,1,1,1,0,0,0,0,-94,0,6,1,16811784,0,84,0,0,16.812,384,[84 -64 4 0 0 0 0 0 0 0 0 0 -12 -19 -14 -18 -6 -23 -12 -21 -9 -21 -5 -22 -6 -21 -10 -18 -5 -18 -8 -15 -8 -23 -7 -15 -6 -16 -2 -21 -8 -16 -4 -17 0 -14 -6 -15 -4 -22 -8 -16 0 -18 -8 -15 -4 -13 -3 -21 -1 -20 -2 -13 3 0 -5 -16 -1 -17 -7 -15 -2 -14 -10 -16 -3 -14 -7 -14 -7 -19 -10 -11 -9 -12 -6 -13 -11 -15 -7 -18 -11 -11 -7 -11 -10 -15 -8 -18 -10 -11 -8 -9 -8 -13 -9 -12 -7 -16 -7 -9 -9 -14 -14 -11 -13 -15 2 -3 0 0 0 0 0 0 0 0 ]
CSI_DATA,AP,68:FE:71:12:53:8C,-46,11,1,5,1,1,1,0,0,0,0,-94,0,6,1,16894921,0,84,0,0,16.895,384,[84 -64 4 0 0 0 0 0 0 0 0 0 15 39 19 35 6 45 9 65 16 49 12 40 2 49 3 35 13 52 12 50 -5 67 -9 76 -3 63 -6 60 2 55 -22 64 -23 57 -6 32 -2 49 -3 54 3 51 -16 61 -4 45 -14 54 -20 64 -15 53 -1 -3 -15 60 -7 54 -11 62 -4 61 -12 51 -11 53 -14 61 -3 47 -4 49 8 47 8 60 14 52 11 44 11 49 0 52 6 54 -2 57 16 55 10 58 13 44 4 52 12 57 13 55 18 51 18 47 23 41 3 2 0 0 0 0 0 0 0 0 ]
CSI_DATA,AP,68:FE:71:12:53:8C,-45,11,1,4,1,1,1,0,0,0,0,-95,0,6,1,16988310,0,82,0,0,16.988,384,[84 -64 4 0 0 0 0 0 0 0 0 0 -6 -17 -3 -20 1 -17 -4 -22 -2 -20 -1 -23 1 -17 2 -24 2 -16 -1 -22 -2 -17 1 -19 1 -19 3 -19 -1 -18 2 -22 0 -18 3 -16 4 -15 2 -22 7 -16 6 -15 5 -17 -2 -17 0 -17 6 -16 3 4 5 -17 5 -19 -3 -18 1 -13 0 -17 1 -15 -2 -20 -3 -19 -4 -16 -1 -18 -5 -18 1 -15 2 -15 -4 -13 2 -19 0 -17 -3 -17 -7 -12 -7 -13 -1 -13 -1 -13 -2 -12 -1 -20 -9 -14 -7 -20 -8 -20 0 1 0 0 0 0 0 0 0 0 ]
CSI_DATA,AP,68:FE:71:12:53:8C,-41,11,1,4,1,1,1,0,0,0,0,-94,0,6,1,17101941,0,84,0,0,17.102,384,[84 -64 4 0 0 0 0 0 0 0 0 0 -15 -19 -14 -14 -16 -22 -10 -20 -14 -16 -9 -19 -5 -16 -10 -18 -5 -21 -8 -19 -3 -15 -6 -15 -7 -21 -11 -20 -4 -16 -8 -22 -8 -16 -7 -18 -3 -17 -9 -20 -1 -16 -1 -21 -1 -14 -9 -16 -4 -12 -9 -18 -2 -4 -2 -17 -8 -16 -9 -20 -5 -18 -9 -19 -10 -19 -2 -11 -9 -12 -11 -18 -6 -14 -4 -16 -11 -17 -12 -11 -6 -13 -10 -16 -8 -17 -10 -14 -6 -11 -11 -11 -10 -13 -10 -17 -10 -9 -12 -16 -11 -12 -7 -8 -10 -8 3 -2 0 0 0 0 0 0 0 0 ]
CSI_DATA,AP,68:FE:71:12:53:8C,-47,11,1,5,1,1,1,1,0,0,0,-95,1,6,1,17211519,0,84,0,0,17.212,384,[84 -64 4 0 0 0 0 0 0 0 0 0 -17 15 -17 15 -16 13 -18 9 -13 9 -18 11 -14 11 -15 12 -14 6 -20 8 -22 6 -18 6 -18 5 -18 9 -19 8 -18 3 -16 11 -15 6 -13 3 -20 2 -19 4 -18 9 -12 7 -14 3 -13 8 -19 9 4 -3 -11 3 -16 8 -18 8 -15 5 -14 8 -16 5 -17 4 -11 11 -11 10 -11 12 -10 6 -14 7 -15 7 -11 8 -15 5 -8 13 -16 9 -11 5 -11 10 -10 11 -15 12 -10 7 -8 9 -11 14 -14 13 -11 8 -2 4 0 0 0 0 0 0 0 0 ]
CSI_DATA,AP,68:FE:71:12:53:8C,-44,11,1,3,1,1,1,0,0,0,0,-95,0,6,1,17314535,0,84,0,0,17.315,384,[84 -64 4 0 0 0 0 0 0 0 0 0 -10 -1 -8 5 -6 4 -11 0 -9 3 -10 2 -12 2 -11 3 -11 -4 -10 -2 -10 0 -9 1 -14 0 -12 -3 -9 3 -10 -2 -10 3 -8 2 -8 0 -5 -4 -13 -2 -9 -6 -6 0 -8 3 -11 3 -12 -3 -2 -2 -9 -4 -9 0 -9 -1 -4 1 -8 -1 -9 3 -4 3 -3 -1 -11 -2 -5 -3 -8 2 -6 -1 -8 -4 -9 3 -9 -4 -5 1 -8 1 -4 0 -6 -3 -9 5 -8 3 -12 5 -3 6 -7 5 -7 -1 -11 2 2 2 0 0 0 0 0 0 0 0 ]
CSI_DATA,AP,68:FE:71:12:53:8C,-50,11,1,3,1,1,1,0,0,0,0,-96,0,6,1,17396869,0,84,0,0,17.397,384,[84 -64 4 0 0 0 0 0 0 0 0 0 15 -13 9 -15 14 -12 10 -14 11 -12 18 -13 10 -11 12 -12 16 -10 20 -7 13 -10 13 -9 12 -11 19 -11 12 -12 11 -6 15 -8 13 -12 18 -4 14 -8 14 -9 18 -5 11 -4 13 -5 15 -12 15 -3 -4 3 17 -5 9 -12 9 -3 16 -5 12 -9 9 -6 15 -7 11 -4 7 -8 13 -9 10 -13 13 -6 13 -10 14 -8 12 -8 7 -7 11 -8 7 -7 12 -10 10 -8 13 -9 7 -7 10 -10 10 -13 12 -9 9 -16 3 3 0 0 0 0 0 0 0 0 ]
CSI_DATA,AP,68:FE:71:12:53:8C,-47,11,1,4,1,1,1,0,0,0,0,-95,0,6,1,17516815,0,84,0,0,17.517,384,[84 -64 4 0 0 0 0 0 0 0 0 0 13 -11 13 -11 14 -16 16 -13 13 -16 17 -11 17 -12 13 -9 13 -16 12 -15 17 -9 12 -11 20 -8 16 -12 17 -7 11 -6 17 -14 14 -7 12 -11 15 -14 18 -8 11 -13 14 -12 13 -14 18 -6 11 -6 -3 0 11 -8 17 -12 10 -8 11 -9 14 -9 9 -7 11 -9 7 -14 9 -10 7 -13 9 -13 11 -10 8 -11 8 -9 7 -14 10 -11 9 -15 13 -18 8 -18 5 -15 7 -14 12 -13 4 -16 11 -18 5 -11 4 -17 -3 -2 0 0 0 0 0 0 0 0 ]
CSI_DATA,AP,68:FE:71:12:53:8C,-44,11,1,3,1,1,1,0,0,0,0,-93,0,6,1,17601091,0,84,0,0,17.601,384,[84 -64 4 0 0 0 0 0 0 0 0 0 0 15 -6 18 -7 22 -6 23 -9 19 -7 20 -12 19 -5 19 -5 18 -5 20 -10 14 -9 21 -10 15 -10 21 -11 17 -7 12 -6 19 -6 18 -6 15 -7 16 -8 18 -6 16 -10 11 -8 19 -8 12 -12 11 1 -4 -11 13 -10 15 -7 18 -7 15 -5 16 -7 15 -8 13 -7 10 -7 15 -5 10 -2 15 0 16 0 14 -4 12 -4 19 -4 19 0 17 -1 14 -4 13 -3 14 -5 12 -3 17 1 19 1 14 -1 18 0 15 4 2 0 0 0 0 0 0 0 0 ]
CSI_DATA,AP,68:FE:71:12:53:8C,-48,11,1,3,1,1,1,0,0,0,0,-94,0,6,1,17714569,0,82,0,0,17.715,384,[84 -64 4 0 0 0 0 0 0 0 0 0 18 3 24 5 20 -1 26 3 21 5 16 4 17 5 23 1 22 5 23 4 23 3 18 6 20 6 22 6 19 6 19 4 21 10 17 2 18 5 17 8 17 9 16 5 15 10 20 9 21 2 18 4 0 3 17 3 16 4 18 9 12 0 16 6 20 -1 20 3 16 3 16 0 19 3 17 -2 15 4 15 3 19 -3 18 -3 21 5 16 0 14 -1 16 -3 12 3 17 -1 18 1 17 -5 13 -6 15 1 16 2 -3 4 0 0 0 0 0 0 0 0 ]
CSI_DATA,AP,68:FE:71:12:53:8C,-44,11,1,3,1,1,1,0,0,0,0,-95,0,6,1,17802813,0,84,0,0,17.803,384,[84 -64 4 0 0 0 0 0 0 0 0 0 -15 7 -19 7 -16 2 -24 4 -24 8 -16 1 -20 4 -20 2 -23 1 -16 -3 -16 -1 -22 3 -21 -3 -17 3 -18 -3 -23 3 -15 2 -15 -1 -21 -1 -21 0 -17 -1 -18 -2 -15 3 -16 0 -17 -5 -14 1 4 -3 -15 4 -20 0 -19 -3 -16 2 -13 4 -18 1 -14 5 -17 3 -15 1 -18 4 -15 4 -17 7 -15 1 -15 4 -14 4 -15 6 -13 1 -16 3 -20 2 -13 5 -11 6 -13 3 -12 5 -16 6 -19 6 -13 6 -4 -2 0 0 0 0 0 0 0 0 ]
CSI_DATA,AP,68:FE:71:12:53:8C,-46,11,1,4,1,1,1,0,0,0,0,-96,0,6,1,17893207,0,84,0,0,17.893,384,[84 -64 4 0 0 0 0 0 0 0 0 0 -38 18 -32 18 -41 11 -38 12 -36 9 -38 11 -35 6 -42 11 -37 7 -38 7 -36 9 -33 3 -40 2 -33 9 -32 0 -33 7 -33 4 -34 5 -34 1 -32 6 -35 -1 -29 -1 -35 4 -28 2 -34 2 -33 3 4 -1 -28 2 -30 9 -34 5 -34 5 -35 6 -27 11 -29 10 -33 3 -32 9 -26 6 -26 9 -28 14 -31 12 -32 9 -25 8 -30 12 -31 15 -29 13 -24 9 -27 18 -24 17 -26 15 -30 15 -26 17 -25 13 -27 16 -2 4 0 0 0 0 0 0 0 0 ]
CSI_DATA,AP,68:FE:71:12:53:8C,-50,11,1,2,1,1,1,0,0,0,0,-95,0,6,1,18007351,0,84,0,0,18.007,384,[84 -64 4 0 0 0 0 0 0 0 0 0 16 -6 14 -11 21 -5 22 -2 20 -10 20 -3 23 -8 23 0 21 -7 22 0 16 -4 22 -4 22 2 21 0 18 -5 20 -2 18 0 20 0 13 -4 19 -5 19 0 18 0 18 2 17 -5 12 -3 15 0 -3 -1 18 -4 12 -1 16 -2 19 -4 11 -7 18 -1 16 -2 12 -7 15 -3 11 -6 14 -9 18 -8 16 -2 11 -9 14 -4 11 -9 17 -11 17 -11 15 -3 14 -7 16 -4 17 -10 11 -4 9 -6 12 -11 13 -12 -1 3 0 0 0 0 0 0 0 0 ]
CSI_DATA,AP,68:FE:71:12:53:8C,-49,11,1,1,1,1,1,0,0,0,0,-94,0,6,1,18116959,0,84,0,0,18.117,384,[84 -64 4 0 0 0 0 0 0 0 0 0 -12 12 -18 14 -14 14 -12 11 -18 12 -11 11 -13 4 -13 6 -17 5 -11 10 -16 4 -11 4 -11 6 -17 6 -16 9 -12 6 -13 8 -13 8 -18 9 -12 9 -10 3 -12 9 -14 8 -17 6 -13 3 -13 6 0 3 -11 9 -13 3 -8 4 -8 6 -9 6 -13 9 -8 5 -15 2 -12 6 -11 8 -9 3 -7 2 -12 4 -12 3 -7 8 -11 11 -10 8 -10 11 -6 6 -6 11 -12 5 -14 4 -8 11 -12 11 -7 6 -8 5 -1 1 0 0 0 0 0 0 0 0 ]
CSI_DATA,AP,68:FE:71:12:53:8C,-47,11,1,3,1,1,1,0,0,0,0,-95,0,6,1,18210759,0,84,0,0,18.211,384,[84 -64 4 0 0 0 0 0 0 0 0 0 -15 -10 -22 -8 -19 -7 -18 -8 -18 -8 -16 -14 -21 -14 -20 -12 -14 -16 -14 -9 -20 -10 -14 -17 -14 -9 -16 -10 -13 -12 -14 -13 -17 -13 -15 -17 -11 -12 -9 -15 -10 -11 -12 -13 -11 -14 -10 -12 -14 -15 -16 -17 2 3 -12 -15 -10 -10 -17 -11 -11 -13 -13 -11 -14 -16 -12 -13 -10 -8 -10 -11 -18 -12 -11 -12 -18 -12 -12 -11 -18 -6 -13 -9 -18 -13 -15 -11 -17 -3 -18 -5 -14 -4 -14 -6 -17 -9 -17 -11 -19 -3 -12 -6 -19 -2 3 -1 0 0 0 0 0 0 0 0 ]
CSI_DATA,AP,68:FE:71:12:53:8C,-45,11,1,4,1,1,1,0,0,0,0,-96,0,6,1,18298699,0,84,0,0,18.299,384,[84 -64 4 0 0 0 0 0 0 0 0 0 7 15 10 16 4 20 9 18 9 24 1 17 3 17 6 15 -1 22 -1 19 3 16 4 23 3 23 0 21 3 22 -3 15 2 20 0 21 3 19 5 17 2 19 1 22 4 15 5 15 4 17 0 19 4 3 4 13 0 17 7 18 2 14 5 15 0 16 5 17 8 12 3 16 3 18 4 13 3 10 6 15 2 10 9 13 6 14 4 18 10 10 9 10 5 10 10 16 9 10 9 17 10 16 12 14 8 9 1 -3 0 0 0 0 0 0 0 0 ]
CSI_DATA,AP,68:FE:71:12:53:8C,-45,11,1,5,1,1,1,0,0,0,0,-93,0,6,1,18396017,0,84,0,0,18.396,384,[84 -64 4 0 0 0 0 0 0 0 0 0 -10 20 -17 15 -19 20 -19 14 -14 20 -12 10 -17 12 -17 17 -17 17 -19 17 -22 12 -22 9 -20 11 -22 7 -19 15 -19 16 -17 13 -19 10 -20 12 -14 9 -14 14 -14 8 -18 12 -20 14 -18 7 -16 8 -2 2 -15 9 -17 9 -15 9 -10 11 -18 14 -10 9 -10 12 -11 10 -15 12 -10 15 -13 11 -15 8 -8 13 -10 12 -9 11 -9 12 -8 17 -12 10 -13 13 -7 14 -10 17 -10 12 -5 15 -13 17 -12 11 -5 16 1 2 0 0 0 0 0 0 0 0 ]
CSI_DATA,AP,68:FE:71:12:53:8C,-40,11,1,6,1,1,1,0,0,0,0,-94,0,6,1,18511405,0,84,0,0,18.511,384,[84 -64 4 0 0 0 0 0 0 0 0 0 11 -18 8 -16 11 -17 18 -22 12 -19 15 -14 18 -19 14 -15 14 -15 18 -12 13 -16 17 -17 18 -12 17 -18 12 -16 20 -11 15 -14 12 -12 16 -13 15 -15 16 -16 18 -15 14 -8 11 -13 14 -10 11 -9 -4 -3 15 -8 11 -15 17 -14 16 -18 15 -15 12 -9 15 -12 13 -10 8 -14 12 -13 13 -16 10 -11 9 -12 11 -19 8 -16 11 -12 8 -20 13 -17 7 -13 9 -16 11 -18 10 -18 11 -18 3 -17 9 -16 6 -15 2 2 0 0 0 0 0 0 0 0 ]
CSI_DATA,AP,68:FE:71:12:53:8C,-48,11,1,4,1,1,1,0,0,0,0,-93,0,6,1,18604152,0,84,0,0,18.604,384,[84 -64 4 0 0 0 0 0 0 0 0 0 -10 25 -8 18 -7 18 -6 19 -8 20 -13 23 -10 15 -8 22 -9 14 -15 19 -12 19 -9 22 -15 17 -16 15 -12 18 -13 19 -10 15 -9 13 -9 19 -7 19 -12 16 -10 15 -10 17 -8 13 -7 14 -11 18 0 2 -12 15 -8 12 -10 16 -4 11 -5 11 -7 12 -12 17 -7 17 -11 13 -11 14 -11 17 -4 14 -11 12 -7 18 -10 19 -5 18 -9 19 -1 13 -6 14 -4 20 -8 14 -7 20 -4 17 -7 20 -5 16 -1 20 3 1 0 0 0 0 0 0 0 0 ]
CSI_DATA,AP,68:FE:71:12:53:8C,-43,11,1,4,1,1,1,1,0,0,0,-95,3,6,1,18718313,0,84,0,0,18.718,384,[84 -64 4 0 0 0 0 0 0 0 0 0 18 4 18 12 22 12 24 9 16 9 19 8 19 8 16 9 18 12 13 8 19 15 12 9 13 16 15 10 12 12 12 9 15 10 11 16 18 15 18 11 11 11 14 13 13 9 11 8 16 16 13 10 -4 -3 10 12 16 13 13 7 18 11 11 10 16 5 18 8 18 9 13 7 18 9 20 6 12 7 13 5 11 8 18 4 18 2 17 2 12 5 13 2 15 0 16 6 14 2 18 3 13 5 14 6 18 6 -4 4 0 0 0 0 0 0 0 0 ]
CSI_DATA,AP,68:FE:71:12:53:8C,-50,11,1,1,1,1,1,0,0,0,0,-94,0,6,1,18813077,0,84,0,0,18.813,384,[84 -64 4 0 0 0 0 0 0 0 0 0 22 10 19 10 20 14 19 9 18 16 18 12 15 11 18 13 15 14 18 19 14 13 18 14 11 19 12 17 16 11 17 15 10 18 10 14 11 17 14 14 10 17 8 11 10 18 16 13 11 13 10 17 4 -4 12 11 16 14 12 11 12 14 9 12 15 9 8 11 13 15 17 9 13 12 13 14 13 6 9 10 9 6 12 6 10 10 12 10 15 10 18 9 18 8 18 7 16 9 19 12 19 10 15 4 18 10 1 0 0 0 0 0 0 0 0 0 ]
CSI_DATA,AP,68:FE:71:12:53:8C,-44,11,0,0,0,0,0,0,0,0,0,-95,0,6,1,18910195,0,37,0,0,18.91,128,[84 -64 4 0 0 0 0 0 0 0 0 0 8 -24 13 -23 11 -20 8 -21 10 -15 11 -17 16 -16 16 -20 17 -16 10 -19 17 -13 12 -17 17 -13 13 -17 10 -11 17 -12 12 -12 16 -12 12 -15 14 -12 16 -10 16 -14 10 -16 14 -9 13 -15 11 -16 -2 -3 11 -13 10 -18 8 -11 12 -17 15 -13 15 -16 14 -14 9 -12 11 -10 13 -14 12 -19 6 -11 4 -15 6 -17 12 -16 7 -17 5 -14 6 -12 7 -18 8 -15 7 -19 4 -17 5 -19 4 -20 4 -15 4 -16 1 -2 0 0 0 0 0 0 0 0 ]
CSI_DATA,AP,68:FE:71:12:53:8C,-39,11,1,5,1,1,1,1,0,0,0,-94,1,6,1,19005319,0,84,0,0,19.005,384,[84 -64 4 0 0 0 0 0 0 0 0 0 21 -4 16 -10 21 -10 24 -8 24 -8 22 -3 22 -2 15 2 19 -3 16 -4 19 1 21 -3 17 -4 16 3 20 1 16 -1 21 -1 18 -4 19 3 18 2 20 0 18 0 20 2 14 2 15 1 20 -1 2 3 14 0 17 0 15 3 17 -1 13 -5 18 -3 19 -1 19 -7 14 -6 16 -7 18 -4 16 0 17 0 18 -1 19 -6 11 -7 13 -10 13 -10 14 -5 12 -10 14 -10 12 -4 11 -4 15 -8 18 -6 10 -5 2 3 0 0 0 0 0 0 0 0 ]
CSI_DATA,AP,68:FE:71:12:53:8C,-45,11,1,3,1,1,1,0,0,0,0,-94,0,6,1,19091903,0,84,0,0,19.092,384,[84 -64 4 0 0 0 0 0 0 0 0 0 -9 -18 -10 -17 -11 -20 -14 -23 -13 -17 -11 -23 -6 -20 -4 -18 -10 -24 -9 -19 -4 -23 -4 -20 -8 -24 -4 -23 -9 -19 -3 -16 -4 -22 -7 -21 -8 -18 -5 -14 -7 -18 -3 -15 -7 -18 -1 -17 -5 -15 0 -21 0 -3 -4 -13 -6 -13 -3 -18 -3 -17 -4 -16 -5 -14 -8 -16 -5 -13 -7 -16 -8 -14 -4 -13 -7 -14 -10 -15 -11 -19 -5 -13 -12 -17 -9 -12 -11 -15 -13 -12 -13 -12 -14 -13 -7 -14 -9 -11 -10 -13 -10 -18 -6 -12 -2 1 0 0 0 0 0 0 0 0 ]
CSI_DATA,AP,68:FE:71:12:53:8C,-48,11,1,5,1,1,1,0,0,0,0,-93,0,6,1,19182416,0,84,0,0,19.182,384,[84 -64 4 0 0 0 0 0 0 0 0 0 20 12 15 11 17 17 12 19 14 15 14 13 12 19 10 11 15 16 14 12 8 20 15 19 6 17 11 18 7 13 13 17 12 14 4 12 9 16 9 17 4 15 8 19 9 13 7 12 6 15 7 11 4 -3 4 16 6 13 6 14 9 14 8 10 6 11 7 9 12 10 9 8 7 13 8 7 6 10 7 14 10 9 15 9 11 15 14 10 15 11 15 12 10 6 9 13 9 11 11 11 16 14 12 10 17 11 4 -4 0 0 0 0 0 0 0 0 ]
CSI_DATA,AP,68:FE:71:12:53:8C,-43,11,0,0,0,0,0,0,0,0,0,-94,0,6,1,19268978,0,37,0,0,19.269,128,[84 -64 4 0 0 0 0 0 0 0 0 0 -7 20 -13 18 -11 15 -8 23 -11 17 -11 18 -13 18 -11 12 -13 20 -16 19 -16 18 -10 13 -14 19 -17 12 -16 15 -10 14 -14 10 -16 15 -15 11 -15 11 -16 13 -16 18 -8 15 -13 10 -12 10 -11 9 -4 -4 -9 14 -15 13 -7 17 -10 14 -5 15 -7 18 -8 10 -11 13 -10 11 -9 12 -4 11 -6 10 -2 17 -3 11 -5 16 -6 15 -4 14 -6 11 -4 11 -8 16 -2 19 -7 16 -8 12 1 16 -7 11 0 16 2 -2 0 0 0 0 0 0 0 0 ]
CSI_DATA,AP,68:FE:71:12:53:8C,-42,11,1,5,1,1,1,0,0,0,0,-93,0,6,1,19380522,0,84,0,0,19.381,384,[84 -64 4 0 0 0 0 0 0 0 0 0 -22 -8 -22 -5 -21 -5 -21 -4 -21 -11 -19 -4 -22 -11 -14 -11 -21 -7 -22 -10 -17 -14 -20 -12 -19 -7 -15 -14 -14 -8 -18 -12 -19 -10 -18 -7 -20 -10 -15 -12 -18 -14 -14 -10 -13 -11 -17 -9 -18 -13 -13 -6 -3 -4 -15 -13 -16 -6 -19 -9 -21 -6 -18 -7 -19 -9 -19 -6 -16 -4 -13 -3 -20 -9 -15 -2 -18 -5 -16 -8 -20 -3 -19 -4 -20 -4 -16 -9 -20 -6 -20 -1 -14 0 -17 -1 -20 -7 -20 1 -16 1 -14 -2 -15 0 2 1 0 0 0 0 0 0 0 0 ]
CSI_DATA,AP,68:FE:71:12:53:8C,-47,11,1,5,1,1,1,0,0,0,0,-95,0,6,1,19492737,0,84,0,0,19.493,384,[84 -64 4 0 0 0 0 0 0 0 0 0 7 22 9 21 7 18 9 23 6 21 4 19 3 15 5 22 5 15 6 23 5 16 3 21 5 15 7 17 -1 16 3 21 -2 17 3 21 4 19 -1 21 4 19 -2 15 3 17 -2 14 4 22 0 13 -3 -2 1 20 1 14 6 21 1 14 2 18 8 20 3 20 6 18 8 16 8 17 6 13 9 10 10 18 11 16 9 13 7 12 6 14 4 12 8 12 8 9 8 13 7 18 9 9 9 15 8 10 11 17 -2 4 0 0 0 0 0 0 0 0 ]
CSI_DATA,AP,68:FE:71:12:53:8C,-43,11,1,4,1,1,1,0,0,0,0,-94,0,6,1,19570808,0,84,0,0,19.571,384,[84 -64 4 0 0 0 0 0 0 0 0 0 -13 13 -16 11 -18 13 -18 19 -19 17 -13 17 -20 10 -21 8 -14 13 -13 12 -16 14 -20 11 -21 7 -20 7 -19 9 -18 9 -13 6 -12 9 -13 11 -14 13 -14 9 -19 10 -19 4 -17 6 -13 12 -14 10 -2 4 -17 5 -19 8 -12 9 -12 9 -13 12 -16 6 -10 8 -16 14 -12 6 -13 11 -9 15 -14 9 -16 9 -10 14 -9 8 -10 9 -14 12 -10 9 -15 16 -13 14 -11 9 -10 10 -7 14 -7 16 -14 15 -13 16 2 -1 0 0 0 0 0 0 0 0 ]
CSI_DATA,AP,68:FE:71:12:53:8C,-49,11,1,2,1,1,1,0,0,0,1,-94,0,6,1,19678369,0,84,0,0,19.678,384,[84 -64 4 0 0 0 0 0 0 0 0 0 7 -20 1 -21 8 -25 11 -19 6 -21 5 -18 5 -15 8 -16 6 -17 14 -22 11 -23 8 -21 11 -14 7 -14 8 -19 8 -21 7 -12 10 -18 12 -18 9 -14 9 -13 10 -13 6 -16 9 -19 11 -15 13 -13 1 3 14 -19 10 -14 11 -18 7 -11 5 -17 7 -12 9 -16 8 -11 4 -12 2 -15 3 -17 7 -14 9 -19 8 -17 7 -12 9 -20 4 -13 1 -16 5 -13 8 -14 5 -19 1 -19 6 -20 6 -21 6 -14 1 -13 4 2 0 0 0 0 0 0 0 0 ]
CSI_DATA,AP,68:FE:71:12:53:8C,-50,11,1,2,1,1,1,0,0,0,0,-94,0,6,1,19782465,0,84,0,0,19.782,384,[84 -64 4 0 0 0 0 0 0 0 0 0 3 17 3 20 -1 24 -3 21 -3 18 -3 19 -3 15 -5 17 -2 21 -6 14 -3 19 -6 19 -8 21 -9 18 -3 18 -1 21 -4 16 -1 16 -3 17 -6 13 -5 16 -5 12 -6 13 -7 13 -1 15 -4 15 -2 4 -3 20 -4 15 -6 14 -4 15 1 19 1 20 -1 21 2 13 3 14 2 16 0 19 3 15 2 17 3 15 -1 17 5 19 -1 16 6 14 -1 18 0 18 1 17 1 17 1 13 4 14 0 11 8 13 4 2 0 0 0 0 0 0 0 0 ]
CSI_DATA,AP,68:FE:71:12:53:8C,-44,11,1,3,1,1,1,0,0,0,0,-95,0,6,1,19892875,0,82,0,0,19.893,384,[84 -64 4 0 0 0 0 0 0 0 0 0 -21 10 -20 3 -21 8 -19 7 -21 2 -20 5 -20 7 -24 6 -19 5 -20 1 -20 1 -24 2 -18 4 -19 -2 -17 0 -19 -2 -17 -4 -18 -1 -21 -4 -17 -4 -23 4 -22 4 -18 -1 -17 -4 -17 0 -22 -3 -3 1 -18 4 -21 5 -16 -1 -15 2 -14 5 -16 -1 -19 -1 -12 2 -19 6 -12 4 -15 8 -19 1 -13 8 -13 5 -15 1 -21 4 -16 2 -17 8 -15 2 -11 8 -16 9 -20 8 -12 11 -15 7 -15 6 -13 6 1 -4 0 0 0 0 0 0 0 0 ]
CSI_DATA,AP,68:FE:71:12:53:8C,-47,11,1,4,1,1,1,0,0,0,0,-95,0,6,1,20003398,0,84,0,0,20.003,384,[84 -64 4 0 0 0 0 0 0 0 0 0 11 15 8 20 10 21 11 18 7 15 11 15 4 22 9 13 2 21 8 17 8 23 4 23 9 19 6 23 7 18 1 19 2 22 0 17 3 16 5 18 0 19 5 15 1 17 8 16 8 15 0 18 2 4 8 15 2 17 8 16 9 15 2 14 2 14 10 15 5 16 5 10 6 15 10 12 5 17 9 10 6 15 4 12 12 11 10 11 12 16 6 10 6 9 4 11 11 12 11 17 8 15 13 11 6 10 0 0 0 0 0 0 0 0 0 0 ]
CSI_DATA,AP,68:FE:71:12:53:8C,-45,11,1,4,1,1,1,0,0,0,0,-93,0,6,1,20100049,0,82,0,0,20.1,384,[84 -64 4 0 0 0 0 0 0 0 0 0 -24 2 -16 -1 -23 -2 -25 -4 -19 -6 -19 -4 -19 -6 -21 -7 -21 -9 -17 -10 -18 -3 -15 -5 -17 -4 -15 -8 -20 -5 -16 -8 -15 -11 -17 -4 -17 -3 -20 -8 -13 -7 -20 -6 -19 -8 -12 -7 -15 -4 -13 -6 -4 2 -12 -8 -13 -2 -19 -3 -17 -8 -17 -3 -13 -3 -12 -6 -11 -7 -16 -3 -17 0 -16 -5 -19 0 -14 -2 -17 1 -17 -4 -15 -5 -15 -1 -20 0 -11 2 -12 4 -13 -1 -12 -2 -18 2 -14 1 -20 1 -13 -3 0 -2 0 0 0 0 0 0 0 0 ]
CSI_DATA,AP,68:FE:71:12:53:8C,-45,11,1,4,1,1,1,0,0,0,0,-93,0,6,1,20176679,0,84,0,0,20.177,384,[84 -64 4 0 0 0 0 0 0 0 0 0 14 7 19 7 16 11 14 13 20 14 15 12 13 7 18 13 13 11 17 8 11 11 16 14 12 8 18 13 10 9 17 12 9 14 14 9 8 10 11 16 11 7 11 7 15 11 11 15 9 10 16 12 3 -4 10 12 15 14 15 10 14 6 16 8 10 8 8 11 16 4 11 10 14 4 10 6 9 7 10 8 12 7 15 2 17 5 19 1 18 2 15 6 10 7 16 5 18 7 15 1 17 3 12 3 14 2 2 1 0 0 0 0 0 0 0 0 ]
CSI_DATA,AP,68:FE:71:12:53:8C,-47,11,1,5,1,1,1,0,0,0,0,-95,0,6,1,20281834,0,84,0,0,20.282,384,[84 -64 4 0 0 0 0 0 0 0 0 0 1 -17 0 -19 -1 -18 3 -23 3 -15 2 -20 2 -17 0 -19 6 -15 0 -18 4 -23 3 -20 2 -16 8 -22 8 -22 6 -23 1 -16 0 -18 7 -18 1 -20 7 -19 1 -17 7 -17 2 -19 7 -14 1 -19 -3 4 1 -18 5 -19 7 -19 3 -17 5 -12 -3 -17 5 -19 -2 -13 0 -18 4 -15 0 -15 -3 -20 -5 -18 -4 -15 3 -12 -6 -14 2 -14 2 -15 -4 -14 -7 -14 0 -20 -6 -14 -4 -15 -4 -14 -6 -12 -2 -17 3 -4 0 0 0 0 0 0 0 0 ]
CSI_DATA,AP,68:FE:71:12:53:8C,-41,11,1,4,1,1,1,0,0,0,0,-95,0,6,1,20382318,0,84,0,0,20.382,384,[84 -64 4 0 0 0 0 0 0 0 0 0 -7 16 -13 21 -14 21 -11 21 -14 18 -8 15 -13 16 -10 12 -17 13 -12 19 -16 18 -11 17 -15 11 -16 14 -14 10 -15 12 -10 14 -11 11 -11 12 -14 13 -13 8 -10 10 -11 8 -13 12 -15 13 -14 9 1 3 -15 16 -16 12 -11 16 -11 14 -12 8 -11 12 -12 8 -10 15 -12 12 -9 10 -6 10 -9 13 -5 14 -7 13 -5 16 -7 12 -12 14 -8 16 -5 15 -4 14 -6 17 -10 15 -5 14 -5 15 -6 15 -5 18 0 -1 0 0 0 0 0 0 0 0 ]
CSI_DATA,AP,68:FE:71:12:53:8C,-46,11,1,5,1,1,1,0,0,0,0,-95,0,6,1,20472626,0,84,0,0,20.473,384,[84 -64 4 0 0 0 0 0 0 0 0 0 -10 -2 -16 -4 -9 -1 -16 -5 -16 -9 -16 -2 -8 -5 -13 -8 -16 -10 -14 -7 -15 -8 -15 -7 -12 -6 -11 -4 -9 -10 -14 -7 -7 -9 -6 -6 -7 -9 -7 -9 -7 -3 -8 -5 -12 -8 -10 -4 -11 -2 -14 -9 2 4 -9 -1 -8 -8 -14 -6 -9 -4 -10 -3 -5 -4 -8 -8 -6 -1 -12 -7 -9 -3 -6 -3 -11 -5 -12 -4 -10 -2 -12 -7 -6 -1 -10 -4 -6 4 -12 2 -12 -2 -10 2 -9 1 -8 -3 -12 0 -9 1 -10 3 0 4 0 0 0 0 0 0 0 0 ]
CSI_DATA,AP,68:FE:71:12:53:8C,-45,11,1,4,1,1,1,0,0,0,0,-95,0,6,1,20554904,0,84,0,0,20.555,384,[84 -64 4 0 0 0 0 0 0 0 0 0 1 -16 3 -19 6 -22 2 -19 3 -19 2 -14 7 -21 6 -13 9 -19 3 -12 9 -21 2 -14 6 -16 9 -17 10 -15 6 -14 10 -14 10 -15 3 -13 3 -16 3 -10 8 -15 7 -8 7 -17 4 -17 3 -17 3 4 9 -16 8 -11 6 -14 0 -13 2 -10 7 -14 8 -15 5 -14 6 -18 0 -17 1 -11 1 -9 -1 -15 0 -14 1 -18 2 -19 -3 -17 -2 -16 0 -12 -4 -18 -3 -15 1 -10 4 -16 -2 -18 2 -11 -2 -10 -2 -4 0 0 0 0 0 0 0 0 ]
CSI_DATA,AP,68:FE:71:12:53:8C,-45,11,1,4,1,1,1,0,0,0,0,-96,0,6,1,20658358,0,84,0,0,20.658,384,[84 -64 4 0 0 0 0 0 0 0 0 0 7 -15 6 -9 8 -14 6 -12 14 -15 12 -14 6 -14 8 -13 7 -13 7 -6 12 -12 10 -5 12 -5 8 -10 14 -10 7 -11 6 -12 6 -8 10 -3 9 -11 10 -5 8 -10 13 -6 6 -7 12 -8 10 -10 2 -2 6 -5 7 -6 7 -4 10 -8 9 -3 8 -9 7 -5 8 -9 2 -13 7 -10 5 -6 11 -6 5 -5 3 -12 10 -9 10 -10 9 -8 5 -10 4 -11 6 -13 5 -5 9 -11 7 -13 4 -14 1 -11 6 -9 1 -3 0 0 0 0 0 0 0 0 ]
CSI_DATA,AP,68:FE:71:12:53:8C,-43,11,1,5,1,1,1,0,0,0,0,-95,0,6,1,20760012,0,84,0,0,20.76,384,[84 -64 4 0 0 0 0 0 0 0 0 0 13 -4 17 -5 19 -3 14 -7 17 -5 16 -1 17 -6 20 2 17 -6 19 1 18 3 22 -4 20 -5 16 3 19 4 20 0 17 1 17 -4 16 -3 14 3 15 3 17 0 11 -3 14 -3 16 -3 19 -4 4 -4 18 -3 12 -4 10 -3 12 -3 15 -4 15 -5 14 -1 17 -7 9 -3 12 -4 13 -8 11 0 11 -7 8 -6 13 -5 10 -4 17 -4 16 -3 13 -7 8 -6 13 -6 9 -4 12 -10 17 -11 12 -3 16 -7 4 4 0 0 0 0 0 0 0 0 ]
CSI_DATA,AP,68:FE:71:12:53:8C,-43,11,0,0,0,0,0,0,0,0,0,-93,0,6,1,20868055,0,37,0,0,20.868,128,[84 -64 4 0 0 0 0 0 0 0 0 0 14 -23 18 -23 17 -20 16 -20 12 -20 16 -13 17 -17 16 -11 17 -18 14 -19 15 -18 20 -12 16 -16 16 -12 17 -11 20 -14 21 -14 19 -16 19 -15 22 -13 16 -15 18 -15 20 -9 21 -14 19 -11 19 -13 1 -2 18 -12 19 -14 19 -12 15 -11 21 -14 13 -16 17 -18 19 -16 19 -15 18 -15 17 -20 16 -14 14 -16 11 -13 17 -13 18 -17 10 -19 15 -17 18 -19 12 -19 10 -13 17 -21 10 -18 15 -20 9 -20 11 -21 1 2 0 0 0 0 0 0 0 0 ]
CSI_DATA,AP,68:FE:71:12:53:8C,-48,11,1,4,1,1,1,0,0,0,0,-93,0,6,1,20966175,0,84,0,0,20.966,384,[84 -64 4 0 0 0 0 0 0 0 0 0 -6 -17 -4 -21 -2 -26 -4 -23 2 -19 -2 -23 4 -18 5 -22 0 -23 2 -24 4 -18 2 -22 4 -25 7 -22 0 -14 3 -20 3 -18 5 -14 6 -21 7 -18 8 -17 6 -19 5 -13 4 -19 6 -17 0 -16 3 2 8 -19 1 -19 0 -20 -1 -21 1 -12 4 -16 2 -15 -1 -20 5 -13 4 -17 -2 -18 1 -17 3 -16 -1 -17 -1 -13 -4 -14 -2 -15 -4 -15 -1 -13 -4 -12 0 -12 1 -15 0 -16 -1 -13 -2 -18 -1 -13 -1 3 0 0 0 0 0 0 0 0 ]
CSI_DATA,AP,68:FE:71:12:53:8C,-45,11,1,4,1,1,1,1,0,0,0,-95,3,6,1,21051185,0,84,0,0,21.051,384,[84 -64 4 0 0 0 0 0 0 0 0 0 -15 -17 -12 -16 -15 -16 -8 -16 -9 -18 -7 -19 -11 -12 -9 -16 -4 -17 -10 -15 -7 -16 -6 -18 -7 -13 -2 -10 -2 -9 -4 -15 -8 -16 -7 -9 -3 -12 -6 -10 -3 -13 -4 -7 -5 -10 -2 -7 -6 -13 -9 -9 -4 -2 -8 -11 -9 -13 -6 -13 -6 -12 -10 -11 -12 -8 -6 -5 -12 -7 -10 -6 -9 -9 -5 -6 -10 -3 -5 -4 -7 -9 -12 -6 -11 -8 -12 -3 -8 -4 -14 -2 -14 -5 -11 -1 -7 -2 -11 -6 -9 -8 -8 -2 -12 -4 4 2 0 0 0 0 0 0 0 0 ]
CSI_DATA,AP,68:FE:71:12:53:8C,-47,11,1,4,1,1,1,0,0,0,0,-95,0,6,1,21168372,0,84,0,0,21.168,384,[84 -64 4 0 0 0 0 0 0 0 0 0 -14 15 -19 10 -21 16 -22 9 -17 13 -22 3 -18 9 -14 5 -21 3 -20 7 -20 8 -20 2 -12 8 -14 6 -17 6 -10 2 -16 2 -9 5 -8 2 -15 3 -13 5 -10 1 -7 4 -14 7 -12 9 -9 7 -2 -1 -12 3 -7 3 -10 4 -12 5 -11 7 -5 6 -10 2 -7 4 -11 11 -7 5 -5 4 -7 7 -8 6 -8 12 -3 5 -2 6 -9 10 -8 7 -3 7 -4 13 -1 8 -5 12 -4 12 -2 13 0 10 -2 7 -3 2 0 0 0 0 0 0 0 0 ]
CSI_DATA,AP,68:FE:71:12:53:8C,-47,11,1,3,1,1,1,0,0,0,0,-95,0,6,1,21301632,0,84,0,0,21.302,384,[84 -64 4 0 0 0 0 0 0 0 0 0 -18 18 -17 15 -24 16 -24 17 -21 17 -25 16 -22 11 -23 16 -22 8 -23 13 -16 7 -18 13 -17 12 -20 7 -21 5 -20 12 -16 7 -16 12 -12 4 -10 12 -11 12 -10 6 -10 6 -9 13 -14 8 -12 6 4 4 -11 12 -15 7 -13 12 -12 6 -9 6 -5 6 -9 11 -11 11 -8 14 -8 12 -8 10 -4 13 -6 12 -5 16 -5 9 -4 10 -7 9 -3 17 -9 9 0 10 -6 16 -9 15 -1 12 -5 18 -6 16 -7 13 2 1 0 0 0 0 0 0 0 0 ]
CSI_DATA,AP,68:FE:71:12:53:8C,-41,11,1,6,1,1,1,0,0,0,0,-94,0,6,1,21409584,0,84,0,0,21.41,384,[84 -64 4 0 0 0 0 0 0 0 0 0 5 -29 9 -27 11 -35 7 -30 12 -26 7 -25 12 -31 9 -23 11 -26 9 -26 11 -27 9 -22 9 -24 9 -22 9 -17 8 -23 12 -18 12 -20 10 -13 6 -17 9 -17 11 -19 7 -13 3 -16 10 -20 7 -18 -2 -2 3 -17 2 -16 4 -15 4 -12 0 -18 1 -17 3 -12 3 -18 1 -10 -1 -8 -4 -16 -2 -11 -7 -8 -7 -13 -3 -14 -10 -13 -10 -15 -8 -10 -5 -11 -8 -6 -8 -14 -6 -10 -7 -9 -13 -5 -7 -6 -13 -8 -1 4 0 0 0 0 0 0 0 0 ]
CSI_DATA,AP,68:FE:71:12:53:8C,-50,11,1,3,1,1,1,0,0,0,0,-93,0,6,1,21502944,0,84,0,0,21.503,384,[84 -64 4 0 0 0 0 0 0 0 0 0 2 18 1 14 -1 14 4 15 -1 19 4 20 -1 18 -2 17 1 19 -2 14 -1 16 -2 18 3 18 3 13 -5 12 1 12 -5 12 3 11 -5 17 -3 15 0 11 -2 15 -1 16 -2 15 0 18 -2 18 -1 1 -1 10 2 11 1 15 6 10 1 11 2 17 -3 20 4 18 5 13 5 14 6 18 6 17 2 14 1 15 -2 13 7 14 6 12 3 14 6 16 5 12 -2 17 2 19 2 15 6 14 -1 15 4 11 4 -2 0 0 0 0 0 0 0 0 ]
CSI_DATA,AP,68:FE:71:12:53:8C,-42,11,1,5,1,1,1,0,0,0,0,-94,0,6,1,21588873,0,84,0,0,21.589,384,[84 -64 4 0 0 0 0 0 0 0 0 0 5 2 8 -2 8 2 10 -4 8 -4 3 -3 11 -3 3 2 3 4 4 -3 7 -2 5 3 5 -2 9 -1 8 -2 3 -2 2 2 8 2 10 -1 3 -2 2 0 9 1 9 -3 10 0 4 -2 10 4 4 2 4 -3 8 3 4 2 10 3 8 -3 8 -5 5 0 9 -3 9 -5 4 0 10 -2 8 -1 8 -1 9 -1 10 0 3 -4 11 2 3 -6 7 1 2 3 9 1 7 -2 7 1 7 -1 7 1 4 -6 -3 3 0 0 0 0 0 0 0 0 ]
CSI_DATA,AP,68:FE:71:12:53:8C,-45,11,1,4,1,1,1,0,0,0,0,-95,0,6,1,21669465,0,84,0,0,21.669,384,[84 -64 4 0 0 0 0 0 0 0 0 0 6 -18 6 -17 1 -20 6 -17 8 -21 7 -21 7 -20 9 -20 3 -14 5 -15 6 -19 7 -18 10 -18 4 -12 5 -13 11 -17 5 -18 8 -15 9 -10 4 -15 10 -17 12 -15 5 -9 8 -17 5 -14 5 -15 1 4 7 -11 3 -14 2 -13 5 -15 3 -10 7 -14 9 -18 3 -15 8 -15 3 -15 6 -14 5 -15 7 -13 7 -10 0 -15 -2 -11 1 -11 -1 -11 0 -15 0 -13 6 -10 -1 -19 -4 -14 4 -17 -2 -16 -3 -15 0 2 0 0 0 0 0 0 0 0 ]
CSI_DATA,AP,68:FE:71:12:53:8C,-47,11,1,4,1,1,1,0,0,0,0,-93,0,6,1,21776682,0,82,0,0,21.777,384,[84 -64 4 0 0 0 0 0 0 0 0 0 12 -17 13 -13 9 -17 15 -17 12 -11 16 -10 17 -11 17 -8 19 -8 19 -15 16 -14 16 -13 20 -8 16 -10 14 -6 22 -9 18 -14 17 -12 17 -10 14 -8 19 -9 19 -11 18 -4 17 -8 21 -9 15 -11 -3 1 18 -11 21 -12 15 -8 14 -14 15 -6 14 -14 16 -15 14 -12 18 -14 18 -10 12 -9 16 -14 16 -9 15 -12 12 -16 16 -14 14 -10 18 -15 15 -17 16 -14 14 -18 10 -16 11 -17 10 -20 12 -14 13 -17 -1 -3 0 0 0 0 0 0 0 0 ]
CSI_DATA,AP,68:FE:71:12:53:8C,-45,11,1,4,1,1,1,0,0,0,0,-93,0,6,1,21886379,0,84,0,0,21.886,384,[84 -64 4 0 0 0 0 0 0 0 0 0 5 -16 4 -14 -1 -16 3 -15 -1 -15 1 -18 1 -22 8 -19 8 -23 7 -21 9 -18 3 -17 4 -18 10 -16 7 -15 9 -24 11 -15 7 -20 8 -20 4 -17 7 -21 10 -21 9 -16 11 -19 7 -17 9 -22 -3 -3 10 -20 7 -21 5 -16 8 -17 11 -22 5 -15 11 -22 4 -15 5 -19 2 -18 5 -22 8 -22 6 -15 7 -15 6 -14 1 -20 5 -22 0 -17 -1 -21 5 -17 5 -15 -2 -17 0 -15 1 -22 -1 -22 -4 -15 -3 2 0 0 0 0 0 0 0 0 ]
CSI_DATA,AP,68:FE:71:12:53:8C,-43,11,1,4,1,1,1,0,0,0,0,-94,0,6,1,21976131,0,84,0,0,21.976,384,[84 -64 4 0 0 0 0 0 0 0 0 0 3 9 6 15 3 18 1 16 3 11 1 16 4 11 3 14 1 17 5 10 -4 10 3 9 1 10 0 17 -3 13 2 12 -1 12 -4 13 2 11 -5 15 -1 15 0 7 -2 13 2 11 -1 16 -4 9 -1 0 3 11 5 15 5 12 2 13 -2 14 2 11 -1 9 0 14 2 13 0 9 5 9 6 8 6 13 5 7 3 6 1 14 2 12 7 12 1 11 0 5 2 10 -1 13 1 7 7 6 -1 5 1 9 -2 2 0 0 0 0 0 0 0 0 ]
CSI_DATA,AP,68:FE:71:12:53:8C,-41,11,1,4,1,1,1,1,0,0,0,-94,5,6,1,22095307,0,84,0,0,22.095,384,[84 -64 4 0 0 0 0 0 0 0 0 0 -6 13 -7 5 -3 6 -8 9 -5 6 -11 8 -3 10 -5 6 -3 4 -5 11 -11 8 -9 11 -8 3 -6 6 -4 4 -3 5 -8 6 -8 5 -3 4 -9 8 -8 3 -3 9 -10 3 -10 9 -8 3 -5 5 -1 -4 -10 5 -2 5 -2 3 -4 9 -5 6 -3 3 -5 8 -2 2 -2 6 -4 3 -4 8 -5 10 -7 3 -5 10 -8 7 -3 7 -4 8 -7 4 -7 4 -1 6 -4 5 -3 10 -2 6 -3 9 -7 7 -5 7 -4 -2 0 0 0 0 0 0 0 0 ]
CSI_DATA,AP,68:FE:71:12:53:8C,-45,11,1,3,1,1,1,1,0,0,0,-94,1,6,1,22170617,0,84,0,0,22.171,384,[84 -64 4 0 0 0 0 0 0 0 0 0 5 15 5 13 6 16 9 21 7 14 4 18 1 19 5 13 6 21 7 21 2 14 4 22 7 18 4 15 2 20 7 22 0 20 6 18 -2 15 4 17 4 18 -1 18 6 14 0 19 3 14 3 18 -1 -4 -1 14 6 15 1 19 8 16 3 18 9 17 7 17 6 16 1 14 6 11 6 16 9 12 2 17 6 15 3 12 2 13 7 10 10 17 9 10 5 15 6 8 9 9 7 9 4 14 12 12 10 13 4 -1 0 0 0 0 0 0 0 0 ]
CSI_DATA,AP,68:FE:71:12:53:8C,-41,11,1,5,1,1,1,0,0,0,0,-93,0,6,1,22262505,0,84,0,0,22.263,384,[84 -64 4 0 0 0 0 0 0 0 0 0 -17 -16 -11 -14 -13 -12 -9 -15 -7 -18 -14 -11 -6 -12 -8 -12 -9 -13 -13 -12 -13 -15 -11 -13 -4 -12 -12 -16 -4 -18 -10 -16 -4 -12 -10 -12 -10 -14 -7 -14 -5 -17 -6 -13 -6 -16 -9 -12 -9 -12 -5 -17 2 -3 -4 -16 -4 -14 -10 -9 -10 -14 -5 -11 -5 -9 -11 -10 -7 -10 -11 -13 -7 -13 -8 -7 -9 -13 -14 -10 -14 -14 -6 -12 -12 -10 -7 -12 -9 -9 -12 -8 -15 -11 -8 -14 -13 -9 -16 -6 -10 -6 -13 -6 -14 -4 4 -3 0 0 0 0 0 0 0 0 ]
CSI_DATA,AP,68:FE:71:12:53:8C,-46,11,1,3,1,1,1,0,0,0,0,-94,0,6,1,22352875,0,84,0,0,22.353,384,[84 -64 4 0 0 0 0 0 0 0 0 0 -19 4 -17 5 -16 6 -21 1 -17 5 -18 3 -19 0 -23 1 -21 3 -18 1 -21 1 -21 -3 -22 1 -14 -4 -19 1 -21 1 -21 1 -13 -5 -13 -3 -19 -3 -19 -3 -17 -6 -12 1 -19 2 -12 2 -15 -3 -2 3 -17 2 -18 1 -14 2 -19 -3 -18 3 -14 0 -20 2 -16 1 -12 -4 -11 0 -15 -2 -11 6 -11 2 -13 -2 -11 5 -15 -1 -12 0 -11 2 -11 6 -12 6 -17 2 -13 3 -17 4 -12 2 -12 3 -14 8 -1 -1 0 0 0 0 0 0 0 0 ]
CSI_DATA,AP,68:FE:71:12:53:8C,-46,11,1,3,1,1,1,0,0,0,0,-95,0,6,1,22449689,0,84,0,0,22.45,384,[84 -64 4 0 0 0 0 0 0 0 0 0 -1 -20 -7 -23 -1 -17 -4 -24 -3 -18 -5 -19 -2 -19 2 -22 3 -18 -2 -20 -1 -18 1 -19 -2 -16 2 -14 3 -16 3 -18 1 -16 6 -17 1 -20 3 -20 -1 -19 0 -20 -1 -15 -1 -20 4 -15 -2 -14 1 -4 4 -16 1 -13 4 -13 3 -19 -2 -16 4 -15 -4 -14 -3 -17 -5 -18 -6 -13 -3 -15 0 -19 1 -15 -6 -17 -7 -11 -6 -16 0 -15 -2 -16 0 -15 0 -12 -1 -11 -3 -11 -6 -14 -3 -14 -8 -10 -1 -15 -1 4 0 0 0 0 0 0 0 0 ]
CSI_DATA,AP,68:FE:71:12:53:8C,-46,11,0,0,0,0,0,0,0,0,0,-95,0,6,1,22570047,0,37,0,0,22.57,128,[84 -64 4 0 0 0 0 0 0 0 0 0 19 -26 20 -24 24 -23 19 -24 22 -18 25 -21 25 -21 27 -13 20 -21 23 -14 30 -16 24 -18 29 -13 23 -16 18 -10 22 -19 26 -18 26 -18 20 -17 17 -14 25 -17 22 -17 22 -11 21 -15 24 -11 25 -15 1 -2 15 -18 21 -15 18 -11 18 -13 19 -17 14 -12 19 -19 17 -19 13 -21 16 -20 20 -22 11 -20 15 -15 11 -14 18 -18 11 -23 17 -21 12 -24 16 -21 10 -19 11 -18 9 -21 16 -21 11 -23 16 -19 15 -17 1 -1 0 0 0 0 0 0 0 0 ]
CSI_DATA,AP,68:FE:71:12:53:8C,-43,11,1,6,1,1,1,0,0,0,0,-94,0,6,1,22666508,0,84,0,0,22.667,384,[84 -64 4 0 0 0 0 0 0 0 0 0 36 -13 38 -13 34 -7 38 -6 42 -2 40 -3 36 -8 38 -5 37 -3 39 0 38 0 37 -3 40 3 37 1 38 6 38 5 37 1 33 -1 38 1 32 3 31 6 35 7 30 -2 36 6 32 2 31 5 -1 -3 31 4 29 -1 28 2 33 -4 34 2 32 0 36 2 30 -3 33 1 33 -8 34 -5 26 -2 27 -6 34 -4 29 -1 31 -3 30 -7 30 -12 27 -5 27 -8 29 -11 31 -10 32 -13 32 -13 28 -10 26 -9 -2 4 0 0 0 0 0 0 0 0 ]
CSI_DATA,AP,68:FE:71:12:53:8C,-49,11,1,1,1,1,1,1,0,0,0,-95,4,6,1,22789479,0,84,0,0,22.789,384,[84 -64 4 0 0 0 0 0 0 0 0 0 -12 -13 -9 -15 -14 -19 -8 -20 -7 -17 -11 -14 -11 -14 -9 -17 -8 -16 -10 -16 -7 -20 -6 -22 -5 -23 -4 -19 -9 -22 -3 -17 -4 -18 -8 -15 -4 -18 -6 -20 -5 -15 -3 -14 -8 -20 -4 -20 -4 -15 -10 -14 2 -4 -7 -17 -5 -18 -9 -18 -7 -15 -10 -17 -8 -13 -4 -12 -10 -18 -8 -13 -13 -12 -5 -13 -13 -10 -9 -12 -11 -13 -6 -14 -13 -12 -10 -16 -15 -16 -11 -12 -12 -12 -7 -15 -10 -10 -12 -15 -9 -14 -10 -14 -10 -15 -4 -2 0 0 0 0 0 0 0 0 ]
CSI_DATA,AP,68:FE:71:12:53:8C,-43,11,1,4,1,1,1,0,0,0,0,-94,0,6,1,22879293,0,84,0,0,22.879,384,[84 -64 4 0 0 0 0 0 0 0 0 0 -5 19 0 19 -5 16 -1 19 -8 20 -9 20 -3 14 -12 13 -6 17 -5 17 -7 20 -11 17 -8 20 -12 18 -8 12 -7 12 -12 14 -6 19 -4 11 -6 12 -13 16 -4 14 -9 14 -6 12 -5 15 -7 11 2 2 -7 18 -3 16 -6 18 -9 10 -10 14 -5 17 -3 10 -8 18 -9 11 -2 19 -2 17 1 17 2 16 -3 16 -1 18 -5 18 -4 11 -3 14 -4 19 -5 16 -1 13 2 19 -5 12 -2 19 -3 18 -3 18 -1 1 0 0 0 0 0 0 0 0 ]
CSI_DATA,AP,68:FE:71:12:53:8C,-40,11,1,4,1,1,1,1,0,0,0,-96,1,6,1,22986592,0,84,0,0,22.987,384,[84 -64 4 0 0 0 0 0 0 0 0 0 14 -19 13 -18 16 -18 15 -19 18 -20 13 -15 18 -16 19 -11 12 -11 12 -16 18 -13 19 -14 12 -11 18 -10 14 -16 11 -10 16 -8 12 -8 13 -7 18 -10 11 -13 16 -15 14 -5 14 -10 16 -7 16 -9 1 1 11 -13 11 -9 8 -15 15 -13 8 -15 15 -16 11 -12 14 -9 9 -15 7 -9 14 -8 7 -13 14 -16 10 -14 6 -17 7 -15 7 -16 13 -14 13 -14 11 -17 8 -10 9 -12 11 -18 5 -11 7 -17 3 -15 4 -2 0 0 0 0 0 0 0 0 ]
CSI_DATA,AP,68:FE:71:12:53:8C,-45,11,1,3,1,1,1,0,0,0,0,-94,0,6,1,23105964,0,84,0,0,23.106,384,[84 -64 4 0 0 0 0 0 0 0 0 0 -14 10 -19 13 -19 7 -18 9 -24 11 -23 11 -19 10 -18 3 -20 3 -18 8 -17 1 -20 2 -20 4 -22 7 -15 2 -22 -1 -16 0 -23 1 -23 3 -16 5 -20 2 -14 2 -19 -1 -14 7 -18 6 -16 7 -2 -1 -19 5 -14 6 -21 1 -20 2 -14 7 -14 4 -15 2 -12 1 -12 1 -12 7 -18 4 -17 9 -16 10 -18 7 -12 4 -15 9 -13 8 -12 10 -18 10 -11 6 -17 10 -13 11 -19 6 -12 10 -17 4 -12 8 3 4 0 0 0 0 0 0 0 0 ]
CSI_DATA,AP,68:FE:71:12:53:8C,-44,11,1,4,1,1,1,0,0,0,0,-95,0,6,1,23196507,0,84,0,0,23.197,384,[84 -64 4 0 0 0 0 0 0 0 0 0 -24 3 -18 5 -20 0 -24 2 -24 2 -15 -1 -19 3 -17 0 -21 -2 -18 -3 -20 2 -22 -2 -21 -4 -19 -4 -14 -2 -16 -2 -21 0 -14 1 -16 -6 -18 -3 -16 0 -19 -2 -17 -7 -21 -7 -14 -1 -14 -1 4 -4 -13 -3 -14 2 -18 -4 -16 -3 -14 3 -15 -4 -19 -3 -15 1 -13 -4 -17 4 -14 -1 -16 0 -13 1 -14 0 -18 2 -14 -1 -20 -2 -14 3 -19 3 -12 2 -13 6 -12 5 -16 6 -12 3 -14 0 -15 4 1 -4 0 0 0 0 0 0 0 0 ]
CSI_DATA,AP,68:FE:71:12:53:8C,-46,11,1,3,1,1,1,0,0,0,0,-96,0,6,1,23310338,0,84,0,0,23.31,384,[84 -64 4 0 0 0 0 0 0 0 0 0 4 -6 3 -13 -3 -10 5 -11 4 -14 6 -7 0 -9 2 -9 0 -12 0 -9 0 -12 4 -8 2 -13 -1 -7 0 -10 3 -7 3 -8 1 -6 0 -7 2 -10 2 -4 3 -8 1 -7 4 -8 -2 -6 6 -5 4 1 -2 -6 1 -4 -2 -5 5 -6 4 -11 4 -7 1 -6 -2 -9 -3 -10 -1 -8 -4 -5 -2 -6 3 -11 3 -5 -1 -7 3 -5 4 -7 -1 -6 2 -11 -5 -8 3 -9 0 -6 -5 -6 2 -4 -1 -4 3 -12 -1 4 0 0 0 0 0 0 0 0 ]
CSI_DATA,AP,68:FE:71:12:53:8C,-48,11,1,4,1,1,1,1,0,0,0,-93,6,6,1,23401488,0,84,0,0,23.401,384,[84 -64 4 0 0 0 0 0 0 0 0 0 20 8 14 7 17 5 16 12 22 12 19 5 15 12 18 12 16 6 17 13 14 8 14 13 16 12 13 14 14 12 15 10 16 12 15 8 16 14 10 12 13 9 18 12 16 14 10 11 9 9 12 10 2 -2 11 7 15 9 12 5 10 11 16 7 10 8 13 9 17 8 10 8 14 5 14 2 17 5 11 3 15 6 18 4 10 4 18 1 18 0 12 3 13 5 13 5 11 4 16 8 17 -1 19 3 17 3 -4 2 0 0 0 0 0 0 0 0 ]
CSI_DATA,AP,68:FE:71:12:53:8C,-44,11,1,4,1,1,1,0,0,0,0,-93,0,6,1,23476448,0,84,0,0,23.476,384,[84 -64 4 0 0 0 0 0 0 0 0 0 -3 21 5 19 1 17 1 18 -3 20 -4 15 1 16 -2 22 -4 18 -8 21 -3 18 -1 19 -6 22 -6 19 -7 17 -4 14 -3 18 -7 18 -3 18 -3 20 -3 20 -2 19 -1 13 -2 18 -5 15 -8 14 -4 -1 -2 15 -6 20 -3 14 2 16 -2 12 1 14 -4 13 3 19 -3 17 -2 16 1 14 -3 15 -1 14 0 12 5 19 5 12 4 18 2 19 -2 18 -1 15 -2 13 6 15 4 13 1 16 3 11 6 10 0 2 0 0 0 0 0 0 0 0 ]
CSI_DATA,AP,68:FE:71:12:53:8C,-45,11,1,5,1,1,1,0,0,0,0,-95,0,6,1,23556277,0,84,0,0,23.556,384,[84 -64 4 0 0 0 0 0 0 0 0 0 11 -18 6 -15 12 -15 6 -19 6 -20 12 -19 11 -14 10 -12 12 -15 11 -16 13 -13 15 -19 9 -12 15 -13 14 -12 8 -10 15 -17 12 -16 15 -13 15 -12 14 -14 9 -10 13 -10 13 -10 12 -16 8 -16 4 1 13 -14 8 -9 9 -10 11 -12 12 -15 6 -17 7 -16 5 -16 5 -13 9 -16 10 -13 8 -11 5 -11 8 -17 10 -11 3 -12 8 -11 3 -17 10 -16 5 -14 9 -10 6 -11 2 -16 2 -11 1 -18 4 -14 -4 -1 0 0 0 0 0 0 0 0 ]
CSI_DATA,AP,68:FE:71:12:53:8C,-46,11,1,3,1,1,1,0,0,0,1,-96,0,6,1,23633925,0,84,0,0,23.634,384,[84 -64 4 0 0 0 0 0 0 0 0 0 1 23 6 18 4 19 5 19 2 20 4 24 5 23 2 17 2 21 4 16 -4 22 -3 20 -4 23 0 16 -4 21 -6 17 2 17 1 21 -4 15 0 14 1 20 -1 15 -4 17 1 19 -4 20 -2 13 -2 0 -3 13 -3 20 -1 16 -3 17 1 12 0 18 0 14 -2 16 4 16 3 14 -1 17 0 13 2 18 1 15 -1 12 5 13 0 16 4 18 4 14 7 13 8 15 2 10 2 14 9 14 10 10 10 17 3 -3 0 0 0 0 0 0 0 0 ]
CSI_DATA,AP,68:FE:71:12:53:8C,-43,11,1,6,1,1,1,0,0,0,0,-94,0,6,1,23725628,0,84,0,0,23.726,384,[84 -64 4 0 0 0 0 0 0 0 0 0 11 -15 11 -15 11 -14 14 -15 10 -9 16 -17 12 -13 9 -12 13 -11 17 -10 15 -12 13 -16 12 -7 16 -10 13 -15 14 -11 18 -12 13 -13 10 -10 16 -10 13 -5 17 -11 14 -7 10 -13 10 -10 12 -8 -2 0 10 -11 11 -9 13 -12 12 -14 14 -5 11 -8 7 -14 9 -11 9 -6 7 -12 9 -8 11 -10 10 -15 9 -13 4 -11 5 -9 10 -12 6 -12 11 -15 7 -13 11 -10 9 -13 3 -15 7 -18 2 -9 6 -14 2 -1 0 0 0 0 0 0 0 0 ]
CSI_DATA,AP,68:FE:71:12:53:8C,-44,11,1,4,1,1,1,0,0,0,0,-94,0,6,1,23805674,0,84,0,0,23.806,384,[84 -64 4 0 0 0 0 0 0 0 0 0 -5 16 -6 16 -7 22 -8 16 -5 23 -12 19 -10 17 -6 21 -6 14 -7 21 -12 18 -8 18 -7 16 -10 20 -8 15 -7 19 -8 13 -13 15 -12 11 -15 18 -7 11 -7 18 -8 15 -11 17 -10 19 -10 14 4 4 -11 16 -13 14 -7 13 -6 19 -4 17 -11 12 -9 10 -8 16 -11 12 -10 10 -10 14 -8 16 -9 15 -7 15 -2 13 -6 13 -7 17 -6 11 -9 18 -2 17 -9 17 -2 19 -8 16 1 19 -2 15 -5 13 -3 -3 0 0 0 0 0 0 0 0 ]
CSI_DATA,AP,68:FE:71:12:53:8C,-46,11,1,5,1,1,1,0,0,0,0,-94,0,6,1,23916000,0,84,0,0,23.916,384,[84 -64 4 0 0 0 0 0 0 0 0 0 20 14 12 11 15 11 12 16 17 11 17 13 12 15 11 12 10 16 10 15 9 18 16 13 15 16 10 16 7 17 9 11 12 13 13 15 9 16 8 15 14 10 7 13 8 10 10 16 7 8 13 11 -4 -3 8 7 13 10 15 13 10 13 14 14 11 11 8 14 12 10 11 9 15 5 11 12 10 6 13 7 14 5 9 5 17 4 12 11 12 9 17 6 15 2 18 10 12 8 12 5 13 10 16 7 18 5 -3 -3 0 0 0 0 0 0 0 0 ]
CSI_DATA,AP,68:FE:71:12:53:8C,-48,11,1,4,1,1,1,0,0,0,0,-94,0,6,1,24019170,0,84,0,0,24.019,384,[84 -64 4 0 0 0 0 0 0 0 0 0 -7 18 -8 16 -9 22 -6 17 -4 17 -8 20 -2 16 -3 17 -6 15 -11 19 -8 20 -8 19 -12 16 -10 19 -5 20 -12 22 -11 12 -7 18 -12 19 -8 11 -6 18 -7 11 -11 17 -5 12 -12 18 -5 12 1 -3 -7 19 -11 12 -10 15 -7 18 -10 15 -6 12 -7 13 -6 11 -9 16 -4 16 -1 13 -7 18 1 16 0 18 1 11 0 15 2 18 2 17 -2 19 0 16 -3 13 1 17 3 20 3 13 -2 11 1 11 -3 -4 0 0 0 0 0 0 0 0 ]
CSI_DATA,AP,68:FE:71:12:53:8C,-50,11,1,3,1,1,1,1,0,0,0,-93,1,6,1,24103351,0,84,0,0,24.103,384,[84 -64 4 0 0 0 0 0 0 0 0 0 9 -15 6 -17 13 -16 15 -22 10 -19 9 -21 9 -21 13 -14 15 -13 15 -20 9 -17 16 -18 15 -13 13 -11 17 -13 10 -12 10 -15 8 -16 9 -18 16 -10 15 -12 14 -17 8 -16 7 -11 7 -12 12 -18 -1 2 15 -12 7 -16 10 -14 7 -10 5 -16 14 -18 9 -13 9 -15 11 -16 9 -17 4 -15 6 -13 12 -16 10 -18 8 -10 10 -14 4 -16 8 -19 11 -19 9 -11 10 -15 4 -13 3 -11 2 -17 2 -18 2 -13 0 4 0 0 0 0 0 0 0 0 ]
CSI_DATA,AP,68:FE:71:12:53:8C,-50,11,1,2,1,1,1,0,0,0,1,-94,0,6,1,24196604,0,84,0,0,24.197,384,[84 -64 4 0 0 0 0 0 0 0 0 0 5 17 5 16 2 20 5 22 5 19 -5 21 2 17 -5 15 -5 15 0 21 2 21 -1 23 1 24 -2 23 1 23 -7 21 -5 23 -1 16 -8 19 -5 14 -8 21 -3 20 1 18 1 14 2 19 1 13 2 4 2 14 2 16 -2 18 3 13 3 14 2 13 2 16 0 12 3 20 3 13 -1 15 4 20 1 14 4 20 4 13 0 14 1 18 1 18 7 13 7 16 4 12 7 20 4 13 7 17 8 18 1 17 0 3 0 0 0 0 0 0 0 0 ]
CSI_DATA,AP,68:FE:71:12:53:8C,-43,11,1,6,1,1,1,0,0,0,0,-95,0,6,1,24300013,0,84,0,0,24.3,384,[84 -64 4 0 0 0 0 0 0 0 0 0 12 -12 15 -13 17 -13 19 -12 20 -19 12 -11 14 -14 19 -16 19 -16 19 -15 16 -9 14 -14 21 -10 14 -11 16 -12 20 -16 16 -13 19 -12 11 -9 16 -10 16 -12 19 -13 12 -8 16 -8 17 -7 12 -10 1 1 18 -8 11 -14 11 -7 17 -14 8 -9 17 -16 12 -11 8 -11 15 -9 8 -10 11 -17 13 -12 7 -15 7 -12 13 -12 14 -18 14 -16 12 -15 11 -17 6 -10 11 -13 7 -18 8 -19 7 -18 8 -14 6 -14 -2 0 0 0 0 0 0 0 0 0 ]
CSI_DATA,AP,68:FE:71:12:53:8C,-46,11,1,5,1,1,1,0,0,0,0,-96,0,6,1,24391063,0,84,0,0,24.391,384,[84 -64 4 0 0 0 0 0 0 0 0 0 -10 16 -10 21 -6 20 -8 22 -9 15 -11 18 -10 21 -16 13 -17 14 -9 13 -14 20 -10 14 -16 20 -10 17 -14 13 -16 16 -18 16 -13 10 -16 17 -14 14 -15 13 -16 13 -12 9 -11 18 -15 17 -15 13 -1 -1 -9 11 -11 12 -10 17 -13 18 -14 16 -10 17 -10 11 -9 13 -9 16 -10 16 -10 12 -5 18 -4 11 -8 11 -7 13 -4 19 -8 18 -3 14 -11 12 -8 19 -3 15 -3 14 -6 13 -7 16 -9 15 -2 17 3 1 0 0 0 0 0 0 0 0 ]
CSI_DATA,AP,68:FE:71:12:53:8C,-47,11,1,4,1,1,1,0,0,0,0,-94,0,6,1,24457203,0,84,0,0,24.457,384,[84 -64 4 0 0 0 0 0 0 0 0 0 7 -23 8 -25 5 -22 3 -27 7 -22 4 -24 11 -24 11 -18 9 -18 9 -16 12 -19 6 -20 11 -21 8 -19 9 -15 6 -23 9 -20 11 -15 6 -20 6 -21 9 -12 6 -15 10 -19 6 -17 8 -20 9 -19 4 -1 7 -15 3 -13 10 -17 7 -19 3 -14 9 -14 9 -15 7 -15 5 -15 0 -20 3 -20 -1 -13 7 -20 4 -16 3 -18 7 -20 1 -15 3 -18 5 -18 -3 -15 -2 -19 1 -19 0 -22 -4 -17 1 -19 3 -21 1 3 0 0 0 0 0 0 0 0 ]
CSI_DATA,AP,68:FE:71:12:53:8C,-47,11,1,5,1,1,1,0,0,0,0,-95,0,6,1,24556904,0,84,0,0,24.557,384,[84 -64 4 0 0 0 0 0 0 0 0 0 23 -7 24 -1 26 -8 22 -3 25 -2 23 3 22 -2 20 -2 22 0 23 5 23 3 25 4 21 7 20 -1 19 2 23 -2 22 6 17 5 18 0 14 1 17 2 20 6 18 5 20 2 22 7 21 -2 -3 2 13 1 22 4 16 -3 21 -4 18 -2 19 3 18 3 19 -5 15 4 17 2 16 -4 17 1 15 2 13 1 18 0 21 -6 21 -5 21 -3 17 -2 13 -7 18 -2 15 0 21 -4 20 -6 19 -1 19 -4 1 -3 0 0 0 0 0 0 0 0 ]
CSI_DATA,AP,68:FE:71:12:53:8C,-45,11,1,5,1,1,1,1,0,0,0,-94,2,6,1,24659314,0,84,0,0,24.659,384,[84 -64 4 0 0 0 0 0 0 0 0 0 2 17 3 20 2 25 5 19 -3 18 -2 20 0 23 1 16 -4 18 1 16 -1 19 -6 21 0 17 -6 17 -7 23 -1 21 -3 19 0 15 0 18 0 20 -8 19 -4 22 -1 18 -8 21 -3 19 -5 14 1 0 -3 19 -1 22 -3 20 4 13 1 13 1 21 3 20 1 17 -2 20 2 18 5 15 2 19 -2 20 7 13 5 20 5 17 3 21 1 20 0 19 2 14 2 13 2 16 4 18 3 14 8 13 8 13 -4 -2 0 0 0 0 0 0 0 0 ]
CSI_DATA,AP,68:FE:71:12:53:8C,-46,11,1,5,1,1,1,0,0,0,0,-95,0,6,1,24754808,0,84,0,0,24.755,384,[84 -64 4 0 0 0 0 0 0 0 0 0 -8 25 -4 24 -3 21 -7 21 -11 23 -11 15 -11 16 -9 15 -7 19 -10 18 -13 21 -14 23 -7 17 -10 20 -12 20 -10 16 -15 18 -10 19 -9 14 -16 17 -13 15 -7 18 -7 14 -7 12 -14 13 -7 14 -1 3 -13 17 -4 18 -7 18 -10 15 -9 19 -6 13 -5 17 -8 17 -5 12 -3 16 -7 13 -5 15 -3 18 -1 18 -4 19 -3 20 -3 20 -4 13 -8 14 -6 19 -6 16 -3 19 1 19 -3 15 1 17 -6 18 1 -3 0 0 0 0 0 0 0 0 ]
CSI_DATA,AP,68:FE:71:12:53:8C,-47,11,1,3,1,1,1,0,0,0,0,-94,0,6,1,24870063,0,84,0,0,24.87,384,[84 -64 4 0 0 0 0 0 0 0 0 0 16 8 14 10 15 10 23 11 15 13 21 11 14 18 19 14 19 13 13 17 12 16 12 16 14 17 14 11 16 10 17 11 11 11 16 9 9 17 11 13 11 11 15 11 10 17 9 16 16 15 16 17 1 4 11 15 13 9 15 10 17 6 11 13 18 9 11 10 12 12 14 13 11 4 11 13 9 5 11 6 11 9 13 10 16 6 18 5 20 10 20 12 19 5 19 7 15 4 16 9 16 2 14 9 18 4 -1 -4 0 0 0 0 0 0 0 0 ]
CSI_DATA,AP,68:FE:71:12:53:8C,-50,11,1,1,1,1,1,1,0,0,0,-94,4,6,1,24973256,0,84,0,0,24.973,384,[84 -64 4 0 0 0 0 0 0 0 0 0 15 -2 22 -6 17 -6 18 -7 23 -5 23 -5 16 -1 15 2 24 2 16 0 20 -1 19 3 20 -1 22 4 22 -3 21 2 18 4 15 -3 16 0 20 5 18 -3 13 4 14 0 16 2 20 3 13 3 -3 -4 18 -2 17 -3 16 1 17 -6 15 -3 15 1 18 2 13 -7 15 -4 15 -3 15 -1 19 -2 16 -8 17 -8 16 -3 16 -2 20 -3 14 -6 15 -3 14 -5 14 -5 15 -4 13 -8 16 -5 10 -6 12 -10 -3 -2 0 0 0 0 0 0 0 0 ]
CSI_DATA,AP,68:FE:71:12:53:8C,-40,11,1,5,1,1,1,0,0,0,0,-96,0,6,1,25080046,0,84,0,0,25.08,384,[84 -64 4 0 0 0 0 0 0 0 0 0 -22 7 -24 1 -26 7 -22 -1 -20 -1 -19 -1 -21 -2 -20 0 -21 0 -20 1 -18 -1 -17 -4 -22 0 -17 -6 -17 -7 -21 0 -23 2 -17 -2 -20 -1 -19 1 -22 -4 -15 -2 -19 -5 -17 -3 -15 -5 -19 0 -2 0 -17 -2 -15 0 -20 2 -18 -2 -17 4 -13 -2 -14 -4 -14 -2 -13 -1 -13 1 -16 4 -15 3 -18 5 -15 -1 -20 8 -20 0 -17 8 -14 2 -11 2 -18 10 -15 1 -16 8 -18 6 -14 10 -12 7 -13 5 -4 -4 0 0 0 0 0 0 0 0 ]
CSI_DATA,AP,68:FE:71:12:53:8C,-40,11,1,5,1,1,1,0,0,0,0,-94,0,6,1,25183639,0,84,0,0,25.184,384,[84 -64 4 0 0 0 0 0 0 0 0 0 10 19 10 12 13 16 10 21 8 19 11 19 7 14 4 16 10 17 6 20 7 22 2 17 2 16 4 18 9 21 4 22 9 19 3 16 0 21 6 21 8 20 2 19 3 15 2 13 0 18 4 16 -4 -1 1 16 9 17 8 20 7 12 3 11 5 18 7 16 7 14 8 13 8 18 5 18 4 17 5 10 3 13 11 14 7 10 12 14 11 13 4 10 10 12 8 10 10 12 7 17 13 12 12 8 5 9 1 3 0 0 0 0 0 0 0 0 ]
CSI_DATA,AP,68:FE:71:12:53:8C,-44,11,1,3,1,1,1,0,0,0,0,-94,0,6,1,25271653,0,84,0,0,25.272,384,[84 -64 4 0 0 0 0 0 0 0 0 0 21 -4 21 0 20 2 20 -3 23 -3 15 3 24 7 22 1 17 4 21 2 21 4 16 2 22 2 20 3 22 8 21 3 17 0 15 8 16 1 19 1 17 9 21 3 14 5 22 2 19 4 17 4 -4 -1 19 1 21 -1 17 0 13 -3 15 -1 18 0 20 1 20 -3 20 1 19 -1 14 0 12 1 18 2 18 2 20 -6 19 -6 16 -3 19 -1 14 -5 12 -6 17 -1 20 -1 19 -2 17 -2 18 -1 15 -4 -1 -3 0 0 0 0 0 0 0 0 ]
CSI_DATA,AP,68:FE:71:12:53:8C,-48,11,1,5,1,1,1,0,0,0,1,-94,0,6,1,25365331,0,84,0,0,25.365,384,[84 -64 4 0 0 0 0 0 0 0 0 0 -24 10 -17 8 -18 2 -25 8 -19 1 -17 4 -20 4 -21 4 -20 0 -19 4 -18 6 -21 2 -23 2 -24 0 -20 1 -20 2 -16 3 -19 1 -16 1 -21 3 -18 2 -21 1 -19 0 -19 1 -24 2 -20 2 -1 3 -16 -3 -18 -2 -15 1 -19 2 -19 2 -17 2 -21 -3 -14 6 -17 4 -12 7 -21 5 -13 -1 -14 4 -13 5 -21 7 -20 4 -20 6 -14 8 -15 8 -14 9 -15 6 -17 3 -13 3 -16 10 -19 5 -19 8 -3 4 0 0 0 0 0 0 0 0 ]
CSI_DATA,AP,68:FE:71:12:53:8C,-47,11,1,5,1,1,1,0,0,0,0,-93,0,6,1,25471250,0,84,0,0,25.471,384,[84 -64 4 0 0 0 0 0 0 0 0 0 24 3 15 1 18 2 23 0 21 3 19 2 16 5 15 2 20 1 17 4 23 9 19 8 22 3 16 11 13 11 21 5 18 6 17 8 16 5 19 5 15 7 20 8 11 11 15 10 15 3 19 2 -2 0 14 4 14 4 16 3 17 0 17 9 20 0 15 3 17 0 14 -1 17 -2 20 3 16 2 12 6 15 -3 16 -1 19 1 16 -1 14 1 12 4 12 -1 13 0 17 0 15 -2 19 -5 13 1 13 -2 -1 1 0 0 0 0 0 0 0 0 ]
CSI_DATA,AP,68:FE:71:12:53:8C,-44,11,1,3,1,1,1,0,0,0,0,-94,0,6,1,25570941,0,84,0,0,25.571,384,[84 -64 4 0 0 0 0 0 0 0 0 0 0 19 4 25 -3 21 -4 20 3 22 -2 21 -7 20 -2 20 -6 19 0 22 -5 22 -7 17 -6 21 -4 16 -6 17 -2 21 -3 15 -8 18 -2 18 -5 18 -8 22 -4 17 -4 17 -1 14 -4 16 -7 13 -3 1 -5 19 0 15 -4 14 0 17 -2 14 -2 15 -1 19 -3 13 -1 12 -3 14 -3 17 -5 19 2 20 -3 13 -5 18 4 17 1 21 2 21 0 15 2 17 -1 18 -1 18 3 20 5 14 -1 12 3 13 -4 -3 0 0 0 0 0 0 0 0 ]
CSI_DATA,AP,68:FE:71:12:53:8C,-45,11,1,3,1,1,1,0,0,0,0,-96,0,6,1,25675181,0,84,0,0,25.675,384,[84 -64 4 0 0 0 0 0 0 0 0 0 -6 -19 -6 -19 -4 -20 0 -27 1 -23 -3 -22 -3 -22 3 -19 -1 -25 1 -21 -3 -23 -2 -26 -1 -21 3 -22 2 -18 0 -17 5 -18 0 -16 4 -15 6 -16 3 -17 6 -21 4 -21 -2 -17 -1 -20 6 -21 -3 2 1 -21 2 -14 2 -21 -3 -15 3 -19 -2 -22 4 -22 -4 -13 1 -13 -2 -16 -5 -18 -6 -16 -3 -17 -3 -15 2 -13 -4 -13 -3 -20 -2 -16 -4 -14 -5 -15 1 -17 -1 -20 -4 -19 -8 -21 0 -16 -5 -18 0 2 0 0 0 0 0 0 0 0 ]
CSI_DATA,AP,68:FE:71:12:53:8C,-46,11,1,4,1,1,1,0,0,0,0,-95,0,6,1,25777426,0,84,0,0,25.777,384,[84 -64 4 0 0 0 0 0 0 0 0 0 -10 -16 -11 -22 -5 -24 -10 -25 -10 -24 -5 -21 -5 -20 -6 -20 -4 -23 -3 -18 -1 -22 -2 -17 -2 -19 -1 -23 1 -23 1 -17 -2 -21 3 -22 -1 -22 -5 -15 -3 -16 2 -18 3 -15 -1 -16 1 -15 -4 -18 -2 0 1 -16 -4 -15 1 -17 -3 -13 -5 -12 -4 -13 1 -13 -7 -12 -5 -12 -5 -12 -7 -13 -3 -15 -7 -15 -3 -16 -8 -14 -10 -12 -9 -16 -8 -16 -7 -15 -3 -12 -10 -19 -4 -18 -4 -19 -10 -14 -6 -14 -9 -16 -1 4 0 0 0 0 0 0 0 0 ]
CSI_DATA,AP,68:FE:71:12:53:8C,-46,11,1,4,1,1,1,0,0,0,0,-93,0,6,1,25887715,0,84,0,0,25.888,384,[84 -64 4 0 0 0 0 0 0 0 0 0 18 -10 16 -11 23 -8 21 -11 18 -11 18 -2 23 -1 19 -3 17 -4 23 -5 21 0 24 0 19 -1 21 -6 16 1 17 -4 15 1 17 -2 18 -2 14 -2 15 -1 19 -2 15 -3 17 1 16 -5 21 -1 0 4 16 -5 15 -1 14 -5 20 -7 15 -2 17 0 17 -6 14 -1 17 -10 13 -4 19 -3 16 -2 18 -9 19 -9 12 -8 18 -5 16 -6 15 -12 14 -6 10 -8 18 -5 16 -5 13 -6 14 -9 18 -7 18 -13 0 1 0 0 0 0 0 0 0 0 ]
CSI_DATA,AP,68:FE:71:12:53:8C,-43,11,1,5,1,1,1,0,0,0,0,-95,0,6,1,25977748,0,84,0,0,25.978,384,[84 -64 4 0 0 0 0 0 0 0 0 0 -18 -13 -15 -12 -20 -14 -22 -16 -15 -10 -12 -15 -16 -12 -13 -17 -17 -14 -16 -11 -17 -15 -11 -16 -19 -14 -10 -11 -14 -18 -16 -14 -10 -16 -10 -12 -15 -13 -14 -13 -11 -11 -8 -13 -14 -10 -13 -16 -14 -10 -15 -11 -1 1 -16 -15 -11 -13 -15 -9 -12 -8 -15 -16 -14 -13 -12 -9 -12 -15 -13 -12 -10 -14 -19 -10 -10 -10 -10 -6 -15 -7 -18 -14 -18 -8 -19 -7 -15 -7 -15 -6 -19 -11 -16 -11 -13 -9 -20 -10 -13 -7 -17 -2 -11 -5 -2 -3 0 0 0 0 0 0 0 0 ]
CSI_DATA,AP,68:FE:71:12:53:8C,-44,11,1,5,1,1,1,0,0,0,0,-94,0,6,1,26083958,0,82,0,0,26.084,384,[84 -64 4 0 0 0 0 0 0 0 0 0 -10 -19 -5 -20 -12 -18 -8 -22 -6 -18 -9 -17 -6 -17 -4 -16 -3 -23 -3 -19 -5 -22 0 -20 0 -25 -3 -22 -2 -23 -6 -20 -7 -23 1 -14 -3 -18 -5 -17 -2 -17 -4 -18 0 -18 0 -22 -1 -21 1 -18 -4 -2 -6 -17 -1 -15 -4 -17 -4 -18 1 -21 0 -17 -8 -15 -6 -17 -2 -15 -3 -15 -6 -19 -7 -12 -7 -18 -10 -11 -7 -14 -4 -16 -6 -18 -9 -12 -7 -15 -4 -16 -10 -20 -8 -16 -10 -18 -5 -12 -4 -11 -7 -11 -3 1 0 0 0 0 0 0 0 0 ]
CSI_DATA,AP,68:FE:71:12:53:8C,-42,11,1,6,1,1,1,0,0,0,0,-95,0,6,1,26177177,0,84,0,0,26.177,384,[84 -64 4 0 0 0 0 0 0 0 0 0 3 19 2 14 3 21 4 19 6 15 4 17 -4 20 -1 14 -2 20 -3 19 -1 21 3 15 2 17 -6 22 -4 14 -2 16 -3 14 0 14 -5 12 0 17 2 19 -4 13 2 15 2 20 1 12 2 12 -1 0 2 18 -3 19 -4 16 0 11 0 15 -1 19 0 16 0 13 6 15 3 18 2 15 5 14 4 13 0 14 2 16 0 11 7 19 9 17 9 12 3 13 1 15 8 17 9 10 11 11 9 16 6 12 2 -4 0 0 0 0 0 0 0 0 ]
CSI_DATA,AP,68:FE:71:12:53:8C,-44,11,1,3,1,1,1,1,0,0,0,-96,2,6,1,26280816,0,82,0,0,26.281,384,[84 -64 4 0 0 0 0 0 0 0 0 0 15 12 16 9 16 9 15 11 15 15 13 16 14 18 14 15 16 15 11 10 14 19 13 16 15 15 12 12 10 11 11 16 7 15 11 17 7 19 14 16 12 13 14 16 9 16 8 13 9 19 9 13 -2 2 12 16 14 17 12 11 11 15 15 16 10 12 13 11 8 14 8 12 12 6 13 8 12 9 15 13 8 8 9 6 16 9 18 6 12 11 11 9 11 7 10 5 10 4 18 11 15 4 13 8 18 7 4 -1 0 0 0 0 0 0 0 0 ]
CSI_DATA,AP,68:FE:71:12:53:8C,-44,11,1,5,1,1,1,0,0,0,0,-95,0,6,1,26381913,0,84,0,0,26.382,384,[84 -64 4 0 0 0 0 0 0 0 0 0 19 -11 17 -4 22 -11 22 -5 20 -9 19 -3 25 -9 20 -7 22 0 19 -2 23 -3 24 -2 19 -6 19 -1 19 -1 17 -3 16 -1 21 0 23 -6 22 0 16 -2 16 2 16 -3 20 -6 19 1 21 1 4 3 19 2 18 1 22 -1 18 -8 21 -2 17 -7 14 -3 12 -6 17 -3 17 -4 13 -5 17 -6 19 -5 17 -10 12 -5 19 -3 19 -4 17 -12 15 -6 10 -4 19 -6 10 -4 16 -13 11 -14 11 -7 14 -8 -4 -3 0 0 0 0 0 0 0 0 ]
CSI_DATA,AP,68:FE:71:12:53:8C,-43,11,1,4,1,1,1,0,0,0,0,-93,0,6,1,26494773,0,84,0,0,26.495,384,[84 -64 4 0 0 0 0 0 0 0 0 0 5 22 6 21 0 18 -2 21 4 17 -3 15 -3 19 -3 19 1 15 -5 19 2 19 -2 20 -4 16 -4 21 -3 18 1 21 -6 12 -6 15 -7 15 1 13 -7 18 1 13 -5 11 -6 13 0 17 -2 12 1 4 0 17 0 17 -2 16 3 11 0 14 -2 8 -2 15 -2 10 0 14 1 9 -3 10 0 10 2 10 2 8 -1 14 0 8 2 16 0 14 1 16 5 10 2 12 0 16 5 15 8 12 1 10 6 16 1 0 0 0 0 0 0 0 0 0 ]
CSI_DATA,AP,68:FE:71:12:53:8C,-45,11,1,4,1,1,1,1,0,0,0,-94,3,6,1,26567808,0,84,0,0,26.568,384,[84 -64 4 0 0 0 0 0 0 0 0 0 19 2 13 1 20 1 18 4 12 7 17 7 14 9 18 9 17 7 15 11 12 7 17 6 17 7 16 7 11 8 16 13 12 10 11 9 11 11 10 6 14 8 9 10 15 5 13 8 14 5 14 6 -3 2 15 6 17 2 16 2 15 2 10 3 16 1 12 5 15 3 11 6 10 6 13 6 13 0 13 2 15 1 10 3 10 2 17 -2 11 -2 18 -1 16 4 17 4 15 5 13 4 12 2 10 0 10 1 -3 -3 0 0 0 0 0 0 0 0 ]
CSI_DATA,AP,68:FE:71:12:53:8C,-44,11,1,3,1,1,1,0,0,0,0,-95,0,6,1,26653270,0,84,0,0,26.653,384,[84 -64 4 0 0 0 0 0 0 0 0 0 11 14 11 7 10 13 12 15 14 13 11 11 14 12 9 13 10 9 6 17 14 19 8 17 12 17 8 14 5 10 11 13 8 13 9 16 5 14 4 17 10 15 5 11 10 16 4 18 8 11 10 17 0 3 11 9 5 14 5 12 9 15 6 14 12 13 5 7 4 11 13 12 8 7 5 13 6 11 13 10 12 6 6 12 7 11 9 8 14 11 9 9 15 6 12 6 10 10 11 4 13 11 11 8 11 11 -2 0 0 0 0 0 0 0 0 0 ]
CSI_DATA,AP,68:FE:71:12:53:8C,-44,11,1,4,1,1,1,1,0,0,0,-93,5,6,1,26752738,0,84,0,0,26.753,384,[84 -64 4 0 0 0 0 0 0 0 0 0 5 -14 1 -21 9 -21 10 -23 4 -14 10 -21 5 -15 8 -14 6 -18 7 -20 11 -18 8 -21 8 -12 10 -15 13 -16 11 -14 13 -12 13 -16 9 -16 7 -10 5 -12 13 -16 5 -10 12 -13 5 -15 9 -17 -4 -3 7 -12 7 -18 6 -18 9 -16 4 -15 6 -10 9 -18 3 -16 2 -17 3 -16 7 -12 2 -10 4 -13 2 -15 6 -12 6 -15 6 -12 6 -14 1 -12 -1 -13 0 -16 -1 -10 1 -14 1 -16 7 -13 -2 -18 2 1 0 0 0 0 0 0 0 0 ]
CSI_DATA,AP,68:FE:71:12:53:8C,-48,11,1,5,1,1,1,1,0,0,0,-93,2,6,1,26858375,0,84,0,0,26.858,384,[84 -64 4 0 0 0 0 0 0 0 0 0 0 5 -3 9 -5 10 -8 9 -5 9 -9 7 -9 6 -7 9 -7 3 -3 4 -2 10 -10 3 -8 4 -10 2 -9 7 -10 6 -7 1 -1 9 -7 7 -7 5 -3 1 -2 5 -7 5 -10 5 -10 6 -6 5 3 -4 -2 7 -2 1 -2 4 -1 9 -1 3 -5 6 -6 9 -2 6 -5 5 -6 7 -6 5 -7 3 -8 4 -5 7 -5 10 -8 4 -5 7 -1 8 -2 11 -4 3 -2 11 -5 8 -3 7 -2 6 -2 3 -4 9 4 -3 0 0 0 0 0 0 0 0 ]
CSI_DATA,AP,68:FE:71:12:53:8C,-44,11,1,4,1,1,1,0,0,0,0,-94,0,6,1,26943850,0,84,0,0,26.944,384,[84 -64 4 0 0 0 0 0 0 0 0 0 -9 -19 -11 -21 -7 -14 -8 -18 -6 -22 -10 -20 -8 -20 -9 -21 -5 -16 -7 -17 -3 -17 -9 -22 -9 -20 0 -17 -6 -22 -4 -15 -7 -21 -3 -15 0 -16 -3 -16 -1 -13 -1 -14 -6 -15 -3 -13 -2 -17 -3 -18 -1 -2 -3 -12 -2 -16 -6 -11 -8 -16 -2 -13 -4 -16 -3 -14 -4 -18 -4 -17 -7 -17 -5 -16 -6 -11 -9 -9 -10 -11 -4 -13 -5 -16 -11 -17 -7 -14 -8 -12 -5 -11 -12 -16 -9 -16 -8 -9 -11 -9 -13 -13 -12 -12 2 2 0 0 0 0 0 0 0 0 ]
CSI_DATA,AP,68:FE:71:12:53:8C,-45,11,1,3,1,1,1,0,0,0,0,-93,0,6,1,27027504,0,84,0,0,27.028,384,[84 -64 4 0 0 0 0 0 0 0 0 0 20 12 13 17 15 16 18 15 17 16 17 18 16 14 13 14 11 12 14 12 6 15 13 15 13 18 12 8 4 13 12 16 12 12 12 13 8 8 9 9 7 9 9 7 6 12 12 12 6 11 4 8 1 0 12 8 12 8 10 4 13 7 9 5 9 4 11 4 11 4 11 4 14 1 15 2 10 8 14 2 9 8 14 9 15 8 14 2 12 5 16 1 14 4 13 2 9 -1 10 4 13 4 10 6 14 -2 -1 0 0 0 0 0 0 0 0 0 ]
CSI_DATA,AP,68:FE:71:12:53:8C,-46,11,1,4,1,1,1,0,0,0,0,-94,0,6,1,27118416,0,84,0,0,27.118,384,[84 -64 4 0 0 0 0 0 0 0 0 0 20 -13 16 -12 22 -10 15 -6 14 -12 18 -4 18 -4 15 -6 20 -9 20 -7 13 -4 17 -3 19 -6 20 -3 12 0 17 -6 15 -3 13 -6 12 -6 15 -5 13 -7 9 -7 13 0 8 -4 11 -7 11 -6 -4 3 8 -7 5 -9 5 -5 9 -8 10 -6 5 -6 8 -4 10 -7 2 -8 7 -10 5 -9 4 -7 8 -6 6 -10 5 -12 7 -12 5 -6 5 -8 2 -14 3 -12 4 -15 -3 -8 5 -13 -1 -7 1 -12 4 -14 4 0 0 0 0 0 0 0 0 0 ]
CSI_DATA,AP,68:FE:71:12:53:8C,-47,11,1,5,1,1,1,0,0,0,0,-93,0,6,1,27221979,0,84,0,0,27.222,384,[84 -64 4 0 0 0 0 0 0 0 0 0 22 11 20 10 18 18 22 17 22 17 20 20 20 15 13 15 14 16 11 11 13 18 12 11 13 13 14 11 12 14 16 13 15 15 6 14 11 15 12 7 10 8 9 14 9 8 10 6 7 5 9 7 -1 -4 8 6 14 6 11 5 10 5 14 7 14 3 8 4 10 -1 9 5 8 1 15 5 9 3 8 4 14 0 16 2 15 -1 15 -1 12 -1 15 0 12 1 17 -1 14 -6 8 -2 10 -6 10 -8 14 -4 4 4 0 0 0 0 0 0 0 0 ]
CSI_DATA,AP,68:FE:71:12:53:8C,-41,11,1,6,1,1,1,0,0,0,0,-95,0,6,1,27299637,0,84,0,0,27.3,384,[84 -64 4 0 0 0 0 0 0 0 0 0 -32 -10 -31 -17 -30 -14 -29 -13 -28 -18 -21 -18 -23 -16 -27 -15 -23 -12 -21 -18 -23 -15 -21 -10 -19 -14 -20 -18 -14 -14 -18 -17 -16 -13 -17 -9 -15 -15 -19 -11 -11 -8 -19 -9 -14 -11 -16 -7 -12 -6 -15 -8 3 -3 -14 -5 -19 -4 -11 -8 -13 -4 -13 -7 -16 0 -15 -3 -16 -1 -13 -3 -13 -4 -16 2 -16 4 -14 0 -13 -2 -17 -2 -13 6 -10 6 -15 1 -10 4 -8 7 -13 4 -12 2 -12 10 -15 8 -9 11 -9 7 -2 1 0 0 0 0 0 0 0 0 ]
CSI_DATA,AP,68:FE:71:12:53:8C,-44,11,1,4,1,1,1,0,0,0,0,-95,0,6,1,27405407,0,84,0,0,27.405,384,[84 -64 4 0 0 0 0 0 0 0 0 0 7 -20 9 -20 4 -20 5 -19 7 -16 13 -14 13 -13 8 -18 8 -18 8 -14 11 -12 11 -13 9 -13 11 -12 13 -10 6 -18 10 -13 12 -14 10 -11 4 -11 5 -16 9 -10 11 -13 4 -17 4 -12 8 -11 -2 1 10 -13 5 -15 4 -11 9 -13 10 -18 6 -18 4 -19 2 -13 3 -14 3 -15 7 -15 10 -12 8 -19 1 -19 2 -20 9 -20 7 -17 3 -13 5 -18 4 -15 1 -12 2 -17 4 -18 3 -12 9 -19 9 -18 4 4 0 0 0 0 0 0 0 0 ]
CSI_DATA,AP,68:FE:71:12:53:8C,-50,11,1,3,1,1,1,0,0,0,0,-94,0,6,1,27455262,0,84,0,0,27.455,384,[84 -64 4 0 0 0 0 0 0 0 0 0 -10 19 -8 20 -4 17 -12 23 -11 20 -10 19 -14 19 -12 14 -10 17 -9 19 -9 21 -10 19 -9 17 -14 22 -10 17 -16 21 -13 19 -8 17 -10 21 -16 21 -16 18 -14 15 -11 14 -12 19 -17 16 -15 19 -4 -4 -11 21 -14 21 -14 17 -13 20 -8 20 -13 23 -6 16 -12 22 -7 17 -8 22 -6 20 -10 21 -7 23 -10 24 -7 19 -5 20 -4 27 -11 24 -7 21 -10 23 -8 22 -11 22 -4 26 -7 19 -11 19 -4 17 -2 -3 0 0 0 0 0 0 0 0 ]
CSI_DATA,AP,68:FE:71:12:53:8C,-48,11,1,4,1,1,1,0,0,0,0,-94,0,6,1,27557877,0,84,0,0,27.558,384,[84 -64 4 0 0 0 0 0 0 0 0 0 18 -14 13 -9 14 -14 13 -9 21 -15 18 -9 20 -14 14 -14 14 -12 20 -11 15 -8 22 -11 23 -7 18 -8 17 -5 17 -7 17 -9 20 -2 14 -8 15 -6 14 -4 14 -8 16 -8 13 -4 16 -9 14 -3 -2 4 20 -9 19 -7 14 -5 12 -9 12 -3 15 -5 18 -5 18 -9 10 -5 17 -10 16 -12 11 -6 15 -10 14 -9 9 -11 15 -8 11 -14 10 -15 12 -7 7 -15 7 -14 12 -14 6 -14 14 -17 13 -11 6 -16 -2 -3 0 0 0 0 0 0 0 0 ]
CSI_DATA,AP,68:FE:71:12:53:8C,-43,11,1,5,1,1,1,0,0,0,0,-93,0,6,1,27659734,0,84,0,0,27.66,384,[84 -64 4 0 0 0 0 0 0 0 0 0 5 -17 6 -23 9 -19 8 -18 11 -22 9 -19 11 -17 17 -22 11 -22 11 -25 19 -25 11 -19 14 -25 16 -18 18 -21 14 -17 16 -18 20 -18 14 -14 19 -20 15 -13 14 -18 11 -16 15 -14 16 -22 18 -21 4 4 16 -21 13 -15 12 -23 15 -16 17 -16 17 -20 15 -19 9 -16 16 -16 8 -16 14 -17 13 -23 9 -24 15 -20 11 -17 10 -16 12 -20 11 -22 12 -23 8 -21 6 -18 6 -23 11 -21 13 -25 9 -25 4 -22 3 -3 0 0 0 0 0 0 0 0 ]
CSI_DATA,AP,68:FE:71:12:53:8C,-43,11,1,5,1,1,1,0,0,0,0,-94,0,6,1,27742553,0,84,0,0,27.743,384,[84 -64 4 0 0 0 0 0 0 0 0 0 6 -4 6 -9 12 0 11 -6 5 -6 12 0 7 0 10 -3 13 0 9 -1 9 -6 14 -6 12 -4 8 1 13 -5 12 -6 7 -6 9 -2 11 -4 8 -1 9 -1 5 -2 8 0 8 -5 10 -3 11 -4 2 -1 11 2 10 0 6 -4 7 -7 12 -1 12 -7 9 -3 9 0 5 -8 11 0 5 -5 7 -1 4 -4 6 -9 10 -2 13 -6 5 -1 12 -7 11 -2 5 -7 12 -4 12 -3 7 -1 9 -3 8 -4 11 -9 -4 3 0 0 0 0 0 0 0 0 ]
CSI_DATA,AP,68:FE:71:12:53:8C,-46,11,1,3,1,1,1,0,0,0,0,-96,0,6,1,27837883,0,84,0,0,27.838,384,[84 -64 4 0 0 0 0 0 0 0 0 0 3 -14 9 -15 2 -13 6 -9 9 -10 10 -7 8 -7 6 -9 12 -10 11 -13 7 -10 11 -14 13 -12 13 -14 10 -13 12 -9 14 -6 11 -10 8 -9 15 -5 13 -7 15 -13 6 -8 11 -8 9 -6 15 -11 1 -3 7 -9 12 -11 13 -9 10 -10 6 -7 15 -8 6 -8 6 -7 11 -9 6 -8 9 -11 10 -6 8 -9 11 -13 10 -15 7 -11 8 -13 4 -10 8 -11 7 -11 8 -10 8 -6 4 -12 8 -13 5 -12 9 -11 1 -1 0 0 0 0 0 0 0 0 ]
CSI_DATA,AP,68:FE:71:12:53:8C,-45,11,0,0,0,0,0,1,0,0,0,-96,3,6,1,27930070,0,37,0,0,27.93,128,[84 -64 4 0 0 0 0 0 0 0 0 0 -2 -23 -1 -22 -2 -23 -2 -25 0 -24 -3 -18 0 -22 0 -17 0 -20 1 -19 1 -22 2 -19 4 -23 -2 -17 5 -18 3 -19 -1 -17 4 -18 5 -20 5 -14 1 -18 4 -20 -1 -17 4 -20 -1 -19 4 -19 2 -4 2 -15 -3 -21 3 -14 -3 -20 3 -19 -4 -18 2 -21 -4 -12 0 -20 0 -14 -6 -13 -1 -12 0 -14 0 -13 -8 -12 -8 -18 -5 -20 -4 -14 -2 -18 -10 -16 -4 -13 -3 -16 -10 -18 -5 -15 -5 -19 -9 -15 2 1 0 0 0 0 0 0 0 0 ]
CSI_DATA,AP,68:FE:71:12:53:8C,-46,11,1,3,1,1,1,0,0,0,0,-94,0,6,1,28023596,0,84,0,0,28.024,384,[37 80 2 0 0 0 0 0 0 0 0 0 4 28 5 27 5 36 2 31 4 35 0 33 6 32 0 27 -4 35 -3 30 3 36 0 31 -1 32 0 31 1 32 0 35 -4 27 -3 31 1 29 -6 28 -3 30 3 24 -5 29 -1 24 4 27 1 26 1 1 3 26 -3 23 5 23 5 25 2 24 6 30 -2 29 0 23 5 23 5 20 9 23 2 27 8 22 6 26 4 26 9 28 5 29 5 21 9 20 8 25 10 20 12 25 6 26 9 26 9 21 11 22 3 3 0 0 0 0 0 0 0 0 ]
CSI_DATA,AP,68:FE:71:12:53:8C,-46,11,1,4,1,1,1,0,0,0,0,-93,0,6,1,28114862,0,84,0,0,28.115,384,[84 -64 4 0 0 0 0 0 0 0 0 0 19 13 21 7 18 15 18 16 17 9 19 14 10 15 15 11 14 14 13 10 17 14 15 14 16 12 13 19 12 14 7 16 10 12 6 12 11 15 9 13 13 10 6 11 9 16 14 17 14 14 12 12 3 1 14 15 10 13 8 9 14 14 15 9 13 14 8 8 11 11 11 14 12 9 10 14 7 8 11 8 16 13 8 7 15 8 10 7 18 12 11 7 9 7 18 6 17 9 17 11 12 11 11 11 13 9 -3 3 0 0 0 0 0 0 0 0 ]
CSI_DATA,AP,68:FE:71:12:53:8C,-44,11,1,4,1,1,1,0,0,0,0,-96,0,6,1,28198244,0,84,0,0,28.198,384,[84 -64 4 0 0 0 0 0 0 0 0 0 19 0 17 -1 15 8 16 2 20 1 18 3 21 1 14 8 19 6 20 6 20 4 12 6 13 11 20 6 13 11 19 5 12 7 10 4 16 5 15 3 12 9 14 4 13 3 14 10 13 10 10 4 0 3 14 9 12 3 11 8 18 6 10 8 16 6 16 1 16 4 13 0 12 -1 17 4 17 4 12 5 15 1 11 4 16 6 12 0 17 3 13 -3 13 3 14 -3 12 5 18 2 16 -2 17 1 12 2 2 0 0 0 0 0 0 0 0 0 ]
CSI_DATA,AP,68:FE:71:12:53:8C,-42,11,1,4,1,1,1,0,0,0,0,-95,0,6,1,28263046,0,84,0,0,28.263,384,[84 -64 4 0 0 0 0 0 0 0 0 0 -18 -8 -18 -5 -16 -7 -23 -5 -18 -5 -14 -7 -15 -7 -16 -12 -20 -6 -21 -12 -14 -13 -16 -13 -14 -7 -15 -6 -13 -9 -12 -12 -14 -5 -18 -6 -17 -11 -13 -10 -15 -8 -11 -5 -16 -8 -12 -10 -12 -8 -15 -11 -2 -4 -18 -6 -11 -5 -16 -9 -11 -10 -11 -3 -12 -7 -12 -9 -16 -4 -11 -10 -15 -2 -12 -7 -11 -6 -14 -6 -16 -3 -14 0 -18 -7 -11 -6 -14 -6 -19 -6 -13 0 -11 -2 -17 -7 -19 -5 -16 1 -17 -3 -18 1 3 -3 0 0 0 0 0 0 0 0 ]
CSI_DATA,AP,68:FE:71:12:53:8C,-45,11,1,3,1,1,1,0,0,0,0,-96,0,6,1,28370090,0,84,0,0,28.37,384,[84 -64 4 0 0 0 0 0 0 0 0 0 -2 -18 -2 -24 2 -20 6 -21 0 -17 2 -16 9 -18 5 -18 8 -18 5 -19 4 -19 6 -19 3 -19 7 -21 3 -16 11 -14 11 -14 3 -13 5 -20 6 -21 5 -18 3 -19 11 -12 4 -14 3 -13 8 -16 3 -2 7 -16 2 -14 6 -18 1 -18 5 -15 6 -17 3 -16 -1 -14 4 -15 2 -14 0 -12 1 -13 -2 -20 0 -16 -2 -18 -3 -12 4 -15 5 -16 4 -19 2 -14 -3 -14 -2 -21 -5 -13 -3 -13 -4 -13 -3 -19 -3 1 0 0 0 0 0 0 0 0 ]
CSI_DATA,AP,68:FE:71:12:53:8C,-40,11,1,6,1,1,1,0,0,0,0,-96,0,6,1,28465727,0,84,0,0,28.466,384,[84 -64 4 0 0 0 0 0 0 0 0 0 22 8 18 3 20 3 18 6 20 11 19 5 14 7 14 10 18 8 18 10 16 11 14 5 15 11 16 6 15 11 18 13 18 11 17 5 10 10 10 11 18 12 18 6 14 4 18 7 11 8 11 11 1 -2 13 6 10 5 16 12 15 6 13 4 14 8 15 9 11 3 12 2 15 7 11 7 11 8 10 1 15 1 11 8 11 5 11 1 19 6 19 4 11 3 18 6 17 6 17 6 15 4 15 3 13 2 0 -3 0 0 0 0 0 0 0 0 ]
CSI_DATA,AP,68:FE:71:12:53:8C,-46,11,1,5,1,1,1,1,0,0,0,-93,6,6,1,28556828,0,84,0,0,28.557,384,[84 -64 4 0 0 0 0 0 0 0 0 0 -9 19 -6 17 -11 12 -14 16 -13 12 -8 14 -7 17 -13 11 -13 10 -15 12 -11 11 -10 13 -12 12 -14 8 -12 8 -14 9 -17 13 -15 10 -15 15 -15 7 -9 7 -7 6 -10 7 -15 12 -13 12 -12 6 -1 -2 -14 13 -10 6 -11 14 -11 14 -13 7 -10 13 -12 13 -5 13 -9 7 -9 10 -8 8 -12 13 -9 15 -8 9 -11 11 -10 13 -5 10 -4 14 -8 16 -3 10 -10 9 -10 11 -4 13 -8 9 -5 10 -3 13 -3 0 0 0 0 0 0 0 0 0 ]
CSI_DATA,AP,68:FE:71:12:53:8C,-47,11,0,0,0,0,0,0,0,0,0,-94,0,6,1,28630643,0,37,0,0,28.631,128,[84 -64 4 0 0 0 0 0 0 0 0 0 -13 19 -6 13 -15 13 -9 17 -10 15 -8 16 -12 13 -11 17 -14 11 -15 16 -16 14 -17 12 -17 15 -13 14 -15 16 -15 11 -9 14 -8 12 -12 15 -10 16 -12 9 -12 11 -14 7 -12 9 -13 11 -8 15 -3 -4 -8 13 -8 8 -10 13 -11 15 -9 8 -5 10 -8 12 -7 14 -9 8 -8 10 -8 12 -11 11 -6 15 -5 16 -8 12 -9 12 -7 10 -9 11 -2 11 -6 17 -7 18 -8 14 -3 15 -7 12 -1 11 -4 16 1 4 0 0 0 0 0 0 0 0 ]
CSI_DATA,AP,68:FE:71:12:53:8C,-46,11,1,5,1,1,1,0,0,0,0,-94,0,6,1,28717320,0,84,0,0,28.717,384,[84 -64 4 0 0 0 0 0 0 0 0 0 23 -2 18 -1 22 0 19 7 24 7 20 1 20 7 20 7 22 2 18 10 15 10 15 8 23 4 20 4 19 4 18 3 15 3 18 4 14 4 17 9 15 5 19 8 18 4 20 5 18 6 19 9 -3 -2 14 7 17 4 14 7 18 6 15 6 11 8 13 8 15 5 17 1 11 0 16 2 17 4 11 -2 15 4 14 1 15 0 14 -3 20 -3 17 -3 12 1 21 1 18 2 12 -3 16 3 14 -1 18 -3 -2 2 0 0 0 0 0 0 0 0 ]
CSI_DATA,AP,68:FE:71:12:53:8C,-48,11,1,3,1,1,1,0,0,0,0,-94,0,6,1,28835933,0,84,0,0,28.836,384,[84 -64 4 0 0 0 0 0 0 0 0 0 -21 -8 -23 -8 -16 -6 -15 -9 -19 -11 -14 -13 -19 -12 -15 -13 -19 -9 -19 -9 -16 -15 -17 -15 -16 -10 -12 -10 -13 -8 -17 -16 -11 -13 -15 -10 -15 -12 -15 -8 -15 -15 -13 -13 -13 -13 -9 -9 -15 -13 -18 -7 -4 -4 -15 -11 -11 -8 -12 -8 -15 -12 -15 -9 -10 -9 -10 -6 -14 -10 -12 -8 -15 -3 -11 -9 -13 -11 -11 -6 -13 -5 -12 -5 -17 -3 -11 -7 -15 -4 -15 -6 -14 -8 -14 -9 -12 -3 -16 -10 -20 -7 -18 0 -19 -1 3 -2 0 0 0 0 0 0 0 0 ]
CSI_DATA,AP,68:FE:71:12:53:8C,-47,11,1,5,1,1,1,0,0,0,0,-94,0,6,1,28938755,0,84,0,0,28.939,384,[84 -64 4 0 0 0 0 0 0 0 0 0 13 -10 10 -16 15 -10 17 -13 14 -10 10 -9 11 -13 13 -11 11 -12 13 -10 18 -12 15 -11 10 -7 13 -12 12 -8 16 -12 14 -12 10 -11 10 -7 9 -4 16 -8 14 -9 10 -8 11 -8 15 -4 8 -7 -3 1 16 -11 8 -8 15 -11 14 -12 14 -8 14 -10 14 -11 13 -8 7 -10 6 -12 8 -12 6 -6 13 -11 12 -11 6 -12 8 -14 7 -12 8 -15 7 -10 7 -11 11 -7 12 -10 8 -15 4 -16 9 -8 4 -14 -3 0 0 0 0 0 0 0 0 0 ]
CSI_DATA,AP,68:FE:71:12:53:8C,-40,11,1,6,1,1,1,0,0,0,0,-96,0,6,1,29059241,0,84,0,0,29.059,384,[84 -64 4 0 0 0 0 0 0 0 0 0 5 3 2 4 10 3 3 7 8 11 4 7 5 6 3 9 6 7 9 9 8 11 2 11 6 10 5 4 2 4 3 8 7 7 4 12 1 4 6 4 7 3 0 9 3 6 3 5 3 6 1 11 4 4 2 4 6 3 5 4 4 4 8 5 0 8 2 7 6 6 4 4 8 5 0 3 3 9 5 9 1 1 6 5 8 6 9 2 8 6 1 7 8 0 1 5 8 8 6 1 10 7 5 2 4 5 -2 -1 0 0 0 0 0 0 0 0 ]
CSI_DATA,AP,68:FE:71:12:53:8C,-45,11,1,3,1,1,1,0,0,0,0,-93,0,6,1,29126627,0,84,0,0,29.127,384,[84 -64 4 0 0 0 0 0 0 0 0 0 -20 0 -24 -1 -22 -7 -24 -5 -18 -2 -18 -3 -17 -9 -20 -10 -21 -4 -19 -6 -14 -7 -19 -7 -21 -7 -19 -10 -15 -8 -21 -13 -13 -10 -17 -8 -14 -7 -16 -13 -12 -13 -18 -8 -17 -11 -16 -7 -11 -6 -15 -6 1 -1 -14 -6 -19 -3 -17 -4 -19 -11 -15 -7 -11 -3 -15 -2 -15 -2 -18 -10 -12 -9 -15 -8 -13 -9 -13 -7 -15 -1 -14 -2 -19 -2 -18 -8 -12 1 -20 -5 -13 2 -18 -6 -13 -3 -19 -3 -15 -5 -17 -5 -18 0 3 4 0 0 0 0 0 0 0 0 ]
CSI_DATA,AP,68:FE:71:12:53:8C,-46,11,1,4,1,1,1,0,0,0,0,-94,0,6,1,29249101,0,84,0,0,29.249,384,[84 -64 4 0 0 0 0 0 0 0 0 0 11 -19 11 -19 10 -17 13 -18 12 -14 12 -10 12 -8 15 -8 14 -10 20 -8 19 -11 14 -14 18 -14 18 -9 18 -6 19 -8 18 -9 14 -10 14 -11 18 -8 19 -11 12 -5 11 -8 18 -8 12 -6 16 -5 0 -4 14 -13 16 -8 10 -8 12 -4 12 -5 10 -12 12 -11 11 -10 8 -6 9 -11 11 -13 12 -11 15 -13 14 -11 9 -8 14 -13 11 -13 9 -12 9 -7 10 -14 10 -13 10 -11 12 -17 5 -12 8 -10 10 -10 -4 1 0 0 0 0 0 0 0 0 ]
CSI_DATA,AP,68:FE:71:12:53:8C,-42,11,1,6,1,1,1,1,0,0,1,-93,2,6,1,29351101,0,84,0,0,29.351,384,[84 -64 4 0 0 0 0 0 0 0 0 0 -10 19 -13 11 -12 12 -18 16 -10 14 -13 17 -18 11 -17 16 -17 16 -14 15 -12 11 -11 13 -19 15 -12 12 -16 12 -15 13 -15 10 -15 9 -17 10 -13 11 -17 13 -14 6 -9 8 -11 7 -16 9 -14 14 -1 1 -15 8 -10 12 -16 15 -15 9 -9 14 -9 12 -16 10 -15 13 -11 14 -10 13 -9 10 -13 14 -8 9 -11 9 -13 10 -9 10 -8 17 -9 13 -9 15 -12 10 -7 16 -5 17 -3 10 -7 16 -10 18 -10 13 2 -4 0 0 0 0 0 0 0 0 ]
CSI_DATA,AP,68:FE:71:12:53:8C,-47,11,1,5,1,1,1,0,0,0,0,-94,0,6,1,29428830,0,84,0,0,29.429,384,[84 -64 4 0 0 0 0 0 0 0 0 0 15 10 10 12 13 14 10 10 9 14 12 18 11 14 8 19 10 13 10 19 6 16 5 19 7 13 7 17 8 11 5 12 8 15 2 18 6 12 10 18 3 16 8 10 8 13 10 13 2 16 3 11 2 -1 4 12 4 15 6 10 3 11 7 9 8 16 10 10 7 15 11 12 11 9 8 8 13 11 8 15 12 13 8 7 11 14 9 9 13 7 8 14 13 10 9 8 7 8 14 13 12 5 14 12 7 7 1 1 0 0 0 0 0 0 0 0 ]
CSI_DATA,AP,68:FE:71:12:53:8C,-46,11,1,3,1,1,1,1,0,0,0,-94,5,6,1,29524143,0,84,0,0,29.524,384,[84 -64 4 0 0 0 0 0 0 0 0 0 -20 -6 -16 -9 -19 -15 -11 -12 -16 -9 -11 -15 -12 -13 -16 -8 -14 -14 -16 -8 -13 -16 -13 -15 -9 -18 -11 -17 -12 -9 -13 -14 -13 -9 -10 -11 -8 -11 -13 -16 -14 -12 -16 -15 -12 -9 -9 -9 -12 -9 -7 -15 -2 1 -12 -11 -10 -12 -7 -10 -15 -7 -9 -10 -12 -13 -13 -13 -11 -9 -9 -12 -12 -6 -12 -6 -14 -9 -17 -4 -10 -4 -14 -10 -12 -6 -15 -4 -12 -7 -10 -7 -17 -9 -17 -9 -10 -3 -12 -9 -18 -9 -14 -6 -11 -5 -4 -4 0 0 0 0 0 0 0 0 ]
CSI_DATA,AP,68:FE:71:12:53:8C,-42,11,1,5,1,1,1,0,0,0,0,-95,0,6,1,29618362,0,84,0,0,29.618,384,[84 -64 4 0 0 0 0 0 0 0 0 0 14 9 16 10 16 9 15 14 16 14 15 10 16 14 13 10 9 18 14 15 14 14 9 16 9 15 14 11 12 10 9 11 6 11 12 10 6 11 7 10 13 15 10 9 8 11 13 17 11 10 7 9 -3 -1 7 8 10 11 7 11 11 14 11 14 14 10 11 14 8 9 12 10 12 12 10 12 11 12 11 14 7 7 7 10 15 8 14 8 11 8 14 4 16 6 9 11 9 10 15 7 17 5 16 10 9 5 -1 3 0 0 0 0 0 0 0 0 ]
CSI_DATA,AP,68:FE:71:12:53:8C,-48,11,1,4,1,1,1,0,0,0,0,-96,0,6,1,29725622,0,84,0,0,29.726,384,[84 -64 4 0 0 0 0 0 0 0 0 0 -8 -22 -1 -18 -5 -21 -2 -17 -2 -17 2 -17 -2 -18 5 -17 -1 -19 -1 -21 -1 -17 5 -24 5 -24 1 -21 1 -22 0 -17 -1 -16 -2 -17 2 -19 4 -14 4 -18 -1 -19 -2 -19 6 -18 4 -15 3 -14 -4 0 -1 -18 0 -14 -1 -19 0 -14 4 -15 4 -16 -1 -13 -1 -17 4 -19 -2 -18 -1 -14 -4 -15 2 -17 -6 -19 -2 -17 -1 -15 -2 -17 1 -17 0 -20 0 -13 -3 -12 -7 -20 -3 -12 -5 -14 -7 -18 -4 -17 1 -3 0 0 0 0 0 0 0 0 ]
CSI_DATA,AP,68:FE:71:12:53:8C,-45,11,1,3,1,1,1,1,0,0,0,-93,6,6,1,29850025,0,84,0,0,29.85,384,[84 -64 4 0 0 0 0 0 0 0 0 0 -7 -22 -6 -23 -9 -24 -10 -18 -6 -20 -2 -24 0 -21 -3 -21 -4 -21 0 -17 -3 -24 -5 -21 -1 -23 -3 -17 2 -21 -4 -16 -1 -21 4 -14 -3 -17 3 -21 1 -15 -3 -21 -1 -20 -1 -20 3 -21 -2 -21 0 -2 -1 -16 -4 -18 -4 -20 -4 -20 2 -18 -6 -12 -6 -18 -7 -16 -1 -14 -7 -13 -4 -13 0 -20 -2 -15 -7 -18 -2 -15 -7 -16 -9 -13 -5 -13 -9 -16 -9 -12 -3 -12 -4 -12 -10 -13 -5 -16 -8 -14 -3 -18 -3 -2 0 0 0 0 0 0 0 0 ]
CSI_DATA,AP,68:FE:71:12:53:8C,-42,11,1,5,1,1,1,0,0,0,0,-95,0,6,1,29957543,0,84,0,0,29.958,384,[84 -64 4 0 0 0 0 0 0 0 0 0 10 19 9 21 9 21 7 17 4 23 8 22 3 19 5 22 3 22 0 20 5 19 3 20 -2 24 -1 24 1 21 2 16 0 17 0 20 5 17 2 19 2 15 3 19 5 18 1 20 6 20 4 18 1 -4 5 17 4 19 4 20 1 20 0 18 4 20 0 13 0 20 1 19 6 10 4 13 4 17 4 19 3 12 3 17 11 11 9 16 7 11 10 10 10 15 7 15 5 10 11 13 6 13 12 12 8 9 0 -1 0 0 0 0 0 0 0 0 ]
CSI_DATA,AP,68:FE:71:12:53:8C,-42,11,1,4,1,1,1,0,0,0,0,-94,0,6,1,30069216,0,84,0,0,30.069,384,[84 -64 4 0 0 0 0 0 0 0 0 0 7 14 9 17 9 16 7 16 12 16 6 23 10 18 3 18 2 19 5 13 6 22 4 23 1 18 4 23 4 20 4 17 3 18 -1 15 7 22 6 17 -1 14 0 16 3 18 7 14 1 16 5 19 -1 -2 3 12 2 13 8 15 1 19 2 19 8 16 6 19 4 17 7 19 10 10 6 12 7 12 4 18 4 13 7 17 8 10 10 15 5 14 8 13 9 8 9 11 12 16 7 10 8 16 13 17 7 9 -3 0 0 0 0 0 0 0 0 0 ]
CSI_DATA,AP,68:FE:71:12:53:8C,-41,11,1,5,1,1,1,0,0,0,0,-95,0,6,1,30175231,0,84,0,0,30.175,384,[84 -64 4 0 0 0 0 0 0 0 0 0 -24 -1 -21 -7 -19 -10 -23 -7 -17 -4 -23 -8 -16 -8 -20 -12 -20 -9 -17 -7 -23 -7 -16 -8 -21 -11 -17 -10 -18 -13 -18 -15 -18 -9 -15 -12 -14 -7 -12 -6 -14 -11 -12 -13 -18 -12 -17 -9 -15 -9 -15 -8 1 3 -18 -7 -16 -6 -15 -10 -18 -10 -12 -10 -20 -10 -15 -6 -14 -4 -16 -11 -14 -3 -20 -3 -17 -4 -16 -6 -16 -8 -16 -7 -21 -9 -14 -5 -20 -4 -13 -4 -18 -7 -13 -6 -16 -8 -13 -2 -16 -2 -14 -4 -19 -6 2 2 0 0 0 0 0 0 0 0 ]
CSI_DATA,AP,68:FE:71:12:53:8C,-46,11,1,5,1,1,1,0,0,0,1,-95,0,6,1,30261354,0,84,0,0,30.261,384,[84 -64 4 0 0 0 0 0 0 0 0 0 -6 20 -8 23 -14 18 -9 19 -15 18 -8 15 -13 17 -12 16 -14 19 -11 20 -12 20 -10 21 -11 17 -12 13 -16 15 -18 12 -11 16 -9 13 -12 12 -13 16 -14 14 -10 16 -10 15 -16 16 -10 14 -15 12 2 -3 -16 13 -14 15 -12 14 -14 19 -7 13 -7 14 -11 11 -11 18 -9 19 -12 14 -12 13 -6 11 -3 13 -7 13 -5 12 -5 18 -5 19 -8 18 -3 19 -8 19 -3 14 -6 18 -5 13 -9 20 -8 12 -5 19 -3 4 0 0 0 0 0 0 0 0 ]
CSI_DATA,AP,68:FE:71:12:53:8C,-47,11,1,3,1,1,1,0,0,0,0,-96,0,6,1,30367209,0,84,0,0,30.367,384,[84 -64 4 0 0 0 0 0 0 0 0 0 -16 -21 -15 -19 -17 -19 -17 -18 -14 -21 -6 -19 -14 -16 -6 -18 -6 -24 -12 -18 -13 -17 -13 -23 -11 -20 -9 -23 -5 -17 -10 -22 -6 -15 -7 -16 -4 -21 -5 -17 -5 -16 -6 -21 -2 -15 -9 -19 -3 -20 -8 -17 -4 -1 -9 -16 -7 -15 -11 -19 -13 -13 -6 -17 -3 -18 -5 -18 -12 -16 -10 -17 -11 -16 -12 -19 -13 -19 -14 -20 -10 -12 -7 -12 -9 -15 -12 -16 -7 -17 -8 -19 -14 -18 -15 -13 -13 -16 -9 -13 -17 -18 -12 -12 -13 -12 -1 -3 0 0 0 0 0 0 0 0 ]
CSI_DATA,AP,68:FE:71:12:53:8C,-44,11,1,4,1,1,1,0,0,0,0,-94,0,6,1,30476384,0,84,0,0,30.476,384,[84 -64 4 0 0 0 0 0 0 0 0 0 10 -15 11 -12 16 -19 18 -14 16 -16 16 -13 13 -10 15 -11 19 -8 22 -10 23 -9 22 -7 14 -9 22 -9 16 -13 16 -11 17 -6 13 -5 16 -11 14 -5 18 -6 20 -4 18 -8 20 -5 18 -9 19 -9 4 4 19 -7 19 -6 11 -11 16 -12 16 -12 10 -7 19 -9 15 -13 15 -9 11 -14 14 -15 16 -11 15 -15 10 -12 8 -9 16 -15 13 -8 16 -9 16 -8 13 -17 11 -9 8 -13 15 -11 14 -12 12 -10 11 -11 0 2 0 0 0 0 0 0 0 0 ]
CSI_DATA,AP,68:FE:71:12:53:8C,-47,11,1,3,1,1,1,0,0,0,0,-95,0,6,1,30563124,0,84,0,0,30.563,384,[84 -64 4 0 0 0 0 0 0 0 0 0 24 -5 25 -3 18 -4 25 4 18 3 22 3 22 2 20 3 19 2 22 2 22 4 23 5 23 6 20 2 16 8 19 8 22 8 17 6 15 1 18 5 15 2 16 2 18 4 20 7 20 2 21 8 1 -3 19 2 19 4 17 3 15 1 17 0 15 4 20 6 20 2 19 3 17 0 18 4 16 0 18 3 16 -3 12 -1 20 -4 15 0 18 -1 19 -3 17 -3 16 -5 17 -5 14 -6 18 0 15 -5 12 -5 -4 -1 0 0 0 0 0 0 0 0 ]
CSI_DATA,AP,68:FE:71:12:53:8C,-47,11,1,5,1,1,1,1,0,0,0,-95,3,6,1,30679144,0,82,0,0,30.679,384,[84 -64 4 0 0 0 0 0 0 0 0 0 21 4 20 6 18 10 20 12 18 6 15 15 16 16 19 16 15 15 18 15 17 11 13 13 16 15 17 15 19 10 19 11 11 11 10 12 13 11 11 12 13 14 9 13 15 10 10 17 11 9 9 15 1 -3 10 14 15 8 13 10 14 5 13 13 17 13 18 8 11 6 15 6 13 11 16 5 13 12 12 8 12 8 18 9 17 6 15 11 18 9 16 6 18 4 20 5 12 11 17 4 19 4 15 9 12 0 -2 3 0 0 0 0 0 0 0 0 ]
CSI_DATA,AP,68:FE:71:12:53:8C,-45,11,1,5,1,1,1,0,0,0,0,-94,0,6,1,30795606,0,84,0,0,30.796,384,[84 -64 4 0 0 0 0 0 0 0 0 0 -18 13 -13 13 -21 10 -16 10 -19 9 -15 13 -21 7 -22 6 -17 6 -16 7 -24 13 -18 11 -18 10 -19 8 -19 6 -24 10 -19 8 -14 4 -22 10 -21 11 -20 6 -20 11 -12 4 -15 8 -21 7 -13 8 2 0 -17 6 -14 5 -12 9 -14 8 -13 11 -13 10 -13 12 -13 13 -13 12 -13 6 -13 12 -13 12 -12 14 -14 8 -12 6 -14 14 -12 10 -15 11 -16 8 -9 14 -15 13 -14 13 -12 11 -8 16 -9 16 -8 16 4 -1 0 0 0 0 0 0 0 0 ]
CSI_DATA,AP,68:FE:71:12:53:8C,-45,11,1,4,1,1,1,0,0,0,0,-94,0,6,1,30922446,0,84,0,0,30.922,384,[84 -64 4 0 0 0 0 0 0 0 0 0 9 -20 15 -17 9 -19 13 -22 13 -18 15 -13 10 -13 12 -15 18 -12 12 -12 14 -18 15 -10 17 -16 14 -17 14 -16 14 -14 18 -13 9 -6 14 -12 17 -12 18 -8 10 -13 11 -13 11 -8 12 -9 9 -12 1 4 9 -11 15 -14 14 -10 15 -14 12 -11 13 -13 12 -14 8 -10 7 -14 9 -8 14 -13 9 -14 11 -13 13 -13 12 -11 10 -13 14 -18 6 -18 7 -11 10 -14 13 -12 7 -14 3 -11 9 -16 8 -13 5 -13 -2 0 0 0 0 0 0 0 0 0 ]
CSI_DATA,AP,68:FE:71:12:53:8C,-46,11,1,3,1,1,1,0,0,0,0,-96,0,6,1,31055199,0,84,0,0,31.055,384,[84 -64 4 0 0 0 0 0 0 0 0 0 17 2 15 8 15 5 16 9 12 12 15 12 16 14 17 13 12 15 19 7 21 9 15 7 18 8 13 7 15 15 10 15 13 8 12 13 14 11 8 7 12 8 10 12 11 8 15 12 19 13 15 5 0 -4 15 7 9 12 11 12 15 8 13 5 12 6 17 13 10 4 16 7 17 8 18 8 10 5 19 8 11 1 14 7 20 0 12 5 16 2 20 8 13 0 19 4 16 8 11 5 12 3 17 5 13 2 1 1 0 0 0 0 0 0 0 0 ]
CSI_DATA,AP,68:FE:71:12:53:8C,-47,11,1,3,1,1,1,0,0,0,0,-95,0,6,1,31161741,0,84,0,0,31.162,384,[84 -64 4 0 0 0 0 0 0 0 0 0 9 15 12 14 13 14 10 17 13 20 5 20 8 19 5 13 10 22 6 14 5 22 8 22 10 17 6 19 2 14 4 17 7 16 1 20 6 17 8 17 2 19 4 20 4 17 1 20 8 13 7 19 4 1 8 17 5 19 6 13 4 18 9 11 8 14 4 19 5 15 2 12 8 16 9 18 8 12 4 11 8 12 7 13 12 15 10 13 11 14 6 13 13 14 5 15 11 8 13 17 9 15 9 8 11 14 -2 1 0 0 0 0 0 0 0 0 ]
CSI_DATA,AP,68:FE:71:12:53:8C,-46,11,1,4,1,1,1,0,0,0,0,-96,0,6,1,31250566,0,84,0,0,31.251,384,[84 -64 4 0 0 0 0 0 0 0 0 0 -15 -15 -14 -15 -20 -17 -18 -18 -13 -15 -15 -20 -14 -16 -13 -19 -16 -19 -10 -15 -12 -16 -12 -21 -10 -21 -12 -16 -14 -18 -8 -14 -15 -14 -14 -18 -12 -18 -13 -15 -6 -12 -10 -15 -7 -17 -15 -14 -7 -20 -7 -14 2 -3 -11 -13 -15 -10 -16 -16 -8 -13 -8 -15 -14 -16 -16 -11 -13 -12 -8 -14 -8 -9 -18 -13 -10 -10 -11 -7 -9 -12 -12 -10 -11 -8 -16 -9 -17 -6 -11 -8 -10 -6 -11 -10 -12 -13 -13 -13 -16 -6 -12 -12 -19 -11 3 -3 0 0 0 0 0 0 0 0 ]
CSI_DATA,AP,68:FE:71:12:53:8C,-46,11,1,3,1,1,1,0,0,0,0,-94,0,6,1,31338889,0,84,0,0,31.339,384,[84 -64 4 0 0 0 0 0 0 0 0 0 -19 -14 -14 -16 -12 -13 -18 -18 -12 -14 -17 -15 -11 -17 -16 -20 -10 -20 -14 -19 -10 -13 -9 -18 -13 -17 -13 -21 -9 -16 -10 -14 -10 -21 -14 -12 -13 -17 -7 -14 -10 -19 -6 -18 -4 -19 -8 -13 -9 -12 -10 -13 -1 -2 -10 -14 -9 -19 -7 -16 -13 -18 -12 -16 -11 -16 -9 -16 -8 -12 -14 -9 -11 -14 -9 -13 -8 -9 -13 -15 -11 -14 -10 -14 -18 -9 -17 -12 -17 -10 -12 -14 -13 -10 -12 -14 -14 -10 -18 -13 -17 -9 -17 -7 -13 -8 4 1 0 0 0 0 0 0 0 0 ]
CSI_DATA,AP,68:FE:71:12:53:8C,-50,11,1,3,1,1,1,0,0,0,0,-94,0,6,1,31434087,0,84,0,0,31.434,384,[84 -64 4 0 0 0 0 0 0 0 0 0 -3 22 -4 19 -1 21 -6 17 -10 23 -11 21 -4 21 -8 22 -13 18 -10 18 -12 18 -7 15 -14 14 -13 19 -7 19 -6 16 -7 16 -12 13 -12 12 -7 12 -7 15 -10 12 -12 13 -9 12 -13 16 -4 18 -3 4 -10 15 -6 16 -11 17 -8 12 -7 14 -4 18 -5 14 -9 13 -7 19 -1 11 -3 17 -3 15 -2 12 -4 15 -1 14 1 18 1 13 -1 12 -4 17 -1 17 0 20 2 20 -1 12 0 14 2 20 -2 14 2 1 0 0 0 0 0 0 0 0 ]
CSI_DATA,AP,68:FE:71:12:53:8C,-42,11,1,6,1,1,1,0,0,0,0,-94,0,6,1,31537390,0,84,0,0,31.537,384,[84 -64 4 0 0 0 0 0 0 0 0 0 3 17 4 16 10 16 4 25 2 17 1 16 -1 17 3 16 1 19 3 23 5 19 5 17 2 20 0 23 4 21 2 17 -1 21 -3 13 -2 20 2 14 3 19 1 20 -1 13 -2 18 4 17 4 18 1 2 2 17 1 14 0 14 -1 17 -2 16 6 20 1 16 -1 12 3 12 7 16 7 18 7 16 9 11 6 15 0 18 6 12 8 15 8 18 5 13 9 15 4 12 7 11 11 12 12 14 4 16 9 15 0 0 0 0 0 0 0 0 0 0 ]
CSI_DATA,AP,68:FE:71:12:53:8C,-43,11,1,4,1,1,1,0,0,0,0,-94,0,6,1,31653564,0,84,0,0,31.654,384,[84 -64 4 0 0 0 0 0 0 0 0 0 14 -12 15 -17 17 -16 16 -19 17 -13 12 -16 18 -12 16 -11 18 -16 15 -10 12 -14 18 -17 18 -13 15 -8 16 -15 14 -11 20 -13 12 -12 13 -7 18 -6 16 -11 13 -11 17 -13 17 -6 17 -12 11 -15 -3 2 16 -10 16 -9 11 -14 12 -15 9 -6 13 -11 12 -9 8 -8 10 -7 15 -7 9 -16 9 -13 7 -13 13 -15 10 -8 11 -15 12 -9 7 -13 10 -13 4 -10 12 -13 9 -13 5 -16 5 -13 10 -16 9 -15 2 4 0 0 0 0 0 0 0 0 ]
CSI_DATA,AP,68:FE:71:12:53:8C,-46,11,1,3,1,1,1,0,0,0,0,-95,0,6,1,31767078,0,84,0,0,31.767,384,[84 -64 4 0 0 0 0 0 0 0 0 0 17 4 22 3 18 7 21 8 18 5 14 8 16 4 21 6 21 7 16 12 21 5 18 12 15 10 16 12 14 12 16 5 16 10 17 5 11 5 12 9 10 5 15 5 13 7 19 11 13 12 17 9 -3 1 12 6 15 7 13 8 15 8 18 7 18 10 15 3 17 3 11 5 12 4 14 4 11 6 18 2 18 0 16 8 16 4 18 8 12 6 17 4 19 -3 18 3 17 6 18 6 15 0 20 0 15 -1 -4 3 0 0 0 0 0 0 0 0 ]
CSI_DATA,AP,68:FE:71:12:53:8C,-43,11,1,4,1,1,1,0,0,0,0,-96,0,6,1,31868251,0,82,0,0,31.868,384,[84 -64 4 0 0 0 0 0 0 0 0 0 -13 -20 -12 -14 -10 -20 -12 -19 -13 -17 -11 -20 -9 -21 -9 -20 -6 -24 -11 -22 -5 -20 -10 -17 -11 -18 -5 -22 -9 -18 -10 -22 -1 -19 -8 -17 -8 -17 -5 -15 -5 -18 -2 -22 -3 -19 -1 -22 -2 -15 -4 -15 3 -1 -7 -20 -3 -17 -8 -21 -6 -15 -4 -15 -10 -20 -4 -16 -7 -14 -7 -17 -3 -12 -10 -16 -9 -12 -6 -16 -6 -18 -11 -15 -14 -18 -13 -16 -10 -14 -6 -13 -8 -11 -9 -11 -8 -15 -11 -10 -16 -10 -13 -12 -9 -9 3 -3 0 0 0 0 0 0 0 0 ]
CSI_DATA,AP,68:FE:71:12:53:8C,-44,11,1,5,1,1,1,1,0,0,0,-93,5,6,1,31969913,0,84,0,0,31.97,384,[84 -64 4 0 0 0 0 0 0 0 0 0 -9 21 -9 17 -11 21 -9 24 -9 17 -11 15 -7 20 -15 19 -9 21 -14 12 -10 18 -12 20 -11 17 -12 13 -17 15 -11 13 -15 15 -9 16 -11 15 -15 11 -12 14 -16 9 -16 15 -11 10 -15 16 -9 12 3 -4 -12 11 -8 16 -14 11 -8 13 -9 11 -12 14 -12 16 -8 16 -7 15 -7 13 -7 13 -5 17 -6 18 -5 12 -10 19 -12 12 -8 14 -8 13 -4 14 -8 19 -9 18 -8 14 -11 19 -3 15 -3 14 -4 16 0 -2 0 0 0 0 0 0 0 0 ]
CSI_DATA,AP,68:FE:71:12:53:8C,-44,11,1,3,1,1,1,1,0,0,0,-96,2,6,1,32083760,0,84,0,0,32.084,384,[84 -64 4 0 0 0 0 0 0 0 0 0 23 -8 20 -7 19 -4 18 -8 21 -7 20 0 18 -1 20 -6 22 -5 20 0 22 0 24 -6 23 -3 23 0 19 -4 21 1 16 0 17 -3 14 0 14 -3 18 3 18 -3 14 5 13 -2 22 1 15 2 0 -4 18 -2 13 2 21 -1 20 -1 13 -4 12 -6 16 -6 19 0 11 -1 11 -8 19 -3 13 -4 12 -5 17 -9 13 -9 15 -3 19 -6 16 -7 16 -4 15 -5 14 -8 15 -6 13 -4 10 -8 17 -9 13 -12 -3 2 0 0 0 0 0 0 0 0 ]
CSI_DATA,AP,68:FE:71:12:53:8C,-48,11,1,3,1,1,1,0,0,0,0,-94,0,6,1,32183275,0,84,0,0,32.183,384,[84 -64 4 0 0 0 0 0 0 0 0 0 -11 -23 -6 -25 -7 -26 -5 -24 -10 -18 -8 -18 -5 -22 1 -17 -6 -25 -2 -25 1 -24 1 -27 -3 -18 0 -19 -5 -22 2 -22 -1 -20 -4 -16 -3 -23 1 -21 4 -16 1 -19 1 -21 3 -15 0 -17 -3 -16 -3 2 0 -17 1 -21 -5 -17 -2 -18 2 -15 1 -14 1 -22 0 -20 -6 -20 -2 -13 -8 -17 -4 -15 -4 -16 -8 -13 -6 -13 -11 -15 -10 -22 -3 -19 -9 -14 -6 -12 -4 -20 -5 -17 -11 -15 -7 -13 -7 -15 -9 -18 -4 0 0 0 0 0 0 0 0 0 ]
CSI_DATA,AP,68:FE:71:12:53:8C,-41,11,1,4,1,1,1,1,0,0,0,-94,5,6,1,32275735,0,84,0,0,32.276,384,[84 -64 4 0 0 0 0 0 0 0 0 0 12 -11 13 -13 8 -14 17 -13 13 -16 12 -15 15 -12 10 -12 17 -14 10 -11 16 -14 13 -12 13 -10 14 -13 13 -13 18 -15 13 -14 11 -10 13 -13 10 -10 15 -12 15 -13 9 -5 12 -11 13 -14 15 -10 2 2 11 -13 15 -9 8 -13 14 -11 14 -15 12 -13 7 -14 11 -11 10 -10 9 -11 10 -9 8 -10 6 -14 5 -7 10 -12 11 -12 13 -14 10 -13 7 -11 10 -12 4 -18 5 -14 7 -17 10 -17 7 -16 10 -13 -4 -4 0 0 0 0 0 0 0 0 ]
CSI_DATA,AP,68:FE:71:12:53:8C,-46,11,1,4,1,1,1,0,0,0,0,-94,0,6,1,32407813,0,84,0,0,32.408,384,[84 -64 4 0 0 0 0 0 0 0 0 0 -9 17 -12 15 -12 13 -14 17 -17 14 -19 14 -18 17 -13 15 -20 12 -12 11 -21 16 -14 17 -15 8 -14 8 -18 14 -14 8 -16 14 -14 14 -19 13 -18 13 -17 8 -20 14 -15 12 -16 10 -15 8 -18 9 -3 -1 -12 7 -16 10 -17 11 -12 11 -15 7 -16 15 -13 8 -15 14 -13 16 -13 11 -13 12 -15 8 -11 16 -9 14 -10 14 -14 13 -13 11 -13 13 -9 17 -9 10 -9 17 -6 13 -7 14 -8 13 -12 11 -10 15 -4 2 0 0 0 0 0 0 0 0 ]
CSI_DATA,AP,68:FE:71:12:53:8C,-45,11,1,3,1,1,1,0,0,0,0,-94,0,6,1,32500327,0,84,0,0,32.5,384,[84 -64 4 0 0 0 0 0 0 0 0 0 9 -5 6 -5 12 -3 5 1 12 -3 11 -3 6 -2 8 -2 12 2 9 -1 11 -3 8 0 12 -4 6 -2 8 -2 5 0 7 -4 5 4 9 4 8 2 4 -3 4 1 2 0 8 2 6 0 7 2 -4 0 2 2 11 0 5 -1 8 -1 9 -3 6 2 10 3 6 -3 9 -4 6 -5 4 -1 9 -4 3 -1 9 -2 5 1 5 -1 5 1 8 -6 2 -2 6 -4 6 -2 8 0 8 -1 7 -6 8 -5 7 -4 -3 1 0 0 0 0 0 0 0 0 ]
CSI_DATA,AP,68:FE:71:12:53:8C,-44,11,1,4,1,1,1,0,0,0,0,-94,0,6,1,32585287,0,84,0,0,32.585,384,[84 -64 4 0 0 0 0 0 0 0 0 0 -18 -10 -18 -3 -16 -8 -19 -4 -21 -4 -17 -10 -14 -4 -17 -10 -16 -5 -12 -9 -17 -7 -20 -14 -14 -12 -15 -10 -17 -7 -18 -10 -12 -9 -11 -8 -11 -13 -14 -14 -14 -13 -14 -5 -15 -5 -16 -7 -11 -10 -15 -13 -4 -3 -14 -12 -10 -7 -13 -9 -16 -8 -10 -3 -11 -3 -16 -7 -10 -2 -10 -4 -10 -8 -12 -2 -12 -4 -12 -8 -11 -3 -13 -6 -15 -4 -15 -6 -12 0 -18 -7 -15 1 -12 -1 -18 -7 -11 -4 -20 -1 -17 -1 -17 -5 1 -3 0 0 0 0 0 0 0 0 ]
CSI_DATA,AP,68:FE:71:12:53:8C,-43,11,1,5,1,1,1,0,0,0,0,-94,0,6,1,32679930,0,84,0,0,32.68,384,[84 -64 4 0 0 0 0 0 0 0 0 0 14 3 12 9 15 5 16 8 21 5 19 5 17 4 14 9 17 9 11 12 15 11 19 11 16 12 13 8 11 6 14 12 10 10 10 9 10 6 11 13 13 13 8 12 14 5 12 11 15 8 12 8 0 0 13 7 11 10 14 10 10 7 12 6 11 9 10 4 13 6 12 9 10 4 11 6 9 7 12 8 11 8 11 1 10 3 10 9 14 2 13 6 10 0 10 7 15 7 10 0 18 6 14 3 16 2 -2 0 0 0 0 0 0 0 0 0 ]
CSI_DATA,AP,68:FE:71:12:53:8C,-50,11,1,3,1,1,1,0,0,0,0,-94,0,6,1,32809160,0,84,0,0,32.809,384,[84 -64 4 0 0 0 0 0 0 0 0 0 2 -17 7 -14 5 -19 1 -21 9 -22 2 -19 10 -14 3 -14 8 -15 6 -15 8 -13 7 -13 9 -12 3 -16 11 -11 4 -17 3 -11 3 -12 3 -10 10 -17 6 -16 10 -12 9 -15 3 -17 6 -15 9 -12 0 -1 10 -18 7 -13 2 -16 4 -13 6 -10 8 -15 7 -18 1 -16 1 -17 -1 -15 1 -15 3 -10 3 -12 -2 -14 4 -11 -2 -18 5 -17 0 -16 4 -17 -4 -10 -2 -12 -1 -16 -3 -14 -1 -15 1 -11 -3 -17 -2 -3 0 0 0 0 0 0 0 0 ]
CSI_DATA,AP,68:FE:71:12:53:8C,-48,11,1,4,1,1,1,0,0,0,0,-95,0,6,1,32907147,0,84,0,0,32.907,384,[84 -64 4 0 0 0 0 0 0 0 0 0 5 -5 4 -8 7 -8 1 -12 8 -10 4 -12 7 -7 3 -9 8 -5 6 -11 5 -7 3 -9 10 -3 3 -8 7 -8 4 -9 5 -9 2 -8 9 -4 8 -9 2 -3 10 -5 9 -6 8 -2 2 -2 3 -7 3 -1 0 -8 9 -9 1 -11 5 -9 3 -3 4 -5 5 -9 4 -7 2 -7 7 -9 2 -4 2 -6 8 -6 7 -7 0 -8 2 -10 4 -8 -1 -7 2 -5 2 -9 7 -7 5 -10 7 -3 -1 -9 0 -6 4 -8 4 -3 0 0 0 0 0 0 0 0 ]
CSI_DATA,AP,68:FE:71:12:53:8C,-48,11,1,3,1,1,1,0,0,0,0,-94,0,6,1,32995733,0,84,0,0,32.996,384,[84 -64 4 0 0 0 0 0 0 0 0 0 20 -2 20 -4 19 -1 23 -4 21 1 22 2 21 -4 18 -1 22 2 20 4 24 6 23 1 16 3 20 0 17 3 21 2 17 6 13 -1 15 3 22 2 14 6 20 3 14 4 15 6 22 5 16 3 -4 -2 13 2 18 4 15 -1 12 1 19 3 16 2 15 5 16 1 13 3 18 0 20 -3 14 -4 16 -5 17 2 19 -6 13 1 18 -6 19 -8 17 -4 11 -7 14 -7 14 0 13 -4 14 -3 17 -7 16 -2 4 3 0 0 0 0 0 0 0 0 ]
CSI_DATA,AP,68:FE:71:12:53:8C,-47,11,1,3,1,1,1,0,0,0,0,-94,0,6,1,33082729,0,84,0,0,33.083,384,[84 -64 4 0 0 0 0 0 0 0 0 0 -5 8 -13 6 -8 7 -12 0 -12 2 -9 -2 -13 -1 -11 6 -12 1 -11 5 -9 3 -11 4 -11 0 -8 2 -7 -1 -11 0 -11 2 -10 -3 -5 0 -7 3 -9 -4 -5 0 -10 -2 -9 1 -9 3 -6 5 3 4 -2 4 -6 3 -3 -2 -7 0 -2 1 -3 0 -8 -2 -1 -2 -5 7 -1 0 -2 2 -4 4 -3 0 -1 6 -2 6 -2 4 -4 4 -8 5 -5 3 -7 2 -2 3 0 1 -2 4 -4 7 -2 9 -2 4 -3 4 0 0 0 0 0 0 0 0 ]
CSI_DATA,AP,68:FE:71:12:53:8C,-44,11,1,4,1,1,1,1,0,0,0,-95,3,6,1,33184223,0,84,0,0,33.184,384,[84 -64 4 0 0 0 0 0 0 0 0 0 -29 21 -30 21 -29 21 -37 18 -33 22 -27 16 -35 14 -27 9 -32 14 -24 11 -29 12 -32 12 -26 15 -24 13 -26 7 -28 7 -20 9 -21 13 -24 6 -23 14 -17 11 -20 11 -16 7 -16 14 -15 15 -14 12 -3 0 -13 14 -15 16 -16 12 -14 16 -13 11 -12 12 -16 11 -17 20 -8 7 -14 9 -16 17 -16 17 -10 16 -8 21 -10 21 -11 19 -12 21 -13 18 -7 18 -7 18 -13 23 -13 21 -5 22 -6 27 -5 27 -5 23 4 4 0 0 0 0 0 0 0 0 ]
CSI_DATA,AP,68:FE:71:12:53:8C,-47,11,1,4,1,1,1,0,0,0,0,-95,0,6,1,33288962,0,84,0,0,33.289,384,[84 -64 4 0 0 0 0 0 0 0 0 0 19 -14 16 -14 18 -15 20 -12 22 -8 17 -6 15 -3 16 -2 15 -8 18 -3 17 -4 19 -9 18 -2 19 -5 16 -1 17 -6 11 -2 13 -4 16 -3 10 -7 8 -1 13 -6 13 2 11 -4 11 -8 8 -3 -1 0 5 -2 12 -4 12 -7 9 -9 7 -4 9 -5 8 -9 6 -10 5 -10 6 -8 5 -8 8 -4 5 -9 4 -6 2 -11 2 -8 2 -5 1 -7 6 -5 5 -10 9 -9 3 -13 7 -10 3 -9 0 -9 3 -14 0 3 0 0 0 0 0 0 0 0 ]
CSI_DATA,AP,68:FE:71:12:53:8C,-46,11,1,4,1,1,1,0,0,0,0,-96,0,6,1,33357624,0,84,0,0,33.358,384,[84 -64 4 0 0 0 0 0 0 0 0 0 16 27 22 25 21 30 21 32 19 23 11 23 17 27 11 26 11 24 7 25 8 21 12 24 13 20 12 19 5 22 8 25 4 24 10 19 3 22 9 16 8 19 11 13 5 18 7 18 10 12 5 14 1 0 6 14 13 8 14 14 13 9 9 11 9 12 9 8 8 8 12 9 8 7 8 10 8 10 9 4 9 8 8 2 10 3 8 7 9 4 12 3 14 5 16 6 8 2 12 1 16 0 9 -1 14 -4 0 4 0 0 0 0 0 0 0 0 ]
CSI_DATA,AP,68:FE:71:12:53:8C,-45,11,1,4,1,1,1,0,0,0,0,-94,0,6,1,33442678,0,84,0,0,33.443,384,[84 -64 4 0 0 0 0 0 0 0 0 0 -17 9 -21 6 -20 10 -20 8 -18 3 -20 7 -20 5 -18 3 -15 3 -20 2 -21 1 -13 7 -20 3 -21 2 -13 0 -21 3 -18 0 -14 2 -15 0 -18 8 -12 6 -19 4 -11 4 -18 6 -15 0 -12 1 1 3 -15 2 -10 4 -11 4 -15 9 -11 4 -10 2 -13 2 -9 9 -10 2 -14 8 -16 10 -16 5 -12 5 -17 5 -11 6 -15 9 -14 12 -12 3 -12 10 -11 4 -9 11 -12 5 -14 5 -13 7 -12 8 -16 6 4 2 0 0 0 0 0 0 0 0 ]
CSI_DATA,AP,68:FE:71:12:53:8C,-44,11,1,4,1,1,1,0,0,0,0,-95,0,6,1,33518933,0,84,0,0,33.519,384,[84 -64 4 0 0 0 0 0 0 0 0 0 0 -22 1 -19 6 -19 5 -24 2 -21 2 -23 5 -20 8 -19 3 -18 11 -19 9 -24 6 -23 8 -19 5 -24 6 -20 8 -18 12 -21 6 -15 7 -21 8 -17 9 -19 11 -21 14 -20 8 -20 8 -22 8 -20 1 -3 12 -16 6 -24 5 -21 4 -22 12 -17 9 -19 9 -17 12 -23 9 -21 9 -22 8 -22 11 -19 4 -19 3 -20 10 -19 6 -23 10 -19 3 -19 3 -23 5 -24 9 -17 10 -23 3 -18 7 -20 6 -24 3 -20 -3 -4 0 0 0 0 0 0 0 0 ]
CSI_DATA,AP,68:FE:71:12:53:8C,-46,11,1,5,1,1,1,1,0,0,0,-95,3,6,1,33603548,0,84,0,0,33.604,384,[84 -64 4 0 0 0 0 0 0 0 0 0 1 14 5 17 5 16 -2 24 -4 20 1 16 -2 21 -2 21 -2 16 -2 15 -6 20 -2 22 -2 17 -6 22 -7 20 -9 20 -4 20 -5 18 -8 15 -5 13 -1 20 0 17 -1 12 -2 18 -4 17 -5 18 -4 -2 -3 14 -1 14 -3 12 -2 14 -2 11 0 19 -6 19 2 17 -5 16 -1 12 3 11 3 15 -3 15 -3 10 1 17 -1 12 3 17 0 12 0 13 3 8 6 12 0 11 3 11 8 11 5 12 2 10 -2 1 0 0 0 0 0 0 0 0 ]
CSI_DATA,AP,68:FE:71:12:53:8C,-41,11,1,4,1,1,1,0,0,0,0,-93,0,6,1,33712542,0,84,0,0,33.713,384,[84 -64 4 0 0 0 0 0 0 0 0 0 6 21 4 22 -2 20 -4 16 3 21 3 15 -4 17 1 16 -3 17 1 20 1 17 -4 21 -2 19 -1 18 -7 15 -1 19 -4 17 -4 14 -2 12 -7 14 -3 18 -3 19 -8 19 -5 17 1 19 -7 16 0 3 -6 17 -1 14 -1 19 0 11 -4 16 -4 17 1 14 1 13 2 18 0 16 -4 15 -2 11 1 15 -4 12 -5 16 1 17 -2 9 -1 10 0 15 2 15 -3 8 0 8 1 13 -1 9 6 10 6 12 -3 -3 0 0 0 0 0 0 0 0 ]
CSI_DATA,AP,68:FE:71:12:53:8C,-42,11,1,6,1,1,1,0,0,0,0,-95,0,6,1,33810712,0,84,0,0,33.811,384,[84 -64 4 0 0 0 0 0 0 0 0 0 12 -17 8 -15 13 -18 11 -19 14 -20 13 -18 18 -19 11 -17 17 -23 18 -19 22 -20 23 -17 21 -19 15 -18 14 -21 19 -23 18 -14 20 -18 23 -13 22 -16 21 -16 21 -16 19 -15 20 -15 21 -15 20 -13 1 2 20 -11 19 -17 18 -18 19 -15 13 -18 16 -16 17 -20 19 -21 17 -19 15 -20 12 -22 18 -18 14 -18 14 -16 17 -17 13 -19 17 -16 8 -23 14 -17 7 -18 14 -18 12 -19 11 -17 11 -25 12 -18 9 -21 3 4 0 0 0 0 0 0 0 0 ]
CSI_DATA,AP,68:FE:71:12:53:8C,-46,11,1,5,1,1,1,0,0,0,0,-93,0,6,1,33938090,0,84,0,0,33.938,384,[84 -64 4 0 0 0 0 0 0 0 0 0 -1 -22 -2 -15 -4 -21 -5 -22 -3 -19 -1 -17 1 -22 0 -23 2 -23 6 -21 1 -24 8 -24 4 -22 10 -27 3 -19 5 -23 8 -20 6 -17 7 -16 9 -23 2 -16 8 -18 4 -21 4 -20 10 -22 4 -17 -3 4 0 -25 3 -19 8 -19 2 -19 8 -24 -1 -18 0 -23 -1 -19 -1 -17 5 -19 2 -18 5 -19 5 -18 4 -18 -2 -22 -3 -23 2 -18 -3 -19 -2 -24 -4 -19 -3 -21 -3 -19 0 -24 -4 -22 -5 -22 1 -15 -3 4 0 0 0 0 0 0 0 0 ]
CSI_DATA,AP,68:FE:71:12:53:8C,-50,11,1,1,1,1,1,0,0,0,0,-94,0,6,1,34035375,0,84,0,0,34.035,384,[84 -64 4 0 0 0 0 0 0 0 0 0 -3 22 -7 23 -4 25 -4 18 -10 20 -9 18 -7 19 -12 16 -4 14 -5 22 -9 21 -12 16 -11 14 -7 21 -12 14 -7 17 -6 20 -6 18 -12 11 -13 14 -6 11 -12 18 -10 16 -8 19 -10 19 -7 12 -1 3 -10 13 -11 14 -9 15 -7 14 -7 15 -8 15 -3 17 -6 16 -3 18 -3 13 -4 19 -2 16 -7 19 -2 13 -2 17 -7 15 -5 19 -3 11 0 16 -4 14 -2 14 -4 16 -1 12 -4 14 3 10 2 19 4 4 0 0 0 0 0 0 0 0 ]
CSI_DATA,AP,68:FE:71:12:53:8C,-42,11,1,5,1,1,1,0,0,0,1,-96,0,6,1,34123461,0,84,0,0,34.123,384,[37 80 2 0 0 0 0 0 0 0 0 0 -34 -7 -33 -7 -37 -12 -34 -13 -29 -14 -30 -8 -32 -13 -29 -13 -26 -18 -31 -11 -26 -15 -32 -12 -28 -11 -30 -15 -23 -11 -33 -18 -30 -11 -20 -14 -26 -16 -22 -9 -23 -11 -24 -12 -20 -8 -29 -10 -27 -13 -22 -14 -3 -3 -21 -14 -25 -9 -24 -11 -27 -12 -23 -8 -29 -10 -23 -5 -22 -4 -26 -3 -27 -4 -25 -7 -27 -6 -30 -1 -29 -4 -22 -7 -25 -10 -27 -4 -29 -2 -27 -4 -25 -3 -24 -5 -27 -1 -29 2 -23 -4 -23 2 -23 1 0 1 0 0 0 0 0 0 0 0 ]
CSI_DATA,AP,68:FE:71:12:53:8C,-48,11,1,4,1,1,1,0,0,0,0,-95,0,6,1,34214358,0,84,0,0,34.214,384,[84 -64 4 0 0 0 0 0 0 0 0 0 4 -29 2 -33 10 -25 8 -25 6 -26 9 -24 11 -31 10 -32 10 -25 11 -24 12 -26 15 -24 13 -23 15 -26 10 -22 12 -27 16 -25 10 -22 10 -19 10 -24 9 -19 15 -25 16 -20 10 -19 13 -20 12 -19 -4 1 5 -24 11 -21 6 -26 12 -19 12 -20 9 -21 11 -18 5 -19 4 -20 4 -19 5 -25 9 -23 8 -24 2 -19 1 -25 9 -21 4 -23 1 -25 2 -27 2 -24 7 -24 0 -27 4 -30 5 -29 3 -28 -2 -24 -4 0 0 0 0 0 0 0 0 0 ]
CSI_DATA,AP,68:FE:71:12:53:8C,-47,11,1,3,1,1,1,0,0,0,0,-96,0,6,1,34307878,0,84,0,0,34.308,384,[84 -64 4 0 0 0 0 0 0 0 0 0 -10 -28 -3 -25 -3 -24 -8 -33 -2 -26 -2 -27 2 -25 0 -25 0 -26 4 -27 0 -29 5 -27 1 -24 -1 -27 6 -26 0 -25 1 -23 0 -25 2 -25 5 -26 1 -21 4 -24 2 -27 3 -24 2 -29 -1 -22 2 -1 -3 -26 4 -20 5 -21 4 -26 -4 -22 2 -27 -1 -24 -3 -18 0 -24 -4 -18 1 -20 -2 -26 -7 -26 -7 -25 1 -21 -2 -21 -2 -25 -9 -20 0 -20 -9 -23 -2 -18 -2 -19 -9 -26 -11 -22 -8 -20 -11 -21 0 -2 0 0 0 0 0 0 0 0 ]
CSI_DATA,AP,68:FE:71:12:53:8C,-46,11,1,5,1,1,1,0,0,0,0,-94,0,6,1,34415582,0,84,0,0,34.416,384,[37 80 2 0 0 0 0 0 0 0 0 0 27 9 30 9 30 11 34 8 25 9 26 10 27 11 26 8 24 16 26 13 25 15 30 12 22 14 21 13 27 16 21 16 23 12 21 13 19 11 24 16 18 10 19 14 19 9 23 11 21 8 20 9 1 1 18 12 21 12 21 6 24 6 19 10 21 11 19 10 25 7 23 5 24 5 27 3 23 6 21 5 26 7 23 4 19 4 27 1 23 3 23 1 24 3 22 -2 23 0 22 -1 21 -3 19 4 25 -3 3 0 0 0 0 0 0 0 0 0 ]
CSI_DATA,AP,68:FE:71:12:53:8C,-49,11,1,2,1,1,1,0,0,0,0,-95,0,6,1,34508091,0,84,0,0,34.508,384,[84 -64 4 0 0 0 0 0 0 0 0 0 -30 14 -28 9 -31 11 -33 12 -34 13 -32 6 -33 3 -33 0 -29 3 -30 5 -29 2 -29 9 -27 2 -26 6 -25 -1 -31 5 -25 6 -30 4 -28 2 -25 1 -30 6 -23 0 -27 3 -26 5 -28 9 -24 3 4 4 -23 7 -24 3 -24 4 -22 4 -19 3 -20 7 -26 8 -20 10 -25 8 -27 5 -21 5 -24 6 -23 13 -25 12 -19 14 -19 7 -26 14 -18 12 -19 11 -25 7 -21 9 -26 14 -22 13 -21 10 -18 13 -20 15 -1 1 0 0 0 0 0 0 0 0 ]
CSI_DATA,AP,68:FE:71:12:53:8C,-42,11,1,4,1,1,1,1,0,0,0,-93,1,6,1,34603812,0,84,0,0,34.604,384,[84 -64 4 0 0 0 0 0 0 0 0 0 -16 4 -24 5 -18 4 -19 -3 -24 -3 -18 -2 -23 -5 -17 3 -20 -1 -22 -4 -23 -2 -21 -2 -16 1 -17 0 -22 -6 -18 1 -23 -1 -20 1 -20 -4 -22 1 -20 0 -20 -7 -15 -2 -16 -6 -18 -2 -18 -3 -1 -4 -19 -5 -16 -2 -13 3 -17 -3 -16 0 -20 1 -13 2 -14 -3 -18 -1 -15 -3 -13 -3 -19 -2 -15 -1 -13 4 -12 3 -18 0 -13 5 -14 5 -12 7 -12 2 -13 1 -11 1 -18 1 -19 4 -16 4 -13 6 4 -2 0 0 0 0 0 0 0 0 ]
CSI_DATA,AP,68:FE:71:12:53:8C,-41,11,1,6,1,1,1,0,0,0,0,-96,0,6,1,34709889,0,84,0,0,34.71,384,[84 -64 4 0 0 0 0 0 0 0 0 0 -12 -18 -11 -14 -11 -16 -5 -18 -10 -22 -4 -15 -4 -16 -8 -16 -7 -22 -7 -22 -8 -17 -3 -18 -5 -23 -7 -19 -2 -18 -4 -22 -7 -17 -6 -20 -3 -15 -3 -19 -4 -15 -2 -16 1 -19 -1 -17 1 -21 -5 -13 -3 1 1 -20 -4 -18 -7 -13 -8 -15 -4 -14 -5 -15 -8 -15 -7 -18 -6 -17 -5 -16 -9 -13 -5 -12 -10 -15 -5 -14 -7 -19 -11 -18 -10 -16 -4 -14 -8 -13 -5 -11 -12 -15 -11 -13 -12 -14 -9 -18 -12 -14 -5 -15 1 4 0 0 0 0 0 0 0 0 ]
CSI_DATA,AP,68:FE:71:12:53:8C,-48,11,1,5,1,1,1,0,0,0,0,-93,0,6,1,34811385,0,84,0,0,34.811,384,[84 -64 4 0 0 0 0 0 0 0 0 0 18 3 17 7 21 4 15 11 13 13 13 12 13 6 13 7 19 10 17 14 17 9 12 12 16 9 13 11 18 11 16 10 11 11 11 7 10 7 16 14 16 7 11 13 14 8 16 12 12 14 13 12 2 -4 16 7 11 8 10 11 9 12 13 6 16 5 17 9 14 6 12 4 11 6 13 11 16 10 17 3 13 1 17 9 11 1 10 4 12 8 18 8 15 2 17 2 16 7 12 8 19 -1 18 2 15 2 4 -4 0 0 0 0 0 0 0 0 ]
CSI_DATA,AP,68:FE:71:12:53:8C,-48,11,1,4,1,1,1,0,0,0,0,-96,0,6,1,34916570,0,84,0,0,34.917,384,[84 -64 4 0 0 0 0 0 0 0 0 0 1 -19 -2 -24 -2 -20 3 -19 -1 -26 2 -21 8 -18 2 -20 3 -19 8 -17 4 -22 8 -19 11 -22 5 -16 7 -15 10 -20 8 -15 5 -21 2 -17 2 -22 9 -19 8 -22 10 -14 4 -20 2 -21 1 -21 -2 -4 1 -13 4 -16 6 -14 4 -16 2 -15 3 -13 3 -21 0 -16 3 -15 -2 -18 -3 -19 5 -14 5 -20 4 -15 -4 -17 2 -18 -2 -20 3 -13 2 -19 2 -21 -2 -20 -4 -21 -2 -16 -3 -19 -5 -16 1 -13 -2 0 0 0 0 0 0 0 0 0 ]
CSI_DATA,AP,68:FE:71:12:53:8C,-48,11,1,4,1,1,1,0,0,0,0,-94,0,6,1,35027140,0,84,0,0,35.027,384,[84 -64 4 0 0 0 0 0 0 0 0 0 0 -15 1 -17 1 -16 2 -22 1 -17 -3 -22 3 -19 4 -21 5 -15 2 -17 5 -17 1 -23 -3 -23 -1 -15 2 -16 -1 -16 5 -22 3 -15 6 -21 1 -16 1 -17 3 -18 -2 -15 -2 -18 -1 -14 5 -12 1 4 5 -18 3 -15 -1 -15 1 -15 3 -14 -4 -14 -2 -13 -4 -12 2 -15 2 -17 1 -13 -7 -18 -7 -12 -2 -18 0 -17 1 -17 -7 -18 -8 -16 -6 -19 -2 -14 -8 -12 -4 -12 -7 -11 -2 -19 -8 -10 -10 -13 3 0 0 0 0 0 0 0 0 0 ]
CSI_DATA,AP,68:FE:71:12:53:8C,-43,11,1,5,1,1,1,0,0,0,0,-95,0,6,1,35134488,0,84,0,0,35.134,384,[84 -64 4 0 0 0 0 0 0 0 0 0 0 23 -2 23 4 16 -2 23 -3 18 -1 15 -3 17 1 21 -5 21 -2 22 -1 19 -3 17 -1 15 0 18 1 20 1 19 -4 18 -2 15 0 18 -7 14 -4 21 -1 18 -6 12 -2 17 1 14 0 19 -4 2 -7 13 -4 19 0 15 -1 19 -2 14 1 14 -3 17 1 16 2 12 0 13 -2 19 -3 12 0 12 -2 18 -3 12 -1 10 5 14 5 12 2 12 4 12 0 12 6 12 5 17 6 13 1 15 2 11 -4 3 0 0 0 0 0 0 0 0 ]
CSI_DATA,AP,68:FE:71:12:53:8C,-42,11,1,4,1,1,1,0,0,0,0,-94,0,6,1,35223442,0,84,0,0,35.223,384,[84 -64 4 0 0 0 0 0 0 0 0 0 2 -18 0 -14 4 -20 6 -17 4 -19 3 -18 8 -14 0 -17 7 -19 4 -18 4 -16 4 -16 2 -16 10 -21 7 -14 7 -19 4 -14 9 -13 7 -17 5 -18 7 -17 4 -13 2 -10 3 -17 4 -18 3 -13 4 3 6 -11 1 -14 0 -14 7 -16 1 -12 6 -14 1 -11 -2 -15 -2 -13 3 -18 3 -11 2 -13 4 -18 -2 -14 1 -13 5 -13 5 -19 3 -16 -3 -17 -1 -12 -3 -11 1 -11 1 -14 -2 -14 3 -11 0 -19 -1 -4 0 0 0 0 0 0 0 0 ]
CSI_DATA,AP,68:FE:71:12:53:8C,-41,11,0,0,0,0,0,0,0,0,0,-95,0,6,1,35318255,0,37,0,0,35.318,128,[84 -64 4 0 0 0 0 0 0 0 0 0 12 -8 20 -11 16 -10 17 -9 20 -3 19 -5 19 -4 17 -4 16 -3 13 0 22 -6 17 1 21 -3 19 -2 13 -1 17 2 15 -4 18 -1 15 0 19 -3 17 2 11 -6 10 -4 15 -5 11 -3 11 -2 -4 -3 11 2 16 2 16 -6 18 -2 12 -2 16 -5 10 0 16 -5 16 0 17 -5 15 -6 14 -3 16 -6 13 -7 9 -3 14 -3 12 -3 11 -6 15 -10 15 -8 17 -7 16 -4 14 -7 11 -3 8 -7 13 -8 -3 -3 0 0 0 0 0 0 0 0 ]
CSI_DATA,AP,68:FE:71:12:53:8C,-43,11,1,4,1,1,1,0,0,0,0,-95,0,6,1,35431586,0,84,0,0,35.432,384,[84 -64 4 0 0 0 0 0 0 0 0 0 -8 14 -11 15 -12 15 -8 19 -6 13 -14 16 -9 14 -14 12 -10 16 -15 16 -7 11 -8 17 -11 15 -10 14 -13 10 -16 15 -15 8 -14 12 -13 15 -8 7 -11 7 -10 6 -6 6 -7 7 -9 11 -11 13 4 -1 -9 9 -8 10 -11 9 -10 8 -12 11 -11 15 -10 14 -11 9 -7 7 -8 14 -7 8 -10 15 -9 15 -6 14 -4 8 -3 14 -7 15 -10 13 -8 12 -2 9 -4 14 -10 15 -8 13 -2 9 -4 9 -3 17 -1 3 0 0 0 0 0 0 0 0 ]
CSI_DATA,AP,68:FE:71:12:53:8C,-41,11,1,5,1,1,1,0,0,0,0,-94,0,6,1,35535101,0,84,0,0,35.535,384,[84 -64 4 0 0 0 0 0 0 0 0 0 17 -12 15 -17 13 -14 18 -14 19 -11 13 -15 12 -16 15 -9 13 -11 16 -9 14 -15 15 -9 16 -6 14 -11 17 -9 17 -9 16 -11 15 -5 15 -10 12 -13 13 -13 19 -12 15 -12 18 -10 16 -7 11 -10 2 -2 14 -11 14 -8 10 -12 17 -7 14 -6 12 -8 10 -8 13 -9 11 -6 7 -8 7 -9 12 -13 12 -9 12 -16 9 -14 7 -10 7 -16 8 -16 6 -11 6 -10 6 -15 11 -14 7 -16 8 -11 13 -17 8 -12 2 0 0 0 0 0 0 0 0 0 ]
CSI_DATA,AP,68:FE:71:12:53:8C,-48,11,1,5,1,1,1,0,0,0,0,-94,0,6,1,35628434,0,84,0,0,35.628,384,[84 -64 4 0 0 0 0 0 0 0 0 0 3 13 -1 20 1 20 3 17 -2 18 1 17 3 16 -3 15 -3 20 2 18 4 13 -2 13 0 13 -3 17 2 19 -1 20 -3 15 0 14 -2 14 0 12 -6 12 -6 12 -2 18 -6 12 0 12 -5 16 -4 -4 -3 17 2 13 3 14 -3 13 0 15 -2 11 4 16 2 11 1 15 1 10 5 17 3 16 4 17 2 9 5 17 1 15 -1 13 -1 13 5 12 9 12 7 16 1 12 7 10 6 15 1 17 4 12 4 -3 0 0 0 0 0 0 0 0 ]
CSI_DATA,AP,68:FE:71:12:53:8C,-47,11,1,4,1,1,1,0,0,0,0,-95,0,6,1,35716391,0,84,0,0,35.716,384,[84 -64 4 0 0 0 0 0 0 0 0 0 -1 15 -6 14 -1 18 -4 15 -7 15 -4 20 -6 21 0 14 -6 14 -3 15 -10 20 -9 18 -8 16 -3 19 -5 12 -5 11 -6 12 -9 10 -3 18 -9 16 -4 14 -10 17 -3 15 -8 12 -3 14 -3 14 -1 0 -5 14 -5 15 -4 16 -2 13 -3 11 -6 17 -5 14 -7 10 -6 13 -6 14 -1 17 -6 11 -3 12 -2 13 -3 14 2 13 2 9 3 10 1 14 -1 16 -1 16 -1 18 -4 15 -1 15 4 14 4 17 4 2 0 0 0 0 0 0 0 0 ]
CSI_DATA,AP,68:FE:71:12:53:8C,-45,11,1,3,1,1,1,0,0,0,0,-94,0,6,1,35833735,0,84,0,0,35.834,384,[84 -64 4 0 0 0 0 0 0 0 0 0 -18 -7 -16 -13 -15 -11 -15 -11 -14 -13 -19 -10 -21 -16 -14 -11 -15 -15 -17 -10 -19 -10 -14 -13 -12 -14 -19 -16 -16 -16 -13 -18 -18 -16 -16 -11 -13 -10 -17 -15 -15 -11 -13 -13 -16 -9 -13 -12 -16 -9 -15 -7 -3 4 -16 -8 -11 -12 -9 -14 -14 -6 -17 -9 -12 -9 -14 -6 -10 -13 -11 -9 -16 -7 -17 -6 -10 -4 -14 -9 -15 -10 -13 -10 -12 -10 -15 -7 -12 -8 -19 -3 -18 -8 -11 -8 -11 -10 -17 -4 -15 -3 -16 -7 -16 -7 4 -2 0 0 0 0 0 0 0 0 ]
CSI_DATA,AP,68:FE:71:12:53:8C,-44,11,1,3,1,1,1,0,0,0,0,-94,0,6,1,35942868,0,84,0,0,35.943,384,[84 -64 4 0 0 0 0 0 0 0 0 0 5 23 3 21 1 22 9 24 5 24 0 20 2 21 -1 20 4 25 3 24 0 23 4 17 3 21 -4 20 2 20 3 19 0 18 3 21 -1 21 1 19 0 21 2 22 -3 19 4 14 3 15 1 19 2 -1 3 17 3 19 5 15 -1 19 -1 21 2 20 5 17 4 17 2 16 8 13 3 14 4 20 1 18 2 14 6 19 5 16 3 20 10 18 2 13 2 19 5 12 5 20 9 16 7 13 9 15 10 13 2 -3 0 0 0 0 0 0 0 0 ]
CSI_DATA,AP,68:FE:71:12:53:8C,-47,11,1,5,1,1,1,0,0,0,0,-95,0,6,1,36037027,0,84,0,0,36.037,384,[84 -64 4 0 0 0 0 0 0 0 0 0 -21 6 -19 12 -23 10 -17 10 -19 8 -17 4 -18 9 -20 3 -20 3 -21 6 -22 7 -22 3 -24 6 -17 0 -19 5 -19 7 -19 -1 -16 2 -21 -1 -14 5 -14 6 -16 -1 -16 3 -17 4 -16 0 -18 1 -1 -4 -17 5 -13 1 -15 0 -14 6 -19 9 -19 4 -18 4 -15 4 -16 8 -13 3 -13 2 -18 5 -13 2 -12 8 -11 4 -14 10 -16 6 -12 8 -15 5 -12 6 -9 8 -15 10 -14 9 -14 10 -11 6 -11 6 -3 1 0 0 0 0 0 0 0 0 ]
CSI_DATA,AP,68:FE:71:12:53:8C,-48,11,1,4,1,1,1,0,0,0,0,-96,0,6,1,36121232,0,84,0,0,36.121,384,[84 -64 4 0 0 0 0 0 0 0 0 0 14 14 12 13 11 16 12 13 11 12 9 19 7 17 11 12 9 15 8 20 3 18 3 13 6 19 6 19 3 12 4 13 4 16 7 10 5 16 4 18 1 19 4 13 8 14 6 15 6 18 7 10 0 2 9 15 8 16 7 14 4 17 1 10 4 17 8 13 7 13 8 9 3 14 5 16 10 12 3 13 5 9 10 16 6 15 6 8 5 14 9 15 6 10 4 13 10 15 8 14 7 13 6 9 8 14 -4 1 0 0 0 0 0 0 0 0 ]
CSI_DATA,AP,68:FE:71:12:53:8C,-47,11,1,3,1,1,1,1,0,0,1,-94,2,6,1,36220728,0,84,0,0,36.221,384,[84 -64 4 0 0 0 0 0 0 0 0 0 19 4 24 3 21 -1 24 0 21 4 19 8 16 6 20 4 17 5 20 2 16 9 20 9 23 6 19 3 15 7 15 6 15 8 14 7 19 11 15 9 16 5 13 10 14 3 18 11 15 4 20 7 -3 3 11 8 19 8 12 5 17 0 14 3 18 4 17 8 18 2 12 2 18 1 16 0 12 -1 17 6 12 0 15 -1 12 1 13 4 20 1 13 -1 11 1 18 4 15 3 14 -1 14 -3 18 4 19 4 1 -2 0 0 0 0 0 0 0 0 ]
CSI_DATA,AP,68:FE:71:12:53:8C,-44,11,1,4,1,1,1,0,0,0,0,-95,0,6,1,36327974,0,84,0,0,36.328,384,[84 -64 4 0 0 0 0 0 0 0 0 0 -17 -8 -17 -1 -23 -10 -25 -5 -19 -7 -16 -9 -16 -5 -17 -5 -15 -12 -19 -10 -19 -9 -16 -6 -22 -11 -20 -11 -16 -12 -14 -12 -18 -10 -17 -13 -19 -12 -15 -13 -13 -6 -20 -6 -19 -12 -16 -8 -13 -8 -20 -9 -3 -1 -20 -9 -21 -6 -19 -8 -20 -8 -19 -5 -14 -3 -20 -10 -14 -3 -16 -10 -15 -4 -17 -8 -11 -5 -12 -2 -12 -4 -20 -5 -19 -7 -20 -9 -16 -8 -14 -8 -12 -1 -13 -4 -14 -2 -17 -1 -21 -6 -14 2 -13 -6 -4 0 0 0 0 0 0 0 0 0 ]
CSI_DATA,AP,68:FE:71:12:53:8C,-47,11,1,5,1,1,1,0,0,0,0,-95,0,6,1,36440421,0,84,0,0,36.44,384,[84 -64 4 0 0 0 0 0 0 0 0 0 -19 8 -22 3 -21 3 -22 0 -27 2 -20 2 -21 0 -17 -4 -19 2 -26 -4 -25 -2 -20 -2 -27 -1 -19 1 -16 -3 -26 1 -20 0 -19 -1 -24 -6 -22 -3 -16 0 -22 -7 -17 -7 -24 1 -19 -7 -18 1 -4 -4 -14 -3 -18 -5 -20 2 -17 0 -17 -4 -23 -4 -17 2 -17 3 -13 3 -18 5 -15 2 -17 -1 -19 1 -17 5 -15 7 -17 5 -17 6 -16 4 -21 5 -21 6 -15 8 -20 5 -15 1 -21 3 -21 7 -13 4 1 4 0 0 0 0 0 0 0 0 ]
CSI_DATA,AP,68:FE:71:12:53:8C,-44,11,1,4,1,1,1,0,0,0,0,-94,0,6,1,36539073,0,84,0,0,36.539,384,[84 -64 4 0 0 0 0 0 0 0 0 0 -22 -6 -22 -6 -25 -3 -26 -10 -23 -3 -20 -5 -19 -11 -22 -11 -18 -10 -19 -6 -17 -12 -17 -14 -18 -9 -23 -9 -17 -9 -22 -15 -15 -11 -16 -9 -13 -12 -21 -8 -17 -9 -14 -8 -15 -14 -14 -15 -17 -11 -15 -7 -4 4 -13 -6 -18 -7 -20 -10 -17 -6 -16 -10 -18 -5 -17 -12 -16 -3 -17 -5 -16 -2 -19 -8 -13 -3 -17 -2 -20 -6 -15 -4 -18 -8 -18 -9 -20 -1 -19 -5 -14 -1 -14 -7 -16 -2 -19 -5 -23 -3 -16 0 -16 1 0 4 0 0 0 0 0 0 0 0 ]
CSI_DATA,AP,68:FE:71:12:53:8C,-47,11,1,3,1,1,1,0,0,0,1,-96,0,6,1,36625166,0,84,0,0,36.625,384,[84 -64 4 0 0 0 0 0 0 0 0 0 2 -19 -4 -22 -4 -22 -1 -21 2 -24 7 -21 4 -18 7 -17 2 -20 8 -25 2 -22 3 -20 7 -20 4 -19 10 -21 8 -22 10 -23 2 -19 5 -15 2 -23 10 -16 10 -17 8 -15 6 -18 2 -22 4 -20 -4 -2 2 -16 6 -18 4 -23 7 -15 1 -15 5 -18 1 -14 4 -14 -1 -17 0 -21 -1 -23 -2 -17 2 -14 0 -22 -3 -22 3 -16 0 -23 2 -15 3 -17 -1 -21 -4 -21 4 -21 -3 -16 0 -21 0 -22 -1 -22 0 -4 0 0 0 0 0 0 0 0 ]
CSI_DATA,AP,68:FE:71:12:53:8C,-49,11,1,1,1,1,1,0,0,0,0,-93,0,6,1,36699474,0,84,0,0,36.699,384,[84 -64 4 0 0 0 0 0 0 0 0 0 -19 8 -20 11 -15 11 -24 13 -16 7 -22 4 -16 7 -18 3 -16 8 -23 6 -24 7 -24 5 -20 4 -25 1 -16 5 -20 5 -17 7 -21 2 -14 2 -16 5 -21 2 -16 5 -14 5 -15 4 -19 -1 -18 6 -1 -3 -16 3 -15 1 -19 9 -12 3 -19 2 -12 4 -19 3 -18 10 -14 6 -16 4 -20 6 -12 11 -18 5 -18 10 -17 9 -18 11 -12 6 -10 13 -18 9 -15 13 -16 9 -11 11 -18 9 -19 13 -18 12 -17 12 -2 0 0 0 0 0 0 0 0 0 ]
CSI_DATA,AP,68:FE:71:12:53:8C,-41,11,1,5,1,1,1,0,0,0,0,-94,0,6,1,36804541,0,84,0,0,36.805,384,[84 -64 4 0 0 0 0 0 0 0 0 0 -8 -23 -7 -22 -6 -22 -2 -19 -7 -25 -6 -25 -5 -26 -3 -20 0 -20 0 -24 -2 -25 0 -22 0 -19 -2 -17 -4 -24 -4 -23 3 -19 0 -21 -4 -22 2 -20 -2 -22 -1 -20 -1 -18 -4 -21 0 -21 -4 -23 3 -3 1 -16 -6 -22 -1 -15 -8 -16 0 -21 -2 -16 -3 -15 1 -17 -7 -18 -1 -19 -2 -21 -5 -19 -7 -12 -7 -16 -6 -20 -9 -13 -10 -21 -5 -17 -8 -15 -8 -18 -11 -19 -6 -12 -12 -16 -11 -20 -10 -20 -10 -11 -4 3 0 0 0 0 0 0 0 0 ]
CSI_DATA,AP,68:FE:71:12:53:8C,-45,11,1,3,1,1,1,0,0,0,0,-94,0,6,1,36873043,0,84,0,0,36.873,384,[84 -64 4 0 0 0 0 0 0 0 0 0 -13 19 -14 19 -14 13 -16 12 -20 10 -21 16 -21 14 -19 11 -22 14 -20 14 -23 7 -18 12 -19 9 -20 10 -14 11 -17 6 -19 9 -14 13 -17 10 -20 6 -21 9 -20 10 -16 11 -14 9 -16 11 -20 13 2 2 -15 12 -11 11 -11 7 -11 10 -18 14 -15 6 -14 6 -11 10 -9 11 -10 13 -11 9 -15 14 -12 8 -9 13 -8 14 -8 11 -11 10 -14 13 -16 12 -13 17 -14 12 -8 11 -12 16 -14 18 -8 16 -11 9 -2 0 0 0 0 0 0 0 0 0 ]
CSI_DATA,AP,68:FE:71:12:53:8C,-45,11,1,4,1,1,1,0,0,0,0,-94,0,6,1,36984315,0,84,0,0,36.984,384,[84 -64 4 0 0 0 0 0 0 0 0 0 -10 -20 -10 -16 -12 -18 -17 -21 -15 -20 -11 -18 -14 -18 -13 -14 -6 -18 -9 -21 -9 -23 -12 -15 -5 -16 -10 -15 -11 -18 -10 -15 -7 -18 -4 -14 -6 -20 -6 -17 -6 -15 -5 -18 -11 -20 -6 -18 -8 -19 -6 -17 1 -4 -8 -13 -13 -11 -13 -15 -11 -13 -5 -14 -12 -12 -9 -14 -8 -14 -12 -12 -7 -15 -12 -17 -14 -14 -15 -13 -9 -10 -10 -11 -12 -9 -11 -11 -14 -9 -13 -10 -10 -11 -14 -10 -9 -9 -8 -8 -18 -12 -10 -8 -12 -8 -4 1 0 0 0 0 0 0 0 0 ]
CSI_DATA,AP,68:FE:71:12:53:8C,-48,11,1,4,1,1,1,0,0,0,0,-95,0,6,1,37083409,0,84,0,0,37.083,384,[84 -64 4 0 0 0 0 0 0 0 0 0 23 -5 18 -5 18 -6 25 2 21 -2 19 4 18 3 17 1 17 3 22 2 21 1 16 0 16 3 23 -2 19 6 17 4 18 7 20 2 14 3 13 1 17 5 17 -1 17 5 18 0 15 -1 18 -2 2 -2 16 5 12 -2 21 2 16 -4 18 -4 19 -4 19 -3 12 -4 13 1 11 2 17 -5 19 -4 15 2 16 -7 16 1 15 -7 14 -6 13 -7 12 -2 14 -5 17 -5 11 -5 17 -1 16 -9 13 -2 18 -1 2 -1 0 0 0 0 0 0 0 0 ]
CSI_DATA,AP,68:FE:71:12:53:8C,-46,11,1,5,1,1,1,0,0,0,0,-96,0,6,1,37177993,0,84,0,0,37.178,384,[84 -64 4 0 0 0 0 0 0 0 0 0 8 18 10 12 11 20 16 16 10 17 5 17 11 21 12 13 9 15 8 18 10 17 6 15 3 14 3 21 7 22 5 22 10 21 7 19 3 19 7 20 3 18 3 19 3 16 3 12 5 16 6 15 -1 -1 5 15 5 13 11 15 5 14 3 18 5 10 9 15 4 12 8 12 12 7 12 9 8 14 5 13 11 14 9 13 15 16 15 8 13 14 8 15 7 9 9 14 7 11 15 13 13 7 14 6 12 10 1 -2 0 0 0 0 0 0 0 0 ]
CSI_DATA,AP,68:FE:71:12:53:8C,-48,11,1,5,1,1,1,0,0,0,0,-94,0,6,1,37281207,0,84,0,0,37.281,384,[84 -64 4 0 0 0 0 0 0 0 0 0 2 22 1 19 -3 23 0 21 -4 25 -5 19 0 23 -5 16 -5 22 -8 21 -6 16 -5 18 -7 22 -4 22 -10 18 -9 16 -9 14 -6 16 -7 20 -3 22 -1 18 -9 21 -5 16 -5 17 -2 16 -1 14 0 2 -2 19 -4 17 -7 18 -5 18 -2 14 1 17 -7 20 -1 15 2 16 -5 20 3 20 1 19 2 15 2 16 -1 15 -2 20 2 17 5 15 4 15 5 20 3 15 6 13 1 16 5 21 -1 14 7 15 -1 1 0 0 0 0 0 0 0 0 ]
CSI_DATA,AP,68:FE:71:12:53:8C,-45,11,1,5,1,1,1,0,0,0,0,-96,0,6,1,37387378,0,84,0,0,37.387,384,[84 -64 4 0 0 0 0 0 0 0 0 0 12 -23 13 -15 10 -19 13 -23 14 -19 14 -17 10 -14 9 -18 13 -21 16 -18 17 -13 10 -13 18 -17 10 -19 9 -10 14 -18 8 -16 8 -12 12 -13 16 -18 16 -18 15 -18 13 -15 15 -12 13 -18 14 -12 3 -1 7 -17 9 -14 14 -18 5 -19 5 -16 6 -15 7 -18 8 -16 4 -13 6 -11 11 -12 4 -13 8 -11 10 -16 3 -18 9 -16 10 -19 2 -14 7 -17 2 -15 3 -14 7 -20 2 -14 3 -18 7 -13 7 -13 4 -2 0 0 0 0 0 0 0 0 ]
CSI_DATA,AP,68:FE:71:12:53:8C,-44,11,1,4,1,1,1,0,0,0,0,-94,0,6,1,37501075,0,84,0,0,37.501,384,[84 -64 4 0 0 0 0 0 0 0 0 0 -8 21 -8 20 -14 17 -16 22 -12 22 -11 13 -14 15 -11 15 -13 12 -9 11 -13 18 -15 13 -14 13 -16 18 -18 15 -17 13 -11 16 -13 13 -10 13 -11 11 -9 13 -14 15 -10 13 -16 13 -11 15 -16 11 0 1 -9 16 -14 16 -16 16 -13 10 -15 13 -14 16 -11 10 -11 13 -13 12 -7 16 -7 14 -7 13 -7 14 -5 13 -12 15 -5 14 -7 18 -10 18 -9 17 -8 18 -9 17 -5 15 -11 16 -8 19 -4 16 -4 11 1 -4 0 0 0 0 0 0 0 0 ]
CSI_DATA,AP,68:FE:71:12:53:8C,-44,11,1,3,1,1,1,0,0,0,0,-93,0,6,1,37571766,0,84,0,0,37.572,384,[84 -64 4 0 0 0 0 0 0 0 0 0 -20 2 -22 6 -18 2 -21 7 -20 3 -22 0 -20 -3 -16 1 -23 -1 -19 0 -19 2 -23 3 -22 0 -24 1 -24 -1 -20 1 -20 -4 -14 1 -23 -6 -23 -6 -18 2 -18 -1 -17 -2 -22 -3 -22 0 -17 3 0 2 -19 3 -18 1 -21 2 -15 1 -19 3 -15 2 -18 -1 -20 -2 -17 5 -21 1 -21 1 -20 4 -19 3 -18 -1 -17 0 -21 4 -15 7 -17 6 -19 0 -18 3 -15 2 -17 4 -17 5 -15 9 -16 7 -12 5 -2 0 0 0 0 0 0 0 0 0 ]
CSI_DATA,AP,68:FE:71:12:53:8C,-45,11,1,3,1,1,1,0,0,0,0,-95,0,6,1,37669020,0,84,0,0,37.669,384,[84 -64 4 0 0 0 0 0 0 0 0 0 -18 -5 -16 -10 -24 -10 -24 -8 -24 -6 -21 -11 -22 -10 -15 -6 -17 -12 -18 -10 -15 -9 -18 -9 -18 -13 -13 -13 -13 -13 -16 -10 -16 -9 -15 -13 -15 -14 -16 -7 -12 -15 -15 -13 -12 -13 -15 -6 -13 -8 -13 -9 0 0 -15 -8 -14 -9 -19 -12 -13 -6 -14 -6 -20 -8 -14 -8 -13 -3 -14 -3 -15 -2 -13 -3 -18 -4 -16 -3 -17 -2 -19 -1 -16 -4 -17 -8 -17 -4 -18 -4 -20 -2 -15 -5 -21 -3 -22 -2 -14 -4 -13 -5 -15 3 1 4 0 0 0 0 0 0 0 0 ]
CSI_DATA,AP,68:FE:71:12:53:8C,-41,11,1,6,1,1,1,0,0,0,0,-94,0,6,1,37775944,0,84,0,0,37.776,384,[84 -64 4 0 0 0 0 0 0 0 0 0 12 -19 13 -19 8 -13 9 -21 11 -20 16 -14 15 -17 17 -12 19 -14 10 -14 14 -12 15 -18 12 -11 12 -17 18 -15 16 -9 11 -13 9 -8 13 -11 10 -11 11 -6 18 -8 9 -10 10 -12 15 -15 16 -14 -3 -4 14 -11 17 -15 12 -7 10 -14 14 -13 16 -12 8 -14 8 -9 10 -10 13 -13 7 -10 14 -9 11 -15 10 -9 10 -15 8 -12 10 -11 6 -17 11 -16 7 -12 6 -12 12 -18 4 -12 11 -14 11 -11 4 -19 1 -2 0 0 0 0 0 0 0 0 ]
CSI_DATA,AP,68:FE:71:12:53:8C,-41,11,1,5,1,1,1,0,0,0,0,-95,0,6,1,37874172,0,84,0,0,37.874,384,[84 -64 4 0 0 0 0 0 0 0 0 0 19 5 15 5 15 10 17 5 15 6 17 11 22 13 17 11 21 12 17 13 21 8 18 10 17 9 16 15 19 16 14 12 12 14 18 11 16 12 16 15 13 13 18 7 11 10 11 15 18 10 19 11 -3 -4 11 7 15 12 11 14 10 6 11 12 15 12 12 11 10 9 18 9 12 5 19 6 17 8 12 8 16 4 15 3 12 6 14 2 14 7 18 4 12 6 16 6 20 7 16 0 14 -1 16 6 20 6 -4 1 0 0 0 0 0 0 0 0 ]
CSI_DATA,AP,68:FE:71:12:53:8C,-47,11,1,3,1,1,1,0,0,0,0,-96,0,6,1,37988913,0,84,0,0,37.989,384,[84 -64 4 0 0 0 0 0 0 0 0 0 -16 5 -23 4 -24 6 -22 5 -23 9 -17 6 -19 0 -23 6 -21 5 -18 -1 -25 2 -18 1 -21 0 -17 1 -18 5 -25 5 -19 3 -19 4 -20 -1 -23 1 -22 -1 -17 2 -14 -3 -20 0 -17 -2 -14 -1 -3 -1 -17 0 -19 -1 -20 3 -13 0 -19 -1 -16 6 -19 -1 -17 7 -18 4 -11 8 -20 4 -19 1 -14 2 -20 8 -19 3 -18 10 -18 10 -14 4 -20 8 -19 5 -14 10 -14 3 -11 10 -15 6 -18 8 -15 7 0 -2 0 0 0 0 0 0 0 0 ]
CSI_DATA,AP,68:FE:71:12:53:8C,-45,11,1,3,1,1,1,0,0,0,0,-96,0,6,1,38099286,0,84,0,0,38.099,384,[84 -64 4 0 0 0 0 0 0 0 0 0 9 16 4 18 6 21 8 18 3 23 0 16 1 21 5 18 6 22 6 18 5 21 1 23 2 21 -2 20 1 20 2 17 0 15 3 17 -1 16 3 13 -4 20 -4 18 -2 17 0 20 2 17 -3 15 -4 -2 5 20 2 18 1 16 5 17 0 13 2 16 2 19 1 14 1 17 8 10 9 17 7 17 2 18 3 15 2 17 2 18 8 20 7 15 5 11 9 15 4 13 5 14 3 17 4 13 4 13 5 14 4 -2 0 0 0 0 0 0 0 0 ]
CSI_DATA,AP,68:FE:71:12:53:8C,-46,11,1,5,1,1,1,1,0,0,0,-93,1,6,1,38171962,0,84,0,0,38.172,384,[84 -64 4 0 0 0 0 0 0 0 0 0 -8 19 -16 11 -14 15 -15 15 -18 9 -11 16 -18 12 -18 7 -19 7 -12 13 -12 9 -18 10 -15 13 -19 12 -14 7 -21 11 -18 8 -18 9 -13 11 -20 7 -17 7 -14 12 -13 5 -19 11 -12 12 -16 5 -2 1 -17 9 -15 7 -16 13 -14 10 -14 5 -16 14 -17 5 -8 8 -13 14 -15 6 -7 16 -14 8 -9 10 -9 12 -13 13 -15 9 -7 10 -12 17 -8 8 -7 16 -13 11 -13 12 -4 16 -8 12 -9 9 -10 9 -1 0 0 0 0 0 0 0 0 0 ]
CSI_DATA,AP,68:FE:71:12:53:8C,-45,11,1,4,1,1,1,0,0,0,0,-95,0,6,1,38276628,0,84,0,0,38.277,384,[84 -64 4 0 0 0 0 0 0 0 0 0 2 -23 7 -15 6 -21 0 -22 6 -19 8 -13 9 -20 4 -13 9 -18 3 -20 4 -20 4 -14 4 -15 10 -14 10 -15 10 -17 6 -18 5 -12 5 -19 6 -19 11 -18 10 -13 10 -10 7 -16 11 -12 7 -11 1 3 5 -12 3 -17 9 -15 8 -12 5 -17 7 -13 7 -11 6 -10 1 -12 3 -17 7 -18 2 -15 6 -12 -1 -15 4 -11 2 -13 3 -17 3 -13 2 -19 -1 -12 -1 -17 -3 -11 3 -17 -4 -15 -1 -17 3 -16 4 -2 0 0 0 0 0 0 0 0 ]
CSI_DATA,AP,68:FE:71:12:53:8C,-40,11,1,6,1,1,1,0,0,0,0,-95,0,6,1,38371257,0,84,0,0,38.371,384,[84 -64 4 0 0 0 0 0 0 0 0 0 22 2 22 6 18 6 18 5 21 6 16 9 22 7 13 13 17 14 14 8 13 11 16 11 15 10 13 14 14 10 15 13 13 13 14 9 16 9 13 12 17 7 13 11 17 9 18 10 12 11 11 12 0 -1 16 9 15 8 19 13 17 10 16 6 18 8 12 10 11 12 15 11 14 5 14 6 12 7 11 6 14 6 12 5 12 7 15 7 19 7 15 8 14 2 15 1 20 3 13 3 16 0 16 4 16 5 -3 1 0 0 0 0 0 0 0 0 ]
CSI_DATA,AP,68:FE:71:12:53:8C,-43,11,1,6,1,1,1,0,0,0,0,-94,0,6,1,38461989,0,84,0,0,38.462,384,[84 -64 4 0 0 0 0 0 0 0 0 0 10 6 9 10 8 3 3 4 8 4 4 11 4 8 9 10 0 10 7 7 5 9 8 9 7 9 0 4 6 9 2 8 5 4 -1 9 0 5 3 5 0 4 2 6 5 10 6 11 4 5 2 7 1 -2 5 10 1 6 8 8 0 4 4 8 6 2 5 8 6 3 3 6 0 8 1 10 8 6 0 10 6 8 7 9 4 9 4 6 9 3 6 9 7 1 5 2 4 5 9 4 5 2 8 2 7 9 -1 4 0 0 0 0 0 0 0 0 ]
CSI_DATA,AP,68:FE:71:12:53:8C,-45,11,1,5,1,1,1,0,0,0,0,-95,0,6,1,38535384,0,84,0,0,38.535,384,[84 -64 4 0 0 0 0 0 0 0 0 0 -3 -7 0 -9 -3 -13 1 -16 -2 -15 -1 -9 2 -9 -1 -11 6 -7 -1 -14 -1 -13 0 -9 5 -9 1 -6 2 -6 6 -7 5 -5 3 -9 0 -7 1 -10 0 -9 7 -6 1 -10 3 -11 4 -7 2 -7 3 2 5 -5 3 -8 7 -7 0 -7 1 -12 7 -8 2 -12 -1 -5 0 -4 0 -7 2 -10 4 -11 0 -5 2 -5 -2 -5 5 -7 -3 -6 3 -9 5 -8 2 -12 -2 -9 0 -8 -3 -9 1 -5 -1 -12 2 -12 -2 2 0 0 0 0 0 0 0 0 ]
CSI_DATA,AP,68:FE:71:12:53:8C,-43,11,1,5,1,1,1,0,0,0,0,-94,0,6,1,38636634,0,84,0,0,38.637,384,[84 -64 4 0 0 0 0 0 0 0 0 0 -19 4 -18 1 -21 4 -24 5 -16 -4 -21 -3 -22 -1 -20 1 -17 -2 -19 -2 -19 -6 -20 -3 -19 -7 -18 -1 -20 -7 -22 -5 -19 -1 -16 -3 -12 -7 -13 -3 -12 -2 -17 0 -13 -6 -14 -3 -16 -2 -16 -6 -1 4 -17 -6 -19 -6 -16 -4 -11 0 -13 -2 -13 3 -16 1 -18 3 -12 3 -10 1 -13 1 -11 2 -16 -1 -18 6 -14 2 -17 0 -12 4 -12 6 -19 6 -16 -1 -11 1 -12 5 -10 7 -13 5 -14 0 -15 1 -1 -4 0 0 0 0 0 0 0 0 ]
CSI_DATA,AP,68:FE:71:12:53:8C,-48,11,0,0,0,0,0,0,0,0,0,-96,0,6,1,38751341,0,37,0,0,38.751,128,[84 -64 4 0 0 0 0 0 0 0 0 0 31 -5 33 3 32 0 35 2 37 4 36 9 32 4 26 11 30 10 32 4 35 5 35 6 34 9 34 7 29 8 33 14 29 13 24 8 24 13 24 10 29 8 23 7 28 5 29 10 29 13 31 9 -1 1 26 9 30 2 26 4 28 7 25 7 31 1 31 7 23 1 28 6 23 3 24 4 24 -3 25 -1 30 -4 23 1 23 -5 28 3 28 -2 27 -4 24 -3 30 -6 28 -1 28 -2 30 -6 30 -1 31 -5 0 1 0 0 0 0 0 0 0 0 ]
CSI_DATA,AP,68:FE:71:12:53:8C,-49,11,1,2,1,1,1,0,0,0,0,-94,0,6,1,38840771,0,84,0,0,38.841,384,[84 -64 4 0 0 0 0 0 0 0 0 0 7 -5 6 1 6 -2 9 -2 4 2 9 2 7 5 8 -3 12 1 11 4 7 4 10 -2 12 -3 11 3 8 -3 6 -2 10 4 3 -2 10 -2 6 5 6 6 9 2 9 -2 10 5 4 2 3 2 -4 1 11 -3 3 -3 6 -2 4 -1 7 -2 8 -2 4 4 8 0 5 0 3 3 10 -3 10 3 3 1 2 1 8 4 9 -3 6 1 10 -2 9 2 5 -5 6 -3 3 -1 7 1 9 1 3 0 7 -3 0 -1 0 0 0 0 0 0 0 0 ]
CSI_DATA,AP,68:FE:71:12:53:8C,-43,11,1,4,1,1,1,0,0,0,0,-95,0,6,1,38943690,0,84,0,0,38.944,384,[84 -64 4 0 0 0 0 0 0 0 0 0 -25 5 -22 5 -22 3 -25 3 -19 4 -17 1 -19 1 -18 4 -25 -1 -23 3 -23 3 -18 -1 -25 1 -21 -4 -17 2 -23 1 -17 -1 -21 -3 -21 0 -17 -4 -17 -6 -19 -4 -14 1 -20 1 -18 -6 -17 -5 -2 0 -13 -2 -21 2 -13 2 -15 4 -20 -2 -19 -3 -17 1 -18 2 -13 5 -13 -2 -15 0 -19 6 -12 2 -18 3 -17 6 -12 5 -14 8 -20 1 -15 4 -17 8 -19 3 -17 1 -17 3 -18 10 -12 4 -15 6 -1 1 0 0 0 0 0 0 0 0 ]
CSI_DATA,AP,68:FE:71:12:53:8C,-42,11,1,4,1,1,1,0,0,0,0,-94,0,6,1,39042459,0,84,0,0,39.042,384,[84 -64 4 0 0 0 0 0 0 0 0 0 -15 -8 -15 -9 -20 -7 -15 -14 -17 -7 -18 -13 -16 -7 -10 -14 -17 -13 -9 -13 -11 -9 -8 -10 -12 -12 -9 -11 -13 -8 -12 -15 -14 -7 -10 -6 -7 -5 -7 -8 -9 -12 -7 -7 -4 -6 -7 -8 -10 -11 -6 -6 2 0 -7 -9 -15 -3 -14 -3 -11 -5 -13 -3 -8 -7 -9 -1 -9 -2 -7 -8 -12 -4 -10 -2 -8 -4 -15 -3 -10 -5 -9 -5 -10 1 -11 -3 -15 -5 -16 -5 -15 -3 -13 -5 -8 0 -16 2 -17 3 -11 -4 -9 -5 -3 -3 0 0 0 0 0 0 0 0 ]
CSI_DATA,AP,68:FE:71:12:53:8C,-48,11,1,4,1,1,1,0,0,0,0,-94,0,6,1,39142972,0,84,0,0,39.143,384,[84 -64 4 0 0 0 0 0 0 0 0 0 15 -11 14 -9 19 -8 14 -2 15 -1 20 -6 12 1 10 -1 18 0 10 0 13 -3 14 -5 11 -2 11 -1 10 0 11 1 14 -6 14 1 10 2 8 -4 6 -3 12 -6 5 0 12 -4 7 -7 14 -4 1 2 7 -5 11 -2 11 -2 12 -9 6 -4 5 -5 10 -6 12 -6 10 -8 15 -9 7 -10 7 -9 6 -5 12 -6 9 -7 7 -11 12 -7 12 -8 8 -4 3 -6 11 -10 11 -12 11 -9 4 -13 6 -6 4 -7 -2 -1 0 0 0 0 0 0 0 0 ]
CSI_DATA,AP,68:FE:71:12:53:8C,-50,11,1,1,1,1,1,0,0,0,0,-95,0,6,1,39235189,0,84,0,0,39.235,384,[84 -64 4 0 0 0 0 0 0 0 0 0 18 18 17 21 17 23 15 24 13 23 12 24 11 26 11 24 5 16 7 16 10 17 11 23 8 19 10 16 7 13 2 14 2 12 3 15 1 14 7 18 1 13 5 12 1 8 5 13 6 12 2 13 -1 -1 3 12 9 11 8 9 8 8 12 8 9 10 12 5 11 9 5 7 11 9 6 9 12 6 12 6 10 2 10 9 12 7 13 7 15 7 8 7 16 5 11 8 10 3 8 4 15 2 11 1 10 6 2 4 0 0 0 0 0 0 0 0 ]
CSI_DATA,AP,68:FE:71:12:53:8C,-46,11,1,5,1,1,1,0,0,0,0,-95,0,6,1,39333070,0,84,0,0,39.333,384,[84 -64 4 0 0 0 0 0 0 0 0 0 30 -1 28 -1 31 2 32 5 33 5 30 4 26 5 28 1 24 10 26 4 31 9 29 3 23 9 22 8 19 4 24 4 22 6 22 6 19 -1 18 6 20 2 19 3 14 2 15 -2 17 2 15 3 -4 0 12 2 19 0 11 -2 15 -4 13 -4 10 1 17 -7 11 -3 11 -2 15 -2 9 -4 8 -8 14 -4 14 -5 13 -11 9 -4 7 -6 10 -13 8 -4 7 -12 9 -7 5 -8 10 -8 7 -8 4 -13 7 -12 -2 4 0 0 0 0 0 0 0 0 ]
CSI_DATA,AP,68:FE:71:12:53:8C,-44,11,1,5,1,1,1,0,0,0,0,-95,0,6,1,39442079,0,84,0,0,39.442,384,[84 -64 4 0 0 0 0 0 0 0 0 0 14 -19 16 -16 18 -17 21 -11 20 -9 17 -16 15 -9 18 -7 17 -11 14 -13 15 -11 14 -11 16 -14 18 -13 17 -7 14 -6 14 -8 10 -7 13 -4 18 -12 18 -5 10 -12 10 -4 13 -10 14 -13 12 -11 -3 -2 11 -7 10 -11 11 -12 8 -14 16 -12 12 -6 10 -13 12 -6 11 -14 10 -7 12 -8 10 -14 10 -13 14 -15 15 -9 8 -12 7 -8 13 -13 15 -7 10 -13 11 -8 14 -14 12 -15 13 -12 6 -12 10 -15 -1 1 0 0 0 0 0 0 0 0 ]
CSI_DATA,AP,68:FE:71:12:53:8C,-48,11,1,5,1,1,1,0,0,0,0,-95,0,6,1,39522758,0,84,0,0,39.523,384,[84 -64 4 0 0 0 0 0 0 0 0 0 19 -11 20 -11 15 -12 18 -11 21 -9 21 -9 21 -8 16 -3 18 -9 18 -1 18 -3 19 -8 20 -1 20 -5 19 -4 26 -3 18 0 20 -3 21 -4 20 -4 21 1 20 -2 17 -1 23 1 22 -3 17 -5 0 -2 22 -3 17 -8 24 -4 18 -8 21 -4 19 -1 17 0 17 -6 16 -8 20 -7 20 -8 19 -4 18 -10 18 -11 17 -10 18 -5 21 -3 20 -7 24 -8 17 -5 19 -6 21 -5 23 -10 20 -4 22 -10 21 -8 2 1 0 0 0 0 0 0 0 0 ]
CSI_DATA,AP,68:FE:71:12:53:8C,-50,11,1,3,1,1,1,0,0,0,0,-95,0,6,1,39600618,0,84,0,0,39.601,384,[84 -64 4 0 0 0 0 0 0 0 0 0 15 -11 13 -8 20 -8 21 -13 19 -6 15 -12 19 -9 20 -5 22 -9 19 -3 24 -11 18 -6 22 -3 17 -4 20 -7 20 -9 20 -4 19 -4 20 -8 18 -2 21 -2 21 -7 16 -1 22 -8 18 -4 22 -3 0 -2 19 -9 21 -3 20 -9 19 -5 22 -5 22 -8 21 -7 15 -11 22 -9 19 -10 18 -8 19 -9 15 -14 16 -11 19 -11 24 -10 17 -6 15 -13 18 -6 15 -8 23 -13 22 -13 21 -13 19 -16 18 -9 21 -11 3 -2 0 0 0 0 0 0 0 0 ]
CSI_DATA,AP,68:FE:71:12:53:8C,-43,11,1,6,1,1,1,1,0,0,0,-95,2,6,1,39692687,0,84,0,0,39.693,384,[84 -64 4 0 0 0 0 0 0 0 0 0 -28 -12 -26 -15 -21 -15 -19 -17 -27 -13 -22 -21 -25 -21 -22 -21 -19 -19 -20 -23 -21 -16 -19 -16 -20 -23 -14 -14 -15 -17 -23 -22 -13 -21 -13 -19 -12 -15 -11 -22 -12 -17 -11 -19 -12 -13 -16 -20 -11 -16 -10 -16 1 -3 -10 -12 -11 -16 -10 -17 -15 -12 -13 -15 -16 -16 -12 -16 -12 -11 -14 -8 -9 -12 -12 -11 -10 -10 -13 -8 -15 -10 -12 -4 -12 -7 -14 -5 -19 -6 -22 -3 -17 -2 -17 -7 -21 -1 -24 0 -22 -3 -27 2 -23 -4 2 2 0 0 0 0 0 0 0 0 ]
CSI_DATA,AP,68:FE:71:12:53:8C,-47,11,1,5,1,1,1,0,0,0,0,-95,0,6,1,39791842,0,84,0,0,39.792,384,[84 -64 4 0 0 0 0 0 0 0 0 0 5 22 2 21 5 22 1 20 -4 17 -6 20 1 20 -2 16 -3 22 -8 18 -4 19 0 25 -2 21 -8 24 -10 22 -7 19 -7 25 -2 15 -5 19 -3 17 -5 20 -11 21 -9 20 -8 22 -5 21 -4 24 -2 4 -3 20 -9 22 -5 21 -6 22 -8 17 -2 20 -3 19 -5 23 -4 18 -3 22 -3 21 2 19 -6 21 -3 19 -4 15 1 23 4 20 4 20 -3 22 4 15 1 19 1 17 4 21 4 17 -2 16 -1 16 -3 1 0 0 0 0 0 0 0 0 ]
CSI_DATA,AP,68:FE:71:12:53:8C,-47,11,1,4,1,1,1,0,0,0,0,-94,0,6,1,39873484,0,84,0,0,39.873,384,[84 -64 4 0 0 0 0 0 0 0 0 0 -13 -9 -20 -6 -18 -11 -14 -8 -14 -13 -16 -15 -18 -17 -10 -14 -11 -18 -15 -11 -14 -14 -13 -19 -15 -17 -15 -19 -11 -20 -19 -23 -16 -15 -15 -21 -10 -22 -12 -16 -10 -21 -11 -18 -7 -15 -14 -20 -13 -23 -11 -14 -3 3 -16 -17 -12 -18 -17 -16 -11 -13 -14 -18 -9 -22 -8 -15 -17 -13 -15 -18 -10 -12 -16 -15 -12 -10 -15 -17 -19 -10 -10 -18 -14 -18 -11 -17 -14 -15 -12 -17 -16 -13 -15 -11 -18 -16 -15 -10 -16 -14 -15 -11 -16 -13 0 -3 0 0 0 0 0 0 0 0 ]
CSI_DATA,AP,68:FE:71:12:53:8C,-44,11,1,5,1,1,1,0,0,0,0,-94,0,6,1,39981416,0,84,0,0,39.981,384,[84 -64 4 0 0 0 0 0 0 0 0 0 -21 -6 -17 -15 -19 -10 -17 -11 -19 -17 -21 -12 -17 -15 -19 -16 -13 -18 -17 -11 -18 -16 -13 -18 -13 -17 -17 -12 -13 -9 -13 -17 -16 -17 -9 -15 -9 -10 -16 -12 -14 -9 -16 -11 -15 -8 -11 -9 -16 -17 -12 -8 -3 -3 -16 -10 -10 -7 -12 -12 -11 -11 -14 -10 -11 -11 -17 -6 -18 -13 -13 -9 -17 -10 -18 -9 -17 -5 -11 -7 -16 -6 -14 -10 -14 -6 -13 -10 -14 -4 -19 -2 -15 -3 -17 -6 -15 -7 -13 -4 -20 -9 -18 -5 -11 -6 -3 1 0 0 0 0 0 0 0 0 ]
CSI_DATA,AP,68:FE:71:12:53:8C,-48,11,1,5,1,1,1,0,0,0,0,-93,0,6,1,40062067,0,84,0,0,40.062,384,[82 -96 4 0 0 0 0 0 0 0 0 0 4 11 1 12 1 16 6 14 6 16 -1 16 7 20 5 20 6 18 5 16 0 21 2 19 -1 14 5 16 5 14 2 12 3 14 4 13 1 16 0 18 3 17 1 17 -2 16 2 18 -3 18 2 10 -3 -1 1 13 -1 14 -2 15 -2 15 5 11 6 9 4 10 1 13 7 16 7 12 2 9 2 10 7 8 4 11 8 13 8 14 9 13 3 8 2 16 5 12 5 9 5 8 8 10 9 7 4 14 11 11 -2 -3 0 0 0 0 0 0 0 0 ]
CSI_DATA,AP,68:FE:71:12:53:8C,-45,11,0,0,0,0,0,1,0,0,0,-94,3,6,1,40136324,0,37,0,0,40.136,128,[84 -64 4 0 0 0 0 0 0 0 0 0 -13 3 -13 6 -16 8 -21 5 -13 7 -14 3 -13 2 -15 4 -16 -1 -18 2 -17 1 -16 6 -17 4 -14 -1 -20 5 -19 1 -19 2 -20 0 -16 4 -14 1 -13 0 -17 -3 -16 -4 -15 3 -18 2 -16 3 2 -4 -10 0 -14 2 -11 4 -12 2 -10 2 -15 5 -13 6 -13 -1 -18 5 -14 0 -12 3 -9 7 -16 7 -12 4 -11 3 -12 7 -9 0 -16 8 -13 1 -10 7 -13 8 -14 8 -10 7 -16 6 -14 10 -15 7 3 -1 0 0 0 0 0 0 0 0 ]
CSI_DATA,AP,68:FE:71:12:53:8C,-43,11,1,5,1,1,1,0,0,0,0,-95,0,6,1,40260798,0,84,0,0,40.261,384,[84 -64 4 0 0 0 0 0 0 0 0 0 18 15 13 19 17 15 14 13 11 14 9 14 10 22 13 14 13 19 11 22 5 18 12 19 10 19 3 21 5 21 11 16 10 16 9 18 8 19 4 22 9 14 3 17 6 13 9 18 5 17 10 18 3 -3 10 12 3 13 9 14 3 16 3 17 11 12 11 11 10 17 12 15 10 18 10 15 12 13 7 13 8 10 14 16 9 9 7 17 13 8 12 15 8 17 9 16 9 10 8 17 14 13 12 8 8 8 1 -3 0 0 0 0 0 0 0 0 ]
CSI_DATA,AP,68:FE:71:12:53:8C,-47,11,1,3,1,1,1,0,0,0,0,-93,0,6,1,40369397,0,84,0,0,40.369,384,[84 -64 4 0 0 0 0 0 0 0 0 0 -20 -5 -15 -3 -16 -6 -20 -3 -23 -8 -15 -7 -18 -4 -18 -7 -19 -8 -17 -6 -18 -5 -20 -13 -18 -7 -12 -13 -20 -7 -15 -9 -18 -7 -18 -7 -17 -9 -16 -6 -16 -6 -15 -4 -15 -12 -18 -4 -10 -8 -14 -9 -1 3 -18 -8 -17 -8 -18 -3 -11 -10 -15 -4 -15 -6 -16 -3 -19 -2 -13 -3 -17 -6 -18 -6 -16 -2 -13 -5 -12 -7 -14 2 -19 -2 -19 -1 -12 -6 -13 -5 -15 -4 -15 1 -19 -1 -14 0 -16 4 -15 1 -14 2 -3 3 0 0 0 0 0 0 0 0 ]
CSI_DATA,AP,68:FE:71:12:53:8C,-45,11,1,4,1,1,1,0,0,0,0,-93,0,6,1,40500890,0,84,0,0,40.501,384,[84 -64 4 0 0 0 0 0 0 0 0 0 14 7 13 9 13 12 17 13 11 10 16 14 11 8 17 15 19 9 18 13 14 8 14 15 16 8 17 14 17 8 11 14 13 11 9 14 15 10 10 11 16 10 12 9 14 8 13 14 14 10 14 7 2 2 14 12 12 7 8 10 11 8 9 6 7 12 9 6 13 8 11 6 8 10 11 8 11 6 14 9 11 7 11 4 16 2 11 3 16 9 13 9 15 2 13 5 12 8 14 5 17 7 14 1 13 1 -3 4 0 0 0 0 0 0 0 0 ]
CSI_DATA,AP,68:FE:71:12:53:8C,-49,11,1,2,1,1,1,0,0,0,0,-95,0,6,1,40606667,0,84,0,0,40.607,384,[84 -64 4 0 0 0 0 0 0 0 0 0 -18 2 -22 1 -24 3 -18 0 -22 2 -23 -2 -23 1 -19 -5 -23 0 -15 0 -24 -2 -19 -4 -23 -7 -22 -3 -21 0 -18 -2 -14 -6 -14 -1 -20 -7 -17 -3 -14 -3 -17 -1 -21 -2 -14 -6 -14 -3 -16 -4 3 0 -15 -6 -18 -5 -21 -5 -20 -2 -14 -4 -16 0 -17 2 -19 2 -20 -5 -17 1 -18 -3 -16 4 -20 -2 -19 -3 -15 -3 -18 3 -19 2 -15 5 -16 2 -18 2 -19 -1 -14 3 -17 5 -12 8 -14 3 -12 3 -1 2 0 0 0 0 0 0 0 0 ]
CSI_DATA,AP,68:FE:71:12:53:8C,-44,11,1,3,1,1,1,0,0,0,0,-93,0,6,1,40703813,0,84,0,0,40.704,384,[84 -64 4 0 0 0 0 0 0 0 0 0 -21 5 -19 0 -21 -2 -25 3 -17 0 -21 -1 -19 -6 -22 -6 -16 0 -20 -4 -16 -6 -17 -5 -16 -7 -20 0 -23 -3 -18 -4 -21 -2 -14 -4 -22 -5 -18 -3 -16 -1 -19 -4 -13 1 -17 -7 -18 -6 -18 -4 4 3 -13 -4 -21 2 -17 2 -19 -4 -12 0 -19 -3 -17 -3 -21 -2 -20 -3 -12 4 -12 -1 -20 0 -19 1 -20 -2 -16 3 -15 0 -15 -3 -20 -1 -17 -1 -16 6 -20 -1 -13 4 -19 3 -14 7 -18 5 -16 0 0 -4 0 0 0 0 0 0 0 0 ]
CSI_DATA,AP,68:FE:71:12:53:8C,-44,11,1,3,1,1,1,0,0,0,0,-94,0,6,1,40806705,0,84,0,0,40.807,384,[84 -64 4 0 0 0 0 0 0 0 0 0 -1 21 5 22 1 18 3 21 -1 22 -1 18 2 21 0 22 -2 20 2 16 -2 20 0 21 0 23 0 19 -6 20 -1 18 -5 16 -2 17 -1 21 1 13 -3 16 -7 21 0 19 0 13 -2 19 -5 16 1 2 -1 18 1 19 0 18 1 14 -5 17 3 18 2 20 2 17 0 15 -1 17 -2 18 4 18 2 15 3 19 -2 18 1 12 6 19 0 10 6 18 1 16 5 11 8 18 3 11 9 18 0 15 7 13 2 -3 0 0 0 0 0 0 0 0 ]
CSI_DATA,AP,68:FE:71:12:53:8C,-49,11,1,3,1,1,1,0,0,0,0,-96,0,6,1,40914253,0,84,0,0,40.914,384,[84 -64 4 0 0 0 0 0 0 0 0 0 6 16 7 22 2 22 6 21 -2 22 -3 19 -2 24 -2 23 3 18 -2 20 -5 23 2 16 -4 24 1 15 2 17 -2 23 -4 17 -2 14 -1 16 -5 15 -1 22 -2 15 -3 14 1 22 -2 14 -5 14 -4 4 2 15 2 14 2 18 3 16 -5 18 0 19 -5 18 1 16 2 18 3 18 3 13 1 17 -2 12 2 19 7 13 4 12 5 16 7 14 8 11 4 19 2 19 3 13 7 13 5 20 6 11 5 13 0 -1 0 0 0 0 0 0 0 0 ]
CSI_DATA,AP,68:FE:71:12:53:8C,-47,11,1,5,1,1,1,0,0,0,0,-96,0,6,1,41016428,0,84,0,0,41.016,384,[84 -64 4 0 0 0 0 0 0 0 0 0 -17 -10 -15 -9 -14 -12 -16 -13 -17 -7 -10 -12 -9 -13 -13 -8 -15 -7 -15 -14 -10 -8 -12 -14 -11 -15 -15 -10 -13 -14 -12 -15 -15 -12 -6 -12 -14 -16 -6 -11 -12 -10 -8 -15 -8 -6 -7 -15 -12 -12 -10 -9 -1 -2 -8 -9 -10 -11 -12 -10 -8 -10 -11 -8 -11 -7 -10 -12 -13 -10 -10 -12 -14 -4 -8 -4 -15 -6 -9 -10 -12 -7 -11 -4 -13 -3 -11 -11 -7 -8 -8 -11 -8 -6 -13 -6 -9 -3 -9 -9 -10 -7 -8 -8 -12 -1 -3 -1 0 0 0 0 0 0 0 0 ]
CSI_DATA,AP,68:FE:71:12:53:8C,-42,11,1,6,1,1,1,0,0,0,1,-95,0,6,1,41088073,0,84,0,0,41.088,384,[84 -64 4 0 0 0 0 0 0 0 0 0 1 20 0 14 -4 19 -2 16 2 17 -5 23 -6 19 -7 17 -8 23 -7 19 -4 14 -4 18 -2 14 -8 16 -6 19 -1 17 -1 21 -9 16 -2 20 -3 18 -3 20 -6 14 -5 16 -1 19 0 17 -4 20 4 3 -8 14 1 12 -4 20 -1 12 -3 18 -1 18 -1 17 -3 11 -5 12 -4 19 2 16 1 15 4 11 -2 12 5 13 4 15 1 18 0 10 -3 19 0 15 5 15 -2 16 2 13 7 18 4 17 4 18 0 3 0 0 0 0 0 0 0 0 ]
CSI_DATA,AP,68:FE:71:12:53:8C,-42,11,1,5,1,1,1,1,0,0,0,-96,1,6,1,41179443,0,84,0,0,41.179,384,[84 -64 4 0 0 0 0 0 0 0 0 0 23 1 22 0 16 3 20 2 19 3 15 7 18 7 20 3 20 6 18 8 16 7 15 1 15 4 16 3 18 2 18 4 16 1 14 6 14 5 13 7 18 5 19 4 20 9 18 2 15 6 20 1 -4 1 16 0 18 0 17 5 13 -1 13 0 18 2 16 5 18 0 16 3 15 -1 11 -2 11 -3 12 -4 14 1 12 3 18 -3 14 1 13 -4 19 -1 14 -4 14 -4 13 1 18 -7 18 -7 20 -2 14 -5 1 4 0 0 0 0 0 0 0 0 ]
CSI_DATA,AP,68:FE:71:12:53:8C,-42,11,1,4,1,1,1,1,0,0,1,-94,4,6,1,41237752,0,84,0,0,41.238,384,[84 -64 4 0 0 0 0 0 0 0 0 0 11 -6 4 -4 10 -6 6 -6 6 -5 5 0 7 0 6 -1 8 -4 12 -5 8 -5 11 1 7 1 10 -7 5 1 6 -7 10 -3 6 1 7 -7 5 -5 8 -7 8 -4 8 -5 11 -3 6 -1 8 -4 0 -2 10 -2 5 -5 6 0 3 -2 4 1 11 1 10 -4 9 -3 4 -6 9 -6 8 -5 7 -1 3 -8 4 -7 3 -5 8 -7 4 -3 7 -2 7 -7 5 -3 9 -7 6 -1 4 0 8 -4 2 -8 3 -4 3 3 0 0 0 0 0 0 0 0 ]
CSI_DATA,AP,68:FE:71:12:53:8C,-44,11,1,4,1,1,1,0,0,0,0,-94,0,6,1,41319020,0,84,0,0,41.319,384,[84 -64 4 0 0 0 0 0 0 0 0 0 15 -13 12 -6 17 -8 12 -10 13 -6 13 -8 17 -10 21 -8 18 -9 14 -3 14 -3 20 -3 19 -3 18 -2 14 -7 16 0 18 -4 16 -3 19 -2 14 -3 13 -6 19 0 14 -6 14 -3 16 -8 10 -4 0 -2 10 -2 15 -8 13 -6 9 -6 15 -9 16 -4 17 -3 13 -8 16 -8 14 -9 13 -7 16 -4 11 -8 13 -10 11 -9 12 -8 16 -5 11 -5 15 -11 11 -7 10 -5 8 -12 7 -14 13 -10 8 -6 11 -11 -3 3 0 0 0 0 0 0 0 0 ]
CSI_DATA,AP,68:FE:71:12:53:8C,-46,11,1,4,1,1,1,0,0,0,0,-94,0,6,1,41409729,0,84,0,0,41.41,384,[84 -64 4 0 0 0 0 0 0 0 0 0 13 -13 18 -4 17 -7 22 -4 18 -6 22 -2 23 -4 17 -6 23 -3 19 -5 18 -8 19 -2 15 -4 15 -6 17 -4 20 -3 14 1 19 -7 20 -5 17 -5 15 0 19 0 17 -6 20 -5 17 0 14 -6 -3 3 12 -2 19 -8 14 -3 16 -7 12 -1 19 -9 12 -2 18 -7 11 -6 12 -6 12 -5 18 -9 16 -5 14 -7 14 -4 10 -10 10 -4 9 -12 15 -5 15 -12 10 -12 15 -8 11 -10 14 -13 14 -12 13 -12 3 -1 0 0 0 0 0 0 0 0 ]
CSI_DATA,AP,68:FE:71:12:53:8C,-45,11,1,5,1,1,1,0,0,0,0,-96,0,6,1,41493081,0,84,0,0,41.493,384,[84 -64 4 0 0 0 0 0 0 0 0 0 2 8 2 13 -2 8 2 8 6 11 -1 13 -3 8 -3 12 -4 5 1 9 -2 9 1 7 -3 7 -1 13 -5 9 0 12 0 8 -1 10 1 9 3 10 -4 12 -2 6 3 6 4 8 1 5 4 6 0 3 -1 8 4 8 -4 7 1 6 1 3 5 12 4 7 0 7 -2 5 1 11 -3 9 2 9 0 6 -3 11 5 6 0 7 -2 12 3 8 0 4 5 11 -1 8 5 9 6 3 6 5 2 5 -1 6 -4 -2 0 0 0 0 0 0 0 0 ]
CSI_DATA,AP,68:FE:71:12:53:8C,-50,11,1,1,1,1,1,0,0,0,0,-93,0,6,1,41595826,0,84,0,0,41.596,384,[84 -64 4 0 0 0 0 0 0 0 0 0 -9 -15 -11 -16 -12 -20 -13 -22 -6 -16 -7 -21 -8 -15 -8 -15 -8 -20 -9 -19 -4 -18 -6 -17 -3 -15 -4 -18 -4 -22 -6 -18 -5 -20 -5 -19 -6 -19 -7 -18 -1 -15 -3 -15 -5 -20 -9 -17 -2 -18 -9 -18 -1 -3 -9 -17 -11 -12 -9 -14 -9 -16 -6 -11 -8 -13 -5 -12 -3 -13 -6 -14 -4 -11 -11 -17 -4 -14 -11 -15 -13 -11 -12 -15 -6 -10 -13 -10 -14 -13 -9 -12 -11 -16 -7 -9 -11 -14 -15 -16 -14 -10 -8 -11 -15 -9 -3 -3 0 0 0 0 0 0 0 0 ]
CSI_DATA,AP,68:FE:71:12:53:8C,-42,11,1,5,1,1,1,0,0,0,0,-95,0,6,1,41709238,0,84,0,0,41.709,384,[84 -64 4 0 0 0 0 0 0 0 0 0 18 -6 20 -3 18 1 18 0 22 2 18 3 18 2 19 2 17 3 18 2 13 3 15 6 19 -2 17 0 14 5 13 3 11 -2 19 5 15 5 16 0 13 4 12 4 17 1 14 3 16 6 14 0 4 -1 13 2 10 -2 17 1 10 0 15 -3 10 2 15 -3 18 1 17 1 13 -2 11 0 12 2 12 -4 12 -6 11 -7 16 -3 18 -4 15 -4 17 -1 11 -5 15 -6 13 -7 9 -7 16 -4 11 -1 13 -8 2 1 0 0 0 0 0 0 0 0 ]
CSI_DATA,AP,68:FE:71:12:53:8C,-45,11,1,5,1,1,1,0,0,0,0,-95,0,6,1,41823801,0,84,0,0,41.824,384,[84 -64 4 0 0 0 0 0 0 0 0 0 -5 39 -1 37 -1 42 -7 36 -7 41 -3 34 -10 32 -6 41 -9 33 -10 32 -11 40 -13 35 -12 34 -15 30 -15 35 -12 35 -12 33 -13 27 -13 35 -11 31 -9 35 -15 32 -7 29 -6 28 -13 35 -9 30 2 2 -13 27 -4 33 -9 31 -6 28 -6 31 -6 29 -10 29 -1 30 -9 27 0 27 1 26 0 27 -2 28 -2 30 -4 33 3 27 1 26 -1 34 1 28 3 28 4 32 -2 27 2 34 6 28 7 25 5 31 -1 -2 0 0 0 0 0 0 0 0 ]
CSI_DATA,AP,68:FE:71:12:53:8C,-45,11,0,0,0,0,0,0,0,0,0,-94,0,6,1,41914913,0,37,0,0,41.915,128,[84 -64 4 0 0 0 0 0 0 0 0 0 18 0 21 -2 17 2 23 0 19 -1 18 0 16 3 17 2 15 4 19 -1 15 -1 20 3 18 2 20 2 18 1 22 6 16 4 15 2 18 1 15 8 17 8 16 4 18 2 19 0 20 1 12 3 3 -3 14 6 15 -1 17 6 15 -2 16 3 19 0 17 0 11 -4 16 3 16 1 18 -5 13 2 13 3 15 -2 17 1 14 -2 18 -3 16 -4 16 -3 11 -3 20 -2 16 -6 11 0 20 -7 19 -4 14 -5 3 0 0 0 0 0 0 0 0 0 ]
CSI_DATA,AP,68:FE:71:12:53:8C,-45,11,1,3,1,1,1,0,0,0,0,-94,0,6,1,42049662,0,84,0,0,42.05,384,[84 -64 4 0 0 0 0 0 0 0 0 0 13 -23 9 -23 9 -18 8 -15 11 -22 10 -14 11 -20 16 -19 17 -15 10 -16 13 -17 11 -16 15 -17 10 -13 14 -16 11 -14 13 -10 17 -14 17 -15 14 -15 9 -10 14 -11 9 -10 15 -14 15 -14 9 -11 -2 3 9 -9 15 -12 10 -17 15 -9 12 -15 8 -12 10 -15 12 -17 12 -14 7 -10 5 -17 11 -15 11 -16 9 -15 6 -15 8 -14 6 -12 4 -11 3 -14 8 -19 8 -14 3 -18 10 -16 7 -18 4 -15 5 -13 -1 4 0 0 0 0 0 0 0 0 ]
CSI_DATA,AP,68:FE:71:12:53:8C,-47,11,1,3,1,1,1,0,0,0,0,-95,0,6,1,42152697,0,84,0,0,42.153,384,[84 -64 4 0 0 0 0 0 0 0 0 0 7 20 0 17 -1 18 6 24 4 21 2 15 1 17 -5 21 1 22 3 23 1 21 -4 23 1 24 2 21 -5 19 -3 22 -3 21 1 17 -4 20 -4 22 -1 16 -3 17 1 16 -2 18 -7 15 -4 15 -1 0 -6 14 -4 19 -1 14 3 18 0 20 0 16 2 18 4 14 2 19 5 14 5 17 -3 19 5 12 -1 16 -1 15 1 13 6 15 7 12 3 13 7 15 1 19 0 12 9 17 4 14 0 19 9 14 -3 1 0 0 0 0 0 0 0 0 ]
CSI_DATA,AP,68:FE:71:12:53:8C,-46,11,1,4,1,1,1,0,0,0,0,-96,0,6,1,42265289,0,84,0,0,42.265,384,[84 -64 4 0 0 0 0 0 0 0 0 0 17 -15 16 -16 19 -16 17 -11 14 -13 13 -9 15 -14 14 -11 16 -8 20 -6 21 -9 22 -11 22 -6 14 -12 19 -9 18 -6 16 -7 16 -9 16 -9 15 -9 18 -5 20 -6 16 -4 14 -4 20 -8 15 -5 1 2 18 -8 17 -10 19 -10 14 -13 12 -7 15 -13 16 -13 12 -14 9 -12 15 -9 10 -10 14 -11 12 -11 15 -12 13 -11 11 -10 13 -11 15 -14 10 -8 10 -16 10 -13 15 -13 14 -10 14 -13 7 -11 7 -12 -4 2 0 0 0 0 0 0 0 0 ]
CSI_DATA,AP,68:FE:71:12:53:8C,-45,11,1,3,1,1,1,0,0,0,0,-96,0,6,1,42370213,0,84,0,0,42.37,384,[84 -64 4 0 0 0 0 0 0 0 0 0 18 -1 17 -6 22 1 27 2 18 -1 22 5 21 1 18 3 20 2 19 7 25 1 23 4 22 3 19 7 21 3 24 3 21 6 20 1 18 1 19 6 21 4 23 2 17 7 16 5 19 0 16 2 1 -4 21 2 22 3 15 -1 18 -2 16 5 16 1 15 0 16 4 20 4 20 -5 14 -1 16 1 14 -2 13 0 21 -6 17 -7 14 -4 14 -8 17 -7 19 -5 14 0 17 -4 15 -2 20 -5 18 -3 19 -8 3 -2 0 0 0 0 0 0 0 0 ]
CSI_DATA,AP,68:FE:71:12:53:8C,-42,11,1,6,1,1,1,0,0,0,0,-95,0,6,1,42473877,0,84,0,0,42.474,384,[-117 -80 8 0 0 0 0 0 0 0 0 0 3 13 4 12 6 11 2 10 2 10 2 13 -5 11 2 0 4 13 7 11 6 17 5 9 9 11 5 6 14 14 15 16 5 6 15 10 1 18 7 19 13 1 10 11 13 9 3 7 6 0 15 9 1 -2 7 12 3 3 11 6 8 4 9 4 10 9 6 9 14 3 15 4 13 6 7 10 12 0 18 3 11 9 5 0 13 3 5 -2 15 3 6 5 7 -6 11 1 7 -1 5 -3 12 -5 7 -2 8 -1 -2 2 0 0 0 0 0 0 0 0 ]
CSI_DATA,AP,68:FE:71:12:53:8C,-44,11,1,5,1,1,1,1,0,0,0,-95,4,6,1,42591000,0,84,0,0,42.591,384,[84 -64 4 0 0 0 0 0 0 0 0 0 17 -18 14 -16 19 -17 16 -12 17 -12 13 -9 17 -9 18 -11 20 -13 16 -10 18 -8 17 -12 20 -8 15 -6 17 -5 19 -11 21 -6 18 -10 16 -9 16 -4 22 -6 17 -7 18 -6 13 -8 13 -10 14 -11 -3 4 16 -8 20 -6 12 -7 13 -12 16 -10 13 -11 16 -12 12 -7 13 -8 16 -8 9 -11 11 -14 9 -9 10 -12 15 -11 8 -14 13 -13 13 -16 8 -11 13 -9 9 -12 13 -11 9 -13 12 -19 11 -16 9 -18 -4 -1 0 0 0 0 0 0 0 0 ]
CSI_DATA,AP,68:FE:71:12:53:8C,-45,11,1,5,1,1,1,0,0,0,0,-95,0,6,1,42669719,0,84,0,0,42.67,384,[84 -64 4 0 0 0 0 0 0 0 0 0 20 11 18 9 15 7 18 15 15 13 11 13 19 10 16 14 15 14 17 11 12 19 10 11 9 18 14 15 8 13 12 13 16 13 13 9 16 18 15 17 10 15 10 13 10 16 7 18 11 13 15 13 -2 1 15 10 14 17 15 11 10 12 12 8 13 14 9 11 10 15 14 12 9 10 17 7 15 8 14 13 14 11 12 7 13 6 18 10 14 8 11 9 13 2 18 9 18 8 17 7 20 8 13 5 15 8 0 1 0 0 0 0 0 0 0 0 ]
CSI_DATA,AP,68:FE:71:12:53:8C,-47,11,1,5,1,1,1,0,0,0,0,-95,0,6,1,42764491,0,84,0,0,42.764,384,[84 -64 4 0 0 0 0 0 0 0 0 0 -17 13 -16 14 -15 19 -18 11 -17 14 -19 9 -15 15 -15 15 -18 9 -20 11 -15 10 -17 9 -20 13 -16 9 -20 11 -20 11 -20 9 -20 11 -22 12 -18 11 -21 9 -21 10 -17 3 -18 8 -14 6 -15 7 -3 -4 -19 9 -19 12 -21 13 -12 5 -13 4 -15 10 -14 5 -13 13 -18 13 -17 14 -13 14 -9 13 -16 13 -12 12 -9 7 -12 10 -10 13 -8 17 -13 8 -8 11 -16 15 -14 9 -11 10 -11 17 -16 13 -12 9 1 0 0 0 0 0 0 0 0 0 ]
CSI_DATA,AP,68:FE:71:12:53:8C,-46,11,1,5,1,1,1,0,0,0,0,-94,0,6,1,42859012,0,84,0,0,42.859,384,[84 -64 4 0 0 0 0 0 0 0 0 0 -5 -24 -9 -17 -9 -18 -9 -19 -8 -18 -4 -18 -8 -22 -5 -20 -1 -18 -2 -17 -3 -19 -6 -26 -6 -20 -3 -26 -5 -23 -1 -24 1 -19 -2 -20 0 -23 2 -23 0 -17 0 -24 2 -17 -3 -16 3 -20 -6 -15 -2 1 1 -22 -2 -18 0 -15 -6 -17 0 -19 0 -15 -1 -20 -1 -17 -4 -20 -5 -13 -7 -18 -9 -19 -5 -14 -3 -19 -3 -13 -11 -14 -9 -17 -6 -18 -3 -18 -6 -19 -7 -16 -4 -14 -5 -18 -5 -14 -6 -20 -11 -13 1 -1 0 0 0 0 0 0 0 0 ]
CSI_DATA,AP,68:FE:71:12:53:8C,-45,11,1,3,1,1,1,0,0,0,0,-95,0,6,1,42939004,0,84,0,0,42.939,384,[84 -64 4 0 0 0 0 0 0 0 0 0 -7 -16 -5 -16 -5 -20 -7 -25 -6 -18 0 -19 1 -19 3 -20 3 -19 1 -22 -2 -23 -2 -23 0 -18 3 -22 4 -17 1 -22 5 -20 4 -21 -3 -17 1 -15 1 -21 4 -16 2 -14 3 -20 -1 -18 3 -18 2 -2 -3 -21 -1 -16 -1 -20 -6 -15 2 -15 -5 -15 3 -18 2 -14 -5 -16 1 -17 -1 -18 2 -16 -7 -14 -6 -20 -4 -12 -2 -16 0 -20 -7 -16 0 -20 -3 -14 -5 -14 -6 -18 -4 -20 -5 -13 -3 -18 -1 -19 -3 -4 0 0 0 0 0 0 0 0 ]
CSI_DATA,AP,68:FE:71:12:53:8C,-48,11,1,4,1,1,1,0,0,0,0,-95,0,6,1,43023362,0,84,0,0,43.023,384,[84 -64 4 0 0 0 0 0 0 0 0 0 -2 21 -2 17 0 22 0 23 -1 20 -2 15 -2 22 -6 20 -6 21 -8 18 -6 20 -4 18 -7 15 -9 22 -1 18 -6 22 -3 17 -4 18 -5 17 0 18 -7 14 0 15 -4 13 -6 12 -7 13 -8 12 -1 -1 -7 16 -3 16 1 20 -1 17 -2 12 -3 12 -6 17 -3 13 -4 14 -2 15 -1 15 0 19 2 18 4 11 5 14 1 15 -2 20 4 19 0 18 1 11 6 11 1 13 0 17 2 14 2 15 3 14 2 0 0 0 0 0 0 0 0 0 ]
CSI_DATA,AP,68:FE:71:12:53:8C,-43,11,1,5,1,1,1,0,0,0,0,-93,0,6,1,43123942,0,84,0,0,43.124,384,[84 -64 4 0 0 0 0 0 0 0 0 0 -16 -5 -14 -7 -22 -6 -19 -10 -15 -9 -15 -16 -16 -13 -17 -15 -14 -8 -18 -11 -18 -11 -14 -10 -19 -18 -18 -15 -11 -16 -17 -15 -13 -14 -17 -16 -16 -15 -10 -10 -10 -16 -18 -14 -16 -8 -15 -16 -13 -14 -14 -11 -3 0 -9 -10 -14 -7 -14 -14 -19 -8 -13 -14 -15 -7 -18 -11 -16 -12 -10 -9 -13 -3 -13 -8 -11 -4 -10 -10 -11 -8 -12 -10 -18 -7 -19 -9 -19 -7 -18 -3 -12 0 -15 -9 -12 -7 -12 -4 -21 -2 -13 -7 -17 -5 -3 3 0 0 0 0 0 0 0 0 ]
CSI_DATA,AP,68:FE:71:12:53:8C,-44,11,1,3,1,1,1,0,0,0,0,-95,0,6,1,43195757,0,84,0,0,43.196,384,[84 -64 4 0 0 0 0 0 0 0 0 0 -12 19 -7 19 -11 14 -17 21 -12 18 -12 15 -13 12 -16 15 -13 10 -11 16 -16 16 -15 14 -16 18 -17 14 -11 16 -17 15 -15 15 -11 13 -14 15 -13 11 -19 13 -11 8 -10 14 -15 15 -17 9 -12 9 -4 -4 -8 15 -11 16 -16 17 -16 13 -14 13 -12 14 -11 16 -12 10 -13 16 -12 16 -6 12 -6 16 -6 17 -5 18 -8 10 -10 14 -6 11 -3 10 -10 14 -10 17 -7 15 -7 16 -8 13 -4 13 -11 14 -5 12 1 0 0 0 0 0 0 0 0 0 ]
CSI_DATA,AP,68:FE:71:12:53:8C,-44,11,1,5,1,1,1,0,0,0,0,-94,0,6,1,43301996,0,84,0,0,43.302,384,[84 -64 4 0 0 0 0 0 0 0 0 0 -8 16 -13 21 -12 14 -12 16 -13 18 -13 19 -11 13 -10 18 -15 19 -13 17 -14 17 -17 16 -18 13 -12 17 -17 11 -14 13 -18 9 -11 8 -14 11 -17 8 -16 14 -14 14 -16 10 -13 8 -12 11 -11 10 4 -2 -12 15 -15 16 -12 14 -11 14 -11 10 -16 12 -9 15 -14 14 -11 12 -13 17 -13 11 -8 12 -9 12 -11 15 -13 10 -10 16 -11 16 -8 14 -5 16 -10 11 -11 14 -4 18 -8 12 -3 20 -8 15 -7 14 -2 3 0 0 0 0 0 0 0 0 ]
CSI_DATA,AP,68:FE:71:12:53:8C,-47,11,1,5,1,1,1,1,0,0,0,-95,3,6,1,43392923,0,84,0,0,43.393,384,[84 -64 4 0 0 0 0 0 0 0 0 0 15 -7 22 -11 20 -12 18 -8 19 -6 19 -5 21 -6 22 -9 20 -5 17 -2 17 -1 19 0 16 -5 23 -6 20 -5 17 -2 19 1 20 -7 18 -7 17 -4 21 0 14 1 15 0 21 -3 20 -2 21 -6 -4 -1 12 -7 13 -4 17 -8 18 -8 12 -1 18 -7 20 -1 16 -5 18 -6 11 -5 19 -10 17 -2 14 -8 14 -5 13 -12 17 -11 16 -7 17 -7 15 -7 9 -12 13 -11 15 -5 10 -6 12 -6 17 -13 14 -13 -1 4 0 0 0 0 0 0 0 0 ]
CSI_DATA,AP,68:FE:71:12:53:8C,-48,11,1,5,1,1,1,0,0,0,0,-94,0,6,1,43458363,0,84,0,0,43.458,384,[84 -64 4 0 0 0 0 0 0 0 0 0 -20 16 -19 17 -17 11 -14 15 -16 9 -21 12 -16 13 -18 8 -22 11 -19 8 -24 11 -15 5 -22 9 -20 5 -17 12 -16 5 -21 6 -16 9 -20 8 -20 7 -15 7 -19 10 -16 4 -15 8 -17 5 -13 3 4 -4 -14 7 -20 9 -15 6 -18 7 -16 6 -15 8 -14 11 -11 11 -11 6 -10 7 -14 8 -14 13 -17 9 -9 9 -13 12 -15 15 -12 14 -17 10 -16 10 -14 15 -13 15 -16 13 -16 16 -12 15 -17 14 -16 13 -3 1 0 0 0 0 0 0 0 0 ]
CSI_DATA,AP,68:FE:71:12:53:8C,-45,11,1,4,1,1,1,0,0,0,0,-95,0,6,1,43541643,0,84,0,0,43.542,384,[84 -64 4 0 0 0 0 0 0 0 0 0 2 -18 6 -19 7 -20 5 -25 4 -16 10 -21 8 -15 11 -16 4 -15 7 -18 10 -23 9 -22 10 -20 7 -18 8 -14 12 -19 4 -16 9 -14 8 -15 9 -20 4 -19 4 -15 5 -18 8 -17 3 -21 7 -16 -1 -2 5 -17 3 -20 2 -15 2 -15 4 -14 6 -18 2 -14 7 -20 7 -16 0 -15 1 -15 2 -14 2 -15 -1 -20 6 -18 2 -20 4 -18 3 -21 5 -18 1 -15 3 -20 3 -20 2 -20 -1 -16 0 -16 -3 -15 0 1 0 0 0 0 0 0 0 0 ]
CSI_DATA,AP,68:FE:71:12:53:8C,-45,11,1,4,1,1,1,0,0,0,0,-94,0,6,1,43641343,0,84,0,0,43.641,384,[84 -64 4 0 0 0 0 0 0 0 0 0 2 -18 11 -19 9 -18 6 -24 5 -21 11 -14 9 -15 11 -17 9 -13 7 -15 11 -16 16 -17 12 -21 13 -17 7 -16 8 -12 12 -16 9 -17 6 -12 14 -11 14 -13 11 -18 12 -11 14 -13 9 -14 12 -15 -4 1 9 -18 5 -15 8 -11 9 -13 11 -15 10 -19 7 -14 9 -19 8 -18 9 -10 7 -19 5 -15 5 -11 3 -19 2 -18 6 -18 5 -20 8 -17 3 -19 3 -14 7 -18 2 -15 -1 -13 -2 -19 4 -14 1 -18 -2 2 0 0 0 0 0 0 0 0 ]
CSI_DATA,AP,68:FE:71:12:53:8C,-46,11,1,3,1,1,1,0,0,0,0,-94,0,6,1,43771498,0,84,0,0,43.771,384,[84 -64 4 0 0 0 0 0 0 0 0 0 17 -26 17 -26 18 -27 15 -27 16 -22 22 -22 22 -25 18 -21 20 -22 22 -23 17 -23 20 -20 22 -24 22 -19 17 -15 17 -18 15 -15 18 -22 16 -16 16 -15 20 -18 15 -16 17 -20 18 -14 16 -18 16 -15 -4 -1 16 -13 18 -21 18 -20 15 -16 15 -21 14 -17 14 -18 14 -17 12 -18 13 -17 15 -16 10 -18 9 -18 10 -15 13 -25 13 -19 17 -19 12 -21 12 -18 11 -17 10 -18 13 -23 11 -23 10 -27 8 -24 14 -21 -4 3 0 0 0 0 0 0 0 0 ]
CSI_DATA,AP,68:FE:71:12:53:8C,-45,11,1,4,1,1,1,0,0,0,0,-93,0,6,1,43856017,0,84,0,0,43.856,384,[84 -64 4 0 0 0 0 0 0 0 0 0 11 -13 18 -14 18 -11 19 -20 12 -11 20 -10 17 -14 19 -10 19 -14 20 -13 19 -15 18 -8 19 -10 21 -12 17 -6 16 -11 19 -8 19 -11 13 -10 13 -11 14 -9 15 -6 17 -12 14 -10 15 -7 18 -8 -2 -4 18 -12 17 -6 12 -7 15 -7 12 -8 17 -13 17 -14 16 -8 13 -13 13 -10 11 -15 9 -12 12 -11 12 -16 15 -16 13 -17 12 -11 13 -12 9 -16 6 -12 11 -17 13 -17 6 -18 6 -16 13 -14 6 -16 4 0 0 0 0 0 0 0 0 0 ]
CSI_DATA,AP,68:FE:71:12:53:8C,-48,11,1,4,1,1,1,0,0,0,0,-93,0,6,1,43952825,0,84,0,0,43.953,384,[84 -64 4 0 0 0 0 0 0 0 0 0 -12 -17 -11 -16 -14 -17 -18 -12 -16 -20 -8 -13 -12 -15 -12 -19 -15 -19 -10 -16 -10 -19 -7 -18 -12 -15 -14 -21 -6 -17 -6 -15 -12 -18 -13 -16 -13 -14 -10 -14 -9 -12 -11 -18 -5 -14 -5 -18 -13 -16 -6 -17 1 1 -6 -15 -14 -15 -8 -12 -11 -11 -5 -14 -8 -18 -5 -12 -8 -10 -13 -12 -13 -15 -12 -16 -6 -16 -10 -10 -12 -10 -9 -15 -15 -8 -15 -15 -10 -12 -9 -10 -11 -7 -9 -15 -16 -10 -13 -8 -14 -15 -14 -12 -12 -14 1 1 0 0 0 0 0 0 0 0 ]
CSI_DATA,AP,68:FE:71:12:53:8C,-45,11,1,3,1,1,1,0,0,0,0,-93,0,6,1,44047838,0,84,0,0,44.048,384,[84 -64 4 0 0 0 0 0 0 0 0 0 -15 -14 -22 -8 -24 -10 -25 -15 -23 -11 -18 -9 -17 -15 -20 -10 -14 -12 -15 -18 -16 -14 -16 -19 -17 -18 -19 -14 -11 -12 -15 -12 -18 -16 -9 -17 -15 -13 -14 -17 -15 -15 -14 -15 -14 -17 -9 -11 -13 -11 -10 -10 -2 -1 -16 -9 -11 -11 -15 -16 -14 -7 -12 -13 -18 -13 -17 -14 -15 -11 -10 -6 -10 -5 -12 -6 -10 -11 -12 -14 -14 -7 -11 -8 -13 -6 -12 -12 -12 -9 -13 -9 -17 -10 -17 -6 -17 -10 -16 -11 -17 -3 -17 -11 -15 -11 0 3 0 0 0 0 0 0 0 0 ]
CSI_DATA,AP,68:FE:71:12:53:8C,-47,11,1,5,1,1,1,0,0,0,0,-95,0,6,1,44154581,0,84,0,0,44.155,384,[84 -64 4 0 0 0 0 0 0 0 0 0 10 9 10 15 12 13 10 18 8 15 7 20 4 17 10 15 4 16 7 14 12 16 9 13 8 13 4 17 9 11 9 12 3 17 5 15 2 18 9 11 3 16 5 15 2 9 9 15 6 18 4 11 -2 0 10 13 9 13 10 13 11 10 9 11 11 11 8 16 9 13 6 10 10 7 6 16 6 9 6 16 7 10 10 16 13 15 7 9 10 7 10 9 6 12 11 10 9 12 10 14 8 10 12 6 13 11 1 -3 0 0 0 0 0 0 0 0 ]
CSI_DATA,AP,68:FE:71:12:53:8C,-49,11,1,2,1,1,1,0,0,0,0,-94,0,6,1,44254371,0,84,0,0,44.254,384,[84 -64 4 0 0 0 0 0 0 0 0 0 -9 13 -14 16 -10 10 -14 17 -17 12 -16 12 -12 12 -14 10 -15 15 -19 8 -20 8 -15 14 -13 13 -18 7 -14 12 -17 11 -19 12 -17 7 -17 8 -18 9 -13 7 -18 7 -10 7 -13 8 -17 10 -12 12 -3 0 -17 11 -10 5 -10 12 -14 12 -9 13 -11 13 -15 8 -8 13 -13 12 -6 11 -12 13 -13 14 -5 11 -9 15 -13 10 -12 13 -12 9 -9 16 -13 10 -12 8 -9 10 -8 12 -4 8 -5 17 -12 8 -8 9 4 1 0 0 0 0 0 0 0 0 ]
CSI_DATA,AP,68:FE:71:12:53:8C,-44,11,0,0,0,0,0,0,0,0,0,-93,0,6,1,44356776,0,37,0,0,44.357,128,[84 -64 4 0 0 0 0 0 0 0 0 0 6 16 1 14 2 15 3 21 -2 17 0 11 1 19 -4 17 4 19 2 13 0 17 2 17 0 14 -2 18 1 10 2 13 1 13 -3 13 3 13 1 17 -2 16 0 9 3 13 0 10 -1 15 2 11 2 -2 0 13 -3 14 -3 10 1 14 -1 15 1 15 6 11 6 16 7 10 6 10 -1 17 6 14 0 16 8 13 3 17 5 10 3 17 6 13 7 12 4 11 9 9 8 11 2 13 8 16 1 12 9 11 -3 4 0 0 0 0 0 0 0 0 ]
CSI_DATA,AP,68:FE:71:12:53:8C,-47,11,1,4,1,1,1,0,0,0,0,-93,0,6,1,44471908,0,84,0,0,44.472,384,[84 -64 4 0 0 0 0 0 0 0 0 0 13 23 12 14 6 18 5 20 6 17 10 17 9 20 5 22 3 20 7 17 5 16 2 24 2 18 4 14 9 19 2 17 2 14 5 19 6 16 6 18 8 17 5 12 0 19 8 15 5 15 3 18 -2 -3 8 12 3 19 5 18 5 11 9 14 6 11 4 15 3 14 5 13 5 14 3 15 7 14 3 16 10 16 9 12 6 12 9 16 8 13 12 8 7 13 9 11 4 12 11 14 12 17 3 13 6 10 -3 1 0 0 0 0 0 0 0 0 ]
CSI_DATA,AP,68:FE:71:12:53:8C,-46,11,1,4,1,1,1,1,0,0,0,-95,4,6,1,44568632,0,84,0,0,44.569,384,[84 -64 4 0 0 0 0 0 0 0 0 0 -14 -10 -19 -8 -14 -5 -15 -10 -12 -10 -18 -9 -15 -7 -17 -9 -14 -15 -15 -14 -12 -13 -15 -10 -12 -17 -10 -17 -17 -12 -17 -16 -11 -11 -14 -11 -8 -8 -14 -10 -13 -10 -11 -10 -13 -12 -15 -7 -10 -7 -8 -8 0 0 -7 -14 -8 -11 -13 -9 -16 -4 -14 -12 -11 -9 -14 -5 -11 -7 -13 -6 -9 -4 -10 -4 -9 -3 -11 -6 -16 -8 -14 -11 -16 -10 -11 -11 -12 -10 -15 -11 -12 -6 -13 -4 -12 -6 -14 -6 -17 -7 -14 -2 -16 -7 -2 4 0 0 0 0 0 0 0 0 ]
CSI_DATA,AP,68:FE:71:12:53:8C,-44,11,1,4,1,1,1,0,0,0,0,-95,0,6,1,44675356,0,84,0,0,44.675,384,[84 -64 4 0 0 0 0 0 0 0 0 0 -14 0 -14 -4 -19 3 -12 1 -15 -5 -17 -2 -13 -7 -15 -6 -17 -6 -17 0 -19 -1 -16 -4 -13 -1 -15 -1 -17 -9 -13 -2 -10 -2 -9 -8 -8 -6 -16 -7 -8 -1 -10 -3 -11 -5 -9 -1 -17 -2 -11 0 -2 4 -13 -3 -9 -8 -14 -5 -15 -5 -8 -1 -14 -2 -14 -7 -14 -1 -12 0 -10 3 -9 2 -9 0 -9 -1 -8 2 -10 -1 -8 4 -10 2 -11 -2 -13 5 -14 1 -12 1 -7 5 -15 5 -16 -1 -9 -2 -14 5 -2 -3 0 0 0 0 0 0 0 0 ]
CSI_DATA,AP,68:FE:71:12:53:8C,-46,11,1,3,1,1,1,0,0,0,0,-94,0,6,1,44765874,0,84,0,0,44.766,384,[84 -64 4 0 0 0 0 0 0 0 0 0 31 -5 32 -8 32 -5 29 -10 33 -6 26 -6 31 -3 28 -1 29 1 32 -6 27 -1 33 1 32 0 32 1 33 -1 35 -1 27 5 24 -1 25 4 26 2 29 6 30 5 26 3 26 -2 27 5 25 0 3 -3 29 -1 25 0 26 -3 25 -4 29 -2 25 1 28 2 22 0 27 -1 28 -5 31 -9 24 -3 22 -5 24 -8 29 -8 31 -9 23 -7 25 -6 25 -5 22 -7 25 -10 26 -8 26 -5 22 -9 24 -14 26 -10 2 -3 0 0 0 0 0 0 0 0 ]
CSI_DATA,AP,68:FE:71:12:53:8C,-44,11,1,3,1,1,1,0,0,0,0,-94,0,6,1,44829313,0,84,0,0,44.829,384,[84 -64 4 0 0 0 0 0 0 0 0 0 11 -20 12 -17 7 -16 11 -18 8 -20 13 -18 13 -14 15 -16 14 -16 9 -16 17 -20 18 -12 14 -13 17 -16 10 -14 11 -16 17 -16 10 -11 10 -16 15 -9 10 -10 9 -16 16 -15 12 -14 9 -14 17 -12 -1 -4 12 -14 8 -16 13 -18 6 -11 7 -9 14 -18 12 -9 10 -10 10 -10 7 -13 11 -18 6 -15 4 -17 6 -12 7 -15 6 -12 11 -19 10 -12 2 -11 9 -17 6 -11 4 -18 8 -15 1 -14 4 -13 6 -13 -3 1 0 0 0 0 0 0 0 0 ]
CSI_DATA,AP,68:FE:71:12:53:8C,-39,11,1,4,1,1,1,0,0,0,1,-96,0,6,1,44941675,0,84,0,0,44.942,384,[84 -64 4 0 0 0 0 0 0 0 0 0 19 7 22 6 24 8 20 7 14 4 17 8 19 12 14 12 15 10 18 8 19 7 15 10 10 12 14 5 15 5 10 4 13 4 12 9 13 3 16 2 14 5 9 2 10 8 7 7 15 1 16 1 -3 -4 13 1 16 5 11 6 12 5 10 7 8 3 10 5 10 2 14 -3 8 1 16 -3 7 4 15 -2 8 2 8 2 11 -1 11 -2 9 0 10 -6 15 -3 15 1 12 1 14 -5 14 -5 15 0 9 -1 -2 -4 0 0 0 0 0 0 0 0 ]
CSI_DATA,AP,68:FE:71:12:53:8C,-44,11,1,4,1,1,1,0,0,0,0,-94,0,6,1,45039413,0,84,0,0,45.039,384,[84 -64 4 0 0 0 0 0 0 0 0 0 -20 -11 -16 -13 -16 -9 -15 -16 -12 -13 -13 -12 -13 -10 -9 -12 -16 -13 -10 -10 -13 -9 -7 -11 -15 -16 -8 -11 -9 -13 -8 -12 -9 -8 -9 -8 -5 -8 -8 -7 -11 -10 -8 -9 -11 -13 -5 -10 -9 -8 -5 -5 -4 4 -11 -11 -13 -4 -13 -7 -11 -9 -12 -4 -12 -7 -13 -5 -10 -2 -11 -1 -10 -3 -13 -8 -10 -3 -11 -6 -11 -3 -9 -3 -11 0 -16 -5 -12 -7 -11 0 -10 -6 -16 -3 -15 -1 -10 -3 -13 -5 -15 0 -10 -3 -2 -3 0 0 0 0 0 0 0 0 ]
CSI_DATA,AP,68:FE:71:12:53:8C,-49,11,1,1,1,1,1,0,0,0,0,-93,0,6,1,45122311,0,84,0,0,45.122,384,[84 -64 4 0 0 0 0 0 0 0 0 0 -11 29 -14 21 -9 25 -10 28 -15 21 -16 18 -12 23 -12 13 -9 16 -13 18 -16 13 -15 15 -12 15 -14 15 -10 11 -11 13 -12 9 -12 10 -13 8 -6 15 -12 8 -9 8 -11 12 -13 15 -8 14 -11 15 3 -4 -4 12 -5 14 -9 12 -2 14 -7 15 -5 8 -7 16 -6 10 0 10 -6 12 -5 14 0 8 -1 9 3 10 -1 10 0 12 0 9 6 10 3 15 3 14 -1 14 6 16 3 14 5 10 6 17 5 13 -3 0 0 0 0 0 0 0 0 0 ]
CSI_DATA,AP,68:FE:71:12:53:8C,-40,11,1,6,1,1,1,0,0,0,0,-94,0,6,1,45209005,0,84,0,0,45.209,384,[84 -64 4 0 0 0 0 0 0 0 0 0 -13 -15 -15 -21 -14 -14 -20 -23 -18 -23 -9 -22 -8 -18 -7 -19 -10 -17 -13 -21 -13 -15 -8 -21 -9 -15 -12 -15 -5 -14 -14 -13 -13 -10 -4 -9 -12 -9 -12 -17 -11 -17 -12 -11 -3 -12 -10 -14 -7 -12 -11 -7 4 -1 -10 -9 -5 -4 -8 -9 -13 -7 -5 -9 -7 -8 -10 -8 -13 -8 -13 -6 -11 -6 -10 -8 -12 -7 -5 -2 -14 1 -13 -1 -10 -5 -9 -4 -9 -2 -7 -4 -13 -2 -12 -2 -6 -1 -5 3 -8 0 -6 4 -9 -1 4 4 0 0 0 0 0 0 0 0 ]
CSI_DATA,AP,68:FE:71:12:53:8C,-46,11,1,3,1,1,1,0,0,0,0,-95,0,6,1,45309286,0,84,0,0,45.309,384,[84 -64 4 0 0 0 0 0 0 0 0 0 24 15 14 11 18 8 15 12 16 9 17 12 18 15 16 18 13 15 10 14 14 10 13 17 11 11 12 10 16 10 12 12 16 16 13 9 10 9 14 11 15 8 15 16 13 8 12 15 14 13 16 7 4 -3 15 9 10 7 11 14 8 6 12 9 8 12 11 13 16 5 13 8 14 7 18 9 15 8 11 8 12 7 14 4 14 6 13 7 10 5 14 7 13 3 17 3 16 10 12 3 12 5 16 9 17 7 2 0 0 0 0 0 0 0 0 0 ]
CSI_DATA,AP,68:FE:71:12:53:8C,-45,11,1,4,1,1,1,0,0,0,0,-94,0,6,1,45411156,0,84,0,0,45.411,384,[84 -64 4 0 0 0 0 0 0 0 0 0 23 -10 16 -4 18 -6 19 -5 23 -5 23 -3 23 -8 24 -7 20 -4 22 -7 21 0 28 -4 28 -1 25 -7 18 -2 21 -2 23 -6 21 -7 23 -7 23 -3 26 -2 27 -5 20 2 25 -2 22 0 24 -3 -2 3 22 -8 24 -3 21 -6 21 -8 21 -8 27 -6 25 -9 18 -5 17 -5 25 -4 26 -9 18 -7 18 -8 21 -4 25 -7 20 -11 25 -11 18 -8 24 -7 16 -11 20 -10 18 -10 22 -8 19 -14 22 -5 17 -9 -3 -4 0 0 0 0 0 0 0 0 ]
CSI_DATA,AP,68:FE:71:12:53:8C,-50,11,1,2,1,1,1,1,0,0,0,-94,4,6,1,45533648,0,84,0,0,45.534,384,[84 -64 4 0 0 0 0 0 0 0 0 0 20 -11 16 -5 18 -4 19 -10 20 -9 18 -9 23 -8 21 -1 16 -4 23 0 18 0 19 -1 24 -5 17 -2 20 0 23 -5 23 -1 18 -5 25 1 22 1 20 -3 22 -4 17 -3 22 -3 21 -5 22 -5 2 -4 24 -7 21 1 17 -4 17 -2 16 1 20 -6 22 -2 23 0 16 -4 22 -8 18 -4 21 -10 23 -5 24 -9 24 -10 18 -4 23 -3 23 -6 24 -11 21 -6 21 -5 17 -9 23 -8 21 -7 20 -5 21 -9 2 -1 0 0 0 0 0 0 0 0 ]
CSI_DATA,AP,68:FE:71:12:53:8C,-47,11,1,5,1,1,1,0,0,0,0,-95,0,6,1,45627311,0,84,0,0,45.627,384,[84 -64 4 0 0 0 0 0 0 0 0 0 5 -7 -2 -5 4 -6 2 1 4 -7 1 -3 3 -6 1 -2 5 -1 7 -3 5 0 8 -2 2 -1 7 4 8 -4 10 2 8 -3 9 -4 4 -2 4 5 6 3 10 3 4 0 9 1 10 -3 4 -3 -3 1 7 2 7 -3 5 -1 11 4 12 4 11 -1 6 0 12 5 9 -4 6 -2 9 1 12 5 9 3 11 1 10 1 16 1 10 1 13 -2 9 -2 17 1 17 0 15 4 12 -2 16 -3 16 -4 11 -1 0 -1 0 0 0 0 0 0 0 0 ]
CSI_DATA,AP,68:FE:71:12:53:8C,-44,11,1,4,1,1,1,1,0,0,0,-95,4,6,1,45732519,0,84,0,0,45.733,384,[84 -64 4 0 0 0 0 0 0 0 0 0 21 3 20 4 14 4 17 -1 22 3 16 5 18 3 22 6 20 5 16 5 20 5 17 3 23 7 21 11 17 6 19 11 20 6 19 11 22 13 17 7 16 14 22 14 13 13 16 10 17 8 20 8 0 -4 15 10 24 5 17 11 21 11 19 6 19 5 24 9 22 9 18 1 21 1 20 6 17 9 18 4 18 0 17 2 24 1 16 4 17 1 19 0 19 0 21 1 15 -2 16 6 19 -2 18 0 20 -3 0 3 0 0 0 0 0 0 0 0 ]
CSI_DATA,AP,68:FE:71:12:53:8C,-45,11,1,5,1,1,1,0,0,0,0,-93,0,6,1,45834255,0,84,0,0,45.834,384,[84 -64 4 0 0 0 0 0 0 0 0 0 17 1 14 4 15 5 16 7 21 2 19 3 21 5 17 4 19 9 16 3 17 12 23 6 19 7 17 10 20 7 22 8 23 7 14 7 22 10 16 7 20 13 18 12 14 9 18 7 18 13 19 6 4 -2 22 9 17 12 22 10 20 6 19 10 22 12 16 6 18 4 17 5 20 9 18 8 17 6 16 4 17 4 18 5 17 3 19 5 19 1 16 5 16 -1 18 0 15 1 20 6 19 5 17 4 16 5 -2 -4 0 0 0 0 0 0 0 0 ]
CSI_DATA,AP,68:FE:71:12:53:8C,-45,11,1,5,1,1,1,0,0,0,0,-94,0,6,1,45918476,0,84,0,0,45.918,384,[84 -64 4 0 0 0 0 0 0 0 0 0 5 17 12 15 11 16 12 22 4 23 9 17 6 23 5 22 8 15 -1 19 4 23 5 23 7 22 4 23 3 16 2 21 -1 16 4 20 0 18 2 18 3 20 0 14 -1 14 7 20 -1 21 2 13 3 -1 -1 11 -1 12 6 19 6 12 1 19 5 19 4 11 1 13 7 14 7 11 6 16 5 10 8 16 7 11 2 11 5 10 3 17 4 9 9 13 10 8 11 13 5 15 11 16 14 12 10 14 5 9 4 2 0 0 0 0 0 0 0 0 ]
CSI_DATA,AP,68:FE:71:12:53:8C,-49,11,1,1,1,1,1,0,0,0,0,-95,0,6,1,46015947,0,84,0,0,46.016,384,[82 -96 4 0 0 0 0 0 0 0 0 0 15 -13 14 -11 18 -10 19 -16 20 -14 12 -9 12 -10 12 -11 13 -12 16 -13 13 -9 13 -7 13 -8 15 -12 13 -10 14 -11 14 -10 17 -7 17 -3 12 -3 16 -9 17 -7 14 -9 12 -7 17 -8 9 -5 -1 -2 9 -10 12 -11 17 -10 13 -4 11 -11 13 -12 13 -12 12 -7 13 -10 15 -5 11 -7 8 -12 9 -6 13 -11 10 -14 11 -10 8 -6 11 -10 10 -14 13 -13 13 -12 9 -13 8 -15 5 -14 10 -10 12 -16 2 2 0 0 0 0 0 0 0 0 ]
CSI_DATA,AP,68:FE:71:12:53:8C,-45,11,1,3,1,1,1,0,0,0,0,-95,0,6,1,46122547,0,84,0,0,46.123,384,[84 -64 4 0 0 0 0 0 0 0 0 0 22 -4 15 -1 22 0 20 1 16 1 19 -5 22 -1 20 1 17 3 20 -4 21 -4 19 -4 15 -5 15 -2 18 0 19 1 18 2 13 -3 13 1 18 0 14 2 18 -1 13 3 19 -1 19 1 13 2 2 2 18 2 13 3 13 -1 10 -4 13 1 11 2 15 -3 16 -1 17 -1 14 1 10 -2 15 0 13 -1 11 -7 12 -7 18 -5 16 -6 13 -3 16 -9 13 -6 17 -8 11 -8 11 -10 9 -6 12 -4 17 -7 0 -3 0 0 0 0 0 0 0 0 ]
CSI_DATA,AP,68:FE:71:12:53:8C,-44,11,1,3,1,1,1,0,0,0,0,-95,0,6,1,46215229,0,84,0,0,46.215,384,[84 -64 4 0 0 0 0 0 0 0 0 0 11 -18 17 -12 13 -14 18 -13 13 -11 20 -16 17 -13 19 -12 13 -13 12 -14 18 -12 16 -14 15 -8 12 -8 13 -13 20 -11 17 -10 16 -5 16 -5 13 -5 15 -5 16 -11 12 -5 14 -12 17 -9 11 -12 3 -3 11 -9 17 -14 17 -7 13 -13 9 -13 12 -11 13 -8 13 -8 15 -8 7 -7 14 -12 15 -12 9 -10 15 -12 10 -12 13 -11 6 -10 11 -13 8 -16 11 -9 5 -12 12 -14 7 -18 7 -11 7 -11 5 -17 2 -3 0 0 0 0 0 0 0 0 ]
CSI_DATA,AP,68:FE:71:12:53:8C,-46,11,1,3,1,1,1,1,0,0,0,-95,2,6,1,46352564,0,84,0,0,46.353,384,[84 -64 4 0 0 0 0 0 0 0 0 0 -27 -21 -27 -24 -27 -21 -25 -30 -30 -25 -24 -24 -22 -27 -23 -31 -25 -31 -23 -22 -21 -26 -20 -31 -20 -28 -23 -28 -21 -33 -23 -29 -19 -33 -17 -32 -24 -25 -14 -29 -21 -24 -16 -28 -15 -28 -22 -27 -15 -27 -15 -25 -3 0 -19 -30 -16 -26 -21 -23 -20 -25 -14 -24 -20 -28 -19 -27 -18 -22 -20 -27 -22 -22 -23 -23 -17 -20 -21 -19 -26 -20 -21 -22 -23 -22 -23 -21 -23 -23 -20 -23 -24 -18 -21 -21 -19 -24 -22 -16 -26 -21 -29 -21 -24 -16 -4 -2 0 0 0 0 0 0 0 0 ]
CSI_DATA,AP,68:FE:71:12:53:8C,-46,11,1,5,1,1,1,0,0,0,0,-95,0,6,1,46459666,0,84,0,0,46.46,384,[84 -64 4 0 0 0 0 0 0 0 0 0 -15 -21 -6 -14 -13 -19 -11 -20 -12 -18 -9 -22 -6 -17 -10 -15 -5 -20 -4 -19 -10 -16 -3 -16 -4 -15 -4 -15 -3 -20 -7 -20 -3 -20 -3 -21 -2 -18 -8 -20 -7 -19 -4 -18 -4 -20 -3 -16 -5 -17 -1 -17 0 2 -9 -18 -1 -19 -7 -19 -2 -10 -8 -14 -4 -11 -10 -11 -6 -18 -10 -15 -4 -13 -10 -17 -12 -9 -10 -17 -10 -9 -11 -15 -6 -17 -8 -13 -12 -11 -6 -9 -9 -17 -14 -13 -13 -17 -12 -12 -10 -17 -14 -13 -10 -10 -2 -3 0 0 0 0 0 0 0 0 ]
CSI_DATA,AP,68:FE:71:12:53:8C,-39,11,1,4,1,1,1,1,0,0,0,-95,5,6,1,46584539,0,84,0,0,46.585,384,[84 -64 4 0 0 0 0 0 0 0 0 0 12 11 8 13 12 12 8 13 11 13 12 13 13 11 6 15 9 19 7 13 7 19 11 19 7 18 7 15 8 15 10 18 7 17 4 17 5 11 3 13 8 17 11 13 8 16 4 18 5 10 8 15 -1 -1 4 10 11 12 8 11 8 9 4 13 10 14 7 8 4 8 11 8 5 15 9 14 5 11 8 7 5 10 14 6 13 9 12 14 11 10 8 5 10 8 9 7 14 10 10 7 15 11 16 9 14 7 2 -3 0 0 0 0 0 0 0 0 ]
CSI_DATA,AP,68:FE:71:12:53:8C,-46,11,1,5,1,1,1,0,0,0,0,-95,0,6,1,46664467,0,84,0,0,46.664,384,[84 -64 4 0 0 0 0 0 0 0 0 0 6 -22 3 -24 2 -24 8 -21 2 -21 1 -17 4 -15 10 -21 11 -17 4 -17 10 -20 7 -23 7 -15 12 -21 4 -17 8 -16 10 -20 8 -21 8 -14 5 -12 6 -16 9 -16 4 -14 4 -13 10 -12 5 -20 2 -4 3 -14 3 -16 6 -19 9 -14 2 -13 4 -17 8 -19 7 -17 9 -11 0 -14 6 -13 6 -19 1 -12 2 -17 6 -16 -1 -18 -1 -17 5 -14 0 -16 -1 -14 -2 -15 -1 -14 0 -13 1 -19 2 -14 3 -14 -2 -1 0 0 0 0 0 0 0 0 ]
CSI_DATA,AP,68:FE:71:12:53:8C,-40,11,1,6,1,1,1,0,0,0,0,-94,0,6,1,46782069,0,84,0,0,46.782,384,[84 -64 4 0 0 0 0 0 0 0 0 0 -19 -16 -15 -12 -15 -16 -13 -15 -15 -16 -18 -17 -10 -18 -15 -19 -9 -17 -14 -13 -9 -15 -10 -17 -14 -17 -7 -20 -13 -20 -14 -18 -6 -20 -5 -13 -11 -18 -9 -16 -5 -18 -9 -17 -7 -16 -8 -16 -8 -17 -13 -12 0 4 -11 -15 -9 -10 -12 -13 -7 -15 -14 -17 -7 -10 -12 -10 -8 -16 -9 -16 -11 -15 -8 -15 -11 -11 -14 -16 -15 -14 -9 -14 -11 -14 -12 -14 -13 -10 -15 -10 -16 -10 -18 -9 -17 -13 -12 -6 -14 -7 -12 -11 -15 -10 -3 1 0 0 0 0 0 0 0 0 ]
CSI_DATA,AP,68:FE:71:12:53:8C,-44,11,1,3,1,1,1,0,0,0,0,-95,0,6,1,46897007,0,82,0,0,46.897,384,[84 -64 4 0 0 0 0 0 0 0 0 0 -16 -15 -13 -9 -17 -10 -16 -13 -15 -11 -15 -8 -14 -16 -9 -10 -12 -10 -13 -14 -13 -15 -11 -15 -13 -15 -11 -10 -12 -10 -15 -18 -14 -14 -13 -11 -14 -15 -7 -9 -8 -16 -11 -11 -15 -14 -13 -15 -10 -9 -11 -11 2 -3 -14 -10 -16 -15 -11 -15 -13 -8 -15 -10 -9 -8 -8 -10 -16 -6 -10 -12 -15 -13 -15 -5 -10 -6 -11 -11 -14 -4 -9 -12 -10 -8 -10 -9 -18 -7 -12 -11 -14 -3 -13 -8 -14 -2 -16 -10 -14 -9 -12 -7 -16 -1 3 -4 0 0 0 0 0 0 0 0 ]
CSI_DATA,AP,68:FE:71:12:53:8C,-43,11,1,4,1,1,1,0,0,0,0,-95,0,6,1,47001141,0,82,0,0,47.001,384,[84 -64 4 0 0 0 0 0 0 0 0 0 -7 -23 -7 -25 -2 -23 -5 -22 2 -25 -2 -20 1 -20 -2 -17 -3 -22 5 -21 2 -25 -2 -25 6 -22 -2 -17 0 -17 -2 -17 1 -21 -1 -19 7 -16 -1 -22 4 -21 3 -19 4 -15 0 -16 0 -19 0 -21 -1 0 -2 -21 -1 -15 3 -22 4 -17 5 -18 -4 -13 2 -13 4 -16 4 -12 0 -19 -1 -18 2 -17 -2 -13 1 -20 2 -19 -6 -17 -2 -21 -1 -16 -5 -19 1 -16 -7 -16 -8 -13 -6 -13 -5 -20 -1 -12 0 -16 -3 1 0 0 0 0 0 0 0 0 ]
CSI_DATA,AP,68:FE:71:12:53:8C,-43,11,1,4,1,1,1,1,0,0,0,-96,3,6,1,47102787,0,84,0,0,47.103,384,[84 -64 4 0 0 0 0 0 0 0 0 0 -8 12 -1 12 -5 13 -11 17 -4 13 -13 13 -11 12 -8 15 -12 13 -8 13 -14 14 -13 17 -13 14 -8 13 -6 11 -10 13 -7 13 -13 12 -8 17 -11 16 -8 15 -9 12 -12 9 -5 14 -10 8 -12 16 -2 2 -10 15 -10 11 -11 14 -3 14 -8 16 -2 17 -7 11 -4 9 -3 14 -9 10 -2 14 -7 17 -5 16 -6 16 -5 14 -6 12 -6 16 1 15 -3 12 -3 18 -5 17 -5 14 -2 17 1 15 -3 10 -3 16 -3 1 0 0 0 0 0 0 0 0 ]
CSI_DATA,AP,68:FE:71:12:53:8C,-44,11,1,5,1,1,1,1,0,0,0,-93,3,6,1,47214528,0,84,0,0,47.215,384,[84 -64 4 0 0 0 0 0 0 0 0 0 -41 -4 -36 -6 -40 -11 -34 -12 -41 -8 -36 -7 -34 -13 -40 -15 -37 -17 -38 -14 -31 -13 -32 -21 -37 -15 -37 -13 -33 -17 -33 -20 -33 -12 -32 -15 -35 -19 -34 -20 -34 -18 -28 -21 -32 -15 -27 -14 -33 -21 -27 -14 -4 0 -33 -14 -34 -11 -27 -10 -30 -10 -29 -16 -30 -16 -28 -13 -27 -9 -30 -9 -31 -10 -29 -8 -30 -8 -28 -9 -26 -8 -34 -10 -34 -3 -34 -8 -28 -5 -33 -4 -32 -5 -28 -8 -34 -9 -36 -2 -29 -5 -30 -3 -29 -4 3 -1 0 0 0 0 0 0 0 0 ]
CSI_DATA,AP,68:FE:71:12:53:8C,-46,11,1,4,1,1,1,0,0,0,0,-94,0,6,1,47325280,0,84,0,0,47.325,384,[84 -64 4 0 0 0 0 0 0 0 0 0 19 -15 15 -15 20 -15 16 -12 13 -16 17 -13 14 -12 18 -9 19 -11 21 -13 15 -6 20 -6 21 -9 14 -10 13 -7 17 -8 14 -8 15 -7 20 -11 16 -8 13 -9 11 -8 11 -8 16 -11 19 -5 19 -9 0 0 16 -6 13 -11 15 -8 10 -6 12 -7 18 -7 12 -9 13 -7 17 -7 14 -9 13 -10 14 -11 14 -12 9 -12 11 -12 8 -14 10 -11 15 -11 14 -14 14 -10 8 -16 6 -11 14 -13 8 -14 6 -12 11 -12 -4 2 0 0 0 0 0 0 0 0 ]
CSI_DATA,AP,68:FE:71:12:53:8C,-44,11,1,5,1,1,1,0,0,0,0,-93,0,6,1,47414563,0,84,0,0,47.415,384,[84 -64 4 0 0 0 0 0 0 0 0 0 -35 -24 -32 -22 -35 -23 -36 -25 -35 -25 -31 -24 -30 -26 -33 -31 -27 -25 -28 -30 -29 -29 -29 -31 -30 -35 -22 -33 -25 -35 -27 -32 -19 -27 -24 -33 -22 -32 -23 -31 -22 -31 -22 -31 -21 -32 -25 -28 -23 -28 -22 -32 -3 -2 -22 -28 -26 -25 -24 -29 -24 -27 -21 -24 -23 -26 -24 -26 -22 -29 -23 -21 -25 -20 -25 -25 -28 -26 -22 -24 -25 -23 -25 -19 -29 -18 -30 -19 -26 -22 -25 -19 -27 -15 -26 -15 -29 -20 -31 -16 -32 -20 -32 -18 -34 -22 2 1 0 0 0 0 0 0 0 0 ]
CSI_DATA,AP,68:FE:71:12:53:8C,-41,11,1,5,1,1,1,0,0,0,0,-95,0,6,1,47495431,0,84,0,0,47.495,384,[84 -64 4 0 0 0 0 0 0 0 0 0 -12 20 -13 21 -10 17 -12 17 -12 16 -13 17 -14 14 -13 15 -15 18 -18 14 -11 12 -17 11 -15 16 -15 13 -16 13 -13 10 -17 9 -17 8 -12 8 -15 14 -11 15 -11 12 -16 7 -10 9 -11 12 -15 8 4 -2 -16 9 -14 11 -14 14 -15 12 -14 16 -13 15 -8 13 -11 14 -6 14 -9 10 -12 16 -6 17 -6 9 -10 11 -8 15 -8 10 -11 16 -8 13 -3 17 -11 16 -5 16 -11 11 -7 17 -6 11 -4 18 -5 19 0 0 0 0 0 0 0 0 0 0 ]
CSI_DATA,AP,68:FE:71:12:53:8C,-44,11,1,5,1,1,1,0,0,0,0,-93,0,6,1,47604368,0,84,0,0,47.604,384,[84 -64 4 0 0 0 0 0 0 0 0 0 9 20 7 13 9 21 2 21 3 21 5 15 -1 15 6 16 3 12 4 12 0 18 3 17 -1 18 -3 18 1 20 3 12 -2 15 -4 15 3 11 -4 19 3 12 -4 13 0 19 -4 12 1 18 2 13 -3 0 -2 15 5 11 5 10 0 17 2 16 -2 13 5 11 0 14 4 15 3 11 4 15 1 14 0 13 7 16 6 9 1 12 9 15 7 14 6 16 2 14 9 12 4 15 8 11 6 12 11 12 6 14 2 -3 0 0 0 0 0 0 0 0 ]
CSI_DATA,AP,68:FE:71:12:53:8C,-46,11,1,5,1,1,1,0,0,0,0,-95,0,6,1,47693550,0,84,0,0,47.694,384,[84 -64 4 0 0 0 0 0 0 0 0 0 1 -18 7 -21 5 -16 5 -24 7 -24 6 -16 10 -15 10 -21 10 -20 7 -19 10 -20 10 -19 8 -20 9 -15 5 -19 8 -19 6 -16 11 -15 11 -17 13 -16 11 -19 8 -14 4 -15 7 -11 11 -19 5 -17 -3 3 11 -16 11 -16 7 -18 4 -17 6 -16 9 -12 6 -19 3 -11 3 -16 9 -19 0 -18 0 -16 3 -15 7 -16 1 -19 4 -20 4 -20 6 -14 2 -16 3 -20 7 -17 3 -18 6 -17 6 -20 -2 -18 4 -16 -4 0 0 0 0 0 0 0 0 0 ]
CSI_DATA,AP,68:FE:71:12:53:8C,-46,11,1,4,1,1,1,0,0,0,0,-94,0,6,1,47809085,0,84,0,0,47.809,384,[84 -64 4 0 0 0 0 0 0 0 0 0 18 -6 20 -3 19 -9 17 -7 17 -7 19 -2 17 -1 18 0 23 0 15 -3 17 0 18 3 20 -2 23 -4 21 -2 16 -3 19 -4 13 -1 18 4 15 4 18 5 21 5 14 -3 14 -4 14 -3 18 -1 -1 1 19 -2 17 2 17 -5 12 -5 12 -1 13 -3 16 -1 13 0 11 -1 15 0 13 -5 16 -7 19 -2 12 -2 12 -4 15 -5 14 -6 12 -4 11 -5 12 -2 19 -7 14 -7 12 -2 18 -4 14 -10 13 -2 3 -2 0 0 0 0 0 0 0 0 ]
CSI_DATA,AP,68:FE:71:12:53:8C,-46,11,1,5,1,1,1,0,0,0,0,-95,0,6,1,47894261,0,84,0,0,47.894,384,[84 -64 4 0 0 0 0 0 0 0 0 0 -25 -4 -21 -5 -22 -8 -20 -7 -17 -4 -17 -6 -21 -4 -21 -11 -16 -7 -19 -4 -19 -7 -23 -10 -23 -13 -20 -12 -20 -8 -16 -9 -21 -9 -12 -6 -17 -8 -16 -12 -20 -7 -17 -8 -15 -7 -13 -11 -18 -10 -14 -9 1 3 -12 -10 -14 -9 -13 -4 -21 -5 -13 -6 -14 -7 -14 -3 -16 -7 -13 -9 -14 -4 -14 -3 -16 -1 -18 -4 -19 -6 -19 -5 -15 -4 -18 -8 -14 1 -17 -4 -16 -4 -14 -6 -18 -1 -16 2 -19 -5 -17 2 -18 -3 4 3 0 0 0 0 0 0 0 0 ]
CSI_DATA,AP,68:FE:71:12:53:8C,-44,11,1,3,1,1,1,0,0,0,0,-96,0,6,1,47995225,0,84,0,0,47.995,384,[84 -64 4 0 0 0 0 0 0 0 0 0 10 -18 15 -16 15 -12 17 -14 13 -18 17 -11 19 -16 17 -12 18 -13 20 -13 20 -8 20 -11 16 -12 14 -10 14 -11 15 -5 13 -10 16 -9 20 -7 20 -11 16 -11 17 -8 11 -10 11 -8 18 -10 10 -8 -3 4 18 -10 18 -6 17 -5 14 -5 16 -11 11 -6 10 -7 16 -5 17 -6 10 -12 10 -15 9 -15 14 -10 13 -14 15 -9 8 -7 15 -10 9 -7 12 -14 9 -13 14 -12 8 -15 15 -12 6 -11 13 -9 9 -9 -2 0 0 0 0 0 0 0 0 0 ]
CSI_DATA,AP,68:FE:71:12:53:8C,-46,11,1,4,1,1,1,1,0,0,0,-96,4,6,1,48106235,0,84,0,0,48.106,384,[84 -64 4 0 0 0 0 0 0 0 0 0 -2 -21 -9 -17 -5 -21 -5 -21 -6 -20 -3 -15 -3 -18 0 -20 0 -22 -5 -21 1 -20 1 -21 -4 -16 -5 -16 -3 -22 2 -20 -1 -20 1 -12 -3 -14 3 -21 -2 -13 0 -15 1 -15 -2 -17 -3 -17 -5 -16 3 -1 3 -19 1 -14 2 -14 -2 -18 -5 -13 0 -16 -1 -19 -3 -13 -7 -13 -8 -14 -4 -12 -8 -14 -6 -18 -4 -14 -9 -17 -9 -10 -2 -18 -7 -16 -4 -11 -6 -15 -5 -14 -6 -10 -11 -15 -9 -10 -6 -16 -11 -9 -2 -1 0 0 0 0 0 0 0 0 ]
CSI_DATA,AP,68:FE:71:12:53:8C,-45,11,1,3,1,1,1,1,0,0,0,-96,3,6,1,48196440,0,84,0,0,48.196,384,[84 -64 4 0 0 0 0 0 0 0 0 0 12 21 9 20 13 17 12 15 9 18 5 15 8 15 9 16 10 14 9 18 4 19 5 24 0 19 3 16 0 15 7 20 9 16 4 22 1 20 8 19 2 15 3 15 1 17 0 21 4 21 3 17 2 1 7 11 7 19 6 11 4 19 9 18 3 16 7 10 10 13 10 14 9 12 5 11 7 12 12 17 10 17 7 14 11 10 13 17 10 13 9 12 12 10 9 14 13 8 15 11 13 10 9 14 7 9 -1 1 0 0 0 0 0 0 0 0 ]
CSI_DATA,AP,68:FE:71:12:53:8C,-43,11,1,6,1,1,1,0,0,0,1,-96,0,6,1,48270152,0,84,0,0,48.27,384,[84 -64 4 0 0 0 0 0 0 0 0 0 -22 -11 -20 -9 -19 -8 -19 -14 -19 -6 -16 -9 -15 -14 -16 -13 -19 -16 -13 -11 -18 -12 -17 -10 -17 -17 -20 -17 -17 -15 -20 -15 -18 -14 -15 -9 -19 -9 -14 -16 -19 -8 -19 -14 -12 -11 -17 -12 -18 -8 -11 -10 4 -2 -18 -8 -17 -12 -18 -9 -15 -11 -12 -12 -14 -7 -15 -9 -19 -9 -19 -4 -14 -7 -20 -10 -17 -9 -15 -7 -19 -4 -16 -3 -17 -8 -19 -2 -19 -5 -14 -6 -18 -5 -19 -8 -13 -5 -17 -9 -15 -3 -14 -7 -14 -8 2 -4 0 0 0 0 0 0 0 0 ]
CSI_DATA,AP,68:FE:71:12:53:8C,-45,11,1,5,1,1,1,0,0,0,0,-93,0,6,1,48366291,0,84,0,0,48.366,384,[84 -64 4 0 0 0 0 0 0 0 0 0 25 -7 23 -4 21 -7 23 -3 20 -1 17 2 21 2 24 0 20 5 22 -1 18 -1 21 4 20 -2 24 0 24 3 20 4 20 0 19 2 17 6 15 1 21 7 22 1 16 4 18 0 18 0 22 5 -3 -3 16 0 21 4 16 -1 17 -1 16 -1 18 1 18 5 12 -2 15 -1 14 0 16 2 17 -1 14 -2 21 2 13 2 20 -6 20 -3 14 -4 14 -5 19 -6 14 -2 14 -2 16 -7 18 -3 17 -9 16 -6 3 2 0 0 0 0 0 0 0 0 ]
CSI_DATA,AP,68:FE:71:12:53:8C,-45,11,1,4,1,1,1,0,0,0,0,-94,0,6,1,48450913,0,84,0,0,48.451,384,[84 -64 4 0 0 0 0 0 0 0 0 0 -22 7 -23 8 -25 5 -27 2 -18 3 -22 4 -18 4 -23 0 -25 2 -19 2 -25 6 -20 1 -26 2 -23 -3 -20 -1 -21 4 -20 2 -17 0 -21 3 -18 -2 -18 2 -20 -3 -16 0 -23 1 -19 -3 -21 4 0 -1 -16 -2 -19 -3 -23 -1 -17 3 -22 -3 -15 1 -17 3 -21 5 -16 -1 -16 6 -18 7 -15 6 -13 6 -20 2 -15 8 -19 1 -21 6 -14 5 -17 5 -19 4 -14 8 -13 9 -19 3 -18 7 -12 8 -12 12 3 1 0 0 0 0 0 0 0 0 ]
CSI_DATA,AP,68:FE:71:12:53:8C,-49,11,1,1,1,1,1,1,0,0,0,-93,6,6,1,48554761,0,84,0,0,48.555,384,[84 -64 4 0 0 0 0 0 0 0 0 0 0 21 1 23 -2 21 3 22 2 25 -5 23 -1 21 -3 24 -5 17 2 17 -1 21 1 25 -3 24 -4 19 -4 23 -1 21 -2 24 -3 16 -6 17 -1 17 -4 23 -7 22 -7 20 0 21 -4 15 -1 18 -1 1 0 17 -3 22 -1 20 4 17 -4 21 -2 19 2 18 2 16 5 18 -2 19 -1 16 5 16 0 19 0 20 3 12 0 20 1 13 1 13 1 15 7 15 2 18 4 16 2 16 8 20 5 20 2 18 -3 -1 0 0 0 0 0 0 0 0 ]
CSI_DATA,AP,68:FE:71:12:53:8C,-48,11,1,5,1,1,1,0,0,0,0,-94,0,6,1,48663253,0,84,0,0,48.663,384,[84 -64 4 0 0 0 0 0 0 0 0 0 11 -14 16 -16 15 -14 20 -15 19 -18 19 -12 14 -9 20 -11 18 -15 15 -16 16 -14 16 -9 20 -9 17 -11 14 -7 19 -15 14 -7 19 -10 13 -13 14 -10 16 -10 15 -14 11 -10 16 -7 13 -12 12 -12 -2 0 16 -14 18 -14 18 -15 13 -14 17 -12 11 -10 12 -10 16 -14 16 -14 7 -13 14 -16 14 -16 12 -10 12 -9 15 -12 9 -12 13 -15 9 -15 12 -14 10 -13 14 -17 14 -10 9 -18 9 -15 5 -16 7 -18 -4 -2 0 0 0 0 0 0 0 0 ]
CSI_DATA,AP,68:FE:71:12:53:8C,-44,11,1,4,1,1,1,0,0,0,0,-94,0,6,1,48750038,0,84,0,0,48.75,384,[84 -64 4 0 0 0 0 0 0 0 0 0 -20 -11 -19 -13 -17 -13 -13 -22 -18 -22 -15 -14 -14 -22 -16 -17 -13 -21 -12 -22 -13 -21 -13 -16 -8 -22 -11 -15 -9 -14 -12 -23 -8 -18 -11 -21 -11 -20 -10 -18 -11 -21 -8 -20 -6 -16 -13 -15 -6 -21 -10 -14 2 2 -11 -12 -14 -14 -12 -13 -12 -18 -11 -13 -12 -12 -6 -16 -6 -14 -7 -16 -16 -10 -17 -11 -10 -13 -13 -11 -15 -15 -12 -14 -18 -16 -17 -15 -15 -16 -17 -13 -10 -15 -15 -9 -11 -16 -12 -14 -11 -12 -16 -9 -15 -8 -1 4 0 0 0 0 0 0 0 0 ]
CSI_DATA,AP,68:FE:71:12:53:8C,-47,11,1,3,1,1,1,0,0,0,0,-94,0,6,1,48859981,0,84,0,0,48.86,384,[84 -64 4 0 0 0 0 0 0 0 0 0 -24 7 -21 9 -25 8 -22 5 -23 7 -25 1 -22 5 -17 -1 -24 4 -18 4 -20 3 -26 1 -20 1 -21 1 -18 -3 -20 -2 -25 3 -20 2 -22 0 -22 -6 -23 -4 -21 -2 -16 2 -19 -1 -24 -3 -18 0 -2 4 -15 0 -22 1 -15 -2 -16 1 -15 2 -14 -1 -20 2 -14 4 -18 5 -15 1 -22 0 -17 -1 -17 3 -21 8 -15 0 -21 8 -19 7 -13 7 -19 4 -15 5 -20 3 -17 5 -12 6 -16 7 -19 6 -18 9 0 -1 0 0 0 0 0 0 0 0 ]
CSI_DATA,AP,68:FE:71:12:53:8C,-45,11,1,3,1,1,1,1,0,0,0,-96,3,6,1,48943223,0,84,0,0,48.943,384,[84 -64 4 0 0 0 0 0 0 0 0 0 -24 2 -23 1 -19 1 -24 -2 -19 -3 -20 1 -22 -3 -20 -1 -22 -3 -15 0 -23 -3 -21 -1 -20 -1 -21 0 -16 2 -21 0 -16 -3 -16 -3 -20 0 -18 1 -14 -2 -19 -7 -17 -5 -14 -7 -16 -6 -16 -1 3 3 -16 -2 -21 1 -18 -5 -14 4 -15 2 -21 2 -14 0 -17 3 -13 -1 -16 2 -17 -2 -18 1 -14 2 -18 5 -13 -3 -14 5 -15 4 -17 7 -19 1 -20 6 -19 4 -20 4 -12 3 -18 8 -20 1 -18 7 3 0 0 0 0 0 0 0 0 0 ]
CSI_DATA,AP,68:FE:71:12:53:8C,-48,11,1,3,1,1,1,0,0,0,0,-94,0,6,1,49039247,0,84,0,0,49.039,384,[84 -64 4 0 0 0 0 0 0 0 0 0 16 -1 23 0 18 -3 24 -3 19 -5 15 -2 21 4 23 4 20 1 15 1 20 1 20 4 23 6 18 6 19 2 19 7 15 3 20 2 16 4 16 7 19 1 21 1 17 1 17 4 14 3 17 4 -1 1 19 -1 20 1 13 2 20 2 11 -1 15 -3 17 -1 19 -2 19 -4 17 -2 15 -4 16 -1 13 2 13 -6 17 0 14 1 21 -5 13 -3 17 0 16 -3 17 -6 14 -3 19 -5 14 -6 15 -8 12 -7 1 2 0 0 0 0 0 0 0 0 ]
CSI_DATA,AP,68:FE:71:12:53:8C,-49,11,1,3,1,1,1,0,0,0,1,-93,0,6,1,49122432,0,84,0,0,49.122,384,[84 -64 4 0 0 0 0 0 0 0 0 0 15 11 10 12 18 16 16 12 13 14 12 15 15 12 9 15 12 16 11 19 13 20 9 13 10 19 6 18 5 18 10 16 11 12 5 12 3 16 11 14 10 16 5 15 3 16 11 18 10 12 4 15 1 3 5 15 6 19 5 17 10 15 13 9 10 10 6 15 9 16 13 16 6 10 7 8 12 15 15 9 12 8 12 12 11 9 16 14 13 6 14 10 8 9 14 6 8 12 11 12 14 10 9 6 11 7 -4 2 0 0 0 0 0 0 0 0 ]
CSI_DATA,AP,68:FE:71:12:53:8C,-44,11,1,5,1,1,1,0,0,0,0,-94,0,6,1,49201311,0,84,0,0,49.201,384,[84 -64 4 0 0 0 0 0 0 0 0 0 -17 13 -20 12 -22 6 -24 8 -21 11 -22 10 -16 9 -21 8 -24 3 -16 7 -21 9 -18 4 -23 0 -23 8 -19 3 -22 1 -23 6 -14 4 -14 3 -16 5 -19 2 -19 6 -17 1 -21 3 -23 5 -20 7 -3 1 -18 6 -21 1 -14 5 -12 3 -12 4 -16 2 -18 7 -12 2 -19 4 -11 9 -16 6 -18 5 -19 3 -13 8 -14 9 -11 10 -11 10 -15 10 -16 11 -9 11 -12 9 -11 14 -15 9 -14 14 -12 14 -9 9 1 2 0 0 0 0 0 0 0 0 ]
CSI_DATA,AP,68:FE:71:12:53:8C,-46,11,1,4,1,1,1,0,0,0,0,-94,0,6,1,49318075,0,84,0,0,49.318,384,[84 -64 4 0 0 0 0 0 0 0 0 0 -12 -17 -6 -23 -12 -16 -8 -21 -12 -22 -6 -21 -4 -22 -4 -16 -4 -21 -2 -17 -2 -25 -3 -23 -7 -24 -2 -18 0 -21 -6 -25 -1 -23 0 -23 -4 -17 1 -18 -4 -21 2 -20 2 -14 -5 -15 -5 -22 -5 -19 1 1 -3 -20 -7 -14 -6 -14 -5 -18 -5 -15 -2 -22 -2 -20 -5 -20 -3 -16 -4 -15 -4 -15 -5 -17 -5 -20 -5 -15 -7 -17 -4 -12 -6 -18 -9 -11 -7 -11 -13 -12 -9 -16 -10 -18 -13 -18 -15 -16 -5 -15 -13 -17 -3 4 0 0 0 0 0 0 0 0 ]
CSI_DATA,AP,68:FE:71:12:53:8C,-45,11,0,0,0,0,0,0,0,0,0,-94,0,6,1,49416473,0,37,0,0,49.416,128,[84 -64 4 0 0 0 0 0 0 0 0 0 4 -17 0 -25 1 -24 0 -23 3 -19 6 -17 7 -19 3 -20 10 -18 11 -15 4 -22 10 -19 6 -24 12 -16 7 -17 5 -19 5 -15 7 -21 4 -20 6 -22 10 -13 11 -19 4 -18 10 -13 7 -21 7 -17 -4 2 7 -20 5 -18 2 -16 3 -16 4 -16 9 -20 6 -18 -1 -15 4 -14 -2 -20 -1 -16 -1 -12 2 -21 0 -18 -2 -20 4 -14 1 -13 -1 -13 1 -19 -3 -15 4 -21 1 -13 -2 -19 -4 -15 1 -15 1 -16 4 -2 0 0 0 0 0 0 0 0 ]
CSI_DATA,AP,68:FE:71:12:53:8C,-47,11,1,3,1,1,1,0,0,0,0,-93,0,6,1,49519457,0,84,0,0,49.519,384,[84 -64 4 0 0 0 0 0 0 0 0 0 16 4 15 9 23 7 22 10 16 8 14 7 16 15 14 7 19 9 16 8 21 13 15 13 15 10 16 12 13 15 13 12 14 14 13 8 15 10 13 16 11 8 17 12 10 7 15 16 13 16 10 9 2 0 16 10 13 14 11 7 12 12 14 8 16 12 14 10 13 9 12 12 13 3 16 10 13 11 10 8 13 2 12 10 13 3 16 4 13 7 20 4 15 6 15 1 14 9 13 0 16 4 13 6 12 6 0 1 0 0 0 0 0 0 0 0 ]
CSI_DATA,AP,68:FE:71:12:53:8C,-47,11,1,3,1,1,1,0,0,0,1,-94,0,6,1,49607471,0,84,0,0,49.607,384,[84 -64 4 0 0 0 0 0 0 0 0 0 3 -22 5 -17 8 -21 6 -24 12 -16 7 -22 7 -15 11 -13 12 -20 10 -19 13 -18 12 -14 7 -22 7 -15 7 -14 14 -18 11 -17 9 -10 6 -17 7 -12 7 -11 13 -11 14 -9 13 -16 9 -12 10 -12 4 1 10 -14 6 -17 9 -14 9 -17 9 -10 8 -12 11 -17 3 -13 7 -14 9 -13 7 -13 5 -15 6 -20 4 -20 7 -18 2 -12 8 -19 5 -14 1 -12 1 -12 1 -12 7 -17 0 -12 -1 -18 4 -20 -1 -21 0 1 0 0 0 0 0 0 0 0 ]
CSI_DATA,AP,68:FE:71:12:53:8C,-44,11,1,4,1,1,1,0,0,0,0,-94,0,6,1,49720475,0,84,0,0,49.72,384,[84 -64 4 0 0 0 0 0 0 0 0 0 10 -14 9 -18 13 -18 12 -20 14 -16 10 -11 11 -11 16 -13 10 -15 13 -17 11 -12 13 -16 14 -10 17 -16 11 -16 17 -15 12 -9 14 -13 13 -15 10 -12 12 -10 17 -7 17 -10 13 -8 11 -13 10 -14 3 -4 12 -10 14 -8 10 -11 15 -16 8 -14 10 -11 10 -13 10 -12 7 -14 5 -9 10 -10 10 -10 5 -13 8 -11 5 -13 6 -15 10 -14 11 -11 10 -12 6 -16 7 -16 9 -17 5 -18 10 -16 12 -11 6 -11 4 -3 0 0 0 0 0 0 0 0 ]
CSI_DATA,AP,68:FE:71:12:53:8C,-45,11,1,5,1,1,1,0,0,0,0,-93,0,6,1,49804674,0,84,0,0,49.805,384,[84 -64 4 0 0 0 0 0 0 0 0 0 24 -1 21 5 17 1 21 5 17 4 18 2 15 7 20 1 18 5 20 9 19 7 15 11 16 3 17 9 15 5 16 11 20 3 17 11 16 9 14 4 20 4 20 5 16 6 15 7 16 7 13 5 -4 1 11 5 19 5 17 3 14 5 19 6 20 1 12 8 11 8 18 6 13 4 13 0 11 5 17 6 18 3 16 0 15 -3 21 0 14 4 13 4 19 3 18 2 11 3 13 4 20 3 16 -2 12 0 -4 -2 0 0 0 0 0 0 0 0 ]
CSI_DATA,AP,68:FE:71:12:53:8C,-48,11,1,5,1,1,1,0,0,0,0,-94,0,6,1,49907723,0,84,0,0,49.908,384,[84 -64 4 0 0 0 0 0 0 0 0 0 -23 1 -18 6 -27 2 -23 -1 -19 1 -23 -3 -18 5 -22 4 -24 -4 -21 -1 -18 3 -23 -1 -26 0 -24 1 -20 1 -22 -2 -24 0 -17 -1 -17 -5 -19 -1 -19 -4 -17 -3 -18 0 -19 -2 -17 1 -15 -4 2 1 -21 2 -20 -3 -21 2 -19 3 -15 -3 -18 0 -15 1 -22 1 -14 -1 -21 -1 -21 -1 -19 0 -21 -1 -20 1 -16 3 -19 5 -19 7 -12 3 -14 1 -20 3 -17 3 -20 5 -20 9 -18 2 -19 8 -15 4 2 2 0 0 0 0 0 0 0 0 ]
CSI_DATA,AP,68:FE:71:12:53:8C,-46,11,1,5,1,1,1,0,0,0,0,-94,0,6,1,50000671,0,84,0,0,50.001,384,[84 -64 4 0 0 0 0 0 0 0 0 0 14 13 16 15 14 17 17 12 15 14 12 17 15 15 9 17 13 13 6 16 12 16 10 18 9 14 12 14 5 21 8 13 9 19 10 17 11 15 7 14 10 13 11 15 6 17 7 17 5 11 11 15 3 4 13 17 6 10 6 16 10 13 6 16 12 15 5 11 11 11 6 16 14 11 8 12 9 14 8 10 16 8 9 10 12 11 11 14 14 7 14 6 9 10 12 12 11 10 15 13 18 5 12 5 12 9 4 -1 0 0 0 0 0 0 0 0 ]
CSI_DATA,AP,68:FE:71:12:53:8C,-43,11,1,5,1,1,1,0,0,0,0,-93,0,6,1,50130312,0,84,0,0,50.13,384,[84 -64 4 0 0 0 0 0 0 0 0 0 4 -21 -4 -17 5 -17 1 -18 -1 -19 0 -15 1 -18 0 -18 6 -16 3 -20 7 -16 7 -17 3 -22 8 -20 8 -22 10 -15 8 -17 10 -18 9 -15 6 -15 8 -16 5 -18 2 -17 8 -14 2 -19 2 -17 2 -1 3 -19 2 -12 6 -17 4 -19 1 -15 0 -13 3 -18 5 -16 0 -16 -3 -18 -3 -13 5 -18 -3 -18 3 -18 2 -19 -2 -18 -2 -13 -2 -15 -3 -12 1 -13 -1 -18 -4 -14 -2 -15 2 -13 1 -12 -6 -16 -4 4 0 0 0 0 0 0 0 0 ]
CSI_DATA,AP,68:FE:71:12:53:8C,-43,11,1,6,1,1,1,0,0,0,0,-96,0,6,1,50210205,0,84,0,0,50.21,384,[84 -64 4 0 0 0 0 0 0 0 0 0 12 -11 13 -13 18 -8 18 -8 18 -10 13 -12 17 -10 18 -7 16 -8 18 -10 16 -6 20 -10 14 -7 16 -8 12 -4 16 -2 15 -9 13 -9 16 -1 19 -2 19 -2 12 -1 10 -7 11 -6 12 -3 18 -3 0 3 17 -3 17 -4 10 -7 10 -9 10 -3 15 -8 17 -10 10 -3 15 -10 10 -11 10 -9 14 -5 15 -8 12 -7 11 -12 9 -8 11 -14 11 -9 10 -14 12 -8 7 -14 11 -10 15 -9 7 -12 12 -6 12 -10 3 -2 0 0 0 0 0 0 0 0 ]
CSI_DATA,AP,68:FE:71:12:53:8C,-47,11,0,0,0,0,0,1,0,0,0,-96,1,6,1,50307109,0,37,0,0,50.307,128,[84 -64 4 0 0 0 0 0 0 0 0 0 -6 16 -3 21 1 18 -4 18 -2 18 -3 17 -5 21 -5 16 -7 13 -9 19 -7 21 -5 17 -9 14 -10 21 -7 20 -9 19 -10 17 -3 10 -11 16 -8 17 -6 18 -8 16 -3 11 -9 12 -3 15 -11 14 3 -3 -7 16 -3 15 -1 19 -6 16 -6 12 -7 11 -7 10 -8 15 0 11 0 15 1 13 1 11 -5 14 1 11 -3 18 2 20 0 16 0 10 -4 14 -5 15 -3 11 -4 11 -5 11 0 12 -5 18 -4 16 -2 0 0 0 0 0 0 0 0 0 ]
CSI_DATA,AP,68:FE:71:12:53:8C,-45,11,1,4,1,1,1,0,0,0,0,-94,0,6,1,50377833,0,84,0,0,50.378,384,[84 -64 4 0 0 0 0 0 0 0 0 0 -9 19 -7 17 -8 16 -9 20 -10 13 -4 12 -5 12 -5 11 -6 17 -9 14 -10 19 -10 12 -11 12 -9 11 -6 11 -11 15 -13 12 -10 12 -10 16 -9 11 -6 8 -8 10 -5 13 -4 15 -5 8 -5 9 2 2 -5 12 -8 15 -5 14 -5 13 -9 13 -4 9 -9 16 -1 11 -3 10 -3 8 -4 14 -8 8 -6 9 -5 14 -7 9 -5 17 -3 16 -4 14 -2 18 -4 15 0 13 -1 10 1 19 -4 19 -7 11 -3 16 1 3 0 0 0 0 0 0 0 0 ]
CSI_DATA,AP,68:FE:71:12:53:8C,-43,11,1,6,1,1,1,0,0,0,0,-95,0,6,1,50464764,0,84,0,0,50.465,384,[84 -64 4 0 0 0 0 0 0 0 0 0 -19 2 -25 6 -20 3 -23 5 -22 -2 -17 -1 -20 -2 -16 -4 -16 3 -18 -2 -18 -2 -17 2 -21 -3 -16 1 -15 -5 -16 -2 -20 -5 -16 -4 -13 1 -16 -1 -13 -3 -16 1 -12 0 -16 -3 -14 1 -15 -2 0 -2 -12 0 -20 0 -17 -4 -12 4 -13 -4 -18 4 -11 -2 -14 2 -15 1 -17 4 -19 -2 -18 2 -10 7 -18 0 -15 2 -13 -2 -11 5 -18 3 -13 0 -15 7 -16 4 -13 4 -16 7 -13 6 -17 3 -14 2 -4 -4 0 0 0 0 0 0 0 0 ]
CSI_DATA,AP,68:FE:71:12:53:8C,-46,11,1,3,1,1,1,1,0,0,0,-94,4,6,1,50580953,0,84,0,0,50.581,384,[84 -64 4 0 0 0 0 0 0 0 0 0 -6 -9 -2 -7 -6 -6 -6 -11 -9 -5 -9 -11 -5 -13 -8 -12 -6 -9 -8 -13 -2 -13 -7 -11 -2 -14 -4 -13 -7 -11 -4 -9 -2 -13 -3 -8 -3 -12 -2 -5 -8 -5 -8 -4 -2 -10 -5 -7 -3 -12 -7 -12 -2 -3 -1 -8 0 -10 -4 -9 -7 -7 -7 -5 -2 -6 -1 -3 -4 -11 -8 -11 -9 -8 -4 -4 -7 -7 -9 -8 -1 -9 -8 -8 -6 -10 -1 -4 -2 -9 -2 -9 -4 -6 -5 -2 -8 -5 -9 -5 -8 -7 -6 -3 -11 -7 2 4 0 0 0 0 0 0 0 0 ]
CSI_DATA,AP,68:FE:71:12:53:8C,-45,11,1,4,1,1,1,0,0,0,0,-94,0,6,1,50683560,0,84,0,0,50.684,384,[84 -64 4 0 0 0 0 0 0 0 0 0 6 16 11 16 6 18 9 20 10 21 3 18 10 14 1 19 2 18 6 15 1 22 2 18 5 17 2 18 1 22 2 14 1 18 7 15 5 18 4 16 6 16 7 16 6 15 0 16 2 15 5 15 3 -3 1 14 8 17 2 19 6 17 5 15 3 18 8 12 9 16 6 9 9 11 5 17 9 9 11 10 7 16 9 12 7 12 5 10 11 11 7 8 5 8 12 11 6 15 13 11 13 8 10 9 8 13 -3 1 0 0 0 0 0 0 0 0 ]
CSI_DATA,AP,68:FE:71:12:53:8C,-50,11,1,1,1,1,1,0,0,0,0,-93,0,6,1,50781093,0,84,0,0,50.781,384,[84 -64 4 0 0 0 0 0 0 0 0 0 -5 -16 -13 -15 -13 -12 -6 -15 -11 -16 -5 -13 -5 -18 -8 -12 -10 -15 -6 -17 -2 -11 -10 -15 -6 -19 -4 -16 -4 -14 -2 -12 -7 -15 -9 -18 -4 -13 -5 -18 -2 -15 -9 -11 -1 -14 -4 -13 -1 -15 -2 -17 -4 0 -7 -15 -8 -10 -7 -13 -9 -11 -3 -15 -2 -11 -6 -10 -2 -16 -6 -15 -4 -10 -6 -13 -8 -9 -6 -15 -8 -14 -4 -8 -7 -10 -10 -9 -12 -8 -9 -11 -11 -14 -12 -13 -11 -10 -12 -14 -7 -13 -5 -7 -14 -12 1 -4 0 0 0 0 0 0 0 0 ]
CSI_DATA,AP,68:FE:71:12:53:8C,-43,11,1,4,1,1,1,0,0,0,0,-95,0,6,1,50898458,0,84,0,0,50.898,384,[84 -64 4 0 0 0 0 0 0 0 0 0 -17 19 -11 14 -18 20 -21 13 -15 14 -19 12 -17 14 -21 16 -19 10 -19 14 -17 15 -16 12 -17 10 -19 12 -15 6 -18 8 -14 7 -20 5 -16 9 -14 8 -15 5 -19 5 -16 7 -11 6 -15 13 -19 8 4 -2 -13 7 -12 14 -10 13 -15 14 -16 10 -17 9 -15 8 -16 13 -9 10 -8 13 -12 13 -14 10 -13 14 -7 14 -14 8 -13 9 -9 13 -12 14 -7 11 -12 16 -12 9 -7 16 -5 11 -9 12 -4 10 -11 16 -4 -4 0 0 0 0 0 0 0 0 ]
CSI_DATA,AP,68:FE:71:12:53:8C,-47,11,1,3,1,1,1,0,0,0,0,-95,0,6,1,51013774,0,84,0,0,51.014,384,[84 -64 4 0 0 0 0 0 0 0 0 0 1 21 8 14 5 22 2 20 0 18 -2 19 4 16 2 17 -2 14 2 19 3 16 -4 16 1 19 -3 17 -2 10 3 17 -2 14 -2 13 0 16 -3 16 3 12 -2 16 -3 10 -3 12 1 15 -2 14 3 1 1 13 1 11 -2 14 3 12 6 9 1 8 6 14 2 14 4 14 2 9 0 13 6 8 8 7 1 11 8 10 6 11 7 12 7 13 8 6 6 9 9 13 9 7 6 7 7 7 8 11 9 12 -3 3 0 0 0 0 0 0 0 0 ]
CSI_DATA,AP,68:FE:71:12:53:8C,-47,11,1,3,1,1,1,0,0,0,0,-96,0,6,1,51088361,0,84,0,0,51.088,384,[84 -64 4 0 0 0 0 0 0 0 0 0 21 8 15 3 19 9 21 7 16 3 15 10 11 4 14 4 12 5 18 12 16 5 16 8 10 6 12 6 14 11 15 7 9 11 14 6 14 9 10 7 13 5 12 7 13 5 13 4 8 9 8 4 3 0 13 4 10 5 16 7 10 1 8 3 16 3 14 6 12 6 15 0 9 1 10 3 11 4 11 1 8 -2 14 1 13 1 14 2 10 -7 14 1 10 -6 10 1 9 -6 8 1 9 -2 12 -5 9 1 1 -1 0 0 0 0 0 0 0 0 ]
CSI_DATA,AP,68:FE:71:12:53:8C,-45,11,1,4,1,1,1,0,0,0,0,-94,0,6,1,51182190,0,84,0,0,51.182,384,[84 -64 4 0 0 0 0 0 0 0 0 0 -30 0 -25 2 -26 -3 -26 2 -24 0 -23 -5 -22 0 -21 -5 -23 -8 -27 -7 -24 -1 -27 -2 -22 0 -22 -1 -19 -2 -25 -3 -23 -6 -23 -1 -18 -8 -19 -3 -14 -2 -18 -1 -14 -3 -16 -5 -16 0 -19 0 1 -3 -16 0 -10 3 -10 5 -10 -1 -9 -1 -11 1 -16 -1 -16 -2 -16 -1 -8 6 -15 5 -14 3 -9 4 -6 6 -10 5 -8 5 -9 5 -7 12 -6 7 -12 9 -12 11 -9 5 -5 7 -9 7 -9 14 -8 7 1 -2 0 0 0 0 0 0 0 0 ]
CSI_DATA,AP,68:FE:71:12:53:8C,-47,11,1,4,1,1,1,0,0,0,0,-93,0,6,1,51269096,0,84,0,0,51.269,384,[84 -64 4 0 0 0 0 0 0 0 0 0 -29 -12 -36 -9 -31 -6 -29 -7 -28 -10 -29 -14 -30 -7 -25 -8 -30 -15 -27 -14 -23 -12 -27 -8 -22 -15 -24 -14 -20 -10 -22 -10 -24 -12 -15 -10 -18 -5 -21 -9 -19 -9 -18 -12 -16 -9 -17 -7 -21 -11 -16 -4 4 -3 -18 -3 -18 -4 -13 -6 -14 -4 -16 2 -12 2 -14 -3 -13 -2 -15 -4 -8 5 -11 0 -14 0 -8 4 -13 0 -9 3 -14 2 -10 4 -8 9 -14 8 -14 2 -8 6 -14 6 -9 10 -6 11 -13 9 -13 6 -1 -1 0 0 0 0 0 0 0 0 ]
CSI_DATA,AP,68:FE:71:12:53:8C,-47,11,1,3,1,1,1,0,0,0,0,-95,0,6,1,51360863,0,84,0,0,51.361,384,[84 -64 4 0 0 0 0 0 0 0 0 0 20 -13 17 -8 14 -12 21 -10 19 -10 21 -7 20 -8 19 -10 12 -11 20 -8 18 -11 20 -7 18 -9 19 -4 15 -6 12 -9 17 -7 12 -7 10 -10 13 -10 14 -7 16 -2 12 -2 12 -3 10 -5 11 -6 -4 0 14 -9 9 -8 12 -11 14 -6 9 -6 16 -10 12 -11 9 -4 13 -6 15 -10 10 -8 12 -9 10 -10 13 -12 9 -7 14 -9 11 -15 11 -13 7 -14 7 -10 6 -11 10 -8 11 -12 9 -13 10 -9 5 -15 -3 -3 0 0 0 0 0 0 0 0 ]
CSI_DATA,AP,68:FE:71:12:53:8C,-43,11,1,4,1,1,1,1,0,0,0,-94,4,6,1,51461145,0,84,0,0,51.461,384,[84 -64 4 0 0 0 0 0 0 0 0 0 16 4 13 7 20 6 21 7 20 5 19 11 19 5 20 12 18 9 14 12 20 12 15 16 14 14 17 9 11 11 13 16 12 15 13 7 15 16 13 10 11 10 19 15 15 16 13 15 18 16 12 9 2 1 16 11 15 11 14 15 20 13 17 9 20 8 12 8 15 13 15 9 21 7 19 11 14 10 17 6 20 9 19 10 18 8 16 5 17 12 22 10 18 7 16 6 19 9 15 6 19 4 20 14 17 11 1 -3 0 0 0 0 0 0 0 0 ]
CSI_DATA,AP,68:FE:71:12:53:8C,-49,11,1,3,1,1,1,1,0,0,0,-95,1,6,1,51586018,0,84,0,0,51.586,384,[84 -64 4 0 0 0 0 0 0 0 0 0 8 -20 5 -19 3 -22 2 -18 10 -23 3 -18 6 -19 11 -20 8 -23 8 -22 15 -23 6 -22 16 -26 13 -24 9 -17 13 -24 8 -23 11 -20 8 -24 7 -17 8 -16 10 -18 10 -20 12 -20 8 -22 11 -24 0 1 12 -17 7 -19 7 -19 7 -21 12 -18 4 -26 12 -22 6 -24 11 -23 11 -19 11 -28 5 -20 9 -27 3 -24 7 -25 2 -24 10 -28 3 -27 5 -26 2 -21 4 -19 3 -27 5 -25 3 -20 8 -23 3 -20 2 2 0 0 0 0 0 0 0 0 ]
CSI_DATA,AP,68:FE:71:12:53:8C,-47,11,1,4,1,1,1,0,0,0,0,-94,0,6,1,51682896,0,84,0,0,51.683,384,[84 -64 4 0 0 0 0 0 0 0 0 0 5 14 -4 11 -5 10 2 14 -2 12 -6 18 -6 10 -3 10 -8 15 -7 15 -3 12 -7 15 -1 11 -4 15 -10 18 -2 12 -6 18 -9 16 -4 10 -10 9 -3 9 -3 11 -9 8 -11 17 -10 18 -3 14 0 4 -2 11 -6 14 -8 14 -8 16 -5 10 -6 16 -2 18 -7 12 -2 12 -3 17 -5 18 -3 16 -7 12 -3 19 -8 13 1 14 -6 17 -5 19 -6 18 -5 18 -5 18 -1 16 -5 21 0 19 2 16 1 14 -1 2 0 0 0 0 0 0 0 0 ]
CSI_DATA,AP,68:FE:71:12:53:8C,-45,11,1,5,1,1,1,1,0,0,0,-94,4,6,1,51772748,0,84,0,0,51.773,384,[84 -64 4 0 0 0 0 0 0 0 0 0 -20 -5 -22 -12 -22 -12 -22 -16 -21 -15 -22 -10 -18 -10 -20 -10 -15 -13 -14 -14 -21 -14 -22 -14 -16 -14 -11 -16 -19 -14 -18 -19 -11 -19 -17 -19 -16 -14 -14 -19 -10 -19 -19 -20 -9 -14 -16 -20 -12 -21 -13 -21 4 -4 -12 -19 -19 -17 -16 -16 -16 -18 -15 -15 -18 -13 -12 -14 -18 -10 -18 -16 -13 -16 -21 -12 -12 -17 -16 -17 -15 -14 -19 -13 -19 -14 -21 -14 -18 -11 -20 -14 -19 -13 -14 -11 -14 -10 -20 -6 -19 -6 -14 -8 -14 -10 -2 1 0 0 0 0 0 0 0 0 ]
CSI_DATA,AP,68:FE:71:12:53:8C,-44,11,1,3,1,1,1,1,0,0,0,-94,6,6,1,51878803,0,84,0,0,51.879,384,[84 -64 4 0 0 0 0 0 0 0 0 0 -14 -3 -15 -3 -13 -5 -12 -11 -21 -5 -16 -7 -12 -11 -13 -7 -14 -8 -14 -10 -20 -13 -14 -11 -19 -8 -19 -16 -18 -16 -19 -11 -13 -12 -15 -8 -15 -13 -19 -17 -15 -11 -17 -16 -10 -14 -18 -12 -15 -11 -13 -15 1 0 -15 -16 -14 -10 -16 -9 -19 -11 -16 -9 -17 -8 -15 -11 -15 -9 -15 -14 -13 -8 -19 -9 -15 -12 -17 -6 -14 -6 -14 -5 -21 -7 -15 -12 -15 -9 -18 -7 -15 -9 -16 -6 -21 -5 -18 -6 -21 -9 -17 -10 -20 -9 -1 -2 0 0 0 0 0 0 0 0 ]
CSI_DATA,AP,68:FE:71:12:53:8C,-36,11,1,5,1,1,1,0,0,0,0,-94,0,6,1,51989655,0,84,0,0,51.99,384,[84 -64 4 0 0 0 0 0 0 0 0 0 -20 18 -19 16 -14 15 -17 18 -18 13 -15 9 -18 9 -22 10 -18 8 -20 8 -21 8 -20 7 -24 12 -18 6 -18 4 -22 9 -14 5 -21 5 -14 8 -18 6 -21 3 -17 4 -16 6 -13 3 -19 10 -15 10 -1 -4 -19 6 -19 12 -15 13 -12 6 -11 5 -16 13 -16 9 -14 13 -13 14 -14 10 -17 13 -10 12 -13 10 -12 11 -14 11 -9 6 -13 11 -12 10 -8 9 -11 9 -8 11 -14 7 -13 13 -12 11 -9 10 -11 8 3 -1 0 0 0 0 0 0 0 0 ]
CSI_DATA,AP,68:FE:71:12:53:8C,-44,11,1,3,1,1,1,0,0,0,0,-94,0,6,1,52115866,0,84,0,0,52.116,384,[82 -96 4 0 0 0 0 0 0 0 0 0 -22 -6 -21 -12 -21 -8 -16 -10 -20 -7 -20 -15 -14 -15 -13 -15 -12 -15 -20 -14 -19 -11 -19 -12 -11 -14 -10 -13 -12 -10 -12 -12 -10 -11 -13 -9 -10 -11 -14 -16 -11 -13 -13 -13 -11 -16 -14 -11 -12 -9 -9 -13 1 -3 -10 -7 -11 -13 -14 -10 -9 -9 -10 -7 -15 -12 -14 -11 -8 -10 -17 -12 -9 -6 -13 -12 -9 -9 -18 -8 -16 -5 -11 -7 -14 -5 -17 -6 -11 -9 -15 -9 -17 -5 -17 -6 -14 -10 -12 -2 -17 -4 -18 -2 -13 -1 -2 3 0 0 0 0 0 0 0 0 ]
CSI_DATA,AP,68:FE:71:12:53:8C,-43,11,1,6,1,1,1,0,0,0,0,-95,0,6,1,52200257,0,84,0,0,52.2,384,[84 -64 4 0 0 0 0 0 0 0 0 0 6 -18 8 -13 9 -15 9 -20 10 -21 9 -13 10 -15 5 -14 11 -12 9 -12 8 -15 6 -12 10 -18 8 -15 10 -16 6 -16 12 -9 4 -14 5 -11 7 -11 4 -14 9 -16 6 -12 8 -10 11 -16 4 -10 -2 -3 8 -12 5 -15 10 -17 8 -11 3 -12 4 -12 9 -12 9 -9 2 -10 7 -10 2 -17 6 -12 3 -13 7 -11 0 -12 5 -14 6 -13 5 -12 0 -18 -1 -18 3 -10 2 -12 0 -17 -1 -12 0 -11 4 -13 -4 2 0 0 0 0 0 0 0 0 ]
CSI_DATA,AP,68:FE:71:12:53:8C,-46,11,1,5,1,1,1,1,0,0,0,-94,4,6,1,52306093,0,84,0,0,52.306,384,[84 -64 4 0 0 0 0 0 0 0 0 0 -12 -13 -17 -11 -14 -11 -13 -15 -9 -13 -13 -16 -14 -15 -14 -18 -10 -18 -8 -15 -12 -16 -8 -17 -5 -20 -11 -19 -9 -19 -9 -20 -11 -12 -11 -11 -9 -18 -7 -13 -7 -13 -8 -13 -5 -16 -8 -18 -5 -15 -9 -14 -1 -1 -10 -14 -7 -17 -6 -14 -9 -16 -6 -16 -10 -11 -6 -13 -6 -15 -9 -10 -6 -9 -5 -7 -9 -15 -13 -11 -13 -12 -11 -9 -13 -8 -14 -13 -13 -11 -12 -15 -15 -9 -10 -14 -8 -8 -10 -14 -12 -9 -13 -6 -12 -8 -3 3 0 0 0 0 0 0 0 0 ]
CSI_DATA,AP,68:FE:71:12:53:8C,-47,11,1,4,1,1,1,1,0,0,1,-94,1,6,1,52405129,0,84,0,0,52.405,384,[84 -64 4 0 0 0 0 0 0 0 0 0 -13 -7 -19 -8 -19 -9 -15 -13 -11 -17 -17 -16 -12 -13 -13 -11 -15 -15 -14 -15 -18 -10 -11 -13 -14 -15 -15 -14 -11 -19 -12 -19 -8 -17 -12 -11 -13 -11 -12 -13 -14 -11 -14 -12 -6 -9 -14 -12 -14 -15 -10 -15 2 -1 -13 -10 -15 -11 -11 -14 -14 -13 -11 -15 -11 -9 -12 -13 -12 -8 -12 -10 -11 -7 -9 -6 -11 -11 -13 -10 -12 -5 -16 -7 -15 -10 -13 -13 -15 -10 -14 -6 -16 -5 -11 -9 -14 -11 -14 -10 -17 -5 -13 -9 -18 -3 4 2 0 0 0 0 0 0 0 0 ]
CSI_DATA,AP,68:FE:71:12:53:8C,-45,11,1,4,1,1,1,0,0,0,0,-95,0,6,1,52486347,0,84,0,0,52.486,384,[84 -64 4 0 0 0 0 0 0 0 0 0 9 19 2 16 4 22 3 19 1 19 5 14 3 18 2 22 -2 18 -2 21 2 16 5 22 -2 20 0 21 -2 21 -3 20 -3 16 -5 17 3 16 -3 14 2 18 -4 14 -2 12 2 19 3 19 2 12 4 0 0 16 4 16 4 14 1 18 2 16 3 13 5 13 -2 13 4 12 3 12 2 15 5 12 5 10 1 17 2 17 2 19 4 17 9 15 4 10 9 12 2 11 1 13 9 11 4 12 3 13 9 13 4 -1 0 0 0 0 0 0 0 0 ]
CSI_DATA,AP,68:FE:71:12:53:8C,-50,11,1,1,1,1,1,0,0,0,0,-94,0,6,1,52591811,0,84,0,0,52.592,384,[84 -64 4 0 0 0 0 0 0 0 0 0 18 10 18 13 19 8 10 8 9 12 11 13 16 11 14 16 14 16 11 9 14 14 15 13 7 13 13 11 9 10 7 13 11 10 8 14 12 9 8 8 10 8 12 14 13 10 7 16 14 8 5 9 1 1 7 14 9 8 12 7 8 7 9 11 6 12 14 6 8 8 6 8 11 11 15 11 9 4 15 6 11 10 9 10 7 9 11 6 9 4 9 6 13 6 8 9 15 3 13 10 10 11 14 5 14 8 0 -4 0 0 0 0 0 0 0 0 ]
CSI_DATA,AP,68:FE:71:12:53:8C,-46,11,1,5,1,1,1,0,0,0,0,-93,0,6,1,52677832,0,84,0,0,52.678,384,[84 -64 4 0 0 0 0 0 0 0 0 0 15 9 16 14 12 14 10 17 15 10 15 11 9 14 10 18 7 18 10 19 9 16 15 17 10 12 14 19 9 14 10 20 9 13 6 13 12 12 5 12 6 14 12 17 11 14 10 10 12 17 9 13 2 3 8 12 8 8 11 8 11 15 5 13 5 12 8 15 11 10 7 15 11 10 13 15 10 10 15 13 10 12 14 7 10 6 14 6 9 14 8 5 13 12 15 10 8 7 17 13 12 7 11 4 13 8 -4 -4 0 0 0 0 0 0 0 0 ]
CSI_DATA,AP,68:FE:71:12:53:8C,-47,11,1,3,1,1,1,0,0,0,0,-94,0,6,1,52769360,0,84,0,0,52.769,384,[84 -64 4 0 0 0 0 0 0 0 0 0 16 -14 13 -13 17 -13 17 -9 17 -14 17 -8 15 -14 20 -12 20 -12 20 -4 17 -6 22 -11 15 -7 17 -8 21 -9 14 -10 14 -10 16 -4 20 -4 18 -10 14 -8 12 -6 14 -4 12 -8 14 -10 14 -9 -2 4 15 -5 14 -3 19 -10 10 -2 11 -5 10 -9 14 -3 17 -11 11 -9 16 -6 9 -10 13 -3 13 -6 15 -9 14 -4 16 -13 12 -12 9 -10 17 -5 14 -10 17 -7 16 -9 16 -13 13 -12 14 -9 15 -11 3 1 0 0 0 0 0 0 0 0 ]
CSI_DATA,AP,68:FE:71:12:53:8C,-44,11,1,5,1,1,1,0,0,0,0,-94,0,6,1,52869746,0,84,0,0,52.87,384,[84 -64 4 0 0 0 0 0 0 0 0 0 23 -1 20 -7 25 -10 20 -3 21 -2 21 1 22 -4 23 2 25 2 21 -4 22 -4 24 -4 24 5 21 6 19 5 25 5 23 2 20 5 19 4 18 5 22 1 22 -2 22 -1 16 3 17 6 16 5 3 1 15 0 14 1 16 0 19 0 14 1 17 -1 20 2 14 -4 17 1 21 -5 21 -3 20 -5 21 -4 16 -4 14 -2 21 -8 21 -7 21 -1 20 -2 19 -4 18 -7 20 -2 20 -3 22 -5 19 -3 14 -3 4 -2 0 0 0 0 0 0 0 0 ]
CSI_DATA,AP,68:FE:71:12:53:8C,-43,11,1,5,1,1,1,0,0,0,0,-95,0,6,1,52978302,0,84,0,0,52.978,384,[84 -64 4 0 0 0 0 0 0 0 0 0 -11 -23 -8 -18 -1 -24 -2 -25 -7 -25 -5 -23 -1 -20 2 -19 -4 -17 -2 -24 -4 -19 3 -20 -4 -18 4 -16 -2 -23 -3 -16 0 -20 -2 -18 0 -17 -3 -22 1 -21 1 -21 -3 -20 4 -19 2 -18 3 -15 -3 -4 3 -16 3 -19 -3 -21 -6 -14 0 -21 -2 -13 1 -16 2 -15 -4 -13 0 -17 -2 -18 -1 -13 -2 -14 -8 -21 -7 -20 -4 -14 -4 -17 -9 -13 -6 -15 -7 -19 -7 -15 -2 -14 -11 -18 -7 -15 -7 -17 -11 -13 3 4 0 0 0 0 0 0 0 0 ]
CSI_DATA,AP,68:FE:71:12:53:8C,-47,11,1,5,1,1,1,0,0,0,0,-94,0,6,1,53056189,0,84,0,0,53.056,384,[84 -64 4 0 0 0 0 0 0 0 0 0 -21 2 -23 -2 -17 -6 -21 -6 -18 -8 -20 -3 -19 -4 -17 -3 -17 -8 -24 -2 -18 -6 -21 -3 -16 -5 -22 -7 -18 -11 -17 -7 -20 -11 -13 -6 -22 -6 -18 -7 -13 -11 -19 -11 -15 -6 -18 -5 -18 -3 -21 -3 1 -3 -17 -8 -16 -9 -15 -5 -13 -4 -13 0 -19 -3 -18 -8 -17 -4 -19 0 -18 -2 -17 0 -15 -3 -14 -1 -13 -3 -17 0 -13 -1 -15 -4 -20 -1 -13 3 -12 4 -18 -1 -15 5 -15 2 -13 2 -14 4 -14 5 3 1 0 0 0 0 0 0 0 0 ]
CSI_DATA,AP,68:FE:71:12:53:8C,-45,11,1,4,1,1,1,0,0,0,0,-96,0,6,1,53161832,0,84,0,0,53.162,384,[84 -64 4 0 0 0 0 0 0 0 0 0 -11 -18 -10 -21 -11 -19 -8 -14 -6 -16 -13 -21 -9 -21 -5 -20 -12 -22 -12 -14 -6 -22 -7 -16 -5 -23 -4 -20 -4 -17 -8 -17 -5 -16 -2 -16 -6 -18 -3 -14 -1 -21 -2 -20 -7 -14 -4 -18 -5 -16 -10 -15 -2 4 -9 -13 -8 -12 -10 -14 -5 -18 -11 -20 -3 -14 -4 -18 -11 -18 -9 -18 -7 -17 -12 -14 -4 -12 -12 -11 -9 -16 -12 -17 -8 -16 -7 -17 -6 -9 -8 -12 -10 -9 -12 -13 -11 -10 -10 -12 -14 -15 -9 -13 -15 -8 1 1 0 0 0 0 0 0 0 0 ]
CSI_DATA,AP,68:FE:71:12:53:8C,-45,11,1,5,1,1,1,0,0,0,0,-95,0,6,1,53249368,0,84,0,0,53.249,384,[84 -64 4 0 0 0 0 0 0 0 0 0 6 -16 14 -15 14 -21 15 -15 9 -14 12 -12 12 -13 15 -12 15 -17 10 -17 15 -14 18 -13 15 -15 12 -13 14 -9 15 -13 15 -14 17 -13 12 -11 16 -9 11 -8 15 -11 12 -6 10 -14 14 -12 12 -15 4 4 12 -13 9 -9 13 -13 12 -13 9 -10 12 -12 14 -14 7 -14 15 -15 7 -14 6 -8 10 -10 9 -15 13 -9 13 -10 9 -11 13 -15 7 -13 12 -17 8 -16 8 -9 8 -14 9 -18 6 -15 3 -13 3 -12 3 -3 0 0 0 0 0 0 0 0 ]
CSI_DATA,AP,68:FE:71:12:53:8C,-46,11,1,3,1,1,1,0,0,0,0,-94,0,6,1,53347229,0,84,0,0,53.347,384,[84 -64 4 0 0 0 0 0 0 0 0 0 0 41 -4 39 -3 37 -8 39 -5 37 -7 40 -5 40 -7 36 -15 34 -13 36 -18 39 -14 34 -11 34 -9 35 -13 37 -12 33 -15 31 -14 34 -14 32 -11 35 -18 35 -16 33 -15 30 -14 35 -18 28 -11 26 -1 0 -11 25 -9 32 -13 28 -6 26 -13 29 -8 34 -15 28 -13 31 -6 32 -12 25 -4 32 -6 28 -10 27 -4 32 -8 27 -5 29 -8 32 -3 30 -1 33 -4 29 -3 31 -8 28 -5 30 -5 33 -7 28 0 29 -2 -4 0 0 0 0 0 0 0 0 ]
CSI_DATA,AP,68:FE:71:12:53:8C,-45,11,1,5,1,1,1,0,0,0,0,-93,0,6,1,53452941,0,84,0,0,53.453,384,[84 -64 4 0 0 0 0 0 0 0 0 0 -3 21 1 20 -1 13 -2 19 -7 20 -4 20 -1 13 -5 13 -2 15 -5 16 -3 13 -4 14 -7 18 -7 16 -5 19 -11 16 -11 13 -9 16 -10 13 -5 17 -2 16 -7 13 -2 15 -2 15 -7 13 -3 18 -3 2 -4 16 -7 17 -6 17 -7 13 -1 12 -6 17 1 18 -1 9 1 9 -1 17 -1 18 -6 14 0 14 -5 13 2 9 -2 15 -5 14 3 10 0 13 3 13 1 15 2 17 -2 11 -3 13 2 17 -4 14 4 1 0 0 0 0 0 0 0 0 ]
CSI_DATA,AP,68:FE:71:12:53:8C,-42,11,1,5,1,1,1,0,0,0,0,-95,0,6,1,53542989,0,84,0,0,53.543,384,[84 -64 4 0 0 0 0 0 0 0 0 0 10 14 5 18 9 14 6 15 10 20 4 16 4 20 2 14 10 17 1 12 8 17 -1 18 6 13 1 21 6 19 4 18 7 18 6 16 7 15 3 15 7 13 7 10 4 15 6 11 4 13 7 14 3 0 1 11 0 10 2 17 3 11 3 15 4 15 4 9 4 17 8 12 9 14 6 11 8 14 6 15 2 14 6 16 10 12 3 14 11 15 4 15 8 13 9 10 10 14 12 15 8 12 6 12 5 10 1 2 0 0 0 0 0 0 0 0 ]
CSI_DATA,AP,68:FE:71:12:53:8C,-47,11,1,3,1,1,1,1,0,0,0,-96,5,6,1,53627447,0,84,0,0,53.627,384,[84 -64 4 0 0 0 0 0 0 0 0 0 -9 -20 0 -19 -3 -19 -5 -19 -2 -18 1 -21 -4 -16 -1 -19 0 -13 -1 -19 3 -15 -5 -20 0 -15 -3 -20 2 -12 -3 -16 2 -17 0 -14 3 -12 1 -17 4 -15 -2 -14 2 -16 2 -11 -2 -16 -1 -12 -1 -1 1 -10 -2 -12 -3 -10 1 -17 1 -14 1 -15 -2 -18 1 -16 0 -12 0 -12 -4 -17 1 -17 -7 -10 -1 -15 1 -17 -6 -12 -2 -16 -7 -13 -9 -13 -7 -9 -8 -10 -6 -11 -8 -15 -9 -17 -10 -17 -10 -10 -3 4 0 0 0 0 0 0 0 0 ]
CSI_DATA,AP,68:FE:71:12:53:8C,-46,11,1,4,1,1,1,0,0,0,0,-96,0,6,1,53727877,0,84,0,0,53.728,384,[84 -64 4 0 0 0 0 0 0 0 0 0 0 -19 1 -20 7 -16 5 -21 9 -16 5 -20 9 -16 9 -17 10 -16 9 -16 6 -15 11 -21 7 -16 6 -20 7 -18 7 -20 4 -15 7 -14 10 -14 6 -13 9 -12 12 -14 6 -19 9 -18 6 -18 11 -18 -3 0 5 -16 3 -18 1 -13 1 -17 1 -11 5 -16 4 -15 0 -13 7 -19 2 -15 0 -18 7 -17 0 -17 -1 -20 -1 -15 1 -12 -1 -12 3 -13 5 -18 -1 -18 2 -14 3 -18 -1 -15 2 -14 -1 -16 0 -21 -2 -3 0 0 0 0 0 0 0 0 ]
CSI_DATA,AP,68:FE:71:12:53:8C,-48,11,1,5,1,1,1,0,0,0,0,-95,0,6,1,53827867,0,84,0,0,53.828,384,[84 -64 4 0 0 0 0 0 0 0 0 0 -12 -17 -11 -20 -8 -23 -6 -15 -11 -15 -9 -17 -5 -19 -5 -18 -10 -22 -9 -20 -9 -18 -3 -19 -2 -17 -9 -22 -5 -20 -7 -18 -9 -18 -9 -15 -7 -15 -9 -16 -4 -19 -4 -18 1 -19 1 -17 -3 -13 -4 -14 0 4 -2 -17 -1 -19 -2 -18 -9 -11 -1 -19 -2 -13 -5 -19 -5 -13 -7 -12 -4 -14 -6 -18 -7 -18 -3 -16 -4 -14 -3 -14 -10 -11 -10 -15 -7 -14 -11 -12 -13 -16 -9 -17 -9 -10 -9 -13 -14 -11 -5 -15 -14 -16 -1 4 0 0 0 0 0 0 0 0 ]
CSI_DATA,AP,68:FE:71:12:53:8C,-41,11,1,6,1,1,1,0,0,0,0,-95,0,6,1,53917720,0,84,0,0,53.918,384,[84 -64 4 0 0 0 0 0 0 0 0 0 44 5 36 8 41 10 37 17 41 16 31 15 37 13 37 16 31 21 31 24 35 20 32 22 34 21 36 24 31 23 35 17 31 23 26 20 26 22 34 23 26 23 25 17 25 20 24 20 29 26 28 18 -4 3 27 20 35 16 28 18 29 15 26 20 27 16 31 21 25 13 25 11 29 15 28 14 29 11 32 14 32 10 31 12 29 9 32 11 36 7 27 9 31 2 34 11 27 6 38 10 33 4 34 8 32 9 -3 4 0 0 0 0 0 0 0 0 ]
CSI_DATA,AP,68:FE:71:12:53:8C,-47,11,0,0,0,0,0,0,0,0,0,-95,0,6,1,53995492,0,37,0,0,53.995,128,[84 -64 4 0 0 0 0 0 0 0 0 0 15 11 10 16 10 11 8 15 10 13 7 19 10 18 6 20 11 16 12 20 8 17 6 12 7 20 5 20 8 16 3 16 6 12 7 10 3 15 5 15 10 13 4 12 9 16 4 11 3 11 4 15 1 4 9 14 5 14 6 16 7 15 5 16 7 16 11 17 10 8 5 11 9 7 4 14 6 14 7 10 7 6 8 11 8 7 10 9 13 8 14 10 14 13 11 10 7 6 7 6 9 11 9 10 8 13 -2 0 0 0 0 0 0 0 0 0 ]
CSI_DATA,AP,68:FE:71:12:53:8C,-48,11,1,5,1,1,1,0,0,0,1,-94,0,6,1,54138269,0,84,0,0,54.138,384,[84 -64 4 0 0 0 0 0 0 0 0 0 15 -8 18 -11 15 -6 17 -12 15 -6 15 -5 21 -8 15 -4 21 -10 20 -5 16 -8 18 -8 16 -3 15 -6 22 -1 16 -9 17 -1 19 -7 14 -4 17 -5 20 -6 19 -7 14 -6 15 -4 20 1 14 -6 -1 1 18 -7 16 -7 19 -8 14 -2 17 -7 14 -5 15 -10 13 -9 15 -4 12 -9 11 -12 14 -5 11 -9 13 -10 12 -11 16 -5 19 -10 15 -10 10 -8 16 -6 18 -12 17 -13 14 -14 15 -14 12 -11 13 -9 1 -1 0 0 0 0 0 0 0 0 ]
CSI_DATA,AP,68:FE:71:12:53:8C,-49,11,1,3,1,1,1,0,0,0,0,-95,0,6,1,54245548,0,84,0,0,54.246,384,[84 -64 4 0 0 0 0 0 0 0 0 0 -20 8 -15 8 -24 12 -24 8 -23 9 -24 8 -23 4 -15 7 -22 10 -19 9 -22 2 -19 9 -21 9 -19 7 -24 5 -20 2 -23 5 -15 0 -16 4 -16 -1 -17 -1 -21 4 -20 -2 -20 6 -17 8 -16 4 -3 -1 -17 6 -21 4 -22 4 -18 5 -15 4 -14 4 -17 0 -13 3 -18 4 -13 5 -20 10 -12 10 -20 8 -15 11 -13 8 -17 9 -18 10 -14 6 -15 5 -11 6 -19 4 -18 4 -19 8 -17 6 -19 13 -15 5 2 2 0 0 0 0 0 0 0 0 ]
CSI_DATA,AP,68:FE:71:12:53:8C,-47,11,1,5,1,1,1,0,0,0,0,-93,0,6,1,54338232,0,84,0,0,54.338,384,[84 -64 4 0 0 0 0 0 0 0 0 0 -1 23 3 25 4 19 3 20 -1 24 3 22 -3 26 -2 16 -4 21 -4 16 0 21 1 17 -6 18 -2 20 -3 20 -2 23 -5 22 -6 21 -1 20 -2 23 0 14 0 21 -4 19 -1 15 -4 17 -1 22 2 0 -1 15 1 15 -5 18 -2 17 -4 17 2 16 3 14 -4 21 -1 13 1 20 -3 16 -3 12 -1 21 -1 19 5 20 -1 17 -1 16 3 16 3 19 3 14 7 12 3 13 3 13 5 19 0 12 1 18 -1 -2 0 0 0 0 0 0 0 0 ]
CSI_DATA,AP,68:FE:71:12:53:8C,-46,11,1,5,1,1,1,0,0,0,0,-94,0,6,1,54428783,0,84,0,0,54.429,384,[84 -64 4 0 0 0 0 0 0 0 0 0 -10 -17 -6 -21 -13 -25 -9 -22 -6 -26 -6 -19 -8 -21 -11 -20 -9 -23 -10 -22 -6 -22 -1 -24 -8 -19 0 -18 -2 -17 0 -25 -6 -17 -4 -22 -5 -17 -2 -23 -8 -21 -4 -21 0 -22 -5 -24 -8 -23 -4 -18 0 -3 -7 -22 -9 -17 -6 -14 -8 -13 -9 -18 -8 -16 -9 -14 -2 -14 -2 -12 -10 -19 -11 -19 -12 -18 -8 -12 -13 -13 -10 -16 -10 -18 -12 -21 -6 -12 -6 -16 -14 -17 -11 -12 -7 -17 -13 -18 -16 -12 -13 -10 -12 -13 2 0 0 0 0 0 0 0 0 0 ]
CSI_DATA,AP,68:FE:71:12:53:8C,-44,11,1,4,1,1,1,0,0,0,0,-95,0,6,1,54525686,0,84,0,0,54.526,384,[84 -64 4 0 0 0 0 0 0 0 0 0 -20 -1 -22 2 -27 2 -27 -7 -24 -2 -25 0 -26 -6 -18 -3 -19 -3 -17 -10 -25 -3 -19 -5 -22 -9 -18 -9 -21 -10 -23 -11 -22 -5 -23 -7 -21 -5 -15 -3 -23 -7 -15 -6 -15 -9 -16 -7 -20 -10 -19 -4 4 -3 -17 -1 -17 -6 -17 -2 -23 -2 -16 -4 -18 0 -16 -5 -15 1 -19 -1 -22 -5 -20 -2 -13 -6 -20 -2 -20 -2 -22 2 -14 0 -20 3 -21 2 -16 0 -13 1 -17 1 -18 -2 -19 5 -17 6 -14 5 -17 7 2 -3 0 0 0 0 0 0 0 0 ]
CSI_DATA,AP,68:FE:71:12:53:8C,-50,11,1,1,1,1,1,0,0,0,0,-95,0,6,1,54597243,0,84,0,0,54.597,384,[84 -64 4 0 0 0 0 0 0 0 0 0 6 -18 11 -17 7 -17 7 -26 10 -17 6 -15 6 -17 8 -17 10 -23 9 -14 7 -19 6 -16 11 -21 12 -17 10 -20 12 -21 12 -18 6 -19 6 -19 7 -14 12 -19 12 -13 5 -15 8 -20 11 -14 12 -13 3 0 13 -16 12 -20 9 -16 7 -17 10 -18 11 -18 11 -16 6 -14 3 -19 4 -12 5 -15 3 -15 2 -13 9 -15 9 -14 4 -21 1 -14 3 -21 0 -14 2 -17 8 -13 3 -14 -1 -20 3 -18 4 -19 -3 -14 1 -2 0 0 0 0 0 0 0 0 ]
CSI_DATA,AP,68:FE:71:12:53:8C,-48,11,1,3,1,1,1,0,0,0,0,-94,0,6,1,54694112,0,84,0,0,54.694,384,[84 -64 4 0 0 0 0 0 0 0 0 0 17 9 18 10 16 11 22 13 22 12 15 12 14 11 15 7 14 10 19 9 16 12 18 12 17 9 12 10 18 17 20 14 10 15 14 9 13 15 18 14 16 14 15 16 13 8 16 10 12 14 12 12 -4 -1 13 5 14 15 16 12 19 7 12 5 16 7 13 12 15 8 17 10 15 4 19 4 15 8 19 8 14 7 12 5 15 8 15 9 13 9 20 5 17 2 15 2 13 2 20 4 16 5 17 2 19 3 4 2 0 0 0 0 0 0 0 0 ]
CSI_DATA,AP,68:FE:71:12:53:8C,-49,11,1,3,1,1,1,0,0,0,0,-95,0,6,1,54787574,0,84,0,0,54.788,384,[84 -64 4 0 0 0 0 0 0 0 0 0 -11 19 -11 18 -19 14 -15 18 -17 18 -15 11 -19 10 -15 12 -15 9 -17 9 -17 14 -23 14 -17 13 -17 9 -18 13 -23 15 -13 11 -18 11 -17 6 -20 6 -17 10 -13 8 -12 12 -14 10 -17 9 -12 5 -1 -2 -12 10 -15 10 -17 12 -16 10 -12 14 -11 11 -12 13 -15 9 -13 11 -17 10 -17 9 -9 14 -9 13 -10 17 -9 16 -10 10 -7 16 -12 16 -11 12 -10 16 -6 10 -7 11 -8 19 -6 19 -6 12 -5 18 -3 -2 0 0 0 0 0 0 0 0 ]
CSI_DATA,AP,68:FE:71:12:53:8C,-43,11,1,6,1,1,1,1,0,0,0,-94,6,6,1,54891334,0,84,0,0,54.891,384,[84 -64 4 0 0 0 0 0 0 0 0 0 5 -23 5 -22 6 -24 9 -17 9 -21 14 -17 13 -18 9 -19 9 -19 12 -17 8 -18 14 -15 15 -19 11 -15 11 -17 13 -16 15 -11 11 -12 14 -17 10 -19 13 -10 8 -12 8 -9 12 -14 13 -11 14 -11 -4 -3 11 -17 11 -14 10 -17 4 -15 9 -10 5 -11 4 -12 6 -17 7 -13 8 -13 5 -20 5 -11 3 -18 5 -16 4 -20 8 -18 9 -15 3 -12 2 -19 7 -17 1 -16 1 -18 6 -15 4 -16 1 -13 3 -12 2 0 0 0 0 0 0 0 0 0 ]
CSI_DATA,AP,68:FE:71:12:53:8C,-37,11,1,6,1,1,1,1,0,0,0,-93,2,6,1,54979415,0,84,0,0,54.979,384,[84 -64 4 0 0 0 0 0 0 0 0 0 3 -17 6 -22 1 -20 4 -25 1 -21 3 -20 3 -21 8 -21 5 -16 6 -16 6 -22 6 -23 5 -16 5 -14 6 -14 8 -16 6 -14 10 -17 11 -14 11 -17 5 -18 7 -20 6 -19 10 -12 4 -14 6 -17 -1 0 3 -20 7 -18 6 -21 1 -18 7 -13 8 -20 4 -18 5 -20 9 -13 2 -11 1 -19 7 -13 5 -15 7 -18 6 -19 6 -19 5 -15 6 -18 5 -20 -2 -16 4 -15 1 -17 -1 -20 -2 -14 0 -13 -2 -16 1 -1 0 0 0 0 0 0 0 0 ]
CSI_DATA,AP,68:FE:71:12:53:8C,-42,11,1,6,1,1,1,0,0,0,1,-94,0,6,1,55070286,0,84,0,0,55.07,384,[84 -64 4 0 0 0 0 0 0 0 0 0 -17 -8 -16 -6 -25 -8 -19 -12 -16 -7 -19 -12 -14 -14 -15 -11 -20 -14 -19 -7 -15 -15 -18 -12 -15 -8 -14 -14 -14 -13 -19 -8 -12 -9 -18 -13 -15 -7 -18 -12 -14 -15 -12 -7 -10 -11 -11 -11 -18 -15 -17 -11 -2 3 -16 -10 -20 -6 -18 -11 -17 -7 -12 -4 -19 -9 -11 -5 -16 -10 -11 -6 -18 -3 -16 -1 -11 -5 -17 -6 -17 -10 -20 -2 -13 -8 -21 -4 -15 -1 -18 -6 -15 -7 -21 -2 -13 -8 -14 -4 -19 -7 -17 -3 -18 0 1 4 0 0 0 0 0 0 0 0 ]
CSI_DATA,AP,68:FE:71:12:53:8C,-47,11,1,4,1,1,1,0,0,0,0,-95,0,6,1,55161764,0,84,0,0,55.162,384,[84 -64 4 0 0 0 0 0 0 0 0 0 20 10 15 8 21 7 15 16 16 10 10 15 15 16 10 11 17 17 12 18 11 12 13 19 12 15 13 12 10 13 15 15 9 11 15 16 15 17 15 15 7 13 13 12 10 16 10 14 15 16 10 13 4 0 12 9 16 9 14 16 11 8 9 14 11 9 10 9 13 12 14 8 10 9 16 11 14 11 15 5 9 8 16 12 18 7 18 10 11 11 14 11 15 7 14 13 10 11 16 3 15 9 16 2 16 9 -4 1 0 0 0 0 0 0 0 0 ]
CSI_DATA,AP,68:FE:71:12:53:8C,-48,11,0,0,0,0,0,1,0,0,0,-93,3,6,1,55270903,0,37,0,0,55.271,128,[84 -64 4 0 0 0 0 0 0 0 0 0 3 16 5 20 2 17 2 21 6 23 6 19 5 23 1 18 1 19 2 20 -2 22 -2 19 0 21 0 24 3 23 -2 17 2 19 2 21 -1 19 -1 19 2 21 0 16 -1 19 -2 17 1 19 -4 20 -3 3 2 16 2 18 -1 15 -1 14 4 20 -1 12 5 15 1 16 3 12 6 16 8 13 2 16 2 19 8 13 5 19 3 13 7 16 8 19 2 15 8 17 10 13 7 18 4 13 9 14 7 18 8 17 2 -4 0 0 0 0 0 0 0 0 ]
CSI_DATA,AP,68:FE:71:12:53:8C,-42,11,1,5,1,1,1,0,0,0,0,-94,0,6,1,55376976,0,84,0,0,55.377,384,[84 -64 4 0 0 0 0 0 0 0 0 0 16 -4 19 -3 16 -8 24 -3 24 0 22 -4 20 0 20 2 19 1 15 0 24 2 21 1 22 0 17 0 23 -2 22 3 19 5 15 3 19 -2 21 -3 18 -1 17 -3 20 -2 14 5 22 -1 18 4 -3 3 15 0 20 0 13 -4 19 -2 19 -5 16 -3 13 -3 14 1 14 -1 12 -1 12 -9 14 -4 13 -4 15 -6 20 -6 12 -3 12 -4 19 -6 11 -6 11 -9 18 -4 11 -9 15 -2 18 -10 18 -5 19 -7 4 1 0 0 0 0 0 0 0 0 ]
CSI_DATA,AP,68:FE:71:12:53:8C,-47,11,1,3,1,1,1,0,0,0,0,-95,0,6,1,55472315,0,84,0,0,55.472,384,[84 -64 4 0 0 0 0 0 0 0 0 0 23 11 18 8 14 11 15 10 17 15 16 15 15 13 12 10 11 18 17 16 12 14 19 15 11 14 14 11 9 18 16 16 16 15 15 17 9 15 12 17 15 13 11 12 7 11 8 17 14 13 10 17 -2 1 13 14 15 14 11 13 12 11 11 10 8 15 9 10 10 8 16 11 15 5 10 7 12 8 13 11 15 6 17 13 18 4 13 12 14 11 11 9 12 8 14 12 18 5 15 11 14 3 11 7 18 11 1 1 0 0 0 0 0 0 0 0 ]
CSI_DATA,AP,68:FE:71:12:53:8C,-44,11,1,5,1,1,1,0,0,0,1,-94,0,6,1,55554077,0,84,0,0,55.554,384,[84 -64 4 0 0 0 0 0 0 0 0 0 13 17 11 19 5 14 5 19 5 18 2 16 1 21 7 16 5 16 -1 22 3 24 5 18 3 20 8 17 5 21 5 20 1 17 4 13 2 22 1 20 5 16 4 21 3 12 -1 19 4 16 7 21 4 1 1 20 8 13 2 14 0 18 2 14 5 13 -1 14 7 14 5 14 3 17 6 12 9 16 10 13 9 14 2 15 5 15 9 12 5 17 10 10 4 14 6 14 12 15 9 16 10 10 6 13 13 14 2 2 0 0 0 0 0 0 0 0 ]
CSI_DATA,AP,68:FE:71:12:53:8C,-43,11,1,6,1,1,1,1,0,0,0,-93,3,6,1,55626856,0,84,0,0,55.627,384,[84 -64 4 0 0 0 0 0 0 0 0 0 22 -10 20 -2 20 -1 18 -6 20 -3 23 -7 18 0 19 1 15 -1 18 3 17 0 19 -2 17 2 23 4 14 1 22 0 15 2 17 -1 21 4 16 -3 17 3 13 4 15 1 17 3 19 0 21 -2 0 -3 19 -1 21 -5 20 -6 16 -3 14 1 14 -5 14 1 12 1 12 0 16 -4 17 -7 13 0 20 -1 15 -7 12 -5 11 -8 16 -8 16 -10 16 -2 14 -4 13 -5 13 -4 12 -10 16 -11 11 -4 13 -10 4 0 0 0 0 0 0 0 0 0 ]
CSI_DATA,AP,68:FE:71:12:53:8C,-48,11,0,0,0,0,0,0,0,0,0,-94,0,6,1,55719062,0,37,0,0,55.719,128,[84 -64 4 0 0 0 0 0 0 0 0 0 -14 12 -18 13 -20 14 -23 10 -16 8 -21 3 -19 6 -16 2 -22 5 -23 8 -17 9 -24 8 -21 1 -22 6 -23 1 -20 4 -22 -1 -21 5 -14 4 -20 2 -17 -2 -18 3 -13 0 -18 2 -16 0 -14 6 0 -4 -19 -1 -16 -1 -15 -1 -18 3 -16 7 -14 7 -16 1 -18 4 -14 5 -16 4 -16 5 -13 10 -19 10 -19 2 -18 7 -18 8 -16 7 -14 4 -12 10 -13 5 -11 9 -11 9 -11 11 -15 10 -16 6 -10 5 -2 3 0 0 0 0 0 0 0 0 ]
CSI_DATA,AP,68:FE:71:12:53:8C,-42,11,1,5,1,1,1,1,0,0,0,-96,2,6,1,55828699,0,84,0,0,55.829,384,[84 -64 4 0 0 0 0 0 0 0 0 0 15 4 19 8 16 6 17 6 15 15 16 15 17 15 16 14 12 12 12 16 14 17 17 15 15 11 12 17 12 15 19 14 15 12 12 10 14 12 12 10 16 17 16 13 7 15 16 15 16 9 9 8 2 0 12 11 13 16 15 11 14 8 15 10 10 12 11 12 16 14 16 9 10 12 17 9 8 8 16 6 17 6 9 4 19 5 14 10 15 3 15 9 18 9 17 9 13 7 13 5 12 6 11 9 11 4 -4 2 0 0 0 0 0 0 0 0 ]
CSI_DATA,AP,68:FE:71:12:53:8C,-45,11,1,4,1,1,1,0,0,0,0,-94,0,6,1,55931539,0,84,0,0,55.932,384,[84 -64 4 0 0 0 0 0 0 0 0 0 5 -22 10 -24 7 -24 3 -25 7 -19 8 -21 7 -17 13 -19 6 -19 10 -19 7 -14 12 -19 9 -21 11 -20 7 -15 14 -14 11 -14 14 -14 12 -17 8 -17 7 -10 13 -18 7 -10 7 -11 13 -16 11 -14 -4 -3 13 -18 9 -13 13 -12 4 -16 11 -15 9 -12 5 -11 10 -14 6 -16 9 -11 7 -14 1 -14 7 -16 7 -17 2 -16 9 -16 4 -17 7 -21 7 -16 5 -19 0 -12 5 -12 1 -13 6 -18 6 -16 2 -13 1 2 0 0 0 0 0 0 0 0 ]
CSI_DATA,AP,68:FE:71:12:53:8C,-44,11,0,0,0,0,0,0,0,0,0,-95,0,6,1,56040039,0,37,0,0,56.04,128,[84 -64 4 0 0 0 0 0 0 0 0 0 -16 -10 -19 -5 -23 -9 -22 -9 -15 -11 -18 -7 -18 -14 -16 -12 -13 -15 -16 -9 -14 -10 -18 -15 -18 -7 -12 -7 -14 -9 -19 -8 -12 -9 -17 -9 -13 -13 -10 -14 -13 -8 -15 -9 -16 -14 -11 -10 -13 -13 -15 -8 -2 3 -10 -12 -16 -7 -17 -8 -16 -4 -15 -6 -19 -7 -15 -12 -14 -7 -14 -6 -17 -8 -19 -6 -13 -10 -19 -6 -12 -6 -12 -6 -15 -1 -18 -4 -15 0 -11 -6 -15 0 -15 -6 -15 -3 -19 -7 -15 -1 -19 1 -18 1 1 0 0 0 0 0 0 0 0 0 ]
CSI_DATA,AP,68:FE:71:12:53:8C,-45,11,1,4,1,1,1,0,0,0,0,-95,0,6,1,56135342,0,84,0,0,56.135,384,[84 -64 4 0 0 0 0 0 0 0 0 0 12 -17 20 -15 14 -9 18 -16 22 -11 16 -6 21 -9 14 -7 15 -13 19 -8 21 -8 20 -9 22 -6 14 -10 17 -8 20 -5 16 -4 17 -5 20 -10 20 -9 19 -4 13 -11 13 -2 20 -8 13 -11 13 -4 -3 -1 18 -11 15 -10 19 -6 12 -10 18 -4 14 -8 15 -5 9 -13 15 -11 11 -9 10 -14 14 -14 14 -9 16 -10 13 -10 10 -14 10 -9 8 -10 15 -14 6 -17 15 -12 8 -13 15 -11 11 -13 8 -10 8 -16 -1 0 0 0 0 0 0 0 0 0 ]
CSI_DATA,AP,68:FE:71:12:53:8C,-50,11,1,3,1,1,1,0,0,0,0,-94,0,6,1,56219990,0,84,0,0,56.22,384,[84 -64 4 0 0 0 0 0 0 0 0 0 -20 1 -15 2 -20 -6 -18 -4 -24 1 -16 0 -20 0 -16 -3 -17 -1 -18 -2 -16 -10 -15 -9 -22 -6 -14 -9 -15 -9 -22 -9 -17 -10 -14 -3 -13 -3 -13 -4 -17 -4 -20 -3 -14 -10 -13 -10 -15 -8 -14 -8 1 4 -19 -9 -18 -6 -12 -3 -16 -3 -15 -6 -15 -3 -15 -3 -17 1 -17 0 -11 2 -12 -3 -16 -6 -11 -3 -19 -1 -18 1 -16 1 -20 0 -15 -2 -15 3 -15 1 -17 2 -17 -4 -14 -2 -18 -1 -13 0 -16 -1 1 2 0 0 0 0 0 0 0 0 ]
CSI_DATA,AP,68:FE:71:12:53:8C,-47,11,1,3,1,1,1,0,0,0,0,-96,0,6,1,56335745,0,84,0,0,56.336,384,[84 -64 4 0 0 0 0 0 0 0 0 0 16 -6 16 -1 25 2 18 -2 26 2 21 4 16 3 21 -1 21 7 19 2 17 7 23 8 17 4 23 2 16 2 16 9 18 6 20 2 13 9 19 9 15 7 13 4 15 0 12 6 15 7 15 6 1 2 21 6 19 2 18 4 19 2 14 3 13 0 15 4 16 0 17 0 12 4 16 4 13 3 19 6 14 -3 17 -1 17 -4 17 -3 19 -2 14 -3 19 0 14 0 20 0 17 1 17 -1 19 3 16 -3 -1 2 0 0 0 0 0 0 0 0 ]
CSI_DATA,AP,68:FE:71:12:53:8C,-46,11,1,5,1,1,1,0,0,0,0,-93,0,6,1,56441443,0,84,0,0,56.441,384,[84 -64 4 0 0 0 0 0 0 0 0 0 23 3 17 7 24 7 24 9 22 8 19 8 22 9 19 3 20 9 21 10 16 10 15 6 18 5 18 4 19 5 18 7 13 4 15 9 18 8 13 7 18 2 20 2 18 10 19 5 12 5 12 7 1 1 15 -1 18 3 19 -1 18 3 13 -1 16 6 11 6 19 5 16 0 18 -4 18 3 14 2 13 -1 17 -1 11 1 20 3 19 1 16 2 19 -1 11 0 13 0 16 1 15 -1 20 -3 18 0 13 1 3 3 0 0 0 0 0 0 0 0 ]
CSI_DATA,AP,68:FE:71:12:53:8C,-46,11,1,3,1,1,1,0,0,0,0,-93,0,6,1,56577330,0,84,0,0,56.577,384,[84 -64 4 0 0 0 0 0 0 0 0 0 -15 0 -17 -6 -18 -4 -20 -8 -20 -2 -18 -8 -18 -6 -13 -9 -20 -8 -13 -3 -18 -5 -20 -8 -13 -10 -18 -9 -12 -9 -13 -6 -17 -13 -11 -7 -14 -10 -16 -13 -14 -11 -11 -10 -12 -8 -18 -7 -14 -6 -15 -11 2 1 -15 -6 -16 -11 -12 -9 -18 -10 -17 -4 -15 -7 -17 -5 -11 -3 -17 -8 -14 -6 -14 -6 -12 -3 -17 -6 -15 0 -16 -2 -18 1 -18 -2 -19 -1 -11 -4 -18 1 -18 -2 -11 -6 -17 -4 -15 3 -10 -2 -10 -5 3 4 0 0 0 0 0 0 0 0 ]
CSI_DATA,AP,68:FE:71:12:53:8C,-47,11,1,5,1,1,1,0,0,0,0,-96,0,6,1,56656356,0,84,0,0,56.656,384,[84 -64 4 0 0 0 0 0 0 0 0 0 -16 7 -15 8 -13 6 -16 2 -12 2 -16 4 -11 4 -13 7 -11 5 -17 -2 -12 1 -11 -2 -13 -1 -10 1 -12 -3 -13 1 -16 -3 -15 2 -12 0 -9 1 -13 0 -10 6 -10 -1 -12 3 -10 0 -13 1 -1 0 -12 -2 -14 1 -8 2 -12 -1 -13 5 -14 3 -10 3 -14 6 -12 6 -14 3 -10 1 -8 5 -8 7 -14 2 -8 -1 -7 2 -6 6 -6 8 -7 4 -13 6 -7 5 -11 5 -10 6 -7 3 -10 9 -12 7 0 2 0 0 0 0 0 0 0 0 ]
CSI_DATA,AP,68:FE:71:12:53:8C,-44,11,1,5,1,1,1,0,0,0,0,-96,0,6,1,56761733,0,84,0,0,56.762,384,[84 -64 4 0 0 0 0 0 0 0 0 0 12 -1 13 0 17 -1 13 -6 13 -3 16 0 15 1 13 -4 13 -1 19 1 13 3 13 2 15 0 16 -2 18 5 15 -3 20 6 19 3 13 6 17 2 18 3 11 0 17 0 14 4 14 4 19 1 3 3 11 4 20 4 11 4 13 2 10 -3 12 3 12 1 14 3 17 0 13 1 15 1 16 -5 17 0 12 -2 14 1 12 -1 12 -1 17 -7 19 -3 17 0 16 2 18 1 16 -2 12 -4 16 -8 12 -9 0 -3 0 0 0 0 0 0 0 0 ]
CSI_DATA,AP,68:FE:71:12:53:8C,-47,11,1,5,1,1,1,0,0,0,0,-94,0,6,1,56901928,0,84,0,0,56.902,384,[84 -64 4 0 0 0 0 0 0 0 0 0 -3 27 0 25 -3 26 -1 20 -1 25 -6 17 0 25 -5 18 -3 24 -7 22 -8 20 -5 23 -9 26 -11 17 -10 16 -8 24 -8 18 -9 21 -4 19 -2 15 -9 16 -6 18 -8 21 -6 16 -6 21 -9 18 2 -3 -4 18 -7 15 -3 15 -4 15 -3 15 -5 17 -5 16 -4 14 -5 13 -4 14 2 15 -4 18 -1 13 1 15 4 21 0 17 -1 21 6 20 4 16 0 16 4 16 4 16 6 16 4 14 -1 14 7 14 3 1 0 0 0 0 0 0 0 0 ]
CSI_DATA,AP,68:FE:71:12:53:8C,-49,11,1,3,1,1,1,0,0,0,0,-95,0,6,1,57007092,0,84,0,0,57.007,384,[84 -64 4 0 0 0 0 0 0 0 0 0 19 12 16 14 19 12 16 14 15 17 9 14 13 20 12 15 16 19 15 21 8 20 15 16 8 14 7 13 12 16 11 22 11 15 6 13 10 14 11 19 4 13 11 17 8 11 9 18 4 19 10 16 1 -4 7 11 8 14 6 12 7 11 9 17 7 11 6 17 7 11 11 13 9 13 15 12 14 13 14 13 7 11 10 11 15 7 17 9 16 5 16 10 10 8 13 7 15 11 13 11 14 10 15 12 16 3 -1 1 0 0 0 0 0 0 0 0 ]
CSI_DATA,AP,68:FE:71:12:53:8C,-40,11,1,4,1,1,1,0,0,0,0,-94,0,6,1,57105390,0,84,0,0,57.105,384,[84 -64 4 0 0 0 0 0 0 0 0 0 3 -8 2 -11 1 -8 1 -9 6 -13 2 -7 5 -9 7 -10 9 -5 6 -10 10 -11 10 -9 8 -6 1 -7 1 -3 7 -9 1 -11 3 -7 7 -8 4 -3 3 -5 3 -9 4 -5 3 -6 6 -5 6 -5 4 0 -1 -10 2 -8 6 -3 4 -7 4 -6 -1 -11 2 -9 5 -11 5 -3 1 -7 2 -10 4 -5 2 -7 -2 -10 2 -5 5 -10 5 -8 4 -8 1 -5 -2 -7 2 -11 -1 -8 0 -4 2 -13 -2 -7 2 -11 -1 -4 0 0 0 0 0 0 0 0 ]
CSI_DATA,AP,68:FE:71:12:53:8C,-43,11,1,5,1,1,1,0,0,0,0,-94,0,6,1,57201074,0,82,0,0,57.201,384,[84 -64 4 0 0 0 0 0 0 0 0 0 2 17 9 14 4 25 3 17 4 22 6 18 3 15 2 19 -1 17 1 14 2 21 1 15 4 20 -3 18 -2 14 -2 18 -3 18 3 13 1 14 -3 14 2 15 -3 11 -4 7 -3 7 -2 9 4 14 3 -1 7 11 -1 14 1 10 7 12 2 7 6 5 8 12 5 6 6 4 5 7 3 4 4 7 7 6 7 8 5 10 5 4 9 5 8 2 8 5 10 4 7 5 4 1 8 8 9 2 10 8 14 1 -1 -1 0 0 0 0 0 0 0 0 ]
CSI_DATA,AP,68:FE:71:12:53:8C,-46,11,1,4,1,1,1,1,0,0,0,-93,4,6,1,57299561,0,84,0,0,57.3,384,[84 -64 4 0 0 0 0 0 0 0 0 0 25 -9 24 -10 21 -8 24 -7 20 -11 24 -6 21 -5 22 -8 18 -5 20 -4 21 -7 22 -5 19 -4 21 -4 13 1 13 0 16 -3 16 -7 11 -3 15 1 16 -6 13 -3 11 -4 16 -1 15 -2 7 -5 0 4 14 -3 11 -3 4 -1 10 3 15 -2 5 -5 6 -5 11 -9 5 -9 11 -6 4 -6 10 -4 5 -9 2 -10 2 -7 2 -6 9 -12 0 -4 7 -6 4 -4 3 -7 5 -5 8 -6 2 -12 0 -7 5 -7 -3 -3 0 0 0 0 0 0 0 0 ]
CSI_DATA,AP,68:FE:71:12:53:8C,-44,11,0,0,0,0,0,0,0,0,0,-95,0,6,1,57400204,0,37,0,0,57.4,128,[84 -64 4 0 0 0 0 0 0 0 0 0 16 -7 22 -2 21 1 25 -4 18 -5 20 -4 22 4 17 1 16 5 21 3 18 -1 19 3 21 4 17 -2 18 0 16 -1 13 2 16 -2 14 2 18 0 18 5 14 2 10 1 19 5 15 1 14 -2 2 -2 11 2 13 -1 16 -4 15 -6 17 -3 16 -1 17 -5 18 1 12 -5 13 1 13 -2 12 -1 17 -6 18 -4 17 -1 10 -1 13 -4 10 -10 9 -5 8 -6 11 -3 10 -6 15 -6 13 -11 12 -6 10 -2 3 3 0 0 0 0 0 0 0 0 ]
CSI_DATA,AP,68:FE:71:12:53:8C,-50,11,1,2,1,1,1,0,0,0,0,-93,0,6,1,57518938,0,84,0,0,57.519,384,[84 -64 4 0 0 0 0 0 0 0 0 0 -24 6 -25 0 -17 5 -18 6 -20 3 -22 -2 -22 0 -18 0 -18 1 -18 -2 -22 -2 -23 3 -22 3 -21 2 -19 -4 -25 -1 -20 -2 -21 3 -25 -3 -21 -4 -22 2 -21 -2 -20 -1 -21 3 -24 -1 -19 -5 -1 -4 -18 -1 -19 -5 -25 1 -18 4 -17 1 -20 -4 -21 -4 -18 -4 -24 3 -23 2 -24 -3 -20 -1 -22 0 -18 1 -19 1 -19 2 -27 -2 -21 1 -20 -3 -24 -3 -19 1 -20 5 -19 -1 -21 -1 -26 5 -20 5 -3 1 0 0 0 0 0 0 0 0 ]
CSI_DATA,AP,68:FE:71:12:53:8C,-48,11,1,3,1,1,1,0,0,0,1,-95,0,6,1,57632829,0,84,0,0,57.633,384,[84 -64 4 0 0 0 0 0 0 0 0 0 -25 -3 -22 -4 -20 -6 -22 -3 -20 -4 -18 -11 -25 -4 -23 -12 -24 -5 -18 -5 -21 -13 -23 -6 -27 -12 -25 -8 -23 -8 -21 -7 -19 -6 -18 -12 -19 -10 -19 -14 -19 -14 -22 -9 -23 -7 -20 -7 -23 -6 -18 -13 1 0 -20 -13 -27 -9 -23 -7 -25 -5 -18 -11 -21 -10 -26 -11 -26 -12 -26 -4 -23 -6 -23 -7 -20 -3 -20 -2 -25 -4 -28 -3 -22 -4 -26 -8 -25 -2 -22 -9 -23 -2 -23 -6 -27 -10 -28 -6 -29 -2 -20 0 -25 -6 -4 1 0 0 0 0 0 0 0 0 ]
CSI_DATA,AP,68:FE:71:12:53:8C,-45,11,1,4,1,1,1,0,0,0,0,-95,0,6,1,57719282,0,84,0,0,57.719,384,[84 -64 4 0 0 0 0 0 0 0 0 0 -13 -2 -16 1 -16 -3 -13 -6 -19 -3 -18 1 -15 0 -18 -5 -12 -5 -18 -2 -12 -4 -20 -5 -21 -9 -16 -8 -12 -6 -21 -2 -13 -2 -19 -8 -17 -7 -13 -6 -13 -3 -11 -11 -15 -9 -12 -8 -11 -6 -19 -8 -3 -1 -15 -4 -13 -3 -14 -1 -15 -2 -12 -1 -17 -1 -11 -1 -11 -4 -19 -5 -18 1 -12 -5 -15 0 -13 -5 -18 -2 -17 1 -17 -5 -13 0 -16 -3 -19 0 -17 4 -13 -1 -15 0 -19 -5 -19 2 -14 -4 -15 -1 -4 -1 0 0 0 0 0 0 0 0 ]
CSI_DATA,AP,68:FE:71:12:53:8C,-46,11,1,4,1,1,1,0,0,0,0,-95,0,6,1,57827387,0,84,0,0,57.827,384,[84 -64 4 0 0 0 0 0 0 0 0 0 -5 5 -7 5 -5 2 -8 4 -9 -1 -11 4 -7 4 -9 -2 -9 -5 -5 -1 -9 -3 -6 0 -7 -4 -8 1 -4 -2 -14 -5 -7 -4 -12 -1 -12 -6 -11 -4 -5 2 -6 -2 -10 1 -4 2 -6 0 -7 1 0 -3 -6 2 -12 0 -6 -2 -4 -3 -6 0 -11 2 -6 -4 -11 -3 -7 3 -7 0 -5 2 -10 3 -9 0 -9 5 -9 2 -9 -1 -4 1 -4 -2 -6 -3 -4 1 -3 4 -10 6 -6 0 -8 -1 -5 3 -7 -2 -1 2 0 0 0 0 0 0 0 0 ]
CSI_DATA,AP,68:FE:71:12:53:8C,-44,11,1,4,1,1,1,0,0,0,0,-94,0,6,1,57906817,0,84,0,0,57.907,384,[84 -64 4 0 0 0 0 0 0 0 0 0 -6 -2 -11 -2 -7 -3 -4 -7 -5 -5 -5 0 -8 -7 -10 0 -12 -6 -11 -5 -11 -5 -4 -5 -12 -1 -12 -5 -10 -2 -11 -1 -9 -7 -11 -4 -4 -1 -9 -8 -8 -5 -11 -5 -6 -8 -6 -8 -7 -4 -8 -7 3 -2 -9 -5 -6 -3 -10 -2 -8 -2 -6 -7 -9 -2 -11 -2 -12 -8 -4 -6 -4 -3 -6 -1 -12 -7 -6 -2 -9 0 -10 -1 -6 -7 -8 -8 -11 -5 -10 -6 -5 -7 -4 -2 -9 -5 -11 -7 -7 -5 -10 1 -13 -5 2 4 0 0 0 0 0 0 0 0 ]
CSI_DATA,AP,68:FE:71:12:53:8C,-43,11,1,4,1,1,1,0,0,0,0,-95,0,6,1,58014921,0,84,0,0,58.015,384,[84 -64 4 0 0 0 0 0 0 0 0 0 5 -18 8 -22 5 -19 10 -21 9 -24 6 -17 11 -21 10 -18 6 -14 11 -14 6 -20 10 -21 11 -15 6 -19 11 -19 15 -21 11 -15 11 -15 13 -13 11 -16 12 -18 6 -18 7 -17 9 -19 13 -17 6 -15 -3 -1 9 -15 6 -16 6 -20 5 -17 9 -10 6 -13 4 -11 10 -18 2 -12 4 -15 5 -19 9 -17 4 -12 8 -12 6 -11 3 -15 8 -16 5 -15 0 -14 6 -12 3 -17 1 -17 -2 -13 3 -21 -1 -14 6 -20 3 0 0 0 0 0 0 0 0 0 ]
CSI_DATA,AP,68:FE:71:12:53:8C,-43,11,1,6,1,1,1,0,0,0,0,-94,0,6,1,58110208,0,84,0,0,58.11,384,[82 -96 4 0 0 0 0 0 0 0 0 0 15 0 18 5 15 9 19 7 15 10 20 2 17 4 16 4 18 9 18 5 17 11 19 5 15 7 15 4 17 5 18 11 15 6 19 6 12 4 14 7 12 12 12 9 17 9 10 6 10 9 13 8 -2 0 12 2 10 8 17 6 12 3 14 9 14 7 17 7 14 1 18 8 17 0 13 3 15 2 14 6 11 7 15 2 18 4 17 3 15 3 15 -2 16 3 13 -3 16 2 17 4 12 2 17 -2 13 -4 2 -3 0 0 0 0 0 0 0 0 ]
CSI_DATA,AP,68:FE:71:12:53:8C,-41,11,1,4,1,1,1,0,0,0,0,-93,0,6,1,58194515,0,84,0,0,58.195,384,[84 -64 4 0 0 0 0 0 0 0 0 0 11 21 8 17 3 13 3 22 1 13 4 17 1 14 5 21 0 18 3 17 -1 16 7 22 -1 15 1 19 6 19 -3 16 2 19 -2 13 4 21 -2 15 2 20 2 18 5 14 3 17 4 17 3 15 -1 0 1 14 4 16 7 13 3 16 7 15 2 16 -1 19 3 15 6 17 0 13 5 15 9 16 3 13 7 13 1 15 3 11 3 14 9 10 2 17 10 12 9 12 5 14 9 16 7 16 4 11 5 14 -4 3 0 0 0 0 0 0 0 0 ]
CSI_DATA,AP,68:FE:71:12:53:8C,-46,11,1,5,1,1,1,0,0,0,0,-95,0,6,1,58302653,0,84,0,0,58.303,384,[84 -64 4 0 0 0 0 0 0 0 0 0 15 9 19 8 14 9 18 5 20 6 14 9 20 6 19 9 13 8 12 8 17 11 13 11 15 9 10 8 14 13 11 12 11 8 11 12 17 9 11 6 16 12 12 10 9 5 8 8 13 11 7 7 0 -4 7 9 14 7 11 3 12 9 12 6 10 7 13 3 10 2 8 5 12 3 9 7 15 2 13 5 9 6 13 1 16 6 14 3 14 2 18 2 16 8 17 2 13 -1 10 7 12 4 13 -1 14 5 1 -3 0 0 0 0 0 0 0 0 ]
CSI_DATA,AP,68:FE:71:12:53:8C,-46,11,1,3,1,1,1,0,0,0,0,-95,0,6,1,58423757,0,84,0,0,58.424,384,[84 -64 4 0 0 0 0 0 0 0 0 0 0 -23 -1 -19 4 -21 2 -22 7 -20 7 -17 3 -21 3 -22 6 -20 1 -20 9 -16 8 -22 3 -19 6 -15 7 -15 6 -20 8 -20 10 -14 6 -21 10 -13 7 -19 3 -16 1 -14 1 -12 3 -14 6 -15 -1 -3 4 -11 7 -17 2 -12 7 -13 4 -14 0 -14 -1 -19 -2 -14 0 -15 -2 -17 3 -14 4 -12 0 -19 2 -16 -3 -16 -4 -16 1 -19 -1 -17 -1 -16 1 -18 -4 -13 -2 -15 -1 -20 -1 -14 -4 -15 2 -16 -1 -1 0 0 0 0 0 0 0 0 ]
CSI_DATA,AP,68:FE:71:12:53:8C,-48,11,1,4,1,1,1,0,0,0,0,-95,0,6,1,58511539,0,84,0,0,58.512,384,[84 -64 4 0 0 0 0 0 0 0 0 0 6 -17 5 -20 4 -16 8 -20 6 -16 7 -17 6 -13 13 -16 8 -19 10 -19 8 -16 6 -16 14 -12 7 -14 9 -11 9 -17 9 -18 11 -17 12 -16 10 -12 13 -15 10 -9 11 -14 11 -14 11 -9 7 -15 4 -3 8 -9 6 -17 13 -11 12 -17 5 -14 10 -10 6 -15 6 -14 4 -10 3 -17 6 -18 4 -11 2 -10 4 -14 6 -10 1 -18 4 -17 6 -13 4 -19 2 -12 2 -16 3 -16 6 -12 4 -11 6 -13 5 -11 4 2 0 0 0 0 0 0 0 0 ]
CSI_DATA,AP,68:FE:71:12:53:8C,-44,11,1,5,1,1,1,0,0,0,0,-95,0,6,1,58613597,0,84,0,0,58.614,384,[84 -64 4 0 0 0 0 0 0 0 0 0 -14 -4 -15 -3 -16 -9 -15 -9 -16 -11 -14 -5 -15 -8 -18 -10 -15 -9 -14 -8 -16 -9 -14 -8 -17 -12 -19 -5 -18 -10 -15 -10 -14 -13 -16 -7 -15 -9 -15 -11 -13 -11 -11 -5 -11 -6 -17 -4 -14 -4 -14 -9 -1 -1 -13 -6 -14 -11 -16 -11 -16 -9 -17 -6 -16 -6 -14 -8 -16 -10 -15 -2 -15 -5 -11 -7 -15 -5 -13 -4 -13 -5 -17 -5 -14 -5 -19 1 -19 -1 -17 -4 -16 0 -17 -3 -11 -1 -11 -5 -14 -1 -18 -1 -17 -5 -4 -2 0 0 0 0 0 0 0 0 ]
CSI_DATA,AP,68:FE:71:12:53:8C,-39,11,1,6,1,1,1,0,0,0,0,-94,0,6,1,58704656,0,84,0,0,58.705,384,[84 -64 4 0 0 0 0 0 0 0 0 0 -8 -10 -8 -10 -15 -14 -14 -17 -13 -20 -11 -17 -11 -11 -11 -12 -12 -16 -8 -12 -7 -18 -6 -16 -5 -16 -6 -16 -11 -14 -11 -16 -9 -12 -3 -14 -3 -14 -7 -11 -3 -15 -4 -18 -11 -14 -8 -15 -6 -13 -11 -15 -3 -1 -8 -12 -8 -16 -9 -16 -10 -14 -12 -10 -6 -16 -12 -15 -12 -15 -12 -13 -5 -14 -11 -8 -7 -15 -11 -7 -10 -12 -10 -12 -13 -8 -12 -7 -13 -10 -9 -7 -6 -11 -11 -12 -9 -13 -15 -14 -10 -11 -10 -11 -8 -11 -1 -1 0 0 0 0 0 0 0 0 ]
CSI_DATA,AP,68:FE:71:12:53:8C,-44,11,1,5,1,1,1,1,0,0,0,-93,6,6,1,58800310,0,84,0,0,58.8,384,[84 -64 4 0 0 0 0 0 0 0 0 0 -26 21 -27 15 -27 15 -24 23 -29 13 -23 14 -26 17 -29 15 -23 15 -24 16 -25 16 -26 12 -30 14 -23 12 -26 7 -26 13 -29 8 -25 8 -23 13 -25 7 -27 6 -26 11 -18 7 -24 8 -27 11 -23 14 0 0 -22 16 -26 15 -19 14 -17 14 -18 12 -24 13 -18 13 -18 9 -23 15 -22 13 -19 17 -18 17 -19 12 -19 14 -23 14 -21 19 -21 17 -16 15 -21 13 -18 15 -13 17 -16 16 -14 13 -15 22 -16 15 -19 15 2 4 0 0 0 0 0 0 0 0 ]
CSI_DATA,AP,68:FE:71:12:53:8C,-48,11,1,4,1,1,1,1,0,0,0,-94,5,6,1,58933614,0,84,0,0,58.934,384,[84 -64 4 0 0 0 0 0 0 0 0 0 16 0 12 3 16 4 13 9 11 8 16 11 14 5 17 8 14 11 12 4 16 11 11 13 17 12 14 9 15 8 12 7 7 9 10 10 14 5 12 5 7 12 11 6 6 8 9 11 9 8 9 5 4 1 12 10 14 5 7 12 6 6 9 9 13 4 13 12 9 2 6 7 15 9 7 6 9 9 8 1 10 1 11 3 16 2 11 7 15 1 14 8 13 3 12 2 11 1 15 2 17 2 12 0 11 7 2 -2 0 0 0 0 0 0 0 0 ]
CSI_DATA,AP,68:FE:71:12:53:8C,-47,11,1,5,1,1,1,0,0,0,0,-95,0,6,1,59046707,0,84,0,0,59.047,384,[84 -64 4 0 0 0 0 0 0 0 0 0 -19 2 -14 -4 -23 -1 -21 -9 -15 -7 -19 -10 -15 -9 -15 -3 -14 -6 -18 -6 -21 -4 -13 -5 -16 -12 -12 -6 -16 -8 -18 -11 -17 -7 -11 -8 -11 -5 -13 -5 -14 -7 -16 -4 -14 -9 -11 -4 -15 -8 -13 -7 3 3 -17 -5 -13 -4 -19 -4 -13 -2 -13 -3 -13 -8 -12 -3 -12 -6 -15 -5 -14 -5 -11 -3 -11 -6 -13 -6 -11 -1 -16 -1 -14 0 -12 -3 -14 -6 -18 0 -11 1 -11 -4 -12 1 -14 -2 -19 1 -12 -2 -14 -1 -3 0 0 0 0 0 0 0 0 0 ]
CSI_DATA,AP,68:FE:71:12:53:8C,-43,11,1,5,1,1,1,0,0,0,0,-95,0,6,1,59147644,0,84,0,0,59.148,384,[84 -64 4 0 0 0 0 0 0 0 0 0 -5 20 -13 16 -12 15 -13 18 -13 16 -14 19 -9 15 -11 14 -14 17 -16 10 -15 16 -10 9 -13 11 -15 12 -12 10 -9 9 -10 10 -9 15 -9 14 -16 12 -10 9 -9 11 -15 14 -14 12 -11 10 -10 10 3 2 -13 12 -9 11 -14 9 -12 9 -11 13 -9 11 -9 9 -6 13 -7 11 -6 12 -11 8 -10 13 -8 12 -4 9 -10 14 -3 8 -10 9 -11 14 -8 16 -4 13 -7 9 -8 14 -3 10 -7 13 -4 11 -8 11 -1 4 0 0 0 0 0 0 0 0 ]
CSI_DATA,AP,68:FE:71:12:53:8C,-49,11,1,3,1,1,1,0,0,0,0,-94,0,6,1,59252591,0,84,0,0,59.253,384,[84 -64 4 0 0 0 0 0 0 0 0 0 6 -19 3 -22 3 -19 1 -15 3 -22 9 -18 7 -16 10 -14 9 -19 4 -19 6 -17 8 -15 4 -15 8 -20 11 -14 7 -17 10 -15 10 -14 11 -16 6 -15 4 -14 9 -18 6 -10 4 -15 4 -11 3 -15 0 3 11 -11 11 -10 3 -12 6 -17 3 -14 3 -14 10 -11 8 -12 0 -15 7 -10 3 -18 2 -17 7 -11 5 -17 5 -14 4 -18 4 -11 -1 -17 4 -12 4 -12 6 -17 3 -19 2 -11 4 -14 1 -17 -1 -12 2 4 0 0 0 0 0 0 0 0 ]
CSI_DATA,AP,68:FE:71:12:53:8C,-49,11,1,1,1,1,1,0,0,0,0,-93,0,6,1,59345345,0,84,0,0,59.345,384,[84 -64 4 0 0 0 0 0 0 0 0 0 -22 10 -17 9 -16 6 -21 5 -19 5 -24 1 -24 7 -24 2 -18 6 -16 -1 -22 -2 -19 2 -17 6 -20 0 -17 -3 -24 3 -22 -2 -17 0 -14 -1 -16 2 -18 3 -16 3 -17 -3 -19 3 -16 4 -20 3 4 -3 -17 4 -18 -2 -17 0 -18 1 -19 7 -17 -2 -18 2 -17 0 -19 6 -19 7 -12 3 -15 6 -19 2 -15 6 -17 6 -17 3 -13 7 -14 8 -19 2 -11 5 -18 4 -18 9 -17 6 -12 11 -15 6 -16 4 -2 3 0 0 0 0 0 0 0 0 ]
CSI_DATA,AP,68:FE:71:12:53:8C,-46,11,1,5,1,1,1,0,0,0,0,-94,0,6,1,59448478,0,84,0,0,59.448,384,[84 -64 4 0 0 0 0 0 0 0 0 0 -39 1 -35 -1 -44 -4 -42 0 -41 -9 -36 -10 -35 -7 -39 -5 -35 -7 -34 -5 -37 -9 -40 -15 -33 -12 -31 -9 -38 -14 -39 -14 -36 -15 -35 -11 -30 -11 -37 -15 -35 -14 -28 -13 -26 -14 -36 -9 -36 -10 -36 -15 0 0 -31 -9 -32 -10 -34 -6 -32 -4 -32 -9 -29 -9 -36 -9 -27 -10 -28 -4 -33 -8 -32 -6 -34 -3 -33 -7 -30 -5 -29 -6 -28 -4 -37 -6 -29 4 -30 0 -28 5 -36 -5 -28 -3 -29 3 -31 2 -34 0 -28 5 2 1 0 0 0 0 0 0 0 0 ]
CSI_DATA,AP,68:FE:71:12:53:8C,-45,11,1,5,1,1,1,0,0,0,0,-94,0,6,1,59542069,0,84,0,0,59.542,384,[84 -64 4 0 0 0 0 0 0 0 0 0 -22 13 -21 11 -23 6 -19 8 -22 8 -21 4 -21 7 -20 5 -24 6 -15 6 -22 7 -16 2 -22 6 -18 1 -22 -1 -19 3 -21 2 -19 4 -13 3 -17 4 -16 3 -18 3 -17 4 -17 0 -13 2 -20 6 -3 3 -17 0 -15 5 -12 6 -14 1 -18 3 -12 4 -13 3 -14 3 -10 8 -10 8 -14 4 -10 4 -19 4 -16 10 -11 4 -13 4 -14 7 -11 8 -15 10 -14 9 -13 4 -12 10 -14 10 -18 8 -13 12 -11 9 -3 2 0 0 0 0 0 0 0 0 ]
CSI_DATA,AP,68:FE:71:12:53:8C,-44,11,1,3,1,1,1,0,0,0,0,-94,0,6,1,59631230,0,84,0,0,59.631,384,[84 -64 4 0 0 0 0 0 0 0 0 0 28 -23 24 -23 30 -30 31 -26 35 -24 31 -24 35 -22 33 -22 34 -23 35 -22 34 -17 33 -18 34 -14 36 -15 28 -11 37 -18 35 -13 36 -18 29 -15 28 -19 28 -19 28 -11 29 -13 36 -12 33 -14 29 -12 -3 -1 32 -13 25 -15 32 -13 24 -13 32 -14 25 -18 30 -21 29 -17 26 -17 23 -14 28 -15 30 -15 22 -19 19 -16 21 -18 18 -22 28 -20 19 -24 25 -21 17 -22 25 -19 23 -19 23 -22 18 -24 20 -26 17 -27 -2 -1 0 0 0 0 0 0 0 0 ]
CSI_DATA,AP,68:FE:71:12:53:8C,-50,11,1,2,1,1,1,0,0,0,0,-95,0,6,1,59711930,0,84,0,0,59.712,384,[84 -64 4 0 0 0 0 0 0 0 0 0 -11 -10 -12 -5 -19 -9 -18 -6 -12 -9 -17 -12 -14 -14 -9 -12 -11 -8 -16 -12 -11 -15 -10 -10 -14 -13 -10 -12 -14 -15 -10 -14 -14 -10 -9 -15 -7 -14 -6 -13 -11 -15 -12 -10 -7 -10 -11 -9 -8 -10 -14 -13 -1 3 -14 -6 -11 -11 -10 -14 -13 -7 -7 -7 -11 -11 -9 -7 -15 -7 -11 -10 -10 -9 -16 -8 -14 -8 -16 -11 -16 -9 -10 -10 -14 -7 -17 -8 -16 -4 -8 -3 -12 -4 -16 -9 -16 -4 -13 -9 -11 -4 -11 -6 -11 -3 4 -2 0 0 0 0 0 0 0 0 ]
CSI_DATA,AP,68:FE:71:12:53:8C,-45,11,1,3,1,1,1,0,0,0,0,-94,0,6,1,59812579,0,82,0,0,59.813,384,[84 -64 4 0 0 0 0 0 0 0 0 0 -14 14 -20 12 -16 14 -16 11 -20 9 -16 14 -19 14 -19 8 -15 9 -21 12 -19 6 -21 4 -20 4 -16 7 -21 8 -18 4 -17 9 -20 6 -21 10 -16 3 -18 6 -20 2 -11 8 -16 7 -16 3 -13 7 4 2 -11 5 -12 9 -12 5 -13 6 -16 3 -12 4 -12 9 -16 8 -9 11 -9 5 -10 10 -14 5 -12 5 -10 7 -14 12 -8 6 -9 6 -14 6 -9 12 -12 10 -9 14 -11 8 -16 11 -11 11 -14 9 -11 13 -4 4 0 0 0 0 0 0 0 0 ]
CSI_DATA,AP,68:FE:71:12:53:8C,-44,11,1,4,1,1,1,0,0,0,0,-93,0,6,1,59870485,0,82,0,0,59.87,384,[84 -64 4 0 0 0 0 0 0 0 0 0 -20 -7 -18 -11 -18 -15 -13 -12 -15 -12 -11 -10 -16 -15 -15 -13 -11 -15 -14 -17 -14 -16 -11 -17 -14 -13 -16 -16 -8 -19 -14 -15 -8 -19 -10 -10 -12 -19 -9 -16 -11 -15 -15 -16 -13 -12 -14 -10 -7 -11 -8 -13 -4 -3 -12 -13 -8 -12 -14 -11 -11 -12 -10 -9 -16 -14 -10 -14 -16 -7 -11 -11 -15 -10 -17 -13 -11 -11 -13 -12 -16 -11 -15 -12 -18 -7 -10 -11 -16 -5 -10 -12 -17 -8 -12 -7 -19 -9 -16 -3 -20 -7 -14 -5 -12 -5 3 -4 0 0 0 0 0 0 0 0 ]
CSI_DATA,AP,68:FE:71:12:53:8C,-46,11,1,5,1,1,1,0,0,0,0,-93,0,6,1,59968371,0,84,0,0,59.968,384,[84 -64 4 0 0 0 0 0 0 0 0 0 -1 23 -6 25 -2 23 -1 23 -7 20 -6 21 -9 18 -4 20 -4 24 -8 17 -8 23 -7 20 -4 20 -7 20 -11 18 -5 19 -5 19 -7 18 -6 18 -11 15 -11 19 -8 20 -8 14 -3 16 -3 21 -3 16 -2 -4 -10 18 -8 15 -8 18 -5 19 -7 16 0 14 -7 20 -3 21 -5 12 -1 18 0 15 -3 14 -3 15 -5 20 -3 18 -1 19 -5 17 0 18 1 15 -1 18 -4 22 -3 13 -1 18 4 22 -4 22 -1 18 -3 -4 0 0 0 0 0 0 0 0 ]
CSI_DATA,AP,68:FE:71:12:53:8C,-47,11,1,3,1,1,1,0,0,0,0,-94,0,6,1,60064878,0,84,0,0,60.065,384,[84 -64 4 0 0 0 0 0 0 0 0 0 -40 5 -35 5 -41 -2 -36 0 -37 0 -37 0 -35 -6 -37 -8 -35 -7 -34 -8 -33 -10 -39 -6 -35 -10 -37 -9 -32 -13 -36 -6 -34 -6 -33 -5 -34 -5 -34 -9 -34 -10 -35 -4 -33 -7 -35 -11 -38 -10 -30 -6 0 0 -32 -4 -34 -4 -34 -3 -31 0 -36 -6 -30 -8 -33 -6 -26 -1 -27 -4 -30 4 -35 2 -27 -4 -34 1 -35 2 -27 -1 -32 -2 -33 -2 -29 3 -26 6 -28 7 -29 7 -28 9 -31 3 -29 4 -30 3 -29 6 1 0 0 0 0 0 0 0 0 0 ]
CSI_DATA,AP,68:FE:71:12:53:8C,-45,11,1,3,1,1,1,0,0,0,0,-95,0,6,1,60165504,0,84,0,0,60.166,384,[84 -64 4 0 0 0 0 0 0 0 0 0 6 -19 6 -20 0 -23 2 -20 6 -21 2 -20 2 -24 3 -22 3 -23 9 -17 12 -19 5 -23 7 -19 7 -15 5 -21 10 -20 8 -13 5 -20 7 -14 12 -20 12 -20 4 -13 8 -11 10 -20 10 -16 12 -17 4 0 3 -13 3 -13 10 -17 5 -14 4 -17 6 -14 6 -14 3 -15 2 -15 3 -15 1 -16 2 -13 2 -17 5 -18 8 -15 6 -15 2 -15 1 -16 0 -14 0 -16 5 -15 4 -20 5 -13 -1 -22 3 -21 4 -15 2 0 0 0 0 0 0 0 0 0 ]
CSI_DATA,AP,68:FE:71:12:53:8C,-46,11,1,5,1,1,1,0,0,0,0,-96,0,6,1,60256164,0,84,0,0,60.256,384,[84 -64 4 0 0 0 0 0 0 0 0 0 -11 -17 -11 -13 -15 -19 -13 -17 -11 -20 -13 -22 -14 -17 -10 -18 -11 -19 -12 -20 -5 -22 -6 -20 -11 -20 -10 -21 -6 -17 -5 -23 -7 -22 -6 -15 -5 -16 -8 -21 -7 -17 -10 -13 -5 -16 -8 -15 -4 -20 -6 -18 3 3 -4 -18 -11 -17 -12 -15 -6 -17 -9 -13 -13 -18 -10 -12 -9 -18 -7 -10 -13 -12 -8 -18 -13 -18 -15 -13 -10 -15 -15 -16 -8 -14 -14 -18 -8 -16 -16 -16 -11 -7 -15 -14 -14 -16 -14 -10 -17 -12 -8 -9 -9 -11 -2 4 0 0 0 0 0 0 0 0 ]
CSI_DATA,AP,68:FE:71:12:53:8C,-43,11,1,4,1,1,1,0,0,0,0,-96,0,6,1,60345732,0,84,0,0,60.346,384,[84 -64 4 0 0 0 0 0 0 0 0 0 -14 17 -7 20 -10 18 -12 16 -17 15 -11 14 -14 15 -13 12 -16 17 -15 9 -12 12 -11 18 -16 17 -11 9 -10 14 -17 18 -14 9 -11 8 -15 14 -15 10 -12 9 -13 11 -16 14 -13 11 -17 15 -16 16 -1 4 -12 8 -10 11 -12 16 -12 8 -13 15 -11 14 -12 11 -13 11 -10 10 -6 15 -11 16 -5 17 -13 9 -10 10 -6 14 -13 15 -11 12 -9 17 -8 18 -10 18 -10 18 -5 17 -8 14 -6 15 -5 12 -5 13 -2 3 0 0 0 0 0 0 0 0 ]
CSI_DATA,AP,68:FE:71:12:53:8C,-43,11,1,4,1,1,1,0,0,0,0,-96,0,6,1,60439362,0,84,0,0,60.439,384,[84 -64 4 0 0 0 0 0 0 0 0 0 -22 6 -18 8 -24 13 -18 7 -20 6 -19 9 -25 1 -18 4 -20 8 -17 3 -18 2 -23 8 -25 6 -25 6 -20 0 -25 0 -24 -1 -23 3 -21 1 -24 5 -20 0 -18 -2 -15 0 -22 6 -21 -1 -17 -1 4 2 -14 3 -18 4 -21 7 -19 8 -21 0 -19 1 -17 5 -13 0 -16 9 -18 1 -18 5 -11 6 -20 4 -17 7 -14 4 -20 10 -20 4 -15 5 -12 11 -14 5 -17 7 -18 10 -15 11 -11 8 -12 6 -19 12 0 -2 0 0 0 0 0 0 0 0 ]
CSI_DATA,AP,68:FE:71:12:53:8C,-43,11,1,5,1,1,1,0,0,0,0,-96,0,6,1,60561747,0,84,0,0,60.562,384,[84 -64 4 0 0 0 0 0 0 0 0 0 24 -9 17 -6 18 0 20 -5 20 -2 17 1 25 -1 21 5 19 -1 24 -2 20 -3 18 3 19 4 18 0 18 1 18 0 22 2 13 3 19 4 22 -1 16 5 21 -1 15 -1 20 5 15 4 19 -2 -2 3 18 0 16 -1 17 2 17 1 19 3 20 -2 15 -1 14 3 12 0 12 1 17 2 19 -6 18 -3 15 1 15 1 14 -2 19 -5 16 -8 16 -2 13 -7 16 -3 16 0 20 -8 19 -3 13 -1 14 -5 1 4 0 0 0 0 0 0 0 0 ]
CSI_DATA,AP,68:FE:71:12:53:8C,-43,11,1,4,1,1,1,1,0,0,0,-94,5,6,1,60674068,0,84,0,0,60.674,384,[84 -64 4 0 0 0 0 0 0 0 0 0 6 22 3 21 2 18 0 28 1 21 -2 20 -4 24 1 23 -4 21 -2 20 -4 25 -1 19 0 24 -4 17 -2 21 -5 20 -5 20 -2 21 -9 22 0 19 -6 21 -9 13 -4 20 -8 22 -4 20 -6 22 1 1 -8 13 -1 14 -7 19 1 16 -3 16 1 16 -1 17 -6 19 -3 20 -2 18 -1 15 0 19 3 15 4 17 3 16 5 16 1 17 0 20 2 15 5 14 3 20 -1 16 7 20 1 20 -1 17 6 16 4 4 0 0 0 0 0 0 0 0 ]
CSI_DATA,AP,68:FE:71:12:53:8C,-45,11,1,3,1,1,1,0,0,0,0,-95,0,6,1,60736583,0,84,0,0,60.737,384,[84 -64 4 0 0 0 0 0 0 0 0 0 -20 -3 -24 -8 -26 -6 -23 -8 -22 -12 -22 -13 -20 -13 -20 -15 -23 -14 -16 -14 -23 -14 -16 -10 -17 -14 -16 -16 -20 -12 -18 -16 -16 -11 -13 -8 -18 -10 -15 -9 -13 -10 -14 -13 -15 -8 -14 -15 -16 -15 -15 -9 -1 1 -17 -10 -13 -13 -13 -11 -20 -5 -18 -12 -13 -11 -19 -6 -14 -11 -12 -10 -15 -5 -17 -7 -16 -7 -17 -1 -12 -3 -14 -3 -16 -7 -14 -9 -20 0 -21 -7 -14 -4 -13 -5 -14 -5 -18 -7 -15 -7 -16 -7 -19 2 -3 3 0 0 0 0 0 0 0 0 ]
CSI_DATA,AP,68:FE:71:12:53:8C,-45,11,1,4,1,1,1,0,0,0,0,-94,0,6,1,60850605,0,84,0,0,60.851,384,[84 -64 4 0 0 0 0 0 0 0 0 0 -7 -19 -3 -19 -6 -25 -2 -25 0 -22 -5 -21 0 -20 4 -17 -1 -22 -1 -18 0 -19 4 -26 5 -22 2 -23 -2 -22 5 -25 6 -22 0 -22 3 -17 1 -16 4 -22 4 -16 1 -20 6 -23 0 -15 2 -18 -1 -3 -2 -18 3 -23 3 -20 3 -21 -2 -22 1 -18 1 -18 4 -18 2 -14 -6 -13 -2 -22 -6 -19 1 -20 -3 -20 -1 -18 -3 -16 -1 -18 -7 -22 -4 -19 -8 -17 -2 -19 0 -22 -4 -19 -2 -16 -2 -17 -8 -14 4 2 0 0 0 0 0 0 0 0 ]
CSI_DATA,AP,68:FE:71:12:53:8C,-41,11,1,6,1,1,1,0,0,0,0,-94,0,6,1,60943497,0,84,0,0,60.943,384,[84 -64 4 0 0 0 0 0 0 0 0 0 -15 22 -14 20 -12 21 -13 16 -17 14 -16 18 -16 13 -14 13 -13 12 -19 17 -17 18 -17 16 -16 13 -19 17 -16 13 -21 16 -12 17 -18 16 -12 14 -14 15 -13 16 -18 9 -11 10 -12 15 -13 15 -10 15 -1 4 -9 13 -11 16 -15 11 -12 17 -15 8 -16 9 -13 15 -13 16 -13 12 -11 15 -6 18 -9 17 -7 19 -8 15 -7 16 -6 20 -6 15 -4 12 -6 13 -11 15 -9 16 -5 14 -3 18 -10 17 -9 17 -10 14 -3 -3 0 0 0 0 0 0 0 0 ]
CSI_DATA,AP,68:FE:71:12:53:8C,-48,11,0,0,0,0,0,0,0,0,0,-94,0,6,1,61069285,0,37,0,0,61.069,128,[84 -64 4 0 0 0 0 0 0 0 0 0 -19 2 -24 -3 -19 -4 -22 -7 -20 -4 -17 -10 -21 -7 -20 -11 -15 -10 -14 -4 -20 -6 -24 -9 -17 -9 -18 -12 -14 -7 -20 -9 -14 -9 -17 -10 -13 -4 -20 -5 -21 -9 -20 -8 -16 -3 -16 -4 -20 -6 -20 -5 4 -3 -19 -5 -14 -6 -17 -3 -21 -9 -13 -1 -13 -6 -21 -8 -19 -3 -18 0 -15 -6 -20 -1 -15 -3 -21 -4 -14 0 -16 -5 -21 -3 -16 -5 -13 4 -18 1 -20 4 -15 2 -16 4 -21 -1 -16 4 -15 0 -20 1 -2 -2 0 0 0 0 0 0 0 0 ]
CSI_DATA,AP,68:FE:71:12:53:8C,-45,11,1,3,1,1,1,0,0,0,0,-96,0,6,1,61175973,0,84,0,0,61.176,384,[84 -64 4 0 0 0 0 0 0 0 0 0 2 24 -2 16 -3 19 2 17 -2 22 -1 15 0 24 0 16 -5 16 -7 20 -5 23 -7 16 -5 20 -5 18 -4 13 -11 16 -6 13 -10 20 -8 16 -10 14 -9 12 -6 18 -10 11 -6 16 -11 14 -6 13 -2 -4 -6 19 -1 19 -5 12 0 12 0 18 -2 12 -6 15 -3 17 -7 14 0 18 -1 19 1 11 -6 16 -1 19 -5 17 -2 17 -2 15 1 16 -4 18 5 17 2 20 -3 15 0 14 1 16 -3 19 0 11 0 -3 0 0 0 0 0 0 0 0 ]
CSI_DATA,AP,68:FE:71:12:53:8C,-47,11,1,5,1,1,1,0,0,0,0,-95,0,6,1,61277979,0,84,0,0,61.278,384,[84 -64 4 0 0 0 0 0 0 0 0 0 9 -23 5 -16 5 -18 9 -24 5 -20 11 -14 9 -20 13 -20 7 -14 9 -17 8 -15 12 -20 12 -22 10 -16 6 -19 12 -19 6 -16 7 -12 11 -14 13 -14 7 -12 14 -15 7 -16 13 -17 11 -18 6 -17 1 0 9 -19 4 -17 4 -15 7 -18 8 -11 9 -16 11 -12 2 -12 3 -19 5 -13 3 -15 8 -19 3 -19 1 -16 3 -19 6 -14 4 -21 4 -18 2 -16 5 -18 2 -20 6 -16 -2 -16 2 -14 3 -20 3 -15 2 2 0 0 0 0 0 0 0 0 ]
CSI_DATA,AP,68:FE:71:12:53:8C,-45,11,1,5,1,1,1,0,0,0,0,-95,0,6,1,61357461,0,84,0,0,61.357,384,[84 -64 4 0 0 0 0 0 0 0 0 0 -25 -6 -22 -4 -26 -3 -25 -10 -25 -10 -21 -6 -19 -10 -15 -12 -23 -14 -14 -14 -22 -12 -21 -14 -19 -16 -21 -12 -20 -11 -18 -16 -13 -15 -15 -12 -13 -15 -15 -8 -13 -9 -14 -11 -11 -10 -17 -11 -18 -15 -17 -8 1 -3 -11 -11 -17 -14 -14 -13 -12 -9 -11 -9 -11 -12 -17 -10 -13 -7 -12 -11 -20 -6 -14 -8 -15 -5 -15 -8 -16 -3 -16 -6 -20 -2 -14 -4 -16 -8 -15 -4 -20 -7 -19 -9 -14 -8 -15 -4 -21 -8 -20 -8 -16 -4 -2 2 0 0 0 0 0 0 0 0 ]
CSI_DATA,AP,68:FE:71:12:53:8C,-43,11,1,4,1,1,1,0,0,0,0,-96,0,6,1,61462332,0,84,0,0,61.462,384,[84 -64 4 0 0 0 0 0 0 0 0 0 -20 -5 -18 -1 -25 -2 -22 -3 -17 -6 -23 -9 -21 -11 -16 -5 -17 -5 -22 -7 -20 -10 -18 -11 -22 -12 -14 -5 -18 -11 -17 -11 -13 -7 -12 -11 -18 -9 -19 -11 -18 -10 -17 -14 -17 -12 -17 -12 -15 -12 -19 -13 -2 -4 -12 -8 -14 -6 -16 -4 -18 -10 -18 -10 -21 -2 -16 -10 -12 -8 -12 -10 -13 -2 -15 -3 -14 -4 -15 1 -15 -4 -20 -2 -16 -3 -15 -7 -18 -1 -22 -5 -21 0 -17 -3 -14 -6 -18 -4 -18 2 -16 -5 -16 -2 -4 -1 0 0 0 0 0 0 0 0 ]
CSI_DATA,AP,68:FE:71:12:53:8C,-45,11,1,3,1,1,1,0,0,0,0,-96,0,6,1,61549932,0,84,0,0,61.55,384,[84 -64 4 0 0 0 0 0 0 0 0 0 19 -17 15 -16 15 -10 18 -10 16 -7 17 -6 15 -8 22 -11 19 -9 15 -7 16 -11 21 -12 23 -11 21 -8 18 -2 23 -11 14 -4 20 -5 18 -10 21 -5 18 -4 14 -10 12 -5 13 -6 18 -8 12 -7 -3 3 19 -7 14 -3 20 -8 15 -9 18 -9 15 -12 15 -6 12 -8 14 -6 16 -10 11 -7 15 -7 11 -11 14 -6 12 -12 9 -9 17 -15 12 -13 10 -9 10 -9 17 -7 9 -9 14 -14 13 -10 9 -14 12 -12 3 -4 0 0 0 0 0 0 0 0 ]
CSI_DATA,AP,68:FE:71:12:53:8C,-45,11,1,4,1,1,1,1,0,0,0,-94,2,6,1,61664374,0,84,0,0,61.664,384,[84 -64 4 0 0 0 0 0 0 0 0 0 -25 1 -19 -3 -26 2 -20 -3 -21 -1 -24 0 -23 -6 -24 -3 -17 -4 -17 -8 -21 -9 -25 -4 -16 -6 -19 -5 -19 -10 -24 -2 -21 -4 -17 -4 -17 -10 -18 -2 -18 -6 -20 -6 -18 -6 -19 -2 -16 -5 -16 -3 -4 -1 -18 -4 -14 -5 -21 -6 -21 -7 -14 -3 -16 -7 -14 0 -20 -5 -19 1 -15 1 -18 -3 -13 -5 -16 -1 -16 -3 -15 0 -19 0 -21 -2 -15 -3 -13 3 -15 1 -16 2 -19 3 -21 1 -15 0 -13 1 -14 -2 3 -2 0 0 0 0 0 0 0 0 ]
CSI_DATA,AP,68:FE:71:12:53:8C,-42,11,1,5,1,1,1,0,0,0,0,-95,0,6,1,61751717,0,84,0,0,61.752,384,[84 -64 4 0 0 0 0 0 0 0 0 0 -3 18 -4 20 -10 20 -6 20 -7 17 -14 13 -8 15 -14 15 -14 18 -13 21 -14 15 -10 19 -14 18 -9 17 -9 17 -11 20 -7 15 -12 14 -11 17 -10 14 -11 18 -11 15 -12 13 -6 18 -11 18 -9 13 -1 0 -12 17 -8 10 -9 16 -10 16 -9 15 -10 14 -9 16 -6 16 -9 11 -11 17 -7 12 -7 12 -7 19 -5 16 -5 18 -8 20 -9 20 -3 17 -5 12 -7 15 -8 13 -3 17 0 15 -3 14 -6 19 1 16 -4 -4 0 0 0 0 0 0 0 0 ]
CSI_DATA,AP,68:FE:71:12:53:8C,-44,11,0,0,0,0,0,0,0,0,0,-93,0,6,1,61853920,0,37,0,0,61.854,128,[84 -64 4 0 0 0 0 0 0 0 0 0 0 18 -3 18 -4 23 -1 22 -5 22 -9 19 -2 18 -6 20 -10 18 -5 21 -11 17 -5 17 -9 21 -8 19 -11 15 -8 17 -6 18 -6 15 -11 12 -7 18 -7 12 -11 14 -5 18 -11 12 -8 15 -4 17 3 -4 -7 17 -2 19 -7 13 -5 12 -1 15 -5 19 -3 11 -3 15 -3 16 -1 13 -7 13 -2 15 -5 12 -6 20 -2 16 0 16 0 19 -3 19 -5 12 3 18 -3 20 2 12 -4 15 2 15 4 16 4 13 3 -3 0 0 0 0 0 0 0 0 ]
CSI_DATA,AP,68:FE:71:12:53:8C,-43,11,1,4,1,1,1,0,0,0,0,-93,0,6,1,61937333,0,84,0,0,61.937,384,[84 -64 4 0 0 0 0 0 0 0 0 0 -5 -16 -2 -21 -6 -20 -2 -20 -8 -23 0 -23 -3 -18 -5 -24 1 -26 -3 -21 -4 -26 1 -25 2 -21 -1 -24 0 -18 -4 -22 -3 -19 -2 -18 0 -19 4 -19 -3 -14 0 -20 -2 -16 -2 -18 -1 -21 2 -21 3 2 1 -22 2 -18 -3 -19 0 -14 -6 -18 -5 -21 -2 -14 -5 -16 -5 -19 -3 -18 0 -19 -2 -16 -6 -14 -5 -20 -7 -17 -5 -18 -7 -19 -8 -21 -2 -12 -10 -17 -1 -14 -10 -19 -7 -15 -4 -12 -6 -19 -6 -14 0 4 0 0 0 0 0 0 0 0 ]
CSI_DATA,AP,68:FE:71:12:53:8C,-44,11,1,4,1,1,1,0,0,0,0,-93,0,6,1,62023745,0,84,0,0,62.024,384,[84 -64 4 0 0 0 0 0 0 0 0 0 -8 -17 -5 -20 -2 -26 -6 -19 -4 -21 3 -23 -3 -23 -4 -16 4 -25 2 -21 -2 -20 4 -20 4 -19 -1 -18 6 -20 -2 -23 4 -16 -3 -21 5 -16 0 -22 1 -23 4 -22 4 -19 6 -18 4 -19 4 -22 -2 1 -2 -19 -3 -14 3 -17 -1 -18 -1 -14 -3 -18 3 -19 1 -16 1 -13 -1 -16 -4 -15 -1 -14 -6 -17 -6 -13 -6 -16 -3 -20 -1 -21 -6 -13 -2 -19 -8 -20 -3 -15 -6 -14 -9 -14 -7 -15 -8 -15 -4 -20 -4 -3 0 0 0 0 0 0 0 0 ]
CSI_DATA,AP,68:FE:71:12:53:8C,-44,11,1,3,1,1,1,0,0,0,0,-94,0,6,1,62121257,0,84,0,0,62.121,384,[84 -64 4 0 0 0 0 0 0 0 0 0 -20 4 -16 -3 -25 0 -24 -3 -18 -3 -23 -7 -16 -6 -15 0 -15 -2 -14 -7 -18 0 -16 -6 -16 -1 -20 -6 -18 -9 -22 -4 -13 -2 -13 -8 -13 -9 -18 -7 -18 -8 -16 -4 -15 -7 -19 -7 -18 -4 -13 -6 -1 -3 -18 -3 -19 -9 -19 -9 -18 0 -18 0 -15 -2 -20 -6 -19 -3 -12 1 -12 -4 -14 0 -15 2 -16 0 -20 3 -13 -4 -16 -4 -19 4 -14 -2 -18 0 -16 -1 -19 1 -12 3 -16 4 -17 1 -13 0 -14 5 -1 0 0 0 0 0 0 0 0 0 ]
CSI_DATA,AP,68:FE:71:12:53:8C,-44,11,1,3,1,1,1,0,0,0,0,-96,0,6,1,62216415,0,84,0,0,62.216,384,[84 -64 4 0 0 0 0 0 0 0 0 0 -13 20 -15 15 -12 18 -11 23 -15 15 -16 19 -12 13 -13 11 -13 18 -10 11 -12 15 -14 12 -16 17 -13 11 -15 9 -17 15 -14 17 -11 13 -18 13 -13 15 -16 14 -13 13 -12 11 -9 8 -17 12 -13 16 3 -1 -9 16 -12 16 -9 16 -6 14 -8 13 -8 12 -8 15 -7 12 -6 9 -7 17 -5 17 -11 12 -12 10 -8 12 -5 10 -10 10 -13 11 -7 16 -7 14 -9 12 -11 14 -11 12 -4 11 -4 14 -11 12 -7 14 2 4 0 0 0 0 0 0 0 0 ]
CSI_DATA,AP,68:FE:71:12:53:8C,-47,11,1,5,1,1,1,0,0,0,1,-95,0,6,1,62318109,0,84,0,0,62.318,384,[84 -64 4 0 0 0 0 0 0 0 0 0 10 10 11 9 11 8 15 9 11 10 12 12 12 14 6 12 7 12 6 16 15 15 15 14 6 10 7 15 5 17 13 17 12 11 11 9 6 11 4 9 9 13 6 14 10 15 13 13 12 9 10 9 -4 4 5 11 11 8 12 9 9 11 10 12 9 14 5 7 7 9 8 8 13 12 8 9 8 7 12 10 13 11 13 11 14 11 16 11 9 6 9 6 7 5 14 10 9 3 10 5 11 7 14 7 14 5 4 1 0 0 0 0 0 0 0 0 ]
CSI_DATA,AP,68:FE:71:12:53:8C,-44,11,1,3,1,1,1,0,0,0,0,-94,0,6,1,62420490,0,84,0,0,62.42,384,[84 -64 4 0 0 0 0 0 0 0 0 0 -15 -17 -10 -16 -14 -17 -10 -24 -12 -23 -9 -19 -5 -18 -7 -17 -4 -19 -10 -23 -6 -20 -10 -21 -9 -22 -8 -20 -2 -16 -6 -21 -9 -21 -8 -19 -7 -21 -7 -15 -5 -23 -6 -16 -3 -17 -5 -21 -6 -20 -7 -15 -3 -2 -2 -18 -9 -16 -9 -19 -7 -14 -11 -15 -10 -17 -3 -15 -10 -14 -6 -14 -13 -18 -14 -13 -9 -18 -11 -12 -11 -11 -10 -17 -13 -13 -15 -16 -12 -17 -11 -11 -14 -10 -10 -16 -10 -17 -11 -13 -9 -12 -12 -8 -17 -16 -1 -2 0 0 0 0 0 0 0 0 ]
CSI_DATA,AP,68:FE:71:12:53:8C,-44,11,1,3,1,1,1,0,0,0,0,-93,0,6,1,62519695,0,84,0,0,62.52,384,[84 -64 4 0 0 0 0 0 0 0 0 0 10 -27 13 -21 12 -28 13 -22 11 -26 15 -21 9 -20 11 -20 16 -15 12 -21 13 -17 17 -14 15 -21 12 -21 11 -17 10 -20 10 -16 12 -12 16 -13 12 -16 17 -17 9 -12 16 -14 10 -13 11 -12 14 -11 1 2 9 -16 12 -16 8 -13 5 -17 7 -17 5 -14 11 -16 9 -12 4 -16 5 -11 9 -14 6 -20 4 -19 11 -19 9 -15 2 -14 3 -14 4 -20 8 -17 1 -20 3 -13 9 -15 9 -18 1 -14 2 -17 0 -15 2 -1 0 0 0 0 0 0 0 0 ]
CSI_DATA,AP,68:FE:71:12:53:8C,-45,11,1,3,1,1,1,0,0,0,0,-95,0,6,1,62626736,0,84,0,0,62.627,384,[84 -64 4 0 0 0 0 0 0 0 0 0 13 -4 10 -3 13 -7 8 -2 13 -2 12 -7 15 -2 14 1 14 -1 11 -4 8 -6 7 -6 11 -2 12 -1 10 0 14 -4 6 -1 6 -4 8 1 6 -4 8 -6 5 2 5 -5 6 -2 8 -1 9 -1 -1 0 6 -1 5 2 11 -4 7 -5 8 2 8 -5 11 -2 13 -3 12 -5 4 -8 9 -2 5 -5 9 -6 11 -5 9 -9 7 -8 12 -1 4 -6 9 -3 4 -2 5 -9 4 -2 6 -9 9 -8 7 -7 3 -9 -3 1 0 0 0 0 0 0 0 0 ]
CSI_DATA,AP,68:FE:71:12:53:8C,-44,11,1,3,1,1,1,0,0,0,0,-96,0,6,1,62717564,0,84,0,0,62.718,384,[84 -64 4 0 0 0 0 0 0 0 0 0 7 -8 8 -7 12 -5 15 -12 8 -3 10 -8 10 -5 8 -3 8 -4 9 -6 9 -6 12 -6 12 -6 16 0 10 -6 16 -5 9 0 9 0 8 -4 12 -2 16 -2 9 -7 10 -1 15 -7 8 0 15 -7 -1 0 15 -8 10 -8 12 0 13 -7 13 0 15 0 14 -5 8 -2 11 -3 11 -4 5 -5 7 -8 8 -9 9 -2 6 -3 11 -10 10 -10 7 -11 8 -10 10 -2 10 -3 8 -5 9 -5 5 -4 12 -9 9 -11 -3 2 0 0 0 0 0 0 0 0 ]
CSI_DATA,AP,68:FE:71:12:53:8C,-44,11,1,5,1,1,1,0,0,0,0,-93,0,6,1,62805329,0,84,0,0,62.805,384,[84 -64 4 0 0 0 0 0 0 0 0 0 9 -4 5 -6 7 -7 11 -7 4 -4 9 -6 5 -1 9 -2 8 -2 3 -5 6 -1 7 -6 9 -3 6 -2 7 -3 10 -7 4 -6 11 -1 9 -5 7 -2 5 -5 9 2 10 1 10 -2 6 1 6 0 -4 -4 6 0 3 -2 8 -5 4 -5 10 -4 4 1 5 -3 9 -5 8 -7 4 -6 3 -3 5 1 5 -5 9 -6 6 -6 2 -2 6 -8 3 -2 7 -5 5 -2 8 -6 8 -3 4 -1 1 -9 1 -5 9 -6 -3 2 0 0 0 0 0 0 0 0 ]
CSI_DATA,AP,68:FE:71:12:53:8C,-43,11,1,4,1,1,1,0,0,0,0,-94,0,6,1,62897646,0,84,0,0,62.898,384,[84 -64 4 0 0 0 0 0 0 0 0 0 33 -3 37 3 37 -1 34 8 35 3 31 8 35 10 38 10 33 15 31 5 39 10 40 5 35 9 35 7 36 7 29 8 37 12 33 7 27 15 28 8 26 13 29 14 32 8 34 13 33 13 35 10 -3 -2 33 7 30 8 35 14 27 9 27 4 29 12 26 11 32 2 28 2 29 4 27 7 30 1 34 1 34 7 32 7 31 9 26 2 31 5 34 5 27 3 35 2 28 5 32 -2 33 -2 32 -1 33 0 -2 -4 0 0 0 0 0 0 0 0 ]
CSI_DATA,AP,68:FE:71:12:53:8C,-46,11,1,4,1,1,1,0,0,0,0,-95,0,6,1,63015137,0,84,0,0,63.015,384,[84 -64 4 0 0 0 0 0 0 0 0 0 4 21 2 16 -1 24 1 24 -4 24 -4 20 -3 16 -4 18 -6 18 -1 20 -7 21 -1 15 -3 16 -4 23 -7 20 -5 21 -6 14 -4 20 -7 17 -4 14 -6 12 -4 20 -6 15 -6 17 -8 12 -4 14 4 1 -5 18 -5 15 -8 15 -7 14 -7 12 -3 15 -5 11 1 11 -4 19 0 14 2 15 1 12 -2 14 3 12 -2 18 -2 11 -2 13 -1 15 1 12 0 15 -2 18 3 11 0 10 -2 16 5 11 -2 12 -4 1 0 0 0 0 0 0 0 0 ]
CSI_DATA,AP,68:FE:71:12:53:8C,-42,11,1,6,1,1,1,1,0,0,0,-95,6,6,1,63101094,0,84,0,0,63.101,384,[84 -64 4 0 0 0 0 0 0 0 0 0 -22 3 -23 0 -19 -3 -23 0 -23 -5 -15 -9 -14 -8 -13 -2 -13 -4 -20 -4 -15 -5 -18 -10 -17 -5 -20 -2 -15 -9 -18 -6 -13 -3 -17 -5 -16 -7 -15 -5 -11 -8 -10 -2 -11 -2 -14 -8 -16 -4 -9 -4 3 0 -15 0 -11 2 -9 -5 -9 2 -12 -5 -16 -2 -12 -5 -11 0 -10 -4 -7 0 -17 -2 -8 -3 -10 4 -9 0 -15 -2 -11 -2 -14 0 -9 1 -9 0 -16 4 -16 2 -9 5 -15 5 -17 4 -15 0 -15 5 2 3 0 0 0 0 0 0 0 0 ]
CSI_DATA,AP,68:FE:71:12:53:8C,-43,11,1,6,1,1,1,0,0,0,1,-93,0,6,1,63201172,0,84,0,0,63.201,384,[84 -64 4 0 0 0 0 0 0 0 0 0 -15 -14 -19 -8 -13 -11 -19 -16 -12 -10 -11 -12 -16 -11 -9 -12 -9 -16 -14 -10 -16 -14 -8 -10 -15 -16 -10 -9 -10 -16 -7 -17 -12 -9 -7 -11 -9 -7 -9 -11 -3 -9 -8 -11 -8 -7 -7 -10 -11 -8 -9 -7 -2 -1 -10 -7 -13 -3 -5 -10 -13 -5 -6 -5 -12 -8 -10 -4 -4 -7 -4 -8 -14 0 -7 -3 -6 1 -13 -5 -8 -7 -10 -2 -11 -4 -9 1 -13 -2 -14 0 -11 2 -10 -1 -7 -4 -13 -3 -9 4 -11 4 -12 1 -1 2 0 0 0 0 0 0 0 0 ]
CSI_DATA,AP,68:FE:71:12:53:8C,-44,11,1,4,1,1,1,0,0,0,0,-93,0,6,1,63293382,0,84,0,0,63.293,384,[84 -64 4 0 0 0 0 0 0 0 0 0 -39 -13 -29 -18 -35 -18 -37 -14 -34 -15 -28 -23 -28 -24 -28 -21 -22 -15 -26 -23 -24 -23 -27 -20 -24 -18 -22 -16 -20 -21 -18 -17 -15 -17 -18 -11 -22 -15 -15 -13 -21 -12 -14 -13 -15 -8 -13 -15 -20 -14 -17 -7 -3 -4 -15 -7 -15 -6 -12 -9 -14 -5 -11 -10 -13 -6 -16 -3 -18 -6 -13 -7 -17 2 -13 -5 -17 -2 -18 -2 -11 1 -10 -2 -18 2 -16 -3 -17 3 -17 2 -9 0 -18 4 -16 8 -17 0 -9 3 -9 3 -12 2 -2 2 0 0 0 0 0 0 0 0 ]
CSI_DATA,AP,68:FE:71:12:53:8C,-41,11,1,6,1,1,1,0,0,0,0,-94,0,6,1,63430882,0,84,0,0,63.431,384,[84 -64 4 0 0 0 0 0 0 0 0 0 -7 -8 -5 -11 -3 -12 -9 -14 -3 -11 0 -12 -8 -15 -6 -14 -4 -11 -3 -16 -2 -14 -1 -9 -4 -10 -6 -15 0 -13 -3 -13 -4 -9 -5 -8 -4 -12 -6 -13 -4 -7 0 -8 0 -13 0 -11 0 -12 -5 -12 -4 1 -3 -10 1 -11 -3 -9 -6 -9 -6 -10 -4 -6 1 -7 -4 -6 -5 -7 -8 -5 -5 -12 -5 -9 -9 -6 -5 -8 -1 -12 -2 -11 -9 -8 -5 -8 -5 -10 -7 -6 -3 -4 -7 -6 -4 -6 -8 -7 -6 -6 -4 -7 -1 -3 0 0 0 0 0 0 0 0 ]
CSI_DATA,AP,68:FE:71:12:53:8C,-47,11,1,3,1,1,1,0,0,0,0,-95,0,6,1,63533959,0,84,0,0,63.534,384,[84 -64 4 0 0 0 0 0 0 0 0 0 -4 13 -7 16 -7 9 -6 12 -12 14 -7 14 -11 10 -6 11 -9 11 -7 8 -11 11 -7 9 -8 10 -13 11 -11 12 -8 9 -12 9 -10 6 -12 9 -8 9 -9 7 -12 6 -5 9 -13 7 -12 12 -8 14 -2 2 -8 9 -7 11 -12 12 -5 16 -6 9 -3 14 -11 10 -7 11 -3 15 -11 10 -10 11 -6 15 -3 12 -10 15 -6 10 -10 17 -5 10 -2 17 -9 15 -7 9 -3 16 -3 13 -1 10 -5 12 -3 18 -6 13 4 -1 0 0 0 0 0 0 0 0 ]
CSI_DATA,AP,68:FE:71:12:53:8C,-43,11,1,4,1,1,1,0,0,0,0,-96,0,6,1,63637244,0,84,0,0,63.637,384,[84 -64 4 0 0 0 0 0 0 0 0 0 3 -22 0 -19 6 -23 3 -28 1 -24 6 -22 7 -24 5 -17 8 -20 4 -22 3 -21 5 -26 6 -20 5 -25 10 -24 12 -22 4 -22 5 -17 3 -24 9 -19 7 -26 5 -24 12 -19 4 -22 10 -19 8 -26 -3 3 10 -25 5 -25 8 -22 6 -24 5 -24 3 -22 3 -25 1 -26 4 -27 7 -19 -1 -28 5 -19 5 -27 1 -23 7 -24 4 -27 4 -23 2 -22 6 -26 1 -25 7 -25 -1 -20 6 -24 0 -24 0 -24 1 -21 4 3 0 0 0 0 0 0 0 0 ]
CSI_DATA,AP,68:FE:71:12:53:8C,-50,11,1,3,1,1,1,0,0,0,0,-94,0,6,1,63739401,0,84,0,0,63.739,384,[84 -64 4 0 0 0 0 0 0 0 0 0 6 5 2 9 0 13 -2 13 3 10 -3 9 -3 5 -1 7 -4 8 -3 6 -1 13 3 7 -1 8 -2 6 0 10 2 7 0 6 -1 8 -2 5 1 10 -5 10 3 11 -4 9 -3 10 -3 13 1 10 0 3 1 9 1 7 2 5 0 12 -4 7 -1 12 -2 10 -5 11 -2 10 2 10 -3 12 1 8 4 4 -1 5 -3 4 -1 7 1 8 0 4 4 10 6 6 4 8 1 7 -2 3 7 11 4 8 6 4 4 -4 0 0 0 0 0 0 0 0 ]
CSI_DATA,AP,68:FE:71:12:53:8C,-48,11,1,3,1,1,1,0,0,0,0,-94,0,6,1,63819349,0,84,0,0,63.819,384,[84 -64 4 0 0 0 0 0 0 0 0 0 11 -10 8 -12 16 -16 13 -19 11 -14 14 -16 19 -12 16 -9 15 -9 14 -16 16 -13 15 -16 19 -11 15 -11 18 -8 23 -13 15 -8 16 -12 17 -7 16 -11 20 -8 17 -5 21 -7 23 -9 20 -9 15 -6 0 4 15 -13 21 -14 18 -7 15 -8 20 -10 20 -7 21 -13 16 -14 17 -12 16 -15 15 -15 13 -12 13 -13 16 -13 15 -8 12 -14 18 -18 13 -15 12 -17 11 -15 17 -12 17 -17 14 -16 14 -16 16 -14 12 -19 0 1 0 0 0 0 0 0 0 0 ]
CSI_DATA,AP,68:FE:71:12:53:8C,-44,11,1,4,1,1,1,0,0,0,0,-94,0,6,1,63926178,0,84,0,0,63.926,384,[84 -64 4 0 0 0 0 0 0 0 0 0 -5 -3 0 -10 2 -8 2 -6 -2 -3 0 -9 1 -4 4 -8 -2 -7 3 -7 0 -13 1 -8 -4 -8 -2 -11 2 -5 0 -4 1 -7 -2 -11 2 -12 -2 -11 0 -10 -3 -5 -3 -6 0 -6 -4 -9 -3 -9 4 0 2 -11 -4 -4 2 -7 -4 -7 3 -5 4 -11 -3 -8 3 -10 2 -5 -1 -9 3 -6 0 -10 1 -6 2 -8 -5 -9 3 -3 0 -10 -4 -5 3 -8 -4 -4 -3 -6 2 -7 -4 -4 -4 -3 0 -9 0 -8 -2 -4 0 0 0 0 0 0 0 0 ]
CSI_DATA,AP,68:FE:71:12:53:8C,-44,11,1,4,1,1,1,0,0,0,0,-94,0,6,1,64009610,0,84,0,0,64.01,384,[84 -64 4 0 0 0 0 0 0 0 0 0 -9 -27 -4 -24 -7 -28 -5 -33 -2 -29 -3 -31 -1 -29 1 -28 -1 -24 3 -31 3 -31 -2 -26 0 -29 -2 -22 0 -22 3 -28 4 -26 0 -25 2 -24 6 -25 4 -23 4 -25 1 -18 6 -27 2 -24 -1 -22 -4 -2 -1 -21 -2 -23 -4 -24 -4 -19 0 -22 1 -18 -4 -18 -4 -24 0 -20 -4 -17 -6 -19 0 -20 -3 -24 -6 -20 1 -24 -3 -18 0 -19 -5 -18 -5 -18 -7 -22 -2 -17 -6 -24 -7 -18 -8 -22 -4 -21 -5 -19 -3 -1 0 0 0 0 0 0 0 0 ]
CSI_DATA,AP,68:FE:71:12:53:8C,-43,11,1,6,1,1,1,0,0,0,0,-94,0,6,1,64095923,0,84,0,0,64.096,384,[82 -96 4 0 0 0 0 0 0 0 0 0 -20 -9 -21 -6 -19 -12 -15 -8 -14 -15 -19 -7 -18 -8 -20 -12 -16 -16 -20 -9 -16 -14 -17 -12 -12 -12 -14 -10 -15 -12 -15 -12 -15 -16 -11 -14 -18 -12 -17 -10 -16 -14 -12 -10 -16 -14 -16 -13 -9 -10 -12 -8 -3 2 -17 -7 -11 -11 -12 -7 -12 -8 -9 -8 -16 -11 -9 -12 -16 -8 -13 -7 -13 -12 -15 -8 -12 -9 -12 -7 -13 -12 -15 -10 -13 -11 -15 -11 -18 -8 -16 -4 -16 -4 -14 -6 -15 -3 -18 -6 -12 -8 -12 -9 -19 -3 0 4 0 0 0 0 0 0 0 0 ]
CSI_DATA,AP,68:FE:71:12:53:8C,-42,11,1,5,1,1,1,0,0,0,0,-94,0,6,1,64235494,0,84,0,0,64.235,384,[84 -64 4 0 0 0 0 0 0 0 0 0 -13 18 -13 19 -12 20 -9 19 -15 13 -11 17 -9 12 -12 11 -13 12 -17 17 -11 12 -10 13 -15 12 -13 11 -10 10 -12 8 -13 14 -15 11 -10 15 -15 7 -14 8 -16 13 -10 8 -16 9 -14 7 -12 10 3 0 -9 12 -8 10 -12 16 -9 9 -9 8 -14 11 -8 9 -11 11 -7 15 -8 11 -8 14 -8 10 -4 12 -9 9 -8 16 -7 11 -5 11 -4 12 -7 16 -8 9 -8 10 -4 13 -7 11 -4 10 -5 10 -4 18 -1 0 0 0 0 0 0 0 0 0 ]
CSI_DATA,AP,68:FE:71:12:53:8C,-42,11,1,4,1,1,1,0,0,0,0,-96,0,6,1,64335398,0,84,0,0,64.335,384,[84 -64 4 0 0 0 0 0 0 0 0 0 -23 -9 -23 -9 -17 -5 -21 -9 -19 -13 -14 -8 -17 -13 -13 -12 -18 -13 -19 -15 -17 -9 -21 -10 -13 -10 -19 -13 -17 -17 -17 -9 -12 -14 -18 -11 -19 -8 -15 -16 -19 -16 -11 -15 -16 -13 -15 -8 -11 -14 -14 -8 4 -1 -16 -9 -15 -9 -15 -12 -15 -11 -19 -7 -14 -8 -12 -7 -15 -5 -14 -6 -15 -8 -16 -9 -12 -11 -17 -10 -11 -10 -17 -7 -14 -6 -12 -8 -12 -3 -13 -7 -20 -9 -15 -7 -12 -9 -16 -9 -20 -1 -15 -5 -19 0 2 2 0 0 0 0 0 0 0 0 ]
CSI_DATA,AP,68:FE:71:12:53:8C,-45,11,1,5,1,1,1,0,0,0,0,-96,0,6,1,64435142,0,84,0,0,64.435,384,[84 -64 4 0 0 0 0 0 0 0 0 0 -1 16 -3 17 -4 21 -3 23 -3 23 -4 21 -5 22 -2 19 -3 21 -4 16 -3 19 -4 14 -9 21 -10 18 -7 15 -6 13 -3 19 -8 17 -3 18 -8 14 -5 14 -3 12 -5 12 -8 18 -2 17 -3 15 0 1 -4 18 -1 19 -2 16 -7 12 1 19 -3 17 2 17 2 18 -5 10 -1 17 -2 12 -4 10 2 18 1 12 0 10 4 12 5 18 -1 11 -2 14 3 13 -1 10 1 16 1 14 6 17 4 15 0 15 4 -3 0 0 0 0 0 0 0 0 ]
CSI_DATA,AP,68:FE:71:12:53:8C,-46,11,1,3,1,1,1,0,0,0,0,-93,0,6,1,64529262,0,84,0,0,64.529,384,[84 -64 4 0 0 0 0 0 0 0 0 0 10 16 13 20 6 16 10 16 10 20 9 20 6 17 4 20 3 21 2 18 2 20 5 21 1 18 1 19 6 20 7 15 2 19 1 15 8 15 1 14 4 17 8 17 3 10 5 13 8 19 5 17 -2 0 3 15 8 14 5 11 8 9 4 14 5 17 2 14 5 13 7 16 10 8 5 12 11 9 7 12 6 10 11 11 7 14 12 9 8 11 6 15 12 7 6 13 6 7 12 9 9 15 12 8 12 13 -4 2 0 0 0 0 0 0 0 0 ]
CSI_DATA,AP,68:FE:71:12:53:8C,-48,11,1,5,1,1,1,0,0,0,1,-93,0,6,1,64603470,0,84,0,0,64.603,384,[84 -64 4 0 0 0 0 0 0 0 0 0 2 -22 2 -17 7 -15 4 -17 6 -14 1 -20 6 -19 3 -18 10 -19 2 -13 7 -21 7 -16 10 -19 7 -15 4 -20 8 -18 5 -12 6 -15 8 -18 2 -14 7 -17 10 -19 5 -15 8 -13 5 -17 1 -13 2 -3 5 -12 6 -13 8 -13 1 -15 3 -17 8 -18 6 -15 5 -11 0 -11 -2 -16 -1 -11 4 -11 2 -18 2 -13 5 -15 0 -15 2 -18 3 -19 4 -19 -4 -14 -1 -11 4 -18 -4 -13 -4 -11 0 -13 2 -19 4 -2 0 0 0 0 0 0 0 0 ]
CSI_DATA,AP,68:FE:71:12:53:8C,-46,11,1,3,1,1,1,0,0,0,0,-96,0,6,1,64699264,0,84,0,0,64.699,384,[84 -64 4 0 0 0 0 0 0 0 0 0 -15 -13 -11 -13 -8 -13 -14 -18 -13 -12 -14 -20 -12 -14 -9 -20 -11 -20 -10 -20 -10 -16 -3 -14 -6 -12 -3 -20 -9 -20 -5 -14 -9 -19 -4 -10 -3 -19 -8 -12 -3 -13 -7 -14 -7 -16 -8 -12 -7 -11 -2 -14 -2 2 -9 -15 -4 -14 -7 -18 -5 -15 -12 -16 -12 -13 -10 -16 -10 -10 -8 -15 -4 -13 -10 -14 -5 -7 -6 -11 -7 -7 -12 -15 -6 -13 -13 -11 -14 -13 -13 -14 -9 -14 -9 -12 -14 -8 -11 -13 -8 -9 -11 -13 -14 -6 4 -1 0 0 0 0 0 0 0 0 ]
CSI_DATA,AP,68:FE:71:12:53:8C,-41,11,1,6,1,1,1,0,0,0,0,-95,0,6,1,64797715,0,84,0,0,64.798,384,[84 -64 4 0 0 0 0 0 0 0 0 0 20 -6 17 -8 24 -4 22 0 16 -4 18 -2 20 -4 17 0 22 2 20 2 15 4 19 2 21 3 23 3 15 -2 20 -1 17 0 20 -4 19 2 14 0 17 4 17 1 17 5 15 1 21 4 14 2 -2 4 20 -2 14 2 14 -2 13 2 13 -4 16 -3 16 0 11 3 17 1 15 -5 16 -5 16 -4 19 -1 17 -5 15 -5 12 -5 19 -7 15 -1 12 -2 16 -2 18 -5 14 -9 10 -5 13 -7 13 -5 11 -9 -4 -2 0 0 0 0 0 0 0 0 ]
CSI_DATA,AP,68:FE:71:12:53:8C,-47,11,1,5,1,1,1,0,0,0,0,-95,0,6,1,64892441,0,84,0,0,64.892,384,[84 -64 4 0 0 0 0 0 0 0 0 0 -11 11 -19 16 -14 11 -21 13 -19 14 -16 10 -15 9 -19 15 -18 10 -19 14 -17 10 -19 14 -18 14 -17 6 -20 10 -19 12 -17 13 -18 12 -16 6 -15 6 -14 12 -17 9 -18 6 -18 11 -16 9 -12 12 0 0 -18 10 -12 10 -12 11 -14 12 -14 10 -15 13 -15 9 -9 11 -13 10 -12 12 -12 11 -14 14 -8 13 -8 13 -16 11 -8 14 -15 14 -15 13 -10 12 -7 12 -9 12 -10 9 -6 16 -8 15 -6 9 -6 18 3 -3 0 0 0 0 0 0 0 0 ]
CSI_DATA,AP,68:FE:71:12:53:8C,-47,11,1,5,1,1,1,0,0,0,0,-95,0,6,1,64992734,0,84,0,0,64.993,384,[84 -64 4 0 0 0 0 0 0 0 0 0 4 21 7 15 10 14 5 16 9 19 4 15 6 22 7 15 -1 20 5 20 4 18 4 15 2 20 0 18 -4 13 2 18 1 18 -2 12 -2 14 -1 18 1 12 0 17 -3 14 -3 15 -3 19 -3 17 3 -4 3 14 4 11 1 13 3 17 -1 11 -2 17 2 14 -1 17 2 15 7 10 4 15 2 11 7 13 5 17 6 16 4 11 5 17 9 12 4 16 9 15 4 16 8 12 6 17 10 16 8 9 3 16 4 -4 0 0 0 0 0 0 0 0 ]
CSI_DATA,AP,68:FE:71:12:53:8C,-44,11,1,4,1,1,1,1,0,0,0,-93,5,6,1,65073593,0,84,0,0,65.074,384,[84 -64 4 0 0 0 0 0 0 0 0 0 -9 17 -5 15 -12 13 -12 19 -6 12 -10 12 -13 12 -14 15 -12 10 -8 11 -15 13 -15 14 -14 15 -16 9 -10 16 -9 15 -9 12 -12 7 -16 7 -7 14 -8 11 -11 10 -12 11 -15 13 -12 10 -13 12 -4 -1 -11 8 -14 10 -12 9 -6 7 -5 11 -8 14 -11 13 -7 7 -12 10 -5 7 -6 9 -12 8 -6 16 -9 12 -3 9 -5 10 -8 17 -5 9 -9 12 -5 11 -3 12 -5 13 -7 15 -2 14 -5 14 -4 17 -4 3 0 0 0 0 0 0 0 0 ]
CSI_DATA,AP,68:FE:71:12:53:8C,-49,11,1,3,1,1,1,0,0,0,0,-95,0,6,1,65187080,0,84,0,0,65.187,384,[84 -64 4 0 0 0 0 0 0 0 0 0 -19 -3 -22 -4 -23 1 -24 -3 -24 -1 -19 -7 -22 -4 -19 -3 -23 -4 -18 -10 -15 -4 -23 -8 -16 -3 -15 -4 -21 -9 -22 -4 -18 -7 -14 -11 -17 -8 -18 -4 -16 -7 -16 -11 -20 -9 -19 -5 -19 -7 -14 -6 4 -4 -19 -9 -20 -10 -17 -10 -20 -3 -15 -3 -20 -7 -20 -8 -12 0 -14 -3 -18 -3 -17 -2 -18 -6 -14 -6 -15 1 -20 2 -20 2 -17 -4 -16 2 -14 -6 -15 -4 -14 -4 -19 -5 -20 -2 -15 2 -18 1 -12 3 0 3 0 0 0 0 0 0 0 0 ]
CSI_DATA,AP,68:FE:71:12:53:8C,-44,11,1,5,1,1,1,0,0,0,0,-94,0,6,1,65299071,0,84,0,0,65.299,384,[84 -64 4 0 0 0 0 0 0 0 0 0 13 6 12 6 12 8 6 0 7 4 9 6 6 8 11 6 11 9 6 2 6 5 10 8 9 4 10 1 10 6 4 8 5 3 4 8 2 5 3 7 1 9 4 1 3 8 4 7 9 4 8 8 3 -1 8 3 7 3 8 1 1 5 2 5 10 2 3 8 5 0 8 5 2 -1 9 1 3 7 4 2 7 4 4 6 10 5 7 7 6 3 11 6 4 -2 10 5 9 3 11 -2 5 0 10 4 4 4 0 0 0 0 0 0 0 0 0 0 ]
CSI_DATA,AP,68:FE:71:12:53:8C,-48,11,0,0,0,0,0,0,0,0,0,-95,0,6,1,65379297,0,37,0,0,65.379,128,[84 -64 4 0 0 0 0 0 0 0 0 0 2 -19 0 -24 2 -23 3 -21 3 -19 5 -20 2 -18 2 -20 -1 -20 -1 -22 -1 -21 0 -23 0 -19 4 -20 3 -19 5 -22 1 -22 2 -20 3 -22 5 -17 2 -20 8 -14 0 -13 1 -12 -1 -15 5 -19 2 3 5 -15 1 -14 2 -16 4 -15 -1 -16 -1 -19 6 -14 4 -19 4 -13 -3 -15 2 -17 -5 -14 0 -16 3 -12 1 -19 0 -15 -5 -18 -1 -19 -1 -12 -1 -12 -6 -11 2 -17 -3 -12 -3 -17 0 -18 1 -19 1 2 0 0 0 0 0 0 0 0 ]
CSI_DATA,AP,68:FE:71:12:53:8C,-43,11,1,6,1,1,1,0,0,0,0,-93,0,6,1,65451445,0,84,0,0,65.451,384,[84 -64 4 0 0 0 0 0 0 0 0 0 -6 17 -3 20 -2 16 -7 21 -5 21 -9 18 -3 17 -7 14 -7 19 -5 18 -5 21 -12 19 -13 20 -6 13 -7 12 -7 14 -5 12 -6 13 -6 11 -10 15 -7 14 -13 19 -9 15 -9 17 -8 12 -8 16 3 2 -11 15 -9 15 -11 17 -11 14 -5 10 -4 12 -7 12 -9 15 -4 14 -9 10 -2 17 -6 17 -8 11 -8 16 -7 16 -6 14 0 17 -6 15 1 16 -6 15 -1 11 -3 16 2 17 -2 19 -3 17 -6 15 -4 4 0 0 0 0 0 0 0 0 ]
CSI_DATA,AP,68:FE:71:12:53:8C,-40,11,1,6,1,1,1,0,0,0,0,-95,0,6,1,65550919,0,84,0,0,65.551,384,[84 -64 4 0 0 0 0 0 0 0 0 0 11 7 12 8 15 13 12 7 18 12 12 13 10 13 15 10 12 15 12 11 14 12 12 16 10 11 13 13 8 16 7 12 9 9 6 11 7 15 9 9 6 15 12 16 6 12 9 8 14 16 6 10 -3 1 10 7 11 8 7 7 5 13 10 12 11 9 6 11 12 4 9 8 7 4 13 10 11 5 11 4 8 4 11 7 9 2 10 9 9 3 15 5 10 3 9 6 11 2 10 1 11 5 15 1 9 7 -1 4 0 0 0 0 0 0 0 0 ]
CSI_DATA,AP,68:FE:71:12:53:8C,-45,11,1,5,1,1,1,0,0,0,0,-94,0,6,1,65652389,0,84,0,0,65.652,384,[84 -64 4 0 0 0 0 0 0 0 0 0 -7 -19 -4 -17 -6 -18 -7 -16 -8 -24 -3 -19 -8 -23 -1 -23 -3 -17 -8 -17 -4 -18 -5 -16 -7 -18 -7 -17 -3 -21 1 -23 -1 -17 2 -21 -7 -23 -6 -18 -1 -16 0 -21 0 -17 -7 -16 -2 -14 0 -15 -1 -3 -5 -21 -8 -16 -1 -16 0 -15 -1 -17 -8 -15 -8 -18 -9 -11 -10 -19 -3 -14 -7 -19 -9 -18 -6 -19 -10 -18 -10 -18 -8 -13 -4 -11 -12 -16 -13 -15 -11 -17 -9 -17 -10 -12 -6 -18 -13 -17 -8 -16 -14 -15 3 0 0 0 0 0 0 0 0 0 ]
CSI_DATA,AP,68:FE:71:12:53:8C,-45,11,1,4,1,1,1,0,0,0,1,-94,0,6,1,65777824,0,84,0,0,65.778,384,[84 -64 4 0 0 0 0 0 0 0 0 0 -39 9 -37 10 -44 8 -45 5 -44 9 -43 6 -42 5 -42 6 -41 2 -40 1 -45 3 -39 -3 -40 1 -40 -5 -38 -4 -40 0 -37 -2 -39 -3 -38 -2 -38 -2 -35 -6 -37 1 -37 -1 -35 1 -39 0 -37 -3 -3 1 -30 0 -32 -2 -36 1 -33 1 -39 1 -38 2 -37 -2 -35 6 -32 2 -30 5 -35 10 -35 7 -35 3 -30 8 -36 5 -33 6 -34 7 -33 10 -35 13 -32 14 -35 9 -33 11 -33 13 -36 17 -30 8 -31 10 4 1 0 0 0 0 0 0 0 0 ]
CSI_DATA,AP,68:FE:71:12:53:8C,-44,11,1,3,1,1,1,0,0,0,0,-96,0,6,1,65890291,0,84,0,0,65.89,384,[84 -64 4 0 0 0 0 0 0 0 0 0 -9 -20 -7 -14 -8 -20 -3 -19 -2 -18 -4 -15 -9 -19 -1 -21 -7 -21 -6 -16 -5 -22 -5 -17 -1 -22 0 -18 -5 -21 -4 -24 0 -16 -1 -19 -6 -16 -3 -17 -2 -15 0 -16 3 -13 -3 -18 -2 -19 -1 -14 -2 -2 -1 -19 0 -17 -1 -21 -4 -19 -2 -13 -2 -16 0 -18 -8 -16 -7 -19 -6 -15 -4 -13 -4 -11 -9 -13 -3 -13 -7 -19 -2 -19 -4 -16 -7 -11 -9 -13 -11 -18 -10 -18 -9 -19 -4 -18 -6 -11 -11 -17 -4 -13 2 2 0 0 0 0 0 0 0 0 ]
CSI_DATA,AP,68:FE:71:12:53:8C,-45,11,1,5,1,1,1,0,0,0,0,-95,0,6,1,65980938,0,84,0,0,65.981,384,[84 -64 4 0 0 0 0 0 0 0 0 0 -9 15 -6 20 -6 20 -11 17 -14 19 -15 19 -7 17 -16 15 -13 19 -16 13 -14 15 -10 17 -15 16 -14 12 -13 14 -10 14 -14 9 -12 14 -15 13 -13 17 -9 10 -7 12 -7 10 -13 15 -15 15 -14 13 3 -1 -13 17 -13 12 -11 14 -8 17 -12 17 -9 15 -7 12 -12 10 -9 10 -5 11 -7 15 -8 13 -9 11 -5 18 -6 12 -9 18 -8 16 -3 17 -1 13 0 18 -6 14 -1 19 -2 17 -3 19 -7 13 -5 18 1 -4 0 0 0 0 0 0 0 0 ]
CSI_DATA,AP,68:FE:71:12:53:8C,-49,11,1,2,1,1,1,0,0,0,0,-94,0,6,1,66083733,0,84,0,0,66.084,384,[84 -64 4 0 0 0 0 0 0 0 0 0 15 0 21 -3 22 -2 21 2 24 0 19 4 15 2 19 4 16 4 15 1 17 2 18 -1 16 -1 21 3 18 7 17 1 19 7 16 5 20 4 20 7 15 4 20 7 11 5 20 7 12 7 16 1 -3 4 19 2 17 6 14 4 12 -2 16 -1 17 4 15 -2 16 5 12 5 10 -2 15 3 12 2 11 0 13 2 19 -4 12 0 12 -1 13 3 12 -5 10 -5 17 -5 14 -3 15 -2 12 -2 14 1 16 -3 -3 -1 0 0 0 0 0 0 0 0 ]
CSI_DATA,AP,68:FE:71:12:53:8C,-45,11,1,3,1,1,1,0,0,0,0,-94,0,6,1,66196179,0,84,0,0,66.196,384,[84 -64 4 0 0 0 0 0 0 0 0 0 17 -15 14 -8 15 -8 18 -12 23 -4 20 -3 17 -7 22 -8 23 -6 15 -1 18 -5 23 -3 17 -1 15 -1 17 -1 23 0 16 -2 19 -7 17 -8 21 -1 20 -7 14 -2 17 -3 15 -2 16 -5 16 -5 1 4 17 -6 20 -7 16 -9 19 -5 17 -7 14 -10 18 -7 18 -8 19 -9 12 -4 15 -12 15 -7 18 -8 10 -13 14 -7 12 -10 11 -12 16 -9 14 -10 14 -8 16 -11 9 -6 10 -12 14 -15 17 -7 13 -12 4 -3 0 0 0 0 0 0 0 0 ]
CSI_DATA,AP,68:FE:71:12:53:8C,-46,11,1,5,1,1,1,0,0,0,0,-94,0,6,1,66303760,0,84,0,0,66.304,384,[84 -64 4 0 0 0 0 0 0 0 0 0 -15 8 -15 9 -13 11 -16 12 -15 12 -16 13 -21 7 -18 10 -16 12 -17 7 -23 12 -23 7 -18 3 -20 9 -18 4 -17 3 -21 7 -17 7 -17 3 -19 4 -21 8 -15 7 -16 6 -13 9 -20 9 -16 9 1 3 -12 5 -14 10 -18 8 -18 7 -11 3 -19 9 -11 4 -18 7 -16 5 -13 13 -14 6 -9 10 -17 12 -11 12 -16 8 -13 7 -11 11 -16 8 -17 13 -12 8 -10 15 -11 10 -14 11 -12 12 -15 13 -11 11 3 0 0 0 0 0 0 0 0 0 ]
CSI_DATA,AP,68:FE:71:12:53:8C,-45,11,1,5,1,1,1,0,0,0,1,-93,0,6,1,66406536,0,84,0,0,66.407,384,[84 -64 4 0 0 0 0 0 0 0 0 0 -7 -17 -7 -21 -3 -20 -1 -26 0 -18 0 -20 -1 -25 1 -20 -1 -19 1 -17 -1 -20 0 -23 1 -20 4 -22 -2 -19 -1 -20 -2 -18 7 -20 2 -23 4 -14 3 -20 6 -22 -2 -19 7 -15 -1 -22 -2 -20 4 -3 -2 -14 -3 -14 -2 -21 -1 -15 3 -20 4 -19 4 -15 -4 -15 -1 -20 -3 -17 1 -16 1 -19 2 -22 0 -18 1 -16 0 -20 -4 -22 -4 -12 0 -19 0 -17 -8 -13 -5 -14 -3 -20 -1 -13 -3 -16 -4 -19 1 2 0 0 0 0 0 0 0 0 ]
CSI_DATA,AP,68:FE:71:12:53:8C,-45,11,1,5,1,1,1,0,0,0,0,-94,0,6,1,66542099,0,84,0,0,66.542,384,[84 -64 4 0 0 0 0 0 0 0 0 0 -2 21 -9 22 -3 25 -11 24 -6 20 -8 20 -13 19 -13 20 -6 19 -14 14 -14 16 -8 22 -9 21 -14 18 -10 18 -15 17 -11 17 -11 14 -7 14 -14 16 -7 16 -14 18 -13 12 -12 13 -11 16 -6 16 0 1 -6 12 -10 17 -10 20 -5 15 -11 17 -9 18 -6 14 -11 14 -4 12 -3 15 -7 20 -7 19 -1 21 -2 20 -2 17 -2 17 -6 14 -8 21 -8 16 -7 14 -2 19 -8 18 -7 18 -6 16 -3 19 -5 15 4 -1 0 0 0 0 0 0 0 0 ]
CSI_DATA,AP,68:FE:71:12:53:8C,-44,11,1,3,1,1,1,0,0,0,1,-94,0,6,1,66634961,0,84,0,0,66.635,384,[84 -64 4 0 0 0 0 0 0 0 0 0 -8 21 -11 18 -10 16 -11 22 -12 22 -15 16 -15 15 -11 21 -11 17 -11 19 -11 16 -14 15 -16 13 -11 15 -17 13 -19 19 -11 13 -12 11 -9 13 -15 13 -9 17 -17 11 -11 16 -12 10 -15 19 -10 10 -2 1 -8 17 -14 17 -13 18 -10 11 -6 17 -8 12 -13 12 -13 11 -9 14 -8 12 -11 13 -11 18 -7 12 -10 17 -3 19 -12 20 -4 13 -3 16 -8 12 -6 19 -3 16 -10 16 -2 15 -6 17 -4 18 -3 15 -1 -2 0 0 0 0 0 0 0 0 ]
CSI_DATA,AP,68:FE:71:12:53:8C,-39,11,1,5,1,1,1,0,0,0,0,-94,0,6,1,66733487,0,84,0,0,66.733,384,[84 -64 4 0 0 0 0 0 0 0 0 0 5 18 9 21 7 20 7 17 11 19 6 14 8 19 7 18 6 20 0 20 3 19 6 20 6 25 4 18 3 17 5 23 0 21 2 20 4 20 4 18 6 18 4 15 -2 17 5 20 6 21 1 21 -3 1 2 20 3 21 4 15 1 12 6 14 9 16 1 17 2 14 9 19 4 17 3 16 4 13 8 19 11 17 11 18 12 12 11 14 8 9 10 15 8 10 10 18 10 13 14 18 14 16 12 16 13 16 2 -4 0 0 0 0 0 0 0 0 ]
CSI_DATA,AP,68:FE:71:12:53:8C,-50,11,1,3,1,1,1,0,0,0,0,-94,0,6,1,66826516,0,84,0,0,66.827,384,[84 -64 4 0 0 0 0 0 0 0 0 0 7 17 11 19 13 15 11 25 10 23 6 19 2 16 1 23 5 23 2 20 7 24 3 23 4 21 6 19 2 21 -1 18 -1 24 1 17 -2 20 0 18 4 14 -1 16 0 18 -1 21 1 21 7 20 1 2 -1 21 1 16 2 18 5 12 3 14 7 17 6 18 6 13 2 16 4 15 7 20 3 11 5 11 11 17 4 19 8 13 9 15 6 12 5 15 12 14 9 12 4 11 6 11 12 11 8 13 10 15 -2 -3 0 0 0 0 0 0 0 0 ]
CSI_DATA,AP,68:FE:71:12:53:8C,-48,11,1,3,1,1,1,0,0,0,0,-95,0,6,1,66946891,0,84,0,0,66.947,384,[84 -64 4 0 0 0 0 0 0 0 0 0 19 -1 24 -2 21 -2 24 -5 18 -4 16 4 24 4 23 -3 18 5 18 6 20 2 25 0 24 0 21 4 21 0 23 0 15 6 19 5 15 8 15 8 21 1 16 0 15 3 14 1 22 7 21 2 2 4 13 6 18 4 21 3 14 2 14 2 14 3 19 4 18 -2 17 -3 17 1 13 -3 19 1 17 -4 15 -3 12 3 20 0 13 2 13 -6 15 -6 20 -3 14 -4 20 0 18 -8 19 -3 13 -8 18 -4 2 -1 0 0 0 0 0 0 0 0 ]
CSI_DATA,AP,68:FE:71:12:53:8C,-44,11,1,3,1,1,1,1,0,0,0,-93,4,6,1,67040606,0,84,0,0,67.041,384,[84 -64 4 0 0 0 0 0 0 0 0 0 -14 -21 -15 -19 -16 -23 -9 -24 -9 -16 -6 -15 -14 -21 -8 -19 -5 -23 -11 -22 -11 -19 -7 -24 -11 -17 -12 -22 -8 -17 -6 -18 -6 -19 -7 -23 -5 -23 -4 -20 -5 -23 -11 -15 -8 -18 -5 -20 -11 -22 -6 -16 1 -2 -4 -20 -11 -14 -5 -16 -11 -12 -9 -16 -12 -21 -7 -13 -6 -12 -7 -17 -11 -12 -10 -14 -7 -15 -9 -16 -12 -11 -8 -18 -16 -16 -16 -11 -15 -15 -9 -17 -9 -13 -14 -15 -15 -15 -16 -17 -13 -16 -9 -10 -10 -15 3 -1 0 0 0 0 0 0 0 0 ]
CSI_DATA,AP,68:FE:71:12:53:8C,-50,11,1,1,1,1,1,1,0,0,0,-95,2,6,1,67167814,0,84,0,0,67.168,384,[84 -64 4 0 0 0 0 0 0 0 0 0 18 14 12 14 15 11 14 17 9 14 12 18 14 17 14 16 6 12 7 17 10 17 13 19 8 12 11 18 8 13 5 12 7 20 12 17 12 12 9 18 7 15 10 12 9 17 6 14 10 12 7 14 3 0 12 16 9 10 8 14 9 9 8 10 13 11 6 11 10 9 14 12 13 12 12 13 9 9 12 10 11 11 11 10 12 8 8 11 10 7 12 13 15 11 16 6 16 12 9 9 13 4 15 6 11 7 2 -3 0 0 0 0 0 0 0 0 ]
CSI_DATA,AP,68:FE:71:12:53:8C,-45,11,1,5,1,1,1,0,0,0,0,-93,0,6,1,67255460,0,84,0,0,67.255,384,[84 -64 4 0 0 0 0 0 0 0 0 0 -6 24 -2 18 -4 17 -5 19 -2 24 -8 23 -5 16 -7 19 -7 20 -5 14 -11 15 -3 18 -8 16 -11 20 -5 15 -10 20 -6 13 -7 17 -9 17 -10 17 -10 14 -8 16 -3 18 -6 19 -11 15 -11 14 4 0 -7 16 -1 17 -4 15 -4 17 -5 11 -3 17 -2 15 -3 18 -2 17 -3 17 -6 13 -5 18 -5 15 0 15 1 12 -5 16 -4 21 -4 16 -5 13 -3 13 -2 15 0 14 1 18 0 18 -4 18 3 14 0 -4 0 0 0 0 0 0 0 0 ]
CSI_DATA,AP,68:FE:71:12:53:8C,-43,11,1,4,1,1,1,0,0,0,0,-96,0,6,1,67336160,0,84,0,0,67.336,384,[84 -64 4 0 0 0 0 0 0 0 0 0 -8 -20 -2 -22 -9 -24 -8 -25 -4 -25 -6 -16 -5 -23 2 -23 -6 -19 -4 -18 -5 -25 -2 -24 -2 -24 0 -16 0 -17 1 -21 0 -18 3 -16 -3 -22 0 -19 2 -17 2 -15 -1 -21 -2 -17 -1 -17 -2 -17 -1 1 -3 -14 -6 -17 2 -18 -7 -16 -1 -19 -5 -17 -6 -21 -3 -21 0 -15 -7 -19 -6 -19 -8 -16 -9 -14 -3 -17 -2 -14 -10 -18 -6 -15 -9 -13 -8 -18 -4 -17 -3 -16 -10 -12 -10 -15 -12 -17 -6 -13 -4 -13 1 0 0 0 0 0 0 0 0 0 ]
CSI_DATA,AP,68:FE:71:12:53:8C,-39,11,1,4,1,1,1,0,0,0,0,-94,0,6,1,67415316,0,82,0,0,67.415,384,[84 -64 4 0 0 0 0 0 0 0 0 0 -6 21 -9 17 -8 17 -7 24 -9 21 -9 20 -13 17 -8 17 -13 12 -15 12 -15 20 -15 14 -14 17 -11 15 -15 11 -12 12 -16 13 -15 11 -9 11 -12 10 -17 14 -9 12 -14 14 -10 16 -9 15 -16 13 1 3 -14 18 -15 11 -11 11 -10 15 -6 16 -10 11 -9 15 -10 11 -9 18 -12 14 -3 19 -11 15 -3 14 -8 16 -6 11 -11 14 -3 18 -9 18 -9 18 -10 14 -9 18 -4 13 -8 15 -6 17 -8 12 0 15 -2 -3 0 0 0 0 0 0 0 0 ]
CSI_DATA,AP,68:FE:71:12:53:8C,-45,11,1,3,1,1,1,0,0,0,0,-94,0,6,1,67523305,0,84,0,0,67.523,384,[84 -64 4 0 0 0 0 0 0 0 0 0 -17 9 -14 8 -17 10 -16 12 -21 11 -15 5 -15 6 -19 7 -22 6 -16 9 -22 2 -23 5 -17 3 -19 9 -22 5 -19 6 -15 3 -21 9 -17 2 -23 7 -21 0 -16 5 -14 2 -15 8 -16 4 -18 5 1 -1 -17 3 -13 3 -20 9 -19 9 -12 5 -16 5 -20 3 -10 9 -13 10 -15 10 -15 10 -10 6 -14 6 -16 6 -12 8 -18 6 -14 11 -12 6 -17 13 -10 8 -15 10 -13 14 -11 14 -16 9 -12 10 -9 15 -2 4 0 0 0 0 0 0 0 0 ]
CSI_DATA,AP,68:FE:71:12:53:8C,-45,11,1,3,1,1,1,1,0,0,0,-94,6,6,1,67649443,0,84,0,0,67.649,384,[84 -64 4 0 0 0 0 0 0 0 0 0 -16 -6 -17 -8 -20 -12 -20 -14 -22 -8 -15 -11 -14 -14 -15 -9 -14 -11 -15 -14 -19 -16 -19 -13 -15 -11 -15 -13 -14 -17 -11 -16 -14 -18 -12 -15 -16 -10 -16 -12 -14 -12 -13 -15 -9 -14 -12 -12 -17 -10 -10 -10 1 -4 -13 -10 -13 -13 -11 -11 -11 -11 -13 -12 -13 -13 -14 -10 -15 -12 -13 -8 -12 -7 -12 -8 -11 -10 -13 -11 -12 -4 -19 -8 -17 -9 -20 -6 -16 -10 -19 -10 -18 -2 -19 -10 -19 -9 -19 -10 -15 -5 -20 -6 -13 -2 -2 -2 0 0 0 0 0 0 0 0 ]
CSI_DATA,AP,68:FE:71:12:53:8C,-44,11,1,5,1,1,1,0,0,0,0,-95,0,6,1,67715561,0,84,0,0,67.716,384,[84 -64 4 0 0 0 0 0 0 0 0 0 -18 2 -23 -5 -26 -4 -21 -3 -18 0 -18 1 -18 -8 -19 -6 -20 -2 -18 -6 -19 -7 -17 -9 -23 -5 -23 -4 -20 -5 -21 -8 -16 -9 -15 -9 -15 -5 -21 -9 -14 -10 -15 -6 -13 -3 -15 -4 -22 -3 -21 -5 1 -2 -20 -6 -14 -7 -20 -9 -16 0 -21 -2 -13 -1 -18 -4 -19 -4 -21 -2 -20 -1 -13 -7 -14 -3 -19 -5 -17 -6 -20 0 -19 -5 -22 3 -19 -1 -20 -3 -14 2 -13 -4 -17 2 -19 -2 -20 -3 -14 0 -16 -3 -4 3 0 0 0 0 0 0 0 0 ]
CSI_DATA,AP,68:FE:71:12:53:8C,-48,11,1,3,1,1,1,0,0,0,0,-95,0,6,1,67786350,0,84,0,0,67.786,384,[84 -64 4 0 0 0 0 0 0 0 0 0 22 3 19 4 17 2 24 -1 18 5 16 4 23 0 21 0 22 6 17 3 18 2 16 -1 22 5 18 6 15 7 20 7 19 4 14 6 21 8 21 2 16 4 19 5 12 6 14 3 21 8 17 8 3 -4 13 7 16 3 15 7 17 4 14 2 15 3 16 5 11 0 19 2 15 0 20 -1 13 -1 14 -2 17 1 16 4 13 -4 19 -5 13 -6 14 -4 14 0 16 3 18 -2 19 -4 12 -6 13 -3 15 -4 -3 0 0 0 0 0 0 0 0 0 ]
CSI_DATA,AP,68:FE:71:12:53:8C,-43,11,1,4,1,1,1,0,0,0,0,-94,0,6,1,67884853,0,84,0,0,67.885,384,[84 -64 4 0 0 0 0 0 0 0 0 0 -17 -12 -15 -11 -16 -13 -16 -17 -18 -12 -16 -11 -15 -19 -13 -15 -17 -13 -10 -20 -14 -18 -9 -20 -11 -19 -13 -19 -7 -19 -10 -16 -6 -20 -14 -18 -6 -15 -12 -20 -7 -20 -12 -13 -8 -19 -9 -14 -11 -15 -14 -16 -1 0 -7 -19 -7 -11 -7 -12 -14 -17 -8 -13 -15 -14 -11 -16 -11 -12 -8 -14 -8 -14 -8 -13 -12 -12 -8 -11 -13 -13 -14 -11 -9 -12 -9 -8 -16 -9 -16 -14 -9 -13 -17 -11 -14 -10 -17 -12 -17 -11 -15 -6 -16 -14 1 1 0 0 0 0 0 0 0 0 ]
CSI_DATA,AP,68:FE:71:12:53:8C,-44,11,1,5,1,1,1,1,0,0,0,-94,5,6,1,67958996,0,84,0,0,67.959,384,[84 -64 4 0 0 0 0 0 0 0 0 0 10 -17 13 -22 16 -22 10 -14 16 -18 17 -13 18 -16 17 -17 15 -19 18 -11 15 -18 18 -14 16 -17 16 -15 16 -9 12 -17 15 -15 12 -8 11 -13 11 -9 15 -10 10 -15 18 -7 15 -14 19 -10 18 -9 0 3 12 -12 11 -14 9 -8 12 -16 9 -14 10 -11 11 -16 13 -8 12 -11 9 -13 11 -15 15 -9 13 -14 9 -15 11 -18 8 -13 7 -12 7 -15 12 -18 5 -17 7 -12 9 -12 11 -14 6 -17 11 -15 12 -14 -3 -4 0 0 0 0 0 0 0 0 ]
CSI_DATA,AP,68:FE:71:12:53:8C,-43,11,1,6,1,1,1,0,0,0,0,-94,0,6,1,68038315,0,84,0,0,68.038,384,[84 -64 4 0 0 0 0 0 0 0 0 0 16 13 16 15 15 8 16 15 12 11 15 16 12 15 15 13 9 13 14 19 11 19 12 19 13 12 15 17 11 16 14 14 11 18 12 16 11 13 8 10 7 16 10 11 5 13 14 14 6 14 15 18 1 4 12 15 8 16 9 11 10 15 13 12 13 15 12 12 13 13 9 7 13 5 9 9 8 12 13 10 14 7 15 13 12 6 17 11 15 6 16 12 15 10 15 11 11 8 13 6 16 9 11 11 18 11 -2 -3 0 0 0 0 0 0 0 0 ]
CSI_DATA,AP,68:FE:71:12:53:8C,-49,11,1,2,1,1,1,0,0,0,0,-95,0,6,1,68179200,0,84,0,0,68.179,384,[84 -64 4 0 0 0 0 0 0 0 0 0 -12 -13 -6 -19 -14 -14 -12 -19 -9 -21 -12 -15 -10 -17 -3 -20 -11 -22 -9 -17 -11 -16 -7 -20 -7 -14 -8 -19 -4 -19 -3 -22 -10 -20 -6 -21 -4 -21 -1 -14 -2 -15 -8 -18 -3 -20 -6 -13 -10 -20 -8 -14 3 4 -4 -16 -8 -15 -3 -16 -11 -18 -7 -15 -2 -17 -10 -16 -5 -17 -9 -17 -5 -9 -8 -10 -6 -15 -7 -16 -9 -11 -11 -9 -6 -11 -11 -11 -8 -13 -6 -17 -11 -15 -13 -14 -10 -12 -14 -8 -15 -13 -15 -12 -15 -12 2 -4 0 0 0 0 0 0 0 0 ]
CSI_DATA,AP,68:FE:71:12:53:8C,-42,11,1,5,1,1,1,0,0,0,0,-96,0,6,1,68262747,0,84,0,0,68.263,384,[84 -64 4 0 0 0 0 0 0 0 0 0 20 8 16 5 19 11 14 12 15 9 17 10 16 9 13 13 11 11 15 11 10 10 13 9 8 16 10 15 11 9 13 10 14 10 7 13 10 16 12 12 10 15 13 15 6 15 11 13 11 15 6 7 2 2 7 12 7 11 10 11 14 9 14 8 14 9 8 13 9 11 11 12 15 5 14 9 9 8 8 10 16 6 9 4 10 11 14 12 15 5 17 11 14 2 13 10 12 10 11 7 17 7 12 4 10 7 3 1 0 0 0 0 0 0 0 0 ]
CSI_DATA,AP,68:FE:71:12:53:8C,-46,11,1,5,1,1,1,0,0,0,0,-95,0,6,1,68377930,0,84,0,0,68.378,384,[84 -64 4 0 0 0 0 0 0 0 0 0 -18 4 -21 10 -20 4 -23 4 -18 3 -16 2 -16 8 -18 7 -21 1 -22 7 -22 2 -15 0 -21 2 -20 -1 -21 3 -19 0 -15 -2 -21 4 -20 3 -16 4 -21 -1 -20 3 -18 3 -16 1 -16 3 -12 3 -3 0 -12 3 -16 -1 -12 5 -16 6 -12 6 -18 5 -18 4 -11 0 -16 4 -18 2 -18 7 -15 9 -18 7 -12 6 -16 3 -17 8 -13 4 -16 4 -12 5 -9 7 -17 8 -16 8 -11 5 -14 10 -12 8 -9 5 0 1 0 0 0 0 0 0 0 0 ]
CSI_DATA,AP,68:FE:71:12:53:8C,-46,11,0,0,0,0,0,0,0,0,0,-94,0,6,1,68478718,0,37,0,0,68.479,128,[84 -64 4 0 0 0 0 0 0 0 0 0 21 6 13 3 20 6 18 11 14 8 20 3 18 9 18 10 12 12 17 12 17 5 19 13 14 10 16 11 12 7 15 5 12 12 8 5 14 7 14 9 16 10 17 11 15 10 14 12 15 7 11 6 2 1 14 4 9 6 10 7 11 7 9 7 14 4 16 5 16 2 14 4 17 8 14 0 16 6 16 3 19 1 17 7 12 0 14 4 17 -1 13 3 10 3 13 1 13 5 12 5 19 1 12 1 17 4 1 -3 0 0 0 0 0 0 0 0 ]
CSI_DATA,AP,68:FE:71:12:53:8C,-49,11,1,2,1,1,1,1,0,0,0,-95,4,6,1,68584673,0,84,0,0,68.585,384,[84 -64 4 0 0 0 0 0 0 0 0 0 -2 -32 -3 -28 5 -31 -2 -30 5 -28 5 -30 8 -24 5 -23 9 -27 4 -29 3 -31 8 -26 6 -22 9 -25 11 -22 2 -22 9 -27 7 -20 10 -27 6 -26 5 -22 3 -21 7 -22 2 -18 9 -21 3 -17 -4 -2 2 -23 6 -21 5 -26 6 -17 3 -21 0 -20 0 -21 6 -23 -1 -19 3 -16 2 -19 2 -18 0 -19 4 -21 -6 -18 -1 -19 -4 -16 1 -15 -4 -22 -1 -17 -2 -16 1 -17 -1 -19 -3 -16 -7 -20 -5 -13 0 -3 0 0 0 0 0 0 0 0 ]
CSI_DATA,AP,68:FE:71:12:53:8C,-41,11,1,6,1,1,1,1,0,0,0,-96,5,6,1,68707934,0,84,0,0,68.708,384,[84 -64 4 0 0 0 0 0 0 0 0 0 -17 11 -12 15 -16 9 -16 13 -13 12 -17 12 -16 13 -15 12 -14 11 -17 5 -16 5 -17 8 -16 8 -12 8 -14 8 -13 3 -19 11 -15 5 -18 10 -17 5 -13 8 -18 5 -16 2 -16 9 -17 5 -18 3 -4 -3 -14 8 -15 5 -15 3 -16 9 -16 5 -12 5 -13 6 -10 12 -11 11 -12 10 -11 13 -12 6 -9 11 -8 7 -8 13 -10 8 -15 7 -9 12 -8 10 -6 8 -8 12 -8 8 -10 6 -7 10 -8 7 -11 11 -3 0 0 0 0 0 0 0 0 0 ]
CSI_DATA,AP,68:FE:71:12:53:8C,-46,11,1,5,1,1,1,0,0,0,0,-96,0,6,1,68816390,0,84,0,0,68.816,384,[84 -64 4 0 0 0 0 0 0 0 0 0 -18 -15 -14 -11 -14 -15 -11 -16 -14 -15 -11 -17 -10 -16 -9 -17 -8 -11 -13 -15 -13 -16 -12 -14 -13 -17 -8 -15 -7 -13 -14 -14 -6 -11 -10 -17 -11 -10 -6 -12 -4 -10 -8 -16 -7 -17 -10 -16 -13 -12 -7 -12 2 1 -10 -17 -9 -10 -9 -14 -12 -8 -8 -9 -11 -13 -13 -14 -9 -8 -12 -8 -14 -10 -14 -8 -14 -7 -7 -9 -7 -9 -6 -13 -16 -13 -13 -6 -7 -9 -11 -9 -11 -5 -16 -5 -10 -11 -10 -10 -10 -7 -8 -3 -9 -6 -4 0 0 0 0 0 0 0 0 0 ]
CSI_DATA,AP,68:FE:71:12:53:8C,-46,11,1,3,1,1,1,0,0,0,0,-95,0,6,1,68909817,0,84,0,0,68.91,384,[84 -64 4 0 0 0 0 0 0 0 0 0 -3 8 -9 0 -12 1 -12 1 -9 2 -3 6 -10 3 -4 5 -6 3 -11 -1 -8 1 -12 4 -7 0 -13 6 -8 3 -7 4 -11 0 -9 0 -7 -2 -8 -1 -6 5 -8 5 -7 -1 -7 0 -8 1 -8 -2 -1 -3 -11 4 -5 5 -9 6 -10 4 -3 2 -5 -1 -11 6 -9 0 -7 2 -3 5 -3 4 -6 5 -11 7 -10 1 -11 3 -9 6 -9 5 -8 5 -3 3 -10 0 -9 4 -7 0 -7 8 -3 6 -3 6 -11 8 2 -1 0 0 0 0 0 0 0 0 ]
CSI_DATA,AP,68:FE:71:12:53:8C,-46,11,1,3,1,1,1,0,0,0,0,-96,0,6,1,69017020,0,84,0,0,69.017,384,[84 -64 4 0 0 0 0 0 0 0 0 0 -12 8 -12 6 -12 13 -11 12 -11 12 -10 4 -18 12 -17 3 -19 8 -17 10 -19 7 -13 6 -18 7 -12 6 -16 6 -12 10 -14 2 -13 2 -13 6 -18 3 -15 9 -14 3 -19 0 -11 2 -18 7 -16 4 -2 1 -11 1 -12 2 -17 6 -18 5 -9 3 -15 2 -17 7 -16 9 -10 4 -17 9 -17 11 -17 9 -15 12 -13 8 -9 11 -16 9 -14 10 -15 13 -16 11 -9 8 -13 6 -13 12 -15 8 -11 14 -13 10 -15 8 2 3 0 0 0 0 0 0 0 0 ]
CSI_DATA,AP,68:FE:71:12:53:8C,-45,11,1,3,1,1,1,0,0,0,0,-93,0,6,1,69122387,0,84,0,0,69.122,384,[84 -64 4 0 0 0 0 0 0 0 0 0 -5 -23 -5 -20 -6 -20 -12 -22 -2 -18 -1 -20 -3 -16 -4 -16 -5 -18 -8 -16 -2 -22 -6 -19 -2 -20 0 -23 -3 -16 -6 -24 -4 -23 -3 -15 3 -15 0 -20 3 -17 -1 -16 -5 -20 1 -16 1 -21 -5 -14 3 4 -6 -19 -3 -17 -6 -14 -2 -17 -2 -13 0 -20 -1 -20 0 -18 -3 -17 -1 -16 -2 -16 -4 -20 -9 -17 -6 -13 -8 -18 -7 -15 -4 -16 -5 -17 -2 -16 -3 -14 -4 -15 -2 -13 -4 -16 -11 -15 -8 -16 -12 -17 -1 -4 0 0 0 0 0 0 0 0 ]
CSI_DATA,AP,68:FE:71:12:53:8C,-46,11,1,5,1,1,1,0,0,0,0,-96,0,6,1,69242474,0,84,0,0,69.242,384,[84 -64 4 0 0 0 0 0 0 0 0 0 20 -3 18 -5 22 2 18 -2 22 -4 19 5 20 0 16 5 13 -2 19 3 14 5 14 6 12 2 19 6 12 7 19 0 16 0 10 2 15 -1 9 3 15 3 10 -1 14 -2 9 4 17 -3 11 2 -4 -1 12 4 15 3 9 2 8 -6 7 -3 14 1 12 -2 12 -1 14 -6 12 -8 14 -2 15 0 15 -8 14 -5 15 -3 7 -2 9 -5 9 -3 12 -5 14 -5 9 -11 6 -10 8 -8 15 -5 8 -7 13 -4 -1 0 0 0 0 0 0 0 0 0 ]
CSI_DATA,AP,68:FE:71:12:53:8C,-48,11,1,3,1,1,1,0,0,0,0,-95,0,6,1,69338783,0,84,0,0,69.339,384,[84 -64 4 0 0 0 0 0 0 0 0 0 1 -30 -3 -29 4 -25 -1 -27 -1 -26 6 -21 2 -20 6 -26 2 -24 2 -18 2 -21 4 -21 8 -21 3 -22 2 -15 8 -19 1 -19 5 -19 2 -21 5 -20 1 -18 5 -18 4 -9 3 -19 5 -16 4 -17 -4 0 1 -11 -5 -17 -2 -15 -2 -9 -5 -14 -3 -12 0 -15 -1 -17 -8 -16 -3 -9 -9 -15 -9 -16 -9 -16 -9 -10 -6 -10 -5 -8 -7 -16 -11 -10 -11 -10 -5 -15 -7 -9 -12 -12 -10 -14 -14 -11 -11 -11 -13 -7 2 3 0 0 0 0 0 0 0 0 ]
CSI_DATA,AP,68:FE:71:12:53:8C,-42,11,1,6,1,1,1,0,0,0,0,-94,0,6,1,69459073,0,84,0,0,69.459,384,[84 -64 4 0 0 0 0 0 0 0 0 0 7 -28 7 -32 9 -29 12 -34 13 -26 15 -25 14 -28 15 -27 11 -23 9 -20 9 -28 13 -25 10 -25 15 -21 10 -17 12 -18 13 -23 7 -17 7 -19 12 -15 11 -13 9 -21 10 -15 10 -18 3 -18 4 -12 3 0 7 -18 5 -15 6 -20 5 -13 1 -17 -3 -15 -2 -19 -3 -12 -4 -12 -2 -14 -3 -11 2 -8 -7 -9 0 -11 -2 -16 -9 -14 -2 -14 -8 -14 -9 -7 -6 -12 -8 -12 -4 -7 -7 -8 -6 -9 -9 -6 -4 -10 2 4 0 0 0 0 0 0 0 0 ]
CSI_DATA,AP,68:FE:71:12:53:8C,-44,11,1,5,1,1,1,0,0,0,0,-94,0,6,1,69563658,0,84,0,0,69.564,384,[84 -64 4 0 0 0 0 0 0 0 0 0 0 15 0 18 6 21 4 21 3 21 4 18 5 19 -1 20 0 16 -3 19 3 19 3 21 1 15 -3 20 -2 13 4 14 0 12 -4 11 1 18 3 15 -2 19 1 12 -3 19 2 17 -4 15 0 18 -3 0 0 15 4 18 2 17 4 15 0 15 4 16 5 11 -2 14 2 12 3 18 3 12 4 12 2 13 7 10 0 16 1 14 0 15 3 15 4 12 1 15 0 9 6 14 2 16 5 10 2 9 5 15 4 -1 0 0 0 0 0 0 0 0 ]
CSI_DATA,AP,68:FE:71:12:53:8C,-47,11,1,3,1,1,1,1,0,0,0,-94,6,6,1,69653854,0,84,0,0,69.654,384,[84 -64 4 0 0 0 0 0 0 0 0 0 -15 0 -20 -6 -16 -4 -16 -1 -21 -9 -18 -4 -15 -3 -19 -5 -18 -8 -15 -5 -16 -7 -17 -3 -18 -4 -19 -6 -12 -5 -19 -9 -19 -6 -16 -9 -15 -3 -16 -3 -17 -3 -13 -3 -9 -8 -15 -3 -18 -5 -14 -5 1 2 -11 -4 -17 -7 -14 0 -15 -7 -12 -1 -15 -3 -19 -1 -16 -3 -16 -4 -17 -3 -16 -4 -17 -6 -20 -1 -17 -5 -13 -3 -15 -2 -19 -6 -19 -2 -22 -8 -17 -4 -15 -4 -15 -6 -19 -3 -19 -5 -16 -7 -21 -5 -2 -1 0 0 0 0 0 0 0 0 ]
CSI_DATA,AP,68:FE:71:12:53:8C,-45,11,1,5,1,1,1,0,0,0,0,-93,0,6,1,69741564,0,84,0,0,69.742,384,[84 -64 4 0 0 0 0 0 0 0 0 0 14 -2 22 0 17 2 24 2 18 -1 23 4 20 6 17 2 17 5 15 3 24 8 20 7 18 3 21 4 19 10 19 7 22 6 17 3 20 10 17 10 18 9 20 5 17 9 17 9 19 9 19 4 0 2 20 4 20 1 24 3 22 1 16 4 16 2 21 1 18 6 16 2 18 -2 17 2 17 0 21 -2 18 -4 21 -3 19 4 18 3 23 0 18 0 22 0 21 -3 20 2 20 1 20 -1 21 -1 18 3 0 -3 0 0 0 0 0 0 0 0 ]
CSI_DATA,AP,68:FE:71:12:53:8C,-42,11,1,4,1,1,1,0,0,0,0,-94,0,6,1,69854621,0,84,0,0,69.855,384,[84 -64 4 0 0 0 0 0 0 0 0 0 10 4 9 1 9 1 8 2 4 3 6 9 8 10 2 5 7 3 3 2 4 3 3 6 8 5 3 11 6 9 9 7 8 12 5 6 8 8 1 7 7 10 1 3 8 8 6 3 2 4 1 10 -1 -3 8 3 7 8 3 2 5 8 1 3 5 7 9 7 6 10 9 2 4 6 5 7 8 6 9 2 5 9 4 7 2 6 4 6 4 7 5 8 4 0 3 2 4 8 5 5 7 4 8 7 6 4 4 1 0 0 0 0 0 0 0 0 ]
CSI_DATA,AP,68:FE:71:12:53:8C,-48,11,1,3,1,1,1,0,0,0,0,-93,0,6,1,69939507,0,84,0,0,69.94,384,[84 -64 4 0 0 0 0 0 0 0 0 0 11 -10 16 -15 12 -10 14 -7 18 -11 13 -8 15 -12 20 -10 19 -9 19 -3 24 -9 16 -4 20 -2 23 -6 16 -9 23 -7 18 -2 18 -1 22 -5 16 0 22 -7 17 -5 14 -2 17 -6 22 -5 23 -3 0 3 22 -3 18 -7 18 -6 20 -6 20 -1 16 -5 22 -5 19 -9 16 -9 16 -8 19 -11 18 -3 20 -8 18 -6 15 -8 15 -9 16 -8 20 -12 20 -11 19 -11 13 -11 17 -11 14 -15 19 -13 19 -9 14 -10 2 4 0 0 0 0 0 0 0 0 ]
CSI_DATA,AP,68:FE:71:12:53:8C,-41,11,1,6,1,1,1,0,0,0,0,-95,0,6,1,70011645,0,84,0,0,70.012,384,[84 -64 4 0 0 0 0 0 0 0 0 0 0 16 0 11 -1 15 1 18 7 20 4 15 6 14 3 14 -2 16 3 14 2 21 4 21 -1 21 2 14 1 15 1 17 -5 21 3 20 -4 16 -5 22 2 18 -1 18 -6 20 0 22 -4 23 -1 18 4 -2 -5 20 -1 16 -4 17 -2 19 -2 14 0 18 0 22 3 18 1 20 1 15 4 20 1 14 -1 14 5 14 -3 15 2 17 0 21 2 13 -1 14 5 18 6 19 3 18 1 21 7 20 0 15 7 18 -4 2 0 0 0 0 0 0 0 0 ]
CSI_DATA,AP,68:FE:71:12:53:8C,-44,11,1,3,1,1,1,0,0,0,1,-95,0,6,1,70121923,0,84,0,0,70.122,384,[84 -64 4 0 0 0 0 0 0 0 0 0 8 8 13 1 14 9 11 7 12 8 12 4 10 10 9 8 8 5 13 4 7 5 10 12 6 10 9 9 8 9 7 10 8 7 3 7 9 8 8 5 3 9 10 3 5 7 3 10 4 9 4 5 2 0 8 3 10 2 5 6 7 7 8 9 9 5 9 7 5 2 5 8 8 7 10 4 7 4 4 2 7 8 6 0 13 1 7 1 6 0 8 2 7 1 12 -2 6 0 12 -2 5 1 13 0 11 0 0 3 0 0 0 0 0 0 0 0 ]
CSI_DATA,AP,68:FE:71:12:53:8C,-40,11,1,5,1,1,1,0,0,0,0,-94,0,6,1,70221176,0,84,0,0,70.221,384,[82 -96 4 0 0 0 0 0 0 0 0 0 -17 -1 -16 -4 -22 3 -16 -2 -21 2 -18 1 -15 0 -16 -4 -18 -6 -21 -3 -15 -6 -16 -6 -19 -6 -16 -2 -18 -5 -15 -7 -18 -6 -14 -7 -15 -5 -18 -6 -19 0 -19 -7 -17 -7 -12 -7 -15 0 -17 -3 -1 -1 -10 -4 -11 -3 -15 1 -14 2 -14 1 -12 1 -19 -2 -12 -1 -15 3 -15 3 -10 -4 -12 -4 -12 -2 -14 -2 -18 5 -13 1 -12 -2 -14 4 -18 0 -11 4 -13 0 -16 3 -13 0 -12 7 -18 4 -15 0 -2 0 0 0 0 0 0 0 0 0 ]
CSI_DATA,AP,68:FE:71:12:53:8C,-45,11,1,3,1,1,1,0,0,0,0,-95,0,6,1,70309800,0,84,0,0,70.31,384,[84 -64 4 0 0 0 0 0 0 0 0 0 5 20 9 19 6 19 10 16 7 12 9 13 10 18 5 19 2 21 1 22 5 14 3 16 6 16 2 21 8 21 1 15 7 16 7 14 1 21 -1 19 2 16 6 17 7 15 0 18 3 14 0 15 -4 -4 7 13 2 12 7 14 7 17 6 14 0 15 2 12 5 18 4 12 6 16 9 18 4 15 8 11 2 15 10 17 6 13 7 10 10 12 11 10 7 16 11 17 4 12 12 15 5 14 7 12 7 16 4 0 0 0 0 0 0 0 0 0 ]
CSI_DATA,AP,68:FE:71:12:53:8C,-47,11,1,4,1,1,1,0,0,0,0,-96,0,6,1,70402247,0,84,0,0,70.402,384,[84 -64 4 0 0 0 0 0 0 0 0 0 -14 -20 -14 -20 -16 -19 -10 -18 -11 -22 -14 -20 -10 -21 -10 -17 -8 -18 -4 -16 -6 -17 -10 -16 -7 -21 -8 -22 -10 -15 -10 -22 -9 -22 -10 -17 -2 -22 -2 -15 -5 -18 -6 -16 -3 -15 -10 -18 -9 -14 -7 -19 3 -4 -7 -12 -7 -14 -9 -19 -4 -15 -12 -16 -5 -14 -4 -18 -6 -17 -4 -15 -12 -13 -8 -15 -13 -10 -6 -9 -9 -17 -14 -10 -9 -17 -14 -10 -7 -9 -7 -8 -8 -14 -14 -11 -12 -15 -16 -12 -9 -13 -11 -11 -8 -15 4 -2 0 0 0 0 0 0 0 0 ]
CSI_DATA,AP,68:FE:71:12:53:8C,-43,11,1,5,1,1,1,0,0,0,0,-95,0,6,1,70503490,0,84,0,0,70.503,384,[84 -64 4 0 0 0 0 0 0 0 0 0 19 2 19 1 19 1 19 2 21 1 19 8 17 9 14 6 16 9 18 4 18 11 21 3 19 9 19 5 14 10 16 7 12 7 18 3 16 8 19 8 11 10 17 8 13 2 15 4 11 5 15 6 3 4 17 1 14 1 18 2 18 5 18 7 12 6 12 2 14 3 15 3 11 3 10 -1 10 6 15 5 17 0 15 -1 14 5 13 1 14 -1 17 1 15 1 11 0 18 0 11 0 14 -4 16 -3 11 1 2 -4 0 0 0 0 0 0 0 0 ]
CSI_DATA,AP,68:FE:71:12:53:8C,-44,11,1,3,1,1,1,0,0,0,0,-93,0,6,1,70595091,0,84,0,0,70.595,384,[84 -64 4 0 0 0 0 0 0 0 0 0 9 19 3 17 8 23 6 21 2 19 3 14 8 18 7 18 2 22 6 18 1 19 4 16 4 18 -2 18 2 21 4 17 1 17 -1 20 4 17 3 14 0 15 1 18 0 20 6 14 -1 20 -1 15 4 1 1 15 3 12 2 15 5 13 5 11 8 12 4 17 6 15 5 15 4 14 3 15 2 12 6 13 1 14 2 15 1 10 4 13 4 9 4 9 7 13 3 10 4 11 6 17 5 10 10 12 6 11 4 -4 0 0 0 0 0 0 0 0 ]
CSI_DATA,AP,68:FE:71:12:53:8C,-50,11,0,0,0,0,0,0,0,0,0,-94,0,6,1,70680172,0,37,0,0,70.68,128,[84 -64 4 0 0 0 0 0 0 0 0 0 37 12 38 11 37 15 37 16 32 15 33 15 37 16 27 23 28 19 34 21 27 21 31 26 26 27 30 21 29 24 26 19 28 23 23 23 26 20 25 21 30 20 22 24 22 17 24 21 25 26 24 17 -2 -3 26 22 24 21 22 23 29 14 27 20 29 13 27 21 24 18 28 13 26 12 33 18 31 19 30 16 28 15 25 9 31 14 30 10 32 12 29 9 28 8 32 8 30 11 29 13 35 11 32 9 33 7 2 -3 0 0 0 0 0 0 0 0 ]
CSI_DATA,AP,68:FE:71:12:53:8C,-44,11,1,4,1,1,1,0,0,0,0,-95,0,6,1,70779300,0,84,0,0,70.779,384,[84 -64 4 0 0 0 0 0 0 0 0 0 16 1 17 -3 22 -2 21 1 24 1 15 -1 17 4 18 7 18 4 18 5 17 2 18 1 20 2 15 0 20 3 20 9 19 9 16 1 12 2 14 8 17 5 19 0 13 5 19 1 17 7 16 3 1 3 17 8 18 7 18 4 11 3 14 3 19 4 19 5 15 6 12 1 12 -1 13 3 14 2 12 -3 19 -3 17 3 16 2 14 1 18 1 18 3 13 -4 16 1 18 -2 19 -3 16 -7 14 -1 15 -7 2 -3 0 0 0 0 0 0 0 0 ]
CSI_DATA,AP,68:FE:71:12:53:8C,-49,11,1,3,1,1,1,0,0,0,0,-95,0,6,1,70880016,0,84,0,0,70.88,384,[84 -64 4 0 0 0 0 0 0 0 0 0 -22 17 -24 15 -27 13 -25 17 -27 15 -25 15 -24 12 -24 14 -23 16 -29 16 -31 16 -30 16 -24 11 -23 15 -26 9 -28 12 -27 6 -21 10 -29 7 -22 12 -24 9 -25 8 -21 9 -29 9 -24 9 -22 7 -3 0 -22 11 -27 10 -24 15 -23 13 -18 13 -21 9 -22 15 -21 9 -23 16 -16 8 -24 17 -18 8 -15 12 -23 12 -22 17 -18 14 -19 13 -17 15 -23 15 -20 19 -20 12 -18 16 -15 16 -17 14 -13 20 -17 14 1 -1 0 0 0 0 0 0 0 0 ]
CSI_DATA,AP,68:FE:71:12:53:8C,-41,11,1,5,1,1,1,0,0,0,0,-95,0,6,1,70982411,0,82,0,0,70.982,384,[84 -64 4 0 0 0 0 0 0 0 0 0 14 11 18 5 22 8 18 6 21 7 14 13 19 16 13 14 16 12 15 10 19 16 13 17 14 13 10 9 12 10 11 13 13 11 15 10 15 10 16 15 15 13 16 16 9 14 10 10 9 13 16 10 -3 -3 14 9 9 11 13 7 11 14 13 11 16 9 11 11 15 9 14 7 12 7 18 11 12 9 15 11 12 4 11 9 13 3 11 8 12 6 19 7 17 7 12 9 13 2 20 1 20 3 15 1 14 8 1 -3 0 0 0 0 0 0 0 0 ]
CSI_DATA,AP,68:FE:71:12:53:8C,-50,11,1,1,1,1,1,0,0,0,0,-95,0,6,1,71089210,0,84,0,0,71.089,384,[84 -64 4 0 0 0 0 0 0 0 0 0 30 -22 28 -17 31 -14 28 -19 30 -14 25 -12 32 -12 30 -10 31 -9 23 -12 26 -10 32 -9 32 -11 25 -11 27 -3 25 -8 30 -11 21 -5 22 -7 28 -6 21 -7 24 -3 26 -3 28 -11 23 -12 28 -4 0 4 22 -4 25 -6 24 -12 23 -11 24 -9 25 -13 20 -15 21 -7 19 -12 20 -10 18 -15 16 -13 21 -12 19 -10 24 -15 17 -17 19 -14 17 -15 20 -11 21 -15 15 -17 22 -12 21 -15 15 -19 21 -11 19 -17 -4 -1 0 0 0 0 0 0 0 0 ]
CSI_DATA,AP,68:FE:71:12:53:8C,-47,11,1,4,1,1,1,1,0,0,0,-93,6,6,1,71176455,0,84,0,0,71.176,384,[84 -64 4 0 0 0 0 0 0 0 0 0 1 -22 -4 -22 -3 -15 -3 -15 -3 -23 1 -21 -2 -17 2 -22 -2 -16 5 -17 4 -17 1 -22 6 -21 4 -16 4 -21 3 -18 4 -20 7 -17 -1 -12 0 -17 7 -20 4 -18 7 -15 6 -12 0 -14 3 -11 0 -3 4 -18 1 -18 3 -15 5 -17 -1 -11 4 -12 3 -17 0 -11 5 -16 2 -18 -2 -15 1 -16 -2 -19 -4 -13 -4 -10 2 -15 -4 -17 -4 -18 1 -18 1 -11 -4 -16 -5 -15 -5 -17 -6 -19 -3 -13 -3 -15 -1 3 0 0 0 0 0 0 0 0 ]
CSI_DATA,AP,68:FE:71:12:53:8C,-44,11,0,0,0,0,0,0,0,0,0,-96,0,6,1,71294462,0,37,0,0,71.294,128,[84 -64 4 0 0 0 0 0 0 0 0 0 -21 5 -17 9 -16 8 -19 7 -16 7 -17 2 -20 3 -18 4 -20 5 -16 2 -19 4 -16 0 -19 6 -23 6 -19 0 -21 0 -20 5 -14 4 -16 0 -20 5 -15 6 -14 0 -16 4 -17 7 -16 -1 -13 6 4 -2 -15 1 -18 5 -18 4 -20 8 -16 8 -19 6 -15 3 -12 8 -17 5 -12 6 -12 10 -17 10 -11 2 -15 3 -16 6 -17 10 -10 9 -14 10 -13 9 -9 8 -18 9 -10 4 -14 13 -13 11 -10 12 -15 5 0 -2 0 0 0 0 0 0 0 0 ]
CSI_DATA,AP,68:FE:71:12:53:8C,-49,11,1,1,1,1,1,1,0,0,0,-95,6,6,1,71378139,0,82,0,0,71.378,384,[84 -64 4 0 0 0 0 0 0 0 0 0 -15 7 -16 11 -18 9 -18 11 -17 7 -20 6 -19 10 -23 1 -23 9 -17 8 -18 7 -23 2 -21 0 -18 6 -17 2 -14 0 -21 6 -16 7 -22 7 -14 1 -14 5 -16 6 -12 6 -20 2 -14 0 -21 3 0 4 -15 2 -17 3 -20 6 -16 1 -13 7 -19 1 -12 4 -16 9 -12 9 -13 4 -15 9 -11 9 -10 4 -16 7 -18 6 -14 6 -12 11 -13 5 -14 9 -14 5 -9 11 -11 12 -16 6 -18 8 -11 12 -9 11 -2 -1 0 0 0 0 0 0 0 0 ]
CSI_DATA,AP,68:FE:71:12:53:8C,-48,11,1,3,1,1,1,0,0,0,0,-93,0,6,1,71490746,0,84,0,0,71.491,384,[84 -64 4 0 0 0 0 0 0 0 0 0 4 -15 6 -18 4 -17 0 -17 3 -20 3 -20 6 -15 1 -22 5 -17 8 -16 9 -18 1 -17 1 -21 2 -15 5 -14 5 -17 9 -20 3 -15 8 -14 7 -19 6 -16 8 -13 3 -11 6 -11 8 -16 4 -18 1 -3 2 -16 6 -11 3 -10 5 -16 5 -10 4 -15 7 -13 2 -13 3 -11 1 -17 0 -15 3 -17 6 -17 1 -14 -1 -18 5 -18 5 -12 5 -18 5 -13 1 -14 4 -19 -1 -17 2 -16 2 -16 2 -19 1 -15 -3 -3 0 0 0 0 0 0 0 0 ]
CSI_DATA,AP,68:FE:71:12:53:8C,-43,11,1,6,1,1,1,0,0,0,0,-94,0,6,1,71586848,0,84,0,0,71.587,384,[84 -64 4 0 0 0 0 0 0 0 0 0 -9 20 -9 15 -13 19 -12 21 -8 17 -15 13 -7 16 -16 17 -12 18 -14 16 -13 15 -16 12 -11 17 -11 12 -15 13 -10 15 -11 15 -15 10 -12 15 -16 10 -8 9 -7 11 -15 15 -10 15 -8 10 -14 10 3 -2 -10 11 -9 18 -8 13 -12 18 -5 11 -10 10 -6 10 -11 17 -7 13 -10 13 -3 11 -10 15 -3 13 -7 17 -9 13 -4 10 -2 19 -9 12 -7 14 -4 13 -4 16 0 19 -7 13 1 16 -7 19 -1 14 3 2 0 0 0 0 0 0 0 0 ]
CSI_DATA,AP,68:FE:71:12:53:8C,-45,11,1,5,1,1,1,0,0,0,0,-95,0,6,1,71704992,0,84,0,0,71.705,384,[84 -64 4 0 0 0 0 0 0 0 0 0 -19 1 -21 -1 -25 0 -18 -3 -19 -2 -17 -4 -16 -8 -20 -8 -16 -8 -15 -8 -19 -6 -14 -11 -14 -4 -16 -6 -15 -8 -16 -5 -18 -12 -19 -10 -15 -7 -14 -7 -12 -11 -14 -6 -17 -10 -15 -4 -19 -10 -18 -11 -3 -3 -17 -11 -12 -3 -18 -8 -11 -2 -15 -7 -13 -10 -18 -4 -12 -9 -17 -2 -20 -3 -14 -6 -11 -5 -17 -5 -17 -3 -13 -7 -16 -3 -14 -6 -17 0 -13 2 -20 -2 -12 -4 -14 -2 -13 -1 -16 3 -16 -1 -13 -4 -2 -2 0 0 0 0 0 0 0 0 ]
CSI_DATA,AP,68:FE:71:12:53:8C,-46,11,1,4,1,1,1,1,0,0,0,-94,2,6,1,71812613,0,84,0,0,71.813,384,[84 -64 4 0 0 0 0 0 0 0 0 0 4 17 3 17 -4 22 -2 19 0 15 -4 18 1 14 -2 20 -1 15 -4 20 -3 18 -3 21 -4 21 -5 13 -3 14 -2 14 -2 20 -1 11 -2 13 -3 12 -7 16 0 13 -3 16 0 19 0 13 -4 12 -3 -3 -3 11 -1 18 -1 12 -2 14 -4 11 -5 11 -1 12 0 11 -2 12 -3 18 0 18 4 10 2 17 -1 18 1 16 4 11 2 17 5 14 6 15 3 16 1 16 3 16 7 17 7 13 2 13 8 9 -4 2 0 0 0 0 0 0 0 0 ]
CSI_DATA,AP,68:FE:71:12:53:8C,-46,11,1,5,1,1,1,0,0,0,0,-94,0,6,1,71889862,0,84,0,0,71.89,384,[84 -64 4 0 0 0 0 0 0 0 0 0 -3 18 -1 24 -6 16 -1 23 -5 17 -2 21 -1 19 -2 18 -2 16 -5 15 -7 17 -6 17 -7 16 -9 15 -3 22 -9 19 -9 20 -4 18 -9 13 -8 15 -5 20 -6 16 -10 16 -4 16 -2 19 -4 15 -3 -4 -7 16 -4 17 -6 15 -6 16 -4 16 0 11 -1 19 -6 17 -7 16 -1 12 -3 14 -1 16 0 12 3 15 0 10 3 12 -5 10 -4 12 4 13 3 18 0 19 3 19 0 17 5 18 0 11 1 16 -1 -2 0 0 0 0 0 0 0 0 ]
CSI_DATA,AP,68:FE:71:12:53:8C,-46,11,1,3,1,1,1,0,0,0,0,-96,0,6,1,71985868,0,84,0,0,71.986,384,[84 -64 4 0 0 0 0 0 0 0 0 0 -19 4 -17 2 -25 -1 -24 -4 -19 -2 -24 1 -17 0 -15 -7 -16 -6 -23 -4 -23 -4 -21 -10 -18 -8 -17 -4 -17 -1 -22 -6 -17 -9 -15 -2 -17 -8 -16 -2 -19 -2 -17 -3 -13 -5 -15 -8 -18 -6 -16 -3 -4 -3 -16 -8 -15 -6 -19 -3 -15 -2 -15 1 -11 -1 -16 0 -11 -6 -13 -3 -14 0 -19 -7 -12 -2 -14 0 -11 1 -12 -1 -14 2 -19 2 -16 2 -15 1 -19 -1 -20 -1 -15 1 -20 2 -13 -1 -20 -2 -20 4 -1 -3 0 0 0 0 0 0 0 0 ]
CSI_DATA,AP,68:FE:71:12:53:8C,-48,11,1,4,1,1,1,0,0,0,0,-93,0,6,1,72070333,0,84,0,0,72.07,384,[84 -64 4 0 0 0 0 0 0 0 0 0 -14 9 -17 12 -20 12 -21 7 -20 5 -22 5 -16 10 -14 9 -17 9 -17 2 -17 7 -18 5 -22 2 -15 0 -20 4 -18 0 -15 3 -17 4 -15 5 -20 -1 -13 0 -15 2 -13 0 -19 4 -13 0 -13 1 1 4 -17 2 -13 6 -15 8 -18 9 -14 7 -16 3 -17 4 -14 3 -10 8 -17 4 -15 11 -10 6 -14 8 -12 5 -10 4 -14 5 -11 4 -13 5 -15 5 -9 5 -15 7 -16 8 -16 12 -11 14 -16 6 -12 10 -4 2 0 0 0 0 0 0 0 0 ]
CSI_DATA,AP,68:FE:71:12:53:8C,-44,11,1,3,1,1,1,0,0,0,0,-95,0,6,1,72186768,0,84,0,0,72.187,384,[84 -64 4 0 0 0 0 0 0 0 0 0 0 -23 -2 -24 1 -20 7 -18 4 -17 0 -18 5 -16 6 -21 2 -23 7 -17 5 -15 11 -21 10 -19 8 -21 5 -21 9 -14 6 -20 10 -12 8 -18 6 -12 10 -20 9 -19 9 -18 7 -15 7 -15 4 -17 -1 -1 1 -14 8 -16 8 -16 6 -16 3 -19 3 -13 8 -16 6 -13 6 -12 4 -19 1 -20 2 -16 5 -15 -3 -18 0 -12 1 -14 5 -14 3 -20 -2 -15 -5 -20 1 -14 1 -12 -1 -17 -3 -21 -5 -12 0 -13 2 4 0 0 0 0 0 0 0 0 ]
CSI_DATA,AP,68:FE:71:12:53:8C,-45,11,1,5,1,1,1,0,0,0,0,-95,0,6,1,72318330,0,84,0,0,72.318,384,[84 -64 4 0 0 0 0 0 0 0 0 0 12 -13 13 -11 19 -14 16 -14 18 -9 17 -12 21 -13 13 -8 20 -6 14 -9 22 -13 18 -11 15 -7 20 -6 14 -10 21 -7 19 -9 13 -5 20 -12 19 -9 12 -5 14 -5 12 -9 13 -8 16 -10 13 -13 1 0 17 -4 18 -10 17 -6 14 -11 15 -9 15 -6 18 -7 11 -12 9 -7 14 -14 10 -15 15 -15 10 -8 13 -14 8 -16 15 -10 14 -13 8 -13 13 -14 9 -15 12 -15 9 -16 13 -12 6 -11 13 -11 6 -15 -4 0 0 0 0 0 0 0 0 0 ]
CSI_DATA,AP,68:FE:71:12:53:8C,-49,11,1,1,1,1,1,1,0,0,0,-93,6,6,1,72397605,0,84,0,0,72.398,384,[84 -64 4 0 0 0 0 0 0 0 0 0 5 22 6 17 13 21 8 17 6 18 4 18 3 15 1 15 7 20 9 22 1 17 0 21 3 17 7 23 7 18 0 20 4 20 2 18 6 16 1 21 0 18 4 15 -1 11 2 18 2 16 1 19 -3 2 1 13 1 18 6 19 6 11 7 18 6 18 8 17 7 14 8 12 4 16 11 17 4 16 8 14 4 10 5 12 4 16 7 10 12 11 12 14 11 8 13 11 9 12 10 13 11 17 9 9 13 9 -3 -4 0 0 0 0 0 0 0 0 ]
CSI_DATA,AP,68:FE:71:12:53:8C,-40,11,0,0,0,0,0,0,0,0,0,-93,0,6,1,72506504,0,37,0,0,72.507,128,[84 -64 4 0 0 0 0 0 0 0 0 0 -21 -14 -18 -14 -14 -16 -13 -15 -19 -11 -18 -17 -12 -19 -9 -14 -17 -15 -11 -13 -10 -15 -11 -19 -12 -19 -17 -20 -12 -15 -14 -19 -9 -12 -11 -14 -11 -18 -8 -13 -9 -17 -12 -15 -10 -18 -9 -18 -7 -17 -7 -16 -1 3 -15 -14 -13 -11 -10 -16 -11 -16 -13 -13 -14 -18 -8 -10 -14 -9 -14 -13 -10 -14 -12 -13 -13 -13 -14 -10 -11 -14 -11 -11 -17 -8 -12 -9 -18 -14 -14 -7 -12 -13 -18 -14 -17 -8 -16 -10 -13 -5 -13 -9 -12 -12 -3 3 0 0 0 0 0 0 0 0 ]
CSI_DATA,AP,68:FE:71:12:53:8C,-48,11,1,3,1,1,1,1,0,0,0,-94,4,6,1,72608137,0,84,0,0,72.608,384,[84 -64 4 0 0 0 0 0 0 0 0 0 20 11 17 14 14 12 20 13 18 12 13 11 12 9 11 17 14 13 11 17 18 13 19 15 18 14 19 12 10 19 11 20 12 12 12 10 16 11 11 18 8 15 14 11 7 11 14 17 14 16 13 17 -3 -2 13 8 17 11 16 15 10 8 11 11 12 12 15 12 10 14 10 9 15 5 17 12 15 13 14 5 13 9 18 12 14 6 12 13 16 9 19 8 17 7 11 4 11 5 14 3 16 8 15 4 16 1 -1 1 0 0 0 0 0 0 0 0 ]
CSI_DATA,AP,68:FE:71:12:53:8C,-45,11,1,4,1,1,1,0,0,0,0,-94,0,6,1,72714881,0,84,0,0,72.715,384,[84 -64 4 0 0 0 0 0 0 0 0 0 16 13 19 16 22 17 17 12 18 15 16 18 15 14 17 17 15 15 10 15 14 18 16 21 8 15 13 13 8 19 10 20 13 16 9 17 12 11 15 15 9 14 10 16 11 14 10 14 10 12 9 12 0 1 15 10 15 15 15 16 18 9 16 9 15 15 14 12 15 13 10 6 11 12 14 11 16 7 12 11 12 11 14 7 19 11 12 9 19 3 17 4 11 1 15 8 16 9 15 4 15 8 18 8 19 6 -2 -2 0 0 0 0 0 0 0 0 ]
CSI_DATA,AP,68:FE:71:12:53:8C,-42,11,1,6,1,1,1,0,0,0,0,-95,0,6,1,72804206,0,84,0,0,72.804,384,[84 -64 4 0 0 0 0 0 0 0 0 0 11 -20 12 -20 10 -22 14 -22 11 -17 8 -19 16 -17 8 -12 16 -15 13 -19 15 -14 17 -19 11 -13 15 -14 9 -17 16 -19 17 -18 15 -10 10 -12 11 -14 14 -9 15 -9 13 -11 12 -13 12 -12 16 -15 2 4 7 -12 12 -13 11 -16 6 -10 6 -13 13 -16 10 -17 5 -13 8 -17 7 -16 4 -19 10 -10 10 -16 10 -15 6 -14 5 -16 5 -18 9 -13 9 -18 5 -15 7 -13 5 -16 6 -19 3 -14 6 -15 9 -12 3 -1 0 0 0 0 0 0 0 0 ]
CSI_DATA,AP,68:FE:71:12:53:8C,-46,11,1,3,1,1,1,0,0,0,0,-96,0,6,1,72916647,0,84,0,0,72.917,384,[84 -64 4 0 0 0 0 0 0 0 0 0 -4 21 1 19 -1 25 0 26 0 25 -7 23 -8 25 -4 17 -8 22 -8 20 -2 17 -5 20 -7 19 -6 17 -9 20 -5 21 -8 18 -5 14 -2 18 -7 20 -10 18 -9 15 -9 14 -2 17 -4 15 -10 21 1 -1 -4 20 -1 20 -1 16 -5 15 -3 12 -4 15 0 13 -6 18 0 16 0 20 1 19 0 14 -1 12 -4 20 0 19 0 20 2 22 0 13 1 20 4 17 -2 19 0 19 0 14 7 15 3 16 5 17 3 2 0 0 0 0 0 0 0 0 ]
CSI_DATA,AP,68:FE:71:12:53:8C,-47,11,1,3,1,1,1,0,0,0,0,-95,0,6,1,73006300,0,84,0,0,73.006,384,[84 -64 4 0 0 0 0 0 0 0 0 0 19 0 24 -7 24 -1 27 -4 22 -5 18 -1 23 -3 24 -3 20 3 20 -2 22 5 25 -2 23 1 17 0 22 4 16 4 20 4 15 4 16 0 17 -2 20 1 21 0 21 0 18 6 21 -2 19 -1 -3 1 17 3 16 4 17 4 15 3 14 0 20 0 20 -4 15 -4 17 -4 20 -6 15 -3 12 0 17 -5 16 -4 13 -4 15 -5 13 -7 17 -9 20 -4 14 -6 20 -1 15 -5 12 -5 19 -10 19 -3 13 -2 0 -2 0 0 0 0 0 0 0 0 ]
CSI_DATA,AP,68:FE:71:12:53:8C,-44,11,1,3,1,1,1,0,0,0,0,-95,0,6,1,73109264,0,84,0,0,73.109,384,[84 -64 4 0 0 0 0 0 0 0 0 0 21 -3 18 4 22 -2 27 6 19 3 20 5 18 8 19 3 17 2 21 3 20 0 19 1 24 6 21 6 16 1 16 2 21 6 13 8 14 7 15 10 18 6 19 6 13 2 15 8 19 6 15 7 3 -4 13 7 20 7 17 8 15 4 13 2 14 1 13 1 18 2 19 0 17 4 14 -3 19 0 14 -4 18 1 20 1 21 -6 16 2 19 -3 17 -3 15 -5 19 -2 17 -1 18 -1 14 -8 14 -7 15 -8 -1 2 0 0 0 0 0 0 0 0 ]
CSI_DATA,AP,68:FE:71:12:53:8C,-46,11,0,0,0,0,0,0,0,0,0,-94,0,6,1,73213023,0,37,0,0,73.213,128,[84 -64 4 0 0 0 0 0 0 0 0 0 7 19 6 20 5 17 11 18 10 17 3 18 9 19 2 18 6 19 6 17 2 18 7 18 7 15 4 22 7 21 0 17 5 20 2 17 5 15 7 21 0 14 0 17 2 17 1 16 4 22 2 18 0 -2 0 18 3 19 8 15 1 16 8 11 2 16 9 16 8 17 4 11 2 14 9 16 4 13 2 18 6 12 6 17 10 16 4 13 8 11 9 13 5 12 12 9 9 9 7 11 9 16 11 13 14 15 0 0 0 0 0 0 0 0 0 0 ]
CSI_DATA,AP,68:FE:71:12:53:8C,-49,11,0,0,0,0,0,0,0,0,0,-93,0,6,1,73340159,0,37,0,0,73.34,128,[84 -64 4 0 0 0 0 0 0 0 0 0 -16 14 -14 13 -13 16 -13 17 -11 17 -11 13 -12 15 -19 13 -16 10 -11 16 -13 18 -13 12 -15 12 -19 17 -11 12 -19 9 -18 14 -11 11 -11 7 -12 8 -16 13 -10 9 -13 7 -17 11 -16 9 -14 7 4 1 -10 8 -12 10 -12 11 -15 10 -14 12 -13 11 -14 7 -12 13 -9 8 -11 10 -6 10 -11 13 -12 16 -13 16 -12 10 -7 11 -6 19 -12 18 -7 14 -9 11 -8 10 -6 15 -4 10 -11 20 -7 14 -3 17 1 2 0 0 0 0 0 0 0 0 ]
CSI_DATA,AP,68:FE:71:12:53:8C,-47,11,1,3,1,1,1,0,0,0,0,-95,0,6,1,73434536,0,84,0,0,73.435,384,[84 -64 4 0 0 0 0 0 0 0 0 0 -2 -20 0 -17 -6 -19 3 -19 2 -18 -2 -17 3 -24 0 -16 5 -19 -1 -17 0 -23 0 -22 3 -23 0 -20 4 -18 6 -24 3 -21 3 -21 5 -16 7 -18 4 -16 2 -18 3 -17 4 -15 1 -14 -1 -21 -1 4 3 -15 5 -21 5 -14 4 -20 6 -19 3 -22 0 -21 4 -20 -1 -14 -4 -13 -3 -21 -6 -16 2 -21 2 -18 1 -18 -5 -15 -1 -18 -3 -18 -3 -13 -7 -13 -5 -16 -5 -19 -3 -18 -6 -20 -6 -17 -1 -12 -2 -1 0 0 0 0 0 0 0 0 ]
CSI_DATA,AP,68:FE:71:12:53:8C,-48,11,1,4,1,1,1,0,0,0,0,-95,0,6,1,73532964,0,84,0,0,73.533,384,[84 -64 4 0 0 0 0 0 0 0 0 0 21 -4 23 0 19 -1 24 0 19 2 15 0 25 1 19 -3 22 -2 24 2 19 -2 24 5 20 4 21 6 17 7 19 -1 14 4 20 2 18 3 20 6 15 0 22 1 20 4 21 4 22 0 18 1 1 4 18 -2 15 4 19 4 14 -2 13 3 14 2 18 2 13 -2 12 -1 16 -5 14 -6 16 -1 15 2 16 0 19 -4 19 -3 18 -5 16 -6 18 -6 19 0 19 -5 16 -7 14 -7 12 -7 15 -1 17 -6 -1 -3 0 0 0 0 0 0 0 0 ]
CSI_DATA,AP,68:FE:71:12:53:8C,-43,11,1,6,1,1,1,0,0,0,0,-95,0,6,1,73649666,0,84,0,0,73.65,384,[84 -64 4 0 0 0 0 0 0 0 0 0 -4 -18 -5 -25 -2 -21 0 -21 1 -22 2 -24 4 -20 -1 -21 -1 -18 -1 -19 -2 -19 1 -23 1 -21 4 -24 7 -19 0 -20 7 -17 5 -16 4 -15 -1 -21 -1 -20 2 -21 0 -14 6 -16 5 -14 6 -15 0 0 -1 -21 4 -21 -2 -19 -4 -17 0 -18 1 -14 5 -13 -4 -13 1 -16 0 -14 -3 -17 1 -15 -3 -21 2 -17 2 -20 0 -16 1 -17 -1 -15 -5 -18 -5 -15 -4 -17 -1 -19 -8 -17 -2 -21 -2 -17 -3 -20 4 0 0 0 0 0 0 0 0 0 ]
CSI_DATA,AP,68:FE:71:12:53:8C,-44,11,1,5,1,1,1,0,0,0,0,-95,0,6,1,73734249,0,84,0,0,73.734,384,[84 -64 4 0 0 0 0 0 0 0 0 0 -26 0 -24 -1 -21 1 -26 -1 -26 0 -20 -3 -19 -1 -20 -7 -25 -5 -22 -2 -20 -7 -21 -4 -21 -4 -17 -8 -17 -4 -18 -9 -19 -9 -17 -4 -20 -9 -22 -7 -16 -9 -22 -6 -14 -2 -21 -9 -21 -2 -19 -7 0 -1 -15 -7 -19 -2 -16 -6 -17 -6 -16 -1 -20 -7 -16 -4 -20 0 -21 -1 -17 -5 -16 -2 -20 1 -15 2 -20 -1 -19 3 -14 0 -14 1 -13 -4 -18 2 -12 3 -15 2 -21 -3 -14 1 -19 -1 -20 7 -21 -1 0 0 0 0 0 0 0 0 0 0 ]
CSI_DATA,AP,68:FE:71:12:53:8C,-49,11,1,2,1,1,1,0,0,0,0,-93,0,6,1,73806280,0,84,0,0,73.806,384,[84 -64 4 0 0 0 0 0 0 0 0 0 9 17 12 11 14 17 12 20 14 16 11 16 15 21 12 14 14 18 6 21 6 19 11 20 10 17 4 16 7 13 12 22 12 18 7 17 10 16 11 15 6 15 9 16 8 12 8 19 10 16 10 14 -1 1 9 14 11 17 9 18 12 13 5 13 7 10 7 9 10 9 12 17 9 10 8 17 11 10 11 16 11 12 9 12 15 12 10 13 14 14 11 14 8 10 16 6 13 7 14 10 9 9 15 12 10 13 0 1 0 0 0 0 0 0 0 0 ]
CSI_DATA,AP,68:FE:71:12:53:8C,-41,11,1,6,1,1,1,0,0,0,0,-93,0,6,1,73887135,0,84,0,0,73.887,384,[84 -64 4 0 0 0 0 0 0 0 0 0 21 4 17 4 21 8 22 8 15 12 20 4 17 13 18 6 13 13 12 11 15 13 13 11 18 7 19 11 15 14 15 12 11 6 17 13 12 12 11 8 13 11 16 10 16 5 10 12 13 12 11 8 -1 1 18 7 14 12 19 9 17 7 13 8 18 5 12 9 13 9 16 10 14 6 15 7 11 3 16 6 14 2 18 3 16 3 19 3 20 7 17 0 11 5 17 3 15 6 14 3 15 5 12 0 16 -1 2 3 0 0 0 0 0 0 0 0 ]
CSI_DATA,AP,68:FE:71:12:53:8C,-49,11,1,3,1,1,1,1,0,0,0,-94,5,6,1,73981677,0,84,0,0,73.982,384,[84 -64 4 0 0 0 0 0 0 0 0 0 -17 1 -16 4 -22 -2 -19 -5 -21 -4 -19 -1 -20 0 -21 -7 -21 -6 -19 -9 -17 -9 -21 -4 -22 -2 -22 -2 -21 -6 -24 -9 -16 -2 -18 -5 -17 -5 -16 -4 -19 -6 -20 -10 -19 -3 -21 -4 -21 -10 -13 -7 -1 -2 -14 -5 -18 -1 -17 -4 -19 -7 -13 -8 -16 -1 -14 -8 -13 0 -20 -4 -18 2 -19 -4 -16 2 -12 -5 -17 -2 -12 -2 -18 -2 -19 0 -16 -2 -13 -2 -12 -3 -15 1 -13 -2 -16 4 -13 -1 -15 -2 -19 -1 0 -4 0 0 0 0 0 0 0 0 ]
CSI_DATA,AP,68:FE:71:12:53:8C,-48,11,1,4,1,1,1,0,0,0,0,-96,0,6,1,74094608,0,84,0,0,74.095,384,[84 -64 4 0 0 0 0 0 0 0 0 0 -14 11 -15 12 -21 9 -19 8 -17 12 -23 6 -19 4 -22 6 -18 3 -16 9 -20 9 -23 4 -17 7 -17 2 -21 5 -16 9 -18 9 -14 4 -19 9 -19 3 -17 5 -15 0 -21 3 -18 9 -16 3 -14 6 2 -3 -18 5 -22 2 -13 8 -13 11 -20 1 -16 8 -15 9 -15 6 -15 6 -15 6 -14 6 -12 4 -10 11 -18 9 -17 6 -11 6 -12 7 -18 13 -17 8 -10 9 -18 8 -18 7 -17 11 -12 14 -11 11 -9 12 0 2 0 0 0 0 0 0 0 0 ]
CSI_DATA,AP,68:FE:71:12:53:8C,-45,11,1,5,1,1,1,0,0,0,0,-95,0,6,1,74183575,0,84,0,0,74.184,384,[84 -64 4 0 0 0 0 0 0 0 0 0 -16 -15 -17 -13 -17 -12 -13 -12 -15 -16 -16 -11 -12 -14 -13 -16 -10 -13 -9 -11 -17 -18 -11 -12 -14 -20 -16 -18 -17 -16 -14 -18 -16 -16 -6 -19 -8 -15 -15 -15 -14 -11 -13 -16 -13 -18 -9 -15 -8 -18 -15 -18 -3 3 -15 -10 -9 -18 -13 -15 -11 -9 -16 -17 -9 -16 -12 -17 -15 -11 -9 -13 -12 -8 -16 -9 -13 -8 -12 -13 -12 -7 -17 -11 -18 -11 -14 -11 -12 -5 -11 -13 -16 -10 -16 -7 -18 -11 -16 -5 -14 -4 -11 -4 -12 -5 -2 -1 0 0 0 0 0 0 0 0 ]
CSI_DATA,AP,68:FE:71:12:53:8C,-49,11,1,1,1,1,1,1,0,0,0,-94,6,6,1,74296665,0,84,0,0,74.297,384,[84 -64 4 0 0 0 0 0 0 0 0 0 -19 -11 -21 -7 -21 -8 -21 -13 -19 -6 -12 -8 -17 -12 -18 -7 -14 -9 -12 -13 -12 -8 -18 -15 -20 -9 -15 -13 -13 -8 -14 -14 -18 -14 -9 -15 -9 -15 -16 -14 -16 -14 -17 -14 -13 -11 -14 -10 -15 -11 -10 -11 -4 -4 -17 -7 -17 -11 -18 -7 -15 -6 -14 -7 -12 -10 -12 -8 -11 -7 -14 -10 -15 -9 -14 -4 -17 -7 -10 -11 -19 -4 -14 -3 -14 -11 -11 -3 -12 -4 -12 -8 -13 -1 -17 -9 -19 -8 -12 -8 -19 -2 -13 -4 -15 -4 3 3 0 0 0 0 0 0 0 0 ]
CSI_DATA,AP,68:FE:71:12:53:8C,-40,11,1,5,1,1,1,0,0,0,0,-94,0,6,1,74396152,0,84,0,0,74.396,384,[84 -64 4 0 0 0 0 0 0 0 0 0 12 -18 9 -12 15 -11 13 -14 12 -13 16 -13 17 -10 15 -13 19 -9 17 -7 19 -7 14 -6 13 -4 18 -12 12 -5 18 -7 14 -10 15 -4 16 -6 13 -10 17 -3 16 -4 18 -10 11 -7 15 -5 16 -6 -3 -2 12 -9 14 -12 10 -5 9 -9 17 -6 13 -8 15 -9 16 -5 13 -8 10 -8 15 -6 10 -9 11 -12 13 -12 14 -7 7 -15 15 -10 7 -8 14 -12 6 -8 9 -9 8 -10 6 -8 13 -16 14 -11 10 -9 3 -2 0 0 0 0 0 0 0 0 ]
