type,role,mac,rssi,rate,sig_mode,mcs,bandwidth,smoothing,not_sounding,aggregation,stbc,fec_coding,sgi,noise_floor,ampdu_cnt,channel,secondary_channel,local_timestamp,ant,sig_len,rx_state,real_time_set,real_timestamp,len,CSI_DATA
CSI_DATA,AP,68:FE:71:12:53:8C,-46,11,1,4,1,1,1,0,0,0,0,-96,0,6,1,9501423,0,84,0,0,9.5014,384,[82 -96 4 0 0 0 0 0 0 0 0 0 -18 -7 -17 -8 -19 -9 -15 -9 -16 -10 -15 -10 -13 -11 -14 -11 -17 -8 -13 -11 -16 -11 -14 -10 -14 -9 -17 -12 -15 -10 -15 -11 -16 -8 -13 -8 -11 -11 -13 -10 -12 -8 -15 -9 -10 -10 -14 -11 -13 -10 -15 -11 -1 0 -10 -9 -13 -7 -12 -10 -12 -5 -10 -10 -10 -6 -12 -7 -13 -7 -11 -5 -11 -5 -13 -6 -11 -7 -12 -6 -11 -6 -14 -7 -12 -5 -14 -3 -14 -6 -14 -5 -14 -5 -12 -4 -16 -3 -14 -2 -16 -5 -13 -3 -16 -4 1 2 0 0 0 0 0 0 0 0 ]
CSI_DATA,AP,68:FE:71:12:53:8C,-45,11,1,5,1,1,1,0,0,0,0,-96,0,6,1,9604330,0,84,0,0,9.6043,384,[84 -64 4 0 0 0 0 0 0 0 0 0 7 15 7 19 7 16 5 17 5 17 6 19 2 18 2 19 3 15 1 18 3 19 2 17 3 19 2 18 1 15 -1 16 1 16 3 15 -1 18 3 16 2 15 0 18 -1 15 3 15 3 17 2 18 1 -1 3 15 4 15 1 13 4 13 3 17 4 13 2 14 1 13 0 13 4 15 4 13 4 15 5 14 3 12 6 13 5 16 3 11 3 13 5 13 3 13 7 12 4 12 8 11 8 11 4 14 7 11 0 -1 0 0 0 0 0 0 0 0 ]
CSI_DATA,AP,68:FE:71:12:53:8C,-50,11,1,3,1,1,1,0,0,0,0,-93,0,6,1,9697809,0,84,0,0,9.6978,384,[84 -64 4 0 0 0 0 0 0 0 0 0 -8 -21 -4 -21 -5 -21 -4 -19 -7 -23 -5 -21 -3 -18 -1 -19 -4 -18 -1 -19 -3 -19 0 -18 0 -22 -3 -19 -2 -19 1 -20 1 -21 0 -16 -2 -19 -1 -16 1 -16 -1 -20 -2 -18 1 -17 -1 -18 -2 -19 -2 0 1 -16 -2 -15 0 -19 -2 -15 -5 -14 -3 -17 -1 -18 -2 -15 -6 -17 -6 -16 -5 -13 -3 -13 -5 -15 -4 -14 -6 -14 -5 -14 -9 -18 -5 -16 -7 -15 -10 -16 -6 -15 -7 -14 -6 -16 -9 -15 -10 -15 -10 -14 0 -1 0 0 0 0 0 0 0 0 ]
CSI_DATA,AP,68:FE:71:12:53:8C,-46,11,1,3,1,1,1,0,0,0,0,-96,0,6,1,9797826,0,84,0,0,9.7978,384,[84 -64 4 0 0 0 0 0 0 0 0 0 19 7 16 7 16 8 17 12 18 8 13 9 17 9 16 10 17 12 13 11 15 13 16 11 13 12 15 10 14 11 11 14 15 13 11 11 13 12 13 10 10 13 14 11 13 12 12 12 14 11 14 13 2 -1 13 8 14 8 12 9 13 8 12 8 12 10 14 9 12 8 11 8 11 8 12 6 12 8 15 6 14 4 11 7 15 8 11 7 15 5 14 5 12 6 11 7 15 3 13 4 17 4 15 4 17 3 -2 -2 0 0 0 0 0 0 0 0 ]
CSI_DATA,AP,68:FE:71:12:53:8C,-47,11,1,4,1,1,1,0,0,0,1,-94,0,6,1,9905864,0,84,0,0,9.9059,384,[84 -64 4 0 0 0 0 0 0 0 0 0 3 20 5 16 1 20 0 16 -1 21 1 20 2 18 1 19 -3 18 0 16 0 18 -3 17 -1 20 0 18 -4 18 -4 16 -5 16 -3 18 -4 18 -2 18 -3 14 -3 15 -4 15 0 18 -1 17 -1 14 -1 0 -2 14 -2 13 0 16 1 13 -3 14 0 16 1 12 -1 15 -2 14 2 16 1 16 2 12 1 16 1 15 2 14 4 15 2 15 4 12 6 14 4 15 4 13 6 16 7 14 3 14 5 13 4 14 0 -2 0 0 0 0 0 0 0 0 ]
CSI_DATA,AP,68:FE:71:12:53:8C,-44,11,1,5,1,1,1,0,0,0,0,-96,0,6,1,9983769,0,84,0,0,9.9838,384,[84 -64 4 0 0 0 0 0 0 0 0 0 38 10 36 8 36 9 35 13 38 14 34 15 38 13 35 17 33 15 34 14 35 16 33 17 31 21 32 18 33 19 32 16 29 17 31 17 28 17 28 19 28 20 28 16 27 16 30 16 27 17 29 14 0 -1 29 16 30 15 26 16 30 14 28 12 31 13 31 14 29 13 28 9 29 6 30 11 28 10 32 10 32 11 31 9 31 5 30 7 33 3 33 6 32 3 30 8 31 7 34 2 31 2 31 4 33 2 -1 -1 0 0 0 0 0 0 0 0 ]
CSI_DATA,AP,68:FE:71:12:53:8C,-43,11,1,4,1,1,1,0,0,0,0,-95,0,6,1,10087237,0,84,0,0,10.087,384,[84 -64 4 0 0 0 0 0 0 0 0 0 17 6 19 8 18 9 16 10 15 8 14 12 15 12 16 9 15 12 17 10 16 12 18 12 15 9 12 13 13 11 10 11 12 12 10 13 12 13 12 9 9 9 13 10 10 11 12 9 12 10 14 12 0 2 13 10 11 12 10 8 10 7 10 8 10 8 13 8 12 6 14 10 13 6 13 6 11 6 15 5 12 7 15 8 12 7 14 6 13 6 13 8 14 7 16 4 15 4 14 6 14 3 14 6 16 7 0 -1 0 0 0 0 0 0 0 0 ]
CSI_DATA,AP,68:FE:71:12:53:8C,-50,11,1,2,1,1,1,0,0,0,0,-95,0,6,1,10180751,0,84,0,0,10.181,384,[84 -64 4 0 0 0 0 0 0 0 0 0 20 3 16 7 21 7 19 5 17 6 16 10 18 8 15 10 19 8 17 11 16 7 15 9 15 9 18 12 17 10 13 8 14 8 14 9 13 12 13 7 12 10 14 11 11 7 14 10 15 9 12 8 -1 -2 15 8 14 5 15 7 16 4 11 9 12 6 15 4 14 6 12 5 13 5 16 6 13 3 14 2 15 2 12 5 15 5 18 2 15 5 14 5 14 3 13 5 16 1 15 2 18 2 14 1 14 3 2 -2 0 0 0 0 0 0 0 0 ]
CSI_DATA,AP,68:FE:71:12:53:8C,-46,11,1,4,1,1,1,0,0,0,0,-95,0,6,1,10297239,0,84,0,0,10.297,384,[84 -64 4 0 0 0 0 0 0 0 0 0 -21 4 -23 1 -19 4 -24 3 -23 0 -22 -2 -22 -1 -19 -1 -21 -1 -21 0 -23 1 -20 -3 -22 -1 -19 -3 -18 -1 -22 -3 -19 -4 -19 -4 -17 -3 -17 -5 -17 -2 -16 -3 -17 -4 -20 -3 -16 -2 -16 -1 -1 0 -15 -3 -18 -2 -18 0 -17 -2 -16 2 -19 2 -17 2 -17 0 -16 0 -18 3 -15 4 -15 5 -15 2 -15 2 -19 3 -15 4 -17 5 -17 6 -18 3 -17 4 -18 5 -17 5 -18 3 -17 7 -16 4 -16 5 2 1 0 0 0 0 0 0 0 0 ]
CSI_DATA,AP,68:FE:71:12:53:8C,-45,11,1,4,1,1,1,0,0,0,0,-94,0,6,1,10381678,0,84,0,0,10.382,384,[84 -64 4 0 0 0 0 0 0 0 0 0 -3 18 -6 16 -5 19 -8 20 -5 18 -8 16 -8 15 -9 16 -7 18 -7 14 -6 17 -10 17 -9 14 -9 17 -9 17 -10 15 -6 12 -6 16 -8 16 -6 12 -7 14 -7 12 -9 11 -7 14 -10 16 -6 11 -2 2 -5 12 -4 12 -8 15 -5 15 -7 12 -7 15 -4 14 -6 11 -7 15 -4 14 -4 15 -6 12 -5 15 -5 14 -1 15 -3 16 0 15 -3 15 -4 15 -3 12 -4 13 -1 15 -2 13 1 16 -2 16 -3 12 2 2 0 0 0 0 0 0 0 0 ]
CSI_DATA,AP,68:FE:71:12:53:8C,-45,11,1,5,1,1,1,0,0,0,0,-94,0,6,1,10462866,0,84,0,0,10.463,384,[84 -64 4 0 0 0 0 0 0 0 0 0 2 -20 1 -17 6 -17 7 -20 3 -21 4 -18 4 -18 6 -19 5 -19 5 -16 6 -18 7 -15 9 -18 10 -16 6 -14 9 -13 9 -17 8 -12 8 -16 9 -14 8 -15 8 -13 5 -11 9 -15 8 -12 6 -13 2 0 6 -16 8 -13 7 -12 3 -15 6 -14 3 -16 4 -15 4 -12 3 -14 5 -16 4 -12 3 -11 3 -14 3 -14 3 -15 4 -14 3 -13 5 -17 2 -14 2 -14 2 -16 2 -14 0 -15 2 -17 -1 -15 0 -13 1 1 0 0 0 0 0 0 0 0 ]
CSI_DATA,AP,68:FE:71:12:53:8C,-48,11,1,5,1,1,1,0,0,0,0,-93,0,6,1,10538047,0,84,0,0,10.538,384,[84 -64 4 0 0 0 0 0 0 0 0 0 -19 4 -19 5 -22 3 -20 1 -20 2 -20 0 -20 0 -18 0 -20 -1 -18 -1 -21 2 -19 -1 -17 0 -22 -3 -18 -1 -17 -1 -17 -3 -19 0 -19 1 -18 -4 -18 -3 -19 -1 -18 -4 -16 0 -16 -3 -17 1 -1 1 -15 -2 -18 0 -16 -2 -15 -1 -15 2 -18 0 -15 -1 -16 0 -17 0 -17 2 -18 2 -16 1 -14 2 -14 5 -13 2 -15 5 -14 5 -17 4 -18 3 -16 5 -14 3 -17 4 -17 8 -16 8 -16 7 -13 3 0 0 0 0 0 0 0 0 0 0 ]
CSI_DATA,AP,68:FE:71:12:53:8C,-47,11,1,4,1,1,1,0,0,0,0,-95,0,6,1,10658694,0,84,0,0,10.659,384,[84 -64 4 0 0 0 0 0 0 0 0 0 -19 7 -17 9 -16 7 -20 6 -21 9 -17 5 -17 8 -20 4 -18 3 -19 3 -20 3 -20 5 -21 3 -19 4 -21 3 -20 2 -16 4 -15 4 -17 1 -18 4 -19 1 -18 2 -17 1 -18 1 -19 4 -17 3 1 -1 -18 5 -16 3 -14 1 -17 6 -17 3 -13 3 -14 3 -14 6 -13 7 -15 3 -16 4 -13 4 -16 6 -16 6 -15 6 -16 5 -14 8 -14 5 -12 6 -13 9 -12 5 -16 7 -13 10 -12 9 -14 10 -13 11 -2 2 0 0 0 0 0 0 0 0 ]
CSI_DATA,AP,68:FE:71:12:53:8C,-44,11,1,3,1,1,1,0,0,0,0,-93,0,6,1,10765624,0,84,0,0,10.766,384,[84 -64 4 0 0 0 0 0 0 0 0 0 13 -13 10 -16 13 -16 12 -16 13 -15 11 -11 11 -11 15 -10 16 -14 15 -12 13 -10 13 -11 14 -12 17 -12 12 -7 13 -7 13 -10 13 -9 15 -8 14 -8 12 -8 14 -10 13 -11 12 -7 12 -11 14 -11 2 1 11 -11 10 -7 12 -10 13 -10 9 -10 10 -11 9 -10 9 -12 12 -10 11 -11 10 -11 11 -9 9 -10 10 -10 10 -9 10 -13 12 -13 8 -10 8 -13 8 -12 9 -14 11 -11 7 -11 6 -13 9 -11 10 -12 1 0 0 0 0 0 0 0 0 0 ]
CSI_DATA,AP,68:FE:71:12:53:8C,-43,11,1,5,1,1,1,0,0,0,0,-94,0,6,1,10865029,0,84,0,0,10.865,384,[84 -64 4 0 0 0 0 0 0 0 0 0 -13 12 -15 11 -16 14 -18 11 -17 14 -16 13 -18 12 -17 9 -16 9 -18 7 -20 9 -18 10 -17 9 -18 6 -16 6 -18 7 -19 8 -18 8 -18 8 -16 9 -15 8 -16 8 -18 5 -16 5 -14 10 -15 8 0 -2 -17 9 -13 6 -15 9 -16 6 -12 6 -14 10 -12 10 -11 8 -11 8 -10 8 -13 12 -13 9 -12 12 -10 12 -12 11 -12 10 -11 11 -12 11 -13 9 -9 13 -13 11 -9 10 -10 13 -8 12 -7 11 -7 12 0 -2 0 0 0 0 0 0 0 0 ]
CSI_DATA,AP,68:FE:71:12:53:8C,-45,11,1,4,1,1,1,0,0,0,0,-95,0,6,1,10963145,0,84,0,0,10.963,384,[84 -64 4 0 0 0 0 0 0 0 0 0 -16 -11 -17 -16 -16 -15 -13 -14 -12 -16 -14 -18 -14 -18 -11 -19 -13 -16 -12 -16 -12 -16 -12 -16 -11 -16 -10 -19 -8 -16 -10 -19 -8 -14 -10 -15 -8 -18 -8 -16 -7 -17 -9 -14 -8 -13 -10 -16 -10 -14 -6 -16 -1 0 -10 -16 -9 -15 -10 -16 -8 -11 -8 -15 -10 -15 -11 -15 -10 -14 -9 -15 -8 -12 -12 -11 -12 -11 -12 -10 -12 -14 -11 -13 -13 -12 -11 -11 -11 -9 -14 -12 -12 -9 -10 -13 -13 -13 -12 -11 -12 -8 -14 -10 -13 -11 -2 -1 0 0 0 0 0 0 0 0 ]
CSI_DATA,AP,68:FE:71:12:53:8C,-45,11,1,3,1,1,1,0,0,0,0,-94,0,6,1,11031263,0,84,0,0,11.031,384,[84 -64 4 0 0 0 0 0 0 0 0 0 -8 15 -11 16 -8 13 -10 15 -12 16 -13 13 -13 15 -12 15 -11 12 -14 10 -15 13 -12 11 -13 12 -12 10 -12 13 -11 10 -15 9 -12 11 -11 8 -13 10 -11 10 -11 11 -14 11 -13 11 -10 9 -12 9 -2 2 -8 10 -10 8 -8 9 -7 9 -9 11 -10 13 -8 12 -8 12 -10 13 -8 10 -9 9 -9 12 -9 10 -8 11 -7 13 -8 12 -6 12 -6 14 -6 11 -7 12 -5 14 -8 12 -6 15 -7 11 -7 13 -3 11 -2 2 0 0 0 0 0 0 0 0 ]
CSI_DATA,AP,68:FE:71:12:53:8C,-46,11,1,5,1,1,1,0,0,0,0,-94,0,6,1,11129503,0,84,0,0,11.13,384,[84 -64 4 0 0 0 0 0 0 0 0 0 -35 -17 -35 -18 -38 -20 -40 -25 -34 -22 -36 -24 -33 -25 -30 -24 -33 -26 -32 -26 -33 -29 -29 -29 -32 -26 -30 -30 -27 -26 -30 -31 -24 -27 -26 -25 -28 -27 -26 -29 -23 -27 -28 -26 -25 -24 -24 -24 -27 -28 -27 -22 -1 -2 -23 -22 -28 -24 -26 -19 -30 -22 -24 -20 -29 -20 -30 -20 -27 -19 -27 -17 -28 -16 -31 -18 -27 -17 -30 -17 -27 -19 -27 -17 -28 -12 -31 -16 -31 -11 -28 -15 -33 -10 -30 -15 -32 -14 -32 -11 -34 -12 -34 -13 -30 -12 -2 -2 0 0 0 0 0 0 0 0 ]
CSI_DATA,AP,68:FE:71:12:53:8C,-47,11,1,3,1,1,1,0,0,0,0,-94,0,6,1,11226757,0,84,0,0,11.227,384,[84 -64 4 0 0 0 0 0 0 0 0 0 -8 -19 -5 -18 -3 -21 -4 -20 -6 -22 -3 -22 -3 -21 -2 -20 -3 -21 -2 -18 1 -21 -1 -22 -1 -18 2 -18 2 -17 0 -21 -2 -17 -1 -21 0 -20 1 -19 -1 -18 0 -17 -1 -15 -2 -18 -1 -20 -2 -17 0 -1 2 -15 -3 -15 0 -15 1 -14 1 -14 -2 -18 -1 -18 -4 -17 -2 -15 -4 -17 -6 -16 -4 -18 -5 -18 -4 -16 -5 -17 -3 -18 -4 -15 -4 -18 -4 -18 -8 -17 -3 -16 -7 -16 -5 -16 -7 -16 -5 -15 -5 -15 0 2 0 0 0 0 0 0 0 0 ]
CSI_DATA,AP,68:FE:71:12:53:8C,-50,11,1,1,1,1,1,0,0,0,0,-94,0,6,1,11371373,0,84,0,0,11.371,384,[84 -64 4 0 0 0 0 0 0 0 0 0 -15 15 -14 15 -15 14 -14 14 -13 15 -15 11 -13 12 -16 12 -16 12 -16 12 -19 12 -18 10 -15 10 -16 9 -18 8 -17 8 -14 8 -14 11 -14 7 -16 11 -16 10 -14 9 -16 8 -13 11 -17 9 -13 8 -2 2 -14 11 -15 8 -10 12 -10 10 -13 11 -14 12 -14 10 -10 8 -11 10 -12 12 -12 10 -12 13 -13 14 -9 12 -10 12 -12 11 -11 15 -10 10 -9 13 -6 11 -9 15 -10 14 -9 11 -10 15 -8 11 -10 12 -1 -1 0 0 0 0 0 0 0 0 ]
CSI_DATA,AP,68:FE:71:12:53:8C,-44,11,1,4,1,1,1,0,0,0,0,-94,0,6,1,11491176,0,84,0,0,11.491,384,[84 -64 4 0 0 0 0 0 0 0 0 0 19 6 18 7 18 8 16 13 15 9 17 11 15 13 12 11 16 13 12 14 16 12 14 11 14 13 12 12 14 12 10 15 10 14 10 10 14 10 9 14 9 11 12 12 9 14 9 12 9 14 12 13 2 1 11 12 9 13 11 12 13 9 10 9 10 10 13 9 10 11 13 8 14 10 11 8 10 8 11 8 13 10 14 10 11 7 14 6 12 7 14 10 12 6 12 5 12 6 16 8 16 7 13 8 16 4 -2 1 0 0 0 0 0 0 0 0 ]
CSI_DATA,AP,68:FE:71:12:53:8C,-50,11,1,1,1,1,1,0,0,0,1,-94,0,6,1,11609972,0,84,0,0,11.61,384,[84 -64 4 0 0 0 0 0 0 0 0 0 20 -6 20 -6 21 -9 21 -8 20 -4 19 -3 19 -6 20 -3 21 -6 17 -3 18 -1 22 -3 22 -3 19 -2 18 0 19 0 19 -4 19 -3 19 -3 20 -3 17 0 18 1 16 1 19 0 20 0 15 -2 -1 -1 16 -3 18 -3 15 -6 16 -4 18 -2 17 -2 15 -3 14 -5 14 -3 13 -4 16 -5 17 -6 16 -6 17 -6 17 -7 14 -9 14 -6 17 -6 17 -10 13 -6 13 -9 12 -8 15 -11 14 -10 16 -10 14 -8 1 2 0 0 0 0 0 0 0 0 ]
CSI_DATA,AP,68:FE:71:12:53:8C,-46,11,1,3,1,1,1,0,0,0,0,-93,0,6,1,11715436,0,84,0,0,11.715,384,[84 -64 4 0 0 0 0 0 0 0 0 0 -18 12 -18 13 -17 9 -19 9 -20 11 -17 7 -20 7 -19 9 -20 6 -17 8 -20 8 -22 7 -19 8 -21 5 -19 3 -19 4 -19 6 -17 2 -18 6 -19 2 -16 3 -20 4 -17 5 -15 3 -18 6 -18 6 0 -2 -17 6 -15 8 -16 4 -14 5 -16 6 -15 5 -18 5 -17 7 -15 7 -15 8 -14 10 -13 8 -13 9 -14 7 -14 7 -14 7 -13 10 -13 10 -16 11 -12 8 -16 11 -15 12 -14 8 -13 12 -11 11 -14 11 0 2 0 0 0 0 0 0 0 0 ]
CSI_DATA,AP,68:FE:71:12:53:8C,-45,11,1,3,1,1,1,0,0,0,0,-95,0,6,1,11803020,0,84,0,0,11.803,384,[84 -64 4 0 0 0 0 0 0 0 0 0 -6 -19 -3 -19 -7 -22 -5 -20 -6 -23 -3 -22 -4 -22 -1 -19 1 -22 0 -20 2 -20 -1 -19 1 -20 2 -23 2 -19 0 -21 3 -17 3 -21 4 -19 0 -18 2 -17 1 -21 2 -18 3 -18 0 -20 3 -19 0 2 2 -15 -2 -20 2 -18 -4 -19 -2 -19 -1 -16 -3 -15 -2 -19 -3 -16 -1 -15 -4 -19 -1 -16 -5 -19 -5 -17 -3 -16 -4 -15 -2 -17 -2 -18 -3 -19 -3 -15 -5 -16 -6 -16 -4 -15 -8 -15 -5 -19 -5 -16 2 -1 0 0 0 0 0 0 0 0 ]
CSI_DATA,AP,68:FE:71:12:53:8C,-46,11,1,5,1,1,1,0,0,0,0,-94,0,6,1,11903201,0,84,0,0,11.903,384,[84 -64 4 0 0 0 0 0 0 0 0 0 -6 21 -5 19 -9 21 -9 22 -8 19 -11 22 -9 18 -8 18 -9 16 -12 19 -13 19 -10 17 -12 17 -9 20 -12 16 -12 20 -11 19 -9 15 -12 17 -12 14 -9 15 -11 14 -9 15 -9 14 -12 14 -10 17 2 -2 -10 14 -11 16 -10 18 -10 14 -7 17 -7 15 -6 15 -8 15 -9 16 -8 17 -8 17 -7 14 -4 16 -5 15 -6 17 -3 16 -6 18 -3 16 -5 16 -5 14 -2 15 -2 16 -1 15 -2 18 -4 16 -2 19 0 -2 0 0 0 0 0 0 0 0 ]
CSI_DATA,AP,68:FE:71:12:53:8C,-47,11,1,5,1,1,1,0,0,0,0,-95,0,6,1,11989330,0,84,0,0,11.989,384,[84 -64 4 0 0 0 0 0 0 0 0 0 -6 22 -8 21 -11 21 -9 20 -10 18 -11 19 -11 20 -12 19 -9 19 -13 19 -11 18 -13 17 -12 18 -10 19 -13 18 -13 16 -11 15 -13 16 -10 14 -11 14 -11 17 -14 15 -11 11 -11 14 -13 18 -10 16 1 -1 -9 15 -9 16 -11 18 -9 14 -8 13 -10 16 -10 17 -8 15 -6 14 -8 13 -7 17 -4 16 -8 17 -6 15 -6 15 -6 16 -5 15 -7 15 -6 15 -6 17 -4 17 -4 15 -5 16 -3 17 -6 16 -2 15 -1 1 0 0 0 0 0 0 0 0 ]
CSI_DATA,AP,68:FE:71:12:53:8C,-50,11,1,2,1,1,1,1,0,0,0,-94,4,6,1,12077459,0,84,0,0,12.077,384,[84 -64 4 0 0 0 0 0 0 0 0 0 17 12 16 11 14 15 14 13 13 14 15 12 15 17 11 14 13 17 12 18 12 17 11 16 10 16 11 15 11 17 9 19 9 17 8 18 10 16 11 16 10 18 10 16 7 16 9 14 8 18 12 17 0 -1 10 15 12 13 13 14 12 12 10 14 13 10 11 14 9 13 12 9 13 9 14 10 12 10 11 11 12 11 13 8 15 8 17 12 11 9 12 9 15 6 13 11 14 8 15 7 17 8 13 7 13 8 -1 0 0 0 0 0 0 0 0 0 ]
CSI_DATA,AP,68:FE:71:12:53:8C,-41,11,1,6,1,1,1,0,0,0,0,-93,0,6,1,12162672,0,84,0,0,12.163,384,[84 -64 4 0 0 0 0 0 0 0 0 0 -20 2 -22 0 -23 -1 -22 0 -23 1 -23 -1 -20 -2 -23 -3 -22 -3 -20 -3 -23 -2 -24 -4 -20 -2 -19 -6 -19 -4 -21 -6 -18 -6 -20 -5 -17 -5 -21 -5 -20 -4 -18 -2 -15 -3 -19 -5 -19 -3 -21 -2 2 0 -16 -3 -18 -3 -21 -1 -16 -1 -17 0 -18 0 -18 -1 -19 -2 -16 -2 -19 1 -19 2 -16 3 -15 0 -19 3 -19 3 -19 2 -19 2 -17 5 -16 1 -16 2 -16 4 -15 2 -16 1 -20 3 -19 5 -16 7 0 2 0 0 0 0 0 0 0 0 ]
CSI_DATA,AP,68:FE:71:12:53:8C,-46,11,1,3,1,1,1,0,0,0,0,-95,0,6,1,12271144,0,84,0,0,12.271,384,[84 -64 4 0 0 0 0 0 0 0 0 0 21 -6 20 -6 22 -5 24 -4 19 -1 18 -3 18 0 18 1 21 -2 18 -2 19 2 23 -1 19 0 22 -1 21 2 22 0 17 3 15 2 17 1 20 4 19 2 19 3 14 -1 18 0 16 0 18 1 1 1 15 0 18 -1 19 -2 15 1 14 -2 17 0 19 2 17 -1 15 -2 18 -1 15 -1 15 -1 14 -1 16 -1 18 -3 18 -3 19 -2 16 -3 15 -3 14 -6 17 -5 17 -2 14 -4 16 -9 15 -5 15 -4 -2 0 0 0 0 0 0 0 0 0 ]
CSI_DATA,AP,68:FE:71:12:53:8C,-50,11,1,1,1,1,1,1,0,0,0,-94,4,6,1,12352397,0,84,0,0,12.352,384,[84 -64 4 0 0 0 0 0 0 0 0 0 -16 -14 -16 -18 -19 -19 -14 -19 -15 -18 -15 -17 -14 -17 -10 -16 -12 -17 -13 -17 -12 -21 -9 -18 -11 -17 -10 -19 -11 -21 -11 -20 -10 -20 -10 -19 -11 -20 -11 -19 -7 -19 -11 -17 -7 -16 -11 -15 -12 -20 -8 -15 -2 1 -8 -16 -12 -18 -9 -17 -10 -12 -9 -17 -13 -14 -11 -17 -13 -14 -12 -15 -9 -12 -13 -12 -13 -13 -13 -11 -12 -10 -14 -12 -13 -13 -16 -15 -16 -10 -12 -11 -15 -10 -14 -13 -15 -11 -15 -13 -14 -10 -12 -11 -16 -9 1 1 0 0 0 0 0 0 0 0 ]
CSI_DATA,AP,68:FE:71:12:53:8C,-47,11,1,3,1,1,1,0,0,0,0,-95,0,6,1,12451701,0,84,0,0,12.452,384,[84 -64 4 0 0 0 0 0 0 0 0 0 13 13 16 12 15 13 19 12 15 14 13 16 11 14 12 12 13 17 14 13 11 17 11 14 14 17 14 13 10 17 10 13 12 14 10 15 10 12 11 15 9 15 9 12 7 11 11 11 11 11 13 11 1 -1 11 10 8 12 13 12 8 10 12 9 10 10 9 14 12 10 10 9 13 8 15 9 10 11 11 7 14 10 10 7 15 8 13 9 16 10 13 10 14 8 16 7 13 8 11 5 16 5 15 8 12 4 -2 -2 0 0 0 0 0 0 0 0 ]
CSI_DATA,AP,68:FE:71:12:53:8C,-41,11,1,6,1,1,1,0,0,0,0,-96,0,6,1,12544961,0,84,0,0,12.545,384,[84 -64 4 0 0 0 0 0 0 0 0 0 -6 19 -7 18 -3 20 -3 19 -7 21 -8 17 -6 17 -9 16 -7 17 -11 17 -8 19 -7 20 -8 18 -8 17 -10 15 -8 16 -8 14 -9 15 -9 17 -9 16 -7 13 -9 17 -9 15 -7 17 -8 17 -7 14 -2 -2 -8 17 -5 15 -8 17 -8 14 -7 15 -6 16 -8 14 -4 16 -4 17 -3 17 -3 14 -3 16 -4 18 -1 17 -5 15 -5 17 -2 16 -4 16 -2 14 -1 17 -5 18 -4 15 1 16 -2 19 -3 15 -2 16 1 1 0 0 0 0 0 0 0 0 ]
CSI_DATA,AP,68:FE:71:12:53:8C,-44,11,1,4,1,1,1,0,0,0,1,-94,0,6,1,12644627,0,84,0,0,12.645,384,[84 -64 4 0 0 0 0 0 0 0 0 0 -15 -17 -14 -14 -14 -19 -14 -18 -11 -16 -9 -17 -10 -15 -12 -19 -10 -17 -8 -17 -10 -20 -9 -18 -9 -20 -10 -20 -6 -16 -11 -20 -7 -17 -10 -16 -10 -18 -8 -18 -8 -18 -7 -15 -6 -16 -6 -17 -10 -17 -9 -17 1 0 -8 -13 -9 -14 -7 -16 -12 -13 -10 -16 -11 -15 -8 -16 -11 -13 -8 -12 -8 -13 -13 -12 -10 -13 -12 -12 -10 -14 -11 -14 -13 -10 -12 -12 -10 -11 -13 -11 -11 -11 -12 -12 -13 -13 -15 -12 -12 -11 -11 -11 -12 -8 -2 -1 0 0 0 0 0 0 0 0 ]
CSI_DATA,AP,68:FE:71:12:53:8C,-50,11,1,1,1,1,1,1,0,0,0,-95,5,6,1,12745896,0,84,0,0,12.746,384,[84 -64 4 0 0 0 0 0 0 0 0 0 -10 19 -10 18 -9 21 -12 18 -12 18 -11 17 -11 16 -10 17 -14 16 -11 18 -14 19 -14 17 -14 16 -13 14 -16 17 -12 17 -15 17 -10 12 -11 13 -13 15 -14 13 -13 12 -12 12 -11 14 -12 13 -10 15 0 2 -12 12 -12 13 -9 13 -11 15 -10 15 -9 12 -10 13 -10 11 -12 12 -10 16 -9 15 -9 15 -8 15 -6 17 -9 15 -8 14 -7 16 -8 14 -7 16 -4 14 -5 14 -5 16 -3 14 -3 18 -5 17 -2 18 1 -1 0 0 0 0 0 0 0 0 ]
CSI_DATA,AP,68:FE:71:12:53:8C,-41,11,1,5,1,1,1,0,0,0,0,-93,0,6,1,12851968,0,84,0,0,12.852,384,[84 -64 4 0 0 0 0 0 0 0 0 0 -16 13 -19 11 -19 11 -20 12 -20 13 -18 10 -18 10 -20 10 -18 8 -22 8 -23 6 -18 5 -19 6 -19 9 -20 7 -22 8 -16 8 -16 8 -15 6 -19 5 -18 6 -20 5 -17 4 -17 7 -20 5 -15 8 0 2 -16 6 -18 6 -19 9 -17 7 -16 5 -15 5 -16 7 -15 6 -15 10 -14 8 -14 10 -13 9 -16 11 -16 7 -14 11 -13 10 -16 11 -12 8 -11 11 -14 13 -13 11 -12 12 -14 13 -14 14 -14 11 -10 12 -2 2 0 0 0 0 0 0 0 0 ]
CSI_DATA,AP,68:FE:71:12:53:8C,-45,11,1,4,1,1,1,1,0,0,1,-94,4,6,1,12969906,0,84,0,0,12.97,384,[84 -64 4 0 0 0 0 0 0 0 0 0 -18 -10 -18 -10 -20 -14 -22 -15 -18 -10 -18 -15 -16 -13 -18 -12 -18 -12 -17 -14 -15 -15 -17 -15 -18 -13 -14 -13 -13 -16 -16 -15 -14 -14 -15 -12 -14 -15 -13 -14 -14 -11 -13 -15 -14 -10 -15 -12 -14 -15 -16 -13 0 -1 -12 -12 -16 -13 -14 -11 -15 -11 -12 -13 -15 -10 -13 -10 -11 -8 -12 -9 -12 -8 -17 -11 -14 -10 -15 -6 -13 -10 -17 -10 -18 -9 -16 -8 -17 -7 -16 -8 -16 -6 -16 -7 -15 -6 -16 -4 -19 -6 -18 -4 -18 -5 -1 0 0 0 0 0 0 0 0 0 ]
CSI_DATA,AP,68:FE:71:12:53:8C,-47,11,1,5,1,1,1,0,0,0,1,-96,0,6,1,13071137,0,84,0,0,13.071,384,[84 -64 4 0 0 0 0 0 0 0 0 0 -22 0 -20 -5 -22 0 -21 -6 -21 -7 -19 -4 -20 -6 -21 -6 -18 -7 -19 -8 -20 -5 -22 -7 -23 -6 -18 -6 -20 -8 -20 -7 -18 -8 -18 -9 -16 -10 -15 -8 -15 -6 -16 -6 -15 -7 -19 -7 -18 -6 -19 -7 2 2 -16 -5 -15 -9 -15 -8 -14 -3 -15 -6 -15 -8 -18 -8 -15 -7 -18 -5 -14 -3 -18 -6 -14 -3 -15 -4 -16 -4 -15 -6 -18 -5 -18 -1 -17 -3 -19 -1 -17 -1 -16 -1 -18 0 -18 1 -20 0 -16 -2 -17 1 1 0 0 0 0 0 0 0 0 0 ]
CSI_DATA,AP,68:FE:71:12:53:8C,-46,11,1,4,1,1,1,0,0,0,0,-94,0,6,1,13150951,0,84,0,0,13.151,384,[84 -64 4 0 0 0 0 0 0 0 0 0 -1 21 -5 21 -4 22 -8 23 -6 22 -5 18 -8 21 -9 20 -7 19 -7 16 -8 19 -7 19 -10 17 -6 16 -9 17 -10 21 -11 18 -8 16 -7 17 -10 16 -7 17 -11 16 -7 16 -8 18 -11 14 -9 18 0 2 -6 18 -6 14 -7 18 -6 18 -5 17 -5 15 -6 14 -5 17 -4 13 -3 18 -2 18 -2 16 -1 16 -6 16 -3 15 -5 15 -1 17 -4 15 0 16 -1 17 -3 16 -2 15 -3 18 1 18 -1 15 -2 17 1 -1 0 0 0 0 0 0 0 0 ]
CSI_DATA,AP,68:FE:71:12:53:8C,-47,11,1,5,1,1,1,0,0,0,0,-96,0,6,1,13242243,0,84,0,0,13.242,384,[84 -64 4 0 0 0 0 0 0 0 0 0 7 16 6 17 6 18 6 21 4 17 7 18 6 19 2 20 4 18 4 20 6 20 6 18 4 22 2 20 0 18 5 21 3 20 3 18 5 17 0 17 3 20 3 16 3 14 5 19 5 18 2 15 -2 1 1 15 3 16 6 15 5 14 5 17 5 16 2 18 7 14 4 13 5 14 7 14 4 13 5 12 9 15 5 13 7 17 7 16 8 13 7 12 8 15 9 15 7 13 7 14 12 15 6 14 7 14 1 -1 0 0 0 0 0 0 0 0 ]
CSI_DATA,AP,68:FE:71:12:53:8C,-50,11,1,3,1,1,1,0,0,0,0,-96,0,6,1,13353056,0,84,0,0,13.353,384,[84 -64 4 0 0 0 0 0 0 0 0 0 -6 -22 -5 -18 -4 -22 -5 -25 -7 -24 -2 -21 -4 -19 -4 -18 -1 -21 -2 -22 -1 -24 -1 -24 0 -23 1 -23 -1 -22 0 -22 0 -19 1 -16 2 -18 1 -17 3 -20 2 -18 3 -16 -3 -17 -2 -17 1 -18 -1 -2 0 -19 -4 -17 0 -20 0 -18 -2 -18 -3 -18 0 -19 -3 -15 -3 -19 -2 -19 -4 -17 -5 -15 -6 -20 -3 -18 -5 -16 -6 -19 -6 -18 -7 -16 -3 -14 -6 -17 -4 -19 -8 -15 -8 -17 -5 -16 -6 -17 -8 -16 0 -2 0 0 0 0 0 0 0 0 ]
CSI_DATA,AP,68:FE:71:12:53:8C,-43,11,1,5,1,1,1,0,0,0,0,-94,0,6,1,13422540,0,84,0,0,13.423,384,[84 -64 4 0 0 0 0 0 0 0 0 0 -16 -12 -15 -13 -17 -12 -20 -13 -16 -15 -16 -12 -15 -14 -14 -13 -14 -14 -16 -14 -12 -14 -16 -14 -15 -18 -13 -15 -12 -16 -14 -18 -12 -15 -13 -16 -12 -17 -12 -16 -12 -17 -12 -14 -8 -13 -9 -16 -11 -13 -13 -13 2 -2 -11 -11 -15 -12 -15 -11 -14 -13 -12 -11 -13 -11 -11 -10 -11 -13 -14 -13 -11 -11 -16 -11 -14 -11 -13 -9 -15 -12 -12 -13 -15 -12 -16 -9 -13 -9 -15 -8 -13 -10 -15 -9 -15 -11 -16 -10 -16 -9 -16 -7 -17 -10 -2 -2 0 0 0 0 0 0 0 0 ]
CSI_DATA,AP,68:FE:71:12:53:8C,-49,11,1,1,1,1,1,0,0,0,0,-95,0,6,1,13532138,0,84,0,0,13.532,384,[84 -64 4 0 0 0 0 0 0 0 0 0 -13 15 -15 12 -13 12 -18 13 -17 14 -14 9 -16 9 -18 8 -15 10 -16 11 -18 9 -18 11 -19 7 -19 7 -17 6 -20 7 -16 6 -18 5 -17 7 -16 8 -16 5 -15 8 -13 8 -15 7 -16 6 -15 9 0 0 -12 9 -13 7 -15 10 -15 10 -14 7 -16 7 -15 10 -11 7 -11 9 -11 8 -13 8 -14 11 -14 9 -12 11 -11 9 -11 12 -11 10 -12 9 -10 13 -11 12 -10 9 -9 12 -11 11 -11 13 -12 12 -10 12 -1 2 0 0 0 0 0 0 0 0 ]
CSI_DATA,AP,68:FE:71:12:53:8C,-45,11,1,4,1,1,1,0,0,0,0,-93,0,6,1,13640199,0,84,0,0,13.64,384,[84 -64 4 0 0 0 0 0 0 0 0 0 1 21 1 21 3 20 1 20 -3 24 -1 21 -4 22 -5 21 -3 19 -4 17 -4 20 -3 22 -5 21 -3 20 -7 19 -5 21 -7 17 -4 16 -5 18 -6 20 -3 18 -2 18 -7 15 -2 19 -6 17 -2 19 1 0 -2 16 -4 19 -1 17 -2 17 -4 19 -2 15 -2 15 -2 14 -3 15 -1 15 -1 18 -2 18 3 15 -1 15 1 18 2 18 -1 17 1 18 2 16 5 14 1 18 0 17 4 17 2 19 4 18 5 18 2 -2 0 0 0 0 0 0 0 0 ]
CSI_DATA,AP,68:FE:71:12:53:8C,-46,11,1,3,1,1,1,0,0,0,0,-93,0,6,1,13745071,0,84,0,0,13.745,384,[84 -64 4 0 0 0 0 0 0 0 0 0 15 4 15 1 17 5 20 3 18 5 14 8 15 6 13 9 16 9 16 8 16 8 17 8 17 7 15 8 14 7 14 7 12 9 15 9 15 8 16 8 13 9 12 6 12 8 14 9 15 7 14 5 -2 -2 14 7 14 5 15 7 15 7 14 7 15 7 11 4 11 7 13 7 15 1 14 1 11 3 14 3 16 0 13 1 17 3 17 2 15 0 14 3 11 3 15 0 13 0 14 -1 14 -2 15 1 13 -2 2 -1 0 0 0 0 0 0 0 0 ]
CSI_DATA,AP,68:FE:71:12:53:8C,-47,11,1,5,1,1,1,1,0,0,0,-95,4,6,1,13835163,0,84,0,0,13.835,384,[84 -64 4 0 0 0 0 0 0 0 0 0 -15 -16 -11 -17 -12 -19 -11 -17 -12 -19 -13 -17 -12 -20 -11 -19 -9 -20 -7 -17 -10 -18 -9 -21 -10 -21 -10 -19 -9 -21 -9 -19 -10 -17 -10 -19 -10 -18 -5 -16 -9 -18 -9 -19 -5 -17 -8 -18 -11 -17 -8 -17 -2 -1 -7 -14 -9 -16 -10 -15 -8 -12 -7 -13 -10 -17 -8 -15 -9 -12 -10 -14 -11 -13 -12 -12 -11 -12 -13 -14 -11 -11 -9 -15 -13 -13 -15 -14 -14 -15 -13 -11 -15 -13 -15 -13 -14 -13 -12 -13 -13 -12 -12 -12 -13 -11 -2 1 0 0 0 0 0 0 0 0 ]
CSI_DATA,AP,68:FE:71:12:53:8C,-41,11,1,4,1,1,1,0,0,0,0,-95,0,6,1,13913217,0,84,0,0,13.913,384,[84 -64 4 0 0 0 0 0 0 0 0 0 6 -23 7 -25 3 -25 8 -25 6 -26 7 -23 8 -21 9 -23 8 -20 8 -21 9 -21 10 -19 9 -23 8 -18 7 -20 7 -21 11 -17 7 -19 10 -16 8 -15 11 -18 10 -16 10 -18 11 -19 9 -19 5 -16 0 -1 5 -16 9 -18 8 -15 3 -18 5 -14 7 -15 6 -18 4 -16 3 -17 3 -15 2 -18 4 -15 1 -15 5 -17 1 -19 3 -17 4 -19 4 -16 2 -17 0 -18 1 -16 1 -15 2 -17 -2 -20 0 -16 1 -15 1 -1 0 0 0 0 0 0 0 0 ]
CSI_DATA,AP,68:FE:71:12:53:8C,-50,11,1,2,1,1,1,0,0,0,0,-95,0,6,1,13997344,0,84,0,0,13.997,384,[84 -64 4 0 0 0 0 0 0 0 0 0 -12 12 -11 11 -14 15 -14 15 -13 14 -11 9 -13 9 -12 12 -13 11 -17 8 -17 9 -15 10 -15 7 -14 9 -13 7 -16 9 -17 10 -13 5 -14 9 -17 5 -15 5 -13 6 -12 8 -16 8 -16 9 -15 6 1 -1 -13 5 -12 10 -11 9 -12 7 -14 8 -15 9 -11 9 -14 10 -10 9 -13 11 -12 12 -13 10 -10 8 -9 9 -9 7 -11 10 -13 8 -10 8 -10 12 -11 10 -8 8 -10 10 -11 9 -8 10 -9 9 -11 13 1 -2 0 0 0 0 0 0 0 0 ]
CSI_DATA,AP,68:FE:71:12:53:8C,-48,11,1,4,1,1,1,0,0,0,0,-94,0,6,1,14119583,0,84,0,0,14.12,384,[84 -64 4 0 0 0 0 0 0 0 0 0 10 -9 12 -7 11 -8 13 -11 10 -9 9 -6 10 -8 11 -8 13 -5 13 -8 11 -7 11 -9 13 -5 12 -5 14 -6 14 -7 13 -3 11 -4 13 -2 10 -6 13 -3 13 -4 8 -2 11 -3 13 -4 10 -6 0 -2 8 -4 9 -5 11 -7 8 -8 8 -5 12 -7 9 -7 9 -5 9 -7 10 -5 9 -7 11 -8 8 -6 7 -7 8 -7 10 -8 8 -8 10 -6 9 -5 5 -5 9 -5 10 -9 6 -6 10 -11 9 -6 5 -6 -1 0 0 0 0 0 0 0 0 0 ]
CSI_DATA,AP,68:FE:71:12:53:8C,-45,11,1,4,1,1,1,0,0,0,0,-95,0,6,1,14210980,0,84,0,0,14.211,384,[84 -64 4 0 0 0 0 0 0 0 0 0 8 -4 7 -3 8 -1 6 -1 7 -4 6 0 6 -1 7 -1 10 1 9 0 8 1 6 -3 9 0 6 -1 10 1 8 -2 9 1 7 -2 6 -2 8 -1 5 1 9 2 8 0 5 1 8 -1 5 1 -1 0 9 1 5 1 5 -2 5 -2 6 -1 9 1 6 -3 7 0 6 -4 4 -4 8 0 4 -2 7 -2 6 -5 8 0 7 -5 5 -4 7 -4 5 -2 6 -5 6 -3 9 -2 8 -1 5 -3 8 -3 6 -5 0 0 0 0 0 0 0 0 0 0 ]
CSI_DATA,AP,68:FE:71:12:53:8C,-45,11,1,4,1,1,1,0,0,0,0,-93,0,6,1,14305212,0,84,0,0,14.305,384,[84 -64 4 0 0 0 0 0 0 0 0 0 33 5 36 9 32 12 36 10 31 11 32 16 32 12 34 15 30 17 32 13 36 13 34 17 30 14 30 15 31 17 29 20 31 20 28 17 26 20 27 17 25 17 25 20 25 13 30 16 28 16 27 17 0 2 27 14 26 16 31 18 27 14 29 15 30 15 30 15 28 10 27 11 27 8 29 11 26 10 28 10 32 11 29 12 33 13 31 8 32 11 32 12 29 6 33 6 33 8 28 8 33 5 33 6 34 6 -1 -1 0 0 0 0 0 0 0 0 ]
CSI_DATA,AP,68:FE:71:12:53:8C,-49,11,1,1,1,1,1,0,0,0,0,-93,0,6,1,14394566,0,84,0,0,14.395,384,[84 -64 4 0 0 0 0 0 0 0 0 0 -2 21 -2 18 -2 19 0 19 -2 21 -5 20 -5 21 -2 19 -7 18 -3 17 -3 21 -6 17 -7 20 -3 21 -5 17 -4 19 -6 19 -5 15 -8 18 -8 18 -6 17 -7 15 -5 14 -7 18 -4 17 -7 16 1 2 -7 17 -4 13 -6 17 -2 13 -5 13 -6 17 -4 16 -5 14 -4 17 -1 13 -2 15 -3 14 -2 14 -1 16 -1 14 1 16 -2 13 1 17 -3 14 -1 11 -3 14 -2 15 1 15 3 15 1 12 1 15 0 1 0 0 0 0 0 0 0 0 ]
CSI_DATA,AP,68:FE:71:12:53:8C,-48,11,1,5,1,1,1,1,0,0,0,-95,4,6,1,14498057,0,84,0,0,14.498,384,[84 -64 4 0 0 0 0 0 0 0 0 0 -20 3 -18 0 -21 3 -21 0 -19 -3 -18 0 -19 -1 -20 -5 -16 -5 -16 -4 -19 -6 -20 -3 -18 -6 -17 -5 -15 -3 -15 -2 -17 -1 -15 -4 -12 -1 -15 -1 -13 -3 -12 -3 -12 -4 -11 -3 -12 -1 -11 -1 -2 1 -12 -3 -14 1 -12 2 -14 1 -14 0 -10 2 -11 1 -11 -1 -12 3 -13 3 -13 5 -11 4 -12 5 -10 1 -13 3 -10 4 -14 5 -14 5 -13 5 -12 7 -11 6 -12 4 -14 8 -11 7 -10 8 -14 4 0 -1 0 0 0 0 0 0 0 0 ]
CSI_DATA,AP,68:FE:71:12:53:8C,-50,11,1,2,1,1,1,1,0,0,0,-95,5,6,1,14587629,0,84,0,0,14.588,384,[84 -64 4 0 0 0 0 0 0 0 0 0 -18 -8 -19 -9 -21 -10 -18 -12 -17 -11 -14 -9 -13 -10 -13 -11 -15 -10 -11 -11 -14 -11 -13 -12 -11 -12 -13 -9 -13 -9 -15 -12 -10 -9 -8 -10 -8 -11 -9 -10 -8 -11 -12 -10 -8 -7 -9 -8 -7 -9 -9 -7 -2 -2 -10 -4 -12 -7 -7 -7 -8 -4 -8 -5 -8 -4 -11 -4 -10 -2 -10 -3 -8 0 -9 -1 -8 -2 -8 -2 -9 -1 -10 1 -8 0 -12 0 -9 0 -11 -1 -8 3 -8 4 -12 0 -12 2 -12 2 -8 2 -12 5 -1 0 0 0 0 0 0 0 0 0 ]
CSI_DATA,AP,68:FE:71:12:53:8C,-44,11,1,5,1,1,1,0,0,0,0,-95,0,6,1,14680814,0,84,0,0,14.681,384,[84 -64 4 0 0 0 0 0 0 0 0 0 -37 -1 -36 -7 -36 -3 -40 -5 -36 -7 -33 -9 -32 -11 -29 -9 -28 -9 -26 -9 -31 -12 -30 -10 -25 -11 -27 -11 -22 -10 -26 -12 -22 -10 -21 -10 -20 -9 -22 -8 -20 -11 -19 -10 -19 -7 -21 -6 -22 -5 -19 -3 -2 1 -19 -4 -19 -4 -19 1 -17 2 -17 -2 -17 -2 -15 -2 -16 -1 -14 2 -12 3 -14 5 -16 3 -12 4 -11 5 -12 4 -13 7 -16 8 -15 6 -14 8 -10 6 -11 5 -10 10 -12 9 -10 9 -10 10 -11 9 -2 -2 0 0 0 0 0 0 0 0 ]
CSI_DATA,AP,68:FE:71:12:53:8C,-48,11,1,3,1,1,1,0,0,0,0,-94,0,6,1,14796724,0,84,0,0,14.797,384,[84 -64 4 0 0 0 0 0 0 0 0 0 -3 -14 -4 -12 -2 -15 1 -14 2 -10 0 -9 0 -10 3 -10 3 -9 2 -11 1 -13 1 -11 2 -12 1 -13 0 -9 0 -11 0 -11 1 -9 0 -11 0 -12 2 -8 2 -11 3 -10 -1 -8 0 -12 3 -12 -2 -2 1 -8 -1 -9 -2 -11 1 -7 2 -10 -2 -8 1 -10 -1 -8 -1 -10 0 -8 -2 -12 -2 -9 -4 -10 -1 -7 -2 -10 -3 -9 -1 -10 -4 -7 -3 -10 -2 -7 -2 -11 -1 -8 -4 -11 -5 -8 -4 -11 -3 -9 2 2 0 0 0 0 0 0 0 0 ]
CSI_DATA,AP,68:FE:71:12:53:8C,-45,11,1,4,1,1,1,1,0,0,0,-94,4,6,1,14876049,0,84,0,0,14.876,384,[84 -64 4 0 0 0 0 0 0 0 0 0 -17 4 -15 4 -16 4 -15 5 -13 4 -15 3 -16 2 -12 2 -15 4 -15 2 -13 3 -17 1 -16 5 -12 3 -13 2 -16 3 -12 3 -11 1 -14 2 -12 3 -14 4 -12 1 -12 5 -12 1 -13 4 -14 5 1 0 -10 4 -11 5 -14 6 -14 4 -12 6 -14 7 -12 7 -13 8 -10 9 -12 3 -11 4 -12 6 -10 9 -14 9 -13 8 -14 7 -15 9 -13 6 -15 7 -11 6 -10 6 -10 9 -13 10 -12 9 -11 10 -13 8 -1 -1 0 0 0 0 0 0 0 0 ]
CSI_DATA,AP,68:FE:71:12:53:8C,-44,11,0,0,0,0,0,0,0,0,0,-95,0,6,1,14964082,0,37,0,0,14.964,128,[84 -64 4 0 0 0 0 0 0 0 0 0 7 -18 11 -19 10 -19 10 -23 12 -21 12 -18 13 -20 13 -18 13 -18 14 -19 16 -18 17 -21 17 -18 13 -20 15 -16 14 -17 16 -19 13 -18 15 -18 16 -17 17 -15 17 -16 12 -16 15 -16 18 -17 14 -20 0 2 16 -15 15 -20 13 -19 12 -18 16 -19 14 -18 12 -16 12 -21 12 -18 10 -21 12 -20 9 -20 12 -22 13 -22 11 -18 10 -22 12 -24 13 -20 11 -23 11 -20 12 -19 14 -20 10 -21 9 -21 9 -19 10 -19 -2 2 0 0 0 0 0 0 0 0 ]
CSI_DATA,AP,68:FE:71:12:53:8C,-46,11,1,4,1,1,1,0,0,0,0,-95,0,6,1,15066544,0,84,0,0,15.067,384,[84 -64 4 0 0 0 0 0 0 0 0 0 -15 -9 -10 -10 -13 -11 -10 -13 -13 -13 -12 -13 -11 -13 -12 -12 -11 -14 -8 -13 -8 -15 -11 -15 -10 -13 -10 -15 -7 -13 -11 -17 -8 -12 -10 -12 -8 -13 -7 -14 -6 -13 -8 -12 -8 -13 -7 -14 -7 -14 -6 -11 1 1 -7 -11 -8 -14 -11 -11 -9 -11 -11 -10 -11 -11 -10 -11 -9 -13 -11 -11 -13 -11 -11 -13 -11 -13 -9 -10 -12 -8 -11 -9 -10 -12 -11 -14 -15 -8 -11 -8 -13 -7 -14 -11 -12 -12 -13 -10 -14 -12 -15 -7 -16 -9 -2 1 0 0 0 0 0 0 0 0 ]
CSI_DATA,AP,68:FE:71:12:53:8C,-48,11,1,4,1,1,1,0,0,0,0,-95,0,6,1,15147260,0,84,0,0,15.147,384,[84 -64 4 0 0 0 0 0 0 0 0 0 -9 0 -8 0 -9 -2 -7 -5 -7 -2 -8 -1 -6 -3 -10 -4 -9 -6 -5 -6 -10 -6 -9 -4 -10 -6 -6 -6 -7 -3 -11 -7 -9 -3 -5 -6 -8 -7 -6 -4 -5 -6 -7 -4 -5 -5 -8 -5 -7 -3 -7 -3 -1 0 -9 -5 -5 -3 -6 -2 -6 -3 -9 -3 -5 -5 -7 -3 -7 -6 -8 -2 -5 -2 -9 -1 -7 -3 -7 -1 -8 -1 -8 -1 -7 0 -8 -1 -8 -2 -5 -4 -7 -3 -6 -2 -6 1 -7 -2 -5 -4 -8 -1 -6 -3 2 -2 0 0 0 0 0 0 0 0 ]
CSI_DATA,AP,68:FE:71:12:53:8C,-44,11,1,4,1,1,1,1,0,0,1,-94,2,6,1,15246563,0,84,0,0,15.247,384,[84 -64 4 0 0 0 0 0 0 0 0 0 -6 -1 -5 -5 -10 0 -6 -4 -9 -4 -8 -3 -9 -2 -9 -2 -9 -3 -8 -5 -6 -2 -6 -7 -10 -4 -10 -4 -6 -8 -10 -7 -6 -4 -6 -7 -7 -7 -9 -5 -7 -5 -5 -5 -7 -8 -8 -5 -10 -5 -8 -4 -1 -1 -8 -5 -5 -5 -5 -6 -8 -2 -9 -3 -7 -8 -5 -3 -8 -3 -5 -2 -6 -3 -6 -4 -5 -3 -5 -4 -9 -3 -9 -2 -10 -1 -10 -5 -7 -2 -5 -3 -8 -4 -5 -4 -7 -1 -5 -2 -7 -3 -7 -5 -10 -3 1 1 0 0 0 0 0 0 0 0 ]
CSI_DATA,AP,68:FE:71:12:53:8C,-47,11,1,5,1,1,1,0,0,0,0,-93,0,6,1,15342225,0,84,0,0,15.342,384,[84 -64 4 0 0 0 0 0 0 0 0 0 9 -17 11 -20 9 -19 11 -20 9 -18 13 -17 12 -19 12 -16 13 -14 14 -15 15 -18 11 -15 11 -17 14 -18 15 -14 16 -14 11 -14 13 -13 13 -12 14 -15 12 -14 13 -13 11 -12 9 -12 13 -16 11 -14 0 2 9 -15 12 -14 10 -13 8 -15 10 -15 11 -15 8 -13 8 -14 8 -14 7 -14 5 -17 9 -13 5 -16 7 -17 8 -16 6 -14 5 -16 5 -13 8 -13 3 -15 8 -15 5 -16 6 -16 3 -17 3 -17 3 -16 -1 2 0 0 0 0 0 0 0 0 ]
CSI_DATA,AP,68:FE:71:12:53:8C,-46,11,0,0,0,0,0,0,0,0,0,-94,0,6,1,15455446,0,37,0,0,15.455,128,[82 -96 4 0 0 0 0 0 0 0 0 0 11 14 12 13 14 17 14 14 13 16 9 13 9 15 13 15 11 17 8 17 11 16 10 16 10 16 9 18 10 17 6 15 9 17 9 14 7 14 6 16 6 13 9 12 10 15 7 15 6 14 6 14 -1 -1 7 10 10 13 6 15 10 12 10 13 8 10 9 12 11 11 9 13 8 13 9 13 11 13 11 11 10 12 9 13 9 9 9 11 10 7 11 10 10 7 12 8 12 8 11 10 14 9 11 10 11 8 2 -1 0 0 0 0 0 0 0 0 ]
CSI_DATA,AP,68:FE:71:12:53:8C,-41,11,1,6,1,1,1,0,0,0,0,-94,0,6,1,15533945,0,84,0,0,15.534,384,[84 -64 4 0 0 0 0 0 0 0 0 0 -3 17 -1 17 -3 16 -5 18 -6 20 -5 15 -4 15 -8 15 -8 18 -7 18 -8 15 -8 18 -6 15 -6 14 -8 17 -10 17 -9 14 -10 16 -7 17 -7 13 -9 16 -7 15 -6 17 -5 13 -7 16 -6 13 -2 0 -5 12 -5 12 -4 12 -7 14 -7 13 -3 12 -7 12 -3 14 -3 13 -4 13 -5 14 -2 12 0 12 -1 15 -2 16 -4 13 -1 16 -2 15 -3 16 -1 17 -3 13 1 15 -2 15 -1 14 -1 12 1 16 0 -2 0 0 0 0 0 0 0 0 ]
CSI_DATA,AP,68:FE:71:12:53:8C,-42,11,0,0,0,0,0,0,0,0,0,-96,0,6,1,15636677,0,37,0,0,15.637,128,[84 -64 4 0 0 0 0 0 0 0 0 0 18 6 14 4 17 6 16 8 17 8 17 11 16 7 15 9 13 10 13 9 14 8 14 13 14 12 14 10 14 10 10 9 12 12 11 8 11 10 9 12 13 10 12 9 10 8 10 11 13 12 8 10 1 -1 13 8 9 11 10 11 12 9 10 7 13 9 11 8 10 9 11 6 12 6 11 8 9 9 12 9 11 5 13 5 11 7 13 8 12 5 14 3 12 5 11 4 12 7 15 7 14 2 11 2 13 4 1 2 0 0 0 0 0 0 0 0 ]
CSI_DATA,AP,68:FE:71:12:53:8C,-46,11,1,5,1,1,1,0,0,0,0,-93,0,6,1,15719712,0,84,0,0,15.72,384,[84 -64 4 0 0 0 0 0 0 0 0 0 -7 16 -9 17 -7 17 -9 18 -6 18 -11 17 -10 16 -8 14 -10 16 -12 17 -12 14 -10 17 -10 14 -11 16 -11 16 -11 12 -12 13 -10 11 -10 14 -10 13 -11 12 -8 13 -7 13 -10 12 -7 12 -10 14 0 -2 -8 12 -8 12 -7 12 -8 12 -9 12 -9 14 -7 16 -8 13 -4 15 -6 14 -5 14 -5 15 -4 14 -7 15 -4 12 -3 13 -3 16 -2 15 -4 15 -4 15 -2 15 -2 13 -3 17 -3 15 -1 15 -3 15 -2 1 0 0 0 0 0 0 0 0 ]
CSI_DATA,AP,68:FE:71:12:53:8C,-42,11,1,4,1,1,1,1,0,0,0,-93,5,6,1,15809185,0,84,0,0,15.809,384,[84 -64 4 0 0 0 0 0 0 0 0 0 -2 21 -1 18 -3 19 -4 18 -5 21 -2 20 -3 15 -8 19 -4 18 -6 19 -6 18 -8 18 -9 16 -8 17 -5 16 -7 19 -4 16 -8 17 -4 14 -8 17 -7 14 -8 16 -5 14 -8 14 -4 17 -5 15 1 -2 -3 12 -7 15 -7 12 -2 12 -3 14 -5 16 -4 12 -3 14 -3 13 -3 12 0 14 1 13 -3 13 -2 13 0 15 1 13 2 14 2 14 1 15 -1 13 3 12 1 13 3 14 2 15 3 15 4 16 2 1 0 0 0 0 0 0 0 0 ]
CSI_DATA,AP,68:FE:71:12:53:8C,-50,11,1,2,1,1,1,0,0,0,0,-96,0,6,1,15899862,0,84,0,0,15.9,384,[84 -64 4 0 0 0 0 0 0 0 0 0 8 -14 10 -15 13 -15 14 -12 10 -12 12 -13 15 -10 12 -13 11 -10 12 -14 11 -13 12 -14 12 -11 12 -13 15 -13 13 -12 13 -9 11 -8 15 -12 11 -8 15 -8 15 -11 10 -11 14 -12 10 -8 14 -10 2 1 14 -10 13 -12 10 -11 10 -8 11 -10 11 -12 8 -10 11 -11 8 -10 7 -9 7 -12 11 -14 9 -14 7 -10 7 -12 7 -15 5 -12 5 -15 9 -14 7 -12 5 -11 6 -13 5 -12 5 -13 7 -16 5 -12 0 -1 0 0 0 0 0 0 0 0 ]
CSI_DATA,AP,68:FE:71:12:53:8C,-46,11,1,4,1,1,1,0,0,0,0,-94,0,6,1,16003299,0,84,0,0,16.003,384,[84 -64 4 0 0 0 0 0 0 0 0 0 -14 -13 -11 -13 -9 -14 -12 -18 -8 -15 -12 -18 -11 -16 -7 -18 -7 -14 -11 -14 -9 -14 -9 -18 -6 -18 -8 -15 -6 -19 -8 -14 -4 -17 -7 -13 -5 -15 -6 -15 -5 -14 -4 -13 -6 -16 -7 -13 -7 -15 -4 -16 2 -1 -6 -12 -6 -15 -8 -13 -7 -14 -6 -14 -6 -13 -10 -13 -7 -14 -9 -12 -7 -12 -9 -12 -11 -12 -9 -13 -10 -13 -10 -10 -12 -10 -9 -9 -13 -12 -9 -11 -12 -10 -11 -11 -13 -11 -9 -11 -11 -11 -9 -10 -10 -12 -1 0 0 0 0 0 0 0 0 0 ]
CSI_DATA,AP,68:FE:71:12:53:8C,-44,11,1,5,1,1,1,0,0,0,0,-95,0,6,1,16127166,0,84,0,0,16.127,384,[84 -64 4 0 0 0 0 0 0 0 0 0 -22 20 -19 21 -22 20 -24 21 -22 18 -25 17 -22 21 -24 18 -26 20 -26 17 -26 16 -24 16 -23 17 -25 17 -23 16 -26 14 -23 15 -22 12 -23 11 -21 13 -22 15 -20 13 -23 15 -22 12 -23 13 -22 12 -1 2 -19 14 -19 16 -22 15 -18 17 -16 17 -21 15 -17 14 -15 14 -18 18 -16 13 -18 18 -15 16 -15 19 -18 18 -19 18 -15 18 -17 20 -16 19 -15 18 -15 19 -17 21 -13 20 -15 19 -12 21 -14 20 -13 21 -1 -2 0 0 0 0 0 0 0 0 ]
CSI_DATA,AP,68:FE:71:12:53:8C,-48,11,1,5,1,1,1,0,0,0,0,-96,0,6,1,16197500,0,84,0,0,16.198,384,[84 -64 4 0 0 0 0 0 0 0 0 0 16 -1 15 2 16 2 19 3 15 3 18 4 15 4 15 6 16 7 15 7 15 6 13 3 14 6 16 5 12 7 15 5 12 5 13 4 14 4 11 4 10 6 14 8 13 8 12 7 14 7 13 7 0 1 10 4 13 6 13 7 12 5 10 3 12 3 12 7 13 2 14 3 11 5 11 2 14 1 13 3 15 4 10 3 11 0 13 1 12 1 15 1 12 2 15 3 13 2 14 -2 12 1 11 -3 11 1 1 0 0 0 0 0 0 0 0 0 ]
CSI_DATA,AP,68:FE:71:12:53:8C,-48,11,1,5,1,1,1,0,0,0,0,-95,0,6,1,16307736,0,84,0,0,16.308,384,[84 -64 4 0 0 0 0 0 0 0 0 0 -19 3 -19 2 -22 2 -22 2 -21 -3 -20 -2 -20 -3 -20 -5 -17 -2 -21 -4 -18 -3 -19 -4 -18 -5 -16 -6 -19 -4 -17 -3 -19 -2 -15 -4 -18 -5 -17 -3 -18 -3 -19 -4 -16 -4 -15 -3 -16 -3 -18 -6 0 2 -17 -3 -17 -3 -15 -5 -16 0 -15 -3 -17 -2 -16 -2 -16 -2 -14 -1 -16 -2 -13 -1 -15 -1 -16 0 -13 -2 -14 0 -16 2 -16 1 -17 0 -17 3 -15 2 -13 1 -13 2 -14 4 -13 1 -16 3 -15 3 -1 1 0 0 0 0 0 0 0 0 ]
CSI_DATA,AP,68:FE:71:12:53:8C,-44,11,1,4,1,1,1,0,0,0,0,-96,0,6,1,16375317,0,84,0,0,16.375,384,[84 -64 4 0 0 0 0 0 0 0 0 0 -17 7 -15 8 -17 6 -19 8 -17 3 -18 6 -20 6 -18 3 -18 1 -18 1 -20 4 -18 0 -16 4 -16 0 -19 0 -15 0 -15 4 -15 0 -18 1 -14 0 -14 1 -15 1 -16 1 -14 4 -17 4 -13 1 -2 -1 -14 1 -14 4 -14 1 -15 5 -12 3 -16 5 -13 4 -12 3 -15 2 -13 4 -13 6 -14 5 -14 7 -12 7 -14 4 -13 3 -13 7 -15 4 -14 7 -12 6 -13 9 -12 7 -12 7 -12 7 -13 8 -11 10 2 0 0 0 0 0 0 0 0 0 ]
CSI_DATA,AP,68:FE:71:12:53:8C,-46,11,1,3,1,1,1,0,0,0,0,-96,0,6,1,16464745,0,84,0,0,16.465,384,[84 -64 4 0 0 0 0 0 0 0 0 0 11 -14 14 -11 11 -13 15 -14 17 -10 14 -12 15 -9 14 -11 14 -10 14 -9 16 -8 16 -7 15 -8 15 -8 15 -6 13 -9 13 -8 12 -8 16 -9 13 -5 16 -7 14 -5 12 -5 13 -6 16 -9 15 -9 2 -1 15 -5 13 -5 11 -6 10 -9 13 -7 12 -9 13 -10 9 -10 11 -10 11 -7 9 -7 12 -8 10 -10 8 -9 8 -11 8 -10 12 -8 8 -12 9 -11 9 -13 9 -9 12 -11 10 -10 9 -10 10 -11 10 -11 1 1 0 0 0 0 0 0 0 0 ]
CSI_DATA,AP,68:FE:71:12:53:8C,-43,11,1,5,1,1,1,0,0,0,0,-94,0,6,1,16588337,0,84,0,0,16.588,384,[84 -64 4 0 0 0 0 0 0 0 0 0 -20 -8 -20 -9 -19 -9 -19 -7 -17 -10 -18 -7 -18 -9 -17 -10 -17 -10 -18 -8 -15 -10 -15 -11 -15 -12 -16 -12 -17 -11 -16 -10 -17 -8 -17 -13 -14 -13 -15 -13 -14 -13 -14 -8 -15 -10 -15 -10 -12 -9 -15 -10 1 0 -15 -11 -14 -9 -16 -10 -15 -9 -16 -6 -12 -10 -16 -8 -13 -7 -13 -8 -17 -7 -13 -6 -17 -9 -14 -5 -14 -6 -15 -4 -15 -7 -14 -9 -16 -6 -15 -6 -13 -3 -18 -6 -16 -5 -14 -6 -18 -5 -15 -3 -15 -5 0 -1 0 0 0 0 0 0 0 0 ]
CSI_DATA,AP,68:FE:71:12:53:8C,-47,11,1,5,1,1,1,0,0,0,0,-94,0,6,1,16691435,0,84,0,0,16.691,384,[84 -64 4 0 0 0 0 0 0 0 0 0 -36 -6 -38 -10 -40 -10 -36 -13 -40 -12 -37 -14 -37 -12 -36 -14 -34 -15 -34 -17 -33 -16 -36 -16 -35 -16 -33 -17 -29 -20 -32 -20 -31 -17 -31 -16 -29 -20 -30 -18 -31 -20 -31 -18 -30 -15 -30 -19 -32 -17 -29 -14 2 0 -27 -18 -31 -15 -30 -14 -30 -15 -28 -17 -29 -15 -30 -15 -31 -15 -31 -10 -30 -10 -32 -9 -32 -8 -28 -11 -29 -9 -30 -7 -33 -9 -30 -10 -34 -5 -29 -4 -30 -5 -29 -8 -31 -8 -33 -6 -30 -1 -33 -5 -33 -6 0 -2 0 0 0 0 0 0 0 0 ]
CSI_DATA,AP,68:FE:71:12:53:8C,-46,11,1,5,1,1,1,0,0,0,0,-94,0,6,1,16791626,0,84,0,0,16.792,384,[84 -64 4 0 0 0 0 0 0 0 0 0 -20 3 -19 0 -20 0 -23 2 -18 0 -20 1 -20 -3 -21 -2 -22 -3 -18 -3 -19 -3 -17 -4 -21 -4 -20 -3 -16 -4 -17 -3 -16 -3 -17 -4 -15 -3 -17 -3 -17 -1 -16 -5 -16 -2 -18 -2 -14 -3 -14 -4 2 1 -14 0 -18 0 -15 -1 -18 -2 -16 0 -14 1 -14 1 -14 0 -14 1 -15 0 -16 3 -17 0 -15 0 -18 4 -17 2 -16 1 -16 2 -16 5 -17 1 -16 3 -15 5 -17 1 -14 2 -15 6 -14 3 -14 5 0 -2 0 0 0 0 0 0 0 0 ]
CSI_DATA,AP,68:FE:71:12:53:8C,-45,11,1,5,1,1,1,0,0,0,0,-94,0,6,1,16910566,0,84,0,0,16.911,384,[84 -64 4 0 0 0 0 0 0 0 0 0 27 -27 29 -29 31 -27 28 -23 32 -24 28 -22 31 -25 33 -23 32 -22 32 -18 33 -20 32 -19 34 -18 32 -16 34 -16 31 -17 32 -15 30 -17 33 -13 31 -14 30 -16 30 -15 30 -12 30 -14 32 -13 29 -12 2 -2 32 -15 28 -15 28 -15 28 -16 28 -16 29 -18 29 -18 25 -18 26 -16 26 -21 26 -17 27 -16 25 -20 23 -20 25 -21 20 -19 23 -22 21 -20 18 -25 18 -23 21 -22 21 -22 22 -25 19 -23 19 -25 18 -21 0 -2 0 0 0 0 0 0 0 0 ]
CSI_DATA,AP,68:FE:71:12:53:8C,-50,11,1,1,1,1,1,0,0,0,0,-94,0,6,1,17015955,0,84,0,0,17.016,384,[84 -64 4 0 0 0 0 0 0 0 0 0 -10 -11 -10 -14 -13 -12 -11 -16 -10 -16 -12 -16 -7 -15 -10 -12 -7 -14 -9 -16 -8 -15 -9 -16 -7 -13 -5 -16 -7 -14 -9 -13 -6 -13 -5 -11 -7 -13 -8 -13 -6 -13 -4 -15 -8 -12 -8 -13 -5 -14 -7 -12 1 -1 -6 -12 -5 -11 -9 -10 -5 -9 -5 -13 -10 -12 -10 -11 -9 -13 -7 -11 -11 -11 -11 -11 -11 -11 -7 -8 -9 -11 -7 -12 -10 -10 -10 -9 -9 -12 -11 -11 -10 -9 -9 -9 -9 -8 -11 -7 -14 -9 -11 -8 -12 -6 0 -1 0 0 0 0 0 0 0 0 ]
CSI_DATA,AP,68:FE:71:12:53:8C,-47,11,1,3,1,1,1,0,0,0,0,-94,0,6,1,17089641,0,84,0,0,17.09,384,[84 -64 4 0 0 0 0 0 0 0 0 0 -9 -20 -8 -19 -5 -18 -8 -20 -6 -18 -5 -18 -3 -18 -4 -18 -4 -22 -5 -20 -5 -18 -3 -18 -3 -22 -4 -17 -3 -17 -2 -17 -1 -16 -1 -18 -4 -17 -2 -19 -3 -18 -3 -17 -2 -17 0 -17 0 -18 -1 -18 -2 -2 -2 -15 -3 -15 -5 -14 -4 -15 -2 -17 -5 -18 -3 -13 -5 -17 -4 -17 -8 -17 -8 -13 -8 -13 -7 -17 -5 -15 -5 -14 -8 -15 -9 -14 -8 -13 -7 -16 -8 -12 -7 -14 -8 -12 -8 -14 -11 -15 -10 -13 -9 -16 -1 0 0 0 0 0 0 0 0 0 ]
CSI_DATA,AP,68:FE:71:12:53:8C,-44,11,1,3,1,1,1,1,0,0,0,-94,3,6,1,17188727,0,84,0,0,17.189,384,[84 -64 4 0 0 0 0 0 0 0 0 0 -8 -16 -10 -16 -10 -17 -10 -20 -10 -18 -6 -18 -4 -21 -6 -17 -7 -17 -7 -21 -5 -18 -5 -21 -3 -19 -5 -18 -6 -18 -3 -21 -5 -18 -3 -20 -3 -18 -2 -17 -2 -18 -3 -19 -4 -15 -3 -16 -2 -15 -2 -19 -2 1 -4 -16 -3 -15 -2 -15 -2 -16 -2 -16 -6 -15 -4 -17 -3 -18 -6 -14 -3 -16 -4 -14 -6 -16 -7 -15 -6 -16 -4 -16 -6 -12 -8 -15 -7 -16 -8 -13 -6 -12 -9 -16 -8 -14 -8 -13 -7 -16 -10 -11 -9 -11 -2 -1 0 0 0 0 0 0 0 0 ]
CSI_DATA,AP,68:FE:71:12:53:8C,-45,11,1,4,1,1,1,0,0,0,0,-93,0,6,1,17296055,0,84,0,0,17.296,384,[84 -64 4 0 0 0 0 0 0 0 0 0 42 11 39 10 42 12 37 13 41 18 33 16 37 18 33 21 37 21 37 20 34 24 36 22 35 20 34 23 32 22 32 23 27 20 29 22 27 23 30 20 27 21 29 24 25 19 29 23 30 25 30 20 -1 1 27 19 32 20 26 18 30 16 25 20 29 15 30 18 30 18 27 18 31 13 30 11 29 15 31 11 28 12 31 11 28 10 34 12 31 9 30 8 29 5 31 8 31 9 34 9 33 10 31 9 33 6 0 1 0 0 0 0 0 0 0 0 ]
CSI_DATA,AP,68:FE:71:12:53:8C,-43,11,1,6,1,1,1,0,0,0,0,-93,0,6,1,17416595,0,84,0,0,17.417,384,[84 -64 4 0 0 0 0 0 0 0 0 0 11 12 10 12 11 17 9 15 12 13 8 15 9 15 7 18 8 18 8 17 8 15 10 18 8 14 7 15 10 14 6 14 5 15 4 15 4 17 7 16 8 16 7 13 7 14 4 13 4 12 7 16 -2 -1 7 11 5 13 9 15 5 14 7 11 10 13 9 12 6 11 7 14 10 11 11 12 7 9 10 11 10 12 10 9 10 12 9 12 10 7 8 12 12 10 9 11 11 10 10 9 12 8 10 10 11 8 2 2 0 0 0 0 0 0 0 0 ]
CSI_DATA,AP,68:FE:71:12:53:8C,-45,11,1,4,1,1,1,0,0,0,0,-96,0,6,1,17501088,0,84,0,0,17.501,384,[84 -64 4 0 0 0 0 0 0 0 0 0 10 -20 9 -18 10 -20 13 -20 10 -19 12 -18 11 -16 12 -17 14 -16 15 -13 14 -14 13 -14 13 -15 11 -14 13 -16 12 -17 14 -13 10 -14 12 -14 12 -13 14 -13 13 -15 9 -10 12 -14 13 -13 14 -13 -1 2 8 -11 9 -11 13 -15 10 -12 8 -13 10 -14 8 -13 7 -15 8 -13 9 -15 9 -15 10 -13 10 -13 5 -16 8 -12 8 -17 5 -18 4 -15 8 -14 4 -13 5 -17 4 -17 7 -14 5 -15 3 -14 2 -17 -2 -2 0 0 0 0 0 0 0 0 ]
CSI_DATA,AP,68:FE:71:12:53:8C,-48,11,1,5,1,1,1,0,0,0,0,-94,0,6,1,17581971,0,84,0,0,17.582,384,[84 -64 4 0 0 0 0 0 0 0 0 0 -21 -11 -19 -8 -18 -11 -19 -10 -17 -9 -16 -10 -15 -14 -15 -10 -17 -11 -14 -12 -16 -14 -20 -15 -17 -14 -16 -15 -16 -14 -17 -12 -16 -13 -14 -12 -14 -12 -14 -12 -15 -14 -13 -10 -11 -11 -14 -12 -14 -14 -14 -11 2 -2 -12 -9 -13 -12 -17 -10 -12 -8 -14 -11 -15 -10 -15 -12 -12 -9 -16 -8 -17 -7 -14 -10 -17 -7 -16 -7 -15 -6 -14 -10 -15 -4 -15 -6 -17 -5 -14 -7 -14 -7 -16 -4 -18 -5 -15 -6 -19 -4 -16 -7 -19 -5 1 0 0 0 0 0 0 0 0 0 ]
CSI_DATA,AP,68:FE:71:12:53:8C,-44,11,1,5,1,1,1,0,0,0,0,-94,0,6,1,17666448,0,84,0,0,17.666,384,[84 -64 4 0 0 0 0 0 0 0 0 0 4 22 4 21 1 21 0 20 2 22 -1 21 -2 23 0 21 -1 19 0 19 -2 21 -4 18 -4 20 -3 21 -5 18 -2 21 -2 20 -5 18 -2 17 -1 15 -6 16 -3 15 -1 14 -2 18 -3 19 -5 17 -1 -1 -3 19 -4 19 -4 17 -2 16 1 14 -1 16 0 16 -2 15 -2 17 1 16 2 18 -1 14 1 14 3 18 3 15 1 14 3 19 3 18 5 18 2 16 1 18 4 16 2 16 5 15 2 18 3 17 0 0 0 0 0 0 0 0 0 0 ]
CSI_DATA,AP,68:FE:71:12:53:8C,-44,11,0,0,0,0,0,0,0,0,0,-93,0,6,1,17771720,0,37,0,0,17.772,128,[84 -64 4 0 0 0 0 0 0 0 0 0 -9 21 -10 21 -9 21 -12 19 -13 22 -12 19 -15 19 -12 18 -12 17 -15 17 -12 18 -14 20 -16 19 -13 15 -15 15 -16 15 -16 13 -13 13 -14 14 -12 14 -14 12 -12 15 -14 14 -14 14 -12 16 -15 12 0 2 -13 15 -11 15 -10 15 -8 13 -9 16 -10 15 -12 14 -12 14 -12 13 -9 13 -8 15 -10 14 -9 15 -7 13 -6 17 -6 18 -5 18 -7 18 -9 15 -8 15 -5 16 -4 17 -4 16 -4 19 -5 17 -7 15 2 1 0 0 0 0 0 0 0 0 ]
CSI_DATA,AP,68:FE:71:12:53:8C,-44,11,1,3,1,1,1,0,0,0,0,-95,0,6,1,17878831,0,84,0,0,17.879,384,[84 -64 4 0 0 0 0 0 0 0 0 0 21 -8 19 -7 20 -5 24 -5 20 -3 22 -2 23 1 18 -2 19 -2 18 0 23 1 22 -3 21 2 21 1 21 2 22 0 19 -1 19 -1 18 2 17 2 20 2 18 2 19 0 17 3 19 3 18 1 2 -1 19 -1 17 2 20 2 19 1 17 -2 16 1 19 2 18 0 16 0 15 -2 17 -3 16 -1 19 -1 16 -2 16 -2 16 -4 20 -2 14 -4 15 -7 16 -8 18 -3 14 -4 18 -7 15 -7 17 -4 18 -8 0 2 0 0 0 0 0 0 0 0 ]
CSI_DATA,AP,68:FE:71:12:53:8C,-42,11,1,5,1,1,1,0,0,0,0,-96,0,6,1,17974195,0,84,0,0,17.974,384,[84 -64 4 0 0 0 0 0 0 0 0 0 0 20 -2 20 -2 19 1 25 -1 19 -3 20 -1 18 -3 21 -5 21 -4 16 -3 21 -4 23 -5 20 -4 19 -7 22 -8 21 -6 17 -7 17 -6 19 -7 20 -5 15 -6 18 -4 18 -4 17 -3 16 -4 17 1 2 -6 19 -1 16 -4 16 -4 18 -2 18 -2 16 -5 15 -3 18 0 16 0 14 -3 18 1 16 1 15 2 18 1 13 -2 20 2 16 -1 15 2 15 3 14 -1 15 0 18 3 17 1 17 4 15 5 17 2 -2 0 0 0 0 0 0 0 0 ]
CSI_DATA,AP,68:FE:71:12:53:8C,-48,11,1,3,1,1,1,0,0,0,0,-95,0,6,1,18080666,0,84,0,0,18.081,384,[84 -64 4 0 0 0 0 0 0 0 0 0 20 0 23 -3 24 -1 20 2 20 2 20 2 22 3 21 2 19 3 18 4 20 2 21 4 18 2 17 3 17 2 19 3 20 2 15 5 19 2 18 2 19 5 17 2 16 6 15 5 18 6 19 1 1 0 18 3 20 3 16 4 16 1 14 3 15 2 18 0 16 2 15 1 14 1 17 -4 16 -2 17 1 14 -1 17 -2 15 -5 18 -2 18 -3 16 -1 14 -5 18 -4 14 -2 17 -4 14 -7 18 -6 16 -6 0 -1 0 0 0 0 0 0 0 0 ]
CSI_DATA,AP,68:FE:71:12:53:8C,-43,11,1,4,1,1,1,0,0,0,0,-95,0,6,1,18187045,0,84,0,0,18.187,384,[84 -64 4 0 0 0 0 0 0 0 0 0 1 22 -1 21 -1 23 -1 23 -2 21 -6 19 -5 21 -4 19 -6 22 -8 19 -7 22 -7 21 -6 19 -8 21 -7 19 -7 23 -5 18 -6 17 -5 19 -6 17 -8 16 -5 19 -5 14 -6 20 -7 16 -5 18 2 -2 -6 16 -2 20 -3 17 -1 19 -5 15 -4 19 -1 19 -2 15 -2 16 -4 19 -4 16 -1 19 1 16 1 17 -2 17 2 17 1 16 -1 15 2 17 1 16 -1 17 3 14 2 15 4 17 0 18 1 14 1 0 0 0 0 0 0 0 0 0 ]
CSI_DATA,AP,68:FE:71:12:53:8C,-50,11,1,1,1,1,1,1,0,0,0,-96,6,6,1,18297479,0,84,0,0,18.297,384,[84 -64 4 0 0 0 0 0 0 0 0 0 -10 -21 -10 -20 -9 -18 -7 -21 -6 -19 -3 -20 -5 -23 -4 -17 -1 -20 -3 -17 -5 -22 -3 -23 -2 -22 0 -21 -2 -20 -3 -21 0 -21 -4 -17 0 -16 -1 -17 -2 -20 -1 -17 1 -15 -4 -18 -2 -20 -1 -18 -1 -2 -2 -16 -1 -19 -2 -16 -2 -16 -5 -16 -6 -16 -3 -16 -4 -13 -3 -14 -7 -13 -6 -17 -8 -14 -6 -16 -5 -17 -5 -17 -6 -16 -9 -18 -7 -16 -9 -14 -7 -12 -6 -16 -7 -13 -9 -13 -11 -16 -9 -12 -10 -13 2 1 0 0 0 0 0 0 0 0 ]
CSI_DATA,AP,68:FE:71:12:53:8C,-45,11,1,4,1,1,1,0,0,0,0,-94,0,6,1,18383627,0,84,0,0,18.384,384,[84 -64 4 0 0 0 0 0 0 0 0 0 -12 -19 -11 -18 -12 -16 -9 -18 -9 -21 -6 -17 -9 -21 -7 -19 -5 -20 -4 -18 -6 -18 -7 -20 -6 -21 -6 -20 -7 -16 -7 -20 -3 -20 -5 -16 -2 -20 -6 -19 -7 -19 -5 -16 -3 -15 -6 -18 -3 -20 -5 -19 1 2 -6 -15 -5 -16 -6 -16 -5 -16 -6 -17 -7 -18 -5 -14 -7 -14 -9 -15 -9 -17 -8 -15 -9 -14 -10 -17 -9 -13 -10 -15 -8 -17 -10 -13 -8 -13 -11 -12 -10 -14 -10 -15 -9 -11 -8 -13 -13 -16 -12 -11 -9 -11 2 1 0 0 0 0 0 0 0 0 ]
CSI_DATA,AP,68:FE:71:12:53:8C,-45,11,1,5,1,1,1,0,0,0,0,-94,0,6,1,18466430,0,84,0,0,18.466,384,[84 -64 4 0 0 0 0 0 0 0 0 0 -18 -8 -19 -11 -22 -10 -20 -11 -17 -9 -15 -11 -16 -10 -16 -11 -16 -15 -16 -11 -18 -11 -18 -13 -17 -13 -15 -12 -15 -12 -18 -15 -15 -14 -11 -14 -15 -12 -12 -14 -15 -12 -13 -12 -10 -11 -13 -10 -15 -12 -13 -10 2 2 -12 -8 -13 -9 -17 -9 -14 -8 -11 -7 -15 -8 -15 -7 -12 -8 -15 -10 -14 -6 -17 -6 -13 -7 -16 -9 -17 -6 -15 -9 -14 -7 -18 -8 -16 -8 -17 -8 -14 -5 -18 -4 -15 -3 -17 -3 -18 -2 -18 -4 -16 -5 2 1 0 0 0 0 0 0 0 0 ]
CSI_DATA,AP,68:FE:71:12:53:8C,-45,11,1,4,1,1,1,0,0,0,0,-95,0,6,1,18583467,0,84,0,0,18.583,384,[84 -64 4 0 0 0 0 0 0 0 0 0 15 9 16 11 15 10 14 11 16 13 11 16 15 13 14 13 12 14 14 14 14 15 12 18 11 16 13 15 8 14 14 15 12 16 11 14 11 15 9 13 7 17 10 15 9 16 9 15 9 14 10 14 0 -1 12 14 12 12 12 11 10 12 8 13 10 14 9 14 11 12 9 8 13 11 15 12 11 8 12 11 12 12 13 7 15 9 13 11 11 9 16 9 11 5 11 11 15 6 14 8 15 7 14 9 16 9 -2 -1 0 0 0 0 0 0 0 0 ]
CSI_DATA,AP,68:FE:71:12:53:8C,-43,11,1,5,1,1,1,1,0,0,0,-95,4,6,1,18679932,0,84,0,0,18.68,384,[84 -64 4 0 0 0 0 0 0 0 0 0 19 11 16 12 18 12 19 14 16 14 15 14 17 12 14 14 14 15 13 13 13 17 16 17 13 14 14 13 15 17 13 14 14 14 12 14 10 13 13 13 14 13 11 15 10 14 10 11 10 16 14 15 -1 -2 11 9 12 11 13 10 11 8 13 10 14 12 13 9 11 10 13 9 12 6 15 8 13 9 16 7 15 7 15 10 17 8 14 6 14 4 16 5 17 5 14 6 12 8 13 8 14 8 17 7 16 5 2 -1 0 0 0 0 0 0 0 0 ]
CSI_DATA,AP,68:FE:71:12:53:8C,-43,11,1,6,1,1,1,0,0,0,0,-94,0,6,1,18771561,0,84,0,0,18.772,384,[84 -64 4 0 0 0 0 0 0 0 0 0 18 1 22 3 21 3 20 2 19 3 19 3 19 3 19 8 18 6 18 8 17 7 21 5 18 6 17 6 18 8 20 7 17 9 17 6 14 5 14 7 13 9 17 5 12 5 17 10 14 5 18 7 2 2 14 4 15 5 18 7 17 7 13 5 17 6 18 3 17 3 16 3 15 1 19 2 17 3 14 0 16 3 16 5 17 2 18 3 17 -1 18 0 17 1 16 2 14 -1 14 0 15 -2 16 1 14 0 -1 2 0 0 0 0 0 0 0 0 ]
CSI_DATA,AP,68:FE:71:12:53:8C,-44,11,1,3,1,1,1,1,0,0,0,-94,4,6,1,18867096,0,84,0,0,18.867,384,[84 -64 4 0 0 0 0 0 0 0 0 0 19 -1 19 -2 20 -3 23 -3 22 -2 18 1 19 4 19 1 21 5 17 3 20 6 21 4 18 6 20 3 19 4 20 5 16 5 16 3 17 2 18 3 16 6 18 4 13 4 15 4 18 7 16 6 2 1 18 3 19 5 15 2 15 0 14 3 16 4 18 5 18 4 15 2 16 1 15 0 14 2 16 3 14 0 15 0 17 0 15 -2 14 0 17 1 18 -2 18 -1 17 0 19 -2 16 -5 18 -2 14 -1 0 0 0 0 0 0 0 0 0 0 ]
CSI_DATA,AP,68:FE:71:12:53:8C,-47,11,1,5,1,1,1,0,0,0,0,-96,0,6,1,18951089,0,84,0,0,18.951,384,[84 -64 4 0 0 0 0 0 0 0 0 0 4 22 2 21 5 21 2 21 1 22 2 17 -1 22 -1 19 -2 20 -3 17 -1 20 1 20 -1 18 -1 21 -4 18 -2 20 -1 21 -1 17 -1 16 -4 19 -4 19 -1 20 0 15 -3 19 -2 15 -2 18 1 -1 1 14 -2 16 -1 17 3 14 1 14 -2 17 -1 15 2 15 2 18 3 13 3 15 2 15 6 17 3 14 4 15 2 15 2 17 5 13 2 16 4 14 3 18 6 14 5 14 5 17 4 15 7 13 2 0 0 0 0 0 0 0 0 0 ]
CSI_DATA,AP,68:FE:71:12:53:8C,-50,11,1,2,1,1,1,0,0,0,0,-95,0,6,1,19051554,0,84,0,0,19.052,384,[84 -64 4 0 0 0 0 0 0 0 0 0 13 -15 13 -16 14 -15 13 -18 16 -17 13 -13 14 -15 13 -13 14 -10 13 -10 17 -11 15 -13 16 -10 16 -13 15 -12 15 -14 15 -8 13 -9 15 -7 17 -11 17 -10 14 -8 13 -7 16 -10 15 -11 14 -11 2 -1 12 -11 16 -8 16 -9 14 -9 12 -10 11 -9 11 -12 11 -9 11 -9 12 -13 13 -15 10 -13 9 -14 8 -13 10 -11 10 -13 12 -13 9 -12 10 -11 9 -15 8 -14 10 -13 9 -16 10 -16 8 -15 8 -11 0 0 0 0 0 0 0 0 0 0 ]
CSI_DATA,AP,68:FE:71:12:53:8C,-49,11,1,1,1,1,1,0,0,0,0,-94,0,6,1,19149624,0,84,0,0,19.15,384,[84 -64 4 0 0 0 0 0 0 0 0 0 17 6 16 8 19 9 19 6 17 11 18 7 19 7 17 7 18 12 15 10 15 12 16 10 15 11 17 10 15 9 13 14 15 11 11 9 12 10 12 11 14 11 15 10 14 11 11 11 13 13 11 10 -1 1 13 9 16 11 16 9 14 9 14 7 14 8 12 7 16 6 12 7 13 9 15 7 16 6 15 8 13 5 14 7 17 4 15 3 14 3 15 3 14 5 16 2 15 5 16 3 16 1 18 6 16 1 0 -1 0 0 0 0 0 0 0 0 ]
CSI_DATA,AP,68:FE:71:12:53:8C,-47,11,1,5,1,1,1,0,0,0,0,-94,0,6,1,19250123,0,84,0,0,19.25,384,[84 -64 4 0 0 0 0 0 0 0 0 0 -20 -4 -23 -5 -22 -2 -25 -4 -22 -5 -20 -7 -21 -8 -19 -6 -19 -6 -19 -7 -20 -9 -20 -8 -22 -10 -19 -9 -18 -10 -19 -10 -16 -6 -15 -7 -19 -6 -16 -7 -19 -11 -15 -9 -17 -10 -15 -7 -15 -10 -16 -7 2 1 -15 -6 -17 -8 -17 -7 -15 -6 -14 -7 -16 -5 -18 -8 -16 -3 -18 -6 -17 -2 -19 -5 -15 -4 -19 -1 -15 -1 -20 -3 -18 -2 -18 -2 -19 -1 -19 -3 -19 -1 -19 -4 -18 -1 -17 -3 -21 -1 -17 -1 -20 -2 0 1 0 0 0 0 0 0 0 0 ]
CSI_DATA,AP,68:FE:71:12:53:8C,-43,11,1,6,1,1,1,0,0,0,0,-95,0,6,1,19331569,0,84,0,0,19.332,384,[84 -64 4 0 0 0 0 0 0 0 0 0 10 -16 10 -19 12 -16 12 -16 16 -14 13 -13 12 -12 12 -13 17 -16 12 -12 15 -16 17 -16 15 -15 17 -11 14 -14 13 -13 13 -11 13 -13 12 -11 12 -13 14 -10 12 -9 14 -9 14 -9 14 -10 13 -9 2 2 11 -11 12 -13 14 -13 12 -10 13 -11 12 -12 10 -10 12 -11 10 -14 11 -14 10 -12 11 -15 9 -11 9 -11 8 -15 10 -12 10 -15 11 -17 11 -15 7 -15 9 -16 7 -16 8 -13 7 -16 10 -15 6 -13 -2 -1 0 0 0 0 0 0 0 0 ]
CSI_DATA,AP,68:FE:71:12:53:8C,-49,11,1,3,1,1,1,0,0,0,0,-96,0,6,1,19433354,0,84,0,0,19.433,384,[84 -64 4 0 0 0 0 0 0 0 0 0 -13 -11 -12 -14 -15 -16 -16 -17 -15 -16 -12 -15 -13 -17 -9 -15 -12 -19 -9 -15 -13 -19 -12 -18 -12 -18 -12 -16 -9 -17 -9 -18 -9 -14 -11 -17 -9 -16 -6 -14 -7 -14 -8 -16 -7 -14 -9 -16 -7 -16 -8 -17 1 -2 -7 -15 -8 -12 -12 -15 -12 -15 -7 -13 -11 -14 -7 -13 -12 -14 -12 -10 -11 -11 -11 -11 -9 -12 -10 -9 -10 -10 -13 -13 -12 -9 -14 -13 -14 -12 -13 -8 -13 -11 -11 -12 -13 -9 -14 -7 -13 -7 -14 -7 -13 -6 -1 2 0 0 0 0 0 0 0 0 ]
CSI_DATA,AP,68:FE:71:12:53:8C,-48,11,1,5,1,1,1,0,0,0,0,-94,0,6,1,19551256,0,84,0,0,19.551,384,[84 -64 4 0 0 0 0 0 0 0 0 0 17 -7 20 -9 18 -8 19 -5 20 -8 20 -3 21 -2 18 -5 19 -4 22 -3 24 -2 23 -2 19 -3 19 -2 19 0 23 0 18 -1 17 0 15 -3 17 -3 20 -2 17 -4 18 0 18 -1 19 -1 17 0 1 -2 17 -3 20 -4 15 -5 16 -2 18 -1 15 -4 16 -5 14 -2 18 -4 18 -5 14 -5 17 -6 17 -5 17 -6 16 -6 13 -6 15 -6 15 -6 17 -10 15 -9 17 -9 13 -10 17 -9 15 -8 12 -7 14 -9 0 1 0 0 0 0 0 0 0 0 ]
CSI_DATA,AP,68:FE:71:12:53:8C,-43,11,1,6,1,1,1,0,0,0,0,-95,0,6,1,19627944,0,84,0,0,19.628,384,[84 -64 4 0 0 0 0 0 0 0 0 0 -16 -7 -14 -8 -19 -12 -16 -12 -19 -13 -13 -12 -16 -13 -14 -10 -14 -11 -14 -14 -15 -17 -12 -12 -14 -16 -15 -15 -13 -15 -11 -15 -11 -14 -14 -10 -10 -12 -11 -12 -11 -11 -12 -10 -13 -12 -9 -15 -11 -12 -14 -11 -1 2 -10 -12 -11 -13 -14 -13 -11 -8 -11 -11 -13 -9 -11 -10 -13 -7 -13 -8 -11 -8 -12 -8 -10 -8 -13 -6 -13 -9 -12 -10 -16 -9 -15 -7 -14 -9 -16 -6 -15 -6 -14 -4 -13 -5 -16 -6 -17 -8 -13 -8 -12 -5 1 0 0 0 0 0 0 0 0 0 ]
CSI_DATA,AP,68:FE:71:12:53:8C,-50,11,1,3,1,1,1,0,0,0,0,-96,0,6,1,19708552,0,82,0,0,19.709,384,[84 -64 4 0 0 0 0 0 0 0 0 0 23 1 19 2 21 2 23 -2 24 1 17 3 21 1 17 3 21 3 19 2 18 5 22 6 19 5 20 4 18 3 18 8 18 5 15 6 18 6 19 5 19 7 15 8 16 6 16 5 16 7 17 7 0 2 17 4 17 3 16 7 18 4 13 5 19 6 15 2 17 4 14 4 16 0 16 1 13 2 18 4 17 1 16 1 19 3 18 1 17 2 19 1 14 0 18 -1 19 1 16 2 16 -3 19 2 16 -2 -2 -2 0 0 0 0 0 0 0 0 ]
CSI_DATA,AP,68:FE:71:12:53:8C,-44,11,1,5,1,1,1,0,0,0,0,-95,0,6,1,19774964,0,84,0,0,19.775,384,[84 -64 4 0 0 0 0 0 0 0 0 0 21 -3 23 -2 24 -5 23 1 22 1 21 -2 23 0 20 1 21 -1 17 -1 23 -1 18 -1 17 0 21 0 19 1 21 0 16 2 16 -1 16 1 15 2 15 2 17 2 13 1 18 3 16 1 15 3 -1 2 17 -2 18 1 15 -2 14 -1 12 -2 17 -3 14 0 12 -4 13 -1 14 -2 14 -2 11 -5 15 -2 15 -2 14 -3 18 -2 17 -7 15 -5 16 -7 12 -9 17 -5 16 -6 15 -8 13 -8 17 -6 16 -8 -2 2 0 0 0 0 0 0 0 0 ]
CSI_DATA,AP,68:FE:71:12:53:8C,-42,11,1,6,1,1,1,0,0,0,0,-94,0,6,1,19887666,0,84,0,0,19.888,384,[84 -64 4 0 0 0 0 0 0 0 0 0 -20 3 -17 3 -20 1 -21 2 -18 -2 -18 -2 -20 -3 -18 -5 -20 -4 -15 -5 -21 -3 -21 -3 -18 -6 -17 -2 -18 -3 -18 -5 -18 -7 -14 -4 -14 -3 -18 -4 -17 -6 -17 -5 -13 -7 -15 -3 -15 -2 -16 -2 1 1 -17 -3 -13 -4 -14 -3 -17 0 -15 -4 -14 -5 -16 -5 -13 -1 -14 0 -14 1 -16 0 -15 -3 -16 -2 -17 0 -17 -2 -14 0 -14 2 -17 3 -16 1 -13 2 -17 3 -14 0 -13 1 -15 1 -12 3 -15 0 1 0 0 0 0 0 0 0 0 0 ]
CSI_DATA,AP,68:FE:71:12:53:8C,-48,11,1,3,1,1,1,0,0,0,0,-96,0,6,1,19981901,0,84,0,0,19.982,384,[84 -64 4 0 0 0 0 0 0 0 0 0 15 12 13 11 14 15 15 16 15 14 13 15 11 15 10 17 9 15 10 17 10 14 11 14 13 15 8 15 9 14 12 16 7 14 6 14 7 15 10 13 7 15 8 13 6 12 7 15 8 14 8 13 -2 2 8 12 7 11 10 12 7 11 9 13 8 13 9 9 7 9 11 11 11 12 12 10 10 12 12 11 12 12 11 10 12 11 14 11 13 7 12 8 14 8 11 10 15 8 12 10 12 9 12 10 14 5 -2 -1 0 0 0 0 0 0 0 0 ]
CSI_DATA,AP,68:FE:71:12:53:8C,-43,11,1,4,1,1,1,1,0,0,0,-93,3,6,1,20079037,0,84,0,0,20.079,384,[84 -64 4 0 0 0 0 0 0 0 0 0 -5 -16 -4 -16 -7 -17 -4 -17 -2 -16 -3 -14 -4 -15 -1 -14 -1 -16 -2 -15 -1 -18 -2 -18 -2 -18 -1 -16 1 -14 1 -19 -1 -13 1 -14 2 -17 -2 -17 -1 -13 -2 -14 1 -14 -1 -13 -1 -16 2 -14 2 -2 1 -12 0 -15 1 -16 -1 -17 -3 -14 0 -16 -3 -15 -2 -15 -4 -15 -2 -14 -4 -14 -2 -11 -6 -14 -2 -15 -2 -16 -3 -16 -3 -15 -4 -12 -7 -11 -7 -12 -5 -15 -7 -14 -6 -17 -7 -16 -7 -14 -6 -15 1 -1 0 0 0 0 0 0 0 0 ]
CSI_DATA,AP,68:FE:71:12:53:8C,-43,11,1,4,1,1,1,1,0,0,0,-95,2,6,1,20195614,0,84,0,0,20.196,384,[84 -64 4 0 0 0 0 0 0 0 0 0 -21 7 -18 6 -22 9 -22 8 -23 3 -19 5 -23 3 -19 5 -19 1 -19 5 -20 3 -22 3 -19 1 -21 1 -20 2 -21 -2 -22 -1 -19 -2 -20 -2 -17 -1 -18 1 -18 -2 -16 -1 -20 0 -17 0 -18 2 -1 1 -18 2 -18 3 -18 0 -18 4 -15 3 -14 2 -17 5 -15 4 -13 4 -17 6 -17 6 -17 5 -14 7 -16 4 -15 5 -16 5 -17 8 -12 8 -17 8 -11 6 -15 4 -12 6 -13 9 -16 7 -14 8 -15 6 0 1 0 0 0 0 0 0 0 0 ]
CSI_DATA,AP,68:FE:71:12:53:8C,-44,11,1,3,1,1,1,0,0,0,0,-96,0,6,1,20289598,0,84,0,0,20.29,384,[84 -64 4 0 0 0 0 0 0 0 0 0 -1 18 -5 17 -6 18 -4 21 -5 17 -8 17 -7 18 -8 14 -5 16 -8 13 -8 15 -4 13 -8 13 -8 14 -6 12 -6 11 -5 12 -6 8 -7 10 -5 9 -4 11 -5 10 -4 11 -5 10 -3 10 -4 12 1 -2 -2 9 -3 11 -5 13 -4 11 -2 8 -3 9 -1 12 1 12 -2 9 -1 7 -1 9 -1 8 -2 12 -2 12 -1 11 3 14 1 11 3 10 3 10 2 9 0 11 1 11 2 10 1 12 2 13 2 14 -2 -1 0 0 0 0 0 0 0 0 ]
CSI_DATA,AP,68:FE:71:12:53:8C,-47,11,1,5,1,1,1,0,0,0,0,-94,0,6,1,20380988,0,84,0,0,20.381,384,[84 -64 4 0 0 0 0 0 0 0 0 0 12 16 13 16 14 17 13 18 12 15 12 15 9 15 7 15 7 17 9 13 9 17 8 16 7 14 8 13 8 11 9 13 5 15 4 10 4 10 7 11 5 11 4 12 3 7 7 8 8 8 6 11 -2 0 7 8 6 8 6 10 7 8 7 7 11 10 9 8 7 5 11 5 7 6 8 3 7 8 12 6 12 8 11 4 12 6 13 6 9 3 9 6 9 2 9 5 12 3 10 3 14 3 10 6 11 3 0 0 0 0 0 0 0 0 0 0 ]
CSI_DATA,AP,68:FE:71:12:53:8C,-50,11,1,3,1,1,1,0,0,0,0,-94,0,6,1,20481553,0,84,0,0,20.482,384,[84 -64 4 0 0 0 0 0 0 0 0 0 -26 -11 -27 -12 -28 -12 -23 -13 -21 -16 -23 -14 -21 -17 -19 -13 -20 -17 -19 -17 -20 -17 -20 -13 -17 -13 -17 -12 -17 -14 -19 -14 -16 -12 -14 -15 -16 -12 -15 -13 -13 -11 -14 -13 -12 -8 -12 -9 -14 -11 -14 -7 2 0 -12 -6 -11 -9 -13 -7 -11 -3 -10 -7 -11 -4 -14 -4 -11 -6 -14 -4 -10 -2 -11 -3 -13 2 -12 -1 -12 -1 -12 0 -13 2 -13 4 -13 1 -15 1 -14 3 -11 3 -13 2 -11 4 -12 7 -11 3 -14 6 -1 -2 0 0 0 0 0 0 0 0 ]
CSI_DATA,AP,68:FE:71:12:53:8C,-48,11,1,5,1,1,1,0,0,0,0,-93,0,6,1,20585745,0,84,0,0,20.586,384,[84 -64 4 0 0 0 0 0 0 0 0 0 -28 -14 -31 -15 -27 -18 -32 -16 -26 -18 -23 -19 -25 -18 -22 -16 -24 -19 -21 -15 -19 -17 -20 -18 -21 -16 -18 -17 -17 -17 -16 -18 -19 -17 -17 -14 -18 -13 -15 -13 -16 -11 -14 -12 -12 -8 -13 -10 -13 -13 -15 -8 2 -2 -15 -7 -16 -8 -16 -6 -12 -6 -12 -7 -15 -5 -12 -3 -15 -3 -11 -3 -12 -1 -15 -2 -15 -1 -15 -3 -15 2 -15 1 -14 3 -11 1 -13 1 -15 1 -11 3 -13 4 -12 4 -10 3 -14 6 -13 4 -10 5 0 1 0 0 0 0 0 0 0 0 ]
CSI_DATA,AP,68:FE:71:12:53:8C,-45,11,1,3,1,1,1,0,0,0,0,-96,0,6,1,20714397,0,84,0,0,20.714,384,[84 -64 4 0 0 0 0 0 0 0 0 0 17 -11 18 -10 18 -10 18 -9 16 -6 20 -5 19 -4 17 -3 18 -3 19 -6 19 -4 18 -6 16 -3 16 -5 16 -6 17 -3 16 -2 16 -2 16 -4 14 -5 15 -1 15 -5 11 -2 13 -6 17 -2 13 -5 2 1 15 -6 14 -4 13 -6 12 -6 12 -4 12 -5 13 -8 13 -4 14 -5 10 -8 11 -6 13 -6 9 -7 11 -7 10 -6 10 -10 14 -8 10 -11 10 -9 10 -8 13 -7 12 -9 10 -11 10 -12 10 -9 12 -9 0 2 0 0 0 0 0 0 0 0 ]
CSI_DATA,AP,68:FE:71:12:53:8C,-42,11,1,4,1,1,1,0,0,0,0,-96,0,6,1,20808004,0,84,0,0,20.808,384,[84 -64 4 0 0 0 0 0 0 0 0 0 15 8 16 8 19 10 16 7 19 11 14 10 18 12 16 12 16 9 14 13 15 11 19 11 17 12 14 11 14 12 18 11 17 13 14 12 16 12 14 11 14 10 14 11 13 12 12 13 16 14 15 13 -2 -1 13 15 15 12 17 10 19 11 14 14 14 11 15 11 14 13 17 10 16 9 20 9 19 11 16 10 17 12 18 11 17 9 19 10 18 7 19 11 19 8 18 12 20 11 19 12 19 11 16 9 18 9 0 -1 0 0 0 0 0 0 0 0 ]
CSI_DATA,AP,68:FE:71:12:53:8C,-42,11,1,4,1,1,1,0,0,0,0,-95,0,6,1,20955210,0,84,0,0,20.955,384,[84 -64 4 0 0 0 0 0 0 0 0 0 3 -20 5 -20 5 -25 6 -21 6 -24 8 -19 8 -20 9 -19 9 -22 12 -23 13 -22 12 -19 12 -24 9 -21 11 -22 12 -24 13 -22 11 -21 13 -17 13 -18 12 -21 10 -23 12 -18 13 -19 15 -23 10 -18 2 0 10 -20 9 -25 11 -23 8 -21 9 -23 8 -20 10 -20 8 -20 9 -21 8 -24 11 -23 11 -22 9 -23 10 -24 10 -24 9 -21 7 -26 9 -24 6 -25 6 -25 10 -23 8 -24 8 -23 6 -21 8 -22 4 -21 0 -2 0 0 0 0 0 0 0 0 ]
CSI_DATA,AP,68:FE:71:12:53:8C,-43,11,1,4,1,1,1,0,0,0,0,-93,0,6,1,21063955,0,84,0,0,21.064,384,[84 -64 4 0 0 0 0 0 0 0 0 0 1 -4 0 -2 4 -2 2 -4 4 -2 2 1 5 0 2 1 5 1 5 -2 7 -1 6 2 4 -1 6 3 6 2 5 0 6 1 4 1 4 2 4 3 6 2 5 3 6 3 6 1 5 4 5 2 2 -2 8 2 8 3 6 5 10 1 10 3 10 2 9 5 8 5 11 4 9 3 9 3 9 4 12 5 9 3 10 1 11 3 13 3 14 6 10 2 11 4 12 5 13 3 14 4 16 2 16 4 12 2 -1 -1 0 0 0 0 0 0 0 0 ]
CSI_DATA,AP,68:FE:71:12:53:8C,-50,11,1,2,1,1,1,0,0,0,0,-93,0,6,1,21162028,0,84,0,0,21.162,384,[84 -64 4 0 0 0 0 0 0 0 0 0 -18 -11 -17 -14 -17 -13 -19 -16 -19 -15 -18 -14 -16 -15 -16 -14 -13 -16 -13 -20 -16 -18 -16 -22 -14 -19 -11 -20 -11 -19 -15 -20 -14 -21 -12 -21 -12 -22 -12 -21 -11 -20 -13 -20 -11 -18 -12 -21 -10 -20 -11 -18 1 2 -13 -21 -13 -20 -10 -20 -11 -15 -9 -17 -10 -16 -10 -18 -14 -14 -14 -15 -15 -17 -18 -17 -14 -17 -15 -18 -12 -12 -14 -17 -17 -12 -15 -16 -15 -12 -17 -15 -16 -11 -18 -15 -17 -15 -17 -14 -20 -13 -15 -16 -17 -13 1 -1 0 0 0 0 0 0 0 0 ]
CSI_DATA,AP,68:FE:71:12:53:8C,-47,11,1,3,1,1,1,0,0,0,0,-96,0,6,1,21259132,0,84,0,0,21.259,384,[84 -64 4 0 0 0 0 0 0 0 0 0 -15 -9 -15 -7 -14 -9 -13 -7 -16 -10 -14 -7 -15 -12 -14 -10 -13 -11 -16 -14 -15 -14 -15 -12 -17 -14 -14 -13 -16 -15 -18 -14 -12 -12 -12 -15 -14 -12 -12 -17 -12 -17 -13 -13 -13 -14 -12 -13 -12 -13 -13 -14 -2 -1 -14 -13 -16 -14 -13 -16 -17 -12 -12 -11 -13 -12 -15 -11 -14 -11 -13 -12 -16 -10 -16 -13 -14 -11 -16 -13 -16 -11 -18 -8 -17 -11 -16 -9 -18 -10 -17 -8 -15 -7 -16 -10 -16 -8 -18 -8 -19 -11 -17 -9 -18 -8 1 1 0 0 0 0 0 0 0 0 ]
CSI_DATA,AP,68:FE:71:12:53:8C,-42,11,1,5,1,1,1,0,0,0,0,-95,0,6,1,21357750,0,84,0,0,21.358,384,[84 -64 4 0 0 0 0 0 0 0 0 0 -20 10 -21 10 -22 8 -18 10 -19 8 -20 5 -20 5 -22 6 -19 7 -22 2 -21 4 -21 5 -21 2 -19 3 -20 5 -20 3 -19 4 -18 1 -18 3 -18 1 -17 0 -17 4 -19 1 -18 1 -19 3 -16 3 2 -1 -14 5 -16 4 -17 2 -15 5 -17 6 -15 4 -15 2 -12 7 -17 5 -16 8 -15 7 -14 8 -13 8 -15 5 -15 6 -12 8 -14 6 -15 9 -13 6 -11 10 -13 10 -12 10 -13 10 -11 10 -14 10 -11 6 -1 -1 0 0 0 0 0 0 0 0 ]
CSI_DATA,AP,68:FE:71:12:53:8C,-50,11,1,1,1,1,1,0,0,0,0,-94,0,6,1,21437597,0,84,0,0,21.438,384,[82 -96 4 0 0 0 0 0 0 0 0 0 -18 -9 -19 -8 -17 -7 -18 -8 -16 -10 -19 -8 -15 -12 -16 -12 -16 -12 -17 -13 -17 -14 -15 -13 -14 -13 -14 -11 -17 -11 -17 -9 -14 -9 -13 -12 -16 -13 -11 -12 -14 -12 -13 -13 -15 -9 -15 -9 -14 -13 -16 -8 1 0 -11 -11 -16 -10 -15 -7 -13 -10 -12 -9 -15 -7 -13 -9 -12 -10 -12 -9 -12 -6 -14 -9 -14 -8 -14 -9 -16 -7 -14 -8 -17 -4 -17 -5 -14 -6 -14 -4 -14 -7 -13 -7 -15 -5 -18 -5 -14 -2 -16 -3 -17 -2 0 -1 0 0 0 0 0 0 0 0 ]
CSI_DATA,AP,68:FE:71:12:53:8C,-50,11,1,2,1,1,1,0,0,0,0,-95,0,6,1,21534176,0,84,0,0,21.534,384,[84 -64 4 0 0 0 0 0 0 0 0 0 10 -17 9 -17 11 -14 11 -14 11 -14 13 -15 13 -10 14 -11 13 -10 11 -11 13 -11 12 -11 14 -13 11 -12 13 -9 13 -9 10 -10 11 -12 14 -8 9 -12 13 -9 11 -9 8 -11 11 -11 10 -10 10 -11 -1 -2 9 -9 12 -10 10 -13 9 -13 12 -11 8 -13 11 -9 8 -12 8 -13 9 -12 9 -14 9 -9 7 -12 5 -10 5 -13 6 -10 9 -11 5 -12 7 -14 6 -12 8 -13 4 -11 5 -12 5 -14 4 -15 7 -13 1 -2 0 0 0 0 0 0 0 0 ]
CSI_DATA,AP,68:FE:71:12:53:8C,-46,11,1,3,1,1,1,0,0,0,0,-93,0,6,1,21621257,0,84,0,0,21.621,384,[84 -64 4 0 0 0 0 0 0 0 0 0 -12 -13 -12 -15 -13 -14 -14 -17 -12 -12 -11 -13 -11 -13 -10 -17 -13 -13 -11 -17 -11 -13 -11 -13 -11 -17 -12 -13 -10 -16 -9 -13 -8 -16 -6 -12 -9 -13 -9 -16 -6 -12 -6 -16 -10 -13 -8 -14 -10 -15 -7 -13 2 -2 -9 -14 -10 -14 -9 -10 -11 -11 -7 -13 -8 -12 -9 -11 -11 -10 -9 -12 -9 -11 -9 -13 -11 -11 -9 -13 -11 -10 -11 -13 -13 -9 -11 -10 -9 -9 -11 -9 -12 -11 -10 -8 -11 -12 -11 -9 -11 -11 -10 -9 -15 -11 -2 2 0 0 0 0 0 0 0 0 ]
CSI_DATA,AP,68:FE:71:12:53:8C,-46,11,1,3,1,1,1,1,0,0,0,-93,6,6,1,21744062,0,84,0,0,21.744,384,[84 -64 4 0 0 0 0 0 0 0 0 0 -19 -8 -16 -10 -15 -12 -16 -14 -17 -11 -16 -10 -17 -12 -15 -11 -13 -15 -16 -15 -14 -14 -12 -13 -15 -14 -14 -13 -14 -12 -13 -16 -13 -15 -13 -14 -12 -16 -11 -14 -13 -15 -9 -13 -10 -11 -13 -14 -11 -15 -13 -15 1 -1 -10 -13 -12 -10 -10 -13 -10 -9 -13 -10 -9 -9 -13 -13 -14 -13 -10 -11 -14 -7 -14 -11 -14 -9 -14 -10 -15 -9 -12 -9 -14 -10 -15 -7 -12 -6 -11 -6 -13 -8 -12 -10 -14 -7 -12 -6 -17 -6 -13 -8 -14 -9 -1 -1 0 0 0 0 0 0 0 0 ]
CSI_DATA,AP,68:FE:71:12:53:8C,-44,11,1,4,1,1,1,0,0,0,0,-95,0,6,1,21834165,0,84,0,0,21.834,384,[84 -64 4 0 0 0 0 0 0 0 0 0 -5 19 -4 18 -5 20 -7 17 -8 20 -5 15 -9 19 -6 19 -6 18 -9 15 -6 19 -10 14 -6 18 -6 16 -7 14 -8 14 -10 13 -10 14 -7 15 -7 12 -9 14 -10 12 -6 11 -6 14 -6 14 -7 15 -2 0 -10 11 -6 12 -9 12 -6 15 -8 12 -5 13 -8 11 -7 11 -4 12 -6 13 -7 12 -4 11 -5 15 -4 13 -3 13 -6 15 -6 13 -1 13 -1 14 -2 15 -4 17 -4 13 -2 14 -3 15 0 13 -1 16 2 -2 0 0 0 0 0 0 0 0 ]
CSI_DATA,AP,68:FE:71:12:53:8C,-44,11,1,3,1,1,1,0,0,0,0,-94,0,6,1,21912107,0,84,0,0,21.912,384,[84 -64 4 0 0 0 0 0 0 0 0 0 7 14 7 18 4 19 3 17 4 16 4 16 1 18 0 17 2 19 2 18 3 18 0 17 3 17 -1 15 2 17 2 17 -1 14 1 13 -1 17 0 13 2 14 2 16 3 16 0 16 2 15 -1 13 2 -1 0 15 4 17 4 13 0 12 1 15 3 14 4 14 1 16 1 11 5 11 3 14 6 13 2 12 2 13 5 13 6 11 3 13 7 13 3 11 5 13 7 13 5 14 4 15 5 14 5 15 8 12 -2 2 0 0 0 0 0 0 0 0 ]
CSI_DATA,AP,68:FE:71:12:53:8C,-45,11,1,4,1,1,1,1,0,0,0,-95,1,6,1,22009930,0,84,0,0,22.01,384,[84 -64 4 0 0 0 0 0 0 0 0 0 -3 -18 -1 -18 -5 -20 -1 -20 0 -19 -1 -18 -1 -20 0 -18 1 -19 2 -20 3 -21 -1 -19 1 -19 4 -17 0 -19 3 -18 3 -18 3 -17 4 -19 4 -19 5 -16 1 -15 0 -17 4 -18 3 -16 1 -16 1 0 3 -14 -1 -16 -1 -14 -1 -18 2 -18 -1 -18 -2 -17 -1 -15 1 -16 -2 -17 -3 -17 -3 -16 -3 -14 0 -18 -2 -16 -4 -15 -3 -18 -3 -16 -4 -14 -3 -14 -5 -14 -2 -17 -4 -17 -6 -16 -4 -15 -2 -18 -1 0 0 0 0 0 0 0 0 0 ]
CSI_DATA,AP,68:FE:71:12:53:8C,-50,11,1,2,1,1,1,0,0,0,0,-94,0,6,1,22106930,0,84,0,0,22.107,384,[84 -64 4 0 0 0 0 0 0 0 0 0 -6 -18 -4 -18 -3 -18 -2 -22 -2 -20 -1 -21 -2 -19 -2 -20 0 -18 -1 -18 1 -18 -1 -18 2 -20 -1 -21 0 -17 3 -17 2 -17 2 -18 1 -17 1 -18 0 -17 1 -20 1 -16 2 -15 -1 -20 0 -19 -1 0 0 -17 -3 -14 0 -14 0 -17 -1 -18 -2 -17 -1 -14 -2 -18 -1 -18 -4 -14 -4 -18 -3 -18 -4 -16 -4 -16 -2 -16 -6 -18 -6 -15 -4 -17 -7 -14 -5 -15 -4 -16 -5 -13 -6 -15 -8 -14 -7 -13 -5 -15 -1 -2 0 0 0 0 0 0 0 0 ]
CSI_DATA,AP,68:FE:71:12:53:8C,-45,11,1,3,1,1,1,0,0,0,0,-94,0,6,1,22206758,0,84,0,0,22.207,384,[84 -64 4 0 0 0 0 0 0 0 0 0 -22 2 -17 -2 -20 -2 -19 -1 -20 -3 -19 -3 -17 -2 -20 -6 -17 -5 -17 -5 -17 -3 -18 -6 -21 -8 -19 -3 -18 -3 -17 -6 -19 -5 -18 -4 -17 -5 -15 -4 -16 -4 -17 -6 -17 -6 -17 -6 -19 -7 -16 -6 -2 1 -15 -1 -14 -5 -18 -4 -15 -4 -15 -2 -14 -2 -16 0 -14 -3 -16 1 -14 -2 -15 0 -14 -1 -14 3 -15 2 -16 3 -14 0 -15 1 -17 2 -15 4 -16 3 -14 0 -17 4 -14 3 -17 2 -17 2 -15 4 -1 -1 0 0 0 0 0 0 0 0 ]
CSI_DATA,AP,68:FE:71:12:53:8C,-41,11,1,4,1,1,1,0,0,0,0,-94,0,6,1,22326245,0,84,0,0,22.326,384,[84 -64 4 0 0 0 0 0 0 0 0 0 -14 -17 -12 -15 -11 -19 -14 -19 -9 -18 -12 -17 -12 -18 -11 -18 -7 -20 -8 -18 -7 -20 -8 -18 -7 -20 -9 -18 -5 -19 -6 -20 -5 -20 -9 -16 -8 -16 -5 -17 -5 -17 -6 -20 -5 -17 -5 -15 -6 -18 -5 -16 2 1 -7 -14 -8 -18 -8 -17 -6 -17 -8 -18 -6 -15 -10 -13 -10 -16 -9 -14 -11 -15 -9 -13 -7 -16 -7 -15 -10 -16 -8 -12 -8 -13 -12 -15 -13 -15 -10 -14 -10 -11 -12 -13 -11 -14 -12 -14 -14 -14 -12 -15 -13 -13 0 -1 0 0 0 0 0 0 0 0 ]
CSI_DATA,AP,68:FE:71:12:53:8C,-44,11,1,5,1,1,1,0,0,0,0,-96,0,6,1,22430530,0,84,0,0,22.431,384,[84 -64 4 0 0 0 0 0 0 0 0 0 3 17 2 18 1 17 0 18 1 18 1 21 0 20 -1 20 -3 17 -3 18 -4 18 -2 18 -2 18 -3 17 -3 14 -5 17 -4 15 -1 14 -4 18 -1 17 -1 13 -4 17 -3 15 -4 16 -1 17 -1 15 2 2 -2 14 -3 16 0 15 -2 13 0 13 -1 14 0 13 2 12 0 15 3 11 0 13 0 15 3 15 1 13 1 12 4 15 0 16 4 16 1 13 3 13 4 15 6 14 2 14 5 13 3 15 5 15 2 2 0 0 0 0 0 0 0 0 ]
CSI_DATA,AP,68:FE:71:12:53:8C,-50,11,1,2,1,1,1,0,0,0,1,-96,0,6,1,22512969,0,84,0,0,22.513,384,[84 -64 4 0 0 0 0 0 0 0 0 0 -39 9 -40 8 -43 8 -40 5 -40 3 -36 2 -39 0 -39 -3 -38 -3 -37 -4 -39 -4 -38 -6 -39 -4 -38 -5 -36 -7 -39 -3 -37 -6 -35 -6 -33 -7 -35 -5 -34 -5 -35 -7 -33 -8 -36 -5 -34 -7 -35 -3 -2 -1 -30 -3 -36 -1 -30 -5 -31 -4 -34 -1 -31 -5 -31 -1 -33 0 -32 0 -33 2 -31 1 -31 2 -34 1 -29 4 -31 3 -30 5 -35 4 -32 5 -29 5 -32 5 -31 4 -33 8 -32 6 -31 6 -33 8 -32 8 -1 -1 0 0 0 0 0 0 0 0 ]
CSI_DATA,AP,68:FE:71:12:53:8C,-45,11,1,3,1,1,1,0,0,0,0,-94,0,6,1,22605368,0,84,0,0,22.605,384,[84 -64 4 0 0 0 0 0 0 0 0 0 6 -21 4 -19 5 -18 6 -18 4 -20 9 -19 9 -20 8 -17 10 -19 11 -16 8 -20 8 -20 11 -19 11 -16 10 -18 8 -19 8 -17 9 -16 10 -17 8 -16 8 -14 7 -15 8 -13 9 -15 6 -15 6 -16 0 0 6 -15 9 -15 5 -17 7 -13 6 -13 4 -17 7 -15 4 -13 7 -16 5 -15 5 -16 4 -17 5 -17 2 -14 6 -14 5 -13 5 -17 3 -15 3 -14 1 -15 1 -17 3 -14 2 -18 0 -15 0 -18 -1 -18 0 1 0 0 0 0 0 0 0 0 ]
CSI_DATA,AP,68:FE:71:12:53:8C,-40,11,1,4,1,1,1,0,0,0,0,-96,0,6,1,22744506,0,84,0,0,22.745,384,[84 -64 4 0 0 0 0 0 0 0 0 0 -42 -3 -44 -6 -41 -6 -45 -10 -43 -9 -42 -9 -40 -9 -42 -10 -36 -16 -36 -12 -36 -15 -37 -16 -37 -18 -38 -17 -38 -20 -38 -16 -35 -20 -32 -18 -34 -19 -36 -18 -35 -19 -35 -17 -33 -16 -32 -17 -35 -16 -33 -13 2 2 -35 -17 -32 -15 -31 -15 -33 -14 -33 -15 -35 -13 -34 -14 -34 -12 -35 -10 -34 -6 -35 -10 -34 -8 -32 -10 -34 -6 -34 -6 -35 -7 -32 -8 -33 -2 -36 -4 -36 -2 -33 -2 -36 -3 -35 -3 -36 -2 -35 -2 -35 -4 -1 2 0 0 0 0 0 0 0 0 ]
CSI_DATA,AP,68:FE:71:12:53:8C,-45,11,1,3,1,1,1,0,0,0,0,-96,0,6,1,22834992,0,84,0,0,22.835,384,[84 -64 4 0 0 0 0 0 0 0 0 0 -11 15 -15 15 -14 17 -13 14 -12 13 -16 12 -15 15 -15 13 -14 15 -15 13 -15 10 -18 14 -16 14 -16 9 -13 11 -16 11 -15 12 -14 9 -17 8 -13 11 -14 10 -16 10 -14 10 -12 10 -16 8 -13 8 -2 -2 -15 11 -13 10 -12 12 -14 13 -13 10 -10 9 -10 10 -11 11 -13 13 -10 9 -12 13 -10 12 -8 13 -11 11 -9 13 -9 13 -8 15 -8 15 -10 14 -7 12 -9 15 -6 14 -7 13 -8 16 -6 16 -8 16 0 1 0 0 0 0 0 0 0 0 ]
CSI_DATA,AP,68:FE:71:12:53:8C,-49,11,1,2,1,1,1,0,0,0,0,-96,0,6,1,22952108,0,84,0,0,22.952,384,[84 -64 4 0 0 0 0 0 0 0 0 0 15 9 13 9 17 8 14 9 17 10 15 12 14 13 10 12 12 12 13 14 10 12 11 12 12 14 11 10 10 13 13 13 8 12 11 9 12 10 8 13 11 13 8 11 11 9 12 12 11 11 11 10 2 0 9 12 9 11 11 8 11 9 10 10 8 11 9 9 11 11 10 10 9 9 9 7 10 9 9 6 9 5 9 7 12 5 10 6 13 7 14 7 12 4 11 4 10 5 15 4 14 6 14 5 13 6 -1 1 0 0 0 0 0 0 0 0 ]
CSI_DATA,AP,68:FE:71:12:53:8C,-46,11,1,3,1,1,1,1,0,0,0,-96,6,6,1,23034359,0,84,0,0,23.034,384,[84 -64 4 0 0 0 0 0 0 0 0 0 1 -21 1 -22 2 -21 2 -19 5 -18 1 -19 4 -21 6 -20 7 -19 4 -19 4 -18 7 -19 6 -16 4 -17 5 -18 8 -17 8 -18 7 -18 4 -14 4 -19 6 -15 4 -16 6 -17 7 -18 7 -16 5 -14 0 1 3 -15 6 -17 3 -16 4 -13 5 -14 2 -16 6 -16 4 -15 5 -14 2 -14 3 -16 3 -17 1 -16 0 -18 0 -16 -2 -16 3 -16 -1 -17 0 -16 -3 -18 2 -18 -1 -18 1 -19 -3 -15 -3 -17 0 -18 1 -1 0 0 0 0 0 0 0 0 ]
CSI_DATA,AP,68:FE:71:12:53:8C,-46,11,1,5,1,1,1,0,0,0,0,-94,0,6,1,23113956,0,84,0,0,23.114,384,[84 -64 4 0 0 0 0 0 0 0 0 0 10 -17 11 -16 9 -20 12 -17 14 -17 14 -17 15 -17 14 -16 13 -14 14 -15 13 -14 12 -14 14 -14 11 -15 13 -11 14 -11 12 -11 15 -14 13 -11 11 -9 11 -12 15 -10 14 -10 14 -10 12 -9 12 -13 1 -2 10 -10 12 -12 10 -10 8 -14 10 -9 11 -9 11 -12 8 -14 9 -12 11 -14 11 -12 7 -14 9 -11 7 -13 7 -12 8 -14 7 -16 7 -12 9 -14 7 -14 9 -13 10 -12 8 -13 4 -15 6 -16 9 -14 1 -1 0 0 0 0 0 0 0 0 ]
CSI_DATA,AP,68:FE:71:12:53:8C,-49,11,1,3,1,1,1,1,0,0,0,-93,5,6,1,23198945,0,84,0,0,23.199,384,[84 -64 4 0 0 0 0 0 0 0 0 0 -19 -1 -21 -4 -22 -3 -23 -6 -23 -8 -17 -6 -19 -10 -18 -10 -20 -8 -18 -8 -19 -10 -21 -11 -18 -11 -17 -12 -17 -9 -20 -11 -15 -11 -14 -9 -17 -6 -17 -11 -16 -9 -18 -8 -13 -10 -17 -9 -17 -11 -15 -8 2 1 -14 -6 -16 -6 -16 -8 -19 -7 -14 -9 -14 -9 -16 -9 -16 -5 -16 -8 -14 -6 -16 -3 -16 -5 -15 -4 -15 -4 -19 -4 -16 -4 -18 -7 -19 -1 -16 -3 -19 -1 -17 -5 -19 -4 -20 -4 -17 -1 -16 0 -18 -1 2 2 0 0 0 0 0 0 0 0 ]
CSI_DATA,AP,68:FE:71:12:53:8C,-47,11,1,5,1,1,1,1,0,0,0,-96,5,6,1,23315340,0,84,0,0,23.315,384,[84 -64 4 0 0 0 0 0 0 0 0 0 -1 -22 0 -18 2 -22 5 -20 4 -19 5 -21 5 -20 4 -18 8 -21 8 -21 9 -18 5 -19 9 -17 7 -18 8 -15 6 -19 9 -15 7 -15 9 -15 7 -16 8 -13 6 -16 5 -15 9 -17 8 -14 8 -16 0 -2 7 -15 3 -18 4 -14 6 -15 3 -12 4 -16 2 -16 2 -16 6 -14 1 -15 5 -14 0 -16 5 -16 1 -14 4 -18 1 -18 2 -15 1 -15 -1 -17 1 -15 -1 -17 -1 -15 -1 -17 0 -18 -3 -14 -1 -18 -2 2 0 0 0 0 0 0 0 0 ]
CSI_DATA,AP,68:FE:71:12:53:8C,-48,11,1,4,1,1,1,1,0,0,0,-93,2,6,1,23411176,0,84,0,0,23.411,384,[84 -64 4 0 0 0 0 0 0 0 0 0 -7 -16 -4 -17 -7 -20 -4 -18 -5 -18 -4 -19 -3 -17 0 -17 -3 -17 -1 -18 -3 -18 1 -17 -2 -20 -1 -20 -1 -20 1 -17 0 -15 2 -18 1 -16 2 -15 -2 -14 0 -19 1 -17 0 -14 -1 -14 -3 -17 0 2 -2 -14 0 -16 0 -15 -1 -13 -1 -14 -3 -14 -5 -14 -2 -17 -3 -14 -5 -12 -2 -14 -5 -13 -4 -16 -6 -14 -5 -13 -6 -14 -6 -16 -8 -15 -6 -14 -8 -13 -7 -14 -8 -15 -4 -16 -10 -12 -8 -14 -8 -15 0 -1 0 0 0 0 0 0 0 0 ]
CSI_DATA,AP,68:FE:71:12:53:8C,-44,11,1,5,1,1,1,0,0,0,1,-93,0,6,1,23518006,0,84,0,0,23.518,384,[84 -64 4 0 0 0 0 0 0 0 0 0 8 16 8 19 9 17 7 17 9 19 6 15 8 19 6 18 6 18 5 20 1 22 4 20 2 18 2 21 1 18 4 19 2 17 5 18 0 15 5 18 2 15 4 17 3 15 3 18 4 19 1 16 2 1 3 15 6 19 5 14 5 18 3 14 7 17 5 17 5 16 6 16 8 14 7 13 5 14 4 14 5 15 8 15 7 14 9 15 10 14 9 14 9 11 11 13 9 10 9 13 12 11 9 11 12 11 2 -2 0 0 0 0 0 0 0 0 ]
CSI_DATA,AP,68:FE:71:12:53:8C,-43,11,1,6,1,1,1,0,0,0,0,-93,0,6,1,23616553,0,84,0,0,23.617,384,[84 -64 4 0 0 0 0 0 0 0 0 0 -16 -11 -16 -13 -20 -13 -18 -15 -19 -11 -18 -16 -17 -16 -15 -15 -14 -16 -13 -13 -14 -14 -17 -14 -14 -16 -13 -13 -16 -15 -14 -15 -11 -16 -13 -13 -13 -14 -13 -16 -12 -15 -14 -15 -12 -15 -13 -13 -14 -15 -11 -11 0 2 -10 -10 -13 -14 -11 -14 -15 -10 -13 -9 -15 -10 -15 -13 -12 -11 -16 -12 -13 -7 -16 -10 -16 -8 -14 -8 -17 -7 -13 -9 -14 -8 -14 -8 -16 -7 -13 -7 -18 -4 -17 -9 -15 -9 -17 -9 -16 -4 -16 -7 -14 -4 1 0 0 0 0 0 0 0 0 0 ]
CSI_DATA,AP,68:FE:71:12:53:8C,-47,11,1,5,1,1,1,0,0,0,0,-94,0,6,1,23726580,0,84,0,0,23.727,384,[84 -64 4 0 0 0 0 0 0 0 0 0 16 -15 19 -12 19 -13 21 -12 17 -11 20 -8 21 -7 18 -8 21 -9 18 -5 22 -9 20 -10 21 -7 18 -7 18 -7 19 -5 19 -4 15 -6 19 -5 19 -6 16 -3 18 -6 15 -6 15 -5 16 -8 15 -5 2 0 15 -5 16 -9 18 -6 14 -6 17 -6 17 -7 16 -5 16 -9 16 -7 16 -10 15 -11 11 -10 16 -8 13 -8 15 -7 15 -11 14 -10 16 -10 16 -8 11 -9 13 -11 13 -11 13 -14 12 -13 11 -13 13 -10 -2 2 0 0 0 0 0 0 0 0 ]
CSI_DATA,AP,68:FE:71:12:53:8C,-45,11,1,5,1,1,1,0,0,0,0,-94,0,6,1,23825140,0,84,0,0,23.825,384,[84 -64 4 0 0 0 0 0 0 0 0 0 -19 7 -20 3 -21 4 -23 4 -20 0 -20 1 -21 2 -20 -1 -19 -1 -19 -1 -21 1 -20 -2 -21 -2 -24 0 -22 0 -24 -1 -19 -4 -19 0 -18 0 -20 -5 -19 -3 -18 -1 -19 -1 -20 -3 -19 -1 -18 -3 2 1 -19 1 -20 1 -20 0 -16 0 -17 2 -19 1 -16 -2 -17 0 -17 1 -16 1 -20 3 -18 1 -19 5 -19 4 -17 1 -19 4 -16 6 -19 3 -18 4 -18 7 -16 4 -17 6 -18 8 -16 8 -17 6 -18 8 -2 0 0 0 0 0 0 0 0 0 ]
CSI_DATA,AP,68:FE:71:12:53:8C,-50,11,1,3,1,1,1,1,0,0,0,-96,1,6,1,23915193,0,84,0,0,23.915,384,[84 -64 4 0 0 0 0 0 0 0 0 0 5 22 4 21 6 22 5 21 4 21 1 21 1 23 4 19 4 20 2 22 4 23 5 20 3 19 3 23 1 22 0 22 2 19 -2 19 0 19 2 21 -2 18 0 18 -2 18 -2 18 -2 20 3 18 -1 1 2 17 3 18 2 21 2 15 4 15 1 17 0 19 2 18 2 18 4 17 4 19 2 16 7 18 3 19 4 15 5 18 6 18 5 14 6 18 6 15 8 14 7 18 10 17 7 13 9 15 8 14 0 2 0 0 0 0 0 0 0 0 ]
CSI_DATA,AP,68:FE:71:12:53:8C,-47,11,1,3,1,1,1,1,0,0,0,-94,1,6,1,24013004,0,84,0,0,24.013,384,[84 -64 4 0 0 0 0 0 0 0 0 0 21 2 17 7 19 4 21 5 19 9 16 6 19 10 15 8 20 7 15 11 17 9 18 9 20 11 18 10 16 12 15 11 15 9 15 7 15 8 17 7 15 8 17 8 12 11 14 8 13 9 14 11 1 -2 13 8 15 7 15 9 17 8 15 8 15 7 14 9 15 4 17 7 14 5 18 5 16 6 14 6 15 6 17 3 18 6 17 5 14 1 14 1 18 3 16 4 15 4 18 4 17 1 14 4 14 1 -1 1 0 0 0 0 0 0 0 0 ]
CSI_DATA,AP,68:FE:71:12:53:8C,-45,11,1,5,1,1,1,1,0,0,0,-93,2,6,1,24089620,0,82,0,0,24.09,384,[84 -64 4 0 0 0 0 0 0 0 0 0 -18 9 -20 11 -19 8 -23 8 -19 5 -22 8 -20 7 -19 4 -22 6 -18 2 -20 4 -23 4 -23 5 -19 4 -22 2 -22 3 -19 4 -19 3 -17 2 -18 2 -19 3 -19 0 -18 3 -20 5 -21 2 -20 3 0 2 -19 4 -19 1 -18 4 -17 5 -19 1 -17 5 -18 3 -15 4 -17 4 -15 3 -17 8 -15 4 -14 8 -15 4 -14 8 -16 6 -15 8 -17 8 -17 7 -17 9 -16 7 -14 7 -14 10 -15 11 -15 8 -13 8 0 -2 0 0 0 0 0 0 0 0 ]
CSI_DATA,AP,68:FE:71:12:53:8C,-47,11,1,4,1,1,1,0,0,0,0,-94,0,6,1,24176636,0,84,0,0,24.177,384,[84 -64 4 0 0 0 0 0 0 0 0 0 -11 -22 -9 -21 -9 -20 -11 -21 -10 -20 -9 -19 -9 -21 -5 -23 -7 -22 -4 -23 -3 -23 -3 -24 -4 -22 -3 -21 -3 -18 -2 -20 -3 -20 -5 -21 -2 -18 0 -21 -3 -20 -4 -22 -4 -19 -1 -21 0 -22 -4 -18 -2 2 -2 -20 -5 -19 -4 -21 -5 -17 -3 -17 -6 -20 -6 -16 -6 -19 -4 -15 -6 -15 -8 -17 -5 -18 -5 -16 -9 -15 -8 -19 -10 -19 -9 -19 -7 -15 -6 -14 -8 -15 -7 -19 -8 -16 -10 -18 -11 -17 -10 -18 -8 -13 1 1 0 0 0 0 0 0 0 0 ]
CSI_DATA,AP,68:FE:71:12:53:8C,-48,11,1,3,1,1,1,0,0,0,0,-94,0,6,1,24285519,0,84,0,0,24.286,384,[84 -64 4 0 0 0 0 0 0 0 0 0 -15 -17 -12 -18 -12 -18 -11 -17 -13 -18 -12 -19 -10 -18 -9 -20 -9 -21 -9 -19 -7 -19 -7 -19 -8 -18 -10 -21 -7 -16 -9 -19 -5 -19 -4 -18 -6 -15 -6 -20 -5 -18 -7 -20 -6 -18 -4 -19 -8 -18 -7 -16 -1 1 -5 -14 -8 -18 -6 -18 -10 -14 -5 -14 -8 -15 -5 -16 -6 -14 -8 -13 -9 -13 -8 -14 -8 -15 -10 -16 -9 -16 -7 -16 -8 -14 -11 -15 -11 -13 -11 -12 -9 -12 -7 -15 -9 -13 -13 -12 -14 -14 -12 -14 -11 -11 0 -2 0 0 0 0 0 0 0 0 ]
CSI_DATA,AP,68:FE:71:12:53:8C,-48,11,1,5,1,1,1,0,0,0,0,-95,0,6,1,24390618,0,84,0,0,24.391,384,[84 -64 4 0 0 0 0 0 0 0 0 0 7 18 4 21 3 20 2 22 2 22 1 17 0 19 1 17 2 18 0 21 -1 22 0 20 -2 21 1 20 1 20 -1 22 2 19 1 19 2 18 0 15 -2 16 -1 19 0 15 -3 15 -3 19 -1 17 -1 1 2 17 3 15 1 16 0 14 -1 16 3 17 0 14 2 15 1 17 4 16 3 16 2 16 4 16 2 15 6 13 5 15 6 14 7 14 5 12 8 11 4 16 7 15 4 14 5 15 8 14 6 13 0 2 0 0 0 0 0 0 0 0 ]
CSI_DATA,AP,68:FE:71:12:53:8C,-45,11,1,5,1,1,1,1,0,0,0,-94,3,6,1,24475967,0,84,0,0,24.476,384,[84 -64 4 0 0 0 0 0 0 0 0 0 -20 -11 -15 -12 -21 -10 -17 -14 -17 -13 -15 -12 -19 -11 -16 -12 -14 -13 -16 -13 -13 -13 -15 -15 -15 -17 -12 -12 -14 -14 -15 -15 -11 -12 -11 -16 -15 -16 -15 -16 -14 -12 -15 -14 -14 -15 -12 -12 -12 -16 -13 -11 -2 1 -13 -13 -11 -9 -15 -11 -16 -12 -12 -8 -14 -9 -13 -11 -15 -11 -16 -10 -16 -6 -14 -11 -12 -7 -14 -10 -14 -7 -18 -9 -15 -10 -17 -8 -16 -6 -15 -5 -17 -4 -15 -6 -15 -5 -14 -5 -19 -8 -15 -7 -14 -5 -2 1 0 0 0 0 0 0 0 0 ]
CSI_DATA,AP,68:FE:71:12:53:8C,-46,11,1,4,1,1,1,0,0,0,0,-96,0,6,1,24576091,0,84,0,0,24.576,384,[84 -64 4 0 0 0 0 0 0 0 0 0 -20 10 -16 10 -21 9 -19 12 -23 6 -21 6 -18 4 -18 7 -21 4 -20 3 -19 4 -23 5 -19 2 -21 4 -18 3 -21 4 -17 2 -19 3 -15 2 -16 5 -16 3 -17 6 -18 4 -18 5 -16 3 -19 5 -1 -1 -14 4 -16 3 -17 4 -19 5 -15 3 -14 6 -16 6 -13 4 -15 4 -13 9 -13 8 -16 6 -13 7 -14 10 -15 10 -13 9 -17 9 -13 8 -17 10 -12 7 -16 8 -12 8 -12 8 -15 11 -15 8 -15 9 0 -1 0 0 0 0 0 0 0 0 ]
CSI_DATA,AP,68:FE:71:12:53:8C,-48,11,1,4,1,1,1,0,0,0,0,-94,0,6,1,24682078,0,84,0,0,24.682,384,[84 -64 4 0 0 0 0 0 0 0 0 0 -13 14 -12 14 -16 14 -15 16 -14 17 -19 14 -18 11 -19 13 -19 14 -14 9 -16 13 -18 12 -16 9 -16 9 -16 11 -17 11 -17 11 -17 10 -18 10 -17 11 -17 7 -14 9 -14 9 -13 12 -17 9 -16 9 -1 -1 -15 9 -16 9 -13 9 -14 10 -14 12 -12 11 -14 12 -14 12 -14 9 -14 10 -12 15 -11 11 -12 11 -12 11 -13 11 -9 16 -10 16 -8 13 -8 15 -8 11 -11 14 -8 15 -9 11 -8 17 -9 15 -11 14 0 -2 0 0 0 0 0 0 0 0 ]
CSI_DATA,AP,68:FE:71:12:53:8C,-46,11,0,0,0,0,0,0,0,0,0,-94,0,6,1,24763892,0,37,0,0,24.764,128,[84 -64 4 0 0 0 0 0 0 0 0 0 -2 -21 0 -23 -2 -22 -2 -21 0 -22 -1 -19 4 -23 2 -20 1 -20 5 -20 5 -22 2 -22 5 -21 5 -21 6 -21 3 -18 6 -19 5 -16 1 -17 5 -18 3 -16 4 -18 4 -16 2 -17 6 -18 2 -18 -1 0 2 -15 2 -19 4 -20 2 -19 1 -16 0 -16 0 -19 2 -17 -2 -17 0 -15 -3 -20 1 -14 -1 -19 0 -18 -3 -15 -3 -17 -3 -19 -5 -16 -3 -19 -3 -15 -4 -17 -1 -18 -4 -17 -7 -15 -3 -19 -2 -15 0 -2 0 0 0 0 0 0 0 0 ]
CSI_DATA,AP,68:FE:71:12:53:8C,-47,11,1,3,1,1,1,0,0,0,0,-93,0,6,1,24885188,0,84,0,0,24.885,384,[84 -64 4 0 0 0 0 0 0 0 0 0 15 12 14 13 16 13 19 14 15 14 13 12 14 15 14 16 16 13 14 15 16 17 12 15 12 13 15 13 11 16 11 15 10 17 13 15 11 14 8 15 9 16 10 16 11 11 12 17 11 14 11 13 -2 -2 9 14 11 13 9 12 11 14 9 10 10 14 12 12 11 9 12 9 13 11 14 12 14 8 13 11 13 11 13 9 14 11 14 7 14 8 16 9 11 8 12 8 16 8 12 8 17 7 12 5 17 8 1 1 0 0 0 0 0 0 0 0 ]
CSI_DATA,AP,68:FE:71:12:53:8C,-44,11,1,3,1,1,1,0,0,0,0,-95,0,6,1,24993179,0,84,0,0,24.993,384,[84 -64 4 0 0 0 0 0 0 0 0 0 16 -12 17 -15 15 -13 18 -15 17 -11 18 -10 18 -8 17 -11 18 -10 16 -8 20 -9 16 -10 20 -12 17 -7 16 -9 18 -9 15 -7 14 -7 18 -8 18 -5 16 -6 18 -5 16 -6 18 -5 15 -6 18 -8 0 1 16 -7 14 -6 15 -10 13 -9 15 -6 13 -7 13 -11 16 -9 16 -10 13 -9 12 -13 14 -11 10 -12 12 -10 11 -9 13 -10 11 -14 14 -11 14 -11 9 -14 10 -12 13 -12 12 -13 13 -14 10 -11 8 -16 -2 0 0 0 0 0 0 0 0 0 ]
CSI_DATA,AP,68:FE:71:12:53:8C,-43,11,1,4,1,1,1,0,0,0,0,-95,0,6,1,25081733,0,84,0,0,25.082,384,[84 -64 4 0 0 0 0 0 0 0 0 0 16 -9 16 -10 21 -9 20 -7 20 -10 20 -8 22 -8 20 -6 17 -4 19 -4 19 -5 22 -7 21 -3 20 -6 21 -5 19 -3 18 -3 20 -3 16 -5 16 -6 19 -1 17 -2 16 -2 18 -2 17 -5 15 -2 1 1 16 -6 14 -7 17 -4 13 -4 17 -5 14 -6 15 -5 16 -8 17 -6 12 -8 17 -10 12 -8 14 -6 13 -8 12 -9 13 -9 13 -8 16 -11 12 -6 13 -7 12 -9 14 -9 13 -10 14 -9 13 -11 14 -12 2 0 0 0 0 0 0 0 0 0 ]
CSI_DATA,AP,68:FE:71:12:53:8C,-43,11,1,5,1,1,1,0,0,0,0,-94,0,6,1,25188444,0,84,0,0,25.188,384,[84 -64 4 0 0 0 0 0 0 0 0 0 23 -15 27 -13 25 -14 27 -16 29 -12 26 -13 29 -12 27 -6 26 -9 25 -9 30 -12 26 -8 30 -6 26 -11 26 -6 30 -10 26 -8 22 -8 23 -4 23 -4 25 -7 22 -8 22 -8 22 -5 26 -5 25 -8 -1 1 21 -7 22 -7 23 -11 20 -12 21 -10 24 -6 23 -9 22 -8 19 -10 19 -11 22 -11 20 -12 19 -12 19 -9 19 -12 23 -10 23 -11 21 -15 22 -13 19 -11 20 -10 19 -14 18 -16 20 -16 17 -17 17 -14 -1 -1 0 0 0 0 0 0 0 0 ]
CSI_DATA,AP,68:FE:71:12:53:8C,-50,11,1,1,1,1,1,0,0,0,0,-95,0,6,1,25314860,0,84,0,0,25.315,384,[84 -64 4 0 0 0 0 0 0 0 0 0 22 -6 20 -5 19 -4 23 -5 19 -3 20 0 21 0 22 -2 20 2 18 0 23 -2 19 0 20 3 18 -1 22 1 19 2 19 2 17 0 17 3 21 0 17 1 21 4 18 3 20 0 18 2 16 0 1 1 18 0 18 2 16 -3 19 -1 18 -2 15 -2 19 0 18 1 15 -2 16 -5 16 -1 17 -3 16 -2 15 -3 18 -6 15 -6 19 -4 14 -7 19 -2 16 -8 17 -5 16 -8 17 -5 14 -5 15 -7 14 -8 2 -2 0 0 0 0 0 0 0 0 ]
CSI_DATA,AP,68:FE:71:12:53:8C,-43,11,1,6,1,1,1,1,0,0,0,-94,2,6,1,25424039,0,84,0,0,25.424,384,[84 -64 4 0 0 0 0 0 0 0 0 0 -7 -20 -3 -22 -6 -21 -7 -21 -5 -21 0 -18 0 -21 1 -19 -2 -22 1 -20 2 -19 -2 -22 0 -22 3 -18 -1 -20 -1 -21 3 -18 -1 -19 3 -19 3 -19 3 -17 2 -18 3 -18 3 -16 1 -20 -1 -16 -1 1 -2 -16 -1 -17 1 -19 -2 -19 -1 -16 1 -18 -2 -15 -4 -15 -3 -17 -3 -19 -3 -20 -4 -17 -3 -16 -2 -18 -1 -19 -4 -17 -2 -19 -7 -18 -6 -18 -5 -18 -2 -15 -6 -18 -7 -19 -4 -19 -4 -18 -7 -15 -1 0 0 0 0 0 0 0 0 0 ]
CSI_DATA,AP,68:FE:71:12:53:8C,-46,11,1,4,1,1,1,0,0,0,1,-95,0,6,1,25555939,0,84,0,0,25.556,384,[84 -64 4 0 0 0 0 0 0 0 0 0 -18 -7 -22 -9 -19 -13 -22 -13 -19 -12 -16 -13 -18 -12 -17 -14 -16 -13 -18 -12 -17 -15 -18 -15 -16 -14 -19 -14 -15 -15 -18 -13 -14 -13 -13 -12 -14 -15 -16 -13 -14 -15 -15 -13 -14 -15 -12 -13 -16 -13 -16 -11 1 0 -12 -14 -16 -12 -15 -11 -16 -11 -16 -10 -13 -11 -15 -10 -13 -13 -13 -9 -13 -10 -15 -9 -14 -7 -15 -7 -15 -11 -15 -10 -17 -6 -15 -8 -18 -8 -14 -10 -16 -9 -17 -8 -14 -9 -15 -6 -20 -4 -16 -5 -18 -8 -1 0 0 0 0 0 0 0 0 0 ]
CSI_DATA,AP,68:FE:71:12:53:8C,-48,11,0,0,0,0,0,0,0,0,0,-96,0,6,1,25649182,0,37,0,0,25.649,128,[84 -64 4 0 0 0 0 0 0 0 0 0 12 13 12 16 7 15 11 18 8 18 7 14 6 18 4 14 4 15 7 14 9 16 9 15 8 19 5 19 6 18 3 18 2 17 5 16 3 18 4 16 4 14 2 14 5 11 6 13 3 16 3 16 -1 0 7 14 7 13 6 17 4 15 4 13 5 13 7 12 4 13 4 13 6 9 6 14 7 11 6 10 8 14 7 10 6 11 7 13 8 11 8 13 8 12 9 10 10 10 11 10 9 10 11 12 10 8 1 -2 0 0 0 0 0 0 0 0 ]
CSI_DATA,AP,68:FE:71:12:53:8C,-45,11,1,5,1,1,1,0,0,0,0,-94,0,6,1,25749993,0,84,0,0,25.75,384,[84 -64 4 0 0 0 0 0 0 0 0 0 -17 6 -17 3 -18 6 -21 2 -17 3 -19 3 -20 2 -18 3 -20 2 -15 2 -20 4 -21 4 -19 0 -19 0 -19 1 -18 0 -15 -2 -14 -1 -19 -1 -19 -1 -19 0 -15 -2 -17 1 -14 2 -15 2 -17 -2 2 1 -14 4 -15 4 -15 3 -17 4 -13 1 -14 4 -14 0 -13 4 -15 1 -13 5 -14 3 -12 6 -12 6 -15 4 -14 2 -15 5 -14 4 -16 7 -12 4 -11 5 -12 7 -12 6 -13 5 -14 6 -12 6 -14 8 1 0 0 0 0 0 0 0 0 0 ]
CSI_DATA,AP,68:FE:71:12:53:8C,-44,11,1,4,1,1,1,1,0,0,1,-94,4,6,1,25843711,0,84,0,0,25.844,384,[84 -64 4 0 0 0 0 0 0 0 0 0 4 16 1 15 2 14 1 19 3 17 -2 15 2 15 -2 13 -1 14 2 16 0 16 1 17 -1 17 -1 15 -2 16 -3 15 -3 16 -4 11 -4 14 -1 16 -2 15 -1 14 -3 10 -2 11 -3 12 -2 12 -1 0 1 14 2 11 -2 13 -1 15 0 13 2 16 2 12 3 11 4 11 4 10 4 16 3 15 3 12 1 11 0 11 2 12 5 16 2 13 2 12 7 13 5 13 2 15 3 12 3 16 2 15 3 16 -2 1 0 0 0 0 0 0 0 0 ]
CSI_DATA,AP,68:FE:71:12:53:8C,-50,11,1,3,1,1,1,1,0,0,0,-94,5,6,1,25939180,0,84,0,0,25.939,384,[84 -64 4 0 0 0 0 0 0 0 0 0 7 21 7 20 6 21 7 23 7 21 6 21 5 22 1 19 1 17 2 20 4 20 5 20 5 18 1 19 4 17 3 18 1 18 0 16 3 15 3 20 1 18 2 17 2 18 0 19 0 19 0 14 1 0 3 14 2 15 3 17 5 13 5 16 4 14 3 14 6 12 5 14 3 11 5 16 4 15 3 16 7 14 3 15 4 15 6 12 8 12 5 15 8 10 7 15 6 13 8 14 7 16 3 15 7 12 0 0 0 0 0 0 0 0 0 0 ]
CSI_DATA,AP,68:FE:71:12:53:8C,-48,11,1,4,1,1,1,1,0,0,0,-95,1,6,1,26041279,0,84,0,0,26.041,384,[84 -64 4 0 0 0 0 0 0 0 0 0 -18 -6 -20 -4 -19 -8 -17 -5 -20 -9 -17 -10 -15 -7 -16 -8 -14 -11 -15 -9 -15 -11 -17 -11 -17 -10 -18 -10 -16 -10 -14 -9 -14 -11 -14 -9 -14 -8 -13 -8 -15 -10 -16 -9 -11 -9 -12 -9 -15 -10 -12 -10 0 1 -13 -7 -12 -6 -13 -10 -11 -6 -11 -5 -15 -6 -14 -7 -13 -6 -12 -5 -14 -3 -16 -3 -12 -4 -15 -4 -15 -5 -13 -7 -15 -6 -17 -5 -15 -1 -14 -2 -14 -4 -13 -4 -13 -2 -16 -4 -18 -4 -16 -4 -17 -2 0 2 0 0 0 0 0 0 0 0 ]
CSI_DATA,AP,68:FE:71:12:53:8C,-43,11,1,4,1,1,1,0,0,0,0,-95,0,6,1,26149500,0,84,0,0,26.149,384,[84 -64 4 0 0 0 0 0 0 0 0 0 32 -4 33 -4 36 -2 37 -1 35 -2 31 -1 33 3 30 2 34 4 29 2 35 2 34 5 30 7 30 5 32 4 31 4 31 5 27 4 30 6 27 4 27 7 28 7 26 8 31 6 29 3 28 5 -2 1 26 5 27 4 27 3 28 0 28 4 27 0 26 0 27 2 27 0 27 -2 29 -5 26 0 24 -3 28 -5 26 -4 27 -5 28 -4 25 -6 24 -4 26 -9 26 -7 27 -4 25 -8 27 -8 25 -7 28 -6 -2 1 0 0 0 0 0 0 0 0 ]
CSI_DATA,AP,68:FE:71:12:53:8C,-48,11,1,4,1,1,1,0,0,0,0,-94,0,6,1,26244975,0,84,0,0,26.245,384,[84 -64 4 0 0 0 0 0 0 0 0 0 9 -2 6 0 7 2 9 -1 8 -1 9 -1 8 3 6 1 6 3 6 3 7 2 7 0 8 4 7 0 9 1 6 1 8 0 7 2 7 0 6 4 7 1 6 5 8 3 4 4 9 3 5 2 -2 -2 5 4 6 1 5 3 6 -1 6 4 8 0 6 3 5 -1 5 -1 6 0 8 1 4 1 8 -1 5 2 4 0 9 0 5 2 9 -1 5 -2 9 -2 9 -1 6 -1 8 2 5 0 5 2 5 -1 -2 0 0 0 0 0 0 0 0 0 ]
CSI_DATA,AP,68:FE:71:12:53:8C,-46,11,0,0,0,0,0,0,0,0,0,-94,0,6,1,26323872,0,37,0,0,26.324,128,[84 -64 4 0 0 0 0 0 0 0 0 0 -19 -2 -19 -3 -23 -2 -21 -3 -20 -8 -19 -4 -20 -7 -18 -9 -18 -6 -18 -8 -19 -7 -21 -11 -20 -7 -16 -8 -18 -9 -17 -9 -20 -10 -17 -11 -14 -6 -18 -11 -18 -8 -15 -8 -14 -7 -16 -6 -14 -6 -18 -6 1 -2 -16 -8 -18 -5 -16 -8 -17 -8 -14 -7 -14 -4 -18 -3 -18 -5 -15 -4 -17 -5 -15 -3 -14 -6 -16 -5 -17 -5 -18 0 -18 -2 -18 -3 -14 0 -15 1 -18 -2 -18 -2 -15 0 -16 -2 -20 1 -15 0 -16 2 -1 2 0 0 0 0 0 0 0 0 ]
CSI_DATA,AP,68:FE:71:12:53:8C,-49,11,1,2,1,1,1,0,0,0,0,-94,0,6,1,26420515,0,84,0,0,26.421,384,[84 -64 4 0 0 0 0 0 0 0 0 0 -17 -8 -18 -7 -18 -10 -17 -9 -16 -12 -12 -10 -12 -12 -15 -9 -11 -9 -10 -9 -12 -11 -14 -13 -12 -10 -10 -9 -10 -9 -13 -9 -9 -10 -8 -10 -10 -10 -10 -7 -8 -9 -7 -8 -8 -8 -9 -8 -8 -7 -11 -7 -1 2 -8 -4 -11 -6 -12 -8 -9 -6 -11 -6 -13 -7 -9 -7 -9 -4 -12 -4 -9 -6 -13 -5 -12 -4 -10 -2 -13 -2 -14 -1 -14 -1 -14 -4 -14 -2 -14 0 -11 -2 -12 0 -11 -4 -11 -2 -13 -1 -14 -2 -10 1 2 2 0 0 0 0 0 0 0 0 ]
CSI_DATA,AP,68:FE:71:12:53:8C,-46,11,1,4,1,1,1,0,0,0,0,-96,0,6,1,26509230,0,84,0,0,26.509,384,[84 -64 4 0 0 0 0 0 0 0 0 0 17 -3 15 -5 19 -5 18 -6 16 -2 15 0 14 2 12 0 15 -1 15 -1 15 -1 15 1 15 1 15 0 13 2 11 2 10 1 12 -2 12 -1 9 0 10 1 9 1 11 -3 7 0 10 0 10 -3 1 1 9 -2 10 0 10 -3 10 -2 10 -2 10 -3 7 -4 7 -3 10 -5 14 -9 8 -3 5 -3 9 -5 10 -7 12 -4 8 -6 10 -5 8 -6 9 -8 9 -8 11 -8 11 -9 10 -6 12 -9 10 -6 11 -8 0 -2 0 0 0 0 0 0 0 0 ]
CSI_DATA,AP,68:FE:71:12:53:8C,-48,11,1,4,1,1,1,0,0,0,0,-95,0,6,1,26589818,0,84,0,0,26.59,384,[84 -64 4 0 0 0 0 0 0 0 0 0 4 25 2 28 4 26 2 27 2 27 0 22 -3 23 -3 24 -2 24 -5 21 -6 21 -2 21 -4 19 -3 18 -2 16 -5 18 -4 18 -6 14 -1 14 -3 16 -2 16 -1 16 -3 11 -2 14 0 13 -3 12 -2 0 -1 15 3 15 1 15 5 11 1 11 2 14 4 12 5 13 2 11 5 9 5 13 4 9 6 10 4 9 6 11 8 12 7 11 5 8 9 12 8 9 5 8 9 12 9 10 11 11 8 10 8 9 1 0 0 0 0 0 0 0 0 0 ]
CSI_DATA,AP,68:FE:71:12:53:8C,-44,11,1,3,1,1,1,0,0,0,0,-93,0,6,1,26696370,0,84,0,0,26.696,384,[84 -64 4 0 0 0 0 0 0 0 0 0 -7 -25 -7 -25 -11 -24 -10 -26 -6 -24 -6 -21 -2 -21 -3 -23 -3 -20 -5 -19 -6 -22 -2 -17 -2 -22 -3 -19 -4 -19 -3 -20 -2 -16 -3 -17 -1 -14 -4 -16 -3 -16 -3 -13 -4 -12 -4 -11 -1 -15 -6 -15 2 0 -4 -9 -3 -10 -7 -9 -8 -10 -6 -9 -5 -8 -4 -10 -8 -7 -6 -9 -6 -7 -10 -8 -6 -9 -9 -8 -9 -6 -10 -8 -8 -8 -7 -6 -9 -7 -8 -7 -9 -7 -7 -7 -9 -5 -10 -4 -7 -2 -6 -5 -10 -2 0 2 0 0 0 0 0 0 0 0 ]
CSI_DATA,AP,68:FE:71:12:53:8C,-46,11,1,4,1,1,1,0,0,0,0,-94,0,6,1,26786042,0,84,0,0,26.786,384,[84 -64 4 0 0 0 0 0 0 0 0 0 18 14 20 9 21 11 18 12 20 13 18 11 18 16 12 12 13 12 14 15 14 15 15 17 12 16 14 13 13 13 16 12 13 14 11 15 9 12 10 11 11 12 12 14 13 10 11 13 14 12 13 12 0 -2 10 11 11 10 10 12 10 8 11 8 10 8 11 8 11 8 13 9 12 7 15 10 13 8 11 6 12 5 15 10 12 8 16 8 15 6 14 9 11 4 15 7 12 5 14 7 13 4 11 6 10 4 -1 1 0 0 0 0 0 0 0 0 ]
CSI_DATA,AP,68:FE:71:12:53:8C,-45,11,0,0,0,0,0,0,0,0,0,-93,0,6,1,26912412,0,37,0,0,26.912,128,[84 -64 4 0 0 0 0 0 0 0 0 0 19 -4 19 -3 22 -3 23 -4 23 -4 22 -2 21 2 22 2 24 -1 21 -1 26 -1 24 -1 24 1 22 0 21 1 24 3 22 2 21 3 21 3 20 5 20 3 23 0 22 2 20 2 24 5 21 4 -1 1 22 3 22 -1 25 0 24 -3 24 0 24 2 23 1 20 0 22 -3 24 -1 23 -3 20 -3 22 -4 23 -4 21 -1 22 -3 23 -5 26 -7 22 -4 24 -5 21 -5 20 -5 22 -4 24 -4 20 -6 23 -3 0 -2 0 0 0 0 0 0 0 0 ]
CSI_DATA,AP,68:FE:71:12:53:8C,-43,11,1,4,1,1,1,0,0,0,0,-94,0,6,1,27021674,0,84,0,0,27.022,384,[84 -64 4 0 0 0 0 0 0 0 0 0 15 -11 14 -10 18 -8 19 -9 19 -8 18 -9 20 -5 16 -6 18 -6 20 -7 21 -6 21 -9 18 -7 18 -6 22 -8 19 -6 21 -4 16 -6 20 -5 19 -6 20 -5 17 -3 17 -4 20 -8 18 -5 18 -7 1 -1 19 -8 21 -5 18 -9 21 -7 20 -5 19 -10 22 -8 18 -7 18 -8 18 -10 17 -11 16 -8 18 -11 20 -13 20 -10 21 -13 17 -13 21 -14 19 -13 17 -12 17 -12 19 -10 15 -9 17 -15 16 -8 17 -9 -2 -1 0 0 0 0 0 0 0 0 ]
CSI_DATA,AP,68:FE:71:12:53:8C,-43,11,1,4,1,1,1,0,0,0,0,-94,0,6,1,27125018,0,84,0,0,27.125,384,[84 -64 4 0 0 0 0 0 0 0 0 0 -11 -25 -11 -27 -11 -26 -13 -24 -13 -28 -6 -26 -8 -27 -9 -26 -9 -24 -3 -23 -4 -29 -5 -25 -3 -25 -8 -22 -6 -25 -4 -25 -7 -24 -7 -22 -5 -24 -2 -21 -3 -20 -3 -23 -1 -20 -2 -24 -3 -22 -1 -23 -2 2 -2 -22 -6 -22 -4 -19 -5 -18 -3 -20 -5 -18 -6 -16 -5 -15 -6 -14 -5 -13 -8 -17 -4 -12 -8 -12 -8 -12 -9 -12 -10 -11 -12 -15 -10 -13 -14 -14 -17 -13 -17 -13 -19 -12 -17 -11 -17 -13 -17 -15 -20 -11 0 0 0 0 0 0 0 0 0 0 ]
CSI_DATA,AP,68:FE:71:12:53:8C,-47,11,1,5,1,1,1,0,0,0,0,-94,0,6,1,27227555,0,84,0,0,27.228,384,[84 -64 4 0 0 0 0 0 0 0 0 0 8 14 10 14 7 19 9 20 6 16 3 21 5 19 3 17 5 22 5 19 6 20 2 20 5 23 4 22 2 21 5 22 5 21 0 19 -1 20 1 22 2 20 2 19 0 17 1 23 0 21 2 21 0 -1 -1 19 1 22 3 21 3 20 2 18 4 21 -1 20 2 19 3 21 5 20 5 21 3 18 6 22 7 17 7 20 9 21 5 18 9 15 7 18 10 17 6 20 7 18 7 19 10 19 7 15 11 17 -2 2 0 0 0 0 0 0 0 0 ]
CSI_DATA,AP,68:FE:71:12:53:8C,-45,11,0,0,0,0,0,0,0,0,0,-95,0,6,1,27325360,0,37,0,0,27.325,128,[84 -64 4 0 0 0 0 0 0 0 0 0 -16 -1 -21 1 -20 -3 -20 -2 -22 -5 -21 -5 -18 -6 -20 -2 -18 -7 -19 -5 -22 -6 -22 -6 -21 -9 -22 -6 -22 -6 -22 -10 -21 -8 -18 -9 -19 -11 -18 -9 -19 -9 -22 -9 -18 -11 -21 -6 -21 -9 -22 -6 2 -2 -19 -6 -20 -6 -21 -6 -19 -8 -18 -10 -19 -8 -17 -5 -20 -6 -19 -6 -20 -6 -19 -3 -20 -2 -19 -2 -23 -2 -18 -6 -23 -2 -21 -4 -20 -5 -20 -3 -21 -3 -18 -1 -18 -5 -22 -3 -21 -2 -23 -1 -20 -3 1 2 0 0 0 0 0 0 0 0 ]
CSI_DATA,AP,68:FE:71:12:53:8C,-50,11,1,3,1,1,1,0,0,0,0,-94,0,6,1,27410941,0,84,0,0,27.411,384,[84 -64 4 0 0 0 0 0 0 0 0 0 -19 -7 -18 -5 -20 -9 -20 -6 -22 -10 -21 -8 -17 -12 -18 -11 -17 -13 -20 -10 -18 -10 -17 -9 -19 -13 -17 -10 -18 -9 -18 -10 -15 -11 -15 -10 -16 -12 -15 -11 -18 -10 -15 -10 -16 -8 -14 -10 -17 -10 -17 -7 2 -1 -16 -10 -15 -8 -16 -8 -17 -9 -15 -8 -17 -9 -14 -6 -16 -5 -14 -6 -16 -6 -19 -3 -16 -6 -15 -5 -15 -3 -17 -4 -15 -2 -15 -4 -15 -1 -15 -2 -15 -3 -18 -3 -14 -4 -18 -2 -17 1 -18 -1 -16 1 0 1 0 0 0 0 0 0 0 0 ]
CSI_DATA,AP,68:FE:71:12:53:8C,-44,11,1,3,1,1,1,0,0,0,0,-96,0,6,1,27492463,0,84,0,0,27.492,384,[82 -96 4 0 0 0 0 0 0 0 0 0 -2 18 -4 17 -5 18 -5 17 -5 18 -6 18 -5 18 -3 16 -3 17 -5 16 -8 18 -5 14 -8 14 -5 15 -8 16 -5 17 -6 16 -7 12 -7 13 -8 14 -5 16 -6 12 -4 12 -6 12 -8 15 -7 14 0 2 -6 13 -6 14 -3 11 -4 14 -6 12 -4 12 -2 13 -3 13 -5 12 -3 12 -5 11 -1 15 0 15 0 11 0 13 -3 13 0 14 0 11 -1 12 -1 11 0 12 0 11 3 13 0 14 2 13 2 15 -1 1 0 0 0 0 0 0 0 0 ]
CSI_DATA,AP,68:FE:71:12:53:8C,-48,11,1,3,1,1,1,0,0,0,0,-93,0,6,1,27612468,0,84,0,0,27.612,384,[84 -64 4 0 0 0 0 0 0 0 0 0 -15 5 -17 8 -17 6 -17 3 -16 4 -17 2 -18 3 -16 2 -16 1 -19 4 -19 4 -19 1 -18 0 -17 3 -15 3 -19 -1 -17 1 -15 0 -17 1 -15 3 -17 3 -17 1 -13 1 -13 1 -16 4 -12 0 -1 1 -14 -1 -14 0 -13 4 -13 2 -15 3 -16 2 -16 3 -14 2 -12 2 -15 4 -15 2 -10 3 -12 3 -12 5 -14 7 -14 4 -12 6 -11 4 -11 7 -15 4 -11 3 -12 8 -10 5 -10 5 -9 6 -14 7 -1 2 0 0 0 0 0 0 0 0 ]
CSI_DATA,AP,68:FE:71:12:53:8C,-45,11,1,3,1,1,1,0,0,0,0,-95,0,6,1,27727110,0,84,0,0,27.727,384,[84 -64 4 0 0 0 0 0 0 0 0 0 19 6 22 3 20 4 21 6 20 5 18 6 21 7 19 6 20 9 19 7 19 8 16 11 18 8 18 9 17 11 15 10 17 12 15 11 18 9 15 10 14 10 17 8 16 8 16 8 14 8 13 8 1 1 12 9 14 6 13 10 14 9 16 6 15 7 17 8 14 9 15 8 13 8 17 4 17 7 16 6 16 4 16 7 18 4 16 4 15 6 16 3 17 3 17 4 14 2 17 2 16 5 15 2 15 3 0 1 0 0 0 0 0 0 0 0 ]
CSI_DATA,AP,68:FE:71:12:53:8C,-45,11,1,4,1,1,1,0,0,0,0,-95,0,6,1,27827885,0,84,0,0,27.828,384,[84 -64 4 0 0 0 0 0 0 0 0 0 -20 1 -17 1 -22 -1 -21 0 -22 -1 -19 0 -18 -2 -18 -4 -21 -5 -21 -1 -21 -3 -19 -5 -18 -6 -19 -3 -19 -3 -17 -4 -20 -4 -18 -5 -16 -4 -17 -3 -15 -2 -16 -2 -14 -4 -14 -6 -16 -4 -17 -4 -2 1 -14 -3 -16 0 -18 -2 -14 -2 -14 0 -17 -3 -16 0 -14 -2 -17 -3 -13 2 -15 1 -16 2 -16 -1 -14 3 -17 2 -16 3 -17 3 -18 4 -14 2 -13 2 -14 6 -15 2 -16 6 -16 5 -16 6 -13 5 -1 1 0 0 0 0 0 0 0 0 ]
CSI_DATA,AP,68:FE:71:12:53:8C,-50,11,1,3,1,1,1,0,0,0,0,-93,0,6,1,27922588,0,84,0,0,27.923,384,[84 -64 4 0 0 0 0 0 0 0 0 0 18 2 18 2 16 7 20 8 17 5 17 4 16 8 17 5 17 9 17 9 14 8 16 8 15 9 13 7 14 9 17 9 14 10 14 9 12 8 12 9 16 9 13 8 11 8 13 8 16 9 14 5 1 0 13 5 15 7 15 6 15 7 14 4 14 3 11 4 12 2 13 6 15 3 14 5 13 2 12 4 14 3 14 4 17 4 15 5 15 0 12 1 12 0 13 4 12 1 13 0 17 0 15 0 15 2 2 1 0 0 0 0 0 0 0 0 ]
CSI_DATA,AP,68:FE:71:12:53:8C,-48,11,1,4,1,1,1,0,0,0,0,-94,0,6,1,28007374,0,84,0,0,28.007,384,[84 -64 4 0 0 0 0 0 0 0 0 0 -18 7 -18 6 -17 8 -21 5 -22 8 -20 7 -20 7 -20 4 -22 6 -19 6 -20 1 -22 3 -18 4 -19 0 -18 5 -20 2 -19 4 -18 0 -18 0 -20 3 -17 5 -19 4 -17 0 -17 0 -19 2 -15 2 -1 1 -19 0 -14 1 -17 1 -14 2 -14 5 -17 3 -14 5 -15 6 -14 5 -16 3 -17 5 -15 4 -13 4 -17 7 -16 8 -15 9 -14 8 -17 5 -14 9 -14 6 -16 5 -15 6 -12 9 -14 8 -14 10 -13 7 0 -1 0 0 0 0 0 0 0 0 ]
CSI_DATA,AP,68:FE:71:12:53:8C,-43,11,1,6,1,1,1,0,0,0,0,-96,0,6,1,28114874,0,84,0,0,28.115,384,[84 -64 4 0 0 0 0 0 0 0 0 0 -3 -22 -4 -18 -1 -22 -3 -23 -3 -20 -1 -20 2 -18 1 -19 1 -20 0 -20 1 -21 0 -22 0 -19 0 -17 4 -21 0 -19 0 -18 4 -15 3 -17 1 -17 2 -15 1 -16 3 -15 2 -17 1 -15 2 -19 2 1 1 -15 2 -17 -1 -18 -1 -15 1 -15 0 -17 1 -15 1 -14 0 -14 -1 -16 -3 -14 -2 -17 -4 -14 -2 -15 -1 -18 -5 -14 -1 -16 -1 -17 -4 -18 -5 -16 -2 -16 -5 -18 -5 -18 -4 -18 -5 -16 -6 -16 0 -1 0 0 0 0 0 0 0 0 ]
CSI_DATA,AP,68:FE:71:12:53:8C,-47,11,1,3,1,1,1,0,0,0,0,-96,0,6,1,28205652,0,84,0,0,28.206,384,[84 -64 4 0 0 0 0 0 0 0 0 0 14 13 16 11 15 10 13 15 16 13 15 12 12 14 14 15 15 16 10 15 11 15 12 12 13 13 10 15 9 16 9 13 12 15 9 14 9 12 9 14 8 16 9 16 12 13 8 15 9 13 8 11 -2 -1 10 11 10 14 12 9 9 12 9 12 12 10 10 10 12 8 11 11 10 7 14 11 11 10 12 8 10 7 11 10 10 7 12 8 11 9 11 7 15 9 12 7 14 5 13 9 13 6 14 5 12 8 0 -1 0 0 0 0 0 0 0 0 ]
CSI_DATA,AP,68:FE:71:12:53:8C,-48,11,1,4,1,1,1,0,0,0,0,-95,0,6,1,28312433,0,84,0,0,28.312,384,[84 -64 4 0 0 0 0 0 0 0 0 0 -13 -18 -14 -16 -13 -18 -14 -20 -11 -17 -10 -18 -8 -20 -11 -21 -8 -19 -7 -19 -9 -19 -8 -18 -7 -19 -6 -17 -8 -18 -10 -18 -9 -18 -8 -17 -5 -15 -8 -15 -8 -16 -8 -18 -7 -17 -6 -19 -7 -18 -6 -18 -1 -2 -6 -14 -7 -17 -9 -18 -10 -17 -6 -15 -10 -17 -10 -16 -9 -14 -9 -16 -10 -13 -10 -11 -10 -12 -8 -13 -10 -12 -13 -12 -9 -13 -11 -13 -9 -11 -13 -12 -10 -11 -13 -11 -11 -11 -11 -12 -15 -11 -12 -12 -13 -11 -2 -1 0 0 0 0 0 0 0 0 ]
CSI_DATA,AP,68:FE:71:12:53:8C,-47,11,1,5,1,1,1,0,0,0,0,-95,0,6,1,28415032,0,84,0,0,28.415,384,[84 -64 4 0 0 0 0 0 0 0 0 0 -17 5 -15 2 -20 2 -18 2 -18 -1 -18 2 -16 1 -17 0 -17 -1 -18 0 -19 -1 -18 0 -18 0 -16 -4 -15 -4 -15 0 -14 -3 -17 -3 -15 -4 -13 -1 -17 -5 -13 -3 -13 0 -16 -2 -14 -5 -15 -2 0 -2 -16 -1 -15 -3 -16 -3 -13 -2 -12 0 -14 -1 -15 0 -15 -1 -15 -1 -14 3 -12 -1 -12 3 -13 0 -13 1 -15 -1 -13 2 -14 1 -14 1 -12 4 -15 2 -12 3 -13 1 -14 5 -13 2 -11 1 -11 3 -1 1 0 0 0 0 0 0 0 0 ]
CSI_DATA,AP,68:FE:71:12:53:8C,-45,11,1,3,1,1,1,0,0,0,0,-94,0,6,1,28481594,0,84,0,0,28.482,384,[84 -64 4 0 0 0 0 0 0 0 0 0 0 21 1 20 0 20 -1 19 -1 20 0 18 0 21 -4 20 -1 20 -5 21 -5 20 -4 17 -3 21 -3 17 -4 18 -6 19 -3 15 -3 17 -7 16 -2 19 -7 18 -3 15 -5 17 -5 15 -5 18 -2 14 1 2 -5 14 -1 14 -1 16 -2 14 -2 17 -2 14 0 14 -3 16 -2 17 -2 14 -3 14 0 16 1 16 -2 16 0 16 2 16 -1 17 4 13 2 14 2 15 2 13 0 15 2 17 3 16 1 14 2 15 -2 2 0 0 0 0 0 0 0 0 ]
CSI_DATA,AP,68:FE:71:12:53:8C,-44,11,1,5,1,1,1,0,0,0,0,-96,0,6,1,28603398,0,84,0,0,28.603,384,[84 -64 4 0 0 0 0 0 0 0 0 0 20 -6 21 -5 20 -6 22 -2 20 -2 21 -4 19 -3 20 -2 18 1 17 -3 21 -2 20 1 18 -1 18 -2 16 -2 19 2 16 3 18 0 18 -1 18 0 17 -1 18 1 15 3 19 2 18 -1 14 2 0 2 16 0 18 -3 15 -2 16 1 17 -1 16 0 16 -2 13 -4 14 -3 14 -5 16 -1 13 -1 14 -3 12 -4 12 -7 12 -5 13 -5 16 -5 16 -5 13 -4 17 -4 13 -7 16 -9 12 -8 13 -5 15 -4 -1 0 0 0 0 0 0 0 0 0 ]
CSI_DATA,AP,68:FE:71:12:53:8C,-45,11,1,5,1,1,1,0,0,0,0,-93,0,6,1,28703472,0,82,0,0,28.703,384,[84 -64 4 0 0 0 0 0 0 0 0 0 3 -9 4 -9 5 -9 5 -10 6 -8 6 -10 7 -6 7 -8 3 -8 5 -8 6 -9 8 -5 4 -6 7 -8 6 -6 5 -6 6 -6 8 -7 5 -6 4 -7 4 -9 8 -8 3 -7 8 -5 4 -4 7 -4 -2 -2 5 -4 3 -5 3 -8 5 -8 5 -7 7 -5 3 -4 2 -6 5 -7 2 -6 3 -8 5 -8 5 -5 3 -6 5 -9 3 -7 3 -9 1 -8 1 -9 4 -5 3 -7 2 -6 3 -8 0 -6 1 -6 4 -7 1 -1 0 0 0 0 0 0 0 0 ]
CSI_DATA,AP,68:FE:71:12:53:8C,-45,11,1,3,1,1,1,0,0,0,0,-94,0,6,1,28791375,0,84,0,0,28.791,384,[84 -64 4 0 0 0 0 0 0 0 0 0 10 -18 10 -18 11 -17 10 -17 9 -14 9 -17 11 -15 13 -15 12 -12 13 -13 11 -14 11 -11 10 -13 10 -15 9 -14 12 -12 9 -14 12 -13 10 -11 10 -11 10 -11 12 -12 13 -10 13 -13 10 -11 7 -10 0 0 11 -10 7 -13 10 -13 6 -10 6 -12 10 -13 10 -13 7 -13 7 -11 7 -14 6 -10 7 -10 9 -10 8 -11 7 -11 5 -12 7 -14 4 -15 7 -11 4 -13 5 -15 3 -14 4 -16 4 -13 3 -14 6 -16 0 0 0 0 0 0 0 0 0 0 ]
CSI_DATA,AP,68:FE:71:12:53:8C,-45,11,1,5,1,1,1,0,0,0,0,-93,0,6,1,28921588,0,84,0,0,28.922,384,[84 -64 4 0 0 0 0 0 0 0 0 0 18 -11 16 -6 19 -10 20 -8 17 -6 20 -7 18 -7 17 -3 17 -5 20 -5 21 -5 17 -6 19 -1 18 -2 19 -5 19 -3 16 -2 16 -3 15 -3 14 -5 16 -5 16 -1 17 -2 17 0 16 -5 14 -4 -2 -1 14 -3 14 -6 16 -2 17 -3 15 -7 13 -6 14 -6 15 -4 16 -8 13 -6 14 -9 15 -4 16 -8 16 -9 16 -9 12 -9 16 -9 14 -10 11 -8 13 -11 16 -7 11 -8 13 -10 11 -9 15 -9 10 -8 -1 1 0 0 0 0 0 0 0 0 ]
CSI_DATA,AP,68:FE:71:12:53:8C,-48,11,1,5,1,1,1,1,0,0,0,-94,3,6,1,29033812,0,84,0,0,29.034,384,[84 -64 4 0 0 0 0 0 0 0 0 0 7 8 5 7 7 9 7 8 3 10 6 8 5 9 3 7 1 8 2 11 1 11 0 11 4 10 4 11 0 10 2 10 3 10 4 8 4 7 2 11 0 8 2 9 2 8 0 9 3 8 0 8 1 -2 2 8 1 7 4 8 0 8 0 9 5 5 3 8 5 7 1 9 2 6 4 6 5 9 1 5 3 9 4 7 4 7 4 8 4 6 5 6 4 4 2 8 3 7 4 7 5 8 7 4 6 6 2 0 0 0 0 0 0 0 0 0 ]
CSI_DATA,AP,68:FE:71:12:53:8C,-44,11,0,0,0,0,0,0,0,0,0,-93,0,6,1,29147812,0,37,0,0,29.148,128,[84 -64 4 0 0 0 0 0 0 0 0 0 6 16 4 16 5 15 4 16 2 19 4 17 5 19 3 18 2 15 3 15 2 20 -1 18 3 18 2 16 1 17 0 16 2 15 -2 15 1 17 0 15 2 15 0 15 -1 13 1 14 -1 16 -1 16 -1 2 -2 16 0 12 3 13 2 12 2 16 2 14 0 13 4 14 4 15 2 14 2 14 1 13 1 14 2 13 1 15 2 16 2 12 4 14 3 12 2 15 5 13 6 14 3 15 5 11 5 15 7 15 2 2 0 0 0 0 0 0 0 0 ]
CSI_DATA,AP,68:FE:71:12:53:8C,-45,11,1,4,1,1,1,0,0,0,0,-96,0,6,1,29259173,0,84,0,0,29.259,384,[84 -64 4 0 0 0 0 0 0 0 0 0 -8 -20 -9 -21 -9 -19 -8 -22 -7 -21 -5 -21 -3 -21 -3 -20 -2 -22 -6 -20 -3 -21 -1 -18 -4 -19 -3 -22 -1 -20 -2 -20 -4 -20 -3 -18 -4 -17 -3 -16 -4 -17 -2 -17 -1 -17 -1 -19 -4 -16 -2 -19 2 1 -1 -19 -4 -18 -2 -18 -4 -17 -1 -17 -6 -17 -5 -18 -3 -14 -5 -17 -6 -15 -3 -15 -3 -14 -4 -15 -8 -16 -7 -15 -5 -14 -6 -18 -8 -14 -10 -15 -8 -15 -6 -15 -8 -12 -7 -16 -9 -12 -9 -15 -9 -15 1 -1 0 0 0 0 0 0 0 0 ]
CSI_DATA,AP,68:FE:71:12:53:8C,-44,11,1,5,1,1,1,0,0,0,0,-96,0,6,1,29360112,0,84,0,0,29.36,384,[84 -64 4 0 0 0 0 0 0 0 0 0 6 21 6 20 4 21 3 21 7 23 2 19 4 20 3 21 3 20 2 21 -1 20 3 22 1 21 -2 23 2 19 0 19 -1 18 2 17 -2 18 0 20 -3 19 1 21 0 19 -2 19 -2 20 -1 19 2 -1 0 18 3 17 1 19 1 18 0 17 0 18 -1 18 1 18 3 14 2 18 1 16 1 17 6 15 3 17 4 15 7 15 5 16 3 16 4 19 3 17 4 18 6 19 6 16 8 16 8 15 7 14 -2 1 0 0 0 0 0 0 0 0 ]
CSI_DATA,AP,68:FE:71:12:53:8C,-50,11,1,2,1,1,1,0,0,0,0,-95,0,6,1,29445769,0,84,0,0,29.446,384,[84 -64 4 0 0 0 0 0 0 0 0 0 -13 18 -12 17 -13 17 -16 17 -15 17 -12 14 -15 11 -16 13 -14 12 -14 13 -18 14 -15 11 -18 11 -14 13 -14 11 -15 10 -15 12 -15 8 -13 12 -12 8 -13 11 -16 12 -15 9 -13 9 -13 12 -11 9 2 0 -13 11 -10 13 -10 13 -14 10 -9 11 -12 11 -10 9 -9 10 -8 13 -11 10 -10 13 -11 12 -11 12 -10 13 -11 13 -11 15 -7 13 -7 15 -7 15 -6 13 -10 13 -7 15 -9 16 -6 15 -8 15 -7 12 2 1 0 0 0 0 0 0 0 0 ]
CSI_DATA,AP,68:FE:71:12:53:8C,-45,11,1,5,1,1,1,0,0,0,0,-95,0,6,1,29546497,0,84,0,0,29.546,384,[84 -64 4 0 0 0 0 0 0 0 0 0 7 15 6 17 5 19 5 19 5 18 5 15 4 15 5 15 3 15 4 18 3 19 1 16 2 19 3 19 -1 14 3 16 -1 18 1 13 -2 14 0 16 1 17 0 16 2 15 1 17 2 14 0 17 -2 -2 2 12 2 14 3 15 2 12 1 15 2 14 3 16 2 16 3 14 5 15 5 13 6 11 3 13 3 12 3 12 5 15 6 14 7 14 3 15 4 13 6 11 6 14 8 12 8 12 7 13 6 12 0 1 0 0 0 0 0 0 0 0 ]
CSI_DATA,AP,68:FE:71:12:53:8C,-49,11,1,2,1,1,1,1,0,0,0,-94,6,6,1,29625021,0,84,0,0,29.625,384,[84 -64 4 0 0 0 0 0 0 0 0 0 20 4 19 7 20 6 18 7 22 6 19 8 20 6 19 9 17 11 17 8 17 10 15 10 15 10 17 10 14 12 18 10 17 9 16 12 13 12 12 12 14 9 12 9 10 11 13 9 13 9 13 10 1 -1 14 9 17 7 13 9 14 6 14 6 15 9 16 10 15 4 13 9 13 4 15 8 12 6 15 4 16 3 15 5 16 3 15 5 16 2 14 5 16 2 17 4 14 4 17 4 18 1 14 3 16 5 2 1 0 0 0 0 0 0 0 0 ]
CSI_DATA,AP,68:FE:71:12:53:8C,-45,11,1,4,1,1,1,0,0,0,0,-95,0,6,1,29737507,0,84,0,0,29.738,384,[84 -64 4 0 0 0 0 0 0 0 0 0 -14 -19 -10 -17 -10 -20 -11 -20 -8 -22 -11 -20 -10 -18 -7 -20 -9 -22 -5 -21 -6 -18 -7 -19 -7 -21 -7 -18 -6 -21 -5 -19 -3 -17 -6 -16 -6 -18 -3 -21 -6 -18 -5 -21 -2 -16 -7 -16 -7 -21 -3 -17 -1 -1 -6 -17 -4 -16 -5 -15 -8 -18 -8 -16 -9 -16 -5 -18 -9 -13 -9 -16 -7 -15 -10 -14 -8 -17 -7 -15 -7 -16 -6 -17 -10 -16 -8 -17 -12 -12 -10 -14 -9 -12 -12 -14 -9 -16 -9 -14 -11 -12 -13 -14 -9 -15 2 2 0 0 0 0 0 0 0 0 ]
CSI_DATA,AP,68:FE:71:12:53:8C,-44,11,1,3,1,1,1,0,0,0,0,-93,0,6,1,29830135,0,82,0,0,29.83,384,[84 -64 4 0 0 0 0 0 0 0 0 0 -19 -11 -20 -8 -22 -13 -19 -12 -19 -15 -17 -13 -18 -15 -19 -14 -19 -13 -17 -15 -19 -13 -17 -13 -19 -16 -18 -15 -13 -12 -18 -15 -13 -12 -13 -14 -13 -12 -15 -15 -14 -14 -12 -14 -15 -16 -15 -12 -15 -12 -16 -12 -1 0 -13 -13 -17 -12 -14 -12 -17 -11 -15 -11 -14 -14 -12 -12 -15 -12 -17 -8 -16 -11 -15 -9 -15 -11 -16 -7 -15 -6 -14 -8 -14 -6 -16 -6 -18 -8 -15 -5 -18 -8 -19 -8 -19 -5 -15 -6 -18 -5 -18 -8 -18 -6 2 1 0 0 0 0 0 0 0 0 ]
CSI_DATA,AP,68:FE:71:12:53:8C,-46,11,1,3,1,1,1,0,0,0,0,-95,0,6,1,29932862,0,84,0,0,29.933,384,[84 -64 4 0 0 0 0 0 0 0 0 0 -15 -15 -14 -18 -17 -18 -14 -20 -13 -19 -13 -19 -15 -17 -11 -19 -11 -16 -12 -20 -14 -21 -10 -19 -13 -18 -9 -20 -12 -20 -11 -22 -11 -20 -7 -15 -10 -20 -7 -17 -10 -16 -9 -16 -6 -18 -11 -20 -11 -17 -7 -16 0 1 -10 -15 -9 -16 -10 -14 -8 -17 -11 -15 -10 -14 -11 -16 -8 -15 -10 -12 -9 -12 -15 -14 -11 -11 -11 -16 -10 -12 -11 -16 -14 -12 -15 -15 -15 -14 -13 -12 -13 -10 -14 -15 -15 -10 -11 -11 -14 -11 -15 -13 -12 -13 -1 0 0 0 0 0 0 0 0 0 ]
CSI_DATA,AP,68:FE:71:12:53:8C,-47,11,1,5,1,1,1,0,0,0,0,-96,0,6,1,30044518,0,84,0,0,30.045,384,[84 -64 4 0 0 0 0 0 0 0 0 0 -6 -20 -3 -20 -6 -22 -4 -22 -1 -26 -3 -24 -1 -23 2 -19 3 -22 1 -21 1 -25 3 -23 4 -20 2 -24 3 -23 3 -24 4 -18 1 -20 5 -19 5 -22 6 -18 5 -19 4 -20 5 -21 2 -22 2 -20 -2 -2 3 -17 3 -20 1 -21 0 -16 3 -18 1 -19 -2 -19 2 -17 1 -17 -1 -17 -4 -20 -2 -18 -2 -16 -2 -20 -4 -16 -2 -18 -4 -18 -4 -20 -3 -16 -6 -19 -1 -17 -2 -19 -5 -17 -5 -18 -3 -19 -3 -16 0 -1 0 0 0 0 0 0 0 0 ]
CSI_DATA,AP,68:FE:71:12:53:8C,-50,11,1,1,1,1,1,1,0,0,0,-95,4,6,1,30127766,0,84,0,0,30.128,384,[84 -64 4 0 0 0 0 0 0 0 0 0 21 0 21 -2 19 -1 21 -2 19 1 20 2 22 1 21 0 21 3 20 5 19 2 18 4 18 4 21 6 21 6 18 5 21 3 18 4 18 3 18 5 17 4 19 2 16 5 18 7 19 5 16 5 1 -1 18 1 17 4 18 1 15 -1 17 2 15 -1 16 1 16 2 18 2 16 -1 18 0 16 -2 14 -2 15 -2 15 -2 17 -1 15 0 19 -1 18 -2 15 -5 19 -1 14 -1 14 -3 17 -3 17 -2 16 -2 -1 -1 0 0 0 0 0 0 0 0 ]
CSI_DATA,AP,68:FE:71:12:53:8C,-50,11,1,2,1,1,1,0,0,0,0,-95,0,6,1,30236354,0,84,0,0,30.236,384,[84 -64 4 0 0 0 0 0 0 0 0 0 11 16 9 18 7 19 9 22 9 21 8 19 3 20 3 19 2 20 3 18 5 20 7 21 4 19 6 18 3 17 1 18 0 18 2 19 2 20 4 18 2 20 1 19 2 17 4 16 3 16 2 17 0 -1 4 15 3 15 4 17 6 17 5 15 2 18 2 17 5 17 3 14 5 12 7 14 8 14 4 17 8 15 8 15 9 16 8 14 6 13 10 16 10 11 8 15 7 14 10 15 10 16 7 12 9 14 2 -2 0 0 0 0 0 0 0 0 ]
CSI_DATA,AP,68:FE:71:12:53:8C,-43,11,1,4,1,1,1,0,0,0,0,-95,0,6,1,30331053,0,84,0,0,30.331,384,[84 -64 4 0 0 0 0 0 0 0 0 0 -6 20 -6 19 -5 22 -6 20 -9 21 -7 20 -7 17 -7 16 -8 17 -9 18 -13 19 -11 18 -9 17 -13 20 -11 15 -9 17 -11 15 -8 16 -12 14 -11 16 -12 14 -10 18 -10 13 -9 14 -13 18 -10 18 2 1 -10 13 -9 19 -6 15 -9 18 -8 16 -6 17 -6 17 -8 16 -8 17 -4 14 -3 17 -3 14 -6 15 -6 15 -3 16 -3 19 -1 16 -1 19 -4 18 0 16 -5 15 -5 17 -2 19 0 18 -3 17 0 15 -1 0 0 0 0 0 0 0 0 0 ]
CSI_DATA,AP,68:FE:71:12:53:8C,-49,11,1,2,1,1,1,1,0,0,0,-94,2,6,1,30438281,0,84,0,0,30.438,384,[84 -64 4 0 0 0 0 0 0 0 0 0 -12 -16 -11 -14 -12 -18 -13 -17 -10 -16 -10 -19 -12 -19 -9 -16 -7 -19 -10 -18 -10 -19 -11 -20 -8 -18 -6 -21 -5 -19 -6 -20 -7 -20 -7 -16 -4 -16 -4 -19 -5 -16 -4 -19 -7 -14 -8 -17 -7 -19 -5 -14 1 1 -8 -16 -9 -18 -7 -14 -9 -14 -9 -16 -8 -15 -9 -15 -9 -17 -11 -16 -8 -11 -12 -15 -7 -12 -9 -14 -12 -13 -11 -12 -13 -15 -11 -12 -14 -13 -10 -11 -10 -13 -9 -14 -11 -10 -13 -11 -12 -13 -13 -10 -14 -11 1 -2 0 0 0 0 0 0 0 0 ]
CSI_DATA,AP,68:FE:71:12:53:8C,-48,11,1,4,1,1,1,1,0,0,0,-95,1,6,1,30526089,0,84,0,0,30.526,384,[84 -64 4 0 0 0 0 0 0 0 0 0 18 -5 18 -2 21 -1 20 0 21 -1 18 1 21 -3 20 -2 20 0 16 1 18 1 19 1 22 2 21 4 21 4 21 4 17 2 18 1 16 1 18 3 16 2 18 3 15 3 14 4 19 0 17 1 -2 -1 19 1 14 2 17 2 14 0 15 2 14 0 18 -1 15 1 16 0 13 -1 18 -4 16 -2 17 -1 14 -4 13 -5 17 -4 16 -4 17 -6 14 -6 16 -6 14 -3 15 -4 15 -6 17 -3 16 -7 13 -5 1 0 0 0 0 0 0 0 0 0 ]
CSI_DATA,AP,68:FE:71:12:53:8C,-49,11,1,1,1,1,1,0,0,0,0,-95,0,6,1,30652780,0,84,0,0,30.653,384,[84 -64 4 0 0 0 0 0 0 0 0 0 13 12 11 15 10 18 13 18 9 16 7 17 8 17 10 17 8 19 7 16 8 17 8 20 7 20 9 20 8 20 6 18 5 17 8 16 6 16 8 15 4 18 6 18 5 14 6 16 6 15 5 16 1 -2 9 13 9 14 7 14 8 12 5 13 8 13 9 13 9 14 10 15 8 9 8 11 7 10 8 15 11 13 9 11 11 12 12 12 9 12 11 10 11 12 13 12 13 11 13 12 12 12 13 11 12 11 0 -2 0 0 0 0 0 0 0 0 ]
CSI_DATA,AP,68:FE:71:12:53:8C,-44,11,0,0,0,0,0,0,0,0,0,-94,0,6,1,30753748,0,37,0,0,30.754,128,[84 -64 4 0 0 0 0 0 0 0 0 0 -9 20 -7 18 -12 17 -13 19 -11 20 -9 14 -14 18 -10 17 -11 18 -12 17 -15 14 -14 18 -12 15 -15 15 -14 12 -13 14 -13 12 -10 11 -10 15 -14 15 -10 11 -13 15 -11 11 -10 15 -13 13 -12 11 1 2 -10 14 -12 13 -11 12 -11 15 -9 14 -11 12 -9 11 -11 11 -6 13 -8 12 -9 14 -7 14 -7 12 -8 15 -7 16 -7 15 -10 16 -8 15 -5 14 -6 15 -5 13 -7 14 -5 15 -5 17 -8 16 -5 13 2 -2 0 0 0 0 0 0 0 0 ]
CSI_DATA,AP,68:FE:71:12:53:8C,-49,11,1,1,1,1,1,0,0,0,0,-96,0,6,1,30866857,0,84,0,0,30.867,384,[84 -64 4 0 0 0 0 0 0 0 0 0 18 -11 15 -13 19 -12 18 -13 21 -12 16 -7 18 -9 16 -10 17 -8 21 -8 21 -9 18 -9 21 -8 19 -7 17 -6 18 -7 17 -8 18 -5 16 -4 15 -6 17 -6 15 -5 15 -4 18 -5 19 -6 17 -5 1 1 14 -7 15 -8 14 -6 17 -8 17 -5 17 -9 13 -10 13 -10 13 -9 16 -11 14 -10 12 -9 14 -10 13 -9 13 -10 15 -13 14 -13 13 -10 13 -12 13 -14 10 -13 10 -12 10 -12 10 -12 12 -12 10 -11 1 -2 0 0 0 0 0 0 0 0 ]
CSI_DATA,AP,68:FE:71:12:53:8C,-48,11,1,3,1,1,1,1,0,0,0,-95,5,6,1,30959267,0,84,0,0,30.959,384,[84 -64 4 0 0 0 0 0 0 0 0 0 -19 14 -18 13 -17 14 -22 12 -19 10 -19 8 -21 8 -18 7 -19 8 -18 5 -20 6 -22 6 -22 8 -21 4 -21 5 -20 7 -19 5 -15 7 -19 3 -15 6 -17 7 -18 3 -18 2 -15 6 -15 7 -18 8 0 1 -18 5 -19 8 -19 8 -16 7 -14 4 -14 7 -15 8 -17 8 -15 8 -12 8 -18 8 -12 9 -12 9 -17 10 -14 8 -13 9 -14 7 -13 7 -16 9 -14 10 -16 7 -12 11 -11 10 -12 13 -16 8 -15 10 -2 -2 0 0 0 0 0 0 0 0 ]
CSI_DATA,AP,68:FE:71:12:53:8C,-47,11,1,5,1,1,1,0,0,0,0,-94,0,6,1,31062822,0,84,0,0,31.063,384,[84 -64 4 0 0 0 0 0 0 0 0 0 -18 8 -17 11 -22 10 -23 10 -20 10 -21 8 -21 5 -18 4 -21 6 -19 3 -22 7 -23 6 -22 5 -18 5 -18 3 -22 6 -18 3 -19 2 -20 5 -17 1 -19 1 -19 3 -18 2 -21 4 -19 5 -19 5 2 -2 -16 3 -20 5 -18 3 -15 5 -16 3 -16 5 -15 6 -18 7 -15 6 -15 8 -14 6 -16 3 -16 7 -14 7 -14 7 -16 6 -15 7 -12 9 -16 7 -13 10 -15 9 -16 7 -12 9 -14 9 -14 7 -13 8 0 1 0 0 0 0 0 0 0 0 ]
CSI_DATA,AP,68:FE:71:12:53:8C,-47,11,1,5,1,1,1,0,0,0,0,-94,0,6,1,31161445,0,84,0,0,31.161,384,[84 -64 4 0 0 0 0 0 0 0 0 0 14 -12 19 -12 16 -13 19 -14 18 -12 16 -10 18 -8 16 -8 18 -6 16 -7 21 -6 18 -8 19 -5 20 -8 19 -5 18 -4 16 -5 16 -5 19 -8 16 -6 16 -3 15 -5 14 -6 15 -7 18 -5 19 -6 2 1 17 -6 17 -6 14 -9 13 -6 16 -4 16 -9 14 -9 14 -8 16 -6 13 -9 14 -9 12 -10 15 -9 12 -10 12 -10 13 -13 11 -10 13 -11 14 -10 13 -13 12 -8 14 -12 13 -14 11 -15 12 -10 12 -12 0 1 0 0 0 0 0 0 0 0 ]
CSI_DATA,AP,68:FE:71:12:53:8C,-44,11,1,3,1,1,1,0,0,0,0,-93,0,6,1,31248698,0,84,0,0,31.249,384,[84 -64 4 0 0 0 0 0 0 0 0 0 19 7 17 6 22 4 18 9 20 9 15 6 20 9 14 10 19 11 18 10 16 9 20 8 18 10 16 11 13 10 17 10 16 10 14 8 15 11 12 11 11 11 14 8 12 9 14 12 12 10 13 9 1 0 16 9 13 11 13 9 16 5 12 5 15 6 16 10 13 7 13 6 13 5 17 6 16 4 16 5 13 7 13 8 13 3 14 7 14 3 17 6 17 4 16 7 16 4 17 5 17 2 15 2 13 1 0 1 0 0 0 0 0 0 0 0 ]
CSI_DATA,AP,68:FE:71:12:53:8C,-50,11,1,1,1,1,1,0,0,0,0,-95,0,6,1,31378106,0,84,0,0,31.378,384,[84 -64 4 0 0 0 0 0 0 0 0 0 -1 -20 2 -24 -1 -24 3 -22 2 -21 4 -20 7 -23 3 -23 7 -22 6 -20 5 -23 3 -21 4 -21 6 -20 9 -21 5 -18 9 -21 7 -17 8 -20 7 -20 5 -17 8 -16 8 -17 7 -17 5 -20 7 -19 -1 2 7 -19 4 -16 3 -17 2 -15 3 -18 6 -18 7 -16 5 -17 1 -19 2 -15 0 -16 1 -18 3 -15 4 -18 3 -16 1 -20 0 -17 0 -16 -1 -17 -3 -15 1 -20 0 -16 -2 -18 -4 -20 -4 -16 -3 -17 0 0 0 0 0 0 0 0 0 0 ]
CSI_DATA,AP,68:FE:71:12:53:8C,-49,11,1,2,1,1,1,1,0,0,0,-95,2,6,1,31485260,0,84,0,0,31.485,384,[84 -64 4 0 0 0 0 0 0 0 0 0 -11 16 -13 15 -14 15 -15 16 -16 14 -13 13 -15 14 -14 13 -17 12 -16 11 -16 12 -16 12 -20 10 -18 10 -18 10 -16 11 -16 8 -14 9 -14 11 -18 9 -16 9 -18 7 -16 9 -15 9 -17 8 -15 8 1 1 -13 7 -13 10 -16 11 -15 13 -12 12 -14 11 -13 10 -14 10 -14 9 -10 12 -12 11 -10 11 -14 14 -10 11 -11 12 -14 12 -10 15 -9 12 -13 14 -9 15 -14 13 -12 12 -9 11 -13 14 -11 11 -8 12 1 2 0 0 0 0 0 0 0 0 ]
CSI_DATA,AP,68:FE:71:12:53:8C,-46,11,1,5,1,1,1,0,0,0,0,-94,0,6,1,31567550,0,84,0,0,31.568,384,[84 -64 4 0 0 0 0 0 0 0 0 0 20 -2 21 2 20 -1 23 3 20 3 18 3 20 5 21 2 21 6 16 4 17 2 19 4 17 4 16 3 20 4 18 6 16 6 15 6 19 5 17 5 14 5 14 4 14 4 16 3 15 6 15 2 0 2 15 5 16 4 17 2 14 1 17 1 17 2 17 4 15 4 13 -1 13 -1 14 1 14 1 16 2 14 2 15 -2 18 -3 14 1 14 -3 16 -2 17 -1 18 0 14 -3 16 -2 17 -5 17 -1 18 -3 -1 2 0 0 0 0 0 0 0 0 ]
CSI_DATA,AP,68:FE:71:12:53:8C,-39,11,0,0,0,0,0,0,0,0,0,-95,0,6,1,31674889,0,37,0,0,31.675,128,[84 -64 4 0 0 0 0 0 0 0 0 0 -9 -19 -8 -20 -12 -21 -9 -20 -7 -20 -8 -19 -7 -23 -7 -22 -5 -20 -7 -21 -4 -20 -8 -22 -3 -22 -5 -23 -5 -23 -3 -23 -5 -22 -4 -20 -3 -19 -4 -22 -2 -17 -4 -18 -1 -20 -6 -19 -3 -22 -4 -21 -1 -2 -3 -20 -7 -16 -8 -18 -8 -17 -7 -17 -6 -18 -6 -17 -9 -15 -5 -16 -8 -16 -10 -18 -6 -14 -7 -16 -6 -16 -8 -13 -11 -16 -12 -16 -12 -13 -12 -16 -9 -14 -12 -17 -11 -16 -10 -17 -13 -14 -9 -15 -11 -13 0 -2 0 0 0 0 0 0 0 0 ]
CSI_DATA,AP,68:FE:71:12:53:8C,-49,11,1,2,1,1,1,1,0,0,0,-94,1,6,1,31768671,0,84,0,0,31.769,384,[84 -64 4 0 0 0 0 0 0 0 0 0 13 -12 14 -14 15 -12 18 -11 14 -10 15 -11 13 -13 15 -9 15 -10 16 -9 19 -10 15 -11 15 -11 14 -9 17 -7 16 -9 17 -9 14 -8 15 -9 13 -7 13 -9 14 -10 14 -6 16 -5 17 -7 13 -9 2 -1 15 -6 14 -8 15 -10 14 -8 11 -9 14 -9 12 -9 13 -11 13 -9 8 -8 11 -10 11 -8 9 -10 12 -10 11 -12 12 -10 13 -14 9 -11 9 -12 10 -12 10 -11 8 -14 8 -14 10 -14 8 -13 9 -13 2 1 0 0 0 0 0 0 0 0 ]
CSI_DATA,AP,68:FE:71:12:53:8C,-48,11,1,3,1,1,1,0,0,0,0,-96,0,6,1,31864724,0,84,0,0,31.865,384,[84 -64 4 0 0 0 0 0 0 0 0 0 -16 14 -16 11 -16 12 -21 14 -17 12 -18 10 -19 9 -20 7 -18 7 -20 9 -21 9 -19 9 -20 9 -21 7 -20 6 -22 7 -19 4 -19 6 -20 5 -18 3 -15 3 -16 5 -18 7 -19 8 -16 5 -17 6 -1 2 -18 4 -18 7 -15 7 -13 5 -18 7 -18 9 -16 5 -13 6 -16 8 -13 7 -12 8 -14 8 -13 7 -13 8 -12 7 -15 12 -13 11 -14 12 -11 10 -13 13 -14 13 -14 9 -15 14 -14 11 -15 10 -14 14 0 2 0 0 0 0 0 0 0 0 ]
CSI_DATA,AP,68:FE:71:12:53:8C,-42,11,1,6,1,1,1,0,0,0,0,-94,0,6,1,31961194,0,84,0,0,31.961,384,[84 -64 4 0 0 0 0 0 0 0 0 0 6 -3 6 -3 9 -1 11 -2 9 -4 10 -2 8 0 6 0 10 1 10 -1 9 -1 6 -1 7 1 10 -3 8 0 10 -2 8 -1 5 -2 8 2 9 2 7 3 6 0 7 1 5 0 8 0 5 -2 1 2 7 -2 5 -2 7 -3 7 -3 8 1 8 -2 4 -3 8 1 6 -1 4 0 7 -2 8 0 7 -4 7 -2 7 -1 7 -2 6 -3 3 -2 7 -1 7 -5 5 -3 4 -4 4 -2 6 -3 5 -6 4 -3 -2 2 0 0 0 0 0 0 0 0 ]
CSI_DATA,AP,68:FE:71:12:53:8C,-45,11,1,3,1,1,1,0,0,0,0,-94,0,6,1,32044858,0,84,0,0,32.045,384,[84 -64 4 0 0 0 0 0 0 0 0 0 -17 -10 -16 -6 -17 -10 -17 -7 -15 -12 -13 -10 -15 -9 -13 -11 -14 -11 -14 -11 -12 -11 -14 -13 -12 -12 -12 -14 -10 -10 -15 -14 -14 -9 -14 -9 -10 -11 -10 -13 -12 -11 -11 -10 -12 -11 -10 -10 -10 -10 -13 -11 -1 -2 -9 -9 -12 -10 -10 -10 -12 -7 -11 -7 -10 -9 -13 -10 -12 -10 -14 -7 -14 -7 -14 -6 -12 -7 -14 -6 -14 -8 -13 -6 -14 -6 -13 -8 -13 -8 -15 -7 -14 -4 -15 -7 -13 -5 -15 -8 -13 -3 -13 -5 -12 -2 1 -1 0 0 0 0 0 0 0 0 ]
CSI_DATA,AP,68:FE:71:12:53:8C,-41,11,1,4,1,1,1,1,0,0,0,-96,2,6,1,32136421,0,84,0,0,32.136,384,[84 -64 4 0 0 0 0 0 0 0 0 0 14 -7 17 -6 18 -9 16 -4 15 -3 16 -3 20 -3 17 -3 18 -1 17 -5 18 -3 17 -5 16 -3 14 -4 15 -2 19 -2 19 -2 15 -3 13 0 18 1 13 -2 17 2 14 -2 16 0 17 -1 16 -2 2 -1 17 1 12 -1 15 -4 16 -3 13 -1 12 0 15 -4 16 -5 12 -2 13 -1 13 -6 14 -2 15 -4 12 -3 14 -3 15 -6 15 -6 11 -5 12 -3 12 -5 14 -4 11 -8 15 -8 12 -6 12 -8 13 -6 1 0 0 0 0 0 0 0 0 0 ]
CSI_DATA,AP,68:FE:71:12:53:8C,-45,11,1,3,1,1,1,0,0,0,0,-96,0,6,1,32233792,0,82,0,0,32.234,384,[84 -64 4 0 0 0 0 0 0 0 0 0 1 -20 0 -17 0 -19 -1 -19 1 -17 2 -16 5 -19 1 -18 2 -15 5 -15 3 -17 6 -16 4 -18 3 -17 4 -18 3 -19 5 -16 4 -14 4 -15 5 -14 6 -16 7 -15 3 -15 5 -16 5 -18 4 -15 0 1 4 -14 1 -17 2 -17 3 -14 4 -12 4 -16 3 -13 4 -13 2 -12 1 -12 -2 -17 -1 -14 2 -14 -2 -16 2 -16 -1 -17 -3 -14 -1 -13 -2 -15 -2 -15 0 -15 -2 -13 -4 -14 -5 -13 -3 -14 -5 -12 2 1 0 0 0 0 0 0 0 0 ]
CSI_DATA,AP,68:FE:71:12:53:8C,-43,11,1,4,1,1,1,0,0,0,0,-95,0,6,1,32342698,0,84,0,0,32.343,384,[84 -64 4 0 0 0 0 0 0 0 0 0 -3 -6 -5 -9 -4 -10 0 -11 -4 -11 0 -10 0 -9 -3 -7 0 -10 -1 -7 0 -11 -3 -10 1 -9 2 -10 1 -10 -2 -9 0 -10 0 -10 -1 -7 1 -8 1 -10 -1 -11 -2 -9 -2 -8 -2 -8 -2 -10 1 0 -3 -5 -1 -10 -1 -9 -1 -7 -2 -8 -3 -6 -2 -6 -1 -9 -1 -9 -2 -8 -3 -10 -4 -7 -1 -7 -3 -6 -3 -8 -1 -8 -2 -10 -3 -6 -1 -6 -1 -5 -1 -7 -2 -8 -5 -9 -3 -6 -3 -5 -5 -6 0 0 0 0 0 0 0 0 0 0 ]
CSI_DATA,AP,68:FE:71:12:53:8C,-44,11,1,4,1,1,1,0,0,0,0,-95,0,6,1,32433962,0,84,0,0,32.434,384,[84 -64 4 0 0 0 0 0 0 0 0 0 19 3 20 4 19 1 24 6 20 6 21 7 20 4 20 8 20 6 18 7 19 8 17 10 21 7 20 11 15 6 18 7 19 8 17 10 15 6 14 7 15 11 15 6 16 8 14 10 14 7 13 10 -2 2 16 8 17 6 18 8 16 5 14 7 16 3 17 6 14 3 15 5 13 4 14 5 12 4 14 1 14 4 13 3 15 5 18 0 14 1 17 3 16 -1 17 1 13 2 15 0 15 -2 14 -2 13 -3 -1 -2 0 0 0 0 0 0 0 0 ]
CSI_DATA,AP,68:FE:71:12:53:8C,-44,11,1,5,1,1,1,0,0,0,0,-93,0,6,1,32551660,0,84,0,0,32.552,384,[84 -64 4 0 0 0 0 0 0 0 0 0 -11 1 -9 1 -11 1 -9 3 -12 0 -8 0 -11 0 -9 -1 -8 -2 -10 -1 -9 2 -7 -2 -8 1 -9 -2 -8 0 -10 2 -6 1 -8 -1 -8 1 -6 0 -7 -2 -7 0 -4 1 -5 2 -7 2 -8 3 0 2 -7 3 -5 3 -5 3 -4 1 -8 4 -5 3 -5 4 -5 4 -7 3 -7 3 -6 3 -7 2 -6 3 -5 2 -6 5 -5 5 -6 3 -4 2 -5 2 -7 2 -7 6 -6 4 -2 6 -5 3 -4 5 -2 7 -1 1 0 0 0 0 0 0 0 0 ]
CSI_DATA,AP,68:FE:71:12:53:8C,-44,11,1,3,1,1,1,0,0,0,0,-94,0,6,1,32650944,0,84,0,0,32.651,384,[84 -64 4 0 0 0 0 0 0 0 0 0 -24 31 -29 26 -25 31 -29 25 -27 26 -26 20 -30 23 -22 15 -28 19 -24 17 -28 16 -27 17 -24 14 -26 17 -22 14 -26 13 -20 11 -20 15 -17 11 -22 13 -15 14 -19 12 -18 13 -15 12 -15 12 -18 17 1 -2 -12 16 -15 13 -15 14 -15 16 -9 19 -14 18 -12 14 -9 19 -11 12 -12 11 -8 17 -10 21 -10 17 -7 18 -8 21 -7 23 -7 22 -7 20 -6 23 -6 20 -7 20 -8 25 -3 23 -6 25 -6 22 -6 25 -2 1 0 0 0 0 0 0 0 0 ]
CSI_DATA,AP,68:FE:71:12:53:8C,-50,11,1,2,1,1,1,0,0,0,0,-95,0,6,1,32780420,0,84,0,0,32.78,384,[84 -64 4 0 0 0 0 0 0 0 0 0 20 -7 20 -8 24 -3 21 -5 20 -3 20 -2 18 -2 18 -2 17 -2 15 2 17 1 17 1 19 0 16 -2 13 3 17 -1 16 -2 13 1 11 0 12 1 14 2 13 0 10 1 10 -3 12 -2 13 -5 1 0 9 -4 9 0 12 -5 11 -4 9 -1 8 -4 10 -4 9 -5 10 -2 8 -6 9 -7 5 -7 7 -9 7 -8 5 -4 8 -5 10 -5 5 -9 8 -8 4 -10 8 -10 8 -7 7 -10 4 -9 7 -10 5 -8 0 -2 0 0 0 0 0 0 0 0 ]
CSI_DATA,AP,68:FE:71:12:53:8C,-46,11,1,4,1,1,1,0,0,0,0,-94,0,6,1,32856229,0,84,0,0,32.856,384,[84 -64 4 0 0 0 0 0 0 0 0 0 18 23 20 23 17 26 17 26 15 26 11 25 12 28 13 26 11 25 9 25 13 23 13 22 9 25 8 22 8 23 9 22 9 22 7 17 8 16 8 16 8 18 7 14 7 13 8 16 7 16 10 13 2 -1 7 11 10 14 7 10 7 10 7 11 9 10 11 8 12 6 8 7 10 5 11 9 10 4 13 6 9 7 12 4 14 7 12 5 12 3 10 5 9 2 12 1 13 1 11 0 13 -2 10 0 10 0 2 -1 0 0 0 0 0 0 0 0 ]
CSI_DATA,AP,68:FE:71:12:53:8C,-48,11,1,3,1,1,1,0,0,0,0,-95,0,6,1,32961019,0,84,0,0,32.961,384,[84 -64 4 0 0 0 0 0 0 0 0 0 -14 15 -11 15 -14 16 -17 15 -14 13 -13 9 -14 11 -13 12 -14 11 -16 11 -13 8 -14 9 -12 8 -17 9 -16 10 -16 12 -12 9 -15 9 -15 10 -11 9 -12 10 -11 8 -14 8 -10 7 -10 9 -10 8 -1 1 -11 8 -12 10 -13 8 -10 12 -12 10 -13 11 -13 8 -10 9 -8 9 -8 8 -12 14 -11 10 -11 10 -8 11 -7 12 -10 14 -8 15 -7 13 -10 12 -9 11 -11 10 -7 13 -11 11 -8 14 -7 14 -6 11 2 2 0 0 0 0 0 0 0 0 ]
CSI_DATA,AP,68:FE:71:12:53:8C,-47,11,1,4,1,1,1,0,0,0,0,-95,0,6,1,33076819,0,84,0,0,33.077,384,[84 -64 4 0 0 0 0 0 0 0 0 0 -5 -21 -5 -21 -2 -19 -4 -22 -1 -19 -1 -22 -1 -20 -2 -20 1 -20 1 -19 3 -23 0 -22 0 -22 0 -23 4 -20 0 -22 0 -22 3 -22 2 -18 5 -21 3 -23 1 -23 6 -19 1 -22 1 -21 4 -23 -2 0 4 -20 3 -22 1 -21 -2 -23 1 -21 0 -21 4 -22 3 -21 1 -20 1 -22 -3 -22 1 -20 -1 -23 0 -22 -1 -23 -1 -22 2 -22 -1 -20 -1 -24 -1 -20 1 -22 -3 -21 0 -20 -1 -22 0 -23 0 -21 0 1 0 0 0 0 0 0 0 0 ]
CSI_DATA,AP,68:FE:71:12:53:8C,-44,11,1,5,1,1,1,0,0,0,0,-94,0,6,1,33181890,0,84,0,0,33.182,384,[84 -64 4 0 0 0 0 0 0 0 0 0 12 -18 10 -16 13 -15 13 -15 13 -15 13 -13 13 -14 14 -15 15 -13 15 -13 14 -14 17 -15 18 -15 18 -11 16 -11 14 -10 17 -9 16 -8 16 -10 18 -12 15 -10 15 -8 12 -9 13 -8 15 -13 16 -11 -1 -2 12 -9 15 -8 12 -10 12 -9 11 -8 14 -11 11 -10 13 -11 11 -9 10 -9 11 -11 9 -9 11 -14 9 -12 10 -9 8 -12 10 -11 10 -14 8 -15 7 -15 9 -14 9 -14 9 -16 8 -13 6 -15 6 -11 -2 0 0 0 0 0 0 0 0 0 ]
CSI_DATA,AP,68:FE:71:12:53:8C,-44,11,1,4,1,1,1,0,0,0,0,-95,0,6,1,33302590,0,84,0,0,33.303,384,[84 -64 4 0 0 0 0 0 0 0 0 0 9 -20 7 -18 11 -19 11 -18 10 -23 13 -18 15 -22 13 -18 17 -18 16 -18 14 -21 16 -22 17 -19 18 -20 16 -15 21 -19 16 -18 15 -17 18 -17 20 -15 16 -17 16 -15 17 -14 18 -16 19 -17 16 -19 0 0 16 -16 18 -16 17 -16 14 -17 12 -18 13 -20 15 -17 16 -16 11 -18 14 -18 13 -20 14 -19 14 -21 12 -21 14 -19 11 -19 15 -19 11 -19 10 -20 12 -22 11 -19 13 -21 13 -20 12 -21 6 -19 7 -23 2 2 0 0 0 0 0 0 0 0 ]
CSI_DATA,AP,68:FE:71:12:53:8C,-39,11,1,4,1,1,1,0,0,0,0,-93,0,6,1,33428219,0,84,0,0,33.428,384,[84 -64 4 0 0 0 0 0 0 0 0 0 6 -4 8 -3 8 0 11 -4 9 -4 9 -4 9 -4 7 -3 9 -3 10 0 11 -3 11 -2 12 -2 11 1 9 0 9 -2 12 1 7 2 8 1 7 -3 9 1 11 0 7 1 10 -2 11 -1 7 1 1 2 8 1 11 -3 9 0 7 -1 11 -1 6 -1 8 -3 7 -2 6 0 9 -3 7 -3 10 -1 8 -1 9 -2 8 -2 8 0 10 -5 6 -4 10 -4 5 -4 10 -3 9 -2 5 -6 6 -5 8 -7 6 -5 -1 -1 0 0 0 0 0 0 0 0 ]
CSI_DATA,AP,68:FE:71:12:53:8C,-43,11,1,4,1,1,1,1,0,0,0,-94,3,6,1,33517202,0,84,0,0,33.517,384,[84 -64 4 0 0 0 0 0 0 0 0 0 8 -7 8 -10 10 -7 11 -7 14 -7 9 -6 12 -6 12 -7 13 -8 13 -10 10 -6 13 -10 15 -7 12 -5 13 -4 15 -9 13 -7 13 -8 11 -4 14 -4 14 -8 15 -3 10 -7 14 -5 14 -8 15 -6 0 0 12 -5 15 -7 12 -4 11 -5 11 -4 14 -8 13 -4 13 -8 10 -4 9 -6 14 -6 11 -8 10 -6 10 -6 12 -5 10 -9 12 -5 12 -9 9 -5 14 -10 10 -7 12 -6 11 -5 14 -8 11 -6 13 -8 -2 2 0 0 0 0 0 0 0 0 ]
CSI_DATA,AP,68:FE:71:12:53:8C,-48,11,1,3,1,1,1,0,0,0,0,-94,0,6,1,33605290,0,84,0,0,33.605,384,[84 -64 4 0 0 0 0 0 0 0 0 0 -2 -20 -2 -20 -3 -22 -2 -22 -3 -21 -1 -20 0 -20 -1 -21 1 -23 2 -22 3 -20 2 -20 3 -19 4 -21 4 -21 -1 -20 4 -18 1 -21 0 -19 1 -19 3 -17 1 -20 1 -16 4 -17 5 -16 2 -17 2 0 1 -17 0 -19 1 -17 -4 -16 -3 -17 0 -18 -1 -18 -1 -17 -2 -14 -1 -14 -3 -16 -5 -16 -1 -14 -5 -13 -5 -18 -3 -17 -7 -17 -6 -13 -7 -16 -8 -17 -4 -14 -6 -17 -6 -15 -5 -16 -4 -16 -7 -16 -2 -2 0 0 0 0 0 0 0 0 ]
CSI_DATA,AP,68:FE:71:12:53:8C,-48,11,1,4,1,1,1,0,0,0,0,-93,0,6,1,33702632,0,84,0,0,33.703,384,[37 80 2 0 0 0 0 0 0 0 0 0 9 31 8 30 3 33 6 33 1 33 2 32 3 30 -1 32 -1 33 -2 28 0 30 0 31 0 32 -3 28 -2 29 -2 31 -3 31 -1 28 -4 28 -1 25 -5 26 0 24 -3 26 -3 26 -1 27 -1 25 1 -2 -1 25 0 25 1 25 1 26 4 26 2 26 3 23 4 23 5 26 4 21 4 25 7 23 8 25 5 25 4 24 6 25 4 23 7 24 4 25 5 22 7 22 8 23 7 25 10 22 11 22 11 24 -2 -2 0 0 0 0 0 0 0 0 ]
CSI_DATA,AP,68:FE:71:12:53:8C,-44,11,1,4,1,1,1,0,0,0,0,-95,0,6,1,33767621,0,84,0,0,33.768,384,[84 -64 4 0 0 0 0 0 0 0 0 0 16 7 20 8 19 11 17 13 16 11 20 11 17 14 16 14 15 15 13 12 16 13 16 12 15 11 12 15 12 15 13 11 12 15 13 14 15 15 11 12 11 12 13 11 9 12 12 11 10 11 10 13 -2 1 14 9 13 8 12 13 12 11 11 10 14 10 12 12 13 7 13 7 10 9 13 11 11 10 12 7 13 9 12 6 13 8 16 8 17 8 12 6 15 4 13 6 12 8 15 6 15 8 16 3 15 7 0 -1 0 0 0 0 0 0 0 0 ]
CSI_DATA,AP,68:FE:71:12:53:8C,-42,11,1,4,1,1,1,0,0,0,0,-94,0,6,1,33875104,0,84,0,0,33.875,384,[84 -64 4 0 0 0 0 0 0 0 0 0 18 10 15 9 18 11 19 13 16 13 15 13 16 13 13 11 12 9 12 13 12 13 11 14 12 11 11 11 12 12 13 14 11 14 12 10 13 13 11 13 9 12 10 11 9 11 13 13 13 11 9 10 -2 -2 12 12 9 11 10 12 11 8 10 8 9 9 12 9 9 10 11 7 11 8 11 7 9 9 13 8 13 10 12 9 15 9 15 7 15 4 11 4 12 7 14 8 13 8 16 6 15 4 15 3 14 3 2 -2 0 0 0 0 0 0 0 0 ]
CSI_DATA,AP,68:FE:71:12:53:8C,-44,11,1,5,1,1,1,1,0,0,0,-94,5,6,1,33976777,0,84,0,0,33.977,384,[37 80 2 0 0 0 0 0 0 0 0 0 27 13 24 14 28 15 27 15 26 17 24 15 23 16 23 15 21 19 21 19 24 20 22 18 21 21 22 17 20 16 20 20 21 19 21 15 19 17 18 15 19 16 20 14 17 17 20 17 21 18 18 16 -1 1 19 15 16 15 21 12 21 13 21 10 18 10 19 13 18 10 18 10 18 13 21 12 17 10 20 7 22 9 21 8 19 8 24 9 22 8 20 7 20 8 19 8 19 5 19 7 24 5 20 5 22 5 0 0 0 0 0 0 0 0 0 0 ]
CSI_DATA,AP,68:FE:71:12:53:8C,-45,11,1,5,1,1,1,0,0,0,0,-95,0,6,1,34097496,0,84,0,0,34.097,384,[84 -64 4 0 0 0 0 0 0 0 0 0 -28 16 -28 12 -30 16 -30 11 -31 10 -26 9 -28 9 -27 9 -29 10 -29 8 -30 7 -32 6 -31 6 -27 6 -29 8 -30 9 -27 5 -24 7 -26 4 -25 4 -25 6 -29 3 -23 6 -23 8 -25 5 -25 5 -1 2 -23 6 -25 7 -24 10 -26 8 -23 6 -23 9 -25 10 -25 10 -23 11 -24 11 -23 9 -20 9 -23 13 -23 10 -20 13 -24 10 -24 14 -23 14 -22 12 -23 15 -22 14 -21 11 -19 12 -23 17 -18 14 -18 14 0 1 0 0 0 0 0 0 0 0 ]
CSI_DATA,AP,68:FE:71:12:53:8C,-50,11,1,3,1,1,1,0,0,0,0,-95,0,6,1,34238164,0,84,0,0,34.238,384,[84 -64 4 0 0 0 0 0 0 0 0 0 19 7 17 6 18 8 19 11 18 12 18 12 17 14 13 11 14 11 16 12 13 14 14 13 15 11 15 14 13 11 14 12 11 14 13 9 11 11 14 14 14 12 12 10 10 12 10 10 12 9 12 9 0 1 12 8 10 11 11 11 10 11 11 7 14 10 13 10 15 7 14 9 13 8 12 6 13 5 11 5 15 9 12 6 14 9 15 7 15 4 13 5 16 5 15 7 16 8 16 6 13 4 14 6 14 2 0 2 0 0 0 0 0 0 0 0 ]
CSI_DATA,AP,68:FE:71:12:53:8C,-48,11,1,4,1,1,1,1,0,0,0,-94,1,6,1,34351206,0,84,0,0,34.351,384,[84 -64 4 0 0 0 0 0 0 0 0 0 1 19 -2 19 -2 19 0 20 -3 20 -3 20 -5 16 -3 15 -6 16 -2 15 -5 19 -4 15 -7 17 -6 17 -3 14 -4 14 -8 13 -4 16 -7 15 -6 12 -6 14 -6 16 -5 13 -5 15 -4 16 -4 13 2 0 -6 15 -2 13 -2 13 -3 13 -6 15 -5 16 -3 14 -2 13 -4 12 -4 14 -2 13 1 15 0 12 -3 13 0 12 0 13 -1 17 -2 11 -1 13 2 13 2 12 1 12 1 16 -1 14 3 15 2 15 0 -1 0 0 0 0 0 0 0 0 ]
CSI_DATA,AP,68:FE:71:12:53:8C,-41,11,1,4,1,1,1,0,0,0,0,-96,0,6,1,34462048,0,84,0,0,34.462,384,[84 -64 4 0 0 0 0 0 0 0 0 0 -9 17 -7 19 -12 17 -11 19 -10 17 -10 17 -12 13 -10 14 -12 17 -15 16 -12 14 -11 11 -13 15 -13 15 -11 11 -15 12 -12 13 -12 10 -13 10 -12 14 -12 12 -13 12 -11 13 -11 12 -11 14 -11 12 1 1 -9 12 -12 11 -10 10 -11 13 -10 12 -9 15 -12 11 -11 12 -6 10 -9 13 -10 15 -10 12 -10 13 -8 15 -8 15 -9 12 -5 12 -6 15 -7 14 -7 13 -3 12 -5 15 -6 16 -3 16 -4 13 -6 13 -2 2 0 0 0 0 0 0 0 0 ]
CSI_DATA,AP,68:FE:71:12:53:8C,-40,11,1,5,1,1,1,0,0,0,0,-94,0,6,1,34549372,0,84,0,0,34.549,384,[84 -64 4 0 0 0 0 0 0 0 0 0 18 2 19 2 23 0 23 5 22 2 19 3 20 3 17 5 17 7 20 6 17 4 20 4 19 6 19 8 20 5 19 8 17 8 15 8 16 7 19 4 17 6 16 6 14 4 14 6 18 7 14 7 -2 2 16 3 16 4 16 4 15 3 15 3 17 4 15 6 15 5 17 2 13 3 17 2 17 3 17 2 18 2 14 0 17 0 19 2 17 -1 15 2 18 -3 19 0 14 1 15 1 15 -2 15 -4 14 0 -1 1 0 0 0 0 0 0 0 0 ]
CSI_DATA,AP,68:FE:71:12:53:8C,-48,11,1,5,1,1,1,0,0,0,0,-95,0,6,1,34659587,0,84,0,0,34.66,384,[84 -64 4 0 0 0 0 0 0 0 0 0 -18 -7 -20 -9 -21 -9 -18 -8 -17 -10 -15 -11 -19 -13 -15 -12 -15 -11 -16 -10 -16 -12 -15 -11 -18 -13 -14 -11 -13 -10 -16 -12 -14 -13 -13 -10 -12 -10 -13 -14 -13 -12 -14 -13 -15 -12 -13 -12 -12 -13 -15 -9 -2 1 -12 -8 -11 -9 -13 -10 -15 -10 -12 -9 -14 -11 -14 -7 -14 -7 -15 -10 -13 -6 -12 -9 -12 -8 -16 -8 -14 -9 -15 -7 -17 -8 -17 -7 -13 -7 -17 -4 -17 -6 -13 -4 -13 -4 -16 -6 -14 -6 -13 -5 -14 -4 0 1 0 0 0 0 0 0 0 0 ]
CSI_DATA,AP,68:FE:71:12:53:8C,-48,11,1,5,1,1,1,0,0,0,0,-94,0,6,1,34764292,0,84,0,0,34.764,384,[84 -64 4 0 0 0 0 0 0 0 0 0 15 -4 19 -4 16 -3 18 -4 18 -5 17 -2 17 -4 15 -2 19 0 18 -2 17 -3 17 1 16 0 19 1 16 1 18 2 16 -1 15 2 17 1 13 -1 15 0 17 1 16 -2 17 2 15 2 13 -3 2 0 12 0 13 -2 13 -1 15 -1 16 -2 14 -4 11 -1 12 -1 14 -1 11 -4 12 -4 16 -5 14 -3 13 -5 13 -2 14 -4 13 -3 13 -7 13 -5 13 -4 14 -6 15 -5 13 -5 13 -6 12 -7 12 -7 -2 2 0 0 0 0 0 0 0 0 ]
CSI_DATA,AP,68:FE:71:12:53:8C,-49,11,1,2,1,1,1,0,0,0,0,-96,0,6,1,34840993,0,84,0,0,34.841,384,[84 -64 4 0 0 0 0 0 0 0 0 0 6 5 4 6 4 8 7 6 8 5 7 7 3 8 3 6 4 5 4 8 3 8 4 10 4 10 3 6 3 6 3 10 6 6 4 6 2 10 4 7 3 9 2 7 2 5 1 6 2 8 6 9 2 2 1 8 6 7 5 7 3 4 3 4 4 6 6 4 5 5 4 6 4 5 5 6 3 7 3 3 7 6 5 5 7 3 3 5 6 2 3 4 5 5 3 3 7 5 7 5 4 2 4 6 4 3 0 0 0 0 0 0 0 0 0 0 ]
CSI_DATA,AP,68:FE:71:12:53:8C,-50,11,1,2,1,1,1,0,0,0,0,-94,0,6,1,34939975,0,84,0,0,34.94,384,[84 -64 4 0 0 0 0 0 0 0 0 0 -21 -6 -20 -4 -19 -7 -19 -6 -22 -7 -21 -6 -18 -9 -17 -11 -17 -11 -19 -10 -16 -12 -15 -8 -16 -9 -19 -12 -16 -11 -19 -8 -18 -10 -17 -9 -16 -12 -14 -11 -15 -11 -17 -11 -15 -11 -13 -10 -16 -8 -16 -7 -1 -1 -15 -10 -16 -9 -14 -9 -17 -8 -13 -8 -13 -8 -15 -6 -15 -6 -14 -8 -14 -4 -15 -4 -15 -5 -16 -3 -13 -5 -16 -7 -19 -3 -15 -4 -18 -2 -17 -3 -17 -2 -15 -5 -15 -4 -19 -4 -19 -2 -18 -4 -14 -3 0 -1 0 0 0 0 0 0 0 0 ]
CSI_DATA,AP,68:FE:71:12:53:8C,-45,11,1,3,1,1,1,0,0,0,1,-95,0,6,1,35017981,0,84,0,0,35.018,384,[84 -64 4 0 0 0 0 0 0 0 0 0 18 -10 19 -10 18 -9 21 -6 17 -4 18 -5 21 -6 17 -5 20 -2 17 -3 20 -2 17 -6 17 -2 19 -4 20 -2 18 -3 17 0 17 -4 19 0 18 -3 18 0 16 -1 17 -3 15 -1 17 -2 17 -5 -2 -2 18 -1 14 -5 14 -3 18 -2 13 -4 18 -5 15 -4 15 -6 15 -5 13 -7 12 -7 15 -7 12 -5 13 -5 14 -3 14 -6 13 -5 14 -6 14 -7 14 -7 14 -5 14 -5 14 -10 12 -9 14 -8 12 -8 1 1 0 0 0 0 0 0 0 0 ]
CSI_DATA,AP,68:FE:71:12:53:8C,-46,11,1,5,1,1,1,0,0,0,0,-93,0,6,1,35106191,0,84,0,0,35.106,384,[84 -64 4 0 0 0 0 0 0 0 0 0 -13 17 -11 14 -16 16 -13 13 -15 12 -14 13 -13 13 -13 9 -17 13 -18 10 -16 13 -15 13 -15 13 -15 11 -18 11 -15 12 -14 10 -16 11 -14 8 -15 10 -17 9 -17 7 -16 8 -12 10 -16 7 -15 8 1 -2 -15 11 -13 10 -12 9 -12 12 -11 10 -14 9 -12 10 -14 8 -14 8 -10 11 -9 10 -12 9 -9 11 -8 10 -12 13 -12 11 -9 12 -9 14 -11 13 -8 11 -8 11 -7 14 -10 12 -7 14 -7 15 -7 14 -1 0 0 0 0 0 0 0 0 0 ]
CSI_DATA,AP,68:FE:71:12:53:8C,-45,11,1,5,1,1,1,0,0,0,1,-93,0,6,1,35199165,0,84,0,0,35.199,384,[84 -64 4 0 0 0 0 0 0 0 0 0 12 16 12 14 9 18 10 15 10 18 10 19 11 16 8 18 6 17 6 17 8 18 9 18 7 20 8 19 8 18 5 17 5 19 4 15 5 19 4 15 3 16 4 18 7 14 5 15 8 14 4 15 -2 2 6 17 8 13 5 17 6 12 8 14 8 14 9 15 8 14 7 13 8 14 7 12 10 11 10 13 11 11 9 13 11 11 12 11 11 12 13 12 12 11 9 9 13 10 14 9 13 8 12 7 13 10 -1 2 0 0 0 0 0 0 0 0 ]
CSI_DATA,AP,68:FE:71:12:53:8C,-47,11,1,3,1,1,1,1,0,0,1,-94,6,6,1,35324654,0,84,0,0,35.325,384,[84 -64 4 0 0 0 0 0 0 0 0 0 0 -19 3 -17 1 -18 2 -17 2 -17 4 -19 6 -15 7 -15 4 -18 6 -17 4 -15 6 -17 6 -19 5 -15 5 -18 6 -14 6 -17 6 -13 7 -13 6 -14 5 -16 4 -15 5 -13 7 -15 7 -15 7 -12 1 2 4 -12 5 -14 5 -13 3 -16 3 -14 6 -14 2 -16 2 -16 2 -15 4 -14 3 -16 1 -16 1 -13 0 -12 2 -14 1 -16 3 -16 1 -17 3 -16 -1 -17 1 -14 0 -15 -1 -14 0 -15 -2 -14 0 -13 -1 -2 0 0 0 0 0 0 0 0 ]
CSI_DATA,AP,68:FE:71:12:53:8C,-50,11,1,3,1,1,1,1,0,0,1,-94,4,6,1,35413356,0,84,0,0,35.413,384,[84 -64 4 0 0 0 0 0 0 0 0 0 0 18 -1 18 -2 23 -3 22 -3 20 -2 21 -3 20 -6 21 -3 21 -5 21 -7 20 -7 22 -5 21 -8 17 -4 17 -5 18 -8 17 -8 19 -5 18 -8 16 -7 15 -6 18 -5 16 -6 19 -8 16 -4 14 -2 -1 -5 16 -8 15 -6 18 -6 17 -3 16 -6 16 -6 17 -4 16 -5 15 -4 17 -1 18 -2 15 -2 16 -3 17 -1 16 -2 15 -2 17 0 16 -2 16 1 17 -2 16 0 18 0 15 -1 19 -1 15 0 17 -2 1 0 0 0 0 0 0 0 0 ]
CSI_DATA,AP,68:FE:71:12:53:8C,-47,11,1,4,1,1,1,0,0,0,0,-93,0,6,1,35502259,0,84,0,0,35.502,384,[84 -64 4 0 0 0 0 0 0 0 0 0 14 12 17 10 15 14 16 10 17 13 14 13 12 12 14 12 15 14 11 15 14 17 11 15 10 16 11 14 9 16 13 16 13 14 13 14 13 11 9 14 11 14 13 11 11 15 8 11 12 11 9 10 2 -2 12 13 11 12 13 10 13 11 11 11 13 13 9 12 11 10 11 11 11 11 10 11 12 7 14 9 11 10 12 8 15 6 12 10 12 6 13 4 14 8 14 8 15 5 15 6 13 7 16 8 13 6 2 2 0 0 0 0 0 0 0 0 ]
CSI_DATA,AP,68:FE:71:12:53:8C,-49,11,1,3,1,1,1,0,0,0,0,-94,0,6,1,35581277,0,84,0,0,35.581,384,[84 -64 4 0 0 0 0 0 0 0 0 0 -5 18 -5 17 -5 18 -7 17 -6 20 -7 17 -9 20 -7 18 -7 16 -6 18 -8 17 -7 18 -6 15 -7 18 -9 18 -8 17 -7 16 -8 15 -8 18 -7 16 -7 17 -7 16 -10 17 -8 14 -9 13 -7 17 0 1 -5 17 -6 18 -4 16 -4 15 -8 12 -6 13 -4 13 -7 14 -6 16 -5 16 -5 15 -2 16 -3 16 -5 14 -1 14 -3 16 -1 17 -2 17 -1 18 -2 17 -2 17 -3 16 -2 17 -1 17 2 16 -1 17 2 1 0 0 0 0 0 0 0 0 ]
CSI_DATA,AP,68:FE:71:12:53:8C,-46,11,1,3,1,1,1,0,0,0,1,-94,0,6,1,35686258,0,84,0,0,35.686,384,[84 -64 4 0 0 0 0 0 0 0 0 0 13 -18 11 -18 12 -19 12 -15 11 -15 12 -17 12 -14 14 -13 13 -13 15 -15 13 -12 16 -16 17 -14 14 -13 14 -11 15 -10 13 -13 12 -12 12 -13 13 -11 13 -10 13 -11 13 -9 14 -12 14 -10 14 -12 1 1 14 -9 10 -13 12 -10 11 -11 9 -11 13 -10 14 -12 13 -12 12 -13 9 -12 7 -15 10 -14 11 -14 8 -14 8 -12 9 -16 7 -15 8 -12 11 -16 9 -13 7 -16 8 -13 8 -17 9 -15 6 -13 9 -17 2 0 0 0 0 0 0 0 0 0 ]
CSI_DATA,AP,68:FE:71:12:53:8C,-45,11,1,5,1,1,1,0,0,0,0,-95,0,6,1,35758149,0,84,0,0,35.758,384,[84 -64 4 0 0 0 0 0 0 0 0 0 -2 19 -1 22 -4 19 -4 21 -5 18 -3 18 -6 17 -4 17 -5 19 -8 18 -7 19 -9 19 -5 18 -10 17 -6 15 -6 18 -8 15 -5 14 -7 14 -9 15 -7 16 -6 16 -6 16 -5 16 -9 17 -4 17 0 -1 -8 16 -7 14 -7 17 -4 15 -6 14 -5 17 -7 17 -6 16 -6 15 -2 15 -5 15 -3 17 -1 16 0 16 -5 15 0 16 -4 16 0 15 1 13 -1 13 1 16 -1 14 0 16 3 16 -1 17 2 15 0 1 0 0 0 0 0 0 0 0 ]
CSI_DATA,AP,68:FE:71:12:53:8C,-48,11,1,3,1,1,1,0,0,0,0,-96,0,6,1,35874485,0,84,0,0,35.874,384,[84 -64 4 0 0 0 0 0 0 0 0 0 -21 -10 -18 -10 -19 -11 -18 -11 -21 -12 -15 -13 -15 -12 -18 -12 -16 -12 -15 -14 -17 -17 -15 -17 -16 -15 -14 -15 -15 -14 -16 -16 -14 -14 -12 -15 -13 -16 -14 -16 -13 -12 -14 -16 -13 -13 -12 -14 -15 -12 -14 -11 -1 -2 -12 -10 -15 -14 -14 -13 -12 -11 -13 -13 -15 -14 -14 -13 -11 -11 -15 -9 -12 -10 -17 -11 -12 -11 -13 -11 -12 -9 -16 -9 -17 -11 -16 -7 -13 -7 -15 -10 -17 -7 -14 -9 -17 -8 -18 -6 -15 -6 -14 -8 -16 -5 -1 0 0 0 0 0 0 0 0 0 ]
CSI_DATA,AP,68:FE:71:12:53:8C,-48,11,1,4,1,1,1,0,0,0,1,-94,0,6,1,35981223,0,84,0,0,35.981,384,[84 -64 4 0 0 0 0 0 0 0 0 0 -20 12 -21 10 -18 9 -22 9 -22 7 -19 8 -23 3 -21 7 -23 6 -21 7 -20 3 -20 7 -24 2 -20 4 -20 3 -23 4 -22 3 -21 4 -22 1 -19 2 -21 4 -17 3 -18 4 -20 2 -21 5 -19 2 2 -1 -19 5 -16 5 -18 6 -16 7 -16 3 -19 3 -18 4 -17 5 -15 4 -15 7 -15 7 -14 9 -14 7 -14 8 -16 5 -15 10 -15 10 -17 6 -15 8 -15 9 -14 10 -17 10 -15 9 -14 11 -14 7 -15 9 0 -2 0 0 0 0 0 0 0 0 ]
CSI_DATA,AP,68:FE:71:12:53:8C,-50,11,1,2,1,1,1,1,0,0,0,-96,4,6,1,36091990,0,84,0,0,36.092,384,[84 -64 4 0 0 0 0 0 0 0 0 0 -12 -18 -11 -18 -9 -21 -11 -21 -9 -20 -7 -23 -7 -23 -6 -19 -3 -20 -3 -20 -2 -23 -3 -24 -5 -23 -5 -24 -5 -20 -3 -25 -3 -21 -3 -19 -2 -19 -3 -20 -1 -20 0 -19 1 -20 -3 -20 -1 -20 0 -18 -1 1 -5 -19 -4 -20 -4 -19 -5 -20 -3 -19 -1 -21 -4 -19 -4 -18 -6 -18 -4 -14 -7 -19 -5 -19 -4 -19 -5 -17 -7 -19 -8 -17 -7 -17 -8 -17 -7 -17 -9 -14 -9 -18 -9 -16 -8 -14 -7 -15 -8 -18 -9 -15 -1 0 0 0 0 0 0 0 0 0 ]
CSI_DATA,AP,68:FE:71:12:53:8C,-49,11,1,2,1,1,1,0,0,0,0,-95,0,6,1,36191247,0,84,0,0,36.191,384,[84 -64 4 0 0 0 0 0 0 0 0 0 20 -5 18 -5 21 -4 23 0 22 -3 19 -1 20 -1 20 3 20 0 18 3 21 5 19 0 19 4 21 3 18 4 19 3 18 5 16 1 16 2 19 3 20 4 17 2 18 6 20 2 21 3 18 1 0 1 18 4 19 2 16 2 16 -1 15 2 18 0 15 2 15 -2 19 1 14 1 15 -1 16 1 15 -1 14 -4 18 -4 20 -4 20 -4 18 -2 18 -1 17 -5 15 -5 14 -5 15 -5 17 -4 17 -5 14 -4 1 2 0 0 0 0 0 0 0 0 ]
CSI_DATA,AP,68:FE:71:12:53:8C,-46,11,1,5,1,1,1,0,0,0,0,-94,0,6,1,36290768,0,84,0,0,36.291,384,[84 -64 4 0 0 0 0 0 0 0 0 0 -9 18 -11 18 -10 18 -13 18 -13 16 -11 17 -13 18 -15 12 -12 13 -15 16 -15 13 -17 16 -16 12 -14 14 -13 12 -13 16 -14 15 -15 10 -14 11 -12 10 -14 13 -14 13 -12 10 -13 10 -14 12 -15 11 -2 1 -11 11 -10 13 -11 12 -9 14 -11 10 -11 13 -11 15 -10 11 -11 14 -9 13 -9 16 -9 15 -10 16 -8 14 -7 13 -9 15 -7 18 -6 16 -5 15 -7 13 -9 15 -7 14 -8 18 -5 17 -6 16 -4 13 0 0 0 0 0 0 0 0 0 0 ]
CSI_DATA,AP,68:FE:71:12:53:8C,-47,11,1,5,1,1,1,0,0,0,0,-95,0,6,1,36388597,0,84,0,0,36.389,384,[84 -64 4 0 0 0 0 0 0 0 0 0 -18 13 -14 13 -17 15 -16 12 -17 12 -19 9 -19 13 -20 8 -18 8 -18 8 -18 13 -21 11 -21 10 -21 12 -18 8 -17 9 -16 7 -15 6 -18 8 -18 8 -15 8 -18 6 -14 8 -15 7 -18 10 -16 10 -2 -2 -17 6 -16 9 -16 8 -13 7 -16 10 -17 8 -14 6 -14 9 -16 10 -13 12 -14 10 -15 10 -10 12 -15 12 -14 10 -12 14 -14 10 -13 13 -12 11 -12 11 -12 14 -10 14 -11 12 -10 13 -10 14 -13 12 2 2 0 0 0 0 0 0 0 0 ]
CSI_DATA,AP,68:FE:71:12:53:8C,-46,11,1,4,1,1,1,0,0,0,0,-93,0,6,1,36494298,0,84,0,0,36.494,384,[84 -64 4 0 0 0 0 0 0 0 0 0 22 3 22 5 21 3 20 4 20 8 22 8 18 10 18 7 17 7 16 9 19 9 21 7 18 7 19 9 19 8 17 9 18 11 14 10 16 8 16 11 16 10 14 7 15 8 17 6 16 11 17 9 2 1 15 8 18 7 17 5 18 6 17 4 15 8 16 7 16 7 14 6 13 4 18 3 15 4 15 3 14 2 16 5 17 1 18 1 18 2 17 4 17 -1 15 3 18 0 19 0 19 0 18 2 16 1 1 0 0 0 0 0 0 0 0 0 ]
CSI_DATA,AP,68:FE:71:12:53:8C,-46,11,1,3,1,1,1,0,0,0,0,-95,0,6,1,36597394,0,84,0,0,36.597,384,[84 -64 4 0 0 0 0 0 0 0 0 0 20 1 21 1 23 0 23 -1 18 1 17 5 17 3 16 3 21 6 20 5 19 4 18 5 17 7 18 3 18 4 19 7 18 3 14 4 17 7 18 6 17 6 17 7 17 3 15 5 19 4 17 6 2 0 17 1 14 5 14 3 16 0 16 1 16 4 14 1 16 3 15 1 17 2 17 1 15 -1 18 -1 13 -2 14 0 18 0 18 -2 13 -1 17 -2 13 -2 16 -4 14 -4 15 -6 18 -4 14 -5 13 -4 -1 -1 0 0 0 0 0 0 0 0 ]
CSI_DATA,AP,68:FE:71:12:53:8C,-46,11,1,4,1,1,1,0,0,0,0,-96,0,6,1,36718188,0,84,0,0,36.718,384,[84 -64 4 0 0 0 0 0 0 0 0 0 -18 -7 -20 -8 -21 -9 -18 -9 -18 -10 -17 -10 -18 -12 -18 -12 -20 -12 -17 -11 -15 -12 -17 -11 -15 -13 -18 -13 -17 -9 -18 -10 -18 -10 -18 -12 -15 -9 -15 -13 -15 -10 -14 -10 -14 -11 -16 -13 -13 -11 -16 -8 1 -2 -13 -11 -16 -11 -17 -7 -14 -6 -12 -6 -14 -9 -17 -6 -16 -6 -13 -8 -16 -5 -15 -4 -14 -6 -17 -3 -16 -6 -16 -6 -17 -4 -19 -5 -15 -1 -18 -5 -17 0 -17 -4 -17 -4 -18 -2 -19 -4 -15 -1 -18 -3 2 1 0 0 0 0 0 0 0 0 ]
CSI_DATA,AP,68:FE:71:12:53:8C,-47,11,1,4,1,1,1,0,0,0,0,-93,0,6,1,36828665,0,84,0,0,36.829,384,[84 -64 4 0 0 0 0 0 0 0 0 0 4 19 5 21 5 21 4 23 2 22 1 17 0 20 -2 19 -2 18 1 21 -4 18 -1 19 -4 21 0 19 -3 18 -4 20 -2 20 -4 15 0 19 -3 17 -2 19 0 18 -3 16 -1 19 -4 20 -1 16 1 -2 -3 15 -3 18 -2 17 -2 18 1 14 1 14 -1 14 0 17 -1 15 3 17 2 15 2 15 4 16 4 16 3 14 2 18 4 16 2 13 2 13 5 13 3 13 5 13 2 18 7 14 2 16 5 16 -2 -1 0 0 0 0 0 0 0 0 ]
CSI_DATA,AP,68:FE:71:12:53:8C,-46,11,1,3,1,1,1,1,0,0,0,-96,5,6,1,36943216,0,82,0,0,36.943,384,[84 -64 4 0 0 0 0 0 0 0 0 0 19 -10 16 -10 20 -13 21 -10 20 -10 18 -6 21 -5 20 -7 20 -8 18 -8 18 -7 17 -5 21 -6 18 -5 16 -3 20 -8 17 -5 18 -4 15 -6 20 -3 20 -2 17 -6 17 -2 18 -5 19 -6 17 -5 2 -2 14 -7 15 -9 14 -5 14 -8 14 -6 15 -6 13 -6 14 -5 14 -5 16 -7 12 -9 14 -10 14 -7 14 -9 15 -9 13 -12 13 -12 12 -12 14 -10 11 -12 11 -12 11 -12 14 -13 12 -14 10 -14 14 -12 0 -1 0 0 0 0 0 0 0 0 ]
CSI_DATA,AP,68:FE:71:12:53:8C,-46,11,1,5,1,1,1,1,0,0,0,-95,3,6,1,37057187,0,84,0,0,37.057,384,[84 -64 4 0 0 0 0 0 0 0 0 0 -19 -6 -20 -5 -21 -8 -20 -9 -19 -8 -18 -10 -20 -13 -18 -14 -17 -11 -17 -14 -17 -10 -19 -13 -15 -11 -17 -12 -16 -12 -17 -15 -15 -12 -16 -12 -14 -12 -17 -12 -14 -14 -13 -10 -12 -12 -13 -14 -16 -13 -17 -9 -2 1 -15 -10 -16 -10 -14 -10 -16 -9 -14 -10 -14 -8 -14 -12 -13 -10 -13 -8 -13 -5 -19 -8 -15 -5 -16 -7 -18 -7 -14 -8 -18 -5 -19 -7 -14 -3 -14 -4 -16 -6 -15 -5 -14 -4 -16 -7 -17 -4 -17 -4 -15 -6 1 -1 0 0 0 0 0 0 0 0 ]
CSI_DATA,AP,68:FE:71:12:53:8C,-45,11,1,3,1,1,1,0,0,0,0,-94,0,6,1,37148100,0,84,0,0,37.148,384,[84 -64 4 0 0 0 0 0 0 0 0 0 16 11 11 13 16 16 17 15 14 18 10 18 11 18 12 14 13 17 12 16 11 16 9 19 8 19 7 20 6 18 8 16 8 18 9 16 5 14 6 15 9 14 10 16 5 13 6 16 9 18 7 15 1 1 9 15 7 16 9 17 10 14 10 12 8 15 7 14 7 15 9 12 10 11 10 13 10 11 11 12 11 9 13 12 13 12 14 13 10 9 14 10 12 8 12 11 9 11 14 10 15 10 10 11 15 9 -1 0 0 0 0 0 0 0 0 0 ]
CSI_DATA,AP,68:FE:71:12:53:8C,-45,11,1,4,1,1,1,0,0,0,0,-95,0,6,1,37264601,0,84,0,0,37.265,384,[84 -64 4 0 0 0 0 0 0 0 0 0 -8 18 -9 20 -11 20 -14 17 -11 15 -15 16 -12 16 -11 15 -12 15 -14 16 -13 16 -12 14 -12 13 -12 15 -12 15 -17 15 -13 12 -11 12 -14 14 -14 12 -16 14 -14 13 -14 10 -13 11 -13 11 -15 11 2 1 -13 12 -10 11 -13 12 -10 13 -12 10 -12 11 -11 10 -9 11 -10 14 -9 12 -8 12 -10 11 -11 16 -9 12 -7 12 -8 15 -6 13 -6 17 -8 17 -5 14 -6 16 -8 15 -4 15 -6 14 -7 13 -4 15 -2 -1 0 0 0 0 0 0 0 0 ]
CSI_DATA,AP,68:FE:71:12:53:8C,-49,11,1,2,1,1,1,0,0,0,1,-96,0,6,1,37353525,0,84,0,0,37.354,384,[84 -64 4 0 0 0 0 0 0 0 0 0 -9 -20 -7 -18 -5 -23 -6 -19 -4 -19 -5 -19 -3 -20 -2 -21 -1 -20 -1 -20 -1 -22 -2 -20 0 -20 -3 -19 -3 -19 2 -19 -1 -17 -1 -19 0 -16 2 -17 1 -19 -2 -19 2 -18 -3 -16 0 -20 1 -17 1 0 2 -16 -3 -19 0 -18 -4 -18 0 -14 -1 -16 -2 -15 -4 -18 -4 -18 -1 -14 -5 -17 -2 -14 -4 -16 -5 -14 -6 -14 -6 -17 -5 -18 -5 -15 -3 -15 -4 -14 -5 -15 -5 -16 -5 -18 -6 -16 -7 -14 -5 -18 0 1 0 0 0 0 0 0 0 0 ]
CSI_DATA,AP,68:FE:71:12:53:8C,-43,11,1,6,1,1,1,1,0,0,0,-95,4,6,1,37459682,0,84,0,0,37.46,384,[84 -64 4 0 0 0 0 0 0 0 0 0 2 19 3 21 2 21 2 20 0 19 1 22 -2 19 -1 17 -3 20 1 19 -3 21 -2 20 -2 18 -1 17 -1 20 -5 18 -5 18 -5 16 -5 20 -1 17 -3 17 -5 17 -2 17 -4 16 -2 17 -2 18 0 2 1 15 1 17 -3 19 1 15 -2 16 -1 19 -2 15 1 16 2 16 0 16 3 14 1 14 3 16 2 13 5 17 3 18 6 16 4 16 5 13 4 15 3 16 4 13 5 13 7 14 3 13 4 16 -2 0 0 0 0 0 0 0 0 0 ]
CSI_DATA,AP,68:FE:71:12:53:8C,-42,11,1,6,1,1,1,0,0,0,0,-96,0,6,1,37556059,0,82,0,0,37.556,384,[84 -64 4 0 0 0 0 0 0 0 0 0 -17 17 -16 16 -16 17 -18 17 -16 15 -19 11 -18 10 -15 10 -18 10 -17 13 -20 10 -19 11 -20 11 -16 13 -18 12 -17 9 -16 9 -14 8 -17 8 -18 7 -16 7 -15 8 -17 10 -16 7 -19 10 -17 11 2 2 -15 8 -14 12 -18 13 -15 10 -13 8 -13 10 -13 13 -11 10 -12 9 -14 9 -11 12 -12 13 -13 13 -11 12 -10 12 -15 15 -12 11 -11 13 -12 12 -12 11 -12 13 -10 15 -12 16 -10 15 -10 13 -7 15 0 1 0 0 0 0 0 0 0 0 ]
CSI_DATA,AP,68:FE:71:12:53:8C,-46,11,1,5,1,1,1,0,0,0,0,-93,0,6,1,37671958,0,84,0,0,37.672,384,[84 -64 4 0 0 0 0 0 0 0 0 0 5 19 4 20 5 18 3 21 5 21 0 21 0 18 3 18 -2 19 0 18 -2 18 -3 22 1 19 -2 20 -4 18 0 20 -3 18 1 19 1 19 -4 19 -3 18 -4 16 -1 15 -1 15 -4 19 -1 17 -1 0 0 18 -2 19 -2 15 1 16 0 17 3 15 -1 15 1 17 1 14 2 15 3 18 4 16 3 18 5 17 1 15 2 18 3 16 6 17 6 17 6 13 4 14 5 16 3 16 5 14 4 16 3 12 -2 -1 0 0 0 0 0 0 0 0 ]
CSI_DATA,AP,68:FE:71:12:53:8C,-43,11,1,6,1,1,1,0,0,0,0,-95,0,6,1,37770368,0,84,0,0,37.77,384,[84 -64 4 0 0 0 0 0 0 0 0 0 -15 -19 -13 -19 -11 -16 -12 -17 -9 -20 -8 -16 -10 -18 -9 -18 -7 -17 -5 -19 -8 -21 -6 -21 -7 -21 -5 -19 -3 -17 -7 -21 -6 -18 -5 -19 -3 -18 -6 -17 -6 -18 -5 -18 -5 -19 -3 -19 -7 -18 -6 -16 0 -1 -4 -14 -5 -17 -7 -15 -9 -16 -6 -18 -9 -17 -7 -16 -5 -16 -9 -16 -10 -14 -10 -13 -7 -16 -11 -16 -9 -12 -10 -14 -9 -17 -10 -17 -10 -15 -11 -16 -10 -10 -9 -17 -13 -13 -10 -12 -14 -15 -9 -11 -12 -10 2 -2 0 0 0 0 0 0 0 0 ]
CSI_DATA,AP,68:FE:71:12:53:8C,-47,11,0,0,0,0,0,0,0,0,0,-94,0,6,1,37869636,0,37,0,0,37.87,128,[84 -64 4 0 0 0 0 0 0 0 0 0 9 15 7 14 10 19 7 19 9 16 6 19 5 17 5 19 5 20 6 17 4 20 3 19 5 19 5 19 3 15 2 17 5 16 5 17 2 16 5 18 4 17 6 14 2 15 5 14 4 15 4 14 -1 1 6 15 3 16 6 17 5 12 5 14 8 16 7 13 8 14 6 15 9 15 10 13 5 15 6 11 6 15 5 11 8 14 6 13 8 12 10 11 7 12 9 12 6 14 7 11 11 11 11 10 8 9 2 0 0 0 0 0 0 0 0 0 ]
CSI_DATA,AP,68:FE:71:12:53:8C,-45,11,0,0,0,0,0,0,0,0,0,-96,0,6,1,37972460,0,37,0,0,37.972,128,[84 -64 4 0 0 0 0 0 0 0 0 0 18 4 20 7 20 4 22 9 19 7 18 7 16 9 18 9 18 11 19 10 19 9 18 9 19 12 15 8 17 11 19 11 15 12 13 9 17 10 14 12 13 13 14 10 12 10 15 9 16 8 16 10 -2 1 17 7 15 10 16 6 15 7 13 7 16 9 13 9 14 6 15 7 12 5 16 3 16 7 13 7 16 6 13 5 15 4 14 3 15 2 14 5 14 4 16 4 14 3 16 1 18 0 18 4 14 2 0 2 0 0 0 0 0 0 0 0 ]
CSI_DATA,AP,68:FE:71:12:53:8C,-46,11,1,3,1,1,1,0,0,0,0,-94,0,6,1,38098257,0,84,0,0,38.098,384,[84 -64 4 0 0 0 0 0 0 0 0 0 11 -19 15 -14 12 -15 17 -19 13 -18 15 -16 14 -16 14 -11 18 -11 16 -13 17 -11 17 -13 18 -12 15 -13 13 -12 18 -12 15 -12 15 -11 13 -12 17 -10 14 -8 14 -11 13 -11 15 -12 17 -8 16 -10 2 2 12 -9 13 -10 15 -12 10 -11 11 -10 12 -9 15 -12 12 -9 10 -11 10 -12 10 -12 9 -10 10 -12 9 -14 11 -14 13 -14 8 -13 8 -14 12 -13 8 -12 9 -12 8 -14 6 -14 9 -17 7 -14 8 -13 0 1 0 0 0 0 0 0 0 0 ]
CSI_DATA,AP,68:FE:71:12:53:8C,-47,11,1,5,1,1,1,0,0,0,0,-95,0,6,1,38210161,0,84,0,0,38.21,384,[84 -64 4 0 0 0 0 0 0 0 0 0 11 15 8 16 8 14 9 18 9 13 7 13 6 15 4 14 6 15 4 13 7 15 7 16 3 16 3 16 4 17 7 15 2 17 2 14 6 13 6 13 3 13 6 14 1 11 5 14 5 16 1 13 -2 1 6 12 6 15 3 15 6 13 5 10 4 13 6 13 5 13 4 13 5 12 8 12 7 13 8 8 5 12 6 10 9 12 7 8 8 8 8 8 7 10 11 10 9 9 8 11 13 10 9 7 11 6 0 0 0 0 0 0 0 0 0 0 ]
CSI_DATA,AP,68:FE:71:12:53:8C,-45,11,1,3,1,1,1,1,0,0,0,-94,6,6,1,38314253,0,84,0,0,38.314,384,[84 -64 4 0 0 0 0 0 0 0 0 0 15 -3 16 1 15 -1 18 1 16 3 18 3 15 4 18 1 17 3 13 1 14 2 18 5 16 3 15 6 17 3 18 3 13 6 11 5 14 3 14 6 13 1 15 2 13 5 12 6 14 4 16 5 1 0 11 1 16 2 15 0 15 3 14 4 15 -1 14 0 15 1 12 0 10 -1 12 1 10 -1 15 -3 13 -1 13 -3 14 -3 13 1 16 -4 13 -1 11 -4 13 -4 15 0 12 -3 12 -4 14 -3 15 -4 2 -2 0 0 0 0 0 0 0 0 ]
CSI_DATA,AP,68:FE:71:12:53:8C,-47,11,1,4,1,1,1,0,0,0,0,-94,0,6,1,38419684,0,84,0,0,38.42,384,[84 -64 4 0 0 0 0 0 0 0 0 0 10 -4 13 -7 12 -7 13 -5 15 -3 12 -5 15 -6 14 -2 15 -3 15 -5 14 -5 15 -3 14 -3 15 0 14 0 14 0 14 0 11 -3 12 -2 9 -4 11 -2 11 -2 9 -3 12 -1 11 -3 11 0 0 2 11 -3 14 -4 9 -5 9 -3 12 -1 13 -3 10 -2 11 -1 10 -3 8 -4 8 -5 10 -2 9 -3 11 -5 10 -4 11 -5 8 -7 10 -5 11 -5 10 -6 10 -4 10 -7 9 -9 7 -9 7 -4 9 -7 -1 -2 0 0 0 0 0 0 0 0 ]
CSI_DATA,AP,68:FE:71:12:53:8C,-50,11,1,1,1,1,1,0,0,0,0,-94,0,6,1,38516313,0,84,0,0,38.516,384,[84 -64 4 0 0 0 0 0 0 0 0 0 18 -5 15 -6 17 -7 17 -6 16 -4 15 -1 15 -5 15 0 14 0 14 -4 17 -1 20 0 15 1 18 -2 18 -2 15 -1 18 2 15 -3 17 1 17 1 15 -2 13 -2 15 1 17 0 16 -2 13 2 2 2 16 -3 12 -2 15 -2 12 -3 12 -2 15 -3 15 -4 12 -5 11 -2 11 -5 16 -2 12 -2 11 -2 11 -4 14 -5 15 -5 14 -4 15 -8 15 -5 13 -7 15 -6 13 -3 10 -7 14 -7 11 -8 10 -6 2 -2 0 0 0 0 0 0 0 0 ]
CSI_DATA,AP,68:FE:71:12:53:8C,-44,11,1,5,1,1,1,0,0,0,0,-96,0,6,1,38611341,0,84,0,0,38.611,384,[84 -64 4 0 0 0 0 0 0 0 0 0 17 -15 19 -18 18 -16 21 -15 17 -18 19 -13 20 -16 21 -13 19 -11 21 -11 21 -12 24 -14 21 -13 24 -13 23 -10 23 -9 20 -12 20 -8 21 -9 22 -8 22 -8 23 -11 20 -10 19 -9 20 -11 22 -12 2 2 18 -8 18 -13 19 -12 17 -13 17 -12 20 -11 20 -9 19 -10 19 -12 17 -14 18 -14 15 -14 17 -12 16 -11 17 -13 17 -13 16 -14 19 -17 19 -17 13 -17 18 -15 17 -14 18 -14 14 -15 17 -16 17 -16 0 1 0 0 0 0 0 0 0 0 ]
CSI_DATA,AP,68:FE:71:12:53:8C,-46,11,1,3,1,1,1,0,0,0,0,-95,0,6,1,38704169,0,84,0,0,38.704,384,[84 -64 4 0 0 0 0 0 0 0 0 0 -5 -19 -3 -19 -1 -21 -1 -21 -2 -24 -2 -20 -1 -24 1 -18 2 -20 5 -19 1 -23 5 -22 2 -20 2 -22 4 -18 3 -19 1 -18 4 -20 4 -20 2 -21 3 -16 1 -18 6 -15 3 -17 6 -16 2 -15 1 2 1 -17 2 -18 4 -15 1 -16 0 -16 1 -16 2 -15 -2 -17 -1 -14 -1 -14 -1 -17 0 -14 -2 -17 0 -14 -3 -18 -4 -17 -4 -16 -4 -17 -2 -15 -3 -15 -5 -18 -6 -16 -2 -18 -7 -17 -2 -15 -7 -15 1 2 0 0 0 0 0 0 0 0 ]
CSI_DATA,AP,68:FE:71:12:53:8C,-46,11,1,4,1,1,1,1,0,0,0,-95,1,6,1,38806614,0,84,0,0,38.807,384,[84 -64 4 0 0 0 0 0 0 0 0 0 -13 -12 -11 -15 -15 -14 -16 -15 -12 -16 -13 -11 -10 -12 -12 -12 -12 -13 -8 -15 -11 -14 -11 -12 -6 -14 -5 -15 -6 -11 -8 -13 -7 -9 -6 -10 -7 -10 -8 -8 -8 -8 -7 -10 -5 -9 -8 -9 -7 -12 -9 -9 -1 0 -7 -6 -10 -11 -10 -6 -11 -5 -6 -9 -9 -8 -9 -5 -10 -7 -8 -4 -10 -4 -9 -5 -7 -7 -9 -7 -11 -6 -13 -6 -10 -5 -10 -7 -13 -3 -12 -5 -11 -3 -14 -5 -13 -4 -11 -2 -13 -5 -12 -2 -13 0 2 -2 0 0 0 0 0 0 0 0 ]
CSI_DATA,AP,68:FE:71:12:53:8C,-45,11,1,4,1,1,1,0,0,0,0,-94,0,6,1,38909060,0,84,0,0,38.909,384,[84 -64 4 0 0 0 0 0 0 0 0 0 -22 -2 -20 -2 -20 -1 -21 -3 -21 -3 -19 -4 -20 -3 -16 -4 -18 -7 -16 -6 -16 -6 -18 -9 -14 -8 -13 -5 -14 -4 -16 -7 -13 -5 -13 -3 -12 -6 -13 -2 -13 -3 -9 -6 -10 -4 -13 -1 -12 -5 -10 -5 0 0 -8 -3 -10 0 -8 0 -11 -1 -10 0 -9 0 -11 -1 -10 -1 -10 2 -9 0 -10 0 -7 1 -12 3 -8 2 -9 2 -10 2 -8 4 -9 5 -10 2 -10 2 -11 6 -8 4 -7 3 -11 4 -8 7 -10 5 2 0 0 0 0 0 0 0 0 0 ]
CSI_DATA,AP,68:FE:71:12:53:8C,-45,11,1,4,1,1,1,0,0,0,0,-96,0,6,1,39018132,0,84,0,0,39.018,384,[84 -64 4 0 0 0 0 0 0 0 0 0 -16 22 -15 23 -13 21 -16 22 -16 19 -18 20 -19 17 -17 16 -16 18 -16 12 -19 13 -19 16 -15 12 -15 14 -17 11 -15 15 -13 10 -11 12 -10 12 -14 13 -13 9 -9 10 -10 12 -12 10 -10 12 -11 12 -2 0 -8 9 -8 10 -10 10 -9 12 -7 11 -9 14 -6 10 -5 13 -5 14 -6 13 -4 13 -2 12 -2 13 -4 11 -3 12 -2 13 -4 15 -4 15 -4 11 -2 11 -3 13 -3 12 -1 15 2 17 1 13 2 12 2 2 0 0 0 0 0 0 0 0 ]
CSI_DATA,AP,68:FE:71:12:53:8C,-49,11,1,1,1,1,1,0,0,0,0,-94,0,6,1,39109996,0,84,0,0,39.11,384,[84 -64 4 0 0 0 0 0 0 0 0 0 10 -32 9 -30 8 -31 13 -29 13 -27 11 -25 13 -25 11 -22 15 -24 14 -22 17 -22 13 -25 15 -23 15 -19 13 -20 12 -23 13 -18 12 -19 9 -18 9 -17 10 -17 7 -19 9 -14 7 -17 5 -18 8 -15 2 -2 7 -13 6 -14 5 -16 1 -13 2 -12 0 -16 2 -13 2 -16 -1 -12 -1 -11 -1 -15 -1 -10 -4 -11 -4 -14 -4 -13 -5 -10 -7 -11 -4 -10 -4 -9 -6 -12 -4 -10 -6 -11 -9 -10 -6 -8 -5 -8 -6 -9 -2 2 0 0 0 0 0 0 0 0 ]
CSI_DATA,AP,68:FE:71:12:53:8C,-41,11,1,6,1,1,1,0,0,0,0,-95,0,6,1,39207715,0,82,0,0,39.208,384,[84 -64 4 0 0 0 0 0 0 0 0 0 -8 19 -8 17 -7 14 -8 16 -8 13 -10 13 -8 14 -11 11 -10 13 -10 11 -10 16 -7 13 -9 15 -10 13 -9 11 -9 14 -8 12 -7 10 -7 14 -11 12 -8 12 -7 10 -9 11 -8 11 -8 12 -8 13 -2 2 -8 11 -5 11 -8 13 -8 15 -9 12 -9 15 -9 14 -7 14 -8 14 -8 12 -8 14 -8 16 -6 15 -8 16 -9 15 -9 16 -6 16 -7 14 -6 15 -7 14 -6 12 -6 14 -8 14 -8 13 -3 14 -7 12 0 -2 0 0 0 0 0 0 0 0 ]
CSI_DATA,AP,68:FE:71:12:53:8C,-46,11,1,4,1,1,1,0,0,0,0,-93,0,6,1,39305427,0,84,0,0,39.305,384,[84 -64 4 0 0 0 0 0 0 0 0 0 6 -4 2 -3 3 -7 2 -5 4 -5 3 -6 5 -3 3 -2 4 -2 6 -3 5 -3 6 -5 3 -7 3 -3 7 -5 7 -5 3 -5 7 -2 7 -3 7 -4 5 -3 7 -2 4 -4 5 -5 6 -2 4 -6 -2 0 5 -7 7 -4 3 -6 6 -5 3 -4 7 -7 6 -6 2 -4 3 -3 6 -5 6 -4 4 -6 3 -7 3 -4 6 -7 6 -7 5 -3 4 -5 7 -6 6 -4 5 -4 2 -4 5 -6 3 -4 5 -3 5 -8 0 -1 0 0 0 0 0 0 0 0 ]
CSI_DATA,AP,68:FE:71:12:53:8C,-50,11,1,2,1,1,1,0,0,0,0,-95,0,6,1,39424816,0,84,0,0,39.425,384,[84 -64 4 0 0 0 0 0 0 0 0 0 3 -17 1 -19 3 -18 0 -22 4 -22 3 -21 2 -19 3 -18 3 -17 4 -16 5 -21 7 -17 8 -20 7 -19 5 -17 9 -21 9 -15 5 -17 9 -18 8 -16 5 -15 9 -17 6 -14 9 -14 6 -15 8 -14 0 -1 8 -15 4 -15 5 -15 4 -15 7 -14 2 -16 3 -14 3 -15 4 -15 1 -18 3 -15 3 -15 4 -17 1 -14 3 -18 0 -17 0 -15 2 -18 3 -15 1 -16 2 -16 -1 -16 0 -16 -3 -18 -1 -17 -2 -14 0 2 0 0 0 0 0 0 0 0 ]
CSI_DATA,AP,68:FE:71:12:53:8C,-41,11,1,5,1,1,1,1,0,0,0,-95,2,6,1,39533987,0,84,0,0,39.534,384,[84 -64 4 0 0 0 0 0 0 0 0 0 -16 10 -18 10 -20 9 -21 10 -21 8 -18 11 -20 10 -21 8 -20 8 -22 6 -25 9 -26 5 -22 7 -25 8 -25 1 -26 6 -20 4 -19 6 -22 6 -24 4 -19 5 -24 4 -23 4 -23 2 -21 1 -21 5 -1 -2 -22 3 -23 6 -23 4 -19 6 -22 5 -22 6 -19 6 -19 5 -19 5 -21 7 -19 9 -20 8 -22 10 -19 9 -19 8 -19 10 -18 9 -19 12 -18 9 -20 9 -19 11 -19 11 -18 11 -18 14 -18 11 -20 12 0 -2 0 0 0 0 0 0 0 0 ]
CSI_DATA,AP,68:FE:71:12:53:8C,-48,11,1,3,1,1,1,0,0,0,0,-95,0,6,1,39597376,0,84,0,0,39.597,384,[84 -64 4 0 0 0 0 0 0 0 0 0 0 -18 2 -14 1 -16 3 -18 2 -19 0 -16 1 -16 1 -17 3 -21 4 -16 4 -19 7 -19 7 -19 6 -22 8 -18 6 -22 5 -21 8 -19 5 -20 7 -20 8 -18 7 -18 5 -15 9 -20 8 -19 5 -21 0 -1 4 -21 7 -20 7 -19 5 -17 6 -18 4 -18 8 -17 3 -18 7 -18 3 -20 1 -18 3 -19 3 -20 2 -17 1 -18 1 -20 4 -20 3 -19 3 -18 3 -18 1 -20 0 -18 1 -20 -3 -18 2 -20 1 -18 1 0 0 0 0 0 0 0 0 0 ]
CSI_DATA,AP,68:FE:71:12:53:8C,-42,11,1,4,1,1,1,0,0,0,0,-94,0,6,1,39702331,0,84,0,0,39.702,384,[84 -64 4 0 0 0 0 0 0 0 0 0 0 12 -5 12 -1 14 -2 14 -5 13 -5 10 -5 10 -5 12 -5 10 -5 10 -6 11 -8 14 -8 14 -7 14 -3 10 -5 13 -7 12 -7 11 -5 11 -7 12 -6 8 -6 9 -3 9 -6 11 -7 11 -6 11 2 -2 -7 11 -6 8 -4 11 -4 8 -5 10 -4 12 -4 8 -5 7 -3 8 -4 9 -2 10 -4 8 -1 9 0 11 -1 11 -4 10 -4 11 -2 12 -4 8 1 10 0 10 -2 11 0 8 -1 11 -1 10 -3 11 0 1 0 0 0 0 0 0 0 0 ]
CSI_DATA,AP,68:FE:71:12:53:8C,-49,11,1,1,1,1,1,0,0,0,0,-93,0,6,1,39816659,0,84,0,0,39.817,384,[84 -64 4 0 0 0 0 0 0 0 0 0 -7 8 -4 7 -7 10 -8 10 -7 9 -5 9 -5 8 -9 9 -9 9 -8 6 -5 9 -6 8 -5 5 -5 6 -9 6 -6 8 -7 6 -9 6 -8 4 -7 4 -5 5 -7 3 -7 7 -7 4 -6 5 -5 7 0 2 -7 5 -6 5 -5 8 -6 6 -7 4 -8 4 -5 8 -8 4 -7 4 -5 7 -4 6 -4 5 -6 5 -2 6 -3 7 -7 5 -5 5 -2 8 -4 4 -5 5 -3 8 -3 4 -3 9 -4 7 -2 6 -1 5 0 -1 0 0 0 0 0 0 0 0 ]
CSI_DATA,AP,68:FE:71:12:53:8C,-41,11,1,6,1,1,1,0,0,0,0,-94,0,6,1,39917680,0,84,0,0,39.918,384,[84 -64 4 0 0 0 0 0 0 0 0 0 -3 20 -4 19 -3 17 -4 16 -4 16 -7 16 -7 18 -8 17 -6 17 -8 17 -10 14 -10 17 -11 17 -8 16 -9 16 -11 14 -9 17 -10 15 -6 17 -8 13 -6 15 -7 12 -10 15 -10 13 -9 16 -7 12 0 1 -6 13 -5 16 -6 14 -5 15 -8 13 -6 13 -7 14 -3 13 -5 16 -6 12 -7 15 -6 16 -5 13 -3 17 -3 15 -4 15 -1 13 -1 15 -4 14 -2 14 -2 15 -2 12 1 16 -1 13 0 13 -2 13 0 -2 0 0 0 0 0 0 0 0 ]
CSI_DATA,AP,68:FE:71:12:53:8C,-49,11,1,1,1,1,1,0,0,0,0,-94,0,6,1,40028558,0,84,0,0,40.029,384,[84 -64 4 0 0 0 0 0 0 0 0 0 -4 -20 -5 -20 -3 -19 -2 -20 -3 -19 -3 -19 -2 -18 1 -18 2 -20 2 -16 1 -17 3 -18 0 -16 0 -17 1 -15 0 -15 3 -14 -1 -17 1 -18 -1 -17 3 -18 2 -18 2 -14 3 -15 0 -14 -1 -13 2 0 0 -14 -1 -13 -1 -13 -1 -12 0 -14 -1 -14 1 -16 -1 -12 -3 -16 -1 -16 -1 -13 -4 -14 -1 -16 -5 -12 -2 -15 -7 -12 -3 -14 -6 -12 -6 -12 -5 -16 -5 -14 -4 -16 -5 -13 -6 -13 -6 -13 -4 -12 1 2 0 0 0 0 0 0 0 0 ]
CSI_DATA,AP,68:FE:71:12:53:8C,-49,11,1,2,1,1,1,0,0,0,0,-93,0,6,1,40140559,0,84,0,0,40.141,384,[84 -64 4 0 0 0 0 0 0 0 0 0 -13 14 -11 15 -13 15 -13 15 -16 15 -14 12 -18 11 -17 11 -15 12 -18 10 -14 13 -15 11 -15 8 -17 12 -17 10 -16 8 -18 9 -13 10 -14 9 -14 7 -14 7 -14 6 -12 8 -12 9 -14 9 -14 11 1 1 -11 7 -11 8 -10 7 -14 8 -13 10 -12 9 -10 8 -14 7 -10 9 -11 8 -10 11 -9 13 -9 13 -12 10 -11 12 -9 14 -11 10 -11 9 -10 11 -9 13 -10 11 -8 11 -10 10 -8 12 -8 11 -7 14 -1 1 0 0 0 0 0 0 0 0 ]
CSI_DATA,AP,68:FE:71:12:53:8C,-44,11,1,5,1,1,1,0,0,0,0,-95,0,6,1,40246964,0,84,0,0,40.247,384,[84 -64 4 0 0 0 0 0 0 0 0 0 -4 -20 -3 -17 -2 -17 -4 -21 -5 -18 0 -22 -3 -19 -3 -19 -2 -18 0 -16 2 -16 2 -18 -2 -18 1 -17 3 -21 -1 -19 3 -16 2 -19 -1 -16 -1 -17 3 -15 0 -15 3 -14 -1 -18 0 -14 -2 -17 0 1 -1 -15 2 -13 -1 -18 2 -14 -1 -16 0 -16 1 -13 1 -16 -1 -17 -4 -14 0 -16 0 -15 -1 -15 -3 -17 -4 -14 -6 -16 -2 -16 -5 -14 -2 -13 -5 -14 -4 -16 -5 -12 -4 -14 -7 -13 -5 -14 -5 -13 -1 0 0 0 0 0 0 0 0 0 ]
CSI_DATA,AP,68:FE:71:12:53:8C,-49,11,1,3,1,1,1,1,0,0,0,-94,1,6,1,40352628,0,84,0,0,40.353,384,[84 -64 4 0 0 0 0 0 0 0 0 0 29 -5 31 -4 31 -2 30 -1 32 -1 28 -1 33 2 28 1 29 2 31 1 31 6 30 5 30 6 26 4 26 2 30 4 27 3 25 4 24 2 27 3 24 2 28 1 22 4 25 3 28 3 26 5 2 -1 25 3 25 0 26 -1 23 0 22 -1 25 -2 23 -3 25 0 25 -4 24 -2 27 -4 25 -4 23 -4 21 -1 24 -4 23 -7 25 -5 22 -5 21 -6 22 -6 22 -4 21 -7 24 -8 24 -6 21 -6 23 -10 0 -2 0 0 0 0 0 0 0 0 ]
CSI_DATA,AP,68:FE:71:12:53:8C,-50,11,1,1,1,1,1,0,0,0,0,-93,0,6,1,40438672,0,84,0,0,40.439,384,[37 80 2 0 0 0 0 0 0 0 0 0 -6 -30 -5 -31 -6 -30 -4 -34 -4 -31 1 -32 1 -30 2 -28 1 -32 3 -32 1 -30 2 -30 1 -29 3 -31 1 -26 1 -29 5 -27 4 -25 4 -26 4 -28 4 -25 1 -26 3 -24 3 -24 3 -25 0 -27 0 2 -1 -23 1 -26 -3 -28 -2 -25 -3 -24 1 -24 1 -27 -2 -24 -5 -22 -4 -21 -5 -25 -2 -22 -6 -25 -1 -25 -5 -26 -6 -25 -6 -27 -8 -25 -4 -25 -8 -24 -6 -25 -5 -25 -8 -22 -10 -23 -10 -25 -7 -23 0 1 0 0 0 0 0 0 0 0 ]
CSI_DATA,AP,68:FE:71:12:53:8C,-44,11,1,4,1,1,1,1,0,0,0,-95,6,6,1,40522449,0,84,0,0,40.522,384,[84 -64 4 0 0 0 0 0 0 0 0 0 -20 -3 -19 -2 -22 -1 -21 -3 -20 -1 -18 -4 -22 -5 -17 -4 -19 -6 -18 -5 -19 -5 -18 -6 -19 -7 -20 -4 -19 -7 -16 -5 -16 -5 -18 -8 -17 -7 -15 -7 -17 -4 -15 -5 -18 -7 -16 -6 -16 -3 -18 -4 -2 0 -17 -5 -16 -3 -15 -2 -17 -3 -16 -4 -15 -3 -15 -5 -18 -5 -16 -2 -14 -1 -18 -1 -16 -3 -16 -3 -13 1 -14 -3 -14 0 -14 2 -14 2 -17 1 -13 3 -15 1 -16 2 -16 0 -15 2 -15 2 -16 2 -2 1 0 0 0 0 0 0 0 0 ]
CSI_DATA,AP,68:FE:71:12:53:8C,-45,11,1,3,1,1,1,0,0,0,0,-93,0,6,1,40588167,0,84,0,0,40.588,384,[84 -64 4 0 0 0 0 0 0 0 0 0 -2 -20 -1 -22 1 -22 2 -22 3 -21 2 -19 0 -17 3 -20 2 -22 4 -22 1 -21 1 -21 1 -19 1 -18 5 -20 5 -18 2 -17 5 -18 6 -16 5 -19 5 -20 6 -17 5 -19 5 -15 3 -15 0 -19 -1 -1 3 -16 3 -19 1 -15 -1 -15 2 -16 2 -16 2 -16 1 -18 3 -17 -3 -14 1 -14 0 -15 -2 -18 0 -18 0 -18 0 -15 -4 -16 -2 -14 -3 -15 -2 -17 -4 -16 -4 -14 -5 -18 -6 -18 -3 -17 -4 -16 -2 -2 0 0 0 0 0 0 0 0 ]
CSI_DATA,AP,68:FE:71:12:53:8C,-46,11,1,3,1,1,1,0,0,0,0,-96,0,6,1,40694715,0,84,0,0,40.695,384,[84 -64 4 0 0 0 0 0 0 0 0 0 -13 41 -5 42 -25 43 -37 55 -22 51 -19 40 -26 46 -16 32 -24 52 -21 41 -44 47 -54 49 -44 50 -50 44 -36 41 -58 41 -53 29 -24 24 -38 37 -37 34 -31 40 -52 36 -31 31 -44 35 -52 34 -41 35 2 -2 -50 36 -37 42 -46 42 -44 45 -35 35 -38 38 -42 38 -35 37 -34 38 -24 39 -32 52 -18 44 -21 42 -23 43 -34 40 -29 45 -33 46 -19 50 -25 49 -16 45 -25 44 -25 51 -21 54 -15 51 -16 49 -11 45 -1 0 0 0 0 0 0 0 0 0 ]
CSI_DATA,AP,68:FE:71:12:53:8C,-45,11,1,5,1,1,1,0,0,0,0,-96,0,6,1,40763306,0,84,0,0,40.763,384,[84 -64 4 0 0 0 0 0 0 0 0 0 -2 -23 -2 -21 -5 -18 -1 -19 1 -21 -1 -22 -2 -19 -1 -19 0 -19 1 -18 3 -18 2 -17 0 -20 3 -22 4 -21 4 -17 1 -16 4 -18 4 -19 2 -20 5 -18 3 -19 4 -17 0 -15 4 -15 4 -16 2 -2 0 -15 -1 -19 -1 -19 0 -16 0 -14 -2 -16 1 -17 0 -17 1 -15 -3 -14 -2 -14 -3 -14 -4 -19 -1 -17 -3 -17 -3 -15 -3 -16 -3 -16 -3 -17 -2 -17 -3 -15 -4 -15 -5 -14 -7 -16 -7 -17 -7 -17 -2 1 0 0 0 0 0 0 0 0 ]
CSI_DATA,AP,68:FE:71:12:53:8C,-45,11,1,4,1,1,1,0,0,0,1,-94,0,6,1,40844485,0,84,0,0,40.844,384,[84 -64 4 0 0 0 0 0 0 0 0 0 0 -20 -1 -22 0 -23 3 -18 2 -23 0 -21 2 -20 3 -19 6 -19 6 -22 7 -21 4 -17 6 -18 3 -20 3 -19 7 -19 3 -19 3 -16 4 -18 5 -15 5 -15 6 -15 7 -15 3 -15 7 -16 4 -14 1 1 5 -15 5 -19 5 -17 4 -17 5 -15 1 -19 3 -17 0 -17 1 -17 4 -18 3 -15 1 -15 -1 -14 1 -15 0 -16 -1 -16 -1 -17 0 -14 1 -16 0 -17 0 -17 -3 -15 0 -17 -3 -15 -2 -16 -2 -18 1 -1 0 0 0 0 0 0 0 0 ]
CSI_DATA,AP,68:FE:71:12:53:8C,-44,11,1,4,1,1,1,0,0,0,0,-95,0,6,1,40896746,0,84,0,0,40.897,384,[84 -64 4 0 0 0 0 0 0 0 0 0 -13 17 -10 15 -13 14 -16 12 -14 16 -14 11 -13 13 -15 15 -18 12 -17 13 -17 14 -15 10 -19 12 -15 12 -17 10 -18 10 -13 9 -17 8 -14 10 -16 8 -14 11 -12 9 -14 8 -13 10 -15 9 -14 7 -1 -1 -15 10 -15 10 -13 10 -11 8 -11 7 -12 11 -13 12 -13 13 -13 12 -9 10 -13 11 -10 12 -9 12 -11 12 -13 11 -12 10 -12 11 -8 11 -10 13 -9 13 -8 14 -9 13 -9 12 -9 15 -8 14 -7 13 2 2 0 0 0 0 0 0 0 0 ]
CSI_DATA,AP,68:FE:71:12:53:8C,-44,11,1,4,1,1,1,0,0,0,0,-94,0,6,1,41021799,0,84,0,0,41.022,384,[84 -64 4 0 0 0 0 0 0 0 0 0 -8 0 -11 -1 -11 0 -12 -2 -8 3 -8 -2 -9 2 -9 -2 -10 -1 -10 1 -8 -2 -9 -1 -12 -2 -7 -2 -8 -1 -11 0 -8 -2 -8 -3 -9 1 -10 -2 -10 -2 -7 -1 -10 -3 -8 1 -10 -3 -8 -1 0 2 -7 1 -6 1 -8 -2 -6 0 -9 -1 -10 -3 -7 1 -5 -2 -6 -3 -8 -2 -10 1 -7 -1 -7 1 -10 2 -10 -1 -9 2 -8 -1 -9 2 -7 3 -8 2 -6 2 -8 1 -9 1 -8 1 -6 1 -9 3 -2 2 0 0 0 0 0 0 0 0 ]
CSI_DATA,AP,68:FE:71:12:53:8C,-44,11,1,4,1,1,1,0,0,0,0,-95,0,6,1,41161922,0,84,0,0,41.162,384,[84 -64 4 0 0 0 0 0 0 0 0 0 -1 -18 1 -18 -1 -19 3 -16 0 -19 3 -17 3 -17 2 -16 6 -18 3 -19 4 -18 5 -16 6 -19 7 -18 6 -15 5 -18 7 -17 6 -15 6 -14 5 -13 7 -13 3 -16 5 -13 3 -13 5 -17 3 -14 -2 2 3 -14 3 -12 5 -13 5 -13 2 -13 4 -16 4 -15 4 -14 3 -15 4 -16 4 -17 2 -13 3 -13 3 -14 1 -13 2 -12 0 -16 3 -15 -1 -12 -2 -17 -1 -17 -3 -13 -2 -15 -3 -15 0 -14 1 -15 -1 1 0 0 0 0 0 0 0 0 ]
CSI_DATA,AP,68:FE:71:12:53:8C,-44,11,1,4,1,1,1,1,0,0,0,-95,4,6,1,41239021,0,84,0,0,41.239,384,[84 -64 4 0 0 0 0 0 0 0 0 0 7 -18 10 -18 8 -17 8 -18 8 -17 10 -18 12 -18 11 -18 12 -18 11 -18 12 -15 14 -17 14 -14 13 -16 13 -13 12 -13 11 -16 11 -14 13 -12 10 -16 10 -13 12 -13 8 -13 8 -11 11 -15 10 -12 2 2 9 -14 10 -13 11 -13 8 -11 8 -13 8 -15 10 -13 8 -15 7 -15 7 -15 8 -13 7 -14 7 -16 4 -17 6 -13 6 -18 3 -16 4 -14 4 -14 1 -15 2 -14 3 -18 3 -18 2 -16 2 -14 4 -14 2 -2 0 0 0 0 0 0 0 0 ]
CSI_DATA,AP,68:FE:71:12:53:8C,-43,11,1,5,1,1,1,0,0,0,0,-96,0,6,1,41339111,0,84,0,0,41.339,384,[84 -64 4 0 0 0 0 0 0 0 0 0 2 17 1 17 -1 22 0 22 -3 18 -1 18 -5 18 -3 17 -7 19 -4 19 -5 16 -7 16 -5 20 -6 17 -7 16 -8 17 -9 18 -9 18 -6 18 -7 16 -3 15 -8 16 -3 13 -5 15 -5 17 -3 13 1 0 -5 15 -2 13 -4 14 -4 17 -3 14 -5 18 -4 18 -4 14 -4 14 -3 13 -2 16 -1 16 -1 15 1 16 -2 16 -2 16 -1 17 3 15 -2 16 3 18 3 18 0 15 1 16 0 14 4 13 0 14 -1 -1 0 0 0 0 0 0 0 0 ]
CSI_DATA,AP,68:FE:71:12:53:8C,-44,11,1,5,1,1,1,0,0,0,0,-94,0,6,1,41457913,0,84,0,0,41.458,384,[84 -64 4 0 0 0 0 0 0 0 0 0 22 0 20 -1 23 -1 23 3 21 2 19 1 20 2 18 5 20 4 17 6 19 4 21 5 21 3 21 7 16 5 19 5 20 7 16 3 17 7 16 4 14 7 16 6 14 6 17 4 16 7 15 2 -2 2 16 3 16 5 16 3 17 5 15 2 18 2 14 5 14 0 14 2 14 -2 15 1 13 -1 18 1 18 0 14 2 18 0 14 -2 17 -2 17 1 14 0 17 1 13 -1 15 -2 16 -3 17 -5 15 -5 0 1 0 0 0 0 0 0 0 0 ]
CSI_DATA,AP,68:FE:71:12:53:8C,-45,11,1,5,1,1,1,1,0,0,0,-94,6,6,1,41591756,0,84,0,0,41.592,384,[84 -64 4 0 0 0 0 0 0 0 0 0 -21 0 -19 -2 -20 -2 -21 -6 -19 -4 -21 -4 -20 -5 -17 -6 -17 -4 -16 -6 -17 -4 -18 -8 -20 -8 -16 -9 -16 -5 -19 -9 -16 -8 -18 -5 -14 -6 -15 -5 -16 -9 -17 -9 -12 -6 -16 -8 -14 -9 -15 -7 -1 2 -16 -6 -17 -4 -18 -5 -17 -6 -13 -7 -16 -4 -15 -3 -17 -6 -16 -5 -13 -5 -14 -5 -17 -3 -17 -4 -13 -3 -13 -5 -17 -1 -13 -4 -16 -3 -16 -1 -15 -4 -15 0 -15 -2 -15 -2 -17 0 -14 2 -15 -2 0 -1 0 0 0 0 0 0 0 0 ]
CSI_DATA,AP,68:FE:71:12:53:8C,-48,11,1,4,1,1,1,0,0,0,0,-93,0,6,1,41712904,0,84,0,0,41.713,384,[84 -64 4 0 0 0 0 0 0 0 0 0 -37 13 -39 11 -37 10 -39 11 -39 7 -39 8 -36 6 -38 4 -35 3 -34 4 -39 5 -39 2 -36 4 -35 1 -34 0 -37 2 -34 -1 -31 -2 -35 1 -35 3 -36 -2 -34 0 -29 -1 -32 2 -31 2 -33 3 2 -1 -33 0 -30 5 -33 2 -28 7 -31 6 -32 4 -31 5 -31 7 -30 4 -31 9 -29 8 -26 7 -28 10 -29 10 -30 7 -29 9 -27 12 -30 10 -30 10 -29 13 -28 14 -27 12 -29 13 -28 18 -28 16 -29 17 2 -2 0 0 0 0 0 0 0 0 ]
CSI_DATA,AP,68:FE:71:12:53:8C,-48,11,1,5,1,1,1,0,0,0,0,-96,0,6,1,41816442,0,84,0,0,41.816,384,[84 -64 4 0 0 0 0 0 0 0 0 0 15 -13 17 -11 18 -9 15 -12 18 -11 19 -11 16 -8 17 -7 19 -6 16 -9 19 -6 16 -7 20 -6 18 -5 15 -6 18 -7 16 -4 15 -6 16 -7 15 -6 17 -6 16 -6 14 -4 17 -5 14 -5 13 -4 0 -2 13 -7 14 -9 16 -7 13 -8 12 -6 14 -6 13 -8 11 -9 12 -9 14 -10 15 -6 12 -10 11 -8 10 -9 12 -7 11 -7 12 -8 13 -11 12 -8 13 -11 11 -10 9 -11 12 -9 9 -11 11 -12 8 -10 1 -1 0 0 0 0 0 0 0 0 ]
CSI_DATA,AP,68:FE:71:12:53:8C,-47,11,0,0,0,0,0,0,0,0,0,-93,0,6,1,41906692,0,37,0,0,41.907,128,[84 -64 4 0 0 0 0 0 0 0 0 0 -9 15 -7 13 -8 13 -11 13 -7 14 -12 14 -9 14 -8 14 -10 11 -11 12 -12 13 -11 12 -11 14 -14 13 -10 11 -12 11 -11 9 -13 10 -10 11 -9 12 -10 8 -8 10 -9 10 -9 9 -10 10 -11 12 0 2 -12 9 -8 9 -11 12 -8 10 -7 10 -9 8 -7 13 -10 9 -8 12 -8 11 -9 10 -8 9 -6 10 -4 10 -4 13 -5 13 -8 11 -4 13 -6 14 -4 13 -6 14 -7 14 -4 15 -3 14 -3 14 -6 11 2 0 0 0 0 0 0 0 0 0 ]
CSI_DATA,AP,68:FE:71:12:53:8C,-50,11,1,2,1,1,1,0,0,0,0,-94,0,6,1,42020168,0,84,0,0,42.02,384,[84 -64 4 0 0 0 0 0 0 0 0 0 -21 0 -19 0 -22 -1 -21 0 -24 -3 -20 -4 -21 -2 -21 -2 -22 -2 -19 -4 -21 -3 -20 -6 -22 -2 -20 -3 -21 -6 -22 -7 -17 -6 -15 -6 -18 -6 -17 -6 -19 -5 -15 -4 -16 -6 -15 -3 -18 -5 -17 -6 1 -2 -16 -5 -17 -2 -17 -1 -15 -1 -17 -2 -18 -5 -16 -4 -15 -5 -16 -5 -18 -1 -18 0 -16 -3 -16 1 -17 -3 -18 -1 -19 -1 -17 0 -18 0 -17 0 -16 1 -19 1 -15 2 -17 0 -20 4 -17 3 -16 3 -1 1 0 0 0 0 0 0 0 0 ]
CSI_DATA,AP,68:FE:71:12:53:8C,-46,11,1,3,1,1,1,0,0,0,0,-93,0,6,1,42115434,0,84,0,0,42.115,384,[84 -64 4 0 0 0 0 0 0 0 0 0 16 12 12 12 13 14 17 15 14 13 10 16 12 14 9 14 10 17 11 18 13 15 10 14 10 19 9 19 11 18 11 15 7 18 9 17 9 17 10 16 9 13 7 14 9 12 8 16 11 18 8 14 -1 2 10 15 9 12 12 16 8 12 10 11 8 11 8 14 8 13 12 13 12 11 12 11 10 10 12 13 10 11 13 10 15 12 12 11 11 8 15 10 14 7 12 8 13 8 15 7 13 6 13 7 11 9 1 0 0 0 0 0 0 0 0 0 ]
CSI_DATA,AP,68:FE:71:12:53:8C,-46,11,1,3,1,1,1,0,0,0,0,-95,0,6,1,42202110,0,84,0,0,42.202,384,[84 -64 4 0 0 0 0 0 0 0 0 0 -17 13 -16 12 -16 14 -17 15 -16 10 -20 10 -17 13 -18 8 -20 9 -19 7 -22 10 -22 7 -22 7 -18 7 -21 8 -19 10 -19 9 -19 5 -19 5 -16 7 -17 8 -16 5 -19 7 -19 4 -20 5 -17 5 1 -2 -15 7 -14 8 -16 11 -16 9 -16 10 -18 7 -18 6 -15 7 -16 10 -15 10 -17 10 -14 9 -14 10 -12 13 -11 8 -12 14 -14 12 -11 13 -11 9 -12 13 -12 9 -11 11 -12 12 -14 14 -11 13 -14 14 1 -2 0 0 0 0 0 0 0 0 ]
CSI_DATA,AP,68:FE:71:12:53:8C,-49,11,1,2,1,1,1,0,0,0,0,-93,0,6,1,42302314,0,84,0,0,42.302,384,[84 -64 4 0 0 0 0 0 0 0 0 0 15 -14 14 -14 15 -18 19 -18 17 -15 20 -11 19 -13 17 -13 16 -10 18 -11 18 -10 17 -14 21 -11 16 -8 20 -8 18 -9 16 -8 18 -10 15 -9 18 -8 16 -9 16 -8 15 -8 16 -7 18 -9 15 -11 2 -1 14 -8 13 -10 14 -9 14 -11 14 -9 14 -11 16 -11 13 -11 11 -14 12 -12 13 -15 10 -13 14 -11 10 -12 13 -15 13 -14 12 -14 11 -16 12 -15 11 -13 12 -15 11 -15 12 -17 10 -17 11 -15 12 -16 1 -2 0 0 0 0 0 0 0 0 ]
CSI_DATA,AP,68:FE:71:12:53:8C,-46,11,1,4,1,1,1,0,0,0,0,-93,0,6,1,42408851,0,84,0,0,42.409,384,[84 -64 4 0 0 0 0 0 0 0 0 0 -16 12 -16 13 -17 10 -19 14 -18 13 -21 9 -20 9 -19 7 -18 6 -17 9 -22 11 -18 8 -22 8 -22 8 -22 8 -21 5 -18 5 -17 6 -18 5 -17 7 -17 3 -17 8 -14 3 -19 8 -16 8 -19 6 1 2 -15 9 -17 9 -15 7 -17 9 -18 5 -18 7 -18 8 -14 9 -16 9 -16 9 -12 9 -14 8 -15 8 -12 12 -13 7 -15 9 -12 13 -12 10 -15 10 -10 12 -15 14 -12 11 -10 12 -12 12 -11 14 -11 12 1 2 0 0 0 0 0 0 0 0 ]
CSI_DATA,AP,68:FE:71:12:53:8C,-49,11,1,2,1,1,1,0,0,0,0,-95,0,6,1,42525908,0,84,0,0,42.526,384,[84 -64 4 0 0 0 0 0 0 0 0 0 -4 20 0 20 -3 22 -5 23 -4 22 -6 18 -4 20 -6 20 -5 22 -7 20 -5 22 -7 18 -7 21 -10 18 -8 21 -6 17 -6 20 -6 17 -9 19 -9 15 -9 19 -7 16 -8 15 -6 15 -6 18 -6 18 0 1 -8 17 -7 16 -5 17 -3 19 -5 15 -2 17 -4 15 -5 14 -3 15 -1 18 -2 18 -3 17 -3 18 0 18 -2 18 -2 18 -2 16 2 15 0 15 0 14 1 16 3 17 1 14 0 19 2 17 3 18 -1 2 0 0 0 0 0 0 0 0 ]
CSI_DATA,AP,68:FE:71:12:53:8C,-45,11,1,3,1,1,1,0,0,0,0,-94,0,6,1,42668945,0,84,0,0,42.669,384,[84 -64 4 0 0 0 0 0 0 0 0 0 16 -12 16 -11 20 -8 22 -10 19 -9 21 -8 18 -9 21 -5 21 -8 20 -6 20 -7 19 -8 18 -4 21 -3 19 -4 22 -5 19 -5 15 -4 18 -6 20 -2 16 -6 16 -2 15 -2 15 -5 18 -3 15 -5 -1 0 15 -4 16 -5 17 -7 17 -4 15 -6 14 -4 18 -7 14 -6 13 -7 15 -9 14 -8 13 -10 12 -7 13 -10 15 -7 16 -7 14 -9 15 -13 12 -12 10 -9 14 -10 13 -10 12 -13 12 -13 12 -10 10 -13 -1 -2 0 0 0 0 0 0 0 0 ]
CSI_DATA,AP,68:FE:71:12:53:8C,-47,11,1,5,1,1,1,0,0,0,0,-95,0,6,1,42779702,0,84,0,0,42.78,384,[84 -64 4 0 0 0 0 0 0 0 0 0 17 10 20 9 18 11 19 14 20 12 17 13 18 12 16 15 18 12 18 14 16 12 19 12 18 14 18 15 14 12 17 16 16 13 12 11 16 14 15 15 12 15 12 12 14 9 13 12 16 12 13 11 -2 0 12 10 16 12 12 10 14 9 12 9 14 12 13 9 16 10 12 8 17 6 15 9 15 6 17 8 15 9 18 6 17 5 16 9 15 7 18 4 15 5 16 7 16 5 17 5 16 2 16 2 15 3 -1 0 0 0 0 0 0 0 0 0 ]
CSI_DATA,AP,68:FE:71:12:53:8C,-44,11,1,4,1,1,1,0,0,0,0,-94,0,6,1,42881513,0,84,0,0,42.882,384,[84 -64 4 0 0 0 0 0 0 0 0 0 8 20 6 19 8 20 6 21 3 19 2 21 3 17 1 20 4 19 0 21 1 20 0 19 1 22 0 22 -2 19 2 17 1 19 -2 16 0 15 1 19 -1 15 0 16 -2 14 1 16 0 17 2 15 -1 -2 0 17 1 17 1 17 0 15 2 15 2 16 0 15 5 17 4 15 5 15 5 14 3 15 2 13 7 16 3 13 4 17 6 17 6 16 5 13 8 11 7 14 8 12 7 14 6 15 9 15 7 16 2 1 0 0 0 0 0 0 0 0 ]
CSI_DATA,AP,68:FE:71:12:53:8C,-47,11,1,5,1,1,1,0,0,0,0,-96,0,6,1,42984061,0,84,0,0,42.984,384,[84 -64 4 0 0 0 0 0 0 0 0 0 -15 13 -18 11 -16 13 -19 10 -20 13 -17 10 -19 10 -16 6 -17 8 -17 6 -22 10 -19 7 -18 6 -20 7 -20 8 -21 9 -16 7 -16 4 -17 5 -19 8 -15 3 -15 6 -18 4 -16 4 -19 4 -19 4 -2 0 -15 8 -15 7 -15 5 -13 7 -17 6 -15 7 -14 5 -16 8 -16 6 -15 8 -14 9 -13 9 -15 9 -13 10 -12 8 -15 10 -15 11 -12 10 -12 11 -13 9 -15 10 -11 10 -10 11 -12 15 -10 10 -11 9 1 -2 0 0 0 0 0 0 0 0 ]
CSI_DATA,AP,68:FE:71:12:53:8C,-50,11,1,1,1,1,1,0,0,0,0,-95,0,6,1,43080779,0,84,0,0,43.081,384,[84 -64 4 0 0 0 0 0 0 0 0 0 -6 -20 -2 -19 -2 -22 -3 -23 -1 -19 1 -21 2 -21 1 -18 0 -22 -2 -18 1 -22 -2 -22 1 -21 2 -22 3 -18 0 -18 4 -18 4 -18 0 -19 2 -16 4 -17 0 -20 2 -17 1 -17 3 -18 2 -18 0 -2 1 -17 1 -19 1 -16 -3 -15 2 -16 -1 -20 0 -19 -3 -16 -3 -18 -4 -17 -5 -18 -4 -17 -3 -17 -3 -16 -1 -18 -2 -19 -3 -19 -7 -15 -3 -17 -5 -16 -6 -19 -5 -17 -7 -16 -9 -18 -4 -16 -6 -18 0 -1 0 0 0 0 0 0 0 0 ]
CSI_DATA,AP,68:FE:71:12:53:8C,-44,11,1,4,1,1,1,0,0,0,0,-93,0,6,1,43166225,0,84,0,0,43.166,384,[84 -64 4 0 0 0 0 0 0 0 0 0 22 -2 19 3 24 -1 20 4 23 1 20 2 22 2 18 3 18 5 21 6 19 7 19 6 17 8 19 6 19 7 21 8 17 6 15 4 18 7 17 8 15 7 18 5 17 5 16 5 17 5 17 3 -2 -2 17 5 16 5 14 2 17 2 13 1 16 2 14 1 14 2 18 0 17 3 15 1 13 0 14 -1 13 1 16 1 14 0 17 1 14 -2 18 -2 16 -4 16 1 18 -2 17 0 17 -4 15 -2 17 -2 -2 2 0 0 0 0 0 0 0 0 ]
CSI_DATA,AP,68:FE:71:12:53:8C,-47,11,1,3,1,1,1,1,0,0,0,-94,5,6,1,43280515,0,84,0,0,43.281,384,[84 -64 4 0 0 0 0 0 0 0 0 0 -9 -21 -10 -20 -10 -19 -7 -24 -7 -21 -5 -22 -2 -19 -5 -21 -4 -23 -2 -22 -3 -23 -4 -19 -1 -20 -3 -19 0 -19 -4 -19 -1 -18 -3 -18 -1 -18 -1 -17 1 -19 1 -21 1 -17 0 -18 -2 -16 -3 -16 -1 -2 -2 -19 -2 -17 -5 -18 -6 -17 -6 -16 -4 -16 -3 -17 -2 -18 -6 -17 -8 -16 -4 -14 -5 -16 -4 -14 -6 -16 -8 -14 -8 -17 -6 -15 -9 -17 -6 -14 -6 -13 -5 -14 -7 -16 -11 -14 -12 -18 -7 -14 -7 -16 0 0 0 0 0 0 0 0 0 0 ]
CSI_DATA,AP,68:FE:71:12:53:8C,-45,11,1,3,1,1,1,0,0,0,0,-94,0,6,1,43383441,0,84,0,0,43.383,384,[84 -64 4 0 0 0 0 0 0 0 0 0 11 17 14 17 10 19 9 20 8 21 10 18 7 18 6 17 8 17 7 17 7 20 6 19 7 21 6 17 3 16 3 20 5 16 3 16 5 17 4 20 3 19 3 18 5 15 5 20 3 19 4 16 0 -2 4 15 3 15 4 16 7 13 7 14 4 14 7 14 8 13 6 17 6 11 8 13 5 11 10 12 6 16 6 13 10 14 10 15 10 15 8 15 8 13 11 15 8 12 11 13 12 11 10 14 8 10 2 -1 0 0 0 0 0 0 0 0 ]
CSI_DATA,AP,68:FE:71:12:53:8C,-47,11,1,3,1,1,1,0,0,0,1,-95,0,6,1,43526500,0,84,0,0,43.526,384,[84 -64 4 0 0 0 0 0 0 0 0 0 -16 12 -13 12 -15 15 -16 13 -19 13 -19 12 -18 11 -18 11 -15 11 -18 10 -19 10 -17 10 -19 10 -20 9 -18 10 -16 9 -20 7 -15 6 -19 6 -17 9 -16 6 -18 7 -17 6 -17 6 -18 6 -17 9 2 0 -13 8 -16 10 -14 9 -16 11 -12 7 -12 8 -15 10 -11 11 -12 11 -12 10 -14 11 -11 12 -13 13 -10 14 -12 14 -13 12 -11 15 -10 10 -10 12 -9 15 -10 14 -12 15 -12 15 -8 14 -11 14 -10 16 2 -2 0 0 0 0 0 0 0 0 ]
CSI_DATA,AP,68:FE:71:12:53:8C,-46,11,1,5,1,1,1,0,0,0,0,-93,0,6,1,43646244,0,84,0,0,43.646,384,[84 -64 4 0 0 0 0 0 0 0 0 0 20 -9 18 -7 19 -9 18 -4 20 -7 17 -6 21 -3 21 -2 19 -6 21 -3 21 -3 18 -4 18 -1 18 -4 18 -2 18 -1 20 -3 15 -1 18 -1 17 -2 19 -2 18 0 18 -1 19 -3 17 -2 15 0 -2 -1 14 -1 15 -3 19 -1 14 -5 15 -5 14 -2 14 -5 13 -4 13 -5 13 -6 13 -6 14 -3 14 -7 16 -7 15 -9 13 -9 15 -9 16 -8 12 -6 13 -10 12 -7 12 -8 15 -8 13 -12 14 -7 11 -8 -1 0 0 0 0 0 0 0 0 0 ]
CSI_DATA,AP,68:FE:71:12:53:8C,-46,11,1,3,1,1,1,0,0,0,0,-94,0,6,1,43765198,0,82,0,0,43.765,384,[84 -64 4 0 0 0 0 0 0 0 0 0 -17 6 -20 7 -19 6 -19 6 -21 7 -22 2 -19 2 -22 3 -22 4 -18 3 -23 4 -22 4 -22 4 -21 1 -19 -1 -21 4 -21 0 -19 -2 -19 -2 -17 -1 -17 1 -20 0 -19 -2 -17 -1 -17 2 -17 3 -2 2 -17 3 -19 4 -20 2 -16 4 -18 2 -18 2 -17 0 -18 3 -16 5 -15 3 -18 6 -17 6 -18 3 -16 7 -16 4 -15 3 -15 7 -18 7 -17 4 -16 6 -14 7 -14 8 -15 8 -13 8 -15 5 -13 9 -1 -1 0 0 0 0 0 0 0 0 ]
CSI_DATA,AP,68:FE:71:12:53:8C,-49,11,1,1,1,1,1,0,0,0,0,-96,0,6,1,43868308,0,84,0,0,43.868,384,[84 -64 4 0 0 0 0 0 0 0 0 0 -13 19 -10 18 -11 19 -13 19 -14 17 -11 16 -16 16 -16 12 -16 14 -16 15 -13 16 -14 17 -13 17 -13 16 -14 12 -16 14 -15 15 -12 12 -15 14 -13 13 -14 10 -15 14 -12 13 -12 15 -14 11 -12 12 0 -2 -11 12 -14 12 -14 13 -9 15 -11 11 -11 14 -11 12 -11 12 -12 13 -10 12 -7 13 -10 16 -9 14 -9 17 -9 15 -8 18 -6 16 -8 15 -9 14 -9 18 -10 16 -8 14 -6 17 -8 17 -4 16 -5 16 0 0 0 0 0 0 0 0 0 0 ]
CSI_DATA,AP,68:FE:71:12:53:8C,-45,11,1,5,1,1,1,0,0,0,0,-94,0,6,1,44003200,0,84,0,0,44.003,384,[84 -64 4 0 0 0 0 0 0 0 0 0 -18 -13 -19 -10 -19 -11 -17 -13 -14 -14 -17 -16 -13 -16 -14 -17 -14 -14 -16 -13 -14 -14 -15 -16 -16 -17 -15 -17 -15 -14 -12 -14 -10 -16 -13 -13 -13 -13 -12 -14 -12 -13 -14 -16 -13 -12 -11 -15 -13 -15 -10 -15 2 2 -11 -13 -11 -11 -15 -15 -14 -9 -11 -12 -15 -12 -13 -10 -12 -12 -13 -13 -13 -11 -13 -9 -13 -11 -12 -11 -16 -12 -16 -10 -14 -10 -15 -8 -14 -6 -16 -8 -14 -6 -17 -8 -15 -8 -16 -9 -15 -8 -14 -7 -14 -7 2 1 0 0 0 0 0 0 0 0 ]
CSI_DATA,AP,68:FE:71:12:53:8C,-48,11,1,5,1,1,1,0,0,0,0,-94,0,6,1,44093638,0,84,0,0,44.094,384,[84 -64 4 0 0 0 0 0 0 0 0 0 -22 -2 -18 0 -20 0 -20 -4 -19 -2 -20 -4 -18 -6 -21 -7 -21 -8 -16 -7 -19 -4 -18 -6 -20 -8 -21 -6 -19 -7 -21 -9 -17 -6 -14 -8 -17 -7 -18 -6 -16 -7 -17 -7 -17 -8 -15 -6 -15 -8 -18 -5 -1 -1 -17 -5 -16 -3 -15 -5 -16 -6 -13 -4 -17 -2 -14 -6 -18 -3 -17 -3 -15 -2 -14 -2 -17 -3 -18 -2 -14 -2 -15 -3 -15 1 -18 -1 -18 2 -16 1 -15 1 -14 0 -15 -2 -18 0 -15 3 -19 -1 -13 -1 1 0 0 0 0 0 0 0 0 0 ]
CSI_DATA,AP,68:FE:71:12:53:8C,-49,11,1,3,1,1,1,0,0,0,1,-94,0,6,1,44179547,0,84,0,0,44.18,384,[84 -64 4 0 0 0 0 0 0 0 0 0 16 -15 11 -14 14 -14 15 -14 17 -10 14 -13 13 -9 15 -10 13 -10 13 -9 15 -8 18 -11 15 -10 18 -9 16 -8 15 -7 14 -9 13 -7 15 -9 16 -9 14 -7 15 -8 11 -7 14 -5 17 -7 16 -7 -2 -1 13 -9 15 -9 14 -9 14 -7 11 -7 11 -11 13 -7 13 -10 12 -9 9 -11 12 -12 10 -9 9 -9 13 -9 9 -8 10 -12 12 -12 11 -10 12 -13 7 -11 9 -9 8 -10 8 -11 10 -11 12 -10 11 -12 -2 2 0 0 0 0 0 0 0 0 ]
CSI_DATA,AP,68:FE:71:12:53:8C,-44,11,1,4,1,1,1,0,0,0,0,-96,0,6,1,44317993,0,84,0,0,44.318,384,[84 -64 4 0 0 0 0 0 0 0 0 0 16 11 15 12 14 10 15 14 12 13 14 14 13 12 10 14 11 11 14 12 10 15 12 12 12 15 10 13 12 11 11 15 10 15 9 11 9 12 8 14 11 12 11 14 6 11 8 15 9 11 8 14 1 -1 9 10 8 12 11 13 10 11 9 12 9 9 11 12 12 12 11 11 11 8 14 11 11 9 9 10 13 8 9 10 14 11 13 9 12 8 11 9 9 6 11 6 12 8 14 9 13 7 13 9 12 6 -1 1 0 0 0 0 0 0 0 0 ]
CSI_DATA,AP,68:FE:71:12:53:8C,-48,11,0,0,0,0,0,0,0,0,0,-94,0,6,1,44439345,0,37,0,0,44.439,128,[84 -64 4 0 0 0 0 0 0 0 0 0 12 13 11 11 12 13 12 13 14 16 11 14 13 16 13 15 10 15 11 16 10 17 12 13 10 13 9 15 11 12 10 14 9 14 6 14 10 12 10 16 6 13 8 13 8 14 6 14 7 12 11 13 2 0 8 11 9 11 9 14 9 11 6 13 10 14 7 13 11 12 10 12 7 12 8 8 10 11 8 12 10 9 9 10 9 8 10 12 13 10 9 9 11 9 12 10 9 7 14 6 12 9 10 7 14 9 1 -2 0 0 0 0 0 0 0 0 ]
CSI_DATA,AP,68:FE:71:12:53:8C,-45,11,1,5,1,1,1,0,0,0,0,-96,0,6,1,44570389,0,84,0,0,44.57,384,[84 -64 4 0 0 0 0 0 0 0 0 0 -22 -21 -24 -22 -25 -26 -22 -26 -20 -23 -19 -28 -18 -26 -17 -24 -15 -28 -16 -24 -18 -27 -14 -28 -14 -25 -14 -24 -13 -25 -13 -26 -14 -25 -10 -24 -11 -27 -12 -26 -13 -24 -14 -26 -11 -20 -9 -24 -10 -24 -15 -20 2 0 -13 -22 -14 -18 -12 -21 -11 -21 -12 -20 -12 -21 -12 -19 -13 -17 -13 -17 -12 -13 -15 -14 -14 -17 -14 -15 -12 -12 -16 -17 -14 -16 -15 -14 -17 -14 -13 -14 -15 -10 -15 -10 -17 -12 -14 -11 -17 -11 -17 -7 -17 -11 -2 1 0 0 0 0 0 0 0 0 ]
CSI_DATA,AP,68:FE:71:12:53:8C,-47,11,1,5,1,1,1,0,0,0,0,-95,0,6,1,44671920,0,84,0,0,44.672,384,[84 -64 4 0 0 0 0 0 0 0 0 0 7 13 7 15 6 18 7 15 8 16 4 13 5 14 2 18 5 14 5 17 5 16 6 17 2 18 2 17 4 14 3 15 4 14 3 15 4 15 2 15 5 17 1 17 2 16 5 15 5 17 4 14 -1 2 3 13 4 15 5 11 3 12 4 11 3 14 3 14 5 12 6 13 8 11 5 14 6 10 7 12 9 12 9 13 5 12 7 14 9 11 6 12 8 7 10 9 8 13 11 12 11 10 10 12 11 11 0 -1 0 0 0 0 0 0 0 0 ]
CSI_DATA,AP,68:FE:71:12:53:8C,-45,11,1,5,1,1,1,1,0,0,0,-94,5,6,1,44781142,0,84,0,0,44.781,384,[84 -64 4 0 0 0 0 0 0 0 0 0 -14 -10 -17 -12 -17 -9 -18 -11 -12 -11 -16 -14 -11 -15 -12 -14 -15 -12 -15 -10 -14 -12 -12 -15 -13 -14 -12 -13 -12 -11 -12 -16 -12 -11 -10 -12 -9 -12 -10 -12 -12 -14 -13 -10 -8 -10 -11 -10 -9 -14 -11 -10 2 2 -12 -13 -10 -13 -10 -11 -9 -11 -10 -9 -11 -11 -11 -8 -13 -9 -11 -9 -12 -10 -13 -7 -10 -6 -10 -9 -12 -6 -11 -7 -16 -6 -12 -10 -14 -5 -15 -6 -13 -6 -13 -4 -14 -7 -12 -4 -16 -5 -11 -4 -12 -5 0 2 0 0 0 0 0 0 0 0 ]
CSI_DATA,AP,68:FE:71:12:53:8C,-47,11,1,3,1,1,1,0,0,0,0,-93,0,6,1,44881548,0,82,0,0,44.882,384,[84 -64 4 0 0 0 0 0 0 0 0 0 -6 -4 -6 -3 -8 0 -10 -3 -7 0 -6 -4 -7 -5 -6 -4 -10 -4 -7 -2 -7 -4 -8 -2 -8 -2 -8 -3 -9 -5 -9 -3 -9 -2 -9 -4 -5 -4 -8 -5 -5 -4 -7 -5 -5 -5 -9 -3 -5 -5 -9 -6 -1 -1 -7 -2 -5 -3 -6 -3 -6 -3 -5 -4 -7 -4 -8 -3 -9 -1 -7 -5 -6 -2 -10 -3 -6 -4 -8 -1 -7 -4 -10 -1 -9 -3 -8 -1 -8 0 -8 0 -10 0 -7 -4 -9 -2 -9 -4 -8 0 -6 -4 -8 -1 -1 -2 0 0 0 0 0 0 0 0 ]
CSI_DATA,AP,68:FE:71:12:53:8C,-43,11,1,4,1,1,1,1,0,0,0,-95,1,6,1,44981573,0,84,0,0,44.982,384,[84 -64 4 0 0 0 0 0 0 0 0 0 -11 14 -9 14 -13 13 -12 14 -12 13 -11 11 -14 13 -15 10 -15 8 -13 10 -13 9 -15 7 -17 8 -12 7 -12 6 -14 11 -16 8 -12 7 -15 7 -15 8 -15 7 -15 10 -16 9 -16 5 -15 10 -13 8 2 -1 -12 9 -11 8 -12 9 -13 12 -14 10 -11 11 -11 7 -12 7 -13 9 -11 11 -11 9 -13 11 -12 10 -8 8 -11 12 -12 13 -10 11 -9 11 -10 13 -9 10 -10 14 -10 10 -12 10 -11 13 -8 10 -9 13 0 1 0 0 0 0 0 0 0 0 ]
CSI_DATA,AP,68:FE:71:12:53:8C,-46,11,1,4,1,1,1,0,0,0,0,-94,0,6,1,45073483,0,84,0,0,45.073,384,[84 -64 4 0 0 0 0 0 0 0 0 0 -15 -15 -16 -14 -12 -17 -16 -20 -11 -15 -10 -19 -12 -18 -11 -16 -11 -18 -10 -15 -10 -18 -11 -16 -8 -19 -11 -17 -10 -18 -9 -18 -6 -16 -9 -17 -7 -18 -6 -19 -7 -18 -7 -18 -8 -15 -9 -16 -10 -16 -7 -18 -1 -1 -7 -16 -9 -16 -7 -17 -7 -13 -8 -15 -10 -13 -9 -17 -7 -14 -10 -12 -8 -10 -12 -12 -8 -15 -8 -13 -11 -11 -8 -15 -11 -15 -11 -12 -11 -14 -12 -10 -12 -14 -12 -12 -12 -10 -10 -10 -15 -11 -11 -14 -12 -9 2 -1 0 0 0 0 0 0 0 0 ]
CSI_DATA,AP,68:FE:71:12:53:8C,-46,11,1,4,1,1,1,0,0,0,0,-93,0,6,1,45168776,0,84,0,0,45.169,384,[84 -64 4 0 0 0 0 0 0 0 0 0 21 -3 21 0 22 -2 19 -1 22 0 20 2 16 4 19 4 18 1 18 5 19 5 18 1 15 4 16 6 13 5 16 4 14 1 11 5 14 5 14 2 14 4 13 4 12 1 12 3 13 2 13 0 0 -1 10 -1 11 1 10 -3 11 -2 10 1 13 -3 13 -1 10 0 11 -4 11 -4 11 -2 10 -2 9 -5 13 -4 9 -3 11 -5 11 -7 11 -6 11 -6 13 -4 14 -4 10 -6 12 -7 11 -7 11 -7 9 -7 2 0 0 0 0 0 0 0 0 0 ]
CSI_DATA,AP,68:FE:71:12:53:8C,-42,11,1,6,1,1,1,0,0,0,0,-96,0,6,1,45269376,0,84,0,0,45.269,384,[84 -64 4 0 0 0 0 0 0 0 0 0 4 -30 3 -28 4 -28 5 -28 9 -27 9 -22 9 -25 7 -22 9 -22 11 -18 10 -21 7 -22 8 -19 8 -17 7 -15 8 -18 7 -16 8 -15 6 -18 7 -14 7 -17 8 -17 5 -15 6 -13 1 -16 1 -13 2 1 4 -14 3 -15 4 -14 -2 -12 -2 -12 -2 -13 2 -16 -2 -14 -4 -13 -3 -12 -6 -14 -5 -15 -6 -13 -3 -15 -3 -16 -7 -15 -7 -13 -7 -11 -6 -14 -6 -12 -5 -12 -5 -12 -8 -13 -7 -12 -6 -14 -9 -11 -2 -2 0 0 0 0 0 0 0 0 ]
CSI_DATA,AP,68:FE:71:12:53:8C,-43,11,1,6,1,1,1,0,0,0,0,-94,0,6,1,45365993,0,84,0,0,45.366,384,[84 -64 4 0 0 0 0 0 0 0 0 0 36 10 34 13 33 12 33 12 30 14 31 16 31 15 26 16 29 17 23 13 27 13 27 15 24 16 24 16 24 13 23 15 21 11 18 11 17 10 16 10 16 10 15 8 18 9 19 9 15 6 16 6 1 2 18 7 17 4 14 3 15 4 16 3 14 2 16 0 16 2 14 -2 13 -1 15 -2 12 -1 12 -3 14 -3 15 -6 13 -4 13 -4 14 -5 11 -4 10 -8 12 -6 11 -7 11 -6 8 -10 10 -9 12 -7 0 1 0 0 0 0 0 0 0 0 ]
CSI_DATA,AP,68:FE:71:12:53:8C,-45,11,1,4,1,1,1,0,0,0,0,-95,0,6,1,45453925,0,84,0,0,45.454,384,[84 -64 4 0 0 0 0 0 0 0 0 0 27 -14 30 -10 28 -10 33 -9 28 -9 28 -8 26 -5 26 -4 28 -2 26 -4 24 -5 25 -3 24 -4 24 -6 24 -5 25 -4 21 -3 22 -4 20 -1 20 -2 19 -4 18 -5 14 -2 16 -5 15 -4 16 -5 0 1 16 -7 16 -5 14 -4 9 -5 13 -9 11 -10 9 -9 7 -7 9 -10 6 -7 7 -8 8 -10 8 -10 6 -10 6 -10 5 -9 8 -12 3 -12 4 -10 5 -10 5 -10 2 -11 2 -12 0 -14 2 -11 0 -13 -2 2 0 0 0 0 0 0 0 0 ]
CSI_DATA,AP,68:FE:71:12:53:8C,-44,11,1,3,1,1,1,1,0,0,0,-94,4,6,1,45566573,0,84,0,0,45.567,384,[84 -64 4 0 0 0 0 0 0 0 0 0 15 6 15 4 16 5 16 9 18 6 17 6 17 6 14 9 16 6 13 8 12 9 15 9 14 10 11 9 11 6 12 6 11 6 14 8 14 8 12 8 10 6 11 8 10 8 12 7 14 6 14 8 -2 0 10 8 15 7 14 5 11 6 12 6 15 4 16 3 13 4 13 4 15 4 14 3 13 3 14 6 16 4 12 7 17 3 15 5 13 4 16 5 16 4 17 3 13 5 16 2 18 4 13 4 15 6 -2 2 0 0 0 0 0 0 0 0 ]
CSI_DATA,AP,68:FE:71:12:53:8C,-44,11,1,4,1,1,1,0,0,0,0,-95,0,6,1,45640355,0,84,0,0,45.64,384,[84 -64 4 0 0 0 0 0 0 0 0 0 17 -21 17 -21 19 -19 20 -21 20 -17 21 -20 20 -17 19 -17 24 -18 19 -19 22 -16 25 -17 21 -17 22 -18 22 -17 22 -17 23 -17 19 -15 20 -16 21 -16 22 -14 23 -13 22 -15 24 -18 24 -16 23 -15 2 -2 20 -16 20 -17 19 -18 21 -17 20 -18 20 -16 18 -20 19 -17 18 -20 20 -21 21 -22 16 -20 19 -23 18 -19 18 -22 21 -21 17 -23 21 -20 20 -20 20 -21 20 -19 20 -21 17 -21 20 -21 15 -22 18 -22 1 -2 0 0 0 0 0 0 0 0 ]
CSI_DATA,AP,68:FE:71:12:53:8C,-50,11,1,2,1,1,1,1,0,0,0,-93,5,6,1,45731827,0,84,0,0,45.732,384,[84 -64 4 0 0 0 0 0 0 0 0 0 -7 -16 -4 -15 -4 -14 -6 -19 -6 -17 -2 -18 -2 -18 -1 -17 -4 -17 -1 -14 -3 -16 -1 -17 -3 -19 -1 -19 -3 -17 -3 -18 0 -17 1 -15 0 -18 0 -17 0 -18 2 -14 -2 -15 0 -15 -3 -17 -3 -18 -1 2 0 -14 0 -15 0 -15 -4 -14 -4 -14 -1 -14 -2 -13 -2 -16 -1 -12 -4 -14 -5 -15 -5 -16 -4 -13 -6 -17 -4 -14 -7 -15 -7 -13 -5 -15 -6 -12 -8 -11 -7 -15 -8 -15 -8 -13 -7 -15 -7 -14 -8 -13 0 2 0 0 0 0 0 0 0 0 ]
CSI_DATA,AP,68:FE:71:12:53:8C,-47,11,1,5,1,1,1,0,0,0,1,-95,0,6,1,45824410,0,84,0,0,45.824,384,[84 -64 4 0 0 0 0 0 0 0 0 0 16 -2 16 -2 19 -5 20 -5 20 -4 17 1 18 2 17 3 21 0 21 2 23 0 19 5 22 1 23 6 18 4 21 5 20 6 20 6 20 5 21 7 19 6 18 6 19 4 17 3 22 7 20 7 1 0 20 3 21 6 21 5 20 0 20 2 19 4 21 1 20 0 20 0 19 -1 18 1 18 -1 19 2 18 -2 17 -2 21 -2 21 -3 18 -4 22 -2 17 -1 21 -1 21 -1 21 -1 18 -1 22 -3 17 -3 -1 -2 0 0 0 0 0 0 0 0 ]
CSI_DATA,AP,68:FE:71:12:53:8C,-42,11,1,4,1,1,1,0,0,0,0,-96,0,6,1,45929486,0,84,0,0,45.929,384,[84 -64 4 0 0 0 0 0 0 0 0 0 2 15 5 12 2 15 4 17 5 17 4 15 4 18 4 15 4 15 -1 16 -1 19 1 21 -1 18 -2 16 -1 19 -1 22 -1 21 -2 18 -3 18 0 16 -4 16 -4 16 -1 16 0 18 -3 17 -1 16 0 2 -2 16 -3 19 1 18 -2 18 1 17 -1 16 1 16 2 18 2 17 1 18 0 18 3 18 1 17 1 16 -1 19 4 19 2 16 6 15 4 16 5 14 4 17 3 15 6 17 4 18 4 18 4 15 1 1 0 0 0 0 0 0 0 0 ]
CSI_DATA,AP,68:FE:71:12:53:8C,-42,11,0,0,0,0,0,1,0,0,0,-93,1,6,1,46015430,0,37,0,0,46.015,128,[84 -64 4 0 0 0 0 0 0 0 0 0 14 -1 13 1 12 3 12 3 12 2 11 0 13 4 13 3 10 3 12 5 10 5 12 5 13 3 10 5 10 4 10 4 10 4 9 4 8 4 7 4 10 2 7 4 9 2 11 5 11 5 9 4 1 2 7 3 7 3 9 1 10 0 11 4 7 0 9 0 7 0 11 2 8 -2 10 1 11 2 8 1 7 -2 7 -1 10 -2 11 1 11 0 11 -2 7 0 11 0 7 -2 9 0 11 -3 11 0 11 -2 -1 2 0 0 0 0 0 0 0 0 ]
CSI_DATA,AP,68:FE:71:12:53:8C,-46,11,1,3,1,1,1,0,0,0,0,-95,0,6,1,46116595,0,84,0,0,46.117,384,[82 -96 4 0 0 0 0 0 0 0 0 0 -15 -11 -13 -13 -12 -12 -15 -11 -15 -14 -10 -15 -10 -14 -13 -12 -9 -12 -10 -15 -13 -15 -12 -14 -9 -17 -13 -16 -10 -15 -9 -17 -8 -16 -8 -16 -10 -14 -11 -12 -9 -14 -11 -14 -10 -11 -11 -12 -9 -13 -8 -15 -2 -2 -7 -14 -9 -10 -7 -11 -9 -9 -7 -13 -9 -13 -9 -13 -10 -9 -10 -13 -9 -11 -9 -8 -9 -10 -11 -11 -12 -8 -10 -12 -9 -11 -10 -11 -10 -12 -11 -9 -12 -9 -13 -10 -14 -11 -14 -7 -12 -10 -14 -6 -14 -8 1 0 0 0 0 0 0 0 0 0 ]
CSI_DATA,AP,68:FE:71:12:53:8C,-43,11,1,6,1,1,1,0,0,0,0,-94,0,6,1,46236580,0,84,0,0,46.237,384,[84 -64 4 0 0 0 0 0 0 0 0 0 4 18 4 20 7 18 6 21 3 16 6 16 1 17 4 17 1 15 2 18 2 17 3 16 -1 17 2 18 0 15 -1 17 -2 19 1 15 2 15 0 14 -1 15 -1 15 2 17 2 16 -2 14 1 16 -1 1 1 13 0 16 2 13 3 16 3 15 1 16 4 16 4 16 3 13 4 13 4 16 5 16 6 16 3 13 6 13 4 16 6 15 3 15 5 15 3 14 6 12 6 14 4 12 5 16 8 15 6 16 1 0 0 0 0 0 0 0 0 0 ]
CSI_DATA,AP,68:FE:71:12:53:8C,-49,11,1,1,1,1,1,0,0,0,0,-95,0,6,1,46357957,0,84,0,0,46.358,384,[84 -64 4 0 0 0 0 0 0 0 0 0 -1 -22 1 -24 -2 -21 0 -23 0 -23 0 -23 1 -21 2 -22 3 -19 5 -20 2 -19 4 -18 4 -18 5 -21 5 -19 5 -17 2 -18 1 -20 7 -17 4 -20 3 -19 6 -19 5 -19 4 -18 1 -17 5 -15 -2 -1 3 -17 1 -14 4 -17 1 -16 3 -17 0 -16 3 -18 0 -18 -1 -18 -2 -14 1 -15 0 -15 -3 -18 -1 -17 -3 -14 -1 -15 -1 -19 -2 -18 -1 -14 -1 -16 -4 -19 -6 -15 -3 -19 -6 -18 -6 -16 -5 -16 -1 1 0 0 0 0 0 0 0 0 ]
CSI_DATA,AP,68:FE:71:12:53:8C,-50,11,1,2,1,1,1,0,0,0,0,-95,0,6,1,46493842,0,84,0,0,46.494,384,[84 -64 4 0 0 0 0 0 0 0 0 0 19 2 17 2 20 2 18 1 18 2 20 2 18 5 16 2 19 5 15 4 15 7 15 7 15 3 19 3 14 7 16 4 16 8 17 3 14 6 15 3 13 3 16 4 16 5 16 4 16 6 15 3 2 1 16 3 14 3 14 4 12 5 15 1 16 1 14 4 16 0 15 2 12 1 12 2 14 1 16 3 17 2 16 2 16 1 16 -1 12 0 16 -2 14 -1 12 -1 13 -3 13 -3 14 -3 14 -2 13 -1 2 -1 0 0 0 0 0 0 0 0 ]
CSI_DATA,AP,68:FE:71:12:53:8C,-41,11,0,0,0,0,0,0,0,0,0,-93,0,6,1,46613600,0,37,0,0,46.614,128,[84 -64 4 0 0 0 0 0 0 0 0 0 6 20 2 20 5 22 1 17 3 20 3 20 2 16 0 20 2 16 1 17 1 17 0 19 -2 17 0 17 -2 15 -3 17 -3 18 0 16 -1 18 -2 14 -4 17 -3 18 -3 14 1 17 0 14 1 14 2 -2 1 14 -1 14 -2 13 -1 16 1 15 1 14 1 12 1 12 -1 16 4 13 4 14 2 13 3 16 1 16 1 15 4 15 4 14 2 15 3 15 2 12 3 16 4 16 6 13 5 12 5 11 6 11 2 1 0 0 0 0 0 0 0 0 ]
CSI_DATA,AP,68:FE:71:12:53:8C,-47,11,1,4,1,1,1,0,0,0,0,-94,0,6,1,46730228,0,84,0,0,46.73,384,[84 -64 4 0 0 0 0 0 0 0 0 0 35 8 35 9 38 8 39 10 35 11 36 16 34 12 33 17 32 17 35 18 31 17 33 21 31 20 31 20 32 17 31 17 31 18 30 18 28 16 28 17 30 20 28 16 26 18 31 18 28 17 29 17 0 -1 25 16 28 15 27 13 29 11 28 14 31 13 31 11 29 11 28 9 26 6 31 10 27 10 28 12 30 8 31 10 29 5 31 9 32 5 30 6 28 4 28 4 30 5 30 3 31 2 30 7 32 5 2 1 0 0 0 0 0 0 0 0 ]
CSI_DATA,AP,68:FE:71:12:53:8C,-45,11,1,4,1,1,1,1,0,0,0,-93,2,6,1,46842197,0,84,0,0,46.842,384,[84 -64 4 0 0 0 0 0 0 0 0 0 16 -4 18 -3 20 -3 20 1 19 1 21 2 20 4 16 4 17 3 16 2 17 1 18 3 19 2 18 4 19 2 16 5 20 6 14 3 17 4 15 4 18 4 15 2 12 1 17 1 15 3 17 4 1 1 17 1 15 3 14 4 13 2 14 1 16 2 15 0 14 0 13 0 15 -1 14 0 14 -1 16 -3 15 1 12 -2 17 -3 14 -2 17 0 14 -3 13 -1 17 -1 13 -2 16 -1 15 -6 17 -3 14 -1 2 -2 0 0 0 0 0 0 0 0 ]
CSI_DATA,AP,68:FE:71:12:53:8C,-48,11,1,5,1,1,1,0,0,0,0,-95,0,6,1,46960517,0,84,0,0,46.961,384,[84 -64 4 0 0 0 0 0 0 0 0 0 17 -1 20 0 18 -1 18 -1 19 0 19 1 18 3 17 3 18 4 19 4 20 1 16 3 17 3 17 6 19 2 19 5 15 6 15 5 18 5 14 6 14 5 15 3 15 3 18 4 17 6 15 4 0 0 13 2 14 1 16 1 13 1 13 1 14 -1 15 2 16 -1 15 1 14 0 13 -1 15 -2 15 1 17 1 15 -1 16 -1 17 -3 16 -5 17 -5 14 -4 13 -5 13 -3 13 -5 18 -3 16 -3 14 -6 2 2 0 0 0 0 0 0 0 0 ]
CSI_DATA,AP,68:FE:71:12:53:8C,-41,11,1,5,1,1,1,0,0,0,0,-94,0,6,1,47073631,0,84,0,0,47.074,384,[84 -64 4 0 0 0 0 0 0 0 0 0 -19 6 -19 7 -18 7 -19 7 -21 4 -23 5 -23 2 -22 4 -23 3 -22 1 -21 5 -22 4 -20 2 -22 4 -20 -1 -21 -1 -20 3 -17 -1 -21 0 -19 2 -16 2 -17 -1 -17 1 -16 1 -20 -1 -20 1 -2 0 -15 2 -20 2 -19 5 -19 2 -18 2 -17 3 -18 4 -18 2 -14 4 -15 7 -17 6 -14 4 -17 4 -14 5 -16 5 -14 7 -17 5 -16 7 -14 7 -13 8 -13 5 -17 6 -13 10 -12 7 -12 9 -14 9 -1 -1 0 0 0 0 0 0 0 0 ]
CSI_DATA,AP,68:FE:71:12:53:8C,-45,11,1,4,1,1,1,0,0,0,0,-95,0,6,1,47182760,0,84,0,0,47.183,384,[84 -64 4 0 0 0 0 0 0 0 0 0 -4 16 -5 15 -3 17 -6 19 -7 18 -6 16 -8 14 -7 14 -8 16 -6 18 -10 18 -8 15 -8 16 -6 16 -9 13 -7 17 -11 15 -9 15 -7 16 -8 12 -10 13 -8 13 -7 14 -7 14 -8 12 -8 11 0 -2 -8 14 -4 13 -5 14 -6 13 -6 11 -7 15 -5 16 -3 11 -5 12 -2 12 -3 12 -3 13 -5 16 -4 15 -1 13 -2 16 -5 16 0 15 -2 12 -1 15 -1 13 -3 15 0 17 -2 15 0 14 1 14 -1 2 0 0 0 0 0 0 0 0 ]
CSI_DATA,AP,68:FE:71:12:53:8C,-47,11,1,3,1,1,1,0,0,0,0,-94,0,6,1,47256397,0,84,0,0,47.256,384,[84 -64 4 0 0 0 0 0 0 0 0 0 -5 -15 -5 -18 -7 -18 -6 -17 -4 -20 -2 -18 -3 -19 -2 -20 -4 -16 -3 -18 -3 -16 -3 -19 -1 -17 0 -19 0 -19 0 -19 -1 -17 -2 -15 1 -15 0 -14 -3 -17 1 -18 -2 -15 0 -17 0 -14 -1 -13 0 1 -1 -16 1 -14 -1 -17 -1 -16 -4 -14 -1 -13 -4 -15 0 -15 -3 -15 -2 -13 -2 -12 -1 -12 -5 -16 -6 -14 -3 -13 -3 -13 -6 -14 -6 -16 -5 -15 -4 -13 -7 -15 -7 -14 -3 -14 -8 -14 -7 -12 -4 -11 -1 1 0 0 0 0 0 0 0 0 ]
CSI_DATA,AP,68:FE:71:12:53:8C,-42,11,1,6,1,1,1,1,0,0,0,-95,5,6,1,47339901,0,84,0,0,47.34,384,[84 -64 4 0 0 0 0 0 0 0 0 0 -19 6 -20 4 -18 6 -18 6 -21 6 -18 3 -22 5 -18 5 -18 1 -17 4 -19 4 -22 2 -18 3 -22 -1 -18 0 -19 2 -20 2 -20 0 -19 1 -20 0 -17 0 -16 1 -16 1 -16 -2 -20 -2 -15 -1 0 0 -14 2 -16 4 -15 4 -14 1 -16 1 -15 1 -16 1 -14 2 -16 5 -13 1 -18 5 -14 2 -17 5 -17 7 -15 4 -13 5 -13 4 -17 5 -13 5 -16 6 -14 7 -13 4 -13 8 -17 7 -12 7 -14 6 2 2 0 0 0 0 0 0 0 0 ]
CSI_DATA,AP,68:FE:71:12:53:8C,-45,11,1,3,1,1,1,0,0,0,0,-95,0,6,1,47460972,0,82,0,0,47.461,384,[84 -64 4 0 0 0 0 0 0 0 0 0 -9 16 -11 18 -11 18 -10 18 -11 15 -11 17 -10 15 -13 14 -11 12 -14 16 -11 13 -13 11 -14 15 -14 13 -16 11 -16 10 -16 10 -11 13 -14 12 -12 11 -12 13 -11 10 -14 12 -12 11 -14 12 -15 13 -1 0 -12 13 -14 12 -12 12 -10 10 -13 10 -11 13 -12 14 -12 14 -10 10 -11 11 -11 11 -10 11 -10 15 -10 13 -10 13 -6 15 -10 15 -7 14 -6 14 -9 16 -6 12 -7 12 -5 14 -9 13 -8 12 -4 13 -1 1 0 0 0 0 0 0 0 0 ]
CSI_DATA,AP,68:FE:71:12:53:8C,-45,11,1,5,1,1,1,0,0,0,0,-94,0,6,1,47546018,0,84,0,0,47.546,384,[84 -64 4 0 0 0 0 0 0 0 0 0 -4 -18 -3 -21 -3 -18 2 -17 2 -20 3 -18 1 -19 1 -16 4 -17 5 -18 1 -18 5 -15 1 -19 5 -16 4 -19 5 -17 4 -19 5 -13 3 -13 7 -18 4 -16 3 -15 4 -13 5 -17 4 -17 4 -13 -1 1 5 -13 3 -15 1 -13 0 -16 2 -16 2 -13 2 -16 0 -13 1 -16 -1 -12 -2 -13 -2 -15 -1 -17 0 -13 1 -14 0 -15 0 -15 1 -14 -1 -17 -3 -16 1 -14 0 -15 -1 -13 -2 -14 -2 -13 -2 -12 -2 2 0 0 0 0 0 0 0 0 ]
CSI_DATA,AP,68:FE:71:12:53:8C,-44,11,1,3,1,1,1,0,0,0,0,-95,0,6,1,47650991,0,84,0,0,47.651,384,[84 -64 4 0 0 0 0 0 0 0 0 0 -1 22 -4 17 -4 23 -4 19 -5 20 -5 17 -7 21 -9 19 -7 19 -5 19 -5 18 -9 21 -9 18 -9 16 -5 20 -8 15 -9 15 -9 17 -5 16 -6 17 -6 17 -7 16 -9 16 -7 18 -9 16 -4 13 -1 -1 -7 13 -3 15 -6 17 -5 15 -3 16 -3 16 -6 14 -3 14 -5 14 -5 13 -2 16 1 16 -1 17 -2 14 -2 17 -3 15 -3 16 1 17 -2 15 -3 13 2 17 -1 14 3 18 3 15 4 15 1 16 1 0 0 0 0 0 0 0 0 0 ]
CSI_DATA,AP,68:FE:71:12:53:8C,-47,11,1,3,1,1,1,0,0,0,0,-93,0,6,1,47759740,0,84,0,0,47.76,384,[84 -64 4 0 0 0 0 0 0 0 0 0 -20 1 -21 1 -20 0 -22 -1 -18 -4 -22 -2 -19 -5 -19 -7 -19 -5 -18 -4 -19 -6 -19 -7 -17 -7 -19 -8 -16 -6 -21 -6 -15 -7 -16 -7 -17 -6 -14 -5 -15 -9 -14 -9 -17 -7 -17 -3 -19 -3 -15 -8 -2 1 -18 -8 -15 -5 -16 -5 -13 -4 -18 -5 -15 -7 -16 -3 -16 -3 -15 -6 -15 -5 -17 -4 -18 -3 -18 -2 -16 1 -18 0 -18 -3 -16 -2 -14 2 -18 1 -18 2 -17 -2 -14 2 -18 0 -15 3 -19 1 -18 1 0 2 0 0 0 0 0 0 0 0 ]
CSI_DATA,AP,68:FE:71:12:53:8C,-47,11,1,3,1,1,1,0,0,0,0,-95,0,6,1,47905591,0,84,0,0,47.906,384,[84 -64 4 0 0 0 0 0 0 0 0 0 -8 19 -6 15 -8 16 -6 19 -9 18 -10 16 -9 15 -7 14 -7 15 -11 14 -10 13 -9 12 -8 13 -9 12 -11 16 -11 11 -11 13 -7 11 -7 13 -10 15 -10 12 -8 14 -8 11 -8 10 -6 11 -10 12 0 2 -9 10 -5 12 -9 10 -4 14 -7 14 -6 14 -6 11 -7 11 -6 14 -6 11 -5 12 -6 12 -5 11 -3 16 -6 15 -2 12 -5 14 -4 14 -2 16 -2 16 0 12 0 13 -2 16 -2 16 0 13 -1 15 1 -1 0 0 0 0 0 0 0 0 ]
CSI_DATA,AP,68:FE:71:12:53:8C,-46,11,1,3,1,1,1,0,0,0,0,-95,0,6,1,47994819,0,84,0,0,47.995,384,[84 -64 4 0 0 0 0 0 0 0 0 0 -39 -1 -41 2 -43 0 -45 -1 -44 -4 -42 -4 -41 -7 -42 -5 -41 -7 -40 -6 -41 -9 -39 -13 -41 -11 -37 -10 -39 -13 -41 -9 -37 -12 -36 -10 -36 -8 -35 -9 -34 -12 -33 -11 -33 -9 -33 -12 -37 -9 -33 -7 -1 -2 -34 -9 -37 -8 -35 -8 -37 -3 -35 -5 -34 -7 -33 -8 -32 -3 -30 -7 -34 1 -35 -1 -32 0 -34 -2 -35 -1 -36 -1 -34 1 -35 -1 -34 4 -34 3 -31 3 -32 3 -31 3 -34 1 -36 7 -35 6 -32 6 2 0 0 0 0 0 0 0 0 0 ]
CSI_DATA,AP,68:FE:71:12:53:8C,-48,11,1,5,1,1,1,0,0,0,0,-94,0,6,1,48090479,0,84,0,0,48.09,384,[84 -64 4 0 0 0 0 0 0 0 0 0 -18 -9 -17 -12 -17 -15 -16 -13 -15 -12 -15 -15 -14 -13 -15 -15 -12 -14 -14 -15 -15 -17 -11 -14 -11 -15 -10 -16 -12 -15 -10 -15 -11 -14 -13 -14 -10 -13 -10 -15 -10 -14 -12 -16 -11 -16 -11 -14 -9 -16 -8 -13 -2 -2 -11 -11 -13 -14 -10 -14 -9 -10 -9 -10 -9 -15 -13 -12 -14 -10 -9 -13 -12 -10 -11 -8 -11 -10 -10 -12 -11 -10 -14 -9 -11 -8 -15 -10 -13 -8 -14 -10 -14 -8 -12 -11 -12 -10 -12 -8 -14 -9 -12 -11 -13 -9 2 -2 0 0 0 0 0 0 0 0 ]
CSI_DATA,AP,68:FE:71:12:53:8C,-42,11,0,0,0,0,0,0,0,0,0,-94,0,6,1,48168451,0,37,0,0,48.168,128,[84 -64 4 0 0 0 0 0 0 0 0 0 -7 16 -9 18 -8 18 -7 17 -9 16 -10 18 -10 18 -12 15 -12 14 -10 16 -11 16 -13 17 -13 13 -13 17 -13 14 -9 16 -11 15 -11 15 -11 16 -11 12 -10 16 -8 12 -11 15 -9 16 -13 15 -12 14 -1 1 -7 14 -11 15 -9 12 -6 14 -8 14 -10 11 -6 15 -6 11 -8 13 -6 14 -5 14 -4 12 -4 12 -7 13 -7 13 -3 15 -5 16 -3 13 -2 15 -5 16 -4 16 -2 16 -4 15 -4 17 -1 17 -5 13 0 -2 0 0 0 0 0 0 0 0 ]
CSI_DATA,AP,68:FE:71:12:53:8C,-44,11,1,3,1,1,1,0,0,0,0,-95,0,6,1,48275754,0,84,0,0,48.276,384,[84 -64 4 0 0 0 0 0 0 0 0 0 20 0 21 -3 21 1 22 2 22 1 21 2 16 4 16 4 20 2 19 6 18 5 19 4 17 4 19 5 20 7 19 4 17 7 16 3 16 3 16 6 15 6 18 4 14 7 17 7 16 3 14 6 -2 2 16 6 17 6 13 4 16 4 13 1 17 2 14 3 13 1 15 3 15 0 13 3 12 0 13 0 17 0 13 3 15 -1 13 -1 16 1 15 -2 17 -1 16 0 15 -2 13 -2 15 0 13 -2 13 -1 0 -2 0 0 0 0 0 0 0 0 ]
CSI_DATA,AP,68:FE:71:12:53:8C,-48,11,1,4,1,1,1,0,0,0,0,-96,0,6,1,48373049,0,82,0,0,48.373,384,[84 -64 4 0 0 0 0 0 0 0 0 0 10 -16 15 -18 16 -15 13 -15 14 -13 16 -16 16 -16 17 -14 15 -14 13 -13 16 -14 14 -14 18 -13 16 -12 16 -10 15 -11 15 -10 16 -13 15 -9 13 -10 16 -12 15 -8 12 -9 15 -8 15 -10 16 -8 1 -1 11 -11 12 -11 13 -9 12 -13 13 -12 10 -12 14 -12 13 -11 13 -14 8 -13 12 -13 11 -10 8 -10 7 -12 10 -13 9 -15 9 -12 7 -16 10 -16 7 -12 10 -15 9 -14 7 -15 8 -14 10 -15 6 -16 -1 -1 0 0 0 0 0 0 0 0 ]
CSI_DATA,AP,68:FE:71:12:53:8C,-46,11,1,3,1,1,1,0,0,0,0,-94,0,6,1,48492651,0,84,0,0,48.493,384,[84 -64 4 0 0 0 0 0 0 0 0 0 -10 16 -10 20 -12 17 -12 20 -13 18 -13 17 -15 17 -16 16 -13 13 -13 15 -15 14 -15 16 -13 13 -16 12 -12 11 -14 14 -13 12 -12 12 -16 14 -13 12 -15 10 -14 14 -14 9 -13 11 -12 12 -14 13 1 -2 -12 13 -14 15 -13 13 -13 11 -14 13 -13 11 -13 15 -11 10 -11 11 -8 12 -10 15 -10 12 -11 14 -9 16 -10 11 -11 14 -10 13 -5 17 -8 17 -6 16 -6 17 -5 16 -6 14 -6 18 -8 17 -7 17 -1 2 0 0 0 0 0 0 0 0 ]
CSI_DATA,AP,68:FE:71:12:53:8C,-46,11,1,4,1,1,1,0,0,0,0,-96,0,6,1,48588507,0,84,0,0,48.589,384,[84 -64 4 0 0 0 0 0 0 0 0 0 -15 -18 -15 -17 -14 -20 -14 -20 -11 -18 -12 -17 -12 -16 -9 -19 -10 -17 -9 -20 -10 -19 -10 -20 -7 -19 -10 -20 -10 -17 -8 -21 -9 -16 -9 -16 -5 -18 -8 -18 -8 -16 -6 -17 -5 -15 -6 -18 -7 -19 -5 -16 2 1 -6 -15 -5 -17 -6 -15 -7 -16 -8 -15 -9 -17 -9 -14 -9 -17 -8 -16 -7 -16 -9 -16 -9 -12 -8 -15 -9 -13 -9 -16 -9 -14 -11 -16 -12 -11 -12 -15 -11 -10 -13 -12 -11 -11 -11 -13 -11 -13 -11 -14 -12 -13 0 2 0 0 0 0 0 0 0 0 ]
CSI_DATA,AP,68:FE:71:12:53:8C,-47,11,1,3,1,1,1,1,0,0,0,-94,3,6,1,48676678,0,84,0,0,48.677,384,[84 -64 4 0 0 0 0 0 0 0 0 0 3 22 1 23 -2 24 -3 21 -1 24 -3 24 -4 19 -4 19 -3 20 -3 19 -4 22 -6 20 -3 19 -3 19 -7 18 -5 22 -7 18 -4 18 -8 19 -5 21 -5 16 -8 19 -3 14 -7 20 -6 19 -3 18 0 1 -7 16 -6 19 -5 21 -5 15 -3 16 -2 17 -2 17 -1 14 -4 18 1 17 0 16 2 15 0 16 2 17 0 16 1 19 1 19 -1 15 0 16 0 17 -1 18 2 18 4 15 5 17 1 15 5 15 -1 1 0 0 0 0 0 0 0 0 ]
CSI_DATA,AP,68:FE:71:12:53:8C,-46,11,1,4,1,1,1,1,0,0,1,-95,5,6,1,48800165,0,84,0,0,48.8,384,[84 -64 4 0 0 0 0 0 0 0 0 0 0 20 -2 21 1 20 -3 23 -3 22 -4 22 -4 22 -3 21 -5 21 -5 20 -7 20 -6 24 -4 19 -4 18 -8 17 -9 22 -4 18 -6 17 -5 16 -5 18 -5 19 -4 20 -5 17 -5 18 -3 18 -5 16 1 2 -3 19 -2 20 -6 20 -3 19 -5 17 -5 17 -3 15 -2 15 -1 18 -1 15 -1 15 0 18 1 19 0 19 -1 17 1 19 -1 18 2 19 -1 18 3 15 1 15 -1 20 3 19 1 20 3 19 4 16 2 0 0 0 0 0 0 0 0 0 ]
CSI_DATA,AP,68:FE:71:12:53:8C,-48,11,1,4,1,1,1,0,0,0,0,-94,0,6,1,48895038,0,84,0,0,48.895,384,[84 -64 4 0 0 0 0 0 0 0 0 0 13 16 13 15 17 14 13 15 12 16 10 14 11 15 9 16 11 17 10 15 9 19 9 16 9 17 12 15 11 16 8 18 10 17 7 15 7 14 7 18 10 18 8 16 6 17 7 15 8 18 7 15 1 2 8 16 8 17 12 15 13 11 7 15 9 15 8 12 11 12 12 13 10 12 13 10 10 13 12 10 10 11 13 12 14 10 12 12 14 8 11 12 12 9 11 10 15 7 15 11 16 6 14 8 15 7 1 -2 0 0 0 0 0 0 0 0 ]
CSI_DATA,AP,68:FE:71:12:53:8C,-47,11,1,5,1,1,1,1,0,0,0,-94,5,6,1,48974579,0,84,0,0,48.975,384,[84 -64 4 0 0 0 0 0 0 0 0 0 -21 -8 -19 -8 -19 -11 -19 -11 -22 -11 -20 -11 -18 -14 -15 -11 -18 -15 -15 -12 -20 -16 -16 -14 -16 -15 -18 -13 -15 -16 -20 -15 -18 -13 -16 -11 -17 -14 -13 -13 -13 -15 -14 -15 -11 -13 -14 -15 -13 -12 -15 -13 1 -2 -15 -9 -15 -13 -16 -12 -15 -12 -12 -8 -13 -10 -15 -13 -17 -9 -15 -9 -17 -7 -18 -8 -14 -5 -16 -6 -13 -9 -15 -8 -15 -8 -20 -9 -16 -5 -18 -7 -18 -7 -17 -4 -17 -7 -17 -8 -20 -3 -16 -3 -20 -5 0 0 0 0 0 0 0 0 0 0 ]
CSI_DATA,AP,68:FE:71:12:53:8C,-50,11,1,2,1,1,1,0,0,0,0,-94,0,6,1,49075336,0,84,0,0,49.075,384,[84 -64 4 0 0 0 0 0 0 0 0 0 17 -6 19 -7 23 -3 21 -5 20 -3 20 -2 19 -3 19 -2 22 -1 18 0 21 1 19 -1 22 1 20 2 17 3 18 3 19 0 17 2 19 2 16 2 19 2 19 1 14 3 17 1 16 3 15 3 -2 1 15 -1 19 0 18 0 15 -2 18 0 15 -2 19 -1 14 1 16 1 18 -5 17 -3 14 -5 15 -3 18 -2 14 -4 19 -3 18 -2 14 -4 19 -4 18 -5 15 -4 16 -6 17 -7 15 -8 16 -4 16 -5 1 1 0 0 0 0 0 0 0 0 ]
CSI_DATA,AP,68:FE:71:12:53:8C,-46,11,1,3,1,1,1,0,0,0,0,-96,0,6,1,49149044,0,84,0,0,49.149,384,[84 -64 4 0 0 0 0 0 0 0 0 0 -11 -17 -10 -20 -14 -20 -13 -19 -10 -22 -11 -18 -7 -21 -6 -17 -7 -18 -8 -22 -7 -20 -7 -22 -9 -23 -5 -21 -4 -18 -9 -20 -8 -18 -8 -20 -7 -21 -7 -20 -3 -21 -7 -19 -6 -20 -4 -20 -5 -18 -6 -20 -2 -1 -8 -18 -9 -17 -6 -15 -6 -15 -6 -15 -8 -16 -8 -15 -9 -14 -7 -13 -9 -14 -7 -16 -7 -15 -8 -14 -8 -12 -12 -16 -9 -14 -10 -15 -11 -16 -13 -12 -10 -11 -12 -15 -12 -15 -13 -17 -12 -14 -11 -15 -10 -14 0 -1 0 0 0 0 0 0 0 0 ]
CSI_DATA,AP,68:FE:71:12:53:8C,-45,11,1,3,1,1,1,0,0,0,0,-95,0,6,1,49249711,0,84,0,0,49.25,384,[84 -64 4 0 0 0 0 0 0 0 0 0 7 15 9 18 11 20 10 18 8 18 7 19 7 17 6 17 3 19 6 17 4 21 8 21 3 21 3 19 6 19 5 16 6 17 3 15 4 15 4 19 3 17 5 15 4 14 1 18 2 15 3 18 -1 -1 3 14 2 14 6 16 4 16 5 16 7 14 5 15 4 14 6 12 8 14 9 14 8 15 6 14 7 11 8 11 9 13 9 13 11 12 8 14 9 14 8 13 6 11 10 11 8 12 9 12 13 9 0 1 0 0 0 0 0 0 0 0 ]
CSI_DATA,AP,68:FE:71:12:53:8C,-48,11,1,5,1,1,1,1,0,0,1,-95,1,6,1,49343111,0,84,0,0,49.343,384,[84 -64 4 0 0 0 0 0 0 0 0 0 -11 15 -11 19 -11 17 -12 19 -12 18 -16 13 -15 15 -16 11 -15 14 -14 13 -14 13 -14 15 -14 15 -16 14 -16 12 -17 13 -16 10 -14 13 -14 11 -14 9 -12 12 -12 12 -13 10 -16 9 -14 11 -14 11 0 2 -11 13 -14 11 -11 10 -13 14 -11 9 -10 12 -9 14 -11 12 -10 12 -8 10 -10 12 -8 12 -10 13 -9 15 -9 11 -10 13 -11 13 -6 16 -7 16 -9 13 -11 12 -8 11 -8 15 -7 13 -10 15 -5 16 1 1 0 0 0 0 0 0 0 0 ]
CSI_DATA,AP,68:FE:71:12:53:8C,-50,11,0,0,0,0,0,0,0,0,0,-93,0,6,1,49428595,0,37,0,0,49.429,128,[84 -64 4 0 0 0 0 0 0 0 0 0 0 -22 1 -19 -3 -25 -2 -21 2 -24 4 -22 3 -22 1 -21 1 -20 1 -18 4 -22 4 -23 6 -19 6 -20 6 -18 3 -20 3 -21 6 -21 4 -16 7 -20 5 -18 4 -20 2 -19 3 -19 5 -18 4 -19 -2 2 1 -15 3 -16 4 -15 0 -20 0 -15 3 -20 2 -16 3 -17 1 -19 -2 -14 -3 -15 2 -17 1 -15 -1 -16 -1 -16 -2 -17 -2 -19 -2 -15 -4 -18 -2 -15 -2 -19 -4 -15 -5 -17 -5 -18 -6 -18 -4 -15 -1 1 0 0 0 0 0 0 0 0 ]
CSI_DATA,AP,68:FE:71:12:53:8C,-49,11,1,1,1,1,1,0,0,0,0,-95,0,6,1,49547531,0,84,0,0,49.548,384,[84 -64 4 0 0 0 0 0 0 0 0 0 -10 19 -10 16 -12 18 -13 16 -12 16 -12 15 -14 14 -12 14 -17 14 -14 15 -16 17 -14 13 -16 14 -15 12 -16 12 -16 13 -18 10 -16 10 -14 13 -17 10 -15 12 -16 11 -12 10 -12 10 -12 11 -12 12 -1 -1 -12 14 -11 12 -15 11 -11 12 -12 13 -14 10 -14 14 -10 13 -14 13 -8 11 -11 14 -9 13 -9 13 -10 16 -8 14 -8 12 -8 14 -9 15 -11 15 -9 13 -10 15 -6 12 -8 14 -5 18 -5 13 -4 18 -1 2 0 0 0 0 0 0 0 0 ]
CSI_DATA,AP,68:FE:71:12:53:8C,-48,11,1,5,1,1,1,0,0,0,0,-93,0,6,1,49664059,0,84,0,0,49.664,384,[84 -64 4 0 0 0 0 0 0 0 0 0 -20 2 -18 1 -22 5 -23 0 -22 3 -19 -1 -19 2 -21 0 -19 -2 -22 -2 -21 -3 -20 -1 -21 -3 -22 -2 -19 -5 -23 -3 -20 -2 -20 -2 -16 -3 -19 -2 -18 -3 -21 -3 -17 -1 -21 -4 -21 -1 -17 -2 2 0 -18 -1 -17 1 -17 -3 -16 0 -16 1 -15 2 -15 -2 -15 -1 -15 2 -15 4 -17 4 -16 -1 -14 3 -15 1 -19 5 -18 5 -16 4 -14 4 -17 2 -14 7 -15 5 -14 4 -14 7 -14 6 -15 7 -13 6 2 -1 0 0 0 0 0 0 0 0 ]
CSI_DATA,AP,68:FE:71:12:53:8C,-45,11,1,3,1,1,1,1,0,0,0,-94,2,6,1,49756499,0,84,0,0,49.756,384,[84 -64 4 0 0 0 0 0 0 0 0 0 -15 -12 -18 -13 -16 -16 -16 -14 -18 -13 -14 -13 -17 -16 -16 -14 -14 -15 -14 -18 -12 -15 -15 -17 -15 -19 -15 -18 -11 -19 -12 -18 -12 -17 -9 -17 -14 -17 -10 -18 -12 -17 -12 -16 -9 -16 -13 -17 -11 -16 -14 -14 -1 2 -10 -16 -11 -12 -15 -15 -10 -15 -9 -11 -10 -14 -11 -13 -11 -11 -15 -9 -13 -10 -16 -10 -14 -9 -15 -11 -14 -8 -13 -9 -14 -11 -14 -12 -13 -11 -16 -11 -17 -10 -15 -9 -15 -8 -15 -9 -17 -8 -13 -6 -17 -7 2 0 0 0 0 0 0 0 0 0 ]
CSI_DATA,AP,68:FE:71:12:53:8C,-45,11,1,3,1,1,1,0,0,0,0,-94,0,6,1,49837848,0,84,0,0,49.838,384,[84 -64 4 0 0 0 0 0 0 0 0 0 -18 -14 -12 -16 -17 -18 -15 -16 -16 -15 -11 -19 -13 -20 -11 -16 -11 -20 -12 -18 -13 -16 -9 -16 -13 -21 -12 -19 -9 -18 -9 -18 -7 -18 -6 -17 -6 -18 -9 -18 -10 -19 -7 -16 -9 -14 -8 -19 -11 -17 -8 -15 2 -1 -11 -15 -7 -15 -7 -17 -9 -16 -9 -16 -8 -13 -11 -15 -11 -12 -11 -15 -10 -14 -13 -16 -11 -15 -13 -11 -12 -15 -11 -15 -10 -11 -11 -15 -14 -13 -12 -11 -11 -10 -10 -14 -10 -12 -12 -14 -15 -10 -14 -10 -12 -12 1 -2 0 0 0 0 0 0 0 0 ]
CSI_DATA,AP,68:FE:71:12:53:8C,-45,11,0,0,0,0,0,0,0,0,0,-96,0,6,1,49935840,0,37,0,0,49.936,128,[84 -64 4 0 0 0 0 0 0 0 0 0 -17 11 -15 12 -17 11 -17 12 -16 13 -20 9 -20 9 -18 9 -16 8 -20 9 -20 10 -20 9 -21 8 -18 6 -15 4 -21 7 -19 6 -18 7 -17 4 -16 7 -19 5 -19 4 -14 6 -15 9 -16 7 -15 8 -1 2 -14 9 -16 5 -18 8 -13 7 -14 7 -17 6 -13 6 -13 6 -16 8 -13 11 -14 11 -11 7 -12 10 -14 9 -11 11 -15 10 -16 12 -12 12 -11 12 -12 10 -14 8 -11 9 -14 11 -11 13 -10 9 -13 14 2 1 0 0 0 0 0 0 0 0 ]
CSI_DATA,AP,68:FE:71:12:53:8C,-43,11,1,4,1,1,1,0,0,0,0,-95,0,6,1,50041609,0,84,0,0,50.042,384,[84 -64 4 0 0 0 0 0 0 0 0 0 -2 20 0 22 -4 19 -1 22 -3 22 -3 17 -3 21 -8 19 -6 16 -5 17 -7 21 -4 17 -9 21 -5 19 -6 18 -9 20 -8 18 -5 15 -6 14 -10 14 -7 18 -7 14 -5 12 -5 18 -7 18 -7 14 1 1 -6 13 -4 15 -6 16 -2 13 -6 15 -6 17 -4 13 -5 16 -3 15 -4 17 0 14 0 18 -2 18 -4 17 0 15 -2 15 -3 14 -2 17 -3 16 2 14 0 17 0 18 3 14 -1 17 2 14 0 17 2 0 0 0 0 0 0 0 0 0 ]
CSI_DATA,AP,68:FE:71:12:53:8C,-45,11,1,3,1,1,1,0,0,0,0,-94,0,6,1,50163680,0,84,0,0,50.164,384,[84 -64 4 0 0 0 0 0 0 0 0 0 -10 -19 -7 -20 -7 -21 -4 -25 -5 -21 -5 -20 -4 -23 -1 -19 -2 -22 -2 -19 -1 -21 -2 -24 0 -23 -2 -19 -1 -21 -1 -20 2 -20 0 -20 -1 -17 -2 -20 0 -17 1 -18 3 -16 0 -17 -3 -17 1 -18 0 0 -2 -19 -3 -20 0 -18 -4 -18 0 -14 -3 -19 -2 -20 -3 -19 -4 -18 -5 -15 -4 -19 -3 -18 -3 -16 -6 -15 -6 -18 -7 -19 -6 -18 -7 -15 -7 -18 -7 -17 -7 -16 -5 -19 -9 -17 -7 -14 -6 -15 -6 -14 -1 -2 0 0 0 0 0 0 0 0 ]
CSI_DATA,AP,68:FE:71:12:53:8C,-49,11,1,3,1,1,1,0,0,0,0,-96,0,6,1,50282122,0,84,0,0,50.282,384,[84 -64 4 0 0 0 0 0 0 0 0 0 -16 -16 -16 -17 -15 -17 -13 -19 -11 -17 -12 -19 -13 -16 -9 -16 -9 -16 -10 -17 -8 -18 -9 -18 -8 -17 -8 -18 -8 -16 -11 -19 -10 -15 -6 -19 -9 -19 -7 -16 -9 -16 -6 -17 -4 -15 -6 -15 -7 -18 -9 -14 -2 2 -10 -17 -9 -15 -11 -17 -9 -13 -6 -17 -10 -17 -7 -13 -8 -15 -9 -12 -8 -16 -13 -12 -9 -14 -13 -16 -11 -12 -12 -15 -11 -15 -10 -15 -10 -14 -12 -14 -11 -11 -11 -13 -10 -11 -15 -11 -15 -11 -9 -13 -14 -11 1 2 0 0 0 0 0 0 0 0 ]
CSI_DATA,AP,68:FE:71:12:53:8C,-50,11,1,1,1,1,1,0,0,0,0,-95,0,6,1,50385585,0,84,0,0,50.386,384,[84 -64 4 0 0 0 0 0 0 0 0 0 -13 13 -16 14 -14 16 -16 13 -14 11 -17 9 -18 10 -18 7 -18 10 -16 10 -15 11 -17 11 -17 6 -19 9 -20 6 -18 10 -16 6 -16 9 -18 9 -19 8 -16 8 -16 5 -14 6 -16 8 -19 8 -16 6 -2 -2 -16 9 -13 9 -15 9 -13 7 -15 7 -16 6 -12 5 -13 10 -15 6 -11 7 -12 9 -14 9 -10 10 -11 9 -10 11 -12 11 -13 13 -11 11 -13 11 -10 11 -11 13 -9 11 -10 11 -12 11 -9 10 -9 11 2 0 0 0 0 0 0 0 0 0 ]
CSI_DATA,AP,68:FE:71:12:53:8C,-46,11,1,5,1,1,1,0,0,0,0,-95,0,6,1,50493525,0,84,0,0,50.494,384,[84 -64 4 0 0 0 0 0 0 0 0 0 -4 18 -8 20 -8 20 -8 20 -10 19 -10 19 -12 19 -13 16 -12 15 -10 17 -9 16 -11 20 -13 16 -10 14 -13 17 -11 17 -14 13 -10 13 -10 17 -13 12 -10 16 -11 14 -13 11 -12 13 -9 17 -12 13 0 1 -8 16 -11 14 -9 15 -9 16 -7 12 -7 13 -11 12 -9 16 -10 13 -5 17 -8 16 -8 15 -4 17 -6 17 -7 15 -8 18 -8 15 -4 15 -6 15 -5 17 -7 18 -4 18 -3 16 -3 15 -2 14 -4 16 2 0 0 0 0 0 0 0 0 0 ]
CSI_DATA,AP,68:FE:71:12:53:8C,-44,11,1,4,1,1,1,0,0,0,0,-94,0,6,1,50590330,0,84,0,0,50.59,384,[84 -64 4 0 0 0 0 0 0 0 0 0 16 9 14 9 15 8 17 9 13 13 14 11 15 14 14 10 13 13 12 11 15 15 12 14 10 12 13 11 13 10 12 15 8 11 11 14 8 11 12 12 9 10 8 12 9 9 10 9 8 12 10 10 -1 -2 10 13 13 10 9 12 9 8 8 9 9 8 8 12 11 11 13 9 13 6 12 7 13 7 11 8 14 8 13 9 15 6 14 7 14 4 12 9 13 5 14 5 11 6 11 4 13 6 15 5 14 2 1 -2 0 0 0 0 0 0 0 0 ]
CSI_DATA,AP,68:FE:71:12:53:8C,-48,11,1,5,1,1,1,1,0,0,0,-96,4,6,1,50724124,0,84,0,0,50.724,384,[84 -64 4 0 0 0 0 0 0 0 0 0 -13 -15 -13 -19 -15 -20 -12 -19 -14 -16 -10 -20 -8 -17 -11 -19 -10 -19 -7 -17 -10 -20 -11 -17 -7 -22 -7 -19 -6 -17 -10 -20 -9 -21 -10 -17 -8 -18 -8 -18 -8 -16 -8 -17 -4 -15 -9 -18 -7 -18 -9 -17 -2 2 -6 -17 -8 -13 -8 -18 -9 -14 -10 -13 -10 -16 -8 -13 -9 -13 -11 -14 -11 -13 -11 -13 -12 -13 -11 -14 -13 -13 -10 -15 -13 -15 -15 -15 -11 -12 -12 -15 -14 -12 -15 -12 -13 -10 -13 -11 -17 -13 -13 -12 -16 -10 1 1 0 0 0 0 0 0 0 0 ]
CSI_DATA,AP,68:FE:71:12:53:8C,-46,11,1,3,1,1,1,0,0,0,0,-93,0,6,1,50845178,0,84,0,0,50.845,384,[84 -64 4 0 0 0 0 0 0 0 0 0 18 -22 17 -21 17 -20 20 -22 19 -19 20 -15 16 -14 19 -16 18 -16 19 -14 20 -17 18 -16 16 -16 17 -12 16 -12 16 -11 18 -12 17 -14 14 -11 17 -13 15 -10 13 -12 17 -13 18 -10 15 -14 12 -9 2 -2 16 -10 14 -12 12 -10 11 -11 11 -14 11 -14 12 -14 10 -15 11 -13 8 -13 12 -15 13 -13 9 -12 8 -10 9 -11 8 -15 11 -17 10 -14 12 -12 8 -14 9 -16 10 -13 10 -14 8 -16 11 -17 6 -16 1 -1 0 0 0 0 0 0 0 0 ]
CSI_DATA,AP,68:FE:71:12:53:8C,-49,11,1,2,1,1,1,0,0,0,0,-94,0,6,1,50952437,0,84,0,0,50.952,384,[84 -64 4 0 0 0 0 0 0 0 0 0 6 -7 7 -9 9 -7 8 -10 9 -10 6 -5 9 -7 9 -5 11 -9 10 -5 9 -5 9 -7 9 -8 11 -7 7 -7 7 -7 7 -3 7 -5 10 -5 10 -7 7 -6 10 -4 7 -6 10 -7 9 -3 10 -5 -2 0 9 -4 6 -4 7 -5 8 -7 8 -5 8 -6 6 -6 8 -6 4 -8 6 -7 7 -9 5 -4 4 -8 6 -9 5 -7 8 -6 8 -5 6 -7 4 -6 5 -9 7 -9 6 -5 6 -8 4 -7 3 -7 2 -6 -2 -1 0 0 0 0 0 0 0 0 ]
CSI_DATA,AP,68:FE:71:12:53:8C,-48,11,0,0,0,0,0,0,0,0,0,-96,0,6,1,51039110,0,37,0,0,51.039,128,[84 -64 4 0 0 0 0 0 0 0 0 0 11 -7 12 -8 14 -4 12 -6 15 -6 15 -6 11 -5 12 -1 15 -1 15 -2 16 -4 12 -3 14 0 11 -3 13 0 11 -1 10 0 11 -1 12 -1 11 -1 12 1 10 -2 9 -2 13 0 13 -4 12 0 2 2 12 -2 13 -1 11 -3 11 -1 12 -1 13 -4 11 -2 12 -4 10 -5 10 -5 10 -4 10 -5 8 -4 9 -6 10 -6 9 -6 11 -4 10 -4 9 -7 11 -4 12 -5 10 -3 12 -6 9 -5 9 -8 10 -4 -2 -2 0 0 0 0 0 0 0 0 ]
CSI_DATA,AP,68:FE:71:12:53:8C,-45,11,1,5,1,1,1,0,0,0,0,-95,0,6,1,51116532,0,84,0,0,51.117,384,[84 -64 4 0 0 0 0 0 0 0 0 0 5 -3 7 -2 9 -2 7 -3 6 -1 9 -4 10 -1 9 -2 7 -2 9 -3 6 1 6 0 7 -3 9 1 8 1 9 1 5 -1 6 -3 8 -3 5 -3 9 1 7 -2 6 -3 7 -1 7 -1 9 1 0 -1 9 -2 7 -3 7 1 9 1 6 -2 9 0 8 1 6 0 9 -2 7 0 6 -4 8 -3 7 -4 7 -3 7 -4 9 -5 6 -3 6 -4 8 -3 4 -6 5 -3 6 -3 5 -1 6 -2 6 -3 8 -6 1 1 0 0 0 0 0 0 0 0 ]
CSI_DATA,AP,68:FE:71:12:53:8C,-43,11,1,5,1,1,1,0,0,0,0,-96,0,6,1,51223289,0,84,0,0,51.223,384,[84 -64 4 0 0 0 0 0 0 0 0 0 37 0 36 3 36 4 37 4 35 7 34 8 34 5 32 9 34 10 32 7 35 5 34 7 33 10 33 7 32 10 34 10 35 15 28 12 32 14 30 13 32 13 30 12 28 7 34 9 32 8 32 9 -1 -1 34 9 32 10 33 7 29 8 27 7 29 6 32 5 27 5 33 8 28 6 30 3 32 6 29 4 31 4 31 4 34 7 29 1 34 3 30 1 30 3 31 2 31 2 33 0 31 0 30 0 35 -2 -2 -2 0 0 0 0 0 0 0 0 ]
CSI_DATA,AP,68:FE:71:12:53:8C,-46,11,1,4,1,1,1,0,0,0,0,-95,0,6,1,51321450,0,84,0,0,51.321,384,[84 -64 4 0 0 0 0 0 0 0 0 0 -3 19 -3 21 -3 19 -7 17 -6 18 -10 18 -5 16 -5 19 -7 19 -10 17 -10 16 -10 19 -6 19 -9 16 -7 14 -11 17 -8 14 -8 15 -8 16 -11 12 -9 12 -9 12 -8 14 -11 14 -7 14 -8 17 -1 0 -6 15 -9 14 -5 13 -4 13 -5 13 -9 14 -5 13 -7 15 -4 16 -3 15 -7 16 -4 15 -3 15 -2 17 -5 15 -3 13 -3 14 -1 17 -1 13 -4 14 -3 14 -1 12 0 16 -3 14 -2 16 -1 13 2 2 0 0 0 0 0 0 0 0 ]
CSI_DATA,AP,68:FE:71:12:53:8C,-48,11,1,3,1,1,1,0,0,0,0,-95,0,6,1,51421332,0,84,0,0,51.421,384,[84 -64 4 0 0 0 0 0 0 0 0 0 -22 2 -22 0 -22 -1 -23 -2 -20 -2 -17 -2 -19 -1 -18 -2 -19 -2 -20 -3 -16 -6 -18 -4 -19 -6 -18 -5 -17 -3 -16 -2 -14 -5 -16 -3 -14 -3 -12 -3 -11 -2 -12 -5 -11 -6 -11 -4 -14 -5 -15 -3 1 -2 -10 -2 -12 1 -14 0 -12 0 -14 2 -13 2 -11 3 -9 0 -14 2 -9 4 -12 0 -9 2 -9 2 -9 4 -9 2 -11 2 -14 3 -14 4 -14 4 -13 3 -13 2 -12 4 -10 8 -14 8 -12 4 -14 6 1 1 0 0 0 0 0 0 0 0 ]
CSI_DATA,AP,68:FE:71:12:53:8C,-48,11,1,5,1,1,1,0,0,0,0,-93,0,6,1,51522545,0,84,0,0,51.523,384,[84 -64 4 0 0 0 0 0 0 0 0 0 -14 -13 -15 -12 -13 -15 -14 -18 -13 -14 -13 -15 -9 -17 -13 -17 -12 -15 -10 -16 -10 -16 -8 -17 -11 -14 -8 -13 -7 -13 -11 -16 -7 -15 -9 -10 -8 -13 -5 -10 -6 -10 -6 -11 -3 -9 -6 -11 -8 -7 -9 -9 2 2 -8 -8 -10 -10 -9 -7 -10 -5 -7 -5 -7 -8 -8 -6 -10 -4 -6 -5 -7 -4 -11 -6 -10 -3 -9 -1 -8 -2 -8 -5 -8 0 -12 -1 -9 -3 -12 0 -9 1 -9 -2 -8 1 -10 -1 -11 -1 -12 -1 -8 2 -1 1 0 0 0 0 0 0 0 0 ]
CSI_DATA,AP,68:FE:71:12:53:8C,-41,11,1,5,1,1,1,1,0,0,0,-93,6,6,1,51625817,0,84,0,0,51.626,384,[84 -64 4 0 0 0 0 0 0 0 0 0 -39 1 -36 -3 -36 1 -39 -4 -36 -6 -32 -7 -32 -8 -31 -7 -30 -7 -29 -7 -31 -7 -28 -6 -30 -8 -29 -9 -24 -6 -28 -8 -22 -9 -23 -5 -23 -8 -22 -8 -21 -8 -20 -5 -18 -5 -20 -2 -20 -2 -19 -1 -1 1 -18 -3 -20 1 -19 2 -18 0 -17 1 -16 -1 -16 0 -14 0 -15 3 -16 3 -15 6 -14 6 -12 5 -11 8 -14 4 -14 7 -15 8 -11 7 -13 5 -9 8 -14 8 -11 8 -12 10 -9 9 -11 11 -10 9 -1 1 0 0 0 0 0 0 0 0 ]
CSI_DATA,AP,68:FE:71:12:53:8C,-50,11,1,1,1,1,1,1,0,0,0,-96,4,6,1,51732699,0,84,0,0,51.733,384,[84 -64 4 0 0 0 0 0 0 0 0 0 -2 -11 -5 -14 0 -12 -3 -11 -1 -14 -2 -10 -2 -12 2 -13 0 -10 -1 -11 0 -10 -1 -11 -1 -10 -1 -12 1 -8 3 -14 3 -12 1 -9 -1 -11 0 -8 3 -9 1 -12 1 -9 -1 -8 3 -8 0 -8 -2 0 -2 -10 -1 -9 1 -7 0 -9 1 -10 1 -9 -3 -10 -4 -9 -3 -9 0 -7 -3 -8 -3 -10 -4 -9 -5 -11 -3 -11 -1 -12 -4 -12 -5 -11 -2 -7 -3 -8 -3 -9 -4 -9 -2 -10 -5 -10 -5 -8 -2 -11 1 -2 0 0 0 0 0 0 0 0 ]
CSI_DATA,AP,68:FE:71:12:53:8C,-43,11,1,6,1,1,1,0,0,0,0,-95,0,6,1,51824011,0,84,0,0,51.824,384,[84 -64 4 0 0 0 0 0 0 0 0 0 -12 7 -16 8 -13 7 -17 7 -13 6 -16 6 -15 2 -13 5 -13 6 -14 5 -16 4 -13 2 -17 5 -12 2 -15 2 -17 2 -14 4 -12 2 -11 3 -13 2 -15 5 -11 4 -10 2 -11 6 -13 6 -13 6 0 -2 -10 4 -14 6 -13 5 -10 6 -14 7 -14 9 -13 7 -11 5 -10 8 -13 5 -14 9 -12 6 -11 10 -9 10 -11 10 -12 6 -11 10 -12 11 -12 10 -10 8 -12 9 -13 11 -9 11 -9 11 -11 9 -13 8 -2 2 0 0 0 0 0 0 0 0 ]
CSI_DATA,AP,68:FE:71:12:53:8C,-48,11,0,0,0,0,0,0,0,0,0,-94,0,6,1,51913228,0,37,0,0,51.913,128,[84 -64 4 0 0 0 0 0 0 0 0 0 8 -19 10 -18 13 -19 14 -21 11 -21 12 -16 12 -18 13 -17 16 -19 12 -16 13 -18 17 -17 15 -21 18 -19 14 -19 16 -20 19 -17 13 -15 18 -18 19 -16 15 -16 15 -16 15 -17 17 -14 16 -18 18 -20 1 -1 13 -16 17 -20 14 -19 14 -18 13 -16 13 -16 16 -18 15 -18 16 -18 12 -19 12 -20 11 -19 12 -18 11 -22 11 -20 13 -20 14 -22 10 -20 13 -22 12 -23 14 -21 13 -19 13 -23 12 -24 11 -22 10 -19 1 -2 0 0 0 0 0 0 0 0 ]
CSI_DATA,AP,68:FE:71:12:53:8C,-47,11,1,3,1,1,1,1,0,0,0,-96,4,6,1,52005336,0,84,0,0,52.005,384,[84 -64 4 0 0 0 0 0 0 0 0 0 -17 2 -15 2 -15 0 -15 -1 -15 0 -17 -2 -17 -6 -14 -3 -14 -3 -19 -5 -18 -3 -19 -4 -17 -7 -16 -4 -16 -7 -15 -5 -16 -4 -17 -5 -16 -7 -14 -7 -16 -8 -15 -5 -16 -7 -16 -5 -17 -8 -16 -3 -1 1 -16 -3 -14 -5 -16 -2 -14 -3 -16 -2 -14 -6 -15 -4 -14 -1 -13 -4 -18 0 -16 0 -17 -2 -15 0 -12 1 -18 0 -18 1 -15 0 -15 -1 -16 -3 -16 -2 -15 -3 -18 -1 -19 -1 -16 -1 -17 2 -16 3 -2 2 0 0 0 0 0 0 0 0 ]
CSI_DATA,AP,68:FE:71:12:53:8C,-46,11,1,3,1,1,1,0,0,0,0,-95,0,6,1,52081310,0,84,0,0,52.081,384,[84 -64 4 0 0 0 0 0 0 0 0 0 -8 -3 -8 -1 -10 -1 -9 0 -9 -3 -10 -3 -6 -1 -10 -4 -9 -3 -8 -5 -10 -1 -7 -1 -8 -5 -9 -5 -8 -3 -8 -3 -10 -1 -10 -3 -7 -6 -10 -5 -6 -6 -10 -4 -8 -2 -9 -5 -6 -2 -8 -6 0 2 -9 -3 -8 -3 -7 -5 -7 -1 -6 -3 -7 0 -9 -2 -6 -2 -5 0 -8 -3 -6 1 -8 -2 -9 -3 -9 0 -6 -1 -6 1 -9 1 -8 1 -7 0 -10 -1 -5 -1 -7 -1 -9 -3 -5 0 -9 2 -10 1 -1 -1 0 0 0 0 0 0 0 0 ]
CSI_DATA,AP,68:FE:71:12:53:8C,-47,11,1,5,1,1,1,1,0,0,0,-94,5,6,1,52183005,0,84,0,0,52.183,384,[84 -64 4 0 0 0 0 0 0 0 0 0 -7 4 -9 1 -7 5 -9 3 -7 5 -11 0 -7 1 -10 4 -7 0 -6 1 -11 1 -11 2 -9 0 -9 0 -8 2 -12 1 -11 3 -8 3 -10 3 -9 -1 -11 1 -8 -1 -8 1 -10 0 -7 0 -7 1 0 -2 -8 1 -10 1 -10 3 -10 1 -9 2 -9 0 -7 2 -7 3 -7 4 -7 2 -7 1 -7 5 -5 2 -6 4 -6 3 -8 4 -10 0 -7 2 -6 3 -8 4 -6 2 -8 2 -9 0 -7 5 -10 4 -10 3 -1 -2 0 0 0 0 0 0 0 0 ]
CSI_DATA,AP,68:FE:71:12:53:8C,-44,11,1,4,1,1,1,0,0,0,0,-95,0,6,1,52288369,0,84,0,0,52.288,384,[84 -64 4 0 0 0 0 0 0 0 0 0 1 -20 0 -22 2 -20 4 -25 6 -21 3 -19 8 -20 8 -18 7 -18 7 -18 6 -21 6 -20 8 -21 9 -20 7 -18 9 -20 7 -17 6 -16 5 -15 9 -16 8 -18 9 -16 5 -14 6 -16 4 -19 5 -15 1 2 7 -16 5 -18 6 -15 3 -18 6 -14 7 -16 2 -15 3 -13 4 -14 0 -14 2 -19 0 -15 3 -16 0 -16 0 -14 2 -16 3 -19 1 -15 -1 -16 -2 -17 0 -18 -2 -15 -1 -14 -2 -17 -1 -14 -1 -18 2 0 0 0 0 0 0 0 0 0 ]
CSI_DATA,AP,68:FE:71:12:53:8C,-41,11,1,5,1,1,1,0,0,0,0,-96,0,6,1,52403111,0,84,0,0,52.403,384,[82 -96 4 0 0 0 0 0 0 0 0 0 17 1 18 2 20 6 18 3 18 5 19 4 21 4 18 4 19 4 18 5 20 5 18 9 18 8 17 9 14 5 15 10 15 7 13 9 15 7 17 6 17 6 16 8 15 8 13 4 17 5 13 5 1 -1 16 4 17 3 13 7 16 3 15 3 14 3 15 2 14 4 15 1 15 3 13 0 17 4 14 2 15 1 13 2 18 4 16 -1 17 -2 16 1 15 0 15 2 16 0 15 -1 15 -3 16 -1 16 0 -1 2 0 0 0 0 0 0 0 0 ]
CSI_DATA,AP,68:FE:71:12:53:8C,-49,11,1,1,1,1,1,0,0,0,0,-94,0,6,1,52507618,0,84,0,0,52.508,384,[84 -64 4 0 0 0 0 0 0 0 0 0 -2 19 -3 16 -5 20 -3 21 -5 20 -6 15 -3 18 -5 17 -6 16 -4 18 -4 19 -4 18 -8 15 -9 15 -7 15 -9 16 -7 17 -8 13 -8 13 -9 15 -7 13 -8 15 -5 17 -7 14 -5 17 -6 12 -1 0 -8 15 -3 16 -3 14 -3 12 -6 12 -3 13 -5 12 -5 13 -5 15 -6 13 -5 16 -1 13 0 12 -2 14 -3 13 0 16 1 16 0 13 1 16 -3 14 1 13 -2 17 2 15 -1 13 1 14 -2 16 -2 1 0 0 0 0 0 0 0 0 ]
CSI_DATA,AP,68:FE:71:12:53:8C,-48,11,1,5,1,1,1,1,0,0,0,-94,2,6,1,52600468,0,84,0,0,52.6,384,[84 -64 4 0 0 0 0 0 0 0 0 0 15 -4 14 -4 17 -7 20 -4 16 -2 15 -5 19 -4 15 -4 17 -1 15 -1 16 -2 15 1 15 -1 16 -3 15 1 17 3 17 -2 16 -2 15 1 14 -2 14 1 14 -1 14 0 14 2 14 -2 13 -2 -1 2 13 -1 15 -1 13 -2 11 -3 14 -1 15 -3 15 -3 15 0 11 1 11 -1 11 -3 14 -4 13 -3 15 -4 14 -3 12 -2 13 -4 12 -6 13 -5 12 -3 15 -7 13 -5 11 -3 14 -8 14 -5 14 -6 2 2 0 0 0 0 0 0 0 0 ]
CSI_DATA,AP,68:FE:71:12:53:8C,-45,11,1,5,1,1,1,0,0,0,0,-95,0,6,1,52687900,0,84,0,0,52.688,384,[84 -64 4 0 0 0 0 0 0 0 0 0 -6 -21 -5 -19 -1 -18 -4 -21 -1 -17 -2 -18 -2 -18 0 -20 -1 -18 1 -20 0 -17 3 -19 0 -17 -1 -17 -1 -20 -1 -16 2 -19 2 -18 -1 -19 2 -17 4 -17 -1 -18 3 -16 1 -15 -1 -16 -1 -16 -1 0 -2 -15 -1 -14 -1 -14 -3 -14 -2 -16 0 -18 -2 -13 0 -14 -1 -13 -1 -17 -1 -14 -5 -15 -2 -18 -5 -17 -2 -13 -3 -15 -3 -16 -7 -16 -3 -14 -5 -13 -7 -16 -5 -16 -6 -16 -4 -15 -4 -13 -5 -14 -1 0 0 0 0 0 0 0 0 0 ]
CSI_DATA,AP,68:FE:71:12:53:8C,-45,11,1,5,1,1,1,0,0,0,0,-95,0,6,1,52777447,0,84,0,0,52.777,384,[84 -64 4 0 0 0 0 0 0 0 0 0 11 16 8 17 10 15 8 16 8 15 7 14 6 17 8 18 8 18 8 15 7 16 7 15 5 16 3 15 7 17 4 17 5 16 5 13 4 17 5 15 6 16 3 14 2 12 2 16 2 16 2 15 2 1 7 13 5 14 7 16 8 15 6 14 4 12 5 14 9 14 7 15 5 13 5 13 10 10 7 11 7 10 9 10 8 12 10 12 9 9 6 11 9 11 8 10 7 11 10 12 9 11 12 13 10 12 0 2 0 0 0 0 0 0 0 0 ]
CSI_DATA,AP,68:FE:71:12:53:8C,-48,11,1,4,1,1,1,0,0,0,0,-94,0,6,1,52879906,0,84,0,0,52.88,384,[84 -64 4 0 0 0 0 0 0 0 0 0 1 -18 3 -21 2 -21 0 -21 4 -19 2 -18 3 -17 6 -17 2 -16 6 -19 5 -19 2 -16 5 -15 5 -17 6 -15 4 -15 6 -14 5 -14 7 -14 4 -15 4 -13 5 -15 4 -16 6 -13 5 -17 4 -15 1 -1 2 -13 2 -17 1 -15 3 -12 2 -15 3 -14 2 -16 2 -16 0 -13 3 -16 3 -17 1 -14 2 -12 -1 -14 2 -13 1 -17 0 -15 1 -17 -1 -15 -3 -14 -1 -14 1 -16 0 -14 0 -13 -3 -16 -3 -14 -2 1 0 0 0 0 0 0 0 0 ]
CSI_DATA,AP,68:FE:71:12:53:8C,-46,11,1,5,1,1,1,0,0,0,1,-95,0,6,1,52985385,0,84,0,0,52.985,384,[84 -64 4 0 0 0 0 0 0 0 0 0 -15 -10 -17 -7 -16 -11 -15 -10 -16 -9 -13 -10 -12 -9 -13 -11 -13 -10 -13 -11 -15 -14 -15 -12 -12 -10 -13 -10 -15 -12 -11 -11 -10 -14 -13 -12 -12 -10 -10 -11 -9 -11 -9 -10 -13 -9 -9 -10 -9 -11 -12 -11 -1 -1 -12 -8 -14 -8 -11 -12 -13 -7 -10 -7 -10 -9 -10 -9 -13 -7 -14 -7 -14 -8 -12 -9 -12 -7 -15 -5 -11 -9 -10 -5 -16 -7 -12 -7 -13 -4 -14 -7 -12 -7 -14 -8 -15 -6 -13 -5 -16 -7 -16 -6 -15 -6 -2 2 0 0 0 0 0 0 0 0 ]
CSI_DATA,AP,68:FE:71:12:53:8C,-47,11,1,5,1,1,1,0,0,0,0,-96,0,6,1,53106626,0,84,0,0,53.107,384,[84 -64 4 0 0 0 0 0 0 0 0 0 -25 17 -24 21 -23 20 -25 17 -27 17 -24 15 -24 17 -27 12 -27 13 -23 16 -26 16 -29 11 -26 10 -24 14 -23 12 -29 11 -26 10 -23 13 -25 12 -22 13 -22 13 -22 13 -22 12 -21 11 -25 11 -24 10 2 0 -22 12 -23 14 -22 15 -19 13 -22 12 -22 12 -19 14 -18 14 -21 14 -18 14 -18 15 -18 14 -17 14 -18 16 -20 16 -18 16 -17 15 -18 16 -16 19 -16 18 -18 15 -15 19 -17 16 -18 17 -17 19 -14 19 -2 0 0 0 0 0 0 0 0 0 ]
CSI_DATA,AP,68:FE:71:12:53:8C,-46,11,1,5,1,1,1,0,0,0,0,-94,0,6,1,53212094,0,84,0,0,53.212,384,[84 -64 4 0 0 0 0 0 0 0 0 0 18 -1 17 -1 14 0 15 -2 16 -1 15 2 16 1 14 0 14 2 14 1 14 -1 16 3 15 4 15 3 16 5 16 5 14 3 14 4 13 3 13 5 14 2 11 4 10 4 14 1 13 2 12 0 1 2 14 4 13 0 11 2 13 -1 11 3 15 2 11 0 11 3 10 0 10 2 14 -3 11 -1 14 -1 14 0 12 0 15 0 11 -3 13 -2 13 -1 12 -4 11 -2 11 -3 13 -4 15 -6 14 -5 13 -2 -1 0 0 0 0 0 0 0 0 0 ]
CSI_DATA,AP,68:FE:71:12:53:8C,-45,11,1,5,1,1,1,0,0,0,0,-94,0,6,1,53323627,0,84,0,0,53.324,384,[84 -64 4 0 0 0 0 0 0 0 0 0 -17 12 -18 11 -19 9 -16 7 -18 5 -17 5 -17 5 -18 6 -20 7 -20 5 -18 4 -19 4 -18 6 -19 5 -16 2 -20 3 -16 4 -16 5 -18 4 -18 4 -17 2 -15 3 -18 5 -16 2 -15 3 -15 3 1 2 -15 5 -15 5 -14 2 -14 2 -14 5 -14 5 -15 1 -15 2 -12 4 -14 7 -13 3 -14 4 -14 6 -13 5 -16 6 -12 7 -15 8 -12 6 -14 8 -12 9 -16 5 -12 8 -13 6 -12 7 -12 7 -11 9 1 1 0 0 0 0 0 0 0 0 ]
CSI_DATA,AP,68:FE:71:12:53:8C,-48,11,1,5,1,1,1,0,0,0,0,-96,0,6,1,53397869,0,84,0,0,53.398,384,[84 -64 4 0 0 0 0 0 0 0 0 0 -15 10 -14 6 -17 6 -18 5 -17 5 -16 5 -19 2 -19 4 -20 2 -19 1 -18 2 -15 1 -19 0 -18 4 -17 0 -15 4 -16 4 -15 3 -15 3 -16 4 -18 4 -14 2 -17 4 -14 3 -16 2 -16 2 1 -1 -13 2 -16 2 -13 2 -16 2 -15 2 -11 4 -15 1 -14 3 -15 4 -15 3 -14 4 -11 6 -14 6 -14 8 -13 6 -15 7 -13 8 -15 8 -11 8 -11 7 -10 7 -14 5 -13 7 -15 7 -13 9 -12 10 2 1 0 0 0 0 0 0 0 0 ]
CSI_DATA,AP,68:FE:71:12:53:8C,-43,11,1,5,1,1,1,0,0,0,0,-94,0,6,1,53498111,0,84,0,0,53.498,384,[84 -64 4 0 0 0 0 0 0 0 0 0 5 -17 6 -17 6 -19 6 -19 8 -15 10 -14 7 -15 8 -14 11 -14 7 -17 8 -13 9 -16 8 -16 10 -12 10 -11 9 -12 11 -13 11 -13 9 -14 8 -11 11 -13 8 -10 11 -11 9 -11 10 -13 11 -11 2 1 9 -10 10 -12 8 -10 7 -14 10 -10 10 -12 10 -12 8 -14 8 -15 5 -11 5 -15 5 -12 4 -15 4 -15 4 -12 6 -12 5 -14 7 -11 3 -13 4 -13 4 -12 3 -12 2 -14 4 -13 3 -14 6 -13 0 -1 0 0 0 0 0 0 0 0 ]
CSI_DATA,AP,68:FE:71:12:53:8C,-49,11,0,0,0,0,0,0,0,0,0,-94,0,6,1,53581670,0,37,0,0,53.582,128,[84 -64 4 0 0 0 0 0 0 0 0 0 -20 3 -22 5 -20 3 -20 4 -19 1 -18 4 -20 -1 -18 2 -23 -2 -22 0 -21 -1 -21 -3 -20 0 -19 -3 -19 -1 -19 -3 -16 -2 -20 -1 -17 -4 -17 -3 -19 -2 -19 -3 -19 -4 -19 -1 -15 -1 -19 0 2 -1 -18 1 -15 0 -17 -3 -17 -3 -14 -1 -19 -3 -16 -2 -18 2 -15 -2 -15 0 -17 -1 -15 3 -17 0 -18 3 -17 3 -18 1 -17 1 -14 3 -18 1 -17 4 -15 2 -18 1 -17 4 -18 6 -16 2 -16 3 2 0 0 0 0 0 0 0 0 0 ]
CSI_DATA,AP,68:FE:71:12:53:8C,-47,11,1,3,1,1,1,1,0,0,0,-94,1,6,1,53683405,0,84,0,0,53.683,384,[84 -64 4 0 0 0 0 0 0 0 0 0 -30 -21 -31 -21 -34 -25 -29 -23 -30 -29 -27 -24 -27 -30 -24 -29 -25 -28 -27 -28 -22 -27 -26 -31 -22 -31 -23 -31 -21 -29 -26 -30 -22 -28 -19 -26 -21 -30 -22 -27 -22 -27 -21 -29 -18 -27 -21 -28 -23 -29 -22 -28 1 -2 -20 -24 -21 -25 -22 -24 -23 -25 -24 -23 -20 -26 -24 -26 -20 -22 -23 -23 -22 -19 -27 -22 -25 -23 -24 -22 -24 -20 -23 -22 -27 -18 -25 -19 -26 -16 -25 -18 -28 -17 -24 -20 -26 -19 -26 -19 -31 -14 -25 -18 -28 -16 1 -2 0 0 0 0 0 0 0 0 ]
CSI_DATA,AP,68:FE:71:12:53:8C,-50,11,0,0,0,0,0,0,0,0,0,-94,0,6,1,53814952,0,37,0,0,53.815,128,[84 -64 4 0 0 0 0 0 0 0 0 0 -18 -6 -20 -4 -20 -8 -22 -9 -16 -7 -20 -10 -17 -7 -15 -10 -17 -10 -18 -10 -16 -8 -16 -10 -17 -10 -16 -13 -14 -9 -18 -11 -13 -9 -16 -9 -16 -9 -14 -11 -15 -10 -16 -9 -11 -12 -14 -10 -14 -10 -13 -8 0 -1 -16 -11 -15 -11 -14 -7 -14 -6 -12 -7 -15 -6 -15 -10 -15 -8 -16 -7 -13 -6 -15 -6 -12 -4 -14 -5 -15 -4 -15 -6 -15 -3 -16 -6 -15 -6 -16 -5 -14 -6 -16 -2 -14 -3 -17 -2 -18 -1 -15 -4 -17 -3 -1 0 0 0 0 0 0 0 0 0 ]
CSI_DATA,AP,68:FE:71:12:53:8C,-49,11,1,3,1,1,1,0,0,0,0,-94,0,6,1,53917294,0,84,0,0,53.917,384,[84 -64 4 0 0 0 0 0 0 0 0 0 28 -28 28 -25 29 -29 29 -24 30 -23 29 -20 29 -25 34 -18 33 -19 31 -18 32 -19 34 -17 32 -16 34 -14 34 -16 32 -18 32 -14 34 -16 29 -16 33 -18 30 -16 33 -17 31 -15 32 -11 30 -13 32 -12 2 2 32 -17 27 -18 28 -15 30 -17 30 -17 25 -16 27 -15 23 -18 25 -15 24 -20 24 -16 24 -19 26 -17 21 -20 24 -19 23 -21 28 -23 21 -23 21 -24 19 -25 21 -22 21 -23 25 -26 20 -27 20 -23 21 -22 -1 1 0 0 0 0 0 0 0 0 ]
CSI_DATA,AP,68:FE:71:12:53:8C,-46,11,1,3,1,1,1,0,0,0,0,-95,0,6,1,54002212,0,84,0,0,54.002,384,[84 -64 4 0 0 0 0 0 0 0 0 0 -15 -10 -13 -8 -15 -9 -15 -10 -14 -12 -12 -10 -13 -13 -14 -14 -13 -14 -10 -11 -12 -13 -12 -13 -13 -14 -8 -10 -11 -14 -9 -13 -7 -12 -10 -12 -9 -13 -8 -14 -10 -11 -11 -11 -10 -12 -8 -11 -9 -10 -12 -9 -1 -1 -11 -13 -9 -9 -9 -12 -8 -8 -9 -12 -9 -8 -10 -11 -10 -10 -12 -8 -13 -10 -10 -10 -12 -8 -13 -10 -10 -8 -13 -7 -14 -8 -13 -6 -13 -9 -10 -5 -11 -8 -12 -6 -14 -6 -15 -5 -15 -8 -14 -6 -10 -5 -2 -1 0 0 0 0 0 0 0 0 ]
CSI_DATA,AP,68:FE:71:12:53:8C,-47,11,1,4,1,1,1,0,0,0,0,-93,0,6,1,54148480,0,84,0,0,54.148,384,[84 -64 4 0 0 0 0 0 0 0 0 0 -7 -19 -9 -16 -10 -20 -9 -17 -7 -21 -4 -17 -5 -18 -5 -19 -5 -18 -5 -18 -2 -20 -3 -19 -6 -20 -3 -21 -2 -18 -6 -19 -3 -17 -3 -16 -5 -20 -5 -17 -1 -18 -3 -16 -4 -15 -4 -16 -1 -18 -2 -19 2 2 -6 -15 -5 -15 -7 -17 -5 -17 -3 -16 -3 -17 -4 -14 -6 -13 -8 -16 -9 -16 -7 -16 -5 -13 -7 -15 -10 -12 -7 -15 -8 -12 -9 -14 -7 -12 -7 -14 -9 -12 -8 -14 -9 -13 -11 -12 -11 -12 -7 -16 -10 -14 1 0 0 0 0 0 0 0 0 0 ]
CSI_DATA,AP,68:FE:71:12:53:8C,-48,11,1,4,1,1,1,0,0,0,0,-95,0,6,1,54230833,0,82,0,0,54.231,384,[84 -64 4 0 0 0 0 0 0 0 0 0 -5 -18 -1 -22 -1 -23 -1 -22 0 -21 -1 -20 -2 -22 -2 -21 3 -20 0 -20 2 -22 3 -22 4 -22 3 -20 1 -17 2 -18 0 -17 2 -17 3 -19 4 -17 2 -16 3 -18 3 -17 5 -19 5 -19 2 -15 -2 2 3 -14 2 -16 4 -19 -2 -15 1 -17 1 -16 1 -14 -2 -16 -2 -15 1 -18 -2 -15 -4 -16 1 -18 -2 -17 -2 -16 -3 -16 -2 -14 -2 -15 -5 -18 -6 -18 -1 -17 -4 -17 -3 -15 -6 -17 -4 -17 -4 -14 2 2 0 0 0 0 0 0 0 0 ]
CSI_DATA,AP,68:FE:71:12:53:8C,-50,11,1,2,1,1,1,0,0,0,0,-93,0,6,1,54321341,0,84,0,0,54.321,384,[84 -64 4 0 0 0 0 0 0 0 0 0 38 7 37 10 44 11 38 12 39 12 37 13 40 17 35 16 37 15 36 19 33 18 35 22 36 18 34 21 33 21 36 18 31 18 31 21 31 19 30 18 28 21 29 22 30 20 31 19 30 21 31 18 1 -2 30 20 31 19 28 16 31 17 30 18 27 17 29 14 30 16 31 16 32 12 31 9 30 12 29 13 28 13 32 10 33 10 35 9 34 8 29 8 32 3 32 7 33 9 32 9 33 8 35 9 30 3 0 1 0 0 0 0 0 0 0 0 ]
CSI_DATA,AP,68:FE:71:12:53:8C,-49,11,1,3,1,1,1,0,0,0,0,-95,0,6,1,54456487,0,84,0,0,54.456,384,[84 -64 4 0 0 0 0 0 0 0 0 0 8 18 8 19 8 18 3 19 5 18 4 16 3 18 4 16 4 19 2 20 3 17 0 18 1 17 1 16 -1 16 0 18 -1 17 1 17 -2 17 0 14 2 14 2 13 1 16 1 17 2 13 0 14 -1 2 0 15 0 15 2 15 4 12 3 11 3 15 2 16 3 14 4 15 3 14 5 12 3 15 5 13 4 15 6 13 7 12 4 12 7 13 7 14 7 14 4 11 8 15 6 14 5 11 9 10 5 10 -1 0 0 0 0 0 0 0 0 0 ]
CSI_DATA,AP,68:FE:71:12:53:8C,-43,11,1,4,1,1,1,0,0,0,0,-95,0,6,1,54511961,0,84,0,0,54.512,384,[84 -64 4 0 0 0 0 0 0 0 0 0 13 -16 13 -13 12 -17 13 -13 17 -14 16 -13 18 -12 13 -12 18 -12 17 -10 19 -12 17 -11 16 -9 17 -11 17 -12 16 -11 17 -12 17 -7 13 -8 14 -11 14 -11 14 -8 12 -9 17 -9 13 -10 13 -8 -1 -2 15 -7 14 -9 14 -11 14 -11 12 -10 15 -13 15 -12 12 -11 13 -9 12 -13 10 -14 11 -10 11 -14 12 -12 12 -12 10 -11 12 -15 8 -15 10 -13 8 -12 9 -14 8 -11 10 -13 11 -13 8 -14 10 -14 0 2 0 0 0 0 0 0 0 0 ]
CSI_DATA,AP,68:FE:71:12:53:8C,-45,11,1,3,1,1,1,1,0,0,0,-94,5,6,1,54588962,0,84,0,0,54.589,384,[84 -64 4 0 0 0 0 0 0 0 0 0 -10 -18 -8 -17 -7 -19 -7 -24 -9 -21 -9 -22 -8 -22 -5 -19 -4 -22 -4 -17 -7 -23 -5 -24 -4 -22 -5 -18 -6 -22 -2 -21 -1 -21 -4 -17 -4 -17 -2 -18 -1 -19 -5 -18 -1 -17 -1 -21 -3 -20 -4 -17 1 1 -3 -19 -6 -17 -3 -19 -7 -17 -2 -19 -5 -17 -3 -17 -3 -18 -9 -15 -5 -14 -10 -18 -5 -14 -7 -14 -7 -14 -6 -14 -10 -16 -7 -14 -11 -13 -11 -15 -9 -15 -8 -15 -11 -15 -8 -16 -11 -14 -7 -16 -10 -13 -1 -2 0 0 0 0 0 0 0 0 ]
CSI_DATA,AP,68:FE:71:12:53:8C,-46,11,1,3,1,1,1,0,0,0,0,-94,0,6,1,54690372,0,84,0,0,54.69,384,[84 -64 4 0 0 0 0 0 0 0 0 0 -11 19 -12 18 -11 16 -11 16 -12 19 -10 14 -14 17 -11 15 -12 16 -11 12 -15 16 -16 17 -14 16 -16 14 -12 14 -14 14 -15 13 -14 12 -12 10 -12 12 -15 11 -11 10 -13 10 -15 14 -15 13 -15 13 0 -1 -10 13 -10 12 -12 14 -9 12 -12 11 -10 13 -11 12 -10 15 -8 12 -7 11 -11 13 -10 15 -10 14 -6 15 -7 11 -9 13 -7 17 -6 15 -5 14 -4 16 -5 16 -6 15 -4 16 -7 14 -7 16 -4 16 0 1 0 0 0 0 0 0 0 0 ]
CSI_DATA,AP,68:FE:71:12:53:8C,-50,11,1,2,1,1,1,0,0,0,0,-94,0,6,1,54753423,0,84,0,0,54.753,384,[84 -64 4 0 0 0 0 0 0 0 0 0 -13 20 -10 15 -13 18 -14 21 -14 17 -13 14 -15 17 -18 12 -16 17 -18 16 -18 14 -17 16 -19 16 -15 13 -15 13 -19 13 -14 15 -17 13 -13 11 -14 14 -17 11 -13 14 -16 10 -13 13 -16 12 -14 13 1 1 -16 11 -13 14 -14 15 -14 12 -11 14 -15 10 -15 14 -12 14 -11 14 -11 15 -12 13 -10 15 -12 12 -8 16 -8 14 -8 14 -11 14 -8 17 -8 17 -10 15 -12 14 -10 14 -10 16 -9 16 -6 14 -9 17 0 -2 0 0 0 0 0 0 0 0 ]
CSI_DATA,AP,68:FE:71:12:53:8C,-47,11,1,5,1,1,1,0,0,0,0,-95,0,6,1,54829231,0,84,0,0,54.829,384,[84 -64 4 0 0 0 0 0 0 0 0 0 19 -5 23 -2 23 -3 24 0 22 -3 21 -1 23 0 19 0 20 3 20 4 23 2 23 3 19 3 21 4 21 3 19 5 20 1 19 2 19 1 18 5 18 4 20 2 14 2 19 2 18 4 19 1 2 2 19 3 17 2 19 2 19 1 15 3 16 1 15 0 17 3 15 2 17 -2 17 0 17 1 17 -3 16 -1 15 -2 16 -5 19 -4 15 -3 18 -4 14 -7 18 -4 17 -3 16 -5 15 -8 17 -5 17 -6 -2 -1 0 0 0 0 0 0 0 0 ]
CSI_DATA,AP,68:FE:71:12:53:8C,-49,11,1,2,1,1,1,0,0,0,0,-94,0,6,1,54947233,0,84,0,0,54.947,384,[84 -64 4 0 0 0 0 0 0 0 0 0 -13 19 -16 14 -12 16 -15 15 -16 17 -15 12 -15 13 -16 13 -18 10 -17 9 -19 11 -18 14 -16 12 -16 11 -17 11 -15 11 -18 9 -14 9 -16 11 -14 10 -18 11 -16 8 -14 7 -16 9 -18 10 -15 9 0 -1 -15 12 -16 12 -14 11 -14 8 -15 13 -12 11 -15 13 -12 11 -13 12 -10 9 -12 14 -11 14 -9 14 -10 11 -12 10 -10 14 -11 12 -10 15 -10 12 -10 15 -11 14 -12 12 -10 16 -11 17 -9 16 -7 16 2 -2 0 0 0 0 0 0 0 0 ]
CSI_DATA,AP,68:FE:71:12:53:8C,-43,11,0,0,0,0,0,1,0,0,0,-93,3,6,1,55036098,0,37,0,0,55.036,128,[84 -64 4 0 0 0 0 0 0 0 0 0 21 2 18 5 20 6 24 3 21 6 19 6 20 6 21 4 22 7 21 9 21 8 21 6 18 9 17 9 16 8 17 9 15 7 17 8 17 6 18 7 19 6 18 7 13 9 17 6 19 6 18 6 -1 2 18 6 18 7 18 7 19 5 17 4 16 4 19 3 18 5 16 5 17 4 15 0 17 3 17 0 14 2 17 0 19 0 17 -1 17 -1 16 1 15 -4 17 -3 15 0 15 1 18 -4 16 1 19 -2 1 1 0 0 0 0 0 0 0 0 ]
CSI_DATA,AP,68:FE:71:12:53:8C,-45,11,1,4,1,1,1,0,0,0,0,-96,0,6,1,55154499,0,84,0,0,55.154,384,[84 -64 4 0 0 0 0 0 0 0 0 0 -2 24 -3 20 -1 23 -4 22 -4 24 -2 22 -3 23 -3 20 -4 22 -4 19 -8 24 -5 20 -8 22 -6 18 -9 17 -8 21 -5 17 -5 16 -6 17 -6 20 -6 16 -7 17 -5 18 -8 19 -6 19 -8 17 -2 -1 -6 18 -6 18 -6 16 -1 18 -4 14 -3 16 -3 16 -1 16 -1 17 -3 18 -2 18 -4 15 0 18 2 19 -1 18 0 16 -1 19 2 16 0 18 1 14 0 18 0 16 0 16 0 16 3 18 2 17 1 2 0 0 0 0 0 0 0 0 ]
CSI_DATA,AP,68:FE:71:12:53:8C,-47,11,1,3,1,1,1,0,0,0,1,-94,0,6,1,55240930,0,84,0,0,55.241,384,[84 -64 4 0 0 0 0 0 0 0 0 0 -8 -18 -6 -19 -9 -21 -6 -22 -7 -20 -6 -20 -2 -23 -3 -20 -4 -20 -4 -19 -1 -20 -3 -21 -3 -21 0 -20 -2 -17 -1 -20 -2 -20 -3 -20 -2 -16 -1 -19 -3 -20 0 -20 -1 -16 -1 -20 0 -18 -1 -17 -2 0 -1 -19 -2 -15 -1 -15 -6 -17 -4 -18 -4 -18 -6 -16 -3 -16 -6 -17 -5 -14 -8 -14 -6 -17 -4 -15 -8 -18 -8 -18 -9 -18 -8 -16 -7 -17 -7 -15 -11 -13 -6 -14 -11 -16 -9 -16 -10 -13 -11 -12 -11 -12 2 1 0 0 0 0 0 0 0 0 ]
CSI_DATA,AP,68:FE:71:12:53:8C,-48,11,1,3,1,1,1,0,0,0,0,-96,0,6,1,55372129,0,84,0,0,55.372,384,[84 -64 4 0 0 0 0 0 0 0 0 0 4 -18 2 -22 3 -23 3 -20 6 -22 7 -20 8 -18 6 -17 7 -17 7 -19 10 -21 11 -20 10 -20 7 -18 11 -17 10 -20 8 -19 10 -17 8 -15 8 -18 7 -14 10 -15 9 -13 6 -18 10 -15 10 -16 -1 0 8 -18 5 -18 7 -15 4 -15 6 -14 7 -16 4 -18 4 -15 3 -17 6 -14 2 -15 4 -17 5 -15 2 -16 4 -14 3 -18 3 -19 0 -16 3 -17 2 -14 5 -15 0 -16 4 -15 2 -19 2 -15 0 -16 -2 0 0 0 0 0 0 0 0 0 ]
CSI_DATA,AP,68:FE:71:12:53:8C,-47,11,1,5,1,1,1,0,0,0,0,-93,0,6,1,55450969,0,84,0,0,55.451,384,[84 -64 4 0 0 0 0 0 0 0 0 0 -18 -5 -17 -9 -18 -9 -19 -7 -20 -12 -15 -11 -17 -11 -15 -12 -17 -12 -19 -13 -16 -14 -18 -14 -16 -10 -17 -11 -14 -9 -15 -11 -16 -13 -13 -9 -17 -9 -14 -14 -13 -14 -14 -13 -15 -11 -16 -10 -15 -10 -17 -12 -1 -1 -16 -12 -14 -9 -15 -11 -13 -10 -12 -7 -14 -8 -15 -10 -17 -8 -17 -8 -16 -7 -17 -4 -15 -5 -15 -8 -17 -7 -15 -5 -17 -5 -17 -6 -18 -5 -15 -3 -17 -3 -16 -6 -16 -2 -16 -5 -18 -3 -17 -5 -17 -4 0 -1 0 0 0 0 0 0 0 0 ]
CSI_DATA,AP,68:FE:71:12:53:8C,-48,11,1,4,1,1,1,0,0,0,0,-94,0,6,1,55564496,0,84,0,0,55.564,384,[84 -64 4 0 0 0 0 0 0 0 0 0 8 19 7 17 10 19 7 17 8 19 4 19 4 19 3 17 4 17 7 21 5 21 6 21 4 18 4 18 3 16 4 21 1 19 4 18 5 18 3 19 4 19 1 19 2 14 1 19 4 17 2 16 2 1 6 15 7 17 3 17 7 18 6 14 5 18 7 14 7 16 5 14 9 15 9 15 7 15 6 12 8 14 8 14 9 12 10 17 8 14 10 14 9 12 6 15 9 15 10 15 10 15 8 14 9 10 -2 0 0 0 0 0 0 0 0 0 ]
CSI_DATA,AP,68:FE:71:12:53:8C,-47,11,1,4,1,1,1,0,0,0,0,-94,0,6,1,55654789,0,84,0,0,55.655,384,[84 -64 4 0 0 0 0 0 0 0 0 0 17 10 15 10 16 13 18 14 15 14 14 12 17 12 13 10 16 11 15 16 14 15 15 14 12 14 13 16 10 16 11 14 10 14 10 14 11 13 13 14 10 11 13 11 11 12 12 13 13 16 9 13 0 0 12 11 13 11 11 12 10 9 14 10 12 9 12 13 11 8 13 12 11 7 12 10 13 11 12 7 12 9 15 9 16 9 15 7 15 7 12 6 14 8 16 7 12 9 16 6 15 8 15 8 16 7 1 1 0 0 0 0 0 0 0 0 ]
CSI_DATA,AP,68:FE:71:12:53:8C,-45,11,1,5,1,1,1,0,0,0,0,-95,0,6,1,55750632,0,84,0,0,55.751,384,[84 -64 4 0 0 0 0 0 0 0 0 0 17 -8 18 -6 18 -5 21 -6 20 -6 21 -5 19 -4 17 -5 17 -5 20 -1 18 -4 21 -1 22 -2 22 -3 19 -2 20 -1 17 0 20 1 19 1 16 1 18 -1 19 -3 16 0 17 2 19 1 17 -2 -2 -2 18 -4 19 -2 17 -4 17 -1 13 -4 18 -5 17 -1 15 -2 16 -6 12 -6 17 -6 16 -4 14 -8 14 -5 17 -5 18 -5 15 -6 14 -7 15 -6 15 -7 17 -9 16 -7 16 -7 16 -10 13 -7 13 -9 -2 1 0 0 0 0 0 0 0 0 ]
CSI_DATA,AP,68:FE:71:12:53:8C,-45,11,1,5,1,1,1,0,0,0,0,-94,0,6,1,55810724,0,84,0,0,55.811,384,[84 -64 4 0 0 0 0 0 0 0 0 0 20 -5 22 -7 23 -5 21 -4 22 -5 22 -2 22 -2 20 0 18 -1 19 1 21 -1 21 0 18 1 18 2 16 5 23 -1 18 0 18 2 16 2 16 4 19 3 18 2 16 3 17 4 18 5 19 1 1 -1 17 0 18 3 19 1 15 0 15 0 16 -2 15 1 15 -2 15 -3 13 -1 18 -4 16 -2 14 -1 17 -4 14 -3 18 -4 15 -5 13 -3 16 -5 16 -6 16 -5 16 -4 19 -5 16 -3 17 -3 13 -4 -1 -1 0 0 0 0 0 0 0 0 ]
CSI_DATA,AP,68:FE:71:12:53:8C,-47,11,1,3,1,1,1,0,0,0,0,-94,0,6,1,55905404,0,84,0,0,55.905,384,[84 -64 4 0 0 0 0 0 0 0 0 0 -3 21 -8 20 -8 17 -9 22 -5 20 -10 15 -11 19 -8 18 -9 19 -8 14 -9 18 -11 20 -11 20 -11 17 -12 15 -8 16 -11 18 -10 12 -9 13 -8 17 -9 13 -10 14 -8 12 -7 16 -8 17 -8 15 -1 -1 -7 16 -10 15 -6 15 -6 13 -6 16 -6 15 -6 14 -8 14 -6 16 -7 13 -2 17 -6 13 -4 16 -2 17 -3 12 -4 19 -3 16 -3 15 -5 16 -3 17 -5 16 -3 15 1 13 1 18 0 14 -1 14 2 1 0 0 0 0 0 0 0 0 ]
CSI_DATA,AP,68:FE:71:12:53:8C,-48,11,1,4,1,1,1,0,0,0,0,-93,0,6,1,55980506,0,84,0,0,55.981,384,[84 -64 4 0 0 0 0 0 0 0 0 0 15 -11 16 -12 18 -12 17 -14 18 -12 17 -9 18 -12 17 -8 16 -11 19 -7 21 -7 20 -8 18 -6 18 -6 18 -8 17 -10 16 -6 18 -7 14 -4 14 -7 14 -8 18 -6 17 -4 14 -7 16 -5 14 -8 1 -1 13 -7 16 -8 15 -9 14 -9 16 -5 15 -7 14 -9 16 -9 12 -10 13 -7 14 -8 14 -8 11 -8 15 -9 15 -10 14 -11 14 -9 13 -9 15 -10 10 -11 15 -8 12 -9 11 -10 13 -13 13 -12 10 -13 -1 0 0 0 0 0 0 0 0 0 ]
CSI_DATA,AP,68:FE:71:12:53:8C,-48,11,1,3,1,1,1,0,0,0,0,-93,0,6,1,56080478,0,84,0,0,56.08,384,[84 -64 4 0 0 0 0 0 0 0 0 0 12 12 15 15 14 15 14 17 14 19 13 14 10 18 10 16 9 16 11 17 11 18 12 16 9 19 11 16 7 14 10 18 10 16 9 14 8 16 8 17 8 17 6 15 4 15 7 15 7 18 9 14 2 2 7 16 8 15 9 16 7 14 8 15 10 13 8 12 7 13 9 13 9 10 8 13 9 14 11 14 12 13 8 12 11 11 11 14 10 12 11 8 11 8 12 12 9 12 10 12 14 11 12 9 11 12 0 2 0 0 0 0 0 0 0 0 ]
CSI_DATA,AP,68:FE:71:12:53:8C,-46,11,1,4,1,1,1,1,0,0,0,-95,6,6,1,56190657,0,84,0,0,56.191,384,[84 -64 4 0 0 0 0 0 0 0 0 0 -21 3 -19 5 -24 5 -22 4 -21 5 -20 3 -20 1 -23 3 -19 2 -18 1 -21 1 -21 1 -23 -2 -19 -3 -22 -1 -23 1 -20 1 -21 -3 -22 -1 -18 -3 -19 -1 -19 0 -16 -3 -20 -3 -18 -2 -20 -2 1 1 -19 -1 -21 0 -17 0 -20 2 -16 2 -18 1 -19 -1 -17 0 -16 2 -18 2 -20 5 -18 3 -17 5 -19 3 -18 5 -19 7 -16 2 -18 6 -17 4 -14 7 -17 5 -17 4 -16 5 -20 6 -17 4 -15 5 -1 0 0 0 0 0 0 0 0 0 ]
CSI_DATA,AP,68:FE:71:12:53:8C,-42,11,1,4,1,1,1,1,0,0,0,-94,4,6,1,56289115,0,82,0,0,56.289,384,[84 -64 4 0 0 0 0 0 0 0 0 0 10 -16 11 -18 12 -16 14 -20 12 -16 14 -14 11 -17 15 -16 13 -16 11 -14 14 -13 13 -15 16 -12 15 -13 14 -14 16 -12 15 -13 14 -11 13 -13 13 -11 16 -13 14 -12 13 -10 11 -13 15 -13 15 -12 2 0 13 -13 14 -13 13 -14 12 -11 10 -9 12 -11 10 -14 13 -10 11 -11 9 -11 10 -14 11 -15 12 -13 10 -12 10 -14 10 -13 10 -16 10 -16 6 -15 6 -13 6 -13 9 -14 5 -17 5 -14 6 -15 6 -15 -2 0 0 0 0 0 0 0 0 0 ]
CSI_DATA,AP,68:FE:71:12:53:8C,-45,11,1,4,1,1,1,1,0,0,0,-95,4,6,1,56369856,0,84,0,0,56.37,384,[84 -64 4 0 0 0 0 0 0 0 0 0 -9 -17 -9 -17 -9 -17 -10 -17 -10 -21 -8 -16 -9 -16 -7 -16 -6 -21 -5 -20 -7 -17 -7 -20 -6 -21 -6 -19 -3 -18 -5 -20 -6 -17 -6 -15 -2 -16 -4 -18 -4 -16 -2 -18 -3 -16 -4 -19 -7 -18 -6 -15 -2 2 -4 -14 -6 -18 -5 -17 -5 -16 -3 -17 -8 -16 -7 -14 -7 -16 -8 -13 -7 -12 -9 -15 -8 -15 -10 -16 -9 -11 -8 -13 -9 -12 -11 -12 -9 -13 -11 -12 -8 -14 -7 -12 -11 -12 -10 -10 -11 -14 -9 -11 -13 -13 1 -2 0 0 0 0 0 0 0 0 ]
CSI_DATA,AP,68:FE:71:12:53:8C,-43,11,1,4,1,1,1,0,0,0,0,-96,0,6,1,56488585,0,84,0,0,56.489,384,[84 -64 4 0 0 0 0 0 0 0 0 0 14 -12 16 -12 15 -11 17 -13 16 -10 20 -12 18 -10 20 -7 19 -9 19 -7 22 -7 20 -9 20 -7 19 -6 18 -8 19 -8 16 -6 17 -5 18 -7 19 -8 17 -6 15 -6 14 -7 17 -7 17 -7 17 -5 -1 2 15 -7 17 -11 15 -9 13 -10 15 -8 17 -6 16 -7 13 -10 15 -10 16 -10 16 -12 13 -11 12 -8 12 -10 13 -13 14 -13 12 -10 11 -10 13 -10 12 -13 10 -12 9 -11 13 -11 10 -13 13 -12 12 -14 0 2 0 0 0 0 0 0 0 0 ]
CSI_DATA,AP,68:FE:71:12:53:8C,-45,11,1,3,1,1,1,0,0,0,0,-95,0,6,1,56608953,0,84,0,0,56.609,384,[84 -64 4 0 0 0 0 0 0 0 0 0 -16 -3 -16 -4 -18 -5 -19 -9 -19 -9 -17 -10 -19 -10 -16 -6 -16 -11 -15 -7 -17 -10 -17 -8 -18 -9 -15 -12 -17 -12 -18 -9 -17 -9 -16 -10 -14 -9 -15 -7 -15 -10 -17 -9 -12 -11 -12 -10 -15 -12 -12 -7 -2 2 -16 -8 -13 -10 -15 -10 -12 -8 -15 -8 -16 -5 -13 -5 -13 -7 -16 -6 -13 -5 -13 -8 -13 -5 -16 -6 -16 -5 -15 -3 -16 -6 -14 -5 -13 -2 -17 -6 -16 -4 -16 -1 -13 -3 -14 -3 -15 -4 -16 -5 -13 -5 0 -2 0 0 0 0 0 0 0 0 ]
CSI_DATA,AP,68:FE:71:12:53:8C,-47,11,1,5,1,1,1,0,0,0,0,-93,0,6,1,56706891,0,84,0,0,56.707,384,[84 -64 4 0 0 0 0 0 0 0 0 0 16 -9 16 -10 19 -9 22 -9 21 -7 18 -7 21 -5 16 -6 21 -6 21 -3 19 -2 21 -4 21 -5 21 -3 19 -3 22 -4 18 0 20 0 19 -2 16 -3 20 -2 19 -1 15 0 16 0 18 -2 20 0 -1 -1 18 -4 17 -4 15 -2 16 -4 15 -2 15 -2 16 -6 15 -3 16 -3 13 -4 14 -7 14 -3 17 -3 16 -6 14 -5 14 -8 14 -6 17 -7 14 -9 13 -10 16 -10 13 -8 15 -6 13 -10 17 -6 16 -9 1 0 0 0 0 0 0 0 0 0 ]
CSI_DATA,AP,68:FE:71:12:53:8C,-44,11,1,5,1,1,1,0,0,0,0,-93,0,6,1,56795305,0,84,0,0,56.795,384,[84 -64 4 0 0 0 0 0 0 0 0 0 20 4 20 2 21 0 23 2 24 4 21 3 23 2 21 2 17 3 17 5 19 5 17 7 19 8 18 4 16 2 20 7 19 5 14 3 16 6 19 2 18 5 18 6 14 4 15 4 19 6 14 4 -1 0 17 4 18 3 14 1 15 3 15 1 18 1 17 1 17 -1 14 -2 14 1 15 -1 16 -2 17 0 16 -1 17 -2 16 -2 16 -2 17 -3 16 0 14 -3 17 -2 15 -2 14 -3 17 -1 17 0 17 -3 1 1 0 0 0 0 0 0 0 0 ]
CSI_DATA,AP,68:FE:71:12:53:8C,-45,11,1,5,1,1,1,0,0,0,0,-96,0,6,1,56896213,0,84,0,0,56.896,384,[84 -64 4 0 0 0 0 0 0 0 0 0 -17 5 -16 4 -17 7 -17 5 -20 3 -16 4 -16 -1 -16 -1 -18 -2 -18 -1 -21 1 -17 1 -20 0 -19 2 -15 -3 -16 -2 -18 1 -15 -3 -18 -3 -16 -1 -17 1 -15 -1 -14 0 -16 0 -18 1 -16 1 -1 0 -14 0 -13 0 -15 2 -16 0 -16 0 -15 1 -15 1 -16 2 -15 1 -14 4 -15 3 -12 5 -14 3 -16 5 -15 2 -14 4 -14 6 -15 3 -17 5 -13 4 -13 7 -12 4 -11 6 -15 8 -13 5 -14 5 0 -1 0 0 0 0 0 0 0 0 ]
CSI_DATA,AP,68:FE:71:12:53:8C,-45,11,1,3,1,1,1,0,0,0,0,-94,0,6,1,57006810,0,84,0,0,57.007,384,[84 -64 4 0 0 0 0 0 0 0 0 0 13 17 11 17 10 16 11 17 9 19 8 18 8 16 7 19 5 18 8 17 9 20 8 16 8 17 5 17 3 18 4 18 7 19 5 15 6 18 2 14 3 15 3 18 3 12 5 15 7 15 7 16 0 0 7 16 8 15 7 13 6 14 5 15 4 14 6 12 6 12 9 15 7 14 7 13 8 14 10 13 9 12 9 10 11 12 10 14 11 10 10 12 10 13 9 14 11 14 12 13 12 9 9 11 11 10 2 2 0 0 0 0 0 0 0 0 ]
CSI_DATA,AP,68:FE:71:12:53:8C,-47,11,1,3,1,1,1,0,0,0,0,-96,0,6,1,57109075,0,84,0,0,57.109,384,[84 -64 4 0 0 0 0 0 0 0 0 0 -8 -13 -9 -12 -10 -13 -9 -13 -9 -11 -6 -14 -9 -15 -7 -12 -6 -15 -5 -14 -8 -15 -10 -15 -5 -14 -7 -15 -6 -12 -9 -17 -4 -15 -4 -15 -6 -13 -6 -13 -3 -15 -4 -14 -4 -15 -4 -15 -8 -16 -6 -12 -2 2 -7 -13 -5 -15 -6 -13 -6 -11 -8 -12 -9 -10 -6 -13 -5 -14 -8 -11 -6 -11 -9 -11 -5 -11 -10 -10 -10 -12 -8 -10 -11 -10 -9 -13 -11 -8 -9 -11 -9 -10 -9 -11 -9 -13 -9 -12 -10 -12 -8 -12 -12 -11 2 -1 0 0 0 0 0 0 0 0 ]
CSI_DATA,AP,68:FE:71:12:53:8C,-49,11,1,2,1,1,1,0,0,0,0,-93,0,6,1,57208697,0,84,0,0,57.209,384,[84 -64 4 0 0 0 0 0 0 0 0 0 -17 13 -13 15 -17 16 -19 16 -17 15 -19 12 -17 13 -19 10 -15 11 -15 13 -18 13 -18 11 -16 10 -19 9 -19 7 -17 11 -18 10 -17 10 -19 7 -16 6 -17 8 -17 7 -14 7 -15 9 -17 9 -15 9 1 1 -17 8 -17 12 -17 12 -14 8 -15 7 -15 8 -16 10 -12 9 -14 10 -11 10 -11 10 -12 12 -9 11 -10 12 -9 13 -10 14 -11 12 -10 10 -12 10 -8 11 -9 14 -8 14 -8 13 -10 12 -7 12 -9 15 -2 2 0 0 0 0 0 0 0 0 ]
CSI_DATA,AP,68:FE:71:12:53:8C,-46,11,1,3,1,1,1,1,0,0,0,-95,1,6,1,57308731,0,84,0,0,57.309,384,[84 -64 4 0 0 0 0 0 0 0 0 0 9 15 6 16 4 19 8 17 7 17 1 16 1 17 5 16 5 16 2 13 2 18 1 16 3 13 -1 15 2 12 2 14 -1 11 3 13 3 13 0 13 3 13 3 10 1 12 3 10 4 13 0 11 1 -1 1 11 1 13 2 12 5 10 6 11 3 12 4 9 3 7 5 7 3 7 6 9 4 10 6 9 4 10 7 8 8 10 9 8 7 10 9 10 6 7 9 8 7 8 10 11 8 7 7 11 9 9 -1 1 0 0 0 0 0 0 0 0 ]
CSI_DATA,AP,68:FE:71:12:53:8C,-45,11,1,5,1,1,1,0,0,0,0,-94,0,6,1,57413669,0,84,0,0,57.414,384,[84 -64 4 0 0 0 0 0 0 0 0 0 16 11 14 10 16 13 17 12 14 12 14 13 11 14 11 14 10 16 8 14 12 16 12 15 12 12 8 12 7 11 8 14 6 12 9 11 6 13 7 11 6 11 6 12 7 6 8 11 8 11 7 11 -2 2 11 7 11 10 12 9 11 5 10 5 9 7 11 5 8 4 9 6 12 5 9 4 10 3 11 5 13 2 12 5 12 4 11 6 10 4 10 5 11 0 10 3 14 5 14 0 11 3 13 1 13 2 0 2 0 0 0 0 0 0 0 0 ]
CSI_DATA,AP,68:FE:71:12:53:8C,-47,11,1,4,1,1,1,0,0,0,0,-95,0,6,1,57503447,0,84,0,0,57.503,384,[84 -64 4 0 0 0 0 0 0 0 0 0 -27 0 -28 -1 -30 -4 -31 -5 -26 -7 -27 -6 -24 -8 -23 -7 -25 -9 -23 -8 -23 -6 -24 -6 -20 -6 -19 -9 -18 -8 -20 -9 -17 -9 -18 -8 -17 -7 -19 -10 -17 -6 -17 -9 -15 -4 -18 -5 -16 -3 -13 -4 0 1 -15 -2 -15 -2 -13 1 -15 0 -14 2 -13 -1 -13 1 -13 3 -13 1 -14 5 -10 2 -9 2 -14 6 -10 3 -10 3 -10 4 -12 4 -11 8 -10 5 -8 8 -11 5 -12 7 -9 9 -8 10 -11 10 -12 8 -2 -2 0 0 0 0 0 0 0 0 ]
CSI_DATA,AP,68:FE:71:12:53:8C,-45,11,1,3,1,1,1,0,0,0,0,-93,0,6,1,57603549,0,84,0,0,57.604,384,[84 -64 4 0 0 0 0 0 0 0 0 0 -32 3 -33 3 -33 1 -37 2 -29 -4 -32 -4 -28 -4 -27 -6 -27 -2 -28 -3 -28 -3 -28 -4 -25 -5 -27 -5 -26 -7 -25 -4 -24 -4 -22 -7 -23 -2 -22 -5 -19 -1 -20 -5 -15 -1 -20 -1 -17 -1 -16 -1 2 0 -16 0 -14 1 -16 0 -15 1 -14 3 -15 1 -15 2 -13 3 -14 3 -11 5 -10 7 -12 8 -12 6 -11 6 -11 9 -13 6 -8 6 -10 9 -10 11 -8 6 -11 11 -10 11 -5 7 -8 11 -6 9 -7 10 -2 -2 0 0 0 0 0 0 0 0 ]
CSI_DATA,AP,68:FE:71:12:53:8C,-44,11,1,4,1,1,1,0,0,0,0,-94,0,6,1,57702316,0,84,0,0,57.702,384,[84 -64 4 0 0 0 0 0 0 0 0 0 13 -18 12 -17 12 -16 12 -17 12 -14 14 -15 12 -11 15 -12 11 -11 12 -10 15 -15 14 -13 12 -10 13 -11 11 -13 14 -11 12 -10 12 -10 11 -11 14 -9 13 -8 9 -9 10 -10 9 -10 13 -13 10 -10 1 0 10 -10 8 -14 9 -12 10 -12 8 -10 10 -12 9 -9 7 -9 5 -12 7 -11 8 -14 5 -13 6 -11 4 -11 5 -13 8 -12 4 -12 5 -11 6 -13 3 -15 6 -14 7 -10 6 -15 3 -15 5 -11 3 -12 -2 -1 0 0 0 0 0 0 0 0 ]
CSI_DATA,AP,68:FE:71:12:53:8C,-41,11,1,5,1,1,1,0,0,0,0,-93,0,6,1,57809875,0,84,0,0,57.81,384,[84 -64 4 0 0 0 0 0 0 0 0 0 18 6 16 10 15 10 19 8 17 11 14 8 19 12 15 10 14 9 14 9 17 12 17 12 15 14 13 14 13 14 15 14 14 14 17 10 14 14 17 12 15 14 14 14 15 14 14 12 15 15 17 15 -1 2 16 11 16 11 14 13 19 10 15 13 17 9 15 12 18 10 18 11 16 10 19 10 17 11 19 8 18 11 20 8 18 8 20 8 21 9 19 9 19 8 20 9 17 11 18 12 19 11 18 10 17 8 -1 2 0 0 0 0 0 0 0 0 ]
CSI_DATA,AP,68:FE:71:12:53:8C,-42,11,1,4,1,1,1,0,0,0,0,-95,0,6,1,57949758,0,82,0,0,57.95,384,[84 -64 4 0 0 0 0 0 0 0 0 0 -3 -20 -5 -19 -3 -22 -6 -24 -4 -24 -2 -22 -2 -23 0 -24 -3 -23 2 -22 2 -24 0 -24 1 -24 0 -25 3 -23 0 -27 -1 -24 0 -21 4 -21 -1 -23 5 -21 2 -26 5 -24 2 -22 3 -22 1 -25 1 0 1 -23 -2 -23 -1 -23 -1 -22 1 -24 1 -22 2 -26 0 -21 0 -21 -4 -24 -3 -27 -1 -24 0 -22 -2 -23 -3 -27 -2 -26 -6 -28 -2 -25 -6 -24 -3 -22 -3 -23 -6 -23 -3 -24 -2 -22 -1 -24 -2 -21 0 -2 0 0 0 0 0 0 0 0 ]
CSI_DATA,AP,68:FE:71:12:53:8C,-48,11,1,3,1,1,1,0,0,0,0,-96,0,6,1,58058532,0,84,0,0,58.059,384,[84 -64 4 0 0 0 0 0 0 0 0 0 0 -5 0 -3 1 -4 4 -5 0 -5 3 -5 4 -2 4 -1 6 -1 6 -1 4 0 4 -2 3 -2 6 -3 6 1 6 -3 8 -3 6 -1 5 1 6 0 5 -2 9 0 7 2 6 -1 8 -2 9 -2 1 -2 8 1 8 -2 7 -1 9 0 8 1 10 -3 11 2 12 1 11 -3 8 -1 13 -4 12 -2 14 -3 13 -4 13 -5 12 -1 12 -2 14 -4 15 -4 11 -1 12 0 16 -4 15 -1 16 -7 13 -1 13 -4 -2 1 0 0 0 0 0 0 0 0 ]
CSI_DATA,AP,68:FE:71:12:53:8C,-47,11,1,3,1,1,1,0,0,0,0,-94,0,6,1,58155525,0,84,0,0,58.156,384,[84 -64 4 0 0 0 0 0 0 0 0 0 15 3 17 3 17 5 20 7 17 7 15 8 17 9 19 9 18 11 20 10 20 11 19 11 23 12 18 13 19 12 19 11 18 10 19 12 16 10 15 13 18 14 18 12 16 13 16 15 15 13 18 12 -1 -1 15 13 20 13 17 12 16 12 15 14 15 9 19 9 18 11 16 10 18 8 20 7 18 7 19 9 16 5 16 5 19 6 18 9 17 6 19 5 16 5 20 5 18 6 19 3 20 5 21 6 21 2 2 2 0 0 0 0 0 0 0 0 ]
CSI_DATA,AP,68:FE:71:12:53:8C,-42,11,1,5,1,1,1,0,0,0,0,-94,0,6,1,58251845,0,84,0,0,58.252,384,[84 -64 4 0 0 0 0 0 0 0 0 0 -12 -11 -15 -10 -13 -8 -13 -9 -14 -10 -14 -11 -10 -10 -11 -13 -10 -11 -12 -12 -12 -16 -14 -15 -13 -17 -12 -18 -11 -17 -13 -19 -10 -17 -8 -14 -9 -17 -9 -16 -10 -17 -12 -16 -8 -17 -9 -17 -11 -19 -8 -17 2 1 -8 -17 -10 -16 -12 -16 -15 -14 -12 -14 -12 -14 -9 -14 -10 -17 -10 -16 -11 -12 -11 -12 -10 -15 -15 -15 -12 -14 -11 -12 -15 -14 -15 -13 -13 -12 -15 -11 -15 -10 -13 -15 -16 -11 -14 -12 -18 -10 -13 -13 -16 -9 -2 -1 0 0 0 0 0 0 0 0 ]
CSI_DATA,AP,68:FE:71:12:53:8C,-49,11,1,2,1,1,1,1,0,0,0,-94,3,6,1,58352302,0,84,0,0,58.352,384,[84 -64 4 0 0 0 0 0 0 0 0 0 -10 19 -10 19 -14 16 -12 20 -14 16 -15 13 -16 17 -13 16 -14 12 -15 15 -17 15 -18 12 -17 13 -16 11 -14 14 -15 12 -15 14 -12 11 -16 11 -16 13 -13 13 -12 13 -14 11 -14 9 -13 9 -12 12 1 -2 -11 13 -12 15 -12 11 -12 13 -13 9 -10 12 -12 10 -8 10 -10 14 -9 13 -8 12 -11 13 -12 12 -9 15 -10 14 -9 12 -7 15 -9 13 -9 13 -8 14 -8 16 -9 15 -8 13 -8 15 -7 15 -7 13 -2 -1 0 0 0 0 0 0 0 0 ]
CSI_DATA,AP,68:FE:71:12:53:8C,-47,11,1,5,1,1,1,1,0,0,0,-94,5,6,1,58467124,0,84,0,0,58.467,384,[82 -96 4 0 0 0 0 0 0 0 0 0 -21 -3 -18 -3 -20 -2 -19 -7 -21 -7 -19 -8 -17 -6 -19 -8 -19 -8 -16 -7 -16 -6 -19 -8 -20 -9 -15 -10 -18 -8 -19 -10 -17 -7 -16 -7 -14 -9 -16 -10 -17 -6 -16 -7 -13 -9 -13 -6 -13 -8 -15 -7 1 2 -12 -9 -13 -7 -17 -7 -13 -8 -15 -6 -14 -6 -15 -7 -15 -6 -13 -7 -13 -5 -18 -5 -14 -5 -14 -3 -15 -4 -18 -2 -15 -4 -17 -2 -16 -4 -15 -1 -14 -2 -15 -3 -17 -3 -17 -1 -16 -1 -17 1 -14 -2 -1 0 0 0 0 0 0 0 0 0 ]
CSI_DATA,AP,68:FE:71:12:53:8C,-50,11,1,2,1,1,1,0,0,0,0,-95,0,6,1,58557474,0,84,0,0,58.557,384,[84 -64 4 0 0 0 0 0 0 0 0 0 12 -13 14 -10 14 -13 15 -8 17 -9 12 -11 13 -7 16 -10 13 -6 14 -8 17 -5 17 -9 16 -9 16 -7 14 -6 12 -7 13 -4 15 -4 15 -8 12 -7 15 -5 13 -6 14 -5 14 -7 12 -4 14 -4 -2 0 10 -6 14 -8 13 -9 10 -7 11 -9 10 -8 14 -5 12 -7 10 -7 10 -7 13 -7 11 -6 11 -7 8 -8 10 -10 11 -8 12 -11 8 -8 11 -8 11 -8 9 -12 8 -9 12 -11 11 -11 8 -13 10 -11 0 0 0 0 0 0 0 0 0 0 ]
CSI_DATA,AP,68:FE:71:12:53:8C,-47,11,1,3,1,1,1,0,0,0,0,-95,0,6,1,58649611,0,84,0,0,58.65,384,[84 -64 4 0 0 0 0 0 0 0 0 0 -17 0 -20 0 -20 -5 -18 -5 -17 -5 -17 -5 -17 -7 -19 -8 -16 -8 -20 -8 -17 -5 -16 -7 -15 -6 -18 -5 -18 -9 -14 -7 -17 -6 -15 -8 -14 -8 -13 -9 -15 -6 -14 -9 -15 -4 -15 -4 -16 -7 -14 -8 2 0 -16 -4 -12 -3 -15 -6 -13 -6 -14 -4 -14 -5 -15 -6 -15 -4 -12 -3 -14 -1 -17 -3 -15 -4 -16 -1 -16 -5 -13 -3 -17 -2 -15 -1 -16 0 -15 0 -16 0 -16 -3 -13 -1 -15 0 -16 -2 -13 3 -18 1 2 -1 0 0 0 0 0 0 0 0 ]
CSI_DATA,AP,68:FE:71:12:53:8C,-47,11,1,4,1,1,1,0,0,0,0,-95,0,6,1,58757413,0,84,0,0,58.757,384,[84 -64 4 0 0 0 0 0 0 0 0 0 -18 -10 -17 -9 -17 -7 -20 -11 -17 -10 -18 -9 -15 -11 -16 -11 -17 -10 -15 -13 -15 -10 -12 -14 -13 -12 -12 -13 -13 -12 -15 -14 -15 -11 -15 -13 -14 -15 -10 -12 -12 -14 -10 -11 -9 -12 -14 -11 -11 -11 -11 -11 0 0 -13 -13 -13 -11 -14 -11 -13 -10 -10 -9 -10 -11 -14 -11 -12 -8 -15 -8 -11 -8 -11 -9 -15 -6 -11 -9 -13 -10 -13 -5 -13 -9 -12 -8 -15 -5 -12 -8 -16 -4 -13 -5 -14 -4 -15 -7 -16 -5 -15 -4 -15 -6 0 0 0 0 0 0 0 0 0 0 ]
CSI_DATA,AP,68:FE:71:12:53:8C,-47,11,1,3,1,1,1,0,0,0,0,-95,0,6,1,58870426,0,84,0,0,58.87,384,[84 -64 4 0 0 0 0 0 0 0 0 0 2 18 1 21 -2 20 -3 21 -4 19 -3 18 -2 20 -3 16 -7 20 -5 16 -6 18 -4 16 -6 17 -7 17 -5 19 -7 17 -8 18 -6 17 -5 14 -7 16 -4 14 -8 14 -5 16 -3 16 -7 15 -4 13 -2 -1 -4 14 -3 12 -2 17 -2 13 -6 16 -2 12 -1 14 -3 14 -5 15 -2 12 -4 16 0 12 -1 16 -2 16 1 16 0 13 -3 15 -2 13 -2 16 0 15 -1 16 2 13 3 16 0 13 1 15 0 12 -1 2 0 0 0 0 0 0 0 0 ]
CSI_DATA,AP,68:FE:71:12:53:8C,-44,11,1,3,1,1,1,0,0,0,0,-96,0,6,1,58980002,0,84,0,0,58.98,384,[84 -64 4 0 0 0 0 0 0 0 0 0 14 13 9 11 12 16 10 16 10 12 12 12 10 16 7 17 6 16 9 15 7 14 6 14 5 17 7 15 9 16 6 17 4 14 6 14 8 14 8 15 8 16 4 16 5 15 4 13 7 14 8 11 1 0 4 11 8 12 6 13 5 10 8 12 8 14 7 13 7 11 7 13 5 13 10 11 10 9 10 10 7 11 10 11 8 12 11 10 8 11 8 12 8 12 8 8 8 10 11 8 13 8 8 10 12 8 0 -1 0 0 0 0 0 0 0 0 ]
CSI_DATA,AP,68:FE:71:12:53:8C,-50,11,1,3,1,1,1,0,0,0,0,-93,0,6,1,59087886,0,84,0,0,59.088,384,[84 -64 4 0 0 0 0 0 0 0 0 0 1 -22 4 -21 4 -23 4 -19 4 -23 6 -19 5 -20 5 -18 7 -21 5 -18 7 -17 5 -19 7 -19 5 -16 9 -17 6 -16 6 -16 4 -19 5 -16 7 -15 9 -17 5 -17 5 -14 6 -17 6 -18 5 -18 0 1 6 -15 4 -18 7 -14 5 -13 5 -17 7 -15 6 -14 5 -16 2 -15 5 -14 4 -17 1 -16 4 -16 4 -14 0 -17 1 -14 4 -17 1 -18 -1 -14 0 -15 0 -17 1 -16 1 -19 0 -19 -1 -14 1 -15 2 1 0 0 0 0 0 0 0 0 ]
CSI_DATA,AP,68:FE:71:12:53:8C,-46,11,1,4,1,1,1,1,0,0,0,-94,3,6,1,59157398,0,84,0,0,59.157,384,[84 -64 4 0 0 0 0 0 0 0 0 0 -4 -18 -4 -21 -5 -22 -2 -21 -3 -19 -3 -21 -4 -20 0 -22 -2 -20 1 -18 1 -22 -2 -22 -2 -21 0 -21 0 -17 0 -19 3 -18 3 -20 2 -21 2 -16 3 -17 3 -19 0 -16 1 -18 0 -19 1 -15 1 1 1 -16 -3 -17 -3 -17 -2 -19 -1 -16 -4 -15 -1 -18 0 -16 -2 -17 -2 -15 -5 -14 -5 -17 -4 -16 -6 -13 -2 -13 -5 -15 -7 -18 -6 -16 -8 -18 -4 -15 -6 -15 -7 -14 -7 -17 -8 -15 -5 -15 -8 -16 0 -1 0 0 0 0 0 0 0 0 ]
CSI_DATA,AP,68:FE:71:12:53:8C,-49,11,1,1,1,1,1,0,0,0,0,-95,0,6,1,59241806,0,84,0,0,59.242,384,[84 -64 4 0 0 0 0 0 0 0 0 0 -14 -12 -15 -12 -14 -11 -14 -14 -14 -15 -17 -12 -14 -11 -11 -13 -14 -12 -15 -13 -14 -14 -12 -12 -12 -17 -11 -15 -14 -12 -14 -13 -10 -16 -12 -14 -11 -14 -13 -16 -9 -16 -9 -13 -12 -11 -11 -11 -11 -12 -11 -10 -1 0 -13 -9 -12 -14 -12 -13 -14 -9 -12 -12 -13 -9 -10 -9 -9 -9 -11 -11 -12 -7 -15 -7 -13 -9 -11 -9 -13 -10 -12 -7 -16 -8 -11 -7 -12 -8 -11 -7 -16 -4 -15 -8 -14 -7 -17 -7 -13 -5 -15 -5 -16 -5 0 2 0 0 0 0 0 0 0 0 ]
CSI_DATA,AP,68:FE:71:12:53:8C,-46,11,1,5,1,1,1,0,0,0,0,-96,0,6,1,59346163,0,84,0,0,59.346,384,[84 -64 4 0 0 0 0 0 0 0 0 0 -8 -20 -9 -18 -8 -18 -8 -24 -6 -22 -7 -23 -5 -22 -6 -23 -5 -23 -3 -22 -2 -20 -1 -23 -1 -19 -1 -21 -4 -21 -3 -20 -3 -21 -4 -20 -2 -21 -4 -19 -2 -20 1 -21 -1 -16 -2 -17 1 -19 -3 -20 -1 2 -2 -17 -3 -18 -2 -17 -1 -15 -3 -16 -4 -16 -5 -18 -4 -16 -1 -17 -6 -17 -4 -19 -5 -14 -3 -19 -6 -15 -6 -15 -4 -15 -4 -19 -4 -19 -8 -16 -4 -17 -8 -15 -5 -16 -8 -14 -9 -14 -6 -15 -5 -16 -2 -2 0 0 0 0 0 0 0 0 ]
CSI_DATA,AP,68:FE:71:12:53:8C,-48,11,1,5,1,1,1,0,0,0,0,-95,0,6,1,59475424,0,84,0,0,59.475,384,[84 -64 4 0 0 0 0 0 0 0 0 0 -1 19 -1 19 -2 19 -2 20 -4 17 0 20 -5 16 -1 19 -1 18 -3 15 -4 17 -7 19 -6 18 -5 18 -5 16 -7 14 -3 15 -4 17 -6 17 -2 18 -5 16 -4 15 -4 13 -3 15 -4 13 -3 15 1 -1 -5 13 -4 17 -2 13 -4 14 -4 13 -2 14 0 16 -2 15 0 12 1 13 0 15 0 12 -2 13 3 12 2 13 1 14 3 15 1 12 3 12 2 13 2 12 4 14 2 12 4 14 3 13 2 13 2 -2 0 0 0 0 0 0 0 0 ]
CSI_DATA,AP,68:FE:71:12:53:8C,-47,11,1,5,1,1,1,0,0,0,0,-95,0,6,1,59559239,0,82,0,0,59.559,384,[84 -64 4 0 0 0 0 0 0 0 0 0 -35 -17 -33 -17 -35 -19 -32 -23 -36 -23 -33 -22 -33 -20 -33 -23 -32 -25 -30 -24 -28 -24 -30 -28 -26 -25 -30 -26 -25 -28 -29 -26 -24 -27 -25 -27 -28 -23 -28 -26 -23 -26 -24 -27 -22 -22 -25 -26 -26 -24 -23 -21 2 1 -25 -21 -26 -23 -22 -23 -27 -20 -25 -19 -23 -23 -25 -23 -27 -18 -26 -20 -26 -18 -27 -16 -24 -18 -25 -16 -28 -15 -29 -19 -28 -16 -30 -19 -29 -17 -29 -14 -28 -14 -29 -15 -31 -12 -30 -17 -30 -12 -29 -16 -28 -11 -1 0 0 0 0 0 0 0 0 0 ]
CSI_DATA,AP,68:FE:71:12:53:8C,-43,11,1,6,1,1,1,0,0,0,0,-94,0,6,1,59643984,0,84,0,0,59.644,384,[84 -64 4 0 0 0 0 0 0 0 0 0 5 -21 7 -19 5 -21 9 -18 10 -20 10 -17 8 -17 10 -19 11 -17 11 -17 11 -17 11 -18 13 -18 10 -16 10 -17 9 -14 10 -14 8 -15 9 -14 11 -15 8 -17 8 -14 11 -13 9 -16 8 -16 8 -15 1 0 7 -13 6 -13 10 -13 5 -13 9 -15 8 -17 9 -17 4 -15 4 -15 5 -17 4 -13 7 -15 5 -13 6 -17 4 -16 6 -17 4 -14 3 -15 4 -16 2 -14 6 -16 1 -15 0 -16 0 -17 4 -17 3 -13 0 1 0 0 0 0 0 0 0 0 ]
CSI_DATA,AP,68:FE:71:12:53:8C,-43,11,1,5,1,1,1,0,0,0,0,-93,0,6,1,59749479,0,84,0,0,59.749,384,[84 -64 4 0 0 0 0 0 0 0 0 0 -35 -21 -36 -24 -38 -23 -34 -26 -30 -27 -33 -28 -31 -29 -32 -29 -28 -28 -27 -27 -29 -31 -28 -31 -27 -30 -26 -31 -26 -31 -25 -33 -23 -30 -21 -27 -23 -30 -23 -28 -25 -29 -22 -31 -22 -29 -22 -28 -24 -31 -25 -28 0 1 -25 -28 -26 -29 -24 -25 -27 -23 -22 -29 -27 -24 -26 -27 -24 -25 -23 -25 -28 -22 -29 -22 -25 -22 -28 -23 -26 -22 -29 -23 -29 -22 -28 -20 -29 -16 -30 -21 -32 -17 -32 -20 -30 -19 -33 -20 -31 -18 -33 -17 -31 -15 2 -1 0 0 0 0 0 0 0 0 ]
CSI_DATA,AP,68:FE:71:12:53:8C,-48,11,1,4,1,1,1,1,0,0,0,-96,1,6,1,59834371,0,84,0,0,59.834,384,[84 -64 4 0 0 0 0 0 0 0 0 0 -14 13 -15 13 -14 11 -17 10 -18 14 -19 9 -15 9 -16 9 -16 11 -15 11 -15 8 -19 7 -16 10 -16 6 -18 6 -15 10 -15 10 -16 7 -14 6 -18 6 -18 9 -16 6 -15 7 -17 6 -17 6 -13 10 2 1 -14 10 -16 8 -16 9 -14 11 -13 8 -12 8 -12 11 -14 10 -13 9 -11 9 -12 9 -11 12 -13 12 -9 12 -10 12 -13 10 -10 10 -12 10 -10 12 -11 14 -9 13 -13 13 -12 12 -12 12 -11 12 -10 13 2 -2 0 0 0 0 0 0 0 0 ]
CSI_DATA,AP,68:FE:71:12:53:8C,-48,11,1,4,1,1,1,0,0,0,0,-95,0,6,1,59944768,0,84,0,0,59.945,384,[84 -64 4 0 0 0 0 0 0 0 0 0 12 10 12 9 15 8 12 12 16 13 11 11 10 10 12 11 9 11 11 10 11 10 9 14 13 11 12 12 11 15 11 11 10 12 7 14 11 14 9 14 9 14 8 14 8 14 8 14 10 10 9 12 0 0 9 13 11 12 11 13 11 9 10 12 8 8 8 10 10 8 12 9 10 10 13 6 9 6 9 8 11 7 12 5 13 6 10 8 10 6 9 8 10 5 12 6 10 9 13 6 10 4 11 4 11 5 2 -1 0 0 0 0 0 0 0 0 ]
CSI_DATA,AP,68:FE:71:12:53:8C,-46,11,1,4,1,1,1,0,0,0,0,-95,0,6,1,60014660,0,84,0,0,60.015,384,[84 -64 4 0 0 0 0 0 0 0 0 0 9 -17 6 -18 8 -21 9 -20 12 -18 11 -16 10 -15 12 -16 12 -15 13 -18 11 -17 12 -14 10 -14 14 -14 10 -14 13 -16 13 -15 10 -15 11 -14 10 -14 12 -12 13 -11 13 -12 11 -14 13 -14 12 -15 -2 2 8 -11 12 -14 8 -13 9 -12 9 -15 7 -14 11 -13 6 -14 10 -13 10 -13 9 -14 6 -12 7 -12 6 -14 7 -13 7 -13 8 -16 5 -17 4 -13 6 -13 8 -17 7 -17 6 -15 3 -16 4 -14 3 -13 1 2 0 0 0 0 0 0 0 0 ]
CSI_DATA,AP,68:FE:71:12:53:8C,-47,11,1,4,1,1,1,1,0,0,0,-94,3,6,1,60131995,0,84,0,0,60.132,384,[84 -64 4 0 0 0 0 0 0 0 0 0 11 -16 13 -14 11 -15 13 -14 11 -17 14 -16 12 -15 14 -12 14 -14 15 -15 13 -12 13 -12 14 -11 15 -14 16 -14 14 -11 14 -14 13 -14 13 -13 11 -13 12 -13 13 -13 10 -8 12 -9 13 -12 11 -13 1 1 13 -10 9 -9 10 -10 11 -14 11 -13 12 -13 11 -10 8 -14 8 -13 8 -11 12 -13 11 -14 8 -12 7 -12 8 -11 6 -15 7 -12 6 -13 6 -14 6 -12 8 -14 9 -15 5 -16 8 -16 5 -16 9 -15 1 2 0 0 0 0 0 0 0 0 ]
CSI_DATA,AP,68:FE:71:12:53:8C,-45,11,1,5,1,1,1,0,0,0,0,-93,0,6,1,60236511,0,84,0,0,60.237,384,[84 -64 4 0 0 0 0 0 0 0 0 0 -21 -4 -17 -2 -20 -3 -20 -6 -23 -6 -18 -6 -20 -6 -17 -8 -21 -7 -17 -5 -19 -7 -22 -9 -20 -10 -20 -10 -19 -9 -18 -9 -17 -8 -18 -9 -18 -6 -14 -10 -18 -11 -14 -11 -16 -9 -16 -9 -19 -6 -17 -10 2 2 -14 -8 -18 -5 -18 -6 -15 -8 -16 -6 -18 -8 -19 -7 -15 -5 -14 -3 -18 -2 -18 -5 -13 -5 -15 -4 -14 -2 -18 -4 -15 -1 -17 -6 -17 -2 -15 -4 -16 -4 -15 -4 -16 -1 -17 -3 -20 2 -19 0 -15 -3 1 1 0 0 0 0 0 0 0 0 ]
CSI_DATA,AP,68:FE:71:12:53:8C,-48,11,1,3,1,1,1,0,0,0,0,-95,0,6,1,60315185,0,84,0,0,60.315,384,[84 -64 4 0 0 0 0 0 0 0 0 0 5 -20 6 -19 11 -18 8 -15 10 -20 10 -16 12 -18 11 -15 10 -15 10 -15 14 -17 11 -17 13 -15 12 -13 12 -12 11 -12 11 -13 10 -14 13 -12 10 -13 11 -11 11 -12 11 -11 14 -12 12 -12 11 -12 0 -1 9 -14 12 -12 8 -10 10 -14 7 -11 7 -14 11 -14 7 -12 9 -14 8 -15 7 -14 6 -16 6 -12 8 -14 9 -16 7 -13 9 -15 8 -14 8 -13 6 -15 7 -15 7 -17 7 -14 3 -15 5 -15 3 -17 -2 -1 0 0 0 0 0 0 0 0 ]
CSI_DATA,AP,68:FE:71:12:53:8C,-43,11,1,4,1,1,1,0,0,0,0,-94,0,6,1,60415622,0,84,0,0,60.416,384,[84 -64 4 0 0 0 0 0 0 0 0 0 -7 -19 -6 -21 -5 -17 -5 -18 -6 -20 -1 -16 0 -18 -2 -18 0 -19 0 -18 2 -20 0 -21 -1 -21 -2 -18 -2 -16 1 -16 1 -18 3 -17 1 -15 1 -17 1 -18 1 -18 0 -17 2 -15 2 -18 -2 -14 2 1 -1 -16 2 -17 -1 -16 -2 -16 0 -17 0 -17 0 -17 -3 -14 -1 -14 -1 -12 -2 -13 -6 -15 -2 -15 -4 -14 -5 -16 -2 -16 -2 -14 -3 -15 -5 -16 -7 -16 -7 -15 -5 -13 -4 -12 -9 -16 -8 -13 -5 -12 -2 -1 0 0 0 0 0 0 0 0 ]
CSI_DATA,AP,68:FE:71:12:53:8C,-41,11,1,4,1,1,1,0,0,0,1,-95,0,6,1,60480824,0,84,0,0,60.481,384,[84 -64 4 0 0 0 0 0 0 0 0 0 11 17 11 17 12 17 8 17 7 21 8 19 8 21 5 18 5 20 4 19 5 21 5 22 3 20 2 20 2 16 6 22 2 16 3 20 3 18 3 19 6 15 4 15 2 15 2 17 4 16 6 18 -2 1 7 15 4 15 7 14 6 17 7 14 6 13 7 16 4 12 8 14 5 11 6 16 4 16 8 15 8 12 11 12 7 13 9 12 8 11 12 14 12 10 8 13 9 9 12 11 9 14 11 11 9 10 2 2 0 0 0 0 0 0 0 0 ]
CSI_DATA,AP,68:FE:71:12:53:8C,-43,11,1,4,1,1,1,0,0,0,0,-94,0,6,1,60570087,0,84,0,0,60.57,384,[84 -64 4 0 0 0 0 0 0 0 0 0 -9 -20 -11 -17 -13 -21 -9 -18 -12 -21 -6 -21 -10 -17 -7 -18 -8 -18 -8 -19 -6 -23 -8 -19 -5 -22 -8 -20 -4 -18 -4 -21 -4 -17 -5 -19 -4 -17 -3 -19 -3 -20 -6 -18 -2 -15 -3 -21 -7 -18 -7 -16 -2 -1 -3 -18 -8 -17 -6 -18 -8 -18 -5 -15 -7 -19 -4 -19 -4 -14 -7 -13 -6 -14 -8 -16 -9 -16 -11 -14 -7 -13 -10 -14 -11 -13 -9 -14 -9 -14 -11 -15 -10 -11 -12 -16 -9 -12 -9 -13 -12 -15 -13 -11 -13 -11 1 -1 0 0 0 0 0 0 0 0 ]
CSI_DATA,AP,68:FE:71:12:53:8C,-44,11,1,3,1,1,1,0,0,0,0,-95,0,6,1,60665055,0,84,0,0,60.665,384,[84 -64 4 0 0 0 0 0 0 0 0 0 19 -12 20 -12 18 -14 21 -11 19 -12 18 -7 20 -8 17 -8 19 -8 19 -7 21 -5 19 -8 18 -8 20 -6 19 -7 21 -7 21 -7 17 -4 19 -2 19 -4 16 -3 20 -3 19 -3 19 -4 16 -3 17 -7 2 -1 16 -5 18 -5 15 -5 14 -8 18 -8 15 -7 18 -6 15 -7 15 -6 12 -11 14 -11 15 -9 13 -8 15 -9 12 -7 14 -8 12 -10 16 -9 13 -10 13 -12 16 -12 14 -9 14 -10 15 -11 14 -12 14 -10 -2 1 0 0 0 0 0 0 0 0 ]
CSI_DATA,AP,68:FE:71:12:53:8C,-41,11,0,0,0,0,0,0,0,0,0,-95,0,6,1,60784032,0,37,0,0,60.784,128,[84 -64 4 0 0 0 0 0 0 0 0 0 -17 13 -20 9 -21 13 -22 10 -20 9 -21 10 -23 9 -23 5 -19 4 -18 9 -21 8 -19 5 -20 8 -20 4 -23 7 -23 7 -21 6 -20 4 -22 4 -19 4 -17 2 -17 5 -16 3 -20 4 -17 5 -18 7 -2 -1 -17 6 -16 5 -20 8 -18 6 -15 8 -15 6 -19 4 -18 8 -15 7 -15 7 -18 7 -17 7 -13 10 -14 7 -14 10 -14 8 -16 11 -16 8 -13 9 -16 11 -16 12 -13 9 -14 10 -13 13 -15 10 -16 14 0 0 0 0 0 0 0 0 0 0 ]
CSI_DATA,AP,68:FE:71:12:53:8C,-50,11,1,3,1,1,1,0,0,0,0,-94,0,6,1,60865883,0,84,0,0,60.866,384,[84 -64 4 0 0 0 0 0 0 0 0 0 -3 22 -3 20 -5 21 -4 24 -3 23 -4 18 -4 22 -8 19 -6 22 -4 20 -6 21 -6 20 -9 18 -5 21 -7 17 -10 21 -8 17 -5 17 -7 18 -8 20 -6 18 -7 17 -6 18 -9 15 -7 17 -7 16 -1 -1 -8 16 -5 16 -3 17 -3 15 -4 16 -6 16 -6 14 -2 17 -2 17 -5 14 0 19 -2 15 0 18 -2 18 0 15 1 17 0 19 -1 19 -1 15 1 14 -2 15 0 16 3 16 2 17 4 14 2 16 0 1 0 0 0 0 0 0 0 0 ]
CSI_DATA,AP,68:FE:71:12:53:8C,-49,11,1,2,1,1,1,0,0,0,0,-93,0,6,1,60959758,0,84,0,0,60.96,384,[84 -64 4 0 0 0 0 0 0 0 0 0 18 12 17 10 19 11 18 15 17 15 16 12 14 12 12 15 16 15 12 14 15 18 12 15 12 17 12 17 11 15 10 18 11 15 9 13 13 13 11 14 10 13 13 16 10 12 8 16 9 16 12 12 2 -2 9 12 11 13 12 14 14 13 13 14 14 14 10 12 12 13 10 11 12 11 13 9 11 10 11 10 13 9 13 10 13 8 14 9 16 6 16 10 15 6 15 7 13 6 12 9 17 6 12 9 15 6 -2 -2 0 0 0 0 0 0 0 0 ]
CSI_DATA,AP,68:FE:71:12:53:8C,-49,11,1,2,1,1,1,0,0,0,0,-93,0,6,1,61044518,0,84,0,0,61.045,384,[84 -64 4 0 0 0 0 0 0 0 0 0 -22 3 -19 5 -23 4 -22 1 -22 4 -20 1 -23 2 -20 -1 -22 -2 -20 -2 -23 1 -24 1 -22 0 -21 -3 -22 -2 -24 -2 -17 -2 -16 -2 -21 -3 -21 -5 -19 -1 -20 -2 -16 -2 -21 0 -17 -4 -20 -4 0 -2 -19 -4 -21 -2 -19 -2 -15 -2 -15 -1 -19 0 -17 -3 -18 -1 -15 -1 -16 -1 -20 2 -17 0 -18 2 -19 2 -16 1 -16 3 -20 1 -18 4 -18 5 -17 1 -16 2 -18 2 -16 2 -15 4 -15 6 -19 7 2 2 0 0 0 0 0 0 0 0 ]
CSI_DATA,AP,68:FE:71:12:53:8C,-42,11,1,5,1,1,1,0,0,0,0,-95,0,6,1,61173959,0,84,0,0,61.174,384,[84 -64 4 0 0 0 0 0 0 0 0 0 -18 -8 -21 -12 -20 -10 -19 -14 -18 -14 -19 -13 -16 -14 -14 -16 -16 -16 -14 -15 -18 -13 -18 -14 -18 -17 -15 -17 -13 -16 -17 -14 -16 -15 -15 -13 -14 -17 -11 -15 -11 -17 -15 -16 -13 -12 -13 -15 -15 -14 -13 -13 -2 -2 -11 -15 -14 -11 -17 -11 -13 -10 -12 -13 -13 -13 -12 -13 -12 -13 -14 -12 -14 -10 -17 -10 -14 -8 -17 -10 -15 -10 -18 -7 -17 -7 -19 -10 -19 -6 -15 -9 -15 -7 -15 -8 -18 -6 -18 -7 -19 -9 -17 -10 -18 -9 0 -1 0 0 0 0 0 0 0 0 ]
CSI_DATA,AP,68:FE:71:12:53:8C,-45,11,1,3,1,1,1,0,0,0,0,-95,0,6,1,61284213,0,82,0,0,61.284,384,[84 -64 4 0 0 0 0 0 0 0 0 0 -14 -17 -14 -14 -14 -16 -13 -17 -12 -19 -12 -16 -11 -17 -8 -19 -11 -20 -11 -20 -8 -19 -11 -18 -7 -21 -10 -20 -7 -18 -8 -18 -4 -20 -8 -15 -8 -17 -6 -20 -6 -18 -5 -16 -4 -15 -6 -18 -4 -18 -4 -17 -2 2 -7 -17 -5 -15 -9 -15 -10 -15 -8 -14 -9 -18 -6 -18 -9 -15 -6 -16 -8 -15 -11 -17 -7 -16 -8 -14 -7 -14 -8 -14 -9 -13 -10 -16 -8 -14 -10 -12 -10 -14 -8 -13 -8 -12 -12 -12 -12 -16 -12 -12 -10 -14 2 1 0 0 0 0 0 0 0 0 ]
CSI_DATA,AP,68:FE:71:12:53:8C,-50,11,1,3,1,1,1,0,0,0,1,-94,0,6,1,61396614,0,84,0,0,61.397,384,[84 -64 4 0 0 0 0 0 0 0 0 0 1 21 3 17 4 21 1 21 0 18 2 21 1 22 -3 17 -2 18 -4 17 -2 20 -4 18 -1 19 -5 19 -4 19 -1 18 -2 18 -4 18 0 17 -4 16 -2 16 -1 16 -2 15 -2 17 -3 16 -2 17 1 1 0 14 -2 15 -1 16 -1 17 -1 16 -2 15 1 14 -1 17 0 16 1 17 0 18 1 14 -1 17 3 16 1 16 3 13 5 17 4 16 2 17 4 12 5 15 4 13 2 18 7 13 5 13 7 16 -1 2 0 0 0 0 0 0 0 0 ]
CSI_DATA,AP,68:FE:71:12:53:8C,-45,11,1,3,1,1,1,1,0,0,0,-93,6,6,1,61490358,0,84,0,0,61.49,384,[84 -64 4 0 0 0 0 0 0 0 0 0 -10 -18 -5 -17 -9 -23 -6 -21 -6 -21 -3 -20 -4 -21 -2 -21 -5 -21 -3 -18 -1 -20 -2 -23 -1 -20 -2 -19 -1 -18 -1 -22 0 -20 0 -20 -4 -17 0 -20 -2 -20 -1 -20 -1 -17 -3 -17 0 -17 -4 -19 2 -1 -3 -16 -3 -15 -3 -16 -6 -19 -3 -14 -3 -19 -6 -15 -6 -18 -7 -18 -6 -15 -6 -14 -6 -18 -7 -15 -5 -15 -7 -18 -8 -13 -8 -16 -5 -13 -8 -15 -11 -15 -10 -16 -11 -16 -7 -15 -7 -15 -8 -16 -10 -12 -1 1 0 0 0 0 0 0 0 0 ]
CSI_DATA,AP,68:FE:71:12:53:8C,-46,11,1,4,1,1,1,0,0,0,0,-94,0,6,1,61606876,0,84,0,0,61.607,384,[84 -64 4 0 0 0 0 0 0 0 0 0 -20 9 -20 6 -19 8 -23 7 -24 5 -21 6 -19 4 -18 4 -19 4 -19 1 -20 2 -22 4 -23 1 -21 3 -18 1 -20 1 -19 -1 -19 -1 -16 3 -17 3 -17 1 -19 2 -15 1 -20 -1 -21 -1 -19 3 -1 2 -19 1 -20 2 -18 1 -19 2 -14 2 -17 1 -19 4 -16 5 -13 3 -16 5 -18 6 -17 3 -17 3 -14 5 -18 6 -14 4 -18 5 -16 5 -16 6 -14 6 -17 5 -16 7 -17 9 -13 11 -14 5 -13 9 2 -1 0 0 0 0 0 0 0 0 ]
CSI_DATA,AP,68:FE:71:12:53:8C,-46,11,1,3,1,1,1,0,0,0,0,-95,0,6,1,61689783,0,84,0,0,61.69,384,[84 -64 4 0 0 0 0 0 0 0 0 0 -12 15 -11 18 -10 20 -16 20 -13 19 -13 15 -16 13 -16 13 -15 16 -15 13 -18 17 -16 16 -14 13 -14 13 -17 12 -16 15 -17 12 -12 11 -15 13 -17 9 -16 12 -17 12 -13 9 -16 11 -15 13 -16 12 2 -2 -16 10 -14 14 -13 11 -10 14 -10 14 -14 11 -13 12 -12 12 -12 12 -11 12 -11 12 -10 15 -7 16 -9 13 -9 12 -10 14 -8 16 -6 14 -8 16 -8 15 -10 13 -6 16 -5 13 -6 15 -6 18 -6 14 -2 -1 0 0 0 0 0 0 0 0 ]
CSI_DATA,AP,68:FE:71:12:53:8C,-41,11,1,5,1,1,1,0,0,0,0,-94,0,6,1,61791933,0,84,0,0,61.792,384,[84 -64 4 0 0 0 0 0 0 0 0 0 0 -21 3 -23 1 -22 4 -23 2 -21 4 -20 6 -22 5 -18 7 -22 3 -17 7 -19 5 -19 8 -18 6 -19 6 -20 5 -17 8 -19 8 -15 6 -18 6 -17 7 -17 8 -19 6 -15 5 -15 6 -16 7 -18 0 1 6 -16 3 -20 5 -18 5 -18 3 -18 5 -19 4 -16 4 -17 2 -14 -1 -17 1 -19 2 -18 0 -15 1 -16 3 -16 -2 -17 -1 -18 0 -19 -1 -15 -3 -17 0 -18 -2 -14 -4 -16 -2 -19 -2 -18 -1 -17 0 2 0 0 0 0 0 0 0 0 ]
CSI_DATA,AP,68:FE:71:12:53:8C,-44,11,1,3,1,1,1,0,0,0,0,-96,0,6,1,61865400,0,84,0,0,61.865,384,[84 -64 4 0 0 0 0 0 0 0 0 0 21 4 21 8 22 9 18 8 19 9 15 10 18 12 15 11 15 12 16 9 17 10 19 11 17 11 14 10 15 12 18 11 14 10 14 11 12 12 12 11 12 9 16 13 14 11 12 10 15 13 15 12 0 1 12 10 15 10 16 8 13 10 15 10 15 9 13 7 14 7 13 9 15 7 16 5 16 5 16 5 14 7 14 4 18 3 18 4 16 2 16 4 13 2 14 2 16 2 15 2 16 4 14 2 14 2 -1 0 0 0 0 0 0 0 0 0 ]
CSI_DATA,AP,68:FE:71:12:53:8C,-46,11,1,5,1,1,1,0,0,0,0,-94,0,6,1,61952701,0,84,0,0,61.953,384,[84 -64 4 0 0 0 0 0 0 0 0 0 16 -13 17 -12 17 -12 18 -10 18 -9 17 -11 21 -8 18 -9 20 -7 17 -9 19 -10 20 -11 20 -11 20 -6 20 -6 18 -7 16 -9 17 -6 15 -6 17 -5 19 -4 17 -8 17 -6 19 -4 15 -5 17 -7 0 1 14 -7 17 -9 16 -9 15 -9 14 -6 15 -8 13 -7 14 -8 13 -6 14 -7 14 -12 14 -10 12 -11 14 -11 13 -11 12 -10 13 -13 14 -11 15 -10 10 -10 11 -11 13 -12 9 -14 11 -14 11 -11 9 -14 1 -1 0 0 0 0 0 0 0 0 ]
CSI_DATA,AP,68:FE:71:12:53:8C,-44,11,1,5,1,1,1,1,0,0,0,-94,6,6,1,62050107,0,84,0,0,62.05,384,[84 -64 4 0 0 0 0 0 0 0 0 0 16 -10 18 -10 20 -10 19 -9 21 -10 18 -9 21 -9 17 -6 18 -7 18 -5 20 -5 22 -5 21 -9 21 -7 19 -3 21 -3 18 -3 15 -4 16 -7 18 -5 18 -2 19 -5 18 -3 19 -4 17 -7 14 -5 2 0 14 -3 17 -8 16 -6 17 -8 13 -7 14 -7 14 -9 15 -7 15 -5 12 -7 16 -10 13 -6 15 -8 15 -9 12 -7 15 -11 16 -9 14 -8 12 -7 14 -10 11 -7 11 -9 11 -10 11 -13 13 -11 10 -9 -2 -1 0 0 0 0 0 0 0 0 ]
CSI_DATA,AP,68:FE:71:12:53:8C,-44,11,1,4,1,1,1,0,0,0,0,-93,0,6,1,62128759,0,82,0,0,62.129,384,[84 -64 4 0 0 0 0 0 0 0 0 0 12 -25 18 -24 17 -26 17 -25 17 -26 20 -24 18 -22 18 -18 18 -22 22 -21 19 -24 20 -21 23 -22 21 -19 21 -16 19 -21 21 -18 18 -20 21 -19 17 -14 19 -17 20 -17 16 -18 19 -17 17 -18 20 -16 1 -1 19 -19 15 -19 18 -19 14 -18 17 -20 17 -18 17 -20 17 -17 11 -18 13 -20 15 -23 10 -21 10 -22 15 -20 10 -22 12 -21 13 -22 12 -21 10 -22 12 -20 13 -22 13 -22 9 -22 10 -22 7 -20 8 -21 0 2 0 0 0 0 0 0 0 0 ]
CSI_DATA,AP,68:FE:71:12:53:8C,-44,11,1,4,1,1,1,0,0,0,0,-96,0,6,1,62205553,0,84,0,0,62.206,384,[84 -64 4 0 0 0 0 0 0 0 0 0 16 -13 13 -15 15 -13 15 -16 15 -15 15 -14 18 -14 17 -11 17 -10 18 -11 18 -12 19 -13 19 -8 16 -10 16 -8 16 -9 18 -8 16 -8 18 -8 15 -10 16 -6 19 -9 16 -9 17 -6 15 -9 17 -9 2 2 16 -8 15 -8 13 -12 15 -8 12 -8 14 -12 16 -11 12 -10 11 -12 10 -10 15 -12 13 -12 10 -13 11 -13 10 -14 10 -13 11 -13 9 -12 10 -11 10 -11 10 -14 10 -13 12 -12 9 -15 10 -13 7 -16 -1 -2 0 0 0 0 0 0 0 0 ]
CSI_DATA,AP,68:FE:71:12:53:8C,-44,11,1,5,1,1,1,0,0,0,0,-93,0,6,1,62299105,0,84,0,0,62.299,384,[84 -64 4 0 0 0 0 0 0 0 0 0 -4 -19 -4 -19 -1 -21 -2 -22 -2 -22 -3 -22 0 -23 -2 -21 1 -20 3 -20 4 -20 0 -22 0 -20 4 -20 4 -17 2 -23 4 -19 4 -19 0 -17 3 -21 4 -16 2 -17 4 -17 4 -19 3 -20 2 -18 2 -1 3 -15 1 -20 1 -17 -2 -16 2 -15 1 -20 2 -19 -1 -16 0 -14 -1 -18 -3 -16 1 -17 0 -16 -1 -18 0 -18 -3 -15 -4 -19 -4 -15 -1 -16 -6 -15 -4 -16 -4 -15 -3 -15 -2 -17 -2 -18 -4 -15 1 -2 0 0 0 0 0 0 0 0 ]
CSI_DATA,AP,68:FE:71:12:53:8C,-48,11,1,4,1,1,1,0,0,0,0,-96,0,6,1,62410114,0,84,0,0,62.41,384,[84 -64 4 0 0 0 0 0 0 0 0 0 -23 1 -23 4 -21 3 -25 2 -25 0 -23 -1 -20 -4 -20 -1 -21 -3 -23 -3 -25 -4 -25 -5 -22 -5 -22 -3 -18 -6 -23 -5 -18 -3 -19 -3 -17 -6 -17 -2 -17 -5 -18 -6 -19 -5 -17 -3 -19 -2 -17 -2 -2 2 -21 -3 -17 -1 -21 0 -16 0 -17 -4 -19 -4 -20 -1 -20 -1 -15 0 -18 2 -20 3 -16 0 -17 0 -16 0 -17 0 -19 1 -19 2 -18 2 -18 0 -17 3 -20 3 -16 0 -19 1 -17 6 -19 6 -20 4 -2 2 0 0 0 0 0 0 0 0 ]
CSI_DATA,AP,68:FE:71:12:53:8C,-42,11,1,4,1,1,1,1,0,0,0,-95,6,6,1,62512736,0,84,0,0,62.513,384,[84 -64 4 0 0 0 0 0 0 0 0 0 15 12 11 14 11 16 12 16 12 12 11 15 8 14 9 16 8 14 11 14 10 14 8 17 10 16 10 16 8 15 8 16 6 16 9 16 9 16 5 13 6 16 8 16 4 10 5 13 7 16 8 15 1 -2 5 15 6 14 8 14 9 11 6 15 9 14 7 15 8 9 6 14 7 10 10 13 9 11 11 13 9 11 8 11 12 9 10 10 13 8 10 10 10 6 12 10 10 8 10 11 13 9 11 9 10 9 1 -2 0 0 0 0 0 0 0 0 ]
CSI_DATA,AP,68:FE:71:12:53:8C,-45,11,1,5,1,1,1,0,0,0,0,-94,0,6,1,62605220,0,82,0,0,62.605,384,[84 -64 4 0 0 0 0 0 0 0 0 0 -14 14 -12 14 -14 16 -16 12 -13 13 -14 11 -16 10 -14 10 -13 10 -16 8 -15 10 -14 10 -14 11 -18 10 -15 7 -14 8 -16 11 -13 10 -16 11 -17 8 -16 10 -17 7 -11 7 -14 9 -13 12 -15 7 0 -2 -14 10 -12 11 -13 7 -12 8 -12 8 -14 11 -14 8 -13 7 -10 8 -12 9 -10 13 -7 11 -9 12 -8 10 -12 13 -10 14 -10 14 -11 11 -8 11 -9 14 -9 11 -10 13 -6 12 -6 13 -6 12 -5 12 1 -1 0 0 0 0 0 0 0 0 ]
CSI_DATA,AP,68:FE:71:12:53:8C,-50,11,1,2,1,1,1,0,0,0,0,-95,0,6,1,62710222,0,84,0,0,62.71,384,[84 -64 4 0 0 0 0 0 0 0 0 0 4 15 2 14 3 15 3 19 3 17 0 14 1 15 -1 14 -3 16 -3 16 -3 17 -2 16 -2 14 -1 14 -4 12 -2 16 -5 16 -3 15 -5 13 -3 14 -4 11 -5 13 0 11 -5 15 -1 16 -2 13 -2 0 -3 13 1 11 -3 12 0 15 -1 11 -1 12 1 15 1 12 2 12 3 14 1 12 1 14 3 15 1 15 -1 15 0 16 3 12 4 12 4 14 4 14 1 14 2 16 5 12 4 16 3 13 4 12 1 2 0 0 0 0 0 0 0 0 ]
CSI_DATA,AP,68:FE:71:12:53:8C,-44,11,1,4,1,1,1,0,0,0,0,-95,0,6,1,62811055,0,84,0,0,62.811,384,[84 -64 4 0 0 0 0 0 0 0 0 0 19 10 17 13 18 11 21 14 18 11 16 12 15 12 15 9 17 13 12 11 16 15 14 14 18 13 16 12 12 13 13 14 12 10 14 13 15 12 11 14 12 10 13 10 11 9 13 12 12 12 14 12 2 0 15 7 13 8 12 10 11 8 14 7 12 10 14 7 10 9 13 9 14 6 11 5 15 9 15 6 14 8 15 9 15 7 14 6 13 7 16 6 11 4 15 5 15 7 12 8 17 6 13 6 13 6 0 -1 0 0 0 0 0 0 0 0 ]
CSI_DATA,AP,68:FE:71:12:53:8C,-43,11,1,5,1,1,1,0,0,0,0,-95,0,6,1,62890301,0,84,0,0,62.89,384,[84 -64 4 0 0 0 0 0 0 0 0 0 -20 3 -18 0 -19 -2 -20 -3 -19 -3 -20 -1 -18 -4 -19 -4 -17 -4 -16 -3 -21 -2 -21 -2 -18 -5 -16 -6 -17 -4 -19 -4 -15 -6 -16 -4 -14 -2 -16 -4 -14 -4 -14 -2 -16 -6 -16 -6 -16 -6 -16 -5 2 2 -14 -3 -14 -1 -16 -5 -15 -4 -13 -4 -13 -3 -16 -1 -13 -3 -16 -2 -16 -1 -14 -1 -14 1 -15 2 -16 -1 -14 1 -14 -1 -18 -1 -14 2 -15 2 -12 2 -16 0 -15 -1 -13 3 -16 2 -13 5 -13 2 -2 1 0 0 0 0 0 0 0 0 ]
CSI_DATA,AP,68:FE:71:12:53:8C,-46,11,1,4,1,1,1,0,0,0,0,-94,0,6,1,63013167,0,84,0,0,63.013,384,[84 -64 4 0 0 0 0 0 0 0 0 0 34 7 31 8 32 7 35 9 30 13 31 11 32 13 30 13 30 17 26 15 28 15 29 17 29 18 28 14 25 14 28 17 28 13 24 17 23 17 26 18 22 16 22 16 23 17 23 15 23 17 24 16 -1 2 24 12 23 11 23 10 23 8 21 13 27 12 26 11 22 11 24 7 24 8 24 9 23 9 24 6 23 5 28 7 26 6 29 4 26 4 28 6 25 2 27 3 28 3 25 3 27 2 27 2 28 1 0 -2 0 0 0 0 0 0 0 0 ]
CSI_DATA,AP,68:FE:71:12:53:8C,-47,11,1,3,1,1,1,0,0,0,0,-95,0,6,1,63136272,0,84,0,0,63.136,384,[84 -64 4 0 0 0 0 0 0 0 0 0 8 2 6 2 10 -1 8 3 8 2 7 2 5 2 6 5 8 5 6 1 9 4 8 3 6 4 6 4 7 4 8 6 7 5 8 3 4 2 4 2 4 3 4 2 5 4 8 6 6 5 7 3 -1 2 5 4 8 3 5 4 8 2 7 1 6 2 8 2 8 1 5 1 5 0 9 0 4 0 4 1 4 1 5 3 6 1 5 1 5 1 9 3 9 -1 6 3 5 1 6 1 8 0 8 1 8 -1 2 -1 0 0 0 0 0 0 0 0 ]
CSI_DATA,AP,68:FE:71:12:53:8C,-42,11,1,6,1,1,1,0,0,0,0,-95,0,6,1,63239547,0,84,0,0,63.24,384,[84 -64 4 0 0 0 0 0 0 0 0 0 -20 -4 -22 -5 -23 -4 -23 -6 -21 -5 -22 -5 -18 -6 -21 -5 -22 -5 -22 -7 -21 -8 -19 -10 -20 -11 -19 -10 -15 -11 -21 -11 -16 -10 -15 -8 -18 -9 -17 -9 -14 -10 -18 -8 -14 -7 -14 -8 -16 -6 -15 -6 2 -2 -17 -9 -19 -5 -17 -5 -18 -8 -14 -8 -16 -6 -16 -4 -18 -7 -16 -2 -14 -6 -19 -1 -15 -5 -18 -3 -18 -5 -17 -1 -14 -3 -18 -1 -16 -3 -14 -3 -18 0 -17 -3 -16 1 -16 0 -20 2 -18 -1 -15 -1 0 0 0 0 0 0 0 0 0 0 ]
CSI_DATA,AP,68:FE:71:12:53:8C,-46,11,1,3,1,1,1,0,0,0,0,-93,0,6,1,63337744,0,84,0,0,63.338,384,[84 -64 4 0 0 0 0 0 0 0 0 0 -17 -13 -17 -14 -18 -12 -13 -16 -14 -12 -9 -12 -9 -14 -10 -15 -12 -11 -10 -14 -11 -16 -8 -14 -9 -15 -6 -14 -8 -12 -8 -13 -6 -10 -6 -12 -5 -12 -7 -11 -8 -10 -7 -8 -4 -10 -5 -8 -7 -11 -10 -9 0 2 -9 -8 -9 -8 -8 -8 -11 -8 -7 -6 -11 -8 -9 -6 -8 -8 -9 -7 -12 -8 -13 -5 -10 -8 -8 -5 -12 -3 -11 -5 -9 -6 -11 -8 -11 -5 -13 -5 -9 -3 -9 -2 -11 -3 -10 -6 -14 -2 -9 -6 -13 -4 0 2 0 0 0 0 0 0 0 0 ]
CSI_DATA,AP,68:FE:71:12:53:8C,-47,11,1,4,1,1,1,1,0,0,0,-94,6,6,1,63427316,0,84,0,0,63.427,384,[84 -64 4 0 0 0 0 0 0 0 0 0 13 -13 15 -10 17 -11 14 -9 15 -11 15 -10 15 -5 11 -6 13 -7 11 -6 15 -6 14 -4 11 -4 12 -4 12 -3 11 -3 10 -5 11 -3 8 -5 7 -6 8 -4 11 -7 10 -3 8 -3 12 -8 10 -4 -1 -1 8 -6 9 -6 10 -8 7 -6 9 -6 8 -7 9 -8 6 -10 5 -6 9 -13 6 -8 5 -5 7 -6 3 -9 6 -11 7 -9 7 -8 6 -12 6 -8 4 -11 4 -11 7 -9 3 -11 5 -12 3 -14 5 -10 0 -1 0 0 0 0 0 0 0 0 ]
CSI_DATA,AP,68:FE:71:12:53:8C,-47,11,1,5,1,1,1,0,0,0,0,-94,0,6,1,63533524,0,84,0,0,63.534,384,[84 -64 4 0 0 0 0 0 0 0 0 0 15 24 11 24 12 21 11 25 9 21 10 21 8 22 5 19 6 19 4 20 6 23 5 19 4 18 3 21 5 19 8 16 7 14 6 13 3 15 4 13 3 12 4 12 4 14 3 15 6 13 4 10 0 -1 7 9 5 13 7 8 7 9 9 9 11 10 6 9 7 10 9 9 8 8 11 8 9 6 12 6 11 6 13 8 14 6 11 5 10 5 13 6 13 4 10 2 12 3 12 5 12 2 12 3 11 2 -1 0 0 0 0 0 0 0 0 0 ]
CSI_DATA,AP,68:FE:71:12:53:8C,-45,11,1,5,1,1,1,0,0,0,0,-95,0,6,1,63636326,0,84,0,0,63.636,384,[84 -64 4 0 0 0 0 0 0 0 0 0 -18 -17 -19 -14 -21 -17 -20 -15 -19 -18 -18 -14 -14 -15 -13 -17 -13 -17 -11 -14 -14 -14 -13 -14 -12 -17 -11 -15 -13 -14 -15 -16 -11 -14 -12 -11 -12 -12 -9 -9 -8 -13 -10 -12 -10 -12 -8 -9 -9 -7 -9 -11 -2 -1 -8 -8 -12 -7 -11 -6 -10 -7 -12 -4 -11 -3 -8 -6 -12 -6 -10 -5 -12 -1 -13 -3 -8 -3 -7 0 -10 -1 -12 0 -10 -2 -12 2 -11 1 -11 -1 -12 0 -8 3 -8 2 -10 0 -9 3 -8 1 -10 2 0 -2 0 0 0 0 0 0 0 0 ]
CSI_DATA,AP,68:FE:71:12:53:8C,-46,11,1,4,1,1,1,0,0,0,0,-95,0,6,1,63749910,0,84,0,0,63.75,384,[84 -64 4 0 0 0 0 0 0 0 0 0 18 14 16 13 21 14 19 16 18 17 16 12 15 13 14 15 12 15 14 15 14 17 12 14 11 17 11 14 10 12 12 16 12 11 8 12 11 15 10 16 8 14 12 14 12 12 13 12 12 13 9 9 1 0 12 12 14 9 14 13 10 10 9 9 13 11 12 12 9 11 10 8 13 8 15 10 11 7 12 9 11 10 15 7 13 8 13 11 10 6 14 6 10 4 12 8 12 6 13 5 14 5 11 7 13 5 -2 2 0 0 0 0 0 0 0 0 ]
CSI_DATA,AP,68:FE:71:12:53:8C,-43,11,1,5,1,1,1,0,0,0,0,-94,0,6,1,63856990,0,84,0,0,63.857,384,[84 -64 4 0 0 0 0 0 0 0 0 0 21 -5 21 -7 22 -8 21 -8 24 -8 21 -3 22 -2 19 -1 24 -4 24 -2 23 -4 22 -2 26 -4 23 -4 21 -3 25 -4 24 -2 23 -1 25 -2 24 1 25 0 21 -3 21 2 24 -2 26 -1 23 -3 1 2 22 -4 21 -3 23 -4 20 -6 22 -5 25 -5 22 -6 19 -4 22 -6 20 -4 22 -7 18 -4 22 -6 21 -8 23 -5 25 -7 25 -8 24 -10 24 -5 22 -9 22 -7 20 -10 24 -7 25 -7 19 -8 20 -8 2 -1 0 0 0 0 0 0 0 0 ]
CSI_DATA,AP,68:FE:71:12:53:8C,-47,11,1,5,1,1,1,0,0,0,0,-96,0,6,1,63947205,0,84,0,0,63.947,384,[84 -64 4 0 0 0 0 0 0 0 0 0 12 -14 17 -12 18 -13 19 -14 19 -11 16 -9 18 -7 17 -10 16 -8 19 -8 18 -10 17 -10 19 -10 20 -8 21 -7 19 -9 21 -6 20 -5 21 -8 22 -5 17 -5 21 -8 18 -7 20 -8 20 -5 17 -8 1 0 17 -10 20 -7 19 -9 19 -9 18 -9 19 -8 21 -9 17 -8 19 -8 19 -13 15 -11 19 -12 17 -13 17 -11 19 -11 18 -13 19 -13 16 -15 18 -10 18 -11 18 -13 18 -9 18 -11 20 -15 17 -12 15 -10 -2 -2 0 0 0 0 0 0 0 0 ]
CSI_DATA,AP,68:FE:71:12:53:8C,-47,11,1,5,1,1,1,1,0,0,0,-94,5,6,1,64027883,0,84,0,0,64.028,384,[84 -64 4 0 0 0 0 0 0 0 0 0 -12 -30 -9 -27 -10 -27 -7 -25 -7 -29 -6 -25 -6 -29 -5 -25 -7 -24 0 -27 -4 -26 -1 -28 1 -24 -4 -26 -2 -22 -4 -28 -1 -24 0 -24 -2 -24 0 -24 1 -20 1 -20 0 -22 -1 -20 1 -21 -1 -23 2 1 -1 -22 -1 -21 -1 -20 -6 -19 1 -16 -2 -18 -1 -18 -1 -16 -5 -17 -3 -14 -3 -17 -5 -17 -6 -14 -6 -13 -8 -16 -11 -13 -9 -12 -12 -16 -11 -15 -15 -15 -14 -15 -16 -11 -14 -16 -15 -17 -16 -16 -20 -14 -2 1 0 0 0 0 0 0 0 0 ]
CSI_DATA,AP,68:FE:71:12:53:8C,-43,11,0,0,0,0,0,0,0,0,0,-94,0,6,1,64125532,0,37,0,0,64.126,128,[84 -64 4 0 0 0 0 0 0 0 0 0 2 19 2 19 -1 17 -1 18 -3 22 -2 17 -6 20 -3 21 -6 18 -8 21 -6 19 -9 20 -7 23 -10 21 -6 20 -10 22 -10 23 -9 16 -9 18 -8 19 -8 19 -8 21 -9 18 -7 21 -7 20 -10 18 1 -1 -7 17 -6 21 -6 19 -4 20 -5 20 -8 21 -8 20 -5 21 -7 16 -4 18 -4 21 -3 19 -6 19 -4 20 -2 21 -2 21 -3 19 -1 18 -4 20 0 17 -2 21 -1 16 -1 22 0 21 0 21 0 17 -1 0 0 0 0 0 0 0 0 0 ]
CSI_DATA,AP,68:FE:71:12:53:8C,-40,11,1,6,1,1,1,0,0,0,0,-96,0,6,1,64208298,0,84,0,0,64.208,384,[84 -64 4 0 0 0 0 0 0 0 0 0 -15 -10 -15 -10 -15 -11 -17 -12 -14 -16 -13 -15 -15 -17 -14 -13 -14 -16 -13 -16 -15 -15 -15 -18 -14 -17 -15 -20 -13 -19 -16 -18 -10 -17 -10 -16 -10 -20 -10 -17 -12 -21 -11 -20 -8 -19 -12 -20 -13 -19 -10 -19 -1 2 -12 -19 -11 -15 -13 -16 -11 -17 -8 -17 -12 -20 -11 -15 -14 -17 -10 -16 -14 -18 -14 -14 -12 -15 -11 -16 -15 -13 -12 -16 -17 -15 -14 -15 -17 -15 -15 -16 -14 -14 -15 -14 -14 -14 -14 -12 -18 -15 -14 -16 -13 -13 2 0 0 0 0 0 0 0 0 0 ]
CSI_DATA,AP,68:FE:71:12:53:8C,-44,11,1,4,1,1,1,0,0,0,0,-95,0,6,1,64318917,0,84,0,0,64.319,384,[84 -64 4 0 0 0 0 0 0 0 0 0 -22 -8 -19 -9 -18 -8 -21 -10 -20 -12 -17 -10 -16 -11 -18 -10 -20 -11 -15 -13 -20 -14 -17 -14 -20 -13 -16 -14 -18 -11 -15 -11 -18 -13 -14 -12 -15 -11 -15 -12 -17 -10 -15 -14 -14 -10 -16 -12 -15 -12 -17 -9 2 0 -15 -10 -17 -8 -13 -12 -12 -10 -13 -9 -12 -10 -13 -10 -16 -7 -15 -10 -16 -7 -18 -7 -14 -3 -15 -7 -16 -8 -15 -5 -16 -6 -18 -7 -14 -4 -14 -7 -18 -5 -15 -5 -15 -2 -17 -5 -18 -5 -16 -5 -17 -5 1 0 0 0 0 0 0 0 0 0 ]
CSI_DATA,AP,68:FE:71:12:53:8C,-40,11,1,5,1,1,1,1,0,0,0,-95,3,6,1,64396127,0,84,0,0,64.396,384,[82 -96 4 0 0 0 0 0 0 0 0 0 0 15 3 18 0 16 -1 15 -3 16 -3 15 1 14 -2 14 -3 15 -2 16 -2 17 -1 17 -2 16 -3 13 -3 13 -1 14 -3 13 -3 14 -4 14 -3 12 -2 16 -2 13 -2 12 -4 12 -5 14 -4 11 1 0 -4 13 -4 15 -5 11 -3 12 0 14 0 15 0 13 -3 12 1 14 -1 14 -2 15 -2 14 -2 11 -2 15 -1 14 2 12 2 15 3 11 1 14 4 15 2 12 3 13 3 15 3 11 3 12 1 15 0 0 0 0 0 0 0 0 0 0 ]
CSI_DATA,AP,68:FE:71:12:53:8C,-47,11,1,3,1,1,1,0,0,0,0,-94,0,6,1,64503576,0,84,0,0,64.504,384,[84 -64 4 0 0 0 0 0 0 0 0 0 -16 10 -16 6 -17 7 -15 5 -18 3 -17 7 -16 5 -19 2 -15 4 -19 4 -19 3 -18 1 -17 3 -18 3 -18 4 -18 2 -15 1 -17 1 -13 4 -16 2 -14 -1 -14 3 -12 3 -12 2 -15 5 -12 0 -2 0 -13 4 -13 4 -15 5 -16 2 -12 1 -16 2 -16 1 -13 6 -16 3 -11 6 -12 4 -11 6 -10 7 -13 5 -12 6 -11 7 -14 7 -12 7 -13 3 -12 4 -10 7 -13 5 -10 5 -11 9 -13 7 -13 5 0 -1 0 0 0 0 0 0 0 0 ]
CSI_DATA,AP,68:FE:71:12:53:8C,-44,11,1,4,1,1,1,1,0,0,0,-94,2,6,1,64634865,0,84,0,0,64.635,384,[84 -64 4 0 0 0 0 0 0 0 0 0 20 2 21 6 20 4 21 7 21 9 20 10 19 8 18 8 18 11 18 9 17 7 17 8 20 9 19 13 18 12 17 12 14 10 16 10 16 10 15 8 15 11 17 12 14 10 13 7 15 8 17 9 2 0 15 9 15 8 14 9 15 9 17 7 15 5 16 9 18 5 17 8 17 8 15 7 16 7 16 3 14 5 15 6 14 5 17 4 16 2 15 5 15 2 14 0 16 5 19 1 17 5 15 4 18 3 0 -1 0 0 0 0 0 0 0 0 ]
CSI_DATA,AP,68:FE:71:12:53:8C,-46,11,0,0,0,0,0,0,0,0,0,-95,0,6,1,64726420,0,37,0,0,64.726,128,[84 -64 4 0 0 0 0 0 0 0 0 0 -21 1 -17 -1 -22 -2 -21 -1 -22 0 -20 -2 -17 -4 -20 -4 -18 -2 -21 -2 -20 -5 -21 -3 -17 -6 -18 -3 -19 -6 -20 -6 -20 -5 -17 -1 -17 -2 -19 -1 -19 -2 -14 -5 -15 -4 -15 -6 -18 -5 -18 -5 -2 2 -14 -1 -14 -4 -16 -3 -15 -2 -17 -2 -16 0 -17 -2 -18 -3 -17 1 -15 0 -16 0 -17 -1 -16 1 -17 2 -15 0 -17 3 -18 3 -15 1 -17 4 -16 1 -14 4 -14 5 -18 5 -16 2 -17 6 -15 5 2 -1 0 0 0 0 0 0 0 0 ]
CSI_DATA,AP,68:FE:71:12:53:8C,-46,11,1,5,1,1,1,1,0,0,0,-96,2,6,1,64833434,0,84,0,0,64.833,384,[84 -64 4 0 0 0 0 0 0 0 0 0 15 14 14 13 16 12 14 12 12 15 14 13 10 14 10 16 10 16 11 16 8 14 12 14 7 16 11 13 11 14 10 13 10 13 7 12 6 13 6 13 10 12 7 16 6 11 9 14 7 13 10 11 1 0 9 11 10 14 11 14 7 11 8 10 9 10 8 13 9 12 8 9 12 9 11 11 12 12 8 9 9 7 8 10 13 9 11 7 12 9 12 10 12 6 12 6 12 8 12 6 14 7 10 9 11 6 2 2 0 0 0 0 0 0 0 0 ]
CSI_DATA,AP,68:FE:71:12:53:8C,-47,11,1,4,1,1,1,0,0,0,0,-95,0,6,1,64953950,0,84,0,0,64.954,384,[84 -64 4 0 0 0 0 0 0 0 0 0 -18 7 -18 10 -16 10 -19 10 -18 8 -18 5 -19 8 -20 4 -19 3 -18 6 -20 6 -18 2 -22 6 -20 2 -21 5 -20 5 -17 3 -17 1 -18 4 -17 5 -18 4 -19 3 -18 5 -17 5 -15 2 -17 4 -2 -2 -19 3 -15 5 -18 7 -16 5 -14 3 -15 7 -16 7 -13 6 -13 5 -15 9 -15 7 -13 5 -15 9 -12 6 -16 8 -13 10 -13 8 -12 7 -11 7 -11 11 -12 11 -14 11 -12 8 -14 12 -14 12 -11 10 1 0 0 0 0 0 0 0 0 0 ]
CSI_DATA,AP,68:FE:71:12:53:8C,-46,11,1,3,1,1,1,1,0,0,0,-94,6,6,1,65087211,0,84,0,0,65.087,384,[84 -64 4 0 0 0 0 0 0 0 0 0 -8 -21 -6 -21 -6 -21 -8 -22 -5 -22 -6 -22 -2 -22 -5 -18 -1 -18 -2 -18 -5 -21 -1 -18 -1 -20 -2 -21 -3 -21 -3 -17 0 -19 1 -16 0 -17 1 -18 0 -18 -2 -15 0 -17 -2 -17 -2 -19 -2 -17 -2 -1 -2 -18 -3 -15 -1 -14 -2 -16 -4 -14 0 -15 -1 -18 -4 -16 -3 -17 -5 -17 -6 -16 -5 -16 -5 -17 -4 -16 -4 -14 -3 -15 -7 -17 -5 -15 -5 -17 -6 -14 -6 -13 -5 -17 -6 -17 -9 -13 -9 -14 -7 -15 0 -1 0 0 0 0 0 0 0 0 ]
CSI_DATA,AP,68:FE:71:12:53:8C,-45,11,1,3,1,1,1,0,0,0,0,-94,0,6,1,65187935,0,84,0,0,65.188,384,[84 -64 4 0 0 0 0 0 0 0 0 0 18 7 19 8 17 12 18 9 15 9 15 9 16 9 14 10 15 12 16 12 12 13 16 14 15 14 11 13 12 13 13 15 11 14 10 12 11 10 11 12 11 13 11 14 11 11 11 11 10 10 10 11 -1 -1 13 11 9 8 10 8 11 9 13 10 12 9 12 9 14 7 10 6 10 7 11 10 14 10 15 7 11 7 14 9 12 5 12 8 15 7 15 7 12 3 15 6 12 4 16 5 16 5 15 4 17 2 0 2 0 0 0 0 0 0 0 0 ]
CSI_DATA,AP,68:FE:71:12:53:8C,-43,11,1,5,1,1,1,0,0,0,0,-95,0,6,1,65294396,0,84,0,0,65.294,384,[84 -64 4 0 0 0 0 0 0 0 0 0 1 -22 2 -18 -1 -22 0 -23 3 -22 5 -19 7 -19 4 -22 5 -19 6 -20 7 -18 4 -22 8 -21 7 -20 8 -21 4 -19 8 -17 6 -18 8 -20 5 -20 8 -16 8 -16 5 -16 3 -17 5 -15 6 -16 0 -2 2 -17 4 -16 3 -19 2 -18 3 -16 2 -15 2 -15 5 -16 4 -17 0 -18 2 -16 0 -15 3 -15 1 -18 -1 -19 -2 -17 -1 -19 1 -15 -2 -15 -1 -18 -2 -18 -2 -17 -1 -18 -1 -20 -3 -18 -3 -15 1 1 0 0 0 0 0 0 0 0 ]
CSI_DATA,AP,68:FE:71:12:53:8C,-50,11,1,2,1,1,1,0,0,0,0,-94,0,6,1,65388032,0,84,0,0,65.388,384,[84 -64 4 0 0 0 0 0 0 0 0 0 1 -19 2 -19 3 -19 3 -20 4 -21 3 -18 4 -21 3 -17 5 -20 2 -18 7 -19 6 -17 3 -17 3 -18 3 -17 5 -19 7 -18 3 -14 5 -14 5 -18 6 -14 3 -17 5 -16 2 -18 4 -15 3 -18 -1 0 3 -14 6 -14 2 -18 2 -17 4 -16 4 -15 3 -14 1 -14 2 -16 0 -16 0 -16 -1 -14 0 -13 -1 -15 1 -13 -1 -16 0 -16 -1 -17 0 -15 -4 -17 1 -17 -1 -18 -1 -15 -1 -16 -3 -14 -1 -17 -1 -2 0 0 0 0 0 0 0 0 ]
CSI_DATA,AP,68:FE:71:12:53:8C,-43,11,0,0,0,0,0,0,0,0,0,-94,0,6,1,65502373,0,37,0,0,65.502,128,[84 -64 4 0 0 0 0 0 0 0 0 0 -5 18 -5 16 -3 17 -7 20 -5 19 -9 20 -9 18 -8 18 -9 18 -10 17 -8 18 -7 16 -11 19 -8 18 -10 15 -11 19 -7 13 -6 13 -8 14 -9 14 -10 17 -7 12 -11 15 -7 16 -7 15 -9 15 -1 -1 -9 15 -9 14 -7 13 -3 12 -4 15 -6 16 -5 13 -3 15 -2 12 -5 16 -2 12 -4 16 -5 16 -5 13 -3 16 -5 14 -1 15 -3 13 -3 16 -2 15 -4 13 -2 15 -1 13 -3 16 1 13 1 14 -2 -2 0 0 0 0 0 0 0 0 ]
CSI_DATA,AP,68:FE:71:12:53:8C,-45,11,1,5,1,1,1,0,0,0,0,-93,0,6,1,65606897,0,84,0,0,65.607,384,[84 -64 4 0 0 0 0 0 0 0 0 0 19 6 16 8 20 6 19 11 16 7 15 8 15 11 15 10 15 13 15 10 17 13 16 13 13 12 16 12 16 9 16 13 14 10 15 9 13 12 15 9 14 9 15 12 15 12 15 11 11 12 15 8 -1 1 12 11 14 11 13 8 13 9 12 10 14 10 12 7 16 7 14 5 15 8 12 6 13 9 13 6 13 5 15 7 15 5 13 5 13 5 14 4 12 4 17 4 17 5 14 2 15 3 16 1 15 5 0 2 0 0 0 0 0 0 0 0 ]
CSI_DATA,AP,68:FE:71:12:53:8C,-44,11,1,3,1,1,1,0,0,0,0,-93,0,6,1,65714541,0,84,0,0,65.715,384,[84 -64 4 0 0 0 0 0 0 0 0 0 6 -6 8 -7 7 -6 7 -6 9 -3 9 -4 8 -6 10 -2 8 -4 8 -6 6 -5 6 -2 9 -3 7 -5 7 -5 6 -2 6 -3 10 -4 9 -1 8 -4 7 -4 9 -1 7 0 9 -3 9 0 7 -2 -2 -1 7 -2 5 -5 7 -1 5 -2 5 -5 9 -3 7 -1 7 -5 5 -1 4 -2 4 -3 4 -3 4 -5 6 -4 6 -4 5 -4 5 -6 6 -2 8 -7 8 -3 6 -6 5 -7 6 -3 5 -5 6 -7 8 -8 1 0 0 0 0 0 0 0 0 0 ]
CSI_DATA,AP,68:FE:71:12:53:8C,-48,11,1,5,1,1,1,0,0,0,0,-94,0,6,1,65818182,0,84,0,0,65.818,384,[84 -64 4 0 0 0 0 0 0 0 0 0 12 -17 11 -14 10 -14 12 -12 12 -14 12 -12 11 -11 12 -10 15 -13 12 -14 15 -11 14 -10 13 -9 13 -13 13 -13 13 -9 15 -8 13 -10 13 -12 14 -11 11 -8 14 -11 11 -9 12 -7 12 -11 13 -10 -1 -1 9 -9 11 -8 11 -8 8 -11 11 -12 8 -11 12 -8 11 -11 11 -11 8 -12 11 -12 6 -10 7 -10 10 -14 8 -12 6 -12 9 -11 10 -12 9 -10 6 -11 9 -11 8 -10 6 -13 7 -13 5 -12 5 -14 1 2 0 0 0 0 0 0 0 0 ]
CSI_DATA,AP,68:FE:71:12:53:8C,-42,11,1,4,1,1,1,0,0,0,0,-95,0,6,1,65887485,0,84,0,0,65.887,384,[84 -64 4 0 0 0 0 0 0 0 0 0 10 -15 9 -15 15 -15 14 -15 14 -16 15 -12 12 -16 15 -13 16 -14 14 -14 15 -11 13 -11 15 -11 17 -10 15 -13 17 -10 15 -13 13 -12 12 -12 14 -12 11 -12 12 -9 11 -9 13 -11 15 -8 14 -11 1 1 13 -9 12 -11 10 -12 13 -9 12 -13 11 -14 10 -12 9 -11 10 -13 8 -10 7 -14 10 -10 9 -14 9 -11 8 -15 9 -14 7 -16 6 -16 6 -13 10 -15 6 -12 7 -16 5 -15 6 -13 6 -13 5 -15 -1 2 0 0 0 0 0 0 0 0 ]
CSI_DATA,AP,68:FE:71:12:53:8C,-50,11,1,3,1,1,1,1,0,0,0,-94,1,6,1,65999457,0,84,0,0,65.999,384,[84 -64 4 0 0 0 0 0 0 0 0 0 4 9 1 9 5 10 4 12 3 9 0 11 3 11 3 9 -1 11 -1 9 1 9 -1 7 1 10 -2 10 2 7 1 12 1 10 0 11 2 8 -2 9 0 10 -2 11 0 6 -2 8 -2 7 1 9 1 0 -2 6 2 7 -1 8 -2 7 2 9 1 9 2 8 3 8 -1 9 2 7 3 5 0 5 2 9 1 6 4 8 4 8 3 8 3 8 3 6 1 6 1 6 1 6 4 7 3 8 4 7 4 7 0 -1 0 0 0 0 0 0 0 0 ]
CSI_DATA,AP,68:FE:71:12:53:8C,-44,11,1,5,1,1,1,0,0,0,0,-95,0,6,1,66081614,0,84,0,0,66.082,384,[84 -64 4 0 0 0 0 0 0 0 0 0 9 16 10 13 9 16 10 16 10 13 10 17 5 15 7 16 5 16 9 14 6 15 5 17 8 16 6 15 6 15 4 14 3 13 4 15 5 15 3 16 7 16 4 17 5 15 5 13 4 15 5 17 1 2 3 11 7 11 5 14 5 12 4 15 6 11 6 12 6 14 5 11 8 11 5 11 8 10 8 11 7 11 7 10 9 12 7 13 6 13 10 9 8 10 10 13 7 11 7 13 11 13 8 9 7 13 1 -2 0 0 0 0 0 0 0 0 ]
CSI_DATA,AP,68:FE:71:12:53:8C,-41,11,1,6,1,1,1,0,0,0,0,-96,0,6,1,66159690,0,84,0,0,66.16,384,[84 -64 4 0 0 0 0 0 0 0 0 0 -13 -17 -13 -15 -10 -20 -13 -16 -11 -16 -11 -17 -7 -18 -9 -16 -9 -17 -9 -18 -7 -17 -8 -21 -5 -21 -8 -17 -6 -16 -5 -17 -8 -19 -6 -18 -7 -16 -7 -18 -4 -17 -8 -18 -3 -18 -4 -16 -4 -18 -7 -14 -1 -1 -8 -18 -4 -15 -6 -16 -8 -13 -5 -13 -6 -13 -7 -16 -6 -13 -6 -16 -9 -15 -8 -16 -9 -12 -9 -13 -10 -14 -8 -13 -9 -14 -9 -16 -9 -15 -12 -11 -12 -11 -13 -11 -10 -14 -11 -11 -10 -13 -12 -13 -11 -9 0 0 0 0 0 0 0 0 0 0 ]
CSI_DATA,AP,68:FE:71:12:53:8C,-47,11,1,4,1,1,1,0,0,0,0,-94,0,6,1,66263000,0,84,0,0,66.263,384,[84 -64 4 0 0 0 0 0 0 0 0 0 11 19 9 21 8 21 9 21 9 20 5 22 4 22 4 20 5 19 1 20 4 20 3 21 4 23 0 20 0 21 4 22 3 20 1 21 1 19 1 20 2 17 0 19 2 19 0 16 0 20 2 17 -1 -1 2 16 3 19 5 19 1 16 2 19 2 16 3 18 3 15 3 17 6 16 3 17 5 14 5 14 4 17 6 15 6 14 7 16 7 13 7 14 8 14 9 15 8 18 7 17 9 15 7 15 8 17 -1 1 0 0 0 0 0 0 0 0 ]
CSI_DATA,AP,68:FE:71:12:53:8C,-45,11,1,4,1,1,1,1,0,0,0,-93,2,6,1,66354292,0,84,0,0,66.354,384,[84 -64 4 0 0 0 0 0 0 0 0 0 -19 8 -15 6 -18 10 -20 9 -19 10 -20 5 -19 7 -18 6 -20 7 -18 3 -18 6 -17 2 -18 4 -20 5 -21 1 -18 4 -18 2 -18 5 -19 4 -16 1 -16 2 -19 3 -16 3 -17 3 -15 3 -14 5 0 -2 -14 6 -17 6 -15 4 -16 7 -13 4 -17 3 -13 5 -16 7 -16 6 -15 7 -12 5 -13 4 -14 4 -16 7 -12 8 -13 9 -13 8 -13 10 -15 10 -12 9 -14 7 -12 7 -11 10 -12 11 -13 11 -14 7 -2 -1 0 0 0 0 0 0 0 0 ]
CSI_DATA,AP,68:FE:71:12:53:8C,-44,11,1,3,1,1,1,0,0,0,0,-94,0,6,1,66422554,0,84,0,0,66.423,384,[84 -64 4 0 0 0 0 0 0 0 0 0 11 15 13 13 12 14 9 16 9 15 10 16 9 13 10 13 7 13 8 17 8 17 5 16 5 17 5 16 7 14 5 18 7 15 7 14 3 16 5 16 4 17 7 15 2 13 4 14 3 15 6 13 -1 1 4 11 7 14 5 14 4 10 3 14 4 13 6 13 7 14 8 11 5 13 8 11 5 9 6 10 9 13 10 10 6 12 9 14 7 9 7 12 7 10 7 13 10 9 9 11 8 9 10 13 8 9 0 -1 0 0 0 0 0 0 0 0 ]
CSI_DATA,AP,68:FE:71:12:53:8C,-49,11,1,1,1,1,1,0,0,0,0,-93,0,6,1,66515913,0,84,0,0,66.516,384,[84 -64 4 0 0 0 0 0 0 0 0 0 21 1 19 3 22 5 19 4 21 7 18 4 18 9 20 8 20 8 19 7 18 9 20 9 20 9 16 6 17 7 17 9 16 9 14 7 16 11 16 11 14 7 14 7 11 8 16 8 14 11 16 6 -1 -1 15 8 13 8 17 10 17 4 15 5 17 9 17 7 14 5 14 6 12 3 15 4 14 5 14 7 18 6 13 3 16 3 19 3 16 0 16 1 13 1 15 5 17 3 17 0 14 0 17 1 14 1 1 0 0 0 0 0 0 0 0 0 ]
CSI_DATA,AP,68:FE:71:12:53:8C,-45,11,1,4,1,1,1,0,0,0,0,-96,0,6,1,66632706,0,84,0,0,66.633,384,[84 -64 4 0 0 0 0 0 0 0 0 0 -16 -12 -17 -16 -16 -16 -15 -17 -16 -18 -11 -18 -13 -16 -11 -15 -12 -19 -12 -15 -12 -17 -12 -18 -9 -20 -11 -20 -9 -19 -10 -18 -7 -19 -8 -15 -7 -15 -11 -15 -9 -16 -11 -16 -6 -14 -8 -16 -7 -15 -9 -14 -2 -2 -9 -17 -10 -13 -10 -16 -9 -16 -10 -12 -9 -15 -8 -14 -9 -14 -9 -14 -13 -10 -11 -13 -10 -14 -12 -12 -10 -14 -10 -10 -13 -13 -11 -13 -11 -10 -12 -12 -13 -13 -15 -12 -12 -12 -12 -9 -16 -9 -14 -10 -13 -9 0 1 0 0 0 0 0 0 0 0 ]
CSI_DATA,AP,68:FE:71:12:53:8C,-45,11,1,4,1,1,1,0,0,0,0,-94,0,6,1,66716983,0,84,0,0,66.717,384,[84 -64 4 0 0 0 0 0 0 0 0 0 -24 3 -21 3 -24 0 -26 -3 -26 -1 -19 -3 -23 -1 -21 -4 -23 -3 -23 -3 -21 -7 -21 -7 -22 -4 -20 -4 -19 -8 -22 -5 -18 -6 -18 -4 -19 -8 -21 -8 -18 -4 -17 -4 -16 -5 -18 -5 -17 -8 -18 -7 0 1 -20 -6 -17 -6 -19 -4 -19 -4 -19 -4 -21 -4 -18 -5 -20 -1 -15 1 -16 -3 -20 -1 -18 -3 -19 1 -18 -1 -17 1 -17 0 -19 3 -20 4 -18 0 -17 3 -18 0 -16 3 -18 3 -17 3 -18 2 -20 3 -2 2 0 0 0 0 0 0 0 0 ]
CSI_DATA,AP,68:FE:71:12:53:8C,-46,11,1,5,1,1,1,0,0,0,0,-95,0,6,1,66831708,0,84,0,0,66.832,384,[84 -64 4 0 0 0 0 0 0 0 0 0 -20 -8 -20 -12 -21 -10 -19 -13 -21 -12 -19 -13 -17 -14 -19 -13 -19 -12 -19 -15 -20 -16 -15 -14 -18 -13 -15 -15 -15 -15 -15 -15 -14 -14 -15 -13 -14 -15 -13 -15 -16 -15 -15 -13 -15 -14 -12 -12 -12 -14 -13 -12 0 -1 -16 -13 -15 -11 -14 -12 -13 -10 -13 -10 -13 -12 -14 -12 -14 -12 -14 -8 -15 -7 -17 -12 -16 -11 -16 -7 -17 -9 -18 -9 -18 -7 -17 -10 -19 -6 -15 -6 -17 -9 -17 -8 -17 -7 -17 -7 -16 -8 -15 -9 -19 -7 2 2 0 0 0 0 0 0 0 0 ]
CSI_DATA,AP,68:FE:71:12:53:8C,-42,11,1,4,1,1,1,1,0,0,1,-94,5,6,1,66923073,0,84,0,0,66.923,384,[84 -64 4 0 0 0 0 0 0 0 0 0 -15 -16 -13 -16 -14 -17 -13 -21 -13 -20 -13 -20 -10 -18 -9 -19 -8 -18 -8 -18 -10 -20 -10 -19 -10 -22 -9 -19 -8 -20 -8 -19 -5 -19 -5 -17 -9 -19 -7 -19 -5 -21 -6 -18 -3 -19 -7 -19 -8 -20 -6 -20 0 -1 -9 -19 -10 -18 -7 -17 -9 -18 -8 -17 -9 -19 -7 -17 -9 -17 -11 -14 -9 -14 -10 -14 -10 -17 -13 -14 -11 -13 -13 -14 -10 -13 -13 -14 -12 -13 -13 -12 -13 -14 -12 -15 -10 -15 -15 -13 -14 -14 -13 -13 -11 -13 -1 2 0 0 0 0 0 0 0 0 ]
CSI_DATA,AP,68:FE:71:12:53:8C,-44,11,1,3,1,1,1,0,0,0,0,-93,0,6,1,67047942,0,84,0,0,67.048,384,[84 -64 4 0 0 0 0 0 0 0 0 0 21 7 21 6 19 9 23 8 17 11 21 8 21 9 18 7 16 9 17 11 19 9 18 9 15 10 15 12 17 10 19 13 16 11 16 8 16 10 17 9 16 10 12 10 12 10 13 10 13 8 12 10 0 2 15 8 13 7 14 8 14 5 14 10 15 6 14 7 16 5 16 4 16 5 15 4 13 5 13 5 15 7 14 4 19 4 17 2 16 6 17 5 16 3 15 4 14 3 18 1 16 4 14 4 16 2 2 1 0 0 0 0 0 0 0 0 ]
CSI_DATA,AP,68:FE:71:12:53:8C,-44,11,1,4,1,1,1,0,0,0,0,-96,0,6,1,67171523,0,84,0,0,67.172,384,[84 -64 4 0 0 0 0 0 0 0 0 0 15 14 14 15 14 18 13 18 13 15 12 19 9 18 12 16 8 19 9 15 8 19 12 19 9 16 7 17 8 16 9 19 8 18 6 17 9 17 9 16 8 17 5 15 8 13 7 15 10 17 8 16 -1 -2 6 16 6 14 10 15 7 16 8 17 7 16 10 16 7 12 9 14 10 14 9 12 8 15 8 13 10 14 12 12 10 11 12 11 14 13 11 13 10 12 14 12 12 13 11 10 15 12 14 12 12 12 -2 0 0 0 0 0 0 0 0 0 ]
CSI_DATA,AP,68:FE:71:12:53:8C,-49,11,1,3,1,1,1,0,0,0,0,-95,0,6,1,67269302,0,84,0,0,67.269,384,[84 -64 4 0 0 0 0 0 0 0 0 0 -4 19 -4 20 -7 22 -5 20 -5 22 -7 17 -11 20 -10 20 -11 20 -12 17 -9 17 -12 19 -12 18 -13 20 -12 16 -13 19 -11 15 -8 18 -9 15 -9 16 -10 16 -9 16 -9 13 -10 16 -12 17 -8 15 0 2 -9 15 -8 16 -7 14 -5 17 -7 16 -5 16 -6 16 -7 17 -5 18 -4 15 -4 18 -2 16 -3 14 -6 14 -3 15 -2 15 -4 16 -2 16 -4 15 1 17 -5 15 -4 18 -3 18 0 17 1 17 -3 18 -1 2 0 0 0 0 0 0 0 0 ]
CSI_DATA,AP,68:FE:71:12:53:8C,-45,11,1,3,1,1,1,0,0,0,0,-95,0,6,1,67372011,0,84,0,0,67.372,384,[84 -64 4 0 0 0 0 0 0 0 0 0 -22 -5 -21 -7 -21 -8 -20 -11 -17 -10 -16 -12 -20 -9 -18 -10 -16 -10 -18 -10 -17 -13 -16 -11 -18 -12 -15 -13 -16 -11 -18 -12 -14 -11 -15 -11 -15 -11 -15 -13 -13 -12 -16 -10 -14 -9 -17 -13 -13 -10 -13 -12 0 0 -12 -7 -15 -9 -13 -10 -13 -10 -15 -10 -15 -8 -13 -9 -16 -8 -15 -9 -15 -5 -14 -5 -17 -5 -18 -8 -18 -8 -18 -4 -15 -5 -17 -5 -17 -2 -18 -3 -14 -5 -16 -5 -16 -5 -16 -6 -17 -3 -17 -1 -17 -5 2 -1 0 0 0 0 0 0 0 0 ]
CSI_DATA,AP,68:FE:71:12:53:8C,-45,11,1,4,1,1,1,0,0,0,0,-94,0,6,1,67508633,0,84,0,0,67.509,384,[84 -64 4 0 0 0 0 0 0 0 0 0 19 -9 18 -8 19 -8 18 -11 18 -8 19 -7 18 -9 17 -9 20 -8 18 -8 19 -8 21 -6 18 -4 18 -5 16 -5 18 -3 16 -4 18 -4 17 -2 17 -4 17 -6 16 -5 16 -2 16 -2 16 -6 18 -7 -2 2 14 -6 17 -5 17 -4 14 -7 15 -7 14 -4 14 -8 15 -9 12 -8 12 -6 16 -10 15 -9 12 -8 13 -9 14 -8 12 -10 12 -11 13 -10 12 -10 13 -10 14 -11 11 -9 11 -10 14 -13 11 -10 13 -11 -2 0 0 0 0 0 0 0 0 0 ]
CSI_DATA,AP,68:FE:71:12:53:8C,-42,11,1,4,1,1,1,0,0,0,0,-95,0,6,1,67617488,0,84,0,0,67.617,384,[84 -64 4 0 0 0 0 0 0 0 0 0 12 15 11 17 13 15 14 15 11 17 8 16 12 17 9 17 9 15 10 14 9 17 7 16 10 19 8 18 5 18 9 19 4 16 8 16 8 16 6 17 4 14 4 16 4 12 8 14 7 16 6 17 1 -2 9 16 7 14 8 13 9 13 7 15 5 14 8 12 6 14 10 12 7 12 8 14 10 10 12 14 12 9 11 12 9 12 9 12 11 9 9 12 11 12 10 12 12 13 11 11 12 11 10 10 15 9 -2 0 0 0 0 0 0 0 0 0 ]
CSI_DATA,AP,68:FE:71:12:53:8C,-43,11,1,6,1,1,1,0,0,0,0,-94,0,6,1,67704173,0,84,0,0,67.704,384,[84 -64 4 0 0 0 0 0 0 0 0 0 1 19 -2 20 -3 22 -2 24 -6 21 -3 20 -5 21 -8 18 -4 19 -8 20 -6 22 -6 22 -6 19 -8 19 -6 20 -6 19 -7 15 -5 19 -9 17 -7 16 -8 16 -9 16 -6 14 -5 19 -6 16 -6 16 2 -2 -8 14 -4 19 -4 16 -5 18 -7 15 -3 18 -5 17 -3 14 -5 16 -3 14 -1 17 -3 16 -2 17 -1 18 -4 19 -1 16 0 17 0 14 -3 14 2 17 0 16 0 14 2 16 2 15 2 16 3 16 2 2 0 0 0 0 0 0 0 0 ]
CSI_DATA,AP,68:FE:71:12:53:8C,-42,11,1,6,1,1,1,0,0,0,0,-95,0,6,1,67769851,0,84,0,0,67.77,384,[84 -64 4 0 0 0 0 0 0 0 0 0 7 -21 8 -20 9 -21 9 -19 9 -21 9 -16 7 -20 10 -15 9 -19 13 -18 14 -20 12 -17 10 -15 9 -15 9 -16 9 -18 10 -17 10 -15 9 -14 12 -16 8 -15 9 -13 12 -13 11 -15 12 -15 9 -13 -1 -1 9 -16 6 -14 10 -16 7 -15 8 -16 5 -15 5 -17 6 -15 3 -17 4 -15 5 -16 7 -15 3 -16 3 -18 3 -15 2 -17 5 -16 1 -16 5 -16 4 -18 5 -14 2 -15 3 -16 2 -18 3 -18 1 -16 2 -1 0 0 0 0 0 0 0 0 ]
CSI_DATA,AP,68:FE:71:12:53:8C,-45,11,1,3,1,1,1,0,0,0,1,-96,0,6,1,67860734,0,84,0,0,67.861,384,[84 -64 4 0 0 0 0 0 0 0 0 0 -5 20 -7 20 -8 21 -6 20 -7 18 -11 18 -7 17 -10 19 -9 16 -11 16 -11 19 -10 20 -12 20 -12 17 -10 14 -10 19 -9 15 -12 17 -10 18 -11 16 -8 15 -9 14 -9 12 -9 17 -11 13 -11 16 0 2 -11 16 -10 14 -9 13 -7 14 -6 15 -10 13 -8 13 -6 13 -5 13 -4 12 -4 17 -8 17 -4 16 -8 18 -5 16 -4 15 -7 17 -5 18 -7 18 -5 16 -4 14 -7 17 -2 16 -5 15 -4 15 -5 18 2 -2 0 0 0 0 0 0 0 0 ]
CSI_DATA,AP,68:FE:71:12:53:8C,-45,11,1,5,1,1,1,0,0,0,0,-94,0,6,1,67957804,0,84,0,0,67.958,384,[84 -64 4 0 0 0 0 0 0 0 0 0 -14 15 -16 13 -18 13 -20 14 -17 10 -17 12 -19 8 -16 7 -19 7 -21 7 -20 9 -20 9 -20 9 -19 5 -21 4 -18 7 -21 9 -18 8 -18 5 -20 4 -18 5 -19 5 -18 5 -19 7 -17 5 -18 6 0 0 -16 8 -16 8 -17 9 -17 10 -17 8 -18 5 -14 8 -16 10 -13 9 -14 11 -17 8 -16 7 -14 7 -14 12 -15 12 -16 11 -12 11 -11 12 -15 13 -12 11 -16 13 -12 10 -10 14 -13 14 -10 11 -12 10 -2 2 0 0 0 0 0 0 0 0 ]
CSI_DATA,AP,68:FE:71:12:53:8C,-41,11,1,6,1,1,1,0,0,0,1,-94,0,6,1,68056733,0,84,0,0,68.057,384,[84 -64 4 0 0 0 0 0 0 0 0 0 12 -18 10 -19 11 -15 13 -19 13 -14 15 -14 14 -16 15 -14 16 -14 15 -13 13 -15 13 -13 15 -11 14 -15 15 -11 17 -12 17 -14 14 -10 13 -11 16 -11 16 -11 13 -10 11 -11 14 -10 13 -14 15 -10 -2 -2 14 -12 13 -10 13 -14 9 -10 12 -10 10 -14 14 -13 11 -13 12 -12 11 -11 10 -13 10 -15 11 -16 8 -12 7 -14 8 -14 9 -15 8 -15 11 -15 6 -16 9 -12 7 -13 9 -17 6 -14 9 -13 5 -14 1 -2 0 0 0 0 0 0 0 0 ]
CSI_DATA,AP,68:FE:71:12:53:8C,-46,11,1,3,1,1,1,0,0,0,0,-96,0,6,1,68178629,0,84,0,0,68.179,384,[84 -64 4 0 0 0 0 0 0 0 0 0 18 8 18 4 18 6 22 6 22 10 18 10 16 9 18 8 19 8 17 12 19 11 17 8 17 11 16 12 14 10 16 13 13 11 15 8 11 12 14 9 13 8 16 12 11 8 13 12 12 12 11 12 0 1 13 10 16 11 13 9 14 6 12 7 13 8 12 9 13 7 12 7 13 4 14 8 15 4 14 4 13 8 13 8 16 5 14 4 16 3 17 6 13 4 15 5 16 2 18 2 15 1 16 4 13 4 1 -2 0 0 0 0 0 0 0 0 ]
CSI_DATA,AP,68:FE:71:12:53:8C,-42,11,0,0,0,0,0,0,0,0,0,-94,0,6,1,68267636,0,37,0,0,68.268,128,[84 -64 4 0 0 0 0 0 0 0 0 0 -11 -16 -12 -17 -10 -19 -11 -21 -9 -19 -7 -18 -7 -21 -8 -18 -8 -19 -6 -17 -10 -21 -8 -22 -8 -20 -9 -21 -4 -21 -4 -19 -7 -18 -4 -15 -7 -20 -7 -17 -5 -16 -6 -18 -6 -15 -4 -17 -7 -21 -5 -16 0 1 -7 -18 -5 -16 -6 -16 -9 -14 -7 -17 -8 -17 -8 -15 -6 -16 -8 -16 -7 -15 -7 -17 -8 -16 -10 -15 -11 -17 -8 -15 -12 -18 -11 -17 -9 -16 -12 -16 -9 -12 -12 -17 -12 -17 -14 -14 -12 -15 -14 -14 -12 -11 -1 -2 0 0 0 0 0 0 0 0 ]
CSI_DATA,AP,68:FE:71:12:53:8C,-44,11,0,0,0,0,0,0,0,0,0,-96,0,6,1,68387186,0,37,0,0,68.387,128,[84 -64 4 0 0 0 0 0 0 0 0 0 -14 16 -15 16 -14 12 -17 12 -16 14 -19 14 -17 10 -16 10 -20 9 -17 9 -17 10 -17 10 -21 8 -16 11 -17 9 -19 6 -20 10 -19 6 -19 7 -17 6 -17 7 -16 6 -17 7 -18 9 -19 7 -16 9 2 2 -15 9 -17 6 -17 8 -15 8 -15 8 -14 9 -14 6 -16 8 -13 8 -11 7 -15 12 -11 11 -13 9 -15 8 -15 9 -16 9 -12 9 -11 11 -13 9 -11 12 -16 11 -14 12 -15 13 -12 13 -13 10 -13 14 2 2 0 0 0 0 0 0 0 0 ]
CSI_DATA,AP,68:FE:71:12:53:8C,-49,11,0,0,0,0,0,0,0,0,0,-94,0,6,1,68487237,0,37,0,0,68.487,128,[84 -64 4 0 0 0 0 0 0 0 0 0 19 7 16 10 19 10 19 9 18 8 15 11 18 13 16 14 16 10 14 10 16 11 14 10 16 12 16 12 15 13 14 10 16 14 10 12 16 13 15 9 12 10 12 12 11 11 11 11 15 11 14 9 2 1 12 11 11 9 14 11 16 7 11 9 13 11 12 9 12 7 11 6 12 7 17 7 15 7 16 8 17 9 16 9 18 4 15 8 14 6 14 3 16 5 14 4 14 4 13 4 18 1 18 6 16 1 -1 0 0 0 0 0 0 0 0 0 ]
CSI_DATA,AP,68:FE:71:12:53:8C,-47,11,1,5,1,1,1,0,0,0,0,-94,0,6,1,68589545,0,84,0,0,68.59,384,[84 -64 4 0 0 0 0 0 0 0 0 0 -7 -21 -3 -23 -4 -20 -5 -23 -6 -20 -1 -23 0 -21 -3 -20 -1 -22 -2 -21 0 -23 -1 -23 0 -23 0 -22 2 -22 0 -23 -1 -20 -1 -19 1 -21 1 -20 1 -20 1 -18 2 -16 3 -20 -1 -20 3 -17 -1 -2 0 -18 0 -17 1 -17 -2 -19 1 -18 -4 -18 -4 -17 -4 -18 -2 -16 -5 -16 -3 -20 -3 -18 -5 -18 -5 -16 -6 -16 -4 -19 -4 -18 -5 -19 -4 -17 -9 -18 -5 -15 -7 -18 -9 -19 -6 -18 -4 -16 -8 -18 -2 -1 0 0 0 0 0 0 0 0 ]
CSI_DATA,AP,68:FE:71:12:53:8C,-48,11,1,3,1,1,1,0,0,0,0,-95,0,6,1,68683448,0,84,0,0,68.683,384,[84 -64 4 0 0 0 0 0 0 0 0 0 6 -17 6 -19 7 -19 11 -17 7 -18 9 -17 8 -18 9 -14 8 -13 11 -12 9 -13 10 -15 12 -15 13 -16 11 -14 13 -14 12 -15 13 -13 9 -11 12 -11 12 -10 11 -13 11 -11 9 -10 9 -12 8 -11 0 2 9 -13 8 -11 8 -12 7 -13 11 -13 8 -15 10 -15 7 -12 9 -13 8 -13 7 -15 8 -12 4 -13 7 -11 4 -15 5 -13 6 -14 5 -13 2 -17 2 -13 5 -14 2 -15 3 -17 0 -18 2 -13 5 -17 -2 2 0 0 0 0 0 0 0 0 ]
CSI_DATA,AP,68:FE:71:12:53:8C,-46,11,1,3,1,1,1,0,0,0,0,-93,0,6,1,68822622,0,84,0,0,68.823,384,[84 -64 4 0 0 0 0 0 0 0 0 0 -7 21 -10 18 -11 17 -9 23 -12 19 -10 16 -10 20 -13 17 -11 15 -10 14 -11 17 -14 19 -14 17 -13 17 -12 13 -15 16 -12 17 -14 14 -14 13 -15 15 -12 13 -13 12 -13 12 -13 12 -13 15 -12 15 2 2 -10 13 -10 17 -8 17 -7 16 -7 14 -8 14 -9 13 -10 16 -7 16 -7 16 -5 15 -7 13 -7 16 -5 16 -8 18 -6 18 -5 18 -5 14 -4 14 -7 15 -6 16 -8 15 -4 16 -3 17 -4 16 -1 15 1 2 0 0 0 0 0 0 0 0 ]
CSI_DATA,AP,68:FE:71:12:53:8C,-46,11,1,5,1,1,1,0,0,0,0,-96,0,6,1,68914624,0,84,0,0,68.915,384,[84 -64 4 0 0 0 0 0 0 0 0 0 8 2 9 -1 8 1 10 0 7 2 9 1 7 3 7 3 7 1 8 3 7 5 10 1 7 4 10 2 4 6 9 4 9 3 5 3 5 6 6 2 6 4 8 1 6 3 6 4 7 2 4 1 -2 -1 5 1 9 1 5 4 8 3 5 3 7 1 6 0 4 0 7 0 4 -1 8 3 7 1 6 2 6 -1 5 1 6 2 9 2 6 -1 6 -1 8 -1 9 0 6 -2 5 2 9 -2 9 0 8 -3 -2 0 0 0 0 0 0 0 0 0 ]
CSI_DATA,AP,68:FE:71:12:53:8C,-49,11,1,2,1,1,1,1,0,0,0,-95,5,6,1,69001493,0,84,0,0,69.001,384,[84 -64 4 0 0 0 0 0 0 0 0 0 -17 -5 -17 -5 -17 -7 -15 -6 -18 -7 -13 -6 -14 -8 -13 -9 -13 -9 -16 -8 -14 -8 -14 -10 -17 -10 -12 -8 -11 -10 -14 -8 -13 -11 -11 -9 -11 -7 -14 -11 -11 -9 -10 -8 -13 -11 -11 -9 -13 -7 -10 -10 1 -2 -10 -8 -12 -8 -12 -8 -15 -4 -13 -6 -12 -9 -15 -8 -15 -6 -15 -3 -11 -3 -14 -3 -11 -3 -12 -5 -13 -4 -13 -5 -14 -6 -13 -3 -14 -6 -13 -2 -14 -4 -14 -6 -15 -3 -17 -6 -18 -2 -13 -3 -15 -3 1 -2 0 0 0 0 0 0 0 0 ]
CSI_DATA,AP,68:FE:71:12:53:8C,-48,11,1,5,1,1,1,0,0,0,0,-93,0,6,1,69083005,0,84,0,0,69.083,384,[84 -64 4 0 0 0 0 0 0 0 0 0 14 -7 15 -7 15 -6 17 -6 17 -6 18 -1 20 -2 17 -4 16 -1 15 -1 17 -4 17 -4 19 -1 17 -1 17 -2 19 -3 16 0 14 1 14 0 15 -2 17 0 17 -1 13 1 13 0 15 1 15 -2 -2 2 16 1 15 -3 14 -2 16 -4 13 -1 16 -3 16 -2 15 -4 11 -2 11 -4 15 -5 11 -5 11 -4 11 -3 15 -3 13 -4 16 -7 12 -7 13 -4 12 -4 14 -6 14 -3 12 -7 10 -6 13 -6 13 -7 -1 -1 0 0 0 0 0 0 0 0 ]
CSI_DATA,AP,68:FE:71:12:53:8C,-47,11,1,4,1,1,1,0,0,0,0,-94,0,6,1,69172642,0,84,0,0,69.173,384,[84 -64 4 0 0 0 0 0 0 0 0 0 0 -18 1 -18 2 -16 0 -20 1 -17 4 -15 3 -19 1 -14 2 -17 4 -18 4 -19 6 -20 4 -19 6 -15 5 -15 3 -18 3 -16 3 -17 6 -15 7 -17 3 -14 6 -14 5 -12 7 -15 7 -16 2 -15 1 -1 2 -16 3 -17 2 -13 0 -13 4 -15 2 -13 3 -14 1 -15 0 -16 2 -13 3 -16 0 -12 2 -12 -1 -12 1 -12 0 -15 -3 -18 1 -15 0 -16 0 -15 0 -16 -3 -16 -3 -13 -1 -16 0 -13 -3 -15 -1 2 0 0 0 0 0 0 0 0 ]
CSI_DATA,AP,68:FE:71:12:53:8C,-45,11,1,5,1,1,1,0,0,0,1,-95,0,6,1,69272007,0,84,0,0,69.272,384,[84 -64 4 0 0 0 0 0 0 0 0 0 0 -11 1 -9 3 -11 0 -7 1 -10 1 -11 3 -10 5 -6 4 -10 2 -6 3 -8 3 -8 4 -9 6 -10 3 -6 6 -8 2 -10 6 -7 3 -6 5 -5 6 -8 4 -7 5 -5 6 -10 4 -10 5 -8 -1 0 1 -7 1 -9 4 -8 1 -8 5 -7 2 -9 3 -7 2 -5 4 -6 1 -7 0 -10 0 -7 2 -8 2 -9 1 -6 3 -10 4 -6 3 -8 2 -7 3 -7 1 -7 -1 -6 1 -7 -2 -7 -1 -8 1 -10 0 -1 0 0 0 0 0 0 0 0 ]
CSI_DATA,AP,68:FE:71:12:53:8C,-45,11,1,5,1,1,1,0,0,0,0,-93,0,6,1,69346745,0,84,0,0,69.347,384,[84 -64 4 0 0 0 0 0 0 0 0 0 15 -13 16 -11 16 -12 17 -13 17 -9 19 -8 17 -6 19 -9 18 -8 20 -9 20 -8 19 -5 21 -6 17 -7 20 -4 17 -7 20 -6 19 -2 20 -5 18 -3 16 -1 19 -3 18 -6 16 -4 17 -3 15 -6 -1 1 15 -3 18 -3 15 -4 17 -8 15 -7 13 -7 14 -7 14 -8 13 -6 13 -7 15 -6 13 -8 13 -6 12 -8 11 -9 13 -10 16 -7 14 -8 12 -8 9 -8 15 -11 14 -8 10 -12 10 -11 10 -12 11 -11 1 2 0 0 0 0 0 0 0 0 ]
CSI_DATA,AP,68:FE:71:12:53:8C,-45,11,1,4,1,1,1,0,0,0,0,-94,0,6,1,69446579,0,84,0,0,69.447,384,[84 -64 4 0 0 0 0 0 0 0 0 0 -12 1 -8 2 -9 0 -8 1 -9 2 -11 1 -8 -1 -8 3 -7 1 -8 0 -8 0 -8 1 -8 1 -7 2 -9 2 -9 -2 -5 -2 -8 2 -6 -2 -7 2 -4 2 -7 0 -8 -1 -8 1 -4 0 -8 0 0 1 -7 1 -6 2 -6 1 -4 4 -8 0 -4 4 -6 4 -4 2 -6 2 -3 0 -7 4 -7 3 -6 1 -3 3 -6 1 -4 1 -4 2 -5 4 -3 5 -3 2 -4 4 -5 6 -4 4 -6 4 -5 4 -5 2 1 -2 0 0 0 0 0 0 0 0 ]
CSI_DATA,AP,68:FE:71:12:53:8C,-45,11,1,5,1,1,1,1,0,0,0,-94,6,6,1,69535189,0,84,0,0,69.535,384,[84 -64 4 0 0 0 0 0 0 0 0 0 -29 30 -26 26 -26 30 -29 26 -27 23 -27 19 -28 20 -23 14 -29 19 -27 14 -26 15 -27 16 -25 14 -24 13 -22 14 -23 13 -21 13 -18 16 -21 13 -21 14 -15 10 -20 11 -17 12 -18 15 -17 13 -14 16 2 -2 -13 12 -13 16 -14 13 -14 15 -9 17 -12 19 -10 15 -11 17 -10 11 -9 15 -10 20 -8 20 -8 20 -10 18 -10 22 -6 22 -8 24 -8 21 -10 21 -8 22 -5 20 -8 23 -4 21 -8 24 -3 26 -3 22 0 2 0 0 0 0 0 0 0 0 ]
CSI_DATA,AP,68:FE:71:12:53:8C,-46,11,1,5,1,1,1,0,0,0,0,-96,0,6,1,69643233,0,84,0,0,69.643,384,[84 -64 4 0 0 0 0 0 0 0 0 0 24 -6 21 -5 23 -2 23 0 19 -2 21 -2 22 0 17 3 18 -1 16 1 16 3 17 0 18 -2 15 1 14 3 15 1 16 0 14 1 15 4 15 0 11 3 10 -1 11 0 11 0 10 -2 9 -2 -2 2 11 -3 11 -3 9 -2 9 -3 12 -2 12 -4 9 -2 7 -5 7 -4 7 -4 9 -3 8 -7 8 -7 6 -3 6 -5 6 -7 10 -4 10 -7 8 -6 5 -9 10 -7 8 -8 5 -6 6 -11 9 -10 5 -9 0 0 0 0 0 0 0 0 0 0 ]
CSI_DATA,AP,68:FE:71:12:53:8C,-48,11,1,3,1,1,1,1,0,0,0,-94,2,6,1,69759902,0,84,0,0,69.76,384,[84 -64 4 0 0 0 0 0 0 0 0 0 21 21 22 23 18 26 17 29 17 23 15 25 12 25 15 21 10 23 13 25 13 22 13 21 14 23 10 21 11 18 12 23 8 21 10 15 6 16 6 16 6 16 7 17 7 15 10 12 8 12 8 15 -1 -1 8 11 8 10 9 12 11 10 9 10 12 9 8 10 8 5 10 6 12 4 10 5 13 6 14 4 13 3 10 3 12 2 10 4 10 3 12 3 11 3 12 4 11 0 10 -1 11 0 13 -2 11 -3 0 1 0 0 0 0 0 0 0 0 ]
CSI_DATA,AP,68:FE:71:12:53:8C,-49,11,1,3,1,1,1,1,0,0,0,-96,1,6,1,69876432,0,84,0,0,69.876,384,[84 -64 4 0 0 0 0 0 0 0 0 0 -19 3 -18 6 -18 5 -22 5 -20 1 -18 3 -18 -1 -18 -2 -15 0 -19 -2 -17 -1 -18 2 -18 0 -17 1 -15 2 -17 1 -14 3 -14 2 -17 2 -14 3 -14 1 -15 -1 -16 -1 -18 0 -18 3 -16 -1 -2 2 -16 1 -15 2 -15 4 -13 4 -14 3 -17 3 -13 4 -13 1 -13 4 -15 5 -16 2 -13 1 -13 3 -12 3 -12 6 -12 6 -14 4 -14 4 -16 6 -14 5 -12 3 -12 4 -15 4 -13 7 -13 4 -15 4 1 -1 0 0 0 0 0 0 0 0 ]
CSI_DATA,AP,68:FE:71:12:53:8C,-46,11,1,5,1,1,1,0,0,0,0,-95,0,6,1,70016279,0,84,0,0,70.016,384,[84 -64 4 0 0 0 0 0 0 0 0 0 -7 -19 -4 -21 -4 -22 -6 -22 -6 -20 -4 -20 -1 -20 -2 -20 0 -19 -3 -20 0 -21 0 -20 2 -24 0 -21 -1 -20 -2 -21 1 -20 0 -22 1 -21 3 -21 0 -22 1 -23 4 -22 0 -22 3 -24 -2 -20 -1 0 -1 -21 0 -23 -1 -23 -1 -20 -1 -19 -2 -23 2 -20 -1 -21 -3 -22 -2 -19 -4 -21 -3 -22 -2 -21 -1 -20 -1 -19 -1 -21 0 -24 -5 -19 -5 -20 -3 -23 -4 -21 -3 -22 -1 -22 -5 -24 0 -20 -3 -22 -1 -2 0 0 0 0 0 0 0 0 ]
