type,role,mac,rssi,rate,sig_mode,mcs,bandwidth,smoothing,not_sounding,aggregation,stbc,fec_coding,sgi,noise_floor,ampdu_cnt,channel,secondary_channel,local_timestamp,ant,sig_len,rx_state,real_time_set,real_timestamp,len,CSI_DATA
CSI_DATA,AP,68:FE:71:12:53:8C,-41,11,1,4,1,1,1,0,0,0,0,-94,0,6,1,9663680,0,84,0,0,9.6637,384,[82 -96 4 0 0 0 0 0 0 0 0 0 -17 -9 -19 -9 -15 -11 -13 -8 -15 -4 -18 -6 -17 -10 -17 -12 -16 -11 -19 -14 -16 -7 -17 -13 -17 -7 -12 -9 -17 -13 -11 -8 -10 -6 -12 -14 -15 -12 -9 -8 -10 -8 -11 -9 -12 -8 -13 -9 -17 -5 -17 -11 0 3 -10 -6 -11 -11 -9 -11 -15 -5 -14 -12 -11 -8 -14 -9 -12 -8 -15 -5 -10 -5 -13 -3 -11 -7 -16 -7 -14 -4 -13 -1 -14 -6 -11 -7 -13 -8 -10 -3 -14 -3 -11 -2 -17 0 -16 -7 -16 -1 -10 -6 -10 0 0 -2 0 0 0 0 0 0 0 0 ]
CSI_DATA,AP,68:FE:71:12:53:8C,-47,11,1,4,1,1,1,1,0,0,0,-93,6,6,1,9770705,0,84,0,0,9.7707,384,[84 -64 4 0 0 0 0 0 0 0 0 0 -18 11 -16 11 -17 12 -18 13 -21 5 -20 8 -16 8 -16 6 -14 8 -15 7 -16 2 -21 3 -22 5 -19 5 -16 8 -15 2 -22 6 -15 0 -21 8 -18 7 -18 7 -14 7 -17 7 -12 5 -19 3 -16 8 1 -4 -12 2 -15 4 -14 4 -14 1 -18 8 -16 9 -12 8 -12 9 -18 3 -17 10 -10 10 -12 4 -10 6 -17 4 -10 6 -11 12 -16 8 -9 11 -17 11 -10 10 -14 9 -13 8 -12 13 -10 9 -13 7 -9 13 -1 -1 0 0 0 0 0 0 0 0 ]
CSI_DATA,AP,68:FE:71:12:53:8C,-43,11,1,5,1,1,1,0,0,0,0,-94,0,6,1,9906940,0,84,0,0,9.9069,384,[84 -64 4 0 0 0 0 0 0 0 0 0 -18 -12 -16 -13 -17 -14 -11 -11 -13 -17 -17 -14 -8 -17 -10 -15 -14 -15 -15 -10 -9 -10 -9 -15 -15 -16 -13 -12 -13 -17 -7 -15 -7 -12 -13 -11 -11 -19 -6 -14 -11 -14 -10 -18 -13 -17 -11 -10 -10 -17 -9 -16 2 -1 -6 -13 -6 -8 -8 -14 -7 -13 -8 -14 -8 -8 -11 -8 -12 -15 -10 -8 -11 -8 -12 -12 -12 -12 -15 -13 -12 -6 -15 -14 -8 -14 -12 -6 -15 -6 -13 -7 -8 -10 -9 -12 -16 -10 -14 -12 -15 -7 -10 -3 -13 -6 -2 -4 0 0 0 0 0 0 0 0 ]
CSI_DATA,AP,68:FE:71:12:53:8C,-49,11,1,2,1,1,1,0,0,0,0,-96,0,6,1,10026420,0,84,0,0,10.026,384,[84 -64 4 0 0 0 0 0 0 0 0 0 -11 -34 -14 -34 -8 -35 -7 -34 -8 -34 -6 -39 -7 -40 -3 -39 -1 -40 -10 -34 -4 -35 -1 -41 -4 -34 -6 -33 -2 -34 3 -32 -4 -39 3 -38 -5 -36 -1 -29 1 -35 -3 -32 -4 -28 1 -35 -1 -36 -1 -28 -4 -1 0 -29 -2 -34 0 -34 -5 -32 -2 -29 -5 -33 -2 -31 0 -32 -2 -31 -2 -29 -4 -30 -4 -30 -6 -33 -5 -33 -4 -31 -10 -29 -6 -27 -6 -26 -11 -31 -9 -27 -5 -29 -11 -33 -13 -33 -10 -32 -11 -33 -15 -30 3 -1 0 0 0 0 0 0 0 0 ]
CSI_DATA,AP,68:FE:71:12:53:8C,-44,11,1,4,1,1,1,1,0,0,0,-94,3,6,1,10169701,0,84,0,0,10.17,384,[84 -64 4 0 0 0 0 0 0 0 0 0 -34 1 -33 -6 -28 -7 -34 -4 -35 -6 -32 -4 -34 -10 -24 -9 -31 -14 -29 -13 -28 -10 -26 -12 -31 -7 -23 -8 -27 -9 -30 -9 -25 -13 -28 -7 -29 -10 -28 -10 -20 -7 -20 -10 -22 -11 -24 -10 -29 -8 -25 -8 0 1 -22 -6 -26 -8 -22 -10 -25 -8 -25 -7 -21 -4 -24 -9 -26 -10 -20 -1 -27 -4 -21 -7 -26 -4 -25 -1 -23 -7 -25 1 -25 -5 -24 -7 -23 -6 -24 -6 -27 -2 -26 1 -25 -4 -26 1 -23 0 -21 5 -28 -4 -1 2 0 0 0 0 0 0 0 0 ]
CSI_DATA,AP,68:FE:71:12:53:8C,-45,11,1,5,1,1,1,0,0,0,0,-93,0,6,1,10269093,0,84,0,0,10.269,384,[84 -64 4 0 0 0 0 0 0 0 0 0 33 14 28 23 31 22 31 20 32 20 28 22 29 23 32 25 31 29 25 26 26 28 27 25 24 26 29 25 24 25 21 25 22 25 26 24 19 24 19 21 25 22 18 30 22 24 23 28 24 23 20 27 -2 -1 22 27 21 22 20 22 25 21 22 21 18 19 27 19 27 16 20 19 21 19 22 21 21 17 25 23 24 15 26 15 25 20 28 18 24 18 29 15 29 17 25 16 30 16 23 18 31 11 28 14 28 17 4 3 0 0 0 0 0 0 0 0 ]
CSI_DATA,AP,68:FE:71:12:53:8C,-45,11,1,3,1,1,1,0,0,0,0,-95,0,6,1,10361211,0,84,0,0,10.361,384,[84 -64 4 0 0 0 0 0 0 0 0 0 -28 22 -24 15 -30 14 -29 20 -23 17 -25 12 -27 16 -28 11 -30 16 -28 15 -26 8 -30 13 -27 12 -30 15 -30 11 -25 15 -24 13 -23 10 -29 9 -27 6 -26 11 -28 5 -27 4 -28 10 -20 15 -21 7 -2 4 -20 7 -20 13 -25 15 -25 11 -25 12 -24 12 -19 12 -21 10 -17 15 -20 14 -22 13 -19 11 -22 11 -20 11 -23 17 -21 15 -18 18 -22 18 -20 13 -14 18 -22 15 -17 15 -15 12 -18 19 -17 14 -17 14 4 2 0 0 0 0 0 0 0 0 ]
CSI_DATA,AP,68:FE:71:12:53:8C,-47,11,1,4,1,1,1,0,0,0,0,-95,0,6,1,10481375,0,84,0,0,10.481,384,[84 -64 4 0 0 0 0 0 0 0 0 0 -22 7 -17 8 -21 4 -21 -1 -22 -2 -19 3 -25 3 -25 -3 -23 -3 -23 -1 -17 2 -19 1 -22 4 -19 3 -16 1 -19 -4 -21 -5 -16 -3 -19 -6 -17 -2 -15 -5 -21 -5 -18 -3 -19 -3 -18 0 -15 2 -3 -3 -18 -2 -17 2 -14 1 -17 3 -20 4 -18 0 -16 2 -15 1 -20 0 -13 1 -21 7 -13 8 -16 2 -19 3 -21 -1 -15 3 -12 5 -18 6 -16 0 -13 7 -15 2 -15 1 -17 2 -20 11 -12 6 -20 6 4 -4 0 0 0 0 0 0 0 0 ]
CSI_DATA,AP,68:FE:71:12:53:8C,-50,11,1,3,1,1,1,0,0,0,0,-95,0,6,1,10583229,0,84,0,0,10.583,384,[84 -64 4 0 0 0 0 0 0 0 0 0 2 -19 2 -24 6 -21 0 -19 1 -19 2 -19 8 -22 8 -19 3 -18 5 -24 11 -20 8 -21 12 -17 10 -16 6 -16 10 -22 12 -22 11 -13 8 -22 5 -15 12 -13 11 -20 6 -20 7 -21 10 -13 4 -20 -2 -3 4 -15 10 -14 10 -21 4 -16 10 -19 2 -15 5 -14 5 -12 1 -13 7 -14 3 -18 -1 -15 2 -13 1 -13 1 -19 4 -21 3 -16 1 -19 0 -19 0 -15 1 -18 1 -16 0 -14 2 -17 1 -16 3 -19 -3 -1 0 0 0 0 0 0 0 0 ]
CSI_DATA,AP,68:FE:71:12:53:8C,-44,11,1,5,1,1,1,0,0,0,0,-94,0,6,1,10696621,0,84,0,0,10.697,384,[84 -64 4 0 0 0 0 0 0 0 0 0 -1 18 -5 20 -9 16 -8 21 -8 19 -5 19 -3 17 -9 13 -9 12 -9 16 -11 12 -6 14 -8 14 -7 19 -5 18 -8 12 -11 18 -6 10 -12 14 -9 10 -10 16 -9 16 -5 15 -12 12 -7 15 -9 15 -4 -2 -10 8 -11 9 -8 13 -4 12 -2 15 -9 15 -8 13 -4 8 -9 13 -1 17 -1 13 -3 12 0 13 -4 10 -4 16 0 14 -6 14 -2 16 1 18 -5 14 0 12 0 12 -5 13 -3 17 -1 12 1 12 4 2 0 0 0 0 0 0 0 0 ]
CSI_DATA,AP,68:FE:71:12:53:8C,-43,11,1,6,1,1,1,0,0,0,0,-95,0,6,1,10821332,0,84,0,0,10.821,384,[84 -64 4 0 0 0 0 0 0 0 0 0 -4 -20 -3 -14 0 -16 2 -19 2 -14 5 -19 1 -18 8 -22 5 -17 2 -21 8 -20 6 -12 4 -18 4 -22 4 -19 10 -19 2 -20 9 -11 8 -14 3 -14 1 -17 5 -13 5 -17 6 -15 6 -17 6 -17 -4 -2 0 -10 1 -12 8 -10 1 -16 -1 -11 4 -15 5 -10 0 -18 -1 -10 3 -16 -2 -13 -2 -15 0 -12 0 -18 0 -15 1 -18 1 -15 -4 -15 -2 -17 4 -18 1 -11 -2 -12 2 -11 3 -15 -5 -17 -3 -12 0 3 0 0 0 0 0 0 0 0 ]
CSI_DATA,AP,68:FE:71:12:53:8C,-44,11,1,4,1,1,1,0,0,0,0,-96,0,6,1,10909531,0,84,0,0,10.91,384,[84 -64 4 0 0 0 0 0 0 0 0 0 -21 1 -17 4 -21 2 -21 -3 -20 5 -19 -4 -22 3 -19 -5 -22 -3 -24 -1 -19 -6 -17 0 -23 -2 -20 -2 -17 -6 -19 -6 -18 -5 -22 0 -17 -2 -18 -3 -18 -7 -20 -2 -20 -2 -13 -5 -18 -2 -18 -2 3 -4 -14 -2 -16 0 -19 -4 -15 -2 -12 -2 -19 2 -13 -5 -19 3 -16 -2 -20 0 -16 4 -15 -2 -16 0 -14 5 -12 2 -20 -2 -13 2 -14 3 -18 0 -15 6 -14 0 -16 6 -19 1 -19 7 -16 6 -15 2 4 0 0 0 0 0 0 0 0 0 ]
CSI_DATA,AP,68:FE:71:12:53:8C,-42,11,1,6,1,1,1,0,0,0,0,-94,0,6,1,11024883,0,84,0,0,11.025,384,[84 -64 4 0 0 0 0 0 0 0 0 0 4 -19 6 -15 6 -20 4 -21 7 -20 6 -18 7 -17 4 -17 4 -19 5 -18 4 -18 11 -20 10 -20 9 -14 9 -15 9 -18 11 -14 8 -13 6 -16 6 -14 8 -12 9 -18 7 -15 11 -11 10 -10 10 -15 -2 -1 3 -11 2 -16 3 -17 1 -14 5 -11 7 -13 5 -18 6 -14 8 -13 0 -17 2 -12 4 -18 1 -13 7 -14 5 -12 4 -10 1 -19 6 -15 2 -16 -3 -18 5 -16 2 -17 -1 -20 1 -12 5 -12 -2 -12 -4 1 0 0 0 0 0 0 0 0 ]
CSI_DATA,AP,68:FE:71:12:53:8C,-43,11,0,0,0,0,0,0,0,0,0,-94,0,6,1,11132470,0,37,0,0,11.132,128,[84 -64 4 0 0 0 0 0 0 0 0 0 -22 1 -21 1 -25 1 -18 -6 -18 0 -17 -6 -17 -7 -23 -2 -23 -2 -19 -10 -21 -2 -15 -10 -18 -6 -19 -6 -16 -6 -20 -6 -14 -6 -15 -9 -16 -6 -18 -11 -17 -8 -14 -11 -18 -7 -13 -9 -16 -4 -13 -9 4 -2 -12 -3 -12 -1 -19 -4 -14 -3 -15 -4 -19 -4 -15 -1 -11 -7 -14 -4 -15 -5 -17 -6 -17 -2 -19 -6 -15 1 -13 0 -14 -1 -14 -3 -18 3 -19 2 -16 -2 -17 0 -19 4 -20 -1 -21 -3 -21 0 -18 1 0 0 0 0 0 0 0 0 0 0 ]
CSI_DATA,AP,68:FE:71:12:53:8C,-48,11,1,5,1,1,1,1,0,0,0,-93,5,6,1,11277496,0,84,0,0,11.277,384,[84 -64 4 0 0 0 0 0 0 0 0 0 -18 -11 -15 -10 -13 -7 -14 -12 -12 -10 -15 -13 -16 -8 -9 -9 -12 -7 -10 -8 -10 -9 -16 -14 -15 -8 -9 -16 -14 -14 -9 -12 -10 -16 -14 -14 -8 -11 -11 -12 -12 -9 -11 -10 -12 -12 -11 -7 -14 -10 -11 -10 0 -3 -9 -8 -9 -6 -13 -10 -11 -7 -10 -11 -10 -9 -8 -4 -9 -8 -11 -12 -15 -8 -12 -8 -12 -3 -16 -5 -10 -10 -12 -11 -12 -11 -8 -8 -10 -9 -13 -2 -10 -5 -15 -10 -13 -2 -12 -3 -15 -8 -14 -8 -10 -7 1 1 0 0 0 0 0 0 0 0 ]
CSI_DATA,AP,68:FE:71:12:53:8C,-42,11,1,4,1,1,1,1,0,0,0,-94,2,6,1,11384305,0,84,0,0,11.384,384,[84 -64 4 0 0 0 0 0 0 0 0 0 6 -20 13 -13 11 -16 11 -15 9 -14 15 -15 14 -16 15 -19 16 -18 12 -11 11 -16 11 -10 12 -10 15 -13 9 -15 13 -17 9 -9 14 -11 16 -13 16 -10 10 -14 11 -16 15 -7 16 -11 13 -16 9 -12 2 -1 8 -12 14 -14 14 -14 13 -17 12 -11 7 -13 10 -16 13 -10 12 -12 8 -12 11 -14 11 -11 10 -16 12 -14 9 -18 3 -18 7 -18 8 -15 8 -16 9 -17 5 -13 9 -12 6 -11 3 -14 8 -14 10 -12 -2 1 0 0 0 0 0 0 0 0 ]
CSI_DATA,AP,68:FE:71:12:53:8C,-44,11,1,4,1,1,1,0,0,0,0,-94,0,6,1,11511005,0,84,0,0,11.511,384,[84 -64 4 0 0 0 0 0 0 0 0 0 18 16 12 19 16 15 16 13 18 20 10 15 13 17 10 17 10 15 6 22 10 17 13 21 14 18 9 19 13 16 8 17 10 14 7 14 5 21 12 17 10 17 11 17 7 13 11 17 10 14 12 17 1 1 10 15 7 18 10 20 8 17 11 17 6 16 7 15 9 12 13 13 9 11 12 15 11 10 12 15 8 17 13 13 11 9 14 14 9 15 8 16 9 13 15 16 15 12 13 12 14 16 13 8 13 12 1 -3 0 0 0 0 0 0 0 0 ]
CSI_DATA,AP,68:FE:71:12:53:8C,-48,11,1,3,1,1,1,1,0,0,0,-96,2,6,1,11599352,0,84,0,0,11.599,384,[84 -64 4 0 0 0 0 0 0 0 0 0 -15 -9 -16 -11 -17 -7 -22 -11 -18 -8 -13 -10 -19 -16 -11 -9 -20 -16 -16 -13 -11 -16 -12 -12 -12 -10 -19 -15 -13 -17 -12 -12 -18 -17 -14 -16 -16 -9 -12 -15 -15 -11 -11 -17 -13 -9 -8 -8 -15 -16 -8 -9 4 1 -15 -16 -14 -8 -15 -7 -9 -7 -8 -13 -10 -14 -16 -13 -9 -8 -13 -9 -17 -5 -11 -7 -17 -7 -11 -5 -16 -6 -18 -13 -15 -7 -15 -6 -11 -9 -19 -7 -15 -7 -15 -4 -13 -6 -11 -8 -12 -6 -15 -2 -18 -10 4 0 0 0 0 0 0 0 0 0 ]
CSI_DATA,AP,68:FE:71:12:53:8C,-46,11,1,5,1,1,1,0,0,0,0,-96,0,6,1,11749087,0,84,0,0,11.749,384,[84 -64 4 0 0 0 0 0 0 0 0 0 -6 16 -13 13 -9 16 -13 15 -11 13 -13 10 -14 10 -12 15 -8 12 -13 12 -12 6 -12 9 -17 8 -15 7 -15 8 -14 10 -12 13 -8 13 -8 6 -10 6 -16 5 -12 5 -9 11 -8 5 -8 7 -14 8 3 -4 -12 10 -11 9 -8 11 -6 9 -6 8 -10 8 -11 9 -9 7 -11 9 -13 11 -13 11 -8 9 -5 6 -5 8 -10 7 -12 9 -11 11 -12 11 -5 14 -7 9 -10 9 -3 15 -10 9 -10 13 -5 13 -6 15 0 -1 0 0 0 0 0 0 0 0 ]
CSI_DATA,AP,68:FE:71:12:53:8C,-47,11,1,3,1,1,1,0,0,0,0,-93,0,6,1,11871768,0,82,0,0,11.872,384,[84 -64 4 0 0 0 0 0 0 0 0 0 12 15 12 16 16 11 17 16 15 14 13 13 8 15 11 14 11 13 12 11 15 18 9 16 10 14 13 14 12 19 9 14 11 15 9 13 7 12 10 18 8 13 5 17 7 11 12 10 13 19 13 13 4 4 13 14 14 16 7 17 11 14 6 16 7 16 7 11 10 11 12 13 10 10 15 11 13 7 9 7 16 9 12 13 14 10 13 7 15 11 17 7 17 4 12 12 14 12 14 7 14 10 12 5 17 6 3 -4 0 0 0 0 0 0 0 0 ]
CSI_DATA,AP,68:FE:71:12:53:8C,-43,11,1,6,1,1,1,0,0,0,0,-93,0,6,1,12008687,0,84,0,0,12.009,384,[84 -64 4 0 0 0 0 0 0 0 0 0 -5 22 -6 15 -5 16 -12 21 -8 20 -14 15 -11 17 -13 15 -12 17 -12 15 -17 14 -12 19 -10 13 -16 12 -13 13 -15 13 -10 15 -8 12 -12 17 -15 14 -9 15 -14 11 -8 15 -9 17 -15 18 -14 16 1 0 -10 10 -8 11 -8 10 -8 16 -11 13 -10 10 -10 13 -12 14 -10 18 -6 14 -6 15 -10 16 -11 15 -3 17 -4 18 -11 19 -5 13 -8 11 -6 18 -5 11 -4 13 -9 15 -8 19 -8 15 -4 15 -4 15 2 -2 0 0 0 0 0 0 0 0 ]
CSI_DATA,AP,68:FE:71:12:53:8C,-47,11,1,3,1,1,1,0,0,0,0,-94,0,6,1,12121487,0,84,0,0,12.121,384,[84 -64 4 0 0 0 0 0 0 0 0 0 -14 -21 -10 -19 -14 -24 -12 -24 -7 -23 -8 -21 -8 -20 -8 -17 -9 -21 -1 -21 -1 -23 -8 -20 -5 -24 -5 -23 -4 -24 -8 -24 -6 -25 -2 -15 -3 -22 1 -18 -7 -18 -7 -18 -3 -19 0 -21 -2 -19 -2 -19 4 3 -3 -17 -9 -21 -4 -16 -7 -13 -4 -14 -10 -16 -4 -17 -8 -19 -2 -15 -3 -13 -4 -16 -8 -16 -10 -18 -4 -20 -11 -15 -10 -19 -12 -15 -12 -17 -8 -19 -14 -13 -6 -18 -13 -15 -12 -12 -14 -19 -15 -15 -15 -15 1 3 0 0 0 0 0 0 0 0 ]
CSI_DATA,AP,68:FE:71:12:53:8C,-47,11,1,5,1,1,1,0,0,0,0,-93,0,6,1,12255142,0,84,0,0,12.255,384,[84 -64 4 0 0 0 0 0 0 0 0 0 21 -8 19 -5 23 -9 24 -6 18 -2 19 -3 18 1 18 -5 18 -5 19 3 24 3 17 3 22 2 24 0 18 -2 25 4 21 -2 18 0 23 -2 15 -1 19 0 22 2 13 0 15 1 20 -4 19 3 1 0 19 3 21 -3 17 -4 22 1 19 -1 20 -1 14 -5 21 -1 17 -3 12 0 17 -9 19 -8 19 -1 17 -7 15 -5 20 -4 14 -9 13 -7 14 -10 11 -9 15 -4 18 -6 16 -11 12 -5 18 -5 18 -12 4 4 0 0 0 0 0 0 0 0 ]
CSI_DATA,AP,68:FE:71:12:53:8C,-42,11,1,6,1,1,1,0,0,0,0,-96,0,6,1,12368572,0,84,0,0,12.369,384,[84 -64 4 0 0 0 0 0 0 0 0 0 16 7 16 10 20 9 25 12 21 6 18 12 19 6 14 6 14 9 21 11 15 7 17 8 16 11 13 13 18 9 16 11 16 12 15 13 13 8 14 13 15 12 16 14 17 7 17 8 12 11 18 8 0 -1 11 9 11 10 13 12 11 6 13 9 15 5 20 9 17 4 14 8 10 3 17 6 16 3 15 7 15 5 15 9 19 1 13 7 15 -1 19 0 17 -2 13 4 18 6 19 -2 21 4 20 1 12 5 -3 -1 0 0 0 0 0 0 0 0 ]
CSI_DATA,AP,68:FE:71:12:53:8C,-47,11,1,5,1,1,1,1,0,0,0,-94,5,6,1,12509009,0,84,0,0,12.509,384,[84 -64 4 0 0 0 0 0 0 0 0 0 11 16 10 18 3 18 6 18 8 24 6 21 4 17 -2 18 -2 21 1 24 5 25 -1 17 -3 24 0 24 -3 22 3 20 -1 15 0 20 -1 21 -2 18 1 17 -5 18 2 21 3 22 1 17 -3 16 -2 -3 2 14 5 19 2 17 1 19 -1 19 -1 19 2 13 2 17 6 17 6 17 4 17 0 13 4 13 5 16 6 17 6 16 3 19 3 12 10 16 6 15 8 12 5 14 8 15 7 12 6 17 9 15 2 0 0 0 0 0 0 0 0 0 ]
CSI_DATA,AP,68:FE:71:12:53:8C,-44,11,1,4,1,1,1,0,0,0,0,-94,0,6,1,12635031,0,84,0,0,12.635,384,[84 -64 4 0 0 0 0 0 0 0 0 0 18 12 15 11 16 9 20 9 15 9 13 15 15 17 17 10 16 18 19 16 13 10 15 11 18 16 16 17 12 14 12 13 18 12 15 14 16 15 12 10 9 14 11 9 13 13 11 8 10 16 15 14 1 4 16 8 14 10 10 8 14 9 9 8 12 12 17 14 15 8 10 5 15 6 17 7 15 7 18 4 17 6 15 4 14 9 13 7 15 6 20 4 13 6 20 6 18 5 15 4 18 2 13 1 20 8 -3 2 0 0 0 0 0 0 0 0 ]
CSI_DATA,AP,68:FE:71:12:53:8C,-43,11,1,5,1,1,1,0,0,0,0,-96,0,6,1,12775483,0,84,0,0,12.775,384,[84 -64 4 0 0 0 0 0 0 0 0 0 10 21 7 15 9 23 10 22 6 19 0 21 1 22 5 15 3 15 -2 14 7 20 0 20 0 22 3 18 -2 22 1 22 5 15 2 14 3 17 -2 17 3 16 4 17 0 19 1 14 1 13 6 20 -4 -3 1 12 3 19 -1 16 4 18 -2 12 2 19 6 13 6 19 2 19 0 12 5 13 4 13 3 14 8 17 2 15 10 13 9 12 4 16 7 14 11 15 5 10 3 10 8 14 9 15 6 12 12 9 -1 1 0 0 0 0 0 0 0 0 ]
CSI_DATA,AP,68:FE:71:12:53:8C,-44,11,1,3,1,1,1,0,0,0,0,-94,0,6,1,12870724,0,84,0,0,12.871,384,[84 -64 4 0 0 0 0 0 0 0 0 0 -9 -18 -13 -17 -6 -20 -13 -21 -6 -23 -5 -17 -9 -16 -3 -15 -7 -24 -9 -18 -5 -18 -3 -23 -8 -19 -8 -24 -4 -19 -9 -23 -5 -21 1 -19 -5 -22 -5 -21 -3 -15 -8 -14 -6 -13 -2 -19 -3 -20 -8 -17 0 1 -6 -17 -10 -18 -2 -15 -10 -15 -9 -17 -10 -17 -10 -15 -2 -15 -6 -16 -5 -15 -12 -19 -10 -10 -12 -18 -4 -17 -8 -18 -5 -18 -10 -18 -13 -15 -5 -18 -13 -9 -10 -10 -13 -10 -11 -14 -14 -17 -14 -17 -10 -11 0 2 0 0 0 0 0 0 0 0 ]
CSI_DATA,AP,68:FE:71:12:53:8C,-47,11,0,0,0,0,0,0,0,0,0,-93,0,6,1,12973260,0,37,0,0,12.973,128,[84 -64 4 0 0 0 0 0 0 0 0 0 -20 -5 -20 -4 -20 -2 -24 -6 -22 -9 -21 -5 -18 -10 -22 -9 -15 -5 -16 -8 -21 -7 -18 -8 -21 -12 -16 -8 -20 -7 -22 -9 -17 -9 -17 -4 -19 -9 -21 -8 -20 -9 -13 -10 -12 -9 -17 -10 -20 -14 -16 -5 4 -4 -16 -7 -18 -7 -18 -11 -18 -9 -14 -8 -18 -8 -12 -9 -15 -4 -17 -6 -17 -3 -14 -5 -11 -8 -18 -6 -17 -7 -16 -3 -15 0 -16 -6 -19 -4 -14 -4 -19 0 -21 -5 -17 -5 -13 -2 -20 1 -19 -3 -20 -1 0 -2 0 0 0 0 0 0 0 0 ]
CSI_DATA,AP,68:FE:71:12:53:8C,-48,11,1,3,1,1,1,1,0,0,0,-93,2,6,1,13094849,0,84,0,0,13.095,384,[84 -64 4 0 0 0 0 0 0 0 0 0 10 -19 11 -15 11 -23 6 -24 13 -16 12 -13 15 -19 8 -14 10 -15 17 -15 15 -17 17 -12 14 -12 10 -12 16 -13 17 -14 15 -10 14 -12 8 -14 15 -14 8 -15 10 -18 14 -13 9 -14 14 -13 15 -18 1 -1 12 -15 11 -17 8 -13 9 -11 11 -14 7 -11 7 -17 10 -11 9 -18 10 -11 9 -11 7 -15 11 -13 2 -14 2 -13 8 -13 11 -14 8 -20 4 -18 1 -19 3 -16 7 -14 5 -18 4 -20 1 -21 6 -16 -1 1 0 0 0 0 0 0 0 0 ]
CSI_DATA,AP,68:FE:71:12:53:8C,-43,11,1,4,1,1,1,0,0,0,0,-95,0,6,1,13200933,0,84,0,0,13.201,384,[84 -64 4 0 0 0 0 0 0 0 0 0 2 18 -1 19 1 18 -3 18 1 18 -1 15 -7 18 -6 18 -7 20 -6 17 -9 20 -2 24 -7 19 -1 18 -9 20 -1 19 -3 15 -3 16 -4 13 -1 17 -2 21 -5 20 -1 18 -7 16 -1 17 -5 17 -4 -4 -8 12 -6 19 0 20 -1 12 -6 19 -3 14 -3 20 -1 18 3 19 -2 12 -4 19 -2 19 -3 16 3 14 -3 14 3 18 0 14 3 13 4 18 -1 12 4 20 6 15 4 16 8 13 -1 12 1 19 4 2 0 0 0 0 0 0 0 0 ]
CSI_DATA,AP,68:FE:71:12:53:8C,-46,11,1,5,1,1,1,1,0,0,0,-94,2,6,1,13289467,0,84,0,0,13.289,384,[84 -64 4 0 0 0 0 0 0 0 0 0 -18 17 -14 17 -12 16 -19 13 -16 14 -16 10 -21 12 -12 13 -20 14 -19 14 -17 13 -21 17 -16 9 -16 9 -13 6 -18 13 -17 6 -16 14 -12 6 -20 11 -19 9 -14 11 -18 11 -18 13 -12 14 -20 13 0 3 -15 9 -14 16 -15 13 -10 7 -13 10 -12 11 -16 12 -12 11 -12 12 -10 12 -11 12 -12 16 -12 14 -8 11 -8 11 -12 17 -10 13 -11 11 -8 10 -4 10 -8 10 -9 17 -8 11 -7 11 -6 14 -5 19 -2 -1 0 0 0 0 0 0 0 0 ]
CSI_DATA,AP,68:FE:71:12:53:8C,-42,11,1,6,1,1,1,1,0,0,0,-96,5,6,1,13394198,0,84,0,0,13.394,384,[84 -64 4 0 0 0 0 0 0 0 0 0 17 -13 14 -10 13 -9 15 -11 12 -11 20 -11 16 -11 14 -6 19 -12 16 -12 15 -7 20 -13 20 -11 15 -8 19 -6 15 -5 22 -4 17 -7 18 -11 17 -5 12 -9 17 -4 13 -4 12 -10 14 -9 11 -10 -1 -1 15 -8 11 -7 17 -6 13 -6 15 -9 11 -7 18 -11 15 -6 16 -10 10 -6 16 -9 12 -9 14 -7 11 -8 10 -10 15 -14 12 -13 10 -8 10 -8 7 -9 16 -7 11 -13 10 -14 11 -15 7 -14 9 -17 3 -2 0 0 0 0 0 0 0 0 ]
CSI_DATA,AP,68:FE:71:12:53:8C,-43,11,1,5,1,1,1,0,0,0,0,-94,0,6,1,13504930,0,84,0,0,13.505,384,[84 -64 4 0 0 0 0 0 0 0 0 0 -16 8 -17 13 -23 13 -18 13 -22 4 -21 9 -16 4 -16 6 -17 3 -17 4 -22 1 -22 2 -22 6 -22 7 -22 7 -24 8 -17 -1 -21 1 -18 6 -21 0 -19 4 -17 6 -13 1 -18 -1 -22 7 -22 3 3 2 -15 5 -13 1 -17 7 -15 3 -20 7 -17 5 -20 0 -17 3 -16 6 -13 7 -14 8 -18 10 -19 8 -16 9 -14 8 -19 3 -13 5 -14 7 -19 3 -13 10 -14 5 -15 10 -18 9 -11 14 -11 6 -13 10 -3 2 0 0 0 0 0 0 0 0 ]
CSI_DATA,AP,68:FE:71:12:53:8C,-48,11,1,5,1,1,1,0,0,0,1,-93,0,6,1,13614054,0,84,0,0,13.614,384,[84 -64 4 0 0 0 0 0 0 0 0 0 -20 10 -17 8 -23 10 -26 1 -25 7 -19 6 -20 7 -21 -3 -19 -3 -24 2 -24 3 -20 4 -23 -2 -22 -3 -21 -2 -19 -3 -17 -1 -23 0 -19 1 -16 3 -20 0 -19 0 -17 -2 -15 2 -18 -1 -17 -1 -4 -2 -17 -1 -18 1 -16 -3 -14 5 -20 2 -22 0 -22 0 -21 -1 -20 7 -13 6 -15 2 -20 7 -21 2 -14 2 -19 1 -21 7 -22 8 -13 7 -14 5 -13 8 -14 5 -16 8 -13 9 -21 4 -16 10 -18 4 2 -2 0 0 0 0 0 0 0 0 ]
CSI_DATA,AP,68:FE:71:12:53:8C,-42,11,1,5,1,1,1,1,0,0,0,-93,1,6,1,13732558,0,84,0,0,13.733,384,[84 -64 4 0 0 0 0 0 0 0 0 0 13 12 14 11 20 14 21 15 11 10 14 10 16 15 11 13 12 16 14 16 16 18 11 18 14 12 9 12 7 18 13 14 10 15 13 14 7 13 10 13 10 11 11 14 11 14 6 14 7 18 10 17 4 2 11 11 14 11 13 15 14 13 7 14 11 9 15 15 15 14 15 14 12 5 12 8 11 5 15 10 16 7 15 14 17 14 18 12 9 4 10 7 14 8 14 12 17 7 11 4 16 10 15 7 10 4 4 0 0 0 0 0 0 0 0 0 ]
CSI_DATA,AP,68:FE:71:12:53:8C,-50,11,1,1,1,1,1,0,0,0,0,-94,0,6,1,13822195,0,84,0,0,13.822,384,[84 -64 4 0 0 0 0 0 0 0 0 0 -14 -19 -12 -13 -10 -20 -15 -21 -15 -18 -9 -19 -11 -16 -6 -23 -6 -20 -9 -19 -13 -19 -14 -20 -6 -22 -6 -22 -11 -19 -11 -24 -8 -21 -7 -20 -7 -19 -5 -20 -3 -19 -9 -15 -7 -19 -6 -21 -9 -21 -10 -18 -3 3 -12 -13 -6 -18 -7 -20 -7 -14 -12 -20 -12 -18 -14 -19 -14 -19 -8 -11 -8 -13 -16 -13 -6 -12 -11 -18 -10 -17 -14 -16 -11 -13 -16 -15 -15 -12 -9 -15 -18 -15 -16 -17 -11 -9 -14 -9 -15 -9 -16 -8 -15 -14 0 3 0 0 0 0 0 0 0 0 ]
CSI_DATA,AP,68:FE:71:12:53:8C,-40,11,1,5,1,1,1,1,0,0,0,-95,2,6,1,13933768,0,84,0,0,13.934,384,[84 -64 4 0 0 0 0 0 0 0 0 0 -12 -15 -7 -19 -10 -18 -12 -22 -8 -21 -10 -20 -9 -17 -8 -21 -3 -22 -5 -17 -8 -21 -5 -19 -4 -15 -9 -15 -10 -16 -4 -20 -8 -17 -9 -11 -7 -13 -9 -15 -7 -17 -2 -13 -4 -16 -6 -14 -2 -19 -3 -15 2 0 -2 -19 -5 -16 -9 -15 -8 -12 -8 -14 -9 -11 -6 -11 -10 -14 -10 -17 -9 -8 -9 -10 -8 -10 -5 -12 -7 -14 -8 -13 -13 -12 -8 -11 -7 -11 -11 -12 -8 -13 -14 -10 -11 -9 -11 -11 -13 -9 -14 -12 -11 -9 3 -1 0 0 0 0 0 0 0 0 ]
CSI_DATA,AP,68:FE:71:12:53:8C,-43,11,0,0,0,0,0,0,0,0,0,-94,0,6,1,14051523,0,37,0,0,14.052,128,[84 -64 4 0 0 0 0 0 0 0 0 0 21 10 16 4 17 4 17 6 13 9 11 6 19 11 15 13 16 9 17 11 15 13 16 13 17 12 11 9 11 14 13 9 15 10 10 13 11 14 13 6 10 12 13 8 8 12 12 14 15 7 16 8 4 1 11 11 13 8 16 5 13 6 14 10 14 5 16 12 17 5 16 6 15 10 15 8 16 5 17 8 10 8 9 9 10 4 15 7 10 4 16 1 17 1 11 5 16 1 16 1 16 6 12 2 16 6 -4 4 0 0 0 0 0 0 0 0 ]
CSI_DATA,AP,68:FE:71:12:53:8C,-43,11,1,4,1,1,1,0,0,0,0,-94,0,6,1,14176050,0,84,0,0,14.176,384,[84 -64 4 0 0 0 0 0 0 0 0 0 17 -17 17 -19 15 -23 20 -22 20 -22 19 -17 15 -13 13 -17 20 -14 16 -14 22 -18 15 -12 17 -15 17 -11 20 -14 14 -17 18 -9 15 -12 18 -14 12 -8 14 -15 16 -12 12 -10 16 -12 16 -11 16 -16 -4 -3 9 -7 18 -15 17 -10 11 -16 9 -8 11 -16 12 -11 7 -10 9 -11 12 -13 9 -12 10 -11 9 -18 8 -12 12 -16 12 -14 6 -13 6 -19 5 -17 11 -17 10 -13 7 -11 7 -19 4 -16 12 -17 5 -12 -4 -3 0 0 0 0 0 0 0 0 ]
CSI_DATA,AP,68:FE:71:12:53:8C,-42,11,1,6,1,1,1,0,0,0,0,-95,0,6,1,14309958,0,84,0,0,14.31,384,[84 -64 4 0 0 0 0 0 0 0 0 0 -21 4 -13 5 -18 -2 -17 -3 -23 -1 -17 -4 -22 2 -13 2 -14 -5 -16 -1 -16 1 -17 -6 -20 -4 -20 -3 -20 -7 -17 -8 -13 -3 -15 0 -18 0 -14 -1 -19 -2 -12 0 -18 -2 -14 -6 -15 0 -14 -3 -1 -1 -17 -1 -16 2 -14 -6 -15 -4 -13 -1 -19 -5 -15 -2 -19 2 -16 -5 -18 -2 -16 3 -15 -3 -16 0 -16 -2 -14 2 -19 3 -12 6 -14 1 -15 3 -17 2 -14 2 -17 2 -17 -1 -14 1 -13 0 -14 4 -3 3 0 0 0 0 0 0 0 0 ]
CSI_DATA,AP,68:FE:71:12:53:8C,-45,11,1,3,1,1,1,0,0,0,0,-93,0,6,1,14455222,0,84,0,0,14.455,384,[84 -64 4 0 0 0 0 0 0 0 0 0 34 -3 35 4 32 1 36 2 38 2 31 5 34 7 31 10 29 6 33 8 28 11 33 8 28 5 31 7 29 11 28 10 31 12 28 10 23 9 30 9 28 10 30 12 21 8 32 7 28 5 30 9 -1 -4 27 9 30 3 25 2 26 4 24 3 31 3 27 8 26 -1 28 5 29 5 30 0 29 2 23 -3 28 -2 31 -1 28 2 32 0 25 -5 24 2 29 -8 28 -7 24 -3 29 -2 24 -8 28 -3 31 -7 -1 -4 0 0 0 0 0 0 0 0 ]
CSI_DATA,AP,68:FE:71:12:53:8C,-43,11,1,5,1,1,1,0,0,0,0,-95,0,6,1,14582645,0,84,0,0,14.583,384,[84 -64 4 0 0 0 0 0 0 0 0 0 4 -9 2 -13 0 -9 5 -7 3 -5 5 -9 0 -10 2 -6 2 -5 -2 -8 3 -8 3 -7 4 -7 5 -9 4 -8 2 -8 5 -7 -1 -11 2 -8 2 -7 4 -7 -1 -11 6 -8 3 -9 3 -12 -1 -3 2 -2 5 -9 1 -10 4 -12 -1 -11 -1 -8 6 -5 2 -7 2 -5 5 -7 2 -7 0 -8 -3 -11 0 -12 1 -5 -2 -7 -3 -4 -3 -6 3 -10 -4 -5 0 -7 -4 -8 -3 -8 -4 -5 3 -5 2 -12 4 -8 0 -2 0 0 0 0 0 0 0 0 ]
CSI_DATA,AP,68:FE:71:12:53:8C,-46,11,1,4,1,1,1,0,0,0,0,-93,0,6,1,14699812,0,84,0,0,14.7,384,[84 -64 4 0 0 0 0 0 0 0 0 0 11 -17 4 -17 8 -25 13 -19 13 -18 8 -17 10 -21 8 -19 15 -22 10 -17 16 -20 9 -16 13 -15 16 -19 9 -18 16 -20 13 -14 13 -14 14 -10 12 -15 16 -16 13 -14 9 -10 15 -12 14 -16 7 -12 0 4 8 -14 11 -12 7 -16 6 -14 7 -14 5 -12 8 -10 8 -10 8 -14 4 -16 9 -16 8 -13 7 -10 9 -17 2 -18 6 -13 4 -20 8 -17 9 -18 6 -16 6 -14 7 -13 0 -16 3 -15 2 -19 7 -19 3 -2 0 0 0 0 0 0 0 0 ]
CSI_DATA,AP,68:FE:71:12:53:8C,-46,11,1,3,1,1,1,0,0,0,0,-94,0,6,1,14815598,0,84,0,0,14.816,384,[84 -64 4 0 0 0 0 0 0 0 0 0 -9 15 -12 13 -11 16 -16 14 -13 14 -14 9 -11 10 -11 8 -14 13 -9 13 -15 7 -8 14 -12 11 -13 7 -14 12 -14 7 -14 4 -13 6 -12 7 -9 3 -9 3 -14 4 -12 8 -7 11 -10 7 -8 9 -3 -2 -4 7 -4 8 -9 10 -3 7 -6 6 -9 10 -6 6 -2 10 -10 6 -7 13 -4 13 -7 7 0 9 0 5 0 13 -5 11 0 12 -4 8 0 11 -6 7 -1 11 -6 11 -1 16 1 10 -4 10 -6 10 3 4 0 0 0 0 0 0 0 0 ]
CSI_DATA,AP,68:FE:71:12:53:8C,-45,11,1,3,1,1,1,0,0,0,0,-94,0,6,1,14963420,0,84,0,0,14.963,384,[84 -64 4 0 0 0 0 0 0 0 0 0 -17 -20 -10 -11 -17 -13 -16 -21 -8 -19 -9 -17 -7 -16 -7 -16 -5 -13 -5 -19 -12 -19 -10 -13 -3 -12 -6 -19 -8 -13 -4 -18 -5 -17 -8 -15 -5 -9 -4 -13 -9 -16 -8 -13 -7 -8 -3 -11 -9 -6 -10 -9 -4 0 -10 -5 -9 -10 -6 -12 -4 -7 -6 -6 -7 -3 -7 -6 -3 -9 -10 -5 -12 -4 -5 -2 -6 -8 -13 0 -7 -7 -10 0 -13 -3 -9 -1 -6 -1 -6 -7 -12 0 -9 2 -9 2 -11 -1 -9 -2 -8 3 -14 0 3 -1 0 0 0 0 0 0 0 0 ]
CSI_DATA,AP,68:FE:71:12:53:8C,-47,11,1,5,1,1,1,0,0,0,0,-94,0,6,1,15060488,0,84,0,0,15.06,384,[84 -64 4 0 0 0 0 0 0 0 0 0 19 -11 21 -10 25 -11 24 -13 19 -9 21 -3 24 -2 20 -8 18 -2 20 -4 20 -3 21 -3 20 -4 16 -5 15 -2 17 -1 13 0 11 0 17 2 14 0 14 0 16 0 13 -6 12 -3 15 -6 12 1 0 0 15 0 17 -4 6 -9 6 -2 18 -8 14 -8 5 -8 12 -2 4 -2 9 -7 10 -10 10 -11 5 -7 4 -4 8 -7 3 -10 5 -5 1 -4 4 -7 8 -9 4 -10 6 -13 0 -8 5 -12 7 -9 3 -8 -2 -4 0 0 0 0 0 0 0 0 ]
CSI_DATA,AP,68:FE:71:12:53:8C,-48,11,1,3,1,1,1,0,0,0,0,-95,0,6,1,15165061,0,84,0,0,15.165,384,[84 -64 4 0 0 0 0 0 0 0 0 0 10 19 12 19 13 23 8 21 8 19 4 19 3 25 3 18 4 17 4 15 3 23 8 18 -1 21 3 20 6 21 1 22 1 19 -1 17 1 12 3 17 0 20 1 20 2 13 3 17 5 12 7 17 -3 1 1 18 7 12 8 12 6 14 3 14 7 18 9 13 9 14 3 13 8 17 6 15 3 9 8 17 4 11 10 13 6 10 9 18 8 15 5 10 8 9 7 16 7 12 9 16 10 9 5 14 4 15 3 -3 0 0 0 0 0 0 0 0 ]
CSI_DATA,AP,68:FE:71:12:53:8C,-44,11,1,4,1,1,1,0,0,0,0,-95,0,6,1,15267257,0,84,0,0,15.267,384,[84 -64 4 0 0 0 0 0 0 0 0 0 21 -1 22 -4 22 -2 17 -5 16 0 21 1 21 -2 19 2 22 -2 20 4 18 3 23 0 21 3 21 3 21 1 19 3 23 -1 20 5 22 7 20 7 19 0 24 3 17 5 17 8 24 5 19 5 0 1 23 1 18 3 20 2 17 5 21 1 17 3 17 3 16 -3 23 -3 22 -2 23 2 17 0 18 -3 16 1 19 -3 19 -1 18 3 20 1 23 2 16 1 17 2 21 -1 20 -2 25 -3 17 -1 16 -4 4 1 0 0 0 0 0 0 0 0 ]
CSI_DATA,AP,68:FE:71:12:53:8C,-47,11,1,5,1,1,1,1,0,0,0,-96,2,6,1,15372436,0,84,0,0,15.372,384,[84 -64 4 0 0 0 0 0 0 0 0 0 5 -16 5 -22 3 -19 7 -24 9 -22 10 -15 8 -13 8 -19 3 -20 11 -20 7 -20 7 -13 7 -18 5 -20 6 -13 6 -15 12 -15 5 -11 5 -14 11 -14 11 -10 10 -15 9 -13 13 -14 12 -12 6 -10 4 4 12 -14 5 -15 3 -16 3 -10 4 -10 4 -11 7 -12 2 -14 4 -10 3 -11 8 -11 1 -15 8 -18 3 -10 6 -15 2 -12 7 -16 6 -12 5 -14 -3 -14 4 -13 2 -15 -1 -15 1 -20 1 -18 0 -16 3 3 0 0 0 0 0 0 0 0 ]
CSI_DATA,AP,68:FE:71:12:53:8C,-48,11,1,4,1,1,1,0,0,0,0,-94,0,6,1,15513429,0,84,0,0,15.513,384,[84 -64 4 0 0 0 0 0 0 0 0 0 -12 13 -16 17 -18 15 -20 13 -16 18 -17 15 -21 14 -16 9 -17 14 -21 15 -17 12 -20 10 -22 12 -17 8 -20 5 -21 10 -18 14 -17 10 -19 12 -22 5 -19 6 -25 10 -20 7 -23 9 -25 8 -21 8 0 3 -19 5 -24 12 -20 10 -20 15 -21 6 -15 9 -20 9 -16 12 -13 13 -19 14 -17 17 -19 14 -18 14 -13 15 -14 10 -13 17 -16 17 -16 13 -12 15 -15 15 -15 16 -18 16 -13 15 -16 16 -13 16 -17 13 -3 1 0 0 0 0 0 0 0 0 ]
CSI_DATA,AP,68:FE:71:12:53:8C,-45,11,1,3,1,1,1,0,0,0,0,-95,0,6,1,15632450,0,84,0,0,15.632,384,[84 -64 4 0 0 0 0 0 0 0 0 0 12 16 9 12 5 9 9 14 9 19 7 19 6 14 2 11 4 16 7 12 5 14 4 22 2 18 8 19 4 17 8 16 1 22 1 19 6 17 3 22 -1 15 5 18 2 12 6 15 0 16 0 17 -1 -1 4 16 3 16 1 21 4 18 2 17 6 21 8 15 2 19 7 14 7 17 7 18 4 18 3 16 9 15 5 18 12 14 9 16 9 14 3 16 6 15 5 13 8 15 11 14 13 20 3 14 12 14 -4 4 0 0 0 0 0 0 0 0 ]
CSI_DATA,AP,68:FE:71:12:53:8C,-46,11,1,3,1,1,1,0,0,0,0,-94,0,6,1,15751649,0,84,0,0,15.752,384,[84 -64 4 0 0 0 0 0 0 0 0 0 -6 -17 -3 -25 -2 -18 -1 -24 1 -18 1 -23 0 -23 4 -20 -2 -19 -2 -23 1 -18 -1 -25 0 -25 -4 -23 1 -24 2 -21 5 -23 4 -21 4 -16 5 -17 4 -18 3 -18 2 -16 -3 -21 3 -21 0 -17 -1 1 0 -13 4 -16 2 -18 0 -20 3 -17 -1 -20 3 -17 -6 -11 -4 -14 -5 -16 -4 -21 -1 -16 -5 -17 -6 -13 -3 -17 -7 -21 -3 -20 -9 -12 -3 -15 -6 -16 -6 -12 -5 -11 -7 -17 -10 -12 -2 -17 -10 -19 -4 3 0 0 0 0 0 0 0 0 ]
CSI_DATA,AP,68:FE:71:12:53:8C,-45,11,1,4,1,1,1,0,0,0,0,-96,0,6,1,15854257,0,84,0,0,15.854,384,[82 -96 4 0 0 0 0 0 0 0 0 0 -19 7 -15 4 -22 2 -23 1 -19 3 -19 1 -20 6 -18 2 -17 0 -17 7 -18 6 -17 -2 -17 3 -20 2 -19 4 -22 -3 -21 0 -21 3 -15 -1 -19 2 -20 -2 -20 -4 -20 2 -16 2 -13 4 -18 0 -4 2 -19 -2 -21 0 -18 0 -20 5 -12 0 -11 -1 -19 -2 -13 0 -17 5 -17 4 -16 1 -14 4 -12 7 -13 7 -19 9 -11 5 -17 3 -19 5 -18 9 -12 5 -17 2 -14 10 -19 6 -11 7 -12 9 -11 9 -2 -1 0 0 0 0 0 0 0 0 ]
CSI_DATA,AP,68:FE:71:12:53:8C,-44,11,1,5,1,1,1,0,0,0,0,-95,0,6,1,15956102,0,84,0,0,15.956,384,[84 -64 4 0 0 0 0 0 0 0 0 0 -3 15 -5 15 -9 13 -12 18 -8 12 -10 18 -10 17 -8 17 -9 9 -7 9 -15 12 -8 14 -14 16 -13 11 -13 14 -12 11 -15 12 -7 9 -14 15 -12 10 -9 11 -12 14 -7 8 -6 12 -8 15 -11 12 -4 3 -8 9 -7 15 -11 15 -13 12 -11 12 -6 12 -8 9 -7 7 -5 13 -5 8 -5 14 -3 14 -10 15 -2 13 -8 13 -10 8 -9 12 -8 15 -10 15 -5 17 -4 10 -10 12 -4 8 -7 15 -7 12 -6 10 -4 -4 0 0 0 0 0 0 0 0 ]
CSI_DATA,AP,68:FE:71:12:53:8C,-43,11,1,6,1,1,1,0,0,0,0,-94,0,6,1,16076109,0,84,0,0,16.076,384,[84 -64 4 0 0 0 0 0 0 0 0 0 -17 -25 -18 -23 -11 -22 -11 -23 -13 -23 -8 -29 -10 -29 -13 -25 -5 -23 -13 -27 -7 -25 -8 -27 -10 -29 -7 -30 -7 -22 -5 -25 -2 -24 -9 -21 -8 -28 -3 -22 -5 -21 -10 -25 -10 -20 -7 -25 -5 -24 -6 -24 -3 -2 -9 -25 -10 -25 -11 -27 -8 -19 -6 -22 -5 -23 -6 -18 -11 -24 -9 -24 -9 -18 -12 -21 -9 -20 -11 -16 -10 -22 -14 -20 -16 -22 -8 -21 -12 -23 -11 -24 -11 -19 -11 -23 -10 -16 -13 -21 -12 -16 -16 -16 -18 -16 0 -1 0 0 0 0 0 0 0 0 ]
CSI_DATA,AP,68:FE:71:12:53:8C,-45,11,1,5,1,1,1,1,0,0,0,-94,6,6,1,16162451,0,84,0,0,16.162,384,[84 -64 4 0 0 0 0 0 0 0 0 0 -4 -15 -2 -23 -8 -23 -5 -22 -7 -16 0 -16 -3 -21 -1 -18 3 -17 -3 -15 0 -14 4 -21 4 -18 2 -18 -1 -22 2 -14 0 -17 -1 -18 0 -16 1 -18 2 -15 1 -14 3 -14 0 -12 3 -14 0 -17 2 4 1 -17 4 -15 3 -13 -4 -17 2 -12 0 -19 2 -13 0 -14 -5 -11 0 -16 -1 -15 0 -17 -5 -13 -1 -14 -7 -18 -4 -16 -6 -18 -6 -15 0 -16 -4 -14 -2 -12 -7 -16 -2 -12 -2 -12 -8 -16 -8 -13 -3 4 0 0 0 0 0 0 0 0 ]
CSI_DATA,AP,68:FE:71:12:53:8C,-48,11,1,5,1,1,1,0,0,0,0,-95,0,6,1,16292239,0,84,0,0,16.292,384,[84 -64 4 0 0 0 0 0 0 0 0 0 -7 20 -3 20 -9 18 -9 23 -5 20 -8 19 -4 14 -8 19 -9 18 -10 18 -12 17 -7 21 -12 16 -7 17 -11 15 -8 17 -12 18 -6 12 -11 15 -6 17 -11 14 -8 17 -6 13 -12 11 -5 11 -9 16 -4 0 -8 13 -10 17 -6 19 -8 17 -2 13 -2 13 -8 13 -8 15 -2 15 -3 12 -2 16 -6 15 -5 12 -5 11 -7 16 -6 14 -5 19 -4 17 -1 14 2 13 -4 16 -4 18 0 19 -4 16 3 14 -3 13 3 -4 0 0 0 0 0 0 0 0 ]
CSI_DATA,AP,68:FE:71:12:53:8C,-43,11,1,4,1,1,1,0,0,0,0,-95,0,6,1,16387966,0,84,0,0,16.388,384,[84 -64 4 0 0 0 0 0 0 0 0 0 -21 -4 -19 -1 -15 0 -20 -2 -14 -4 -17 -3 -19 -6 -17 -10 -20 -8 -15 -6 -21 -4 -19 -2 -16 -4 -15 -9 -13 -6 -19 -4 -19 -3 -11 -5 -12 -8 -12 -8 -15 -10 -17 -5 -15 -2 -12 -2 -18 -5 -13 -6 -4 4 -18 -5 -17 -8 -18 -6 -11 -4 -15 0 -15 -6 -15 -5 -14 0 -11 -2 -10 -4 -11 0 -12 -2 -12 0 -16 -3 -10 0 -14 0 -11 -1 -13 0 -12 0 -14 0 -15 -1 -14 3 -12 -2 -15 3 -14 -3 -12 3 -4 4 0 0 0 0 0 0 0 0 ]
CSI_DATA,AP,68:FE:71:12:53:8C,-46,11,1,5,1,1,1,1,0,0,0,-94,6,6,1,16511288,0,84,0,0,16.511,384,[84 -64 4 0 0 0 0 0 0 0 0 0 9 -18 12 -18 11 -15 11 -12 14 -16 19 -13 13 -10 19 -9 18 -8 12 -10 17 -9 18 -8 13 -12 17 -12 20 -13 18 -10 12 -7 14 -12 19 -7 12 -4 12 -7 15 -9 14 -6 19 -10 12 -6 17 -8 -2 -2 14 -7 16 -12 13 -7 11 -13 15 -13 9 -8 17 -9 13 -6 8 -8 9 -9 14 -12 15 -6 12 -13 15 -7 8 -9 15 -11 11 -15 14 -14 14 -13 13 -14 14 -8 13 -15 6 -16 6 -10 12 -15 8 -9 -4 2 0 0 0 0 0 0 0 0 ]
CSI_DATA,AP,68:FE:71:12:53:8C,-46,11,1,3,1,1,1,1,0,0,0,-94,5,6,1,16634508,0,84,0,0,16.635,384,[84 -64 4 0 0 0 0 0 0 0 0 0 4 20 11 15 3 22 10 20 3 17 8 17 3 19 8 17 4 21 7 18 0 20 2 24 3 19 0 22 3 15 1 21 4 16 -3 18 5 19 4 18 -1 17 -1 18 -2 20 -3 16 2 13 1 20 2 0 2 16 2 15 7 16 1 15 6 13 5 13 4 14 8 17 2 11 3 19 0 16 8 16 3 14 7 12 4 16 9 18 9 11 4 17 5 11 9 14 11 18 6 17 8 10 8 17 4 17 8 10 0 3 0 0 0 0 0 0 0 0 ]
CSI_DATA,AP,68:FE:71:12:53:8C,-43,11,1,5,1,1,1,0,0,0,0,-94,0,6,1,16733026,0,84,0,0,16.733,384,[84 -64 4 0 0 0 0 0 0 0 0 0 -9 -23 -8 -19 -6 -20 -1 -18 -5 -20 0 -15 1 -20 0 -19 -2 -15 -3 -17 4 -22 -4 -22 -2 -23 0 -22 2 -19 5 -20 0 -14 3 -21 -1 -14 1 -16 4 -20 5 -15 0 -18 -3 -14 3 -13 4 -16 -4 3 -3 -13 4 -15 3 -12 0 -11 -5 -19 -3 -15 2 -18 1 -13 -2 -12 -3 -10 -5 -19 -4 -17 0 -17 -2 -16 -5 -12 -2 -16 -6 -17 0 -14 -1 -18 -2 -12 -2 -12 -4 -19 -7 -18 -6 -19 -7 -12 -11 -17 -2 -1 0 0 0 0 0 0 0 0 ]
CSI_DATA,AP,68:FE:71:12:53:8C,-44,11,1,5,1,1,1,1,0,0,0,-95,5,6,1,16858223,0,84,0,0,16.858,384,[84 -64 4 0 0 0 0 0 0 0 0 0 -20 2 -22 7 -16 4 -21 4 -24 -1 -17 5 -17 3 -18 1 -19 -1 -20 -2 -16 0 -16 4 -24 -2 -24 1 -17 -4 -23 -4 -17 -4 -19 2 -20 -5 -16 -3 -16 2 -21 -2 -13 -2 -17 -5 -15 2 -20 -4 1 -3 -13 -2 -20 0 -12 2 -16 -1 -20 5 -17 1 -12 -1 -20 -1 -18 5 -18 0 -17 2 -11 7 -18 1 -14 3 -13 2 -17 3 -13 4 -12 1 -13 7 -13 1 -17 3 -14 7 -14 2 -16 2 -19 8 -18 10 -2 -1 0 0 0 0 0 0 0 0 ]
CSI_DATA,AP,68:FE:71:12:53:8C,-49,11,1,1,1,1,1,0,0,0,0,-94,0,6,1,16982531,0,84,0,0,16.983,384,[84 -64 4 0 0 0 0 0 0 0 0 0 -14 13 -10 18 -15 16 -16 10 -17 14 -11 12 -18 7 -18 9 -17 13 -15 7 -14 6 -15 11 -19 5 -16 10 -20 9 -19 6 -16 10 -18 10 -18 9 -20 9 -17 7 -17 8 -15 9 -14 3 -14 6 -12 10 2 1 -13 8 -14 13 -13 6 -13 12 -13 7 -14 12 -16 10 -11 9 -13 7 -12 7 -15 12 -15 12 -13 9 -9 6 -10 8 -14 7 -10 9 -10 13 -13 11 -10 9 -11 9 -11 8 -6 9 -6 10 -7 10 -12 15 4 -2 0 0 0 0 0 0 0 0 ]
CSI_DATA,AP,68:FE:71:12:53:8C,-46,11,1,4,1,1,1,0,0,0,0,-95,0,6,1,17110847,0,84,0,0,17.111,384,[84 -64 4 0 0 0 0 0 0 0 0 0 9 -19 6 -19 10 -17 5 -16 6 -20 9 -16 11 -14 5 -18 5 -14 8 -18 6 -21 13 -15 10 -20 7 -21 13 -15 12 -15 7 -14 8 -19 9 -14 9 -14 13 -17 6 -13 7 -12 9 -12 8 -14 9 -16 3 0 7 -13 10 -16 6 -14 7 -17 6 -10 8 -11 7 -14 3 -14 8 -14 6 -11 1 -13 4 -16 2 -13 1 -13 1 -11 7 -14 4 -12 3 -19 1 -16 6 -16 1 -14 4 -14 4 -15 3 -12 2 -14 -1 -12 2 -2 0 0 0 0 0 0 0 0 ]
CSI_DATA,AP,68:FE:71:12:53:8C,-41,11,1,5,1,1,1,0,0,0,0,-95,0,6,1,17241109,0,84,0,0,17.241,384,[84 -64 4 0 0 0 0 0 0 0 0 0 -19 -7 -15 -3 -20 -10 -17 -7 -14 -10 -21 -5 -22 -11 -14 -10 -14 -8 -20 -8 -17 -7 -16 -7 -16 -8 -18 -8 -18 -7 -14 -13 -19 -14 -18 -14 -18 -10 -14 -11 -16 -11 -11 -9 -16 -14 -14 -8 -11 -14 -9 -11 3 -3 -16 -12 -13 -9 -16 -7 -16 -12 -14 -6 -18 -12 -12 -8 -11 -12 -14 -9 -10 -10 -18 -10 -13 -6 -13 -8 -17 -2 -18 -5 -17 -6 -14 -8 -17 -8 -16 -1 -14 -2 -20 -2 -15 -1 -17 -4 -15 -1 -15 -1 -16 -7 -1 1 0 0 0 0 0 0 0 0 ]
CSI_DATA,AP,68:FE:71:12:53:8C,-44,11,1,5,1,1,1,0,0,0,0,-93,0,6,1,17366787,0,84,0,0,17.367,384,[84 -64 4 0 0 0 0 0 0 0 0 0 1 19 0 18 2 14 0 14 0 16 3 17 1 21 0 15 -1 19 4 15 3 16 -2 13 -4 13 4 18 0 20 -3 15 -3 20 -1 19 1 13 -4 18 -2 13 -4 19 -5 14 -2 19 -3 17 -4 15 3 -2 0 13 0 13 1 10 3 12 1 14 5 17 5 11 -1 9 0 11 6 9 7 10 0 14 7 13 6 14 7 9 6 12 2 11 7 11 5 15 1 9 0 10 5 14 8 14 7 10 10 8 5 10 -2 -2 0 0 0 0 0 0 0 0 ]
CSI_DATA,AP,68:FE:71:12:53:8C,-48,11,1,5,1,1,1,0,0,0,0,-93,0,6,1,17495980,0,84,0,0,17.496,384,[84 -64 4 0 0 0 0 0 0 0 0 0 2 14 -4 19 -5 16 1 20 -3 17 -1 20 -6 14 -7 21 -1 20 -1 17 -3 21 -1 14 -8 18 -6 15 -9 13 -7 11 -6 17 -6 17 -7 16 -5 16 -5 11 -10 12 -3 12 -7 16 -7 14 -5 14 3 4 0 16 -7 15 -2 16 -6 9 -5 16 0 12 -3 16 1 17 1 18 -5 15 -3 10 -4 17 -4 15 -4 17 0 12 -1 12 -5 9 3 16 0 11 -2 12 0 11 3 15 -1 13 -1 18 0 10 0 10 -3 -2 0 0 0 0 0 0 0 0 ]
CSI_DATA,AP,68:FE:71:12:53:8C,-45,11,1,4,1,1,1,0,0,0,0,-93,0,6,1,17612017,0,84,0,0,17.612,384,[84 -64 4 0 0 0 0 0 0 0 0 0 -6 19 -2 22 -7 19 -5 16 -10 24 -9 16 -11 17 -13 14 -12 18 -13 15 -14 20 -11 14 -11 14 -14 16 -15 11 -12 12 -10 16 -7 15 -14 12 -13 18 -15 17 -13 11 -15 11 -10 13 -10 16 -7 9 0 -4 -9 17 -9 12 -10 10 -10 13 -11 11 -12 11 -8 14 -10 15 -11 12 -10 10 -10 13 -8 17 -3 12 -5 14 -7 16 -7 13 -8 18 -4 13 -9 11 -7 16 -10 11 -7 15 -4 14 0 13 -9 12 0 14 3 -3 0 0 0 0 0 0 0 0 ]
CSI_DATA,AP,68:FE:71:12:53:8C,-43,11,1,5,1,1,1,1,0,0,0,-94,4,6,1,17735056,0,84,0,0,17.735,384,[84 -64 4 0 0 0 0 0 0 0 0 0 -36 15 -33 8 -38 10 -41 12 -33 4 -37 7 -40 5 -38 5 -41 -1 -39 0 -34 5 -33 -1 -37 5 -41 -2 -32 0 -32 -1 -34 -4 -30 -5 -32 0 -34 4 -35 -5 -32 -3 -32 2 -36 3 -37 3 -30 -2 3 -4 -31 1 -33 7 -31 3 -26 3 -33 4 -32 1 -35 2 -31 7 -32 2 -27 5 -28 5 -25 4 -31 11 -26 9 -32 7 -29 13 -32 10 -32 10 -25 10 -30 11 -27 13 -29 10 -26 10 -32 18 -24 13 -29 17 3 -2 0 0 0 0 0 0 0 0 ]
CSI_DATA,AP,68:FE:71:12:53:8C,-45,11,1,3,1,1,1,0,0,0,0,-95,0,6,1,17840182,0,84,0,0,17.84,384,[84 -64 4 0 0 0 0 0 0 0 0 0 22 8 17 3 15 3 22 3 20 7 15 11 17 7 13 5 19 6 15 5 14 8 20 9 13 13 12 11 17 12 17 14 13 9 12 10 18 5 16 9 14 13 16 8 17 9 13 11 11 13 16 8 2 2 12 8 13 9 16 6 18 11 17 7 15 4 13 8 13 6 13 4 11 1 11 9 11 8 18 2 16 4 14 2 17 9 10 3 11 5 13 7 14 2 15 3 16 2 16 4 18 1 12 5 13 -1 4 0 0 0 0 0 0 0 0 0 ]
CSI_DATA,AP,68:FE:71:12:53:8C,-47,11,1,3,1,1,1,0,0,0,0,-96,0,6,1,17952914,0,84,0,0,17.953,384,[84 -64 4 0 0 0 0 0 0 0 0 0 -1 -22 -2 -22 0 -21 5 -20 8 -19 4 -17 8 -22 4 -21 4 -16 4 -20 3 -17 8 -20 8 -16 7 -21 12 -17 4 -19 8 -16 6 -12 12 -20 11 -15 6 -15 6 -20 11 -16 10 -20 8 -16 11 -12 -2 -3 5 -13 9 -13 3 -14 1 -12 7 -18 6 -18 5 -17 0 -20 0 -15 4 -15 2 -15 6 -19 4 -15 3 -16 7 -13 2 -16 1 -18 1 -17 6 -16 0 -18 1 -13 0 -15 -2 -18 2 -18 -2 -17 5 -18 -2 -4 0 0 0 0 0 0 0 0 ]
CSI_DATA,AP,68:FE:71:12:53:8C,-47,11,1,3,1,1,1,0,0,0,0,-96,0,6,1,18075391,0,84,0,0,18.075,384,[84 -64 4 0 0 0 0 0 0 0 0 0 -21 -9 -21 -14 -17 -17 -19 -17 -19 -15 -11 -11 -15 -12 -13 -18 -17 -19 -10 -15 -13 -20 -17 -14 -17 -20 -9 -17 -9 -16 -10 -18 -15 -13 -14 -11 -12 -16 -10 -17 -16 -18 -11 -11 -15 -16 -16 -12 -16 -11 -9 -10 0 4 -10 -16 -14 -17 -14 -9 -12 -12 -11 -12 -16 -9 -12 -14 -14 -12 -11 -12 -14 -7 -18 -12 -16 -11 -15 -7 -11 -9 -12 -14 -18 -10 -15 -10 -13 -7 -14 -6 -16 -6 -12 -9 -11 -12 -12 -7 -21 -5 -17 -10 -20 -10 3 0 0 0 0 0 0 0 0 0 ]
CSI_DATA,AP,68:FE:71:12:53:8C,-48,11,1,3,1,1,1,0,0,0,0,-94,0,6,1,18198416,0,84,0,0,18.198,384,[84 -64 4 0 0 0 0 0 0 0 0 0 23 -15 22 -11 24 -14 23 -10 22 -9 23 -9 19 -7 21 -7 18 -10 17 -8 18 -10 17 -7 19 -8 24 -1 24 -7 17 -3 23 -3 15 -3 19 -1 19 -5 21 -4 17 -7 21 -3 16 -5 18 -8 22 -7 1 4 17 -7 19 -8 17 -3 20 -11 14 -9 13 -10 15 -5 14 -10 19 -9 18 -4 19 -9 18 -8 17 -13 18 -5 14 -6 13 -7 19 -13 18 -15 11 -13 17 -8 15 -14 12 -12 15 -9 16 -13 13 -9 11 -16 3 -1 0 0 0 0 0 0 0 0 ]
CSI_DATA,AP,68:FE:71:12:53:8C,-45,11,0,0,0,0,0,0,0,0,0,-93,0,6,1,18285104,0,37,0,0,18.285,128,[84 -64 4 0 0 0 0 0 0 0 0 0 -19 -12 -23 -11 -19 -9 -26 -9 -20 -7 -21 -11 -18 -12 -16 -12 -14 -10 -21 -14 -13 -11 -21 -14 -18 -16 -13 -10 -13 -10 -20 -17 -17 -10 -12 -13 -18 -12 -12 -9 -15 -15 -18 -15 -17 -17 -17 -13 -17 -12 -16 -14 4 1 -13 -9 -15 -12 -12 -9 -11 -14 -9 -13 -18 -9 -18 -8 -12 -13 -13 -11 -13 -13 -19 -6 -15 -8 -13 -13 -15 -12 -17 -7 -18 -7 -13 -9 -18 -8 -20 -6 -13 -10 -20 -7 -18 -7 -19 -7 -21 -3 -19 -9 -20 -6 -1 -4 0 0 0 0 0 0 0 0 ]
CSI_DATA,AP,68:FE:71:12:53:8C,-45,11,1,5,1,1,1,1,0,0,0,-94,2,6,1,18388394,0,84,0,0,18.388,384,[84 -64 4 0 0 0 0 0 0 0 0 0 -6 18 -9 23 -4 24 -3 25 -9 17 -9 19 -6 18 -13 21 -7 17 -13 17 -13 17 -14 15 -12 17 -10 18 -15 15 -9 17 -9 16 -14 11 -8 11 -14 16 -15 11 -9 16 -14 9 -11 17 -8 19 -10 11 -3 4 -12 17 -13 19 -14 19 -6 11 -10 18 -13 13 -8 17 -12 16 -5 19 -11 14 -9 15 -8 14 -8 21 -6 19 -9 16 -10 20 -4 20 -9 15 -3 19 -1 13 -8 15 -7 15 -5 20 0 14 -6 20 -5 16 -3 3 0 0 0 0 0 0 0 0 ]
CSI_DATA,AP,68:FE:71:12:53:8C,-38,11,1,6,1,1,1,0,0,0,0,-95,0,6,1,18511523,0,84,0,0,18.512,384,[84 -64 4 0 0 0 0 0 0 0 0 0 3 19 3 17 6 22 3 18 6 23 1 19 5 19 0 24 2 17 -5 21 1 23 -1 22 -3 21 -1 25 -6 17 0 17 0 20 -3 22 -3 14 -4 21 -2 20 -2 16 2 17 -6 21 -5 15 -6 17 4 -1 3 17 -4 18 -1 19 3 17 2 15 -2 16 2 17 0 19 6 14 1 17 3 16 2 19 1 12 5 13 1 18 9 20 5 16 8 11 2 16 5 18 7 15 10 13 5 19 3 15 10 18 11 11 2 0 0 0 0 0 0 0 0 0 ]
CSI_DATA,AP,68:FE:71:12:53:8C,-46,11,1,4,1,1,1,0,0,0,0,-94,0,6,1,18643351,0,84,0,0,18.643,384,[84 -64 4 0 0 0 0 0 0 0 0 0 -15 -17 -6 -18 -8 -17 -10 -26 -7 -25 -10 -23 -8 -24 -3 -17 -6 -20 -9 -25 -7 -18 -6 -25 -6 -25 -5 -23 -1 -17 -2 -18 -6 -17 -7 -20 -3 -15 -2 -16 -1 -16 -3 -22 -3 -18 -6 -23 0 -22 -6 -17 0 1 1 -22 -8 -17 -1 -21 -8 -17 -7 -18 -5 -18 -1 -19 -1 -18 -5 -21 -6 -19 -7 -13 -9 -18 -10 -19 -7 -15 -7 -17 -5 -12 -11 -15 -13 -18 -7 -13 -11 -17 -11 -13 -6 -17 -11 -16 -13 -15 -11 -12 -9 -14 -3 1 0 0 0 0 0 0 0 0 ]
CSI_DATA,AP,68:FE:71:12:53:8C,-41,11,1,5,1,1,1,0,0,0,0,-94,0,6,1,18752236,0,84,0,0,18.752,384,[84 -64 4 0 0 0 0 0 0 0 0 0 -8 -19 -8 -16 -5 -25 -5 -26 -3 -17 0 -16 -3 -23 -4 -19 -2 -25 -3 -19 2 -24 -5 -25 -5 -23 3 -18 1 -18 1 -22 -1 -22 0 -16 1 -20 2 -17 3 -18 -5 -23 -2 -14 2 -22 -4 -22 3 -17 4 4 -4 -14 2 -14 -1 -19 -6 -20 1 -16 -4 -18 1 -13 -8 -13 -1 -19 -8 -13 -4 -19 -9 -13 -9 -17 -3 -17 -10 -12 -4 -18 -3 -18 -4 -13 -7 -19 -11 -14 -11 -14 -4 -16 -7 -14 -5 -14 -9 -11 -5 -16 1 -1 0 0 0 0 0 0 0 0 ]
CSI_DATA,AP,68:FE:71:12:53:8C,-49,11,1,3,1,1,1,0,0,0,0,-95,0,6,1,18870777,0,84,0,0,18.871,384,[84 -64 4 0 0 0 0 0 0 0 0 0 5 21 10 19 6 21 9 19 5 23 6 20 5 21 3 16 0 15 4 17 1 21 1 21 4 17 5 16 1 19 -3 21 2 21 -3 17 -3 17 4 20 -4 15 1 21 -2 12 -4 15 -1 15 3 17 -4 0 1 18 0 14 5 12 7 12 1 15 2 12 6 16 5 18 5 17 3 11 4 14 5 18 4 10 7 17 9 15 8 18 8 12 4 17 3 14 3 15 9 11 9 11 4 10 10 17 9 10 7 8 0 -3 0 0 0 0 0 0 0 0 ]
CSI_DATA,AP,68:FE:71:12:53:8C,-46,11,1,4,1,1,1,0,0,0,0,-96,0,6,1,18963871,0,84,0,0,18.964,384,[84 -64 4 0 0 0 0 0 0 0 0 0 22 2 19 9 23 3 18 11 19 12 17 11 21 12 16 7 16 13 12 9 20 9 20 13 21 8 12 7 17 14 13 10 11 6 15 8 10 9 13 10 11 14 10 13 9 13 16 13 16 9 15 8 3 1 16 6 15 9 14 7 10 2 17 5 15 4 13 6 11 9 11 7 11 1 15 7 10 4 13 6 14 6 14 8 19 2 18 6 11 1 17 5 18 -1 14 2 17 3 13 4 14 5 12 3 18 -3 -3 0 0 0 0 0 0 0 0 0 ]
CSI_DATA,AP,68:FE:71:12:53:8C,-46,11,0,0,0,0,0,0,0,0,0,-95,0,6,1,19078334,0,37,0,0,19.078,128,[84 -64 4 0 0 0 0 0 0 0 0 0 16 -10 19 -6 21 -11 16 -7 22 -10 14 -8 18 -2 15 -4 22 -5 19 -6 20 -3 17 -7 20 -3 16 -3 16 -5 24 0 18 -1 18 -1 14 -3 16 -1 22 1 15 -4 21 -5 14 -2 15 -2 15 -3 1 4 12 -2 19 -1 13 -9 13 -4 20 -7 21 -1 18 -2 12 -7 11 -8 16 -5 13 -7 12 -11 13 -10 9 -7 12 -10 10 -7 15 -11 10 -9 16 -11 15 -8 18 -6 16 -9 11 -10 14 -12 13 -8 17 -9 0 -2 0 0 0 0 0 0 0 0 ]
CSI_DATA,AP,68:FE:71:12:53:8C,-40,11,1,6,1,1,1,0,0,0,0,-95,0,6,1,19186134,0,84,0,0,19.186,384,[84 -64 4 0 0 0 0 0 0 0 0 0 -20 -5 -21 -12 -18 -7 -25 -9 -19 -6 -21 -11 -14 -15 -19 -13 -17 -16 -16 -12 -20 -17 -17 -9 -17 -10 -15 -9 -12 -11 -14 -14 -20 -14 -13 -15 -13 -15 -19 -8 -15 -10 -19 -12 -16 -13 -15 -12 -13 -15 -12 -9 -4 3 -14 -7 -15 -12 -12 -8 -12 -10 -16 -7 -13 -7 -16 -13 -17 -11 -14 -13 -17 -7 -14 -6 -11 -10 -15 -11 -16 -5 -15 -10 -19 -4 -20 -5 -18 -2 -14 -2 -18 -1 -17 -4 -20 -8 -12 -8 -15 -3 -13 -5 -15 -6 -2 3 0 0 0 0 0 0 0 0 ]
CSI_DATA,AP,68:FE:71:12:53:8C,-43,11,1,5,1,1,1,1,0,0,0,-95,1,6,1,19297546,0,84,0,0,19.298,384,[84 -64 4 0 0 0 0 0 0 0 0 0 -12 -15 -7 -16 -10 -20 -11 -20 -7 -23 -7 -18 -8 -22 -10 -21 -8 -22 -9 -17 -7 -18 -4 -23 -8 -20 -7 -16 -7 -23 -4 -18 -9 -16 -7 -18 -2 -20 -5 -23 -6 -22 -1 -16 -4 -14 -3 -18 -1 -16 -1 -18 0 0 -4 -20 -9 -15 -10 -14 -8 -12 -6 -20 -10 -18 -9 -12 -9 -17 -7 -14 -9 -12 -11 -18 -12 -15 -12 -17 -6 -15 -7 -14 -13 -19 -6 -16 -11 -12 -14 -14 -8 -10 -13 -14 -11 -18 -10 -13 -13 -11 -8 -14 -15 -13 -1 -3 0 0 0 0 0 0 0 0 ]
CSI_DATA,AP,68:FE:71:12:53:8C,-45,11,1,4,1,1,1,0,0,0,0,-94,0,6,1,19403307,0,84,0,0,19.403,384,[84 -64 4 0 0 0 0 0 0 0 0 0 -18 -2 -20 3 -18 -1 -23 -2 -18 2 -22 0 -16 -7 -17 -3 -21 -7 -18 -6 -18 -1 -18 -3 -18 -3 -21 -4 -14 -8 -23 -8 -16 -9 -17 0 -21 -9 -18 -6 -17 -3 -20 -2 -15 -7 -19 -9 -16 -3 -20 -6 3 2 -20 -6 -14 -1 -15 -5 -21 -1 -17 -7 -20 -6 -14 -5 -15 -3 -19 2 -15 -4 -15 1 -19 -2 -16 5 -16 -2 -18 -2 -13 2 -21 -1 -18 4 -13 2 -15 2 -18 4 -14 0 -18 2 -20 1 -15 6 -13 7 4 1 0 0 0 0 0 0 0 0 ]
CSI_DATA,AP,68:FE:71:12:53:8C,-46,11,1,4,1,1,1,1,0,0,1,-96,5,6,1,19507287,0,84,0,0,19.507,384,[84 -64 4 0 0 0 0 0 0 0 0 0 20 -9 20 -7 22 -12 21 -10 21 -7 16 -8 20 -11 20 -8 15 -10 22 -5 21 -10 23 -11 19 -6 18 -10 19 -1 17 -6 18 -8 21 -7 17 -8 15 -3 21 -3 15 -9 20 -3 14 -5 14 -9 16 -4 1 4 18 -3 20 -6 12 -7 18 -9 19 -5 13 -6 16 -3 16 -8 11 -4 10 -11 10 -9 11 -8 9 -12 12 -9 17 -5 13 -10 10 -6 14 -11 10 -7 16 -13 16 -11 16 -12 15 -13 15 -11 16 -9 13 -9 0 -4 0 0 0 0 0 0 0 0 ]
CSI_DATA,AP,68:FE:71:12:53:8C,-47,11,1,3,1,1,1,0,0,0,0,-95,0,6,1,19594014,0,84,0,0,19.594,384,[84 -64 4 0 0 0 0 0 0 0 0 0 17 18 11 17 16 14 11 16 14 17 14 12 13 17 12 13 10 15 8 17 14 16 11 13 14 19 13 14 5 15 12 22 7 14 11 12 9 15 10 18 10 13 11 14 7 11 4 17 5 15 12 15 0 3 11 16 6 13 5 15 11 13 12 14 10 16 12 17 8 10 13 10 14 11 8 13 10 8 15 12 12 8 13 13 16 15 15 9 8 11 9 8 11 12 16 14 8 9 8 7 14 12 10 8 11 9 -1 4 0 0 0 0 0 0 0 0 ]
CSI_DATA,AP,68:FE:71:12:53:8C,-39,11,1,5,1,1,1,0,0,0,0,-94,0,6,1,19701414,0,84,0,0,19.701,384,[84 -64 4 0 0 0 0 0 0 0 0 0 -7 -21 -7 -22 -14 -18 -9 -17 -12 -20 -4 -16 -8 -23 -2 -17 -4 -22 -8 -21 -6 -18 -8 -24 -6 -22 -1 -22 -6 -19 -2 -20 -6 -21 -3 -19 -1 -14 1 -18 -3 -18 -7 -19 -4 -17 -7 -20 -8 -21 -9 -14 1 -2 -8 -18 -5 -17 -4 -16 -10 -17 -3 -13 -8 -18 -6 -15 -6 -13 -5 -20 -12 -14 -11 -16 -10 -16 -10 -14 -9 -16 -11 -12 -12 -17 -11 -20 -11 -12 -11 -12 -11 -13 -10 -15 -12 -16 -6 -17 -8 -13 -12 -9 -9 -16 4 0 0 0 0 0 0 0 0 0 ]
CSI_DATA,AP,68:FE:71:12:53:8C,-43,11,1,5,1,1,1,0,0,0,0,-94,0,6,1,19810256,0,84,0,0,19.81,384,[84 -64 4 0 0 0 0 0 0 0 0 0 -22 1 -18 -2 -18 -3 -23 -6 -19 -2 -18 -8 -22 -4 -15 -2 -18 -4 -16 -10 -20 -5 -20 -4 -17 -5 -22 -9 -13 -4 -20 -8 -12 -5 -11 -7 -12 -4 -20 -7 -14 -11 -15 -10 -14 -5 -17 -7 -18 -9 -19 -8 4 -3 -13 -5 -13 -7 -19 -9 -15 -5 -17 -5 -14 -4 -16 -9 -13 -4 -19 -5 -18 -4 -15 -3 -16 -7 -18 -2 -15 -1 -14 -5 -20 1 -12 -1 -19 -2 -19 -6 -12 2 -18 -3 -20 -4 -13 0 -13 3 -13 -2 -12 1 4 0 0 0 0 0 0 0 0 0 ]
CSI_DATA,AP,68:FE:71:12:53:8C,-39,11,1,6,1,1,1,0,0,0,0,-95,0,6,1,19928912,0,82,0,0,19.929,384,[84 -64 4 0 0 0 0 0 0 0 0 0 8 17 11 15 8 13 11 14 10 14 3 16 7 19 5 18 5 17 6 17 7 21 3 16 2 21 8 16 2 17 5 14 2 20 6 19 5 17 5 18 2 12 6 14 7 12 1 19 4 19 6 10 -1 -2 2 16 7 14 1 17 4 12 4 13 6 18 4 12 5 11 8 16 4 9 3 15 10 12 4 10 9 14 4 12 6 13 11 13 12 15 6 14 13 7 8 10 12 16 13 9 12 11 6 9 11 8 1 4 0 0 0 0 0 0 0 0 ]
CSI_DATA,AP,68:FE:71:12:53:8C,-42,11,1,4,1,1,1,0,0,0,0,-95,0,6,1,20041748,0,84,0,0,20.042,384,[84 -64 4 0 0 0 0 0 0 0 0 0 15 12 9 16 9 15 9 19 9 19 12 15 10 17 9 13 3 20 3 16 9 16 6 21 8 15 10 15 4 15 5 13 3 14 3 17 5 19 3 16 5 19 6 17 2 18 3 12 9 12 6 13 1 3 4 12 7 11 7 10 5 12 9 16 9 10 5 11 4 8 11 15 4 8 9 9 10 15 9 12 7 7 4 7 11 8 6 10 6 10 8 15 13 10 12 10 7 10 9 14 13 12 12 13 11 5 -3 2 0 0 0 0 0 0 0 0 ]
CSI_DATA,AP,68:FE:71:12:53:8C,-46,11,1,5,1,1,1,0,0,0,0,-94,0,6,1,20143835,0,84,0,0,20.144,384,[84 -64 4 0 0 0 0 0 0 0 0 0 -4 19 -6 18 -2 17 -6 16 -6 14 -10 14 -12 16 -7 18 -10 18 -7 16 -12 13 -6 18 -6 11 -11 15 -9 13 -11 16 -11 15 -10 9 -11 9 -8 14 -11 10 -8 10 -4 9 -11 10 -7 16 -6 16 0 -1 -7 13 -6 14 -5 11 -6 16 -5 12 -7 8 -6 13 -7 10 -10 16 -7 14 -6 18 -3 13 -1 11 -8 13 -1 15 -7 11 -2 15 -7 11 -3 17 -3 14 -7 10 0 10 -1 14 0 11 -7 14 -1 17 2 1 0 0 0 0 0 0 0 0 ]
CSI_DATA,AP,68:FE:71:12:53:8C,-50,11,1,3,1,1,1,0,0,0,0,-96,0,6,1,20264608,0,84,0,0,20.265,384,[84 -64 4 0 0 0 0 0 0 0 0 0 14 11 14 8 14 12 17 13 17 14 13 10 20 12 18 11 17 15 10 11 16 14 15 15 17 17 18 8 14 13 12 11 13 16 12 7 15 9 13 16 10 12 13 10 7 10 17 14 13 10 14 7 -1 1 12 7 10 8 15 7 14 9 16 10 10 5 12 8 11 8 16 7 16 1 9 7 13 10 13 4 13 10 15 11 10 11 11 5 18 9 15 9 10 5 16 2 10 5 18 6 11 9 11 3 13 8 -2 -2 0 0 0 0 0 0 0 0 ]
CSI_DATA,AP,68:FE:71:12:53:8C,-48,11,1,3,1,1,1,0,0,0,0,-94,0,6,1,20375856,0,84,0,0,20.376,384,[84 -64 4 0 0 0 0 0 0 0 0 0 21 0 21 0 17 2 21 6 20 4 12 5 18 6 12 11 12 7 12 8 16 9 16 6 13 9 14 12 11 7 13 8 13 5 10 7 12 13 13 12 8 7 11 8 9 4 10 9 14 10 12 12 3 2 17 10 16 9 9 4 9 2 14 2 17 4 16 8 15 4 10 2 12 6 15 8 9 4 10 5 14 5 10 7 12 4 15 6 15 0 14 0 15 -1 15 6 11 5 10 3 12 -1 11 1 16 1 4 -1 0 0 0 0 0 0 0 0 ]
CSI_DATA,AP,68:FE:71:12:53:8C,-43,11,1,5,1,1,1,0,0,0,0,-94,0,6,1,20477948,0,84,0,0,20.478,384,[84 -64 4 0 0 0 0 0 0 0 0 0 19 -8 12 -5 17 -8 20 -3 20 -9 15 0 17 -1 20 -3 18 0 12 -1 18 -6 18 -2 15 1 21 -6 15 2 16 -5 18 2 12 -6 15 -1 19 3 18 2 13 2 10 1 15 1 14 -1 12 1 3 2 18 -4 15 -1 11 -2 11 -7 17 -2 14 -1 14 0 14 -3 12 -7 11 -5 11 -2 13 -4 11 -6 11 -6 15 -7 13 -10 12 -7 11 -2 11 -7 13 -6 12 -6 8 -9 15 -8 14 -13 16 -4 10 -5 0 2 0 0 0 0 0 0 0 0 ]
CSI_DATA,AP,68:FE:71:12:53:8C,-47,11,1,4,1,1,1,0,0,0,0,-93,0,6,1,20598770,0,84,0,0,20.599,384,[84 -64 4 0 0 0 0 0 0 0 0 0 -15 9 -14 10 -12 9 -14 6 -16 5 -11 2 -18 4 -20 1 -13 4 -18 6 -21 4 -21 6 -18 7 -19 2 -13 6 -15 1 -20 2 -19 1 -15 -1 -13 2 -17 6 -11 2 -17 3 -16 -1 -13 2 -18 3 -3 0 -14 -1 -19 2 -12 2 -12 4 -10 3 -15 7 -11 1 -12 1 -14 7 -18 3 -10 8 -11 3 -14 6 -9 8 -16 3 -15 9 -12 7 -12 2 -18 8 -14 5 -11 8 -14 9 -13 6 -16 8 -10 5 -11 8 4 -3 0 0 0 0 0 0 0 0 ]
CSI_DATA,AP,68:FE:71:12:53:8C,-41,11,1,6,1,1,1,0,0,0,0,-94,0,6,1,20674956,0,84,0,0,20.675,384,[84 -64 4 0 0 0 0 0 0 0 0 0 8 19 4 20 3 23 7 20 5 22 4 16 1 22 7 18 0 19 5 22 3 22 0 15 7 16 2 18 0 23 4 20 -3 18 -1 16 0 20 -4 13 2 19 -1 21 -1 16 -3 13 -2 17 0 18 -2 1 0 20 -2 13 4 16 3 17 3 12 5 11 2 11 6 12 3 17 5 12 4 15 6 15 1 15 2 15 8 11 6 18 10 18 7 16 2 16 1 14 6 15 2 17 3 9 10 14 8 9 3 14 2 -4 0 0 0 0 0 0 0 0 ]
CSI_DATA,AP,68:FE:71:12:53:8C,-48,11,1,4,1,1,1,0,0,0,0,-95,0,6,1,20775475,0,84,0,0,20.775,384,[84 -64 4 0 0 0 0 0 0 0 0 0 21 -3 18 2 23 1 19 3 19 7 13 7 15 7 13 8 18 9 11 9 20 10 14 5 17 6 18 9 9 4 15 5 10 1 12 2 13 4 10 3 9 0 14 3 7 2 13 2 12 2 13 3 -4 3 11 3 9 3 8 -1 13 -4 12 3 16 2 10 -4 11 2 14 0 8 -6 10 -5 9 2 9 -4 16 1 10 -3 8 0 10 -1 14 -9 12 -3 12 -1 10 -8 9 -7 12 -1 9 -10 13 -1 12 -6 2 -2 0 0 0 0 0 0 0 0 ]
CSI_DATA,AP,68:FE:71:12:53:8C,-43,11,1,6,1,1,1,0,0,0,0,-93,0,6,1,20885234,0,84,0,0,20.885,384,[84 -64 4 0 0 0 0 0 0 0 0 0 -3 30 -4 29 1 30 -2 32 -5 28 -6 19 -7 24 -3 22 -10 18 -3 23 -3 25 -2 20 -6 24 -3 22 -10 21 -8 22 -4 14 -9 12 -3 14 -2 11 -5 12 -8 15 -2 17 -3 13 -6 16 -4 9 1 -2 -3 12 3 12 4 14 -3 10 2 11 5 9 4 15 1 16 1 8 1 14 5 16 7 16 6 14 8 16 8 15 4 14 9 14 4 13 9 8 7 13 6 9 10 9 3 12 5 11 11 13 5 11 4 3 0 0 0 0 0 0 0 0 ]
CSI_DATA,AP,68:FE:71:12:53:8C,-46,11,0,0,0,0,0,1,0,0,0,-93,6,6,1,21020245,0,37,0,0,21.02,128,[84 -64 4 0 0 0 0 0 0 0 0 0 13 30 11 33 12 32 7 28 10 31 4 27 2 30 6 26 6 25 4 29 6 25 6 29 5 27 3 28 3 19 0 21 1 18 -3 18 -1 18 3 19 3 19 3 16 6 16 2 19 5 16 9 11 2 -4 9 11 6 12 3 17 5 10 4 9 2 12 5 12 10 7 3 13 10 9 6 6 7 6 11 9 11 6 9 5 8 12 6 4 13 10 7 7 13 6 7 8 7 6 13 1 14 0 7 8 12 6 0 -1 0 0 0 0 0 0 0 0 ]
CSI_DATA,AP,68:FE:71:12:53:8C,-48,11,1,3,1,1,1,0,0,0,0,-94,0,6,1,21126550,0,84,0,0,21.127,384,[84 -64 4 0 0 0 0 0 0 0 0 0 1 -18 3 -17 -2 -21 -2 -24 3 -24 5 -18 -1 -15 -1 -17 -2 -22 6 -19 0 -16 0 -18 -2 -15 2 -20 1 -21 -1 -22 1 -16 2 -15 -2 -14 2 -18 0 -12 5 -16 2 -14 3 -11 5 -14 5 -18 3 1 -1 -15 4 -21 4 -12 0 -15 -1 -13 1 -15 0 -13 3 -20 -2 -16 -1 -18 -4 -20 3 -20 -3 -18 -3 -15 -3 -20 1 -16 -3 -20 -1 -17 2 -20 -4 -19 -4 -17 -3 -12 1 -14 1 -20 -2 -18 3 -17 0 2 0 0 0 0 0 0 0 0 ]
CSI_DATA,AP,68:FE:71:12:53:8C,-46,11,1,4,1,1,1,0,0,0,0,-95,0,6,1,21232142,0,84,0,0,21.232,384,[84 -64 4 0 0 0 0 0 0 0 0 0 3 2 6 3 8 -4 10 1 8 1 4 0 7 1 9 -5 4 -3 4 -3 3 -4 2 -2 10 -3 8 -5 5 4 5 2 8 -4 2 3 2 -2 9 -3 10 4 7 0 5 -2 7 -2 10 4 10 3 -4 3 9 1 5 1 6 1 8 -1 8 -3 8 -3 2 -3 8 1 9 -5 3 2 10 -3 8 -1 7 1 9 1 6 2 11 -2 8 -4 7 -4 7 0 2 3 11 -4 6 -2 3 -6 7 -3 9 -4 9 -3 3 0 0 0 0 0 0 0 0 0 ]
CSI_DATA,AP,68:FE:71:12:53:8C,-48,11,1,3,1,1,1,0,0,0,0,-94,0,6,1,21317996,0,84,0,0,21.318,384,[84 -64 4 0 0 0 0 0 0 0 0 0 5 9 2 9 4 8 2 8 4 10 7 12 2 9 6 7 3 4 5 4 2 8 4 9 4 8 4 13 4 9 -1 5 -1 13 2 12 0 10 1 12 5 6 6 10 0 5 0 4 5 12 3 5 -2 2 1 7 1 9 -1 7 5 7 0 8 5 4 1 7 -1 5 4 9 -1 3 0 6 0 6 7 8 6 6 2 7 7 4 2 8 9 6 5 8 7 5 5 10 8 4 7 2 2 3 4 6 1 2 2 3 0 0 0 0 0 0 0 0 ]
CSI_DATA,AP,68:FE:71:12:53:8C,-46,11,1,3,1,1,1,0,0,0,0,-95,0,6,1,21424052,0,84,0,0,21.424,384,[84 -64 4 0 0 0 0 0 0 0 0 0 -4 1 -8 -3 -11 -4 -6 1 -5 2 -9 3 -6 -3 -13 -3 -7 -2 -9 -1 -10 -2 -12 -5 -13 -2 -11 0 -11 2 -10 0 -12 2 -10 -1 -8 0 -8 -7 -12 1 -11 0 -5 -5 -5 -2 -7 -3 -12 -2 -2 0 -5 -6 -10 -1 -11 -5 -12 -5 -7 -4 -10 -1 -4 -2 -12 -5 -6 1 -7 3 -6 -1 -10 1 -10 4 -6 3 -4 4 -7 -1 -3 0 -5 -2 -5 2 -7 0 -7 -3 -7 3 -5 1 -3 -4 -7 -1 -5 4 -3 -4 0 0 0 0 0 0 0 0 ]
CSI_DATA,AP,68:FE:71:12:53:8C,-50,11,1,3,1,1,1,0,0,0,0,-95,0,6,1,21551414,0,84,0,0,21.551,384,[84 -64 4 0 0 0 0 0 0 0 0 0 12 11 19 8 19 12 18 10 20 9 19 10 17 10 19 16 14 16 13 12 13 13 13 12 17 18 12 15 15 20 14 16 11 14 13 18 17 19 12 12 11 15 11 17 11 11 8 19 16 17 9 18 3 4 15 13 14 14 13 13 17 16 9 18 17 15 16 15 13 18 11 13 15 14 17 13 18 15 17 9 13 10 14 12 17 9 21 10 20 6 19 7 12 9 17 9 15 12 14 13 18 10 21 5 19 5 3 -1 0 0 0 0 0 0 0 0 ]
CSI_DATA,AP,68:FE:71:12:53:8C,-41,11,1,6,1,1,1,0,0,0,0,-94,0,6,1,21643041,0,84,0,0,21.643,384,[84 -64 4 0 0 0 0 0 0 0 0 0 -14 -15 -18 -10 -23 -9 -15 -14 -18 -15 -19 -15 -13 -11 -19 -17 -20 -14 -16 -18 -15 -13 -18 -16 -19 -13 -13 -11 -18 -14 -12 -11 -18 -16 -12 -10 -13 -10 -9 -14 -11 -14 -11 -15 -9 -10 -13 -14 -16 -16 -14 -12 4 -1 -9 -9 -16 -15 -10 -12 -10 -9 -15 -9 -15 -15 -10 -10 -12 -12 -9 -8 -11 -13 -19 -12 -16 -6 -11 -9 -14 -9 -18 -12 -18 -6 -15 -5 -13 -10 -15 -5 -18 -3 -11 -10 -11 -3 -17 -9 -16 -5 -15 -4 -13 -9 -4 -1 0 0 0 0 0 0 0 0 ]
CSI_DATA,AP,68:FE:71:12:53:8C,-46,11,1,5,1,1,1,1,0,0,0,-94,5,6,1,21753881,0,84,0,0,21.754,384,[37 80 2 0 0 0 0 0 0 0 0 0 4 28 5 33 6 32 2 34 8 29 3 28 3 28 4 26 0 32 -3 28 3 28 1 34 0 30 -4 33 -3 25 -1 29 -5 30 -1 25 1 31 1 28 -5 29 -1 22 -3 29 0 30 2 32 -3 24 -4 -2 2 25 4 22 2 27 5 22 -1 29 -1 23 -1 21 3 23 0 20 6 20 8 25 6 27 7 26 4 22 6 21 5 29 6 23 11 27 10 20 3 26 3 21 12 24 6 27 11 23 7 26 10 26 4 4 0 0 0 0 0 0 0 0 ]
CSI_DATA,AP,68:FE:71:12:53:8C,-48,11,1,4,1,1,1,0,0,0,0,-94,0,6,1,21858895,0,84,0,0,21.859,384,[84 -64 4 0 0 0 0 0 0 0 0 0 -2 -18 -2 -19 5 -21 3 -15 2 -17 -1 -19 5 -21 7 -19 8 -18 5 -19 7 -22 4 -20 3 -16 1 -17 1 -19 6 -13 0 -12 7 -20 1 -18 4 -20 8 -13 8 -14 7 -14 2 -18 5 -16 6 -16 4 -1 1 -19 2 -12 2 -14 4 -11 0 -11 6 -14 0 -15 1 -14 0 -15 -3 -18 -3 -18 3 -11 0 -14 0 -10 0 -17 1 -16 0 -12 3 -11 -4 -18 -6 -18 -1 -13 -4 -11 -3 -15 -7 -16 1 -17 -1 -13 -2 1 0 0 0 0 0 0 0 0 ]
CSI_DATA,AP,68:FE:71:12:53:8C,-45,11,1,3,1,1,1,0,0,0,0,-93,0,6,1,22003424,0,84,0,0,22.003,384,[84 -64 4 0 0 0 0 0 0 0 0 0 17 12 10 10 14 16 12 14 16 13 8 17 10 12 14 16 15 16 14 18 13 11 11 15 6 14 6 19 5 11 5 18 5 16 7 10 7 17 9 10 11 15 11 17 12 10 11 17 12 17 6 17 2 -1 7 8 6 13 8 9 9 7 8 7 8 11 10 9 8 8 7 11 10 13 13 11 14 9 13 10 13 7 15 11 8 10 10 11 16 9 16 5 15 9 14 9 8 5 14 8 11 7 14 10 13 12 -3 -4 0 0 0 0 0 0 0 0 ]
CSI_DATA,AP,68:FE:71:12:53:8C,-50,11,1,1,1,1,1,0,0,0,0,-94,0,6,1,22147772,0,84,0,0,22.148,384,[84 -64 4 0 0 0 0 0 0 0 0 0 6 22 4 16 5 23 9 16 8 23 6 21 7 14 -1 21 2 19 3 22 3 22 3 20 3 22 -2 17 -1 14 -3 21 1 13 3 13 1 20 2 18 2 12 0 15 -1 17 0 13 -2 13 0 12 -3 -2 5 16 -2 16 6 18 2 15 2 13 -1 12 2 10 2 12 0 12 7 17 4 10 2 18 4 13 5 11 1 17 3 12 5 10 8 17 3 16 3 14 7 12 6 10 9 15 8 11 12 17 10 13 -4 -4 0 0 0 0 0 0 0 0 ]
CSI_DATA,AP,68:FE:71:12:53:8C,-38,11,1,5,1,1,1,0,0,0,0,-95,0,6,1,22276946,0,84,0,0,22.277,384,[84 -64 4 0 0 0 0 0 0 0 0 0 3 15 7 12 3 17 3 19 1 17 7 16 0 14 -1 15 5 15 2 18 3 18 0 19 -2 18 2 18 3 14 5 16 -4 20 -3 19 2 16 2 19 4 19 2 13 0 11 -3 12 4 11 -1 11 -4 -1 3 18 4 19 -2 19 1 12 1 12 -1 14 6 10 -1 12 0 14 1 10 5 11 4 17 1 15 3 10 0 16 1 10 4 10 6 15 3 12 4 10 3 14 3 17 8 11 8 15 8 17 10 8 3 3 0 0 0 0 0 0 0 0 ]
CSI_DATA,AP,68:FE:71:12:53:8C,-43,11,1,5,1,1,1,0,0,0,0,-95,0,6,1,22380217,0,84,0,0,22.38,384,[84 -64 4 0 0 0 0 0 0 0 0 0 -19 0 -20 -2 -18 -1 -17 -4 -16 -7 -17 -3 -18 -8 -15 -9 -22 -7 -15 -3 -20 -8 -16 -7 -21 -4 -15 -8 -15 -4 -16 -5 -19 -3 -18 -9 -18 -3 -20 -4 -17 -10 -14 -10 -18 -8 -18 -8 -19 -3 -16 -5 -1 -3 -17 -9 -13 -7 -15 -3 -17 0 -17 -10 -12 -4 -13 -7 -20 -6 -15 -2 -17 0 -17 -7 -15 -1 -17 -3 -18 -6 -20 1 -19 2 -21 -4 -18 1 -15 3 -12 0 -19 3 -14 2 -12 -4 -20 0 -19 3 -19 0 4 0 0 0 0 0 0 0 0 0 ]
CSI_DATA,AP,68:FE:71:12:53:8C,-50,11,1,1,1,1,1,0,0,0,0,-95,0,6,1,22485558,0,84,0,0,22.486,384,[84 -64 4 0 0 0 0 0 0 0 0 0 1 23 -5 20 -3 15 1 24 -3 19 -8 24 -1 20 -1 19 -3 17 -2 15 -4 17 -3 19 -9 22 -3 17 -4 17 -2 19 -7 19 -8 13 -10 18 -7 16 -9 18 -5 17 -7 15 -6 13 -2 16 -1 13 -2 3 -4 14 -4 17 -3 19 -1 15 -2 12 0 12 -6 15 2 18 0 15 -5 10 2 19 -4 14 -5 16 -2 13 -2 14 -4 16 4 12 3 13 4 12 0 14 3 14 1 12 -1 12 -1 15 5 12 0 15 -4 4 0 0 0 0 0 0 0 0 ]
CSI_DATA,AP,68:FE:71:12:53:8C,-43,11,1,6,1,1,1,0,0,0,0,-94,0,6,1,22605409,0,84,0,0,22.605,384,[84 -64 4 0 0 0 0 0 0 0 0 0 8 -19 7 -17 15 -22 12 -14 14 -18 12 -12 13 -13 17 -18 12 -16 15 -16 19 -13 17 -13 15 -13 11 -15 18 -11 11 -10 13 -11 11 -16 15 -15 13 -12 9 -8 11 -8 15 -9 9 -14 10 -8 13 -14 1 0 12 -15 15 -10 14 -11 12 -12 13 -12 14 -16 6 -10 9 -16 14 -11 12 -15 10 -9 13 -9 8 -16 7 -10 7 -16 7 -16 5 -17 7 -17 4 -19 8 -17 7 -12 9 -17 11 -20 4 -18 9 -17 9 -12 4 -1 0 0 0 0 0 0 0 0 ]
CSI_DATA,AP,68:FE:71:12:53:8C,-47,11,1,5,1,1,1,0,0,0,0,-96,0,6,1,22718213,0,84,0,0,22.718,384,[84 -64 4 0 0 0 0 0 0 0 0 0 -10 -13 -6 -14 -7 -19 -6 -20 -9 -20 -7 -14 -11 -20 -5 -19 -5 -18 -8 -19 -9 -17 -7 -18 -7 -19 -6 -19 -1 -12 -1 -16 -8 -16 -4 -20 -2 -13 -1 -14 -8 -16 -8 -16 -2 -18 -4 -11 -2 -15 -5 -11 -1 -2 -4 -10 -2 -16 -7 -16 -4 -14 -6 -11 -4 -15 -6 -11 -8 -12 -3 -13 -8 -17 -2 -11 -7 -17 -8 -13 -4 -16 -3 -15 -4 -15 -8 -17 -7 -13 -12 -11 -11 -10 -5 -9 -14 -15 -11 -14 -11 -12 -5 -7 -12 -11 -3 0 0 0 0 0 0 0 0 0 ]
CSI_DATA,AP,68:FE:71:12:53:8C,-47,11,1,4,1,1,1,0,0,0,0,-93,0,6,1,22821000,0,84,0,0,22.821,384,[84 -64 4 0 0 0 0 0 0 0 0 0 -15 10 -23 10 -24 9 -23 3 -24 2 -16 3 -17 2 -16 1 -20 0 -22 5 -20 1 -17 2 -22 -1 -18 2 -17 0 -15 5 -16 -2 -17 4 -22 5 -15 0 -21 3 -14 5 -19 -3 -21 -1 -19 -1 -15 0 0 3 -21 -1 -15 -1 -14 -2 -18 6 -14 -2 -12 -1 -20 5 -19 -2 -20 -1 -19 -1 -15 7 -15 5 -15 7 -14 7 -17 0 -20 4 -12 7 -20 1 -13 8 -17 4 -18 5 -11 3 -15 8 -12 6 -11 9 -14 7 1 -2 0 0 0 0 0 0 0 0 ]
CSI_DATA,AP,68:FE:71:12:53:8C,-43,11,1,6,1,1,1,1,0,0,0,-96,2,6,1,22949011,0,84,0,0,22.949,384,[84 -64 4 0 0 0 0 0 0 0 0 0 13 -9 16 -12 18 -15 21 -7 15 -8 12 -13 13 -5 13 -12 15 -11 14 -8 18 -7 15 -8 15 -8 17 -4 21 -7 19 -2 21 -6 14 -8 20 -5 19 -1 18 -6 21 -9 12 -7 17 -8 18 -8 19 -8 -3 3 18 -9 11 -2 12 -4 18 -7 13 -7 12 -11 14 -5 15 -3 15 -10 15 -7 16 -9 12 -8 14 -12 9 -9 15 -10 11 -10 8 -6 14 -10 9 -6 13 -7 13 -8 8 -8 15 -10 16 -10 7 -15 11 -11 4 2 0 0 0 0 0 0 0 0 ]
CSI_DATA,AP,68:FE:71:12:53:8C,-41,11,1,5,1,1,1,0,0,0,1,-94,0,6,1,23052438,0,82,0,0,23.052,384,[84 -64 4 0 0 0 0 0 0 0 0 0 -45 -2 -45 -10 -44 -11 -45 -11 -44 -14 -39 -13 -42 -11 -42 -14 -35 -12 -34 -18 -39 -20 -38 -13 -41 -18 -34 -20 -39 -17 -35 -22 -34 -17 -34 -18 -38 -17 -37 -14 -36 -14 -38 -19 -32 -18 -32 -17 -37 -19 -31 -12 3 2 -36 -14 -30 -17 -34 -16 -32 -15 -33 -10 -31 -14 -32 -11 -32 -7 -34 -11 -31 -4 -35 -4 -33 -5 -33 -6 -31 -8 -38 -10 -37 -7 -30 -2 -33 -5 -35 -4 -31 0 -33 -4 -30 -7 -34 -2 -33 -4 -40 -2 -33 -1 -3 2 0 0 0 0 0 0 0 0 ]
CSI_DATA,AP,68:FE:71:12:53:8C,-47,11,1,4,1,1,1,0,0,0,0,-94,0,6,1,23181293,0,84,0,0,23.181,384,[84 -64 4 0 0 0 0 0 0 0 0 0 3 -23 10 -18 9 -16 11 -21 12 -22 10 -16 5 -16 8 -21 12 -13 7 -13 13 -18 13 -15 13 -17 10 -18 6 -20 7 -20 13 -12 11 -18 14 -19 10 -18 11 -12 10 -18 5 -15 10 -17 7 -18 5 -13 -4 1 6 -17 6 -12 6 -19 11 -12 7 -13 7 -14 7 -15 5 -18 8 -18 5 -12 4 -15 6 -13 4 -12 4 -14 2 -17 8 -17 7 -13 4 -13 2 -16 5 -14 4 -13 3 -17 2 -19 6 -20 2 -19 -2 -15 -3 1 0 0 0 0 0 0 0 0 ]
CSI_DATA,AP,68:FE:71:12:53:8C,-50,11,1,2,1,1,1,0,0,0,0,-95,0,6,1,23308152,0,84,0,0,23.308,384,[84 -64 4 0 0 0 0 0 0 0 0 0 -1 19 -5 21 -2 22 0 17 -1 23 -3 19 -6 21 -8 21 -9 17 -2 18 -7 18 -7 20 -3 21 -4 22 -11 17 -9 21 -11 19 -6 13 -6 15 -3 12 -7 14 -6 14 -5 18 -9 12 -8 16 -4 14 -1 2 -1 15 -5 19 -7 14 -8 16 0 19 -5 15 -5 16 -1 13 -1 15 -6 10 -3 11 2 17 -4 17 0 14 1 12 -1 14 -1 15 4 17 -2 18 4 14 3 18 4 15 6 16 3 18 2 19 5 15 1 -4 0 0 0 0 0 0 0 0 ]
CSI_DATA,AP,68:FE:71:12:53:8C,-45,11,1,4,1,1,1,0,0,0,0,-95,0,6,1,23442983,0,84,0,0,23.443,384,[84 -64 4 0 0 0 0 0 0 0 0 0 -9 19 -11 20 -4 21 -7 20 -12 15 -5 21 -5 17 -13 17 -10 20 -7 19 -9 13 -13 19 -13 16 -7 20 -8 17 -7 13 -12 15 -9 16 -7 19 -8 10 -12 13 -10 14 -9 15 -9 9 -9 17 -11 15 -1 3 -12 9 -6 14 -5 11 -4 13 -4 14 -4 18 -8 12 -8 16 -9 18 -3 12 -5 13 -8 17 -4 10 0 16 -4 9 -3 12 -8 16 0 12 -6 15 -3 19 -1 17 1 17 -5 10 -1 13 -3 16 -3 12 -4 -2 0 0 0 0 0 0 0 0 ]
CSI_DATA,AP,68:FE:71:12:53:8C,-45,11,1,4,1,1,1,0,0,0,0,-95,0,6,1,23557488,0,84,0,0,23.557,384,[84 -64 4 0 0 0 0 0 0 0 0 0 -5 -16 -4 -22 -6 -19 -6 -21 -7 -22 -6 -23 -2 -20 3 -16 2 -21 -1 -18 1 -17 1 -23 0 -24 -1 -16 5 -15 4 -18 1 -20 0 -18 2 -21 0 -22 0 -15 2 -16 5 -13 4 -18 -1 -21 5 -18 -3 0 3 -13 1 -18 1 -19 3 -19 2 -16 3 -17 1 -19 2 -14 -5 -17 -5 -19 -5 -13 -7 -18 -1 -13 -5 -15 -4 -17 -4 -19 -2 -14 -2 -12 -8 -12 -5 -14 -2 -17 -7 -16 -4 -17 -3 -12 -4 -13 -4 -12 4 1 0 0 0 0 0 0 0 0 ]
CSI_DATA,AP,68:FE:71:12:53:8C,-44,11,1,5,1,1,1,0,0,0,0,-96,0,6,1,23680345,0,84,0,0,23.68,384,[84 -64 4 0 0 0 0 0 0 0 0 0 23 32 25 32 25 41 25 33 24 36 19 33 13 39 14 40 16 34 12 35 13 41 8 44 10 38 7 33 13 39 16 37 6 37 6 39 9 38 8 33 4 36 6 39 4 33 6 31 9 33 6 30 1 2 5 29 8 35 9 34 17 31 13 29 11 34 12 30 12 28 14 29 15 27 17 26 15 28 13 28 12 25 14 26 20 25 14 30 21 28 21 27 18 24 20 31 18 25 15 25 18 29 17 24 23 23 -1 -1 0 0 0 0 0 0 0 0 ]
CSI_DATA,AP,68:FE:71:12:53:8C,-46,11,1,4,1,1,1,0,0,0,0,-94,0,6,1,23766708,0,84,0,0,23.767,384,[84 -64 4 0 0 0 0 0 0 0 0 0 1 -23 4 -23 8 -19 2 -22 5 -14 6 -13 7 -19 7 -15 11 -17 7 -14 11 -18 10 -19 6 -17 8 -12 4 -17 7 -17 5 -17 11 -10 6 -13 10 -16 4 -16 12 -17 10 -13 9 -18 10 -11 8 -10 -4 -3 4 -11 7 -10 11 -13 4 -13 3 -14 10 -10 7 -14 9 -15 3 -17 4 -16 5 -17 7 -17 3 -19 5 -15 2 -16 0 -13 4 -15 0 -14 -2 -15 6 -15 3 -17 5 -17 5 -15 3 -15 1 -13 -1 -16 2 1 0 0 0 0 0 0 0 0 ]
CSI_DATA,AP,68:FE:71:12:53:8C,-46,11,1,5,1,1,1,0,0,0,0,-94,0,6,1,23890000,0,84,0,0,23.89,384,[84 -64 4 0 0 0 0 0 0 0 0 0 19 5 15 10 24 8 21 11 22 4 13 7 15 9 17 10 14 7 20 10 16 13 15 13 13 9 12 9 17 7 16 8 13 8 11 10 17 12 11 11 11 9 10 9 12 13 10 12 13 13 12 12 -4 -2 15 7 16 8 16 11 17 9 14 9 15 8 15 7 18 3 14 10 18 9 12 5 15 3 17 8 13 6 11 10 15 5 13 9 17 6 18 8 12 1 18 2 13 2 20 6 18 4 20 -1 14 5 3 1 0 0 0 0 0 0 0 0 ]
CSI_DATA,AP,68:FE:71:12:53:8C,-38,11,1,6,1,1,1,0,0,0,0,-94,0,6,1,23995022,0,84,0,0,23.995,384,[84 -64 4 0 0 0 0 0 0 0 0 0 -23 1 -16 1 -25 -4 -23 -1 -21 -2 -17 -1 -18 -8 -24 -9 -17 -4 -17 -5 -22 -11 -16 -10 -18 -6 -24 -4 -15 -12 -19 -10 -16 -9 -17 -6 -20 -9 -16 -10 -16 -9 -17 -10 -16 -6 -19 -5 -17 -12 -18 -7 -3 -3 -17 -10 -14 -7 -17 -4 -20 -8 -13 -2 -16 -10 -13 -7 -12 -3 -18 -3 -15 1 -19 0 -17 0 -14 -5 -16 -6 -18 -6 -17 -2 -18 2 -14 -3 -18 -4 -18 3 -15 -2 -15 -5 -16 -4 -21 1 -14 2 -14 -3 0 4 0 0 0 0 0 0 0 0 ]
CSI_DATA,AP,68:FE:71:12:53:8C,-49,11,1,1,1,1,1,0,0,0,0,-95,0,6,1,24116431,0,84,0,0,24.116,384,[84 -64 4 0 0 0 0 0 0 0 0 0 1 18 3 21 8 22 0 20 5 19 3 19 4 19 -1 22 1 22 2 18 4 18 -3 26 3 21 -5 20 -2 24 -1 18 0 22 3 18 -6 20 -4 17 -3 21 -3 21 -1 17 -4 22 3 22 -5 20 2 -4 -2 17 -4 22 3 16 4 16 -2 20 5 18 2 16 -1 15 -2 18 3 17 4 20 3 17 -1 21 1 15 4 20 7 22 4 22 4 20 3 20 3 19 0 18 3 16 10 15 3 15 4 14 5 16 0 -2 0 0 0 0 0 0 0 0 ]
CSI_DATA,AP,68:FE:71:12:53:8C,-43,11,1,6,1,1,1,1,0,0,0,-93,1,6,1,24227389,0,84,0,0,24.227,384,[84 -64 4 0 0 0 0 0 0 0 0 0 19 4 19 4 21 0 25 -1 18 5 16 1 25 -1 22 2 16 2 19 7 22 4 17 3 15 9 22 8 17 2 20 7 18 4 20 2 19 8 15 1 20 6 19 9 16 2 15 8 18 3 17 8 -4 2 20 6 16 8 19 3 16 2 17 6 15 5 20 -1 19 6 20 3 20 -3 17 0 14 5 20 2 20 2 16 -4 21 2 17 1 19 -2 14 0 13 -2 17 -1 14 1 16 -7 19 -4 15 -3 20 -7 -1 2 0 0 0 0 0 0 0 0 ]
CSI_DATA,AP,68:FE:71:12:53:8C,-44,11,1,3,1,1,1,0,0,0,0,-95,0,6,1,24353745,0,84,0,0,24.354,384,[84 -64 4 0 0 0 0 0 0 0 0 0 12 19 7 18 5 17 3 23 7 21 7 19 7 19 6 16 4 16 6 17 1 25 2 24 8 22 3 19 4 14 4 22 1 22 -1 14 -1 18 1 14 0 19 6 20 2 21 0 16 0 22 5 16 4 3 2 14 0 15 6 16 4 19 4 11 8 19 4 12 5 12 8 16 7 10 10 11 2 10 6 12 3 18 5 13 12 14 8 17 9 13 6 14 8 10 10 11 7 13 6 10 15 11 6 12 12 11 0 0 0 0 0 0 0 0 0 0 ]
CSI_DATA,AP,68:FE:71:12:53:8C,-45,11,1,5,1,1,1,0,0,0,1,-95,0,6,1,24454989,0,84,0,0,24.455,384,[84 -64 4 0 0 0 0 0 0 0 0 0 -21 -7 -20 -9 -23 -7 -23 -11 -22 -11 -15 -9 -18 -10 -21 -11 -19 -18 -16 -11 -15 -10 -17 -10 -13 -10 -18 -16 -12 -12 -16 -12 -16 -16 -12 -13 -15 -14 -10 -13 -13 -14 -12 -13 -13 -10 -13 -14 -18 -10 -19 -10 -3 1 -14 -8 -16 -14 -15 -11 -15 -9 -15 -7 -19 -14 -14 -7 -12 -10 -13 -12 -14 -12 -21 -10 -18 -7 -17 -8 -17 -7 -18 -10 -13 -6 -16 -8 -21 -11 -18 -6 -14 -6 -18 -8 -21 -9 -19 -3 -22 -5 -15 -2 -14 -4 -1 -4 0 0 0 0 0 0 0 0 ]
CSI_DATA,AP,68:FE:71:12:53:8C,-43,11,0,0,0,0,0,0,0,0,0,-94,0,6,1,24563279,0,37,0,0,24.563,128,[84 -64 4 0 0 0 0 0 0 0 0 0 -18 -16 -19 -18 -20 -13 -18 -20 -19 -19 -16 -16 -13 -22 -10 -17 -10 -20 -11 -18 -13 -21 -15 -21 -8 -17 -8 -15 -14 -17 -7 -17 -12 -17 -6 -19 -9 -17 -13 -22 -5 -20 -7 -19 -10 -13 -7 -19 -6 -19 -8 -14 3 -1 -10 -13 -11 -14 -9 -13 -7 -19 -10 -11 -7 -15 -7 -19 -13 -16 -13 -18 -8 -9 -9 -13 -10 -13 -9 -15 -11 -13 -13 -16 -16 -16 -13 -14 -16 -14 -13 -11 -11 -15 -13 -12 -17 -11 -16 -15 -17 -9 -14 -10 -10 -12 4 -3 0 0 0 0 0 0 0 0 ]
CSI_DATA,AP,68:FE:71:12:53:8C,-50,11,1,1,1,1,1,0,0,0,1,-96,0,6,1,24670473,0,84,0,0,24.67,384,[84 -64 4 0 0 0 0 0 0 0 0 0 10 -19 9 -17 8 -22 7 -19 5 -22 14 -18 10 -18 6 -17 14 -20 11 -14 8 -18 15 -18 15 -16 15 -15 14 -12 11 -18 14 -15 10 -15 12 -15 12 -14 10 -11 15 -15 9 -12 12 -18 12 -14 6 -12 -4 4 8 -18 9 -10 13 -16 11 -13 13 -15 9 -17 11 -14 7 -18 9 -14 9 -18 5 -12 5 -18 3 -16 5 -11 5 -16 8 -12 3 -13 1 -17 8 -14 3 -19 9 -17 2 -13 2 -18 0 -20 7 -18 3 -18 1 3 0 0 0 0 0 0 0 0 ]
CSI_DATA,AP,68:FE:71:12:53:8C,-44,11,1,4,1,1,1,0,0,0,0,-95,0,6,1,24777058,0,84,0,0,24.777,384,[84 -64 4 0 0 0 0 0 0 0 0 0 -21 5 -22 7 -21 3 -21 -1 -18 4 -18 2 -21 4 -21 -5 -16 -2 -22 -2 -20 -3 -24 -4 -24 -1 -17 0 -20 -2 -20 1 -22 0 -18 -1 -14 2 -20 1 -15 -3 -20 -5 -15 1 -19 -7 -21 -6 -19 0 -4 -1 -16 2 -14 -4 -17 -2 -16 2 -19 -2 -19 0 -14 3 -18 -3 -13 2 -20 0 -19 3 -14 -2 -20 2 -17 7 -18 6 -14 4 -22 3 -13 1 -17 4 -11 9 -18 4 -17 5 -14 7 -18 9 -14 4 -11 8 -1 -2 0 0 0 0 0 0 0 0 ]
CSI_DATA,AP,68:FE:71:12:53:8C,-41,11,1,6,1,1,1,1,0,0,0,-95,1,6,1,24905436,0,84,0,0,24.905,384,[84 -64 4 0 0 0 0 0 0 0 0 0 1 -21 2 -20 6 -19 8 -23 6 -22 9 -18 5 -18 10 -14 12 -21 12 -13 8 -20 11 -21 6 -23 6 -19 7 -18 11 -22 7 -13 9 -14 12 -19 6 -12 6 -14 8 -14 5 -13 8 -13 8 -17 12 -19 1 4 10 -16 4 -15 5 -15 6 -12 7 -14 7 -16 10 -17 2 -18 10 -15 7 -16 5 -16 6 -17 3 -20 3 -13 1 -13 0 -17 -1 -21 3 -12 7 -21 -2 -19 3 -19 -1 -20 4 -19 -2 -22 1 -13 -3 -19 -3 4 0 0 0 0 0 0 0 0 ]
CSI_DATA,AP,68:FE:71:12:53:8C,-43,11,1,6,1,1,1,0,0,0,0,-95,0,6,1,25031710,0,84,0,0,25.032,384,[84 -64 4 0 0 0 0 0 0 0 0 0 -11 19 -12 22 -12 23 -8 22 -14 18 -11 21 -13 18 -9 18 -15 17 -8 21 -15 21 -13 14 -15 13 -13 18 -16 12 -10 18 -16 17 -16 15 -17 15 -16 12 -17 9 -9 10 -12 13 -16 12 -13 15 -9 15 3 3 -15 13 -7 13 -7 16 -11 16 -7 16 -10 13 -14 11 -6 12 -6 11 -8 13 -11 20 -5 11 -5 15 -9 12 -10 14 -4 18 -6 12 -3 14 -8 18 -2 18 -5 20 -4 14 -3 15 -1 16 -1 19 -5 13 2 2 0 0 0 0 0 0 0 0 ]
CSI_DATA,AP,68:FE:71:12:53:8C,-46,11,1,3,1,1,1,0,0,0,0,-96,0,6,1,25146738,0,84,0,0,25.147,384,[84 -64 4 0 0 0 0 0 0 0 0 0 22 5 17 4 16 6 21 7 23 8 21 11 17 6 17 14 12 11 12 8 15 8 14 15 12 8 16 12 13 15 15 10 19 13 17 8 17 10 17 11 15 14 12 7 15 10 14 11 11 11 10 8 -3 2 9 14 12 9 11 14 12 5 17 11 10 9 10 13 13 12 15 6 14 10 13 10 18 3 15 6 13 7 15 4 13 2 19 4 14 8 17 2 19 0 12 8 17 7 12 6 18 3 14 5 13 -1 0 1 0 0 0 0 0 0 0 0 ]
CSI_DATA,AP,68:FE:71:12:53:8C,-47,11,1,5,1,1,1,0,0,0,0,-96,0,6,1,25273339,0,84,0,0,25.273,384,[84 -64 4 0 0 0 0 0 0 0 0 0 20 3 20 5 18 3 23 7 20 8 15 9 22 5 16 3 16 9 22 7 18 9 16 5 14 6 15 10 19 11 15 8 15 13 16 7 14 12 17 9 17 10 20 7 11 10 16 9 12 5 20 5 3 4 17 6 20 8 12 4 15 8 11 6 20 8 15 5 15 5 20 6 17 6 17 7 13 5 11 4 11 1 12 7 13 5 12 3 19 0 19 5 17 3 20 0 17 5 20 4 20 -3 19 0 12 3 -4 -2 0 0 0 0 0 0 0 0 ]
CSI_DATA,AP,68:FE:71:12:53:8C,-42,11,1,4,1,1,1,1,0,0,0,-94,4,6,1,25423750,0,84,0,0,25.424,384,[84 -64 4 0 0 0 0 0 0 0 0 0 1 -18 9 -19 2 -18 9 -18 10 -17 9 -18 10 -17 7 -18 7 -18 12 -18 8 -21 11 -19 9 -18 14 -17 7 -17 6 -12 14 -15 7 -11 12 -18 12 -16 13 -13 9 -17 6 -13 12 -14 13 -16 5 -16 -2 -1 9 -14 6 -13 11 -13 8 -19 9 -10 7 -16 11 -16 8 -12 8 -11 7 -11 9 -21 0 -16 8 -16 9 -16 6 -12 2 -17 2 -12 2 -20 2 -17 2 -13 4 -12 6 -19 -2 -13 3 -21 6 -14 0 -13 4 3 0 0 0 0 0 0 0 0 ]
CSI_DATA,AP,68:FE:71:12:53:8C,-46,11,1,5,1,1,1,0,0,0,0,-95,0,6,1,25531441,0,84,0,0,25.531,384,[84 -64 4 0 0 0 0 0 0 0 0 0 2 -20 3 -22 -2 -20 4 -26 -1 -23 2 -23 2 -17 3 -16 2 -16 7 -18 7 -19 5 -18 1 -23 2 -21 6 -16 5 -17 4 -19 2 -17 2 -19 4 -14 7 -17 8 -21 5 -19 2 -18 6 -22 3 -18 -4 2 -1 -15 1 -13 0 -17 4 -19 0 -15 2 -16 -1 -15 -1 -14 1 -19 -4 -19 3 -13 1 -12 2 -16 -1 -16 0 -19 -1 -17 -1 -20 -3 -20 -4 -14 -1 -14 -6 -20 -2 -15 -4 -13 -2 -15 -3 -13 -1 -15 -1 -2 0 0 0 0 0 0 0 0 ]
CSI_DATA,AP,68:FE:71:12:53:8C,-44,11,1,3,1,1,1,0,0,0,0,-96,0,6,1,25675998,0,84,0,0,25.676,384,[84 -64 4 0 0 0 0 0 0 0 0 0 -11 13 -18 15 -16 16 -20 12 -13 19 -12 11 -17 9 -15 9 -13 11 -20 10 -19 16 -22 14 -15 10 -19 8 -19 13 -14 12 -19 9 -13 5 -19 9 -21 6 -17 10 -16 11 -19 12 -16 6 -17 8 -14 7 -4 1 -12 10 -16 15 -17 11 -16 10 -14 9 -17 14 -11 8 -16 13 -10 13 -8 15 -13 13 -13 13 -8 17 -11 11 -11 15 -11 13 -11 16 -14 15 -10 15 -6 11 -7 17 -6 18 -13 13 -7 19 -10 15 -5 17 1 -1 0 0 0 0 0 0 0 0 ]
CSI_DATA,AP,68:FE:71:12:53:8C,-47,11,1,5,1,1,1,0,0,0,0,-96,0,6,1,25776715,0,82,0,0,25.777,384,[84 -64 4 0 0 0 0 0 0 0 0 0 6 15 9 16 2 17 2 24 7 18 2 17 5 21 1 22 6 21 1 22 3 20 5 17 5 23 1 16 3 14 0 18 -4 14 -4 19 0 22 -4 16 0 20 -4 15 3 13 -3 16 0 19 1 21 -1 -3 -1 14 -1 17 3 17 4 13 -3 17 -1 13 1 18 4 19 -2 11 8 14 4 16 1 16 7 16 2 17 8 18 8 16 5 13 10 14 7 15 5 11 3 19 3 19 5 16 5 14 8 18 3 18 -2 -2 0 0 0 0 0 0 0 0 ]
CSI_DATA,AP,68:FE:71:12:53:8C,-43,11,1,5,1,1,1,0,0,0,0,-94,0,6,1,25910625,0,84,0,0,25.911,384,[84 -64 4 0 0 0 0 0 0 0 0 0 -20 -7 -21 -6 -23 -9 -25 -6 -20 -7 -17 -10 -16 -5 -19 -12 -18 -11 -19 -8 -21 -13 -17 -7 -17 -10 -19 -12 -15 -7 -13 -9 -18 -6 -13 -6 -11 -14 -16 -11 -14 -10 -17 -9 -15 -7 -19 -5 -16 -10 -13 -9 -1 2 -10 -7 -11 -8 -13 -9 -17 -3 -16 -7 -14 -11 -18 -10 -15 -4 -15 -10 -17 -2 -17 -7 -12 -7 -17 -5 -13 -5 -14 -8 -14 -8 -20 -4 -18 -6 -16 -3 -18 0 -14 -6 -19 0 -19 -1 -15 -1 -15 -6 -15 1 -1 3 0 0 0 0 0 0 0 0 ]
CSI_DATA,AP,68:FE:71:12:53:8C,-47,11,1,4,1,1,1,0,0,0,0,-93,0,6,1,26032795,0,84,0,0,26.033,384,[84 -64 4 0 0 0 0 0 0 0 0 0 21 -7 20 -7 18 -7 22 -2 22 -8 15 -2 16 1 15 1 15 -4 16 -2 19 -3 21 -3 19 0 17 3 13 1 16 -2 19 3 12 2 11 1 18 3 18 0 13 3 19 -1 17 -3 14 0 17 -6 4 -3 18 2 19 -3 14 -2 13 -6 10 0 19 -4 12 -7 12 -5 16 -6 11 -5 18 -3 10 -1 13 -8 15 -5 14 -7 13 -8 15 -4 12 -5 14 -8 9 -4 9 -5 16 -10 15 -10 15 -5 10 -6 12 -11 -3 -4 0 0 0 0 0 0 0 0 ]
CSI_DATA,AP,68:FE:71:12:53:8C,-45,11,1,5,1,1,1,0,0,0,0,-96,0,6,1,26167462,0,84,0,0,26.167,384,[84 -64 4 0 0 0 0 0 0 0 0 0 18 3 22 6 19 6 22 7 22 12 15 13 15 11 17 10 21 9 14 9 19 12 13 12 16 11 14 14 18 9 16 13 12 9 10 13 10 12 17 7 11 15 13 13 12 12 15 8 13 15 13 7 3 1 18 5 12 13 18 6 15 4 15 10 12 6 12 10 11 8 18 8 14 9 18 6 15 6 15 3 13 2 13 8 15 3 19 4 19 1 14 6 16 3 15 8 18 1 20 -1 15 -1 17 5 15 5 0 4 0 0 0 0 0 0 0 0 ]
CSI_DATA,AP,68:FE:71:12:53:8C,-45,11,1,4,1,1,1,0,0,0,0,-93,0,6,1,26266628,0,84,0,0,26.267,384,[84 -64 4 0 0 0 0 0 0 0 0 0 4 -4 11 -4 7 -4 11 0 11 -2 4 3 8 1 5 -2 12 1 6 4 11 4 4 1 10 -3 9 4 3 6 8 4 5 3 9 3 6 1 3 5 9 5 10 3 4 -1 10 -1 7 3 6 -1 1 -4 7 4 11 -2 6 -1 10 0 2 -1 10 0 2 -4 6 0 6 0 6 -2 5 -5 10 3 9 1 3 -2 10 0 8 -3 8 0 5 -6 4 2 8 2 10 -6 9 2 3 0 5 -7 9 1 7 1 2 0 0 0 0 0 0 0 0 0 ]
CSI_DATA,AP,68:FE:71:12:53:8C,-48,11,1,3,1,1,1,0,0,0,0,-93,0,6,1,26397312,0,84,0,0,26.397,384,[84 -64 4 0 0 0 0 0 0 0 0 0 0 -13 4 -13 2 -20 5 -23 6 -22 6 -15 9 -16 9 -20 8 -20 7 -15 4 -16 6 -17 8 -16 6 -14 8 -19 9 -12 5 -12 7 -10 10 -17 8 -13 8 -14 3 -11 5 -12 9 -12 2 -15 5 -17 -1 4 8 -15 4 -14 1 -10 4 -18 5 -18 6 -12 2 -16 1 -17 6 -18 3 -13 0 -10 4 -13 -3 -17 -1 -15 3 -11 -3 -11 -2 -13 -4 -17 0 -14 4 -16 3 -18 -2 -11 0 -16 -5 -12 -1 -14 -1 -17 -3 -2 0 0 0 0 0 0 0 0 ]
CSI_DATA,AP,68:FE:71:12:53:8C,-49,11,1,3,1,1,1,0,0,0,1,-93,0,6,1,26526010,0,84,0,0,26.526,384,[84 -64 4 0 0 0 0 0 0 0 0 0 -13 -16 -13 -13 -6 -19 -9 -15 -6 -16 -4 -16 -1 -19 -5 -12 -7 -17 -6 -19 -4 -22 -9 -19 -3 -20 0 -21 -2 -16 -2 -16 -5 -20 -3 -12 -5 -18 -5 -16 -2 -14 -3 -20 -5 -18 1 -17 -8 -17 -3 -12 4 0 -8 -16 -3 -14 -8 -16 -3 -16 -5 -10 -7 -12 -6 -17 -5 -12 -8 -17 -7 -17 -11 -15 -11 -14 -11 -14 -12 -16 -10 -17 -10 -10 -5 -10 -11 -11 -12 -11 -12 -9 -7 -12 -11 -10 -9 -13 -13 -8 -6 -9 -9 -8 -1 1 0 0 0 0 0 0 0 0 ]
CSI_DATA,AP,68:FE:71:12:53:8C,-48,11,1,3,1,1,1,0,0,0,0,-93,0,6,1,26661062,0,84,0,0,26.661,384,[84 -64 4 0 0 0 0 0 0 0 0 0 17 -1 13 3 21 1 13 3 18 6 11 2 13 2 18 4 11 3 13 4 16 7 18 8 14 5 18 6 11 3 17 3 12 4 17 4 9 4 13 10 13 3 10 5 16 6 16 3 16 4 14 8 -4 -3 10 5 11 4 11 3 12 8 17 8 11 10 17 8 17 3 17 5 14 3 15 5 10 0 11 4 14 1 18 1 19 6 13 -1 17 0 14 5 15 2 19 0 16 3 17 -2 18 0 12 5 16 4 3 4 0 0 0 0 0 0 0 0 ]
CSI_DATA,AP,68:FE:71:12:53:8C,-44,11,0,0,0,0,0,0,0,0,0,-93,0,6,1,26769795,0,37,0,0,26.77,128,[84 -64 4 0 0 0 0 0 0 0 0 0 -7 15 -13 16 -9 21 -15 18 -18 19 -12 15 -11 13 -12 13 -17 15 -16 16 -14 15 -13 14 -14 10 -12 17 -14 10 -16 12 -17 11 -14 15 -16 12 -13 13 -17 12 -18 14 -10 13 -12 11 -16 12 -16 15 -4 -4 -10 10 -13 16 -16 11 -10 14 -7 9 -14 14 -12 10 -11 16 -14 9 -9 8 -12 13 -6 9 -5 11 -8 17 -8 10 -9 11 -11 16 -3 17 -12 14 -10 17 -3 17 -8 12 -10 18 -4 13 -9 15 -7 15 -4 4 0 0 0 0 0 0 0 0 ]
CSI_DATA,AP,68:FE:71:12:53:8C,-44,11,1,5,1,1,1,1,0,0,0,-95,2,6,1,26891369,0,84,0,0,26.891,384,[84 -64 4 0 0 0 0 0 0 0 0 0 -14 -11 -14 -6 -17 -11 -16 -12 -18 -6 -12 -15 -10 -8 -13 -8 -13 -12 -12 -8 -8 -14 -10 -9 -10 -16 -7 -13 -13 -10 -14 -11 -6 -14 -11 -11 -9 -12 -6 -9 -11 -8 -9 -10 -11 -6 -6 -4 -14 -5 -6 -6 2 0 -11 -10 -12 -9 -8 -10 -15 -9 -7 -7 -7 -3 -7 -4 -14 -3 -11 -7 -8 -5 -8 -8 -7 -1 -11 -6 -7 0 -11 -7 -13 0 -15 -6 -8 0 -15 -1 -16 -6 -12 0 -12 1 -15 -2 -15 -3 -15 -5 -16 3 4 -1 0 0 0 0 0 0 0 0 ]
CSI_DATA,AP,68:FE:71:12:53:8C,-45,11,1,4,1,1,1,1,0,0,0,-96,5,6,1,27014527,0,84,0,0,27.015,384,[84 -64 4 0 0 0 0 0 0 0 0 0 -6 37 -4 38 -8 40 -7 39 -8 36 -8 36 -12 33 -14 31 -13 33 -8 24 -10 28 -11 28 -13 25 -11 28 -13 24 -7 27 -14 23 -7 23 -4 22 -12 22 -6 22 -6 21 -2 18 -6 19 -7 17 -3 18 -1 -2 -6 18 -5 23 -4 22 -5 19 3 21 0 20 3 23 1 24 -1 15 3 13 4 24 7 20 6 21 3 17 7 23 5 24 7 21 6 18 6 25 11 21 4 18 9 26 10 20 7 23 14 25 12 24 1 -3 0 0 0 0 0 0 0 0 ]
CSI_DATA,AP,68:FE:71:12:53:8C,-43,11,1,6,1,1,1,0,0,0,0,-94,0,6,1,27113638,0,84,0,0,27.114,384,[84 -64 4 0 0 0 0 0 0 0 0 0 14 21 13 27 10 26 11 29 7 24 8 23 2 21 3 21 4 17 6 21 2 18 6 15 2 17 -1 14 -2 22 1 21 0 14 2 17 4 19 6 11 6 13 4 17 0 10 2 8 4 9 7 15 -2 4 4 13 9 7 4 14 10 11 7 12 10 12 6 7 9 9 9 6 6 8 9 10 9 5 7 4 9 10 8 10 7 10 15 6 15 7 16 4 15 8 14 9 8 6 13 7 12 -1 11 -1 11 0 3 -3 0 0 0 0 0 0 0 0 ]
CSI_DATA,AP,68:FE:71:12:53:8C,-45,11,1,3,1,1,1,1,0,0,0,-95,3,6,1,27263983,0,84,0,0,27.264,384,[84 -64 4 0 0 0 0 0 0 0 0 0 29 7 28 11 28 9 29 9 26 10 31 11 29 14 24 8 23 11 23 8 23 9 28 11 24 8 20 11 20 6 21 11 18 11 19 5 14 12 19 10 18 6 21 6 14 10 13 6 13 5 14 5 3 3 14 7 18 -1 16 7 12 1 15 -3 13 1 17 3 9 -5 17 -3 10 -3 15 -3 11 1 16 -8 13 0 9 -8 9 -5 10 -4 14 -7 14 -8 13 -4 13 -5 8 -11 11 -4 9 -12 9 -7 9 -12 4 1 0 0 0 0 0 0 0 0 ]
CSI_DATA,AP,68:FE:71:12:53:8C,-46,11,1,5,1,1,1,0,0,0,1,-95,0,6,1,27361231,0,84,0,0,27.361,384,[84 -64 4 0 0 0 0 0 0 0 0 0 -11 -7 -17 -15 -18 -9 -13 -13 -17 -11 -13 -10 -17 -8 -11 -16 -15 -13 -15 -9 -16 -16 -13 -7 -9 -9 -11 -13 -11 -11 -15 -10 -15 -10 -9 -14 -10 -12 -8 -8 -10 -11 -15 -15 -11 -6 -15 -15 -13 -9 -8 -15 3 2 -8 -10 -12 -9 -18 -6 -9 -6 -16 -7 -13 -7 -13 -9 -14 -12 -14 -6 -10 -10 -17 -7 -11 -9 -16 -12 -14 -10 -12 -5 -19 -8 -11 -8 -11 -12 -16 -10 -11 -13 -13 -13 -15 -9 -11 -6 -13 -6 -14 -12 -19 -7 -2 -2 0 0 0 0 0 0 0 0 ]
CSI_DATA,AP,68:FE:71:12:53:8C,-41,11,1,6,1,1,1,0,0,0,0,-96,0,6,1,27496760,0,84,0,0,27.497,384,[84 -64 4 0 0 0 0 0 0 0 0 0 -24 -6 -22 -4 -23 -6 -23 -6 -26 -11 -17 -10 -19 -6 -18 -9 -20 -10 -23 -8 -19 -10 -22 -9 -24 -13 -24 -10 -22 -17 -25 -16 -22 -15 -22 -15 -17 -16 -22 -18 -20 -17 -21 -11 -18 -14 -17 -15 -23 -10 -17 -9 4 3 -17 -13 -23 -7 -26 -13 -21 -12 -21 -13 -24 -15 -17 -11 -22 -11 -24 -13 -17 -12 -27 -5 -25 -12 -21 -11 -24 -5 -26 -6 -28 -11 -25 -6 -22 -7 -21 -11 -26 -7 -26 -14 -22 -8 -25 -7 -29 -7 -27 -9 -23 -7 4 1 0 0 0 0 0 0 0 0 ]
CSI_DATA,AP,68:FE:71:12:53:8C,-44,11,1,5,1,1,1,0,0,0,0,-95,0,6,1,27619961,0,84,0,0,27.62,384,[84 -64 4 0 0 0 0 0 0 0 0 0 3 -2 3 -1 -3 -4 2 -7 6 -8 -1 1 2 -7 2 -6 6 0 7 -4 5 -7 3 0 7 -6 7 -4 2 0 8 0 9 -6 10 -3 2 -5 5 -1 6 -2 7 -2 6 1 12 -6 7 2 5 -5 -4 -1 8 -6 9 -6 9 -3 10 1 5 0 6 1 9 2 11 -1 8 -2 8 -2 10 -8 15 1 8 -1 15 -4 8 0 16 -4 14 -8 8 0 12 -6 9 -5 15 -7 10 0 15 -8 12 -6 10 -9 13 -1 1 -2 0 0 0 0 0 0 0 0 ]
CSI_DATA,AP,68:FE:71:12:53:8C,-48,11,1,4,1,1,1,1,0,0,0,-96,5,6,1,27748449,0,84,0,0,27.748,384,[84 -64 4 0 0 0 0 0 0 0 0 0 5 -21 11 -17 9 -17 9 -21 12 -22 16 -22 11 -18 12 -17 17 -18 20 -16 13 -21 22 -19 19 -24 14 -20 15 -20 19 -18 21 -19 22 -16 16 -18 19 -16 18 -20 17 -15 16 -12 23 -14 22 -19 21 -14 -4 -1 15 -15 17 -22 16 -21 19 -19 17 -17 15 -14 13 -13 19 -19 16 -19 17 -21 9 -16 15 -16 17 -15 16 -16 17 -18 12 -24 9 -22 9 -17 11 -22 9 -18 8 -20 9 -19 7 -17 12 -18 14 -17 13 -17 -2 0 0 0 0 0 0 0 0 0 ]
CSI_DATA,AP,68:FE:71:12:53:8C,-44,11,1,3,1,1,1,0,0,0,0,-94,0,6,1,27871442,0,84,0,0,27.871,384,[84 -64 4 0 0 0 0 0 0 0 0 0 9 -9 8 -3 10 -7 16 -6 16 -2 13 -6 9 -3 15 -7 14 0 12 -1 11 -6 13 -5 14 -5 13 -3 15 0 18 -1 18 -5 12 -3 13 -7 16 1 18 -2 15 -6 12 -4 11 1 14 0 14 1 -4 2 12 -4 14 0 13 -5 18 -6 15 -1 10 -4 13 -3 14 -5 9 1 10 -4 17 -8 15 -4 10 -4 11 0 13 -5 9 -9 16 -8 13 -4 11 -7 15 -7 17 -5 15 -3 12 -8 14 -2 8 -6 9 -6 4 4 0 0 0 0 0 0 0 0 ]
CSI_DATA,AP,68:FE:71:12:53:8C,-46,11,1,3,1,1,1,0,0,0,0,-94,0,6,1,27985516,0,84,0,0,27.986,384,[84 -64 4 0 0 0 0 0 0 0 0 0 20 11 20 9 23 9 22 11 19 8 16 7 21 13 20 15 19 15 15 13 15 16 15 9 12 9 14 16 16 11 17 17 11 12 17 7 18 7 18 8 10 10 14 15 11 13 15 14 14 10 15 10 0 3 9 11 13 6 11 8 10 9 15 6 11 6 10 9 9 7 9 6 17 8 12 2 10 3 12 6 10 9 14 2 13 4 19 8 12 8 13 3 15 -1 16 1 18 8 11 6 19 4 16 6 10 0 0 1 0 0 0 0 0 0 0 0 ]
CSI_DATA,AP,68:FE:71:12:53:8C,-45,11,1,3,1,1,1,0,0,0,0,-93,0,6,1,28071309,0,84,0,0,28.071,384,[84 -64 4 0 0 0 0 0 0 0 0 0 7 14 1 15 7 19 4 22 7 20 2 15 -2 22 5 19 -2 19 3 22 4 16 -3 19 3 15 -3 21 -2 16 3 16 1 20 -3 13 0 21 3 15 1 12 1 14 4 15 0 16 -3 17 1 15 3 -4 4 12 -2 11 -3 16 3 16 5 15 1 13 4 16 5 10 -2 18 2 18 3 11 7 12 7 18 7 16 4 10 6 14 3 12 5 13 8 11 3 14 5 11 0 18 6 16 4 18 8 12 4 17 4 -2 0 0 0 0 0 0 0 0 ]
CSI_DATA,AP,68:FE:71:12:53:8C,-47,11,1,4,1,1,1,1,0,0,0,-93,6,6,1,28192905,0,84,0,0,28.193,384,[84 -64 4 0 0 0 0 0 0 0 0 0 18 -7 17 -7 16 -10 16 -5 16 -8 20 -4 21 -6 15 -2 17 -3 13 -1 13 -5 13 0 16 -6 15 -1 14 -2 17 0 14 3 17 -1 12 1 18 -1 11 -4 18 2 15 1 18 -2 18 -3 18 4 0 0 12 -2 15 -4 10 3 9 -6 16 0 13 -2 15 -4 11 -6 16 -2 17 -7 16 -1 15 -4 15 -1 13 -8 11 -7 17 -9 10 -7 14 -2 17 -3 9 -8 12 -3 8 -6 11 -2 9 -6 14 -4 13 -9 -1 -4 0 0 0 0 0 0 0 0 ]
CSI_DATA,AP,68:FE:71:12:53:8C,-44,11,1,3,1,1,1,0,0,0,0,-93,0,6,1,28311654,0,84,0,0,28.312,384,[84 -64 4 0 0 0 0 0 0 0 0 0 -20 -5 -15 -14 -22 -7 -13 -8 -13 -14 -13 -14 -17 -10 -14 -10 -19 -12 -12 -12 -13 -15 -14 -12 -14 -11 -10 -13 -17 -11 -14 -16 -9 -18 -12 -15 -15 -15 -11 -13 -11 -13 -14 -14 -12 -15 -12 -12 -15 -10 -10 -10 0 4 -13 -11 -10 -8 -10 -11 -12 -15 -10 -8 -11 -10 -16 -15 -11 -10 -13 -13 -15 -11 -14 -5 -15 -11 -10 -8 -17 -12 -12 -5 -10 -6 -10 -7 -10 -9 -13 -5 -11 -11 -18 -5 -16 -3 -14 -10 -15 -8 -14 -8 -13 -5 4 3 0 0 0 0 0 0 0 0 ]
CSI_DATA,AP,68:FE:71:12:53:8C,-40,11,1,5,1,1,1,0,0,0,1,-94,0,6,1,28414281,0,84,0,0,28.414,384,[84 -64 4 0 0 0 0 0 0 0 0 0 16 -2 17 1 23 5 17 2 16 9 21 2 19 8 15 6 15 5 18 5 18 5 16 6 20 5 16 4 19 3 18 11 12 7 15 6 12 7 13 9 13 3 12 9 13 8 12 6 14 10 15 5 3 -1 13 9 14 5 11 7 15 1 11 3 10 6 10 2 10 3 10 3 13 1 12 2 13 2 12 6 16 4 18 1 17 0 19 -1 15 0 18 3 16 -4 13 5 18 1 15 3 11 -4 14 -4 11 -4 -4 0 0 0 0 0 0 0 0 0 ]
CSI_DATA,AP,68:FE:71:12:53:8C,-45,11,1,4,1,1,1,0,0,0,0,-96,0,6,1,28503885,0,84,0,0,28.504,384,[84 -64 4 0 0 0 0 0 0 0 0 0 11 15 12 15 16 16 15 12 11 15 10 16 13 12 14 14 5 15 6 18 5 19 13 15 6 12 11 12 10 12 5 21 4 15 8 12 6 19 3 16 7 18 4 17 10 16 10 16 4 18 3 18 -1 -4 10 11 9 15 4 18 8 13 3 17 4 9 8 10 10 14 9 15 10 12 7 13 6 8 10 9 6 11 14 10 10 14 13 13 11 14 9 11 9 11 13 9 10 15 7 9 8 8 16 12 9 8 -4 2 0 0 0 0 0 0 0 0 ]
CSI_DATA,AP,68:FE:71:12:53:8C,-47,11,1,4,1,1,1,1,0,0,0,-95,1,6,1,28617095,0,84,0,0,28.617,384,[84 -64 4 0 0 0 0 0 0 0 0 0 -21 -5 -20 -7 -18 -8 -22 -9 -21 -7 -23 -3 -17 -2 -18 -5 -20 -6 -21 -4 -17 -11 -17 -10 -22 -8 -16 -10 -19 -7 -14 -5 -12 -6 -15 -7 -16 -11 -18 -11 -16 -9 -17 -8 -15 -4 -13 -12 -13 -5 -13 -7 -1 -1 -12 -10 -18 -6 -17 -9 -19 -4 -12 -7 -13 -9 -16 -5 -16 -3 -11 -9 -15 -6 -12 -6 -13 -4 -14 -1 -12 -2 -19 -2 -17 0 -20 -1 -19 -3 -17 -5 -18 -1 -20 -3 -17 0 -16 -5 -19 -1 -15 3 -15 0 -1 -4 0 0 0 0 0 0 0 0 ]
CSI_DATA,AP,68:FE:71:12:53:8C,-41,11,1,6,1,1,1,0,0,0,0,-94,0,6,1,28740047,0,84,0,0,28.74,384,[84 -64 4 0 0 0 0 0 0 0 0 0 16 18 16 16 16 18 16 21 11 14 9 15 10 15 12 18 11 17 12 19 9 18 11 16 6 22 11 18 9 15 8 17 4 14 6 12 3 15 2 13 9 19 9 14 4 15 8 17 2 12 9 17 -4 -1 9 17 6 14 7 12 4 19 4 10 5 19 5 16 9 17 10 15 8 16 8 10 10 10 10 17 5 9 6 11 6 13 11 13 7 12 13 13 15 16 7 13 12 9 11 14 10 15 8 9 14 10 4 2 0 0 0 0 0 0 0 0 ]
CSI_DATA,AP,68:FE:71:12:53:8C,-45,11,1,5,1,1,1,0,0,0,0,-93,0,6,1,28858391,0,84,0,0,28.858,384,[84 -64 4 0 0 0 0 0 0 0 0 0 -21 9 -16 9 -18 3 -18 5 -18 4 -22 8 -22 5 -23 3 -17 6 -23 1 -19 5 -16 5 -19 -1 -16 2 -19 -2 -18 -3 -13 1 -19 1 -18 1 -17 2 -13 1 -20 -2 -13 -2 -16 3 -13 1 -14 4 -2 -2 -14 -1 -19 0 -13 5 -15 -1 -15 5 -11 6 -20 5 -11 0 -18 -2 -19 2 -16 -1 -17 7 -17 5 -14 2 -16 0 -14 1 -16 6 -10 5 -17 7 -13 3 -16 4 -17 5 -14 3 -16 9 -18 7 -16 7 -4 -3 0 0 0 0 0 0 0 0 ]
CSI_DATA,AP,68:FE:71:12:53:8C,-44,11,1,5,1,1,1,0,0,0,0,-95,0,6,1,28931939,0,84,0,0,28.932,384,[84 -64 4 0 0 0 0 0 0 0 0 0 -21 -3 -18 -3 -22 -1 -21 1 -20 -5 -23 0 -21 -3 -16 -2 -18 -6 -19 -2 -22 -10 -16 -3 -18 -6 -17 -9 -15 -3 -17 -8 -18 -9 -17 -9 -18 -7 -16 -7 -15 -3 -13 -7 -15 -5 -21 -2 -13 -10 -13 -3 1 0 -16 -6 -19 -8 -12 -7 -17 -2 -18 -5 -15 -2 -18 -4 -11 -1 -14 -5 -16 1 -12 -4 -13 0 -21 -2 -18 -2 -19 -1 -19 -1 -18 2 -14 3 -18 3 -18 -2 -12 -2 -17 0 -21 -3 -18 5 -18 -2 -15 -2 2 2 0 0 0 0 0 0 0 0 ]
CSI_DATA,AP,68:FE:71:12:53:8C,-44,11,1,4,1,1,1,0,0,0,0,-94,0,6,1,29053384,0,84,0,0,29.053,384,[84 -64 4 0 0 0 0 0 0 0 0 0 18 0 18 -4 22 2 19 -4 20 3 22 5 22 2 19 1 22 5 19 4 17 0 19 5 17 5 20 0 14 3 17 5 20 7 19 4 20 1 14 7 14 4 20 0 15 8 17 5 19 3 14 1 -4 4 14 0 14 1 15 3 12 -1 13 3 13 -3 14 -2 12 1 17 -2 13 2 18 -1 11 4 11 3 15 -1 16 1 11 2 12 -5 19 1 14 -3 13 -4 15 1 18 -4 11 -6 17 -6 15 -5 14 -6 4 -2 0 0 0 0 0 0 0 0 ]
CSI_DATA,AP,68:FE:71:12:53:8C,-47,11,1,3,1,1,1,0,0,0,0,-94,0,6,1,29160565,0,84,0,0,29.161,384,[84 -64 4 0 0 0 0 0 0 0 0 0 16 -10 17 -12 17 -13 21 -8 17 -7 15 -11 13 -9 16 -10 19 -10 18 -9 17 -9 15 -5 19 -2 16 -7 17 -2 16 0 20 0 11 -4 18 -6 17 -7 17 -5 14 0 11 -7 16 -1 11 -6 11 -3 0 1 15 -7 10 -1 14 -6 13 -3 15 -7 16 -7 16 -1 12 -9 15 -5 12 -4 14 -2 16 -4 16 -4 12 -7 10 -10 15 -7 13 -3 9 -11 9 -11 13 -8 15 -7 12 -7 10 -7 15 -5 10 -11 9 -12 1 1 0 0 0 0 0 0 0 0 ]
CSI_DATA,AP,68:FE:71:12:53:8C,-45,11,1,5,1,1,1,0,0,0,0,-94,0,6,1,29260414,0,84,0,0,29.26,384,[84 -64 4 0 0 0 0 0 0 0 0 0 0 22 0 16 5 19 6 24 2 16 3 23 2 22 0 21 -3 20 0 16 -1 19 -3 16 -2 23 -6 21 0 19 -5 17 -4 20 1 21 -4 22 -1 13 -4 16 -4 16 -3 13 -1 18 -2 13 -2 18 -1 3 -4 13 -1 16 -4 15 4 19 1 13 -3 18 1 19 0 11 1 14 6 18 2 18 1 13 6 11 -1 13 1 18 6 12 1 11 7 11 1 14 3 10 6 14 9 19 1 12 4 17 1 11 2 17 -1 2 0 0 0 0 0 0 0 0 ]
CSI_DATA,AP,68:FE:71:12:53:8C,-50,11,1,2,1,1,1,0,0,0,0,-94,0,6,1,29396816,0,84,0,0,29.397,384,[84 -64 4 0 0 0 0 0 0 0 0 0 5 -23 4 -16 0 -23 2 -23 5 -22 4 -23 10 -22 4 -21 8 -22 9 -15 12 -20 6 -22 6 -17 11 -19 11 -16 10 -16 8 -16 12 -13 7 -19 6 -16 7 -16 7 -15 9 -12 10 -13 6 -18 10 -11 2 2 5 -18 9 -11 8 -15 7 -13 2 -17 7 -14 9 -13 1 -12 6 -17 0 -16 4 -16 2 -12 4 -16 0 -19 2 -14 -1 -13 -2 -13 2 -18 1 -13 -2 -17 4 -16 1 -13 0 -14 -3 -14 1 -17 -2 -14 -4 1 0 0 0 0 0 0 0 0 ]
CSI_DATA,AP,68:FE:71:12:53:8C,-38,11,1,7,1,1,1,0,0,0,0,-96,0,6,1,29517820,0,84,0,0,29.518,384,[84 -64 4 0 0 0 0 0 0 0 0 0 -10 -20 -7 -20 -8 -19 -12 -20 -14 -15 -6 -20 -6 -20 -5 -15 -5 -16 -6 -16 -6 -19 -10 -19 -10 -22 -8 -21 -9 -21 -3 -19 -10 -14 -7 -21 -9 -20 -5 -14 -6 -15 -10 -18 -6 -16 -2 -20 -2 -14 -7 -21 -4 -1 -7 -20 -2 -17 -4 -17 -11 -13 -11 -12 -7 -14 -6 -19 -5 -10 -6 -12 -6 -12 -9 -14 -8 -19 -5 -16 -8 -11 -11 -15 -8 -16 -7 -11 -7 -16 -11 -12 -11 -12 -12 -15 -13 -14 -8 -13 -10 -14 -8 -11 -11 -15 1 0 0 0 0 0 0 0 0 0 ]
CSI_DATA,AP,68:FE:71:12:53:8C,-48,11,1,5,1,1,1,0,0,0,1,-95,0,6,1,29618221,0,84,0,0,29.618,384,[84 -64 4 0 0 0 0 0 0 0 0 0 1 -22 -3 -22 -2 -18 4 -18 6 -19 8 -16 1 -19 6 -23 8 -19 9 -21 4 -22 6 -22 2 -16 7 -21 6 -21 5 -13 7 -18 8 -13 2 -17 9 -14 2 -18 4 -20 8 -11 8 -19 9 -16 7 -13 -4 1 1 -13 4 -14 -1 -17 0 -14 3 -14 3 -14 -1 -17 3 -20 1 -18 1 -20 3 -18 4 -14 5 -19 2 -15 2 -12 3 -13 1 -17 -4 -14 1 -13 -1 -16 -4 -15 -1 -20 1 -17 1 -14 2 -18 1 -14 1 -4 0 0 0 0 0 0 0 0 ]
CSI_DATA,AP,68:FE:71:12:53:8C,-44,11,1,4,1,1,1,0,0,0,0,-94,0,6,1,29729842,0,84,0,0,29.73,384,[84 -64 4 0 0 0 0 0 0 0 0 0 -22 28 -27 29 -24 26 -25 25 -26 27 -31 22 -29 27 -28 26 -32 27 -25 25 -31 21 -29 21 -30 19 -26 18 -27 20 -34 19 -28 24 -25 14 -30 20 -25 15 -31 22 -29 21 -24 18 -31 18 -24 16 -21 16 2 -3 -26 14 -22 16 -24 17 -23 23 -20 21 -21 20 -26 17 -18 20 -25 21 -19 20 -24 21 -19 18 -22 20 -21 20 -23 22 -15 27 -19 23 -19 21 -15 25 -16 28 -16 21 -18 27 -13 22 -17 31 -17 26 -14 25 2 1 0 0 0 0 0 0 0 0 ]
CSI_DATA,AP,68:FE:71:12:53:8C,-48,11,1,3,1,1,1,1,0,0,0,-96,4,6,1,29813243,0,84,0,0,29.813,384,[84 -64 4 0 0 0 0 0 0 0 0 0 -12 20 -16 12 -9 16 -15 11 -12 16 -11 13 -11 10 -18 16 -15 17 -18 12 -16 12 -13 9 -16 13 -17 9 -17 15 -18 15 -20 7 -18 8 -16 10 -13 10 -13 13 -15 6 -10 6 -12 14 -19 6 -16 9 -4 1 -11 12 -16 14 -12 10 -10 14 -8 10 -14 7 -10 7 -10 14 -11 15 -7 11 -13 12 -12 16 -13 12 -8 16 -6 12 -11 14 -6 14 -8 11 -12 13 -10 12 -12 13 -6 14 -10 14 -6 17 -11 11 -11 9 -4 -3 0 0 0 0 0 0 0 0 ]
CSI_DATA,AP,68:FE:71:12:53:8C,-44,11,0,0,0,0,0,0,0,0,0,-95,0,6,1,29913897,0,37,0,0,29.914,128,[84 -64 4 0 0 0 0 0 0 0 0 0 -12 19 -5 17 -6 15 -9 23 -12 19 -9 21 -8 20 -13 19 -15 18 -10 12 -16 14 -13 13 -10 16 -17 13 -11 14 -14 10 -12 18 -11 9 -12 9 -14 15 -10 14 -11 15 -9 13 -12 12 -10 17 -9 12 4 3 -10 11 -13 13 -12 17 -5 14 -13 15 -8 10 -6 11 -9 15 -11 15 -7 11 -6 16 -2 16 -2 14 -8 16 -7 18 -7 13 -5 13 -8 19 -4 14 -2 12 -7 11 -8 12 0 15 -1 20 -5 14 -7 15 -4 3 0 0 0 0 0 0 0 0 ]
CSI_DATA,AP,68:FE:71:12:53:8C,-47,11,1,3,1,1,1,1,0,0,0,-95,5,6,1,30006037,0,84,0,0,30.006,384,[84 -64 4 0 0 0 0 0 0 0 0 0 -18 0 -19 3 -18 5 -25 -1 -18 4 -17 1 -17 -5 -20 3 -16 1 -22 1 -22 0 -18 -3 -22 -5 -24 -2 -16 0 -18 -3 -23 -1 -22 -5 -15 -6 -16 0 -22 -6 -21 -6 -14 -1 -20 -6 -20 -7 -21 -4 -2 -2 -13 2 -21 -5 -18 -3 -20 -3 -14 2 -19 1 -18 1 -14 -4 -15 -4 -14 1 -20 0 -13 -1 -15 3 -21 1 -20 2 -17 -1 -13 -3 -16 5 -17 2 -15 4 -20 6 -13 -2 -16 3 -22 5 -14 7 -20 2 -4 2 0 0 0 0 0 0 0 0 ]
CSI_DATA,AP,68:FE:71:12:53:8C,-43,11,1,5,1,1,1,0,0,0,0,-93,0,6,1,30116079,0,84,0,0,30.116,384,[84 -64 4 0 0 0 0 0 0 0 0 0 -15 -13 -16 -16 -14 -12 -15 -17 -15 -13 -15 -17 -14 -15 -13 -21 -12 -18 -11 -14 -16 -18 -11 -15 -16 -19 -15 -18 -12 -13 -15 -19 -13 -18 -5 -14 -12 -17 -10 -13 -8 -19 -13 -18 -10 -19 -13 -15 -14 -15 -9 -12 4 -4 -6 -12 -11 -16 -9 -11 -8 -9 -10 -13 -10 -13 -14 -13 -13 -13 -14 -10 -9 -8 -13 -8 -10 -9 -14 -11 -12 -12 -9 -8 -17 -13 -11 -12 -18 -14 -12 -8 -15 -5 -12 -9 -14 -10 -13 -11 -20 -6 -15 -7 -14 -8 -3 2 0 0 0 0 0 0 0 0 ]
CSI_DATA,AP,68:FE:71:12:53:8C,-43,11,1,4,1,1,1,0,0,0,0,-94,0,6,1,30262983,0,84,0,0,30.263,384,[84 -64 4 0 0 0 0 0 0 0 0 0 -14 11 -14 16 -21 15 -15 17 -16 10 -17 13 -16 7 -18 4 -20 12 -17 7 -23 12 -21 8 -24 8 -18 7 -23 11 -16 5 -20 3 -22 9 -17 8 -18 3 -15 5 -14 10 -21 8 -17 4 -22 7 -14 3 -1 1 -18 3 -21 9 -14 9 -13 9 -16 9 -15 4 -19 6 -17 11 -17 9 -13 5 -15 15 -14 12 -12 7 -11 12 -10 11 -14 13 -14 14 -14 12 -11 13 -13 15 -11 12 -16 15 -12 9 -12 18 -17 16 -13 11 0 3 0 0 0 0 0 0 0 0 ]
CSI_DATA,AP,68:FE:71:12:53:8C,-48,11,1,4,1,1,1,0,0,0,0,-93,0,6,1,30366106,0,84,0,0,30.366,384,[84 -64 4 0 0 0 0 0 0 0 0 0 -18 -5 -18 -3 -24 -6 -25 -6 -21 -12 -20 -10 -17 -13 -16 -7 -16 -12 -23 -12 -16 -10 -20 -14 -23 -14 -21 -9 -22 -7 -22 -9 -20 -11 -20 -11 -18 -13 -14 -8 -21 -6 -13 -10 -16 -11 -13 -9 -21 -6 -13 -6 -2 0 -18 -5 -19 -10 -20 -10 -17 -9 -16 -11 -20 -10 -13 -4 -19 -9 -18 -9 -15 -6 -20 -1 -20 -4 -17 -8 -18 -8 -16 -3 -15 -3 -19 -8 -20 -4 -19 -3 -19 -3 -20 -2 -15 0 -17 3 -14 -1 -14 -2 -19 -1 -3 3 0 0 0 0 0 0 0 0 ]
CSI_DATA,AP,68:FE:71:12:53:8C,-48,11,1,4,1,1,1,0,0,0,0,-95,0,6,1,30483325,0,84,0,0,30.483,384,[84 -64 4 0 0 0 0 0 0 0 0 0 -10 19 -6 17 -5 23 -5 22 -5 18 -8 21 -13 22 -7 17 -13 20 -9 13 -13 22 -11 22 -14 17 -16 13 -10 13 -16 20 -13 15 -7 19 -13 11 -15 14 -9 13 -8 15 -7 13 -7 13 -11 15 -8 13 2 0 -14 14 -13 14 -10 13 -5 14 -13 11 -10 13 -13 19 -11 15 -6 13 -10 13 -9 17 -8 16 -7 12 -6 16 -7 15 -8 12 -6 13 -2 20 -10 19 -2 17 -6 20 -9 14 -4 20 -9 20 -9 15 -7 18 2 0 0 0 0 0 0 0 0 0 ]
CSI_DATA,AP,68:FE:71:12:53:8C,-49,11,1,3,1,1,1,0,0,0,0,-96,0,6,1,30615797,0,84,0,0,30.616,384,[84 -64 4 0 0 0 0 0 0 0 0 0 8 13 9 13 16 21 11 17 9 14 13 18 10 20 7 22 8 20 4 20 4 23 8 20 9 18 3 15 10 22 3 18 5 20 3 19 7 22 9 21 7 18 5 18 1 16 3 20 3 13 9 20 -2 2 5 12 6 20 5 20 10 13 3 14 4 14 7 16 7 17 4 17 7 13 10 10 9 15 6 15 13 17 9 13 13 11 13 10 15 9 11 17 15 11 10 16 8 12 9 16 13 12 12 10 10 13 4 2 0 0 0 0 0 0 0 0 ]
CSI_DATA,AP,68:FE:71:12:53:8C,-44,11,1,3,1,1,1,0,0,0,0,-93,0,6,1,30734320,0,84,0,0,30.734,384,[84 -64 4 0 0 0 0 0 0 0 0 0 23 -11 18 -7 23 -9 18 -11 23 -8 20 -7 17 -4 22 -9 17 -2 18 -3 19 -4 17 -9 23 -4 22 -2 15 -7 22 -2 22 -4 22 -7 18 -2 16 -3 20 -2 22 -8 20 -5 18 -1 23 0 15 -5 -2 -2 20 -8 19 -1 19 -3 19 -2 16 -5 13 -5 17 -8 14 -6 15 -7 15 -11 14 -12 11 -7 13 -4 12 -7 16 -10 17 -6 16 -12 17 -10 16 -11 10 -12 17 -9 13 -10 18 -8 12 -9 11 -7 13 -7 4 -2 0 0 0 0 0 0 0 0 ]
CSI_DATA,AP,68:FE:71:12:53:8C,-48,11,1,5,1,1,1,0,0,0,0,-94,0,6,1,30822912,0,84,0,0,30.823,384,[84 -64 4 0 0 0 0 0 0 0 0 0 13 14 17 9 15 16 16 17 11 19 11 17 16 19 12 18 13 18 8 11 10 18 13 18 11 18 11 18 10 12 9 12 8 11 11 18 10 13 6 15 6 11 12 15 10 18 6 15 13 19 7 9 0 -4 7 13 8 14 10 11 9 10 7 15 13 13 11 9 10 15 15 7 14 6 13 14 14 9 13 9 16 13 9 7 16 14 9 11 9 9 15 11 10 10 9 9 11 12 17 5 12 4 16 6 13 11 2 -3 0 0 0 0 0 0 0 0 ]
CSI_DATA,AP,68:FE:71:12:53:8C,-46,11,1,5,1,1,1,0,0,0,1,-96,0,6,1,30951621,0,84,0,0,30.952,384,[84 -64 4 0 0 0 0 0 0 0 0 0 0 19 -1 18 3 19 1 25 5 24 -2 18 -2 16 2 14 -5 20 -4 17 -6 16 0 23 0 19 -2 17 -2 15 -4 24 -5 19 -3 19 -7 17 -7 13 -2 21 -5 18 -7 16 -1 21 -4 15 -1 17 4 0 0 18 0 16 0 15 -1 12 -3 19 -4 18 -1 16 -3 11 3 11 -2 15 -1 14 2 19 4 11 3 12 5 12 3 16 0 19 1 20 2 15 8 15 2 15 4 12 6 14 5 16 5 17 5 19 0 -3 0 0 0 0 0 0 0 0 ]
CSI_DATA,AP,68:FE:71:12:53:8C,-47,11,1,3,1,1,1,0,0,0,0,-95,0,6,1,31061301,0,84,0,0,31.061,384,[84 -64 4 0 0 0 0 0 0 0 0 0 10 19 7 17 3 21 9 20 6 18 7 17 4 18 6 19 1 18 6 17 -3 17 -3 16 3 24 2 21 -4 22 3 20 1 21 -2 21 -1 13 0 22 -4 17 -4 21 -2 19 3 20 2 14 -1 21 -1 -3 4 18 4 20 3 14 6 14 3 13 1 16 3 12 -2 19 2 17 2 13 3 16 3 15 4 16 3 19 1 17 4 10 7 12 2 12 6 19 8 9 1 17 3 13 8 17 7 16 9 17 3 15 0 2 0 0 0 0 0 0 0 0 ]
CSI_DATA,AP,68:FE:71:12:53:8C,-50,11,1,2,1,1,1,0,0,0,0,-96,0,6,1,31197110,0,84,0,0,31.197,384,[84 -64 4 0 0 0 0 0 0 0 0 0 -16 3 -23 8 -21 3 -23 2 -21 5 -22 1 -20 -1 -17 -3 -22 2 -22 1 -26 1 -24 -4 -20 3 -21 2 -16 -4 -25 -3 -19 0 -19 -5 -15 -2 -22 -3 -21 -6 -19 2 -13 -1 -19 -1 -17 0 -21 -4 3 2 -14 0 -17 3 -15 -3 -15 1 -21 3 -16 0 -19 3 -16 -3 -19 5 -14 4 -21 8 -18 3 -15 5 -18 6 -15 2 -18 8 -20 2 -12 5 -18 5 -14 9 -17 7 -14 3 -16 7 -20 6 -15 7 -18 10 0 -4 0 0 0 0 0 0 0 0 ]
CSI_DATA,AP,68:FE:71:12:53:8C,-45,11,1,5,1,1,1,0,0,0,0,-94,0,6,1,31305831,0,84,0,0,31.306,384,[84 -64 4 0 0 0 0 0 0 0 0 0 -9 18 -8 24 -8 20 -10 19 -12 18 -12 19 -13 17 -11 16 -7 18 -15 18 -15 16 -12 21 -11 21 -13 18 -11 17 -13 15 -11 14 -14 16 -16 11 -16 9 -15 15 -8 15 -14 11 -8 10 -10 11 -9 12 -4 3 -11 12 -10 13 -12 13 -13 12 -10 14 -6 14 -8 16 -6 16 -13 11 -10 16 -10 19 -7 11 -8 15 -6 12 -7 11 -11 18 -5 19 -2 19 -6 17 -3 19 -9 16 -4 11 -9 12 -7 21 -4 14 -1 19 -3 -2 0 0 0 0 0 0 0 0 ]
CSI_DATA,AP,68:FE:71:12:53:8C,-45,11,1,4,1,1,1,0,0,0,0,-95,0,6,1,31434591,0,84,0,0,31.435,384,[84 -64 4 0 0 0 0 0 0 0 0 0 -12 16 -9 19 -15 18 -18 22 -8 18 -14 19 -14 19 -14 15 -19 9 -12 14 -13 14 -16 17 -13 15 -18 16 -13 9 -18 11 -19 14 -10 11 -11 11 -14 15 -12 9 -12 14 -13 10 -11 14 -16 16 -11 13 4 2 -11 9 -15 14 -17 17 -10 12 -15 16 -9 15 -14 11 -8 14 -13 9 -6 16 -14 10 -13 16 -14 12 -7 16 -14 17 -7 19 -13 11 -6 17 -13 13 -5 17 -4 14 -10 12 -7 14 -7 15 -7 17 -6 15 -4 4 0 0 0 0 0 0 0 0 ]
CSI_DATA,AP,68:FE:71:12:53:8C,-48,11,1,5,1,1,1,0,0,0,0,-95,0,6,1,31525974,0,84,0,0,31.526,384,[84 -64 4 0 0 0 0 0 0 0 0 0 23 6 15 10 21 8 22 6 21 7 14 5 19 8 13 5 20 9 19 12 21 5 15 13 19 7 14 10 18 14 13 9 19 12 18 7 12 11 16 6 12 8 13 5 9 8 17 11 11 11 14 9 0 1 16 8 16 11 14 9 15 3 18 8 16 10 18 9 12 6 18 3 12 1 17 0 15 7 15 0 17 4 12 7 19 5 19 1 13 3 16 3 12 4 17 -2 18 4 13 3 17 4 18 0 14 -3 3 3 0 0 0 0 0 0 0 0 ]
CSI_DATA,AP,68:FE:71:12:53:8C,-45,11,1,4,1,1,1,0,0,0,0,-96,0,6,1,31637009,0,84,0,0,31.637,384,[84 -64 4 0 0 0 0 0 0 0 0 0 1 21 -6 18 -6 21 -1 25 -5 21 -8 20 -11 22 -3 21 -9 20 -10 17 -10 16 -7 22 -10 18 -4 19 -10 16 -4 21 -6 17 -8 16 -6 12 -10 11 -9 18 -7 14 -9 14 -4 13 -8 21 -5 14 1 4 -7 14 -11 16 -5 13 -4 12 -5 19 -5 15 -3 12 -7 18 -7 13 -3 15 -3 15 -6 16 0 13 -2 20 -7 19 -2 20 -7 13 -5 12 1 13 -1 15 -1 17 1 16 0 15 -1 14 -4 11 -1 14 3 3 0 0 0 0 0 0 0 0 ]
CSI_DATA,AP,68:FE:71:12:53:8C,-42,11,1,5,1,1,1,0,0,0,0,-94,0,6,1,31778549,0,84,0,0,31.779,384,[84 -64 4 0 0 0 0 0 0 0 0 0 12 17 13 15 7 19 11 23 8 17 10 20 4 22 10 19 10 23 9 16 3 16 9 17 4 16 4 17 5 17 6 17 7 19 1 21 1 21 0 18 -2 15 4 15 -2 15 4 21 2 15 0 14 -4 3 7 20 6 13 1 13 9 19 6 17 7 20 5 13 8 13 7 17 1 13 7 13 6 13 10 17 10 20 9 19 11 16 8 13 10 10 4 11 13 11 6 17 10 16 10 10 8 18 6 15 4 12 1 -2 0 0 0 0 0 0 0 0 ]
CSI_DATA,AP,68:FE:71:12:53:8C,-47,11,1,5,1,1,1,0,0,0,0,-96,0,6,1,31892583,0,84,0,0,31.893,384,[84 -64 4 0 0 0 0 0 0 0 0 0 0 -20 -6 -21 -1 -19 -6 -26 0 -19 -2 -18 1 -22 0 -18 1 -24 4 -24 4 -23 -2 -18 5 -24 4 -24 5 -19 1 -21 0 -17 -1 -18 5 -20 6 -21 7 -17 6 -16 2 -17 1 -19 6 -21 3 -14 -3 -2 4 -21 1 -18 5 -15 1 -20 1 -21 -1 -21 1 -15 -1 -21 -4 -18 -1 -21 -3 -19 3 -18 -5 -17 -1 -18 -4 -15 -3 -20 -1 -19 -4 -19 -1 -14 -4 -17 -1 -21 -7 -14 -7 -18 -4 -14 0 -13 -7 -14 -1 4 0 0 0 0 0 0 0 0 ]
CSI_DATA,AP,68:FE:71:12:53:8C,-47,11,1,4,1,1,1,0,0,0,0,-96,0,6,1,32027100,0,84,0,0,32.027,384,[84 -64 4 0 0 0 0 0 0 0 0 0 -4 20 -11 21 -10 20 -8 20 -9 15 -10 18 -9 14 -10 13 -11 17 -15 14 -17 17 -14 17 -16 17 -14 12 -13 10 -15 15 -8 13 -16 12 -12 11 -9 11 -14 14 -12 11 -13 13 -11 16 -15 14 -8 15 3 4 -6 9 -11 15 -12 16 -10 14 -7 12 -9 14 -7 13 -12 12 -10 10 -8 13 -8 14 -9 14 -4 12 -4 14 -7 11 -5 12 -9 18 -8 18 -5 17 -4 17 -6 15 -7 10 -6 16 -1 13 0 13 -6 18 -4 1 0 0 0 0 0 0 0 0 ]
CSI_DATA,AP,68:FE:71:12:53:8C,-47,11,1,4,1,1,1,1,0,0,0,-93,1,6,1,32153547,0,84,0,0,32.154,384,[84 -64 4 0 0 0 0 0 0 0 0 0 16 10 21 12 21 8 18 14 19 16 16 14 12 17 11 10 19 18 17 16 18 11 19 15 17 11 15 14 16 13 15 15 8 17 13 15 15 18 16 14 11 10 11 13 12 16 15 14 12 11 12 17 -4 -1 9 8 12 10 10 14 9 9 11 11 11 9 14 12 15 8 9 8 13 6 14 13 16 10 12 9 12 6 13 12 14 7 17 10 17 7 11 10 19 4 14 3 14 4 15 3 12 4 13 4 12 6 4 2 0 0 0 0 0 0 0 0 ]
CSI_DATA,AP,68:FE:71:12:53:8C,-44,11,1,5,1,1,1,0,0,0,0,-95,0,6,1,32268604,0,84,0,0,32.269,384,[84 -64 4 0 0 0 0 0 0 0 0 0 -6 21 -14 15 -14 20 -9 21 -11 21 -17 16 -13 13 -13 16 -16 18 -14 16 -14 17 -16 17 -19 11 -15 13 -16 17 -17 18 -13 10 -12 15 -11 10 -16 11 -13 14 -10 16 -14 14 -10 14 -14 16 -15 13 -2 -1 -14 11 -14 17 -8 15 -8 15 -8 12 -11 10 -15 16 -11 14 -6 16 -6 9 -10 17 -11 13 -13 16 -12 17 -5 12 -8 17 -11 16 -5 16 -11 18 -9 11 -12 13 -4 17 -6 15 -7 17 -3 19 -3 15 1 3 0 0 0 0 0 0 0 0 ]
CSI_DATA,AP,68:FE:71:12:53:8C,-41,11,1,4,1,1,1,0,0,0,1,-94,0,6,1,32394820,0,84,0,0,32.395,384,[84 -64 4 0 0 0 0 0 0 0 0 0 -14 -30 -10 -30 -9 -26 -8 -27 -10 -25 -3 -27 -6 -28 -4 -30 -3 -28 -1 -22 -8 -24 -8 -28 -4 -30 0 -23 -1 -21 0 -26 -5 -25 -5 -25 -2 -28 0 -20 0 -24 0 -22 2 -17 0 -27 -2 -28 1 -23 -1 -4 2 -17 -7 -18 -4 -18 -6 -23 -8 -19 -7 -18 -7 -22 -9 -23 -3 -17 -2 -14 -4 -21 -2 -17 -9 -14 -6 -22 -6 -20 -6 -13 -11 -19 -13 -19 -10 -14 -13 -20 -12 -17 -9 -20 -10 -14 -11 -15 -6 -13 -9 -18 0 -1 0 0 0 0 0 0 0 0 ]
CSI_DATA,AP,68:FE:71:12:53:8C,-45,11,1,3,1,1,1,0,0,0,0,-95,0,6,1,32521663,0,84,0,0,32.522,384,[84 -64 4 0 0 0 0 0 0 0 0 0 7 -2 12 -7 11 -4 7 -3 7 -6 11 -6 9 -7 6 -1 10 -4 14 -1 13 -2 12 -5 11 0 7 -3 8 2 13 -3 9 2 12 0 12 -5 13 -3 12 -5 10 1 11 -3 9 -3 7 -2 10 0 0 3 11 1 4 -3 11 -5 8 -3 8 1 10 -1 12 -1 13 -4 10 0 11 -7 9 -7 10 -5 8 0 9 -4 7 -1 4 -4 4 -3 10 -6 5 -5 5 -8 7 -5 7 -8 10 -9 5 -6 4 -4 8 -7 -1 2 0 0 0 0 0 0 0 0 ]
CSI_DATA,AP,68:FE:71:12:53:8C,-46,11,1,4,1,1,1,0,0,0,0,-96,0,6,1,32626439,0,84,0,0,32.626,384,[84 -64 4 0 0 0 0 0 0 0 0 0 -11 0 -13 2 -13 -1 -13 2 -14 3 -14 -1 -13 -4 -12 -1 -12 -4 -10 -4 -14 -6 -17 -6 -17 -4 -12 -4 -17 -8 -17 -6 -12 0 -17 -6 -14 -7 -17 -5 -11 -1 -12 0 -16 -2 -14 -7 -16 -4 -10 -3 -2 4 -11 -6 -9 -3 -14 -2 -12 -3 -16 -4 -15 -1 -8 1 -13 1 -9 -5 -11 -2 -9 4 -8 -1 -9 -3 -15 0 -8 1 -11 -3 -12 -2 -15 1 -14 -1 -10 5 -9 -2 -12 4 -13 5 -15 5 -13 4 -12 6 -3 -2 0 0 0 0 0 0 0 0 ]
CSI_DATA,AP,68:FE:71:12:53:8C,-46,11,1,5,1,1,1,0,0,0,0,-95,0,6,1,32740236,0,84,0,0,32.74,384,[84 -64 4 0 0 0 0 0 0 0 0 0 9 1 8 1 8 1 9 7 6 -1 4 4 11 7 9 0 8 6 7 7 4 6 10 0 11 8 11 3 10 3 11 6 3 2 2 2 3 8 2 4 6 3 5 1 6 2 3 4 7 7 8 4 3 4 3 3 10 5 10 7 7 1 8 2 4 7 5 4 9 1 5 3 2 6 3 6 5 4 4 2 7 2 7 4 3 2 10 -1 4 -1 5 0 11 -2 4 5 8 5 6 4 5 6 11 3 3 2 1 -3 0 0 0 0 0 0 0 0 ]
CSI_DATA,AP,68:FE:71:12:53:8C,-45,11,1,5,1,1,1,0,0,0,0,-95,0,6,1,32814166,0,84,0,0,32.814,384,[84 -64 4 0 0 0 0 0 0 0 0 0 16 -13 17 -13 14 -15 15 -13 21 -7 16 -4 19 -6 19 -11 22 -6 15 -11 22 -3 22 -8 17 -7 18 -2 20 -5 23 -2 18 -9 12 -7 20 -2 18 -7 17 -7 14 -5 12 -8 12 -9 14 -6 19 -4 -4 -3 14 -2 20 -3 17 -10 11 -8 13 -5 14 -7 12 -9 14 -8 13 -9 17 -10 10 -11 14 -8 11 -9 13 -7 13 -4 13 -13 15 -6 10 -12 12 -6 13 -6 13 -10 12 -11 14 -11 13 -10 13 -6 11 -13 -1 2 0 0 0 0 0 0 0 0 ]
CSI_DATA,AP,68:FE:71:12:53:8C,-44,11,1,4,1,1,1,0,0,0,0,-95,0,6,1,32951672,0,84,0,0,32.952,384,[84 -64 4 0 0 0 0 0 0 0 0 0 -3 -20 -1 -15 -6 -17 1 -17 4 -17 3 -19 -2 -14 3 -15 4 -21 6 -17 0 -17 -1 -18 -2 -19 1 -19 3 -16 0 -18 4 -18 4 -17 2 -15 -2 -16 0 -10 0 -9 2 -13 4 -12 -3 -14 4 -8 1 4 -2 -12 2 -10 -5 -11 -1 -13 -4 -9 -1 -7 -6 -11 -5 -14 -2 -12 -4 -6 -6 -14 0 -9 -1 -14 -8 -12 -7 -12 -6 -9 -9 -11 -4 -6 -11 -11 -9 -5 -5 -9 -7 -13 -8 -11 -5 -7 -9 -7 -7 -13 -4 1 0 0 0 0 0 0 0 0 ]
CSI_DATA,AP,68:FE:71:12:53:8C,-50,11,1,3,1,1,1,1,0,0,0,-95,4,6,1,33083891,0,84,0,0,33.084,384,[84 -64 4 0 0 0 0 0 0 0 0 0 14 5 17 5 18 10 17 7 17 8 15 9 15 6 14 7 10 10 14 9 11 6 13 9 9 13 13 12 8 6 8 5 10 10 12 11 5 3 9 8 7 5 6 7 4 3 12 10 9 2 9 7 0 4 11 7 10 4 7 2 8 3 11 4 9 5 9 6 12 -3 9 5 12 -3 7 5 7 2 12 -4 13 -3 11 0 11 0 12 0 11 0 13 -5 6 -1 8 0 14 -2 8 0 12 -3 8 -2 7 -3 -2 4 0 0 0 0 0 0 0 0 ]
CSI_DATA,AP,68:FE:71:12:53:8C,-44,11,1,3,1,1,1,0,0,0,0,-94,0,6,1,33179718,0,84,0,0,33.18,384,[84 -64 4 0 0 0 0 0 0 0 0 0 -39 15 -35 6 -34 7 -38 11 -32 8 -29 9 -35 7 -28 7 -28 4 -32 1 -30 3 -27 -1 -28 4 -27 5 -25 0 -31 -3 -28 -3 -21 3 -22 -3 -25 6 -26 1 -17 0 -21 5 -19 3 -19 4 -21 6 2 4 -19 6 -21 5 -13 4 -13 5 -19 8 -19 2 -15 9 -11 8 -10 5 -8 7 -8 14 -15 11 -8 9 -9 13 -11 6 -10 8 -10 11 -9 8 -8 12 -11 9 -7 10 -5 14 -7 12 -6 9 -3 9 -8 13 -2 0 0 0 0 0 0 0 0 0 ]
CSI_DATA,AP,68:FE:71:12:53:8C,-45,11,1,5,1,1,1,0,0,0,1,-94,0,6,1,33284212,0,84,0,0,33.284,384,[84 -64 4 0 0 0 0 0 0 0 0 0 17 -9 15 -12 23 -9 20 -5 17 -6 18 -3 21 -6 16 -10 18 -9 18 -4 14 -10 16 -2 15 -3 18 -6 19 -3 15 -9 14 -4 14 -2 18 -6 11 -2 14 -8 19 0 12 -4 16 -7 15 -3 14 -3 4 1 10 -8 18 -10 13 -10 10 -2 10 -9 10 -4 13 -8 12 -6 13 -5 12 -7 12 -10 12 -4 16 -5 15 -9 7 -11 14 -11 15 -7 10 -14 15 -13 7 -6 12 -5 7 -11 6 -8 8 -15 6 -13 11 -13 -1 -1 0 0 0 0 0 0 0 0 ]
CSI_DATA,AP,68:FE:71:12:53:8C,-43,11,1,6,1,1,1,0,0,0,0,-95,0,6,1,33382650,0,84,0,0,33.383,384,[84 -64 4 0 0 0 0 0 0 0 0 0 25 0 23 -2 20 -4 22 -2 24 -2 23 -1 22 -2 17 4 21 -3 19 5 25 2 21 -2 24 3 26 6 23 -1 21 7 26 4 21 3 22 0 18 0 26 6 25 6 20 5 19 0 19 2 27 4 4 -1 21 6 20 2 19 5 23 -2 19 1 19 4 19 1 18 1 23 -1 26 -6 22 -3 19 -4 23 -4 25 2 26 1 24 -5 29 -4 23 -6 23 -4 25 -2 26 -6 24 -1 20 -1 27 -8 25 0 19 -1 4 3 0 0 0 0 0 0 0 0 ]
CSI_DATA,AP,68:FE:71:12:53:8C,-46,11,1,3,1,1,1,0,0,0,0,-94,0,6,1,33482950,0,84,0,0,33.483,384,[84 -64 4 0 0 0 0 0 0 0 0 0 12 17 8 18 13 17 12 19 8 18 3 16 5 19 8 19 4 21 2 14 4 14 10 19 8 22 3 19 -1 18 5 15 3 19 7 16 2 20 3 15 0 19 4 18 3 17 2 13 7 15 1 13 -2 -2 2 17 4 17 6 19 4 11 -1 11 0 10 4 18 8 15 3 9 10 14 4 16 6 14 3 13 9 16 9 11 11 8 3 13 10 12 4 12 8 7 4 14 10 15 7 7 12 9 4 8 11 13 0 1 0 0 0 0 0 0 0 0 ]
CSI_DATA,AP,68:FE:71:12:53:8C,-49,11,1,2,1,1,1,0,0,0,0,-93,0,6,1,33605079,0,84,0,0,33.605,384,[84 -64 4 0 0 0 0 0 0 0 0 0 14 -14 15 -15 17 -10 11 -8 20 -13 20 -13 19 -7 12 -5 19 -8 19 -9 20 -7 17 -7 24 -5 24 -8 21 -6 22 -5 19 -7 15 -2 22 -8 22 -4 17 -6 20 -9 14 -2 21 -4 22 -6 19 -8 -3 4 21 -1 16 -10 19 -9 20 -11 18 -11 19 -6 15 -6 14 -8 15 -4 16 -11 13 -14 18 -7 21 -14 15 -8 20 -10 22 -13 14 -13 16 -14 19 -7 17 -11 16 -8 16 -11 13 -16 18 -16 12 -8 11 -16 1 1 0 0 0 0 0 0 0 0 ]
CSI_DATA,AP,68:FE:71:12:53:8C,-45,11,1,5,1,1,1,0,0,0,0,-96,0,6,1,33709719,0,84,0,0,33.71,384,[84 -64 4 0 0 0 0 0 0 0 0 0 -10 -16 -6 -16 -6 -20 -6 -22 -6 -22 -6 -15 -4 -25 -6 -23 -1 -22 1 -17 -3 -20 -6 -28 2 -26 -4 -26 -4 -20 -2 -21 2 -27 0 -23 2 -20 3 -27 -3 -22 4 -26 7 -25 3 -24 3 -26 5 -25 3 2 0 -23 -3 -21 -3 -21 0 -21 0 -21 0 -26 0 -20 -2 -23 2 -18 -2 -18 2 -23 0 -24 -6 -22 0 -17 -7 -17 -7 -24 -2 -24 -4 -22 -2 -17 -8 -17 -7 -17 -1 -17 -5 -20 -4 -21 -1 -20 -5 -17 1 2 0 0 0 0 0 0 0 0 ]
CSI_DATA,AP,68:FE:71:12:53:8C,-46,11,1,5,1,1,1,0,0,0,0,-95,0,6,1,33828266,0,82,0,0,33.828,384,[84 -64 4 0 0 0 0 0 0 0 0 0 7 -27 8 -24 13 -28 7 -32 8 -24 15 -23 12 -25 15 -26 8 -23 12 -23 10 -29 13 -26 15 -22 9 -24 12 -18 14 -22 10 -25 10 -21 15 -18 15 -19 13 -21 15 -19 10 -18 10 -19 12 -23 15 -19 -4 1 12 -17 15 -22 13 -23 11 -17 10 -16 6 -17 8 -17 9 -18 9 -20 12 -19 7 -18 4 -21 5 -23 5 -23 8 -18 5 -20 10 -24 9 -18 6 -23 0 -18 1 -24 8 -24 8 -22 8 -24 1 -25 7 -21 4 -1 0 0 0 0 0 0 0 0 ]
CSI_DATA,AP,68:FE:71:12:53:8C,-43,11,1,4,1,1,1,0,0,0,0,-94,0,6,1,33916777,0,84,0,0,33.917,384,[82 -96 4 0 0 0 0 0 0 0 0 0 17 12 9 12 14 19 9 15 14 14 8 11 11 14 10 19 12 20 13 19 12 14 4 19 10 12 4 12 11 12 9 14 2 19 4 15 3 18 8 20 7 14 11 18 3 14 10 19 4 12 7 13 -3 0 12 16 7 11 3 18 9 11 8 14 9 13 5 10 5 9 7 10 7 12 8 15 12 10 8 12 12 13 13 8 11 14 10 10 10 11 10 10 13 12 12 7 13 7 15 6 11 10 15 13 13 8 4 -1 0 0 0 0 0 0 0 0 ]
CSI_DATA,AP,68:FE:71:12:53:8C,-48,11,1,5,1,1,1,1,0,0,1,-95,4,6,1,34055417,0,84,0,0,34.055,384,[84 -64 4 0 0 0 0 0 0 0 0 0 15 -2 23 -4 22 -3 16 2 14 0 15 2 18 2 19 -3 21 1 15 2 17 -2 16 -1 15 -2 21 4 17 -2 17 2 18 -3 13 1 17 2 17 1 18 -2 15 -1 12 1 18 2 15 4 14 0 3 2 15 -2 16 -1 20 2 13 -3 11 -3 12 1 15 -1 13 -6 17 -5 10 -6 13 -4 11 -6 12 0 11 -7 10 -7 13 0 13 -4 11 -1 10 -1 10 -3 13 -8 15 -2 13 -9 14 -5 15 -9 18 -10 -4 4 0 0 0 0 0 0 0 0 ]
CSI_DATA,AP,68:FE:71:12:53:8C,-46,11,1,3,1,1,1,0,0,0,0,-94,0,6,1,34169760,0,84,0,0,34.17,384,[84 -64 4 0 0 0 0 0 0 0 0 0 13 17 16 14 14 14 13 20 15 15 9 19 8 17 13 17 6 18 11 23 9 14 12 18 8 16 3 22 3 15 5 16 10 19 11 16 6 16 3 17 2 22 5 14 7 18 4 17 7 19 2 14 3 -2 4 13 8 17 7 20 4 15 9 19 3 17 11 18 5 15 5 11 10 11 9 16 12 15 12 19 8 16 7 10 13 10 14 16 7 10 6 13 6 16 7 11 11 16 7 12 13 15 11 11 14 15 1 1 0 0 0 0 0 0 0 0 ]
CSI_DATA,AP,68:FE:71:12:53:8C,-44,11,1,4,1,1,1,0,0,0,0,-95,0,6,1,34308276,0,84,0,0,34.308,384,[84 -64 4 0 0 0 0 0 0 0 0 0 -16 -5 -20 -5 -21 -2 -15 -6 -20 -3 -14 -10 -14 -10 -18 -8 -19 -4 -16 -10 -16 -7 -21 -5 -14 -12 -20 -13 -12 -7 -12 -10 -13 -5 -13 -7 -19 -12 -15 -5 -19 -6 -11 -10 -18 -8 -19 -11 -15 -8 -18 -5 2 -2 -11 -7 -17 -7 -15 -4 -13 -9 -18 -8 -11 -4 -14 -6 -18 -5 -10 -7 -10 -4 -16 -4 -18 -3 -14 -6 -13 -4 -19 -3 -18 -7 -13 -2 -16 -2 -11 -6 -11 -1 -11 -5 -15 -4 -13 -3 -19 2 -15 -5 -17 1 2 -1 0 0 0 0 0 0 0 0 ]
CSI_DATA,AP,68:FE:71:12:53:8C,-49,11,1,2,1,1,1,0,0,0,0,-93,0,6,1,34417456,0,82,0,0,34.417,384,[84 -64 4 0 0 0 0 0 0 0 0 0 21 -23 21 -18 23 -21 24 -18 24 -25 24 -19 22 -20 25 -15 22 -19 25 -14 24 -14 27 -15 22 -18 27 -14 26 -10 28 -15 20 -17 27 -15 18 -12 24 -12 17 -10 21 -13 22 -10 23 -16 20 -18 25 -11 -3 -3 15 -17 19 -16 15 -14 22 -13 19 -20 14 -12 14 -13 15 -13 16 -13 13 -16 15 -21 19 -21 11 -14 19 -20 11 -22 12 -17 16 -20 14 -19 15 -23 11 -23 12 -21 16 -23 17 -20 11 -20 12 -24 14 -22 0 3 0 0 0 0 0 0 0 0 ]
CSI_DATA,AP,68:FE:71:12:53:8C,-46,11,1,3,1,1,1,1,0,0,0,-96,4,6,1,34527040,0,84,0,0,34.527,384,[84 -64 4 0 0 0 0 0 0 0 0 0 14 -4 22 1 14 2 18 3 16 -4 22 0 21 0 20 4 20 6 19 2 22 3 22 1 15 5 20 1 18 3 19 7 21 9 19 6 16 7 14 8 17 4 17 8 18 0 13 5 12 2 12 0 -2 3 15 5 14 1 17 2 17 -2 12 6 15 2 17 -1 13 0 16 4 12 4 14 0 15 1 13 4 17 3 10 4 11 -4 13 1 19 0 19 0 17 -1 15 1 14 1 14 -6 14 -1 13 1 19 -7 -3 -3 0 0 0 0 0 0 0 0 ]
CSI_DATA,AP,68:FE:71:12:53:8C,-48,11,1,3,1,1,1,0,0,0,0,-95,0,6,1,34621297,0,84,0,0,34.621,384,[84 -64 4 0 0 0 0 0 0 0 0 0 -19 23 -19 19 -21 20 -21 23 -18 18 -19 17 -26 23 -24 17 -25 23 -25 23 -20 21 -26 16 -26 20 -26 21 -26 16 -25 20 -20 17 -22 19 -21 13 -19 20 -18 11 -23 18 -16 16 -18 20 -20 19 -25 16 1 -3 -15 13 -17 18 -22 15 -21 19 -14 19 -16 16 -14 20 -19 13 -14 19 -18 17 -14 16 -12 18 -13 14 -13 21 -15 15 -18 20 -17 21 -11 23 -13 24 -14 20 -11 17 -8 17 -14 21 -9 25 -7 19 -11 20 1 4 0 0 0 0 0 0 0 0 ]
CSI_DATA,AP,68:FE:71:12:53:8C,-46,11,1,4,1,1,1,0,0,0,0,-94,0,6,1,34741689,0,84,0,0,34.742,384,[84 -64 4 0 0 0 0 0 0 0 0 0 -21 5 -15 6 -20 3 -19 -1 -21 -4 -19 -4 -18 -6 -22 -3 -19 -4 -23 -1 -16 -6 -18 2 -19 -3 -21 -6 -22 -3 -19 0 -20 -7 -14 -7 -15 -4 -19 -2 -18 -6 -20 -1 -17 -7 -14 1 -13 -3 -15 -2 3 -3 -19 -5 -15 -3 -17 -3 -15 -4 -16 -2 -19 -3 -14 2 -16 -4 -15 2 -12 0 -15 1 -17 4 -19 1 -14 5 -15 1 -18 5 -16 6 -17 0 -19 4 -17 1 -16 2 -10 4 -17 4 -17 2 -15 3 -11 2 4 4 0 0 0 0 0 0 0 0 ]
CSI_DATA,AP,68:FE:71:12:53:8C,-42,11,1,4,1,1,1,0,0,0,0,-94,0,6,1,34862797,0,84,0,0,34.863,384,[84 -64 4 0 0 0 0 0 0 0 0 0 -15 -10 -14 -7 -15 -14 -11 -13 -11 -10 -15 -16 -8 -9 -12 -11 -15 -10 -15 -15 -12 -9 -11 -14 -11 -10 -9 -9 -9 -16 -9 -16 -10 -16 -6 -11 -13 -16 -11 -9 -11 -8 -6 -13 -11 -7 -10 -16 -13 -14 -5 -14 2 -1 -8 -9 -13 -7 -14 -14 -9 -9 -9 -13 -12 -9 -8 -10 -12 -6 -11 -12 -9 -11 -7 -8 -11 -7 -6 -13 -6 -11 -13 -9 -10 -10 -13 -4 -8 -5 -10 -6 -11 -9 -13 -9 -11 -7 -12 -11 -13 -3 -12 -6 -10 -5 1 -1 0 0 0 0 0 0 0 0 ]
CSI_DATA,AP,68:FE:71:12:53:8C,-44,11,1,5,1,1,1,0,0,0,0,-94,0,6,1,34948784,0,84,0,0,34.949,384,[84 -64 4 0 0 0 0 0 0 0 0 0 21 -5 16 0 19 -1 14 3 14 2 22 5 20 0 20 3 21 2 15 -2 16 3 16 3 20 0 17 5 14 7 20 8 15 4 18 1 20 7 14 5 19 7 19 2 14 6 19 4 11 5 11 0 -3 -3 10 1 16 0 13 -1 17 1 11 5 15 -1 11 2 17 4 16 4 14 4 11 -3 10 -2 15 1 10 0 16 0 12 -5 12 2 13 -1 18 -2 10 1 17 -6 18 -1 18 -4 11 -8 13 1 14 -7 -1 3 0 0 0 0 0 0 0 0 ]
CSI_DATA,AP,68:FE:71:12:53:8C,-42,11,1,4,1,1,1,0,0,0,0,-94,0,6,1,35058732,0,84,0,0,35.059,384,[84 -64 4 0 0 0 0 0 0 0 0 0 3 -6 -5 -8 -5 -7 1 -14 -2 -8 1 -10 4 -14 -3 -7 6 -9 1 -11 5 -6 1 -6 0 -12 -1 -6 -2 -8 -2 -11 2 -4 -2 -11 0 -11 4 -11 5 -12 1 -11 1 -9 4 -11 5 -5 2 -12 -2 2 1 -8 -2 -11 -2 -9 0 -8 4 -10 -4 -5 0 -5 -1 -9 -4 -5 -1 -4 -4 -3 -1 -6 -4 -9 -4 -6 -1 -9 -4 -8 1 -7 -5 -8 -5 -5 -3 -5 -2 -9 -1 -9 -1 -10 -4 -8 -3 -10 -3 -6 2 2 0 0 0 0 0 0 0 0 ]
CSI_DATA,AP,68:FE:71:12:53:8C,-41,11,1,6,1,1,1,0,0,0,0,-93,0,6,1,35176075,0,84,0,0,35.176,384,[84 -64 4 0 0 0 0 0 0 0 0 0 -1 -15 2 -16 2 -23 2 -22 3 -23 3 -13 3 -15 4 -15 8 -16 5 -20 9 -14 5 -20 9 -13 9 -20 7 -20 9 -20 9 -16 3 -11 10 -18 5 -17 12 -14 10 -18 4 -14 9 -10 3 -16 6 -14 -3 1 3 -10 9 -15 4 -16 1 -11 7 -17 2 -10 3 -13 4 -14 0 -15 2 -13 6 -18 -1 -11 -1 -16 1 -11 -1 -16 -2 -14 6 -16 5 -14 -1 -10 5 -13 -1 -12 -1 -14 4 -15 1 -18 -3 -18 3 -13 1 0 0 0 0 0 0 0 0 0 ]
CSI_DATA,AP,68:FE:71:12:53:8C,-43,11,1,4,1,1,1,0,0,0,0,-96,0,6,1,35272111,0,84,0,0,35.272,384,[84 -64 4 0 0 0 0 0 0 0 0 0 2 19 6 15 1 19 8 24 0 23 1 19 1 15 3 23 0 23 -1 16 -2 21 2 21 0 19 -3 20 -4 17 -4 20 -2 21 -3 14 1 15 -1 16 -1 14 3 18 2 17 0 19 4 16 1 20 -4 -4 3 18 -1 19 0 19 5 17 0 19 -3 14 2 16 4 13 1 14 3 19 4 19 8 11 8 18 0 18 4 12 1 14 8 16 6 14 7 18 3 12 7 16 6 12 8 19 3 12 9 18 10 13 2 -4 0 0 0 0 0 0 0 0 ]
CSI_DATA,AP,68:FE:71:12:53:8C,-43,11,1,4,1,1,1,0,0,0,0,-94,0,6,1,35403420,0,82,0,0,35.403,384,[84 -64 4 0 0 0 0 0 0 0 0 0 11 12 12 14 13 9 13 17 15 14 8 13 12 14 8 16 6 16 8 16 11 14 4 12 7 14 8 11 6 10 9 10 10 16 7 16 7 16 5 17 4 12 9 13 11 12 3 15 8 14 6 14 4 -4 8 16 4 15 6 14 4 9 5 13 6 11 10 8 6 14 5 11 12 12 12 14 11 14 12 14 8 6 12 14 8 13 11 14 7 9 12 6 12 7 6 9 9 13 10 10 7 12 9 6 11 7 -3 -1 0 0 0 0 0 0 0 0 ]
CSI_DATA,AP,68:FE:71:12:53:8C,-44,11,1,3,1,1,1,0,0,0,0,-95,0,6,1,35501622,0,84,0,0,35.502,384,[84 -64 4 0 0 0 0 0 0 0 0 0 8 -17 8 -21 2 -22 4 -22 2 -23 9 -17 4 -17 9 -15 7 -22 10 -17 10 -21 11 -17 6 -20 13 -22 12 -15 13 -18 7 -13 7 -15 8 -12 13 -15 10 -16 13 -20 11 -19 11 -14 12 -16 5 -18 3 2 10 -17 10 -17 11 -13 6 -17 5 -17 5 -16 8 -13 7 -17 5 -13 6 -17 4 -17 8 -18 6 -16 1 -13 0 -17 4 -14 6 -13 5 -13 6 -13 1 -19 5 -20 5 -20 2 -19 0 -16 1 -20 1 -13 0 1 0 0 0 0 0 0 0 0 ]
CSI_DATA,AP,68:FE:71:12:53:8C,-41,11,1,5,1,1,1,1,0,0,0,-94,6,6,1,35626685,0,84,0,0,35.627,384,[84 -64 4 0 0 0 0 0 0 0 0 0 -11 -23 -2 -24 -6 -18 -2 -25 -7 -16 -3 -22 -7 -21 -7 -17 2 -20 -5 -19 0 -18 1 -20 -4 -23 -3 -20 1 -19 -1 -21 3 -23 1 -21 -5 -17 -1 -15 0 -19 1 -18 -5 -16 2 -17 2 -21 -2 -15 4 3 -5 -21 -3 -17 -4 -21 -2 -12 -5 -19 -2 -19 1 -12 -6 -20 0 -15 -5 -12 -2 -20 -1 -14 -2 -20 -3 -16 -1 -11 -7 -18 -7 -12 -2 -19 -11 -11 -4 -11 -3 -11 -3 -15 -9 -19 -6 -17 -10 -11 -5 -12 -3 4 0 0 0 0 0 0 0 0 ]
CSI_DATA,AP,68:FE:71:12:53:8C,-48,11,1,4,1,1,1,0,0,0,0,-94,0,6,1,35760390,0,84,0,0,35.76,384,[84 -64 4 0 0 0 0 0 0 0 0 0 23 0 19 4 23 1 22 8 21 5 15 10 19 9 20 7 17 2 20 11 19 12 14 10 15 10 18 9 16 7 12 11 17 5 12 8 12 7 18 9 16 6 19 4 13 6 12 9 16 7 16 8 0 -3 11 6 11 2 13 3 11 6 18 3 13 3 11 7 16 4 11 3 14 4 18 2 18 6 11 6 18 3 11 0 12 -1 12 4 17 -3 18 1 16 -5 13 3 13 -1 13 -1 16 1 19 2 11 3 -1 0 0 0 0 0 0 0 0 0 ]
CSI_DATA,AP,68:FE:71:12:53:8C,-47,11,1,5,1,1,1,0,0,0,0,-93,0,6,1,35906648,0,84,0,0,35.907,384,[84 -64 4 0 0 0 0 0 0 0 0 0 18 -1 23 -6 25 2 17 -2 22 0 17 3 22 3 22 5 21 -2 23 -2 23 3 16 1 17 4 15 7 21 -1 15 0 18 1 19 5 18 6 21 6 21 2 13 3 14 1 14 -1 17 4 18 -1 2 1 18 2 13 4 14 -1 13 5 13 2 11 -2 12 -4 19 4 14 3 15 -4 15 -2 12 1 18 -1 14 -5 18 -4 11 -4 19 -6 17 1 15 -1 16 0 19 -1 18 -7 14 -4 13 -3 19 -1 14 -7 -4 0 0 0 0 0 0 0 0 0 ]
CSI_DATA,AP,68:FE:71:12:53:8C,-41,11,1,6,1,1,1,0,0,0,0,-95,0,6,1,36024645,0,84,0,0,36.025,384,[84 -64 4 0 0 0 0 0 0 0 0 0 13 -15 16 -10 21 -11 18 -11 22 -7 17 -11 21 -8 21 -10 18 -6 22 -9 23 -8 18 -7 16 -10 18 -8 19 -7 15 -8 18 -4 19 -10 18 -5 13 -10 19 -7 20 -2 16 -10 13 -2 19 -9 17 -11 -1 0 17 -11 15 -9 12 -9 13 -6 13 -11 18 -10 15 -9 17 -11 14 -11 10 -12 10 -13 11 -13 11 -7 15 -6 14 -12 13 -8 11 -11 10 -7 16 -9 14 -15 11 -14 10 -12 9 -16 12 -11 9 -10 8 -8 1 0 0 0 0 0 0 0 0 0 ]
CSI_DATA,AP,68:FE:71:12:53:8C,-50,11,1,3,1,1,1,0,0,0,0,-94,0,6,1,36165428,0,84,0,0,36.165,384,[84 -64 4 0 0 0 0 0 0 0 0 0 -18 -8 -15 -13 -18 -8 -16 -11 -16 -8 -21 -11 -12 -14 -12 -17 -14 -17 -14 -10 -17 -13 -14 -15 -14 -12 -15 -12 -12 -18 -17 -13 -18 -11 -17 -12 -9 -14 -16 -14 -12 -12 -9 -14 -15 -10 -13 -15 -10 -14 -12 -12 -2 4 -14 -8 -17 -13 -14 -11 -12 -10 -16 -11 -12 -15 -14 -8 -17 -7 -10 -9 -12 -13 -16 -11 -11 -8 -13 -8 -13 -5 -11 -6 -18 -4 -19 -9 -17 -4 -18 -3 -14 -5 -15 -10 -12 -7 -19 -3 -19 -9 -19 -6 -17 -5 3 4 0 0 0 0 0 0 0 0 ]
CSI_DATA,AP,68:FE:71:12:53:8C,-44,11,1,5,1,1,1,0,0,0,0,-94,0,6,1,36265379,0,84,0,0,36.265,384,[84 -64 4 0 0 0 0 0 0 0 0 0 17 -18 13 -14 16 -18 17 -10 18 -15 14 -10 19 -14 17 -12 23 -7 16 -7 22 -11 23 -8 15 -5 18 -10 15 -6 21 -8 20 -4 13 -10 21 -2 15 -4 17 -2 15 -2 17 -3 15 -8 18 -7 21 -6 -4 2 20 -9 12 -8 18 -9 14 -9 13 -5 11 -5 18 -10 16 -5 15 -10 9 -10 13 -12 10 -11 14 -11 9 -11 16 -9 17 -11 15 -7 9 -9 9 -10 14 -13 10 -11 13 -10 11 -11 13 -12 9 -10 12 -10 0 4 0 0 0 0 0 0 0 0 ]
CSI_DATA,AP,68:FE:71:12:53:8C,-43,11,1,6,1,1,1,0,0,0,0,-94,0,6,1,36377971,0,84,0,0,36.378,384,[-117 -80 8 0 0 0 0 0 0 0 0 0 1 18 2 12 2 6 -3 13 -3 3 -6 17 -7 10 -3 6 -1 7 4 12 0 16 0 15 3 16 -1 14 12 12 8 14 6 11 11 7 -5 17 -1 12 8 6 6 9 5 14 5 13 4 6 6 18 4 1 -1 12 6 8 10 13 10 6 10 15 8 12 12 10 10 7 5 6 10 10 9 9 12 11 16 12 8 6 11 4 8 9 5 -1 14 1 9 5 8 1 10 -3 11 -3 9 -1 10 4 5 2 5 1 -4 -3 0 0 0 0 0 0 0 0 ]
CSI_DATA,AP,68:FE:71:12:53:8C,-44,11,1,5,1,1,1,0,0,0,0,-94,0,6,1,36493177,0,84,0,0,36.493,384,[84 -64 4 0 0 0 0 0 0 0 0 0 11 -13 13 -12 19 -20 15 -17 15 -17 13 -10 15 -16 12 -15 16 -12 17 -11 18 -15 14 -14 16 -9 14 -12 14 -10 16 -10 17 -11 15 -10 17 -12 17 -7 18 -12 13 -13 19 -11 15 -11 17 -11 13 -11 2 -2 12 -12 16 -6 14 -13 13 -7 10 -11 12 -13 18 -10 14 -12 10 -10 10 -13 16 -11 15 -10 15 -15 15 -16 12 -15 14 -13 13 -17 10 -17 11 -14 13 -17 10 -12 7 -15 15 -16 12 -14 11 -13 7 -11 0 1 0 0 0 0 0 0 0 0 ]
CSI_DATA,AP,68:FE:71:12:53:8C,-48,11,1,3,1,1,1,0,0,0,0,-94,0,6,1,36617059,0,84,0,0,36.617,384,[84 -64 4 0 0 0 0 0 0 0 0 0 20 7 19 7 23 13 16 10 23 8 19 11 19 7 14 14 20 15 14 12 17 13 14 9 20 17 12 10 14 10 20 13 19 16 16 9 14 7 11 16 18 9 13 12 14 11 18 7 16 11 10 9 0 -3 11 6 18 12 13 12 19 8 18 6 18 10 13 11 15 5 17 6 18 5 17 4 15 6 17 3 11 6 19 1 16 1 19 9 17 0 15 5 20 2 19 5 13 7 18 8 13 1 14 6 15 1 -3 0 0 0 0 0 0 0 0 0 ]
CSI_DATA,AP,68:FE:71:12:53:8C,-41,11,1,6,1,1,1,0,0,0,0,-93,0,6,1,36734917,0,84,0,0,36.735,384,[84 -64 4 0 0 0 0 0 0 0 0 0 13 -14 20 -14 16 -15 21 -5 23 -7 22 -4 20 -3 17 -9 16 -3 21 -5 24 -8 17 -5 19 -9 16 -8 19 -6 18 -6 19 -6 14 -5 21 -5 20 -2 19 -2 19 -1 20 1 17 -4 14 -2 17 -4 -4 1 16 -6 14 -4 18 -7 15 -4 17 -2 14 -5 18 -7 13 -6 19 -5 15 -6 15 -4 19 -4 15 -7 14 -10 11 -8 13 -10 11 -4 13 -11 18 -5 12 -7 14 -5 18 -12 16 -7 18 -11 15 -12 10 -10 -3 0 0 0 0 0 0 0 0 0 ]
CSI_DATA,AP,68:FE:71:12:53:8C,-50,11,1,2,1,1,1,0,0,0,0,-94,0,6,1,36848387,0,84,0,0,36.848,384,[84 -64 4 0 0 0 0 0 0 0 0 0 -17 13 -17 13 -17 19 -21 12 -15 9 -20 9 -23 11 -15 7 -19 10 -15 6 -19 15 -23 8 -22 6 -22 10 -20 8 -21 13 -14 8 -19 11 -21 9 -17 10 -18 5 -14 11 -12 4 -18 10 -19 10 -17 8 -2 -4 -17 9 -15 10 -14 13 -10 8 -18 12 -19 9 -18 14 -17 12 -14 12 -12 13 -9 13 -13 15 -15 11 -13 11 -15 12 -16 16 -11 16 -10 12 -12 14 -12 14 -10 9 -11 13 -9 18 -9 13 -13 16 -11 18 3 -4 0 0 0 0 0 0 0 0 ]
CSI_DATA,AP,68:FE:71:12:53:8C,-47,11,1,5,1,1,1,0,0,0,0,-94,0,6,1,36988186,0,84,0,0,36.988,384,[84 -64 4 0 0 0 0 0 0 0 0 0 18 -5 17 -4 21 -8 22 -7 16 -2 14 -4 16 0 20 -6 18 1 16 0 19 2 22 -2 24 2 17 -4 21 -4 20 2 19 -1 17 3 13 -2 21 -1 17 -2 18 3 11 1 19 1 15 3 21 0 2 -3 15 2 14 -2 17 1 20 -1 15 -3 20 -5 12 -4 16 -1 17 -3 16 -6 18 -4 10 -6 13 -4 11 -1 11 -1 14 -3 20 -8 13 -9 14 -2 15 -5 14 -3 10 -8 13 -8 12 -7 10 -3 17 -5 3 -1 0 0 0 0 0 0 0 0 ]
CSI_DATA,AP,68:FE:71:12:53:8C,-47,11,1,5,1,1,1,0,0,0,0,-95,0,6,1,37111125,0,84,0,0,37.111,384,[84 -64 4 0 0 0 0 0 0 0 0 0 -21 -8 -14 -11 -21 -16 -16 -10 -19 -16 -17 -13 -14 -11 -14 -12 -18 -10 -18 -16 -11 -18 -19 -18 -15 -12 -12 -14 -10 -19 -17 -18 -11 -12 -10 -14 -12 -14 -17 -12 -16 -10 -15 -14 -8 -13 -13 -11 -14 -14 -9 -15 -3 -1 -8 -16 -13 -13 -14 -15 -17 -10 -9 -12 -15 -11 -15 -10 -10 -12 -12 -12 -14 -12 -10 -5 -15 -9 -14 -5 -10 -9 -19 -12 -14 -10 -17 -11 -17 -3 -17 -6 -18 -5 -20 -4 -16 -8 -17 -9 -18 -7 -18 -3 -14 -10 -1 1 0 0 0 0 0 0 0 0 ]
CSI_DATA,AP,68:FE:71:12:53:8C,-42,11,1,6,1,1,1,1,0,0,0,-95,5,6,1,37224791,0,84,0,0,37.225,384,[84 -64 4 0 0 0 0 0 0 0 0 0 -23 -3 -19 -5 -24 -6 -20 -2 -18 -2 -17 -8 -24 -4 -19 -4 -17 -7 -16 -9 -17 -5 -16 -9 -22 -13 -23 -7 -18 -9 -23 -13 -20 -7 -16 -5 -19 -10 -15 -10 -18 -4 -15 -11 -19 -12 -15 -6 -16 -9 -17 -7 2 -3 -17 -6 -14 -6 -19 -4 -17 -1 -13 -9 -21 -9 -18 -7 -17 -5 -14 -6 -12 -6 -19 -4 -20 -2 -20 -5 -18 1 -13 -5 -20 0 -14 1 -15 1 -14 -5 -16 0 -21 1 -16 3 -18 1 -20 3 -19 0 -21 5 3 -3 0 0 0 0 0 0 0 0 ]
CSI_DATA,AP,68:FE:71:12:53:8C,-43,11,1,4,1,1,1,1,0,0,0,-93,4,6,1,37337589,0,84,0,0,37.338,384,[84 -64 4 0 0 0 0 0 0 0 0 0 -21 8 -24 7 -20 6 -22 9 -18 5 -19 1 -25 6 -21 3 -23 3 -23 -3 -26 0 -22 5 -22 0 -17 -2 -22 0 -21 -2 -20 -5 -18 -2 -21 -4 -16 -4 -17 -4 -20 -1 -21 -4 -16 1 -24 -2 -17 0 0 2 -13 4 -19 -2 -15 -1 -22 6 -21 1 -21 3 -18 -3 -18 5 -17 5 -14 0 -17 2 -17 0 -20 1 -20 8 -14 6 -17 3 -20 8 -20 9 -16 6 -19 4 -19 7 -18 6 -18 4 -14 10 -15 7 -20 9 -1 0 0 0 0 0 0 0 0 0 ]
CSI_DATA,AP,68:FE:71:12:53:8C,-43,11,1,5,1,1,1,1,0,0,0,-93,4,6,1,37447875,0,84,0,0,37.448,384,[84 -64 4 0 0 0 0 0 0 0 0 0 -19 -15 -11 -16 -17 -17 -15 -18 -16 -13 -10 -16 -11 -21 -11 -15 -14 -14 -8 -14 -10 -15 -17 -14 -8 -15 -12 -13 -13 -17 -13 -16 -10 -18 -14 -20 -14 -20 -8 -15 -13 -17 -11 -16 -6 -15 -13 -12 -11 -15 -12 -11 -1 0 -9 -11 -14 -15 -12 -19 -14 -12 -12 -10 -9 -13 -8 -16 -12 -11 -10 -9 -10 -14 -10 -14 -10 -13 -15 -14 -10 -7 -12 -11 -14 -12 -12 -12 -15 -9 -14 -10 -10 -13 -15 -9 -13 -6 -17 -9 -12 -11 -15 -6 -16 -12 0 0 0 0 0 0 0 0 0 0 ]
CSI_DATA,AP,68:FE:71:12:53:8C,-41,11,1,4,1,1,1,1,0,0,0,-94,6,6,1,37553794,0,84,0,0,37.554,384,[84 -64 4 0 0 0 0 0 0 0 0 0 -20 -13 -17 -17 -19 -12 -21 -13 -17 -17 -10 -13 -10 -21 -12 -20 -15 -20 -9 -20 -12 -17 -13 -18 -10 -19 -14 -16 -7 -18 -7 -21 -8 -17 -11 -15 -7 -16 -5 -16 -9 -17 -5 -18 -12 -14 -6 -15 -8 -17 -10 -19 -3 3 -9 -20 -10 -17 -6 -14 -6 -10 -9 -17 -14 -15 -11 -19 -8 -17 -8 -15 -7 -11 -14 -10 -9 -13 -11 -13 -16 -14 -7 -16 -15 -14 -10 -12 -10 -10 -10 -14 -14 -13 -13 -11 -9 -8 -18 -11 -14 -11 -12 -7 -10 -12 1 3 0 0 0 0 0 0 0 0 ]
CSI_DATA,AP,68:FE:71:12:53:8C,-49,11,1,3,1,1,1,0,0,0,0,-94,0,6,1,37665550,0,84,0,0,37.666,384,[84 -64 4 0 0 0 0 0 0 0 0 0 14 -15 12 -11 18 -16 21 -16 16 -14 19 -9 16 -6 16 -5 21 -8 17 -5 22 -6 18 -8 16 -7 20 -8 16 -3 19 -4 22 -3 15 -3 17 -2 13 -7 17 -1 17 -1 15 -4 17 -7 18 -9 15 -1 3 4 12 -5 12 -10 13 -3 16 -8 11 -5 16 -2 13 -6 17 -5 18 -8 9 -11 14 -6 11 -8 10 -9 17 -12 10 -9 14 -13 14 -12 9 -10 11 -12 13 -10 13 -14 12 -14 8 -7 10 -10 8 -8 7 -8 0 -3 0 0 0 0 0 0 0 0 ]
CSI_DATA,AP,68:FE:71:12:53:8C,-40,11,1,4,1,1,1,0,0,0,0,-95,0,6,1,37776246,0,84,0,0,37.776,384,[84 -64 4 0 0 0 0 0 0 0 0 0 10 -28 9 -25 14 -28 14 -25 11 -30 13 -27 17 -27 13 -23 13 -23 20 -23 14 -28 20 -25 17 -26 18 -24 21 -21 21 -22 21 -18 20 -21 16 -21 16 -21 20 -20 16 -18 11 -14 13 -22 20 -21 14 -21 -2 4 18 -21 14 -21 15 -19 9 -25 14 -24 10 -22 16 -23 12 -16 15 -24 14 -21 12 -21 12 -23 13 -25 13 -20 11 -19 10 -25 11 -21 13 -25 8 -18 12 -22 10 -25 7 -24 5 -24 9 -24 10 -22 6 -21 4 -2 0 0 0 0 0 0 0 0 ]
CSI_DATA,AP,68:FE:71:12:53:8C,-47,11,1,3,1,1,1,0,0,0,0,-94,0,6,1,37901958,0,84,0,0,37.902,384,[84 -64 4 0 0 0 0 0 0 0 0 0 -14 13 -22 11 -22 11 -23 10 -17 8 -16 5 -24 7 -18 2 -19 6 -17 8 -24 7 -25 2 -17 -1 -17 5 -20 0 -17 1 -23 -1 -18 2 -17 -1 -22 0 -15 0 -20 3 -13 4 -18 3 -22 0 -17 3 -4 4 -14 5 -17 6 -20 2 -16 6 -17 4 -17 4 -21 3 -20 3 -16 4 -17 6 -20 7 -11 8 -20 3 -20 6 -19 8 -18 9 -16 10 -14 9 -20 3 -10 6 -13 4 -17 10 -13 5 -20 10 -12 12 -18 4 4 -4 0 0 0 0 0 0 0 0 ]
CSI_DATA,AP,68:FE:71:12:53:8C,-42,11,1,5,1,1,1,0,0,0,0,-94,0,6,1,38004208,0,84,0,0,38.004,384,[84 -64 4 0 0 0 0 0 0 0 0 0 -3 -22 2 -21 2 -21 -4 -20 -2 -21 6 -17 -2 -20 5 -21 3 -22 0 -24 6 -25 8 -25 9 -22 7 -20 8 -16 8 -23 5 -18 1 -21 3 -17 2 -19 6 -15 5 -21 10 -17 5 -21 8 -18 2 -16 1 -4 7 -17 0 -21 4 -20 2 -20 8 -14 -1 -20 7 -20 1 -18 1 -13 6 -21 4 -15 1 -14 -1 -15 3 -19 1 -18 0 -18 -3 -22 -2 -15 0 -16 -5 -15 -2 -17 -2 -21 3 -20 2 -17 0 -15 -4 -14 -4 -1 0 0 0 0 0 0 0 0 ]
CSI_DATA,AP,68:FE:71:12:53:8C,-45,11,1,3,1,1,1,0,0,0,0,-95,0,6,1,38137131,0,84,0,0,38.137,384,[84 -64 4 0 0 0 0 0 0 0 0 0 17 -9 10 -13 16 -11 12 -10 15 -13 18 -14 13 -13 19 -11 18 -5 19 -8 21 -11 22 -4 12 -8 13 -11 13 -3 16 -9 20 -3 17 -5 19 -5 13 -6 11 -2 18 -10 17 -9 12 -9 19 -8 17 -7 3 0 15 -4 12 -8 12 -3 10 -5 12 -4 14 -8 13 -8 17 -10 11 -6 9 -7 13 -10 8 -4 16 -6 8 -6 12 -9 13 -14 14 -14 12 -6 14 -6 11 -9 12 -10 13 -11 8 -14 11 -10 12 -11 12 -10 2 -4 0 0 0 0 0 0 0 0 ]
CSI_DATA,AP,68:FE:71:12:53:8C,-46,11,0,0,0,0,0,0,0,0,0,-95,0,6,1,38264662,0,37,0,0,38.265,128,[84 -64 4 0 0 0 0 0 0 0 0 0 -15 11 -18 5 -20 10 -23 9 -22 7 -15 7 -17 1 -19 5 -15 0 -17 5 -18 2 -23 6 -23 3 -16 5 -17 5 -17 1 -22 2 -20 0 -15 2 -15 -2 -14 4 -19 -1 -16 2 -14 1 -13 0 -19 5 0 2 -15 1 -14 1 -15 5 -18 4 -11 7 -16 1 -20 5 -19 3 -18 4 -14 4 -15 6 -10 2 -18 1 -17 6 -18 5 -18 4 -18 8 -11 8 -17 3 -9 4 -13 9 -16 3 -12 4 -10 9 -15 8 -12 7 -1 -2 0 0 0 0 0 0 0 0 ]
CSI_DATA,AP,68:FE:71:12:53:8C,-44,11,1,5,1,1,1,0,0,0,0,-95,0,6,1,38374876,0,84,0,0,38.375,384,[84 -64 4 0 0 0 0 0 0 0 0 0 21 -1 17 0 25 -5 20 -5 22 -1 21 2 23 0 16 5 17 -2 23 1 22 5 18 7 19 3 24 5 19 6 17 6 18 5 13 2 20 0 21 2 18 1 15 3 15 8 21 1 22 8 21 8 -2 -4 21 6 20 3 13 2 17 3 14 7 19 1 14 2 13 4 14 3 13 0 17 -1 12 -3 15 3 14 -2 19 -2 14 2 17 -5 18 -5 14 -3 20 -4 17 2 19 -3 13 -1 14 -5 17 -6 14 -1 1 0 0 0 0 0 0 0 0 0 ]
CSI_DATA,AP,68:FE:71:12:53:8C,-47,11,1,5,1,1,1,0,0,0,0,-96,0,6,1,38472956,0,84,0,0,38.473,384,[84 -64 4 0 0 0 0 0 0 0 0 0 -18 11 -17 5 -24 11 -25 6 -17 7 -24 2 -17 8 -19 3 -20 7 -22 9 -23 6 -20 6 -22 5 -17 0 -21 2 -21 4 -16 6 -15 5 -19 3 -15 0 -15 6 -16 -1 -13 -1 -16 6 -12 0 -12 7 -4 2 -15 8 -16 8 -19 2 -16 9 -17 1 -12 3 -13 7 -14 5 -17 7 -16 7 -13 9 -16 9 -15 11 -16 8 -14 8 -18 11 -14 6 -16 7 -10 3 -16 5 -13 4 -14 5 -15 6 -15 7 -15 9 -17 7 3 -3 0 0 0 0 0 0 0 0 ]
CSI_DATA,AP,68:FE:71:12:53:8C,-45,11,1,3,1,1,1,0,0,0,0,-93,0,6,1,38609546,0,84,0,0,38.61,384,[84 -64 4 0 0 0 0 0 0 0 0 0 -16 2 -16 2 -19 2 -22 -1 -18 1 -16 2 -21 -2 -21 -6 -17 -1 -18 -4 -21 -4 -21 1 -21 -3 -23 -1 -18 -7 -16 -1 -20 -3 -19 -6 -16 -4 -19 -3 -19 -6 -16 -6 -10 -2 -20 1 -14 1 -12 1 0 4 -15 -1 -13 1 -14 -6 -10 3 -15 -3 -13 -3 -19 -3 -12 -1 -12 1 -15 4 -20 5 -12 1 -18 4 -15 1 -17 2 -13 0 -17 4 -13 2 -14 4 -16 3 -11 3 -17 3 -14 3 -13 7 -17 2 -11 5 -4 4 0 0 0 0 0 0 0 0 ]
CSI_DATA,AP,68:FE:71:12:53:8C,-48,11,1,4,1,1,1,0,0,0,1,-94,0,6,1,38728906,0,84,0,0,38.729,384,[84 -64 4 0 0 0 0 0 0 0 0 0 5 -16 9 -14 13 -14 7 -13 12 -15 10 -13 15 -18 13 -13 10 -10 10 -13 14 -10 14 -11 13 -12 17 -9 14 -12 12 -13 14 -14 10 -9 9 -13 9 -12 15 -8 12 -8 10 -8 15 -7 16 -9 13 -13 1 -4 11 -10 13 -13 10 -9 8 -13 7 -6 13 -11 13 -15 8 -10 13 -7 12 -9 12 -15 6 -9 9 -16 11 -9 13 -15 4 -9 13 -16 5 -8 9 -8 5 -16 3 -15 5 -13 8 -10 3 -11 11 -16 10 -16 0 -4 0 0 0 0 0 0 0 0 ]
CSI_DATA,AP,68:FE:71:12:53:8C,-42,11,1,6,1,1,1,0,0,0,0,-94,0,6,1,38860294,0,84,0,0,38.86,384,[84 -64 4 0 0 0 0 0 0 0 0 0 14 -18 8 -18 15 -25 13 -19 9 -25 14 -20 15 -21 15 -19 13 -22 18 -20 12 -23 20 -21 14 -19 14 -21 16 -20 15 -22 13 -14 18 -12 13 -12 20 -12 21 -16 21 -13 14 -13 19 -17 19 -17 19 -15 -3 -1 16 -13 18 -16 12 -21 13 -14 13 -12 14 -12 15 -14 15 -19 11 -13 15 -20 12 -15 11 -18 12 -16 15 -20 9 -19 10 -22 9 -21 15 -20 12 -19 5 -20 12 -16 8 -19 13 -18 8 -23 10 -21 13 -23 2 4 0 0 0 0 0 0 0 0 ]
CSI_DATA,AP,68:FE:71:12:53:8C,-48,11,1,5,1,1,1,0,0,0,0,-94,0,6,1,38949151,0,84,0,0,38.949,384,[84 -64 4 0 0 0 0 0 0 0 0 0 1 -20 1 -20 0 -26 0 -20 1 -19 -2 -21 6 -19 5 -17 8 -25 3 -19 4 -21 3 -18 7 -24 6 -23 5 -19 3 -18 0 -17 7 -19 4 -18 5 -19 2 -16 3 -21 0 -17 4 -17 6 -21 8 -20 3 2 6 -17 1 -21 6 -16 5 -14 1 -18 3 -16 5 -17 3 -20 -3 -13 -1 -17 2 -16 -2 -19 2 -20 2 -19 -1 -13 -4 -17 -3 -17 -5 -12 -1 -15 -4 -13 -3 -17 2 -19 -2 -14 -5 -18 2 -20 0 -14 3 3 0 0 0 0 0 0 0 0 ]
CSI_DATA,AP,68:FE:71:12:53:8C,-46,11,1,4,1,1,1,0,0,0,0,-95,0,6,1,39049851,0,84,0,0,39.05,384,[84 -64 4 0 0 0 0 0 0 0 0 0 -20 -6 -22 -1 -23 -6 -20 -6 -24 -5 -15 -9 -21 -9 -15 -10 -17 -6 -14 -8 -20 -12 -15 -12 -16 -7 -18 -5 -12 -10 -18 -11 -15 -10 -11 -3 -17 -6 -12 -5 -13 -10 -12 -8 -10 -3 -14 -6 -13 -4 -12 -5 -4 0 -8 -2 -17 -6 -9 -3 -8 0 -15 -6 -13 -2 -12 -6 -12 -1 -15 -2 -12 -1 -9 0 -11 -5 -14 0 -12 -1 -13 0 -11 -3 -13 -2 -9 -2 -14 5 -10 1 -13 4 -16 5 -10 6 -15 2 -10 4 -14 5 0 -1 0 0 0 0 0 0 0 0 ]
CSI_DATA,AP,68:FE:71:12:53:8C,-46,11,1,3,1,1,1,0,0,0,1,-95,0,6,1,39170959,0,84,0,0,39.171,384,[84 -64 4 0 0 0 0 0 0 0 0 0 -28 8 -25 9 -31 10 -25 6 -28 2 -22 4 -26 7 -24 6 -27 5 -20 6 -25 5 -20 3 -26 6 -26 2 -19 0 -21 4 -20 2 -16 1 -15 -2 -22 -2 -13 0 -13 -3 -16 0 -19 5 -18 0 -17 2 0 4 -12 6 -11 7 -16 5 -9 8 -13 6 -15 2 -8 3 -7 6 -8 10 -14 10 -9 11 -6 7 -12 10 -4 8 -13 10 -9 10 -7 8 -8 12 -5 9 -5 15 -3 9 -7 14 -10 8 -9 12 -6 10 -4 16 -1 -4 0 0 0 0 0 0 0 0 ]
CSI_DATA,AP,68:FE:71:12:53:8C,-44,11,1,3,1,1,1,0,0,0,0,-95,0,6,1,39267923,0,84,0,0,39.268,384,[84 -64 4 0 0 0 0 0 0 0 0 0 -13 -18 -12 -19 -18 -23 -10 -21 -13 -19 -9 -25 -5 -22 -9 -19 -9 -18 -11 -22 -10 -22 -9 -22 -7 -21 -4 -22 -3 -18 -5 -20 -7 -16 -10 -11 -3 -18 -5 -16 -3 -14 -2 -15 -9 -11 -4 -13 -8 -10 -11 -16 -2 3 -3 -12 -6 -12 -4 -5 -5 -5 -5 -12 -6 -9 -12 -7 -12 -4 -9 -6 -11 -2 -5 -4 -7 -9 -11 -1 -10 -2 -10 -6 -8 -4 -7 -1 -9 2 -8 -6 -7 -3 -6 -1 -11 -6 -5 -3 -7 3 -13 -2 -9 -2 -3 -4 0 0 0 0 0 0 0 0 ]
CSI_DATA,AP,68:FE:71:12:53:8C,-45,11,1,5,1,1,1,0,0,0,1,-96,0,6,1,39387154,0,84,0,0,39.387,384,[84 -64 4 0 0 0 0 0 0 0 0 0 -10 13 -9 11 -11 19 -18 16 -17 17 -12 13 -17 13 -10 14 -10 8 -11 6 -17 13 -18 11 -12 8 -16 11 -18 10 -15 11 -14 12 -16 7 -14 10 -13 13 -12 9 -10 6 -9 4 -12 7 -9 13 -9 11 2 3 -8 9 -15 12 -10 13 -14 15 -13 14 -10 7 -10 7 -11 9 -11 12 -7 15 -13 14 -9 11 -11 13 -8 10 -13 10 -13 10 -7 9 -5 14 -6 9 -6 14 -11 8 -5 9 -9 8 -5 13 -10 15 -5 9 3 2 0 0 0 0 0 0 0 0 ]
CSI_DATA,AP,68:FE:71:12:53:8C,-42,11,1,4,1,1,1,0,0,0,0,-95,0,6,1,39500289,0,84,0,0,39.5,384,[84 -64 4 0 0 0 0 0 0 0 0 0 -6 14 -7 20 -14 22 -11 18 -8 20 -16 18 -17 22 -16 16 -10 22 -17 22 -16 16 -14 21 -12 21 -19 16 -12 17 -19 16 -13 13 -15 20 -13 15 -14 17 -20 15 -13 19 -13 15 -20 19 -14 17 -18 16 2 -2 -10 21 -10 15 -12 21 -11 21 -16 17 -17 22 -9 19 -15 21 -12 16 -16 18 -12 20 -16 23 -13 17 -10 24 -11 21 -8 21 -8 24 -11 21 -15 17 -9 18 -15 17 -7 16 -10 17 -12 17 -9 16 -6 21 1 0 0 0 0 0 0 0 0 0 ]
CSI_DATA,AP,68:FE:71:12:53:8C,-46,11,1,5,1,1,1,0,0,0,0,-94,0,6,1,39625477,0,84,0,0,39.625,384,[84 -64 4 0 0 0 0 0 0 0 0 0 -9 -15 -3 -16 -4 -13 -2 -21 -5 -14 -7 -17 0 -20 -5 -13 -3 -16 -4 -12 1 -17 0 -21 -3 -15 -1 -14 -1 -15 -1 -14 -1 -20 1 -12 3 -18 0 -16 4 -20 -1 -17 -3 -11 -1 -20 -2 -13 3 -20 3 1 2 -20 -1 -13 -5 -19 -6 -11 -4 -15 1 -15 -3 -12 -1 -12 0 -12 -8 -13 -3 -16 -6 -12 -4 -10 -5 -19 -6 -18 -10 -12 -2 -16 -4 -15 -5 -17 -7 -10 -11 -15 -8 -13 -4 -10 -11 -14 -12 -12 -5 -11 4 0 0 0 0 0 0 0 0 0 ]
CSI_DATA,AP,68:FE:71:12:53:8C,-41,11,1,4,1,1,1,0,0,0,0,-96,0,6,1,39752465,0,84,0,0,39.752,384,[84 -64 4 0 0 0 0 0 0 0 0 0 5 -15 7 -14 5 -16 7 -18 13 -16 12 -20 11 -17 13 -16 15 -13 13 -20 13 -14 13 -17 15 -17 9 -21 15 -22 19 -14 16 -20 16 -11 18 -18 15 -20 12 -12 13 -18 9 -11 15 -14 13 -17 17 -15 3 4 12 -14 13 -15 16 -19 13 -17 9 -13 11 -17 14 -14 8 -17 6 -12 4 -17 12 -17 4 -15 11 -18 11 -22 8 -16 5 -18 8 -20 3 -20 4 -20 8 -15 7 -17 10 -18 2 -16 1 -21 10 -17 6 -23 3 -2 0 0 0 0 0 0 0 0 ]
CSI_DATA,AP,68:FE:71:12:53:8C,-49,11,0,0,0,0,0,0,0,0,0,-95,0,6,1,39891492,0,37,0,0,39.891,128,[84 -64 4 0 0 0 0 0 0 0 0 0 -16 -5 -14 -3 -16 -3 -14 -11 -18 -6 -12 -6 -13 -11 -11 -12 -16 -11 -14 -13 -14 -10 -15 -16 -13 -15 -18 -13 -19 -13 -18 -12 -14 -16 -18 -9 -12 -12 -14 -18 -12 -16 -18 -12 -11 -15 -13 -12 -16 -16 -10 -10 1 -1 -12 -14 -13 -14 -14 -13 -17 -7 -17 -11 -14 -15 -11 -15 -11 -8 -13 -8 -12 -12 -18 -11 -11 -9 -17 -12 -16 -12 -13 -9 -13 -12 -18 -13 -16 -8 -13 -8 -14 -5 -15 -11 -20 -11 -21 -11 -17 -8 -19 -5 -17 -7 1 3 0 0 0 0 0 0 0 0 ]
CSI_DATA,AP,68:FE:71:12:53:8C,-42,11,1,6,1,1,1,0,0,0,1,-93,0,6,1,40010452,0,82,0,0,40.01,384,[84 -64 4 0 0 0 0 0 0 0 0 0 12 18 11 17 15 15 9 21 12 15 6 19 10 20 12 14 5 20 8 15 10 23 11 14 7 15 8 20 11 15 5 22 9 18 8 16 10 15 7 13 7 16 8 16 8 15 11 20 7 18 4 16 -2 -1 10 11 6 14 8 14 5 17 10 15 12 10 5 13 5 13 7 11 10 16 13 9 10 12 9 8 7 12 13 12 10 8 13 12 12 7 14 15 14 13 7 8 12 7 13 8 15 14 14 11 12 6 3 -1 0 0 0 0 0 0 0 0 ]
CSI_DATA,AP,68:FE:71:12:53:8C,-45,11,1,4,1,1,1,0,0,0,0,-96,0,6,1,40138591,0,84,0,0,40.139,384,[37 80 2 0 0 0 0 0 0 0 0 0 -35 -10 -27 -11 -31 -7 -32 -10 -32 -14 -28 -9 -26 -18 -27 -13 -24 -15 -32 -9 -26 -16 -27 -15 -30 -14 -29 -13 -23 -18 -27 -14 -24 -12 -20 -10 -24 -17 -27 -19 -20 -19 -20 -11 -18 -15 -23 -13 -28 -11 -23 -14 2 -3 -25 -8 -22 -7 -22 -9 -20 -13 -26 -5 -21 -12 -20 -10 -22 -11 -23 -8 -20 -5 -28 -10 -27 -9 -29 -7 -21 -6 -28 -5 -29 -5 -27 -1 -22 -8 -23 -8 -26 -1 -30 -1 -25 -6 -24 0 -24 -2 -29 -1 -26 -5 2 -1 0 0 0 0 0 0 0 0 ]
CSI_DATA,AP,68:FE:71:12:53:8C,-45,11,1,3,1,1,1,1,0,0,0,-94,2,6,1,40258043,0,84,0,0,40.258,384,[84 -64 4 0 0 0 0 0 0 0 0 0 21 3 19 -4 18 -3 26 -3 15 0 24 1 21 -1 20 2 19 4 14 3 20 6 18 2 18 7 21 6 16 10 14 1 21 5 18 10 22 7 14 5 19 6 21 2 11 1 12 2 11 7 19 0 -4 -4 12 5 15 2 17 8 11 3 15 3 15 6 14 4 11 4 13 -1 17 1 16 3 13 0 19 -3 13 2 15 4 15 -1 12 -5 12 2 19 -3 18 -2 14 -4 13 -2 13 -3 15 -1 18 -4 17 -1 -4 1 0 0 0 0 0 0 0 0 ]
CSI_DATA,AP,68:FE:71:12:53:8C,-42,11,1,4,1,1,1,0,0,0,0,-96,0,6,1,40365658,0,84,0,0,40.366,384,[84 -64 4 0 0 0 0 0 0 0 0 0 2 -20 10 -20 10 -23 7 -17 7 -25 12 -23 12 -18 5 -19 15 -15 10 -22 14 -15 13 -21 13 -20 11 -13 12 -20 8 -20 9 -20 7 -13 12 -17 13 -14 6 -11 13 -11 11 -14 5 -16 7 -15 6 -17 1 -3 4 -17 5 -13 4 -13 8 -12 8 -17 12 -20 10 -12 3 -17 10 -11 2 -12 8 -12 6 -16 5 -12 6 -21 1 -14 8 -13 8 -17 7 -19 0 -17 0 -15 0 -20 2 -21 2 -19 -1 -21 3 -13 1 -14 -2 3 0 0 0 0 0 0 0 0 ]
CSI_DATA,AP,68:FE:71:12:53:8C,-46,11,1,4,1,1,1,0,0,0,0,-94,0,6,1,40467157,0,84,0,0,40.467,384,[84 -64 4 0 0 0 0 0 0 0 0 0 9 15 6 21 7 20 1 21 5 17 6 14 2 15 -1 19 0 21 2 14 1 14 -4 19 1 22 2 15 -4 13 1 17 -1 13 -4 12 -6 17 -4 15 -2 12 2 15 0 20 -1 17 -3 16 1 19 2 4 3 12 1 12 -3 19 3 17 -2 11 3 16 1 16 -1 16 5 10 6 14 4 18 -2 10 2 18 6 17 3 17 7 14 8 14 9 14 6 18 6 16 4 11 1 17 2 13 10 13 3 17 3 9 -4 -2 0 0 0 0 0 0 0 0 ]
CSI_DATA,AP,68:FE:71:12:53:8C,-47,11,1,3,1,1,1,0,0,0,0,-94,0,6,1,40591553,0,84,0,0,40.592,384,[84 -64 4 0 0 0 0 0 0 0 0 0 -16 -14 -13 -9 -19 -11 -12 -9 -13 -9 -15 -9 -10 -16 -16 -16 -8 -13 -11 -15 -15 -13 -15 -13 -14 -13 -9 -15 -9 -18 -7 -14 -9 -15 -12 -14 -12 -15 -10 -9 -12 -9 -7 -16 -14 -14 -7 -15 -11 -13 -7 -10 2 2 -13 -10 -12 -11 -8 -16 -10 -14 -9 -13 -13 -7 -9 -13 -14 -11 -10 -10 -8 -13 -10 -12 -15 -8 -14 -7 -11 -6 -13 -7 -9 -5 -15 -5 -13 -11 -17 -8 -10 -7 -9 -5 -13 -5 -13 -11 -17 -5 -11 -8 -15 -2 -3 2 0 0 0 0 0 0 0 0 ]
CSI_DATA,AP,68:FE:71:12:53:8C,-48,11,1,3,1,1,1,0,0,0,0,-93,0,6,1,40714685,0,84,0,0,40.715,384,[84 -64 4 0 0 0 0 0 0 0 0 0 5 -17 6 -17 5 -16 3 -22 11 -16 6 -15 6 -18 9 -19 9 -21 10 -21 7 -15 6 -22 5 -17 8 -15 8 -19 9 -18 10 -19 8 -13 11 -12 13 -18 9 -11 5 -13 6 -12 12 -11 7 -12 12 -11 4 1 13 -11 8 -12 11 -15 5 -18 10 -12 4 -15 11 -11 8 -12 5 -14 2 -11 5 -19 8 -13 1 -17 1 -16 2 -13 4 -19 9 -18 0 -15 0 -14 3 -19 4 -19 7 -13 8 -19 1 -13 7 -12 5 -20 2 3 0 0 0 0 0 0 0 0 ]
CSI_DATA,AP,68:FE:71:12:53:8C,-48,11,1,5,1,1,1,1,0,0,0,-93,3,6,1,40817723,0,84,0,0,40.818,384,[84 -64 4 0 0 0 0 0 0 0 0 0 14 11 12 16 7 18 10 15 12 19 6 15 11 15 12 20 4 20 10 12 3 13 5 15 5 15 2 13 10 15 1 17 3 18 9 17 3 16 6 13 2 13 8 14 3 16 4 16 5 18 4 19 2 0 3 11 7 12 7 14 11 15 9 12 4 15 8 15 6 14 6 12 6 16 8 14 6 12 7 14 6 16 12 11 12 8 5 8 12 15 13 11 14 14 7 7 11 10 8 15 7 14 13 8 11 8 -1 -4 0 0 0 0 0 0 0 0 ]
CSI_DATA,AP,68:FE:71:12:53:8C,-44,11,1,4,1,1,1,0,0,0,0,-94,0,6,1,40936793,0,84,0,0,40.937,384,[84 -64 4 0 0 0 0 0 0 0 0 0 15 -4 16 -1 20 -3 23 -5 19 0 20 -4 20 -1 18 1 17 -1 20 -3 19 -4 18 5 23 1 20 -3 23 2 15 5 22 5 22 0 17 4 18 6 17 1 16 3 21 5 13 3 18 1 14 5 3 -1 19 5 14 1 14 -1 16 -4 13 4 17 1 17 4 12 -2 19 -4 17 1 17 -6 13 -3 16 -2 19 -7 18 -5 18 -5 13 -5 20 -3 15 -4 15 -4 16 0 16 -3 13 -4 14 -3 18 -10 17 -3 0 1 0 0 0 0 0 0 0 0 ]
CSI_DATA,AP,68:FE:71:12:53:8C,-49,11,1,3,1,1,1,0,0,0,0,-95,0,6,1,41048508,0,84,0,0,41.049,384,[84 -64 4 0 0 0 0 0 0 0 0 0 -8 -23 -8 -15 -8 -20 -10 -22 -9 -16 -4 -22 -2 -18 -1 -17 -4 -16 -4 -18 -7 -18 -7 -15 -5 -22 -2 -18 -2 -16 -4 -19 -6 -20 0 -14 1 -14 -2 -15 0 -19 -5 -14 -1 -19 -3 -18 -4 -19 -4 -20 -2 -4 0 -19 -6 -18 -5 -14 -7 -14 -7 -14 -6 -19 -2 -12 -3 -18 -8 -18 -6 -19 -4 -13 -4 -17 -8 -20 -9 -20 -3 -19 -5 -13 -6 -16 -6 -14 -9 -16 -4 -15 -8 -19 -12 -12 -4 -14 -13 -16 -6 -16 -8 -17 4 -2 0 0 0 0 0 0 0 0 ]
CSI_DATA,AP,68:FE:71:12:53:8C,-50,11,1,1,1,1,1,0,0,0,0,-95,0,6,1,41167342,0,84,0,0,41.167,384,[84 -64 4 0 0 0 0 0 0 0 0 0 -22 3 -19 2 -19 5 -20 1 -20 2 -19 0 -24 3 -19 3 -18 2 -23 2 -21 -1 -17 -4 -21 3 -17 -2 -16 -2 -21 -1 -16 -2 -17 -3 -17 -4 -22 -2 -21 -2 -22 -4 -22 -6 -15 0 -19 -4 -18 4 -3 -4 -15 1 -14 -4 -14 1 -20 -2 -15 2 -12 1 -13 2 -14 0 -14 -1 -17 -3 -17 0 -20 -1 -14 7 -11 2 -11 2 -16 6 -15 3 -20 1 -16 3 -16 8 -13 7 -11 9 -12 2 -17 4 -14 3 -13 1 -1 4 0 0 0 0 0 0 0 0 ]
CSI_DATA,AP,68:FE:71:12:53:8C,-49,11,1,2,1,1,1,0,0,0,0,-94,0,6,1,41270122,0,84,0,0,41.27,384,[84 -64 4 0 0 0 0 0 0 0 0 0 -17 -5 -21 -6 -20 -10 -21 -5 -16 -4 -18 -6 -22 -11 -22 -6 -14 -10 -16 -12 -18 -12 -15 -7 -21 -14 -19 -8 -16 -14 -14 -15 -13 -9 -16 -13 -13 -13 -15 -9 -14 -8 -17 -9 -19 -11 -18 -6 -14 -9 -15 -13 4 -1 -12 -5 -15 -4 -17 -4 -13 -9 -13 -7 -11 -4 -15 -6 -19 -9 -12 -4 -14 -8 -18 -2 -17 -9 -18 -6 -16 -9 -13 -5 -14 -8 -14 -3 -14 -8 -19 -3 -12 -4 -12 -3 -19 -1 -21 -1 -16 -8 -16 -7 -12 0 -3 -3 0 0 0 0 0 0 0 0 ]
CSI_DATA,AP,68:FE:71:12:53:8C,-46,11,0,0,0,0,0,0,0,0,0,-95,0,6,1,41382251,0,37,0,0,41.382,128,[84 -64 4 0 0 0 0 0 0 0 0 0 8 36 9 38 7 35 4 38 4 34 5 39 4 34 -1 38 0 36 4 40 -3 42 1 38 0 37 -5 38 -3 36 -1 36 -2 35 -5 33 -2 33 -6 37 0 37 -8 37 -6 34 -6 37 -5 39 -6 35 -3 -2 -1 31 3 28 0 33 4 31 -1 28 1 34 0 29 1 34 4 30 -1 30 -1 34 3 33 1 33 3 30 5 25 2 31 2 28 6 32 3 27 4 31 4 29 5 31 11 28 9 35 6 33 7 32 -3 0 0 0 0 0 0 0 0 0 ]
CSI_DATA,AP,68:FE:71:12:53:8C,-41,11,1,4,1,1,1,0,0,0,0,-96,0,6,1,41487017,0,84,0,0,41.487,384,[84 -64 4 0 0 0 0 0 0 0 0 0 -11 13 -10 14 -15 13 -13 17 -14 11 -18 12 -11 12 -13 13 -14 11 -13 14 -12 9 -14 16 -19 16 -13 11 -15 9 -12 12 -14 13 -15 12 -12 11 -16 11 -18 6 -18 13 -14 11 -13 6 -10 13 -18 13 3 -2 -14 7 -15 11 -16 11 -12 13 -9 9 -16 7 -13 11 -11 6 -14 7 -8 11 -7 15 -6 14 -10 11 -13 12 -11 15 -5 14 -11 12 -6 17 -13 13 -10 12 -8 18 -11 16 -12 17 -6 15 -5 12 -7 15 1 -4 0 0 0 0 0 0 0 0 ]
CSI_DATA,AP,68:FE:71:12:53:8C,-46,11,1,3,1,1,1,0,0,0,0,-96,0,6,1,41601576,0,84,0,0,41.602,384,[84 -64 4 0 0 0 0 0 0 0 0 0 5 16 0 17 3 16 5 13 3 21 -1 20 1 16 5 17 -2 15 -1 19 1 21 -2 14 2 20 3 17 3 18 0 14 -3 16 2 18 -3 14 0 16 2 18 -6 16 -2 12 -1 15 -3 17 -4 15 2 4 0 18 0 11 -2 12 1 17 -4 11 3 17 -3 14 5 9 0 13 -1 9 1 17 6 18 5 18 3 11 0 11 5 11 1 9 0 9 2 10 6 15 3 11 1 16 3 16 4 15 9 17 8 14 0 2 0 0 0 0 0 0 0 0 ]
CSI_DATA,AP,68:FE:71:12:53:8C,-42,11,1,6,1,1,1,0,0,0,1,-94,0,6,1,41739448,0,84,0,0,41.739,384,[84 -64 4 0 0 0 0 0 0 0 0 0 14 -12 16 -15 17 -11 17 -9 19 -8 11 -6 16 -5 19 -7 12 -10 13 -6 13 -7 17 -11 17 -5 12 -6 19 -4 17 -7 17 -10 19 -8 11 -9 14 -4 12 -3 15 -4 14 -5 14 -5 14 -6 10 -8 3 -1 16 -7 17 -5 16 -7 17 -12 12 -9 14 -12 11 -10 12 -10 13 -10 15 -10 11 -6 13 -10 15 -11 15 -9 8 -12 13 -6 7 -12 15 -14 7 -11 11 -7 11 -9 9 -10 12 -10 12 -9 12 -8 10 -11 2 3 0 0 0 0 0 0 0 0 ]
CSI_DATA,AP,68:FE:71:12:53:8C,-42,11,1,4,1,1,1,0,0,0,0,-96,0,6,1,41849061,0,84,0,0,41.849,384,[84 -64 4 0 0 0 0 0 0 0 0 0 -22 2 -23 7 -20 5 -17 6 -16 4 -18 0 -18 -2 -16 0 -20 4 -16 -3 -22 -6 -23 -6 -17 -5 -20 -3 -17 -4 -17 -6 -14 -2 -20 -4 -15 1 -21 -6 -17 -2 -16 2 -14 -2 -14 -3 -20 -6 -19 -7 1 0 -12 1 -18 -4 -18 2 -18 1 -19 2 -19 -5 -12 -4 -15 3 -15 4 -19 4 -15 1 -12 0 -16 -2 -12 2 -15 3 -13 -2 -18 -1 -19 -2 -15 1 -16 0 -19 1 -15 -1 -14 -1 -13 3 -11 0 -18 3 -3 3 0 0 0 0 0 0 0 0 ]
CSI_DATA,AP,68:FE:71:12:53:8C,-42,11,1,6,1,1,1,0,0,0,0,-95,0,6,1,41991780,0,84,0,0,41.992,384,[84 -64 4 0 0 0 0 0 0 0 0 0 -6 19 -7 20 -3 22 0 22 -8 21 -3 20 -3 19 -7 19 -4 21 -9 22 -7 19 -8 21 -10 20 -12 18 -8 21 -4 19 -11 13 -12 17 -9 19 -3 15 -7 16 -3 12 -7 15 -3 12 -4 12 -8 14 0 3 -3 14 -9 17 -1 12 -1 12 -4 17 -4 15 -1 19 -5 16 -8 17 0 10 0 12 -5 18 0 15 -1 15 -3 17 1 19 -3 14 -1 17 0 14 -2 16 -3 15 4 16 -2 13 2 14 2 14 -3 20 -1 -1 0 0 0 0 0 0 0 0 ]
CSI_DATA,AP,68:FE:71:12:53:8C,-45,11,1,4,1,1,1,0,0,0,0,-95,0,6,1,42142114,0,84,0,0,42.142,384,[84 -64 4 0 0 0 0 0 0 0 0 0 16 15 17 16 11 17 12 12 9 13 9 14 8 17 12 16 14 18 6 12 9 13 10 15 14 13 7 17 12 13 7 14 4 12 9 10 8 17 11 17 11 12 11 11 5 11 6 15 7 16 10 14 1 -3 8 15 5 13 8 9 12 13 5 11 12 14 7 8 12 10 8 10 13 5 13 9 10 8 14 11 13 7 13 8 8 8 12 13 7 11 10 5 7 8 15 11 15 8 8 5 15 4 12 7 12 9 3 0 0 0 0 0 0 0 0 0 ]
CSI_DATA,AP,68:FE:71:12:53:8C,-40,11,1,5,1,1,1,0,0,0,0,-95,0,6,1,42262784,0,84,0,0,42.263,384,[84 -64 4 0 0 0 0 0 0 0 0 0 -1 22 -1 17 1 22 -1 23 -3 17 -1 21 1 20 -3 20 2 18 -3 23 -2 23 -9 23 -2 16 -2 23 -4 14 -3 24 -1 20 -2 15 -2 15 -8 19 0 19 -6 17 -7 12 -8 21 -5 15 1 13 0 1 -5 15 0 18 0 16 4 19 1 13 -2 15 -1 16 -4 15 4 12 -1 14 0 18 -3 18 -1 13 2 14 7 15 3 18 -1 15 7 18 1 18 7 17 0 11 5 17 5 14 2 19 6 15 8 10 1 1 0 0 0 0 0 0 0 0 ]
CSI_DATA,AP,68:FE:71:12:53:8C,-48,11,1,4,1,1,1,1,0,0,0,-95,4,6,1,42392480,0,84,0,0,42.392,384,[84 -64 4 0 0 0 0 0 0 0 0 0 -14 -8 -19 -9 -16 -16 -18 -19 -20 -16 -11 -16 -10 -13 -14 -11 -12 -17 -13 -11 -12 -17 -13 -20 -16 -14 -16 -20 -14 -20 -8 -20 -13 -16 -9 -13 -10 -15 -14 -15 -8 -16 -8 -14 -6 -14 -12 -16 -8 -17 -14 -19 4 2 -11 -16 -11 -13 -15 -10 -10 -16 -13 -11 -14 -11 -13 -11 -11 -13 -12 -10 -11 -12 -13 -10 -16 -12 -10 -15 -13 -13 -11 -15 -11 -12 -10 -8 -18 -7 -12 -6 -17 -9 -11 -6 -16 -6 -18 -5 -20 -6 -15 -13 -16 -10 4 2 0 0 0 0 0 0 0 0 ]
CSI_DATA,AP,68:FE:71:12:53:8C,-44,11,1,3,1,1,1,0,0,0,0,-95,0,6,1,42513289,0,84,0,0,42.513,384,[84 -64 4 0 0 0 0 0 0 0 0 0 -20 17 -15 13 -21 18 -19 11 -15 17 -15 12 -20 8 -20 13 -22 10 -14 9 -23 10 -23 15 -16 10 -19 14 -17 11 -20 13 -16 9 -17 4 -20 4 -20 10 -21 6 -14 7 -18 3 -13 6 -15 11 -13 11 3 -3 -18 7 -20 9 -15 7 -15 9 -19 6 -18 9 -13 6 -11 8 -12 13 -18 12 -16 10 -15 13 -9 15 -14 7 -15 9 -14 14 -16 15 -12 14 -12 10 -11 10 -15 12 -9 12 -13 15 -10 13 -13 13 -9 9 0 0 0 0 0 0 0 0 0 0 ]
CSI_DATA,AP,68:FE:71:12:53:8C,-42,11,1,4,1,1,1,0,0,0,0,-95,0,6,1,42631186,0,84,0,0,42.631,384,[84 -64 4 0 0 0 0 0 0 0 0 0 15 -21 12 -21 9 -18 15 -21 17 -14 14 -14 10 -15 10 -13 11 -12 15 -14 14 -18 11 -18 15 -15 18 -13 19 -15 12 -17 12 -13 16 -13 18 -11 13 -17 13 -11 15 -13 17 -15 14 -12 14 -14 13 -14 4 2 11 -15 13 -12 13 -14 13 -10 11 -17 8 -13 8 -17 11 -12 15 -11 8 -15 7 -16 12 -14 6 -15 6 -15 8 -16 5 -20 6 -17 8 -17 4 -14 4 -13 7 -13 3 -20 3 -17 8 -17 11 -16 3 -19 -2 3 0 0 0 0 0 0 0 0 ]
CSI_DATA,AP,68:FE:71:12:53:8C,-44,11,1,4,1,1,1,1,0,0,0,-95,2,6,1,42715212,0,84,0,0,42.715,384,[84 -64 4 0 0 0 0 0 0 0 0 0 -3 -25 -1 -18 -1 -25 7 -19 2 -18 3 -21 1 -18 6 -19 9 -22 5 -22 9 -19 4 -24 7 -20 2 -20 9 -17 9 -24 5 -16 4 -14 10 -17 9 -16 8 -15 6 -19 10 -19 4 -15 4 -14 4 -13 -2 1 2 -16 1 -21 3 -21 6 -19 1 -20 9 -15 4 -18 3 -12 6 -17 1 -17 -1 -16 4 -12 2 -20 1 -21 0 -16 -2 -21 4 -16 -2 -17 3 -20 2 -20 0 -17 1 -14 0 -14 -3 -14 1 -13 -5 -13 3 -3 0 0 0 0 0 0 0 0 ]
CSI_DATA,AP,68:FE:71:12:53:8C,-42,11,1,5,1,1,1,1,0,0,0,-94,2,6,1,42826743,0,84,0,0,42.827,384,[84 -64 4 0 0 0 0 0 0 0 0 0 22 11 19 7 19 9 21 10 22 7 18 7 21 9 14 13 18 13 19 11 13 14 21 10 16 12 13 15 16 9 17 13 10 14 15 11 10 16 13 15 15 14 18 9 8 12 15 12 15 10 16 12 -4 -3 13 10 13 15 15 9 19 5 13 9 19 12 18 8 17 11 15 4 13 9 13 6 11 11 19 9 11 5 11 7 14 4 14 2 18 5 16 8 16 3 17 2 14 7 20 2 18 3 18 6 14 6 3 2 0 0 0 0 0 0 0 0 ]
CSI_DATA,AP,68:FE:71:12:53:8C,-44,11,1,5,1,1,1,0,0,0,0,-94,0,6,1,42932616,0,84,0,0,42.933,384,[84 -64 4 0 0 0 0 0 0 0 0 0 -17 15 -22 14 -21 14 -24 14 -20 13 -18 9 -18 7 -20 3 -17 6 -20 11 -25 12 -25 4 -18 9 -18 5 -21 7 -22 2 -24 5 -22 2 -17 5 -23 4 -16 2 -23 1 -13 8 -22 1 -15 9 -22 4 2 2 -17 1 -20 8 -22 10 -20 8 -15 1 -15 8 -21 4 -20 3 -17 3 -15 11 -15 5 -17 11 -13 8 -19 10 -14 4 -13 6 -20 7 -12 14 -12 10 -11 12 -17 12 -12 13 -14 10 -16 10 -10 15 -12 10 3 -3 0 0 0 0 0 0 0 0 ]
CSI_DATA,AP,68:FE:71:12:53:8C,-47,11,1,4,1,1,1,0,0,0,0,-95,0,6,1,43065103,0,84,0,0,43.065,384,[84 -64 4 0 0 0 0 0 0 0 0 0 -16 -15 -12 -17 -15 -15 -15 -22 -9 -22 -11 -15 -6 -17 -9 -18 -5 -17 -5 -20 -5 -17 -11 -18 -4 -17 -10 -18 -9 -16 -9 -21 -4 -20 -8 -19 -6 -13 -2 -21 -7 -14 -4 -16 -8 -18 -3 -20 -9 -18 -7 -20 -1 -3 -8 -19 -5 -12 -8 -18 -11 -17 -7 -18 -4 -16 -6 -20 -7 -16 -13 -16 -10 -17 -11 -16 -9 -9 -7 -14 -7 -15 -14 -15 -8 -16 -8 -17 -11 -14 -8 -9 -8 -8 -9 -9 -15 -8 -13 -16 -14 -15 -13 -10 -11 -12 3 -1 0 0 0 0 0 0 0 0 ]
CSI_DATA,AP,68:FE:71:12:53:8C,-45,11,1,4,1,1,1,0,0,0,0,-95,0,6,1,43169498,0,84,0,0,43.169,384,[84 -64 4 0 0 0 0 0 0 0 0 0 15 16 13 12 11 17 11 21 8 15 10 20 9 19 5 17 4 17 7 14 10 16 8 16 13 16 10 19 12 15 4 16 9 20 7 13 6 19 7 15 8 16 6 14 7 10 10 12 12 12 11 19 -1 2 9 16 5 17 10 16 10 15 4 15 11 13 5 11 4 17 7 13 10 13 11 7 11 11 12 9 9 14 8 11 9 7 9 12 9 7 15 7 13 9 7 8 15 13 9 7 13 5 11 7 18 7 3 0 0 0 0 0 0 0 0 0 ]
CSI_DATA,AP,68:FE:71:12:53:8C,-44,11,1,4,1,1,1,0,0,0,0,-95,0,6,1,43285332,0,84,0,0,43.285,384,[84 -64 4 0 0 0 0 0 0 0 0 0 16 12 13 7 14 6 21 14 18 12 16 14 15 9 15 14 14 10 13 10 19 15 17 17 11 15 18 13 10 16 17 13 10 17 7 8 11 10 9 16 14 16 16 14 7 11 9 11 11 9 12 8 -4 -3 8 10 11 10 16 11 15 6 11 10 9 10 13 9 8 10 15 9 9 4 15 6 8 9 12 10 9 13 14 6 14 7 17 10 10 7 11 6 15 9 10 11 18 11 11 9 16 9 18 9 11 10 1 1 0 0 0 0 0 0 0 0 ]
CSI_DATA,AP,68:FE:71:12:53:8C,-44,11,1,4,1,1,1,0,0,0,0,-94,0,6,1,43396073,0,84,0,0,43.396,384,[84 -64 4 0 0 0 0 0 0 0 0 0 18 -1 20 -2 18 -2 22 2 25 -4 23 -3 20 -3 21 5 20 -2 24 1 17 2 17 4 19 4 16 3 21 4 22 0 18 -1 16 2 18 1 20 -1 18 6 16 1 19 3 16 4 18 1 13 5 -1 -2 14 -2 17 0 13 1 14 0 12 -2 19 0 12 3 13 4 14 2 14 0 16 -5 13 -5 19 -5 17 1 18 -1 14 -6 16 1 17 -1 19 -2 18 -8 18 -6 13 -3 12 -2 20 -10 15 -1 14 -4 -3 -1 0 0 0 0 0 0 0 0 ]
CSI_DATA,AP,68:FE:71:12:53:8C,-44,11,1,3,1,1,1,0,0,0,0,-96,0,6,1,43505075,0,84,0,0,43.505,384,[84 -64 4 0 0 0 0 0 0 0 0 0 -24 -3 -25 -1 -23 -3 -23 -5 -21 -4 -17 -6 -16 -4 -22 -10 -17 -6 -20 -8 -22 -7 -18 -5 -16 -8 -18 -7 -19 -10 -15 -13 -19 -8 -20 -5 -21 -6 -15 -12 -17 -13 -21 -7 -11 -6 -20 -4 -14 -4 -20 -6 1 -4 -16 -5 -21 -7 -14 -6 -20 -7 -17 -8 -15 -8 -21 -8 -19 -4 -15 -4 -17 -7 -15 -6 -19 -3 -13 1 -17 -6 -14 -2 -20 -2 -15 -1 -21 1 -21 -6 -13 2 -19 3 -20 2 -14 0 -16 -4 -16 -3 -14 3 4 -1 0 0 0 0 0 0 0 0 ]
CSI_DATA,AP,68:FE:71:12:53:8C,-44,11,1,5,1,1,1,1,0,0,0,-94,5,6,1,43651743,0,84,0,0,43.652,384,[84 -64 4 0 0 0 0 0 0 0 0 0 20 -1 22 3 22 0 24 -3 22 2 18 1 25 1 19 6 23 -1 23 0 17 3 20 8 17 5 22 4 14 2 18 4 14 9 14 2 19 2 14 7 16 8 21 5 12 4 16 4 16 6 19 8 0 -4 17 1 19 0 17 0 21 0 12 -1 15 -1 13 -1 14 2 15 -2 11 -3 14 3 19 1 19 5 19 2 17 -3 14 -5 17 -2 14 0 19 -2 13 -5 14 0 20 0 14 3 15 -1 17 2 18 -5 -2 -4 0 0 0 0 0 0 0 0 ]
CSI_DATA,AP,68:FE:71:12:53:8C,-47,11,1,3,1,1,1,0,0,0,0,-93,0,6,1,43770768,0,84,0,0,43.771,384,[84 -64 4 0 0 0 0 0 0 0 0 0 -22 -2 -21 -4 -25 -8 -20 -2 -24 -3 -20 -9 -24 -7 -17 -3 -17 -6 -20 -6 -17 -12 -16 -11 -18 -8 -18 -10 -20 -9 -19 -5 -14 -11 -13 -8 -13 -7 -20 -7 -12 -10 -17 -12 -19 -6 -14 -8 -17 -9 -18 -9 4 -2 -17 -5 -15 -6 -20 -8 -15 -8 -15 -5 -15 -9 -15 -10 -20 -5 -13 -9 -12 -5 -15 -2 -17 -8 -21 -6 -14 -5 -18 -5 -19 0 -15 0 -16 -4 -18 0 -14 -2 -21 1 -20 1 -18 3 -21 -4 -17 -1 -15 4 -2 4 0 0 0 0 0 0 0 0 ]
CSI_DATA,AP,68:FE:71:12:53:8C,-41,11,1,4,1,1,1,0,0,0,0,-95,0,6,1,43869719,0,84,0,0,43.87,384,[84 -64 4 0 0 0 0 0 0 0 0 0 18 -5 16 -3 24 -5 17 3 19 -3 21 3 18 4 15 6 16 0 15 1 21 4 18 3 16 5 17 2 22 6 18 2 13 1 14 9 19 1 13 3 19 8 16 4 12 7 16 9 15 8 14 2 4 -1 12 5 17 6 20 7 15 -1 17 4 20 3 16 3 19 -2 19 5 15 0 17 -2 12 2 13 -1 17 3 12 0 12 1 16 1 20 1 19 2 15 1 16 1 15 -3 20 -4 13 2 19 3 11 0 0 2 0 0 0 0 0 0 0 0 ]
CSI_DATA,AP,68:FE:71:12:53:8C,-46,11,1,3,1,1,1,0,0,0,0,-95,0,6,1,43985253,0,82,0,0,43.985,384,[84 -64 4 0 0 0 0 0 0 0 0 0 -21 8 -24 7 -17 9 -21 4 -23 4 -20 7 -19 8 -24 6 -17 0 -18 3 -21 2 -21 0 -24 1 -22 4 -19 -1 -25 1 -24 3 -22 4 -20 3 -15 0 -20 1 -16 4 -19 -2 -16 -1 -21 4 -16 2 0 -4 -13 1 -16 5 -16 0 -20 3 -19 7 -16 3 -17 5 -20 1 -15 8 -18 8 -19 6 -17 8 -20 6 -19 3 -16 7 -18 4 -17 4 -16 4 -20 4 -17 6 -15 5 -15 6 -19 6 -19 8 -12 11 -18 5 -1 2 0 0 0 0 0 0 0 0 ]
CSI_DATA,AP,68:FE:71:12:53:8C,-46,11,1,3,1,1,1,0,0,0,0,-94,0,6,1,44072659,0,84,0,0,44.073,384,[84 -64 4 0 0 0 0 0 0 0 0 0 -6 -22 -7 -21 -10 -17 -11 -24 -5 -19 -6 -24 -6 -23 -2 -23 -1 -24 -6 -20 -5 -19 -4 -22 -4 -24 0 -18 -7 -19 -5 -23 -1 -19 -5 -21 -7 -21 -5 -21 -1 -14 1 -15 -3 -16 -6 -21 1 -23 0 -22 -2 2 -5 -16 -4 -18 -4 -18 -7 -20 -3 -17 -4 -18 -4 -15 -10 -15 -3 -18 -10 -17 -9 -19 -9 -20 -9 -20 -5 -13 -8 -20 -10 -18 -6 -12 -8 -19 -10 -13 -7 -12 -11 -14 -10 -14 -10 -11 -13 -16 -13 -14 -7 -14 0 0 0 0 0 0 0 0 0 0 ]
CSI_DATA,AP,68:FE:71:12:53:8C,-48,11,1,3,1,1,1,0,0,0,1,-95,0,6,1,44194494,0,84,0,0,44.194,384,[84 -64 4 0 0 0 0 0 0 0 0 0 -15 11 -19 6 -15 8 -17 9 -14 5 -22 7 -23 5 -15 2 -21 8 -16 0 -17 10 -19 7 -16 5 -20 8 -16 3 -16 6 -19 6 -21 3 -22 2 -22 -2 -13 -3 -21 1 -18 3 -15 4 -19 1 -16 1 -4 1 -20 3 -19 5 -21 3 -16 1 -19 7 -14 4 -13 1 -17 4 -13 8 -14 7 -14 5 -11 8 -19 8 -11 7 -15 4 -16 4 -15 11 -11 6 -18 8 -14 9 -18 9 -9 6 -13 7 -17 9 -13 6 -13 8 1 -3 0 0 0 0 0 0 0 0 ]
CSI_DATA,AP,68:FE:71:12:53:8C,-42,11,1,5,1,1,1,0,0,0,0,-94,0,6,1,44280029,0,84,0,0,44.28,384,[84 -64 4 0 0 0 0 0 0 0 0 0 16 -15 9 -18 18 -18 16 -16 11 -15 13 -14 19 -18 16 -11 13 -13 12 -11 14 -15 16 -10 18 -8 13 -7 19 -13 21 -9 18 -14 15 -12 10 -9 11 -11 18 -12 12 -13 17 -9 13 -13 19 -14 12 -6 4 2 13 -14 13 -15 9 -10 16 -14 8 -14 13 -10 14 -14 14 -14 15 -15 15 -9 10 -15 10 -11 7 -10 13 -13 6 -13 9 -18 8 -18 5 -14 10 -11 5 -13 7 -13 12 -11 4 -16 4 -19 10 -13 5 -19 0 1 0 0 0 0 0 0 0 0 ]
CSI_DATA,AP,68:FE:71:12:53:8C,-44,11,1,3,1,1,1,1,0,0,0,-95,5,6,1,44399012,0,84,0,0,44.399,384,[84 -64 4 0 0 0 0 0 0 0 0 0 -10 14 -10 13 -16 17 -12 14 -10 9 -13 9 -15 9 -15 11 -13 7 -11 13 -12 7 -10 14 -17 9 -15 12 -18 5 -17 12 -13 11 -17 13 -12 13 -10 4 -15 5 -10 10 -16 11 -14 10 -19 10 -12 11 3 -2 -15 6 -17 7 -13 8 -14 9 -10 11 -13 12 -15 8 -13 11 -6 8 -10 6 -10 10 -12 9 -13 7 -14 12 -14 14 -12 11 -11 8 -11 15 -12 15 -6 10 -9 15 -11 7 -11 10 -6 13 -12 16 -11 13 3 -3 0 0 0 0 0 0 0 0 ]
CSI_DATA,AP,68:FE:71:12:53:8C,-47,11,1,4,1,1,1,0,0,0,0,-95,0,6,1,44511350,0,84,0,0,44.511,384,[84 -64 4 0 0 0 0 0 0 0 0 0 11 3 10 6 8 5 7 3 4 7 6 2 6 8 2 5 2 4 8 3 4 8 8 10 9 11 6 8 2 4 7 10 8 4 4 6 3 3 1 5 5 5 6 10 7 2 5 9 2 11 3 3 -4 -3 0 4 2 2 3 3 2 3 4 9 10 9 2 7 10 5 8 8 3 5 9 6 5 9 9 1 8 4 7 4 3 1 7 1 6 7 8 8 10 1 9 1 9 8 12 6 9 6 4 3 4 4 2 -1 0 0 0 0 0 0 0 0 ]
CSI_DATA,AP,68:FE:71:12:53:8C,-39,11,1,6,1,1,1,0,0,0,0,-94,0,6,1,44604015,0,84,0,0,44.604,384,[84 -64 4 0 0 0 0 0 0 0 0 0 -17 -11 -20 -11 -19 -6 -16 -10 -20 -13 -17 -8 -19 -14 -11 -7 -11 -15 -12 -9 -15 -16 -11 -9 -17 -14 -9 -13 -9 -10 -10 -8 -16 -9 -9 -8 -14 -7 -14 -11 -10 -11 -8 -12 -7 -10 -10 -10 -14 -13 -7 -14 0 0 -11 -9 -14 -8 -16 -12 -15 -5 -10 -9 -9 -5 -15 -10 -9 -5 -8 -6 -11 -10 -10 -11 -11 -6 -10 -4 -15 -11 -14 -10 -10 -8 -18 -5 -14 -8 -10 -4 -10 -1 -14 -8 -15 -4 -17 -4 -18 -7 -13 -7 -15 -3 -2 -2 0 0 0 0 0 0 0 0 ]
CSI_DATA,AP,68:FE:71:12:53:8C,-42,11,1,5,1,1,1,0,0,0,0,-94,0,6,1,44707357,0,84,0,0,44.707,384,[84 -64 4 0 0 0 0 0 0 0 0 0 9 -13 14 -12 10 -12 11 -14 15 -14 11 -16 15 -9 15 -14 15 -15 17 -9 15 -15 17 -11 19 -9 15 -11 13 -6 17 -8 12 -9 11 -8 11 -8 13 -5 15 -5 11 -10 16 -12 12 -13 18 -8 14 -13 -1 3 16 -9 10 -9 11 -13 13 -13 15 -13 9 -8 11 -6 10 -11 7 -8 8 -9 11 -12 13 -7 14 -16 6 -12 14 -14 9 -15 13 -12 10 -12 14 -10 4 -16 13 -11 12 -13 10 -15 12 -14 5 -14 7 -18 -2 -3 0 0 0 0 0 0 0 0 ]
CSI_DATA,AP,68:FE:71:12:53:8C,-45,11,1,4,1,1,1,0,0,0,0,-96,0,6,1,44807633,0,84,0,0,44.808,384,[84 -64 4 0 0 0 0 0 0 0 0 0 -4 0 -11 6 -12 4 -6 6 -7 2 -8 2 -5 6 -12 6 -12 2 -6 0 -11 3 -10 6 -7 -1 -7 -1 -6 4 -12 -1 -5 6 -6 -1 -8 5 -8 4 -11 0 -7 -3 -8 0 -12 -1 -10 0 -9 -1 -1 -2 -4 4 -12 5 -7 6 -12 -1 -5 -2 -7 2 -6 -1 -10 5 -7 6 -3 0 -5 6 -4 3 -4 4 -4 2 -9 0 -3 3 -7 -1 -5 1 -7 6 -5 4 -11 4 -4 6 -11 7 -11 0 -7 6 -3 7 -2 -4 0 0 0 0 0 0 0 0 ]
CSI_DATA,AP,68:FE:71:12:53:8C,-45,11,1,3,1,1,1,0,0,0,0,-94,0,6,1,44921860,0,84,0,0,44.922,384,[84 -64 4 0 0 0 0 0 0 0 0 0 -17 19 -12 21 -14 16 -11 18 -14 18 -18 14 -14 18 -15 19 -14 14 -14 18 -14 12 -15 17 -21 17 -16 10 -15 14 -19 18 -15 16 -18 9 -18 11 -13 9 -15 9 -17 16 -17 6 -20 10 -19 12 -17 12 -3 -3 -16 16 -17 18 -10 18 -8 11 -16 11 -16 10 -15 15 -8 17 -13 10 -8 13 -13 10 -6 13 -10 13 -8 17 -7 17 -7 19 -8 17 -10 18 -8 19 -9 19 -10 19 -9 19 -4 21 -8 20 -9 15 -6 12 -3 -2 0 0 0 0 0 0 0 0 ]
CSI_DATA,AP,68:FE:71:12:53:8C,-44,11,1,5,1,1,1,0,0,0,0,-95,0,6,1,45028532,0,84,0,0,45.029,384,[84 -64 4 0 0 0 0 0 0 0 0 0 10 19 4 14 3 16 4 22 8 12 2 15 3 13 6 18 -1 13 -1 18 4 18 1 12 1 11 -1 17 -1 10 4 12 -2 15 -1 13 1 11 1 16 5 9 -2 16 4 8 2 12 0 9 4 15 1 -3 3 11 0 8 5 15 5 6 7 7 1 8 5 9 4 13 9 9 2 5 5 5 9 6 10 11 3 10 7 12 9 7 11 5 6 8 6 8 8 10 7 10 7 10 10 6 11 7 11 11 7 7 -2 0 0 0 0 0 0 0 0 0 ]
CSI_DATA,AP,68:FE:71:12:53:8C,-45,11,1,5,1,1,1,0,0,0,0,-96,0,6,1,45151882,0,84,0,0,45.152,384,[84 -64 4 0 0 0 0 0 0 0 0 0 16 -16 13 -10 17 -8 13 -10 11 -12 12 -8 14 -7 16 -10 9 -11 17 -10 12 -6 13 -5 14 -10 8 -10 7 -2 14 -3 12 -7 14 -4 10 -6 13 -7 4 -5 5 -6 8 -1 7 -8 7 -4 5 -10 0 2 11 -6 6 -8 9 -7 7 -7 9 -2 4 -9 9 -9 2 -9 5 -4 6 -11 5 -11 3 -9 5 -7 9 -11 9 -13 3 -10 8 -8 7 -12 8 -12 -1 -14 4 -8 5 -7 7 -12 7 -16 3 -14 8 -16 2 4 0 0 0 0 0 0 0 0 ]
CSI_DATA,AP,68:FE:71:12:53:8C,-44,11,1,5,1,1,1,0,0,0,0,-96,0,6,1,45270393,0,84,0,0,45.27,384,[84 -64 4 0 0 0 0 0 0 0 0 0 20 1 24 1 19 -3 25 -1 19 4 15 1 19 0 18 3 16 0 16 8 16 3 19 -1 20 -1 19 0 16 5 14 6 14 7 10 5 15 5 14 3 14 0 15 0 14 2 8 5 10 4 9 2 3 4 13 -1 12 -4 6 1 8 -5 12 -1 8 -4 10 -2 9 2 5 2 7 -5 14 -8 11 -6 11 -7 6 -1 12 -5 6 -4 10 -8 9 -9 9 -1 4 -4 8 -3 8 -9 10 -3 7 -4 9 -3 6 -11 1 -2 0 0 0 0 0 0 0 0 ]
CSI_DATA,AP,68:FE:71:12:53:8C,-49,11,1,1,1,1,1,0,0,0,0,-93,0,6,1,45397276,0,84,0,0,45.397,384,[84 -64 4 0 0 0 0 0 0 0 0 0 26 -21 24 -20 28 -25 24 -20 26 -16 21 -21 26 -19 24 -13 25 -12 20 -15 21 -12 19 -18 27 -10 24 -11 20 -13 24 -10 20 -8 20 -9 16 -12 18 -14 12 -12 16 -13 10 -4 17 -14 10 -9 13 -10 -2 0 14 -12 8 -13 8 -8 9 -11 8 -11 9 -15 4 -11 3 -14 4 -13 7 -8 7 -12 5 -12 8 -13 0 -17 4 -15 2 -13 4 -11 -2 -8 3 -13 3 -11 1 -8 -2 -8 4 -16 -5 -14 1 -9 -6 -10 -3 4 0 0 0 0 0 0 0 0 ]
CSI_DATA,AP,68:FE:71:12:53:8C,-47,11,1,4,1,1,1,0,0,0,0,-95,0,6,1,45480789,0,84,0,0,45.481,384,[84 -64 4 0 0 0 0 0 0 0 0 0 19 -5 16 -2 14 2 14 1 16 -4 19 4 13 2 19 2 18 1 12 1 16 4 11 -1 19 1 18 -3 18 0 15 4 18 3 13 2 16 -3 10 -1 12 2 17 -3 17 5 17 -4 14 -2 13 0 -3 1 15 2 17 -2 14 -5 18 -2 17 -5 14 1 11 -5 12 0 15 -2 11 0 13 -1 10 -6 15 -2 12 -2 15 -5 12 -2 18 -3 14 -7 19 -1 12 -1 14 1 11 1 16 -5 13 0 12 -1 11 0 3 -4 0 0 0 0 0 0 0 0 ]
CSI_DATA,AP,68:FE:71:12:53:8C,-46,11,1,3,1,1,1,0,0,0,0,-94,0,6,1,45586864,0,84,0,0,45.587,384,[84 -64 4 0 0 0 0 0 0 0 0 0 10 -15 13 -18 16 -24 16 -21 10 -23 11 -18 16 -17 15 -13 15 -21 15 -19 18 -20 18 -14 12 -18 13 -17 18 -14 18 -15 16 -20 14 -18 14 -19 19 -15 18 -13 14 -17 11 -14 17 -11 15 -21 13 -14 -3 -2 12 -14 19 -14 12 -21 16 -20 13 -17 18 -17 17 -22 11 -21 14 -18 11 -17 16 -19 8 -16 13 -22 10 -21 11 -23 12 -24 9 -24 12 -25 11 -17 8 -21 15 -20 17 -16 10 -21 13 -22 11 -20 10 -19 -4 1 0 0 0 0 0 0 0 0 ]
CSI_DATA,AP,68:FE:71:12:53:8C,-43,11,1,5,1,1,1,0,0,0,0,-93,0,6,1,45698171,0,84,0,0,45.698,384,[84 -64 4 0 0 0 0 0 0 0 0 0 10 8 6 15 7 13 9 17 7 10 6 15 6 13 2 13 0 13 0 17 3 19 5 13 0 18 3 12 5 19 4 12 5 17 1 10 4 13 2 19 0 18 -3 15 -3 10 1 17 1 13 3 13 2 -4 3 12 1 19 -1 14 0 19 6 13 5 18 6 15 2 17 8 16 7 12 9 13 5 16 6 18 8 14 9 13 4 16 7 15 6 18 4 19 9 14 6 17 3 16 6 16 12 17 5 13 8 14 -4 -3 0 0 0 0 0 0 0 0 ]
CSI_DATA,AP,68:FE:71:12:53:8C,-45,11,1,4,1,1,1,0,0,0,0,-94,0,6,1,45828695,0,84,0,0,45.829,384,[84 -64 4 0 0 0 0 0 0 0 0 0 0 22 3 18 -3 19 -3 22 0 17 -7 18 -6 17 0 15 -5 21 -2 24 -7 20 -4 24 -6 19 -6 23 -9 16 -8 22 -11 17 -12 19 -6 19 -13 21 -7 18 -7 17 -7 20 -7 16 -8 16 -10 21 -1 0 -11 23 -10 22 -9 15 -8 16 -2 21 -10 18 -9 21 -10 21 -3 20 -4 18 -6 23 -4 16 -5 16 -1 17 -6 23 0 24 -3 23 -4 15 -5 18 3 17 -2 23 2 20 3 18 0 24 -2 20 -2 22 2 0 0 0 0 0 0 0 0 0 ]
CSI_DATA,AP,68:FE:71:12:53:8C,-44,11,1,5,1,1,1,0,0,0,0,-95,0,6,1,45921348,0,84,0,0,45.921,384,[84 -64 4 0 0 0 0 0 0 0 0 0 0 -18 -2 -15 -5 -16 -2 -17 -3 -24 -3 -17 -1 -23 -1 -23 -5 -24 -4 -20 2 -27 2 -25 -1 -24 4 -19 3 -22 5 -22 6 -23 6 -18 4 -19 6 -21 4 -24 0 -23 1 -23 3 -19 7 -27 2 -22 1 -3 3 -17 4 -21 -2 -23 4 -19 5 -20 -4 -23 3 -23 0 -24 1 -19 1 -18 -4 -18 -4 -24 2 -17 1 -21 -3 -16 -6 -20 -8 -25 -1 -18 -8 -16 -10 -18 -8 -23 -9 -21 -8 -25 -7 -24 -1 -16 -6 -21 -1 3 0 0 0 0 0 0 0 0 ]
CSI_DATA,AP,68:FE:71:12:53:8C,-42,11,1,4,1,1,1,0,0,0,0,-94,0,6,1,46037997,0,84,0,0,46.038,384,[84 -64 4 0 0 0 0 0 0 0 0 0 1 9 -1 12 -2 13 -3 7 1 11 2 8 -4 8 -4 6 -2 10 -7 11 -4 10 1 10 1 11 2 10 1 13 -7 6 -8 7 -3 4 -4 8 -2 11 -7 4 -6 8 -2 8 -5 9 -2 8 -3 12 2 1 -1 7 -3 5 -2 5 0 9 0 4 -4 11 -6 12 -2 5 -4 6 -3 7 1 4 1 10 -4 12 -2 10 -3 4 2 9 3 4 2 4 -2 11 2 3 4 3 3 8 5 3 4 3 1 11 5 5 2 1 0 0 0 0 0 0 0 0 ]
CSI_DATA,AP,68:FE:71:12:53:8C,-46,11,1,5,1,1,1,0,0,0,0,-95,0,6,1,46149540,0,84,0,0,46.15,384,[84 -64 4 0 0 0 0 0 0 0 0 0 -5 19 -8 15 -5 22 -4 16 -9 17 -3 15 -5 14 -3 18 -6 14 -11 18 -7 15 -5 19 -11 17 -8 17 -7 20 -10 19 -9 17 -4 15 -9 16 -5 12 -4 17 -3 16 -6 14 -7 14 -5 10 -9 11 -2 0 -8 12 -5 17 -8 13 -6 13 -6 19 -2 14 -4 13 -3 18 -3 17 -6 17 -4 13 -3 14 -2 16 0 10 -4 18 2 11 -6 17 1 13 1 13 2 16 1 11 -1 17 0 15 2 17 -1 18 -1 15 4 1 0 0 0 0 0 0 0 0 ]
CSI_DATA,AP,68:FE:71:12:53:8C,-43,11,1,5,1,1,1,0,0,0,1,-96,0,6,1,46284134,0,84,0,0,46.284,384,[84 -64 4 0 0 0 0 0 0 0 0 0 -19 -11 -21 -6 -22 -4 -20 -5 -18 -6 -23 -11 -14 -7 -20 -6 -17 -7 -22 -8 -20 -8 -19 -7 -17 -11 -14 -15 -16 -9 -21 -12 -17 -12 -12 -11 -11 -9 -16 -10 -18 -11 -11 -15 -15 -12 -18 -11 -15 -8 -14 -13 2 1 -13 -13 -13 -5 -16 -8 -17 -9 -12 -4 -13 -6 -14 -5 -13 -10 -17 -6 -17 -7 -12 -7 -12 -3 -14 -2 -17 -4 -19 -6 -15 -4 -18 -2 -12 -6 -17 -2 -17 -7 -16 -7 -16 -2 -13 -2 -21 -2 -17 0 -18 -4 -4 -1 0 0 0 0 0 0 0 0 ]
CSI_DATA,AP,68:FE:71:12:53:8C,-48,11,1,3,1,1,1,0,0,0,0,-96,0,6,1,46386983,0,84,0,0,46.387,384,[84 -64 4 0 0 0 0 0 0 0 0 0 -8 -15 -6 -23 -3 -24 0 -21 -6 -19 -6 -18 -2 -21 -1 -16 3 -20 2 -23 -4 -20 -2 -22 -1 -18 3 -19 3 -21 1 -17 1 -18 2 -18 4 -21 3 -14 -3 -13 1 -14 -4 -20 -5 -19 -4 -19 -3 -15 1 -1 -5 -13 -5 -18 -1 -18 -1 -14 1 -13 2 -13 -5 -15 1 -14 -4 -11 -6 -18 -5 -12 0 -15 -6 -17 -4 -14 -7 -17 -5 -16 -5 -16 -5 -19 -5 -17 -9 -16 -5 -12 -10 -10 -11 -14 -7 -15 -11 -9 -3 -15 -2 2 0 0 0 0 0 0 0 0 ]
CSI_DATA,AP,68:FE:71:12:53:8C,-47,11,1,5,1,1,1,1,0,0,0,-95,4,6,1,46492086,0,84,0,0,46.492,384,[84 -64 4 0 0 0 0 0 0 0 0 0 -1 -19 4 -16 4 -22 0 -21 -3 -24 1 -16 7 -21 -1 -19 4 -15 6 -15 3 -20 0 -21 6 -18 4 -19 5 -16 4 -13 8 -19 1 -19 4 -20 5 -14 5 -20 1 -15 1 -20 7 -19 6 -16 4 -16 -4 3 5 -14 1 -13 -1 -15 -1 -12 -2 -15 0 -16 -1 -11 0 -12 -2 -14 4 -16 -3 -18 -3 -17 1 -18 1 -16 0 -19 0 -16 -1 -13 1 -16 -1 -18 2 -16 -5 -15 0 -12 -2 -19 1 -14 -4 -16 -3 -19 -4 -1 0 0 0 0 0 0 0 0 ]
CSI_DATA,AP,68:FE:71:12:53:8C,-46,11,1,3,1,1,1,0,0,0,0,-94,0,6,1,46621110,0,84,0,0,46.621,384,[84 -64 4 0 0 0 0 0 0 0 0 0 -13 10 -14 12 -11 15 -13 16 -19 9 -19 10 -18 9 -19 10 -15 14 -14 14 -15 6 -16 6 -15 10 -20 8 -20 5 -17 6 -18 5 -16 5 -18 10 -12 7 -15 12 -20 10 -13 4 -14 7 -14 9 -12 6 1 -4 -17 12 -12 11 -16 11 -18 12 -18 10 -10 7 -16 9 -10 5 -12 8 -15 9 -9 6 -12 10 -15 13 -15 12 -10 9 -9 13 -9 15 -11 12 -10 14 -6 9 -13 8 -8 14 -10 15 -12 13 -10 12 -7 13 4 -3 0 0 0 0 0 0 0 0 ]
CSI_DATA,AP,68:FE:71:12:53:8C,-45,11,1,4,1,1,1,0,0,0,0,-96,0,6,1,46716464,0,84,0,0,46.716,384,[84 -64 4 0 0 0 0 0 0 0 0 0 2 -17 1 -19 -3 -25 -4 -23 0 -23 4 -21 5 -15 2 -19 6 -16 2 -23 -1 -19 0 -21 5 -19 6 -22 8 -20 5 -15 1 -20 -1 -22 -1 -16 7 -19 0 -15 7 -21 -1 -17 2 -15 4 -21 4 -13 -3 0 2 -17 5 -18 -2 -20 2 -15 1 -20 3 -20 -2 -14 -2 -15 3 -20 1 -14 -2 -16 2 -13 0 -12 -5 -16 -4 -20 -5 -20 2 -19 -3 -16 -2 -20 -7 -15 1 -18 -3 -15 -1 -16 -4 -16 -4 -17 -3 -13 -1 -4 0 0 0 0 0 0 0 0 ]
CSI_DATA,AP,68:FE:71:12:53:8C,-46,11,1,5,1,1,1,0,0,0,0,-94,0,6,1,46828934,0,84,0,0,46.829,384,[84 -64 4 0 0 0 0 0 0 0 0 0 0 -21 -4 -18 -4 -18 -1 -23 2 -20 5 -24 2 -16 -2 -22 4 -24 5 -22 1 -19 4 -16 2 -21 7 -17 4 -23 8 -16 3 -19 6 -21 -1 -19 0 -15 7 -18 7 -15 0 -16 0 -13 0 -14 4 -16 3 -1 2 -19 0 -20 5 -14 4 -15 -2 -16 4 -12 5 -12 3 -17 5 -19 -3 -14 2 -17 -4 -20 -2 -15 2 -13 -1 -13 -1 -18 -6 -18 -4 -17 1 -16 -7 -13 -1 -12 -3 -18 -4 -20 -4 -19 -4 -14 -1 -17 -1 4 0 0 0 0 0 0 0 0 ]
CSI_DATA,AP,68:FE:71:12:53:8C,-43,11,1,6,1,1,1,0,0,0,0,-93,0,6,1,46959648,0,84,0,0,46.96,384,[84 -64 4 0 0 0 0 0 0 0 0 0 30 -10 24 -10 31 -12 34 -15 28 -12 28 -10 30 -6 31 -9 26 -9 32 -8 28 -8 25 -8 30 -7 26 -6 24 -2 25 -2 27 1 24 -7 24 1 29 -3 23 -3 21 1 25 -4 25 -1 24 -2 21 -3 -1 3 22 -6 27 -3 22 -4 23 -4 26 -2 22 -7 22 -11 22 -4 23 -6 24 -3 21 -4 18 -8 23 -10 25 -11 18 -13 18 -6 24 -10 23 -8 20 -9 25 -15 22 -8 18 -15 23 -8 21 -11 22 -13 18 -9 4 -1 0 0 0 0 0 0 0 0 ]
CSI_DATA,AP,68:FE:71:12:53:8C,-42,11,1,4,1,1,1,0,0,0,0,-95,0,6,1,47069886,0,84,0,0,47.07,384,[84 -64 4 0 0 0 0 0 0 0 0 0 -16 7 -15 4 -20 9 -16 9 -16 4 -19 5 -22 3 -22 0 -21 4 -22 2 -14 -1 -17 -1 -20 4 -14 -3 -14 -3 -15 -1 -14 1 -19 3 -16 -4 -12 -1 -19 0 -19 -1 -17 1 -17 5 -15 -3 -16 3 -1 3 -13 0 -15 5 -13 1 -17 1 -19 1 -15 -2 -12 5 -10 5 -13 2 -12 0 -17 3 -9 7 -13 0 -15 0 -18 3 -18 4 -18 1 -18 0 -17 5 -11 8 -11 6 -14 2 -9 3 -9 8 -14 10 -15 5 -4 1 0 0 0 0 0 0 0 0 ]
CSI_DATA,AP,68:FE:71:12:53:8C,-47,11,1,4,1,1,1,0,0,0,0,-93,0,6,1,47173630,0,84,0,0,47.174,384,[84 -64 4 0 0 0 0 0 0 0 0 0 -12 -12 -14 -19 -12 -15 -11 -18 -9 -15 -9 -20 -13 -20 -8 -15 -8 -21 -8 -15 -11 -19 -10 -20 -9 -14 -11 -14 -6 -17 -7 -15 -6 -19 -7 -14 -6 -20 -9 -21 -2 -14 -11 -16 -5 -18 -5 -14 -6 -20 -3 -16 4 2 -8 -13 -8 -20 -3 -14 -7 -15 -11 -19 -7 -19 -6 -12 -4 -12 -7 -14 -12 -18 -9 -16 -9 -17 -6 -9 -6 -12 -12 -11 -8 -11 -10 -14 -9 -10 -11 -9 -10 -12 -7 -8 -10 -14 -10 -16 -11 -8 -12 -8 -9 -9 -4 -1 0 0 0 0 0 0 0 0 ]
CSI_DATA,AP,68:FE:71:12:53:8C,-49,11,1,1,1,1,1,0,0,0,0,-94,0,6,1,47265576,0,84,0,0,47.266,384,[84 -64 4 0 0 0 0 0 0 0 0 0 5 -3 11 -9 11 -6 7 -10 4 -6 10 -1 8 -2 8 -1 9 -6 9 -5 6 -5 6 -8 13 -5 6 0 5 -1 6 -5 7 -4 8 -8 9 -3 6 -3 9 -5 6 -4 9 0 8 -6 7 -2 10 -8 -3 2 8 -7 8 0 8 -4 3 -7 5 0 11 -5 7 -4 8 -7 7 -7 7 -7 2 -4 7 -8 10 -3 8 -6 5 -3 2 -9 3 -2 3 -9 9 -6 6 -8 8 -9 1 -5 3 -1 3 -3 8 -10 1 -4 2 -1 0 0 0 0 0 0 0 0 ]
CSI_DATA,AP,68:FE:71:12:53:8C,-47,11,1,5,1,1,1,1,0,0,0,-94,4,6,1,47376728,0,84,0,0,47.377,384,[84 -64 4 0 0 0 0 0 0 0 0 0 -8 19 -9 13 -9 20 -10 16 -9 20 -6 15 -11 18 -9 16 -10 15 -9 14 -12 18 -12 17 -11 16 -8 13 -12 18 -8 10 -12 14 -5 17 -9 17 -11 9 -5 16 -13 10 -11 9 -5 8 -12 11 -5 13 -1 0 -5 14 -7 9 -11 10 -10 13 -10 10 -3 14 -4 8 -8 12 -8 8 -9 8 -2 14 -9 13 -2 13 -4 15 -9 16 -5 14 -5 12 -7 14 -5 10 -5 17 -6 16 -7 14 -1 15 -3 15 -5 17 -7 11 3 2 0 0 0 0 0 0 0 0 ]
CSI_DATA,AP,68:FE:71:12:53:8C,-44,11,1,3,1,1,1,1,0,0,0,-93,3,6,1,47521533,0,84,0,0,47.522,384,[84 -64 4 0 0 0 0 0 0 0 0 0 21 -12 20 -12 19 -7 19 -9 17 -6 23 -4 18 -3 18 -8 23 -7 21 -1 18 -8 18 -2 18 -1 22 -2 16 1 20 -3 17 -3 17 -1 14 -1 19 -1 21 -3 12 0 17 -5 20 -1 16 1 14 -6 -3 -2 17 -4 12 -7 19 -7 13 -2 19 1 17 -6 15 -6 18 -3 12 -6 15 -4 15 -6 10 -2 16 -9 14 -4 13 -10 16 -5 12 -3 18 -8 14 -5 18 -9 16 -6 15 -3 11 -9 13 -4 15 -11 16 -6 0 2 0 0 0 0 0 0 0 0 ]
CSI_DATA,AP,68:FE:71:12:53:8C,-44,11,1,3,1,1,1,1,0,0,0,-96,4,6,1,47602233,0,84,0,0,47.602,384,[84 -64 4 0 0 0 0 0 0 0 0 0 -8 -16 -14 -13 -8 -18 -14 -18 -15 -16 -10 -13 -10 -13 -6 -13 -7 -17 -6 -15 -6 -16 -4 -17 -5 -13 -3 -16 -6 -17 -10 -19 -6 -12 -10 -19 -5 -18 -9 -19 -3 -12 -2 -16 -3 -15 -2 -15 -6 -14 -8 -15 -3 4 -7 -10 -3 -15 -10 -16 -9 -15 -7 -11 -3 -16 -6 -10 -7 -10 -11 -15 -12 -13 -5 -10 -10 -14 -13 -11 -9 -7 -13 -9 -10 -15 -10 -10 -6 -13 -10 -14 -14 -8 -13 -14 -11 -13 -9 -10 -13 -12 -7 -13 -8 -10 4 1 0 0 0 0 0 0 0 0 ]
CSI_DATA,AP,68:FE:71:12:53:8C,-50,11,1,1,1,1,1,1,0,0,0,-95,1,6,1,47731203,0,84,0,0,47.731,384,[84 -64 4 0 0 0 0 0 0 0 0 0 -14 9 -15 5 -16 10 -24 4 -23 10 -16 9 -14 2 -19 8 -22 6 -17 3 -20 1 -20 -2 -18 6 -15 -2 -21 6 -20 6 -17 -1 -14 2 -21 -2 -13 0 -21 0 -19 5 -19 0 -18 -2 -13 -3 -13 4 1 -2 -18 -1 -16 -2 -20 2 -14 5 -14 4 -17 0 -17 6 -18 5 -18 5 -10 2 -17 9 -17 8 -18 9 -12 5 -18 5 -16 2 -11 8 -18 8 -14 9 -17 10 -15 8 -17 10 -10 10 -16 5 -12 10 -14 8 4 -4 0 0 0 0 0 0 0 0 ]
CSI_DATA,AP,68:FE:71:12:53:8C,-48,11,1,3,1,1,1,0,0,0,0,-94,0,6,1,47837602,0,84,0,0,47.838,384,[84 -64 4 0 0 0 0 0 0 0 0 0 -15 -16 -6 -20 -9 -17 -13 -15 -12 -16 -9 -23 -11 -17 -6 -21 -9 -20 -8 -19 -8 -22 -9 -18 -8 -18 -9 -16 -1 -15 -1 -17 -7 -13 -3 -17 -1 -22 -8 -15 -7 -18 -2 -19 -3 -17 -8 -18 -6 -16 -7 -15 4 1 -6 -15 -9 -20 -8 -12 -7 -11 -8 -18 -6 -16 -10 -17 -5 -15 -3 -11 -4 -15 -6 -17 -7 -15 -5 -18 -6 -18 -8 -17 -5 -18 -4 -14 -12 -16 -11 -12 -8 -12 -8 -10 -12 -17 -6 -18 -8 -17 -9 -17 -11 -10 0 2 0 0 0 0 0 0 0 0 ]
CSI_DATA,AP,68:FE:71:12:53:8C,-49,11,1,1,1,1,1,0,0,0,1,-94,0,6,1,47972853,0,84,0,0,47.973,384,[84 -64 4 0 0 0 0 0 0 0 0 0 21 -10 20 -11 22 -7 19 -8 15 -2 17 -6 16 -2 16 -8 21 -1 20 -3 22 -5 23 0 20 -6 23 0 17 -2 14 -3 17 -6 16 2 20 -4 13 -3 20 -6 14 -4 17 1 14 -3 20 -6 14 -1 3 2 17 -7 20 0 14 -3 11 -2 17 -3 16 -4 18 -7 17 -3 14 -6 15 -5 12 -4 17 -10 11 -8 10 -3 14 -2 15 -4 18 -5 17 -5 17 -4 12 -10 12 -5 15 -10 13 -8 12 -12 17 -10 12 -10 -2 -1 0 0 0 0 0 0 0 0 ]
CSI_DATA,AP,68:FE:71:12:53:8C,-44,11,1,5,1,1,1,0,0,0,0,-95,0,6,1,48093102,0,84,0,0,48.093,384,[84 -64 4 0 0 0 0 0 0 0 0 0 6 16 13 13 9 12 5 14 5 17 4 15 11 17 6 17 11 12 8 13 4 21 8 13 2 16 4 21 3 14 4 21 2 19 2 18 0 18 2 16 4 14 7 15 4 17 3 14 2 15 1 19 -2 -1 0 15 8 13 6 18 7 16 7 13 4 16 9 11 9 12 2 15 5 12 7 13 3 8 5 13 5 16 10 10 6 13 6 8 6 13 9 8 5 12 8 14 11 7 9 15 8 7 12 12 8 13 3 -4 0 0 0 0 0 0 0 0 ]
CSI_DATA,AP,68:FE:71:12:53:8C,-50,11,1,1,1,1,1,0,0,0,0,-93,0,6,1,48219682,0,84,0,0,48.22,384,[84 -64 4 0 0 0 0 0 0 0 0 0 -12 18 -9 18 -6 18 -12 22 -7 20 -10 14 -9 20 -10 12 -14 16 -15 15 -17 18 -14 17 -13 17 -11 17 -11 10 -10 10 -10 12 -16 15 -14 14 -15 13 -10 14 -13 11 -15 14 -13 10 -12 10 -14 15 0 -3 -9 11 -10 17 -12 9 -9 12 -14 9 -13 11 -11 9 -12 10 -6 14 -8 11 -12 18 -5 13 -12 16 -8 11 -11 13 -7 19 -9 18 -5 18 -2 13 -9 11 -5 13 -3 12 -9 16 -2 20 -1 18 -5 15 -1 -3 0 0 0 0 0 0 0 0 ]
CSI_DATA,AP,68:FE:71:12:53:8C,-43,11,1,6,1,1,1,0,0,0,0,-94,0,6,1,48322251,0,84,0,0,48.322,384,[84 -64 4 0 0 0 0 0 0 0 0 0 15 13 11 12 16 16 18 12 15 12 9 19 9 19 10 18 13 17 13 19 10 19 12 20 10 14 11 21 10 13 6 16 6 20 7 12 6 12 7 20 11 15 5 19 5 13 8 16 9 17 5 11 -3 -2 11 13 13 15 7 14 5 14 13 11 5 14 10 13 5 9 11 8 10 7 12 15 12 9 15 10 7 8 11 15 16 10 14 9 11 8 8 10 10 13 13 9 16 13 10 9 12 8 11 8 15 7 3 1 0 0 0 0 0 0 0 0 ]
CSI_DATA,AP,68:FE:71:12:53:8C,-47,11,1,5,1,1,1,0,0,0,0,-96,0,6,1,48449817,0,84,0,0,48.45,384,[84 -64 4 0 0 0 0 0 0 0 0 0 3 21 0 20 4 20 -3 20 -3 21 3 22 0 23 -5 22 -1 22 1 24 -2 22 -6 24 -1 19 -2 20 -1 24 -4 19 -3 18 -6 22 -4 22 -2 20 -4 14 -5 21 -1 19 -5 16 -6 21 0 19 -4 -4 -2 16 -6 19 1 18 0 14 2 15 -4 22 -3 20 2 13 -3 16 4 14 3 20 -1 13 6 17 0 16 -1 16 -2 14 3 19 1 16 2 15 4 18 4 19 0 16 8 15 7 20 7 12 3 14 -2 -4 0 0 0 0 0 0 0 0 ]
CSI_DATA,AP,68:FE:71:12:53:8C,-45,11,1,3,1,1,1,0,0,0,0,-95,0,6,1,48570207,0,84,0,0,48.57,384,[84 -64 4 0 0 0 0 0 0 0 0 0 16 -6 21 -3 26 -1 22 -1 26 -5 18 -1 23 0 23 4 19 -1 19 2 19 1 19 3 24 1 18 -3 21 4 18 -1 24 3 15 0 21 1 23 -1 19 6 22 4 15 5 20 -1 19 1 20 0 3 -1 20 -3 15 -3 20 -3 21 -4 13 -4 16 3 14 1 13 -4 12 0 14 0 15 -3 20 -3 19 1 17 -1 14 -1 21 -3 15 -8 14 -4 17 -2 17 -8 17 -8 19 -3 16 -10 19 -8 15 -2 17 -9 1 0 0 0 0 0 0 0 0 0 ]
CSI_DATA,AP,68:FE:71:12:53:8C,-43,11,1,6,1,1,1,0,0,0,0,-96,0,6,1,48706680,0,84,0,0,48.707,384,[84 -64 4 0 0 0 0 0 0 0 0 0 17 4 23 3 17 8 22 8 25 10 16 4 15 9 14 9 16 8 21 8 15 5 23 12 17 12 22 11 20 8 15 10 19 12 18 7 20 8 19 8 13 5 14 5 10 5 17 6 20 13 18 11 -2 3 19 11 19 4 12 3 14 4 15 2 16 8 12 5 18 8 12 1 13 1 21 8 15 0 17 0 15 3 11 -1 15 7 16 6 18 0 20 -1 13 4 15 0 16 -3 13 -3 18 2 16 5 15 4 4 -2 0 0 0 0 0 0 0 0 ]
CSI_DATA,AP,68:FE:71:12:53:8C,-43,11,0,0,0,0,0,0,0,0,0,-96,0,6,1,48825187,0,37,0,0,48.825,128,[84 -64 4 0 0 0 0 0 0 0 0 0 0 -18 6 -19 4 -24 7 -24 1 -22 6 -22 5 -21 1 -22 5 -25 5 -19 8 -19 4 -23 5 -22 11 -16 8 -22 6 -24 3 -21 7 -18 4 -15 10 -17 4 -18 6 -19 4 -16 2 -19 5 -19 7 -22 4 0 2 -14 7 -21 1 -15 4 -22 7 -15 0 -18 1 -17 2 -19 2 -18 2 -14 0 -18 -3 -21 3 -18 4 -16 1 -22 0 -20 3 -20 -4 -19 3 -15 -5 -20 -1 -19 3 -20 0 -16 -4 -20 -2 -19 -2 -15 -2 0 0 0 0 0 0 0 0 0 ]
CSI_DATA,AP,68:FE:71:12:53:8C,-43,11,0,0,0,0,0,0,0,0,0,-95,0,6,1,48936150,0,37,0,0,48.936,128,[84 -64 4 0 0 0 0 0 0 0 0 0 22 -6 19 -2 22 -3 23 3 26 -4 24 -3 23 4 22 -1 16 3 19 2 22 6 24 6 18 -1 22 2 18 6 18 8 22 3 20 5 22 1 14 1 16 5 17 1 16 7 15 7 16 1 14 5 0 3 21 0 15 3 18 0 21 -1 14 -2 16 -1 14 -1 18 -3 21 5 14 -1 15 -1 12 -3 17 -3 13 -1 20 -2 21 -4 22 -4 14 -1 18 0 13 -6 13 1 13 1 17 -2 17 -8 14 -2 14 -1 -4 -1 0 0 0 0 0 0 0 0 ]
CSI_DATA,AP,68:FE:71:12:53:8C,-46,11,1,4,1,1,1,0,0,0,0,-94,0,6,1,49056598,0,84,0,0,49.057,384,[84 -64 4 0 0 0 0 0 0 0 0 0 21 -8 20 -1 18 -2 20 -2 21 -5 22 0 22 -2 20 2 21 -4 16 5 22 0 19 -2 21 4 23 -1 14 6 22 5 16 4 15 0 15 2 20 2 21 6 20 -2 13 0 15 1 15 3 20 1 1 2 13 3 15 -1 16 0 20 1 20 -3 16 4 17 1 18 -5 20 3 20 -2 20 -7 11 -5 12 -1 17 2 20 -2 17 -3 14 -3 14 -8 17 -1 17 -6 16 -7 18 -6 18 -1 16 -8 14 -7 11 -6 1 -2 0 0 0 0 0 0 0 0 ]
CSI_DATA,AP,68:FE:71:12:53:8C,-50,11,0,0,0,0,0,0,0,0,0,-96,0,6,1,49185809,0,37,0,0,49.186,128,[84 -64 4 0 0 0 0 0 0 0 0 0 -5 24 -7 22 0 20 -6 19 -3 25 -10 19 -4 23 -9 20 -3 15 -8 14 -7 15 -9 22 -7 15 -11 22 -11 13 -7 20 -8 21 -3 12 -9 16 -11 14 -5 13 -8 16 -7 16 -8 16 -10 21 -11 18 -2 -2 -10 11 -5 14 -10 15 -7 16 -8 12 -3 14 -7 19 -5 18 -4 13 -1 18 -6 14 1 19 0 16 -2 14 -3 17 -2 17 -2 13 -4 17 3 15 -1 17 2 17 3 16 1 20 -3 21 2 15 2 19 -1 4 0 0 0 0 0 0 0 0 ]
CSI_DATA,AP,68:FE:71:12:53:8C,-43,11,1,5,1,1,1,0,0,0,0,-95,0,6,1,49280308,0,84,0,0,49.28,384,[84 -64 4 0 0 0 0 0 0 0 0 0 -3 -18 -2 -17 0 -17 0 -22 1 -20 0 -23 -3 -18 1 -20 -3 -23 -1 -23 2 -18 -4 -24 1 -19 3 -17 -2 -22 -2 -19 -1 -23 1 -22 -2 -17 -1 -22 6 -19 0 -16 2 -20 -1 -16 4 -15 4 -17 -3 4 5 -17 3 -13 2 -19 -4 -16 3 -12 3 -21 -3 -19 -2 -20 3 -19 -4 -13 -5 -17 -2 -12 -6 -14 0 -20 -6 -14 -2 -13 -8 -13 -5 -16 -8 -21 -4 -14 -2 -14 -4 -21 -3 -20 -11 -14 -5 -12 -10 -15 4 3 0 0 0 0 0 0 0 0 ]
CSI_DATA,AP,68:FE:71:12:53:8C,-45,11,1,4,1,1,1,0,0,0,0,-94,0,6,1,49383767,0,84,0,0,49.384,384,[84 -64 4 0 0 0 0 0 0 0 0 0 -6 -23 -6 -22 -5 -21 -9 -20 -5 -24 -8 -20 -3 -21 -2 -18 -5 -22 -4 -23 -2 -23 -1 -25 -3 -17 -6 -22 -4 -19 2 -18 0 -24 -4 -16 -3 -15 -4 -15 2 -20 -3 -21 1 -16 -6 -21 1 -20 -4 -18 -3 3 0 -19 -5 -21 -4 -16 -7 -13 -3 -19 -5 -14 -4 -16 -4 -14 -7 -17 -3 -16 -10 -20 -3 -15 -6 -17 -9 -19 -6 -12 -9 -18 -8 -14 -11 -11 -3 -18 -12 -11 -3 -11 -5 -19 -7 -13 -14 -17 -8 -17 -8 -14 -2 0 0 0 0 0 0 0 0 0 ]
CSI_DATA,AP,68:FE:71:12:53:8C,-50,11,1,1,1,1,1,0,0,0,0,-94,0,6,1,49496547,0,84,0,0,49.497,384,[84 -64 4 0 0 0 0 0 0 0 0 0 17 2 17 1 20 -4 25 4 23 2 17 -1 18 6 18 2 24 0 23 1 24 1 23 4 18 8 16 5 16 5 18 4 16 1 19 7 15 1 22 3 20 0 17 0 13 5 15 5 18 8 17 8 0 -1 20 2 15 -1 16 5 16 1 19 -2 18 -3 21 0 16 3 15 -2 21 3 18 -4 15 0 14 1 17 -1 14 -5 12 2 20 0 20 -1 12 -5 17 -6 16 -7 19 -2 21 -8 18 -4 14 -3 19 -7 4 -2 0 0 0 0 0 0 0 0 ]
CSI_DATA,AP,68:FE:71:12:53:8C,-43,11,1,5,1,1,1,0,0,0,0,-94,0,6,1,49617537,0,84,0,0,49.618,384,[84 -64 4 0 0 0 0 0 0 0 0 0 6 16 9 14 6 22 8 21 4 16 9 15 2 20 2 21 2 17 2 17 2 22 3 17 3 20 0 17 0 17 4 18 4 19 3 21 2 17 5 22 4 14 5 19 4 20 -1 15 4 14 3 14 2 3 1 13 1 21 2 15 2 12 4 14 7 19 8 18 4 12 8 16 10 10 3 12 2 19 8 12 3 11 4 16 4 19 3 17 10 12 11 11 12 17 5 15 8 10 8 13 6 17 12 11 8 14 0 -1 0 0 0 0 0 0 0 0 ]
CSI_DATA,AP,68:FE:71:12:53:8C,-49,11,1,2,1,1,1,1,0,0,0,-93,2,6,1,49744213,0,84,0,0,49.744,384,[84 -64 4 0 0 0 0 0 0 0 0 0 -3 -25 -2 -19 -3 -21 1 -22 -1 -23 7 -23 7 -19 5 -17 3 -16 7 -20 3 -20 3 -25 4 -16 5 -20 8 -22 7 -17 2 -21 7 -19 4 -15 4 -14 6 -20 9 -16 7 -14 8 -19 3 -19 8 -22 3 4 4 -15 5 -22 2 -14 0 -16 0 -17 3 -15 6 -16 1 -17 2 -20 1 -19 6 -15 -2 -20 -2 -17 -1 -16 -2 -17 2 -14 6 -19 3 -15 -1 -21 -5 -12 -1 -20 0 -21 2 -17 -1 -17 2 -18 -2 -13 2 1 0 0 0 0 0 0 0 0 ]
CSI_DATA,AP,68:FE:71:12:53:8C,-48,11,1,3,1,1,1,0,0,0,0,-94,0,6,1,49866443,0,84,0,0,49.866,384,[84 -64 4 0 0 0 0 0 0 0 0 0 -24 0 -20 -4 -25 -3 -24 -5 -23 0 -15 -6 -22 -2 -23 -3 -23 -4 -21 -7 -18 -11 -22 -8 -23 -9 -14 -5 -20 -9 -21 -6 -15 -9 -13 -11 -13 -6 -15 -10 -17 -12 -18 -10 -18 -8 -16 -9 -19 -8 -19 -3 -2 -2 -15 -8 -20 -7 -14 -7 -12 -6 -19 -4 -12 -2 -14 -4 -11 -3 -20 -1 -17 -1 -18 -6 -13 -3 -12 -5 -17 -2 -20 -5 -21 -3 -21 0 -21 -4 -17 -1 -14 -2 -18 0 -20 -2 -14 1 -16 -3 -15 2 -17 3 2 -3 0 0 0 0 0 0 0 0 ]
CSI_DATA,AP,68:FE:71:12:53:8C,-43,11,1,6,1,1,1,0,0,0,0,-95,0,6,1,50013612,0,84,0,0,50.014,384,[84 -64 4 0 0 0 0 0 0 0 0 0 -4 -21 -1 -21 -3 -25 1 -19 4 -18 1 -24 0 -24 5 -20 4 -22 -1 -24 4 -17 6 -20 8 -25 2 -18 8 -24 1 -25 4 -24 8 -21 7 -18 7 -20 4 -19 3 -22 9 -14 6 -16 2 -22 1 -20 -1 0 1 -14 5 -22 1 -18 5 -21 1 -19 4 -18 2 -16 -1 -13 3 -17 2 -16 -2 -19 2 -21 -4 -15 -3 -21 -1 -19 -1 -22 -5 -21 -3 -18 2 -16 -6 -18 -1 -19 -2 -17 -3 -22 -2 -17 0 -16 -6 -13 2 -1 0 0 0 0 0 0 0 0 ]
CSI_DATA,AP,68:FE:71:12:53:8C,-49,11,1,2,1,1,1,0,0,0,0,-95,0,6,1,50139766,0,84,0,0,50.14,384,[84 -64 4 0 0 0 0 0 0 0 0 0 6 -18 8 -17 4 -21 12 -18 7 -23 11 -16 5 -15 5 -16 14 -22 7 -15 6 -18 7 -20 10 -16 6 -21 9 -20 10 -12 9 -19 8 -14 11 -14 9 -14 11 -10 14 -12 10 -17 13 -18 11 -17 8 -17 -1 2 6 -14 6 -14 8 -15 11 -19 12 -16 12 -11 7 -17 10 -12 8 -19 10 -15 6 -19 6 -15 2 -16 6 -11 3 -12 6 -16 8 -16 7 -20 6 -12 4 -12 4 -17 8 -14 0 -15 1 -21 -1 -13 -1 -20 0 -2 0 0 0 0 0 0 0 0 ]
CSI_DATA,AP,68:FE:71:12:53:8C,-44,11,1,4,1,1,1,0,0,0,0,-94,0,6,1,50289015,0,84,0,0,50.289,384,[84 -64 4 0 0 0 0 0 0 0 0 0 -16 -8 -16 -10 -20 -8 -17 -13 -18 -16 -15 -17 -17 -17 -19 -14 -16 -18 -12 -16 -16 -16 -13 -18 -19 -16 -19 -16 -13 -14 -19 -13 -13 -15 -17 -16 -12 -15 -12 -17 -15 -15 -14 -11 -11 -15 -16 -14 -9 -13 -9 -17 0 -3 -12 -12 -13 -11 -12 -16 -10 -10 -17 -11 -9 -12 -15 -11 -14 -11 -11 -15 -17 -8 -19 -6 -16 -13 -12 -7 -14 -14 -16 -8 -19 -10 -20 -14 -18 -7 -17 -10 -14 -9 -15 -9 -15 -12 -19 -6 -14 -11 -21 -10 -13 -5 2 2 0 0 0 0 0 0 0 0 ]
CSI_DATA,AP,68:FE:71:12:53:8C,-46,11,1,5,1,1,1,0,0,0,0,-94,0,6,1,50405008,0,84,0,0,50.405,384,[84 -64 4 0 0 0 0 0 0 0 0 0 9 -22 3 -16 8 -20 12 -18 11 -21 5 -11 11 -13 8 -15 10 -15 8 -12 9 -19 9 -19 14 -13 10 -16 11 -15 11 -14 8 -15 13 -9 8 -12 11 -11 8 -13 14 -13 6 -11 12 -15 8 -11 13 -10 -1 3 12 -12 12 -10 4 -11 6 -9 11 -14 7 -16 5 -12 5 -9 10 -10 4 -11 9 -13 10 -12 8 -12 7 -11 7 -14 9 -15 3 -19 4 -17 1 -11 8 -16 3 -12 3 -17 6 -17 3 -18 8 -11 5 -19 -1 3 0 0 0 0 0 0 0 0 ]
CSI_DATA,AP,68:FE:71:12:53:8C,-44,11,1,5,1,1,1,1,0,0,0,-96,5,6,1,50529323,0,84,0,0,50.529,384,[84 -64 4 0 0 0 0 0 0 0 0 0 10 -15 16 -17 15 -20 15 -19 12 -16 10 -19 15 -18 19 -14 13 -9 10 -9 13 -13 18 -15 13 -18 19 -9 16 -13 14 -15 20 -13 14 -15 13 -8 12 -8 11 -7 12 -6 12 -12 15 -13 11 -9 14 -15 -3 1 14 -6 17 -8 15 -10 9 -8 15 -12 9 -10 14 -13 11 -13 15 -15 12 -17 9 -13 11 -9 12 -9 6 -9 12 -11 6 -15 6 -18 5 -16 11 -18 4 -12 13 -10 11 -15 6 -17 6 -20 4 -17 7 -15 -3 4 0 0 0 0 0 0 0 0 ]
CSI_DATA,AP,68:FE:71:12:53:8C,-47,11,1,4,1,1,1,0,0,0,0,-95,0,6,1,50643375,0,82,0,0,50.643,384,[84 -64 4 0 0 0 0 0 0 0 0 0 -17 -1 -11 0 -11 -4 -19 -7 -17 -7 -12 -6 -16 -3 -13 -3 -13 -2 -12 -4 -10 -1 -17 -1 -11 -7 -13 -8 -14 -5 -9 -8 -10 -6 -11 -6 -10 -2 -7 -3 -8 -5 -8 -5 -9 0 -14 -6 -9 -1 -9 -6 -4 -1 -9 -6 -12 1 -8 -6 -8 -3 -5 -5 -13 -2 -6 2 -11 -5 -10 -6 -9 0 -7 -5 -13 -1 -6 -3 -7 -2 -13 -4 -13 2 -13 2 -9 1 -9 3 -11 -2 -6 1 -5 2 -8 3 -10 4 -7 -1 -7 0 1 4 0 0 0 0 0 0 0 0 ]
CSI_DATA,AP,68:FE:71:12:53:8C,-50,11,1,1,1,1,1,0,0,0,0,-93,0,6,1,50772656,0,84,0,0,50.773,384,[84 -64 4 0 0 0 0 0 0 0 0 0 -13 8 -15 7 -19 0 -18 4 -23 0 -13 3 -14 -3 -15 3 -18 4 -21 0 -15 4 -14 2 -17 3 -13 0 -13 0 -17 2 -17 1 -18 2 -17 0 -20 0 -15 -6 -17 1 -13 2 -18 -1 -21 1 -15 0 1 1 -15 -6 -14 2 -13 2 -16 3 -15 -3 -18 -4 -14 3 -12 3 -13 4 -19 2 -15 0 -15 1 -12 -2 -10 -2 -16 -2 -17 1 -16 6 -12 7 -17 4 -18 7 -15 5 -15 5 -17 2 -10 5 -19 8 -12 1 -2 1 0 0 0 0 0 0 0 0 ]
CSI_DATA,AP,68:FE:71:12:53:8C,-40,11,1,6,1,1,1,0,0,0,0,-94,0,6,1,50875793,0,84,0,0,50.876,384,[84 -64 4 0 0 0 0 0 0 0 0 0 -6 11 -2 13 -9 14 -4 14 -7 16 -7 9 -4 8 -7 12 -7 13 -8 15 -13 11 -11 13 -6 9 -6 12 -13 10 -9 8 -7 9 -10 6 -6 10 -9 11 -4 10 -11 7 -10 11 -5 6 -8 11 -6 14 -3 0 -9 9 -10 15 -4 12 -8 13 -8 11 -11 12 -10 11 -9 10 -6 13 -6 9 -6 14 -5 7 -2 10 -7 7 -8 7 0 7 -3 6 -4 10 -3 8 -6 8 -6 13 -1 13 0 11 -3 14 -1 12 -4 13 2 0 0 0 0 0 0 0 0 0 ]
CSI_DATA,AP,68:FE:71:12:53:8C,-44,11,1,3,1,1,1,0,0,0,0,-93,0,6,1,50998374,0,84,0,0,50.998,384,[84 -64 4 0 0 0 0 0 0 0 0 0 27 -14 26 -13 32 -17 26 -11 32 -10 31 -9 32 -8 25 -9 31 -11 25 -10 32 -9 33 -10 29 -5 26 -10 28 -4 31 -8 31 -8 29 0 26 -8 33 -8 31 -7 31 -7 28 -5 31 -5 32 -8 24 -3 -4 -2 25 -7 24 -5 23 -5 28 -10 26 -3 31 -10 27 -6 26 -6 27 -12 26 -14 24 -13 25 -6 22 -10 27 -14 28 -13 25 -12 28 -15 19 -18 26 -9 18 -10 29 -17 28 -9 25 -18 24 -12 23 -12 22 -15 -1 -1 0 0 0 0 0 0 0 0 ]
CSI_DATA,AP,68:FE:71:12:53:8C,-48,11,1,4,1,1,1,0,0,0,0,-95,0,6,1,51108059,0,84,0,0,51.108,384,[84 -64 4 0 0 0 0 0 0 0 0 0 -25 -2 -19 1 -19 4 -24 -3 -23 -1 -18 -4 -24 -4 -23 -2 -20 -6 -23 -5 -22 -6 -26 -9 -16 -4 -20 -10 -18 -8 -19 -2 -21 -4 -18 -9 -16 -2 -22 -7 -13 -4 -16 -2 -20 -4 -15 -9 -16 -8 -17 -7 -4 0 -13 -8 -16 -3 -15 -2 -15 -4 -14 -4 -19 -4 -18 -2 -19 -3 -14 -5 -20 -6 -13 -1 -19 -1 -17 1 -12 -2 -19 0 -16 -3 -21 -3 -13 3 -14 -1 -17 3 -17 2 -12 -1 -20 6 -17 0 -20 1 -11 0 -1 -2 0 0 0 0 0 0 0 0 ]
CSI_DATA,AP,68:FE:71:12:53:8C,-48,11,1,5,1,1,1,1,0,0,0,-95,2,6,1,51217834,0,84,0,0,51.218,384,[84 -64 4 0 0 0 0 0 0 0 0 0 22 3 21 1 19 10 16 9 17 11 21 4 14 5 19 9 13 7 15 9 11 11 18 6 18 5 10 10 14 11 15 5 13 10 8 9 10 8 7 8 7 5 10 9 6 9 14 7 10 8 8 2 -4 2 9 -1 11 1 10 7 8 -2 8 -2 15 6 10 4 11 4 12 -3 13 1 8 2 11 0 12 -3 15 -5 16 -5 15 2 17 0 11 -7 15 -3 14 -7 15 -6 8 1 14 -5 13 -6 12 -8 12 -8 2 -3 0 0 0 0 0 0 0 0 ]
CSI_DATA,AP,68:FE:71:12:53:8C,-47,11,1,5,1,1,1,0,0,0,0,-94,0,6,1,51328173,0,84,0,0,51.328,384,[84 -64 4 0 0 0 0 0 0 0 0 0 -17 10 -22 1 -21 2 -19 8 -18 6 -18 1 -23 2 -21 2 -14 -1 -17 -5 -21 -2 -17 3 -15 -3 -20 2 -14 2 -18 1 -16 1 -15 3 -14 -4 -9 -1 -12 0 -10 4 -13 -1 -15 -2 -16 2 -15 -1 3 4 -9 4 -9 0 -8 4 -9 2 -14 5 -6 0 -7 2 -13 7 -13 4 -9 4 -13 4 -5 5 -4 9 -4 3 -6 9 -4 9 -9 4 -12 6 -11 3 -7 10 -10 5 -5 4 -8 7 -7 11 -6 5 -9 5 -4 1 0 0 0 0 0 0 0 0 ]
CSI_DATA,AP,68:FE:71:12:53:8C,-44,11,1,3,1,1,1,0,0,0,0,-95,0,6,1,51425687,0,84,0,0,51.426,384,[84 -64 4 0 0 0 0 0 0 0 0 0 7 -37 7 -26 9 -36 12 -29 10 -28 9 -30 7 -25 10 -27 7 -21 10 -27 11 -26 11 -25 11 -20 8 -26 10 -24 7 -21 8 -20 5 -19 6 -20 9 -20 8 -17 4 -16 7 -16 4 -20 5 -21 0 -19 -3 2 0 -14 1 -15 4 -13 0 -15 -3 -18 0 -12 -5 -12 1 -12 -3 -14 0 -8 -6 -13 -1 -10 -5 -14 0 -15 -6 -15 -8 -9 -4 -14 -3 -13 -11 -7 -11 -11 -8 -10 -4 -6 -5 -5 -5 -10 -12 -10 -7 -5 3 3 0 0 0 0 0 0 0 0 ]
CSI_DATA,AP,68:FE:71:12:53:8C,-45,11,1,3,1,1,1,0,0,0,0,-96,0,6,1,51545351,0,84,0,0,51.545,384,[84 -64 4 0 0 0 0 0 0 0 0 0 -4 -12 -2 -9 -3 -11 -5 -10 -2 -8 4 -9 -4 -10 0 -13 -2 -7 0 -8 3 -11 -4 -13 2 -9 2 -11 2 -12 -2 -8 -2 -11 -3 -10 3 -14 4 -12 4 -9 -1 -14 -4 -11 3 -6 4 -8 2 -8 0 -2 -3 -7 -3 -12 3 -12 2 -12 1 -11 -1 -5 -1 -10 2 -5 -5 -5 -1 -7 -4 -10 -1 -12 -1 -8 -5 -6 -3 -13 0 -6 1 -7 -2 -12 0 -7 -2 -8 -7 -12 -6 -10 1 -11 -3 -8 1 -4 -8 -10 1 -2 0 0 0 0 0 0 0 0 ]
CSI_DATA,AP,68:FE:71:12:53:8C,-44,11,1,3,1,1,1,0,0,0,0,-95,0,6,1,51636344,0,84,0,0,51.636,384,[84 -64 4 0 0 0 0 0 0 0 0 0 15 2 13 4 19 2 22 3 17 4 12 5 19 5 14 9 16 9 13 7 19 13 14 12 18 10 18 9 16 12 14 9 17 11 20 12 18 10 16 15 18 10 13 10 12 13 13 12 16 16 17 10 4 1 15 9 14 9 19 8 16 9 16 11 16 7 15 7 20 11 20 11 16 6 22 5 20 11 19 11 21 12 20 4 23 4 21 11 20 8 17 4 19 10 24 12 17 11 17 7 18 9 14 12 21 3 4 -3 0 0 0 0 0 0 0 0 ]
CSI_DATA,AP,68:FE:71:12:53:8C,-44,11,1,5,1,1,1,0,0,0,0,-95,0,6,1,51758451,0,84,0,0,51.758,384,[84 -64 4 0 0 0 0 0 0 0 0 0 10 -16 17 -17 15 -11 14 -14 18 -14 15 -7 21 -14 18 -11 18 -11 16 -14 19 -13 22 -14 22 -8 16 -13 23 -11 15 -7 16 -13 21 -9 15 -7 23 -7 17 -5 21 -13 18 -12 21 -9 16 -5 15 -7 3 4 18 -13 16 -14 22 -10 17 -12 19 -7 21 -13 15 -13 21 -10 16 -13 12 -10 20 -16 13 -9 14 -16 20 -15 15 -15 22 -16 20 -12 14 -13 17 -17 16 -12 16 -13 14 -14 14 -12 19 -19 18 -12 17 -14 -3 -4 0 0 0 0 0 0 0 0 ]
CSI_DATA,AP,68:FE:71:12:53:8C,-45,11,1,5,1,1,1,0,0,0,0,-94,0,6,1,51870047,0,84,0,0,51.87,384,[84 -64 4 0 0 0 0 0 0 0 0 0 7 -17 8 -20 7 -24 5 -24 13 -23 11 -23 10 -19 11 -24 14 -19 13 -19 12 -18 12 -20 13 -26 14 -19 14 -19 17 -26 15 -24 10 -20 15 -19 14 -19 17 -21 11 -17 14 -15 13 -21 14 -18 13 -23 3 -4 11 -18 18 -20 11 -23 12 -21 16 -23 15 -20 14 -24 11 -21 7 -21 7 -22 15 -20 8 -21 13 -23 5 -18 9 -22 12 -23 10 -18 8 -17 6 -19 11 -20 10 -22 5 -23 11 -22 3 -25 7 -24 5 -23 4 1 0 0 0 0 0 0 0 0 ]
CSI_DATA,AP,68:FE:71:12:53:8C,-42,11,1,4,1,1,1,0,0,0,0,-94,0,6,1,51973530,0,84,0,0,51.974,384,[84 -64 4 0 0 0 0 0 0 0 0 0 -1 -15 0 -12 3 -20 -3 -19 3 -22 5 -15 1 -15 -2 -14 2 -20 0 -20 5 -18 1 -20 5 -24 2 -20 1 -17 5 -23 4 -22 2 -17 5 -15 10 -18 6 -16 9 -16 7 -16 5 -22 3 -19 5 -22 -4 -1 6 -16 2 -15 4 -18 6 -18 8 -21 7 -22 9 -19 7 -16 8 -21 6 -16 1 -15 2 -19 5 -19 6 -20 5 -21 4 -22 -2 -17 -3 -23 4 -21 1 -16 5 -22 -4 -15 -3 -20 -5 -17 1 -16 2 -14 0 -3 0 0 0 0 0 0 0 0 ]
CSI_DATA,AP,68:FE:71:12:53:8C,-44,11,1,5,1,1,1,0,0,0,0,-95,0,6,1,52086947,0,84,0,0,52.087,384,[84 -64 4 0 0 0 0 0 0 0 0 0 13 8 10 7 11 7 14 8 10 5 8 7 9 3 8 4 10 5 11 11 11 5 8 6 6 4 5 5 9 9 8 11 9 9 10 8 8 10 8 4 11 3 7 5 3 3 9 7 3 6 3 3 2 -4 6 10 5 10 5 6 5 6 4 5 9 1 7 5 12 5 8 8 11 2 5 2 10 4 10 8 6 5 7 -1 13 6 11 7 5 -1 12 1 5 -1 8 5 8 2 8 5 12 5 11 5 6 3 2 4 0 0 0 0 0 0 0 0 ]
CSI_DATA,AP,68:FE:71:12:53:8C,-46,11,1,4,1,1,1,0,0,0,0,-95,0,6,1,52197645,0,84,0,0,52.198,384,[82 -96 4 0 0 0 0 0 0 0 0 0 -19 5 -21 4 -23 2 -18 3 -18 4 -20 1 -17 0 -20 4 -22 1 -22 3 -23 1 -17 -2 -19 1 -16 -4 -21 0 -24 -1 -23 -5 -17 -6 -20 -1 -18 1 -19 3 -15 -6 -20 -4 -22 1 -14 -4 -21 -1 -1 1 -20 -2 -17 2 -16 2 -19 -1 -13 2 -12 -2 -19 -2 -18 4 -19 3 -16 -1 -19 3 -19 1 -16 -2 -19 2 -17 1 -13 8 -19 7 -14 5 -21 8 -13 8 -20 7 -13 9 -13 2 -18 9 -19 7 -13 5 -3 2 0 0 0 0 0 0 0 0 ]
CSI_DATA,AP,68:FE:71:12:53:8C,-41,11,1,5,1,1,1,0,0,0,0,-95,0,6,1,52306551,0,84,0,0,52.307,384,[84 -64 4 0 0 0 0 0 0 0 0 0 9 -12 14 -16 13 -17 11 -16 13 -11 9 -13 14 -8 14 -10 15 -12 14 -14 16 -11 12 -15 13 -8 11 -13 11 -9 16 -12 15 -13 12 -5 17 -9 12 -5 11 -6 12 -12 15 -7 13 -12 12 -6 14 -6 -4 -1 14 -8 15 -11 9 -13 9 -12 7 -7 14 -7 9 -9 7 -10 12 -9 10 -13 13 -14 11 -6 6 -8 12 -12 4 -8 10 -8 10 -9 8 -9 4 -10 9 -15 7 -16 4 -9 5 -12 5 -11 6 -8 7 -10 -3 -1 0 0 0 0 0 0 0 0 ]
CSI_DATA,AP,68:FE:71:12:53:8C,-50,11,1,3,1,1,1,0,0,0,0,-95,0,6,1,52431590,0,84,0,0,52.432,384,[84 -64 4 0 0 0 0 0 0 0 0 0 12 -13 14 -10 12 -11 18 -8 21 -8 14 -14 20 -9 21 -9 21 -8 14 -9 19 -4 22 -12 17 -5 14 -9 17 -10 20 -7 16 -9 18 -6 15 -6 13 -10 19 -6 13 -4 17 -11 16 -8 18 -6 14 -11 3 1 14 -3 17 -12 17 -6 17 -12 13 -5 15 -7 8 -10 15 -12 10 -5 15 -9 14 -7 9 -11 11 -14 8 -8 14 -12 8 -14 7 -12 11 -16 14 -8 12 -8 11 -9 13 -12 7 -13 13 -15 14 -10 7 -12 -1 -1 0 0 0 0 0 0 0 0 ]
CSI_DATA,AP,68:FE:71:12:53:8C,-44,11,1,5,1,1,1,0,0,0,0,-93,0,6,1,52545441,0,84,0,0,52.545,384,[37 80 2 0 0 0 0 0 0 0 0 0 26 6 29 8 29 7 29 10 28 10 26 11 26 12 20 16 23 11 27 10 27 16 21 19 28 15 25 12 17 15 26 14 24 11 20 10 24 13 22 10 16 14 19 15 18 10 20 8 21 9 24 11 3 4 16 15 24 15 21 8 21 6 21 13 17 6 23 5 16 7 19 8 24 7 23 11 19 10 22 2 17 3 18 6 23 5 26 4 19 3 21 7 19 7 20 3 20 0 21 1 23 1 19 6 24 5 -4 4 0 0 0 0 0 0 0 0 ]
CSI_DATA,AP,68:FE:71:12:53:8C,-47,11,1,5,1,1,1,0,0,0,0,-93,0,6,1,52693561,0,84,0,0,52.694,384,[84 -64 4 0 0 0 0 0 0 0 0 0 -11 -17 -9 -14 -9 -13 -12 -16 -8 -19 -13 -17 -10 -13 -7 -15 -13 -18 -6 -15 -10 -20 -10 -17 -12 -17 -5 -14 -11 -20 -8 -18 -8 -14 -8 -14 -7 -21 -7 -14 -5 -17 -4 -12 -11 -12 -10 -17 -12 -19 -3 -19 -1 2 -7 -16 -6 -11 -12 -19 -12 -12 -12 -10 -13 -16 -7 -18 -12 -17 -7 -18 -12 -9 -13 -17 -12 -16 -11 -15 -8 -13 -13 -16 -14 -9 -13 -10 -13 -9 -14 -12 -9 -10 -9 -8 -14 -9 -11 -14 -17 -8 -10 -7 -11 -8 2 1 0 0 0 0 0 0 0 0 ]
CSI_DATA,AP,68:FE:71:12:53:8C,-42,11,1,5,1,1,1,1,0,0,0,-93,1,6,1,52833584,0,84,0,0,52.834,384,[37 80 2 0 0 0 0 0 0 0 0 0 3 -31 5 -26 8 -29 9 -30 4 -32 7 -33 11 -33 8 -25 8 -33 14 -32 13 -28 12 -26 11 -32 10 -25 12 -26 12 -32 15 -23 10 -28 10 -22 14 -24 13 -22 10 -27 13 -20 7 -25 12 -22 10 -22 -2 -3 11 -28 8 -21 11 -27 3 -26 10 -26 7 -20 4 -22 11 -21 2 -20 7 -20 10 -22 2 -19 6 -25 5 -25 8 -22 2 -27 6 -27 6 -23 -1 -25 3 -24 2 -28 3 -28 2 -24 -1 -22 -3 -22 0 -23 2 -2 0 0 0 0 0 0 0 0 ]
CSI_DATA,AP,68:FE:71:12:53:8C,-43,11,1,6,1,1,1,0,0,0,0,-93,0,6,1,52958656,0,84,0,0,52.959,384,[84 -64 4 0 0 0 0 0 0 0 0 0 17 5 17 1 22 4 18 2 22 6 21 6 21 8 22 7 20 2 15 9 19 10 14 11 14 9 19 10 20 7 18 10 13 11 16 8 17 6 12 9 11 6 14 10 17 4 20 3 17 6 14 3 2 4 18 7 17 7 19 1 12 5 17 8 13 1 15 4 12 3 12 4 18 3 11 0 16 1 14 1 15 0 15 6 17 5 15 3 14 3 19 -4 11 -4 18 -4 14 -3 18 -4 16 1 17 -5 15 -3 -2 0 0 0 0 0 0 0 0 0 ]
CSI_DATA,AP,68:FE:71:12:53:8C,-43,11,1,4,1,1,1,0,0,0,1,-93,0,6,1,53088705,0,84,0,0,53.089,384,[84 -64 4 0 0 0 0 0 0 0 0 0 15 -1 16 -8 12 -4 15 -6 12 -1 18 -3 12 0 14 3 12 -4 15 0 14 -5 18 -4 18 0 14 -4 11 5 18 -1 16 6 16 3 14 6 15 4 9 5 11 1 16 5 15 3 9 -3 9 -1 -3 -3 16 -1 15 2 11 5 10 4 9 1 12 4 11 3 9 -4 13 -1 14 2 11 -3 11 2 13 -3 16 2 15 -1 11 -6 10 -3 17 1 12 -6 9 -6 11 -2 11 -7 8 -8 10 -8 12 -9 11 0 4 4 0 0 0 0 0 0 0 0 ]
CSI_DATA,AP,68:FE:71:12:53:8C,-46,11,1,4,1,1,1,0,0,0,0,-96,0,6,1,53197722,0,84,0,0,53.198,384,[84 -64 4 0 0 0 0 0 0 0 0 0 4 -21 -3 -21 3 -23 -1 -25 1 -17 6 -24 6 -25 4 -23 3 -23 6 -21 2 -24 5 -17 10 -19 3 -19 5 -16 10 -21 3 -14 8 -22 10 -22 2 -20 3 -22 7 -21 3 -14 8 -17 6 -19 4 -20 0 -3 2 -17 3 -17 6 -19 0 -16 0 -17 1 -18 4 -19 7 -14 -1 -17 6 -15 3 -21 4 -19 1 -15 -2 -15 2 -19 2 -19 2 -15 0 -15 2 -13 4 -20 1 -14 -2 -16 -1 -16 -1 -14 -3 -15 -5 -21 3 2 0 0 0 0 0 0 0 0 ]
CSI_DATA,AP,68:FE:71:12:53:8C,-50,11,1,2,1,1,1,0,0,0,0,-94,0,6,1,53322462,0,84,0,0,53.322,384,[84 -64 4 0 0 0 0 0 0 0 0 0 3 15 6 16 -2 20 3 23 3 20 4 23 0 16 0 17 -4 19 0 15 -5 17 -1 23 -5 15 -6 16 0 20 2 21 2 15 2 18 -1 21 -3 19 0 13 -4 12 -7 17 2 13 -3 12 -3 12 2 3 -4 14 -1 12 -3 19 0 11 3 19 -2 11 1 17 1 15 -2 17 -2 15 5 13 5 14 1 19 -2 19 6 13 5 16 0 14 4 18 3 19 4 18 -1 18 5 15 3 19 6 16 8 13 2 14 0 4 0 0 0 0 0 0 0 0 ]
CSI_DATA,AP,68:FE:71:12:53:8C,-46,11,1,3,1,1,1,1,0,0,0,-94,5,6,1,53443175,0,84,0,0,53.443,384,[84 -64 4 0 0 0 0 0 0 0 0 0 3 7 8 4 6 5 7 9 9 8 9 8 2 9 8 11 6 3 2 11 9 6 8 5 5 5 5 9 7 11 3 12 1 4 1 9 1 5 2 7 0 11 5 6 6 8 4 6 4 9 1 8 0 0 3 10 7 4 5 11 6 6 1 3 2 4 2 2 5 7 7 3 8 2 1 9 2 8 6 1 6 5 1 4 4 1 9 6 5 2 3 8 4 4 1 1 2 7 4 3 7 6 5 7 4 6 -3 1 0 0 0 0 0 0 0 0 ]
CSI_DATA,AP,68:FE:71:12:53:8C,-45,11,1,3,1,1,1,0,0,0,0,-95,0,6,1,53562241,0,84,0,0,53.562,384,[84 -64 4 0 0 0 0 0 0 0 0 0 21 2 21 3 17 2 20 2 21 7 18 9 21 7 15 10 19 4 19 9 16 7 19 10 16 8 19 7 13 7 18 5 17 11 15 12 11 13 12 13 17 6 15 10 12 11 18 7 13 5 17 7 1 -3 13 5 12 7 18 4 16 3 10 3 18 10 15 5 14 3 17 9 19 7 14 2 15 5 16 9 19 0 15 4 18 5 15 4 11 7 13 7 16 3 17 5 16 0 18 2 17 1 14 1 17 3 -4 -4 0 0 0 0 0 0 0 0 ]
CSI_DATA,AP,68:FE:71:12:53:8C,-42,11,0,0,0,0,0,0,0,0,0,-94,0,6,1,53677571,0,37,0,0,53.678,128,[84 -64 4 0 0 0 0 0 0 0 0 0 -15 14 -16 15 -19 14 -18 12 -17 11 -14 14 -14 15 -14 13 -17 15 -12 10 -18 13 -19 11 -12 8 -19 12 -18 7 -16 10 -18 14 -12 8 -16 12 -17 13 -15 6 -17 11 -10 13 -15 7 -16 8 -11 10 3 1 -10 7 -12 7 -15 12 -10 8 -11 13 -15 11 -12 13 -12 7 -13 15 -8 7 -15 12 -9 8 -10 8 -13 13 -8 12 -6 12 -7 15 -12 11 -12 12 -12 12 -5 13 -8 17 -4 13 -5 18 -10 15 -9 10 -3 0 0 0 0 0 0 0 0 0 ]
CSI_DATA,AP,68:FE:71:12:53:8C,-44,11,1,5,1,1,1,0,0,0,0,-95,0,6,1,53793911,0,84,0,0,53.794,384,[84 -64 4 0 0 0 0 0 0 0 0 0 10 8 11 14 16 12 16 11 14 13 13 14 10 14 14 16 8 18 9 11 5 10 11 15 6 15 13 15 5 10 9 15 8 17 7 15 7 11 6 12 9 12 9 17 10 16 10 9 7 13 11 12 4 4 11 11 12 12 11 14 11 14 9 12 6 12 12 7 9 9 7 11 7 12 7 6 7 6 6 9 9 5 12 9 14 9 7 8 13 9 11 9 15 10 11 4 12 3 15 3 8 7 13 9 15 7 -4 3 0 0 0 0 0 0 0 0 ]
CSI_DATA,AP,68:FE:71:12:53:8C,-47,11,1,5,1,1,1,0,0,0,0,-95,0,6,1,53900486,0,84,0,0,53.9,384,[84 -64 4 0 0 0 0 0 0 0 0 0 0 -21 4 -21 4 -24 0 -18 -1 -21 7 -17 4 -19 1 -18 5 -17 4 -19 5 -19 10 -15 10 -17 5 -18 4 -15 9 -22 3 -12 7 -19 10 -16 5 -13 10 -20 11 -17 8 -12 4 -15 2 -12 7 -19 4 -2 2 -19 5 -19 2 -17 5 -13 7 -13 6 -13 6 -12 2 -14 7 -18 6 -20 0 -17 -1 -12 0 -19 4 -19 1 -16 1 -15 2 -13 3 -16 4 -17 1 -16 1 -15 3 -13 -2 -14 -5 -18 4 -20 1 -20 2 4 0 0 0 0 0 0 0 0 ]
CSI_DATA,AP,68:FE:71:12:53:8C,-43,11,1,6,1,1,1,0,0,0,1,-95,0,6,1,54028272,0,84,0,0,54.028,384,[84 -64 4 0 0 0 0 0 0 0 0 0 13 7 19 10 17 6 13 10 13 9 14 7 14 4 16 9 12 8 18 8 12 11 11 6 17 8 16 6 17 9 16 9 11 12 17 5 9 11 11 8 13 9 17 5 12 10 9 12 13 8 8 3 -2 -1 9 10 11 4 14 3 10 9 9 5 15 4 16 9 11 7 8 3 10 1 17 1 14 5 11 2 11 0 17 0 18 4 12 2 16 -1 12 -1 12 4 10 7 12 5 14 -1 18 0 17 0 10 -4 -4 -1 0 0 0 0 0 0 0 0 ]
CSI_DATA,AP,68:FE:71:12:53:8C,-43,11,1,5,1,1,1,0,0,0,0,-93,0,6,1,54132672,0,84,0,0,54.133,384,[84 -64 4 0 0 0 0 0 0 0 0 0 1 -23 -1 -19 -3 -23 -4 -23 0 -17 4 -16 3 -20 4 -21 2 -24 1 -23 3 -21 -1 -17 2 -24 8 -18 4 -14 0 -20 8 -20 4 -20 5 -17 6 -20 1 -18 2 -16 4 -18 -1 -19 1 -17 2 -19 2 2 6 -13 6 -20 4 -19 5 -16 -3 -14 -2 -12 0 -12 0 -14 -1 -13 -3 -15 4 -12 -2 -15 2 -18 2 -19 -3 -19 -6 -16 -4 -14 2 -16 0 -15 -7 -12 -1 -12 -2 -19 0 -14 -8 -21 -3 -12 -7 -19 4 0 0 0 0 0 0 0 0 0 ]
CSI_DATA,AP,68:FE:71:12:53:8C,-48,11,1,4,1,1,1,0,0,0,0,-93,0,6,1,54214380,0,84,0,0,54.214,384,[84 -64 4 0 0 0 0 0 0 0 0 0 -6 21 -5 21 -1 22 -7 15 -7 20 -4 22 -10 15 -6 16 -4 21 -7 16 -12 21 -8 18 -11 16 -7 12 -4 20 -9 17 -10 14 -4 18 -7 17 -11 18 -6 12 -4 17 -7 14 -4 19 -8 15 -5 13 -2 -1 -10 14 -6 20 -9 11 -9 14 -8 16 -7 18 -5 12 -9 12 -4 13 -7 15 -4 12 -5 11 -1 18 -2 16 0 18 1 12 2 20 0 16 -3 14 0 15 -2 15 -2 15 4 18 -2 20 4 17 -3 19 -1 2 0 0 0 0 0 0 0 0 ]
CSI_DATA,AP,68:FE:71:12:53:8C,-43,11,1,5,1,1,1,0,0,0,0,-95,0,6,1,54342688,0,84,0,0,54.343,384,[84 -64 4 0 0 0 0 0 0 0 0 0 7 -21 4 -22 3 -17 2 -21 5 -24 8 -17 9 -19 7 -19 7 -22 8 -20 10 -17 4 -22 6 -16 9 -15 8 -21 11 -22 10 -13 7 -18 11 -14 5 -19 9 -14 12 -17 9 -15 11 -12 7 -20 7 -20 3 -3 3 -12 5 -18 9 -15 8 -20 2 -17 5 -19 4 -14 2 -15 8 -16 1 -14 5 -18 -1 -13 3 -12 0 -16 0 -20 4 -15 -1 -20 -2 -17 5 -16 2 -21 1 -13 0 -15 -3 -21 -3 -13 2 -13 0 -19 2 -3 0 0 0 0 0 0 0 0 ]
CSI_DATA,AP,68:FE:71:12:53:8C,-45,11,1,4,1,1,1,0,0,0,0,-94,0,6,1,54424675,0,84,0,0,54.425,384,[84 -64 4 0 0 0 0 0 0 0 0 0 -21 8 -17 15 -20 10 -19 8 -15 14 -22 8 -20 7 -17 5 -15 12 -16 6 -16 10 -23 7 -19 8 -22 8 -17 9 -16 4 -17 7 -15 9 -16 2 -17 1 -20 4 -14 1 -17 3 -20 1 -14 3 -21 8 -3 3 -14 10 -16 3 -19 10 -13 4 -14 9 -20 10 -15 3 -19 9 -16 3 -12 10 -14 8 -18 5 -18 11 -17 7 -18 12 -13 10 -14 10 -12 6 -17 10 -12 14 -17 12 -13 14 -10 8 -9 9 -9 7 -16 12 -2 -4 0 0 0 0 0 0 0 0 ]
CSI_DATA,AP,68:FE:71:12:53:8C,-47,11,1,3,1,1,1,1,0,0,1,-94,5,6,1,54569170,0,82,0,0,54.569,384,[84 -64 4 0 0 0 0 0 0 0 0 0 8 17 6 19 11 24 10 20 3 17 3 16 3 22 2 22 8 17 7 20 3 22 2 22 -1 23 1 23 6 19 -1 19 -2 22 -3 16 -2 19 -1 22 -3 14 -2 19 -2 14 2 16 -1 16 5 18 0 -4 0 20 6 14 2 15 4 18 7 21 7 16 8 22 1 14 8 16 5 16 9 21 9 18 7 19 4 18 6 17 5 16 7 13 4 17 11 13 12 17 9 14 5 14 13 12 12 11 12 13 9 10 2 2 0 0 0 0 0 0 0 0 ]
CSI_DATA,AP,68:FE:71:12:53:8C,-50,11,1,2,1,1,1,0,0,0,1,-96,0,6,1,54676382,0,84,0,0,54.676,384,[84 -64 4 0 0 0 0 0 0 0 0 0 -15 12 -17 14 -16 15 -23 13 -17 13 -17 6 -23 8 -22 5 -24 9 -21 4 -20 7 -21 12 -21 6 -24 7 -25 7 -18 6 -21 8 -19 3 -19 4 -23 2 -22 2 -23 5 -15 3 -20 5 -17 8 -18 10 0 3 -14 3 -22 9 -22 7 -15 8 -17 10 -15 9 -18 5 -15 3 -19 4 -19 9 -11 9 -18 11 -10 10 -17 8 -13 9 -18 13 -12 12 -13 6 -18 8 -16 11 -14 9 -12 9 -13 11 -10 14 -12 11 -17 11 4 1 0 0 0 0 0 0 0 0 ]
CSI_DATA,AP,68:FE:71:12:53:8C,-43,11,1,4,1,1,1,0,0,0,0,-93,0,6,1,54832287,0,84,0,0,54.832,384,[84 -64 4 0 0 0 0 0 0 0 0 0 -10 -21 -13 -19 -12 -19 -5 -25 -7 -19 -7 -21 -9 -25 -5 -19 -9 -26 -2 -22 -5 -26 -7 -27 -5 -19 -5 -23 -2 -18 -8 -18 -3 -22 -5 -24 -6 -23 0 -18 1 -16 -4 -24 -1 -21 -5 -16 2 -23 -2 -19 -1 -4 -5 -17 0 -22 -5 -21 -4 -21 -4 -19 0 -22 -4 -18 -4 -17 -4 -17 -6 -16 -7 -19 -8 -14 -3 -15 -2 -19 -3 -17 -8 -20 -12 -19 -11 -16 -6 -19 -5 -19 -6 -17 -7 -14 -9 -20 -14 -13 -11 -11 -11 -12 -4 -2 0 0 0 0 0 0 0 0 ]
CSI_DATA,AP,68:FE:71:12:53:8C,-47,11,1,3,1,1,1,0,0,0,0,-95,0,6,1,54947119,0,84,0,0,54.947,384,[84 -64 4 0 0 0 0 0 0 0 0 0 -8 20 -8 14 -8 19 -12 19 -14 18 -10 15 -15 20 -11 13 -17 11 -15 16 -16 17 -19 18 -15 13 -11 18 -17 9 -19 17 -14 13 -12 10 -10 16 -10 16 -13 13 -11 15 -15 7 -11 9 -10 16 -17 9 4 3 -15 11 -14 16 -14 17 -10 9 -12 16 -11 12 -14 15 -9 13 -10 13 -6 18 -12 14 -10 14 -10 15 -5 15 -10 13 -4 13 -6 15 -8 12 -7 18 -3 17 -5 13 -4 12 -4 12 -1 14 -10 19 -9 13 0 4 0 0 0 0 0 0 0 0 ]
CSI_DATA,AP,68:FE:71:12:53:8C,-46,11,1,4,1,1,1,0,0,0,0,-95,0,6,1,55072630,0,84,0,0,55.073,384,[84 -64 4 0 0 0 0 0 0 0 0 0 12 -13 13 -15 18 -17 14 -18 12 -18 15 -16 20 -11 14 -13 19 -12 17 -11 19 -17 17 -13 15 -15 18 -14 19 -7 14 -10 16 -7 11 -14 15 -6 17 -8 17 -14 14 -9 15 -12 11 -12 19 -14 12 -7 -4 -3 13 -11 17 -9 17 -14 15 -12 16 -11 17 -14 14 -10 14 -10 15 -14 13 -11 8 -16 8 -11 8 -14 13 -11 15 -12 9 -13 6 -15 8 -10 12 -18 6 -12 7 -15 6 -10 8 -13 11 -12 7 -16 6 -14 3 0 0 0 0 0 0 0 0 0 ]
CSI_DATA,AP,68:FE:71:12:53:8C,-49,11,1,3,1,1,1,0,0,0,0,-96,0,6,1,55175558,0,84,0,0,55.176,384,[84 -64 4 0 0 0 0 0 0 0 0 0 -11 -19 -7 -20 -8 -23 -9 -23 -11 -24 -10 -25 -4 -25 -3 -20 -3 -21 0 -17 -2 -20 -7 -21 -5 -18 0 -20 1 -19 -3 -18 -7 -19 -2 -19 -3 -24 -4 -16 1 -21 -7 -23 -5 -21 -6 -19 0 -23 -1 -20 3 -2 -2 -18 0 -18 -7 -21 -9 -21 -4 -17 -6 -22 -1 -21 -7 -16 -7 -14 -2 -20 -11 -19 -7 -13 -10 -20 -10 -17 -12 -21 -9 -17 -8 -21 -12 -17 -13 -14 -8 -14 -9 -12 -11 -17 -10 -13 -8 -17 -6 -14 -12 -13 1 -1 0 0 0 0 0 0 0 0 ]
CSI_DATA,AP,68:FE:71:12:53:8C,-46,11,1,3,1,1,1,0,0,0,0,-96,0,6,1,55292234,0,82,0,0,55.292,384,[84 -64 4 0 0 0 0 0 0 0 0 0 1 -24 1 -22 -3 -20 -6 -25 -4 -23 5 -24 -3 -25 -3 -21 2 -25 2 -24 0 -23 2 -21 6 -25 -1 -24 0 -15 -1 -23 3 -16 0 -15 4 -18 6 -16 3 -20 1 -21 7 -17 0 -14 0 -16 3 -19 4 2 0 -19 2 -22 1 -15 0 -14 -1 -21 0 -14 0 -20 -3 -13 -1 -19 -4 -13 -5 -14 -4 -19 2 -21 0 -17 -4 -18 -1 -20 1 -16 -4 -16 -3 -12 -6 -12 -2 -16 -2 -14 1 -17 -4 -21 -3 -16 -3 -20 -2 0 0 0 0 0 0 0 0 0 ]
CSI_DATA,AP,68:FE:71:12:53:8C,-49,11,1,3,1,1,1,0,0,0,0,-95,0,6,1,55395695,0,84,0,0,55.396,384,[84 -64 4 0 0 0 0 0 0 0 0 0 3 24 1 15 -2 21 -5 18 -3 19 -3 19 -6 15 -1 15 -3 15 -4 21 -4 18 -6 20 -9 24 -9 19 -8 13 -4 20 -7 20 -8 14 -3 20 -4 20 -4 18 -3 16 -6 15 -2 14 -9 13 -1 15 3 2 -2 20 -7 19 0 16 -3 15 -1 11 -3 19 0 12 -6 12 -6 17 1 15 1 16 0 13 -4 16 -4 14 -3 12 3 15 -2 17 -3 12 1 13 2 16 3 18 3 13 -1 17 4 12 4 14 5 13 3 -3 0 0 0 0 0 0 0 0 ]
CSI_DATA,AP,68:FE:71:12:53:8C,-43,11,1,5,1,1,1,0,0,0,0,-95,0,6,1,55525597,0,84,0,0,55.526,384,[84 -64 4 0 0 0 0 0 0 0 0 0 2 17 2 23 1 18 -5 18 -7 21 -8 15 -6 23 -5 17 -6 17 -3 17 -4 17 -7 19 -3 18 -2 19 -5 19 -8 21 -3 16 -6 16 -8 14 -6 17 -6 16 -4 20 -8 16 -6 18 -6 21 -9 14 0 -4 -4 16 -2 21 0 20 -4 20 -6 11 -7 12 -7 18 0 18 -2 20 -2 20 -5 20 -4 20 -4 20 2 15 -4 21 -4 21 0 16 0 15 -3 15 4 12 -3 15 -3 20 -2 18 4 15 2 14 3 17 3 2 0 0 0 0 0 0 0 0 ]
CSI_DATA,AP,68:FE:71:12:53:8C,-45,11,1,3,1,1,1,0,0,0,1,-93,0,6,1,55657434,0,84,0,0,55.657,384,[84 -64 4 0 0 0 0 0 0 0 0 0 -19 -10 -16 -16 -12 -17 -13 -19 -12 -18 -13 -12 -12 -18 -13 -14 -11 -17 -16 -19 -13 -22 -10 -16 -11 -14 -8 -20 -7 -19 -10 -17 -6 -22 -8 -19 -6 -16 -14 -21 -12 -18 -10 -13 -11 -15 -12 -20 -13 -18 -11 -19 2 3 -11 -16 -13 -15 -12 -14 -10 -10 -6 -12 -10 -11 -12 -16 -13 -14 -14 -15 -8 -8 -16 -15 -7 -15 -8 -13 -12 -11 -15 -15 -17 -14 -17 -11 -12 -12 -10 -11 -16 -12 -13 -15 -10 -15 -15 -9 -11 -10 -9 -9 -11 -7 -3 1 0 0 0 0 0 0 0 0 ]
CSI_DATA,AP,68:FE:71:12:53:8C,-46,11,1,4,1,1,1,1,0,0,1,-93,3,6,1,55762958,0,84,0,0,55.763,384,[84 -64 4 0 0 0 0 0 0 0 0 0 22 4 21 12 16 9 15 12 15 12 15 9 12 15 14 7 18 8 14 15 19 11 12 15 11 13 10 15 14 10 18 10 16 12 12 12 16 13 11 14 13 14 15 13 15 15 11 13 14 14 8 8 0 -3 13 12 9 8 10 7 14 10 11 6 15 8 10 14 16 9 14 7 16 11 13 7 15 10 17 7 15 7 17 5 12 5 17 8 10 7 17 5 19 1 14 10 10 7 12 6 14 3 14 6 19 5 -3 3 0 0 0 0 0 0 0 0 ]
CSI_DATA,AP,68:FE:71:12:53:8C,-45,11,1,5,1,1,1,0,0,0,0,-93,0,6,1,55867835,0,84,0,0,55.868,384,[84 -64 4 0 0 0 0 0 0 0 0 0 13 9 17 13 20 12 17 11 14 11 16 8 18 16 11 12 17 9 13 17 16 14 11 13 18 15 12 13 9 11 17 13 9 12 16 10 14 14 12 12 15 10 16 13 13 10 10 14 15 10 15 10 -1 3 11 10 17 15 9 9 10 13 12 9 17 7 15 7 16 5 10 8 17 11 12 10 8 9 10 11 10 11 15 4 18 8 12 8 16 10 13 5 16 2 15 4 13 2 15 10 19 5 19 4 16 3 3 0 0 0 0 0 0 0 0 0 ]
CSI_DATA,AP,68:FE:71:12:53:8C,-48,11,1,4,1,1,1,0,0,0,0,-94,0,6,1,55987353,0,84,0,0,55.987,384,[84 -64 4 0 0 0 0 0 0 0 0 0 1 21 -4 24 -6 19 -8 21 -7 22 -7 19 -11 23 -8 19 -6 16 -6 15 -11 18 -10 23 -9 14 -8 19 -5 16 -6 14 -11 14 -10 18 -11 19 -10 19 -11 15 -8 12 -11 14 -12 15 -12 15 -7 13 -2 -1 -8 12 -4 19 -7 16 -3 20 -3 15 -7 11 -9 18 -9 14 -6 15 -5 18 0 12 -2 14 1 13 -3 17 0 15 -8 14 0 21 -2 16 0 13 -6 14 -6 16 -1 19 -3 21 0 14 -2 21 -2 14 1 -1 0 0 0 0 0 0 0 0 ]
CSI_DATA,AP,68:FE:71:12:53:8C,-46,11,1,5,1,1,1,0,0,0,0,-95,0,6,1,56116485,0,84,0,0,56.116,384,[84 -64 4 0 0 0 0 0 0 0 0 0 15 12 11 17 15 12 10 18 10 18 12 17 14 12 6 14 11 19 9 18 10 14 7 21 10 20 13 19 4 16 11 18 11 14 11 13 8 17 6 15 3 18 5 17 5 11 9 11 4 15 10 16 4 2 3 10 4 13 10 17 10 15 7 10 8 11 8 14 9 11 7 8 9 14 7 9 12 12 7 13 11 8 7 12 10 16 9 8 13 12 13 9 11 9 9 8 11 9 12 7 16 9 11 14 12 7 1 3 0 0 0 0 0 0 0 0 ]
CSI_DATA,AP,68:FE:71:12:53:8C,-45,11,1,4,1,1,1,0,0,0,0,-93,0,6,1,56216491,0,84,0,0,56.216,384,[84 -64 4 0 0 0 0 0 0 0 0 0 22 -3 18 -4 23 -7 24 -4 22 -4 18 -1 22 0 17 2 20 1 16 -4 19 -2 19 3 18 3 20 -2 23 2 17 -2 22 2 17 1 17 4 22 -1 22 4 20 2 13 4 18 3 20 -3 16 3 2 3 14 -2 21 1 22 -4 14 -1 14 -1 13 0 18 -3 15 -1 16 -1 14 -4 17 -4 18 -7 15 -5 20 -2 18 -6 16 -2 20 -5 12 -11 17 -9 11 -8 13 -4 17 -11 15 -5 20 -11 19 -11 11 -10 -2 2 0 0 0 0 0 0 0 0 ]
CSI_DATA,AP,68:FE:71:12:53:8C,-49,11,1,3,1,1,1,1,0,0,0,-94,1,6,1,56338317,0,84,0,0,56.338,384,[84 -64 4 0 0 0 0 0 0 0 0 0 16 8 17 5 18 12 23 12 16 9 15 8 20 9 19 11 14 9 13 14 12 11 14 14 13 15 15 17 11 12 17 14 11 16 8 13 14 11 12 10 16 11 10 10 11 15 14 14 12 15 16 9 3 0 17 7 13 6 15 13 18 12 14 13 14 11 16 6 13 13 14 8 9 8 15 3 17 3 13 3 14 6 17 10 18 10 11 6 19 8 11 5 13 8 18 8 11 1 13 5 15 3 14 3 13 3 2 2 0 0 0 0 0 0 0 0 ]
CSI_DATA,AP,68:FE:71:12:53:8C,-45,11,1,3,1,1,1,0,0,0,0,-94,0,6,1,56454659,0,84,0,0,56.455,384,[84 -64 4 0 0 0 0 0 0 0 0 0 9 13 7 12 16 14 13 16 7 15 12 12 5 17 4 13 9 20 7 12 4 21 5 16 11 17 11 13 9 13 6 14 5 13 2 19 4 12 2 17 6 15 3 18 1 10 8 19 8 13 4 11 0 4 6 14 11 17 7 18 5 11 5 10 10 14 9 10 10 14 8 16 12 11 12 9 12 12 7 12 12 7 12 11 9 12 12 14 14 14 10 12 14 13 14 8 8 9 9 10 15 8 11 5 15 10 1 -1 0 0 0 0 0 0 0 0 ]
CSI_DATA,AP,68:FE:71:12:53:8C,-50,11,1,3,1,1,1,0,0,0,0,-95,0,6,1,56572078,0,84,0,0,56.572,384,[84 -64 4 0 0 0 0 0 0 0 0 0 17 4 17 1 21 7 15 9 21 1 16 9 17 2 20 6 19 9 16 6 20 4 12 6 14 6 15 4 18 6 19 8 12 11 14 7 16 7 9 9 13 9 10 8 16 6 9 10 16 5 10 9 0 -1 10 3 14 10 15 10 17 7 9 10 16 2 16 5 16 8 13 5 15 2 15 7 12 1 14 0 14 0 17 2 10 8 18 3 16 -1 16 7 9 2 15 4 12 4 12 2 17 -3 13 5 13 -1 0 2 0 0 0 0 0 0 0 0 ]
CSI_DATA,AP,68:FE:71:12:53:8C,-49,11,1,1,1,1,1,0,0,0,0,-96,0,6,1,56681481,0,84,0,0,56.681,384,[84 -64 4 0 0 0 0 0 0 0 0 0 18 10 17 5 18 10 20 10 16 10 14 7 16 7 10 13 13 13 14 11 13 15 17 7 13 10 13 14 11 13 10 15 15 15 8 12 15 8 12 7 7 7 9 14 11 10 10 8 14 11 9 12 3 4 13 9 14 8 10 10 8 5 9 9 14 11 14 13 15 11 11 9 16 5 13 5 11 8 13 3 13 5 10 7 11 6 15 8 16 6 10 8 16 0 15 3 17 8 17 8 12 5 12 4 16 -1 0 -2 0 0 0 0 0 0 0 0 ]
CSI_DATA,AP,68:FE:71:12:53:8C,-43,11,1,6,1,1,1,0,0,0,0,-95,0,6,1,56801254,0,84,0,0,56.801,384,[84 -64 4 0 0 0 0 0 0 0 0 0 23 2 24 -1 28 5 23 5 22 -1 18 4 19 5 22 4 18 2 23 4 20 8 16 0 20 4 15 4 14 0 20 3 15 8 18 0 18 0 18 -1 14 2 18 0 15 7 18 -1 17 3 17 7 3 3 15 -3 18 0 17 3 16 2 17 0 12 0 19 0 16 -5 15 4 11 0 13 -4 10 -1 12 -4 13 3 11 2 20 0 13 -5 17 -2 13 -1 15 -5 14 -4 14 0 16 -7 15 -3 17 -2 18 -5 -4 1 0 0 0 0 0 0 0 0 ]
CSI_DATA,AP,68:FE:71:12:53:8C,-41,11,1,6,1,1,1,0,0,0,0,-96,0,6,1,56866100,0,84,0,0,56.866,384,[84 -64 4 0 0 0 0 0 0 0 0 0 2 -7 -5 -11 -1 -12 -2 -15 0 -8 -3 -8 1 -14 1 -8 -3 -9 -1 -9 5 -10 6 -7 -1 -11 0 -12 3 -13 4 -12 1 -11 4 -8 -2 -12 0 -5 -1 -9 4 -5 0 -9 4 -8 4 -11 -1 -11 -3 -3 0 -10 2 -7 -3 -6 4 -11 -3 -10 1 -7 0 -7 4 -9 -1 -6 -3 -7 -4 -13 0 -6 1 -5 2 -11 -4 -13 -4 -13 -2 -7 -6 -12 -5 -8 -6 -5 2 -5 1 -6 2 -6 -3 -5 -1 -4 -6 -11 3 2 0 0 0 0 0 0 0 0 ]
CSI_DATA,AP,68:FE:71:12:53:8C,-41,11,1,6,1,1,1,0,0,0,0,-94,0,6,1,57003923,0,84,0,0,57.004,384,[84 -64 4 0 0 0 0 0 0 0 0 0 8 -21 9 -19 4 -19 8 -14 7 -14 4 -18 6 -15 6 -18 8 -19 12 -14 11 -17 14 -12 9 -16 9 -18 7 -15 14 -16 6 -13 9 -14 6 -13 13 -14 13 -13 7 -10 8 -12 10 -15 10 -17 5 -15 -4 -4 12 -15 3 -17 10 -13 8 -11 8 -13 11 -15 4 -10 10 -10 3 -16 5 -11 5 -17 8 -15 8 -17 0 -17 4 -11 1 -15 7 -13 7 -16 0 -17 -1 -16 -1 -17 -1 -13 2 -12 0 -14 6 -13 5 -10 4 2 0 0 0 0 0 0 0 0 ]
CSI_DATA,AP,68:FE:71:12:53:8C,-41,11,1,5,1,1,1,0,0,0,0,-93,0,6,1,57132117,0,84,0,0,57.132,384,[84 -64 4 0 0 0 0 0 0 0 0 0 -5 9 1 7 -4 4 -1 8 -7 8 -4 10 -7 11 -4 10 -1 10 -4 5 -2 7 -3 3 -1 8 -1 9 -6 9 -3 3 -5 2 -2 5 -8 3 -3 2 -1 4 -5 9 -5 4 -5 7 -7 8 -7 9 3 1 -1 6 -6 5 -4 9 -6 9 -2 10 -1 5 -8 4 -6 9 -7 8 -4 10 1 5 1 5 1 3 1 10 0 10 -6 9 1 6 -5 10 -5 6 1 11 -3 4 -6 9 -3 9 -4 3 -6 5 -3 4 2 -2 0 0 0 0 0 0 0 0 ]
CSI_DATA,AP,68:FE:71:12:53:8C,-41,11,0,0,0,0,0,0,0,0,0,-93,0,6,1,57275402,0,37,0,0,57.275,128,[84 -64 4 0 0 0 0 0 0 0 0 0 -1 -20 -2 -22 -6 -21 -2 -25 -1 -24 -4 -20 3 -18 3 -20 3 -24 -3 -21 0 -25 2 -25 5 -23 -1 -21 5 -18 -2 -23 -2 -21 1 -20 -1 -18 0 -19 0 -17 0 -17 6 -19 -1 -17 6 -21 -2 -21 3 -1 3 -16 0 -16 0 -14 1 -17 -4 -18 0 -14 1 -14 -5 -13 2 -17 -6 -16 -6 -14 1 -15 2 -12 -5 -14 -2 -13 -2 -18 -5 -17 -1 -15 -2 -14 -8 -16 0 -18 -5 -16 -1 -15 -5 -16 -5 -15 -1 -19 -3 4 0 0 0 0 0 0 0 0 ]
CSI_DATA,AP,68:FE:71:12:53:8C,-42,11,1,5,1,1,1,0,0,0,0,-96,0,6,1,57409280,0,84,0,0,57.409,384,[84 -64 4 0 0 0 0 0 0 0 0 0 12 -17 13 -16 18 -16 20 -12 16 -10 11 -15 14 -9 18 -13 15 -14 11 -5 15 -8 11 -12 14 -6 10 -11 10 -7 9 -9 13 -10 12 -9 12 -4 13 -5 10 -6 11 -9 6 -10 9 -9 8 -10 8 -10 0 -3 5 -7 4 -12 10 -12 4 -4 10 -12 11 -7 5 -5 6 -9 7 -6 6 -8 7 -11 2 -9 10 -8 4 -11 8 -7 1 -8 8 -11 1 -9 4 -9 0 -8 5 -12 2 -8 5 -10 6 -18 4 -13 3 -8 -3 2 0 0 0 0 0 0 0 0 ]
CSI_DATA,AP,68:FE:71:12:53:8C,-43,11,1,5,1,1,1,0,0,0,0,-95,0,6,1,57509960,0,84,0,0,57.51,384,[84 -64 4 0 0 0 0 0 0 0 0 0 20 12 16 14 20 14 11 10 10 19 14 16 14 12 11 15 13 13 12 15 6 16 13 15 13 10 13 18 7 8 8 11 10 15 11 15 10 6 10 7 7 8 3 6 5 5 5 13 4 12 9 7 4 4 4 8 9 4 9 10 10 8 3 6 7 7 10 3 11 5 4 4 7 -1 12 6 6 -1 11 2 7 -3 7 -3 6 -3 8 -1 8 -4 5 1 6 1 11 2 11 -6 11 -4 15 -2 12 1 10 -7 2 -3 0 0 0 0 0 0 0 0 ]
CSI_DATA,AP,68:FE:71:12:53:8C,-48,11,1,3,1,1,1,0,0,0,0,-94,0,6,1,57584110,0,84,0,0,57.584,384,[84 -64 4 0 0 0 0 0 0 0 0 0 -30 -16 -28 -20 -32 -19 -30 -21 -24 -20 -26 -23 -20 -17 -24 -16 -20 -17 -18 -14 -24 -23 -20 -17 -15 -15 -19 -19 -21 -20 -19 -17 -19 -17 -14 -15 -16 -11 -14 -18 -14 -10 -10 -12 -9 -9 -11 -14 -14 -12 -12 -11 3 -1 -17 -10 -12 -8 -15 -9 -14 -4 -16 -7 -13 -4 -14 -4 -16 -2 -10 -6 -13 -3 -13 -4 -15 -2 -9 -3 -9 -1 -16 2 -16 -1 -14 4 -12 4 -11 6 -12 -1 -10 4 -11 0 -6 1 -16 8 -11 6 -9 5 -4 4 0 0 0 0 0 0 0 0 ]
CSI_DATA,AP,68:FE:71:12:53:8C,-49,11,1,3,1,1,1,0,0,0,0,-96,0,6,1,57715637,0,84,0,0,57.716,384,[84 -64 4 0 0 0 0 0 0 0 0 0 2 -21 5 -24 5 -22 11 -19 4 -21 10 -18 7 -21 4 -18 7 -22 7 -15 9 -21 10 -16 11 -14 10 -13 7 -17 6 -19 7 -13 6 -10 6 -16 9 -18 6 -17 8 -14 9 -13 11 -12 8 -13 10 -14 3 -2 2 -11 6 -13 7 -13 5 -12 10 -12 9 -16 7 -14 2 -15 1 -13 2 -18 7 -12 1 -14 3 -19 1 -11 6 -14 4 -17 6 -14 4 -13 1 -14 6 -16 5 -13 7 -10 1 -11 -2 -15 -2 -19 5 -12 0 -1 0 0 0 0 0 0 0 0 ]
CSI_DATA,AP,68:FE:71:12:53:8C,-50,11,1,2,1,1,1,1,0,0,0,-95,3,6,1,57820695,0,84,0,0,57.821,384,[84 -64 4 0 0 0 0 0 0 0 0 0 6 -18 7 -20 11 -19 8 -16 13 -21 16 -14 18 -21 10 -15 11 -15 14 -18 11 -14 15 -20 18 -12 20 -14 14 -16 13 -17 15 -13 13 -12 16 -15 16 -15 12 -16 15 -18 15 -10 15 -18 17 -16 17 -13 1 4 13 -15 17 -14 15 -15 14 -19 11 -17 19 -14 12 -13 10 -13 10 -18 9 -16 16 -18 16 -20 14 -19 9 -17 11 -18 10 -18 17 -22 13 -18 15 -16 8 -17 18 -19 16 -21 11 -14 12 -17 8 -13 7 -15 -1 1 0 0 0 0 0 0 0 0 ]
CSI_DATA,AP,68:FE:71:12:53:8C,-46,11,1,4,1,1,1,0,0,0,0,-95,0,6,1,57929874,0,84,0,0,57.93,384,[84 -64 4 0 0 0 0 0 0 0 0 0 -10 -20 -11 -18 -6 -21 -11 -16 -8 -20 -2 -21 -7 -15 -4 -17 -1 -22 -4 -21 -3 -20 -4 -18 -6 -21 -6 -19 -7 -18 -4 -20 -3 -14 -6 -16 -5 -20 1 -15 -3 -21 -1 -21 -1 -20 2 -20 2 -18 -1 -17 2 2 -5 -19 -6 -15 -1 -18 -4 -16 0 -16 -8 -12 0 -11 -3 -17 -8 -17 -9 -14 -9 -14 -8 -18 -3 -14 -9 -14 -7 -17 -10 -18 -10 -19 -6 -11 -10 -17 -8 -13 -10 -11 -10 -17 -11 -14 -10 -16 -7 -14 -6 -12 2 -4 0 0 0 0 0 0 0 0 ]
CSI_DATA,AP,68:FE:71:12:53:8C,-43,11,1,5,1,1,1,0,0,0,0,-93,0,6,1,58013083,0,84,0,0,58.013,384,[84 -64 4 0 0 0 0 0 0 0 0 0 16 -11 19 -7 20 -9 21 -12 18 -6 18 -11 15 -5 20 -4 22 -3 15 -7 25 -10 17 -4 24 -4 17 -2 22 -7 20 -3 17 -2 15 0 17 -3 16 -4 24 -4 21 2 20 -5 24 -1 19 -6 24 1 2 0 23 -7 18 -4 20 -1 18 -3 19 1 16 -8 18 -8 18 -8 18 -8 18 -8 18 -7 15 -8 16 -6 21 -4 16 -4 22 -13 19 -4 16 -6 18 -7 13 -14 17 -5 22 -8 21 -13 18 -7 15 -13 16 -6 -2 3 0 0 0 0 0 0 0 0 ]
CSI_DATA,AP,68:FE:71:12:53:8C,-43,11,1,4,1,1,1,0,0,0,0,-95,0,6,1,58133378,0,84,0,0,58.133,384,[84 -64 4 0 0 0 0 0 0 0 0 0 -6 3 -7 5 -11 2 -5 -1 -12 4 -8 -3 -7 2 -11 5 -11 2 -6 5 -9 -2 -6 4 -13 3 -10 -3 -12 1 -11 3 -10 0 -13 2 -5 2 -6 1 -7 1 -13 0 -6 1 -12 -1 -7 -1 -9 -3 -2 3 -6 -2 -8 1 -5 -3 -7 2 -6 4 -7 0 -10 0 -5 0 -4 -2 -12 -1 -9 2 -4 6 -6 1 -8 -3 -11 6 -10 6 -10 2 -8 1 -8 6 -10 -1 -12 0 -12 -1 -12 1 -13 5 -12 0 -6 5 2 -4 0 0 0 0 0 0 0 0 ]
CSI_DATA,AP,68:FE:71:12:53:8C,-45,11,1,3,1,1,1,1,0,0,0,-95,6,6,1,58236973,0,84,0,0,58.237,384,[84 -64 4 0 0 0 0 0 0 0 0 0 -19 13 -16 15 -22 13 -18 12 -19 11 -16 10 -22 5 -16 9 -16 5 -17 4 -22 3 -16 9 -24 10 -18 3 -16 2 -21 3 -16 10 -16 7 -19 9 -19 10 -18 3 -14 6 -20 7 -21 7 -17 3 -20 3 0 0 -17 6 -14 6 -11 8 -16 8 -11 5 -11 8 -13 4 -14 3 -14 9 -16 6 -16 13 -11 8 -13 4 -15 5 -12 11 -17 5 -14 6 -16 9 -13 13 -10 8 -12 8 -13 14 -10 8 -8 8 -12 8 -8 13 -4 -2 0 0 0 0 0 0 0 0 ]
CSI_DATA,AP,68:FE:71:12:53:8C,-45,11,1,4,1,1,1,0,0,0,0,-94,0,6,1,58333534,0,84,0,0,58.334,384,[82 -96 4 0 0 0 0 0 0 0 0 0 3 14 5 21 1 18 -1 15 -5 14 2 16 -3 12 -4 18 2 20 -4 13 -7 17 -6 16 1 17 -3 13 -4 16 -7 18 -4 15 -4 11 -1 17 -2 18 0 15 -6 12 -6 16 -8 10 -4 15 -1 9 3 -4 -4 11 -7 16 1 17 -1 15 -6 14 -2 9 -1 11 2 10 -3 16 1 13 3 11 1 14 -4 9 -2 15 -2 15 -2 9 4 17 0 17 -2 11 5 9 4 11 3 12 -1 13 3 11 4 15 -1 16 0 4 0 0 0 0 0 0 0 0 ]
CSI_DATA,AP,68:FE:71:12:53:8C,-46,11,1,3,1,1,1,0,0,0,0,-93,0,6,1,58444177,0,82,0,0,58.444,384,[84 -64 4 0 0 0 0 0 0 0 0 0 -1 -31 4 -34 4 -30 2 -26 5 -26 6 -25 10 -27 10 -26 9 -29 13 -33 12 -24 6 -29 12 -25 7 -29 12 -22 10 -22 8 -27 12 -23 7 -22 11 -21 14 -20 13 -25 10 -20 8 -21 12 -23 13 -26 -3 4 6 -24 11 -24 3 -20 9 -25 3 -19 2 -27 2 -26 8 -23 8 -27 8 -23 1 -20 7 -24 5 -22 0 -19 5 -23 5 -21 4 -26 2 -28 0 -23 -2 -21 2 -22 2 -20 2 -22 -2 -23 -5 -26 -4 -25 2 0 0 0 0 0 0 0 0 0 ]
CSI_DATA,AP,68:FE:71:12:53:8C,-45,11,1,3,1,1,1,0,0,0,0,-93,0,6,1,58555790,0,84,0,0,58.556,384,[84 -64 4 0 0 0 0 0 0 0 0 0 20 5 16 8 20 7 15 2 18 6 19 10 21 4 16 5 17 4 18 5 16 6 14 9 18 10 20 10 18 7 18 5 18 13 11 10 11 8 16 10 13 9 13 4 17 12 15 7 10 9 12 12 1 -4 13 4 10 10 14 5 17 6 17 6 15 4 9 9 13 6 15 8 9 7 10 0 15 3 18 1 17 6 9 4 13 6 14 7 18 4 12 0 15 0 18 4 13 4 12 -1 16 -3 16 4 16 -3 -1 2 0 0 0 0 0 0 0 0 ]
CSI_DATA,AP,68:FE:71:12:53:8C,-42,11,1,5,1,1,1,1,0,0,0,-95,3,6,1,58680651,0,84,0,0,58.681,384,[84 -64 4 0 0 0 0 0 0 0 0 0 -21 -6 -25 -3 -19 -4 -22 -4 -18 -7 -24 -9 -22 -4 -21 -9 -19 -5 -20 -12 -19 -9 -23 -9 -23 -11 -16 -12 -20 -7 -21 -12 -22 -13 -18 -8 -14 -6 -14 -7 -21 -7 -16 -6 -19 -9 -20 -5 -18 -11 -17 -11 3 -4 -14 -2 -16 -10 -17 -3 -19 -7 -13 -3 -13 -1 -15 -2 -17 -6 -18 -4 -15 -3 -19 0 -16 -4 -19 -7 -18 -3 -18 -3 -15 -2 -20 -4 -19 -1 -14 -4 -15 2 -18 0 -17 -5 -20 3 -21 -2 -18 1 -14 -3 3 -1 0 0 0 0 0 0 0 0 ]
CSI_DATA,AP,68:FE:71:12:53:8C,-47,11,1,4,1,1,1,0,0,0,0,-95,0,6,1,58799710,0,84,0,0,58.8,384,[84 -64 4 0 0 0 0 0 0 0 0 0 34 6 36 8 42 11 34 13 39 17 36 18 34 10 37 17 34 13 37 20 31 22 32 18 34 15 32 15 32 17 35 17 32 19 32 16 26 17 33 14 28 18 27 16 26 18 30 18 25 16 27 18 4 4 28 12 24 18 31 15 31 11 30 11 27 14 30 12 25 15 24 14 25 11 31 11 24 8 26 10 26 7 33 8 31 7 32 6 32 2 34 3 26 8 29 9 27 1 33 2 31 8 35 10 29 3 -1 3 0 0 0 0 0 0 0 0 ]
CSI_DATA,AP,68:FE:71:12:53:8C,-46,11,1,3,1,1,1,0,0,0,0,-96,0,6,1,58896762,0,84,0,0,58.897,384,[84 -64 4 0 0 0 0 0 0 0 0 0 12 11 16 10 12 8 17 14 12 8 18 14 13 17 11 10 11 14 14 18 16 10 11 17 15 18 14 14 11 10 7 13 10 15 8 12 13 14 14 14 12 13 10 11 10 12 7 14 6 12 11 10 0 2 11 7 8 11 13 11 14 11 14 12 11 14 13 14 15 11 11 9 9 10 16 5 15 11 10 7 13 10 12 4 9 10 15 9 9 12 14 6 11 4 13 7 16 11 10 3 13 8 14 9 14 3 4 3 0 0 0 0 0 0 0 0 ]
CSI_DATA,AP,68:FE:71:12:53:8C,-42,11,0,0,0,0,0,0,0,0,0,-95,0,6,1,59014843,0,37,0,0,59.015,128,[84 -64 4 0 0 0 0 0 0 0 0 0 -5 -21 -8 -24 -3 -19 -9 -23 -9 -23 -6 -18 -2 -18 -7 -18 0 -19 -2 -17 -5 -18 -4 -18 -4 -18 -4 -21 -4 -19 0 -20 1 -22 -2 -22 -2 -22 -1 -16 -2 -22 -2 -16 1 -13 -4 -21 -4 -15 -1 -18 4 -3 -1 -15 1 -18 -6 -18 -6 -15 0 -20 -6 -17 -5 -12 -1 -12 0 -13 -6 -17 -9 -16 -6 -13 -2 -13 -9 -17 -8 -19 -3 -11 -10 -19 -4 -16 -8 -18 -6 -16 -11 -17 -8 -16 -6 -16 -12 -19 -11 -11 -7 -17 1 -2 0 0 0 0 0 0 0 0 ]
CSI_DATA,AP,68:FE:71:12:53:8C,-42,11,1,4,1,1,1,0,0,0,0,-95,0,6,1,59108374,0,84,0,0,59.108,384,[84 -64 4 0 0 0 0 0 0 0 0 0 -18 -13 -13 -14 -11 -19 -12 -16 -15 -17 -12 -18 -7 -19 -13 -21 -10 -17 -14 -15 -8 -15 -9 -21 -13 -17 -8 -20 -13 -18 -9 -22 -10 -20 -10 -13 -10 -17 -9 -19 -5 -15 -4 -14 -3 -13 -10 -17 -4 -14 -6 -13 2 -4 -10 -12 -8 -16 -8 -19 -13 -11 -5 -16 -12 -15 -9 -14 -9 -14 -8 -15 -9 -12 -14 -12 -7 -15 -13 -15 -7 -13 -9 -11 -12 -16 -8 -15 -15 -10 -10 -8 -12 -12 -9 -15 -11 -14 -13 -10 -12 -14 -14 -13 -14 -10 2 1 0 0 0 0 0 0 0 0 ]
CSI_DATA,AP,68:FE:71:12:53:8C,-45,11,1,3,1,1,1,0,0,0,0,-96,0,6,1,59225815,0,84,0,0,59.226,384,[84 -64 4 0 0 0 0 0 0 0 0 0 -17 -8 -18 -6 -16 -5 -17 -13 -21 -6 -19 -11 -22 -14 -14 -12 -21 -8 -20 -15 -20 -8 -12 -12 -15 -14 -19 -8 -13 -15 -18 -12 -18 -8 -10 -8 -11 -13 -16 -10 -11 -8 -10 -15 -14 -8 -9 -14 -15 -12 -15 -10 2 2 -11 -12 -16 -10 -13 -11 -17 -12 -13 -13 -10 -11 -9 -7 -11 -9 -14 -8 -15 -6 -14 -5 -17 -7 -12 -11 -18 -7 -12 -8 -11 -2 -19 -5 -15 -8 -12 -7 -14 -3 -17 -7 -17 -9 -17 -9 -15 -5 -13 -3 -16 0 2 4 0 0 0 0 0 0 0 0 ]
CSI_DATA,AP,68:FE:71:12:53:8C,-49,11,1,1,1,1,1,0,0,0,0,-96,0,6,1,59327847,0,84,0,0,59.328,384,[84 -64 4 0 0 0 0 0 0 0 0 0 -4 -23 -2 -22 -4 -22 -6 -23 -2 -21 -4 -20 -4 -23 1 -16 0 -22 -1 -19 -2 -24 5 -19 1 -20 5 -16 -2 -20 3 -23 6 -21 -1 -19 3 -22 0 -15 -1 -14 1 -14 6 -18 -1 -18 1 -15 -1 -18 4 -2 5 -13 2 -19 -2 -16 -2 -20 0 -18 4 -15 -1 -15 -1 -12 -5 -16 -1 -12 -5 -17 -2 -16 0 -19 2 -19 -7 -19 -1 -15 -7 -14 -1 -19 0 -13 -4 -12 -3 -16 -8 -18 -1 -14 -5 -14 -7 -12 -9 -11 1 2 0 0 0 0 0 0 0 0 ]
CSI_DATA,AP,68:FE:71:12:53:8C,-44,11,1,5,1,1,1,0,0,0,0,-95,0,6,1,59452861,0,84,0,0,59.453,384,[84 -64 4 0 0 0 0 0 0 0 0 0 -15 12 -13 15 -15 16 -20 11 -16 14 -15 14 -17 13 -20 9 -16 8 -14 10 -16 9 -17 12 -21 10 -17 8 -15 7 -20 12 -14 6 -15 12 -18 10 -12 4 -12 10 -12 7 -15 5 -13 4 -13 10 -14 4 0 3 -13 6 -18 5 -15 9 -14 8 -16 5 -14 7 -15 11 -13 11 -16 6 -10 6 -10 10 -10 13 -14 14 -13 10 -9 12 -14 8 -16 9 -16 10 -15 8 -10 9 -12 11 -7 9 -9 15 -15 16 -8 15 -10 12 3 -2 0 0 0 0 0 0 0 0 ]
CSI_DATA,AP,68:FE:71:12:53:8C,-41,11,1,4,1,1,1,0,0,0,0,-96,0,6,1,59560430,0,84,0,0,59.56,384,[84 -64 4 0 0 0 0 0 0 0 0 0 -25 -26 -31 -23 -27 -30 -22 -30 -24 -28 -21 -28 -21 -30 -22 -32 -18 -30 -26 -36 -16 -29 -16 -35 -20 -35 -15 -30 -19 -33 -20 -31 -13 -33 -16 -35 -16 -30 -17 -33 -12 -28 -16 -35 -10 -30 -17 -33 -20 -28 -13 -27 1 -3 -18 -31 -19 -26 -22 -23 -21 -30 -21 -24 -20 -29 -17 -26 -18 -28 -23 -27 -20 -24 -21 -21 -16 -23 -23 -22 -24 -20 -26 -22 -19 -25 -27 -28 -28 -22 -20 -25 -23 -25 -24 -19 -19 -24 -30 -21 -27 -17 -21 -17 -28 -20 3 2 0 0 0 0 0 0 0 0 ]
CSI_DATA,AP,68:FE:71:12:53:8C,-47,11,1,5,1,1,1,0,0,0,0,-96,0,6,1,59676952,0,84,0,0,59.677,384,[84 -64 4 0 0 0 0 0 0 0 0 0 11 10 11 17 12 13 7 12 6 11 8 17 7 15 7 15 8 15 6 15 2 19 8 12 4 14 6 18 5 14 4 19 5 18 6 13 8 15 2 16 10 17 3 15 4 9 7 12 5 15 6 14 -2 2 2 14 5 12 5 13 4 14 6 16 5 14 5 8 9 9 4 14 8 14 11 8 10 10 6 8 7 15 10 15 13 9 10 9 10 14 11 14 12 12 12 6 13 12 8 6 10 7 14 10 10 14 2 -2 0 0 0 0 0 0 0 0 ]
CSI_DATA,AP,68:FE:71:12:53:8C,-46,11,1,4,1,1,1,0,0,0,0,-94,0,6,1,59819944,0,84,0,0,59.82,384,[84 -64 4 0 0 0 0 0 0 0 0 0 4 11 3 10 2 8 9 12 3 5 3 7 4 8 4 8 6 9 5 8 9 8 5 12 2 13 5 8 0 8 4 12 4 7 0 5 8 11 3 13 3 13 5 12 2 8 4 4 1 4 3 8 4 1 1 7 6 6 -1 7 -1 12 4 5 5 6 -1 6 5 2 8 6 4 10 1 8 2 6 0 6 1 4 8 4 8 8 1 3 2 8 1 9 3 2 3 8 7 8 2 8 6 6 9 9 9 6 1 -2 0 0 0 0 0 0 0 0 ]
CSI_DATA,AP,68:FE:71:12:53:8C,-45,11,1,3,1,1,1,0,0,0,0,-95,0,6,1,59940872,0,84,0,0,59.941,384,[84 -64 4 0 0 0 0 0 0 0 0 0 -14 -10 -17 -12 -20 -11 -13 -11 -19 -6 -18 -6 -15 -8 -11 -6 -19 -14 -12 -9 -14 -15 -13 -12 -19 -8 -15 -9 -15 -9 -11 -7 -17 -10 -15 -7 -16 -13 -17 -7 -15 -11 -9 -13 -9 -8 -9 -14 -10 -8 -13 -5 -4 -2 -12 -12 -11 -9 -10 -6 -12 -7 -17 -8 -14 -13 -11 -12 -12 -12 -16 -6 -16 -3 -16 -7 -13 -7 -14 -6 -11 -1 -10 -9 -10 -5 -17 -3 -10 -2 -19 -7 -19 -3 -18 -8 -14 -8 -19 -1 -11 -7 -14 -3 -16 -6 -2 -4 0 0 0 0 0 0 0 0 ]
CSI_DATA,AP,68:FE:71:12:53:8C,-44,11,1,5,1,1,1,0,0,0,0,-94,0,6,1,60067930,0,84,0,0,60.068,384,[84 -64 4 0 0 0 0 0 0 0 0 0 -22 -2 -17 1 -24 4 -18 -1 -20 2 -21 -3 -21 -6 -18 -6 -20 1 -19 -3 -21 -1 -17 -4 -23 0 -16 -4 -18 -7 -19 -7 -19 -2 -20 -7 -13 -8 -17 -5 -17 -1 -13 -8 -13 -5 -16 -4 -17 -4 -16 1 -2 3 -20 -4 -17 -2 -13 -1 -13 2 -15 2 -15 -6 -12 -6 -14 -4 -16 -4 -15 -3 -20 -1 -19 3 -13 -4 -12 -2 -12 0 -13 2 -17 1 -14 3 -14 1 -12 -2 -16 -1 -17 3 -13 5 -17 7 -18 4 -14 3 -2 4 0 0 0 0 0 0 0 0 ]
CSI_DATA,AP,68:FE:71:12:53:8C,-49,11,1,1,1,1,1,0,0,0,0,-94,0,6,1,60162882,0,84,0,0,60.163,384,[84 -64 4 0 0 0 0 0 0 0 0 0 -11 16 -12 14 -9 13 -13 20 -11 19 -14 15 -10 12 -13 18 -9 16 -15 15 -13 16 -17 17 -12 8 -15 14 -15 8 -12 16 -16 15 -10 13 -9 7 -10 7 -12 14 -9 15 -16 13 -9 7 -9 9 -8 14 -1 1 -9 15 -13 9 -10 10 -8 16 -15 14 -7 14 -10 11 -7 8 -11 12 -5 17 -6 9 -13 13 -13 13 -4 15 -7 15 -8 11 -11 10 -6 16 -12 18 -5 11 -5 15 -3 14 -8 15 -3 16 -9 15 -2 13 0 -1 0 0 0 0 0 0 0 0 ]
CSI_DATA,AP,68:FE:71:12:53:8C,-40,11,1,4,1,1,1,0,0,0,0,-95,0,6,1,60253620,0,84,0,0,60.254,384,[84 -64 4 0 0 0 0 0 0 0 0 0 -41 7 -36 1 -38 2 -40 -2 -40 3 -39 -2 -36 -3 -35 1 -39 -3 -37 -7 -40 -10 -35 -3 -34 -6 -32 -6 -37 -7 -35 -4 -38 -11 -30 -6 -32 -10 -36 -4 -35 -4 -35 -11 -32 -5 -30 -7 -33 -4 -34 -5 -4 -4 -31 -1 -29 -2 -33 -6 -34 2 -29 -4 -27 -5 -32 0 -30 -4 -29 -2 -29 3 -33 4 -30 -3 -32 4 -29 3 -26 -1 -29 1 -31 -1 -34 9 -31 7 -29 6 -35 10 -33 5 -30 11 -32 5 -27 4 -30 4 -1 -1 0 0 0 0 0 0 0 0 ]
CSI_DATA,AP,68:FE:71:12:53:8C,-44,11,1,5,1,1,1,1,0,0,0,-94,4,6,1,60363850,0,84,0,0,60.364,384,[84 -64 4 0 0 0 0 0 0 0 0 0 16 -12 17 -12 16 -14 21 -8 20 -8 20 -6 23 -7 22 -10 19 -5 23 -5 17 -8 17 -5 19 -5 18 -9 17 -6 21 -1 17 -6 16 -5 18 -6 14 -6 15 -4 18 -1 13 -7 21 -7 20 -6 22 -3 3 -1 14 -2 13 -2 20 0 17 -3 15 -2 19 -2 15 -7 17 -5 15 -3 14 -5 17 -10 11 -6 12 -8 14 -6 16 -7 16 -6 16 -5 15 -6 14 -9 15 -11 11 -10 15 -12 15 -9 12 -11 14 -13 15 -13 -3 -1 0 0 0 0 0 0 0 0 ]
CSI_DATA,AP,68:FE:71:12:53:8C,-42,11,1,4,1,1,1,0,0,0,0,-94,0,6,1,60488749,0,84,0,0,60.489,384,[84 -64 4 0 0 0 0 0 0 0 0 0 22 -6 16 0 23 -1 19 0 19 1 21 -5 20 2 21 1 18 1 24 -3 21 6 16 4 19 1 17 -1 16 0 17 3 16 -2 15 6 19 -1 14 -1 15 2 20 2 17 4 16 1 19 1 16 -1 -4 -4 16 -2 16 1 16 -3 17 1 12 1 21 2 21 -4 14 2 14 2 11 -5 16 -3 12 -5 18 -6 17 -2 15 -1 18 -1 18 -8 17 -2 15 -5 17 -10 15 -2 18 -7 14 -4 12 -9 16 -7 16 -4 2 4 0 0 0 0 0 0 0 0 ]
CSI_DATA,AP,68:FE:71:12:53:8C,-49,11,1,2,1,1,1,0,0,0,0,-94,0,6,1,60573517,0,84,0,0,60.574,384,[84 -64 4 0 0 0 0 0 0 0 0 0 -18 4 -22 8 -22 9 -27 5 -23 0 -21 3 -25 -1 -18 0 -22 -1 -20 -3 -24 0 -22 3 -23 2 -18 2 -23 0 -24 3 -16 3 -21 -3 -18 0 -19 0 -22 -4 -18 -5 -22 -2 -22 3 -21 -1 -19 -2 -4 3 -17 2 -19 5 -17 5 -20 3 -14 2 -21 2 -18 3 -19 1 -13 7 -17 4 -16 7 -16 2 -19 7 -16 8 -21 5 -18 6 -17 6 -16 5 -15 4 -20 8 -20 5 -17 10 -18 8 -19 10 -21 5 -17 9 3 4 0 0 0 0 0 0 0 0 ]
CSI_DATA,AP,68:FE:71:12:53:8C,-49,11,1,2,1,1,1,0,0,0,0,-94,0,6,1,60690296,0,84,0,0,60.69,384,[84 -64 4 0 0 0 0 0 0 0 0 0 4 -25 6 -24 7 -25 6 -28 7 -26 6 -24 5 -20 8 -17 4 -21 9 -18 7 -20 3 -25 10 -17 10 -20 5 -21 10 -20 4 -23 11 -20 5 -14 6 -21 12 -17 5 -18 11 -14 5 -14 6 -16 4 -18 -4 -1 7 -21 9 -16 7 -17 6 -18 8 -13 3 -16 2 -21 2 -21 8 -16 4 -16 3 -19 2 -18 -2 -18 -2 -20 -1 -19 1 -19 5 -17 3 -20 -1 -17 -1 -20 -2 -15 -3 -13 4 -14 1 -15 3 -21 -4 -16 -4 -4 0 0 0 0 0 0 0 0 ]
CSI_DATA,AP,68:FE:71:12:53:8C,-46,11,1,5,1,1,1,0,0,0,0,-93,0,6,1,60826039,0,84,0,0,60.826,384,[84 -64 4 0 0 0 0 0 0 0 0 0 -20 11 -13 12 -21 10 -21 12 -21 15 -15 11 -15 13 -16 11 -23 12 -17 6 -24 11 -20 8 -23 4 -17 5 -23 5 -15 8 -18 4 -17 6 -19 4 -19 6 -19 9 -18 4 -20 6 -15 10 -16 11 -20 6 3 2 -20 6 -21 11 -16 7 -12 6 -16 3 -13 5 -16 7 -13 5 -18 13 -13 5 -16 12 -18 6 -13 7 -9 7 -10 12 -13 15 -12 12 -15 16 -14 14 -11 7 -16 12 -9 7 -14 16 -8 16 -15 16 -13 16 1 1 0 0 0 0 0 0 0 0 ]
CSI_DATA,AP,68:FE:71:12:53:8C,-46,11,1,4,1,1,1,0,0,0,0,-95,0,6,1,60934704,0,84,0,0,60.935,384,[84 -64 4 0 0 0 0 0 0 0 0 0 -26 1 -19 5 -27 4 -20 -2 -24 2 -22 -4 -20 -4 -19 1 -21 -7 -18 -2 -22 -7 -23 -3 -26 0 -20 -4 -18 -1 -22 -4 -21 -4 -22 -1 -17 -1 -17 -6 -17 -6 -19 -7 -17 -8 -16 0 -15 -7 -20 -2 -4 -3 -17 -1 -16 -4 -18 -3 -21 0 -22 0 -22 0 -19 -3 -15 0 -21 -4 -19 -1 -21 4 -16 -1 -15 3 -16 5 -20 1 -15 7 -22 -2 -14 -1 -14 0 -14 4 -19 -1 -16 4 -21 0 -16 7 -18 2 -19 1 4 2 0 0 0 0 0 0 0 0 ]
CSI_DATA,AP,68:FE:71:12:53:8C,-39,11,1,6,1,1,1,0,0,0,0,-94,0,6,1,61072108,0,84,0,0,61.072,384,[84 -64 4 0 0 0 0 0 0 0 0 0 -12 18 -15 11 -14 17 -18 14 -14 19 -14 13 -15 16 -18 14 -17 16 -18 12 -15 16 -19 12 -20 11 -16 11 -16 13 -16 12 -15 11 -15 14 -15 9 -19 14 -19 8 -12 13 -13 11 -13 10 -20 12 -17 12 -1 -3 -11 10 -13 15 -13 15 -10 11 -11 11 -12 10 -18 10 -15 10 -9 9 -13 8 -9 12 -9 9 -10 10 -11 13 -13 11 -7 13 -10 18 -11 16 -7 12 -5 12 -12 9 -10 12 -11 13 -9 18 -7 12 -5 14 -4 3 0 0 0 0 0 0 0 0 ]
CSI_DATA,AP,68:FE:71:12:53:8C,-43,11,0,0,0,0,0,0,0,0,0,-94,0,6,1,61201426,0,37,0,0,61.201,128,[84 -64 4 0 0 0 0 0 0 0 0 0 -4 -23 -3 -16 -10 -26 -4 -26 -3 -25 -7 -24 2 -20 0 -21 -2 -22 -4 -25 2 -22 3 -17 3 -23 0 -17 3 -19 -1 -23 2 -19 4 -20 0 -14 3 -19 3 -19 -3 -18 -1 -15 5 -15 1 -23 2 -15 -2 -2 4 -17 2 -18 2 -13 -4 -22 -5 -20 -1 -15 3 -15 0 -13 -5 -15 -1 -12 2 -19 -4 -17 -4 -17 -1 -20 -2 -16 -6 -19 -2 -21 0 -20 -6 -20 -6 -13 -2 -13 -5 -21 -8 -15 -4 -22 -1 -15 -5 -17 0 4 0 0 0 0 0 0 0 0 ]
CSI_DATA,AP,68:FE:71:12:53:8C,-47,11,1,3,1,1,1,0,0,0,0,-96,0,6,1,61309539,0,84,0,0,61.31,384,[84 -64 4 0 0 0 0 0 0 0 0 0 17 -16 12 -9 16 -16 21 -8 17 -9 16 -7 15 -8 21 -7 21 -6 19 -10 22 -4 17 -5 19 -10 15 -6 21 -11 22 -4 18 -2 16 -7 15 -6 18 -10 19 -9 15 -2 16 -2 11 -6 14 -9 15 -9 0 -2 17 -6 13 -10 13 -10 18 -8 13 -5 18 -10 10 -4 11 -11 9 -10 16 -6 14 -8 15 -7 13 -12 14 -14 16 -11 16 -14 13 -12 9 -15 12 -11 8 -8 15 -10 14 -14 11 -7 14 -12 12 -10 14 -12 3 -3 0 0 0 0 0 0 0 0 ]
CSI_DATA,AP,68:FE:71:12:53:8C,-44,11,1,3,1,1,1,0,0,0,0,-95,0,6,1,61418555,0,84,0,0,61.419,384,[84 -64 4 0 0 0 0 0 0 0 0 0 17 5 17 6 21 13 15 8 21 13 17 8 18 16 12 9 15 15 9 10 14 10 10 12 17 19 12 12 15 15 13 14 13 9 12 12 12 13 13 12 11 14 14 14 7 17 8 11 9 12 8 15 -3 -2 8 13 14 13 9 11 9 12 9 11 15 11 12 16 8 15 15 14 10 6 16 12 14 12 12 8 8 13 10 13 15 6 16 10 16 10 14 12 15 6 17 4 14 10 12 12 19 7 13 11 15 10 3 1 0 0 0 0 0 0 0 0 ]
CSI_DATA,AP,68:FE:71:12:53:8C,-45,11,1,5,1,1,1,0,0,0,0,-95,0,6,1,61561596,0,84,0,0,61.562,384,[84 -64 4 0 0 0 0 0 0 0 0 0 -6 23 -3 19 -7 24 -7 25 -7 18 -1 18 -9 24 -8 20 -8 19 -4 14 -3 24 -4 18 -5 15 -6 22 -4 16 -10 16 -11 17 -11 12 -3 15 -5 14 -7 19 -10 19 -5 11 -3 21 -10 13 -2 12 -3 -1 -7 12 -6 15 -1 15 -1 14 -7 16 -2 20 -5 13 -2 14 0 14 0 16 2 16 -3 17 -2 15 1 16 2 18 4 13 3 20 1 19 1 17 5 12 3 14 1 17 0 15 0 15 1 12 -1 13 -3 -2 0 0 0 0 0 0 0 0 ]
CSI_DATA,AP,68:FE:71:12:53:8C,-45,11,1,4,1,1,1,0,0,0,0,-95,0,6,1,61651474,0,84,0,0,61.651,384,[84 -64 4 0 0 0 0 0 0 0 0 0 -11 -17 -3 -17 -3 -20 -9 -23 -7 -25 -6 -21 -1 -24 2 -24 -1 -17 -2 -19 2 -19 -2 -19 -2 -25 -2 -17 -2 -24 -1 -25 0 -22 3 -22 0 -21 -1 -16 -1 -22 3 -23 1 -21 1 -14 1 -22 1 -15 4 -4 -1 -15 -1 -22 -4 -18 -7 -14 0 -14 -5 -21 -3 -15 -5 -15 -5 -19 -8 -11 -1 -19 -4 -11 -4 -18 -5 -16 -3 -14 -3 -19 -2 -14 -6 -13 -8 -14 -7 -16 -7 -12 -5 -12 -12 -15 -13 -19 -10 -16 -8 -14 -1 -4 0 0 0 0 0 0 0 0 ]
CSI_DATA,AP,68:FE:71:12:53:8C,-49,11,1,3,1,1,1,0,0,0,0,-95,0,6,1,61762835,0,84,0,0,61.763,384,[84 -64 4 0 0 0 0 0 0 0 0 0 12 -17 11 -20 14 -21 10 -19 9 -13 14 -16 15 -19 12 -16 12 -15 15 -14 16 -17 13 -16 19 -12 18 -12 18 -8 16 -15 16 -16 16 -10 12 -16 10 -7 10 -8 14 -9 9 -15 9 -9 9 -17 11 -13 -3 2 10 -15 12 -14 8 -17 14 -11 11 -10 9 -9 11 -13 10 -15 13 -10 13 -17 11 -15 10 -14 9 -14 12 -14 10 -18 4 -15 8 -20 7 -17 12 -15 6 -18 5 -19 4 -13 7 -14 3 -17 7 -16 10 -14 3 2 0 0 0 0 0 0 0 0 ]
CSI_DATA,AP,68:FE:71:12:53:8C,-46,11,1,5,1,1,1,0,0,0,0,-94,0,6,1,61886138,0,84,0,0,61.886,384,[84 -64 4 0 0 0 0 0 0 0 0 0 10 18 5 15 10 16 7 18 1 21 0 21 5 19 2 22 5 18 1 22 1 19 -1 23 5 24 -1 23 -2 20 -1 16 0 20 1 18 3 21 4 17 4 18 1 14 -3 14 -2 13 4 21 0 18 -1 1 3 16 5 20 3 13 2 14 4 13 4 14 0 19 4 13 6 15 2 18 3 13 3 10 6 17 5 12 7 10 6 17 10 11 4 14 2 16 10 11 9 12 10 15 6 16 12 15 9 9 13 16 0 -4 0 0 0 0 0 0 0 0 ]
CSI_DATA,AP,68:FE:71:12:53:8C,-42,11,0,0,0,0,0,0,0,0,0,-94,0,6,1,62032962,0,37,0,0,62.033,128,[84 -64 4 0 0 0 0 0 0 0 0 0 8 -17 10 -22 9 -21 12 -19 16 -15 10 -13 16 -18 15 -19 14 -14 11 -10 15 -13 10 -15 11 -18 17 -18 13 -12 11 -12 17 -17 16 -11 10 -13 11 -9 9 -9 10 -10 14 -7 10 -15 9 -14 11 -11 3 -4 13 -13 12 -12 10 -12 7 -15 14 -15 15 -11 15 -13 10 -14 12 -15 9 -14 9 -18 11 -15 13 -10 10 -16 6 -16 6 -12 7 -15 8 -19 8 -11 5 -15 11 -16 7 -13 7 -16 4 -18 4 -14 6 -11 0 1 0 0 0 0 0 0 0 0 ]
CSI_DATA,AP,68:FE:71:12:53:8C,-42,11,1,6,1,1,1,0,0,0,0,-93,0,6,1,62126427,0,84,0,0,62.126,384,[84 -64 4 0 0 0 0 0 0 0 0 0 1 -24 -1 -18 2 -21 6 -23 7 -17 7 -18 10 -24 7 -22 9 -17 8 -16 9 -20 2 -22 9 -17 7 -21 12 -17 4 -19 7 -14 7 -19 9 -21 11 -16 11 -13 10 -20 9 -11 5 -21 4 -17 9 -21 -2 -3 2 -18 4 -17 9 -19 4 -19 10 -17 3 -19 6 -17 2 -18 7 -19 7 -13 0 -21 6 -20 3 -18 1 -18 0 -16 2 -22 6 -19 3 -18 3 -22 2 -17 6 -19 -2 -14 3 -16 -2 -19 -1 -13 -4 -13 4 -2 0 0 0 0 0 0 0 0 ]
CSI_DATA,AP,68:FE:71:12:53:8C,-45,11,1,3,1,1,1,0,0,0,0,-95,0,6,1,62269345,0,84,0,0,62.269,384,[84 -64 4 0 0 0 0 0 0 0 0 0 18 12 14 17 12 15 14 13 10 18 7 19 12 20 7 19 11 19 7 13 14 14 8 15 6 20 13 15 12 12 8 17 6 15 9 17 5 18 10 18 6 13 4 20 6 14 4 16 4 15 9 13 2 3 10 16 12 17 6 17 12 13 5 16 8 15 10 13 10 13 14 13 9 8 12 9 7 10 11 15 9 8 10 11 14 9 9 10 10 14 9 7 16 5 7 14 12 13 11 13 16 7 14 9 14 10 2 3 0 0 0 0 0 0 0 0 ]
CSI_DATA,AP,68:FE:71:12:53:8C,-48,11,1,3,1,1,1,0,0,0,0,-93,0,6,1,62383125,0,84,0,0,62.383,384,[84 -64 4 0 0 0 0 0 0 0 0 0 -20 0 -19 -6 -20 -5 -22 -6 -24 -6 -22 -6 -18 -6 -19 -12 -15 -8 -17 -7 -20 -7 -17 -7 -14 -10 -16 -8 -16 -7 -15 -12 -12 -12 -12 -5 -17 -7 -18 -9 -16 -7 -18 -7 -14 -6 -12 -5 -12 -10 -15 -6 -2 1 -12 -9 -12 -6 -16 -3 -12 -9 -12 -9 -13 -5 -16 -10 -11 -6 -17 -8 -10 -4 -16 -6 -16 -4 -12 -4 -16 0 -18 -4 -15 -3 -18 -4 -15 2 -19 -6 -12 -3 -20 1 -15 -4 -19 -2 -18 2 -19 -6 -12 -3 2 2 0 0 0 0 0 0 0 0 ]
CSI_DATA,AP,68:FE:71:12:53:8C,-49,11,1,1,1,1,1,0,0,0,0,-94,0,6,1,62494291,0,84,0,0,62.494,384,[84 -64 4 0 0 0 0 0 0 0 0 0 5 20 -2 23 4 20 -3 21 -5 17 -2 17 -1 20 -5 21 -6 21 -4 18 -8 21 -7 25 -2 19 -8 23 -5 17 -10 23 -8 20 -2 18 -3 18 -5 21 -10 14 -4 21 -10 17 -1 15 -2 20 -1 17 0 4 -5 19 -3 18 1 15 -7 13 -8 15 0 20 -4 21 -6 13 -2 19 -4 15 -3 21 -2 12 0 18 -1 19 2 13 0 17 -4 18 1 13 -3 14 5 14 2 18 -1 15 4 13 6 21 3 17 -2 16 -2 -2 0 0 0 0 0 0 0 0 ]
CSI_DATA,AP,68:FE:71:12:53:8C,-46,11,1,4,1,1,1,0,0,0,0,-94,0,6,1,62597718,0,84,0,0,62.598,384,[84 -64 4 0 0 0 0 0 0 0 0 0 -21 -2 -21 -3 -21 -4 -22 -3 -18 -8 -18 -8 -20 -3 -16 -9 -17 -6 -20 -11 -22 -6 -17 -7 -19 -8 -21 -6 -12 -6 -19 -6 -12 -5 -13 -9 -18 -13 -17 -6 -15 -9 -12 -9 -12 -12 -15 -12 -19 -9 -15 -5 1 -3 -11 -7 -17 -6 -15 -6 -14 -10 -16 -5 -18 -3 -11 -9 -10 -1 -13 -1 -10 0 -19 -8 -10 -9 -10 -5 -10 -4 -15 -8 -18 -7 -20 -6 -11 -7 -14 1 -12 -4 -18 -5 -19 -2 -13 1 -14 -2 -15 -3 -16 2 1 4 0 0 0 0 0 0 0 0 ]
CSI_DATA,AP,68:FE:71:12:53:8C,-45,11,1,5,1,1,1,0,0,0,0,-96,0,6,1,62740852,0,84,0,0,62.741,384,[84 -64 4 0 0 0 0 0 0 0 0 0 5 13 12 9 14 11 7 12 12 15 6 13 9 12 4 9 7 14 10 10 8 11 3 18 3 14 4 12 1 18 8 14 4 15 2 11 7 13 5 17 6 10 2 15 2 16 -1 16 4 16 6 12 -3 0 1 9 3 16 2 14 4 11 7 14 10 16 3 16 4 15 3 12 11 8 6 16 11 9 5 14 12 8 6 7 12 16 7 8 6 13 6 13 10 8 8 15 13 10 6 8 10 13 8 13 13 14 3 2 0 0 0 0 0 0 0 0 ]
CSI_DATA,AP,68:FE:71:12:53:8C,-41,11,1,6,1,1,1,0,0,0,1,-96,0,6,1,62831818,0,84,0,0,62.832,384,[84 -64 4 0 0 0 0 0 0 0 0 0 -2 -7 2 -8 1 -13 6 -8 6 -9 3 -14 -1 -10 2 -8 0 -8 1 -10 5 -11 2 -11 -1 -13 0 -7 1 -9 6 -13 3 -11 7 -13 6 -13 0 -13 5 -5 2 -7 6 -8 -1 -11 0 -13 -1 -6 -1 -3 4 -7 6 -11 6 -9 4 -9 2 -9 2 -12 4 -13 6 -12 1 -9 2 -11 2 -5 4 -6 5 -6 4 -11 -3 -7 2 -5 -2 -6 3 -11 0 -7 1 -7 -3 -12 -1 -9 -4 -6 1 -9 -5 -13 0 -7 1 0 0 0 0 0 0 0 0 0 ]
CSI_DATA,AP,68:FE:71:12:53:8C,-45,11,1,3,1,1,1,0,0,0,0,-96,0,6,1,62932142,0,84,0,0,62.932,384,[84 -64 4 0 0 0 0 0 0 0 0 0 10 -2 16 -3 18 -4 14 -7 19 1 15 -4 16 0 10 1 15 -3 14 2 15 0 10 -4 13 4 18 1 15 2 18 -3 16 1 12 3 10 0 10 3 16 -3 14 1 8 0 12 -3 14 2 13 0 0 0 13 -1 10 3 7 -2 11 1 12 -1 9 -5 7 -1 13 -4 13 0 15 -6 7 -2 7 -2 11 -3 8 2 15 -2 12 -3 10 -2 14 -8 8 -3 7 -5 14 -1 10 -4 6 -9 9 -4 13 -5 7 -5 2 -4 0 0 0 0 0 0 0 0 ]
CSI_DATA,AP,68:FE:71:12:53:8C,-45,11,1,5,1,1,1,0,0,0,0,-95,0,6,1,63048046,0,84,0,0,63.048,384,[84 -64 4 0 0 0 0 0 0 0 0 0 7 -3 6 -2 9 -7 8 -9 10 -8 9 -3 6 -1 5 0 2 -7 4 -6 6 0 7 -1 3 -4 6 -2 5 1 12 1 11 -6 6 -1 8 -3 11 -5 3 1 4 -2 7 -2 8 1 10 -3 7 -7 -4 -4 10 -5 6 -6 10 -6 2 -1 5 -1 7 -3 6 -4 4 1 2 -5 10 0 9 -3 10 -1 5 -3 9 -5 2 -6 4 -9 9 -8 7 -6 4 -7 3 -7 7 -8 4 -7 8 -9 1 -10 3 -3 5 -10 -3 -1 0 0 0 0 0 0 0 0 ]
CSI_DATA,AP,68:FE:71:12:53:8C,-46,11,1,4,1,1,1,1,0,0,0,-95,3,6,1,63200768,0,84,0,0,63.201,384,[84 -64 4 0 0 0 0 0 0 0 0 0 31 3 41 8 31 12 35 5 35 14 37 16 30 15 32 11 33 18 27 11 39 11 31 10 33 10 30 14 33 18 34 20 27 19 25 18 31 18 27 19 29 12 28 21 23 13 27 16 27 14 32 16 0 4 33 10 30 12 27 13 32 8 30 16 25 10 28 8 29 7 29 11 27 4 29 10 33 8 29 6 33 6 32 9 31 12 32 3 27 11 30 4 31 3 31 6 36 11 28 5 37 3 33 7 36 0 -2 0 0 0 0 0 0 0 0 0 ]
CSI_DATA,AP,68:FE:71:12:53:8C,-50,11,1,2,1,1,1,0,0,0,0,-94,0,6,1,63314547,0,84,0,0,63.315,384,[84 -64 4 0 0 0 0 0 0 0 0 0 12 17 15 10 16 10 13 15 16 19 17 14 16 19 13 18 17 15 12 13 9 16 16 17 15 14 8 12 12 19 14 13 9 15 13 10 13 14 14 16 9 14 12 18 12 16 9 13 10 19 5 17 -2 2 11 15 9 12 7 11 7 11 12 10 9 15 9 14 11 10 15 13 8 7 17 12 6 12 9 11 7 11 11 11 12 9 10 8 17 4 12 9 12 10 17 8 17 5 13 11 11 11 13 4 15 4 2 3 0 0 0 0 0 0 0 0 ]
CSI_DATA,AP,68:FE:71:12:53:8C,-42,11,1,5,1,1,1,0,0,0,0,-93,0,6,1,63443296,0,82,0,0,63.443,384,[84 -64 4 0 0 0 0 0 0 0 0 0 -23 -3 -16 4 -22 2 -21 -2 -22 -3 -15 -2 -18 -5 -14 1 -16 -1 -14 -6 -21 -2 -17 -4 -17 -7 -19 -2 -12 -1 -14 -7 -10 0 -17 -7 -16 -3 -13 0 -11 1 -13 -7 -10 -6 -14 -7 -9 -3 -15 0 3 -4 -10 -2 -13 -2 -11 -2 -12 2 -12 3 -7 -4 -9 3 -9 -2 -13 3 -11 7 -12 3 -11 4 -7 0 -14 3 -13 7 -14 4 -12 5 -10 3 -10 5 -8 8 -9 9 -7 6 -9 3 -11 5 -15 11 -10 4 1 0 0 0 0 0 0 0 0 0 ]
CSI_DATA,AP,68:FE:71:12:53:8C,-42,11,1,6,1,1,1,0,0,0,0,-93,0,6,1,63548968,0,84,0,0,63.549,384,[84 -64 4 0 0 0 0 0 0 0 0 0 7 26 0 28 -1 28 1 31 -3 29 0 22 -5 21 -2 21 -5 22 0 18 -8 21 -7 23 -6 20 0 21 0 18 -1 21 -5 20 -6 16 -6 20 -5 15 -5 15 1 13 -5 11 -4 12 -3 11 4 16 4 -2 -1 8 3 15 -2 16 6 11 6 10 2 12 6 8 4 10 9 11 1 12 2 13 4 11 3 9 5 8 10 13 4 7 8 12 8 13 9 8 5 4 6 9 5 9 5 11 8 10 14 4 9 11 -4 3 0 0 0 0 0 0 0 0 ]
CSI_DATA,AP,68:FE:71:12:53:8C,-42,11,1,4,1,1,1,0,0,0,0,-93,0,6,1,63675767,0,82,0,0,63.676,384,[84 -64 4 0 0 0 0 0 0 0 0 0 -26 -19 -26 -20 -27 -21 -26 -24 -25 -25 -22 -23 -22 -20 -19 -19 -22 -22 -17 -20 -14 -22 -17 -22 -17 -19 -17 -21 -12 -15 -18 -20 -18 -14 -13 -17 -15 -16 -13 -16 -12 -10 -13 -12 -10 -8 -9 -9 -10 -8 -9 -14 4 -1 -9 -5 -14 -4 -12 -6 -16 -10 -11 -3 -15 -9 -9 -10 -14 -5 -9 -7 -13 1 -10 1 -10 0 -14 -4 -16 2 -17 -4 -16 -3 -18 -4 -10 2 -17 3 -15 -1 -12 2 -12 0 -15 5 -15 1 -12 1 -8 1 2 -3 0 0 0 0 0 0 0 0 ]
CSI_DATA,AP,68:FE:71:12:53:8C,-46,11,1,3,1,1,1,0,0,0,0,-96,0,6,1,63811619,0,84,0,0,63.812,384,[84 -64 4 0 0 0 0 0 0 0 0 0 2 15 9 13 4 15 -1 22 4 14 0 12 0 19 -1 16 5 19 -2 20 1 21 5 14 4 13 -3 14 0 14 2 16 5 18 -2 11 5 11 3 13 0 18 4 19 2 13 -1 10 -1 19 -1 14 4 -1 -1 12 1 17 6 18 4 10 4 16 -1 18 2 19 6 18 6 17 1 12 4 15 0 13 5 15 0 15 6 19 6 16 8 16 7 15 5 16 0 17 3 17 1 19 3 15 4 16 1 11 6 14 -1 -4 0 0 0 0 0 0 0 0 ]
CSI_DATA,AP,68:FE:71:12:53:8C,-40,11,1,4,1,1,1,0,0,0,0,-93,0,6,1,63919599,0,84,0,0,63.92,384,[84 -64 4 0 0 0 0 0 0 0 0 0 16 6 18 4 18 11 19 11 19 8 21 6 18 7 18 6 19 10 14 12 17 15 15 7 16 13 22 15 19 13 21 12 14 8 19 11 19 15 12 13 19 12 21 15 19 11 17 16 15 14 15 7 -1 2 14 13 15 8 22 13 17 8 19 12 16 10 14 14 13 13 17 12 15 8 18 8 13 10 18 6 21 3 15 3 23 5 19 6 19 9 16 4 17 2 16 5 23 6 19 8 23 9 16 10 14 6 1 -3 0 0 0 0 0 0 0 0 ]
CSI_DATA,AP,68:FE:71:12:53:8C,-45,11,1,3,1,1,1,0,0,0,0,-95,0,6,1,64033685,0,84,0,0,64.034,384,[84 -64 4 0 0 0 0 0 0 0 0 0 -19 -4 -13 -7 -13 -7 -11 -7 -11 -10 -17 -11 -18 -10 -15 -11 -10 -5 -12 -6 -13 -9 -13 -13 -15 -14 -15 -10 -8 -7 -17 -8 -12 -9 -8 -7 -7 -7 -12 -6 -14 -12 -16 -11 -13 -7 -9 -7 -9 -15 -13 -9 2 -2 -11 -7 -9 -9 -17 -13 -10 -8 -11 -13 -13 -9 -14 -13 -11 -8 -9 -10 -16 -7 -11 -7 -14 -8 -14 -11 -11 -9 -16 -9 -13 -8 -16 -10 -19 -2 -12 -10 -15 -9 -15 -7 -11 -7 -16 -10 -19 -3 -11 -6 -15 -3 1 -1 0 0 0 0 0 0 0 0 ]
CSI_DATA,AP,68:FE:71:12:53:8C,-45,11,1,4,1,1,1,0,0,0,0,-93,0,6,1,64158583,0,84,0,0,64.159,384,[84 -64 4 0 0 0 0 0 0 0 0 0 14 13 17 5 13 9 15 16 20 12 13 17 12 16 10 12 15 15 16 17 16 14 13 12 17 18 13 15 17 15 14 16 13 20 13 20 10 16 15 18 12 21 12 15 9 16 15 18 15 15 8 19 4 -4 11 20 17 17 15 17 11 20 14 19 15 19 16 13 14 12 14 16 11 16 15 12 9 13 18 12 18 10 19 15 19 9 16 16 16 11 17 9 12 7 20 8 13 15 19 14 14 12 13 14 19 14 1 2 0 0 0 0 0 0 0 0 ]
CSI_DATA,AP,68:FE:71:12:53:8C,-42,11,1,5,1,1,1,0,0,0,0,-94,0,6,1,64293337,0,84,0,0,64.293,384,[84 -64 4 0 0 0 0 0 0 0 0 0 -18 -14 -20 -13 -17 -8 -20 -9 -14 -9 -15 -14 -13 -13 -14 -13 -16 -17 -18 -17 -11 -12 -17 -15 -10 -20 -17 -18 -9 -18 -13 -22 -10 -21 -11 -14 -12 -15 -8 -20 -7 -22 -10 -21 -12 -20 -9 -16 -17 -17 -9 -16 4 -3 -13 -15 -12 -16 -14 -15 -11 -13 -10 -14 -15 -14 -14 -15 -13 -18 -12 -14 -11 -17 -11 -15 -14 -11 -11 -17 -11 -15 -18 -18 -19 -11 -15 -18 -15 -14 -17 -16 -13 -14 -14 -11 -17 -14 -13 -16 -16 -15 -16 -12 -13 -13 -1 -2 0 0 0 0 0 0 0 0 ]
CSI_DATA,AP,68:FE:71:12:53:8C,-47,11,0,0,0,0,0,0,0,0,0,-96,0,6,1,64410422,0,37,0,0,64.41,128,[84 -64 4 0 0 0 0 0 0 0 0 0 8 22 5 14 8 20 5 21 5 23 5 16 3 20 1 18 8 22 8 17 7 20 9 22 3 17 6 17 5 18 1 16 4 18 1 21 1 18 5 14 1 15 0 18 2 18 2 16 6 18 6 14 1 2 3 13 7 20 8 17 9 11 0 17 8 19 2 14 9 14 6 10 4 9 7 17 8 14 11 17 8 9 5 11 4 17 7 12 11 16 5 15 5 14 11 13 9 8 10 10 11 10 6 16 10 9 3 -1 0 0 0 0 0 0 0 0 ]
CSI_DATA,AP,68:FE:71:12:53:8C,-40,11,1,5,1,1,1,0,0,0,0,-95,0,6,1,64536407,0,84,0,0,64.536,384,[84 -64 4 0 0 0 0 0 0 0 0 0 1 17 -2 15 0 21 -2 19 -3 15 -3 18 -4 14 -9 18 -3 15 -8 17 -3 14 -4 13 -4 15 -4 15 -7 13 -3 18 -7 15 -2 12 -6 14 -7 14 -9 19 -4 15 -4 18 -6 15 -10 17 -2 11 3 -4 -9 15 -5 18 -6 17 -2 13 -3 15 -7 11 -6 14 -6 18 1 12 0 15 -1 17 2 17 -5 15 2 11 -1 13 1 16 0 17 -4 19 -3 10 3 18 3 12 4 13 2 13 1 20 -2 17 0 16 -4 3 0 0 0 0 0 0 0 0 ]
CSI_DATA,AP,68:FE:71:12:53:8C,-41,11,1,5,1,1,1,0,0,0,1,-94,0,6,1,64646066,0,84,0,0,64.646,384,[84 -64 4 0 0 0 0 0 0 0 0 0 18 -3 19 2 20 -1 21 4 19 7 14 6 16 4 19 3 14 4 18 3 15 6 19 2 14 6 18 6 19 5 19 2 10 9 17 9 13 2 10 10 10 3 14 10 13 8 11 10 12 8 11 4 -1 4 17 8 12 1 12 1 15 4 13 1 16 6 14 5 14 0 14 5 16 5 12 5 15 2 13 2 13 -1 13 -2 16 0 14 4 15 -3 12 -3 17 1 17 -4 14 3 12 -2 18 0 11 -6 15 1 -1 1 0 0 0 0 0 0 0 0 ]
CSI_DATA,AP,68:FE:71:12:53:8C,-42,11,1,4,1,1,1,0,0,0,0,-96,0,6,1,64755272,0,84,0,0,64.755,384,[84 -64 4 0 0 0 0 0 0 0 0 0 9 20 4 16 9 15 9 19 9 14 6 19 1 23 6 15 5 15 4 14 5 22 5 22 3 20 1 20 3 22 2 18 0 22 -1 15 -3 20 5 14 6 17 -2 18 -1 15 2 12 3 15 5 15 0 0 6 19 4 19 6 19 3 18 1 11 3 11 4 14 5 18 1 11 7 14 6 16 6 12 3 16 9 12 6 12 2 16 11 10 4 13 3 9 3 8 11 8 6 13 10 14 11 14 6 12 9 9 1 2 0 0 0 0 0 0 0 0 ]
CSI_DATA,AP,68:FE:71:12:53:8C,-41,11,1,4,1,1,1,0,0,0,0,-93,0,6,1,64863530,0,84,0,0,64.864,384,[84 -64 4 0 0 0 0 0 0 0 0 0 0 -19 3 -15 9 -14 5 -23 6 -16 11 -16 6 -14 4 -15 10 -15 11 -14 11 -14 9 -12 7 -16 11 -20 7 -13 6 -16 7 -16 8 -12 8 -18 7 -15 5 -13 7 -10 7 -18 5 -18 8 -15 8 -13 2 3 7 -16 5 -17 6 -11 3 -14 8 -15 7 -15 9 -11 7 -12 3 -17 3 -15 4 -11 8 -17 8 -18 5 -14 2 -16 2 -15 6 -19 5 -19 7 -18 4 -19 4 -16 3 -19 2 -14 4 -14 2 -14 3 -14 1 0 0 0 0 0 0 0 0 0 ]
CSI_DATA,AP,68:FE:71:12:53:8C,-43,11,1,4,1,1,1,1,0,0,0,-94,2,6,1,64986630,0,84,0,0,64.987,384,[84 -64 4 0 0 0 0 0 0 0 0 0 15 10 10 15 14 12 17 10 17 13 16 12 10 17 14 11 9 16 16 10 13 11 10 9 8 12 13 17 13 9 8 12 7 14 14 8 13 11 8 9 8 12 14 16 12 14 10 8 10 13 9 9 0 -2 13 8 8 12 9 10 6 5 6 11 10 7 10 10 8 7 8 9 11 6 10 6 8 7 9 11 13 6 13 5 16 8 11 8 8 5 8 6 13 5 13 5 11 9 11 9 11 2 13 7 15 2 4 -3 0 0 0 0 0 0 0 0 ]
CSI_DATA,AP,68:FE:71:12:53:8C,-47,11,1,5,1,1,1,0,0,0,0,-94,0,6,1,65108075,0,84,0,0,65.108,384,[84 -64 4 0 0 0 0 0 0 0 0 0 4 -17 -1 -18 1 -17 5 -19 5 -18 9 -15 10 -21 8 -20 6 -20 9 -19 10 -16 6 -19 12 -17 6 -14 11 -20 7 -17 5 -15 6 -17 11 -20 3 -20 7 -17 11 -15 4 -17 7 -20 10 -16 6 -18 -1 -2 3 -15 3 -14 1 -15 4 -12 7 -15 3 -19 9 -11 4 -11 7 -19 7 -15 3 -13 5 -18 6 -19 3 -20 6 -13 2 -12 7 -13 -1 -20 5 -16 -1 -17 -3 -14 -2 -20 -3 -21 -4 -21 -1 -14 -1 -15 -4 0 0 0 0 0 0 0 0 0 ]
CSI_DATA,AP,68:FE:71:12:53:8C,-43,11,0,0,0,0,0,0,0,0,0,-94,0,6,1,65232581,0,37,0,0,65.233,128,[84 -64 4 0 0 0 0 0 0 0 0 0 -4 23 -8 21 -10 22 -8 15 -8 20 -11 13 -9 16 -7 13 -9 12 -7 14 -13 17 -11 16 -9 19 -10 20 -14 16 -12 16 -9 13 -14 10 -14 16 -14 14 -12 10 -13 17 -7 11 -13 10 -10 11 -11 11 -2 -2 -11 13 -10 19 -11 18 -10 16 -4 12 -10 15 -10 18 -3 10 -11 17 -9 13 -5 17 -3 18 -2 17 -1 17 -3 11 -6 16 -7 19 0 11 -5 13 -6 16 0 12 -1 16 -6 19 -5 17 -4 11 -3 19 0 3 0 0 0 0 0 0 0 0 ]
CSI_DATA,AP,68:FE:71:12:53:8C,-48,11,1,5,1,1,1,0,0,0,0,-95,0,6,1,65348147,0,84,0,0,65.348,384,[84 -64 4 0 0 0 0 0 0 0 0 0 -8 40 -2 45 -16 46 -31 64 -13 52 -18 45 -23 50 -16 31 -18 52 -17 44 -46 48 -50 55 -40 49 -39 53 -31 47 -54 48 -53 36 -26 25 -37 37 -36 40 -28 42 -48 39 -25 33 -44 38 -48 39 -39 38 -3 -1 -51 39 -35 47 -41 45 -43 50 -30 41 -32 40 -40 46 -29 40 -29 38 -23 41 -26 49 -20 43 -17 43 -22 49 -27 47 -25 53 -33 47 -16 50 -23 54 -10 50 -15 44 -21 51 -16 52 -6 55 -10 45 -6 50 -3 -4 0 0 0 0 0 0 0 0 ]
CSI_DATA,AP,68:FE:71:12:53:8C,-43,11,1,4,1,1,1,0,0,0,0,-94,0,6,1,65473962,0,84,0,0,65.474,384,[84 -64 4 0 0 0 0 0 0 0 0 0 -10 15 -9 14 -9 13 -14 15 -6 13 -11 10 -13 16 -14 14 -9 15 -15 16 -13 15 -9 15 -14 14 -15 11 -12 13 -11 15 -8 11 -12 7 -15 8 -12 15 -13 15 -9 13 -11 6 -15 13 -15 14 -13 9 2 0 -7 15 -8 10 -8 8 -7 10 -6 11 -6 13 -12 10 -12 10 -12 11 -10 9 -11 13 -9 10 -3 9 -11 9 -7 16 -9 16 -10 17 -10 16 -9 17 -10 16 -4 8 -1 10 -9 16 -5 14 -2 12 -1 11 4 4 0 0 0 0 0 0 0 0 ]
CSI_DATA,AP,68:FE:71:12:53:8C,-46,11,1,3,1,1,1,0,0,0,0,-94,0,6,1,65610378,0,84,0,0,65.61,384,[84 -64 4 0 0 0 0 0 0 0 0 0 12 -8 16 -12 13 -8 17 -9 20 -9 19 -13 16 -12 18 -5 16 -5 17 -12 17 -12 18 -4 13 -6 18 -11 17 -10 18 -3 17 -6 11 -8 13 -7 11 -7 10 -2 17 -9 10 -9 10 -9 18 -3 12 -8 1 3 14 -3 16 -7 10 -9 11 -10 13 -10 15 -11 10 -10 16 -7 15 -7 8 -6 13 -10 13 -4 9 -5 9 -5 7 -7 12 -10 14 -9 8 -13 15 -11 9 -7 8 -6 12 -12 12 -6 12 -12 10 -14 8 -6 0 0 0 0 0 0 0 0 0 0 ]
CSI_DATA,AP,68:FE:71:12:53:8C,-46,11,1,3,1,1,1,0,0,0,0,-94,0,6,1,65708703,0,84,0,0,65.709,384,[84 -64 4 0 0 0 0 0 0 0 0 0 7 -21 5 -23 4 -23 7 -17 2 -20 3 -22 8 -18 12 -22 12 -17 12 -15 13 -16 12 -16 6 -17 11 -14 11 -19 9 -20 12 -17 9 -13 8 -17 8 -19 13 -15 6 -13 8 -14 9 -19 11 -16 4 -17 0 3 9 -17 8 -14 9 -17 5 -10 10 -13 8 -12 9 -19 8 -15 9 -12 9 -14 7 -14 8 -17 5 -16 2 -16 4 -19 5 -18 2 -13 0 -19 6 -16 -3 -12 4 -20 5 -14 5 -15 1 -14 -3 -20 1 -17 0 3 0 0 0 0 0 0 0 0 ]
CSI_DATA,AP,68:FE:71:12:53:8C,-45,11,1,3,1,1,1,1,0,0,0,-94,6,6,1,65807925,0,84,0,0,65.808,384,[84 -64 4 0 0 0 0 0 0 0 0 0 8 -18 9 -13 17 -12 17 -10 18 -14 18 -11 10 -11 14 -13 16 -12 10 -12 11 -8 16 -8 12 -9 12 -11 12 -8 10 -11 10 -5 13 -5 13 -6 13 -3 16 -3 17 -8 16 -6 10 -4 15 -7 9 -11 -2 -3 9 -6 14 -6 13 -5 11 -9 15 -12 9 -5 7 -9 6 -10 11 -12 9 -12 13 -14 9 -6 7 -7 8 -10 5 -11 8 -9 12 -12 11 -14 11 -14 10 -11 11 -13 13 -11 8 -8 5 -13 12 -13 6 -11 -3 3 0 0 0 0 0 0 0 0 ]
CSI_DATA,AP,68:FE:71:12:53:8C,-45,11,1,4,1,1,1,0,0,0,0,-94,0,6,1,65921451,0,84,0,0,65.921,384,[84 -64 4 0 0 0 0 0 0 0 0 0 -11 11 -10 14 -10 18 -17 10 -11 15 -11 8 -13 8 -16 10 -16 13 -18 13 -14 14 -16 6 -12 6 -12 12 -17 5 -17 9 -12 11 -18 13 -14 4 -15 12 -19 6 -14 12 -14 7 -14 5 -11 13 -16 10 0 -4 -14 12 -14 9 -10 13 -11 12 -17 8 -11 8 -16 5 -15 13 -9 9 -14 13 -13 10 -11 9 -14 7 -13 15 -13 10 -6 10 -6 15 -11 11 -14 17 -9 10 -12 12 -14 11 -9 12 -10 15 -13 9 -10 14 -1 3 0 0 0 0 0 0 0 0 ]
CSI_DATA,AP,68:FE:71:12:53:8C,-47,11,1,5,1,1,1,1,0,0,0,-93,2,6,1,66020477,0,84,0,0,66.02,384,[84 -64 4 0 0 0 0 0 0 0 0 0 11 14 8 21 10 17 11 18 5 18 7 16 9 16 10 15 10 14 4 18 4 21 4 17 3 14 1 22 1 16 4 20 3 15 8 15 5 17 1 14 3 21 3 17 3 20 8 17 8 18 8 19 1 -1 4 12 2 13 3 19 3 15 4 16 4 16 10 11 6 17 3 11 5 10 3 10 7 12 6 11 7 16 8 15 12 14 10 9 12 9 11 14 9 11 10 11 10 15 9 10 10 12 10 13 14 14 0 -4 0 0 0 0 0 0 0 0 ]
CSI_DATA,AP,68:FE:71:12:53:8C,-44,11,0,0,0,0,0,0,0,0,0,-94,0,6,1,66134443,0,37,0,0,66.134,128,[84 -64 4 0 0 0 0 0 0 0 0 0 -41 9 -43 12 -41 4 -41 8 -42 7 -43 2 -39 3 -43 -2 -39 -1 -45 -1 -42 1 -43 -2 -46 1 -37 -4 -35 -6 -46 -2 -34 -1 -38 1 -38 -5 -39 -4 -40 -6 -40 0 -38 -1 -38 -3 -34 -3 -35 2 -2 -1 -37 -3 -38 2 -30 4 -37 -1 -32 -5 -31 1 -35 0 -32 -2 -33 -1 -29 4 -33 9 -34 6 -30 3 -33 2 -29 8 -28 8 -31 8 -33 7 -34 6 -32 10 -33 8 -30 12 -32 10 -35 13 -36 13 -27 10 -2 3 0 0 0 0 0 0 0 0 ]
CSI_DATA,AP,68:FE:71:12:53:8C,-48,11,1,4,1,1,1,0,0,0,0,-96,0,6,1,66217269,0,84,0,0,66.217,384,[84 -64 4 0 0 0 0 0 0 0 0 0 -17 -6 -21 -8 -17 -10 -24 -5 -20 -3 -16 -12 -17 -6 -16 -8 -22 -12 -13 -10 -17 -5 -21 -11 -13 -5 -19 -9 -20 -7 -12 -13 -12 -7 -18 -9 -18 -7 -17 -9 -12 -6 -13 -9 -11 -7 -15 -5 -18 -9 -19 -12 3 -1 -15 -5 -13 -3 -19 -11 -18 -7 -14 -6 -12 -11 -12 -9 -11 -3 -19 -6 -18 -1 -18 -4 -19 0 -12 -3 -17 -8 -16 -6 -14 -5 -20 -5 -12 -6 -17 -1 -20 -2 -16 -2 -17 3 -21 -2 -18 3 -16 1 -17 2 -2 -4 0 0 0 0 0 0 0 0 ]
CSI_DATA,AP,68:FE:71:12:53:8C,-45,11,1,3,1,1,1,0,0,0,1,-95,0,6,1,66373049,0,84,0,0,66.373,384,[84 -64 4 0 0 0 0 0 0 0 0 0 -1 -24 5 -23 5 -22 3 -17 1 -20 3 -19 9 -16 4 -20 9 -18 6 -16 7 -17 7 -22 4 -17 5 -14 8 -17 10 -20 7 -17 10 -19 8 -19 10 -19 5 -14 7 -17 9 -17 8 -12 7 -15 4 -14 1 4 10 -14 5 -17 3 -13 3 -13 5 -16 2 -16 6 -18 2 -13 7 -14 4 -20 2 -13 6 -18 7 -16 2 -20 5 -17 2 -17 0 -18 -2 -16 0 -14 1 -20 2 -16 -3 -13 4 -16 1 -18 2 -14 0 -14 2 1 0 0 0 0 0 0 0 0 ]
CSI_DATA,AP,68:FE:71:12:53:8C,-47,11,1,4,1,1,1,0,0,0,0,-95,0,6,1,66491880,0,84,0,0,66.492,384,[84 -64 4 0 0 0 0 0 0 0 0 0 -2 -19 1 -20 -1 -22 1 -19 -1 -18 -1 -20 -4 -20 -1 -23 -2 -18 4 -19 4 -23 4 -20 5 -20 4 -23 2 -24 0 -17 2 -20 5 -17 4 -20 5 -21 6 -21 1 -22 3 -12 5 -22 4 -14 4 -19 3 -1 6 -13 2 -17 1 -19 -3 -18 -2 -20 -2 -19 -1 -19 -4 -15 1 -20 -4 -14 1 -13 -2 -20 2 -16 1 -13 -4 -17 2 -19 0 -16 -7 -15 -6 -16 -1 -16 1 -13 -3 -18 -5 -19 -3 -19 -4 -19 -1 -16 -2 -4 0 0 0 0 0 0 0 0 ]
CSI_DATA,AP,68:FE:71:12:53:8C,-46,11,1,4,1,1,1,0,0,0,0,-94,0,6,1,66615684,0,84,0,0,66.616,384,[84 -64 4 0 0 0 0 0 0 0 0 0 -2 15 -4 17 4 23 -3 25 1 18 1 24 1 24 1 22 -5 22 -4 16 -4 22 0 20 -7 22 -5 15 -6 19 -8 16 -9 16 -8 18 -1 20 -2 20 -9 13 -1 12 -5 10 -5 13 -7 17 -7 19 -3 -1 -6 18 -8 20 0 16 1 16 -6 15 -2 13 -7 16 0 15 -3 16 0 12 -1 20 0 11 -4 18 1 12 4 14 2 19 -4 19 6 19 1 15 0 18 5 16 1 16 7 15 0 17 6 12 2 19 -2 -2 0 0 0 0 0 0 0 0 ]
CSI_DATA,AP,68:FE:71:12:53:8C,-45,11,1,5,1,1,1,0,0,0,0,-93,0,6,1,66724583,0,84,0,0,66.725,384,[84 -64 4 0 0 0 0 0 0 0 0 0 3 -24 3 -24 2 -25 9 -20 11 -25 5 -19 5 -18 7 -14 10 -23 10 -16 13 -17 13 -20 7 -20 12 -21 10 -13 10 -17 11 -21 11 -17 6 -13 9 -18 6 -19 5 -15 10 -16 8 -14 5 -14 6 -12 2 -4 8 -20 3 -13 7 -14 8 -13 4 -18 6 -20 5 -17 4 -15 1 -13 2 -15 7 -20 1 -13 6 -20 5 -17 0 -17 5 -17 0 -18 -3 -18 4 -21 -4 -15 -1 -13 -4 -20 1 -14 -3 -22 4 -16 3 -16 -2 -4 0 0 0 0 0 0 0 0 ]
CSI_DATA,AP,68:FE:71:12:53:8C,-46,11,1,5,1,1,1,0,0,0,0,-94,0,6,1,66834721,0,84,0,0,66.835,384,[84 -64 4 0 0 0 0 0 0 0 0 0 20 8 20 4 19 1 18 4 20 10 18 7 19 10 17 10 16 7 17 8 16 5 15 8 17 10 18 10 21 12 15 8 18 6 17 12 16 12 14 11 14 11 20 6 18 10 20 13 13 11 15 6 -1 3 14 5 13 11 19 6 13 9 13 4 18 6 19 6 19 8 12 6 13 9 14 5 17 6 19 2 14 2 13 3 19 2 18 6 17 2 18 5 12 0 16 5 18 0 15 3 16 -2 18 -1 18 -1 2 1 0 0 0 0 0 0 0 0 ]
CSI_DATA,AP,68:FE:71:12:53:8C,-44,11,1,3,1,1,1,0,0,0,0,-96,0,6,1,66930601,0,84,0,0,66.931,384,[84 -64 4 0 0 0 0 0 0 0 0 0 -12 17 -11 21 -11 13 -15 15 -14 18 -18 11 -13 12 -12 16 -18 14 -17 13 -15 15 -19 18 -18 15 -18 12 -12 10 -22 8 -12 10 -13 9 -16 6 -13 12 -12 8 -14 12 -18 6 -15 10 -15 14 -18 9 -1 1 -15 9 -12 14 -17 9 -14 9 -13 14 -16 14 -9 15 -11 9 -8 13 -13 16 -9 11 -11 14 -9 12 -12 16 -7 9 -10 16 -15 17 -8 11 -8 16 -13 18 -11 11 -14 13 -9 16 -11 16 -13 19 -5 18 -3 2 0 0 0 0 0 0 0 0 ]
CSI_DATA,AP,68:FE:71:12:53:8C,-48,11,1,4,1,1,1,0,0,0,0,-94,0,6,1,67029653,0,84,0,0,67.03,384,[84 -64 4 0 0 0 0 0 0 0 0 0 5 -18 9 -23 7 -21 9 -20 15 -15 10 -13 12 -21 13 -18 13 -20 13 -15 10 -22 9 -19 13 -20 17 -13 11 -19 12 -12 14 -14 11 -10 10 -13 17 -18 15 -16 16 -10 10 -11 9 -18 13 -19 14 -15 2 -2 7 -13 10 -12 7 -14 6 -11 13 -17 11 -16 14 -14 4 -18 5 -17 3 -16 7 -15 9 -12 4 -19 9 -15 8 -14 3 -13 10 -13 2 -19 10 -17 1 -12 4 -20 1 -14 7 -14 7 -15 4 -15 -1 -15 4 -3 0 0 0 0 0 0 0 0 ]
CSI_DATA,AP,68:FE:71:12:53:8C,-46,11,1,5,1,1,1,0,0,0,0,-95,0,6,1,67152247,0,84,0,0,67.152,384,[84 -64 4 0 0 0 0 0 0 0 0 0 -24 1 -22 6 -25 2 -19 2 -23 1 -20 5 -20 0 -22 2 -21 3 -18 -3 -25 -5 -23 2 -22 -1 -25 -6 -22 -7 -26 -3 -23 -7 -22 1 -23 -1 -23 -8 -21 0 -19 -7 -16 -5 -17 -1 -21 -3 -16 -4 0 -1 -19 2 -16 -4 -16 -2 -16 3 -16 2 -18 -1 -17 0 -15 3 -16 -5 -15 5 -15 -1 -15 1 -15 4 -13 6 -16 -1 -17 1 -18 3 -19 5 -14 1 -17 4 -20 -2 -20 -2 -18 0 -16 4 -13 8 -20 9 -3 3 0 0 0 0 0 0 0 0 ]
CSI_DATA,AP,68:FE:71:12:53:8C,-44,11,1,5,1,1,1,1,0,0,0,-96,4,6,1,67262525,0,84,0,0,67.263,384,[84 -64 4 0 0 0 0 0 0 0 0 0 -14 18 -15 20 -15 17 -19 22 -14 15 -16 13 -19 18 -18 11 -13 10 -14 11 -20 18 -18 17 -17 12 -15 10 -14 14 -19 11 -19 14 -14 14 -19 16 -14 14 -18 10 -11 8 -18 12 -18 11 -12 14 -18 10 0 2 -14 8 -16 12 -9 12 -16 17 -13 9 -16 12 -16 10 -15 10 -8 17 -10 11 -12 15 -6 14 -12 18 -8 11 -14 13 -7 11 -7 19 -8 17 -7 15 -3 12 -7 15 -5 12 -5 17 -6 20 -3 17 -5 11 -1 -3 0 0 0 0 0 0 0 0 ]
CSI_DATA,AP,68:FE:71:12:53:8C,-48,11,1,3,1,1,1,0,0,0,0,-94,0,6,1,67391590,0,84,0,0,67.392,384,[84 -64 4 0 0 0 0 0 0 0 0 0 18 2 15 3 20 3 23 5 24 6 23 4 19 5 15 2 23 4 22 9 18 4 21 6 16 10 16 8 17 10 16 8 14 10 19 8 14 8 15 4 14 2 12 7 12 3 19 10 19 7 18 3 -1 2 16 3 16 7 14 1 17 -1 17 2 15 1 12 4 19 0 15 -1 13 1 14 2 13 4 15 -3 18 0 20 4 14 -3 19 -5 13 -2 15 -2 12 0 17 -6 19 -4 16 0 17 -4 19 -3 11 -3 -3 1 0 0 0 0 0 0 0 0 ]
CSI_DATA,AP,68:FE:71:12:53:8C,-47,11,1,5,1,1,1,0,0,0,1,-95,0,6,1,67506584,0,84,0,0,67.507,384,[84 -64 4 0 0 0 0 0 0 0 0 0 -19 -8 -14 -10 -14 -10 -19 -18 -12 -18 -17 -13 -14 -18 -15 -14 -11 -12 -8 -18 -10 -18 -12 -21 -11 -19 -8 -14 -8 -16 -8 -20 -8 -12 -14 -16 -10 -12 -10 -18 -12 -11 -9 -12 -10 -18 -7 -18 -6 -19 -9 -15 -4 0 -8 -12 -11 -18 -8 -12 -8 -15 -14 -14 -16 -10 -11 -16 -14 -16 -8 -10 -11 -11 -9 -11 -13 -14 -13 -11 -17 -15 -11 -8 -16 -15 -13 -10 -12 -13 -16 -7 -11 -12 -11 -8 -14 -10 -12 -6 -13 -6 -13 -10 -13 -6 -2 2 0 0 0 0 0 0 0 0 ]
CSI_DATA,AP,68:FE:71:12:53:8C,-44,11,1,4,1,1,1,0,0,0,0,-96,0,6,1,67625252,0,84,0,0,67.625,384,[84 -64 4 0 0 0 0 0 0 0 0 0 -4 -21 4 -20 -2 -21 1 -22 3 -18 6 -17 -2 -23 4 -19 6 -16 5 -16 0 -25 2 -25 2 -24 6 -16 6 -20 9 -18 7 -16 3 -17 5 -20 7 -15 8 -17 6 -22 2 -20 3 -19 3 -15 0 -15 1 -3 1 -15 -1 -21 2 -16 -1 -15 2 -17 5 -22 5 -22 -1 -14 0 -20 1 -17 1 -15 -4 -13 3 -19 -2 -13 -1 -21 -1 -21 2 -17 -2 -16 -3 -16 -4 -12 -5 -18 2 -15 -3 -18 -5 -18 -3 -17 -2 -14 2 3 0 0 0 0 0 0 0 0 ]
CSI_DATA,AP,68:FE:71:12:53:8C,-49,11,1,2,1,1,1,0,0,0,0,-94,0,6,1,67724302,0,84,0,0,67.724,384,[84 -64 4 0 0 0 0 0 0 0 0 0 -19 13 -19 7 -17 9 -20 6 -26 7 -22 4 -23 1 -22 6 -20 2 -19 6 -22 7 -24 2 -22 8 -20 2 -19 0 -19 0 -23 3 -22 5 -20 5 -16 -2 -18 1 -22 -1 -14 4 -18 2 -22 5 -21 4 -2 2 -21 2 -18 4 -21 4 -16 0 -21 -1 -16 2 -21 5 -15 0 -16 9 -20 9 -19 3 -17 4 -12 2 -14 3 -21 7 -15 4 -21 7 -19 4 -12 9 -18 6 -16 6 -14 8 -15 4 -16 8 -17 11 -18 10 3 1 0 0 0 0 0 0 0 0 ]
CSI_DATA,AP,68:FE:71:12:53:8C,-43,11,1,4,1,1,1,0,0,0,0,-95,0,6,1,67878304,0,84,0,0,67.878,384,[84 -64 4 0 0 0 0 0 0 0 0 0 -2 -23 -3 -17 0 -19 -3 -21 -4 -21 -1 -24 1 -25 3 -17 3 -24 3 -22 6 -24 1 -18 5 -19 3 -24 1 -23 2 -16 7 -15 0 -18 7 -17 6 -18 0 -16 1 -19 0 -13 1 -18 4 -17 5 -20 2 2 6 -17 1 -17 4 -21 2 -16 5 -15 3 -21 -1 -16 -2 -14 -2 -13 -5 -13 -1 -16 2 -16 -1 -15 3 -13 -4 -20 1 -15 -6 -20 -3 -21 -6 -19 -4 -18 -7 -19 -4 -19 -7 -18 -8 -16 -3 -21 -4 -18 -3 -2 0 0 0 0 0 0 0 0 ]
CSI_DATA,AP,68:FE:71:12:53:8C,-41,11,1,4,1,1,1,0,0,0,0,-94,0,6,1,68011042,0,84,0,0,68.011,384,[84 -64 4 0 0 0 0 0 0 0 0 0 -18 7 -19 10 -16 5 -19 4 -24 5 -18 3 -19 3 -24 6 -20 6 -19 6 -21 1 -22 7 -24 -1 -24 4 -20 1 -22 6 -22 4 -22 0 -15 -1 -20 2 -20 -1 -23 -1 -16 -1 -20 5 -23 3 -17 -2 1 -2 -20 -1 -16 6 -13 3 -19 2 -16 6 -14 7 -21 5 -18 5 -16 8 -16 7 -20 6 -13 9 -17 9 -13 4 -16 8 -16 11 -19 10 -19 9 -20 11 -17 9 -16 7 -19 11 -16 5 -19 8 -16 4 -11 10 -4 1 0 0 0 0 0 0 0 0 ]
CSI_DATA,AP,68:FE:71:12:53:8C,-43,11,1,4,1,1,1,0,0,0,1,-94,0,6,1,68126798,0,84,0,0,68.127,384,[84 -64 4 0 0 0 0 0 0 0 0 0 -15 -14 -12 -11 -14 -10 -15 -18 -19 -17 -15 -15 -12 -13 -13 -20 -16 -21 -9 -12 -15 -21 -14 -22 -8 -22 -8 -13 -12 -13 -13 -21 -9 -16 -14 -19 -14 -14 -14 -19 -12 -18 -9 -21 -5 -18 -8 -17 -9 -21 -6 -16 0 -1 -11 -13 -8 -16 -6 -16 -10 -16 -12 -12 -15 -16 -11 -17 -11 -13 -11 -10 -13 -15 -8 -15 -9 -12 -16 -12 -15 -10 -13 -14 -9 -13 -8 -14 -12 -8 -17 -11 -14 -14 -11 -9 -12 -10 -9 -12 -17 -13 -16 -9 -10 -8 -1 2 0 0 0 0 0 0 0 0 ]
CSI_DATA,AP,68:FE:71:12:53:8C,-46,11,1,4,1,1,1,0,0,0,0,-93,0,6,1,68249082,0,84,0,0,68.249,384,[84 -64 4 0 0 0 0 0 0 0 0 0 17 12 13 16 18 16 18 13 16 18 12 18 13 20 7 15 6 20 9 18 12 15 7 18 13 17 6 19 7 20 8 20 9 14 7 16 6 19 11 14 7 17 9 18 10 16 5 18 10 14 9 12 1 4 12 14 10 13 7 14 8 9 12 13 14 17 9 10 8 9 14 14 11 9 11 16 7 14 7 9 15 13 11 12 11 15 11 11 14 11 8 10 11 7 10 11 14 13 11 8 18 7 9 4 10 6 4 1 0 0 0 0 0 0 0 0 ]
CSI_DATA,AP,68:FE:71:12:53:8C,-46,11,1,4,1,1,1,0,0,0,0,-95,0,6,1,68361213,0,84,0,0,68.361,384,[84 -64 4 0 0 0 0 0 0 0 0 0 -7 -26 -5 -18 -4 -25 -2 -18 5 -22 -3 -22 3 -18 2 -18 4 -18 4 -21 0 -21 1 -19 6 -20 7 -19 8 -21 8 -24 1 -16 8 -20 0 -22 2 -16 7 -18 1 -21 4 -14 8 -20 8 -17 6 -21 -2 4 7 -15 -1 -22 2 -20 2 -14 2 -14 6 -20 4 -21 2 -18 1 -13 1 -18 -1 -16 -3 -18 4 -18 1 -17 1 -16 -3 -21 -4 -16 2 -21 2 -22 -7 -18 -1 -22 -1 -15 -1 -15 -5 -18 -2 -15 -3 -21 1 -3 0 0 0 0 0 0 0 0 ]
CSI_DATA,AP,68:FE:71:12:53:8C,-45,11,1,3,1,1,1,0,0,0,0,-95,0,6,1,68487530,0,84,0,0,68.488,384,[84 -64 4 0 0 0 0 0 0 0 0 0 -18 -16 -14 -13 -12 -15 -14 -17 -15 -18 -10 -13 -12 -14 -11 -21 -13 -19 -8 -18 -8 -16 -5 -22 -8 -22 -11 -20 -4 -17 -11 -19 -9 -21 -6 -18 -11 -13 -9 -20 -3 -14 -7 -16 -8 -13 -4 -13 -6 -19 -9 -20 -3 -1 -9 -18 -5 -19 -12 -13 -9 -14 -4 -11 -6 -18 -13 -16 -10 -15 -9 -17 -13 -18 -6 -17 -10 -18 -11 -14 -7 -9 -14 -15 -12 -10 -8 -16 -13 -10 -14 -15 -16 -11 -8 -15 -11 -12 -9 -11 -14 -12 -10 -8 -11 -10 -3 4 0 0 0 0 0 0 0 0 ]
CSI_DATA,AP,68:FE:71:12:53:8C,-46,11,1,5,1,1,1,0,0,0,0,-96,0,6,1,68589398,0,84,0,0,68.589,384,[84 -64 4 0 0 0 0 0 0 0 0 0 9 -18 9 -13 15 -14 13 -18 17 -10 10 -12 16 -16 18 -9 19 -8 14 -13 19 -17 16 -11 17 -10 19 -13 17 -11 18 -14 15 -7 17 -6 15 -9 18 -9 12 -9 14 -10 9 -5 14 -13 11 -8 14 -8 4 -1 10 -9 11 -11 9 -8 9 -13 15 -14 14 -9 11 -10 9 -13 10 -13 11 -10 9 -13 7 -14 6 -15 7 -13 12 -14 12 -13 7 -17 11 -11 13 -16 8 -14 11 -15 11 -9 11 -11 10 -12 10 -11 8 -16 -2 2 0 0 0 0 0 0 0 0 ]
CSI_DATA,AP,68:FE:71:12:53:8C,-45,11,1,5,1,1,1,0,0,0,1,-95,0,6,1,68677017,0,84,0,0,68.677,384,[84 -64 4 0 0 0 0 0 0 0 0 0 17 6 18 10 21 3 16 10 15 9 12 13 14 6 18 9 17 7 11 8 15 11 18 10 14 7 19 11 18 6 10 8 14 7 9 10 13 7 10 9 17 7 15 8 15 9 8 5 9 7 14 10 4 2 11 4 14 12 17 7 12 5 12 9 16 5 9 7 11 3 17 7 15 6 13 7 16 1 14 6 18 7 17 5 14 1 10 1 12 0 15 8 15 -2 15 0 17 8 18 4 13 1 16 5 18 4 4 -3 0 0 0 0 0 0 0 0 ]
CSI_DATA,AP,68:FE:71:12:53:8C,-44,11,1,5,1,1,1,0,0,0,0,-95,0,6,1,68797892,0,84,0,0,68.798,384,[84 -64 4 0 0 0 0 0 0 0 0 0 -15 14 -16 8 -20 8 -21 6 -19 7 -17 11 -21 2 -24 7 -18 8 -15 7 -24 3 -17 3 -17 1 -21 2 -18 8 -23 8 -20 5 -18 5 -17 -1 -15 3 -21 5 -22 1 -21 2 -20 7 -21 7 -21 3 4 -1 -19 5 -19 3 -16 2 -20 7 -19 1 -18 8 -20 9 -15 7 -14 10 -19 9 -18 8 -11 7 -13 6 -11 5 -18 11 -20 12 -19 9 -15 10 -12 7 -15 11 -15 10 -16 12 -14 9 -18 14 -11 14 -16 8 -4 4 0 0 0 0 0 0 0 0 ]
CSI_DATA,AP,68:FE:71:12:53:8C,-44,11,1,5,1,1,1,0,0,0,0,-95,0,6,1,68921646,0,84,0,0,68.922,384,[84 -64 4 0 0 0 0 0 0 0 0 0 -5 18 -2 21 -5 17 -7 20 -8 20 -7 16 -3 13 -6 17 -2 18 -8 15 -8 12 -8 17 -8 17 -9 16 -8 11 -6 17 -8 14 -10 16 -3 18 -3 12 -8 8 -10 12 -4 13 -5 14 -7 14 -3 13 -2 -2 -6 10 -2 10 -2 15 -3 9 -1 10 -4 13 -7 11 -8 11 -2 10 -5 7 2 8 -7 13 2 13 -3 14 -1 15 3 11 -4 15 -3 15 1 8 5 9 -3 11 3 16 5 13 -1 15 -3 17 -1 11 2 0 0 0 0 0 0 0 0 0 ]
CSI_DATA,AP,68:FE:71:12:53:8C,-45,11,1,4,1,1,1,1,0,0,0,-93,4,6,1,69029944,0,84,0,0,69.03,384,[84 -64 4 0 0 0 0 0 0 0 0 0 7 12 11 16 11 11 10 15 6 17 5 18 4 19 4 12 10 17 6 15 4 21 3 17 6 15 8 17 5 13 3 17 9 14 5 16 3 14 4 15 4 10 8 13 2 14 5 13 4 13 6 10 -3 2 4 9 5 18 2 15 4 16 10 16 9 9 8 14 5 13 7 15 12 11 11 8 8 12 4 12 9 8 11 10 12 13 6 13 12 8 8 9 9 5 14 11 8 13 8 8 12 11 6 13 14 7 -1 -1 0 0 0 0 0 0 0 0 ]
CSI_DATA,AP,68:FE:71:12:53:8C,-44,11,1,4,1,1,1,0,0,0,0,-94,0,6,1,69133988,0,84,0,0,69.134,384,[84 -64 4 0 0 0 0 0 0 0 0 0 6 -14 6 -12 11 -12 9 -9 14 -10 10 -4 12 -10 14 -8 13 -8 12 -8 16 -6 15 -9 10 -9 14 -3 9 -6 14 -2 11 -1 8 -7 8 -3 7 -6 10 -1 10 -1 8 0 9 -8 9 -7 12 -8 -2 -4 12 -6 8 -2 12 -5 8 -7 6 -8 8 -6 13 -7 12 -7 6 -4 5 -9 6 -8 6 -4 12 -6 7 -7 8 -10 6 -10 7 -11 5 -10 8 -11 12 -8 6 -8 11 -11 5 -10 11 -10 5 -5 8 -12 -2 -2 0 0 0 0 0 0 0 0 ]
CSI_DATA,AP,68:FE:71:12:53:8C,-47,11,1,3,1,1,1,0,0,0,0,-94,0,6,1,69263347,0,84,0,0,69.263,384,[84 -64 4 0 0 0 0 0 0 0 0 0 -14 -11 -15 -6 -14 -11 -9 -8 -11 -7 -9 -15 -7 -13 -14 -15 -7 -14 -9 -13 -7 -11 -10 -14 -6 -9 -12 -9 -7 -16 -10 -9 -8 -11 -14 -11 -6 -8 -12 -15 -10 -13 -12 -13 -11 -12 -12 -10 -11 -11 -6 -10 1 1 -6 -8 -12 -8 -8 -8 -9 -12 -8 -10 -14 -13 -13 -7 -11 -7 -12 -12 -9 -5 -13 -10 -9 -11 -15 -9 -14 -12 -16 -8 -16 -7 -11 -7 -15 -3 -10 -11 -8 -9 -15 -12 -17 -5 -16 -11 -18 -10 -13 -9 -9 -4 -1 -3 0 0 0 0 0 0 0 0 ]
CSI_DATA,AP,68:FE:71:12:53:8C,-43,11,1,5,1,1,1,0,0,0,0,-95,0,6,1,69355118,0,84,0,0,69.355,384,[84 -64 4 0 0 0 0 0 0 0 0 0 8 -22 6 -16 11 -21 11 -18 6 -19 13 -18 9 -21 13 -19 13 -21 16 -13 9 -14 13 -14 15 -15 12 -19 15 -16 12 -18 16 -14 7 -16 14 -19 11 -18 11 -15 9 -11 7 -10 11 -12 10 -15 11 -11 -4 4 10 -17 11 -19 12 -11 12 -13 7 -18 10 -16 12 -10 8 -12 4 -13 7 -13 9 -12 10 -18 8 -19 5 -15 1 -11 7 -19 9 -13 6 -12 4 -14 1 -19 1 -13 7 -19 3 -20 2 -21 5 -20 3 -20 -2 -4 0 0 0 0 0 0 0 0 ]
CSI_DATA,AP,68:FE:71:12:53:8C,-45,11,1,4,1,1,1,0,0,0,0,-95,0,6,1,69469017,0,84,0,0,69.469,384,[84 -64 4 0 0 0 0 0 0 0 0 0 -8 -2 -5 -6 -13 -6 -12 0 -11 -7 -4 -5 -9 -4 -7 -4 -12 -6 -6 -4 -9 -6 -8 -2 -8 -8 -11 -1 -9 -6 -8 -8 -5 -4 -8 -4 -10 -6 -6 -2 -6 -7 -2 -6 -4 -3 -7 -5 -2 -1 -10 -4 -4 1 -5 1 -9 -2 -9 -4 -10 -5 -2 -2 -7 1 -8 -4 -1 -5 -5 2 -2 4 -6 3 -4 -2 -8 5 -10 -2 -2 3 -3 5 -3 1 -3 -2 -3 1 -5 5 -9 -3 -10 0 -3 0 -4 5 -3 3 -8 -2 -3 1 0 0 0 0 0 0 0 0 ]
CSI_DATA,AP,68:FE:71:12:53:8C,-44,11,1,5,1,1,1,0,0,0,0,-96,0,6,1,69601048,0,84,0,0,69.601,384,[84 -64 4 0 0 0 0 0 0 0 0 0 18 -7 21 -4 21 -8 18 -6 23 -6 19 -3 21 -5 20 -7 18 -7 18 -4 15 -8 20 -7 18 -1 18 2 11 -6 18 -4 16 2 11 -3 12 -4 14 1 15 2 9 1 14 -7 15 -7 9 -2 14 -6 0 -2 11 -4 7 -4 8 -7 8 -6 11 -8 9 -6 5 -2 11 -6 9 -7 5 -3 6 -10 5 -10 8 -10 8 -5 8 -5 3 -13 7 -6 6 -10 6 -7 6 -14 1 -14 3 -7 2 -12 2 -13 4 -9 1 -11 3 0 0 0 0 0 0 0 0 0 ]
CSI_DATA,AP,68:FE:71:12:53:8C,-45,11,1,3,1,1,1,0,0,0,0,-93,0,6,1,69728694,0,84,0,0,69.729,384,[84 -64 4 0 0 0 0 0 0 0 0 0 23 27 20 29 21 32 25 33 18 27 16 29 12 25 10 29 11 25 15 24 10 31 14 22 12 23 16 20 14 22 7 22 11 24 10 23 13 17 6 17 13 15 6 17 13 18 11 18 15 20 10 15 -1 -2 9 9 13 11 13 13 12 11 10 7 15 10 14 10 7 5 8 7 12 10 17 9 10 1 13 0 12 5 9 5 11 7 12 -1 16 5 15 1 15 -3 11 -2 17 5 16 -4 9 0 11 -4 14 -1 4 -1 0 0 0 0 0 0 0 0 ]
CSI_DATA,AP,68:FE:71:12:53:8C,-45,11,1,5,1,1,1,0,0,0,0,-95,0,6,1,69865821,0,84,0,0,69.866,384,[84 -64 4 0 0 0 0 0 0 0 0 0 3 15 8 20 10 18 3 16 8 19 6 17 7 23 3 16 7 15 1 21 3 19 7 21 6 14 5 19 2 18 2 22 0 20 1 18 0 16 2 18 2 14 4 19 -1 13 3 18 3 12 -1 11 3 -4 6 17 7 20 6 13 8 16 3 16 0 16 2 12 6 12 0 13 2 11 3 11 9 15 5 16 9 11 9 13 8 15 3 9 9 15 11 16 8 15 4 16 10 10 7 14 5 15 6 12 7 14 -2 3 0 0 0 0 0 0 0 0 ]
CSI_DATA,AP,68:FE:71:12:53:8C,-49,11,1,3,1,1,1,0,0,0,0,-95,0,6,1,69987613,0,84,0,0,69.988,384,[84 -64 4 0 0 0 0 0 0 0 0 0 -24 0 -24 4 -19 3 -26 -2 -19 0 -22 2 -21 0 -25 2 -25 -1 -24 -6 -24 -5 -26 -2 -20 -1 -20 2 -17 -5 -19 -1 -20 -5 -18 -2 -20 -7 -20 -9 -17 -1 -22 -7 -23 -3 -23 -4 -20 -2 -24 -8 2 1 -19 -4 -18 -2 -23 0 -18 -1 -20 1 -24 -1 -25 0 -19 -5 -18 -6 -23 -6 -20 -2 -24 0 -26 3 -22 0 -18 2 -19 1 -21 4 -23 0 -27 -5 -23 3 -19 -3 -26 -4 -27 -1 -22 -4 -26 -3 -21 -2 2 -4 0 0 0 0 0 0 0 0 ]
CSI_DATA,AP,68:FE:71:12:53:8C,-46,11,1,3,1,1,1,0,0,0,0,-94,0,6,1,70115702,0,84,0,0,70.116,384,[84 -64 4 0 0 0 0 0 0 0 0 0 3 -19 9 -18 5 -27 4 -26 10 -24 7 -23 6 -22 12 -23 7 -26 10 -22 12 -24 9 -17 14 -23 7 -25 9 -20 16 -26 10 -22 9 -19 13 -16 10 -18 12 -22 15 -24 15 -15 10 -18 17 -25 12 -19 -4 -1 10 -23 14 -25 14 -21 10 -20 14 -21 11 -26 6 -20 5 -23 12 -20 11 -20 12 -23 12 -22 12 -19 5 -21 5 -22 6 -25 6 -28 11 -27 5 -22 11 -27 5 -25 6 -27 9 -26 11 -20 4 -25 10 -20 0 1 0 0 0 0 0 0 0 0 ]
CSI_DATA,AP,68:FE:71:12:53:8C,-46,11,1,4,1,1,1,0,0,0,0,-96,0,6,1,70230895,0,84,0,0,70.231,384,[84 -64 4 0 0 0 0 0 0 0 0 0 -20 -25 -22 -17 -21 -25 -16 -20 -19 -23 -13 -21 -13 -23 -12 -21 -17 -22 -16 -20 -17 -24 -11 -25 -12 -25 -14 -22 -10 -19 -17 -25 -12 -19 -9 -22 -13 -17 -10 -18 -6 -17 -14 -19 -11 -17 -6 -21 -11 -19 -7 -20 0 2 -10 -18 -7 -21 -11 -17 -8 -14 -12 -15 -6 -17 -10 -16 -15 -13 -6 -8 -8 -9 -7 -12 -6 -15 -15 -11 -15 -9 -10 -11 -14 -11 -19 -5 -15 -9 -20 -5 -18 -5 -21 -5 -19 -4 -20 -8 -25 -8 -21 -8 -21 -5 -4 -4 0 0 0 0 0 0 0 0 ]
CSI_DATA,AP,68:FE:71:12:53:8C,-46,11,1,3,1,1,1,0,0,0,0,-95,0,6,1,70357445,0,84,0,0,70.357,384,[84 -64 4 0 0 0 0 0 0 0 0 0 4 -5 9 -3 5 1 5 -8 5 -3 10 1 9 -7 10 -6 10 -4 8 -3 12 -2 7 -6 12 -2 9 -3 13 -2 8 0 7 2 12 -2 5 1 10 -4 8 0 11 -3 7 3 9 -4 11 -1 13 0 -2 -1 6 -4 6 -3 7 1 12 2 6 0 12 1 9 -4 9 -6 10 -3 12 -3 5 0 4 -1 9 -1 7 -1 6 -6 11 -6 6 0 12 -7 7 -1 10 -2 4 -4 11 -5 10 -2 9 -8 7 -2 4 -3 3 -1 0 0 0 0 0 0 0 0 ]
CSI_DATA,AP,68:FE:71:12:53:8C,-49,11,1,3,1,1,1,1,0,0,0,-93,4,6,1,70449174,0,84,0,0,70.449,384,[84 -64 4 0 0 0 0 0 0 0 0 0 -1 14 0 10 2 17 -5 18 -4 12 -6 9 -8 9 -6 14 -7 11 -7 9 -9 17 -3 11 -9 14 -3 10 -7 14 -10 12 -7 14 -3 14 -1 7 -7 7 -7 12 -5 13 -6 6 -6 10 -1 10 -1 12 3 1 0 13 -4 10 -8 9 -3 13 -7 11 -6 7 -7 10 -4 11 -6 14 -3 12 -4 9 -5 14 3 11 -4 14 -4 6 3 13 -1 12 -2 12 -4 13 4 12 1 6 -4 6 -1 13 0 8 -4 12 1 12 1 2 0 0 0 0 0 0 0 0 ]
CSI_DATA,AP,68:FE:71:12:53:8C,-40,11,1,6,1,1,1,0,0,0,0,-94,0,6,1,70552897,0,84,0,0,70.553,384,[82 -96 4 0 0 0 0 0 0 0 0 0 -10 -13 -10 -14 -13 -10 -10 -16 -11 -17 -8 -16 -9 -12 -15 -13 -11 -10 -6 -13 -8 -14 -8 -18 -11 -14 -8 -17 -9 -18 -8 -12 -10 -12 -9 -13 -5 -17 -8 -18 -9 -18 -12 -13 -8 -12 -6 -10 -12 -17 -13 -11 -1 -4 -11 -13 -6 -9 -7 -15 -9 -14 -10 -15 -7 -14 -8 -12 -13 -10 -5 -15 -7 -12 -11 -9 -9 -9 -10 -8 -7 -5 -8 -11 -13 -7 -12 -6 -14 -12 -15 -11 -8 -8 -11 -7 -14 -13 -12 -8 -9 -9 -8 -12 -15 -11 4 -2 0 0 0 0 0 0 0 0 ]
CSI_DATA,AP,68:FE:71:12:53:8C,-43,11,1,5,1,1,1,1,0,0,0,-96,1,6,1,70660226,0,84,0,0,70.66,384,[84 -64 4 0 0 0 0 0 0 0 0 0 -13 9 -18 5 -18 12 -16 12 -15 3 -14 6 -16 9 -18 2 -14 3 -21 9 -16 1 -22 2 -23 6 -15 5 -21 3 -16 8 -16 5 -16 6 -15 2 -18 1 -18 7 -13 7 -14 2 -16 8 -16 4 -14 0 -2 -3 -14 3 -14 9 -18 2 -18 4 -15 2 -18 3 -16 2 -10 5 -11 10 -12 7 -12 5 -12 4 -10 7 -16 5 -15 7 -17 12 -14 7 -15 7 -9 8 -13 4 -12 12 -16 7 -9 11 -15 10 -10 6 -17 7 2 0 0 0 0 0 0 0 0 0 ]
CSI_DATA,AP,68:FE:71:12:53:8C,-48,11,1,5,1,1,1,0,0,0,0,-95,0,6,1,70789902,0,84,0,0,70.79,384,[84 -64 4 0 0 0 0 0 0 0 0 0 -15 -7 -21 -6 -18 -12 -20 -6 -13 -7 -17 -12 -12 -13 -12 -11 -16 -13 -11 -14 -15 -14 -13 -10 -12 -11 -14 -8 -14 -10 -9 -13 -16 -14 -15 -12 -11 -9 -15 -14 -14 -9 -12 -8 -14 -11 -10 -14 -11 -12 -13 -7 -3 -1 -14 -7 -12 -8 -13 -10 -16 -5 -14 -9 -15 -7 -16 -8 -15 -11 -11 -5 -13 -7 -12 -6 -17 -9 -9 -8 -9 -3 -16 -9 -17 -5 -18 -6 -12 -3 -17 -4 -12 -3 -10 -3 -13 -2 -17 -7 -13 -1 -18 -8 -16 -9 1 1 0 0 0 0 0 0 0 0 ]
CSI_DATA,AP,68:FE:71:12:53:8C,-44,11,1,3,1,1,1,0,0,0,0,-95,0,6,1,70921935,0,84,0,0,70.922,384,[84 -64 4 0 0 0 0 0 0 0 0 0 -10 -38 -16 -37 -16 -37 -15 -40 -9 -40 -10 -34 -7 -34 -10 -37 -1 -35 -5 -33 -4 -38 -6 -40 -6 -40 -7 -41 1 -38 -3 -40 2 -36 4 -37 -1 -37 3 -29 0 -31 -2 -32 0 -34 -4 -31 1 -38 -1 -32 -4 -2 1 -30 1 -33 -3 -36 0 -27 -2 -31 1 -28 -3 -30 -3 -26 -6 -26 -7 -27 -8 -26 -5 -33 -10 -32 -6 -28 -10 -30 -9 -33 -4 -30 -8 -32 -10 -26 -10 -27 -9 -30 -11 -31 -15 -28 -11 -30 -7 -26 -9 -33 -3 2 0 0 0 0 0 0 0 0 ]
CSI_DATA,AP,68:FE:71:12:53:8C,-46,11,1,5,1,1,1,0,0,0,0,-94,0,6,1,71038222,0,84,0,0,71.038,384,[84 -64 4 0 0 0 0 0 0 0 0 0 -34 0 -34 -3 -36 -1 -32 -2 -31 -1 -33 -2 -32 0 -26 -8 -31 -8 -33 -4 -35 -6 -33 -1 -27 -5 -29 -8 -30 -3 -26 -9 -25 -2 -28 -5 -30 -3 -30 -10 -22 -10 -24 -6 -21 -6 -28 -3 -27 0 -25 -1 0 2 -28 -3 -23 -6 -27 -3 -23 -4 -22 -1 -25 0 -21 -3 -25 1 -28 -3 -26 -3 -27 1 -27 -2 -21 5 -22 4 -22 -2 -21 5 -27 -1 -20 1 -27 2 -23 -2 -26 5 -21 0 -29 -1 -21 6 -24 8 -25 8 -1 0 0 0 0 0 0 0 0 0 ]
CSI_DATA,AP,68:FE:71:12:53:8C,-42,11,1,4,1,1,1,1,0,0,0,-93,1,6,1,71156767,0,84,0,0,71.157,384,[84 -64 4 0 0 0 0 0 0 0 0 0 42 5 36 7 35 4 34 9 41 7 35 9 36 5 36 13 39 12 39 15 34 9 31 12 36 13 33 15 36 10 33 18 35 15 31 16 31 11 33 17 33 17 28 18 26 16 34 17 34 18 27 9 -3 1 28 14 30 13 33 11 27 11 28 12 27 14 31 10 31 6 26 8 27 4 32 4 32 7 28 8 34 8 29 10 33 9 34 2 28 3 27 3 34 0 31 3 28 0 33 2 33 1 31 2 27 5 -1 -2 0 0 0 0 0 0 0 0 ]
CSI_DATA,AP,68:FE:71:12:53:8C,-45,11,1,3,1,1,1,0,0,0,0,-94,0,6,1,71260112,0,84,0,0,71.26,384,[84 -64 4 0 0 0 0 0 0 0 0 0 -9 27 -8 28 -9 33 -7 28 -7 29 -9 27 -15 31 -14 29 -10 24 -7 23 -11 30 -16 31 -9 23 -14 24 -12 21 -9 31 -12 29 -16 22 -11 23 -10 26 -15 26 -9 25 -15 24 -15 22 -7 25 -11 25 -2 3 -11 21 -6 21 -13 27 -12 26 -4 21 -10 21 -8 26 -8 18 -4 20 -4 18 -4 27 -6 25 -7 26 -5 21 -2 27 -6 22 -5 21 -3 27 0 24 -6 26 -2 26 1 20 -1 26 -3 22 2 26 3 26 2 1 0 0 0 0 0 0 0 0 ]
CSI_DATA,AP,68:FE:71:12:53:8C,-49,11,1,1,1,1,1,0,0,0,0,-94,0,6,1,71360617,0,84,0,0,71.361,384,[84 -64 4 0 0 0 0 0 0 0 0 0 -12 16 -10 17 -14 15 -15 16 -16 19 -19 16 -18 14 -13 9 -13 10 -20 17 -15 15 -13 16 -12 13 -17 8 -16 12 -13 15 -16 12 -15 8 -12 10 -12 14 -15 9 -12 9 -15 13 -16 8 -15 13 -12 13 2 3 -17 12 -13 13 -18 9 -11 8 -13 13 -17 14 -14 15 -7 7 -8 13 -7 11 -10 11 -12 16 -13 10 -10 15 -12 12 -8 18 -8 14 -5 16 -10 16 -5 10 -11 10 -7 17 -4 15 -7 17 -12 16 -4 11 1 -3 0 0 0 0 0 0 0 0 ]
CSI_DATA,AP,68:FE:71:12:53:8C,-38,11,1,7,1,1,1,0,0,0,0,-93,0,6,1,71478288,0,84,0,0,71.478,384,[84 -64 4 0 0 0 0 0 0 0 0 0 0 -25 1 -24 8 -18 7 -22 8 -20 11 -20 11 -20 6 -17 9 -19 11 -18 9 -22 8 -23 9 -16 14 -20 7 -18 9 -18 5 -16 9 -20 12 -18 12 -20 5 -12 12 -17 11 -14 12 -12 4 -13 12 -18 -4 4 8 -16 9 -19 8 -21 5 -18 3 -15 6 -16 2 -18 7 -13 7 -20 9 -13 8 -13 6 -18 3 -20 6 -19 1 -15 3 -21 1 -18 -2 -19 -1 -14 -2 -21 3 -13 3 -20 1 -21 2 -19 5 -20 -2 -15 4 -4 0 0 0 0 0 0 0 0 ]
CSI_DATA,AP,68:FE:71:12:53:8C,-44,11,1,3,1,1,1,0,0,0,0,-93,0,6,1,71567345,0,84,0,0,71.567,384,[84 -64 4 0 0 0 0 0 0 0 0 0 -6 17 -10 12 -7 19 -9 16 -10 12 -10 17 -13 17 -13 13 -7 13 -15 16 -13 10 -14 11 -16 13 -14 10 -14 12 -12 9 -12 16 -9 13 -14 15 -9 16 -10 8 -10 14 -8 12 -10 13 -7 8 -8 8 -4 0 -11 11 -10 11 -12 8 -10 10 -8 14 -7 8 -6 8 -11 12 -3 8 -7 7 -10 9 -4 13 -8 15 -7 13 -7 14 -6 16 -4 12 -6 10 -4 16 -6 16 -1 12 -1 9 -6 13 -6 16 -2 9 -4 12 -3 -1 0 0 0 0 0 0 0 0 ]
CSI_DATA,AP,68:FE:71:12:53:8C,-39,11,1,5,1,1,1,0,0,0,0,-94,0,6,1,71690706,0,84,0,0,71.691,384,[84 -64 4 0 0 0 0 0 0 0 0 0 3 -14 3 -21 9 -16 12 -19 4 -19 9 -17 9 -20 7 -17 13 -19 9 -16 8 -17 7 -14 8 -19 14 -19 7 -14 13 -12 11 -12 11 -9 5 -9 6 -16 12 -16 10 -11 6 -12 9 -16 13 -10 12 -13 -2 -2 6 -11 11 -12 6 -9 6 -12 11 -16 5 -14 9 -17 5 -11 8 -11 6 -14 6 -10 3 -12 8 -9 8 -17 9 -16 1 -11 10 -14 7 -15 8 -17 9 -12 1 -15 9 -17 3 -19 0 -15 1 -17 7 -14 2 -1 0 0 0 0 0 0 0 0 ]
CSI_DATA,AP,68:FE:71:12:53:8C,-49,11,1,3,1,1,1,1,0,0,0,-94,6,6,1,71800894,0,84,0,0,71.801,384,[84 -64 4 0 0 0 0 0 0 0 0 0 -21 7 -20 7 -16 6 -23 9 -20 3 -17 4 -19 0 -16 5 -18 3 -19 0 -23 3 -19 0 -16 7 -20 4 -16 3 -22 -2 -17 3 -20 4 -21 0 -22 6 -18 1 -17 2 -15 0 -20 1 -16 -2 -16 1 -2 2 -19 6 -15 0 -16 6 -13 4 -13 0 -12 2 -17 6 -18 7 -17 7 -18 8 -16 2 -14 4 -13 7 -14 5 -16 8 -17 8 -18 7 -12 7 -13 7 -16 6 -14 8 -14 6 -13 11 -11 6 -16 8 -18 11 1 1 0 0 0 0 0 0 0 0 ]
CSI_DATA,AP,68:FE:71:12:53:8C,-44,11,1,4,1,1,1,0,0,0,0,-94,0,6,1,71944146,0,84,0,0,71.944,384,[84 -64 4 0 0 0 0 0 0 0 0 0 0 -19 -2 -21 -1 -19 -1 -22 2 -15 4 -17 -2 -15 -1 -19 5 -17 3 -20 4 -15 2 -15 9 -20 3 -14 1 -17 3 -19 3 -13 3 -17 2 -17 3 -11 2 -11 9 -15 4 -13 4 -11 2 -19 8 -13 0 -1 8 -13 0 -19 2 -13 6 -10 2 -13 4 -15 2 -17 1 -18 6 -17 2 -14 0 -12 -3 -18 -2 -19 4 -13 4 -15 2 -14 3 -17 -3 -11 -2 -13 -3 -11 -4 -11 -5 -19 -4 -13 -2 -11 -1 -11 -4 -17 -3 4 0 0 0 0 0 0 0 0 ]
CSI_DATA,AP,68:FE:71:12:53:8C,-43,11,1,6,1,1,1,0,0,0,0,-96,0,6,1,72034137,0,84,0,0,72.034,384,[84 -64 4 0 0 0 0 0 0 0 0 0 -16 -10 -16 -6 -20 -12 -15 -9 -14 -9 -18 -12 -13 -12 -12 -16 -11 -11 -16 -10 -17 -12 -17 -14 -11 -16 -15 -9 -18 -11 -18 -11 -16 -11 -15 -9 -10 -11 -9 -10 -13 -10 -8 -16 -13 -15 -11 -11 -10 -15 -14 -16 -2 2 -14 -16 -12 -9 -11 -9 -8 -11 -16 -14 -13 -14 -10 -14 -12 -13 -8 -8 -11 -9 -10 -5 -15 -12 -9 -10 -16 -7 -12 -10 -17 -6 -16 -9 -17 -3 -15 -9 -16 -7 -17 -8 -16 -7 -17 -2 -19 -10 -14 -7 -16 -3 -3 -3 0 0 0 0 0 0 0 0 ]
CSI_DATA,AP,68:FE:71:12:53:8C,-43,11,1,5,1,1,1,0,0,0,0,-96,0,6,1,72154771,0,84,0,0,72.155,384,[84 -64 4 0 0 0 0 0 0 0 0 0 -12 -12 -14 -11 -13 -8 -11 -14 -8 -13 -13 -12 -6 -17 -13 -10 -9 -14 -8 -10 -8 -13 -10 -11 -10 -12 -7 -15 -4 -18 -5 -10 -5 -15 -9 -17 -7 -13 -5 -14 -3 -17 -5 -10 -4 -13 -10 -15 -10 -14 -7 -14 0 2 -5 -8 -7 -11 -5 -9 -7 -13 -11 -11 -8 -12 -11 -13 -9 -12 -11 -14 -13 -12 -9 -14 -7 -6 -12 -11 -14 -6 -14 -7 -14 -11 -8 -5 -14 -5 -7 -11 -8 -12 -7 -9 -14 -5 -12 -5 -10 -7 -11 -8 -7 -10 -2 -3 0 0 0 0 0 0 0 0 ]
CSI_DATA,AP,68:FE:71:12:53:8C,-46,11,1,5,1,1,1,0,0,0,0,-95,0,6,1,72255600,0,84,0,0,72.256,384,[84 -64 4 0 0 0 0 0 0 0 0 0 13 -19 8 -20 9 -15 14 -13 12 -18 13 -11 14 -16 16 -14 14 -16 12 -14 18 -12 14 -14 15 -11 13 -11 16 -11 14 -13 12 -16 15 -8 10 -11 15 -10 9 -9 15 -10 9 -10 9 -9 10 -12 16 -16 3 2 12 -7 11 -9 12 -13 14 -12 14 -14 8 -16 12 -14 5 -12 13 -10 7 -9 10 -11 8 -9 9 -12 8 -14 12 -17 10 -10 11 -18 4 -15 7 -18 4 -10 9 -18 4 -14 2 -11 7 -12 10 -15 10 -10 -3 4 0 0 0 0 0 0 0 0 ]
CSI_DATA,AP,68:FE:71:12:53:8C,-43,11,1,6,1,1,1,1,0,0,0,-95,5,6,1,72359229,0,84,0,0,72.359,384,[84 -64 4 0 0 0 0 0 0 0 0 0 16 20 18 12 18 20 13 17 18 17 8 20 12 15 11 16 11 16 7 20 11 23 7 20 13 18 10 20 11 14 12 21 5 19 11 17 8 19 4 19 11 21 9 14 7 12 3 12 4 14 4 20 0 0 4 14 9 16 6 14 9 16 5 19 10 12 10 14 12 11 11 10 9 12 10 17 10 12 11 16 8 17 13 14 14 9 16 12 10 8 11 12 8 10 16 14 9 15 11 14 16 10 10 13 10 15 1 -1 0 0 0 0 0 0 0 0 ]
CSI_DATA,AP,68:FE:71:12:53:8C,-47,11,1,5,1,1,1,0,0,0,0,-95,0,6,1,72474689,0,84,0,0,72.475,384,[84 -64 4 0 0 0 0 0 0 0 0 0 -8 -16 -9 -18 -10 -23 -1 -24 -1 -22 -8 -19 -1 -19 -7 -18 2 -24 2 -16 -5 -19 -1 -24 2 -23 3 -21 4 -16 -2 -20 -4 -23 1 -13 0 -18 -2 -17 -1 -14 -3 -19 -2 -21 3 -20 -2 -17 -2 -16 3 -2 -4 -16 -4 -20 -4 -21 -5 -17 -2 -19 -5 -20 0 -17 -3 -14 -5 -18 -3 -11 0 -13 -4 -15 -5 -20 -1 -20 -5 -17 -9 -18 -6 -20 -9 -19 -10 -13 -3 -11 -8 -14 -7 -18 -2 -13 -4 -11 -6 -11 -11 -15 0 2 0 0 0 0 0 0 0 0 ]
CSI_DATA,AP,68:FE:71:12:53:8C,-45,11,1,5,1,1,1,1,0,0,0,-94,3,6,1,72586360,0,84,0,0,72.586,384,[84 -64 4 0 0 0 0 0 0 0 0 0 -14 4 -14 9 -20 8 -14 4 -14 5 -14 8 -15 5 -14 1 -14 6 -13 -1 -15 1 -14 1 -20 4 -16 -1 -11 -3 -20 3 -14 5 -11 1 -12 -2 -19 0 -12 2 -12 3 -11 -4 -13 4 -15 -3 -16 -3 -1 -2 -11 2 -15 4 -16 5 -11 7 -14 3 -14 4 -16 7 -12 -1 -9 4 -11 7 -11 5 -16 6 -9 1 -12 5 -13 7 -14 5 -11 2 -12 8 -7 9 -10 4 -15 6 -9 6 -15 8 -11 4 -15 10 -9 9 1 0 0 0 0 0 0 0 0 0 ]
CSI_DATA,AP,68:FE:71:12:53:8C,-49,11,1,2,1,1,1,0,0,0,0,-95,0,6,1,72689219,0,84,0,0,72.689,384,[84 -64 4 0 0 0 0 0 0 0 0 0 18 14 13 11 14 9 16 9 12 10 17 11 11 9 10 15 16 12 14 8 13 14 16 12 16 12 15 14 15 14 9 10 10 10 15 8 14 11 16 9 9 9 11 15 12 13 10 14 15 14 15 15 4 3 14 9 10 10 16 12 12 6 13 9 16 13 15 7 13 13 11 10 17 8 14 4 15 5 13 5 13 11 17 8 17 11 12 11 19 2 19 9 15 9 18 10 12 5 14 6 18 8 18 4 18 5 1 -4 0 0 0 0 0 0 0 0 ]
CSI_DATA,AP,68:FE:71:12:53:8C,-46,11,1,5,1,1,1,0,0,0,0,-94,0,6,1,72795451,0,84,0,0,72.795,384,[84 -64 4 0 0 0 0 0 0 0 0 0 -6 21 -13 14 -12 20 -14 22 -11 16 -11 16 -14 14 -15 13 -9 16 -16 14 -10 13 -10 20 -16 18 -10 13 -15 18 -9 18 -13 10 -15 11 -9 17 -8 15 -10 9 -10 11 -9 10 -10 16 -17 11 -10 14 3 -4 -13 17 -8 18 -9 11 -8 17 -13 14 -9 15 -12 12 -5 11 -9 10 -7 18 -10 19 -11 11 -11 16 -8 12 -8 14 -3 14 -9 19 -10 18 -10 14 -9 14 -4 12 -6 15 -3 13 -6 18 -1 13 -2 15 -1 1 0 0 0 0 0 0 0 0 ]
CSI_DATA,AP,68:FE:71:12:53:8C,-46,11,1,5,1,1,1,0,0,0,0,-94,0,6,1,72924821,0,84,0,0,72.925,384,[84 -64 4 0 0 0 0 0 0 0 0 0 -17 -12 -18 -10 -17 -9 -22 -15 -22 -17 -20 -12 -15 -19 -13 -18 -15 -17 -11 -20 -13 -13 -16 -21 -13 -21 -15 -15 -14 -20 -16 -18 -12 -18 -15 -13 -16 -15 -12 -16 -17 -18 -16 -13 -11 -12 -15 -18 -14 -15 -13 -11 -2 -3 -16 -10 -17 -12 -13 -14 -13 -9 -9 -12 -11 -11 -11 -12 -17 -15 -13 -15 -11 -14 -16 -14 -17 -10 -17 -12 -17 -12 -15 -12 -16 -8 -14 -12 -14 -6 -14 -10 -19 -8 -15 -4 -19 -7 -13 -4 -14 -12 -13 -3 -17 -7 -3 2 0 0 0 0 0 0 0 0 ]
CSI_DATA,AP,68:FE:71:12:53:8C,-45,11,1,5,1,1,1,0,0,0,0,-94,0,6,1,73021031,0,84,0,0,73.021,384,[84 -64 4 0 0 0 0 0 0 0 0 0 16 13 7 22 14 23 13 18 11 19 4 21 9 17 6 15 7 16 5 16 9 22 8 23 9 18 10 19 3 22 8 22 5 20 8 21 8 15 9 21 4 21 4 14 4 19 3 14 7 20 5 14 -2 3 9 21 4 18 9 18 4 18 6 14 8 18 5 15 7 19 9 12 6 16 13 18 6 11 11 19 5 14 7 15 12 11 13 14 7 11 12 14 9 9 7 11 11 13 10 9 10 15 8 16 12 10 -4 -3 0 0 0 0 0 0 0 0 ]
CSI_DATA,AP,68:FE:71:12:53:8C,-45,11,1,5,1,1,1,0,0,0,0,-94,0,6,1,73156442,0,84,0,0,73.156,384,[84 -64 4 0 0 0 0 0 0 0 0 0 21 1 19 6 23 6 18 4 16 6 20 7 18 6 22 4 17 6 21 9 22 7 15 12 19 10 16 13 16 14 18 5 20 11 17 12 18 5 19 12 16 12 17 9 14 12 16 7 18 5 13 7 1 1 12 11 19 8 20 5 14 2 15 8 15 7 16 6 19 9 18 0 16 3 18 5 15 0 17 1 19 6 16 5 21 6 17 1 16 -2 21 -2 16 3 13 2 17 5 15 2 20 -3 18 -2 15 3 -1 2 0 0 0 0 0 0 0 0 ]
CSI_DATA,AP,68:FE:71:12:53:8C,-45,11,1,3,1,1,1,1,0,0,0,-93,5,6,1,73257960,0,84,0,0,73.258,384,[84 -64 4 0 0 0 0 0 0 0 0 0 -18 16 -11 17 -12 16 -16 12 -13 11 -15 16 -18 16 -13 14 -14 13 -21 7 -17 15 -18 8 -16 12 -14 14 -19 8 -21 12 -19 5 -16 8 -14 7 -19 6 -20 10 -13 12 -20 3 -15 7 -14 9 -12 8 -3 -3 -12 12 -19 7 -16 9 -11 11 -18 6 -15 9 -11 13 -15 13 -17 8 -8 8 -15 9 -13 11 -13 16 -10 10 -13 15 -11 15 -8 13 -12 9 -13 17 -8 14 -7 10 -7 10 -9 14 -8 19 -13 10 -14 12 -3 -1 0 0 0 0 0 0 0 0 ]
CSI_DATA,AP,68:FE:71:12:53:8C,-44,11,1,4,1,1,1,0,0,0,0,-96,0,6,1,73395345,0,84,0,0,73.395,384,[84 -64 4 0 0 0 0 0 0 0 0 0 16 7 15 14 18 12 15 16 18 17 15 9 12 13 12 18 18 17 14 10 16 14 15 11 13 15 11 14 17 17 10 14 13 14 16 16 15 16 11 17 11 13 10 18 13 12 11 16 17 11 10 17 -1 -4 11 9 13 14 12 13 11 9 9 10 17 7 13 13 15 14 13 12 14 12 12 8 14 10 16 9 15 7 12 12 20 6 18 6 12 9 18 10 17 8 14 5 18 6 14 6 15 7 12 4 14 5 -1 0 0 0 0 0 0 0 0 0 ]
CSI_DATA,AP,68:FE:71:12:53:8C,-40,11,1,6,1,1,1,0,0,0,0,-95,0,6,1,73478505,0,84,0,0,73.479,384,[84 -64 4 0 0 0 0 0 0 0 0 0 15 10 22 11 15 11 18 13 21 6 18 11 19 7 18 7 18 16 13 7 20 15 20 16 14 16 12 10 15 17 12 13 10 17 13 8 18 14 12 8 10 10 14 15 8 7 15 11 14 11 16 11 3 -4 11 6 16 9 17 10 16 12 9 12 9 8 16 10 14 7 17 11 12 3 17 9 10 3 14 4 17 8 15 8 17 6 12 10 15 4 12 5 16 3 13 9 14 8 12 6 15 2 15 2 11 -1 4 -3 0 0 0 0 0 0 0 0 ]
CSI_DATA,AP,68:FE:71:12:53:8C,-44,11,1,5,1,1,1,0,0,0,1,-94,0,6,1,73589471,0,84,0,0,73.589,384,[84 -64 4 0 0 0 0 0 0 0 0 0 -24 -11 -18 -3 -21 -7 -21 -7 -16 -9 -17 -6 -22 -6 -16 -6 -14 -7 -17 -9 -14 -15 -18 -11 -21 -10 -14 -10 -13 -14 -14 -15 -11 -15 -12 -14 -15 -13 -15 -15 -16 -13 -11 -12 -16 -10 -17 -13 -13 -13 -12 -6 1 -3 -17 -7 -13 -11 -12 -8 -13 -4 -15 -12 -11 -8 -16 -10 -17 -4 -19 -5 -19 -1 -17 -9 -16 -4 -13 -3 -12 -5 -12 -9 -18 -3 -18 -3 -13 0 -20 -6 -17 -5 -18 0 -21 -3 -17 0 -20 -5 -13 -2 -13 -1 1 3 0 0 0 0 0 0 0 0 ]
CSI_DATA,AP,68:FE:71:12:53:8C,-44,11,1,3,1,1,1,1,0,0,0,-93,6,6,1,73660232,0,82,0,0,73.66,384,[84 -64 4 0 0 0 0 0 0 0 0 0 -25 1 -25 -1 -21 -6 -25 -4 -22 -5 -19 -7 -18 -8 -18 -3 -22 -8 -21 -7 -21 -4 -20 -10 -20 -7 -22 -8 -15 -6 -24 -5 -17 -10 -21 -3 -17 -6 -16 -5 -21 -4 -14 -6 -12 -11 -13 -6 -20 -7 -20 -10 -3 -2 -15 -5 -21 -2 -19 -4 -15 -1 -17 -3 -16 -2 -13 -6 -18 -5 -21 0 -15 -6 -21 -6 -19 -5 -14 -3 -20 3 -20 -2 -15 1 -17 1 -19 -2 -18 4 -20 4 -21 -4 -19 2 -17 -4 -20 1 -15 3 -15 5 3 4 0 0 0 0 0 0 0 0 ]
CSI_DATA,AP,68:FE:71:12:53:8C,-41,11,1,5,1,1,1,0,0,0,0,-96,0,6,1,73752688,0,82,0,0,73.753,384,[84 -64 4 0 0 0 0 0 0 0 0 0 15 -15 14 -15 18 -9 15 -16 18 -10 20 -10 22 -9 15 -7 17 -5 21 -4 16 -8 21 -5 23 -7 21 -11 18 -3 18 -9 16 -5 15 -9 17 -4 14 -10 13 -9 21 -7 15 -7 20 -4 19 -2 13 -4 2 2 12 -7 20 -12 17 -8 18 -12 11 -7 17 -9 12 -4 15 -4 16 -13 10 -13 18 -11 15 -5 14 -8 17 -6 9 -9 16 -15 16 -8 16 -9 16 -14 11 -11 9 -12 14 -9 15 -11 9 -18 11 -16 8 -13 0 4 0 0 0 0 0 0 0 0 ]
CSI_DATA,AP,68:FE:71:12:53:8C,-48,11,1,5,1,1,1,0,0,0,0,-95,0,6,1,73851787,0,84,0,0,73.852,384,[84 -64 4 0 0 0 0 0 0 0 0 0 -11 15 -10 15 -9 15 -7 19 -12 20 -12 14 -15 16 -14 16 -13 14 -8 15 -15 16 -8 14 -12 12 -9 17 -9 11 -14 16 -15 16 -16 12 -14 13 -15 9 -11 15 -10 14 -12 15 -10 14 -14 9 -10 15 -2 3 -13 16 -11 16 -9 12 -5 12 -5 14 -13 11 -6 15 -13 16 -11 17 -9 12 -4 18 -5 10 -5 19 -7 19 -2 16 -6 19 -4 12 -3 12 -5 15 -6 18 -9 15 -4 12 -7 16 -4 12 -6 12 -3 16 0 -1 0 0 0 0 0 0 0 0 ]
CSI_DATA,AP,68:FE:71:12:53:8C,-43,11,1,5,1,1,1,0,0,0,0,-94,0,6,1,73988483,0,84,0,0,73.988,384,[84 -64 4 0 0 0 0 0 0 0 0 0 -11 16 -15 11 -14 19 -14 11 -16 12 -14 11 -18 14 -14 14 -19 7 -16 15 -20 13 -19 15 -17 7 -15 7 -14 11 -19 8 -19 12 -17 5 -15 11 -15 12 -15 7 -18 8 -18 11 -17 7 -15 8 -14 7 3 3 -19 10 -12 10 -16 8 -13 12 -17 6 -15 11 -16 8 -9 7 -16 14 -15 13 -9 13 -16 15 -10 11 -14 13 -11 11 -14 14 -16 16 -8 8 -11 14 -12 12 -6 9 -13 12 -5 14 -12 14 -8 14 -11 11 1 -1 0 0 0 0 0 0 0 0 ]
CSI_DATA,AP,68:FE:71:12:53:8C,-39,11,1,6,1,1,1,0,0,0,0,-93,0,6,1,74099730,0,84,0,0,74.1,384,[84 -64 4 0 0 0 0 0 0 0 0 0 21 -5 18 0 17 0 20 -1 22 3 17 1 15 0 19 4 22 -1 17 2 22 6 23 5 20 1 17 8 19 9 19 5 16 5 18 3 16 2 18 2 15 1 19 9 12 3 17 4 15 1 13 6 -4 2 20 5 14 0 19 8 18 -1 13 1 16 2 13 7 14 -2 18 5 18 0 17 2 14 -2 20 2 17 2 14 4 14 -5 18 -3 17 1 15 1 17 2 14 -3 13 3 15 0 13 1 20 -2 16 -5 -1 -1 0 0 0 0 0 0 0 0 ]
CSI_DATA,AP,68:FE:71:12:53:8C,-45,11,1,4,1,1,1,0,0,0,0,-95,0,6,1,74238003,0,84,0,0,74.238,384,[84 -64 4 0 0 0 0 0 0 0 0 0 -17 10 -20 7 -18 8 -19 5 -24 5 -16 4 -25 0 -21 2 -20 2 -23 7 -20 7 -21 6 -19 -1 -24 5 -17 3 -22 0 -18 6 -14 -2 -17 -1 -18 -1 -20 1 -21 -2 -20 4 -17 1 -14 1 -16 0 -2 -1 -20 3 -13 6 -19 1 -13 4 -21 0 -21 -2 -19 0 -18 6 -21 3 -13 1 -20 7 -14 4 -17 9 -15 1 -14 3 -16 9 -13 6 -20 9 -12 3 -16 11 -17 6 -17 3 -15 8 -15 9 -16 6 -11 12 2 0 0 0 0 0 0 0 0 0 ]
CSI_DATA,AP,68:FE:71:12:53:8C,-42,11,1,5,1,1,1,0,0,0,0,-94,0,6,1,74349109,0,84,0,0,74.349,384,[84 -64 4 0 0 0 0 0 0 0 0 0 -21 -6 -20 -9 -21 -12 -23 -12 -15 -16 -17 -10 -14 -15 -14 -12 -21 -10 -18 -12 -14 -12 -13 -12 -20 -11 -11 -12 -13 -15 -18 -11 -15 -11 -17 -15 -14 -14 -13 -11 -17 -16 -16 -9 -15 -17 -11 -16 -11 -15 -12 -14 -4 4 -11 -8 -16 -15 -14 -8 -11 -12 -15 -15 -14 -8 -13 -12 -17 -10 -18 -9 -11 -5 -17 -13 -14 -8 -13 -10 -14 -4 -12 -8 -15 -7 -14 -12 -13 -5 -20 -10 -16 -3 -17 -8 -20 -8 -13 -4 -22 -5 -17 -7 -14 -5 4 2 0 0 0 0 0 0 0 0 ]
CSI_DATA,AP,68:FE:71:12:53:8C,-48,11,1,4,1,1,1,0,0,0,0,-94,0,6,1,74471355,0,84,0,0,74.471,384,[84 -64 4 0 0 0 0 0 0 0 0 0 5 22 -1 18 6 22 6 24 5 24 -3 22 -2 19 -2 18 -2 21 3 19 0 23 -1 22 0 22 -6 20 -4 21 1 18 1 18 -6 20 1 15 1 18 -2 21 1 18 -3 14 0 16 -2 20 -5 19 4 -1 0 19 -5 15 -1 14 2 17 0 17 3 12 -3 15 -1 19 -2 15 4 14 1 17 0 18 6 18 4 15 4 14 6 15 1 12 4 17 1 19 1 11 4 14 6 17 7 16 5 14 8 16 7 16 -2 0 0 0 0 0 0 0 0 0 ]
CSI_DATA,AP,68:FE:71:12:53:8C,-46,11,1,3,1,1,1,0,0,0,1,-94,0,6,1,74595308,0,84,0,0,74.595,384,[84 -64 4 0 0 0 0 0 0 0 0 0 -11 -20 -10 -18 -15 -22 -8 -22 -8 -17 -10 -16 -13 -20 -3 -16 -6 -19 -8 -24 -3 -18 -3 -26 -8 -18 -6 -19 -4 -20 -9 -18 -9 -16 -6 -15 -7 -15 -2 -21 -4 -20 -2 -22 -3 -22 -8 -15 -9 -19 -3 -14 4 -4 -6 -19 -9 -21 -8 -18 -8 -19 -11 -19 -8 -15 -10 -14 -7 -20 -8 -13 -10 -14 -5 -18 -9 -19 -5 -19 -8 -13 -8 -14 -8 -15 -14 -16 -9 -18 -12 -15 -12 -9 -9 -12 -11 -11 -8 -13 -16 -10 -13 -15 -11 -16 1 -1 0 0 0 0 0 0 0 0 ]
CSI_DATA,AP,68:FE:71:12:53:8C,-44,11,1,3,1,1,1,0,0,0,0,-95,0,6,1,74727841,0,84,0,0,74.728,384,[84 -64 4 0 0 0 0 0 0 0 0 0 -4 -15 -10 -15 -9 -17 -9 -23 -8 -23 -8 -19 -2 -17 -5 -20 -1 -19 -6 -21 0 -16 -3 -16 2 -20 0 -15 2 -21 -4 -21 2 -16 2 -16 2 -21 -3 -19 -4 -19 0 -17 1 -16 -1 -17 -6 -13 0 -15 -3 3 -6 -14 -1 -12 -7 -17 -2 -19 -4 -14 -5 -16 -2 -19 -7 -15 0 -13 -4 -13 -8 -14 -8 -18 -1 -17 -7 -19 -4 -17 -3 -10 -4 -16 -8 -14 -2 -18 -9 -16 -10 -17 -3 -10 -7 -17 -8 -13 -5 -9 -7 -14 -4 3 0 0 0 0 0 0 0 0 ]
CSI_DATA,AP,68:FE:71:12:53:8C,-39,11,1,4,1,1,1,0,0,0,0,-95,0,6,1,74859208,0,84,0,0,74.859,384,[84 -64 4 0 0 0 0 0 0 0 0 0 16 17 9 10 9 16 11 14 7 16 13 19 6 16 6 17 10 13 11 17 12 15 5 19 5 13 3 13 9 19 11 18 10 13 10 13 8 16 4 14 4 14 5 15 1 11 5 15 3 14 5 14 -3 4 10 16 6 11 11 13 12 10 4 11 4 17 3 17 7 13 7 16 9 13 5 7 6 10 11 7 8 14 6 7 10 8 14 15 12 12 13 12 11 9 9 10 13 7 12 7 8 6 14 6 8 11 -4 -4 0 0 0 0 0 0 0 0 ]
CSI_DATA,AP,68:FE:71:12:53:8C,-44,11,1,5,1,1,1,0,0,0,0,-96,0,6,1,74990239,0,84,0,0,74.99,384,[84 -64 4 0 0 0 0 0 0 0 0 0 -4 -29 1 -21 -3 -27 0 -28 1 -26 0 -20 5 -19 1 -25 4 -21 5 -22 8 -25 5 -21 3 -19 9 -25 6 -17 5 -23 3 -21 9 -16 4 -20 7 -19 7 -14 6 -21 8 -20 10 -19 7 -23 7 -21 -4 2 5 -13 1 -21 3 -21 -1 -13 3 -13 -1 -17 -1 -19 2 -15 -2 -17 2 -16 2 -18 -3 -19 1 -18 3 -20 4 -18 -2 -15 -4 -22 3 -18 -4 -18 -2 -14 -3 -13 -5 -13 0 -17 -6 -20 1 -20 -4 -17 -1 -3 0 0 0 0 0 0 0 0 ]
CSI_DATA,AP,68:FE:71:12:53:8C,-44,11,1,5,1,1,1,0,0,0,0,-95,0,6,1,75092342,0,84,0,0,75.092,384,[84 -64 4 0 0 0 0 0 0 0 0 0 -20 10 -13 11 -21 12 -20 5 -20 6 -20 5 -13 3 -18 8 -17 4 -13 6 -20 1 -14 9 -15 8 -21 5 -19 0 -16 0 -13 0 -14 5 -19 -2 -18 -1 -13 -2 -16 3 -19 3 -12 1 -20 -1 -20 7 0 -3 -19 -1 -11 0 -15 8 -14 1 -18 1 -11 7 -13 3 -15 3 -16 7 -17 9 -12 3 -16 8 -11 7 -16 3 -13 9 -15 5 -9 7 -10 9 -12 8 -9 6 -17 3 -10 7 -16 7 -12 5 -11 9 -14 4 4 -2 0 0 0 0 0 0 0 0 ]
CSI_DATA,AP,68:FE:71:12:53:8C,-49,11,1,1,1,1,1,0,0,0,0,-93,0,6,1,75216529,0,84,0,0,75.217,384,[84 -64 4 0 0 0 0 0 0 0 0 0 35 8 34 10 32 5 34 5 32 9 27 8 29 11 25 9 31 8 30 14 30 9 27 15 29 10 30 13 28 16 33 13 32 11 23 15 25 14 27 15 22 18 25 12 26 9 25 13 30 16 23 12 2 -3 29 11 26 9 27 7 22 8 25 6 23 12 27 12 27 8 24 10 22 4 24 5 30 5 25 2 23 8 25 7 25 -1 26 1 23 -2 22 0 25 1 24 0 31 -1 28 3 32 -6 24 4 26 2 -3 -2 0 0 0 0 0 0 0 0 ]
CSI_DATA,AP,68:FE:71:12:53:8C,-45,11,1,3,1,1,1,0,0,0,0,-93,0,6,1,75292535,0,84,0,0,75.293,384,[84 -64 4 0 0 0 0 0 0 0 0 0 1 -12 -2 -8 2 -5 -4 -11 -2 -12 -3 -12 5 -8 -2 -8 -2 -8 -2 -4 0 -5 3 -9 -1 -5 4 -5 6 -4 2 -7 -1 -5 2 -3 6 -8 3 -6 4 -6 -1 -10 -2 -6 -1 -7 5 -10 1 -3 3 -2 0 -7 4 -6 0 -6 -1 -11 2 -7 -1 -12 3 -11 1 -3 3 -9 3 -7 -4 -4 1 -4 0 -5 0 -4 -4 -8 3 -4 -2 -4 -2 -8 1 -10 0 -7 0 -10 1 -9 2 -8 -2 -12 -5 -12 -4 -8 1 1 0 0 0 0 0 0 0 0 ]
CSI_DATA,AP,68:FE:71:12:53:8C,-43,11,1,4,1,1,1,0,0,0,0,-95,0,6,1,75396365,0,84,0,0,75.396,384,[84 -64 4 0 0 0 0 0 0 0 0 0 3 -18 3 -21 6 -22 9 -20 9 -22 5 -18 10 -22 8 -19 11 -21 8 -18 9 -22 15 -21 14 -21 9 -19 14 -14 8 -20 7 -13 11 -18 11 -18 12 -19 6 -17 9 -20 11 -17 8 -11 13 -14 12 -16 1 -2 7 -17 7 -20 4 -11 5 -13 10 -12 7 -17 6 -17 6 -19 6 -13 4 -18 6 -12 5 -13 6 -18 5 -15 1 -20 4 -18 8 -17 2 -19 5 -18 -2 -19 -1 -13 1 -12 3 -19 -1 -17 2 -19 3 -19 -1 -2 0 0 0 0 0 0 0 0 ]
CSI_DATA,AP,68:FE:71:12:53:8C,-45,11,0,0,0,0,0,0,0,0,0,-95,0,6,1,75524025,0,37,0,0,75.524,128,[84 -64 4 0 0 0 0 0 0 0 0 0 -13 15 -11 14 -13 18 -15 15 -10 14 -13 10 -17 12 -17 11 -10 9 -12 7 -17 10 -9 10 -14 12 -12 11 -14 5 -16 7 -11 8 -8 3 -10 11 -14 6 -8 10 -12 3 -5 10 -11 6 -6 8 -12 7 0 -4 -6 7 -5 4 -3 13 -3 6 -7 8 -7 8 -10 12 -5 11 -4 11 -5 8 -1 9 -7 9 -8 14 -2 6 0 6 -7 7 -7 9 -1 12 -5 7 -7 10 -6 6 -7 12 0 11 -5 11 -6 8 -3 15 -4 1 0 0 0 0 0 0 0 0 ]
CSI_DATA,AP,68:FE:71:12:53:8C,-47,11,1,3,1,1,1,0,0,0,0,-96,0,6,1,75651088,0,84,0,0,75.651,384,[84 -64 4 0 0 0 0 0 0 0 0 0 -20 1 -18 -3 -24 -5 -21 -6 -23 -1 -16 -4 -18 -11 -20 -10 -18 -4 -17 -9 -14 -7 -13 -9 -14 -6 -19 -10 -15 -7 -17 -2 -18 -10 -9 -3 -13 -5 -9 -9 -12 -7 -8 -3 -14 -6 -12 -2 -10 0 -8 -1 4 4 -13 0 -10 -2 -6 2 -12 -4 -10 3 -13 1 -12 0 -11 -2 -6 -4 -8 -1 -7 3 -11 6 -9 -1 -9 0 -6 5 -6 3 -8 5 -11 5 -6 6 -8 5 -13 8 -11 8 -6 4 -14 3 -13 6 -7 10 3 -4 0 0 0 0 0 0 0 0 ]
CSI_DATA,AP,68:FE:71:12:53:8C,-44,11,1,5,1,1,1,0,0,0,0,-95,0,6,1,75761875,0,84,0,0,75.762,384,[84 -64 4 0 0 0 0 0 0 0 0 0 23 -9 20 -15 23 -13 19 -16 24 -8 16 -8 21 -12 22 -4 22 -4 23 -10 23 -9 20 -5 20 -6 14 0 15 -4 14 -7 18 -8 17 -3 12 -2 15 -5 14 -5 11 -1 7 -7 12 -4 8 -8 13 -5 0 2 7 -10 8 -7 8 -10 11 2 13 -2 7 -7 7 -8 11 -8 5 -4 5 -3 8 -11 7 -9 9 -12 9 -8 1 -5 8 -10 6 -7 0 -6 5 -7 6 -10 3 -7 4 -11 2 -9 1 -13 -1 -8 -3 -6 2 4 0 0 0 0 0 0 0 0 ]
CSI_DATA,AP,68:FE:71:12:53:8C,-41,11,1,6,1,1,1,0,0,0,0,-93,0,6,1,75866712,0,84,0,0,75.867,384,[84 -64 4 0 0 0 0 0 0 0 0 0 12 -18 13 -16 12 -14 13 -13 15 -16 16 -17 18 -14 12 -9 14 -14 13 -15 11 -15 13 -10 17 -10 10 -16 9 -8 14 -12 11 -14 14 -11 15 -12 16 -13 16 -5 8 -12 13 -8 12 -11 16 -14 12 -13 -1 -2 6 -10 11 -8 13 -12 13 -15 8 -11 8 -13 8 -7 5 -11 12 -15 4 -11 4 -14 4 -13 8 -13 9 -16 3 -8 7 -10 10 -17 5 -10 11 -15 5 -13 3 -14 9 -9 2 -9 2 -18 4 -10 8 -16 3 -2 0 0 0 0 0 0 0 0 ]
CSI_DATA,AP,68:FE:71:12:53:8C,-43,11,1,4,1,1,1,1,0,0,0,-95,4,6,1,75994680,0,84,0,0,75.995,384,[84 -64 4 0 0 0 0 0 0 0 0 0 10 -14 16 -10 12 -16 17 -12 19 -13 14 -12 16 -8 21 -10 22 -5 15 -12 17 -9 17 -7 23 -6 23 -10 15 -5 16 -7 18 -9 16 -9 22 -8 17 -7 16 -6 16 -9 14 -3 19 -8 21 -4 19 -6 -1 4 22 -9 15 -6 21 -7 18 -7 22 -4 14 -6 16 -7 16 -9 19 -10 17 -13 20 -12 16 -7 14 -11 20 -11 21 -15 14 -8 15 -13 20 -14 15 -14 15 -12 16 -12 17 -9 15 -14 19 -9 14 -9 18 -9 -3 -2 0 0 0 0 0 0 0 0 ]
CSI_DATA,AP,68:FE:71:12:53:8C,-49,11,1,1,1,1,1,0,0,0,0,-95,0,6,1,76116005,0,84,0,0,76.116,384,[84 -64 4 0 0 0 0 0 0 0 0 0 17 -15 17 -13 15 -15 16 -10 18 -6 14 -8 20 -9 15 -5 18 -10 19 -11 15 -4 23 -4 16 -8 23 -10 18 -5 23 -9 14 -7 17 -1 19 -5 15 -4 16 -3 18 -6 14 -4 21 -5 21 -6 16 -4 3 0 17 0 18 -3 20 -6 19 -6 12 -5 14 -5 16 -4 10 -3 17 -3 13 -4 13 -10 16 -11 16 -4 12 -6 12 -9 9 -4 17 -7 10 -7 8 -9 12 -12 8 -13 8 -8 8 -14 13 -10 10 -12 9 -11 1 -4 0 0 0 0 0 0 0 0 ]
CSI_DATA,AP,68:FE:71:12:53:8C,-43,11,1,6,1,1,1,0,0,0,0,-96,0,6,1,76236485,0,84,0,0,76.236,384,[84 -64 4 0 0 0 0 0 0 0 0 0 -17 2 -15 4 -22 2 -18 2 -22 4 -20 3 -20 -2 -24 -2 -19 4 -23 3 -27 3 -21 -4 -21 4 -20 1 -22 -3 -29 1 -23 -2 -24 -2 -25 -4 -23 -8 -22 -4 -22 -6 -21 -8 -23 -3 -23 -4 -26 -4 -4 4 -18 -5 -25 -5 -24 3 -23 -3 -23 -5 -25 3 -24 -2 -21 -5 -18 -1 -22 5 -18 5 -19 4 -25 6 -24 7 -20 3 -25 0 -21 6 -24 6 -21 5 -17 7 -25 0 -18 5 -20 7 -18 9 -18 4 -23 9 -2 1 0 0 0 0 0 0 0 0 ]
CSI_DATA,AP,68:FE:71:12:53:8C,-44,11,1,5,1,1,1,0,0,0,0,-96,0,6,1,76324165,0,84,0,0,76.324,384,[84 -64 4 0 0 0 0 0 0 0 0 0 6 13 10 13 9 15 9 10 6 15 12 14 6 13 7 11 11 16 3 15 4 13 11 14 5 17 4 14 8 21 9 17 8 14 10 15 7 18 4 20 4 15 1 16 5 14 2 20 5 19 8 14 0 4 3 17 5 19 6 17 4 17 2 15 7 16 8 15 7 14 6 17 5 11 8 13 5 13 9 17 11 16 5 11 9 19 9 12 7 16 5 16 12 16 6 17 12 16 8 18 11 16 6 12 14 17 -2 -1 0 0 0 0 0 0 0 0 ]
CSI_DATA,AP,68:FE:71:12:53:8C,-45,11,1,3,1,1,1,0,0,0,0,-95,0,6,1,76425414,0,84,0,0,76.425,384,[84 -64 4 0 0 0 0 0 0 0 0 0 -1 -24 -2 -25 -2 -19 -7 -20 -2 -22 -4 -22 -1 -21 2 -24 -1 -23 -3 -21 3 -20 0 -24 -1 -25 0 -18 1 -20 5 -22 1 -24 6 -16 -1 -17 2 -16 4 -16 1 -19 5 -21 5 -19 -4 -16 -2 -15 1 0 2 -19 1 -16 1 -18 -2 -17 -3 -12 3 -13 -4 -13 -6 -12 -6 -19 -4 -17 -4 -15 -1 -13 -1 -16 -4 -20 -5 -19 -4 -18 -5 -15 -2 -19 -6 -20 -2 -11 -9 -16 -3 -16 -5 -15 -10 -13 -3 -18 -7 -11 -2 3 0 0 0 0 0 0 0 0 ]
CSI_DATA,AP,68:FE:71:12:53:8C,-48,11,1,3,1,1,1,0,0,0,0,-94,0,6,1,76540042,0,84,0,0,76.54,384,[82 -96 4 0 0 0 0 0 0 0 0 0 -19 -3 -17 -1 -19 -1 -16 -6 -20 -4 -22 -8 -21 -2 -22 -7 -21 -2 -18 -5 -16 -2 -18 -8 -18 -2 -15 -9 -14 -2 -17 -10 -20 -8 -17 -7 -19 -3 -16 -4 -16 -3 -12 -6 -20 -8 -13 -10 -15 -9 -18 -6 3 -4 -15 -8 -17 -1 -12 -4 -18 -2 -19 -1 -19 0 -12 -6 -15 -5 -17 -4 -14 -4 -16 -5 -19 2 -14 2 -16 2 -20 -1 -16 0 -12 -2 -15 3 -16 2 -17 0 -13 -1 -17 2 -20 0 -13 1 -12 4 -14 3 -4 -1 0 0 0 0 0 0 0 0 ]
CSI_DATA,AP,68:FE:71:12:53:8C,-39,11,1,6,1,1,1,0,0,0,0,-94,0,6,1,76666752,0,84,0,0,76.667,384,[84 -64 4 0 0 0 0 0 0 0 0 0 -18 6 -17 4 -14 2 -20 2 -13 1 -16 6 -17 1 -18 2 -13 3 -19 5 -15 2 -21 4 -13 6 -17 5 -14 5 -19 1 -20 0 -13 1 -12 6 -13 5 -11 5 -13 4 -14 5 -14 -2 -12 6 -16 6 2 0 -15 3 -10 -1 -11 0 -12 -1 -15 5 -15 7 -12 2 -9 2 -10 2 -12 2 -17 5 -14 1 -13 9 -12 2 -12 4 -11 9 -13 7 -11 7 -15 1 -16 5 -15 2 -14 3 -14 4 -14 9 -12 8 -12 7 1 -3 0 0 0 0 0 0 0 0 ]
CSI_DATA,AP,68:FE:71:12:53:8C,-44,11,1,5,1,1,1,0,0,0,0,-93,0,6,1,76788652,0,84,0,0,76.789,384,[84 -64 4 0 0 0 0 0 0 0 0 0 -6 -24 -3 -28 -2 -27 -4 -34 -7 -31 -1 -29 -1 -33 -5 -26 -3 -26 -3 -30 -1 -33 1 -26 -3 -28 -3 -31 6 -30 6 -31 2 -24 2 -21 6 -23 4 -22 1 -20 1 -26 -2 -20 -3 -28 0 -23 4 -24 4 -3 -4 -20 3 -26 0 -23 -2 -25 -1 -26 0 -27 -3 -24 -3 -19 -5 -18 -5 -26 -6 -24 -2 -24 -6 -23 -7 -26 0 -26 -7 -24 -2 -23 -5 -26 -9 -22 -4 -24 -4 -24 -2 -24 -8 -21 -5 -22 -8 -22 -11 -21 -4 3 0 0 0 0 0 0 0 0 ]
CSI_DATA,AP,68:FE:71:12:53:8C,-43,11,1,6,1,1,1,0,0,0,0,-95,0,6,1,76884844,0,84,0,0,76.885,384,[84 -64 4 0 0 0 0 0 0 0 0 0 -5 -19 -10 -15 -8 -20 -3 -18 -2 -16 -5 -18 1 -22 -6 -22 2 -21 -1 -14 -2 -15 2 -19 -1 -17 -4 -15 0 -15 -1 -18 -4 -19 -1 -18 4 -14 -3 -16 0 -15 2 -18 -1 -19 0 -19 1 -16 -1 -16 3 1 1 -15 -5 -14 2 -12 -1 -17 -2 -16 1 -17 -2 -16 2 -14 1 -14 0 -19 -2 -19 -4 -18 -1 -17 -5 -17 -7 -11 -6 -14 0 -14 -6 -14 -2 -18 -2 -15 -2 -10 -2 -14 -5 -19 -4 -18 -3 -16 -9 -11 -3 3 0 0 0 0 0 0 0 0 ]
CSI_DATA,AP,68:FE:71:12:53:8C,-40,11,1,6,1,1,1,0,0,0,1,-95,0,6,1,76984423,0,84,0,0,76.984,384,[84 -64 4 0 0 0 0 0 0 0 0 0 -11 20 -5 14 -10 14 -8 18 -10 20 -14 19 -7 15 -13 20 -12 12 -10 11 -15 19 -13 13 -13 14 -11 15 -11 12 -9 10 -10 17 -15 14 -12 14 -14 9 -12 14 -8 12 -7 14 -14 14 -15 12 -8 9 -2 2 -7 12 -12 17 -6 14 -13 11 -11 10 -11 14 -11 13 -8 15 -11 15 -5 18 -12 17 -5 16 -10 11 -2 16 -10 11 -10 18 -9 12 -4 15 -9 17 -9 10 -8 10 -8 17 -3 11 0 18 -4 17 -6 19 -2 -4 0 0 0 0 0 0 0 0 ]
CSI_DATA,AP,68:FE:71:12:53:8C,-46,11,1,5,1,1,1,0,0,0,0,-95,0,6,1,77134932,0,84,0,0,77.135,384,[84 -64 4 0 0 0 0 0 0 0 0 0 -15 0 -22 -5 -18 -5 -17 -3 -18 -3 -20 -2 -14 -1 -18 -4 -17 -8 -16 -4 -17 -7 -13 -3 -17 -5 -15 -10 -16 -3 -15 -8 -18 -3 -14 -9 -19 -4 -11 -3 -19 -3 -11 -3 -12 -2 -15 -9 -16 -4 -10 -7 -4 4 -13 -7 -19 -9 -19 -2 -14 -4 -14 -1 -12 -1 -15 -3 -15 0 -15 -4 -13 -2 -14 1 -14 2 -17 -1 -16 2 -17 2 -17 0 -11 -2 -12 4 -13 -1 -12 2 -12 4 -13 1 -11 1 -15 -2 -17 -3 -17 -1 3 4 0 0 0 0 0 0 0 0 ]
CSI_DATA,AP,68:FE:71:12:53:8C,-43,11,1,6,1,1,1,0,0,0,0,-96,0,6,1,77254540,0,84,0,0,77.255,384,[84 -64 4 0 0 0 0 0 0 0 0 0 10 -15 17 -15 15 -15 11 -13 11 -16 12 -13 16 -9 15 -15 16 -15 12 -7 16 -10 13 -9 18 -9 18 -9 18 -12 14 -12 12 -5 16 -12 16 -8 14 -6 14 -4 14 -10 10 -9 17 -10 11 -12 17 -6 4 2 15 -12 14 -6 17 -10 16 -6 14 -11 12 -7 15 -9 15 -12 16 -8 9 -8 7 -7 13 -7 12 -8 9 -8 14 -6 15 -11 8 -13 9 -12 10 -12 14 -9 7 -9 6 -11 7 -10 6 -14 6 -12 14 -16 -2 -3 0 0 0 0 0 0 0 0 ]
CSI_DATA,AP,68:FE:71:12:53:8C,-43,11,1,6,1,1,1,0,0,0,0,-95,0,6,1,77394820,0,84,0,0,77.395,384,[84 -64 4 0 0 0 0 0 0 0 0 0 10 17 6 21 9 18 4 21 10 18 2 18 5 22 3 18 1 16 0 22 7 24 4 17 2 17 -1 23 5 15 2 23 2 16 -2 16 2 19 1 18 4 20 0 15 2 13 3 17 1 13 -1 20 3 -3 7 15 5 17 5 19 4 12 2 14 7 18 7 20 2 12 2 19 3 15 4 17 5 11 6 14 2 19 3 17 8 12 6 11 8 11 10 17 11 16 4 16 12 11 12 18 11 13 8 18 6 14 1 4 0 0 0 0 0 0 0 0 ]
CSI_DATA,AP,68:FE:71:12:53:8C,-48,11,1,3,1,1,1,0,0,0,1,-93,0,6,1,77511514,0,84,0,0,77.512,384,[84 -64 4 0 0 0 0 0 0 0 0 0 -10 -11 -8 -11 -8 -20 -10 -13 -7 -17 -10 -17 -6 -13 -11 -14 -12 -19 -7 -15 -8 -13 -12 -14 -7 -21 -11 -12 -7 -17 -4 -18 -4 -20 -10 -15 -10 -12 -3 -13 -11 -18 -11 -12 -8 -18 -6 -16 -12 -19 -11 -18 -4 -1 -10 -12 -11 -15 -8 -18 -6 -15 -5 -13 -5 -12 -8 -12 -4 -9 -12 -17 -5 -9 -12 -8 -12 -10 -14 -12 -11 -11 -9 -12 -15 -10 -15 -8 -11 -8 -15 -7 -14 -8 -7 -13 -13 -10 -9 -13 -15 -10 -11 -10 -15 -5 -1 4 0 0 0 0 0 0 0 0 ]
CSI_DATA,AP,68:FE:71:12:53:8C,-42,11,1,4,1,1,1,0,0,0,0,-95,0,6,1,77617391,0,84,0,0,77.617,384,[84 -64 4 0 0 0 0 0 0 0 0 0 -15 14 -11 13 -16 18 -10 18 -20 12 -19 9 -13 14 -17 11 -20 14 -17 8 -14 14 -18 9 -21 6 -19 9 -17 13 -14 10 -14 11 -15 10 -13 12 -13 6 -15 11 -19 9 -15 13 -15 11 -12 7 -14 5 0 2 -14 11 -15 10 -11 8 -11 9 -11 10 -15 10 -10 7 -11 7 -8 12 -10 13 -13 11 -14 9 -11 8 -11 11 -12 15 -10 12 -13 11 -12 11 -9 13 -8 14 -12 11 -7 13 -12 15 -9 11 -13 16 -8 10 0 3 0 0 0 0 0 0 0 0 ]
CSI_DATA,AP,68:FE:71:12:53:8C,-43,11,1,4,1,1,1,0,0,0,0,-94,0,6,1,77733768,0,84,0,0,77.734,384,[84 -64 4 0 0 0 0 0 0 0 0 0 -14 11 -16 16 -17 8 -16 10 -19 11 -21 5 -22 7 -21 7 -20 11 -21 6 -20 5 -16 5 -22 8 -20 3 -19 10 -22 2 -20 4 -21 5 -15 8 -16 9 -13 5 -13 8 -20 3 -17 2 -12 8 -17 8 1 -1 -19 4 -13 6 -16 5 -18 3 -17 2 -16 3 -12 7 -13 7 -11 8 -15 5 -12 9 -15 9 -17 10 -9 11 -13 8 -12 13 -9 5 -15 12 -15 11 -14 9 -9 5 -10 9 -13 13 -11 9 -15 12 -9 7 -1 0 0 0 0 0 0 0 0 0 ]
CSI_DATA,AP,68:FE:71:12:53:8C,-44,11,1,4,1,1,1,0,0,0,0,-94,0,6,1,77846424,0,82,0,0,77.846,384,[84 -64 4 0 0 0 0 0 0 0 0 0 1 -17 0 -24 -1 -24 -3 -26 3 -24 4 -17 -2 -20 3 -19 4 -20 3 -21 7 -20 4 -17 0 -20 4 -23 2 -20 1 -14 2 -20 8 -15 8 -20 5 -18 0 -13 7 -16 0 -16 0 -14 3 -17 7 -20 0 -2 1 -13 0 -13 4 -15 6 -17 7 -15 4 -19 7 -16 3 -18 -1 -12 1 -14 -1 -16 1 -20 3 -13 -5 -14 3 -15 -2 -14 -5 -18 -5 -12 2 -14 -2 -19 0 -12 1 -12 0 -20 -7 -19 -4 -17 -1 -18 -4 3 0 0 0 0 0 0 0 0 ]
CSI_DATA,AP,68:FE:71:12:53:8C,-44,11,1,3,1,1,1,0,0,0,0,-95,0,6,1,77976283,0,84,0,0,77.976,384,[84 -64 4 0 0 0 0 0 0 0 0 0 -15 8 -17 9 -23 7 -21 10 -16 6 -16 3 -18 5 -17 9 -22 2 -20 2 -22 3 -17 1 -15 4 -17 8 -17 7 -20 3 -19 3 -20 -1 -20 3 -14 4 -19 2 -19 0 -18 5 -13 3 -19 1 -20 4 -2 -3 -17 5 -18 0 -12 4 -19 6 -15 6 -19 0 -14 8 -13 0 -10 3 -16 8 -19 9 -16 7 -12 7 -17 9 -12 2 -12 10 -17 9 -14 12 -15 8 -14 5 -13 5 -16 9 -11 9 -17 11 -12 9 -13 12 -1 -4 0 0 0 0 0 0 0 0 ]
CSI_DATA,AP,68:FE:71:12:53:8C,-44,11,1,4,1,1,1,0,0,0,0,-95,0,6,1,78134651,0,84,0,0,78.135,384,[84 -64 4 0 0 0 0 0 0 0 0 0 9 14 12 15 11 16 5 14 5 18 11 13 8 17 3 20 8 20 1 20 5 12 5 19 7 21 2 14 0 15 1 13 7 13 1 17 1 16 5 11 5 19 2 14 0 19 -1 18 4 16 2 10 -4 4 0 16 6 14 8 10 7 17 3 17 6 12 0 13 4 11 6 13 9 16 7 11 3 12 9 16 7 11 6 15 10 8 7 9 8 9 9 14 11 12 6 11 3 9 4 12 5 14 7 7 12 11 -2 3 0 0 0 0 0 0 0 0 ]
CSI_DATA,AP,68:FE:71:12:53:8C,-46,11,1,4,1,1,1,0,0,0,0,-94,0,6,1,78265463,0,84,0,0,78.265,384,[84 -64 4 0 0 0 0 0 0 0 0 0 12 10 10 13 9 14 13 14 7 17 11 15 7 17 10 18 5 14 9 12 8 19 2 18 6 14 6 13 4 12 6 18 4 18 3 17 8 16 8 10 9 17 0 17 8 17 1 17 8 14 8 14 -1 4 5 11 4 10 6 12 6 16 9 16 5 16 5 9 9 14 10 13 9 7 8 15 2 9 9 14 6 12 10 11 9 15 7 9 5 7 8 13 4 10 6 8 10 7 5 7 8 10 11 6 8 10 3 -1 0 0 0 0 0 0 0 0 ]
CSI_DATA,AP,68:FE:71:12:53:8C,-44,11,1,4,1,1,1,1,0,0,0,-96,1,6,1,78375646,0,84,0,0,78.376,384,[84 -64 4 0 0 0 0 0 0 0 0 0 8 22 5 15 4 21 2 20 1 22 4 23 3 22 -1 18 1 16 -6 20 -3 16 -6 18 -6 21 -1 20 1 18 -2 16 0 21 -3 20 -5 21 -4 18 -3 14 -1 14 -2 14 0 16 -1 14 -7 14 -4 4 0 18 -3 21 -5 20 2 20 0 15 -6 20 -6 19 -5 17 -5 15 4 13 -3 13 3 14 0 17 2 14 1 19 5 15 0 17 5 13 -2 13 2 12 0 12 -1 11 -1 17 8 18 6 18 4 14 4 3 0 0 0 0 0 0 0 0 ]
CSI_DATA,AP,68:FE:71:12:53:8C,-43,11,0,0,0,0,0,0,0,0,0,-94,0,6,1,78452325,0,37,0,0,78.452,128,[84 -64 4 0 0 0 0 0 0 0 0 0 -39 17 -36 16 -41 14 -37 8 -33 10 -36 5 -39 4 -37 6 -35 5 -39 11 -40 5 -37 5 -37 3 -39 1 -40 0 -36 2 -33 3 -33 5 -34 -1 -30 4 -35 4 -37 4 -29 6 -29 2 -34 1 -29 8 -4 -1 -27 6 -34 7 -33 2 -26 10 -29 4 -33 4 -34 8 -28 8 -31 2 -25 11 -26 13 -29 10 -25 12 -28 12 -30 6 -27 14 -30 14 -30 14 -24 14 -24 9 -30 11 -24 9 -25 16 -26 14 -22 14 -23 16 2 1 0 0 0 0 0 0 0 0 ]
CSI_DATA,AP,68:FE:71:12:53:8C,-48,11,1,5,1,1,1,0,0,0,0,-95,0,6,1,78582080,0,82,0,0,78.582,384,[84 -64 4 0 0 0 0 0 0 0 0 0 11 10 14 10 10 15 12 13 10 13 14 12 9 12 15 15 8 16 11 14 13 12 9 19 13 11 9 20 11 20 9 18 13 15 12 15 5 16 5 16 8 15 9 18 10 10 6 14 9 13 8 10 4 1 7 11 9 14 7 10 13 13 8 14 12 15 6 16 5 7 9 14 11 8 7 12 13 9 11 7 8 13 12 10 15 11 9 11 11 8 10 13 9 5 13 12 8 9 16 7 12 7 12 7 13 11 -1 3 0 0 0 0 0 0 0 0 ]
CSI_DATA,AP,68:FE:71:12:53:8C,-48,11,1,5,1,1,1,0,0,0,0,-95,0,6,1,78702464,0,84,0,0,78.702,384,[84 -64 4 0 0 0 0 0 0 0 0 0 7 -19 8 -17 9 -17 16 -20 14 -18 8 -14 13 -15 11 -18 12 -19 13 -12 18 -14 18 -19 14 -11 14 -18 16 -12 17 -12 13 -10 11 -12 11 -9 14 -15 16 -10 15 -8 9 -8 10 -12 11 -15 17 -11 0 2 13 -17 11 -10 8 -16 8 -10 10 -17 8 -16 11 -15 6 -16 14 -12 13 -14 7 -12 12 -16 11 -16 12 -12 13 -11 5 -15 10 -19 10 -14 9 -17 4 -19 7 -18 4 -13 8 -16 4 -13 3 -19 8 -19 0 0 0 0 0 0 0 0 0 0 ]
CSI_DATA,AP,68:FE:71:12:53:8C,-47,11,1,4,1,1,1,0,0,0,0,-93,0,6,1,78815452,0,84,0,0,78.815,384,[84 -64 4 0 0 0 0 0 0 0 0 0 -15 7 -15 11 -20 10 -21 9 -17 9 -16 2 -17 3 -23 5 -25 4 -18 2 -25 0 -22 2 -20 -1 -18 2 -21 1 -17 -1 -21 5 -19 1 -20 1 -15 -3 -19 3 -14 3 -14 -1 -21 5 -21 2 -19 3 4 4 -22 5 -21 4 -15 5 -18 7 -16 7 -15 4 -21 1 -15 4 -13 8 -11 5 -15 9 -19 0 -18 8 -12 8 -20 3 -18 10 -13 7 -16 10 -18 4 -11 4 -17 9 -15 5 -20 4 -11 7 -19 9 -16 12 -1 3 0 0 0 0 0 0 0 0 ]
CSI_DATA,AP,68:FE:71:12:53:8C,-44,11,1,4,1,1,1,1,0,0,0,-94,5,6,1,78949051,0,84,0,0,78.949,384,[84 -64 4 0 0 0 0 0 0 0 0 0 20 -6 24 -7 19 -5 23 -6 24 -8 24 1 18 -5 19 1 21 3 21 -2 19 0 20 2 21 0 21 -1 18 5 22 -1 18 -3 15 1 22 -1 20 5 16 -3 19 -2 17 -2 21 4 19 -1 19 -5 -2 2 18 -4 15 1 15 -3 18 -6 18 -4 20 -4 21 0 20 -7 18 -5 14 0 21 -9 20 -5 15 -5 13 -6 16 -6 16 -8 20 -4 16 -8 16 -4 15 -11 15 -2 15 -4 14 -8 14 -12 14 -12 11 -7 0 2 0 0 0 0 0 0 0 0 ]
CSI_DATA,AP,68:FE:71:12:53:8C,-48,11,1,5,1,1,1,0,0,0,0,-94,0,6,1,79038687,0,84,0,0,79.039,384,[84 -64 4 0 0 0 0 0 0 0 0 0 -22 0 -23 0 -26 -8 -19 -4 -18 -7 -23 -11 -24 -8 -23 -9 -24 -7 -20 -12 -20 -7 -21 -8 -19 -9 -15 -9 -19 -9 -21 -9 -21 -14 -14 -9 -19 -13 -17 -7 -21 -8 -18 -7 -17 -7 -14 -11 -20 -6 -16 -9 1 1 -12 -11 -17 -4 -20 -10 -16 -5 -17 -12 -13 -7 -17 -7 -20 -7 -16 -7 -20 -2 -18 -6 -20 -4 -14 -9 -20 -6 -20 -2 -21 -7 -14 -7 -16 1 -19 -4 -19 -6 -18 1 -18 -3 -15 1 -22 -1 -19 -5 -16 -1 1 -3 0 0 0 0 0 0 0 0 ]
CSI_DATA,AP,68:FE:71:12:53:8C,-45,11,1,3,1,1,1,0,0,0,0,-95,0,6,1,79154907,0,84,0,0,79.155,384,[84 -64 4 0 0 0 0 0 0 0 0 0 -17 18 -14 17 -16 12 -20 14 -20 10 -18 11 -18 10 -19 10 -20 10 -15 6 -14 11 -18 14 -15 6 -21 10 -14 13 -19 5 -20 7 -17 5 -17 11 -19 4 -15 8 -14 6 -19 6 -19 10 -13 10 -15 7 4 -2 -13 11 -13 14 -20 6 -18 12 -16 7 -12 11 -15 6 -15 10 -17 11 -17 14 -15 11 -11 12 -11 16 -9 16 -13 12 -12 11 -9 14 -8 12 -14 12 -10 16 -16 10 -13 12 -8 13 -13 13 -8 15 -7 13 -4 -3 0 0 0 0 0 0 0 0 ]
CSI_DATA,AP,68:FE:71:12:53:8C,-50,11,1,2,1,1,1,0,0,0,0,-93,0,6,1,79278612,0,84,0,0,79.279,384,[84 -64 4 0 0 0 0 0 0 0 0 0 10 19 12 17 7 18 9 23 6 21 7 15 7 17 1 16 8 20 5 16 7 19 3 21 4 23 2 22 0 24 1 22 1 16 1 17 0 16 4 20 0 17 1 20 2 17 5 17 -2 17 -1 14 0 -1 0 19 5 14 6 17 8 15 3 18 8 19 9 15 4 19 9 14 3 13 8 18 8 16 7 18 7 18 11 12 11 15 10 14 7 10 6 17 6 13 10 15 10 17 6 9 12 16 9 12 6 10 -1 -3 0 0 0 0 0 0 0 0 ]
CSI_DATA,AP,68:FE:71:12:53:8C,-47,11,1,3,1,1,1,0,0,0,0,-93,0,6,1,79395480,0,84,0,0,79.395,384,[84 -64 4 0 0 0 0 0 0 0 0 0 -8 -23 0 -20 -2 -23 -2 -23 -2 -26 0 -18 -1 -25 1 -23 2 -23 1 -22 -2 -26 2 -21 -1 -25 7 -22 2 -18 7 -24 4 -23 3 -17 7 -20 1 -23 3 -17 4 -21 3 -15 6 -22 4 -15 4 -23 1 0 -1 -17 -2 -18 -1 -16 4 -15 0 -19 4 -16 4 -19 -2 -17 -1 -15 -4 -15 -1 -16 2 -13 2 -17 -4 -18 2 -20 -6 -18 -5 -15 -6 -17 0 -21 0 -18 0 -14 -5 -16 -2 -15 -4 -21 -7 -21 -7 -22 -2 -1 0 0 0 0 0 0 0 0 ]
CSI_DATA,AP,68:FE:71:12:53:8C,-43,11,1,6,1,1,1,0,0,0,0,-94,0,6,1,79497037,0,84,0,0,79.497,384,[84 -64 4 0 0 0 0 0 0 0 0 0 1 -23 -4 -24 -3 -19 5 -19 1 -25 2 -23 0 -19 5 -19 7 -23 8 -17 7 -23 1 -23 4 -18 7 -20 9 -22 2 -19 4 -17 3 -15 8 -21 4 -16 9 -15 5 -15 1 -17 7 -13 5 -21 1 -14 -1 0 4 -16 0 -19 1 -20 -1 -18 1 -17 0 -13 3 -21 5 -13 4 -13 0 -15 -3 -19 0 -16 -4 -13 2 -20 -1 -16 -1 -15 -2 -14 2 -13 -3 -20 -2 -14 -6 -20 -1 -17 -2 -16 -2 -17 1 -13 0 -12 -2 1 0 0 0 0 0 0 0 0 ]
CSI_DATA,AP,68:FE:71:12:53:8C,-46,11,1,5,1,1,1,0,0,0,0,-93,0,6,1,79590016,0,84,0,0,79.59,384,[84 -64 4 0 0 0 0 0 0 0 0 0 5 17 6 21 7 17 1 17 -1 23 -3 20 -2 22 3 14 1 18 -5 16 0 17 -1 16 -7 18 -7 18 -6 21 -7 22 0 16 -2 13 -3 15 -4 19 -5 19 -3 13 -7 19 -6 21 0 14 2 17 -1 3 -2 14 1 18 -1 13 -1 13 -1 12 0 16 2 13 2 13 3 13 3 18 -1 13 0 16 4 19 1 12 2 12 2 12 0 19 7 12 7 11 1 13 5 13 4 19 8 17 5 12 3 17 2 11 -1 1 0 0 0 0 0 0 0 0 ]
CSI_DATA,AP,68:FE:71:12:53:8C,-44,11,1,5,1,1,1,0,0,0,0,-94,0,6,1,79722778,0,84,0,0,79.723,384,[84 -64 4 0 0 0 0 0 0 0 0 0 19 7 22 1 23 2 18 9 20 3 16 11 22 5 15 4 21 9 13 8 17 9 13 10 18 8 13 6 21 14 20 6 17 13 13 10 15 10 15 8 13 11 13 11 15 8 12 5 19 11 18 7 2 4 17 11 13 4 13 5 19 5 13 3 12 5 18 10 11 2 15 8 11 5 15 0 12 2 12 2 11 3 17 6 20 1 18 -1 20 5 16 2 17 -3 18 0 20 0 12 0 17 -1 11 1 19 -5 -2 4 0 0 0 0 0 0 0 0 ]
CSI_DATA,AP,68:FE:71:12:53:8C,-47,11,1,5,1,1,1,0,0,0,0,-95,0,6,1,79838103,0,84,0,0,79.838,384,[84 -64 4 0 0 0 0 0 0 0 0 0 17 -2 16 -8 24 -4 24 -1 23 -7 21 -3 20 -4 19 -4 19 0 17 0 18 3 23 0 20 0 19 0 15 -2 19 -3 18 1 21 0 14 4 17 5 17 2 17 -1 18 6 21 -2 15 -3 16 3 -2 0 13 -1 22 -2 17 2 15 0 13 -2 14 -2 14 -2 18 -7 17 -5 13 -3 13 -3 16 -7 12 -8 19 -6 16 -5 20 -7 17 -6 17 -6 17 -5 19 -11 14 -4 12 -10 13 -11 16 -10 16 -12 15 -9 -4 -3 0 0 0 0 0 0 0 0 ]
CSI_DATA,AP,68:FE:71:12:53:8C,-42,11,1,4,1,1,1,1,0,0,0,-96,1,6,1,79958440,0,84,0,0,79.958,384,[84 -64 4 0 0 0 0 0 0 0 0 0 -19 9 -23 7 -24 8 -24 2 -18 7 -24 3 -25 0 -22 -1 -24 1 -20 2 -24 -4 -19 -5 -20 1 -25 3 -22 2 -21 -2 -24 0 -23 -4 -19 -1 -23 -3 -19 -7 -18 -1 -17 -6 -17 2 -22 -6 -15 -4 -1 -3 -15 -5 -16 -3 -22 -1 -20 -1 -18 4 -18 3 -13 4 -20 -2 -16 -3 -18 4 -14 5 -17 4 -14 7 -20 6 -15 -1 -17 1 -19 6 -19 7 -13 4 -14 3 -17 2 -21 5 -19 4 -18 10 -12 9 -17 4 -1 3 0 0 0 0 0 0 0 0 ]
CSI_DATA,AP,68:FE:71:12:53:8C,-38,11,1,6,1,1,1,1,0,0,0,-96,2,6,1,80091868,0,84,0,0,80.092,384,[84 -64 4 0 0 0 0 0 0 0 0 0 -8 -20 -4 -23 -8 -23 -8 -23 -3 -18 -8 -21 -2 -22 -1 -17 -7 -19 -6 -19 1 -17 -2 -22 1 -20 -3 -20 -1 -25 1 -17 2 -18 -3 -15 3 -19 3 -15 -5 -15 0 -20 -5 -13 -3 -22 0 -19 -5 -23 -1 4 -5 -19 -6 -21 -6 -22 0 -13 -3 -21 -6 -16 -6 -18 -7 -18 -2 -13 -1 -19 -7 -19 -8 -14 -5 -13 -9 -13 -4 -16 -6 -20 -8 -12 -4 -18 -6 -14 -9 -12 -5 -14 -12 -18 -12 -16 -12 -14 -8 -19 -5 -16 3 -1 0 0 0 0 0 0 0 0 ]
CSI_DATA,AP,68:FE:71:12:53:8C,-42,11,1,6,1,1,1,0,0,0,0,-95,0,6,1,80191279,0,84,0,0,80.191,384,[84 -64 4 0 0 0 0 0 0 0 0 0 -24 6 -21 4 -18 2 -22 4 -23 7 -20 -2 -16 5 -24 3 -21 -3 -18 4 -24 3 -18 1 -18 0 -22 0 -19 -6 -23 3 -18 -5 -19 0 -23 -3 -18 -2 -22 -5 -16 0 -20 1 -18 -1 -19 -6 -15 1 1 -1 -13 2 -14 -3 -18 -2 -21 -1 -13 2 -19 2 -18 2 -12 2 -15 0 -15 7 -21 1 -19 -1 -14 5 -13 4 -14 0 -15 4 -21 5 -19 3 -13 8 -13 7 -18 9 -15 3 -15 6 -13 4 -18 3 -16 9 4 0 0 0 0 0 0 0 0 0 ]
CSI_DATA,AP,68:FE:71:12:53:8C,-44,11,1,4,1,1,1,1,0,0,0,-95,4,6,1,80295833,0,84,0,0,80.296,384,[84 -64 4 0 0 0 0 0 0 0 0 0 4 -18 5 -18 11 -24 8 -19 7 -18 6 -20 7 -14 9 -19 8 -15 11 -18 15 -17 8 -13 6 -14 9 -13 11 -13 8 -14 14 -12 12 -11 7 -15 6 -14 10 -18 12 -19 6 -13 13 -13 12 -15 6 -17 3 -3 8 -17 8 -14 6 -16 8 -15 10 -12 10 -18 12 -11 9 -18 8 -19 3 -16 3 -16 8 -13 5 -13 3 -17 2 -17 3 -20 4 -15 4 -17 8 -14 -1 -13 3 -17 0 -16 7 -19 -2 -21 1 -14 1 -20 0 -2 0 0 0 0 0 0 0 0 ]
CSI_DATA,AP,68:FE:71:12:53:8C,-45,11,1,5,1,1,1,0,0,0,0,-96,0,6,1,80405791,0,84,0,0,80.406,384,[84 -64 4 0 0 0 0 0 0 0 0 0 18 15 15 12 14 16 19 18 10 12 9 11 9 17 13 19 9 15 11 17 12 18 16 19 14 19 14 14 8 13 15 20 14 15 11 19 12 12 7 16 8 15 11 12 11 15 8 15 11 13 13 10 0 3 9 18 14 16 13 17 9 9 13 14 7 13 12 9 12 8 14 8 13 6 11 15 11 6 10 15 10 15 12 13 11 10 11 10 12 5 17 11 13 9 14 14 14 10 11 10 19 4 11 8 19 5 3 -1 0 0 0 0 0 0 0 0 ]
CSI_DATA,AP,68:FE:71:12:53:8C,-44,11,1,5,1,1,1,0,0,0,0,-95,0,6,1,80557481,0,84,0,0,80.557,384,[84 -64 4 0 0 0 0 0 0 0 0 0 -5 -20 -6 -21 -13 -23 -6 -18 -7 -17 -7 -21 -5 -17 -2 -22 -3 -17 -5 -21 -4 -20 -2 -16 -4 -25 -7 -24 -6 -17 -2 -21 -1 -21 -5 -20 1 -14 -4 -18 -4 -20 -5 -23 1 -14 0 -18 1 -15 0 -14 3 -2 -6 -16 -8 -15 -4 -21 -6 -13 -2 -18 -7 -15 -6 -14 -3 -15 -1 -15 -2 -19 -9 -17 -3 -18 -5 -16 -10 -12 -6 -13 -8 -16 -8 -19 -7 -19 -5 -13 -10 -13 -10 -19 -10 -14 -5 -20 -11 -19 -7 -10 -10 -12 3 4 0 0 0 0 0 0 0 0 ]
CSI_DATA,AP,68:FE:71:12:53:8C,-48,11,1,4,1,1,1,0,0,0,0,-95,0,6,1,80672061,0,84,0,0,80.672,384,[84 -64 4 0 0 0 0 0 0 0 0 0 -19 7 -19 10 -16 9 -22 11 -23 5 -15 8 -20 2 -21 4 -16 1 -18 2 -22 4 -21 7 -18 6 -18 1 -21 0 -16 6 -17 0 -21 4 -21 4 -19 2 -19 5 -17 3 -14 3 -15 3 -19 2 -20 5 0 -2 -20 -1 -20 5 -15 8 -14 4 -13 1 -18 6 -14 5 -11 6 -15 1 -17 7 -17 3 -14 2 -13 2 -13 7 -16 4 -14 3 -16 9 -13 4 -14 5 -11 3 -18 4 -15 5 -16 4 -17 12 -10 12 -12 6 -2 -4 0 0 0 0 0 0 0 0 ]
CSI_DATA,AP,68:FE:71:12:53:8C,-47,11,1,5,1,1,1,0,0,0,0,-93,0,6,1,80796718,0,84,0,0,80.797,384,[84 -64 4 0 0 0 0 0 0 0 0 0 11 9 13 13 9 10 9 12 14 13 14 11 7 15 8 14 5 13 7 15 10 15 14 16 12 18 8 12 7 13 9 16 11 18 5 16 9 12 5 18 7 11 8 10 4 13 9 11 11 15 3 9 -3 -4 11 10 7 16 9 17 10 13 3 15 7 10 12 9 4 14 6 9 9 6 9 13 11 9 6 9 8 8 13 14 13 9 12 13 9 10 14 13 13 7 9 9 13 9 7 6 15 5 13 10 15 12 -3 0 0 0 0 0 0 0 0 0 ]
CSI_DATA,AP,68:FE:71:12:53:8C,-42,11,1,5,1,1,1,1,0,0,0,-95,6,6,1,80894798,0,84,0,0,80.895,384,[84 -64 4 0 0 0 0 0 0 0 0 0 19 0 13 0 19 1 16 2 19 8 17 7 16 4 17 3 13 8 12 4 16 7 20 10 12 6 20 4 17 11 17 6 15 13 12 12 15 8 15 8 9 5 14 9 11 7 16 10 9 9 17 8 4 -1 15 3 11 8 10 6 10 3 15 8 10 9 16 7 13 5 10 9 17 3 18 6 11 6 17 -1 12 0 13 2 12 6 14 6 11 -3 18 2 10 -3 14 5 11 4 12 -3 18 -1 17 2 16 -3 -3 -1 0 0 0 0 0 0 0 0 ]
CSI_DATA,AP,68:FE:71:12:53:8C,-41,11,1,5,1,1,1,0,0,0,0,-95,0,6,1,81004075,0,84,0,0,81.004,384,[84 -64 4 0 0 0 0 0 0 0 0 0 1 19 2 19 6 16 6 16 -1 18 5 18 4 18 -1 18 3 18 3 19 3 14 1 13 -5 13 -5 18 -2 18 2 15 1 17 1 14 1 16 -1 12 2 10 -3 15 2 16 -5 19 0 19 2 18 0 -3 2 16 2 13 1 15 4 11 -2 14 2 11 1 16 1 16 -2 11 5 10 7 11 -1 10 5 17 4 18 0 10 5 12 8 13 3 12 8 11 4 11 7 12 8 10 4 12 8 17 3 10 8 15 4 -3 0 0 0 0 0 0 0 0 ]
CSI_DATA,AP,68:FE:71:12:53:8C,-41,11,1,5,1,1,1,0,0,0,0,-95,0,6,1,81075931,0,84,0,0,81.076,384,[84 -64 4 0 0 0 0 0 0 0 0 0 15 10 17 8 18 8 17 8 20 12 16 13 13 16 11 14 17 16 16 13 19 15 12 16 18 15 10 13 10 7 18 11 13 8 13 9 12 12 17 16 11 10 17 14 13 14 16 11 11 10 17 14 -4 -4 15 11 11 8 10 7 15 5 10 9 9 9 17 11 12 11 13 5 8 8 13 8 12 8 10 3 17 3 11 2 18 6 13 2 17 8 16 5 12 4 13 9 13 5 10 8 18 9 15 2 12 9 0 -3 0 0 0 0 0 0 0 0 ]
CSI_DATA,AP,68:FE:71:12:53:8C,-48,11,1,3,1,1,1,1,0,0,0,-93,6,6,1,81181250,0,84,0,0,81.181,384,[84 -64 4 0 0 0 0 0 0 0 0 0 12 12 8 12 6 15 9 21 11 20 3 12 9 19 8 17 7 19 4 17 9 20 6 18 0 20 5 13 7 13 2 17 0 19 5 11 3 14 1 13 2 15 8 13 0 14 1 11 6 12 2 15 -4 1 7 17 7 15 8 17 6 14 3 15 7 10 3 17 1 11 7 16 5 12 5 13 3 9 10 11 5 14 8 12 11 7 7 9 5 11 12 6 8 14 8 12 8 11 13 8 11 13 9 9 10 8 -3 2 0 0 0 0 0 0 0 0 ]
CSI_DATA,AP,68:FE:71:12:53:8C,-40,11,1,5,1,1,1,0,0,0,0,-94,0,6,1,81256650,0,84,0,0,81.257,384,[84 -64 4 0 0 0 0 0 0 0 0 0 13 5 19 3 17 4 15 6 20 4 19 9 15 11 17 13 10 12 13 11 14 10 13 7 17 14 11 8 13 14 12 13 15 14 16 5 12 5 11 13 8 12 15 11 15 12 16 12 12 9 16 9 2 2 8 7 10 11 12 7 10 8 15 5 9 3 10 11 14 4 15 3 12 8 12 6 14 8 10 9 13 3 11 5 10 1 16 9 17 2 16 1 13 4 14 0 14 7 17 -1 14 2 15 4 13 5 2 -4 0 0 0 0 0 0 0 0 ]
CSI_DATA,AP,68:FE:71:12:53:8C,-45,11,1,5,1,1,1,0,0,0,0,-96,0,6,1,81372442,0,84,0,0,81.372,384,[84 -64 4 0 0 0 0 0 0 0 0 0 -10 13 -8 12 -17 15 -17 12 -14 8 -13 5 -11 9 -16 6 -15 9 -10 12 -13 5 -20 11 -20 6 -19 12 -11 4 -17 11 -17 11 -11 8 -15 5 -10 2 -18 7 -13 7 -17 1 -13 8 -12 4 -19 6 -3 4 -14 3 -18 5 -15 3 -10 4 -16 11 -10 6 -8 4 -9 6 -13 11 -15 11 -12 7 -13 10 -8 11 -7 6 -9 6 -11 9 -11 6 -15 13 -9 12 -15 9 -8 13 -15 8 -12 11 -11 12 -14 14 -7 10 3 1 0 0 0 0 0 0 0 0 ]
CSI_DATA,AP,68:FE:71:12:53:8C,-44,11,1,3,1,1,1,0,0,0,1,-96,0,6,1,81492182,0,84,0,0,81.492,384,[84 -64 4 0 0 0 0 0 0 0 0 0 2 18 2 20 3 16 2 20 5 22 3 24 2 20 -5 18 -5 15 0 14 -3 24 -2 23 -2 16 -6 20 -5 14 -1 21 -4 19 2 20 -7 14 -7 19 -2 17 -5 17 -3 12 -3 15 -5 18 -5 16 4 3 -7 20 -5 11 -1 16 -3 19 3 10 -2 11 0 19 -1 13 1 15 -1 17 -3 11 3 18 0 17 -1 14 1 15 -2 16 6 13 -1 19 0 17 2 13 2 12 0 10 5 18 6 13 3 15 7 16 -3 2 0 0 0 0 0 0 0 0 ]
